/* Copyright (c) 2025 Advanced Micro Devices, Inc. All rights reserved. */
#pragma once

#include "shaders/shaders.hpp"

namespace mlss::conv::mxn::winograd::fury::fp16::gfx1201
{
// 4_1_0/GFX12_fp16_fp32acc_f2x3_c16_stride1.elf
// Assembled for Gfx12. The FURY Winograd convolution shader Navi48 16bit internal accum granularity
const StaticShaderType<34616> ConvFury_Navi48_F2x3_C16_Stride1_Elf_NonReloc =
{
    .m_binary = {
    0x7f,0x45,0x4c,0x46,0x02,0x01,0x01,0x41,0x00,0x00,0x00,0x00,0x00,0x00,0x00,0x00,0x03,0x00,0xe0,0x00,
    0x01,0x00,0x00,0x00,0x00,0x00,0x00,0x00,0x00,0x00,0x00,0x00,0x40,0x00,0x00,0x00,0x00,0x00,0x00,0x00,
    0xf8,0x83,0x00,0x00,0x00,0x00,0x00,0x00,0x48,0x00,0x00,0x00,0x40,0x00,0x38,0x00,0x07,0x00,0x40,0x00,
    0x0d,0x00,0x0b,0x00,0x06,0x00,0x00,0x00,0x04,0x00,0x00,0x00,0x40,0x00,0x00,0x00,0x00,0x00,0x00,0x00,
    0x40,0x00,0x00,0x00,0x00,0x00,0x00,0x00,0x40,0x00,0x00,0x00,0x00,0x00,0x00,0x00,0x88,0x01,0x00,0x00,
    0x00,0x00,0x00,0x00,0x88,0x01,0x00,0x00,0x00,0x00,0x00,0x00,0x08,0x00,0x00,0x00,0x00,0x00,0x00,0x00,
    0x01,0x00,0x00,0x00,0x04,0x00,0x00,0x00,0x00,0x00,0x00,0x00,0x00,0x00,0x00,0x00,0x00,0x00,0x00,0x00,
    0x00,0x00,0x00,0x00,0x00,0x00,0x00,0x00,0x00,0x00,0x00,0x00,0x0d,0x02,0x00,0x00,0x00,0x00,0x00,0x00,
    0x0d,0x02,0x00,0x00,0x00,0x00,0x00,0x00,0x00,0x10,0x00,0x00,0x00,0x00,0x00,0x00,0x01,0x00,0x00,0x00,
    0x05,0x00,0x00,0x00,0x00,0x03,0x00,0x00,0x00,0x00,0x00,0x00,0x00,0x13,0x00,0x00,0x00,0x00,0x00,0x00,
    0x00,0x13,0x00,0x00,0x00,0x00,0x00,0x00,0x00,0x7c,0x00,0x00,0x00,0x00,0x00,0x00,0x00,0x7c,0x00,0x00,
    0x00,0x00,0x00,0x00,0x00,0x10,0x00,0x00,0x00,0x00,0x00,0x00,0x01,0x00,0x00,0x00,0x06,0x00,0x00,0x00,
    0x00,0x7f,0x00,0x00,0x00,0x00,0x00,0x00,0x00,0x9f,0x00,0x00,0x00,0x00,0x00,0x00,0x00,0x9f,0x00,0x00,
    0x00,0x00,0x00,0x00,0x80,0x00,0x00,0x00,0x00,0x00,0x00,0x00,0x00,0x01,0x00,0x00,0x00,0x00,0x00,0x00,
    0x00,0x10,0x00,0x00,0x00,0x00,0x00,0x00,0x02,0x00,0x00,0x00,0x06,0x00,0x00,0x00,0x00,0x7f,0x00,0x00,
    0x00,0x00,0x00,0x00,0x00,0x9f,0x00,0x00,0x00,0x00,0x00,0x00,0x00,0x9f,0x00,0x00,0x00,0x00,0x00,0x00,
    0x80,0x00,0x00,0x00,0x00,0x00,0x00,0x00,0x80,0x00,0x00,0x00,0x00,0x00,0x00,0x00,0x08,0x00,0x00,0x00,
    0x00,0x00,0x00,0x00,0x52,0xe5,0x74,0x64,0x04,0x00,0x00,0x00,0x00,0x7f,0x00,0x00,0x00,0x00,0x00,0x00,
    0x00,0x9f,0x00,0x00,0x00,0x00,0x00,0x00,0x00,0x9f,0x00,0x00,0x00,0x00,0x00,0x00,0x80,0x00,0x00,0x00,
    0x00,0x00,0x00,0x00,0x00,0x01,0x00,0x00,0x00,0x00,0x00,0x00,0x01,0x00,0x00,0x00,0x00,0x00,0x00,0x00,
    0x51,0xe5,0x74,0x64,0x06,0x00,0x00,0x00,0x00,0x00,0x00,0x00,0x00,0x00,0x00,0x00,0x00,0x00,0x00,0x00,
    0x00,0x00,0x00,0x00,0x00,0x00,0x00,0x00,0x00,0x00,0x00,0x00,0x00,0x00,0x00,0x00,0x00,0x00,0x00,0x00,
    0x00,0x00,0x00,0x00,0x00,0x00,0x00,0x00,0x00,0x00,0x00,0x00,0x00,0x00,0x00,0x00,0x00,0x00,0x00,0x00,
    0x00,0x00,0x00,0x00,0x00,0x00,0x00,0x00,0x00,0x00,0x00,0x00,0x00,0x00,0x00,0x00,0x00,0x00,0x00,0x00,
    0x01,0x00,0x00,0x00,0x01,0x00,0x00,0x00,0x01,0x00,0x00,0x00,0x1a,0x00,0x00,0x00,0x00,0x00,0x00,0x00,
    0x00,0x00,0x00,0x00,0x00,0x00,0x00,0x00,0x01,0x00,0x00,0x00,0x01,0x00,0x00,0x00,0x00,0x00,0x00,0x00,
    0x00,0x00,0x00,0x00,0x00,0x00,0x00,0x00,0x00,0x00,0x00,0x00,0x00,0x00,0x00,0x00,0x00,0x00,0x00,0x00,
    0x00,0x00,0x00,0x00,0x00,0x00,0x00,0x00,0x00,0x00,0x00,0x00,0x00,0x00,0x00,0x00,0x00,0x00,0x00,0x00,
    0x00,0x00,0x00,0x00,0x00,0x00,0x00,0x00,0x00,0x00,0x00,0x00,0x00,0x00,0x00,0x00,0x00,0x00,0x00,0x00,
    0x00,0x00,0x00,0x00,0x00,0x00,0x00,0x00,0x00,0x00,0x00,0x00,0x00,0x00,0x00,0x00,0x00,0x00,0x00,0x00,
    0x00,0x00,0x00,0x00,0x00,0x00,0x00,0x00,0x00,0x00,0x00,0x00,0x00,0x00,0x00,0x00,0x00,0x00,0x00,0x00,
    0x00,0x00,0x00,0x00,0x00,0x00,0x00,0x00,0x00,0x00,0x00,0x00,0x00,0x00,0x00,0x00,0x00,0x00,0x00,0x00,
    0x00,0x00,0x00,0x00,0x00,0x00,0x00,0x00,0x00,0x00,0x00,0x00,0x00,0x00,0x00,0x00,0x00,0x00,0x00,0x00,
    0x00,0x00,0x00,0x00,0x00,0x00,0x00,0x00,0x00,0x00,0x00,0x00,0x00,0x00,0x00,0x00,0x00,0x00,0x00,0x00,
    0x00,0x00,0x00,0x00,0x00,0x00,0x00,0x00,0x00,0x00,0x00,0x00,0x00,0x00,0x00,0x00,0x00,0x00,0x00,0x00,
    0x00,0x00,0x00,0x00,0x00,0x00,0x00,0x00,0x00,0x00,0x00,0x00,0x00,0x00,0x00,0x00,0x00,0x00,0x00,0x00,
    0x00,0x00,0x00,0x00,0x00,0x00,0x00,0x00,0x00,0x00,0x00,0x00,0x00,0x00,0x00,0x00,0x00,0x00,0x00,0x00,
    0x00,0x00,0x00,0x00,0x00,0x00,0x00,0x00,0x00,0x00,0x00,0x00,0x00,0x00,0x00,0x00,0x00,0x00,0x00,0x00,
    0x00,0x00,0x00,0x00,0x00,0x00,0x00,0x00,0x09,0x20,0x80,0xb0,0x75,0x00,0x81,0xbe,0xc0,0xa7,0x04,0xf4,
    0x80,0x1f,0x00,0xf8,0xc0,0xa7,0x04,0xf4,0x80,0x2f,0x00,0xf8,0xc0,0xa7,0x04,0xf4,0x80,0x3f,0x00,0xf8,
    0xc0,0xa7,0x04,0xf4,0x80,0x4f,0x00,0xf8,0xc0,0xa7,0x04,0xf4,0x80,0x5f,0x00,0xf8,0xc0,0xa7,0x04,0xf4,
    0x80,0x6f,0x00,0xf8,0x00,0x47,0x84,0xbe,0x01,0x82,0x00,0xf4,0x00,0x00,0x00,0xf8,0x01,0x86,0x00,0xf4,
    0x40,0x00,0x00,0xf8,0x01,0x8a,0x00,0xf4,0x80,0x00,0x00,0xf8,0x01,0x6e,0x00,0xf4,0xc0,0x00,0x00,0xf8,
    0x01,0x30,0x00,0xf4,0xe0,0x00,0x00,0xf8,0xff,0x00,0x0c,0x36,0xff,0x00,0x00,0x00,0x81,0x0c,0x0e,0x32,
    0x81,0x00,0x10,0x36,0x04,0x00,0x1b,0xd5,0x06,0x81,0x01,0x00,0x9f,0x0e,0x06,0x36,0x8f,0x0c,0x02,0x36,
    0x04,0x00,0x46,0xd6,0x04,0x05,0x01,0x04,0x84,0x02,0x02,0x30,0x84,0x06,0x06,0x30,0x02,0x00,0x10,0xd6,
    0x06,0x09,0x09,0x02,0x05,0x00,0x10,0xd6,0x06,0x0d,0x09,0x02,0x01,0x00,0x59,0xd6,0xff,0x04,0x06,0x04,
    0x40,0x04,0x00,0x00,0x89,0x08,0x08,0x32,0x02,0x00,0x10,0xd6,0x06,0x0d,0x05,0x02,0x05,0x09,0x08,0x4a,
    0x01,0x00,0x59,0xd6,0xff,0x04,0x06,0x04,0x20,0x02,0x00,0x00,0x03,0x00,0x59,0xd6,0xff,0x08,0x0e,0x04,
    0x40,0x04,0x00,0x00,0x02,0x00,0x10,0xd6,0x06,0x0f,0x05,0x02,0x03,0x00,0x59,0xd6,0xff,0x10,0x0e,0x04,
    0x40,0x11,0x00,0x00,0x01,0x00,0x59,0xd6,0xff,0x04,0x06,0x04,0x00,0x01,0x00,0x00,0x00,0x00,0xc7,0xbf,
    0x0e,0x86,0x0d,0xbf,0x0e,0x00,0xa1,0xbf,0x08,0x24,0x00,0xf4,0x00,0x00,0x00,0xf8,0x0a,0x25,0x00,0xf4,
    0x00,0x00,0x00,0xf8,0x89,0x24,0x00,0xf4,0x00,0x00,0x00,0xf8,0x80,0x3c,0x10,0xbf,0x02,0x00,0xa2,0xbf,
    0x1e,0x2f,0x00,0xf4,0x00,0x00,0x00,0xf8,0x80,0x1e,0x10,0xbf,0x02,0x00,0xa2,0xbf,0x8f,0x27,0x00,0xf4,
    0x00,0x00,0x00,0xf8,0x0e,0x83,0x0d,0xbf,0x02,0x00,0xa1,0xbf,0x0f,0x00,0x92,0xbf,0x00,0x00,0x91,0xbf,
    0x0d,0xc0,0x06,0xbf,0x0b,0x00,0xa1,0xbf,0x01,0x83,0x06,0x8b,0x01,0xff,0x0f,0x93,0x02,0x00,0x02,0x00,
    0x01,0xff,0x07,0x93,0x04,0x00,0x01,0x00,0x01,0xff,0x16,0x93,0x05,0x00,0x01,0x00,0x06,0x00,0x81,0xbe,
    0x01,0x07,0x01,0x87,0x01,0x0f,0x81,0x87,0x01,0x16,0x01,0x87,0x00,0x00,0xc7,0xbf,0x10,0x22,0x90,0xa9,
    0x14,0x26,0x94,0xa9,0x12,0x24,0x92,0xa9,0x80,0x1e,0x10,0xbf,0x80,0x28,0xa8,0x98,0x1e,0x28,0x9e,0xa9,
    0x0c,0x8f,0x0f,0x80,0x0f,0x84,0x0f,0x85,0x0f,0x0c,0x04,0x7e,0x02,0x55,0x04,0x7e,0xff,0x04,0x04,0x10,
    0x00,0x00,0x80,0x47,0x02,0x1b,0x04,0x7e,0x04,0x00,0x0b,0xd6,0x02,0x1b,0x34,0x00,0x90,0x08,0x08,0x32,
    0x04,0x0d,0x04,0x7e,0x02,0x55,0x04,0x7e,0xff,0x04,0x04,0x10,0x00,0x00,0x80,0x47,0x02,0x1b,0x04,0x7e,
    0x05,0x00,0x0b,0xd6,0x02,0x03,0x04,0x00,0x90,0x0a,0x0a,0x32,0x04,0x05,0x0c,0x7e,0x05,0x05,0x2c,0x7e,
    0x16,0x06,0x07,0x96,0x01,0x07,0x87,0x80,0x16,0x0f,0x09,0xbf,0x47,0x1c,0xa2,0xbf,0x06,0x0f,0x0d,0x96,
    0x16,0x90,0x17,0x96,0x0c,0x17,0x8c,0x80,0x0c,0x90,0x8c,0x89,0x17,0x2e,0x22,0x96,0x17,0x2e,0xa3,0x96,
    0x22,0x81,0xa2,0x84,0x22,0x12,0x92,0xa9,0x17,0x80,0x23,0x85,0x23,0x33,0x22,0x96,0x23,0x33,0xa3,0x96,
    0x22,0x81,0xa2,0x84,0x22,0x14,0x94,0xa9,0x17,0x81,0x22,0x84,0x1e,0x80,0x10,0xbf,0x80,0x22,0x22,0x98,
    0x1e,0x22,0x1e,0x80,0x1f,0x80,0x1f,0x82,0x6a,0x00,0x49,0xd4,0x00,0xff,0x01,0x00,0x00,0x01,0x00,0x00,
    0x2c,0x0e,0xa3,0xbf,0xff,0x00,0x28,0x36,0xff,0x00,0x00,0x00,0x81,0x28,0x2a,0x32,0x81,0x00,0x2c,0x36,
    0x83,0x28,0x20,0x36,0x81,0x2a,0x22,0x36,0x85,0x20,0x20,0x30,0x11,0x00,0x59,0xd6,0x90,0x22,0x02,0x02,
    0x13,0x00,0x10,0xd6,0x14,0x05,0x05,0x02,0x12,0x00,0x10,0xd6,0x14,0x05,0x0d,0x02,0x10,0x00,0x59,0xd6,
    0xff,0x26,0x42,0x04,0x10,0x01,0x00,0x00,0x11,0x00,0x59,0xd6,0xa0,0x24,0x46,0x04,0x13,0x00,0x10,0xd6,
    0x14,0x07,0x05,0x02,0x12,0x00,0x10,0xd6,0x14,0x0b,0x05,0x02,0x10,0x00,0x59,0xd6,0xff,0x26,0x42,0x04,
    0x80,0x00,0x00,0x00,0x11,0x00,0x59,0xd6,0xff,0x24,0x46,0x04,0x10,0x01,0x00,0x00,0x13,0x00,0x10,0xd6,
    0x14,0x09,0x09,0x02,0x12,0x00,0x10,0xd6,0x14,0x0d,0x09,0x02,0x10,0x00,0x59,0xd6,0xff,0x26,0x42,0x04,
    0x40,0x04,0x00,0x00,0x11,0x00,0x59,0xd6,0xff,0x24,0x46,0x04,0x40,0x04,0x00,0x00,0x13,0x00,0x10,0xd6,
    0x14,0x0d,0x05,0x02,0x11,0x00,0x59,0xd6,0xff,0x2c,0x46,0x04,0x40,0x11,0x00,0x00,0x10,0x00,0x59,0xd6,
    0xff,0x26,0x42,0x04,0x20,0x02,0x00,0x00,0x12,0x00,0x10,0xd6,0x00,0x0d,0x05,0x02,0xbf,0x00,0x2a,0x36,
    0x6a,0x00,0x4a,0xd4,0x12,0x03,0x01,0x00,0x12,0x00,0x01,0xd5,0x80,0xfe,0xa9,0x01,0x00,0x04,0x00,0x00,
    0x13,0x00,0x01,0xd5,0x80,0xfe,0xa9,0x01,0x00,0x01,0x00,0x00,0x0d,0x00,0x46,0xd6,0x15,0x05,0x01,0x02,
    0x0c,0x00,0x46,0xd6,0x15,0x09,0x01,0x02,0x84,0x00,0x97,0xbe,0x80,0x00,0xa2,0xbe,0x00,0x05,0x96,0x7e,
    0xff,0x00,0xa8,0xbe,0x00,0xc0,0x00,0x3c,0xff,0x00,0xa9,0xbe,0x00,0x38,0x00,0xbc,0x2b,0x81,0x35,0x84,
    0x2f,0x81,0x3b,0x84,0x4b,0x86,0x4b,0x85,0x35,0x82,0x4c,0x84,0x3b,0x82,0x4d,0x84,0x4c,0x4b,0x4c,0x96,
    0x4d,0x4b,0x4d,0x96,0x84,0x4b,0x16,0x96,0x09,0x16,0x96,0x80,0x80,0x02,0x96,0xbe,0xff,0x00,0xa3,0xbe,
    0x00,0x40,0x01,0x10,0x11,0xff,0x11,0x8b,0xff,0xff,0x00,0x00,0x11,0xff,0x11,0x80,0x00,0x00,0x02,0x00,
    0x13,0xff,0x13,0x8b,0xff,0xff,0x00,0x00,0x13,0xff,0x13,0x80,0x00,0x00,0x02,0x00,0x10,0x4c,0x10,0x80,
    0x11,0x80,0x11,0x82,0x12,0x4d,0x12,0x80,0x13,0x80,0x13,0x82,0x10,0x01,0xa4,0xbe,0xff,0x00,0xa6,0xbe,
    0x00,0x00,0x00,0x80,0x80,0x00,0xa7,0xbe,0x80,0x00,0xb1,0xbe,0x80,0x02,0x04,0x7e,0x6a,0x00,0x49,0xd4,
    0x00,0xff,0x01,0x00,0x80,0x00,0x00,0x00,0x6a,0x80,0x08,0xbf,0xff,0x00,0xcb,0xbe,0x4c,0x36,0x00,0x00,
    0xff,0x00,0xcd,0xbe,0x14,0x30,0x00,0x00,0xff,0x02,0xcb,0xbe,0xd0,0x31,0x00,0x00,0xff,0x02,0xcd,0xbe,
    0x58,0x2e,0x00,0x00,0xff,0x00,0xcc,0xbe,0x68,0x38,0x00,0x00,0xff,0x00,0xce,0xbe,0xd0,0x30,0x00,0x00,
    0xff,0x02,0xcc,0xbe,0xec,0x33,0x00,0x00,0xff,0x02,0xce,0xbe,0x14,0x2f,0x00,0x00,0x04,0x4b,0x42,0x80,
    0x05,0x80,0x43,0x82,0x04,0x4d,0x46,0x80,0x05,0x80,0x47,0x82,0x04,0x4c,0x44,0x80,0x05,0x80,0x45,0x82,
    0x04,0x4e,0x48,0x80,0x05,0x80,0x49,0x82,0x0e,0x84,0x0d,0xbf,0x48,0x05,0xa2,0xbf,0xff,0x00,0xb8,0xbe,
    0x04,0x00,0x00,0x00,0x31,0x83,0x0d,0xbf,0x42,0x46,0xc0,0x98,0x31,0x82,0x0d,0xbf,0x38,0xff,0x38,0x98,
    0x84,0x0a,0x00,0x00,0x02,0x00,0xb5,0xbf,0x20,0x00,0xc0,0xbf,0x94,0x01,0x0f,0xcc,0x5c,0xd3,0x02,0x38,
    0x96,0x01,0x0f,0xcc,0x6c,0xe3,0x02,0x38,0x95,0x01,0x0f,0xcc,0x78,0xf3,0x02,0x38,0x97,0x01,0x0f,0xcc,
    0x7c,0xfb,0x02,0x38,0x98,0x50,0x0e,0xcc,0x5c,0x51,0xd8,0x1d,0x9a,0x50,0x0e,0xcc,0x6c,0x51,0xe8,0x1d,
    0x99,0x50,0x0e,0xcc,0x78,0x51,0xf8,0x1d,0x9b,0x50,0x0e,0xcc,0x7c,0x51,0x08,0x1e,0x7c,0x00,0x08,0xc4,
    0x69,0x48,0xd0,0x80,0x04,0x00,0x00,0x00,0x7c,0x00,0x08,0xc4,0x71,0x48,0xd0,0x80,0x08,0x00,0x00,0x00,
    0x7c,0x00,0x08,0xc4,0x5c,0x48,0xd0,0x80,0x06,0x00,0x00,0x00,0x7c,0x00,0x08,0xc4,0x6c,0x48,0xd0,0x80,
    0x0a,0x00,0x00,0x00,0x7c,0x00,0x08,0xc4,0x79,0x48,0xd0,0x80,0x05,0x00,0x00,0x00,0x7c,0x00,0x08,0xc4,
    0x7d,0x48,0xd0,0x80,0x09,0x00,0x00,0x00,0x7c,0x00,0x08,0xc4,0x78,0x48,0xd0,0x80,0x07,0x00,0x00,0x00,
    0x7c,0x00,0x08,0xc4,0x7c,0x48,0xd0,0x80,0x0b,0x00,0x00,0x00,0x0f,0x81,0x8f,0x80,0x80,0x27,0x27,0x98,
    0x24,0x4a,0x24,0x80,0x25,0x80,0x25,0x82,0x7c,0xc0,0x08,0xc4,0x69,0x48,0xd0,0x80,0x04,0x00,0x00,0x00,
    0x7c,0xc0,0x08,0xc4,0x71,0x48,0xd0,0x80,0x08,0x00,0x00,0x00,0x7c,0xc0,0x08,0xc4,0x5c,0x48,0xd0,0x80,
    0x06,0x00,0x00,0x00,0x7c,0xc0,0x08,0xc4,0x6c,0x48,0xd0,0x80,0x0a,0x00,0x00,0x00,0x7c,0xc0,0x08,0xc4,
    0x79,0x48,0xd0,0x80,0x05,0x00,0x00,0x00,0x7c,0xc0,0x08,0xc4,0x7d,0x48,0xd0,0x80,0x09,0x00,0x00,0x00,
    0x7c,0xc0,0x08,0xc4,0x78,0x48,0xd0,0x80,0x07,0x00,0x00,0x00,0x7c,0xc0,0x08,0xc4,0x7c,0x48,0xd0,0x80,
    0x0b,0x00,0x00,0x00,0x0f,0x81,0x8f,0x80,0x80,0x27,0x27,0x98,0x24,0x4a,0x24,0x80,0x25,0x80,0x25,0x82,
    0x40,0x49,0xc0,0xbe,0x5e,0x1b,0xa0,0xbf,0xff,0x00,0xb8,0xbe,0x04,0x00,0x00,0x00,0x31,0x84,0x0d,0xbf,
    0x44,0x48,0xc0,0x98,0x31,0x82,0x0d,0xbf,0x38,0xff,0x38,0x98,0x74,0x0a,0x00,0x00,0x02,0x00,0xb5,0xbf,
    0x94,0x40,0x0e,0xcc,0x76,0x51,0x60,0x0e,0x96,0x40,0x0e,0xcc,0x7a,0x51,0x68,0x0e,0x95,0x40,0x0e,0xcc,
    0x7e,0x51,0x64,0x0e,0x97,0x40,0x0e,0xcc,0x82,0x51,0x6c,0x0e,0x98,0x01,0x0f,0xcc,0x76,0xef,0x02,0x38,
    0x9a,0x01,0x0f,0xcc,0x7a,0xf7,0x02,0x38,0x99,0x01,0x0f,0xcc,0x7e,0xff,0x02,0x38,0x9b,0x01,0x0f,0xcc,
    0x82,0x07,0x03,0x38,0x7c,0x00,0x08,0xc4,0x76,0x48,0xd0,0x80,0x04,0x00,0x00,0x00,0x7c,0x00,0x08,0xc4,
    0x7a,0x48,0xd0,0x80,0x08,0x00,0x00,0x00,0x7c,0x00,0x08,0xc4,0x77,0x48,0xd0,0x80,0x06,0x00,0x00,0x00,
    0x7c,0x00,0x08,0xc4,0x7b,0x48,0xd0,0x80,0x0a,0x00,0x00,0x00,0x7c,0x00,0x08,0xc4,0x7e,0x48,0xd0,0x80,
    0x05,0x00,0x00,0x00,0x7c,0x00,0x08,0xc4,0x82,0x48,0xd0,0x80,0x09,0x00,0x00,0x00,0x7c,0x00,0x08,0xc4,
    0x7f,0x48,0xd0,0x80,0x07,0x00,0x00,0x00,0x7c,0x00,0x08,0xc4,0x83,0x48,0xd0,0x80,0x0b,0x00,0x00,0x00,
    0x0f,0x81,0x8f,0x80,0x80,0x27,0x27,0x98,0x24,0x4a,0x24,0x80,0x25,0x80,0x25,0x82,0x7c,0xc0,0x08,0xc4,
    0x76,0x48,0xd0,0x80,0x04,0x00,0x00,0x00,0x7c,0xc0,0x08,0xc4,0x7a,0x48,0xd0,0x80,0x08,0x00,0x00,0x00,
    0x7c,0xc0,0x08,0xc4,0x77,0x48,0xd0,0x80,0x06,0x00,0x00,0x00,0x7c,0xc0,0x08,0xc4,0x7b,0x48,0xd0,0x80,
    0x0a,0x00,0x00,0x00,0x7c,0xc0,0x08,0xc4,0x7e,0x48,0xd0,0x80,0x05,0x00,0x00,0x00,0x7c,0xc0,0x08,0xc4,
    0x82,0x48,0xd0,0x80,0x09,0x00,0x00,0x00,0x7c,0xc0,0x08,0xc4,0x7f,0x48,0xd0,0x80,0x07,0x00,0x00,0x00,
    0x7c,0xc0,0x08,0xc4,0x83,0x48,0xd0,0x80,0x0b,0x00,0x00,0x00,0x0f,0x81,0x8f,0x80,0x80,0x27,0x27,0x98,
    0x24,0x4a,0x24,0x80,0x25,0x80,0x25,0x82,0x40,0x49,0xc0,0xbe,0x0c,0x1b,0xa0,0xbf,0xff,0x00,0xb8,0xbe,
    0x04,0x00,0x00,0x00,0x31,0x83,0x0d,0xbf,0x42,0x46,0xc0,0x98,0x31,0x82,0x0d,0xbf,0x38,0xff,0x38,0x98,
    0xa4,0x0a,0x00,0x00,0x02,0x00,0xb5,0xbf,0x20,0x00,0xc0,0xbf,0x94,0x01,0x0f,0xcc,0x87,0x0d,0x03,0x38,
    0x96,0x01,0x0f,0xcc,0x8b,0x15,0x03,0x38,0x95,0x01,0x0f,0xcc,0x8f,0x1d,0x03,0x38,0x97,0x01,0x0f,0xcc,
    0x93,0x25,0x03,0x38,0x98,0x50,0x0e,0xcc,0x87,0x51,0x00,0x1e,0x9a,0x50,0x0e,0xcc,0x8b,0x51,0x10,0x1e,
    0x99,0x50,0x0e,0xcc,0x8f,0x51,0x20,0x1e,0x9b,0x50,0x0e,0xcc,0x93,0x51,0x30,0x1e,0x7c,0x00,0x08,0xc4,
    0x86,0x48,0xd0,0x80,0x04,0x00,0x00,0x00,0x7c,0x00,0x08,0xc4,0x8a,0x48,0xd0,0x80,0x08,0x00,0x00,0x00,
    0x7c,0x00,0x08,0xc4,0x87,0x48,0xd0,0x80,0x06,0x00,0x00,0x00,0x7c,0x00,0x08,0xc4,0x8b,0x48,0xd0,0x80,
    0x0a,0x00,0x00,0x00,0x7c,0x00,0x08,0xc4,0x8e,0x48,0xd0,0x80,0x05,0x00,0x00,0x00,0x7c,0x00,0x08,0xc4,
    0x92,0x48,0xd0,0x80,0x09,0x00,0x00,0x00,0x7c,0x00,0x08,0xc4,0x8f,0x48,0xd0,0x80,0x07,0x00,0x00,0x00,
    0x7c,0x00,0x08,0xc4,0x93,0x48,0xd0,0x80,0x0b,0x00,0x00,0x00,0x0f,0x81,0x8f,0x80,0x80,0x27,0x27,0x98,
    0x24,0x4a,0x24,0x80,0x25,0x80,0x25,0x82,0x7c,0xc0,0x08,0xc4,0x86,0x48,0xd0,0x80,0x04,0x00,0x00,0x00,
    0x7c,0xc0,0x08,0xc4,0x8a,0x48,0xd0,0x80,0x08,0x00,0x00,0x00,0x7c,0xc0,0x08,0xc4,0x87,0x48,0xd0,0x80,
    0x06,0x00,0x00,0x00,0x7c,0xc0,0x08,0xc4,0x8b,0x48,0xd0,0x80,0x0a,0x00,0x00,0x00,0x7c,0xc0,0x08,0xc4,
    0x8e,0x48,0xd0,0x80,0x05,0x00,0x00,0x00,0x7c,0xc0,0x08,0xc4,0x92,0x48,0xd0,0x80,0x09,0x00,0x00,0x00,
    0x7c,0xc0,0x08,0xc4,0x8f,0x48,0xd0,0x80,0x07,0x00,0x00,0x00,0x7c,0xc0,0x08,0xc4,0x93,0x48,0xd0,0x80,
    0x0b,0x00,0x00,0x00,0x0f,0x81,0x8f,0x80,0x80,0x27,0x27,0x98,0x24,0x4a,0x24,0x80,0x25,0x80,0x25,0x82,
    0x40,0x49,0xc0,0xbe,0xb9,0x1a,0xa0,0xbf,0xff,0x00,0xb8,0xbe,0x04,0x00,0x00,0x00,0x31,0x84,0x0d,0xbf,
    0x44,0x48,0xc0,0x98,0x31,0x82,0x0d,0xbf,0x38,0xff,0x38,0x98,0x94,0x0a,0x00,0x00,0x02,0x00,0xb5,0xbf,
    0x94,0x40,0x0e,0xcc,0x80,0x51,0x60,0x0e,0x96,0x40,0x0e,0xcc,0x84,0x51,0x68,0x0e,0x95,0x40,0x0e,0xcc,
    0x88,0x51,0x64,0x0e,0x97,0x40,0x0e,0xcc,0x8c,0x51,0x6c,0x0e,0x98,0x01,0x0f,0xcc,0x80,0x03,0x03,0x38,
    0x9a,0x01,0x0f,0xcc,0x84,0x0b,0x03,0x38,0x99,0x01,0x0f,0xcc,0x88,0x13,0x03,0x38,0x9b,0x01,0x0f,0xcc,
    0x8c,0x1b,0x03,0x38,0x7c,0x00,0x08,0xc4,0x80,0x48,0xd0,0x80,0x04,0x00,0x00,0x00,0x7c,0x00,0x08,0xc4,
    0x84,0x48,0xd0,0x80,0x08,0x00,0x00,0x00,0x7c,0x00,0x08,0xc4,0x81,0x48,0xd0,0x80,0x06,0x00,0x00,0x00,
    0x7c,0x00,0x08,0xc4,0x85,0x48,0xd0,0x80,0x0a,0x00,0x00,0x00,0x7c,0x00,0x08,0xc4,0x88,0x48,0xd0,0x80,
    0x05,0x00,0x00,0x00,0x7c,0x00,0x08,0xc4,0x8c,0x48,0xd0,0x80,0x09,0x00,0x00,0x00,0x7c,0x00,0x08,0xc4,
    0x89,0x48,0xd0,0x80,0x07,0x00,0x00,0x00,0x7c,0x00,0x08,0xc4,0x8d,0x48,0xd0,0x80,0x0b,0x00,0x00,0x00,
    0x0f,0x81,0x8f,0x80,0x80,0x27,0x27,0x98,0x24,0x4a,0x24,0x80,0x25,0x80,0x25,0x82,0x7c,0xc0,0x08,0xc4,
    0x80,0x48,0xd0,0x80,0x04,0x00,0x00,0x00,0x7c,0xc0,0x08,0xc4,0x84,0x48,0xd0,0x80,0x08,0x00,0x00,0x00,
    0x7c,0xc0,0x08,0xc4,0x81,0x48,0xd0,0x80,0x06,0x00,0x00,0x00,0x7c,0xc0,0x08,0xc4,0x85,0x48,0xd0,0x80,
    0x0a,0x00,0x00,0x00,0x7c,0xc0,0x08,0xc4,0x88,0x48,0xd0,0x80,0x05,0x00,0x00,0x00,0x7c,0xc0,0x08,0xc4,
    0x8c,0x48,0xd0,0x80,0x09,0x00,0x00,0x00,0x7c,0xc0,0x08,0xc4,0x89,0x48,0xd0,0x80,0x07,0x00,0x00,0x00,
    0x7c,0xc0,0x08,0xc4,0x8d,0x48,0xd0,0x80,0x0b,0x00,0x00,0x00,0x0f,0x81,0x8f,0x80,0x80,0x27,0x27,0x98,
    0x24,0x4a,0x24,0x80,0x25,0x80,0x25,0x82,0x40,0x49,0xc0,0xbe,0x67,0x1a,0xa0,0xbf,0xff,0x00,0xb8,0xbe,
    0x04,0x00,0x00,0x00,0x31,0x83,0x0d,0xbf,0x42,0x46,0xc0,0x98,0x31,0x82,0x0d,0xbf,0x38,0xff,0x38,0x98,
    0xc4,0x0a,0x00,0x00,0x02,0x00,0xb5,0xbf,0x20,0x00,0xc0,0xbf,0x94,0x01,0x0f,0xcc,0x5c,0xd3,0x02,0x38,
    0x96,0x01,0x0f,0xcc,0x6c,0xe3,0x02,0x38,0x95,0x01,0x0f,0xcc,0x77,0xed,0x02,0x38,0x97,0x01,0x0f,0xcc,
    0x7b,0xf5,0x02,0x38,0x98,0x50,0x0e,0xcc,0x5c,0x51,0xe4,0x1d,0x9a,0x50,0x0e,0xcc,0x6c,0x51,0xf4,0x1d,
    0x99,0x50,0x0e,0xcc,0x77,0x51,0xf8,0x1d,0x9b,0x50,0x0e,0xcc,0x7b,0x51,0x08,0x1e,0x7c,0x00,0x08,0xc4,
    0x69,0x48,0xd0,0x80,0x04,0x00,0x00,0x00,0x7c,0x00,0x08,0xc4,0x71,0x48,0xd0,0x80,0x08,0x00,0x00,0x00,
    0x7c,0x00,0x08,0xc4,0x5c,0x48,0xd0,0x80,0x06,0x00,0x00,0x00,0x7c,0x00,0x08,0xc4,0x6c,0x48,0xd0,0x80,
    0x0a,0x00,0x00,0x00,0x7c,0x00,0x08,0xc4,0x76,0x48,0xd0,0x80,0x05,0x00,0x00,0x00,0x7c,0x00,0x08,0xc4,
    0x7a,0x48,0xd0,0x80,0x09,0x00,0x00,0x00,0x7c,0x00,0x08,0xc4,0x77,0x48,0xd0,0x80,0x07,0x00,0x00,0x00,
    0x7c,0x00,0x08,0xc4,0x7b,0x48,0xd0,0x80,0x0b,0x00,0x00,0x00,0x0f,0x81,0x8f,0x80,0x80,0x27,0x27,0x98,
    0x24,0x4a,0x24,0x80,0x25,0x80,0x25,0x82,0x7c,0xc0,0x08,0xc4,0x69,0x48,0xd0,0x80,0x04,0x00,0x00,0x00,
    0x7c,0xc0,0x08,0xc4,0x71,0x48,0xd0,0x80,0x08,0x00,0x00,0x00,0x7c,0xc0,0x08,0xc4,0x5c,0x48,0xd0,0x80,
    0x06,0x00,0x00,0x00,0x7c,0xc0,0x08,0xc4,0x6c,0x48,0xd0,0x80,0x0a,0x00,0x00,0x00,0x7c,0xc0,0x08,0xc4,
    0x76,0x48,0xd0,0x80,0x05,0x00,0x00,0x00,0x7c,0xc0,0x08,0xc4,0x7a,0x48,0xd0,0x80,0x09,0x00,0x00,0x00,
    0x7c,0xc0,0x08,0xc4,0x77,0x48,0xd0,0x80,0x07,0x00,0x00,0x00,0x7c,0xc0,0x08,0xc4,0x7b,0x48,0xd0,0x80,
    0x0b,0x00,0x00,0x00,0x0f,0x81,0x8f,0x80,0x80,0x27,0x27,0x98,0x24,0x4a,0x24,0x80,0x25,0x80,0x25,0x82,
    0x40,0x49,0xc0,0xbe,0x14,0x1a,0xa0,0xbf,0xff,0x00,0xb8,0xbe,0x04,0x00,0x00,0x00,0x31,0x84,0x0d,0xbf,
    0x44,0x48,0xc0,0x98,0x31,0x82,0x0d,0xbf,0x38,0xff,0x38,0x98,0xb4,0x0a,0x00,0x00,0x02,0x00,0xb5,0xbf,
    0x94,0x40,0x0e,0xcc,0x79,0x51,0x60,0x0e,0x96,0x40,0x0e,0xcc,0x7d,0x51,0x68,0x0e,0x95,0x40,0x0e,0xcc,
    0x7e,0x51,0x64,0x0e,0x97,0x40,0x0e,0xcc,0x82,0x51,0x6c,0x0e,0x98,0x01,0x0f,0xcc,0x79,0xf1,0x02,0x38,
    0x9a,0x01,0x0f,0xcc,0x7d,0xf9,0x02,0x38,0x99,0x01,0x0f,0xcc,0x7e,0xff,0x02,0x38,0x9b,0x01,0x0f,0xcc,
    0x82,0x07,0x03,0x38,0x7c,0x00,0x08,0xc4,0x79,0x48,0xd0,0x80,0x04,0x00,0x00,0x00,0x7c,0x00,0x08,0xc4,
    0x7d,0x48,0xd0,0x80,0x08,0x00,0x00,0x00,0x7c,0x00,0x08,0xc4,0x78,0x48,0xd0,0x80,0x06,0x00,0x00,0x00,
    0x7c,0x00,0x08,0xc4,0x7c,0x48,0xd0,0x80,0x0a,0x00,0x00,0x00,0x7c,0x00,0x08,0xc4,0x7e,0x48,0xd0,0x80,
    0x05,0x00,0x00,0x00,0x7c,0x00,0x08,0xc4,0x82,0x48,0xd0,0x80,0x09,0x00,0x00,0x00,0x7c,0x00,0x08,0xc4,
    0x7f,0x48,0xd0,0x80,0x07,0x00,0x00,0x00,0x7c,0x00,0x08,0xc4,0x83,0x48,0xd0,0x80,0x0b,0x00,0x00,0x00,
    0x0f,0x81,0x8f,0x80,0x80,0x27,0x27,0x98,0x24,0x4a,0x24,0x80,0x25,0x80,0x25,0x82,0x7c,0xc0,0x08,0xc4,
    0x79,0x48,0xd0,0x80,0x04,0x00,0x00,0x00,0x7c,0xc0,0x08,0xc4,0x7d,0x48,0xd0,0x80,0x08,0x00,0x00,0x00,
    0x7c,0xc0,0x08,0xc4,0x78,0x48,0xd0,0x80,0x06,0x00,0x00,0x00,0x7c,0xc0,0x08,0xc4,0x7c,0x48,0xd0,0x80,
    0x0a,0x00,0x00,0x00,0x7c,0xc0,0x08,0xc4,0x7e,0x48,0xd0,0x80,0x05,0x00,0x00,0x00,0x7c,0xc0,0x08,0xc4,
    0x82,0x48,0xd0,0x80,0x09,0x00,0x00,0x00,0x7c,0xc0,0x08,0xc4,0x7f,0x48,0xd0,0x80,0x07,0x00,0x00,0x00,
    0x7c,0xc0,0x08,0xc4,0x83,0x48,0xd0,0x80,0x0b,0x00,0x00,0x00,0x0f,0x81,0x8f,0x80,0x80,0x27,0x27,0x98,
    0x24,0x4a,0x24,0x80,0x25,0x80,0x25,0x82,0x40,0x49,0xc0,0xbe,0xc2,0x19,0xa0,0xbf,0xff,0x00,0xb8,0xbe,
    0x04,0x00,0x00,0x00,0x31,0x83,0x0d,0xbf,0x42,0x46,0xc0,0x98,0x31,0x82,0x0d,0xbf,0x38,0xff,0x38,0x98,
    0xe4,0x0a,0x00,0x00,0x02,0x00,0xb5,0xbf,0x20,0x00,0xc0,0xbf,0x94,0x01,0x0f,0xcc,0x87,0x0d,0x03,0x38,
    0x96,0x01,0x0f,0xcc,0x8b,0x15,0x03,0x38,0x95,0x01,0x0f,0xcc,0x81,0x01,0x03,0x38,0x97,0x01,0x0f,0xcc,
    0x85,0x09,0x03,0x38,0x98,0x50,0x0e,0xcc,0x87,0x51,0x38,0x1e,0x9a,0x50,0x0e,0xcc,0x8b,0x51,0x48,0x1e,
    0x99,0x50,0x0e,0xcc,0x81,0x51,0x20,0x1e,0x9b,0x50,0x0e,0xcc,0x85,0x51,0x30,0x1e,0x7c,0x00,0x08,0xc4,
    0x86,0x48,0xd0,0x80,0x04,0x00,0x00,0x00,0x7c,0x00,0x08,0xc4,0x8a,0x48,0xd0,0x80,0x08,0x00,0x00,0x00,
    0x7c,0x00,0x08,0xc4,0x87,0x48,0xd0,0x80,0x06,0x00,0x00,0x00,0x7c,0x00,0x08,0xc4,0x8b,0x48,0xd0,0x80,
    0x0a,0x00,0x00,0x00,0x7c,0x00,0x08,0xc4,0x80,0x48,0xd0,0x80,0x05,0x00,0x00,0x00,0x7c,0x00,0x08,0xc4,
    0x84,0x48,0xd0,0x80,0x09,0x00,0x00,0x00,0x7c,0x00,0x08,0xc4,0x81,0x48,0xd0,0x80,0x07,0x00,0x00,0x00,
    0x7c,0x00,0x08,0xc4,0x85,0x48,0xd0,0x80,0x0b,0x00,0x00,0x00,0x0f,0x81,0x8f,0x80,0x80,0x27,0x27,0x98,
    0x24,0x4a,0x24,0x80,0x25,0x80,0x25,0x82,0x7c,0xc0,0x08,0xc4,0x86,0x48,0xd0,0x80,0x04,0x00,0x00,0x00,
    0x7c,0xc0,0x08,0xc4,0x8a,0x48,0xd0,0x80,0x08,0x00,0x00,0x00,0x7c,0xc0,0x08,0xc4,0x87,0x48,0xd0,0x80,
    0x06,0x00,0x00,0x00,0x7c,0xc0,0x08,0xc4,0x8b,0x48,0xd0,0x80,0x0a,0x00,0x00,0x00,0x7c,0xc0,0x08,0xc4,
    0x80,0x48,0xd0,0x80,0x05,0x00,0x00,0x00,0x7c,0xc0,0x08,0xc4,0x84,0x48,0xd0,0x80,0x09,0x00,0x00,0x00,
    0x7c,0xc0,0x08,0xc4,0x81,0x48,0xd0,0x80,0x07,0x00,0x00,0x00,0x7c,0xc0,0x08,0xc4,0x85,0x48,0xd0,0x80,
    0x0b,0x00,0x00,0x00,0x0f,0x81,0x8f,0x80,0x80,0x27,0x27,0x98,0x24,0x4a,0x24,0x80,0x25,0x80,0x25,0x82,
    0x40,0x49,0xc0,0xbe,0x6f,0x19,0xa0,0xbf,0xff,0x00,0xb8,0xbe,0xb4,0xf5,0xff,0xff,0x31,0x84,0x0d,0xbf,
    0x44,0x48,0xc0,0x98,0x31,0x82,0x0d,0xbf,0x38,0xff,0x38,0x98,0x04,0x00,0x00,0x00,0x02,0x00,0xb5,0xbf,
    0x94,0x40,0x0e,0xcc,0x8e,0x51,0x60,0x0e,0x96,0x40,0x0e,0xcc,0x92,0x51,0x68,0x0e,0x95,0x40,0x0e,0xcc,
    0x88,0x51,0x64,0x0e,0x97,0x40,0x0e,0xcc,0x8c,0x51,0x6c,0x0e,0x98,0x01,0x0f,0xcc,0x8e,0x1f,0x03,0x38,
    0x9a,0x01,0x0f,0xcc,0x92,0x27,0x03,0x38,0x99,0x01,0x0f,0xcc,0x88,0x13,0x03,0x38,0x9b,0x01,0x0f,0xcc,
    0x8c,0x1b,0x03,0x38,0x7c,0x00,0x08,0xc4,0x8e,0x48,0xd0,0x80,0x04,0x00,0x00,0x00,0x7c,0x00,0x08,0xc4,
    0x92,0x48,0xd0,0x80,0x08,0x00,0x00,0x00,0x7c,0x00,0x08,0xc4,0x8f,0x48,0xd0,0x80,0x06,0x00,0x00,0x00,
    0x7c,0x00,0x08,0xc4,0x93,0x48,0xd0,0x80,0x0a,0x00,0x00,0x00,0x7c,0x00,0x08,0xc4,0x88,0x48,0xd0,0x80,
    0x05,0x00,0x00,0x00,0x7c,0x00,0x08,0xc4,0x8c,0x48,0xd0,0x80,0x09,0x00,0x00,0x00,0x7c,0x00,0x08,0xc4,
    0x89,0x48,0xd0,0x80,0x07,0x00,0x00,0x00,0x7c,0x00,0x08,0xc4,0x8d,0x48,0xd0,0x80,0x0b,0x00,0x00,0x00,
    0x0f,0x81,0x8f,0x80,0x80,0x27,0x27,0x98,0x24,0x4a,0x24,0x80,0x25,0x80,0x25,0x82,0x7c,0xc0,0x08,0xc4,
    0x8e,0x48,0xd0,0x80,0x04,0x00,0x00,0x00,0x7c,0xc0,0x08,0xc4,0x92,0x48,0xd0,0x80,0x08,0x00,0x00,0x00,
    0x7c,0xc0,0x08,0xc4,0x8f,0x48,0xd0,0x80,0x06,0x00,0x00,0x00,0x7c,0xc0,0x08,0xc4,0x93,0x48,0xd0,0x80,
    0x0a,0x00,0x00,0x00,0x7c,0xc0,0x08,0xc4,0x88,0x48,0xd0,0x80,0x05,0x00,0x00,0x00,0x7c,0xc0,0x08,0xc4,
    0x8c,0x48,0xd0,0x80,0x09,0x00,0x00,0x00,0x7c,0xc0,0x08,0xc4,0x89,0x48,0xd0,0x80,0x07,0x00,0x00,0x00,
    0x7c,0xc0,0x08,0xc4,0x8d,0x48,0xd0,0x80,0x0b,0x00,0x00,0x00,0x0f,0x81,0x8f,0x80,0x80,0x27,0x27,0x98,
    0x24,0x4a,0x24,0x80,0x25,0x80,0x25,0x82,0x40,0x49,0xc0,0xbe,0x1d,0x19,0xa0,0xbf,0xff,0x00,0xb8,0xbe,
    0x84,0xf5,0xff,0xff,0x31,0x83,0x0d,0xbf,0x42,0x46,0xc0,0x98,0x31,0x82,0x0d,0xbf,0x38,0xff,0x38,0x98,
    0x04,0x00,0x00,0x00,0x02,0x00,0xb5,0xbf,0x20,0x00,0xc0,0xbf,0x69,0x03,0x28,0x7f,0x71,0x03,0x2c,0x7f,
    0x79,0x03,0x2a,0x7f,0x7d,0x03,0x2e,0x7f,0x98,0x00,0x0f,0xcc,0x69,0xef,0x02,0x18,0x9a,0x00,0x0f,0xcc,
    0x71,0xf7,0x02,0x18,0x99,0x00,0x0f,0xcc,0x79,0xff,0x02,0x18,0x9b,0x00,0x0f,0xcc,0x7d,0x07,0x03,0x18,
    0x98,0x00,0x10,0xcc,0x98,0xe1,0x01,0x08,0x9a,0x00,0x10,0xcc,0x9a,0xe1,0x01,0x08,0x99,0x00,0x10,0xcc,
    0x99,0xe1,0x01,0x08,0x9b,0x00,0x10,0xcc,0x9b,0xe1,0x01,0x08,0x98,0x40,0x0e,0xcc,0x76,0x53,0x60,0x0e,
    0x9a,0x40,0x0e,0xcc,0x7a,0x53,0x68,0x0e,0x99,0x40,0x0e,0xcc,0x7e,0x53,0x64,0x0e,0x9b,0x40,0x0e,0xcc,
    0x82,0x53,0x6c,0x0e,0x7c,0x00,0x08,0xc4,0x69,0x48,0xd0,0x80,0x04,0x00,0x00,0x00,0x7c,0x00,0x08,0xc4,
    0x71,0x48,0xd0,0x80,0x08,0x00,0x00,0x00,0x7c,0x00,0x08,0xc4,0x5c,0x48,0xd0,0x80,0x06,0x00,0x00,0x00,
    0x7c,0x00,0x08,0xc4,0x6c,0x48,0xd0,0x80,0x0a,0x00,0x00,0x00,0x7c,0x00,0x08,0xc4,0x79,0x48,0xd0,0x80,
    0x05,0x00,0x00,0x00,0x7c,0x00,0x08,0xc4,0x7d,0x48,0xd0,0x80,0x09,0x00,0x00,0x00,0x7c,0x00,0x08,0xc4,
    0x78,0x48,0xd0,0x80,0x07,0x00,0x00,0x00,0x7c,0x00,0x08,0xc4,0x7c,0x48,0xd0,0x80,0x0b,0x00,0x00,0x00,
    0x0f,0x81,0x8f,0x80,0x80,0x27,0x27,0x98,0x24,0x4a,0x24,0x80,0x25,0x80,0x25,0x82,0x7c,0xc0,0x08,0xc4,
    0x69,0x48,0xd0,0x80,0x04,0x00,0x00,0x00,0x7c,0xc0,0x08,0xc4,0x71,0x48,0xd0,0x80,0x08,0x00,0x00,0x00,
    0x7c,0xc0,0x08,0xc4,0x5c,0x48,0xd0,0x80,0x06,0x00,0x00,0x00,0x7c,0xc0,0x08,0xc4,0x6c,0x48,0xd0,0x80,
    0x0a,0x00,0x00,0x00,0x7c,0xc0,0x08,0xc4,0x79,0x48,0xd0,0x80,0x05,0x00,0x00,0x00,0x7c,0xc0,0x08,0xc4,
    0x7d,0x48,0xd0,0x80,0x09,0x00,0x00,0x00,0x7c,0xc0,0x08,0xc4,0x78,0x48,0xd0,0x80,0x07,0x00,0x00,0x00,
    0x7c,0xc0,0x08,0xc4,0x7c,0x48,0xd0,0x80,0x0b,0x00,0x00,0x00,0x0f,0x81,0x8f,0x80,0x80,0x27,0x27,0x98,
    0x24,0x4a,0x24,0x80,0x25,0x80,0x25,0x82,0x40,0x49,0xc0,0xbe,0xbe,0x18,0xa0,0xbf,0xff,0x00,0xb8,0xbe,
    0x94,0xf5,0xff,0xff,0x31,0x84,0x0d,0xbf,0x44,0x48,0xc0,0x98,0x31,0x82,0x0d,0xbf,0x38,0xff,0x38,0x98,
    0x04,0x00,0x00,0x00,0x02,0x00,0xb5,0xbf,0x94,0x50,0x0e,0xcc,0x76,0x53,0x60,0x1e,0x96,0x50,0x0e,0xcc,
    0x7a,0x53,0x68,0x1e,0x95,0x50,0x0e,0xcc,0x7e,0x53,0x64,0x1e,0x97,0x50,0x0e,0xcc,0x82,0x53,0x6c,0x1e,
    0x77,0x03,0x30,0x7f,0x7b,0x03,0x34,0x7f,0x7f,0x03,0x32,0x7f,0x83,0x03,0x36,0x7f,0x7c,0x00,0x08,0xc4,
    0x76,0x48,0xd0,0x80,0x04,0x00,0x00,0x00,0x7c,0x00,0x08,0xc4,0x7a,0x48,0xd0,0x80,0x08,0x00,0x00,0x00,
    0x7c,0x00,0x08,0xc4,0x77,0x48,0xd0,0x80,0x06,0x00,0x00,0x00,0x7c,0x00,0x08,0xc4,0x7b,0x48,0xd0,0x80,
    0x0a,0x00,0x00,0x00,0x7c,0x00,0x08,0xc4,0x7e,0x48,0xd0,0x80,0x05,0x00,0x00,0x00,0x7c,0x00,0x08,0xc4,
    0x82,0x48,0xd0,0x80,0x09,0x00,0x00,0x00,0x7c,0x00,0x08,0xc4,0x7f,0x48,0xd0,0x80,0x07,0x00,0x00,0x00,
    0x7c,0x00,0x08,0xc4,0x83,0x48,0xd0,0x80,0x0b,0x00,0x00,0x00,0x0f,0x81,0x8f,0x80,0x80,0x27,0x27,0x98,
    0x24,0x4a,0x24,0x80,0x25,0x80,0x25,0x82,0x7c,0xc0,0x08,0xc4,0x76,0x48,0xd0,0x80,0x04,0x00,0x00,0x00,
    0x7c,0xc0,0x08,0xc4,0x7a,0x48,0xd0,0x80,0x08,0x00,0x00,0x00,0x7c,0xc0,0x08,0xc4,0x77,0x48,0xd0,0x80,
    0x06,0x00,0x00,0x00,0x7c,0xc0,0x08,0xc4,0x7b,0x48,0xd0,0x80,0x0a,0x00,0x00,0x00,0x7c,0xc0,0x08,0xc4,
    0x7e,0x48,0xd0,0x80,0x05,0x00,0x00,0x00,0x7c,0xc0,0x08,0xc4,0x82,0x48,0xd0,0x80,0x09,0x00,0x00,0x00,
    0x7c,0xc0,0x08,0xc4,0x7f,0x48,0xd0,0x80,0x07,0x00,0x00,0x00,0x7c,0xc0,0x08,0xc4,0x83,0x48,0xd0,0x80,
    0x0b,0x00,0x00,0x00,0x0f,0x81,0x8f,0x80,0x80,0x27,0x27,0x98,0x24,0x4a,0x24,0x80,0x25,0x80,0x25,0x82,
    0x40,0x49,0xc0,0xbe,0x70,0x18,0xa0,0xbf,0xff,0x00,0xb8,0xbe,0x64,0xf5,0xff,0xff,0x31,0x83,0x0d,0xbf,
    0x42,0x46,0xc0,0x98,0x31,0x82,0x0d,0xbf,0x38,0xff,0x38,0x98,0x04,0x00,0x00,0x00,0x02,0x00,0xb5,0xbf,
    0x20,0x00,0xc0,0xbf,0x86,0x03,0x28,0x7f,0x8a,0x03,0x2c,0x7f,0x8e,0x03,0x2a,0x7f,0x92,0x03,0x2e,0x7f,
    0x98,0x00,0x0f,0xcc,0x86,0x03,0x03,0x18,0x9a,0x00,0x0f,0xcc,0x8a,0x0b,0x03,0x18,0x99,0x00,0x0f,0xcc,
    0x8e,0x13,0x03,0x18,0x9b,0x00,0x0f,0xcc,0x92,0x1b,0x03,0x18,0x98,0x00,0x10,0xcc,0x98,0xe1,0x01,0x08,
    0x9a,0x00,0x10,0xcc,0x9a,0xe1,0x01,0x08,0x99,0x00,0x10,0xcc,0x99,0xe1,0x01,0x08,0x9b,0x00,0x10,0xcc,
    0x9b,0xe1,0x01,0x08,0x98,0x40,0x0e,0xcc,0x80,0x53,0x60,0x0e,0x9a,0x40,0x0e,0xcc,0x84,0x53,0x68,0x0e,
    0x99,0x40,0x0e,0xcc,0x88,0x53,0x64,0x0e,0x9b,0x40,0x0e,0xcc,0x8c,0x53,0x6c,0x0e,0x7c,0x00,0x08,0xc4,
    0x86,0x48,0xd0,0x80,0x04,0x00,0x00,0x00,0x7c,0x00,0x08,0xc4,0x8a,0x48,0xd0,0x80,0x08,0x00,0x00,0x00,
    0x7c,0x00,0x08,0xc4,0x87,0x48,0xd0,0x80,0x06,0x00,0x00,0x00,0x7c,0x00,0x08,0xc4,0x8b,0x48,0xd0,0x80,
    0x0a,0x00,0x00,0x00,0x7c,0x00,0x08,0xc4,0x8e,0x48,0xd0,0x80,0x05,0x00,0x00,0x00,0x7c,0x00,0x08,0xc4,
    0x92,0x48,0xd0,0x80,0x09,0x00,0x00,0x00,0x7c,0x00,0x08,0xc4,0x8f,0x48,0xd0,0x80,0x07,0x00,0x00,0x00,
    0x7c,0x00,0x08,0xc4,0x93,0x48,0xd0,0x80,0x0b,0x00,0x00,0x00,0x0f,0x81,0x8f,0x80,0x80,0x27,0x27,0x98,
    0x24,0x4a,0x24,0x80,0x25,0x80,0x25,0x82,0x7c,0xc0,0x08,0xc4,0x86,0x48,0xd0,0x80,0x04,0x00,0x00,0x00,
    0x7c,0xc0,0x08,0xc4,0x8a,0x48,0xd0,0x80,0x08,0x00,0x00,0x00,0x7c,0xc0,0x08,0xc4,0x87,0x48,0xd0,0x80,
    0x06,0x00,0x00,0x00,0x7c,0xc0,0x08,0xc4,0x8b,0x48,0xd0,0x80,0x0a,0x00,0x00,0x00,0x7c,0xc0,0x08,0xc4,
    0x8e,0x48,0xd0,0x80,0x05,0x00,0x00,0x00,0x7c,0xc0,0x08,0xc4,0x92,0x48,0xd0,0x80,0x09,0x00,0x00,0x00,
    0x7c,0xc0,0x08,0xc4,0x8f,0x48,0xd0,0x80,0x07,0x00,0x00,0x00,0x7c,0xc0,0x08,0xc4,0x93,0x48,0xd0,0x80,
    0x0b,0x00,0x00,0x00,0x0f,0x81,0x8f,0x80,0x80,0x27,0x27,0x98,0x24,0x4a,0x24,0x80,0x25,0x80,0x25,0x82,
    0x40,0x49,0xc0,0xbe,0x11,0x18,0xa0,0xbf,0xff,0x00,0xb8,0xbe,0x74,0xf5,0xff,0xff,0x31,0x84,0x0d,0xbf,
    0x44,0x48,0xc0,0x98,0x31,0x82,0x0d,0xbf,0x38,0xff,0x38,0x98,0x04,0x00,0x00,0x00,0x02,0x00,0xb5,0xbf,
    0x94,0x50,0x0e,0xcc,0x80,0x53,0x60,0x1e,0x96,0x50,0x0e,0xcc,0x84,0x53,0x68,0x1e,0x95,0x50,0x0e,0xcc,
    0x88,0x53,0x64,0x1e,0x97,0x50,0x0e,0xcc,0x8c,0x53,0x6c,0x1e,0x81,0x03,0x30,0x7f,0x85,0x03,0x34,0x7f,
    0x89,0x03,0x32,0x7f,0x8d,0x03,0x36,0x7f,0x7c,0x00,0x08,0xc4,0x80,0x48,0xd0,0x80,0x04,0x00,0x00,0x00,
    0x7c,0x00,0x08,0xc4,0x84,0x48,0xd0,0x80,0x08,0x00,0x00,0x00,0x7c,0x00,0x08,0xc4,0x81,0x48,0xd0,0x80,
    0x06,0x00,0x00,0x00,0x7c,0x00,0x08,0xc4,0x85,0x48,0xd0,0x80,0x0a,0x00,0x00,0x00,0x7c,0x00,0x08,0xc4,
    0x88,0x48,0xd0,0x80,0x05,0x00,0x00,0x00,0x7c,0x00,0x08,0xc4,0x8c,0x48,0xd0,0x80,0x09,0x00,0x00,0x00,
    0x7c,0x00,0x08,0xc4,0x89,0x48,0xd0,0x80,0x07,0x00,0x00,0x00,0x7c,0x00,0x08,0xc4,0x8d,0x48,0xd0,0x80,
    0x0b,0x00,0x00,0x00,0x0f,0x81,0x8f,0x80,0x80,0x27,0x27,0x98,0x24,0x4a,0x24,0x80,0x25,0x80,0x25,0x82,
    0x7c,0xc0,0x08,0xc4,0x80,0x48,0xd0,0x80,0x04,0x00,0x00,0x00,0x7c,0xc0,0x08,0xc4,0x84,0x48,0xd0,0x80,
    0x08,0x00,0x00,0x00,0x7c,0xc0,0x08,0xc4,0x81,0x48,0xd0,0x80,0x06,0x00,0x00,0x00,0x7c,0xc0,0x08,0xc4,
    0x85,0x48,0xd0,0x80,0x0a,0x00,0x00,0x00,0x7c,0xc0,0x08,0xc4,0x88,0x48,0xd0,0x80,0x05,0x00,0x00,0x00,
    0x7c,0xc0,0x08,0xc4,0x8c,0x48,0xd0,0x80,0x09,0x00,0x00,0x00,0x7c,0xc0,0x08,0xc4,0x89,0x48,0xd0,0x80,
    0x07,0x00,0x00,0x00,0x7c,0xc0,0x08,0xc4,0x8d,0x48,0xd0,0x80,0x0b,0x00,0x00,0x00,0x0f,0x81,0x8f,0x80,
    0x80,0x27,0x27,0x98,0x24,0x4a,0x24,0x80,0x25,0x80,0x25,0x82,0x40,0x49,0xc0,0xbe,0xc3,0x17,0xa0,0xbf,
    0xff,0x00,0xb8,0xbe,0x44,0xf5,0xff,0xff,0x31,0x83,0x0d,0xbf,0x42,0x46,0xc0,0x98,0x31,0x82,0x0d,0xbf,
    0x38,0xff,0x38,0x98,0x04,0x00,0x00,0x00,0x02,0x00,0xb5,0xbf,0x20,0x00,0xc0,0xbf,0x69,0x03,0x28,0x7f,
    0x71,0x03,0x2c,0x7f,0x76,0x03,0x2a,0x7f,0x7a,0x03,0x2e,0x7f,0x98,0x00,0x0f,0xcc,0x69,0xf1,0x02,0x18,
    0x9a,0x00,0x0f,0xcc,0x71,0xf9,0x02,0x18,0x99,0x00,0x0f,0xcc,0x76,0xff,0x02,0x18,0x9b,0x00,0x0f,0xcc,
    0x7a,0x07,0x03,0x18,0x98,0x00,0x10,0xcc,0x98,0xe1,0x01,0x08,0x9a,0x00,0x10,0xcc,0x9a,0xe1,0x01,0x08,
    0x99,0x00,0x10,0xcc,0x99,0xe1,0x01,0x08,0x9b,0x00,0x10,0xcc,0x9b,0xe1,0x01,0x08,0x98,0x40,0x0e,0xcc,
    0x79,0x53,0x60,0x0e,0x9a,0x40,0x0e,0xcc,0x7d,0x53,0x68,0x0e,0x99,0x40,0x0e,0xcc,0x7e,0x53,0x64,0x0e,
    0x9b,0x40,0x0e,0xcc,0x82,0x53,0x6c,0x0e,0x7c,0x00,0x08,0xc4,0x69,0x48,0xd0,0x80,0x04,0x00,0x00,0x00,
    0x7c,0x00,0x08,0xc4,0x71,0x48,0xd0,0x80,0x08,0x00,0x00,0x00,0x7c,0x00,0x08,0xc4,0x5c,0x48,0xd0,0x80,
    0x06,0x00,0x00,0x00,0x7c,0x00,0x08,0xc4,0x6c,0x48,0xd0,0x80,0x0a,0x00,0x00,0x00,0x7c,0x00,0x08,0xc4,
    0x76,0x48,0xd0,0x80,0x05,0x00,0x00,0x00,0x7c,0x00,0x08,0xc4,0x7a,0x48,0xd0,0x80,0x09,0x00,0x00,0x00,
    0x7c,0x00,0x08,0xc4,0x77,0x48,0xd0,0x80,0x07,0x00,0x00,0x00,0x7c,0x00,0x08,0xc4,0x7b,0x48,0xd0,0x80,
    0x0b,0x00,0x00,0x00,0x0f,0x81,0x8f,0x80,0x80,0x27,0x27,0x98,0x24,0x4a,0x24,0x80,0x25,0x80,0x25,0x82,
    0x7c,0xc0,0x08,0xc4,0x69,0x48,0xd0,0x80,0x04,0x00,0x00,0x00,0x7c,0xc0,0x08,0xc4,0x71,0x48,0xd0,0x80,
    0x08,0x00,0x00,0x00,0x7c,0xc0,0x08,0xc4,0x5c,0x48,0xd0,0x80,0x06,0x00,0x00,0x00,0x7c,0xc0,0x08,0xc4,
    0x6c,0x48,0xd0,0x80,0x0a,0x00,0x00,0x00,0x7c,0xc0,0x08,0xc4,0x76,0x48,0xd0,0x80,0x05,0x00,0x00,0x00,
    0x7c,0xc0,0x08,0xc4,0x7a,0x48,0xd0,0x80,0x09,0x00,0x00,0x00,0x7c,0xc0,0x08,0xc4,0x77,0x48,0xd0,0x80,
    0x07,0x00,0x00,0x00,0x7c,0xc0,0x08,0xc4,0x7b,0x48,0xd0,0x80,0x0b,0x00,0x00,0x00,0x0f,0x81,0x8f,0x80,
    0x80,0x27,0x27,0x98,0x24,0x4a,0x24,0x80,0x25,0x80,0x25,0x82,0x40,0x49,0xc0,0xbe,0x64,0x17,0xa0,0xbf,
    0xff,0x00,0xb8,0xbe,0x54,0xf5,0xff,0xff,0x31,0x84,0x0d,0xbf,0x44,0x48,0xc0,0x98,0x31,0x82,0x0d,0xbf,
    0x38,0xff,0x38,0x98,0x04,0x00,0x00,0x00,0x02,0x00,0xb5,0xbf,0x94,0x50,0x0e,0xcc,0x79,0x53,0x60,0x1e,
    0x96,0x50,0x0e,0xcc,0x7d,0x53,0x68,0x1e,0x95,0x50,0x0e,0xcc,0x7e,0x53,0x64,0x1e,0x97,0x50,0x0e,0xcc,
    0x82,0x53,0x6c,0x1e,0x78,0x03,0x30,0x7f,0x7c,0x03,0x34,0x7f,0x7f,0x03,0x32,0x7f,0x83,0x03,0x36,0x7f,
    0x7c,0x00,0x08,0xc4,0x79,0x48,0xd0,0x80,0x04,0x00,0x00,0x00,0x7c,0x00,0x08,0xc4,0x7d,0x48,0xd0,0x80,
    0x08,0x00,0x00,0x00,0x7c,0x00,0x08,0xc4,0x78,0x48,0xd0,0x80,0x06,0x00,0x00,0x00,0x7c,0x00,0x08,0xc4,
    0x7c,0x48,0xd0,0x80,0x0a,0x00,0x00,0x00,0x7c,0x00,0x08,0xc4,0x7e,0x48,0xd0,0x80,0x05,0x00,0x00,0x00,
    0x7c,0x00,0x08,0xc4,0x82,0x48,0xd0,0x80,0x09,0x00,0x00,0x00,0x7c,0x00,0x08,0xc4,0x7f,0x48,0xd0,0x80,
    0x07,0x00,0x00,0x00,0x7c,0x00,0x08,0xc4,0x83,0x48,0xd0,0x80,0x0b,0x00,0x00,0x00,0x0f,0x81,0x8f,0x80,
    0x80,0x27,0x27,0x98,0x24,0x4a,0x24,0x80,0x25,0x80,0x25,0x82,0x7c,0xc0,0x08,0xc4,0x79,0x48,0xd0,0x80,
    0x04,0x00,0x00,0x00,0x7c,0xc0,0x08,0xc4,0x7d,0x48,0xd0,0x80,0x08,0x00,0x00,0x00,0x7c,0xc0,0x08,0xc4,
    0x78,0x48,0xd0,0x80,0x06,0x00,0x00,0x00,0x7c,0xc0,0x08,0xc4,0x7c,0x48,0xd0,0x80,0x0a,0x00,0x00,0x00,
    0x7c,0xc0,0x08,0xc4,0x7e,0x48,0xd0,0x80,0x05,0x00,0x00,0x00,0x7c,0xc0,0x08,0xc4,0x82,0x48,0xd0,0x80,
    0x09,0x00,0x00,0x00,0x7c,0xc0,0x08,0xc4,0x7f,0x48,0xd0,0x80,0x07,0x00,0x00,0x00,0x7c,0xc0,0x08,0xc4,
    0x83,0x48,0xd0,0x80,0x0b,0x00,0x00,0x00,0x0f,0x81,0x8f,0x80,0x80,0x27,0x27,0x98,0x24,0x4a,0x24,0x80,
    0x25,0x80,0x25,0x82,0x40,0x49,0xc0,0xbe,0x16,0x17,0xa0,0xbf,0xff,0x00,0xb8,0xbe,0x24,0xf5,0xff,0xff,
    0x31,0x83,0x0d,0xbf,0x42,0x46,0xc0,0x98,0x31,0x82,0x0d,0xbf,0x38,0xff,0x38,0x98,0x04,0x00,0x00,0x00,
    0x02,0x00,0xb5,0xbf,0x20,0x00,0xc0,0xbf,0x86,0x03,0x28,0x7f,0x8a,0x03,0x2c,0x7f,0x80,0x03,0x2a,0x7f,
    0x84,0x03,0x2e,0x7f,0x98,0x00,0x0f,0xcc,0x86,0x1f,0x03,0x18,0x9a,0x00,0x0f,0xcc,0x8a,0x27,0x03,0x18,
    0x99,0x00,0x0f,0xcc,0x80,0x13,0x03,0x18,0x9b,0x00,0x0f,0xcc,0x84,0x1b,0x03,0x18,0x98,0x00,0x10,0xcc,
    0x98,0xe1,0x01,0x08,0x9a,0x00,0x10,0xcc,0x9a,0xe1,0x01,0x08,0x99,0x00,0x10,0xcc,0x99,0xe1,0x01,0x08,
    0x9b,0x00,0x10,0xcc,0x9b,0xe1,0x01,0x08,0x98,0x40,0x0e,0xcc,0x8e,0x53,0x60,0x0e,0x9a,0x40,0x0e,0xcc,
    0x92,0x53,0x68,0x0e,0x99,0x40,0x0e,0xcc,0x88,0x53,0x64,0x0e,0x9b,0x40,0x0e,0xcc,0x8c,0x53,0x6c,0x0e,
    0x7c,0x00,0x08,0xc4,0x86,0x48,0xd0,0x80,0x04,0x00,0x00,0x00,0x7c,0x00,0x08,0xc4,0x8a,0x48,0xd0,0x80,
    0x08,0x00,0x00,0x00,0x7c,0x00,0x08,0xc4,0x87,0x48,0xd0,0x80,0x06,0x00,0x00,0x00,0x7c,0x00,0x08,0xc4,
    0x8b,0x48,0xd0,0x80,0x0a,0x00,0x00,0x00,0x7c,0x00,0x08,0xc4,0x80,0x48,0xd0,0x80,0x05,0x00,0x00,0x00,
    0x7c,0x00,0x08,0xc4,0x84,0x48,0xd0,0x80,0x09,0x00,0x00,0x00,0x7c,0x00,0x08,0xc4,0x81,0x48,0xd0,0x80,
    0x07,0x00,0x00,0x00,0x7c,0x00,0x08,0xc4,0x85,0x48,0xd0,0x80,0x0b,0x00,0x00,0x00,0x0f,0x81,0x8f,0x80,
    0x80,0x27,0x27,0x98,0x24,0x4a,0x24,0x80,0x25,0x80,0x25,0x82,0x7c,0xc0,0x08,0xc4,0x86,0x48,0xd0,0x80,
    0x04,0x00,0x00,0x00,0x7c,0xc0,0x08,0xc4,0x8a,0x48,0xd0,0x80,0x08,0x00,0x00,0x00,0x7c,0xc0,0x08,0xc4,
    0x87,0x48,0xd0,0x80,0x06,0x00,0x00,0x00,0x7c,0xc0,0x08,0xc4,0x8b,0x48,0xd0,0x80,0x0a,0x00,0x00,0x00,
    0x7c,0xc0,0x08,0xc4,0x80,0x48,0xd0,0x80,0x05,0x00,0x00,0x00,0x7c,0xc0,0x08,0xc4,0x84,0x48,0xd0,0x80,
    0x09,0x00,0x00,0x00,0x7c,0xc0,0x08,0xc4,0x81,0x48,0xd0,0x80,0x07,0x00,0x00,0x00,0x7c,0xc0,0x08,0xc4,
    0x85,0x48,0xd0,0x80,0x0b,0x00,0x00,0x00,0x0f,0x81,0x8f,0x80,0x80,0x27,0x27,0x98,0x24,0x4a,0x24,0x80,
    0x25,0x80,0x25,0x82,0x40,0x49,0xc0,0xbe,0xb7,0x16,0xa0,0xbf,0xff,0x00,0xb8,0xbe,0xe4,0xea,0xff,0xff,
    0x31,0x84,0x0d,0xbf,0x44,0x48,0xc0,0x98,0x31,0x82,0x0d,0xbf,0x38,0xff,0x38,0x98,0x34,0xf5,0xff,0xff,
    0x02,0x00,0xb5,0xbf,0x94,0x50,0x0e,0xcc,0x8e,0x53,0x60,0x1e,0x96,0x50,0x0e,0xcc,0x92,0x53,0x68,0x1e,
    0x95,0x50,0x0e,0xcc,0x88,0x53,0x64,0x1e,0x97,0x50,0x0e,0xcc,0x8c,0x53,0x6c,0x1e,0x8f,0x03,0x30,0x7f,
    0x93,0x03,0x34,0x7f,0x89,0x03,0x32,0x7f,0x8d,0x03,0x36,0x7f,0x7c,0x00,0x08,0xc4,0x8e,0x48,0xd0,0x80,
    0x04,0x00,0x00,0x00,0x7c,0x00,0x08,0xc4,0x92,0x48,0xd0,0x80,0x08,0x00,0x00,0x00,0x7c,0x00,0x08,0xc4,
    0x8f,0x48,0xd0,0x80,0x06,0x00,0x00,0x00,0x7c,0x00,0x08,0xc4,0x93,0x48,0xd0,0x80,0x0a,0x00,0x00,0x00,
    0x7c,0x00,0x08,0xc4,0x88,0x48,0xd0,0x80,0x05,0x00,0x00,0x00,0x7c,0x00,0x08,0xc4,0x8c,0x48,0xd0,0x80,
    0x09,0x00,0x00,0x00,0x7c,0x00,0x08,0xc4,0x89,0x48,0xd0,0x80,0x07,0x00,0x00,0x00,0x7c,0x00,0x08,0xc4,
    0x8d,0x48,0xd0,0x80,0x0b,0x00,0x00,0x00,0x0f,0x81,0x8f,0x80,0x80,0x27,0x27,0x98,0x24,0x4a,0x24,0x80,
    0x25,0x80,0x25,0x82,0x7c,0xc0,0x08,0xc4,0x8e,0x48,0xd0,0x80,0x04,0x00,0x00,0x00,0x7c,0xc0,0x08,0xc4,
    0x92,0x48,0xd0,0x80,0x08,0x00,0x00,0x00,0x7c,0xc0,0x08,0xc4,0x8f,0x48,0xd0,0x80,0x06,0x00,0x00,0x00,
    0x7c,0xc0,0x08,0xc4,0x93,0x48,0xd0,0x80,0x0a,0x00,0x00,0x00,0x7c,0xc0,0x08,0xc4,0x88,0x48,0xd0,0x80,
    0x05,0x00,0x00,0x00,0x7c,0xc0,0x08,0xc4,0x8c,0x48,0xd0,0x80,0x09,0x00,0x00,0x00,0x7c,0xc0,0x08,0xc4,
    0x89,0x48,0xd0,0x80,0x07,0x00,0x00,0x00,0x7c,0xc0,0x08,0xc4,0x8d,0x48,0xd0,0x80,0x0b,0x00,0x00,0x00,
    0x0f,0x81,0x8f,0x80,0x80,0x27,0x27,0x98,0x24,0x4a,0x24,0x80,0x25,0x80,0x25,0x82,0x40,0x49,0xc0,0xbe,
    0x69,0x16,0xa0,0xbf,0xff,0x00,0xb8,0xbe,0x04,0x00,0x00,0x00,0x31,0x83,0x0d,0xbf,0x42,0x46,0xc0,0x98,
    0x31,0x82,0x0d,0xbf,0x38,0xff,0x38,0x98,0x84,0x0a,0x00,0x00,0x02,0x00,0xb5,0xbf,0x20,0x00,0xc0,0xbf,
    0x94,0x01,0x0f,0xcc,0x5c,0xd3,0x02,0x38,0x96,0x01,0x0f,0xcc,0x6c,0xe3,0x02,0x38,0x95,0x01,0x0f,0xcc,
    0x78,0xf3,0x02,0x38,0x97,0x01,0x0f,0xcc,0x7c,0xfb,0x02,0x38,0x98,0x50,0x0e,0xcc,0x5c,0x51,0xd8,0x1d,
    0x9a,0x50,0x0e,0xcc,0x6c,0x51,0xe8,0x1d,0x99,0x50,0x0e,0xcc,0x78,0x51,0xf8,0x1d,0x9b,0x50,0x0e,0xcc,
    0x7c,0x51,0x08,0x1e,0x7c,0x00,0x08,0xc4,0x69,0x48,0x80,0x80,0x04,0x00,0x00,0x00,0x7c,0x00,0x08,0xc4,
    0x71,0x48,0x80,0x80,0x08,0x00,0x00,0x00,0x7c,0x00,0x08,0xc4,0x5c,0x48,0x80,0x80,0x06,0x00,0x00,0x00,
    0x7c,0x00,0x08,0xc4,0x6c,0x48,0x80,0x80,0x0a,0x00,0x00,0x00,0x7c,0x00,0x08,0xc4,0x79,0x48,0x80,0x80,
    0x05,0x00,0x00,0x00,0x7c,0x00,0x08,0xc4,0x7d,0x48,0x80,0x80,0x09,0x00,0x00,0x00,0x7c,0x00,0x08,0xc4,
    0x78,0x48,0x80,0x80,0x07,0x00,0x00,0x00,0x7c,0x00,0x08,0xc4,0x7c,0x48,0x80,0x80,0x0b,0x00,0x00,0x00,
    0x0f,0x81,0x8f,0x80,0x80,0x27,0x27,0x98,0x24,0x4a,0x24,0x80,0x25,0x80,0x25,0x82,0x7c,0xc0,0x08,0xc4,
    0x69,0x48,0x80,0x80,0x04,0x00,0x00,0x00,0x7c,0xc0,0x08,0xc4,0x71,0x48,0x80,0x80,0x08,0x00,0x00,0x00,
    0x7c,0xc0,0x08,0xc4,0x5c,0x48,0x80,0x80,0x06,0x00,0x00,0x00,0x7c,0xc0,0x08,0xc4,0x6c,0x48,0x80,0x80,
    0x0a,0x00,0x00,0x00,0x7c,0xc0,0x08,0xc4,0x79,0x48,0x80,0x80,0x05,0x00,0x00,0x00,0x7c,0xc0,0x08,0xc4,
    0x7d,0x48,0x80,0x80,0x09,0x00,0x00,0x00,0x7c,0xc0,0x08,0xc4,0x78,0x48,0x80,0x80,0x07,0x00,0x00,0x00,
    0x7c,0xc0,0x08,0xc4,0x7c,0x48,0x80,0x80,0x0b,0x00,0x00,0x00,0x0f,0x81,0x8f,0x80,0x80,0x27,0x27,0x98,
    0x24,0x4a,0x24,0x80,0x25,0x80,0x25,0x82,0x40,0x49,0xc0,0xbe,0x16,0x16,0xa0,0xbf,0xff,0x00,0xb8,0xbe,
    0x04,0x00,0x00,0x00,0x31,0x84,0x0d,0xbf,0x44,0x48,0xc0,0x98,0x31,0x82,0x0d,0xbf,0x38,0xff,0x38,0x98,
    0x74,0x0a,0x00,0x00,0x02,0x00,0xb5,0xbf,0x94,0x40,0x0e,0xcc,0x76,0x51,0x60,0x0e,0x96,0x40,0x0e,0xcc,
    0x7a,0x51,0x68,0x0e,0x95,0x40,0x0e,0xcc,0x7e,0x51,0x64,0x0e,0x97,0x40,0x0e,0xcc,0x82,0x51,0x6c,0x0e,
    0x98,0x01,0x0f,0xcc,0x76,0xef,0x02,0x38,0x9a,0x01,0x0f,0xcc,0x7a,0xf7,0x02,0x38,0x99,0x01,0x0f,0xcc,
    0x7e,0xff,0x02,0x38,0x9b,0x01,0x0f,0xcc,0x82,0x07,0x03,0x38,0x7c,0x00,0x08,0xc4,0x76,0x48,0x80,0x80,
    0x04,0x00,0x00,0x00,0x7c,0x00,0x08,0xc4,0x7a,0x48,0x80,0x80,0x08,0x00,0x00,0x00,0x7c,0x00,0x08,0xc4,
    0x77,0x48,0x80,0x80,0x06,0x00,0x00,0x00,0x7c,0x00,0x08,0xc4,0x7b,0x48,0x80,0x80,0x0a,0x00,0x00,0x00,
    0x7c,0x00,0x08,0xc4,0x7e,0x48,0x80,0x80,0x05,0x00,0x00,0x00,0x7c,0x00,0x08,0xc4,0x82,0x48,0x80,0x80,
    0x09,0x00,0x00,0x00,0x7c,0x00,0x08,0xc4,0x7f,0x48,0x80,0x80,0x07,0x00,0x00,0x00,0x7c,0x00,0x08,0xc4,
    0x83,0x48,0x80,0x80,0x0b,0x00,0x00,0x00,0x0f,0x81,0x8f,0x80,0x80,0x27,0x27,0x98,0x24,0x4a,0x24,0x80,
    0x25,0x80,0x25,0x82,0x7c,0xc0,0x08,0xc4,0x76,0x48,0x80,0x80,0x04,0x00,0x00,0x00,0x7c,0xc0,0x08,0xc4,
    0x7a,0x48,0x80,0x80,0x08,0x00,0x00,0x00,0x7c,0xc0,0x08,0xc4,0x77,0x48,0x80,0x80,0x06,0x00,0x00,0x00,
    0x7c,0xc0,0x08,0xc4,0x7b,0x48,0x80,0x80,0x0a,0x00,0x00,0x00,0x7c,0xc0,0x08,0xc4,0x7e,0x48,0x80,0x80,
    0x05,0x00,0x00,0x00,0x7c,0xc0,0x08,0xc4,0x82,0x48,0x80,0x80,0x09,0x00,0x00,0x00,0x7c,0xc0,0x08,0xc4,
    0x7f,0x48,0x80,0x80,0x07,0x00,0x00,0x00,0x7c,0xc0,0x08,0xc4,0x83,0x48,0x80,0x80,0x0b,0x00,0x00,0x00,
    0x0f,0x81,0x8f,0x80,0x80,0x27,0x27,0x98,0x24,0x4a,0x24,0x80,0x25,0x80,0x25,0x82,0x40,0x49,0xc0,0xbe,
    0xc4,0x15,0xa0,0xbf,0xff,0x00,0xb8,0xbe,0x04,0x00,0x00,0x00,0x31,0x83,0x0d,0xbf,0x42,0x46,0xc0,0x98,
    0x31,0x82,0x0d,0xbf,0x38,0xff,0x38,0x98,0xa4,0x0a,0x00,0x00,0x02,0x00,0xb5,0xbf,0x20,0x00,0xc0,0xbf,
    0x94,0x01,0x0f,0xcc,0x87,0x0d,0x03,0x38,0x96,0x01,0x0f,0xcc,0x8b,0x15,0x03,0x38,0x95,0x01,0x0f,0xcc,
    0x8f,0x1d,0x03,0x38,0x97,0x01,0x0f,0xcc,0x93,0x25,0x03,0x38,0x98,0x50,0x0e,0xcc,0x87,0x51,0x00,0x1e,
    0x9a,0x50,0x0e,0xcc,0x8b,0x51,0x10,0x1e,0x99,0x50,0x0e,0xcc,0x8f,0x51,0x20,0x1e,0x9b,0x50,0x0e,0xcc,
    0x93,0x51,0x30,0x1e,0x7c,0x00,0x08,0xc4,0x86,0x48,0x80,0x80,0x04,0x00,0x00,0x00,0x7c,0x00,0x08,0xc4,
    0x8a,0x48,0x80,0x80,0x08,0x00,0x00,0x00,0x7c,0x00,0x08,0xc4,0x87,0x48,0x80,0x80,0x06,0x00,0x00,0x00,
    0x7c,0x00,0x08,0xc4,0x8b,0x48,0x80,0x80,0x0a,0x00,0x00,0x00,0x7c,0x00,0x08,0xc4,0x8e,0x48,0x80,0x80,
    0x05,0x00,0x00,0x00,0x7c,0x00,0x08,0xc4,0x92,0x48,0x80,0x80,0x09,0x00,0x00,0x00,0x7c,0x00,0x08,0xc4,
    0x8f,0x48,0x80,0x80,0x07,0x00,0x00,0x00,0x7c,0x00,0x08,0xc4,0x93,0x48,0x80,0x80,0x0b,0x00,0x00,0x00,
    0x0f,0x81,0x8f,0x80,0x80,0x27,0x27,0x98,0x24,0x4a,0x24,0x80,0x25,0x80,0x25,0x82,0x7c,0xc0,0x08,0xc4,
    0x86,0x48,0x80,0x80,0x04,0x00,0x00,0x00,0x7c,0xc0,0x08,0xc4,0x8a,0x48,0x80,0x80,0x08,0x00,0x00,0x00,
    0x7c,0xc0,0x08,0xc4,0x87,0x48,0x80,0x80,0x06,0x00,0x00,0x00,0x7c,0xc0,0x08,0xc4,0x8b,0x48,0x80,0x80,
    0x0a,0x00,0x00,0x00,0x7c,0xc0,0x08,0xc4,0x8e,0x48,0x80,0x80,0x05,0x00,0x00,0x00,0x7c,0xc0,0x08,0xc4,
    0x92,0x48,0x80,0x80,0x09,0x00,0x00,0x00,0x7c,0xc0,0x08,0xc4,0x8f,0x48,0x80,0x80,0x07,0x00,0x00,0x00,
    0x7c,0xc0,0x08,0xc4,0x93,0x48,0x80,0x80,0x0b,0x00,0x00,0x00,0x0f,0x81,0x8f,0x80,0x80,0x27,0x27,0x98,
    0x24,0x4a,0x24,0x80,0x25,0x80,0x25,0x82,0x40,0x49,0xc0,0xbe,0x71,0x15,0xa0,0xbf,0xff,0x00,0xb8,0xbe,
    0x04,0x00,0x00,0x00,0x31,0x84,0x0d,0xbf,0x44,0x48,0xc0,0x98,0x31,0x82,0x0d,0xbf,0x38,0xff,0x38,0x98,
    0x94,0x0a,0x00,0x00,0x02,0x00,0xb5,0xbf,0x94,0x40,0x0e,0xcc,0x80,0x51,0x60,0x0e,0x96,0x40,0x0e,0xcc,
    0x84,0x51,0x68,0x0e,0x95,0x40,0x0e,0xcc,0x88,0x51,0x64,0x0e,0x97,0x40,0x0e,0xcc,0x8c,0x51,0x6c,0x0e,
    0x98,0x01,0x0f,0xcc,0x80,0x03,0x03,0x38,0x9a,0x01,0x0f,0xcc,0x84,0x0b,0x03,0x38,0x99,0x01,0x0f,0xcc,
    0x88,0x13,0x03,0x38,0x9b,0x01,0x0f,0xcc,0x8c,0x1b,0x03,0x38,0x7c,0x00,0x08,0xc4,0x80,0x48,0x80,0x80,
    0x04,0x00,0x00,0x00,0x7c,0x00,0x08,0xc4,0x84,0x48,0x80,0x80,0x08,0x00,0x00,0x00,0x7c,0x00,0x08,0xc4,
    0x81,0x48,0x80,0x80,0x06,0x00,0x00,0x00,0x7c,0x00,0x08,0xc4,0x85,0x48,0x80,0x80,0x0a,0x00,0x00,0x00,
    0x7c,0x00,0x08,0xc4,0x88,0x48,0x80,0x80,0x05,0x00,0x00,0x00,0x7c,0x00,0x08,0xc4,0x8c,0x48,0x80,0x80,
    0x09,0x00,0x00,0x00,0x7c,0x00,0x08,0xc4,0x89,0x48,0x80,0x80,0x07,0x00,0x00,0x00,0x7c,0x00,0x08,0xc4,
    0x8d,0x48,0x80,0x80,0x0b,0x00,0x00,0x00,0x0f,0x81,0x8f,0x80,0x80,0x27,0x27,0x98,0x24,0x4a,0x24,0x80,
    0x25,0x80,0x25,0x82,0x7c,0xc0,0x08,0xc4,0x80,0x48,0x80,0x80,0x04,0x00,0x00,0x00,0x7c,0xc0,0x08,0xc4,
    0x84,0x48,0x80,0x80,0x08,0x00,0x00,0x00,0x7c,0xc0,0x08,0xc4,0x81,0x48,0x80,0x80,0x06,0x00,0x00,0x00,
    0x7c,0xc0,0x08,0xc4,0x85,0x48,0x80,0x80,0x0a,0x00,0x00,0x00,0x7c,0xc0,0x08,0xc4,0x88,0x48,0x80,0x80,
    0x05,0x00,0x00,0x00,0x7c,0xc0,0x08,0xc4,0x8c,0x48,0x80,0x80,0x09,0x00,0x00,0x00,0x7c,0xc0,0x08,0xc4,
    0x89,0x48,0x80,0x80,0x07,0x00,0x00,0x00,0x7c,0xc0,0x08,0xc4,0x8d,0x48,0x80,0x80,0x0b,0x00,0x00,0x00,
    0x0f,0x81,0x8f,0x80,0x80,0x27,0x27,0x98,0x24,0x4a,0x24,0x80,0x25,0x80,0x25,0x82,0x40,0x49,0xc0,0xbe,
    0x1f,0x15,0xa0,0xbf,0xff,0x00,0xb8,0xbe,0x04,0x00,0x00,0x00,0x31,0x83,0x0d,0xbf,0x42,0x46,0xc0,0x98,
    0x31,0x82,0x0d,0xbf,0x38,0xff,0x38,0x98,0xc4,0x0a,0x00,0x00,0x02,0x00,0xb5,0xbf,0x20,0x00,0xc0,0xbf,
    0x94,0x01,0x0f,0xcc,0x5c,0xd3,0x02,0x38,0x96,0x01,0x0f,0xcc,0x6c,0xe3,0x02,0x38,0x95,0x01,0x0f,0xcc,
    0x77,0xed,0x02,0x38,0x97,0x01,0x0f,0xcc,0x7b,0xf5,0x02,0x38,0x98,0x50,0x0e,0xcc,0x5c,0x51,0xe4,0x1d,
    0x9a,0x50,0x0e,0xcc,0x6c,0x51,0xf4,0x1d,0x99,0x50,0x0e,0xcc,0x77,0x51,0xf8,0x1d,0x9b,0x50,0x0e,0xcc,
    0x7b,0x51,0x08,0x1e,0x7c,0x00,0x08,0xc4,0x69,0x48,0x80,0x80,0x04,0x00,0x00,0x00,0x7c,0x00,0x08,0xc4,
    0x71,0x48,0x80,0x80,0x08,0x00,0x00,0x00,0x7c,0x00,0x08,0xc4,0x5c,0x48,0x80,0x80,0x06,0x00,0x00,0x00,
    0x7c,0x00,0x08,0xc4,0x6c,0x48,0x80,0x80,0x0a,0x00,0x00,0x00,0x7c,0x00,0x08,0xc4,0x76,0x48,0x80,0x80,
    0x05,0x00,0x00,0x00,0x7c,0x00,0x08,0xc4,0x7a,0x48,0x80,0x80,0x09,0x00,0x00,0x00,0x7c,0x00,0x08,0xc4,
    0x77,0x48,0x80,0x80,0x07,0x00,0x00,0x00,0x7c,0x00,0x08,0xc4,0x7b,0x48,0x80,0x80,0x0b,0x00,0x00,0x00,
    0x0f,0x81,0x8f,0x80,0x80,0x27,0x27,0x98,0x24,0x4a,0x24,0x80,0x25,0x80,0x25,0x82,0x7c,0xc0,0x08,0xc4,
    0x69,0x48,0x80,0x80,0x04,0x00,0x00,0x00,0x7c,0xc0,0x08,0xc4,0x71,0x48,0x80,0x80,0x08,0x00,0x00,0x00,
    0x7c,0xc0,0x08,0xc4,0x5c,0x48,0x80,0x80,0x06,0x00,0x00,0x00,0x7c,0xc0,0x08,0xc4,0x6c,0x48,0x80,0x80,
    0x0a,0x00,0x00,0x00,0x7c,0xc0,0x08,0xc4,0x76,0x48,0x80,0x80,0x05,0x00,0x00,0x00,0x7c,0xc0,0x08,0xc4,
    0x7a,0x48,0x80,0x80,0x09,0x00,0x00,0x00,0x7c,0xc0,0x08,0xc4,0x77,0x48,0x80,0x80,0x07,0x00,0x00,0x00,
    0x7c,0xc0,0x08,0xc4,0x7b,0x48,0x80,0x80,0x0b,0x00,0x00,0x00,0x0f,0x81,0x8f,0x80,0x80,0x27,0x27,0x98,
    0x24,0x4a,0x24,0x80,0x25,0x80,0x25,0x82,0x40,0x49,0xc0,0xbe,0xcc,0x14,0xa0,0xbf,0xff,0x00,0xb8,0xbe,
    0x04,0x00,0x00,0x00,0x31,0x84,0x0d,0xbf,0x44,0x48,0xc0,0x98,0x31,0x82,0x0d,0xbf,0x38,0xff,0x38,0x98,
    0xb4,0x0a,0x00,0x00,0x02,0x00,0xb5,0xbf,0x94,0x40,0x0e,0xcc,0x79,0x51,0x60,0x0e,0x96,0x40,0x0e,0xcc,
    0x7d,0x51,0x68,0x0e,0x95,0x40,0x0e,0xcc,0x7e,0x51,0x64,0x0e,0x97,0x40,0x0e,0xcc,0x82,0x51,0x6c,0x0e,
    0x98,0x01,0x0f,0xcc,0x79,0xf1,0x02,0x38,0x9a,0x01,0x0f,0xcc,0x7d,0xf9,0x02,0x38,0x99,0x01,0x0f,0xcc,
    0x7e,0xff,0x02,0x38,0x9b,0x01,0x0f,0xcc,0x82,0x07,0x03,0x38,0x7c,0x00,0x08,0xc4,0x79,0x48,0x80,0x80,
    0x04,0x00,0x00,0x00,0x7c,0x00,0x08,0xc4,0x7d,0x48,0x80,0x80,0x08,0x00,0x00,0x00,0x7c,0x00,0x08,0xc4,
    0x78,0x48,0x80,0x80,0x06,0x00,0x00,0x00,0x7c,0x00,0x08,0xc4,0x7c,0x48,0x80,0x80,0x0a,0x00,0x00,0x00,
    0x7c,0x00,0x08,0xc4,0x7e,0x48,0x80,0x80,0x05,0x00,0x00,0x00,0x7c,0x00,0x08,0xc4,0x82,0x48,0x80,0x80,
    0x09,0x00,0x00,0x00,0x7c,0x00,0x08,0xc4,0x7f,0x48,0x80,0x80,0x07,0x00,0x00,0x00,0x7c,0x00,0x08,0xc4,
    0x83,0x48,0x80,0x80,0x0b,0x00,0x00,0x00,0x0f,0x81,0x8f,0x80,0x80,0x27,0x27,0x98,0x24,0x4a,0x24,0x80,
    0x25,0x80,0x25,0x82,0x7c,0xc0,0x08,0xc4,0x79,0x48,0x80,0x80,0x04,0x00,0x00,0x00,0x7c,0xc0,0x08,0xc4,
    0x7d,0x48,0x80,0x80,0x08,0x00,0x00,0x00,0x7c,0xc0,0x08,0xc4,0x78,0x48,0x80,0x80,0x06,0x00,0x00,0x00,
    0x7c,0xc0,0x08,0xc4,0x7c,0x48,0x80,0x80,0x0a,0x00,0x00,0x00,0x7c,0xc0,0x08,0xc4,0x7e,0x48,0x80,0x80,
    0x05,0x00,0x00,0x00,0x7c,0xc0,0x08,0xc4,0x82,0x48,0x80,0x80,0x09,0x00,0x00,0x00,0x7c,0xc0,0x08,0xc4,
    0x7f,0x48,0x80,0x80,0x07,0x00,0x00,0x00,0x7c,0xc0,0x08,0xc4,0x83,0x48,0x80,0x80,0x0b,0x00,0x00,0x00,
    0x0f,0x81,0x8f,0x80,0x80,0x27,0x27,0x98,0x24,0x4a,0x24,0x80,0x25,0x80,0x25,0x82,0x40,0x49,0xc0,0xbe,
    0x7a,0x14,0xa0,0xbf,0xff,0x00,0xb8,0xbe,0x04,0x00,0x00,0x00,0x31,0x83,0x0d,0xbf,0x42,0x46,0xc0,0x98,
    0x31,0x82,0x0d,0xbf,0x38,0xff,0x38,0x98,0xe4,0x0a,0x00,0x00,0x02,0x00,0xb5,0xbf,0x20,0x00,0xc0,0xbf,
    0x94,0x01,0x0f,0xcc,0x87,0x0d,0x03,0x38,0x96,0x01,0x0f,0xcc,0x8b,0x15,0x03,0x38,0x95,0x01,0x0f,0xcc,
    0x81,0x01,0x03,0x38,0x97,0x01,0x0f,0xcc,0x85,0x09,0x03,0x38,0x98,0x50,0x0e,0xcc,0x87,0x51,0x38,0x1e,
    0x9a,0x50,0x0e,0xcc,0x8b,0x51,0x48,0x1e,0x99,0x50,0x0e,0xcc,0x81,0x51,0x20,0x1e,0x9b,0x50,0x0e,0xcc,
    0x85,0x51,0x30,0x1e,0x7c,0x00,0x08,0xc4,0x86,0x48,0x80,0x80,0x04,0x00,0x00,0x00,0x7c,0x00,0x08,0xc4,
    0x8a,0x48,0x80,0x80,0x08,0x00,0x00,0x00,0x7c,0x00,0x08,0xc4,0x87,0x48,0x80,0x80,0x06,0x00,0x00,0x00,
    0x7c,0x00,0x08,0xc4,0x8b,0x48,0x80,0x80,0x0a,0x00,0x00,0x00,0x7c,0x00,0x08,0xc4,0x80,0x48,0x80,0x80,
    0x05,0x00,0x00,0x00,0x7c,0x00,0x08,0xc4,0x84,0x48,0x80,0x80,0x09,0x00,0x00,0x00,0x7c,0x00,0x08,0xc4,
    0x81,0x48,0x80,0x80,0x07,0x00,0x00,0x00,0x7c,0x00,0x08,0xc4,0x85,0x48,0x80,0x80,0x0b,0x00,0x00,0x00,
    0x0f,0x81,0x8f,0x80,0x80,0x27,0x27,0x98,0x24,0x4a,0x24,0x80,0x25,0x80,0x25,0x82,0x7c,0xc0,0x08,0xc4,
    0x86,0x48,0x80,0x80,0x04,0x00,0x00,0x00,0x7c,0xc0,0x08,0xc4,0x8a,0x48,0x80,0x80,0x08,0x00,0x00,0x00,
    0x7c,0xc0,0x08,0xc4,0x87,0x48,0x80,0x80,0x06,0x00,0x00,0x00,0x7c,0xc0,0x08,0xc4,0x8b,0x48,0x80,0x80,
    0x0a,0x00,0x00,0x00,0x7c,0xc0,0x08,0xc4,0x80,0x48,0x80,0x80,0x05,0x00,0x00,0x00,0x7c,0xc0,0x08,0xc4,
    0x84,0x48,0x80,0x80,0x09,0x00,0x00,0x00,0x7c,0xc0,0x08,0xc4,0x81,0x48,0x80,0x80,0x07,0x00,0x00,0x00,
    0x7c,0xc0,0x08,0xc4,0x85,0x48,0x80,0x80,0x0b,0x00,0x00,0x00,0x0f,0x81,0x8f,0x80,0x80,0x27,0x27,0x98,
    0x24,0x4a,0x24,0x80,0x25,0x80,0x25,0x82,0x40,0x49,0xc0,0xbe,0x27,0x14,0xa0,0xbf,0xff,0x00,0xb8,0xbe,
    0xb4,0xf5,0xff,0xff,0x31,0x84,0x0d,0xbf,0x44,0x48,0xc0,0x98,0x31,0x82,0x0d,0xbf,0x38,0xff,0x38,0x98,
    0x04,0x00,0x00,0x00,0x02,0x00,0xb5,0xbf,0x94,0x40,0x0e,0xcc,0x8e,0x51,0x60,0x0e,0x96,0x40,0x0e,0xcc,
    0x92,0x51,0x68,0x0e,0x95,0x40,0x0e,0xcc,0x88,0x51,0x64,0x0e,0x97,0x40,0x0e,0xcc,0x8c,0x51,0x6c,0x0e,
    0x98,0x01,0x0f,0xcc,0x8e,0x1f,0x03,0x38,0x9a,0x01,0x0f,0xcc,0x92,0x27,0x03,0x38,0x99,0x01,0x0f,0xcc,
    0x88,0x13,0x03,0x38,0x9b,0x01,0x0f,0xcc,0x8c,0x1b,0x03,0x38,0x7c,0x00,0x08,0xc4,0x8e,0x48,0x80,0x80,
    0x04,0x00,0x00,0x00,0x7c,0x00,0x08,0xc4,0x92,0x48,0x80,0x80,0x08,0x00,0x00,0x00,0x7c,0x00,0x08,0xc4,
    0x8f,0x48,0x80,0x80,0x06,0x00,0x00,0x00,0x7c,0x00,0x08,0xc4,0x93,0x48,0x80,0x80,0x0a,0x00,0x00,0x00,
    0x7c,0x00,0x08,0xc4,0x88,0x48,0x80,0x80,0x05,0x00,0x00,0x00,0x7c,0x00,0x08,0xc4,0x8c,0x48,0x80,0x80,
    0x09,0x00,0x00,0x00,0x7c,0x00,0x08,0xc4,0x89,0x48,0x80,0x80,0x07,0x00,0x00,0x00,0x7c,0x00,0x08,0xc4,
    0x8d,0x48,0x80,0x80,0x0b,0x00,0x00,0x00,0x0f,0x81,0x8f,0x80,0x80,0x27,0x27,0x98,0x24,0x4a,0x24,0x80,
    0x25,0x80,0x25,0x82,0x7c,0xc0,0x08,0xc4,0x8e,0x48,0x80,0x80,0x04,0x00,0x00,0x00,0x7c,0xc0,0x08,0xc4,
    0x92,0x48,0x80,0x80,0x08,0x00,0x00,0x00,0x7c,0xc0,0x08,0xc4,0x8f,0x48,0x80,0x80,0x06,0x00,0x00,0x00,
    0x7c,0xc0,0x08,0xc4,0x93,0x48,0x80,0x80,0x0a,0x00,0x00,0x00,0x7c,0xc0,0x08,0xc4,0x88,0x48,0x80,0x80,
    0x05,0x00,0x00,0x00,0x7c,0xc0,0x08,0xc4,0x8c,0x48,0x80,0x80,0x09,0x00,0x00,0x00,0x7c,0xc0,0x08,0xc4,
    0x89,0x48,0x80,0x80,0x07,0x00,0x00,0x00,0x7c,0xc0,0x08,0xc4,0x8d,0x48,0x80,0x80,0x0b,0x00,0x00,0x00,
    0x0f,0x81,0x8f,0x80,0x80,0x27,0x27,0x98,0x24,0x4a,0x24,0x80,0x25,0x80,0x25,0x82,0x40,0x49,0xc0,0xbe,
    0xd5,0x13,0xa0,0xbf,0xff,0x00,0xb8,0xbe,0x84,0xf5,0xff,0xff,0x31,0x83,0x0d,0xbf,0x42,0x46,0xc0,0x98,
    0x31,0x82,0x0d,0xbf,0x38,0xff,0x38,0x98,0x04,0x00,0x00,0x00,0x02,0x00,0xb5,0xbf,0x20,0x00,0xc0,0xbf,
    0x69,0x03,0x28,0x7f,0x71,0x03,0x2c,0x7f,0x79,0x03,0x2a,0x7f,0x7d,0x03,0x2e,0x7f,0x98,0x00,0x0f,0xcc,
    0x69,0xef,0x02,0x18,0x9a,0x00,0x0f,0xcc,0x71,0xf7,0x02,0x18,0x99,0x00,0x0f,0xcc,0x79,0xff,0x02,0x18,
    0x9b,0x00,0x0f,0xcc,0x7d,0x07,0x03,0x18,0x98,0x00,0x10,0xcc,0x98,0xe1,0x01,0x08,0x9a,0x00,0x10,0xcc,
    0x9a,0xe1,0x01,0x08,0x99,0x00,0x10,0xcc,0x99,0xe1,0x01,0x08,0x9b,0x00,0x10,0xcc,0x9b,0xe1,0x01,0x08,
    0x98,0x40,0x0e,0xcc,0x76,0x53,0x60,0x0e,0x9a,0x40,0x0e,0xcc,0x7a,0x53,0x68,0x0e,0x99,0x40,0x0e,0xcc,
    0x7e,0x53,0x64,0x0e,0x9b,0x40,0x0e,0xcc,0x82,0x53,0x6c,0x0e,0x7c,0x00,0x08,0xc4,0x69,0x48,0x80,0x80,
    0x04,0x00,0x00,0x00,0x7c,0x00,0x08,0xc4,0x71,0x48,0x80,0x80,0x08,0x00,0x00,0x00,0x7c,0x00,0x08,0xc4,
    0x5c,0x48,0x80,0x80,0x06,0x00,0x00,0x00,0x7c,0x00,0x08,0xc4,0x6c,0x48,0x80,0x80,0x0a,0x00,0x00,0x00,
    0x7c,0x00,0x08,0xc4,0x79,0x48,0x80,0x80,0x05,0x00,0x00,0x00,0x7c,0x00,0x08,0xc4,0x7d,0x48,0x80,0x80,
    0x09,0x00,0x00,0x00,0x7c,0x00,0x08,0xc4,0x78,0x48,0x80,0x80,0x07,0x00,0x00,0x00,0x7c,0x00,0x08,0xc4,
    0x7c,0x48,0x80,0x80,0x0b,0x00,0x00,0x00,0x0f,0x81,0x8f,0x80,0x80,0x27,0x27,0x98,0x24,0x4a,0x24,0x80,
    0x25,0x80,0x25,0x82,0x7c,0xc0,0x08,0xc4,0x69,0x48,0x80,0x80,0x04,0x00,0x00,0x00,0x7c,0xc0,0x08,0xc4,
    0x71,0x48,0x80,0x80,0x08,0x00,0x00,0x00,0x7c,0xc0,0x08,0xc4,0x5c,0x48,0x80,0x80,0x06,0x00,0x00,0x00,
    0x7c,0xc0,0x08,0xc4,0x6c,0x48,0x80,0x80,0x0a,0x00,0x00,0x00,0x7c,0xc0,0x08,0xc4,0x79,0x48,0x80,0x80,
    0x05,0x00,0x00,0x00,0x7c,0xc0,0x08,0xc4,0x7d,0x48,0x80,0x80,0x09,0x00,0x00,0x00,0x7c,0xc0,0x08,0xc4,
    0x78,0x48,0x80,0x80,0x07,0x00,0x00,0x00,0x7c,0xc0,0x08,0xc4,0x7c,0x48,0x80,0x80,0x0b,0x00,0x00,0x00,
    0x0f,0x81,0x8f,0x80,0x80,0x27,0x27,0x98,0x24,0x4a,0x24,0x80,0x25,0x80,0x25,0x82,0x40,0x49,0xc0,0xbe,
    0x76,0x13,0xa0,0xbf,0xff,0x00,0xb8,0xbe,0x94,0xf5,0xff,0xff,0x31,0x84,0x0d,0xbf,0x44,0x48,0xc0,0x98,
    0x31,0x82,0x0d,0xbf,0x38,0xff,0x38,0x98,0x04,0x00,0x00,0x00,0x02,0x00,0xb5,0xbf,0x94,0x50,0x0e,0xcc,
    0x76,0x53,0x60,0x1e,0x96,0x50,0x0e,0xcc,0x7a,0x53,0x68,0x1e,0x95,0x50,0x0e,0xcc,0x7e,0x53,0x64,0x1e,
    0x97,0x50,0x0e,0xcc,0x82,0x53,0x6c,0x1e,0x77,0x03,0x30,0x7f,0x7b,0x03,0x34,0x7f,0x7f,0x03,0x32,0x7f,
    0x83,0x03,0x36,0x7f,0x7c,0x00,0x08,0xc4,0x76,0x48,0x80,0x80,0x04,0x00,0x00,0x00,0x7c,0x00,0x08,0xc4,
    0x7a,0x48,0x80,0x80,0x08,0x00,0x00,0x00,0x7c,0x00,0x08,0xc4,0x77,0x48,0x80,0x80,0x06,0x00,0x00,0x00,
    0x7c,0x00,0x08,0xc4,0x7b,0x48,0x80,0x80,0x0a,0x00,0x00,0x00,0x7c,0x00,0x08,0xc4,0x7e,0x48,0x80,0x80,
    0x05,0x00,0x00,0x00,0x7c,0x00,0x08,0xc4,0x82,0x48,0x80,0x80,0x09,0x00,0x00,0x00,0x7c,0x00,0x08,0xc4,
    0x7f,0x48,0x80,0x80,0x07,0x00,0x00,0x00,0x7c,0x00,0x08,0xc4,0x83,0x48,0x80,0x80,0x0b,0x00,0x00,0x00,
    0x0f,0x81,0x8f,0x80,0x80,0x27,0x27,0x98,0x24,0x4a,0x24,0x80,0x25,0x80,0x25,0x82,0x7c,0xc0,0x08,0xc4,
    0x76,0x48,0x80,0x80,0x04,0x00,0x00,0x00,0x7c,0xc0,0x08,0xc4,0x7a,0x48,0x80,0x80,0x08,0x00,0x00,0x00,
    0x7c,0xc0,0x08,0xc4,0x77,0x48,0x80,0x80,0x06,0x00,0x00,0x00,0x7c,0xc0,0x08,0xc4,0x7b,0x48,0x80,0x80,
    0x0a,0x00,0x00,0x00,0x7c,0xc0,0x08,0xc4,0x7e,0x48,0x80,0x80,0x05,0x00,0x00,0x00,0x7c,0xc0,0x08,0xc4,
    0x82,0x48,0x80,0x80,0x09,0x00,0x00,0x00,0x7c,0xc0,0x08,0xc4,0x7f,0x48,0x80,0x80,0x07,0x00,0x00,0x00,
    0x7c,0xc0,0x08,0xc4,0x83,0x48,0x80,0x80,0x0b,0x00,0x00,0x00,0x0f,0x81,0x8f,0x80,0x80,0x27,0x27,0x98,
    0x24,0x4a,0x24,0x80,0x25,0x80,0x25,0x82,0x40,0x49,0xc0,0xbe,0x28,0x13,0xa0,0xbf,0xff,0x00,0xb8,0xbe,
    0x64,0xf5,0xff,0xff,0x31,0x83,0x0d,0xbf,0x42,0x46,0xc0,0x98,0x31,0x82,0x0d,0xbf,0x38,0xff,0x38,0x98,
    0x04,0x00,0x00,0x00,0x02,0x00,0xb5,0xbf,0x20,0x00,0xc0,0xbf,0x86,0x03,0x28,0x7f,0x8a,0x03,0x2c,0x7f,
    0x8e,0x03,0x2a,0x7f,0x92,0x03,0x2e,0x7f,0x98,0x00,0x0f,0xcc,0x86,0x03,0x03,0x18,0x9a,0x00,0x0f,0xcc,
    0x8a,0x0b,0x03,0x18,0x99,0x00,0x0f,0xcc,0x8e,0x13,0x03,0x18,0x9b,0x00,0x0f,0xcc,0x92,0x1b,0x03,0x18,
    0x98,0x00,0x10,0xcc,0x98,0xe1,0x01,0x08,0x9a,0x00,0x10,0xcc,0x9a,0xe1,0x01,0x08,0x99,0x00,0x10,0xcc,
    0x99,0xe1,0x01,0x08,0x9b,0x00,0x10,0xcc,0x9b,0xe1,0x01,0x08,0x98,0x40,0x0e,0xcc,0x80,0x53,0x60,0x0e,
    0x9a,0x40,0x0e,0xcc,0x84,0x53,0x68,0x0e,0x99,0x40,0x0e,0xcc,0x88,0x53,0x64,0x0e,0x9b,0x40,0x0e,0xcc,
    0x8c,0x53,0x6c,0x0e,0x7c,0x00,0x08,0xc4,0x86,0x48,0x80,0x80,0x04,0x00,0x00,0x00,0x7c,0x00,0x08,0xc4,
    0x8a,0x48,0x80,0x80,0x08,0x00,0x00,0x00,0x7c,0x00,0x08,0xc4,0x87,0x48,0x80,0x80,0x06,0x00,0x00,0x00,
    0x7c,0x00,0x08,0xc4,0x8b,0x48,0x80,0x80,0x0a,0x00,0x00,0x00,0x7c,0x00,0x08,0xc4,0x8e,0x48,0x80,0x80,
    0x05,0x00,0x00,0x00,0x7c,0x00,0x08,0xc4,0x92,0x48,0x80,0x80,0x09,0x00,0x00,0x00,0x7c,0x00,0x08,0xc4,
    0x8f,0x48,0x80,0x80,0x07,0x00,0x00,0x00,0x7c,0x00,0x08,0xc4,0x93,0x48,0x80,0x80,0x0b,0x00,0x00,0x00,
    0x0f,0x81,0x8f,0x80,0x80,0x27,0x27,0x98,0x24,0x4a,0x24,0x80,0x25,0x80,0x25,0x82,0x7c,0xc0,0x08,0xc4,
    0x86,0x48,0x80,0x80,0x04,0x00,0x00,0x00,0x7c,0xc0,0x08,0xc4,0x8a,0x48,0x80,0x80,0x08,0x00,0x00,0x00,
    0x7c,0xc0,0x08,0xc4,0x87,0x48,0x80,0x80,0x06,0x00,0x00,0x00,0x7c,0xc0,0x08,0xc4,0x8b,0x48,0x80,0x80,
    0x0a,0x00,0x00,0x00,0x7c,0xc0,0x08,0xc4,0x8e,0x48,0x80,0x80,0x05,0x00,0x00,0x00,0x7c,0xc0,0x08,0xc4,
    0x92,0x48,0x80,0x80,0x09,0x00,0x00,0x00,0x7c,0xc0,0x08,0xc4,0x8f,0x48,0x80,0x80,0x07,0x00,0x00,0x00,
    0x7c,0xc0,0x08,0xc4,0x93,0x48,0x80,0x80,0x0b,0x00,0x00,0x00,0x0f,0x81,0x8f,0x80,0x80,0x27,0x27,0x98,
    0x24,0x4a,0x24,0x80,0x25,0x80,0x25,0x82,0x40,0x49,0xc0,0xbe,0xc9,0x12,0xa0,0xbf,0xff,0x00,0xb8,0xbe,
    0x74,0xf5,0xff,0xff,0x31,0x84,0x0d,0xbf,0x44,0x48,0xc0,0x98,0x31,0x82,0x0d,0xbf,0x38,0xff,0x38,0x98,
    0x04,0x00,0x00,0x00,0x02,0x00,0xb5,0xbf,0x94,0x50,0x0e,0xcc,0x80,0x53,0x60,0x1e,0x96,0x50,0x0e,0xcc,
    0x84,0x53,0x68,0x1e,0x95,0x50,0x0e,0xcc,0x88,0x53,0x64,0x1e,0x97,0x50,0x0e,0xcc,0x8c,0x53,0x6c,0x1e,
    0x81,0x03,0x30,0x7f,0x85,0x03,0x34,0x7f,0x89,0x03,0x32,0x7f,0x8d,0x03,0x36,0x7f,0x7c,0x00,0x08,0xc4,
    0x80,0x48,0x80,0x80,0x04,0x00,0x00,0x00,0x7c,0x00,0x08,0xc4,0x84,0x48,0x80,0x80,0x08,0x00,0x00,0x00,
    0x7c,0x00,0x08,0xc4,0x81,0x48,0x80,0x80,0x06,0x00,0x00,0x00,0x7c,0x00,0x08,0xc4,0x85,0x48,0x80,0x80,
    0x0a,0x00,0x00,0x00,0x7c,0x00,0x08,0xc4,0x88,0x48,0x80,0x80,0x05,0x00,0x00,0x00,0x7c,0x00,0x08,0xc4,
    0x8c,0x48,0x80,0x80,0x09,0x00,0x00,0x00,0x7c,0x00,0x08,0xc4,0x89,0x48,0x80,0x80,0x07,0x00,0x00,0x00,
    0x7c,0x00,0x08,0xc4,0x8d,0x48,0x80,0x80,0x0b,0x00,0x00,0x00,0x0f,0x81,0x8f,0x80,0x80,0x27,0x27,0x98,
    0x24,0x4a,0x24,0x80,0x25,0x80,0x25,0x82,0x7c,0xc0,0x08,0xc4,0x80,0x48,0x80,0x80,0x04,0x00,0x00,0x00,
    0x7c,0xc0,0x08,0xc4,0x84,0x48,0x80,0x80,0x08,0x00,0x00,0x00,0x7c,0xc0,0x08,0xc4,0x81,0x48,0x80,0x80,
    0x06,0x00,0x00,0x00,0x7c,0xc0,0x08,0xc4,0x85,0x48,0x80,0x80,0x0a,0x00,0x00,0x00,0x7c,0xc0,0x08,0xc4,
    0x88,0x48,0x80,0x80,0x05,0x00,0x00,0x00,0x7c,0xc0,0x08,0xc4,0x8c,0x48,0x80,0x80,0x09,0x00,0x00,0x00,
    0x7c,0xc0,0x08,0xc4,0x89,0x48,0x80,0x80,0x07,0x00,0x00,0x00,0x7c,0xc0,0x08,0xc4,0x8d,0x48,0x80,0x80,
    0x0b,0x00,0x00,0x00,0x0f,0x81,0x8f,0x80,0x80,0x27,0x27,0x98,0x24,0x4a,0x24,0x80,0x25,0x80,0x25,0x82,
    0x40,0x49,0xc0,0xbe,0x7b,0x12,0xa0,0xbf,0xff,0x00,0xb8,0xbe,0x44,0xf5,0xff,0xff,0x31,0x83,0x0d,0xbf,
    0x42,0x46,0xc0,0x98,0x31,0x82,0x0d,0xbf,0x38,0xff,0x38,0x98,0x04,0x00,0x00,0x00,0x02,0x00,0xb5,0xbf,
    0x20,0x00,0xc0,0xbf,0x69,0x03,0x28,0x7f,0x71,0x03,0x2c,0x7f,0x76,0x03,0x2a,0x7f,0x7a,0x03,0x2e,0x7f,
    0x98,0x00,0x0f,0xcc,0x69,0xf1,0x02,0x18,0x9a,0x00,0x0f,0xcc,0x71,0xf9,0x02,0x18,0x99,0x00,0x0f,0xcc,
    0x76,0xff,0x02,0x18,0x9b,0x00,0x0f,0xcc,0x7a,0x07,0x03,0x18,0x98,0x00,0x10,0xcc,0x98,0xe1,0x01,0x08,
    0x9a,0x00,0x10,0xcc,0x9a,0xe1,0x01,0x08,0x99,0x00,0x10,0xcc,0x99,0xe1,0x01,0x08,0x9b,0x00,0x10,0xcc,
    0x9b,0xe1,0x01,0x08,0x98,0x40,0x0e,0xcc,0x79,0x53,0x60,0x0e,0x9a,0x40,0x0e,0xcc,0x7d,0x53,0x68,0x0e,
    0x99,0x40,0x0e,0xcc,0x7e,0x53,0x64,0x0e,0x9b,0x40,0x0e,0xcc,0x82,0x53,0x6c,0x0e,0x7c,0x00,0x08,0xc4,
    0x69,0x48,0x80,0x80,0x04,0x00,0x00,0x00,0x7c,0x00,0x08,0xc4,0x71,0x48,0x80,0x80,0x08,0x00,0x00,0x00,
    0x7c,0x00,0x08,0xc4,0x5c,0x48,0x80,0x80,0x06,0x00,0x00,0x00,0x7c,0x00,0x08,0xc4,0x6c,0x48,0x80,0x80,
    0x0a,0x00,0x00,0x00,0x7c,0x00,0x08,0xc4,0x76,0x48,0x80,0x80,0x05,0x00,0x00,0x00,0x7c,0x00,0x08,0xc4,
    0x7a,0x48,0x80,0x80,0x09,0x00,0x00,0x00,0x7c,0x00,0x08,0xc4,0x77,0x48,0x80,0x80,0x07,0x00,0x00,0x00,
    0x7c,0x00,0x08,0xc4,0x7b,0x48,0x80,0x80,0x0b,0x00,0x00,0x00,0x0f,0x81,0x8f,0x80,0x80,0x27,0x27,0x98,
    0x24,0x4a,0x24,0x80,0x25,0x80,0x25,0x82,0x7c,0xc0,0x08,0xc4,0x69,0x48,0x80,0x80,0x04,0x00,0x00,0x00,
    0x7c,0xc0,0x08,0xc4,0x71,0x48,0x80,0x80,0x08,0x00,0x00,0x00,0x7c,0xc0,0x08,0xc4,0x5c,0x48,0x80,0x80,
    0x06,0x00,0x00,0x00,0x7c,0xc0,0x08,0xc4,0x6c,0x48,0x80,0x80,0x0a,0x00,0x00,0x00,0x7c,0xc0,0x08,0xc4,
    0x76,0x48,0x80,0x80,0x05,0x00,0x00,0x00,0x7c,0xc0,0x08,0xc4,0x7a,0x48,0x80,0x80,0x09,0x00,0x00,0x00,
    0x7c,0xc0,0x08,0xc4,0x77,0x48,0x80,0x80,0x07,0x00,0x00,0x00,0x7c,0xc0,0x08,0xc4,0x7b,0x48,0x80,0x80,
    0x0b,0x00,0x00,0x00,0x0f,0x81,0x8f,0x80,0x80,0x27,0x27,0x98,0x24,0x4a,0x24,0x80,0x25,0x80,0x25,0x82,
    0x40,0x49,0xc0,0xbe,0x1c,0x12,0xa0,0xbf,0xff,0x00,0xb8,0xbe,0x54,0xf5,0xff,0xff,0x31,0x84,0x0d,0xbf,
    0x44,0x48,0xc0,0x98,0x31,0x82,0x0d,0xbf,0x38,0xff,0x38,0x98,0x04,0x00,0x00,0x00,0x02,0x00,0xb5,0xbf,
    0x94,0x50,0x0e,0xcc,0x79,0x53,0x60,0x1e,0x96,0x50,0x0e,0xcc,0x7d,0x53,0x68,0x1e,0x95,0x50,0x0e,0xcc,
    0x7e,0x53,0x64,0x1e,0x97,0x50,0x0e,0xcc,0x82,0x53,0x6c,0x1e,0x78,0x03,0x30,0x7f,0x7c,0x03,0x34,0x7f,
    0x7f,0x03,0x32,0x7f,0x83,0x03,0x36,0x7f,0x7c,0x00,0x08,0xc4,0x79,0x48,0x80,0x80,0x04,0x00,0x00,0x00,
    0x7c,0x00,0x08,0xc4,0x7d,0x48,0x80,0x80,0x08,0x00,0x00,0x00,0x7c,0x00,0x08,0xc4,0x78,0x48,0x80,0x80,
    0x06,0x00,0x00,0x00,0x7c,0x00,0x08,0xc4,0x7c,0x48,0x80,0x80,0x0a,0x00,0x00,0x00,0x7c,0x00,0x08,0xc4,
    0x7e,0x48,0x80,0x80,0x05,0x00,0x00,0x00,0x7c,0x00,0x08,0xc4,0x82,0x48,0x80,0x80,0x09,0x00,0x00,0x00,
    0x7c,0x00,0x08,0xc4,0x7f,0x48,0x80,0x80,0x07,0x00,0x00,0x00,0x7c,0x00,0x08,0xc4,0x83,0x48,0x80,0x80,
    0x0b,0x00,0x00,0x00,0x0f,0x81,0x8f,0x80,0x80,0x27,0x27,0x98,0x24,0x4a,0x24,0x80,0x25,0x80,0x25,0x82,
    0x7c,0xc0,0x08,0xc4,0x79,0x48,0x80,0x80,0x04,0x00,0x00,0x00,0x7c,0xc0,0x08,0xc4,0x7d,0x48,0x80,0x80,
    0x08,0x00,0x00,0x00,0x7c,0xc0,0x08,0xc4,0x78,0x48,0x80,0x80,0x06,0x00,0x00,0x00,0x7c,0xc0,0x08,0xc4,
    0x7c,0x48,0x80,0x80,0x0a,0x00,0x00,0x00,0x7c,0xc0,0x08,0xc4,0x7e,0x48,0x80,0x80,0x05,0x00,0x00,0x00,
    0x7c,0xc0,0x08,0xc4,0x82,0x48,0x80,0x80,0x09,0x00,0x00,0x00,0x7c,0xc0,0x08,0xc4,0x7f,0x48,0x80,0x80,
    0x07,0x00,0x00,0x00,0x7c,0xc0,0x08,0xc4,0x83,0x48,0x80,0x80,0x0b,0x00,0x00,0x00,0x0f,0x81,0x8f,0x80,
    0x80,0x27,0x27,0x98,0x24,0x4a,0x24,0x80,0x25,0x80,0x25,0x82,0x40,0x49,0xc0,0xbe,0xce,0x11,0xa0,0xbf,
    0xff,0x00,0xb8,0xbe,0x24,0xf5,0xff,0xff,0x31,0x83,0x0d,0xbf,0x42,0x46,0xc0,0x98,0x31,0x82,0x0d,0xbf,
    0x38,0xff,0x38,0x98,0x04,0x00,0x00,0x00,0x02,0x00,0xb5,0xbf,0x20,0x00,0xc0,0xbf,0x86,0x03,0x28,0x7f,
    0x8a,0x03,0x2c,0x7f,0x80,0x03,0x2a,0x7f,0x84,0x03,0x2e,0x7f,0x98,0x00,0x0f,0xcc,0x86,0x1f,0x03,0x18,
    0x9a,0x00,0x0f,0xcc,0x8a,0x27,0x03,0x18,0x99,0x00,0x0f,0xcc,0x80,0x13,0x03,0x18,0x9b,0x00,0x0f,0xcc,
    0x84,0x1b,0x03,0x18,0x98,0x00,0x10,0xcc,0x98,0xe1,0x01,0x08,0x9a,0x00,0x10,0xcc,0x9a,0xe1,0x01,0x08,
    0x99,0x00,0x10,0xcc,0x99,0xe1,0x01,0x08,0x9b,0x00,0x10,0xcc,0x9b,0xe1,0x01,0x08,0x98,0x40,0x0e,0xcc,
    0x8e,0x53,0x60,0x0e,0x9a,0x40,0x0e,0xcc,0x92,0x53,0x68,0x0e,0x99,0x40,0x0e,0xcc,0x88,0x53,0x64,0x0e,
    0x9b,0x40,0x0e,0xcc,0x8c,0x53,0x6c,0x0e,0x7c,0x00,0x08,0xc4,0x86,0x48,0x80,0x80,0x04,0x00,0x00,0x00,
    0x7c,0x00,0x08,0xc4,0x8a,0x48,0x80,0x80,0x08,0x00,0x00,0x00,0x7c,0x00,0x08,0xc4,0x87,0x48,0x80,0x80,
    0x06,0x00,0x00,0x00,0x7c,0x00,0x08,0xc4,0x8b,0x48,0x80,0x80,0x0a,0x00,0x00,0x00,0x7c,0x00,0x08,0xc4,
    0x80,0x48,0x80,0x80,0x05,0x00,0x00,0x00,0x7c,0x00,0x08,0xc4,0x84,0x48,0x80,0x80,0x09,0x00,0x00,0x00,
    0x7c,0x00,0x08,0xc4,0x81,0x48,0x80,0x80,0x07,0x00,0x00,0x00,0x7c,0x00,0x08,0xc4,0x85,0x48,0x80,0x80,
    0x0b,0x00,0x00,0x00,0x0f,0x81,0x8f,0x80,0x80,0x27,0x27,0x98,0x24,0x4a,0x24,0x80,0x25,0x80,0x25,0x82,
    0x7c,0xc0,0x08,0xc4,0x86,0x48,0x80,0x80,0x04,0x00,0x00,0x00,0x7c,0xc0,0x08,0xc4,0x8a,0x48,0x80,0x80,
    0x08,0x00,0x00,0x00,0x7c,0xc0,0x08,0xc4,0x87,0x48,0x80,0x80,0x06,0x00,0x00,0x00,0x7c,0xc0,0x08,0xc4,
    0x8b,0x48,0x80,0x80,0x0a,0x00,0x00,0x00,0x7c,0xc0,0x08,0xc4,0x80,0x48,0x80,0x80,0x05,0x00,0x00,0x00,
    0x7c,0xc0,0x08,0xc4,0x84,0x48,0x80,0x80,0x09,0x00,0x00,0x00,0x7c,0xc0,0x08,0xc4,0x81,0x48,0x80,0x80,
    0x07,0x00,0x00,0x00,0x7c,0xc0,0x08,0xc4,0x85,0x48,0x80,0x80,0x0b,0x00,0x00,0x00,0x0f,0x81,0x8f,0x80,
    0x80,0x27,0x27,0x98,0x24,0x4a,0x24,0x80,0x25,0x80,0x25,0x82,0x40,0x49,0xc0,0xbe,0x6f,0x11,0xa0,0xbf,
    0xff,0x00,0xb8,0xbe,0xe4,0xea,0xff,0xff,0x31,0x84,0x0d,0xbf,0x44,0x48,0xc0,0x98,0x31,0x82,0x0d,0xbf,
    0x38,0xff,0x38,0x98,0x34,0xf5,0xff,0xff,0x02,0x00,0xb5,0xbf,0x94,0x50,0x0e,0xcc,0x8e,0x53,0x60,0x1e,
    0x96,0x50,0x0e,0xcc,0x92,0x53,0x68,0x1e,0x95,0x50,0x0e,0xcc,0x88,0x53,0x64,0x1e,0x97,0x50,0x0e,0xcc,
    0x8c,0x53,0x6c,0x1e,0x8f,0x03,0x30,0x7f,0x93,0x03,0x34,0x7f,0x89,0x03,0x32,0x7f,0x8d,0x03,0x36,0x7f,
    0x7c,0x00,0x08,0xc4,0x8e,0x48,0x80,0x80,0x04,0x00,0x00,0x00,0x7c,0x00,0x08,0xc4,0x92,0x48,0x80,0x80,
    0x08,0x00,0x00,0x00,0x7c,0x00,0x08,0xc4,0x8f,0x48,0x80,0x80,0x06,0x00,0x00,0x00,0x7c,0x00,0x08,0xc4,
    0x93,0x48,0x80,0x80,0x0a,0x00,0x00,0x00,0x7c,0x00,0x08,0xc4,0x88,0x48,0x80,0x80,0x05,0x00,0x00,0x00,
    0x7c,0x00,0x08,0xc4,0x8c,0x48,0x80,0x80,0x09,0x00,0x00,0x00,0x7c,0x00,0x08,0xc4,0x89,0x48,0x80,0x80,
    0x07,0x00,0x00,0x00,0x7c,0x00,0x08,0xc4,0x8d,0x48,0x80,0x80,0x0b,0x00,0x00,0x00,0x0f,0x81,0x8f,0x80,
    0x80,0x27,0x27,0x98,0x24,0x4a,0x24,0x80,0x25,0x80,0x25,0x82,0x7c,0xc0,0x08,0xc4,0x8e,0x48,0x80,0x80,
    0x04,0x00,0x00,0x00,0x7c,0xc0,0x08,0xc4,0x92,0x48,0x80,0x80,0x08,0x00,0x00,0x00,0x7c,0xc0,0x08,0xc4,
    0x8f,0x48,0x80,0x80,0x06,0x00,0x00,0x00,0x7c,0xc0,0x08,0xc4,0x93,0x48,0x80,0x80,0x0a,0x00,0x00,0x00,
    0x7c,0xc0,0x08,0xc4,0x88,0x48,0x80,0x80,0x05,0x00,0x00,0x00,0x7c,0xc0,0x08,0xc4,0x8c,0x48,0x80,0x80,
    0x09,0x00,0x00,0x00,0x7c,0xc0,0x08,0xc4,0x89,0x48,0x80,0x80,0x07,0x00,0x00,0x00,0x7c,0xc0,0x08,0xc4,
    0x8d,0x48,0x80,0x80,0x0b,0x00,0x00,0x00,0x0f,0x81,0x8f,0x80,0x80,0x27,0x27,0x98,0x24,0x4a,0x24,0x80,
    0x25,0x80,0x25,0x82,0x40,0x49,0xc0,0xbe,0x21,0x11,0xa0,0xbf,0x01,0x00,0xb5,0xbf,0x38,0x9f,0x39,0x86,
    0x40,0x38,0xc0,0xa9,0x31,0x82,0x0d,0xbf,0xc1,0x80,0xb6,0x98,0x00,0x00,0xc6,0xbf,0xc1,0x4e,0x80,0xbe,
    0xff,0xff,0x94,0xbf,0x02,0x05,0x5a,0x7e,0x54,0x03,0xca,0x7e,0x55,0x03,0xcc,0x7e,0x52,0x00,0x0f,0xcc,
    0x54,0xc3,0x02,0x18,0x53,0x00,0x0f,0xcc,0x55,0xc5,0x02,0x18,0x52,0x00,0x10,0xcc,0x52,0xe1,0x01,0x08,
    0x53,0x00,0x10,0xcc,0x53,0xe1,0x01,0x08,0x52,0x40,0x0e,0xcc,0x58,0x53,0x48,0x0d,0x53,0x40,0x0e,0xcc,
    0x59,0x53,0x4c,0x0d,0x6d,0x50,0x0e,0xcc,0x58,0x53,0x48,0x1d,0x6e,0x50,0x0e,0xcc,0x59,0x53,0x4c,0x1d,
    0x61,0x03,0xe4,0x7e,0x62,0x03,0xe6,0x7e,0x0f,0x00,0x01,0xd5,0x11,0x07,0xda,0x00,0xc0,0x66,0xfc,0xdb,
    0x0e,0x00,0x00,0x54,0x00,0x78,0xfc,0xdb,0x0e,0x00,0x00,0x58,0x80,0x44,0x7c,0xdb,0x0f,0x94,0x00,0x00,
    0xd0,0x66,0xfc,0xdb,0x0e,0x00,0x00,0x5d,0x10,0x78,0xfc,0xdb,0x0e,0x00,0x00,0x61,0xa0,0x46,0x7c,0xdb,
    0x0f,0x98,0x00,0x00,0x2d,0x81,0x0d,0xbf,0x31,0x31,0x31,0x82,0x06,0x00,0xc6,0xbf,0x40,0x49,0xc0,0xbe,
    0x01,0x00,0xb5,0xbf,0x38,0x9f,0x39,0x86,0x17,0x22,0x97,0x80,0x80,0x38,0xb8,0x98,0x40,0x38,0xc0,0xa9,
    0x31,0x83,0x0d,0xbf,0xc1,0x80,0xea,0x98,0x00,0x00,0xc6,0xbf,0xc1,0x4e,0x80,0xbe,0xff,0xff,0x94,0xbf,
    0x54,0x03,0xce,0x7e,0x55,0x03,0xd0,0x7e,0x6a,0x00,0x0f,0xcc,0x54,0xc3,0x02,0x18,0x6b,0x00,0x0f,0xcc,
    0x55,0xc5,0x02,0x18,0x6a,0x00,0x10,0xcc,0x6a,0xe1,0x01,0x08,0x6b,0x00,0x10,0xcc,0x6b,0xe1,0x01,0x08,
    0x6a,0x40,0x0e,0xcc,0x58,0x53,0xa8,0x0d,0x6b,0x40,0x0e,0xcc,0x59,0x53,0xac,0x0d,0x6f,0x50,0x0e,0xcc,
    0x58,0x53,0xa8,0x1d,0x70,0x50,0x0e,0xcc,0x59,0x53,0xac,0x1d,0x61,0x03,0xe8,0x7e,0x62,0x03,0xea,0x7e,
    0x10,0x03,0x1c,0x02,0x00,0x89,0xfc,0xdb,0x0c,0x00,0x00,0x04,0x00,0x8d,0xfc,0xdb,0x0c,0x00,0x00,0x08,
    0x00,0x91,0xd8,0xd8,0x0d,0x00,0x00,0x02,0x80,0x44,0xfc,0xdb,0x0e,0x00,0x00,0x54,0xc0,0x55,0xfc,0xdb,
    0x0e,0x00,0x00,0x58,0xc0,0x66,0x7c,0xdb,0x0f,0x94,0x00,0x00,0x90,0x44,0xfc,0xdb,0x0e,0x00,0x00,0x5d,
    0xd0,0x55,0xfc,0xdb,0x0e,0x00,0x00,0x61,0xe0,0x68,0x7c,0xdb,0x0f,0x98,0x00,0x00,0x2d,0x80,0x0d,0xbf,
    0x80,0x23,0x23,0x98,0x81,0x22,0x22,0x98,0x2d,0x90,0x27,0x85,0x2d,0x81,0x0d,0xbf,0x35,0x3b,0x4a,0x98,
    0x10,0x12,0xa4,0x98,0x27,0x4a,0x38,0x96,0x27,0x4a,0xb9,0x96,0x27,0x81,0x0f,0x80,0x16,0x0f,0x8f,0x80,
    0x80,0x23,0x27,0x98,0x24,0x38,0xa4,0xa9,0x06,0x00,0xc6,0xbf,0x40,0x49,0xc0,0xbe,0x01,0x00,0xb5,0xbf,
    0x38,0x9f,0x39,0x86,0x40,0x38,0xc0,0xa9,0x31,0x82,0x0d,0xbf,0xc1,0x80,0xb6,0x98,0x00,0x00,0xc6,0xbf,
    0x02,0x05,0x5a,0x7e,0x54,0x03,0xca,0x7e,0x55,0x03,0xcc,0x7e,0x52,0x00,0x0f,0xcc,0x54,0xc3,0x02,0x18,
    0x53,0x00,0x0f,0xcc,0x55,0xc5,0x02,0x18,0x52,0x00,0x10,0xcc,0x52,0xe1,0x01,0x08,0x53,0x00,0x10,0xcc,
    0x53,0xe1,0x01,0x08,0x52,0x40,0x0e,0xcc,0x58,0x53,0x48,0x0d,0x53,0x40,0x0e,0xcc,0x59,0x53,0x4c,0x0d,
    0x6d,0x50,0x0e,0xcc,0x58,0x53,0x48,0x1d,0x6e,0x50,0x0e,0xcc,0x59,0x53,0x4c,0x1d,0x61,0x03,0xe4,0x7e,
    0x62,0x03,0xe6,0x7e,0x0f,0x00,0x01,0xd5,0x11,0x07,0xda,0x00,0xc1,0x4e,0x80,0xbe,0xff,0xff,0x94,0xbf,
    0xc0,0x66,0xfc,0xdb,0x0e,0x00,0x00,0x54,0x00,0x78,0xfc,0xdb,0x0e,0x00,0x00,0x58,0x80,0x44,0x7c,0xdb,
    0x0f,0x94,0x00,0x00,0xd0,0x66,0xfc,0xdb,0x0e,0x00,0x00,0x5d,0x10,0x78,0xfc,0xdb,0x0e,0x00,0x00,0x61,
    0xa0,0x46,0x7c,0xdb,0x0f,0x98,0x00,0x00,0x2d,0x81,0x0d,0xbf,0x31,0x31,0x31,0x82,0x06,0x00,0xc6,0xbf,
    0x40,0x49,0xc0,0xbe,0x01,0x00,0xb5,0xbf,0x38,0x9f,0x39,0x86,0x17,0x22,0x97,0x80,0x80,0x38,0xb8,0x98,
    0x40,0x38,0xc0,0xa9,0x31,0x83,0x0d,0xbf,0xc1,0x80,0xea,0x98,0x00,0x00,0xc6,0xbf,0x54,0x03,0xce,0x7e,
    0x55,0x03,0xd0,0x7e,0x6a,0x00,0x0f,0xcc,0x54,0xc3,0x02,0x18,0x6b,0x00,0x0f,0xcc,0x55,0xc5,0x02,0x18,
    0x6a,0x00,0x10,0xcc,0x6a,0xe1,0x01,0x08,0x6b,0x00,0x10,0xcc,0x6b,0xe1,0x01,0x08,0x6a,0x40,0x0e,0xcc,
    0x58,0x53,0xa8,0x0d,0x6b,0x40,0x0e,0xcc,0x59,0x53,0xac,0x0d,0x6f,0x50,0x0e,0xcc,0x58,0x53,0xa8,0x1d,
    0x70,0x50,0x0e,0xcc,0x59,0x53,0xac,0x1d,0x61,0x03,0xe8,0x7e,0x62,0x03,0xea,0x7e,0x10,0x03,0x1c,0x02,
    0xc1,0x4e,0x80,0xbe,0xff,0xff,0x94,0xbf,0x00,0x89,0xfc,0xdb,0x0c,0x00,0x00,0x04,0x00,0x8d,0xfc,0xdb,
    0x0c,0x00,0x00,0x08,0x00,0x91,0xd8,0xd8,0x0d,0x00,0x00,0x02,0x80,0x44,0xfc,0xdb,0x0e,0x00,0x00,0x54,
    0xc0,0x55,0xfc,0xdb,0x0e,0x00,0x00,0x58,0xc0,0x66,0x7c,0xdb,0x0f,0x94,0x00,0x00,0x90,0x44,0xfc,0xdb,
    0x0e,0x00,0x00,0x5d,0xd0,0x55,0xfc,0xdb,0x0e,0x00,0x00,0x61,0xe0,0x68,0x7c,0xdb,0x0f,0x98,0x00,0x00,
    0x2d,0x80,0x0d,0xbf,0x80,0x23,0x23,0x98,0x81,0x22,0x22,0x98,0x2d,0x90,0x27,0x85,0x2d,0x81,0x0d,0xbf,
    0x35,0x3b,0x4a,0x98,0x10,0x12,0xa4,0x98,0x27,0x4a,0x38,0x96,0x27,0x4a,0xb9,0x96,0x27,0x81,0x0f,0x80,
    0x16,0x0f,0x8f,0x80,0x80,0x23,0x27,0x98,0x24,0x38,0xa4,0xa9,0x06,0x00,0xc6,0xbf,0x40,0x49,0xc0,0xbe,
    0x01,0x00,0xb5,0xbf,0x38,0x9f,0x39,0x86,0x40,0x38,0xc0,0xa9,0x31,0x82,0x0d,0xbf,0xc1,0x80,0xb6,0x98,
    0x00,0x00,0xc6,0xbf,0xc1,0x4e,0x80,0xbe,0xff,0xff,0x94,0xbf,0x02,0x05,0x5a,0x7e,0x54,0x02,0x0f,0xcc,
    0x54,0xbb,0x02,0x58,0x55,0x02,0x0f,0xcc,0x55,0xbd,0x02,0x58,0x56,0x02,0x0f,0xcc,0x56,0xbf,0x02,0x58,
    0x57,0x02,0x0f,0xcc,0x57,0xc1,0x02,0x58,0x61,0x02,0x0f,0xcc,0x61,0xb1,0x02,0x58,0x62,0x02,0x0f,0xcc,
    0x62,0xb3,0x02,0x58,0x63,0x02,0x0f,0xcc,0x63,0xb5,0x02,0x58,0x64,0x02,0x0f,0xcc,0x64,0xb7,0x02,0x58,
    0x12,0x40,0x40,0xcc,0x65,0xa9,0x02,0x1a,0x16,0x40,0x40,0xcc,0x65,0xad,0x02,0x1a,0x42,0x40,0x40,0xcc,
    0x72,0xc3,0x02,0x1a,0x46,0x40,0x40,0xcc,0x72,0xc7,0x02,0x1a,0x54,0x00,0x0f,0xcc,0x58,0xbb,0x02,0x18,
    0x55,0x00,0x0f,0xcc,0x59,0xbd,0x02,0x18,0x56,0x00,0x0f,0xcc,0x5a,0xbf,0x02,0x18,0x57,0x00,0x0f,0xcc,
    0x5b,0xc1,0x02,0x18,0x61,0x02,0x0f,0xcc,0x5d,0xb1,0x02,0x58,0x62,0x02,0x0f,0xcc,0x5e,0xb3,0x02,0x58,
    0x63,0x02,0x0f,0xcc,0x5f,0xb5,0x02,0x58,0x64,0x02,0x0f,0xcc,0x60,0xb7,0x02,0x58,0x22,0x40,0x40,0xcc,
    0x52,0xa9,0x02,0x1a,0x26,0x40,0x40,0xcc,0x52,0xad,0x02,0x1a,0x32,0x40,0x40,0xcc,0x6d,0xc3,0x02,0x1a,
    0x36,0x40,0x40,0xcc,0x6d,0xc7,0x02,0x1a,0x12,0x45,0x24,0x06,0x13,0x47,0x26,0x06,0x14,0x49,0x28,0x06,
    0x15,0x4b,0x2a,0x06,0x16,0x4d,0x2c,0x06,0x17,0x4f,0x2e,0x06,0x18,0x51,0x30,0x06,0x19,0x53,0x32,0x06,
    0x22,0x85,0x84,0x06,0x23,0x87,0x86,0x06,0x24,0x89,0x88,0x06,0x25,0x8b,0x8a,0x06,0x26,0x8d,0x8c,0x06,
    0x27,0x8f,0x8e,0x06,0x28,0x91,0x90,0x06,0x29,0x93,0x92,0x06,0x12,0x65,0x24,0x06,0x13,0x67,0x26,0x06,
    0x14,0x69,0x28,0x06,0x15,0x6b,0x2a,0x06,0x16,0x6d,0x2c,0x06,0x17,0x6f,0x2e,0x06,0x18,0x71,0x30,0x06,
    0x19,0x73,0x32,0x06,0x42,0x00,0x03,0xd5,0x42,0x65,0x02,0x40,0x43,0x00,0x03,0xd5,0x43,0x67,0x02,0x40,
    0x44,0x00,0x03,0xd5,0x44,0x69,0x02,0x40,0x45,0x00,0x03,0xd5,0x45,0x6b,0x02,0x40,0x46,0x00,0x03,0xd5,
    0x46,0x6d,0x02,0x40,0x47,0x00,0x03,0xd5,0x47,0x6f,0x02,0x40,0x48,0x00,0x03,0xd5,0x48,0x71,0x02,0x40,
    0x49,0x00,0x03,0xd5,0x49,0x73,0x02,0x40,0x12,0x15,0x24,0x7e,0x13,0x15,0x24,0x7f,0x14,0x15,0x26,0x7e,
    0x15,0x15,0x26,0x7f,0x16,0x15,0x28,0x7e,0x17,0x15,0x28,0x7f,0x18,0x15,0x2a,0x7e,0x19,0x15,0x2a,0x7f,
    0x42,0x15,0x84,0x7e,0x43,0x15,0x84,0x7f,0x44,0x15,0x86,0x7e,0x45,0x15,0x86,0x7f,0x46,0x15,0x88,0x7e,
    0x47,0x15,0x88,0x7f,0x48,0x15,0x8a,0x7e,0x49,0x15,0x8a,0x7f,0x0f,0x00,0x01,0xd5,0x11,0x07,0xda,0x00,
    0x40,0x11,0x7c,0xdb,0x01,0x12,0x00,0x00,0x10,0x00,0x7c,0xdb,0x01,0x42,0x00,0x00,0xc0,0x66,0xfc,0xdb,
    0x0e,0x00,0x00,0x54,0x00,0x78,0xfc,0xdb,0x0e,0x00,0x00,0x58,0x80,0x44,0x7c,0xdb,0x0f,0x94,0x00,0x00,
    0xd0,0x66,0xfc,0xdb,0x0e,0x00,0x00,0x5d,0x10,0x78,0xfc,0xdb,0x0e,0x00,0x00,0x61,0xa0,0x46,0x7c,0xdb,
    0x0f,0x98,0x00,0x00,0x2d,0x81,0x0d,0xbf,0x31,0x31,0x31,0x82,0x06,0x00,0xc6,0xbf,0x40,0x49,0xc0,0xbe,
    0x01,0x00,0xb5,0xbf,0x38,0x9f,0x39,0x86,0x17,0x22,0x97,0x80,0x80,0x38,0xb8,0x98,0x40,0x38,0xc0,0xa9,
    0x31,0x83,0x0d,0xbf,0xc1,0x80,0xea,0x98,0x00,0x00,0xc6,0xbf,0xc1,0x4e,0x80,0xbe,0xff,0xff,0x94,0xbf,
    0x54,0x02,0x0f,0xcc,0x54,0xbb,0x02,0x58,0x55,0x02,0x0f,0xcc,0x55,0xbd,0x02,0x58,0x56,0x02,0x0f,0xcc,
    0x56,0xbf,0x02,0x58,0x57,0x02,0x0f,0xcc,0x57,0xc1,0x02,0x58,0x61,0x02,0x0f,0xcc,0x61,0xb1,0x02,0x58,
    0x62,0x02,0x0f,0xcc,0x62,0xb3,0x02,0x58,0x63,0x02,0x0f,0xcc,0x63,0xb5,0x02,0x58,0x64,0x02,0x0f,0xcc,
    0x64,0xb7,0x02,0x58,0x1a,0x40,0x40,0xcc,0x67,0xa9,0x02,0x1a,0x1e,0x40,0x40,0xcc,0x67,0xad,0x02,0x1a,
    0x4a,0x40,0x40,0xcc,0x74,0xc3,0x02,0x1a,0x4e,0x40,0x40,0xcc,0x74,0xc7,0x02,0x1a,0x54,0x00,0x0f,0xcc,
    0x58,0xbb,0x02,0x18,0x55,0x00,0x0f,0xcc,0x59,0xbd,0x02,0x18,0x56,0x00,0x0f,0xcc,0x5a,0xbf,0x02,0x18,
    0x57,0x00,0x0f,0xcc,0x5b,0xc1,0x02,0x18,0x61,0x02,0x0f,0xcc,0x5d,0xb1,0x02,0x58,0x62,0x02,0x0f,0xcc,
    0x5e,0xb3,0x02,0x58,0x63,0x02,0x0f,0xcc,0x5f,0xb5,0x02,0x58,0x64,0x02,0x0f,0xcc,0x60,0xb7,0x02,0x58,
    0x2a,0x40,0x40,0xcc,0x6a,0xa9,0x02,0x1a,0x2e,0x40,0x40,0xcc,0x6a,0xad,0x02,0x1a,0x3a,0x40,0x40,0xcc,
    0x6f,0xc3,0x02,0x1a,0x3e,0x40,0x40,0xcc,0x6f,0xc7,0x02,0x1a,0x1a,0x55,0x34,0x06,0x1b,0x57,0x36,0x06,
    0x1c,0x59,0x38,0x06,0x1d,0x5b,0x3a,0x06,0x1e,0x5d,0x3c,0x06,0x1f,0x5f,0x3e,0x06,0x20,0x61,0x40,0x06,
    0x21,0x63,0x42,0x06,0x2a,0x95,0x94,0x06,0x2b,0x97,0x96,0x06,0x2c,0x99,0x98,0x06,0x2d,0x9b,0x9a,0x06,
    0x2e,0x9d,0x9c,0x06,0x2f,0x9f,0x9e,0x06,0x30,0xa1,0xa0,0x06,0x31,0xa3,0xa2,0x06,0x1a,0x75,0x34,0x06,
    0x1b,0x77,0x36,0x06,0x1c,0x79,0x38,0x06,0x1d,0x7b,0x3a,0x06,0x1e,0x7d,0x3c,0x06,0x1f,0x7f,0x3e,0x06,
    0x20,0x81,0x40,0x06,0x21,0x83,0x42,0x06,0x4a,0x00,0x03,0xd5,0x4a,0x75,0x02,0x40,0x4b,0x00,0x03,0xd5,
    0x4b,0x77,0x02,0x40,0x4c,0x00,0x03,0xd5,0x4c,0x79,0x02,0x40,0x4d,0x00,0x03,0xd5,0x4d,0x7b,0x02,0x40,
    0x4e,0x00,0x03,0xd5,0x4e,0x7d,0x02,0x40,0x4f,0x00,0x03,0xd5,0x4f,0x7f,0x02,0x40,0x50,0x00,0x03,0xd5,
    0x50,0x81,0x02,0x40,0x51,0x00,0x03,0xd5,0x51,0x83,0x02,0x40,0x1a,0x15,0x34,0x7e,0x1b,0x15,0x34,0x7f,
    0x1c,0x15,0x36,0x7e,0x1d,0x15,0x36,0x7f,0x1e,0x15,0x38,0x7e,0x1f,0x15,0x38,0x7f,0x20,0x15,0x3a,0x7e,
    0x21,0x15,0x3a,0x7f,0x4a,0x15,0x94,0x7e,0x4b,0x15,0x94,0x7f,0x4c,0x15,0x96,0x7e,0x4d,0x15,0x96,0x7f,
    0x4e,0x15,0x98,0x7e,0x4f,0x15,0x98,0x7f,0x50,0x15,0x9a,0x7e,0x51,0x15,0x9a,0x7f,0x10,0x03,0x1c,0x02,
    0x00,0x89,0xfc,0xdb,0x0c,0x00,0x00,0x04,0x00,0x8d,0xfc,0xdb,0x0c,0x00,0x00,0x08,0x00,0x91,0xd8,0xd8,
    0x0d,0x00,0x00,0x02,0x80,0x33,0x7c,0xdb,0x01,0x1a,0x00,0x00,0x50,0x22,0x7c,0xdb,0x01,0x4a,0x00,0x00,
    0x80,0x44,0xfc,0xdb,0x0e,0x00,0x00,0x54,0xc0,0x55,0xfc,0xdb,0x0e,0x00,0x00,0x58,0xc0,0x66,0x7c,0xdb,
    0x0f,0x94,0x00,0x00,0x90,0x44,0xfc,0xdb,0x0e,0x00,0x00,0x5d,0xd0,0x55,0xfc,0xdb,0x0e,0x00,0x00,0x61,
    0xe0,0x68,0x7c,0xdb,0x0f,0x98,0x00,0x00,0x2d,0x80,0x0d,0xbf,0x80,0x23,0x23,0x98,0x81,0x22,0x22,0x98,
    0x2d,0x90,0x27,0x85,0x2d,0x81,0x0d,0xbf,0x35,0x3b,0x4a,0x98,0x10,0x12,0xa4,0x98,0x27,0x4a,0x38,0x96,
    0x27,0x4a,0xb9,0x96,0x27,0x81,0x0f,0x80,0x16,0x0f,0x8f,0x80,0x80,0x23,0x27,0x98,0x24,0x38,0xa4,0xa9,
    0x06,0x00,0xc6,0xbf,0x40,0x49,0xc0,0xbe,0x01,0x00,0xb5,0xbf,0x38,0x9f,0x39,0x86,0x40,0x38,0xc0,0xa9,
    0x31,0x82,0x0d,0xbf,0xc1,0x80,0xb6,0x98,0x00,0x00,0xc6,0xbf,0x02,0x05,0x5a,0x7e,0x54,0x02,0x0f,0xcc,
    0x54,0xbb,0x02,0x58,0x55,0x02,0x0f,0xcc,0x55,0xbd,0x02,0x58,0x56,0x02,0x0f,0xcc,0x56,0xbf,0x02,0x58,
    0x57,0x02,0x0f,0xcc,0x57,0xc1,0x02,0x58,0x61,0x02,0x0f,0xcc,0x61,0xb1,0x02,0x58,0x62,0x02,0x0f,0xcc,
    0x62,0xb3,0x02,0x58,0x63,0x02,0x0f,0xcc,0x63,0xb5,0x02,0x58,0x64,0x02,0x0f,0xcc,0x64,0xb7,0x02,0x58,
    0x12,0x40,0x40,0xcc,0x65,0xa9,0x02,0x1a,0x16,0x40,0x40,0xcc,0x65,0xad,0x02,0x1a,0x42,0x40,0x40,0xcc,
    0x72,0xc3,0x02,0x1a,0x46,0x40,0x40,0xcc,0x72,0xc7,0x02,0x1a,0x54,0x00,0x0f,0xcc,0x58,0xbb,0x02,0x18,
    0x55,0x00,0x0f,0xcc,0x59,0xbd,0x02,0x18,0x56,0x00,0x0f,0xcc,0x5a,0xbf,0x02,0x18,0x57,0x00,0x0f,0xcc,
    0x5b,0xc1,0x02,0x18,0x61,0x02,0x0f,0xcc,0x5d,0xb1,0x02,0x58,0x62,0x02,0x0f,0xcc,0x5e,0xb3,0x02,0x58,
    0x63,0x02,0x0f,0xcc,0x5f,0xb5,0x02,0x58,0x64,0x02,0x0f,0xcc,0x60,0xb7,0x02,0x58,0x22,0x40,0x40,0xcc,
    0x52,0xa9,0x02,0x1a,0x26,0x40,0x40,0xcc,0x52,0xad,0x02,0x1a,0x32,0x40,0x40,0xcc,0x6d,0xc3,0x02,0x1a,
    0x36,0x40,0x40,0xcc,0x6d,0xc7,0x02,0x1a,0x12,0x45,0x24,0x06,0x13,0x47,0x26,0x06,0x14,0x49,0x28,0x06,
    0x15,0x4b,0x2a,0x06,0x16,0x4d,0x2c,0x06,0x17,0x4f,0x2e,0x06,0x18,0x51,0x30,0x06,0x19,0x53,0x32,0x06,
    0x22,0x85,0x84,0x06,0x23,0x87,0x86,0x06,0x24,0x89,0x88,0x06,0x25,0x8b,0x8a,0x06,0x26,0x8d,0x8c,0x06,
    0x27,0x8f,0x8e,0x06,0x28,0x91,0x90,0x06,0x29,0x93,0x92,0x06,0x12,0x65,0x24,0x06,0x13,0x67,0x26,0x06,
    0x14,0x69,0x28,0x06,0x15,0x6b,0x2a,0x06,0x16,0x6d,0x2c,0x06,0x17,0x6f,0x2e,0x06,0x18,0x71,0x30,0x06,
    0x19,0x73,0x32,0x06,0x42,0x00,0x03,0xd5,0x42,0x65,0x02,0x40,0x43,0x00,0x03,0xd5,0x43,0x67,0x02,0x40,
    0x44,0x00,0x03,0xd5,0x44,0x69,0x02,0x40,0x45,0x00,0x03,0xd5,0x45,0x6b,0x02,0x40,0x46,0x00,0x03,0xd5,
    0x46,0x6d,0x02,0x40,0x47,0x00,0x03,0xd5,0x47,0x6f,0x02,0x40,0x48,0x00,0x03,0xd5,0x48,0x71,0x02,0x40,
    0x49,0x00,0x03,0xd5,0x49,0x73,0x02,0x40,0x12,0x15,0x24,0x7e,0x13,0x15,0x24,0x7f,0x14,0x15,0x26,0x7e,
    0x15,0x15,0x26,0x7f,0x16,0x15,0x28,0x7e,0x17,0x15,0x28,0x7f,0x18,0x15,0x2a,0x7e,0x19,0x15,0x2a,0x7f,
    0x42,0x15,0x84,0x7e,0x43,0x15,0x84,0x7f,0x44,0x15,0x86,0x7e,0x45,0x15,0x86,0x7f,0x46,0x15,0x88,0x7e,
    0x47,0x15,0x88,0x7f,0x48,0x15,0x8a,0x7e,0x49,0x15,0x8a,0x7f,0x0f,0x00,0x01,0xd5,0x11,0x07,0xda,0x00,
    0xc1,0x4e,0x80,0xbe,0xff,0xff,0x94,0xbf,0x40,0x11,0x7c,0xdb,0x01,0x12,0x00,0x00,0x10,0x00,0x7c,0xdb,
    0x01,0x42,0x00,0x00,0xc0,0x66,0xfc,0xdb,0x0e,0x00,0x00,0x54,0x00,0x78,0xfc,0xdb,0x0e,0x00,0x00,0x58,
    0x80,0x44,0x7c,0xdb,0x0f,0x94,0x00,0x00,0xd0,0x66,0xfc,0xdb,0x0e,0x00,0x00,0x5d,0x10,0x78,0xfc,0xdb,
    0x0e,0x00,0x00,0x61,0xa0,0x46,0x7c,0xdb,0x0f,0x98,0x00,0x00,0x2d,0x81,0x0d,0xbf,0x31,0x31,0x31,0x82,
    0x06,0x00,0xc6,0xbf,0x40,0x49,0xc0,0xbe,0x01,0x00,0xb5,0xbf,0x38,0x9f,0x39,0x86,0x17,0x22,0x97,0x80,
    0x80,0x38,0xb8,0x98,0x40,0x38,0xc0,0xa9,0x31,0x83,0x0d,0xbf,0xc1,0x80,0xea,0x98,0x00,0x00,0xc6,0xbf,
    0x54,0x02,0x0f,0xcc,0x54,0xbb,0x02,0x58,0x55,0x02,0x0f,0xcc,0x55,0xbd,0x02,0x58,0x56,0x02,0x0f,0xcc,
    0x56,0xbf,0x02,0x58,0x57,0x02,0x0f,0xcc,0x57,0xc1,0x02,0x58,0x61,0x02,0x0f,0xcc,0x61,0xb1,0x02,0x58,
    0x62,0x02,0x0f,0xcc,0x62,0xb3,0x02,0x58,0x63,0x02,0x0f,0xcc,0x63,0xb5,0x02,0x58,0x64,0x02,0x0f,0xcc,
    0x64,0xb7,0x02,0x58,0x1a,0x40,0x40,0xcc,0x67,0xa9,0x02,0x1a,0x1e,0x40,0x40,0xcc,0x67,0xad,0x02,0x1a,
    0x4a,0x40,0x40,0xcc,0x74,0xc3,0x02,0x1a,0x4e,0x40,0x40,0xcc,0x74,0xc7,0x02,0x1a,0x54,0x00,0x0f,0xcc,
    0x58,0xbb,0x02,0x18,0x55,0x00,0x0f,0xcc,0x59,0xbd,0x02,0x18,0x56,0x00,0x0f,0xcc,0x5a,0xbf,0x02,0x18,
    0x57,0x00,0x0f,0xcc,0x5b,0xc1,0x02,0x18,0x61,0x02,0x0f,0xcc,0x5d,0xb1,0x02,0x58,0x62,0x02,0x0f,0xcc,
    0x5e,0xb3,0x02,0x58,0x63,0x02,0x0f,0xcc,0x5f,0xb5,0x02,0x58,0x64,0x02,0x0f,0xcc,0x60,0xb7,0x02,0x58,
    0x2a,0x40,0x40,0xcc,0x6a,0xa9,0x02,0x1a,0x2e,0x40,0x40,0xcc,0x6a,0xad,0x02,0x1a,0x3a,0x40,0x40,0xcc,
    0x6f,0xc3,0x02,0x1a,0x3e,0x40,0x40,0xcc,0x6f,0xc7,0x02,0x1a,0x1a,0x55,0x34,0x06,0x1b,0x57,0x36,0x06,
    0x1c,0x59,0x38,0x06,0x1d,0x5b,0x3a,0x06,0x1e,0x5d,0x3c,0x06,0x1f,0x5f,0x3e,0x06,0x20,0x61,0x40,0x06,
    0x21,0x63,0x42,0x06,0x2a,0x95,0x94,0x06,0x2b,0x97,0x96,0x06,0x2c,0x99,0x98,0x06,0x2d,0x9b,0x9a,0x06,
    0x2e,0x9d,0x9c,0x06,0x2f,0x9f,0x9e,0x06,0x30,0xa1,0xa0,0x06,0x31,0xa3,0xa2,0x06,0x1a,0x75,0x34,0x06,
    0x1b,0x77,0x36,0x06,0x1c,0x79,0x38,0x06,0x1d,0x7b,0x3a,0x06,0x1e,0x7d,0x3c,0x06,0x1f,0x7f,0x3e,0x06,
    0x20,0x81,0x40,0x06,0x21,0x83,0x42,0x06,0x4a,0x00,0x03,0xd5,0x4a,0x75,0x02,0x40,0x4b,0x00,0x03,0xd5,
    0x4b,0x77,0x02,0x40,0x4c,0x00,0x03,0xd5,0x4c,0x79,0x02,0x40,0x4d,0x00,0x03,0xd5,0x4d,0x7b,0x02,0x40,
    0x4e,0x00,0x03,0xd5,0x4e,0x7d,0x02,0x40,0x4f,0x00,0x03,0xd5,0x4f,0x7f,0x02,0x40,0x50,0x00,0x03,0xd5,
    0x50,0x81,0x02,0x40,0x51,0x00,0x03,0xd5,0x51,0x83,0x02,0x40,0x1a,0x15,0x34,0x7e,0x1b,0x15,0x34,0x7f,
    0x1c,0x15,0x36,0x7e,0x1d,0x15,0x36,0x7f,0x1e,0x15,0x38,0x7e,0x1f,0x15,0x38,0x7f,0x20,0x15,0x3a,0x7e,
    0x21,0x15,0x3a,0x7f,0x4a,0x15,0x94,0x7e,0x4b,0x15,0x94,0x7f,0x4c,0x15,0x96,0x7e,0x4d,0x15,0x96,0x7f,
    0x4e,0x15,0x98,0x7e,0x4f,0x15,0x98,0x7f,0x50,0x15,0x9a,0x7e,0x51,0x15,0x9a,0x7f,0x10,0x03,0x1c,0x02,
    0xc1,0x4e,0x80,0xbe,0xff,0xff,0x94,0xbf,0x00,0x89,0xfc,0xdb,0x0c,0x00,0x00,0x04,0x00,0x8d,0xfc,0xdb,
    0x0c,0x00,0x00,0x08,0x00,0x91,0xd8,0xd8,0x0d,0x00,0x00,0x02,0x80,0x33,0x7c,0xdb,0x01,0x1a,0x00,0x00,
    0x50,0x22,0x7c,0xdb,0x01,0x4a,0x00,0x00,0x80,0x44,0xfc,0xdb,0x0e,0x00,0x00,0x54,0xc0,0x55,0xfc,0xdb,
    0x0e,0x00,0x00,0x58,0xc0,0x66,0x7c,0xdb,0x0f,0x94,0x00,0x00,0x90,0x44,0xfc,0xdb,0x0e,0x00,0x00,0x5d,
    0xd0,0x55,0xfc,0xdb,0x0e,0x00,0x00,0x61,0xe0,0x68,0x7c,0xdb,0x0f,0x98,0x00,0x00,0x2d,0x80,0x0d,0xbf,
    0x80,0x23,0x23,0x98,0x81,0x22,0x22,0x98,0x2d,0x90,0x27,0x85,0x2d,0x81,0x0d,0xbf,0x35,0x3b,0x4a,0x98,
    0x10,0x12,0xa4,0x98,0x27,0x4a,0x38,0x96,0x27,0x4a,0xb9,0x96,0x27,0x81,0x0f,0x80,0x16,0x0f,0x8f,0x80,
    0x80,0x23,0x27,0x98,0x24,0x38,0xa4,0xa9,0x06,0x00,0xc6,0xbf,0x40,0x49,0xc0,0xbe,0x15,0x00,0x10,0xd6,
    0x00,0x0d,0x05,0x02,0xbf,0x00,0x30,0x36,0x6a,0x00,0x4a,0xd4,0x15,0x03,0x01,0x00,0x17,0x00,0x01,0xd5,
    0x80,0xfe,0xa9,0x01,0x00,0x0a,0x00,0x00,0x15,0x00,0x01,0xd5,0x80,0xfe,0xa9,0x01,0x00,0x04,0x00,0x00,
    0x16,0x00,0x01,0xd5,0x80,0xfe,0xa9,0x01,0x00,0x01,0x00,0x00,0x0c,0x00,0x46,0xd6,0x18,0x07,0x5d,0x04,
    0x0d,0x00,0x46,0xd6,0x18,0x07,0x01,0x02,0x10,0x00,0x46,0xd6,0x18,0x05,0x59,0x04,0x11,0x00,0x46,0xd6,
    0x18,0x05,0x01,0x02,0x0f,0x00,0x46,0xd6,0x18,0x09,0x55,0x04,0x3a,0xff,0x45,0x93,0x00,0x00,0x08,0x00,
    0x45,0x80,0x06,0xbf,0xff,0x02,0xa0,0xbe,0x00,0x3c,0x00,0x3c,0x0f,0x00,0xa2,0xbf,0x45,0x84,0x06,0xbf,
    0x13,0x00,0xa2,0xbf,0x45,0x82,0x06,0xbf,0x14,0x00,0xa2,0xbf,0x20,0x14,0x2a,0x7e,0x15,0x05,0x40,0x7e,
    0x21,0x14,0x2a,0x7e,0x15,0x05,0x42,0x7e,0x6a,0x00,0x04,0xd4,0x20,0xe4,0x01,0x00,0x20,0x20,0x20,0x99,
    0x21,0x21,0x21,0x99,0x45,0x83,0x06,0xbf,0x0d,0x00,0xa2,0xbf,0x03,0x00,0xa4,0xbf,0xff,0x00,0xbb,0xbe,
    0x84,0x55,0x00,0x00,0x0b,0x00,0xa0,0xbf,0xff,0x00,0xbb,0xbe,0x24,0x59,0x00,0x00,0x08,0x00,0xa0,0xbf,
    0xff,0x00,0xbb,0xbe,0xc4,0x5c,0x00,0x00,0x05,0x00,0xa0,0xbf,0xff,0x00,0xbb,0xbe,0xe4,0x5f,0x00,0x00,
    0x02,0x00,0xa0,0xbf,0xff,0x00,0xbb,0xbe,0xc4,0x65,0x00,0x00,0x04,0xff,0x46,0x80,0x48,0x4a,0x00,0x00,
    0x05,0x80,0x47,0x82,0x00,0x05,0x8a,0x7e,0xff,0x00,0xb9,0xbe,0x00,0xc0,0x00,0x3c,0x33,0x81,0x37,0x84,
    0x34,0x81,0x38,0x84,0x45,0xff,0x45,0x93,0x06,0x00,0x01,0x00,0x90,0x00,0xc9,0xbe,0x37,0x83,0x48,0x84,
    0x49,0x45,0x49,0x96,0x48,0x45,0x48,0x96,0x88,0x45,0x36,0x96,0x0c,0x36,0xb6,0x80,0x80,0x02,0xb6,0xbe,
    0x1e,0x80,0x10,0xbf,0x80,0xff,0x4f,0x98,0x00,0x40,0x01,0x10,0x1e,0x49,0x1e,0x80,0x1f,0x80,0x1f,0x82,
    0x1f,0xff,0x1f,0x8b,0xff,0xff,0x00,0x00,0x1f,0xff,0x1f,0x80,0x00,0x00,0x02,0x00,0x1e,0x01,0xcc,0xbe,
    0xff,0x00,0xce,0xbe,0x00,0x00,0x00,0x80,0x15,0x00,0x1b,0xd5,0x00,0x7f,0x01,0x00,0x81,0x2a,0x2a,0x30,
    0x6a,0x00,0x49,0xd4,0x15,0x6d,0x00,0x00,0x16,0x00,0x25,0xd5,0x15,0x03,0x01,0x00,0xff,0x2a,0x2a,0x02,
    0x00,0x00,0x00,0x80,0x6a,0x00,0x49,0xd4,0x16,0x6d,0x00,0x00,0xff,0x2c,0x2c,0x02,0x00,0x00,0x00,0x80,
    0x7c,0x00,0x08,0xc4,0x17,0x98,0x80,0x80,0x15,0x00,0x00,0x00,0x7c,0xc0,0x08,0xc4,0x17,0x98,0x80,0x80,
    0x16,0x00,0x00,0x00,0x00,0x00,0xc0,0xbf,0x28,0x00,0x60,0xd7,0x17,0x01,0x01,0x00,0x29,0x00,0x60,0xd7,
    0x17,0x03,0x01,0x00,0x2d,0x00,0x60,0xd7,0x17,0x05,0x01,0x00,0x31,0x00,0x60,0xd7,0x17,0x07,0x01,0x00,
    0x15,0xff,0x15,0x8b,0xff,0xff,0x00,0x00,0x15,0xff,0x15,0x80,0x00,0x00,0x02,0x00,0x14,0x48,0x14,0x80,
    0x15,0x80,0x15,0x82,0x14,0x01,0xc0,0xbe,0xff,0x00,0xc2,0xbe,0x00,0x00,0x00,0x80,0x80,0x00,0xc3,0xbe,
    0x1c,0x81,0x1f,0x80,0x1f,0x81,0x1f,0x85,0x1f,0x81,0x45,0x84,0x1d,0x81,0x48,0x80,0x48,0x81,0x48,0x85,
    0x48,0x82,0x48,0x87,0x48,0x1f,0x10,0x99,0x0b,0x0a,0x12,0x99,0x45,0x1a,0x93,0x80,0x48,0x1b,0x9e,0x80,
    0x1e,0x13,0x13,0x99,0x1d,0x1c,0x17,0x99,0x48,0x81,0x9e,0x80,0x1e,0x45,0x22,0x99,0x18,0x00,0x19,0xd5,
    0x90,0x20,0x00,0x00,0x19,0x00,0x12,0xd6,0xff,0x20,0x00,0x02,0xff,0xff,0x00,0x00,0x81,0x00,0x36,0x36,
    0x21,0x00,0x10,0xd6,0x00,0x0d,0x05,0x02,0xbf,0x00,0x2c,0x36,0x1c,0x00,0x59,0xd6,0xff,0x0c,0x00,0x02,
    0x7c,0x00,0x00,0x00,0x21,0x00,0x59,0xd6,0x82,0x0e,0x84,0x04,0x1a,0x00,0x59,0xd6,0x18,0x33,0x02,0x02,
    0x80,0x36,0x94,0x7c,0x1a,0x33,0x44,0x02,0x17,0x00,0x59,0xd6,0xbe,0x42,0x5a,0x04,0x1c,0x2f,0x2e,0x02,
    0x22,0x73,0x50,0x7e,0x28,0x45,0x52,0x30,0xff,0x52,0x4e,0x36,0x00,0xff,0xff,0xff,0xff,0x52,0x94,0x7c,
    0x00,0x00,0x00,0x80,0x27,0x0d,0x4e,0x7e,0x27,0x55,0x46,0x7e,0xa0,0x50,0x48,0x42,0x29,0x23,0x50,0x7e,
    0x27,0x00,0x13,0xd6,0x27,0x47,0xce,0x03,0x27,0x00,0x13,0xd6,0x28,0x47,0x9e,0x04,0x27,0x47,0x4e,0x5a,
    0x00,0x00,0x00,0x9f,0xff,0x4e,0x4e,0x10,0x00,0x00,0x80,0x5f,0x80,0x02,0x50,0x7e,0x27,0x00,0x8d,0xd5,
    0x27,0x01,0x00,0x20,0x23,0x00,0x46,0xd6,0x23,0x13,0x9d,0x04,0x28,0x6a,0xfe,0xd6,0x29,0x47,0xa2,0x04,
    0x23,0x6a,0x21,0xd5,0x23,0x83,0xa9,0x01,0xfa,0x02,0x4c,0x7e,0x24,0x55,0x00,0xff,0xfa,0x02,0x48,0x7e,
    0x24,0x00,0x00,0xff,0xfa,0x02,0x4a,0x7e,0x23,0x55,0x00,0xff,0xfa,0x02,0x46,0x7e,0x23,0x00,0x00,0xff,
    0x27,0x00,0x2d,0xd7,0x17,0x47,0x02,0x00,0x15,0x6a,0x00,0xd7,0x27,0x2f,0x02,0x00,0x27,0x6a,0x20,0xd5,
    0x80,0x00,0xa9,0x01,0xa0,0x48,0x94,0x7c,0x15,0x4f,0x2a,0x02,0x15,0x00,0x16,0xd6,0x27,0x2b,0x92,0x04,
    0x27,0x00,0x2d,0xd7,0x17,0x4b,0x02,0x00,0x04,0x6a,0x00,0xd7,0x27,0x2f,0x02,0x00,0x27,0x6a,0x20,0xd5,
    0x80,0x00,0xa9,0x01,0xa0,0x4c,0x94,0x7c,0x04,0x4f,0x08,0x02,0x04,0x00,0x16,0xd6,0x27,0x09,0x9a,0x04,
    0x20,0x00,0x59,0xd6,0x15,0x33,0x02,0x02,0x1f,0x00,0x59,0xd6,0x04,0x31,0x02,0x02,0x17,0x41,0x40,0x4c,
    0x15,0x3f,0x3e,0x4c,0x49,0x00,0x60,0xd7,0x20,0x03,0x01,0x00,0x20,0x33,0x40,0x4c,0x11,0x00,0x60,0xd7,
    0x1f,0x03,0x01,0x00,0x1f,0x31,0x3e,0x4c,0x0f,0x00,0x60,0xd7,0x04,0x03,0x01,0x00,0x04,0x00,0x26,0xd5,
    0x04,0x11,0x00,0x00,0x11,0x90,0x11,0x84,0x49,0xff,0x49,0x8b,0xff,0xff,0x00,0x00,0x11,0x49,0x11,0x80,
    0xfa,0x02,0x40,0x7e,0x20,0xa0,0x00,0xff,0xfa,0x02,0x3e,0x7e,0x1f,0xa0,0x00,0xff,0xfa,0x02,0x08,0x7e,
    0x04,0xa0,0x00,0xff,0x20,0x6a,0x00,0xd7,0x20,0x37,0x02,0x00,0x80,0x32,0x3c,0x02,0x1f,0x6a,0x20,0xd5,
    0x1f,0x01,0xa9,0x01,0x80,0x30,0x3a,0x02,0x04,0x6a,0x20,0xd5,0x04,0x01,0xa9,0x01,0x1b,0x00,0x13,0xd5,
    0x16,0x7f,0x01,0x00,0x20,0x3d,0x40,0x4c,0x1f,0x3b,0x3e,0x4c,0x16,0x37,0x94,0x7c,0x90,0x3e,0x02,0x30,
    0x01,0x00,0x12,0xd6,0xff,0x40,0x06,0x04,0xff,0xff,0x00,0x00,0x2a,0x00,0x25,0xd5,0x04,0x11,0x00,0x00,
    0x1b,0x00,0x21,0xd6,0x16,0x03,0xf9,0x02,0x02,0x00,0x2c,0xd7,0x2a,0x55,0x00,0x00,0x0b,0x00,0x2c,0xd7,
    0x2a,0x65,0x00,0x00,0x0f,0x2a,0x16,0x96,0x0f,0x32,0x23,0x96,0xff,0x04,0x04,0x02,0x00,0x00,0x00,0x80,
    0x16,0x37,0x94,0x7c,0xff,0x16,0x16,0x02,0x00,0x00,0x00,0x80,0x24,0x00,0x4e,0xd4,0x2a,0x11,0x00,0x00,
    0x02,0x00,0x01,0xd5,0x02,0xff,0x91,0x00,0x00,0x00,0x00,0x80,0x0b,0x00,0x01,0xd5,0x0b,0xff,0x91,0x00,
    0x00,0x00,0x00,0x80,0x19,0x81,0x9e,0x80,0x0e,0x81,0x0d,0xbf,0x1e,0x80,0x1e,0x98,0xc1,0x81,0x1d,0x98,
    0x18,0x81,0x9a,0x80,0x0e,0x80,0x0d,0xbf,0x1a,0x80,0x1a,0x98,0xc1,0x81,0x1f,0x98,0x1f,0x1a,0x1b,0x80,
    0x1f,0x1b,0x1c,0x80,0xfa,0x00,0x2c,0x3a,0x00,0x70,0x00,0xff,0x15,0x00,0x10,0xd6,0x00,0x05,0x15,0x02,
    0x6a,0x00,0x49,0xd4,0x16,0x33,0x00,0x00,0x0a,0x00,0x49,0xd4,0x15,0x19,0x00,0x00,0x6a,0x0a,0x8a,0x8b,
    0x12,0x00,0x5a,0xd6,0x1d,0x2c,0x7a,0x00,0x12,0x00,0x5a,0xd6,0x2e,0x2a,0x4a,0x04,0x13,0x00,0x5a,0xd6,
    0x30,0x36,0x48,0x04,0x14,0x00,0x5a,0xd6,0x30,0x38,0x48,0x04,0x12,0x00,0x5a,0xd6,0x30,0x34,0x48,0x04,
    0x13,0x00,0x01,0xd5,0xff,0x26,0x2a,0x00,0x00,0x00,0x00,0x80,0x14,0x00,0x01,0xd5,0xff,0x28,0x2a,0x00,
    0x00,0x00,0x00,0x80,0x12,0x00,0x01,0xd5,0xff,0x24,0x2a,0x00,0x00,0x00,0x00,0x80,0x6a,0x00,0x49,0xd4,
    0x1b,0x30,0x00,0x00,0xff,0x26,0x26,0x02,0x00,0x00,0x00,0x80,0x6a,0x00,0x49,0xd4,0x1c,0x30,0x00,0x00,
    0xff,0x28,0x28,0x02,0x00,0x00,0x00,0x80,0x6a,0x00,0x49,0xd4,0x1a,0x30,0x00,0x00,0xff,0x24,0x24,0x02,
    0x00,0x00,0x00,0x80,0x84,0x00,0xa6,0xbe,0x26,0x89,0x27,0x84,0x27,0x1a,0x1c,0x4a,0x3a,0xff,0x0a,0x93,
    0x08,0x00,0x08,0x00,0x3a,0xff,0x0b,0x93,0x10,0x00,0x08,0x00,0x0b,0x80,0x06,0xbf,0x80,0x02,0x9c,0xbe,
    0x6c,0x00,0xa2,0xbf,0x0b,0xff,0x0b,0x80,0x00,0xff,0xff,0xff,0x3c,0x80,0x3c,0x80,0x3d,0x80,0x3d,0x82,
    0x0d,0x82,0x1b,0x85,0x1b,0xff,0x1b,0x8c,0x00,0x00,0x01,0x21,0x6a,0x00,0x4a,0xd4,0x00,0xff,0x01,0x00,
    0x00,0x01,0x00,0x00,0x6a,0x80,0x10,0xbf,0x80,0x1b,0x1b,0x98,0x80,0xff,0x1a,0x98,0x01,0x01,0x01,0x01,
    0x80,0x0a,0x8a,0x80,0x3c,0x01,0x98,0xbe,0x19,0xff,0x19,0x8b,0xff,0xff,0x00,0x00,0x19,0xff,0x19,0x8c,
    0x00,0x00,0x04,0x00,0x10,0xff,0x1f,0x8b,0xff,0xff,0x00,0x00,0x10,0x90,0x1e,0x85,0x1f,0x81,0x1f,0x85,
    0x1f,0x1e,0x1d,0x96,0x1d,0x08,0x1d,0x96,0x1d,0xbd,0x1d,0x80,0x16,0x00,0x61,0xd7,0xbe,0x00,0x01,0x00,
    0x16,0x00,0x61,0xd7,0x06,0x02,0x01,0x00,0x16,0x00,0x61,0xd7,0x8a,0x04,0x01,0x00,0x16,0x73,0x34,0x7e,
    0x1a,0x2d,0x36,0x30,0xff,0x36,0x38,0x36,0x00,0xff,0xff,0xff,0xff,0x36,0x94,0x7c,0x00,0x00,0x00,0x80,
    0x1c,0x0d,0x38,0x7e,0x1c,0x55,0x30,0x7e,0xa0,0x34,0x32,0x42,0x1b,0x23,0x34,0x7e,0x1c,0x00,0x13,0xd6,
    0x1c,0x31,0xce,0x03,0x1c,0x00,0x13,0xd6,0x1a,0x31,0x72,0x04,0x1c,0x31,0x38,0x5a,0x00,0x00,0x00,0x9f,
    0xff,0x38,0x38,0x10,0x00,0x00,0x80,0x5f,0x80,0x02,0x34,0x7e,0x1c,0x00,0x8d,0xd5,0x1c,0x01,0x00,0x20,
    0x18,0x00,0x46,0xd6,0x18,0x13,0x71,0x04,0x1a,0x6a,0xfe,0xd6,0x1b,0x31,0x6a,0x04,0x18,0x6a,0x21,0xd5,
    0x18,0x83,0xa9,0x01,0x1a,0x00,0x2d,0xd7,0x1d,0x30,0x02,0x00,0x17,0x6a,0x00,0xd7,0x1a,0x3b,0x00,0x00,
    0x1a,0x6a,0x20,0xd5,0x80,0x00,0xa9,0x01,0xa0,0x32,0x94,0x7c,0x17,0x35,0x2e,0x02,0x17,0x00,0x16,0xd6,
    0x1a,0x2f,0x66,0x04,0xfa,0x02,0x2e,0x7e,0x17,0x00,0x00,0xff,0x1a,0x00,0x2d,0xd7,0x17,0x31,0x02,0x00,
    0x16,0x6a,0x00,0xd7,0x1a,0x2f,0x02,0x00,0x1a,0x6a,0x20,0xd5,0x80,0x00,0xa9,0x01,0xa0,0x32,0x94,0x7c,
    0x16,0x35,0x2c,0x02,0x16,0x00,0x16,0xd6,0x1a,0x2d,0x66,0x04,0xfa,0x02,0x2c,0x7e,0x16,0x55,0x00,0xff,
    0x17,0x00,0x25,0xd5,0x16,0x13,0x01,0x00,0x1a,0x00,0x2d,0xd7,0x17,0x31,0x02,0x00,0x17,0x6a,0x00,0xd7,
    0x1a,0x2f,0x02,0x00,0x1a,0x6a,0x20,0xd5,0x80,0x00,0xa9,0x01,0xa0,0x32,0x94,0x7c,0x17,0x35,0x2e,0x02,
    0x17,0x00,0x16,0xd6,0x1a,0x2f,0x66,0x04,0x1e,0x00,0x60,0xd7,0x16,0x03,0x01,0x00,0x1f,0x00,0x60,0xd7,
    0x17,0x05,0x01,0x00,0x09,0x8f,0x1d,0x80,0x1d,0x84,0x1d,0x85,0x1d,0x81,0x06,0xbf,0x81,0x02,0x9f,0xbe,
    0x1e,0x1f,0x1c,0x80,0x1d,0x1c,0x1c,0x96,0x86,0x1c,0x1c,0x80,0x1c,0x81,0x9c,0x80,0x80,0x00,0xc8,0xbe,
    0x80,0x00,0xc9,0xbe,0x80,0x00,0xca,0xbe,0x80,0x00,0xcb,0xbe,0x80,0x00,0xcc,0xbe,0x80,0x00,0xcd,0xbe,
    0x80,0x00,0x9e,0xbe,0x88,0x00,0x9d,0xbe,0x1e,0x80,0x08,0xbf,0x04,0x00,0xa2,0xbf,0x04,0x03,0x74,0x7e,
    0x01,0x03,0x7e,0x7e,0x02,0x03,0xc2,0x7f,0x0b,0x03,0xc4,0x7f,0x3a,0x03,0x08,0x7e,0x3f,0x03,0x02,0x7e,
    0xe1,0x03,0x04,0x7e,0xe2,0x03,0x16,0x7e,0x1e,0x90,0x1e,0x80,0x1e,0x09,0x09,0xbf,0x80,0x02,0x9e,0xbe,
    0x86,0x82,0x1f,0x98,0x89,0x80,0x2e,0x98,0x1f,0x1d,0x9f,0x99,0x2e,0x1e,0x2e,0x99,0x1f,0x02,0xc0,0x7f,
    0x46,0x49,0xc6,0xbe,0x00,0x00,0xc6,0xbf,0xc1,0x4e,0x80,0xbe,0xff,0xff,0x94,0xbf,0x2c,0x50,0x0e,0xcc,
    0x31,0x73,0xb0,0x1c,0x2d,0x50,0x0e,0xcc,0x32,0x73,0xb4,0x1c,0x2e,0x50,0x0e,0xcc,0x33,0x73,0xb8,0x1c,
    0x2f,0x50,0x0e,0xcc,0x34,0x73,0xbc,0x1c,0x12,0x03,0x0e,0x7e,0x13,0x03,0x10,0x7e,0xff,0x02,0x12,0x7e,
    0x00,0x00,0x00,0x80,0x14,0x03,0x14,0x7e,0xff,0x02,0x0a,0x7e,0x00,0x00,0x00,0x80,0xff,0x02,0x0c,0x7e,
    0x00,0x00,0x00,0x80,0x00,0x00,0xb5,0xbf,0x40,0x22,0xfc,0xdb,0x03,0x00,0x00,0x22,0x00,0x89,0x7c,0xdb,
    0x0f,0x07,0x00,0x00,0x60,0x24,0xfc,0xdb,0x03,0x00,0x00,0x27,0x00,0x91,0x34,0xd8,0x10,0xe0,0x00,0x00,
    0x02,0x00,0xb5,0xbf,0x1c,0x81,0x9c,0x80,0xff,0x1b,0x1b,0x98,0x00,0x00,0x01,0x21,0x48,0x82,0x0d,0xbf,
    0x3b,0xff,0x46,0x98,0x48,0x4a,0x00,0x00,0x04,0x46,0x46,0x80,0x05,0x80,0x47,0x82,0x46,0x49,0xc6,0xbe,
    0x00,0x00,0xc6,0xbf,0x27,0x1a,0x1c,0x4a,0xe3,0x50,0x0e,0xcc,0x22,0x73,0x60,0x1c,0xe4,0x50,0x0e,0xcc,
    0x23,0x73,0x64,0x1c,0xe5,0x50,0x0e,0xcc,0x24,0x73,0x68,0x1c,0xe6,0x50,0x0e,0xcc,0x25,0x73,0x6c,0x1c,
    0x22,0x02,0x0f,0xcc,0x1d,0x45,0x02,0x58,0x23,0x02,0x0f,0xcc,0x1e,0x47,0x02,0x58,0x24,0x02,0x0f,0xcc,
    0x1f,0x49,0x02,0x58,0x25,0x02,0x0f,0xcc,0x20,0x4b,0x02,0x58,0xe7,0x00,0x0f,0xcc,0x22,0x4f,0x02,0x18,
    0xe8,0x00,0x0f,0xcc,0x23,0x51,0x02,0x18,0xe9,0x00,0x0f,0xcc,0x24,0x53,0x02,0x18,0xea,0x00,0x0f,0xcc,
    0x25,0x55,0x02,0x18,0x00,0x00,0xb5,0xbf,0x00,0x93,0xd8,0xd9,0x0e,0x00,0x00,0xf3,0x00,0x9d,0xd8,0xd9,
    0x0e,0x00,0x00,0xf5,0x80,0x26,0xfc,0xdb,0x03,0x00,0x00,0x36,0xa0,0x28,0xfc,0xdb,0x03,0x00,0x00,0x3b,
    0x02,0x00,0xb5,0xbf,0x49,0x00,0xc8,0xbe,0x4a,0x00,0xc9,0xbe,0x4b,0x00,0xca,0xbe,0x4c,0x00,0xcb,0xbe,
    0x4d,0x00,0xcc,0xbe,0x1d,0x00,0xcd,0xbe,0x48,0x80,0x0d,0xbf,0xd5,0x0b,0xa2,0xbf,0x48,0x81,0x0d,0xbf,
    0x44,0xff,0x46,0x98,0x4c,0x4a,0x00,0x00,0x04,0x46,0x46,0x80,0x05,0x80,0x47,0x82,0x48,0x82,0x0d,0xbf,
    0xff,0x80,0x43,0x98,0x00,0x40,0x01,0x10,0x36,0x81,0xb5,0x80,0x80,0x43,0x43,0x98,0x14,0x01,0xc0,0xbe,
    0x46,0x49,0xc6,0xbe,0x00,0x00,0xc6,0xbf,0xc1,0x4e,0x80,0xbe,0xff,0xff,0x94,0xbf,0x27,0x18,0x1c,0x4a,
    0xeb,0x50,0x0e,0xcc,0x36,0x73,0xb0,0x1c,0xec,0x50,0x0e,0xcc,0x37,0x73,0xb4,0x1c,0xed,0x50,0x0e,0xcc,
    0x38,0x73,0xb8,0x1c,0xee,0x50,0x0e,0xcc,0x39,0x73,0xbc,0x1c,0x36,0x02,0x0f,0xcc,0x31,0x6d,0x02,0x58,
    0x37,0x02,0x0f,0xcc,0x32,0x6f,0x02,0x58,0x38,0x02,0x0f,0xcc,0x33,0x71,0x02,0x58,0x39,0x02,0x0f,0xcc,
    0x34,0x73,0x02,0x58,0xef,0x00,0x0f,0xcc,0x36,0x77,0x02,0x18,0xf0,0x00,0x0f,0xcc,0x37,0x79,0x02,0x18,
    0xf1,0x00,0x0f,0xcc,0x38,0x7b,0x02,0x18,0xf2,0x00,0x0f,0xcc,0x39,0x7d,0x02,0x18,0x0b,0xff,0x0b,0x80,
    0x00,0x01,0x00,0x00,0x08,0x00,0xa1,0xbf,0x97,0x10,0x9b,0xbe,0x81,0x1a,0xfe,0x84,0x01,0x00,0x06,0xc4,
    0x00,0x30,0x80,0x00,0x00,0x00,0x00,0x00,0xc1,0x01,0xfe,0xbe,0x0b,0xff,0x0b,0x96,0x01,0xff,0xff,0xff,
    0xff,0x0b,0x7c,0x91,0x00,0xff,0xff,0xff,0x04,0x00,0xa2,0xbf,0x97,0x12,0x9b,0xbe,0x7c,0x00,0x05,0xc4,
    0x15,0x30,0x88,0x00,0x00,0x00,0x00,0x00,0x00,0x00,0xb5,0xbf,0x01,0x00,0x80,0xbf,0x00,0x00,0xfc,0xdb,
    0x03,0x00,0x00,0x18,0x00,0x93,0x34,0xd9,0x0e,0x05,0x00,0x00,0x20,0x02,0xfc,0xdb,0x03,0x00,0x00,0x1d,
    0x00,0x91,0xd8,0xd8,0x11,0x00,0x00,0xe0,0x02,0x00,0xb5,0xbf,0x26,0x81,0xa6,0x80,0x84,0x26,0x26,0x98,
    0x26,0x89,0x27,0x84,0x48,0x82,0x0d,0xbf,0x3b,0xff,0x46,0x98,0x48,0x4a,0x00,0x00,0x04,0x46,0x46,0x80,
    0x05,0x80,0x47,0x82,0x46,0x49,0xc6,0xbe,0x00,0x00,0xc6,0xbf,0xe0,0x05,0x3a,0x7e,0x18,0x50,0x0e,0xcc,
    0x1d,0x73,0x60,0x1c,0x19,0x50,0x0e,0xcc,0x1e,0x73,0x64,0x1c,0x1a,0x50,0x0e,0xcc,0x1f,0x73,0x68,0x1c,
    0x1b,0x50,0x0e,0xcc,0x20,0x73,0x6c,0x1c,0x00,0x00,0xb5,0xbf,0x40,0x04,0xfc,0xdb,0x03,0x00,0x00,0x2c,
    0x60,0x06,0xfc,0xdb,0x03,0x00,0x00,0x31,0x02,0x00,0xb5,0xbf,0xff,0x0b,0x7c,0x91,0x00,0xff,0xff,0xff,
    0x1a,0x00,0xa2,0xbf,0x0a,0x0a,0x0a,0x99,0x1b,0x80,0xfe,0x95,0x6a,0x00,0x4d,0xd4,0x15,0x35,0x00,0x00,
    0x0d,0x00,0xa3,0xbf,0x7c,0x00,0x05,0xc4,0x15,0x30,0x88,0x00,0x00,0x00,0x00,0x00,0x0a,0x80,0x06,0xbf,
    0x80,0xff,0x6a,0x98,0x00,0x00,0x01,0x00,0x0a,0x6a,0x0a,0x80,0x02,0x00,0xa2,0xbf,0x00,0x00,0xc0,0xbf,
    0xf3,0xff,0xa0,0xbf,0xff,0x1b,0x1b,0x8b,0x00,0x00,0xff,0xff,0x80,0x00,0x8a,0xbe,0xc1,0x01,0xfe,0xbe,
    0x1a,0x83,0x1a,0x96,0x1a,0xff,0x1a,0x8b,0x3f,0x3f,0x3f,0x3f,0x18,0xff,0x18,0x80,0x00,0x01,0x00,0x00,
    0x18,0xff,0x18,0x8b,0xff,0xf7,0xff,0xff,0x48,0x81,0x0d,0xbf,0x44,0xff,0x46,0x98,0xac,0x4b,0x00,0x00,
    0x04,0x46,0x46,0x80,0x05,0x80,0x47,0x82,0x09,0x90,0x0b,0xbf,0xc1,0x89,0x30,0x98,0x30,0x81,0xb0,0x80,
    0x2e,0x1f,0x1f,0x98,0x80,0x10,0x9f,0xbe,0x46,0x49,0xc6,0xbe,0x00,0x00,0xc6,0xbf,0xc1,0x4e,0x80,0xbe,
    0xff,0xff,0x94,0xbf,0x2c,0x50,0x0e,0xcc,0x31,0x73,0xb0,0x1c,0x2d,0x50,0x0e,0xcc,0x32,0x73,0xb4,0x1c,
    0x2e,0x50,0x0e,0xcc,0x33,0x73,0xb8,0x1c,0x2f,0x50,0x0e,0xcc,0x34,0x73,0xbc,0x1c,0x1f,0x02,0xc0,0x7f,
    0x21,0x6a,0x00,0xd7,0x01,0x23,0x00,0x00,0x17,0x40,0x09,0xcc,0x01,0xff,0x4d,0x18,0x01,0x00,0x02,0x00,
    0x1c,0x40,0x09,0xcc,0x01,0xff,0x89,0x18,0x01,0x00,0x02,0x00,0x16,0x00,0x0d,0xcc,0x21,0x03,0x02,0x18,
    0x2b,0x00,0x01,0xd5,0x80,0x54,0xa8,0x01,0xf7,0x00,0x01,0xd5,0x80,0x64,0xa8,0x01,0x07,0x00,0x59,0xd6,
    0x17,0x03,0x09,0x04,0x05,0x00,0x59,0xd6,0x1c,0x03,0x2d,0x04,0x02,0x00,0x55,0xd6,0x02,0x2d,0xac,0x04,
    0x0b,0x00,0x55,0xd6,0x0b,0x47,0xdc,0x07,0x16,0x00,0x0b,0xcc,0x01,0x2d,0x02,0x18,0x04,0x24,0x20,0xd5,
    0x04,0x1f,0xa8,0x01,0x02,0x00,0x01,0xd5,0x02,0xff,0x91,0x00,0x00,0x00,0x00,0x80,0x0b,0x00,0x01,0xd5,
    0x0b,0xff,0x91,0x00,0x00,0x00,0x00,0x80,0x6a,0x00,0x39,0xd4,0x17,0x25,0x00,0x00,0xff,0x0e,0x0e,0x02,
    0x00,0x00,0x00,0x80,0x6a,0x00,0x39,0xd4,0x1c,0x2f,0x00,0x00,0xff,0x0a,0x0a,0x02,0x00,0x00,0x00,0x80,
    0x16,0x00,0x06,0xcc,0x8f,0x2c,0x02,0x10,0x35,0x08,0x0a,0xcc,0x17,0xff,0x01,0x18,0x02,0x00,0x03,0x00,
    0x30,0x08,0x0a,0xcc,0x17,0xff,0x01,0x18,0x00,0x00,0x01,0x00,0x0a,0x08,0x59,0xd6,0x35,0x59,0x1c,0x04,
    0x08,0x08,0x59,0xd6,0x30,0x59,0x1c,0x04,0x26,0x08,0x0a,0xcc,0x1c,0xff,0x01,0x18,0x00,0x00,0x01,0x00,
    0x6a,0x18,0x39,0xd4,0x35,0x25,0x00,0x00,0xff,0x14,0x14,0x02,0x00,0x00,0x00,0x80,0x6a,0x18,0x39,0xd4,
    0x30,0x25,0x00,0x00,0xff,0x10,0x10,0x02,0x00,0x00,0x00,0x80,0x06,0x08,0x59,0xd6,0x26,0x69,0x14,0x04,
    0x09,0x00,0x59,0xd6,0x35,0x59,0x1c,0x04,0x07,0x00,0x59,0xd6,0x30,0x59,0x1c,0x04,0x6a,0x18,0x39,0xd4,
    0x26,0x2f,0x00,0x00,0xff,0x0c,0x0c,0x02,0x00,0x00,0x00,0x80,0x6a,0x10,0x39,0xd4,0x35,0x25,0x00,0x00,
    0xff,0x12,0x12,0x02,0x00,0x00,0x00,0x80,0x6a,0x10,0x39,0xd4,0x30,0x25,0x00,0x00,0xff,0x0e,0x0e,0x02,
    0x00,0x00,0x00,0x80,0x05,0x00,0x59,0xd6,0x26,0x69,0x14,0x04,0x01,0x40,0x09,0xcc,0x16,0x21,0x84,0x1c,
    0x6a,0x10,0x39,0xd4,0x26,0x2f,0x00,0x00,0xff,0x0a,0x0a,0x02,0x00,0x00,0x00,0x80,0x16,0x6a,0x00,0xd7,
    0x04,0x11,0x00,0x00,0x2e,0xc0,0xc1,0x03,0x00,0x00,0xb5,0xbf,0x40,0x22,0xfc,0xdb,0x03,0x00,0x00,0x22,
    0x00,0x89,0x7c,0xdb,0x0f,0x07,0x00,0x00,0x60,0x24,0xfc,0xdb,0x03,0x00,0x00,0x27,0x00,0x91,0x34,0xd8,
    0x10,0xe0,0x00,0x00,0x02,0x00,0xb5,0xbf,0x1c,0x81,0x9c,0x80,0xff,0x1b,0x1b,0x98,0x00,0x00,0x01,0x21,
    0x48,0x82,0x0d,0xbf,0x3b,0xff,0x46,0x98,0x48,0x4a,0x00,0x00,0x04,0x46,0x46,0x80,0x05,0x80,0x47,0x82,
    0x46,0x49,0xc6,0xbe,0x00,0x00,0xc6,0xbf,0x27,0x1a,0x1c,0x4a,0xe3,0x50,0x0e,0xcc,0x22,0x73,0x60,0x1c,
    0xe4,0x50,0x0e,0xcc,0x23,0x73,0x64,0x1c,0xe5,0x50,0x0e,0xcc,0x24,0x73,0x68,0x1c,0xe6,0x50,0x0e,0xcc,
    0x25,0x73,0x6c,0x1c,0x22,0x02,0x0f,0xcc,0x1d,0x45,0x02,0x58,0x23,0x02,0x0f,0xcc,0x1e,0x47,0x02,0x58,
    0x24,0x02,0x0f,0xcc,0x1f,0x49,0x02,0x58,0x25,0x02,0x0f,0xcc,0x20,0x4b,0x02,0x58,0xe7,0x00,0x0f,0xcc,
    0x22,0x4f,0x02,0x18,0xe8,0x00,0x0f,0xcc,0x23,0x51,0x02,0x18,0xe9,0x00,0x0f,0xcc,0x24,0x53,0x02,0x18,
    0xea,0x00,0x0f,0xcc,0x25,0x55,0x02,0x18,0x00,0x00,0xb5,0xbf,0x00,0x93,0xd8,0xd9,0x0e,0x00,0x00,0xf3,
    0x00,0x9d,0xd8,0xd9,0x0e,0x00,0x00,0xf5,0x80,0x26,0xfc,0xdb,0x03,0x00,0x00,0x36,0xa0,0x28,0xfc,0xdb,
    0x03,0x00,0x00,0x3b,0x02,0x00,0xb5,0xbf,0x49,0x00,0xc8,0xbe,0x4a,0x00,0xc9,0xbe,0x4b,0x00,0xca,0xbe,
    0x4c,0x00,0xcb,0xbe,0x4d,0x00,0xcc,0xbe,0x1d,0x00,0xcd,0xbe,0x48,0x80,0x0d,0xbf,0xa8,0x0a,0xa2,0xbf,
    0x48,0x81,0x0d,0xbf,0x44,0xff,0x46,0x98,0x4c,0x4a,0x00,0x00,0x04,0x46,0x46,0x80,0x05,0x80,0x47,0x82,
    0x48,0x82,0x0d,0xbf,0xff,0x80,0x43,0x98,0x00,0x40,0x01,0x10,0x36,0x81,0xb5,0x80,0x80,0x43,0x43,0x98,
    0x14,0x01,0xc0,0xbe,0x46,0x49,0xc6,0xbe,0x00,0x00,0xc6,0xbf,0xc1,0x4e,0x80,0xbe,0xff,0xff,0x94,0xbf,
    0x27,0x18,0x1c,0x4a,0xeb,0x50,0x0e,0xcc,0x36,0x73,0xb0,0x1c,0xec,0x50,0x0e,0xcc,0x37,0x73,0xb4,0x1c,
    0xed,0x50,0x0e,0xcc,0x38,0x73,0xb8,0x1c,0xee,0x50,0x0e,0xcc,0x39,0x73,0xbc,0x1c,0x36,0x02,0x0f,0xcc,
    0x31,0x6d,0x02,0x58,0x37,0x02,0x0f,0xcc,0x32,0x6f,0x02,0x58,0x38,0x02,0x0f,0xcc,0x33,0x71,0x02,0x58,
    0x39,0x02,0x0f,0xcc,0x34,0x73,0x02,0x58,0xef,0x00,0x0f,0xcc,0x36,0x77,0x02,0x18,0xf0,0x00,0x0f,0xcc,
    0x37,0x79,0x02,0x18,0xf1,0x00,0x0f,0xcc,0x38,0x7b,0x02,0x18,0xf2,0x00,0x0f,0xcc,0x39,0x7d,0x02,0x18,
    0x0b,0xff,0x0b,0x80,0x00,0x01,0x00,0x00,0x08,0x00,0xa1,0xbf,0x97,0x10,0x9b,0xbe,0x81,0x1a,0xfe,0x84,
    0x01,0x00,0x06,0xc4,0x00,0x30,0x80,0x00,0x00,0x00,0x00,0x00,0xc1,0x01,0xfe,0xbe,0x0b,0xff,0x0b,0x96,
    0x01,0xff,0xff,0xff,0xff,0x0b,0x7c,0x91,0x00,0xff,0xff,0xff,0x04,0x00,0xa2,0xbf,0x97,0x12,0x9b,0xbe,
    0x7c,0x00,0x05,0xc4,0x15,0x30,0x88,0x00,0x00,0x00,0x00,0x00,0x00,0x00,0xb5,0xbf,0x01,0x00,0x80,0xbf,
    0x00,0x00,0xfc,0xdb,0x03,0x00,0x00,0x18,0x00,0x93,0x34,0xd9,0x0e,0x05,0x00,0x00,0x20,0x02,0xfc,0xdb,
    0x03,0x00,0x00,0x1d,0x00,0x91,0xd8,0xd8,0x11,0x00,0x00,0xe0,0x02,0x00,0xb5,0xbf,0x26,0x81,0xa6,0x80,
    0x84,0x26,0x26,0x98,0x26,0x89,0x27,0x84,0x48,0x82,0x0d,0xbf,0x3b,0xff,0x46,0x98,0x48,0x4a,0x00,0x00,
    0x04,0x46,0x46,0x80,0x05,0x80,0x47,0x82,0x46,0x49,0xc6,0xbe,0x00,0x00,0xc6,0xbf,0xe0,0x05,0x3a,0x7e,
    0x18,0x50,0x0e,0xcc,0x1d,0x73,0x60,0x1c,0x19,0x50,0x0e,0xcc,0x1e,0x73,0x64,0x1c,0x1a,0x50,0x0e,0xcc,
    0x1f,0x73,0x68,0x1c,0x1b,0x50,0x0e,0xcc,0x20,0x73,0x6c,0x1c,0x00,0x00,0xb5,0xbf,0x40,0x04,0xfc,0xdb,
    0x03,0x00,0x00,0x2c,0x60,0x06,0xfc,0xdb,0x03,0x00,0x00,0x31,0x02,0x00,0xb5,0xbf,0xff,0x0b,0x7c,0x91,
    0x00,0xff,0xff,0xff,0x1a,0x00,0xa2,0xbf,0x0a,0x0a,0x0a,0x99,0x1b,0x80,0xfe,0x95,0x6a,0x00,0x4d,0xd4,
    0x15,0x35,0x00,0x00,0x0d,0x00,0xa3,0xbf,0x7c,0x00,0x05,0xc4,0x15,0x30,0x88,0x00,0x00,0x00,0x00,0x00,
    0x0a,0x80,0x06,0xbf,0x80,0xff,0x6a,0x98,0x00,0x00,0x01,0x00,0x0a,0x6a,0x0a,0x80,0x02,0x00,0xa2,0xbf,
    0x00,0x00,0xc0,0xbf,0xf3,0xff,0xa0,0xbf,0xff,0x1b,0x1b,0x8b,0x00,0x00,0xff,0xff,0x80,0x00,0x8a,0xbe,
    0xc1,0x01,0xfe,0xbe,0x1a,0x83,0x1a,0x96,0x1a,0xff,0x1a,0x8b,0x3f,0x3f,0x3f,0x3f,0x18,0xff,0x18,0x80,
    0x00,0x01,0x00,0x00,0x18,0xff,0x18,0x8b,0xff,0xf7,0xff,0xff,0x48,0x81,0x0d,0xbf,0x44,0xff,0x46,0x98,
    0xac,0x4b,0x00,0x00,0x04,0x46,0x46,0x80,0x05,0x80,0x47,0x82,0x1d,0x81,0x0d,0xbf,0xd3,0xfe,0xa2,0xbf,
    0xea,0xfd,0xa0,0xbf,0x46,0x48,0x80,0xbe,0x48,0x83,0x0d,0xbf,0x50,0x00,0xa1,0xbf,0x80,0x02,0x80,0x7e,
    0x80,0x02,0x82,0x7e,0x80,0x02,0x88,0x7e,0x80,0x02,0x8a,0x7e,0x80,0x02,0x84,0x7e,0x80,0x02,0x86,0x7e,
    0x80,0x02,0x8c,0x7e,0x80,0x02,0x8e,0x7e,0x80,0x02,0xa0,0x7e,0x80,0x02,0xa2,0x7e,0x80,0x02,0xa8,0x7e,
    0x80,0x02,0xaa,0x7e,0x80,0x02,0xa4,0x7e,0x80,0x02,0xa6,0x7e,0x80,0x02,0xac,0x7e,0x80,0x02,0xae,0x7e,
    0x80,0x02,0xc0,0x7e,0x80,0x02,0xc2,0x7e,0x80,0x02,0xc8,0x7e,0x80,0x02,0xca,0x7e,0x80,0x02,0xc4,0x7e,
    0x80,0x02,0xc6,0x7e,0x80,0x02,0xcc,0x7e,0x80,0x02,0xce,0x7e,0x80,0x02,0xe0,0x7e,0x80,0x02,0xe2,0x7e,
    0x80,0x02,0xe8,0x7e,0x80,0x02,0xea,0x7e,0x80,0x02,0xe4,0x7e,0x80,0x02,0xe6,0x7e,0x80,0x02,0xec,0x7e,
    0x80,0x02,0xee,0x7e,0x80,0x02,0x00,0x7f,0x80,0x02,0x02,0x7f,0x80,0x02,0x08,0x7f,0x80,0x02,0x0a,0x7f,
    0x80,0x02,0x04,0x7f,0x80,0x02,0x06,0x7f,0x80,0x02,0x0c,0x7f,0x80,0x02,0x0e,0x7f,0x80,0x02,0x20,0x7f,
    0x80,0x02,0x22,0x7f,0x80,0x02,0x28,0x7f,0x80,0x02,0x2a,0x7f,0x80,0x02,0x24,0x7f,0x80,0x02,0x26,0x7f,
    0x80,0x02,0x2c,0x7f,0x80,0x02,0x2e,0x7f,0x80,0x02,0x40,0x7f,0x80,0x02,0x42,0x7f,0x80,0x02,0x48,0x7f,
    0x80,0x02,0x4a,0x7f,0x80,0x02,0x44,0x7f,0x80,0x02,0x46,0x7f,0x80,0x02,0x4c,0x7f,0x80,0x02,0x4e,0x7f,
    0x80,0x02,0x60,0x7f,0x80,0x02,0x62,0x7f,0x80,0x02,0x68,0x7f,0x80,0x02,0x6a,0x7f,0x80,0x02,0x64,0x7f,
    0x80,0x02,0x66,0x7f,0x80,0x02,0x6c,0x7f,0x80,0x02,0x6e,0x7f,0x80,0x02,0x80,0x7f,0x80,0x02,0x82,0x7f,
    0x80,0x02,0x88,0x7f,0x80,0x02,0x8a,0x7f,0x80,0x02,0x84,0x7f,0x80,0x02,0x86,0x7f,0x80,0x02,0x8c,0x7f,
    0x80,0x02,0x8e,0x7f,0x80,0x02,0xa0,0x7f,0x80,0x02,0xa2,0x7f,0x80,0x02,0xa8,0x7f,0x80,0x02,0xaa,0x7f,
    0x80,0x02,0xa4,0x7f,0x80,0x02,0xa6,0x7f,0x80,0x02,0xac,0x7f,0x80,0x02,0xae,0x7f,0xff,0x00,0xc4,0xbe,
    0x0c,0x4d,0x00,0x00,0x09,0x90,0x0b,0xbf,0xff,0x02,0xc4,0xbe,0x48,0x4a,0x00,0x00,0x46,0x48,0x80,0xbe,
    0x48,0x83,0x0d,0xbf,0x50,0x00,0xa1,0xbf,0x80,0x02,0x90,0x7e,0x80,0x02,0x92,0x7e,0x80,0x02,0x98,0x7e,
    0x80,0x02,0x9a,0x7e,0x80,0x02,0x94,0x7e,0x80,0x02,0x96,0x7e,0x80,0x02,0x9c,0x7e,0x80,0x02,0x9e,0x7e,
    0x80,0x02,0xb0,0x7e,0x80,0x02,0xb2,0x7e,0x80,0x02,0xb8,0x7e,0x80,0x02,0xba,0x7e,0x80,0x02,0xb4,0x7e,
    0x80,0x02,0xb6,0x7e,0x80,0x02,0xbc,0x7e,0x80,0x02,0xbe,0x7e,0x80,0x02,0xd0,0x7e,0x80,0x02,0xd2,0x7e,
    0x80,0x02,0xd8,0x7e,0x80,0x02,0xda,0x7e,0x80,0x02,0xd4,0x7e,0x80,0x02,0xd6,0x7e,0x80,0x02,0xdc,0x7e,
    0x80,0x02,0xde,0x7e,0x80,0x02,0xf0,0x7e,0x80,0x02,0xf2,0x7e,0x80,0x02,0xf8,0x7e,0x80,0x02,0xfa,0x7e,
    0x80,0x02,0xf4,0x7e,0x80,0x02,0xf6,0x7e,0x80,0x02,0xfc,0x7e,0x80,0x02,0xfe,0x7e,0x80,0x02,0x10,0x7f,
    0x80,0x02,0x12,0x7f,0x80,0x02,0x18,0x7f,0x80,0x02,0x1a,0x7f,0x80,0x02,0x14,0x7f,0x80,0x02,0x16,0x7f,
    0x80,0x02,0x1c,0x7f,0x80,0x02,0x1e,0x7f,0x80,0x02,0x30,0x7f,0x80,0x02,0x32,0x7f,0x80,0x02,0x38,0x7f,
    0x80,0x02,0x3a,0x7f,0x80,0x02,0x34,0x7f,0x80,0x02,0x36,0x7f,0x80,0x02,0x3c,0x7f,0x80,0x02,0x3e,0x7f,
    0x80,0x02,0x50,0x7f,0x80,0x02,0x52,0x7f,0x80,0x02,0x58,0x7f,0x80,0x02,0x5a,0x7f,0x80,0x02,0x54,0x7f,
    0x80,0x02,0x56,0x7f,0x80,0x02,0x5c,0x7f,0x80,0x02,0x5e,0x7f,0x80,0x02,0x70,0x7f,0x80,0x02,0x72,0x7f,
    0x80,0x02,0x78,0x7f,0x80,0x02,0x7a,0x7f,0x80,0x02,0x74,0x7f,0x80,0x02,0x76,0x7f,0x80,0x02,0x7c,0x7f,
    0x80,0x02,0x7e,0x7f,0x80,0x02,0x90,0x7f,0x80,0x02,0x92,0x7f,0x80,0x02,0x98,0x7f,0x80,0x02,0x9a,0x7f,
    0x80,0x02,0x94,0x7f,0x80,0x02,0x96,0x7f,0x80,0x02,0x9c,0x7f,0x80,0x02,0x9e,0x7f,0x80,0x02,0xb0,0x7f,
    0x80,0x02,0xb2,0x7f,0x80,0x02,0xb8,0x7f,0x80,0x02,0xba,0x7f,0x80,0x02,0xb4,0x7f,0x80,0x02,0xb6,0x7f,
    0x80,0x02,0xbc,0x7f,0x80,0x02,0xbe,0x7f,0xff,0x00,0xc4,0xbe,0x0c,0x4d,0x00,0x00,0x09,0x90,0x0b,0xbf,
    0xff,0x02,0xc4,0xbe,0x48,0x4a,0x00,0x00,0x46,0x48,0x80,0xbe,0xe3,0x00,0x0f,0xcc,0xe3,0x81,0x02,0x18,
    0xe4,0x00,0x0f,0xcc,0xe4,0x83,0x02,0x18,0xe5,0x00,0x0f,0xcc,0xe5,0x85,0x02,0x18,0xe6,0x00,0x0f,0xcc,
    0xe6,0x87,0x02,0x18,0xe7,0x00,0x0f,0xcc,0xe7,0x89,0x02,0x18,0xe8,0x00,0x0f,0xcc,0xe8,0x8b,0x02,0x18,
    0xe9,0x00,0x0f,0xcc,0xe9,0x8d,0x02,0x18,0xea,0x00,0x0f,0xcc,0xea,0x8f,0x02,0x18,0xe3,0x03,0x80,0x7e,
    0xe4,0x03,0x82,0x7e,0xe5,0x03,0x84,0x7e,0xe6,0x03,0x86,0x7e,0xe7,0x03,0x88,0x7e,0xe8,0x03,0x8a,0x7e,
    0xe9,0x03,0x8c,0x7e,0xea,0x03,0x8e,0x7e,0xff,0x00,0xc4,0xbe,0x78,0x4d,0x00,0x00,0x46,0x48,0x80,0xbe,
    0xeb,0x00,0x0f,0xcc,0xeb,0x91,0x02,0x18,0xec,0x00,0x0f,0xcc,0xec,0x93,0x02,0x18,0xed,0x00,0x0f,0xcc,
    0xed,0x95,0x02,0x18,0xee,0x00,0x0f,0xcc,0xee,0x97,0x02,0x18,0xef,0x00,0x0f,0xcc,0xef,0x99,0x02,0x18,
    0xf0,0x00,0x0f,0xcc,0xf0,0x9b,0x02,0x18,0xf1,0x00,0x0f,0xcc,0xf1,0x9d,0x02,0x18,0xf2,0x00,0x0f,0xcc,
    0xf2,0x9f,0x02,0x18,0xeb,0x03,0x90,0x7e,0xec,0x03,0x92,0x7e,0xed,0x03,0x94,0x7e,0xee,0x03,0x96,0x7e,
    0xef,0x03,0x98,0x7e,0xf0,0x03,0x9a,0x7e,0xf1,0x03,0x9c,0x7e,0xf2,0x03,0x9e,0x7e,0xff,0x00,0xc4,0xbe,
    0xe4,0x4d,0x00,0x00,0x46,0x48,0x80,0xbe,0xe3,0x00,0x0f,0xcc,0xe3,0xa1,0x02,0x18,0xe4,0x00,0x0f,0xcc,
    0xe4,0xa3,0x02,0x18,0xe5,0x00,0x0f,0xcc,0xe5,0xa5,0x02,0x18,0xe6,0x00,0x0f,0xcc,0xe6,0xa7,0x02,0x18,
    0xe7,0x00,0x0f,0xcc,0xe7,0xa9,0x02,0x18,0xe8,0x00,0x0f,0xcc,0xe8,0xab,0x02,0x18,0xe9,0x00,0x0f,0xcc,
    0xe9,0xad,0x02,0x18,0xea,0x00,0x0f,0xcc,0xea,0xaf,0x02,0x18,0xe3,0x03,0xa0,0x7e,0xe4,0x03,0xa2,0x7e,
    0xe5,0x03,0xa4,0x7e,0xe6,0x03,0xa6,0x7e,0xe7,0x03,0xa8,0x7e,0xe8,0x03,0xaa,0x7e,0xe9,0x03,0xac,0x7e,
    0xea,0x03,0xae,0x7e,0xff,0x00,0xc4,0xbe,0x50,0x4e,0x00,0x00,0x46,0x48,0x80,0xbe,0xeb,0x00,0x0f,0xcc,
    0xeb,0xb1,0x02,0x18,0xec,0x00,0x0f,0xcc,0xec,0xb3,0x02,0x18,0xed,0x00,0x0f,0xcc,0xed,0xb5,0x02,0x18,
    0xee,0x00,0x0f,0xcc,0xee,0xb7,0x02,0x18,0xef,0x00,0x0f,0xcc,0xef,0xb9,0x02,0x18,0xf0,0x00,0x0f,0xcc,
    0xf0,0xbb,0x02,0x18,0xf1,0x00,0x0f,0xcc,0xf1,0xbd,0x02,0x18,0xf2,0x00,0x0f,0xcc,0xf2,0xbf,0x02,0x18,
    0xeb,0x03,0xb0,0x7e,0xec,0x03,0xb2,0x7e,0xed,0x03,0xb4,0x7e,0xee,0x03,0xb6,0x7e,0xef,0x03,0xb8,0x7e,
    0xf0,0x03,0xba,0x7e,0xf1,0x03,0xbc,0x7e,0xf2,0x03,0xbe,0x7e,0xff,0x00,0xc4,0xbe,0xbc,0x4e,0x00,0x00,
    0x46,0x48,0x80,0xbe,0xe3,0x00,0x0f,0xcc,0xe3,0xc1,0x02,0x18,0xe4,0x00,0x0f,0xcc,0xe4,0xc3,0x02,0x18,
    0xe5,0x00,0x0f,0xcc,0xe5,0xc5,0x02,0x18,0xe6,0x00,0x0f,0xcc,0xe6,0xc7,0x02,0x18,0xe7,0x00,0x0f,0xcc,
    0xe7,0xc9,0x02,0x18,0xe8,0x00,0x0f,0xcc,0xe8,0xcb,0x02,0x18,0xe9,0x00,0x0f,0xcc,0xe9,0xcd,0x02,0x18,
    0xea,0x00,0x0f,0xcc,0xea,0xcf,0x02,0x18,0xe3,0x03,0xc0,0x7e,0xe4,0x03,0xc2,0x7e,0xe5,0x03,0xc4,0x7e,
    0xe6,0x03,0xc6,0x7e,0xe7,0x03,0xc8,0x7e,0xe8,0x03,0xca,0x7e,0xe9,0x03,0xcc,0x7e,0xea,0x03,0xce,0x7e,
    0xff,0x00,0xc4,0xbe,0x28,0x4f,0x00,0x00,0x46,0x48,0x80,0xbe,0xeb,0x00,0x0f,0xcc,0xeb,0xd1,0x02,0x18,
    0xec,0x00,0x0f,0xcc,0xec,0xd3,0x02,0x18,0xed,0x00,0x0f,0xcc,0xed,0xd5,0x02,0x18,0xee,0x00,0x0f,0xcc,
    0xee,0xd7,0x02,0x18,0xef,0x00,0x0f,0xcc,0xef,0xd9,0x02,0x18,0xf0,0x00,0x0f,0xcc,0xf0,0xdb,0x02,0x18,
    0xf1,0x00,0x0f,0xcc,0xf1,0xdd,0x02,0x18,0xf2,0x00,0x0f,0xcc,0xf2,0xdf,0x02,0x18,0xeb,0x03,0xd0,0x7e,
    0xec,0x03,0xd2,0x7e,0xed,0x03,0xd4,0x7e,0xee,0x03,0xd6,0x7e,0xef,0x03,0xd8,0x7e,0xf0,0x03,0xda,0x7e,
    0xf1,0x03,0xdc,0x7e,0xf2,0x03,0xde,0x7e,0xff,0x00,0xc4,0xbe,0x94,0x4f,0x00,0x00,0x46,0x48,0x80,0xbe,
    0xe3,0x00,0x0f,0xcc,0xe3,0xe1,0x02,0x18,0xe4,0x00,0x0f,0xcc,0xe4,0xe3,0x02,0x18,0xe5,0x00,0x0f,0xcc,
    0xe5,0xe5,0x02,0x18,0xe6,0x00,0x0f,0xcc,0xe6,0xe7,0x02,0x18,0xe7,0x00,0x0f,0xcc,0xe7,0xe9,0x02,0x18,
    0xe8,0x00,0x0f,0xcc,0xe8,0xeb,0x02,0x18,0xe9,0x00,0x0f,0xcc,0xe9,0xed,0x02,0x18,0xea,0x00,0x0f,0xcc,
    0xea,0xef,0x02,0x18,0xe3,0x03,0xe0,0x7e,0xe4,0x03,0xe2,0x7e,0xe5,0x03,0xe4,0x7e,0xe6,0x03,0xe6,0x7e,
    0xe7,0x03,0xe8,0x7e,0xe8,0x03,0xea,0x7e,0xe9,0x03,0xec,0x7e,0xea,0x03,0xee,0x7e,0xff,0x00,0xc4,0xbe,
    0x00,0x50,0x00,0x00,0x46,0x48,0x80,0xbe,0xeb,0x00,0x0f,0xcc,0xeb,0xf1,0x02,0x18,0xec,0x00,0x0f,0xcc,
    0xec,0xf3,0x02,0x18,0xed,0x00,0x0f,0xcc,0xed,0xf5,0x02,0x18,0xee,0x00,0x0f,0xcc,0xee,0xf7,0x02,0x18,
    0xef,0x00,0x0f,0xcc,0xef,0xf9,0x02,0x18,0xf0,0x00,0x0f,0xcc,0xf0,0xfb,0x02,0x18,0xf1,0x00,0x0f,0xcc,
    0xf1,0xfd,0x02,0x18,0xf2,0x00,0x0f,0xcc,0xf2,0xff,0x02,0x18,0xeb,0x03,0xf0,0x7e,0xec,0x03,0xf2,0x7e,
    0xed,0x03,0xf4,0x7e,0xee,0x03,0xf6,0x7e,0xef,0x03,0xf8,0x7e,0xf0,0x03,0xfa,0x7e,0xf1,0x03,0xfc,0x7e,
    0xf2,0x03,0xfe,0x7e,0xff,0x00,0xc4,0xbe,0x6c,0x50,0x00,0x00,0x46,0x48,0x80,0xbe,0xe3,0x00,0x0f,0xcc,
    0xe3,0x01,0x03,0x18,0xe4,0x00,0x0f,0xcc,0xe4,0x03,0x03,0x18,0xe5,0x00,0x0f,0xcc,0xe5,0x05,0x03,0x18,
    0xe6,0x00,0x0f,0xcc,0xe6,0x07,0x03,0x18,0xe7,0x00,0x0f,0xcc,0xe7,0x09,0x03,0x18,0xe8,0x00,0x0f,0xcc,
    0xe8,0x0b,0x03,0x18,0xe9,0x00,0x0f,0xcc,0xe9,0x0d,0x03,0x18,0xea,0x00,0x0f,0xcc,0xea,0x0f,0x03,0x18,
    0xe3,0x03,0x00,0x7f,0xe4,0x03,0x02,0x7f,0xe5,0x03,0x04,0x7f,0xe6,0x03,0x06,0x7f,0xe7,0x03,0x08,0x7f,
    0xe8,0x03,0x0a,0x7f,0xe9,0x03,0x0c,0x7f,0xea,0x03,0x0e,0x7f,0xff,0x00,0xc4,0xbe,0xd8,0x50,0x00,0x00,
    0x46,0x48,0x80,0xbe,0xeb,0x00,0x0f,0xcc,0xeb,0x11,0x03,0x18,0xec,0x00,0x0f,0xcc,0xec,0x13,0x03,0x18,
    0xed,0x00,0x0f,0xcc,0xed,0x15,0x03,0x18,0xee,0x00,0x0f,0xcc,0xee,0x17,0x03,0x18,0xef,0x00,0x0f,0xcc,
    0xef,0x19,0x03,0x18,0xf0,0x00,0x0f,0xcc,0xf0,0x1b,0x03,0x18,0xf1,0x00,0x0f,0xcc,0xf1,0x1d,0x03,0x18,
    0xf2,0x00,0x0f,0xcc,0xf2,0x1f,0x03,0x18,0xeb,0x03,0x10,0x7f,0xec,0x03,0x12,0x7f,0xed,0x03,0x14,0x7f,
    0xee,0x03,0x16,0x7f,0xef,0x03,0x18,0x7f,0xf0,0x03,0x1a,0x7f,0xf1,0x03,0x1c,0x7f,0xf2,0x03,0x1e,0x7f,
    0xff,0x00,0xc4,0xbe,0x44,0x51,0x00,0x00,0x46,0x48,0x80,0xbe,0xe3,0x00,0x0f,0xcc,0xe3,0x21,0x03,0x18,
    0xe4,0x00,0x0f,0xcc,0xe4,0x23,0x03,0x18,0xe5,0x00,0x0f,0xcc,0xe5,0x25,0x03,0x18,0xe6,0x00,0x0f,0xcc,
    0xe6,0x27,0x03,0x18,0xe7,0x00,0x0f,0xcc,0xe7,0x29,0x03,0x18,0xe8,0x00,0x0f,0xcc,0xe8,0x2b,0x03,0x18,
    0xe9,0x00,0x0f,0xcc,0xe9,0x2d,0x03,0x18,0xea,0x00,0x0f,0xcc,0xea,0x2f,0x03,0x18,0xe3,0x03,0x20,0x7f,
    0xe4,0x03,0x22,0x7f,0xe5,0x03,0x24,0x7f,0xe6,0x03,0x26,0x7f,0xe7,0x03,0x28,0x7f,0xe8,0x03,0x2a,0x7f,
    0xe9,0x03,0x2c,0x7f,0xea,0x03,0x2e,0x7f,0xff,0x00,0xc4,0xbe,0xb0,0x51,0x00,0x00,0x46,0x48,0x80,0xbe,
    0xeb,0x00,0x0f,0xcc,0xeb,0x31,0x03,0x18,0xec,0x00,0x0f,0xcc,0xec,0x33,0x03,0x18,0xed,0x00,0x0f,0xcc,
    0xed,0x35,0x03,0x18,0xee,0x00,0x0f,0xcc,0xee,0x37,0x03,0x18,0xef,0x00,0x0f,0xcc,0xef,0x39,0x03,0x18,
    0xf0,0x00,0x0f,0xcc,0xf0,0x3b,0x03,0x18,0xf1,0x00,0x0f,0xcc,0xf1,0x3d,0x03,0x18,0xf2,0x00,0x0f,0xcc,
    0xf2,0x3f,0x03,0x18,0xeb,0x03,0x30,0x7f,0xec,0x03,0x32,0x7f,0xed,0x03,0x34,0x7f,0xee,0x03,0x36,0x7f,
    0xef,0x03,0x38,0x7f,0xf0,0x03,0x3a,0x7f,0xf1,0x03,0x3c,0x7f,0xf2,0x03,0x3e,0x7f,0xff,0x00,0xc4,0xbe,
    0x1c,0x52,0x00,0x00,0x46,0x48,0x80,0xbe,0xe3,0x00,0x0f,0xcc,0xe3,0x41,0x03,0x18,0xe4,0x00,0x0f,0xcc,
    0xe4,0x43,0x03,0x18,0xe5,0x00,0x0f,0xcc,0xe5,0x45,0x03,0x18,0xe6,0x00,0x0f,0xcc,0xe6,0x47,0x03,0x18,
    0xe7,0x00,0x0f,0xcc,0xe7,0x49,0x03,0x18,0xe8,0x00,0x0f,0xcc,0xe8,0x4b,0x03,0x18,0xe9,0x00,0x0f,0xcc,
    0xe9,0x4d,0x03,0x18,0xea,0x00,0x0f,0xcc,0xea,0x4f,0x03,0x18,0xe3,0x03,0x40,0x7f,0xe4,0x03,0x42,0x7f,
    0xe5,0x03,0x44,0x7f,0xe6,0x03,0x46,0x7f,0xe7,0x03,0x48,0x7f,0xe8,0x03,0x4a,0x7f,0xe9,0x03,0x4c,0x7f,
    0xea,0x03,0x4e,0x7f,0xff,0x00,0xc4,0xbe,0x88,0x52,0x00,0x00,0x46,0x48,0x80,0xbe,0xeb,0x00,0x0f,0xcc,
    0xeb,0x51,0x03,0x18,0xec,0x00,0x0f,0xcc,0xec,0x53,0x03,0x18,0xed,0x00,0x0f,0xcc,0xed,0x55,0x03,0x18,
    0xee,0x00,0x0f,0xcc,0xee,0x57,0x03,0x18,0xef,0x00,0x0f,0xcc,0xef,0x59,0x03,0x18,0xf0,0x00,0x0f,0xcc,
    0xf0,0x5b,0x03,0x18,0xf1,0x00,0x0f,0xcc,0xf1,0x5d,0x03,0x18,0xf2,0x00,0x0f,0xcc,0xf2,0x5f,0x03,0x18,
    0xeb,0x03,0x50,0x7f,0xec,0x03,0x52,0x7f,0xed,0x03,0x54,0x7f,0xee,0x03,0x56,0x7f,0xef,0x03,0x58,0x7f,
    0xf0,0x03,0x5a,0x7f,0xf1,0x03,0x5c,0x7f,0xf2,0x03,0x5e,0x7f,0xff,0x00,0xc4,0xbe,0xf4,0x52,0x00,0x00,
    0x46,0x48,0x80,0xbe,0xe3,0x00,0x0f,0xcc,0xe3,0x61,0x03,0x18,0xe4,0x00,0x0f,0xcc,0xe4,0x63,0x03,0x18,
    0xe5,0x00,0x0f,0xcc,0xe5,0x65,0x03,0x18,0xe6,0x00,0x0f,0xcc,0xe6,0x67,0x03,0x18,0xe7,0x00,0x0f,0xcc,
    0xe7,0x69,0x03,0x18,0xe8,0x00,0x0f,0xcc,0xe8,0x6b,0x03,0x18,0xe9,0x00,0x0f,0xcc,0xe9,0x6d,0x03,0x18,
    0xea,0x00,0x0f,0xcc,0xea,0x6f,0x03,0x18,0xe3,0x03,0x60,0x7f,0xe4,0x03,0x62,0x7f,0xe5,0x03,0x64,0x7f,
    0xe6,0x03,0x66,0x7f,0xe7,0x03,0x68,0x7f,0xe8,0x03,0x6a,0x7f,0xe9,0x03,0x6c,0x7f,0xea,0x03,0x6e,0x7f,
    0xff,0x00,0xc4,0xbe,0x60,0x53,0x00,0x00,0x46,0x48,0x80,0xbe,0xeb,0x00,0x0f,0xcc,0xeb,0x71,0x03,0x18,
    0xec,0x00,0x0f,0xcc,0xec,0x73,0x03,0x18,0xed,0x00,0x0f,0xcc,0xed,0x75,0x03,0x18,0xee,0x00,0x0f,0xcc,
    0xee,0x77,0x03,0x18,0xef,0x00,0x0f,0xcc,0xef,0x79,0x03,0x18,0xf0,0x00,0x0f,0xcc,0xf0,0x7b,0x03,0x18,
    0xf1,0x00,0x0f,0xcc,0xf1,0x7d,0x03,0x18,0xf2,0x00,0x0f,0xcc,0xf2,0x7f,0x03,0x18,0xeb,0x03,0x70,0x7f,
    0xec,0x03,0x72,0x7f,0xed,0x03,0x74,0x7f,0xee,0x03,0x76,0x7f,0xef,0x03,0x78,0x7f,0xf0,0x03,0x7a,0x7f,
    0xf1,0x03,0x7c,0x7f,0xf2,0x03,0x7e,0x7f,0xff,0x00,0xc4,0xbe,0xcc,0x53,0x00,0x00,0x46,0x48,0x80,0xbe,
    0xe3,0x00,0x0f,0xcc,0xe3,0x81,0x03,0x18,0xe4,0x00,0x0f,0xcc,0xe4,0x83,0x03,0x18,0xe5,0x00,0x0f,0xcc,
    0xe5,0x85,0x03,0x18,0xe6,0x00,0x0f,0xcc,0xe6,0x87,0x03,0x18,0xe7,0x00,0x0f,0xcc,0xe7,0x89,0x03,0x18,
    0xe8,0x00,0x0f,0xcc,0xe8,0x8b,0x03,0x18,0xe9,0x00,0x0f,0xcc,0xe9,0x8d,0x03,0x18,0xea,0x00,0x0f,0xcc,
    0xea,0x8f,0x03,0x18,0xe3,0x03,0x80,0x7f,0xe4,0x03,0x82,0x7f,0xe5,0x03,0x84,0x7f,0xe6,0x03,0x86,0x7f,
    0xe7,0x03,0x88,0x7f,0xe8,0x03,0x8a,0x7f,0xe9,0x03,0x8c,0x7f,0xea,0x03,0x8e,0x7f,0xff,0x00,0xc4,0xbe,
    0x38,0x54,0x00,0x00,0x46,0x48,0x80,0xbe,0xeb,0x00,0x0f,0xcc,0xeb,0x91,0x03,0x18,0xec,0x00,0x0f,0xcc,
    0xec,0x93,0x03,0x18,0xed,0x00,0x0f,0xcc,0xed,0x95,0x03,0x18,0xee,0x00,0x0f,0xcc,0xee,0x97,0x03,0x18,
    0xef,0x00,0x0f,0xcc,0xef,0x99,0x03,0x18,0xf0,0x00,0x0f,0xcc,0xf0,0x9b,0x03,0x18,0xf1,0x00,0x0f,0xcc,
    0xf1,0x9d,0x03,0x18,0xf2,0x00,0x0f,0xcc,0xf2,0x9f,0x03,0x18,0xeb,0x03,0x90,0x7f,0xec,0x03,0x92,0x7f,
    0xed,0x03,0x94,0x7f,0xee,0x03,0x96,0x7f,0xef,0x03,0x98,0x7f,0xf0,0x03,0x9a,0x7f,0xf1,0x03,0x9c,0x7f,
    0xf2,0x03,0x9e,0x7f,0xff,0x00,0xc4,0xbe,0xa4,0x54,0x00,0x00,0x46,0x48,0x80,0xbe,0xe3,0x00,0x0f,0xcc,
    0xe3,0xa1,0x03,0x18,0xe4,0x00,0x0f,0xcc,0xe4,0xa3,0x03,0x18,0xe5,0x00,0x0f,0xcc,0xe5,0xa5,0x03,0x18,
    0xe6,0x00,0x0f,0xcc,0xe6,0xa7,0x03,0x18,0xe7,0x00,0x0f,0xcc,0xe7,0xa9,0x03,0x18,0xe8,0x00,0x0f,0xcc,
    0xe8,0xab,0x03,0x18,0xe9,0x00,0x0f,0xcc,0xe9,0xad,0x03,0x18,0xea,0x00,0x0f,0xcc,0xea,0xaf,0x03,0x18,
    0xe3,0x03,0xa0,0x7f,0xe4,0x03,0xa2,0x7f,0xe5,0x03,0xa4,0x7f,0xe6,0x03,0xa6,0x7f,0xe7,0x03,0xa8,0x7f,
    0xe8,0x03,0xaa,0x7f,0xe9,0x03,0xac,0x7f,0xea,0x03,0xae,0x7f,0xff,0x00,0xc4,0xbe,0x10,0x55,0x00,0x00,
    0x46,0x48,0x80,0xbe,0xeb,0x00,0x0f,0xcc,0xeb,0xb1,0x03,0x18,0xec,0x00,0x0f,0xcc,0xec,0xb3,0x03,0x18,
    0xed,0x00,0x0f,0xcc,0xed,0xb5,0x03,0x18,0xee,0x00,0x0f,0xcc,0xee,0xb7,0x03,0x18,0xef,0x00,0x0f,0xcc,
    0xef,0xb9,0x03,0x18,0xf0,0x00,0x0f,0xcc,0xf0,0xbb,0x03,0x18,0xf1,0x00,0x0f,0xcc,0xf1,0xbd,0x03,0x18,
    0xf2,0x00,0x0f,0xcc,0xf2,0xbf,0x03,0x18,0xeb,0x03,0xb0,0x7f,0xec,0x03,0xb2,0x7f,0xed,0x03,0xb4,0x7f,
    0xee,0x03,0xb6,0x7f,0xef,0x03,0xb8,0x7f,0xf0,0x03,0xba,0x7f,0xf1,0x03,0xbc,0x7f,0xf2,0x03,0xbe,0x7f,
    0xff,0x00,0xc4,0xbe,0x0c,0x4d,0x00,0x00,0x46,0x48,0x80,0xbe,0x00,0x00,0x80,0xbf,0x00,0x00,0x80,0xbf,
    0xe3,0x00,0x0f,0xcc,0xe3,0x51,0x00,0x18,0xe4,0x00,0x0f,0xcc,0xe4,0x53,0x00,0x18,0xe5,0x00,0x0f,0xcc,
    0xe5,0x51,0x00,0x18,0xe6,0x00,0x0f,0xcc,0xe6,0x53,0x00,0x18,0xe7,0x00,0x0f,0xcc,0xe7,0x51,0x00,0x18,
    0xe8,0x00,0x0f,0xcc,0xe8,0x53,0x00,0x18,0xe9,0x00,0x0f,0xcc,0xe9,0x51,0x00,0x18,0xea,0x00,0x0f,0xcc,
    0xea,0x53,0x00,0x18,0x16,0x00,0x10,0xcc,0x20,0xc6,0x03,0x18,0x1c,0x00,0x10,0xcc,0x20,0xc8,0x03,0x18,
    0x26,0x00,0x10,0xcc,0x20,0xca,0x03,0x18,0x30,0x00,0x10,0xcc,0x20,0xcc,0x03,0x18,0xe3,0x00,0x1c,0xcc,
    0xe3,0x2d,0x02,0x18,0xe4,0x00,0x1c,0xcc,0xe4,0x39,0x02,0x18,0xe5,0x00,0x1c,0xcc,0xe5,0x4d,0x02,0x18,
    0xe6,0x00,0x1c,0xcc,0xe6,0x61,0x02,0x18,0x16,0x00,0x10,0xcc,0x20,0xce,0x03,0x18,0x1c,0x00,0x10,0xcc,
    0x20,0xd0,0x03,0x18,0x26,0x00,0x10,0xcc,0x20,0xd2,0x03,0x18,0x30,0x00,0x10,0xcc,0x20,0xd4,0x03,0x18,
    0xe7,0x00,0x1c,0xcc,0xe7,0x2d,0x02,0x18,0xe8,0x00,0x1c,0xcc,0xe8,0x39,0x02,0x18,0xe9,0x00,0x1c,0xcc,
    0xe9,0x4d,0x02,0x18,0xea,0x00,0x1c,0xcc,0xea,0x61,0x02,0x18,0x7c,0x40,0x06,0xc4,0xe3,0x80,0x80,0x80,
    0xf3,0x00,0x00,0x00,0x7c,0x40,0x06,0xc4,0xe5,0x80,0x80,0x80,0xf5,0x00,0x00,0x00,0x7c,0x40,0x06,0xc4,
    0xe7,0x80,0x80,0x80,0xf4,0x00,0x00,0x00,0x7c,0x40,0x06,0xc4,0xe9,0x80,0x80,0x80,0xf6,0x00,0x00,0x00,
    0x35,0x81,0xb5,0x80,0x80,0x43,0x43,0x98,0x40,0x37,0x40,0x80,0x41,0x80,0x41,0x82,0x7c,0x40,0x09,0xc4,
    0xe3,0x80,0x80,0x80,0xf3,0x00,0x00,0x00,0x7c,0x40,0x09,0xc4,0xe5,0x80,0x80,0x80,0xf5,0x00,0x00,0x00,
    0x7c,0x40,0x09,0xc4,0xe7,0x80,0x80,0x80,0xf4,0x00,0x00,0x00,0x7c,0x40,0x09,0xc4,0xe9,0x80,0x80,0x80,
    0xf6,0x00,0x00,0x00,0x35,0x81,0xb5,0x80,0x80,0x43,0x43,0x98,0x40,0x37,0x40,0x80,0x41,0x80,0x41,0x82,
    0x7c,0x40,0x06,0xc4,0xe4,0x80,0x80,0x80,0xf3,0x00,0x00,0x00,0x7c,0x40,0x06,0xc4,0xe6,0x80,0x80,0x80,
    0xf5,0x00,0x00,0x00,0x7c,0x40,0x06,0xc4,0xe8,0x80,0x80,0x80,0xf4,0x00,0x00,0x00,0x7c,0x40,0x06,0xc4,
    0xea,0x80,0x80,0x80,0xf6,0x00,0x00,0x00,0x35,0x81,0xb5,0x80,0x80,0x43,0x43,0x98,0x40,0x37,0x40,0x80,
    0x41,0x80,0x41,0x82,0x7c,0x40,0x09,0xc4,0xe4,0x80,0x80,0x80,0xf3,0x00,0x00,0x00,0x7c,0x40,0x09,0xc4,
    0xe6,0x80,0x80,0x80,0xf5,0x00,0x00,0x00,0x7c,0x40,0x09,0xc4,0xe8,0x80,0x80,0x80,0xf4,0x00,0x00,0x00,
    0x7c,0x40,0x09,0xc4,0xea,0x80,0x80,0x80,0xf6,0x00,0x00,0x00,0x35,0x81,0xb5,0x80,0x80,0x43,0x43,0x98,
    0x40,0x37,0x40,0x80,0x41,0x80,0x41,0x82,0xff,0x00,0xbb,0xbe,0x50,0x57,0x00,0x00,0x46,0x48,0x80,0xbe,
    0xeb,0x00,0x0f,0xcc,0xeb,0x5b,0x00,0x18,0xec,0x00,0x0f,0xcc,0xec,0x63,0x00,0x18,0xed,0x00,0x0f,0xcc,
    0xed,0x5b,0x00,0x18,0xee,0x00,0x0f,0xcc,0xee,0x63,0x00,0x18,0xef,0x00,0x0f,0xcc,0xef,0x5b,0x00,0x18,
    0xf0,0x00,0x0f,0xcc,0xf0,0x63,0x00,0x18,0xf1,0x00,0x0f,0xcc,0xf1,0x5b,0x00,0x18,0xf2,0x00,0x0f,0xcc,
    0xf2,0x63,0x00,0x18,0x16,0x00,0x10,0xcc,0x20,0xd6,0x03,0x18,0x1c,0x00,0x10,0xcc,0x20,0xd8,0x03,0x18,
    0x26,0x00,0x10,0xcc,0x20,0xda,0x03,0x18,0x30,0x00,0x10,0xcc,0x20,0xdc,0x03,0x18,0xeb,0x00,0x1c,0xcc,
    0xeb,0x2d,0x02,0x18,0xec,0x00,0x1c,0xcc,0xec,0x39,0x02,0x18,0xed,0x00,0x1c,0xcc,0xed,0x4d,0x02,0x18,
    0xee,0x00,0x1c,0xcc,0xee,0x61,0x02,0x18,0x16,0x00,0x10,0xcc,0x20,0xde,0x03,0x18,0x1c,0x00,0x10,0xcc,
    0x20,0xe0,0x03,0x18,0x26,0x00,0x10,0xcc,0x20,0xe2,0x03,0x18,0x30,0x00,0x10,0xcc,0x20,0xe4,0x03,0x18,
    0xef,0x00,0x1c,0xcc,0xef,0x2d,0x02,0x18,0xf0,0x00,0x1c,0xcc,0xf0,0x39,0x02,0x18,0xf1,0x00,0x1c,0xcc,
    0xf1,0x4d,0x02,0x18,0xf2,0x00,0x1c,0xcc,0xf2,0x61,0x02,0x18,0x7c,0x40,0x06,0xc4,0xeb,0x80,0x80,0x80,
    0xf3,0x00,0x00,0x00,0x7c,0x40,0x06,0xc4,0xed,0x80,0x80,0x80,0xf5,0x00,0x00,0x00,0x7c,0x40,0x06,0xc4,
    0xef,0x80,0x80,0x80,0xf4,0x00,0x00,0x00,0x7c,0x40,0x06,0xc4,0xf1,0x80,0x80,0x80,0xf6,0x00,0x00,0x00,
    0x35,0x81,0xb5,0x80,0x80,0x43,0x43,0x98,0x40,0x37,0x40,0x80,0x41,0x80,0x41,0x82,0x7c,0x40,0x09,0xc4,
    0xeb,0x80,0x80,0x80,0xf3,0x00,0x00,0x00,0x7c,0x40,0x09,0xc4,0xed,0x80,0x80,0x80,0xf5,0x00,0x00,0x00,
    0x7c,0x40,0x09,0xc4,0xef,0x80,0x80,0x80,0xf4,0x00,0x00,0x00,0x7c,0x40,0x09,0xc4,0xf1,0x80,0x80,0x80,
    0xf6,0x00,0x00,0x00,0x35,0x81,0xb5,0x80,0x80,0x43,0x43,0x98,0x40,0x37,0x40,0x80,0x41,0x80,0x41,0x82,
    0x7c,0x40,0x06,0xc4,0xec,0x80,0x80,0x80,0xf3,0x00,0x00,0x00,0x7c,0x40,0x06,0xc4,0xee,0x80,0x80,0x80,
    0xf5,0x00,0x00,0x00,0x7c,0x40,0x06,0xc4,0xf0,0x80,0x80,0x80,0xf4,0x00,0x00,0x00,0x7c,0x40,0x06,0xc4,
    0xf2,0x80,0x80,0x80,0xf6,0x00,0x00,0x00,0x35,0x81,0xb5,0x80,0x80,0x43,0x43,0x98,0x40,0x37,0x40,0x80,
    0x41,0x80,0x41,0x82,0x7c,0x40,0x09,0xc4,0xec,0x80,0x80,0x80,0xf3,0x00,0x00,0x00,0x7c,0x40,0x09,0xc4,
    0xee,0x80,0x80,0x80,0xf5,0x00,0x00,0x00,0x7c,0x40,0x09,0xc4,0xf0,0x80,0x80,0x80,0xf4,0x00,0x00,0x00,
    0x7c,0x40,0x09,0xc4,0xf2,0x80,0x80,0x80,0xf6,0x00,0x00,0x00,0x35,0x81,0xb5,0x80,0x80,0x43,0x43,0x98,
    0x40,0x37,0x40,0x80,0x41,0x80,0x41,0x82,0xff,0x00,0xbb,0xbe,0x84,0x55,0x00,0x00,0x46,0x48,0x80,0xbe,
    0x00,0x00,0x80,0xbf,0x00,0x00,0x80,0xbf,0xe3,0x00,0x0f,0xcc,0xe3,0x51,0x00,0x18,0xe4,0x00,0x0f,0xcc,
    0xe4,0x53,0x00,0x18,0xe5,0x00,0x0f,0xcc,0xe5,0x51,0x00,0x18,0xe6,0x00,0x0f,0xcc,0xe6,0x53,0x00,0x18,
    0xe7,0x00,0x0f,0xcc,0xe7,0x51,0x00,0x18,0xe8,0x00,0x0f,0xcc,0xe8,0x53,0x00,0x18,0xe9,0x00,0x0f,0xcc,
    0xe9,0x51,0x00,0x18,0xea,0x00,0x0f,0xcc,0xea,0x53,0x00,0x18,0x16,0x00,0x10,0xcc,0x20,0xc6,0x03,0x18,
    0x1c,0x00,0x10,0xcc,0x20,0xc8,0x03,0x18,0x26,0x00,0x10,0xcc,0x20,0xca,0x03,0x18,0x30,0x00,0x10,0xcc,
    0x20,0xcc,0x03,0x18,0xe3,0x00,0x1b,0xcc,0xe3,0x2d,0x02,0x18,0xe4,0x00,0x1b,0xcc,0xe4,0x39,0x02,0x18,
    0xe5,0x00,0x1b,0xcc,0xe5,0x4d,0x02,0x18,0xe6,0x00,0x1b,0xcc,0xe6,0x61,0x02,0x18,0x16,0x00,0x10,0xcc,
    0x20,0xce,0x03,0x18,0x1c,0x00,0x10,0xcc,0x20,0xd0,0x03,0x18,0x26,0x00,0x10,0xcc,0x20,0xd2,0x03,0x18,
    0x30,0x00,0x10,0xcc,0x20,0xd4,0x03,0x18,0xe7,0x00,0x1b,0xcc,0xe7,0x2d,0x02,0x18,0xe8,0x00,0x1b,0xcc,
    0xe8,0x39,0x02,0x18,0xe9,0x00,0x1b,0xcc,0xe9,0x4d,0x02,0x18,0xea,0x00,0x1b,0xcc,0xea,0x61,0x02,0x18,
    0x7c,0x40,0x06,0xc4,0xe3,0x80,0x80,0x80,0xf3,0x00,0x00,0x00,0x7c,0x40,0x06,0xc4,0xe5,0x80,0x80,0x80,
    0xf5,0x00,0x00,0x00,0x7c,0x40,0x06,0xc4,0xe7,0x80,0x80,0x80,0xf4,0x00,0x00,0x00,0x7c,0x40,0x06,0xc4,
    0xe9,0x80,0x80,0x80,0xf6,0x00,0x00,0x00,0x35,0x81,0xb5,0x80,0x80,0x43,0x43,0x98,0x40,0x37,0x40,0x80,
    0x41,0x80,0x41,0x82,0x7c,0x40,0x09,0xc4,0xe3,0x80,0x80,0x80,0xf3,0x00,0x00,0x00,0x7c,0x40,0x09,0xc4,
    0xe5,0x80,0x80,0x80,0xf5,0x00,0x00,0x00,0x7c,0x40,0x09,0xc4,0xe7,0x80,0x80,0x80,0xf4,0x00,0x00,0x00,
    0x7c,0x40,0x09,0xc4,0xe9,0x80,0x80,0x80,0xf6,0x00,0x00,0x00,0x35,0x81,0xb5,0x80,0x80,0x43,0x43,0x98,
    0x40,0x37,0x40,0x80,0x41,0x80,0x41,0x82,0x7c,0x40,0x06,0xc4,0xe4,0x80,0x80,0x80,0xf3,0x00,0x00,0x00,
    0x7c,0x40,0x06,0xc4,0xe6,0x80,0x80,0x80,0xf5,0x00,0x00,0x00,0x7c,0x40,0x06,0xc4,0xe8,0x80,0x80,0x80,
    0xf4,0x00,0x00,0x00,0x7c,0x40,0x06,0xc4,0xea,0x80,0x80,0x80,0xf6,0x00,0x00,0x00,0x35,0x81,0xb5,0x80,
    0x80,0x43,0x43,0x98,0x40,0x37,0x40,0x80,0x41,0x80,0x41,0x82,0x7c,0x40,0x09,0xc4,0xe4,0x80,0x80,0x80,
    0xf3,0x00,0x00,0x00,0x7c,0x40,0x09,0xc4,0xe6,0x80,0x80,0x80,0xf5,0x00,0x00,0x00,0x7c,0x40,0x09,0xc4,
    0xe8,0x80,0x80,0x80,0xf4,0x00,0x00,0x00,0x7c,0x40,0x09,0xc4,0xea,0x80,0x80,0x80,0xf6,0x00,0x00,0x00,
    0x35,0x81,0xb5,0x80,0x80,0x43,0x43,0x98,0x40,0x37,0x40,0x80,0x41,0x80,0x41,0x82,0xff,0x00,0xbb,0xbe,
    0xf0,0x5a,0x00,0x00,0x46,0x48,0x80,0xbe,0xeb,0x00,0x0f,0xcc,0xeb,0x5b,0x00,0x18,0xec,0x00,0x0f,0xcc,
    0xec,0x63,0x00,0x18,0xed,0x00,0x0f,0xcc,0xed,0x5b,0x00,0x18,0xee,0x00,0x0f,0xcc,0xee,0x63,0x00,0x18,
    0xef,0x00,0x0f,0xcc,0xef,0x5b,0x00,0x18,0xf0,0x00,0x0f,0xcc,0xf0,0x63,0x00,0x18,0xf1,0x00,0x0f,0xcc,
    0xf1,0x5b,0x00,0x18,0xf2,0x00,0x0f,0xcc,0xf2,0x63,0x00,0x18,0x16,0x00,0x10,0xcc,0x20,0xd6,0x03,0x18,
    0x1c,0x00,0x10,0xcc,0x20,0xd8,0x03,0x18,0x26,0x00,0x10,0xcc,0x20,0xda,0x03,0x18,0x30,0x00,0x10,0xcc,
    0x20,0xdc,0x03,0x18,0xeb,0x00,0x1b,0xcc,0xeb,0x2d,0x02,0x18,0xec,0x00,0x1b,0xcc,0xec,0x39,0x02,0x18,
    0xed,0x00,0x1b,0xcc,0xed,0x4d,0x02,0x18,0xee,0x00,0x1b,0xcc,0xee,0x61,0x02,0x18,0x16,0x00,0x10,0xcc,
    0x20,0xde,0x03,0x18,0x1c,0x00,0x10,0xcc,0x20,0xe0,0x03,0x18,0x26,0x00,0x10,0xcc,0x20,0xe2,0x03,0x18,
    0x30,0x00,0x10,0xcc,0x20,0xe4,0x03,0x18,0xef,0x00,0x1b,0xcc,0xef,0x2d,0x02,0x18,0xf0,0x00,0x1b,0xcc,
    0xf0,0x39,0x02,0x18,0xf1,0x00,0x1b,0xcc,0xf1,0x4d,0x02,0x18,0xf2,0x00,0x1b,0xcc,0xf2,0x61,0x02,0x18,
    0x7c,0x40,0x06,0xc4,0xeb,0x80,0x80,0x80,0xf3,0x00,0x00,0x00,0x7c,0x40,0x06,0xc4,0xed,0x80,0x80,0x80,
    0xf5,0x00,0x00,0x00,0x7c,0x40,0x06,0xc4,0xef,0x80,0x80,0x80,0xf4,0x00,0x00,0x00,0x7c,0x40,0x06,0xc4,
    0xf1,0x80,0x80,0x80,0xf6,0x00,0x00,0x00,0x35,0x81,0xb5,0x80,0x80,0x43,0x43,0x98,0x40,0x37,0x40,0x80,
    0x41,0x80,0x41,0x82,0x7c,0x40,0x09,0xc4,0xeb,0x80,0x80,0x80,0xf3,0x00,0x00,0x00,0x7c,0x40,0x09,0xc4,
    0xed,0x80,0x80,0x80,0xf5,0x00,0x00,0x00,0x7c,0x40,0x09,0xc4,0xef,0x80,0x80,0x80,0xf4,0x00,0x00,0x00,
    0x7c,0x40,0x09,0xc4,0xf1,0x80,0x80,0x80,0xf6,0x00,0x00,0x00,0x35,0x81,0xb5,0x80,0x80,0x43,0x43,0x98,
    0x40,0x37,0x40,0x80,0x41,0x80,0x41,0x82,0x7c,0x40,0x06,0xc4,0xec,0x80,0x80,0x80,0xf3,0x00,0x00,0x00,
    0x7c,0x40,0x06,0xc4,0xee,0x80,0x80,0x80,0xf5,0x00,0x00,0x00,0x7c,0x40,0x06,0xc4,0xf0,0x80,0x80,0x80,
    0xf4,0x00,0x00,0x00,0x7c,0x40,0x06,0xc4,0xf2,0x80,0x80,0x80,0xf6,0x00,0x00,0x00,0x35,0x81,0xb5,0x80,
    0x80,0x43,0x43,0x98,0x40,0x37,0x40,0x80,0x41,0x80,0x41,0x82,0x7c,0x40,0x09,0xc4,0xec,0x80,0x80,0x80,
    0xf3,0x00,0x00,0x00,0x7c,0x40,0x09,0xc4,0xee,0x80,0x80,0x80,0xf5,0x00,0x00,0x00,0x7c,0x40,0x09,0xc4,
    0xf0,0x80,0x80,0x80,0xf4,0x00,0x00,0x00,0x7c,0x40,0x09,0xc4,0xf2,0x80,0x80,0x80,0xf6,0x00,0x00,0x00,
    0x35,0x81,0xb5,0x80,0x80,0x43,0x43,0x98,0x40,0x37,0x40,0x80,0x41,0x80,0x41,0x82,0xff,0x00,0xbb,0xbe,
    0x24,0x59,0x00,0x00,0x46,0x48,0x80,0xbe,0x00,0x00,0x80,0xbf,0x00,0x00,0x80,0xbf,0xe3,0x00,0x0f,0xcc,
    0xe3,0x51,0x00,0x18,0xe4,0x00,0x0f,0xcc,0xe4,0x53,0x00,0x18,0xe5,0x00,0x0f,0xcc,0xe5,0x51,0x00,0x18,
    0xe6,0x00,0x0f,0xcc,0xe6,0x53,0x00,0x18,0xe7,0x00,0x0f,0xcc,0xe7,0x51,0x00,0x18,0xe8,0x00,0x0f,0xcc,
    0xe8,0x53,0x00,0x18,0xe9,0x00,0x0f,0xcc,0xe9,0x51,0x00,0x18,0xea,0x00,0x0f,0xcc,0xea,0x53,0x00,0x18,
    0xe3,0x00,0x1c,0xcc,0x80,0xc6,0x03,0x18,0xe4,0x00,0x1c,0xcc,0x80,0xc8,0x03,0x18,0xe5,0x00,0x1c,0xcc,
    0x80,0xca,0x03,0x18,0xe6,0x00,0x1c,0xcc,0x80,0xcc,0x03,0x18,0xe7,0x00,0x1c,0xcc,0x80,0xce,0x03,0x18,
    0xe8,0x00,0x1c,0xcc,0x80,0xd0,0x03,0x18,0xe9,0x00,0x1c,0xcc,0x80,0xd2,0x03,0x18,0xea,0x00,0x1c,0xcc,
    0x80,0xd4,0x03,0x18,0x7c,0x40,0x06,0xc4,0xe3,0x80,0x80,0x80,0xf3,0x00,0x00,0x00,0x7c,0x40,0x06,0xc4,
    0xe5,0x80,0x80,0x80,0xf5,0x00,0x00,0x00,0x7c,0x40,0x06,0xc4,0xe7,0x80,0x80,0x80,0xf4,0x00,0x00,0x00,
    0x7c,0x40,0x06,0xc4,0xe9,0x80,0x80,0x80,0xf6,0x00,0x00,0x00,0x35,0x81,0xb5,0x80,0x80,0x43,0x43,0x98,
    0x40,0x37,0x40,0x80,0x41,0x80,0x41,0x82,0x7c,0x40,0x09,0xc4,0xe3,0x80,0x80,0x80,0xf3,0x00,0x00,0x00,
    0x7c,0x40,0x09,0xc4,0xe5,0x80,0x80,0x80,0xf5,0x00,0x00,0x00,0x7c,0x40,0x09,0xc4,0xe7,0x80,0x80,0x80,
    0xf4,0x00,0x00,0x00,0x7c,0x40,0x09,0xc4,0xe9,0x80,0x80,0x80,0xf6,0x00,0x00,0x00,0x35,0x81,0xb5,0x80,
    0x80,0x43,0x43,0x98,0x40,0x37,0x40,0x80,0x41,0x80,0x41,0x82,0x7c,0x40,0x06,0xc4,0xe4,0x80,0x80,0x80,
    0xf3,0x00,0x00,0x00,0x7c,0x40,0x06,0xc4,0xe6,0x80,0x80,0x80,0xf5,0x00,0x00,0x00,0x7c,0x40,0x06,0xc4,
    0xe8,0x80,0x80,0x80,0xf4,0x00,0x00,0x00,0x7c,0x40,0x06,0xc4,0xea,0x80,0x80,0x80,0xf6,0x00,0x00,0x00,
    0x35,0x81,0xb5,0x80,0x80,0x43,0x43,0x98,0x40,0x37,0x40,0x80,0x41,0x80,0x41,0x82,0x7c,0x40,0x09,0xc4,
    0xe4,0x80,0x80,0x80,0xf3,0x00,0x00,0x00,0x7c,0x40,0x09,0xc4,0xe6,0x80,0x80,0x80,0xf5,0x00,0x00,0x00,
    0x7c,0x40,0x09,0xc4,0xe8,0x80,0x80,0x80,0xf4,0x00,0x00,0x00,0x7c,0x40,0x09,0xc4,0xea,0x80,0x80,0x80,
    0xf6,0x00,0x00,0x00,0x35,0x81,0xb5,0x80,0x80,0x43,0x43,0x98,0x40,0x37,0x40,0x80,0x41,0x80,0x41,0x82,
    0xff,0x00,0xbb,0xbe,0x50,0x5e,0x00,0x00,0x46,0x48,0x80,0xbe,0xeb,0x00,0x0f,0xcc,0xeb,0x5b,0x00,0x18,
    0xec,0x00,0x0f,0xcc,0xec,0x63,0x00,0x18,0xed,0x00,0x0f,0xcc,0xed,0x5b,0x00,0x18,0xee,0x00,0x0f,0xcc,
    0xee,0x63,0x00,0x18,0xef,0x00,0x0f,0xcc,0xef,0x5b,0x00,0x18,0xf0,0x00,0x0f,0xcc,0xf0,0x63,0x00,0x18,
    0xf1,0x00,0x0f,0xcc,0xf1,0x5b,0x00,0x18,0xf2,0x00,0x0f,0xcc,0xf2,0x63,0x00,0x18,0xeb,0x00,0x1c,0xcc,
    0x80,0xd6,0x03,0x18,0xec,0x00,0x1c,0xcc,0x80,0xd8,0x03,0x18,0xed,0x00,0x1c,0xcc,0x80,0xda,0x03,0x18,
    0xee,0x00,0x1c,0xcc,0x80,0xdc,0x03,0x18,0xef,0x00,0x1c,0xcc,0x80,0xde,0x03,0x18,0xf0,0x00,0x1c,0xcc,
    0x80,0xe0,0x03,0x18,0xf1,0x00,0x1c,0xcc,0x80,0xe2,0x03,0x18,0xf2,0x00,0x1c,0xcc,0x80,0xe4,0x03,0x18,
    0x7c,0x40,0x06,0xc4,0xeb,0x80,0x80,0x80,0xf3,0x00,0x00,0x00,0x7c,0x40,0x06,0xc4,0xed,0x80,0x80,0x80,
    0xf5,0x00,0x00,0x00,0x7c,0x40,0x06,0xc4,0xef,0x80,0x80,0x80,0xf4,0x00,0x00,0x00,0x7c,0x40,0x06,0xc4,
    0xf1,0x80,0x80,0x80,0xf6,0x00,0x00,0x00,0x35,0x81,0xb5,0x80,0x80,0x43,0x43,0x98,0x40,0x37,0x40,0x80,
    0x41,0x80,0x41,0x82,0x7c,0x40,0x09,0xc4,0xeb,0x80,0x80,0x80,0xf3,0x00,0x00,0x00,0x7c,0x40,0x09,0xc4,
    0xed,0x80,0x80,0x80,0xf5,0x00,0x00,0x00,0x7c,0x40,0x09,0xc4,0xef,0x80,0x80,0x80,0xf4,0x00,0x00,0x00,
    0x7c,0x40,0x09,0xc4,0xf1,0x80,0x80,0x80,0xf6,0x00,0x00,0x00,0x35,0x81,0xb5,0x80,0x80,0x43,0x43,0x98,
    0x40,0x37,0x40,0x80,0x41,0x80,0x41,0x82,0x7c,0x40,0x06,0xc4,0xec,0x80,0x80,0x80,0xf3,0x00,0x00,0x00,
    0x7c,0x40,0x06,0xc4,0xee,0x80,0x80,0x80,0xf5,0x00,0x00,0x00,0x7c,0x40,0x06,0xc4,0xf0,0x80,0x80,0x80,
    0xf4,0x00,0x00,0x00,0x7c,0x40,0x06,0xc4,0xf2,0x80,0x80,0x80,0xf6,0x00,0x00,0x00,0x35,0x81,0xb5,0x80,
    0x80,0x43,0x43,0x98,0x40,0x37,0x40,0x80,0x41,0x80,0x41,0x82,0x7c,0x40,0x09,0xc4,0xec,0x80,0x80,0x80,
    0xf3,0x00,0x00,0x00,0x7c,0x40,0x09,0xc4,0xee,0x80,0x80,0x80,0xf5,0x00,0x00,0x00,0x7c,0x40,0x09,0xc4,
    0xf0,0x80,0x80,0x80,0xf4,0x00,0x00,0x00,0x7c,0x40,0x09,0xc4,0xf2,0x80,0x80,0x80,0xf6,0x00,0x00,0x00,
    0x35,0x81,0xb5,0x80,0x80,0x43,0x43,0x98,0x40,0x37,0x40,0x80,0x41,0x80,0x41,0x82,0xff,0x00,0xbb,0xbe,
    0xc4,0x5c,0x00,0x00,0x46,0x48,0x80,0xbe,0x00,0x00,0x80,0xbf,0x00,0x00,0x80,0xbf,0xe3,0x00,0x0f,0xcc,
    0xe3,0x51,0x00,0x18,0xe4,0x00,0x0f,0xcc,0xe4,0x53,0x00,0x18,0xe5,0x00,0x0f,0xcc,0xe5,0x51,0x00,0x18,
    0xe6,0x00,0x0f,0xcc,0xe6,0x53,0x00,0x18,0xe7,0x00,0x0f,0xcc,0xe7,0x51,0x00,0x18,0xe8,0x00,0x0f,0xcc,
    0xe8,0x53,0x00,0x18,0xe9,0x00,0x0f,0xcc,0xe9,0x51,0x00,0x18,0xea,0x00,0x0f,0xcc,0xea,0x53,0x00,0x18,
    0xe3,0x00,0x10,0xcc,0xff,0xc6,0x03,0x18,0xc5,0xbd,0xc5,0xbd,0xe4,0x00,0x10,0xcc,0xff,0xc8,0x03,0x18,
    0xc5,0xbd,0xc5,0xbd,0xe5,0x00,0x10,0xcc,0xff,0xca,0x03,0x18,0xc5,0xbd,0xc5,0xbd,0xe6,0x00,0x10,0xcc,
    0xff,0xcc,0x03,0x18,0xc5,0xbd,0xc5,0xbd,0xe3,0x00,0xd8,0xd5,0xe3,0x01,0x00,0x00,0xe4,0x00,0xd8,0xd5,
    0xe4,0x01,0x00,0x00,0xe5,0x00,0xd8,0xd5,0xe5,0x01,0x00,0x00,0xe6,0x00,0xd8,0xd5,0xe6,0x01,0x00,0x00,
    0xe3,0x48,0xd8,0xd5,0xe3,0x01,0x00,0x00,0xe4,0x48,0xd8,0xd5,0xe4,0x01,0x00,0x00,0xe5,0x48,0xd8,0xd5,
    0xe5,0x01,0x00,0x00,0xe6,0x48,0xd8,0xd5,0xe6,0x01,0x00,0x00,0xe3,0x00,0x0f,0xcc,0xf2,0xc6,0x03,0x10,
    0xe4,0x00,0x0f,0xcc,0xf2,0xc8,0x03,0x10,0xe5,0x00,0x0f,0xcc,0xf2,0xca,0x03,0x10,0xe6,0x00,0x0f,0xcc,
    0xf2,0xcc,0x03,0x10,0xe3,0x00,0xd4,0xd5,0xe3,0x01,0x00,0x00,0xe4,0x00,0xd4,0xd5,0xe4,0x01,0x00,0x00,
    0xe5,0x00,0xd4,0xd5,0xe5,0x01,0x00,0x00,0xe6,0x00,0xd4,0xd5,0xe6,0x01,0x00,0x00,0xe3,0x48,0xd4,0xd5,
    0xe3,0x01,0x00,0x00,0xe4,0x48,0xd4,0xd5,0xe4,0x01,0x00,0x00,0xe5,0x48,0xd4,0xd5,0xe5,0x01,0x00,0x00,
    0xe6,0x48,0xd4,0xd5,0xe6,0x01,0x00,0x00,0xe7,0x00,0x10,0xcc,0xff,0xce,0x03,0x18,0xc5,0xbd,0xc5,0xbd,
    0xe8,0x00,0x10,0xcc,0xff,0xd0,0x03,0x18,0xc5,0xbd,0xc5,0xbd,0xe9,0x00,0x10,0xcc,0xff,0xd2,0x03,0x18,
    0xc5,0xbd,0xc5,0xbd,0xea,0x00,0x10,0xcc,0xff,0xd4,0x03,0x18,0xc5,0xbd,0xc5,0xbd,0xe7,0x00,0xd8,0xd5,
    0xe7,0x01,0x00,0x00,0xe8,0x00,0xd8,0xd5,0xe8,0x01,0x00,0x00,0xe9,0x00,0xd8,0xd5,0xe9,0x01,0x00,0x00,
    0xea,0x00,0xd8,0xd5,0xea,0x01,0x00,0x00,0xe7,0x48,0xd8,0xd5,0xe7,0x01,0x00,0x00,0xe8,0x48,0xd8,0xd5,
    0xe8,0x01,0x00,0x00,0xe9,0x48,0xd8,0xd5,0xe9,0x01,0x00,0x00,0xea,0x48,0xd8,0xd5,0xea,0x01,0x00,0x00,
    0xe7,0x00,0x0f,0xcc,0xf2,0xce,0x03,0x10,0xe8,0x00,0x0f,0xcc,0xf2,0xd0,0x03,0x10,0xe9,0x00,0x0f,0xcc,
    0xf2,0xd2,0x03,0x10,0xea,0x00,0x0f,0xcc,0xf2,0xd4,0x03,0x10,0xe7,0x00,0xd4,0xd5,0xe7,0x01,0x00,0x00,
    0xe8,0x00,0xd4,0xd5,0xe8,0x01,0x00,0x00,0xe9,0x00,0xd4,0xd5,0xe9,0x01,0x00,0x00,0xea,0x00,0xd4,0xd5,
    0xea,0x01,0x00,0x00,0xe7,0x48,0xd4,0xd5,0xe7,0x01,0x00,0x00,0xe8,0x48,0xd4,0xd5,0xe8,0x01,0x00,0x00,
    0xe9,0x48,0xd4,0xd5,0xe9,0x01,0x00,0x00,0xea,0x48,0xd4,0xd5,0xea,0x01,0x00,0x00,0x7c,0x40,0x06,0xc4,
    0xe3,0x80,0x80,0x80,0xf3,0x00,0x00,0x00,0x7c,0x40,0x06,0xc4,0xe5,0x80,0x80,0x80,0xf5,0x00,0x00,0x00,
    0x7c,0x40,0x06,0xc4,0xe7,0x80,0x80,0x80,0xf4,0x00,0x00,0x00,0x7c,0x40,0x06,0xc4,0xe9,0x80,0x80,0x80,
    0xf6,0x00,0x00,0x00,0x35,0x81,0xb5,0x80,0x80,0x43,0x43,0x98,0x40,0x37,0x40,0x80,0x41,0x80,0x41,0x82,
    0x7c,0x40,0x09,0xc4,0xe3,0x80,0x80,0x80,0xf3,0x00,0x00,0x00,0x7c,0x40,0x09,0xc4,0xe5,0x80,0x80,0x80,
    0xf5,0x00,0x00,0x00,0x7c,0x40,0x09,0xc4,0xe7,0x80,0x80,0x80,0xf4,0x00,0x00,0x00,0x7c,0x40,0x09,0xc4,
    0xe9,0x80,0x80,0x80,0xf6,0x00,0x00,0x00,0x35,0x81,0xb5,0x80,0x80,0x43,0x43,0x98,0x40,0x37,0x40,0x80,
    0x41,0x80,0x41,0x82,0x7c,0x40,0x06,0xc4,0xe4,0x80,0x80,0x80,0xf3,0x00,0x00,0x00,0x7c,0x40,0x06,0xc4,
    0xe6,0x80,0x80,0x80,0xf5,0x00,0x00,0x00,0x7c,0x40,0x06,0xc4,0xe8,0x80,0x80,0x80,0xf4,0x00,0x00,0x00,
    0x7c,0x40,0x06,0xc4,0xea,0x80,0x80,0x80,0xf6,0x00,0x00,0x00,0x35,0x81,0xb5,0x80,0x80,0x43,0x43,0x98,
    0x40,0x37,0x40,0x80,0x41,0x80,0x41,0x82,0x7c,0x40,0x09,0xc4,0xe4,0x80,0x80,0x80,0xf3,0x00,0x00,0x00,
    0x7c,0x40,0x09,0xc4,0xe6,0x80,0x80,0x80,0xf5,0x00,0x00,0x00,0x7c,0x40,0x09,0xc4,0xe8,0x80,0x80,0x80,
    0xf4,0x00,0x00,0x00,0x7c,0x40,0x09,0xc4,0xea,0x80,0x80,0x80,0xf6,0x00,0x00,0x00,0x35,0x81,0xb5,0x80,
    0x80,0x43,0x43,0x98,0x40,0x37,0x40,0x80,0x41,0x80,0x41,0x82,0xff,0x00,0xbb,0xbe,0xd0,0x62,0x00,0x00,
    0x46,0x48,0x80,0xbe,0xeb,0x00,0x0f,0xcc,0xeb,0x5b,0x00,0x18,0xec,0x00,0x0f,0xcc,0xec,0x63,0x00,0x18,
    0xed,0x00,0x0f,0xcc,0xed,0x5b,0x00,0x18,0xee,0x00,0x0f,0xcc,0xee,0x63,0x00,0x18,0xef,0x00,0x0f,0xcc,
    0xef,0x5b,0x00,0x18,0xf0,0x00,0x0f,0xcc,0xf0,0x63,0x00,0x18,0xf1,0x00,0x0f,0xcc,0xf1,0x5b,0x00,0x18,
    0xf2,0x00,0x0f,0xcc,0xf2,0x63,0x00,0x18,0xeb,0x00,0x10,0xcc,0xff,0xd6,0x03,0x18,0xc5,0xbd,0xc5,0xbd,
    0xec,0x00,0x10,0xcc,0xff,0xd8,0x03,0x18,0xc5,0xbd,0xc5,0xbd,0xed,0x00,0x10,0xcc,0xff,0xda,0x03,0x18,
    0xc5,0xbd,0xc5,0xbd,0xee,0x00,0x10,0xcc,0xff,0xdc,0x03,0x18,0xc5,0xbd,0xc5,0xbd,0xeb,0x00,0xd8,0xd5,
    0xeb,0x01,0x00,0x00,0xec,0x00,0xd8,0xd5,0xec,0x01,0x00,0x00,0xed,0x00,0xd8,0xd5,0xed,0x01,0x00,0x00,
    0xee,0x00,0xd8,0xd5,0xee,0x01,0x00,0x00,0xeb,0x48,0xd8,0xd5,0xeb,0x01,0x00,0x00,0xec,0x48,0xd8,0xd5,
    0xec,0x01,0x00,0x00,0xed,0x48,0xd8,0xd5,0xed,0x01,0x00,0x00,0xee,0x48,0xd8,0xd5,0xee,0x01,0x00,0x00,
    0xeb,0x00,0x0f,0xcc,0xf2,0xd6,0x03,0x10,0xec,0x00,0x0f,0xcc,0xf2,0xd8,0x03,0x10,0xed,0x00,0x0f,0xcc,
    0xf2,0xda,0x03,0x10,0xee,0x00,0x0f,0xcc,0xf2,0xdc,0x03,0x10,0xeb,0x00,0xd4,0xd5,0xeb,0x01,0x00,0x00,
    0xec,0x00,0xd4,0xd5,0xec,0x01,0x00,0x00,0xed,0x00,0xd4,0xd5,0xed,0x01,0x00,0x00,0xee,0x00,0xd4,0xd5,
    0xee,0x01,0x00,0x00,0xeb,0x48,0xd4,0xd5,0xeb,0x01,0x00,0x00,0xec,0x48,0xd4,0xd5,0xec,0x01,0x00,0x00,
    0xed,0x48,0xd4,0xd5,0xed,0x01,0x00,0x00,0xee,0x48,0xd4,0xd5,0xee,0x01,0x00,0x00,0xef,0x00,0x10,0xcc,
    0xff,0xde,0x03,0x18,0xc5,0xbd,0xc5,0xbd,0xf0,0x00,0x10,0xcc,0xff,0xe0,0x03,0x18,0xc5,0xbd,0xc5,0xbd,
    0xf1,0x00,0x10,0xcc,0xff,0xe2,0x03,0x18,0xc5,0xbd,0xc5,0xbd,0xf2,0x00,0x10,0xcc,0xff,0xe4,0x03,0x18,
    0xc5,0xbd,0xc5,0xbd,0xef,0x00,0xd8,0xd5,0xef,0x01,0x00,0x00,0xf0,0x00,0xd8,0xd5,0xf0,0x01,0x00,0x00,
    0xf1,0x00,0xd8,0xd5,0xf1,0x01,0x00,0x00,0xf2,0x00,0xd8,0xd5,0xf2,0x01,0x00,0x00,0xef,0x48,0xd8,0xd5,
    0xef,0x01,0x00,0x00,0xf0,0x48,0xd8,0xd5,0xf0,0x01,0x00,0x00,0xf1,0x48,0xd8,0xd5,0xf1,0x01,0x00,0x00,
    0xf2,0x48,0xd8,0xd5,0xf2,0x01,0x00,0x00,0xef,0x00,0x0f,0xcc,0xf2,0xde,0x03,0x10,0xf0,0x00,0x0f,0xcc,
    0xf2,0xe0,0x03,0x10,0xf1,0x00,0x0f,0xcc,0xf2,0xe2,0x03,0x10,0xf2,0x00,0x0f,0xcc,0xf2,0xe4,0x03,0x10,
    0xef,0x00,0xd4,0xd5,0xef,0x01,0x00,0x00,0xf0,0x00,0xd4,0xd5,0xf0,0x01,0x00,0x00,0xf1,0x00,0xd4,0xd5,
    0xf1,0x01,0x00,0x00,0xf2,0x00,0xd4,0xd5,0xf2,0x01,0x00,0x00,0xef,0x48,0xd4,0xd5,0xef,0x01,0x00,0x00,
    0xf0,0x48,0xd4,0xd5,0xf0,0x01,0x00,0x00,0xf1,0x48,0xd4,0xd5,0xf1,0x01,0x00,0x00,0xf2,0x48,0xd4,0xd5,
    0xf2,0x01,0x00,0x00,0x7c,0x40,0x06,0xc4,0xeb,0x80,0x80,0x80,0xf3,0x00,0x00,0x00,0x7c,0x40,0x06,0xc4,
    0xed,0x80,0x80,0x80,0xf5,0x00,0x00,0x00,0x7c,0x40,0x06,0xc4,0xef,0x80,0x80,0x80,0xf4,0x00,0x00,0x00,
    0x7c,0x40,0x06,0xc4,0xf1,0x80,0x80,0x80,0xf6,0x00,0x00,0x00,0x35,0x81,0xb5,0x80,0x80,0x43,0x43,0x98,
    0x40,0x37,0x40,0x80,0x41,0x80,0x41,0x82,0x7c,0x40,0x09,0xc4,0xeb,0x80,0x80,0x80,0xf3,0x00,0x00,0x00,
    0x7c,0x40,0x09,0xc4,0xed,0x80,0x80,0x80,0xf5,0x00,0x00,0x00,0x7c,0x40,0x09,0xc4,0xef,0x80,0x80,0x80,
    0xf4,0x00,0x00,0x00,0x7c,0x40,0x09,0xc4,0xf1,0x80,0x80,0x80,0xf6,0x00,0x00,0x00,0x35,0x81,0xb5,0x80,
    0x80,0x43,0x43,0x98,0x40,0x37,0x40,0x80,0x41,0x80,0x41,0x82,0x7c,0x40,0x06,0xc4,0xec,0x80,0x80,0x80,
    0xf3,0x00,0x00,0x00,0x7c,0x40,0x06,0xc4,0xee,0x80,0x80,0x80,0xf5,0x00,0x00,0x00,0x7c,0x40,0x06,0xc4,
    0xf0,0x80,0x80,0x80,0xf4,0x00,0x00,0x00,0x7c,0x40,0x06,0xc4,0xf2,0x80,0x80,0x80,0xf6,0x00,0x00,0x00,
    0x35,0x81,0xb5,0x80,0x80,0x43,0x43,0x98,0x40,0x37,0x40,0x80,0x41,0x80,0x41,0x82,0x7c,0x40,0x09,0xc4,
    0xec,0x80,0x80,0x80,0xf3,0x00,0x00,0x00,0x7c,0x40,0x09,0xc4,0xee,0x80,0x80,0x80,0xf5,0x00,0x00,0x00,
    0x7c,0x40,0x09,0xc4,0xf0,0x80,0x80,0x80,0xf4,0x00,0x00,0x00,0x7c,0x40,0x09,0xc4,0xf2,0x80,0x80,0x80,
    0xf6,0x00,0x00,0x00,0x35,0x81,0xb5,0x80,0x80,0x43,0x43,0x98,0x40,0x37,0x40,0x80,0x41,0x80,0x41,0x82,
    0xff,0x00,0xbb,0xbe,0xe4,0x5f,0x00,0x00,0x46,0x48,0x80,0xbe,0x00,0x00,0x80,0xbf,0x00,0x00,0x80,0xbf,
    0xe3,0x00,0x0f,0xcc,0xe3,0x51,0x00,0x18,0xe4,0x00,0x0f,0xcc,0xe4,0x53,0x00,0x18,0xe5,0x00,0x0f,0xcc,
    0xe5,0x51,0x00,0x18,0xe6,0x00,0x0f,0xcc,0xe6,0x53,0x00,0x18,0xe7,0x00,0x0f,0xcc,0xe7,0x51,0x00,0x18,
    0xe8,0x00,0x0f,0xcc,0xe8,0x53,0x00,0x18,0xe9,0x00,0x0f,0xcc,0xe9,0x51,0x00,0x18,0xea,0x00,0x0f,0xcc,
    0xea,0x53,0x00,0x18,0xe3,0x00,0x10,0xcc,0xe3,0x43,0x00,0x18,0xe4,0x00,0x10,0xcc,0xe4,0x43,0x00,0x18,
    0xe5,0x00,0x10,0xcc,0xe5,0x43,0x00,0x18,0xe6,0x00,0x10,0xcc,0xe6,0x43,0x00,0x18,0xff,0xc6,0x2d,0x36,
    0xff,0x7f,0xff,0x7f,0xff,0xc8,0x39,0x36,0xff,0x7f,0xff,0x7f,0xff,0xca,0x4d,0x36,0xff,0x7f,0xff,0x7f,
    0xff,0xcc,0x61,0x36,0xff,0x7f,0xff,0x7f,0xff,0x02,0x2e,0x7e,0x2e,0xb6,0x2e,0xb6,0xff,0x02,0x42,0x7e,
    0x2e,0xb6,0x2e,0xb6,0xff,0x02,0x56,0x7e,0x2e,0xb6,0x2e,0xb6,0xff,0x02,0x6a,0x7e,0x2e,0xb6,0x2e,0xb6,
    0x17,0x40,0x0e,0xcc,0x16,0xff,0x5d,0x1c,0x88,0x30,0x88,0x30,0x21,0x40,0x0e,0xcc,0x1c,0xff,0x85,0x1c,
    0x88,0x30,0x88,0x30,0x2b,0x40,0x0e,0xcc,0x26,0xff,0xad,0x1c,0x88,0x30,0x88,0x30,0x35,0x40,0x0e,0xcc,
    0x30,0xff,0xd5,0x1c,0x88,0x30,0x88,0x30,0x17,0x40,0x0e,0xcc,0x16,0x2f,0xfe,0x1b,0x33,0x1e,0x33,0x1e,
    0x21,0x40,0x0e,0xcc,0x1c,0x43,0xfe,0x1b,0x33,0x1e,0x33,0x1e,0x2b,0x40,0x0e,0xcc,0x26,0x57,0xfe,0x1b,
    0x33,0x1e,0x33,0x1e,0x35,0x40,0x0e,0xcc,0x30,0x6b,0xfe,0x1b,0x33,0x1e,0x33,0x1e,0x17,0x00,0x10,0xcc,
    0x16,0x2f,0x02,0x18,0x21,0x00,0x10,0xcc,0x1c,0x43,0x02,0x18,0x2b,0x00,0x10,0xcc,0x26,0x57,0x02,0x18,
    0x35,0x00,0x10,0xcc,0x30,0x6b,0x02,0x18,0x17,0x40,0x0e,0xcc,0x16,0x2f,0x5a,0x1c,0x21,0x40,0x0e,0xcc,
    0x1c,0x43,0x72,0x1c,0x2b,0x40,0x0e,0xcc,0x26,0x57,0x9a,0x1c,0x35,0x40,0x0e,0xcc,0x30,0x6b,0xc2,0x1c,
    0x16,0x00,0x10,0xcc,0xff,0x2c,0x02,0x18,0xc5,0x41,0xc5,0x41,0x1c,0x00,0x10,0xcc,0xff,0x38,0x02,0x18,
    0xc5,0x41,0xc5,0x41,0x26,0x00,0x10,0xcc,0xff,0x4c,0x02,0x18,0xc5,0x41,0xc5,0x41,0x30,0x00,0x10,0xcc,
    0xff,0x60,0x02,0x18,0xc5,0x41,0xc5,0x41,0x16,0xb1,0x2c,0x7e,0x1c,0xb1,0x38,0x7e,0x26,0xb1,0x4c,0x7e,
    0x30,0xb1,0x60,0x7e,0x96,0xb1,0x2c,0x7f,0x9c,0xb1,0x38,0x7f,0xa6,0xb1,0x4c,0x7f,0xb0,0xb1,0x60,0x7f,
    0x16,0x00,0x0f,0xcc,0xf2,0x2c,0x02,0x10,0x1c,0x00,0x0f,0xcc,0xf2,0x38,0x02,0x10,0x26,0x00,0x0f,0xcc,
    0xf2,0x4c,0x02,0x10,0x30,0x00,0x0f,0xcc,0xf2,0x60,0x02,0x10,0x16,0xa9,0x2c,0x7e,0x1c,0xa9,0x38,0x7e,
    0x26,0xa9,0x4c,0x7e,0x30,0xa9,0x60,0x7e,0x96,0xa9,0x2c,0x7f,0x9c,0xa9,0x38,0x7f,0xa6,0xa9,0x4c,0x7f,
    0xb0,0xa9,0x60,0x7f,0x16,0x00,0x0e,0xcc,0x16,0xeb,0xc9,0x0b,0x1c,0x00,0x0e,0xcc,0x1c,0xeb,0xc9,0x0b,
    0x26,0x00,0x0e,0xcc,0x26,0xeb,0xc9,0x0b,0x30,0x00,0x0e,0xcc,0x30,0xeb,0xc9,0x0b,0x6a,0x01,0x04,0xd4,
    0xe3,0xff,0x01,0x00,0xc2,0x3b,0xc2,0x3b,0x17,0x00,0x5d,0xd6,0x17,0x2d,0xaa,0x01,0x6a,0x01,0x04,0xd4,
    0xe4,0xff,0x01,0x00,0xc2,0x3b,0xc2,0x3b,0x21,0x00,0x5d,0xd6,0x21,0x39,0xaa,0x01,0x6a,0x01,0x04,0xd4,
    0xe5,0xff,0x01,0x00,0xc2,0x3b,0xc2,0x3b,0x2b,0x00,0x5d,0xd6,0x2b,0x4d,0xaa,0x01,0x6a,0x01,0x04,0xd4,
    0xe6,0xff,0x01,0x00,0xc2,0x3b,0xc2,0x3b,0x35,0x00,0x5d,0xd6,0x35,0x61,0xaa,0x01,0x6a,0x19,0x04,0xd4,
    0xe3,0xff,0x01,0x00,0xc2,0x3b,0xc2,0x3b,0x17,0x58,0x5d,0xd6,0x17,0x2d,0xaa,0x01,0x6a,0x19,0x04,0xd4,
    0xe4,0xff,0x01,0x00,0xc2,0x3b,0xc2,0x3b,0x21,0x58,0x5d,0xd6,0x21,0x39,0xaa,0x01,0x6a,0x19,0x04,0xd4,
    0xe5,0xff,0x01,0x00,0xc2,0x3b,0xc2,0x3b,0x2b,0x58,0x5d,0xd6,0x2b,0x4d,0xaa,0x01,0x6a,0x19,0x04,0xd4,
    0xe6,0xff,0x01,0x00,0xc2,0x3b,0xc2,0x3b,0x35,0x58,0x5d,0xd6,0x35,0x61,0xaa,0x01,0xe3,0x00,0x12,0xd6,
    0xff,0x2e,0x8e,0x07,0xff,0x7f,0xff,0x7f,0xe4,0x00,0x12,0xd6,0xff,0x42,0x92,0x07,0xff,0x7f,0xff,0x7f,
    0xe5,0x00,0x12,0xd6,0xff,0x56,0x96,0x07,0xff,0x7f,0xff,0x7f,0xe6,0x00,0x12,0xd6,0xff,0x6a,0x9a,0x07,
    0xff,0x7f,0xff,0x7f,0xe3,0x00,0x10,0xcc,0xe3,0x41,0x00,0x18,0xe4,0x00,0x10,0xcc,0xe4,0x41,0x00,0x18,
    0xe5,0x00,0x10,0xcc,0xe5,0x41,0x00,0x18,0xe6,0x00,0x10,0xcc,0xe6,0x41,0x00,0x18,0xe7,0x00,0x10,0xcc,
    0xe7,0x43,0x00,0x18,0xe8,0x00,0x10,0xcc,0xe8,0x43,0x00,0x18,0xe9,0x00,0x10,0xcc,0xe9,0x43,0x00,0x18,
    0xea,0x00,0x10,0xcc,0xea,0x43,0x00,0x18,0xff,0xce,0x2d,0x36,0xff,0x7f,0xff,0x7f,0xff,0xd0,0x39,0x36,
    0xff,0x7f,0xff,0x7f,0xff,0xd2,0x4d,0x36,0xff,0x7f,0xff,0x7f,0xff,0xd4,0x61,0x36,0xff,0x7f,0xff,0x7f,
    0xff,0x02,0x2e,0x7e,0x2e,0xb6,0x2e,0xb6,0xff,0x02,0x42,0x7e,0x2e,0xb6,0x2e,0xb6,0xff,0x02,0x56,0x7e,
    0x2e,0xb6,0x2e,0xb6,0xff,0x02,0x6a,0x7e,0x2e,0xb6,0x2e,0xb6,0x17,0x40,0x0e,0xcc,0x16,0xff,0x5d,0x1c,
    0x88,0x30,0x88,0x30,0x21,0x40,0x0e,0xcc,0x1c,0xff,0x85,0x1c,0x88,0x30,0x88,0x30,0x2b,0x40,0x0e,0xcc,
    0x26,0xff,0xad,0x1c,0x88,0x30,0x88,0x30,0x35,0x40,0x0e,0xcc,0x30,0xff,0xd5,0x1c,0x88,0x30,0x88,0x30,
    0x17,0x40,0x0e,0xcc,0x16,0x2f,0xfe,0x1b,0x33,0x1e,0x33,0x1e,0x21,0x40,0x0e,0xcc,0x1c,0x43,0xfe,0x1b,
    0x33,0x1e,0x33,0x1e,0x2b,0x40,0x0e,0xcc,0x26,0x57,0xfe,0x1b,0x33,0x1e,0x33,0x1e,0x35,0x40,0x0e,0xcc,
    0x30,0x6b,0xfe,0x1b,0x33,0x1e,0x33,0x1e,0x17,0x00,0x10,0xcc,0x16,0x2f,0x02,0x18,0x21,0x00,0x10,0xcc,
    0x1c,0x43,0x02,0x18,0x2b,0x00,0x10,0xcc,0x26,0x57,0x02,0x18,0x35,0x00,0x10,0xcc,0x30,0x6b,0x02,0x18,
    0x17,0x40,0x0e,0xcc,0x16,0x2f,0x5a,0x1c,0x21,0x40,0x0e,0xcc,0x1c,0x43,0x72,0x1c,0x2b,0x40,0x0e,0xcc,
    0x26,0x57,0x9a,0x1c,0x35,0x40,0x0e,0xcc,0x30,0x6b,0xc2,0x1c,0x16,0x00,0x10,0xcc,0xff,0x2c,0x02,0x18,
    0xc5,0x41,0xc5,0x41,0x1c,0x00,0x10,0xcc,0xff,0x38,0x02,0x18,0xc5,0x41,0xc5,0x41,0x26,0x00,0x10,0xcc,
    0xff,0x4c,0x02,0x18,0xc5,0x41,0xc5,0x41,0x30,0x00,0x10,0xcc,0xff,0x60,0x02,0x18,0xc5,0x41,0xc5,0x41,
    0x16,0xb1,0x2c,0x7e,0x1c,0xb1,0x38,0x7e,0x26,0xb1,0x4c,0x7e,0x30,0xb1,0x60,0x7e,0x96,0xb1,0x2c,0x7f,
    0x9c,0xb1,0x38,0x7f,0xa6,0xb1,0x4c,0x7f,0xb0,0xb1,0x60,0x7f,0x16,0x00,0x0f,0xcc,0xf2,0x2c,0x02,0x10,
    0x1c,0x00,0x0f,0xcc,0xf2,0x38,0x02,0x10,0x26,0x00,0x0f,0xcc,0xf2,0x4c,0x02,0x10,0x30,0x00,0x0f,0xcc,
    0xf2,0x60,0x02,0x10,0x16,0xa9,0x2c,0x7e,0x1c,0xa9,0x38,0x7e,0x26,0xa9,0x4c,0x7e,0x30,0xa9,0x60,0x7e,
    0x96,0xa9,0x2c,0x7f,0x9c,0xa9,0x38,0x7f,0xa6,0xa9,0x4c,0x7f,0xb0,0xa9,0x60,0x7f,0x16,0x00,0x0e,0xcc,
    0x16,0xeb,0xc9,0x0b,0x1c,0x00,0x0e,0xcc,0x1c,0xeb,0xc9,0x0b,0x26,0x00,0x0e,0xcc,0x26,0xeb,0xc9,0x0b,
    0x30,0x00,0x0e,0xcc,0x30,0xeb,0xc9,0x0b,0x6a,0x01,0x04,0xd4,0xe7,0xff,0x01,0x00,0xc2,0x3b,0xc2,0x3b,
    0x17,0x00,0x5d,0xd6,0x17,0x2d,0xaa,0x01,0x6a,0x01,0x04,0xd4,0xe8,0xff,0x01,0x00,0xc2,0x3b,0xc2,0x3b,
    0x21,0x00,0x5d,0xd6,0x21,0x39,0xaa,0x01,0x6a,0x01,0x04,0xd4,0xe9,0xff,0x01,0x00,0xc2,0x3b,0xc2,0x3b,
    0x2b,0x00,0x5d,0xd6,0x2b,0x4d,0xaa,0x01,0x6a,0x01,0x04,0xd4,0xea,0xff,0x01,0x00,0xc2,0x3b,0xc2,0x3b,
    0x35,0x00,0x5d,0xd6,0x35,0x61,0xaa,0x01,0x6a,0x19,0x04,0xd4,0xe7,0xff,0x01,0x00,0xc2,0x3b,0xc2,0x3b,
    0x17,0x58,0x5d,0xd6,0x17,0x2d,0xaa,0x01,0x6a,0x19,0x04,0xd4,0xe8,0xff,0x01,0x00,0xc2,0x3b,0xc2,0x3b,
    0x21,0x58,0x5d,0xd6,0x21,0x39,0xaa,0x01,0x6a,0x19,0x04,0xd4,0xe9,0xff,0x01,0x00,0xc2,0x3b,0xc2,0x3b,
    0x2b,0x58,0x5d,0xd6,0x2b,0x4d,0xaa,0x01,0x6a,0x19,0x04,0xd4,0xea,0xff,0x01,0x00,0xc2,0x3b,0xc2,0x3b,
    0x35,0x58,0x5d,0xd6,0x35,0x61,0xaa,0x01,0xe7,0x00,0x12,0xd6,0xff,0x2e,0x9e,0x07,0xff,0x7f,0xff,0x7f,
    0xe8,0x00,0x12,0xd6,0xff,0x42,0xa2,0x07,0xff,0x7f,0xff,0x7f,0xe9,0x00,0x12,0xd6,0xff,0x56,0xa6,0x07,
    0xff,0x7f,0xff,0x7f,0xea,0x00,0x12,0xd6,0xff,0x6a,0xaa,0x07,0xff,0x7f,0xff,0x7f,0xe7,0x00,0x10,0xcc,
    0xe7,0x41,0x00,0x18,0xe8,0x00,0x10,0xcc,0xe8,0x41,0x00,0x18,0xe9,0x00,0x10,0xcc,0xe9,0x41,0x00,0x18,
    0xea,0x00,0x10,0xcc,0xea,0x41,0x00,0x18,0x7c,0x40,0x06,0xc4,0xe3,0x80,0x80,0x80,0xf3,0x00,0x00,0x00,
    0x7c,0x40,0x06,0xc4,0xe5,0x80,0x80,0x80,0xf5,0x00,0x00,0x00,0x7c,0x40,0x06,0xc4,0xe7,0x80,0x80,0x80,
    0xf4,0x00,0x00,0x00,0x7c,0x40,0x06,0xc4,0xe9,0x80,0x80,0x80,0xf6,0x00,0x00,0x00,0x35,0x81,0xb5,0x80,
    0x80,0x43,0x43,0x98,0x40,0x37,0x40,0x80,0x41,0x80,0x41,0x82,0x7c,0x40,0x09,0xc4,0xe3,0x80,0x80,0x80,
    0xf3,0x00,0x00,0x00,0x7c,0x40,0x09,0xc4,0xe5,0x80,0x80,0x80,0xf5,0x00,0x00,0x00,0x7c,0x40,0x09,0xc4,
    0xe7,0x80,0x80,0x80,0xf4,0x00,0x00,0x00,0x7c,0x40,0x09,0xc4,0xe9,0x80,0x80,0x80,0xf6,0x00,0x00,0x00,
    0x35,0x81,0xb5,0x80,0x80,0x43,0x43,0x98,0x40,0x37,0x40,0x80,0x41,0x80,0x41,0x82,0x7c,0x40,0x06,0xc4,
    0xe4,0x80,0x80,0x80,0xf3,0x00,0x00,0x00,0x7c,0x40,0x06,0xc4,0xe6,0x80,0x80,0x80,0xf5,0x00,0x00,0x00,
    0x7c,0x40,0x06,0xc4,0xe8,0x80,0x80,0x80,0xf4,0x00,0x00,0x00,0x7c,0x40,0x06,0xc4,0xea,0x80,0x80,0x80,
    0xf6,0x00,0x00,0x00,0x35,0x81,0xb5,0x80,0x80,0x43,0x43,0x98,0x40,0x37,0x40,0x80,0x41,0x80,0x41,0x82,
    0x7c,0x40,0x09,0xc4,0xe4,0x80,0x80,0x80,0xf3,0x00,0x00,0x00,0x7c,0x40,0x09,0xc4,0xe6,0x80,0x80,0x80,
    0xf5,0x00,0x00,0x00,0x7c,0x40,0x09,0xc4,0xe8,0x80,0x80,0x80,0xf4,0x00,0x00,0x00,0x7c,0x40,0x09,0xc4,
    0xea,0x80,0x80,0x80,0xf6,0x00,0x00,0x00,0x35,0x81,0xb5,0x80,0x80,0x43,0x43,0x98,0x40,0x37,0x40,0x80,
    0x41,0x80,0x41,0x82,0xff,0x00,0xbb,0xbe,0x50,0x6c,0x00,0x00,0x46,0x48,0x80,0xbe,0xeb,0x00,0x0f,0xcc,
    0xeb,0x5b,0x00,0x18,0xec,0x00,0x0f,0xcc,0xec,0x63,0x00,0x18,0xed,0x00,0x0f,0xcc,0xed,0x5b,0x00,0x18,
    0xee,0x00,0x0f,0xcc,0xee,0x63,0x00,0x18,0xef,0x00,0x0f,0xcc,0xef,0x5b,0x00,0x18,0xf0,0x00,0x0f,0xcc,
    0xf0,0x63,0x00,0x18,0xf1,0x00,0x0f,0xcc,0xf1,0x5b,0x00,0x18,0xf2,0x00,0x0f,0xcc,0xf2,0x63,0x00,0x18,
    0xeb,0x00,0x10,0xcc,0xeb,0x43,0x00,0x18,0xec,0x00,0x10,0xcc,0xec,0x43,0x00,0x18,0xed,0x00,0x10,0xcc,
    0xed,0x43,0x00,0x18,0xee,0x00,0x10,0xcc,0xee,0x43,0x00,0x18,0xff,0xd6,0x2d,0x36,0xff,0x7f,0xff,0x7f,
    0xff,0xd8,0x39,0x36,0xff,0x7f,0xff,0x7f,0xff,0xda,0x4d,0x36,0xff,0x7f,0xff,0x7f,0xff,0xdc,0x61,0x36,
    0xff,0x7f,0xff,0x7f,0xff,0x02,0x2e,0x7e,0x2e,0xb6,0x2e,0xb6,0xff,0x02,0x42,0x7e,0x2e,0xb6,0x2e,0xb6,
    0xff,0x02,0x56,0x7e,0x2e,0xb6,0x2e,0xb6,0xff,0x02,0x6a,0x7e,0x2e,0xb6,0x2e,0xb6,0x17,0x40,0x0e,0xcc,
    0x16,0xff,0x5d,0x1c,0x88,0x30,0x88,0x30,0x21,0x40,0x0e,0xcc,0x1c,0xff,0x85,0x1c,0x88,0x30,0x88,0x30,
    0x2b,0x40,0x0e,0xcc,0x26,0xff,0xad,0x1c,0x88,0x30,0x88,0x30,0x35,0x40,0x0e,0xcc,0x30,0xff,0xd5,0x1c,
    0x88,0x30,0x88,0x30,0x17,0x40,0x0e,0xcc,0x16,0x2f,0xfe,0x1b,0x33,0x1e,0x33,0x1e,0x21,0x40,0x0e,0xcc,
    0x1c,0x43,0xfe,0x1b,0x33,0x1e,0x33,0x1e,0x2b,0x40,0x0e,0xcc,0x26,0x57,0xfe,0x1b,0x33,0x1e,0x33,0x1e,
    0x35,0x40,0x0e,0xcc,0x30,0x6b,0xfe,0x1b,0x33,0x1e,0x33,0x1e,0x17,0x00,0x10,0xcc,0x16,0x2f,0x02,0x18,
    0x21,0x00,0x10,0xcc,0x1c,0x43,0x02,0x18,0x2b,0x00,0x10,0xcc,0x26,0x57,0x02,0x18,0x35,0x00,0x10,0xcc,
    0x30,0x6b,0x02,0x18,0x17,0x40,0x0e,0xcc,0x16,0x2f,0x5a,0x1c,0x21,0x40,0x0e,0xcc,0x1c,0x43,0x72,0x1c,
    0x2b,0x40,0x0e,0xcc,0x26,0x57,0x9a,0x1c,0x35,0x40,0x0e,0xcc,0x30,0x6b,0xc2,0x1c,0x16,0x00,0x10,0xcc,
    0xff,0x2c,0x02,0x18,0xc5,0x41,0xc5,0x41,0x1c,0x00,0x10,0xcc,0xff,0x38,0x02,0x18,0xc5,0x41,0xc5,0x41,
    0x26,0x00,0x10,0xcc,0xff,0x4c,0x02,0x18,0xc5,0x41,0xc5,0x41,0x30,0x00,0x10,0xcc,0xff,0x60,0x02,0x18,
    0xc5,0x41,0xc5,0x41,0x16,0xb1,0x2c,0x7e,0x1c,0xb1,0x38,0x7e,0x26,0xb1,0x4c,0x7e,0x30,0xb1,0x60,0x7e,
    0x96,0xb1,0x2c,0x7f,0x9c,0xb1,0x38,0x7f,0xa6,0xb1,0x4c,0x7f,0xb0,0xb1,0x60,0x7f,0x16,0x00,0x0f,0xcc,
    0xf2,0x2c,0x02,0x10,0x1c,0x00,0x0f,0xcc,0xf2,0x38,0x02,0x10,0x26,0x00,0x0f,0xcc,0xf2,0x4c,0x02,0x10,
    0x30,0x00,0x0f,0xcc,0xf2,0x60,0x02,0x10,0x16,0xa9,0x2c,0x7e,0x1c,0xa9,0x38,0x7e,0x26,0xa9,0x4c,0x7e,
    0x30,0xa9,0x60,0x7e,0x96,0xa9,0x2c,0x7f,0x9c,0xa9,0x38,0x7f,0xa6,0xa9,0x4c,0x7f,0xb0,0xa9,0x60,0x7f,
    0x16,0x00,0x0e,0xcc,0x16,0xeb,0xc9,0x0b,0x1c,0x00,0x0e,0xcc,0x1c,0xeb,0xc9,0x0b,0x26,0x00,0x0e,0xcc,
    0x26,0xeb,0xc9,0x0b,0x30,0x00,0x0e,0xcc,0x30,0xeb,0xc9,0x0b,0x6a,0x01,0x04,0xd4,0xeb,0xff,0x01,0x00,
    0xc2,0x3b,0xc2,0x3b,0x17,0x00,0x5d,0xd6,0x17,0x2d,0xaa,0x01,0x6a,0x01,0x04,0xd4,0xec,0xff,0x01,0x00,
    0xc2,0x3b,0xc2,0x3b,0x21,0x00,0x5d,0xd6,0x21,0x39,0xaa,0x01,0x6a,0x01,0x04,0xd4,0xed,0xff,0x01,0x00,
    0xc2,0x3b,0xc2,0x3b,0x2b,0x00,0x5d,0xd6,0x2b,0x4d,0xaa,0x01,0x6a,0x01,0x04,0xd4,0xee,0xff,0x01,0x00,
    0xc2,0x3b,0xc2,0x3b,0x35,0x00,0x5d,0xd6,0x35,0x61,0xaa,0x01,0x6a,0x19,0x04,0xd4,0xeb,0xff,0x01,0x00,
    0xc2,0x3b,0xc2,0x3b,0x17,0x58,0x5d,0xd6,0x17,0x2d,0xaa,0x01,0x6a,0x19,0x04,0xd4,0xec,0xff,0x01,0x00,
    0xc2,0x3b,0xc2,0x3b,0x21,0x58,0x5d,0xd6,0x21,0x39,0xaa,0x01,0x6a,0x19,0x04,0xd4,0xed,0xff,0x01,0x00,
    0xc2,0x3b,0xc2,0x3b,0x2b,0x58,0x5d,0xd6,0x2b,0x4d,0xaa,0x01,0x6a,0x19,0x04,0xd4,0xee,0xff,0x01,0x00,
    0xc2,0x3b,0xc2,0x3b,0x35,0x58,0x5d,0xd6,0x35,0x61,0xaa,0x01,0xeb,0x00,0x12,0xd6,0xff,0x2e,0xae,0x07,
    0xff,0x7f,0xff,0x7f,0xec,0x00,0x12,0xd6,0xff,0x42,0xb2,0x07,0xff,0x7f,0xff,0x7f,0xed,0x00,0x12,0xd6,
    0xff,0x56,0xb6,0x07,0xff,0x7f,0xff,0x7f,0xee,0x00,0x12,0xd6,0xff,0x6a,0xba,0x07,0xff,0x7f,0xff,0x7f,
    0xeb,0x00,0x10,0xcc,0xeb,0x41,0x00,0x18,0xec,0x00,0x10,0xcc,0xec,0x41,0x00,0x18,0xed,0x00,0x10,0xcc,
    0xed,0x41,0x00,0x18,0xee,0x00,0x10,0xcc,0xee,0x41,0x00,0x18,0xef,0x00,0x10,0xcc,0xef,0x43,0x00,0x18,
    0xf0,0x00,0x10,0xcc,0xf0,0x43,0x00,0x18,0xf1,0x00,0x10,0xcc,0xf1,0x43,0x00,0x18,0xf2,0x00,0x10,0xcc,
    0xf2,0x43,0x00,0x18,0xff,0xde,0x2d,0x36,0xff,0x7f,0xff,0x7f,0xff,0xe0,0x39,0x36,0xff,0x7f,0xff,0x7f,
    0xff,0xe2,0x4d,0x36,0xff,0x7f,0xff,0x7f,0xff,0xe4,0x61,0x36,0xff,0x7f,0xff,0x7f,0xff,0x02,0x2e,0x7e,
    0x2e,0xb6,0x2e,0xb6,0xff,0x02,0x42,0x7e,0x2e,0xb6,0x2e,0xb6,0xff,0x02,0x56,0x7e,0x2e,0xb6,0x2e,0xb6,
    0xff,0x02,0x6a,0x7e,0x2e,0xb6,0x2e,0xb6,0x17,0x40,0x0e,0xcc,0x16,0xff,0x5d,0x1c,0x88,0x30,0x88,0x30,
    0x21,0x40,0x0e,0xcc,0x1c,0xff,0x85,0x1c,0x88,0x30,0x88,0x30,0x2b,0x40,0x0e,0xcc,0x26,0xff,0xad,0x1c,
    0x88,0x30,0x88,0x30,0x35,0x40,0x0e,0xcc,0x30,0xff,0xd5,0x1c,0x88,0x30,0x88,0x30,0x17,0x40,0x0e,0xcc,
    0x16,0x2f,0xfe,0x1b,0x33,0x1e,0x33,0x1e,0x21,0x40,0x0e,0xcc,0x1c,0x43,0xfe,0x1b,0x33,0x1e,0x33,0x1e,
    0x2b,0x40,0x0e,0xcc,0x26,0x57,0xfe,0x1b,0x33,0x1e,0x33,0x1e,0x35,0x40,0x0e,0xcc,0x30,0x6b,0xfe,0x1b,
    0x33,0x1e,0x33,0x1e,0x17,0x00,0x10,0xcc,0x16,0x2f,0x02,0x18,0x21,0x00,0x10,0xcc,0x1c,0x43,0x02,0x18,
    0x2b,0x00,0x10,0xcc,0x26,0x57,0x02,0x18,0x35,0x00,0x10,0xcc,0x30,0x6b,0x02,0x18,0x17,0x40,0x0e,0xcc,
    0x16,0x2f,0x5a,0x1c,0x21,0x40,0x0e,0xcc,0x1c,0x43,0x72,0x1c,0x2b,0x40,0x0e,0xcc,0x26,0x57,0x9a,0x1c,
    0x35,0x40,0x0e,0xcc,0x30,0x6b,0xc2,0x1c,0x16,0x00,0x10,0xcc,0xff,0x2c,0x02,0x18,0xc5,0x41,0xc5,0x41,
    0x1c,0x00,0x10,0xcc,0xff,0x38,0x02,0x18,0xc5,0x41,0xc5,0x41,0x26,0x00,0x10,0xcc,0xff,0x4c,0x02,0x18,
    0xc5,0x41,0xc5,0x41,0x30,0x00,0x10,0xcc,0xff,0x60,0x02,0x18,0xc5,0x41,0xc5,0x41,0x16,0xb1,0x2c,0x7e,
    0x1c,0xb1,0x38,0x7e,0x26,0xb1,0x4c,0x7e,0x30,0xb1,0x60,0x7e,0x96,0xb1,0x2c,0x7f,0x9c,0xb1,0x38,0x7f,
    0xa6,0xb1,0x4c,0x7f,0xb0,0xb1,0x60,0x7f,0x16,0x00,0x0f,0xcc,0xf2,0x2c,0x02,0x10,0x1c,0x00,0x0f,0xcc,
    0xf2,0x38,0x02,0x10,0x26,0x00,0x0f,0xcc,0xf2,0x4c,0x02,0x10,0x30,0x00,0x0f,0xcc,0xf2,0x60,0x02,0x10,
    0x16,0xa9,0x2c,0x7e,0x1c,0xa9,0x38,0x7e,0x26,0xa9,0x4c,0x7e,0x30,0xa9,0x60,0x7e,0x96,0xa9,0x2c,0x7f,
    0x9c,0xa9,0x38,0x7f,0xa6,0xa9,0x4c,0x7f,0xb0,0xa9,0x60,0x7f,0x16,0x00,0x0e,0xcc,0x16,0xeb,0xc9,0x0b,
    0x1c,0x00,0x0e,0xcc,0x1c,0xeb,0xc9,0x0b,0x26,0x00,0x0e,0xcc,0x26,0xeb,0xc9,0x0b,0x30,0x00,0x0e,0xcc,
    0x30,0xeb,0xc9,0x0b,0x6a,0x01,0x04,0xd4,0xef,0xff,0x01,0x00,0xc2,0x3b,0xc2,0x3b,0x17,0x00,0x5d,0xd6,
    0x17,0x2d,0xaa,0x01,0x6a,0x01,0x04,0xd4,0xf0,0xff,0x01,0x00,0xc2,0x3b,0xc2,0x3b,0x21,0x00,0x5d,0xd6,
    0x21,0x39,0xaa,0x01,0x6a,0x01,0x04,0xd4,0xf1,0xff,0x01,0x00,0xc2,0x3b,0xc2,0x3b,0x2b,0x00,0x5d,0xd6,
    0x2b,0x4d,0xaa,0x01,0x6a,0x01,0x04,0xd4,0xf2,0xff,0x01,0x00,0xc2,0x3b,0xc2,0x3b,0x35,0x00,0x5d,0xd6,
    0x35,0x61,0xaa,0x01,0x6a,0x19,0x04,0xd4,0xef,0xff,0x01,0x00,0xc2,0x3b,0xc2,0x3b,0x17,0x58,0x5d,0xd6,
    0x17,0x2d,0xaa,0x01,0x6a,0x19,0x04,0xd4,0xf0,0xff,0x01,0x00,0xc2,0x3b,0xc2,0x3b,0x21,0x58,0x5d,0xd6,
    0x21,0x39,0xaa,0x01,0x6a,0x19,0x04,0xd4,0xf1,0xff,0x01,0x00,0xc2,0x3b,0xc2,0x3b,0x2b,0x58,0x5d,0xd6,
    0x2b,0x4d,0xaa,0x01,0x6a,0x19,0x04,0xd4,0xf2,0xff,0x01,0x00,0xc2,0x3b,0xc2,0x3b,0x35,0x58,0x5d,0xd6,
    0x35,0x61,0xaa,0x01,0xef,0x00,0x12,0xd6,0xff,0x2e,0xbe,0x07,0xff,0x7f,0xff,0x7f,0xf0,0x00,0x12,0xd6,
    0xff,0x42,0xc2,0x07,0xff,0x7f,0xff,0x7f,0xf1,0x00,0x12,0xd6,0xff,0x56,0xc6,0x07,0xff,0x7f,0xff,0x7f,
    0xf2,0x00,0x12,0xd6,0xff,0x6a,0xca,0x07,0xff,0x7f,0xff,0x7f,0xef,0x00,0x10,0xcc,0xef,0x41,0x00,0x18,
    0xf0,0x00,0x10,0xcc,0xf0,0x41,0x00,0x18,0xf1,0x00,0x10,0xcc,0xf1,0x41,0x00,0x18,0xf2,0x00,0x10,0xcc,
    0xf2,0x41,0x00,0x18,0x7c,0x40,0x06,0xc4,0xeb,0x80,0x80,0x80,0xf3,0x00,0x00,0x00,0x7c,0x40,0x06,0xc4,
    0xed,0x80,0x80,0x80,0xf5,0x00,0x00,0x00,0x7c,0x40,0x06,0xc4,0xef,0x80,0x80,0x80,0xf4,0x00,0x00,0x00,
    0x7c,0x40,0x06,0xc4,0xf1,0x80,0x80,0x80,0xf6,0x00,0x00,0x00,0x35,0x81,0xb5,0x80,0x80,0x43,0x43,0x98,
    0x40,0x37,0x40,0x80,0x41,0x80,0x41,0x82,0x7c,0x40,0x09,0xc4,0xeb,0x80,0x80,0x80,0xf3,0x00,0x00,0x00,
    0x7c,0x40,0x09,0xc4,0xed,0x80,0x80,0x80,0xf5,0x00,0x00,0x00,0x7c,0x40,0x09,0xc4,0xef,0x80,0x80,0x80,
    0xf4,0x00,0x00,0x00,0x7c,0x40,0x09,0xc4,0xf1,0x80,0x80,0x80,0xf6,0x00,0x00,0x00,0x35,0x81,0xb5,0x80,
    0x80,0x43,0x43,0x98,0x40,0x37,0x40,0x80,0x41,0x80,0x41,0x82,0x7c,0x40,0x06,0xc4,0xec,0x80,0x80,0x80,
    0xf3,0x00,0x00,0x00,0x7c,0x40,0x06,0xc4,0xee,0x80,0x80,0x80,0xf5,0x00,0x00,0x00,0x7c,0x40,0x06,0xc4,
    0xf0,0x80,0x80,0x80,0xf4,0x00,0x00,0x00,0x7c,0x40,0x06,0xc4,0xf2,0x80,0x80,0x80,0xf6,0x00,0x00,0x00,
    0x35,0x81,0xb5,0x80,0x80,0x43,0x43,0x98,0x40,0x37,0x40,0x80,0x41,0x80,0x41,0x82,0x7c,0x40,0x09,0xc4,
    0xec,0x80,0x80,0x80,0xf3,0x00,0x00,0x00,0x7c,0x40,0x09,0xc4,0xee,0x80,0x80,0x80,0xf5,0x00,0x00,0x00,
    0x7c,0x40,0x09,0xc4,0xf0,0x80,0x80,0x80,0xf4,0x00,0x00,0x00,0x7c,0x40,0x09,0xc4,0xf2,0x80,0x80,0x80,
    0xf6,0x00,0x00,0x00,0x35,0x81,0xb5,0x80,0x80,0x43,0x43,0x98,0x40,0x37,0x40,0x80,0x41,0x80,0x41,0x82,
    0xff,0x00,0xbb,0xbe,0xc4,0x65,0x00,0x00,0x46,0x48,0x80,0xbe,0x00,0x00,0xb0,0xbf,0x00,0x00,0x9f,0xbf,
    0x00,0x00,0x9f,0xbf,0x00,0x00,0x9f,0xbf,0x00,0x00,0x9f,0xbf,0x00,0x00,0x9f,0xbf,0x00,0x00,0x9f,0xbf,
    0x00,0x00,0x9f,0xbf,0x00,0x00,0x9f,0xbf,0x00,0x00,0x9f,0xbf,0x00,0x00,0x9f,0xbf,0x00,0x00,0x9f,0xbf,
    0x00,0x00,0x9f,0xbf,0x00,0x00,0x9f,0xbf,0x00,0x00,0x9f,0xbf,0x00,0x00,0x9f,0xbf,0x00,0x00,0x9f,0xbf,
    0x00,0x00,0x9f,0xbf,0x00,0x00,0x9f,0xbf,0x00,0x00,0x9f,0xbf,0x00,0x00,0x9f,0xbf,0x00,0x00,0x9f,0xbf,
    0x00,0x00,0x9f,0xbf,0x00,0x00,0x9f,0xbf,0x00,0x00,0x9f,0xbf,0x00,0x00,0x9f,0xbf,0x00,0x00,0x9f,0xbf,
    0x00,0x00,0x9f,0xbf,0x00,0x00,0x9f,0xbf,0x00,0x00,0x9f,0xbf,0x00,0x00,0x9f,0xbf,0x00,0x00,0x9f,0xbf,
    0x00,0x00,0x9f,0xbf,0x00,0x00,0x9f,0xbf,0x00,0x00,0x9f,0xbf,0x00,0x00,0x9f,0xbf,0x00,0x00,0x9f,0xbf,
    0x00,0x00,0x9f,0xbf,0x00,0x00,0x9f,0xbf,0x00,0x00,0x9f,0xbf,0x00,0x00,0x9f,0xbf,0x00,0x00,0x9f,0xbf,
    0x00,0x00,0x9f,0xbf,0x00,0x00,0x9f,0xbf,0x00,0x00,0x9f,0xbf,0x00,0x00,0x9f,0xbf,0x00,0x00,0x9f,0xbf,
    0x00,0x00,0x9f,0xbf,0x00,0x00,0x9f,0xbf,0x00,0x00,0x9f,0xbf,0x00,0x00,0x9f,0xbf,0x00,0x00,0x9f,0xbf,
    0x00,0x00,0x9f,0xbf,0x00,0x00,0x9f,0xbf,0x00,0x00,0x9f,0xbf,0x00,0x00,0x9f,0xbf,0x00,0x00,0x9f,0xbf,
    0x00,0x00,0x9f,0xbf,0x00,0x00,0x9f,0xbf,0x00,0x00,0x9f,0xbf,0x00,0x00,0x9f,0xbf,0x00,0x00,0x9f,0xbf,
    0x00,0x00,0x9f,0xbf,0x00,0x00,0x9f,0xbf,0x00,0x00,0x9f,0xbf,0x00,0x00,0x9f,0xbf,0x00,0x00,0x9f,0xbf,
    0x00,0x00,0x9f,0xbf,0x00,0x00,0x9f,0xbf,0x00,0x00,0x9f,0xbf,0x00,0x00,0x9f,0xbf,0x00,0x00,0x9f,0xbf,
    0x00,0x00,0x9f,0xbf,0x00,0x00,0x9f,0xbf,0x00,0x00,0x9f,0xbf,0x00,0x00,0x9f,0xbf,0x00,0x00,0x9f,0xbf,
    0x00,0x00,0x9f,0xbf,0x00,0x00,0x9f,0xbf,0x00,0x00,0x9f,0xbf,0x00,0x00,0x9f,0xbf,0x00,0x00,0x9f,0xbf,
    0x00,0x00,0x9f,0xbf,0x00,0x00,0x9f,0xbf,0x00,0x00,0x9f,0xbf,0x00,0x00,0x9f,0xbf,0x00,0x00,0x9f,0xbf,
    0x00,0x00,0x9f,0xbf,0x00,0x00,0x9f,0xbf,0x00,0x00,0x9f,0xbf,0x00,0x00,0x9f,0xbf,0x00,0x00,0x9f,0xbf,
    0x00,0x00,0x9f,0xbf,0x00,0x00,0x9f,0xbf,0x00,0x00,0x9f,0xbf,0x00,0x00,0x9f,0xbf,0x00,0x00,0x9f,0xbf,
    0x00,0x00,0x9f,0xbf,0x00,0x00,0x9f,0xbf,0x00,0x00,0x9f,0xbf,0x00,0x00,0x9f,0xbf,0x00,0x00,0x9f,0xbf,
    0x00,0x00,0x9f,0xbf,0x00,0x00,0x9f,0xbf,0x00,0x00,0x9f,0xbf,0x00,0x00,0x9f,0xbf,0x00,0x00,0x9f,0xbf,
    0x00,0x00,0x9f,0xbf,0x00,0x00,0x9f,0xbf,0x00,0x00,0x9f,0xbf,0x00,0x00,0x9f,0xbf,0x00,0x00,0x9f,0xbf,
    0x00,0x00,0x9f,0xbf,0x00,0x00,0x9f,0xbf,0x00,0x00,0x9f,0xbf,0x00,0x00,0x9f,0xbf,0x00,0x00,0x9f,0xbf,
    0x00,0x00,0x9f,0xbf,0x00,0x00,0x9f,0xbf,0x00,0x00,0x9f,0xbf,0x00,0x00,0x9f,0xbf,0x00,0x00,0x9f,0xbf,
    0x00,0x00,0x9f,0xbf,0x00,0x00,0x9f,0xbf,0x00,0x00,0x9f,0xbf,0x00,0x00,0x9f,0xbf,0x00,0x00,0x9f,0xbf,
    0x00,0x00,0x9f,0xbf,0x00,0x00,0x9f,0xbf,0x00,0x00,0x9f,0xbf,0x00,0x00,0x9f,0xbf,0x00,0x00,0x9f,0xbf,
    0x00,0x00,0x9f,0xbf,0x00,0x00,0x9f,0xbf,0x00,0x00,0x9f,0xbf,0x00,0x00,0x9f,0xbf,0x00,0x00,0x9f,0xbf,
    0x00,0x00,0x9f,0xbf,0x00,0x00,0x9f,0xbf,0x00,0x00,0x9f,0xbf,0x00,0x00,0x9f,0xbf,0x00,0x00,0x9f,0xbf,
    0x00,0x00,0x9f,0xbf,0x00,0x00,0x9f,0xbf,0x00,0x00,0x9f,0xbf,0x00,0x00,0x9f,0xbf,0x00,0x00,0x9f,0xbf,
    0x00,0x00,0x9f,0xbf,0x00,0x00,0x9f,0xbf,0x00,0x00,0x9f,0xbf,0x00,0x00,0x9f,0xbf,0x00,0x00,0x9f,0xbf,
    0x00,0x00,0x9f,0xbf,0x00,0x00,0x9f,0xbf,0x00,0x00,0x9f,0xbf,0x00,0x00,0x9f,0xbf,0x00,0x00,0x9f,0xbf,
    0x00,0x00,0x9f,0xbf,0x00,0x00,0x9f,0xbf,0x00,0x00,0x9f,0xbf,0x00,0x00,0x9f,0xbf,0x00,0x00,0x9f,0xbf,
    0x00,0x00,0x9f,0xbf,0x00,0x00,0x9f,0xbf,0x00,0x00,0x9f,0xbf,0x00,0x00,0x9f,0xbf,0x00,0x00,0x9f,0xbf,
    0x00,0x00,0x9f,0xbf,0x00,0x00,0x9f,0xbf,0x00,0x00,0x9f,0xbf,0x00,0x00,0x9f,0xbf,0x00,0x00,0x9f,0xbf,
    0x00,0x00,0x9f,0xbf,0x00,0x00,0x9f,0xbf,0x00,0x00,0x9f,0xbf,0x00,0x00,0x9f,0xbf,0x00,0x00,0x9f,0xbf,
    0x00,0x00,0x9f,0xbf,0x00,0x00,0x9f,0xbf,0x00,0x00,0x9f,0xbf,0x00,0x00,0x9f,0xbf,0x00,0x00,0x9f,0xbf,
    0x00,0x00,0x9f,0xbf,0x00,0x00,0x9f,0xbf,0x00,0x00,0x9f,0xbf,0x00,0x00,0x9f,0xbf,0x00,0x00,0x9f,0xbf,
    0x00,0x00,0x9f,0xbf,0x00,0x00,0x9f,0xbf,0x00,0x00,0x9f,0xbf,0x00,0x00,0x9f,0xbf,0x00,0x00,0x9f,0xbf,
    0x00,0x00,0x9f,0xbf,0x00,0x00,0x9f,0xbf,0x00,0x00,0x9f,0xbf,0x00,0x00,0x9f,0xbf,0x00,0x00,0x9f,0xbf,
    0x00,0x00,0x9f,0xbf,0x00,0x00,0x9f,0xbf,0x00,0x00,0x9f,0xbf,0x00,0x00,0x9f,0xbf,0x00,0x00,0x9f,0xbf,
    0x00,0x00,0x9f,0xbf,0x00,0x00,0x9f,0xbf,0x00,0x00,0x9f,0xbf,0x00,0x00,0x9f,0xbf,0x00,0x00,0x9f,0xbf,
    0x00,0x00,0x9f,0xbf,0x00,0x00,0x9f,0xbf,0x00,0x00,0x9f,0xbf,0x00,0x00,0x9f,0xbf,0x00,0x00,0x9f,0xbf,
    0x00,0x00,0x9f,0xbf,0x00,0x00,0x9f,0xbf,0x00,0x00,0x9f,0xbf,0x00,0x00,0x9f,0xbf,0x00,0x00,0x9f,0xbf,
    0x00,0x00,0x9f,0xbf,0x00,0x00,0x9f,0xbf,0x00,0x00,0x9f,0xbf,0x00,0x00,0x9f,0xbf,0x00,0x00,0x9f,0xbf,
    0x00,0x00,0x9f,0xbf,0x00,0x00,0x9f,0xbf,0x00,0x00,0x9f,0xbf,0x00,0x00,0x9f,0xbf,0x00,0x00,0x9f,0xbf,
    0x00,0x00,0x9f,0xbf,0x00,0x00,0x9f,0xbf,0x00,0x00,0x9f,0xbf,0x00,0x00,0x9f,0xbf,0x00,0x00,0x9f,0xbf,
    0x00,0x00,0x9f,0xbf,0x00,0x00,0x9f,0xbf,0x00,0x00,0x9f,0xbf,0x00,0x00,0x9f,0xbf,0x00,0x00,0x9f,0xbf,
    0x00,0x00,0x9f,0xbf,0x00,0x00,0x9f,0xbf,0x00,0x00,0x9f,0xbf,0x00,0x00,0x9f,0xbf,0x00,0x00,0x9f,0xbf,
    0x00,0x00,0x9f,0xbf,0x00,0x00,0x9f,0xbf,0x00,0x00,0x9f,0xbf,0x00,0x00,0x9f,0xbf,0x00,0x00,0x9f,0xbf,
    0x00,0x00,0x9f,0xbf,0x00,0x00,0x9f,0xbf,0x00,0x00,0x9f,0xbf,0x00,0x00,0x9f,0xbf,0x00,0x00,0x9f,0xbf,
    0x00,0x00,0x9f,0xbf,0x00,0x00,0x9f,0xbf,0x00,0x00,0x9f,0xbf,0x00,0x00,0x9f,0xbf,0x00,0x00,0x9f,0xbf,
    0x00,0x00,0x9f,0xbf,0x00,0x00,0x9f,0xbf,0x00,0x00,0x9f,0xbf,0x00,0x00,0x9f,0xbf,0x00,0x00,0x9f,0xbf,
    0x00,0x00,0x9f,0xbf,0x00,0x00,0x9f,0xbf,0x00,0x00,0x9f,0xbf,0x00,0x00,0x9f,0xbf,0x00,0x00,0x9f,0xbf,
    0x00,0x00,0x9f,0xbf,0x00,0x00,0x9f,0xbf,0x00,0x00,0x9f,0xbf,0x00,0x00,0x9f,0xbf,0x00,0x00,0x9f,0xbf,
    0x00,0x00,0x9f,0xbf,0x00,0x00,0x9f,0xbf,0x00,0x00,0x9f,0xbf,0x00,0x00,0x9f,0xbf,0x00,0x00,0x9f,0xbf,
    0x00,0x00,0x9f,0xbf,0x00,0x00,0x9f,0xbf,0x00,0x00,0x9f,0xbf,0x00,0x00,0x9f,0xbf,0x00,0x00,0x9f,0xbf,
    0x00,0x00,0x9f,0xbf,0x00,0x00,0x9f,0xbf,0x00,0x00,0x9f,0xbf,0x00,0x00,0x9f,0xbf,0x00,0x00,0x9f,0xbf,
    0x00,0x00,0x9f,0xbf,0x00,0x00,0x9f,0xbf,0x00,0x00,0x9f,0xbf,0x00,0x00,0x9f,0xbf,0x00,0x00,0x9f,0xbf,
    0x00,0x00,0x9f,0xbf,0x00,0x00,0x9f,0xbf,0x00,0x00,0x9f,0xbf,0x00,0x00,0x9f,0xbf,0x00,0x00,0x9f,0xbf,
    0x00,0x00,0x9f,0xbf,0x00,0x00,0x9f,0xbf,0x00,0x00,0x9f,0xbf,0x00,0x00,0x9f,0xbf,0x00,0x00,0x9f,0xbf,
    0x00,0x00,0x9f,0xbf,0x00,0x00,0x9f,0xbf,0x00,0x00,0x9f,0xbf,0x00,0x00,0x9f,0xbf,0x00,0x00,0x9f,0xbf,
    0x00,0x00,0x9f,0xbf,0x00,0x00,0x9f,0xbf,0x00,0x00,0x9f,0xbf,0x00,0x00,0x9f,0xbf,0x00,0x00,0x9f,0xbf,
    0x00,0x00,0x9f,0xbf,0x00,0x00,0x9f,0xbf,0x00,0x00,0x9f,0xbf,0x00,0x00,0x9f,0xbf,0x00,0x00,0x9f,0xbf,
    0x00,0x00,0x9f,0xbf,0x00,0x00,0x9f,0xbf,0x00,0x00,0x9f,0xbf,0x00,0x00,0x9f,0xbf,0x00,0x00,0x9f,0xbf,
    0x00,0x00,0x9f,0xbf,0x00,0x00,0x9f,0xbf,0x00,0x00,0x9f,0xbf,0x00,0x00,0x9f,0xbf,0x00,0x00,0x9f,0xbf,
    0x00,0x00,0x9f,0xbf,0x00,0x00,0x9f,0xbf,0x00,0x00,0x9f,0xbf,0x00,0x00,0x9f,0xbf,0x00,0x00,0x9f,0xbf,
    0x00,0x00,0x9f,0xbf,0x00,0x00,0x9f,0xbf,0x00,0x00,0x9f,0xbf,0x00,0x00,0x9f,0xbf,0x00,0x00,0x9f,0xbf,
    0x00,0x00,0x9f,0xbf,0x00,0x00,0x9f,0xbf,0x00,0x00,0x9f,0xbf,0x00,0x00,0x9f,0xbf,0x00,0x00,0x9f,0xbf,
    0x00,0x00,0x9f,0xbf,0x00,0x00,0x9f,0xbf,0x00,0x00,0x9f,0xbf,0x00,0x00,0x9f,0xbf,0x00,0x00,0x9f,0xbf,
    0x00,0x00,0x9f,0xbf,0x00,0x00,0x9f,0xbf,0x00,0x00,0x9f,0xbf,0x00,0x00,0x9f,0xbf,0x00,0x00,0x9f,0xbf,
    0x00,0x00,0x9f,0xbf,0x00,0x00,0x9f,0xbf,0x00,0x00,0x9f,0xbf,0x00,0x00,0x9f,0xbf,0x00,0x00,0x9f,0xbf,
    0x00,0x00,0x9f,0xbf,0x00,0x00,0x9f,0xbf,0x00,0x00,0x9f,0xbf,0x00,0x00,0x9f,0xbf,0x00,0x00,0x9f,0xbf,
    0x00,0x00,0x9f,0xbf,0x00,0x00,0x9f,0xbf,0x00,0x00,0x9f,0xbf,0x00,0x00,0x9f,0xbf,0x00,0x00,0x9f,0xbf,
    0x00,0x00,0x9f,0xbf,0x00,0x00,0x9f,0xbf,0x00,0x00,0x9f,0xbf,0x00,0x00,0x9f,0xbf,0x00,0x00,0x9f,0xbf,
    0x00,0x00,0x9f,0xbf,0x00,0x00,0x9f,0xbf,0x00,0x00,0x9f,0xbf,0x00,0x00,0x9f,0xbf,0x00,0x00,0x9f,0xbf,
    0x00,0x00,0x9f,0xbf,0x00,0x00,0x9f,0xbf,0x00,0x00,0x9f,0xbf,0x00,0x00,0x9f,0xbf,0x00,0x00,0x9f,0xbf,
    0x00,0x00,0x9f,0xbf,0x00,0x00,0x9f,0xbf,0x00,0x00,0x9f,0xbf,0x00,0x00,0x9f,0xbf,0x00,0x00,0x9f,0xbf,
    0x00,0x00,0x9f,0xbf,0x00,0x00,0x9f,0xbf,0x00,0x00,0x9f,0xbf,0x00,0x00,0x9f,0xbf,0x00,0x00,0x9f,0xbf,
    0x00,0x00,0x9f,0xbf,0x00,0x00,0x9f,0xbf,0x00,0x00,0x9f,0xbf,0x00,0x00,0x9f,0xbf,0x00,0x00,0x9f,0xbf,
    0x00,0x00,0x9f,0xbf,0x00,0x00,0x9f,0xbf,0x00,0x00,0x9f,0xbf,0x00,0x00,0x9f,0xbf,0x00,0x00,0x9f,0xbf,
    0x00,0x00,0x9f,0xbf,0x00,0x00,0x9f,0xbf,0x00,0x00,0x9f,0xbf,0x00,0x00,0x9f,0xbf,0x00,0x00,0x9f,0xbf,
    0x00,0x00,0x9f,0xbf,0x00,0x00,0x9f,0xbf,0x00,0x00,0x9f,0xbf,0x00,0x00,0x9f,0xbf,0x00,0x00,0x9f,0xbf,
    0x00,0x00,0x9f,0xbf,0x00,0x00,0x9f,0xbf,0x00,0x00,0x9f,0xbf,0x00,0x00,0x9f,0xbf,0x00,0x00,0x9f,0xbf,
    0x00,0x00,0x9f,0xbf,0x00,0x00,0x9f,0xbf,0x00,0x00,0x9f,0xbf,0x00,0x00,0x9f,0xbf,0x00,0x00,0x9f,0xbf,
    0x00,0x00,0x9f,0xbf,0x00,0x00,0x9f,0xbf,0x00,0x00,0x9f,0xbf,0x00,0x00,0x9f,0xbf,0x00,0x00,0x9f,0xbf,
    0x00,0x00,0x9f,0xbf,0x00,0x00,0x9f,0xbf,0x00,0x00,0x9f,0xbf,0x00,0x00,0x9f,0xbf,0x00,0x00,0x9f,0xbf,
    0x00,0x00,0x9f,0xbf,0x00,0x00,0x9f,0xbf,0x00,0x00,0x9f,0xbf,0x00,0x00,0x9f,0xbf,0x00,0x00,0x9f,0xbf,
    0x00,0x00,0x9f,0xbf,0x00,0x00,0x9f,0xbf,0x00,0x00,0x9f,0xbf,0x00,0x00,0x9f,0xbf,0x00,0x00,0x9f,0xbf,
    0x00,0x00,0x9f,0xbf,0x00,0x00,0x9f,0xbf,0x00,0x00,0x9f,0xbf,0x00,0x00,0x9f,0xbf,0x00,0x00,0x9f,0xbf,
    0x00,0x00,0x9f,0xbf,0x00,0x00,0x9f,0xbf,0x00,0x00,0x9f,0xbf,0x00,0x00,0x9f,0xbf,0x00,0x00,0x9f,0xbf,
    0x00,0x00,0x9f,0xbf,0x00,0x00,0x9f,0xbf,0x00,0x00,0x9f,0xbf,0x00,0x00,0x9f,0xbf,0x00,0x00,0x9f,0xbf,
    0x00,0x00,0x9f,0xbf,0x00,0x00,0x9f,0xbf,0x00,0x00,0x9f,0xbf,0x00,0x00,0x9f,0xbf,0x00,0x00,0x9f,0xbf,
    0x00,0x00,0x9f,0xbf,0x00,0x00,0x9f,0xbf,0x00,0x00,0x9f,0xbf,0x00,0x00,0x9f,0xbf,0x00,0x00,0x9f,0xbf,
    0x00,0x00,0x9f,0xbf,0x00,0x00,0x9f,0xbf,0x00,0x00,0x9f,0xbf,0x00,0x00,0x9f,0xbf,0x00,0x00,0x9f,0xbf,
    0x00,0x00,0x9f,0xbf,0x00,0x00,0x9f,0xbf,0x00,0x00,0x9f,0xbf,0x00,0x00,0x9f,0xbf,0x00,0x00,0x9f,0xbf,
    0x00,0x00,0x9f,0xbf,0x00,0x00,0x9f,0xbf,0x00,0x00,0x9f,0xbf,0x00,0x00,0x9f,0xbf,0x00,0x00,0x9f,0xbf,
    0x00,0x00,0x9f,0xbf,0x00,0x00,0x9f,0xbf,0x00,0x00,0x9f,0xbf,0x00,0x00,0x9f,0xbf,0x00,0x00,0x9f,0xbf,
    0x00,0x00,0x9f,0xbf,0x00,0x00,0x9f,0xbf,0x00,0x00,0x9f,0xbf,0x00,0x00,0x9f,0xbf,0x00,0x00,0x9f,0xbf,
    0x00,0x00,0x9f,0xbf,0x00,0x00,0x9f,0xbf,0x00,0x00,0x9f,0xbf,0x00,0x00,0x9f,0xbf,0x00,0x00,0x9f,0xbf,
    0x00,0x00,0x9f,0xbf,0x00,0x00,0x9f,0xbf,0x00,0x00,0x9f,0xbf,0x00,0x00,0x9f,0xbf,0x00,0x00,0x9f,0xbf,
    0x00,0x00,0x9f,0xbf,0x00,0x00,0x9f,0xbf,0x00,0x00,0x9f,0xbf,0x00,0x00,0x9f,0xbf,0x00,0x00,0x9f,0xbf,
    0x00,0x00,0x9f,0xbf,0x00,0x00,0x9f,0xbf,0x00,0x00,0x9f,0xbf,0x00,0x00,0x9f,0xbf,0x00,0x00,0x9f,0xbf,
    0x00,0x00,0x9f,0xbf,0x00,0x00,0x9f,0xbf,0x00,0x00,0x9f,0xbf,0x00,0x00,0x9f,0xbf,0x00,0x00,0x9f,0xbf,
    0x00,0x00,0x9f,0xbf,0x00,0x00,0x9f,0xbf,0x00,0x00,0x9f,0xbf,0x00,0x00,0x9f,0xbf,0x00,0x00,0x9f,0xbf,
    0x00,0x00,0x9f,0xbf,0x00,0x00,0x9f,0xbf,0x00,0x00,0x9f,0xbf,0x00,0x00,0x9f,0xbf,0x00,0x00,0x9f,0xbf,
    0x00,0x00,0x9f,0xbf,0x00,0x00,0x9f,0xbf,0x00,0x00,0x9f,0xbf,0x00,0x00,0x9f,0xbf,0x00,0x00,0x9f,0xbf,
    0x00,0x00,0x9f,0xbf,0x00,0x00,0x9f,0xbf,0x00,0x00,0x9f,0xbf,0x00,0x00,0x9f,0xbf,0x00,0x00,0x9f,0xbf,
    0x00,0x00,0x9f,0xbf,0x00,0x00,0x9f,0xbf,0x00,0x00,0x9f,0xbf,0x00,0x00,0x9f,0xbf,0x00,0x00,0x9f,0xbf,
    0x00,0x00,0x9f,0xbf,0x00,0x00,0x9f,0xbf,0x00,0x00,0x9f,0xbf,0x00,0x00,0x9f,0xbf,0x00,0x00,0x9f,0xbf,
    0x00,0x00,0x9f,0xbf,0x00,0x00,0x9f,0xbf,0x00,0x00,0x9f,0xbf,0x00,0x00,0x9f,0xbf,0x00,0x00,0x9f,0xbf,
    0x00,0x00,0x9f,0xbf,0x00,0x00,0x9f,0xbf,0x00,0x00,0x9f,0xbf,0x00,0x00,0x9f,0xbf,0x00,0x00,0x9f,0xbf,
    0x00,0x00,0x9f,0xbf,0x00,0x00,0x9f,0xbf,0x00,0x00,0x9f,0xbf,0x00,0x00,0x9f,0xbf,0x00,0x00,0x9f,0xbf,
    0x00,0x00,0x9f,0xbf,0x00,0x00,0x9f,0xbf,0x00,0x00,0x9f,0xbf,0x00,0x00,0x9f,0xbf,0x00,0x00,0x9f,0xbf,
    0x00,0x00,0x9f,0xbf,0x00,0x00,0x9f,0xbf,0x00,0x00,0x9f,0xbf,0x1e,0x00,0x00,0x00,0x00,0x00,0x00,0x00,
    0x02,0x00,0x00,0x00,0x00,0x00,0x00,0x00,0x06,0x00,0x00,0x00,0x00,0x00,0x00,0x00,0xc8,0x01,0x00,0x00,
    0x00,0x00,0x00,0x00,0x0b,0x00,0x00,0x00,0x00,0x00,0x00,0x00,0x18,0x00,0x00,0x00,0x00,0x00,0x00,0x00,
    0x05,0x00,0x00,0x00,0x00,0x00,0x00,0x00,0x0c,0x02,0x00,0x00,0x00,0x00,0x00,0x00,0x0a,0x00,0x00,0x00,
    0x00,0x00,0x00,0x00,0x01,0x00,0x00,0x00,0x00,0x00,0x00,0x00,0xf5,0xfe,0xff,0x6f,0x00,0x00,0x00,0x00,
    0xe0,0x01,0x00,0x00,0x00,0x00,0x00,0x00,0x04,0x00,0x00,0x00,0x00,0x00,0x00,0x00,0xfc,0x01,0x00,0x00,
    0x00,0x00,0x00,0x00,0x00,0x00,0x00,0x00,0x00,0x00,0x00,0x00,0x00,0x00,0x00,0x00,0x00,0x00,0x00,0x00,
    0x07,0x00,0x00,0x00,0x80,0x03,0x00,0x00,0x20,0x00,0x00,0x00,0x41,0x4d,0x44,0x47,0x50,0x55,0x00,0x00,
    0x82,0xae,0x61,0x6d,0x64,0x70,0x61,0x6c,0x2e,0x76,0x65,0x72,0x73,0x69,0x6f,0x6e,0x92,0x03,0x02,0xb0,
    0x61,0x6d,0x64,0x70,0x61,0x6c,0x2e,0x70,0x69,0x70,0x65,0x6c,0x69,0x6e,0x65,0x73,0x91,0x8a,0xa5,0x2e,
    0x6e,0x61,0x6d,0x65,0xa4,0x6d,0x61,0x69,0x6e,0xa5,0x2e,0x74,0x79,0x70,0x65,0xa2,0x43,0x73,0xb7,0x2e,
    0x69,0x6e,0x74,0x65,0x72,0x6e,0x61,0x6c,0x5f,0x70,0x69,0x70,0x65,0x6c,0x69,0x6e,0x65,0x5f,0x68,0x61,
    0x73,0x68,0x92,0xcf,0x0c,0x52,0x1b,0x56,0x4c,0xa6,0x27,0xb0,0xcf,0x0c,0x52,0x1b,0x56,0x4c,0xa6,0x27,
    0xb0,0xa8,0x2e,0x73,0x68,0x61,0x64,0x65,0x72,0x73,0x81,0xa8,0x2e,0x63,0x6f,0x6d,0x70,0x75,0x74,0x65,
    0x82,0xb0,0x2e,0x61,0x70,0x69,0x5f,0x73,0x68,0x61,0x64,0x65,0x72,0x5f,0x68,0x61,0x73,0x68,0x92,0xcf,
    0x0a,0x0f,0xf8,0x79,0xe0,0xbb,0x68,0x75,0xcf,0x46,0xa9,0xdf,0xc9,0xec,0xe9,0x73,0x23,0xb1,0x2e,0x68,
    0x61,0x72,0x64,0x77,0x61,0x72,0x65,0x5f,0x6d,0x61,0x70,0x70,0x69,0x6e,0x67,0x91,0xa3,0x2e,0x63,0x73,
    0xb0,0x2e,0x68,0x61,0x72,0x64,0x77,0x61,0x72,0x65,0x5f,0x73,0x74,0x61,0x67,0x65,0x73,0x81,0xa3,0x2e,
    0x63,0x73,0xde,0x00,0x11,0xac,0x2e,0x65,0x6e,0x74,0x72,0x79,0x5f,0x70,0x6f,0x69,0x6e,0x74,0xaf,0x5f,
    0x61,0x6d,0x64,0x67,0x70,0x75,0x5f,0x63,0x73,0x5f,0x6d,0x61,0x69,0x6e,0xa9,0x2e,0x6c,0x64,0x73,0x5f,
    0x73,0x69,0x7a,0x65,0xce,0x00,0x01,0x00,0x00,0xab,0x2e,0x73,0x67,0x70,0x72,0x5f,0x63,0x6f,0x75,0x6e,
    0x74,0x58,0xab,0x2e,0x76,0x67,0x70,0x72,0x5f,0x63,0x6f,0x75,0x6e,0x74,0xcc,0xf8,0xb7,0x2e,0x74,0x68,
    0x72,0x65,0x61,0x64,0x67,0x72,0x6f,0x75,0x70,0x5f,0x64,0x69,0x6d,0x65,0x6e,0x73,0x69,0x6f,0x6e,0x73,
    0x93,0xcd,0x01,0x80,0x01,0x01,0xaf,0x2e,0x77,0x61,0x76,0x65,0x66,0x72,0x6f,0x6e,0x74,0x5f,0x73,0x69,
    0x7a,0x65,0x40,0xab,0x2e,0x66,0x6c,0x6f,0x61,0x74,0x5f,0x6d,0x6f,0x64,0x65,0x00,0xaa,0x2e,0x69,0x65,
    0x65,0x65,0x5f,0x6d,0x6f,0x64,0x65,0xc2,0xae,0x2e,0x66,0x70,0x31,0x36,0x5f,0x6f,0x76,0x65,0x72,0x66,
    0x6c,0x6f,0x77,0xc2,0xa9,0x2e,0x77,0x67,0x70,0x5f,0x6d,0x6f,0x64,0x65,0xc2,0xac,0x2e,0x6d,0x65,0x6d,
    0x5f,0x6f,0x72,0x64,0x65,0x72,0x65,0x64,0xc2,0xb1,0x2e,0x66,0x6f,0x72,0x77,0x61,0x72,0x64,0x5f,0x70,
    0x72,0x6f,0x67,0x72,0x65,0x73,0x73,0xc2,0xaf,0x2e,0x77,0x67,0x5f,0x72,0x6f,0x75,0x6e,0x64,0x5f,0x72,
    0x6f,0x62,0x69,0x6e,0xc2,0xab,0x2e,0x73,0x63,0x72,0x61,0x74,0x63,0x68,0x5f,0x65,0x6e,0xc2,0xad,0x2e,
    0x74,0x72,0x61,0x70,0x5f,0x70,0x72,0x65,0x73,0x65,0x6e,0x74,0xc2,0xab,0x2e,0x75,0x73,0x65,0x72,0x5f,
    0x73,0x67,0x70,0x72,0x73,0x04,0xb2,0x2e,0x75,0x73,0x65,0x72,0x5f,0x64,0x61,0x74,0x61,0x5f,0x72,0x65,
    0x67,0x5f,0x6d,0x61,0x70,0xdc,0x00,0x20,0xce,0xff,0xff,0xff,0xff,0xce,0xff,0xff,0xff,0xff,0x00,0x01,
    0xce,0xff,0xff,0xff,0xff,0xce,0xff,0xff,0xff,0xff,0xce,0xff,0xff,0xff,0xff,0xce,0xff,0xff,0xff,0xff,
    0xce,0xff,0xff,0xff,0xff,0xce,0xff,0xff,0xff,0xff,0xce,0xff,0xff,0xff,0xff,0xce,0xff,0xff,0xff,0xff,
    0xce,0xff,0xff,0xff,0xff,0xce,0xff,0xff,0xff,0xff,0xce,0xff,0xff,0xff,0xff,0xce,0xff,0xff,0xff,0xff,
    0xce,0xff,0xff,0xff,0xff,0xce,0xff,0xff,0xff,0xff,0xce,0xff,0xff,0xff,0xff,0xce,0xff,0xff,0xff,0xff,
    0xce,0xff,0xff,0xff,0xff,0xce,0xff,0xff,0xff,0xff,0xce,0xff,0xff,0xff,0xff,0xce,0xff,0xff,0xff,0xff,
    0xce,0xff,0xff,0xff,0xff,0xce,0xff,0xff,0xff,0xff,0xce,0xff,0xff,0xff,0xff,0xce,0xff,0xff,0xff,0xff,
    0xce,0xff,0xff,0xff,0xff,0xce,0xff,0xff,0xff,0xff,0xce,0xff,0xff,0xff,0xff,0xce,0xff,0xff,0xff,0xff,
    0xb2,0x2e,0x63,0x6f,0x6d,0x70,0x75,0x74,0x65,0x5f,0x72,0x65,0x67,0x69,0x73,0x74,0x65,0x72,0x73,0x85,
    0xaa,0x2e,0x74,0x67,0x69,0x64,0x5f,0x78,0x5f,0x65,0x6e,0xc3,0xaa,0x2e,0x74,0x67,0x69,0x64,0x5f,0x79,
    0x5f,0x65,0x6e,0xc2,0xaa,0x2e,0x74,0x67,0x69,0x64,0x5f,0x7a,0x5f,0x65,0x6e,0xc2,0xab,0x2e,0x74,0x67,
    0x5f,0x73,0x69,0x7a,0x65,0x5f,0x65,0x6e,0xc2,0xaf,0x2e,0x74,0x69,0x64,0x69,0x67,0x5f,0x63,0x6f,0x6d,
    0x70,0x5f,0x63,0x6e,0x74,0x01,0xaa,0x2e,0x72,0x65,0x67,0x69,0x73,0x74,0x65,0x72,0x73,0x8f,0xcd,0x2e,
    0x18,0x00,0xcd,0x2e,0x15,0x00,0xcd,0x2e,0x16,0xce,0xff,0xff,0xff,0xff,0xcd,0x2e,0x17,0xce,0xff,0xff,
    0xff,0xff,0xcd,0x2e,0x19,0xce,0xff,0xff,0xff,0xff,0xcd,0x2e,0x1a,0xce,0xff,0xff,0xff,0xff,0xcd,0x2e,
    0x12,0xcd,0x02,0xbd,0xcd,0x2e,0x13,0xce,0x00,0x40,0x08,0x88,0xcd,0x2e,0x28,0x00,0xcd,0x2e,0x2a,0xce,
    0xff,0xda,0xf7,0x9c,0xcd,0x2e,0x07,0xce,0x01,0x80,0x01,0x80,0xcd,0x2e,0x08,0xce,0x00,0x01,0x00,0x01,
    0xcd,0x2e,0x09,0xce,0x00,0x01,0x00,0x01,0xcd,0x2e,0x42,0x00,0xcd,0x2e,0x43,0x01,0xb0,0x2e,0x75,0x73,
    0x65,0x72,0x5f,0x64,0x61,0x74,0x61,0x5f,0x6c,0x69,0x6d,0x69,0x74,0x04,0xb0,0x2e,0x73,0x70,0x69,0x6c,
    0x6c,0x5f,0x74,0x68,0x72,0x65,0x73,0x68,0x6f,0x6c,0x64,0xcd,0xff,0xff,0xb0,0x2e,0x73,0x68,0x69,0x73,
    0x61,0x5f,0x69,0x6e,0x74,0x65,0x72,0x66,0x61,0x63,0x65,0xa4,0x62,0x61,0x73,0x65,0x4c,0x69,0x6e,0x6b,
    0x65,0x72,0x3a,0x20,0x4c,0x4c,0x44,0x20,0x32,0x31,0x2e,0x30,0x2e,0x30,0x00,0x00,0x00,0x00,0x00,0x00,
    0x00,0x00,0x00,0x00,0x00,0x00,0x00,0x00,0x00,0x00,0x00,0x00,0x00,0x00,0x00,0x00,0x00,0x00,0x00,0x00,
    0x01,0x00,0x00,0x00,0x02,0x00,0x05,0x00,0x00,0x13,0x00,0x00,0x00,0x00,0x00,0x00,0x00,0x7c,0x00,0x00,
    0x00,0x00,0x00,0x00,0x11,0x00,0x00,0x00,0x00,0x02,0x06,0x00,0x00,0x9f,0x00,0x00,0x00,0x00,0x00,0x00,
    0x00,0x00,0x00,0x00,0x00,0x00,0x00,0x00,0x00,0x2e,0x64,0x79,0x6e,0x73,0x79,0x6d,0x00,0x2e,0x67,0x6e,
    0x75,0x2e,0x68,0x61,0x73,0x68,0x00,0x2e,0x68,0x61,0x73,0x68,0x00,0x2e,0x64,0x79,0x6e,0x73,0x74,0x72,
    0x00,0x2e,0x74,0x65,0x78,0x74,0x00,0x2e,0x64,0x79,0x6e,0x61,0x6d,0x69,0x63,0x00,0x2e,0x72,0x65,0x6c,
    0x72,0x6f,0x5f,0x70,0x61,0x64,0x64,0x69,0x6e,0x67,0x00,0x2e,0x6e,0x6f,0x74,0x65,0x00,0x2e,0x63,0x6f,
    0x6d,0x6d,0x65,0x6e,0x74,0x00,0x2e,0x73,0x79,0x6d,0x74,0x61,0x62,0x00,0x2e,0x73,0x68,0x73,0x74,0x72,
    0x74,0x61,0x62,0x00,0x2e,0x73,0x74,0x72,0x74,0x61,0x62,0x00,0x00,0x5f,0x61,0x6d,0x64,0x67,0x70,0x75,
    0x5f,0x63,0x73,0x5f,0x6d,0x61,0x69,0x6e,0x00,0x5f,0x44,0x59,0x4e,0x41,0x4d,0x49,0x43,0x00,0x00,0x00,
    0x00,0x00,0x00,0x00,0x00,0x00,0x00,0x00,0x00,0x00,0x00,0x00,0x00,0x00,0x00,0x00,0x00,0x00,0x00,0x00,
    0x00,0x00,0x00,0x00,0x00,0x00,0x00,0x00,0x00,0x00,0x00,0x00,0x00,0x00,0x00,0x00,0x00,0x00,0x00,0x00,
    0x00,0x00,0x00,0x00,0x00,0x00,0x00,0x00,0x00,0x00,0x00,0x00,0x00,0x00,0x00,0x00,0x00,0x00,0x00,0x00,
    0x00,0x00,0x00,0x00,0x00,0x00,0x00,0x00,0x01,0x00,0x00,0x00,0x0b,0x00,0x00,0x00,0x02,0x00,0x00,0x00,
    0x00,0x00,0x00,0x00,0xc8,0x01,0x00,0x00,0x00,0x00,0x00,0x00,0xc8,0x01,0x00,0x00,0x00,0x00,0x00,0x00,
    0x18,0x00,0x00,0x00,0x00,0x00,0x00,0x00,0x04,0x00,0x00,0x00,0x01,0x00,0x00,0x00,0x08,0x00,0x00,0x00,
    0x00,0x00,0x00,0x00,0x18,0x00,0x00,0x00,0x00,0x00,0x00,0x00,0x09,0x00,0x00,0x00,0xf6,0xff,0xff,0x6f,
    0x02,0x00,0x00,0x00,0x00,0x00,0x00,0x00,0xe0,0x01,0x00,0x00,0x00,0x00,0x00,0x00,0xe0,0x01,0x00,0x00,
    0x00,0x00,0x00,0x00,0x1c,0x00,0x00,0x00,0x00,0x00,0x00,0x00,0x01,0x00,0x00,0x00,0x00,0x00,0x00,0x00,
    0x08,0x00,0x00,0x00,0x00,0x00,0x00,0x00,0x00,0x00,0x00,0x00,0x00,0x00,0x00,0x00,0x13,0x00,0x00,0x00,
    0x05,0x00,0x00,0x00,0x02,0x00,0x00,0x00,0x00,0x00,0x00,0x00,0xfc,0x01,0x00,0x00,0x00,0x00,0x00,0x00,
    0xfc,0x01,0x00,0x00,0x00,0x00,0x00,0x00,0x10,0x00,0x00,0x00,0x00,0x00,0x00,0x00,0x01,0x00,0x00,0x00,
    0x00,0x00,0x00,0x00,0x04,0x00,0x00,0x00,0x00,0x00,0x00,0x00,0x04,0x00,0x00,0x00,0x00,0x00,0x00,0x00,
    0x19,0x00,0x00,0x00,0x03,0x00,0x00,0x00,0x02,0x00,0x00,0x00,0x00,0x00,0x00,0x00,0x0c,0x02,0x00,0x00,
    0x00,0x00,0x00,0x00,0x0c,0x02,0x00,0x00,0x00,0x00,0x00,0x00,0x01,0x00,0x00,0x00,0x00,0x00,0x00,0x00,
    0x00,0x00,0x00,0x00,0x00,0x00,0x00,0x00,0x01,0x00,0x00,0x00,0x00,0x00,0x00,0x00,0x00,0x00,0x00,0x00,
    0x00,0x00,0x00,0x00,0x21,0x00,0x00,0x00,0x01,0x00,0x00,0x00,0x06,0x00,0x00,0x00,0x00,0x00,0x00,0x00,
    0x00,0x13,0x00,0x00,0x00,0x00,0x00,0x00,0x00,0x03,0x00,0x00,0x00,0x00,0x00,0x00,0x00,0x7c,0x00,0x00,
    0x00,0x00,0x00,0x00,0x00,0x00,0x00,0x00,0x00,0x00,0x00,0x00,0x00,0x01,0x00,0x00,0x00,0x00,0x00,0x00,
    0x00,0x00,0x00,0x00,0x00,0x00,0x00,0x00,0x27,0x00,0x00,0x00,0x06,0x00,0x00,0x00,0x03,0x00,0x00,0x00,
    0x00,0x00,0x00,0x00,0x00,0x9f,0x00,0x00,0x00,0x00,0x00,0x00,0x00,0x7f,0x00,0x00,0x00,0x00,0x00,0x00,
    0x80,0x00,0x00,0x00,0x00,0x00,0x00,0x00,0x04,0x00,0x00,0x00,0x00,0x00,0x00,0x00,0x08,0x00,0x00,0x00,
    0x00,0x00,0x00,0x00,0x10,0x00,0x00,0x00,0x00,0x00,0x00,0x00,0x30,0x00,0x00,0x00,0x08,0x00,0x00,0x00,
    0x03,0x00,0x00,0x00,0x00,0x00,0x00,0x00,0x80,0x9f,0x00,0x00,0x00,0x00,0x00,0x00,0x80,0x7f,0x00,0x00,
    0x00,0x00,0x00,0x00,0x80,0x00,0x00,0x00,0x00,0x00,0x00,0x00,0x00,0x00,0x00,0x00,0x00,0x00,0x00,0x00,
    0x01,0x00,0x00,0x00,0x00,0x00,0x00,0x00,0x00,0x00,0x00,0x00,0x00,0x00,0x00,0x00,0x3f,0x00,0x00,0x00,
    0x07,0x00,0x00,0x00,0x00,0x00,0x00,0x00,0x00,0x00,0x00,0x00,0x00,0x00,0x00,0x00,0x00,0x00,0x00,0x00,
    0x80,0x7f,0x00,0x00,0x00,0x00,0x00,0x00,0x94,0x03,0x00,0x00,0x00,0x00,0x00,0x00,0x00,0x00,0x00,0x00,
    0x00,0x00,0x00,0x00,0x01,0x00,0x00,0x00,0x00,0x00,0x00,0x00,0x00,0x00,0x00,0x00,0x00,0x00,0x00,0x00,
    0x45,0x00,0x00,0x00,0x01,0x00,0x00,0x00,0x30,0x00,0x00,0x00,0x00,0x00,0x00,0x00,0x00,0x00,0x00,0x00,
    0x00,0x00,0x00,0x00,0x14,0x83,0x00,0x00,0x00,0x00,0x00,0x00,0x13,0x00,0x00,0x00,0x00,0x00,0x00,0x00,
    0x00,0x00,0x00,0x00,0x00,0x00,0x00,0x00,0x01,0x00,0x00,0x00,0x00,0x00,0x00,0x00,0x01,0x00,0x00,0x00,
    0x00,0x00,0x00,0x00,0x4e,0x00,0x00,0x00,0x02,0x00,0x00,0x00,0x00,0x00,0x00,0x00,0x00,0x00,0x00,0x00,
    0x00,0x00,0x00,0x00,0x00,0x00,0x00,0x00,0x28,0x83,0x00,0x00,0x00,0x00,0x00,0x00,0x48,0x00,0x00,0x00,
    0x00,0x00,0x00,0x00,0x0c,0x00,0x00,0x00,0x03,0x00,0x00,0x00,0x08,0x00,0x00,0x00,0x00,0x00,0x00,0x00,
    0x18,0x00,0x00,0x00,0x00,0x00,0x00,0x00,0x56,0x00,0x00,0x00,0x03,0x00,0x00,0x00,0x00,0x00,0x00,0x00,
    0x00,0x00,0x00,0x00,0x00,0x00,0x00,0x00,0x00,0x00,0x00,0x00,0x70,0x83,0x00,0x00,0x00,0x00,0x00,0x00,
    0x68,0x00,0x00,0x00,0x00,0x00,0x00,0x00,0x00,0x00,0x00,0x00,0x00,0x00,0x00,0x00,0x01,0x00,0x00,0x00,
    0x00,0x00,0x00,0x00,0x00,0x00,0x00,0x00,0x00,0x00,0x00,0x00,0x60,0x00,0x00,0x00,0x03,0x00,0x00,0x00,
    0x00,0x00,0x00,0x00,0x00,0x00,0x00,0x00,0x00,0x00,0x00,0x00,0x00,0x00,0x00,0x00,0xd8,0x83,0x00,0x00,
    0x00,0x00,0x00,0x00,0x1a,0x00,0x00,0x00,0x00,0x00,0x00,0x00,0x00,0x00,0x00,0x00,0x00,0x00,0x00,0x00,
    0x01,0x00,0x00,0x00,0x00,0x00,0x00,0x00,0x00,0x00,0x00,0x00,0x00,0x00,0x00,0x00,
    },
    .m_kernelName = {},
    .m_compilerVersion = {},
    .m_codeObjectVersion = 0,
    .m_isRelocatable = false,
    .m_shaderType = ShaderTypesFlags::UNKNOWN
};

// 4_1_0/GFX12_fp16_fp32acc_f2x3_c32_stride1.elf
// Assembled for Gfx12. The FURY Winograd convolution shader Navi48 32bit internal accum granularity
const StaticShaderType<36408> ConvFury_Navi48_F2x3_C32_Stride1_Elf_NonReloc =
{
    .m_binary = {
    0x7f,0x45,0x4c,0x46,0x02,0x01,0x01,0x41,0x00,0x00,0x00,0x00,0x00,0x00,0x00,0x00,0x03,0x00,0xe0,0x00,
    0x01,0x00,0x00,0x00,0x00,0x00,0x00,0x00,0x00,0x00,0x00,0x00,0x40,0x00,0x00,0x00,0x00,0x00,0x00,0x00,
    0xf8,0x8a,0x00,0x00,0x00,0x00,0x00,0x00,0x48,0x00,0x00,0x00,0x40,0x00,0x38,0x00,0x07,0x00,0x40,0x00,
    0x0d,0x00,0x0b,0x00,0x06,0x00,0x00,0x00,0x04,0x00,0x00,0x00,0x40,0x00,0x00,0x00,0x00,0x00,0x00,0x00,
    0x40,0x00,0x00,0x00,0x00,0x00,0x00,0x00,0x40,0x00,0x00,0x00,0x00,0x00,0x00,0x00,0x88,0x01,0x00,0x00,
    0x00,0x00,0x00,0x00,0x88,0x01,0x00,0x00,0x00,0x00,0x00,0x00,0x08,0x00,0x00,0x00,0x00,0x00,0x00,0x00,
    0x01,0x00,0x00,0x00,0x04,0x00,0x00,0x00,0x00,0x00,0x00,0x00,0x00,0x00,0x00,0x00,0x00,0x00,0x00,0x00,
    0x00,0x00,0x00,0x00,0x00,0x00,0x00,0x00,0x00,0x00,0x00,0x00,0x0d,0x02,0x00,0x00,0x00,0x00,0x00,0x00,
    0x0d,0x02,0x00,0x00,0x00,0x00,0x00,0x00,0x00,0x10,0x00,0x00,0x00,0x00,0x00,0x00,0x01,0x00,0x00,0x00,
    0x05,0x00,0x00,0x00,0x00,0x03,0x00,0x00,0x00,0x00,0x00,0x00,0x00,0x13,0x00,0x00,0x00,0x00,0x00,0x00,
    0x00,0x13,0x00,0x00,0x00,0x00,0x00,0x00,0x00,0x83,0x00,0x00,0x00,0x00,0x00,0x00,0x00,0x83,0x00,0x00,
    0x00,0x00,0x00,0x00,0x00,0x10,0x00,0x00,0x00,0x00,0x00,0x00,0x01,0x00,0x00,0x00,0x06,0x00,0x00,0x00,
    0x00,0x86,0x00,0x00,0x00,0x00,0x00,0x00,0x00,0xa6,0x00,0x00,0x00,0x00,0x00,0x00,0x00,0xa6,0x00,0x00,
    0x00,0x00,0x00,0x00,0x80,0x00,0x00,0x00,0x00,0x00,0x00,0x00,0x00,0x0a,0x00,0x00,0x00,0x00,0x00,0x00,
    0x00,0x10,0x00,0x00,0x00,0x00,0x00,0x00,0x02,0x00,0x00,0x00,0x06,0x00,0x00,0x00,0x00,0x86,0x00,0x00,
    0x00,0x00,0x00,0x00,0x00,0xa6,0x00,0x00,0x00,0x00,0x00,0x00,0x00,0xa6,0x00,0x00,0x00,0x00,0x00,0x00,
    0x80,0x00,0x00,0x00,0x00,0x00,0x00,0x00,0x80,0x00,0x00,0x00,0x00,0x00,0x00,0x00,0x08,0x00,0x00,0x00,
    0x00,0x00,0x00,0x00,0x52,0xe5,0x74,0x64,0x04,0x00,0x00,0x00,0x00,0x86,0x00,0x00,0x00,0x00,0x00,0x00,
    0x00,0xa6,0x00,0x00,0x00,0x00,0x00,0x00,0x00,0xa6,0x00,0x00,0x00,0x00,0x00,0x00,0x80,0x00,0x00,0x00,
    0x00,0x00,0x00,0x00,0x00,0x0a,0x00,0x00,0x00,0x00,0x00,0x00,0x01,0x00,0x00,0x00,0x00,0x00,0x00,0x00,
    0x51,0xe5,0x74,0x64,0x06,0x00,0x00,0x00,0x00,0x00,0x00,0x00,0x00,0x00,0x00,0x00,0x00,0x00,0x00,0x00,
    0x00,0x00,0x00,0x00,0x00,0x00,0x00,0x00,0x00,0x00,0x00,0x00,0x00,0x00,0x00,0x00,0x00,0x00,0x00,0x00,
    0x00,0x00,0x00,0x00,0x00,0x00,0x00,0x00,0x00,0x00,0x00,0x00,0x00,0x00,0x00,0x00,0x00,0x00,0x00,0x00,
    0x00,0x00,0x00,0x00,0x00,0x00,0x00,0x00,0x00,0x00,0x00,0x00,0x00,0x00,0x00,0x00,0x00,0x00,0x00,0x00,
    0x01,0x00,0x00,0x00,0x01,0x00,0x00,0x00,0x01,0x00,0x00,0x00,0x1a,0x00,0x00,0x00,0x00,0x00,0x00,0x00,
    0x00,0x00,0x00,0x00,0x00,0x00,0x00,0x00,0x01,0x00,0x00,0x00,0x01,0x00,0x00,0x00,0x00,0x00,0x00,0x00,
    0x00,0x00,0x00,0x00,0x00,0x00,0x00,0x00,0x00,0x00,0x00,0x00,0x00,0x00,0x00,0x00,0x00,0x00,0x00,0x00,
    0x00,0x00,0x00,0x00,0x00,0x00,0x00,0x00,0x00,0x00,0x00,0x00,0x00,0x00,0x00,0x00,0x00,0x00,0x00,0x00,
    0x00,0x00,0x00,0x00,0x00,0x00,0x00,0x00,0x00,0x00,0x00,0x00,0x00,0x00,0x00,0x00,0x00,0x00,0x00,0x00,
    0x00,0x00,0x00,0x00,0x00,0x00,0x00,0x00,0x00,0x00,0x00,0x00,0x00,0x00,0x00,0x00,0x00,0x00,0x00,0x00,
    0x00,0x00,0x00,0x00,0x00,0x00,0x00,0x00,0x00,0x00,0x00,0x00,0x00,0x00,0x00,0x00,0x00,0x00,0x00,0x00,
    0x00,0x00,0x00,0x00,0x00,0x00,0x00,0x00,0x00,0x00,0x00,0x00,0x00,0x00,0x00,0x00,0x00,0x00,0x00,0x00,
    0x00,0x00,0x00,0x00,0x00,0x00,0x00,0x00,0x00,0x00,0x00,0x00,0x00,0x00,0x00,0x00,0x00,0x00,0x00,0x00,
    0x00,0x00,0x00,0x00,0x00,0x00,0x00,0x00,0x00,0x00,0x00,0x00,0x00,0x00,0x00,0x00,0x00,0x00,0x00,0x00,
    0x00,0x00,0x00,0x00,0x00,0x00,0x00,0x00,0x00,0x00,0x00,0x00,0x00,0x00,0x00,0x00,0x00,0x00,0x00,0x00,
    0x00,0x00,0x00,0x00,0x00,0x00,0x00,0x00,0x00,0x00,0x00,0x00,0x00,0x00,0x00,0x00,0x00,0x00,0x00,0x00,
    0x00,0x00,0x00,0x00,0x00,0x00,0x00,0x00,0x00,0x00,0x00,0x00,0x00,0x00,0x00,0x00,0x00,0x00,0x00,0x00,
    0x00,0x00,0x00,0x00,0x00,0x00,0x00,0x00,0x00,0x00,0x00,0x00,0x00,0x00,0x00,0x00,0x00,0x00,0x00,0x00,
    0x00,0x00,0x00,0x00,0x00,0x00,0x00,0x00,0x09,0x20,0x80,0xb0,0x75,0x00,0x81,0xbe,0xc0,0xa7,0x04,0xf4,
    0x80,0x1f,0x00,0xf8,0xc0,0xa7,0x04,0xf4,0x80,0x2f,0x00,0xf8,0xc0,0xa7,0x04,0xf4,0x80,0x3f,0x00,0xf8,
    0xc0,0xa7,0x04,0xf4,0x80,0x4f,0x00,0xf8,0xc0,0xa7,0x04,0xf4,0x80,0x5f,0x00,0xf8,0xc0,0xa7,0x04,0xf4,
    0x80,0x6f,0x00,0xf8,0x00,0x47,0x84,0xbe,0x01,0x82,0x00,0xf4,0x00,0x00,0x00,0xf8,0x01,0x86,0x00,0xf4,
    0x40,0x00,0x00,0xf8,0x01,0x8a,0x00,0xf4,0x80,0x00,0x00,0xf8,0x01,0x6e,0x00,0xf4,0xc0,0x00,0x00,0xf8,
    0x01,0x30,0x00,0xf4,0xe0,0x00,0x00,0xf8,0xff,0x00,0x0c,0x36,0xff,0x00,0x00,0x00,0x81,0x0c,0x0e,0x32,
    0x81,0x00,0x10,0x36,0x04,0x00,0x1b,0xd5,0x06,0x81,0x01,0x00,0x9f,0x0e,0x06,0x36,0x8f,0x0c,0x02,0x36,
    0x04,0x00,0x46,0xd6,0x04,0x05,0x01,0x04,0x84,0x02,0x02,0x30,0x84,0x06,0x06,0x30,0x02,0x00,0x10,0xd6,
    0x06,0x09,0x09,0x02,0x05,0x00,0x10,0xd6,0x06,0x0d,0x09,0x02,0x01,0x00,0x59,0xd6,0xff,0x04,0x06,0x04,
    0x40,0x04,0x00,0x00,0x89,0x08,0x08,0x32,0x02,0x00,0x10,0xd6,0x06,0x0d,0x05,0x02,0x05,0x09,0x08,0x4a,
    0x01,0x00,0x59,0xd6,0xff,0x04,0x06,0x04,0x20,0x02,0x00,0x00,0x03,0x00,0x59,0xd6,0xff,0x08,0x0e,0x04,
    0x40,0x04,0x00,0x00,0x02,0x00,0x10,0xd6,0x06,0x0f,0x05,0x02,0x03,0x00,0x59,0xd6,0xff,0x10,0x0e,0x04,
    0x40,0x11,0x00,0x00,0x01,0x00,0x59,0xd6,0xff,0x04,0x06,0x04,0x00,0x01,0x00,0x00,0x00,0x00,0xc7,0xbf,
    0x0e,0x86,0x0d,0xbf,0x0e,0x00,0xa1,0xbf,0x08,0x24,0x00,0xf4,0x00,0x00,0x00,0xf8,0x0a,0x25,0x00,0xf4,
    0x00,0x00,0x00,0xf8,0x89,0x24,0x00,0xf4,0x00,0x00,0x00,0xf8,0x80,0x3c,0x10,0xbf,0x02,0x00,0xa2,0xbf,
    0x1e,0x2f,0x00,0xf4,0x00,0x00,0x00,0xf8,0x80,0x1e,0x10,0xbf,0x02,0x00,0xa2,0xbf,0x8f,0x27,0x00,0xf4,
    0x00,0x00,0x00,0xf8,0x0e,0x83,0x0d,0xbf,0x02,0x00,0xa1,0xbf,0x0f,0x00,0x92,0xbf,0x00,0x00,0x91,0xbf,
    0x0d,0xc0,0x06,0xbf,0x0b,0x00,0xa1,0xbf,0x01,0x83,0x06,0x8b,0x01,0xff,0x0f,0x93,0x02,0x00,0x02,0x00,
    0x01,0xff,0x07,0x93,0x04,0x00,0x01,0x00,0x01,0xff,0x16,0x93,0x05,0x00,0x01,0x00,0x06,0x00,0x81,0xbe,
    0x01,0x07,0x01,0x87,0x01,0x0f,0x81,0x87,0x01,0x16,0x01,0x87,0x00,0x00,0xc7,0xbf,0x10,0x22,0x90,0xa9,
    0x14,0x26,0x94,0xa9,0x12,0x24,0x92,0xa9,0x80,0x1e,0x10,0xbf,0x80,0x28,0xa8,0x98,0x1e,0x28,0x9e,0xa9,
    0x0c,0x8f,0x0f,0x80,0x0f,0x84,0x0f,0x85,0x0f,0x0c,0x04,0x7e,0x02,0x55,0x04,0x7e,0xff,0x04,0x04,0x10,
    0x00,0x00,0x80,0x47,0x02,0x1b,0x04,0x7e,0x04,0x00,0x0b,0xd6,0x02,0x1b,0x34,0x00,0x90,0x08,0x08,0x32,
    0x04,0x0d,0x04,0x7e,0x02,0x55,0x04,0x7e,0xff,0x04,0x04,0x10,0x00,0x00,0x80,0x47,0x02,0x1b,0x04,0x7e,
    0x05,0x00,0x0b,0xd6,0x02,0x03,0x04,0x00,0x90,0x0a,0x0a,0x32,0x04,0x05,0x0c,0x7e,0x05,0x05,0x2c,0x7e,
    0x16,0x06,0x07,0x96,0x01,0x07,0x87,0x80,0x16,0x0f,0x09,0xbf,0x37,0x1e,0xa2,0xbf,0x06,0x0f,0x0d,0x96,
    0x16,0x90,0x17,0x96,0x0c,0x17,0x8c,0x80,0x0c,0x90,0x8c,0x89,0x17,0x2e,0x22,0x96,0x17,0x2e,0xa3,0x96,
    0x22,0x81,0xa2,0x84,0x22,0x12,0x92,0xa9,0x17,0x80,0x23,0x85,0x23,0x33,0x22,0x96,0x23,0x33,0xa3,0x96,
    0x22,0x81,0xa2,0x84,0x22,0x14,0x94,0xa9,0x17,0x81,0x22,0x84,0x1e,0x80,0x10,0xbf,0x80,0x22,0x22,0x98,
    0x1e,0x22,0x1e,0x80,0x1f,0x80,0x1f,0x82,0x6a,0x00,0x49,0xd4,0x00,0xff,0x01,0x00,0x00,0x01,0x00,0x00,
    0x18,0x10,0xa3,0xbf,0xff,0x00,0x28,0x36,0xff,0x00,0x00,0x00,0x81,0x28,0x2a,0x32,0x81,0x00,0x2c,0x36,
    0x83,0x28,0x20,0x36,0x81,0x2a,0x22,0x36,0x85,0x20,0x20,0x30,0x11,0x00,0x59,0xd6,0x90,0x22,0x02,0x02,
    0x13,0x00,0x10,0xd6,0x14,0x05,0x05,0x02,0x12,0x00,0x10,0xd6,0x14,0x05,0x0d,0x02,0x10,0x00,0x59,0xd6,
    0xff,0x26,0x42,0x04,0x10,0x01,0x00,0x00,0x11,0x00,0x59,0xd6,0xa0,0x24,0x46,0x04,0x13,0x00,0x10,0xd6,
    0x14,0x07,0x05,0x02,0x12,0x00,0x10,0xd6,0x14,0x0b,0x05,0x02,0x10,0x00,0x59,0xd6,0xff,0x26,0x42,0x04,
    0x80,0x00,0x00,0x00,0x11,0x00,0x59,0xd6,0xff,0x24,0x46,0x04,0x10,0x01,0x00,0x00,0x13,0x00,0x10,0xd6,
    0x14,0x09,0x09,0x02,0x12,0x00,0x10,0xd6,0x14,0x0d,0x09,0x02,0x10,0x00,0x59,0xd6,0xff,0x26,0x42,0x04,
    0x40,0x04,0x00,0x00,0x11,0x00,0x59,0xd6,0xff,0x24,0x46,0x04,0x40,0x04,0x00,0x00,0x13,0x00,0x10,0xd6,
    0x14,0x0d,0x05,0x02,0x11,0x00,0x59,0xd6,0xff,0x2c,0x46,0x04,0x40,0x11,0x00,0x00,0x10,0x00,0x59,0xd6,
    0xff,0x26,0x42,0x04,0x20,0x02,0x00,0x00,0x12,0x00,0x10,0xd6,0x00,0x0d,0x05,0x02,0xbf,0x00,0x2a,0x36,
    0x6a,0x00,0x4a,0xd4,0x12,0x03,0x01,0x00,0x12,0x00,0x01,0xd5,0x80,0xfe,0xa9,0x01,0x00,0x04,0x00,0x00,
    0x13,0x00,0x01,0xd5,0x80,0xfe,0xa9,0x01,0x00,0x01,0x00,0x00,0x0d,0x00,0x46,0xd6,0x15,0x05,0x01,0x02,
    0x0c,0x00,0x46,0xd6,0x15,0x09,0x01,0x02,0x82,0x00,0x97,0xbe,0x80,0x00,0xa2,0xbe,0x00,0x05,0xa6,0x7e,
    0xff,0x00,0xa8,0xbe,0x00,0xc0,0x00,0x3c,0xff,0x00,0xa9,0xbe,0x00,0x38,0x00,0xbc,0x2b,0x81,0x35,0x84,
    0x2f,0x81,0x3b,0x84,0x53,0x86,0x53,0x85,0x35,0x83,0x54,0x84,0x3b,0x83,0x55,0x84,0x54,0x53,0x54,0x96,
    0x55,0x53,0x55,0x96,0x88,0x53,0x16,0x96,0x09,0x16,0x96,0x80,0x80,0x02,0x96,0xbe,0xff,0x00,0xa3,0xbe,
    0x00,0x40,0x01,0x10,0x11,0xff,0x11,0x8b,0xff,0xff,0x00,0x00,0x11,0xff,0x11,0x80,0x00,0x00,0x02,0x00,
    0x13,0xff,0x13,0x8b,0xff,0xff,0x00,0x00,0x13,0xff,0x13,0x80,0x00,0x00,0x02,0x00,0x10,0x54,0x10,0x80,
    0x11,0x80,0x11,0x82,0x12,0x55,0x12,0x80,0x13,0x80,0x13,0x82,0x10,0x01,0xa4,0xbe,0xff,0x00,0xa6,0xbe,
    0x00,0x00,0x00,0x80,0x80,0x00,0xa7,0xbe,0x80,0x00,0xb1,0xbe,0x80,0x02,0x04,0x7e,0x6a,0x00,0x49,0xd4,
    0x00,0xff,0x01,0x00,0x80,0x00,0x00,0x00,0x6a,0x80,0x08,0xbf,0xff,0x00,0xd3,0xbe,0xb8,0x3b,0x00,0x00,
    0xff,0x00,0xd7,0xbe,0xd8,0x31,0x00,0x00,0xff,0x02,0xd3,0xbe,0xf8,0x34,0x00,0x00,0xff,0x02,0xd7,0xbe,
    0xb8,0x2e,0x00,0x00,0xff,0x00,0xd4,0xbe,0xe4,0x3c,0x00,0x00,0xff,0x00,0xd8,0xbe,0x94,0x32,0x00,0x00,
    0xff,0x02,0xd4,0xbe,0x24,0x36,0x00,0x00,0xff,0x02,0xd8,0xbe,0x74,0x2f,0x00,0x00,0xff,0x00,0xd5,0xbe,
    0x54,0x3e,0x00,0x00,0xff,0x00,0xd9,0xbe,0x94,0x33,0x00,0x00,0xff,0x02,0xd5,0xbe,0x94,0x37,0x00,0x00,
    0xff,0x02,0xd9,0xbe,0x74,0x30,0x00,0x00,0xff,0x00,0xd6,0xbe,0x6c,0x40,0x00,0x00,0xff,0x00,0xda,0xbe,
    0x4c,0x34,0x00,0x00,0xff,0x02,0xd6,0xbe,0xac,0x39,0x00,0x00,0xff,0x02,0xda,0xbe,0x2c,0x31,0x00,0x00,
    0x04,0x53,0x42,0x80,0x05,0x80,0x43,0x82,0x04,0x57,0x4a,0x80,0x05,0x80,0x4b,0x82,0x04,0x54,0x44,0x80,
    0x05,0x80,0x45,0x82,0x04,0x58,0x4c,0x80,0x05,0x80,0x4d,0x82,0x04,0x55,0x46,0x80,0x05,0x80,0x47,0x82,
    0x04,0x59,0x4e,0x80,0x05,0x80,0x4f,0x82,0x04,0x56,0x48,0x80,0x05,0x80,0x49,0x82,0x04,0x5a,0x50,0x80,
    0x05,0x80,0x51,0x82,0x0e,0x84,0x0d,0xbf,0x48,0x05,0xa2,0xbf,0xff,0x00,0xb8,0xbe,0x04,0x00,0x00,0x00,
    0x31,0x83,0x0d,0xbf,0x42,0x4a,0xc0,0x98,0x31,0x82,0x0d,0xbf,0x38,0xff,0x38,0x98,0x84,0x0a,0x00,0x00,
    0x02,0x00,0xb5,0xbf,0x20,0x00,0xc0,0xbf,0xa4,0x01,0x0f,0xcc,0x5c,0xdb,0x02,0x38,0xa6,0x01,0x0f,0xcc,
    0x74,0xfb,0x02,0x38,0xa5,0x01,0x0f,0xcc,0x88,0x13,0x03,0x38,0xa7,0x01,0x0f,0xcc,0x8c,0x1b,0x03,0x38,
    0xa8,0x50,0x0e,0xcc,0x5c,0x51,0x18,0x1e,0xaa,0x50,0x0e,0xcc,0x74,0x51,0x28,0x1e,0xa9,0x50,0x0e,0xcc,
    0x88,0x51,0x38,0x1e,0xab,0x50,0x0e,0xcc,0x8c,0x51,0x48,0x1e,0x7c,0x00,0x08,0xc4,0x6d,0x48,0xd0,0x80,
    0x04,0x00,0x00,0x00,0x7c,0x00,0x08,0xc4,0x7d,0x48,0xd0,0x80,0x08,0x00,0x00,0x00,0x7c,0x00,0x08,0xc4,
    0x5c,0x48,0xd0,0x80,0x06,0x00,0x00,0x00,0x7c,0x00,0x08,0xc4,0x74,0x48,0xd0,0x80,0x0a,0x00,0x00,0x00,
    0x7c,0x00,0x08,0xc4,0x89,0x48,0xd0,0x80,0x05,0x00,0x00,0x00,0x7c,0x00,0x08,0xc4,0x8d,0x48,0xd0,0x80,
    0x09,0x00,0x00,0x00,0x7c,0x00,0x08,0xc4,0x88,0x48,0xd0,0x80,0x07,0x00,0x00,0x00,0x7c,0x00,0x08,0xc4,
    0x8c,0x48,0xd0,0x80,0x0b,0x00,0x00,0x00,0x0f,0x81,0x8f,0x80,0x80,0x27,0x27,0x98,0x24,0x52,0x24,0x80,
    0x25,0x80,0x25,0x82,0x7c,0xc0,0x08,0xc4,0x6d,0x48,0xd0,0x80,0x04,0x00,0x00,0x00,0x7c,0xc0,0x08,0xc4,
    0x7d,0x48,0xd0,0x80,0x08,0x00,0x00,0x00,0x7c,0xc0,0x08,0xc4,0x5c,0x48,0xd0,0x80,0x06,0x00,0x00,0x00,
    0x7c,0xc0,0x08,0xc4,0x74,0x48,0xd0,0x80,0x0a,0x00,0x00,0x00,0x7c,0xc0,0x08,0xc4,0x89,0x48,0xd0,0x80,
    0x05,0x00,0x00,0x00,0x7c,0xc0,0x08,0xc4,0x8d,0x48,0xd0,0x80,0x09,0x00,0x00,0x00,0x7c,0xc0,0x08,0xc4,
    0x88,0x48,0xd0,0x80,0x07,0x00,0x00,0x00,0x7c,0xc0,0x08,0xc4,0x8c,0x48,0xd0,0x80,0x0b,0x00,0x00,0x00,
    0x0f,0x81,0x8f,0x80,0x80,0x27,0x27,0x98,0x24,0x52,0x24,0x80,0x25,0x80,0x25,0x82,0x40,0x49,0xc0,0xbe,
    0x36,0x1d,0xa0,0xbf,0xff,0x00,0xb8,0xbe,0x04,0x00,0x00,0x00,0x31,0x84,0x0d,0xbf,0x44,0x4c,0xc0,0x98,
    0x31,0x82,0x0d,0xbf,0x38,0xff,0x38,0x98,0x74,0x0a,0x00,0x00,0x02,0x00,0xb5,0xbf,0xa4,0x40,0x0e,0xcc,
    0x86,0x51,0xa0,0x0e,0xa6,0x40,0x0e,0xcc,0x8a,0x51,0xa8,0x0e,0xa5,0x40,0x0e,0xcc,0x8e,0x51,0xa4,0x0e,
    0xa7,0x40,0x0e,0xcc,0x92,0x51,0xac,0x0e,0xa8,0x01,0x0f,0xcc,0x86,0x0f,0x03,0x38,0xaa,0x01,0x0f,0xcc,
    0x8a,0x17,0x03,0x38,0xa9,0x01,0x0f,0xcc,0x8e,0x1f,0x03,0x38,0xab,0x01,0x0f,0xcc,0x92,0x27,0x03,0x38,
    0x7c,0x00,0x08,0xc4,0x86,0x48,0xd0,0x80,0x04,0x00,0x00,0x00,0x7c,0x00,0x08,0xc4,0x8a,0x48,0xd0,0x80,
    0x08,0x00,0x00,0x00,0x7c,0x00,0x08,0xc4,0x87,0x48,0xd0,0x80,0x06,0x00,0x00,0x00,0x7c,0x00,0x08,0xc4,
    0x8b,0x48,0xd0,0x80,0x0a,0x00,0x00,0x00,0x7c,0x00,0x08,0xc4,0x8e,0x48,0xd0,0x80,0x05,0x00,0x00,0x00,
    0x7c,0x00,0x08,0xc4,0x92,0x48,0xd0,0x80,0x09,0x00,0x00,0x00,0x7c,0x00,0x08,0xc4,0x8f,0x48,0xd0,0x80,
    0x07,0x00,0x00,0x00,0x7c,0x00,0x08,0xc4,0x93,0x48,0xd0,0x80,0x0b,0x00,0x00,0x00,0x0f,0x81,0x8f,0x80,
    0x80,0x27,0x27,0x98,0x24,0x52,0x24,0x80,0x25,0x80,0x25,0x82,0x7c,0xc0,0x08,0xc4,0x86,0x48,0xd0,0x80,
    0x04,0x00,0x00,0x00,0x7c,0xc0,0x08,0xc4,0x8a,0x48,0xd0,0x80,0x08,0x00,0x00,0x00,0x7c,0xc0,0x08,0xc4,
    0x87,0x48,0xd0,0x80,0x06,0x00,0x00,0x00,0x7c,0xc0,0x08,0xc4,0x8b,0x48,0xd0,0x80,0x0a,0x00,0x00,0x00,
    0x7c,0xc0,0x08,0xc4,0x8e,0x48,0xd0,0x80,0x05,0x00,0x00,0x00,0x7c,0xc0,0x08,0xc4,0x92,0x48,0xd0,0x80,
    0x09,0x00,0x00,0x00,0x7c,0xc0,0x08,0xc4,0x8f,0x48,0xd0,0x80,0x07,0x00,0x00,0x00,0x7c,0xc0,0x08,0xc4,
    0x93,0x48,0xd0,0x80,0x0b,0x00,0x00,0x00,0x0f,0x81,0x8f,0x80,0x80,0x27,0x27,0x98,0x24,0x52,0x24,0x80,
    0x25,0x80,0x25,0x82,0x40,0x49,0xc0,0xbe,0xe4,0x1c,0xa0,0xbf,0xff,0x00,0xb8,0xbe,0x04,0x00,0x00,0x00,
    0x31,0x83,0x0d,0xbf,0x46,0x4e,0xc0,0x98,0x31,0x82,0x0d,0xbf,0x38,0xff,0x38,0x98,0xa4,0x0a,0x00,0x00,
    0x02,0x00,0xb5,0xbf,0x20,0x00,0xc0,0xbf,0xa4,0x01,0x0f,0xcc,0x97,0x2d,0x03,0x38,0xa6,0x01,0x0f,0xcc,
    0x9b,0x35,0x03,0x38,0xa5,0x01,0x0f,0xcc,0x9f,0x3d,0x03,0x38,0xa7,0x01,0x0f,0xcc,0xa3,0x45,0x03,0x38,
    0xa8,0x50,0x0e,0xcc,0x97,0x51,0x40,0x1e,0xaa,0x50,0x0e,0xcc,0x9b,0x51,0x50,0x1e,0xa9,0x50,0x0e,0xcc,
    0x9f,0x51,0x60,0x1e,0xab,0x50,0x0e,0xcc,0xa3,0x51,0x70,0x1e,0x7c,0x00,0x08,0xc4,0x96,0x48,0xd0,0x80,
    0x04,0x00,0x00,0x00,0x7c,0x00,0x08,0xc4,0x9a,0x48,0xd0,0x80,0x08,0x00,0x00,0x00,0x7c,0x00,0x08,0xc4,
    0x97,0x48,0xd0,0x80,0x06,0x00,0x00,0x00,0x7c,0x00,0x08,0xc4,0x9b,0x48,0xd0,0x80,0x0a,0x00,0x00,0x00,
    0x7c,0x00,0x08,0xc4,0x9e,0x48,0xd0,0x80,0x05,0x00,0x00,0x00,0x7c,0x00,0x08,0xc4,0xa2,0x48,0xd0,0x80,
    0x09,0x00,0x00,0x00,0x7c,0x00,0x08,0xc4,0x9f,0x48,0xd0,0x80,0x07,0x00,0x00,0x00,0x7c,0x00,0x08,0xc4,
    0xa3,0x48,0xd0,0x80,0x0b,0x00,0x00,0x00,0x0f,0x81,0x8f,0x80,0x80,0x27,0x27,0x98,0x24,0x52,0x24,0x80,
    0x25,0x80,0x25,0x82,0x7c,0xc0,0x08,0xc4,0x96,0x48,0xd0,0x80,0x04,0x00,0x00,0x00,0x7c,0xc0,0x08,0xc4,
    0x9a,0x48,0xd0,0x80,0x08,0x00,0x00,0x00,0x7c,0xc0,0x08,0xc4,0x97,0x48,0xd0,0x80,0x06,0x00,0x00,0x00,
    0x7c,0xc0,0x08,0xc4,0x9b,0x48,0xd0,0x80,0x0a,0x00,0x00,0x00,0x7c,0xc0,0x08,0xc4,0x9e,0x48,0xd0,0x80,
    0x05,0x00,0x00,0x00,0x7c,0xc0,0x08,0xc4,0xa2,0x48,0xd0,0x80,0x09,0x00,0x00,0x00,0x7c,0xc0,0x08,0xc4,
    0x9f,0x48,0xd0,0x80,0x07,0x00,0x00,0x00,0x7c,0xc0,0x08,0xc4,0xa3,0x48,0xd0,0x80,0x0b,0x00,0x00,0x00,
    0x0f,0x81,0x8f,0x80,0x80,0x27,0x27,0x98,0x24,0x52,0x24,0x80,0x25,0x80,0x25,0x82,0x40,0x49,0xc0,0xbe,
    0x91,0x1c,0xa0,0xbf,0xff,0x00,0xb8,0xbe,0x04,0x00,0x00,0x00,0x31,0x84,0x0d,0xbf,0x48,0x50,0xc0,0x98,
    0x31,0x82,0x0d,0xbf,0x38,0xff,0x38,0x98,0x94,0x0a,0x00,0x00,0x02,0x00,0xb5,0xbf,0xa4,0x40,0x0e,0xcc,
    0x90,0x51,0xa0,0x0e,0xa6,0x40,0x0e,0xcc,0x94,0x51,0xa8,0x0e,0xa5,0x40,0x0e,0xcc,0x98,0x51,0xa4,0x0e,
    0xa7,0x40,0x0e,0xcc,0x9c,0x51,0xac,0x0e,0xa8,0x01,0x0f,0xcc,0x90,0x23,0x03,0x38,0xaa,0x01,0x0f,0xcc,
    0x94,0x2b,0x03,0x38,0xa9,0x01,0x0f,0xcc,0x98,0x33,0x03,0x38,0xab,0x01,0x0f,0xcc,0x9c,0x3b,0x03,0x38,
    0x7c,0x00,0x08,0xc4,0x90,0x48,0xd0,0x80,0x04,0x00,0x00,0x00,0x7c,0x00,0x08,0xc4,0x94,0x48,0xd0,0x80,
    0x08,0x00,0x00,0x00,0x7c,0x00,0x08,0xc4,0x91,0x48,0xd0,0x80,0x06,0x00,0x00,0x00,0x7c,0x00,0x08,0xc4,
    0x95,0x48,0xd0,0x80,0x0a,0x00,0x00,0x00,0x7c,0x00,0x08,0xc4,0x98,0x48,0xd0,0x80,0x05,0x00,0x00,0x00,
    0x7c,0x00,0x08,0xc4,0x9c,0x48,0xd0,0x80,0x09,0x00,0x00,0x00,0x7c,0x00,0x08,0xc4,0x99,0x48,0xd0,0x80,
    0x07,0x00,0x00,0x00,0x7c,0x00,0x08,0xc4,0x9d,0x48,0xd0,0x80,0x0b,0x00,0x00,0x00,0x0f,0x81,0x8f,0x80,
    0x80,0x27,0x27,0x98,0x24,0x52,0x24,0x80,0x25,0x80,0x25,0x82,0x7c,0xc0,0x08,0xc4,0x90,0x48,0xd0,0x80,
    0x04,0x00,0x00,0x00,0x7c,0xc0,0x08,0xc4,0x94,0x48,0xd0,0x80,0x08,0x00,0x00,0x00,0x7c,0xc0,0x08,0xc4,
    0x91,0x48,0xd0,0x80,0x06,0x00,0x00,0x00,0x7c,0xc0,0x08,0xc4,0x95,0x48,0xd0,0x80,0x0a,0x00,0x00,0x00,
    0x7c,0xc0,0x08,0xc4,0x98,0x48,0xd0,0x80,0x05,0x00,0x00,0x00,0x7c,0xc0,0x08,0xc4,0x9c,0x48,0xd0,0x80,
    0x09,0x00,0x00,0x00,0x7c,0xc0,0x08,0xc4,0x99,0x48,0xd0,0x80,0x07,0x00,0x00,0x00,0x7c,0xc0,0x08,0xc4,
    0x9d,0x48,0xd0,0x80,0x0b,0x00,0x00,0x00,0x0f,0x81,0x8f,0x80,0x80,0x27,0x27,0x98,0x24,0x52,0x24,0x80,
    0x25,0x80,0x25,0x82,0x40,0x49,0xc0,0xbe,0x3f,0x1c,0xa0,0xbf,0xff,0x00,0xb8,0xbe,0x04,0x00,0x00,0x00,
    0x31,0x83,0x0d,0xbf,0x42,0x4a,0xc0,0x98,0x31,0x82,0x0d,0xbf,0x38,0xff,0x38,0x98,0xc4,0x0a,0x00,0x00,
    0x02,0x00,0xb5,0xbf,0x20,0x00,0xc0,0xbf,0xa4,0x01,0x0f,0xcc,0x5c,0xdb,0x02,0x38,0xa6,0x01,0x0f,0xcc,
    0x74,0xfb,0x02,0x38,0xa5,0x01,0x0f,0xcc,0x87,0x0d,0x03,0x38,0xa7,0x01,0x0f,0xcc,0x8b,0x15,0x03,0x38,
    0xa8,0x50,0x0e,0xcc,0x5c,0x51,0x24,0x1e,0xaa,0x50,0x0e,0xcc,0x74,0x51,0x34,0x1e,0xa9,0x50,0x0e,0xcc,
    0x87,0x51,0x38,0x1e,0xab,0x50,0x0e,0xcc,0x8b,0x51,0x48,0x1e,0x7c,0x00,0x08,0xc4,0x6d,0x48,0xd0,0x80,
    0x04,0x00,0x00,0x00,0x7c,0x00,0x08,0xc4,0x7d,0x48,0xd0,0x80,0x08,0x00,0x00,0x00,0x7c,0x00,0x08,0xc4,
    0x5c,0x48,0xd0,0x80,0x06,0x00,0x00,0x00,0x7c,0x00,0x08,0xc4,0x74,0x48,0xd0,0x80,0x0a,0x00,0x00,0x00,
    0x7c,0x00,0x08,0xc4,0x86,0x48,0xd0,0x80,0x05,0x00,0x00,0x00,0x7c,0x00,0x08,0xc4,0x8a,0x48,0xd0,0x80,
    0x09,0x00,0x00,0x00,0x7c,0x00,0x08,0xc4,0x87,0x48,0xd0,0x80,0x07,0x00,0x00,0x00,0x7c,0x00,0x08,0xc4,
    0x8b,0x48,0xd0,0x80,0x0b,0x00,0x00,0x00,0x0f,0x81,0x8f,0x80,0x80,0x27,0x27,0x98,0x24,0x52,0x24,0x80,
    0x25,0x80,0x25,0x82,0x7c,0xc0,0x08,0xc4,0x6d,0x48,0xd0,0x80,0x04,0x00,0x00,0x00,0x7c,0xc0,0x08,0xc4,
    0x7d,0x48,0xd0,0x80,0x08,0x00,0x00,0x00,0x7c,0xc0,0x08,0xc4,0x5c,0x48,0xd0,0x80,0x06,0x00,0x00,0x00,
    0x7c,0xc0,0x08,0xc4,0x74,0x48,0xd0,0x80,0x0a,0x00,0x00,0x00,0x7c,0xc0,0x08,0xc4,0x86,0x48,0xd0,0x80,
    0x05,0x00,0x00,0x00,0x7c,0xc0,0x08,0xc4,0x8a,0x48,0xd0,0x80,0x09,0x00,0x00,0x00,0x7c,0xc0,0x08,0xc4,
    0x87,0x48,0xd0,0x80,0x07,0x00,0x00,0x00,0x7c,0xc0,0x08,0xc4,0x8b,0x48,0xd0,0x80,0x0b,0x00,0x00,0x00,
    0x0f,0x81,0x8f,0x80,0x80,0x27,0x27,0x98,0x24,0x52,0x24,0x80,0x25,0x80,0x25,0x82,0x40,0x49,0xc0,0xbe,
    0xec,0x1b,0xa0,0xbf,0xff,0x00,0xb8,0xbe,0x04,0x00,0x00,0x00,0x31,0x84,0x0d,0xbf,0x44,0x4c,0xc0,0x98,
    0x31,0x82,0x0d,0xbf,0x38,0xff,0x38,0x98,0xb4,0x0a,0x00,0x00,0x02,0x00,0xb5,0xbf,0xa4,0x40,0x0e,0xcc,
    0x89,0x51,0xa0,0x0e,0xa6,0x40,0x0e,0xcc,0x8d,0x51,0xa8,0x0e,0xa5,0x40,0x0e,0xcc,0x8e,0x51,0xa4,0x0e,
    0xa7,0x40,0x0e,0xcc,0x92,0x51,0xac,0x0e,0xa8,0x01,0x0f,0xcc,0x89,0x11,0x03,0x38,0xaa,0x01,0x0f,0xcc,
    0x8d,0x19,0x03,0x38,0xa9,0x01,0x0f,0xcc,0x8e,0x1f,0x03,0x38,0xab,0x01,0x0f,0xcc,0x92,0x27,0x03,0x38,
    0x7c,0x00,0x08,0xc4,0x89,0x48,0xd0,0x80,0x04,0x00,0x00,0x00,0x7c,0x00,0x08,0xc4,0x8d,0x48,0xd0,0x80,
    0x08,0x00,0x00,0x00,0x7c,0x00,0x08,0xc4,0x88,0x48,0xd0,0x80,0x06,0x00,0x00,0x00,0x7c,0x00,0x08,0xc4,
    0x8c,0x48,0xd0,0x80,0x0a,0x00,0x00,0x00,0x7c,0x00,0x08,0xc4,0x8e,0x48,0xd0,0x80,0x05,0x00,0x00,0x00,
    0x7c,0x00,0x08,0xc4,0x92,0x48,0xd0,0x80,0x09,0x00,0x00,0x00,0x7c,0x00,0x08,0xc4,0x8f,0x48,0xd0,0x80,
    0x07,0x00,0x00,0x00,0x7c,0x00,0x08,0xc4,0x93,0x48,0xd0,0x80,0x0b,0x00,0x00,0x00,0x0f,0x81,0x8f,0x80,
    0x80,0x27,0x27,0x98,0x24,0x52,0x24,0x80,0x25,0x80,0x25,0x82,0x7c,0xc0,0x08,0xc4,0x89,0x48,0xd0,0x80,
    0x04,0x00,0x00,0x00,0x7c,0xc0,0x08,0xc4,0x8d,0x48,0xd0,0x80,0x08,0x00,0x00,0x00,0x7c,0xc0,0x08,0xc4,
    0x88,0x48,0xd0,0x80,0x06,0x00,0x00,0x00,0x7c,0xc0,0x08,0xc4,0x8c,0x48,0xd0,0x80,0x0a,0x00,0x00,0x00,
    0x7c,0xc0,0x08,0xc4,0x8e,0x48,0xd0,0x80,0x05,0x00,0x00,0x00,0x7c,0xc0,0x08,0xc4,0x92,0x48,0xd0,0x80,
    0x09,0x00,0x00,0x00,0x7c,0xc0,0x08,0xc4,0x8f,0x48,0xd0,0x80,0x07,0x00,0x00,0x00,0x7c,0xc0,0x08,0xc4,
    0x93,0x48,0xd0,0x80,0x0b,0x00,0x00,0x00,0x0f,0x81,0x8f,0x80,0x80,0x27,0x27,0x98,0x24,0x52,0x24,0x80,
    0x25,0x80,0x25,0x82,0x40,0x49,0xc0,0xbe,0x9a,0x1b,0xa0,0xbf,0xff,0x00,0xb8,0xbe,0x04,0x00,0x00,0x00,
    0x31,0x83,0x0d,0xbf,0x46,0x4e,0xc0,0x98,0x31,0x82,0x0d,0xbf,0x38,0xff,0x38,0x98,0xe4,0x0a,0x00,0x00,
    0x02,0x00,0xb5,0xbf,0x20,0x00,0xc0,0xbf,0xa4,0x01,0x0f,0xcc,0x97,0x2d,0x03,0x38,0xa6,0x01,0x0f,0xcc,
    0x9b,0x35,0x03,0x38,0xa5,0x01,0x0f,0xcc,0x91,0x21,0x03,0x38,0xa7,0x01,0x0f,0xcc,0x95,0x29,0x03,0x38,
    0xa8,0x50,0x0e,0xcc,0x97,0x51,0x78,0x1e,0xaa,0x50,0x0e,0xcc,0x9b,0x51,0x88,0x1e,0xa9,0x50,0x0e,0xcc,
    0x91,0x51,0x60,0x1e,0xab,0x50,0x0e,0xcc,0x95,0x51,0x70,0x1e,0x7c,0x00,0x08,0xc4,0x96,0x48,0xd0,0x80,
    0x04,0x00,0x00,0x00,0x7c,0x00,0x08,0xc4,0x9a,0x48,0xd0,0x80,0x08,0x00,0x00,0x00,0x7c,0x00,0x08,0xc4,
    0x97,0x48,0xd0,0x80,0x06,0x00,0x00,0x00,0x7c,0x00,0x08,0xc4,0x9b,0x48,0xd0,0x80,0x0a,0x00,0x00,0x00,
    0x7c,0x00,0x08,0xc4,0x90,0x48,0xd0,0x80,0x05,0x00,0x00,0x00,0x7c,0x00,0x08,0xc4,0x94,0x48,0xd0,0x80,
    0x09,0x00,0x00,0x00,0x7c,0x00,0x08,0xc4,0x91,0x48,0xd0,0x80,0x07,0x00,0x00,0x00,0x7c,0x00,0x08,0xc4,
    0x95,0x48,0xd0,0x80,0x0b,0x00,0x00,0x00,0x0f,0x81,0x8f,0x80,0x80,0x27,0x27,0x98,0x24,0x52,0x24,0x80,
    0x25,0x80,0x25,0x82,0x7c,0xc0,0x08,0xc4,0x96,0x48,0xd0,0x80,0x04,0x00,0x00,0x00,0x7c,0xc0,0x08,0xc4,
    0x9a,0x48,0xd0,0x80,0x08,0x00,0x00,0x00,0x7c,0xc0,0x08,0xc4,0x97,0x48,0xd0,0x80,0x06,0x00,0x00,0x00,
    0x7c,0xc0,0x08,0xc4,0x9b,0x48,0xd0,0x80,0x0a,0x00,0x00,0x00,0x7c,0xc0,0x08,0xc4,0x90,0x48,0xd0,0x80,
    0x05,0x00,0x00,0x00,0x7c,0xc0,0x08,0xc4,0x94,0x48,0xd0,0x80,0x09,0x00,0x00,0x00,0x7c,0xc0,0x08,0xc4,
    0x91,0x48,0xd0,0x80,0x07,0x00,0x00,0x00,0x7c,0xc0,0x08,0xc4,0x95,0x48,0xd0,0x80,0x0b,0x00,0x00,0x00,
    0x0f,0x81,0x8f,0x80,0x80,0x27,0x27,0x98,0x24,0x52,0x24,0x80,0x25,0x80,0x25,0x82,0x40,0x49,0xc0,0xbe,
    0x47,0x1b,0xa0,0xbf,0xff,0x00,0xb8,0xbe,0xb4,0xf5,0xff,0xff,0x31,0x84,0x0d,0xbf,0x48,0x50,0xc0,0x98,
    0x31,0x82,0x0d,0xbf,0x38,0xff,0x38,0x98,0x04,0x00,0x00,0x00,0x02,0x00,0xb5,0xbf,0xa4,0x40,0x0e,0xcc,
    0x9e,0x51,0xa0,0x0e,0xa6,0x40,0x0e,0xcc,0xa2,0x51,0xa8,0x0e,0xa5,0x40,0x0e,0xcc,0x98,0x51,0xa4,0x0e,
    0xa7,0x40,0x0e,0xcc,0x9c,0x51,0xac,0x0e,0xa8,0x01,0x0f,0xcc,0x9e,0x3f,0x03,0x38,0xaa,0x01,0x0f,0xcc,
    0xa2,0x47,0x03,0x38,0xa9,0x01,0x0f,0xcc,0x98,0x33,0x03,0x38,0xab,0x01,0x0f,0xcc,0x9c,0x3b,0x03,0x38,
    0x7c,0x00,0x08,0xc4,0x9e,0x48,0xd0,0x80,0x04,0x00,0x00,0x00,0x7c,0x00,0x08,0xc4,0xa2,0x48,0xd0,0x80,
    0x08,0x00,0x00,0x00,0x7c,0x00,0x08,0xc4,0x9f,0x48,0xd0,0x80,0x06,0x00,0x00,0x00,0x7c,0x00,0x08,0xc4,
    0xa3,0x48,0xd0,0x80,0x0a,0x00,0x00,0x00,0x7c,0x00,0x08,0xc4,0x98,0x48,0xd0,0x80,0x05,0x00,0x00,0x00,
    0x7c,0x00,0x08,0xc4,0x9c,0x48,0xd0,0x80,0x09,0x00,0x00,0x00,0x7c,0x00,0x08,0xc4,0x99,0x48,0xd0,0x80,
    0x07,0x00,0x00,0x00,0x7c,0x00,0x08,0xc4,0x9d,0x48,0xd0,0x80,0x0b,0x00,0x00,0x00,0x0f,0x81,0x8f,0x80,
    0x80,0x27,0x27,0x98,0x24,0x52,0x24,0x80,0x25,0x80,0x25,0x82,0x7c,0xc0,0x08,0xc4,0x9e,0x48,0xd0,0x80,
    0x04,0x00,0x00,0x00,0x7c,0xc0,0x08,0xc4,0xa2,0x48,0xd0,0x80,0x08,0x00,0x00,0x00,0x7c,0xc0,0x08,0xc4,
    0x9f,0x48,0xd0,0x80,0x06,0x00,0x00,0x00,0x7c,0xc0,0x08,0xc4,0xa3,0x48,0xd0,0x80,0x0a,0x00,0x00,0x00,
    0x7c,0xc0,0x08,0xc4,0x98,0x48,0xd0,0x80,0x05,0x00,0x00,0x00,0x7c,0xc0,0x08,0xc4,0x9c,0x48,0xd0,0x80,
    0x09,0x00,0x00,0x00,0x7c,0xc0,0x08,0xc4,0x99,0x48,0xd0,0x80,0x07,0x00,0x00,0x00,0x7c,0xc0,0x08,0xc4,
    0x9d,0x48,0xd0,0x80,0x0b,0x00,0x00,0x00,0x0f,0x81,0x8f,0x80,0x80,0x27,0x27,0x98,0x24,0x52,0x24,0x80,
    0x25,0x80,0x25,0x82,0x40,0x49,0xc0,0xbe,0xf5,0x1a,0xa0,0xbf,0xff,0x00,0xb8,0xbe,0x84,0xf5,0xff,0xff,
    0x31,0x83,0x0d,0xbf,0x42,0x4a,0xc0,0x98,0x31,0x82,0x0d,0xbf,0x38,0xff,0x38,0x98,0x04,0x00,0x00,0x00,
    0x02,0x00,0xb5,0xbf,0x20,0x00,0xc0,0xbf,0x6d,0x03,0x48,0x7f,0x7d,0x03,0x4c,0x7f,0x89,0x03,0x4a,0x7f,
    0x8d,0x03,0x4e,0x7f,0xa8,0x00,0x0f,0xcc,0x6d,0x0f,0x03,0x18,0xaa,0x00,0x0f,0xcc,0x7d,0x17,0x03,0x18,
    0xa9,0x00,0x0f,0xcc,0x89,0x1f,0x03,0x18,0xab,0x00,0x0f,0xcc,0x8d,0x27,0x03,0x18,0xa8,0x00,0x10,0xcc,
    0xa8,0xe1,0x01,0x08,0xaa,0x00,0x10,0xcc,0xaa,0xe1,0x01,0x08,0xa9,0x00,0x10,0xcc,0xa9,0xe1,0x01,0x08,
    0xab,0x00,0x10,0xcc,0xab,0xe1,0x01,0x08,0xa8,0x40,0x0e,0xcc,0x86,0x53,0xa0,0x0e,0xaa,0x40,0x0e,0xcc,
    0x8a,0x53,0xa8,0x0e,0xa9,0x40,0x0e,0xcc,0x8e,0x53,0xa4,0x0e,0xab,0x40,0x0e,0xcc,0x92,0x53,0xac,0x0e,
    0x7c,0x00,0x08,0xc4,0x6d,0x48,0xd0,0x80,0x04,0x00,0x00,0x00,0x7c,0x00,0x08,0xc4,0x7d,0x48,0xd0,0x80,
    0x08,0x00,0x00,0x00,0x7c,0x00,0x08,0xc4,0x5c,0x48,0xd0,0x80,0x06,0x00,0x00,0x00,0x7c,0x00,0x08,0xc4,
    0x74,0x48,0xd0,0x80,0x0a,0x00,0x00,0x00,0x7c,0x00,0x08,0xc4,0x89,0x48,0xd0,0x80,0x05,0x00,0x00,0x00,
    0x7c,0x00,0x08,0xc4,0x8d,0x48,0xd0,0x80,0x09,0x00,0x00,0x00,0x7c,0x00,0x08,0xc4,0x88,0x48,0xd0,0x80,
    0x07,0x00,0x00,0x00,0x7c,0x00,0x08,0xc4,0x8c,0x48,0xd0,0x80,0x0b,0x00,0x00,0x00,0x0f,0x81,0x8f,0x80,
    0x80,0x27,0x27,0x98,0x24,0x52,0x24,0x80,0x25,0x80,0x25,0x82,0x7c,0xc0,0x08,0xc4,0x6d,0x48,0xd0,0x80,
    0x04,0x00,0x00,0x00,0x7c,0xc0,0x08,0xc4,0x7d,0x48,0xd0,0x80,0x08,0x00,0x00,0x00,0x7c,0xc0,0x08,0xc4,
    0x5c,0x48,0xd0,0x80,0x06,0x00,0x00,0x00,0x7c,0xc0,0x08,0xc4,0x74,0x48,0xd0,0x80,0x0a,0x00,0x00,0x00,
    0x7c,0xc0,0x08,0xc4,0x89,0x48,0xd0,0x80,0x05,0x00,0x00,0x00,0x7c,0xc0,0x08,0xc4,0x8d,0x48,0xd0,0x80,
    0x09,0x00,0x00,0x00,0x7c,0xc0,0x08,0xc4,0x88,0x48,0xd0,0x80,0x07,0x00,0x00,0x00,0x7c,0xc0,0x08,0xc4,
    0x8c,0x48,0xd0,0x80,0x0b,0x00,0x00,0x00,0x0f,0x81,0x8f,0x80,0x80,0x27,0x27,0x98,0x24,0x52,0x24,0x80,
    0x25,0x80,0x25,0x82,0x40,0x49,0xc0,0xbe,0x96,0x1a,0xa0,0xbf,0xff,0x00,0xb8,0xbe,0x94,0xf5,0xff,0xff,
    0x31,0x84,0x0d,0xbf,0x44,0x4c,0xc0,0x98,0x31,0x82,0x0d,0xbf,0x38,0xff,0x38,0x98,0x04,0x00,0x00,0x00,
    0x02,0x00,0xb5,0xbf,0xa4,0x50,0x0e,0xcc,0x86,0x53,0xa0,0x1e,0xa6,0x50,0x0e,0xcc,0x8a,0x53,0xa8,0x1e,
    0xa5,0x50,0x0e,0xcc,0x8e,0x53,0xa4,0x1e,0xa7,0x50,0x0e,0xcc,0x92,0x53,0xac,0x1e,0x87,0x03,0x50,0x7f,
    0x8b,0x03,0x54,0x7f,0x8f,0x03,0x52,0x7f,0x93,0x03,0x56,0x7f,0x7c,0x00,0x08,0xc4,0x86,0x48,0xd0,0x80,
    0x04,0x00,0x00,0x00,0x7c,0x00,0x08,0xc4,0x8a,0x48,0xd0,0x80,0x08,0x00,0x00,0x00,0x7c,0x00,0x08,0xc4,
    0x87,0x48,0xd0,0x80,0x06,0x00,0x00,0x00,0x7c,0x00,0x08,0xc4,0x8b,0x48,0xd0,0x80,0x0a,0x00,0x00,0x00,
    0x7c,0x00,0x08,0xc4,0x8e,0x48,0xd0,0x80,0x05,0x00,0x00,0x00,0x7c,0x00,0x08,0xc4,0x92,0x48,0xd0,0x80,
    0x09,0x00,0x00,0x00,0x7c,0x00,0x08,0xc4,0x8f,0x48,0xd0,0x80,0x07,0x00,0x00,0x00,0x7c,0x00,0x08,0xc4,
    0x93,0x48,0xd0,0x80,0x0b,0x00,0x00,0x00,0x0f,0x81,0x8f,0x80,0x80,0x27,0x27,0x98,0x24,0x52,0x24,0x80,
    0x25,0x80,0x25,0x82,0x7c,0xc0,0x08,0xc4,0x86,0x48,0xd0,0x80,0x04,0x00,0x00,0x00,0x7c,0xc0,0x08,0xc4,
    0x8a,0x48,0xd0,0x80,0x08,0x00,0x00,0x00,0x7c,0xc0,0x08,0xc4,0x87,0x48,0xd0,0x80,0x06,0x00,0x00,0x00,
    0x7c,0xc0,0x08,0xc4,0x8b,0x48,0xd0,0x80,0x0a,0x00,0x00,0x00,0x7c,0xc0,0x08,0xc4,0x8e,0x48,0xd0,0x80,
    0x05,0x00,0x00,0x00,0x7c,0xc0,0x08,0xc4,0x92,0x48,0xd0,0x80,0x09,0x00,0x00,0x00,0x7c,0xc0,0x08,0xc4,
    0x8f,0x48,0xd0,0x80,0x07,0x00,0x00,0x00,0x7c,0xc0,0x08,0xc4,0x93,0x48,0xd0,0x80,0x0b,0x00,0x00,0x00,
    0x0f,0x81,0x8f,0x80,0x80,0x27,0x27,0x98,0x24,0x52,0x24,0x80,0x25,0x80,0x25,0x82,0x40,0x49,0xc0,0xbe,
    0x48,0x1a,0xa0,0xbf,0xff,0x00,0xb8,0xbe,0x64,0xf5,0xff,0xff,0x31,0x83,0x0d,0xbf,0x46,0x4e,0xc0,0x98,
    0x31,0x82,0x0d,0xbf,0x38,0xff,0x38,0x98,0x04,0x00,0x00,0x00,0x02,0x00,0xb5,0xbf,0x20,0x00,0xc0,0xbf,
    0x96,0x03,0x48,0x7f,0x9a,0x03,0x4c,0x7f,0x9e,0x03,0x4a,0x7f,0xa2,0x03,0x4e,0x7f,0xa8,0x00,0x0f,0xcc,
    0x96,0x23,0x03,0x18,0xaa,0x00,0x0f,0xcc,0x9a,0x2b,0x03,0x18,0xa9,0x00,0x0f,0xcc,0x9e,0x33,0x03,0x18,
    0xab,0x00,0x0f,0xcc,0xa2,0x3b,0x03,0x18,0xa8,0x00,0x10,0xcc,0xa8,0xe1,0x01,0x08,0xaa,0x00,0x10,0xcc,
    0xaa,0xe1,0x01,0x08,0xa9,0x00,0x10,0xcc,0xa9,0xe1,0x01,0x08,0xab,0x00,0x10,0xcc,0xab,0xe1,0x01,0x08,
    0xa8,0x40,0x0e,0xcc,0x90,0x53,0xa0,0x0e,0xaa,0x40,0x0e,0xcc,0x94,0x53,0xa8,0x0e,0xa9,0x40,0x0e,0xcc,
    0x98,0x53,0xa4,0x0e,0xab,0x40,0x0e,0xcc,0x9c,0x53,0xac,0x0e,0x7c,0x00,0x08,0xc4,0x96,0x48,0xd0,0x80,
    0x04,0x00,0x00,0x00,0x7c,0x00,0x08,0xc4,0x9a,0x48,0xd0,0x80,0x08,0x00,0x00,0x00,0x7c,0x00,0x08,0xc4,
    0x97,0x48,0xd0,0x80,0x06,0x00,0x00,0x00,0x7c,0x00,0x08,0xc4,0x9b,0x48,0xd0,0x80,0x0a,0x00,0x00,0x00,
    0x7c,0x00,0x08,0xc4,0x9e,0x48,0xd0,0x80,0x05,0x00,0x00,0x00,0x7c,0x00,0x08,0xc4,0xa2,0x48,0xd0,0x80,
    0x09,0x00,0x00,0x00,0x7c,0x00,0x08,0xc4,0x9f,0x48,0xd0,0x80,0x07,0x00,0x00,0x00,0x7c,0x00,0x08,0xc4,
    0xa3,0x48,0xd0,0x80,0x0b,0x00,0x00,0x00,0x0f,0x81,0x8f,0x80,0x80,0x27,0x27,0x98,0x24,0x52,0x24,0x80,
    0x25,0x80,0x25,0x82,0x7c,0xc0,0x08,0xc4,0x96,0x48,0xd0,0x80,0x04,0x00,0x00,0x00,0x7c,0xc0,0x08,0xc4,
    0x9a,0x48,0xd0,0x80,0x08,0x00,0x00,0x00,0x7c,0xc0,0x08,0xc4,0x97,0x48,0xd0,0x80,0x06,0x00,0x00,0x00,
    0x7c,0xc0,0x08,0xc4,0x9b,0x48,0xd0,0x80,0x0a,0x00,0x00,0x00,0x7c,0xc0,0x08,0xc4,0x9e,0x48,0xd0,0x80,
    0x05,0x00,0x00,0x00,0x7c,0xc0,0x08,0xc4,0xa2,0x48,0xd0,0x80,0x09,0x00,0x00,0x00,0x7c,0xc0,0x08,0xc4,
    0x9f,0x48,0xd0,0x80,0x07,0x00,0x00,0x00,0x7c,0xc0,0x08,0xc4,0xa3,0x48,0xd0,0x80,0x0b,0x00,0x00,0x00,
    0x0f,0x81,0x8f,0x80,0x80,0x27,0x27,0x98,0x24,0x52,0x24,0x80,0x25,0x80,0x25,0x82,0x40,0x49,0xc0,0xbe,
    0xe9,0x19,0xa0,0xbf,0xff,0x00,0xb8,0xbe,0x74,0xf5,0xff,0xff,0x31,0x84,0x0d,0xbf,0x48,0x50,0xc0,0x98,
    0x31,0x82,0x0d,0xbf,0x38,0xff,0x38,0x98,0x04,0x00,0x00,0x00,0x02,0x00,0xb5,0xbf,0xa4,0x50,0x0e,0xcc,
    0x90,0x53,0xa0,0x1e,0xa6,0x50,0x0e,0xcc,0x94,0x53,0xa8,0x1e,0xa5,0x50,0x0e,0xcc,0x98,0x53,0xa4,0x1e,
    0xa7,0x50,0x0e,0xcc,0x9c,0x53,0xac,0x1e,0x91,0x03,0x50,0x7f,0x95,0x03,0x54,0x7f,0x99,0x03,0x52,0x7f,
    0x9d,0x03,0x56,0x7f,0x7c,0x00,0x08,0xc4,0x90,0x48,0xd0,0x80,0x04,0x00,0x00,0x00,0x7c,0x00,0x08,0xc4,
    0x94,0x48,0xd0,0x80,0x08,0x00,0x00,0x00,0x7c,0x00,0x08,0xc4,0x91,0x48,0xd0,0x80,0x06,0x00,0x00,0x00,
    0x7c,0x00,0x08,0xc4,0x95,0x48,0xd0,0x80,0x0a,0x00,0x00,0x00,0x7c,0x00,0x08,0xc4,0x98,0x48,0xd0,0x80,
    0x05,0x00,0x00,0x00,0x7c,0x00,0x08,0xc4,0x9c,0x48,0xd0,0x80,0x09,0x00,0x00,0x00,0x7c,0x00,0x08,0xc4,
    0x99,0x48,0xd0,0x80,0x07,0x00,0x00,0x00,0x7c,0x00,0x08,0xc4,0x9d,0x48,0xd0,0x80,0x0b,0x00,0x00,0x00,
    0x0f,0x81,0x8f,0x80,0x80,0x27,0x27,0x98,0x24,0x52,0x24,0x80,0x25,0x80,0x25,0x82,0x7c,0xc0,0x08,0xc4,
    0x90,0x48,0xd0,0x80,0x04,0x00,0x00,0x00,0x7c,0xc0,0x08,0xc4,0x94,0x48,0xd0,0x80,0x08,0x00,0x00,0x00,
    0x7c,0xc0,0x08,0xc4,0x91,0x48,0xd0,0x80,0x06,0x00,0x00,0x00,0x7c,0xc0,0x08,0xc4,0x95,0x48,0xd0,0x80,
    0x0a,0x00,0x00,0x00,0x7c,0xc0,0x08,0xc4,0x98,0x48,0xd0,0x80,0x05,0x00,0x00,0x00,0x7c,0xc0,0x08,0xc4,
    0x9c,0x48,0xd0,0x80,0x09,0x00,0x00,0x00,0x7c,0xc0,0x08,0xc4,0x99,0x48,0xd0,0x80,0x07,0x00,0x00,0x00,
    0x7c,0xc0,0x08,0xc4,0x9d,0x48,0xd0,0x80,0x0b,0x00,0x00,0x00,0x0f,0x81,0x8f,0x80,0x80,0x27,0x27,0x98,
    0x24,0x52,0x24,0x80,0x25,0x80,0x25,0x82,0x40,0x49,0xc0,0xbe,0x9b,0x19,0xa0,0xbf,0xff,0x00,0xb8,0xbe,
    0x44,0xf5,0xff,0xff,0x31,0x83,0x0d,0xbf,0x42,0x4a,0xc0,0x98,0x31,0x82,0x0d,0xbf,0x38,0xff,0x38,0x98,
    0x04,0x00,0x00,0x00,0x02,0x00,0xb5,0xbf,0x20,0x00,0xc0,0xbf,0x6d,0x03,0x48,0x7f,0x7d,0x03,0x4c,0x7f,
    0x86,0x03,0x4a,0x7f,0x8a,0x03,0x4e,0x7f,0xa8,0x00,0x0f,0xcc,0x6d,0x11,0x03,0x18,0xaa,0x00,0x0f,0xcc,
    0x7d,0x19,0x03,0x18,0xa9,0x00,0x0f,0xcc,0x86,0x1f,0x03,0x18,0xab,0x00,0x0f,0xcc,0x8a,0x27,0x03,0x18,
    0xa8,0x00,0x10,0xcc,0xa8,0xe1,0x01,0x08,0xaa,0x00,0x10,0xcc,0xaa,0xe1,0x01,0x08,0xa9,0x00,0x10,0xcc,
    0xa9,0xe1,0x01,0x08,0xab,0x00,0x10,0xcc,0xab,0xe1,0x01,0x08,0xa8,0x40,0x0e,0xcc,0x89,0x53,0xa0,0x0e,
    0xaa,0x40,0x0e,0xcc,0x8d,0x53,0xa8,0x0e,0xa9,0x40,0x0e,0xcc,0x8e,0x53,0xa4,0x0e,0xab,0x40,0x0e,0xcc,
    0x92,0x53,0xac,0x0e,0x7c,0x00,0x08,0xc4,0x6d,0x48,0xd0,0x80,0x04,0x00,0x00,0x00,0x7c,0x00,0x08,0xc4,
    0x7d,0x48,0xd0,0x80,0x08,0x00,0x00,0x00,0x7c,0x00,0x08,0xc4,0x5c,0x48,0xd0,0x80,0x06,0x00,0x00,0x00,
    0x7c,0x00,0x08,0xc4,0x74,0x48,0xd0,0x80,0x0a,0x00,0x00,0x00,0x7c,0x00,0x08,0xc4,0x86,0x48,0xd0,0x80,
    0x05,0x00,0x00,0x00,0x7c,0x00,0x08,0xc4,0x8a,0x48,0xd0,0x80,0x09,0x00,0x00,0x00,0x7c,0x00,0x08,0xc4,
    0x87,0x48,0xd0,0x80,0x07,0x00,0x00,0x00,0x7c,0x00,0x08,0xc4,0x8b,0x48,0xd0,0x80,0x0b,0x00,0x00,0x00,
    0x0f,0x81,0x8f,0x80,0x80,0x27,0x27,0x98,0x24,0x52,0x24,0x80,0x25,0x80,0x25,0x82,0x7c,0xc0,0x08,0xc4,
    0x6d,0x48,0xd0,0x80,0x04,0x00,0x00,0x00,0x7c,0xc0,0x08,0xc4,0x7d,0x48,0xd0,0x80,0x08,0x00,0x00,0x00,
    0x7c,0xc0,0x08,0xc4,0x5c,0x48,0xd0,0x80,0x06,0x00,0x00,0x00,0x7c,0xc0,0x08,0xc4,0x74,0x48,0xd0,0x80,
    0x0a,0x00,0x00,0x00,0x7c,0xc0,0x08,0xc4,0x86,0x48,0xd0,0x80,0x05,0x00,0x00,0x00,0x7c,0xc0,0x08,0xc4,
    0x8a,0x48,0xd0,0x80,0x09,0x00,0x00,0x00,0x7c,0xc0,0x08,0xc4,0x87,0x48,0xd0,0x80,0x07,0x00,0x00,0x00,
    0x7c,0xc0,0x08,0xc4,0x8b,0x48,0xd0,0x80,0x0b,0x00,0x00,0x00,0x0f,0x81,0x8f,0x80,0x80,0x27,0x27,0x98,
    0x24,0x52,0x24,0x80,0x25,0x80,0x25,0x82,0x40,0x49,0xc0,0xbe,0x3c,0x19,0xa0,0xbf,0xff,0x00,0xb8,0xbe,
    0x54,0xf5,0xff,0xff,0x31,0x84,0x0d,0xbf,0x44,0x4c,0xc0,0x98,0x31,0x82,0x0d,0xbf,0x38,0xff,0x38,0x98,
    0x04,0x00,0x00,0x00,0x02,0x00,0xb5,0xbf,0xa4,0x50,0x0e,0xcc,0x89,0x53,0xa0,0x1e,0xa6,0x50,0x0e,0xcc,
    0x8d,0x53,0xa8,0x1e,0xa5,0x50,0x0e,0xcc,0x8e,0x53,0xa4,0x1e,0xa7,0x50,0x0e,0xcc,0x92,0x53,0xac,0x1e,
    0x88,0x03,0x50,0x7f,0x8c,0x03,0x54,0x7f,0x8f,0x03,0x52,0x7f,0x93,0x03,0x56,0x7f,0x7c,0x00,0x08,0xc4,
    0x89,0x48,0xd0,0x80,0x04,0x00,0x00,0x00,0x7c,0x00,0x08,0xc4,0x8d,0x48,0xd0,0x80,0x08,0x00,0x00,0x00,
    0x7c,0x00,0x08,0xc4,0x88,0x48,0xd0,0x80,0x06,0x00,0x00,0x00,0x7c,0x00,0x08,0xc4,0x8c,0x48,0xd0,0x80,
    0x0a,0x00,0x00,0x00,0x7c,0x00,0x08,0xc4,0x8e,0x48,0xd0,0x80,0x05,0x00,0x00,0x00,0x7c,0x00,0x08,0xc4,
    0x92,0x48,0xd0,0x80,0x09,0x00,0x00,0x00,0x7c,0x00,0x08,0xc4,0x8f,0x48,0xd0,0x80,0x07,0x00,0x00,0x00,
    0x7c,0x00,0x08,0xc4,0x93,0x48,0xd0,0x80,0x0b,0x00,0x00,0x00,0x0f,0x81,0x8f,0x80,0x80,0x27,0x27,0x98,
    0x24,0x52,0x24,0x80,0x25,0x80,0x25,0x82,0x7c,0xc0,0x08,0xc4,0x89,0x48,0xd0,0x80,0x04,0x00,0x00,0x00,
    0x7c,0xc0,0x08,0xc4,0x8d,0x48,0xd0,0x80,0x08,0x00,0x00,0x00,0x7c,0xc0,0x08,0xc4,0x88,0x48,0xd0,0x80,
    0x06,0x00,0x00,0x00,0x7c,0xc0,0x08,0xc4,0x8c,0x48,0xd0,0x80,0x0a,0x00,0x00,0x00,0x7c,0xc0,0x08,0xc4,
    0x8e,0x48,0xd0,0x80,0x05,0x00,0x00,0x00,0x7c,0xc0,0x08,0xc4,0x92,0x48,0xd0,0x80,0x09,0x00,0x00,0x00,
    0x7c,0xc0,0x08,0xc4,0x8f,0x48,0xd0,0x80,0x07,0x00,0x00,0x00,0x7c,0xc0,0x08,0xc4,0x93,0x48,0xd0,0x80,
    0x0b,0x00,0x00,0x00,0x0f,0x81,0x8f,0x80,0x80,0x27,0x27,0x98,0x24,0x52,0x24,0x80,0x25,0x80,0x25,0x82,
    0x40,0x49,0xc0,0xbe,0xee,0x18,0xa0,0xbf,0xff,0x00,0xb8,0xbe,0x24,0xf5,0xff,0xff,0x31,0x83,0x0d,0xbf,
    0x46,0x4e,0xc0,0x98,0x31,0x82,0x0d,0xbf,0x38,0xff,0x38,0x98,0x04,0x00,0x00,0x00,0x02,0x00,0xb5,0xbf,
    0x20,0x00,0xc0,0xbf,0x96,0x03,0x48,0x7f,0x9a,0x03,0x4c,0x7f,0x90,0x03,0x4a,0x7f,0x94,0x03,0x4e,0x7f,
    0xa8,0x00,0x0f,0xcc,0x96,0x3f,0x03,0x18,0xaa,0x00,0x0f,0xcc,0x9a,0x47,0x03,0x18,0xa9,0x00,0x0f,0xcc,
    0x90,0x33,0x03,0x18,0xab,0x00,0x0f,0xcc,0x94,0x3b,0x03,0x18,0xa8,0x00,0x10,0xcc,0xa8,0xe1,0x01,0x08,
    0xaa,0x00,0x10,0xcc,0xaa,0xe1,0x01,0x08,0xa9,0x00,0x10,0xcc,0xa9,0xe1,0x01,0x08,0xab,0x00,0x10,0xcc,
    0xab,0xe1,0x01,0x08,0xa8,0x40,0x0e,0xcc,0x9e,0x53,0xa0,0x0e,0xaa,0x40,0x0e,0xcc,0xa2,0x53,0xa8,0x0e,
    0xa9,0x40,0x0e,0xcc,0x98,0x53,0xa4,0x0e,0xab,0x40,0x0e,0xcc,0x9c,0x53,0xac,0x0e,0x7c,0x00,0x08,0xc4,
    0x96,0x48,0xd0,0x80,0x04,0x00,0x00,0x00,0x7c,0x00,0x08,0xc4,0x9a,0x48,0xd0,0x80,0x08,0x00,0x00,0x00,
    0x7c,0x00,0x08,0xc4,0x97,0x48,0xd0,0x80,0x06,0x00,0x00,0x00,0x7c,0x00,0x08,0xc4,0x9b,0x48,0xd0,0x80,
    0x0a,0x00,0x00,0x00,0x7c,0x00,0x08,0xc4,0x90,0x48,0xd0,0x80,0x05,0x00,0x00,0x00,0x7c,0x00,0x08,0xc4,
    0x94,0x48,0xd0,0x80,0x09,0x00,0x00,0x00,0x7c,0x00,0x08,0xc4,0x91,0x48,0xd0,0x80,0x07,0x00,0x00,0x00,
    0x7c,0x00,0x08,0xc4,0x95,0x48,0xd0,0x80,0x0b,0x00,0x00,0x00,0x0f,0x81,0x8f,0x80,0x80,0x27,0x27,0x98,
    0x24,0x52,0x24,0x80,0x25,0x80,0x25,0x82,0x7c,0xc0,0x08,0xc4,0x96,0x48,0xd0,0x80,0x04,0x00,0x00,0x00,
    0x7c,0xc0,0x08,0xc4,0x9a,0x48,0xd0,0x80,0x08,0x00,0x00,0x00,0x7c,0xc0,0x08,0xc4,0x97,0x48,0xd0,0x80,
    0x06,0x00,0x00,0x00,0x7c,0xc0,0x08,0xc4,0x9b,0x48,0xd0,0x80,0x0a,0x00,0x00,0x00,0x7c,0xc0,0x08,0xc4,
    0x90,0x48,0xd0,0x80,0x05,0x00,0x00,0x00,0x7c,0xc0,0x08,0xc4,0x94,0x48,0xd0,0x80,0x09,0x00,0x00,0x00,
    0x7c,0xc0,0x08,0xc4,0x91,0x48,0xd0,0x80,0x07,0x00,0x00,0x00,0x7c,0xc0,0x08,0xc4,0x95,0x48,0xd0,0x80,
    0x0b,0x00,0x00,0x00,0x0f,0x81,0x8f,0x80,0x80,0x27,0x27,0x98,0x24,0x52,0x24,0x80,0x25,0x80,0x25,0x82,
    0x40,0x49,0xc0,0xbe,0x8f,0x18,0xa0,0xbf,0xff,0x00,0xb8,0xbe,0xe4,0xea,0xff,0xff,0x31,0x84,0x0d,0xbf,
    0x48,0x50,0xc0,0x98,0x31,0x82,0x0d,0xbf,0x38,0xff,0x38,0x98,0x34,0xf5,0xff,0xff,0x02,0x00,0xb5,0xbf,
    0xa4,0x50,0x0e,0xcc,0x9e,0x53,0xa0,0x1e,0xa6,0x50,0x0e,0xcc,0xa2,0x53,0xa8,0x1e,0xa5,0x50,0x0e,0xcc,
    0x98,0x53,0xa4,0x1e,0xa7,0x50,0x0e,0xcc,0x9c,0x53,0xac,0x1e,0x9f,0x03,0x50,0x7f,0xa3,0x03,0x54,0x7f,
    0x99,0x03,0x52,0x7f,0x9d,0x03,0x56,0x7f,0x7c,0x00,0x08,0xc4,0x9e,0x48,0xd0,0x80,0x04,0x00,0x00,0x00,
    0x7c,0x00,0x08,0xc4,0xa2,0x48,0xd0,0x80,0x08,0x00,0x00,0x00,0x7c,0x00,0x08,0xc4,0x9f,0x48,0xd0,0x80,
    0x06,0x00,0x00,0x00,0x7c,0x00,0x08,0xc4,0xa3,0x48,0xd0,0x80,0x0a,0x00,0x00,0x00,0x7c,0x00,0x08,0xc4,
    0x98,0x48,0xd0,0x80,0x05,0x00,0x00,0x00,0x7c,0x00,0x08,0xc4,0x9c,0x48,0xd0,0x80,0x09,0x00,0x00,0x00,
    0x7c,0x00,0x08,0xc4,0x99,0x48,0xd0,0x80,0x07,0x00,0x00,0x00,0x7c,0x00,0x08,0xc4,0x9d,0x48,0xd0,0x80,
    0x0b,0x00,0x00,0x00,0x0f,0x81,0x8f,0x80,0x80,0x27,0x27,0x98,0x24,0x52,0x24,0x80,0x25,0x80,0x25,0x82,
    0x7c,0xc0,0x08,0xc4,0x9e,0x48,0xd0,0x80,0x04,0x00,0x00,0x00,0x7c,0xc0,0x08,0xc4,0xa2,0x48,0xd0,0x80,
    0x08,0x00,0x00,0x00,0x7c,0xc0,0x08,0xc4,0x9f,0x48,0xd0,0x80,0x06,0x00,0x00,0x00,0x7c,0xc0,0x08,0xc4,
    0xa3,0x48,0xd0,0x80,0x0a,0x00,0x00,0x00,0x7c,0xc0,0x08,0xc4,0x98,0x48,0xd0,0x80,0x05,0x00,0x00,0x00,
    0x7c,0xc0,0x08,0xc4,0x9c,0x48,0xd0,0x80,0x09,0x00,0x00,0x00,0x7c,0xc0,0x08,0xc4,0x99,0x48,0xd0,0x80,
    0x07,0x00,0x00,0x00,0x7c,0xc0,0x08,0xc4,0x9d,0x48,0xd0,0x80,0x0b,0x00,0x00,0x00,0x0f,0x81,0x8f,0x80,
    0x80,0x27,0x27,0x98,0x24,0x52,0x24,0x80,0x25,0x80,0x25,0x82,0x40,0x49,0xc0,0xbe,0x41,0x18,0xa0,0xbf,
    0xff,0x00,0xb8,0xbe,0x04,0x00,0x00,0x00,0x31,0x83,0x0d,0xbf,0x42,0x4a,0xc0,0x98,0x31,0x82,0x0d,0xbf,
    0x38,0xff,0x38,0x98,0x84,0x0a,0x00,0x00,0x02,0x00,0xb5,0xbf,0x20,0x00,0xc0,0xbf,0xa4,0x01,0x0f,0xcc,
    0x5c,0xdb,0x02,0x38,0xa6,0x01,0x0f,0xcc,0x74,0xfb,0x02,0x38,0xa5,0x01,0x0f,0xcc,0x88,0x13,0x03,0x38,
    0xa7,0x01,0x0f,0xcc,0x8c,0x1b,0x03,0x38,0xa8,0x50,0x0e,0xcc,0x5c,0x51,0x18,0x1e,0xaa,0x50,0x0e,0xcc,
    0x74,0x51,0x28,0x1e,0xa9,0x50,0x0e,0xcc,0x88,0x51,0x38,0x1e,0xab,0x50,0x0e,0xcc,0x8c,0x51,0x48,0x1e,
    0x7c,0x00,0x08,0xc4,0x6d,0x48,0x80,0x80,0x04,0x00,0x00,0x00,0x7c,0x00,0x08,0xc4,0x7d,0x48,0x80,0x80,
    0x08,0x00,0x00,0x00,0x7c,0x00,0x08,0xc4,0x5c,0x48,0x80,0x80,0x06,0x00,0x00,0x00,0x7c,0x00,0x08,0xc4,
    0x74,0x48,0x80,0x80,0x0a,0x00,0x00,0x00,0x7c,0x00,0x08,0xc4,0x89,0x48,0x80,0x80,0x05,0x00,0x00,0x00,
    0x7c,0x00,0x08,0xc4,0x8d,0x48,0x80,0x80,0x09,0x00,0x00,0x00,0x7c,0x00,0x08,0xc4,0x88,0x48,0x80,0x80,
    0x07,0x00,0x00,0x00,0x7c,0x00,0x08,0xc4,0x8c,0x48,0x80,0x80,0x0b,0x00,0x00,0x00,0x0f,0x81,0x8f,0x80,
    0x80,0x27,0x27,0x98,0x24,0x52,0x24,0x80,0x25,0x80,0x25,0x82,0x7c,0xc0,0x08,0xc4,0x6d,0x48,0x80,0x80,
    0x04,0x00,0x00,0x00,0x7c,0xc0,0x08,0xc4,0x7d,0x48,0x80,0x80,0x08,0x00,0x00,0x00,0x7c,0xc0,0x08,0xc4,
    0x5c,0x48,0x80,0x80,0x06,0x00,0x00,0x00,0x7c,0xc0,0x08,0xc4,0x74,0x48,0x80,0x80,0x0a,0x00,0x00,0x00,
    0x7c,0xc0,0x08,0xc4,0x89,0x48,0x80,0x80,0x05,0x00,0x00,0x00,0x7c,0xc0,0x08,0xc4,0x8d,0x48,0x80,0x80,
    0x09,0x00,0x00,0x00,0x7c,0xc0,0x08,0xc4,0x88,0x48,0x80,0x80,0x07,0x00,0x00,0x00,0x7c,0xc0,0x08,0xc4,
    0x8c,0x48,0x80,0x80,0x0b,0x00,0x00,0x00,0x0f,0x81,0x8f,0x80,0x80,0x27,0x27,0x98,0x24,0x52,0x24,0x80,
    0x25,0x80,0x25,0x82,0x40,0x49,0xc0,0xbe,0xee,0x17,0xa0,0xbf,0xff,0x00,0xb8,0xbe,0x04,0x00,0x00,0x00,
    0x31,0x84,0x0d,0xbf,0x44,0x4c,0xc0,0x98,0x31,0x82,0x0d,0xbf,0x38,0xff,0x38,0x98,0x74,0x0a,0x00,0x00,
    0x02,0x00,0xb5,0xbf,0xa4,0x40,0x0e,0xcc,0x86,0x51,0xa0,0x0e,0xa6,0x40,0x0e,0xcc,0x8a,0x51,0xa8,0x0e,
    0xa5,0x40,0x0e,0xcc,0x8e,0x51,0xa4,0x0e,0xa7,0x40,0x0e,0xcc,0x92,0x51,0xac,0x0e,0xa8,0x01,0x0f,0xcc,
    0x86,0x0f,0x03,0x38,0xaa,0x01,0x0f,0xcc,0x8a,0x17,0x03,0x38,0xa9,0x01,0x0f,0xcc,0x8e,0x1f,0x03,0x38,
    0xab,0x01,0x0f,0xcc,0x92,0x27,0x03,0x38,0x7c,0x00,0x08,0xc4,0x86,0x48,0x80,0x80,0x04,0x00,0x00,0x00,
    0x7c,0x00,0x08,0xc4,0x8a,0x48,0x80,0x80,0x08,0x00,0x00,0x00,0x7c,0x00,0x08,0xc4,0x87,0x48,0x80,0x80,
    0x06,0x00,0x00,0x00,0x7c,0x00,0x08,0xc4,0x8b,0x48,0x80,0x80,0x0a,0x00,0x00,0x00,0x7c,0x00,0x08,0xc4,
    0x8e,0x48,0x80,0x80,0x05,0x00,0x00,0x00,0x7c,0x00,0x08,0xc4,0x92,0x48,0x80,0x80,0x09,0x00,0x00,0x00,
    0x7c,0x00,0x08,0xc4,0x8f,0x48,0x80,0x80,0x07,0x00,0x00,0x00,0x7c,0x00,0x08,0xc4,0x93,0x48,0x80,0x80,
    0x0b,0x00,0x00,0x00,0x0f,0x81,0x8f,0x80,0x80,0x27,0x27,0x98,0x24,0x52,0x24,0x80,0x25,0x80,0x25,0x82,
    0x7c,0xc0,0x08,0xc4,0x86,0x48,0x80,0x80,0x04,0x00,0x00,0x00,0x7c,0xc0,0x08,0xc4,0x8a,0x48,0x80,0x80,
    0x08,0x00,0x00,0x00,0x7c,0xc0,0x08,0xc4,0x87,0x48,0x80,0x80,0x06,0x00,0x00,0x00,0x7c,0xc0,0x08,0xc4,
    0x8b,0x48,0x80,0x80,0x0a,0x00,0x00,0x00,0x7c,0xc0,0x08,0xc4,0x8e,0x48,0x80,0x80,0x05,0x00,0x00,0x00,
    0x7c,0xc0,0x08,0xc4,0x92,0x48,0x80,0x80,0x09,0x00,0x00,0x00,0x7c,0xc0,0x08,0xc4,0x8f,0x48,0x80,0x80,
    0x07,0x00,0x00,0x00,0x7c,0xc0,0x08,0xc4,0x93,0x48,0x80,0x80,0x0b,0x00,0x00,0x00,0x0f,0x81,0x8f,0x80,
    0x80,0x27,0x27,0x98,0x24,0x52,0x24,0x80,0x25,0x80,0x25,0x82,0x40,0x49,0xc0,0xbe,0x9c,0x17,0xa0,0xbf,
    0xff,0x00,0xb8,0xbe,0x04,0x00,0x00,0x00,0x31,0x83,0x0d,0xbf,0x46,0x4e,0xc0,0x98,0x31,0x82,0x0d,0xbf,
    0x38,0xff,0x38,0x98,0xa4,0x0a,0x00,0x00,0x02,0x00,0xb5,0xbf,0x20,0x00,0xc0,0xbf,0xa4,0x01,0x0f,0xcc,
    0x97,0x2d,0x03,0x38,0xa6,0x01,0x0f,0xcc,0x9b,0x35,0x03,0x38,0xa5,0x01,0x0f,0xcc,0x9f,0x3d,0x03,0x38,
    0xa7,0x01,0x0f,0xcc,0xa3,0x45,0x03,0x38,0xa8,0x50,0x0e,0xcc,0x97,0x51,0x40,0x1e,0xaa,0x50,0x0e,0xcc,
    0x9b,0x51,0x50,0x1e,0xa9,0x50,0x0e,0xcc,0x9f,0x51,0x60,0x1e,0xab,0x50,0x0e,0xcc,0xa3,0x51,0x70,0x1e,
    0x7c,0x00,0x08,0xc4,0x96,0x48,0x80,0x80,0x04,0x00,0x00,0x00,0x7c,0x00,0x08,0xc4,0x9a,0x48,0x80,0x80,
    0x08,0x00,0x00,0x00,0x7c,0x00,0x08,0xc4,0x97,0x48,0x80,0x80,0x06,0x00,0x00,0x00,0x7c,0x00,0x08,0xc4,
    0x9b,0x48,0x80,0x80,0x0a,0x00,0x00,0x00,0x7c,0x00,0x08,0xc4,0x9e,0x48,0x80,0x80,0x05,0x00,0x00,0x00,
    0x7c,0x00,0x08,0xc4,0xa2,0x48,0x80,0x80,0x09,0x00,0x00,0x00,0x7c,0x00,0x08,0xc4,0x9f,0x48,0x80,0x80,
    0x07,0x00,0x00,0x00,0x7c,0x00,0x08,0xc4,0xa3,0x48,0x80,0x80,0x0b,0x00,0x00,0x00,0x0f,0x81,0x8f,0x80,
    0x80,0x27,0x27,0x98,0x24,0x52,0x24,0x80,0x25,0x80,0x25,0x82,0x7c,0xc0,0x08,0xc4,0x96,0x48,0x80,0x80,
    0x04,0x00,0x00,0x00,0x7c,0xc0,0x08,0xc4,0x9a,0x48,0x80,0x80,0x08,0x00,0x00,0x00,0x7c,0xc0,0x08,0xc4,
    0x97,0x48,0x80,0x80,0x06,0x00,0x00,0x00,0x7c,0xc0,0x08,0xc4,0x9b,0x48,0x80,0x80,0x0a,0x00,0x00,0x00,
    0x7c,0xc0,0x08,0xc4,0x9e,0x48,0x80,0x80,0x05,0x00,0x00,0x00,0x7c,0xc0,0x08,0xc4,0xa2,0x48,0x80,0x80,
    0x09,0x00,0x00,0x00,0x7c,0xc0,0x08,0xc4,0x9f,0x48,0x80,0x80,0x07,0x00,0x00,0x00,0x7c,0xc0,0x08,0xc4,
    0xa3,0x48,0x80,0x80,0x0b,0x00,0x00,0x00,0x0f,0x81,0x8f,0x80,0x80,0x27,0x27,0x98,0x24,0x52,0x24,0x80,
    0x25,0x80,0x25,0x82,0x40,0x49,0xc0,0xbe,0x49,0x17,0xa0,0xbf,0xff,0x00,0xb8,0xbe,0x04,0x00,0x00,0x00,
    0x31,0x84,0x0d,0xbf,0x48,0x50,0xc0,0x98,0x31,0x82,0x0d,0xbf,0x38,0xff,0x38,0x98,0x94,0x0a,0x00,0x00,
    0x02,0x00,0xb5,0xbf,0xa4,0x40,0x0e,0xcc,0x90,0x51,0xa0,0x0e,0xa6,0x40,0x0e,0xcc,0x94,0x51,0xa8,0x0e,
    0xa5,0x40,0x0e,0xcc,0x98,0x51,0xa4,0x0e,0xa7,0x40,0x0e,0xcc,0x9c,0x51,0xac,0x0e,0xa8,0x01,0x0f,0xcc,
    0x90,0x23,0x03,0x38,0xaa,0x01,0x0f,0xcc,0x94,0x2b,0x03,0x38,0xa9,0x01,0x0f,0xcc,0x98,0x33,0x03,0x38,
    0xab,0x01,0x0f,0xcc,0x9c,0x3b,0x03,0x38,0x7c,0x00,0x08,0xc4,0x90,0x48,0x80,0x80,0x04,0x00,0x00,0x00,
    0x7c,0x00,0x08,0xc4,0x94,0x48,0x80,0x80,0x08,0x00,0x00,0x00,0x7c,0x00,0x08,0xc4,0x91,0x48,0x80,0x80,
    0x06,0x00,0x00,0x00,0x7c,0x00,0x08,0xc4,0x95,0x48,0x80,0x80,0x0a,0x00,0x00,0x00,0x7c,0x00,0x08,0xc4,
    0x98,0x48,0x80,0x80,0x05,0x00,0x00,0x00,0x7c,0x00,0x08,0xc4,0x9c,0x48,0x80,0x80,0x09,0x00,0x00,0x00,
    0x7c,0x00,0x08,0xc4,0x99,0x48,0x80,0x80,0x07,0x00,0x00,0x00,0x7c,0x00,0x08,0xc4,0x9d,0x48,0x80,0x80,
    0x0b,0x00,0x00,0x00,0x0f,0x81,0x8f,0x80,0x80,0x27,0x27,0x98,0x24,0x52,0x24,0x80,0x25,0x80,0x25,0x82,
    0x7c,0xc0,0x08,0xc4,0x90,0x48,0x80,0x80,0x04,0x00,0x00,0x00,0x7c,0xc0,0x08,0xc4,0x94,0x48,0x80,0x80,
    0x08,0x00,0x00,0x00,0x7c,0xc0,0x08,0xc4,0x91,0x48,0x80,0x80,0x06,0x00,0x00,0x00,0x7c,0xc0,0x08,0xc4,
    0x95,0x48,0x80,0x80,0x0a,0x00,0x00,0x00,0x7c,0xc0,0x08,0xc4,0x98,0x48,0x80,0x80,0x05,0x00,0x00,0x00,
    0x7c,0xc0,0x08,0xc4,0x9c,0x48,0x80,0x80,0x09,0x00,0x00,0x00,0x7c,0xc0,0x08,0xc4,0x99,0x48,0x80,0x80,
    0x07,0x00,0x00,0x00,0x7c,0xc0,0x08,0xc4,0x9d,0x48,0x80,0x80,0x0b,0x00,0x00,0x00,0x0f,0x81,0x8f,0x80,
    0x80,0x27,0x27,0x98,0x24,0x52,0x24,0x80,0x25,0x80,0x25,0x82,0x40,0x49,0xc0,0xbe,0xf7,0x16,0xa0,0xbf,
    0xff,0x00,0xb8,0xbe,0x04,0x00,0x00,0x00,0x31,0x83,0x0d,0xbf,0x42,0x4a,0xc0,0x98,0x31,0x82,0x0d,0xbf,
    0x38,0xff,0x38,0x98,0xc4,0x0a,0x00,0x00,0x02,0x00,0xb5,0xbf,0x20,0x00,0xc0,0xbf,0xa4,0x01,0x0f,0xcc,
    0x5c,0xdb,0x02,0x38,0xa6,0x01,0x0f,0xcc,0x74,0xfb,0x02,0x38,0xa5,0x01,0x0f,0xcc,0x87,0x0d,0x03,0x38,
    0xa7,0x01,0x0f,0xcc,0x8b,0x15,0x03,0x38,0xa8,0x50,0x0e,0xcc,0x5c,0x51,0x24,0x1e,0xaa,0x50,0x0e,0xcc,
    0x74,0x51,0x34,0x1e,0xa9,0x50,0x0e,0xcc,0x87,0x51,0x38,0x1e,0xab,0x50,0x0e,0xcc,0x8b,0x51,0x48,0x1e,
    0x7c,0x00,0x08,0xc4,0x6d,0x48,0x80,0x80,0x04,0x00,0x00,0x00,0x7c,0x00,0x08,0xc4,0x7d,0x48,0x80,0x80,
    0x08,0x00,0x00,0x00,0x7c,0x00,0x08,0xc4,0x5c,0x48,0x80,0x80,0x06,0x00,0x00,0x00,0x7c,0x00,0x08,0xc4,
    0x74,0x48,0x80,0x80,0x0a,0x00,0x00,0x00,0x7c,0x00,0x08,0xc4,0x86,0x48,0x80,0x80,0x05,0x00,0x00,0x00,
    0x7c,0x00,0x08,0xc4,0x8a,0x48,0x80,0x80,0x09,0x00,0x00,0x00,0x7c,0x00,0x08,0xc4,0x87,0x48,0x80,0x80,
    0x07,0x00,0x00,0x00,0x7c,0x00,0x08,0xc4,0x8b,0x48,0x80,0x80,0x0b,0x00,0x00,0x00,0x0f,0x81,0x8f,0x80,
    0x80,0x27,0x27,0x98,0x24,0x52,0x24,0x80,0x25,0x80,0x25,0x82,0x7c,0xc0,0x08,0xc4,0x6d,0x48,0x80,0x80,
    0x04,0x00,0x00,0x00,0x7c,0xc0,0x08,0xc4,0x7d,0x48,0x80,0x80,0x08,0x00,0x00,0x00,0x7c,0xc0,0x08,0xc4,
    0x5c,0x48,0x80,0x80,0x06,0x00,0x00,0x00,0x7c,0xc0,0x08,0xc4,0x74,0x48,0x80,0x80,0x0a,0x00,0x00,0x00,
    0x7c,0xc0,0x08,0xc4,0x86,0x48,0x80,0x80,0x05,0x00,0x00,0x00,0x7c,0xc0,0x08,0xc4,0x8a,0x48,0x80,0x80,
    0x09,0x00,0x00,0x00,0x7c,0xc0,0x08,0xc4,0x87,0x48,0x80,0x80,0x07,0x00,0x00,0x00,0x7c,0xc0,0x08,0xc4,
    0x8b,0x48,0x80,0x80,0x0b,0x00,0x00,0x00,0x0f,0x81,0x8f,0x80,0x80,0x27,0x27,0x98,0x24,0x52,0x24,0x80,
    0x25,0x80,0x25,0x82,0x40,0x49,0xc0,0xbe,0xa4,0x16,0xa0,0xbf,0xff,0x00,0xb8,0xbe,0x04,0x00,0x00,0x00,
    0x31,0x84,0x0d,0xbf,0x44,0x4c,0xc0,0x98,0x31,0x82,0x0d,0xbf,0x38,0xff,0x38,0x98,0xb4,0x0a,0x00,0x00,
    0x02,0x00,0xb5,0xbf,0xa4,0x40,0x0e,0xcc,0x89,0x51,0xa0,0x0e,0xa6,0x40,0x0e,0xcc,0x8d,0x51,0xa8,0x0e,
    0xa5,0x40,0x0e,0xcc,0x8e,0x51,0xa4,0x0e,0xa7,0x40,0x0e,0xcc,0x92,0x51,0xac,0x0e,0xa8,0x01,0x0f,0xcc,
    0x89,0x11,0x03,0x38,0xaa,0x01,0x0f,0xcc,0x8d,0x19,0x03,0x38,0xa9,0x01,0x0f,0xcc,0x8e,0x1f,0x03,0x38,
    0xab,0x01,0x0f,0xcc,0x92,0x27,0x03,0x38,0x7c,0x00,0x08,0xc4,0x89,0x48,0x80,0x80,0x04,0x00,0x00,0x00,
    0x7c,0x00,0x08,0xc4,0x8d,0x48,0x80,0x80,0x08,0x00,0x00,0x00,0x7c,0x00,0x08,0xc4,0x88,0x48,0x80,0x80,
    0x06,0x00,0x00,0x00,0x7c,0x00,0x08,0xc4,0x8c,0x48,0x80,0x80,0x0a,0x00,0x00,0x00,0x7c,0x00,0x08,0xc4,
    0x8e,0x48,0x80,0x80,0x05,0x00,0x00,0x00,0x7c,0x00,0x08,0xc4,0x92,0x48,0x80,0x80,0x09,0x00,0x00,0x00,
    0x7c,0x00,0x08,0xc4,0x8f,0x48,0x80,0x80,0x07,0x00,0x00,0x00,0x7c,0x00,0x08,0xc4,0x93,0x48,0x80,0x80,
    0x0b,0x00,0x00,0x00,0x0f,0x81,0x8f,0x80,0x80,0x27,0x27,0x98,0x24,0x52,0x24,0x80,0x25,0x80,0x25,0x82,
    0x7c,0xc0,0x08,0xc4,0x89,0x48,0x80,0x80,0x04,0x00,0x00,0x00,0x7c,0xc0,0x08,0xc4,0x8d,0x48,0x80,0x80,
    0x08,0x00,0x00,0x00,0x7c,0xc0,0x08,0xc4,0x88,0x48,0x80,0x80,0x06,0x00,0x00,0x00,0x7c,0xc0,0x08,0xc4,
    0x8c,0x48,0x80,0x80,0x0a,0x00,0x00,0x00,0x7c,0xc0,0x08,0xc4,0x8e,0x48,0x80,0x80,0x05,0x00,0x00,0x00,
    0x7c,0xc0,0x08,0xc4,0x92,0x48,0x80,0x80,0x09,0x00,0x00,0x00,0x7c,0xc0,0x08,0xc4,0x8f,0x48,0x80,0x80,
    0x07,0x00,0x00,0x00,0x7c,0xc0,0x08,0xc4,0x93,0x48,0x80,0x80,0x0b,0x00,0x00,0x00,0x0f,0x81,0x8f,0x80,
    0x80,0x27,0x27,0x98,0x24,0x52,0x24,0x80,0x25,0x80,0x25,0x82,0x40,0x49,0xc0,0xbe,0x52,0x16,0xa0,0xbf,
    0xff,0x00,0xb8,0xbe,0x04,0x00,0x00,0x00,0x31,0x83,0x0d,0xbf,0x46,0x4e,0xc0,0x98,0x31,0x82,0x0d,0xbf,
    0x38,0xff,0x38,0x98,0xe4,0x0a,0x00,0x00,0x02,0x00,0xb5,0xbf,0x20,0x00,0xc0,0xbf,0xa4,0x01,0x0f,0xcc,
    0x97,0x2d,0x03,0x38,0xa6,0x01,0x0f,0xcc,0x9b,0x35,0x03,0x38,0xa5,0x01,0x0f,0xcc,0x91,0x21,0x03,0x38,
    0xa7,0x01,0x0f,0xcc,0x95,0x29,0x03,0x38,0xa8,0x50,0x0e,0xcc,0x97,0x51,0x78,0x1e,0xaa,0x50,0x0e,0xcc,
    0x9b,0x51,0x88,0x1e,0xa9,0x50,0x0e,0xcc,0x91,0x51,0x60,0x1e,0xab,0x50,0x0e,0xcc,0x95,0x51,0x70,0x1e,
    0x7c,0x00,0x08,0xc4,0x96,0x48,0x80,0x80,0x04,0x00,0x00,0x00,0x7c,0x00,0x08,0xc4,0x9a,0x48,0x80,0x80,
    0x08,0x00,0x00,0x00,0x7c,0x00,0x08,0xc4,0x97,0x48,0x80,0x80,0x06,0x00,0x00,0x00,0x7c,0x00,0x08,0xc4,
    0x9b,0x48,0x80,0x80,0x0a,0x00,0x00,0x00,0x7c,0x00,0x08,0xc4,0x90,0x48,0x80,0x80,0x05,0x00,0x00,0x00,
    0x7c,0x00,0x08,0xc4,0x94,0x48,0x80,0x80,0x09,0x00,0x00,0x00,0x7c,0x00,0x08,0xc4,0x91,0x48,0x80,0x80,
    0x07,0x00,0x00,0x00,0x7c,0x00,0x08,0xc4,0x95,0x48,0x80,0x80,0x0b,0x00,0x00,0x00,0x0f,0x81,0x8f,0x80,
    0x80,0x27,0x27,0x98,0x24,0x52,0x24,0x80,0x25,0x80,0x25,0x82,0x7c,0xc0,0x08,0xc4,0x96,0x48,0x80,0x80,
    0x04,0x00,0x00,0x00,0x7c,0xc0,0x08,0xc4,0x9a,0x48,0x80,0x80,0x08,0x00,0x00,0x00,0x7c,0xc0,0x08,0xc4,
    0x97,0x48,0x80,0x80,0x06,0x00,0x00,0x00,0x7c,0xc0,0x08,0xc4,0x9b,0x48,0x80,0x80,0x0a,0x00,0x00,0x00,
    0x7c,0xc0,0x08,0xc4,0x90,0x48,0x80,0x80,0x05,0x00,0x00,0x00,0x7c,0xc0,0x08,0xc4,0x94,0x48,0x80,0x80,
    0x09,0x00,0x00,0x00,0x7c,0xc0,0x08,0xc4,0x91,0x48,0x80,0x80,0x07,0x00,0x00,0x00,0x7c,0xc0,0x08,0xc4,
    0x95,0x48,0x80,0x80,0x0b,0x00,0x00,0x00,0x0f,0x81,0x8f,0x80,0x80,0x27,0x27,0x98,0x24,0x52,0x24,0x80,
    0x25,0x80,0x25,0x82,0x40,0x49,0xc0,0xbe,0xff,0x15,0xa0,0xbf,0xff,0x00,0xb8,0xbe,0xb4,0xf5,0xff,0xff,
    0x31,0x84,0x0d,0xbf,0x48,0x50,0xc0,0x98,0x31,0x82,0x0d,0xbf,0x38,0xff,0x38,0x98,0x04,0x00,0x00,0x00,
    0x02,0x00,0xb5,0xbf,0xa4,0x40,0x0e,0xcc,0x9e,0x51,0xa0,0x0e,0xa6,0x40,0x0e,0xcc,0xa2,0x51,0xa8,0x0e,
    0xa5,0x40,0x0e,0xcc,0x98,0x51,0xa4,0x0e,0xa7,0x40,0x0e,0xcc,0x9c,0x51,0xac,0x0e,0xa8,0x01,0x0f,0xcc,
    0x9e,0x3f,0x03,0x38,0xaa,0x01,0x0f,0xcc,0xa2,0x47,0x03,0x38,0xa9,0x01,0x0f,0xcc,0x98,0x33,0x03,0x38,
    0xab,0x01,0x0f,0xcc,0x9c,0x3b,0x03,0x38,0x7c,0x00,0x08,0xc4,0x9e,0x48,0x80,0x80,0x04,0x00,0x00,0x00,
    0x7c,0x00,0x08,0xc4,0xa2,0x48,0x80,0x80,0x08,0x00,0x00,0x00,0x7c,0x00,0x08,0xc4,0x9f,0x48,0x80,0x80,
    0x06,0x00,0x00,0x00,0x7c,0x00,0x08,0xc4,0xa3,0x48,0x80,0x80,0x0a,0x00,0x00,0x00,0x7c,0x00,0x08,0xc4,
    0x98,0x48,0x80,0x80,0x05,0x00,0x00,0x00,0x7c,0x00,0x08,0xc4,0x9c,0x48,0x80,0x80,0x09,0x00,0x00,0x00,
    0x7c,0x00,0x08,0xc4,0x99,0x48,0x80,0x80,0x07,0x00,0x00,0x00,0x7c,0x00,0x08,0xc4,0x9d,0x48,0x80,0x80,
    0x0b,0x00,0x00,0x00,0x0f,0x81,0x8f,0x80,0x80,0x27,0x27,0x98,0x24,0x52,0x24,0x80,0x25,0x80,0x25,0x82,
    0x7c,0xc0,0x08,0xc4,0x9e,0x48,0x80,0x80,0x04,0x00,0x00,0x00,0x7c,0xc0,0x08,0xc4,0xa2,0x48,0x80,0x80,
    0x08,0x00,0x00,0x00,0x7c,0xc0,0x08,0xc4,0x9f,0x48,0x80,0x80,0x06,0x00,0x00,0x00,0x7c,0xc0,0x08,0xc4,
    0xa3,0x48,0x80,0x80,0x0a,0x00,0x00,0x00,0x7c,0xc0,0x08,0xc4,0x98,0x48,0x80,0x80,0x05,0x00,0x00,0x00,
    0x7c,0xc0,0x08,0xc4,0x9c,0x48,0x80,0x80,0x09,0x00,0x00,0x00,0x7c,0xc0,0x08,0xc4,0x99,0x48,0x80,0x80,
    0x07,0x00,0x00,0x00,0x7c,0xc0,0x08,0xc4,0x9d,0x48,0x80,0x80,0x0b,0x00,0x00,0x00,0x0f,0x81,0x8f,0x80,
    0x80,0x27,0x27,0x98,0x24,0x52,0x24,0x80,0x25,0x80,0x25,0x82,0x40,0x49,0xc0,0xbe,0xad,0x15,0xa0,0xbf,
    0xff,0x00,0xb8,0xbe,0x84,0xf5,0xff,0xff,0x31,0x83,0x0d,0xbf,0x42,0x4a,0xc0,0x98,0x31,0x82,0x0d,0xbf,
    0x38,0xff,0x38,0x98,0x04,0x00,0x00,0x00,0x02,0x00,0xb5,0xbf,0x20,0x00,0xc0,0xbf,0x6d,0x03,0x48,0x7f,
    0x7d,0x03,0x4c,0x7f,0x89,0x03,0x4a,0x7f,0x8d,0x03,0x4e,0x7f,0xa8,0x00,0x0f,0xcc,0x6d,0x0f,0x03,0x18,
    0xaa,0x00,0x0f,0xcc,0x7d,0x17,0x03,0x18,0xa9,0x00,0x0f,0xcc,0x89,0x1f,0x03,0x18,0xab,0x00,0x0f,0xcc,
    0x8d,0x27,0x03,0x18,0xa8,0x00,0x10,0xcc,0xa8,0xe1,0x01,0x08,0xaa,0x00,0x10,0xcc,0xaa,0xe1,0x01,0x08,
    0xa9,0x00,0x10,0xcc,0xa9,0xe1,0x01,0x08,0xab,0x00,0x10,0xcc,0xab,0xe1,0x01,0x08,0xa8,0x40,0x0e,0xcc,
    0x86,0x53,0xa0,0x0e,0xaa,0x40,0x0e,0xcc,0x8a,0x53,0xa8,0x0e,0xa9,0x40,0x0e,0xcc,0x8e,0x53,0xa4,0x0e,
    0xab,0x40,0x0e,0xcc,0x92,0x53,0xac,0x0e,0x7c,0x00,0x08,0xc4,0x6d,0x48,0x80,0x80,0x04,0x00,0x00,0x00,
    0x7c,0x00,0x08,0xc4,0x7d,0x48,0x80,0x80,0x08,0x00,0x00,0x00,0x7c,0x00,0x08,0xc4,0x5c,0x48,0x80,0x80,
    0x06,0x00,0x00,0x00,0x7c,0x00,0x08,0xc4,0x74,0x48,0x80,0x80,0x0a,0x00,0x00,0x00,0x7c,0x00,0x08,0xc4,
    0x89,0x48,0x80,0x80,0x05,0x00,0x00,0x00,0x7c,0x00,0x08,0xc4,0x8d,0x48,0x80,0x80,0x09,0x00,0x00,0x00,
    0x7c,0x00,0x08,0xc4,0x88,0x48,0x80,0x80,0x07,0x00,0x00,0x00,0x7c,0x00,0x08,0xc4,0x8c,0x48,0x80,0x80,
    0x0b,0x00,0x00,0x00,0x0f,0x81,0x8f,0x80,0x80,0x27,0x27,0x98,0x24,0x52,0x24,0x80,0x25,0x80,0x25,0x82,
    0x7c,0xc0,0x08,0xc4,0x6d,0x48,0x80,0x80,0x04,0x00,0x00,0x00,0x7c,0xc0,0x08,0xc4,0x7d,0x48,0x80,0x80,
    0x08,0x00,0x00,0x00,0x7c,0xc0,0x08,0xc4,0x5c,0x48,0x80,0x80,0x06,0x00,0x00,0x00,0x7c,0xc0,0x08,0xc4,
    0x74,0x48,0x80,0x80,0x0a,0x00,0x00,0x00,0x7c,0xc0,0x08,0xc4,0x89,0x48,0x80,0x80,0x05,0x00,0x00,0x00,
    0x7c,0xc0,0x08,0xc4,0x8d,0x48,0x80,0x80,0x09,0x00,0x00,0x00,0x7c,0xc0,0x08,0xc4,0x88,0x48,0x80,0x80,
    0x07,0x00,0x00,0x00,0x7c,0xc0,0x08,0xc4,0x8c,0x48,0x80,0x80,0x0b,0x00,0x00,0x00,0x0f,0x81,0x8f,0x80,
    0x80,0x27,0x27,0x98,0x24,0x52,0x24,0x80,0x25,0x80,0x25,0x82,0x40,0x49,0xc0,0xbe,0x4e,0x15,0xa0,0xbf,
    0xff,0x00,0xb8,0xbe,0x94,0xf5,0xff,0xff,0x31,0x84,0x0d,0xbf,0x44,0x4c,0xc0,0x98,0x31,0x82,0x0d,0xbf,
    0x38,0xff,0x38,0x98,0x04,0x00,0x00,0x00,0x02,0x00,0xb5,0xbf,0xa4,0x50,0x0e,0xcc,0x86,0x53,0xa0,0x1e,
    0xa6,0x50,0x0e,0xcc,0x8a,0x53,0xa8,0x1e,0xa5,0x50,0x0e,0xcc,0x8e,0x53,0xa4,0x1e,0xa7,0x50,0x0e,0xcc,
    0x92,0x53,0xac,0x1e,0x87,0x03,0x50,0x7f,0x8b,0x03,0x54,0x7f,0x8f,0x03,0x52,0x7f,0x93,0x03,0x56,0x7f,
    0x7c,0x00,0x08,0xc4,0x86,0x48,0x80,0x80,0x04,0x00,0x00,0x00,0x7c,0x00,0x08,0xc4,0x8a,0x48,0x80,0x80,
    0x08,0x00,0x00,0x00,0x7c,0x00,0x08,0xc4,0x87,0x48,0x80,0x80,0x06,0x00,0x00,0x00,0x7c,0x00,0x08,0xc4,
    0x8b,0x48,0x80,0x80,0x0a,0x00,0x00,0x00,0x7c,0x00,0x08,0xc4,0x8e,0x48,0x80,0x80,0x05,0x00,0x00,0x00,
    0x7c,0x00,0x08,0xc4,0x92,0x48,0x80,0x80,0x09,0x00,0x00,0x00,0x7c,0x00,0x08,0xc4,0x8f,0x48,0x80,0x80,
    0x07,0x00,0x00,0x00,0x7c,0x00,0x08,0xc4,0x93,0x48,0x80,0x80,0x0b,0x00,0x00,0x00,0x0f,0x81,0x8f,0x80,
    0x80,0x27,0x27,0x98,0x24,0x52,0x24,0x80,0x25,0x80,0x25,0x82,0x7c,0xc0,0x08,0xc4,0x86,0x48,0x80,0x80,
    0x04,0x00,0x00,0x00,0x7c,0xc0,0x08,0xc4,0x8a,0x48,0x80,0x80,0x08,0x00,0x00,0x00,0x7c,0xc0,0x08,0xc4,
    0x87,0x48,0x80,0x80,0x06,0x00,0x00,0x00,0x7c,0xc0,0x08,0xc4,0x8b,0x48,0x80,0x80,0x0a,0x00,0x00,0x00,
    0x7c,0xc0,0x08,0xc4,0x8e,0x48,0x80,0x80,0x05,0x00,0x00,0x00,0x7c,0xc0,0x08,0xc4,0x92,0x48,0x80,0x80,
    0x09,0x00,0x00,0x00,0x7c,0xc0,0x08,0xc4,0x8f,0x48,0x80,0x80,0x07,0x00,0x00,0x00,0x7c,0xc0,0x08,0xc4,
    0x93,0x48,0x80,0x80,0x0b,0x00,0x00,0x00,0x0f,0x81,0x8f,0x80,0x80,0x27,0x27,0x98,0x24,0x52,0x24,0x80,
    0x25,0x80,0x25,0x82,0x40,0x49,0xc0,0xbe,0x00,0x15,0xa0,0xbf,0xff,0x00,0xb8,0xbe,0x64,0xf5,0xff,0xff,
    0x31,0x83,0x0d,0xbf,0x46,0x4e,0xc0,0x98,0x31,0x82,0x0d,0xbf,0x38,0xff,0x38,0x98,0x04,0x00,0x00,0x00,
    0x02,0x00,0xb5,0xbf,0x20,0x00,0xc0,0xbf,0x96,0x03,0x48,0x7f,0x9a,0x03,0x4c,0x7f,0x9e,0x03,0x4a,0x7f,
    0xa2,0x03,0x4e,0x7f,0xa8,0x00,0x0f,0xcc,0x96,0x23,0x03,0x18,0xaa,0x00,0x0f,0xcc,0x9a,0x2b,0x03,0x18,
    0xa9,0x00,0x0f,0xcc,0x9e,0x33,0x03,0x18,0xab,0x00,0x0f,0xcc,0xa2,0x3b,0x03,0x18,0xa8,0x00,0x10,0xcc,
    0xa8,0xe1,0x01,0x08,0xaa,0x00,0x10,0xcc,0xaa,0xe1,0x01,0x08,0xa9,0x00,0x10,0xcc,0xa9,0xe1,0x01,0x08,
    0xab,0x00,0x10,0xcc,0xab,0xe1,0x01,0x08,0xa8,0x40,0x0e,0xcc,0x90,0x53,0xa0,0x0e,0xaa,0x40,0x0e,0xcc,
    0x94,0x53,0xa8,0x0e,0xa9,0x40,0x0e,0xcc,0x98,0x53,0xa4,0x0e,0xab,0x40,0x0e,0xcc,0x9c,0x53,0xac,0x0e,
    0x7c,0x00,0x08,0xc4,0x96,0x48,0x80,0x80,0x04,0x00,0x00,0x00,0x7c,0x00,0x08,0xc4,0x9a,0x48,0x80,0x80,
    0x08,0x00,0x00,0x00,0x7c,0x00,0x08,0xc4,0x97,0x48,0x80,0x80,0x06,0x00,0x00,0x00,0x7c,0x00,0x08,0xc4,
    0x9b,0x48,0x80,0x80,0x0a,0x00,0x00,0x00,0x7c,0x00,0x08,0xc4,0x9e,0x48,0x80,0x80,0x05,0x00,0x00,0x00,
    0x7c,0x00,0x08,0xc4,0xa2,0x48,0x80,0x80,0x09,0x00,0x00,0x00,0x7c,0x00,0x08,0xc4,0x9f,0x48,0x80,0x80,
    0x07,0x00,0x00,0x00,0x7c,0x00,0x08,0xc4,0xa3,0x48,0x80,0x80,0x0b,0x00,0x00,0x00,0x0f,0x81,0x8f,0x80,
    0x80,0x27,0x27,0x98,0x24,0x52,0x24,0x80,0x25,0x80,0x25,0x82,0x7c,0xc0,0x08,0xc4,0x96,0x48,0x80,0x80,
    0x04,0x00,0x00,0x00,0x7c,0xc0,0x08,0xc4,0x9a,0x48,0x80,0x80,0x08,0x00,0x00,0x00,0x7c,0xc0,0x08,0xc4,
    0x97,0x48,0x80,0x80,0x06,0x00,0x00,0x00,0x7c,0xc0,0x08,0xc4,0x9b,0x48,0x80,0x80,0x0a,0x00,0x00,0x00,
    0x7c,0xc0,0x08,0xc4,0x9e,0x48,0x80,0x80,0x05,0x00,0x00,0x00,0x7c,0xc0,0x08,0xc4,0xa2,0x48,0x80,0x80,
    0x09,0x00,0x00,0x00,0x7c,0xc0,0x08,0xc4,0x9f,0x48,0x80,0x80,0x07,0x00,0x00,0x00,0x7c,0xc0,0x08,0xc4,
    0xa3,0x48,0x80,0x80,0x0b,0x00,0x00,0x00,0x0f,0x81,0x8f,0x80,0x80,0x27,0x27,0x98,0x24,0x52,0x24,0x80,
    0x25,0x80,0x25,0x82,0x40,0x49,0xc0,0xbe,0xa1,0x14,0xa0,0xbf,0xff,0x00,0xb8,0xbe,0x74,0xf5,0xff,0xff,
    0x31,0x84,0x0d,0xbf,0x48,0x50,0xc0,0x98,0x31,0x82,0x0d,0xbf,0x38,0xff,0x38,0x98,0x04,0x00,0x00,0x00,
    0x02,0x00,0xb5,0xbf,0xa4,0x50,0x0e,0xcc,0x90,0x53,0xa0,0x1e,0xa6,0x50,0x0e,0xcc,0x94,0x53,0xa8,0x1e,
    0xa5,0x50,0x0e,0xcc,0x98,0x53,0xa4,0x1e,0xa7,0x50,0x0e,0xcc,0x9c,0x53,0xac,0x1e,0x91,0x03,0x50,0x7f,
    0x95,0x03,0x54,0x7f,0x99,0x03,0x52,0x7f,0x9d,0x03,0x56,0x7f,0x7c,0x00,0x08,0xc4,0x90,0x48,0x80,0x80,
    0x04,0x00,0x00,0x00,0x7c,0x00,0x08,0xc4,0x94,0x48,0x80,0x80,0x08,0x00,0x00,0x00,0x7c,0x00,0x08,0xc4,
    0x91,0x48,0x80,0x80,0x06,0x00,0x00,0x00,0x7c,0x00,0x08,0xc4,0x95,0x48,0x80,0x80,0x0a,0x00,0x00,0x00,
    0x7c,0x00,0x08,0xc4,0x98,0x48,0x80,0x80,0x05,0x00,0x00,0x00,0x7c,0x00,0x08,0xc4,0x9c,0x48,0x80,0x80,
    0x09,0x00,0x00,0x00,0x7c,0x00,0x08,0xc4,0x99,0x48,0x80,0x80,0x07,0x00,0x00,0x00,0x7c,0x00,0x08,0xc4,
    0x9d,0x48,0x80,0x80,0x0b,0x00,0x00,0x00,0x0f,0x81,0x8f,0x80,0x80,0x27,0x27,0x98,0x24,0x52,0x24,0x80,
    0x25,0x80,0x25,0x82,0x7c,0xc0,0x08,0xc4,0x90,0x48,0x80,0x80,0x04,0x00,0x00,0x00,0x7c,0xc0,0x08,0xc4,
    0x94,0x48,0x80,0x80,0x08,0x00,0x00,0x00,0x7c,0xc0,0x08,0xc4,0x91,0x48,0x80,0x80,0x06,0x00,0x00,0x00,
    0x7c,0xc0,0x08,0xc4,0x95,0x48,0x80,0x80,0x0a,0x00,0x00,0x00,0x7c,0xc0,0x08,0xc4,0x98,0x48,0x80,0x80,
    0x05,0x00,0x00,0x00,0x7c,0xc0,0x08,0xc4,0x9c,0x48,0x80,0x80,0x09,0x00,0x00,0x00,0x7c,0xc0,0x08,0xc4,
    0x99,0x48,0x80,0x80,0x07,0x00,0x00,0x00,0x7c,0xc0,0x08,0xc4,0x9d,0x48,0x80,0x80,0x0b,0x00,0x00,0x00,
    0x0f,0x81,0x8f,0x80,0x80,0x27,0x27,0x98,0x24,0x52,0x24,0x80,0x25,0x80,0x25,0x82,0x40,0x49,0xc0,0xbe,
    0x53,0x14,0xa0,0xbf,0xff,0x00,0xb8,0xbe,0x44,0xf5,0xff,0xff,0x31,0x83,0x0d,0xbf,0x42,0x4a,0xc0,0x98,
    0x31,0x82,0x0d,0xbf,0x38,0xff,0x38,0x98,0x04,0x00,0x00,0x00,0x02,0x00,0xb5,0xbf,0x20,0x00,0xc0,0xbf,
    0x6d,0x03,0x48,0x7f,0x7d,0x03,0x4c,0x7f,0x86,0x03,0x4a,0x7f,0x8a,0x03,0x4e,0x7f,0xa8,0x00,0x0f,0xcc,
    0x6d,0x11,0x03,0x18,0xaa,0x00,0x0f,0xcc,0x7d,0x19,0x03,0x18,0xa9,0x00,0x0f,0xcc,0x86,0x1f,0x03,0x18,
    0xab,0x00,0x0f,0xcc,0x8a,0x27,0x03,0x18,0xa8,0x00,0x10,0xcc,0xa8,0xe1,0x01,0x08,0xaa,0x00,0x10,0xcc,
    0xaa,0xe1,0x01,0x08,0xa9,0x00,0x10,0xcc,0xa9,0xe1,0x01,0x08,0xab,0x00,0x10,0xcc,0xab,0xe1,0x01,0x08,
    0xa8,0x40,0x0e,0xcc,0x89,0x53,0xa0,0x0e,0xaa,0x40,0x0e,0xcc,0x8d,0x53,0xa8,0x0e,0xa9,0x40,0x0e,0xcc,
    0x8e,0x53,0xa4,0x0e,0xab,0x40,0x0e,0xcc,0x92,0x53,0xac,0x0e,0x7c,0x00,0x08,0xc4,0x6d,0x48,0x80,0x80,
    0x04,0x00,0x00,0x00,0x7c,0x00,0x08,0xc4,0x7d,0x48,0x80,0x80,0x08,0x00,0x00,0x00,0x7c,0x00,0x08,0xc4,
    0x5c,0x48,0x80,0x80,0x06,0x00,0x00,0x00,0x7c,0x00,0x08,0xc4,0x74,0x48,0x80,0x80,0x0a,0x00,0x00,0x00,
    0x7c,0x00,0x08,0xc4,0x86,0x48,0x80,0x80,0x05,0x00,0x00,0x00,0x7c,0x00,0x08,0xc4,0x8a,0x48,0x80,0x80,
    0x09,0x00,0x00,0x00,0x7c,0x00,0x08,0xc4,0x87,0x48,0x80,0x80,0x07,0x00,0x00,0x00,0x7c,0x00,0x08,0xc4,
    0x8b,0x48,0x80,0x80,0x0b,0x00,0x00,0x00,0x0f,0x81,0x8f,0x80,0x80,0x27,0x27,0x98,0x24,0x52,0x24,0x80,
    0x25,0x80,0x25,0x82,0x7c,0xc0,0x08,0xc4,0x6d,0x48,0x80,0x80,0x04,0x00,0x00,0x00,0x7c,0xc0,0x08,0xc4,
    0x7d,0x48,0x80,0x80,0x08,0x00,0x00,0x00,0x7c,0xc0,0x08,0xc4,0x5c,0x48,0x80,0x80,0x06,0x00,0x00,0x00,
    0x7c,0xc0,0x08,0xc4,0x74,0x48,0x80,0x80,0x0a,0x00,0x00,0x00,0x7c,0xc0,0x08,0xc4,0x86,0x48,0x80,0x80,
    0x05,0x00,0x00,0x00,0x7c,0xc0,0x08,0xc4,0x8a,0x48,0x80,0x80,0x09,0x00,0x00,0x00,0x7c,0xc0,0x08,0xc4,
    0x87,0x48,0x80,0x80,0x07,0x00,0x00,0x00,0x7c,0xc0,0x08,0xc4,0x8b,0x48,0x80,0x80,0x0b,0x00,0x00,0x00,
    0x0f,0x81,0x8f,0x80,0x80,0x27,0x27,0x98,0x24,0x52,0x24,0x80,0x25,0x80,0x25,0x82,0x40,0x49,0xc0,0xbe,
    0xf4,0x13,0xa0,0xbf,0xff,0x00,0xb8,0xbe,0x54,0xf5,0xff,0xff,0x31,0x84,0x0d,0xbf,0x44,0x4c,0xc0,0x98,
    0x31,0x82,0x0d,0xbf,0x38,0xff,0x38,0x98,0x04,0x00,0x00,0x00,0x02,0x00,0xb5,0xbf,0xa4,0x50,0x0e,0xcc,
    0x89,0x53,0xa0,0x1e,0xa6,0x50,0x0e,0xcc,0x8d,0x53,0xa8,0x1e,0xa5,0x50,0x0e,0xcc,0x8e,0x53,0xa4,0x1e,
    0xa7,0x50,0x0e,0xcc,0x92,0x53,0xac,0x1e,0x88,0x03,0x50,0x7f,0x8c,0x03,0x54,0x7f,0x8f,0x03,0x52,0x7f,
    0x93,0x03,0x56,0x7f,0x7c,0x00,0x08,0xc4,0x89,0x48,0x80,0x80,0x04,0x00,0x00,0x00,0x7c,0x00,0x08,0xc4,
    0x8d,0x48,0x80,0x80,0x08,0x00,0x00,0x00,0x7c,0x00,0x08,0xc4,0x88,0x48,0x80,0x80,0x06,0x00,0x00,0x00,
    0x7c,0x00,0x08,0xc4,0x8c,0x48,0x80,0x80,0x0a,0x00,0x00,0x00,0x7c,0x00,0x08,0xc4,0x8e,0x48,0x80,0x80,
    0x05,0x00,0x00,0x00,0x7c,0x00,0x08,0xc4,0x92,0x48,0x80,0x80,0x09,0x00,0x00,0x00,0x7c,0x00,0x08,0xc4,
    0x8f,0x48,0x80,0x80,0x07,0x00,0x00,0x00,0x7c,0x00,0x08,0xc4,0x93,0x48,0x80,0x80,0x0b,0x00,0x00,0x00,
    0x0f,0x81,0x8f,0x80,0x80,0x27,0x27,0x98,0x24,0x52,0x24,0x80,0x25,0x80,0x25,0x82,0x7c,0xc0,0x08,0xc4,
    0x89,0x48,0x80,0x80,0x04,0x00,0x00,0x00,0x7c,0xc0,0x08,0xc4,0x8d,0x48,0x80,0x80,0x08,0x00,0x00,0x00,
    0x7c,0xc0,0x08,0xc4,0x88,0x48,0x80,0x80,0x06,0x00,0x00,0x00,0x7c,0xc0,0x08,0xc4,0x8c,0x48,0x80,0x80,
    0x0a,0x00,0x00,0x00,0x7c,0xc0,0x08,0xc4,0x8e,0x48,0x80,0x80,0x05,0x00,0x00,0x00,0x7c,0xc0,0x08,0xc4,
    0x92,0x48,0x80,0x80,0x09,0x00,0x00,0x00,0x7c,0xc0,0x08,0xc4,0x8f,0x48,0x80,0x80,0x07,0x00,0x00,0x00,
    0x7c,0xc0,0x08,0xc4,0x93,0x48,0x80,0x80,0x0b,0x00,0x00,0x00,0x0f,0x81,0x8f,0x80,0x80,0x27,0x27,0x98,
    0x24,0x52,0x24,0x80,0x25,0x80,0x25,0x82,0x40,0x49,0xc0,0xbe,0xa6,0x13,0xa0,0xbf,0xff,0x00,0xb8,0xbe,
    0x24,0xf5,0xff,0xff,0x31,0x83,0x0d,0xbf,0x46,0x4e,0xc0,0x98,0x31,0x82,0x0d,0xbf,0x38,0xff,0x38,0x98,
    0x04,0x00,0x00,0x00,0x02,0x00,0xb5,0xbf,0x20,0x00,0xc0,0xbf,0x96,0x03,0x48,0x7f,0x9a,0x03,0x4c,0x7f,
    0x90,0x03,0x4a,0x7f,0x94,0x03,0x4e,0x7f,0xa8,0x00,0x0f,0xcc,0x96,0x3f,0x03,0x18,0xaa,0x00,0x0f,0xcc,
    0x9a,0x47,0x03,0x18,0xa9,0x00,0x0f,0xcc,0x90,0x33,0x03,0x18,0xab,0x00,0x0f,0xcc,0x94,0x3b,0x03,0x18,
    0xa8,0x00,0x10,0xcc,0xa8,0xe1,0x01,0x08,0xaa,0x00,0x10,0xcc,0xaa,0xe1,0x01,0x08,0xa9,0x00,0x10,0xcc,
    0xa9,0xe1,0x01,0x08,0xab,0x00,0x10,0xcc,0xab,0xe1,0x01,0x08,0xa8,0x40,0x0e,0xcc,0x9e,0x53,0xa0,0x0e,
    0xaa,0x40,0x0e,0xcc,0xa2,0x53,0xa8,0x0e,0xa9,0x40,0x0e,0xcc,0x98,0x53,0xa4,0x0e,0xab,0x40,0x0e,0xcc,
    0x9c,0x53,0xac,0x0e,0x7c,0x00,0x08,0xc4,0x96,0x48,0x80,0x80,0x04,0x00,0x00,0x00,0x7c,0x00,0x08,0xc4,
    0x9a,0x48,0x80,0x80,0x08,0x00,0x00,0x00,0x7c,0x00,0x08,0xc4,0x97,0x48,0x80,0x80,0x06,0x00,0x00,0x00,
    0x7c,0x00,0x08,0xc4,0x9b,0x48,0x80,0x80,0x0a,0x00,0x00,0x00,0x7c,0x00,0x08,0xc4,0x90,0x48,0x80,0x80,
    0x05,0x00,0x00,0x00,0x7c,0x00,0x08,0xc4,0x94,0x48,0x80,0x80,0x09,0x00,0x00,0x00,0x7c,0x00,0x08,0xc4,
    0x91,0x48,0x80,0x80,0x07,0x00,0x00,0x00,0x7c,0x00,0x08,0xc4,0x95,0x48,0x80,0x80,0x0b,0x00,0x00,0x00,
    0x0f,0x81,0x8f,0x80,0x80,0x27,0x27,0x98,0x24,0x52,0x24,0x80,0x25,0x80,0x25,0x82,0x7c,0xc0,0x08,0xc4,
    0x96,0x48,0x80,0x80,0x04,0x00,0x00,0x00,0x7c,0xc0,0x08,0xc4,0x9a,0x48,0x80,0x80,0x08,0x00,0x00,0x00,
    0x7c,0xc0,0x08,0xc4,0x97,0x48,0x80,0x80,0x06,0x00,0x00,0x00,0x7c,0xc0,0x08,0xc4,0x9b,0x48,0x80,0x80,
    0x0a,0x00,0x00,0x00,0x7c,0xc0,0x08,0xc4,0x90,0x48,0x80,0x80,0x05,0x00,0x00,0x00,0x7c,0xc0,0x08,0xc4,
    0x94,0x48,0x80,0x80,0x09,0x00,0x00,0x00,0x7c,0xc0,0x08,0xc4,0x91,0x48,0x80,0x80,0x07,0x00,0x00,0x00,
    0x7c,0xc0,0x08,0xc4,0x95,0x48,0x80,0x80,0x0b,0x00,0x00,0x00,0x0f,0x81,0x8f,0x80,0x80,0x27,0x27,0x98,
    0x24,0x52,0x24,0x80,0x25,0x80,0x25,0x82,0x40,0x49,0xc0,0xbe,0x47,0x13,0xa0,0xbf,0xff,0x00,0xb8,0xbe,
    0xe4,0xea,0xff,0xff,0x31,0x84,0x0d,0xbf,0x48,0x50,0xc0,0x98,0x31,0x82,0x0d,0xbf,0x38,0xff,0x38,0x98,
    0x34,0xf5,0xff,0xff,0x02,0x00,0xb5,0xbf,0xa4,0x50,0x0e,0xcc,0x9e,0x53,0xa0,0x1e,0xa6,0x50,0x0e,0xcc,
    0xa2,0x53,0xa8,0x1e,0xa5,0x50,0x0e,0xcc,0x98,0x53,0xa4,0x1e,0xa7,0x50,0x0e,0xcc,0x9c,0x53,0xac,0x1e,
    0x9f,0x03,0x50,0x7f,0xa3,0x03,0x54,0x7f,0x99,0x03,0x52,0x7f,0x9d,0x03,0x56,0x7f,0x7c,0x00,0x08,0xc4,
    0x9e,0x48,0x80,0x80,0x04,0x00,0x00,0x00,0x7c,0x00,0x08,0xc4,0xa2,0x48,0x80,0x80,0x08,0x00,0x00,0x00,
    0x7c,0x00,0x08,0xc4,0x9f,0x48,0x80,0x80,0x06,0x00,0x00,0x00,0x7c,0x00,0x08,0xc4,0xa3,0x48,0x80,0x80,
    0x0a,0x00,0x00,0x00,0x7c,0x00,0x08,0xc4,0x98,0x48,0x80,0x80,0x05,0x00,0x00,0x00,0x7c,0x00,0x08,0xc4,
    0x9c,0x48,0x80,0x80,0x09,0x00,0x00,0x00,0x7c,0x00,0x08,0xc4,0x99,0x48,0x80,0x80,0x07,0x00,0x00,0x00,
    0x7c,0x00,0x08,0xc4,0x9d,0x48,0x80,0x80,0x0b,0x00,0x00,0x00,0x0f,0x81,0x8f,0x80,0x80,0x27,0x27,0x98,
    0x24,0x52,0x24,0x80,0x25,0x80,0x25,0x82,0x7c,0xc0,0x08,0xc4,0x9e,0x48,0x80,0x80,0x04,0x00,0x00,0x00,
    0x7c,0xc0,0x08,0xc4,0xa2,0x48,0x80,0x80,0x08,0x00,0x00,0x00,0x7c,0xc0,0x08,0xc4,0x9f,0x48,0x80,0x80,
    0x06,0x00,0x00,0x00,0x7c,0xc0,0x08,0xc4,0xa3,0x48,0x80,0x80,0x0a,0x00,0x00,0x00,0x7c,0xc0,0x08,0xc4,
    0x98,0x48,0x80,0x80,0x05,0x00,0x00,0x00,0x7c,0xc0,0x08,0xc4,0x9c,0x48,0x80,0x80,0x09,0x00,0x00,0x00,
    0x7c,0xc0,0x08,0xc4,0x99,0x48,0x80,0x80,0x07,0x00,0x00,0x00,0x7c,0xc0,0x08,0xc4,0x9d,0x48,0x80,0x80,
    0x0b,0x00,0x00,0x00,0x0f,0x81,0x8f,0x80,0x80,0x27,0x27,0x98,0x24,0x52,0x24,0x80,0x25,0x80,0x25,0x82,
    0x40,0x49,0xc0,0xbe,0xf9,0x12,0xa0,0xbf,0x01,0x00,0xb5,0xbf,0x38,0x9f,0x39,0x86,0x40,0x38,0xc0,0xa9,
    0x31,0x82,0x0d,0xbf,0xc1,0x80,0xb6,0x98,0x00,0x00,0xc6,0xbf,0xc1,0x4e,0x80,0xbe,0xff,0xff,0x94,0xbf,
    0x02,0x05,0x5a,0x7e,0x54,0x03,0xca,0x7e,0x55,0x03,0xcc,0x7e,0x52,0x00,0x0f,0xcc,0x54,0xc3,0x02,0x18,
    0x53,0x00,0x0f,0xcc,0x55,0xc5,0x02,0x18,0x52,0x00,0x10,0xcc,0x52,0xe1,0x01,0x08,0x53,0x00,0x10,0xcc,
    0x53,0xe1,0x01,0x08,0x52,0x40,0x0e,0xcc,0x58,0x53,0x48,0x0d,0x53,0x40,0x0e,0xcc,0x59,0x53,0x4c,0x0d,
    0x75,0x50,0x0e,0xcc,0x58,0x53,0x48,0x1d,0x76,0x50,0x0e,0xcc,0x59,0x53,0x4c,0x1d,0x61,0x03,0xfc,0x7e,
    0x62,0x03,0xfe,0x7e,0x0f,0x00,0x01,0xd5,0x11,0x07,0xda,0x00,0xc0,0x66,0xfc,0xdb,0x0e,0x00,0x00,0x54,
    0x00,0x78,0xfc,0xdb,0x0e,0x00,0x00,0x58,0x80,0x44,0x7c,0xdb,0x0f,0xa4,0x00,0x00,0xd0,0x66,0xfc,0xdb,
    0x0e,0x00,0x00,0x5d,0x10,0x78,0xfc,0xdb,0x0e,0x00,0x00,0x61,0xa0,0x46,0x7c,0xdb,0x0f,0xa8,0x00,0x00,
    0x2d,0x81,0x0d,0xbf,0x31,0x31,0x31,0x82,0x06,0x00,0xc6,0xbf,0x40,0x49,0xc0,0xbe,0x01,0x00,0xb5,0xbf,
    0x38,0x9f,0x39,0x86,0x17,0x22,0x97,0x80,0x80,0x38,0xb8,0x98,0x40,0x38,0xc0,0xa9,0x31,0x83,0x0d,0xbf,
    0xc1,0x80,0xea,0x98,0x00,0x00,0xc6,0xbf,0xc1,0x4e,0x80,0xbe,0xff,0xff,0x94,0xbf,0x54,0x03,0xd2,0x7e,
    0x55,0x03,0xd4,0x7e,0x70,0x00,0x0f,0xcc,0x54,0xc3,0x02,0x18,0x71,0x00,0x0f,0xcc,0x55,0xc5,0x02,0x18,
    0x70,0x00,0x10,0xcc,0x70,0xe1,0x01,0x08,0x71,0x00,0x10,0xcc,0x71,0xe1,0x01,0x08,0x70,0x40,0x0e,0xcc,
    0x58,0x53,0xc0,0x0d,0x71,0x40,0x0e,0xcc,0x59,0x53,0xc4,0x0d,0x79,0x50,0x0e,0xcc,0x58,0x53,0xc0,0x1d,
    0x7a,0x50,0x0e,0xcc,0x59,0x53,0xc4,0x1d,0x61,0x03,0x04,0x7f,0x62,0x03,0x06,0x7f,0x10,0x03,0x1c,0x02,
    0x00,0x89,0xfc,0xdb,0x0c,0x00,0x00,0x04,0x00,0x8d,0xfc,0xdb,0x0c,0x00,0x00,0x08,0x00,0x91,0xd8,0xd8,
    0x0d,0x00,0x00,0x02,0x80,0x44,0xfc,0xdb,0x0e,0x00,0x00,0x54,0xc0,0x55,0xfc,0xdb,0x0e,0x00,0x00,0x58,
    0xc0,0x66,0x7c,0xdb,0x0f,0xa4,0x00,0x00,0x90,0x44,0xfc,0xdb,0x0e,0x00,0x00,0x5d,0xd0,0x55,0xfc,0xdb,
    0x0e,0x00,0x00,0x61,0xe0,0x68,0x7c,0xdb,0x0f,0xa8,0x00,0x00,0x2d,0x80,0x0d,0xbf,0x80,0x23,0x23,0x98,
    0x81,0x22,0x22,0x98,0x2d,0x90,0x27,0x85,0x2d,0x81,0x0d,0xbf,0x35,0x3b,0x52,0x98,0x10,0x12,0xa4,0x98,
    0x27,0x52,0x38,0x96,0x27,0x52,0xb9,0x96,0x27,0x81,0x0f,0x80,0x16,0x0f,0x8f,0x80,0x80,0x23,0x27,0x98,
    0x24,0x38,0xa4,0xa9,0x06,0x00,0xc6,0xbf,0x40,0x49,0xc0,0xbe,0x01,0x00,0xb5,0xbf,0x38,0x9f,0x39,0x86,
    0x40,0x38,0xc0,0xa9,0x31,0x82,0x0d,0xbf,0xc1,0x80,0xb6,0x98,0x00,0x00,0xc6,0xbf,0xc1,0x4e,0x80,0xbe,
    0xff,0xff,0x94,0xbf,0x54,0x03,0xce,0x7e,0x55,0x03,0xd0,0x7e,0x6e,0x00,0x0f,0xcc,0x54,0xc3,0x02,0x18,
    0x6f,0x00,0x0f,0xcc,0x55,0xc5,0x02,0x18,0x6e,0x00,0x10,0xcc,0x6e,0xe1,0x01,0x08,0x6f,0x00,0x10,0xcc,
    0x6f,0xe1,0x01,0x08,0x6e,0x40,0x0e,0xcc,0x58,0x53,0xb8,0x0d,0x6f,0x40,0x0e,0xcc,0x59,0x53,0xbc,0x0d,
    0x77,0x50,0x0e,0xcc,0x58,0x53,0xb8,0x1d,0x78,0x50,0x0e,0xcc,0x59,0x53,0xbc,0x1d,0x61,0x03,0x00,0x7f,
    0x62,0x03,0x02,0x7f,0x0f,0x00,0x01,0xd5,0x11,0x07,0xda,0x00,0xc0,0x66,0xfc,0xdb,0x0e,0x00,0x00,0x54,
    0x00,0x78,0xfc,0xdb,0x0e,0x00,0x00,0x58,0x80,0x44,0x7c,0xdb,0x0f,0xa4,0x00,0x00,0xd0,0x66,0xfc,0xdb,
    0x0e,0x00,0x00,0x5d,0x10,0x78,0xfc,0xdb,0x0e,0x00,0x00,0x61,0xa0,0x46,0x7c,0xdb,0x0f,0xa8,0x00,0x00,
    0x2d,0x81,0x0d,0xbf,0x31,0x31,0x31,0x82,0x06,0x00,0xc6,0xbf,0x40,0x49,0xc0,0xbe,0x01,0x00,0xb5,0xbf,
    0x38,0x9f,0x39,0x86,0x40,0x38,0xc0,0xa9,0x31,0x83,0x0d,0xbf,0xc1,0x80,0xea,0x98,0x00,0x00,0xc6,0xbf,
    0xc1,0x4e,0x80,0xbe,0xff,0xff,0x94,0xbf,0x54,0x03,0xd6,0x7e,0x55,0x03,0xd8,0x7e,0x72,0x00,0x0f,0xcc,
    0x54,0xc3,0x02,0x18,0x73,0x00,0x0f,0xcc,0x55,0xc5,0x02,0x18,0x72,0x00,0x10,0xcc,0x72,0xe1,0x01,0x08,
    0x73,0x00,0x10,0xcc,0x73,0xe1,0x01,0x08,0x72,0x40,0x0e,0xcc,0x58,0x53,0xc8,0x0d,0x73,0x40,0x0e,0xcc,
    0x59,0x53,0xcc,0x0d,0x7b,0x50,0x0e,0xcc,0x58,0x53,0xc8,0x1d,0x7c,0x50,0x0e,0xcc,0x59,0x53,0xcc,0x1d,
    0x61,0x03,0x08,0x7f,0x62,0x03,0x0a,0x7f,0x10,0x03,0x1c,0x02,0x80,0x44,0xfc,0xdb,0x0e,0x00,0x00,0x54,
    0xc0,0x55,0xfc,0xdb,0x0e,0x00,0x00,0x58,0xc0,0x66,0x7c,0xdb,0x0f,0xa4,0x00,0x00,0x90,0x44,0xfc,0xdb,
    0x0e,0x00,0x00,0x5d,0xd0,0x55,0xfc,0xdb,0x0e,0x00,0x00,0x61,0xe0,0x68,0x7c,0xdb,0x0f,0xa8,0x00,0x00,
    0x06,0x00,0xc6,0xbf,0x40,0x49,0xc0,0xbe,0x01,0x00,0xb5,0xbf,0x38,0x9f,0x39,0x86,0x40,0x38,0xc0,0xa9,
    0x31,0x82,0x0d,0xbf,0xc1,0x80,0xb6,0x98,0x00,0x00,0xc6,0xbf,0x02,0x05,0x5a,0x7e,0x54,0x03,0xca,0x7e,
    0x55,0x03,0xcc,0x7e,0x52,0x00,0x0f,0xcc,0x54,0xc3,0x02,0x18,0x53,0x00,0x0f,0xcc,0x55,0xc5,0x02,0x18,
    0x52,0x00,0x10,0xcc,0x52,0xe1,0x01,0x08,0x53,0x00,0x10,0xcc,0x53,0xe1,0x01,0x08,0x52,0x40,0x0e,0xcc,
    0x58,0x53,0x48,0x0d,0x53,0x40,0x0e,0xcc,0x59,0x53,0x4c,0x0d,0x75,0x50,0x0e,0xcc,0x58,0x53,0x48,0x1d,
    0x76,0x50,0x0e,0xcc,0x59,0x53,0x4c,0x1d,0x61,0x03,0xfc,0x7e,0x62,0x03,0xfe,0x7e,0x0f,0x00,0x01,0xd5,
    0x11,0x07,0xda,0x00,0xc1,0x4e,0x80,0xbe,0xff,0xff,0x94,0xbf,0xc0,0x66,0xfc,0xdb,0x0e,0x00,0x00,0x54,
    0x00,0x78,0xfc,0xdb,0x0e,0x00,0x00,0x58,0x80,0x44,0x7c,0xdb,0x0f,0xa4,0x00,0x00,0xd0,0x66,0xfc,0xdb,
    0x0e,0x00,0x00,0x5d,0x10,0x78,0xfc,0xdb,0x0e,0x00,0x00,0x61,0xa0,0x46,0x7c,0xdb,0x0f,0xa8,0x00,0x00,
    0x2d,0x81,0x0d,0xbf,0x31,0x31,0x31,0x82,0x06,0x00,0xc6,0xbf,0x40,0x49,0xc0,0xbe,0x01,0x00,0xb5,0xbf,
    0x38,0x9f,0x39,0x86,0x17,0x22,0x97,0x80,0x80,0x38,0xb8,0x98,0x40,0x38,0xc0,0xa9,0x31,0x83,0x0d,0xbf,
    0xc1,0x80,0xea,0x98,0x00,0x00,0xc6,0xbf,0x54,0x03,0xd2,0x7e,0x55,0x03,0xd4,0x7e,0x70,0x00,0x0f,0xcc,
    0x54,0xc3,0x02,0x18,0x71,0x00,0x0f,0xcc,0x55,0xc5,0x02,0x18,0x70,0x00,0x10,0xcc,0x70,0xe1,0x01,0x08,
    0x71,0x00,0x10,0xcc,0x71,0xe1,0x01,0x08,0x70,0x40,0x0e,0xcc,0x58,0x53,0xc0,0x0d,0x71,0x40,0x0e,0xcc,
    0x59,0x53,0xc4,0x0d,0x79,0x50,0x0e,0xcc,0x58,0x53,0xc0,0x1d,0x7a,0x50,0x0e,0xcc,0x59,0x53,0xc4,0x1d,
    0x61,0x03,0x04,0x7f,0x62,0x03,0x06,0x7f,0x10,0x03,0x1c,0x02,0xc1,0x4e,0x80,0xbe,0xff,0xff,0x94,0xbf,
    0x00,0x89,0xfc,0xdb,0x0c,0x00,0x00,0x04,0x00,0x8d,0xfc,0xdb,0x0c,0x00,0x00,0x08,0x00,0x91,0xd8,0xd8,
    0x0d,0x00,0x00,0x02,0x80,0x44,0xfc,0xdb,0x0e,0x00,0x00,0x54,0xc0,0x55,0xfc,0xdb,0x0e,0x00,0x00,0x58,
    0xc0,0x66,0x7c,0xdb,0x0f,0xa4,0x00,0x00,0x90,0x44,0xfc,0xdb,0x0e,0x00,0x00,0x5d,0xd0,0x55,0xfc,0xdb,
    0x0e,0x00,0x00,0x61,0xe0,0x68,0x7c,0xdb,0x0f,0xa8,0x00,0x00,0x2d,0x80,0x0d,0xbf,0x80,0x23,0x23,0x98,
    0x81,0x22,0x22,0x98,0x2d,0x90,0x27,0x85,0x2d,0x81,0x0d,0xbf,0x35,0x3b,0x52,0x98,0x10,0x12,0xa4,0x98,
    0x27,0x52,0x38,0x96,0x27,0x52,0xb9,0x96,0x27,0x81,0x0f,0x80,0x16,0x0f,0x8f,0x80,0x80,0x23,0x27,0x98,
    0x24,0x38,0xa4,0xa9,0x06,0x00,0xc6,0xbf,0x40,0x49,0xc0,0xbe,0x01,0x00,0xb5,0xbf,0x38,0x9f,0x39,0x86,
    0x40,0x38,0xc0,0xa9,0x31,0x82,0x0d,0xbf,0xc1,0x80,0xb6,0x98,0x00,0x00,0xc6,0xbf,0x54,0x03,0xce,0x7e,
    0x55,0x03,0xd0,0x7e,0x6e,0x00,0x0f,0xcc,0x54,0xc3,0x02,0x18,0x6f,0x00,0x0f,0xcc,0x55,0xc5,0x02,0x18,
    0x6e,0x00,0x10,0xcc,0x6e,0xe1,0x01,0x08,0x6f,0x00,0x10,0xcc,0x6f,0xe1,0x01,0x08,0x6e,0x40,0x0e,0xcc,
    0x58,0x53,0xb8,0x0d,0x6f,0x40,0x0e,0xcc,0x59,0x53,0xbc,0x0d,0x77,0x50,0x0e,0xcc,0x58,0x53,0xb8,0x1d,
    0x78,0x50,0x0e,0xcc,0x59,0x53,0xbc,0x1d,0x61,0x03,0x00,0x7f,0x62,0x03,0x02,0x7f,0x0f,0x00,0x01,0xd5,
    0x11,0x07,0xda,0x00,0xc1,0x4e,0x80,0xbe,0xff,0xff,0x94,0xbf,0xc0,0x66,0xfc,0xdb,0x0e,0x00,0x00,0x54,
    0x00,0x78,0xfc,0xdb,0x0e,0x00,0x00,0x58,0x80,0x44,0x7c,0xdb,0x0f,0xa4,0x00,0x00,0xd0,0x66,0xfc,0xdb,
    0x0e,0x00,0x00,0x5d,0x10,0x78,0xfc,0xdb,0x0e,0x00,0x00,0x61,0xa0,0x46,0x7c,0xdb,0x0f,0xa8,0x00,0x00,
    0x2d,0x81,0x0d,0xbf,0x31,0x31,0x31,0x82,0x06,0x00,0xc6,0xbf,0x40,0x49,0xc0,0xbe,0x01,0x00,0xb5,0xbf,
    0x38,0x9f,0x39,0x86,0x40,0x38,0xc0,0xa9,0x31,0x83,0x0d,0xbf,0xc1,0x80,0xea,0x98,0x00,0x00,0xc6,0xbf,
    0x54,0x03,0xd6,0x7e,0x55,0x03,0xd8,0x7e,0x72,0x00,0x0f,0xcc,0x54,0xc3,0x02,0x18,0x73,0x00,0x0f,0xcc,
    0x55,0xc5,0x02,0x18,0x72,0x00,0x10,0xcc,0x72,0xe1,0x01,0x08,0x73,0x00,0x10,0xcc,0x73,0xe1,0x01,0x08,
    0x72,0x40,0x0e,0xcc,0x58,0x53,0xc8,0x0d,0x73,0x40,0x0e,0xcc,0x59,0x53,0xcc,0x0d,0x7b,0x50,0x0e,0xcc,
    0x58,0x53,0xc8,0x1d,0x7c,0x50,0x0e,0xcc,0x59,0x53,0xcc,0x1d,0x61,0x03,0x08,0x7f,0x62,0x03,0x0a,0x7f,
    0x10,0x03,0x1c,0x02,0xc1,0x4e,0x80,0xbe,0xff,0xff,0x94,0xbf,0x80,0x44,0xfc,0xdb,0x0e,0x00,0x00,0x54,
    0xc0,0x55,0xfc,0xdb,0x0e,0x00,0x00,0x58,0xc0,0x66,0x7c,0xdb,0x0f,0xa4,0x00,0x00,0x90,0x44,0xfc,0xdb,
    0x0e,0x00,0x00,0x5d,0xd0,0x55,0xfc,0xdb,0x0e,0x00,0x00,0x61,0xe0,0x68,0x7c,0xdb,0x0f,0xa8,0x00,0x00,
    0x06,0x00,0xc6,0xbf,0x40,0x49,0xc0,0xbe,0x01,0x00,0xb5,0xbf,0x38,0x9f,0x39,0x86,0x40,0x38,0xc0,0xa9,
    0x31,0x82,0x0d,0xbf,0xc1,0x80,0xb6,0x98,0x00,0x00,0xc6,0xbf,0xc1,0x4e,0x80,0xbe,0xff,0xff,0x94,0xbf,
    0x02,0x05,0x5a,0x7e,0x54,0x02,0x0f,0xcc,0x54,0xbb,0x02,0x58,0x55,0x02,0x0f,0xcc,0x55,0xbd,0x02,0x58,
    0x56,0x02,0x0f,0xcc,0x56,0xbf,0x02,0x58,0x57,0x02,0x0f,0xcc,0x57,0xc1,0x02,0x58,0x61,0x02,0x0f,0xcc,
    0x61,0xb1,0x02,0x58,0x62,0x02,0x0f,0xcc,0x62,0xb3,0x02,0x58,0x63,0x02,0x0f,0xcc,0x63,0xb5,0x02,0x58,
    0x64,0x02,0x0f,0xcc,0x64,0xb7,0x02,0x58,0x12,0x40,0x40,0xcc,0x65,0xa9,0x02,0x1a,0x16,0x40,0x40,0xcc,
    0x65,0xad,0x02,0x1a,0x42,0x40,0x40,0xcc,0x7e,0xc3,0x02,0x1a,0x46,0x40,0x40,0xcc,0x7e,0xc7,0x02,0x1a,
    0x54,0x00,0x0f,0xcc,0x58,0xbb,0x02,0x18,0x55,0x00,0x0f,0xcc,0x59,0xbd,0x02,0x18,0x56,0x00,0x0f,0xcc,
    0x5a,0xbf,0x02,0x18,0x57,0x00,0x0f,0xcc,0x5b,0xc1,0x02,0x18,0x61,0x02,0x0f,0xcc,0x5d,0xb1,0x02,0x58,
    0x62,0x02,0x0f,0xcc,0x5e,0xb3,0x02,0x58,0x63,0x02,0x0f,0xcc,0x5f,0xb5,0x02,0x58,0x64,0x02,0x0f,0xcc,
    0x60,0xb7,0x02,0x58,0x22,0x40,0x40,0xcc,0x52,0xa9,0x02,0x1a,0x26,0x40,0x40,0xcc,0x52,0xad,0x02,0x1a,
    0x32,0x40,0x40,0xcc,0x75,0xc3,0x02,0x1a,0x36,0x40,0x40,0xcc,0x75,0xc7,0x02,0x1a,0x0f,0x00,0x01,0xd5,
    0x11,0x07,0xda,0x00,0xc0,0x66,0xfc,0xdb,0x0e,0x00,0x00,0x54,0x00,0x78,0xfc,0xdb,0x0e,0x00,0x00,0x58,
    0x80,0x44,0x7c,0xdb,0x0f,0xa4,0x00,0x00,0xd0,0x66,0xfc,0xdb,0x0e,0x00,0x00,0x5d,0x10,0x78,0xfc,0xdb,
    0x0e,0x00,0x00,0x61,0xa0,0x46,0x7c,0xdb,0x0f,0xa8,0x00,0x00,0x2d,0x81,0x0d,0xbf,0x31,0x31,0x31,0x82,
    0x06,0x00,0xc6,0xbf,0x40,0x49,0xc0,0xbe,0x01,0x00,0xb5,0xbf,0x38,0x9f,0x39,0x86,0x17,0x22,0x97,0x80,
    0x80,0x38,0xb8,0x98,0x40,0x38,0xc0,0xa9,0x31,0x83,0x0d,0xbf,0xc1,0x80,0xea,0x98,0x00,0x00,0xc6,0xbf,
    0xc1,0x4e,0x80,0xbe,0xff,0xff,0x94,0xbf,0x54,0x02,0x0f,0xcc,0x54,0xbb,0x02,0x58,0x55,0x02,0x0f,0xcc,
    0x55,0xbd,0x02,0x58,0x56,0x02,0x0f,0xcc,0x56,0xbf,0x02,0x58,0x57,0x02,0x0f,0xcc,0x57,0xc1,0x02,0x58,
    0x61,0x02,0x0f,0xcc,0x61,0xb1,0x02,0x58,0x62,0x02,0x0f,0xcc,0x62,0xb3,0x02,0x58,0x63,0x02,0x0f,0xcc,
    0x63,0xb5,0x02,0x58,0x64,0x02,0x0f,0xcc,0x64,0xb7,0x02,0x58,0x1a,0x40,0x40,0xcc,0x69,0xa9,0x02,0x1a,
    0x1e,0x40,0x40,0xcc,0x69,0xad,0x02,0x1a,0x4a,0x40,0x40,0xcc,0x82,0xc3,0x02,0x1a,0x4e,0x40,0x40,0xcc,
    0x82,0xc7,0x02,0x1a,0x54,0x00,0x0f,0xcc,0x58,0xbb,0x02,0x18,0x55,0x00,0x0f,0xcc,0x59,0xbd,0x02,0x18,
    0x56,0x00,0x0f,0xcc,0x5a,0xbf,0x02,0x18,0x57,0x00,0x0f,0xcc,0x5b,0xc1,0x02,0x18,0x61,0x02,0x0f,0xcc,
    0x5d,0xb1,0x02,0x58,0x62,0x02,0x0f,0xcc,0x5e,0xb3,0x02,0x58,0x63,0x02,0x0f,0xcc,0x5f,0xb5,0x02,0x58,
    0x64,0x02,0x0f,0xcc,0x60,0xb7,0x02,0x58,0x2a,0x40,0x40,0xcc,0x70,0xa9,0x02,0x1a,0x2e,0x40,0x40,0xcc,
    0x70,0xad,0x02,0x1a,0x3a,0x40,0x40,0xcc,0x79,0xc3,0x02,0x1a,0x3e,0x40,0x40,0xcc,0x79,0xc7,0x02,0x1a,
    0x10,0x03,0x1c,0x02,0x00,0x89,0xfc,0xdb,0x0c,0x00,0x00,0x04,0x00,0x8d,0xfc,0xdb,0x0c,0x00,0x00,0x08,
    0x00,0x91,0xd8,0xd8,0x0d,0x00,0x00,0x02,0x80,0x44,0xfc,0xdb,0x0e,0x00,0x00,0x54,0xc0,0x55,0xfc,0xdb,
    0x0e,0x00,0x00,0x58,0xc0,0x66,0x7c,0xdb,0x0f,0xa4,0x00,0x00,0x90,0x44,0xfc,0xdb,0x0e,0x00,0x00,0x5d,
    0xd0,0x55,0xfc,0xdb,0x0e,0x00,0x00,0x61,0xe0,0x68,0x7c,0xdb,0x0f,0xa8,0x00,0x00,0x2d,0x80,0x0d,0xbf,
    0x80,0x23,0x23,0x98,0x81,0x22,0x22,0x98,0x2d,0x90,0x27,0x85,0x2d,0x81,0x0d,0xbf,0x35,0x3b,0x52,0x98,
    0x10,0x12,0xa4,0x98,0x27,0x52,0x38,0x96,0x27,0x52,0xb9,0x96,0x27,0x81,0x0f,0x80,0x16,0x0f,0x8f,0x80,
    0x80,0x23,0x27,0x98,0x24,0x38,0xa4,0xa9,0x06,0x00,0xc6,0xbf,0x40,0x49,0xc0,0xbe,0x01,0x00,0xb5,0xbf,
    0x38,0x9f,0x39,0x86,0x40,0x38,0xc0,0xa9,0x31,0x82,0x0d,0xbf,0xc1,0x80,0xb6,0x98,0x00,0x00,0xc6,0xbf,
    0xc1,0x4e,0x80,0xbe,0xff,0xff,0x94,0xbf,0x54,0x02,0x0f,0xcc,0x54,0xbb,0x02,0x58,0x55,0x02,0x0f,0xcc,
    0x55,0xbd,0x02,0x58,0x56,0x02,0x0f,0xcc,0x56,0xbf,0x02,0x58,0x57,0x02,0x0f,0xcc,0x57,0xc1,0x02,0x58,
    0x61,0x02,0x0f,0xcc,0x61,0xb1,0x02,0x58,0x62,0x02,0x0f,0xcc,0x62,0xb3,0x02,0x58,0x63,0x02,0x0f,0xcc,
    0x63,0xb5,0x02,0x58,0x64,0x02,0x0f,0xcc,0x64,0xb7,0x02,0x58,0x12,0x40,0x40,0xcc,0x67,0xa9,0x4a,0x1c,
    0x16,0x40,0x40,0xcc,0x67,0xad,0x5a,0x1c,0x42,0x40,0x40,0xcc,0x80,0xc3,0x0a,0x1d,0x46,0x40,0x40,0xcc,
    0x80,0xc7,0x1a,0x1d,0x54,0x00,0x0f,0xcc,0x58,0xbb,0x02,0x18,0x55,0x00,0x0f,0xcc,0x59,0xbd,0x02,0x18,
    0x56,0x00,0x0f,0xcc,0x5a,0xbf,0x02,0x18,0x57,0x00,0x0f,0xcc,0x5b,0xc1,0x02,0x18,0x61,0x02,0x0f,0xcc,
    0x5d,0xb1,0x02,0x58,0x62,0x02,0x0f,0xcc,0x5e,0xb3,0x02,0x58,0x63,0x02,0x0f,0xcc,0x5f,0xb5,0x02,0x58,
    0x64,0x02,0x0f,0xcc,0x60,0xb7,0x02,0x58,0x22,0x40,0x40,0xcc,0x6e,0xa9,0x8a,0x1c,0x26,0x40,0x40,0xcc,
    0x6e,0xad,0x9a,0x1c,0x32,0x40,0x40,0xcc,0x77,0xc3,0xca,0x1c,0x36,0x40,0x40,0xcc,0x77,0xc7,0xda,0x1c,
    0x12,0x45,0x24,0x06,0x13,0x47,0x26,0x06,0x14,0x49,0x28,0x06,0x15,0x4b,0x2a,0x06,0x16,0x4d,0x2c,0x06,
    0x17,0x4f,0x2e,0x06,0x18,0x51,0x30,0x06,0x19,0x53,0x32,0x06,0x22,0x85,0x84,0x06,0x23,0x87,0x86,0x06,
    0x24,0x89,0x88,0x06,0x25,0x8b,0x8a,0x06,0x26,0x8d,0x8c,0x06,0x27,0x8f,0x8e,0x06,0x28,0x91,0x90,0x06,
    0x29,0x93,0x92,0x06,0x12,0x65,0x24,0x06,0x13,0x67,0x26,0x06,0x14,0x69,0x28,0x06,0x15,0x6b,0x2a,0x06,
    0x16,0x6d,0x2c,0x06,0x17,0x6f,0x2e,0x06,0x18,0x71,0x30,0x06,0x19,0x73,0x32,0x06,0x42,0x00,0x03,0xd5,
    0x42,0x65,0x02,0x40,0x43,0x00,0x03,0xd5,0x43,0x67,0x02,0x40,0x44,0x00,0x03,0xd5,0x44,0x69,0x02,0x40,
    0x45,0x00,0x03,0xd5,0x45,0x6b,0x02,0x40,0x46,0x00,0x03,0xd5,0x46,0x6d,0x02,0x40,0x47,0x00,0x03,0xd5,
    0x47,0x6f,0x02,0x40,0x48,0x00,0x03,0xd5,0x48,0x71,0x02,0x40,0x49,0x00,0x03,0xd5,0x49,0x73,0x02,0x40,
    0x12,0x15,0x24,0x7e,0x13,0x15,0x24,0x7f,0x14,0x15,0x26,0x7e,0x15,0x15,0x26,0x7f,0x16,0x15,0x28,0x7e,
    0x17,0x15,0x28,0x7f,0x18,0x15,0x2a,0x7e,0x19,0x15,0x2a,0x7f,0x42,0x15,0x84,0x7e,0x43,0x15,0x84,0x7f,
    0x44,0x15,0x86,0x7e,0x45,0x15,0x86,0x7f,0x46,0x15,0x88,0x7e,0x47,0x15,0x88,0x7f,0x48,0x15,0x8a,0x7e,
    0x49,0x15,0x8a,0x7f,0x0f,0x00,0x01,0xd5,0x11,0x07,0xda,0x00,0x40,0x11,0x7c,0xdb,0x01,0x12,0x00,0x00,
    0x10,0x00,0x7c,0xdb,0x01,0x42,0x00,0x00,0xc0,0x66,0xfc,0xdb,0x0e,0x00,0x00,0x54,0x00,0x78,0xfc,0xdb,
    0x0e,0x00,0x00,0x58,0x80,0x44,0x7c,0xdb,0x0f,0xa4,0x00,0x00,0xd0,0x66,0xfc,0xdb,0x0e,0x00,0x00,0x5d,
    0x10,0x78,0xfc,0xdb,0x0e,0x00,0x00,0x61,0xa0,0x46,0x7c,0xdb,0x0f,0xa8,0x00,0x00,0x2d,0x81,0x0d,0xbf,
    0x31,0x31,0x31,0x82,0x06,0x00,0xc6,0xbf,0x40,0x49,0xc0,0xbe,0x01,0x00,0xb5,0xbf,0x38,0x9f,0x39,0x86,
    0x40,0x38,0xc0,0xa9,0x31,0x83,0x0d,0xbf,0xc1,0x80,0xea,0x98,0x00,0x00,0xc6,0xbf,0xc1,0x4e,0x80,0xbe,
    0xff,0xff,0x94,0xbf,0x54,0x02,0x0f,0xcc,0x54,0xbb,0x02,0x58,0x55,0x02,0x0f,0xcc,0x55,0xbd,0x02,0x58,
    0x56,0x02,0x0f,0xcc,0x56,0xbf,0x02,0x58,0x57,0x02,0x0f,0xcc,0x57,0xc1,0x02,0x58,0x61,0x02,0x0f,0xcc,
    0x61,0xb1,0x02,0x58,0x62,0x02,0x0f,0xcc,0x62,0xb3,0x02,0x58,0x63,0x02,0x0f,0xcc,0x63,0xb5,0x02,0x58,
    0x64,0x02,0x0f,0xcc,0x64,0xb7,0x02,0x58,0x1a,0x40,0x40,0xcc,0x6b,0xa9,0x6a,0x1c,0x1e,0x40,0x40,0xcc,
    0x6b,0xad,0x7a,0x1c,0x4a,0x40,0x40,0xcc,0x84,0xc3,0x2a,0x1d,0x4e,0x40,0x40,0xcc,0x84,0xc7,0x3a,0x1d,
    0x54,0x00,0x0f,0xcc,0x58,0xbb,0x02,0x18,0x55,0x00,0x0f,0xcc,0x59,0xbd,0x02,0x18,0x56,0x00,0x0f,0xcc,
    0x5a,0xbf,0x02,0x18,0x57,0x00,0x0f,0xcc,0x5b,0xc1,0x02,0x18,0x61,0x02,0x0f,0xcc,0x5d,0xb1,0x02,0x58,
    0x62,0x02,0x0f,0xcc,0x5e,0xb3,0x02,0x58,0x63,0x02,0x0f,0xcc,0x5f,0xb5,0x02,0x58,0x64,0x02,0x0f,0xcc,
    0x60,0xb7,0x02,0x58,0x2a,0x40,0x40,0xcc,0x72,0xa9,0xaa,0x1c,0x2e,0x40,0x40,0xcc,0x72,0xad,0xba,0x1c,
    0x3a,0x40,0x40,0xcc,0x7b,0xc3,0xea,0x1c,0x3e,0x40,0x40,0xcc,0x7b,0xc7,0xfa,0x1c,0x1a,0x55,0x34,0x06,
    0x1b,0x57,0x36,0x06,0x1c,0x59,0x38,0x06,0x1d,0x5b,0x3a,0x06,0x1e,0x5d,0x3c,0x06,0x1f,0x5f,0x3e,0x06,
    0x20,0x61,0x40,0x06,0x21,0x63,0x42,0x06,0x2a,0x95,0x94,0x06,0x2b,0x97,0x96,0x06,0x2c,0x99,0x98,0x06,
    0x2d,0x9b,0x9a,0x06,0x2e,0x9d,0x9c,0x06,0x2f,0x9f,0x9e,0x06,0x30,0xa1,0xa0,0x06,0x31,0xa3,0xa2,0x06,
    0x1a,0x75,0x34,0x06,0x1b,0x77,0x36,0x06,0x1c,0x79,0x38,0x06,0x1d,0x7b,0x3a,0x06,0x1e,0x7d,0x3c,0x06,
    0x1f,0x7f,0x3e,0x06,0x20,0x81,0x40,0x06,0x21,0x83,0x42,0x06,0x4a,0x00,0x03,0xd5,0x4a,0x75,0x02,0x40,
    0x4b,0x00,0x03,0xd5,0x4b,0x77,0x02,0x40,0x4c,0x00,0x03,0xd5,0x4c,0x79,0x02,0x40,0x4d,0x00,0x03,0xd5,
    0x4d,0x7b,0x02,0x40,0x4e,0x00,0x03,0xd5,0x4e,0x7d,0x02,0x40,0x4f,0x00,0x03,0xd5,0x4f,0x7f,0x02,0x40,
    0x50,0x00,0x03,0xd5,0x50,0x81,0x02,0x40,0x51,0x00,0x03,0xd5,0x51,0x83,0x02,0x40,0x1a,0x15,0x34,0x7e,
    0x1b,0x15,0x34,0x7f,0x1c,0x15,0x36,0x7e,0x1d,0x15,0x36,0x7f,0x1e,0x15,0x38,0x7e,0x1f,0x15,0x38,0x7f,
    0x20,0x15,0x3a,0x7e,0x21,0x15,0x3a,0x7f,0x4a,0x15,0x94,0x7e,0x4b,0x15,0x94,0x7f,0x4c,0x15,0x96,0x7e,
    0x4d,0x15,0x96,0x7f,0x4e,0x15,0x98,0x7e,0x4f,0x15,0x98,0x7f,0x50,0x15,0x9a,0x7e,0x51,0x15,0x9a,0x7f,
    0x10,0x03,0x1c,0x02,0x80,0x33,0x7c,0xdb,0x01,0x1a,0x00,0x00,0x50,0x22,0x7c,0xdb,0x01,0x4a,0x00,0x00,
    0x80,0x44,0xfc,0xdb,0x0e,0x00,0x00,0x54,0xc0,0x55,0xfc,0xdb,0x0e,0x00,0x00,0x58,0xc0,0x66,0x7c,0xdb,
    0x0f,0xa4,0x00,0x00,0x90,0x44,0xfc,0xdb,0x0e,0x00,0x00,0x5d,0xd0,0x55,0xfc,0xdb,0x0e,0x00,0x00,0x61,
    0xe0,0x68,0x7c,0xdb,0x0f,0xa8,0x00,0x00,0x06,0x00,0xc6,0xbf,0x40,0x49,0xc0,0xbe,0x01,0x00,0xb5,0xbf,
    0x38,0x9f,0x39,0x86,0x40,0x38,0xc0,0xa9,0x31,0x82,0x0d,0xbf,0xc1,0x80,0xb6,0x98,0x00,0x00,0xc6,0xbf,
    0x02,0x05,0x5a,0x7e,0x54,0x02,0x0f,0xcc,0x54,0xbb,0x02,0x58,0x55,0x02,0x0f,0xcc,0x55,0xbd,0x02,0x58,
    0x56,0x02,0x0f,0xcc,0x56,0xbf,0x02,0x58,0x57,0x02,0x0f,0xcc,0x57,0xc1,0x02,0x58,0x61,0x02,0x0f,0xcc,
    0x61,0xb1,0x02,0x58,0x62,0x02,0x0f,0xcc,0x62,0xb3,0x02,0x58,0x63,0x02,0x0f,0xcc,0x63,0xb5,0x02,0x58,
    0x64,0x02,0x0f,0xcc,0x64,0xb7,0x02,0x58,0x12,0x40,0x40,0xcc,0x65,0xa9,0x02,0x1a,0x16,0x40,0x40,0xcc,
    0x65,0xad,0x02,0x1a,0x42,0x40,0x40,0xcc,0x7e,0xc3,0x02,0x1a,0x46,0x40,0x40,0xcc,0x7e,0xc7,0x02,0x1a,
    0x54,0x00,0x0f,0xcc,0x58,0xbb,0x02,0x18,0x55,0x00,0x0f,0xcc,0x59,0xbd,0x02,0x18,0x56,0x00,0x0f,0xcc,
    0x5a,0xbf,0x02,0x18,0x57,0x00,0x0f,0xcc,0x5b,0xc1,0x02,0x18,0x61,0x02,0x0f,0xcc,0x5d,0xb1,0x02,0x58,
    0x62,0x02,0x0f,0xcc,0x5e,0xb3,0x02,0x58,0x63,0x02,0x0f,0xcc,0x5f,0xb5,0x02,0x58,0x64,0x02,0x0f,0xcc,
    0x60,0xb7,0x02,0x58,0x22,0x40,0x40,0xcc,0x52,0xa9,0x02,0x1a,0x26,0x40,0x40,0xcc,0x52,0xad,0x02,0x1a,
    0x32,0x40,0x40,0xcc,0x75,0xc3,0x02,0x1a,0x36,0x40,0x40,0xcc,0x75,0xc7,0x02,0x1a,0x0f,0x00,0x01,0xd5,
    0x11,0x07,0xda,0x00,0xc1,0x4e,0x80,0xbe,0xff,0xff,0x94,0xbf,0xc0,0x66,0xfc,0xdb,0x0e,0x00,0x00,0x54,
    0x00,0x78,0xfc,0xdb,0x0e,0x00,0x00,0x58,0x80,0x44,0x7c,0xdb,0x0f,0xa4,0x00,0x00,0xd0,0x66,0xfc,0xdb,
    0x0e,0x00,0x00,0x5d,0x10,0x78,0xfc,0xdb,0x0e,0x00,0x00,0x61,0xa0,0x46,0x7c,0xdb,0x0f,0xa8,0x00,0x00,
    0x2d,0x81,0x0d,0xbf,0x31,0x31,0x31,0x82,0x06,0x00,0xc6,0xbf,0x40,0x49,0xc0,0xbe,0x01,0x00,0xb5,0xbf,
    0x38,0x9f,0x39,0x86,0x17,0x22,0x97,0x80,0x80,0x38,0xb8,0x98,0x40,0x38,0xc0,0xa9,0x31,0x83,0x0d,0xbf,
    0xc1,0x80,0xea,0x98,0x00,0x00,0xc6,0xbf,0x54,0x02,0x0f,0xcc,0x54,0xbb,0x02,0x58,0x55,0x02,0x0f,0xcc,
    0x55,0xbd,0x02,0x58,0x56,0x02,0x0f,0xcc,0x56,0xbf,0x02,0x58,0x57,0x02,0x0f,0xcc,0x57,0xc1,0x02,0x58,
    0x61,0x02,0x0f,0xcc,0x61,0xb1,0x02,0x58,0x62,0x02,0x0f,0xcc,0x62,0xb3,0x02,0x58,0x63,0x02,0x0f,0xcc,
    0x63,0xb5,0x02,0x58,0x64,0x02,0x0f,0xcc,0x64,0xb7,0x02,0x58,0x1a,0x40,0x40,0xcc,0x69,0xa9,0x02,0x1a,
    0x1e,0x40,0x40,0xcc,0x69,0xad,0x02,0x1a,0x4a,0x40,0x40,0xcc,0x82,0xc3,0x02,0x1a,0x4e,0x40,0x40,0xcc,
    0x82,0xc7,0x02,0x1a,0x54,0x00,0x0f,0xcc,0x58,0xbb,0x02,0x18,0x55,0x00,0x0f,0xcc,0x59,0xbd,0x02,0x18,
    0x56,0x00,0x0f,0xcc,0x5a,0xbf,0x02,0x18,0x57,0x00,0x0f,0xcc,0x5b,0xc1,0x02,0x18,0x61,0x02,0x0f,0xcc,
    0x5d,0xb1,0x02,0x58,0x62,0x02,0x0f,0xcc,0x5e,0xb3,0x02,0x58,0x63,0x02,0x0f,0xcc,0x5f,0xb5,0x02,0x58,
    0x64,0x02,0x0f,0xcc,0x60,0xb7,0x02,0x58,0x2a,0x40,0x40,0xcc,0x70,0xa9,0x02,0x1a,0x2e,0x40,0x40,0xcc,
    0x70,0xad,0x02,0x1a,0x3a,0x40,0x40,0xcc,0x79,0xc3,0x02,0x1a,0x3e,0x40,0x40,0xcc,0x79,0xc7,0x02,0x1a,
    0x10,0x03,0x1c,0x02,0xc1,0x4e,0x80,0xbe,0xff,0xff,0x94,0xbf,0x00,0x89,0xfc,0xdb,0x0c,0x00,0x00,0x04,
    0x00,0x8d,0xfc,0xdb,0x0c,0x00,0x00,0x08,0x00,0x91,0xd8,0xd8,0x0d,0x00,0x00,0x02,0x80,0x44,0xfc,0xdb,
    0x0e,0x00,0x00,0x54,0xc0,0x55,0xfc,0xdb,0x0e,0x00,0x00,0x58,0xc0,0x66,0x7c,0xdb,0x0f,0xa4,0x00,0x00,
    0x90,0x44,0xfc,0xdb,0x0e,0x00,0x00,0x5d,0xd0,0x55,0xfc,0xdb,0x0e,0x00,0x00,0x61,0xe0,0x68,0x7c,0xdb,
    0x0f,0xa8,0x00,0x00,0x2d,0x80,0x0d,0xbf,0x80,0x23,0x23,0x98,0x81,0x22,0x22,0x98,0x2d,0x90,0x27,0x85,
    0x2d,0x81,0x0d,0xbf,0x35,0x3b,0x52,0x98,0x10,0x12,0xa4,0x98,0x27,0x52,0x38,0x96,0x27,0x52,0xb9,0x96,
    0x27,0x81,0x0f,0x80,0x16,0x0f,0x8f,0x80,0x80,0x23,0x27,0x98,0x24,0x38,0xa4,0xa9,0x06,0x00,0xc6,0xbf,
    0x40,0x49,0xc0,0xbe,0x01,0x00,0xb5,0xbf,0x38,0x9f,0x39,0x86,0x40,0x38,0xc0,0xa9,0x31,0x82,0x0d,0xbf,
    0xc1,0x80,0xb6,0x98,0x00,0x00,0xc6,0xbf,0x54,0x02,0x0f,0xcc,0x54,0xbb,0x02,0x58,0x55,0x02,0x0f,0xcc,
    0x55,0xbd,0x02,0x58,0x56,0x02,0x0f,0xcc,0x56,0xbf,0x02,0x58,0x57,0x02,0x0f,0xcc,0x57,0xc1,0x02,0x58,
    0x61,0x02,0x0f,0xcc,0x61,0xb1,0x02,0x58,0x62,0x02,0x0f,0xcc,0x62,0xb3,0x02,0x58,0x63,0x02,0x0f,0xcc,
    0x63,0xb5,0x02,0x58,0x64,0x02,0x0f,0xcc,0x64,0xb7,0x02,0x58,0x12,0x40,0x40,0xcc,0x67,0xa9,0x4a,0x1c,
    0x16,0x40,0x40,0xcc,0x67,0xad,0x5a,0x1c,0x42,0x40,0x40,0xcc,0x80,0xc3,0x0a,0x1d,0x46,0x40,0x40,0xcc,
    0x80,0xc7,0x1a,0x1d,0x54,0x00,0x0f,0xcc,0x58,0xbb,0x02,0x18,0x55,0x00,0x0f,0xcc,0x59,0xbd,0x02,0x18,
    0x56,0x00,0x0f,0xcc,0x5a,0xbf,0x02,0x18,0x57,0x00,0x0f,0xcc,0x5b,0xc1,0x02,0x18,0x61,0x02,0x0f,0xcc,
    0x5d,0xb1,0x02,0x58,0x62,0x02,0x0f,0xcc,0x5e,0xb3,0x02,0x58,0x63,0x02,0x0f,0xcc,0x5f,0xb5,0x02,0x58,
    0x64,0x02,0x0f,0xcc,0x60,0xb7,0x02,0x58,0x22,0x40,0x40,0xcc,0x6e,0xa9,0x8a,0x1c,0x26,0x40,0x40,0xcc,
    0x6e,0xad,0x9a,0x1c,0x32,0x40,0x40,0xcc,0x77,0xc3,0xca,0x1c,0x36,0x40,0x40,0xcc,0x77,0xc7,0xda,0x1c,
    0x12,0x45,0x24,0x06,0x13,0x47,0x26,0x06,0x14,0x49,0x28,0x06,0x15,0x4b,0x2a,0x06,0x16,0x4d,0x2c,0x06,
    0x17,0x4f,0x2e,0x06,0x18,0x51,0x30,0x06,0x19,0x53,0x32,0x06,0x22,0x85,0x84,0x06,0x23,0x87,0x86,0x06,
    0x24,0x89,0x88,0x06,0x25,0x8b,0x8a,0x06,0x26,0x8d,0x8c,0x06,0x27,0x8f,0x8e,0x06,0x28,0x91,0x90,0x06,
    0x29,0x93,0x92,0x06,0x12,0x65,0x24,0x06,0x13,0x67,0x26,0x06,0x14,0x69,0x28,0x06,0x15,0x6b,0x2a,0x06,
    0x16,0x6d,0x2c,0x06,0x17,0x6f,0x2e,0x06,0x18,0x71,0x30,0x06,0x19,0x73,0x32,0x06,0x42,0x00,0x03,0xd5,
    0x42,0x65,0x02,0x40,0x43,0x00,0x03,0xd5,0x43,0x67,0x02,0x40,0x44,0x00,0x03,0xd5,0x44,0x69,0x02,0x40,
    0x45,0x00,0x03,0xd5,0x45,0x6b,0x02,0x40,0x46,0x00,0x03,0xd5,0x46,0x6d,0x02,0x40,0x47,0x00,0x03,0xd5,
    0x47,0x6f,0x02,0x40,0x48,0x00,0x03,0xd5,0x48,0x71,0x02,0x40,0x49,0x00,0x03,0xd5,0x49,0x73,0x02,0x40,
    0x12,0x15,0x24,0x7e,0x13,0x15,0x24,0x7f,0x14,0x15,0x26,0x7e,0x15,0x15,0x26,0x7f,0x16,0x15,0x28,0x7e,
    0x17,0x15,0x28,0x7f,0x18,0x15,0x2a,0x7e,0x19,0x15,0x2a,0x7f,0x42,0x15,0x84,0x7e,0x43,0x15,0x84,0x7f,
    0x44,0x15,0x86,0x7e,0x45,0x15,0x86,0x7f,0x46,0x15,0x88,0x7e,0x47,0x15,0x88,0x7f,0x48,0x15,0x8a,0x7e,
    0x49,0x15,0x8a,0x7f,0x0f,0x00,0x01,0xd5,0x11,0x07,0xda,0x00,0xc1,0x4e,0x80,0xbe,0xff,0xff,0x94,0xbf,
    0x40,0x11,0x7c,0xdb,0x01,0x12,0x00,0x00,0x10,0x00,0x7c,0xdb,0x01,0x42,0x00,0x00,0xc0,0x66,0xfc,0xdb,
    0x0e,0x00,0x00,0x54,0x00,0x78,0xfc,0xdb,0x0e,0x00,0x00,0x58,0x80,0x44,0x7c,0xdb,0x0f,0xa4,0x00,0x00,
    0xd0,0x66,0xfc,0xdb,0x0e,0x00,0x00,0x5d,0x10,0x78,0xfc,0xdb,0x0e,0x00,0x00,0x61,0xa0,0x46,0x7c,0xdb,
    0x0f,0xa8,0x00,0x00,0x2d,0x81,0x0d,0xbf,0x31,0x31,0x31,0x82,0x06,0x00,0xc6,0xbf,0x40,0x49,0xc0,0xbe,
    0x01,0x00,0xb5,0xbf,0x38,0x9f,0x39,0x86,0x40,0x38,0xc0,0xa9,0x31,0x83,0x0d,0xbf,0xc1,0x80,0xea,0x98,
    0x00,0x00,0xc6,0xbf,0x54,0x02,0x0f,0xcc,0x54,0xbb,0x02,0x58,0x55,0x02,0x0f,0xcc,0x55,0xbd,0x02,0x58,
    0x56,0x02,0x0f,0xcc,0x56,0xbf,0x02,0x58,0x57,0x02,0x0f,0xcc,0x57,0xc1,0x02,0x58,0x61,0x02,0x0f,0xcc,
    0x61,0xb1,0x02,0x58,0x62,0x02,0x0f,0xcc,0x62,0xb3,0x02,0x58,0x63,0x02,0x0f,0xcc,0x63,0xb5,0x02,0x58,
    0x64,0x02,0x0f,0xcc,0x64,0xb7,0x02,0x58,0x1a,0x40,0x40,0xcc,0x6b,0xa9,0x6a,0x1c,0x1e,0x40,0x40,0xcc,
    0x6b,0xad,0x7a,0x1c,0x4a,0x40,0x40,0xcc,0x84,0xc3,0x2a,0x1d,0x4e,0x40,0x40,0xcc,0x84,0xc7,0x3a,0x1d,
    0x54,0x00,0x0f,0xcc,0x58,0xbb,0x02,0x18,0x55,0x00,0x0f,0xcc,0x59,0xbd,0x02,0x18,0x56,0x00,0x0f,0xcc,
    0x5a,0xbf,0x02,0x18,0x57,0x00,0x0f,0xcc,0x5b,0xc1,0x02,0x18,0x61,0x02,0x0f,0xcc,0x5d,0xb1,0x02,0x58,
    0x62,0x02,0x0f,0xcc,0x5e,0xb3,0x02,0x58,0x63,0x02,0x0f,0xcc,0x5f,0xb5,0x02,0x58,0x64,0x02,0x0f,0xcc,
    0x60,0xb7,0x02,0x58,0x2a,0x40,0x40,0xcc,0x72,0xa9,0xaa,0x1c,0x2e,0x40,0x40,0xcc,0x72,0xad,0xba,0x1c,
    0x3a,0x40,0x40,0xcc,0x7b,0xc3,0xea,0x1c,0x3e,0x40,0x40,0xcc,0x7b,0xc7,0xfa,0x1c,0x1a,0x55,0x34,0x06,
    0x1b,0x57,0x36,0x06,0x1c,0x59,0x38,0x06,0x1d,0x5b,0x3a,0x06,0x1e,0x5d,0x3c,0x06,0x1f,0x5f,0x3e,0x06,
    0x20,0x61,0x40,0x06,0x21,0x63,0x42,0x06,0x2a,0x95,0x94,0x06,0x2b,0x97,0x96,0x06,0x2c,0x99,0x98,0x06,
    0x2d,0x9b,0x9a,0x06,0x2e,0x9d,0x9c,0x06,0x2f,0x9f,0x9e,0x06,0x30,0xa1,0xa0,0x06,0x31,0xa3,0xa2,0x06,
    0x1a,0x75,0x34,0x06,0x1b,0x77,0x36,0x06,0x1c,0x79,0x38,0x06,0x1d,0x7b,0x3a,0x06,0x1e,0x7d,0x3c,0x06,
    0x1f,0x7f,0x3e,0x06,0x20,0x81,0x40,0x06,0x21,0x83,0x42,0x06,0x4a,0x00,0x03,0xd5,0x4a,0x75,0x02,0x40,
    0x4b,0x00,0x03,0xd5,0x4b,0x77,0x02,0x40,0x4c,0x00,0x03,0xd5,0x4c,0x79,0x02,0x40,0x4d,0x00,0x03,0xd5,
    0x4d,0x7b,0x02,0x40,0x4e,0x00,0x03,0xd5,0x4e,0x7d,0x02,0x40,0x4f,0x00,0x03,0xd5,0x4f,0x7f,0x02,0x40,
    0x50,0x00,0x03,0xd5,0x50,0x81,0x02,0x40,0x51,0x00,0x03,0xd5,0x51,0x83,0x02,0x40,0x1a,0x15,0x34,0x7e,
    0x1b,0x15,0x34,0x7f,0x1c,0x15,0x36,0x7e,0x1d,0x15,0x36,0x7f,0x1e,0x15,0x38,0x7e,0x1f,0x15,0x38,0x7f,
    0x20,0x15,0x3a,0x7e,0x21,0x15,0x3a,0x7f,0x4a,0x15,0x94,0x7e,0x4b,0x15,0x94,0x7f,0x4c,0x15,0x96,0x7e,
    0x4d,0x15,0x96,0x7f,0x4e,0x15,0x98,0x7e,0x4f,0x15,0x98,0x7f,0x50,0x15,0x9a,0x7e,0x51,0x15,0x9a,0x7f,
    0x10,0x03,0x1c,0x02,0xc1,0x4e,0x80,0xbe,0xff,0xff,0x94,0xbf,0x80,0x33,0x7c,0xdb,0x01,0x1a,0x00,0x00,
    0x50,0x22,0x7c,0xdb,0x01,0x4a,0x00,0x00,0x80,0x44,0xfc,0xdb,0x0e,0x00,0x00,0x54,0xc0,0x55,0xfc,0xdb,
    0x0e,0x00,0x00,0x58,0xc0,0x66,0x7c,0xdb,0x0f,0xa4,0x00,0x00,0x90,0x44,0xfc,0xdb,0x0e,0x00,0x00,0x5d,
    0xd0,0x55,0xfc,0xdb,0x0e,0x00,0x00,0x61,0xe0,0x68,0x7c,0xdb,0x0f,0xa8,0x00,0x00,0x06,0x00,0xc6,0xbf,
    0x40,0x49,0xc0,0xbe,0x15,0x00,0x10,0xd6,0x00,0x0d,0x05,0x02,0xbf,0x00,0x30,0x36,0x6a,0x00,0x4a,0xd4,
    0x15,0x03,0x01,0x00,0x17,0x00,0x01,0xd5,0x80,0xfe,0xa9,0x01,0x00,0x06,0x00,0x00,0x15,0x00,0x01,0xd5,
    0x80,0xfe,0xa9,0x01,0x00,0x04,0x00,0x00,0x16,0x00,0x01,0xd5,0x80,0xfe,0xa9,0x01,0x00,0x01,0x00,0x00,
    0x0c,0x00,0x46,0xd6,0x18,0x07,0x5d,0x04,0x0d,0x00,0x46,0xd6,0x18,0x07,0x01,0x02,0x10,0x00,0x46,0xd6,
    0x18,0x05,0x59,0x04,0x11,0x00,0x46,0xd6,0x18,0x05,0x01,0x02,0x0f,0x00,0x46,0xd6,0x18,0x09,0x55,0x04,
    0x3a,0xff,0x45,0x93,0x00,0x00,0x08,0x00,0x45,0x80,0x06,0xbf,0xff,0x02,0xa0,0xbe,0x00,0x3c,0x00,0x3c,
    0x0f,0x00,0xa2,0xbf,0x45,0x84,0x06,0xbf,0x13,0x00,0xa2,0xbf,0x45,0x82,0x06,0xbf,0x14,0x00,0xa2,0xbf,
    0x20,0x14,0x2a,0x7e,0x15,0x05,0x40,0x7e,0x21,0x14,0x2a,0x7e,0x15,0x05,0x42,0x7e,0x6a,0x00,0x04,0xd4,
    0x20,0xe4,0x01,0x00,0x20,0x20,0x20,0x99,0x21,0x21,0x21,0x99,0x45,0x83,0x06,0xbf,0x0d,0x00,0xa2,0xbf,
    0x03,0x00,0xa4,0xbf,0xff,0x00,0xbb,0xbe,0x44,0x5d,0x00,0x00,0x0b,0x00,0xa0,0xbf,0xff,0x00,0xbb,0xbe,
    0xe4,0x60,0x00,0x00,0x08,0x00,0xa0,0xbf,0xff,0x00,0xbb,0xbe,0x84,0x64,0x00,0x00,0x05,0x00,0xa0,0xbf,
    0xff,0x00,0xbb,0xbe,0xa4,0x67,0x00,0x00,0x02,0x00,0xa0,0xbf,0xff,0x00,0xbb,0xbe,0x84,0x6d,0x00,0x00,
    0x04,0xff,0x46,0x80,0x00,0x52,0x00,0x00,0x05,0x80,0x47,0x82,0x00,0x05,0x8a,0x7e,0xff,0x00,0xb9,0xbe,
    0x00,0xc0,0x00,0x3c,0x33,0x81,0x37,0x84,0x34,0x81,0x38,0x84,0x45,0xff,0x45,0x93,0x06,0x00,0x01,0x00,
    0x90,0x00,0xc9,0xbe,0x37,0x83,0x48,0x84,0x49,0x45,0x49,0x96,0x48,0x45,0x48,0x96,0x88,0x45,0x36,0x96,
    0x0c,0x36,0xb6,0x80,0x80,0x02,0xb6,0xbe,0x1e,0x80,0x10,0xbf,0x80,0xff,0x4f,0x98,0x00,0x40,0x01,0x10,
    0x1e,0x49,0x1e,0x80,0x1f,0x80,0x1f,0x82,0x1f,0xff,0x1f,0x8b,0xff,0xff,0x00,0x00,0x1f,0xff,0x1f,0x80,
    0x00,0x00,0x02,0x00,0x1e,0x01,0xcc,0xbe,0xff,0x00,0xce,0xbe,0x00,0x00,0x00,0x80,0x15,0x00,0x1b,0xd5,
    0x00,0x7f,0x01,0x00,0x81,0x2a,0x2a,0x30,0x6a,0x00,0x49,0xd4,0x15,0x6d,0x00,0x00,0x16,0x00,0x25,0xd5,
    0x15,0x03,0x01,0x00,0xff,0x2a,0x2a,0x02,0x00,0x00,0x00,0x80,0x6a,0x00,0x49,0xd4,0x16,0x6d,0x00,0x00,
    0xff,0x2c,0x2c,0x02,0x00,0x00,0x00,0x80,0x7c,0x00,0x08,0xc4,0x17,0x98,0x80,0x80,0x15,0x00,0x00,0x00,
    0x7c,0xc0,0x08,0xc4,0x17,0x98,0x80,0x80,0x16,0x00,0x00,0x00,0x00,0x00,0xc0,0xbf,0x28,0x00,0x60,0xd7,
    0x17,0x01,0x01,0x00,0x29,0x00,0x60,0xd7,0x17,0x03,0x01,0x00,0x2d,0x00,0x60,0xd7,0x17,0x05,0x01,0x00,
    0x31,0x00,0x60,0xd7,0x17,0x07,0x01,0x00,0x15,0xff,0x15,0x8b,0xff,0xff,0x00,0x00,0x15,0xff,0x15,0x80,
    0x00,0x00,0x02,0x00,0x14,0x48,0x14,0x80,0x15,0x80,0x15,0x82,0x14,0x01,0xc0,0xbe,0xff,0x00,0xc2,0xbe,
    0x00,0x00,0x00,0x80,0x80,0x00,0xc3,0xbe,0x1c,0x81,0x1f,0x80,0x1f,0x81,0x1f,0x85,0x1f,0x81,0x45,0x84,
    0x1d,0x81,0x48,0x80,0x48,0x81,0x48,0x85,0x48,0x82,0x48,0x87,0x48,0x1f,0x10,0x99,0x0b,0x0a,0x12,0x99,
    0x45,0x1a,0x93,0x80,0x48,0x1b,0x9e,0x80,0x1e,0x13,0x13,0x99,0x1d,0x1c,0x17,0x99,0x48,0x81,0x9e,0x80,
    0x1e,0x45,0x22,0x99,0x18,0x00,0x19,0xd5,0x90,0x20,0x00,0x00,0x19,0x00,0x12,0xd6,0xff,0x20,0x00,0x02,
    0xff,0xff,0x00,0x00,0x81,0x00,0x36,0x36,0x21,0x00,0x10,0xd6,0x00,0x0d,0x05,0x02,0xbf,0x00,0x2c,0x36,
    0x1c,0x00,0x59,0xd6,0xff,0x0c,0x00,0x02,0x7c,0x00,0x00,0x00,0x21,0x00,0x59,0xd6,0x82,0x0e,0x84,0x04,
    0x1a,0x00,0x59,0xd6,0x18,0x33,0x02,0x02,0x80,0x36,0x94,0x7c,0x1a,0x33,0x44,0x02,0x17,0x00,0x59,0xd6,
    0xbe,0x42,0x5a,0x04,0x1c,0x2f,0x2e,0x02,0x22,0x73,0x50,0x7e,0x28,0x45,0x52,0x30,0xff,0x52,0x4e,0x36,
    0x00,0xff,0xff,0xff,0xff,0x52,0x94,0x7c,0x00,0x00,0x00,0x80,0x27,0x0d,0x4e,0x7e,0x27,0x55,0x46,0x7e,
    0xa0,0x50,0x48,0x42,0x29,0x23,0x50,0x7e,0x27,0x00,0x13,0xd6,0x27,0x47,0xce,0x03,0x27,0x00,0x13,0xd6,
    0x28,0x47,0x9e,0x04,0x27,0x47,0x4e,0x5a,0x00,0x00,0x00,0x9f,0xff,0x4e,0x4e,0x10,0x00,0x00,0x80,0x5f,
    0x80,0x02,0x50,0x7e,0x27,0x00,0x8d,0xd5,0x27,0x01,0x00,0x20,0x23,0x00,0x46,0xd6,0x23,0x13,0x9d,0x04,
    0x28,0x6a,0xfe,0xd6,0x29,0x47,0xa2,0x04,0x23,0x6a,0x21,0xd5,0x23,0x83,0xa9,0x01,0xfa,0x02,0x4c,0x7e,
    0x24,0x55,0x00,0xff,0xfa,0x02,0x48,0x7e,0x24,0x00,0x00,0xff,0xfa,0x02,0x4a,0x7e,0x23,0x55,0x00,0xff,
    0xfa,0x02,0x46,0x7e,0x23,0x00,0x00,0xff,0x27,0x00,0x2d,0xd7,0x17,0x47,0x02,0x00,0x15,0x6a,0x00,0xd7,
    0x27,0x2f,0x02,0x00,0x27,0x6a,0x20,0xd5,0x80,0x00,0xa9,0x01,0xa0,0x48,0x94,0x7c,0x15,0x4f,0x2a,0x02,
    0x15,0x00,0x16,0xd6,0x27,0x2b,0x92,0x04,0x27,0x00,0x2d,0xd7,0x17,0x4b,0x02,0x00,0x04,0x6a,0x00,0xd7,
    0x27,0x2f,0x02,0x00,0x27,0x6a,0x20,0xd5,0x80,0x00,0xa9,0x01,0xa0,0x4c,0x94,0x7c,0x04,0x4f,0x08,0x02,
    0x04,0x00,0x16,0xd6,0x27,0x09,0x9a,0x04,0x20,0x00,0x59,0xd6,0x15,0x33,0x02,0x02,0x1f,0x00,0x59,0xd6,
    0x04,0x31,0x02,0x02,0x17,0x41,0x40,0x4c,0x15,0x3f,0x3e,0x4c,0x49,0x00,0x60,0xd7,0x20,0x03,0x01,0x00,
    0x20,0x33,0x40,0x4c,0x11,0x00,0x60,0xd7,0x1f,0x03,0x01,0x00,0x1f,0x31,0x3e,0x4c,0x0f,0x00,0x60,0xd7,
    0x04,0x03,0x01,0x00,0x04,0x00,0x26,0xd5,0x04,0x11,0x00,0x00,0x11,0x90,0x11,0x84,0x49,0xff,0x49,0x8b,
    0xff,0xff,0x00,0x00,0x11,0x49,0x11,0x80,0xfa,0x02,0x40,0x7e,0x20,0xa0,0x00,0xff,0xfa,0x02,0x3e,0x7e,
    0x1f,0xa0,0x00,0xff,0xfa,0x02,0x08,0x7e,0x04,0xa0,0x00,0xff,0x20,0x6a,0x00,0xd7,0x20,0x37,0x02,0x00,
    0x80,0x32,0x3c,0x02,0x1f,0x6a,0x20,0xd5,0x1f,0x01,0xa9,0x01,0x80,0x30,0x3a,0x02,0x04,0x6a,0x20,0xd5,
    0x04,0x01,0xa9,0x01,0x1b,0x00,0x13,0xd5,0x16,0x7f,0x01,0x00,0x20,0x3d,0x40,0x4c,0x1f,0x3b,0x3e,0x4c,
    0x16,0x37,0x94,0x7c,0x90,0x3e,0x02,0x30,0x01,0x00,0x12,0xd6,0xff,0x40,0x06,0x04,0xff,0xff,0x00,0x00,
    0x2a,0x00,0x25,0xd5,0x04,0x11,0x00,0x00,0x1b,0x00,0x21,0xd6,0x16,0x03,0xf9,0x02,0x02,0x00,0x2c,0xd7,
    0x2a,0x55,0x00,0x00,0x0b,0x00,0x2c,0xd7,0x2a,0x65,0x00,0x00,0x0f,0x2a,0x16,0x96,0x0f,0x32,0x23,0x96,
    0xff,0x04,0x04,0x02,0x00,0x00,0x00,0x80,0x16,0x37,0x94,0x7c,0xff,0x16,0x16,0x02,0x00,0x00,0x00,0x80,
    0x24,0x00,0x4e,0xd4,0x2a,0x11,0x00,0x00,0x02,0x00,0x01,0xd5,0x02,0xff,0x91,0x00,0x00,0x00,0x00,0x80,
    0x0b,0x00,0x01,0xd5,0x0b,0xff,0x91,0x00,0x00,0x00,0x00,0x80,0x19,0x81,0x9e,0x80,0x0e,0x81,0x0d,0xbf,
    0x1e,0x80,0x1e,0x98,0xc1,0x81,0x1d,0x98,0x18,0x81,0x9a,0x80,0x0e,0x80,0x0d,0xbf,0x1a,0x80,0x1a,0x98,
    0xc1,0x81,0x1f,0x98,0x1f,0x1a,0x1b,0x80,0x1f,0x1b,0x1c,0x80,0xfa,0x00,0x2c,0x3a,0x00,0x70,0x00,0xff,
    0x15,0x00,0x10,0xd6,0x00,0x05,0x15,0x02,0x6a,0x00,0x49,0xd4,0x16,0x33,0x00,0x00,0x0a,0x00,0x49,0xd4,
    0x15,0x19,0x00,0x00,0x6a,0x0a,0x8a,0x8b,0x12,0x00,0x5a,0xd6,0x1d,0x2c,0x7a,0x00,0x12,0x00,0x5a,0xd6,
    0x2e,0x2a,0x4a,0x04,0x13,0x00,0x5a,0xd6,0x30,0x36,0x48,0x04,0x14,0x00,0x5a,0xd6,0x30,0x38,0x48,0x04,
    0x12,0x00,0x5a,0xd6,0x30,0x34,0x48,0x04,0x13,0x00,0x01,0xd5,0xff,0x26,0x2a,0x00,0x00,0x00,0x00,0x80,
    0x14,0x00,0x01,0xd5,0xff,0x28,0x2a,0x00,0x00,0x00,0x00,0x80,0x12,0x00,0x01,0xd5,0xff,0x24,0x2a,0x00,
    0x00,0x00,0x00,0x80,0x6a,0x00,0x49,0xd4,0x1b,0x30,0x00,0x00,0xff,0x26,0x26,0x02,0x00,0x00,0x00,0x80,
    0x6a,0x00,0x49,0xd4,0x1c,0x30,0x00,0x00,0xff,0x28,0x28,0x02,0x00,0x00,0x00,0x80,0x6a,0x00,0x49,0xd4,
    0x1a,0x30,0x00,0x00,0xff,0x24,0x24,0x02,0x00,0x00,0x00,0x80,0x82,0x00,0xa6,0xbe,0x26,0x89,0x27,0x84,
    0x27,0x1a,0x1c,0x4a,0x3a,0xff,0x0a,0x93,0x08,0x00,0x08,0x00,0x3a,0xff,0x0b,0x93,0x10,0x00,0x08,0x00,
    0x0b,0x80,0x06,0xbf,0x80,0x02,0x9c,0xbe,0x6c,0x00,0xa2,0xbf,0x0b,0xff,0x0b,0x80,0x00,0xff,0xff,0xff,
    0x3c,0x80,0x3c,0x80,0x3d,0x80,0x3d,0x82,0x0d,0x82,0x1b,0x85,0x1b,0xff,0x1b,0x8c,0x00,0x00,0x01,0x21,
    0x6a,0x00,0x4a,0xd4,0x00,0xff,0x01,0x00,0x00,0x01,0x00,0x00,0x6a,0x80,0x10,0xbf,0x80,0x1b,0x1b,0x98,
    0x80,0xff,0x1a,0x98,0x01,0x01,0x01,0x01,0x80,0x0a,0x8a,0x80,0x3c,0x01,0x98,0xbe,0x19,0xff,0x19,0x8b,
    0xff,0xff,0x00,0x00,0x19,0xff,0x19,0x8c,0x00,0x00,0x04,0x00,0x10,0xff,0x1f,0x8b,0xff,0xff,0x00,0x00,
    0x10,0x90,0x1e,0x85,0x1f,0x81,0x1f,0x85,0x1f,0x1e,0x1d,0x96,0x1d,0x08,0x1d,0x96,0x1d,0xbd,0x1d,0x80,
    0x16,0x00,0x61,0xd7,0xbe,0x00,0x01,0x00,0x16,0x00,0x61,0xd7,0x06,0x02,0x01,0x00,0x16,0x00,0x61,0xd7,
    0x8a,0x04,0x01,0x00,0x16,0x73,0x34,0x7e,0x1a,0x2d,0x36,0x30,0xff,0x36,0x38,0x36,0x00,0xff,0xff,0xff,
    0xff,0x36,0x94,0x7c,0x00,0x00,0x00,0x80,0x1c,0x0d,0x38,0x7e,0x1c,0x55,0x30,0x7e,0xa0,0x34,0x32,0x42,
    0x1b,0x23,0x34,0x7e,0x1c,0x00,0x13,0xd6,0x1c,0x31,0xce,0x03,0x1c,0x00,0x13,0xd6,0x1a,0x31,0x72,0x04,
    0x1c,0x31,0x38,0x5a,0x00,0x00,0x00,0x9f,0xff,0x38,0x38,0x10,0x00,0x00,0x80,0x5f,0x80,0x02,0x34,0x7e,
    0x1c,0x00,0x8d,0xd5,0x1c,0x01,0x00,0x20,0x18,0x00,0x46,0xd6,0x18,0x13,0x71,0x04,0x1a,0x6a,0xfe,0xd6,
    0x1b,0x31,0x6a,0x04,0x18,0x6a,0x21,0xd5,0x18,0x83,0xa9,0x01,0x1a,0x00,0x2d,0xd7,0x1d,0x30,0x02,0x00,
    0x17,0x6a,0x00,0xd7,0x1a,0x3b,0x00,0x00,0x1a,0x6a,0x20,0xd5,0x80,0x00,0xa9,0x01,0xa0,0x32,0x94,0x7c,
    0x17,0x35,0x2e,0x02,0x17,0x00,0x16,0xd6,0x1a,0x2f,0x66,0x04,0xfa,0x02,0x2e,0x7e,0x17,0x00,0x00,0xff,
    0x1a,0x00,0x2d,0xd7,0x17,0x31,0x02,0x00,0x16,0x6a,0x00,0xd7,0x1a,0x2f,0x02,0x00,0x1a,0x6a,0x20,0xd5,
    0x80,0x00,0xa9,0x01,0xa0,0x32,0x94,0x7c,0x16,0x35,0x2c,0x02,0x16,0x00,0x16,0xd6,0x1a,0x2d,0x66,0x04,
    0xfa,0x02,0x2c,0x7e,0x16,0x55,0x00,0xff,0x17,0x00,0x25,0xd5,0x16,0x13,0x01,0x00,0x1a,0x00,0x2d,0xd7,
    0x17,0x31,0x02,0x00,0x17,0x6a,0x00,0xd7,0x1a,0x2f,0x02,0x00,0x1a,0x6a,0x20,0xd5,0x80,0x00,0xa9,0x01,
    0xa0,0x32,0x94,0x7c,0x17,0x35,0x2e,0x02,0x17,0x00,0x16,0xd6,0x1a,0x2f,0x66,0x04,0x1e,0x00,0x60,0xd7,
    0x16,0x03,0x01,0x00,0x1f,0x00,0x60,0xd7,0x17,0x05,0x01,0x00,0x09,0x9f,0x1d,0x80,0x1d,0x85,0x1d,0x85,
    0x1d,0x81,0x06,0xbf,0x81,0x02,0x9f,0xbe,0x1e,0x1f,0x1c,0x80,0x1d,0x1c,0x1c,0x96,0x84,0x1c,0x1c,0x80,
    0x1c,0x81,0x9c,0x80,0x80,0x00,0xc8,0xbe,0x80,0x00,0xc9,0xbe,0x80,0x00,0xca,0xbe,0x80,0x00,0xcb,0xbe,
    0x80,0x00,0x9e,0xbe,0x88,0x00,0x9d,0xbe,0x1e,0x80,0x08,0xbf,0x04,0x00,0xa2,0xbf,0x04,0x03,0x74,0x7e,
    0x01,0x03,0x7e,0x7e,0x02,0x03,0xc2,0x7f,0x0b,0x03,0xc4,0x7f,0x3a,0x03,0x08,0x7e,0x3f,0x03,0x02,0x7e,
    0xe1,0x03,0x04,0x7e,0xe2,0x03,0x16,0x7e,0x1e,0xa0,0x1e,0x80,0x1e,0x09,0x09,0xbf,0x80,0x02,0x9e,0xbe,
    0x86,0x82,0x1f,0x98,0x89,0x80,0x2e,0x98,0x1f,0x1d,0x9f,0x99,0x2e,0x1e,0x2e,0x99,0x1f,0x02,0xc0,0x7f,
    0x46,0x49,0xc6,0xbe,0x00,0x00,0xc6,0xbf,0xc1,0x4e,0x80,0xbe,0xff,0xff,0x94,0xbf,0x2c,0x50,0x0e,0xcc,
    0x31,0x73,0xb0,0x1c,0x2d,0x50,0x0e,0xcc,0x32,0x73,0xb4,0x1c,0x2e,0x50,0x0e,0xcc,0x33,0x73,0xb8,0x1c,
    0x2f,0x50,0x0e,0xcc,0x34,0x73,0xbc,0x1c,0x12,0x03,0x0e,0x7e,0x13,0x03,0x10,0x7e,0xff,0x02,0x12,0x7e,
    0x00,0x00,0x00,0x80,0x14,0x03,0x14,0x7e,0xff,0x02,0x0a,0x7e,0x00,0x00,0x00,0x80,0xff,0x02,0x0c,0x7e,
    0x00,0x00,0x00,0x80,0x00,0x00,0xb5,0xbf,0x40,0x22,0xfc,0xdb,0x03,0x00,0x00,0x22,0x00,0x89,0x7c,0xdb,
    0x0f,0x07,0x00,0x00,0x60,0x24,0xfc,0xdb,0x03,0x00,0x00,0x27,0x00,0x91,0x34,0xd8,0x10,0xe0,0x00,0x00,
    0x02,0x00,0xb5,0xbf,0x1c,0x81,0x9c,0x80,0xff,0x1b,0x1b,0x98,0x00,0x00,0x01,0x21,0x48,0x82,0x0d,0xbf,
    0x3b,0xff,0x46,0x98,0x00,0x52,0x00,0x00,0x04,0x46,0x46,0x80,0x05,0x80,0x47,0x82,0x46,0x49,0xc6,0xbe,
    0x00,0x00,0xc6,0xbf,0x27,0x1a,0x1c,0x4a,0xe3,0x50,0x0e,0xcc,0x22,0x73,0x60,0x1c,0xe4,0x50,0x0e,0xcc,
    0x23,0x73,0x64,0x1c,0xe5,0x50,0x0e,0xcc,0x24,0x73,0x68,0x1c,0xe6,0x50,0x0e,0xcc,0x25,0x73,0x6c,0x1c,
    0x22,0x02,0x0f,0xcc,0x1d,0x45,0x02,0x58,0x23,0x02,0x0f,0xcc,0x1e,0x47,0x02,0x58,0x24,0x02,0x0f,0xcc,
    0x1f,0x49,0x02,0x58,0x25,0x02,0x0f,0xcc,0x20,0x4b,0x02,0x58,0xe7,0x00,0x0f,0xcc,0x22,0x4f,0x02,0x18,
    0xe8,0x00,0x0f,0xcc,0x23,0x51,0x02,0x18,0xe9,0x00,0x0f,0xcc,0x24,0x53,0x02,0x18,0xea,0x00,0x0f,0xcc,
    0x25,0x55,0x02,0x18,0x00,0x00,0xb5,0xbf,0x00,0x93,0xd8,0xd9,0x0e,0x00,0x00,0xf3,0x00,0x99,0xd8,0xd9,
    0x0e,0x00,0x00,0xf5,0x80,0x26,0xfc,0xdb,0x03,0x00,0x00,0x36,0xa0,0x28,0xfc,0xdb,0x03,0x00,0x00,0x3b,
    0x02,0x00,0xb5,0xbf,0x49,0x00,0xc8,0xbe,0x4a,0x00,0xc9,0xbe,0x4b,0x00,0xca,0xbe,0x1d,0x00,0xcb,0xbe,
    0x48,0x80,0x0d,0xbf,0xdd,0x0b,0xa2,0xbf,0x48,0x81,0x0d,0xbf,0x44,0xff,0x46,0x98,0x04,0x52,0x00,0x00,
    0x04,0x46,0x46,0x80,0x05,0x80,0x47,0x82,0x48,0x82,0x0d,0xbf,0xff,0x80,0x43,0x98,0x00,0x40,0x01,0x10,
    0x36,0x81,0xb5,0x80,0x80,0x43,0x43,0x98,0x14,0x01,0xc0,0xbe,0xc1,0x4e,0x80,0xbe,0xff,0xff,0x94,0xbf,
    0xc1,0x4e,0x80,0xbe,0xff,0xff,0x94,0xbf,0x46,0x49,0xc6,0xbe,0x00,0x00,0xc6,0xbf,0xc1,0x4e,0x80,0xbe,
    0xff,0xff,0x94,0xbf,0x27,0x18,0x1c,0x4a,0xeb,0x50,0x0e,0xcc,0x36,0x73,0xb0,0x1c,0xec,0x50,0x0e,0xcc,
    0x37,0x73,0xb4,0x1c,0xed,0x50,0x0e,0xcc,0x38,0x73,0xb8,0x1c,0xee,0x50,0x0e,0xcc,0x39,0x73,0xbc,0x1c,
    0x36,0x02,0x0f,0xcc,0x31,0x6d,0x02,0x58,0x37,0x02,0x0f,0xcc,0x32,0x6f,0x02,0x58,0x38,0x02,0x0f,0xcc,
    0x33,0x71,0x02,0x58,0x39,0x02,0x0f,0xcc,0x34,0x73,0x02,0x58,0xef,0x00,0x0f,0xcc,0x36,0x77,0x02,0x18,
    0xf0,0x00,0x0f,0xcc,0x37,0x79,0x02,0x18,0xf1,0x00,0x0f,0xcc,0x38,0x7b,0x02,0x18,0xf2,0x00,0x0f,0xcc,
    0x39,0x7d,0x02,0x18,0x0b,0xff,0x0b,0x80,0x00,0x01,0x00,0x00,0x08,0x00,0xa1,0xbf,0x97,0x10,0x9b,0xbe,
    0x81,0x1a,0xfe,0x84,0x01,0x00,0x06,0xc4,0x00,0x30,0x80,0x00,0x00,0x00,0x00,0x00,0xc1,0x01,0xfe,0xbe,
    0x0b,0xff,0x0b,0x96,0x01,0xff,0xff,0xff,0xff,0x0b,0x7c,0x91,0x00,0xff,0xff,0xff,0x04,0x00,0xa2,0xbf,
    0x97,0x12,0x9b,0xbe,0x7c,0x00,0x05,0xc4,0x15,0x30,0x88,0x00,0x00,0x00,0x00,0x00,0x00,0x00,0xb5,0xbf,
    0x01,0x00,0x80,0xbf,0x00,0x00,0xfc,0xdb,0x03,0x00,0x00,0x18,0x00,0x93,0x34,0xd9,0x0e,0x05,0x00,0x00,
    0x20,0x02,0xfc,0xdb,0x03,0x00,0x00,0x1d,0x00,0x91,0xd8,0xd8,0x11,0x00,0x00,0xe0,0x02,0x00,0xb5,0xbf,
    0x26,0x81,0xa6,0x80,0x82,0x26,0x26,0x98,0x26,0x89,0x27,0x84,0x48,0x82,0x0d,0xbf,0x3b,0xff,0x46,0x98,
    0x00,0x52,0x00,0x00,0x04,0x46,0x46,0x80,0x05,0x80,0x47,0x82,0x46,0x49,0xc6,0xbe,0x00,0x00,0xc6,0xbf,
    0xe0,0x05,0x3a,0x7e,0x18,0x50,0x0e,0xcc,0x1d,0x73,0x60,0x1c,0x19,0x50,0x0e,0xcc,0x1e,0x73,0x64,0x1c,
    0x1a,0x50,0x0e,0xcc,0x1f,0x73,0x68,0x1c,0x1b,0x50,0x0e,0xcc,0x20,0x73,0x6c,0x1c,0x00,0x00,0xb5,0xbf,
    0x40,0x04,0xfc,0xdb,0x03,0x00,0x00,0x2c,0x60,0x06,0xfc,0xdb,0x03,0x00,0x00,0x31,0x02,0x00,0xb5,0xbf,
    0xff,0x0b,0x7c,0x91,0x00,0xff,0xff,0xff,0x1a,0x00,0xa2,0xbf,0x0a,0x0a,0x0a,0x99,0x1b,0x80,0xfe,0x95,
    0x6a,0x00,0x4d,0xd4,0x15,0x35,0x00,0x00,0x0d,0x00,0xa3,0xbf,0x7c,0x00,0x05,0xc4,0x15,0x30,0x88,0x00,
    0x00,0x00,0x00,0x00,0x0a,0x80,0x06,0xbf,0x80,0xff,0x6a,0x98,0x00,0x00,0x01,0x00,0x0a,0x6a,0x0a,0x80,
    0x02,0x00,0xa2,0xbf,0x00,0x00,0xc0,0xbf,0xf3,0xff,0xa0,0xbf,0xff,0x1b,0x1b,0x8b,0x00,0x00,0xff,0xff,
    0x80,0x00,0x8a,0xbe,0xc1,0x01,0xfe,0xbe,0x1a,0x83,0x1a,0x96,0x1a,0xff,0x1a,0x8b,0x3f,0x3f,0x3f,0x3f,
    0x18,0xff,0x18,0x80,0x00,0x01,0x00,0x00,0x18,0xff,0x18,0x8b,0xff,0xf7,0xff,0xff,0x48,0x81,0x0d,0xbf,
    0x44,0xff,0x46,0x98,0x64,0x53,0x00,0x00,0x04,0x46,0x46,0x80,0x05,0x80,0x47,0x82,0x09,0xa0,0x0b,0xbf,
    0xc1,0x89,0x30,0x98,0x30,0x81,0xb0,0x80,0x2e,0x1f,0x1f,0x98,0x80,0x10,0x9f,0xbe,0x46,0x49,0xc6,0xbe,
    0x00,0x00,0xc6,0xbf,0xc1,0x4e,0x80,0xbe,0xff,0xff,0x94,0xbf,0x2c,0x50,0x0e,0xcc,0x31,0x73,0xb0,0x1c,
    0x2d,0x50,0x0e,0xcc,0x32,0x73,0xb4,0x1c,0x2e,0x50,0x0e,0xcc,0x33,0x73,0xb8,0x1c,0x2f,0x50,0x0e,0xcc,
    0x34,0x73,0xbc,0x1c,0x1f,0x02,0xc0,0x7f,0x21,0x6a,0x00,0xd7,0x01,0x23,0x00,0x00,0x17,0x40,0x09,0xcc,
    0x01,0xff,0x4d,0x18,0x01,0x00,0x02,0x00,0x1c,0x40,0x09,0xcc,0x01,0xff,0x89,0x18,0x01,0x00,0x02,0x00,
    0x16,0x00,0x0d,0xcc,0x21,0x03,0x02,0x18,0x2b,0x00,0x01,0xd5,0x80,0x54,0xa8,0x01,0xf7,0x00,0x01,0xd5,
    0x80,0x64,0xa8,0x01,0x07,0x00,0x59,0xd6,0x17,0x03,0x09,0x04,0x05,0x00,0x59,0xd6,0x1c,0x03,0x2d,0x04,
    0x02,0x00,0x55,0xd6,0x02,0x2d,0xac,0x04,0x0b,0x00,0x55,0xd6,0x0b,0x47,0xdc,0x07,0x16,0x00,0x0b,0xcc,
    0x01,0x2d,0x02,0x18,0x04,0x24,0x20,0xd5,0x04,0x1f,0xa8,0x01,0x02,0x00,0x01,0xd5,0x02,0xff,0x91,0x00,
    0x00,0x00,0x00,0x80,0x0b,0x00,0x01,0xd5,0x0b,0xff,0x91,0x00,0x00,0x00,0x00,0x80,0x6a,0x00,0x39,0xd4,
    0x17,0x25,0x00,0x00,0xff,0x0e,0x0e,0x02,0x00,0x00,0x00,0x80,0x6a,0x00,0x39,0xd4,0x1c,0x2f,0x00,0x00,
    0xff,0x0a,0x0a,0x02,0x00,0x00,0x00,0x80,0x16,0x00,0x06,0xcc,0x8f,0x2c,0x02,0x10,0x35,0x08,0x0a,0xcc,
    0x17,0xff,0x01,0x18,0x02,0x00,0x03,0x00,0x30,0x08,0x0a,0xcc,0x17,0xff,0x01,0x18,0x00,0x00,0x01,0x00,
    0x0a,0x08,0x59,0xd6,0x35,0x59,0x1c,0x04,0x08,0x08,0x59,0xd6,0x30,0x59,0x1c,0x04,0x26,0x08,0x0a,0xcc,
    0x1c,0xff,0x01,0x18,0x00,0x00,0x01,0x00,0x6a,0x18,0x39,0xd4,0x35,0x25,0x00,0x00,0xff,0x14,0x14,0x02,
    0x00,0x00,0x00,0x80,0x6a,0x18,0x39,0xd4,0x30,0x25,0x00,0x00,0xff,0x10,0x10,0x02,0x00,0x00,0x00,0x80,
    0x06,0x08,0x59,0xd6,0x26,0x69,0x14,0x04,0x09,0x00,0x59,0xd6,0x35,0x59,0x1c,0x04,0x07,0x00,0x59,0xd6,
    0x30,0x59,0x1c,0x04,0x6a,0x18,0x39,0xd4,0x26,0x2f,0x00,0x00,0xff,0x0c,0x0c,0x02,0x00,0x00,0x00,0x80,
    0x6a,0x10,0x39,0xd4,0x35,0x25,0x00,0x00,0xff,0x12,0x12,0x02,0x00,0x00,0x00,0x80,0x6a,0x10,0x39,0xd4,
    0x30,0x25,0x00,0x00,0xff,0x0e,0x0e,0x02,0x00,0x00,0x00,0x80,0x05,0x00,0x59,0xd6,0x26,0x69,0x14,0x04,
    0x01,0x40,0x09,0xcc,0x16,0x21,0x84,0x1c,0x6a,0x10,0x39,0xd4,0x26,0x2f,0x00,0x00,0xff,0x0a,0x0a,0x02,
    0x00,0x00,0x00,0x80,0x16,0x6a,0x00,0xd7,0x04,0x11,0x00,0x00,0x2e,0xc0,0xc1,0x03,0x00,0x00,0xb5,0xbf,
    0x40,0x22,0xfc,0xdb,0x03,0x00,0x00,0x22,0x00,0x89,0x7c,0xdb,0x0f,0x07,0x00,0x00,0x60,0x24,0xfc,0xdb,
    0x03,0x00,0x00,0x27,0x00,0x91,0x34,0xd8,0x10,0xe0,0x00,0x00,0x02,0x00,0xb5,0xbf,0x1c,0x81,0x9c,0x80,
    0xff,0x1b,0x1b,0x98,0x00,0x00,0x01,0x21,0x48,0x82,0x0d,0xbf,0x3b,0xff,0x46,0x98,0x00,0x52,0x00,0x00,
    0x04,0x46,0x46,0x80,0x05,0x80,0x47,0x82,0x46,0x49,0xc6,0xbe,0x00,0x00,0xc6,0xbf,0x27,0x1a,0x1c,0x4a,
    0xe3,0x50,0x0e,0xcc,0x22,0x73,0x60,0x1c,0xe4,0x50,0x0e,0xcc,0x23,0x73,0x64,0x1c,0xe5,0x50,0x0e,0xcc,
    0x24,0x73,0x68,0x1c,0xe6,0x50,0x0e,0xcc,0x25,0x73,0x6c,0x1c,0x22,0x02,0x0f,0xcc,0x1d,0x45,0x02,0x58,
    0x23,0x02,0x0f,0xcc,0x1e,0x47,0x02,0x58,0x24,0x02,0x0f,0xcc,0x1f,0x49,0x02,0x58,0x25,0x02,0x0f,0xcc,
    0x20,0x4b,0x02,0x58,0xe7,0x00,0x0f,0xcc,0x22,0x4f,0x02,0x18,0xe8,0x00,0x0f,0xcc,0x23,0x51,0x02,0x18,
    0xe9,0x00,0x0f,0xcc,0x24,0x53,0x02,0x18,0xea,0x00,0x0f,0xcc,0x25,0x55,0x02,0x18,0x00,0x00,0xb5,0xbf,
    0x00,0x93,0xd8,0xd9,0x0e,0x00,0x00,0xf3,0x00,0x99,0xd8,0xd9,0x0e,0x00,0x00,0xf5,0x80,0x26,0xfc,0xdb,
    0x03,0x00,0x00,0x36,0xa0,0x28,0xfc,0xdb,0x03,0x00,0x00,0x3b,0x02,0x00,0xb5,0xbf,0x49,0x00,0xc8,0xbe,
    0x4a,0x00,0xc9,0xbe,0x4b,0x00,0xca,0xbe,0x1d,0x00,0xcb,0xbe,0x48,0x80,0x0d,0xbf,0xae,0x0a,0xa2,0xbf,
    0x48,0x81,0x0d,0xbf,0x44,0xff,0x46,0x98,0x04,0x52,0x00,0x00,0x04,0x46,0x46,0x80,0x05,0x80,0x47,0x82,
    0x48,0x82,0x0d,0xbf,0xff,0x80,0x43,0x98,0x00,0x40,0x01,0x10,0x36,0x81,0xb5,0x80,0x80,0x43,0x43,0x98,
    0x14,0x01,0xc0,0xbe,0xc1,0x4e,0x80,0xbe,0xff,0xff,0x94,0xbf,0xc1,0x4e,0x80,0xbe,0xff,0xff,0x94,0xbf,
    0x46,0x49,0xc6,0xbe,0x00,0x00,0xc6,0xbf,0xc1,0x4e,0x80,0xbe,0xff,0xff,0x94,0xbf,0x27,0x18,0x1c,0x4a,
    0xeb,0x50,0x0e,0xcc,0x36,0x73,0xb0,0x1c,0xec,0x50,0x0e,0xcc,0x37,0x73,0xb4,0x1c,0xed,0x50,0x0e,0xcc,
    0x38,0x73,0xb8,0x1c,0xee,0x50,0x0e,0xcc,0x39,0x73,0xbc,0x1c,0x36,0x02,0x0f,0xcc,0x31,0x6d,0x02,0x58,
    0x37,0x02,0x0f,0xcc,0x32,0x6f,0x02,0x58,0x38,0x02,0x0f,0xcc,0x33,0x71,0x02,0x58,0x39,0x02,0x0f,0xcc,
    0x34,0x73,0x02,0x58,0xef,0x00,0x0f,0xcc,0x36,0x77,0x02,0x18,0xf0,0x00,0x0f,0xcc,0x37,0x79,0x02,0x18,
    0xf1,0x00,0x0f,0xcc,0x38,0x7b,0x02,0x18,0xf2,0x00,0x0f,0xcc,0x39,0x7d,0x02,0x18,0x0b,0xff,0x0b,0x80,
    0x00,0x01,0x00,0x00,0x08,0x00,0xa1,0xbf,0x97,0x10,0x9b,0xbe,0x81,0x1a,0xfe,0x84,0x01,0x00,0x06,0xc4,
    0x00,0x30,0x80,0x00,0x00,0x00,0x00,0x00,0xc1,0x01,0xfe,0xbe,0x0b,0xff,0x0b,0x96,0x01,0xff,0xff,0xff,
    0xff,0x0b,0x7c,0x91,0x00,0xff,0xff,0xff,0x04,0x00,0xa2,0xbf,0x97,0x12,0x9b,0xbe,0x7c,0x00,0x05,0xc4,
    0x15,0x30,0x88,0x00,0x00,0x00,0x00,0x00,0x00,0x00,0xb5,0xbf,0x01,0x00,0x80,0xbf,0x00,0x00,0xfc,0xdb,
    0x03,0x00,0x00,0x18,0x00,0x93,0x34,0xd9,0x0e,0x05,0x00,0x00,0x20,0x02,0xfc,0xdb,0x03,0x00,0x00,0x1d,
    0x00,0x91,0xd8,0xd8,0x11,0x00,0x00,0xe0,0x02,0x00,0xb5,0xbf,0x26,0x81,0xa6,0x80,0x82,0x26,0x26,0x98,
    0x26,0x89,0x27,0x84,0x48,0x82,0x0d,0xbf,0x3b,0xff,0x46,0x98,0x00,0x52,0x00,0x00,0x04,0x46,0x46,0x80,
    0x05,0x80,0x47,0x82,0x46,0x49,0xc6,0xbe,0x00,0x00,0xc6,0xbf,0xe0,0x05,0x3a,0x7e,0x18,0x50,0x0e,0xcc,
    0x1d,0x73,0x60,0x1c,0x19,0x50,0x0e,0xcc,0x1e,0x73,0x64,0x1c,0x1a,0x50,0x0e,0xcc,0x1f,0x73,0x68,0x1c,
    0x1b,0x50,0x0e,0xcc,0x20,0x73,0x6c,0x1c,0x00,0x00,0xb5,0xbf,0x40,0x04,0xfc,0xdb,0x03,0x00,0x00,0x2c,
    0x60,0x06,0xfc,0xdb,0x03,0x00,0x00,0x31,0x02,0x00,0xb5,0xbf,0xff,0x0b,0x7c,0x91,0x00,0xff,0xff,0xff,
    0x1a,0x00,0xa2,0xbf,0x0a,0x0a,0x0a,0x99,0x1b,0x80,0xfe,0x95,0x6a,0x00,0x4d,0xd4,0x15,0x35,0x00,0x00,
    0x0d,0x00,0xa3,0xbf,0x7c,0x00,0x05,0xc4,0x15,0x30,0x88,0x00,0x00,0x00,0x00,0x00,0x0a,0x80,0x06,0xbf,
    0x80,0xff,0x6a,0x98,0x00,0x00,0x01,0x00,0x0a,0x6a,0x0a,0x80,0x02,0x00,0xa2,0xbf,0x00,0x00,0xc0,0xbf,
    0xf3,0xff,0xa0,0xbf,0xff,0x1b,0x1b,0x8b,0x00,0x00,0xff,0xff,0x80,0x00,0x8a,0xbe,0xc1,0x01,0xfe,0xbe,
    0x1a,0x83,0x1a,0x96,0x1a,0xff,0x1a,0x8b,0x3f,0x3f,0x3f,0x3f,0x18,0xff,0x18,0x80,0x00,0x01,0x00,0x00,
    0x18,0xff,0x18,0x8b,0xff,0xf7,0xff,0xff,0x48,0x81,0x0d,0xbf,0x44,0xff,0x46,0x98,0x64,0x53,0x00,0x00,
    0x04,0x46,0x46,0x80,0x05,0x80,0x47,0x82,0x1d,0x81,0x0d,0xbf,0xd1,0xfe,0xa2,0xbf,0xe6,0xfd,0xa0,0xbf,
    0x46,0x48,0x80,0xbe,0x48,0x83,0x0d,0xbf,0x50,0x00,0xa1,0xbf,0x80,0x02,0x80,0x7e,0x80,0x02,0x82,0x7e,
    0x80,0x02,0x88,0x7e,0x80,0x02,0x8a,0x7e,0x80,0x02,0x84,0x7e,0x80,0x02,0x86,0x7e,0x80,0x02,0x8c,0x7e,
    0x80,0x02,0x8e,0x7e,0x80,0x02,0xa0,0x7e,0x80,0x02,0xa2,0x7e,0x80,0x02,0xa8,0x7e,0x80,0x02,0xaa,0x7e,
    0x80,0x02,0xa4,0x7e,0x80,0x02,0xa6,0x7e,0x80,0x02,0xac,0x7e,0x80,0x02,0xae,0x7e,0x80,0x02,0xc0,0x7e,
    0x80,0x02,0xc2,0x7e,0x80,0x02,0xc8,0x7e,0x80,0x02,0xca,0x7e,0x80,0x02,0xc4,0x7e,0x80,0x02,0xc6,0x7e,
    0x80,0x02,0xcc,0x7e,0x80,0x02,0xce,0x7e,0x80,0x02,0xe0,0x7e,0x80,0x02,0xe2,0x7e,0x80,0x02,0xe8,0x7e,
    0x80,0x02,0xea,0x7e,0x80,0x02,0xe4,0x7e,0x80,0x02,0xe6,0x7e,0x80,0x02,0xec,0x7e,0x80,0x02,0xee,0x7e,
    0x80,0x02,0x00,0x7f,0x80,0x02,0x02,0x7f,0x80,0x02,0x08,0x7f,0x80,0x02,0x0a,0x7f,0x80,0x02,0x04,0x7f,
    0x80,0x02,0x06,0x7f,0x80,0x02,0x0c,0x7f,0x80,0x02,0x0e,0x7f,0x80,0x02,0x20,0x7f,0x80,0x02,0x22,0x7f,
    0x80,0x02,0x28,0x7f,0x80,0x02,0x2a,0x7f,0x80,0x02,0x24,0x7f,0x80,0x02,0x26,0x7f,0x80,0x02,0x2c,0x7f,
    0x80,0x02,0x2e,0x7f,0x80,0x02,0x40,0x7f,0x80,0x02,0x42,0x7f,0x80,0x02,0x48,0x7f,0x80,0x02,0x4a,0x7f,
    0x80,0x02,0x44,0x7f,0x80,0x02,0x46,0x7f,0x80,0x02,0x4c,0x7f,0x80,0x02,0x4e,0x7f,0x80,0x02,0x60,0x7f,
    0x80,0x02,0x62,0x7f,0x80,0x02,0x68,0x7f,0x80,0x02,0x6a,0x7f,0x80,0x02,0x64,0x7f,0x80,0x02,0x66,0x7f,
    0x80,0x02,0x6c,0x7f,0x80,0x02,0x6e,0x7f,0x80,0x02,0x80,0x7f,0x80,0x02,0x82,0x7f,0x80,0x02,0x88,0x7f,
    0x80,0x02,0x8a,0x7f,0x80,0x02,0x84,0x7f,0x80,0x02,0x86,0x7f,0x80,0x02,0x8c,0x7f,0x80,0x02,0x8e,0x7f,
    0x80,0x02,0xa0,0x7f,0x80,0x02,0xa2,0x7f,0x80,0x02,0xa8,0x7f,0x80,0x02,0xaa,0x7f,0x80,0x02,0xa4,0x7f,
    0x80,0x02,0xa6,0x7f,0x80,0x02,0xac,0x7f,0x80,0x02,0xae,0x7f,0xff,0x00,0xc4,0xbe,0xc4,0x54,0x00,0x00,
    0x09,0xa0,0x0b,0xbf,0xff,0x02,0xc4,0xbe,0x00,0x52,0x00,0x00,0x46,0x48,0x80,0xbe,0x48,0x83,0x0d,0xbf,
    0x50,0x00,0xa1,0xbf,0x80,0x02,0x90,0x7e,0x80,0x02,0x92,0x7e,0x80,0x02,0x98,0x7e,0x80,0x02,0x9a,0x7e,
    0x80,0x02,0x94,0x7e,0x80,0x02,0x96,0x7e,0x80,0x02,0x9c,0x7e,0x80,0x02,0x9e,0x7e,0x80,0x02,0xb0,0x7e,
    0x80,0x02,0xb2,0x7e,0x80,0x02,0xb8,0x7e,0x80,0x02,0xba,0x7e,0x80,0x02,0xb4,0x7e,0x80,0x02,0xb6,0x7e,
    0x80,0x02,0xbc,0x7e,0x80,0x02,0xbe,0x7e,0x80,0x02,0xd0,0x7e,0x80,0x02,0xd2,0x7e,0x80,0x02,0xd8,0x7e,
    0x80,0x02,0xda,0x7e,0x80,0x02,0xd4,0x7e,0x80,0x02,0xd6,0x7e,0x80,0x02,0xdc,0x7e,0x80,0x02,0xde,0x7e,
    0x80,0x02,0xf0,0x7e,0x80,0x02,0xf2,0x7e,0x80,0x02,0xf8,0x7e,0x80,0x02,0xfa,0x7e,0x80,0x02,0xf4,0x7e,
    0x80,0x02,0xf6,0x7e,0x80,0x02,0xfc,0x7e,0x80,0x02,0xfe,0x7e,0x80,0x02,0x10,0x7f,0x80,0x02,0x12,0x7f,
    0x80,0x02,0x18,0x7f,0x80,0x02,0x1a,0x7f,0x80,0x02,0x14,0x7f,0x80,0x02,0x16,0x7f,0x80,0x02,0x1c,0x7f,
    0x80,0x02,0x1e,0x7f,0x80,0x02,0x30,0x7f,0x80,0x02,0x32,0x7f,0x80,0x02,0x38,0x7f,0x80,0x02,0x3a,0x7f,
    0x80,0x02,0x34,0x7f,0x80,0x02,0x36,0x7f,0x80,0x02,0x3c,0x7f,0x80,0x02,0x3e,0x7f,0x80,0x02,0x50,0x7f,
    0x80,0x02,0x52,0x7f,0x80,0x02,0x58,0x7f,0x80,0x02,0x5a,0x7f,0x80,0x02,0x54,0x7f,0x80,0x02,0x56,0x7f,
    0x80,0x02,0x5c,0x7f,0x80,0x02,0x5e,0x7f,0x80,0x02,0x70,0x7f,0x80,0x02,0x72,0x7f,0x80,0x02,0x78,0x7f,
    0x80,0x02,0x7a,0x7f,0x80,0x02,0x74,0x7f,0x80,0x02,0x76,0x7f,0x80,0x02,0x7c,0x7f,0x80,0x02,0x7e,0x7f,
    0x80,0x02,0x90,0x7f,0x80,0x02,0x92,0x7f,0x80,0x02,0x98,0x7f,0x80,0x02,0x9a,0x7f,0x80,0x02,0x94,0x7f,
    0x80,0x02,0x96,0x7f,0x80,0x02,0x9c,0x7f,0x80,0x02,0x9e,0x7f,0x80,0x02,0xb0,0x7f,0x80,0x02,0xb2,0x7f,
    0x80,0x02,0xb8,0x7f,0x80,0x02,0xba,0x7f,0x80,0x02,0xb4,0x7f,0x80,0x02,0xb6,0x7f,0x80,0x02,0xbc,0x7f,
    0x80,0x02,0xbe,0x7f,0xff,0x00,0xc4,0xbe,0xc4,0x54,0x00,0x00,0x09,0xa0,0x0b,0xbf,0xff,0x02,0xc4,0xbe,
    0x00,0x52,0x00,0x00,0x46,0x48,0x80,0xbe,0xe3,0x00,0x0f,0xcc,0xe3,0x81,0x02,0x18,0xe4,0x00,0x0f,0xcc,
    0xe4,0x83,0x02,0x18,0xe5,0x00,0x0f,0xcc,0xe5,0x85,0x02,0x18,0xe6,0x00,0x0f,0xcc,0xe6,0x87,0x02,0x18,
    0xe7,0x00,0x0f,0xcc,0xe7,0x89,0x02,0x18,0xe8,0x00,0x0f,0xcc,0xe8,0x8b,0x02,0x18,0xe9,0x00,0x0f,0xcc,
    0xe9,0x8d,0x02,0x18,0xea,0x00,0x0f,0xcc,0xea,0x8f,0x02,0x18,0xe3,0x03,0x80,0x7e,0xe4,0x03,0x82,0x7e,
    0xe5,0x03,0x84,0x7e,0xe6,0x03,0x86,0x7e,0xe7,0x03,0x88,0x7e,0xe8,0x03,0x8a,0x7e,0xe9,0x03,0x8c,0x7e,
    0xea,0x03,0x8e,0x7e,0xff,0x00,0xc4,0xbe,0x30,0x55,0x00,0x00,0x46,0x48,0x80,0xbe,0xeb,0x00,0x0f,0xcc,
    0xeb,0x91,0x02,0x18,0xec,0x00,0x0f,0xcc,0xec,0x93,0x02,0x18,0xed,0x00,0x0f,0xcc,0xed,0x95,0x02,0x18,
    0xee,0x00,0x0f,0xcc,0xee,0x97,0x02,0x18,0xef,0x00,0x0f,0xcc,0xef,0x99,0x02,0x18,0xf0,0x00,0x0f,0xcc,
    0xf0,0x9b,0x02,0x18,0xf1,0x00,0x0f,0xcc,0xf1,0x9d,0x02,0x18,0xf2,0x00,0x0f,0xcc,0xf2,0x9f,0x02,0x18,
    0xeb,0x03,0x90,0x7e,0xec,0x03,0x92,0x7e,0xed,0x03,0x94,0x7e,0xee,0x03,0x96,0x7e,0xef,0x03,0x98,0x7e,
    0xf0,0x03,0x9a,0x7e,0xf1,0x03,0x9c,0x7e,0xf2,0x03,0x9e,0x7e,0xff,0x00,0xc4,0xbe,0x9c,0x55,0x00,0x00,
    0x46,0x48,0x80,0xbe,0xe3,0x00,0x0f,0xcc,0xe3,0xa1,0x02,0x18,0xe4,0x00,0x0f,0xcc,0xe4,0xa3,0x02,0x18,
    0xe5,0x00,0x0f,0xcc,0xe5,0xa5,0x02,0x18,0xe6,0x00,0x0f,0xcc,0xe6,0xa7,0x02,0x18,0xe7,0x00,0x0f,0xcc,
    0xe7,0xa9,0x02,0x18,0xe8,0x00,0x0f,0xcc,0xe8,0xab,0x02,0x18,0xe9,0x00,0x0f,0xcc,0xe9,0xad,0x02,0x18,
    0xea,0x00,0x0f,0xcc,0xea,0xaf,0x02,0x18,0xe3,0x03,0xa0,0x7e,0xe4,0x03,0xa2,0x7e,0xe5,0x03,0xa4,0x7e,
    0xe6,0x03,0xa6,0x7e,0xe7,0x03,0xa8,0x7e,0xe8,0x03,0xaa,0x7e,0xe9,0x03,0xac,0x7e,0xea,0x03,0xae,0x7e,
    0xff,0x00,0xc4,0xbe,0x08,0x56,0x00,0x00,0x46,0x48,0x80,0xbe,0xeb,0x00,0x0f,0xcc,0xeb,0xb1,0x02,0x18,
    0xec,0x00,0x0f,0xcc,0xec,0xb3,0x02,0x18,0xed,0x00,0x0f,0xcc,0xed,0xb5,0x02,0x18,0xee,0x00,0x0f,0xcc,
    0xee,0xb7,0x02,0x18,0xef,0x00,0x0f,0xcc,0xef,0xb9,0x02,0x18,0xf0,0x00,0x0f,0xcc,0xf0,0xbb,0x02,0x18,
    0xf1,0x00,0x0f,0xcc,0xf1,0xbd,0x02,0x18,0xf2,0x00,0x0f,0xcc,0xf2,0xbf,0x02,0x18,0xeb,0x03,0xb0,0x7e,
    0xec,0x03,0xb2,0x7e,0xed,0x03,0xb4,0x7e,0xee,0x03,0xb6,0x7e,0xef,0x03,0xb8,0x7e,0xf0,0x03,0xba,0x7e,
    0xf1,0x03,0xbc,0x7e,0xf2,0x03,0xbe,0x7e,0xff,0x00,0xc4,0xbe,0x74,0x56,0x00,0x00,0x46,0x48,0x80,0xbe,
    0xe3,0x00,0x0f,0xcc,0xe3,0xc1,0x02,0x18,0xe4,0x00,0x0f,0xcc,0xe4,0xc3,0x02,0x18,0xe5,0x00,0x0f,0xcc,
    0xe5,0xc5,0x02,0x18,0xe6,0x00,0x0f,0xcc,0xe6,0xc7,0x02,0x18,0xe7,0x00,0x0f,0xcc,0xe7,0xc9,0x02,0x18,
    0xe8,0x00,0x0f,0xcc,0xe8,0xcb,0x02,0x18,0xe9,0x00,0x0f,0xcc,0xe9,0xcd,0x02,0x18,0xea,0x00,0x0f,0xcc,
    0xea,0xcf,0x02,0x18,0xe3,0x03,0xc0,0x7e,0xe4,0x03,0xc2,0x7e,0xe5,0x03,0xc4,0x7e,0xe6,0x03,0xc6,0x7e,
    0xe7,0x03,0xc8,0x7e,0xe8,0x03,0xca,0x7e,0xe9,0x03,0xcc,0x7e,0xea,0x03,0xce,0x7e,0xff,0x00,0xc4,0xbe,
    0xe0,0x56,0x00,0x00,0x46,0x48,0x80,0xbe,0xeb,0x00,0x0f,0xcc,0xeb,0xd1,0x02,0x18,0xec,0x00,0x0f,0xcc,
    0xec,0xd3,0x02,0x18,0xed,0x00,0x0f,0xcc,0xed,0xd5,0x02,0x18,0xee,0x00,0x0f,0xcc,0xee,0xd7,0x02,0x18,
    0xef,0x00,0x0f,0xcc,0xef,0xd9,0x02,0x18,0xf0,0x00,0x0f,0xcc,0xf0,0xdb,0x02,0x18,0xf1,0x00,0x0f,0xcc,
    0xf1,0xdd,0x02,0x18,0xf2,0x00,0x0f,0xcc,0xf2,0xdf,0x02,0x18,0xeb,0x03,0xd0,0x7e,0xec,0x03,0xd2,0x7e,
    0xed,0x03,0xd4,0x7e,0xee,0x03,0xd6,0x7e,0xef,0x03,0xd8,0x7e,0xf0,0x03,0xda,0x7e,0xf1,0x03,0xdc,0x7e,
    0xf2,0x03,0xde,0x7e,0xff,0x00,0xc4,0xbe,0x4c,0x57,0x00,0x00,0x46,0x48,0x80,0xbe,0xe3,0x00,0x0f,0xcc,
    0xe3,0xe1,0x02,0x18,0xe4,0x00,0x0f,0xcc,0xe4,0xe3,0x02,0x18,0xe5,0x00,0x0f,0xcc,0xe5,0xe5,0x02,0x18,
    0xe6,0x00,0x0f,0xcc,0xe6,0xe7,0x02,0x18,0xe7,0x00,0x0f,0xcc,0xe7,0xe9,0x02,0x18,0xe8,0x00,0x0f,0xcc,
    0xe8,0xeb,0x02,0x18,0xe9,0x00,0x0f,0xcc,0xe9,0xed,0x02,0x18,0xea,0x00,0x0f,0xcc,0xea,0xef,0x02,0x18,
    0xe3,0x03,0xe0,0x7e,0xe4,0x03,0xe2,0x7e,0xe5,0x03,0xe4,0x7e,0xe6,0x03,0xe6,0x7e,0xe7,0x03,0xe8,0x7e,
    0xe8,0x03,0xea,0x7e,0xe9,0x03,0xec,0x7e,0xea,0x03,0xee,0x7e,0xff,0x00,0xc4,0xbe,0xb8,0x57,0x00,0x00,
    0x46,0x48,0x80,0xbe,0xeb,0x00,0x0f,0xcc,0xeb,0xf1,0x02,0x18,0xec,0x00,0x0f,0xcc,0xec,0xf3,0x02,0x18,
    0xed,0x00,0x0f,0xcc,0xed,0xf5,0x02,0x18,0xee,0x00,0x0f,0xcc,0xee,0xf7,0x02,0x18,0xef,0x00,0x0f,0xcc,
    0xef,0xf9,0x02,0x18,0xf0,0x00,0x0f,0xcc,0xf0,0xfb,0x02,0x18,0xf1,0x00,0x0f,0xcc,0xf1,0xfd,0x02,0x18,
    0xf2,0x00,0x0f,0xcc,0xf2,0xff,0x02,0x18,0xeb,0x03,0xf0,0x7e,0xec,0x03,0xf2,0x7e,0xed,0x03,0xf4,0x7e,
    0xee,0x03,0xf6,0x7e,0xef,0x03,0xf8,0x7e,0xf0,0x03,0xfa,0x7e,0xf1,0x03,0xfc,0x7e,0xf2,0x03,0xfe,0x7e,
    0xff,0x00,0xc4,0xbe,0x24,0x58,0x00,0x00,0x46,0x48,0x80,0xbe,0xe3,0x00,0x0f,0xcc,0xe3,0x01,0x03,0x18,
    0xe4,0x00,0x0f,0xcc,0xe4,0x03,0x03,0x18,0xe5,0x00,0x0f,0xcc,0xe5,0x05,0x03,0x18,0xe6,0x00,0x0f,0xcc,
    0xe6,0x07,0x03,0x18,0xe7,0x00,0x0f,0xcc,0xe7,0x09,0x03,0x18,0xe8,0x00,0x0f,0xcc,0xe8,0x0b,0x03,0x18,
    0xe9,0x00,0x0f,0xcc,0xe9,0x0d,0x03,0x18,0xea,0x00,0x0f,0xcc,0xea,0x0f,0x03,0x18,0xe3,0x03,0x00,0x7f,
    0xe4,0x03,0x02,0x7f,0xe5,0x03,0x04,0x7f,0xe6,0x03,0x06,0x7f,0xe7,0x03,0x08,0x7f,0xe8,0x03,0x0a,0x7f,
    0xe9,0x03,0x0c,0x7f,0xea,0x03,0x0e,0x7f,0xff,0x00,0xc4,0xbe,0x90,0x58,0x00,0x00,0x46,0x48,0x80,0xbe,
    0xeb,0x00,0x0f,0xcc,0xeb,0x11,0x03,0x18,0xec,0x00,0x0f,0xcc,0xec,0x13,0x03,0x18,0xed,0x00,0x0f,0xcc,
    0xed,0x15,0x03,0x18,0xee,0x00,0x0f,0xcc,0xee,0x17,0x03,0x18,0xef,0x00,0x0f,0xcc,0xef,0x19,0x03,0x18,
    0xf0,0x00,0x0f,0xcc,0xf0,0x1b,0x03,0x18,0xf1,0x00,0x0f,0xcc,0xf1,0x1d,0x03,0x18,0xf2,0x00,0x0f,0xcc,
    0xf2,0x1f,0x03,0x18,0xeb,0x03,0x10,0x7f,0xec,0x03,0x12,0x7f,0xed,0x03,0x14,0x7f,0xee,0x03,0x16,0x7f,
    0xef,0x03,0x18,0x7f,0xf0,0x03,0x1a,0x7f,0xf1,0x03,0x1c,0x7f,0xf2,0x03,0x1e,0x7f,0xff,0x00,0xc4,0xbe,
    0xfc,0x58,0x00,0x00,0x46,0x48,0x80,0xbe,0xe3,0x00,0x0f,0xcc,0xe3,0x21,0x03,0x18,0xe4,0x00,0x0f,0xcc,
    0xe4,0x23,0x03,0x18,0xe5,0x00,0x0f,0xcc,0xe5,0x25,0x03,0x18,0xe6,0x00,0x0f,0xcc,0xe6,0x27,0x03,0x18,
    0xe7,0x00,0x0f,0xcc,0xe7,0x29,0x03,0x18,0xe8,0x00,0x0f,0xcc,0xe8,0x2b,0x03,0x18,0xe9,0x00,0x0f,0xcc,
    0xe9,0x2d,0x03,0x18,0xea,0x00,0x0f,0xcc,0xea,0x2f,0x03,0x18,0xe3,0x03,0x20,0x7f,0xe4,0x03,0x22,0x7f,
    0xe5,0x03,0x24,0x7f,0xe6,0x03,0x26,0x7f,0xe7,0x03,0x28,0x7f,0xe8,0x03,0x2a,0x7f,0xe9,0x03,0x2c,0x7f,
    0xea,0x03,0x2e,0x7f,0xff,0x00,0xc4,0xbe,0x68,0x59,0x00,0x00,0x46,0x48,0x80,0xbe,0xeb,0x00,0x0f,0xcc,
    0xeb,0x31,0x03,0x18,0xec,0x00,0x0f,0xcc,0xec,0x33,0x03,0x18,0xed,0x00,0x0f,0xcc,0xed,0x35,0x03,0x18,
    0xee,0x00,0x0f,0xcc,0xee,0x37,0x03,0x18,0xef,0x00,0x0f,0xcc,0xef,0x39,0x03,0x18,0xf0,0x00,0x0f,0xcc,
    0xf0,0x3b,0x03,0x18,0xf1,0x00,0x0f,0xcc,0xf1,0x3d,0x03,0x18,0xf2,0x00,0x0f,0xcc,0xf2,0x3f,0x03,0x18,
    0xeb,0x03,0x30,0x7f,0xec,0x03,0x32,0x7f,0xed,0x03,0x34,0x7f,0xee,0x03,0x36,0x7f,0xef,0x03,0x38,0x7f,
    0xf0,0x03,0x3a,0x7f,0xf1,0x03,0x3c,0x7f,0xf2,0x03,0x3e,0x7f,0xff,0x00,0xc4,0xbe,0xd4,0x59,0x00,0x00,
    0x46,0x48,0x80,0xbe,0xe3,0x00,0x0f,0xcc,0xe3,0x41,0x03,0x18,0xe4,0x00,0x0f,0xcc,0xe4,0x43,0x03,0x18,
    0xe5,0x00,0x0f,0xcc,0xe5,0x45,0x03,0x18,0xe6,0x00,0x0f,0xcc,0xe6,0x47,0x03,0x18,0xe7,0x00,0x0f,0xcc,
    0xe7,0x49,0x03,0x18,0xe8,0x00,0x0f,0xcc,0xe8,0x4b,0x03,0x18,0xe9,0x00,0x0f,0xcc,0xe9,0x4d,0x03,0x18,
    0xea,0x00,0x0f,0xcc,0xea,0x4f,0x03,0x18,0xe3,0x03,0x40,0x7f,0xe4,0x03,0x42,0x7f,0xe5,0x03,0x44,0x7f,
    0xe6,0x03,0x46,0x7f,0xe7,0x03,0x48,0x7f,0xe8,0x03,0x4a,0x7f,0xe9,0x03,0x4c,0x7f,0xea,0x03,0x4e,0x7f,
    0xff,0x00,0xc4,0xbe,0x40,0x5a,0x00,0x00,0x46,0x48,0x80,0xbe,0xeb,0x00,0x0f,0xcc,0xeb,0x51,0x03,0x18,
    0xec,0x00,0x0f,0xcc,0xec,0x53,0x03,0x18,0xed,0x00,0x0f,0xcc,0xed,0x55,0x03,0x18,0xee,0x00,0x0f,0xcc,
    0xee,0x57,0x03,0x18,0xef,0x00,0x0f,0xcc,0xef,0x59,0x03,0x18,0xf0,0x00,0x0f,0xcc,0xf0,0x5b,0x03,0x18,
    0xf1,0x00,0x0f,0xcc,0xf1,0x5d,0x03,0x18,0xf2,0x00,0x0f,0xcc,0xf2,0x5f,0x03,0x18,0xeb,0x03,0x50,0x7f,
    0xec,0x03,0x52,0x7f,0xed,0x03,0x54,0x7f,0xee,0x03,0x56,0x7f,0xef,0x03,0x58,0x7f,0xf0,0x03,0x5a,0x7f,
    0xf1,0x03,0x5c,0x7f,0xf2,0x03,0x5e,0x7f,0xff,0x00,0xc4,0xbe,0xac,0x5a,0x00,0x00,0x46,0x48,0x80,0xbe,
    0xe3,0x00,0x0f,0xcc,0xe3,0x61,0x03,0x18,0xe4,0x00,0x0f,0xcc,0xe4,0x63,0x03,0x18,0xe5,0x00,0x0f,0xcc,
    0xe5,0x65,0x03,0x18,0xe6,0x00,0x0f,0xcc,0xe6,0x67,0x03,0x18,0xe7,0x00,0x0f,0xcc,0xe7,0x69,0x03,0x18,
    0xe8,0x00,0x0f,0xcc,0xe8,0x6b,0x03,0x18,0xe9,0x00,0x0f,0xcc,0xe9,0x6d,0x03,0x18,0xea,0x00,0x0f,0xcc,
    0xea,0x6f,0x03,0x18,0xe3,0x03,0x60,0x7f,0xe4,0x03,0x62,0x7f,0xe5,0x03,0x64,0x7f,0xe6,0x03,0x66,0x7f,
    0xe7,0x03,0x68,0x7f,0xe8,0x03,0x6a,0x7f,0xe9,0x03,0x6c,0x7f,0xea,0x03,0x6e,0x7f,0xff,0x00,0xc4,0xbe,
    0x18,0x5b,0x00,0x00,0x46,0x48,0x80,0xbe,0xeb,0x00,0x0f,0xcc,0xeb,0x71,0x03,0x18,0xec,0x00,0x0f,0xcc,
    0xec,0x73,0x03,0x18,0xed,0x00,0x0f,0xcc,0xed,0x75,0x03,0x18,0xee,0x00,0x0f,0xcc,0xee,0x77,0x03,0x18,
    0xef,0x00,0x0f,0xcc,0xef,0x79,0x03,0x18,0xf0,0x00,0x0f,0xcc,0xf0,0x7b,0x03,0x18,0xf1,0x00,0x0f,0xcc,
    0xf1,0x7d,0x03,0x18,0xf2,0x00,0x0f,0xcc,0xf2,0x7f,0x03,0x18,0xeb,0x03,0x70,0x7f,0xec,0x03,0x72,0x7f,
    0xed,0x03,0x74,0x7f,0xee,0x03,0x76,0x7f,0xef,0x03,0x78,0x7f,0xf0,0x03,0x7a,0x7f,0xf1,0x03,0x7c,0x7f,
    0xf2,0x03,0x7e,0x7f,0xff,0x00,0xc4,0xbe,0x84,0x5b,0x00,0x00,0x46,0x48,0x80,0xbe,0xe3,0x00,0x0f,0xcc,
    0xe3,0x81,0x03,0x18,0xe4,0x00,0x0f,0xcc,0xe4,0x83,0x03,0x18,0xe5,0x00,0x0f,0xcc,0xe5,0x85,0x03,0x18,
    0xe6,0x00,0x0f,0xcc,0xe6,0x87,0x03,0x18,0xe7,0x00,0x0f,0xcc,0xe7,0x89,0x03,0x18,0xe8,0x00,0x0f,0xcc,
    0xe8,0x8b,0x03,0x18,0xe9,0x00,0x0f,0xcc,0xe9,0x8d,0x03,0x18,0xea,0x00,0x0f,0xcc,0xea,0x8f,0x03,0x18,
    0xe3,0x03,0x80,0x7f,0xe4,0x03,0x82,0x7f,0xe5,0x03,0x84,0x7f,0xe6,0x03,0x86,0x7f,0xe7,0x03,0x88,0x7f,
    0xe8,0x03,0x8a,0x7f,0xe9,0x03,0x8c,0x7f,0xea,0x03,0x8e,0x7f,0xff,0x00,0xc4,0xbe,0xf0,0x5b,0x00,0x00,
    0x46,0x48,0x80,0xbe,0xeb,0x00,0x0f,0xcc,0xeb,0x91,0x03,0x18,0xec,0x00,0x0f,0xcc,0xec,0x93,0x03,0x18,
    0xed,0x00,0x0f,0xcc,0xed,0x95,0x03,0x18,0xee,0x00,0x0f,0xcc,0xee,0x97,0x03,0x18,0xef,0x00,0x0f,0xcc,
    0xef,0x99,0x03,0x18,0xf0,0x00,0x0f,0xcc,0xf0,0x9b,0x03,0x18,0xf1,0x00,0x0f,0xcc,0xf1,0x9d,0x03,0x18,
    0xf2,0x00,0x0f,0xcc,0xf2,0x9f,0x03,0x18,0xeb,0x03,0x90,0x7f,0xec,0x03,0x92,0x7f,0xed,0x03,0x94,0x7f,
    0xee,0x03,0x96,0x7f,0xef,0x03,0x98,0x7f,0xf0,0x03,0x9a,0x7f,0xf1,0x03,0x9c,0x7f,0xf2,0x03,0x9e,0x7f,
    0xff,0x00,0xc4,0xbe,0x5c,0x5c,0x00,0x00,0x46,0x48,0x80,0xbe,0xe3,0x00,0x0f,0xcc,0xe3,0xa1,0x03,0x18,
    0xe4,0x00,0x0f,0xcc,0xe4,0xa3,0x03,0x18,0xe5,0x00,0x0f,0xcc,0xe5,0xa5,0x03,0x18,0xe6,0x00,0x0f,0xcc,
    0xe6,0xa7,0x03,0x18,0xe7,0x00,0x0f,0xcc,0xe7,0xa9,0x03,0x18,0xe8,0x00,0x0f,0xcc,0xe8,0xab,0x03,0x18,
    0xe9,0x00,0x0f,0xcc,0xe9,0xad,0x03,0x18,0xea,0x00,0x0f,0xcc,0xea,0xaf,0x03,0x18,0xe3,0x03,0xa0,0x7f,
    0xe4,0x03,0xa2,0x7f,0xe5,0x03,0xa4,0x7f,0xe6,0x03,0xa6,0x7f,0xe7,0x03,0xa8,0x7f,0xe8,0x03,0xaa,0x7f,
    0xe9,0x03,0xac,0x7f,0xea,0x03,0xae,0x7f,0xff,0x00,0xc4,0xbe,0xc8,0x5c,0x00,0x00,0x46,0x48,0x80,0xbe,
    0xeb,0x00,0x0f,0xcc,0xeb,0xb1,0x03,0x18,0xec,0x00,0x0f,0xcc,0xec,0xb3,0x03,0x18,0xed,0x00,0x0f,0xcc,
    0xed,0xb5,0x03,0x18,0xee,0x00,0x0f,0xcc,0xee,0xb7,0x03,0x18,0xef,0x00,0x0f,0xcc,0xef,0xb9,0x03,0x18,
    0xf0,0x00,0x0f,0xcc,0xf0,0xbb,0x03,0x18,0xf1,0x00,0x0f,0xcc,0xf1,0xbd,0x03,0x18,0xf2,0x00,0x0f,0xcc,
    0xf2,0xbf,0x03,0x18,0xeb,0x03,0xb0,0x7f,0xec,0x03,0xb2,0x7f,0xed,0x03,0xb4,0x7f,0xee,0x03,0xb6,0x7f,
    0xef,0x03,0xb8,0x7f,0xf0,0x03,0xba,0x7f,0xf1,0x03,0xbc,0x7f,0xf2,0x03,0xbe,0x7f,0xff,0x00,0xc4,0xbe,
    0xc4,0x54,0x00,0x00,0x46,0x48,0x80,0xbe,0x00,0x00,0x80,0xbf,0x00,0x00,0x80,0xbf,0x00,0x00,0x80,0xbf,
    0x00,0x00,0x80,0xbf,0xe3,0x00,0x0f,0xcc,0xe3,0x51,0x00,0x18,0xe4,0x00,0x0f,0xcc,0xe4,0x53,0x00,0x18,
    0xe5,0x00,0x0f,0xcc,0xe5,0x51,0x00,0x18,0xe6,0x00,0x0f,0xcc,0xe6,0x53,0x00,0x18,0xe7,0x00,0x0f,0xcc,
    0xe7,0x51,0x00,0x18,0xe8,0x00,0x0f,0xcc,0xe8,0x53,0x00,0x18,0xe9,0x00,0x0f,0xcc,0xe9,0x51,0x00,0x18,
    0xea,0x00,0x0f,0xcc,0xea,0x53,0x00,0x18,0x16,0x00,0x10,0xcc,0x20,0xc6,0x03,0x18,0x1c,0x00,0x10,0xcc,
    0x20,0xc8,0x03,0x18,0x26,0x00,0x10,0xcc,0x20,0xca,0x03,0x18,0x30,0x00,0x10,0xcc,0x20,0xcc,0x03,0x18,
    0xe3,0x00,0x1c,0xcc,0xe3,0x2d,0x02,0x18,0xe4,0x00,0x1c,0xcc,0xe4,0x39,0x02,0x18,0xe5,0x00,0x1c,0xcc,
    0xe5,0x4d,0x02,0x18,0xe6,0x00,0x1c,0xcc,0xe6,0x61,0x02,0x18,0x16,0x00,0x10,0xcc,0x20,0xce,0x03,0x18,
    0x1c,0x00,0x10,0xcc,0x20,0xd0,0x03,0x18,0x26,0x00,0x10,0xcc,0x20,0xd2,0x03,0x18,0x30,0x00,0x10,0xcc,
    0x20,0xd4,0x03,0x18,0xe7,0x00,0x1c,0xcc,0xe7,0x2d,0x02,0x18,0xe8,0x00,0x1c,0xcc,0xe8,0x39,0x02,0x18,
    0xe9,0x00,0x1c,0xcc,0xe9,0x4d,0x02,0x18,0xea,0x00,0x1c,0xcc,0xea,0x61,0x02,0x18,0x7c,0x40,0x06,0xc4,
    0xe3,0x80,0x80,0x80,0xf3,0x00,0x00,0x00,0x7c,0x40,0x06,0xc4,0xe5,0x80,0x80,0x80,0xf5,0x00,0x00,0x00,
    0x7c,0x40,0x06,0xc4,0xe7,0x80,0x80,0x80,0xf4,0x00,0x00,0x00,0x7c,0x40,0x06,0xc4,0xe9,0x80,0x80,0x80,
    0xf6,0x00,0x00,0x00,0x35,0x81,0xb5,0x80,0x80,0x43,0x43,0x98,0x40,0x37,0x40,0x80,0x41,0x80,0x41,0x82,
    0x7c,0x40,0x09,0xc4,0xe3,0x80,0x80,0x80,0xf3,0x00,0x00,0x00,0x7c,0x40,0x09,0xc4,0xe5,0x80,0x80,0x80,
    0xf5,0x00,0x00,0x00,0x7c,0x40,0x09,0xc4,0xe7,0x80,0x80,0x80,0xf4,0x00,0x00,0x00,0x7c,0x40,0x09,0xc4,
    0xe9,0x80,0x80,0x80,0xf6,0x00,0x00,0x00,0x35,0x81,0xb5,0x80,0x80,0x43,0x43,0x98,0x40,0x37,0x40,0x80,
    0x41,0x80,0x41,0x82,0x7c,0x40,0x06,0xc4,0xe4,0x80,0x80,0x80,0xf3,0x00,0x00,0x00,0x7c,0x40,0x06,0xc4,
    0xe6,0x80,0x80,0x80,0xf5,0x00,0x00,0x00,0x7c,0x40,0x06,0xc4,0xe8,0x80,0x80,0x80,0xf4,0x00,0x00,0x00,
    0x7c,0x40,0x06,0xc4,0xea,0x80,0x80,0x80,0xf6,0x00,0x00,0x00,0x35,0x81,0xb5,0x80,0x80,0x43,0x43,0x98,
    0x40,0x37,0x40,0x80,0x41,0x80,0x41,0x82,0x7c,0x40,0x09,0xc4,0xe4,0x80,0x80,0x80,0xf3,0x00,0x00,0x00,
    0x7c,0x40,0x09,0xc4,0xe6,0x80,0x80,0x80,0xf5,0x00,0x00,0x00,0x7c,0x40,0x09,0xc4,0xe8,0x80,0x80,0x80,
    0xf4,0x00,0x00,0x00,0x7c,0x40,0x09,0xc4,0xea,0x80,0x80,0x80,0xf6,0x00,0x00,0x00,0x35,0x81,0xb5,0x80,
    0x80,0x43,0x43,0x98,0x40,0x37,0x40,0x80,0x41,0x80,0x41,0x82,0xff,0x00,0xbb,0xbe,0x10,0x5f,0x00,0x00,
    0x46,0x48,0x80,0xbe,0xeb,0x00,0x0f,0xcc,0xeb,0x5b,0x00,0x18,0xec,0x00,0x0f,0xcc,0xec,0x63,0x00,0x18,
    0xed,0x00,0x0f,0xcc,0xed,0x5b,0x00,0x18,0xee,0x00,0x0f,0xcc,0xee,0x63,0x00,0x18,0xef,0x00,0x0f,0xcc,
    0xef,0x5b,0x00,0x18,0xf0,0x00,0x0f,0xcc,0xf0,0x63,0x00,0x18,0xf1,0x00,0x0f,0xcc,0xf1,0x5b,0x00,0x18,
    0xf2,0x00,0x0f,0xcc,0xf2,0x63,0x00,0x18,0x16,0x00,0x10,0xcc,0x20,0xd6,0x03,0x18,0x1c,0x00,0x10,0xcc,
    0x20,0xd8,0x03,0x18,0x26,0x00,0x10,0xcc,0x20,0xda,0x03,0x18,0x30,0x00,0x10,0xcc,0x20,0xdc,0x03,0x18,
    0xeb,0x00,0x1c,0xcc,0xeb,0x2d,0x02,0x18,0xec,0x00,0x1c,0xcc,0xec,0x39,0x02,0x18,0xed,0x00,0x1c,0xcc,
    0xed,0x4d,0x02,0x18,0xee,0x00,0x1c,0xcc,0xee,0x61,0x02,0x18,0x16,0x00,0x10,0xcc,0x20,0xde,0x03,0x18,
    0x1c,0x00,0x10,0xcc,0x20,0xe0,0x03,0x18,0x26,0x00,0x10,0xcc,0x20,0xe2,0x03,0x18,0x30,0x00,0x10,0xcc,
    0x20,0xe4,0x03,0x18,0xef,0x00,0x1c,0xcc,0xef,0x2d,0x02,0x18,0xf0,0x00,0x1c,0xcc,0xf0,0x39,0x02,0x18,
    0xf1,0x00,0x1c,0xcc,0xf1,0x4d,0x02,0x18,0xf2,0x00,0x1c,0xcc,0xf2,0x61,0x02,0x18,0x7c,0x40,0x06,0xc4,
    0xeb,0x80,0x80,0x80,0xf3,0x00,0x00,0x00,0x7c,0x40,0x06,0xc4,0xed,0x80,0x80,0x80,0xf5,0x00,0x00,0x00,
    0x7c,0x40,0x06,0xc4,0xef,0x80,0x80,0x80,0xf4,0x00,0x00,0x00,0x7c,0x40,0x06,0xc4,0xf1,0x80,0x80,0x80,
    0xf6,0x00,0x00,0x00,0x35,0x81,0xb5,0x80,0x80,0x43,0x43,0x98,0x40,0x37,0x40,0x80,0x41,0x80,0x41,0x82,
    0x7c,0x40,0x09,0xc4,0xeb,0x80,0x80,0x80,0xf3,0x00,0x00,0x00,0x7c,0x40,0x09,0xc4,0xed,0x80,0x80,0x80,
    0xf5,0x00,0x00,0x00,0x7c,0x40,0x09,0xc4,0xef,0x80,0x80,0x80,0xf4,0x00,0x00,0x00,0x7c,0x40,0x09,0xc4,
    0xf1,0x80,0x80,0x80,0xf6,0x00,0x00,0x00,0x35,0x81,0xb5,0x80,0x80,0x43,0x43,0x98,0x40,0x37,0x40,0x80,
    0x41,0x80,0x41,0x82,0x7c,0x40,0x06,0xc4,0xec,0x80,0x80,0x80,0xf3,0x00,0x00,0x00,0x7c,0x40,0x06,0xc4,
    0xee,0x80,0x80,0x80,0xf5,0x00,0x00,0x00,0x7c,0x40,0x06,0xc4,0xf0,0x80,0x80,0x80,0xf4,0x00,0x00,0x00,
    0x7c,0x40,0x06,0xc4,0xf2,0x80,0x80,0x80,0xf6,0x00,0x00,0x00,0x35,0x81,0xb5,0x80,0x80,0x43,0x43,0x98,
    0x40,0x37,0x40,0x80,0x41,0x80,0x41,0x82,0x7c,0x40,0x09,0xc4,0xec,0x80,0x80,0x80,0xf3,0x00,0x00,0x00,
    0x7c,0x40,0x09,0xc4,0xee,0x80,0x80,0x80,0xf5,0x00,0x00,0x00,0x7c,0x40,0x09,0xc4,0xf0,0x80,0x80,0x80,
    0xf4,0x00,0x00,0x00,0x7c,0x40,0x09,0xc4,0xf2,0x80,0x80,0x80,0xf6,0x00,0x00,0x00,0x35,0x81,0xb5,0x80,
    0x80,0x43,0x43,0x98,0x40,0x37,0x40,0x80,0x41,0x80,0x41,0x82,0xff,0x00,0xbb,0xbe,0x44,0x5d,0x00,0x00,
    0x46,0x48,0x80,0xbe,0x00,0x00,0x80,0xbf,0x00,0x00,0x80,0xbf,0xe3,0x00,0x0f,0xcc,0xe3,0x51,0x00,0x18,
    0xe4,0x00,0x0f,0xcc,0xe4,0x53,0x00,0x18,0xe5,0x00,0x0f,0xcc,0xe5,0x51,0x00,0x18,0xe6,0x00,0x0f,0xcc,
    0xe6,0x53,0x00,0x18,0xe7,0x00,0x0f,0xcc,0xe7,0x51,0x00,0x18,0xe8,0x00,0x0f,0xcc,0xe8,0x53,0x00,0x18,
    0xe9,0x00,0x0f,0xcc,0xe9,0x51,0x00,0x18,0xea,0x00,0x0f,0xcc,0xea,0x53,0x00,0x18,0x16,0x00,0x10,0xcc,
    0x20,0xc6,0x03,0x18,0x1c,0x00,0x10,0xcc,0x20,0xc8,0x03,0x18,0x26,0x00,0x10,0xcc,0x20,0xca,0x03,0x18,
    0x30,0x00,0x10,0xcc,0x20,0xcc,0x03,0x18,0xe3,0x00,0x1b,0xcc,0xe3,0x2d,0x02,0x18,0xe4,0x00,0x1b,0xcc,
    0xe4,0x39,0x02,0x18,0xe5,0x00,0x1b,0xcc,0xe5,0x4d,0x02,0x18,0xe6,0x00,0x1b,0xcc,0xe6,0x61,0x02,0x18,
    0x16,0x00,0x10,0xcc,0x20,0xce,0x03,0x18,0x1c,0x00,0x10,0xcc,0x20,0xd0,0x03,0x18,0x26,0x00,0x10,0xcc,
    0x20,0xd2,0x03,0x18,0x30,0x00,0x10,0xcc,0x20,0xd4,0x03,0x18,0xe7,0x00,0x1b,0xcc,0xe7,0x2d,0x02,0x18,
    0xe8,0x00,0x1b,0xcc,0xe8,0x39,0x02,0x18,0xe9,0x00,0x1b,0xcc,0xe9,0x4d,0x02,0x18,0xea,0x00,0x1b,0xcc,
    0xea,0x61,0x02,0x18,0x7c,0x40,0x06,0xc4,0xe3,0x80,0x80,0x80,0xf3,0x00,0x00,0x00,0x7c,0x40,0x06,0xc4,
    0xe5,0x80,0x80,0x80,0xf5,0x00,0x00,0x00,0x7c,0x40,0x06,0xc4,0xe7,0x80,0x80,0x80,0xf4,0x00,0x00,0x00,
    0x7c,0x40,0x06,0xc4,0xe9,0x80,0x80,0x80,0xf6,0x00,0x00,0x00,0x35,0x81,0xb5,0x80,0x80,0x43,0x43,0x98,
    0x40,0x37,0x40,0x80,0x41,0x80,0x41,0x82,0x7c,0x40,0x09,0xc4,0xe3,0x80,0x80,0x80,0xf3,0x00,0x00,0x00,
    0x7c,0x40,0x09,0xc4,0xe5,0x80,0x80,0x80,0xf5,0x00,0x00,0x00,0x7c,0x40,0x09,0xc4,0xe7,0x80,0x80,0x80,
    0xf4,0x00,0x00,0x00,0x7c,0x40,0x09,0xc4,0xe9,0x80,0x80,0x80,0xf6,0x00,0x00,0x00,0x35,0x81,0xb5,0x80,
    0x80,0x43,0x43,0x98,0x40,0x37,0x40,0x80,0x41,0x80,0x41,0x82,0x7c,0x40,0x06,0xc4,0xe4,0x80,0x80,0x80,
    0xf3,0x00,0x00,0x00,0x7c,0x40,0x06,0xc4,0xe6,0x80,0x80,0x80,0xf5,0x00,0x00,0x00,0x7c,0x40,0x06,0xc4,
    0xe8,0x80,0x80,0x80,0xf4,0x00,0x00,0x00,0x7c,0x40,0x06,0xc4,0xea,0x80,0x80,0x80,0xf6,0x00,0x00,0x00,
    0x35,0x81,0xb5,0x80,0x80,0x43,0x43,0x98,0x40,0x37,0x40,0x80,0x41,0x80,0x41,0x82,0x7c,0x40,0x09,0xc4,
    0xe4,0x80,0x80,0x80,0xf3,0x00,0x00,0x00,0x7c,0x40,0x09,0xc4,0xe6,0x80,0x80,0x80,0xf5,0x00,0x00,0x00,
    0x7c,0x40,0x09,0xc4,0xe8,0x80,0x80,0x80,0xf4,0x00,0x00,0x00,0x7c,0x40,0x09,0xc4,0xea,0x80,0x80,0x80,
    0xf6,0x00,0x00,0x00,0x35,0x81,0xb5,0x80,0x80,0x43,0x43,0x98,0x40,0x37,0x40,0x80,0x41,0x80,0x41,0x82,
    0xff,0x00,0xbb,0xbe,0xb0,0x62,0x00,0x00,0x46,0x48,0x80,0xbe,0xeb,0x00,0x0f,0xcc,0xeb,0x5b,0x00,0x18,
    0xec,0x00,0x0f,0xcc,0xec,0x63,0x00,0x18,0xed,0x00,0x0f,0xcc,0xed,0x5b,0x00,0x18,0xee,0x00,0x0f,0xcc,
    0xee,0x63,0x00,0x18,0xef,0x00,0x0f,0xcc,0xef,0x5b,0x00,0x18,0xf0,0x00,0x0f,0xcc,0xf0,0x63,0x00,0x18,
    0xf1,0x00,0x0f,0xcc,0xf1,0x5b,0x00,0x18,0xf2,0x00,0x0f,0xcc,0xf2,0x63,0x00,0x18,0x16,0x00,0x10,0xcc,
    0x20,0xd6,0x03,0x18,0x1c,0x00,0x10,0xcc,0x20,0xd8,0x03,0x18,0x26,0x00,0x10,0xcc,0x20,0xda,0x03,0x18,
    0x30,0x00,0x10,0xcc,0x20,0xdc,0x03,0x18,0xeb,0x00,0x1b,0xcc,0xeb,0x2d,0x02,0x18,0xec,0x00,0x1b,0xcc,
    0xec,0x39,0x02,0x18,0xed,0x00,0x1b,0xcc,0xed,0x4d,0x02,0x18,0xee,0x00,0x1b,0xcc,0xee,0x61,0x02,0x18,
    0x16,0x00,0x10,0xcc,0x20,0xde,0x03,0x18,0x1c,0x00,0x10,0xcc,0x20,0xe0,0x03,0x18,0x26,0x00,0x10,0xcc,
    0x20,0xe2,0x03,0x18,0x30,0x00,0x10,0xcc,0x20,0xe4,0x03,0x18,0xef,0x00,0x1b,0xcc,0xef,0x2d,0x02,0x18,
    0xf0,0x00,0x1b,0xcc,0xf0,0x39,0x02,0x18,0xf1,0x00,0x1b,0xcc,0xf1,0x4d,0x02,0x18,0xf2,0x00,0x1b,0xcc,
    0xf2,0x61,0x02,0x18,0x7c,0x40,0x06,0xc4,0xeb,0x80,0x80,0x80,0xf3,0x00,0x00,0x00,0x7c,0x40,0x06,0xc4,
    0xed,0x80,0x80,0x80,0xf5,0x00,0x00,0x00,0x7c,0x40,0x06,0xc4,0xef,0x80,0x80,0x80,0xf4,0x00,0x00,0x00,
    0x7c,0x40,0x06,0xc4,0xf1,0x80,0x80,0x80,0xf6,0x00,0x00,0x00,0x35,0x81,0xb5,0x80,0x80,0x43,0x43,0x98,
    0x40,0x37,0x40,0x80,0x41,0x80,0x41,0x82,0x7c,0x40,0x09,0xc4,0xeb,0x80,0x80,0x80,0xf3,0x00,0x00,0x00,
    0x7c,0x40,0x09,0xc4,0xed,0x80,0x80,0x80,0xf5,0x00,0x00,0x00,0x7c,0x40,0x09,0xc4,0xef,0x80,0x80,0x80,
    0xf4,0x00,0x00,0x00,0x7c,0x40,0x09,0xc4,0xf1,0x80,0x80,0x80,0xf6,0x00,0x00,0x00,0x35,0x81,0xb5,0x80,
    0x80,0x43,0x43,0x98,0x40,0x37,0x40,0x80,0x41,0x80,0x41,0x82,0x7c,0x40,0x06,0xc4,0xec,0x80,0x80,0x80,
    0xf3,0x00,0x00,0x00,0x7c,0x40,0x06,0xc4,0xee,0x80,0x80,0x80,0xf5,0x00,0x00,0x00,0x7c,0x40,0x06,0xc4,
    0xf0,0x80,0x80,0x80,0xf4,0x00,0x00,0x00,0x7c,0x40,0x06,0xc4,0xf2,0x80,0x80,0x80,0xf6,0x00,0x00,0x00,
    0x35,0x81,0xb5,0x80,0x80,0x43,0x43,0x98,0x40,0x37,0x40,0x80,0x41,0x80,0x41,0x82,0x7c,0x40,0x09,0xc4,
    0xec,0x80,0x80,0x80,0xf3,0x00,0x00,0x00,0x7c,0x40,0x09,0xc4,0xee,0x80,0x80,0x80,0xf5,0x00,0x00,0x00,
    0x7c,0x40,0x09,0xc4,0xf0,0x80,0x80,0x80,0xf4,0x00,0x00,0x00,0x7c,0x40,0x09,0xc4,0xf2,0x80,0x80,0x80,
    0xf6,0x00,0x00,0x00,0x35,0x81,0xb5,0x80,0x80,0x43,0x43,0x98,0x40,0x37,0x40,0x80,0x41,0x80,0x41,0x82,
    0xff,0x00,0xbb,0xbe,0xe4,0x60,0x00,0x00,0x46,0x48,0x80,0xbe,0x00,0x00,0x80,0xbf,0x00,0x00,0x80,0xbf,
    0xe3,0x00,0x0f,0xcc,0xe3,0x51,0x00,0x18,0xe4,0x00,0x0f,0xcc,0xe4,0x53,0x00,0x18,0xe5,0x00,0x0f,0xcc,
    0xe5,0x51,0x00,0x18,0xe6,0x00,0x0f,0xcc,0xe6,0x53,0x00,0x18,0xe7,0x00,0x0f,0xcc,0xe7,0x51,0x00,0x18,
    0xe8,0x00,0x0f,0xcc,0xe8,0x53,0x00,0x18,0xe9,0x00,0x0f,0xcc,0xe9,0x51,0x00,0x18,0xea,0x00,0x0f,0xcc,
    0xea,0x53,0x00,0x18,0xe3,0x00,0x1c,0xcc,0x80,0xc6,0x03,0x18,0xe4,0x00,0x1c,0xcc,0x80,0xc8,0x03,0x18,
    0xe5,0x00,0x1c,0xcc,0x80,0xca,0x03,0x18,0xe6,0x00,0x1c,0xcc,0x80,0xcc,0x03,0x18,0xe7,0x00,0x1c,0xcc,
    0x80,0xce,0x03,0x18,0xe8,0x00,0x1c,0xcc,0x80,0xd0,0x03,0x18,0xe9,0x00,0x1c,0xcc,0x80,0xd2,0x03,0x18,
    0xea,0x00,0x1c,0xcc,0x80,0xd4,0x03,0x18,0x7c,0x40,0x06,0xc4,0xe3,0x80,0x80,0x80,0xf3,0x00,0x00,0x00,
    0x7c,0x40,0x06,0xc4,0xe5,0x80,0x80,0x80,0xf5,0x00,0x00,0x00,0x7c,0x40,0x06,0xc4,0xe7,0x80,0x80,0x80,
    0xf4,0x00,0x00,0x00,0x7c,0x40,0x06,0xc4,0xe9,0x80,0x80,0x80,0xf6,0x00,0x00,0x00,0x35,0x81,0xb5,0x80,
    0x80,0x43,0x43,0x98,0x40,0x37,0x40,0x80,0x41,0x80,0x41,0x82,0x7c,0x40,0x09,0xc4,0xe3,0x80,0x80,0x80,
    0xf3,0x00,0x00,0x00,0x7c,0x40,0x09,0xc4,0xe5,0x80,0x80,0x80,0xf5,0x00,0x00,0x00,0x7c,0x40,0x09,0xc4,
    0xe7,0x80,0x80,0x80,0xf4,0x00,0x00,0x00,0x7c,0x40,0x09,0xc4,0xe9,0x80,0x80,0x80,0xf6,0x00,0x00,0x00,
    0x35,0x81,0xb5,0x80,0x80,0x43,0x43,0x98,0x40,0x37,0x40,0x80,0x41,0x80,0x41,0x82,0x7c,0x40,0x06,0xc4,
    0xe4,0x80,0x80,0x80,0xf3,0x00,0x00,0x00,0x7c,0x40,0x06,0xc4,0xe6,0x80,0x80,0x80,0xf5,0x00,0x00,0x00,
    0x7c,0x40,0x06,0xc4,0xe8,0x80,0x80,0x80,0xf4,0x00,0x00,0x00,0x7c,0x40,0x06,0xc4,0xea,0x80,0x80,0x80,
    0xf6,0x00,0x00,0x00,0x35,0x81,0xb5,0x80,0x80,0x43,0x43,0x98,0x40,0x37,0x40,0x80,0x41,0x80,0x41,0x82,
    0x7c,0x40,0x09,0xc4,0xe4,0x80,0x80,0x80,0xf3,0x00,0x00,0x00,0x7c,0x40,0x09,0xc4,0xe6,0x80,0x80,0x80,
    0xf5,0x00,0x00,0x00,0x7c,0x40,0x09,0xc4,0xe8,0x80,0x80,0x80,0xf4,0x00,0x00,0x00,0x7c,0x40,0x09,0xc4,
    0xea,0x80,0x80,0x80,0xf6,0x00,0x00,0x00,0x35,0x81,0xb5,0x80,0x80,0x43,0x43,0x98,0x40,0x37,0x40,0x80,
    0x41,0x80,0x41,0x82,0xff,0x00,0xbb,0xbe,0x10,0x66,0x00,0x00,0x46,0x48,0x80,0xbe,0xeb,0x00,0x0f,0xcc,
    0xeb,0x5b,0x00,0x18,0xec,0x00,0x0f,0xcc,0xec,0x63,0x00,0x18,0xed,0x00,0x0f,0xcc,0xed,0x5b,0x00,0x18,
    0xee,0x00,0x0f,0xcc,0xee,0x63,0x00,0x18,0xef,0x00,0x0f,0xcc,0xef,0x5b,0x00,0x18,0xf0,0x00,0x0f,0xcc,
    0xf0,0x63,0x00,0x18,0xf1,0x00,0x0f,0xcc,0xf1,0x5b,0x00,0x18,0xf2,0x00,0x0f,0xcc,0xf2,0x63,0x00,0x18,
    0xeb,0x00,0x1c,0xcc,0x80,0xd6,0x03,0x18,0xec,0x00,0x1c,0xcc,0x80,0xd8,0x03,0x18,0xed,0x00,0x1c,0xcc,
    0x80,0xda,0x03,0x18,0xee,0x00,0x1c,0xcc,0x80,0xdc,0x03,0x18,0xef,0x00,0x1c,0xcc,0x80,0xde,0x03,0x18,
    0xf0,0x00,0x1c,0xcc,0x80,0xe0,0x03,0x18,0xf1,0x00,0x1c,0xcc,0x80,0xe2,0x03,0x18,0xf2,0x00,0x1c,0xcc,
    0x80,0xe4,0x03,0x18,0x7c,0x40,0x06,0xc4,0xeb,0x80,0x80,0x80,0xf3,0x00,0x00,0x00,0x7c,0x40,0x06,0xc4,
    0xed,0x80,0x80,0x80,0xf5,0x00,0x00,0x00,0x7c,0x40,0x06,0xc4,0xef,0x80,0x80,0x80,0xf4,0x00,0x00,0x00,
    0x7c,0x40,0x06,0xc4,0xf1,0x80,0x80,0x80,0xf6,0x00,0x00,0x00,0x35,0x81,0xb5,0x80,0x80,0x43,0x43,0x98,
    0x40,0x37,0x40,0x80,0x41,0x80,0x41,0x82,0x7c,0x40,0x09,0xc4,0xeb,0x80,0x80,0x80,0xf3,0x00,0x00,0x00,
    0x7c,0x40,0x09,0xc4,0xed,0x80,0x80,0x80,0xf5,0x00,0x00,0x00,0x7c,0x40,0x09,0xc4,0xef,0x80,0x80,0x80,
    0xf4,0x00,0x00,0x00,0x7c,0x40,0x09,0xc4,0xf1,0x80,0x80,0x80,0xf6,0x00,0x00,0x00,0x35,0x81,0xb5,0x80,
    0x80,0x43,0x43,0x98,0x40,0x37,0x40,0x80,0x41,0x80,0x41,0x82,0x7c,0x40,0x06,0xc4,0xec,0x80,0x80,0x80,
    0xf3,0x00,0x00,0x00,0x7c,0x40,0x06,0xc4,0xee,0x80,0x80,0x80,0xf5,0x00,0x00,0x00,0x7c,0x40,0x06,0xc4,
    0xf0,0x80,0x80,0x80,0xf4,0x00,0x00,0x00,0x7c,0x40,0x06,0xc4,0xf2,0x80,0x80,0x80,0xf6,0x00,0x00,0x00,
    0x35,0x81,0xb5,0x80,0x80,0x43,0x43,0x98,0x40,0x37,0x40,0x80,0x41,0x80,0x41,0x82,0x7c,0x40,0x09,0xc4,
    0xec,0x80,0x80,0x80,0xf3,0x00,0x00,0x00,0x7c,0x40,0x09,0xc4,0xee,0x80,0x80,0x80,0xf5,0x00,0x00,0x00,
    0x7c,0x40,0x09,0xc4,0xf0,0x80,0x80,0x80,0xf4,0x00,0x00,0x00,0x7c,0x40,0x09,0xc4,0xf2,0x80,0x80,0x80,
    0xf6,0x00,0x00,0x00,0x35,0x81,0xb5,0x80,0x80,0x43,0x43,0x98,0x40,0x37,0x40,0x80,0x41,0x80,0x41,0x82,
    0xff,0x00,0xbb,0xbe,0x84,0x64,0x00,0x00,0x46,0x48,0x80,0xbe,0x00,0x00,0x80,0xbf,0x00,0x00,0x80,0xbf,
    0xe3,0x00,0x0f,0xcc,0xe3,0x51,0x00,0x18,0xe4,0x00,0x0f,0xcc,0xe4,0x53,0x00,0x18,0xe5,0x00,0x0f,0xcc,
    0xe5,0x51,0x00,0x18,0xe6,0x00,0x0f,0xcc,0xe6,0x53,0x00,0x18,0xe7,0x00,0x0f,0xcc,0xe7,0x51,0x00,0x18,
    0xe8,0x00,0x0f,0xcc,0xe8,0x53,0x00,0x18,0xe9,0x00,0x0f,0xcc,0xe9,0x51,0x00,0x18,0xea,0x00,0x0f,0xcc,
    0xea,0x53,0x00,0x18,0xe3,0x00,0x10,0xcc,0xff,0xc6,0x03,0x18,0xc5,0xbd,0xc5,0xbd,0xe4,0x00,0x10,0xcc,
    0xff,0xc8,0x03,0x18,0xc5,0xbd,0xc5,0xbd,0xe5,0x00,0x10,0xcc,0xff,0xca,0x03,0x18,0xc5,0xbd,0xc5,0xbd,
    0xe6,0x00,0x10,0xcc,0xff,0xcc,0x03,0x18,0xc5,0xbd,0xc5,0xbd,0xe3,0x00,0xd8,0xd5,0xe3,0x01,0x00,0x00,
    0xe4,0x00,0xd8,0xd5,0xe4,0x01,0x00,0x00,0xe5,0x00,0xd8,0xd5,0xe5,0x01,0x00,0x00,0xe6,0x00,0xd8,0xd5,
    0xe6,0x01,0x00,0x00,0xe3,0x48,0xd8,0xd5,0xe3,0x01,0x00,0x00,0xe4,0x48,0xd8,0xd5,0xe4,0x01,0x00,0x00,
    0xe5,0x48,0xd8,0xd5,0xe5,0x01,0x00,0x00,0xe6,0x48,0xd8,0xd5,0xe6,0x01,0x00,0x00,0xe3,0x00,0x0f,0xcc,
    0xf2,0xc6,0x03,0x10,0xe4,0x00,0x0f,0xcc,0xf2,0xc8,0x03,0x10,0xe5,0x00,0x0f,0xcc,0xf2,0xca,0x03,0x10,
    0xe6,0x00,0x0f,0xcc,0xf2,0xcc,0x03,0x10,0xe3,0x00,0xd4,0xd5,0xe3,0x01,0x00,0x00,0xe4,0x00,0xd4,0xd5,
    0xe4,0x01,0x00,0x00,0xe5,0x00,0xd4,0xd5,0xe5,0x01,0x00,0x00,0xe6,0x00,0xd4,0xd5,0xe6,0x01,0x00,0x00,
    0xe3,0x48,0xd4,0xd5,0xe3,0x01,0x00,0x00,0xe4,0x48,0xd4,0xd5,0xe4,0x01,0x00,0x00,0xe5,0x48,0xd4,0xd5,
    0xe5,0x01,0x00,0x00,0xe6,0x48,0xd4,0xd5,0xe6,0x01,0x00,0x00,0xe7,0x00,0x10,0xcc,0xff,0xce,0x03,0x18,
    0xc5,0xbd,0xc5,0xbd,0xe8,0x00,0x10,0xcc,0xff,0xd0,0x03,0x18,0xc5,0xbd,0xc5,0xbd,0xe9,0x00,0x10,0xcc,
    0xff,0xd2,0x03,0x18,0xc5,0xbd,0xc5,0xbd,0xea,0x00,0x10,0xcc,0xff,0xd4,0x03,0x18,0xc5,0xbd,0xc5,0xbd,
    0xe7,0x00,0xd8,0xd5,0xe7,0x01,0x00,0x00,0xe8,0x00,0xd8,0xd5,0xe8,0x01,0x00,0x00,0xe9,0x00,0xd8,0xd5,
    0xe9,0x01,0x00,0x00,0xea,0x00,0xd8,0xd5,0xea,0x01,0x00,0x00,0xe7,0x48,0xd8,0xd5,0xe7,0x01,0x00,0x00,
    0xe8,0x48,0xd8,0xd5,0xe8,0x01,0x00,0x00,0xe9,0x48,0xd8,0xd5,0xe9,0x01,0x00,0x00,0xea,0x48,0xd8,0xd5,
    0xea,0x01,0x00,0x00,0xe7,0x00,0x0f,0xcc,0xf2,0xce,0x03,0x10,0xe8,0x00,0x0f,0xcc,0xf2,0xd0,0x03,0x10,
    0xe9,0x00,0x0f,0xcc,0xf2,0xd2,0x03,0x10,0xea,0x00,0x0f,0xcc,0xf2,0xd4,0x03,0x10,0xe7,0x00,0xd4,0xd5,
    0xe7,0x01,0x00,0x00,0xe8,0x00,0xd4,0xd5,0xe8,0x01,0x00,0x00,0xe9,0x00,0xd4,0xd5,0xe9,0x01,0x00,0x00,
    0xea,0x00,0xd4,0xd5,0xea,0x01,0x00,0x00,0xe7,0x48,0xd4,0xd5,0xe7,0x01,0x00,0x00,0xe8,0x48,0xd4,0xd5,
    0xe8,0x01,0x00,0x00,0xe9,0x48,0xd4,0xd5,0xe9,0x01,0x00,0x00,0xea,0x48,0xd4,0xd5,0xea,0x01,0x00,0x00,
    0x7c,0x40,0x06,0xc4,0xe3,0x80,0x80,0x80,0xf3,0x00,0x00,0x00,0x7c,0x40,0x06,0xc4,0xe5,0x80,0x80,0x80,
    0xf5,0x00,0x00,0x00,0x7c,0x40,0x06,0xc4,0xe7,0x80,0x80,0x80,0xf4,0x00,0x00,0x00,0x7c,0x40,0x06,0xc4,
    0xe9,0x80,0x80,0x80,0xf6,0x00,0x00,0x00,0x35,0x81,0xb5,0x80,0x80,0x43,0x43,0x98,0x40,0x37,0x40,0x80,
    0x41,0x80,0x41,0x82,0x7c,0x40,0x09,0xc4,0xe3,0x80,0x80,0x80,0xf3,0x00,0x00,0x00,0x7c,0x40,0x09,0xc4,
    0xe5,0x80,0x80,0x80,0xf5,0x00,0x00,0x00,0x7c,0x40,0x09,0xc4,0xe7,0x80,0x80,0x80,0xf4,0x00,0x00,0x00,
    0x7c,0x40,0x09,0xc4,0xe9,0x80,0x80,0x80,0xf6,0x00,0x00,0x00,0x35,0x81,0xb5,0x80,0x80,0x43,0x43,0x98,
    0x40,0x37,0x40,0x80,0x41,0x80,0x41,0x82,0x7c,0x40,0x06,0xc4,0xe4,0x80,0x80,0x80,0xf3,0x00,0x00,0x00,
    0x7c,0x40,0x06,0xc4,0xe6,0x80,0x80,0x80,0xf5,0x00,0x00,0x00,0x7c,0x40,0x06,0xc4,0xe8,0x80,0x80,0x80,
    0xf4,0x00,0x00,0x00,0x7c,0x40,0x06,0xc4,0xea,0x80,0x80,0x80,0xf6,0x00,0x00,0x00,0x35,0x81,0xb5,0x80,
    0x80,0x43,0x43,0x98,0x40,0x37,0x40,0x80,0x41,0x80,0x41,0x82,0x7c,0x40,0x09,0xc4,0xe4,0x80,0x80,0x80,
    0xf3,0x00,0x00,0x00,0x7c,0x40,0x09,0xc4,0xe6,0x80,0x80,0x80,0xf5,0x00,0x00,0x00,0x7c,0x40,0x09,0xc4,
    0xe8,0x80,0x80,0x80,0xf4,0x00,0x00,0x00,0x7c,0x40,0x09,0xc4,0xea,0x80,0x80,0x80,0xf6,0x00,0x00,0x00,
    0x35,0x81,0xb5,0x80,0x80,0x43,0x43,0x98,0x40,0x37,0x40,0x80,0x41,0x80,0x41,0x82,0xff,0x00,0xbb,0xbe,
    0x90,0x6a,0x00,0x00,0x46,0x48,0x80,0xbe,0xeb,0x00,0x0f,0xcc,0xeb,0x5b,0x00,0x18,0xec,0x00,0x0f,0xcc,
    0xec,0x63,0x00,0x18,0xed,0x00,0x0f,0xcc,0xed,0x5b,0x00,0x18,0xee,0x00,0x0f,0xcc,0xee,0x63,0x00,0x18,
    0xef,0x00,0x0f,0xcc,0xef,0x5b,0x00,0x18,0xf0,0x00,0x0f,0xcc,0xf0,0x63,0x00,0x18,0xf1,0x00,0x0f,0xcc,
    0xf1,0x5b,0x00,0x18,0xf2,0x00,0x0f,0xcc,0xf2,0x63,0x00,0x18,0xeb,0x00,0x10,0xcc,0xff,0xd6,0x03,0x18,
    0xc5,0xbd,0xc5,0xbd,0xec,0x00,0x10,0xcc,0xff,0xd8,0x03,0x18,0xc5,0xbd,0xc5,0xbd,0xed,0x00,0x10,0xcc,
    0xff,0xda,0x03,0x18,0xc5,0xbd,0xc5,0xbd,0xee,0x00,0x10,0xcc,0xff,0xdc,0x03,0x18,0xc5,0xbd,0xc5,0xbd,
    0xeb,0x00,0xd8,0xd5,0xeb,0x01,0x00,0x00,0xec,0x00,0xd8,0xd5,0xec,0x01,0x00,0x00,0xed,0x00,0xd8,0xd5,
    0xed,0x01,0x00,0x00,0xee,0x00,0xd8,0xd5,0xee,0x01,0x00,0x00,0xeb,0x48,0xd8,0xd5,0xeb,0x01,0x00,0x00,
    0xec,0x48,0xd8,0xd5,0xec,0x01,0x00,0x00,0xed,0x48,0xd8,0xd5,0xed,0x01,0x00,0x00,0xee,0x48,0xd8,0xd5,
    0xee,0x01,0x00,0x00,0xeb,0x00,0x0f,0xcc,0xf2,0xd6,0x03,0x10,0xec,0x00,0x0f,0xcc,0xf2,0xd8,0x03,0x10,
    0xed,0x00,0x0f,0xcc,0xf2,0xda,0x03,0x10,0xee,0x00,0x0f,0xcc,0xf2,0xdc,0x03,0x10,0xeb,0x00,0xd4,0xd5,
    0xeb,0x01,0x00,0x00,0xec,0x00,0xd4,0xd5,0xec,0x01,0x00,0x00,0xed,0x00,0xd4,0xd5,0xed,0x01,0x00,0x00,
    0xee,0x00,0xd4,0xd5,0xee,0x01,0x00,0x00,0xeb,0x48,0xd4,0xd5,0xeb,0x01,0x00,0x00,0xec,0x48,0xd4,0xd5,
    0xec,0x01,0x00,0x00,0xed,0x48,0xd4,0xd5,0xed,0x01,0x00,0x00,0xee,0x48,0xd4,0xd5,0xee,0x01,0x00,0x00,
    0xef,0x00,0x10,0xcc,0xff,0xde,0x03,0x18,0xc5,0xbd,0xc5,0xbd,0xf0,0x00,0x10,0xcc,0xff,0xe0,0x03,0x18,
    0xc5,0xbd,0xc5,0xbd,0xf1,0x00,0x10,0xcc,0xff,0xe2,0x03,0x18,0xc5,0xbd,0xc5,0xbd,0xf2,0x00,0x10,0xcc,
    0xff,0xe4,0x03,0x18,0xc5,0xbd,0xc5,0xbd,0xef,0x00,0xd8,0xd5,0xef,0x01,0x00,0x00,0xf0,0x00,0xd8,0xd5,
    0xf0,0x01,0x00,0x00,0xf1,0x00,0xd8,0xd5,0xf1,0x01,0x00,0x00,0xf2,0x00,0xd8,0xd5,0xf2,0x01,0x00,0x00,
    0xef,0x48,0xd8,0xd5,0xef,0x01,0x00,0x00,0xf0,0x48,0xd8,0xd5,0xf0,0x01,0x00,0x00,0xf1,0x48,0xd8,0xd5,
    0xf1,0x01,0x00,0x00,0xf2,0x48,0xd8,0xd5,0xf2,0x01,0x00,0x00,0xef,0x00,0x0f,0xcc,0xf2,0xde,0x03,0x10,
    0xf0,0x00,0x0f,0xcc,0xf2,0xe0,0x03,0x10,0xf1,0x00,0x0f,0xcc,0xf2,0xe2,0x03,0x10,0xf2,0x00,0x0f,0xcc,
    0xf2,0xe4,0x03,0x10,0xef,0x00,0xd4,0xd5,0xef,0x01,0x00,0x00,0xf0,0x00,0xd4,0xd5,0xf0,0x01,0x00,0x00,
    0xf1,0x00,0xd4,0xd5,0xf1,0x01,0x00,0x00,0xf2,0x00,0xd4,0xd5,0xf2,0x01,0x00,0x00,0xef,0x48,0xd4,0xd5,
    0xef,0x01,0x00,0x00,0xf0,0x48,0xd4,0xd5,0xf0,0x01,0x00,0x00,0xf1,0x48,0xd4,0xd5,0xf1,0x01,0x00,0x00,
    0xf2,0x48,0xd4,0xd5,0xf2,0x01,0x00,0x00,0x7c,0x40,0x06,0xc4,0xeb,0x80,0x80,0x80,0xf3,0x00,0x00,0x00,
    0x7c,0x40,0x06,0xc4,0xed,0x80,0x80,0x80,0xf5,0x00,0x00,0x00,0x7c,0x40,0x06,0xc4,0xef,0x80,0x80,0x80,
    0xf4,0x00,0x00,0x00,0x7c,0x40,0x06,0xc4,0xf1,0x80,0x80,0x80,0xf6,0x00,0x00,0x00,0x35,0x81,0xb5,0x80,
    0x80,0x43,0x43,0x98,0x40,0x37,0x40,0x80,0x41,0x80,0x41,0x82,0x7c,0x40,0x09,0xc4,0xeb,0x80,0x80,0x80,
    0xf3,0x00,0x00,0x00,0x7c,0x40,0x09,0xc4,0xed,0x80,0x80,0x80,0xf5,0x00,0x00,0x00,0x7c,0x40,0x09,0xc4,
    0xef,0x80,0x80,0x80,0xf4,0x00,0x00,0x00,0x7c,0x40,0x09,0xc4,0xf1,0x80,0x80,0x80,0xf6,0x00,0x00,0x00,
    0x35,0x81,0xb5,0x80,0x80,0x43,0x43,0x98,0x40,0x37,0x40,0x80,0x41,0x80,0x41,0x82,0x7c,0x40,0x06,0xc4,
    0xec,0x80,0x80,0x80,0xf3,0x00,0x00,0x00,0x7c,0x40,0x06,0xc4,0xee,0x80,0x80,0x80,0xf5,0x00,0x00,0x00,
    0x7c,0x40,0x06,0xc4,0xf0,0x80,0x80,0x80,0xf4,0x00,0x00,0x00,0x7c,0x40,0x06,0xc4,0xf2,0x80,0x80,0x80,
    0xf6,0x00,0x00,0x00,0x35,0x81,0xb5,0x80,0x80,0x43,0x43,0x98,0x40,0x37,0x40,0x80,0x41,0x80,0x41,0x82,
    0x7c,0x40,0x09,0xc4,0xec,0x80,0x80,0x80,0xf3,0x00,0x00,0x00,0x7c,0x40,0x09,0xc4,0xee,0x80,0x80,0x80,
    0xf5,0x00,0x00,0x00,0x7c,0x40,0x09,0xc4,0xf0,0x80,0x80,0x80,0xf4,0x00,0x00,0x00,0x7c,0x40,0x09,0xc4,
    0xf2,0x80,0x80,0x80,0xf6,0x00,0x00,0x00,0x35,0x81,0xb5,0x80,0x80,0x43,0x43,0x98,0x40,0x37,0x40,0x80,
    0x41,0x80,0x41,0x82,0xff,0x00,0xbb,0xbe,0xa4,0x67,0x00,0x00,0x46,0x48,0x80,0xbe,0x00,0x00,0x80,0xbf,
    0x00,0x00,0x80,0xbf,0xe3,0x00,0x0f,0xcc,0xe3,0x51,0x00,0x18,0xe4,0x00,0x0f,0xcc,0xe4,0x53,0x00,0x18,
    0xe5,0x00,0x0f,0xcc,0xe5,0x51,0x00,0x18,0xe6,0x00,0x0f,0xcc,0xe6,0x53,0x00,0x18,0xe7,0x00,0x0f,0xcc,
    0xe7,0x51,0x00,0x18,0xe8,0x00,0x0f,0xcc,0xe8,0x53,0x00,0x18,0xe9,0x00,0x0f,0xcc,0xe9,0x51,0x00,0x18,
    0xea,0x00,0x0f,0xcc,0xea,0x53,0x00,0x18,0xe3,0x00,0x10,0xcc,0xe3,0x43,0x00,0x18,0xe4,0x00,0x10,0xcc,
    0xe4,0x43,0x00,0x18,0xe5,0x00,0x10,0xcc,0xe5,0x43,0x00,0x18,0xe6,0x00,0x10,0xcc,0xe6,0x43,0x00,0x18,
    0xff,0xc6,0x2d,0x36,0xff,0x7f,0xff,0x7f,0xff,0xc8,0x39,0x36,0xff,0x7f,0xff,0x7f,0xff,0xca,0x4d,0x36,
    0xff,0x7f,0xff,0x7f,0xff,0xcc,0x61,0x36,0xff,0x7f,0xff,0x7f,0xff,0x02,0x2e,0x7e,0x2e,0xb6,0x2e,0xb6,
    0xff,0x02,0x42,0x7e,0x2e,0xb6,0x2e,0xb6,0xff,0x02,0x56,0x7e,0x2e,0xb6,0x2e,0xb6,0xff,0x02,0x6a,0x7e,
    0x2e,0xb6,0x2e,0xb6,0x17,0x40,0x0e,0xcc,0x16,0xff,0x5d,0x1c,0x88,0x30,0x88,0x30,0x21,0x40,0x0e,0xcc,
    0x1c,0xff,0x85,0x1c,0x88,0x30,0x88,0x30,0x2b,0x40,0x0e,0xcc,0x26,0xff,0xad,0x1c,0x88,0x30,0x88,0x30,
    0x35,0x40,0x0e,0xcc,0x30,0xff,0xd5,0x1c,0x88,0x30,0x88,0x30,0x17,0x40,0x0e,0xcc,0x16,0x2f,0xfe,0x1b,
    0x33,0x1e,0x33,0x1e,0x21,0x40,0x0e,0xcc,0x1c,0x43,0xfe,0x1b,0x33,0x1e,0x33,0x1e,0x2b,0x40,0x0e,0xcc,
    0x26,0x57,0xfe,0x1b,0x33,0x1e,0x33,0x1e,0x35,0x40,0x0e,0xcc,0x30,0x6b,0xfe,0x1b,0x33,0x1e,0x33,0x1e,
    0x17,0x00,0x10,0xcc,0x16,0x2f,0x02,0x18,0x21,0x00,0x10,0xcc,0x1c,0x43,0x02,0x18,0x2b,0x00,0x10,0xcc,
    0x26,0x57,0x02,0x18,0x35,0x00,0x10,0xcc,0x30,0x6b,0x02,0x18,0x17,0x40,0x0e,0xcc,0x16,0x2f,0x5a,0x1c,
    0x21,0x40,0x0e,0xcc,0x1c,0x43,0x72,0x1c,0x2b,0x40,0x0e,0xcc,0x26,0x57,0x9a,0x1c,0x35,0x40,0x0e,0xcc,
    0x30,0x6b,0xc2,0x1c,0x16,0x00,0x10,0xcc,0xff,0x2c,0x02,0x18,0xc5,0x41,0xc5,0x41,0x1c,0x00,0x10,0xcc,
    0xff,0x38,0x02,0x18,0xc5,0x41,0xc5,0x41,0x26,0x00,0x10,0xcc,0xff,0x4c,0x02,0x18,0xc5,0x41,0xc5,0x41,
    0x30,0x00,0x10,0xcc,0xff,0x60,0x02,0x18,0xc5,0x41,0xc5,0x41,0x16,0xb1,0x2c,0x7e,0x1c,0xb1,0x38,0x7e,
    0x26,0xb1,0x4c,0x7e,0x30,0xb1,0x60,0x7e,0x96,0xb1,0x2c,0x7f,0x9c,0xb1,0x38,0x7f,0xa6,0xb1,0x4c,0x7f,
    0xb0,0xb1,0x60,0x7f,0x16,0x00,0x0f,0xcc,0xf2,0x2c,0x02,0x10,0x1c,0x00,0x0f,0xcc,0xf2,0x38,0x02,0x10,
    0x26,0x00,0x0f,0xcc,0xf2,0x4c,0x02,0x10,0x30,0x00,0x0f,0xcc,0xf2,0x60,0x02,0x10,0x16,0xa9,0x2c,0x7e,
    0x1c,0xa9,0x38,0x7e,0x26,0xa9,0x4c,0x7e,0x30,0xa9,0x60,0x7e,0x96,0xa9,0x2c,0x7f,0x9c,0xa9,0x38,0x7f,
    0xa6,0xa9,0x4c,0x7f,0xb0,0xa9,0x60,0x7f,0x16,0x00,0x0e,0xcc,0x16,0xeb,0xc9,0x0b,0x1c,0x00,0x0e,0xcc,
    0x1c,0xeb,0xc9,0x0b,0x26,0x00,0x0e,0xcc,0x26,0xeb,0xc9,0x0b,0x30,0x00,0x0e,0xcc,0x30,0xeb,0xc9,0x0b,
    0x6a,0x01,0x04,0xd4,0xe3,0xff,0x01,0x00,0xc2,0x3b,0xc2,0x3b,0x17,0x00,0x5d,0xd6,0x17,0x2d,0xaa,0x01,
    0x6a,0x01,0x04,0xd4,0xe4,0xff,0x01,0x00,0xc2,0x3b,0xc2,0x3b,0x21,0x00,0x5d,0xd6,0x21,0x39,0xaa,0x01,
    0x6a,0x01,0x04,0xd4,0xe5,0xff,0x01,0x00,0xc2,0x3b,0xc2,0x3b,0x2b,0x00,0x5d,0xd6,0x2b,0x4d,0xaa,0x01,
    0x6a,0x01,0x04,0xd4,0xe6,0xff,0x01,0x00,0xc2,0x3b,0xc2,0x3b,0x35,0x00,0x5d,0xd6,0x35,0x61,0xaa,0x01,
    0x6a,0x19,0x04,0xd4,0xe3,0xff,0x01,0x00,0xc2,0x3b,0xc2,0x3b,0x17,0x58,0x5d,0xd6,0x17,0x2d,0xaa,0x01,
    0x6a,0x19,0x04,0xd4,0xe4,0xff,0x01,0x00,0xc2,0x3b,0xc2,0x3b,0x21,0x58,0x5d,0xd6,0x21,0x39,0xaa,0x01,
    0x6a,0x19,0x04,0xd4,0xe5,0xff,0x01,0x00,0xc2,0x3b,0xc2,0x3b,0x2b,0x58,0x5d,0xd6,0x2b,0x4d,0xaa,0x01,
    0x6a,0x19,0x04,0xd4,0xe6,0xff,0x01,0x00,0xc2,0x3b,0xc2,0x3b,0x35,0x58,0x5d,0xd6,0x35,0x61,0xaa,0x01,
    0xe3,0x00,0x12,0xd6,0xff,0x2e,0x8e,0x07,0xff,0x7f,0xff,0x7f,0xe4,0x00,0x12,0xd6,0xff,0x42,0x92,0x07,
    0xff,0x7f,0xff,0x7f,0xe5,0x00,0x12,0xd6,0xff,0x56,0x96,0x07,0xff,0x7f,0xff,0x7f,0xe6,0x00,0x12,0xd6,
    0xff,0x6a,0x9a,0x07,0xff,0x7f,0xff,0x7f,0xe3,0x00,0x10,0xcc,0xe3,0x41,0x00,0x18,0xe4,0x00,0x10,0xcc,
    0xe4,0x41,0x00,0x18,0xe5,0x00,0x10,0xcc,0xe5,0x41,0x00,0x18,0xe6,0x00,0x10,0xcc,0xe6,0x41,0x00,0x18,
    0xe7,0x00,0x10,0xcc,0xe7,0x43,0x00,0x18,0xe8,0x00,0x10,0xcc,0xe8,0x43,0x00,0x18,0xe9,0x00,0x10,0xcc,
    0xe9,0x43,0x00,0x18,0xea,0x00,0x10,0xcc,0xea,0x43,0x00,0x18,0xff,0xce,0x2d,0x36,0xff,0x7f,0xff,0x7f,
    0xff,0xd0,0x39,0x36,0xff,0x7f,0xff,0x7f,0xff,0xd2,0x4d,0x36,0xff,0x7f,0xff,0x7f,0xff,0xd4,0x61,0x36,
    0xff,0x7f,0xff,0x7f,0xff,0x02,0x2e,0x7e,0x2e,0xb6,0x2e,0xb6,0xff,0x02,0x42,0x7e,0x2e,0xb6,0x2e,0xb6,
    0xff,0x02,0x56,0x7e,0x2e,0xb6,0x2e,0xb6,0xff,0x02,0x6a,0x7e,0x2e,0xb6,0x2e,0xb6,0x17,0x40,0x0e,0xcc,
    0x16,0xff,0x5d,0x1c,0x88,0x30,0x88,0x30,0x21,0x40,0x0e,0xcc,0x1c,0xff,0x85,0x1c,0x88,0x30,0x88,0x30,
    0x2b,0x40,0x0e,0xcc,0x26,0xff,0xad,0x1c,0x88,0x30,0x88,0x30,0x35,0x40,0x0e,0xcc,0x30,0xff,0xd5,0x1c,
    0x88,0x30,0x88,0x30,0x17,0x40,0x0e,0xcc,0x16,0x2f,0xfe,0x1b,0x33,0x1e,0x33,0x1e,0x21,0x40,0x0e,0xcc,
    0x1c,0x43,0xfe,0x1b,0x33,0x1e,0x33,0x1e,0x2b,0x40,0x0e,0xcc,0x26,0x57,0xfe,0x1b,0x33,0x1e,0x33,0x1e,
    0x35,0x40,0x0e,0xcc,0x30,0x6b,0xfe,0x1b,0x33,0x1e,0x33,0x1e,0x17,0x00,0x10,0xcc,0x16,0x2f,0x02,0x18,
    0x21,0x00,0x10,0xcc,0x1c,0x43,0x02,0x18,0x2b,0x00,0x10,0xcc,0x26,0x57,0x02,0x18,0x35,0x00,0x10,0xcc,
    0x30,0x6b,0x02,0x18,0x17,0x40,0x0e,0xcc,0x16,0x2f,0x5a,0x1c,0x21,0x40,0x0e,0xcc,0x1c,0x43,0x72,0x1c,
    0x2b,0x40,0x0e,0xcc,0x26,0x57,0x9a,0x1c,0x35,0x40,0x0e,0xcc,0x30,0x6b,0xc2,0x1c,0x16,0x00,0x10,0xcc,
    0xff,0x2c,0x02,0x18,0xc5,0x41,0xc5,0x41,0x1c,0x00,0x10,0xcc,0xff,0x38,0x02,0x18,0xc5,0x41,0xc5,0x41,
    0x26,0x00,0x10,0xcc,0xff,0x4c,0x02,0x18,0xc5,0x41,0xc5,0x41,0x30,0x00,0x10,0xcc,0xff,0x60,0x02,0x18,
    0xc5,0x41,0xc5,0x41,0x16,0xb1,0x2c,0x7e,0x1c,0xb1,0x38,0x7e,0x26,0xb1,0x4c,0x7e,0x30,0xb1,0x60,0x7e,
    0x96,0xb1,0x2c,0x7f,0x9c,0xb1,0x38,0x7f,0xa6,0xb1,0x4c,0x7f,0xb0,0xb1,0x60,0x7f,0x16,0x00,0x0f,0xcc,
    0xf2,0x2c,0x02,0x10,0x1c,0x00,0x0f,0xcc,0xf2,0x38,0x02,0x10,0x26,0x00,0x0f,0xcc,0xf2,0x4c,0x02,0x10,
    0x30,0x00,0x0f,0xcc,0xf2,0x60,0x02,0x10,0x16,0xa9,0x2c,0x7e,0x1c,0xa9,0x38,0x7e,0x26,0xa9,0x4c,0x7e,
    0x30,0xa9,0x60,0x7e,0x96,0xa9,0x2c,0x7f,0x9c,0xa9,0x38,0x7f,0xa6,0xa9,0x4c,0x7f,0xb0,0xa9,0x60,0x7f,
    0x16,0x00,0x0e,0xcc,0x16,0xeb,0xc9,0x0b,0x1c,0x00,0x0e,0xcc,0x1c,0xeb,0xc9,0x0b,0x26,0x00,0x0e,0xcc,
    0x26,0xeb,0xc9,0x0b,0x30,0x00,0x0e,0xcc,0x30,0xeb,0xc9,0x0b,0x6a,0x01,0x04,0xd4,0xe7,0xff,0x01,0x00,
    0xc2,0x3b,0xc2,0x3b,0x17,0x00,0x5d,0xd6,0x17,0x2d,0xaa,0x01,0x6a,0x01,0x04,0xd4,0xe8,0xff,0x01,0x00,
    0xc2,0x3b,0xc2,0x3b,0x21,0x00,0x5d,0xd6,0x21,0x39,0xaa,0x01,0x6a,0x01,0x04,0xd4,0xe9,0xff,0x01,0x00,
    0xc2,0x3b,0xc2,0x3b,0x2b,0x00,0x5d,0xd6,0x2b,0x4d,0xaa,0x01,0x6a,0x01,0x04,0xd4,0xea,0xff,0x01,0x00,
    0xc2,0x3b,0xc2,0x3b,0x35,0x00,0x5d,0xd6,0x35,0x61,0xaa,0x01,0x6a,0x19,0x04,0xd4,0xe7,0xff,0x01,0x00,
    0xc2,0x3b,0xc2,0x3b,0x17,0x58,0x5d,0xd6,0x17,0x2d,0xaa,0x01,0x6a,0x19,0x04,0xd4,0xe8,0xff,0x01,0x00,
    0xc2,0x3b,0xc2,0x3b,0x21,0x58,0x5d,0xd6,0x21,0x39,0xaa,0x01,0x6a,0x19,0x04,0xd4,0xe9,0xff,0x01,0x00,
    0xc2,0x3b,0xc2,0x3b,0x2b,0x58,0x5d,0xd6,0x2b,0x4d,0xaa,0x01,0x6a,0x19,0x04,0xd4,0xea,0xff,0x01,0x00,
    0xc2,0x3b,0xc2,0x3b,0x35,0x58,0x5d,0xd6,0x35,0x61,0xaa,0x01,0xe7,0x00,0x12,0xd6,0xff,0x2e,0x9e,0x07,
    0xff,0x7f,0xff,0x7f,0xe8,0x00,0x12,0xd6,0xff,0x42,0xa2,0x07,0xff,0x7f,0xff,0x7f,0xe9,0x00,0x12,0xd6,
    0xff,0x56,0xa6,0x07,0xff,0x7f,0xff,0x7f,0xea,0x00,0x12,0xd6,0xff,0x6a,0xaa,0x07,0xff,0x7f,0xff,0x7f,
    0xe7,0x00,0x10,0xcc,0xe7,0x41,0x00,0x18,0xe8,0x00,0x10,0xcc,0xe8,0x41,0x00,0x18,0xe9,0x00,0x10,0xcc,
    0xe9,0x41,0x00,0x18,0xea,0x00,0x10,0xcc,0xea,0x41,0x00,0x18,0x7c,0x40,0x06,0xc4,0xe3,0x80,0x80,0x80,
    0xf3,0x00,0x00,0x00,0x7c,0x40,0x06,0xc4,0xe5,0x80,0x80,0x80,0xf5,0x00,0x00,0x00,0x7c,0x40,0x06,0xc4,
    0xe7,0x80,0x80,0x80,0xf4,0x00,0x00,0x00,0x7c,0x40,0x06,0xc4,0xe9,0x80,0x80,0x80,0xf6,0x00,0x00,0x00,
    0x35,0x81,0xb5,0x80,0x80,0x43,0x43,0x98,0x40,0x37,0x40,0x80,0x41,0x80,0x41,0x82,0x7c,0x40,0x09,0xc4,
    0xe3,0x80,0x80,0x80,0xf3,0x00,0x00,0x00,0x7c,0x40,0x09,0xc4,0xe5,0x80,0x80,0x80,0xf5,0x00,0x00,0x00,
    0x7c,0x40,0x09,0xc4,0xe7,0x80,0x80,0x80,0xf4,0x00,0x00,0x00,0x7c,0x40,0x09,0xc4,0xe9,0x80,0x80,0x80,
    0xf6,0x00,0x00,0x00,0x35,0x81,0xb5,0x80,0x80,0x43,0x43,0x98,0x40,0x37,0x40,0x80,0x41,0x80,0x41,0x82,
    0x7c,0x40,0x06,0xc4,0xe4,0x80,0x80,0x80,0xf3,0x00,0x00,0x00,0x7c,0x40,0x06,0xc4,0xe6,0x80,0x80,0x80,
    0xf5,0x00,0x00,0x00,0x7c,0x40,0x06,0xc4,0xe8,0x80,0x80,0x80,0xf4,0x00,0x00,0x00,0x7c,0x40,0x06,0xc4,
    0xea,0x80,0x80,0x80,0xf6,0x00,0x00,0x00,0x35,0x81,0xb5,0x80,0x80,0x43,0x43,0x98,0x40,0x37,0x40,0x80,
    0x41,0x80,0x41,0x82,0x7c,0x40,0x09,0xc4,0xe4,0x80,0x80,0x80,0xf3,0x00,0x00,0x00,0x7c,0x40,0x09,0xc4,
    0xe6,0x80,0x80,0x80,0xf5,0x00,0x00,0x00,0x7c,0x40,0x09,0xc4,0xe8,0x80,0x80,0x80,0xf4,0x00,0x00,0x00,
    0x7c,0x40,0x09,0xc4,0xea,0x80,0x80,0x80,0xf6,0x00,0x00,0x00,0x35,0x81,0xb5,0x80,0x80,0x43,0x43,0x98,
    0x40,0x37,0x40,0x80,0x41,0x80,0x41,0x82,0xff,0x00,0xbb,0xbe,0x10,0x74,0x00,0x00,0x46,0x48,0x80,0xbe,
    0xeb,0x00,0x0f,0xcc,0xeb,0x5b,0x00,0x18,0xec,0x00,0x0f,0xcc,0xec,0x63,0x00,0x18,0xed,0x00,0x0f,0xcc,
    0xed,0x5b,0x00,0x18,0xee,0x00,0x0f,0xcc,0xee,0x63,0x00,0x18,0xef,0x00,0x0f,0xcc,0xef,0x5b,0x00,0x18,
    0xf0,0x00,0x0f,0xcc,0xf0,0x63,0x00,0x18,0xf1,0x00,0x0f,0xcc,0xf1,0x5b,0x00,0x18,0xf2,0x00,0x0f,0xcc,
    0xf2,0x63,0x00,0x18,0xeb,0x00,0x10,0xcc,0xeb,0x43,0x00,0x18,0xec,0x00,0x10,0xcc,0xec,0x43,0x00,0x18,
    0xed,0x00,0x10,0xcc,0xed,0x43,0x00,0x18,0xee,0x00,0x10,0xcc,0xee,0x43,0x00,0x18,0xff,0xd6,0x2d,0x36,
    0xff,0x7f,0xff,0x7f,0xff,0xd8,0x39,0x36,0xff,0x7f,0xff,0x7f,0xff,0xda,0x4d,0x36,0xff,0x7f,0xff,0x7f,
    0xff,0xdc,0x61,0x36,0xff,0x7f,0xff,0x7f,0xff,0x02,0x2e,0x7e,0x2e,0xb6,0x2e,0xb6,0xff,0x02,0x42,0x7e,
    0x2e,0xb6,0x2e,0xb6,0xff,0x02,0x56,0x7e,0x2e,0xb6,0x2e,0xb6,0xff,0x02,0x6a,0x7e,0x2e,0xb6,0x2e,0xb6,
    0x17,0x40,0x0e,0xcc,0x16,0xff,0x5d,0x1c,0x88,0x30,0x88,0x30,0x21,0x40,0x0e,0xcc,0x1c,0xff,0x85,0x1c,
    0x88,0x30,0x88,0x30,0x2b,0x40,0x0e,0xcc,0x26,0xff,0xad,0x1c,0x88,0x30,0x88,0x30,0x35,0x40,0x0e,0xcc,
    0x30,0xff,0xd5,0x1c,0x88,0x30,0x88,0x30,0x17,0x40,0x0e,0xcc,0x16,0x2f,0xfe,0x1b,0x33,0x1e,0x33,0x1e,
    0x21,0x40,0x0e,0xcc,0x1c,0x43,0xfe,0x1b,0x33,0x1e,0x33,0x1e,0x2b,0x40,0x0e,0xcc,0x26,0x57,0xfe,0x1b,
    0x33,0x1e,0x33,0x1e,0x35,0x40,0x0e,0xcc,0x30,0x6b,0xfe,0x1b,0x33,0x1e,0x33,0x1e,0x17,0x00,0x10,0xcc,
    0x16,0x2f,0x02,0x18,0x21,0x00,0x10,0xcc,0x1c,0x43,0x02,0x18,0x2b,0x00,0x10,0xcc,0x26,0x57,0x02,0x18,
    0x35,0x00,0x10,0xcc,0x30,0x6b,0x02,0x18,0x17,0x40,0x0e,0xcc,0x16,0x2f,0x5a,0x1c,0x21,0x40,0x0e,0xcc,
    0x1c,0x43,0x72,0x1c,0x2b,0x40,0x0e,0xcc,0x26,0x57,0x9a,0x1c,0x35,0x40,0x0e,0xcc,0x30,0x6b,0xc2,0x1c,
    0x16,0x00,0x10,0xcc,0xff,0x2c,0x02,0x18,0xc5,0x41,0xc5,0x41,0x1c,0x00,0x10,0xcc,0xff,0x38,0x02,0x18,
    0xc5,0x41,0xc5,0x41,0x26,0x00,0x10,0xcc,0xff,0x4c,0x02,0x18,0xc5,0x41,0xc5,0x41,0x30,0x00,0x10,0xcc,
    0xff,0x60,0x02,0x18,0xc5,0x41,0xc5,0x41,0x16,0xb1,0x2c,0x7e,0x1c,0xb1,0x38,0x7e,0x26,0xb1,0x4c,0x7e,
    0x30,0xb1,0x60,0x7e,0x96,0xb1,0x2c,0x7f,0x9c,0xb1,0x38,0x7f,0xa6,0xb1,0x4c,0x7f,0xb0,0xb1,0x60,0x7f,
    0x16,0x00,0x0f,0xcc,0xf2,0x2c,0x02,0x10,0x1c,0x00,0x0f,0xcc,0xf2,0x38,0x02,0x10,0x26,0x00,0x0f,0xcc,
    0xf2,0x4c,0x02,0x10,0x30,0x00,0x0f,0xcc,0xf2,0x60,0x02,0x10,0x16,0xa9,0x2c,0x7e,0x1c,0xa9,0x38,0x7e,
    0x26,0xa9,0x4c,0x7e,0x30,0xa9,0x60,0x7e,0x96,0xa9,0x2c,0x7f,0x9c,0xa9,0x38,0x7f,0xa6,0xa9,0x4c,0x7f,
    0xb0,0xa9,0x60,0x7f,0x16,0x00,0x0e,0xcc,0x16,0xeb,0xc9,0x0b,0x1c,0x00,0x0e,0xcc,0x1c,0xeb,0xc9,0x0b,
    0x26,0x00,0x0e,0xcc,0x26,0xeb,0xc9,0x0b,0x30,0x00,0x0e,0xcc,0x30,0xeb,0xc9,0x0b,0x6a,0x01,0x04,0xd4,
    0xeb,0xff,0x01,0x00,0xc2,0x3b,0xc2,0x3b,0x17,0x00,0x5d,0xd6,0x17,0x2d,0xaa,0x01,0x6a,0x01,0x04,0xd4,
    0xec,0xff,0x01,0x00,0xc2,0x3b,0xc2,0x3b,0x21,0x00,0x5d,0xd6,0x21,0x39,0xaa,0x01,0x6a,0x01,0x04,0xd4,
    0xed,0xff,0x01,0x00,0xc2,0x3b,0xc2,0x3b,0x2b,0x00,0x5d,0xd6,0x2b,0x4d,0xaa,0x01,0x6a,0x01,0x04,0xd4,
    0xee,0xff,0x01,0x00,0xc2,0x3b,0xc2,0x3b,0x35,0x00,0x5d,0xd6,0x35,0x61,0xaa,0x01,0x6a,0x19,0x04,0xd4,
    0xeb,0xff,0x01,0x00,0xc2,0x3b,0xc2,0x3b,0x17,0x58,0x5d,0xd6,0x17,0x2d,0xaa,0x01,0x6a,0x19,0x04,0xd4,
    0xec,0xff,0x01,0x00,0xc2,0x3b,0xc2,0x3b,0x21,0x58,0x5d,0xd6,0x21,0x39,0xaa,0x01,0x6a,0x19,0x04,0xd4,
    0xed,0xff,0x01,0x00,0xc2,0x3b,0xc2,0x3b,0x2b,0x58,0x5d,0xd6,0x2b,0x4d,0xaa,0x01,0x6a,0x19,0x04,0xd4,
    0xee,0xff,0x01,0x00,0xc2,0x3b,0xc2,0x3b,0x35,0x58,0x5d,0xd6,0x35,0x61,0xaa,0x01,0xeb,0x00,0x12,0xd6,
    0xff,0x2e,0xae,0x07,0xff,0x7f,0xff,0x7f,0xec,0x00,0x12,0xd6,0xff,0x42,0xb2,0x07,0xff,0x7f,0xff,0x7f,
    0xed,0x00,0x12,0xd6,0xff,0x56,0xb6,0x07,0xff,0x7f,0xff,0x7f,0xee,0x00,0x12,0xd6,0xff,0x6a,0xba,0x07,
    0xff,0x7f,0xff,0x7f,0xeb,0x00,0x10,0xcc,0xeb,0x41,0x00,0x18,0xec,0x00,0x10,0xcc,0xec,0x41,0x00,0x18,
    0xed,0x00,0x10,0xcc,0xed,0x41,0x00,0x18,0xee,0x00,0x10,0xcc,0xee,0x41,0x00,0x18,0xef,0x00,0x10,0xcc,
    0xef,0x43,0x00,0x18,0xf0,0x00,0x10,0xcc,0xf0,0x43,0x00,0x18,0xf1,0x00,0x10,0xcc,0xf1,0x43,0x00,0x18,
    0xf2,0x00,0x10,0xcc,0xf2,0x43,0x00,0x18,0xff,0xde,0x2d,0x36,0xff,0x7f,0xff,0x7f,0xff,0xe0,0x39,0x36,
    0xff,0x7f,0xff,0x7f,0xff,0xe2,0x4d,0x36,0xff,0x7f,0xff,0x7f,0xff,0xe4,0x61,0x36,0xff,0x7f,0xff,0x7f,
    0xff,0x02,0x2e,0x7e,0x2e,0xb6,0x2e,0xb6,0xff,0x02,0x42,0x7e,0x2e,0xb6,0x2e,0xb6,0xff,0x02,0x56,0x7e,
    0x2e,0xb6,0x2e,0xb6,0xff,0x02,0x6a,0x7e,0x2e,0xb6,0x2e,0xb6,0x17,0x40,0x0e,0xcc,0x16,0xff,0x5d,0x1c,
    0x88,0x30,0x88,0x30,0x21,0x40,0x0e,0xcc,0x1c,0xff,0x85,0x1c,0x88,0x30,0x88,0x30,0x2b,0x40,0x0e,0xcc,
    0x26,0xff,0xad,0x1c,0x88,0x30,0x88,0x30,0x35,0x40,0x0e,0xcc,0x30,0xff,0xd5,0x1c,0x88,0x30,0x88,0x30,
    0x17,0x40,0x0e,0xcc,0x16,0x2f,0xfe,0x1b,0x33,0x1e,0x33,0x1e,0x21,0x40,0x0e,0xcc,0x1c,0x43,0xfe,0x1b,
    0x33,0x1e,0x33,0x1e,0x2b,0x40,0x0e,0xcc,0x26,0x57,0xfe,0x1b,0x33,0x1e,0x33,0x1e,0x35,0x40,0x0e,0xcc,
    0x30,0x6b,0xfe,0x1b,0x33,0x1e,0x33,0x1e,0x17,0x00,0x10,0xcc,0x16,0x2f,0x02,0x18,0x21,0x00,0x10,0xcc,
    0x1c,0x43,0x02,0x18,0x2b,0x00,0x10,0xcc,0x26,0x57,0x02,0x18,0x35,0x00,0x10,0xcc,0x30,0x6b,0x02,0x18,
    0x17,0x40,0x0e,0xcc,0x16,0x2f,0x5a,0x1c,0x21,0x40,0x0e,0xcc,0x1c,0x43,0x72,0x1c,0x2b,0x40,0x0e,0xcc,
    0x26,0x57,0x9a,0x1c,0x35,0x40,0x0e,0xcc,0x30,0x6b,0xc2,0x1c,0x16,0x00,0x10,0xcc,0xff,0x2c,0x02,0x18,
    0xc5,0x41,0xc5,0x41,0x1c,0x00,0x10,0xcc,0xff,0x38,0x02,0x18,0xc5,0x41,0xc5,0x41,0x26,0x00,0x10,0xcc,
    0xff,0x4c,0x02,0x18,0xc5,0x41,0xc5,0x41,0x30,0x00,0x10,0xcc,0xff,0x60,0x02,0x18,0xc5,0x41,0xc5,0x41,
    0x16,0xb1,0x2c,0x7e,0x1c,0xb1,0x38,0x7e,0x26,0xb1,0x4c,0x7e,0x30,0xb1,0x60,0x7e,0x96,0xb1,0x2c,0x7f,
    0x9c,0xb1,0x38,0x7f,0xa6,0xb1,0x4c,0x7f,0xb0,0xb1,0x60,0x7f,0x16,0x00,0x0f,0xcc,0xf2,0x2c,0x02,0x10,
    0x1c,0x00,0x0f,0xcc,0xf2,0x38,0x02,0x10,0x26,0x00,0x0f,0xcc,0xf2,0x4c,0x02,0x10,0x30,0x00,0x0f,0xcc,
    0xf2,0x60,0x02,0x10,0x16,0xa9,0x2c,0x7e,0x1c,0xa9,0x38,0x7e,0x26,0xa9,0x4c,0x7e,0x30,0xa9,0x60,0x7e,
    0x96,0xa9,0x2c,0x7f,0x9c,0xa9,0x38,0x7f,0xa6,0xa9,0x4c,0x7f,0xb0,0xa9,0x60,0x7f,0x16,0x00,0x0e,0xcc,
    0x16,0xeb,0xc9,0x0b,0x1c,0x00,0x0e,0xcc,0x1c,0xeb,0xc9,0x0b,0x26,0x00,0x0e,0xcc,0x26,0xeb,0xc9,0x0b,
    0x30,0x00,0x0e,0xcc,0x30,0xeb,0xc9,0x0b,0x6a,0x01,0x04,0xd4,0xef,0xff,0x01,0x00,0xc2,0x3b,0xc2,0x3b,
    0x17,0x00,0x5d,0xd6,0x17,0x2d,0xaa,0x01,0x6a,0x01,0x04,0xd4,0xf0,0xff,0x01,0x00,0xc2,0x3b,0xc2,0x3b,
    0x21,0x00,0x5d,0xd6,0x21,0x39,0xaa,0x01,0x6a,0x01,0x04,0xd4,0xf1,0xff,0x01,0x00,0xc2,0x3b,0xc2,0x3b,
    0x2b,0x00,0x5d,0xd6,0x2b,0x4d,0xaa,0x01,0x6a,0x01,0x04,0xd4,0xf2,0xff,0x01,0x00,0xc2,0x3b,0xc2,0x3b,
    0x35,0x00,0x5d,0xd6,0x35,0x61,0xaa,0x01,0x6a,0x19,0x04,0xd4,0xef,0xff,0x01,0x00,0xc2,0x3b,0xc2,0x3b,
    0x17,0x58,0x5d,0xd6,0x17,0x2d,0xaa,0x01,0x6a,0x19,0x04,0xd4,0xf0,0xff,0x01,0x00,0xc2,0x3b,0xc2,0x3b,
    0x21,0x58,0x5d,0xd6,0x21,0x39,0xaa,0x01,0x6a,0x19,0x04,0xd4,0xf1,0xff,0x01,0x00,0xc2,0x3b,0xc2,0x3b,
    0x2b,0x58,0x5d,0xd6,0x2b,0x4d,0xaa,0x01,0x6a,0x19,0x04,0xd4,0xf2,0xff,0x01,0x00,0xc2,0x3b,0xc2,0x3b,
    0x35,0x58,0x5d,0xd6,0x35,0x61,0xaa,0x01,0xef,0x00,0x12,0xd6,0xff,0x2e,0xbe,0x07,0xff,0x7f,0xff,0x7f,
    0xf0,0x00,0x12,0xd6,0xff,0x42,0xc2,0x07,0xff,0x7f,0xff,0x7f,0xf1,0x00,0x12,0xd6,0xff,0x56,0xc6,0x07,
    0xff,0x7f,0xff,0x7f,0xf2,0x00,0x12,0xd6,0xff,0x6a,0xca,0x07,0xff,0x7f,0xff,0x7f,0xef,0x00,0x10,0xcc,
    0xef,0x41,0x00,0x18,0xf0,0x00,0x10,0xcc,0xf0,0x41,0x00,0x18,0xf1,0x00,0x10,0xcc,0xf1,0x41,0x00,0x18,
    0xf2,0x00,0x10,0xcc,0xf2,0x41,0x00,0x18,0x7c,0x40,0x06,0xc4,0xeb,0x80,0x80,0x80,0xf3,0x00,0x00,0x00,
    0x7c,0x40,0x06,0xc4,0xed,0x80,0x80,0x80,0xf5,0x00,0x00,0x00,0x7c,0x40,0x06,0xc4,0xef,0x80,0x80,0x80,
    0xf4,0x00,0x00,0x00,0x7c,0x40,0x06,0xc4,0xf1,0x80,0x80,0x80,0xf6,0x00,0x00,0x00,0x35,0x81,0xb5,0x80,
    0x80,0x43,0x43,0x98,0x40,0x37,0x40,0x80,0x41,0x80,0x41,0x82,0x7c,0x40,0x09,0xc4,0xeb,0x80,0x80,0x80,
    0xf3,0x00,0x00,0x00,0x7c,0x40,0x09,0xc4,0xed,0x80,0x80,0x80,0xf5,0x00,0x00,0x00,0x7c,0x40,0x09,0xc4,
    0xef,0x80,0x80,0x80,0xf4,0x00,0x00,0x00,0x7c,0x40,0x09,0xc4,0xf1,0x80,0x80,0x80,0xf6,0x00,0x00,0x00,
    0x35,0x81,0xb5,0x80,0x80,0x43,0x43,0x98,0x40,0x37,0x40,0x80,0x41,0x80,0x41,0x82,0x7c,0x40,0x06,0xc4,
    0xec,0x80,0x80,0x80,0xf3,0x00,0x00,0x00,0x7c,0x40,0x06,0xc4,0xee,0x80,0x80,0x80,0xf5,0x00,0x00,0x00,
    0x7c,0x40,0x06,0xc4,0xf0,0x80,0x80,0x80,0xf4,0x00,0x00,0x00,0x7c,0x40,0x06,0xc4,0xf2,0x80,0x80,0x80,
    0xf6,0x00,0x00,0x00,0x35,0x81,0xb5,0x80,0x80,0x43,0x43,0x98,0x40,0x37,0x40,0x80,0x41,0x80,0x41,0x82,
    0x7c,0x40,0x09,0xc4,0xec,0x80,0x80,0x80,0xf3,0x00,0x00,0x00,0x7c,0x40,0x09,0xc4,0xee,0x80,0x80,0x80,
    0xf5,0x00,0x00,0x00,0x7c,0x40,0x09,0xc4,0xf0,0x80,0x80,0x80,0xf4,0x00,0x00,0x00,0x7c,0x40,0x09,0xc4,
    0xf2,0x80,0x80,0x80,0xf6,0x00,0x00,0x00,0x35,0x81,0xb5,0x80,0x80,0x43,0x43,0x98,0x40,0x37,0x40,0x80,
    0x41,0x80,0x41,0x82,0xff,0x00,0xbb,0xbe,0x84,0x6d,0x00,0x00,0x46,0x48,0x80,0xbe,0x00,0x00,0xb0,0xbf,
    0x00,0x00,0x9f,0xbf,0x00,0x00,0x9f,0xbf,0x00,0x00,0x9f,0xbf,0x00,0x00,0x9f,0xbf,0x00,0x00,0x9f,0xbf,
    0x00,0x00,0x9f,0xbf,0x00,0x00,0x9f,0xbf,0x00,0x00,0x9f,0xbf,0x00,0x00,0x9f,0xbf,0x00,0x00,0x9f,0xbf,
    0x00,0x00,0x9f,0xbf,0x00,0x00,0x9f,0xbf,0x00,0x00,0x9f,0xbf,0x00,0x00,0x9f,0xbf,0x00,0x00,0x9f,0xbf,
    0x00,0x00,0x9f,0xbf,0x00,0x00,0x9f,0xbf,0x00,0x00,0x9f,0xbf,0x00,0x00,0x9f,0xbf,0x00,0x00,0x9f,0xbf,
    0x00,0x00,0x9f,0xbf,0x00,0x00,0x9f,0xbf,0x00,0x00,0x9f,0xbf,0x00,0x00,0x9f,0xbf,0x00,0x00,0x9f,0xbf,
    0x00,0x00,0x9f,0xbf,0x00,0x00,0x9f,0xbf,0x00,0x00,0x9f,0xbf,0x00,0x00,0x9f,0xbf,0x00,0x00,0x9f,0xbf,
    0x00,0x00,0x9f,0xbf,0x00,0x00,0x9f,0xbf,0x00,0x00,0x9f,0xbf,0x00,0x00,0x9f,0xbf,0x00,0x00,0x9f,0xbf,
    0x00,0x00,0x9f,0xbf,0x00,0x00,0x9f,0xbf,0x00,0x00,0x9f,0xbf,0x00,0x00,0x9f,0xbf,0x00,0x00,0x9f,0xbf,
    0x00,0x00,0x9f,0xbf,0x00,0x00,0x9f,0xbf,0x00,0x00,0x9f,0xbf,0x00,0x00,0x9f,0xbf,0x00,0x00,0x9f,0xbf,
    0x00,0x00,0x9f,0xbf,0x00,0x00,0x9f,0xbf,0x00,0x00,0x9f,0xbf,0x00,0x00,0x9f,0xbf,0x00,0x00,0x9f,0xbf,
    0x00,0x00,0x9f,0xbf,0x00,0x00,0x9f,0xbf,0x00,0x00,0x9f,0xbf,0x00,0x00,0x9f,0xbf,0x00,0x00,0x9f,0xbf,
    0x00,0x00,0x9f,0xbf,0x00,0x00,0x9f,0xbf,0x00,0x00,0x9f,0xbf,0x00,0x00,0x9f,0xbf,0x00,0x00,0x9f,0xbf,
    0x00,0x00,0x9f,0xbf,0x00,0x00,0x9f,0xbf,0x00,0x00,0x9f,0xbf,0x00,0x00,0x9f,0xbf,0x00,0x00,0x9f,0xbf,
    0x00,0x00,0x9f,0xbf,0x00,0x00,0x9f,0xbf,0x00,0x00,0x9f,0xbf,0x00,0x00,0x9f,0xbf,0x00,0x00,0x9f,0xbf,
    0x00,0x00,0x9f,0xbf,0x00,0x00,0x9f,0xbf,0x00,0x00,0x9f,0xbf,0x00,0x00,0x9f,0xbf,0x00,0x00,0x9f,0xbf,
    0x00,0x00,0x9f,0xbf,0x00,0x00,0x9f,0xbf,0x00,0x00,0x9f,0xbf,0x00,0x00,0x9f,0xbf,0x00,0x00,0x9f,0xbf,
    0x00,0x00,0x9f,0xbf,0x00,0x00,0x9f,0xbf,0x00,0x00,0x9f,0xbf,0x00,0x00,0x9f,0xbf,0x00,0x00,0x9f,0xbf,
    0x00,0x00,0x9f,0xbf,0x00,0x00,0x9f,0xbf,0x00,0x00,0x9f,0xbf,0x00,0x00,0x9f,0xbf,0x00,0x00,0x9f,0xbf,
    0x00,0x00,0x9f,0xbf,0x00,0x00,0x9f,0xbf,0x00,0x00,0x9f,0xbf,0x00,0x00,0x9f,0xbf,0x00,0x00,0x9f,0xbf,
    0x00,0x00,0x9f,0xbf,0x00,0x00,0x9f,0xbf,0x00,0x00,0x9f,0xbf,0x00,0x00,0x9f,0xbf,0x00,0x00,0x9f,0xbf,
    0x00,0x00,0x9f,0xbf,0x00,0x00,0x9f,0xbf,0x00,0x00,0x9f,0xbf,0x00,0x00,0x9f,0xbf,0x00,0x00,0x9f,0xbf,
    0x00,0x00,0x9f,0xbf,0x00,0x00,0x9f,0xbf,0x00,0x00,0x9f,0xbf,0x00,0x00,0x9f,0xbf,0x00,0x00,0x9f,0xbf,
    0x00,0x00,0x9f,0xbf,0x00,0x00,0x9f,0xbf,0x00,0x00,0x9f,0xbf,0x00,0x00,0x9f,0xbf,0x00,0x00,0x9f,0xbf,
    0x00,0x00,0x9f,0xbf,0x00,0x00,0x9f,0xbf,0x00,0x00,0x9f,0xbf,0x00,0x00,0x9f,0xbf,0x00,0x00,0x9f,0xbf,
    0x00,0x00,0x9f,0xbf,0x00,0x00,0x9f,0xbf,0x00,0x00,0x9f,0xbf,0x00,0x00,0x9f,0xbf,0x00,0x00,0x9f,0xbf,
    0x00,0x00,0x9f,0xbf,0x00,0x00,0x9f,0xbf,0x00,0x00,0x9f,0xbf,0x00,0x00,0x9f,0xbf,0x00,0x00,0x9f,0xbf,
    0x00,0x00,0x9f,0xbf,0x00,0x00,0x9f,0xbf,0x00,0x00,0x9f,0xbf,0x00,0x00,0x9f,0xbf,0x00,0x00,0x9f,0xbf,
    0x00,0x00,0x9f,0xbf,0x00,0x00,0x9f,0xbf,0x00,0x00,0x9f,0xbf,0x00,0x00,0x9f,0xbf,0x00,0x00,0x9f,0xbf,
    0x00,0x00,0x9f,0xbf,0x00,0x00,0x9f,0xbf,0x00,0x00,0x9f,0xbf,0x00,0x00,0x9f,0xbf,0x00,0x00,0x9f,0xbf,
    0x00,0x00,0x9f,0xbf,0x00,0x00,0x9f,0xbf,0x00,0x00,0x9f,0xbf,0x00,0x00,0x9f,0xbf,0x00,0x00,0x9f,0xbf,
    0x00,0x00,0x9f,0xbf,0x00,0x00,0x9f,0xbf,0x00,0x00,0x9f,0xbf,0x00,0x00,0x9f,0xbf,0x00,0x00,0x9f,0xbf,
    0x00,0x00,0x9f,0xbf,0x00,0x00,0x9f,0xbf,0x00,0x00,0x9f,0xbf,0x00,0x00,0x9f,0xbf,0x00,0x00,0x9f,0xbf,
    0x00,0x00,0x9f,0xbf,0x00,0x00,0x9f,0xbf,0x00,0x00,0x9f,0xbf,0x00,0x00,0x9f,0xbf,0x00,0x00,0x9f,0xbf,
    0x00,0x00,0x9f,0xbf,0x00,0x00,0x9f,0xbf,0x00,0x00,0x9f,0xbf,0x00,0x00,0x9f,0xbf,0x00,0x00,0x9f,0xbf,
    0x00,0x00,0x9f,0xbf,0x00,0x00,0x9f,0xbf,0x00,0x00,0x9f,0xbf,0x00,0x00,0x9f,0xbf,0x00,0x00,0x9f,0xbf,
    0x00,0x00,0x9f,0xbf,0x00,0x00,0x9f,0xbf,0x00,0x00,0x9f,0xbf,0x00,0x00,0x9f,0xbf,0x00,0x00,0x9f,0xbf,
    0x00,0x00,0x9f,0xbf,0x00,0x00,0x9f,0xbf,0x00,0x00,0x9f,0xbf,0x00,0x00,0x9f,0xbf,0x00,0x00,0x9f,0xbf,
    0x00,0x00,0x9f,0xbf,0x00,0x00,0x9f,0xbf,0x00,0x00,0x9f,0xbf,0x00,0x00,0x9f,0xbf,0x00,0x00,0x9f,0xbf,
    0x00,0x00,0x9f,0xbf,0x00,0x00,0x9f,0xbf,0x00,0x00,0x9f,0xbf,0x00,0x00,0x9f,0xbf,0x00,0x00,0x9f,0xbf,
    0x00,0x00,0x9f,0xbf,0x00,0x00,0x9f,0xbf,0x00,0x00,0x9f,0xbf,0x00,0x00,0x9f,0xbf,0x00,0x00,0x9f,0xbf,
    0x00,0x00,0x9f,0xbf,0x00,0x00,0x9f,0xbf,0x00,0x00,0x9f,0xbf,0x00,0x00,0x9f,0xbf,0x00,0x00,0x9f,0xbf,
    0x00,0x00,0x9f,0xbf,0x00,0x00,0x9f,0xbf,0x00,0x00,0x9f,0xbf,0x00,0x00,0x9f,0xbf,0x00,0x00,0x9f,0xbf,
    0x00,0x00,0x9f,0xbf,0x00,0x00,0x9f,0xbf,0x00,0x00,0x9f,0xbf,0x00,0x00,0x9f,0xbf,0x00,0x00,0x9f,0xbf,
    0x00,0x00,0x9f,0xbf,0x00,0x00,0x9f,0xbf,0x00,0x00,0x9f,0xbf,0x00,0x00,0x9f,0xbf,0x00,0x00,0x9f,0xbf,
    0x00,0x00,0x9f,0xbf,0x00,0x00,0x9f,0xbf,0x00,0x00,0x9f,0xbf,0x00,0x00,0x9f,0xbf,0x00,0x00,0x9f,0xbf,
    0x00,0x00,0x9f,0xbf,0x00,0x00,0x9f,0xbf,0x00,0x00,0x9f,0xbf,0x00,0x00,0x9f,0xbf,0x00,0x00,0x9f,0xbf,
    0x00,0x00,0x9f,0xbf,0x00,0x00,0x9f,0xbf,0x00,0x00,0x9f,0xbf,0x00,0x00,0x9f,0xbf,0x00,0x00,0x9f,0xbf,
    0x00,0x00,0x9f,0xbf,0x00,0x00,0x9f,0xbf,0x00,0x00,0x9f,0xbf,0x00,0x00,0x9f,0xbf,0x00,0x00,0x9f,0xbf,
    0x00,0x00,0x9f,0xbf,0x00,0x00,0x9f,0xbf,0x00,0x00,0x9f,0xbf,0x00,0x00,0x9f,0xbf,0x00,0x00,0x9f,0xbf,
    0x00,0x00,0x9f,0xbf,0x00,0x00,0x9f,0xbf,0x00,0x00,0x9f,0xbf,0x00,0x00,0x9f,0xbf,0x00,0x00,0x9f,0xbf,
    0x00,0x00,0x9f,0xbf,0x00,0x00,0x9f,0xbf,0x00,0x00,0x9f,0xbf,0x00,0x00,0x9f,0xbf,0x00,0x00,0x9f,0xbf,
    0x00,0x00,0x9f,0xbf,0x00,0x00,0x9f,0xbf,0x00,0x00,0x9f,0xbf,0x00,0x00,0x9f,0xbf,0x00,0x00,0x9f,0xbf,
    0x00,0x00,0x9f,0xbf,0x00,0x00,0x9f,0xbf,0x00,0x00,0x9f,0xbf,0x00,0x00,0x9f,0xbf,0x00,0x00,0x9f,0xbf,
    0x00,0x00,0x9f,0xbf,0x00,0x00,0x9f,0xbf,0x00,0x00,0x9f,0xbf,0x00,0x00,0x9f,0xbf,0x00,0x00,0x9f,0xbf,
    0x00,0x00,0x9f,0xbf,0x00,0x00,0x9f,0xbf,0x00,0x00,0x9f,0xbf,0x00,0x00,0x9f,0xbf,0x00,0x00,0x9f,0xbf,
    0x00,0x00,0x9f,0xbf,0x00,0x00,0x9f,0xbf,0x00,0x00,0x9f,0xbf,0x00,0x00,0x9f,0xbf,0x00,0x00,0x9f,0xbf,
    0x00,0x00,0x9f,0xbf,0x00,0x00,0x9f,0xbf,0x00,0x00,0x9f,0xbf,0x00,0x00,0x9f,0xbf,0x00,0x00,0x9f,0xbf,
    0x00,0x00,0x9f,0xbf,0x00,0x00,0x9f,0xbf,0x00,0x00,0x9f,0xbf,0x00,0x00,0x9f,0xbf,0x00,0x00,0x9f,0xbf,
    0x00,0x00,0x9f,0xbf,0x00,0x00,0x9f,0xbf,0x00,0x00,0x9f,0xbf,0x00,0x00,0x9f,0xbf,0x00,0x00,0x9f,0xbf,
    0x00,0x00,0x9f,0xbf,0x00,0x00,0x9f,0xbf,0x00,0x00,0x9f,0xbf,0x00,0x00,0x9f,0xbf,0x00,0x00,0x9f,0xbf,
    0x00,0x00,0x9f,0xbf,0x00,0x00,0x9f,0xbf,0x00,0x00,0x9f,0xbf,0x00,0x00,0x9f,0xbf,0x00,0x00,0x9f,0xbf,
    0x00,0x00,0x9f,0xbf,0x00,0x00,0x9f,0xbf,0x00,0x00,0x9f,0xbf,0x00,0x00,0x9f,0xbf,0x00,0x00,0x9f,0xbf,
    0x00,0x00,0x9f,0xbf,0x00,0x00,0x9f,0xbf,0x00,0x00,0x9f,0xbf,0x00,0x00,0x9f,0xbf,0x00,0x00,0x9f,0xbf,
    0x00,0x00,0x9f,0xbf,0x00,0x00,0x9f,0xbf,0x00,0x00,0x9f,0xbf,0x00,0x00,0x9f,0xbf,0x00,0x00,0x9f,0xbf,
    0x00,0x00,0x9f,0xbf,0x00,0x00,0x9f,0xbf,0x00,0x00,0x9f,0xbf,0x00,0x00,0x9f,0xbf,0x00,0x00,0x9f,0xbf,
    0x00,0x00,0x9f,0xbf,0x00,0x00,0x9f,0xbf,0x00,0x00,0x9f,0xbf,0x00,0x00,0x9f,0xbf,0x00,0x00,0x9f,0xbf,
    0x00,0x00,0x9f,0xbf,0x00,0x00,0x9f,0xbf,0x00,0x00,0x9f,0xbf,0x00,0x00,0x9f,0xbf,0x00,0x00,0x9f,0xbf,
    0x00,0x00,0x9f,0xbf,0x00,0x00,0x9f,0xbf,0x00,0x00,0x9f,0xbf,0x00,0x00,0x9f,0xbf,0x00,0x00,0x9f,0xbf,
    0x00,0x00,0x9f,0xbf,0x00,0x00,0x9f,0xbf,0x00,0x00,0x9f,0xbf,0x00,0x00,0x9f,0xbf,0x00,0x00,0x9f,0xbf,
    0x00,0x00,0x9f,0xbf,0x00,0x00,0x9f,0xbf,0x00,0x00,0x9f,0xbf,0x00,0x00,0x9f,0xbf,0x00,0x00,0x9f,0xbf,
    0x00,0x00,0x9f,0xbf,0x00,0x00,0x9f,0xbf,0x00,0x00,0x9f,0xbf,0x00,0x00,0x9f,0xbf,0x00,0x00,0x9f,0xbf,
    0x00,0x00,0x9f,0xbf,0x00,0x00,0x9f,0xbf,0x00,0x00,0x9f,0xbf,0x00,0x00,0x9f,0xbf,0x00,0x00,0x9f,0xbf,
    0x00,0x00,0x9f,0xbf,0x00,0x00,0x9f,0xbf,0x00,0x00,0x9f,0xbf,0x00,0x00,0x9f,0xbf,0x00,0x00,0x9f,0xbf,
    0x00,0x00,0x9f,0xbf,0x00,0x00,0x9f,0xbf,0x00,0x00,0x9f,0xbf,0x00,0x00,0x9f,0xbf,0x00,0x00,0x9f,0xbf,
    0x00,0x00,0x9f,0xbf,0x00,0x00,0x9f,0xbf,0x00,0x00,0x9f,0xbf,0x00,0x00,0x9f,0xbf,0x00,0x00,0x9f,0xbf,
    0x00,0x00,0x9f,0xbf,0x00,0x00,0x9f,0xbf,0x00,0x00,0x9f,0xbf,0x00,0x00,0x9f,0xbf,0x00,0x00,0x9f,0xbf,
    0x00,0x00,0x9f,0xbf,0x00,0x00,0x9f,0xbf,0x00,0x00,0x9f,0xbf,0x00,0x00,0x9f,0xbf,0x00,0x00,0x9f,0xbf,
    0x00,0x00,0x9f,0xbf,0x00,0x00,0x9f,0xbf,0x00,0x00,0x9f,0xbf,0x00,0x00,0x9f,0xbf,0x00,0x00,0x9f,0xbf,
    0x00,0x00,0x9f,0xbf,0x00,0x00,0x9f,0xbf,0x00,0x00,0x9f,0xbf,0x00,0x00,0x9f,0xbf,0x00,0x00,0x9f,0xbf,
    0x00,0x00,0x9f,0xbf,0x00,0x00,0x9f,0xbf,0x00,0x00,0x9f,0xbf,0x00,0x00,0x9f,0xbf,0x00,0x00,0x9f,0xbf,
    0x00,0x00,0x9f,0xbf,0x00,0x00,0x9f,0xbf,0x00,0x00,0x9f,0xbf,0x00,0x00,0x9f,0xbf,0x00,0x00,0x9f,0xbf,
    0x00,0x00,0x9f,0xbf,0x00,0x00,0x9f,0xbf,0x00,0x00,0x9f,0xbf,0x00,0x00,0x9f,0xbf,0x00,0x00,0x9f,0xbf,
    0x00,0x00,0x9f,0xbf,0x00,0x00,0x9f,0xbf,0x00,0x00,0x9f,0xbf,0x00,0x00,0x9f,0xbf,0x00,0x00,0x9f,0xbf,
    0x00,0x00,0x9f,0xbf,0x00,0x00,0x9f,0xbf,0x00,0x00,0x9f,0xbf,0x00,0x00,0x9f,0xbf,0x00,0x00,0x9f,0xbf,
    0x00,0x00,0x9f,0xbf,0x00,0x00,0x9f,0xbf,0x00,0x00,0x9f,0xbf,0x00,0x00,0x9f,0xbf,0x00,0x00,0x9f,0xbf,
    0x00,0x00,0x9f,0xbf,0x00,0x00,0x9f,0xbf,0x00,0x00,0x9f,0xbf,0x00,0x00,0x9f,0xbf,0x00,0x00,0x9f,0xbf,
    0x00,0x00,0x9f,0xbf,0x00,0x00,0x9f,0xbf,0x00,0x00,0x9f,0xbf,0x00,0x00,0x9f,0xbf,0x00,0x00,0x9f,0xbf,
    0x00,0x00,0x9f,0xbf,0x00,0x00,0x9f,0xbf,0x00,0x00,0x9f,0xbf,0x00,0x00,0x9f,0xbf,0x00,0x00,0x9f,0xbf,
    0x00,0x00,0x9f,0xbf,0x00,0x00,0x9f,0xbf,0x00,0x00,0x9f,0xbf,0x00,0x00,0x9f,0xbf,0x00,0x00,0x9f,0xbf,
    0x00,0x00,0x9f,0xbf,0x00,0x00,0x9f,0xbf,0x00,0x00,0x9f,0xbf,0x00,0x00,0x9f,0xbf,0x00,0x00,0x9f,0xbf,
    0x00,0x00,0x9f,0xbf,0x00,0x00,0x9f,0xbf,0x00,0x00,0x9f,0xbf,0x00,0x00,0x9f,0xbf,0x00,0x00,0x9f,0xbf,
    0x00,0x00,0x9f,0xbf,0x00,0x00,0x9f,0xbf,0x00,0x00,0x9f,0xbf,0x00,0x00,0x9f,0xbf,0x00,0x00,0x9f,0xbf,
    0x00,0x00,0x9f,0xbf,0x00,0x00,0x9f,0xbf,0x00,0x00,0x9f,0xbf,0x00,0x00,0x9f,0xbf,0x00,0x00,0x9f,0xbf,
    0x00,0x00,0x9f,0xbf,0x00,0x00,0x9f,0xbf,0x00,0x00,0x9f,0xbf,0x00,0x00,0x9f,0xbf,0x00,0x00,0x9f,0xbf,
    0x00,0x00,0x9f,0xbf,0x00,0x00,0x9f,0xbf,0x00,0x00,0x9f,0xbf,0x00,0x00,0x9f,0xbf,0x00,0x00,0x9f,0xbf,
    0x00,0x00,0x9f,0xbf,0x00,0x00,0x9f,0xbf,0x00,0x00,0x9f,0xbf,0x00,0x00,0x9f,0xbf,0x00,0x00,0x9f,0xbf,
    0x00,0x00,0x9f,0xbf,0x00,0x00,0x9f,0xbf,0x00,0x00,0x9f,0xbf,0x00,0x00,0x9f,0xbf,0x00,0x00,0x9f,0xbf,
    0x00,0x00,0x9f,0xbf,0x00,0x00,0x9f,0xbf,0x00,0x00,0x9f,0xbf,0x00,0x00,0x9f,0xbf,0x00,0x00,0x9f,0xbf,
    0x00,0x00,0x9f,0xbf,0x00,0x00,0x9f,0xbf,0x00,0x00,0x9f,0xbf,0x00,0x00,0x9f,0xbf,0x00,0x00,0x9f,0xbf,
    0x00,0x00,0x9f,0xbf,0x00,0x00,0x9f,0xbf,0x00,0x00,0x9f,0xbf,0x00,0x00,0x9f,0xbf,0x00,0x00,0x9f,0xbf,
    0x00,0x00,0x9f,0xbf,0x00,0x00,0x9f,0xbf,0x00,0x00,0x9f,0xbf,0x00,0x00,0x9f,0xbf,0x00,0x00,0x9f,0xbf,
    0x00,0x00,0x9f,0xbf,0x00,0x00,0x9f,0xbf,0x00,0x00,0x9f,0xbf,0x00,0x00,0x9f,0xbf,0x00,0x00,0x9f,0xbf,
    0x00,0x00,0x9f,0xbf,0x00,0x00,0x9f,0xbf,0x00,0x00,0x9f,0xbf,0x00,0x00,0x9f,0xbf,0x00,0x00,0x9f,0xbf,
    0x00,0x00,0x9f,0xbf,0x00,0x00,0x9f,0xbf,0x00,0x00,0x9f,0xbf,0x00,0x00,0x9f,0xbf,0x00,0x00,0x9f,0xbf,
    0x00,0x00,0x9f,0xbf,0x1e,0x00,0x00,0x00,0x00,0x00,0x00,0x00,0x02,0x00,0x00,0x00,0x00,0x00,0x00,0x00,
    0x06,0x00,0x00,0x00,0x00,0x00,0x00,0x00,0xc8,0x01,0x00,0x00,0x00,0x00,0x00,0x00,0x0b,0x00,0x00,0x00,
    0x00,0x00,0x00,0x00,0x18,0x00,0x00,0x00,0x00,0x00,0x00,0x00,0x05,0x00,0x00,0x00,0x00,0x00,0x00,0x00,
    0x0c,0x02,0x00,0x00,0x00,0x00,0x00,0x00,0x0a,0x00,0x00,0x00,0x00,0x00,0x00,0x00,0x01,0x00,0x00,0x00,
    0x00,0x00,0x00,0x00,0xf5,0xfe,0xff,0x6f,0x00,0x00,0x00,0x00,0xe0,0x01,0x00,0x00,0x00,0x00,0x00,0x00,
    0x04,0x00,0x00,0x00,0x00,0x00,0x00,0x00,0xfc,0x01,0x00,0x00,0x00,0x00,0x00,0x00,0x00,0x00,0x00,0x00,
    0x00,0x00,0x00,0x00,0x00,0x00,0x00,0x00,0x00,0x00,0x00,0x00,0x07,0x00,0x00,0x00,0x80,0x03,0x00,0x00,
    0x20,0x00,0x00,0x00,0x41,0x4d,0x44,0x47,0x50,0x55,0x00,0x00,0x82,0xae,0x61,0x6d,0x64,0x70,0x61,0x6c,
    0x2e,0x76,0x65,0x72,0x73,0x69,0x6f,0x6e,0x92,0x03,0x02,0xb0,0x61,0x6d,0x64,0x70,0x61,0x6c,0x2e,0x70,
    0x69,0x70,0x65,0x6c,0x69,0x6e,0x65,0x73,0x91,0x8a,0xa5,0x2e,0x6e,0x61,0x6d,0x65,0xa4,0x6d,0x61,0x69,
    0x6e,0xa5,0x2e,0x74,0x79,0x70,0x65,0xa2,0x43,0x73,0xb7,0x2e,0x69,0x6e,0x74,0x65,0x72,0x6e,0x61,0x6c,
    0x5f,0x70,0x69,0x70,0x65,0x6c,0x69,0x6e,0x65,0x5f,0x68,0x61,0x73,0x68,0x92,0xcf,0x78,0x80,0xb0,0xec,
    0xa2,0x50,0x65,0xd9,0xcf,0x78,0x80,0xb0,0xec,0xa2,0x50,0x65,0xd9,0xa8,0x2e,0x73,0x68,0x61,0x64,0x65,
    0x72,0x73,0x81,0xa8,0x2e,0x63,0x6f,0x6d,0x70,0x75,0x74,0x65,0x82,0xb0,0x2e,0x61,0x70,0x69,0x5f,0x73,
    0x68,0x61,0x64,0x65,0x72,0x5f,0x68,0x61,0x73,0x68,0x92,0xcf,0x67,0x55,0xd7,0x86,0x80,0xf5,0xde,0x57,
    0xcf,0xc5,0x05,0xb2,0x5f,0xf8,0x75,0x6e,0xbb,0xb1,0x2e,0x68,0x61,0x72,0x64,0x77,0x61,0x72,0x65,0x5f,
    0x6d,0x61,0x70,0x70,0x69,0x6e,0x67,0x91,0xa3,0x2e,0x63,0x73,0xb0,0x2e,0x68,0x61,0x72,0x64,0x77,0x61,
    0x72,0x65,0x5f,0x73,0x74,0x61,0x67,0x65,0x73,0x81,0xa3,0x2e,0x63,0x73,0xde,0x00,0x11,0xac,0x2e,0x65,
    0x6e,0x74,0x72,0x79,0x5f,0x70,0x6f,0x69,0x6e,0x74,0xaf,0x5f,0x61,0x6d,0x64,0x67,0x70,0x75,0x5f,0x63,
    0x73,0x5f,0x6d,0x61,0x69,0x6e,0xa9,0x2e,0x6c,0x64,0x73,0x5f,0x73,0x69,0x7a,0x65,0xce,0x00,0x01,0x00,
    0x00,0xab,0x2e,0x73,0x67,0x70,0x72,0x5f,0x63,0x6f,0x75,0x6e,0x74,0x60,0xab,0x2e,0x76,0x67,0x70,0x72,
    0x5f,0x63,0x6f,0x75,0x6e,0x74,0xcc,0xf8,0xb7,0x2e,0x74,0x68,0x72,0x65,0x61,0x64,0x67,0x72,0x6f,0x75,
    0x70,0x5f,0x64,0x69,0x6d,0x65,0x6e,0x73,0x69,0x6f,0x6e,0x73,0x93,0xcd,0x01,0x80,0x01,0x01,0xaf,0x2e,
    0x77,0x61,0x76,0x65,0x66,0x72,0x6f,0x6e,0x74,0x5f,0x73,0x69,0x7a,0x65,0x40,0xab,0x2e,0x66,0x6c,0x6f,
    0x61,0x74,0x5f,0x6d,0x6f,0x64,0x65,0x00,0xaa,0x2e,0x69,0x65,0x65,0x65,0x5f,0x6d,0x6f,0x64,0x65,0xc2,
    0xae,0x2e,0x66,0x70,0x31,0x36,0x5f,0x6f,0x76,0x65,0x72,0x66,0x6c,0x6f,0x77,0xc2,0xa9,0x2e,0x77,0x67,
    0x70,0x5f,0x6d,0x6f,0x64,0x65,0xc2,0xac,0x2e,0x6d,0x65,0x6d,0x5f,0x6f,0x72,0x64,0x65,0x72,0x65,0x64,
    0xc2,0xb1,0x2e,0x66,0x6f,0x72,0x77,0x61,0x72,0x64,0x5f,0x70,0x72,0x6f,0x67,0x72,0x65,0x73,0x73,0xc2,
    0xaf,0x2e,0x77,0x67,0x5f,0x72,0x6f,0x75,0x6e,0x64,0x5f,0x72,0x6f,0x62,0x69,0x6e,0xc2,0xab,0x2e,0x73,
    0x63,0x72,0x61,0x74,0x63,0x68,0x5f,0x65,0x6e,0xc2,0xad,0x2e,0x74,0x72,0x61,0x70,0x5f,0x70,0x72,0x65,
    0x73,0x65,0x6e,0x74,0xc2,0xab,0x2e,0x75,0x73,0x65,0x72,0x5f,0x73,0x67,0x70,0x72,0x73,0x04,0xb2,0x2e,
    0x75,0x73,0x65,0x72,0x5f,0x64,0x61,0x74,0x61,0x5f,0x72,0x65,0x67,0x5f,0x6d,0x61,0x70,0xdc,0x00,0x20,
    0xce,0xff,0xff,0xff,0xff,0xce,0xff,0xff,0xff,0xff,0x00,0x01,0xce,0xff,0xff,0xff,0xff,0xce,0xff,0xff,
    0xff,0xff,0xce,0xff,0xff,0xff,0xff,0xce,0xff,0xff,0xff,0xff,0xce,0xff,0xff,0xff,0xff,0xce,0xff,0xff,
    0xff,0xff,0xce,0xff,0xff,0xff,0xff,0xce,0xff,0xff,0xff,0xff,0xce,0xff,0xff,0xff,0xff,0xce,0xff,0xff,
    0xff,0xff,0xce,0xff,0xff,0xff,0xff,0xce,0xff,0xff,0xff,0xff,0xce,0xff,0xff,0xff,0xff,0xce,0xff,0xff,
    0xff,0xff,0xce,0xff,0xff,0xff,0xff,0xce,0xff,0xff,0xff,0xff,0xce,0xff,0xff,0xff,0xff,0xce,0xff,0xff,
    0xff,0xff,0xce,0xff,0xff,0xff,0xff,0xce,0xff,0xff,0xff,0xff,0xce,0xff,0xff,0xff,0xff,0xce,0xff,0xff,
    0xff,0xff,0xce,0xff,0xff,0xff,0xff,0xce,0xff,0xff,0xff,0xff,0xce,0xff,0xff,0xff,0xff,0xce,0xff,0xff,
    0xff,0xff,0xce,0xff,0xff,0xff,0xff,0xce,0xff,0xff,0xff,0xff,0xb2,0x2e,0x63,0x6f,0x6d,0x70,0x75,0x74,
    0x65,0x5f,0x72,0x65,0x67,0x69,0x73,0x74,0x65,0x72,0x73,0x85,0xaa,0x2e,0x74,0x67,0x69,0x64,0x5f,0x78,
    0x5f,0x65,0x6e,0xc3,0xaa,0x2e,0x74,0x67,0x69,0x64,0x5f,0x79,0x5f,0x65,0x6e,0xc2,0xaa,0x2e,0x74,0x67,
    0x69,0x64,0x5f,0x7a,0x5f,0x65,0x6e,0xc2,0xab,0x2e,0x74,0x67,0x5f,0x73,0x69,0x7a,0x65,0x5f,0x65,0x6e,
    0xc2,0xaf,0x2e,0x74,0x69,0x64,0x69,0x67,0x5f,0x63,0x6f,0x6d,0x70,0x5f,0x63,0x6e,0x74,0x01,0xaa,0x2e,
    0x72,0x65,0x67,0x69,0x73,0x74,0x65,0x72,0x73,0x8f,0xcd,0x2e,0x18,0x00,0xcd,0x2e,0x15,0x00,0xcd,0x2e,
    0x16,0xce,0xff,0xff,0xff,0xff,0xcd,0x2e,0x17,0xce,0xff,0xff,0xff,0xff,0xcd,0x2e,0x19,0xce,0xff,0xff,
    0xff,0xff,0xcd,0x2e,0x1a,0xce,0xff,0xff,0xff,0xff,0xcd,0x2e,0x12,0xcd,0x02,0xfd,0xcd,0x2e,0x13,0xce,
    0x00,0x40,0x08,0x88,0xcd,0x2e,0x28,0x00,0xcd,0x2e,0x2a,0xce,0x7e,0x2e,0x11,0x48,0xcd,0x2e,0x07,0xce,
    0x01,0x80,0x01,0x80,0xcd,0x2e,0x08,0xce,0x00,0x01,0x00,0x01,0xcd,0x2e,0x09,0xce,0x00,0x01,0x00,0x01,
    0xcd,0x2e,0x42,0x00,0xcd,0x2e,0x43,0x01,0xb0,0x2e,0x75,0x73,0x65,0x72,0x5f,0x64,0x61,0x74,0x61,0x5f,
    0x6c,0x69,0x6d,0x69,0x74,0x04,0xb0,0x2e,0x73,0x70,0x69,0x6c,0x6c,0x5f,0x74,0x68,0x72,0x65,0x73,0x68,
    0x6f,0x6c,0x64,0xcd,0xff,0xff,0xb0,0x2e,0x73,0x68,0x69,0x73,0x61,0x5f,0x69,0x6e,0x74,0x65,0x72,0x66,
    0x61,0x63,0x65,0xa4,0x62,0x61,0x73,0x65,0x4c,0x69,0x6e,0x6b,0x65,0x72,0x3a,0x20,0x4c,0x4c,0x44,0x20,
    0x32,0x31,0x2e,0x30,0x2e,0x30,0x00,0x00,0x00,0x00,0x00,0x00,0x00,0x00,0x00,0x00,0x00,0x00,0x00,0x00,
    0x00,0x00,0x00,0x00,0x00,0x00,0x00,0x00,0x00,0x00,0x00,0x00,0x01,0x00,0x00,0x00,0x02,0x00,0x05,0x00,
    0x00,0x13,0x00,0x00,0x00,0x00,0x00,0x00,0x00,0x83,0x00,0x00,0x00,0x00,0x00,0x00,0x11,0x00,0x00,0x00,
    0x00,0x02,0x06,0x00,0x00,0xa6,0x00,0x00,0x00,0x00,0x00,0x00,0x00,0x00,0x00,0x00,0x00,0x00,0x00,0x00,
    0x00,0x2e,0x64,0x79,0x6e,0x73,0x79,0x6d,0x00,0x2e,0x67,0x6e,0x75,0x2e,0x68,0x61,0x73,0x68,0x00,0x2e,
    0x68,0x61,0x73,0x68,0x00,0x2e,0x64,0x79,0x6e,0x73,0x74,0x72,0x00,0x2e,0x74,0x65,0x78,0x74,0x00,0x2e,
    0x64,0x79,0x6e,0x61,0x6d,0x69,0x63,0x00,0x2e,0x72,0x65,0x6c,0x72,0x6f,0x5f,0x70,0x61,0x64,0x64,0x69,
    0x6e,0x67,0x00,0x2e,0x6e,0x6f,0x74,0x65,0x00,0x2e,0x63,0x6f,0x6d,0x6d,0x65,0x6e,0x74,0x00,0x2e,0x73,
    0x79,0x6d,0x74,0x61,0x62,0x00,0x2e,0x73,0x68,0x73,0x74,0x72,0x74,0x61,0x62,0x00,0x2e,0x73,0x74,0x72,
    0x74,0x61,0x62,0x00,0x00,0x5f,0x61,0x6d,0x64,0x67,0x70,0x75,0x5f,0x63,0x73,0x5f,0x6d,0x61,0x69,0x6e,
    0x00,0x5f,0x44,0x59,0x4e,0x41,0x4d,0x49,0x43,0x00,0x00,0x00,0x00,0x00,0x00,0x00,0x00,0x00,0x00,0x00,
    0x00,0x00,0x00,0x00,0x00,0x00,0x00,0x00,0x00,0x00,0x00,0x00,0x00,0x00,0x00,0x00,0x00,0x00,0x00,0x00,
    0x00,0x00,0x00,0x00,0x00,0x00,0x00,0x00,0x00,0x00,0x00,0x00,0x00,0x00,0x00,0x00,0x00,0x00,0x00,0x00,
    0x00,0x00,0x00,0x00,0x00,0x00,0x00,0x00,0x00,0x00,0x00,0x00,0x00,0x00,0x00,0x00,0x00,0x00,0x00,0x00,
    0x01,0x00,0x00,0x00,0x0b,0x00,0x00,0x00,0x02,0x00,0x00,0x00,0x00,0x00,0x00,0x00,0xc8,0x01,0x00,0x00,
    0x00,0x00,0x00,0x00,0xc8,0x01,0x00,0x00,0x00,0x00,0x00,0x00,0x18,0x00,0x00,0x00,0x00,0x00,0x00,0x00,
    0x04,0x00,0x00,0x00,0x01,0x00,0x00,0x00,0x08,0x00,0x00,0x00,0x00,0x00,0x00,0x00,0x18,0x00,0x00,0x00,
    0x00,0x00,0x00,0x00,0x09,0x00,0x00,0x00,0xf6,0xff,0xff,0x6f,0x02,0x00,0x00,0x00,0x00,0x00,0x00,0x00,
    0xe0,0x01,0x00,0x00,0x00,0x00,0x00,0x00,0xe0,0x01,0x00,0x00,0x00,0x00,0x00,0x00,0x1c,0x00,0x00,0x00,
    0x00,0x00,0x00,0x00,0x01,0x00,0x00,0x00,0x00,0x00,0x00,0x00,0x08,0x00,0x00,0x00,0x00,0x00,0x00,0x00,
    0x00,0x00,0x00,0x00,0x00,0x00,0x00,0x00,0x13,0x00,0x00,0x00,0x05,0x00,0x00,0x00,0x02,0x00,0x00,0x00,
    0x00,0x00,0x00,0x00,0xfc,0x01,0x00,0x00,0x00,0x00,0x00,0x00,0xfc,0x01,0x00,0x00,0x00,0x00,0x00,0x00,
    0x10,0x00,0x00,0x00,0x00,0x00,0x00,0x00,0x01,0x00,0x00,0x00,0x00,0x00,0x00,0x00,0x04,0x00,0x00,0x00,
    0x00,0x00,0x00,0x00,0x04,0x00,0x00,0x00,0x00,0x00,0x00,0x00,0x19,0x00,0x00,0x00,0x03,0x00,0x00,0x00,
    0x02,0x00,0x00,0x00,0x00,0x00,0x00,0x00,0x0c,0x02,0x00,0x00,0x00,0x00,0x00,0x00,0x0c,0x02,0x00,0x00,
    0x00,0x00,0x00,0x00,0x01,0x00,0x00,0x00,0x00,0x00,0x00,0x00,0x00,0x00,0x00,0x00,0x00,0x00,0x00,0x00,
    0x01,0x00,0x00,0x00,0x00,0x00,0x00,0x00,0x00,0x00,0x00,0x00,0x00,0x00,0x00,0x00,0x21,0x00,0x00,0x00,
    0x01,0x00,0x00,0x00,0x06,0x00,0x00,0x00,0x00,0x00,0x00,0x00,0x00,0x13,0x00,0x00,0x00,0x00,0x00,0x00,
    0x00,0x03,0x00,0x00,0x00,0x00,0x00,0x00,0x00,0x83,0x00,0x00,0x00,0x00,0x00,0x00,0x00,0x00,0x00,0x00,
    0x00,0x00,0x00,0x00,0x00,0x01,0x00,0x00,0x00,0x00,0x00,0x00,0x00,0x00,0x00,0x00,0x00,0x00,0x00,0x00,
    0x27,0x00,0x00,0x00,0x06,0x00,0x00,0x00,0x03,0x00,0x00,0x00,0x00,0x00,0x00,0x00,0x00,0xa6,0x00,0x00,
    0x00,0x00,0x00,0x00,0x00,0x86,0x00,0x00,0x00,0x00,0x00,0x00,0x80,0x00,0x00,0x00,0x00,0x00,0x00,0x00,
    0x04,0x00,0x00,0x00,0x00,0x00,0x00,0x00,0x08,0x00,0x00,0x00,0x00,0x00,0x00,0x00,0x10,0x00,0x00,0x00,
    0x00,0x00,0x00,0x00,0x30,0x00,0x00,0x00,0x08,0x00,0x00,0x00,0x03,0x00,0x00,0x00,0x00,0x00,0x00,0x00,
    0x80,0xa6,0x00,0x00,0x00,0x00,0x00,0x00,0x80,0x86,0x00,0x00,0x00,0x00,0x00,0x00,0x80,0x09,0x00,0x00,
    0x00,0x00,0x00,0x00,0x00,0x00,0x00,0x00,0x00,0x00,0x00,0x00,0x01,0x00,0x00,0x00,0x00,0x00,0x00,0x00,
    0x00,0x00,0x00,0x00,0x00,0x00,0x00,0x00,0x3f,0x00,0x00,0x00,0x07,0x00,0x00,0x00,0x00,0x00,0x00,0x00,
    0x00,0x00,0x00,0x00,0x00,0x00,0x00,0x00,0x00,0x00,0x00,0x00,0x80,0x86,0x00,0x00,0x00,0x00,0x00,0x00,
    0x94,0x03,0x00,0x00,0x00,0x00,0x00,0x00,0x00,0x00,0x00,0x00,0x00,0x00,0x00,0x00,0x01,0x00,0x00,0x00,
    0x00,0x00,0x00,0x00,0x00,0x00,0x00,0x00,0x00,0x00,0x00,0x00,0x45,0x00,0x00,0x00,0x01,0x00,0x00,0x00,
    0x30,0x00,0x00,0x00,0x00,0x00,0x00,0x00,0x00,0x00,0x00,0x00,0x00,0x00,0x00,0x00,0x14,0x8a,0x00,0x00,
    0x00,0x00,0x00,0x00,0x13,0x00,0x00,0x00,0x00,0x00,0x00,0x00,0x00,0x00,0x00,0x00,0x00,0x00,0x00,0x00,
    0x01,0x00,0x00,0x00,0x00,0x00,0x00,0x00,0x01,0x00,0x00,0x00,0x00,0x00,0x00,0x00,0x4e,0x00,0x00,0x00,
    0x02,0x00,0x00,0x00,0x00,0x00,0x00,0x00,0x00,0x00,0x00,0x00,0x00,0x00,0x00,0x00,0x00,0x00,0x00,0x00,
    0x28,0x8a,0x00,0x00,0x00,0x00,0x00,0x00,0x48,0x00,0x00,0x00,0x00,0x00,0x00,0x00,0x0c,0x00,0x00,0x00,
    0x03,0x00,0x00,0x00,0x08,0x00,0x00,0x00,0x00,0x00,0x00,0x00,0x18,0x00,0x00,0x00,0x00,0x00,0x00,0x00,
    0x56,0x00,0x00,0x00,0x03,0x00,0x00,0x00,0x00,0x00,0x00,0x00,0x00,0x00,0x00,0x00,0x00,0x00,0x00,0x00,
    0x00,0x00,0x00,0x00,0x70,0x8a,0x00,0x00,0x00,0x00,0x00,0x00,0x68,0x00,0x00,0x00,0x00,0x00,0x00,0x00,
    0x00,0x00,0x00,0x00,0x00,0x00,0x00,0x00,0x01,0x00,0x00,0x00,0x00,0x00,0x00,0x00,0x00,0x00,0x00,0x00,
    0x00,0x00,0x00,0x00,0x60,0x00,0x00,0x00,0x03,0x00,0x00,0x00,0x00,0x00,0x00,0x00,0x00,0x00,0x00,0x00,
    0x00,0x00,0x00,0x00,0x00,0x00,0x00,0x00,0xd8,0x8a,0x00,0x00,0x00,0x00,0x00,0x00,0x1a,0x00,0x00,0x00,
    0x00,0x00,0x00,0x00,0x00,0x00,0x00,0x00,0x00,0x00,0x00,0x00,0x01,0x00,0x00,0x00,0x00,0x00,0x00,0x00,
    0x00,0x00,0x00,0x00,0x00,0x00,0x00,0x00,
    },
    .m_kernelName = {},
    .m_compilerVersion = {},
    .m_codeObjectVersion = 0,
    .m_isRelocatable = false,
    .m_shaderType = ShaderTypesFlags::UNKNOWN
};

// 4_1_0/GFX12_sync_init.elf
// Assembled for Gfx12. Sync buffer clear shader for the FURY Winograd convolution shaders.
const StaticShaderType<5176> GFX12_Sync_Init_Elf_NonReloc =
{
    .m_binary = {
    0x7f,0x45,0x4c,0x46,0x02,0x01,0x01,0x41,0x00,0x00,0x00,0x00,0x00,0x00,0x00,0x00,0x03,0x00,0xe0,0x00,
    0x01,0x00,0x00,0x00,0x00,0x00,0x00,0x00,0x00,0x00,0x00,0x00,0x40,0x00,0x00,0x00,0x00,0x00,0x00,0x00,
    0xf8,0x10,0x00,0x00,0x00,0x00,0x00,0x00,0x48,0x00,0x00,0x00,0x40,0x00,0x38,0x00,0x07,0x00,0x40,0x00,
    0x0d,0x00,0x0b,0x00,0x06,0x00,0x00,0x00,0x04,0x00,0x00,0x00,0x40,0x00,0x00,0x00,0x00,0x00,0x00,0x00,
    0x40,0x00,0x00,0x00,0x00,0x00,0x00,0x00,0x40,0x00,0x00,0x00,0x00,0x00,0x00,0x00,0x88,0x01,0x00,0x00,
    0x00,0x00,0x00,0x00,0x88,0x01,0x00,0x00,0x00,0x00,0x00,0x00,0x08,0x00,0x00,0x00,0x00,0x00,0x00,0x00,
    0x01,0x00,0x00,0x00,0x04,0x00,0x00,0x00,0x00,0x00,0x00,0x00,0x00,0x00,0x00,0x00,0x00,0x00,0x00,0x00,
    0x00,0x00,0x00,0x00,0x00,0x00,0x00,0x00,0x00,0x00,0x00,0x00,0x0d,0x02,0x00,0x00,0x00,0x00,0x00,0x00,
    0x0d,0x02,0x00,0x00,0x00,0x00,0x00,0x00,0x00,0x10,0x00,0x00,0x00,0x00,0x00,0x00,0x01,0x00,0x00,0x00,
    0x05,0x00,0x00,0x00,0x00,0x03,0x00,0x00,0x00,0x00,0x00,0x00,0x00,0x13,0x00,0x00,0x00,0x00,0x00,0x00,
    0x00,0x13,0x00,0x00,0x00,0x00,0x00,0x00,0x00,0x09,0x00,0x00,0x00,0x00,0x00,0x00,0x00,0x09,0x00,0x00,
    0x00,0x00,0x00,0x00,0x00,0x10,0x00,0x00,0x00,0x00,0x00,0x00,0x01,0x00,0x00,0x00,0x06,0x00,0x00,0x00,
    0x00,0x0c,0x00,0x00,0x00,0x00,0x00,0x00,0x00,0x2c,0x00,0x00,0x00,0x00,0x00,0x00,0x00,0x2c,0x00,0x00,
    0x00,0x00,0x00,0x00,0x80,0x00,0x00,0x00,0x00,0x00,0x00,0x00,0x00,0x04,0x00,0x00,0x00,0x00,0x00,0x00,
    0x00,0x10,0x00,0x00,0x00,0x00,0x00,0x00,0x02,0x00,0x00,0x00,0x06,0x00,0x00,0x00,0x00,0x0c,0x00,0x00,
    0x00,0x00,0x00,0x00,0x00,0x2c,0x00,0x00,0x00,0x00,0x00,0x00,0x00,0x2c,0x00,0x00,0x00,0x00,0x00,0x00,
    0x80,0x00,0x00,0x00,0x00,0x00,0x00,0x00,0x80,0x00,0x00,0x00,0x00,0x00,0x00,0x00,0x08,0x00,0x00,0x00,
    0x00,0x00,0x00,0x00,0x52,0xe5,0x74,0x64,0x04,0x00,0x00,0x00,0x00,0x0c,0x00,0x00,0x00,0x00,0x00,0x00,
    0x00,0x2c,0x00,0x00,0x00,0x00,0x00,0x00,0x00,0x2c,0x00,0x00,0x00,0x00,0x00,0x00,0x80,0x00,0x00,0x00,
    0x00,0x00,0x00,0x00,0x00,0x04,0x00,0x00,0x00,0x00,0x00,0x00,0x01,0x00,0x00,0x00,0x00,0x00,0x00,0x00,
    0x51,0xe5,0x74,0x64,0x06,0x00,0x00,0x00,0x00,0x00,0x00,0x00,0x00,0x00,0x00,0x00,0x00,0x00,0x00,0x00,
    0x00,0x00,0x00,0x00,0x00,0x00,0x00,0x00,0x00,0x00,0x00,0x00,0x00,0x00,0x00,0x00,0x00,0x00,0x00,0x00,
    0x00,0x00,0x00,0x00,0x00,0x00,0x00,0x00,0x00,0x00,0x00,0x00,0x00,0x00,0x00,0x00,0x00,0x00,0x00,0x00,
    0x00,0x00,0x00,0x00,0x00,0x00,0x00,0x00,0x00,0x00,0x00,0x00,0x00,0x00,0x00,0x00,0x00,0x00,0x00,0x00,
    0x01,0x00,0x00,0x00,0x01,0x00,0x00,0x00,0x01,0x00,0x00,0x00,0x1a,0x00,0x00,0x00,0x00,0x00,0x00,0x00,
    0x00,0x00,0x00,0x00,0x00,0x00,0x00,0x00,0x01,0x00,0x00,0x00,0x01,0x00,0x00,0x00,0x00,0x00,0x00,0x00,
    0x00,0x00,0x00,0x00,0x00,0x00,0x00,0x00,0x00,0x00,0x00,0x00,0x00,0x00,0x00,0x00,0x00,0x00,0x00,0x00,
    0x00,0x00,0x00,0x00,0x00,0x00,0x00,0x00,0x00,0x00,0x00,0x00,0x00,0x00,0x00,0x00,0x00,0x00,0x00,0x00,
    0x00,0x00,0x00,0x00,0x00,0x00,0x00,0x00,0x00,0x00,0x00,0x00,0x00,0x00,0x00,0x00,0x00,0x00,0x00,0x00,
    0x00,0x00,0x00,0x00,0x00,0x00,0x00,0x00,0x00,0x00,0x00,0x00,0x00,0x00,0x00,0x00,0x00,0x00,0x00,0x00,
    0x00,0x00,0x00,0x00,0x00,0x00,0x00,0x00,0x00,0x00,0x00,0x00,0x00,0x00,0x00,0x00,0x00,0x00,0x00,0x00,
    0x00,0x00,0x00,0x00,0x00,0x00,0x00,0x00,0x00,0x00,0x00,0x00,0x00,0x00,0x00,0x00,0x00,0x00,0x00,0x00,
    0x00,0x00,0x00,0x00,0x00,0x00,0x00,0x00,0x00,0x00,0x00,0x00,0x00,0x00,0x00,0x00,0x00,0x00,0x00,0x00,
    0x00,0x00,0x00,0x00,0x00,0x00,0x00,0x00,0x00,0x00,0x00,0x00,0x00,0x00,0x00,0x00,0x00,0x00,0x00,0x00,
    0x00,0x00,0x00,0x00,0x00,0x00,0x00,0x00,0x00,0x00,0x00,0x00,0x00,0x00,0x00,0x00,0x00,0x00,0x00,0x00,
    0x00,0x00,0x00,0x00,0x00,0x00,0x00,0x00,0x00,0x00,0x00,0x00,0x00,0x00,0x00,0x00,0x00,0x00,0x00,0x00,
    0x00,0x00,0x00,0x00,0x00,0x00,0x00,0x00,0x00,0x00,0x00,0x00,0x00,0x00,0x00,0x00,0x00,0x00,0x00,0x00,
    0x00,0x00,0x00,0x00,0x00,0x00,0x00,0x00,0x00,0x00,0x00,0x00,0x00,0x00,0x00,0x00,0x00,0x00,0x00,0x00,
    0x00,0x00,0x00,0x00,0x00,0x00,0x00,0x00,0x09,0x20,0x80,0xb0,0x75,0x00,0x81,0xbe,0x01,0x41,0x00,0xf4,
    0x00,0x00,0x00,0xf8,0x01,0x02,0x00,0xf4,0x10,0x00,0x00,0xf8,0x80,0x02,0x02,0x7e,0x82,0x00,0x04,0x30,
    0xff,0x00,0x89,0xbe,0x00,0x04,0x00,0x00,0x00,0x00,0x89,0xbf,0x04,0x86,0x0f,0xbf,0x03,0x00,0xa1,0xbf,
    0x83,0x21,0x00,0xf4,0x00,0x00,0x00,0xf8,0x00,0x00,0x89,0xbf,0xc4,0x08,0x08,0x8b,0x07,0xff,0x07,0x8b,
    0xff,0xff,0x00,0x00,0x7e,0x00,0xc9,0xd4,0x02,0x11,0x00,0x00,0x06,0x80,0x06,0xee,0x00,0x00,0x80,0x00,
    0x02,0x00,0x00,0x00,0x02,0x00,0x26,0xd7,0x09,0x04,0x02,0x00,0x7e,0x00,0xc9,0xd4,0x02,0x11,0x00,0x00,
    0x06,0x80,0x06,0xee,0x00,0x00,0x80,0x00,0x02,0x00,0x00,0x00,0x02,0x00,0x26,0xd7,0x09,0x04,0x02,0x00,
    0x7e,0x00,0xc9,0xd4,0x02,0x11,0x00,0x00,0x06,0x80,0x06,0xee,0x00,0x00,0x80,0x00,0x02,0x00,0x00,0x00,
    0x02,0x00,0x26,0xd7,0x09,0x04,0x02,0x00,0x7e,0x00,0xc9,0xd4,0x02,0x11,0x00,0x00,0x06,0x80,0x06,0xee,
    0x00,0x00,0x80,0x00,0x02,0x00,0x00,0x00,0x02,0x00,0x26,0xd7,0x09,0x04,0x02,0x00,0x01,0x00,0xa5,0xbf,
    0xe2,0xff,0xa0,0xbf,0x00,0x00,0x89,0xbf,0x00,0x00,0xb0,0xbf,0x00,0x00,0x9f,0xbf,0x00,0x00,0x9f,0xbf,
    0x00,0x00,0x9f,0xbf,0x00,0x00,0x9f,0xbf,0x00,0x00,0x9f,0xbf,0x00,0x00,0x9f,0xbf,0x00,0x00,0x9f,0xbf,
    0x00,0x00,0x9f,0xbf,0x00,0x00,0x9f,0xbf,0x00,0x00,0x9f,0xbf,0x00,0x00,0x9f,0xbf,0x00,0x00,0x9f,0xbf,
    0x00,0x00,0x9f,0xbf,0x00,0x00,0x9f,0xbf,0x00,0x00,0x9f,0xbf,0x00,0x00,0x9f,0xbf,0x00,0x00,0x9f,0xbf,
    0x00,0x00,0x9f,0xbf,0x00,0x00,0x9f,0xbf,0x00,0x00,0x9f,0xbf,0x00,0x00,0x9f,0xbf,0x00,0x00,0x9f,0xbf,
    0x00,0x00,0x9f,0xbf,0x00,0x00,0x9f,0xbf,0x00,0x00,0x9f,0xbf,0x00,0x00,0x9f,0xbf,0x00,0x00,0x9f,0xbf,
    0x00,0x00,0x9f,0xbf,0x00,0x00,0x9f,0xbf,0x00,0x00,0x9f,0xbf,0x00,0x00,0x9f,0xbf,0x00,0x00,0x9f,0xbf,
    0x00,0x00,0x9f,0xbf,0x00,0x00,0x9f,0xbf,0x00,0x00,0x9f,0xbf,0x00,0x00,0x9f,0xbf,0x00,0x00,0x9f,0xbf,
    0x00,0x00,0x9f,0xbf,0x00,0x00,0x9f,0xbf,0x00,0x00,0x9f,0xbf,0x00,0x00,0x9f,0xbf,0x00,0x00,0x9f,0xbf,
    0x00,0x00,0x9f,0xbf,0x00,0x00,0x9f,0xbf,0x00,0x00,0x9f,0xbf,0x00,0x00,0x9f,0xbf,0x00,0x00,0x9f,0xbf,
    0x00,0x00,0x9f,0xbf,0x00,0x00,0x9f,0xbf,0x00,0x00,0x9f,0xbf,0x00,0x00,0x9f,0xbf,0x00,0x00,0x9f,0xbf,
    0x00,0x00,0x9f,0xbf,0x00,0x00,0x9f,0xbf,0x00,0x00,0x9f,0xbf,0x00,0x00,0x9f,0xbf,0x00,0x00,0x9f,0xbf,
    0x00,0x00,0x9f,0xbf,0x00,0x00,0x9f,0xbf,0x00,0x00,0x9f,0xbf,0x00,0x00,0x9f,0xbf,0x00,0x00,0x9f,0xbf,
    0x00,0x00,0x9f,0xbf,0x00,0x00,0x9f,0xbf,0x00,0x00,0x9f,0xbf,0x00,0x00,0x9f,0xbf,0x00,0x00,0x9f,0xbf,
    0x00,0x00,0x9f,0xbf,0x00,0x00,0x9f,0xbf,0x00,0x00,0x9f,0xbf,0x00,0x00,0x9f,0xbf,0x00,0x00,0x9f,0xbf,
    0x00,0x00,0x9f,0xbf,0x00,0x00,0x9f,0xbf,0x00,0x00,0x9f,0xbf,0x00,0x00,0x9f,0xbf,0x00,0x00,0x9f,0xbf,
    0x00,0x00,0x9f,0xbf,0x00,0x00,0x9f,0xbf,0x00,0x00,0x9f,0xbf,0x00,0x00,0x9f,0xbf,0x00,0x00,0x9f,0xbf,
    0x00,0x00,0x9f,0xbf,0x00,0x00,0x9f,0xbf,0x00,0x00,0x9f,0xbf,0x00,0x00,0x9f,0xbf,0x00,0x00,0x9f,0xbf,
    0x00,0x00,0x9f,0xbf,0x00,0x00,0x9f,0xbf,0x00,0x00,0x9f,0xbf,0x00,0x00,0x9f,0xbf,0x00,0x00,0x9f,0xbf,
    0x00,0x00,0x9f,0xbf,0x00,0x00,0x9f,0xbf,0x00,0x00,0x9f,0xbf,0x00,0x00,0x9f,0xbf,0x00,0x00,0x9f,0xbf,
    0x00,0x00,0x9f,0xbf,0x00,0x00,0x9f,0xbf,0x00,0x00,0x9f,0xbf,0x00,0x00,0x9f,0xbf,0x00,0x00,0x9f,0xbf,
    0x00,0x00,0x9f,0xbf,0x00,0x00,0x9f,0xbf,0x00,0x00,0x9f,0xbf,0x00,0x00,0x9f,0xbf,0x00,0x00,0x9f,0xbf,
    0x00,0x00,0x9f,0xbf,0x00,0x00,0x9f,0xbf,0x00,0x00,0x9f,0xbf,0x00,0x00,0x9f,0xbf,0x00,0x00,0x9f,0xbf,
    0x00,0x00,0x9f,0xbf,0x00,0x00,0x9f,0xbf,0x00,0x00,0x9f,0xbf,0x00,0x00,0x9f,0xbf,0x00,0x00,0x9f,0xbf,
    0x00,0x00,0x9f,0xbf,0x00,0x00,0x9f,0xbf,0x00,0x00,0x9f,0xbf,0x00,0x00,0x9f,0xbf,0x00,0x00,0x9f,0xbf,
    0x00,0x00,0x9f,0xbf,0x00,0x00,0x9f,0xbf,0x00,0x00,0x9f,0xbf,0x00,0x00,0x9f,0xbf,0x00,0x00,0x9f,0xbf,
    0x00,0x00,0x9f,0xbf,0x00,0x00,0x9f,0xbf,0x00,0x00,0x9f,0xbf,0x00,0x00,0x9f,0xbf,0x00,0x00,0x9f,0xbf,
    0x00,0x00,0x9f,0xbf,0x00,0x00,0x9f,0xbf,0x00,0x00,0x9f,0xbf,0x00,0x00,0x9f,0xbf,0x00,0x00,0x9f,0xbf,
    0x00,0x00,0x9f,0xbf,0x00,0x00,0x9f,0xbf,0x00,0x00,0x9f,0xbf,0x00,0x00,0x9f,0xbf,0x00,0x00,0x9f,0xbf,
    0x00,0x00,0x9f,0xbf,0x00,0x00,0x9f,0xbf,0x00,0x00,0x9f,0xbf,0x00,0x00,0x9f,0xbf,0x00,0x00,0x9f,0xbf,
    0x00,0x00,0x9f,0xbf,0x00,0x00,0x9f,0xbf,0x00,0x00,0x9f,0xbf,0x00,0x00,0x9f,0xbf,0x00,0x00,0x9f,0xbf,
    0x00,0x00,0x9f,0xbf,0x00,0x00,0x9f,0xbf,0x00,0x00,0x9f,0xbf,0x00,0x00,0x9f,0xbf,0x00,0x00,0x9f,0xbf,
    0x00,0x00,0x9f,0xbf,0x00,0x00,0x9f,0xbf,0x00,0x00,0x9f,0xbf,0x00,0x00,0x9f,0xbf,0x00,0x00,0x9f,0xbf,
    0x00,0x00,0x9f,0xbf,0x00,0x00,0x9f,0xbf,0x00,0x00,0x9f,0xbf,0x00,0x00,0x9f,0xbf,0x00,0x00,0x9f,0xbf,
    0x00,0x00,0x9f,0xbf,0x00,0x00,0x9f,0xbf,0x00,0x00,0x9f,0xbf,0x00,0x00,0x9f,0xbf,0x00,0x00,0x9f,0xbf,
    0x00,0x00,0x9f,0xbf,0x00,0x00,0x9f,0xbf,0x00,0x00,0x9f,0xbf,0x00,0x00,0x9f,0xbf,0x00,0x00,0x9f,0xbf,
    0x00,0x00,0x9f,0xbf,0x00,0x00,0x9f,0xbf,0x00,0x00,0x9f,0xbf,0x00,0x00,0x9f,0xbf,0x00,0x00,0x9f,0xbf,
    0x00,0x00,0x9f,0xbf,0x00,0x00,0x9f,0xbf,0x00,0x00,0x9f,0xbf,0x00,0x00,0x9f,0xbf,0x00,0x00,0x9f,0xbf,
    0x00,0x00,0x9f,0xbf,0x00,0x00,0x9f,0xbf,0x00,0x00,0x9f,0xbf,0x00,0x00,0x9f,0xbf,0x00,0x00,0x9f,0xbf,
    0x00,0x00,0x9f,0xbf,0x00,0x00,0x9f,0xbf,0x00,0x00,0x9f,0xbf,0x00,0x00,0x9f,0xbf,0x00,0x00,0x9f,0xbf,
    0x00,0x00,0x9f,0xbf,0x00,0x00,0x9f,0xbf,0x00,0x00,0x9f,0xbf,0x00,0x00,0x9f,0xbf,0x00,0x00,0x9f,0xbf,
    0x00,0x00,0x9f,0xbf,0x00,0x00,0x9f,0xbf,0x00,0x00,0x9f,0xbf,0x00,0x00,0x9f,0xbf,0x00,0x00,0x9f,0xbf,
    0x00,0x00,0x9f,0xbf,0x00,0x00,0x9f,0xbf,0x00,0x00,0x9f,0xbf,0x00,0x00,0x9f,0xbf,0x00,0x00,0x9f,0xbf,
    0x00,0x00,0x9f,0xbf,0x00,0x00,0x9f,0xbf,0x00,0x00,0x9f,0xbf,0x00,0x00,0x9f,0xbf,0x00,0x00,0x9f,0xbf,
    0x00,0x00,0x9f,0xbf,0x00,0x00,0x9f,0xbf,0x00,0x00,0x9f,0xbf,0x00,0x00,0x9f,0xbf,0x00,0x00,0x9f,0xbf,
    0x00,0x00,0x9f,0xbf,0x00,0x00,0x9f,0xbf,0x00,0x00,0x9f,0xbf,0x00,0x00,0x9f,0xbf,0x00,0x00,0x9f,0xbf,
    0x00,0x00,0x9f,0xbf,0x00,0x00,0x9f,0xbf,0x00,0x00,0x9f,0xbf,0x00,0x00,0x9f,0xbf,0x00,0x00,0x9f,0xbf,
    0x00,0x00,0x9f,0xbf,0x00,0x00,0x9f,0xbf,0x00,0x00,0x9f,0xbf,0x00,0x00,0x9f,0xbf,0x00,0x00,0x9f,0xbf,
    0x00,0x00,0x9f,0xbf,0x00,0x00,0x9f,0xbf,0x00,0x00,0x9f,0xbf,0x00,0x00,0x9f,0xbf,0x00,0x00,0x9f,0xbf,
    0x00,0x00,0x9f,0xbf,0x00,0x00,0x9f,0xbf,0x00,0x00,0x9f,0xbf,0x00,0x00,0x9f,0xbf,0x00,0x00,0x9f,0xbf,
    0x00,0x00,0x9f,0xbf,0x00,0x00,0x9f,0xbf,0x00,0x00,0x9f,0xbf,0x00,0x00,0x9f,0xbf,0x00,0x00,0x9f,0xbf,
    0x00,0x00,0x9f,0xbf,0x00,0x00,0x9f,0xbf,0x00,0x00,0x9f,0xbf,0x00,0x00,0x9f,0xbf,0x00,0x00,0x9f,0xbf,
    0x00,0x00,0x9f,0xbf,0x00,0x00,0x9f,0xbf,0x00,0x00,0x9f,0xbf,0x00,0x00,0x9f,0xbf,0x00,0x00,0x9f,0xbf,
    0x00,0x00,0x9f,0xbf,0x00,0x00,0x9f,0xbf,0x00,0x00,0x9f,0xbf,0x00,0x00,0x9f,0xbf,0x00,0x00,0x9f,0xbf,
    0x00,0x00,0x9f,0xbf,0x00,0x00,0x9f,0xbf,0x00,0x00,0x9f,0xbf,0x00,0x00,0x9f,0xbf,0x00,0x00,0x9f,0xbf,
    0x00,0x00,0x9f,0xbf,0x00,0x00,0x9f,0xbf,0x00,0x00,0x9f,0xbf,0x00,0x00,0x9f,0xbf,0x00,0x00,0x9f,0xbf,
    0x00,0x00,0x9f,0xbf,0x00,0x00,0x9f,0xbf,0x00,0x00,0x9f,0xbf,0x00,0x00,0x9f,0xbf,0x00,0x00,0x9f,0xbf,
    0x00,0x00,0x9f,0xbf,0x00,0x00,0x9f,0xbf,0x00,0x00,0x9f,0xbf,0x00,0x00,0x9f,0xbf,0x00,0x00,0x9f,0xbf,
    0x00,0x00,0x9f,0xbf,0x00,0x00,0x9f,0xbf,0x00,0x00,0x9f,0xbf,0x00,0x00,0x9f,0xbf,0x00,0x00,0x9f,0xbf,
    0x00,0x00,0x9f,0xbf,0x00,0x00,0x9f,0xbf,0x00,0x00,0x9f,0xbf,0x00,0x00,0x9f,0xbf,0x00,0x00,0x9f,0xbf,
    0x00,0x00,0x9f,0xbf,0x00,0x00,0x9f,0xbf,0x00,0x00,0x9f,0xbf,0x00,0x00,0x9f,0xbf,0x00,0x00,0x9f,0xbf,
    0x00,0x00,0x9f,0xbf,0x00,0x00,0x9f,0xbf,0x00,0x00,0x9f,0xbf,0x00,0x00,0x9f,0xbf,0x00,0x00,0x9f,0xbf,
    0x00,0x00,0x9f,0xbf,0x00,0x00,0x9f,0xbf,0x00,0x00,0x9f,0xbf,0x00,0x00,0x9f,0xbf,0x00,0x00,0x9f,0xbf,
    0x00,0x00,0x9f,0xbf,0x00,0x00,0x9f,0xbf,0x00,0x00,0x9f,0xbf,0x00,0x00,0x9f,0xbf,0x00,0x00,0x9f,0xbf,
    0x00,0x00,0x9f,0xbf,0x00,0x00,0x9f,0xbf,0x00,0x00,0x9f,0xbf,0x00,0x00,0x9f,0xbf,0x00,0x00,0x9f,0xbf,
    0x00,0x00,0x9f,0xbf,0x00,0x00,0x9f,0xbf,0x00,0x00,0x9f,0xbf,0x00,0x00,0x9f,0xbf,0x00,0x00,0x9f,0xbf,
    0x00,0x00,0x9f,0xbf,0x00,0x00,0x9f,0xbf,0x00,0x00,0x9f,0xbf,0x00,0x00,0x9f,0xbf,0x00,0x00,0x9f,0xbf,
    0x00,0x00,0x9f,0xbf,0x00,0x00,0x9f,0xbf,0x00,0x00,0x9f,0xbf,0x00,0x00,0x9f,0xbf,0x00,0x00,0x9f,0xbf,
    0x00,0x00,0x9f,0xbf,0x00,0x00,0x9f,0xbf,0x00,0x00,0x9f,0xbf,0x00,0x00,0x9f,0xbf,0x00,0x00,0x9f,0xbf,
    0x00,0x00,0x9f,0xbf,0x00,0x00,0x9f,0xbf,0x00,0x00,0x9f,0xbf,0x00,0x00,0x9f,0xbf,0x00,0x00,0x9f,0xbf,
    0x00,0x00,0x9f,0xbf,0x00,0x00,0x9f,0xbf,0x00,0x00,0x9f,0xbf,0x00,0x00,0x9f,0xbf,0x00,0x00,0x9f,0xbf,
    0x00,0x00,0x9f,0xbf,0x00,0x00,0x9f,0xbf,0x00,0x00,0x9f,0xbf,0x00,0x00,0x9f,0xbf,0x00,0x00,0x9f,0xbf,
    0x00,0x00,0x9f,0xbf,0x00,0x00,0x9f,0xbf,0x00,0x00,0x9f,0xbf,0x00,0x00,0x9f,0xbf,0x00,0x00,0x9f,0xbf,
    0x00,0x00,0x9f,0xbf,0x00,0x00,0x9f,0xbf,0x00,0x00,0x9f,0xbf,0x00,0x00,0x9f,0xbf,0x00,0x00,0x9f,0xbf,
    0x00,0x00,0x9f,0xbf,0x00,0x00,0x9f,0xbf,0x00,0x00,0x9f,0xbf,0x00,0x00,0x9f,0xbf,0x00,0x00,0x9f,0xbf,
    0x00,0x00,0x9f,0xbf,0x00,0x00,0x9f,0xbf,0x00,0x00,0x9f,0xbf,0x00,0x00,0x9f,0xbf,0x00,0x00,0x9f,0xbf,
    0x00,0x00,0x9f,0xbf,0x00,0x00,0x9f,0xbf,0x00,0x00,0x9f,0xbf,0x00,0x00,0x9f,0xbf,0x00,0x00,0x9f,0xbf,
    0x00,0x00,0x9f,0xbf,0x00,0x00,0x9f,0xbf,0x00,0x00,0x9f,0xbf,0x00,0x00,0x9f,0xbf,0x00,0x00,0x9f,0xbf,
    0x00,0x00,0x9f,0xbf,0x00,0x00,0x9f,0xbf,0x00,0x00,0x9f,0xbf,0x00,0x00,0x9f,0xbf,0x00,0x00,0x9f,0xbf,
    0x00,0x00,0x9f,0xbf,0x00,0x00,0x9f,0xbf,0x00,0x00,0x9f,0xbf,0x00,0x00,0x9f,0xbf,0x00,0x00,0x9f,0xbf,
    0x00,0x00,0x9f,0xbf,0x00,0x00,0x9f,0xbf,0x00,0x00,0x9f,0xbf,0x00,0x00,0x9f,0xbf,0x00,0x00,0x9f,0xbf,
    0x00,0x00,0x9f,0xbf,0x00,0x00,0x9f,0xbf,0x00,0x00,0x9f,0xbf,0x00,0x00,0x9f,0xbf,0x00,0x00,0x9f,0xbf,
    0x00,0x00,0x9f,0xbf,0x00,0x00,0x9f,0xbf,0x00,0x00,0x9f,0xbf,0x00,0x00,0x9f,0xbf,0x00,0x00,0x9f,0xbf,
    0x00,0x00,0x9f,0xbf,0x00,0x00,0x9f,0xbf,0x00,0x00,0x9f,0xbf,0x00,0x00,0x9f,0xbf,0x00,0x00,0x9f,0xbf,
    0x00,0x00,0x9f,0xbf,0x00,0x00,0x9f,0xbf,0x00,0x00,0x9f,0xbf,0x00,0x00,0x9f,0xbf,0x00,0x00,0x9f,0xbf,
    0x00,0x00,0x9f,0xbf,0x00,0x00,0x9f,0xbf,0x00,0x00,0x9f,0xbf,0x00,0x00,0x9f,0xbf,0x00,0x00,0x9f,0xbf,
    0x00,0x00,0x9f,0xbf,0x00,0x00,0x9f,0xbf,0x00,0x00,0x9f,0xbf,0x00,0x00,0x9f,0xbf,0x00,0x00,0x9f,0xbf,
    0x00,0x00,0x9f,0xbf,0x00,0x00,0x9f,0xbf,0x00,0x00,0x9f,0xbf,0x00,0x00,0x9f,0xbf,0x00,0x00,0x9f,0xbf,
    0x00,0x00,0x9f,0xbf,0x00,0x00,0x9f,0xbf,0x00,0x00,0x9f,0xbf,0x00,0x00,0x9f,0xbf,0x00,0x00,0x9f,0xbf,
    0x00,0x00,0x9f,0xbf,0x00,0x00,0x9f,0xbf,0x00,0x00,0x9f,0xbf,0x00,0x00,0x9f,0xbf,0x00,0x00,0x9f,0xbf,
    0x00,0x00,0x9f,0xbf,0x00,0x00,0x9f,0xbf,0x00,0x00,0x9f,0xbf,0x00,0x00,0x9f,0xbf,0x00,0x00,0x9f,0xbf,
    0x00,0x00,0x9f,0xbf,0x00,0x00,0x9f,0xbf,0x00,0x00,0x9f,0xbf,0x00,0x00,0x9f,0xbf,0x00,0x00,0x9f,0xbf,
    0x00,0x00,0x9f,0xbf,0x00,0x00,0x9f,0xbf,0x00,0x00,0x9f,0xbf,0x00,0x00,0x9f,0xbf,0x00,0x00,0x9f,0xbf,
    0x00,0x00,0x9f,0xbf,0x00,0x00,0x9f,0xbf,0x00,0x00,0x9f,0xbf,0x00,0x00,0x9f,0xbf,0x00,0x00,0x9f,0xbf,
    0x00,0x00,0x9f,0xbf,0x00,0x00,0x9f,0xbf,0x00,0x00,0x9f,0xbf,0x00,0x00,0x9f,0xbf,0x00,0x00,0x9f,0xbf,
    0x00,0x00,0x9f,0xbf,0x00,0x00,0x9f,0xbf,0x00,0x00,0x9f,0xbf,0x00,0x00,0x9f,0xbf,0x00,0x00,0x9f,0xbf,
    0x00,0x00,0x9f,0xbf,0x00,0x00,0x9f,0xbf,0x00,0x00,0x9f,0xbf,0x00,0x00,0x9f,0xbf,0x00,0x00,0x9f,0xbf,
    0x00,0x00,0x9f,0xbf,0x00,0x00,0x9f,0xbf,0x00,0x00,0x9f,0xbf,0x00,0x00,0x9f,0xbf,0x00,0x00,0x9f,0xbf,
    0x00,0x00,0x9f,0xbf,0x00,0x00,0x9f,0xbf,0x00,0x00,0x9f,0xbf,0x00,0x00,0x9f,0xbf,0x00,0x00,0x9f,0xbf,
    0x00,0x00,0x9f,0xbf,0x00,0x00,0x9f,0xbf,0x00,0x00,0x9f,0xbf,0x00,0x00,0x9f,0xbf,0x00,0x00,0x9f,0xbf,
    0x00,0x00,0x9f,0xbf,0x00,0x00,0x9f,0xbf,0x00,0x00,0x9f,0xbf,0x00,0x00,0x9f,0xbf,0x00,0x00,0x9f,0xbf,
    0x00,0x00,0x9f,0xbf,0x00,0x00,0x9f,0xbf,0x00,0x00,0x9f,0xbf,0x00,0x00,0x9f,0xbf,0x00,0x00,0x9f,0xbf,
    0x00,0x00,0x9f,0xbf,0x00,0x00,0x9f,0xbf,0x00,0x00,0x9f,0xbf,0x00,0x00,0x9f,0xbf,0x00,0x00,0x9f,0xbf,
    0x00,0x00,0x9f,0xbf,0x00,0x00,0x9f,0xbf,0x00,0x00,0x9f,0xbf,0x00,0x00,0x9f,0xbf,0x00,0x00,0x9f,0xbf,
    0x00,0x00,0x9f,0xbf,0x00,0x00,0x9f,0xbf,0x00,0x00,0x9f,0xbf,0x00,0x00,0x9f,0xbf,0x00,0x00,0x9f,0xbf,
    0x00,0x00,0x9f,0xbf,0x00,0x00,0x9f,0xbf,0x00,0x00,0x9f,0xbf,0x1e,0x00,0x00,0x00,0x00,0x00,0x00,0x00,
    0x02,0x00,0x00,0x00,0x00,0x00,0x00,0x00,0x06,0x00,0x00,0x00,0x00,0x00,0x00,0x00,0xc8,0x01,0x00,0x00,
    0x00,0x00,0x00,0x00,0x0b,0x00,0x00,0x00,0x00,0x00,0x00,0x00,0x18,0x00,0x00,0x00,0x00,0x00,0x00,0x00,
    0x05,0x00,0x00,0x00,0x00,0x00,0x00,0x00,0x0c,0x02,0x00,0x00,0x00,0x00,0x00,0x00,0x0a,0x00,0x00,0x00,
    0x00,0x00,0x00,0x00,0x01,0x00,0x00,0x00,0x00,0x00,0x00,0x00,0xf5,0xfe,0xff,0x6f,0x00,0x00,0x00,0x00,
    0xe0,0x01,0x00,0x00,0x00,0x00,0x00,0x00,0x04,0x00,0x00,0x00,0x00,0x00,0x00,0x00,0xfc,0x01,0x00,0x00,
    0x00,0x00,0x00,0x00,0x00,0x00,0x00,0x00,0x00,0x00,0x00,0x00,0x00,0x00,0x00,0x00,0x00,0x00,0x00,0x00,
    0x07,0x00,0x00,0x00,0x7c,0x03,0x00,0x00,0x20,0x00,0x00,0x00,0x41,0x4d,0x44,0x47,0x50,0x55,0x00,0x00,
    0x82,0xae,0x61,0x6d,0x64,0x70,0x61,0x6c,0x2e,0x76,0x65,0x72,0x73,0x69,0x6f,0x6e,0x92,0x03,0x02,0xb0,
    0x61,0x6d,0x64,0x70,0x61,0x6c,0x2e,0x70,0x69,0x70,0x65,0x6c,0x69,0x6e,0x65,0x73,0x91,0x8a,0xa5,0x2e,
    0x6e,0x61,0x6d,0x65,0xa4,0x6d,0x61,0x69,0x6e,0xa5,0x2e,0x74,0x79,0x70,0x65,0xa2,0x43,0x73,0xb7,0x2e,
    0x69,0x6e,0x74,0x65,0x72,0x6e,0x61,0x6c,0x5f,0x70,0x69,0x70,0x65,0x6c,0x69,0x6e,0x65,0x5f,0x68,0x61,
    0x73,0x68,0x92,0xcf,0xad,0x3f,0xe6,0x15,0x1b,0x17,0x7f,0x9f,0xcf,0xad,0x3f,0xe6,0x15,0x1b,0x17,0x7f,
    0x9f,0xa8,0x2e,0x73,0x68,0x61,0x64,0x65,0x72,0x73,0x81,0xa8,0x2e,0x63,0x6f,0x6d,0x70,0x75,0x74,0x65,
    0x82,0xb0,0x2e,0x61,0x70,0x69,0x5f,0x73,0x68,0x61,0x64,0x65,0x72,0x5f,0x68,0x61,0x73,0x68,0x92,0xcf,
    0x6b,0x5c,0xb6,0x41,0xca,0xec,0x43,0x4f,0xcf,0x70,0x4b,0xc9,0xde,0x67,0xd3,0xa5,0x5a,0xb1,0x2e,0x68,
    0x61,0x72,0x64,0x77,0x61,0x72,0x65,0x5f,0x6d,0x61,0x70,0x70,0x69,0x6e,0x67,0x91,0xa3,0x2e,0x63,0x73,
    0xb0,0x2e,0x68,0x61,0x72,0x64,0x77,0x61,0x72,0x65,0x5f,0x73,0x74,0x61,0x67,0x65,0x73,0x81,0xa3,0x2e,
    0x63,0x73,0xde,0x00,0x11,0xac,0x2e,0x65,0x6e,0x74,0x72,0x79,0x5f,0x70,0x6f,0x69,0x6e,0x74,0xaf,0x5f,
    0x61,0x6d,0x64,0x67,0x70,0x75,0x5f,0x63,0x73,0x5f,0x6d,0x61,0x69,0x6e,0xa9,0x2e,0x6c,0x64,0x73,0x5f,
    0x73,0x69,0x7a,0x65,0x00,0xab,0x2e,0x73,0x67,0x70,0x72,0x5f,0x63,0x6f,0x75,0x6e,0x74,0x10,0xab,0x2e,
    0x76,0x67,0x70,0x72,0x5f,0x63,0x6f,0x75,0x6e,0x74,0x04,0xb7,0x2e,0x74,0x68,0x72,0x65,0x61,0x64,0x67,
    0x72,0x6f,0x75,0x70,0x5f,0x64,0x69,0x6d,0x65,0x6e,0x73,0x69,0x6f,0x6e,0x73,0x93,0xcd,0x01,0x00,0x01,
    0x01,0xaf,0x2e,0x77,0x61,0x76,0x65,0x66,0x72,0x6f,0x6e,0x74,0x5f,0x73,0x69,0x7a,0x65,0x40,0xab,0x2e,
    0x66,0x6c,0x6f,0x61,0x74,0x5f,0x6d,0x6f,0x64,0x65,0x00,0xaa,0x2e,0x69,0x65,0x65,0x65,0x5f,0x6d,0x6f,
    0x64,0x65,0xc2,0xae,0x2e,0x66,0x70,0x31,0x36,0x5f,0x6f,0x76,0x65,0x72,0x66,0x6c,0x6f,0x77,0xc2,0xa9,
    0x2e,0x77,0x67,0x70,0x5f,0x6d,0x6f,0x64,0x65,0xc2,0xac,0x2e,0x6d,0x65,0x6d,0x5f,0x6f,0x72,0x64,0x65,
    0x72,0x65,0x64,0xc2,0xb1,0x2e,0x66,0x6f,0x72,0x77,0x61,0x72,0x64,0x5f,0x70,0x72,0x6f,0x67,0x72,0x65,
    0x73,0x73,0xc2,0xaf,0x2e,0x77,0x67,0x5f,0x72,0x6f,0x75,0x6e,0x64,0x5f,0x72,0x6f,0x62,0x69,0x6e,0xc2,
    0xab,0x2e,0x73,0x63,0x72,0x61,0x74,0x63,0x68,0x5f,0x65,0x6e,0xc2,0xad,0x2e,0x74,0x72,0x61,0x70,0x5f,
    0x70,0x72,0x65,0x73,0x65,0x6e,0x74,0xc2,0xab,0x2e,0x75,0x73,0x65,0x72,0x5f,0x73,0x67,0x70,0x72,0x73,
    0x04,0xb2,0x2e,0x75,0x73,0x65,0x72,0x5f,0x64,0x61,0x74,0x61,0x5f,0x72,0x65,0x67,0x5f,0x6d,0x61,0x70,
    0xdc,0x00,0x20,0xce,0xff,0xff,0xff,0xff,0xce,0xff,0xff,0xff,0xff,0x00,0x01,0xce,0xff,0xff,0xff,0xff,
    0xce,0xff,0xff,0xff,0xff,0xce,0xff,0xff,0xff,0xff,0xce,0xff,0xff,0xff,0xff,0xce,0xff,0xff,0xff,0xff,
    0xce,0xff,0xff,0xff,0xff,0xce,0xff,0xff,0xff,0xff,0xce,0xff,0xff,0xff,0xff,0xce,0xff,0xff,0xff,0xff,
    0xce,0xff,0xff,0xff,0xff,0xce,0xff,0xff,0xff,0xff,0xce,0xff,0xff,0xff,0xff,0xce,0xff,0xff,0xff,0xff,
    0xce,0xff,0xff,0xff,0xff,0xce,0xff,0xff,0xff,0xff,0xce,0xff,0xff,0xff,0xff,0xce,0xff,0xff,0xff,0xff,
    0xce,0xff,0xff,0xff,0xff,0xce,0xff,0xff,0xff,0xff,0xce,0xff,0xff,0xff,0xff,0xce,0xff,0xff,0xff,0xff,
    0xce,0xff,0xff,0xff,0xff,0xce,0xff,0xff,0xff,0xff,0xce,0xff,0xff,0xff,0xff,0xce,0xff,0xff,0xff,0xff,
    0xce,0xff,0xff,0xff,0xff,0xce,0xff,0xff,0xff,0xff,0xce,0xff,0xff,0xff,0xff,0xb2,0x2e,0x63,0x6f,0x6d,
    0x70,0x75,0x74,0x65,0x5f,0x72,0x65,0x67,0x69,0x73,0x74,0x65,0x72,0x73,0x85,0xaa,0x2e,0x74,0x67,0x69,
    0x64,0x5f,0x78,0x5f,0x65,0x6e,0xc3,0xaa,0x2e,0x74,0x67,0x69,0x64,0x5f,0x79,0x5f,0x65,0x6e,0xc2,0xaa,
    0x2e,0x74,0x67,0x69,0x64,0x5f,0x7a,0x5f,0x65,0x6e,0xc2,0xab,0x2e,0x74,0x67,0x5f,0x73,0x69,0x7a,0x65,
    0x5f,0x65,0x6e,0xc2,0xaf,0x2e,0x74,0x69,0x64,0x69,0x67,0x5f,0x63,0x6f,0x6d,0x70,0x5f,0x63,0x6e,0x74,
    0x01,0xaa,0x2e,0x72,0x65,0x67,0x69,0x73,0x74,0x65,0x72,0x73,0x8f,0xcd,0x2e,0x18,0x00,0xcd,0x2e,0x15,
    0x00,0xcd,0x2e,0x16,0xce,0xff,0xff,0xff,0xff,0xcd,0x2e,0x17,0xce,0xff,0xff,0xff,0xff,0xcd,0x2e,0x19,
    0xce,0xff,0xff,0xff,0xff,0xcd,0x2e,0x1a,0xce,0xff,0xff,0xff,0xff,0xcd,0x2e,0x12,0x40,0xcd,0x2e,0x13,
    0xcd,0x08,0x88,0xcd,0x2e,0x28,0x00,0xcd,0x2e,0x2a,0xce,0x75,0x39,0x18,0x29,0xcd,0x2e,0x07,0xce,0x01,
    0x00,0x01,0x00,0xcd,0x2e,0x08,0xce,0x00,0x01,0x00,0x01,0xcd,0x2e,0x09,0xce,0x00,0x01,0x00,0x01,0xcd,
    0x2e,0x42,0x00,0xcd,0x2e,0x43,0x01,0xb0,0x2e,0x75,0x73,0x65,0x72,0x5f,0x64,0x61,0x74,0x61,0x5f,0x6c,
    0x69,0x6d,0x69,0x74,0x04,0xb0,0x2e,0x73,0x70,0x69,0x6c,0x6c,0x5f,0x74,0x68,0x72,0x65,0x73,0x68,0x6f,
    0x6c,0x64,0xcd,0xff,0xff,0xb0,0x2e,0x73,0x68,0x69,0x73,0x61,0x5f,0x69,0x6e,0x74,0x65,0x72,0x66,0x61,
    0x63,0x65,0xa9,0x73,0x79,0x6e,0x63,0x5f,0x69,0x6e,0x69,0x74,0x4c,0x69,0x6e,0x6b,0x65,0x72,0x3a,0x20,
    0x4c,0x4c,0x44,0x20,0x32,0x31,0x2e,0x30,0x2e,0x30,0x00,0x00,0x00,0x00,0x00,0x00,0x00,0x00,0x00,0x00,
    0x00,0x00,0x00,0x00,0x00,0x00,0x00,0x00,0x00,0x00,0x00,0x00,0x00,0x00,0x00,0x00,0x00,0x00,0x00,0x00,
    0x01,0x00,0x00,0x00,0x02,0x00,0x05,0x00,0x00,0x13,0x00,0x00,0x00,0x00,0x00,0x00,0x00,0x09,0x00,0x00,
    0x00,0x00,0x00,0x00,0x11,0x00,0x00,0x00,0x00,0x02,0x06,0x00,0x00,0x2c,0x00,0x00,0x00,0x00,0x00,0x00,
    0x00,0x00,0x00,0x00,0x00,0x00,0x00,0x00,0x00,0x2e,0x64,0x79,0x6e,0x73,0x79,0x6d,0x00,0x2e,0x67,0x6e,
    0x75,0x2e,0x68,0x61,0x73,0x68,0x00,0x2e,0x68,0x61,0x73,0x68,0x00,0x2e,0x64,0x79,0x6e,0x73,0x74,0x72,
    0x00,0x2e,0x74,0x65,0x78,0x74,0x00,0x2e,0x64,0x79,0x6e,0x61,0x6d,0x69,0x63,0x00,0x2e,0x72,0x65,0x6c,
    0x72,0x6f,0x5f,0x70,0x61,0x64,0x64,0x69,0x6e,0x67,0x00,0x2e,0x6e,0x6f,0x74,0x65,0x00,0x2e,0x63,0x6f,
    0x6d,0x6d,0x65,0x6e,0x74,0x00,0x2e,0x73,0x79,0x6d,0x74,0x61,0x62,0x00,0x2e,0x73,0x68,0x73,0x74,0x72,
    0x74,0x61,0x62,0x00,0x2e,0x73,0x74,0x72,0x74,0x61,0x62,0x00,0x00,0x5f,0x61,0x6d,0x64,0x67,0x70,0x75,
    0x5f,0x63,0x73,0x5f,0x6d,0x61,0x69,0x6e,0x00,0x5f,0x44,0x59,0x4e,0x41,0x4d,0x49,0x43,0x00,0x00,0x00,
    0x00,0x00,0x00,0x00,0x00,0x00,0x00,0x00,0x00,0x00,0x00,0x00,0x00,0x00,0x00,0x00,0x00,0x00,0x00,0x00,
    0x00,0x00,0x00,0x00,0x00,0x00,0x00,0x00,0x00,0x00,0x00,0x00,0x00,0x00,0x00,0x00,0x00,0x00,0x00,0x00,
    0x00,0x00,0x00,0x00,0x00,0x00,0x00,0x00,0x00,0x00,0x00,0x00,0x00,0x00,0x00,0x00,0x00,0x00,0x00,0x00,
    0x00,0x00,0x00,0x00,0x00,0x00,0x00,0x00,0x01,0x00,0x00,0x00,0x0b,0x00,0x00,0x00,0x02,0x00,0x00,0x00,
    0x00,0x00,0x00,0x00,0xc8,0x01,0x00,0x00,0x00,0x00,0x00,0x00,0xc8,0x01,0x00,0x00,0x00,0x00,0x00,0x00,
    0x18,0x00,0x00,0x00,0x00,0x00,0x00,0x00,0x04,0x00,0x00,0x00,0x01,0x00,0x00,0x00,0x08,0x00,0x00,0x00,
    0x00,0x00,0x00,0x00,0x18,0x00,0x00,0x00,0x00,0x00,0x00,0x00,0x09,0x00,0x00,0x00,0xf6,0xff,0xff,0x6f,
    0x02,0x00,0x00,0x00,0x00,0x00,0x00,0x00,0xe0,0x01,0x00,0x00,0x00,0x00,0x00,0x00,0xe0,0x01,0x00,0x00,
    0x00,0x00,0x00,0x00,0x1c,0x00,0x00,0x00,0x00,0x00,0x00,0x00,0x01,0x00,0x00,0x00,0x00,0x00,0x00,0x00,
    0x08,0x00,0x00,0x00,0x00,0x00,0x00,0x00,0x00,0x00,0x00,0x00,0x00,0x00,0x00,0x00,0x13,0x00,0x00,0x00,
    0x05,0x00,0x00,0x00,0x02,0x00,0x00,0x00,0x00,0x00,0x00,0x00,0xfc,0x01,0x00,0x00,0x00,0x00,0x00,0x00,
    0xfc,0x01,0x00,0x00,0x00,0x00,0x00,0x00,0x10,0x00,0x00,0x00,0x00,0x00,0x00,0x00,0x01,0x00,0x00,0x00,
    0x00,0x00,0x00,0x00,0x04,0x00,0x00,0x00,0x00,0x00,0x00,0x00,0x04,0x00,0x00,0x00,0x00,0x00,0x00,0x00,
    0x19,0x00,0x00,0x00,0x03,0x00,0x00,0x00,0x02,0x00,0x00,0x00,0x00,0x00,0x00,0x00,0x0c,0x02,0x00,0x00,
    0x00,0x00,0x00,0x00,0x0c,0x02,0x00,0x00,0x00,0x00,0x00,0x00,0x01,0x00,0x00,0x00,0x00,0x00,0x00,0x00,
    0x00,0x00,0x00,0x00,0x00,0x00,0x00,0x00,0x01,0x00,0x00,0x00,0x00,0x00,0x00,0x00,0x00,0x00,0x00,0x00,
    0x00,0x00,0x00,0x00,0x21,0x00,0x00,0x00,0x01,0x00,0x00,0x00,0x06,0x00,0x00,0x00,0x00,0x00,0x00,0x00,
    0x00,0x13,0x00,0x00,0x00,0x00,0x00,0x00,0x00,0x03,0x00,0x00,0x00,0x00,0x00,0x00,0x00,0x09,0x00,0x00,
    0x00,0x00,0x00,0x00,0x00,0x00,0x00,0x00,0x00,0x00,0x00,0x00,0x00,0x01,0x00,0x00,0x00,0x00,0x00,0x00,
    0x00,0x00,0x00,0x00,0x00,0x00,0x00,0x00,0x27,0x00,0x00,0x00,0x06,0x00,0x00,0x00,0x03,0x00,0x00,0x00,
    0x00,0x00,0x00,0x00,0x00,0x2c,0x00,0x00,0x00,0x00,0x00,0x00,0x00,0x0c,0x00,0x00,0x00,0x00,0x00,0x00,
    0x80,0x00,0x00,0x00,0x00,0x00,0x00,0x00,0x04,0x00,0x00,0x00,0x00,0x00,0x00,0x00,0x08,0x00,0x00,0x00,
    0x00,0x00,0x00,0x00,0x10,0x00,0x00,0x00,0x00,0x00,0x00,0x00,0x30,0x00,0x00,0x00,0x08,0x00,0x00,0x00,
    0x03,0x00,0x00,0x00,0x00,0x00,0x00,0x00,0x80,0x2c,0x00,0x00,0x00,0x00,0x00,0x00,0x80,0x0c,0x00,0x00,
    0x00,0x00,0x00,0x00,0x80,0x03,0x00,0x00,0x00,0x00,0x00,0x00,0x00,0x00,0x00,0x00,0x00,0x00,0x00,0x00,
    0x01,0x00,0x00,0x00,0x00,0x00,0x00,0x00,0x00,0x00,0x00,0x00,0x00,0x00,0x00,0x00,0x3f,0x00,0x00,0x00,
    0x07,0x00,0x00,0x00,0x00,0x00,0x00,0x00,0x00,0x00,0x00,0x00,0x00,0x00,0x00,0x00,0x00,0x00,0x00,0x00,
    0x80,0x0c,0x00,0x00,0x00,0x00,0x00,0x00,0x90,0x03,0x00,0x00,0x00,0x00,0x00,0x00,0x00,0x00,0x00,0x00,
    0x00,0x00,0x00,0x00,0x01,0x00,0x00,0x00,0x00,0x00,0x00,0x00,0x00,0x00,0x00,0x00,0x00,0x00,0x00,0x00,
    0x45,0x00,0x00,0x00,0x01,0x00,0x00,0x00,0x30,0x00,0x00,0x00,0x00,0x00,0x00,0x00,0x00,0x00,0x00,0x00,
    0x00,0x00,0x00,0x00,0x10,0x10,0x00,0x00,0x00,0x00,0x00,0x00,0x13,0x00,0x00,0x00,0x00,0x00,0x00,0x00,
    0x00,0x00,0x00,0x00,0x00,0x00,0x00,0x00,0x01,0x00,0x00,0x00,0x00,0x00,0x00,0x00,0x01,0x00,0x00,0x00,
    0x00,0x00,0x00,0x00,0x4e,0x00,0x00,0x00,0x02,0x00,0x00,0x00,0x00,0x00,0x00,0x00,0x00,0x00,0x00,0x00,
    0x00,0x00,0x00,0x00,0x00,0x00,0x00,0x00,0x28,0x10,0x00,0x00,0x00,0x00,0x00,0x00,0x48,0x00,0x00,0x00,
    0x00,0x00,0x00,0x00,0x0c,0x00,0x00,0x00,0x03,0x00,0x00,0x00,0x08,0x00,0x00,0x00,0x00,0x00,0x00,0x00,
    0x18,0x00,0x00,0x00,0x00,0x00,0x00,0x00,0x56,0x00,0x00,0x00,0x03,0x00,0x00,0x00,0x00,0x00,0x00,0x00,
    0x00,0x00,0x00,0x00,0x00,0x00,0x00,0x00,0x00,0x00,0x00,0x00,0x70,0x10,0x00,0x00,0x00,0x00,0x00,0x00,
    0x68,0x00,0x00,0x00,0x00,0x00,0x00,0x00,0x00,0x00,0x00,0x00,0x00,0x00,0x00,0x00,0x01,0x00,0x00,0x00,
    0x00,0x00,0x00,0x00,0x00,0x00,0x00,0x00,0x00,0x00,0x00,0x00,0x60,0x00,0x00,0x00,0x03,0x00,0x00,0x00,
    0x00,0x00,0x00,0x00,0x00,0x00,0x00,0x00,0x00,0x00,0x00,0x00,0x00,0x00,0x00,0x00,0xd8,0x10,0x00,0x00,
    0x00,0x00,0x00,0x00,0x1a,0x00,0x00,0x00,0x00,0x00,0x00,0x00,0x00,0x00,0x00,0x00,0x00,0x00,0x00,0x00,
    0x01,0x00,0x00,0x00,0x00,0x00,0x00,0x00,0x00,0x00,0x00,0x00,0x00,0x00,0x00,0x00,
    },
    .m_kernelName = {},
    .m_compilerVersion = {},
    .m_codeObjectVersion = 0,
    .m_isRelocatable = false,
    .m_shaderType = ShaderTypesFlags::UNKNOWN
};

} // namespace mlss::conv::mxn::winograd::fury::fp16::gfx1201
