/* Copyright (c) 2025 Advanced Micro Devices, Inc. All rights reserved. */
#pragma once

#include "shaders/shaders.hpp"

namespace mlss::conv::one_by_one::misa::fp16::gfx1100
{
    const StaticShaderType<9312> MisaConv1x1_Elf =
    {
        .m_binary = {
    0x7f,0x45,0x4c,0x46,0x02,0x01,0x01,0x40,0x02,0x00,0x00,0x00,0x00,0x00,0x00,0x00,
    0x01,0x00,0xe0,0x00,0x01,0x00,0x00,0x00,0x00,0x00,0x00,0x00,0x00,0x00,0x00,0x00,
    0x00,0x00,0x00,0x00,0x00,0x00,0x00,0x00,0xa0,0x22,0x00,0x00,0x00,0x00,0x00,0x00,
    0x41,0x00,0x00,0x00,0x40,0x00,0x00,0x00,0x00,0x00,0x40,0x00,0x07,0x00,0x01,0x00,
    0x00,0x00,0x00,0x00,0x00,0x00,0x00,0x00,0x00,0x00,0x00,0x00,0x00,0x00,0x00,0x00,
    0x00,0x00,0x00,0x00,0x00,0x00,0x00,0x00,0x00,0x00,0x00,0x00,0x00,0x00,0x00,0x00,
    0x00,0x00,0x00,0x00,0x00,0x00,0x00,0x00,0x00,0x00,0x00,0x00,0x00,0x00,0x00,0x00,
    0x00,0x00,0x00,0x00,0x00,0x00,0x00,0x00,0x00,0x00,0x00,0x00,0x00,0x00,0x00,0x00,
    0x00,0x00,0x00,0x00,0x00,0x00,0x00,0x00,0x00,0x00,0x00,0x00,0x00,0x00,0x00,0x00,
    0x00,0x00,0x00,0x00,0x00,0x00,0x00,0x00,0x00,0x00,0x00,0x00,0x00,0x00,0x00,0x00,
    0x00,0x00,0x00,0x00,0x00,0x00,0x00,0x00,0x00,0x00,0x00,0x00,0x00,0x00,0x00,0x00,
    0x00,0x00,0x00,0x00,0x00,0x00,0x00,0x00,0x00,0x00,0x00,0x00,0x00,0x00,0x00,0x00,
    0x00,0x00,0x00,0x00,0x00,0x00,0x00,0x00,0x00,0x00,0x00,0x00,0x00,0x00,0x00,0x00,
    0x00,0x00,0x00,0x00,0x00,0x00,0x00,0x00,0x00,0x00,0x00,0x00,0x00,0x00,0x00,0x00,
    0x00,0x00,0x00,0x00,0x00,0x00,0x00,0x00,0x00,0x00,0x00,0x00,0x00,0x00,0x00,0x00,
    0x00,0x00,0x00,0x00,0x00,0x00,0x00,0x00,0x00,0x00,0x00,0x00,0x00,0x00,0x00,0x00,
    0x00,0x07,0x04,0xf4,0x00,0x00,0x00,0xf8,0x00,0x08,0x04,0xf4,0x08,0x00,0x00,0xf8,
    0x00,0x09,0x04,0xf4,0x10,0x00,0x00,0xf8,0x00,0x02,0x10,0xf4,0x20,0x00,0x00,0xf8,
    0x00,0x06,0x08,0xf4,0x60,0x00,0x00,0xf8,0x00,0x0c,0x00,0xf4,0x70,0x00,0x00,0xf8,
    0x00,0x0a,0x0c,0xf4,0x74,0x00,0x00,0xf8,0x00,0x03,0x90,0x7e,0x9f,0x90,0x88,0x36,
    0x85,0x90,0x90,0x32,0x83,0x90,0x7e,0x36,0x00,0x03,0x90,0x7e,0x9f,0x90,0x84,0x36,
    0xff,0x00,0x87,0xbe,0xff,0xff,0x00,0x00,0x80,0x00,0xbb,0xbe,0x07,0xfc,0x89,0xbf,
    0x0e,0x07,0x04,0xf4,0x00,0x00,0x00,0xf8,0x10,0x08,0x04,0xf4,0x00,0x00,0x00,0xf8,
    0x12,0x09,0x04,0xf4,0x00,0x00,0x00,0xf8,0x07,0xfc,0x89,0xbf,0x1d,0xff,0x1d,0x8b,
    0xff,0xff,0x00,0x00,0x21,0xff,0x21,0x8b,0xff,0xff,0x00,0x00,0x25,0xff,0x25,0x8b,
    0xff,0xff,0x00,0x00,0x2e,0xff,0x41,0x93,0x00,0x00,0x08,0x00,0x28,0x0c,0xbe,0x96,
    0x3e,0x0c,0x3e,0x80,0x3e,0x41,0x31,0x85,0x28,0x0b,0xbe,0x96,0x3e,0x0b,0x3e,0x80,
    0x3e,0x41,0x32,0x85,0x28,0x04,0xbe,0x96,0x3e,0x04,0x3e,0x80,0x3e,0x41,0x43,0x85,
    0x0d,0x43,0x3e,0x96,0x04,0x3e,0xc2,0x80,0x31,0x32,0x3e,0x96,0x3e,0x81,0x3e,0x84,
    0x3e,0x00,0xa2,0xbe,0xff,0x00,0xa3,0xbe,0x00,0x00,0x02,0x30,0x3e,0x42,0x3e,0x96,
    0x20,0x3e,0x20,0x80,0x21,0x80,0x21,0x82,0x10,0x0a,0x3e,0x96,0x3e,0x43,0x40,0x96,
    0x3e,0x43,0xc1,0x96,0x1c,0x40,0x1c,0x80,0x1d,0x41,0x1d,0x82,0x14,0x0a,0x3e,0x96,
    0x3e,0x43,0x40,0x96,0x3e,0x43,0xc1,0x96,0x24,0x40,0x24,0x80,0x25,0x41,0x25,0x82,
    0x31,0x83,0x40,0x85,0x32,0x83,0x41,0x85,0x40,0x42,0x3e,0x96,0x11,0x3e,0x3e,0x96,
    0x1c,0x3e,0x1c,0x80,0x1d,0x80,0x1d,0x82,0x41,0x42,0x3e,0x96,0x15,0x3e,0x3e,0x96,
    0x24,0x3e,0x24,0x80,0x25,0x80,0x25,0x82,0x02,0xc0,0x34,0x96,0x03,0xa0,0x33,0x96,
    0x31,0x83,0x0c,0x85,0x3f,0x03,0x7c,0x7e,0x31,0x00,0x85,0xbe,0x31,0x81,0x35,0x84,
    0x33,0x88,0x9a,0x4a,0x84,0x7e,0x90,0x30,0x4c,0x00,0x2c,0xd7,0x35,0x9a,0x02,0x00,
    0x35,0xa0,0x35,0x96,0x48,0x99,0x7a,0x4a,0x80,0x02,0x56,0x7e,0x80,0x02,0x58,0x7e,
    0x80,0x02,0x5a,0x7e,0x80,0x02,0x5c,0x7e,0x00,0x00,0x5c,0xe0,0x3d,0x2b,0x48,0x3b,
    0x80,0x00,0xba,0xbe,0x10,0x0a,0x1e,0x96,0xff,0x00,0x9f,0xbe,0x00,0x00,0x02,0x30,
    0x08,0x90,0x08,0x84,0x80,0x00,0x81,0xbe,0x4d,0x00,0x55,0xd6,0x34,0x02,0x08,0x05,
    0x2e,0xff,0x41,0x93,0x18,0x00,0x08,0x00,0x4b,0x00,0x2d,0xd7,0x2b,0x9a,0x02,0x00,
    0x4b,0x9b,0x96,0x4a,0x41,0x96,0x98,0x32,0x4b,0x00,0x2c,0xd7,0x0f,0x98,0x02,0x00,
    0x4d,0x97,0x90,0x4c,0x2e,0xff,0x41,0x93,0x10,0x00,0x08,0x00,0x4b,0x00,0x2d,0xd7,
    0x2a,0x98,0x02,0x00,0x4b,0x99,0x96,0x4a,0x41,0x96,0x86,0x32,0x4b,0x00,0x2c,0xd7,
    0x0e,0x86,0x02,0x00,0x4c,0x97,0x92,0x4c,0x4d,0x00,0x2c,0xd7,0x10,0x86,0x02,0x00,
    0x4c,0x00,0x2c,0xd7,0x11,0x7c,0x02,0x00,0x4b,0x00,0x2c,0xd7,0x12,0x92,0x02,0x00,
    0x4a,0x00,0x2c,0xd7,0x13,0x90,0x02,0x00,0x3b,0x00,0x55,0xd6,0x4d,0x99,0x2e,0x05,
    0x4a,0x77,0x76,0x4a,0xa0,0x00,0x81,0xbe,0x4d,0x00,0x55,0xd6,0x34,0x02,0x08,0x05,
    0x2e,0xff,0x41,0x93,0x18,0x00,0x08,0x00,0x4b,0x00,0x2d,0xd7,0x2b,0x9a,0x02,0x00,
    0x4b,0x9b,0x96,0x4a,0x41,0x96,0x98,0x32,0x4b,0x00,0x2c,0xd7,0x0f,0x98,0x02,0x00,
    0x4d,0x97,0x90,0x4c,0x2e,0xff,0x41,0x93,0x10,0x00,0x08,0x00,0x4b,0x00,0x2d,0xd7,
    0x2a,0x98,0x02,0x00,0x4b,0x99,0x96,0x4a,0x41,0x96,0x86,0x32,0x4b,0x00,0x2c,0xd7,
    0x0e,0x86,0x02,0x00,0x4c,0x97,0x92,0x4c,0x4d,0x00,0x2c,0xd7,0x10,0x86,0x02,0x00,
    0x4c,0x00,0x2c,0xd7,0x11,0x7c,0x02,0x00,0x4b,0x00,0x2c,0xd7,0x12,0x92,0x02,0x00,
    0x4a,0x00,0x2c,0xd7,0x13,0x90,0x02,0x00,0x3c,0x00,0x55,0xd6,0x4d,0x99,0x2e,0x05,
    0x4a,0x79,0x78,0x4a,0x80,0x02,0x5e,0x7e,0x80,0x02,0x60,0x7e,0x80,0x02,0x62,0x7e,
    0x80,0x02,0x64,0x7e,0x80,0x02,0x66,0x7e,0x80,0x02,0x68,0x7e,0x80,0x02,0x6a,0x7e,
    0x80,0x02,0x6c,0x7e,0x00,0x00,0x5c,0xe0,0x3b,0x2f,0x47,0x3a,0x00,0x00,0x5c,0xe0,
    0x3c,0x33,0x47,0x3a,0x00,0x03,0x9a,0x7e,0x85,0x9a,0x90,0x32,0x8f,0x9a,0x92,0x36,
    0x81,0x90,0x8c,0x36,0x81,0x90,0x8e,0x32,0x81,0x92,0x96,0x36,0x81,0x92,0x94,0x32,
    0x46,0x00,0x56,0xd6,0x46,0x09,0x25,0x05,0x4b,0x00,0x56,0xd6,0x4b,0x07,0x29,0x05,
    0x47,0x00,0x56,0xd6,0x47,0x09,0x2d,0x05,0x00,0x03,0x9a,0x7e,0x8f,0x9a,0x96,0x36,
    0x84,0x9a,0x94,0x32,0x81,0x94,0x94,0x36,0x85,0x9a,0x90,0x32,0x81,0x90,0x92,0x36,
    0x81,0x90,0x90,0x32,0x81,0x90,0x90,0x36,0x43,0x00,0x56,0xd6,0x49,0x09,0x2d,0x05,
    0x83,0x94,0x94,0x30,0x45,0x00,0x56,0xd6,0x48,0x09,0x29,0x05,0x84,0x8e,0x70,0x30,
    0x83,0x88,0x94,0x30,0x48,0x00,0x0b,0xd6,0x3f,0xff,0x29,0x05,0x00,0x01,0x00,0x00,
    0x81,0x90,0x6e,0x30,0x84,0x8c,0x74,0x30,0x83,0x84,0x94,0x30,0x48,0x00,0x0b,0xd6,
    0x3f,0xff,0x29,0x05,0x00,0x02,0x00,0x00,0x81,0x90,0x72,0x30,0xff,0x74,0x74,0x4a,
    0x00,0x08,0x00,0x00,0xff,0x72,0x72,0x4a,0x00,0x08,0x00,0x00,0x43,0x03,0x8c,0x7e,
    0x45,0x03,0x8e,0x7e,0x33,0x8e,0x8e,0x4a,0x83,0x8e,0x90,0x32,0x43,0x00,0x2c,0xd7,
    0x15,0x90,0x02,0x00,0x0a,0x0e,0x39,0x96,0x2e,0xff,0x3d,0x93,0x18,0x00,0x08,0x00,
    0x2e,0xff,0x3c,0x93,0x10,0x00,0x08,0x00,0x0f,0x39,0x39,0x96,0xc1,0x00,0xa6,0xbe,
    0xff,0x00,0xa7,0xbe,0x00,0x00,0x02,0x30,0x32,0x8e,0x98,0x7c,0x45,0x00,0x01,0xd5,
    0x80,0x02,0xa9,0x01,0xc0,0x00,0xb6,0xbe,0x11,0x84,0x37,0x96,0x84,0x00,0xb8,0xbe,
    0x80,0x02,0x00,0x7e,0x80,0x02,0x02,0x7e,0x80,0x02,0x04,0x7e,0x80,0x02,0x06,0x7e,
    0x80,0x02,0x08,0x7e,0x80,0x02,0x0a,0x7e,0x80,0x02,0x0c,0x7e,0x80,0x02,0x0e,0x7e,
    0x80,0x02,0x10,0x7e,0x80,0x02,0x12,0x7e,0x80,0x02,0x14,0x7e,0x80,0x02,0x16,0x7e,
    0x80,0x02,0x18,0x7e,0x80,0x02,0x1a,0x7e,0x80,0x02,0x1c,0x7e,0x80,0x02,0x1e,0x7e,
    0xf7,0x0b,0x89,0xbf,0x00,0x00,0x7c,0xdb,0x37,0x2b,0x00,0x00,0xf7,0x03,0x89,0xbf,
    0x00,0x00,0x7c,0xdb,0x39,0x2f,0x00,0x00,0x00,0x02,0x7c,0xdb,0x39,0x33,0x00,0x00,
    0x37,0x3a,0x3a,0x80,0x36,0x7a,0x7a,0x4a,0x07,0xfc,0x89,0xbf,0x00,0x00,0xbd,0xbf,
    0x00,0x00,0xfc,0xdb,0x3a,0x00,0x00,0x1a,0x00,0x04,0xfc,0xdb,0x3a,0x00,0x00,0x1e,
    0x00,0x00,0xfc,0xdb,0x38,0x00,0x00,0x11,0x00,0x02,0xfc,0xdb,0x38,0x00,0x00,0x15,
    0x05,0xa0,0x86,0x81,0x06,0x80,0x02,0xbf,0x4d,0x00,0xa1,0xbf,0x00,0x00,0x5c,0xe0,
    0x3d,0x2b,0x48,0x3b,0x80,0x02,0x5e,0x7e,0x80,0x02,0x60,0x7e,0x80,0x02,0x62,0x7e,
    0x80,0x02,0x64,0x7e,0x80,0x02,0x66,0x7e,0x80,0x02,0x68,0x7e,0x80,0x02,0x6a,0x7e,
    0x80,0x02,0x6c,0x7e,0x00,0x00,0x5c,0xe0,0x3b,0x2f,0x47,0x3a,0x00,0x00,0x5c,0xe0,
    0x3c,0x33,0x47,0x3a,0x00,0x02,0xfc,0xdb,0x3a,0x00,0x00,0x22,0x00,0x06,0xfc,0xdb,
    0x3a,0x00,0x00,0x26,0x27,0xfc,0x89,0xbf,0x00,0x40,0x40,0xcc,0x11,0x35,0x02,0x1c,
    0x00,0x08,0xfc,0xdb,0x3a,0x00,0x00,0x1a,0x00,0x0c,0xfc,0xdb,0x3a,0x00,0x00,0x1e,
    0x27,0xfc,0x89,0xbf,0x08,0x40,0x40,0xcc,0x11,0x45,0x22,0x1c,0x00,0x04,0xfc,0xdb,
    0x38,0x00,0x00,0x11,0x00,0x06,0xfc,0xdb,0x38,0x00,0x00,0x15,0x00,0x0a,0xfc,0xdb,
    0x3a,0x00,0x00,0x22,0x00,0x0e,0xfc,0xdb,0x3a,0x00,0x00,0x26,0x27,0xfc,0x89,0xbf,
    0x00,0x40,0x40,0xcc,0x11,0x35,0x02,0x1c,0x07,0xfc,0x89,0xbf,0xf7,0x0b,0x89,0xbf,
    0x00,0x00,0xbd,0xbf,0x00,0x00,0x7c,0xdb,0x37,0x2b,0x00,0x00,0xf7,0x03,0x89,0xbf,
    0x00,0x00,0x7c,0xdb,0x39,0x2f,0x00,0x00,0x00,0x02,0x7c,0xdb,0x39,0x33,0x00,0x00,
    0x08,0x40,0x40,0xcc,0x11,0x45,0x22,0x1c,0x06,0xa0,0x86,0x81,0x06,0x80,0x02,0xbf,
    0x0d,0x00,0xa1,0xbf,0x37,0x3a,0x3a,0x80,0x36,0x7a,0x7a,0x4a,0x07,0xfc,0x89,0xbf,
    0x00,0x00,0xbd,0xbf,0x00,0x00,0xfc,0xdb,0x3a,0x00,0x00,0x1a,0x00,0x04,0xfc,0xdb,
    0x3a,0x00,0x00,0x1e,0x00,0x00,0xfc,0xdb,0x38,0x00,0x00,0x11,0x00,0x02,0xfc,0xdb,
    0x38,0x00,0x00,0x15,0xbd,0xff,0xa0,0xbf,0x07,0xfc,0x89,0xbf,0x00,0x00,0xbd,0xbf,
    0x00,0x00,0xfc,0xdb,0x3a,0x00,0x00,0x1a,0x00,0x04,0xfc,0xdb,0x3a,0x00,0x00,0x1e,
    0x00,0x00,0xfc,0xdb,0x38,0x00,0x00,0x11,0x00,0x02,0xfc,0xdb,0x38,0x00,0x00,0x15,
    0x00,0x02,0xfc,0xdb,0x3a,0x00,0x00,0x22,0x00,0x06,0xfc,0xdb,0x3a,0x00,0x00,0x26,
    0x27,0xfc,0x89,0xbf,0x00,0x40,0x40,0xcc,0x11,0x35,0x02,0x1c,0x00,0x08,0xfc,0xdb,
    0x3a,0x00,0x00,0x1a,0x00,0x0c,0xfc,0xdb,0x3a,0x00,0x00,0x1e,0x27,0xfc,0x89,0xbf,
    0x08,0x40,0x40,0xcc,0x11,0x45,0x22,0x1c,0x00,0x04,0xfc,0xdb,0x38,0x00,0x00,0x11,
    0x00,0x06,0xfc,0xdb,0x38,0x00,0x00,0x15,0x00,0x0a,0xfc,0xdb,0x3a,0x00,0x00,0x22,
    0x00,0x0e,0xfc,0xdb,0x3a,0x00,0x00,0x26,0x27,0xfc,0x89,0xbf,0x00,0x40,0x40,0xcc,
    0x11,0x35,0x02,0x1c,0x07,0xfc,0x89,0xbf,0x08,0x40,0x40,0xcc,0x11,0x45,0x22,0x1c,
    0x80,0x00,0x81,0xbe,0x15,0x84,0x15,0x96,0x34,0x8c,0x84,0x4a,0x48,0x00,0x2d,0xd7,
    0x2b,0x84,0x02,0x00,0x48,0x85,0x90,0x4a,0x3d,0x90,0x96,0x32,0x48,0x00,0x2c,0xd7,
    0x0f,0x96,0x02,0x00,0x42,0x91,0x72,0x4c,0x48,0x00,0x2d,0xd7,0x2a,0x96,0x02,0x00,
    0x48,0x97,0x90,0x4a,0x3c,0x90,0x6e,0x32,0x48,0x00,0x2c,0xd7,0x0e,0x6e,0x02,0x00,
    0x4b,0x91,0x70,0x4c,0x3b,0x00,0x0b,0xd6,0x17,0x72,0x0e,0x05,0x39,0x84,0x98,0x7c,
    0x48,0x00,0x2c,0xd7,0x14,0x6e,0x02,0x00,0x49,0x00,0x2c,0xd7,0x16,0x70,0x02,0x00,
    0x80,0x8a,0x88,0x02,0x3b,0x00,0x55,0xd6,0x48,0x93,0xee,0x04,0x00,0x03,0x00,0x5e,
    0x02,0x07,0x02,0x5e,0x04,0x0b,0x04,0x5e,0x06,0x0f,0x06,0x5e,0x81,0x88,0x96,0x7d,
    0x00,0x00,0x74,0xe0,0x3b,0x00,0x49,0x01,0xc1,0x01,0xfe,0xbe,0xa0,0x8c,0x9a,0x4a,
    0x34,0x9a,0x84,0x4a,0x48,0x00,0x2d,0xd7,0x2b,0x84,0x02,0x00,0x48,0x85,0x90,0x4a,
    0x3d,0x90,0x96,0x32,0x48,0x00,0x2c,0xd7,0x0f,0x96,0x02,0x00,0x42,0x91,0x72,0x4c,
    0x48,0x00,0x2d,0xd7,0x2a,0x96,0x02,0x00,0x48,0x97,0x90,0x4a,0x3c,0x90,0x6e,0x32,
    0x48,0x00,0x2c,0xd7,0x0e,0x6e,0x02,0x00,0x4b,0x91,0x70,0x4c,0x3b,0x00,0x0b,0xd6,
    0x17,0x72,0x0e,0x05,0x39,0x84,0x98,0x7c,0x48,0x00,0x2c,0xd7,0x14,0x6e,0x02,0x00,
    0x49,0x00,0x2c,0xd7,0x16,0x70,0x02,0x00,0x80,0x8a,0x88,0x02,0x3b,0x00,0x55,0xd6,
    0x48,0x93,0xee,0x04,0x08,0x13,0x10,0x5e,0x0a,0x17,0x12,0x5e,0x0c,0x1b,0x14,0x5e,
    0x0e,0x1f,0x16,0x5e,0x81,0x88,0x96,0x7d,0x00,0x00,0x74,0xe0,0x3b,0x08,0x49,0x01,
    0xc1,0x01,0xfe,0xbe,0x00,0x00,0xb0,0xbf,0x00,0x00,0x00,0x00,0x00,0x00,0x00,0x00,
    0x00,0x00,0x00,0x00,0x00,0x00,0x00,0x00,0x00,0x00,0x00,0x00,0x00,0x00,0x00,0x00,
    0x00,0x00,0x00,0x00,0x00,0x00,0x00,0x00,0x00,0x00,0x00,0x00,0x00,0x00,0x00,0x00,
    0x00,0x18,0x00,0x00,0x00,0x00,0x00,0x00,0x00,0x00,0x00,0x00,0x00,0x00,0x00,0x00,
    0x00,0x00,0x00,0x00,0x00,0x00,0x00,0x00,0x00,0x00,0x00,0x00,0x00,0x00,0x00,0x00,
    0x00,0x00,0x00,0x00,0x00,0x00,0x00,0x00,0x00,0x00,0x00,0x00,0x00,0x00,0x00,0x00,
    0x09,0x00,0x0c,0x40,0x84,0x03,0x00,0x00,0x08,0x04,0x00,0x00,0x00,0x00,0x00,0x00,
    0x07,0x00,0x00,0x00,0x2e,0x0b,0x00,0x00,0x20,0x00,0x00,0x00,0x41,0x4d,0x44,0x47,
    0x50,0x55,0x00,0x00,0x82,0xae,0x61,0x6d,0x64,0x68,0x73,0x61,0x2e,0x6b,0x65,0x72,
    0x6e,0x65,0x6c,0x73,0x91,0x8c,0xa5,0x2e,0x61,0x72,0x67,0x73,0xdc,0x00,0x21,0x87,
    0xae,0x2e,0x61,0x64,0x64,0x72,0x65,0x73,0x73,0x5f,0x73,0x70,0x61,0x63,0x65,0xa6,
    0x67,0x6c,0x6f,0x62,0x61,0x6c,0xa9,0x2e,0x69,0x73,0x5f,0x63,0x6f,0x6e,0x73,0x74,
    0xc3,0xa5,0x2e,0x6e,0x61,0x6d,0x65,0xa4,0x70,0x5f,0x69,0x6e,0xa7,0x2e,0x6f,0x66,
    0x66,0x73,0x65,0x74,0x00,0xa5,0x2e,0x73,0x69,0x7a,0x65,0x08,0xab,0x2e,0x76,0x61,
    0x6c,0x75,0x65,0x5f,0x6b,0x69,0x6e,0x64,0xad,0x67,0x6c,0x6f,0x62,0x61,0x6c,0x5f,
    0x62,0x75,0x66,0x66,0x65,0x72,0xab,0x2e,0x76,0x61,0x6c,0x75,0x65,0x5f,0x74,0x79,
    0x70,0x65,0xa3,0x66,0x33,0x32,0x87,0xae,0x2e,0x61,0x64,0x64,0x72,0x65,0x73,0x73,
    0x5f,0x73,0x70,0x61,0x63,0x65,0xa6,0x67,0x6c,0x6f,0x62,0x61,0x6c,0xa9,0x2e,0x69,
    0x73,0x5f,0x63,0x6f,0x6e,0x73,0x74,0xc3,0xa5,0x2e,0x6e,0x61,0x6d,0x65,0xa5,0x70,
    0x5f,0x77,0x65,0x69,0xa7,0x2e,0x6f,0x66,0x66,0x73,0x65,0x74,0x08,0xa5,0x2e,0x73,
    0x69,0x7a,0x65,0x08,0xab,0x2e,0x76,0x61,0x6c,0x75,0x65,0x5f,0x6b,0x69,0x6e,0x64,
    0xad,0x67,0x6c,0x6f,0x62,0x61,0x6c,0x5f,0x62,0x75,0x66,0x66,0x65,0x72,0xab,0x2e,
    0x76,0x61,0x6c,0x75,0x65,0x5f,0x74,0x79,0x70,0x65,0xa3,0x66,0x33,0x32,0x87,0xae,
    0x2e,0x61,0x64,0x64,0x72,0x65,0x73,0x73,0x5f,0x73,0x70,0x61,0x63,0x65,0xa6,0x67,
    0x6c,0x6f,0x62,0x61,0x6c,0xa9,0x2e,0x69,0x73,0x5f,0x63,0x6f,0x6e,0x73,0x74,0xc2,
    0xa5,0x2e,0x6e,0x61,0x6d,0x65,0xa5,0x70,0x5f,0x6f,0x75,0x74,0xa7,0x2e,0x6f,0x66,
    0x66,0x73,0x65,0x74,0x10,0xa5,0x2e,0x73,0x69,0x7a,0x65,0x08,0xab,0x2e,0x76,0x61,
    0x6c,0x75,0x65,0x5f,0x6b,0x69,0x6e,0x64,0xad,0x67,0x6c,0x6f,0x62,0x61,0x6c,0x5f,
    0x62,0x75,0x66,0x66,0x65,0x72,0xab,0x2e,0x76,0x61,0x6c,0x75,0x65,0x5f,0x74,0x79,
    0x70,0x65,0xa3,0x66,0x33,0x32,0x87,0xae,0x2e,0x61,0x64,0x64,0x72,0x65,0x73,0x73,
    0x5f,0x73,0x70,0x61,0x63,0x65,0xa6,0x67,0x6c,0x6f,0x62,0x61,0x6c,0xa9,0x2e,0x69,
    0x73,0x5f,0x63,0x6f,0x6e,0x73,0x74,0xc3,0xa5,0x2e,0x6e,0x61,0x6d,0x65,0xa6,0x70,
    0x5f,0x62,0x69,0x61,0x73,0xa7,0x2e,0x6f,0x66,0x66,0x73,0x65,0x74,0x18,0xa5,0x2e,
    0x73,0x69,0x7a,0x65,0x08,0xab,0x2e,0x76,0x61,0x6c,0x75,0x65,0x5f,0x6b,0x69,0x6e,
    0x64,0xad,0x67,0x6c,0x6f,0x62,0x61,0x6c,0x5f,0x62,0x75,0x66,0x66,0x65,0x72,0xab,
    0x2e,0x76,0x61,0x6c,0x75,0x65,0x5f,0x74,0x79,0x70,0x65,0xa3,0x66,0x33,0x32,0x85,
    0xa5,0x2e,0x6e,0x61,0x6d,0x65,0xa2,0x68,0x69,0xa7,0x2e,0x6f,0x66,0x66,0x73,0x65,
    0x74,0x20,0xa5,0x2e,0x73,0x69,0x7a,0x65,0x04,0xab,0x2e,0x76,0x61,0x6c,0x75,0x65,
    0x5f,0x6b,0x69,0x6e,0x64,0xa8,0x62,0x79,0x5f,0x76,0x61,0x6c,0x75,0x65,0xab,0x2e,
    0x76,0x61,0x6c,0x75,0x65,0x5f,0x74,0x79,0x70,0x65,0xa3,0x69,0x33,0x32,0x85,0xa5,
    0x2e,0x6e,0x61,0x6d,0x65,0xa2,0x77,0x69,0xa7,0x2e,0x6f,0x66,0x66,0x73,0x65,0x74,
    0x24,0xa5,0x2e,0x73,0x69,0x7a,0x65,0x04,0xab,0x2e,0x76,0x61,0x6c,0x75,0x65,0x5f,
    0x6b,0x69,0x6e,0x64,0xa8,0x62,0x79,0x5f,0x76,0x61,0x6c,0x75,0x65,0xab,0x2e,0x76,
    0x61,0x6c,0x75,0x65,0x5f,0x74,0x79,0x70,0x65,0xa3,0x69,0x33,0x32,0x85,0xa5,0x2e,
    0x6e,0x61,0x6d,0x65,0xa1,0x6e,0xa7,0x2e,0x6f,0x66,0x66,0x73,0x65,0x74,0x28,0xa5,
    0x2e,0x73,0x69,0x7a,0x65,0x04,0xab,0x2e,0x76,0x61,0x6c,0x75,0x65,0x5f,0x6b,0x69,
    0x6e,0x64,0xa8,0x62,0x79,0x5f,0x76,0x61,0x6c,0x75,0x65,0xab,0x2e,0x76,0x61,0x6c,
    0x75,0x65,0x5f,0x74,0x79,0x70,0x65,0xa3,0x69,0x33,0x32,0x85,0xa5,0x2e,0x6e,0x61,
    0x6d,0x65,0xa1,0x6b,0xa7,0x2e,0x6f,0x66,0x66,0x73,0x65,0x74,0x2c,0xa5,0x2e,0x73,
    0x69,0x7a,0x65,0x04,0xab,0x2e,0x76,0x61,0x6c,0x75,0x65,0x5f,0x6b,0x69,0x6e,0x64,
    0xa8,0x62,0x79,0x5f,0x76,0x61,0x6c,0x75,0x65,0xab,0x2e,0x76,0x61,0x6c,0x75,0x65,
    0x5f,0x74,0x79,0x70,0x65,0xa3,0x69,0x33,0x32,0x85,0xa5,0x2e,0x6e,0x61,0x6d,0x65,
    0xa1,0x63,0xa7,0x2e,0x6f,0x66,0x66,0x73,0x65,0x74,0x30,0xa5,0x2e,0x73,0x69,0x7a,
    0x65,0x04,0xab,0x2e,0x76,0x61,0x6c,0x75,0x65,0x5f,0x6b,0x69,0x6e,0x64,0xa8,0x62,
    0x79,0x5f,0x76,0x61,0x6c,0x75,0x65,0xab,0x2e,0x76,0x61,0x6c,0x75,0x65,0x5f,0x74,
    0x79,0x70,0x65,0xa3,0x69,0x33,0x32,0x85,0xa5,0x2e,0x6e,0x61,0x6d,0x65,0xa1,0x67,
    0xa7,0x2e,0x6f,0x66,0x66,0x73,0x65,0x74,0x34,0xa5,0x2e,0x73,0x69,0x7a,0x65,0x04,
    0xab,0x2e,0x76,0x61,0x6c,0x75,0x65,0x5f,0x6b,0x69,0x6e,0x64,0xa8,0x62,0x79,0x5f,
    0x76,0x61,0x6c,0x75,0x65,0xab,0x2e,0x76,0x61,0x6c,0x75,0x65,0x5f,0x74,0x79,0x70,
    0x65,0xa3,0x69,0x33,0x32,0x85,0xa5,0x2e,0x6e,0x61,0x6d,0x65,0xa2,0x68,0x6f,0xa7,
    0x2e,0x6f,0x66,0x66,0x73,0x65,0x74,0x38,0xa5,0x2e,0x73,0x69,0x7a,0x65,0x04,0xab,
    0x2e,0x76,0x61,0x6c,0x75,0x65,0x5f,0x6b,0x69,0x6e,0x64,0xa8,0x62,0x79,0x5f,0x76,
    0x61,0x6c,0x75,0x65,0xab,0x2e,0x76,0x61,0x6c,0x75,0x65,0x5f,0x74,0x79,0x70,0x65,
    0xa3,0x69,0x33,0x32,0x85,0xa5,0x2e,0x6e,0x61,0x6d,0x65,0xa2,0x77,0x6f,0xa7,0x2e,
    0x6f,0x66,0x66,0x73,0x65,0x74,0x3c,0xa5,0x2e,0x73,0x69,0x7a,0x65,0x04,0xab,0x2e,
    0x76,0x61,0x6c,0x75,0x65,0x5f,0x6b,0x69,0x6e,0x64,0xa8,0x62,0x79,0x5f,0x76,0x61,
    0x6c,0x75,0x65,0xab,0x2e,0x76,0x61,0x6c,0x75,0x65,0x5f,0x74,0x79,0x70,0x65,0xa3,
    0x69,0x33,0x32,0x85,0xa5,0x2e,0x6e,0x61,0x6d,0x65,0xab,0x69,0x6e,0x5f,0x73,0x74,
    0x72,0x69,0x64,0x65,0x5f,0x6e,0xa7,0x2e,0x6f,0x66,0x66,0x73,0x65,0x74,0x40,0xa5,
    0x2e,0x73,0x69,0x7a,0x65,0x04,0xab,0x2e,0x76,0x61,0x6c,0x75,0x65,0x5f,0x6b,0x69,
    0x6e,0x64,0xa8,0x62,0x79,0x5f,0x76,0x61,0x6c,0x75,0x65,0xab,0x2e,0x76,0x61,0x6c,
    0x75,0x65,0x5f,0x74,0x79,0x70,0x65,0xa3,0x69,0x33,0x32,0x85,0xa5,0x2e,0x6e,0x61,
    0x6d,0x65,0xab,0x69,0x6e,0x5f,0x73,0x74,0x72,0x69,0x64,0x65,0x5f,0x63,0xa7,0x2e,
    0x6f,0x66,0x66,0x73,0x65,0x74,0x44,0xa5,0x2e,0x73,0x69,0x7a,0x65,0x04,0xab,0x2e,
    0x76,0x61,0x6c,0x75,0x65,0x5f,0x6b,0x69,0x6e,0x64,0xa8,0x62,0x79,0x5f,0x76,0x61,
    0x6c,0x75,0x65,0xab,0x2e,0x76,0x61,0x6c,0x75,0x65,0x5f,0x74,0x79,0x70,0x65,0xa3,
    0x69,0x33,0x32,0x85,0xa5,0x2e,0x6e,0x61,0x6d,0x65,0xab,0x69,0x6e,0x5f,0x73,0x74,
    0x72,0x69,0x64,0x65,0x5f,0x68,0xa7,0x2e,0x6f,0x66,0x66,0x73,0x65,0x74,0x48,0xa5,
    0x2e,0x73,0x69,0x7a,0x65,0x04,0xab,0x2e,0x76,0x61,0x6c,0x75,0x65,0x5f,0x6b,0x69,
    0x6e,0x64,0xa8,0x62,0x79,0x5f,0x76,0x61,0x6c,0x75,0x65,0xab,0x2e,0x76,0x61,0x6c,
    0x75,0x65,0x5f,0x74,0x79,0x70,0x65,0xa3,0x69,0x33,0x32,0x85,0xa5,0x2e,0x6e,0x61,
    0x6d,0x65,0xab,0x69,0x6e,0x5f,0x73,0x74,0x72,0x69,0x64,0x65,0x5f,0x77,0xa7,0x2e,
    0x6f,0x66,0x66,0x73,0x65,0x74,0x4c,0xa5,0x2e,0x73,0x69,0x7a,0x65,0x04,0xab,0x2e,
    0x76,0x61,0x6c,0x75,0x65,0x5f,0x6b,0x69,0x6e,0x64,0xa8,0x62,0x79,0x5f,0x76,0x61,
    0x6c,0x75,0x65,0xab,0x2e,0x76,0x61,0x6c,0x75,0x65,0x5f,0x74,0x79,0x70,0x65,0xa3,
    0x69,0x33,0x32,0x85,0xa5,0x2e,0x6e,0x61,0x6d,0x65,0xac,0x6f,0x75,0x74,0x5f,0x73,
    0x74,0x72,0x69,0x64,0x65,0x5f,0x6e,0xa7,0x2e,0x6f,0x66,0x66,0x73,0x65,0x74,0x50,
    0xa5,0x2e,0x73,0x69,0x7a,0x65,0x04,0xab,0x2e,0x76,0x61,0x6c,0x75,0x65,0x5f,0x6b,
    0x69,0x6e,0x64,0xa8,0x62,0x79,0x5f,0x76,0x61,0x6c,0x75,0x65,0xab,0x2e,0x76,0x61,
    0x6c,0x75,0x65,0x5f,0x74,0x79,0x70,0x65,0xa3,0x69,0x33,0x32,0x85,0xa5,0x2e,0x6e,
    0x61,0x6d,0x65,0xac,0x6f,0x75,0x74,0x5f,0x73,0x74,0x72,0x69,0x64,0x65,0x5f,0x6b,
    0xa7,0x2e,0x6f,0x66,0x66,0x73,0x65,0x74,0x54,0xa5,0x2e,0x73,0x69,0x7a,0x65,0x04,
    0xab,0x2e,0x76,0x61,0x6c,0x75,0x65,0x5f,0x6b,0x69,0x6e,0x64,0xa8,0x62,0x79,0x5f,
    0x76,0x61,0x6c,0x75,0x65,0xab,0x2e,0x76,0x61,0x6c,0x75,0x65,0x5f,0x74,0x79,0x70,
    0x65,0xa3,0x69,0x33,0x32,0x85,0xa5,0x2e,0x6e,0x61,0x6d,0x65,0xac,0x6f,0x75,0x74,
    0x5f,0x73,0x74,0x72,0x69,0x64,0x65,0x5f,0x68,0xa7,0x2e,0x6f,0x66,0x66,0x73,0x65,
    0x74,0x58,0xa5,0x2e,0x73,0x69,0x7a,0x65,0x04,0xab,0x2e,0x76,0x61,0x6c,0x75,0x65,
    0x5f,0x6b,0x69,0x6e,0x64,0xa8,0x62,0x79,0x5f,0x76,0x61,0x6c,0x75,0x65,0xab,0x2e,
    0x76,0x61,0x6c,0x75,0x65,0x5f,0x74,0x79,0x70,0x65,0xa3,0x69,0x33,0x32,0x85,0xa5,
    0x2e,0x6e,0x61,0x6d,0x65,0xac,0x6f,0x75,0x74,0x5f,0x73,0x74,0x72,0x69,0x64,0x65,
    0x5f,0x77,0xa7,0x2e,0x6f,0x66,0x66,0x73,0x65,0x74,0x5c,0xa5,0x2e,0x73,0x69,0x7a,
    0x65,0x04,0xab,0x2e,0x76,0x61,0x6c,0x75,0x65,0x5f,0x6b,0x69,0x6e,0x64,0xa8,0x62,
    0x79,0x5f,0x76,0x61,0x6c,0x75,0x65,0xab,0x2e,0x76,0x61,0x6c,0x75,0x65,0x5f,0x74,
    0x79,0x70,0x65,0xa3,0x69,0x33,0x32,0x85,0xa5,0x2e,0x6e,0x61,0x6d,0x65,0xa9,0x73,
    0x74,0x72,0x69,0x64,0x65,0x5f,0x68,0x77,0xa7,0x2e,0x6f,0x66,0x66,0x73,0x65,0x74,
    0x60,0xa5,0x2e,0x73,0x69,0x7a,0x65,0x04,0xab,0x2e,0x76,0x61,0x6c,0x75,0x65,0x5f,
    0x6b,0x69,0x6e,0x64,0xa8,0x62,0x79,0x5f,0x76,0x61,0x6c,0x75,0x65,0xab,0x2e,0x76,
    0x61,0x6c,0x75,0x65,0x5f,0x74,0x79,0x70,0x65,0xa3,0x69,0x33,0x32,0x85,0xa5,0x2e,
    0x6e,0x61,0x6d,0x65,0xab,0x64,0x69,0x6c,0x61,0x74,0x69,0x6f,0x6e,0x5f,0x68,0x77,
    0xa7,0x2e,0x6f,0x66,0x66,0x73,0x65,0x74,0x64,0xa5,0x2e,0x73,0x69,0x7a,0x65,0x04,
    0xab,0x2e,0x76,0x61,0x6c,0x75,0x65,0x5f,0x6b,0x69,0x6e,0x64,0xa8,0x62,0x79,0x5f,
    0x76,0x61,0x6c,0x75,0x65,0xab,0x2e,0x76,0x61,0x6c,0x75,0x65,0x5f,0x74,0x79,0x70,
    0x65,0xa3,0x69,0x33,0x32,0x85,0xa5,0x2e,0x6e,0x61,0x6d,0x65,0xa6,0x70,0x61,0x64,
    0x5f,0x68,0x77,0xa7,0x2e,0x6f,0x66,0x66,0x73,0x65,0x74,0x68,0xa5,0x2e,0x73,0x69,
    0x7a,0x65,0x04,0xab,0x2e,0x76,0x61,0x6c,0x75,0x65,0x5f,0x6b,0x69,0x6e,0x64,0xa8,
    0x62,0x79,0x5f,0x76,0x61,0x6c,0x75,0x65,0xab,0x2e,0x76,0x61,0x6c,0x75,0x65,0x5f,
    0x74,0x79,0x70,0x65,0xa3,0x69,0x33,0x32,0x85,0xa5,0x2e,0x6e,0x61,0x6d,0x65,0xa6,
    0x77,0x65,0x69,0x5f,0x68,0x77,0xa7,0x2e,0x6f,0x66,0x66,0x73,0x65,0x74,0x6c,0xa5,
    0x2e,0x73,0x69,0x7a,0x65,0x04,0xab,0x2e,0x76,0x61,0x6c,0x75,0x65,0x5f,0x6b,0x69,
    0x6e,0x64,0xa8,0x62,0x79,0x5f,0x76,0x61,0x6c,0x75,0x65,0xab,0x2e,0x76,0x61,0x6c,
    0x75,0x65,0x5f,0x74,0x79,0x70,0x65,0xa3,0x69,0x33,0x32,0x85,0xa5,0x2e,0x6e,0x61,
    0x6d,0x65,0xac,0x6d,0x6f,0x76,0x65,0x5f,0x73,0x6c,0x69,0x63,0x65,0x5f,0x6b,0xa7,
    0x2e,0x6f,0x66,0x66,0x73,0x65,0x74,0x70,0xa5,0x2e,0x73,0x69,0x7a,0x65,0x04,0xab,
    0x2e,0x76,0x61,0x6c,0x75,0x65,0x5f,0x6b,0x69,0x6e,0x64,0xa8,0x62,0x79,0x5f,0x76,
    0x61,0x6c,0x75,0x65,0xab,0x2e,0x76,0x61,0x6c,0x75,0x65,0x5f,0x74,0x79,0x70,0x65,
    0xa3,0x69,0x33,0x32,0x85,0xa5,0x2e,0x6e,0x61,0x6d,0x65,0xa7,0x6d,0x61,0x67,0x69,
    0x63,0x5f,0x30,0xa7,0x2e,0x6f,0x66,0x66,0x73,0x65,0x74,0x74,0xa5,0x2e,0x73,0x69,
    0x7a,0x65,0x04,0xab,0x2e,0x76,0x61,0x6c,0x75,0x65,0x5f,0x6b,0x69,0x6e,0x64,0xa8,
    0x62,0x79,0x5f,0x76,0x61,0x6c,0x75,0x65,0xab,0x2e,0x76,0x61,0x6c,0x75,0x65,0x5f,
    0x74,0x79,0x70,0x65,0xa3,0x69,0x33,0x32,0x85,0xa5,0x2e,0x6e,0x61,0x6d,0x65,0xa7,
    0x6d,0x61,0x67,0x69,0x63,0x5f,0x31,0xa7,0x2e,0x6f,0x66,0x66,0x73,0x65,0x74,0x78,
    0xa5,0x2e,0x73,0x69,0x7a,0x65,0x04,0xab,0x2e,0x76,0x61,0x6c,0x75,0x65,0x5f,0x6b,
    0x69,0x6e,0x64,0xa8,0x62,0x79,0x5f,0x76,0x61,0x6c,0x75,0x65,0xab,0x2e,0x76,0x61,
    0x6c,0x75,0x65,0x5f,0x74,0x79,0x70,0x65,0xa3,0x69,0x33,0x32,0x85,0xa5,0x2e,0x6e,
    0x61,0x6d,0x65,0xa7,0x6d,0x61,0x67,0x69,0x63,0x5f,0x32,0xa7,0x2e,0x6f,0x66,0x66,
    0x73,0x65,0x74,0x7c,0xa5,0x2e,0x73,0x69,0x7a,0x65,0x04,0xab,0x2e,0x76,0x61,0x6c,
    0x75,0x65,0x5f,0x6b,0x69,0x6e,0x64,0xa8,0x62,0x79,0x5f,0x76,0x61,0x6c,0x75,0x65,
    0xab,0x2e,0x76,0x61,0x6c,0x75,0x65,0x5f,0x74,0x79,0x70,0x65,0xa3,0x69,0x33,0x32,
    0x85,0xa5,0x2e,0x6e,0x61,0x6d,0x65,0xa7,0x6d,0x61,0x67,0x69,0x63,0x5f,0x33,0xa7,
    0x2e,0x6f,0x66,0x66,0x73,0x65,0x74,0xcc,0x80,0xa5,0x2e,0x73,0x69,0x7a,0x65,0x04,
    0xab,0x2e,0x76,0x61,0x6c,0x75,0x65,0x5f,0x6b,0x69,0x6e,0x64,0xa8,0x62,0x79,0x5f,
    0x76,0x61,0x6c,0x75,0x65,0xab,0x2e,0x76,0x61,0x6c,0x75,0x65,0x5f,0x74,0x79,0x70,
    0x65,0xa3,0x69,0x33,0x32,0x85,0xa5,0x2e,0x6e,0x61,0x6d,0x65,0xa7,0x6d,0x61,0x67,
    0x69,0x63,0x5f,0x34,0xa7,0x2e,0x6f,0x66,0x66,0x73,0x65,0x74,0xcc,0x84,0xa5,0x2e,
    0x73,0x69,0x7a,0x65,0x04,0xab,0x2e,0x76,0x61,0x6c,0x75,0x65,0x5f,0x6b,0x69,0x6e,
    0x64,0xa8,0x62,0x79,0x5f,0x76,0x61,0x6c,0x75,0x65,0xab,0x2e,0x76,0x61,0x6c,0x75,
    0x65,0x5f,0x74,0x79,0x70,0x65,0xa3,0x69,0x33,0x32,0x85,0xa5,0x2e,0x6e,0x61,0x6d,
    0x65,0xa7,0x6d,0x61,0x67,0x69,0x63,0x5f,0x35,0xa7,0x2e,0x6f,0x66,0x66,0x73,0x65,
    0x74,0xcc,0x88,0xa5,0x2e,0x73,0x69,0x7a,0x65,0x04,0xab,0x2e,0x76,0x61,0x6c,0x75,
    0x65,0x5f,0x6b,0x69,0x6e,0x64,0xa8,0x62,0x79,0x5f,0x76,0x61,0x6c,0x75,0x65,0xab,
    0x2e,0x76,0x61,0x6c,0x75,0x65,0x5f,0x74,0x79,0x70,0x65,0xa3,0x69,0x33,0x32,0x85,
    0xa5,0x2e,0x6e,0x61,0x6d,0x65,0xac,0x73,0x68,0x69,0x66,0x74,0x5f,0x70,0x61,0x63,
    0x6b,0x5f,0x30,0xa7,0x2e,0x6f,0x66,0x66,0x73,0x65,0x74,0xcc,0x8c,0xa5,0x2e,0x73,
    0x69,0x7a,0x65,0x04,0xab,0x2e,0x76,0x61,0x6c,0x75,0x65,0x5f,0x6b,0x69,0x6e,0x64,
    0xa8,0x62,0x79,0x5f,0x76,0x61,0x6c,0x75,0x65,0xab,0x2e,0x76,0x61,0x6c,0x75,0x65,
    0x5f,0x74,0x79,0x70,0x65,0xa3,0x69,0x33,0x32,0x85,0xa5,0x2e,0x6e,0x61,0x6d,0x65,
    0xac,0x73,0x68,0x69,0x66,0x74,0x5f,0x70,0x61,0x63,0x6b,0x5f,0x31,0xa7,0x2e,0x6f,
    0x66,0x66,0x73,0x65,0x74,0xcc,0x90,0xa5,0x2e,0x73,0x69,0x7a,0x65,0x04,0xab,0x2e,
    0x76,0x61,0x6c,0x75,0x65,0x5f,0x6b,0x69,0x6e,0x64,0xa8,0x62,0x79,0x5f,0x76,0x61,
    0x6c,0x75,0x65,0xab,0x2e,0x76,0x61,0x6c,0x75,0x65,0x5f,0x74,0x79,0x70,0x65,0xa3,
    0x69,0x33,0x32,0xb9,0x2e,0x67,0x72,0x6f,0x75,0x70,0x5f,0x73,0x65,0x67,0x6d,0x65,
    0x6e,0x74,0x5f,0x66,0x69,0x78,0x65,0x64,0x5f,0x73,0x69,0x7a,0x65,0xcd,0x18,0x00,
    0xb6,0x2e,0x6b,0x65,0x72,0x6e,0x61,0x72,0x67,0x5f,0x73,0x65,0x67,0x6d,0x65,0x6e,
    0x74,0x5f,0x61,0x6c,0x69,0x67,0x6e,0x08,0xb5,0x2e,0x6b,0x65,0x72,0x6e,0x61,0x72,
    0x67,0x5f,0x73,0x65,0x67,0x6d,0x65,0x6e,0x74,0x5f,0x73,0x69,0x7a,0x65,0xcc,0x98,
    0xb8,0x2e,0x6d,0x61,0x78,0x5f,0x66,0x6c,0x61,0x74,0x5f,0x77,0x6f,0x72,0x6b,0x67,
    0x72,0x6f,0x75,0x70,0x5f,0x73,0x69,0x7a,0x65,0xcc,0x80,0xa5,0x2e,0x6e,0x61,0x6d,
    0x65,0xd9,0x5f,0x63,0x6f,0x6e,0x76,0x5f,0x66,0x77,0x64,0x5f,0x67,0x74,0x63,0x77,
    0x33,0x5f,0x6e,0x68,0x77,0x63,0x5f,0x66,0x70,0x31,0x36,0x78,0x38,0x5f,0x65,0x78,
    0x30,0x5f,0x62,0x74,0x33,0x32,0x78,0x36,0x34,0x78,0x33,0x32,0x5f,0x77,0x72,0x31,
    0x78,0x32,0x5f,0x77,0x6e,0x32,0x78,0x32,0x5f,0x74,0x61,0x31,0x78,0x38,0x78,0x31,
    0x78,0x31,0x5f,0x31,0x78,0x34,0x78,0x31,0x78,0x33,0x32,0x5f,0x74,0x62,0x31,0x78,
    0x38,0x78,0x32,0x78,0x31,0x5f,0x31,0x78,0x34,0x78,0x31,0x78,0x33,0x32,0x5f,0x6d,
    0x62,0x30,0xbb,0x2e,0x70,0x72,0x69,0x76,0x61,0x74,0x65,0x5f,0x73,0x65,0x67,0x6d,
    0x65,0x6e,0x74,0x5f,0x66,0x69,0x78,0x65,0x64,0x5f,0x73,0x69,0x7a,0x65,0x00,0xb4,
    0x2e,0x72,0x65,0x71,0x64,0x5f,0x77,0x6f,0x72,0x6b,0x67,0x72,0x6f,0x75,0x70,0x5f,
    0x73,0x69,0x7a,0x65,0x93,0xcc,0x80,0x01,0x01,0xab,0x2e,0x73,0x67,0x70,0x72,0x5f,
    0x63,0x6f,0x75,0x6e,0x74,0x4c,0xa7,0x2e,0x73,0x79,0x6d,0x62,0x6f,0x6c,0xd9,0x62,
    0x63,0x6f,0x6e,0x76,0x5f,0x66,0x77,0x64,0x5f,0x67,0x74,0x63,0x77,0x33,0x5f,0x6e,
    0x68,0x77,0x63,0x5f,0x66,0x70,0x31,0x36,0x78,0x38,0x5f,0x65,0x78,0x30,0x5f,0x62,
    0x74,0x33,0x32,0x78,0x36,0x34,0x78,0x33,0x32,0x5f,0x77,0x72,0x31,0x78,0x32,0x5f,
    0x77,0x6e,0x32,0x78,0x32,0x5f,0x74,0x61,0x31,0x78,0x38,0x78,0x31,0x78,0x31,0x5f,
    0x31,0x78,0x34,0x78,0x31,0x78,0x33,0x32,0x5f,0x74,0x62,0x31,0x78,0x38,0x78,0x32,
    0x78,0x31,0x5f,0x31,0x78,0x34,0x78,0x31,0x78,0x33,0x32,0x5f,0x6d,0x62,0x30,0x2e,
    0x6b,0x64,0xab,0x2e,0x76,0x67,0x70,0x72,0x5f,0x63,0x6f,0x75,0x6e,0x74,0x50,0xaf,
    0x2e,0x77,0x61,0x76,0x65,0x66,0x72,0x6f,0x6e,0x74,0x5f,0x73,0x69,0x7a,0x65,0x20,
    0xae,0x61,0x6d,0x64,0x68,0x73,0x61,0x2e,0x76,0x65,0x72,0x73,0x69,0x6f,0x6e,0x92,
    0x01,0x00,0x00,0x00,0x00,0x00,0x00,0x00,0x00,0x00,0x00,0x00,0x00,0x00,0x00,0x00,
    0x00,0x00,0x00,0x00,0x00,0x00,0x00,0x00,0x00,0x00,0x00,0x00,0x00,0x00,0x00,0x00,
    0x67,0x04,0x00,0x00,0x00,0x00,0xf1,0xff,0x00,0x00,0x00,0x00,0x00,0x00,0x00,0x00,
    0x00,0x00,0x00,0x00,0x00,0x00,0x00,0x00,0x0b,0x05,0x00,0x00,0x00,0x00,0xf1,0xff,
    0x11,0x00,0x00,0x00,0x00,0x00,0x00,0x00,0x00,0x00,0x00,0x00,0x00,0x00,0x00,0x00,
    0xed,0x04,0x00,0x00,0x00,0x00,0xf1,0xff,0x1a,0x00,0x00,0x00,0x00,0x00,0x00,0x00,
    0x00,0x00,0x00,0x00,0x00,0x00,0x00,0x00,0x0f,0x05,0x00,0x00,0x00,0x00,0xf1,0xff,
    0x2b,0x00,0x00,0x00,0x00,0x00,0x00,0x00,0x00,0x00,0x00,0x00,0x00,0x00,0x00,0x00,
    0xf1,0x04,0x00,0x00,0x00,0x00,0xf1,0xff,0x2f,0x00,0x00,0x00,0x00,0x00,0x00,0x00,
    0x00,0x00,0x00,0x00,0x00,0x00,0x00,0x00,0x5a,0x01,0x00,0x00,0x00,0x00,0xf1,0xff,
    0x37,0x00,0x00,0x00,0x00,0x00,0x00,0x00,0x00,0x00,0x00,0x00,0x00,0x00,0x00,0x00,
    0x65,0x01,0x00,0x00,0x00,0x00,0xf1,0xff,0x38,0x00,0x00,0x00,0x00,0x00,0x00,0x00,
    0x00,0x00,0x00,0x00,0x00,0x00,0x00,0x00,0x44,0x01,0x00,0x00,0x00,0x00,0xf1,0xff,
    0x39,0x00,0x00,0x00,0x00,0x00,0x00,0x00,0x00,0x00,0x00,0x00,0x00,0x00,0x00,0x00,
    0x4f,0x01,0x00,0x00,0x00,0x00,0xf1,0xff,0x3a,0x00,0x00,0x00,0x00,0x00,0x00,0x00,
    0x00,0x00,0x00,0x00,0x00,0x00,0x00,0x00,0x25,0x01,0x00,0x00,0x00,0x00,0xf1,0xff,
    0x3b,0x00,0x00,0x00,0x00,0x00,0x00,0x00,0x00,0x00,0x00,0x00,0x00,0x00,0x00,0x00,
    0x2d,0x01,0x00,0x00,0x00,0x00,0xf1,0xff,0x3d,0x00,0x00,0x00,0x00,0x00,0x00,0x00,
    0x00,0x00,0x00,0x00,0x00,0x00,0x00,0x00,0x5e,0x04,0x00,0x00,0x00,0x00,0xf1,0xff,
    0x3e,0x00,0x00,0x00,0x00,0x00,0x00,0x00,0x00,0x00,0x00,0x00,0x00,0x00,0x00,0x00,
    0x7f,0x03,0x00,0x00,0x00,0x00,0xf1,0xff,0x3f,0x00,0x00,0x00,0x00,0x00,0x00,0x00,
    0x00,0x00,0x00,0x00,0x00,0x00,0x00,0x00,0x06,0x00,0x00,0x00,0x00,0x00,0xf1,0xff,
    0x40,0x00,0x00,0x00,0x00,0x00,0x00,0x00,0x00,0x00,0x00,0x00,0x00,0x00,0x00,0x00,
    0x14,0x00,0x00,0x00,0x00,0x00,0xf1,0xff,0x41,0x00,0x00,0x00,0x00,0x00,0x00,0x00,
    0x00,0x00,0x00,0x00,0x00,0x00,0x00,0x00,0xc4,0x04,0x00,0x00,0x00,0x00,0xf1,0xff,
    0x42,0x00,0x00,0x00,0x00,0x00,0x00,0x00,0x00,0x00,0x00,0x00,0x00,0x00,0x00,0x00,
    0xed,0x01,0x00,0x00,0x00,0x00,0xf1,0xff,0x43,0x00,0x00,0x00,0x00,0x00,0x00,0x00,
    0x00,0x00,0x00,0x00,0x00,0x00,0x00,0x00,0x3a,0x02,0x00,0x00,0x00,0x00,0xf1,0xff,
    0x44,0x00,0x00,0x00,0x00,0x00,0x00,0x00,0x00,0x00,0x00,0x00,0x00,0x00,0x00,0x00,
    0x9c,0x00,0x00,0x00,0x00,0x00,0xf1,0xff,0x43,0x00,0x00,0x00,0x00,0x00,0x00,0x00,
    0x00,0x00,0x00,0x00,0x00,0x00,0x00,0x00,0xf2,0x03,0x00,0x00,0x00,0x00,0xf1,0xff,
    0x45,0x00,0x00,0x00,0x00,0x00,0x00,0x00,0x00,0x00,0x00,0x00,0x00,0x00,0x00,0x00,
    0xf5,0x01,0x00,0x00,0x00,0x00,0xf1,0xff,0x46,0x00,0x00,0x00,0x00,0x00,0x00,0x00,
    0x00,0x00,0x00,0x00,0x00,0x00,0x00,0x00,0x27,0x02,0x00,0x00,0x00,0x00,0xf1,0xff,
    0x47,0x00,0x00,0x00,0x00,0x00,0x00,0x00,0x00,0x00,0x00,0x00,0x00,0x00,0x00,0x00,
    0x52,0x02,0x00,0x00,0x00,0x00,0xf1,0xff,0x43,0x00,0x00,0x00,0x00,0x00,0x00,0x00,
    0x00,0x00,0x00,0x00,0x00,0x00,0x00,0x00,0x31,0x02,0x00,0x00,0x00,0x00,0xf1,0xff,
    0x47,0x00,0x00,0x00,0x00,0x00,0x00,0x00,0x00,0x00,0x00,0x00,0x00,0x00,0x00,0x00,
    0x7a,0x02,0x00,0x00,0x00,0x00,0xf1,0xff,0x45,0x00,0x00,0x00,0x00,0x00,0x00,0x00,
    0x00,0x00,0x00,0x00,0x00,0x00,0x00,0x00,0xba,0x04,0x00,0x00,0x00,0x00,0xf1,0xff,
    0x42,0x00,0x00,0x00,0x00,0x00,0x00,0x00,0x00,0x00,0x00,0x00,0x00,0x00,0x00,0x00,
    0x61,0x03,0x00,0x00,0x00,0x00,0xf1,0xff,0x44,0x00,0x00,0x00,0x00,0x00,0x00,0x00,
    0x00,0x00,0x00,0x00,0x00,0x00,0x00,0x00,0xdd,0x01,0x00,0x00,0x00,0x00,0xf1,0xff,
    0x37,0x00,0x00,0x00,0x00,0x00,0x00,0x00,0x00,0x00,0x00,0x00,0x00,0x00,0x00,0x00,
    0xc3,0x01,0x00,0x00,0x00,0x00,0xf1,0xff,0x38,0x00,0x00,0x00,0x00,0x00,0x00,0x00,
    0x00,0x00,0x00,0x00,0x00,0x00,0x00,0x00,0x9f,0x01,0x00,0x00,0x00,0x00,0xf1,0xff,
    0x39,0x00,0x00,0x00,0x00,0x00,0x00,0x00,0x00,0x00,0x00,0x00,0x00,0x00,0x00,0x00,
    0x1c,0x01,0x00,0x00,0x00,0x00,0xf1,0xff,0x3b,0x00,0x00,0x00,0x00,0x00,0x00,0x00,
    0x00,0x00,0x00,0x00,0x00,0x00,0x00,0x00,0x22,0x00,0x00,0x00,0x00,0x00,0xf1,0xff,
    0x3f,0x00,0x00,0x00,0x00,0x00,0x00,0x00,0x00,0x00,0x00,0x00,0x00,0x00,0x00,0x00,
    0x95,0x04,0x00,0x00,0x00,0x00,0xf1,0xff,0x42,0x00,0x00,0x00,0x00,0x00,0x00,0x00,
    0x00,0x00,0x00,0x00,0x00,0x00,0x00,0x00,0x93,0x01,0x00,0x00,0x00,0x00,0xf1,0xff,
    0x48,0x00,0x00,0x00,0x00,0x00,0x00,0x00,0x00,0x00,0x00,0x00,0x00,0x00,0x00,0x00,
    0x06,0x05,0x00,0x00,0x00,0x00,0xf1,0xff,0x00,0x00,0x00,0x00,0x00,0x00,0x00,0x00,
    0x00,0x00,0x00,0x00,0x00,0x00,0x00,0x00,0x1d,0x00,0x00,0x00,0x00,0x00,0xf1,0xff,
    0x02,0x00,0x00,0x00,0x00,0x00,0x00,0x00,0x00,0x00,0x00,0x00,0x00,0x00,0x00,0x00,
    0x0f,0x00,0x00,0x00,0x00,0x00,0xf1,0xff,0x03,0x00,0x00,0x00,0x00,0x00,0x00,0x00,
    0x00,0x00,0x00,0x00,0x00,0x00,0x00,0x00,0x01,0x00,0x00,0x00,0x00,0x00,0xf1,0xff,
    0x04,0x00,0x00,0x00,0x00,0x00,0x00,0x00,0x00,0x00,0x00,0x00,0x00,0x00,0x00,0x00,
    0x20,0x02,0x00,0x00,0x00,0x00,0xf1,0xff,0x05,0x00,0x00,0x00,0x00,0x00,0x00,0x00,
    0x00,0x00,0x00,0x00,0x00,0x00,0x00,0x00,0x70,0x01,0x00,0x00,0x00,0x00,0xf1,0xff,
    0x06,0x00,0x00,0x00,0x00,0x00,0x00,0x00,0x00,0x00,0x00,0x00,0x00,0x00,0x00,0x00,
    0x70,0x03,0x00,0x00,0x00,0x00,0xf1,0xff,0x07,0x00,0x00,0x00,0x00,0x00,0x00,0x00,
    0x00,0x00,0x00,0x00,0x00,0x00,0x00,0x00,0xb9,0x02,0x00,0x00,0x00,0x00,0xf1,0xff,
    0x08,0x00,0x00,0x00,0x00,0x00,0x00,0x00,0x00,0x00,0x00,0x00,0x00,0x00,0x00,0x00,
    0xb4,0x02,0x00,0x00,0x00,0x00,0xf1,0xff,0x09,0x00,0x00,0x00,0x00,0x00,0x00,0x00,
    0x00,0x00,0x00,0x00,0x00,0x00,0x00,0x00,0xff,0x01,0x00,0x00,0x00,0x00,0xf1,0xff,
    0x0a,0x00,0x00,0x00,0x00,0x00,0x00,0x00,0x00,0x00,0x00,0x00,0x00,0x00,0x00,0x00,
    0x59,0x02,0x00,0x00,0x00,0x00,0xf1,0xff,0x0b,0x00,0x00,0x00,0x00,0x00,0x00,0x00,
    0x00,0x00,0x00,0x00,0x00,0x00,0x00,0x00,0x6b,0x04,0x00,0x00,0x00,0x00,0xf1,0xff,
    0x0c,0x00,0x00,0x00,0x00,0x00,0x00,0x00,0x00,0x00,0x00,0x00,0x00,0x00,0x00,0x00,
    0x6c,0x03,0x00,0x00,0x00,0x00,0xf1,0xff,0x0d,0x00,0x00,0x00,0x00,0x00,0x00,0x00,
    0x00,0x00,0x00,0x00,0x00,0x00,0x00,0x00,0xd8,0x01,0x00,0x00,0x00,0x00,0xf1,0xff,
    0x0e,0x00,0x00,0x00,0x00,0x00,0x00,0x00,0x00,0x00,0x00,0x00,0x00,0x00,0x00,0x00,
    0xb4,0x01,0x00,0x00,0x00,0x00,0xf1,0xff,0x0f,0x00,0x00,0x00,0x00,0x00,0x00,0x00,
    0x00,0x00,0x00,0x00,0x00,0x00,0x00,0x00,0x12,0x02,0x00,0x00,0x00,0x00,0xf1,0xff,
    0x10,0x00,0x00,0x00,0x00,0x00,0x00,0x00,0x00,0x00,0x00,0x00,0x00,0x00,0x00,0x00,
    0x6f,0x04,0x00,0x00,0x00,0x00,0xf1,0xff,0x11,0x00,0x00,0x00,0x00,0x00,0x00,0x00,
    0x00,0x00,0x00,0x00,0x00,0x00,0x00,0x00,0xe4,0x02,0x00,0x00,0x00,0x00,0xf1,0xff,
    0x12,0x00,0x00,0x00,0x00,0x00,0x00,0x00,0x00,0x00,0x00,0x00,0x00,0x00,0x00,0x00,
    0x80,0x00,0x00,0x00,0x00,0x00,0xf1,0xff,0x13,0x00,0x00,0x00,0x00,0x00,0x00,0x00,
    0x00,0x00,0x00,0x00,0x00,0x00,0x00,0x00,0x03,0x02,0x00,0x00,0x00,0x00,0xf1,0xff,
    0x14,0x00,0x00,0x00,0x00,0x00,0x00,0x00,0x00,0x00,0x00,0x00,0x00,0x00,0x00,0x00,
    0x87,0x02,0x00,0x00,0x00,0x00,0xf1,0xff,0x15,0x00,0x00,0x00,0x00,0x00,0x00,0x00,
    0x00,0x00,0x00,0x00,0x00,0x00,0x00,0x00,0xd5,0x02,0x00,0x00,0x00,0x00,0xf1,0xff,
    0x16,0x00,0x00,0x00,0x00,0x00,0x00,0x00,0x00,0x00,0x00,0x00,0x00,0x00,0x00,0x00,
    0x71,0x00,0x00,0x00,0x00,0x00,0xf1,0xff,0x17,0x00,0x00,0x00,0x00,0x00,0x00,0x00,
    0x00,0x00,0x00,0x00,0x00,0x00,0x00,0x00,0x4d,0x00,0x00,0x00,0x00,0x00,0xf1,0xff,
    0x18,0x00,0x00,0x00,0x00,0x00,0x00,0x00,0x00,0x00,0x00,0x00,0x00,0x00,0x00,0x00,
    0x36,0x00,0x00,0x00,0x00,0x00,0xf1,0xff,0x19,0x00,0x00,0x00,0x00,0x00,0x00,0x00,
    0x00,0x00,0x00,0x00,0x00,0x00,0x00,0x00,0x59,0x00,0x00,0x00,0x00,0x00,0xf1,0xff,
    0x1a,0x00,0x00,0x00,0x00,0x00,0x00,0x00,0x00,0x00,0x00,0x00,0x00,0x00,0x00,0x00,
    0x44,0x00,0x00,0x00,0x00,0x00,0xf1,0xff,0x1b,0x00,0x00,0x00,0x00,0x00,0x00,0x00,
    0x00,0x00,0x00,0x00,0x00,0x00,0x00,0x00,0xe6,0x01,0x00,0x00,0x00,0x00,0xf1,0xff,
    0x1c,0x00,0x00,0x00,0x00,0x00,0x00,0x00,0x00,0x00,0x00,0x00,0x00,0x00,0x00,0x00,
    0xbe,0x02,0x00,0x00,0x00,0x00,0xf1,0xff,0x20,0x00,0x00,0x00,0x00,0x00,0x00,0x00,
    0x00,0x00,0x00,0x00,0x00,0x00,0x00,0x00,0x94,0x00,0x00,0x00,0x00,0x00,0xf1,0xff,
    0x24,0x00,0x00,0x00,0x00,0x00,0x00,0x00,0x00,0x00,0x00,0x00,0x00,0x00,0x00,0x00,
    0xc7,0x05,0x00,0x00,0x00,0x00,0xf1,0xff,0x28,0x00,0x00,0x00,0x00,0x00,0x00,0x00,
    0x00,0x00,0x00,0x00,0x00,0x00,0x00,0x00,0x4e,0x05,0x00,0x00,0x00,0x00,0xf1,0xff,
    0x29,0x00,0x00,0x00,0x00,0x00,0x00,0x00,0x00,0x00,0x00,0x00,0x00,0x00,0x00,0x00,
    0x35,0x05,0x00,0x00,0x00,0x00,0xf1,0xff,0x2a,0x00,0x00,0x00,0x00,0x00,0x00,0x00,
    0x00,0x00,0x00,0x00,0x00,0x00,0x00,0x00,0x2b,0x05,0x00,0x00,0x00,0x00,0xf1,0xff,
    0x2b,0x00,0x00,0x00,0x00,0x00,0x00,0x00,0x00,0x00,0x00,0x00,0x00,0x00,0x00,0x00,
    0x21,0x05,0x00,0x00,0x00,0x00,0xf1,0xff,0x2c,0x00,0x00,0x00,0x00,0x00,0x00,0x00,
    0x00,0x00,0x00,0x00,0x00,0x00,0x00,0x00,0x17,0x05,0x00,0x00,0x00,0x00,0xf1,0xff,
    0x2d,0x00,0x00,0x00,0x00,0x00,0x00,0x00,0x00,0x00,0x00,0x00,0x00,0x00,0x00,0x00,
    0xb8,0x05,0x00,0x00,0x00,0x00,0xf1,0xff,0x2e,0x00,0x00,0x00,0x00,0x00,0x00,0x00,
    0x00,0x00,0x00,0x00,0x00,0x00,0x00,0x00,0x3f,0x05,0x00,0x00,0x00,0x00,0xf1,0xff,
    0x2f,0x00,0x00,0x00,0x00,0x00,0x00,0x00,0x00,0x00,0x00,0x00,0x00,0x00,0x00,0x00,
    0xa5,0x02,0x00,0x00,0x00,0x00,0xf1,0xff,0x30,0x00,0x00,0x00,0x00,0x00,0x00,0x00,
    0x00,0x00,0x00,0x00,0x00,0x00,0x00,0x00,0x85,0x01,0x00,0x00,0x00,0x00,0xf1,0xff,
    0x31,0x00,0x00,0x00,0x00,0x00,0x00,0x00,0x00,0x00,0x00,0x00,0x00,0x00,0x00,0x00,
    0x77,0x01,0x00,0x00,0x00,0x00,0xf1,0xff,0x32,0x00,0x00,0x00,0x00,0x00,0x00,0x00,
    0x00,0x00,0x00,0x00,0x00,0x00,0x00,0x00,0x43,0x02,0x00,0x00,0x00,0x00,0xf1,0xff,
    0x33,0x00,0x00,0x00,0x00,0x00,0x00,0x00,0x00,0x00,0x00,0x00,0x00,0x00,0x00,0x00,
    0xcd,0x04,0x00,0x00,0x00,0x00,0xf1,0xff,0x34,0x00,0x00,0x00,0x00,0x00,0x00,0x00,
    0x00,0x00,0x00,0x00,0x00,0x00,0x00,0x00,0x96,0x02,0x00,0x00,0x00,0x00,0xf1,0xff,
    0x35,0x00,0x00,0x00,0x00,0x00,0x00,0x00,0x00,0x00,0x00,0x00,0x00,0x00,0x00,0x00,
    0x5d,0x02,0x00,0x00,0x00,0x00,0xf1,0xff,0x36,0x00,0x00,0x00,0x00,0x00,0x00,0x00,
    0x00,0x00,0x00,0x00,0x00,0x00,0x00,0x00,0x7d,0x04,0x00,0x00,0x00,0x00,0xf1,0xff,
    0x37,0x00,0x00,0x00,0x00,0x00,0x00,0x00,0x00,0x00,0x00,0x00,0x00,0x00,0x00,0x00,
    0xa5,0x04,0x00,0x00,0x00,0x00,0xf1,0xff,0x38,0x00,0x00,0x00,0x00,0x00,0x00,0x00,
    0x00,0x00,0x00,0x00,0x00,0x00,0x00,0x00,0xb9,0x01,0x00,0x00,0x00,0x00,0xf1,0xff,
    0x39,0x00,0x00,0x00,0x00,0x00,0x00,0x00,0x00,0x00,0x00,0x00,0x00,0x00,0x00,0x00,
    0x10,0x01,0x00,0x00,0x00,0x00,0xf1,0xff,0x3a,0x00,0x00,0x00,0x00,0x00,0x00,0x00,
    0x00,0x00,0x00,0x00,0x00,0x00,0x00,0x00,0x36,0x01,0x00,0x00,0x00,0x00,0xf1,0xff,
    0x3b,0x00,0x00,0x00,0x00,0x00,0x00,0x00,0x00,0x00,0x00,0x00,0x00,0x00,0x00,0x00,
    0x62,0x00,0x00,0x00,0x00,0x00,0xf1,0xff,0x10,0x00,0x00,0x00,0x00,0x00,0x00,0x00,
    0x00,0x00,0x00,0x00,0x00,0x00,0x00,0x00,0xc6,0x02,0x00,0x00,0x00,0x00,0xf1,0xff,
    0x13,0x00,0x00,0x00,0x00,0x00,0x00,0x00,0x00,0x00,0x00,0x00,0x00,0x00,0x00,0x00,
    0xcd,0x01,0x00,0x00,0x00,0x00,0xf1,0xff,0x3c,0x00,0x00,0x00,0x00,0x00,0x00,0x00,
    0x00,0x00,0x00,0x00,0x00,0x00,0x00,0x00,0xa9,0x01,0x00,0x00,0x00,0x00,0xf1,0xff,
    0x3d,0x00,0x00,0x00,0x00,0x00,0x00,0x00,0x00,0x00,0x00,0x00,0x00,0x00,0x00,0x00,
    0x99,0x01,0x00,0x00,0x00,0x00,0xf1,0xff,0x3e,0x00,0x00,0x00,0x00,0x00,0x00,0x00,
    0x00,0x00,0x00,0x00,0x00,0x00,0x00,0x00,0x89,0x03,0x00,0x00,0x00,0x00,0x02,0x00,
    0x90,0x05,0x00,0x00,0x00,0x00,0x00,0x00,0x00,0x00,0x00,0x00,0x00,0x00,0x00,0x00,
    0xa5,0x00,0x00,0x00,0x00,0x00,0x02,0x00,0x5c,0x04,0x00,0x00,0x00,0x00,0x00,0x00,
    0x00,0x00,0x00,0x00,0x00,0x00,0x00,0x00,0xf2,0x02,0x00,0x00,0x00,0x00,0x02,0x00,
    0x68,0x05,0x00,0x00,0x00,0x00,0x00,0x00,0x00,0x00,0x00,0x00,0x00,0x00,0x00,0x00,
    0x58,0x05,0x00,0x00,0x12,0x03,0x02,0x00,0x00,0x00,0x00,0x00,0x00,0x00,0x00,0x00,
    0x00,0x00,0x00,0x00,0x00,0x00,0x00,0x00,0xfb,0x03,0x00,0x00,0x11,0x00,0x03,0x00,
    0x00,0x00,0x00,0x00,0x00,0x00,0x00,0x00,0x40,0x00,0x00,0x00,0x00,0x00,0x00,0x00,
    0x10,0x00,0x00,0x00,0x00,0x00,0x00,0x00,0x05,0x00,0x00,0x00,0x5d,0x00,0x00,0x00,
    0x10,0x00,0x00,0x00,0x00,0x00,0x00,0x00,0x00,0x73,0x5f,0x62,0x7a,0x00,0x76,0x5f,
    0x67,0x74,0x63,0x5f,0x69,0x79,0x00,0x73,0x5f,0x62,0x79,0x00,0x76,0x5f,0x67,0x74,
    0x63,0x5f,0x69,0x78,0x00,0x73,0x5f,0x62,0x78,0x00,0x76,0x5f,0x64,0x69,0x66,0x66,
    0x5f,0x69,0x6e,0x5f,0x69,0x77,0x69,0x5f,0x61,0x63,0x63,0x5f,0x78,0x00,0x73,0x5f,
    0x64,0x69,0x6c,0x61,0x74,0x69,0x6f,0x6e,0x5f,0x68,0x77,0x00,0x73,0x5f,0x77,0x65,
    0x69,0x5f,0x68,0x77,0x00,0x73,0x5f,0x73,0x74,0x72,0x69,0x64,0x65,0x5f,0x68,0x77,
    0x00,0x73,0x5f,0x70,0x61,0x64,0x5f,0x68,0x77,0x00,0x73,0x5f,0x78,0x5f,0x64,0x69,
    0x6c,0x61,0x74,0x69,0x6f,0x6e,0x5f,0x77,0x00,0x73,0x5f,0x6f,0x75,0x74,0x5f,0x73,
    0x74,0x72,0x69,0x64,0x65,0x5f,0x77,0x00,0x73,0x5f,0x69,0x6e,0x5f,0x73,0x74,0x72,
    0x69,0x64,0x65,0x5f,0x77,0x00,0x2e,0x74,0x65,0x78,0x74,0x00,0x73,0x5f,0x70,0x5f,
    0x6f,0x75,0x74,0x00,0x76,0x5f,0x63,0x6f,0x5f,0x73,0x73,0x74,0x00,0x63,0x6f,0x6e,
    0x76,0x5f,0x66,0x77,0x64,0x5f,0x67,0x74,0x63,0x77,0x33,0x5f,0x6e,0x68,0x77,0x63,
    0x5f,0x66,0x70,0x31,0x36,0x78,0x38,0x5f,0x65,0x78,0x30,0x5f,0x62,0x74,0x33,0x32,
    0x78,0x36,0x34,0x78,0x33,0x32,0x5f,0x77,0x72,0x31,0x78,0x32,0x5f,0x77,0x6e,0x32,
    0x78,0x32,0x5f,0x74,0x61,0x31,0x78,0x38,0x78,0x31,0x78,0x31,0x5f,0x31,0x78,0x34,
    0x78,0x31,0x78,0x33,0x32,0x5f,0x74,0x62,0x31,0x78,0x38,0x78,0x32,0x78,0x31,0x5f,
    0x31,0x78,0x34,0x78,0x31,0x78,0x33,0x32,0x5f,0x6d,0x62,0x30,0x5f,0x6c,0x6f,0x6f,
    0x70,0x5f,0x73,0x74,0x61,0x72,0x74,0x00,0x73,0x5f,0x69,0x6e,0x5f,0x6f,0x66,0x66,
    0x73,0x65,0x74,0x00,0x76,0x5f,0x6f,0x75,0x74,0x5f,0x6f,0x73,0x00,0x76,0x5f,0x69,
    0x6e,0x5f,0x6f,0x73,0x00,0x76,0x5f,0x77,0x65,0x69,0x5f,0x6f,0x73,0x00,0x73,0x5f,
    0x77,0x65,0x69,0x5f,0x62,0x61,0x73,0x65,0x5f,0x6f,0x73,0x00,0x76,0x5f,0x73,0x73,
    0x74,0x5f,0x62,0x5f,0x6f,0x73,0x00,0x76,0x5f,0x73,0x6c,0x64,0x5f,0x62,0x5f,0x6f,
    0x73,0x00,0x76,0x5f,0x73,0x73,0x74,0x5f,0x61,0x5f,0x6f,0x73,0x00,0x76,0x5f,0x73,
    0x6c,0x64,0x5f,0x61,0x5f,0x6f,0x73,0x00,0x73,0x5f,0x6b,0x69,0x74,0x72,0x00,0x73,
    0x5f,0x6b,0x5f,0x70,0x65,0x72,0x5f,0x67,0x72,0x6f,0x75,0x70,0x00,0x73,0x5f,0x63,
    0x5f,0x70,0x65,0x72,0x5f,0x67,0x72,0x6f,0x75,0x70,0x00,0x76,0x5f,0x74,0x6d,0x70,
    0x00,0x73,0x5f,0x74,0x6d,0x70,0x00,0x76,0x5f,0x6f,0x75,0x74,0x5f,0x69,0x77,0x6f,
    0x00,0x73,0x5f,0x73,0x68,0x69,0x66,0x74,0x5f,0x77,0x6f,0x00,0x73,0x5f,0x77,0x6f,
    0x00,0x73,0x5f,0x6e,0x5f,0x68,0x6f,0x5f,0x77,0x6f,0x00,0x76,0x5f,0x6f,0x75,0x74,
    0x5f,0x69,0x68,0x6f,0x00,0x73,0x5f,0x73,0x68,0x69,0x66,0x74,0x5f,0x68,0x6f,0x00,
    0x73,0x5f,0x68,0x6f,0x00,0x76,0x5f,0x6f,0x75,0x74,0x5f,0x69,0x6e,0x00,0x73,0x5f,
    0x70,0x5f,0x69,0x6e,0x00,0x76,0x5f,0x69,0x6e,0x5f,0x69,0x6e,0x00,0x76,0x5f,0x67,
    0x65,0x6d,0x6d,0x5f,0x69,0x6e,0x00,0x73,0x5f,0x6e,0x00,0x73,0x5f,0x6f,0x75,0x74,
    0x5f,0x73,0x74,0x72,0x69,0x64,0x65,0x5f,0x6e,0x00,0x73,0x5f,0x69,0x6e,0x5f,0x73,
    0x74,0x72,0x69,0x64,0x65,0x5f,0x6e,0x00,0x73,0x5f,0x6b,0x6e,0x75,0x6d,0x00,0x76,
    0x5f,0x67,0x65,0x6d,0x6d,0x5f,0x69,0x6d,0x00,0x76,0x5f,0x6f,0x75,0x74,0x5f,0x69,
    0x6b,0x00,0x76,0x5f,0x77,0x65,0x69,0x5f,0x69,0x6b,0x00,0x73,0x5f,0x62,0x6c,0x6f,
    0x63,0x6b,0x5f,0x67,0x74,0x63,0x5f,0x69,0x6b,0x00,0x76,0x5f,0x6f,0x75,0x74,0x5f,
    0x6f,0x73,0x5f,0x6b,0x00,0x73,0x5f,0x6d,0x6f,0x76,0x65,0x5f,0x73,0x6c,0x69,0x63,
    0x65,0x5f,0x6b,0x5f,0x73,0x74,0x72,0x69,0x64,0x65,0x5f,0x67,0x65,0x6d,0x6d,0x5f,
    0x6b,0x00,0x76,0x5f,0x6f,0x75,0x74,0x5f,0x66,0x6c,0x61,0x67,0x5f,0x6b,0x00,0x73,
    0x5f,0x6f,0x75,0x74,0x5f,0x73,0x74,0x72,0x69,0x64,0x65,0x5f,0x6b,0x00,0x73,0x5f,
    0x77,0x65,0x69,0x5f,0x73,0x74,0x72,0x69,0x64,0x65,0x5f,0x6b,0x00,0x73,0x5f,0x6d,
    0x6f,0x76,0x65,0x5f,0x73,0x6c,0x69,0x63,0x65,0x5f,0x6b,0x00,0x73,0x5f,0x77,0x69,
    0x00,0x73,0x5f,0x68,0x69,0x00,0x73,0x5f,0x70,0x5f,0x77,0x65,0x69,0x00,0x73,0x5f,
    0x79,0x5f,0x64,0x69,0x6c,0x61,0x74,0x69,0x6f,0x6e,0x5f,0x68,0x00,0x73,0x5f,0x6f,
    0x75,0x74,0x5f,0x73,0x74,0x72,0x69,0x64,0x65,0x5f,0x68,0x00,0x73,0x5f,0x69,0x6e,
    0x5f,0x73,0x74,0x72,0x69,0x64,0x65,0x5f,0x68,0x00,0x63,0x6f,0x6e,0x76,0x5f,0x66,
    0x77,0x64,0x5f,0x67,0x74,0x63,0x77,0x33,0x5f,0x6e,0x68,0x77,0x63,0x5f,0x66,0x70,
    0x31,0x36,0x78,0x38,0x5f,0x65,0x78,0x30,0x5f,0x62,0x74,0x33,0x32,0x78,0x36,0x34,
    0x78,0x33,0x32,0x5f,0x77,0x72,0x31,0x78,0x32,0x5f,0x77,0x6e,0x32,0x78,0x32,0x5f,
    0x74,0x61,0x31,0x78,0x38,0x78,0x31,0x78,0x31,0x5f,0x31,0x78,0x34,0x78,0x31,0x78,
    0x33,0x32,0x5f,0x74,0x62,0x31,0x78,0x38,0x78,0x32,0x78,0x31,0x5f,0x31,0x78,0x34,
    0x78,0x31,0x78,0x33,0x32,0x5f,0x6d,0x62,0x30,0x5f,0x6c,0x6f,0x6f,0x70,0x5f,0x66,
    0x69,0x6e,0x69,0x73,0x68,0x69,0x6e,0x67,0x00,0x76,0x5f,0x6f,0x75,0x74,0x5f,0x66,
    0x6c,0x61,0x67,0x00,0x73,0x5f,0x67,0x00,0x73,0x5f,0x30,0x78,0x66,0x66,0x66,0x66,
    0x00,0x2e,0x6e,0x6f,0x74,0x65,0x00,0x76,0x5f,0x67,0x74,0x63,0x5f,0x69,0x63,0x65,
    0x00,0x63,0x6f,0x6e,0x76,0x5f,0x66,0x77,0x64,0x5f,0x67,0x74,0x63,0x77,0x33,0x5f,
    0x6e,0x68,0x77,0x63,0x5f,0x66,0x70,0x31,0x36,0x78,0x38,0x5f,0x65,0x78,0x30,0x5f,
    0x62,0x74,0x33,0x32,0x78,0x36,0x34,0x78,0x33,0x32,0x5f,0x77,0x72,0x31,0x78,0x32,
    0x5f,0x77,0x6e,0x32,0x78,0x32,0x5f,0x74,0x61,0x31,0x78,0x38,0x78,0x31,0x78,0x31,
    0x5f,0x31,0x78,0x34,0x78,0x31,0x78,0x33,0x32,0x5f,0x74,0x62,0x31,0x78,0x38,0x78,
    0x32,0x78,0x31,0x5f,0x31,0x78,0x34,0x78,0x31,0x78,0x33,0x32,0x5f,0x6d,0x62,0x30,
    0x5f,0x6c,0x6f,0x6f,0x70,0x5f,0x65,0x6e,0x64,0x00,0x76,0x5f,0x63,0x6f,0x5f,0x73,
    0x6c,0x64,0x00,0x63,0x6f,0x6e,0x76,0x5f,0x66,0x77,0x64,0x5f,0x67,0x74,0x63,0x77,
    0x33,0x5f,0x6e,0x68,0x77,0x63,0x5f,0x66,0x70,0x31,0x36,0x78,0x38,0x5f,0x65,0x78,
    0x30,0x5f,0x62,0x74,0x33,0x32,0x78,0x36,0x34,0x78,0x33,0x32,0x5f,0x77,0x72,0x31,
    0x78,0x32,0x5f,0x77,0x6e,0x32,0x78,0x32,0x5f,0x74,0x61,0x31,0x78,0x38,0x78,0x31,
    0x78,0x31,0x5f,0x31,0x78,0x34,0x78,0x31,0x78,0x33,0x32,0x5f,0x74,0x62,0x31,0x78,
    0x38,0x78,0x32,0x78,0x31,0x5f,0x31,0x78,0x34,0x78,0x31,0x78,0x33,0x32,0x5f,0x6d,
    0x62,0x30,0x2e,0x6b,0x64,0x00,0x76,0x5f,0x67,0x74,0x63,0x5f,0x69,0x63,0x00,0x76,
    0x5f,0x63,0x00,0x73,0x5f,0x63,0x00,0x73,0x5f,0x69,0x6e,0x5f,0x73,0x74,0x72,0x69,
    0x64,0x65,0x5f,0x63,0x00,0x73,0x5f,0x6d,0x6f,0x76,0x65,0x5f,0x73,0x6c,0x69,0x63,
    0x65,0x5f,0x6b,0x5f,0x73,0x74,0x72,0x69,0x64,0x65,0x5f,0x63,0x00,0x76,0x5f,0x64,
    0x69,0x66,0x66,0x5f,0x69,0x6e,0x5f,0x61,0x63,0x63,0x5f,0x63,0x00,0x73,0x5f,0x6d,
    0x6f,0x76,0x65,0x5f,0x73,0x6c,0x69,0x63,0x65,0x5f,0x6b,0x5f,0x61,0x63,0x63,0x5f,
    0x63,0x00,0x76,0x5f,0x6f,0x75,0x74,0x5f,0x69,0x6e,0x62,0x00,0x76,0x5f,0x69,0x6e,
    0x5f,0x69,0x6e,0x62,0x00,0x73,0x5f,0x62,0x6c,0x6f,0x63,0x6b,0x5f,0x67,0x74,0x63,
    0x5f,0x69,0x6e,0x62,0x00,0x2e,0x73,0x74,0x72,0x74,0x61,0x62,0x00,0x2e,0x73,0x79,
    0x6d,0x74,0x61,0x62,0x00,0x76,0x5f,0x62,0x00,0x76,0x5f,0x67,0x6c,0x64,0x5f,0x62,
    0x00,0x2e,0x72,0x65,0x6c,0x61,0x2e,0x72,0x6f,0x64,0x61,0x74,0x61,0x00,0x73,0x5f,
    0x6b,0x61,0x00,0x76,0x5f,0x61,0x00,0x76,0x5f,0x67,0x6c,0x64,0x5f,0x61,0x00,0x73,
    0x5f,0x6d,0x61,0x67,0x69,0x63,0x5f,0x35,0x00,0x73,0x5f,0x6d,0x61,0x67,0x69,0x63,
    0x5f,0x34,0x00,0x73,0x5f,0x6d,0x61,0x67,0x69,0x63,0x5f,0x33,0x00,0x73,0x5f,0x6d,
    0x61,0x67,0x69,0x63,0x5f,0x32,0x00,0x73,0x5f,0x73,0x68,0x69,0x66,0x74,0x5f,0x70,
    0x61,0x63,0x6b,0x5f,0x31,0x00,0x73,0x5f,0x6d,0x61,0x67,0x69,0x63,0x5f,0x31,0x00,
    0x63,0x6f,0x6e,0x76,0x5f,0x66,0x77,0x64,0x5f,0x67,0x74,0x63,0x77,0x33,0x5f,0x6e,
    0x68,0x77,0x63,0x5f,0x66,0x70,0x31,0x36,0x78,0x38,0x5f,0x65,0x78,0x30,0x5f,0x62,
    0x74,0x33,0x32,0x78,0x36,0x34,0x78,0x33,0x32,0x5f,0x77,0x72,0x31,0x78,0x32,0x5f,
    0x77,0x6e,0x32,0x78,0x32,0x5f,0x74,0x61,0x31,0x78,0x38,0x78,0x31,0x78,0x31,0x5f,
    0x31,0x78,0x34,0x78,0x31,0x78,0x33,0x32,0x5f,0x74,0x62,0x31,0x78,0x38,0x78,0x32,
    0x78,0x31,0x5f,0x31,0x78,0x34,0x78,0x31,0x78,0x33,0x32,0x5f,0x6d,0x62,0x30,0x00,
    0x73,0x5f,0x73,0x68,0x69,0x66,0x74,0x5f,0x70,0x61,0x63,0x6b,0x5f,0x30,0x00,0x73,
    0x5f,0x6d,0x61,0x67,0x69,0x63,0x5f,0x30,0x00,0x00,0x00,0x00,0x00,0x00,0x00,0x00,
    0x00,0x00,0x00,0x00,0x00,0x00,0x00,0x00,0x00,0x00,0x00,0x00,0x00,0x00,0x00,0x00,
    0x00,0x00,0x00,0x00,0x00,0x00,0x00,0x00,0x00,0x00,0x00,0x00,0x00,0x00,0x00,0x00,
    0x00,0x00,0x00,0x00,0x00,0x00,0x00,0x00,0x00,0x00,0x00,0x00,0x00,0x00,0x00,0x00,
    0x00,0x00,0x00,0x00,0x00,0x00,0x00,0x00,0x00,0x00,0x00,0x00,0x00,0x00,0x00,0x00,
    0xdd,0x04,0x00,0x00,0x03,0x00,0x00,0x00,0x00,0x00,0x00,0x00,0x00,0x00,0x00,0x00,
    0x00,0x00,0x00,0x00,0x00,0x00,0x00,0x00,0xc8,0x1c,0x00,0x00,0x00,0x00,0x00,0x00,
    0xd1,0x05,0x00,0x00,0x00,0x00,0x00,0x00,0x00,0x00,0x00,0x00,0x00,0x00,0x00,0x00,
    0x01,0x00,0x00,0x00,0x00,0x00,0x00,0x00,0x00,0x00,0x00,0x00,0x00,0x00,0x00,0x00,
    0x8e,0x00,0x00,0x00,0x01,0x00,0x00,0x00,0x06,0x00,0x00,0x00,0x00,0x00,0x00,0x00,
    0x00,0x00,0x00,0x00,0x00,0x00,0x00,0x00,0x00,0x01,0x00,0x00,0x00,0x00,0x00,0x00,
    0x18,0x07,0x00,0x00,0x00,0x00,0x00,0x00,0x00,0x00,0x00,0x00,0x00,0x00,0x00,0x00,
    0x00,0x01,0x00,0x00,0x00,0x00,0x00,0x00,0x00,0x00,0x00,0x00,0x00,0x00,0x00,0x00,
    0xfe,0x04,0x00,0x00,0x01,0x00,0x00,0x00,0x02,0x00,0x00,0x00,0x00,0x00,0x00,0x00,
    0x00,0x00,0x00,0x00,0x00,0x00,0x00,0x00,0x40,0x08,0x00,0x00,0x00,0x00,0x00,0x00,
    0x40,0x00,0x00,0x00,0x00,0x00,0x00,0x00,0x00,0x00,0x00,0x00,0x00,0x00,0x00,0x00,
    0x40,0x00,0x00,0x00,0x00,0x00,0x00,0x00,0x00,0x00,0x00,0x00,0x00,0x00,0x00,0x00,
    0xf9,0x04,0x00,0x00,0x04,0x00,0x00,0x00,0x40,0x00,0x00,0x00,0x00,0x00,0x00,0x00,
    0x00,0x00,0x00,0x00,0x00,0x00,0x00,0x00,0xb0,0x1c,0x00,0x00,0x00,0x00,0x00,0x00,
    0x18,0x00,0x00,0x00,0x00,0x00,0x00,0x00,0x06,0x00,0x00,0x00,0x03,0x00,0x00,0x00,
    0x08,0x00,0x00,0x00,0x00,0x00,0x00,0x00,0x18,0x00,0x00,0x00,0x00,0x00,0x00,0x00,
    0x79,0x03,0x00,0x00,0x07,0x00,0x00,0x00,0x02,0x00,0x00,0x00,0x00,0x00,0x00,0x00,
    0x00,0x00,0x00,0x00,0x00,0x00,0x00,0x00,0x80,0x08,0x00,0x00,0x00,0x00,0x00,0x00,
    0x44,0x0b,0x00,0x00,0x00,0x00,0x00,0x00,0x00,0x00,0x00,0x00,0x00,0x00,0x00,0x00,
    0x04,0x00,0x00,0x00,0x00,0x00,0x00,0x00,0x00,0x00,0x00,0x00,0x00,0x00,0x00,0x00,
    0xe5,0x04,0x00,0x00,0x02,0x00,0x00,0x00,0x00,0x00,0x00,0x00,0x00,0x00,0x00,0x00,
    0x00,0x00,0x00,0x00,0x00,0x00,0x00,0x00,0xc8,0x13,0x00,0x00,0x00,0x00,0x00,0x00,
    0xe8,0x08,0x00,0x00,0x00,0x00,0x00,0x00,0x01,0x00,0x00,0x00,0x5d,0x00,0x00,0x00,
    0x08,0x00,0x00,0x00,0x00,0x00,0x00,0x00,0x18,0x00,0x00,0x00,0x00,0x00,0x00,0x00 
        },
        .m_kernelName = {},
        .m_compilerVersion = {},
        .m_codeObjectVersion = 0,
        .m_isRelocatable = true,
        .m_shaderType = ShaderTypesFlags::UNKNOWN
    };
    
    const StaticShaderType<9536> MisaConv1x1_Relu_Elf =
    {
        .m_binary = {
    0x7f,0x45,0x4c,0x46,0x02,0x01,0x01,0x40,0x02,0x00,0x00,0x00,0x00,0x00,0x00,0x00,
    0x01,0x00,0xe0,0x00,0x01,0x00,0x00,0x00,0x00,0x00,0x00,0x00,0x00,0x00,0x00,0x00,
    0x00,0x00,0x00,0x00,0x00,0x00,0x00,0x00,0x80,0x23,0x00,0x00,0x00,0x00,0x00,0x00,
    0x41,0x00,0x00,0x00,0x40,0x00,0x00,0x00,0x00,0x00,0x40,0x00,0x07,0x00,0x01,0x00,
    0x00,0x00,0x00,0x00,0x00,0x00,0x00,0x00,0x00,0x00,0x00,0x00,0x00,0x00,0x00,0x00,
    0x00,0x00,0x00,0x00,0x00,0x00,0x00,0x00,0x00,0x00,0x00,0x00,0x00,0x00,0x00,0x00,
    0x00,0x00,0x00,0x00,0x00,0x00,0x00,0x00,0x00,0x00,0x00,0x00,0x00,0x00,0x00,0x00,
    0x00,0x00,0x00,0x00,0x00,0x00,0x00,0x00,0x00,0x00,0x00,0x00,0x00,0x00,0x00,0x00,
    0x00,0x00,0x00,0x00,0x00,0x00,0x00,0x00,0x00,0x00,0x00,0x00,0x00,0x00,0x00,0x00,
    0x00,0x00,0x00,0x00,0x00,0x00,0x00,0x00,0x00,0x00,0x00,0x00,0x00,0x00,0x00,0x00,
    0x00,0x00,0x00,0x00,0x00,0x00,0x00,0x00,0x00,0x00,0x00,0x00,0x00,0x00,0x00,0x00,
    0x00,0x00,0x00,0x00,0x00,0x00,0x00,0x00,0x00,0x00,0x00,0x00,0x00,0x00,0x00,0x00,
    0x00,0x00,0x00,0x00,0x00,0x00,0x00,0x00,0x00,0x00,0x00,0x00,0x00,0x00,0x00,0x00,
    0x00,0x00,0x00,0x00,0x00,0x00,0x00,0x00,0x00,0x00,0x00,0x00,0x00,0x00,0x00,0x00,
    0x00,0x00,0x00,0x00,0x00,0x00,0x00,0x00,0x00,0x00,0x00,0x00,0x00,0x00,0x00,0x00,
    0x00,0x00,0x00,0x00,0x00,0x00,0x00,0x00,0x00,0x00,0x00,0x00,0x00,0x00,0x00,0x00,
    0x00,0x07,0x04,0xf4,0x00,0x00,0x00,0xf8,0x00,0x08,0x04,0xf4,0x08,0x00,0x00,0xf8,
    0x00,0x09,0x04,0xf4,0x10,0x00,0x00,0xf8,0x00,0x02,0x10,0xf4,0x20,0x00,0x00,0xf8,
    0x00,0x06,0x08,0xf4,0x60,0x00,0x00,0xf8,0x00,0x0c,0x00,0xf4,0x70,0x00,0x00,0xf8,
    0x00,0x0a,0x0c,0xf4,0x74,0x00,0x00,0xf8,0x00,0x03,0x90,0x7e,0x9f,0x90,0x88,0x36,
    0x85,0x90,0x90,0x32,0x83,0x90,0x7e,0x36,0x00,0x03,0x90,0x7e,0x9f,0x90,0x84,0x36,
    0xff,0x00,0x87,0xbe,0xff,0xff,0x00,0x00,0x80,0x00,0xbb,0xbe,0x07,0xfc,0x89,0xbf,
    0x0e,0x07,0x04,0xf4,0x00,0x00,0x00,0xf8,0x10,0x08,0x04,0xf4,0x00,0x00,0x00,0xf8,
    0x12,0x09,0x04,0xf4,0x00,0x00,0x00,0xf8,0x07,0xfc,0x89,0xbf,0x1d,0xff,0x1d,0x8b,
    0xff,0xff,0x00,0x00,0x21,0xff,0x21,0x8b,0xff,0xff,0x00,0x00,0x25,0xff,0x25,0x8b,
    0xff,0xff,0x00,0x00,0x2e,0xff,0x41,0x93,0x00,0x00,0x08,0x00,0x28,0x0c,0xbe,0x96,
    0x3e,0x0c,0x3e,0x80,0x3e,0x41,0x31,0x85,0x28,0x0b,0xbe,0x96,0x3e,0x0b,0x3e,0x80,
    0x3e,0x41,0x32,0x85,0x28,0x04,0xbe,0x96,0x3e,0x04,0x3e,0x80,0x3e,0x41,0x43,0x85,
    0x0d,0x43,0x3e,0x96,0x04,0x3e,0xc2,0x80,0x31,0x32,0x3e,0x96,0x3e,0x81,0x3e,0x84,
    0x3e,0x00,0xa2,0xbe,0xff,0x00,0xa3,0xbe,0x00,0x00,0x02,0x30,0x3e,0x42,0x3e,0x96,
    0x20,0x3e,0x20,0x80,0x21,0x80,0x21,0x82,0x10,0x0a,0x3e,0x96,0x3e,0x43,0x40,0x96,
    0x3e,0x43,0xc1,0x96,0x1c,0x40,0x1c,0x80,0x1d,0x41,0x1d,0x82,0x14,0x0a,0x3e,0x96,
    0x3e,0x43,0x40,0x96,0x3e,0x43,0xc1,0x96,0x24,0x40,0x24,0x80,0x25,0x41,0x25,0x82,
    0x31,0x83,0x40,0x85,0x32,0x83,0x41,0x85,0x40,0x42,0x3e,0x96,0x11,0x3e,0x3e,0x96,
    0x1c,0x3e,0x1c,0x80,0x1d,0x80,0x1d,0x82,0x41,0x42,0x3e,0x96,0x15,0x3e,0x3e,0x96,
    0x24,0x3e,0x24,0x80,0x25,0x80,0x25,0x82,0x02,0xc0,0x34,0x96,0x03,0xa0,0x33,0x96,
    0x31,0x83,0x0c,0x85,0x3f,0x03,0x7c,0x7e,0x31,0x00,0x85,0xbe,0x31,0x81,0x35,0x84,
    0x33,0x88,0x9a,0x4a,0x84,0x7e,0x90,0x30,0x4c,0x00,0x2c,0xd7,0x35,0x9a,0x02,0x00,
    0x35,0xa0,0x35,0x96,0x48,0x99,0x7a,0x4a,0x80,0x02,0x56,0x7e,0x80,0x02,0x58,0x7e,
    0x80,0x02,0x5a,0x7e,0x80,0x02,0x5c,0x7e,0x00,0x00,0x5c,0xe0,0x3d,0x2b,0x48,0x3b,
    0x80,0x00,0xba,0xbe,0x10,0x0a,0x1e,0x96,0xff,0x00,0x9f,0xbe,0x00,0x00,0x02,0x30,
    0x08,0x90,0x08,0x84,0x80,0x00,0x81,0xbe,0x4d,0x00,0x55,0xd6,0x34,0x02,0x08,0x05,
    0x2e,0xff,0x41,0x93,0x18,0x00,0x08,0x00,0x4b,0x00,0x2d,0xd7,0x2b,0x9a,0x02,0x00,
    0x4b,0x9b,0x96,0x4a,0x41,0x96,0x98,0x32,0x4b,0x00,0x2c,0xd7,0x0f,0x98,0x02,0x00,
    0x4d,0x97,0x90,0x4c,0x2e,0xff,0x41,0x93,0x10,0x00,0x08,0x00,0x4b,0x00,0x2d,0xd7,
    0x2a,0x98,0x02,0x00,0x4b,0x99,0x96,0x4a,0x41,0x96,0x86,0x32,0x4b,0x00,0x2c,0xd7,
    0x0e,0x86,0x02,0x00,0x4c,0x97,0x92,0x4c,0x4d,0x00,0x2c,0xd7,0x10,0x86,0x02,0x00,
    0x4c,0x00,0x2c,0xd7,0x11,0x7c,0x02,0x00,0x4b,0x00,0x2c,0xd7,0x12,0x92,0x02,0x00,
    0x4a,0x00,0x2c,0xd7,0x13,0x90,0x02,0x00,0x3b,0x00,0x55,0xd6,0x4d,0x99,0x2e,0x05,
    0x4a,0x77,0x76,0x4a,0xa0,0x00,0x81,0xbe,0x4d,0x00,0x55,0xd6,0x34,0x02,0x08,0x05,
    0x2e,0xff,0x41,0x93,0x18,0x00,0x08,0x00,0x4b,0x00,0x2d,0xd7,0x2b,0x9a,0x02,0x00,
    0x4b,0x9b,0x96,0x4a,0x41,0x96,0x98,0x32,0x4b,0x00,0x2c,0xd7,0x0f,0x98,0x02,0x00,
    0x4d,0x97,0x90,0x4c,0x2e,0xff,0x41,0x93,0x10,0x00,0x08,0x00,0x4b,0x00,0x2d,0xd7,
    0x2a,0x98,0x02,0x00,0x4b,0x99,0x96,0x4a,0x41,0x96,0x86,0x32,0x4b,0x00,0x2c,0xd7,
    0x0e,0x86,0x02,0x00,0x4c,0x97,0x92,0x4c,0x4d,0x00,0x2c,0xd7,0x10,0x86,0x02,0x00,
    0x4c,0x00,0x2c,0xd7,0x11,0x7c,0x02,0x00,0x4b,0x00,0x2c,0xd7,0x12,0x92,0x02,0x00,
    0x4a,0x00,0x2c,0xd7,0x13,0x90,0x02,0x00,0x3c,0x00,0x55,0xd6,0x4d,0x99,0x2e,0x05,
    0x4a,0x79,0x78,0x4a,0x80,0x02,0x5e,0x7e,0x80,0x02,0x60,0x7e,0x80,0x02,0x62,0x7e,
    0x80,0x02,0x64,0x7e,0x80,0x02,0x66,0x7e,0x80,0x02,0x68,0x7e,0x80,0x02,0x6a,0x7e,
    0x80,0x02,0x6c,0x7e,0x00,0x00,0x5c,0xe0,0x3b,0x2f,0x47,0x3a,0x00,0x00,0x5c,0xe0,
    0x3c,0x33,0x47,0x3a,0x00,0x03,0x9a,0x7e,0x85,0x9a,0x90,0x32,0x8f,0x9a,0x92,0x36,
    0x81,0x90,0x8c,0x36,0x81,0x90,0x8e,0x32,0x81,0x92,0x96,0x36,0x81,0x92,0x94,0x32,
    0x46,0x00,0x56,0xd6,0x46,0x09,0x25,0x05,0x4b,0x00,0x56,0xd6,0x4b,0x07,0x29,0x05,
    0x47,0x00,0x56,0xd6,0x47,0x09,0x2d,0x05,0x00,0x03,0x9a,0x7e,0x8f,0x9a,0x96,0x36,
    0x84,0x9a,0x94,0x32,0x81,0x94,0x94,0x36,0x85,0x9a,0x90,0x32,0x81,0x90,0x92,0x36,
    0x81,0x90,0x90,0x32,0x81,0x90,0x90,0x36,0x43,0x00,0x56,0xd6,0x49,0x09,0x2d,0x05,
    0x83,0x94,0x94,0x30,0x45,0x00,0x56,0xd6,0x48,0x09,0x29,0x05,0x84,0x8e,0x70,0x30,
    0x83,0x88,0x94,0x30,0x48,0x00,0x0b,0xd6,0x3f,0xff,0x29,0x05,0x00,0x01,0x00,0x00,
    0x81,0x90,0x6e,0x30,0x84,0x8c,0x74,0x30,0x83,0x84,0x94,0x30,0x48,0x00,0x0b,0xd6,
    0x3f,0xff,0x29,0x05,0x00,0x02,0x00,0x00,0x81,0x90,0x72,0x30,0xff,0x74,0x74,0x4a,
    0x00,0x08,0x00,0x00,0xff,0x72,0x72,0x4a,0x00,0x08,0x00,0x00,0x43,0x03,0x8c,0x7e,
    0x45,0x03,0x8e,0x7e,0x33,0x8e,0x8e,0x4a,0x83,0x8e,0x90,0x32,0x43,0x00,0x2c,0xd7,
    0x15,0x90,0x02,0x00,0x0a,0x0e,0x39,0x96,0x2e,0xff,0x3d,0x93,0x18,0x00,0x08,0x00,
    0x2e,0xff,0x3c,0x93,0x10,0x00,0x08,0x00,0x0f,0x39,0x39,0x96,0xc1,0x00,0xa6,0xbe,
    0xff,0x00,0xa7,0xbe,0x00,0x00,0x02,0x30,0x32,0x8e,0x98,0x7c,0x45,0x00,0x01,0xd5,
    0x80,0x02,0xa9,0x01,0xc0,0x00,0xb6,0xbe,0x11,0x84,0x37,0x96,0x84,0x00,0xb8,0xbe,
    0x80,0x02,0x00,0x7e,0x80,0x02,0x02,0x7e,0x80,0x02,0x04,0x7e,0x80,0x02,0x06,0x7e,
    0x80,0x02,0x08,0x7e,0x80,0x02,0x0a,0x7e,0x80,0x02,0x0c,0x7e,0x80,0x02,0x0e,0x7e,
    0x80,0x02,0x10,0x7e,0x80,0x02,0x12,0x7e,0x80,0x02,0x14,0x7e,0x80,0x02,0x16,0x7e,
    0x80,0x02,0x18,0x7e,0x80,0x02,0x1a,0x7e,0x80,0x02,0x1c,0x7e,0x80,0x02,0x1e,0x7e,
    0xf7,0x0b,0x89,0xbf,0x00,0x00,0x7c,0xdb,0x37,0x2b,0x00,0x00,0xf7,0x03,0x89,0xbf,
    0x00,0x00,0x7c,0xdb,0x39,0x2f,0x00,0x00,0x00,0x02,0x7c,0xdb,0x39,0x33,0x00,0x00,
    0x37,0x3a,0x3a,0x80,0x36,0x7a,0x7a,0x4a,0x07,0xfc,0x89,0xbf,0x00,0x00,0xbd,0xbf,
    0x00,0x00,0xfc,0xdb,0x3a,0x00,0x00,0x1a,0x00,0x04,0xfc,0xdb,0x3a,0x00,0x00,0x1e,
    0x00,0x00,0xfc,0xdb,0x38,0x00,0x00,0x11,0x00,0x02,0xfc,0xdb,0x38,0x00,0x00,0x15,
    0x05,0xa0,0x86,0x81,0x06,0x80,0x02,0xbf,0x4d,0x00,0xa1,0xbf,0x00,0x00,0x5c,0xe0,
    0x3d,0x2b,0x48,0x3b,0x80,0x02,0x5e,0x7e,0x80,0x02,0x60,0x7e,0x80,0x02,0x62,0x7e,
    0x80,0x02,0x64,0x7e,0x80,0x02,0x66,0x7e,0x80,0x02,0x68,0x7e,0x80,0x02,0x6a,0x7e,
    0x80,0x02,0x6c,0x7e,0x00,0x00,0x5c,0xe0,0x3b,0x2f,0x47,0x3a,0x00,0x00,0x5c,0xe0,
    0x3c,0x33,0x47,0x3a,0x00,0x02,0xfc,0xdb,0x3a,0x00,0x00,0x22,0x00,0x06,0xfc,0xdb,
    0x3a,0x00,0x00,0x26,0x27,0xfc,0x89,0xbf,0x00,0x40,0x40,0xcc,0x11,0x35,0x02,0x1c,
    0x00,0x08,0xfc,0xdb,0x3a,0x00,0x00,0x1a,0x00,0x0c,0xfc,0xdb,0x3a,0x00,0x00,0x1e,
    0x27,0xfc,0x89,0xbf,0x08,0x40,0x40,0xcc,0x11,0x45,0x22,0x1c,0x00,0x04,0xfc,0xdb,
    0x38,0x00,0x00,0x11,0x00,0x06,0xfc,0xdb,0x38,0x00,0x00,0x15,0x00,0x0a,0xfc,0xdb,
    0x3a,0x00,0x00,0x22,0x00,0x0e,0xfc,0xdb,0x3a,0x00,0x00,0x26,0x27,0xfc,0x89,0xbf,
    0x00,0x40,0x40,0xcc,0x11,0x35,0x02,0x1c,0x07,0xfc,0x89,0xbf,0xf7,0x0b,0x89,0xbf,
    0x00,0x00,0xbd,0xbf,0x00,0x00,0x7c,0xdb,0x37,0x2b,0x00,0x00,0xf7,0x03,0x89,0xbf,
    0x00,0x00,0x7c,0xdb,0x39,0x2f,0x00,0x00,0x00,0x02,0x7c,0xdb,0x39,0x33,0x00,0x00,
    0x08,0x40,0x40,0xcc,0x11,0x45,0x22,0x1c,0x06,0xa0,0x86,0x81,0x06,0x80,0x02,0xbf,
    0x0d,0x00,0xa1,0xbf,0x37,0x3a,0x3a,0x80,0x36,0x7a,0x7a,0x4a,0x07,0xfc,0x89,0xbf,
    0x00,0x00,0xbd,0xbf,0x00,0x00,0xfc,0xdb,0x3a,0x00,0x00,0x1a,0x00,0x04,0xfc,0xdb,
    0x3a,0x00,0x00,0x1e,0x00,0x00,0xfc,0xdb,0x38,0x00,0x00,0x11,0x00,0x02,0xfc,0xdb,
    0x38,0x00,0x00,0x15,0xbd,0xff,0xa0,0xbf,0x07,0xfc,0x89,0xbf,0x00,0x00,0xbd,0xbf,
    0x00,0x00,0xfc,0xdb,0x3a,0x00,0x00,0x1a,0x00,0x04,0xfc,0xdb,0x3a,0x00,0x00,0x1e,
    0x00,0x00,0xfc,0xdb,0x38,0x00,0x00,0x11,0x00,0x02,0xfc,0xdb,0x38,0x00,0x00,0x15,
    0x00,0x02,0xfc,0xdb,0x3a,0x00,0x00,0x22,0x00,0x06,0xfc,0xdb,0x3a,0x00,0x00,0x26,
    0x27,0xfc,0x89,0xbf,0x00,0x40,0x40,0xcc,0x11,0x35,0x02,0x1c,0x00,0x08,0xfc,0xdb,
    0x3a,0x00,0x00,0x1a,0x00,0x0c,0xfc,0xdb,0x3a,0x00,0x00,0x1e,0x27,0xfc,0x89,0xbf,
    0x08,0x40,0x40,0xcc,0x11,0x45,0x22,0x1c,0x00,0x04,0xfc,0xdb,0x38,0x00,0x00,0x11,
    0x00,0x06,0xfc,0xdb,0x38,0x00,0x00,0x15,0x00,0x0a,0xfc,0xdb,0x3a,0x00,0x00,0x22,
    0x00,0x0e,0xfc,0xdb,0x3a,0x00,0x00,0x26,0x27,0xfc,0x89,0xbf,0x00,0x40,0x40,0xcc,
    0x11,0x35,0x02,0x1c,0x07,0xfc,0x89,0xbf,0x08,0x40,0x40,0xcc,0x11,0x45,0x22,0x1c,
    0x80,0x00,0x81,0xbe,0x15,0x84,0x15,0x96,0x34,0x8c,0x84,0x4a,0x48,0x00,0x2d,0xd7,
    0x2b,0x84,0x02,0x00,0x48,0x85,0x90,0x4a,0x3d,0x90,0x96,0x32,0x48,0x00,0x2c,0xd7,
    0x0f,0x96,0x02,0x00,0x42,0x91,0x72,0x4c,0x48,0x00,0x2d,0xd7,0x2a,0x96,0x02,0x00,
    0x48,0x97,0x90,0x4a,0x3c,0x90,0x6e,0x32,0x48,0x00,0x2c,0xd7,0x0e,0x6e,0x02,0x00,
    0x4b,0x91,0x70,0x4c,0x3b,0x00,0x0b,0xd6,0x17,0x72,0x0e,0x05,0x39,0x84,0x98,0x7c,
    0x48,0x00,0x2c,0xd7,0x14,0x6e,0x02,0x00,0x49,0x00,0x2c,0xd7,0x16,0x70,0x02,0x00,
    0x80,0x8a,0x88,0x02,0x3b,0x00,0x55,0xd6,0x48,0x93,0xee,0x04,0x80,0x00,0x28,0x7c,
    0x00,0x00,0x01,0xd5,0x00,0x01,0xa9,0x01,0x80,0x02,0x28,0x7c,0x01,0x00,0x01,0xd5,
    0x01,0x01,0xa9,0x01,0x80,0x04,0x28,0x7c,0x02,0x00,0x01,0xd5,0x02,0x01,0xa9,0x01,
    0x80,0x06,0x28,0x7c,0x03,0x00,0x01,0xd5,0x03,0x01,0xa9,0x01,0x80,0x08,0x28,0x7c,
    0x04,0x00,0x01,0xd5,0x04,0x01,0xa9,0x01,0x80,0x0a,0x28,0x7c,0x05,0x00,0x01,0xd5,
    0x05,0x01,0xa9,0x01,0x80,0x0c,0x28,0x7c,0x06,0x00,0x01,0xd5,0x06,0x01,0xa9,0x01,
    0x80,0x0e,0x28,0x7c,0x07,0x00,0x01,0xd5,0x07,0x01,0xa9,0x01,0x00,0x03,0x00,0x5e,
    0x02,0x07,0x02,0x5e,0x04,0x0b,0x04,0x5e,0x06,0x0f,0x06,0x5e,0x81,0x88,0x96,0x7d,
    0x00,0x00,0x74,0xe0,0x3b,0x00,0x49,0x01,0xc1,0x01,0xfe,0xbe,0xa0,0x8c,0x9a,0x4a,
    0x34,0x9a,0x84,0x4a,0x48,0x00,0x2d,0xd7,0x2b,0x84,0x02,0x00,0x48,0x85,0x90,0x4a,
    0x3d,0x90,0x96,0x32,0x48,0x00,0x2c,0xd7,0x0f,0x96,0x02,0x00,0x42,0x91,0x72,0x4c,
    0x48,0x00,0x2d,0xd7,0x2a,0x96,0x02,0x00,0x48,0x97,0x90,0x4a,0x3c,0x90,0x6e,0x32,
    0x48,0x00,0x2c,0xd7,0x0e,0x6e,0x02,0x00,0x4b,0x91,0x70,0x4c,0x3b,0x00,0x0b,0xd6,
    0x17,0x72,0x0e,0x05,0x39,0x84,0x98,0x7c,0x48,0x00,0x2c,0xd7,0x14,0x6e,0x02,0x00,
    0x49,0x00,0x2c,0xd7,0x16,0x70,0x02,0x00,0x80,0x8a,0x88,0x02,0x3b,0x00,0x55,0xd6,
    0x48,0x93,0xee,0x04,0x80,0x10,0x28,0x7c,0x08,0x00,0x01,0xd5,0x08,0x01,0xa9,0x01,
    0x80,0x12,0x28,0x7c,0x09,0x00,0x01,0xd5,0x09,0x01,0xa9,0x01,0x80,0x14,0x28,0x7c,
    0x0a,0x00,0x01,0xd5,0x0a,0x01,0xa9,0x01,0x80,0x16,0x28,0x7c,0x0b,0x00,0x01,0xd5,
    0x0b,0x01,0xa9,0x01,0x80,0x18,0x28,0x7c,0x0c,0x00,0x01,0xd5,0x0c,0x01,0xa9,0x01,
    0x80,0x1a,0x28,0x7c,0x0d,0x00,0x01,0xd5,0x0d,0x01,0xa9,0x01,0x80,0x1c,0x28,0x7c,
    0x0e,0x00,0x01,0xd5,0x0e,0x01,0xa9,0x01,0x80,0x1e,0x28,0x7c,0x0f,0x00,0x01,0xd5,
    0x0f,0x01,0xa9,0x01,0x08,0x13,0x10,0x5e,0x0a,0x17,0x12,0x5e,0x0c,0x1b,0x14,0x5e,
    0x0e,0x1f,0x16,0x5e,0x81,0x88,0x96,0x7d,0x00,0x00,0x74,0xe0,0x3b,0x08,0x49,0x01,
    0xc1,0x01,0xfe,0xbe,0x00,0x00,0xb0,0xbf,0x00,0x00,0x00,0x00,0x00,0x00,0x00,0x00,
    0x00,0x00,0x00,0x00,0x00,0x00,0x00,0x00,0x00,0x00,0x00,0x00,0x00,0x00,0x00,0x00,
    0x00,0x00,0x00,0x00,0x00,0x00,0x00,0x00,0x00,0x00,0x00,0x00,0x00,0x00,0x00,0x00,
    0x00,0x18,0x00,0x00,0x00,0x00,0x00,0x00,0x00,0x00,0x00,0x00,0x00,0x00,0x00,0x00,
    0x00,0x00,0x00,0x00,0x00,0x00,0x00,0x00,0x00,0x00,0x00,0x00,0x00,0x00,0x00,0x00,
    0x00,0x00,0x00,0x00,0x00,0x00,0x00,0x00,0x00,0x00,0x00,0x00,0x00,0x00,0x00,0x00,
    0x09,0x00,0x0c,0x40,0x84,0x03,0x00,0x00,0x08,0x04,0x00,0x00,0x00,0x00,0x00,0x00,
    0x07,0x00,0x00,0x00,0x38,0x0b,0x00,0x00,0x20,0x00,0x00,0x00,0x41,0x4d,0x44,0x47,
    0x50,0x55,0x00,0x00,0x82,0xae,0x61,0x6d,0x64,0x68,0x73,0x61,0x2e,0x6b,0x65,0x72,
    0x6e,0x65,0x6c,0x73,0x91,0x8c,0xa5,0x2e,0x61,0x72,0x67,0x73,0xdc,0x00,0x21,0x87,
    0xae,0x2e,0x61,0x64,0x64,0x72,0x65,0x73,0x73,0x5f,0x73,0x70,0x61,0x63,0x65,0xa6,
    0x67,0x6c,0x6f,0x62,0x61,0x6c,0xa9,0x2e,0x69,0x73,0x5f,0x63,0x6f,0x6e,0x73,0x74,
    0xc3,0xa5,0x2e,0x6e,0x61,0x6d,0x65,0xa4,0x70,0x5f,0x69,0x6e,0xa7,0x2e,0x6f,0x66,
    0x66,0x73,0x65,0x74,0x00,0xa5,0x2e,0x73,0x69,0x7a,0x65,0x08,0xab,0x2e,0x76,0x61,
    0x6c,0x75,0x65,0x5f,0x6b,0x69,0x6e,0x64,0xad,0x67,0x6c,0x6f,0x62,0x61,0x6c,0x5f,
    0x62,0x75,0x66,0x66,0x65,0x72,0xab,0x2e,0x76,0x61,0x6c,0x75,0x65,0x5f,0x74,0x79,
    0x70,0x65,0xa3,0x66,0x33,0x32,0x87,0xae,0x2e,0x61,0x64,0x64,0x72,0x65,0x73,0x73,
    0x5f,0x73,0x70,0x61,0x63,0x65,0xa6,0x67,0x6c,0x6f,0x62,0x61,0x6c,0xa9,0x2e,0x69,
    0x73,0x5f,0x63,0x6f,0x6e,0x73,0x74,0xc3,0xa5,0x2e,0x6e,0x61,0x6d,0x65,0xa5,0x70,
    0x5f,0x77,0x65,0x69,0xa7,0x2e,0x6f,0x66,0x66,0x73,0x65,0x74,0x08,0xa5,0x2e,0x73,
    0x69,0x7a,0x65,0x08,0xab,0x2e,0x76,0x61,0x6c,0x75,0x65,0x5f,0x6b,0x69,0x6e,0x64,
    0xad,0x67,0x6c,0x6f,0x62,0x61,0x6c,0x5f,0x62,0x75,0x66,0x66,0x65,0x72,0xab,0x2e,
    0x76,0x61,0x6c,0x75,0x65,0x5f,0x74,0x79,0x70,0x65,0xa3,0x66,0x33,0x32,0x87,0xae,
    0x2e,0x61,0x64,0x64,0x72,0x65,0x73,0x73,0x5f,0x73,0x70,0x61,0x63,0x65,0xa6,0x67,
    0x6c,0x6f,0x62,0x61,0x6c,0xa9,0x2e,0x69,0x73,0x5f,0x63,0x6f,0x6e,0x73,0x74,0xc2,
    0xa5,0x2e,0x6e,0x61,0x6d,0x65,0xa5,0x70,0x5f,0x6f,0x75,0x74,0xa7,0x2e,0x6f,0x66,
    0x66,0x73,0x65,0x74,0x10,0xa5,0x2e,0x73,0x69,0x7a,0x65,0x08,0xab,0x2e,0x76,0x61,
    0x6c,0x75,0x65,0x5f,0x6b,0x69,0x6e,0x64,0xad,0x67,0x6c,0x6f,0x62,0x61,0x6c,0x5f,
    0x62,0x75,0x66,0x66,0x65,0x72,0xab,0x2e,0x76,0x61,0x6c,0x75,0x65,0x5f,0x74,0x79,
    0x70,0x65,0xa3,0x66,0x33,0x32,0x87,0xae,0x2e,0x61,0x64,0x64,0x72,0x65,0x73,0x73,
    0x5f,0x73,0x70,0x61,0x63,0x65,0xa6,0x67,0x6c,0x6f,0x62,0x61,0x6c,0xa9,0x2e,0x69,
    0x73,0x5f,0x63,0x6f,0x6e,0x73,0x74,0xc3,0xa5,0x2e,0x6e,0x61,0x6d,0x65,0xa6,0x70,
    0x5f,0x62,0x69,0x61,0x73,0xa7,0x2e,0x6f,0x66,0x66,0x73,0x65,0x74,0x18,0xa5,0x2e,
    0x73,0x69,0x7a,0x65,0x08,0xab,0x2e,0x76,0x61,0x6c,0x75,0x65,0x5f,0x6b,0x69,0x6e,
    0x64,0xad,0x67,0x6c,0x6f,0x62,0x61,0x6c,0x5f,0x62,0x75,0x66,0x66,0x65,0x72,0xab,
    0x2e,0x76,0x61,0x6c,0x75,0x65,0x5f,0x74,0x79,0x70,0x65,0xa3,0x66,0x33,0x32,0x85,
    0xa5,0x2e,0x6e,0x61,0x6d,0x65,0xa2,0x68,0x69,0xa7,0x2e,0x6f,0x66,0x66,0x73,0x65,
    0x74,0x20,0xa5,0x2e,0x73,0x69,0x7a,0x65,0x04,0xab,0x2e,0x76,0x61,0x6c,0x75,0x65,
    0x5f,0x6b,0x69,0x6e,0x64,0xa8,0x62,0x79,0x5f,0x76,0x61,0x6c,0x75,0x65,0xab,0x2e,
    0x76,0x61,0x6c,0x75,0x65,0x5f,0x74,0x79,0x70,0x65,0xa3,0x69,0x33,0x32,0x85,0xa5,
    0x2e,0x6e,0x61,0x6d,0x65,0xa2,0x77,0x69,0xa7,0x2e,0x6f,0x66,0x66,0x73,0x65,0x74,
    0x24,0xa5,0x2e,0x73,0x69,0x7a,0x65,0x04,0xab,0x2e,0x76,0x61,0x6c,0x75,0x65,0x5f,
    0x6b,0x69,0x6e,0x64,0xa8,0x62,0x79,0x5f,0x76,0x61,0x6c,0x75,0x65,0xab,0x2e,0x76,
    0x61,0x6c,0x75,0x65,0x5f,0x74,0x79,0x70,0x65,0xa3,0x69,0x33,0x32,0x85,0xa5,0x2e,
    0x6e,0x61,0x6d,0x65,0xa1,0x6e,0xa7,0x2e,0x6f,0x66,0x66,0x73,0x65,0x74,0x28,0xa5,
    0x2e,0x73,0x69,0x7a,0x65,0x04,0xab,0x2e,0x76,0x61,0x6c,0x75,0x65,0x5f,0x6b,0x69,
    0x6e,0x64,0xa8,0x62,0x79,0x5f,0x76,0x61,0x6c,0x75,0x65,0xab,0x2e,0x76,0x61,0x6c,
    0x75,0x65,0x5f,0x74,0x79,0x70,0x65,0xa3,0x69,0x33,0x32,0x85,0xa5,0x2e,0x6e,0x61,
    0x6d,0x65,0xa1,0x6b,0xa7,0x2e,0x6f,0x66,0x66,0x73,0x65,0x74,0x2c,0xa5,0x2e,0x73,
    0x69,0x7a,0x65,0x04,0xab,0x2e,0x76,0x61,0x6c,0x75,0x65,0x5f,0x6b,0x69,0x6e,0x64,
    0xa8,0x62,0x79,0x5f,0x76,0x61,0x6c,0x75,0x65,0xab,0x2e,0x76,0x61,0x6c,0x75,0x65,
    0x5f,0x74,0x79,0x70,0x65,0xa3,0x69,0x33,0x32,0x85,0xa5,0x2e,0x6e,0x61,0x6d,0x65,
    0xa1,0x63,0xa7,0x2e,0x6f,0x66,0x66,0x73,0x65,0x74,0x30,0xa5,0x2e,0x73,0x69,0x7a,
    0x65,0x04,0xab,0x2e,0x76,0x61,0x6c,0x75,0x65,0x5f,0x6b,0x69,0x6e,0x64,0xa8,0x62,
    0x79,0x5f,0x76,0x61,0x6c,0x75,0x65,0xab,0x2e,0x76,0x61,0x6c,0x75,0x65,0x5f,0x74,
    0x79,0x70,0x65,0xa3,0x69,0x33,0x32,0x85,0xa5,0x2e,0x6e,0x61,0x6d,0x65,0xa1,0x67,
    0xa7,0x2e,0x6f,0x66,0x66,0x73,0x65,0x74,0x34,0xa5,0x2e,0x73,0x69,0x7a,0x65,0x04,
    0xab,0x2e,0x76,0x61,0x6c,0x75,0x65,0x5f,0x6b,0x69,0x6e,0x64,0xa8,0x62,0x79,0x5f,
    0x76,0x61,0x6c,0x75,0x65,0xab,0x2e,0x76,0x61,0x6c,0x75,0x65,0x5f,0x74,0x79,0x70,
    0x65,0xa3,0x69,0x33,0x32,0x85,0xa5,0x2e,0x6e,0x61,0x6d,0x65,0xa2,0x68,0x6f,0xa7,
    0x2e,0x6f,0x66,0x66,0x73,0x65,0x74,0x38,0xa5,0x2e,0x73,0x69,0x7a,0x65,0x04,0xab,
    0x2e,0x76,0x61,0x6c,0x75,0x65,0x5f,0x6b,0x69,0x6e,0x64,0xa8,0x62,0x79,0x5f,0x76,
    0x61,0x6c,0x75,0x65,0xab,0x2e,0x76,0x61,0x6c,0x75,0x65,0x5f,0x74,0x79,0x70,0x65,
    0xa3,0x69,0x33,0x32,0x85,0xa5,0x2e,0x6e,0x61,0x6d,0x65,0xa2,0x77,0x6f,0xa7,0x2e,
    0x6f,0x66,0x66,0x73,0x65,0x74,0x3c,0xa5,0x2e,0x73,0x69,0x7a,0x65,0x04,0xab,0x2e,
    0x76,0x61,0x6c,0x75,0x65,0x5f,0x6b,0x69,0x6e,0x64,0xa8,0x62,0x79,0x5f,0x76,0x61,
    0x6c,0x75,0x65,0xab,0x2e,0x76,0x61,0x6c,0x75,0x65,0x5f,0x74,0x79,0x70,0x65,0xa3,
    0x69,0x33,0x32,0x85,0xa5,0x2e,0x6e,0x61,0x6d,0x65,0xab,0x69,0x6e,0x5f,0x73,0x74,
    0x72,0x69,0x64,0x65,0x5f,0x6e,0xa7,0x2e,0x6f,0x66,0x66,0x73,0x65,0x74,0x40,0xa5,
    0x2e,0x73,0x69,0x7a,0x65,0x04,0xab,0x2e,0x76,0x61,0x6c,0x75,0x65,0x5f,0x6b,0x69,
    0x6e,0x64,0xa8,0x62,0x79,0x5f,0x76,0x61,0x6c,0x75,0x65,0xab,0x2e,0x76,0x61,0x6c,
    0x75,0x65,0x5f,0x74,0x79,0x70,0x65,0xa3,0x69,0x33,0x32,0x85,0xa5,0x2e,0x6e,0x61,
    0x6d,0x65,0xab,0x69,0x6e,0x5f,0x73,0x74,0x72,0x69,0x64,0x65,0x5f,0x63,0xa7,0x2e,
    0x6f,0x66,0x66,0x73,0x65,0x74,0x44,0xa5,0x2e,0x73,0x69,0x7a,0x65,0x04,0xab,0x2e,
    0x76,0x61,0x6c,0x75,0x65,0x5f,0x6b,0x69,0x6e,0x64,0xa8,0x62,0x79,0x5f,0x76,0x61,
    0x6c,0x75,0x65,0xab,0x2e,0x76,0x61,0x6c,0x75,0x65,0x5f,0x74,0x79,0x70,0x65,0xa3,
    0x69,0x33,0x32,0x85,0xa5,0x2e,0x6e,0x61,0x6d,0x65,0xab,0x69,0x6e,0x5f,0x73,0x74,
    0x72,0x69,0x64,0x65,0x5f,0x68,0xa7,0x2e,0x6f,0x66,0x66,0x73,0x65,0x74,0x48,0xa5,
    0x2e,0x73,0x69,0x7a,0x65,0x04,0xab,0x2e,0x76,0x61,0x6c,0x75,0x65,0x5f,0x6b,0x69,
    0x6e,0x64,0xa8,0x62,0x79,0x5f,0x76,0x61,0x6c,0x75,0x65,0xab,0x2e,0x76,0x61,0x6c,
    0x75,0x65,0x5f,0x74,0x79,0x70,0x65,0xa3,0x69,0x33,0x32,0x85,0xa5,0x2e,0x6e,0x61,
    0x6d,0x65,0xab,0x69,0x6e,0x5f,0x73,0x74,0x72,0x69,0x64,0x65,0x5f,0x77,0xa7,0x2e,
    0x6f,0x66,0x66,0x73,0x65,0x74,0x4c,0xa5,0x2e,0x73,0x69,0x7a,0x65,0x04,0xab,0x2e,
    0x76,0x61,0x6c,0x75,0x65,0x5f,0x6b,0x69,0x6e,0x64,0xa8,0x62,0x79,0x5f,0x76,0x61,
    0x6c,0x75,0x65,0xab,0x2e,0x76,0x61,0x6c,0x75,0x65,0x5f,0x74,0x79,0x70,0x65,0xa3,
    0x69,0x33,0x32,0x85,0xa5,0x2e,0x6e,0x61,0x6d,0x65,0xac,0x6f,0x75,0x74,0x5f,0x73,
    0x74,0x72,0x69,0x64,0x65,0x5f,0x6e,0xa7,0x2e,0x6f,0x66,0x66,0x73,0x65,0x74,0x50,
    0xa5,0x2e,0x73,0x69,0x7a,0x65,0x04,0xab,0x2e,0x76,0x61,0x6c,0x75,0x65,0x5f,0x6b,
    0x69,0x6e,0x64,0xa8,0x62,0x79,0x5f,0x76,0x61,0x6c,0x75,0x65,0xab,0x2e,0x76,0x61,
    0x6c,0x75,0x65,0x5f,0x74,0x79,0x70,0x65,0xa3,0x69,0x33,0x32,0x85,0xa5,0x2e,0x6e,
    0x61,0x6d,0x65,0xac,0x6f,0x75,0x74,0x5f,0x73,0x74,0x72,0x69,0x64,0x65,0x5f,0x6b,
    0xa7,0x2e,0x6f,0x66,0x66,0x73,0x65,0x74,0x54,0xa5,0x2e,0x73,0x69,0x7a,0x65,0x04,
    0xab,0x2e,0x76,0x61,0x6c,0x75,0x65,0x5f,0x6b,0x69,0x6e,0x64,0xa8,0x62,0x79,0x5f,
    0x76,0x61,0x6c,0x75,0x65,0xab,0x2e,0x76,0x61,0x6c,0x75,0x65,0x5f,0x74,0x79,0x70,
    0x65,0xa3,0x69,0x33,0x32,0x85,0xa5,0x2e,0x6e,0x61,0x6d,0x65,0xac,0x6f,0x75,0x74,
    0x5f,0x73,0x74,0x72,0x69,0x64,0x65,0x5f,0x68,0xa7,0x2e,0x6f,0x66,0x66,0x73,0x65,
    0x74,0x58,0xa5,0x2e,0x73,0x69,0x7a,0x65,0x04,0xab,0x2e,0x76,0x61,0x6c,0x75,0x65,
    0x5f,0x6b,0x69,0x6e,0x64,0xa8,0x62,0x79,0x5f,0x76,0x61,0x6c,0x75,0x65,0xab,0x2e,
    0x76,0x61,0x6c,0x75,0x65,0x5f,0x74,0x79,0x70,0x65,0xa3,0x69,0x33,0x32,0x85,0xa5,
    0x2e,0x6e,0x61,0x6d,0x65,0xac,0x6f,0x75,0x74,0x5f,0x73,0x74,0x72,0x69,0x64,0x65,
    0x5f,0x77,0xa7,0x2e,0x6f,0x66,0x66,0x73,0x65,0x74,0x5c,0xa5,0x2e,0x73,0x69,0x7a,
    0x65,0x04,0xab,0x2e,0x76,0x61,0x6c,0x75,0x65,0x5f,0x6b,0x69,0x6e,0x64,0xa8,0x62,
    0x79,0x5f,0x76,0x61,0x6c,0x75,0x65,0xab,0x2e,0x76,0x61,0x6c,0x75,0x65,0x5f,0x74,
    0x79,0x70,0x65,0xa3,0x69,0x33,0x32,0x85,0xa5,0x2e,0x6e,0x61,0x6d,0x65,0xa9,0x73,
    0x74,0x72,0x69,0x64,0x65,0x5f,0x68,0x77,0xa7,0x2e,0x6f,0x66,0x66,0x73,0x65,0x74,
    0x60,0xa5,0x2e,0x73,0x69,0x7a,0x65,0x04,0xab,0x2e,0x76,0x61,0x6c,0x75,0x65,0x5f,
    0x6b,0x69,0x6e,0x64,0xa8,0x62,0x79,0x5f,0x76,0x61,0x6c,0x75,0x65,0xab,0x2e,0x76,
    0x61,0x6c,0x75,0x65,0x5f,0x74,0x79,0x70,0x65,0xa3,0x69,0x33,0x32,0x85,0xa5,0x2e,
    0x6e,0x61,0x6d,0x65,0xab,0x64,0x69,0x6c,0x61,0x74,0x69,0x6f,0x6e,0x5f,0x68,0x77,
    0xa7,0x2e,0x6f,0x66,0x66,0x73,0x65,0x74,0x64,0xa5,0x2e,0x73,0x69,0x7a,0x65,0x04,
    0xab,0x2e,0x76,0x61,0x6c,0x75,0x65,0x5f,0x6b,0x69,0x6e,0x64,0xa8,0x62,0x79,0x5f,
    0x76,0x61,0x6c,0x75,0x65,0xab,0x2e,0x76,0x61,0x6c,0x75,0x65,0x5f,0x74,0x79,0x70,
    0x65,0xa3,0x69,0x33,0x32,0x85,0xa5,0x2e,0x6e,0x61,0x6d,0x65,0xa6,0x70,0x61,0x64,
    0x5f,0x68,0x77,0xa7,0x2e,0x6f,0x66,0x66,0x73,0x65,0x74,0x68,0xa5,0x2e,0x73,0x69,
    0x7a,0x65,0x04,0xab,0x2e,0x76,0x61,0x6c,0x75,0x65,0x5f,0x6b,0x69,0x6e,0x64,0xa8,
    0x62,0x79,0x5f,0x76,0x61,0x6c,0x75,0x65,0xab,0x2e,0x76,0x61,0x6c,0x75,0x65,0x5f,
    0x74,0x79,0x70,0x65,0xa3,0x69,0x33,0x32,0x85,0xa5,0x2e,0x6e,0x61,0x6d,0x65,0xa6,
    0x77,0x65,0x69,0x5f,0x68,0x77,0xa7,0x2e,0x6f,0x66,0x66,0x73,0x65,0x74,0x6c,0xa5,
    0x2e,0x73,0x69,0x7a,0x65,0x04,0xab,0x2e,0x76,0x61,0x6c,0x75,0x65,0x5f,0x6b,0x69,
    0x6e,0x64,0xa8,0x62,0x79,0x5f,0x76,0x61,0x6c,0x75,0x65,0xab,0x2e,0x76,0x61,0x6c,
    0x75,0x65,0x5f,0x74,0x79,0x70,0x65,0xa3,0x69,0x33,0x32,0x85,0xa5,0x2e,0x6e,0x61,
    0x6d,0x65,0xac,0x6d,0x6f,0x76,0x65,0x5f,0x73,0x6c,0x69,0x63,0x65,0x5f,0x6b,0xa7,
    0x2e,0x6f,0x66,0x66,0x73,0x65,0x74,0x70,0xa5,0x2e,0x73,0x69,0x7a,0x65,0x04,0xab,
    0x2e,0x76,0x61,0x6c,0x75,0x65,0x5f,0x6b,0x69,0x6e,0x64,0xa8,0x62,0x79,0x5f,0x76,
    0x61,0x6c,0x75,0x65,0xab,0x2e,0x76,0x61,0x6c,0x75,0x65,0x5f,0x74,0x79,0x70,0x65,
    0xa3,0x69,0x33,0x32,0x85,0xa5,0x2e,0x6e,0x61,0x6d,0x65,0xa7,0x6d,0x61,0x67,0x69,
    0x63,0x5f,0x30,0xa7,0x2e,0x6f,0x66,0x66,0x73,0x65,0x74,0x74,0xa5,0x2e,0x73,0x69,
    0x7a,0x65,0x04,0xab,0x2e,0x76,0x61,0x6c,0x75,0x65,0x5f,0x6b,0x69,0x6e,0x64,0xa8,
    0x62,0x79,0x5f,0x76,0x61,0x6c,0x75,0x65,0xab,0x2e,0x76,0x61,0x6c,0x75,0x65,0x5f,
    0x74,0x79,0x70,0x65,0xa3,0x69,0x33,0x32,0x85,0xa5,0x2e,0x6e,0x61,0x6d,0x65,0xa7,
    0x6d,0x61,0x67,0x69,0x63,0x5f,0x31,0xa7,0x2e,0x6f,0x66,0x66,0x73,0x65,0x74,0x78,
    0xa5,0x2e,0x73,0x69,0x7a,0x65,0x04,0xab,0x2e,0x76,0x61,0x6c,0x75,0x65,0x5f,0x6b,
    0x69,0x6e,0x64,0xa8,0x62,0x79,0x5f,0x76,0x61,0x6c,0x75,0x65,0xab,0x2e,0x76,0x61,
    0x6c,0x75,0x65,0x5f,0x74,0x79,0x70,0x65,0xa3,0x69,0x33,0x32,0x85,0xa5,0x2e,0x6e,
    0x61,0x6d,0x65,0xa7,0x6d,0x61,0x67,0x69,0x63,0x5f,0x32,0xa7,0x2e,0x6f,0x66,0x66,
    0x73,0x65,0x74,0x7c,0xa5,0x2e,0x73,0x69,0x7a,0x65,0x04,0xab,0x2e,0x76,0x61,0x6c,
    0x75,0x65,0x5f,0x6b,0x69,0x6e,0x64,0xa8,0x62,0x79,0x5f,0x76,0x61,0x6c,0x75,0x65,
    0xab,0x2e,0x76,0x61,0x6c,0x75,0x65,0x5f,0x74,0x79,0x70,0x65,0xa3,0x69,0x33,0x32,
    0x85,0xa5,0x2e,0x6e,0x61,0x6d,0x65,0xa7,0x6d,0x61,0x67,0x69,0x63,0x5f,0x33,0xa7,
    0x2e,0x6f,0x66,0x66,0x73,0x65,0x74,0xcc,0x80,0xa5,0x2e,0x73,0x69,0x7a,0x65,0x04,
    0xab,0x2e,0x76,0x61,0x6c,0x75,0x65,0x5f,0x6b,0x69,0x6e,0x64,0xa8,0x62,0x79,0x5f,
    0x76,0x61,0x6c,0x75,0x65,0xab,0x2e,0x76,0x61,0x6c,0x75,0x65,0x5f,0x74,0x79,0x70,
    0x65,0xa3,0x69,0x33,0x32,0x85,0xa5,0x2e,0x6e,0x61,0x6d,0x65,0xa7,0x6d,0x61,0x67,
    0x69,0x63,0x5f,0x34,0xa7,0x2e,0x6f,0x66,0x66,0x73,0x65,0x74,0xcc,0x84,0xa5,0x2e,
    0x73,0x69,0x7a,0x65,0x04,0xab,0x2e,0x76,0x61,0x6c,0x75,0x65,0x5f,0x6b,0x69,0x6e,
    0x64,0xa8,0x62,0x79,0x5f,0x76,0x61,0x6c,0x75,0x65,0xab,0x2e,0x76,0x61,0x6c,0x75,
    0x65,0x5f,0x74,0x79,0x70,0x65,0xa3,0x69,0x33,0x32,0x85,0xa5,0x2e,0x6e,0x61,0x6d,
    0x65,0xa7,0x6d,0x61,0x67,0x69,0x63,0x5f,0x35,0xa7,0x2e,0x6f,0x66,0x66,0x73,0x65,
    0x74,0xcc,0x88,0xa5,0x2e,0x73,0x69,0x7a,0x65,0x04,0xab,0x2e,0x76,0x61,0x6c,0x75,
    0x65,0x5f,0x6b,0x69,0x6e,0x64,0xa8,0x62,0x79,0x5f,0x76,0x61,0x6c,0x75,0x65,0xab,
    0x2e,0x76,0x61,0x6c,0x75,0x65,0x5f,0x74,0x79,0x70,0x65,0xa3,0x69,0x33,0x32,0x85,
    0xa5,0x2e,0x6e,0x61,0x6d,0x65,0xac,0x73,0x68,0x69,0x66,0x74,0x5f,0x70,0x61,0x63,
    0x6b,0x5f,0x30,0xa7,0x2e,0x6f,0x66,0x66,0x73,0x65,0x74,0xcc,0x8c,0xa5,0x2e,0x73,
    0x69,0x7a,0x65,0x04,0xab,0x2e,0x76,0x61,0x6c,0x75,0x65,0x5f,0x6b,0x69,0x6e,0x64,
    0xa8,0x62,0x79,0x5f,0x76,0x61,0x6c,0x75,0x65,0xab,0x2e,0x76,0x61,0x6c,0x75,0x65,
    0x5f,0x74,0x79,0x70,0x65,0xa3,0x69,0x33,0x32,0x85,0xa5,0x2e,0x6e,0x61,0x6d,0x65,
    0xac,0x73,0x68,0x69,0x66,0x74,0x5f,0x70,0x61,0x63,0x6b,0x5f,0x31,0xa7,0x2e,0x6f,
    0x66,0x66,0x73,0x65,0x74,0xcc,0x90,0xa5,0x2e,0x73,0x69,0x7a,0x65,0x04,0xab,0x2e,
    0x76,0x61,0x6c,0x75,0x65,0x5f,0x6b,0x69,0x6e,0x64,0xa8,0x62,0x79,0x5f,0x76,0x61,
    0x6c,0x75,0x65,0xab,0x2e,0x76,0x61,0x6c,0x75,0x65,0x5f,0x74,0x79,0x70,0x65,0xa3,
    0x69,0x33,0x32,0xb9,0x2e,0x67,0x72,0x6f,0x75,0x70,0x5f,0x73,0x65,0x67,0x6d,0x65,
    0x6e,0x74,0x5f,0x66,0x69,0x78,0x65,0x64,0x5f,0x73,0x69,0x7a,0x65,0xcd,0x18,0x00,
    0xb6,0x2e,0x6b,0x65,0x72,0x6e,0x61,0x72,0x67,0x5f,0x73,0x65,0x67,0x6d,0x65,0x6e,
    0x74,0x5f,0x61,0x6c,0x69,0x67,0x6e,0x08,0xb5,0x2e,0x6b,0x65,0x72,0x6e,0x61,0x72,
    0x67,0x5f,0x73,0x65,0x67,0x6d,0x65,0x6e,0x74,0x5f,0x73,0x69,0x7a,0x65,0xcc,0x98,
    0xb8,0x2e,0x6d,0x61,0x78,0x5f,0x66,0x6c,0x61,0x74,0x5f,0x77,0x6f,0x72,0x6b,0x67,
    0x72,0x6f,0x75,0x70,0x5f,0x73,0x69,0x7a,0x65,0xcc,0x80,0xa5,0x2e,0x6e,0x61,0x6d,
    0x65,0xd9,0x64,0x63,0x6f,0x6e,0x76,0x5f,0x66,0x77,0x64,0x5f,0x72,0x65,0x6c,0x75,
    0x5f,0x67,0x74,0x63,0x77,0x33,0x5f,0x6e,0x68,0x77,0x63,0x5f,0x66,0x70,0x31,0x36,
    0x78,0x38,0x5f,0x65,0x78,0x30,0x5f,0x62,0x74,0x33,0x32,0x78,0x36,0x34,0x78,0x33,
    0x32,0x5f,0x77,0x72,0x31,0x78,0x32,0x5f,0x77,0x6e,0x32,0x78,0x32,0x5f,0x74,0x61,
    0x31,0x78,0x38,0x78,0x31,0x78,0x31,0x5f,0x31,0x78,0x34,0x78,0x31,0x78,0x33,0x32,
    0x5f,0x74,0x62,0x31,0x78,0x38,0x78,0x32,0x78,0x31,0x5f,0x31,0x78,0x34,0x78,0x31,
    0x78,0x33,0x32,0x5f,0x6d,0x62,0x30,0xbb,0x2e,0x70,0x72,0x69,0x76,0x61,0x74,0x65,
    0x5f,0x73,0x65,0x67,0x6d,0x65,0x6e,0x74,0x5f,0x66,0x69,0x78,0x65,0x64,0x5f,0x73,
    0x69,0x7a,0x65,0x00,0xb4,0x2e,0x72,0x65,0x71,0x64,0x5f,0x77,0x6f,0x72,0x6b,0x67,
    0x72,0x6f,0x75,0x70,0x5f,0x73,0x69,0x7a,0x65,0x93,0xcc,0x80,0x01,0x01,0xab,0x2e,
    0x73,0x67,0x70,0x72,0x5f,0x63,0x6f,0x75,0x6e,0x74,0x4c,0xa7,0x2e,0x73,0x79,0x6d,
    0x62,0x6f,0x6c,0xd9,0x67,0x63,0x6f,0x6e,0x76,0x5f,0x66,0x77,0x64,0x5f,0x72,0x65,
    0x6c,0x75,0x5f,0x67,0x74,0x63,0x77,0x33,0x5f,0x6e,0x68,0x77,0x63,0x5f,0x66,0x70,
    0x31,0x36,0x78,0x38,0x5f,0x65,0x78,0x30,0x5f,0x62,0x74,0x33,0x32,0x78,0x36,0x34,
    0x78,0x33,0x32,0x5f,0x77,0x72,0x31,0x78,0x32,0x5f,0x77,0x6e,0x32,0x78,0x32,0x5f,
    0x74,0x61,0x31,0x78,0x38,0x78,0x31,0x78,0x31,0x5f,0x31,0x78,0x34,0x78,0x31,0x78,
    0x33,0x32,0x5f,0x74,0x62,0x31,0x78,0x38,0x78,0x32,0x78,0x31,0x5f,0x31,0x78,0x34,
    0x78,0x31,0x78,0x33,0x32,0x5f,0x6d,0x62,0x30,0x2e,0x6b,0x64,0xab,0x2e,0x76,0x67,
    0x70,0x72,0x5f,0x63,0x6f,0x75,0x6e,0x74,0x50,0xaf,0x2e,0x77,0x61,0x76,0x65,0x66,
    0x72,0x6f,0x6e,0x74,0x5f,0x73,0x69,0x7a,0x65,0x20,0xae,0x61,0x6d,0x64,0x68,0x73,
    0x61,0x2e,0x76,0x65,0x72,0x73,0x69,0x6f,0x6e,0x92,0x01,0x00,0x00,0x00,0x00,0x00,
    0x00,0x00,0x00,0x00,0x00,0x00,0x00,0x00,0x00,0x00,0x00,0x00,0x00,0x00,0x00,0x00,
    0x00,0x00,0x00,0x00,0x00,0x00,0x00,0x00,0x7b,0x04,0x00,0x00,0x00,0x00,0xf1,0xff,
    0x00,0x00,0x00,0x00,0x00,0x00,0x00,0x00,0x00,0x00,0x00,0x00,0x00,0x00,0x00,0x00,
    0x1f,0x05,0x00,0x00,0x00,0x00,0xf1,0xff,0x11,0x00,0x00,0x00,0x00,0x00,0x00,0x00,
    0x00,0x00,0x00,0x00,0x00,0x00,0x00,0x00,0x01,0x05,0x00,0x00,0x00,0x00,0xf1,0xff,
    0x1a,0x00,0x00,0x00,0x00,0x00,0x00,0x00,0x00,0x00,0x00,0x00,0x00,0x00,0x00,0x00,
    0x23,0x05,0x00,0x00,0x00,0x00,0xf1,0xff,0x2b,0x00,0x00,0x00,0x00,0x00,0x00,0x00,
    0x00,0x00,0x00,0x00,0x00,0x00,0x00,0x00,0x05,0x05,0x00,0x00,0x00,0x00,0xf1,0xff,
    0x2f,0x00,0x00,0x00,0x00,0x00,0x00,0x00,0x00,0x00,0x00,0x00,0x00,0x00,0x00,0x00,
    0x5f,0x01,0x00,0x00,0x00,0x00,0xf1,0xff,0x37,0x00,0x00,0x00,0x00,0x00,0x00,0x00,
    0x00,0x00,0x00,0x00,0x00,0x00,0x00,0x00,0x6a,0x01,0x00,0x00,0x00,0x00,0xf1,0xff,
    0x38,0x00,0x00,0x00,0x00,0x00,0x00,0x00,0x00,0x00,0x00,0x00,0x00,0x00,0x00,0x00,
    0x49,0x01,0x00,0x00,0x00,0x00,0xf1,0xff,0x39,0x00,0x00,0x00,0x00,0x00,0x00,0x00,
    0x00,0x00,0x00,0x00,0x00,0x00,0x00,0x00,0x54,0x01,0x00,0x00,0x00,0x00,0xf1,0xff,
    0x3a,0x00,0x00,0x00,0x00,0x00,0x00,0x00,0x00,0x00,0x00,0x00,0x00,0x00,0x00,0x00,
    0x2a,0x01,0x00,0x00,0x00,0x00,0xf1,0xff,0x3b,0x00,0x00,0x00,0x00,0x00,0x00,0x00,
    0x00,0x00,0x00,0x00,0x00,0x00,0x00,0x00,0x32,0x01,0x00,0x00,0x00,0x00,0xf1,0xff,
    0x3d,0x00,0x00,0x00,0x00,0x00,0x00,0x00,0x00,0x00,0x00,0x00,0x00,0x00,0x00,0x00,
    0x72,0x04,0x00,0x00,0x00,0x00,0xf1,0xff,0x3e,0x00,0x00,0x00,0x00,0x00,0x00,0x00,
    0x00,0x00,0x00,0x00,0x00,0x00,0x00,0x00,0x89,0x03,0x00,0x00,0x00,0x00,0xf1,0xff,
    0x3f,0x00,0x00,0x00,0x00,0x00,0x00,0x00,0x00,0x00,0x00,0x00,0x00,0x00,0x00,0x00,
    0x06,0x00,0x00,0x00,0x00,0x00,0xf1,0xff,0x40,0x00,0x00,0x00,0x00,0x00,0x00,0x00,
    0x00,0x00,0x00,0x00,0x00,0x00,0x00,0x00,0x14,0x00,0x00,0x00,0x00,0x00,0xf1,0xff,
    0x41,0x00,0x00,0x00,0x00,0x00,0x00,0x00,0x00,0x00,0x00,0x00,0x00,0x00,0x00,0x00,
    0xd8,0x04,0x00,0x00,0x00,0x00,0xf1,0xff,0x42,0x00,0x00,0x00,0x00,0x00,0x00,0x00,
    0x00,0x00,0x00,0x00,0x00,0x00,0x00,0x00,0xf2,0x01,0x00,0x00,0x00,0x00,0xf1,0xff,
    0x43,0x00,0x00,0x00,0x00,0x00,0x00,0x00,0x00,0x00,0x00,0x00,0x00,0x00,0x00,0x00,
    0x3f,0x02,0x00,0x00,0x00,0x00,0xf1,0xff,0x44,0x00,0x00,0x00,0x00,0x00,0x00,0x00,
    0x00,0x00,0x00,0x00,0x00,0x00,0x00,0x00,0x9c,0x00,0x00,0x00,0x00,0x00,0xf1,0xff,
    0x43,0x00,0x00,0x00,0x00,0x00,0x00,0x00,0x00,0x00,0x00,0x00,0x00,0x00,0x00,0x00,
    0x01,0x04,0x00,0x00,0x00,0x00,0xf1,0xff,0x45,0x00,0x00,0x00,0x00,0x00,0x00,0x00,
    0x00,0x00,0x00,0x00,0x00,0x00,0x00,0x00,0xfa,0x01,0x00,0x00,0x00,0x00,0xf1,0xff,
    0x46,0x00,0x00,0x00,0x00,0x00,0x00,0x00,0x00,0x00,0x00,0x00,0x00,0x00,0x00,0x00,
    0x2c,0x02,0x00,0x00,0x00,0x00,0xf1,0xff,0x47,0x00,0x00,0x00,0x00,0x00,0x00,0x00,
    0x00,0x00,0x00,0x00,0x00,0x00,0x00,0x00,0x57,0x02,0x00,0x00,0x00,0x00,0xf1,0xff,
    0x43,0x00,0x00,0x00,0x00,0x00,0x00,0x00,0x00,0x00,0x00,0x00,0x00,0x00,0x00,0x00,
    0x36,0x02,0x00,0x00,0x00,0x00,0xf1,0xff,0x47,0x00,0x00,0x00,0x00,0x00,0x00,0x00,
    0x00,0x00,0x00,0x00,0x00,0x00,0x00,0x00,0x7f,0x02,0x00,0x00,0x00,0x00,0xf1,0xff,
    0x45,0x00,0x00,0x00,0x00,0x00,0x00,0x00,0x00,0x00,0x00,0x00,0x00,0x00,0x00,0x00,
    0xce,0x04,0x00,0x00,0x00,0x00,0xf1,0xff,0x42,0x00,0x00,0x00,0x00,0x00,0x00,0x00,
    0x00,0x00,0x00,0x00,0x00,0x00,0x00,0x00,0x6b,0x03,0x00,0x00,0x00,0x00,0xf1,0xff,
    0x44,0x00,0x00,0x00,0x00,0x00,0x00,0x00,0x00,0x00,0x00,0x00,0x00,0x00,0x00,0x00,
    0xe2,0x01,0x00,0x00,0x00,0x00,0xf1,0xff,0x37,0x00,0x00,0x00,0x00,0x00,0x00,0x00,
    0x00,0x00,0x00,0x00,0x00,0x00,0x00,0x00,0xc8,0x01,0x00,0x00,0x00,0x00,0xf1,0xff,
    0x38,0x00,0x00,0x00,0x00,0x00,0x00,0x00,0x00,0x00,0x00,0x00,0x00,0x00,0x00,0x00,
    0xa4,0x01,0x00,0x00,0x00,0x00,0xf1,0xff,0x39,0x00,0x00,0x00,0x00,0x00,0x00,0x00,
    0x00,0x00,0x00,0x00,0x00,0x00,0x00,0x00,0x21,0x01,0x00,0x00,0x00,0x00,0xf1,0xff,
    0x3b,0x00,0x00,0x00,0x00,0x00,0x00,0x00,0x00,0x00,0x00,0x00,0x00,0x00,0x00,0x00,
    0x22,0x00,0x00,0x00,0x00,0x00,0xf1,0xff,0x3f,0x00,0x00,0x00,0x00,0x00,0x00,0x00,
    0x00,0x00,0x00,0x00,0x00,0x00,0x00,0x00,0xa9,0x04,0x00,0x00,0x00,0x00,0xf1,0xff,
    0x42,0x00,0x00,0x00,0x00,0x00,0x00,0x00,0x00,0x00,0x00,0x00,0x00,0x00,0x00,0x00,
    0x98,0x01,0x00,0x00,0x00,0x00,0xf1,0xff,0x48,0x00,0x00,0x00,0x00,0x00,0x00,0x00,
    0x00,0x00,0x00,0x00,0x00,0x00,0x00,0x00,0x1a,0x05,0x00,0x00,0x00,0x00,0xf1,0xff,
    0x00,0x00,0x00,0x00,0x00,0x00,0x00,0x00,0x00,0x00,0x00,0x00,0x00,0x00,0x00,0x00,
    0x1d,0x00,0x00,0x00,0x00,0x00,0xf1,0xff,0x02,0x00,0x00,0x00,0x00,0x00,0x00,0x00,
    0x00,0x00,0x00,0x00,0x00,0x00,0x00,0x00,0x0f,0x00,0x00,0x00,0x00,0x00,0xf1,0xff,
    0x03,0x00,0x00,0x00,0x00,0x00,0x00,0x00,0x00,0x00,0x00,0x00,0x00,0x00,0x00,0x00,
    0x01,0x00,0x00,0x00,0x00,0x00,0xf1,0xff,0x04,0x00,0x00,0x00,0x00,0x00,0x00,0x00,
    0x00,0x00,0x00,0x00,0x00,0x00,0x00,0x00,0x25,0x02,0x00,0x00,0x00,0x00,0xf1,0xff,
    0x05,0x00,0x00,0x00,0x00,0x00,0x00,0x00,0x00,0x00,0x00,0x00,0x00,0x00,0x00,0x00,
    0x75,0x01,0x00,0x00,0x00,0x00,0xf1,0xff,0x06,0x00,0x00,0x00,0x00,0x00,0x00,0x00,
    0x00,0x00,0x00,0x00,0x00,0x00,0x00,0x00,0x7a,0x03,0x00,0x00,0x00,0x00,0xf1,0xff,
    0x07,0x00,0x00,0x00,0x00,0x00,0x00,0x00,0x00,0x00,0x00,0x00,0x00,0x00,0x00,0x00,
    0xbe,0x02,0x00,0x00,0x00,0x00,0xf1,0xff,0x08,0x00,0x00,0x00,0x00,0x00,0x00,0x00,
    0x00,0x00,0x00,0x00,0x00,0x00,0x00,0x00,0xb9,0x02,0x00,0x00,0x00,0x00,0xf1,0xff,
    0x09,0x00,0x00,0x00,0x00,0x00,0x00,0x00,0x00,0x00,0x00,0x00,0x00,0x00,0x00,0x00,
    0x04,0x02,0x00,0x00,0x00,0x00,0xf1,0xff,0x0a,0x00,0x00,0x00,0x00,0x00,0x00,0x00,
    0x00,0x00,0x00,0x00,0x00,0x00,0x00,0x00,0x5e,0x02,0x00,0x00,0x00,0x00,0xf1,0xff,
    0x0b,0x00,0x00,0x00,0x00,0x00,0x00,0x00,0x00,0x00,0x00,0x00,0x00,0x00,0x00,0x00,
    0x7f,0x04,0x00,0x00,0x00,0x00,0xf1,0xff,0x0c,0x00,0x00,0x00,0x00,0x00,0x00,0x00,
    0x00,0x00,0x00,0x00,0x00,0x00,0x00,0x00,0x76,0x03,0x00,0x00,0x00,0x00,0xf1,0xff,
    0x0d,0x00,0x00,0x00,0x00,0x00,0x00,0x00,0x00,0x00,0x00,0x00,0x00,0x00,0x00,0x00,
    0xdd,0x01,0x00,0x00,0x00,0x00,0xf1,0xff,0x0e,0x00,0x00,0x00,0x00,0x00,0x00,0x00,
    0x00,0x00,0x00,0x00,0x00,0x00,0x00,0x00,0xb9,0x01,0x00,0x00,0x00,0x00,0xf1,0xff,
    0x0f,0x00,0x00,0x00,0x00,0x00,0x00,0x00,0x00,0x00,0x00,0x00,0x00,0x00,0x00,0x00,
    0x17,0x02,0x00,0x00,0x00,0x00,0xf1,0xff,0x10,0x00,0x00,0x00,0x00,0x00,0x00,0x00,
    0x00,0x00,0x00,0x00,0x00,0x00,0x00,0x00,0x83,0x04,0x00,0x00,0x00,0x00,0xf1,0xff,
    0x11,0x00,0x00,0x00,0x00,0x00,0x00,0x00,0x00,0x00,0x00,0x00,0x00,0x00,0x00,0x00,
    0xe9,0x02,0x00,0x00,0x00,0x00,0xf1,0xff,0x12,0x00,0x00,0x00,0x00,0x00,0x00,0x00,
    0x00,0x00,0x00,0x00,0x00,0x00,0x00,0x00,0x80,0x00,0x00,0x00,0x00,0x00,0xf1,0xff,
    0x13,0x00,0x00,0x00,0x00,0x00,0x00,0x00,0x00,0x00,0x00,0x00,0x00,0x00,0x00,0x00,
    0x08,0x02,0x00,0x00,0x00,0x00,0xf1,0xff,0x14,0x00,0x00,0x00,0x00,0x00,0x00,0x00,
    0x00,0x00,0x00,0x00,0x00,0x00,0x00,0x00,0x8c,0x02,0x00,0x00,0x00,0x00,0xf1,0xff,
    0x15,0x00,0x00,0x00,0x00,0x00,0x00,0x00,0x00,0x00,0x00,0x00,0x00,0x00,0x00,0x00,
    0xda,0x02,0x00,0x00,0x00,0x00,0xf1,0xff,0x16,0x00,0x00,0x00,0x00,0x00,0x00,0x00,
    0x00,0x00,0x00,0x00,0x00,0x00,0x00,0x00,0x71,0x00,0x00,0x00,0x00,0x00,0xf1,0xff,
    0x17,0x00,0x00,0x00,0x00,0x00,0x00,0x00,0x00,0x00,0x00,0x00,0x00,0x00,0x00,0x00,
    0x4d,0x00,0x00,0x00,0x00,0x00,0xf1,0xff,0x18,0x00,0x00,0x00,0x00,0x00,0x00,0x00,
    0x00,0x00,0x00,0x00,0x00,0x00,0x00,0x00,0x36,0x00,0x00,0x00,0x00,0x00,0xf1,0xff,
    0x19,0x00,0x00,0x00,0x00,0x00,0x00,0x00,0x00,0x00,0x00,0x00,0x00,0x00,0x00,0x00,
    0x59,0x00,0x00,0x00,0x00,0x00,0xf1,0xff,0x1a,0x00,0x00,0x00,0x00,0x00,0x00,0x00,
    0x00,0x00,0x00,0x00,0x00,0x00,0x00,0x00,0x44,0x00,0x00,0x00,0x00,0x00,0xf1,0xff,
    0x1b,0x00,0x00,0x00,0x00,0x00,0x00,0x00,0x00,0x00,0x00,0x00,0x00,0x00,0x00,0x00,
    0xeb,0x01,0x00,0x00,0x00,0x00,0xf1,0xff,0x1c,0x00,0x00,0x00,0x00,0x00,0x00,0x00,
    0x00,0x00,0x00,0x00,0x00,0x00,0x00,0x00,0xc3,0x02,0x00,0x00,0x00,0x00,0xf1,0xff,
    0x20,0x00,0x00,0x00,0x00,0x00,0x00,0x00,0x00,0x00,0x00,0x00,0x00,0x00,0x00,0x00,
    0x94,0x00,0x00,0x00,0x00,0x00,0xf1,0xff,0x24,0x00,0x00,0x00,0x00,0x00,0x00,0x00,
    0x00,0x00,0x00,0x00,0x00,0x00,0x00,0x00,0xe0,0x05,0x00,0x00,0x00,0x00,0xf1,0xff,
    0x28,0x00,0x00,0x00,0x00,0x00,0x00,0x00,0x00,0x00,0x00,0x00,0x00,0x00,0x00,0x00,
    0x62,0x05,0x00,0x00,0x00,0x00,0xf1,0xff,0x29,0x00,0x00,0x00,0x00,0x00,0x00,0x00,
    0x00,0x00,0x00,0x00,0x00,0x00,0x00,0x00,0x49,0x05,0x00,0x00,0x00,0x00,0xf1,0xff,
    0x2a,0x00,0x00,0x00,0x00,0x00,0x00,0x00,0x00,0x00,0x00,0x00,0x00,0x00,0x00,0x00,
    0x3f,0x05,0x00,0x00,0x00,0x00,0xf1,0xff,0x2b,0x00,0x00,0x00,0x00,0x00,0x00,0x00,
    0x00,0x00,0x00,0x00,0x00,0x00,0x00,0x00,0x35,0x05,0x00,0x00,0x00,0x00,0xf1,0xff,
    0x2c,0x00,0x00,0x00,0x00,0x00,0x00,0x00,0x00,0x00,0x00,0x00,0x00,0x00,0x00,0x00,
    0x2b,0x05,0x00,0x00,0x00,0x00,0xf1,0xff,0x2d,0x00,0x00,0x00,0x00,0x00,0x00,0x00,
    0x00,0x00,0x00,0x00,0x00,0x00,0x00,0x00,0xd1,0x05,0x00,0x00,0x00,0x00,0xf1,0xff,
    0x2e,0x00,0x00,0x00,0x00,0x00,0x00,0x00,0x00,0x00,0x00,0x00,0x00,0x00,0x00,0x00,
    0x53,0x05,0x00,0x00,0x00,0x00,0xf1,0xff,0x2f,0x00,0x00,0x00,0x00,0x00,0x00,0x00,
    0x00,0x00,0x00,0x00,0x00,0x00,0x00,0x00,0xaa,0x02,0x00,0x00,0x00,0x00,0xf1,0xff,
    0x30,0x00,0x00,0x00,0x00,0x00,0x00,0x00,0x00,0x00,0x00,0x00,0x00,0x00,0x00,0x00,
    0x8a,0x01,0x00,0x00,0x00,0x00,0xf1,0xff,0x31,0x00,0x00,0x00,0x00,0x00,0x00,0x00,
    0x00,0x00,0x00,0x00,0x00,0x00,0x00,0x00,0x7c,0x01,0x00,0x00,0x00,0x00,0xf1,0xff,
    0x32,0x00,0x00,0x00,0x00,0x00,0x00,0x00,0x00,0x00,0x00,0x00,0x00,0x00,0x00,0x00,
    0x48,0x02,0x00,0x00,0x00,0x00,0xf1,0xff,0x33,0x00,0x00,0x00,0x00,0x00,0x00,0x00,
    0x00,0x00,0x00,0x00,0x00,0x00,0x00,0x00,0xe1,0x04,0x00,0x00,0x00,0x00,0xf1,0xff,
    0x34,0x00,0x00,0x00,0x00,0x00,0x00,0x00,0x00,0x00,0x00,0x00,0x00,0x00,0x00,0x00,
    0x9b,0x02,0x00,0x00,0x00,0x00,0xf1,0xff,0x35,0x00,0x00,0x00,0x00,0x00,0x00,0x00,
    0x00,0x00,0x00,0x00,0x00,0x00,0x00,0x00,0x62,0x02,0x00,0x00,0x00,0x00,0xf1,0xff,
    0x36,0x00,0x00,0x00,0x00,0x00,0x00,0x00,0x00,0x00,0x00,0x00,0x00,0x00,0x00,0x00,
    0x91,0x04,0x00,0x00,0x00,0x00,0xf1,0xff,0x37,0x00,0x00,0x00,0x00,0x00,0x00,0x00,
    0x00,0x00,0x00,0x00,0x00,0x00,0x00,0x00,0xb9,0x04,0x00,0x00,0x00,0x00,0xf1,0xff,
    0x38,0x00,0x00,0x00,0x00,0x00,0x00,0x00,0x00,0x00,0x00,0x00,0x00,0x00,0x00,0x00,
    0xbe,0x01,0x00,0x00,0x00,0x00,0xf1,0xff,0x39,0x00,0x00,0x00,0x00,0x00,0x00,0x00,
    0x00,0x00,0x00,0x00,0x00,0x00,0x00,0x00,0x15,0x01,0x00,0x00,0x00,0x00,0xf1,0xff,
    0x3a,0x00,0x00,0x00,0x00,0x00,0x00,0x00,0x00,0x00,0x00,0x00,0x00,0x00,0x00,0x00,
    0x3b,0x01,0x00,0x00,0x00,0x00,0xf1,0xff,0x3b,0x00,0x00,0x00,0x00,0x00,0x00,0x00,
    0x00,0x00,0x00,0x00,0x00,0x00,0x00,0x00,0x62,0x00,0x00,0x00,0x00,0x00,0xf1,0xff,
    0x10,0x00,0x00,0x00,0x00,0x00,0x00,0x00,0x00,0x00,0x00,0x00,0x00,0x00,0x00,0x00,
    0xcb,0x02,0x00,0x00,0x00,0x00,0xf1,0xff,0x13,0x00,0x00,0x00,0x00,0x00,0x00,0x00,
    0x00,0x00,0x00,0x00,0x00,0x00,0x00,0x00,0xd2,0x01,0x00,0x00,0x00,0x00,0xf1,0xff,
    0x3c,0x00,0x00,0x00,0x00,0x00,0x00,0x00,0x00,0x00,0x00,0x00,0x00,0x00,0x00,0x00,
    0xae,0x01,0x00,0x00,0x00,0x00,0xf1,0xff,0x3d,0x00,0x00,0x00,0x00,0x00,0x00,0x00,
    0x00,0x00,0x00,0x00,0x00,0x00,0x00,0x00,0x9e,0x01,0x00,0x00,0x00,0x00,0xf1,0xff,
    0x3e,0x00,0x00,0x00,0x00,0x00,0x00,0x00,0x00,0x00,0x00,0x00,0x00,0x00,0x00,0x00,
    0x93,0x03,0x00,0x00,0x00,0x00,0x02,0x00,0x90,0x05,0x00,0x00,0x00,0x00,0x00,0x00,
    0x00,0x00,0x00,0x00,0x00,0x00,0x00,0x00,0xa5,0x00,0x00,0x00,0x00,0x00,0x02,0x00,
    0x5c,0x04,0x00,0x00,0x00,0x00,0x00,0x00,0x00,0x00,0x00,0x00,0x00,0x00,0x00,0x00,
    0xf7,0x02,0x00,0x00,0x00,0x00,0x02,0x00,0x68,0x05,0x00,0x00,0x00,0x00,0x00,0x00,
    0x00,0x00,0x00,0x00,0x00,0x00,0x00,0x00,0x6c,0x05,0x00,0x00,0x12,0x03,0x02,0x00,
    0x00,0x00,0x00,0x00,0x00,0x00,0x00,0x00,0x00,0x00,0x00,0x00,0x00,0x00,0x00,0x00,
    0x0a,0x04,0x00,0x00,0x11,0x00,0x03,0x00,0x00,0x00,0x00,0x00,0x00,0x00,0x00,0x00,
    0x40,0x00,0x00,0x00,0x00,0x00,0x00,0x00,0x10,0x00,0x00,0x00,0x00,0x00,0x00,0x00,
    0x05,0x00,0x00,0x00,0x5d,0x00,0x00,0x00,0x10,0x00,0x00,0x00,0x00,0x00,0x00,0x00,
    0x00,0x73,0x5f,0x62,0x7a,0x00,0x76,0x5f,0x67,0x74,0x63,0x5f,0x69,0x79,0x00,0x73,
    0x5f,0x62,0x79,0x00,0x76,0x5f,0x67,0x74,0x63,0x5f,0x69,0x78,0x00,0x73,0x5f,0x62,
    0x78,0x00,0x76,0x5f,0x64,0x69,0x66,0x66,0x5f,0x69,0x6e,0x5f,0x69,0x77,0x69,0x5f,
    0x61,0x63,0x63,0x5f,0x78,0x00,0x73,0x5f,0x64,0x69,0x6c,0x61,0x74,0x69,0x6f,0x6e,
    0x5f,0x68,0x77,0x00,0x73,0x5f,0x77,0x65,0x69,0x5f,0x68,0x77,0x00,0x73,0x5f,0x73,
    0x74,0x72,0x69,0x64,0x65,0x5f,0x68,0x77,0x00,0x73,0x5f,0x70,0x61,0x64,0x5f,0x68,
    0x77,0x00,0x73,0x5f,0x78,0x5f,0x64,0x69,0x6c,0x61,0x74,0x69,0x6f,0x6e,0x5f,0x77,
    0x00,0x73,0x5f,0x6f,0x75,0x74,0x5f,0x73,0x74,0x72,0x69,0x64,0x65,0x5f,0x77,0x00,
    0x73,0x5f,0x69,0x6e,0x5f,0x73,0x74,0x72,0x69,0x64,0x65,0x5f,0x77,0x00,0x2e,0x74,
    0x65,0x78,0x74,0x00,0x73,0x5f,0x70,0x5f,0x6f,0x75,0x74,0x00,0x76,0x5f,0x63,0x6f,
    0x5f,0x73,0x73,0x74,0x00,0x63,0x6f,0x6e,0x76,0x5f,0x66,0x77,0x64,0x5f,0x72,0x65,
    0x6c,0x75,0x5f,0x67,0x74,0x63,0x77,0x33,0x5f,0x6e,0x68,0x77,0x63,0x5f,0x66,0x70,
    0x31,0x36,0x78,0x38,0x5f,0x65,0x78,0x30,0x5f,0x62,0x74,0x33,0x32,0x78,0x36,0x34,
    0x78,0x33,0x32,0x5f,0x77,0x72,0x31,0x78,0x32,0x5f,0x77,0x6e,0x32,0x78,0x32,0x5f,
    0x74,0x61,0x31,0x78,0x38,0x78,0x31,0x78,0x31,0x5f,0x31,0x78,0x34,0x78,0x31,0x78,
    0x33,0x32,0x5f,0x74,0x62,0x31,0x78,0x38,0x78,0x32,0x78,0x31,0x5f,0x31,0x78,0x34,
    0x78,0x31,0x78,0x33,0x32,0x5f,0x6d,0x62,0x30,0x5f,0x6c,0x6f,0x6f,0x70,0x5f,0x73,
    0x74,0x61,0x72,0x74,0x00,0x73,0x5f,0x69,0x6e,0x5f,0x6f,0x66,0x66,0x73,0x65,0x74,
    0x00,0x76,0x5f,0x6f,0x75,0x74,0x5f,0x6f,0x73,0x00,0x76,0x5f,0x69,0x6e,0x5f,0x6f,
    0x73,0x00,0x76,0x5f,0x77,0x65,0x69,0x5f,0x6f,0x73,0x00,0x73,0x5f,0x77,0x65,0x69,
    0x5f,0x62,0x61,0x73,0x65,0x5f,0x6f,0x73,0x00,0x76,0x5f,0x73,0x73,0x74,0x5f,0x62,
    0x5f,0x6f,0x73,0x00,0x76,0x5f,0x73,0x6c,0x64,0x5f,0x62,0x5f,0x6f,0x73,0x00,0x76,
    0x5f,0x73,0x73,0x74,0x5f,0x61,0x5f,0x6f,0x73,0x00,0x76,0x5f,0x73,0x6c,0x64,0x5f,
    0x61,0x5f,0x6f,0x73,0x00,0x73,0x5f,0x6b,0x69,0x74,0x72,0x00,0x73,0x5f,0x6b,0x5f,
    0x70,0x65,0x72,0x5f,0x67,0x72,0x6f,0x75,0x70,0x00,0x73,0x5f,0x63,0x5f,0x70,0x65,
    0x72,0x5f,0x67,0x72,0x6f,0x75,0x70,0x00,0x76,0x5f,0x74,0x6d,0x70,0x00,0x73,0x5f,
    0x74,0x6d,0x70,0x00,0x76,0x5f,0x6f,0x75,0x74,0x5f,0x69,0x77,0x6f,0x00,0x73,0x5f,
    0x73,0x68,0x69,0x66,0x74,0x5f,0x77,0x6f,0x00,0x73,0x5f,0x77,0x6f,0x00,0x73,0x5f,
    0x6e,0x5f,0x68,0x6f,0x5f,0x77,0x6f,0x00,0x76,0x5f,0x6f,0x75,0x74,0x5f,0x69,0x68,
    0x6f,0x00,0x73,0x5f,0x73,0x68,0x69,0x66,0x74,0x5f,0x68,0x6f,0x00,0x73,0x5f,0x68,
    0x6f,0x00,0x76,0x5f,0x6f,0x75,0x74,0x5f,0x69,0x6e,0x00,0x73,0x5f,0x70,0x5f,0x69,
    0x6e,0x00,0x76,0x5f,0x69,0x6e,0x5f,0x69,0x6e,0x00,0x76,0x5f,0x67,0x65,0x6d,0x6d,
    0x5f,0x69,0x6e,0x00,0x73,0x5f,0x6e,0x00,0x73,0x5f,0x6f,0x75,0x74,0x5f,0x73,0x74,
    0x72,0x69,0x64,0x65,0x5f,0x6e,0x00,0x73,0x5f,0x69,0x6e,0x5f,0x73,0x74,0x72,0x69,
    0x64,0x65,0x5f,0x6e,0x00,0x73,0x5f,0x6b,0x6e,0x75,0x6d,0x00,0x76,0x5f,0x67,0x65,
    0x6d,0x6d,0x5f,0x69,0x6d,0x00,0x76,0x5f,0x6f,0x75,0x74,0x5f,0x69,0x6b,0x00,0x76,
    0x5f,0x77,0x65,0x69,0x5f,0x69,0x6b,0x00,0x73,0x5f,0x62,0x6c,0x6f,0x63,0x6b,0x5f,
    0x67,0x74,0x63,0x5f,0x69,0x6b,0x00,0x76,0x5f,0x6f,0x75,0x74,0x5f,0x6f,0x73,0x5f,
    0x6b,0x00,0x73,0x5f,0x6d,0x6f,0x76,0x65,0x5f,0x73,0x6c,0x69,0x63,0x65,0x5f,0x6b,
    0x5f,0x73,0x74,0x72,0x69,0x64,0x65,0x5f,0x67,0x65,0x6d,0x6d,0x5f,0x6b,0x00,0x76,
    0x5f,0x6f,0x75,0x74,0x5f,0x66,0x6c,0x61,0x67,0x5f,0x6b,0x00,0x73,0x5f,0x6f,0x75,
    0x74,0x5f,0x73,0x74,0x72,0x69,0x64,0x65,0x5f,0x6b,0x00,0x73,0x5f,0x77,0x65,0x69,
    0x5f,0x73,0x74,0x72,0x69,0x64,0x65,0x5f,0x6b,0x00,0x73,0x5f,0x6d,0x6f,0x76,0x65,
    0x5f,0x73,0x6c,0x69,0x63,0x65,0x5f,0x6b,0x00,0x73,0x5f,0x77,0x69,0x00,0x73,0x5f,
    0x68,0x69,0x00,0x73,0x5f,0x70,0x5f,0x77,0x65,0x69,0x00,0x73,0x5f,0x79,0x5f,0x64,
    0x69,0x6c,0x61,0x74,0x69,0x6f,0x6e,0x5f,0x68,0x00,0x73,0x5f,0x6f,0x75,0x74,0x5f,
    0x73,0x74,0x72,0x69,0x64,0x65,0x5f,0x68,0x00,0x73,0x5f,0x69,0x6e,0x5f,0x73,0x74,
    0x72,0x69,0x64,0x65,0x5f,0x68,0x00,0x63,0x6f,0x6e,0x76,0x5f,0x66,0x77,0x64,0x5f,
    0x72,0x65,0x6c,0x75,0x5f,0x67,0x74,0x63,0x77,0x33,0x5f,0x6e,0x68,0x77,0x63,0x5f,
    0x66,0x70,0x31,0x36,0x78,0x38,0x5f,0x65,0x78,0x30,0x5f,0x62,0x74,0x33,0x32,0x78,
    0x36,0x34,0x78,0x33,0x32,0x5f,0x77,0x72,0x31,0x78,0x32,0x5f,0x77,0x6e,0x32,0x78,
    0x32,0x5f,0x74,0x61,0x31,0x78,0x38,0x78,0x31,0x78,0x31,0x5f,0x31,0x78,0x34,0x78,
    0x31,0x78,0x33,0x32,0x5f,0x74,0x62,0x31,0x78,0x38,0x78,0x32,0x78,0x31,0x5f,0x31,
    0x78,0x34,0x78,0x31,0x78,0x33,0x32,0x5f,0x6d,0x62,0x30,0x5f,0x6c,0x6f,0x6f,0x70,
    0x5f,0x66,0x69,0x6e,0x69,0x73,0x68,0x69,0x6e,0x67,0x00,0x76,0x5f,0x6f,0x75,0x74,
    0x5f,0x66,0x6c,0x61,0x67,0x00,0x73,0x5f,0x67,0x00,0x73,0x5f,0x30,0x78,0x66,0x66,
    0x66,0x66,0x00,0x2e,0x6e,0x6f,0x74,0x65,0x00,0x76,0x5f,0x67,0x74,0x63,0x5f,0x69,
    0x63,0x65,0x00,0x63,0x6f,0x6e,0x76,0x5f,0x66,0x77,0x64,0x5f,0x72,0x65,0x6c,0x75,
    0x5f,0x67,0x74,0x63,0x77,0x33,0x5f,0x6e,0x68,0x77,0x63,0x5f,0x66,0x70,0x31,0x36,
    0x78,0x38,0x5f,0x65,0x78,0x30,0x5f,0x62,0x74,0x33,0x32,0x78,0x36,0x34,0x78,0x33,
    0x32,0x5f,0x77,0x72,0x31,0x78,0x32,0x5f,0x77,0x6e,0x32,0x78,0x32,0x5f,0x74,0x61,
    0x31,0x78,0x38,0x78,0x31,0x78,0x31,0x5f,0x31,0x78,0x34,0x78,0x31,0x78,0x33,0x32,
    0x5f,0x74,0x62,0x31,0x78,0x38,0x78,0x32,0x78,0x31,0x5f,0x31,0x78,0x34,0x78,0x31,
    0x78,0x33,0x32,0x5f,0x6d,0x62,0x30,0x5f,0x6c,0x6f,0x6f,0x70,0x5f,0x65,0x6e,0x64,
    0x00,0x76,0x5f,0x63,0x6f,0x5f,0x73,0x6c,0x64,0x00,0x63,0x6f,0x6e,0x76,0x5f,0x66,
    0x77,0x64,0x5f,0x72,0x65,0x6c,0x75,0x5f,0x67,0x74,0x63,0x77,0x33,0x5f,0x6e,0x68,
    0x77,0x63,0x5f,0x66,0x70,0x31,0x36,0x78,0x38,0x5f,0x65,0x78,0x30,0x5f,0x62,0x74,
    0x33,0x32,0x78,0x36,0x34,0x78,0x33,0x32,0x5f,0x77,0x72,0x31,0x78,0x32,0x5f,0x77,
    0x6e,0x32,0x78,0x32,0x5f,0x74,0x61,0x31,0x78,0x38,0x78,0x31,0x78,0x31,0x5f,0x31,
    0x78,0x34,0x78,0x31,0x78,0x33,0x32,0x5f,0x74,0x62,0x31,0x78,0x38,0x78,0x32,0x78,
    0x31,0x5f,0x31,0x78,0x34,0x78,0x31,0x78,0x33,0x32,0x5f,0x6d,0x62,0x30,0x2e,0x6b,
    0x64,0x00,0x76,0x5f,0x67,0x74,0x63,0x5f,0x69,0x63,0x00,0x76,0x5f,0x63,0x00,0x73,
    0x5f,0x63,0x00,0x73,0x5f,0x69,0x6e,0x5f,0x73,0x74,0x72,0x69,0x64,0x65,0x5f,0x63,
    0x00,0x73,0x5f,0x6d,0x6f,0x76,0x65,0x5f,0x73,0x6c,0x69,0x63,0x65,0x5f,0x6b,0x5f,
    0x73,0x74,0x72,0x69,0x64,0x65,0x5f,0x63,0x00,0x76,0x5f,0x64,0x69,0x66,0x66,0x5f,
    0x69,0x6e,0x5f,0x61,0x63,0x63,0x5f,0x63,0x00,0x73,0x5f,0x6d,0x6f,0x76,0x65,0x5f,
    0x73,0x6c,0x69,0x63,0x65,0x5f,0x6b,0x5f,0x61,0x63,0x63,0x5f,0x63,0x00,0x76,0x5f,
    0x6f,0x75,0x74,0x5f,0x69,0x6e,0x62,0x00,0x76,0x5f,0x69,0x6e,0x5f,0x69,0x6e,0x62,
    0x00,0x73,0x5f,0x62,0x6c,0x6f,0x63,0x6b,0x5f,0x67,0x74,0x63,0x5f,0x69,0x6e,0x62,
    0x00,0x2e,0x73,0x74,0x72,0x74,0x61,0x62,0x00,0x2e,0x73,0x79,0x6d,0x74,0x61,0x62,
    0x00,0x76,0x5f,0x62,0x00,0x76,0x5f,0x67,0x6c,0x64,0x5f,0x62,0x00,0x2e,0x72,0x65,
    0x6c,0x61,0x2e,0x72,0x6f,0x64,0x61,0x74,0x61,0x00,0x73,0x5f,0x6b,0x61,0x00,0x76,
    0x5f,0x61,0x00,0x76,0x5f,0x67,0x6c,0x64,0x5f,0x61,0x00,0x73,0x5f,0x6d,0x61,0x67,
    0x69,0x63,0x5f,0x35,0x00,0x73,0x5f,0x6d,0x61,0x67,0x69,0x63,0x5f,0x34,0x00,0x73,
    0x5f,0x6d,0x61,0x67,0x69,0x63,0x5f,0x33,0x00,0x73,0x5f,0x6d,0x61,0x67,0x69,0x63,
    0x5f,0x32,0x00,0x73,0x5f,0x73,0x68,0x69,0x66,0x74,0x5f,0x70,0x61,0x63,0x6b,0x5f,
    0x31,0x00,0x73,0x5f,0x6d,0x61,0x67,0x69,0x63,0x5f,0x31,0x00,0x63,0x6f,0x6e,0x76,
    0x5f,0x66,0x77,0x64,0x5f,0x72,0x65,0x6c,0x75,0x5f,0x67,0x74,0x63,0x77,0x33,0x5f,
    0x6e,0x68,0x77,0x63,0x5f,0x66,0x70,0x31,0x36,0x78,0x38,0x5f,0x65,0x78,0x30,0x5f,
    0x62,0x74,0x33,0x32,0x78,0x36,0x34,0x78,0x33,0x32,0x5f,0x77,0x72,0x31,0x78,0x32,
    0x5f,0x77,0x6e,0x32,0x78,0x32,0x5f,0x74,0x61,0x31,0x78,0x38,0x78,0x31,0x78,0x31,
    0x5f,0x31,0x78,0x34,0x78,0x31,0x78,0x33,0x32,0x5f,0x74,0x62,0x31,0x78,0x38,0x78,
    0x32,0x78,0x31,0x5f,0x31,0x78,0x34,0x78,0x31,0x78,0x33,0x32,0x5f,0x6d,0x62,0x30,
    0x00,0x73,0x5f,0x73,0x68,0x69,0x66,0x74,0x5f,0x70,0x61,0x63,0x6b,0x5f,0x30,0x00,
    0x73,0x5f,0x6d,0x61,0x67,0x69,0x63,0x5f,0x30,0x00,0x00,0x00,0x00,0x00,0x00,0x00,
    0x00,0x00,0x00,0x00,0x00,0x00,0x00,0x00,0x00,0x00,0x00,0x00,0x00,0x00,0x00,0x00,
    0x00,0x00,0x00,0x00,0x00,0x00,0x00,0x00,0x00,0x00,0x00,0x00,0x00,0x00,0x00,0x00,
    0x00,0x00,0x00,0x00,0x00,0x00,0x00,0x00,0x00,0x00,0x00,0x00,0x00,0x00,0x00,0x00,
    0x00,0x00,0x00,0x00,0x00,0x00,0x00,0x00,0x00,0x00,0x00,0x00,0x00,0x00,0x00,0x00,
    0xf1,0x04,0x00,0x00,0x03,0x00,0x00,0x00,0x00,0x00,0x00,0x00,0x00,0x00,0x00,0x00,
    0x00,0x00,0x00,0x00,0x00,0x00,0x00,0x00,0x90,0x1d,0x00,0x00,0x00,0x00,0x00,0x00,
    0xea,0x05,0x00,0x00,0x00,0x00,0x00,0x00,0x00,0x00,0x00,0x00,0x00,0x00,0x00,0x00,
    0x01,0x00,0x00,0x00,0x00,0x00,0x00,0x00,0x00,0x00,0x00,0x00,0x00,0x00,0x00,0x00,
    0x8e,0x00,0x00,0x00,0x01,0x00,0x00,0x00,0x06,0x00,0x00,0x00,0x00,0x00,0x00,0x00,
    0x00,0x00,0x00,0x00,0x00,0x00,0x00,0x00,0x00,0x01,0x00,0x00,0x00,0x00,0x00,0x00,
    0xd8,0x07,0x00,0x00,0x00,0x00,0x00,0x00,0x00,0x00,0x00,0x00,0x00,0x00,0x00,0x00,
    0x00,0x01,0x00,0x00,0x00,0x00,0x00,0x00,0x00,0x00,0x00,0x00,0x00,0x00,0x00,0x00,
    0x12,0x05,0x00,0x00,0x01,0x00,0x00,0x00,0x02,0x00,0x00,0x00,0x00,0x00,0x00,0x00,
    0x00,0x00,0x00,0x00,0x00,0x00,0x00,0x00,0x00,0x09,0x00,0x00,0x00,0x00,0x00,0x00,
    0x40,0x00,0x00,0x00,0x00,0x00,0x00,0x00,0x00,0x00,0x00,0x00,0x00,0x00,0x00,0x00,
    0x40,0x00,0x00,0x00,0x00,0x00,0x00,0x00,0x00,0x00,0x00,0x00,0x00,0x00,0x00,0x00,
    0x0d,0x05,0x00,0x00,0x04,0x00,0x00,0x00,0x40,0x00,0x00,0x00,0x00,0x00,0x00,0x00,
    0x00,0x00,0x00,0x00,0x00,0x00,0x00,0x00,0x78,0x1d,0x00,0x00,0x00,0x00,0x00,0x00,
    0x18,0x00,0x00,0x00,0x00,0x00,0x00,0x00,0x06,0x00,0x00,0x00,0x03,0x00,0x00,0x00,
    0x08,0x00,0x00,0x00,0x00,0x00,0x00,0x00,0x18,0x00,0x00,0x00,0x00,0x00,0x00,0x00,
    0x83,0x03,0x00,0x00,0x07,0x00,0x00,0x00,0x02,0x00,0x00,0x00,0x00,0x00,0x00,0x00,
    0x00,0x00,0x00,0x00,0x00,0x00,0x00,0x00,0x40,0x09,0x00,0x00,0x00,0x00,0x00,0x00,
    0x4c,0x0b,0x00,0x00,0x00,0x00,0x00,0x00,0x00,0x00,0x00,0x00,0x00,0x00,0x00,0x00,
    0x04,0x00,0x00,0x00,0x00,0x00,0x00,0x00,0x00,0x00,0x00,0x00,0x00,0x00,0x00,0x00,
    0xf9,0x04,0x00,0x00,0x02,0x00,0x00,0x00,0x00,0x00,0x00,0x00,0x00,0x00,0x00,0x00,
    0x00,0x00,0x00,0x00,0x00,0x00,0x00,0x00,0x90,0x14,0x00,0x00,0x00,0x00,0x00,0x00,
    0xe8,0x08,0x00,0x00,0x00,0x00,0x00,0x00,0x01,0x00,0x00,0x00,0x5d,0x00,0x00,0x00,
    0x08,0x00,0x00,0x00,0x00,0x00,0x00,0x00,0x18,0x00,0x00,0x00,0x00,0x00,0x00,0x00 
        },
        .m_kernelName = {},
        .m_compilerVersion = {},
        .m_codeObjectVersion = 0,
        .m_isRelocatable = true,
        .m_shaderType = ShaderTypesFlags::UNKNOWN
    };
    
    const StaticShaderType<9896> MisaConv1x1_Bias_Elf =
    {
        .m_binary = {
    0x7f,0x45,0x4c,0x46,0x02,0x01,0x01,0x40,0x02,0x00,0x00,0x00,0x00,0x00,0x00,0x00,
    0x01,0x00,0xe0,0x00,0x01,0x00,0x00,0x00,0x00,0x00,0x00,0x00,0x00,0x00,0x00,0x00,
    0x00,0x00,0x00,0x00,0x00,0x00,0x00,0x00,0xe8,0x24,0x00,0x00,0x00,0x00,0x00,0x00,
    0x41,0x00,0x00,0x00,0x40,0x00,0x00,0x00,0x00,0x00,0x40,0x00,0x07,0x00,0x01,0x00,
    0x00,0x00,0x00,0x00,0x00,0x00,0x00,0x00,0x00,0x00,0x00,0x00,0x00,0x00,0x00,0x00,
    0x00,0x00,0x00,0x00,0x00,0x00,0x00,0x00,0x00,0x00,0x00,0x00,0x00,0x00,0x00,0x00,
    0x00,0x00,0x00,0x00,0x00,0x00,0x00,0x00,0x00,0x00,0x00,0x00,0x00,0x00,0x00,0x00,
    0x00,0x00,0x00,0x00,0x00,0x00,0x00,0x00,0x00,0x00,0x00,0x00,0x00,0x00,0x00,0x00,
    0x00,0x00,0x00,0x00,0x00,0x00,0x00,0x00,0x00,0x00,0x00,0x00,0x00,0x00,0x00,0x00,
    0x00,0x00,0x00,0x00,0x00,0x00,0x00,0x00,0x00,0x00,0x00,0x00,0x00,0x00,0x00,0x00,
    0x00,0x00,0x00,0x00,0x00,0x00,0x00,0x00,0x00,0x00,0x00,0x00,0x00,0x00,0x00,0x00,
    0x00,0x00,0x00,0x00,0x00,0x00,0x00,0x00,0x00,0x00,0x00,0x00,0x00,0x00,0x00,0x00,
    0x00,0x00,0x00,0x00,0x00,0x00,0x00,0x00,0x00,0x00,0x00,0x00,0x00,0x00,0x00,0x00,
    0x00,0x00,0x00,0x00,0x00,0x00,0x00,0x00,0x00,0x00,0x00,0x00,0x00,0x00,0x00,0x00,
    0x00,0x00,0x00,0x00,0x00,0x00,0x00,0x00,0x00,0x00,0x00,0x00,0x00,0x00,0x00,0x00,
    0x00,0x00,0x00,0x00,0x00,0x00,0x00,0x00,0x00,0x00,0x00,0x00,0x00,0x00,0x00,0x00,
    0x00,0x07,0x04,0xf4,0x00,0x00,0x00,0xf8,0x00,0x08,0x04,0xf4,0x08,0x00,0x00,0xf8,
    0x00,0x09,0x04,0xf4,0x10,0x00,0x00,0xf8,0x00,0x0a,0x04,0xf4,0x18,0x00,0x00,0xf8,
    0x00,0x02,0x10,0xf4,0x20,0x00,0x00,0xf8,0x00,0x06,0x08,0xf4,0x60,0x00,0x00,0xf8,
    0x00,0x0d,0x00,0xf4,0x70,0x00,0x00,0xf8,0x00,0x0b,0x0c,0xf4,0x74,0x00,0x00,0xf8,
    0x00,0x03,0xa4,0x7e,0x9f,0xa4,0x96,0x36,0x85,0xa4,0xa4,0x32,0x83,0xa4,0x8c,0x36,
    0x00,0x03,0xa4,0x7e,0x9f,0xa4,0x92,0x36,0xff,0x00,0x87,0xbe,0xff,0xff,0x00,0x00,
    0x80,0x00,0xbf,0xbe,0x07,0xfc,0x89,0xbf,0x0e,0x07,0x04,0xf4,0x00,0x00,0x00,0xf8,
    0x10,0x08,0x04,0xf4,0x00,0x00,0x00,0xf8,0x12,0x09,0x04,0xf4,0x00,0x00,0x00,0xf8,
    0x14,0x0a,0x04,0xf4,0x00,0x00,0x00,0xf8,0x07,0xfc,0x89,0xbf,0x1d,0xff,0x1d,0x8b,
    0xff,0xff,0x00,0x00,0x21,0xff,0x21,0x8b,0xff,0xff,0x00,0x00,0x25,0xff,0x25,0x8b,
    0xff,0xff,0x00,0x00,0x29,0xff,0x29,0x8b,0xff,0xff,0x00,0x00,0x32,0xff,0x45,0x93,
    0x00,0x00,0x08,0x00,0x2c,0x0c,0xc2,0x96,0x42,0x0c,0x42,0x80,0x42,0x45,0x35,0x85,
    0x2c,0x0b,0xc2,0x96,0x42,0x0b,0x42,0x80,0x42,0x45,0x36,0x85,0x2c,0x04,0xc2,0x96,
    0x42,0x04,0x42,0x80,0x42,0x45,0x47,0x85,0x0d,0x47,0x42,0x96,0x04,0x42,0xc6,0x80,
    0x35,0x36,0x42,0x96,0x42,0x81,0x42,0x84,0x42,0x00,0xa2,0xbe,0xff,0x00,0xa3,0xbe,
    0x00,0x00,0x02,0x30,0x42,0x46,0x42,0x96,0x20,0x42,0x20,0x80,0x21,0x80,0x21,0x82,
    0x10,0x0a,0x42,0x96,0x42,0x47,0x44,0x96,0x42,0x47,0xc5,0x96,0x1c,0x44,0x1c,0x80,
    0x1d,0x45,0x1d,0x82,0x14,0x0a,0x42,0x96,0x42,0x47,0x44,0x96,0x42,0x47,0xc5,0x96,
    0x24,0x44,0x24,0x80,0x25,0x45,0x25,0x82,0x35,0x83,0x44,0x85,0x36,0x83,0x45,0x85,
    0x44,0x46,0x42,0x96,0x11,0x42,0x42,0x96,0x1c,0x42,0x1c,0x80,0x1d,0x80,0x1d,0x82,
    0x45,0x46,0x42,0x96,0x15,0x42,0x42,0x96,0x24,0x42,0x24,0x80,0x25,0x80,0x25,0x82,
    0x02,0xa0,0x38,0x96,0x03,0xc0,0x37,0x96,0x35,0x83,0x0c,0x85,0x46,0x03,0x8a,0x7e,
    0x35,0x00,0x85,0xbe,0x86,0x00,0xa4,0x32,0x52,0x05,0x84,0x7e,0x42,0xa0,0x45,0x96,
    0x37,0x82,0x46,0x96,0x82,0x0b,0x2a,0x96,0xff,0x00,0xab,0xbe,0x00,0x00,0x02,0x30,
    0x45,0x46,0x44,0x80,0x9f,0x00,0xa4,0x36,0x52,0x00,0x2c,0xd7,0x52,0x05,0x01,0x00,
    0x00,0x00,0x48,0xe0,0x52,0x4f,0x4a,0x44,0x40,0x00,0x48,0xe0,0x52,0x50,0x4a,0x44,
    0x35,0x81,0x39,0x84,0x37,0x96,0xae,0x4a,0x84,0x8c,0xa4,0x30,0x56,0x00,0x2c,0xd7,
    0x39,0xae,0x02,0x00,0x39,0xa0,0x39,0x96,0x52,0xad,0x88,0x4a,0x80,0x02,0x66,0x7e,
    0x80,0x02,0x68,0x7e,0x80,0x02,0x6a,0x7e,0x80,0x02,0x6c,0x7e,0x80,0x02,0x6e,0x7e,
    0x80,0x02,0x70,0x7e,0x80,0x02,0x72,0x7e,0x80,0x02,0x74,0x7e,0x00,0x00,0x5c,0xe0,
    0x44,0x33,0x48,0x3f,0x00,0x00,0x5c,0xe0,0x44,0x37,0x48,0x39,0x80,0x00,0xbe,0xbe,
    0x10,0x0a,0x1e,0x96,0xff,0x00,0x9f,0xbe,0x00,0x00,0x02,0x30,0x08,0x90,0x08,0x84,
    0x80,0x00,0x81,0xbe,0x57,0x00,0x55,0xd6,0x38,0x02,0x24,0x05,0x32,0xff,0x45,0x93,
    0x18,0x00,0x08,0x00,0x55,0x00,0x2d,0xd7,0x2f,0xae,0x02,0x00,0x55,0xaf,0xaa,0x4a,
    0x45,0xaa,0xac,0x32,0x55,0x00,0x2c,0xd7,0x0f,0xac,0x02,0x00,0x57,0xab,0xa4,0x4c,
    0x32,0xff,0x45,0x93,0x10,0x00,0x08,0x00,0x55,0x00,0x2d,0xd7,0x2e,0xac,0x02,0x00,
    0x55,0xad,0xaa,0x4a,0x45,0xaa,0x94,0x32,0x55,0x00,0x2c,0xd7,0x0e,0x94,0x02,0x00,
    0x56,0xab,0xa6,0x4c,0x57,0x00,0x2c,0xd7,0x10,0x94,0x02,0x00,0x56,0x00,0x2c,0xd7,
    0x11,0x8a,0x02,0x00,0x55,0x00,0x2c,0xd7,0x12,0xa6,0x02,0x00,0x54,0x00,0x2c,0xd7,
    0x13,0xa4,0x02,0x00,0x43,0x00,0x55,0xd6,0x57,0xad,0x56,0x05,0x54,0x87,0x86,0x4a,
    0x80,0x02,0x76,0x7e,0x80,0x02,0x78,0x7e,0x80,0x02,0x7a,0x7e,0x80,0x02,0x7c,0x7e,
    0x00,0x00,0x5c,0xe0,0x43,0x3b,0x47,0x3e,0x00,0x03,0xae,0x7e,0x85,0xae,0xa4,0x32,
    0x8f,0xae,0xa6,0x36,0x81,0xa4,0x9a,0x36,0x81,0xa4,0x9c,0x32,0x81,0xa6,0xaa,0x36,
    0x81,0xa6,0xa8,0x32,0x4d,0x00,0x56,0xd6,0x4d,0x09,0x4d,0x05,0x55,0x00,0x56,0xd6,
    0x55,0x07,0x51,0x05,0x4e,0x00,0x56,0xd6,0x4e,0x09,0x55,0x05,0x00,0x03,0xae,0x7e,
    0x8f,0xae,0xaa,0x36,0x84,0xae,0xa8,0x32,0x81,0xa8,0xa8,0x36,0x85,0xae,0xa4,0x32,
    0x81,0xa4,0xa6,0x36,0x81,0xa4,0xa4,0x32,0x81,0xa4,0xa4,0x36,0x4a,0x00,0x56,0xd6,
    0x53,0x09,0x55,0x05,0x83,0xa8,0xa8,0x30,0x4c,0x00,0x56,0xd6,0x52,0x09,0x51,0x05,
    0x84,0x9c,0x80,0x30,0x83,0x96,0xa8,0x30,0x52,0x00,0x0b,0xd6,0x46,0xff,0x51,0x05,
    0x00,0x02,0x00,0x00,0x81,0xa4,0x7e,0x30,0x84,0x9a,0x84,0x30,0x83,0x92,0xa8,0x30,
    0x52,0x00,0x0b,0xd6,0x46,0xff,0x51,0x05,0x00,0x01,0x00,0x00,0x81,0xa4,0x82,0x30,
    0xff,0x84,0x84,0x4a,0x00,0x10,0x00,0x00,0xff,0x82,0x82,0x4a,0x00,0x10,0x00,0x00,
    0x4a,0x03,0x9a,0x7e,0x4c,0x03,0x9c,0x7e,0x37,0x9c,0x9c,0x4a,0x83,0x9c,0xa4,0x32,
    0x4a,0x00,0x2c,0xd7,0x15,0xa4,0x02,0x00,0x0a,0x0e,0x3d,0x96,0x32,0xff,0x41,0x93,
    0x18,0x00,0x08,0x00,0x32,0xff,0x40,0x93,0x10,0x00,0x08,0x00,0x0f,0x3d,0x3d,0x96,
    0xc1,0x00,0xa6,0xbe,0xff,0x00,0xa7,0xbe,0x00,0x00,0x02,0x30,0x36,0x9c,0x98,0x7c,
    0x4c,0x00,0x01,0xd5,0x80,0x02,0xa9,0x01,0xc0,0x00,0xba,0xbe,0x11,0x84,0x3b,0x96,
    0x84,0x00,0xbc,0xbe,0xf7,0x07,0x89,0xbf,0xff,0x00,0xea,0xbe,0xff,0xff,0x00,0x00,
    0x42,0x00,0x60,0xd7,0x4f,0x01,0x01,0x00,0x42,0x02,0xa4,0x7e,0x42,0x00,0x60,0xd7,
    0x4f,0x11,0x01,0x00,0x43,0x00,0x60,0xd7,0x4f,0x03,0x01,0x00,0x43,0x02,0xa6,0x7e,
    0x43,0x00,0x60,0xd7,0x4f,0x13,0x01,0x00,0x44,0x00,0x60,0xd7,0x4f,0x05,0x01,0x00,
    0x44,0x02,0xa8,0x7e,0x44,0x00,0x60,0xd7,0x4f,0x15,0x01,0x00,0x45,0x00,0x60,0xd7,
    0x4f,0x07,0x01,0x00,0x45,0x02,0xaa,0x7e,0x45,0x00,0x60,0xd7,0x4f,0x17,0x01,0x00,
    0x46,0x00,0x60,0xd7,0x4f,0x09,0x01,0x00,0x46,0x02,0xac,0x7e,0x46,0x00,0x60,0xd7,
    0x4f,0x19,0x01,0x00,0x47,0x00,0x60,0xd7,0x4f,0x0b,0x01,0x00,0x47,0x02,0xae,0x7e,
    0x47,0x00,0x60,0xd7,0x4f,0x1b,0x01,0x00,0x48,0x00,0x60,0xd7,0x4f,0x0d,0x01,0x00,
    0x48,0x02,0xb0,0x7e,0x48,0x00,0x60,0xd7,0x4f,0x1d,0x01,0x00,0x49,0x00,0x60,0xd7,
    0x4f,0x0f,0x01,0x00,0x49,0x02,0xb2,0x7e,0x49,0x00,0x60,0xd7,0x4f,0x1f,0x01,0x00,
    0x42,0xa4,0xa4,0x02,0x43,0xa6,0xa6,0x02,0x44,0xa8,0xa8,0x02,0x45,0xaa,0xaa,0x02,
    0x46,0xac,0xac,0x02,0x47,0xae,0xae,0x02,0x48,0xb0,0xb0,0x02,0x49,0xb2,0xb2,0x02,
    0x52,0x17,0xa4,0x7e,0x53,0x17,0xa6,0x7e,0x54,0x17,0xa8,0x7e,0x55,0x17,0xaa,0x7e,
    0x56,0x17,0xac,0x7e,0x57,0x17,0xae,0x7e,0x58,0x17,0xb0,0x7e,0x59,0x17,0xb2,0x7e,
    0x52,0x03,0x00,0x7e,0x53,0x03,0x02,0x7e,0x54,0x03,0x04,0x7e,0x55,0x03,0x06,0x7e,
    0x56,0x03,0x08,0x7e,0x57,0x03,0x0a,0x7e,0x58,0x03,0x0c,0x7e,0x59,0x03,0x0e,0x7e,
    0x42,0x00,0x60,0xd7,0x50,0x01,0x01,0x00,0x42,0x02,0xa4,0x7e,0x42,0x00,0x60,0xd7,
    0x50,0x11,0x01,0x00,0x43,0x00,0x60,0xd7,0x50,0x03,0x01,0x00,0x43,0x02,0xa6,0x7e,
    0x43,0x00,0x60,0xd7,0x50,0x13,0x01,0x00,0x44,0x00,0x60,0xd7,0x50,0x05,0x01,0x00,
    0x44,0x02,0xa8,0x7e,0x44,0x00,0x60,0xd7,0x50,0x15,0x01,0x00,0x45,0x00,0x60,0xd7,
    0x50,0x07,0x01,0x00,0x45,0x02,0xaa,0x7e,0x45,0x00,0x60,0xd7,0x50,0x17,0x01,0x00,
    0x46,0x00,0x60,0xd7,0x50,0x09,0x01,0x00,0x46,0x02,0xac,0x7e,0x46,0x00,0x60,0xd7,
    0x50,0x19,0x01,0x00,0x47,0x00,0x60,0xd7,0x50,0x0b,0x01,0x00,0x47,0x02,0xae,0x7e,
    0x47,0x00,0x60,0xd7,0x50,0x1b,0x01,0x00,0x48,0x00,0x60,0xd7,0x50,0x0d,0x01,0x00,
    0x48,0x02,0xb0,0x7e,0x48,0x00,0x60,0xd7,0x50,0x1d,0x01,0x00,0x49,0x00,0x60,0xd7,
    0x50,0x0f,0x01,0x00,0x49,0x02,0xb2,0x7e,0x49,0x00,0x60,0xd7,0x50,0x1f,0x01,0x00,
    0x42,0xa4,0xa4,0x02,0x43,0xa6,0xa6,0x02,0x44,0xa8,0xa8,0x02,0x45,0xaa,0xaa,0x02,
    0x46,0xac,0xac,0x02,0x47,0xae,0xae,0x02,0x48,0xb0,0xb0,0x02,0x49,0xb2,0xb2,0x02,
    0x52,0x17,0xa4,0x7e,0x53,0x17,0xa6,0x7e,0x54,0x17,0xa8,0x7e,0x55,0x17,0xaa,0x7e,
    0x56,0x17,0xac,0x7e,0x57,0x17,0xae,0x7e,0x58,0x17,0xb0,0x7e,0x59,0x17,0xb2,0x7e,
    0x52,0x03,0x10,0x7e,0x53,0x03,0x12,0x7e,0x54,0x03,0x14,0x7e,0x55,0x03,0x16,0x7e,
    0x56,0x03,0x18,0x7e,0x57,0x03,0x1a,0x7e,0x58,0x03,0x1c,0x7e,0x59,0x03,0x1e,0x7e,
    0xf7,0x07,0x89,0xbf,0x00,0x00,0x7c,0xdb,0x3f,0x33,0x00,0x00,0x00,0x02,0x7c,0xdb,
    0x3f,0x37,0x00,0x00,0xf7,0x03,0x89,0xbf,0x00,0x00,0x7c,0xdb,0x41,0x3b,0x00,0x00,
    0x3b,0x3e,0x3e,0x80,0x3a,0x88,0x88,0x4a,0x07,0xfc,0x89,0xbf,0x00,0x00,0xbd,0xbf,
    0x00,0x00,0xfc,0xdb,0x42,0x00,0x00,0x22,0x00,0x02,0xfc,0xdb,0x42,0x00,0x00,0x26,
    0x00,0x00,0xfc,0xdb,0x40,0x00,0x00,0x11,0x00,0x04,0xfc,0xdb,0x40,0x00,0x00,0x15,
    0x00,0x02,0xfc,0xdb,0x40,0x00,0x00,0x19,0x00,0x06,0xfc,0xdb,0x40,0x00,0x00,0x1d,
    0x05,0xa0,0x86,0x81,0x06,0x80,0x02,0xbf,0x4d,0x00,0xa1,0xbf,0x00,0x00,0x5c,0xe0,
    0x44,0x33,0x48,0x3f,0x00,0x00,0x5c,0xe0,0x44,0x37,0x48,0x39,0x80,0x02,0x76,0x7e,
    0x80,0x02,0x78,0x7e,0x80,0x02,0x7a,0x7e,0x80,0x02,0x7c,0x7e,0x00,0x00,0x5c,0xe0,
    0x43,0x3b,0x47,0x3e,0x00,0x04,0xfc,0xdb,0x42,0x00,0x00,0x2a,0x00,0x06,0xfc,0xdb,
    0x42,0x00,0x00,0x2e,0x47,0xfc,0x89,0xbf,0x00,0x40,0x40,0xcc,0x11,0x45,0x02,0x1c,
    0x00,0x08,0xfc,0xdb,0x40,0x00,0x00,0x11,0x00,0x0c,0xfc,0xdb,0x40,0x00,0x00,0x15,
    0x47,0xfc,0x89,0xbf,0x08,0x40,0x40,0xcc,0x19,0x45,0x22,0x1c,0x00,0x0a,0xfc,0xdb,
    0x40,0x00,0x00,0x19,0x00,0x0e,0xfc,0xdb,0x40,0x00,0x00,0x1d,0x27,0xfc,0x89,0xbf,
    0x00,0x40,0x40,0xcc,0x11,0x55,0x02,0x1c,0x07,0xfc,0x89,0xbf,0xf7,0x07,0x89,0xbf,
    0x00,0x00,0xbd,0xbf,0x00,0x00,0x7c,0xdb,0x3f,0x33,0x00,0x00,0x00,0x02,0x7c,0xdb,
    0x3f,0x37,0x00,0x00,0xf7,0x03,0x89,0xbf,0x00,0x00,0x7c,0xdb,0x41,0x3b,0x00,0x00,
    0x08,0x40,0x40,0xcc,0x19,0x55,0x22,0x1c,0x06,0xa0,0x86,0x81,0x06,0x80,0x02,0xbf,
    0x11,0x00,0xa1,0xbf,0x3b,0x3e,0x3e,0x80,0x3a,0x88,0x88,0x4a,0x07,0xfc,0x89,0xbf,
    0x00,0x00,0xbd,0xbf,0x00,0x00,0xfc,0xdb,0x42,0x00,0x00,0x22,0x00,0x02,0xfc,0xdb,
    0x42,0x00,0x00,0x26,0x00,0x00,0xfc,0xdb,0x40,0x00,0x00,0x11,0x00,0x04,0xfc,0xdb,
    0x40,0x00,0x00,0x15,0x00,0x02,0xfc,0xdb,0x40,0x00,0x00,0x19,0x00,0x06,0xfc,0xdb,
    0x40,0x00,0x00,0x1d,0xc1,0xff,0xa0,0xbf,0x07,0xfc,0x89,0xbf,0x00,0x00,0xbd,0xbf,
    0x00,0x00,0xfc,0xdb,0x42,0x00,0x00,0x22,0x00,0x02,0xfc,0xdb,0x42,0x00,0x00,0x26,
    0x00,0x00,0xfc,0xdb,0x40,0x00,0x00,0x11,0x00,0x04,0xfc,0xdb,0x40,0x00,0x00,0x15,
    0x00,0x02,0xfc,0xdb,0x40,0x00,0x00,0x19,0x00,0x06,0xfc,0xdb,0x40,0x00,0x00,0x1d,
    0x00,0x04,0xfc,0xdb,0x42,0x00,0x00,0x2a,0x00,0x06,0xfc,0xdb,0x42,0x00,0x00,0x2e,
    0x47,0xfc,0x89,0xbf,0x00,0x40,0x40,0xcc,0x11,0x45,0x02,0x1c,0x00,0x08,0xfc,0xdb,
    0x40,0x00,0x00,0x11,0x00,0x0c,0xfc,0xdb,0x40,0x00,0x00,0x15,0x47,0xfc,0x89,0xbf,
    0x08,0x40,0x40,0xcc,0x19,0x45,0x22,0x1c,0x00,0x0a,0xfc,0xdb,0x40,0x00,0x00,0x19,
    0x00,0x0e,0xfc,0xdb,0x40,0x00,0x00,0x1d,0x27,0xfc,0x89,0xbf,0x00,0x40,0x40,0xcc,
    0x11,0x55,0x02,0x1c,0x07,0xfc,0x89,0xbf,0x08,0x40,0x40,0xcc,0x19,0x55,0x22,0x1c,
    0x80,0x00,0x81,0xbe,0x15,0x84,0x15,0x96,0x38,0x9a,0x92,0x4a,0x52,0x00,0x2d,0xd7,
    0x2f,0x92,0x02,0x00,0x52,0x93,0xa4,0x4a,0x41,0xa4,0xaa,0x32,0x52,0x00,0x2c,0xd7,
    0x0f,0xaa,0x02,0x00,0x49,0xa5,0x82,0x4c,0x52,0x00,0x2d,0xd7,0x2e,0xaa,0x02,0x00,
    0x52,0xab,0xa4,0x4a,0x40,0xa4,0x7e,0x32,0x52,0x00,0x2c,0xd7,0x0e,0x7e,0x02,0x00,
    0x55,0xa5,0x80,0x4c,0x43,0x00,0x0b,0xd6,0x17,0x82,0x2a,0x05,0x3d,0x92,0x98,0x7c,
    0x52,0x00,0x2c,0xd7,0x14,0x7e,0x02,0x00,0x53,0x00,0x2c,0xd7,0x16,0x80,0x02,0x00,
    0x80,0x98,0x96,0x02,0x43,0x00,0x55,0xd6,0x52,0xa7,0x0e,0x05,0x00,0x03,0x00,0x5e,
    0x02,0x07,0x02,0x5e,0x04,0x0b,0x04,0x5e,0x06,0x0f,0x06,0x5e,0x81,0x96,0x96,0x7d,
    0x00,0x00,0x74,0xe0,0x43,0x00,0x49,0x01,0xc1,0x01,0xfe,0xbe,0xa0,0x9c,0x9c,0x4a,
    0x15,0x01,0x01,0x80,0x36,0x9c,0x98,0x7c,0x4c,0x00,0x01,0xd5,0x80,0x02,0xa9,0x01,
    0x38,0x9a,0x92,0x4a,0x52,0x00,0x2d,0xd7,0x2f,0x92,0x02,0x00,0x52,0x93,0xa4,0x4a,
    0x41,0xa4,0xaa,0x32,0x52,0x00,0x2c,0xd7,0x0f,0xaa,0x02,0x00,0x49,0xa5,0x82,0x4c,
    0x52,0x00,0x2d,0xd7,0x2e,0xaa,0x02,0x00,0x52,0xab,0xa4,0x4a,0x40,0xa4,0x7e,0x32,
    0x52,0x00,0x2c,0xd7,0x0e,0x7e,0x02,0x00,0x55,0xa5,0x80,0x4c,0x43,0x00,0x0b,0xd6,
    0x17,0x82,0x2a,0x05,0x3d,0x92,0x98,0x7c,0x52,0x00,0x2c,0xd7,0x14,0x7e,0x02,0x00,
    0x53,0x00,0x2c,0xd7,0x16,0x80,0x02,0x00,0x80,0x98,0x96,0x02,0x43,0x00,0x55,0xd6,
    0x52,0xa7,0x0e,0x05,0x08,0x13,0x10,0x5e,0x0a,0x17,0x12,0x5e,0x0c,0x1b,0x14,0x5e,
    0x0e,0x1f,0x16,0x5e,0x81,0x96,0x96,0x7d,0x00,0x00,0x74,0xe0,0x43,0x08,0x49,0x01,
    0xc1,0x01,0xfe,0xbe,0x00,0x00,0xb0,0xbf,0x00,0x00,0x00,0x00,0x00,0x00,0x00,0x00,
    0x00,0x00,0x00,0x00,0x00,0x00,0x00,0x00,0x00,0x00,0x00,0x00,0x00,0x00,0x00,0x00,
    0x00,0x00,0x00,0x00,0x00,0x00,0x00,0x00,0x00,0x00,0x00,0x00,0x00,0x00,0x00,0x00,
    0x00,0x00,0x00,0x00,0x00,0x00,0x00,0x00,0x00,0x00,0x00,0x00,0x00,0x00,0x00,0x00,
    0x00,0x18,0x00,0x00,0x00,0x00,0x00,0x00,0x00,0x00,0x00,0x00,0x00,0x00,0x00,0x00,
    0x00,0x00,0x00,0x00,0x00,0x00,0x00,0x00,0x00,0x00,0x00,0x00,0x00,0x00,0x00,0x00,
    0x00,0x00,0x00,0x00,0x00,0x00,0x00,0x00,0x00,0x00,0x00,0x00,0x00,0x00,0x00,0x00,
    0x0b,0x00,0x0c,0x40,0x84,0x03,0x00,0x00,0x08,0x04,0x00,0x00,0x00,0x00,0x00,0x00,
    0x07,0x00,0x00,0x00,0x38,0x0b,0x00,0x00,0x20,0x00,0x00,0x00,0x41,0x4d,0x44,0x47,
    0x50,0x55,0x00,0x00,0x82,0xae,0x61,0x6d,0x64,0x68,0x73,0x61,0x2e,0x6b,0x65,0x72,
    0x6e,0x65,0x6c,0x73,0x91,0x8c,0xa5,0x2e,0x61,0x72,0x67,0x73,0xdc,0x00,0x21,0x87,
    0xae,0x2e,0x61,0x64,0x64,0x72,0x65,0x73,0x73,0x5f,0x73,0x70,0x61,0x63,0x65,0xa6,
    0x67,0x6c,0x6f,0x62,0x61,0x6c,0xa9,0x2e,0x69,0x73,0x5f,0x63,0x6f,0x6e,0x73,0x74,
    0xc3,0xa5,0x2e,0x6e,0x61,0x6d,0x65,0xa4,0x70,0x5f,0x69,0x6e,0xa7,0x2e,0x6f,0x66,
    0x66,0x73,0x65,0x74,0x00,0xa5,0x2e,0x73,0x69,0x7a,0x65,0x08,0xab,0x2e,0x76,0x61,
    0x6c,0x75,0x65,0x5f,0x6b,0x69,0x6e,0x64,0xad,0x67,0x6c,0x6f,0x62,0x61,0x6c,0x5f,
    0x62,0x75,0x66,0x66,0x65,0x72,0xab,0x2e,0x76,0x61,0x6c,0x75,0x65,0x5f,0x74,0x79,
    0x70,0x65,0xa3,0x66,0x33,0x32,0x87,0xae,0x2e,0x61,0x64,0x64,0x72,0x65,0x73,0x73,
    0x5f,0x73,0x70,0x61,0x63,0x65,0xa6,0x67,0x6c,0x6f,0x62,0x61,0x6c,0xa9,0x2e,0x69,
    0x73,0x5f,0x63,0x6f,0x6e,0x73,0x74,0xc3,0xa5,0x2e,0x6e,0x61,0x6d,0x65,0xa5,0x70,
    0x5f,0x77,0x65,0x69,0xa7,0x2e,0x6f,0x66,0x66,0x73,0x65,0x74,0x08,0xa5,0x2e,0x73,
    0x69,0x7a,0x65,0x08,0xab,0x2e,0x76,0x61,0x6c,0x75,0x65,0x5f,0x6b,0x69,0x6e,0x64,
    0xad,0x67,0x6c,0x6f,0x62,0x61,0x6c,0x5f,0x62,0x75,0x66,0x66,0x65,0x72,0xab,0x2e,
    0x76,0x61,0x6c,0x75,0x65,0x5f,0x74,0x79,0x70,0x65,0xa3,0x66,0x33,0x32,0x87,0xae,
    0x2e,0x61,0x64,0x64,0x72,0x65,0x73,0x73,0x5f,0x73,0x70,0x61,0x63,0x65,0xa6,0x67,
    0x6c,0x6f,0x62,0x61,0x6c,0xa9,0x2e,0x69,0x73,0x5f,0x63,0x6f,0x6e,0x73,0x74,0xc2,
    0xa5,0x2e,0x6e,0x61,0x6d,0x65,0xa5,0x70,0x5f,0x6f,0x75,0x74,0xa7,0x2e,0x6f,0x66,
    0x66,0x73,0x65,0x74,0x10,0xa5,0x2e,0x73,0x69,0x7a,0x65,0x08,0xab,0x2e,0x76,0x61,
    0x6c,0x75,0x65,0x5f,0x6b,0x69,0x6e,0x64,0xad,0x67,0x6c,0x6f,0x62,0x61,0x6c,0x5f,
    0x62,0x75,0x66,0x66,0x65,0x72,0xab,0x2e,0x76,0x61,0x6c,0x75,0x65,0x5f,0x74,0x79,
    0x70,0x65,0xa3,0x66,0x33,0x32,0x87,0xae,0x2e,0x61,0x64,0x64,0x72,0x65,0x73,0x73,
    0x5f,0x73,0x70,0x61,0x63,0x65,0xa6,0x67,0x6c,0x6f,0x62,0x61,0x6c,0xa9,0x2e,0x69,
    0x73,0x5f,0x63,0x6f,0x6e,0x73,0x74,0xc3,0xa5,0x2e,0x6e,0x61,0x6d,0x65,0xa6,0x70,
    0x5f,0x62,0x69,0x61,0x73,0xa7,0x2e,0x6f,0x66,0x66,0x73,0x65,0x74,0x18,0xa5,0x2e,
    0x73,0x69,0x7a,0x65,0x08,0xab,0x2e,0x76,0x61,0x6c,0x75,0x65,0x5f,0x6b,0x69,0x6e,
    0x64,0xad,0x67,0x6c,0x6f,0x62,0x61,0x6c,0x5f,0x62,0x75,0x66,0x66,0x65,0x72,0xab,
    0x2e,0x76,0x61,0x6c,0x75,0x65,0x5f,0x74,0x79,0x70,0x65,0xa3,0x66,0x33,0x32,0x85,
    0xa5,0x2e,0x6e,0x61,0x6d,0x65,0xa2,0x68,0x69,0xa7,0x2e,0x6f,0x66,0x66,0x73,0x65,
    0x74,0x20,0xa5,0x2e,0x73,0x69,0x7a,0x65,0x04,0xab,0x2e,0x76,0x61,0x6c,0x75,0x65,
    0x5f,0x6b,0x69,0x6e,0x64,0xa8,0x62,0x79,0x5f,0x76,0x61,0x6c,0x75,0x65,0xab,0x2e,
    0x76,0x61,0x6c,0x75,0x65,0x5f,0x74,0x79,0x70,0x65,0xa3,0x69,0x33,0x32,0x85,0xa5,
    0x2e,0x6e,0x61,0x6d,0x65,0xa2,0x77,0x69,0xa7,0x2e,0x6f,0x66,0x66,0x73,0x65,0x74,
    0x24,0xa5,0x2e,0x73,0x69,0x7a,0x65,0x04,0xab,0x2e,0x76,0x61,0x6c,0x75,0x65,0x5f,
    0x6b,0x69,0x6e,0x64,0xa8,0x62,0x79,0x5f,0x76,0x61,0x6c,0x75,0x65,0xab,0x2e,0x76,
    0x61,0x6c,0x75,0x65,0x5f,0x74,0x79,0x70,0x65,0xa3,0x69,0x33,0x32,0x85,0xa5,0x2e,
    0x6e,0x61,0x6d,0x65,0xa1,0x6e,0xa7,0x2e,0x6f,0x66,0x66,0x73,0x65,0x74,0x28,0xa5,
    0x2e,0x73,0x69,0x7a,0x65,0x04,0xab,0x2e,0x76,0x61,0x6c,0x75,0x65,0x5f,0x6b,0x69,
    0x6e,0x64,0xa8,0x62,0x79,0x5f,0x76,0x61,0x6c,0x75,0x65,0xab,0x2e,0x76,0x61,0x6c,
    0x75,0x65,0x5f,0x74,0x79,0x70,0x65,0xa3,0x69,0x33,0x32,0x85,0xa5,0x2e,0x6e,0x61,
    0x6d,0x65,0xa1,0x6b,0xa7,0x2e,0x6f,0x66,0x66,0x73,0x65,0x74,0x2c,0xa5,0x2e,0x73,
    0x69,0x7a,0x65,0x04,0xab,0x2e,0x76,0x61,0x6c,0x75,0x65,0x5f,0x6b,0x69,0x6e,0x64,
    0xa8,0x62,0x79,0x5f,0x76,0x61,0x6c,0x75,0x65,0xab,0x2e,0x76,0x61,0x6c,0x75,0x65,
    0x5f,0x74,0x79,0x70,0x65,0xa3,0x69,0x33,0x32,0x85,0xa5,0x2e,0x6e,0x61,0x6d,0x65,
    0xa1,0x63,0xa7,0x2e,0x6f,0x66,0x66,0x73,0x65,0x74,0x30,0xa5,0x2e,0x73,0x69,0x7a,
    0x65,0x04,0xab,0x2e,0x76,0x61,0x6c,0x75,0x65,0x5f,0x6b,0x69,0x6e,0x64,0xa8,0x62,
    0x79,0x5f,0x76,0x61,0x6c,0x75,0x65,0xab,0x2e,0x76,0x61,0x6c,0x75,0x65,0x5f,0x74,
    0x79,0x70,0x65,0xa3,0x69,0x33,0x32,0x85,0xa5,0x2e,0x6e,0x61,0x6d,0x65,0xa1,0x67,
    0xa7,0x2e,0x6f,0x66,0x66,0x73,0x65,0x74,0x34,0xa5,0x2e,0x73,0x69,0x7a,0x65,0x04,
    0xab,0x2e,0x76,0x61,0x6c,0x75,0x65,0x5f,0x6b,0x69,0x6e,0x64,0xa8,0x62,0x79,0x5f,
    0x76,0x61,0x6c,0x75,0x65,0xab,0x2e,0x76,0x61,0x6c,0x75,0x65,0x5f,0x74,0x79,0x70,
    0x65,0xa3,0x69,0x33,0x32,0x85,0xa5,0x2e,0x6e,0x61,0x6d,0x65,0xa2,0x68,0x6f,0xa7,
    0x2e,0x6f,0x66,0x66,0x73,0x65,0x74,0x38,0xa5,0x2e,0x73,0x69,0x7a,0x65,0x04,0xab,
    0x2e,0x76,0x61,0x6c,0x75,0x65,0x5f,0x6b,0x69,0x6e,0x64,0xa8,0x62,0x79,0x5f,0x76,
    0x61,0x6c,0x75,0x65,0xab,0x2e,0x76,0x61,0x6c,0x75,0x65,0x5f,0x74,0x79,0x70,0x65,
    0xa3,0x69,0x33,0x32,0x85,0xa5,0x2e,0x6e,0x61,0x6d,0x65,0xa2,0x77,0x6f,0xa7,0x2e,
    0x6f,0x66,0x66,0x73,0x65,0x74,0x3c,0xa5,0x2e,0x73,0x69,0x7a,0x65,0x04,0xab,0x2e,
    0x76,0x61,0x6c,0x75,0x65,0x5f,0x6b,0x69,0x6e,0x64,0xa8,0x62,0x79,0x5f,0x76,0x61,
    0x6c,0x75,0x65,0xab,0x2e,0x76,0x61,0x6c,0x75,0x65,0x5f,0x74,0x79,0x70,0x65,0xa3,
    0x69,0x33,0x32,0x85,0xa5,0x2e,0x6e,0x61,0x6d,0x65,0xab,0x69,0x6e,0x5f,0x73,0x74,
    0x72,0x69,0x64,0x65,0x5f,0x6e,0xa7,0x2e,0x6f,0x66,0x66,0x73,0x65,0x74,0x40,0xa5,
    0x2e,0x73,0x69,0x7a,0x65,0x04,0xab,0x2e,0x76,0x61,0x6c,0x75,0x65,0x5f,0x6b,0x69,
    0x6e,0x64,0xa8,0x62,0x79,0x5f,0x76,0x61,0x6c,0x75,0x65,0xab,0x2e,0x76,0x61,0x6c,
    0x75,0x65,0x5f,0x74,0x79,0x70,0x65,0xa3,0x69,0x33,0x32,0x85,0xa5,0x2e,0x6e,0x61,
    0x6d,0x65,0xab,0x69,0x6e,0x5f,0x73,0x74,0x72,0x69,0x64,0x65,0x5f,0x63,0xa7,0x2e,
    0x6f,0x66,0x66,0x73,0x65,0x74,0x44,0xa5,0x2e,0x73,0x69,0x7a,0x65,0x04,0xab,0x2e,
    0x76,0x61,0x6c,0x75,0x65,0x5f,0x6b,0x69,0x6e,0x64,0xa8,0x62,0x79,0x5f,0x76,0x61,
    0x6c,0x75,0x65,0xab,0x2e,0x76,0x61,0x6c,0x75,0x65,0x5f,0x74,0x79,0x70,0x65,0xa3,
    0x69,0x33,0x32,0x85,0xa5,0x2e,0x6e,0x61,0x6d,0x65,0xab,0x69,0x6e,0x5f,0x73,0x74,
    0x72,0x69,0x64,0x65,0x5f,0x68,0xa7,0x2e,0x6f,0x66,0x66,0x73,0x65,0x74,0x48,0xa5,
    0x2e,0x73,0x69,0x7a,0x65,0x04,0xab,0x2e,0x76,0x61,0x6c,0x75,0x65,0x5f,0x6b,0x69,
    0x6e,0x64,0xa8,0x62,0x79,0x5f,0x76,0x61,0x6c,0x75,0x65,0xab,0x2e,0x76,0x61,0x6c,
    0x75,0x65,0x5f,0x74,0x79,0x70,0x65,0xa3,0x69,0x33,0x32,0x85,0xa5,0x2e,0x6e,0x61,
    0x6d,0x65,0xab,0x69,0x6e,0x5f,0x73,0x74,0x72,0x69,0x64,0x65,0x5f,0x77,0xa7,0x2e,
    0x6f,0x66,0x66,0x73,0x65,0x74,0x4c,0xa5,0x2e,0x73,0x69,0x7a,0x65,0x04,0xab,0x2e,
    0x76,0x61,0x6c,0x75,0x65,0x5f,0x6b,0x69,0x6e,0x64,0xa8,0x62,0x79,0x5f,0x76,0x61,
    0x6c,0x75,0x65,0xab,0x2e,0x76,0x61,0x6c,0x75,0x65,0x5f,0x74,0x79,0x70,0x65,0xa3,
    0x69,0x33,0x32,0x85,0xa5,0x2e,0x6e,0x61,0x6d,0x65,0xac,0x6f,0x75,0x74,0x5f,0x73,
    0x74,0x72,0x69,0x64,0x65,0x5f,0x6e,0xa7,0x2e,0x6f,0x66,0x66,0x73,0x65,0x74,0x50,
    0xa5,0x2e,0x73,0x69,0x7a,0x65,0x04,0xab,0x2e,0x76,0x61,0x6c,0x75,0x65,0x5f,0x6b,
    0x69,0x6e,0x64,0xa8,0x62,0x79,0x5f,0x76,0x61,0x6c,0x75,0x65,0xab,0x2e,0x76,0x61,
    0x6c,0x75,0x65,0x5f,0x74,0x79,0x70,0x65,0xa3,0x69,0x33,0x32,0x85,0xa5,0x2e,0x6e,
    0x61,0x6d,0x65,0xac,0x6f,0x75,0x74,0x5f,0x73,0x74,0x72,0x69,0x64,0x65,0x5f,0x6b,
    0xa7,0x2e,0x6f,0x66,0x66,0x73,0x65,0x74,0x54,0xa5,0x2e,0x73,0x69,0x7a,0x65,0x04,
    0xab,0x2e,0x76,0x61,0x6c,0x75,0x65,0x5f,0x6b,0x69,0x6e,0x64,0xa8,0x62,0x79,0x5f,
    0x76,0x61,0x6c,0x75,0x65,0xab,0x2e,0x76,0x61,0x6c,0x75,0x65,0x5f,0x74,0x79,0x70,
    0x65,0xa3,0x69,0x33,0x32,0x85,0xa5,0x2e,0x6e,0x61,0x6d,0x65,0xac,0x6f,0x75,0x74,
    0x5f,0x73,0x74,0x72,0x69,0x64,0x65,0x5f,0x68,0xa7,0x2e,0x6f,0x66,0x66,0x73,0x65,
    0x74,0x58,0xa5,0x2e,0x73,0x69,0x7a,0x65,0x04,0xab,0x2e,0x76,0x61,0x6c,0x75,0x65,
    0x5f,0x6b,0x69,0x6e,0x64,0xa8,0x62,0x79,0x5f,0x76,0x61,0x6c,0x75,0x65,0xab,0x2e,
    0x76,0x61,0x6c,0x75,0x65,0x5f,0x74,0x79,0x70,0x65,0xa3,0x69,0x33,0x32,0x85,0xa5,
    0x2e,0x6e,0x61,0x6d,0x65,0xac,0x6f,0x75,0x74,0x5f,0x73,0x74,0x72,0x69,0x64,0x65,
    0x5f,0x77,0xa7,0x2e,0x6f,0x66,0x66,0x73,0x65,0x74,0x5c,0xa5,0x2e,0x73,0x69,0x7a,
    0x65,0x04,0xab,0x2e,0x76,0x61,0x6c,0x75,0x65,0x5f,0x6b,0x69,0x6e,0x64,0xa8,0x62,
    0x79,0x5f,0x76,0x61,0x6c,0x75,0x65,0xab,0x2e,0x76,0x61,0x6c,0x75,0x65,0x5f,0x74,
    0x79,0x70,0x65,0xa3,0x69,0x33,0x32,0x85,0xa5,0x2e,0x6e,0x61,0x6d,0x65,0xa9,0x73,
    0x74,0x72,0x69,0x64,0x65,0x5f,0x68,0x77,0xa7,0x2e,0x6f,0x66,0x66,0x73,0x65,0x74,
    0x60,0xa5,0x2e,0x73,0x69,0x7a,0x65,0x04,0xab,0x2e,0x76,0x61,0x6c,0x75,0x65,0x5f,
    0x6b,0x69,0x6e,0x64,0xa8,0x62,0x79,0x5f,0x76,0x61,0x6c,0x75,0x65,0xab,0x2e,0x76,
    0x61,0x6c,0x75,0x65,0x5f,0x74,0x79,0x70,0x65,0xa3,0x69,0x33,0x32,0x85,0xa5,0x2e,
    0x6e,0x61,0x6d,0x65,0xab,0x64,0x69,0x6c,0x61,0x74,0x69,0x6f,0x6e,0x5f,0x68,0x77,
    0xa7,0x2e,0x6f,0x66,0x66,0x73,0x65,0x74,0x64,0xa5,0x2e,0x73,0x69,0x7a,0x65,0x04,
    0xab,0x2e,0x76,0x61,0x6c,0x75,0x65,0x5f,0x6b,0x69,0x6e,0x64,0xa8,0x62,0x79,0x5f,
    0x76,0x61,0x6c,0x75,0x65,0xab,0x2e,0x76,0x61,0x6c,0x75,0x65,0x5f,0x74,0x79,0x70,
    0x65,0xa3,0x69,0x33,0x32,0x85,0xa5,0x2e,0x6e,0x61,0x6d,0x65,0xa6,0x70,0x61,0x64,
    0x5f,0x68,0x77,0xa7,0x2e,0x6f,0x66,0x66,0x73,0x65,0x74,0x68,0xa5,0x2e,0x73,0x69,
    0x7a,0x65,0x04,0xab,0x2e,0x76,0x61,0x6c,0x75,0x65,0x5f,0x6b,0x69,0x6e,0x64,0xa8,
    0x62,0x79,0x5f,0x76,0x61,0x6c,0x75,0x65,0xab,0x2e,0x76,0x61,0x6c,0x75,0x65,0x5f,
    0x74,0x79,0x70,0x65,0xa3,0x69,0x33,0x32,0x85,0xa5,0x2e,0x6e,0x61,0x6d,0x65,0xa6,
    0x77,0x65,0x69,0x5f,0x68,0x77,0xa7,0x2e,0x6f,0x66,0x66,0x73,0x65,0x74,0x6c,0xa5,
    0x2e,0x73,0x69,0x7a,0x65,0x04,0xab,0x2e,0x76,0x61,0x6c,0x75,0x65,0x5f,0x6b,0x69,
    0x6e,0x64,0xa8,0x62,0x79,0x5f,0x76,0x61,0x6c,0x75,0x65,0xab,0x2e,0x76,0x61,0x6c,
    0x75,0x65,0x5f,0x74,0x79,0x70,0x65,0xa3,0x69,0x33,0x32,0x85,0xa5,0x2e,0x6e,0x61,
    0x6d,0x65,0xac,0x6d,0x6f,0x76,0x65,0x5f,0x73,0x6c,0x69,0x63,0x65,0x5f,0x6b,0xa7,
    0x2e,0x6f,0x66,0x66,0x73,0x65,0x74,0x70,0xa5,0x2e,0x73,0x69,0x7a,0x65,0x04,0xab,
    0x2e,0x76,0x61,0x6c,0x75,0x65,0x5f,0x6b,0x69,0x6e,0x64,0xa8,0x62,0x79,0x5f,0x76,
    0x61,0x6c,0x75,0x65,0xab,0x2e,0x76,0x61,0x6c,0x75,0x65,0x5f,0x74,0x79,0x70,0x65,
    0xa3,0x69,0x33,0x32,0x85,0xa5,0x2e,0x6e,0x61,0x6d,0x65,0xa7,0x6d,0x61,0x67,0x69,
    0x63,0x5f,0x30,0xa7,0x2e,0x6f,0x66,0x66,0x73,0x65,0x74,0x74,0xa5,0x2e,0x73,0x69,
    0x7a,0x65,0x04,0xab,0x2e,0x76,0x61,0x6c,0x75,0x65,0x5f,0x6b,0x69,0x6e,0x64,0xa8,
    0x62,0x79,0x5f,0x76,0x61,0x6c,0x75,0x65,0xab,0x2e,0x76,0x61,0x6c,0x75,0x65,0x5f,
    0x74,0x79,0x70,0x65,0xa3,0x69,0x33,0x32,0x85,0xa5,0x2e,0x6e,0x61,0x6d,0x65,0xa7,
    0x6d,0x61,0x67,0x69,0x63,0x5f,0x31,0xa7,0x2e,0x6f,0x66,0x66,0x73,0x65,0x74,0x78,
    0xa5,0x2e,0x73,0x69,0x7a,0x65,0x04,0xab,0x2e,0x76,0x61,0x6c,0x75,0x65,0x5f,0x6b,
    0x69,0x6e,0x64,0xa8,0x62,0x79,0x5f,0x76,0x61,0x6c,0x75,0x65,0xab,0x2e,0x76,0x61,
    0x6c,0x75,0x65,0x5f,0x74,0x79,0x70,0x65,0xa3,0x69,0x33,0x32,0x85,0xa5,0x2e,0x6e,
    0x61,0x6d,0x65,0xa7,0x6d,0x61,0x67,0x69,0x63,0x5f,0x32,0xa7,0x2e,0x6f,0x66,0x66,
    0x73,0x65,0x74,0x7c,0xa5,0x2e,0x73,0x69,0x7a,0x65,0x04,0xab,0x2e,0x76,0x61,0x6c,
    0x75,0x65,0x5f,0x6b,0x69,0x6e,0x64,0xa8,0x62,0x79,0x5f,0x76,0x61,0x6c,0x75,0x65,
    0xab,0x2e,0x76,0x61,0x6c,0x75,0x65,0x5f,0x74,0x79,0x70,0x65,0xa3,0x69,0x33,0x32,
    0x85,0xa5,0x2e,0x6e,0x61,0x6d,0x65,0xa7,0x6d,0x61,0x67,0x69,0x63,0x5f,0x33,0xa7,
    0x2e,0x6f,0x66,0x66,0x73,0x65,0x74,0xcc,0x80,0xa5,0x2e,0x73,0x69,0x7a,0x65,0x04,
    0xab,0x2e,0x76,0x61,0x6c,0x75,0x65,0x5f,0x6b,0x69,0x6e,0x64,0xa8,0x62,0x79,0x5f,
    0x76,0x61,0x6c,0x75,0x65,0xab,0x2e,0x76,0x61,0x6c,0x75,0x65,0x5f,0x74,0x79,0x70,
    0x65,0xa3,0x69,0x33,0x32,0x85,0xa5,0x2e,0x6e,0x61,0x6d,0x65,0xa7,0x6d,0x61,0x67,
    0x69,0x63,0x5f,0x34,0xa7,0x2e,0x6f,0x66,0x66,0x73,0x65,0x74,0xcc,0x84,0xa5,0x2e,
    0x73,0x69,0x7a,0x65,0x04,0xab,0x2e,0x76,0x61,0x6c,0x75,0x65,0x5f,0x6b,0x69,0x6e,
    0x64,0xa8,0x62,0x79,0x5f,0x76,0x61,0x6c,0x75,0x65,0xab,0x2e,0x76,0x61,0x6c,0x75,
    0x65,0x5f,0x74,0x79,0x70,0x65,0xa3,0x69,0x33,0x32,0x85,0xa5,0x2e,0x6e,0x61,0x6d,
    0x65,0xa7,0x6d,0x61,0x67,0x69,0x63,0x5f,0x35,0xa7,0x2e,0x6f,0x66,0x66,0x73,0x65,
    0x74,0xcc,0x88,0xa5,0x2e,0x73,0x69,0x7a,0x65,0x04,0xab,0x2e,0x76,0x61,0x6c,0x75,
    0x65,0x5f,0x6b,0x69,0x6e,0x64,0xa8,0x62,0x79,0x5f,0x76,0x61,0x6c,0x75,0x65,0xab,
    0x2e,0x76,0x61,0x6c,0x75,0x65,0x5f,0x74,0x79,0x70,0x65,0xa3,0x69,0x33,0x32,0x85,
    0xa5,0x2e,0x6e,0x61,0x6d,0x65,0xac,0x73,0x68,0x69,0x66,0x74,0x5f,0x70,0x61,0x63,
    0x6b,0x5f,0x30,0xa7,0x2e,0x6f,0x66,0x66,0x73,0x65,0x74,0xcc,0x8c,0xa5,0x2e,0x73,
    0x69,0x7a,0x65,0x04,0xab,0x2e,0x76,0x61,0x6c,0x75,0x65,0x5f,0x6b,0x69,0x6e,0x64,
    0xa8,0x62,0x79,0x5f,0x76,0x61,0x6c,0x75,0x65,0xab,0x2e,0x76,0x61,0x6c,0x75,0x65,
    0x5f,0x74,0x79,0x70,0x65,0xa3,0x69,0x33,0x32,0x85,0xa5,0x2e,0x6e,0x61,0x6d,0x65,
    0xac,0x73,0x68,0x69,0x66,0x74,0x5f,0x70,0x61,0x63,0x6b,0x5f,0x31,0xa7,0x2e,0x6f,
    0x66,0x66,0x73,0x65,0x74,0xcc,0x90,0xa5,0x2e,0x73,0x69,0x7a,0x65,0x04,0xab,0x2e,
    0x76,0x61,0x6c,0x75,0x65,0x5f,0x6b,0x69,0x6e,0x64,0xa8,0x62,0x79,0x5f,0x76,0x61,
    0x6c,0x75,0x65,0xab,0x2e,0x76,0x61,0x6c,0x75,0x65,0x5f,0x74,0x79,0x70,0x65,0xa3,
    0x69,0x33,0x32,0xb9,0x2e,0x67,0x72,0x6f,0x75,0x70,0x5f,0x73,0x65,0x67,0x6d,0x65,
    0x6e,0x74,0x5f,0x66,0x69,0x78,0x65,0x64,0x5f,0x73,0x69,0x7a,0x65,0xcd,0x18,0x00,
    0xb6,0x2e,0x6b,0x65,0x72,0x6e,0x61,0x72,0x67,0x5f,0x73,0x65,0x67,0x6d,0x65,0x6e,
    0x74,0x5f,0x61,0x6c,0x69,0x67,0x6e,0x08,0xb5,0x2e,0x6b,0x65,0x72,0x6e,0x61,0x72,
    0x67,0x5f,0x73,0x65,0x67,0x6d,0x65,0x6e,0x74,0x5f,0x73,0x69,0x7a,0x65,0xcc,0x98,
    0xb8,0x2e,0x6d,0x61,0x78,0x5f,0x66,0x6c,0x61,0x74,0x5f,0x77,0x6f,0x72,0x6b,0x67,
    0x72,0x6f,0x75,0x70,0x5f,0x73,0x69,0x7a,0x65,0xcc,0x80,0xa5,0x2e,0x6e,0x61,0x6d,
    0x65,0xd9,0x64,0x63,0x6f,0x6e,0x76,0x5f,0x66,0x77,0x64,0x5f,0x62,0x69,0x61,0x73,
    0x5f,0x67,0x74,0x63,0x77,0x33,0x5f,0x6e,0x68,0x77,0x63,0x5f,0x66,0x70,0x31,0x36,
    0x78,0x38,0x5f,0x65,0x78,0x30,0x5f,0x62,0x74,0x36,0x34,0x78,0x33,0x32,0x78,0x33,
    0x32,0x5f,0x77,0x72,0x32,0x78,0x31,0x5f,0x77,0x6e,0x32,0x78,0x32,0x5f,0x74,0x61,
    0x31,0x78,0x38,0x78,0x31,0x78,0x32,0x5f,0x31,0x78,0x34,0x78,0x31,0x78,0x33,0x32,
    0x5f,0x74,0x62,0x31,0x78,0x38,0x78,0x31,0x78,0x31,0x5f,0x31,0x78,0x34,0x78,0x31,
    0x78,0x33,0x32,0x5f,0x6d,0x62,0x30,0xbb,0x2e,0x70,0x72,0x69,0x76,0x61,0x74,0x65,
    0x5f,0x73,0x65,0x67,0x6d,0x65,0x6e,0x74,0x5f,0x66,0x69,0x78,0x65,0x64,0x5f,0x73,
    0x69,0x7a,0x65,0x00,0xb4,0x2e,0x72,0x65,0x71,0x64,0x5f,0x77,0x6f,0x72,0x6b,0x67,
    0x72,0x6f,0x75,0x70,0x5f,0x73,0x69,0x7a,0x65,0x93,0xcc,0x80,0x01,0x01,0xab,0x2e,
    0x73,0x67,0x70,0x72,0x5f,0x63,0x6f,0x75,0x6e,0x74,0x50,0xa7,0x2e,0x73,0x79,0x6d,
    0x62,0x6f,0x6c,0xd9,0x67,0x63,0x6f,0x6e,0x76,0x5f,0x66,0x77,0x64,0x5f,0x62,0x69,
    0x61,0x73,0x5f,0x67,0x74,0x63,0x77,0x33,0x5f,0x6e,0x68,0x77,0x63,0x5f,0x66,0x70,
    0x31,0x36,0x78,0x38,0x5f,0x65,0x78,0x30,0x5f,0x62,0x74,0x36,0x34,0x78,0x33,0x32,
    0x78,0x33,0x32,0x5f,0x77,0x72,0x32,0x78,0x31,0x5f,0x77,0x6e,0x32,0x78,0x32,0x5f,
    0x74,0x61,0x31,0x78,0x38,0x78,0x31,0x78,0x32,0x5f,0x31,0x78,0x34,0x78,0x31,0x78,
    0x33,0x32,0x5f,0x74,0x62,0x31,0x78,0x38,0x78,0x31,0x78,0x31,0x5f,0x31,0x78,0x34,
    0x78,0x31,0x78,0x33,0x32,0x5f,0x6d,0x62,0x30,0x2e,0x6b,0x64,0xab,0x2e,0x76,0x67,
    0x70,0x72,0x5f,0x63,0x6f,0x75,0x6e,0x74,0x5a,0xaf,0x2e,0x77,0x61,0x76,0x65,0x66,
    0x72,0x6f,0x6e,0x74,0x5f,0x73,0x69,0x7a,0x65,0x20,0xae,0x61,0x6d,0x64,0x68,0x73,
    0x61,0x2e,0x76,0x65,0x72,0x73,0x69,0x6f,0x6e,0x92,0x01,0x00,0x00,0x00,0x00,0x00,
    0x00,0x00,0x00,0x00,0x00,0x00,0x00,0x00,0x00,0x00,0x00,0x00,0x00,0x00,0x00,0x00,
    0x00,0x00,0x00,0x00,0x00,0x00,0x00,0x00,0x9e,0x04,0x00,0x00,0x00,0x00,0xf1,0xff,
    0x00,0x00,0x00,0x00,0x00,0x00,0x00,0x00,0x00,0x00,0x00,0x00,0x00,0x00,0x00,0x00,
    0x42,0x05,0x00,0x00,0x00,0x00,0xf1,0xff,0x11,0x00,0x00,0x00,0x00,0x00,0x00,0x00,
    0x00,0x00,0x00,0x00,0x00,0x00,0x00,0x00,0x24,0x05,0x00,0x00,0x00,0x00,0xf1,0xff,
    0x22,0x00,0x00,0x00,0x00,0x00,0x00,0x00,0x00,0x00,0x00,0x00,0x00,0x00,0x00,0x00,
    0x46,0x05,0x00,0x00,0x00,0x00,0xf1,0xff,0x33,0x00,0x00,0x00,0x00,0x00,0x00,0x00,
    0x00,0x00,0x00,0x00,0x00,0x00,0x00,0x00,0x28,0x05,0x00,0x00,0x00,0x00,0xf1,0xff,
    0x3b,0x00,0x00,0x00,0x00,0x00,0x00,0x00,0x00,0x00,0x00,0x00,0x00,0x00,0x00,0x00,
    0x6c,0x01,0x00,0x00,0x00,0x00,0xf1,0xff,0x3f,0x00,0x00,0x00,0x00,0x00,0x00,0x00,
    0x00,0x00,0x00,0x00,0x00,0x00,0x00,0x00,0x77,0x01,0x00,0x00,0x00,0x00,0xf1,0xff,
    0x40,0x00,0x00,0x00,0x00,0x00,0x00,0x00,0x00,0x00,0x00,0x00,0x00,0x00,0x00,0x00,
    0x56,0x01,0x00,0x00,0x00,0x00,0xf1,0xff,0x41,0x00,0x00,0x00,0x00,0x00,0x00,0x00,
    0x00,0x00,0x00,0x00,0x00,0x00,0x00,0x00,0x61,0x01,0x00,0x00,0x00,0x00,0xf1,0xff,
    0x42,0x00,0x00,0x00,0x00,0x00,0x00,0x00,0x00,0x00,0x00,0x00,0x00,0x00,0x00,0x00,
    0x37,0x01,0x00,0x00,0x00,0x00,0xf1,0xff,0x43,0x00,0x00,0x00,0x00,0x00,0x00,0x00,
    0x00,0x00,0x00,0x00,0x00,0x00,0x00,0x00,0x3f,0x01,0x00,0x00,0x00,0x00,0xf1,0xff,
    0x44,0x00,0x00,0x00,0x00,0x00,0x00,0x00,0x00,0x00,0x00,0x00,0x00,0x00,0x00,0x00,
    0x95,0x04,0x00,0x00,0x00,0x00,0xf1,0xff,0x45,0x00,0x00,0x00,0x00,0x00,0x00,0x00,
    0x00,0x00,0x00,0x00,0x00,0x00,0x00,0x00,0xac,0x03,0x00,0x00,0x00,0x00,0xf1,0xff,
    0x46,0x00,0x00,0x00,0x00,0x00,0x00,0x00,0x00,0x00,0x00,0x00,0x00,0x00,0x00,0x00,
    0x06,0x00,0x00,0x00,0x00,0x00,0xf1,0xff,0x47,0x00,0x00,0x00,0x00,0x00,0x00,0x00,
    0x00,0x00,0x00,0x00,0x00,0x00,0x00,0x00,0x14,0x00,0x00,0x00,0x00,0x00,0xf1,0xff,
    0x48,0x00,0x00,0x00,0x00,0x00,0x00,0x00,0x00,0x00,0x00,0x00,0x00,0x00,0x00,0x00,
    0xfb,0x04,0x00,0x00,0x00,0x00,0xf1,0xff,0x49,0x00,0x00,0x00,0x00,0x00,0x00,0x00,
    0x00,0x00,0x00,0x00,0x00,0x00,0x00,0x00,0x08,0x02,0x00,0x00,0x00,0x00,0xf1,0xff,
    0x4a,0x00,0x00,0x00,0x00,0x00,0x00,0x00,0x00,0x00,0x00,0x00,0x00,0x00,0x00,0x00,
    0x55,0x02,0x00,0x00,0x00,0x00,0xf1,0xff,0x4b,0x00,0x00,0x00,0x00,0x00,0x00,0x00,
    0x00,0x00,0x00,0x00,0x00,0x00,0x00,0x00,0x9c,0x00,0x00,0x00,0x00,0x00,0xf1,0xff,
    0x4a,0x00,0x00,0x00,0x00,0x00,0x00,0x00,0x00,0x00,0x00,0x00,0x00,0x00,0x00,0x00,
    0x24,0x04,0x00,0x00,0x00,0x00,0xf1,0xff,0x4c,0x00,0x00,0x00,0x00,0x00,0x00,0x00,
    0x00,0x00,0x00,0x00,0x00,0x00,0x00,0x00,0x10,0x02,0x00,0x00,0x00,0x00,0xf1,0xff,
    0x4d,0x00,0x00,0x00,0x00,0x00,0x00,0x00,0x00,0x00,0x00,0x00,0x00,0x00,0x00,0x00,
    0x42,0x02,0x00,0x00,0x00,0x00,0xf1,0xff,0x4e,0x00,0x00,0x00,0x00,0x00,0x00,0x00,
    0x00,0x00,0x00,0x00,0x00,0x00,0x00,0x00,0x6d,0x02,0x00,0x00,0x00,0x00,0xf1,0xff,
    0x4a,0x00,0x00,0x00,0x00,0x00,0x00,0x00,0x00,0x00,0x00,0x00,0x00,0x00,0x00,0x00,
    0x4c,0x02,0x00,0x00,0x00,0x00,0xf1,0xff,0x4e,0x00,0x00,0x00,0x00,0x00,0x00,0x00,
    0x00,0x00,0x00,0x00,0x00,0x00,0x00,0x00,0x95,0x02,0x00,0x00,0x00,0x00,0xf1,0xff,
    0x4c,0x00,0x00,0x00,0x00,0x00,0x00,0x00,0x00,0x00,0x00,0x00,0x00,0x00,0x00,0x00,
    0xf1,0x04,0x00,0x00,0x00,0x00,0xf1,0xff,0x49,0x00,0x00,0x00,0x00,0x00,0x00,0x00,
    0x00,0x00,0x00,0x00,0x00,0x00,0x00,0x00,0x81,0x03,0x00,0x00,0x00,0x00,0xf1,0xff,
    0x4b,0x00,0x00,0x00,0x00,0x00,0x00,0x00,0x00,0x00,0x00,0x00,0x00,0x00,0x00,0x00,
    0xf8,0x01,0x00,0x00,0x00,0x00,0xf1,0xff,0x3f,0x00,0x00,0x00,0x00,0x00,0x00,0x00,
    0x00,0x00,0x00,0x00,0x00,0x00,0x00,0x00,0xde,0x01,0x00,0x00,0x00,0x00,0xf1,0xff,
    0x40,0x00,0x00,0x00,0x00,0x00,0x00,0x00,0x00,0x00,0x00,0x00,0x00,0x00,0x00,0x00,
    0xba,0x01,0x00,0x00,0x00,0x00,0xf1,0xff,0x41,0x00,0x00,0x00,0x00,0x00,0x00,0x00,
    0x00,0x00,0x00,0x00,0x00,0x00,0x00,0x00,0x2e,0x01,0x00,0x00,0x00,0x00,0xf1,0xff,
    0x43,0x00,0x00,0x00,0x00,0x00,0x00,0x00,0x00,0x00,0x00,0x00,0x00,0x00,0x00,0x00,
    0x22,0x00,0x00,0x00,0x00,0x00,0xf1,0xff,0x46,0x00,0x00,0x00,0x00,0x00,0x00,0x00,
    0x00,0x00,0x00,0x00,0x00,0x00,0x00,0x00,0xcc,0x04,0x00,0x00,0x00,0x00,0xf1,0xff,
    0x49,0x00,0x00,0x00,0x00,0x00,0x00,0x00,0x00,0x00,0x00,0x00,0x00,0x00,0x00,0x00,
    0x99,0x03,0x00,0x00,0x00,0x00,0xf1,0xff,0x4f,0x00,0x00,0x00,0x00,0x00,0x00,0x00,
    0x00,0x00,0x00,0x00,0x00,0x00,0x00,0x00,0xae,0x01,0x00,0x00,0x00,0x00,0xf1,0xff,
    0x52,0x00,0x00,0x00,0x00,0x00,0x00,0x00,0x00,0x00,0x00,0x00,0x00,0x00,0x00,0x00,
    0x3d,0x05,0x00,0x00,0x00,0x00,0xf1,0xff,0x00,0x00,0x00,0x00,0x00,0x00,0x00,0x00,
    0x00,0x00,0x00,0x00,0x00,0x00,0x00,0x00,0x1d,0x00,0x00,0x00,0x00,0x00,0xf1,0xff,
    0x02,0x00,0x00,0x00,0x00,0x00,0x00,0x00,0x00,0x00,0x00,0x00,0x00,0x00,0x00,0x00,
    0x0f,0x00,0x00,0x00,0x00,0x00,0xf1,0xff,0x03,0x00,0x00,0x00,0x00,0x00,0x00,0x00,
    0x00,0x00,0x00,0x00,0x00,0x00,0x00,0x00,0x01,0x00,0x00,0x00,0x00,0x00,0xf1,0xff,
    0x04,0x00,0x00,0x00,0x00,0x00,0x00,0x00,0x00,0x00,0x00,0x00,0x00,0x00,0x00,0x00,
    0x3b,0x02,0x00,0x00,0x00,0x00,0xf1,0xff,0x05,0x00,0x00,0x00,0x00,0x00,0x00,0x00,
    0x00,0x00,0x00,0x00,0x00,0x00,0x00,0x00,0x8b,0x01,0x00,0x00,0x00,0x00,0xf1,0xff,
    0x06,0x00,0x00,0x00,0x00,0x00,0x00,0x00,0x00,0x00,0x00,0x00,0x00,0x00,0x00,0x00,
    0x90,0x03,0x00,0x00,0x00,0x00,0xf1,0xff,0x07,0x00,0x00,0x00,0x00,0x00,0x00,0x00,
    0x00,0x00,0x00,0x00,0x00,0x00,0x00,0x00,0xd4,0x02,0x00,0x00,0x00,0x00,0xf1,0xff,
    0x08,0x00,0x00,0x00,0x00,0x00,0x00,0x00,0x00,0x00,0x00,0x00,0x00,0x00,0x00,0x00,
    0xcf,0x02,0x00,0x00,0x00,0x00,0xf1,0xff,0x09,0x00,0x00,0x00,0x00,0x00,0x00,0x00,
    0x00,0x00,0x00,0x00,0x00,0x00,0x00,0x00,0x1a,0x02,0x00,0x00,0x00,0x00,0xf1,0xff,
    0x0a,0x00,0x00,0x00,0x00,0x00,0x00,0x00,0x00,0x00,0x00,0x00,0x00,0x00,0x00,0x00,
    0x74,0x02,0x00,0x00,0x00,0x00,0xf1,0xff,0x0b,0x00,0x00,0x00,0x00,0x00,0x00,0x00,
    0x00,0x00,0x00,0x00,0x00,0x00,0x00,0x00,0xa2,0x04,0x00,0x00,0x00,0x00,0xf1,0xff,
    0x0c,0x00,0x00,0x00,0x00,0x00,0x00,0x00,0x00,0x00,0x00,0x00,0x00,0x00,0x00,0x00,
    0x8c,0x03,0x00,0x00,0x00,0x00,0xf1,0xff,0x0d,0x00,0x00,0x00,0x00,0x00,0x00,0x00,
    0x00,0x00,0x00,0x00,0x00,0x00,0x00,0x00,0xf3,0x01,0x00,0x00,0x00,0x00,0xf1,0xff,
    0x0e,0x00,0x00,0x00,0x00,0x00,0x00,0x00,0x00,0x00,0x00,0x00,0x00,0x00,0x00,0x00,
    0xcf,0x01,0x00,0x00,0x00,0x00,0xf1,0xff,0x0f,0x00,0x00,0x00,0x00,0x00,0x00,0x00,
    0x00,0x00,0x00,0x00,0x00,0x00,0x00,0x00,0x2d,0x02,0x00,0x00,0x00,0x00,0xf1,0xff,
    0x10,0x00,0x00,0x00,0x00,0x00,0x00,0x00,0x00,0x00,0x00,0x00,0x00,0x00,0x00,0x00,
    0xa6,0x04,0x00,0x00,0x00,0x00,0xf1,0xff,0x11,0x00,0x00,0x00,0x00,0x00,0x00,0x00,
    0x00,0x00,0x00,0x00,0x00,0x00,0x00,0x00,0xff,0x02,0x00,0x00,0x00,0x00,0xf1,0xff,
    0x12,0x00,0x00,0x00,0x00,0x00,0x00,0x00,0x00,0x00,0x00,0x00,0x00,0x00,0x00,0x00,
    0x80,0x00,0x00,0x00,0x00,0x00,0xf1,0xff,0x13,0x00,0x00,0x00,0x00,0x00,0x00,0x00,
    0x00,0x00,0x00,0x00,0x00,0x00,0x00,0x00,0x1e,0x02,0x00,0x00,0x00,0x00,0xf1,0xff,
    0x14,0x00,0x00,0x00,0x00,0x00,0x00,0x00,0x00,0x00,0x00,0x00,0x00,0x00,0x00,0x00,
    0xa2,0x02,0x00,0x00,0x00,0x00,0xf1,0xff,0x15,0x00,0x00,0x00,0x00,0x00,0x00,0x00,
    0x00,0x00,0x00,0x00,0x00,0x00,0x00,0x00,0xf0,0x02,0x00,0x00,0x00,0x00,0xf1,0xff,
    0x16,0x00,0x00,0x00,0x00,0x00,0x00,0x00,0x00,0x00,0x00,0x00,0x00,0x00,0x00,0x00,
    0x71,0x00,0x00,0x00,0x00,0x00,0xf1,0xff,0x17,0x00,0x00,0x00,0x00,0x00,0x00,0x00,
    0x00,0x00,0x00,0x00,0x00,0x00,0x00,0x00,0x4d,0x00,0x00,0x00,0x00,0x00,0xf1,0xff,
    0x18,0x00,0x00,0x00,0x00,0x00,0x00,0x00,0x00,0x00,0x00,0x00,0x00,0x00,0x00,0x00,
    0x36,0x00,0x00,0x00,0x00,0x00,0xf1,0xff,0x19,0x00,0x00,0x00,0x00,0x00,0x00,0x00,
    0x00,0x00,0x00,0x00,0x00,0x00,0x00,0x00,0x59,0x00,0x00,0x00,0x00,0x00,0xf1,0xff,
    0x1a,0x00,0x00,0x00,0x00,0x00,0x00,0x00,0x00,0x00,0x00,0x00,0x00,0x00,0x00,0x00,
    0x44,0x00,0x00,0x00,0x00,0x00,0xf1,0xff,0x1b,0x00,0x00,0x00,0x00,0x00,0x00,0x00,
    0x00,0x00,0x00,0x00,0x00,0x00,0x00,0x00,0x01,0x02,0x00,0x00,0x00,0x00,0xf1,0xff,
    0x1c,0x00,0x00,0x00,0x00,0x00,0x00,0x00,0x00,0x00,0x00,0x00,0x00,0x00,0x00,0x00,
    0xd9,0x02,0x00,0x00,0x00,0x00,0xf1,0xff,0x20,0x00,0x00,0x00,0x00,0x00,0x00,0x00,
    0x00,0x00,0x00,0x00,0x00,0x00,0x00,0x00,0x94,0x00,0x00,0x00,0x00,0x00,0xf1,0xff,
    0x24,0x00,0x00,0x00,0x00,0x00,0x00,0x00,0x00,0x00,0x00,0x00,0x00,0x00,0x00,0x00,
    0x82,0x01,0x00,0x00,0x00,0x00,0xf1,0xff,0x28,0x00,0x00,0x00,0x00,0x00,0x00,0x00,
    0x00,0x00,0x00,0x00,0x00,0x00,0x00,0x00,0x03,0x06,0x00,0x00,0x00,0x00,0xf1,0xff,
    0x2c,0x00,0x00,0x00,0x00,0x00,0x00,0x00,0x00,0x00,0x00,0x00,0x00,0x00,0x00,0x00,
    0x85,0x05,0x00,0x00,0x00,0x00,0xf1,0xff,0x2d,0x00,0x00,0x00,0x00,0x00,0x00,0x00,
    0x00,0x00,0x00,0x00,0x00,0x00,0x00,0x00,0x6c,0x05,0x00,0x00,0x00,0x00,0xf1,0xff,
    0x2e,0x00,0x00,0x00,0x00,0x00,0x00,0x00,0x00,0x00,0x00,0x00,0x00,0x00,0x00,0x00,
    0x62,0x05,0x00,0x00,0x00,0x00,0xf1,0xff,0x2f,0x00,0x00,0x00,0x00,0x00,0x00,0x00,
    0x00,0x00,0x00,0x00,0x00,0x00,0x00,0x00,0x58,0x05,0x00,0x00,0x00,0x00,0xf1,0xff,
    0x30,0x00,0x00,0x00,0x00,0x00,0x00,0x00,0x00,0x00,0x00,0x00,0x00,0x00,0x00,0x00,
    0x4e,0x05,0x00,0x00,0x00,0x00,0xf1,0xff,0x31,0x00,0x00,0x00,0x00,0x00,0x00,0x00,
    0x00,0x00,0x00,0x00,0x00,0x00,0x00,0x00,0xf4,0x05,0x00,0x00,0x00,0x00,0xf1,0xff,
    0x32,0x00,0x00,0x00,0x00,0x00,0x00,0x00,0x00,0x00,0x00,0x00,0x00,0x00,0x00,0x00,
    0x76,0x05,0x00,0x00,0x00,0x00,0xf1,0xff,0x33,0x00,0x00,0x00,0x00,0x00,0x00,0x00,
    0x00,0x00,0x00,0x00,0x00,0x00,0x00,0x00,0xc0,0x02,0x00,0x00,0x00,0x00,0xf1,0xff,
    0x34,0x00,0x00,0x00,0x00,0x00,0x00,0x00,0x00,0x00,0x00,0x00,0x00,0x00,0x00,0x00,
    0xa0,0x01,0x00,0x00,0x00,0x00,0xf1,0xff,0x35,0x00,0x00,0x00,0x00,0x00,0x00,0x00,
    0x00,0x00,0x00,0x00,0x00,0x00,0x00,0x00,0x92,0x01,0x00,0x00,0x00,0x00,0xf1,0xff,
    0x36,0x00,0x00,0x00,0x00,0x00,0x00,0x00,0x00,0x00,0x00,0x00,0x00,0x00,0x00,0x00,
    0x5e,0x02,0x00,0x00,0x00,0x00,0xf1,0xff,0x37,0x00,0x00,0x00,0x00,0x00,0x00,0x00,
    0x00,0x00,0x00,0x00,0x00,0x00,0x00,0x00,0x04,0x05,0x00,0x00,0x00,0x00,0xf1,0xff,
    0x38,0x00,0x00,0x00,0x00,0x00,0x00,0x00,0x00,0x00,0x00,0x00,0x00,0x00,0x00,0x00,
    0xb1,0x02,0x00,0x00,0x00,0x00,0xf1,0xff,0x39,0x00,0x00,0x00,0x00,0x00,0x00,0x00,
    0x00,0x00,0x00,0x00,0x00,0x00,0x00,0x00,0x78,0x02,0x00,0x00,0x00,0x00,0xf1,0xff,
    0x3a,0x00,0x00,0x00,0x00,0x00,0x00,0x00,0x00,0x00,0x00,0x00,0x00,0x00,0x00,0x00,
    0xb4,0x04,0x00,0x00,0x00,0x00,0xf1,0xff,0x3b,0x00,0x00,0x00,0x00,0x00,0x00,0x00,
    0x00,0x00,0x00,0x00,0x00,0x00,0x00,0x00,0xdc,0x04,0x00,0x00,0x00,0x00,0xf1,0xff,
    0x3c,0x00,0x00,0x00,0x00,0x00,0x00,0x00,0x00,0x00,0x00,0x00,0x00,0x00,0x00,0x00,
    0xd4,0x01,0x00,0x00,0x00,0x00,0xf1,0xff,0x3d,0x00,0x00,0x00,0x00,0x00,0x00,0x00,
    0x00,0x00,0x00,0x00,0x00,0x00,0x00,0x00,0x15,0x01,0x00,0x00,0x00,0x00,0xf1,0xff,
    0x3e,0x00,0x00,0x00,0x00,0x00,0x00,0x00,0x00,0x00,0x00,0x00,0x00,0x00,0x00,0x00,
    0x21,0x01,0x00,0x00,0x00,0x00,0xf1,0xff,0x3f,0x00,0x00,0x00,0x00,0x00,0x00,0x00,
    0x00,0x00,0x00,0x00,0x00,0x00,0x00,0x00,0x48,0x01,0x00,0x00,0x00,0x00,0xf1,0xff,
    0x3f,0x00,0x00,0x00,0x00,0x00,0x00,0x00,0x00,0x00,0x00,0x00,0x00,0x00,0x00,0x00,
    0x62,0x00,0x00,0x00,0x00,0x00,0xf1,0xff,0x10,0x00,0x00,0x00,0x00,0x00,0x00,0x00,
    0x00,0x00,0x00,0x00,0x00,0x00,0x00,0x00,0xe1,0x02,0x00,0x00,0x00,0x00,0xf1,0xff,
    0x13,0x00,0x00,0x00,0x00,0x00,0x00,0x00,0x00,0x00,0x00,0x00,0x00,0x00,0x00,0x00,
    0xe8,0x01,0x00,0x00,0x00,0x00,0xf1,0xff,0x40,0x00,0x00,0x00,0x00,0x00,0x00,0x00,
    0x00,0x00,0x00,0x00,0x00,0x00,0x00,0x00,0xc4,0x01,0x00,0x00,0x00,0x00,0xf1,0xff,
    0x41,0x00,0x00,0x00,0x00,0x00,0x00,0x00,0x00,0x00,0x00,0x00,0x00,0x00,0x00,0x00,
    0xb4,0x01,0x00,0x00,0x00,0x00,0xf1,0xff,0x42,0x00,0x00,0x00,0x00,0x00,0x00,0x00,
    0x00,0x00,0x00,0x00,0x00,0x00,0x00,0x00,0xb6,0x03,0x00,0x00,0x00,0x00,0x02,0x00,
    0x40,0x07,0x00,0x00,0x00,0x00,0x00,0x00,0x00,0x00,0x00,0x00,0x00,0x00,0x00,0x00,
    0xa5,0x00,0x00,0x00,0x00,0x00,0x02,0x00,0x0c,0x06,0x00,0x00,0x00,0x00,0x00,0x00,
    0x00,0x00,0x00,0x00,0x00,0x00,0x00,0x00,0x0d,0x03,0x00,0x00,0x00,0x00,0x02,0x00,
    0x08,0x07,0x00,0x00,0x00,0x00,0x00,0x00,0x00,0x00,0x00,0x00,0x00,0x00,0x00,0x00,
    0x8f,0x05,0x00,0x00,0x12,0x03,0x02,0x00,0x00,0x00,0x00,0x00,0x00,0x00,0x00,0x00,
    0x00,0x00,0x00,0x00,0x00,0x00,0x00,0x00,0x2d,0x04,0x00,0x00,0x11,0x00,0x03,0x00,
    0x00,0x00,0x00,0x00,0x00,0x00,0x00,0x00,0x40,0x00,0x00,0x00,0x00,0x00,0x00,0x00,
    0x10,0x00,0x00,0x00,0x00,0x00,0x00,0x00,0x05,0x00,0x00,0x00,0x60,0x00,0x00,0x00,
    0x10,0x00,0x00,0x00,0x00,0x00,0x00,0x00,0x00,0x73,0x5f,0x62,0x7a,0x00,0x76,0x5f,
    0x67,0x74,0x63,0x5f,0x69,0x79,0x00,0x73,0x5f,0x62,0x79,0x00,0x76,0x5f,0x67,0x74,
    0x63,0x5f,0x69,0x78,0x00,0x73,0x5f,0x62,0x78,0x00,0x76,0x5f,0x64,0x69,0x66,0x66,
    0x5f,0x69,0x6e,0x5f,0x69,0x77,0x69,0x5f,0x61,0x63,0x63,0x5f,0x78,0x00,0x73,0x5f,
    0x64,0x69,0x6c,0x61,0x74,0x69,0x6f,0x6e,0x5f,0x68,0x77,0x00,0x73,0x5f,0x77,0x65,
    0x69,0x5f,0x68,0x77,0x00,0x73,0x5f,0x73,0x74,0x72,0x69,0x64,0x65,0x5f,0x68,0x77,
    0x00,0x73,0x5f,0x70,0x61,0x64,0x5f,0x68,0x77,0x00,0x73,0x5f,0x78,0x5f,0x64,0x69,
    0x6c,0x61,0x74,0x69,0x6f,0x6e,0x5f,0x77,0x00,0x73,0x5f,0x6f,0x75,0x74,0x5f,0x73,
    0x74,0x72,0x69,0x64,0x65,0x5f,0x77,0x00,0x73,0x5f,0x69,0x6e,0x5f,0x73,0x74,0x72,
    0x69,0x64,0x65,0x5f,0x77,0x00,0x2e,0x74,0x65,0x78,0x74,0x00,0x73,0x5f,0x70,0x5f,
    0x6f,0x75,0x74,0x00,0x76,0x5f,0x63,0x6f,0x5f,0x73,0x73,0x74,0x00,0x63,0x6f,0x6e,
    0x76,0x5f,0x66,0x77,0x64,0x5f,0x62,0x69,0x61,0x73,0x5f,0x67,0x74,0x63,0x77,0x33,
    0x5f,0x6e,0x68,0x77,0x63,0x5f,0x66,0x70,0x31,0x36,0x78,0x38,0x5f,0x65,0x78,0x30,
    0x5f,0x62,0x74,0x36,0x34,0x78,0x33,0x32,0x78,0x33,0x32,0x5f,0x77,0x72,0x32,0x78,
    0x31,0x5f,0x77,0x6e,0x32,0x78,0x32,0x5f,0x74,0x61,0x31,0x78,0x38,0x78,0x31,0x78,
    0x32,0x5f,0x31,0x78,0x34,0x78,0x31,0x78,0x33,0x32,0x5f,0x74,0x62,0x31,0x78,0x38,
    0x78,0x31,0x78,0x31,0x5f,0x31,0x78,0x34,0x78,0x31,0x78,0x33,0x32,0x5f,0x6d,0x62,
    0x30,0x5f,0x6c,0x6f,0x6f,0x70,0x5f,0x73,0x74,0x61,0x72,0x74,0x00,0x73,0x5f,0x69,
    0x6e,0x5f,0x6f,0x66,0x66,0x73,0x65,0x74,0x00,0x73,0x5f,0x77,0x65,0x69,0x5f,0x6f,
    0x66,0x66,0x73,0x65,0x74,0x00,0x76,0x5f,0x6f,0x75,0x74,0x5f,0x6f,0x73,0x00,0x76,
    0x5f,0x69,0x6e,0x5f,0x6f,0x73,0x00,0x76,0x5f,0x77,0x65,0x69,0x5f,0x6f,0x73,0x00,
    0x73,0x5f,0x77,0x65,0x69,0x5f,0x62,0x61,0x73,0x65,0x5f,0x6f,0x73,0x00,0x76,0x5f,
    0x73,0x73,0x74,0x5f,0x62,0x5f,0x6f,0x73,0x00,0x76,0x5f,0x73,0x6c,0x64,0x5f,0x62,
    0x5f,0x6f,0x73,0x00,0x76,0x5f,0x73,0x73,0x74,0x5f,0x61,0x5f,0x6f,0x73,0x00,0x76,
    0x5f,0x73,0x6c,0x64,0x5f,0x61,0x5f,0x6f,0x73,0x00,0x73,0x5f,0x70,0x5f,0x62,0x69,
    0x61,0x73,0x00,0x73,0x5f,0x6b,0x69,0x74,0x72,0x00,0x73,0x5f,0x6b,0x5f,0x70,0x65,
    0x72,0x5f,0x67,0x72,0x6f,0x75,0x70,0x00,0x73,0x5f,0x63,0x5f,0x70,0x65,0x72,0x5f,
    0x67,0x72,0x6f,0x75,0x70,0x00,0x76,0x5f,0x74,0x6d,0x70,0x00,0x73,0x5f,0x74,0x6d,
    0x70,0x00,0x76,0x5f,0x6f,0x75,0x74,0x5f,0x69,0x77,0x6f,0x00,0x73,0x5f,0x73,0x68,
    0x69,0x66,0x74,0x5f,0x77,0x6f,0x00,0x73,0x5f,0x77,0x6f,0x00,0x73,0x5f,0x6e,0x5f,
    0x68,0x6f,0x5f,0x77,0x6f,0x00,0x76,0x5f,0x6f,0x75,0x74,0x5f,0x69,0x68,0x6f,0x00,
    0x73,0x5f,0x73,0x68,0x69,0x66,0x74,0x5f,0x68,0x6f,0x00,0x73,0x5f,0x68,0x6f,0x00,
    0x76,0x5f,0x6f,0x75,0x74,0x5f,0x69,0x6e,0x00,0x73,0x5f,0x70,0x5f,0x69,0x6e,0x00,
    0x76,0x5f,0x69,0x6e,0x5f,0x69,0x6e,0x00,0x76,0x5f,0x67,0x65,0x6d,0x6d,0x5f,0x69,
    0x6e,0x00,0x73,0x5f,0x6e,0x00,0x73,0x5f,0x6f,0x75,0x74,0x5f,0x73,0x74,0x72,0x69,
    0x64,0x65,0x5f,0x6e,0x00,0x73,0x5f,0x69,0x6e,0x5f,0x73,0x74,0x72,0x69,0x64,0x65,
    0x5f,0x6e,0x00,0x73,0x5f,0x6b,0x6e,0x75,0x6d,0x00,0x76,0x5f,0x67,0x65,0x6d,0x6d,
    0x5f,0x69,0x6d,0x00,0x76,0x5f,0x6f,0x75,0x74,0x5f,0x69,0x6b,0x00,0x76,0x5f,0x77,
    0x65,0x69,0x5f,0x69,0x6b,0x00,0x73,0x5f,0x62,0x6c,0x6f,0x63,0x6b,0x5f,0x67,0x74,
    0x63,0x5f,0x69,0x6b,0x00,0x76,0x5f,0x6f,0x75,0x74,0x5f,0x6f,0x73,0x5f,0x6b,0x00,
    0x73,0x5f,0x6d,0x6f,0x76,0x65,0x5f,0x73,0x6c,0x69,0x63,0x65,0x5f,0x6b,0x5f,0x73,
    0x74,0x72,0x69,0x64,0x65,0x5f,0x67,0x65,0x6d,0x6d,0x5f,0x6b,0x00,0x76,0x5f,0x6f,
    0x75,0x74,0x5f,0x66,0x6c,0x61,0x67,0x5f,0x6b,0x00,0x73,0x5f,0x6f,0x75,0x74,0x5f,
    0x73,0x74,0x72,0x69,0x64,0x65,0x5f,0x6b,0x00,0x73,0x5f,0x77,0x65,0x69,0x5f,0x73,
    0x74,0x72,0x69,0x64,0x65,0x5f,0x6b,0x00,0x73,0x5f,0x6d,0x6f,0x76,0x65,0x5f,0x73,
    0x6c,0x69,0x63,0x65,0x5f,0x6b,0x00,0x73,0x5f,0x77,0x69,0x00,0x73,0x5f,0x68,0x69,
    0x00,0x73,0x5f,0x70,0x5f,0x77,0x65,0x69,0x00,0x73,0x5f,0x79,0x5f,0x64,0x69,0x6c,
    0x61,0x74,0x69,0x6f,0x6e,0x5f,0x68,0x00,0x73,0x5f,0x6f,0x75,0x74,0x5f,0x73,0x74,
    0x72,0x69,0x64,0x65,0x5f,0x68,0x00,0x73,0x5f,0x69,0x6e,0x5f,0x73,0x74,0x72,0x69,
    0x64,0x65,0x5f,0x68,0x00,0x63,0x6f,0x6e,0x76,0x5f,0x66,0x77,0x64,0x5f,0x62,0x69,
    0x61,0x73,0x5f,0x67,0x74,0x63,0x77,0x33,0x5f,0x6e,0x68,0x77,0x63,0x5f,0x66,0x70,
    0x31,0x36,0x78,0x38,0x5f,0x65,0x78,0x30,0x5f,0x62,0x74,0x36,0x34,0x78,0x33,0x32,
    0x78,0x33,0x32,0x5f,0x77,0x72,0x32,0x78,0x31,0x5f,0x77,0x6e,0x32,0x78,0x32,0x5f,
    0x74,0x61,0x31,0x78,0x38,0x78,0x31,0x78,0x32,0x5f,0x31,0x78,0x34,0x78,0x31,0x78,
    0x33,0x32,0x5f,0x74,0x62,0x31,0x78,0x38,0x78,0x31,0x78,0x31,0x5f,0x31,0x78,0x34,
    0x78,0x31,0x78,0x33,0x32,0x5f,0x6d,0x62,0x30,0x5f,0x6c,0x6f,0x6f,0x70,0x5f,0x66,
    0x69,0x6e,0x69,0x73,0x68,0x69,0x6e,0x67,0x00,0x76,0x5f,0x6f,0x75,0x74,0x5f,0x66,
    0x6c,0x61,0x67,0x00,0x73,0x5f,0x67,0x00,0x73,0x5f,0x30,0x78,0x66,0x66,0x66,0x66,
    0x00,0x76,0x5f,0x62,0x69,0x61,0x73,0x5f,0x76,0x61,0x6c,0x75,0x65,0x00,0x2e,0x6e,
    0x6f,0x74,0x65,0x00,0x76,0x5f,0x67,0x74,0x63,0x5f,0x69,0x63,0x65,0x00,0x63,0x6f,
    0x6e,0x76,0x5f,0x66,0x77,0x64,0x5f,0x62,0x69,0x61,0x73,0x5f,0x67,0x74,0x63,0x77,
    0x33,0x5f,0x6e,0x68,0x77,0x63,0x5f,0x66,0x70,0x31,0x36,0x78,0x38,0x5f,0x65,0x78,
    0x30,0x5f,0x62,0x74,0x36,0x34,0x78,0x33,0x32,0x78,0x33,0x32,0x5f,0x77,0x72,0x32,
    0x78,0x31,0x5f,0x77,0x6e,0x32,0x78,0x32,0x5f,0x74,0x61,0x31,0x78,0x38,0x78,0x31,
    0x78,0x32,0x5f,0x31,0x78,0x34,0x78,0x31,0x78,0x33,0x32,0x5f,0x74,0x62,0x31,0x78,
    0x38,0x78,0x31,0x78,0x31,0x5f,0x31,0x78,0x34,0x78,0x31,0x78,0x33,0x32,0x5f,0x6d,
    0x62,0x30,0x5f,0x6c,0x6f,0x6f,0x70,0x5f,0x65,0x6e,0x64,0x00,0x76,0x5f,0x63,0x6f,
    0x5f,0x73,0x6c,0x64,0x00,0x63,0x6f,0x6e,0x76,0x5f,0x66,0x77,0x64,0x5f,0x62,0x69,
    0x61,0x73,0x5f,0x67,0x74,0x63,0x77,0x33,0x5f,0x6e,0x68,0x77,0x63,0x5f,0x66,0x70,
    0x31,0x36,0x78,0x38,0x5f,0x65,0x78,0x30,0x5f,0x62,0x74,0x36,0x34,0x78,0x33,0x32,
    0x78,0x33,0x32,0x5f,0x77,0x72,0x32,0x78,0x31,0x5f,0x77,0x6e,0x32,0x78,0x32,0x5f,
    0x74,0x61,0x31,0x78,0x38,0x78,0x31,0x78,0x32,0x5f,0x31,0x78,0x34,0x78,0x31,0x78,
    0x33,0x32,0x5f,0x74,0x62,0x31,0x78,0x38,0x78,0x31,0x78,0x31,0x5f,0x31,0x78,0x34,
    0x78,0x31,0x78,0x33,0x32,0x5f,0x6d,0x62,0x30,0x2e,0x6b,0x64,0x00,0x76,0x5f,0x67,
    0x74,0x63,0x5f,0x69,0x63,0x00,0x76,0x5f,0x63,0x00,0x73,0x5f,0x63,0x00,0x73,0x5f,
    0x69,0x6e,0x5f,0x73,0x74,0x72,0x69,0x64,0x65,0x5f,0x63,0x00,0x73,0x5f,0x6d,0x6f,
    0x76,0x65,0x5f,0x73,0x6c,0x69,0x63,0x65,0x5f,0x6b,0x5f,0x73,0x74,0x72,0x69,0x64,
    0x65,0x5f,0x63,0x00,0x76,0x5f,0x64,0x69,0x66,0x66,0x5f,0x69,0x6e,0x5f,0x61,0x63,
    0x63,0x5f,0x63,0x00,0x73,0x5f,0x6d,0x6f,0x76,0x65,0x5f,0x73,0x6c,0x69,0x63,0x65,
    0x5f,0x6b,0x5f,0x61,0x63,0x63,0x5f,0x63,0x00,0x76,0x5f,0x6f,0x75,0x74,0x5f,0x69,
    0x6e,0x62,0x00,0x76,0x5f,0x69,0x6e,0x5f,0x69,0x6e,0x62,0x00,0x73,0x5f,0x62,0x6c,
    0x6f,0x63,0x6b,0x5f,0x67,0x74,0x63,0x5f,0x69,0x6e,0x62,0x00,0x2e,0x73,0x74,0x72,
    0x74,0x61,0x62,0x00,0x2e,0x73,0x79,0x6d,0x74,0x61,0x62,0x00,0x76,0x5f,0x62,0x00,
    0x76,0x5f,0x67,0x6c,0x64,0x5f,0x62,0x00,0x2e,0x72,0x65,0x6c,0x61,0x2e,0x72,0x6f,
    0x64,0x61,0x74,0x61,0x00,0x73,0x5f,0x6b,0x61,0x00,0x76,0x5f,0x61,0x00,0x76,0x5f,
    0x67,0x6c,0x64,0x5f,0x61,0x00,0x73,0x5f,0x6d,0x61,0x67,0x69,0x63,0x5f,0x35,0x00,
    0x73,0x5f,0x6d,0x61,0x67,0x69,0x63,0x5f,0x34,0x00,0x73,0x5f,0x6d,0x61,0x67,0x69,
    0x63,0x5f,0x33,0x00,0x73,0x5f,0x6d,0x61,0x67,0x69,0x63,0x5f,0x32,0x00,0x73,0x5f,
    0x73,0x68,0x69,0x66,0x74,0x5f,0x70,0x61,0x63,0x6b,0x5f,0x31,0x00,0x73,0x5f,0x6d,
    0x61,0x67,0x69,0x63,0x5f,0x31,0x00,0x63,0x6f,0x6e,0x76,0x5f,0x66,0x77,0x64,0x5f,
    0x62,0x69,0x61,0x73,0x5f,0x67,0x74,0x63,0x77,0x33,0x5f,0x6e,0x68,0x77,0x63,0x5f,
    0x66,0x70,0x31,0x36,0x78,0x38,0x5f,0x65,0x78,0x30,0x5f,0x62,0x74,0x36,0x34,0x78,
    0x33,0x32,0x78,0x33,0x32,0x5f,0x77,0x72,0x32,0x78,0x31,0x5f,0x77,0x6e,0x32,0x78,
    0x32,0x5f,0x74,0x61,0x31,0x78,0x38,0x78,0x31,0x78,0x32,0x5f,0x31,0x78,0x34,0x78,
    0x31,0x78,0x33,0x32,0x5f,0x74,0x62,0x31,0x78,0x38,0x78,0x31,0x78,0x31,0x5f,0x31,
    0x78,0x34,0x78,0x31,0x78,0x33,0x32,0x5f,0x6d,0x62,0x30,0x00,0x73,0x5f,0x73,0x68,
    0x69,0x66,0x74,0x5f,0x70,0x61,0x63,0x6b,0x5f,0x30,0x00,0x73,0x5f,0x6d,0x61,0x67,
    0x69,0x63,0x5f,0x30,0x00,0x00,0x00,0x00,0x00,0x00,0x00,0x00,0x00,0x00,0x00,0x00,
    0x00,0x00,0x00,0x00,0x00,0x00,0x00,0x00,0x00,0x00,0x00,0x00,0x00,0x00,0x00,0x00,
    0x00,0x00,0x00,0x00,0x00,0x00,0x00,0x00,0x00,0x00,0x00,0x00,0x00,0x00,0x00,0x00,
    0x00,0x00,0x00,0x00,0x00,0x00,0x00,0x00,0x00,0x00,0x00,0x00,0x00,0x00,0x00,0x00,
    0x00,0x00,0x00,0x00,0x00,0x00,0x00,0x00,0x14,0x05,0x00,0x00,0x03,0x00,0x00,0x00,
    0x00,0x00,0x00,0x00,0x00,0x00,0x00,0x00,0x00,0x00,0x00,0x00,0x00,0x00,0x00,0x00,
    0xd8,0x1e,0x00,0x00,0x00,0x00,0x00,0x00,0x0d,0x06,0x00,0x00,0x00,0x00,0x00,0x00,
    0x00,0x00,0x00,0x00,0x00,0x00,0x00,0x00,0x01,0x00,0x00,0x00,0x00,0x00,0x00,0x00,
    0x00,0x00,0x00,0x00,0x00,0x00,0x00,0x00,0x8e,0x00,0x00,0x00,0x01,0x00,0x00,0x00,
    0x06,0x00,0x00,0x00,0x00,0x00,0x00,0x00,0x00,0x00,0x00,0x00,0x00,0x00,0x00,0x00,
    0x00,0x01,0x00,0x00,0x00,0x00,0x00,0x00,0xc8,0x08,0x00,0x00,0x00,0x00,0x00,0x00,
    0x00,0x00,0x00,0x00,0x00,0x00,0x00,0x00,0x00,0x01,0x00,0x00,0x00,0x00,0x00,0x00,
    0x00,0x00,0x00,0x00,0x00,0x00,0x00,0x00,0x35,0x05,0x00,0x00,0x01,0x00,0x00,0x00,
    0x02,0x00,0x00,0x00,0x00,0x00,0x00,0x00,0x00,0x00,0x00,0x00,0x00,0x00,0x00,0x00,
    0x00,0x0a,0x00,0x00,0x00,0x00,0x00,0x00,0x40,0x00,0x00,0x00,0x00,0x00,0x00,0x00,
    0x00,0x00,0x00,0x00,0x00,0x00,0x00,0x00,0x40,0x00,0x00,0x00,0x00,0x00,0x00,0x00,
    0x00,0x00,0x00,0x00,0x00,0x00,0x00,0x00,0x30,0x05,0x00,0x00,0x04,0x00,0x00,0x00,
    0x40,0x00,0x00,0x00,0x00,0x00,0x00,0x00,0x00,0x00,0x00,0x00,0x00,0x00,0x00,0x00,
    0xc0,0x1e,0x00,0x00,0x00,0x00,0x00,0x00,0x18,0x00,0x00,0x00,0x00,0x00,0x00,0x00,
    0x06,0x00,0x00,0x00,0x03,0x00,0x00,0x00,0x08,0x00,0x00,0x00,0x00,0x00,0x00,0x00,
    0x18,0x00,0x00,0x00,0x00,0x00,0x00,0x00,0xa6,0x03,0x00,0x00,0x07,0x00,0x00,0x00,
    0x02,0x00,0x00,0x00,0x00,0x00,0x00,0x00,0x00,0x00,0x00,0x00,0x00,0x00,0x00,0x00,
    0x40,0x0a,0x00,0x00,0x00,0x00,0x00,0x00,0x4c,0x0b,0x00,0x00,0x00,0x00,0x00,0x00,
    0x00,0x00,0x00,0x00,0x00,0x00,0x00,0x00,0x04,0x00,0x00,0x00,0x00,0x00,0x00,0x00,
    0x00,0x00,0x00,0x00,0x00,0x00,0x00,0x00,0x1c,0x05,0x00,0x00,0x02,0x00,0x00,0x00,
    0x00,0x00,0x00,0x00,0x00,0x00,0x00,0x00,0x00,0x00,0x00,0x00,0x00,0x00,0x00,0x00,
    0x90,0x15,0x00,0x00,0x00,0x00,0x00,0x00,0x30,0x09,0x00,0x00,0x00,0x00,0x00,0x00,
    0x01,0x00,0x00,0x00,0x60,0x00,0x00,0x00,0x08,0x00,0x00,0x00,0x00,0x00,0x00,0x00,
    0x18,0x00,0x00,0x00,0x00,0x00,0x00,0x00 
        },
        .m_kernelName = {},
        .m_compilerVersion = {},
        .m_codeObjectVersion = 0,
        .m_isRelocatable = true,
        .m_shaderType = ShaderTypesFlags::UNKNOWN
    };
    
    const StaticShaderType<9960> MisaConv1x1_Bias_Relu_Elf =
    {
        .m_binary = {
    0x7f,0x45,0x4c,0x46,0x02,0x01,0x01,0x40,0x02,0x00,0x00,0x00,0x00,0x00,0x00,0x00,
    0x01,0x00,0xe0,0x00,0x01,0x00,0x00,0x00,0x00,0x00,0x00,0x00,0x00,0x00,0x00,0x00,
    0x00,0x00,0x00,0x00,0x00,0x00,0x00,0x00,0x28,0x25,0x00,0x00,0x00,0x00,0x00,0x00,
    0x41,0x00,0x00,0x00,0x40,0x00,0x00,0x00,0x00,0x00,0x40,0x00,0x07,0x00,0x01,0x00,
    0x00,0x00,0x00,0x00,0x00,0x00,0x00,0x00,0x00,0x00,0x00,0x00,0x00,0x00,0x00,0x00,
    0x00,0x00,0x00,0x00,0x00,0x00,0x00,0x00,0x00,0x00,0x00,0x00,0x00,0x00,0x00,0x00,
    0x00,0x00,0x00,0x00,0x00,0x00,0x00,0x00,0x00,0x00,0x00,0x00,0x00,0x00,0x00,0x00,
    0x00,0x00,0x00,0x00,0x00,0x00,0x00,0x00,0x00,0x00,0x00,0x00,0x00,0x00,0x00,0x00,
    0x00,0x00,0x00,0x00,0x00,0x00,0x00,0x00,0x00,0x00,0x00,0x00,0x00,0x00,0x00,0x00,
    0x00,0x00,0x00,0x00,0x00,0x00,0x00,0x00,0x00,0x00,0x00,0x00,0x00,0x00,0x00,0x00,
    0x00,0x00,0x00,0x00,0x00,0x00,0x00,0x00,0x00,0x00,0x00,0x00,0x00,0x00,0x00,0x00,
    0x00,0x00,0x00,0x00,0x00,0x00,0x00,0x00,0x00,0x00,0x00,0x00,0x00,0x00,0x00,0x00,
    0x00,0x00,0x00,0x00,0x00,0x00,0x00,0x00,0x00,0x00,0x00,0x00,0x00,0x00,0x00,0x00,
    0x00,0x00,0x00,0x00,0x00,0x00,0x00,0x00,0x00,0x00,0x00,0x00,0x00,0x00,0x00,0x00,
    0x00,0x00,0x00,0x00,0x00,0x00,0x00,0x00,0x00,0x00,0x00,0x00,0x00,0x00,0x00,0x00,
    0x00,0x00,0x00,0x00,0x00,0x00,0x00,0x00,0x00,0x00,0x00,0x00,0x00,0x00,0x00,0x00,
    0x00,0x07,0x04,0xf4,0x00,0x00,0x00,0xf8,0x00,0x08,0x04,0xf4,0x08,0x00,0x00,0xf8,
    0x00,0x09,0x04,0xf4,0x10,0x00,0x00,0xf8,0x00,0x0a,0x04,0xf4,0x18,0x00,0x00,0xf8,
    0x00,0x02,0x10,0xf4,0x20,0x00,0x00,0xf8,0x00,0x06,0x08,0xf4,0x60,0x00,0x00,0xf8,
    0x00,0x0d,0x00,0xf4,0x70,0x00,0x00,0xf8,0x00,0x0b,0x0c,0xf4,0x74,0x00,0x00,0xf8,
    0x00,0x03,0x94,0x7e,0x9f,0x94,0x88,0x36,0x85,0x94,0x94,0x32,0x83,0x94,0x7e,0x36,
    0x00,0x03,0x94,0x7e,0x9f,0x94,0x84,0x36,0xff,0x00,0x87,0xbe,0xff,0xff,0x00,0x00,
    0x80,0x00,0xbf,0xbe,0x07,0xfc,0x89,0xbf,0x0e,0x07,0x04,0xf4,0x00,0x00,0x00,0xf8,
    0x10,0x08,0x04,0xf4,0x00,0x00,0x00,0xf8,0x12,0x09,0x04,0xf4,0x00,0x00,0x00,0xf8,
    0x14,0x0a,0x04,0xf4,0x00,0x00,0x00,0xf8,0x07,0xfc,0x89,0xbf,0x1d,0xff,0x1d,0x8b,
    0xff,0xff,0x00,0x00,0x21,0xff,0x21,0x8b,0xff,0xff,0x00,0x00,0x25,0xff,0x25,0x8b,
    0xff,0xff,0x00,0x00,0x29,0xff,0x29,0x8b,0xff,0xff,0x00,0x00,0x32,0xff,0x45,0x93,
    0x00,0x00,0x08,0x00,0x2c,0x0c,0xc2,0x96,0x42,0x0c,0x42,0x80,0x42,0x45,0x35,0x85,
    0x2c,0x0b,0xc2,0x96,0x42,0x0b,0x42,0x80,0x42,0x45,0x36,0x85,0x2c,0x04,0xc2,0x96,
    0x42,0x04,0x42,0x80,0x42,0x45,0x47,0x85,0x0d,0x47,0x42,0x96,0x04,0x42,0xc6,0x80,
    0x35,0x36,0x42,0x96,0x42,0x81,0x42,0x84,0x42,0x00,0xa2,0xbe,0xff,0x00,0xa3,0xbe,
    0x00,0x00,0x02,0x30,0x42,0x46,0x42,0x96,0x20,0x42,0x20,0x80,0x21,0x80,0x21,0x82,
    0x10,0x0a,0x42,0x96,0x42,0x47,0x44,0x96,0x42,0x47,0xc5,0x96,0x1c,0x44,0x1c,0x80,
    0x1d,0x45,0x1d,0x82,0x14,0x0a,0x42,0x96,0x42,0x47,0x44,0x96,0x42,0x47,0xc5,0x96,
    0x24,0x44,0x24,0x80,0x25,0x45,0x25,0x82,0x35,0x83,0x44,0x85,0x36,0x83,0x45,0x85,
    0x44,0x46,0x42,0x96,0x11,0x42,0x42,0x96,0x1c,0x42,0x1c,0x80,0x1d,0x80,0x1d,0x82,
    0x45,0x46,0x42,0x96,0x15,0x42,0x42,0x96,0x24,0x42,0x24,0x80,0x25,0x80,0x25,0x82,
    0x02,0xc0,0x38,0x96,0x03,0xa0,0x37,0x96,0x35,0x83,0x0c,0x85,0x3f,0x03,0x7c,0x7e,
    0x35,0x00,0x85,0xbe,0x86,0x00,0x94,0x32,0x4a,0x05,0x84,0x7e,0x42,0xa0,0x45,0x96,
    0x37,0x82,0x46,0x96,0x82,0x0b,0x2a,0x96,0xff,0x00,0xab,0xbe,0x00,0x00,0x02,0x30,
    0x45,0x46,0x44,0x80,0x9f,0x00,0x94,0x36,0x4a,0x00,0x2c,0xd7,0x4a,0x05,0x01,0x00,
    0x00,0x00,0x48,0xe0,0x4a,0x48,0x4a,0x44,0x35,0x81,0x39,0x84,0x37,0x88,0x9e,0x4a,
    0x84,0x7e,0x94,0x30,0x4e,0x00,0x2c,0xd7,0x39,0x9e,0x02,0x00,0x39,0xa0,0x39,0x96,
    0x4a,0x9d,0x7a,0x4a,0x80,0x02,0x56,0x7e,0x80,0x02,0x58,0x7e,0x80,0x02,0x5a,0x7e,
    0x80,0x02,0x5c,0x7e,0x00,0x00,0x5c,0xe0,0x3d,0x2b,0x48,0x3f,0x80,0x00,0xbe,0xbe,
    0x10,0x0a,0x1e,0x96,0xff,0x00,0x9f,0xbe,0x00,0x00,0x02,0x30,0x08,0x90,0x08,0x84,
    0x80,0x00,0x81,0xbe,0x4f,0x00,0x55,0xd6,0x38,0x02,0x08,0x05,0x32,0xff,0x45,0x93,
    0x18,0x00,0x08,0x00,0x4d,0x00,0x2d,0xd7,0x2f,0x9e,0x02,0x00,0x4d,0x9f,0x9a,0x4a,
    0x45,0x9a,0x9c,0x32,0x4d,0x00,0x2c,0xd7,0x0f,0x9c,0x02,0x00,0x4f,0x9b,0x94,0x4c,
    0x32,0xff,0x45,0x93,0x10,0x00,0x08,0x00,0x4d,0x00,0x2d,0xd7,0x2e,0x9c,0x02,0x00,
    0x4d,0x9d,0x9a,0x4a,0x45,0x9a,0x86,0x32,0x4d,0x00,0x2c,0xd7,0x0e,0x86,0x02,0x00,
    0x4e,0x9b,0x96,0x4c,0x4f,0x00,0x2c,0xd7,0x10,0x86,0x02,0x00,0x4e,0x00,0x2c,0xd7,
    0x11,0x7c,0x02,0x00,0x4d,0x00,0x2c,0xd7,0x12,0x96,0x02,0x00,0x4c,0x00,0x2c,0xd7,
    0x13,0x94,0x02,0x00,0x3b,0x00,0x55,0xd6,0x4f,0x9d,0x36,0x05,0x4c,0x77,0x76,0x4a,
    0xa0,0x00,0x81,0xbe,0x4f,0x00,0x55,0xd6,0x38,0x02,0x08,0x05,0x32,0xff,0x45,0x93,
    0x18,0x00,0x08,0x00,0x4d,0x00,0x2d,0xd7,0x2f,0x9e,0x02,0x00,0x4d,0x9f,0x9a,0x4a,
    0x45,0x9a,0x9c,0x32,0x4d,0x00,0x2c,0xd7,0x0f,0x9c,0x02,0x00,0x4f,0x9b,0x94,0x4c,
    0x32,0xff,0x45,0x93,0x10,0x00,0x08,0x00,0x4d,0x00,0x2d,0xd7,0x2e,0x9c,0x02,0x00,
    0x4d,0x9d,0x9a,0x4a,0x45,0x9a,0x86,0x32,0x4d,0x00,0x2c,0xd7,0x0e,0x86,0x02,0x00,
    0x4e,0x9b,0x96,0x4c,0x4f,0x00,0x2c,0xd7,0x10,0x86,0x02,0x00,0x4e,0x00,0x2c,0xd7,
    0x11,0x7c,0x02,0x00,0x4d,0x00,0x2c,0xd7,0x12,0x96,0x02,0x00,0x4c,0x00,0x2c,0xd7,
    0x13,0x94,0x02,0x00,0x3c,0x00,0x55,0xd6,0x4f,0x9d,0x36,0x05,0x4c,0x79,0x78,0x4a,
    0x80,0x02,0x5e,0x7e,0x80,0x02,0x60,0x7e,0x80,0x02,0x62,0x7e,0x80,0x02,0x64,0x7e,
    0x80,0x02,0x66,0x7e,0x80,0x02,0x68,0x7e,0x80,0x02,0x6a,0x7e,0x80,0x02,0x6c,0x7e,
    0x00,0x00,0x5c,0xe0,0x3b,0x2f,0x47,0x3e,0x00,0x00,0x5c,0xe0,0x3c,0x33,0x47,0x3e,
    0x00,0x03,0x9e,0x7e,0x85,0x9e,0x94,0x32,0x8f,0x9e,0x96,0x36,0x81,0x94,0x8c,0x36,
    0x81,0x94,0x8e,0x32,0x81,0x96,0x9a,0x36,0x81,0x96,0x98,0x32,0x46,0x00,0x56,0xd6,
    0x46,0x09,0x2d,0x05,0x4d,0x00,0x56,0xd6,0x4d,0x07,0x31,0x05,0x47,0x00,0x56,0xd6,
    0x47,0x09,0x35,0x05,0x00,0x03,0x9e,0x7e,0x8f,0x9e,0x9a,0x36,0x84,0x9e,0x98,0x32,
    0x81,0x98,0x98,0x36,0x85,0x9e,0x94,0x32,0x81,0x94,0x96,0x36,0x81,0x94,0x94,0x32,
    0x81,0x94,0x94,0x36,0x43,0x00,0x56,0xd6,0x4b,0x09,0x35,0x05,0x83,0x98,0x98,0x30,
    0x45,0x00,0x56,0xd6,0x4a,0x09,0x31,0x05,0x84,0x8e,0x70,0x30,0x83,0x88,0x98,0x30,
    0x4a,0x00,0x0b,0xd6,0x3f,0xff,0x31,0x05,0x00,0x01,0x00,0x00,0x81,0x94,0x6e,0x30,
    0x84,0x8c,0x74,0x30,0x83,0x84,0x98,0x30,0x4a,0x00,0x0b,0xd6,0x3f,0xff,0x31,0x05,
    0x00,0x02,0x00,0x00,0x81,0x94,0x72,0x30,0xff,0x74,0x74,0x4a,0x00,0x08,0x00,0x00,
    0xff,0x72,0x72,0x4a,0x00,0x08,0x00,0x00,0x43,0x03,0x8c,0x7e,0x45,0x03,0x8e,0x7e,
    0x37,0x8e,0x8e,0x4a,0x83,0x8e,0x94,0x32,0x43,0x00,0x2c,0xd7,0x15,0x94,0x02,0x00,
    0x0a,0x0e,0x3d,0x96,0x32,0xff,0x41,0x93,0x18,0x00,0x08,0x00,0x32,0xff,0x40,0x93,
    0x10,0x00,0x08,0x00,0x0f,0x3d,0x3d,0x96,0xc1,0x00,0xa6,0xbe,0xff,0x00,0xa7,0xbe,
    0x00,0x00,0x02,0x30,0x36,0x8e,0x98,0x7c,0x45,0x00,0x01,0xd5,0x80,0x02,0xa9,0x01,
    0xc0,0x00,0xba,0xbe,0x11,0x84,0x3b,0x96,0x84,0x00,0xbc,0xbe,0xf7,0x0b,0x89,0xbf,
    0xff,0x00,0xea,0xbe,0xff,0xff,0x00,0x00,0x42,0x00,0x60,0xd7,0x48,0x01,0x01,0x00,
    0x42,0x02,0x94,0x7e,0x42,0x00,0x60,0xd7,0x48,0x11,0x01,0x00,0x43,0x00,0x60,0xd7,
    0x48,0x03,0x01,0x00,0x43,0x02,0x96,0x7e,0x43,0x00,0x60,0xd7,0x48,0x13,0x01,0x00,
    0x44,0x00,0x60,0xd7,0x48,0x05,0x01,0x00,0x44,0x02,0x98,0x7e,0x44,0x00,0x60,0xd7,
    0x48,0x15,0x01,0x00,0x45,0x00,0x60,0xd7,0x48,0x07,0x01,0x00,0x45,0x02,0x9a,0x7e,
    0x45,0x00,0x60,0xd7,0x48,0x17,0x01,0x00,0x46,0x00,0x60,0xd7,0x48,0x09,0x01,0x00,
    0x46,0x02,0x9c,0x7e,0x46,0x00,0x60,0xd7,0x48,0x19,0x01,0x00,0x47,0x00,0x60,0xd7,
    0x48,0x0b,0x01,0x00,0x47,0x02,0x9e,0x7e,0x47,0x00,0x60,0xd7,0x48,0x1b,0x01,0x00,
    0x48,0x00,0x60,0xd7,0x48,0x0d,0x01,0x00,0x48,0x02,0xa0,0x7e,0x48,0x00,0x60,0xd7,
    0x48,0x1d,0x01,0x00,0x49,0x00,0x60,0xd7,0x48,0x0f,0x01,0x00,0x49,0x02,0xa2,0x7e,
    0x49,0x00,0x60,0xd7,0x48,0x1f,0x01,0x00,0x42,0x94,0x94,0x02,0x43,0x96,0x96,0x02,
    0x44,0x98,0x98,0x02,0x45,0x9a,0x9a,0x02,0x46,0x9c,0x9c,0x02,0x47,0x9e,0x9e,0x02,
    0x48,0xa0,0xa0,0x02,0x49,0xa2,0xa2,0x02,0x4a,0x17,0x94,0x7e,0x4b,0x17,0x96,0x7e,
    0x4c,0x17,0x98,0x7e,0x4d,0x17,0x9a,0x7e,0x4e,0x17,0x9c,0x7e,0x4f,0x17,0x9e,0x7e,
    0x50,0x17,0xa0,0x7e,0x51,0x17,0xa2,0x7e,0x4a,0x03,0x00,0x7e,0x4b,0x03,0x02,0x7e,
    0x4c,0x03,0x04,0x7e,0x4d,0x03,0x06,0x7e,0x4e,0x03,0x08,0x7e,0x4f,0x03,0x0a,0x7e,
    0x50,0x03,0x0c,0x7e,0x51,0x03,0x0e,0x7e,0x4a,0x03,0x10,0x7e,0x4b,0x03,0x12,0x7e,
    0x4c,0x03,0x14,0x7e,0x4d,0x03,0x16,0x7e,0x4e,0x03,0x18,0x7e,0x4f,0x03,0x1a,0x7e,
    0x50,0x03,0x1c,0x7e,0x51,0x03,0x1e,0x7e,0xf7,0x0b,0x89,0xbf,0x00,0x00,0x7c,0xdb,
    0x37,0x2b,0x00,0x00,0xf7,0x03,0x89,0xbf,0x00,0x00,0x7c,0xdb,0x39,0x2f,0x00,0x00,
    0x00,0x02,0x7c,0xdb,0x39,0x33,0x00,0x00,0x3b,0x3e,0x3e,0x80,0x3a,0x7a,0x7a,0x4a,
    0x07,0xfc,0x89,0xbf,0x00,0x00,0xbd,0xbf,0x00,0x00,0xfc,0xdb,0x3a,0x00,0x00,0x1a,
    0x00,0x04,0xfc,0xdb,0x3a,0x00,0x00,0x1e,0x00,0x00,0xfc,0xdb,0x38,0x00,0x00,0x11,
    0x00,0x02,0xfc,0xdb,0x38,0x00,0x00,0x15,0x05,0xa0,0x86,0x81,0x06,0x80,0x02,0xbf,
    0x4d,0x00,0xa1,0xbf,0x00,0x00,0x5c,0xe0,0x3d,0x2b,0x48,0x3f,0x80,0x02,0x5e,0x7e,
    0x80,0x02,0x60,0x7e,0x80,0x02,0x62,0x7e,0x80,0x02,0x64,0x7e,0x80,0x02,0x66,0x7e,
    0x80,0x02,0x68,0x7e,0x80,0x02,0x6a,0x7e,0x80,0x02,0x6c,0x7e,0x00,0x00,0x5c,0xe0,
    0x3b,0x2f,0x47,0x3e,0x00,0x00,0x5c,0xe0,0x3c,0x33,0x47,0x3e,0x00,0x02,0xfc,0xdb,
    0x3a,0x00,0x00,0x22,0x00,0x06,0xfc,0xdb,0x3a,0x00,0x00,0x26,0x27,0xfc,0x89,0xbf,
    0x00,0x40,0x40,0xcc,0x11,0x35,0x02,0x1c,0x00,0x08,0xfc,0xdb,0x3a,0x00,0x00,0x1a,
    0x00,0x0c,0xfc,0xdb,0x3a,0x00,0x00,0x1e,0x27,0xfc,0x89,0xbf,0x08,0x40,0x40,0xcc,
    0x11,0x45,0x22,0x1c,0x00,0x04,0xfc,0xdb,0x38,0x00,0x00,0x11,0x00,0x06,0xfc,0xdb,
    0x38,0x00,0x00,0x15,0x00,0x0a,0xfc,0xdb,0x3a,0x00,0x00,0x22,0x00,0x0e,0xfc,0xdb,
    0x3a,0x00,0x00,0x26,0x27,0xfc,0x89,0xbf,0x00,0x40,0x40,0xcc,0x11,0x35,0x02,0x1c,
    0x07,0xfc,0x89,0xbf,0xf7,0x0b,0x89,0xbf,0x00,0x00,0xbd,0xbf,0x00,0x00,0x7c,0xdb,
    0x37,0x2b,0x00,0x00,0xf7,0x03,0x89,0xbf,0x00,0x00,0x7c,0xdb,0x39,0x2f,0x00,0x00,
    0x00,0x02,0x7c,0xdb,0x39,0x33,0x00,0x00,0x08,0x40,0x40,0xcc,0x11,0x45,0x22,0x1c,
    0x06,0xa0,0x86,0x81,0x06,0x80,0x02,0xbf,0x0d,0x00,0xa1,0xbf,0x3b,0x3e,0x3e,0x80,
    0x3a,0x7a,0x7a,0x4a,0x07,0xfc,0x89,0xbf,0x00,0x00,0xbd,0xbf,0x00,0x00,0xfc,0xdb,
    0x3a,0x00,0x00,0x1a,0x00,0x04,0xfc,0xdb,0x3a,0x00,0x00,0x1e,0x00,0x00,0xfc,0xdb,
    0x38,0x00,0x00,0x11,0x00,0x02,0xfc,0xdb,0x38,0x00,0x00,0x15,0xbd,0xff,0xa0,0xbf,
    0x07,0xfc,0x89,0xbf,0x00,0x00,0xbd,0xbf,0x00,0x00,0xfc,0xdb,0x3a,0x00,0x00,0x1a,
    0x00,0x04,0xfc,0xdb,0x3a,0x00,0x00,0x1e,0x00,0x00,0xfc,0xdb,0x38,0x00,0x00,0x11,
    0x00,0x02,0xfc,0xdb,0x38,0x00,0x00,0x15,0x00,0x02,0xfc,0xdb,0x3a,0x00,0x00,0x22,
    0x00,0x06,0xfc,0xdb,0x3a,0x00,0x00,0x26,0x27,0xfc,0x89,0xbf,0x00,0x40,0x40,0xcc,
    0x11,0x35,0x02,0x1c,0x00,0x08,0xfc,0xdb,0x3a,0x00,0x00,0x1a,0x00,0x0c,0xfc,0xdb,
    0x3a,0x00,0x00,0x1e,0x27,0xfc,0x89,0xbf,0x08,0x40,0x40,0xcc,0x11,0x45,0x22,0x1c,
    0x00,0x04,0xfc,0xdb,0x38,0x00,0x00,0x11,0x00,0x06,0xfc,0xdb,0x38,0x00,0x00,0x15,
    0x00,0x0a,0xfc,0xdb,0x3a,0x00,0x00,0x22,0x00,0x0e,0xfc,0xdb,0x3a,0x00,0x00,0x26,
    0x27,0xfc,0x89,0xbf,0x00,0x40,0x40,0xcc,0x11,0x35,0x02,0x1c,0x07,0xfc,0x89,0xbf,
    0x08,0x40,0x40,0xcc,0x11,0x45,0x22,0x1c,0x80,0x00,0x81,0xbe,0x15,0x84,0x15,0x96,
    0x38,0x8c,0x84,0x4a,0x4a,0x00,0x2d,0xd7,0x2f,0x84,0x02,0x00,0x4a,0x85,0x94,0x4a,
    0x41,0x94,0x9a,0x32,0x4a,0x00,0x2c,0xd7,0x0f,0x9a,0x02,0x00,0x42,0x95,0x72,0x4c,
    0x4a,0x00,0x2d,0xd7,0x2e,0x9a,0x02,0x00,0x4a,0x9b,0x94,0x4a,0x40,0x94,0x6e,0x32,
    0x4a,0x00,0x2c,0xd7,0x0e,0x6e,0x02,0x00,0x4d,0x95,0x70,0x4c,0x3b,0x00,0x0b,0xd6,
    0x17,0x72,0x0e,0x05,0x3d,0x84,0x98,0x7c,0x4a,0x00,0x2c,0xd7,0x14,0x6e,0x02,0x00,
    0x4b,0x00,0x2c,0xd7,0x16,0x70,0x02,0x00,0x80,0x8a,0x88,0x02,0x3b,0x00,0x55,0xd6,
    0x4a,0x97,0xee,0x04,0x80,0x00,0x28,0x7c,0x00,0x00,0x01,0xd5,0x00,0x01,0xa9,0x01,
    0x80,0x02,0x28,0x7c,0x01,0x00,0x01,0xd5,0x01,0x01,0xa9,0x01,0x80,0x04,0x28,0x7c,
    0x02,0x00,0x01,0xd5,0x02,0x01,0xa9,0x01,0x80,0x06,0x28,0x7c,0x03,0x00,0x01,0xd5,
    0x03,0x01,0xa9,0x01,0x80,0x08,0x28,0x7c,0x04,0x00,0x01,0xd5,0x04,0x01,0xa9,0x01,
    0x80,0x0a,0x28,0x7c,0x05,0x00,0x01,0xd5,0x05,0x01,0xa9,0x01,0x80,0x0c,0x28,0x7c,
    0x06,0x00,0x01,0xd5,0x06,0x01,0xa9,0x01,0x80,0x0e,0x28,0x7c,0x07,0x00,0x01,0xd5,
    0x07,0x01,0xa9,0x01,0x00,0x03,0x00,0x5e,0x02,0x07,0x02,0x5e,0x04,0x0b,0x04,0x5e,
    0x06,0x0f,0x06,0x5e,0x81,0x88,0x96,0x7d,0x00,0x00,0x74,0xe0,0x3b,0x00,0x49,0x01,
    0xc1,0x01,0xfe,0xbe,0xa0,0x8c,0x9e,0x4a,0x38,0x9e,0x84,0x4a,0x4a,0x00,0x2d,0xd7,
    0x2f,0x84,0x02,0x00,0x4a,0x85,0x94,0x4a,0x41,0x94,0x9a,0x32,0x4a,0x00,0x2c,0xd7,
    0x0f,0x9a,0x02,0x00,0x42,0x95,0x72,0x4c,0x4a,0x00,0x2d,0xd7,0x2e,0x9a,0x02,0x00,
    0x4a,0x9b,0x94,0x4a,0x40,0x94,0x6e,0x32,0x4a,0x00,0x2c,0xd7,0x0e,0x6e,0x02,0x00,
    0x4d,0x95,0x70,0x4c,0x3b,0x00,0x0b,0xd6,0x17,0x72,0x0e,0x05,0x3d,0x84,0x98,0x7c,
    0x4a,0x00,0x2c,0xd7,0x14,0x6e,0x02,0x00,0x4b,0x00,0x2c,0xd7,0x16,0x70,0x02,0x00,
    0x80,0x8a,0x88,0x02,0x3b,0x00,0x55,0xd6,0x4a,0x97,0xee,0x04,0x80,0x10,0x28,0x7c,
    0x08,0x00,0x01,0xd5,0x08,0x01,0xa9,0x01,0x80,0x12,0x28,0x7c,0x09,0x00,0x01,0xd5,
    0x09,0x01,0xa9,0x01,0x80,0x14,0x28,0x7c,0x0a,0x00,0x01,0xd5,0x0a,0x01,0xa9,0x01,
    0x80,0x16,0x28,0x7c,0x0b,0x00,0x01,0xd5,0x0b,0x01,0xa9,0x01,0x80,0x18,0x28,0x7c,
    0x0c,0x00,0x01,0xd5,0x0c,0x01,0xa9,0x01,0x80,0x1a,0x28,0x7c,0x0d,0x00,0x01,0xd5,
    0x0d,0x01,0xa9,0x01,0x80,0x1c,0x28,0x7c,0x0e,0x00,0x01,0xd5,0x0e,0x01,0xa9,0x01,
    0x80,0x1e,0x28,0x7c,0x0f,0x00,0x01,0xd5,0x0f,0x01,0xa9,0x01,0x08,0x13,0x10,0x5e,
    0x0a,0x17,0x12,0x5e,0x0c,0x1b,0x14,0x5e,0x0e,0x1f,0x16,0x5e,0x81,0x88,0x96,0x7d,
    0x00,0x00,0x74,0xe0,0x3b,0x08,0x49,0x01,0xc1,0x01,0xfe,0xbe,0x00,0x00,0xb0,0xbf,
    0x00,0x00,0x00,0x00,0x00,0x00,0x00,0x00,0x00,0x00,0x00,0x00,0x00,0x00,0x00,0x00,
    0x00,0x00,0x00,0x00,0x00,0x00,0x00,0x00,0x00,0x00,0x00,0x00,0x00,0x00,0x00,0x00,
    0x00,0x00,0x00,0x00,0x00,0x00,0x00,0x00,0x00,0x00,0x00,0x00,0x00,0x00,0x00,0x00,
    0x00,0x18,0x00,0x00,0x00,0x00,0x00,0x00,0x00,0x00,0x00,0x00,0x00,0x00,0x00,0x00,
    0x00,0x00,0x00,0x00,0x00,0x00,0x00,0x00,0x00,0x00,0x00,0x00,0x00,0x00,0x00,0x00,
    0x00,0x00,0x00,0x00,0x00,0x00,0x00,0x00,0x00,0x00,0x00,0x00,0x00,0x00,0x00,0x00,
    0x0a,0x00,0x0c,0x40,0x84,0x03,0x00,0x00,0x08,0x04,0x00,0x00,0x00,0x00,0x00,0x00,
    0x07,0x00,0x00,0x00,0x42,0x0b,0x00,0x00,0x20,0x00,0x00,0x00,0x41,0x4d,0x44,0x47,
    0x50,0x55,0x00,0x00,0x82,0xae,0x61,0x6d,0x64,0x68,0x73,0x61,0x2e,0x6b,0x65,0x72,
    0x6e,0x65,0x6c,0x73,0x91,0x8c,0xa5,0x2e,0x61,0x72,0x67,0x73,0xdc,0x00,0x21,0x87,
    0xae,0x2e,0x61,0x64,0x64,0x72,0x65,0x73,0x73,0x5f,0x73,0x70,0x61,0x63,0x65,0xa6,
    0x67,0x6c,0x6f,0x62,0x61,0x6c,0xa9,0x2e,0x69,0x73,0x5f,0x63,0x6f,0x6e,0x73,0x74,
    0xc3,0xa5,0x2e,0x6e,0x61,0x6d,0x65,0xa4,0x70,0x5f,0x69,0x6e,0xa7,0x2e,0x6f,0x66,
    0x66,0x73,0x65,0x74,0x00,0xa5,0x2e,0x73,0x69,0x7a,0x65,0x08,0xab,0x2e,0x76,0x61,
    0x6c,0x75,0x65,0x5f,0x6b,0x69,0x6e,0x64,0xad,0x67,0x6c,0x6f,0x62,0x61,0x6c,0x5f,
    0x62,0x75,0x66,0x66,0x65,0x72,0xab,0x2e,0x76,0x61,0x6c,0x75,0x65,0x5f,0x74,0x79,
    0x70,0x65,0xa3,0x66,0x33,0x32,0x87,0xae,0x2e,0x61,0x64,0x64,0x72,0x65,0x73,0x73,
    0x5f,0x73,0x70,0x61,0x63,0x65,0xa6,0x67,0x6c,0x6f,0x62,0x61,0x6c,0xa9,0x2e,0x69,
    0x73,0x5f,0x63,0x6f,0x6e,0x73,0x74,0xc3,0xa5,0x2e,0x6e,0x61,0x6d,0x65,0xa5,0x70,
    0x5f,0x77,0x65,0x69,0xa7,0x2e,0x6f,0x66,0x66,0x73,0x65,0x74,0x08,0xa5,0x2e,0x73,
    0x69,0x7a,0x65,0x08,0xab,0x2e,0x76,0x61,0x6c,0x75,0x65,0x5f,0x6b,0x69,0x6e,0x64,
    0xad,0x67,0x6c,0x6f,0x62,0x61,0x6c,0x5f,0x62,0x75,0x66,0x66,0x65,0x72,0xab,0x2e,
    0x76,0x61,0x6c,0x75,0x65,0x5f,0x74,0x79,0x70,0x65,0xa3,0x66,0x33,0x32,0x87,0xae,
    0x2e,0x61,0x64,0x64,0x72,0x65,0x73,0x73,0x5f,0x73,0x70,0x61,0x63,0x65,0xa6,0x67,
    0x6c,0x6f,0x62,0x61,0x6c,0xa9,0x2e,0x69,0x73,0x5f,0x63,0x6f,0x6e,0x73,0x74,0xc2,
    0xa5,0x2e,0x6e,0x61,0x6d,0x65,0xa5,0x70,0x5f,0x6f,0x75,0x74,0xa7,0x2e,0x6f,0x66,
    0x66,0x73,0x65,0x74,0x10,0xa5,0x2e,0x73,0x69,0x7a,0x65,0x08,0xab,0x2e,0x76,0x61,
    0x6c,0x75,0x65,0x5f,0x6b,0x69,0x6e,0x64,0xad,0x67,0x6c,0x6f,0x62,0x61,0x6c,0x5f,
    0x62,0x75,0x66,0x66,0x65,0x72,0xab,0x2e,0x76,0x61,0x6c,0x75,0x65,0x5f,0x74,0x79,
    0x70,0x65,0xa3,0x66,0x33,0x32,0x87,0xae,0x2e,0x61,0x64,0x64,0x72,0x65,0x73,0x73,
    0x5f,0x73,0x70,0x61,0x63,0x65,0xa6,0x67,0x6c,0x6f,0x62,0x61,0x6c,0xa9,0x2e,0x69,
    0x73,0x5f,0x63,0x6f,0x6e,0x73,0x74,0xc3,0xa5,0x2e,0x6e,0x61,0x6d,0x65,0xa6,0x70,
    0x5f,0x62,0x69,0x61,0x73,0xa7,0x2e,0x6f,0x66,0x66,0x73,0x65,0x74,0x18,0xa5,0x2e,
    0x73,0x69,0x7a,0x65,0x08,0xab,0x2e,0x76,0x61,0x6c,0x75,0x65,0x5f,0x6b,0x69,0x6e,
    0x64,0xad,0x67,0x6c,0x6f,0x62,0x61,0x6c,0x5f,0x62,0x75,0x66,0x66,0x65,0x72,0xab,
    0x2e,0x76,0x61,0x6c,0x75,0x65,0x5f,0x74,0x79,0x70,0x65,0xa3,0x66,0x33,0x32,0x85,
    0xa5,0x2e,0x6e,0x61,0x6d,0x65,0xa2,0x68,0x69,0xa7,0x2e,0x6f,0x66,0x66,0x73,0x65,
    0x74,0x20,0xa5,0x2e,0x73,0x69,0x7a,0x65,0x04,0xab,0x2e,0x76,0x61,0x6c,0x75,0x65,
    0x5f,0x6b,0x69,0x6e,0x64,0xa8,0x62,0x79,0x5f,0x76,0x61,0x6c,0x75,0x65,0xab,0x2e,
    0x76,0x61,0x6c,0x75,0x65,0x5f,0x74,0x79,0x70,0x65,0xa3,0x69,0x33,0x32,0x85,0xa5,
    0x2e,0x6e,0x61,0x6d,0x65,0xa2,0x77,0x69,0xa7,0x2e,0x6f,0x66,0x66,0x73,0x65,0x74,
    0x24,0xa5,0x2e,0x73,0x69,0x7a,0x65,0x04,0xab,0x2e,0x76,0x61,0x6c,0x75,0x65,0x5f,
    0x6b,0x69,0x6e,0x64,0xa8,0x62,0x79,0x5f,0x76,0x61,0x6c,0x75,0x65,0xab,0x2e,0x76,
    0x61,0x6c,0x75,0x65,0x5f,0x74,0x79,0x70,0x65,0xa3,0x69,0x33,0x32,0x85,0xa5,0x2e,
    0x6e,0x61,0x6d,0x65,0xa1,0x6e,0xa7,0x2e,0x6f,0x66,0x66,0x73,0x65,0x74,0x28,0xa5,
    0x2e,0x73,0x69,0x7a,0x65,0x04,0xab,0x2e,0x76,0x61,0x6c,0x75,0x65,0x5f,0x6b,0x69,
    0x6e,0x64,0xa8,0x62,0x79,0x5f,0x76,0x61,0x6c,0x75,0x65,0xab,0x2e,0x76,0x61,0x6c,
    0x75,0x65,0x5f,0x74,0x79,0x70,0x65,0xa3,0x69,0x33,0x32,0x85,0xa5,0x2e,0x6e,0x61,
    0x6d,0x65,0xa1,0x6b,0xa7,0x2e,0x6f,0x66,0x66,0x73,0x65,0x74,0x2c,0xa5,0x2e,0x73,
    0x69,0x7a,0x65,0x04,0xab,0x2e,0x76,0x61,0x6c,0x75,0x65,0x5f,0x6b,0x69,0x6e,0x64,
    0xa8,0x62,0x79,0x5f,0x76,0x61,0x6c,0x75,0x65,0xab,0x2e,0x76,0x61,0x6c,0x75,0x65,
    0x5f,0x74,0x79,0x70,0x65,0xa3,0x69,0x33,0x32,0x85,0xa5,0x2e,0x6e,0x61,0x6d,0x65,
    0xa1,0x63,0xa7,0x2e,0x6f,0x66,0x66,0x73,0x65,0x74,0x30,0xa5,0x2e,0x73,0x69,0x7a,
    0x65,0x04,0xab,0x2e,0x76,0x61,0x6c,0x75,0x65,0x5f,0x6b,0x69,0x6e,0x64,0xa8,0x62,
    0x79,0x5f,0x76,0x61,0x6c,0x75,0x65,0xab,0x2e,0x76,0x61,0x6c,0x75,0x65,0x5f,0x74,
    0x79,0x70,0x65,0xa3,0x69,0x33,0x32,0x85,0xa5,0x2e,0x6e,0x61,0x6d,0x65,0xa1,0x67,
    0xa7,0x2e,0x6f,0x66,0x66,0x73,0x65,0x74,0x34,0xa5,0x2e,0x73,0x69,0x7a,0x65,0x04,
    0xab,0x2e,0x76,0x61,0x6c,0x75,0x65,0x5f,0x6b,0x69,0x6e,0x64,0xa8,0x62,0x79,0x5f,
    0x76,0x61,0x6c,0x75,0x65,0xab,0x2e,0x76,0x61,0x6c,0x75,0x65,0x5f,0x74,0x79,0x70,
    0x65,0xa3,0x69,0x33,0x32,0x85,0xa5,0x2e,0x6e,0x61,0x6d,0x65,0xa2,0x68,0x6f,0xa7,
    0x2e,0x6f,0x66,0x66,0x73,0x65,0x74,0x38,0xa5,0x2e,0x73,0x69,0x7a,0x65,0x04,0xab,
    0x2e,0x76,0x61,0x6c,0x75,0x65,0x5f,0x6b,0x69,0x6e,0x64,0xa8,0x62,0x79,0x5f,0x76,
    0x61,0x6c,0x75,0x65,0xab,0x2e,0x76,0x61,0x6c,0x75,0x65,0x5f,0x74,0x79,0x70,0x65,
    0xa3,0x69,0x33,0x32,0x85,0xa5,0x2e,0x6e,0x61,0x6d,0x65,0xa2,0x77,0x6f,0xa7,0x2e,
    0x6f,0x66,0x66,0x73,0x65,0x74,0x3c,0xa5,0x2e,0x73,0x69,0x7a,0x65,0x04,0xab,0x2e,
    0x76,0x61,0x6c,0x75,0x65,0x5f,0x6b,0x69,0x6e,0x64,0xa8,0x62,0x79,0x5f,0x76,0x61,
    0x6c,0x75,0x65,0xab,0x2e,0x76,0x61,0x6c,0x75,0x65,0x5f,0x74,0x79,0x70,0x65,0xa3,
    0x69,0x33,0x32,0x85,0xa5,0x2e,0x6e,0x61,0x6d,0x65,0xab,0x69,0x6e,0x5f,0x73,0x74,
    0x72,0x69,0x64,0x65,0x5f,0x6e,0xa7,0x2e,0x6f,0x66,0x66,0x73,0x65,0x74,0x40,0xa5,
    0x2e,0x73,0x69,0x7a,0x65,0x04,0xab,0x2e,0x76,0x61,0x6c,0x75,0x65,0x5f,0x6b,0x69,
    0x6e,0x64,0xa8,0x62,0x79,0x5f,0x76,0x61,0x6c,0x75,0x65,0xab,0x2e,0x76,0x61,0x6c,
    0x75,0x65,0x5f,0x74,0x79,0x70,0x65,0xa3,0x69,0x33,0x32,0x85,0xa5,0x2e,0x6e,0x61,
    0x6d,0x65,0xab,0x69,0x6e,0x5f,0x73,0x74,0x72,0x69,0x64,0x65,0x5f,0x63,0xa7,0x2e,
    0x6f,0x66,0x66,0x73,0x65,0x74,0x44,0xa5,0x2e,0x73,0x69,0x7a,0x65,0x04,0xab,0x2e,
    0x76,0x61,0x6c,0x75,0x65,0x5f,0x6b,0x69,0x6e,0x64,0xa8,0x62,0x79,0x5f,0x76,0x61,
    0x6c,0x75,0x65,0xab,0x2e,0x76,0x61,0x6c,0x75,0x65,0x5f,0x74,0x79,0x70,0x65,0xa3,
    0x69,0x33,0x32,0x85,0xa5,0x2e,0x6e,0x61,0x6d,0x65,0xab,0x69,0x6e,0x5f,0x73,0x74,
    0x72,0x69,0x64,0x65,0x5f,0x68,0xa7,0x2e,0x6f,0x66,0x66,0x73,0x65,0x74,0x48,0xa5,
    0x2e,0x73,0x69,0x7a,0x65,0x04,0xab,0x2e,0x76,0x61,0x6c,0x75,0x65,0x5f,0x6b,0x69,
    0x6e,0x64,0xa8,0x62,0x79,0x5f,0x76,0x61,0x6c,0x75,0x65,0xab,0x2e,0x76,0x61,0x6c,
    0x75,0x65,0x5f,0x74,0x79,0x70,0x65,0xa3,0x69,0x33,0x32,0x85,0xa5,0x2e,0x6e,0x61,
    0x6d,0x65,0xab,0x69,0x6e,0x5f,0x73,0x74,0x72,0x69,0x64,0x65,0x5f,0x77,0xa7,0x2e,
    0x6f,0x66,0x66,0x73,0x65,0x74,0x4c,0xa5,0x2e,0x73,0x69,0x7a,0x65,0x04,0xab,0x2e,
    0x76,0x61,0x6c,0x75,0x65,0x5f,0x6b,0x69,0x6e,0x64,0xa8,0x62,0x79,0x5f,0x76,0x61,
    0x6c,0x75,0x65,0xab,0x2e,0x76,0x61,0x6c,0x75,0x65,0x5f,0x74,0x79,0x70,0x65,0xa3,
    0x69,0x33,0x32,0x85,0xa5,0x2e,0x6e,0x61,0x6d,0x65,0xac,0x6f,0x75,0x74,0x5f,0x73,
    0x74,0x72,0x69,0x64,0x65,0x5f,0x6e,0xa7,0x2e,0x6f,0x66,0x66,0x73,0x65,0x74,0x50,
    0xa5,0x2e,0x73,0x69,0x7a,0x65,0x04,0xab,0x2e,0x76,0x61,0x6c,0x75,0x65,0x5f,0x6b,
    0x69,0x6e,0x64,0xa8,0x62,0x79,0x5f,0x76,0x61,0x6c,0x75,0x65,0xab,0x2e,0x76,0x61,
    0x6c,0x75,0x65,0x5f,0x74,0x79,0x70,0x65,0xa3,0x69,0x33,0x32,0x85,0xa5,0x2e,0x6e,
    0x61,0x6d,0x65,0xac,0x6f,0x75,0x74,0x5f,0x73,0x74,0x72,0x69,0x64,0x65,0x5f,0x6b,
    0xa7,0x2e,0x6f,0x66,0x66,0x73,0x65,0x74,0x54,0xa5,0x2e,0x73,0x69,0x7a,0x65,0x04,
    0xab,0x2e,0x76,0x61,0x6c,0x75,0x65,0x5f,0x6b,0x69,0x6e,0x64,0xa8,0x62,0x79,0x5f,
    0x76,0x61,0x6c,0x75,0x65,0xab,0x2e,0x76,0x61,0x6c,0x75,0x65,0x5f,0x74,0x79,0x70,
    0x65,0xa3,0x69,0x33,0x32,0x85,0xa5,0x2e,0x6e,0x61,0x6d,0x65,0xac,0x6f,0x75,0x74,
    0x5f,0x73,0x74,0x72,0x69,0x64,0x65,0x5f,0x68,0xa7,0x2e,0x6f,0x66,0x66,0x73,0x65,
    0x74,0x58,0xa5,0x2e,0x73,0x69,0x7a,0x65,0x04,0xab,0x2e,0x76,0x61,0x6c,0x75,0x65,
    0x5f,0x6b,0x69,0x6e,0x64,0xa8,0x62,0x79,0x5f,0x76,0x61,0x6c,0x75,0x65,0xab,0x2e,
    0x76,0x61,0x6c,0x75,0x65,0x5f,0x74,0x79,0x70,0x65,0xa3,0x69,0x33,0x32,0x85,0xa5,
    0x2e,0x6e,0x61,0x6d,0x65,0xac,0x6f,0x75,0x74,0x5f,0x73,0x74,0x72,0x69,0x64,0x65,
    0x5f,0x77,0xa7,0x2e,0x6f,0x66,0x66,0x73,0x65,0x74,0x5c,0xa5,0x2e,0x73,0x69,0x7a,
    0x65,0x04,0xab,0x2e,0x76,0x61,0x6c,0x75,0x65,0x5f,0x6b,0x69,0x6e,0x64,0xa8,0x62,
    0x79,0x5f,0x76,0x61,0x6c,0x75,0x65,0xab,0x2e,0x76,0x61,0x6c,0x75,0x65,0x5f,0x74,
    0x79,0x70,0x65,0xa3,0x69,0x33,0x32,0x85,0xa5,0x2e,0x6e,0x61,0x6d,0x65,0xa9,0x73,
    0x74,0x72,0x69,0x64,0x65,0x5f,0x68,0x77,0xa7,0x2e,0x6f,0x66,0x66,0x73,0x65,0x74,
    0x60,0xa5,0x2e,0x73,0x69,0x7a,0x65,0x04,0xab,0x2e,0x76,0x61,0x6c,0x75,0x65,0x5f,
    0x6b,0x69,0x6e,0x64,0xa8,0x62,0x79,0x5f,0x76,0x61,0x6c,0x75,0x65,0xab,0x2e,0x76,
    0x61,0x6c,0x75,0x65,0x5f,0x74,0x79,0x70,0x65,0xa3,0x69,0x33,0x32,0x85,0xa5,0x2e,
    0x6e,0x61,0x6d,0x65,0xab,0x64,0x69,0x6c,0x61,0x74,0x69,0x6f,0x6e,0x5f,0x68,0x77,
    0xa7,0x2e,0x6f,0x66,0x66,0x73,0x65,0x74,0x64,0xa5,0x2e,0x73,0x69,0x7a,0x65,0x04,
    0xab,0x2e,0x76,0x61,0x6c,0x75,0x65,0x5f,0x6b,0x69,0x6e,0x64,0xa8,0x62,0x79,0x5f,
    0x76,0x61,0x6c,0x75,0x65,0xab,0x2e,0x76,0x61,0x6c,0x75,0x65,0x5f,0x74,0x79,0x70,
    0x65,0xa3,0x69,0x33,0x32,0x85,0xa5,0x2e,0x6e,0x61,0x6d,0x65,0xa6,0x70,0x61,0x64,
    0x5f,0x68,0x77,0xa7,0x2e,0x6f,0x66,0x66,0x73,0x65,0x74,0x68,0xa5,0x2e,0x73,0x69,
    0x7a,0x65,0x04,0xab,0x2e,0x76,0x61,0x6c,0x75,0x65,0x5f,0x6b,0x69,0x6e,0x64,0xa8,
    0x62,0x79,0x5f,0x76,0x61,0x6c,0x75,0x65,0xab,0x2e,0x76,0x61,0x6c,0x75,0x65,0x5f,
    0x74,0x79,0x70,0x65,0xa3,0x69,0x33,0x32,0x85,0xa5,0x2e,0x6e,0x61,0x6d,0x65,0xa6,
    0x77,0x65,0x69,0x5f,0x68,0x77,0xa7,0x2e,0x6f,0x66,0x66,0x73,0x65,0x74,0x6c,0xa5,
    0x2e,0x73,0x69,0x7a,0x65,0x04,0xab,0x2e,0x76,0x61,0x6c,0x75,0x65,0x5f,0x6b,0x69,
    0x6e,0x64,0xa8,0x62,0x79,0x5f,0x76,0x61,0x6c,0x75,0x65,0xab,0x2e,0x76,0x61,0x6c,
    0x75,0x65,0x5f,0x74,0x79,0x70,0x65,0xa3,0x69,0x33,0x32,0x85,0xa5,0x2e,0x6e,0x61,
    0x6d,0x65,0xac,0x6d,0x6f,0x76,0x65,0x5f,0x73,0x6c,0x69,0x63,0x65,0x5f,0x6b,0xa7,
    0x2e,0x6f,0x66,0x66,0x73,0x65,0x74,0x70,0xa5,0x2e,0x73,0x69,0x7a,0x65,0x04,0xab,
    0x2e,0x76,0x61,0x6c,0x75,0x65,0x5f,0x6b,0x69,0x6e,0x64,0xa8,0x62,0x79,0x5f,0x76,
    0x61,0x6c,0x75,0x65,0xab,0x2e,0x76,0x61,0x6c,0x75,0x65,0x5f,0x74,0x79,0x70,0x65,
    0xa3,0x69,0x33,0x32,0x85,0xa5,0x2e,0x6e,0x61,0x6d,0x65,0xa7,0x6d,0x61,0x67,0x69,
    0x63,0x5f,0x30,0xa7,0x2e,0x6f,0x66,0x66,0x73,0x65,0x74,0x74,0xa5,0x2e,0x73,0x69,
    0x7a,0x65,0x04,0xab,0x2e,0x76,0x61,0x6c,0x75,0x65,0x5f,0x6b,0x69,0x6e,0x64,0xa8,
    0x62,0x79,0x5f,0x76,0x61,0x6c,0x75,0x65,0xab,0x2e,0x76,0x61,0x6c,0x75,0x65,0x5f,
    0x74,0x79,0x70,0x65,0xa3,0x69,0x33,0x32,0x85,0xa5,0x2e,0x6e,0x61,0x6d,0x65,0xa7,
    0x6d,0x61,0x67,0x69,0x63,0x5f,0x31,0xa7,0x2e,0x6f,0x66,0x66,0x73,0x65,0x74,0x78,
    0xa5,0x2e,0x73,0x69,0x7a,0x65,0x04,0xab,0x2e,0x76,0x61,0x6c,0x75,0x65,0x5f,0x6b,
    0x69,0x6e,0x64,0xa8,0x62,0x79,0x5f,0x76,0x61,0x6c,0x75,0x65,0xab,0x2e,0x76,0x61,
    0x6c,0x75,0x65,0x5f,0x74,0x79,0x70,0x65,0xa3,0x69,0x33,0x32,0x85,0xa5,0x2e,0x6e,
    0x61,0x6d,0x65,0xa7,0x6d,0x61,0x67,0x69,0x63,0x5f,0x32,0xa7,0x2e,0x6f,0x66,0x66,
    0x73,0x65,0x74,0x7c,0xa5,0x2e,0x73,0x69,0x7a,0x65,0x04,0xab,0x2e,0x76,0x61,0x6c,
    0x75,0x65,0x5f,0x6b,0x69,0x6e,0x64,0xa8,0x62,0x79,0x5f,0x76,0x61,0x6c,0x75,0x65,
    0xab,0x2e,0x76,0x61,0x6c,0x75,0x65,0x5f,0x74,0x79,0x70,0x65,0xa3,0x69,0x33,0x32,
    0x85,0xa5,0x2e,0x6e,0x61,0x6d,0x65,0xa7,0x6d,0x61,0x67,0x69,0x63,0x5f,0x33,0xa7,
    0x2e,0x6f,0x66,0x66,0x73,0x65,0x74,0xcc,0x80,0xa5,0x2e,0x73,0x69,0x7a,0x65,0x04,
    0xab,0x2e,0x76,0x61,0x6c,0x75,0x65,0x5f,0x6b,0x69,0x6e,0x64,0xa8,0x62,0x79,0x5f,
    0x76,0x61,0x6c,0x75,0x65,0xab,0x2e,0x76,0x61,0x6c,0x75,0x65,0x5f,0x74,0x79,0x70,
    0x65,0xa3,0x69,0x33,0x32,0x85,0xa5,0x2e,0x6e,0x61,0x6d,0x65,0xa7,0x6d,0x61,0x67,
    0x69,0x63,0x5f,0x34,0xa7,0x2e,0x6f,0x66,0x66,0x73,0x65,0x74,0xcc,0x84,0xa5,0x2e,
    0x73,0x69,0x7a,0x65,0x04,0xab,0x2e,0x76,0x61,0x6c,0x75,0x65,0x5f,0x6b,0x69,0x6e,
    0x64,0xa8,0x62,0x79,0x5f,0x76,0x61,0x6c,0x75,0x65,0xab,0x2e,0x76,0x61,0x6c,0x75,
    0x65,0x5f,0x74,0x79,0x70,0x65,0xa3,0x69,0x33,0x32,0x85,0xa5,0x2e,0x6e,0x61,0x6d,
    0x65,0xa7,0x6d,0x61,0x67,0x69,0x63,0x5f,0x35,0xa7,0x2e,0x6f,0x66,0x66,0x73,0x65,
    0x74,0xcc,0x88,0xa5,0x2e,0x73,0x69,0x7a,0x65,0x04,0xab,0x2e,0x76,0x61,0x6c,0x75,
    0x65,0x5f,0x6b,0x69,0x6e,0x64,0xa8,0x62,0x79,0x5f,0x76,0x61,0x6c,0x75,0x65,0xab,
    0x2e,0x76,0x61,0x6c,0x75,0x65,0x5f,0x74,0x79,0x70,0x65,0xa3,0x69,0x33,0x32,0x85,
    0xa5,0x2e,0x6e,0x61,0x6d,0x65,0xac,0x73,0x68,0x69,0x66,0x74,0x5f,0x70,0x61,0x63,
    0x6b,0x5f,0x30,0xa7,0x2e,0x6f,0x66,0x66,0x73,0x65,0x74,0xcc,0x8c,0xa5,0x2e,0x73,
    0x69,0x7a,0x65,0x04,0xab,0x2e,0x76,0x61,0x6c,0x75,0x65,0x5f,0x6b,0x69,0x6e,0x64,
    0xa8,0x62,0x79,0x5f,0x76,0x61,0x6c,0x75,0x65,0xab,0x2e,0x76,0x61,0x6c,0x75,0x65,
    0x5f,0x74,0x79,0x70,0x65,0xa3,0x69,0x33,0x32,0x85,0xa5,0x2e,0x6e,0x61,0x6d,0x65,
    0xac,0x73,0x68,0x69,0x66,0x74,0x5f,0x70,0x61,0x63,0x6b,0x5f,0x31,0xa7,0x2e,0x6f,
    0x66,0x66,0x73,0x65,0x74,0xcc,0x90,0xa5,0x2e,0x73,0x69,0x7a,0x65,0x04,0xab,0x2e,
    0x76,0x61,0x6c,0x75,0x65,0x5f,0x6b,0x69,0x6e,0x64,0xa8,0x62,0x79,0x5f,0x76,0x61,
    0x6c,0x75,0x65,0xab,0x2e,0x76,0x61,0x6c,0x75,0x65,0x5f,0x74,0x79,0x70,0x65,0xa3,
    0x69,0x33,0x32,0xb9,0x2e,0x67,0x72,0x6f,0x75,0x70,0x5f,0x73,0x65,0x67,0x6d,0x65,
    0x6e,0x74,0x5f,0x66,0x69,0x78,0x65,0x64,0x5f,0x73,0x69,0x7a,0x65,0xcd,0x18,0x00,
    0xb6,0x2e,0x6b,0x65,0x72,0x6e,0x61,0x72,0x67,0x5f,0x73,0x65,0x67,0x6d,0x65,0x6e,
    0x74,0x5f,0x61,0x6c,0x69,0x67,0x6e,0x08,0xb5,0x2e,0x6b,0x65,0x72,0x6e,0x61,0x72,
    0x67,0x5f,0x73,0x65,0x67,0x6d,0x65,0x6e,0x74,0x5f,0x73,0x69,0x7a,0x65,0xcc,0x98,
    0xb8,0x2e,0x6d,0x61,0x78,0x5f,0x66,0x6c,0x61,0x74,0x5f,0x77,0x6f,0x72,0x6b,0x67,
    0x72,0x6f,0x75,0x70,0x5f,0x73,0x69,0x7a,0x65,0xcc,0x80,0xa5,0x2e,0x6e,0x61,0x6d,
    0x65,0xd9,0x69,0x63,0x6f,0x6e,0x76,0x5f,0x66,0x77,0x64,0x5f,0x72,0x65,0x6c,0x75,
    0x5f,0x62,0x69,0x61,0x73,0x5f,0x67,0x74,0x63,0x77,0x33,0x5f,0x6e,0x68,0x77,0x63,
    0x5f,0x66,0x70,0x31,0x36,0x78,0x38,0x5f,0x65,0x78,0x30,0x5f,0x62,0x74,0x33,0x32,
    0x78,0x36,0x34,0x78,0x33,0x32,0x5f,0x77,0x72,0x31,0x78,0x32,0x5f,0x77,0x6e,0x32,
    0x78,0x32,0x5f,0x74,0x61,0x31,0x78,0x38,0x78,0x31,0x78,0x31,0x5f,0x31,0x78,0x34,
    0x78,0x31,0x78,0x33,0x32,0x5f,0x74,0x62,0x31,0x78,0x38,0x78,0x32,0x78,0x31,0x5f,
    0x31,0x78,0x34,0x78,0x31,0x78,0x33,0x32,0x5f,0x6d,0x62,0x30,0xbb,0x2e,0x70,0x72,
    0x69,0x76,0x61,0x74,0x65,0x5f,0x73,0x65,0x67,0x6d,0x65,0x6e,0x74,0x5f,0x66,0x69,
    0x78,0x65,0x64,0x5f,0x73,0x69,0x7a,0x65,0x00,0xb4,0x2e,0x72,0x65,0x71,0x64,0x5f,
    0x77,0x6f,0x72,0x6b,0x67,0x72,0x6f,0x75,0x70,0x5f,0x73,0x69,0x7a,0x65,0x93,0xcc,
    0x80,0x01,0x01,0xab,0x2e,0x73,0x67,0x70,0x72,0x5f,0x63,0x6f,0x75,0x6e,0x74,0x50,
    0xa7,0x2e,0x73,0x79,0x6d,0x62,0x6f,0x6c,0xd9,0x6c,0x63,0x6f,0x6e,0x76,0x5f,0x66,
    0x77,0x64,0x5f,0x72,0x65,0x6c,0x75,0x5f,0x62,0x69,0x61,0x73,0x5f,0x67,0x74,0x63,
    0x77,0x33,0x5f,0x6e,0x68,0x77,0x63,0x5f,0x66,0x70,0x31,0x36,0x78,0x38,0x5f,0x65,
    0x78,0x30,0x5f,0x62,0x74,0x33,0x32,0x78,0x36,0x34,0x78,0x33,0x32,0x5f,0x77,0x72,
    0x31,0x78,0x32,0x5f,0x77,0x6e,0x32,0x78,0x32,0x5f,0x74,0x61,0x31,0x78,0x38,0x78,
    0x31,0x78,0x31,0x5f,0x31,0x78,0x34,0x78,0x31,0x78,0x33,0x32,0x5f,0x74,0x62,0x31,
    0x78,0x38,0x78,0x32,0x78,0x31,0x5f,0x31,0x78,0x34,0x78,0x31,0x78,0x33,0x32,0x5f,
    0x6d,0x62,0x30,0x2e,0x6b,0x64,0xab,0x2e,0x76,0x67,0x70,0x72,0x5f,0x63,0x6f,0x75,
    0x6e,0x74,0x52,0xaf,0x2e,0x77,0x61,0x76,0x65,0x66,0x72,0x6f,0x6e,0x74,0x5f,0x73,
    0x69,0x7a,0x65,0x20,0xae,0x61,0x6d,0x64,0x68,0x73,0x61,0x2e,0x76,0x65,0x72,0x73,
    0x69,0x6f,0x6e,0x92,0x01,0x00,0x00,0x00,0x00,0x00,0x00,0x00,0x00,0x00,0x00,0x00,
    0x00,0x00,0x00,0x00,0x00,0x00,0x00,0x00,0x00,0x00,0x00,0x00,0x00,0x00,0x00,0x00,
    0xa5,0x04,0x00,0x00,0x00,0x00,0xf1,0xff,0x00,0x00,0x00,0x00,0x00,0x00,0x00,0x00,
    0x00,0x00,0x00,0x00,0x00,0x00,0x00,0x00,0x49,0x05,0x00,0x00,0x00,0x00,0xf1,0xff,
    0x11,0x00,0x00,0x00,0x00,0x00,0x00,0x00,0x00,0x00,0x00,0x00,0x00,0x00,0x00,0x00,
    0x2b,0x05,0x00,0x00,0x00,0x00,0xf1,0xff,0x1a,0x00,0x00,0x00,0x00,0x00,0x00,0x00,
    0x00,0x00,0x00,0x00,0x00,0x00,0x00,0x00,0x4d,0x05,0x00,0x00,0x00,0x00,0xf1,0xff,
    0x2b,0x00,0x00,0x00,0x00,0x00,0x00,0x00,0x00,0x00,0x00,0x00,0x00,0x00,0x00,0x00,
    0x2f,0x05,0x00,0x00,0x00,0x00,0xf1,0xff,0x2f,0x00,0x00,0x00,0x00,0x00,0x00,0x00,
    0x00,0x00,0x00,0x00,0x00,0x00,0x00,0x00,0x64,0x01,0x00,0x00,0x00,0x00,0xf1,0xff,
    0x37,0x00,0x00,0x00,0x00,0x00,0x00,0x00,0x00,0x00,0x00,0x00,0x00,0x00,0x00,0x00,
    0x6f,0x01,0x00,0x00,0x00,0x00,0xf1,0xff,0x38,0x00,0x00,0x00,0x00,0x00,0x00,0x00,
    0x00,0x00,0x00,0x00,0x00,0x00,0x00,0x00,0x4e,0x01,0x00,0x00,0x00,0x00,0xf1,0xff,
    0x39,0x00,0x00,0x00,0x00,0x00,0x00,0x00,0x00,0x00,0x00,0x00,0x00,0x00,0x00,0x00,
    0x59,0x01,0x00,0x00,0x00,0x00,0xf1,0xff,0x3a,0x00,0x00,0x00,0x00,0x00,0x00,0x00,
    0x00,0x00,0x00,0x00,0x00,0x00,0x00,0x00,0x2f,0x01,0x00,0x00,0x00,0x00,0xf1,0xff,
    0x3b,0x00,0x00,0x00,0x00,0x00,0x00,0x00,0x00,0x00,0x00,0x00,0x00,0x00,0x00,0x00,
    0x37,0x01,0x00,0x00,0x00,0x00,0xf1,0xff,0x3d,0x00,0x00,0x00,0x00,0x00,0x00,0x00,
    0x00,0x00,0x00,0x00,0x00,0x00,0x00,0x00,0x9c,0x04,0x00,0x00,0x00,0x00,0xf1,0xff,
    0x3e,0x00,0x00,0x00,0x00,0x00,0x00,0x00,0x00,0x00,0x00,0x00,0x00,0x00,0x00,0x00,
    0xa9,0x03,0x00,0x00,0x00,0x00,0xf1,0xff,0x3f,0x00,0x00,0x00,0x00,0x00,0x00,0x00,
    0x00,0x00,0x00,0x00,0x00,0x00,0x00,0x00,0x06,0x00,0x00,0x00,0x00,0x00,0xf1,0xff,
    0x40,0x00,0x00,0x00,0x00,0x00,0x00,0x00,0x00,0x00,0x00,0x00,0x00,0x00,0x00,0x00,
    0x14,0x00,0x00,0x00,0x00,0x00,0xf1,0xff,0x41,0x00,0x00,0x00,0x00,0x00,0x00,0x00,
    0x00,0x00,0x00,0x00,0x00,0x00,0x00,0x00,0x02,0x05,0x00,0x00,0x00,0x00,0xf1,0xff,
    0x42,0x00,0x00,0x00,0x00,0x00,0x00,0x00,0x00,0x00,0x00,0x00,0x00,0x00,0x00,0x00,
    0x00,0x02,0x00,0x00,0x00,0x00,0xf1,0xff,0x43,0x00,0x00,0x00,0x00,0x00,0x00,0x00,
    0x00,0x00,0x00,0x00,0x00,0x00,0x00,0x00,0x4d,0x02,0x00,0x00,0x00,0x00,0xf1,0xff,
    0x44,0x00,0x00,0x00,0x00,0x00,0x00,0x00,0x00,0x00,0x00,0x00,0x00,0x00,0x00,0x00,
    0x9c,0x00,0x00,0x00,0x00,0x00,0xf1,0xff,0x43,0x00,0x00,0x00,0x00,0x00,0x00,0x00,
    0x00,0x00,0x00,0x00,0x00,0x00,0x00,0x00,0x26,0x04,0x00,0x00,0x00,0x00,0xf1,0xff,
    0x45,0x00,0x00,0x00,0x00,0x00,0x00,0x00,0x00,0x00,0x00,0x00,0x00,0x00,0x00,0x00,
    0x08,0x02,0x00,0x00,0x00,0x00,0xf1,0xff,0x46,0x00,0x00,0x00,0x00,0x00,0x00,0x00,
    0x00,0x00,0x00,0x00,0x00,0x00,0x00,0x00,0x3a,0x02,0x00,0x00,0x00,0x00,0xf1,0xff,
    0x47,0x00,0x00,0x00,0x00,0x00,0x00,0x00,0x00,0x00,0x00,0x00,0x00,0x00,0x00,0x00,
    0x65,0x02,0x00,0x00,0x00,0x00,0xf1,0xff,0x43,0x00,0x00,0x00,0x00,0x00,0x00,0x00,
    0x00,0x00,0x00,0x00,0x00,0x00,0x00,0x00,0x44,0x02,0x00,0x00,0x00,0x00,0xf1,0xff,
    0x47,0x00,0x00,0x00,0x00,0x00,0x00,0x00,0x00,0x00,0x00,0x00,0x00,0x00,0x00,0x00,
    0x8d,0x02,0x00,0x00,0x00,0x00,0xf1,0xff,0x45,0x00,0x00,0x00,0x00,0x00,0x00,0x00,
    0x00,0x00,0x00,0x00,0x00,0x00,0x00,0x00,0xf8,0x04,0x00,0x00,0x00,0x00,0xf1,0xff,
    0x42,0x00,0x00,0x00,0x00,0x00,0x00,0x00,0x00,0x00,0x00,0x00,0x00,0x00,0x00,0x00,
    0x7e,0x03,0x00,0x00,0x00,0x00,0xf1,0xff,0x44,0x00,0x00,0x00,0x00,0x00,0x00,0x00,
    0x00,0x00,0x00,0x00,0x00,0x00,0x00,0x00,0xf0,0x01,0x00,0x00,0x00,0x00,0xf1,0xff,
    0x37,0x00,0x00,0x00,0x00,0x00,0x00,0x00,0x00,0x00,0x00,0x00,0x00,0x00,0x00,0x00,
    0xd6,0x01,0x00,0x00,0x00,0x00,0xf1,0xff,0x38,0x00,0x00,0x00,0x00,0x00,0x00,0x00,
    0x00,0x00,0x00,0x00,0x00,0x00,0x00,0x00,0xb2,0x01,0x00,0x00,0x00,0x00,0xf1,0xff,
    0x39,0x00,0x00,0x00,0x00,0x00,0x00,0x00,0x00,0x00,0x00,0x00,0x00,0x00,0x00,0x00,
    0x26,0x01,0x00,0x00,0x00,0x00,0xf1,0xff,0x3b,0x00,0x00,0x00,0x00,0x00,0x00,0x00,
    0x00,0x00,0x00,0x00,0x00,0x00,0x00,0x00,0x22,0x00,0x00,0x00,0x00,0x00,0xf1,0xff,
    0x3f,0x00,0x00,0x00,0x00,0x00,0x00,0x00,0x00,0x00,0x00,0x00,0x00,0x00,0x00,0x00,
    0xd3,0x04,0x00,0x00,0x00,0x00,0xf1,0xff,0x42,0x00,0x00,0x00,0x00,0x00,0x00,0x00,
    0x00,0x00,0x00,0x00,0x00,0x00,0x00,0x00,0x96,0x03,0x00,0x00,0x00,0x00,0xf1,0xff,
    0x48,0x00,0x00,0x00,0x00,0x00,0x00,0x00,0x00,0x00,0x00,0x00,0x00,0x00,0x00,0x00,
    0xa6,0x01,0x00,0x00,0x00,0x00,0xf1,0xff,0x4a,0x00,0x00,0x00,0x00,0x00,0x00,0x00,
    0x00,0x00,0x00,0x00,0x00,0x00,0x00,0x00,0x44,0x05,0x00,0x00,0x00,0x00,0xf1,0xff,
    0x00,0x00,0x00,0x00,0x00,0x00,0x00,0x00,0x00,0x00,0x00,0x00,0x00,0x00,0x00,0x00,
    0x1d,0x00,0x00,0x00,0x00,0x00,0xf1,0xff,0x02,0x00,0x00,0x00,0x00,0x00,0x00,0x00,
    0x00,0x00,0x00,0x00,0x00,0x00,0x00,0x00,0x0f,0x00,0x00,0x00,0x00,0x00,0xf1,0xff,
    0x03,0x00,0x00,0x00,0x00,0x00,0x00,0x00,0x00,0x00,0x00,0x00,0x00,0x00,0x00,0x00,
    0x01,0x00,0x00,0x00,0x00,0x00,0xf1,0xff,0x04,0x00,0x00,0x00,0x00,0x00,0x00,0x00,
    0x00,0x00,0x00,0x00,0x00,0x00,0x00,0x00,0x33,0x02,0x00,0x00,0x00,0x00,0xf1,0xff,
    0x05,0x00,0x00,0x00,0x00,0x00,0x00,0x00,0x00,0x00,0x00,0x00,0x00,0x00,0x00,0x00,
    0x83,0x01,0x00,0x00,0x00,0x00,0xf1,0xff,0x06,0x00,0x00,0x00,0x00,0x00,0x00,0x00,
    0x00,0x00,0x00,0x00,0x00,0x00,0x00,0x00,0x8d,0x03,0x00,0x00,0x00,0x00,0xf1,0xff,
    0x07,0x00,0x00,0x00,0x00,0x00,0x00,0x00,0x00,0x00,0x00,0x00,0x00,0x00,0x00,0x00,
    0xcc,0x02,0x00,0x00,0x00,0x00,0xf1,0xff,0x08,0x00,0x00,0x00,0x00,0x00,0x00,0x00,
    0x00,0x00,0x00,0x00,0x00,0x00,0x00,0x00,0xc7,0x02,0x00,0x00,0x00,0x00,0xf1,0xff,
    0x09,0x00,0x00,0x00,0x00,0x00,0x00,0x00,0x00,0x00,0x00,0x00,0x00,0x00,0x00,0x00,
    0x12,0x02,0x00,0x00,0x00,0x00,0xf1,0xff,0x0a,0x00,0x00,0x00,0x00,0x00,0x00,0x00,
    0x00,0x00,0x00,0x00,0x00,0x00,0x00,0x00,0x6c,0x02,0x00,0x00,0x00,0x00,0xf1,0xff,
    0x0b,0x00,0x00,0x00,0x00,0x00,0x00,0x00,0x00,0x00,0x00,0x00,0x00,0x00,0x00,0x00,
    0xa9,0x04,0x00,0x00,0x00,0x00,0xf1,0xff,0x0c,0x00,0x00,0x00,0x00,0x00,0x00,0x00,
    0x00,0x00,0x00,0x00,0x00,0x00,0x00,0x00,0x89,0x03,0x00,0x00,0x00,0x00,0xf1,0xff,
    0x0d,0x00,0x00,0x00,0x00,0x00,0x00,0x00,0x00,0x00,0x00,0x00,0x00,0x00,0x00,0x00,
    0xeb,0x01,0x00,0x00,0x00,0x00,0xf1,0xff,0x0e,0x00,0x00,0x00,0x00,0x00,0x00,0x00,
    0x00,0x00,0x00,0x00,0x00,0x00,0x00,0x00,0xc7,0x01,0x00,0x00,0x00,0x00,0xf1,0xff,
    0x0f,0x00,0x00,0x00,0x00,0x00,0x00,0x00,0x00,0x00,0x00,0x00,0x00,0x00,0x00,0x00,
    0x25,0x02,0x00,0x00,0x00,0x00,0xf1,0xff,0x10,0x00,0x00,0x00,0x00,0x00,0x00,0x00,
    0x00,0x00,0x00,0x00,0x00,0x00,0x00,0x00,0xad,0x04,0x00,0x00,0x00,0x00,0xf1,0xff,
    0x11,0x00,0x00,0x00,0x00,0x00,0x00,0x00,0x00,0x00,0x00,0x00,0x00,0x00,0x00,0x00,
    0xf7,0x02,0x00,0x00,0x00,0x00,0xf1,0xff,0x12,0x00,0x00,0x00,0x00,0x00,0x00,0x00,
    0x00,0x00,0x00,0x00,0x00,0x00,0x00,0x00,0x80,0x00,0x00,0x00,0x00,0x00,0xf1,0xff,
    0x13,0x00,0x00,0x00,0x00,0x00,0x00,0x00,0x00,0x00,0x00,0x00,0x00,0x00,0x00,0x00,
    0x16,0x02,0x00,0x00,0x00,0x00,0xf1,0xff,0x14,0x00,0x00,0x00,0x00,0x00,0x00,0x00,
    0x00,0x00,0x00,0x00,0x00,0x00,0x00,0x00,0x9a,0x02,0x00,0x00,0x00,0x00,0xf1,0xff,
    0x15,0x00,0x00,0x00,0x00,0x00,0x00,0x00,0x00,0x00,0x00,0x00,0x00,0x00,0x00,0x00,
    0xe8,0x02,0x00,0x00,0x00,0x00,0xf1,0xff,0x16,0x00,0x00,0x00,0x00,0x00,0x00,0x00,
    0x00,0x00,0x00,0x00,0x00,0x00,0x00,0x00,0x71,0x00,0x00,0x00,0x00,0x00,0xf1,0xff,
    0x17,0x00,0x00,0x00,0x00,0x00,0x00,0x00,0x00,0x00,0x00,0x00,0x00,0x00,0x00,0x00,
    0x4d,0x00,0x00,0x00,0x00,0x00,0xf1,0xff,0x18,0x00,0x00,0x00,0x00,0x00,0x00,0x00,
    0x00,0x00,0x00,0x00,0x00,0x00,0x00,0x00,0x36,0x00,0x00,0x00,0x00,0x00,0xf1,0xff,
    0x19,0x00,0x00,0x00,0x00,0x00,0x00,0x00,0x00,0x00,0x00,0x00,0x00,0x00,0x00,0x00,
    0x59,0x00,0x00,0x00,0x00,0x00,0xf1,0xff,0x1a,0x00,0x00,0x00,0x00,0x00,0x00,0x00,
    0x00,0x00,0x00,0x00,0x00,0x00,0x00,0x00,0x44,0x00,0x00,0x00,0x00,0x00,0xf1,0xff,
    0x1b,0x00,0x00,0x00,0x00,0x00,0x00,0x00,0x00,0x00,0x00,0x00,0x00,0x00,0x00,0x00,
    0xf9,0x01,0x00,0x00,0x00,0x00,0xf1,0xff,0x1c,0x00,0x00,0x00,0x00,0x00,0x00,0x00,
    0x00,0x00,0x00,0x00,0x00,0x00,0x00,0x00,0xd1,0x02,0x00,0x00,0x00,0x00,0xf1,0xff,
    0x20,0x00,0x00,0x00,0x00,0x00,0x00,0x00,0x00,0x00,0x00,0x00,0x00,0x00,0x00,0x00,
    0x94,0x00,0x00,0x00,0x00,0x00,0xf1,0xff,0x24,0x00,0x00,0x00,0x00,0x00,0x00,0x00,
    0x00,0x00,0x00,0x00,0x00,0x00,0x00,0x00,0x7a,0x01,0x00,0x00,0x00,0x00,0xf1,0xff,
    0x28,0x00,0x00,0x00,0x00,0x00,0x00,0x00,0x00,0x00,0x00,0x00,0x00,0x00,0x00,0x00,
    0x0f,0x06,0x00,0x00,0x00,0x00,0xf1,0xff,0x2c,0x00,0x00,0x00,0x00,0x00,0x00,0x00,
    0x00,0x00,0x00,0x00,0x00,0x00,0x00,0x00,0x8c,0x05,0x00,0x00,0x00,0x00,0xf1,0xff,
    0x2d,0x00,0x00,0x00,0x00,0x00,0x00,0x00,0x00,0x00,0x00,0x00,0x00,0x00,0x00,0x00,
    0x73,0x05,0x00,0x00,0x00,0x00,0xf1,0xff,0x2e,0x00,0x00,0x00,0x00,0x00,0x00,0x00,
    0x00,0x00,0x00,0x00,0x00,0x00,0x00,0x00,0x69,0x05,0x00,0x00,0x00,0x00,0xf1,0xff,
    0x2f,0x00,0x00,0x00,0x00,0x00,0x00,0x00,0x00,0x00,0x00,0x00,0x00,0x00,0x00,0x00,
    0x5f,0x05,0x00,0x00,0x00,0x00,0xf1,0xff,0x30,0x00,0x00,0x00,0x00,0x00,0x00,0x00,
    0x00,0x00,0x00,0x00,0x00,0x00,0x00,0x00,0x55,0x05,0x00,0x00,0x00,0x00,0xf1,0xff,
    0x31,0x00,0x00,0x00,0x00,0x00,0x00,0x00,0x00,0x00,0x00,0x00,0x00,0x00,0x00,0x00,
    0x00,0x06,0x00,0x00,0x00,0x00,0xf1,0xff,0x32,0x00,0x00,0x00,0x00,0x00,0x00,0x00,
    0x00,0x00,0x00,0x00,0x00,0x00,0x00,0x00,0x7d,0x05,0x00,0x00,0x00,0x00,0xf1,0xff,
    0x33,0x00,0x00,0x00,0x00,0x00,0x00,0x00,0x00,0x00,0x00,0x00,0x00,0x00,0x00,0x00,
    0xb8,0x02,0x00,0x00,0x00,0x00,0xf1,0xff,0x34,0x00,0x00,0x00,0x00,0x00,0x00,0x00,
    0x00,0x00,0x00,0x00,0x00,0x00,0x00,0x00,0x98,0x01,0x00,0x00,0x00,0x00,0xf1,0xff,
    0x35,0x00,0x00,0x00,0x00,0x00,0x00,0x00,0x00,0x00,0x00,0x00,0x00,0x00,0x00,0x00,
    0x8a,0x01,0x00,0x00,0x00,0x00,0xf1,0xff,0x36,0x00,0x00,0x00,0x00,0x00,0x00,0x00,
    0x00,0x00,0x00,0x00,0x00,0x00,0x00,0x00,0x56,0x02,0x00,0x00,0x00,0x00,0xf1,0xff,
    0x37,0x00,0x00,0x00,0x00,0x00,0x00,0x00,0x00,0x00,0x00,0x00,0x00,0x00,0x00,0x00,
    0x0b,0x05,0x00,0x00,0x00,0x00,0xf1,0xff,0x38,0x00,0x00,0x00,0x00,0x00,0x00,0x00,
    0x00,0x00,0x00,0x00,0x00,0x00,0x00,0x00,0xa9,0x02,0x00,0x00,0x00,0x00,0xf1,0xff,
    0x39,0x00,0x00,0x00,0x00,0x00,0x00,0x00,0x00,0x00,0x00,0x00,0x00,0x00,0x00,0x00,
    0x70,0x02,0x00,0x00,0x00,0x00,0xf1,0xff,0x3a,0x00,0x00,0x00,0x00,0x00,0x00,0x00,
    0x00,0x00,0x00,0x00,0x00,0x00,0x00,0x00,0xbb,0x04,0x00,0x00,0x00,0x00,0xf1,0xff,
    0x3b,0x00,0x00,0x00,0x00,0x00,0x00,0x00,0x00,0x00,0x00,0x00,0x00,0x00,0x00,0x00,
    0xe3,0x04,0x00,0x00,0x00,0x00,0xf1,0xff,0x3c,0x00,0x00,0x00,0x00,0x00,0x00,0x00,
    0x00,0x00,0x00,0x00,0x00,0x00,0x00,0x00,0xcc,0x01,0x00,0x00,0x00,0x00,0xf1,0xff,
    0x3d,0x00,0x00,0x00,0x00,0x00,0x00,0x00,0x00,0x00,0x00,0x00,0x00,0x00,0x00,0x00,
    0x1a,0x01,0x00,0x00,0x00,0x00,0xf1,0xff,0x3e,0x00,0x00,0x00,0x00,0x00,0x00,0x00,
    0x00,0x00,0x00,0x00,0x00,0x00,0x00,0x00,0x40,0x01,0x00,0x00,0x00,0x00,0xf1,0xff,
    0x3f,0x00,0x00,0x00,0x00,0x00,0x00,0x00,0x00,0x00,0x00,0x00,0x00,0x00,0x00,0x00,
    0x62,0x00,0x00,0x00,0x00,0x00,0xf1,0xff,0x10,0x00,0x00,0x00,0x00,0x00,0x00,0x00,
    0x00,0x00,0x00,0x00,0x00,0x00,0x00,0x00,0xd9,0x02,0x00,0x00,0x00,0x00,0xf1,0xff,
    0x13,0x00,0x00,0x00,0x00,0x00,0x00,0x00,0x00,0x00,0x00,0x00,0x00,0x00,0x00,0x00,
    0xe0,0x01,0x00,0x00,0x00,0x00,0xf1,0xff,0x40,0x00,0x00,0x00,0x00,0x00,0x00,0x00,
    0x00,0x00,0x00,0x00,0x00,0x00,0x00,0x00,0xbc,0x01,0x00,0x00,0x00,0x00,0xf1,0xff,
    0x41,0x00,0x00,0x00,0x00,0x00,0x00,0x00,0x00,0x00,0x00,0x00,0x00,0x00,0x00,0x00,
    0xac,0x01,0x00,0x00,0x00,0x00,0xf1,0xff,0x42,0x00,0x00,0x00,0x00,0x00,0x00,0x00,
    0x00,0x00,0x00,0x00,0x00,0x00,0x00,0x00,0xb3,0x03,0x00,0x00,0x00,0x00,0x02,0x00,
    0xc8,0x06,0x00,0x00,0x00,0x00,0x00,0x00,0x00,0x00,0x00,0x00,0x00,0x00,0x00,0x00,
    0xa5,0x00,0x00,0x00,0x00,0x00,0x02,0x00,0x94,0x05,0x00,0x00,0x00,0x00,0x00,0x00,
    0x00,0x00,0x00,0x00,0x00,0x00,0x00,0x00,0x05,0x03,0x00,0x00,0x00,0x00,0x02,0x00,
    0xa0,0x06,0x00,0x00,0x00,0x00,0x00,0x00,0x00,0x00,0x00,0x00,0x00,0x00,0x00,0x00,
    0x96,0x05,0x00,0x00,0x12,0x03,0x02,0x00,0x00,0x00,0x00,0x00,0x00,0x00,0x00,0x00,
    0x00,0x00,0x00,0x00,0x00,0x00,0x00,0x00,0x2f,0x04,0x00,0x00,0x11,0x00,0x03,0x00,
    0x00,0x00,0x00,0x00,0x00,0x00,0x00,0x00,0x40,0x00,0x00,0x00,0x00,0x00,0x00,0x00,
    0x10,0x00,0x00,0x00,0x00,0x00,0x00,0x00,0x05,0x00,0x00,0x00,0x5f,0x00,0x00,0x00,
    0x10,0x00,0x00,0x00,0x00,0x00,0x00,0x00,0x00,0x73,0x5f,0x62,0x7a,0x00,0x76,0x5f,
    0x67,0x74,0x63,0x5f,0x69,0x79,0x00,0x73,0x5f,0x62,0x79,0x00,0x76,0x5f,0x67,0x74,
    0x63,0x5f,0x69,0x78,0x00,0x73,0x5f,0x62,0x78,0x00,0x76,0x5f,0x64,0x69,0x66,0x66,
    0x5f,0x69,0x6e,0x5f,0x69,0x77,0x69,0x5f,0x61,0x63,0x63,0x5f,0x78,0x00,0x73,0x5f,
    0x64,0x69,0x6c,0x61,0x74,0x69,0x6f,0x6e,0x5f,0x68,0x77,0x00,0x73,0x5f,0x77,0x65,
    0x69,0x5f,0x68,0x77,0x00,0x73,0x5f,0x73,0x74,0x72,0x69,0x64,0x65,0x5f,0x68,0x77,
    0x00,0x73,0x5f,0x70,0x61,0x64,0x5f,0x68,0x77,0x00,0x73,0x5f,0x78,0x5f,0x64,0x69,
    0x6c,0x61,0x74,0x69,0x6f,0x6e,0x5f,0x77,0x00,0x73,0x5f,0x6f,0x75,0x74,0x5f,0x73,
    0x74,0x72,0x69,0x64,0x65,0x5f,0x77,0x00,0x73,0x5f,0x69,0x6e,0x5f,0x73,0x74,0x72,
    0x69,0x64,0x65,0x5f,0x77,0x00,0x2e,0x74,0x65,0x78,0x74,0x00,0x73,0x5f,0x70,0x5f,
    0x6f,0x75,0x74,0x00,0x76,0x5f,0x63,0x6f,0x5f,0x73,0x73,0x74,0x00,0x63,0x6f,0x6e,
    0x76,0x5f,0x66,0x77,0x64,0x5f,0x72,0x65,0x6c,0x75,0x5f,0x62,0x69,0x61,0x73,0x5f,
    0x67,0x74,0x63,0x77,0x33,0x5f,0x6e,0x68,0x77,0x63,0x5f,0x66,0x70,0x31,0x36,0x78,
    0x38,0x5f,0x65,0x78,0x30,0x5f,0x62,0x74,0x33,0x32,0x78,0x36,0x34,0x78,0x33,0x32,
    0x5f,0x77,0x72,0x31,0x78,0x32,0x5f,0x77,0x6e,0x32,0x78,0x32,0x5f,0x74,0x61,0x31,
    0x78,0x38,0x78,0x31,0x78,0x31,0x5f,0x31,0x78,0x34,0x78,0x31,0x78,0x33,0x32,0x5f,
    0x74,0x62,0x31,0x78,0x38,0x78,0x32,0x78,0x31,0x5f,0x31,0x78,0x34,0x78,0x31,0x78,
    0x33,0x32,0x5f,0x6d,0x62,0x30,0x5f,0x6c,0x6f,0x6f,0x70,0x5f,0x73,0x74,0x61,0x72,
    0x74,0x00,0x73,0x5f,0x69,0x6e,0x5f,0x6f,0x66,0x66,0x73,0x65,0x74,0x00,0x76,0x5f,
    0x6f,0x75,0x74,0x5f,0x6f,0x73,0x00,0x76,0x5f,0x69,0x6e,0x5f,0x6f,0x73,0x00,0x76,
    0x5f,0x77,0x65,0x69,0x5f,0x6f,0x73,0x00,0x73,0x5f,0x77,0x65,0x69,0x5f,0x62,0x61,
    0x73,0x65,0x5f,0x6f,0x73,0x00,0x76,0x5f,0x73,0x73,0x74,0x5f,0x62,0x5f,0x6f,0x73,
    0x00,0x76,0x5f,0x73,0x6c,0x64,0x5f,0x62,0x5f,0x6f,0x73,0x00,0x76,0x5f,0x73,0x73,
    0x74,0x5f,0x61,0x5f,0x6f,0x73,0x00,0x76,0x5f,0x73,0x6c,0x64,0x5f,0x61,0x5f,0x6f,
    0x73,0x00,0x73,0x5f,0x70,0x5f,0x62,0x69,0x61,0x73,0x00,0x73,0x5f,0x6b,0x69,0x74,
    0x72,0x00,0x73,0x5f,0x6b,0x5f,0x70,0x65,0x72,0x5f,0x67,0x72,0x6f,0x75,0x70,0x00,
    0x73,0x5f,0x63,0x5f,0x70,0x65,0x72,0x5f,0x67,0x72,0x6f,0x75,0x70,0x00,0x76,0x5f,
    0x74,0x6d,0x70,0x00,0x73,0x5f,0x74,0x6d,0x70,0x00,0x76,0x5f,0x6f,0x75,0x74,0x5f,
    0x69,0x77,0x6f,0x00,0x73,0x5f,0x73,0x68,0x69,0x66,0x74,0x5f,0x77,0x6f,0x00,0x73,
    0x5f,0x77,0x6f,0x00,0x73,0x5f,0x6e,0x5f,0x68,0x6f,0x5f,0x77,0x6f,0x00,0x76,0x5f,
    0x6f,0x75,0x74,0x5f,0x69,0x68,0x6f,0x00,0x73,0x5f,0x73,0x68,0x69,0x66,0x74,0x5f,
    0x68,0x6f,0x00,0x73,0x5f,0x68,0x6f,0x00,0x76,0x5f,0x6f,0x75,0x74,0x5f,0x69,0x6e,
    0x00,0x73,0x5f,0x70,0x5f,0x69,0x6e,0x00,0x76,0x5f,0x69,0x6e,0x5f,0x69,0x6e,0x00,
    0x76,0x5f,0x67,0x65,0x6d,0x6d,0x5f,0x69,0x6e,0x00,0x73,0x5f,0x6e,0x00,0x73,0x5f,
    0x6f,0x75,0x74,0x5f,0x73,0x74,0x72,0x69,0x64,0x65,0x5f,0x6e,0x00,0x73,0x5f,0x69,
    0x6e,0x5f,0x73,0x74,0x72,0x69,0x64,0x65,0x5f,0x6e,0x00,0x73,0x5f,0x6b,0x6e,0x75,
    0x6d,0x00,0x76,0x5f,0x67,0x65,0x6d,0x6d,0x5f,0x69,0x6d,0x00,0x76,0x5f,0x6f,0x75,
    0x74,0x5f,0x69,0x6b,0x00,0x76,0x5f,0x77,0x65,0x69,0x5f,0x69,0x6b,0x00,0x73,0x5f,
    0x62,0x6c,0x6f,0x63,0x6b,0x5f,0x67,0x74,0x63,0x5f,0x69,0x6b,0x00,0x76,0x5f,0x6f,
    0x75,0x74,0x5f,0x6f,0x73,0x5f,0x6b,0x00,0x73,0x5f,0x6d,0x6f,0x76,0x65,0x5f,0x73,
    0x6c,0x69,0x63,0x65,0x5f,0x6b,0x5f,0x73,0x74,0x72,0x69,0x64,0x65,0x5f,0x67,0x65,
    0x6d,0x6d,0x5f,0x6b,0x00,0x76,0x5f,0x6f,0x75,0x74,0x5f,0x66,0x6c,0x61,0x67,0x5f,
    0x6b,0x00,0x73,0x5f,0x6f,0x75,0x74,0x5f,0x73,0x74,0x72,0x69,0x64,0x65,0x5f,0x6b,
    0x00,0x73,0x5f,0x77,0x65,0x69,0x5f,0x73,0x74,0x72,0x69,0x64,0x65,0x5f,0x6b,0x00,
    0x73,0x5f,0x6d,0x6f,0x76,0x65,0x5f,0x73,0x6c,0x69,0x63,0x65,0x5f,0x6b,0x00,0x73,
    0x5f,0x77,0x69,0x00,0x73,0x5f,0x68,0x69,0x00,0x73,0x5f,0x70,0x5f,0x77,0x65,0x69,
    0x00,0x73,0x5f,0x79,0x5f,0x64,0x69,0x6c,0x61,0x74,0x69,0x6f,0x6e,0x5f,0x68,0x00,
    0x73,0x5f,0x6f,0x75,0x74,0x5f,0x73,0x74,0x72,0x69,0x64,0x65,0x5f,0x68,0x00,0x73,
    0x5f,0x69,0x6e,0x5f,0x73,0x74,0x72,0x69,0x64,0x65,0x5f,0x68,0x00,0x63,0x6f,0x6e,
    0x76,0x5f,0x66,0x77,0x64,0x5f,0x72,0x65,0x6c,0x75,0x5f,0x62,0x69,0x61,0x73,0x5f,
    0x67,0x74,0x63,0x77,0x33,0x5f,0x6e,0x68,0x77,0x63,0x5f,0x66,0x70,0x31,0x36,0x78,
    0x38,0x5f,0x65,0x78,0x30,0x5f,0x62,0x74,0x33,0x32,0x78,0x36,0x34,0x78,0x33,0x32,
    0x5f,0x77,0x72,0x31,0x78,0x32,0x5f,0x77,0x6e,0x32,0x78,0x32,0x5f,0x74,0x61,0x31,
    0x78,0x38,0x78,0x31,0x78,0x31,0x5f,0x31,0x78,0x34,0x78,0x31,0x78,0x33,0x32,0x5f,
    0x74,0x62,0x31,0x78,0x38,0x78,0x32,0x78,0x31,0x5f,0x31,0x78,0x34,0x78,0x31,0x78,
    0x33,0x32,0x5f,0x6d,0x62,0x30,0x5f,0x6c,0x6f,0x6f,0x70,0x5f,0x66,0x69,0x6e,0x69,
    0x73,0x68,0x69,0x6e,0x67,0x00,0x76,0x5f,0x6f,0x75,0x74,0x5f,0x66,0x6c,0x61,0x67,
    0x00,0x73,0x5f,0x67,0x00,0x73,0x5f,0x30,0x78,0x66,0x66,0x66,0x66,0x00,0x76,0x5f,
    0x62,0x69,0x61,0x73,0x5f,0x76,0x61,0x6c,0x75,0x65,0x00,0x2e,0x6e,0x6f,0x74,0x65,
    0x00,0x76,0x5f,0x67,0x74,0x63,0x5f,0x69,0x63,0x65,0x00,0x63,0x6f,0x6e,0x76,0x5f,
    0x66,0x77,0x64,0x5f,0x72,0x65,0x6c,0x75,0x5f,0x62,0x69,0x61,0x73,0x5f,0x67,0x74,
    0x63,0x77,0x33,0x5f,0x6e,0x68,0x77,0x63,0x5f,0x66,0x70,0x31,0x36,0x78,0x38,0x5f,
    0x65,0x78,0x30,0x5f,0x62,0x74,0x33,0x32,0x78,0x36,0x34,0x78,0x33,0x32,0x5f,0x77,
    0x72,0x31,0x78,0x32,0x5f,0x77,0x6e,0x32,0x78,0x32,0x5f,0x74,0x61,0x31,0x78,0x38,
    0x78,0x31,0x78,0x31,0x5f,0x31,0x78,0x34,0x78,0x31,0x78,0x33,0x32,0x5f,0x74,0x62,
    0x31,0x78,0x38,0x78,0x32,0x78,0x31,0x5f,0x31,0x78,0x34,0x78,0x31,0x78,0x33,0x32,
    0x5f,0x6d,0x62,0x30,0x5f,0x6c,0x6f,0x6f,0x70,0x5f,0x65,0x6e,0x64,0x00,0x76,0x5f,
    0x63,0x6f,0x5f,0x73,0x6c,0x64,0x00,0x63,0x6f,0x6e,0x76,0x5f,0x66,0x77,0x64,0x5f,
    0x72,0x65,0x6c,0x75,0x5f,0x62,0x69,0x61,0x73,0x5f,0x67,0x74,0x63,0x77,0x33,0x5f,
    0x6e,0x68,0x77,0x63,0x5f,0x66,0x70,0x31,0x36,0x78,0x38,0x5f,0x65,0x78,0x30,0x5f,
    0x62,0x74,0x33,0x32,0x78,0x36,0x34,0x78,0x33,0x32,0x5f,0x77,0x72,0x31,0x78,0x32,
    0x5f,0x77,0x6e,0x32,0x78,0x32,0x5f,0x74,0x61,0x31,0x78,0x38,0x78,0x31,0x78,0x31,
    0x5f,0x31,0x78,0x34,0x78,0x31,0x78,0x33,0x32,0x5f,0x74,0x62,0x31,0x78,0x38,0x78,
    0x32,0x78,0x31,0x5f,0x31,0x78,0x34,0x78,0x31,0x78,0x33,0x32,0x5f,0x6d,0x62,0x30,
    0x2e,0x6b,0x64,0x00,0x76,0x5f,0x67,0x74,0x63,0x5f,0x69,0x63,0x00,0x76,0x5f,0x63,
    0x00,0x73,0x5f,0x63,0x00,0x73,0x5f,0x69,0x6e,0x5f,0x73,0x74,0x72,0x69,0x64,0x65,
    0x5f,0x63,0x00,0x73,0x5f,0x6d,0x6f,0x76,0x65,0x5f,0x73,0x6c,0x69,0x63,0x65,0x5f,
    0x6b,0x5f,0x73,0x74,0x72,0x69,0x64,0x65,0x5f,0x63,0x00,0x76,0x5f,0x64,0x69,0x66,
    0x66,0x5f,0x69,0x6e,0x5f,0x61,0x63,0x63,0x5f,0x63,0x00,0x73,0x5f,0x6d,0x6f,0x76,
    0x65,0x5f,0x73,0x6c,0x69,0x63,0x65,0x5f,0x6b,0x5f,0x61,0x63,0x63,0x5f,0x63,0x00,
    0x76,0x5f,0x6f,0x75,0x74,0x5f,0x69,0x6e,0x62,0x00,0x76,0x5f,0x69,0x6e,0x5f,0x69,
    0x6e,0x62,0x00,0x73,0x5f,0x62,0x6c,0x6f,0x63,0x6b,0x5f,0x67,0x74,0x63,0x5f,0x69,
    0x6e,0x62,0x00,0x2e,0x73,0x74,0x72,0x74,0x61,0x62,0x00,0x2e,0x73,0x79,0x6d,0x74,
    0x61,0x62,0x00,0x76,0x5f,0x62,0x00,0x76,0x5f,0x67,0x6c,0x64,0x5f,0x62,0x00,0x2e,
    0x72,0x65,0x6c,0x61,0x2e,0x72,0x6f,0x64,0x61,0x74,0x61,0x00,0x73,0x5f,0x6b,0x61,
    0x00,0x76,0x5f,0x61,0x00,0x76,0x5f,0x67,0x6c,0x64,0x5f,0x61,0x00,0x73,0x5f,0x6d,
    0x61,0x67,0x69,0x63,0x5f,0x35,0x00,0x73,0x5f,0x6d,0x61,0x67,0x69,0x63,0x5f,0x34,
    0x00,0x73,0x5f,0x6d,0x61,0x67,0x69,0x63,0x5f,0x33,0x00,0x73,0x5f,0x6d,0x61,0x67,
    0x69,0x63,0x5f,0x32,0x00,0x73,0x5f,0x73,0x68,0x69,0x66,0x74,0x5f,0x70,0x61,0x63,
    0x6b,0x5f,0x31,0x00,0x73,0x5f,0x6d,0x61,0x67,0x69,0x63,0x5f,0x31,0x00,0x63,0x6f,
    0x6e,0x76,0x5f,0x66,0x77,0x64,0x5f,0x72,0x65,0x6c,0x75,0x5f,0x62,0x69,0x61,0x73,
    0x5f,0x67,0x74,0x63,0x77,0x33,0x5f,0x6e,0x68,0x77,0x63,0x5f,0x66,0x70,0x31,0x36,
    0x78,0x38,0x5f,0x65,0x78,0x30,0x5f,0x62,0x74,0x33,0x32,0x78,0x36,0x34,0x78,0x33,
    0x32,0x5f,0x77,0x72,0x31,0x78,0x32,0x5f,0x77,0x6e,0x32,0x78,0x32,0x5f,0x74,0x61,
    0x31,0x78,0x38,0x78,0x31,0x78,0x31,0x5f,0x31,0x78,0x34,0x78,0x31,0x78,0x33,0x32,
    0x5f,0x74,0x62,0x31,0x78,0x38,0x78,0x32,0x78,0x31,0x5f,0x31,0x78,0x34,0x78,0x31,
    0x78,0x33,0x32,0x5f,0x6d,0x62,0x30,0x00,0x73,0x5f,0x73,0x68,0x69,0x66,0x74,0x5f,
    0x70,0x61,0x63,0x6b,0x5f,0x30,0x00,0x73,0x5f,0x6d,0x61,0x67,0x69,0x63,0x5f,0x30,
    0x00,0x00,0x00,0x00,0x00,0x00,0x00,0x00,0x00,0x00,0x00,0x00,0x00,0x00,0x00,0x00,
    0x00,0x00,0x00,0x00,0x00,0x00,0x00,0x00,0x00,0x00,0x00,0x00,0x00,0x00,0x00,0x00,
    0x00,0x00,0x00,0x00,0x00,0x00,0x00,0x00,0x00,0x00,0x00,0x00,0x00,0x00,0x00,0x00,
    0x00,0x00,0x00,0x00,0x00,0x00,0x00,0x00,0x00,0x00,0x00,0x00,0x00,0x00,0x00,0x00,
    0x00,0x00,0x00,0x00,0x00,0x00,0x00,0x00,0x1b,0x05,0x00,0x00,0x03,0x00,0x00,0x00,
    0x00,0x00,0x00,0x00,0x00,0x00,0x00,0x00,0x00,0x00,0x00,0x00,0x00,0x00,0x00,0x00,
    0x08,0x1f,0x00,0x00,0x00,0x00,0x00,0x00,0x19,0x06,0x00,0x00,0x00,0x00,0x00,0x00,
    0x00,0x00,0x00,0x00,0x00,0x00,0x00,0x00,0x01,0x00,0x00,0x00,0x00,0x00,0x00,0x00,
    0x00,0x00,0x00,0x00,0x00,0x00,0x00,0x00,0x8e,0x00,0x00,0x00,0x01,0x00,0x00,0x00,
    0x06,0x00,0x00,0x00,0x00,0x00,0x00,0x00,0x00,0x00,0x00,0x00,0x00,0x00,0x00,0x00,
    0x00,0x01,0x00,0x00,0x00,0x00,0x00,0x00,0x10,0x09,0x00,0x00,0x00,0x00,0x00,0x00,
    0x00,0x00,0x00,0x00,0x00,0x00,0x00,0x00,0x00,0x01,0x00,0x00,0x00,0x00,0x00,0x00,
    0x00,0x00,0x00,0x00,0x00,0x00,0x00,0x00,0x3c,0x05,0x00,0x00,0x01,0x00,0x00,0x00,
    0x02,0x00,0x00,0x00,0x00,0x00,0x00,0x00,0x00,0x00,0x00,0x00,0x00,0x00,0x00,0x00,
    0x40,0x0a,0x00,0x00,0x00,0x00,0x00,0x00,0x40,0x00,0x00,0x00,0x00,0x00,0x00,0x00,
    0x00,0x00,0x00,0x00,0x00,0x00,0x00,0x00,0x40,0x00,0x00,0x00,0x00,0x00,0x00,0x00,
    0x00,0x00,0x00,0x00,0x00,0x00,0x00,0x00,0x37,0x05,0x00,0x00,0x04,0x00,0x00,0x00,
    0x40,0x00,0x00,0x00,0x00,0x00,0x00,0x00,0x00,0x00,0x00,0x00,0x00,0x00,0x00,0x00,
    0xf0,0x1e,0x00,0x00,0x00,0x00,0x00,0x00,0x18,0x00,0x00,0x00,0x00,0x00,0x00,0x00,
    0x06,0x00,0x00,0x00,0x03,0x00,0x00,0x00,0x08,0x00,0x00,0x00,0x00,0x00,0x00,0x00,
    0x18,0x00,0x00,0x00,0x00,0x00,0x00,0x00,0xa3,0x03,0x00,0x00,0x07,0x00,0x00,0x00,
    0x02,0x00,0x00,0x00,0x00,0x00,0x00,0x00,0x00,0x00,0x00,0x00,0x00,0x00,0x00,0x00,
    0x80,0x0a,0x00,0x00,0x00,0x00,0x00,0x00,0x58,0x0b,0x00,0x00,0x00,0x00,0x00,0x00,
    0x00,0x00,0x00,0x00,0x00,0x00,0x00,0x00,0x04,0x00,0x00,0x00,0x00,0x00,0x00,0x00,
    0x00,0x00,0x00,0x00,0x00,0x00,0x00,0x00,0x23,0x05,0x00,0x00,0x02,0x00,0x00,0x00,
    0x00,0x00,0x00,0x00,0x00,0x00,0x00,0x00,0x00,0x00,0x00,0x00,0x00,0x00,0x00,0x00,
    0xd8,0x15,0x00,0x00,0x00,0x00,0x00,0x00,0x18,0x09,0x00,0x00,0x00,0x00,0x00,0x00,
    0x01,0x00,0x00,0x00,0x5f,0x00,0x00,0x00,0x08,0x00,0x00,0x00,0x00,0x00,0x00,0x00,
    0x18,0x00,0x00,0x00,0x00,0x00,0x00,0x00 
        },
        .m_kernelName = {},
        .m_compilerVersion = {},
        .m_codeObjectVersion = 0,
        .m_isRelocatable = true,
        .m_shaderType = ShaderTypesFlags::UNKNOWN
    };
    
} // namespace mlss::conv::one_by_one::misa::fp16::gfx1100
