/* Copyright (c) 2025 Advanced Micro Devices, Inc. All rights reserved. */
#pragma once

#include "shaders/shaders.hpp"

namespace mlss::conv::one_by_one::misa::fp16::gfx1201
{
    constexpr StaticShaderType<12216> MisaConv1x1_Elf =
    {
        .m_binary = {
    0x7f,0x45,0x4c,0x46,0x02,0x01,0x01,0x40,0x02,0x00,0x00,0x00,0x00,0x00,0x00,0x00,
    0x01,0x00,0xe0,0x00,0x01,0x00,0x00,0x00,0x00,0x00,0x00,0x00,0x00,0x00,0x00,0x00,
    0x00,0x00,0x00,0x00,0x00,0x00,0x00,0x00,0xf8,0x2d,0x00,0x00,0x00,0x00,0x00,0x00,
    0x4e,0x00,0x00,0x00,0x40,0x00,0x00,0x00,0x00,0x00,0x40,0x00,0x07,0x00,0x01,0x00,
    0x00,0x00,0x00,0x00,0x00,0x00,0x00,0x00,0x00,0x00,0x00,0x00,0x00,0x00,0x00,0x00,
    0x00,0x00,0x00,0x00,0x00,0x00,0x00,0x00,0x00,0x00,0x00,0x00,0x00,0x00,0x00,0x00,
    0x00,0x00,0x00,0x00,0x00,0x00,0x00,0x00,0x00,0x00,0x00,0x00,0x00,0x00,0x00,0x00,
    0x00,0x00,0x00,0x00,0x00,0x00,0x00,0x00,0x00,0x00,0x00,0x00,0x00,0x00,0x00,0x00,
    0x00,0x00,0x00,0x00,0x00,0x00,0x00,0x00,0x00,0x00,0x00,0x00,0x00,0x00,0x00,0x00,
    0x00,0x00,0x00,0x00,0x00,0x00,0x00,0x00,0x00,0x00,0x00,0x00,0x00,0x00,0x00,0x00,
    0x00,0x00,0x00,0x00,0x00,0x00,0x00,0x00,0x00,0x00,0x00,0x00,0x00,0x00,0x00,0x00,
    0x00,0x00,0x00,0x00,0x00,0x00,0x00,0x00,0x00,0x00,0x00,0x00,0x00,0x00,0x00,0x00,
    0x00,0x00,0x00,0x00,0x00,0x00,0x00,0x00,0x00,0x00,0x00,0x00,0x00,0x00,0x00,0x00,
    0x00,0x00,0x00,0x00,0x00,0x00,0x00,0x00,0x00,0x00,0x00,0x00,0x00,0x00,0x00,0x00,
    0x00,0x00,0x00,0x00,0x00,0x00,0x00,0x00,0x00,0x00,0x00,0x00,0x00,0x00,0x00,0x00,
    0x00,0x00,0x00,0x00,0x00,0x00,0x00,0x00,0x00,0x00,0x00,0x00,0x00,0x00,0x00,0x00,
    0x00,0x27,0x00,0xf4,0x00,0x00,0x00,0xf8,0x00,0x28,0x00,0xf4,0x08,0x00,0x00,0xf8,
    0x00,0x29,0x00,0xf4,0x10,0x00,0x00,0xf8,0x00,0x82,0x00,0xf4,0x20,0x00,0x00,0xf8,
    0x00,0x46,0x00,0xf4,0x60,0x00,0x00,0xf8,0x00,0x0c,0x00,0xf4,0x70,0x00,0x00,0xf8,
    0x00,0x6a,0x00,0xf4,0x74,0x00,0x00,0xf8,0x00,0x03,0x10,0x7f,0x9f,0x10,0x07,0x37,
    0x85,0x10,0x11,0x33,0x87,0x10,0xfd,0x36,0x00,0x03,0x10,0x7f,0x9f,0x10,0x03,0x37,
    0xff,0x00,0x87,0xbe,0xff,0xff,0x00,0x00,0x80,0x00,0xbd,0xbe,0x00,0x00,0xc7,0xbf,
    0x75,0x00,0x82,0xbe,0x73,0x00,0x83,0xbe,0x03,0xff,0x03,0x8b,0xff,0xff,0x00,0x00,
    0x73,0x90,0x04,0x85,0x2e,0xff,0x43,0x93,0x00,0x00,0x08,0x00,0x28,0x0c,0xc0,0x96,
    0x40,0x0c,0x40,0x80,0x40,0x43,0x31,0x85,0x28,0x0b,0xc0,0x96,0x40,0x0b,0x40,0x80,
    0x40,0x43,0x32,0x85,0x28,0x04,0xc0,0x96,0x40,0x04,0x40,0x80,0x40,0x43,0x45,0x85,
    0x0d,0x45,0x40,0x96,0x04,0x40,0xc4,0x80,0x31,0x81,0x40,0x84,0x32,0x00,0xa2,0xbe,
    0xff,0x00,0xa3,0xbe,0x00,0x00,0x02,0x00,0x40,0x90,0x42,0x84,0x21,0x42,0x21,0x8c,
    0x40,0x32,0x40,0x96,0x40,0x44,0x40,0x96,0x20,0x40,0x20,0x80,0x14,0x0a,0x40,0x96,
    0x40,0x45,0x42,0x96,0x40,0x45,0xc3,0x96,0x24,0x42,0x24,0x80,0x25,0x43,0x25,0x82,
    0x31,0x83,0x42,0x85,0x32,0x83,0x43,0x85,0x42,0x44,0x40,0x96,0x11,0x40,0x40,0x96,
    0x1c,0x40,0x1c,0x80,0x1d,0x80,0x1d,0x82,0x43,0x44,0x40,0x96,0x15,0x40,0x40,0x96,
    0x24,0x40,0x24,0x80,0x25,0x80,0x25,0x82,0x02,0xff,0x34,0x96,0x80,0x00,0x00,0x00,
    0x03,0xff,0x33,0x96,0x80,0x00,0x00,0x00,0x31,0x83,0x0c,0x85,0x7e,0x03,0xfa,0x7e,
    0x31,0x00,0x85,0xbe,0x31,0x81,0x35,0x84,0x33,0x06,0xf7,0x4a,0x84,0xfc,0xf8,0x30,
    0x35,0xa0,0x35,0x96,0x82,0x35,0x3b,0x96,0x83,0x35,0x3c,0x96,0x80,0x02,0xa6,0x7e,
    0x80,0x02,0xa8,0x7e,0x80,0x02,0xaa,0x7e,0x80,0x02,0xac,0x7e,0x80,0x02,0xae,0x7e,
    0x80,0x02,0xb0,0x7e,0x80,0x02,0xb2,0x7e,0x80,0x02,0xb4,0x7e,0x80,0x02,0xb6,0x7e,
    0x80,0x02,0xb8,0x7e,0x80,0x02,0xba,0x7e,0x80,0x02,0xbc,0x7e,0x80,0x02,0xbe,0x7e,
    0x80,0x02,0xc0,0x7e,0x80,0x02,0xc2,0x7e,0x80,0x02,0xc4,0x7e,0x3d,0xc0,0x05,0xc4,
    0x53,0x40,0x80,0xc0,0x7b,0x00,0x00,0x00,0x35,0xc0,0x05,0xc4,0x57,0x40,0x80,0xc0,
    0x7b,0x00,0x00,0x00,0x3b,0xc0,0x05,0xc4,0x5b,0x40,0x80,0xc0,0x7b,0x00,0x00,0x00,
    0x3c,0xc0,0x05,0xc4,0x5f,0x40,0x80,0xc0,0x7b,0x00,0x00,0x00,0x80,0x00,0xba,0xbe,
    0x10,0x0a,0x1e,0x96,0xff,0x00,0x9f,0xbe,0x00,0x00,0x02,0x30,0x08,0x90,0x08,0x84,
    0x80,0x00,0x81,0xbe,0x8d,0x00,0x55,0xd6,0x34,0x02,0x04,0x06,0x2e,0xff,0x43,0x93,
    0x18,0x00,0x08,0x00,0x8b,0x00,0x2d,0xd7,0x2b,0x1a,0x03,0x00,0x8b,0x1b,0x17,0x4b,
    0x43,0x16,0x19,0x33,0x8b,0x00,0x2c,0xd7,0x0f,0x18,0x03,0x00,0x8d,0x17,0x11,0x4d,
    0x2e,0xff,0x43,0x93,0x10,0x00,0x08,0x00,0x8b,0x00,0x2d,0xd7,0x2a,0x18,0x03,0x00,
    0x8b,0x19,0x17,0x4b,0x43,0x16,0x05,0x33,0x8b,0x00,0x2c,0xd7,0x0e,0x04,0x03,0x00,
    0x8c,0x17,0x13,0x4d,0x8d,0x00,0x2c,0xd7,0x10,0x04,0x03,0x00,0x8c,0x00,0x2c,0xd7,
    0x11,0xfa,0x02,0x00,0x8b,0x00,0x2c,0xd7,0x12,0x12,0x03,0x00,0x8a,0x00,0x2c,0xd7,
    0x13,0x10,0x03,0x00,0x77,0x00,0x55,0xd6,0x8d,0x19,0x2f,0x06,0x8a,0xef,0xee,0x4a,
    0xa0,0x00,0x81,0xbe,0x8d,0x00,0x55,0xd6,0x34,0x02,0x04,0x06,0x2e,0xff,0x43,0x93,
    0x18,0x00,0x08,0x00,0x8b,0x00,0x2d,0xd7,0x2b,0x1a,0x03,0x00,0x8b,0x1b,0x17,0x4b,
    0x43,0x16,0x19,0x33,0x8b,0x00,0x2c,0xd7,0x0f,0x18,0x03,0x00,0x8d,0x17,0x11,0x4d,
    0x2e,0xff,0x43,0x93,0x10,0x00,0x08,0x00,0x8b,0x00,0x2d,0xd7,0x2a,0x18,0x03,0x00,
    0x8b,0x19,0x17,0x4b,0x43,0x16,0x05,0x33,0x8b,0x00,0x2c,0xd7,0x0e,0x04,0x03,0x00,
    0x8c,0x17,0x13,0x4d,0x8d,0x00,0x2c,0xd7,0x10,0x04,0x03,0x00,0x8c,0x00,0x2c,0xd7,
    0x11,0xfa,0x02,0x00,0x8b,0x00,0x2c,0xd7,0x12,0x12,0x03,0x00,0x8a,0x00,0x2c,0xd7,
    0x13,0x10,0x03,0x00,0x78,0x00,0x55,0xd6,0x8d,0x19,0x2f,0x06,0x8a,0xf1,0xf0,0x4a,
    0xc0,0x00,0x81,0xbe,0x8d,0x00,0x55,0xd6,0x34,0x02,0x04,0x06,0x2e,0xff,0x43,0x93,
    0x18,0x00,0x08,0x00,0x8b,0x00,0x2d,0xd7,0x2b,0x1a,0x03,0x00,0x8b,0x1b,0x17,0x4b,
    0x43,0x16,0x19,0x33,0x8b,0x00,0x2c,0xd7,0x0f,0x18,0x03,0x00,0x8d,0x17,0x11,0x4d,
    0x2e,0xff,0x43,0x93,0x10,0x00,0x08,0x00,0x8b,0x00,0x2d,0xd7,0x2a,0x18,0x03,0x00,
    0x8b,0x19,0x17,0x4b,0x43,0x16,0x05,0x33,0x8b,0x00,0x2c,0xd7,0x0e,0x04,0x03,0x00,
    0x8c,0x17,0x13,0x4d,0x8d,0x00,0x2c,0xd7,0x10,0x04,0x03,0x00,0x8c,0x00,0x2c,0xd7,
    0x11,0xfa,0x02,0x00,0x8b,0x00,0x2c,0xd7,0x12,0x12,0x03,0x00,0x8a,0x00,0x2c,0xd7,
    0x13,0x10,0x03,0x00,0x79,0x00,0x55,0xd6,0x8d,0x19,0x2f,0x06,0x8a,0xf3,0xf2,0x4a,
    0xff,0x00,0x81,0xbe,0x60,0x00,0x00,0x00,0x8d,0x00,0x55,0xd6,0x34,0x02,0x04,0x06,
    0x2e,0xff,0x43,0x93,0x18,0x00,0x08,0x00,0x8b,0x00,0x2d,0xd7,0x2b,0x1a,0x03,0x00,
    0x8b,0x1b,0x17,0x4b,0x43,0x16,0x19,0x33,0x8b,0x00,0x2c,0xd7,0x0f,0x18,0x03,0x00,
    0x8d,0x17,0x11,0x4d,0x2e,0xff,0x43,0x93,0x10,0x00,0x08,0x00,0x8b,0x00,0x2d,0xd7,
    0x2a,0x18,0x03,0x00,0x8b,0x19,0x17,0x4b,0x43,0x16,0x05,0x33,0x8b,0x00,0x2c,0xd7,
    0x0e,0x04,0x03,0x00,0x8c,0x17,0x13,0x4d,0x8d,0x00,0x2c,0xd7,0x10,0x04,0x03,0x00,
    0x8c,0x00,0x2c,0xd7,0x11,0xfa,0x02,0x00,0x8b,0x00,0x2c,0xd7,0x12,0x12,0x03,0x00,
    0x8a,0x00,0x2c,0xd7,0x13,0x10,0x03,0x00,0x7a,0x00,0x55,0xd6,0x8d,0x19,0x2f,0x06,
    0x8a,0xf5,0xf4,0x4a,0x80,0x02,0xc6,0x7e,0x80,0x02,0xc8,0x7e,0x80,0x02,0xca,0x7e,
    0x80,0x02,0xcc,0x7e,0x80,0x02,0xce,0x7e,0x80,0x02,0xd0,0x7e,0x80,0x02,0xd2,0x7e,
    0x80,0x02,0xd4,0x7e,0x80,0x02,0xd6,0x7e,0x80,0x02,0xd8,0x7e,0x80,0x02,0xda,0x7e,
    0x80,0x02,0xdc,0x7e,0x80,0x02,0xde,0x7e,0x80,0x02,0xe0,0x7e,0x80,0x02,0xe2,0x7e,
    0x80,0x02,0xe4,0x7e,0x3a,0xc0,0x05,0xc4,0x63,0x38,0x80,0x40,0x77,0x00,0x00,0x00,
    0x3a,0xc0,0x05,0xc4,0x67,0x38,0x80,0x40,0x78,0x00,0x00,0x00,0x3a,0xc0,0x05,0xc4,
    0x6b,0x38,0x80,0x40,0x79,0x00,0x00,0x00,0x3a,0xc0,0x05,0xc4,0x6f,0x38,0x80,0x40,
    0x7a,0x00,0x00,0x00,0x00,0x03,0x1a,0x7f,0x85,0x1a,0x11,0x33,0x8f,0x1a,0x13,0x37,
    0x81,0x10,0x0b,0x37,0x81,0x10,0x0d,0x33,0x85,0x00,0x56,0xd6,0x85,0x09,0x25,0x06,
    0x86,0x00,0x56,0xd6,0x86,0x09,0x25,0x06,0x00,0x03,0x1a,0x7f,0x8f,0x1a,0x17,0x37,
    0x84,0x1a,0x15,0x33,0x81,0x14,0x15,0x37,0x85,0x1a,0x11,0x33,0x81,0x10,0x13,0x37,
    0x81,0x10,0x11,0x33,0x83,0x10,0x11,0x37,0x82,0x00,0x56,0xd6,0x89,0x09,0x2d,0x06,
    0x83,0x14,0x15,0x31,0x84,0x00,0x56,0xd6,0x88,0x09,0x29,0x06,0x84,0x0c,0xe9,0x30,
    0x84,0x00,0x1a,0x33,0x81,0x1a,0x1b,0x37,0x74,0x00,0x0b,0xd6,0x8d,0x11,0xd1,0x05,
    0x83,0x06,0x15,0x31,0x88,0x00,0x0b,0xd6,0x7e,0xff,0x29,0x06,0x00,0x04,0x00,0x00,
    0x81,0x10,0xe7,0x30,0x84,0x0a,0xed,0x30,0x76,0x00,0x0b,0xd6,0x8d,0x11,0xd9,0x05,
    0x83,0x02,0x15,0x31,0x88,0x00,0x0b,0xd6,0x7e,0xff,0x29,0x06,0x00,0x04,0x00,0x00,
    0x81,0x10,0xeb,0x30,0xff,0xec,0xec,0x4a,0x00,0x40,0x00,0x00,0xff,0xea,0xea,0x4a,
    0x00,0x40,0x00,0x00,0x82,0x03,0x0a,0x7f,0x84,0x03,0x0c,0x7f,0x33,0x0c,0x0d,0x4b,
    0x83,0x0c,0x11,0x33,0x82,0x00,0x2c,0xd7,0x15,0x10,0x03,0x00,0x0a,0x0e,0x39,0x96,
    0x2e,0xff,0x3f,0x93,0x18,0x00,0x08,0x00,0x2e,0xff,0x3e,0x93,0x10,0x00,0x08,0x00,
    0x0f,0x39,0x39,0x96,0xc1,0x00,0xa6,0xbe,0xff,0x00,0xa7,0xbe,0x00,0x00,0x02,0x30,
    0x32,0x0c,0x99,0x7c,0x84,0x00,0x01,0xd5,0x80,0x02,0xa9,0x01,0xff,0x00,0xb6,0xbe,
    0x80,0x00,0x00,0x00,0x11,0x88,0x37,0x96,0x88,0x00,0xb8,0xbe,0x80,0x02,0x00,0x7e,
    0x80,0x02,0x02,0x7e,0x80,0x02,0x04,0x7e,0x80,0x02,0x06,0x7e,0x80,0x02,0x08,0x7e,
    0x80,0x02,0x0a,0x7e,0x80,0x02,0x0c,0x7e,0x80,0x02,0x0e,0x7e,0x80,0x02,0x10,0x7e,
    0x80,0x02,0x12,0x7e,0x80,0x02,0x14,0x7e,0x80,0x02,0x16,0x7e,0x80,0x02,0x18,0x7e,
    0x80,0x02,0x1a,0x7e,0x80,0x02,0x1c,0x7e,0x80,0x02,0x1e,0x7e,0x80,0x02,0x20,0x7e,
    0x80,0x02,0x22,0x7e,0x80,0x02,0x24,0x7e,0x80,0x02,0x26,0x7e,0x80,0x02,0x28,0x7e,
    0x80,0x02,0x2a,0x7e,0x80,0x02,0x2c,0x7e,0x80,0x02,0x2e,0x7e,0x80,0x02,0x30,0x7e,
    0x80,0x02,0x32,0x7e,0x80,0x02,0x34,0x7e,0x80,0x02,0x36,0x7e,0x80,0x02,0x38,0x7e,
    0x80,0x02,0x3a,0x7e,0x80,0x02,0x3c,0x7e,0x80,0x02,0x3e,0x7e,0x80,0x02,0x40,0x7e,
    0x80,0x02,0x42,0x7e,0x80,0x02,0x44,0x7e,0x80,0x02,0x46,0x7e,0x80,0x02,0x48,0x7e,
    0x80,0x02,0x4a,0x7e,0x80,0x02,0x4c,0x7e,0x80,0x02,0x4e,0x7e,0x80,0x02,0x50,0x7e,
    0x80,0x02,0x52,0x7e,0x80,0x02,0x54,0x7e,0x80,0x02,0x56,0x7e,0x80,0x02,0x58,0x7e,
    0x80,0x02,0x5a,0x7e,0x80,0x02,0x5c,0x7e,0x80,0x02,0x5e,0x7e,0x80,0x02,0x60,0x7e,
    0x80,0x02,0x62,0x7e,0x80,0x02,0x64,0x7e,0x80,0x02,0x66,0x7e,0x80,0x02,0x68,0x7e,
    0x80,0x02,0x6a,0x7e,0x80,0x02,0x6c,0x7e,0x80,0x02,0x6e,0x7e,0x80,0x02,0x70,0x7e,
    0x80,0x02,0x72,0x7e,0x80,0x02,0x74,0x7e,0x80,0x02,0x76,0x7e,0x80,0x02,0x78,0x7e,
    0x80,0x02,0x7a,0x7e,0x80,0x02,0x7c,0x7e,0x80,0x02,0x7e,0x7e,0x04,0x00,0xc0,0xbf,
    0x00,0x00,0x7c,0xdb,0x73,0x53,0x00,0x00,0x00,0x02,0x7c,0xdb,0x73,0x57,0x00,0x00,
    0x00,0x04,0x7c,0xdb,0x73,0x5b,0x00,0x00,0x00,0x06,0x7c,0xdb,0x73,0x5f,0x00,0x00,
    0x00,0x00,0xc0,0xbf,0x00,0x00,0x7c,0xdb,0x75,0x63,0x00,0x00,0x00,0x02,0x7c,0xdb,
    0x75,0x67,0x00,0x00,0x00,0x04,0x7c,0xdb,0x75,0x6b,0x00,0x00,0x00,0x06,0x7c,0xdb,
    0x75,0x6f,0x00,0x00,0x37,0x3a,0x3a,0x80,0x36,0xf8,0xf8,0x4a,0x00,0x00,0xc6,0xbf,
    0xc1,0x4e,0x80,0xbe,0xff,0xff,0x94,0xbf,0x00,0x00,0xd8,0xd9,0x76,0x00,0x00,0x4a,
    0x00,0x08,0xd8,0xd9,0x76,0x00,0x00,0x4c,0x00,0x00,0xd8,0xd9,0x74,0x00,0x00,0x41,
    0x00,0x08,0xd8,0xd9,0x74,0x00,0x00,0x43,0x00,0x04,0xd8,0xd9,0x74,0x00,0x00,0x45,
    0x00,0x0c,0xd8,0xd9,0x74,0x00,0x00,0x47,0x05,0xc0,0x86,0x81,0x06,0x80,0x02,0xbf,
    0x08,0x01,0xa1,0xbf,0x3d,0xc0,0x05,0xc4,0x53,0x40,0x80,0xc0,0x7b,0x00,0x00,0x00,
    0x35,0xc0,0x05,0xc4,0x57,0x40,0x80,0xc0,0x7b,0x00,0x00,0x00,0x3b,0xc0,0x05,0xc4,
    0x5b,0x40,0x80,0xc0,0x7b,0x00,0x00,0x00,0x3c,0xc0,0x05,0xc4,0x5f,0x40,0x80,0xc0,
    0x7b,0x00,0x00,0x00,0x80,0x02,0xc6,0x7e,0x80,0x02,0xc8,0x7e,0x80,0x02,0xca,0x7e,
    0x80,0x02,0xcc,0x7e,0x80,0x02,0xce,0x7e,0x80,0x02,0xd0,0x7e,0x80,0x02,0xd2,0x7e,
    0x80,0x02,0xd4,0x7e,0x80,0x02,0xd6,0x7e,0x80,0x02,0xd8,0x7e,0x80,0x02,0xda,0x7e,
    0x80,0x02,0xdc,0x7e,0x80,0x02,0xde,0x7e,0x80,0x02,0xe0,0x7e,0x80,0x02,0xe2,0x7e,
    0x80,0x02,0xe4,0x7e,0x3a,0xc0,0x05,0xc4,0x63,0x38,0x80,0x40,0x77,0x00,0x00,0x00,
    0x3a,0xc0,0x05,0xc4,0x67,0x38,0x80,0x40,0x78,0x00,0x00,0x00,0x3a,0xc0,0x05,0xc4,
    0x6b,0x38,0x80,0x40,0x79,0x00,0x00,0x00,0x3a,0xc0,0x05,0xc4,0x6f,0x38,0x80,0x40,
    0x7a,0x00,0x00,0x00,0x00,0x02,0xd8,0xd9,0x76,0x00,0x00,0x4e,0x00,0x0a,0xd8,0xd9,
    0x76,0x00,0x00,0x50,0x04,0x00,0xc6,0xbf,0x00,0x40,0x40,0xcc,0x41,0x95,0x02,0x1c,
    0x02,0x00,0xc6,0xbf,0x20,0x40,0x40,0xcc,0x45,0x95,0x82,0x1c,0x00,0x04,0xd8,0xd9,
    0x76,0x00,0x00,0x4a,0x00,0x0c,0xd8,0xd9,0x76,0x00,0x00,0x4c,0x02,0x00,0xc6,0xbf,
    0x08,0x40,0x40,0xcc,0x41,0x9d,0x22,0x1c,0x28,0x40,0x40,0xcc,0x45,0x9d,0xa2,0x1c,
    0x00,0x06,0xd8,0xd9,0x76,0x00,0x00,0x4e,0x00,0x0e,0xd8,0xd9,0x76,0x00,0x00,0x50,
    0x02,0x00,0xc6,0xbf,0x10,0x40,0x40,0xcc,0x41,0x95,0x42,0x1c,0x30,0x40,0x40,0xcc,
    0x45,0x95,0xc2,0x1c,0x00,0x10,0xd8,0xd9,0x76,0x00,0x00,0x4a,0x00,0x18,0xd8,0xd9,
    0x76,0x00,0x00,0x4c,0x02,0x00,0xc6,0xbf,0x18,0x40,0x40,0xcc,0x41,0x9d,0x62,0x1c,
    0x00,0x10,0xd8,0xd9,0x74,0x00,0x00,0x41,0x00,0x18,0xd8,0xd9,0x74,0x00,0x00,0x43,
    0x38,0x40,0x40,0xcc,0x45,0x9d,0xe2,0x1c,0x00,0x14,0xd8,0xd9,0x74,0x00,0x00,0x45,
    0x00,0x1c,0xd8,0xd9,0x74,0x00,0x00,0x47,0x00,0x12,0xd8,0xd9,0x76,0x00,0x00,0x4e,
    0x00,0x1a,0xd8,0xd9,0x76,0x00,0x00,0x50,0x04,0x00,0xc6,0xbf,0x00,0x40,0x40,0xcc,
    0x41,0x95,0x02,0x1c,0x02,0x00,0xc6,0xbf,0x20,0x40,0x40,0xcc,0x45,0x95,0x82,0x1c,
    0x00,0x14,0xd8,0xd9,0x76,0x00,0x00,0x4a,0x00,0x1c,0xd8,0xd9,0x76,0x00,0x00,0x4c,
    0x02,0x00,0xc6,0xbf,0x08,0x40,0x40,0xcc,0x41,0x9d,0x22,0x1c,0x28,0x40,0x40,0xcc,
    0x45,0x9d,0xa2,0x1c,0x00,0x16,0xd8,0xd9,0x76,0x00,0x00,0x4e,0x00,0x1e,0xd8,0xd9,
    0x76,0x00,0x00,0x50,0x02,0x00,0xc6,0xbf,0x10,0x40,0x40,0xcc,0x41,0x95,0x42,0x1c,
    0x30,0x40,0x40,0xcc,0x45,0x95,0xc2,0x1c,0x00,0x20,0xd8,0xd9,0x76,0x00,0x00,0x4a,
    0x00,0x28,0xd8,0xd9,0x76,0x00,0x00,0x4c,0x02,0x00,0xc6,0xbf,0x18,0x40,0x40,0xcc,
    0x41,0x9d,0x62,0x1c,0x00,0x20,0xd8,0xd9,0x74,0x00,0x00,0x41,0x00,0x28,0xd8,0xd9,
    0x74,0x00,0x00,0x43,0x38,0x40,0x40,0xcc,0x45,0x9d,0xe2,0x1c,0x00,0x24,0xd8,0xd9,
    0x74,0x00,0x00,0x45,0x00,0x2c,0xd8,0xd9,0x74,0x00,0x00,0x47,0x00,0x22,0xd8,0xd9,
    0x76,0x00,0x00,0x4e,0x00,0x2a,0xd8,0xd9,0x76,0x00,0x00,0x50,0x04,0x00,0xc6,0xbf,
    0x00,0x40,0x40,0xcc,0x41,0x95,0x02,0x1c,0x02,0x00,0xc6,0xbf,0x20,0x40,0x40,0xcc,
    0x45,0x95,0x82,0x1c,0x00,0x24,0xd8,0xd9,0x76,0x00,0x00,0x4a,0x00,0x2c,0xd8,0xd9,
    0x76,0x00,0x00,0x4c,0x02,0x00,0xc6,0xbf,0x08,0x40,0x40,0xcc,0x41,0x9d,0x22,0x1c,
    0x28,0x40,0x40,0xcc,0x45,0x9d,0xa2,0x1c,0x00,0x26,0xd8,0xd9,0x76,0x00,0x00,0x4e,
    0x00,0x2e,0xd8,0xd9,0x76,0x00,0x00,0x50,0x02,0x00,0xc6,0xbf,0x10,0x40,0x40,0xcc,
    0x41,0x95,0x42,0x1c,0x30,0x40,0x40,0xcc,0x45,0x95,0xc2,0x1c,0x00,0x30,0xd8,0xd9,
    0x76,0x00,0x00,0x4a,0x00,0x38,0xd8,0xd9,0x76,0x00,0x00,0x4c,0x02,0x00,0xc6,0xbf,
    0x18,0x40,0x40,0xcc,0x41,0x9d,0x62,0x1c,0x00,0x30,0xd8,0xd9,0x74,0x00,0x00,0x41,
    0x00,0x38,0xd8,0xd9,0x74,0x00,0x00,0x43,0x38,0x40,0x40,0xcc,0x45,0x9d,0xe2,0x1c,
    0x00,0x34,0xd8,0xd9,0x74,0x00,0x00,0x45,0x00,0x3c,0xd8,0xd9,0x74,0x00,0x00,0x47,
    0x00,0x32,0xd8,0xd9,0x76,0x00,0x00,0x4e,0x00,0x3a,0xd8,0xd9,0x76,0x00,0x00,0x50,
    0x04,0x00,0xc6,0xbf,0x00,0x40,0x40,0xcc,0x41,0x95,0x02,0x1c,0x02,0x00,0xc6,0xbf,
    0x20,0x40,0x40,0xcc,0x45,0x95,0x82,0x1c,0x00,0x34,0xd8,0xd9,0x76,0x00,0x00,0x4a,
    0x00,0x3c,0xd8,0xd9,0x76,0x00,0x00,0x4c,0x02,0x00,0xc6,0xbf,0x08,0x40,0x40,0xcc,
    0x41,0x9d,0x22,0x1c,0x28,0x40,0x40,0xcc,0x45,0x9d,0xa2,0x1c,0x00,0x36,0xd8,0xd9,
    0x76,0x00,0x00,0x4e,0x00,0x3e,0xd8,0xd9,0x76,0x00,0x00,0x50,0x02,0x00,0xc6,0xbf,
    0x10,0x40,0x40,0xcc,0x41,0x95,0x42,0x1c,0x30,0x40,0x40,0xcc,0x45,0x95,0xc2,0x1c,
    0x00,0x00,0xc6,0xbf,0x04,0x00,0xc0,0xbf,0xc1,0x4e,0x80,0xbe,0xff,0xff,0x94,0xbf,
    0x00,0x00,0x7c,0xdb,0x73,0x53,0x00,0x00,0x00,0x02,0x7c,0xdb,0x73,0x57,0x00,0x00,
    0x00,0x04,0x7c,0xdb,0x73,0x5b,0x00,0x00,0x00,0x06,0x7c,0xdb,0x73,0x5f,0x00,0x00,
    0x00,0x00,0xc0,0xbf,0x00,0x00,0x7c,0xdb,0x75,0x63,0x00,0x00,0x00,0x02,0x7c,0xdb,
    0x75,0x67,0x00,0x00,0x00,0x04,0x7c,0xdb,0x75,0x6b,0x00,0x00,0x00,0x06,0x7c,0xdb,
    0x75,0x6f,0x00,0x00,0x18,0x40,0x40,0xcc,0x41,0x9d,0x62,0x1c,0x38,0x40,0x40,0xcc,
    0x45,0x9d,0xe2,0x1c,0x06,0xc0,0x86,0x81,0x06,0x80,0x02,0xbf,0x12,0x00,0xa1,0xbf,
    0x37,0x3a,0x3a,0x80,0x36,0xf8,0xf8,0x4a,0x00,0x00,0xc6,0xbf,0xc1,0x4e,0x80,0xbe,
    0xff,0xff,0x94,0xbf,0x00,0x00,0xd8,0xd9,0x76,0x00,0x00,0x4a,0x00,0x08,0xd8,0xd9,
    0x76,0x00,0x00,0x4c,0x00,0x00,0xd8,0xd9,0x74,0x00,0x00,0x41,0x00,0x08,0xd8,0xd9,
    0x74,0x00,0x00,0x43,0x00,0x04,0xd8,0xd9,0x74,0x00,0x00,0x45,0x00,0x0c,0xd8,0xd9,
    0x74,0x00,0x00,0x47,0x07,0xff,0xa0,0xbf,0x00,0x00,0xc6,0xbf,0xc1,0x4e,0x80,0xbe,
    0xff,0xff,0x94,0xbf,0x00,0x00,0xd8,0xd9,0x76,0x00,0x00,0x4a,0x00,0x08,0xd8,0xd9,
    0x76,0x00,0x00,0x4c,0x00,0x00,0xd8,0xd9,0x74,0x00,0x00,0x41,0x00,0x08,0xd8,0xd9,
    0x74,0x00,0x00,0x43,0x00,0x04,0xd8,0xd9,0x74,0x00,0x00,0x45,0x00,0x0c,0xd8,0xd9,
    0x74,0x00,0x00,0x47,0x00,0x02,0xd8,0xd9,0x76,0x00,0x00,0x4e,0x00,0x0a,0xd8,0xd9,
    0x76,0x00,0x00,0x50,0x04,0x00,0xc6,0xbf,0x00,0x40,0x40,0xcc,0x41,0x95,0x02,0x1c,
    0x02,0x00,0xc6,0xbf,0x20,0x40,0x40,0xcc,0x45,0x95,0x82,0x1c,0x00,0x04,0xd8,0xd9,
    0x76,0x00,0x00,0x4a,0x00,0x0c,0xd8,0xd9,0x76,0x00,0x00,0x4c,0x02,0x00,0xc6,0xbf,
    0x08,0x40,0x40,0xcc,0x41,0x9d,0x22,0x1c,0x28,0x40,0x40,0xcc,0x45,0x9d,0xa2,0x1c,
    0x00,0x06,0xd8,0xd9,0x76,0x00,0x00,0x4e,0x00,0x0e,0xd8,0xd9,0x76,0x00,0x00,0x50,
    0x02,0x00,0xc6,0xbf,0x10,0x40,0x40,0xcc,0x41,0x95,0x42,0x1c,0x30,0x40,0x40,0xcc,
    0x45,0x95,0xc2,0x1c,0x00,0x10,0xd8,0xd9,0x76,0x00,0x00,0x4a,0x00,0x18,0xd8,0xd9,
    0x76,0x00,0x00,0x4c,0x02,0x00,0xc6,0xbf,0x18,0x40,0x40,0xcc,0x41,0x9d,0x62,0x1c,
    0x00,0x10,0xd8,0xd9,0x74,0x00,0x00,0x41,0x00,0x18,0xd8,0xd9,0x74,0x00,0x00,0x43,
    0x38,0x40,0x40,0xcc,0x45,0x9d,0xe2,0x1c,0x00,0x14,0xd8,0xd9,0x74,0x00,0x00,0x45,
    0x00,0x1c,0xd8,0xd9,0x74,0x00,0x00,0x47,0x00,0x12,0xd8,0xd9,0x76,0x00,0x00,0x4e,
    0x00,0x1a,0xd8,0xd9,0x76,0x00,0x00,0x50,0x04,0x00,0xc6,0xbf,0x00,0x40,0x40,0xcc,
    0x41,0x95,0x02,0x1c,0x02,0x00,0xc6,0xbf,0x20,0x40,0x40,0xcc,0x45,0x95,0x82,0x1c,
    0x00,0x14,0xd8,0xd9,0x76,0x00,0x00,0x4a,0x00,0x1c,0xd8,0xd9,0x76,0x00,0x00,0x4c,
    0x02,0x00,0xc6,0xbf,0x08,0x40,0x40,0xcc,0x41,0x9d,0x22,0x1c,0x28,0x40,0x40,0xcc,
    0x45,0x9d,0xa2,0x1c,0x00,0x16,0xd8,0xd9,0x76,0x00,0x00,0x4e,0x00,0x1e,0xd8,0xd9,
    0x76,0x00,0x00,0x50,0x02,0x00,0xc6,0xbf,0x10,0x40,0x40,0xcc,0x41,0x95,0x42,0x1c,
    0x30,0x40,0x40,0xcc,0x45,0x95,0xc2,0x1c,0x00,0x20,0xd8,0xd9,0x76,0x00,0x00,0x4a,
    0x00,0x28,0xd8,0xd9,0x76,0x00,0x00,0x4c,0x02,0x00,0xc6,0xbf,0x18,0x40,0x40,0xcc,
    0x41,0x9d,0x62,0x1c,0x00,0x20,0xd8,0xd9,0x74,0x00,0x00,0x41,0x00,0x28,0xd8,0xd9,
    0x74,0x00,0x00,0x43,0x38,0x40,0x40,0xcc,0x45,0x9d,0xe2,0x1c,0x00,0x24,0xd8,0xd9,
    0x74,0x00,0x00,0x45,0x00,0x2c,0xd8,0xd9,0x74,0x00,0x00,0x47,0x00,0x22,0xd8,0xd9,
    0x76,0x00,0x00,0x4e,0x00,0x2a,0xd8,0xd9,0x76,0x00,0x00,0x50,0x04,0x00,0xc6,0xbf,
    0x00,0x40,0x40,0xcc,0x41,0x95,0x02,0x1c,0x02,0x00,0xc6,0xbf,0x20,0x40,0x40,0xcc,
    0x45,0x95,0x82,0x1c,0x00,0x24,0xd8,0xd9,0x76,0x00,0x00,0x4a,0x00,0x2c,0xd8,0xd9,
    0x76,0x00,0x00,0x4c,0x02,0x00,0xc6,0xbf,0x08,0x40,0x40,0xcc,0x41,0x9d,0x22,0x1c,
    0x28,0x40,0x40,0xcc,0x45,0x9d,0xa2,0x1c,0x00,0x26,0xd8,0xd9,0x76,0x00,0x00,0x4e,
    0x00,0x2e,0xd8,0xd9,0x76,0x00,0x00,0x50,0x02,0x00,0xc6,0xbf,0x10,0x40,0x40,0xcc,
    0x41,0x95,0x42,0x1c,0x30,0x40,0x40,0xcc,0x45,0x95,0xc2,0x1c,0x00,0x30,0xd8,0xd9,
    0x76,0x00,0x00,0x4a,0x00,0x38,0xd8,0xd9,0x76,0x00,0x00,0x4c,0x02,0x00,0xc6,0xbf,
    0x18,0x40,0x40,0xcc,0x41,0x9d,0x62,0x1c,0x00,0x30,0xd8,0xd9,0x74,0x00,0x00,0x41,
    0x00,0x38,0xd8,0xd9,0x74,0x00,0x00,0x43,0x38,0x40,0x40,0xcc,0x45,0x9d,0xe2,0x1c,
    0x00,0x34,0xd8,0xd9,0x74,0x00,0x00,0x45,0x00,0x3c,0xd8,0xd9,0x74,0x00,0x00,0x47,
    0x00,0x32,0xd8,0xd9,0x76,0x00,0x00,0x4e,0x00,0x3a,0xd8,0xd9,0x76,0x00,0x00,0x50,
    0x04,0x00,0xc6,0xbf,0x00,0x40,0x40,0xcc,0x41,0x95,0x02,0x1c,0x02,0x00,0xc6,0xbf,
    0x20,0x40,0x40,0xcc,0x45,0x95,0x82,0x1c,0x00,0x34,0xd8,0xd9,0x76,0x00,0x00,0x4a,
    0x00,0x3c,0xd8,0xd9,0x76,0x00,0x00,0x4c,0x02,0x00,0xc6,0xbf,0x08,0x40,0x40,0xcc,
    0x41,0x9d,0x22,0x1c,0x28,0x40,0x40,0xcc,0x45,0x9d,0xa2,0x1c,0x00,0x36,0xd8,0xd9,
    0x76,0x00,0x00,0x4e,0x00,0x3e,0xd8,0xd9,0x76,0x00,0x00,0x50,0x02,0x00,0xc6,0xbf,
    0x10,0x40,0x40,0xcc,0x41,0x95,0x42,0x1c,0x30,0x40,0x40,0xcc,0x45,0x95,0xc2,0x1c,
    0x00,0x00,0xc6,0xbf,0x18,0x40,0x40,0xcc,0x41,0x9d,0x62,0x1c,0x38,0x40,0x40,0xcc,
    0x45,0x9d,0xe2,0x1c,0x80,0x00,0x81,0xbe,0x15,0x88,0x15,0x96,0x34,0x0a,0x03,0x4b,
    0x88,0x00,0x2d,0xd7,0x2b,0x02,0x03,0x00,0x88,0x03,0x11,0x4b,0x3f,0x10,0x17,0x33,
    0x88,0x00,0x2c,0xd7,0x0f,0x16,0x03,0x00,0x81,0x11,0xeb,0x4c,0x88,0x00,0x2d,0xd7,
    0x2a,0x16,0x03,0x00,0x88,0x17,0x11,0x4b,0x3e,0x10,0xe7,0x32,0x88,0x00,0x2c,0xd7,
    0x0e,0xe6,0x02,0x00,0x8b,0x11,0xe9,0x4c,0x77,0x00,0x0b,0xd6,0x17,0xea,0x0a,0x06,
    0x39,0x02,0x99,0x7c,0x88,0x00,0x2c,0xd7,0x14,0xe6,0x02,0x00,0x89,0x00,0x2c,0xd7,
    0x16,0xe8,0x02,0x00,0x80,0x08,0x07,0x03,0x77,0x00,0x55,0xd6,0x88,0x13,0xdf,0x05,
    0x00,0x03,0x00,0x5e,0x02,0x07,0x02,0x5e,0x04,0x0b,0x04,0x5e,0x06,0x0f,0x06,0x5e,
    0x81,0x06,0x97,0x7d,0x01,0x40,0x07,0xc4,0x00,0x48,0x80,0x40,0x77,0x00,0x00,0x00,
    0xc1,0x01,0xfe,0xbe,0xa0,0x0a,0x1b,0x4b,0x34,0x1a,0x03,0x4b,0x88,0x00,0x2d,0xd7,
    0x2b,0x02,0x03,0x00,0x88,0x03,0x11,0x4b,0x3f,0x10,0x17,0x33,0x88,0x00,0x2c,0xd7,
    0x0f,0x16,0x03,0x00,0x81,0x11,0xeb,0x4c,0x88,0x00,0x2d,0xd7,0x2a,0x16,0x03,0x00,
    0x88,0x17,0x11,0x4b,0x3e,0x10,0xe7,0x32,0x88,0x00,0x2c,0xd7,0x0e,0xe6,0x02,0x00,
    0x8b,0x11,0xe9,0x4c,0x77,0x00,0x0b,0xd6,0x17,0xea,0x0a,0x06,0x39,0x02,0x99,0x7c,
    0x88,0x00,0x2c,0xd7,0x14,0xe6,0x02,0x00,0x89,0x00,0x2c,0xd7,0x16,0xe8,0x02,0x00,
    0x80,0x08,0x07,0x03,0x77,0x00,0x55,0xd6,0x88,0x13,0xdf,0x05,0x08,0x13,0x10,0x5e,
    0x0a,0x17,0x12,0x5e,0x0c,0x1b,0x14,0x5e,0x0e,0x1f,0x16,0x5e,0x81,0x06,0x97,0x7d,
    0x01,0x40,0x07,0xc4,0x08,0x48,0x80,0x40,0x77,0x00,0x00,0x00,0xc1,0x01,0xfe,0xbe,
    0xa0,0x1a,0x1b,0x4b,0x34,0x1a,0x03,0x4b,0x88,0x00,0x2d,0xd7,0x2b,0x02,0x03,0x00,
    0x88,0x03,0x11,0x4b,0x3f,0x10,0x17,0x33,0x88,0x00,0x2c,0xd7,0x0f,0x16,0x03,0x00,
    0x81,0x11,0xeb,0x4c,0x88,0x00,0x2d,0xd7,0x2a,0x16,0x03,0x00,0x88,0x17,0x11,0x4b,
    0x3e,0x10,0xe7,0x32,0x88,0x00,0x2c,0xd7,0x0e,0xe6,0x02,0x00,0x8b,0x11,0xe9,0x4c,
    0x77,0x00,0x0b,0xd6,0x17,0xea,0x0a,0x06,0x39,0x02,0x99,0x7c,0x88,0x00,0x2c,0xd7,
    0x14,0xe6,0x02,0x00,0x89,0x00,0x2c,0xd7,0x16,0xe8,0x02,0x00,0x80,0x08,0x07,0x03,
    0x77,0x00,0x55,0xd6,0x88,0x13,0xdf,0x05,0x10,0x23,0x20,0x5e,0x12,0x27,0x22,0x5e,
    0x14,0x2b,0x24,0x5e,0x16,0x2f,0x26,0x5e,0x81,0x06,0x97,0x7d,0x01,0x40,0x07,0xc4,
    0x10,0x48,0x80,0x40,0x77,0x00,0x00,0x00,0xc1,0x01,0xfe,0xbe,0xa0,0x1a,0x1b,0x4b,
    0x34,0x1a,0x03,0x4b,0x88,0x00,0x2d,0xd7,0x2b,0x02,0x03,0x00,0x88,0x03,0x11,0x4b,
    0x3f,0x10,0x17,0x33,0x88,0x00,0x2c,0xd7,0x0f,0x16,0x03,0x00,0x81,0x11,0xeb,0x4c,
    0x88,0x00,0x2d,0xd7,0x2a,0x16,0x03,0x00,0x88,0x17,0x11,0x4b,0x3e,0x10,0xe7,0x32,
    0x88,0x00,0x2c,0xd7,0x0e,0xe6,0x02,0x00,0x8b,0x11,0xe9,0x4c,0x77,0x00,0x0b,0xd6,
    0x17,0xea,0x0a,0x06,0x39,0x02,0x99,0x7c,0x88,0x00,0x2c,0xd7,0x14,0xe6,0x02,0x00,
    0x89,0x00,0x2c,0xd7,0x16,0xe8,0x02,0x00,0x80,0x08,0x07,0x03,0x77,0x00,0x55,0xd6,
    0x88,0x13,0xdf,0x05,0x18,0x33,0x30,0x5e,0x1a,0x37,0x32,0x5e,0x1c,0x3b,0x34,0x5e,
    0x1e,0x3f,0x36,0x5e,0x81,0x06,0x97,0x7d,0x01,0x40,0x07,0xc4,0x18,0x48,0x80,0x40,
    0x77,0x00,0x00,0x00,0xc1,0x01,0xfe,0xbe,0xc0,0x0c,0x0d,0x4b,0x15,0x01,0x01,0x80,
    0x32,0x0c,0x99,0x7c,0x84,0x00,0x01,0xd5,0x80,0x02,0xa9,0x01,0x34,0x0a,0x03,0x4b,
    0x88,0x00,0x2d,0xd7,0x2b,0x02,0x03,0x00,0x88,0x03,0x11,0x4b,0x3f,0x10,0x17,0x33,
    0x88,0x00,0x2c,0xd7,0x0f,0x16,0x03,0x00,0x81,0x11,0xeb,0x4c,0x88,0x00,0x2d,0xd7,
    0x2a,0x16,0x03,0x00,0x88,0x17,0x11,0x4b,0x3e,0x10,0xe7,0x32,0x88,0x00,0x2c,0xd7,
    0x0e,0xe6,0x02,0x00,0x8b,0x11,0xe9,0x4c,0x77,0x00,0x0b,0xd6,0x17,0xea,0x0a,0x06,
    0x39,0x02,0x99,0x7c,0x88,0x00,0x2c,0xd7,0x14,0xe6,0x02,0x00,0x89,0x00,0x2c,0xd7,
    0x16,0xe8,0x02,0x00,0x80,0x08,0x07,0x03,0x77,0x00,0x55,0xd6,0x88,0x13,0xdf,0x05,
    0x20,0x43,0x40,0x5e,0x22,0x47,0x42,0x5e,0x24,0x4b,0x44,0x5e,0x26,0x4f,0x46,0x5e,
    0x81,0x06,0x97,0x7d,0x01,0x40,0x07,0xc4,0x20,0x48,0x80,0x40,0x77,0x00,0x00,0x00,
    0xc1,0x01,0xfe,0xbe,0xa0,0x0a,0x1b,0x4b,0x34,0x1a,0x03,0x4b,0x88,0x00,0x2d,0xd7,
    0x2b,0x02,0x03,0x00,0x88,0x03,0x11,0x4b,0x3f,0x10,0x17,0x33,0x88,0x00,0x2c,0xd7,
    0x0f,0x16,0x03,0x00,0x81,0x11,0xeb,0x4c,0x88,0x00,0x2d,0xd7,0x2a,0x16,0x03,0x00,
    0x88,0x17,0x11,0x4b,0x3e,0x10,0xe7,0x32,0x88,0x00,0x2c,0xd7,0x0e,0xe6,0x02,0x00,
    0x8b,0x11,0xe9,0x4c,0x77,0x00,0x0b,0xd6,0x17,0xea,0x0a,0x06,0x39,0x02,0x99,0x7c,
    0x88,0x00,0x2c,0xd7,0x14,0xe6,0x02,0x00,0x89,0x00,0x2c,0xd7,0x16,0xe8,0x02,0x00,
    0x80,0x08,0x07,0x03,0x77,0x00,0x55,0xd6,0x88,0x13,0xdf,0x05,0x28,0x53,0x50,0x5e,
    0x2a,0x57,0x52,0x5e,0x2c,0x5b,0x54,0x5e,0x2e,0x5f,0x56,0x5e,0x81,0x06,0x97,0x7d,
    0x01,0x40,0x07,0xc4,0x28,0x48,0x80,0x40,0x77,0x00,0x00,0x00,0xc1,0x01,0xfe,0xbe,
    0xa0,0x1a,0x1b,0x4b,0x34,0x1a,0x03,0x4b,0x88,0x00,0x2d,0xd7,0x2b,0x02,0x03,0x00,
    0x88,0x03,0x11,0x4b,0x3f,0x10,0x17,0x33,0x88,0x00,0x2c,0xd7,0x0f,0x16,0x03,0x00,
    0x81,0x11,0xeb,0x4c,0x88,0x00,0x2d,0xd7,0x2a,0x16,0x03,0x00,0x88,0x17,0x11,0x4b,
    0x3e,0x10,0xe7,0x32,0x88,0x00,0x2c,0xd7,0x0e,0xe6,0x02,0x00,0x8b,0x11,0xe9,0x4c,
    0x77,0x00,0x0b,0xd6,0x17,0xea,0x0a,0x06,0x39,0x02,0x99,0x7c,0x88,0x00,0x2c,0xd7,
    0x14,0xe6,0x02,0x00,0x89,0x00,0x2c,0xd7,0x16,0xe8,0x02,0x00,0x80,0x08,0x07,0x03,
    0x77,0x00,0x55,0xd6,0x88,0x13,0xdf,0x05,0x30,0x63,0x60,0x5e,0x32,0x67,0x62,0x5e,
    0x34,0x6b,0x64,0x5e,0x36,0x6f,0x66,0x5e,0x81,0x06,0x97,0x7d,0x01,0x40,0x07,0xc4,
    0x30,0x48,0x80,0x40,0x77,0x00,0x00,0x00,0xc1,0x01,0xfe,0xbe,0xa0,0x1a,0x1b,0x4b,
    0x34,0x1a,0x03,0x4b,0x88,0x00,0x2d,0xd7,0x2b,0x02,0x03,0x00,0x88,0x03,0x11,0x4b,
    0x3f,0x10,0x17,0x33,0x88,0x00,0x2c,0xd7,0x0f,0x16,0x03,0x00,0x81,0x11,0xeb,0x4c,
    0x88,0x00,0x2d,0xd7,0x2a,0x16,0x03,0x00,0x88,0x17,0x11,0x4b,0x3e,0x10,0xe7,0x32,
    0x88,0x00,0x2c,0xd7,0x0e,0xe6,0x02,0x00,0x8b,0x11,0xe9,0x4c,0x77,0x00,0x0b,0xd6,
    0x17,0xea,0x0a,0x06,0x39,0x02,0x99,0x7c,0x88,0x00,0x2c,0xd7,0x14,0xe6,0x02,0x00,
    0x89,0x00,0x2c,0xd7,0x16,0xe8,0x02,0x00,0x80,0x08,0x07,0x03,0x77,0x00,0x55,0xd6,
    0x88,0x13,0xdf,0x05,0x38,0x73,0x70,0x5e,0x3a,0x77,0x72,0x5e,0x3c,0x7b,0x74,0x5e,
    0x3e,0x7f,0x76,0x5e,0x81,0x06,0x97,0x7d,0x01,0x40,0x07,0xc4,0x38,0x48,0x80,0x40,
    0x77,0x00,0x00,0x00,0xc1,0x01,0xfe,0xbe,0x00,0x00,0xb0,0xbf,0x00,0x00,0x00,0x00,
    0x00,0x00,0x00,0x00,0x00,0x00,0x00,0x00,0x00,0x00,0x00,0x00,0x00,0x00,0x00,0x00,
    0x00,0x00,0x00,0x00,0x00,0x00,0x00,0x00,0x00,0x00,0x00,0x00,0x00,0x00,0x00,0x00,
    0x00,0x00,0x00,0x00,0x00,0x00,0x00,0x00,0x00,0x00,0x00,0x00,0x00,0x00,0x00,0x00,
    0x00,0x80,0x00,0x00,0x00,0x00,0x00,0x00,0x00,0x00,0x00,0x00,0x00,0x00,0x00,0x00,
    0x00,0x00,0x00,0x00,0x00,0x00,0x00,0x00,0x00,0x00,0x00,0x00,0x00,0x00,0x00,0x00,
    0x00,0x00,0x00,0x00,0x00,0x00,0x00,0x00,0x00,0x00,0x00,0x00,0x00,0x00,0x00,0x00,
    0x11,0x00,0x0c,0x40,0x84,0x03,0x00,0x00,0x08,0x04,0x00,0x00,0x00,0x00,0x00,0x00,
    0x07,0x00,0x00,0x00,0x35,0x0b,0x00,0x00,0x20,0x00,0x00,0x00,0x41,0x4d,0x44,0x47,
    0x50,0x55,0x00,0x00,0x82,0xae,0x61,0x6d,0x64,0x68,0x73,0x61,0x2e,0x6b,0x65,0x72,
    0x6e,0x65,0x6c,0x73,0x91,0x8c,0xa5,0x2e,0x61,0x72,0x67,0x73,0xdc,0x00,0x21,0x87,
    0xae,0x2e,0x61,0x64,0x64,0x72,0x65,0x73,0x73,0x5f,0x73,0x70,0x61,0x63,0x65,0xa6,
    0x67,0x6c,0x6f,0x62,0x61,0x6c,0xa9,0x2e,0x69,0x73,0x5f,0x63,0x6f,0x6e,0x73,0x74,
    0xc3,0xa5,0x2e,0x6e,0x61,0x6d,0x65,0xa4,0x70,0x5f,0x69,0x6e,0xa7,0x2e,0x6f,0x66,
    0x66,0x73,0x65,0x74,0x00,0xa5,0x2e,0x73,0x69,0x7a,0x65,0x08,0xab,0x2e,0x76,0x61,
    0x6c,0x75,0x65,0x5f,0x6b,0x69,0x6e,0x64,0xad,0x67,0x6c,0x6f,0x62,0x61,0x6c,0x5f,
    0x62,0x75,0x66,0x66,0x65,0x72,0xab,0x2e,0x76,0x61,0x6c,0x75,0x65,0x5f,0x74,0x79,
    0x70,0x65,0xa3,0x66,0x33,0x32,0x87,0xae,0x2e,0x61,0x64,0x64,0x72,0x65,0x73,0x73,
    0x5f,0x73,0x70,0x61,0x63,0x65,0xa6,0x67,0x6c,0x6f,0x62,0x61,0x6c,0xa9,0x2e,0x69,
    0x73,0x5f,0x63,0x6f,0x6e,0x73,0x74,0xc3,0xa5,0x2e,0x6e,0x61,0x6d,0x65,0xa5,0x70,
    0x5f,0x77,0x65,0x69,0xa7,0x2e,0x6f,0x66,0x66,0x73,0x65,0x74,0x08,0xa5,0x2e,0x73,
    0x69,0x7a,0x65,0x08,0xab,0x2e,0x76,0x61,0x6c,0x75,0x65,0x5f,0x6b,0x69,0x6e,0x64,
    0xad,0x67,0x6c,0x6f,0x62,0x61,0x6c,0x5f,0x62,0x75,0x66,0x66,0x65,0x72,0xab,0x2e,
    0x76,0x61,0x6c,0x75,0x65,0x5f,0x74,0x79,0x70,0x65,0xa3,0x66,0x33,0x32,0x87,0xae,
    0x2e,0x61,0x64,0x64,0x72,0x65,0x73,0x73,0x5f,0x73,0x70,0x61,0x63,0x65,0xa6,0x67,
    0x6c,0x6f,0x62,0x61,0x6c,0xa9,0x2e,0x69,0x73,0x5f,0x63,0x6f,0x6e,0x73,0x74,0xc2,
    0xa5,0x2e,0x6e,0x61,0x6d,0x65,0xa5,0x70,0x5f,0x6f,0x75,0x74,0xa7,0x2e,0x6f,0x66,
    0x66,0x73,0x65,0x74,0x10,0xa5,0x2e,0x73,0x69,0x7a,0x65,0x08,0xab,0x2e,0x76,0x61,
    0x6c,0x75,0x65,0x5f,0x6b,0x69,0x6e,0x64,0xad,0x67,0x6c,0x6f,0x62,0x61,0x6c,0x5f,
    0x62,0x75,0x66,0x66,0x65,0x72,0xab,0x2e,0x76,0x61,0x6c,0x75,0x65,0x5f,0x74,0x79,
    0x70,0x65,0xa3,0x66,0x33,0x32,0x87,0xae,0x2e,0x61,0x64,0x64,0x72,0x65,0x73,0x73,
    0x5f,0x73,0x70,0x61,0x63,0x65,0xa6,0x67,0x6c,0x6f,0x62,0x61,0x6c,0xa9,0x2e,0x69,
    0x73,0x5f,0x63,0x6f,0x6e,0x73,0x74,0xc3,0xa5,0x2e,0x6e,0x61,0x6d,0x65,0xa6,0x70,
    0x5f,0x62,0x69,0x61,0x73,0xa7,0x2e,0x6f,0x66,0x66,0x73,0x65,0x74,0x18,0xa5,0x2e,
    0x73,0x69,0x7a,0x65,0x08,0xab,0x2e,0x76,0x61,0x6c,0x75,0x65,0x5f,0x6b,0x69,0x6e,
    0x64,0xad,0x67,0x6c,0x6f,0x62,0x61,0x6c,0x5f,0x62,0x75,0x66,0x66,0x65,0x72,0xab,
    0x2e,0x76,0x61,0x6c,0x75,0x65,0x5f,0x74,0x79,0x70,0x65,0xa3,0x66,0x33,0x32,0x85,
    0xa5,0x2e,0x6e,0x61,0x6d,0x65,0xa2,0x68,0x69,0xa7,0x2e,0x6f,0x66,0x66,0x73,0x65,
    0x74,0x20,0xa5,0x2e,0x73,0x69,0x7a,0x65,0x04,0xab,0x2e,0x76,0x61,0x6c,0x75,0x65,
    0x5f,0x6b,0x69,0x6e,0x64,0xa8,0x62,0x79,0x5f,0x76,0x61,0x6c,0x75,0x65,0xab,0x2e,
    0x76,0x61,0x6c,0x75,0x65,0x5f,0x74,0x79,0x70,0x65,0xa3,0x69,0x33,0x32,0x85,0xa5,
    0x2e,0x6e,0x61,0x6d,0x65,0xa2,0x77,0x69,0xa7,0x2e,0x6f,0x66,0x66,0x73,0x65,0x74,
    0x24,0xa5,0x2e,0x73,0x69,0x7a,0x65,0x04,0xab,0x2e,0x76,0x61,0x6c,0x75,0x65,0x5f,
    0x6b,0x69,0x6e,0x64,0xa8,0x62,0x79,0x5f,0x76,0x61,0x6c,0x75,0x65,0xab,0x2e,0x76,
    0x61,0x6c,0x75,0x65,0x5f,0x74,0x79,0x70,0x65,0xa3,0x69,0x33,0x32,0x85,0xa5,0x2e,
    0x6e,0x61,0x6d,0x65,0xa1,0x62,0xa7,0x2e,0x6f,0x66,0x66,0x73,0x65,0x74,0x28,0xa5,
    0x2e,0x73,0x69,0x7a,0x65,0x04,0xab,0x2e,0x76,0x61,0x6c,0x75,0x65,0x5f,0x6b,0x69,
    0x6e,0x64,0xa8,0x62,0x79,0x5f,0x76,0x61,0x6c,0x75,0x65,0xab,0x2e,0x76,0x61,0x6c,
    0x75,0x65,0x5f,0x74,0x79,0x70,0x65,0xa3,0x69,0x33,0x32,0x85,0xa5,0x2e,0x6e,0x61,
    0x6d,0x65,0xa1,0x6b,0xa7,0x2e,0x6f,0x66,0x66,0x73,0x65,0x74,0x2c,0xa5,0x2e,0x73,
    0x69,0x7a,0x65,0x04,0xab,0x2e,0x76,0x61,0x6c,0x75,0x65,0x5f,0x6b,0x69,0x6e,0x64,
    0xa8,0x62,0x79,0x5f,0x76,0x61,0x6c,0x75,0x65,0xab,0x2e,0x76,0x61,0x6c,0x75,0x65,
    0x5f,0x74,0x79,0x70,0x65,0xa3,0x69,0x33,0x32,0x85,0xa5,0x2e,0x6e,0x61,0x6d,0x65,
    0xa1,0x63,0xa7,0x2e,0x6f,0x66,0x66,0x73,0x65,0x74,0x30,0xa5,0x2e,0x73,0x69,0x7a,
    0x65,0x04,0xab,0x2e,0x76,0x61,0x6c,0x75,0x65,0x5f,0x6b,0x69,0x6e,0x64,0xa8,0x62,
    0x79,0x5f,0x76,0x61,0x6c,0x75,0x65,0xab,0x2e,0x76,0x61,0x6c,0x75,0x65,0x5f,0x74,
    0x79,0x70,0x65,0xa3,0x69,0x33,0x32,0x85,0xa5,0x2e,0x6e,0x61,0x6d,0x65,0xa1,0x67,
    0xa7,0x2e,0x6f,0x66,0x66,0x73,0x65,0x74,0x34,0xa5,0x2e,0x73,0x69,0x7a,0x65,0x04,
    0xab,0x2e,0x76,0x61,0x6c,0x75,0x65,0x5f,0x6b,0x69,0x6e,0x64,0xa8,0x62,0x79,0x5f,
    0x76,0x61,0x6c,0x75,0x65,0xab,0x2e,0x76,0x61,0x6c,0x75,0x65,0x5f,0x74,0x79,0x70,
    0x65,0xa3,0x69,0x33,0x32,0x85,0xa5,0x2e,0x6e,0x61,0x6d,0x65,0xa2,0x68,0x6f,0xa7,
    0x2e,0x6f,0x66,0x66,0x73,0x65,0x74,0x38,0xa5,0x2e,0x73,0x69,0x7a,0x65,0x04,0xab,
    0x2e,0x76,0x61,0x6c,0x75,0x65,0x5f,0x6b,0x69,0x6e,0x64,0xa8,0x62,0x79,0x5f,0x76,
    0x61,0x6c,0x75,0x65,0xab,0x2e,0x76,0x61,0x6c,0x75,0x65,0x5f,0x74,0x79,0x70,0x65,
    0xa3,0x69,0x33,0x32,0x85,0xa5,0x2e,0x6e,0x61,0x6d,0x65,0xa2,0x77,0x6f,0xa7,0x2e,
    0x6f,0x66,0x66,0x73,0x65,0x74,0x3c,0xa5,0x2e,0x73,0x69,0x7a,0x65,0x04,0xab,0x2e,
    0x76,0x61,0x6c,0x75,0x65,0x5f,0x6b,0x69,0x6e,0x64,0xa8,0x62,0x79,0x5f,0x76,0x61,
    0x6c,0x75,0x65,0xab,0x2e,0x76,0x61,0x6c,0x75,0x65,0x5f,0x74,0x79,0x70,0x65,0xa3,
    0x69,0x33,0x32,0x85,0xa5,0x2e,0x6e,0x61,0x6d,0x65,0xab,0x69,0x6e,0x5f,0x73,0x74,
    0x72,0x69,0x64,0x65,0x5f,0x6e,0xa7,0x2e,0x6f,0x66,0x66,0x73,0x65,0x74,0x40,0xa5,
    0x2e,0x73,0x69,0x7a,0x65,0x04,0xab,0x2e,0x76,0x61,0x6c,0x75,0x65,0x5f,0x6b,0x69,
    0x6e,0x64,0xa8,0x62,0x79,0x5f,0x76,0x61,0x6c,0x75,0x65,0xab,0x2e,0x76,0x61,0x6c,
    0x75,0x65,0x5f,0x74,0x79,0x70,0x65,0xa3,0x69,0x33,0x32,0x85,0xa5,0x2e,0x6e,0x61,
    0x6d,0x65,0xab,0x69,0x6e,0x5f,0x73,0x74,0x72,0x69,0x64,0x65,0x5f,0x63,0xa7,0x2e,
    0x6f,0x66,0x66,0x73,0x65,0x74,0x44,0xa5,0x2e,0x73,0x69,0x7a,0x65,0x04,0xab,0x2e,
    0x76,0x61,0x6c,0x75,0x65,0x5f,0x6b,0x69,0x6e,0x64,0xa8,0x62,0x79,0x5f,0x76,0x61,
    0x6c,0x75,0x65,0xab,0x2e,0x76,0x61,0x6c,0x75,0x65,0x5f,0x74,0x79,0x70,0x65,0xa3,
    0x69,0x33,0x32,0x85,0xa5,0x2e,0x6e,0x61,0x6d,0x65,0xab,0x69,0x6e,0x5f,0x73,0x74,
    0x72,0x69,0x64,0x65,0x5f,0x68,0xa7,0x2e,0x6f,0x66,0x66,0x73,0x65,0x74,0x48,0xa5,
    0x2e,0x73,0x69,0x7a,0x65,0x04,0xab,0x2e,0x76,0x61,0x6c,0x75,0x65,0x5f,0x6b,0x69,
    0x6e,0x64,0xa8,0x62,0x79,0x5f,0x76,0x61,0x6c,0x75,0x65,0xab,0x2e,0x76,0x61,0x6c,
    0x75,0x65,0x5f,0x74,0x79,0x70,0x65,0xa3,0x69,0x33,0x32,0x85,0xa5,0x2e,0x6e,0x61,
    0x6d,0x65,0xab,0x69,0x6e,0x5f,0x73,0x74,0x72,0x69,0x64,0x65,0x5f,0x77,0xa7,0x2e,
    0x6f,0x66,0x66,0x73,0x65,0x74,0x4c,0xa5,0x2e,0x73,0x69,0x7a,0x65,0x04,0xab,0x2e,
    0x76,0x61,0x6c,0x75,0x65,0x5f,0x6b,0x69,0x6e,0x64,0xa8,0x62,0x79,0x5f,0x76,0x61,
    0x6c,0x75,0x65,0xab,0x2e,0x76,0x61,0x6c,0x75,0x65,0x5f,0x74,0x79,0x70,0x65,0xa3,
    0x69,0x33,0x32,0x85,0xa5,0x2e,0x6e,0x61,0x6d,0x65,0xac,0x6f,0x75,0x74,0x5f,0x73,
    0x74,0x72,0x69,0x64,0x65,0x5f,0x6e,0xa7,0x2e,0x6f,0x66,0x66,0x73,0x65,0x74,0x50,
    0xa5,0x2e,0x73,0x69,0x7a,0x65,0x04,0xab,0x2e,0x76,0x61,0x6c,0x75,0x65,0x5f,0x6b,
    0x69,0x6e,0x64,0xa8,0x62,0x79,0x5f,0x76,0x61,0x6c,0x75,0x65,0xab,0x2e,0x76,0x61,
    0x6c,0x75,0x65,0x5f,0x74,0x79,0x70,0x65,0xa3,0x69,0x33,0x32,0x85,0xa5,0x2e,0x6e,
    0x61,0x6d,0x65,0xac,0x6f,0x75,0x74,0x5f,0x73,0x74,0x72,0x69,0x64,0x65,0x5f,0x6b,
    0xa7,0x2e,0x6f,0x66,0x66,0x73,0x65,0x74,0x54,0xa5,0x2e,0x73,0x69,0x7a,0x65,0x04,
    0xab,0x2e,0x76,0x61,0x6c,0x75,0x65,0x5f,0x6b,0x69,0x6e,0x64,0xa8,0x62,0x79,0x5f,
    0x76,0x61,0x6c,0x75,0x65,0xab,0x2e,0x76,0x61,0x6c,0x75,0x65,0x5f,0x74,0x79,0x70,
    0x65,0xa3,0x69,0x33,0x32,0x85,0xa5,0x2e,0x6e,0x61,0x6d,0x65,0xac,0x6f,0x75,0x74,
    0x5f,0x73,0x74,0x72,0x69,0x64,0x65,0x5f,0x68,0xa7,0x2e,0x6f,0x66,0x66,0x73,0x65,
    0x74,0x58,0xa5,0x2e,0x73,0x69,0x7a,0x65,0x04,0xab,0x2e,0x76,0x61,0x6c,0x75,0x65,
    0x5f,0x6b,0x69,0x6e,0x64,0xa8,0x62,0x79,0x5f,0x76,0x61,0x6c,0x75,0x65,0xab,0x2e,
    0x76,0x61,0x6c,0x75,0x65,0x5f,0x74,0x79,0x70,0x65,0xa3,0x69,0x33,0x32,0x85,0xa5,
    0x2e,0x6e,0x61,0x6d,0x65,0xac,0x6f,0x75,0x74,0x5f,0x73,0x74,0x72,0x69,0x64,0x65,
    0x5f,0x77,0xa7,0x2e,0x6f,0x66,0x66,0x73,0x65,0x74,0x5c,0xa5,0x2e,0x73,0x69,0x7a,
    0x65,0x04,0xab,0x2e,0x76,0x61,0x6c,0x75,0x65,0x5f,0x6b,0x69,0x6e,0x64,0xa8,0x62,
    0x79,0x5f,0x76,0x61,0x6c,0x75,0x65,0xab,0x2e,0x76,0x61,0x6c,0x75,0x65,0x5f,0x74,
    0x79,0x70,0x65,0xa3,0x69,0x33,0x32,0x85,0xa5,0x2e,0x6e,0x61,0x6d,0x65,0xa9,0x73,
    0x74,0x72,0x69,0x64,0x65,0x5f,0x68,0x77,0xa7,0x2e,0x6f,0x66,0x66,0x73,0x65,0x74,
    0x60,0xa5,0x2e,0x73,0x69,0x7a,0x65,0x04,0xab,0x2e,0x76,0x61,0x6c,0x75,0x65,0x5f,
    0x6b,0x69,0x6e,0x64,0xa8,0x62,0x79,0x5f,0x76,0x61,0x6c,0x75,0x65,0xab,0x2e,0x76,
    0x61,0x6c,0x75,0x65,0x5f,0x74,0x79,0x70,0x65,0xa3,0x69,0x33,0x32,0x85,0xa5,0x2e,
    0x6e,0x61,0x6d,0x65,0xab,0x64,0x69,0x6c,0x61,0x74,0x69,0x6f,0x6e,0x5f,0x68,0x77,
    0xa7,0x2e,0x6f,0x66,0x66,0x73,0x65,0x74,0x64,0xa5,0x2e,0x73,0x69,0x7a,0x65,0x04,
    0xab,0x2e,0x76,0x61,0x6c,0x75,0x65,0x5f,0x6b,0x69,0x6e,0x64,0xa8,0x62,0x79,0x5f,
    0x76,0x61,0x6c,0x75,0x65,0xab,0x2e,0x76,0x61,0x6c,0x75,0x65,0x5f,0x74,0x79,0x70,
    0x65,0xa3,0x69,0x33,0x32,0x85,0xa5,0x2e,0x6e,0x61,0x6d,0x65,0xa6,0x70,0x61,0x64,
    0x5f,0x68,0x77,0xa7,0x2e,0x6f,0x66,0x66,0x73,0x65,0x74,0x68,0xa5,0x2e,0x73,0x69,
    0x7a,0x65,0x04,0xab,0x2e,0x76,0x61,0x6c,0x75,0x65,0x5f,0x6b,0x69,0x6e,0x64,0xa8,
    0x62,0x79,0x5f,0x76,0x61,0x6c,0x75,0x65,0xab,0x2e,0x76,0x61,0x6c,0x75,0x65,0x5f,
    0x74,0x79,0x70,0x65,0xa3,0x69,0x33,0x32,0x85,0xa5,0x2e,0x6e,0x61,0x6d,0x65,0xa6,
    0x77,0x65,0x69,0x5f,0x68,0x77,0xa7,0x2e,0x6f,0x66,0x66,0x73,0x65,0x74,0x6c,0xa5,
    0x2e,0x73,0x69,0x7a,0x65,0x04,0xab,0x2e,0x76,0x61,0x6c,0x75,0x65,0x5f,0x6b,0x69,
    0x6e,0x64,0xa8,0x62,0x79,0x5f,0x76,0x61,0x6c,0x75,0x65,0xab,0x2e,0x76,0x61,0x6c,
    0x75,0x65,0x5f,0x74,0x79,0x70,0x65,0xa3,0x69,0x33,0x32,0x85,0xa5,0x2e,0x6e,0x61,
    0x6d,0x65,0xac,0x6d,0x6f,0x76,0x65,0x5f,0x73,0x6c,0x69,0x63,0x65,0x5f,0x6b,0xa7,
    0x2e,0x6f,0x66,0x66,0x73,0x65,0x74,0x70,0xa5,0x2e,0x73,0x69,0x7a,0x65,0x04,0xab,
    0x2e,0x76,0x61,0x6c,0x75,0x65,0x5f,0x6b,0x69,0x6e,0x64,0xa8,0x62,0x79,0x5f,0x76,
    0x61,0x6c,0x75,0x65,0xab,0x2e,0x76,0x61,0x6c,0x75,0x65,0x5f,0x74,0x79,0x70,0x65,
    0xa3,0x69,0x33,0x32,0x85,0xa5,0x2e,0x6e,0x61,0x6d,0x65,0xa7,0x6d,0x61,0x67,0x69,
    0x63,0x5f,0x30,0xa7,0x2e,0x6f,0x66,0x66,0x73,0x65,0x74,0x74,0xa5,0x2e,0x73,0x69,
    0x7a,0x65,0x04,0xab,0x2e,0x76,0x61,0x6c,0x75,0x65,0x5f,0x6b,0x69,0x6e,0x64,0xa8,
    0x62,0x79,0x5f,0x76,0x61,0x6c,0x75,0x65,0xab,0x2e,0x76,0x61,0x6c,0x75,0x65,0x5f,
    0x74,0x79,0x70,0x65,0xa3,0x69,0x33,0x32,0x85,0xa5,0x2e,0x6e,0x61,0x6d,0x65,0xa7,
    0x6d,0x61,0x67,0x69,0x63,0x5f,0x31,0xa7,0x2e,0x6f,0x66,0x66,0x73,0x65,0x74,0x78,
    0xa5,0x2e,0x73,0x69,0x7a,0x65,0x04,0xab,0x2e,0x76,0x61,0x6c,0x75,0x65,0x5f,0x6b,
    0x69,0x6e,0x64,0xa8,0x62,0x79,0x5f,0x76,0x61,0x6c,0x75,0x65,0xab,0x2e,0x76,0x61,
    0x6c,0x75,0x65,0x5f,0x74,0x79,0x70,0x65,0xa3,0x69,0x33,0x32,0x85,0xa5,0x2e,0x6e,
    0x61,0x6d,0x65,0xa7,0x6d,0x61,0x67,0x69,0x63,0x5f,0x32,0xa7,0x2e,0x6f,0x66,0x66,
    0x73,0x65,0x74,0x7c,0xa5,0x2e,0x73,0x69,0x7a,0x65,0x04,0xab,0x2e,0x76,0x61,0x6c,
    0x75,0x65,0x5f,0x6b,0x69,0x6e,0x64,0xa8,0x62,0x79,0x5f,0x76,0x61,0x6c,0x75,0x65,
    0xab,0x2e,0x76,0x61,0x6c,0x75,0x65,0x5f,0x74,0x79,0x70,0x65,0xa3,0x69,0x33,0x32,
    0x85,0xa5,0x2e,0x6e,0x61,0x6d,0x65,0xa7,0x6d,0x61,0x67,0x69,0x63,0x5f,0x33,0xa7,
    0x2e,0x6f,0x66,0x66,0x73,0x65,0x74,0xcc,0x80,0xa5,0x2e,0x73,0x69,0x7a,0x65,0x04,
    0xab,0x2e,0x76,0x61,0x6c,0x75,0x65,0x5f,0x6b,0x69,0x6e,0x64,0xa8,0x62,0x79,0x5f,
    0x76,0x61,0x6c,0x75,0x65,0xab,0x2e,0x76,0x61,0x6c,0x75,0x65,0x5f,0x74,0x79,0x70,
    0x65,0xa3,0x69,0x33,0x32,0x85,0xa5,0x2e,0x6e,0x61,0x6d,0x65,0xa7,0x6d,0x61,0x67,
    0x69,0x63,0x5f,0x34,0xa7,0x2e,0x6f,0x66,0x66,0x73,0x65,0x74,0xcc,0x84,0xa5,0x2e,
    0x73,0x69,0x7a,0x65,0x04,0xab,0x2e,0x76,0x61,0x6c,0x75,0x65,0x5f,0x6b,0x69,0x6e,
    0x64,0xa8,0x62,0x79,0x5f,0x76,0x61,0x6c,0x75,0x65,0xab,0x2e,0x76,0x61,0x6c,0x75,
    0x65,0x5f,0x74,0x79,0x70,0x65,0xa3,0x69,0x33,0x32,0x85,0xa5,0x2e,0x6e,0x61,0x6d,
    0x65,0xa7,0x6d,0x61,0x67,0x69,0x63,0x5f,0x35,0xa7,0x2e,0x6f,0x66,0x66,0x73,0x65,
    0x74,0xcc,0x88,0xa5,0x2e,0x73,0x69,0x7a,0x65,0x04,0xab,0x2e,0x76,0x61,0x6c,0x75,
    0x65,0x5f,0x6b,0x69,0x6e,0x64,0xa8,0x62,0x79,0x5f,0x76,0x61,0x6c,0x75,0x65,0xab,
    0x2e,0x76,0x61,0x6c,0x75,0x65,0x5f,0x74,0x79,0x70,0x65,0xa3,0x69,0x33,0x32,0x85,
    0xa5,0x2e,0x6e,0x61,0x6d,0x65,0xac,0x73,0x68,0x69,0x66,0x74,0x5f,0x70,0x61,0x63,
    0x6b,0x5f,0x30,0xa7,0x2e,0x6f,0x66,0x66,0x73,0x65,0x74,0xcc,0x8c,0xa5,0x2e,0x73,
    0x69,0x7a,0x65,0x04,0xab,0x2e,0x76,0x61,0x6c,0x75,0x65,0x5f,0x6b,0x69,0x6e,0x64,
    0xa8,0x62,0x79,0x5f,0x76,0x61,0x6c,0x75,0x65,0xab,0x2e,0x76,0x61,0x6c,0x75,0x65,
    0x5f,0x74,0x79,0x70,0x65,0xa3,0x69,0x33,0x32,0x85,0xa5,0x2e,0x6e,0x61,0x6d,0x65,
    0xac,0x73,0x68,0x69,0x66,0x74,0x5f,0x70,0x61,0x63,0x6b,0x5f,0x31,0xa7,0x2e,0x6f,
    0x66,0x66,0x73,0x65,0x74,0xcc,0x90,0xa5,0x2e,0x73,0x69,0x7a,0x65,0x04,0xab,0x2e,
    0x76,0x61,0x6c,0x75,0x65,0x5f,0x6b,0x69,0x6e,0x64,0xa8,0x62,0x79,0x5f,0x76,0x61,
    0x6c,0x75,0x65,0xab,0x2e,0x76,0x61,0x6c,0x75,0x65,0x5f,0x74,0x79,0x70,0x65,0xa3,
    0x69,0x33,0x32,0xb9,0x2e,0x67,0x72,0x6f,0x75,0x70,0x5f,0x73,0x65,0x67,0x6d,0x65,
    0x6e,0x74,0x5f,0x66,0x69,0x78,0x65,0x64,0x5f,0x73,0x69,0x7a,0x65,0xcd,0x80,0x00,
    0xb6,0x2e,0x6b,0x65,0x72,0x6e,0x61,0x72,0x67,0x5f,0x73,0x65,0x67,0x6d,0x65,0x6e,
    0x74,0x5f,0x61,0x6c,0x69,0x67,0x6e,0x08,0xb5,0x2e,0x6b,0x65,0x72,0x6e,0x61,0x72,
    0x67,0x5f,0x73,0x65,0x67,0x6d,0x65,0x6e,0x74,0x5f,0x73,0x69,0x7a,0x65,0xcc,0x98,
    0xb8,0x2e,0x6d,0x61,0x78,0x5f,0x66,0x6c,0x61,0x74,0x5f,0x77,0x6f,0x72,0x6b,0x67,
    0x72,0x6f,0x75,0x70,0x5f,0x73,0x69,0x7a,0x65,0xcd,0x01,0x00,0xa5,0x2e,0x6e,0x61,
    0x6d,0x65,0xd9,0x61,0x63,0x6f,0x6e,0x76,0x5f,0x66,0x77,0x64,0x5f,0x67,0x74,0x63,
    0x77,0x34,0x5f,0x6e,0x68,0x77,0x63,0x5f,0x66,0x70,0x31,0x36,0x78,0x38,0x5f,0x65,
    0x78,0x30,0x5f,0x62,0x74,0x31,0x32,0x38,0x78,0x31,0x32,0x38,0x78,0x36,0x34,0x5f,
    0x77,0x72,0x32,0x78,0x34,0x5f,0x77,0x6e,0x34,0x78,0x32,0x5f,0x74,0x61,0x31,0x78,
    0x38,0x78,0x31,0x78,0x34,0x5f,0x31,0x78,0x38,0x78,0x31,0x78,0x33,0x32,0x5f,0x74,
    0x62,0x31,0x78,0x38,0x78,0x34,0x78,0x31,0x5f,0x31,0x78,0x38,0x78,0x31,0x78,0x33,
    0x32,0x5f,0x6d,0x62,0x30,0xbb,0x2e,0x70,0x72,0x69,0x76,0x61,0x74,0x65,0x5f,0x73,
    0x65,0x67,0x6d,0x65,0x6e,0x74,0x5f,0x66,0x69,0x78,0x65,0x64,0x5f,0x73,0x69,0x7a,
    0x65,0x00,0xb4,0x2e,0x72,0x65,0x71,0x64,0x5f,0x77,0x6f,0x72,0x6b,0x67,0x72,0x6f,
    0x75,0x70,0x5f,0x73,0x69,0x7a,0x65,0x93,0xcd,0x01,0x00,0x01,0x01,0xab,0x2e,0x73,
    0x67,0x70,0x72,0x5f,0x63,0x6f,0x75,0x6e,0x74,0x4e,0xa7,0x2e,0x73,0x79,0x6d,0x62,
    0x6f,0x6c,0xd9,0x64,0x63,0x6f,0x6e,0x76,0x5f,0x66,0x77,0x64,0x5f,0x67,0x74,0x63,
    0x77,0x34,0x5f,0x6e,0x68,0x77,0x63,0x5f,0x66,0x70,0x31,0x36,0x78,0x38,0x5f,0x65,
    0x78,0x30,0x5f,0x62,0x74,0x31,0x32,0x38,0x78,0x31,0x32,0x38,0x78,0x36,0x34,0x5f,
    0x77,0x72,0x32,0x78,0x34,0x5f,0x77,0x6e,0x34,0x78,0x32,0x5f,0x74,0x61,0x31,0x78,
    0x38,0x78,0x31,0x78,0x34,0x5f,0x31,0x78,0x38,0x78,0x31,0x78,0x33,0x32,0x5f,0x74,
    0x62,0x31,0x78,0x38,0x78,0x34,0x78,0x31,0x5f,0x31,0x78,0x38,0x78,0x31,0x78,0x33,
    0x32,0x5f,0x6d,0x62,0x30,0x2e,0x6b,0x64,0xab,0x2e,0x76,0x67,0x70,0x72,0x5f,0x63,
    0x6f,0x75,0x6e,0x74,0xcc,0x90,0xaf,0x2e,0x77,0x61,0x76,0x65,0x66,0x72,0x6f,0x6e,
    0x74,0x5f,0x73,0x69,0x7a,0x65,0x20,0xae,0x61,0x6d,0x64,0x68,0x73,0x61,0x2e,0x76,
    0x65,0x72,0x73,0x69,0x6f,0x6e,0x92,0x01,0x00,0x00,0x00,0x00,0x00,0x00,0x00,0x00,
    0x00,0x00,0x00,0x00,0x00,0x00,0x00,0x00,0x00,0x00,0x00,0x00,0x00,0x00,0x00,0x00,
    0x00,0x00,0x00,0x00,0x00,0x00,0x00,0x00,0x86,0x04,0x00,0x00,0x00,0x00,0xf1,0xff,
    0x00,0x00,0x00,0x00,0x00,0x00,0x00,0x00,0x00,0x00,0x00,0x00,0x00,0x00,0x00,0x00,
    0x2a,0x05,0x00,0x00,0x00,0x00,0xf1,0xff,0x41,0x00,0x00,0x00,0x00,0x00,0x00,0x00,
    0x00,0x00,0x00,0x00,0x00,0x00,0x00,0x00,0x0c,0x05,0x00,0x00,0x00,0x00,0xf1,0xff,
    0x4a,0x00,0x00,0x00,0x00,0x00,0x00,0x00,0x00,0x00,0x00,0x00,0x00,0x00,0x00,0x00,
    0x2e,0x05,0x00,0x00,0x00,0x00,0xf1,0xff,0x53,0x00,0x00,0x00,0x00,0x00,0x00,0x00,
    0x00,0x00,0x00,0x00,0x00,0x00,0x00,0x00,0x10,0x05,0x00,0x00,0x00,0x00,0xf1,0xff,
    0x63,0x00,0x00,0x00,0x00,0x00,0x00,0x00,0x00,0x00,0x00,0x00,0x00,0x00,0x00,0x00,
    0x73,0x01,0x00,0x00,0x00,0x00,0xf1,0xff,0x73,0x00,0x00,0x00,0x00,0x00,0x00,0x00,
    0x00,0x00,0x00,0x00,0x00,0x00,0x00,0x00,0x7e,0x01,0x00,0x00,0x00,0x00,0xf1,0xff,
    0x74,0x00,0x00,0x00,0x00,0x00,0x00,0x00,0x00,0x00,0x00,0x00,0x00,0x00,0x00,0x00,
    0x5d,0x01,0x00,0x00,0x00,0x00,0xf1,0xff,0x75,0x00,0x00,0x00,0x00,0x00,0x00,0x00,
    0x00,0x00,0x00,0x00,0x00,0x00,0x00,0x00,0x68,0x01,0x00,0x00,0x00,0x00,0xf1,0xff,
    0x76,0x00,0x00,0x00,0x00,0x00,0x00,0x00,0x00,0x00,0x00,0x00,0x00,0x00,0x00,0x00,
    0x3e,0x01,0x00,0x00,0x00,0x00,0xf1,0xff,0x77,0x00,0x00,0x00,0x00,0x00,0x00,0x00,
    0x00,0x00,0x00,0x00,0x00,0x00,0x00,0x00,0x1d,0x00,0x00,0x00,0x00,0x00,0xf1,0xff,
    0x7b,0x00,0x00,0x00,0x00,0x00,0x00,0x00,0x00,0x00,0x00,0x00,0x00,0x00,0x00,0x00,
    0x46,0x01,0x00,0x00,0x00,0x00,0xf1,0xff,0x7c,0x00,0x00,0x00,0x00,0x00,0x00,0x00,
    0x00,0x00,0x00,0x00,0x00,0x00,0x00,0x00,0x7d,0x04,0x00,0x00,0x00,0x00,0xf1,0xff,
    0x7d,0x00,0x00,0x00,0x00,0x00,0x00,0x00,0x00,0x00,0x00,0x00,0x00,0x00,0x00,0x00,
    0x9a,0x03,0x00,0x00,0x00,0x00,0xf1,0xff,0x7e,0x00,0x00,0x00,0x00,0x00,0x00,0x00,
    0x00,0x00,0x00,0x00,0x00,0x00,0x00,0x00,0x06,0x00,0x00,0x00,0x00,0x00,0xf1,0xff,
    0x7f,0x00,0x00,0x00,0x00,0x00,0x00,0x00,0x00,0x00,0x00,0x00,0x00,0x00,0x00,0x00,
    0x14,0x00,0x00,0x00,0x00,0x00,0xf1,0xff,0x80,0x00,0x00,0x00,0x00,0x00,0x00,0x00,
    0x00,0x00,0x00,0x00,0x00,0x00,0x00,0x00,0xe3,0x04,0x00,0x00,0x00,0x00,0xf1,0xff,
    0x81,0x00,0x00,0x00,0x00,0x00,0x00,0x00,0x00,0x00,0x00,0x00,0x00,0x00,0x00,0x00,
    0x06,0x02,0x00,0x00,0x00,0x00,0xf1,0xff,0x82,0x00,0x00,0x00,0x00,0x00,0x00,0x00,
    0x00,0x00,0x00,0x00,0x00,0x00,0x00,0x00,0x53,0x02,0x00,0x00,0x00,0x00,0xf1,0xff,
    0x83,0x00,0x00,0x00,0x00,0x00,0x00,0x00,0x00,0x00,0x00,0x00,0x00,0x00,0x00,0x00,
    0xa6,0x00,0x00,0x00,0x00,0x00,0xf1,0xff,0x82,0x00,0x00,0x00,0x00,0x00,0x00,0x00,
    0x00,0x00,0x00,0x00,0x00,0x00,0x00,0x00,0x0f,0x04,0x00,0x00,0x00,0x00,0xf1,0xff,
    0x84,0x00,0x00,0x00,0x00,0x00,0x00,0x00,0x00,0x00,0x00,0x00,0x00,0x00,0x00,0x00,
    0x0e,0x02,0x00,0x00,0x00,0x00,0xf1,0xff,0x85,0x00,0x00,0x00,0x00,0x00,0x00,0x00,
    0x00,0x00,0x00,0x00,0x00,0x00,0x00,0x00,0x40,0x02,0x00,0x00,0x00,0x00,0xf1,0xff,
    0x86,0x00,0x00,0x00,0x00,0x00,0x00,0x00,0x00,0x00,0x00,0x00,0x00,0x00,0x00,0x00,
    0x6b,0x02,0x00,0x00,0x00,0x00,0xf1,0xff,0x82,0x00,0x00,0x00,0x00,0x00,0x00,0x00,
    0x00,0x00,0x00,0x00,0x00,0x00,0x00,0x00,0x4a,0x02,0x00,0x00,0x00,0x00,0xf1,0xff,
    0x86,0x00,0x00,0x00,0x00,0x00,0x00,0x00,0x00,0x00,0x00,0x00,0x00,0x00,0x00,0x00,
    0x93,0x02,0x00,0x00,0x00,0x00,0xf1,0xff,0x84,0x00,0x00,0x00,0x00,0x00,0x00,0x00,
    0x00,0x00,0x00,0x00,0x00,0x00,0x00,0x00,0xd9,0x04,0x00,0x00,0x00,0x00,0xf1,0xff,
    0x81,0x00,0x00,0x00,0x00,0x00,0x00,0x00,0x00,0x00,0x00,0x00,0x00,0x00,0x00,0x00,
    0x7c,0x03,0x00,0x00,0x00,0x00,0xf1,0xff,0x83,0x00,0x00,0x00,0x00,0x00,0x00,0x00,
    0x00,0x00,0x00,0x00,0x00,0x00,0x00,0x00,0xf6,0x01,0x00,0x00,0x00,0x00,0xf1,0xff,
    0x73,0x00,0x00,0x00,0x00,0x00,0x00,0x00,0x00,0x00,0x00,0x00,0x00,0x00,0x00,0x00,
    0xdc,0x01,0x00,0x00,0x00,0x00,0xf1,0xff,0x74,0x00,0x00,0x00,0x00,0x00,0x00,0x00,
    0x00,0x00,0x00,0x00,0x00,0x00,0x00,0x00,0xb8,0x01,0x00,0x00,0x00,0x00,0xf1,0xff,
    0x75,0x00,0x00,0x00,0x00,0x00,0x00,0x00,0x00,0x00,0x00,0x00,0x00,0x00,0x00,0x00,
    0x35,0x01,0x00,0x00,0x00,0x00,0xf1,0xff,0x77,0x00,0x00,0x00,0x00,0x00,0x00,0x00,
    0x00,0x00,0x00,0x00,0x00,0x00,0x00,0x00,0x2c,0x00,0x00,0x00,0x00,0x00,0xf1,0xff,
    0x7e,0x00,0x00,0x00,0x00,0x00,0x00,0x00,0x00,0x00,0x00,0x00,0x00,0x00,0x00,0x00,
    0xb4,0x04,0x00,0x00,0x00,0x00,0xf1,0xff,0x81,0x00,0x00,0x00,0x00,0x00,0x00,0x00,
    0x00,0x00,0x00,0x00,0x00,0x00,0x00,0x00,0xac,0x01,0x00,0x00,0x00,0x00,0xf1,0xff,
    0x88,0x00,0x00,0x00,0x00,0x00,0x00,0x00,0x00,0x00,0x00,0x00,0x00,0x00,0x00,0x00,
    0x25,0x05,0x00,0x00,0x00,0x00,0xf1,0xff,0x00,0x00,0x00,0x00,0x00,0x00,0x00,0x00,
    0x00,0x00,0x00,0x00,0x00,0x00,0x00,0x00,0x27,0x00,0x00,0x00,0x00,0x00,0xf1,0xff,
    0x02,0x00,0x00,0x00,0x00,0x00,0x00,0x00,0x00,0x00,0x00,0x00,0x00,0x00,0x00,0x00,
    0x0f,0x00,0x00,0x00,0x00,0x00,0xf1,0xff,0x03,0x00,0x00,0x00,0x00,0x00,0x00,0x00,
    0x00,0x00,0x00,0x00,0x00,0x00,0x00,0x00,0x01,0x00,0x00,0x00,0x00,0x00,0xf1,0xff,
    0x04,0x00,0x00,0x00,0x00,0x00,0x00,0x00,0x00,0x00,0x00,0x00,0x00,0x00,0x00,0x00,
    0x39,0x02,0x00,0x00,0x00,0x00,0xf1,0xff,0x05,0x00,0x00,0x00,0x00,0x00,0x00,0x00,
    0x00,0x00,0x00,0x00,0x00,0x00,0x00,0x00,0x89,0x01,0x00,0x00,0x00,0x00,0xf1,0xff,
    0x06,0x00,0x00,0x00,0x00,0x00,0x00,0x00,0x00,0x00,0x00,0x00,0x00,0x00,0x00,0x00,
    0x8b,0x03,0x00,0x00,0x00,0x00,0xf1,0xff,0x07,0x00,0x00,0x00,0x00,0x00,0x00,0x00,
    0x00,0x00,0x00,0x00,0x00,0x00,0x00,0x00,0xd2,0x02,0x00,0x00,0x00,0x00,0xf1,0xff,
    0x08,0x00,0x00,0x00,0x00,0x00,0x00,0x00,0x00,0x00,0x00,0x00,0x00,0x00,0x00,0x00,
    0xcd,0x02,0x00,0x00,0x00,0x00,0xf1,0xff,0x09,0x00,0x00,0x00,0x00,0x00,0x00,0x00,
    0x00,0x00,0x00,0x00,0x00,0x00,0x00,0x00,0x18,0x02,0x00,0x00,0x00,0x00,0xf1,0xff,
    0x0a,0x00,0x00,0x00,0x00,0x00,0x00,0x00,0x00,0x00,0x00,0x00,0x00,0x00,0x00,0x00,
    0x72,0x02,0x00,0x00,0x00,0x00,0xf1,0xff,0x0b,0x00,0x00,0x00,0x00,0x00,0x00,0x00,
    0x00,0x00,0x00,0x00,0x00,0x00,0x00,0x00,0x8a,0x04,0x00,0x00,0x00,0x00,0xf1,0xff,
    0x0c,0x00,0x00,0x00,0x00,0x00,0x00,0x00,0x00,0x00,0x00,0x00,0x00,0x00,0x00,0x00,
    0x87,0x03,0x00,0x00,0x00,0x00,0xf1,0xff,0x0d,0x00,0x00,0x00,0x00,0x00,0x00,0x00,
    0x00,0x00,0x00,0x00,0x00,0x00,0x00,0x00,0xf1,0x01,0x00,0x00,0x00,0x00,0xf1,0xff,
    0x0e,0x00,0x00,0x00,0x00,0x00,0x00,0x00,0x00,0x00,0x00,0x00,0x00,0x00,0x00,0x00,
    0xcd,0x01,0x00,0x00,0x00,0x00,0xf1,0xff,0x0f,0x00,0x00,0x00,0x00,0x00,0x00,0x00,
    0x00,0x00,0x00,0x00,0x00,0x00,0x00,0x00,0x2b,0x02,0x00,0x00,0x00,0x00,0xf1,0xff,
    0x10,0x00,0x00,0x00,0x00,0x00,0x00,0x00,0x00,0x00,0x00,0x00,0x00,0x00,0x00,0x00,
    0x8e,0x04,0x00,0x00,0x00,0x00,0xf1,0xff,0x11,0x00,0x00,0x00,0x00,0x00,0x00,0x00,
    0x00,0x00,0x00,0x00,0x00,0x00,0x00,0x00,0xfd,0x02,0x00,0x00,0x00,0x00,0xf1,0xff,
    0x12,0x00,0x00,0x00,0x00,0x00,0x00,0x00,0x00,0x00,0x00,0x00,0x00,0x00,0x00,0x00,
    0x8a,0x00,0x00,0x00,0x00,0x00,0xf1,0xff,0x13,0x00,0x00,0x00,0x00,0x00,0x00,0x00,
    0x00,0x00,0x00,0x00,0x00,0x00,0x00,0x00,0x1c,0x02,0x00,0x00,0x00,0x00,0xf1,0xff,
    0x14,0x00,0x00,0x00,0x00,0x00,0x00,0x00,0x00,0x00,0x00,0x00,0x00,0x00,0x00,0x00,
    0xa0,0x02,0x00,0x00,0x00,0x00,0xf1,0xff,0x15,0x00,0x00,0x00,0x00,0x00,0x00,0x00,
    0x00,0x00,0x00,0x00,0x00,0x00,0x00,0x00,0xee,0x02,0x00,0x00,0x00,0x00,0xf1,0xff,
    0x16,0x00,0x00,0x00,0x00,0x00,0x00,0x00,0x00,0x00,0x00,0x00,0x00,0x00,0x00,0x00,
    0x7b,0x00,0x00,0x00,0x00,0x00,0xf1,0xff,0x17,0x00,0x00,0x00,0x00,0x00,0x00,0x00,
    0x00,0x00,0x00,0x00,0x00,0x00,0x00,0x00,0x57,0x00,0x00,0x00,0x00,0x00,0xf1,0xff,
    0x18,0x00,0x00,0x00,0x00,0x00,0x00,0x00,0x00,0x00,0x00,0x00,0x00,0x00,0x00,0x00,
    0x40,0x00,0x00,0x00,0x00,0x00,0xf1,0xff,0x19,0x00,0x00,0x00,0x00,0x00,0x00,0x00,
    0x00,0x00,0x00,0x00,0x00,0x00,0x00,0x00,0x63,0x00,0x00,0x00,0x00,0x00,0xf1,0xff,
    0x1a,0x00,0x00,0x00,0x00,0x00,0x00,0x00,0x00,0x00,0x00,0x00,0x00,0x00,0x00,0x00,
    0x4e,0x00,0x00,0x00,0x00,0x00,0xf1,0xff,0x1b,0x00,0x00,0x00,0x00,0x00,0x00,0x00,
    0x00,0x00,0x00,0x00,0x00,0x00,0x00,0x00,0xff,0x01,0x00,0x00,0x00,0x00,0xf1,0xff,
    0x1c,0x00,0x00,0x00,0x00,0x00,0x00,0x00,0x00,0x00,0x00,0x00,0x00,0x00,0x00,0x00,
    0xd7,0x02,0x00,0x00,0x00,0x00,0xf1,0xff,0x20,0x00,0x00,0x00,0x00,0x00,0x00,0x00,
    0x00,0x00,0x00,0x00,0x00,0x00,0x00,0x00,0x9e,0x00,0x00,0x00,0x00,0x00,0xf1,0xff,
    0x24,0x00,0x00,0x00,0x00,0x00,0x00,0x00,0x00,0x00,0x00,0x00,0x00,0x00,0x00,0x00,
    0xe8,0x05,0x00,0x00,0x00,0x00,0xf1,0xff,0x28,0x00,0x00,0x00,0x00,0x00,0x00,0x00,
    0x00,0x00,0x00,0x00,0x00,0x00,0x00,0x00,0x6d,0x05,0x00,0x00,0x00,0x00,0xf1,0xff,
    0x29,0x00,0x00,0x00,0x00,0x00,0x00,0x00,0x00,0x00,0x00,0x00,0x00,0x00,0x00,0x00,
    0x54,0x05,0x00,0x00,0x00,0x00,0xf1,0xff,0x2a,0x00,0x00,0x00,0x00,0x00,0x00,0x00,
    0x00,0x00,0x00,0x00,0x00,0x00,0x00,0x00,0x4a,0x05,0x00,0x00,0x00,0x00,0xf1,0xff,
    0x2b,0x00,0x00,0x00,0x00,0x00,0x00,0x00,0x00,0x00,0x00,0x00,0x00,0x00,0x00,0x00,
    0x40,0x05,0x00,0x00,0x00,0x00,0xf1,0xff,0x2c,0x00,0x00,0x00,0x00,0x00,0x00,0x00,
    0x00,0x00,0x00,0x00,0x00,0x00,0x00,0x00,0x36,0x05,0x00,0x00,0x00,0x00,0xf1,0xff,
    0x2d,0x00,0x00,0x00,0x00,0x00,0x00,0x00,0x00,0x00,0x00,0x00,0x00,0x00,0x00,0x00,
    0xd9,0x05,0x00,0x00,0x00,0x00,0xf1,0xff,0x2e,0x00,0x00,0x00,0x00,0x00,0x00,0x00,
    0x00,0x00,0x00,0x00,0x00,0x00,0x00,0x00,0x5e,0x05,0x00,0x00,0x00,0x00,0xf1,0xff,
    0x2f,0x00,0x00,0x00,0x00,0x00,0x00,0x00,0x00,0x00,0x00,0x00,0x00,0x00,0x00,0x00,
    0xbe,0x02,0x00,0x00,0x00,0x00,0xf1,0xff,0x30,0x00,0x00,0x00,0x00,0x00,0x00,0x00,
    0x00,0x00,0x00,0x00,0x00,0x00,0x00,0x00,0x9e,0x01,0x00,0x00,0x00,0x00,0xf1,0xff,
    0x31,0x00,0x00,0x00,0x00,0x00,0x00,0x00,0x00,0x00,0x00,0x00,0x00,0x00,0x00,0x00,
    0x90,0x01,0x00,0x00,0x00,0x00,0xf1,0xff,0x32,0x00,0x00,0x00,0x00,0x00,0x00,0x00,
    0x00,0x00,0x00,0x00,0x00,0x00,0x00,0x00,0x5c,0x02,0x00,0x00,0x00,0x00,0xf1,0xff,
    0x33,0x00,0x00,0x00,0x00,0x00,0x00,0x00,0x00,0x00,0x00,0x00,0x00,0x00,0x00,0x00,
    0xec,0x04,0x00,0x00,0x00,0x00,0xf1,0xff,0x34,0x00,0x00,0x00,0x00,0x00,0x00,0x00,
    0x00,0x00,0x00,0x00,0x00,0x00,0x00,0x00,0xaf,0x02,0x00,0x00,0x00,0x00,0xf1,0xff,
    0x35,0x00,0x00,0x00,0x00,0x00,0x00,0x00,0x00,0x00,0x00,0x00,0x00,0x00,0x00,0x00,
    0x76,0x02,0x00,0x00,0x00,0x00,0xf1,0xff,0x36,0x00,0x00,0x00,0x00,0x00,0x00,0x00,
    0x00,0x00,0x00,0x00,0x00,0x00,0x00,0x00,0x9c,0x04,0x00,0x00,0x00,0x00,0xf1,0xff,
    0x37,0x00,0x00,0x00,0x00,0x00,0x00,0x00,0x00,0x00,0x00,0x00,0x00,0x00,0x00,0x00,
    0xc4,0x04,0x00,0x00,0x00,0x00,0xf1,0xff,0x38,0x00,0x00,0x00,0x00,0x00,0x00,0x00,
    0x00,0x00,0x00,0x00,0x00,0x00,0x00,0x00,0xd2,0x01,0x00,0x00,0x00,0x00,0xf1,0xff,
    0x39,0x00,0x00,0x00,0x00,0x00,0x00,0x00,0x00,0x00,0x00,0x00,0x00,0x00,0x00,0x00,
    0x1c,0x01,0x00,0x00,0x00,0x00,0xf1,0xff,0x3a,0x00,0x00,0x00,0x00,0x00,0x00,0x00,
    0x00,0x00,0x00,0x00,0x00,0x00,0x00,0x00,0x28,0x01,0x00,0x00,0x00,0x00,0xf1,0xff,
    0x3b,0x00,0x00,0x00,0x00,0x00,0x00,0x00,0x00,0x00,0x00,0x00,0x00,0x00,0x00,0x00,
    0x4f,0x01,0x00,0x00,0x00,0x00,0xf1,0xff,0x3d,0x00,0x00,0x00,0x00,0x00,0x00,0x00,
    0x00,0x00,0x00,0x00,0x00,0x00,0x00,0x00,0x6c,0x00,0x00,0x00,0x00,0x00,0xf1,0xff,
    0x10,0x00,0x00,0x00,0x00,0x00,0x00,0x00,0x00,0x00,0x00,0x00,0x00,0x00,0x00,0x00,
    0xdf,0x02,0x00,0x00,0x00,0x00,0xf1,0xff,0x13,0x00,0x00,0x00,0x00,0x00,0x00,0x00,
    0x00,0x00,0x00,0x00,0x00,0x00,0x00,0x00,0xe6,0x01,0x00,0x00,0x00,0x00,0xf1,0xff,
    0x3e,0x00,0x00,0x00,0x00,0x00,0x00,0x00,0x00,0x00,0x00,0x00,0x00,0x00,0x00,0x00,
    0xc2,0x01,0x00,0x00,0x00,0x00,0xf1,0xff,0x3f,0x00,0x00,0x00,0x00,0x00,0x00,0x00,
    0x00,0x00,0x00,0x00,0x00,0x00,0x00,0x00,0xb2,0x01,0x00,0x00,0x00,0x00,0xf1,0xff,
    0x40,0x00,0x00,0x00,0x00,0x00,0x00,0x00,0x00,0x00,0x00,0x00,0x00,0x00,0x00,0x00,
    0xa4,0x03,0x00,0x00,0x00,0x00,0x02,0x00,0xf4,0x0a,0x00,0x00,0x00,0x00,0x00,0x00,
    0x00,0x00,0x00,0x00,0x00,0x00,0x00,0x00,0xaf,0x00,0x00,0x00,0x00,0x00,0x02,0x00,
    0xd4,0x06,0x00,0x00,0x00,0x00,0x00,0x00,0x00,0x00,0x00,0x00,0x00,0x00,0x00,0x00,
    0x0b,0x03,0x00,0x00,0x00,0x00,0x02,0x00,0xb8,0x0a,0x00,0x00,0x00,0x00,0x00,0x00,
    0x00,0x00,0x00,0x00,0x00,0x00,0x00,0x00,0x77,0x05,0x00,0x00,0x12,0x03,0x02,0x00,
    0x00,0x00,0x00,0x00,0x00,0x00,0x00,0x00,0x00,0x00,0x00,0x00,0x00,0x00,0x00,0x00,
    0x18,0x04,0x00,0x00,0x11,0x00,0x03,0x00,0x00,0x00,0x00,0x00,0x00,0x00,0x00,0x00,
    0x40,0x00,0x00,0x00,0x00,0x00,0x00,0x00,0x10,0x00,0x00,0x00,0x00,0x00,0x00,0x00,
    0x05,0x00,0x00,0x00,0x5f,0x00,0x00,0x00,0x10,0x00,0x00,0x00,0x00,0x00,0x00,0x00,
    0x00,0x73,0x5f,0x62,0x7a,0x00,0x76,0x5f,0x67,0x74,0x63,0x5f,0x69,0x79,0x00,0x73,
    0x5f,0x62,0x79,0x00,0x76,0x5f,0x67,0x74,0x63,0x5f,0x69,0x78,0x00,0x76,0x5f,0x77,
    0x65,0x69,0x5f,0x69,0x64,0x78,0x00,0x73,0x5f,0x62,0x78,0x00,0x76,0x5f,0x64,0x69,
    0x66,0x66,0x5f,0x69,0x6e,0x5f,0x69,0x77,0x69,0x5f,0x61,0x63,0x63,0x5f,0x78,0x00,
    0x73,0x5f,0x64,0x69,0x6c,0x61,0x74,0x69,0x6f,0x6e,0x5f,0x68,0x77,0x00,0x73,0x5f,
    0x77,0x65,0x69,0x5f,0x68,0x77,0x00,0x73,0x5f,0x73,0x74,0x72,0x69,0x64,0x65,0x5f,
    0x68,0x77,0x00,0x73,0x5f,0x70,0x61,0x64,0x5f,0x68,0x77,0x00,0x73,0x5f,0x78,0x5f,
    0x64,0x69,0x6c,0x61,0x74,0x69,0x6f,0x6e,0x5f,0x77,0x00,0x73,0x5f,0x6f,0x75,0x74,
    0x5f,0x73,0x74,0x72,0x69,0x64,0x65,0x5f,0x77,0x00,0x73,0x5f,0x69,0x6e,0x5f,0x73,
    0x74,0x72,0x69,0x64,0x65,0x5f,0x77,0x00,0x2e,0x74,0x65,0x78,0x74,0x00,0x73,0x5f,
    0x70,0x5f,0x6f,0x75,0x74,0x00,0x76,0x5f,0x63,0x6f,0x5f,0x73,0x73,0x74,0x00,0x63,
    0x6f,0x6e,0x76,0x5f,0x66,0x77,0x64,0x5f,0x67,0x74,0x63,0x77,0x34,0x5f,0x6e,0x68,
    0x77,0x63,0x5f,0x66,0x70,0x31,0x36,0x78,0x38,0x5f,0x65,0x78,0x30,0x5f,0x62,0x74,
    0x31,0x32,0x38,0x78,0x31,0x32,0x38,0x78,0x36,0x34,0x5f,0x77,0x72,0x32,0x78,0x34,
    0x5f,0x77,0x6e,0x34,0x78,0x32,0x5f,0x74,0x61,0x31,0x78,0x38,0x78,0x31,0x78,0x34,
    0x5f,0x31,0x78,0x38,0x78,0x31,0x78,0x33,0x32,0x5f,0x74,0x62,0x31,0x78,0x38,0x78,
    0x34,0x78,0x31,0x5f,0x31,0x78,0x38,0x78,0x31,0x78,0x33,0x32,0x5f,0x6d,0x62,0x30,
    0x5f,0x6c,0x6f,0x6f,0x70,0x5f,0x73,0x74,0x61,0x72,0x74,0x00,0x73,0x5f,0x69,0x6e,
    0x5f,0x6f,0x66,0x66,0x73,0x65,0x74,0x00,0x73,0x5f,0x77,0x65,0x69,0x5f,0x6f,0x66,
    0x66,0x73,0x65,0x74,0x00,0x76,0x5f,0x6f,0x75,0x74,0x5f,0x6f,0x73,0x00,0x76,0x5f,
    0x69,0x6e,0x5f,0x6f,0x73,0x00,0x76,0x5f,0x77,0x65,0x69,0x5f,0x6f,0x73,0x00,0x73,
    0x5f,0x77,0x65,0x69,0x5f,0x62,0x61,0x73,0x65,0x5f,0x6f,0x73,0x00,0x76,0x5f,0x73,
    0x73,0x74,0x5f,0x62,0x5f,0x6f,0x73,0x00,0x76,0x5f,0x73,0x6c,0x64,0x5f,0x62,0x5f,
    0x6f,0x73,0x00,0x76,0x5f,0x73,0x73,0x74,0x5f,0x61,0x5f,0x6f,0x73,0x00,0x76,0x5f,
    0x73,0x6c,0x64,0x5f,0x61,0x5f,0x6f,0x73,0x00,0x73,0x5f,0x6b,0x69,0x74,0x72,0x00,
    0x73,0x5f,0x6b,0x5f,0x70,0x65,0x72,0x5f,0x67,0x72,0x6f,0x75,0x70,0x00,0x73,0x5f,
    0x63,0x5f,0x70,0x65,0x72,0x5f,0x67,0x72,0x6f,0x75,0x70,0x00,0x76,0x5f,0x74,0x6d,
    0x70,0x00,0x73,0x5f,0x74,0x6d,0x70,0x00,0x76,0x5f,0x6f,0x75,0x74,0x5f,0x69,0x77,
    0x6f,0x00,0x73,0x5f,0x73,0x68,0x69,0x66,0x74,0x5f,0x77,0x6f,0x00,0x73,0x5f,0x77,
    0x6f,0x00,0x73,0x5f,0x6e,0x5f,0x68,0x6f,0x5f,0x77,0x6f,0x00,0x76,0x5f,0x6f,0x75,
    0x74,0x5f,0x69,0x68,0x6f,0x00,0x73,0x5f,0x73,0x68,0x69,0x66,0x74,0x5f,0x68,0x6f,
    0x00,0x73,0x5f,0x68,0x6f,0x00,0x76,0x5f,0x6f,0x75,0x74,0x5f,0x69,0x6e,0x00,0x73,
    0x5f,0x70,0x5f,0x69,0x6e,0x00,0x76,0x5f,0x69,0x6e,0x5f,0x69,0x6e,0x00,0x76,0x5f,
    0x67,0x65,0x6d,0x6d,0x5f,0x69,0x6e,0x00,0x73,0x5f,0x6e,0x00,0x73,0x5f,0x6f,0x75,
    0x74,0x5f,0x73,0x74,0x72,0x69,0x64,0x65,0x5f,0x6e,0x00,0x73,0x5f,0x69,0x6e,0x5f,
    0x73,0x74,0x72,0x69,0x64,0x65,0x5f,0x6e,0x00,0x73,0x5f,0x6b,0x6e,0x75,0x6d,0x00,
    0x76,0x5f,0x67,0x65,0x6d,0x6d,0x5f,0x69,0x6d,0x00,0x76,0x5f,0x6f,0x75,0x74,0x5f,
    0x69,0x6b,0x00,0x76,0x5f,0x77,0x65,0x69,0x5f,0x69,0x6b,0x00,0x73,0x5f,0x62,0x6c,
    0x6f,0x63,0x6b,0x5f,0x67,0x74,0x63,0x5f,0x69,0x6b,0x00,0x76,0x5f,0x6f,0x75,0x74,
    0x5f,0x6f,0x73,0x5f,0x6b,0x00,0x73,0x5f,0x6d,0x6f,0x76,0x65,0x5f,0x73,0x6c,0x69,
    0x63,0x65,0x5f,0x6b,0x5f,0x73,0x74,0x72,0x69,0x64,0x65,0x5f,0x67,0x65,0x6d,0x6d,
    0x5f,0x6b,0x00,0x76,0x5f,0x6f,0x75,0x74,0x5f,0x66,0x6c,0x61,0x67,0x5f,0x6b,0x00,
    0x73,0x5f,0x6f,0x75,0x74,0x5f,0x73,0x74,0x72,0x69,0x64,0x65,0x5f,0x6b,0x00,0x73,
    0x5f,0x77,0x65,0x69,0x5f,0x73,0x74,0x72,0x69,0x64,0x65,0x5f,0x6b,0x00,0x73,0x5f,
    0x6d,0x6f,0x76,0x65,0x5f,0x73,0x6c,0x69,0x63,0x65,0x5f,0x6b,0x00,0x73,0x5f,0x77,
    0x69,0x00,0x73,0x5f,0x68,0x69,0x00,0x73,0x5f,0x70,0x5f,0x77,0x65,0x69,0x00,0x73,
    0x5f,0x79,0x5f,0x64,0x69,0x6c,0x61,0x74,0x69,0x6f,0x6e,0x5f,0x68,0x00,0x73,0x5f,
    0x6f,0x75,0x74,0x5f,0x73,0x74,0x72,0x69,0x64,0x65,0x5f,0x68,0x00,0x73,0x5f,0x69,
    0x6e,0x5f,0x73,0x74,0x72,0x69,0x64,0x65,0x5f,0x68,0x00,0x63,0x6f,0x6e,0x76,0x5f,
    0x66,0x77,0x64,0x5f,0x67,0x74,0x63,0x77,0x34,0x5f,0x6e,0x68,0x77,0x63,0x5f,0x66,
    0x70,0x31,0x36,0x78,0x38,0x5f,0x65,0x78,0x30,0x5f,0x62,0x74,0x31,0x32,0x38,0x78,
    0x31,0x32,0x38,0x78,0x36,0x34,0x5f,0x77,0x72,0x32,0x78,0x34,0x5f,0x77,0x6e,0x34,
    0x78,0x32,0x5f,0x74,0x61,0x31,0x78,0x38,0x78,0x31,0x78,0x34,0x5f,0x31,0x78,0x38,
    0x78,0x31,0x78,0x33,0x32,0x5f,0x74,0x62,0x31,0x78,0x38,0x78,0x34,0x78,0x31,0x5f,
    0x31,0x78,0x38,0x78,0x31,0x78,0x33,0x32,0x5f,0x6d,0x62,0x30,0x5f,0x6c,0x6f,0x6f,
    0x70,0x5f,0x66,0x69,0x6e,0x69,0x73,0x68,0x69,0x6e,0x67,0x00,0x76,0x5f,0x6f,0x75,
    0x74,0x5f,0x66,0x6c,0x61,0x67,0x00,0x73,0x5f,0x67,0x00,0x73,0x5f,0x30,0x78,0x66,
    0x66,0x66,0x66,0x00,0x2e,0x6e,0x6f,0x74,0x65,0x00,0x76,0x5f,0x67,0x74,0x63,0x5f,
    0x69,0x63,0x65,0x00,0x63,0x6f,0x6e,0x76,0x5f,0x66,0x77,0x64,0x5f,0x67,0x74,0x63,
    0x77,0x34,0x5f,0x6e,0x68,0x77,0x63,0x5f,0x66,0x70,0x31,0x36,0x78,0x38,0x5f,0x65,
    0x78,0x30,0x5f,0x62,0x74,0x31,0x32,0x38,0x78,0x31,0x32,0x38,0x78,0x36,0x34,0x5f,
    0x77,0x72,0x32,0x78,0x34,0x5f,0x77,0x6e,0x34,0x78,0x32,0x5f,0x74,0x61,0x31,0x78,
    0x38,0x78,0x31,0x78,0x34,0x5f,0x31,0x78,0x38,0x78,0x31,0x78,0x33,0x32,0x5f,0x74,
    0x62,0x31,0x78,0x38,0x78,0x34,0x78,0x31,0x5f,0x31,0x78,0x38,0x78,0x31,0x78,0x33,
    0x32,0x5f,0x6d,0x62,0x30,0x5f,0x6c,0x6f,0x6f,0x70,0x5f,0x65,0x6e,0x64,0x00,0x76,
    0x5f,0x63,0x6f,0x5f,0x73,0x6c,0x64,0x00,0x63,0x6f,0x6e,0x76,0x5f,0x66,0x77,0x64,
    0x5f,0x67,0x74,0x63,0x77,0x34,0x5f,0x6e,0x68,0x77,0x63,0x5f,0x66,0x70,0x31,0x36,
    0x78,0x38,0x5f,0x65,0x78,0x30,0x5f,0x62,0x74,0x31,0x32,0x38,0x78,0x31,0x32,0x38,
    0x78,0x36,0x34,0x5f,0x77,0x72,0x32,0x78,0x34,0x5f,0x77,0x6e,0x34,0x78,0x32,0x5f,
    0x74,0x61,0x31,0x78,0x38,0x78,0x31,0x78,0x34,0x5f,0x31,0x78,0x38,0x78,0x31,0x78,
    0x33,0x32,0x5f,0x74,0x62,0x31,0x78,0x38,0x78,0x34,0x78,0x31,0x5f,0x31,0x78,0x38,
    0x78,0x31,0x78,0x33,0x32,0x5f,0x6d,0x62,0x30,0x2e,0x6b,0x64,0x00,0x76,0x5f,0x67,
    0x74,0x63,0x5f,0x69,0x63,0x00,0x76,0x5f,0x63,0x00,0x73,0x5f,0x63,0x00,0x73,0x5f,
    0x69,0x6e,0x5f,0x73,0x74,0x72,0x69,0x64,0x65,0x5f,0x63,0x00,0x73,0x5f,0x6d,0x6f,
    0x76,0x65,0x5f,0x73,0x6c,0x69,0x63,0x65,0x5f,0x6b,0x5f,0x73,0x74,0x72,0x69,0x64,
    0x65,0x5f,0x63,0x00,0x76,0x5f,0x64,0x69,0x66,0x66,0x5f,0x69,0x6e,0x5f,0x61,0x63,
    0x63,0x5f,0x63,0x00,0x73,0x5f,0x6d,0x6f,0x76,0x65,0x5f,0x73,0x6c,0x69,0x63,0x65,
    0x5f,0x6b,0x5f,0x61,0x63,0x63,0x5f,0x63,0x00,0x76,0x5f,0x6f,0x75,0x74,0x5f,0x69,
    0x6e,0x62,0x00,0x76,0x5f,0x69,0x6e,0x5f,0x69,0x6e,0x62,0x00,0x73,0x5f,0x62,0x6c,
    0x6f,0x63,0x6b,0x5f,0x67,0x74,0x63,0x5f,0x69,0x6e,0x62,0x00,0x2e,0x73,0x74,0x72,
    0x74,0x61,0x62,0x00,0x2e,0x73,0x79,0x6d,0x74,0x61,0x62,0x00,0x76,0x5f,0x62,0x00,
    0x76,0x5f,0x67,0x6c,0x64,0x5f,0x62,0x00,0x2e,0x72,0x65,0x6c,0x61,0x2e,0x72,0x6f,
    0x64,0x61,0x74,0x61,0x00,0x73,0x5f,0x6b,0x61,0x00,0x76,0x5f,0x61,0x00,0x76,0x5f,
    0x67,0x6c,0x64,0x5f,0x61,0x00,0x73,0x5f,0x6d,0x61,0x67,0x69,0x63,0x5f,0x35,0x00,
    0x73,0x5f,0x6d,0x61,0x67,0x69,0x63,0x5f,0x34,0x00,0x73,0x5f,0x6d,0x61,0x67,0x69,
    0x63,0x5f,0x33,0x00,0x73,0x5f,0x6d,0x61,0x67,0x69,0x63,0x5f,0x32,0x00,0x73,0x5f,
    0x73,0x68,0x69,0x66,0x74,0x5f,0x70,0x61,0x63,0x6b,0x5f,0x31,0x00,0x73,0x5f,0x6d,
    0x61,0x67,0x69,0x63,0x5f,0x31,0x00,0x63,0x6f,0x6e,0x76,0x5f,0x66,0x77,0x64,0x5f,
    0x67,0x74,0x63,0x77,0x34,0x5f,0x6e,0x68,0x77,0x63,0x5f,0x66,0x70,0x31,0x36,0x78,
    0x38,0x5f,0x65,0x78,0x30,0x5f,0x62,0x74,0x31,0x32,0x38,0x78,0x31,0x32,0x38,0x78,
    0x36,0x34,0x5f,0x77,0x72,0x32,0x78,0x34,0x5f,0x77,0x6e,0x34,0x78,0x32,0x5f,0x74,
    0x61,0x31,0x78,0x38,0x78,0x31,0x78,0x34,0x5f,0x31,0x78,0x38,0x78,0x31,0x78,0x33,
    0x32,0x5f,0x74,0x62,0x31,0x78,0x38,0x78,0x34,0x78,0x31,0x5f,0x31,0x78,0x38,0x78,
    0x31,0x78,0x33,0x32,0x5f,0x6d,0x62,0x30,0x00,0x73,0x5f,0x73,0x68,0x69,0x66,0x74,
    0x5f,0x70,0x61,0x63,0x6b,0x5f,0x30,0x00,0x73,0x5f,0x6d,0x61,0x67,0x69,0x63,0x5f,
    0x30,0x00,0x00,0x00,0x00,0x00,0x00,0x00,0x00,0x00,0x00,0x00,0x00,0x00,0x00,0x00,
    0x00,0x00,0x00,0x00,0x00,0x00,0x00,0x00,0x00,0x00,0x00,0x00,0x00,0x00,0x00,0x00,
    0x00,0x00,0x00,0x00,0x00,0x00,0x00,0x00,0x00,0x00,0x00,0x00,0x00,0x00,0x00,0x00,
    0x00,0x00,0x00,0x00,0x00,0x00,0x00,0x00,0x00,0x00,0x00,0x00,0x00,0x00,0x00,0x00,
    0x00,0x00,0x00,0x00,0x00,0x00,0x00,0x00,0xfc,0x04,0x00,0x00,0x03,0x00,0x00,0x00,
    0x00,0x00,0x00,0x00,0x00,0x00,0x00,0x00,0x00,0x00,0x00,0x00,0x00,0x00,0x00,0x00,
    0x00,0x28,0x00,0x00,0x00,0x00,0x00,0x00,0xf2,0x05,0x00,0x00,0x00,0x00,0x00,0x00,
    0x00,0x00,0x00,0x00,0x00,0x00,0x00,0x00,0x01,0x00,0x00,0x00,0x00,0x00,0x00,0x00,
    0x00,0x00,0x00,0x00,0x00,0x00,0x00,0x00,0x98,0x00,0x00,0x00,0x01,0x00,0x00,0x00,
    0x06,0x00,0x00,0x00,0x00,0x00,0x00,0x00,0x00,0x00,0x00,0x00,0x00,0x00,0x00,0x00,
    0x00,0x01,0x00,0x00,0x00,0x00,0x00,0x00,0x0c,0x12,0x00,0x00,0x00,0x00,0x00,0x00,
    0x00,0x00,0x00,0x00,0x00,0x00,0x00,0x00,0x00,0x01,0x00,0x00,0x00,0x00,0x00,0x00,
    0x00,0x00,0x00,0x00,0x00,0x00,0x00,0x00,0x1d,0x05,0x00,0x00,0x01,0x00,0x00,0x00,
    0x02,0x00,0x00,0x00,0x00,0x00,0x00,0x00,0x00,0x00,0x00,0x00,0x00,0x00,0x00,0x00,
    0x40,0x13,0x00,0x00,0x00,0x00,0x00,0x00,0x40,0x00,0x00,0x00,0x00,0x00,0x00,0x00,
    0x00,0x00,0x00,0x00,0x00,0x00,0x00,0x00,0x40,0x00,0x00,0x00,0x00,0x00,0x00,0x00,
    0x00,0x00,0x00,0x00,0x00,0x00,0x00,0x00,0x18,0x05,0x00,0x00,0x04,0x00,0x00,0x00,
    0x40,0x00,0x00,0x00,0x00,0x00,0x00,0x00,0x00,0x00,0x00,0x00,0x00,0x00,0x00,0x00,
    0xe8,0x27,0x00,0x00,0x00,0x00,0x00,0x00,0x18,0x00,0x00,0x00,0x00,0x00,0x00,0x00,
    0x06,0x00,0x00,0x00,0x03,0x00,0x00,0x00,0x08,0x00,0x00,0x00,0x00,0x00,0x00,0x00,
    0x18,0x00,0x00,0x00,0x00,0x00,0x00,0x00,0x94,0x03,0x00,0x00,0x07,0x00,0x00,0x00,
    0x02,0x00,0x00,0x00,0x00,0x00,0x00,0x00,0x00,0x00,0x00,0x00,0x00,0x00,0x00,0x00,
    0x80,0x13,0x00,0x00,0x00,0x00,0x00,0x00,0x4c,0x0b,0x00,0x00,0x00,0x00,0x00,0x00,
    0x00,0x00,0x00,0x00,0x00,0x00,0x00,0x00,0x04,0x00,0x00,0x00,0x00,0x00,0x00,0x00,
    0x00,0x00,0x00,0x00,0x00,0x00,0x00,0x00,0x04,0x05,0x00,0x00,0x02,0x00,0x00,0x00,
    0x00,0x00,0x00,0x00,0x00,0x00,0x00,0x00,0x00,0x00,0x00,0x00,0x00,0x00,0x00,0x00,
    0xd0,0x1e,0x00,0x00,0x00,0x00,0x00,0x00,0x18,0x09,0x00,0x00,0x00,0x00,0x00,0x00,
    0x01,0x00,0x00,0x00,0x5f,0x00,0x00,0x00,0x08,0x00,0x00,0x00,0x00,0x00,0x00,0x00,
    0x18,0x00,0x00,0x00,0x00,0x00,0x00,0x00
        },
        .m_kernelName = {},
        .m_compilerVersion = {},
        .m_codeObjectVersion = 0,
        .m_isRelocatable = true,
        .m_shaderType = ShaderTypesFlags::UNKNOWN
    };
    
    constexpr StaticShaderType<9992> MisaConv1x1_Relu_Elf =
    {
        .m_binary = {
    0x7f,0x45,0x4c,0x46,0x02,0x01,0x01,0x40,0x02,0x00,0x00,0x00,0x00,0x00,0x00,0x00,
    0x01,0x00,0xe0,0x00,0x01,0x00,0x00,0x00,0x00,0x00,0x00,0x00,0x00,0x00,0x00,0x00,
    0x00,0x00,0x00,0x00,0x00,0x00,0x00,0x00,0x48,0x25,0x00,0x00,0x00,0x00,0x00,0x00,
    0x4e,0x00,0x00,0x00,0x40,0x00,0x00,0x00,0x00,0x00,0x40,0x00,0x07,0x00,0x01,0x00,
    0x00,0x00,0x00,0x00,0x00,0x00,0x00,0x00,0x00,0x00,0x00,0x00,0x00,0x00,0x00,0x00,
    0x00,0x00,0x00,0x00,0x00,0x00,0x00,0x00,0x00,0x00,0x00,0x00,0x00,0x00,0x00,0x00,
    0x00,0x00,0x00,0x00,0x00,0x00,0x00,0x00,0x00,0x00,0x00,0x00,0x00,0x00,0x00,0x00,
    0x00,0x00,0x00,0x00,0x00,0x00,0x00,0x00,0x00,0x00,0x00,0x00,0x00,0x00,0x00,0x00,
    0x00,0x00,0x00,0x00,0x00,0x00,0x00,0x00,0x00,0x00,0x00,0x00,0x00,0x00,0x00,0x00,
    0x00,0x00,0x00,0x00,0x00,0x00,0x00,0x00,0x00,0x00,0x00,0x00,0x00,0x00,0x00,0x00,
    0x00,0x00,0x00,0x00,0x00,0x00,0x00,0x00,0x00,0x00,0x00,0x00,0x00,0x00,0x00,0x00,
    0x00,0x00,0x00,0x00,0x00,0x00,0x00,0x00,0x00,0x00,0x00,0x00,0x00,0x00,0x00,0x00,
    0x00,0x00,0x00,0x00,0x00,0x00,0x00,0x00,0x00,0x00,0x00,0x00,0x00,0x00,0x00,0x00,
    0x00,0x00,0x00,0x00,0x00,0x00,0x00,0x00,0x00,0x00,0x00,0x00,0x00,0x00,0x00,0x00,
    0x00,0x00,0x00,0x00,0x00,0x00,0x00,0x00,0x00,0x00,0x00,0x00,0x00,0x00,0x00,0x00,
    0x00,0x00,0x00,0x00,0x00,0x00,0x00,0x00,0x00,0x00,0x00,0x00,0x00,0x00,0x00,0x00,
    0x00,0x27,0x00,0xf4,0x00,0x00,0x00,0xf8,0x00,0x28,0x00,0xf4,0x08,0x00,0x00,0xf8,
    0x00,0x29,0x00,0xf4,0x10,0x00,0x00,0xf8,0x00,0x82,0x00,0xf4,0x20,0x00,0x00,0xf8,
    0x00,0x46,0x00,0xf4,0x60,0x00,0x00,0xf8,0x00,0x0c,0x00,0xf4,0x70,0x00,0x00,0xf8,
    0x00,0x6a,0x00,0xf4,0x74,0x00,0x00,0xf8,0x00,0x03,0x84,0x7e,0x9f,0x84,0x7a,0x36,
    0x85,0x84,0x84,0x32,0x87,0x84,0x70,0x36,0x00,0x03,0x84,0x7e,0x9f,0x84,0x76,0x36,
    0xff,0x00,0x87,0xbe,0xff,0xff,0x00,0x00,0x80,0x00,0xbb,0xbe,0x00,0x00,0xc7,0xbf,
    0x0e,0x27,0x00,0xf4,0x00,0x00,0x00,0xf8,0x10,0x28,0x00,0xf4,0x00,0x00,0x00,0xf8,
    0x12,0x29,0x00,0xf4,0x00,0x00,0x00,0xf8,0x07,0xfc,0x89,0xbf,0x1d,0xff,0x1d,0x8b,
    0xff,0xff,0x00,0x00,0x21,0xff,0x21,0x8b,0xff,0xff,0x00,0x00,0x25,0xff,0x25,0x8b,
    0xff,0xff,0x00,0x00,0x75,0x00,0x82,0xbe,0x73,0x00,0x83,0xbe,0x03,0xff,0x03,0x8b,
    0xff,0xff,0x00,0x00,0x73,0x90,0x04,0x85,0x2e,0xff,0x41,0x93,0x00,0x00,0x08,0x00,
    0x28,0x0c,0xbe,0x96,0x3e,0x0c,0x3e,0x80,0x3e,0x41,0x31,0x85,0x28,0x0b,0xbe,0x96,
    0x3e,0x0b,0x3e,0x80,0x3e,0x41,0x32,0x85,0x28,0x04,0xbe,0x96,0x3e,0x04,0x3e,0x80,
    0x3e,0x41,0x43,0x85,0x0d,0x43,0x3e,0x96,0x04,0x3e,0xc2,0x80,0x31,0x81,0x3e,0x84,
    0x32,0x00,0xa2,0xbe,0xff,0x00,0xa3,0xbe,0x00,0x00,0x02,0x00,0x3e,0x90,0x40,0x84,
    0x21,0x40,0x21,0x8c,0x3e,0x32,0x3e,0x96,0x3e,0x42,0x3e,0x96,0x20,0x3e,0x20,0x80,
    0x14,0x0a,0x3e,0x96,0x3e,0x43,0x40,0x96,0x3e,0x43,0xc1,0x96,0x24,0x40,0x24,0x80,
    0x25,0x41,0x25,0x82,0x31,0x83,0x40,0x85,0x32,0x83,0x41,0x85,0x40,0x42,0x3e,0x96,
    0x11,0x3e,0x3e,0x96,0x1c,0x3e,0x1c,0x80,0x1d,0x80,0x1d,0x82,0x41,0x42,0x3e,0x96,
    0x15,0x3e,0x3e,0x96,0x24,0x3e,0x24,0x80,0x25,0x80,0x25,0x82,0x02,0xc0,0x34,0x96,
    0x03,0xc0,0x33,0x96,0x31,0x83,0x0c,0x85,0x38,0x03,0x6e,0x7e,0x31,0x00,0x85,0xbe,
    0x31,0x81,0x35,0x84,0x33,0x7a,0x6a,0x4a,0x84,0x70,0x6c,0x30,0x35,0xa0,0x35,0x96,
    0x80,0x02,0x3e,0x7e,0x80,0x02,0x40,0x7e,0x80,0x02,0x42,0x7e,0x80,0x02,0x44,0x7e,
    0x80,0x02,0x46,0x7e,0x80,0x02,0x48,0x7e,0x80,0x02,0x4a,0x7e,0x80,0x02,0x4c,0x7e,
    0x3b,0xc0,0x05,0xc4,0x1f,0x40,0x80,0xc0,0x35,0x00,0x00,0x00,0x35,0xc0,0x05,0xc4,
    0x23,0x40,0x80,0xc0,0x35,0x00,0x00,0x00,0x80,0x00,0xba,0xbe,0x10,0x0a,0x1e,0x96,
    0xff,0x00,0x9f,0xbe,0x00,0x00,0x02,0x30,0x08,0x90,0x08,0x84,0x80,0x00,0x81,0xbe,
    0x47,0x00,0x55,0xd6,0x34,0x02,0xec,0x04,0x2e,0xff,0x41,0x93,0x18,0x00,0x08,0x00,
    0x45,0x00,0x2d,0xd7,0x2b,0x8e,0x02,0x00,0x45,0x8f,0x8a,0x4a,0x41,0x8a,0x8c,0x32,
    0x45,0x00,0x2c,0xd7,0x0f,0x8c,0x02,0x00,0x47,0x8b,0x84,0x4c,0x2e,0xff,0x41,0x93,
    0x10,0x00,0x08,0x00,0x45,0x00,0x2d,0xd7,0x2a,0x8c,0x02,0x00,0x45,0x8d,0x8a,0x4a,
    0x41,0x8a,0x78,0x32,0x45,0x00,0x2c,0xd7,0x0e,0x78,0x02,0x00,0x46,0x8b,0x86,0x4c,
    0x47,0x00,0x2c,0xd7,0x10,0x78,0x02,0x00,0x46,0x00,0x2c,0xd7,0x11,0x6e,0x02,0x00,
    0x45,0x00,0x2c,0xd7,0x12,0x86,0x02,0x00,0x44,0x00,0x2c,0xd7,0x13,0x84,0x02,0x00,
    0x33,0x00,0x55,0xd6,0x47,0x8d,0x16,0x05,0x44,0x67,0x66,0x4a,0xa0,0x00,0x81,0xbe,
    0x47,0x00,0x55,0xd6,0x34,0x02,0xec,0x04,0x2e,0xff,0x41,0x93,0x18,0x00,0x08,0x00,
    0x45,0x00,0x2d,0xd7,0x2b,0x8e,0x02,0x00,0x45,0x8f,0x8a,0x4a,0x41,0x8a,0x8c,0x32,
    0x45,0x00,0x2c,0xd7,0x0f,0x8c,0x02,0x00,0x47,0x8b,0x84,0x4c,0x2e,0xff,0x41,0x93,
    0x10,0x00,0x08,0x00,0x45,0x00,0x2d,0xd7,0x2a,0x8c,0x02,0x00,0x45,0x8d,0x8a,0x4a,
    0x41,0x8a,0x78,0x32,0x45,0x00,0x2c,0xd7,0x0e,0x78,0x02,0x00,0x46,0x8b,0x86,0x4c,
    0x47,0x00,0x2c,0xd7,0x10,0x78,0x02,0x00,0x46,0x00,0x2c,0xd7,0x11,0x6e,0x02,0x00,
    0x45,0x00,0x2c,0xd7,0x12,0x86,0x02,0x00,0x44,0x00,0x2c,0xd7,0x13,0x84,0x02,0x00,
    0x34,0x00,0x55,0xd6,0x47,0x8d,0x16,0x05,0x44,0x69,0x68,0x4a,0x80,0x02,0x4e,0x7e,
    0x80,0x02,0x50,0x7e,0x80,0x02,0x52,0x7e,0x80,0x02,0x54,0x7e,0x80,0x02,0x56,0x7e,
    0x80,0x02,0x58,0x7e,0x80,0x02,0x5a,0x7e,0x80,0x02,0x5c,0x7e,0x3a,0xc0,0x05,0xc4,
    0x27,0x38,0x80,0x40,0x33,0x00,0x00,0x00,0x3a,0xc0,0x05,0xc4,0x2b,0x38,0x80,0x40,
    0x34,0x00,0x00,0x00,0x00,0x03,0x8e,0x7e,0x85,0x8e,0x84,0x32,0x8f,0x8e,0x86,0x36,
    0x81,0x84,0x7e,0x36,0x81,0x84,0x80,0x32,0x3f,0x00,0x56,0xd6,0x3f,0x09,0x0d,0x05,
    0x40,0x00,0x56,0xd6,0x40,0x09,0x0d,0x05,0x00,0x03,0x8e,0x7e,0x8f,0x8e,0x8a,0x36,
    0x84,0x8e,0x88,0x32,0x81,0x88,0x88,0x36,0x85,0x8e,0x84,0x32,0x81,0x84,0x86,0x36,
    0x81,0x84,0x84,0x32,0x83,0x84,0x84,0x36,0x3c,0x00,0x56,0xd6,0x43,0x09,0x15,0x05,
    0x83,0x88,0x88,0x30,0x3e,0x00,0x56,0xd6,0x42,0x09,0x11,0x05,0x84,0x80,0x60,0x30,
    0x84,0x00,0x8e,0x32,0x81,0x8e,0x8e,0x36,0x30,0x00,0x0b,0xd6,0x47,0x11,0xc1,0x04,
    0x83,0x7a,0x88,0x30,0x42,0x00,0x0b,0xd6,0x38,0xff,0x11,0x05,0x00,0x02,0x00,0x00,
    0x81,0x84,0x5e,0x30,0x84,0x7e,0x64,0x30,0x32,0x00,0x0b,0xd6,0x47,0x11,0xc9,0x04,
    0x83,0x76,0x88,0x30,0x42,0x00,0x0b,0xd6,0x38,0xff,0x11,0x05,0x00,0x02,0x00,0x00,
    0x81,0x84,0x62,0x30,0xff,0x64,0x64,0x4a,0x00,0x20,0x00,0x00,0xff,0x62,0x62,0x4a,
    0x00,0x20,0x00,0x00,0x3c,0x03,0x7e,0x7e,0x3e,0x03,0x80,0x7e,0x33,0x80,0x80,0x4a,
    0x83,0x80,0x84,0x32,0x3c,0x00,0x2c,0xd7,0x15,0x84,0x02,0x00,0x0a,0x0e,0x39,0x96,
    0x2e,0xff,0x3d,0x93,0x18,0x00,0x08,0x00,0x2e,0xff,0x3c,0x93,0x10,0x00,0x08,0x00,
    0x0f,0x39,0x39,0x96,0xc1,0x00,0xa6,0xbe,0xff,0x00,0xa7,0xbe,0x00,0x00,0x02,0x30,
    0x32,0x80,0x98,0x7c,0x3e,0x00,0x01,0xd5,0x80,0x02,0xa9,0x01,0xff,0x00,0xb6,0xbe,
    0x80,0x00,0x00,0x00,0x11,0x88,0x37,0x96,0x88,0x00,0xb8,0xbe,0x80,0x02,0x00,0x7e,
    0x80,0x02,0x02,0x7e,0x80,0x02,0x04,0x7e,0x80,0x02,0x06,0x7e,0x80,0x02,0x08,0x7e,
    0x80,0x02,0x0a,0x7e,0x80,0x02,0x0c,0x7e,0x80,0x02,0x0e,0x7e,0x80,0x02,0x10,0x7e,
    0x80,0x02,0x12,0x7e,0x80,0x02,0x14,0x7e,0x80,0x02,0x16,0x7e,0x80,0x02,0x18,0x7e,
    0x80,0x02,0x1a,0x7e,0x80,0x02,0x1c,0x7e,0x80,0x02,0x1e,0x7e,0x02,0x00,0xc0,0xbf,
    0x00,0x00,0x7c,0xdb,0x2f,0x1f,0x00,0x00,0x00,0x02,0x7c,0xdb,0x2f,0x23,0x00,0x00,
    0x00,0x00,0xc0,0xbf,0x00,0x00,0x7c,0xdb,0x31,0x27,0x00,0x00,0x00,0x02,0x7c,0xdb,
    0x31,0x2b,0x00,0x00,0x37,0x3a,0x3a,0x80,0x36,0x6c,0x6c,0x4a,0x00,0x00,0xc6,0xbf,
    0xc1,0x4e,0x80,0xbe,0xff,0xff,0x94,0xbf,0x00,0x00,0xd8,0xd9,0x32,0x00,0x00,0x16,
    0x00,0x04,0xd8,0xd9,0x32,0x00,0x00,0x18,0x00,0x00,0xd8,0xd9,0x30,0x00,0x00,0x11,
    0x00,0x04,0xd8,0xd9,0x30,0x00,0x00,0x13,0x05,0xc0,0x86,0x81,0x06,0x80,0x02,0xbf,
    0x7c,0x00,0xa1,0xbf,0x3b,0xc0,0x05,0xc4,0x1f,0x40,0x80,0xc0,0x35,0x00,0x00,0x00,
    0x35,0xc0,0x05,0xc4,0x23,0x40,0x80,0xc0,0x35,0x00,0x00,0x00,0x80,0x02,0x4e,0x7e,
    0x80,0x02,0x50,0x7e,0x80,0x02,0x52,0x7e,0x80,0x02,0x54,0x7e,0x80,0x02,0x56,0x7e,
    0x80,0x02,0x58,0x7e,0x80,0x02,0x5a,0x7e,0x80,0x02,0x5c,0x7e,0x3a,0xc0,0x05,0xc4,
    0x27,0x38,0x80,0x40,0x33,0x00,0x00,0x00,0x3a,0xc0,0x05,0xc4,0x2b,0x38,0x80,0x40,
    0x34,0x00,0x00,0x00,0x00,0x02,0xd8,0xd9,0x32,0x00,0x00,0x1a,0x00,0x06,0xd8,0xd9,
    0x32,0x00,0x00,0x1c,0x02,0x00,0xc6,0xbf,0x00,0x40,0x40,0xcc,0x11,0x2d,0x02,0x1c,
    0x00,0x08,0xd8,0xd9,0x32,0x00,0x00,0x16,0x00,0x0c,0xd8,0xd9,0x32,0x00,0x00,0x18,
    0x02,0x00,0xc6,0xbf,0x08,0x40,0x40,0xcc,0x11,0x35,0x22,0x1c,0x00,0x08,0xd8,0xd9,
    0x30,0x00,0x00,0x11,0x00,0x0c,0xd8,0xd9,0x30,0x00,0x00,0x13,0x00,0x0a,0xd8,0xd9,
    0x32,0x00,0x00,0x1a,0x00,0x0e,0xd8,0xd9,0x32,0x00,0x00,0x1c,0x02,0x00,0xc6,0xbf,
    0x00,0x40,0x40,0xcc,0x11,0x2d,0x02,0x1c,0x00,0x10,0xd8,0xd9,0x32,0x00,0x00,0x16,
    0x00,0x14,0xd8,0xd9,0x32,0x00,0x00,0x18,0x02,0x00,0xc6,0xbf,0x08,0x40,0x40,0xcc,
    0x11,0x35,0x22,0x1c,0x00,0x10,0xd8,0xd9,0x30,0x00,0x00,0x11,0x00,0x14,0xd8,0xd9,
    0x30,0x00,0x00,0x13,0x00,0x12,0xd8,0xd9,0x32,0x00,0x00,0x1a,0x00,0x16,0xd8,0xd9,
    0x32,0x00,0x00,0x1c,0x02,0x00,0xc6,0xbf,0x00,0x40,0x40,0xcc,0x11,0x2d,0x02,0x1c,
    0x00,0x18,0xd8,0xd9,0x32,0x00,0x00,0x16,0x00,0x1c,0xd8,0xd9,0x32,0x00,0x00,0x18,
    0x02,0x00,0xc6,0xbf,0x08,0x40,0x40,0xcc,0x11,0x35,0x22,0x1c,0x00,0x18,0xd8,0xd9,
    0x30,0x00,0x00,0x11,0x00,0x1c,0xd8,0xd9,0x30,0x00,0x00,0x13,0x00,0x1a,0xd8,0xd9,
    0x32,0x00,0x00,0x1a,0x00,0x1e,0xd8,0xd9,0x32,0x00,0x00,0x1c,0x02,0x00,0xc6,0xbf,
    0x00,0x40,0x40,0xcc,0x11,0x2d,0x02,0x1c,0x00,0x00,0xc6,0xbf,0x02,0x00,0xc0,0xbf,
    0xc1,0x4e,0x80,0xbe,0xff,0xff,0x94,0xbf,0x00,0x00,0x7c,0xdb,0x2f,0x1f,0x00,0x00,
    0x00,0x02,0x7c,0xdb,0x2f,0x23,0x00,0x00,0x00,0x00,0xc0,0xbf,0x00,0x00,0x7c,0xdb,
    0x31,0x27,0x00,0x00,0x00,0x02,0x7c,0xdb,0x31,0x2b,0x00,0x00,0x08,0x40,0x40,0xcc,
    0x11,0x35,0x22,0x1c,0x06,0xc0,0x86,0x81,0x06,0x80,0x02,0xbf,0x0e,0x00,0xa1,0xbf,
    0x37,0x3a,0x3a,0x80,0x36,0x6c,0x6c,0x4a,0x00,0x00,0xc6,0xbf,0xc1,0x4e,0x80,0xbe,
    0xff,0xff,0x94,0xbf,0x00,0x00,0xd8,0xd9,0x32,0x00,0x00,0x16,0x00,0x04,0xd8,0xd9,
    0x32,0x00,0x00,0x18,0x00,0x00,0xd8,0xd9,0x30,0x00,0x00,0x11,0x00,0x04,0xd8,0xd9,
    0x30,0x00,0x00,0x13,0x8f,0xff,0xa0,0xbf,0x00,0x00,0xc6,0xbf,0xc1,0x4e,0x80,0xbe,
    0xff,0xff,0x94,0xbf,0x00,0x00,0xd8,0xd9,0x32,0x00,0x00,0x16,0x00,0x04,0xd8,0xd9,
    0x32,0x00,0x00,0x18,0x00,0x00,0xd8,0xd9,0x30,0x00,0x00,0x11,0x00,0x04,0xd8,0xd9,
    0x30,0x00,0x00,0x13,0x00,0x02,0xd8,0xd9,0x32,0x00,0x00,0x1a,0x00,0x06,0xd8,0xd9,
    0x32,0x00,0x00,0x1c,0x02,0x00,0xc6,0xbf,0x00,0x40,0x40,0xcc,0x11,0x2d,0x02,0x1c,
    0x00,0x08,0xd8,0xd9,0x32,0x00,0x00,0x16,0x00,0x0c,0xd8,0xd9,0x32,0x00,0x00,0x18,
    0x02,0x00,0xc6,0xbf,0x08,0x40,0x40,0xcc,0x11,0x35,0x22,0x1c,0x00,0x08,0xd8,0xd9,
    0x30,0x00,0x00,0x11,0x00,0x0c,0xd8,0xd9,0x30,0x00,0x00,0x13,0x00,0x0a,0xd8,0xd9,
    0x32,0x00,0x00,0x1a,0x00,0x0e,0xd8,0xd9,0x32,0x00,0x00,0x1c,0x02,0x00,0xc6,0xbf,
    0x00,0x40,0x40,0xcc,0x11,0x2d,0x02,0x1c,0x00,0x10,0xd8,0xd9,0x32,0x00,0x00,0x16,
    0x00,0x14,0xd8,0xd9,0x32,0x00,0x00,0x18,0x02,0x00,0xc6,0xbf,0x08,0x40,0x40,0xcc,
    0x11,0x35,0x22,0x1c,0x00,0x10,0xd8,0xd9,0x30,0x00,0x00,0x11,0x00,0x14,0xd8,0xd9,
    0x30,0x00,0x00,0x13,0x00,0x12,0xd8,0xd9,0x32,0x00,0x00,0x1a,0x00,0x16,0xd8,0xd9,
    0x32,0x00,0x00,0x1c,0x02,0x00,0xc6,0xbf,0x00,0x40,0x40,0xcc,0x11,0x2d,0x02,0x1c,
    0x00,0x18,0xd8,0xd9,0x32,0x00,0x00,0x16,0x00,0x1c,0xd8,0xd9,0x32,0x00,0x00,0x18,
    0x02,0x00,0xc6,0xbf,0x08,0x40,0x40,0xcc,0x11,0x35,0x22,0x1c,0x00,0x18,0xd8,0xd9,
    0x30,0x00,0x00,0x11,0x00,0x1c,0xd8,0xd9,0x30,0x00,0x00,0x13,0x00,0x1a,0xd8,0xd9,
    0x32,0x00,0x00,0x1a,0x00,0x1e,0xd8,0xd9,0x32,0x00,0x00,0x1c,0x02,0x00,0xc6,0xbf,
    0x00,0x40,0x40,0xcc,0x11,0x2d,0x02,0x1c,0x00,0x00,0xc6,0xbf,0x08,0x40,0x40,0xcc,
    0x11,0x35,0x22,0x1c,0x80,0x00,0x81,0xbe,0x15,0x88,0x15,0x96,0x34,0x7e,0x76,0x4a,
    0x42,0x00,0x2d,0xd7,0x2b,0x76,0x02,0x00,0x42,0x77,0x84,0x4a,0x3d,0x84,0x8a,0x32,
    0x42,0x00,0x2c,0xd7,0x0f,0x8a,0x02,0x00,0x3b,0x85,0x62,0x4c,0x42,0x00,0x2d,0xd7,
    0x2a,0x8a,0x02,0x00,0x42,0x8b,0x84,0x4a,0x3c,0x84,0x5e,0x32,0x42,0x00,0x2c,0xd7,
    0x0e,0x5e,0x02,0x00,0x45,0x85,0x60,0x4c,0x33,0x00,0x0b,0xd6,0x17,0x62,0xf2,0x04,
    0x39,0x76,0x98,0x7c,0x42,0x00,0x2c,0xd7,0x14,0x5e,0x02,0x00,0x43,0x00,0x2c,0xd7,
    0x16,0x60,0x02,0x00,0x80,0x7c,0x7a,0x02,0x33,0x00,0x55,0xd6,0x42,0x87,0xce,0x04,
    0x80,0x00,0x28,0x7c,0x00,0x00,0x01,0xd5,0x00,0x01,0xa9,0x01,0x80,0x02,0x28,0x7c,
    0x01,0x00,0x01,0xd5,0x01,0x01,0xa9,0x01,0x80,0x04,0x28,0x7c,0x02,0x00,0x01,0xd5,
    0x02,0x01,0xa9,0x01,0x80,0x06,0x28,0x7c,0x03,0x00,0x01,0xd5,0x03,0x01,0xa9,0x01,
    0x80,0x08,0x28,0x7c,0x04,0x00,0x01,0xd5,0x04,0x01,0xa9,0x01,0x80,0x0a,0x28,0x7c,
    0x05,0x00,0x01,0xd5,0x05,0x01,0xa9,0x01,0x80,0x0c,0x28,0x7c,0x06,0x00,0x01,0xd5,
    0x06,0x01,0xa9,0x01,0x80,0x0e,0x28,0x7c,0x07,0x00,0x01,0xd5,0x07,0x01,0xa9,0x01,
    0x00,0x03,0x00,0x5e,0x02,0x07,0x02,0x5e,0x04,0x0b,0x04,0x5e,0x06,0x0f,0x06,0x5e,
    0x81,0x7a,0x96,0x7d,0x01,0x40,0x07,0xc4,0x00,0x48,0x80,0x40,0x33,0x00,0x00,0x00,
    0xc1,0x01,0xfe,0xbe,0xa0,0x7e,0x8e,0x4a,0x34,0x8e,0x76,0x4a,0x42,0x00,0x2d,0xd7,
    0x2b,0x76,0x02,0x00,0x42,0x77,0x84,0x4a,0x3d,0x84,0x8a,0x32,0x42,0x00,0x2c,0xd7,
    0x0f,0x8a,0x02,0x00,0x3b,0x85,0x62,0x4c,0x42,0x00,0x2d,0xd7,0x2a,0x8a,0x02,0x00,
    0x42,0x8b,0x84,0x4a,0x3c,0x84,0x5e,0x32,0x42,0x00,0x2c,0xd7,0x0e,0x5e,0x02,0x00,
    0x45,0x85,0x60,0x4c,0x33,0x00,0x0b,0xd6,0x17,0x62,0xf2,0x04,0x39,0x76,0x98,0x7c,
    0x42,0x00,0x2c,0xd7,0x14,0x5e,0x02,0x00,0x43,0x00,0x2c,0xd7,0x16,0x60,0x02,0x00,
    0x80,0x7c,0x7a,0x02,0x33,0x00,0x55,0xd6,0x42,0x87,0xce,0x04,0x80,0x10,0x28,0x7c,
    0x08,0x00,0x01,0xd5,0x08,0x01,0xa9,0x01,0x80,0x12,0x28,0x7c,0x09,0x00,0x01,0xd5,
    0x09,0x01,0xa9,0x01,0x80,0x14,0x28,0x7c,0x0a,0x00,0x01,0xd5,0x0a,0x01,0xa9,0x01,
    0x80,0x16,0x28,0x7c,0x0b,0x00,0x01,0xd5,0x0b,0x01,0xa9,0x01,0x80,0x18,0x28,0x7c,
    0x0c,0x00,0x01,0xd5,0x0c,0x01,0xa9,0x01,0x80,0x1a,0x28,0x7c,0x0d,0x00,0x01,0xd5,
    0x0d,0x01,0xa9,0x01,0x80,0x1c,0x28,0x7c,0x0e,0x00,0x01,0xd5,0x0e,0x01,0xa9,0x01,
    0x80,0x1e,0x28,0x7c,0x0f,0x00,0x01,0xd5,0x0f,0x01,0xa9,0x01,0x08,0x13,0x10,0x5e,
    0x0a,0x17,0x12,0x5e,0x0c,0x1b,0x14,0x5e,0x0e,0x1f,0x16,0x5e,0x81,0x7a,0x96,0x7d,
    0x01,0x40,0x07,0xc4,0x08,0x48,0x80,0x40,0x33,0x00,0x00,0x00,0xc1,0x01,0xfe,0xbe,
    0x00,0x00,0xb0,0xbf,0x00,0x00,0x00,0x00,0x00,0x00,0x00,0x00,0x00,0x00,0x00,0x00,
    0x00,0x00,0x00,0x00,0x00,0x00,0x00,0x00,0x00,0x00,0x00,0x00,0x00,0x00,0x00,0x00,
    0x00,0x40,0x00,0x00,0x00,0x00,0x00,0x00,0x00,0x00,0x00,0x00,0x00,0x00,0x00,0x00,
    0x00,0x00,0x00,0x00,0x00,0x00,0x00,0x00,0x00,0x00,0x00,0x00,0x00,0x00,0x00,0x00,
    0x00,0x00,0x00,0x00,0x00,0x00,0x00,0x00,0x00,0x00,0x00,0x00,0x00,0x00,0x00,0x00,
    0x09,0x00,0x0c,0x40,0x84,0x03,0x00,0x00,0x08,0x04,0x00,0x00,0x00,0x00,0x00,0x00,
    0x07,0x00,0x00,0x00,0x3a,0x0b,0x00,0x00,0x20,0x00,0x00,0x00,0x41,0x4d,0x44,0x47,
    0x50,0x55,0x00,0x00,0x82,0xae,0x61,0x6d,0x64,0x68,0x73,0x61,0x2e,0x6b,0x65,0x72,
    0x6e,0x65,0x6c,0x73,0x91,0x8c,0xa5,0x2e,0x61,0x72,0x67,0x73,0xdc,0x00,0x21,0x87,
    0xae,0x2e,0x61,0x64,0x64,0x72,0x65,0x73,0x73,0x5f,0x73,0x70,0x61,0x63,0x65,0xa6,
    0x67,0x6c,0x6f,0x62,0x61,0x6c,0xa9,0x2e,0x69,0x73,0x5f,0x63,0x6f,0x6e,0x73,0x74,
    0xc3,0xa5,0x2e,0x6e,0x61,0x6d,0x65,0xa4,0x70,0x5f,0x69,0x6e,0xa7,0x2e,0x6f,0x66,
    0x66,0x73,0x65,0x74,0x00,0xa5,0x2e,0x73,0x69,0x7a,0x65,0x08,0xab,0x2e,0x76,0x61,
    0x6c,0x75,0x65,0x5f,0x6b,0x69,0x6e,0x64,0xad,0x67,0x6c,0x6f,0x62,0x61,0x6c,0x5f,
    0x62,0x75,0x66,0x66,0x65,0x72,0xab,0x2e,0x76,0x61,0x6c,0x75,0x65,0x5f,0x74,0x79,
    0x70,0x65,0xa3,0x66,0x33,0x32,0x87,0xae,0x2e,0x61,0x64,0x64,0x72,0x65,0x73,0x73,
    0x5f,0x73,0x70,0x61,0x63,0x65,0xa6,0x67,0x6c,0x6f,0x62,0x61,0x6c,0xa9,0x2e,0x69,
    0x73,0x5f,0x63,0x6f,0x6e,0x73,0x74,0xc3,0xa5,0x2e,0x6e,0x61,0x6d,0x65,0xa5,0x70,
    0x5f,0x77,0x65,0x69,0xa7,0x2e,0x6f,0x66,0x66,0x73,0x65,0x74,0x08,0xa5,0x2e,0x73,
    0x69,0x7a,0x65,0x08,0xab,0x2e,0x76,0x61,0x6c,0x75,0x65,0x5f,0x6b,0x69,0x6e,0x64,
    0xad,0x67,0x6c,0x6f,0x62,0x61,0x6c,0x5f,0x62,0x75,0x66,0x66,0x65,0x72,0xab,0x2e,
    0x76,0x61,0x6c,0x75,0x65,0x5f,0x74,0x79,0x70,0x65,0xa3,0x66,0x33,0x32,0x87,0xae,
    0x2e,0x61,0x64,0x64,0x72,0x65,0x73,0x73,0x5f,0x73,0x70,0x61,0x63,0x65,0xa6,0x67,
    0x6c,0x6f,0x62,0x61,0x6c,0xa9,0x2e,0x69,0x73,0x5f,0x63,0x6f,0x6e,0x73,0x74,0xc2,
    0xa5,0x2e,0x6e,0x61,0x6d,0x65,0xa5,0x70,0x5f,0x6f,0x75,0x74,0xa7,0x2e,0x6f,0x66,
    0x66,0x73,0x65,0x74,0x10,0xa5,0x2e,0x73,0x69,0x7a,0x65,0x08,0xab,0x2e,0x76,0x61,
    0x6c,0x75,0x65,0x5f,0x6b,0x69,0x6e,0x64,0xad,0x67,0x6c,0x6f,0x62,0x61,0x6c,0x5f,
    0x62,0x75,0x66,0x66,0x65,0x72,0xab,0x2e,0x76,0x61,0x6c,0x75,0x65,0x5f,0x74,0x79,
    0x70,0x65,0xa3,0x66,0x33,0x32,0x87,0xae,0x2e,0x61,0x64,0x64,0x72,0x65,0x73,0x73,
    0x5f,0x73,0x70,0x61,0x63,0x65,0xa6,0x67,0x6c,0x6f,0x62,0x61,0x6c,0xa9,0x2e,0x69,
    0x73,0x5f,0x63,0x6f,0x6e,0x73,0x74,0xc3,0xa5,0x2e,0x6e,0x61,0x6d,0x65,0xa6,0x70,
    0x5f,0x62,0x69,0x61,0x73,0xa7,0x2e,0x6f,0x66,0x66,0x73,0x65,0x74,0x18,0xa5,0x2e,
    0x73,0x69,0x7a,0x65,0x08,0xab,0x2e,0x76,0x61,0x6c,0x75,0x65,0x5f,0x6b,0x69,0x6e,
    0x64,0xad,0x67,0x6c,0x6f,0x62,0x61,0x6c,0x5f,0x62,0x75,0x66,0x66,0x65,0x72,0xab,
    0x2e,0x76,0x61,0x6c,0x75,0x65,0x5f,0x74,0x79,0x70,0x65,0xa3,0x66,0x33,0x32,0x85,
    0xa5,0x2e,0x6e,0x61,0x6d,0x65,0xa2,0x68,0x69,0xa7,0x2e,0x6f,0x66,0x66,0x73,0x65,
    0x74,0x20,0xa5,0x2e,0x73,0x69,0x7a,0x65,0x04,0xab,0x2e,0x76,0x61,0x6c,0x75,0x65,
    0x5f,0x6b,0x69,0x6e,0x64,0xa8,0x62,0x79,0x5f,0x76,0x61,0x6c,0x75,0x65,0xab,0x2e,
    0x76,0x61,0x6c,0x75,0x65,0x5f,0x74,0x79,0x70,0x65,0xa3,0x69,0x33,0x32,0x85,0xa5,
    0x2e,0x6e,0x61,0x6d,0x65,0xa2,0x77,0x69,0xa7,0x2e,0x6f,0x66,0x66,0x73,0x65,0x74,
    0x24,0xa5,0x2e,0x73,0x69,0x7a,0x65,0x04,0xab,0x2e,0x76,0x61,0x6c,0x75,0x65,0x5f,
    0x6b,0x69,0x6e,0x64,0xa8,0x62,0x79,0x5f,0x76,0x61,0x6c,0x75,0x65,0xab,0x2e,0x76,
    0x61,0x6c,0x75,0x65,0x5f,0x74,0x79,0x70,0x65,0xa3,0x69,0x33,0x32,0x85,0xa5,0x2e,
    0x6e,0x61,0x6d,0x65,0xa1,0x62,0xa7,0x2e,0x6f,0x66,0x66,0x73,0x65,0x74,0x28,0xa5,
    0x2e,0x73,0x69,0x7a,0x65,0x04,0xab,0x2e,0x76,0x61,0x6c,0x75,0x65,0x5f,0x6b,0x69,
    0x6e,0x64,0xa8,0x62,0x79,0x5f,0x76,0x61,0x6c,0x75,0x65,0xab,0x2e,0x76,0x61,0x6c,
    0x75,0x65,0x5f,0x74,0x79,0x70,0x65,0xa3,0x69,0x33,0x32,0x85,0xa5,0x2e,0x6e,0x61,
    0x6d,0x65,0xa1,0x6b,0xa7,0x2e,0x6f,0x66,0x66,0x73,0x65,0x74,0x2c,0xa5,0x2e,0x73,
    0x69,0x7a,0x65,0x04,0xab,0x2e,0x76,0x61,0x6c,0x75,0x65,0x5f,0x6b,0x69,0x6e,0x64,
    0xa8,0x62,0x79,0x5f,0x76,0x61,0x6c,0x75,0x65,0xab,0x2e,0x76,0x61,0x6c,0x75,0x65,
    0x5f,0x74,0x79,0x70,0x65,0xa3,0x69,0x33,0x32,0x85,0xa5,0x2e,0x6e,0x61,0x6d,0x65,
    0xa1,0x63,0xa7,0x2e,0x6f,0x66,0x66,0x73,0x65,0x74,0x30,0xa5,0x2e,0x73,0x69,0x7a,
    0x65,0x04,0xab,0x2e,0x76,0x61,0x6c,0x75,0x65,0x5f,0x6b,0x69,0x6e,0x64,0xa8,0x62,
    0x79,0x5f,0x76,0x61,0x6c,0x75,0x65,0xab,0x2e,0x76,0x61,0x6c,0x75,0x65,0x5f,0x74,
    0x79,0x70,0x65,0xa3,0x69,0x33,0x32,0x85,0xa5,0x2e,0x6e,0x61,0x6d,0x65,0xa1,0x67,
    0xa7,0x2e,0x6f,0x66,0x66,0x73,0x65,0x74,0x34,0xa5,0x2e,0x73,0x69,0x7a,0x65,0x04,
    0xab,0x2e,0x76,0x61,0x6c,0x75,0x65,0x5f,0x6b,0x69,0x6e,0x64,0xa8,0x62,0x79,0x5f,
    0x76,0x61,0x6c,0x75,0x65,0xab,0x2e,0x76,0x61,0x6c,0x75,0x65,0x5f,0x74,0x79,0x70,
    0x65,0xa3,0x69,0x33,0x32,0x85,0xa5,0x2e,0x6e,0x61,0x6d,0x65,0xa2,0x68,0x6f,0xa7,
    0x2e,0x6f,0x66,0x66,0x73,0x65,0x74,0x38,0xa5,0x2e,0x73,0x69,0x7a,0x65,0x04,0xab,
    0x2e,0x76,0x61,0x6c,0x75,0x65,0x5f,0x6b,0x69,0x6e,0x64,0xa8,0x62,0x79,0x5f,0x76,
    0x61,0x6c,0x75,0x65,0xab,0x2e,0x76,0x61,0x6c,0x75,0x65,0x5f,0x74,0x79,0x70,0x65,
    0xa3,0x69,0x33,0x32,0x85,0xa5,0x2e,0x6e,0x61,0x6d,0x65,0xa2,0x77,0x6f,0xa7,0x2e,
    0x6f,0x66,0x66,0x73,0x65,0x74,0x3c,0xa5,0x2e,0x73,0x69,0x7a,0x65,0x04,0xab,0x2e,
    0x76,0x61,0x6c,0x75,0x65,0x5f,0x6b,0x69,0x6e,0x64,0xa8,0x62,0x79,0x5f,0x76,0x61,
    0x6c,0x75,0x65,0xab,0x2e,0x76,0x61,0x6c,0x75,0x65,0x5f,0x74,0x79,0x70,0x65,0xa3,
    0x69,0x33,0x32,0x85,0xa5,0x2e,0x6e,0x61,0x6d,0x65,0xab,0x69,0x6e,0x5f,0x73,0x74,
    0x72,0x69,0x64,0x65,0x5f,0x6e,0xa7,0x2e,0x6f,0x66,0x66,0x73,0x65,0x74,0x40,0xa5,
    0x2e,0x73,0x69,0x7a,0x65,0x04,0xab,0x2e,0x76,0x61,0x6c,0x75,0x65,0x5f,0x6b,0x69,
    0x6e,0x64,0xa8,0x62,0x79,0x5f,0x76,0x61,0x6c,0x75,0x65,0xab,0x2e,0x76,0x61,0x6c,
    0x75,0x65,0x5f,0x74,0x79,0x70,0x65,0xa3,0x69,0x33,0x32,0x85,0xa5,0x2e,0x6e,0x61,
    0x6d,0x65,0xab,0x69,0x6e,0x5f,0x73,0x74,0x72,0x69,0x64,0x65,0x5f,0x63,0xa7,0x2e,
    0x6f,0x66,0x66,0x73,0x65,0x74,0x44,0xa5,0x2e,0x73,0x69,0x7a,0x65,0x04,0xab,0x2e,
    0x76,0x61,0x6c,0x75,0x65,0x5f,0x6b,0x69,0x6e,0x64,0xa8,0x62,0x79,0x5f,0x76,0x61,
    0x6c,0x75,0x65,0xab,0x2e,0x76,0x61,0x6c,0x75,0x65,0x5f,0x74,0x79,0x70,0x65,0xa3,
    0x69,0x33,0x32,0x85,0xa5,0x2e,0x6e,0x61,0x6d,0x65,0xab,0x69,0x6e,0x5f,0x73,0x74,
    0x72,0x69,0x64,0x65,0x5f,0x68,0xa7,0x2e,0x6f,0x66,0x66,0x73,0x65,0x74,0x48,0xa5,
    0x2e,0x73,0x69,0x7a,0x65,0x04,0xab,0x2e,0x76,0x61,0x6c,0x75,0x65,0x5f,0x6b,0x69,
    0x6e,0x64,0xa8,0x62,0x79,0x5f,0x76,0x61,0x6c,0x75,0x65,0xab,0x2e,0x76,0x61,0x6c,
    0x75,0x65,0x5f,0x74,0x79,0x70,0x65,0xa3,0x69,0x33,0x32,0x85,0xa5,0x2e,0x6e,0x61,
    0x6d,0x65,0xab,0x69,0x6e,0x5f,0x73,0x74,0x72,0x69,0x64,0x65,0x5f,0x77,0xa7,0x2e,
    0x6f,0x66,0x66,0x73,0x65,0x74,0x4c,0xa5,0x2e,0x73,0x69,0x7a,0x65,0x04,0xab,0x2e,
    0x76,0x61,0x6c,0x75,0x65,0x5f,0x6b,0x69,0x6e,0x64,0xa8,0x62,0x79,0x5f,0x76,0x61,
    0x6c,0x75,0x65,0xab,0x2e,0x76,0x61,0x6c,0x75,0x65,0x5f,0x74,0x79,0x70,0x65,0xa3,
    0x69,0x33,0x32,0x85,0xa5,0x2e,0x6e,0x61,0x6d,0x65,0xac,0x6f,0x75,0x74,0x5f,0x73,
    0x74,0x72,0x69,0x64,0x65,0x5f,0x6e,0xa7,0x2e,0x6f,0x66,0x66,0x73,0x65,0x74,0x50,
    0xa5,0x2e,0x73,0x69,0x7a,0x65,0x04,0xab,0x2e,0x76,0x61,0x6c,0x75,0x65,0x5f,0x6b,
    0x69,0x6e,0x64,0xa8,0x62,0x79,0x5f,0x76,0x61,0x6c,0x75,0x65,0xab,0x2e,0x76,0x61,
    0x6c,0x75,0x65,0x5f,0x74,0x79,0x70,0x65,0xa3,0x69,0x33,0x32,0x85,0xa5,0x2e,0x6e,
    0x61,0x6d,0x65,0xac,0x6f,0x75,0x74,0x5f,0x73,0x74,0x72,0x69,0x64,0x65,0x5f,0x6b,
    0xa7,0x2e,0x6f,0x66,0x66,0x73,0x65,0x74,0x54,0xa5,0x2e,0x73,0x69,0x7a,0x65,0x04,
    0xab,0x2e,0x76,0x61,0x6c,0x75,0x65,0x5f,0x6b,0x69,0x6e,0x64,0xa8,0x62,0x79,0x5f,
    0x76,0x61,0x6c,0x75,0x65,0xab,0x2e,0x76,0x61,0x6c,0x75,0x65,0x5f,0x74,0x79,0x70,
    0x65,0xa3,0x69,0x33,0x32,0x85,0xa5,0x2e,0x6e,0x61,0x6d,0x65,0xac,0x6f,0x75,0x74,
    0x5f,0x73,0x74,0x72,0x69,0x64,0x65,0x5f,0x68,0xa7,0x2e,0x6f,0x66,0x66,0x73,0x65,
    0x74,0x58,0xa5,0x2e,0x73,0x69,0x7a,0x65,0x04,0xab,0x2e,0x76,0x61,0x6c,0x75,0x65,
    0x5f,0x6b,0x69,0x6e,0x64,0xa8,0x62,0x79,0x5f,0x76,0x61,0x6c,0x75,0x65,0xab,0x2e,
    0x76,0x61,0x6c,0x75,0x65,0x5f,0x74,0x79,0x70,0x65,0xa3,0x69,0x33,0x32,0x85,0xa5,
    0x2e,0x6e,0x61,0x6d,0x65,0xac,0x6f,0x75,0x74,0x5f,0x73,0x74,0x72,0x69,0x64,0x65,
    0x5f,0x77,0xa7,0x2e,0x6f,0x66,0x66,0x73,0x65,0x74,0x5c,0xa5,0x2e,0x73,0x69,0x7a,
    0x65,0x04,0xab,0x2e,0x76,0x61,0x6c,0x75,0x65,0x5f,0x6b,0x69,0x6e,0x64,0xa8,0x62,
    0x79,0x5f,0x76,0x61,0x6c,0x75,0x65,0xab,0x2e,0x76,0x61,0x6c,0x75,0x65,0x5f,0x74,
    0x79,0x70,0x65,0xa3,0x69,0x33,0x32,0x85,0xa5,0x2e,0x6e,0x61,0x6d,0x65,0xa9,0x73,
    0x74,0x72,0x69,0x64,0x65,0x5f,0x68,0x77,0xa7,0x2e,0x6f,0x66,0x66,0x73,0x65,0x74,
    0x60,0xa5,0x2e,0x73,0x69,0x7a,0x65,0x04,0xab,0x2e,0x76,0x61,0x6c,0x75,0x65,0x5f,
    0x6b,0x69,0x6e,0x64,0xa8,0x62,0x79,0x5f,0x76,0x61,0x6c,0x75,0x65,0xab,0x2e,0x76,
    0x61,0x6c,0x75,0x65,0x5f,0x74,0x79,0x70,0x65,0xa3,0x69,0x33,0x32,0x85,0xa5,0x2e,
    0x6e,0x61,0x6d,0x65,0xab,0x64,0x69,0x6c,0x61,0x74,0x69,0x6f,0x6e,0x5f,0x68,0x77,
    0xa7,0x2e,0x6f,0x66,0x66,0x73,0x65,0x74,0x64,0xa5,0x2e,0x73,0x69,0x7a,0x65,0x04,
    0xab,0x2e,0x76,0x61,0x6c,0x75,0x65,0x5f,0x6b,0x69,0x6e,0x64,0xa8,0x62,0x79,0x5f,
    0x76,0x61,0x6c,0x75,0x65,0xab,0x2e,0x76,0x61,0x6c,0x75,0x65,0x5f,0x74,0x79,0x70,
    0x65,0xa3,0x69,0x33,0x32,0x85,0xa5,0x2e,0x6e,0x61,0x6d,0x65,0xa6,0x70,0x61,0x64,
    0x5f,0x68,0x77,0xa7,0x2e,0x6f,0x66,0x66,0x73,0x65,0x74,0x68,0xa5,0x2e,0x73,0x69,
    0x7a,0x65,0x04,0xab,0x2e,0x76,0x61,0x6c,0x75,0x65,0x5f,0x6b,0x69,0x6e,0x64,0xa8,
    0x62,0x79,0x5f,0x76,0x61,0x6c,0x75,0x65,0xab,0x2e,0x76,0x61,0x6c,0x75,0x65,0x5f,
    0x74,0x79,0x70,0x65,0xa3,0x69,0x33,0x32,0x85,0xa5,0x2e,0x6e,0x61,0x6d,0x65,0xa6,
    0x77,0x65,0x69,0x5f,0x68,0x77,0xa7,0x2e,0x6f,0x66,0x66,0x73,0x65,0x74,0x6c,0xa5,
    0x2e,0x73,0x69,0x7a,0x65,0x04,0xab,0x2e,0x76,0x61,0x6c,0x75,0x65,0x5f,0x6b,0x69,
    0x6e,0x64,0xa8,0x62,0x79,0x5f,0x76,0x61,0x6c,0x75,0x65,0xab,0x2e,0x76,0x61,0x6c,
    0x75,0x65,0x5f,0x74,0x79,0x70,0x65,0xa3,0x69,0x33,0x32,0x85,0xa5,0x2e,0x6e,0x61,
    0x6d,0x65,0xac,0x6d,0x6f,0x76,0x65,0x5f,0x73,0x6c,0x69,0x63,0x65,0x5f,0x6b,0xa7,
    0x2e,0x6f,0x66,0x66,0x73,0x65,0x74,0x70,0xa5,0x2e,0x73,0x69,0x7a,0x65,0x04,0xab,
    0x2e,0x76,0x61,0x6c,0x75,0x65,0x5f,0x6b,0x69,0x6e,0x64,0xa8,0x62,0x79,0x5f,0x76,
    0x61,0x6c,0x75,0x65,0xab,0x2e,0x76,0x61,0x6c,0x75,0x65,0x5f,0x74,0x79,0x70,0x65,
    0xa3,0x69,0x33,0x32,0x85,0xa5,0x2e,0x6e,0x61,0x6d,0x65,0xa7,0x6d,0x61,0x67,0x69,
    0x63,0x5f,0x30,0xa7,0x2e,0x6f,0x66,0x66,0x73,0x65,0x74,0x74,0xa5,0x2e,0x73,0x69,
    0x7a,0x65,0x04,0xab,0x2e,0x76,0x61,0x6c,0x75,0x65,0x5f,0x6b,0x69,0x6e,0x64,0xa8,
    0x62,0x79,0x5f,0x76,0x61,0x6c,0x75,0x65,0xab,0x2e,0x76,0x61,0x6c,0x75,0x65,0x5f,
    0x74,0x79,0x70,0x65,0xa3,0x69,0x33,0x32,0x85,0xa5,0x2e,0x6e,0x61,0x6d,0x65,0xa7,
    0x6d,0x61,0x67,0x69,0x63,0x5f,0x31,0xa7,0x2e,0x6f,0x66,0x66,0x73,0x65,0x74,0x78,
    0xa5,0x2e,0x73,0x69,0x7a,0x65,0x04,0xab,0x2e,0x76,0x61,0x6c,0x75,0x65,0x5f,0x6b,
    0x69,0x6e,0x64,0xa8,0x62,0x79,0x5f,0x76,0x61,0x6c,0x75,0x65,0xab,0x2e,0x76,0x61,
    0x6c,0x75,0x65,0x5f,0x74,0x79,0x70,0x65,0xa3,0x69,0x33,0x32,0x85,0xa5,0x2e,0x6e,
    0x61,0x6d,0x65,0xa7,0x6d,0x61,0x67,0x69,0x63,0x5f,0x32,0xa7,0x2e,0x6f,0x66,0x66,
    0x73,0x65,0x74,0x7c,0xa5,0x2e,0x73,0x69,0x7a,0x65,0x04,0xab,0x2e,0x76,0x61,0x6c,
    0x75,0x65,0x5f,0x6b,0x69,0x6e,0x64,0xa8,0x62,0x79,0x5f,0x76,0x61,0x6c,0x75,0x65,
    0xab,0x2e,0x76,0x61,0x6c,0x75,0x65,0x5f,0x74,0x79,0x70,0x65,0xa3,0x69,0x33,0x32,
    0x85,0xa5,0x2e,0x6e,0x61,0x6d,0x65,0xa7,0x6d,0x61,0x67,0x69,0x63,0x5f,0x33,0xa7,
    0x2e,0x6f,0x66,0x66,0x73,0x65,0x74,0xcc,0x80,0xa5,0x2e,0x73,0x69,0x7a,0x65,0x04,
    0xab,0x2e,0x76,0x61,0x6c,0x75,0x65,0x5f,0x6b,0x69,0x6e,0x64,0xa8,0x62,0x79,0x5f,
    0x76,0x61,0x6c,0x75,0x65,0xab,0x2e,0x76,0x61,0x6c,0x75,0x65,0x5f,0x74,0x79,0x70,
    0x65,0xa3,0x69,0x33,0x32,0x85,0xa5,0x2e,0x6e,0x61,0x6d,0x65,0xa7,0x6d,0x61,0x67,
    0x69,0x63,0x5f,0x34,0xa7,0x2e,0x6f,0x66,0x66,0x73,0x65,0x74,0xcc,0x84,0xa5,0x2e,
    0x73,0x69,0x7a,0x65,0x04,0xab,0x2e,0x76,0x61,0x6c,0x75,0x65,0x5f,0x6b,0x69,0x6e,
    0x64,0xa8,0x62,0x79,0x5f,0x76,0x61,0x6c,0x75,0x65,0xab,0x2e,0x76,0x61,0x6c,0x75,
    0x65,0x5f,0x74,0x79,0x70,0x65,0xa3,0x69,0x33,0x32,0x85,0xa5,0x2e,0x6e,0x61,0x6d,
    0x65,0xa7,0x6d,0x61,0x67,0x69,0x63,0x5f,0x35,0xa7,0x2e,0x6f,0x66,0x66,0x73,0x65,
    0x74,0xcc,0x88,0xa5,0x2e,0x73,0x69,0x7a,0x65,0x04,0xab,0x2e,0x76,0x61,0x6c,0x75,
    0x65,0x5f,0x6b,0x69,0x6e,0x64,0xa8,0x62,0x79,0x5f,0x76,0x61,0x6c,0x75,0x65,0xab,
    0x2e,0x76,0x61,0x6c,0x75,0x65,0x5f,0x74,0x79,0x70,0x65,0xa3,0x69,0x33,0x32,0x85,
    0xa5,0x2e,0x6e,0x61,0x6d,0x65,0xac,0x73,0x68,0x69,0x66,0x74,0x5f,0x70,0x61,0x63,
    0x6b,0x5f,0x30,0xa7,0x2e,0x6f,0x66,0x66,0x73,0x65,0x74,0xcc,0x8c,0xa5,0x2e,0x73,
    0x69,0x7a,0x65,0x04,0xab,0x2e,0x76,0x61,0x6c,0x75,0x65,0x5f,0x6b,0x69,0x6e,0x64,
    0xa8,0x62,0x79,0x5f,0x76,0x61,0x6c,0x75,0x65,0xab,0x2e,0x76,0x61,0x6c,0x75,0x65,
    0x5f,0x74,0x79,0x70,0x65,0xa3,0x69,0x33,0x32,0x85,0xa5,0x2e,0x6e,0x61,0x6d,0x65,
    0xac,0x73,0x68,0x69,0x66,0x74,0x5f,0x70,0x61,0x63,0x6b,0x5f,0x31,0xa7,0x2e,0x6f,
    0x66,0x66,0x73,0x65,0x74,0xcc,0x90,0xa5,0x2e,0x73,0x69,0x7a,0x65,0x04,0xab,0x2e,
    0x76,0x61,0x6c,0x75,0x65,0x5f,0x6b,0x69,0x6e,0x64,0xa8,0x62,0x79,0x5f,0x76,0x61,
    0x6c,0x75,0x65,0xab,0x2e,0x76,0x61,0x6c,0x75,0x65,0x5f,0x74,0x79,0x70,0x65,0xa3,
    0x69,0x33,0x32,0xb9,0x2e,0x67,0x72,0x6f,0x75,0x70,0x5f,0x73,0x65,0x67,0x6d,0x65,
    0x6e,0x74,0x5f,0x66,0x69,0x78,0x65,0x64,0x5f,0x73,0x69,0x7a,0x65,0xcd,0x40,0x00,
    0xb6,0x2e,0x6b,0x65,0x72,0x6e,0x61,0x72,0x67,0x5f,0x73,0x65,0x67,0x6d,0x65,0x6e,
    0x74,0x5f,0x61,0x6c,0x69,0x67,0x6e,0x08,0xb5,0x2e,0x6b,0x65,0x72,0x6e,0x61,0x72,
    0x67,0x5f,0x73,0x65,0x67,0x6d,0x65,0x6e,0x74,0x5f,0x73,0x69,0x7a,0x65,0xcc,0x98,
    0xb8,0x2e,0x6d,0x61,0x78,0x5f,0x66,0x6c,0x61,0x74,0x5f,0x77,0x6f,0x72,0x6b,0x67,
    0x72,0x6f,0x75,0x70,0x5f,0x73,0x69,0x7a,0x65,0xcd,0x01,0x00,0xa5,0x2e,0x6e,0x61,
    0x6d,0x65,0xd9,0x64,0x63,0x6f,0x6e,0x76,0x5f,0x66,0x77,0x64,0x5f,0x72,0x65,0x6c,
    0x75,0x5f,0x67,0x74,0x63,0x77,0x34,0x5f,0x6e,0x68,0x77,0x63,0x5f,0x66,0x70,0x31,
    0x36,0x78,0x38,0x5f,0x65,0x78,0x30,0x5f,0x62,0x74,0x36,0x34,0x78,0x36,0x34,0x78,
    0x36,0x34,0x5f,0x77,0x72,0x31,0x78,0x32,0x5f,0x77,0x6e,0x34,0x78,0x32,0x5f,0x74,
    0x61,0x31,0x78,0x38,0x78,0x31,0x78,0x32,0x5f,0x31,0x78,0x38,0x78,0x31,0x78,0x33,
    0x32,0x5f,0x74,0x62,0x31,0x78,0x38,0x78,0x32,0x78,0x31,0x5f,0x31,0x78,0x38,0x78,
    0x31,0x78,0x33,0x32,0x5f,0x6d,0x62,0x30,0xbb,0x2e,0x70,0x72,0x69,0x76,0x61,0x74,
    0x65,0x5f,0x73,0x65,0x67,0x6d,0x65,0x6e,0x74,0x5f,0x66,0x69,0x78,0x65,0x64,0x5f,
    0x73,0x69,0x7a,0x65,0x00,0xb4,0x2e,0x72,0x65,0x71,0x64,0x5f,0x77,0x6f,0x72,0x6b,
    0x67,0x72,0x6f,0x75,0x70,0x5f,0x73,0x69,0x7a,0x65,0x93,0xcd,0x01,0x00,0x01,0x01,
    0xab,0x2e,0x73,0x67,0x70,0x72,0x5f,0x63,0x6f,0x75,0x6e,0x74,0x4c,0xa7,0x2e,0x73,
    0x79,0x6d,0x62,0x6f,0x6c,0xd9,0x67,0x63,0x6f,0x6e,0x76,0x5f,0x66,0x77,0x64,0x5f,
    0x72,0x65,0x6c,0x75,0x5f,0x67,0x74,0x63,0x77,0x34,0x5f,0x6e,0x68,0x77,0x63,0x5f,
    0x66,0x70,0x31,0x36,0x78,0x38,0x5f,0x65,0x78,0x30,0x5f,0x62,0x74,0x36,0x34,0x78,
    0x36,0x34,0x78,0x36,0x34,0x5f,0x77,0x72,0x31,0x78,0x32,0x5f,0x77,0x6e,0x34,0x78,
    0x32,0x5f,0x74,0x61,0x31,0x78,0x38,0x78,0x31,0x78,0x32,0x5f,0x31,0x78,0x38,0x78,
    0x31,0x78,0x33,0x32,0x5f,0x74,0x62,0x31,0x78,0x38,0x78,0x32,0x78,0x31,0x5f,0x31,
    0x78,0x38,0x78,0x31,0x78,0x33,0x32,0x5f,0x6d,0x62,0x30,0x2e,0x6b,0x64,0xab,0x2e,
    0x76,0x67,0x70,0x72,0x5f,0x63,0x6f,0x75,0x6e,0x74,0x4a,0xaf,0x2e,0x77,0x61,0x76,
    0x65,0x66,0x72,0x6f,0x6e,0x74,0x5f,0x73,0x69,0x7a,0x65,0x20,0xae,0x61,0x6d,0x64,
    0x68,0x73,0x61,0x2e,0x76,0x65,0x72,0x73,0x69,0x6f,0x6e,0x92,0x01,0x00,0x00,0x00,
    0x00,0x00,0x00,0x00,0x00,0x00,0x00,0x00,0x00,0x00,0x00,0x00,0x00,0x00,0x00,0x00,
    0x00,0x00,0x00,0x00,0x00,0x00,0x00,0x00,0x92,0x04,0x00,0x00,0x00,0x00,0xf1,0xff,
    0x00,0x00,0x00,0x00,0x00,0x00,0x00,0x00,0x00,0x00,0x00,0x00,0x00,0x00,0x00,0x00,
    0x36,0x05,0x00,0x00,0x00,0x00,0xf1,0xff,0x11,0x00,0x00,0x00,0x00,0x00,0x00,0x00,
    0x00,0x00,0x00,0x00,0x00,0x00,0x00,0x00,0x18,0x05,0x00,0x00,0x00,0x00,0xf1,0xff,
    0x16,0x00,0x00,0x00,0x00,0x00,0x00,0x00,0x00,0x00,0x00,0x00,0x00,0x00,0x00,0x00,
    0x3a,0x05,0x00,0x00,0x00,0x00,0xf1,0xff,0x1f,0x00,0x00,0x00,0x00,0x00,0x00,0x00,
    0x00,0x00,0x00,0x00,0x00,0x00,0x00,0x00,0x1c,0x05,0x00,0x00,0x00,0x00,0xf1,0xff,
    0x27,0x00,0x00,0x00,0x00,0x00,0x00,0x00,0x00,0x00,0x00,0x00,0x00,0x00,0x00,0x00,
    0x76,0x01,0x00,0x00,0x00,0x00,0xf1,0xff,0x2f,0x00,0x00,0x00,0x00,0x00,0x00,0x00,
    0x00,0x00,0x00,0x00,0x00,0x00,0x00,0x00,0x81,0x01,0x00,0x00,0x00,0x00,0xf1,0xff,
    0x30,0x00,0x00,0x00,0x00,0x00,0x00,0x00,0x00,0x00,0x00,0x00,0x00,0x00,0x00,0x00,
    0x60,0x01,0x00,0x00,0x00,0x00,0xf1,0xff,0x31,0x00,0x00,0x00,0x00,0x00,0x00,0x00,
    0x00,0x00,0x00,0x00,0x00,0x00,0x00,0x00,0x6b,0x01,0x00,0x00,0x00,0x00,0xf1,0xff,
    0x32,0x00,0x00,0x00,0x00,0x00,0x00,0x00,0x00,0x00,0x00,0x00,0x00,0x00,0x00,0x00,
    0x41,0x01,0x00,0x00,0x00,0x00,0xf1,0xff,0x33,0x00,0x00,0x00,0x00,0x00,0x00,0x00,
    0x00,0x00,0x00,0x00,0x00,0x00,0x00,0x00,0x1d,0x00,0x00,0x00,0x00,0x00,0xf1,0xff,
    0x35,0x00,0x00,0x00,0x00,0x00,0x00,0x00,0x00,0x00,0x00,0x00,0x00,0x00,0x00,0x00,
    0x49,0x01,0x00,0x00,0x00,0x00,0xf1,0xff,0x36,0x00,0x00,0x00,0x00,0x00,0x00,0x00,
    0x00,0x00,0x00,0x00,0x00,0x00,0x00,0x00,0x89,0x04,0x00,0x00,0x00,0x00,0xf1,0xff,
    0x37,0x00,0x00,0x00,0x00,0x00,0x00,0x00,0x00,0x00,0x00,0x00,0x00,0x00,0x00,0x00,
    0xa0,0x03,0x00,0x00,0x00,0x00,0xf1,0xff,0x38,0x00,0x00,0x00,0x00,0x00,0x00,0x00,
    0x00,0x00,0x00,0x00,0x00,0x00,0x00,0x00,0x06,0x00,0x00,0x00,0x00,0x00,0xf1,0xff,
    0x39,0x00,0x00,0x00,0x00,0x00,0x00,0x00,0x00,0x00,0x00,0x00,0x00,0x00,0x00,0x00,
    0x14,0x00,0x00,0x00,0x00,0x00,0xf1,0xff,0x3a,0x00,0x00,0x00,0x00,0x00,0x00,0x00,
    0x00,0x00,0x00,0x00,0x00,0x00,0x00,0x00,0xef,0x04,0x00,0x00,0x00,0x00,0xf1,0xff,
    0x3b,0x00,0x00,0x00,0x00,0x00,0x00,0x00,0x00,0x00,0x00,0x00,0x00,0x00,0x00,0x00,
    0x09,0x02,0x00,0x00,0x00,0x00,0xf1,0xff,0x3c,0x00,0x00,0x00,0x00,0x00,0x00,0x00,
    0x00,0x00,0x00,0x00,0x00,0x00,0x00,0x00,0x56,0x02,0x00,0x00,0x00,0x00,0xf1,0xff,
    0x3d,0x00,0x00,0x00,0x00,0x00,0x00,0x00,0x00,0x00,0x00,0x00,0x00,0x00,0x00,0x00,
    0xa6,0x00,0x00,0x00,0x00,0x00,0xf1,0xff,0x3c,0x00,0x00,0x00,0x00,0x00,0x00,0x00,
    0x00,0x00,0x00,0x00,0x00,0x00,0x00,0x00,0x18,0x04,0x00,0x00,0x00,0x00,0xf1,0xff,
    0x3e,0x00,0x00,0x00,0x00,0x00,0x00,0x00,0x00,0x00,0x00,0x00,0x00,0x00,0x00,0x00,
    0x11,0x02,0x00,0x00,0x00,0x00,0xf1,0xff,0x3f,0x00,0x00,0x00,0x00,0x00,0x00,0x00,
    0x00,0x00,0x00,0x00,0x00,0x00,0x00,0x00,0x43,0x02,0x00,0x00,0x00,0x00,0xf1,0xff,
    0x40,0x00,0x00,0x00,0x00,0x00,0x00,0x00,0x00,0x00,0x00,0x00,0x00,0x00,0x00,0x00,
    0x6e,0x02,0x00,0x00,0x00,0x00,0xf1,0xff,0x3c,0x00,0x00,0x00,0x00,0x00,0x00,0x00,
    0x00,0x00,0x00,0x00,0x00,0x00,0x00,0x00,0x4d,0x02,0x00,0x00,0x00,0x00,0xf1,0xff,
    0x40,0x00,0x00,0x00,0x00,0x00,0x00,0x00,0x00,0x00,0x00,0x00,0x00,0x00,0x00,0x00,
    0x96,0x02,0x00,0x00,0x00,0x00,0xf1,0xff,0x3e,0x00,0x00,0x00,0x00,0x00,0x00,0x00,
    0x00,0x00,0x00,0x00,0x00,0x00,0x00,0x00,0xe5,0x04,0x00,0x00,0x00,0x00,0xf1,0xff,
    0x3b,0x00,0x00,0x00,0x00,0x00,0x00,0x00,0x00,0x00,0x00,0x00,0x00,0x00,0x00,0x00,
    0x82,0x03,0x00,0x00,0x00,0x00,0xf1,0xff,0x3d,0x00,0x00,0x00,0x00,0x00,0x00,0x00,
    0x00,0x00,0x00,0x00,0x00,0x00,0x00,0x00,0xf9,0x01,0x00,0x00,0x00,0x00,0xf1,0xff,
    0x2f,0x00,0x00,0x00,0x00,0x00,0x00,0x00,0x00,0x00,0x00,0x00,0x00,0x00,0x00,0x00,
    0xdf,0x01,0x00,0x00,0x00,0x00,0xf1,0xff,0x30,0x00,0x00,0x00,0x00,0x00,0x00,0x00,
    0x00,0x00,0x00,0x00,0x00,0x00,0x00,0x00,0xbb,0x01,0x00,0x00,0x00,0x00,0xf1,0xff,
    0x31,0x00,0x00,0x00,0x00,0x00,0x00,0x00,0x00,0x00,0x00,0x00,0x00,0x00,0x00,0x00,
    0x38,0x01,0x00,0x00,0x00,0x00,0xf1,0xff,0x33,0x00,0x00,0x00,0x00,0x00,0x00,0x00,
    0x00,0x00,0x00,0x00,0x00,0x00,0x00,0x00,0x2c,0x00,0x00,0x00,0x00,0x00,0xf1,0xff,
    0x38,0x00,0x00,0x00,0x00,0x00,0x00,0x00,0x00,0x00,0x00,0x00,0x00,0x00,0x00,0x00,
    0xc0,0x04,0x00,0x00,0x00,0x00,0xf1,0xff,0x3b,0x00,0x00,0x00,0x00,0x00,0x00,0x00,
    0x00,0x00,0x00,0x00,0x00,0x00,0x00,0x00,0xaf,0x01,0x00,0x00,0x00,0x00,0xf1,0xff,
    0x42,0x00,0x00,0x00,0x00,0x00,0x00,0x00,0x00,0x00,0x00,0x00,0x00,0x00,0x00,0x00,
    0x31,0x05,0x00,0x00,0x00,0x00,0xf1,0xff,0x00,0x00,0x00,0x00,0x00,0x00,0x00,0x00,
    0x00,0x00,0x00,0x00,0x00,0x00,0x00,0x00,0x27,0x00,0x00,0x00,0x00,0x00,0xf1,0xff,
    0x02,0x00,0x00,0x00,0x00,0x00,0x00,0x00,0x00,0x00,0x00,0x00,0x00,0x00,0x00,0x00,
    0x0f,0x00,0x00,0x00,0x00,0x00,0xf1,0xff,0x03,0x00,0x00,0x00,0x00,0x00,0x00,0x00,
    0x00,0x00,0x00,0x00,0x00,0x00,0x00,0x00,0x01,0x00,0x00,0x00,0x00,0x00,0xf1,0xff,
    0x04,0x00,0x00,0x00,0x00,0x00,0x00,0x00,0x00,0x00,0x00,0x00,0x00,0x00,0x00,0x00,
    0x3c,0x02,0x00,0x00,0x00,0x00,0xf1,0xff,0x05,0x00,0x00,0x00,0x00,0x00,0x00,0x00,
    0x00,0x00,0x00,0x00,0x00,0x00,0x00,0x00,0x8c,0x01,0x00,0x00,0x00,0x00,0xf1,0xff,
    0x06,0x00,0x00,0x00,0x00,0x00,0x00,0x00,0x00,0x00,0x00,0x00,0x00,0x00,0x00,0x00,
    0x91,0x03,0x00,0x00,0x00,0x00,0xf1,0xff,0x07,0x00,0x00,0x00,0x00,0x00,0x00,0x00,
    0x00,0x00,0x00,0x00,0x00,0x00,0x00,0x00,0xd5,0x02,0x00,0x00,0x00,0x00,0xf1,0xff,
    0x08,0x00,0x00,0x00,0x00,0x00,0x00,0x00,0x00,0x00,0x00,0x00,0x00,0x00,0x00,0x00,
    0xd0,0x02,0x00,0x00,0x00,0x00,0xf1,0xff,0x09,0x00,0x00,0x00,0x00,0x00,0x00,0x00,
    0x00,0x00,0x00,0x00,0x00,0x00,0x00,0x00,0x1b,0x02,0x00,0x00,0x00,0x00,0xf1,0xff,
    0x0a,0x00,0x00,0x00,0x00,0x00,0x00,0x00,0x00,0x00,0x00,0x00,0x00,0x00,0x00,0x00,
    0x75,0x02,0x00,0x00,0x00,0x00,0xf1,0xff,0x0b,0x00,0x00,0x00,0x00,0x00,0x00,0x00,
    0x00,0x00,0x00,0x00,0x00,0x00,0x00,0x00,0x96,0x04,0x00,0x00,0x00,0x00,0xf1,0xff,
    0x0c,0x00,0x00,0x00,0x00,0x00,0x00,0x00,0x00,0x00,0x00,0x00,0x00,0x00,0x00,0x00,
    0x8d,0x03,0x00,0x00,0x00,0x00,0xf1,0xff,0x0d,0x00,0x00,0x00,0x00,0x00,0x00,0x00,
    0x00,0x00,0x00,0x00,0x00,0x00,0x00,0x00,0xf4,0x01,0x00,0x00,0x00,0x00,0xf1,0xff,
    0x0e,0x00,0x00,0x00,0x00,0x00,0x00,0x00,0x00,0x00,0x00,0x00,0x00,0x00,0x00,0x00,
    0xd0,0x01,0x00,0x00,0x00,0x00,0xf1,0xff,0x0f,0x00,0x00,0x00,0x00,0x00,0x00,0x00,
    0x00,0x00,0x00,0x00,0x00,0x00,0x00,0x00,0x2e,0x02,0x00,0x00,0x00,0x00,0xf1,0xff,
    0x10,0x00,0x00,0x00,0x00,0x00,0x00,0x00,0x00,0x00,0x00,0x00,0x00,0x00,0x00,0x00,
    0x9a,0x04,0x00,0x00,0x00,0x00,0xf1,0xff,0x11,0x00,0x00,0x00,0x00,0x00,0x00,0x00,
    0x00,0x00,0x00,0x00,0x00,0x00,0x00,0x00,0x00,0x03,0x00,0x00,0x00,0x00,0xf1,0xff,
    0x12,0x00,0x00,0x00,0x00,0x00,0x00,0x00,0x00,0x00,0x00,0x00,0x00,0x00,0x00,0x00,
    0x8a,0x00,0x00,0x00,0x00,0x00,0xf1,0xff,0x13,0x00,0x00,0x00,0x00,0x00,0x00,0x00,
    0x00,0x00,0x00,0x00,0x00,0x00,0x00,0x00,0x1f,0x02,0x00,0x00,0x00,0x00,0xf1,0xff,
    0x14,0x00,0x00,0x00,0x00,0x00,0x00,0x00,0x00,0x00,0x00,0x00,0x00,0x00,0x00,0x00,
    0xa3,0x02,0x00,0x00,0x00,0x00,0xf1,0xff,0x15,0x00,0x00,0x00,0x00,0x00,0x00,0x00,
    0x00,0x00,0x00,0x00,0x00,0x00,0x00,0x00,0xf1,0x02,0x00,0x00,0x00,0x00,0xf1,0xff,
    0x16,0x00,0x00,0x00,0x00,0x00,0x00,0x00,0x00,0x00,0x00,0x00,0x00,0x00,0x00,0x00,
    0x7b,0x00,0x00,0x00,0x00,0x00,0xf1,0xff,0x17,0x00,0x00,0x00,0x00,0x00,0x00,0x00,
    0x00,0x00,0x00,0x00,0x00,0x00,0x00,0x00,0x57,0x00,0x00,0x00,0x00,0x00,0xf1,0xff,
    0x18,0x00,0x00,0x00,0x00,0x00,0x00,0x00,0x00,0x00,0x00,0x00,0x00,0x00,0x00,0x00,
    0x40,0x00,0x00,0x00,0x00,0x00,0xf1,0xff,0x19,0x00,0x00,0x00,0x00,0x00,0x00,0x00,
    0x00,0x00,0x00,0x00,0x00,0x00,0x00,0x00,0x63,0x00,0x00,0x00,0x00,0x00,0xf1,0xff,
    0x1a,0x00,0x00,0x00,0x00,0x00,0x00,0x00,0x00,0x00,0x00,0x00,0x00,0x00,0x00,0x00,
    0x4e,0x00,0x00,0x00,0x00,0x00,0xf1,0xff,0x1b,0x00,0x00,0x00,0x00,0x00,0x00,0x00,
    0x00,0x00,0x00,0x00,0x00,0x00,0x00,0x00,0x02,0x02,0x00,0x00,0x00,0x00,0xf1,0xff,
    0x1c,0x00,0x00,0x00,0x00,0x00,0x00,0x00,0x00,0x00,0x00,0x00,0x00,0x00,0x00,0x00,
    0xda,0x02,0x00,0x00,0x00,0x00,0xf1,0xff,0x20,0x00,0x00,0x00,0x00,0x00,0x00,0x00,
    0x00,0x00,0x00,0x00,0x00,0x00,0x00,0x00,0x9e,0x00,0x00,0x00,0x00,0x00,0xf1,0xff,
    0x24,0x00,0x00,0x00,0x00,0x00,0x00,0x00,0x00,0x00,0x00,0x00,0x00,0x00,0x00,0x00,
    0xf7,0x05,0x00,0x00,0x00,0x00,0xf1,0xff,0x28,0x00,0x00,0x00,0x00,0x00,0x00,0x00,
    0x00,0x00,0x00,0x00,0x00,0x00,0x00,0x00,0x79,0x05,0x00,0x00,0x00,0x00,0xf1,0xff,
    0x29,0x00,0x00,0x00,0x00,0x00,0x00,0x00,0x00,0x00,0x00,0x00,0x00,0x00,0x00,0x00,
    0x60,0x05,0x00,0x00,0x00,0x00,0xf1,0xff,0x2a,0x00,0x00,0x00,0x00,0x00,0x00,0x00,
    0x00,0x00,0x00,0x00,0x00,0x00,0x00,0x00,0x56,0x05,0x00,0x00,0x00,0x00,0xf1,0xff,
    0x2b,0x00,0x00,0x00,0x00,0x00,0x00,0x00,0x00,0x00,0x00,0x00,0x00,0x00,0x00,0x00,
    0x4c,0x05,0x00,0x00,0x00,0x00,0xf1,0xff,0x2c,0x00,0x00,0x00,0x00,0x00,0x00,0x00,
    0x00,0x00,0x00,0x00,0x00,0x00,0x00,0x00,0x42,0x05,0x00,0x00,0x00,0x00,0xf1,0xff,
    0x2d,0x00,0x00,0x00,0x00,0x00,0x00,0x00,0x00,0x00,0x00,0x00,0x00,0x00,0x00,0x00,
    0xe8,0x05,0x00,0x00,0x00,0x00,0xf1,0xff,0x2e,0x00,0x00,0x00,0x00,0x00,0x00,0x00,
    0x00,0x00,0x00,0x00,0x00,0x00,0x00,0x00,0x6a,0x05,0x00,0x00,0x00,0x00,0xf1,0xff,
    0x2f,0x00,0x00,0x00,0x00,0x00,0x00,0x00,0x00,0x00,0x00,0x00,0x00,0x00,0x00,0x00,
    0xc1,0x02,0x00,0x00,0x00,0x00,0xf1,0xff,0x30,0x00,0x00,0x00,0x00,0x00,0x00,0x00,
    0x00,0x00,0x00,0x00,0x00,0x00,0x00,0x00,0xa1,0x01,0x00,0x00,0x00,0x00,0xf1,0xff,
    0x31,0x00,0x00,0x00,0x00,0x00,0x00,0x00,0x00,0x00,0x00,0x00,0x00,0x00,0x00,0x00,
    0x93,0x01,0x00,0x00,0x00,0x00,0xf1,0xff,0x32,0x00,0x00,0x00,0x00,0x00,0x00,0x00,
    0x00,0x00,0x00,0x00,0x00,0x00,0x00,0x00,0x5f,0x02,0x00,0x00,0x00,0x00,0xf1,0xff,
    0x33,0x00,0x00,0x00,0x00,0x00,0x00,0x00,0x00,0x00,0x00,0x00,0x00,0x00,0x00,0x00,
    0xf8,0x04,0x00,0x00,0x00,0x00,0xf1,0xff,0x34,0x00,0x00,0x00,0x00,0x00,0x00,0x00,
    0x00,0x00,0x00,0x00,0x00,0x00,0x00,0x00,0xb2,0x02,0x00,0x00,0x00,0x00,0xf1,0xff,
    0x35,0x00,0x00,0x00,0x00,0x00,0x00,0x00,0x00,0x00,0x00,0x00,0x00,0x00,0x00,0x00,
    0x79,0x02,0x00,0x00,0x00,0x00,0xf1,0xff,0x36,0x00,0x00,0x00,0x00,0x00,0x00,0x00,
    0x00,0x00,0x00,0x00,0x00,0x00,0x00,0x00,0xa8,0x04,0x00,0x00,0x00,0x00,0xf1,0xff,
    0x37,0x00,0x00,0x00,0x00,0x00,0x00,0x00,0x00,0x00,0x00,0x00,0x00,0x00,0x00,0x00,
    0xd0,0x04,0x00,0x00,0x00,0x00,0xf1,0xff,0x38,0x00,0x00,0x00,0x00,0x00,0x00,0x00,
    0x00,0x00,0x00,0x00,0x00,0x00,0x00,0x00,0xd5,0x01,0x00,0x00,0x00,0x00,0xf1,0xff,
    0x39,0x00,0x00,0x00,0x00,0x00,0x00,0x00,0x00,0x00,0x00,0x00,0x00,0x00,0x00,0x00,
    0x1f,0x01,0x00,0x00,0x00,0x00,0xf1,0xff,0x3a,0x00,0x00,0x00,0x00,0x00,0x00,0x00,
    0x00,0x00,0x00,0x00,0x00,0x00,0x00,0x00,0x2b,0x01,0x00,0x00,0x00,0x00,0xf1,0xff,
    0x3b,0x00,0x00,0x00,0x00,0x00,0x00,0x00,0x00,0x00,0x00,0x00,0x00,0x00,0x00,0x00,
    0x52,0x01,0x00,0x00,0x00,0x00,0xf1,0xff,0x3b,0x00,0x00,0x00,0x00,0x00,0x00,0x00,
    0x00,0x00,0x00,0x00,0x00,0x00,0x00,0x00,0x6c,0x00,0x00,0x00,0x00,0x00,0xf1,0xff,
    0x10,0x00,0x00,0x00,0x00,0x00,0x00,0x00,0x00,0x00,0x00,0x00,0x00,0x00,0x00,0x00,
    0xe2,0x02,0x00,0x00,0x00,0x00,0xf1,0xff,0x13,0x00,0x00,0x00,0x00,0x00,0x00,0x00,
    0x00,0x00,0x00,0x00,0x00,0x00,0x00,0x00,0xe9,0x01,0x00,0x00,0x00,0x00,0xf1,0xff,
    0x3c,0x00,0x00,0x00,0x00,0x00,0x00,0x00,0x00,0x00,0x00,0x00,0x00,0x00,0x00,0x00,
    0xc5,0x01,0x00,0x00,0x00,0x00,0xf1,0xff,0x3d,0x00,0x00,0x00,0x00,0x00,0x00,0x00,
    0x00,0x00,0x00,0x00,0x00,0x00,0x00,0x00,0xb5,0x01,0x00,0x00,0x00,0x00,0xf1,0xff,
    0x3e,0x00,0x00,0x00,0x00,0x00,0x00,0x00,0x00,0x00,0x00,0x00,0x00,0x00,0x00,0x00,
    0xaa,0x03,0x00,0x00,0x00,0x00,0x02,0x00,0x84,0x06,0x00,0x00,0x00,0x00,0x00,0x00,
    0x00,0x00,0x00,0x00,0x00,0x00,0x00,0x00,0xaf,0x00,0x00,0x00,0x00,0x00,0x02,0x00,
    0x94,0x04,0x00,0x00,0x00,0x00,0x00,0x00,0x00,0x00,0x00,0x00,0x00,0x00,0x00,0x00,
    0x0e,0x03,0x00,0x00,0x00,0x00,0x02,0x00,0x58,0x06,0x00,0x00,0x00,0x00,0x00,0x00,
    0x00,0x00,0x00,0x00,0x00,0x00,0x00,0x00,0x83,0x05,0x00,0x00,0x12,0x03,0x02,0x00,
    0x00,0x00,0x00,0x00,0x00,0x00,0x00,0x00,0x00,0x00,0x00,0x00,0x00,0x00,0x00,0x00,
    0x21,0x04,0x00,0x00,0x11,0x00,0x03,0x00,0x00,0x00,0x00,0x00,0x00,0x00,0x00,0x00,
    0x40,0x00,0x00,0x00,0x00,0x00,0x00,0x00,0x10,0x00,0x00,0x00,0x00,0x00,0x00,0x00,
    0x05,0x00,0x00,0x00,0x5f,0x00,0x00,0x00,0x10,0x00,0x00,0x00,0x00,0x00,0x00,0x00,
    0x00,0x73,0x5f,0x62,0x7a,0x00,0x76,0x5f,0x67,0x74,0x63,0x5f,0x69,0x79,0x00,0x73,
    0x5f,0x62,0x79,0x00,0x76,0x5f,0x67,0x74,0x63,0x5f,0x69,0x78,0x00,0x76,0x5f,0x77,
    0x65,0x69,0x5f,0x69,0x64,0x78,0x00,0x73,0x5f,0x62,0x78,0x00,0x76,0x5f,0x64,0x69,
    0x66,0x66,0x5f,0x69,0x6e,0x5f,0x69,0x77,0x69,0x5f,0x61,0x63,0x63,0x5f,0x78,0x00,
    0x73,0x5f,0x64,0x69,0x6c,0x61,0x74,0x69,0x6f,0x6e,0x5f,0x68,0x77,0x00,0x73,0x5f,
    0x77,0x65,0x69,0x5f,0x68,0x77,0x00,0x73,0x5f,0x73,0x74,0x72,0x69,0x64,0x65,0x5f,
    0x68,0x77,0x00,0x73,0x5f,0x70,0x61,0x64,0x5f,0x68,0x77,0x00,0x73,0x5f,0x78,0x5f,
    0x64,0x69,0x6c,0x61,0x74,0x69,0x6f,0x6e,0x5f,0x77,0x00,0x73,0x5f,0x6f,0x75,0x74,
    0x5f,0x73,0x74,0x72,0x69,0x64,0x65,0x5f,0x77,0x00,0x73,0x5f,0x69,0x6e,0x5f,0x73,
    0x74,0x72,0x69,0x64,0x65,0x5f,0x77,0x00,0x2e,0x74,0x65,0x78,0x74,0x00,0x73,0x5f,
    0x70,0x5f,0x6f,0x75,0x74,0x00,0x76,0x5f,0x63,0x6f,0x5f,0x73,0x73,0x74,0x00,0x63,
    0x6f,0x6e,0x76,0x5f,0x66,0x77,0x64,0x5f,0x72,0x65,0x6c,0x75,0x5f,0x67,0x74,0x63,
    0x77,0x34,0x5f,0x6e,0x68,0x77,0x63,0x5f,0x66,0x70,0x31,0x36,0x78,0x38,0x5f,0x65,
    0x78,0x30,0x5f,0x62,0x74,0x36,0x34,0x78,0x36,0x34,0x78,0x36,0x34,0x5f,0x77,0x72,
    0x31,0x78,0x32,0x5f,0x77,0x6e,0x34,0x78,0x32,0x5f,0x74,0x61,0x31,0x78,0x38,0x78,
    0x31,0x78,0x32,0x5f,0x31,0x78,0x38,0x78,0x31,0x78,0x33,0x32,0x5f,0x74,0x62,0x31,
    0x78,0x38,0x78,0x32,0x78,0x31,0x5f,0x31,0x78,0x38,0x78,0x31,0x78,0x33,0x32,0x5f,
    0x6d,0x62,0x30,0x5f,0x6c,0x6f,0x6f,0x70,0x5f,0x73,0x74,0x61,0x72,0x74,0x00,0x73,
    0x5f,0x69,0x6e,0x5f,0x6f,0x66,0x66,0x73,0x65,0x74,0x00,0x73,0x5f,0x77,0x65,0x69,
    0x5f,0x6f,0x66,0x66,0x73,0x65,0x74,0x00,0x76,0x5f,0x6f,0x75,0x74,0x5f,0x6f,0x73,
    0x00,0x76,0x5f,0x69,0x6e,0x5f,0x6f,0x73,0x00,0x76,0x5f,0x77,0x65,0x69,0x5f,0x6f,
    0x73,0x00,0x73,0x5f,0x77,0x65,0x69,0x5f,0x62,0x61,0x73,0x65,0x5f,0x6f,0x73,0x00,
    0x76,0x5f,0x73,0x73,0x74,0x5f,0x62,0x5f,0x6f,0x73,0x00,0x76,0x5f,0x73,0x6c,0x64,
    0x5f,0x62,0x5f,0x6f,0x73,0x00,0x76,0x5f,0x73,0x73,0x74,0x5f,0x61,0x5f,0x6f,0x73,
    0x00,0x76,0x5f,0x73,0x6c,0x64,0x5f,0x61,0x5f,0x6f,0x73,0x00,0x73,0x5f,0x6b,0x69,
    0x74,0x72,0x00,0x73,0x5f,0x6b,0x5f,0x70,0x65,0x72,0x5f,0x67,0x72,0x6f,0x75,0x70,
    0x00,0x73,0x5f,0x63,0x5f,0x70,0x65,0x72,0x5f,0x67,0x72,0x6f,0x75,0x70,0x00,0x76,
    0x5f,0x74,0x6d,0x70,0x00,0x73,0x5f,0x74,0x6d,0x70,0x00,0x76,0x5f,0x6f,0x75,0x74,
    0x5f,0x69,0x77,0x6f,0x00,0x73,0x5f,0x73,0x68,0x69,0x66,0x74,0x5f,0x77,0x6f,0x00,
    0x73,0x5f,0x77,0x6f,0x00,0x73,0x5f,0x6e,0x5f,0x68,0x6f,0x5f,0x77,0x6f,0x00,0x76,
    0x5f,0x6f,0x75,0x74,0x5f,0x69,0x68,0x6f,0x00,0x73,0x5f,0x73,0x68,0x69,0x66,0x74,
    0x5f,0x68,0x6f,0x00,0x73,0x5f,0x68,0x6f,0x00,0x76,0x5f,0x6f,0x75,0x74,0x5f,0x69,
    0x6e,0x00,0x73,0x5f,0x70,0x5f,0x69,0x6e,0x00,0x76,0x5f,0x69,0x6e,0x5f,0x69,0x6e,
    0x00,0x76,0x5f,0x67,0x65,0x6d,0x6d,0x5f,0x69,0x6e,0x00,0x73,0x5f,0x6e,0x00,0x73,
    0x5f,0x6f,0x75,0x74,0x5f,0x73,0x74,0x72,0x69,0x64,0x65,0x5f,0x6e,0x00,0x73,0x5f,
    0x69,0x6e,0x5f,0x73,0x74,0x72,0x69,0x64,0x65,0x5f,0x6e,0x00,0x73,0x5f,0x6b,0x6e,
    0x75,0x6d,0x00,0x76,0x5f,0x67,0x65,0x6d,0x6d,0x5f,0x69,0x6d,0x00,0x76,0x5f,0x6f,
    0x75,0x74,0x5f,0x69,0x6b,0x00,0x76,0x5f,0x77,0x65,0x69,0x5f,0x69,0x6b,0x00,0x73,
    0x5f,0x62,0x6c,0x6f,0x63,0x6b,0x5f,0x67,0x74,0x63,0x5f,0x69,0x6b,0x00,0x76,0x5f,
    0x6f,0x75,0x74,0x5f,0x6f,0x73,0x5f,0x6b,0x00,0x73,0x5f,0x6d,0x6f,0x76,0x65,0x5f,
    0x73,0x6c,0x69,0x63,0x65,0x5f,0x6b,0x5f,0x73,0x74,0x72,0x69,0x64,0x65,0x5f,0x67,
    0x65,0x6d,0x6d,0x5f,0x6b,0x00,0x76,0x5f,0x6f,0x75,0x74,0x5f,0x66,0x6c,0x61,0x67,
    0x5f,0x6b,0x00,0x73,0x5f,0x6f,0x75,0x74,0x5f,0x73,0x74,0x72,0x69,0x64,0x65,0x5f,
    0x6b,0x00,0x73,0x5f,0x77,0x65,0x69,0x5f,0x73,0x74,0x72,0x69,0x64,0x65,0x5f,0x6b,
    0x00,0x73,0x5f,0x6d,0x6f,0x76,0x65,0x5f,0x73,0x6c,0x69,0x63,0x65,0x5f,0x6b,0x00,
    0x73,0x5f,0x77,0x69,0x00,0x73,0x5f,0x68,0x69,0x00,0x73,0x5f,0x70,0x5f,0x77,0x65,
    0x69,0x00,0x73,0x5f,0x79,0x5f,0x64,0x69,0x6c,0x61,0x74,0x69,0x6f,0x6e,0x5f,0x68,
    0x00,0x73,0x5f,0x6f,0x75,0x74,0x5f,0x73,0x74,0x72,0x69,0x64,0x65,0x5f,0x68,0x00,
    0x73,0x5f,0x69,0x6e,0x5f,0x73,0x74,0x72,0x69,0x64,0x65,0x5f,0x68,0x00,0x63,0x6f,
    0x6e,0x76,0x5f,0x66,0x77,0x64,0x5f,0x72,0x65,0x6c,0x75,0x5f,0x67,0x74,0x63,0x77,
    0x34,0x5f,0x6e,0x68,0x77,0x63,0x5f,0x66,0x70,0x31,0x36,0x78,0x38,0x5f,0x65,0x78,
    0x30,0x5f,0x62,0x74,0x36,0x34,0x78,0x36,0x34,0x78,0x36,0x34,0x5f,0x77,0x72,0x31,
    0x78,0x32,0x5f,0x77,0x6e,0x34,0x78,0x32,0x5f,0x74,0x61,0x31,0x78,0x38,0x78,0x31,
    0x78,0x32,0x5f,0x31,0x78,0x38,0x78,0x31,0x78,0x33,0x32,0x5f,0x74,0x62,0x31,0x78,
    0x38,0x78,0x32,0x78,0x31,0x5f,0x31,0x78,0x38,0x78,0x31,0x78,0x33,0x32,0x5f,0x6d,
    0x62,0x30,0x5f,0x6c,0x6f,0x6f,0x70,0x5f,0x66,0x69,0x6e,0x69,0x73,0x68,0x69,0x6e,
    0x67,0x00,0x76,0x5f,0x6f,0x75,0x74,0x5f,0x66,0x6c,0x61,0x67,0x00,0x73,0x5f,0x67,
    0x00,0x73,0x5f,0x30,0x78,0x66,0x66,0x66,0x66,0x00,0x2e,0x6e,0x6f,0x74,0x65,0x00,
    0x76,0x5f,0x67,0x74,0x63,0x5f,0x69,0x63,0x65,0x00,0x63,0x6f,0x6e,0x76,0x5f,0x66,
    0x77,0x64,0x5f,0x72,0x65,0x6c,0x75,0x5f,0x67,0x74,0x63,0x77,0x34,0x5f,0x6e,0x68,
    0x77,0x63,0x5f,0x66,0x70,0x31,0x36,0x78,0x38,0x5f,0x65,0x78,0x30,0x5f,0x62,0x74,
    0x36,0x34,0x78,0x36,0x34,0x78,0x36,0x34,0x5f,0x77,0x72,0x31,0x78,0x32,0x5f,0x77,
    0x6e,0x34,0x78,0x32,0x5f,0x74,0x61,0x31,0x78,0x38,0x78,0x31,0x78,0x32,0x5f,0x31,
    0x78,0x38,0x78,0x31,0x78,0x33,0x32,0x5f,0x74,0x62,0x31,0x78,0x38,0x78,0x32,0x78,
    0x31,0x5f,0x31,0x78,0x38,0x78,0x31,0x78,0x33,0x32,0x5f,0x6d,0x62,0x30,0x5f,0x6c,
    0x6f,0x6f,0x70,0x5f,0x65,0x6e,0x64,0x00,0x76,0x5f,0x63,0x6f,0x5f,0x73,0x6c,0x64,
    0x00,0x63,0x6f,0x6e,0x76,0x5f,0x66,0x77,0x64,0x5f,0x72,0x65,0x6c,0x75,0x5f,0x67,
    0x74,0x63,0x77,0x34,0x5f,0x6e,0x68,0x77,0x63,0x5f,0x66,0x70,0x31,0x36,0x78,0x38,
    0x5f,0x65,0x78,0x30,0x5f,0x62,0x74,0x36,0x34,0x78,0x36,0x34,0x78,0x36,0x34,0x5f,
    0x77,0x72,0x31,0x78,0x32,0x5f,0x77,0x6e,0x34,0x78,0x32,0x5f,0x74,0x61,0x31,0x78,
    0x38,0x78,0x31,0x78,0x32,0x5f,0x31,0x78,0x38,0x78,0x31,0x78,0x33,0x32,0x5f,0x74,
    0x62,0x31,0x78,0x38,0x78,0x32,0x78,0x31,0x5f,0x31,0x78,0x38,0x78,0x31,0x78,0x33,
    0x32,0x5f,0x6d,0x62,0x30,0x2e,0x6b,0x64,0x00,0x76,0x5f,0x67,0x74,0x63,0x5f,0x69,
    0x63,0x00,0x76,0x5f,0x63,0x00,0x73,0x5f,0x63,0x00,0x73,0x5f,0x69,0x6e,0x5f,0x73,
    0x74,0x72,0x69,0x64,0x65,0x5f,0x63,0x00,0x73,0x5f,0x6d,0x6f,0x76,0x65,0x5f,0x73,
    0x6c,0x69,0x63,0x65,0x5f,0x6b,0x5f,0x73,0x74,0x72,0x69,0x64,0x65,0x5f,0x63,0x00,
    0x76,0x5f,0x64,0x69,0x66,0x66,0x5f,0x69,0x6e,0x5f,0x61,0x63,0x63,0x5f,0x63,0x00,
    0x73,0x5f,0x6d,0x6f,0x76,0x65,0x5f,0x73,0x6c,0x69,0x63,0x65,0x5f,0x6b,0x5f,0x61,
    0x63,0x63,0x5f,0x63,0x00,0x76,0x5f,0x6f,0x75,0x74,0x5f,0x69,0x6e,0x62,0x00,0x76,
    0x5f,0x69,0x6e,0x5f,0x69,0x6e,0x62,0x00,0x73,0x5f,0x62,0x6c,0x6f,0x63,0x6b,0x5f,
    0x67,0x74,0x63,0x5f,0x69,0x6e,0x62,0x00,0x2e,0x73,0x74,0x72,0x74,0x61,0x62,0x00,
    0x2e,0x73,0x79,0x6d,0x74,0x61,0x62,0x00,0x76,0x5f,0x62,0x00,0x76,0x5f,0x67,0x6c,
    0x64,0x5f,0x62,0x00,0x2e,0x72,0x65,0x6c,0x61,0x2e,0x72,0x6f,0x64,0x61,0x74,0x61,
    0x00,0x73,0x5f,0x6b,0x61,0x00,0x76,0x5f,0x61,0x00,0x76,0x5f,0x67,0x6c,0x64,0x5f,
    0x61,0x00,0x73,0x5f,0x6d,0x61,0x67,0x69,0x63,0x5f,0x35,0x00,0x73,0x5f,0x6d,0x61,
    0x67,0x69,0x63,0x5f,0x34,0x00,0x73,0x5f,0x6d,0x61,0x67,0x69,0x63,0x5f,0x33,0x00,
    0x73,0x5f,0x6d,0x61,0x67,0x69,0x63,0x5f,0x32,0x00,0x73,0x5f,0x73,0x68,0x69,0x66,
    0x74,0x5f,0x70,0x61,0x63,0x6b,0x5f,0x31,0x00,0x73,0x5f,0x6d,0x61,0x67,0x69,0x63,
    0x5f,0x31,0x00,0x63,0x6f,0x6e,0x76,0x5f,0x66,0x77,0x64,0x5f,0x72,0x65,0x6c,0x75,
    0x5f,0x67,0x74,0x63,0x77,0x34,0x5f,0x6e,0x68,0x77,0x63,0x5f,0x66,0x70,0x31,0x36,
    0x78,0x38,0x5f,0x65,0x78,0x30,0x5f,0x62,0x74,0x36,0x34,0x78,0x36,0x34,0x78,0x36,
    0x34,0x5f,0x77,0x72,0x31,0x78,0x32,0x5f,0x77,0x6e,0x34,0x78,0x32,0x5f,0x74,0x61,
    0x31,0x78,0x38,0x78,0x31,0x78,0x32,0x5f,0x31,0x78,0x38,0x78,0x31,0x78,0x33,0x32,
    0x5f,0x74,0x62,0x31,0x78,0x38,0x78,0x32,0x78,0x31,0x5f,0x31,0x78,0x38,0x78,0x31,
    0x78,0x33,0x32,0x5f,0x6d,0x62,0x30,0x00,0x73,0x5f,0x73,0x68,0x69,0x66,0x74,0x5f,
    0x70,0x61,0x63,0x6b,0x5f,0x30,0x00,0x73,0x5f,0x6d,0x61,0x67,0x69,0x63,0x5f,0x30,
    0x00,0x00,0x00,0x00,0x00,0x00,0x00,0x00,0x00,0x00,0x00,0x00,0x00,0x00,0x00,0x00,
    0x00,0x00,0x00,0x00,0x00,0x00,0x00,0x00,0x00,0x00,0x00,0x00,0x00,0x00,0x00,0x00,
    0x00,0x00,0x00,0x00,0x00,0x00,0x00,0x00,0x00,0x00,0x00,0x00,0x00,0x00,0x00,0x00,
    0x00,0x00,0x00,0x00,0x00,0x00,0x00,0x00,0x00,0x00,0x00,0x00,0x00,0x00,0x00,0x00,
    0x00,0x00,0x00,0x00,0x00,0x00,0x00,0x00,0x08,0x05,0x00,0x00,0x03,0x00,0x00,0x00,
    0x00,0x00,0x00,0x00,0x00,0x00,0x00,0x00,0x00,0x00,0x00,0x00,0x00,0x00,0x00,0x00,
    0x40,0x1f,0x00,0x00,0x00,0x00,0x00,0x00,0x01,0x06,0x00,0x00,0x00,0x00,0x00,0x00,
    0x00,0x00,0x00,0x00,0x00,0x00,0x00,0x00,0x01,0x00,0x00,0x00,0x00,0x00,0x00,0x00,
    0x00,0x00,0x00,0x00,0x00,0x00,0x00,0x00,0x98,0x00,0x00,0x00,0x01,0x00,0x00,0x00,
    0x06,0x00,0x00,0x00,0x00,0x00,0x00,0x00,0x00,0x00,0x00,0x00,0x00,0x00,0x00,0x00,
    0x00,0x01,0x00,0x00,0x00,0x00,0x00,0x00,0x64,0x09,0x00,0x00,0x00,0x00,0x00,0x00,
    0x00,0x00,0x00,0x00,0x00,0x00,0x00,0x00,0x00,0x01,0x00,0x00,0x00,0x00,0x00,0x00,
    0x00,0x00,0x00,0x00,0x00,0x00,0x00,0x00,0x29,0x05,0x00,0x00,0x01,0x00,0x00,0x00,
    0x02,0x00,0x00,0x00,0x00,0x00,0x00,0x00,0x00,0x00,0x00,0x00,0x00,0x00,0x00,0x00,
    0x80,0x0a,0x00,0x00,0x00,0x00,0x00,0x00,0x40,0x00,0x00,0x00,0x00,0x00,0x00,0x00,
    0x00,0x00,0x00,0x00,0x00,0x00,0x00,0x00,0x40,0x00,0x00,0x00,0x00,0x00,0x00,0x00,
    0x00,0x00,0x00,0x00,0x00,0x00,0x00,0x00,0x24,0x05,0x00,0x00,0x04,0x00,0x00,0x00,
    0x40,0x00,0x00,0x00,0x00,0x00,0x00,0x00,0x00,0x00,0x00,0x00,0x00,0x00,0x00,0x00,
    0x28,0x1f,0x00,0x00,0x00,0x00,0x00,0x00,0x18,0x00,0x00,0x00,0x00,0x00,0x00,0x00,
    0x06,0x00,0x00,0x00,0x03,0x00,0x00,0x00,0x08,0x00,0x00,0x00,0x00,0x00,0x00,0x00,
    0x18,0x00,0x00,0x00,0x00,0x00,0x00,0x00,0x9a,0x03,0x00,0x00,0x07,0x00,0x00,0x00,
    0x02,0x00,0x00,0x00,0x00,0x00,0x00,0x00,0x00,0x00,0x00,0x00,0x00,0x00,0x00,0x00,
    0xc0,0x0a,0x00,0x00,0x00,0x00,0x00,0x00,0x50,0x0b,0x00,0x00,0x00,0x00,0x00,0x00,
    0x00,0x00,0x00,0x00,0x00,0x00,0x00,0x00,0x04,0x00,0x00,0x00,0x00,0x00,0x00,0x00,
    0x00,0x00,0x00,0x00,0x00,0x00,0x00,0x00,0x10,0x05,0x00,0x00,0x02,0x00,0x00,0x00,
    0x00,0x00,0x00,0x00,0x00,0x00,0x00,0x00,0x00,0x00,0x00,0x00,0x00,0x00,0x00,0x00,
    0x10,0x16,0x00,0x00,0x00,0x00,0x00,0x00,0x18,0x09,0x00,0x00,0x00,0x00,0x00,0x00,
    0x01,0x00,0x00,0x00,0x5f,0x00,0x00,0x00,0x08,0x00,0x00,0x00,0x00,0x00,0x00,0x00,
    0x18,0x00,0x00,0x00,0x00,0x00,0x00,0x00
        },
        .m_kernelName = {},
        .m_compilerVersion = {},
        .m_codeObjectVersion = 0,
        .m_isRelocatable = true,
        .m_shaderType = ShaderTypesFlags::UNKNOWN
    };
    
    constexpr StaticShaderType<10632> MisaConv1x1_Bias_Elf =
    {
        .m_binary = {
    0x7f,0x45,0x4c,0x46,0x02,0x01,0x01,0x40,0x02,0x00,0x00,0x00,0x00,0x00,0x00,0x00,
    0x01,0x00,0xe0,0x00,0x01,0x00,0x00,0x00,0x00,0x00,0x00,0x00,0x00,0x00,0x00,0x00,
    0x00,0x00,0x00,0x00,0x00,0x00,0x00,0x00,0xc8,0x27,0x00,0x00,0x00,0x00,0x00,0x00,
    0x4e,0x00,0x00,0x00,0x40,0x00,0x00,0x00,0x00,0x00,0x40,0x00,0x07,0x00,0x01,0x00,
    0x00,0x00,0x00,0x00,0x00,0x00,0x00,0x00,0x00,0x00,0x00,0x00,0x00,0x00,0x00,0x00,
    0x00,0x00,0x00,0x00,0x00,0x00,0x00,0x00,0x00,0x00,0x00,0x00,0x00,0x00,0x00,0x00,
    0x00,0x00,0x00,0x00,0x00,0x00,0x00,0x00,0x00,0x00,0x00,0x00,0x00,0x00,0x00,0x00,
    0x00,0x00,0x00,0x00,0x00,0x00,0x00,0x00,0x00,0x00,0x00,0x00,0x00,0x00,0x00,0x00,
    0x00,0x00,0x00,0x00,0x00,0x00,0x00,0x00,0x00,0x00,0x00,0x00,0x00,0x00,0x00,0x00,
    0x00,0x00,0x00,0x00,0x00,0x00,0x00,0x00,0x00,0x00,0x00,0x00,0x00,0x00,0x00,0x00,
    0x00,0x00,0x00,0x00,0x00,0x00,0x00,0x00,0x00,0x00,0x00,0x00,0x00,0x00,0x00,0x00,
    0x00,0x00,0x00,0x00,0x00,0x00,0x00,0x00,0x00,0x00,0x00,0x00,0x00,0x00,0x00,0x00,
    0x00,0x00,0x00,0x00,0x00,0x00,0x00,0x00,0x00,0x00,0x00,0x00,0x00,0x00,0x00,0x00,
    0x00,0x00,0x00,0x00,0x00,0x00,0x00,0x00,0x00,0x00,0x00,0x00,0x00,0x00,0x00,0x00,
    0x00,0x00,0x00,0x00,0x00,0x00,0x00,0x00,0x00,0x00,0x00,0x00,0x00,0x00,0x00,0x00,
    0x00,0x00,0x00,0x00,0x00,0x00,0x00,0x00,0x00,0x00,0x00,0x00,0x00,0x00,0x00,0x00,
    0x00,0x27,0x00,0xf4,0x00,0x00,0x00,0xf8,0x00,0x28,0x00,0xf4,0x08,0x00,0x00,0xf8,
    0x00,0x29,0x00,0xf4,0x10,0x00,0x00,0xf8,0x00,0x2a,0x00,0xf4,0x18,0x00,0x00,0xf8,
    0x00,0x82,0x00,0xf4,0x20,0x00,0x00,0xf8,0x00,0x46,0x00,0xf4,0x60,0x00,0x00,0xf8,
    0x00,0x0d,0x00,0xf4,0x70,0x00,0x00,0xf8,0x00,0x6b,0x00,0xf4,0x74,0x00,0x00,0xf8,
    0x00,0x03,0xb0,0x7e,0x9f,0xb0,0xa2,0x36,0x85,0xb0,0xb0,0x32,0x83,0xb0,0x98,0x36,
    0x00,0x03,0xb0,0x7e,0x9f,0xb0,0x9e,0x36,0xff,0x00,0x87,0xbe,0xff,0xff,0x00,0x00,
    0x80,0x00,0xbf,0xbe,0x00,0x00,0xc7,0xbf,0x0e,0x27,0x00,0xf4,0x00,0x00,0x00,0xf8,
    0x10,0x28,0x00,0xf4,0x00,0x00,0x00,0xf8,0x12,0x29,0x00,0xf4,0x00,0x00,0x00,0xf8,
    0x14,0x2a,0x00,0xf4,0x00,0x00,0x00,0xf8,0x07,0xfc,0x89,0xbf,0x1d,0xff,0x1d,0x8b,
    0xff,0xff,0x00,0x00,0x21,0xff,0x21,0x8b,0xff,0xff,0x00,0x00,0x25,0xff,0x25,0x8b,
    0xff,0xff,0x00,0x00,0x29,0xff,0x29,0x8b,0xff,0xff,0x00,0x00,0x75,0x00,0x82,0xbe,
    0x73,0x00,0x83,0xbe,0x03,0xff,0x03,0x8b,0xff,0xff,0x00,0x00,0x73,0x90,0x04,0x85,
    0x32,0xff,0x45,0x93,0x00,0x00,0x08,0x00,0x2c,0x0c,0xc2,0x96,0x42,0x0c,0x42,0x80,
    0x42,0x45,0x35,0x85,0x2c,0x0b,0xc2,0x96,0x42,0x0b,0x42,0x80,0x42,0x45,0x36,0x85,
    0x2c,0x04,0xc2,0x96,0x42,0x04,0x42,0x80,0x42,0x45,0x47,0x85,0x0d,0x47,0x42,0x96,
    0x04,0x42,0xc6,0x80,0x35,0x81,0x42,0x84,0x36,0x00,0xa2,0xbe,0xff,0x00,0xa3,0xbe,
    0x00,0x00,0x02,0x00,0x42,0x90,0x44,0x84,0x21,0x44,0x21,0x8c,0x42,0x36,0x42,0x96,
    0x42,0x46,0x42,0x96,0x20,0x42,0x20,0x80,0x14,0x0a,0x42,0x96,0x42,0x47,0x44,0x96,
    0x42,0x47,0xc5,0x96,0x24,0x44,0x24,0x80,0x25,0x45,0x25,0x82,0x35,0x83,0x44,0x85,
    0x36,0x83,0x45,0x85,0x44,0x46,0x42,0x96,0x11,0x42,0x42,0x96,0x1c,0x42,0x1c,0x80,
    0x1d,0x80,0x1d,0x82,0x45,0x46,0x42,0x96,0x15,0x42,0x42,0x96,0x24,0x42,0x24,0x80,
    0x25,0x80,0x25,0x82,0x02,0xc0,0x38,0x96,0x03,0xc0,0x37,0x96,0x35,0x83,0x0c,0x85,
    0x4c,0x03,0x96,0x7e,0x35,0x00,0x85,0xbe,0x86,0x00,0xb0,0x32,0x58,0x05,0x84,0x7e,
    0x42,0xa0,0x45,0x96,0x37,0x82,0x46,0x96,0x82,0x0b,0x2a,0x96,0xff,0x00,0xab,0xbe,
    0x00,0x00,0x02,0x30,0x45,0x46,0x44,0x80,0x9f,0x00,0xb0,0x36,0x58,0x00,0x2c,0xd7,
    0x58,0x05,0x01,0x00,0x44,0x80,0x04,0xc4,0x55,0x50,0x80,0x40,0x58,0x00,0x00,0x00,
    0x44,0x80,0x04,0xc4,0x56,0x50,0x80,0x40,0x58,0x40,0x00,0x00,0x35,0x81,0x39,0x84,
    0x37,0xa2,0x92,0x4a,0x84,0x98,0x94,0x30,0x39,0xa0,0x39,0x96,0x80,0x02,0x66,0x7e,
    0x80,0x02,0x68,0x7e,0x80,0x02,0x6a,0x7e,0x80,0x02,0x6c,0x7e,0x80,0x02,0x6e,0x7e,
    0x80,0x02,0x70,0x7e,0x80,0x02,0x72,0x7e,0x80,0x02,0x74,0x7e,0x3f,0xc0,0x05,0xc4,
    0x33,0x40,0x80,0xc0,0x49,0x00,0x00,0x00,0x39,0xc0,0x05,0xc4,0x37,0x40,0x80,0xc0,
    0x49,0x00,0x00,0x00,0x80,0x00,0xbe,0xbe,0x10,0x0a,0x1e,0x96,0xff,0x00,0x9f,0xbe,
    0x00,0x00,0x02,0x30,0x08,0x90,0x08,0x84,0x80,0x00,0x81,0xbe,0x5d,0x00,0x55,0xd6,
    0x38,0x02,0x3c,0x05,0x32,0xff,0x45,0x93,0x18,0x00,0x08,0x00,0x5b,0x00,0x2d,0xd7,
    0x2f,0xba,0x02,0x00,0x5b,0xbb,0xb6,0x4a,0x45,0xb6,0xb8,0x32,0x5b,0x00,0x2c,0xd7,
    0x0f,0xb8,0x02,0x00,0x5d,0xb7,0xb0,0x4c,0x32,0xff,0x45,0x93,0x10,0x00,0x08,0x00,
    0x5b,0x00,0x2d,0xd7,0x2e,0xb8,0x02,0x00,0x5b,0xb9,0xb6,0x4a,0x45,0xb6,0xa0,0x32,
    0x5b,0x00,0x2c,0xd7,0x0e,0xa0,0x02,0x00,0x5c,0xb7,0xb2,0x4c,0x5d,0x00,0x2c,0xd7,
    0x10,0xa0,0x02,0x00,0x5c,0x00,0x2c,0xd7,0x11,0x96,0x02,0x00,0x5b,0x00,0x2c,0xd7,
    0x12,0xb2,0x02,0x00,0x5a,0x00,0x2c,0xd7,0x13,0xb0,0x02,0x00,0x47,0x00,0x55,0xd6,
    0x5d,0xb9,0x6e,0x05,0x5a,0x8f,0x8e,0x4a,0xa0,0x00,0x81,0xbe,0x5d,0x00,0x55,0xd6,
    0x38,0x02,0x3c,0x05,0x32,0xff,0x45,0x93,0x18,0x00,0x08,0x00,0x5b,0x00,0x2d,0xd7,
    0x2f,0xba,0x02,0x00,0x5b,0xbb,0xb6,0x4a,0x45,0xb6,0xb8,0x32,0x5b,0x00,0x2c,0xd7,
    0x0f,0xb8,0x02,0x00,0x5d,0xb7,0xb0,0x4c,0x32,0xff,0x45,0x93,0x10,0x00,0x08,0x00,
    0x5b,0x00,0x2d,0xd7,0x2e,0xb8,0x02,0x00,0x5b,0xb9,0xb6,0x4a,0x45,0xb6,0xa0,0x32,
    0x5b,0x00,0x2c,0xd7,0x0e,0xa0,0x02,0x00,0x5c,0xb7,0xb2,0x4c,0x5d,0x00,0x2c,0xd7,
    0x10,0xa0,0x02,0x00,0x5c,0x00,0x2c,0xd7,0x11,0x96,0x02,0x00,0x5b,0x00,0x2c,0xd7,
    0x12,0xb2,0x02,0x00,0x5a,0x00,0x2c,0xd7,0x13,0xb0,0x02,0x00,0x48,0x00,0x55,0xd6,
    0x5d,0xb9,0x6e,0x05,0x5a,0x91,0x90,0x4a,0x80,0x02,0x76,0x7e,0x80,0x02,0x78,0x7e,
    0x80,0x02,0x7a,0x7e,0x80,0x02,0x7c,0x7e,0x80,0x02,0x7e,0x7e,0x80,0x02,0x80,0x7e,
    0x80,0x02,0x82,0x7e,0x80,0x02,0x84,0x7e,0x3e,0xc0,0x05,0xc4,0x3b,0x38,0x80,0x40,
    0x47,0x00,0x00,0x00,0x3e,0xc0,0x05,0xc4,0x3f,0x38,0x80,0x40,0x48,0x00,0x00,0x00,
    0x00,0x03,0xba,0x7e,0x85,0xba,0xb0,0x32,0x8f,0xba,0xb2,0x36,0x81,0xb0,0xa6,0x36,
    0x81,0xb0,0xa8,0x32,0x53,0x00,0x56,0xd6,0x53,0x09,0x65,0x05,0x54,0x00,0x56,0xd6,
    0x54,0x09,0x65,0x05,0x00,0x03,0xba,0x7e,0x8f,0xba,0xb6,0x36,0x84,0xba,0xb4,0x32,
    0x81,0xb4,0xb4,0x36,0x85,0xba,0xb0,0x32,0x81,0xb0,0xb2,0x36,0x81,0xb0,0xb0,0x32,
    0x81,0xb0,0xb0,0x36,0x50,0x00,0x56,0xd6,0x59,0x09,0x6d,0x05,0x83,0xb4,0xb4,0x30,
    0x52,0x00,0x56,0xd6,0x58,0x09,0x69,0x05,0x84,0xa8,0x88,0x30,0x84,0x00,0xba,0x32,
    0x81,0xba,0xba,0x36,0x44,0x00,0x0b,0xd6,0x5d,0x11,0x11,0x05,0x83,0xa2,0xb4,0x30,
    0x58,0x00,0x0b,0xd6,0x4c,0xff,0x69,0x05,0x00,0x02,0x00,0x00,0x81,0xb0,0x86,0x30,
    0x84,0xa6,0x8c,0x30,0x46,0x00,0x0b,0xd6,0x5d,0x11,0x19,0x05,0x83,0x9e,0xb4,0x30,
    0x58,0x00,0x0b,0xd6,0x4c,0xff,0x69,0x05,0x00,0x02,0x00,0x00,0x81,0xb0,0x8a,0x30,
    0xff,0x8c,0x8c,0x4a,0x00,0x10,0x00,0x00,0xff,0x8a,0x8a,0x4a,0x00,0x10,0x00,0x00,
    0x50,0x03,0xa6,0x7e,0x52,0x03,0xa8,0x7e,0x37,0xa8,0xa8,0x4a,0x83,0xa8,0xb0,0x32,
    0x50,0x00,0x2c,0xd7,0x15,0xb0,0x02,0x00,0x0a,0x0e,0x3d,0x96,0x32,0xff,0x41,0x93,
    0x18,0x00,0x08,0x00,0x32,0xff,0x40,0x93,0x10,0x00,0x08,0x00,0x0f,0x3d,0x3d,0x96,
    0xc1,0x00,0xa6,0xbe,0xff,0x00,0xa7,0xbe,0x00,0x00,0x02,0x30,0x36,0xa8,0x98,0x7c,
    0x52,0x00,0x01,0xd5,0x80,0x02,0xa9,0x01,0xc0,0x00,0xba,0xbe,0x11,0x84,0x3b,0x96,
    0x84,0x00,0xbc,0xbe,0x02,0x00,0xc0,0xbf,0xff,0x00,0xea,0xbe,0xff,0xff,0x00,0x00,
    0x42,0x00,0x60,0xd7,0x55,0x01,0x01,0x00,0x42,0x02,0xb0,0x7e,0x42,0x00,0x60,0xd7,
    0x55,0x11,0x01,0x00,0x43,0x00,0x60,0xd7,0x55,0x03,0x01,0x00,0x43,0x02,0xb2,0x7e,
    0x43,0x00,0x60,0xd7,0x55,0x13,0x01,0x00,0x44,0x00,0x60,0xd7,0x55,0x05,0x01,0x00,
    0x44,0x02,0xb4,0x7e,0x44,0x00,0x60,0xd7,0x55,0x15,0x01,0x00,0x45,0x00,0x60,0xd7,
    0x55,0x07,0x01,0x00,0x45,0x02,0xb6,0x7e,0x45,0x00,0x60,0xd7,0x55,0x17,0x01,0x00,
    0x46,0x00,0x60,0xd7,0x55,0x09,0x01,0x00,0x46,0x02,0xb8,0x7e,0x46,0x00,0x60,0xd7,
    0x55,0x19,0x01,0x00,0x47,0x00,0x60,0xd7,0x55,0x0b,0x01,0x00,0x47,0x02,0xba,0x7e,
    0x47,0x00,0x60,0xd7,0x55,0x1b,0x01,0x00,0x48,0x00,0x60,0xd7,0x55,0x0d,0x01,0x00,
    0x48,0x02,0xbc,0x7e,0x48,0x00,0x60,0xd7,0x55,0x1d,0x01,0x00,0x49,0x00,0x60,0xd7,
    0x55,0x0f,0x01,0x00,0x49,0x02,0xbe,0x7e,0x49,0x00,0x60,0xd7,0x55,0x1f,0x01,0x00,
    0x42,0xb0,0xb0,0x02,0x43,0xb2,0xb2,0x02,0x44,0xb4,0xb4,0x02,0x45,0xb6,0xb6,0x02,
    0x46,0xb8,0xb8,0x02,0x47,0xba,0xba,0x02,0x48,0xbc,0xbc,0x02,0x49,0xbe,0xbe,0x02,
    0x58,0x17,0xb0,0x7e,0x59,0x17,0xb2,0x7e,0x5a,0x17,0xb4,0x7e,0x5b,0x17,0xb6,0x7e,
    0x5c,0x17,0xb8,0x7e,0x5d,0x17,0xba,0x7e,0x5e,0x17,0xbc,0x7e,0x5f,0x17,0xbe,0x7e,
    0x58,0x03,0x00,0x7e,0x59,0x03,0x02,0x7e,0x5a,0x03,0x04,0x7e,0x5b,0x03,0x06,0x7e,
    0x5c,0x03,0x08,0x7e,0x5d,0x03,0x0a,0x7e,0x5e,0x03,0x0c,0x7e,0x5f,0x03,0x0e,0x7e,
    0x58,0x03,0x10,0x7e,0x59,0x03,0x12,0x7e,0x5a,0x03,0x14,0x7e,0x5b,0x03,0x16,0x7e,
    0x5c,0x03,0x18,0x7e,0x5d,0x03,0x1a,0x7e,0x5e,0x03,0x1c,0x7e,0x5f,0x03,0x1e,0x7e,
    0x42,0x00,0x60,0xd7,0x56,0x01,0x01,0x00,0x42,0x02,0xb0,0x7e,0x42,0x00,0x60,0xd7,
    0x56,0x11,0x01,0x00,0x43,0x00,0x60,0xd7,0x56,0x03,0x01,0x00,0x43,0x02,0xb2,0x7e,
    0x43,0x00,0x60,0xd7,0x56,0x13,0x01,0x00,0x44,0x00,0x60,0xd7,0x56,0x05,0x01,0x00,
    0x44,0x02,0xb4,0x7e,0x44,0x00,0x60,0xd7,0x56,0x15,0x01,0x00,0x45,0x00,0x60,0xd7,
    0x56,0x07,0x01,0x00,0x45,0x02,0xb6,0x7e,0x45,0x00,0x60,0xd7,0x56,0x17,0x01,0x00,
    0x46,0x00,0x60,0xd7,0x56,0x09,0x01,0x00,0x46,0x02,0xb8,0x7e,0x46,0x00,0x60,0xd7,
    0x56,0x19,0x01,0x00,0x47,0x00,0x60,0xd7,0x56,0x0b,0x01,0x00,0x47,0x02,0xba,0x7e,
    0x47,0x00,0x60,0xd7,0x56,0x1b,0x01,0x00,0x48,0x00,0x60,0xd7,0x56,0x0d,0x01,0x00,
    0x48,0x02,0xbc,0x7e,0x48,0x00,0x60,0xd7,0x56,0x1d,0x01,0x00,0x49,0x00,0x60,0xd7,
    0x56,0x0f,0x01,0x00,0x49,0x02,0xbe,0x7e,0x49,0x00,0x60,0xd7,0x56,0x1f,0x01,0x00,
    0x42,0xb0,0xb0,0x02,0x43,0xb2,0xb2,0x02,0x44,0xb4,0xb4,0x02,0x45,0xb6,0xb6,0x02,
    0x46,0xb8,0xb8,0x02,0x47,0xba,0xba,0x02,0x48,0xbc,0xbc,0x02,0x49,0xbe,0xbe,0x02,
    0x58,0x17,0xb0,0x7e,0x59,0x17,0xb2,0x7e,0x5a,0x17,0xb4,0x7e,0x5b,0x17,0xb6,0x7e,
    0x5c,0x17,0xb8,0x7e,0x5d,0x17,0xba,0x7e,0x5e,0x17,0xbc,0x7e,0x5f,0x17,0xbe,0x7e,
    0x58,0x03,0x20,0x7e,0x59,0x03,0x22,0x7e,0x5a,0x03,0x24,0x7e,0x5b,0x03,0x26,0x7e,
    0x5c,0x03,0x28,0x7e,0x5d,0x03,0x2a,0x7e,0x5e,0x03,0x2c,0x7e,0x5f,0x03,0x2e,0x7e,
    0x58,0x03,0x30,0x7e,0x59,0x03,0x32,0x7e,0x5a,0x03,0x34,0x7e,0x5b,0x03,0x36,0x7e,
    0x5c,0x03,0x38,0x7e,0x5d,0x03,0x3a,0x7e,0x5e,0x03,0x3c,0x7e,0x5f,0x03,0x3e,0x7e,
    0x02,0x00,0xc0,0xbf,0x00,0x00,0x7c,0xdb,0x43,0x33,0x00,0x00,0x00,0x02,0x7c,0xdb,
    0x43,0x37,0x00,0x00,0x00,0x00,0xc0,0xbf,0x00,0x00,0x7c,0xdb,0x45,0x3b,0x00,0x00,
    0x00,0x02,0x7c,0xdb,0x45,0x3f,0x00,0x00,0x3b,0x3e,0x3e,0x80,0x3a,0x94,0x94,0x4a,
    0x00,0x00,0xc6,0xbf,0xc1,0x4e,0x80,0xbe,0xff,0xff,0x94,0xbf,0x00,0x00,0xd8,0xd9,
    0x46,0x00,0x00,0x2a,0x00,0x04,0xd8,0xd9,0x46,0x00,0x00,0x2c,0x00,0x00,0xd8,0xd9,
    0x44,0x00,0x00,0x21,0x00,0x04,0xd8,0xd9,0x44,0x00,0x00,0x23,0x00,0x02,0xd8,0xd9,
    0x44,0x00,0x00,0x25,0x00,0x06,0xd8,0xd9,0x44,0x00,0x00,0x27,0x05,0xa0,0x86,0x81,
    0x06,0x80,0x02,0xbf,0x6e,0x00,0xa1,0xbf,0x3f,0xc0,0x05,0xc4,0x33,0x40,0x80,0xc0,
    0x49,0x00,0x00,0x00,0x39,0xc0,0x05,0xc4,0x37,0x40,0x80,0xc0,0x49,0x00,0x00,0x00,
    0x80,0x02,0x76,0x7e,0x80,0x02,0x78,0x7e,0x80,0x02,0x7a,0x7e,0x80,0x02,0x7c,0x7e,
    0x80,0x02,0x7e,0x7e,0x80,0x02,0x80,0x7e,0x80,0x02,0x82,0x7e,0x80,0x02,0x84,0x7e,
    0x3e,0xc0,0x05,0xc4,0x3b,0x38,0x80,0x40,0x47,0x00,0x00,0x00,0x3e,0xc0,0x05,0xc4,
    0x3f,0x38,0x80,0x40,0x48,0x00,0x00,0x00,0x00,0x02,0xd8,0xd9,0x46,0x00,0x00,0x2e,
    0x00,0x06,0xd8,0xd9,0x46,0x00,0x00,0x30,0x04,0x00,0xc6,0xbf,0x00,0x40,0x40,0xcc,
    0x21,0x55,0x02,0x1c,0x02,0x00,0xc6,0xbf,0x10,0x40,0x40,0xcc,0x25,0x55,0x42,0x1c,
    0x00,0x08,0xd8,0xd9,0x46,0x00,0x00,0x2a,0x00,0x0c,0xd8,0xd9,0x46,0x00,0x00,0x2c,
    0x02,0x00,0xc6,0xbf,0x08,0x40,0x40,0xcc,0x21,0x5d,0x22,0x1c,0x00,0x08,0xd8,0xd9,
    0x44,0x00,0x00,0x21,0x00,0x0c,0xd8,0xd9,0x44,0x00,0x00,0x23,0x18,0x40,0x40,0xcc,
    0x25,0x5d,0x62,0x1c,0x00,0x0a,0xd8,0xd9,0x44,0x00,0x00,0x25,0x00,0x0e,0xd8,0xd9,
    0x44,0x00,0x00,0x27,0x00,0x0a,0xd8,0xd9,0x46,0x00,0x00,0x2e,0x00,0x0e,0xd8,0xd9,
    0x46,0x00,0x00,0x30,0x04,0x00,0xc6,0xbf,0x00,0x40,0x40,0xcc,0x21,0x55,0x02,0x1c,
    0x02,0x00,0xc6,0xbf,0x10,0x40,0x40,0xcc,0x25,0x55,0x42,0x1c,0x00,0x00,0xc6,0xbf,
    0x02,0x00,0xc0,0xbf,0xc1,0x4e,0x80,0xbe,0xff,0xff,0x94,0xbf,0x00,0x00,0x7c,0xdb,
    0x43,0x33,0x00,0x00,0x00,0x02,0x7c,0xdb,0x43,0x37,0x00,0x00,0x00,0x00,0xc0,0xbf,
    0x00,0x00,0x7c,0xdb,0x45,0x3b,0x00,0x00,0x00,0x02,0x7c,0xdb,0x45,0x3f,0x00,0x00,
    0x08,0x40,0x40,0xcc,0x21,0x5d,0x22,0x1c,0x18,0x40,0x40,0xcc,0x25,0x5d,0x62,0x1c,
    0x06,0xa0,0x86,0x81,0x06,0x80,0x02,0xbf,0x12,0x00,0xa1,0xbf,0x3b,0x3e,0x3e,0x80,
    0x3a,0x94,0x94,0x4a,0x00,0x00,0xc6,0xbf,0xc1,0x4e,0x80,0xbe,0xff,0xff,0x94,0xbf,
    0x00,0x00,0xd8,0xd9,0x46,0x00,0x00,0x2a,0x00,0x04,0xd8,0xd9,0x46,0x00,0x00,0x2c,
    0x00,0x00,0xd8,0xd9,0x44,0x00,0x00,0x21,0x00,0x04,0xd8,0xd9,0x44,0x00,0x00,0x23,
    0x00,0x02,0xd8,0xd9,0x44,0x00,0x00,0x25,0x00,0x06,0xd8,0xd9,0x44,0x00,0x00,0x27,
    0xa1,0xff,0xa0,0xbf,0x00,0x00,0xc6,0xbf,0xc1,0x4e,0x80,0xbe,0xff,0xff,0x94,0xbf,
    0x00,0x00,0xd8,0xd9,0x46,0x00,0x00,0x2a,0x00,0x04,0xd8,0xd9,0x46,0x00,0x00,0x2c,
    0x00,0x00,0xd8,0xd9,0x44,0x00,0x00,0x21,0x00,0x04,0xd8,0xd9,0x44,0x00,0x00,0x23,
    0x00,0x02,0xd8,0xd9,0x44,0x00,0x00,0x25,0x00,0x06,0xd8,0xd9,0x44,0x00,0x00,0x27,
    0x00,0x02,0xd8,0xd9,0x46,0x00,0x00,0x2e,0x00,0x06,0xd8,0xd9,0x46,0x00,0x00,0x30,
    0x04,0x00,0xc6,0xbf,0x00,0x40,0x40,0xcc,0x21,0x55,0x02,0x1c,0x02,0x00,0xc6,0xbf,
    0x10,0x40,0x40,0xcc,0x25,0x55,0x42,0x1c,0x00,0x08,0xd8,0xd9,0x46,0x00,0x00,0x2a,
    0x00,0x0c,0xd8,0xd9,0x46,0x00,0x00,0x2c,0x02,0x00,0xc6,0xbf,0x08,0x40,0x40,0xcc,
    0x21,0x5d,0x22,0x1c,0x00,0x08,0xd8,0xd9,0x44,0x00,0x00,0x21,0x00,0x0c,0xd8,0xd9,
    0x44,0x00,0x00,0x23,0x18,0x40,0x40,0xcc,0x25,0x5d,0x62,0x1c,0x00,0x0a,0xd8,0xd9,
    0x44,0x00,0x00,0x25,0x00,0x0e,0xd8,0xd9,0x44,0x00,0x00,0x27,0x00,0x0a,0xd8,0xd9,
    0x46,0x00,0x00,0x2e,0x00,0x0e,0xd8,0xd9,0x46,0x00,0x00,0x30,0x04,0x00,0xc6,0xbf,
    0x00,0x40,0x40,0xcc,0x21,0x55,0x02,0x1c,0x02,0x00,0xc6,0xbf,0x10,0x40,0x40,0xcc,
    0x25,0x55,0x42,0x1c,0x00,0x00,0xc6,0xbf,0x08,0x40,0x40,0xcc,0x21,0x5d,0x22,0x1c,
    0x18,0x40,0x40,0xcc,0x25,0x5d,0x62,0x1c,0x80,0x00,0x81,0xbe,0x15,0x84,0x15,0x96,
    0x38,0xa6,0x9e,0x4a,0x58,0x00,0x2d,0xd7,0x2f,0x9e,0x02,0x00,0x58,0x9f,0xb0,0x4a,
    0x41,0xb0,0xb6,0x32,0x58,0x00,0x2c,0xd7,0x0f,0xb6,0x02,0x00,0x4f,0xb1,0x8a,0x4c,
    0x58,0x00,0x2d,0xd7,0x2e,0xb6,0x02,0x00,0x58,0xb7,0xb0,0x4a,0x40,0xb0,0x86,0x32,
    0x58,0x00,0x2c,0xd7,0x0e,0x86,0x02,0x00,0x5b,0xb1,0x88,0x4c,0x47,0x00,0x0b,0xd6,
    0x17,0x8a,0x42,0x05,0x3d,0x9e,0x98,0x7c,0x58,0x00,0x2c,0xd7,0x14,0x86,0x02,0x00,
    0x59,0x00,0x2c,0xd7,0x16,0x88,0x02,0x00,0x80,0xa4,0xa2,0x02,0x47,0x00,0x55,0xd6,
    0x58,0xb3,0x1e,0x05,0x00,0x03,0x00,0x5e,0x02,0x07,0x02,0x5e,0x04,0x0b,0x04,0x5e,
    0x06,0x0f,0x06,0x5e,0x81,0xa2,0x96,0x7d,0x01,0x40,0x07,0xc4,0x00,0x48,0x80,0x40,
    0x47,0x00,0x00,0x00,0xc1,0x01,0xfe,0xbe,0xa0,0xa6,0xba,0x4a,0x38,0xba,0x9e,0x4a,
    0x58,0x00,0x2d,0xd7,0x2f,0x9e,0x02,0x00,0x58,0x9f,0xb0,0x4a,0x41,0xb0,0xb6,0x32,
    0x58,0x00,0x2c,0xd7,0x0f,0xb6,0x02,0x00,0x4f,0xb1,0x8a,0x4c,0x58,0x00,0x2d,0xd7,
    0x2e,0xb6,0x02,0x00,0x58,0xb7,0xb0,0x4a,0x40,0xb0,0x86,0x32,0x58,0x00,0x2c,0xd7,
    0x0e,0x86,0x02,0x00,0x5b,0xb1,0x88,0x4c,0x47,0x00,0x0b,0xd6,0x17,0x8a,0x42,0x05,
    0x3d,0x9e,0x98,0x7c,0x58,0x00,0x2c,0xd7,0x14,0x86,0x02,0x00,0x59,0x00,0x2c,0xd7,
    0x16,0x88,0x02,0x00,0x80,0xa4,0xa2,0x02,0x47,0x00,0x55,0xd6,0x58,0xb3,0x1e,0x05,
    0x08,0x13,0x10,0x5e,0x0a,0x17,0x12,0x5e,0x0c,0x1b,0x14,0x5e,0x0e,0x1f,0x16,0x5e,
    0x81,0xa2,0x96,0x7d,0x01,0x40,0x07,0xc4,0x08,0x48,0x80,0x40,0x47,0x00,0x00,0x00,
    0xc1,0x01,0xfe,0xbe,0xa0,0xa8,0xa8,0x4a,0x15,0x01,0x01,0x80,0x36,0xa8,0x98,0x7c,
    0x52,0x00,0x01,0xd5,0x80,0x02,0xa9,0x01,0x38,0xa6,0x9e,0x4a,0x58,0x00,0x2d,0xd7,
    0x2f,0x9e,0x02,0x00,0x58,0x9f,0xb0,0x4a,0x41,0xb0,0xb6,0x32,0x58,0x00,0x2c,0xd7,
    0x0f,0xb6,0x02,0x00,0x4f,0xb1,0x8a,0x4c,0x58,0x00,0x2d,0xd7,0x2e,0xb6,0x02,0x00,
    0x58,0xb7,0xb0,0x4a,0x40,0xb0,0x86,0x32,0x58,0x00,0x2c,0xd7,0x0e,0x86,0x02,0x00,
    0x5b,0xb1,0x88,0x4c,0x47,0x00,0x0b,0xd6,0x17,0x8a,0x42,0x05,0x3d,0x9e,0x98,0x7c,
    0x58,0x00,0x2c,0xd7,0x14,0x86,0x02,0x00,0x59,0x00,0x2c,0xd7,0x16,0x88,0x02,0x00,
    0x80,0xa4,0xa2,0x02,0x47,0x00,0x55,0xd6,0x58,0xb3,0x1e,0x05,0x10,0x23,0x20,0x5e,
    0x12,0x27,0x22,0x5e,0x14,0x2b,0x24,0x5e,0x16,0x2f,0x26,0x5e,0x81,0xa2,0x96,0x7d,
    0x01,0x40,0x07,0xc4,0x10,0x48,0x80,0x40,0x47,0x00,0x00,0x00,0xc1,0x01,0xfe,0xbe,
    0xa0,0xa6,0xba,0x4a,0x38,0xba,0x9e,0x4a,0x58,0x00,0x2d,0xd7,0x2f,0x9e,0x02,0x00,
    0x58,0x9f,0xb0,0x4a,0x41,0xb0,0xb6,0x32,0x58,0x00,0x2c,0xd7,0x0f,0xb6,0x02,0x00,
    0x4f,0xb1,0x8a,0x4c,0x58,0x00,0x2d,0xd7,0x2e,0xb6,0x02,0x00,0x58,0xb7,0xb0,0x4a,
    0x40,0xb0,0x86,0x32,0x58,0x00,0x2c,0xd7,0x0e,0x86,0x02,0x00,0x5b,0xb1,0x88,0x4c,
    0x47,0x00,0x0b,0xd6,0x17,0x8a,0x42,0x05,0x3d,0x9e,0x98,0x7c,0x58,0x00,0x2c,0xd7,
    0x14,0x86,0x02,0x00,0x59,0x00,0x2c,0xd7,0x16,0x88,0x02,0x00,0x80,0xa4,0xa2,0x02,
    0x47,0x00,0x55,0xd6,0x58,0xb3,0x1e,0x05,0x18,0x33,0x30,0x5e,0x1a,0x37,0x32,0x5e,
    0x1c,0x3b,0x34,0x5e,0x1e,0x3f,0x36,0x5e,0x81,0xa2,0x96,0x7d,0x01,0x40,0x07,0xc4,
    0x18,0x48,0x80,0x40,0x47,0x00,0x00,0x00,0xc1,0x01,0xfe,0xbe,0x00,0x00,0xb0,0xbf,
    0x00,0x00,0x00,0x00,0x00,0x00,0x00,0x00,0x00,0x00,0x00,0x00,0x00,0x00,0x00,0x00,
    0x00,0x20,0x00,0x00,0x00,0x00,0x00,0x00,0x00,0x00,0x00,0x00,0x00,0x00,0x00,0x00,
    0x00,0x00,0x00,0x00,0x00,0x00,0x00,0x00,0x00,0x00,0x00,0x00,0x00,0x00,0x00,0x00,
    0x00,0x00,0x00,0x00,0x00,0x00,0x00,0x00,0x00,0x00,0x00,0x00,0x00,0x00,0x00,0x00,
    0x0b,0x00,0x0c,0x40,0x84,0x03,0x00,0x00,0x08,0x04,0x00,0x00,0x00,0x00,0x00,0x00,
    0x07,0x00,0x00,0x00,0x38,0x0b,0x00,0x00,0x20,0x00,0x00,0x00,0x41,0x4d,0x44,0x47,
    0x50,0x55,0x00,0x00,0x82,0xae,0x61,0x6d,0x64,0x68,0x73,0x61,0x2e,0x6b,0x65,0x72,
    0x6e,0x65,0x6c,0x73,0x91,0x8c,0xa5,0x2e,0x61,0x72,0x67,0x73,0xdc,0x00,0x21,0x87,
    0xae,0x2e,0x61,0x64,0x64,0x72,0x65,0x73,0x73,0x5f,0x73,0x70,0x61,0x63,0x65,0xa6,
    0x67,0x6c,0x6f,0x62,0x61,0x6c,0xa9,0x2e,0x69,0x73,0x5f,0x63,0x6f,0x6e,0x73,0x74,
    0xc3,0xa5,0x2e,0x6e,0x61,0x6d,0x65,0xa4,0x70,0x5f,0x69,0x6e,0xa7,0x2e,0x6f,0x66,
    0x66,0x73,0x65,0x74,0x00,0xa5,0x2e,0x73,0x69,0x7a,0x65,0x08,0xab,0x2e,0x76,0x61,
    0x6c,0x75,0x65,0x5f,0x6b,0x69,0x6e,0x64,0xad,0x67,0x6c,0x6f,0x62,0x61,0x6c,0x5f,
    0x62,0x75,0x66,0x66,0x65,0x72,0xab,0x2e,0x76,0x61,0x6c,0x75,0x65,0x5f,0x74,0x79,
    0x70,0x65,0xa3,0x66,0x33,0x32,0x87,0xae,0x2e,0x61,0x64,0x64,0x72,0x65,0x73,0x73,
    0x5f,0x73,0x70,0x61,0x63,0x65,0xa6,0x67,0x6c,0x6f,0x62,0x61,0x6c,0xa9,0x2e,0x69,
    0x73,0x5f,0x63,0x6f,0x6e,0x73,0x74,0xc3,0xa5,0x2e,0x6e,0x61,0x6d,0x65,0xa5,0x70,
    0x5f,0x77,0x65,0x69,0xa7,0x2e,0x6f,0x66,0x66,0x73,0x65,0x74,0x08,0xa5,0x2e,0x73,
    0x69,0x7a,0x65,0x08,0xab,0x2e,0x76,0x61,0x6c,0x75,0x65,0x5f,0x6b,0x69,0x6e,0x64,
    0xad,0x67,0x6c,0x6f,0x62,0x61,0x6c,0x5f,0x62,0x75,0x66,0x66,0x65,0x72,0xab,0x2e,
    0x76,0x61,0x6c,0x75,0x65,0x5f,0x74,0x79,0x70,0x65,0xa3,0x66,0x33,0x32,0x87,0xae,
    0x2e,0x61,0x64,0x64,0x72,0x65,0x73,0x73,0x5f,0x73,0x70,0x61,0x63,0x65,0xa6,0x67,
    0x6c,0x6f,0x62,0x61,0x6c,0xa9,0x2e,0x69,0x73,0x5f,0x63,0x6f,0x6e,0x73,0x74,0xc2,
    0xa5,0x2e,0x6e,0x61,0x6d,0x65,0xa5,0x70,0x5f,0x6f,0x75,0x74,0xa7,0x2e,0x6f,0x66,
    0x66,0x73,0x65,0x74,0x10,0xa5,0x2e,0x73,0x69,0x7a,0x65,0x08,0xab,0x2e,0x76,0x61,
    0x6c,0x75,0x65,0x5f,0x6b,0x69,0x6e,0x64,0xad,0x67,0x6c,0x6f,0x62,0x61,0x6c,0x5f,
    0x62,0x75,0x66,0x66,0x65,0x72,0xab,0x2e,0x76,0x61,0x6c,0x75,0x65,0x5f,0x74,0x79,
    0x70,0x65,0xa3,0x66,0x33,0x32,0x87,0xae,0x2e,0x61,0x64,0x64,0x72,0x65,0x73,0x73,
    0x5f,0x73,0x70,0x61,0x63,0x65,0xa6,0x67,0x6c,0x6f,0x62,0x61,0x6c,0xa9,0x2e,0x69,
    0x73,0x5f,0x63,0x6f,0x6e,0x73,0x74,0xc3,0xa5,0x2e,0x6e,0x61,0x6d,0x65,0xa6,0x70,
    0x5f,0x62,0x69,0x61,0x73,0xa7,0x2e,0x6f,0x66,0x66,0x73,0x65,0x74,0x18,0xa5,0x2e,
    0x73,0x69,0x7a,0x65,0x08,0xab,0x2e,0x76,0x61,0x6c,0x75,0x65,0x5f,0x6b,0x69,0x6e,
    0x64,0xad,0x67,0x6c,0x6f,0x62,0x61,0x6c,0x5f,0x62,0x75,0x66,0x66,0x65,0x72,0xab,
    0x2e,0x76,0x61,0x6c,0x75,0x65,0x5f,0x74,0x79,0x70,0x65,0xa3,0x66,0x33,0x32,0x85,
    0xa5,0x2e,0x6e,0x61,0x6d,0x65,0xa2,0x68,0x69,0xa7,0x2e,0x6f,0x66,0x66,0x73,0x65,
    0x74,0x20,0xa5,0x2e,0x73,0x69,0x7a,0x65,0x04,0xab,0x2e,0x76,0x61,0x6c,0x75,0x65,
    0x5f,0x6b,0x69,0x6e,0x64,0xa8,0x62,0x79,0x5f,0x76,0x61,0x6c,0x75,0x65,0xab,0x2e,
    0x76,0x61,0x6c,0x75,0x65,0x5f,0x74,0x79,0x70,0x65,0xa3,0x69,0x33,0x32,0x85,0xa5,
    0x2e,0x6e,0x61,0x6d,0x65,0xa2,0x77,0x69,0xa7,0x2e,0x6f,0x66,0x66,0x73,0x65,0x74,
    0x24,0xa5,0x2e,0x73,0x69,0x7a,0x65,0x04,0xab,0x2e,0x76,0x61,0x6c,0x75,0x65,0x5f,
    0x6b,0x69,0x6e,0x64,0xa8,0x62,0x79,0x5f,0x76,0x61,0x6c,0x75,0x65,0xab,0x2e,0x76,
    0x61,0x6c,0x75,0x65,0x5f,0x74,0x79,0x70,0x65,0xa3,0x69,0x33,0x32,0x85,0xa5,0x2e,
    0x6e,0x61,0x6d,0x65,0xa1,0x62,0xa7,0x2e,0x6f,0x66,0x66,0x73,0x65,0x74,0x28,0xa5,
    0x2e,0x73,0x69,0x7a,0x65,0x04,0xab,0x2e,0x76,0x61,0x6c,0x75,0x65,0x5f,0x6b,0x69,
    0x6e,0x64,0xa8,0x62,0x79,0x5f,0x76,0x61,0x6c,0x75,0x65,0xab,0x2e,0x76,0x61,0x6c,
    0x75,0x65,0x5f,0x74,0x79,0x70,0x65,0xa3,0x69,0x33,0x32,0x85,0xa5,0x2e,0x6e,0x61,
    0x6d,0x65,0xa1,0x6b,0xa7,0x2e,0x6f,0x66,0x66,0x73,0x65,0x74,0x2c,0xa5,0x2e,0x73,
    0x69,0x7a,0x65,0x04,0xab,0x2e,0x76,0x61,0x6c,0x75,0x65,0x5f,0x6b,0x69,0x6e,0x64,
    0xa8,0x62,0x79,0x5f,0x76,0x61,0x6c,0x75,0x65,0xab,0x2e,0x76,0x61,0x6c,0x75,0x65,
    0x5f,0x74,0x79,0x70,0x65,0xa3,0x69,0x33,0x32,0x85,0xa5,0x2e,0x6e,0x61,0x6d,0x65,
    0xa1,0x63,0xa7,0x2e,0x6f,0x66,0x66,0x73,0x65,0x74,0x30,0xa5,0x2e,0x73,0x69,0x7a,
    0x65,0x04,0xab,0x2e,0x76,0x61,0x6c,0x75,0x65,0x5f,0x6b,0x69,0x6e,0x64,0xa8,0x62,
    0x79,0x5f,0x76,0x61,0x6c,0x75,0x65,0xab,0x2e,0x76,0x61,0x6c,0x75,0x65,0x5f,0x74,
    0x79,0x70,0x65,0xa3,0x69,0x33,0x32,0x85,0xa5,0x2e,0x6e,0x61,0x6d,0x65,0xa1,0x67,
    0xa7,0x2e,0x6f,0x66,0x66,0x73,0x65,0x74,0x34,0xa5,0x2e,0x73,0x69,0x7a,0x65,0x04,
    0xab,0x2e,0x76,0x61,0x6c,0x75,0x65,0x5f,0x6b,0x69,0x6e,0x64,0xa8,0x62,0x79,0x5f,
    0x76,0x61,0x6c,0x75,0x65,0xab,0x2e,0x76,0x61,0x6c,0x75,0x65,0x5f,0x74,0x79,0x70,
    0x65,0xa3,0x69,0x33,0x32,0x85,0xa5,0x2e,0x6e,0x61,0x6d,0x65,0xa2,0x68,0x6f,0xa7,
    0x2e,0x6f,0x66,0x66,0x73,0x65,0x74,0x38,0xa5,0x2e,0x73,0x69,0x7a,0x65,0x04,0xab,
    0x2e,0x76,0x61,0x6c,0x75,0x65,0x5f,0x6b,0x69,0x6e,0x64,0xa8,0x62,0x79,0x5f,0x76,
    0x61,0x6c,0x75,0x65,0xab,0x2e,0x76,0x61,0x6c,0x75,0x65,0x5f,0x74,0x79,0x70,0x65,
    0xa3,0x69,0x33,0x32,0x85,0xa5,0x2e,0x6e,0x61,0x6d,0x65,0xa2,0x77,0x6f,0xa7,0x2e,
    0x6f,0x66,0x66,0x73,0x65,0x74,0x3c,0xa5,0x2e,0x73,0x69,0x7a,0x65,0x04,0xab,0x2e,
    0x76,0x61,0x6c,0x75,0x65,0x5f,0x6b,0x69,0x6e,0x64,0xa8,0x62,0x79,0x5f,0x76,0x61,
    0x6c,0x75,0x65,0xab,0x2e,0x76,0x61,0x6c,0x75,0x65,0x5f,0x74,0x79,0x70,0x65,0xa3,
    0x69,0x33,0x32,0x85,0xa5,0x2e,0x6e,0x61,0x6d,0x65,0xab,0x69,0x6e,0x5f,0x73,0x74,
    0x72,0x69,0x64,0x65,0x5f,0x6e,0xa7,0x2e,0x6f,0x66,0x66,0x73,0x65,0x74,0x40,0xa5,
    0x2e,0x73,0x69,0x7a,0x65,0x04,0xab,0x2e,0x76,0x61,0x6c,0x75,0x65,0x5f,0x6b,0x69,
    0x6e,0x64,0xa8,0x62,0x79,0x5f,0x76,0x61,0x6c,0x75,0x65,0xab,0x2e,0x76,0x61,0x6c,
    0x75,0x65,0x5f,0x74,0x79,0x70,0x65,0xa3,0x69,0x33,0x32,0x85,0xa5,0x2e,0x6e,0x61,
    0x6d,0x65,0xab,0x69,0x6e,0x5f,0x73,0x74,0x72,0x69,0x64,0x65,0x5f,0x63,0xa7,0x2e,
    0x6f,0x66,0x66,0x73,0x65,0x74,0x44,0xa5,0x2e,0x73,0x69,0x7a,0x65,0x04,0xab,0x2e,
    0x76,0x61,0x6c,0x75,0x65,0x5f,0x6b,0x69,0x6e,0x64,0xa8,0x62,0x79,0x5f,0x76,0x61,
    0x6c,0x75,0x65,0xab,0x2e,0x76,0x61,0x6c,0x75,0x65,0x5f,0x74,0x79,0x70,0x65,0xa3,
    0x69,0x33,0x32,0x85,0xa5,0x2e,0x6e,0x61,0x6d,0x65,0xab,0x69,0x6e,0x5f,0x73,0x74,
    0x72,0x69,0x64,0x65,0x5f,0x68,0xa7,0x2e,0x6f,0x66,0x66,0x73,0x65,0x74,0x48,0xa5,
    0x2e,0x73,0x69,0x7a,0x65,0x04,0xab,0x2e,0x76,0x61,0x6c,0x75,0x65,0x5f,0x6b,0x69,
    0x6e,0x64,0xa8,0x62,0x79,0x5f,0x76,0x61,0x6c,0x75,0x65,0xab,0x2e,0x76,0x61,0x6c,
    0x75,0x65,0x5f,0x74,0x79,0x70,0x65,0xa3,0x69,0x33,0x32,0x85,0xa5,0x2e,0x6e,0x61,
    0x6d,0x65,0xab,0x69,0x6e,0x5f,0x73,0x74,0x72,0x69,0x64,0x65,0x5f,0x77,0xa7,0x2e,
    0x6f,0x66,0x66,0x73,0x65,0x74,0x4c,0xa5,0x2e,0x73,0x69,0x7a,0x65,0x04,0xab,0x2e,
    0x76,0x61,0x6c,0x75,0x65,0x5f,0x6b,0x69,0x6e,0x64,0xa8,0x62,0x79,0x5f,0x76,0x61,
    0x6c,0x75,0x65,0xab,0x2e,0x76,0x61,0x6c,0x75,0x65,0x5f,0x74,0x79,0x70,0x65,0xa3,
    0x69,0x33,0x32,0x85,0xa5,0x2e,0x6e,0x61,0x6d,0x65,0xac,0x6f,0x75,0x74,0x5f,0x73,
    0x74,0x72,0x69,0x64,0x65,0x5f,0x6e,0xa7,0x2e,0x6f,0x66,0x66,0x73,0x65,0x74,0x50,
    0xa5,0x2e,0x73,0x69,0x7a,0x65,0x04,0xab,0x2e,0x76,0x61,0x6c,0x75,0x65,0x5f,0x6b,
    0x69,0x6e,0x64,0xa8,0x62,0x79,0x5f,0x76,0x61,0x6c,0x75,0x65,0xab,0x2e,0x76,0x61,
    0x6c,0x75,0x65,0x5f,0x74,0x79,0x70,0x65,0xa3,0x69,0x33,0x32,0x85,0xa5,0x2e,0x6e,
    0x61,0x6d,0x65,0xac,0x6f,0x75,0x74,0x5f,0x73,0x74,0x72,0x69,0x64,0x65,0x5f,0x6b,
    0xa7,0x2e,0x6f,0x66,0x66,0x73,0x65,0x74,0x54,0xa5,0x2e,0x73,0x69,0x7a,0x65,0x04,
    0xab,0x2e,0x76,0x61,0x6c,0x75,0x65,0x5f,0x6b,0x69,0x6e,0x64,0xa8,0x62,0x79,0x5f,
    0x76,0x61,0x6c,0x75,0x65,0xab,0x2e,0x76,0x61,0x6c,0x75,0x65,0x5f,0x74,0x79,0x70,
    0x65,0xa3,0x69,0x33,0x32,0x85,0xa5,0x2e,0x6e,0x61,0x6d,0x65,0xac,0x6f,0x75,0x74,
    0x5f,0x73,0x74,0x72,0x69,0x64,0x65,0x5f,0x68,0xa7,0x2e,0x6f,0x66,0x66,0x73,0x65,
    0x74,0x58,0xa5,0x2e,0x73,0x69,0x7a,0x65,0x04,0xab,0x2e,0x76,0x61,0x6c,0x75,0x65,
    0x5f,0x6b,0x69,0x6e,0x64,0xa8,0x62,0x79,0x5f,0x76,0x61,0x6c,0x75,0x65,0xab,0x2e,
    0x76,0x61,0x6c,0x75,0x65,0x5f,0x74,0x79,0x70,0x65,0xa3,0x69,0x33,0x32,0x85,0xa5,
    0x2e,0x6e,0x61,0x6d,0x65,0xac,0x6f,0x75,0x74,0x5f,0x73,0x74,0x72,0x69,0x64,0x65,
    0x5f,0x77,0xa7,0x2e,0x6f,0x66,0x66,0x73,0x65,0x74,0x5c,0xa5,0x2e,0x73,0x69,0x7a,
    0x65,0x04,0xab,0x2e,0x76,0x61,0x6c,0x75,0x65,0x5f,0x6b,0x69,0x6e,0x64,0xa8,0x62,
    0x79,0x5f,0x76,0x61,0x6c,0x75,0x65,0xab,0x2e,0x76,0x61,0x6c,0x75,0x65,0x5f,0x74,
    0x79,0x70,0x65,0xa3,0x69,0x33,0x32,0x85,0xa5,0x2e,0x6e,0x61,0x6d,0x65,0xa9,0x73,
    0x74,0x72,0x69,0x64,0x65,0x5f,0x68,0x77,0xa7,0x2e,0x6f,0x66,0x66,0x73,0x65,0x74,
    0x60,0xa5,0x2e,0x73,0x69,0x7a,0x65,0x04,0xab,0x2e,0x76,0x61,0x6c,0x75,0x65,0x5f,
    0x6b,0x69,0x6e,0x64,0xa8,0x62,0x79,0x5f,0x76,0x61,0x6c,0x75,0x65,0xab,0x2e,0x76,
    0x61,0x6c,0x75,0x65,0x5f,0x74,0x79,0x70,0x65,0xa3,0x69,0x33,0x32,0x85,0xa5,0x2e,
    0x6e,0x61,0x6d,0x65,0xab,0x64,0x69,0x6c,0x61,0x74,0x69,0x6f,0x6e,0x5f,0x68,0x77,
    0xa7,0x2e,0x6f,0x66,0x66,0x73,0x65,0x74,0x64,0xa5,0x2e,0x73,0x69,0x7a,0x65,0x04,
    0xab,0x2e,0x76,0x61,0x6c,0x75,0x65,0x5f,0x6b,0x69,0x6e,0x64,0xa8,0x62,0x79,0x5f,
    0x76,0x61,0x6c,0x75,0x65,0xab,0x2e,0x76,0x61,0x6c,0x75,0x65,0x5f,0x74,0x79,0x70,
    0x65,0xa3,0x69,0x33,0x32,0x85,0xa5,0x2e,0x6e,0x61,0x6d,0x65,0xa6,0x70,0x61,0x64,
    0x5f,0x68,0x77,0xa7,0x2e,0x6f,0x66,0x66,0x73,0x65,0x74,0x68,0xa5,0x2e,0x73,0x69,
    0x7a,0x65,0x04,0xab,0x2e,0x76,0x61,0x6c,0x75,0x65,0x5f,0x6b,0x69,0x6e,0x64,0xa8,
    0x62,0x79,0x5f,0x76,0x61,0x6c,0x75,0x65,0xab,0x2e,0x76,0x61,0x6c,0x75,0x65,0x5f,
    0x74,0x79,0x70,0x65,0xa3,0x69,0x33,0x32,0x85,0xa5,0x2e,0x6e,0x61,0x6d,0x65,0xa6,
    0x77,0x65,0x69,0x5f,0x68,0x77,0xa7,0x2e,0x6f,0x66,0x66,0x73,0x65,0x74,0x6c,0xa5,
    0x2e,0x73,0x69,0x7a,0x65,0x04,0xab,0x2e,0x76,0x61,0x6c,0x75,0x65,0x5f,0x6b,0x69,
    0x6e,0x64,0xa8,0x62,0x79,0x5f,0x76,0x61,0x6c,0x75,0x65,0xab,0x2e,0x76,0x61,0x6c,
    0x75,0x65,0x5f,0x74,0x79,0x70,0x65,0xa3,0x69,0x33,0x32,0x85,0xa5,0x2e,0x6e,0x61,
    0x6d,0x65,0xac,0x6d,0x6f,0x76,0x65,0x5f,0x73,0x6c,0x69,0x63,0x65,0x5f,0x6b,0xa7,
    0x2e,0x6f,0x66,0x66,0x73,0x65,0x74,0x70,0xa5,0x2e,0x73,0x69,0x7a,0x65,0x04,0xab,
    0x2e,0x76,0x61,0x6c,0x75,0x65,0x5f,0x6b,0x69,0x6e,0x64,0xa8,0x62,0x79,0x5f,0x76,
    0x61,0x6c,0x75,0x65,0xab,0x2e,0x76,0x61,0x6c,0x75,0x65,0x5f,0x74,0x79,0x70,0x65,
    0xa3,0x69,0x33,0x32,0x85,0xa5,0x2e,0x6e,0x61,0x6d,0x65,0xa7,0x6d,0x61,0x67,0x69,
    0x63,0x5f,0x30,0xa7,0x2e,0x6f,0x66,0x66,0x73,0x65,0x74,0x74,0xa5,0x2e,0x73,0x69,
    0x7a,0x65,0x04,0xab,0x2e,0x76,0x61,0x6c,0x75,0x65,0x5f,0x6b,0x69,0x6e,0x64,0xa8,
    0x62,0x79,0x5f,0x76,0x61,0x6c,0x75,0x65,0xab,0x2e,0x76,0x61,0x6c,0x75,0x65,0x5f,
    0x74,0x79,0x70,0x65,0xa3,0x69,0x33,0x32,0x85,0xa5,0x2e,0x6e,0x61,0x6d,0x65,0xa7,
    0x6d,0x61,0x67,0x69,0x63,0x5f,0x31,0xa7,0x2e,0x6f,0x66,0x66,0x73,0x65,0x74,0x78,
    0xa5,0x2e,0x73,0x69,0x7a,0x65,0x04,0xab,0x2e,0x76,0x61,0x6c,0x75,0x65,0x5f,0x6b,
    0x69,0x6e,0x64,0xa8,0x62,0x79,0x5f,0x76,0x61,0x6c,0x75,0x65,0xab,0x2e,0x76,0x61,
    0x6c,0x75,0x65,0x5f,0x74,0x79,0x70,0x65,0xa3,0x69,0x33,0x32,0x85,0xa5,0x2e,0x6e,
    0x61,0x6d,0x65,0xa7,0x6d,0x61,0x67,0x69,0x63,0x5f,0x32,0xa7,0x2e,0x6f,0x66,0x66,
    0x73,0x65,0x74,0x7c,0xa5,0x2e,0x73,0x69,0x7a,0x65,0x04,0xab,0x2e,0x76,0x61,0x6c,
    0x75,0x65,0x5f,0x6b,0x69,0x6e,0x64,0xa8,0x62,0x79,0x5f,0x76,0x61,0x6c,0x75,0x65,
    0xab,0x2e,0x76,0x61,0x6c,0x75,0x65,0x5f,0x74,0x79,0x70,0x65,0xa3,0x69,0x33,0x32,
    0x85,0xa5,0x2e,0x6e,0x61,0x6d,0x65,0xa7,0x6d,0x61,0x67,0x69,0x63,0x5f,0x33,0xa7,
    0x2e,0x6f,0x66,0x66,0x73,0x65,0x74,0xcc,0x80,0xa5,0x2e,0x73,0x69,0x7a,0x65,0x04,
    0xab,0x2e,0x76,0x61,0x6c,0x75,0x65,0x5f,0x6b,0x69,0x6e,0x64,0xa8,0x62,0x79,0x5f,
    0x76,0x61,0x6c,0x75,0x65,0xab,0x2e,0x76,0x61,0x6c,0x75,0x65,0x5f,0x74,0x79,0x70,
    0x65,0xa3,0x69,0x33,0x32,0x85,0xa5,0x2e,0x6e,0x61,0x6d,0x65,0xa7,0x6d,0x61,0x67,
    0x69,0x63,0x5f,0x34,0xa7,0x2e,0x6f,0x66,0x66,0x73,0x65,0x74,0xcc,0x84,0xa5,0x2e,
    0x73,0x69,0x7a,0x65,0x04,0xab,0x2e,0x76,0x61,0x6c,0x75,0x65,0x5f,0x6b,0x69,0x6e,
    0x64,0xa8,0x62,0x79,0x5f,0x76,0x61,0x6c,0x75,0x65,0xab,0x2e,0x76,0x61,0x6c,0x75,
    0x65,0x5f,0x74,0x79,0x70,0x65,0xa3,0x69,0x33,0x32,0x85,0xa5,0x2e,0x6e,0x61,0x6d,
    0x65,0xa7,0x6d,0x61,0x67,0x69,0x63,0x5f,0x35,0xa7,0x2e,0x6f,0x66,0x66,0x73,0x65,
    0x74,0xcc,0x88,0xa5,0x2e,0x73,0x69,0x7a,0x65,0x04,0xab,0x2e,0x76,0x61,0x6c,0x75,
    0x65,0x5f,0x6b,0x69,0x6e,0x64,0xa8,0x62,0x79,0x5f,0x76,0x61,0x6c,0x75,0x65,0xab,
    0x2e,0x76,0x61,0x6c,0x75,0x65,0x5f,0x74,0x79,0x70,0x65,0xa3,0x69,0x33,0x32,0x85,
    0xa5,0x2e,0x6e,0x61,0x6d,0x65,0xac,0x73,0x68,0x69,0x66,0x74,0x5f,0x70,0x61,0x63,
    0x6b,0x5f,0x30,0xa7,0x2e,0x6f,0x66,0x66,0x73,0x65,0x74,0xcc,0x8c,0xa5,0x2e,0x73,
    0x69,0x7a,0x65,0x04,0xab,0x2e,0x76,0x61,0x6c,0x75,0x65,0x5f,0x6b,0x69,0x6e,0x64,
    0xa8,0x62,0x79,0x5f,0x76,0x61,0x6c,0x75,0x65,0xab,0x2e,0x76,0x61,0x6c,0x75,0x65,
    0x5f,0x74,0x79,0x70,0x65,0xa3,0x69,0x33,0x32,0x85,0xa5,0x2e,0x6e,0x61,0x6d,0x65,
    0xac,0x73,0x68,0x69,0x66,0x74,0x5f,0x70,0x61,0x63,0x6b,0x5f,0x31,0xa7,0x2e,0x6f,
    0x66,0x66,0x73,0x65,0x74,0xcc,0x90,0xa5,0x2e,0x73,0x69,0x7a,0x65,0x04,0xab,0x2e,
    0x76,0x61,0x6c,0x75,0x65,0x5f,0x6b,0x69,0x6e,0x64,0xa8,0x62,0x79,0x5f,0x76,0x61,
    0x6c,0x75,0x65,0xab,0x2e,0x76,0x61,0x6c,0x75,0x65,0x5f,0x74,0x79,0x70,0x65,0xa3,
    0x69,0x33,0x32,0xb9,0x2e,0x67,0x72,0x6f,0x75,0x70,0x5f,0x73,0x65,0x67,0x6d,0x65,
    0x6e,0x74,0x5f,0x66,0x69,0x78,0x65,0x64,0x5f,0x73,0x69,0x7a,0x65,0xcd,0x20,0x00,
    0xb6,0x2e,0x6b,0x65,0x72,0x6e,0x61,0x72,0x67,0x5f,0x73,0x65,0x67,0x6d,0x65,0x6e,
    0x74,0x5f,0x61,0x6c,0x69,0x67,0x6e,0x08,0xb5,0x2e,0x6b,0x65,0x72,0x6e,0x61,0x72,
    0x67,0x5f,0x73,0x65,0x67,0x6d,0x65,0x6e,0x74,0x5f,0x73,0x69,0x7a,0x65,0xcc,0x98,
    0xb8,0x2e,0x6d,0x61,0x78,0x5f,0x66,0x6c,0x61,0x74,0x5f,0x77,0x6f,0x72,0x6b,0x67,
    0x72,0x6f,0x75,0x70,0x5f,0x73,0x69,0x7a,0x65,0xcc,0x80,0xa5,0x2e,0x6e,0x61,0x6d,
    0x65,0xd9,0x64,0x63,0x6f,0x6e,0x76,0x5f,0x66,0x77,0x64,0x5f,0x62,0x69,0x61,0x73,
    0x5f,0x67,0x74,0x63,0x77,0x34,0x5f,0x6e,0x68,0x77,0x63,0x5f,0x66,0x70,0x31,0x36,
    0x78,0x38,0x5f,0x65,0x78,0x30,0x5f,0x62,0x74,0x36,0x34,0x78,0x36,0x34,0x78,0x33,
    0x32,0x5f,0x77,0x72,0x32,0x78,0x32,0x5f,0x77,0x6e,0x32,0x78,0x32,0x5f,0x74,0x61,
    0x31,0x78,0x38,0x78,0x31,0x78,0x32,0x5f,0x31,0x78,0x34,0x78,0x31,0x78,0x33,0x32,
    0x5f,0x74,0x62,0x31,0x78,0x38,0x78,0x32,0x78,0x31,0x5f,0x31,0x78,0x34,0x78,0x31,
    0x78,0x33,0x32,0x5f,0x6d,0x62,0x30,0xbb,0x2e,0x70,0x72,0x69,0x76,0x61,0x74,0x65,
    0x5f,0x73,0x65,0x67,0x6d,0x65,0x6e,0x74,0x5f,0x66,0x69,0x78,0x65,0x64,0x5f,0x73,
    0x69,0x7a,0x65,0x00,0xb4,0x2e,0x72,0x65,0x71,0x64,0x5f,0x77,0x6f,0x72,0x6b,0x67,
    0x72,0x6f,0x75,0x70,0x5f,0x73,0x69,0x7a,0x65,0x93,0xcc,0x80,0x01,0x01,0xab,0x2e,
    0x73,0x67,0x70,0x72,0x5f,0x63,0x6f,0x75,0x6e,0x74,0x50,0xa7,0x2e,0x73,0x79,0x6d,
    0x62,0x6f,0x6c,0xd9,0x67,0x63,0x6f,0x6e,0x76,0x5f,0x66,0x77,0x64,0x5f,0x62,0x69,
    0x61,0x73,0x5f,0x67,0x74,0x63,0x77,0x34,0x5f,0x6e,0x68,0x77,0x63,0x5f,0x66,0x70,
    0x31,0x36,0x78,0x38,0x5f,0x65,0x78,0x30,0x5f,0x62,0x74,0x36,0x34,0x78,0x36,0x34,
    0x78,0x33,0x32,0x5f,0x77,0x72,0x32,0x78,0x32,0x5f,0x77,0x6e,0x32,0x78,0x32,0x5f,
    0x74,0x61,0x31,0x78,0x38,0x78,0x31,0x78,0x32,0x5f,0x31,0x78,0x34,0x78,0x31,0x78,
    0x33,0x32,0x5f,0x74,0x62,0x31,0x78,0x38,0x78,0x32,0x78,0x31,0x5f,0x31,0x78,0x34,
    0x78,0x31,0x78,0x33,0x32,0x5f,0x6d,0x62,0x30,0x2e,0x6b,0x64,0xab,0x2e,0x76,0x67,
    0x70,0x72,0x5f,0x63,0x6f,0x75,0x6e,0x74,0x60,0xaf,0x2e,0x77,0x61,0x76,0x65,0x66,
    0x72,0x6f,0x6e,0x74,0x5f,0x73,0x69,0x7a,0x65,0x20,0xae,0x61,0x6d,0x64,0x68,0x73,
    0x61,0x2e,0x76,0x65,0x72,0x73,0x69,0x6f,0x6e,0x92,0x01,0x00,0x00,0x00,0x00,0x00,
    0x00,0x00,0x00,0x00,0x00,0x00,0x00,0x00,0x00,0x00,0x00,0x00,0x00,0x00,0x00,0x00,
    0x00,0x00,0x00,0x00,0x00,0x00,0x00,0x00,0xa8,0x04,0x00,0x00,0x00,0x00,0xf1,0xff,
    0x00,0x00,0x00,0x00,0x00,0x00,0x00,0x00,0x00,0x00,0x00,0x00,0x00,0x00,0x00,0x00,
    0x4c,0x05,0x00,0x00,0x00,0x00,0xf1,0xff,0x21,0x00,0x00,0x00,0x00,0x00,0x00,0x00,
    0x00,0x00,0x00,0x00,0x00,0x00,0x00,0x00,0x2e,0x05,0x00,0x00,0x00,0x00,0xf1,0xff,
    0x2a,0x00,0x00,0x00,0x00,0x00,0x00,0x00,0x00,0x00,0x00,0x00,0x00,0x00,0x00,0x00,
    0x50,0x05,0x00,0x00,0x00,0x00,0xf1,0xff,0x33,0x00,0x00,0x00,0x00,0x00,0x00,0x00,
    0x00,0x00,0x00,0x00,0x00,0x00,0x00,0x00,0x32,0x05,0x00,0x00,0x00,0x00,0xf1,0xff,
    0x3b,0x00,0x00,0x00,0x00,0x00,0x00,0x00,0x00,0x00,0x00,0x00,0x00,0x00,0x00,0x00,
    0x76,0x01,0x00,0x00,0x00,0x00,0xf1,0xff,0x43,0x00,0x00,0x00,0x00,0x00,0x00,0x00,
    0x00,0x00,0x00,0x00,0x00,0x00,0x00,0x00,0x81,0x01,0x00,0x00,0x00,0x00,0xf1,0xff,
    0x44,0x00,0x00,0x00,0x00,0x00,0x00,0x00,0x00,0x00,0x00,0x00,0x00,0x00,0x00,0x00,
    0x60,0x01,0x00,0x00,0x00,0x00,0xf1,0xff,0x45,0x00,0x00,0x00,0x00,0x00,0x00,0x00,
    0x00,0x00,0x00,0x00,0x00,0x00,0x00,0x00,0x6b,0x01,0x00,0x00,0x00,0x00,0xf1,0xff,
    0x46,0x00,0x00,0x00,0x00,0x00,0x00,0x00,0x00,0x00,0x00,0x00,0x00,0x00,0x00,0x00,
    0x41,0x01,0x00,0x00,0x00,0x00,0xf1,0xff,0x47,0x00,0x00,0x00,0x00,0x00,0x00,0x00,
    0x00,0x00,0x00,0x00,0x00,0x00,0x00,0x00,0x1d,0x00,0x00,0x00,0x00,0x00,0xf1,0xff,
    0x49,0x00,0x00,0x00,0x00,0x00,0x00,0x00,0x00,0x00,0x00,0x00,0x00,0x00,0x00,0x00,
    0x49,0x01,0x00,0x00,0x00,0x00,0xf1,0xff,0x4a,0x00,0x00,0x00,0x00,0x00,0x00,0x00,
    0x00,0x00,0x00,0x00,0x00,0x00,0x00,0x00,0x9f,0x04,0x00,0x00,0x00,0x00,0xf1,0xff,
    0x4b,0x00,0x00,0x00,0x00,0x00,0x00,0x00,0x00,0x00,0x00,0x00,0x00,0x00,0x00,0x00,
    0xb6,0x03,0x00,0x00,0x00,0x00,0xf1,0xff,0x4c,0x00,0x00,0x00,0x00,0x00,0x00,0x00,
    0x00,0x00,0x00,0x00,0x00,0x00,0x00,0x00,0x06,0x00,0x00,0x00,0x00,0x00,0xf1,0xff,
    0x4d,0x00,0x00,0x00,0x00,0x00,0x00,0x00,0x00,0x00,0x00,0x00,0x00,0x00,0x00,0x00,
    0x14,0x00,0x00,0x00,0x00,0x00,0xf1,0xff,0x4e,0x00,0x00,0x00,0x00,0x00,0x00,0x00,
    0x00,0x00,0x00,0x00,0x00,0x00,0x00,0x00,0x05,0x05,0x00,0x00,0x00,0x00,0xf1,0xff,
    0x4f,0x00,0x00,0x00,0x00,0x00,0x00,0x00,0x00,0x00,0x00,0x00,0x00,0x00,0x00,0x00,
    0x12,0x02,0x00,0x00,0x00,0x00,0xf1,0xff,0x50,0x00,0x00,0x00,0x00,0x00,0x00,0x00,
    0x00,0x00,0x00,0x00,0x00,0x00,0x00,0x00,0x5f,0x02,0x00,0x00,0x00,0x00,0xf1,0xff,
    0x51,0x00,0x00,0x00,0x00,0x00,0x00,0x00,0x00,0x00,0x00,0x00,0x00,0x00,0x00,0x00,
    0xa6,0x00,0x00,0x00,0x00,0x00,0xf1,0xff,0x50,0x00,0x00,0x00,0x00,0x00,0x00,0x00,
    0x00,0x00,0x00,0x00,0x00,0x00,0x00,0x00,0x2e,0x04,0x00,0x00,0x00,0x00,0xf1,0xff,
    0x52,0x00,0x00,0x00,0x00,0x00,0x00,0x00,0x00,0x00,0x00,0x00,0x00,0x00,0x00,0x00,
    0x1a,0x02,0x00,0x00,0x00,0x00,0xf1,0xff,0x53,0x00,0x00,0x00,0x00,0x00,0x00,0x00,
    0x00,0x00,0x00,0x00,0x00,0x00,0x00,0x00,0x4c,0x02,0x00,0x00,0x00,0x00,0xf1,0xff,
    0x54,0x00,0x00,0x00,0x00,0x00,0x00,0x00,0x00,0x00,0x00,0x00,0x00,0x00,0x00,0x00,
    0x77,0x02,0x00,0x00,0x00,0x00,0xf1,0xff,0x50,0x00,0x00,0x00,0x00,0x00,0x00,0x00,
    0x00,0x00,0x00,0x00,0x00,0x00,0x00,0x00,0x56,0x02,0x00,0x00,0x00,0x00,0xf1,0xff,
    0x54,0x00,0x00,0x00,0x00,0x00,0x00,0x00,0x00,0x00,0x00,0x00,0x00,0x00,0x00,0x00,
    0x9f,0x02,0x00,0x00,0x00,0x00,0xf1,0xff,0x52,0x00,0x00,0x00,0x00,0x00,0x00,0x00,
    0x00,0x00,0x00,0x00,0x00,0x00,0x00,0x00,0xfb,0x04,0x00,0x00,0x00,0x00,0xf1,0xff,
    0x4f,0x00,0x00,0x00,0x00,0x00,0x00,0x00,0x00,0x00,0x00,0x00,0x00,0x00,0x00,0x00,
    0x8b,0x03,0x00,0x00,0x00,0x00,0xf1,0xff,0x51,0x00,0x00,0x00,0x00,0x00,0x00,0x00,
    0x00,0x00,0x00,0x00,0x00,0x00,0x00,0x00,0x02,0x02,0x00,0x00,0x00,0x00,0xf1,0xff,
    0x43,0x00,0x00,0x00,0x00,0x00,0x00,0x00,0x00,0x00,0x00,0x00,0x00,0x00,0x00,0x00,
    0xe8,0x01,0x00,0x00,0x00,0x00,0xf1,0xff,0x44,0x00,0x00,0x00,0x00,0x00,0x00,0x00,
    0x00,0x00,0x00,0x00,0x00,0x00,0x00,0x00,0xc4,0x01,0x00,0x00,0x00,0x00,0xf1,0xff,
    0x45,0x00,0x00,0x00,0x00,0x00,0x00,0x00,0x00,0x00,0x00,0x00,0x00,0x00,0x00,0x00,
    0x38,0x01,0x00,0x00,0x00,0x00,0xf1,0xff,0x47,0x00,0x00,0x00,0x00,0x00,0x00,0x00,
    0x00,0x00,0x00,0x00,0x00,0x00,0x00,0x00,0x2c,0x00,0x00,0x00,0x00,0x00,0xf1,0xff,
    0x4c,0x00,0x00,0x00,0x00,0x00,0x00,0x00,0x00,0x00,0x00,0x00,0x00,0x00,0x00,0x00,
    0xd6,0x04,0x00,0x00,0x00,0x00,0xf1,0xff,0x4f,0x00,0x00,0x00,0x00,0x00,0x00,0x00,
    0x00,0x00,0x00,0x00,0x00,0x00,0x00,0x00,0xa3,0x03,0x00,0x00,0x00,0x00,0xf1,0xff,
    0x55,0x00,0x00,0x00,0x00,0x00,0x00,0x00,0x00,0x00,0x00,0x00,0x00,0x00,0x00,0x00,
    0xb8,0x01,0x00,0x00,0x00,0x00,0xf1,0xff,0x58,0x00,0x00,0x00,0x00,0x00,0x00,0x00,
    0x00,0x00,0x00,0x00,0x00,0x00,0x00,0x00,0x47,0x05,0x00,0x00,0x00,0x00,0xf1,0xff,
    0x00,0x00,0x00,0x00,0x00,0x00,0x00,0x00,0x00,0x00,0x00,0x00,0x00,0x00,0x00,0x00,
    0x27,0x00,0x00,0x00,0x00,0x00,0xf1,0xff,0x02,0x00,0x00,0x00,0x00,0x00,0x00,0x00,
    0x00,0x00,0x00,0x00,0x00,0x00,0x00,0x00,0x0f,0x00,0x00,0x00,0x00,0x00,0xf1,0xff,
    0x03,0x00,0x00,0x00,0x00,0x00,0x00,0x00,0x00,0x00,0x00,0x00,0x00,0x00,0x00,0x00,
    0x01,0x00,0x00,0x00,0x00,0x00,0xf1,0xff,0x04,0x00,0x00,0x00,0x00,0x00,0x00,0x00,
    0x00,0x00,0x00,0x00,0x00,0x00,0x00,0x00,0x45,0x02,0x00,0x00,0x00,0x00,0xf1,0xff,
    0x05,0x00,0x00,0x00,0x00,0x00,0x00,0x00,0x00,0x00,0x00,0x00,0x00,0x00,0x00,0x00,
    0x95,0x01,0x00,0x00,0x00,0x00,0xf1,0xff,0x06,0x00,0x00,0x00,0x00,0x00,0x00,0x00,
    0x00,0x00,0x00,0x00,0x00,0x00,0x00,0x00,0x9a,0x03,0x00,0x00,0x00,0x00,0xf1,0xff,
    0x07,0x00,0x00,0x00,0x00,0x00,0x00,0x00,0x00,0x00,0x00,0x00,0x00,0x00,0x00,0x00,
    0xde,0x02,0x00,0x00,0x00,0x00,0xf1,0xff,0x08,0x00,0x00,0x00,0x00,0x00,0x00,0x00,
    0x00,0x00,0x00,0x00,0x00,0x00,0x00,0x00,0xd9,0x02,0x00,0x00,0x00,0x00,0xf1,0xff,
    0x09,0x00,0x00,0x00,0x00,0x00,0x00,0x00,0x00,0x00,0x00,0x00,0x00,0x00,0x00,0x00,
    0x24,0x02,0x00,0x00,0x00,0x00,0xf1,0xff,0x0a,0x00,0x00,0x00,0x00,0x00,0x00,0x00,
    0x00,0x00,0x00,0x00,0x00,0x00,0x00,0x00,0x7e,0x02,0x00,0x00,0x00,0x00,0xf1,0xff,
    0x0b,0x00,0x00,0x00,0x00,0x00,0x00,0x00,0x00,0x00,0x00,0x00,0x00,0x00,0x00,0x00,
    0xac,0x04,0x00,0x00,0x00,0x00,0xf1,0xff,0x0c,0x00,0x00,0x00,0x00,0x00,0x00,0x00,
    0x00,0x00,0x00,0x00,0x00,0x00,0x00,0x00,0x96,0x03,0x00,0x00,0x00,0x00,0xf1,0xff,
    0x0d,0x00,0x00,0x00,0x00,0x00,0x00,0x00,0x00,0x00,0x00,0x00,0x00,0x00,0x00,0x00,
    0xfd,0x01,0x00,0x00,0x00,0x00,0xf1,0xff,0x0e,0x00,0x00,0x00,0x00,0x00,0x00,0x00,
    0x00,0x00,0x00,0x00,0x00,0x00,0x00,0x00,0xd9,0x01,0x00,0x00,0x00,0x00,0xf1,0xff,
    0x0f,0x00,0x00,0x00,0x00,0x00,0x00,0x00,0x00,0x00,0x00,0x00,0x00,0x00,0x00,0x00,
    0x37,0x02,0x00,0x00,0x00,0x00,0xf1,0xff,0x10,0x00,0x00,0x00,0x00,0x00,0x00,0x00,
    0x00,0x00,0x00,0x00,0x00,0x00,0x00,0x00,0xb0,0x04,0x00,0x00,0x00,0x00,0xf1,0xff,
    0x11,0x00,0x00,0x00,0x00,0x00,0x00,0x00,0x00,0x00,0x00,0x00,0x00,0x00,0x00,0x00,
    0x09,0x03,0x00,0x00,0x00,0x00,0xf1,0xff,0x12,0x00,0x00,0x00,0x00,0x00,0x00,0x00,
    0x00,0x00,0x00,0x00,0x00,0x00,0x00,0x00,0x8a,0x00,0x00,0x00,0x00,0x00,0xf1,0xff,
    0x13,0x00,0x00,0x00,0x00,0x00,0x00,0x00,0x00,0x00,0x00,0x00,0x00,0x00,0x00,0x00,
    0x28,0x02,0x00,0x00,0x00,0x00,0xf1,0xff,0x14,0x00,0x00,0x00,0x00,0x00,0x00,0x00,
    0x00,0x00,0x00,0x00,0x00,0x00,0x00,0x00,0xac,0x02,0x00,0x00,0x00,0x00,0xf1,0xff,
    0x15,0x00,0x00,0x00,0x00,0x00,0x00,0x00,0x00,0x00,0x00,0x00,0x00,0x00,0x00,0x00,
    0xfa,0x02,0x00,0x00,0x00,0x00,0xf1,0xff,0x16,0x00,0x00,0x00,0x00,0x00,0x00,0x00,
    0x00,0x00,0x00,0x00,0x00,0x00,0x00,0x00,0x7b,0x00,0x00,0x00,0x00,0x00,0xf1,0xff,
    0x17,0x00,0x00,0x00,0x00,0x00,0x00,0x00,0x00,0x00,0x00,0x00,0x00,0x00,0x00,0x00,
    0x57,0x00,0x00,0x00,0x00,0x00,0xf1,0xff,0x18,0x00,0x00,0x00,0x00,0x00,0x00,0x00,
    0x00,0x00,0x00,0x00,0x00,0x00,0x00,0x00,0x40,0x00,0x00,0x00,0x00,0x00,0xf1,0xff,
    0x19,0x00,0x00,0x00,0x00,0x00,0x00,0x00,0x00,0x00,0x00,0x00,0x00,0x00,0x00,0x00,
    0x63,0x00,0x00,0x00,0x00,0x00,0xf1,0xff,0x1a,0x00,0x00,0x00,0x00,0x00,0x00,0x00,
    0x00,0x00,0x00,0x00,0x00,0x00,0x00,0x00,0x4e,0x00,0x00,0x00,0x00,0x00,0xf1,0xff,
    0x1b,0x00,0x00,0x00,0x00,0x00,0x00,0x00,0x00,0x00,0x00,0x00,0x00,0x00,0x00,0x00,
    0x0b,0x02,0x00,0x00,0x00,0x00,0xf1,0xff,0x1c,0x00,0x00,0x00,0x00,0x00,0x00,0x00,
    0x00,0x00,0x00,0x00,0x00,0x00,0x00,0x00,0xe3,0x02,0x00,0x00,0x00,0x00,0xf1,0xff,
    0x20,0x00,0x00,0x00,0x00,0x00,0x00,0x00,0x00,0x00,0x00,0x00,0x00,0x00,0x00,0x00,
    0x9e,0x00,0x00,0x00,0x00,0x00,0xf1,0xff,0x24,0x00,0x00,0x00,0x00,0x00,0x00,0x00,
    0x00,0x00,0x00,0x00,0x00,0x00,0x00,0x00,0x8c,0x01,0x00,0x00,0x00,0x00,0xf1,0xff,
    0x28,0x00,0x00,0x00,0x00,0x00,0x00,0x00,0x00,0x00,0x00,0x00,0x00,0x00,0x00,0x00,
    0x0d,0x06,0x00,0x00,0x00,0x00,0xf1,0xff,0x2c,0x00,0x00,0x00,0x00,0x00,0x00,0x00,
    0x00,0x00,0x00,0x00,0x00,0x00,0x00,0x00,0x8f,0x05,0x00,0x00,0x00,0x00,0xf1,0xff,
    0x2d,0x00,0x00,0x00,0x00,0x00,0x00,0x00,0x00,0x00,0x00,0x00,0x00,0x00,0x00,0x00,
    0x76,0x05,0x00,0x00,0x00,0x00,0xf1,0xff,0x2e,0x00,0x00,0x00,0x00,0x00,0x00,0x00,
    0x00,0x00,0x00,0x00,0x00,0x00,0x00,0x00,0x6c,0x05,0x00,0x00,0x00,0x00,0xf1,0xff,
    0x2f,0x00,0x00,0x00,0x00,0x00,0x00,0x00,0x00,0x00,0x00,0x00,0x00,0x00,0x00,0x00,
    0x62,0x05,0x00,0x00,0x00,0x00,0xf1,0xff,0x30,0x00,0x00,0x00,0x00,0x00,0x00,0x00,
    0x00,0x00,0x00,0x00,0x00,0x00,0x00,0x00,0x58,0x05,0x00,0x00,0x00,0x00,0xf1,0xff,
    0x31,0x00,0x00,0x00,0x00,0x00,0x00,0x00,0x00,0x00,0x00,0x00,0x00,0x00,0x00,0x00,
    0xfe,0x05,0x00,0x00,0x00,0x00,0xf1,0xff,0x32,0x00,0x00,0x00,0x00,0x00,0x00,0x00,
    0x00,0x00,0x00,0x00,0x00,0x00,0x00,0x00,0x80,0x05,0x00,0x00,0x00,0x00,0xf1,0xff,
    0x33,0x00,0x00,0x00,0x00,0x00,0x00,0x00,0x00,0x00,0x00,0x00,0x00,0x00,0x00,0x00,
    0xca,0x02,0x00,0x00,0x00,0x00,0xf1,0xff,0x34,0x00,0x00,0x00,0x00,0x00,0x00,0x00,
    0x00,0x00,0x00,0x00,0x00,0x00,0x00,0x00,0xaa,0x01,0x00,0x00,0x00,0x00,0xf1,0xff,
    0x35,0x00,0x00,0x00,0x00,0x00,0x00,0x00,0x00,0x00,0x00,0x00,0x00,0x00,0x00,0x00,
    0x9c,0x01,0x00,0x00,0x00,0x00,0xf1,0xff,0x36,0x00,0x00,0x00,0x00,0x00,0x00,0x00,
    0x00,0x00,0x00,0x00,0x00,0x00,0x00,0x00,0x68,0x02,0x00,0x00,0x00,0x00,0xf1,0xff,
    0x37,0x00,0x00,0x00,0x00,0x00,0x00,0x00,0x00,0x00,0x00,0x00,0x00,0x00,0x00,0x00,
    0x0e,0x05,0x00,0x00,0x00,0x00,0xf1,0xff,0x38,0x00,0x00,0x00,0x00,0x00,0x00,0x00,
    0x00,0x00,0x00,0x00,0x00,0x00,0x00,0x00,0xbb,0x02,0x00,0x00,0x00,0x00,0xf1,0xff,
    0x39,0x00,0x00,0x00,0x00,0x00,0x00,0x00,0x00,0x00,0x00,0x00,0x00,0x00,0x00,0x00,
    0x82,0x02,0x00,0x00,0x00,0x00,0xf1,0xff,0x3a,0x00,0x00,0x00,0x00,0x00,0x00,0x00,
    0x00,0x00,0x00,0x00,0x00,0x00,0x00,0x00,0xbe,0x04,0x00,0x00,0x00,0x00,0xf1,0xff,
    0x3b,0x00,0x00,0x00,0x00,0x00,0x00,0x00,0x00,0x00,0x00,0x00,0x00,0x00,0x00,0x00,
    0xe6,0x04,0x00,0x00,0x00,0x00,0xf1,0xff,0x3c,0x00,0x00,0x00,0x00,0x00,0x00,0x00,
    0x00,0x00,0x00,0x00,0x00,0x00,0x00,0x00,0xde,0x01,0x00,0x00,0x00,0x00,0xf1,0xff,
    0x3d,0x00,0x00,0x00,0x00,0x00,0x00,0x00,0x00,0x00,0x00,0x00,0x00,0x00,0x00,0x00,
    0x1f,0x01,0x00,0x00,0x00,0x00,0xf1,0xff,0x3e,0x00,0x00,0x00,0x00,0x00,0x00,0x00,
    0x00,0x00,0x00,0x00,0x00,0x00,0x00,0x00,0x2b,0x01,0x00,0x00,0x00,0x00,0xf1,0xff,
    0x3f,0x00,0x00,0x00,0x00,0x00,0x00,0x00,0x00,0x00,0x00,0x00,0x00,0x00,0x00,0x00,
    0x52,0x01,0x00,0x00,0x00,0x00,0xf1,0xff,0x3f,0x00,0x00,0x00,0x00,0x00,0x00,0x00,
    0x00,0x00,0x00,0x00,0x00,0x00,0x00,0x00,0x6c,0x00,0x00,0x00,0x00,0x00,0xf1,0xff,
    0x10,0x00,0x00,0x00,0x00,0x00,0x00,0x00,0x00,0x00,0x00,0x00,0x00,0x00,0x00,0x00,
    0xeb,0x02,0x00,0x00,0x00,0x00,0xf1,0xff,0x13,0x00,0x00,0x00,0x00,0x00,0x00,0x00,
    0x00,0x00,0x00,0x00,0x00,0x00,0x00,0x00,0xf2,0x01,0x00,0x00,0x00,0x00,0xf1,0xff,
    0x40,0x00,0x00,0x00,0x00,0x00,0x00,0x00,0x00,0x00,0x00,0x00,0x00,0x00,0x00,0x00,
    0xce,0x01,0x00,0x00,0x00,0x00,0xf1,0xff,0x41,0x00,0x00,0x00,0x00,0x00,0x00,0x00,
    0x00,0x00,0x00,0x00,0x00,0x00,0x00,0x00,0xbe,0x01,0x00,0x00,0x00,0x00,0xf1,0xff,
    0x42,0x00,0x00,0x00,0x00,0x00,0x00,0x00,0x00,0x00,0x00,0x00,0x00,0x00,0x00,0x00,
    0xc0,0x03,0x00,0x00,0x00,0x00,0x02,0x00,0xc0,0x08,0x00,0x00,0x00,0x00,0x00,0x00,
    0x00,0x00,0x00,0x00,0x00,0x00,0x00,0x00,0xaf,0x00,0x00,0x00,0x00,0x00,0x02,0x00,
    0x08,0x07,0x00,0x00,0x00,0x00,0x00,0x00,0x00,0x00,0x00,0x00,0x00,0x00,0x00,0x00,
    0x17,0x03,0x00,0x00,0x00,0x00,0x02,0x00,0x84,0x08,0x00,0x00,0x00,0x00,0x00,0x00,
    0x00,0x00,0x00,0x00,0x00,0x00,0x00,0x00,0x99,0x05,0x00,0x00,0x12,0x03,0x02,0x00,
    0x00,0x00,0x00,0x00,0x00,0x00,0x00,0x00,0x00,0x00,0x00,0x00,0x00,0x00,0x00,0x00,
    0x37,0x04,0x00,0x00,0x11,0x00,0x03,0x00,0x00,0x00,0x00,0x00,0x00,0x00,0x00,0x00,
    0x40,0x00,0x00,0x00,0x00,0x00,0x00,0x00,0x10,0x00,0x00,0x00,0x00,0x00,0x00,0x00,
    0x05,0x00,0x00,0x00,0x61,0x00,0x00,0x00,0x10,0x00,0x00,0x00,0x00,0x00,0x00,0x00,
    0x00,0x73,0x5f,0x62,0x7a,0x00,0x76,0x5f,0x67,0x74,0x63,0x5f,0x69,0x79,0x00,0x73,
    0x5f,0x62,0x79,0x00,0x76,0x5f,0x67,0x74,0x63,0x5f,0x69,0x78,0x00,0x76,0x5f,0x77,
    0x65,0x69,0x5f,0x69,0x64,0x78,0x00,0x73,0x5f,0x62,0x78,0x00,0x76,0x5f,0x64,0x69,
    0x66,0x66,0x5f,0x69,0x6e,0x5f,0x69,0x77,0x69,0x5f,0x61,0x63,0x63,0x5f,0x78,0x00,
    0x73,0x5f,0x64,0x69,0x6c,0x61,0x74,0x69,0x6f,0x6e,0x5f,0x68,0x77,0x00,0x73,0x5f,
    0x77,0x65,0x69,0x5f,0x68,0x77,0x00,0x73,0x5f,0x73,0x74,0x72,0x69,0x64,0x65,0x5f,
    0x68,0x77,0x00,0x73,0x5f,0x70,0x61,0x64,0x5f,0x68,0x77,0x00,0x73,0x5f,0x78,0x5f,
    0x64,0x69,0x6c,0x61,0x74,0x69,0x6f,0x6e,0x5f,0x77,0x00,0x73,0x5f,0x6f,0x75,0x74,
    0x5f,0x73,0x74,0x72,0x69,0x64,0x65,0x5f,0x77,0x00,0x73,0x5f,0x69,0x6e,0x5f,0x73,
    0x74,0x72,0x69,0x64,0x65,0x5f,0x77,0x00,0x2e,0x74,0x65,0x78,0x74,0x00,0x73,0x5f,
    0x70,0x5f,0x6f,0x75,0x74,0x00,0x76,0x5f,0x63,0x6f,0x5f,0x73,0x73,0x74,0x00,0x63,
    0x6f,0x6e,0x76,0x5f,0x66,0x77,0x64,0x5f,0x62,0x69,0x61,0x73,0x5f,0x67,0x74,0x63,
    0x77,0x34,0x5f,0x6e,0x68,0x77,0x63,0x5f,0x66,0x70,0x31,0x36,0x78,0x38,0x5f,0x65,
    0x78,0x30,0x5f,0x62,0x74,0x36,0x34,0x78,0x36,0x34,0x78,0x33,0x32,0x5f,0x77,0x72,
    0x32,0x78,0x32,0x5f,0x77,0x6e,0x32,0x78,0x32,0x5f,0x74,0x61,0x31,0x78,0x38,0x78,
    0x31,0x78,0x32,0x5f,0x31,0x78,0x34,0x78,0x31,0x78,0x33,0x32,0x5f,0x74,0x62,0x31,
    0x78,0x38,0x78,0x32,0x78,0x31,0x5f,0x31,0x78,0x34,0x78,0x31,0x78,0x33,0x32,0x5f,
    0x6d,0x62,0x30,0x5f,0x6c,0x6f,0x6f,0x70,0x5f,0x73,0x74,0x61,0x72,0x74,0x00,0x73,
    0x5f,0x69,0x6e,0x5f,0x6f,0x66,0x66,0x73,0x65,0x74,0x00,0x73,0x5f,0x77,0x65,0x69,
    0x5f,0x6f,0x66,0x66,0x73,0x65,0x74,0x00,0x76,0x5f,0x6f,0x75,0x74,0x5f,0x6f,0x73,
    0x00,0x76,0x5f,0x69,0x6e,0x5f,0x6f,0x73,0x00,0x76,0x5f,0x77,0x65,0x69,0x5f,0x6f,
    0x73,0x00,0x73,0x5f,0x77,0x65,0x69,0x5f,0x62,0x61,0x73,0x65,0x5f,0x6f,0x73,0x00,
    0x76,0x5f,0x73,0x73,0x74,0x5f,0x62,0x5f,0x6f,0x73,0x00,0x76,0x5f,0x73,0x6c,0x64,
    0x5f,0x62,0x5f,0x6f,0x73,0x00,0x76,0x5f,0x73,0x73,0x74,0x5f,0x61,0x5f,0x6f,0x73,
    0x00,0x76,0x5f,0x73,0x6c,0x64,0x5f,0x61,0x5f,0x6f,0x73,0x00,0x73,0x5f,0x70,0x5f,
    0x62,0x69,0x61,0x73,0x00,0x73,0x5f,0x6b,0x69,0x74,0x72,0x00,0x73,0x5f,0x6b,0x5f,
    0x70,0x65,0x72,0x5f,0x67,0x72,0x6f,0x75,0x70,0x00,0x73,0x5f,0x63,0x5f,0x70,0x65,
    0x72,0x5f,0x67,0x72,0x6f,0x75,0x70,0x00,0x76,0x5f,0x74,0x6d,0x70,0x00,0x73,0x5f,
    0x74,0x6d,0x70,0x00,0x76,0x5f,0x6f,0x75,0x74,0x5f,0x69,0x77,0x6f,0x00,0x73,0x5f,
    0x73,0x68,0x69,0x66,0x74,0x5f,0x77,0x6f,0x00,0x73,0x5f,0x77,0x6f,0x00,0x73,0x5f,
    0x6e,0x5f,0x68,0x6f,0x5f,0x77,0x6f,0x00,0x76,0x5f,0x6f,0x75,0x74,0x5f,0x69,0x68,
    0x6f,0x00,0x73,0x5f,0x73,0x68,0x69,0x66,0x74,0x5f,0x68,0x6f,0x00,0x73,0x5f,0x68,
    0x6f,0x00,0x76,0x5f,0x6f,0x75,0x74,0x5f,0x69,0x6e,0x00,0x73,0x5f,0x70,0x5f,0x69,
    0x6e,0x00,0x76,0x5f,0x69,0x6e,0x5f,0x69,0x6e,0x00,0x76,0x5f,0x67,0x65,0x6d,0x6d,
    0x5f,0x69,0x6e,0x00,0x73,0x5f,0x6e,0x00,0x73,0x5f,0x6f,0x75,0x74,0x5f,0x73,0x74,
    0x72,0x69,0x64,0x65,0x5f,0x6e,0x00,0x73,0x5f,0x69,0x6e,0x5f,0x73,0x74,0x72,0x69,
    0x64,0x65,0x5f,0x6e,0x00,0x73,0x5f,0x6b,0x6e,0x75,0x6d,0x00,0x76,0x5f,0x67,0x65,
    0x6d,0x6d,0x5f,0x69,0x6d,0x00,0x76,0x5f,0x6f,0x75,0x74,0x5f,0x69,0x6b,0x00,0x76,
    0x5f,0x77,0x65,0x69,0x5f,0x69,0x6b,0x00,0x73,0x5f,0x62,0x6c,0x6f,0x63,0x6b,0x5f,
    0x67,0x74,0x63,0x5f,0x69,0x6b,0x00,0x76,0x5f,0x6f,0x75,0x74,0x5f,0x6f,0x73,0x5f,
    0x6b,0x00,0x73,0x5f,0x6d,0x6f,0x76,0x65,0x5f,0x73,0x6c,0x69,0x63,0x65,0x5f,0x6b,
    0x5f,0x73,0x74,0x72,0x69,0x64,0x65,0x5f,0x67,0x65,0x6d,0x6d,0x5f,0x6b,0x00,0x76,
    0x5f,0x6f,0x75,0x74,0x5f,0x66,0x6c,0x61,0x67,0x5f,0x6b,0x00,0x73,0x5f,0x6f,0x75,
    0x74,0x5f,0x73,0x74,0x72,0x69,0x64,0x65,0x5f,0x6b,0x00,0x73,0x5f,0x77,0x65,0x69,
    0x5f,0x73,0x74,0x72,0x69,0x64,0x65,0x5f,0x6b,0x00,0x73,0x5f,0x6d,0x6f,0x76,0x65,
    0x5f,0x73,0x6c,0x69,0x63,0x65,0x5f,0x6b,0x00,0x73,0x5f,0x77,0x69,0x00,0x73,0x5f,
    0x68,0x69,0x00,0x73,0x5f,0x70,0x5f,0x77,0x65,0x69,0x00,0x73,0x5f,0x79,0x5f,0x64,
    0x69,0x6c,0x61,0x74,0x69,0x6f,0x6e,0x5f,0x68,0x00,0x73,0x5f,0x6f,0x75,0x74,0x5f,
    0x73,0x74,0x72,0x69,0x64,0x65,0x5f,0x68,0x00,0x73,0x5f,0x69,0x6e,0x5f,0x73,0x74,
    0x72,0x69,0x64,0x65,0x5f,0x68,0x00,0x63,0x6f,0x6e,0x76,0x5f,0x66,0x77,0x64,0x5f,
    0x62,0x69,0x61,0x73,0x5f,0x67,0x74,0x63,0x77,0x34,0x5f,0x6e,0x68,0x77,0x63,0x5f,
    0x66,0x70,0x31,0x36,0x78,0x38,0x5f,0x65,0x78,0x30,0x5f,0x62,0x74,0x36,0x34,0x78,
    0x36,0x34,0x78,0x33,0x32,0x5f,0x77,0x72,0x32,0x78,0x32,0x5f,0x77,0x6e,0x32,0x78,
    0x32,0x5f,0x74,0x61,0x31,0x78,0x38,0x78,0x31,0x78,0x32,0x5f,0x31,0x78,0x34,0x78,
    0x31,0x78,0x33,0x32,0x5f,0x74,0x62,0x31,0x78,0x38,0x78,0x32,0x78,0x31,0x5f,0x31,
    0x78,0x34,0x78,0x31,0x78,0x33,0x32,0x5f,0x6d,0x62,0x30,0x5f,0x6c,0x6f,0x6f,0x70,
    0x5f,0x66,0x69,0x6e,0x69,0x73,0x68,0x69,0x6e,0x67,0x00,0x76,0x5f,0x6f,0x75,0x74,
    0x5f,0x66,0x6c,0x61,0x67,0x00,0x73,0x5f,0x67,0x00,0x73,0x5f,0x30,0x78,0x66,0x66,
    0x66,0x66,0x00,0x76,0x5f,0x62,0x69,0x61,0x73,0x5f,0x76,0x61,0x6c,0x75,0x65,0x00,
    0x2e,0x6e,0x6f,0x74,0x65,0x00,0x76,0x5f,0x67,0x74,0x63,0x5f,0x69,0x63,0x65,0x00,
    0x63,0x6f,0x6e,0x76,0x5f,0x66,0x77,0x64,0x5f,0x62,0x69,0x61,0x73,0x5f,0x67,0x74,
    0x63,0x77,0x34,0x5f,0x6e,0x68,0x77,0x63,0x5f,0x66,0x70,0x31,0x36,0x78,0x38,0x5f,
    0x65,0x78,0x30,0x5f,0x62,0x74,0x36,0x34,0x78,0x36,0x34,0x78,0x33,0x32,0x5f,0x77,
    0x72,0x32,0x78,0x32,0x5f,0x77,0x6e,0x32,0x78,0x32,0x5f,0x74,0x61,0x31,0x78,0x38,
    0x78,0x31,0x78,0x32,0x5f,0x31,0x78,0x34,0x78,0x31,0x78,0x33,0x32,0x5f,0x74,0x62,
    0x31,0x78,0x38,0x78,0x32,0x78,0x31,0x5f,0x31,0x78,0x34,0x78,0x31,0x78,0x33,0x32,
    0x5f,0x6d,0x62,0x30,0x5f,0x6c,0x6f,0x6f,0x70,0x5f,0x65,0x6e,0x64,0x00,0x76,0x5f,
    0x63,0x6f,0x5f,0x73,0x6c,0x64,0x00,0x63,0x6f,0x6e,0x76,0x5f,0x66,0x77,0x64,0x5f,
    0x62,0x69,0x61,0x73,0x5f,0x67,0x74,0x63,0x77,0x34,0x5f,0x6e,0x68,0x77,0x63,0x5f,
    0x66,0x70,0x31,0x36,0x78,0x38,0x5f,0x65,0x78,0x30,0x5f,0x62,0x74,0x36,0x34,0x78,
    0x36,0x34,0x78,0x33,0x32,0x5f,0x77,0x72,0x32,0x78,0x32,0x5f,0x77,0x6e,0x32,0x78,
    0x32,0x5f,0x74,0x61,0x31,0x78,0x38,0x78,0x31,0x78,0x32,0x5f,0x31,0x78,0x34,0x78,
    0x31,0x78,0x33,0x32,0x5f,0x74,0x62,0x31,0x78,0x38,0x78,0x32,0x78,0x31,0x5f,0x31,
    0x78,0x34,0x78,0x31,0x78,0x33,0x32,0x5f,0x6d,0x62,0x30,0x2e,0x6b,0x64,0x00,0x76,
    0x5f,0x67,0x74,0x63,0x5f,0x69,0x63,0x00,0x76,0x5f,0x63,0x00,0x73,0x5f,0x63,0x00,
    0x73,0x5f,0x69,0x6e,0x5f,0x73,0x74,0x72,0x69,0x64,0x65,0x5f,0x63,0x00,0x73,0x5f,
    0x6d,0x6f,0x76,0x65,0x5f,0x73,0x6c,0x69,0x63,0x65,0x5f,0x6b,0x5f,0x73,0x74,0x72,
    0x69,0x64,0x65,0x5f,0x63,0x00,0x76,0x5f,0x64,0x69,0x66,0x66,0x5f,0x69,0x6e,0x5f,
    0x61,0x63,0x63,0x5f,0x63,0x00,0x73,0x5f,0x6d,0x6f,0x76,0x65,0x5f,0x73,0x6c,0x69,
    0x63,0x65,0x5f,0x6b,0x5f,0x61,0x63,0x63,0x5f,0x63,0x00,0x76,0x5f,0x6f,0x75,0x74,
    0x5f,0x69,0x6e,0x62,0x00,0x76,0x5f,0x69,0x6e,0x5f,0x69,0x6e,0x62,0x00,0x73,0x5f,
    0x62,0x6c,0x6f,0x63,0x6b,0x5f,0x67,0x74,0x63,0x5f,0x69,0x6e,0x62,0x00,0x2e,0x73,
    0x74,0x72,0x74,0x61,0x62,0x00,0x2e,0x73,0x79,0x6d,0x74,0x61,0x62,0x00,0x76,0x5f,
    0x62,0x00,0x76,0x5f,0x67,0x6c,0x64,0x5f,0x62,0x00,0x2e,0x72,0x65,0x6c,0x61,0x2e,
    0x72,0x6f,0x64,0x61,0x74,0x61,0x00,0x73,0x5f,0x6b,0x61,0x00,0x76,0x5f,0x61,0x00,
    0x76,0x5f,0x67,0x6c,0x64,0x5f,0x61,0x00,0x73,0x5f,0x6d,0x61,0x67,0x69,0x63,0x5f,
    0x35,0x00,0x73,0x5f,0x6d,0x61,0x67,0x69,0x63,0x5f,0x34,0x00,0x73,0x5f,0x6d,0x61,
    0x67,0x69,0x63,0x5f,0x33,0x00,0x73,0x5f,0x6d,0x61,0x67,0x69,0x63,0x5f,0x32,0x00,
    0x73,0x5f,0x73,0x68,0x69,0x66,0x74,0x5f,0x70,0x61,0x63,0x6b,0x5f,0x31,0x00,0x73,
    0x5f,0x6d,0x61,0x67,0x69,0x63,0x5f,0x31,0x00,0x63,0x6f,0x6e,0x76,0x5f,0x66,0x77,
    0x64,0x5f,0x62,0x69,0x61,0x73,0x5f,0x67,0x74,0x63,0x77,0x34,0x5f,0x6e,0x68,0x77,
    0x63,0x5f,0x66,0x70,0x31,0x36,0x78,0x38,0x5f,0x65,0x78,0x30,0x5f,0x62,0x74,0x36,
    0x34,0x78,0x36,0x34,0x78,0x33,0x32,0x5f,0x77,0x72,0x32,0x78,0x32,0x5f,0x77,0x6e,
    0x32,0x78,0x32,0x5f,0x74,0x61,0x31,0x78,0x38,0x78,0x31,0x78,0x32,0x5f,0x31,0x78,
    0x34,0x78,0x31,0x78,0x33,0x32,0x5f,0x74,0x62,0x31,0x78,0x38,0x78,0x32,0x78,0x31,
    0x5f,0x31,0x78,0x34,0x78,0x31,0x78,0x33,0x32,0x5f,0x6d,0x62,0x30,0x00,0x73,0x5f,
    0x73,0x68,0x69,0x66,0x74,0x5f,0x70,0x61,0x63,0x6b,0x5f,0x30,0x00,0x73,0x5f,0x6d,
    0x61,0x67,0x69,0x63,0x5f,0x30,0x00,0x00,0x00,0x00,0x00,0x00,0x00,0x00,0x00,0x00,
    0x00,0x00,0x00,0x00,0x00,0x00,0x00,0x00,0x00,0x00,0x00,0x00,0x00,0x00,0x00,0x00,
    0x00,0x00,0x00,0x00,0x00,0x00,0x00,0x00,0x00,0x00,0x00,0x00,0x00,0x00,0x00,0x00,
    0x00,0x00,0x00,0x00,0x00,0x00,0x00,0x00,0x00,0x00,0x00,0x00,0x00,0x00,0x00,0x00,
    0x00,0x00,0x00,0x00,0x00,0x00,0x00,0x00,0x1e,0x05,0x00,0x00,0x03,0x00,0x00,0x00,
    0x00,0x00,0x00,0x00,0x00,0x00,0x00,0x00,0x00,0x00,0x00,0x00,0x00,0x00,0x00,0x00,
    0xb0,0x21,0x00,0x00,0x00,0x00,0x00,0x00,0x17,0x06,0x00,0x00,0x00,0x00,0x00,0x00,
    0x00,0x00,0x00,0x00,0x00,0x00,0x00,0x00,0x01,0x00,0x00,0x00,0x00,0x00,0x00,0x00,
    0x00,0x00,0x00,0x00,0x00,0x00,0x00,0x00,0x98,0x00,0x00,0x00,0x01,0x00,0x00,0x00,
    0x06,0x00,0x00,0x00,0x00,0x00,0x00,0x00,0x00,0x00,0x00,0x00,0x00,0x00,0x00,0x00,
    0x00,0x01,0x00,0x00,0x00,0x00,0x00,0x00,0xb0,0x0b,0x00,0x00,0x00,0x00,0x00,0x00,
    0x00,0x00,0x00,0x00,0x00,0x00,0x00,0x00,0x00,0x01,0x00,0x00,0x00,0x00,0x00,0x00,
    0x00,0x00,0x00,0x00,0x00,0x00,0x00,0x00,0x3f,0x05,0x00,0x00,0x01,0x00,0x00,0x00,
    0x02,0x00,0x00,0x00,0x00,0x00,0x00,0x00,0x00,0x00,0x00,0x00,0x00,0x00,0x00,0x00,
    0xc0,0x0c,0x00,0x00,0x00,0x00,0x00,0x00,0x40,0x00,0x00,0x00,0x00,0x00,0x00,0x00,
    0x00,0x00,0x00,0x00,0x00,0x00,0x00,0x00,0x40,0x00,0x00,0x00,0x00,0x00,0x00,0x00,
    0x00,0x00,0x00,0x00,0x00,0x00,0x00,0x00,0x3a,0x05,0x00,0x00,0x04,0x00,0x00,0x00,
    0x40,0x00,0x00,0x00,0x00,0x00,0x00,0x00,0x00,0x00,0x00,0x00,0x00,0x00,0x00,0x00,
    0x98,0x21,0x00,0x00,0x00,0x00,0x00,0x00,0x18,0x00,0x00,0x00,0x00,0x00,0x00,0x00,
    0x06,0x00,0x00,0x00,0x03,0x00,0x00,0x00,0x08,0x00,0x00,0x00,0x00,0x00,0x00,0x00,
    0x18,0x00,0x00,0x00,0x00,0x00,0x00,0x00,0xb0,0x03,0x00,0x00,0x07,0x00,0x00,0x00,
    0x02,0x00,0x00,0x00,0x00,0x00,0x00,0x00,0x00,0x00,0x00,0x00,0x00,0x00,0x00,0x00,
    0x00,0x0d,0x00,0x00,0x00,0x00,0x00,0x00,0x4c,0x0b,0x00,0x00,0x00,0x00,0x00,0x00,
    0x00,0x00,0x00,0x00,0x00,0x00,0x00,0x00,0x04,0x00,0x00,0x00,0x00,0x00,0x00,0x00,
    0x00,0x00,0x00,0x00,0x00,0x00,0x00,0x00,0x26,0x05,0x00,0x00,0x02,0x00,0x00,0x00,
    0x00,0x00,0x00,0x00,0x00,0x00,0x00,0x00,0x00,0x00,0x00,0x00,0x00,0x00,0x00,0x00,
    0x50,0x18,0x00,0x00,0x00,0x00,0x00,0x00,0x48,0x09,0x00,0x00,0x00,0x00,0x00,0x00,
    0x01,0x00,0x00,0x00,0x61,0x00,0x00,0x00,0x08,0x00,0x00,0x00,0x00,0x00,0x00,0x00,
    0x18,0x00,0x00,0x00,0x00,0x00,0x00,0x00
        },
        .m_kernelName = {},
        .m_compilerVersion = {},
        .m_codeObjectVersion = 0,
        .m_isRelocatable = true,
        .m_shaderType = ShaderTypesFlags::UNKNOWN
    };
    
    constexpr StaticShaderType<10408> MisaConv1x1_Bias_Relu_Elf =
    {
        .m_binary = {
    0x7f,0x45,0x4c,0x46,0x02,0x01,0x01,0x40,0x02,0x00,0x00,0x00,0x00,0x00,0x00,0x00,
    0x01,0x00,0xe0,0x00,0x01,0x00,0x00,0x00,0x00,0x00,0x00,0x00,0x00,0x00,0x00,0x00,
    0x00,0x00,0x00,0x00,0x00,0x00,0x00,0x00,0xe8,0x26,0x00,0x00,0x00,0x00,0x00,0x00,
    0x4e,0x00,0x00,0x00,0x40,0x00,0x00,0x00,0x00,0x00,0x40,0x00,0x07,0x00,0x01,0x00,
    0x00,0x00,0x00,0x00,0x00,0x00,0x00,0x00,0x00,0x00,0x00,0x00,0x00,0x00,0x00,0x00,
    0x00,0x00,0x00,0x00,0x00,0x00,0x00,0x00,0x00,0x00,0x00,0x00,0x00,0x00,0x00,0x00,
    0x00,0x00,0x00,0x00,0x00,0x00,0x00,0x00,0x00,0x00,0x00,0x00,0x00,0x00,0x00,0x00,
    0x00,0x00,0x00,0x00,0x00,0x00,0x00,0x00,0x00,0x00,0x00,0x00,0x00,0x00,0x00,0x00,
    0x00,0x00,0x00,0x00,0x00,0x00,0x00,0x00,0x00,0x00,0x00,0x00,0x00,0x00,0x00,0x00,
    0x00,0x00,0x00,0x00,0x00,0x00,0x00,0x00,0x00,0x00,0x00,0x00,0x00,0x00,0x00,0x00,
    0x00,0x00,0x00,0x00,0x00,0x00,0x00,0x00,0x00,0x00,0x00,0x00,0x00,0x00,0x00,0x00,
    0x00,0x00,0x00,0x00,0x00,0x00,0x00,0x00,0x00,0x00,0x00,0x00,0x00,0x00,0x00,0x00,
    0x00,0x00,0x00,0x00,0x00,0x00,0x00,0x00,0x00,0x00,0x00,0x00,0x00,0x00,0x00,0x00,
    0x00,0x00,0x00,0x00,0x00,0x00,0x00,0x00,0x00,0x00,0x00,0x00,0x00,0x00,0x00,0x00,
    0x00,0x00,0x00,0x00,0x00,0x00,0x00,0x00,0x00,0x00,0x00,0x00,0x00,0x00,0x00,0x00,
    0x00,0x00,0x00,0x00,0x00,0x00,0x00,0x00,0x00,0x00,0x00,0x00,0x00,0x00,0x00,0x00,
    0x00,0x27,0x00,0xf4,0x00,0x00,0x00,0xf8,0x00,0x28,0x00,0xf4,0x08,0x00,0x00,0xf8,
    0x00,0x29,0x00,0xf4,0x10,0x00,0x00,0xf8,0x00,0x2a,0x00,0xf4,0x18,0x00,0x00,0xf8,
    0x00,0x82,0x00,0xf4,0x20,0x00,0x00,0xf8,0x00,0x46,0x00,0xf4,0x60,0x00,0x00,0xf8,
    0x00,0x0d,0x00,0xf4,0x70,0x00,0x00,0xf8,0x00,0x6b,0x00,0xf4,0x74,0x00,0x00,0xf8,
    0x00,0x03,0x84,0x7e,0x9f,0x84,0x7a,0x36,0x85,0x84,0x84,0x32,0x87,0x84,0x70,0x36,
    0x00,0x03,0x84,0x7e,0x9f,0x84,0x76,0x36,0xff,0x00,0x87,0xbe,0xff,0xff,0x00,0x00,
    0x80,0x00,0xbf,0xbe,0x00,0x00,0xc7,0xbf,0x0e,0x27,0x00,0xf4,0x00,0x00,0x00,0xf8,
    0x10,0x28,0x00,0xf4,0x00,0x00,0x00,0xf8,0x12,0x29,0x00,0xf4,0x00,0x00,0x00,0xf8,
    0x14,0x2a,0x00,0xf4,0x00,0x00,0x00,0xf8,0x07,0xfc,0x89,0xbf,0x1d,0xff,0x1d,0x8b,
    0xff,0xff,0x00,0x00,0x21,0xff,0x21,0x8b,0xff,0xff,0x00,0x00,0x25,0xff,0x25,0x8b,
    0xff,0xff,0x00,0x00,0x29,0xff,0x29,0x8b,0xff,0xff,0x00,0x00,0x75,0x00,0x82,0xbe,
    0x73,0x00,0x83,0xbe,0x03,0xff,0x03,0x8b,0xff,0xff,0x00,0x00,0x73,0x90,0x04,0x85,
    0x32,0xff,0x45,0x93,0x00,0x00,0x08,0x00,0x2c,0x0c,0xc2,0x96,0x42,0x0c,0x42,0x80,
    0x42,0x45,0x35,0x85,0x2c,0x0b,0xc2,0x96,0x42,0x0b,0x42,0x80,0x42,0x45,0x36,0x85,
    0x2c,0x04,0xc2,0x96,0x42,0x04,0x42,0x80,0x42,0x45,0x47,0x85,0x0d,0x47,0x42,0x96,
    0x04,0x42,0xc6,0x80,0x35,0x81,0x42,0x84,0x36,0x00,0xa2,0xbe,0xff,0x00,0xa3,0xbe,
    0x00,0x00,0x02,0x00,0x42,0x90,0x44,0x84,0x21,0x44,0x21,0x8c,0x42,0x36,0x42,0x96,
    0x42,0x46,0x42,0x96,0x20,0x42,0x20,0x80,0x14,0x0a,0x42,0x96,0x42,0x47,0x44,0x96,
    0x42,0x47,0xc5,0x96,0x24,0x44,0x24,0x80,0x25,0x45,0x25,0x82,0x35,0x83,0x44,0x85,
    0x36,0x83,0x45,0x85,0x44,0x46,0x42,0x96,0x11,0x42,0x42,0x96,0x1c,0x42,0x1c,0x80,
    0x1d,0x80,0x1d,0x82,0x45,0x46,0x42,0x96,0x15,0x42,0x42,0x96,0x24,0x42,0x24,0x80,
    0x25,0x80,0x25,0x82,0x02,0xc0,0x38,0x96,0x03,0xc0,0x37,0x96,0x35,0x83,0x0c,0x85,
    0x38,0x03,0x6e,0x7e,0x35,0x00,0x85,0xbe,0x86,0x00,0x84,0x32,0x42,0x05,0x84,0x7e,
    0x42,0xa0,0x45,0x96,0x37,0x82,0x46,0x96,0x82,0x0b,0x2a,0x96,0xff,0x00,0xab,0xbe,
    0x00,0x00,0x02,0x30,0x45,0x46,0x44,0x80,0x9f,0x00,0x84,0x36,0x42,0x00,0x2c,0xd7,
    0x42,0x05,0x01,0x00,0x44,0x80,0x04,0xc4,0x41,0x50,0x80,0x40,0x42,0x00,0x00,0x00,
    0x35,0x81,0x39,0x84,0x37,0x7a,0x6a,0x4a,0x84,0x70,0x6c,0x30,0x39,0xa0,0x39,0x96,
    0x80,0x02,0x3e,0x7e,0x80,0x02,0x40,0x7e,0x80,0x02,0x42,0x7e,0x80,0x02,0x44,0x7e,
    0x80,0x02,0x46,0x7e,0x80,0x02,0x48,0x7e,0x80,0x02,0x4a,0x7e,0x80,0x02,0x4c,0x7e,
    0x3f,0xc0,0x05,0xc4,0x1f,0x40,0x80,0xc0,0x35,0x00,0x00,0x00,0x39,0xc0,0x05,0xc4,
    0x23,0x40,0x80,0xc0,0x35,0x00,0x00,0x00,0x80,0x00,0xbe,0xbe,0x10,0x0a,0x1e,0x96,
    0xff,0x00,0x9f,0xbe,0x00,0x00,0x02,0x30,0x08,0x90,0x08,0x84,0x80,0x00,0x81,0xbe,
    0x47,0x00,0x55,0xd6,0x38,0x02,0xec,0x04,0x32,0xff,0x45,0x93,0x18,0x00,0x08,0x00,
    0x45,0x00,0x2d,0xd7,0x2f,0x8e,0x02,0x00,0x45,0x8f,0x8a,0x4a,0x45,0x8a,0x8c,0x32,
    0x45,0x00,0x2c,0xd7,0x0f,0x8c,0x02,0x00,0x47,0x8b,0x84,0x4c,0x32,0xff,0x45,0x93,
    0x10,0x00,0x08,0x00,0x45,0x00,0x2d,0xd7,0x2e,0x8c,0x02,0x00,0x45,0x8d,0x8a,0x4a,
    0x45,0x8a,0x78,0x32,0x45,0x00,0x2c,0xd7,0x0e,0x78,0x02,0x00,0x46,0x8b,0x86,0x4c,
    0x47,0x00,0x2c,0xd7,0x10,0x78,0x02,0x00,0x46,0x00,0x2c,0xd7,0x11,0x6e,0x02,0x00,
    0x45,0x00,0x2c,0xd7,0x12,0x86,0x02,0x00,0x44,0x00,0x2c,0xd7,0x13,0x84,0x02,0x00,
    0x33,0x00,0x55,0xd6,0x47,0x8d,0x16,0x05,0x44,0x67,0x66,0x4a,0xa0,0x00,0x81,0xbe,
    0x47,0x00,0x55,0xd6,0x38,0x02,0xec,0x04,0x32,0xff,0x45,0x93,0x18,0x00,0x08,0x00,
    0x45,0x00,0x2d,0xd7,0x2f,0x8e,0x02,0x00,0x45,0x8f,0x8a,0x4a,0x45,0x8a,0x8c,0x32,
    0x45,0x00,0x2c,0xd7,0x0f,0x8c,0x02,0x00,0x47,0x8b,0x84,0x4c,0x32,0xff,0x45,0x93,
    0x10,0x00,0x08,0x00,0x45,0x00,0x2d,0xd7,0x2e,0x8c,0x02,0x00,0x45,0x8d,0x8a,0x4a,
    0x45,0x8a,0x78,0x32,0x45,0x00,0x2c,0xd7,0x0e,0x78,0x02,0x00,0x46,0x8b,0x86,0x4c,
    0x47,0x00,0x2c,0xd7,0x10,0x78,0x02,0x00,0x46,0x00,0x2c,0xd7,0x11,0x6e,0x02,0x00,
    0x45,0x00,0x2c,0xd7,0x12,0x86,0x02,0x00,0x44,0x00,0x2c,0xd7,0x13,0x84,0x02,0x00,
    0x34,0x00,0x55,0xd6,0x47,0x8d,0x16,0x05,0x44,0x69,0x68,0x4a,0x80,0x02,0x4e,0x7e,
    0x80,0x02,0x50,0x7e,0x80,0x02,0x52,0x7e,0x80,0x02,0x54,0x7e,0x80,0x02,0x56,0x7e,
    0x80,0x02,0x58,0x7e,0x80,0x02,0x5a,0x7e,0x80,0x02,0x5c,0x7e,0x3e,0xc0,0x05,0xc4,
    0x27,0x38,0x80,0x40,0x33,0x00,0x00,0x00,0x3e,0xc0,0x05,0xc4,0x2b,0x38,0x80,0x40,
    0x34,0x00,0x00,0x00,0x00,0x03,0x8e,0x7e,0x85,0x8e,0x84,0x32,0x8f,0x8e,0x86,0x36,
    0x81,0x84,0x7e,0x36,0x81,0x84,0x80,0x32,0x3f,0x00,0x56,0xd6,0x3f,0x09,0x0d,0x05,
    0x40,0x00,0x56,0xd6,0x40,0x09,0x0d,0x05,0x00,0x03,0x8e,0x7e,0x8f,0x8e,0x8a,0x36,
    0x84,0x8e,0x88,0x32,0x81,0x88,0x88,0x36,0x85,0x8e,0x84,0x32,0x81,0x84,0x86,0x36,
    0x81,0x84,0x84,0x32,0x83,0x84,0x84,0x36,0x3c,0x00,0x56,0xd6,0x43,0x09,0x15,0x05,
    0x83,0x88,0x88,0x30,0x3e,0x00,0x56,0xd6,0x42,0x09,0x11,0x05,0x84,0x80,0x60,0x30,
    0x84,0x00,0x8e,0x32,0x81,0x8e,0x8e,0x36,0x30,0x00,0x0b,0xd6,0x47,0x11,0xc1,0x04,
    0x83,0x7a,0x88,0x30,0x42,0x00,0x0b,0xd6,0x38,0xff,0x11,0x05,0x00,0x02,0x00,0x00,
    0x81,0x84,0x5e,0x30,0x84,0x7e,0x64,0x30,0x32,0x00,0x0b,0xd6,0x47,0x11,0xc9,0x04,
    0x83,0x76,0x88,0x30,0x42,0x00,0x0b,0xd6,0x38,0xff,0x11,0x05,0x00,0x02,0x00,0x00,
    0x81,0x84,0x62,0x30,0xff,0x64,0x64,0x4a,0x00,0x20,0x00,0x00,0xff,0x62,0x62,0x4a,
    0x00,0x20,0x00,0x00,0x3c,0x03,0x7e,0x7e,0x3e,0x03,0x80,0x7e,0x37,0x80,0x80,0x4a,
    0x83,0x80,0x84,0x32,0x3c,0x00,0x2c,0xd7,0x15,0x84,0x02,0x00,0x0a,0x0e,0x3d,0x96,
    0x32,0xff,0x41,0x93,0x18,0x00,0x08,0x00,0x32,0xff,0x40,0x93,0x10,0x00,0x08,0x00,
    0x0f,0x3d,0x3d,0x96,0xc1,0x00,0xa6,0xbe,0xff,0x00,0xa7,0xbe,0x00,0x00,0x02,0x30,
    0x36,0x80,0x98,0x7c,0x3e,0x00,0x01,0xd5,0x80,0x02,0xa9,0x01,0xff,0x00,0xba,0xbe,
    0x80,0x00,0x00,0x00,0x11,0x88,0x3b,0x96,0x88,0x00,0xbc,0xbe,0x02,0x00,0xc0,0xbf,
    0xff,0x00,0xea,0xbe,0xff,0xff,0x00,0x00,0x42,0x00,0x60,0xd7,0x41,0x01,0x01,0x00,
    0x42,0x02,0x84,0x7e,0x42,0x00,0x60,0xd7,0x41,0x11,0x01,0x00,0x43,0x00,0x60,0xd7,
    0x41,0x03,0x01,0x00,0x43,0x02,0x86,0x7e,0x43,0x00,0x60,0xd7,0x41,0x13,0x01,0x00,
    0x44,0x00,0x60,0xd7,0x41,0x05,0x01,0x00,0x44,0x02,0x88,0x7e,0x44,0x00,0x60,0xd7,
    0x41,0x15,0x01,0x00,0x45,0x00,0x60,0xd7,0x41,0x07,0x01,0x00,0x45,0x02,0x8a,0x7e,
    0x45,0x00,0x60,0xd7,0x41,0x17,0x01,0x00,0x46,0x00,0x60,0xd7,0x41,0x09,0x01,0x00,
    0x46,0x02,0x8c,0x7e,0x46,0x00,0x60,0xd7,0x41,0x19,0x01,0x00,0x47,0x00,0x60,0xd7,
    0x41,0x0b,0x01,0x00,0x47,0x02,0x8e,0x7e,0x47,0x00,0x60,0xd7,0x41,0x1b,0x01,0x00,
    0x48,0x00,0x60,0xd7,0x41,0x0d,0x01,0x00,0x48,0x02,0x90,0x7e,0x48,0x00,0x60,0xd7,
    0x41,0x1d,0x01,0x00,0x49,0x00,0x60,0xd7,0x41,0x0f,0x01,0x00,0x49,0x02,0x92,0x7e,
    0x49,0x00,0x60,0xd7,0x41,0x1f,0x01,0x00,0x42,0x84,0x84,0x02,0x43,0x86,0x86,0x02,
    0x44,0x88,0x88,0x02,0x45,0x8a,0x8a,0x02,0x46,0x8c,0x8c,0x02,0x47,0x8e,0x8e,0x02,
    0x48,0x90,0x90,0x02,0x49,0x92,0x92,0x02,0x42,0x17,0x84,0x7e,0x43,0x17,0x86,0x7e,
    0x44,0x17,0x88,0x7e,0x45,0x17,0x8a,0x7e,0x46,0x17,0x8c,0x7e,0x47,0x17,0x8e,0x7e,
    0x48,0x17,0x90,0x7e,0x49,0x17,0x92,0x7e,0x42,0x03,0x00,0x7e,0x43,0x03,0x02,0x7e,
    0x44,0x03,0x04,0x7e,0x45,0x03,0x06,0x7e,0x46,0x03,0x08,0x7e,0x47,0x03,0x0a,0x7e,
    0x48,0x03,0x0c,0x7e,0x49,0x03,0x0e,0x7e,0x42,0x03,0x10,0x7e,0x43,0x03,0x12,0x7e,
    0x44,0x03,0x14,0x7e,0x45,0x03,0x16,0x7e,0x46,0x03,0x18,0x7e,0x47,0x03,0x1a,0x7e,
    0x48,0x03,0x1c,0x7e,0x49,0x03,0x1e,0x7e,0x02,0x00,0xc0,0xbf,0x00,0x00,0x7c,0xdb,
    0x2f,0x1f,0x00,0x00,0x00,0x02,0x7c,0xdb,0x2f,0x23,0x00,0x00,0x00,0x00,0xc0,0xbf,
    0x00,0x00,0x7c,0xdb,0x31,0x27,0x00,0x00,0x00,0x02,0x7c,0xdb,0x31,0x2b,0x00,0x00,
    0x3b,0x3e,0x3e,0x80,0x3a,0x6c,0x6c,0x4a,0x00,0x00,0xc6,0xbf,0xc1,0x4e,0x80,0xbe,
    0xff,0xff,0x94,0xbf,0x00,0x00,0xd8,0xd9,0x32,0x00,0x00,0x16,0x00,0x04,0xd8,0xd9,
    0x32,0x00,0x00,0x18,0x00,0x00,0xd8,0xd9,0x30,0x00,0x00,0x11,0x00,0x04,0xd8,0xd9,
    0x30,0x00,0x00,0x13,0x05,0xc0,0x86,0x81,0x06,0x80,0x02,0xbf,0x7c,0x00,0xa1,0xbf,
    0x3f,0xc0,0x05,0xc4,0x1f,0x40,0x80,0xc0,0x35,0x00,0x00,0x00,0x39,0xc0,0x05,0xc4,
    0x23,0x40,0x80,0xc0,0x35,0x00,0x00,0x00,0x80,0x02,0x4e,0x7e,0x80,0x02,0x50,0x7e,
    0x80,0x02,0x52,0x7e,0x80,0x02,0x54,0x7e,0x80,0x02,0x56,0x7e,0x80,0x02,0x58,0x7e,
    0x80,0x02,0x5a,0x7e,0x80,0x02,0x5c,0x7e,0x3e,0xc0,0x05,0xc4,0x27,0x38,0x80,0x40,
    0x33,0x00,0x00,0x00,0x3e,0xc0,0x05,0xc4,0x2b,0x38,0x80,0x40,0x34,0x00,0x00,0x00,
    0x00,0x02,0xd8,0xd9,0x32,0x00,0x00,0x1a,0x00,0x06,0xd8,0xd9,0x32,0x00,0x00,0x1c,
    0x02,0x00,0xc6,0xbf,0x00,0x40,0x40,0xcc,0x11,0x2d,0x02,0x1c,0x00,0x08,0xd8,0xd9,
    0x32,0x00,0x00,0x16,0x00,0x0c,0xd8,0xd9,0x32,0x00,0x00,0x18,0x02,0x00,0xc6,0xbf,
    0x08,0x40,0x40,0xcc,0x11,0x35,0x22,0x1c,0x00,0x08,0xd8,0xd9,0x30,0x00,0x00,0x11,
    0x00,0x0c,0xd8,0xd9,0x30,0x00,0x00,0x13,0x00,0x0a,0xd8,0xd9,0x32,0x00,0x00,0x1a,
    0x00,0x0e,0xd8,0xd9,0x32,0x00,0x00,0x1c,0x02,0x00,0xc6,0xbf,0x00,0x40,0x40,0xcc,
    0x11,0x2d,0x02,0x1c,0x00,0x10,0xd8,0xd9,0x32,0x00,0x00,0x16,0x00,0x14,0xd8,0xd9,
    0x32,0x00,0x00,0x18,0x02,0x00,0xc6,0xbf,0x08,0x40,0x40,0xcc,0x11,0x35,0x22,0x1c,
    0x00,0x10,0xd8,0xd9,0x30,0x00,0x00,0x11,0x00,0x14,0xd8,0xd9,0x30,0x00,0x00,0x13,
    0x00,0x12,0xd8,0xd9,0x32,0x00,0x00,0x1a,0x00,0x16,0xd8,0xd9,0x32,0x00,0x00,0x1c,
    0x02,0x00,0xc6,0xbf,0x00,0x40,0x40,0xcc,0x11,0x2d,0x02,0x1c,0x00,0x18,0xd8,0xd9,
    0x32,0x00,0x00,0x16,0x00,0x1c,0xd8,0xd9,0x32,0x00,0x00,0x18,0x02,0x00,0xc6,0xbf,
    0x08,0x40,0x40,0xcc,0x11,0x35,0x22,0x1c,0x00,0x18,0xd8,0xd9,0x30,0x00,0x00,0x11,
    0x00,0x1c,0xd8,0xd9,0x30,0x00,0x00,0x13,0x00,0x1a,0xd8,0xd9,0x32,0x00,0x00,0x1a,
    0x00,0x1e,0xd8,0xd9,0x32,0x00,0x00,0x1c,0x02,0x00,0xc6,0xbf,0x00,0x40,0x40,0xcc,
    0x11,0x2d,0x02,0x1c,0x00,0x00,0xc6,0xbf,0x02,0x00,0xc0,0xbf,0xc1,0x4e,0x80,0xbe,
    0xff,0xff,0x94,0xbf,0x00,0x00,0x7c,0xdb,0x2f,0x1f,0x00,0x00,0x00,0x02,0x7c,0xdb,
    0x2f,0x23,0x00,0x00,0x00,0x00,0xc0,0xbf,0x00,0x00,0x7c,0xdb,0x31,0x27,0x00,0x00,
    0x00,0x02,0x7c,0xdb,0x31,0x2b,0x00,0x00,0x08,0x40,0x40,0xcc,0x11,0x35,0x22,0x1c,
    0x06,0xc0,0x86,0x81,0x06,0x80,0x02,0xbf,0x0e,0x00,0xa1,0xbf,0x3b,0x3e,0x3e,0x80,
    0x3a,0x6c,0x6c,0x4a,0x00,0x00,0xc6,0xbf,0xc1,0x4e,0x80,0xbe,0xff,0xff,0x94,0xbf,
    0x00,0x00,0xd8,0xd9,0x32,0x00,0x00,0x16,0x00,0x04,0xd8,0xd9,0x32,0x00,0x00,0x18,
    0x00,0x00,0xd8,0xd9,0x30,0x00,0x00,0x11,0x00,0x04,0xd8,0xd9,0x30,0x00,0x00,0x13,
    0x8f,0xff,0xa0,0xbf,0x00,0x00,0xc6,0xbf,0xc1,0x4e,0x80,0xbe,0xff,0xff,0x94,0xbf,
    0x00,0x00,0xd8,0xd9,0x32,0x00,0x00,0x16,0x00,0x04,0xd8,0xd9,0x32,0x00,0x00,0x18,
    0x00,0x00,0xd8,0xd9,0x30,0x00,0x00,0x11,0x00,0x04,0xd8,0xd9,0x30,0x00,0x00,0x13,
    0x00,0x02,0xd8,0xd9,0x32,0x00,0x00,0x1a,0x00,0x06,0xd8,0xd9,0x32,0x00,0x00,0x1c,
    0x02,0x00,0xc6,0xbf,0x00,0x40,0x40,0xcc,0x11,0x2d,0x02,0x1c,0x00,0x08,0xd8,0xd9,
    0x32,0x00,0x00,0x16,0x00,0x0c,0xd8,0xd9,0x32,0x00,0x00,0x18,0x02,0x00,0xc6,0xbf,
    0x08,0x40,0x40,0xcc,0x11,0x35,0x22,0x1c,0x00,0x08,0xd8,0xd9,0x30,0x00,0x00,0x11,
    0x00,0x0c,0xd8,0xd9,0x30,0x00,0x00,0x13,0x00,0x0a,0xd8,0xd9,0x32,0x00,0x00,0x1a,
    0x00,0x0e,0xd8,0xd9,0x32,0x00,0x00,0x1c,0x02,0x00,0xc6,0xbf,0x00,0x40,0x40,0xcc,
    0x11,0x2d,0x02,0x1c,0x00,0x10,0xd8,0xd9,0x32,0x00,0x00,0x16,0x00,0x14,0xd8,0xd9,
    0x32,0x00,0x00,0x18,0x02,0x00,0xc6,0xbf,0x08,0x40,0x40,0xcc,0x11,0x35,0x22,0x1c,
    0x00,0x10,0xd8,0xd9,0x30,0x00,0x00,0x11,0x00,0x14,0xd8,0xd9,0x30,0x00,0x00,0x13,
    0x00,0x12,0xd8,0xd9,0x32,0x00,0x00,0x1a,0x00,0x16,0xd8,0xd9,0x32,0x00,0x00,0x1c,
    0x02,0x00,0xc6,0xbf,0x00,0x40,0x40,0xcc,0x11,0x2d,0x02,0x1c,0x00,0x18,0xd8,0xd9,
    0x32,0x00,0x00,0x16,0x00,0x1c,0xd8,0xd9,0x32,0x00,0x00,0x18,0x02,0x00,0xc6,0xbf,
    0x08,0x40,0x40,0xcc,0x11,0x35,0x22,0x1c,0x00,0x18,0xd8,0xd9,0x30,0x00,0x00,0x11,
    0x00,0x1c,0xd8,0xd9,0x30,0x00,0x00,0x13,0x00,0x1a,0xd8,0xd9,0x32,0x00,0x00,0x1a,
    0x00,0x1e,0xd8,0xd9,0x32,0x00,0x00,0x1c,0x02,0x00,0xc6,0xbf,0x00,0x40,0x40,0xcc,
    0x11,0x2d,0x02,0x1c,0x00,0x00,0xc6,0xbf,0x08,0x40,0x40,0xcc,0x11,0x35,0x22,0x1c,
    0x80,0x00,0x81,0xbe,0x15,0x88,0x15,0x96,0x38,0x7e,0x76,0x4a,0x42,0x00,0x2d,0xd7,
    0x2f,0x76,0x02,0x00,0x42,0x77,0x84,0x4a,0x41,0x84,0x8a,0x32,0x42,0x00,0x2c,0xd7,
    0x0f,0x8a,0x02,0x00,0x3b,0x85,0x62,0x4c,0x42,0x00,0x2d,0xd7,0x2e,0x8a,0x02,0x00,
    0x42,0x8b,0x84,0x4a,0x40,0x84,0x5e,0x32,0x42,0x00,0x2c,0xd7,0x0e,0x5e,0x02,0x00,
    0x45,0x85,0x60,0x4c,0x33,0x00,0x0b,0xd6,0x17,0x62,0xf2,0x04,0x3d,0x76,0x98,0x7c,
    0x42,0x00,0x2c,0xd7,0x14,0x5e,0x02,0x00,0x43,0x00,0x2c,0xd7,0x16,0x60,0x02,0x00,
    0x80,0x7c,0x7a,0x02,0x33,0x00,0x55,0xd6,0x42,0x87,0xce,0x04,0x80,0x00,0x28,0x7c,
    0x00,0x00,0x01,0xd5,0x00,0x01,0xa9,0x01,0x80,0x02,0x28,0x7c,0x01,0x00,0x01,0xd5,
    0x01,0x01,0xa9,0x01,0x80,0x04,0x28,0x7c,0x02,0x00,0x01,0xd5,0x02,0x01,0xa9,0x01,
    0x80,0x06,0x28,0x7c,0x03,0x00,0x01,0xd5,0x03,0x01,0xa9,0x01,0x80,0x08,0x28,0x7c,
    0x04,0x00,0x01,0xd5,0x04,0x01,0xa9,0x01,0x80,0x0a,0x28,0x7c,0x05,0x00,0x01,0xd5,
    0x05,0x01,0xa9,0x01,0x80,0x0c,0x28,0x7c,0x06,0x00,0x01,0xd5,0x06,0x01,0xa9,0x01,
    0x80,0x0e,0x28,0x7c,0x07,0x00,0x01,0xd5,0x07,0x01,0xa9,0x01,0x00,0x03,0x00,0x5e,
    0x02,0x07,0x02,0x5e,0x04,0x0b,0x04,0x5e,0x06,0x0f,0x06,0x5e,0x81,0x7a,0x96,0x7d,
    0x01,0x40,0x07,0xc4,0x00,0x48,0x80,0x40,0x33,0x00,0x00,0x00,0xc1,0x01,0xfe,0xbe,
    0xa0,0x7e,0x8e,0x4a,0x38,0x8e,0x76,0x4a,0x42,0x00,0x2d,0xd7,0x2f,0x76,0x02,0x00,
    0x42,0x77,0x84,0x4a,0x41,0x84,0x8a,0x32,0x42,0x00,0x2c,0xd7,0x0f,0x8a,0x02,0x00,
    0x3b,0x85,0x62,0x4c,0x42,0x00,0x2d,0xd7,0x2e,0x8a,0x02,0x00,0x42,0x8b,0x84,0x4a,
    0x40,0x84,0x5e,0x32,0x42,0x00,0x2c,0xd7,0x0e,0x5e,0x02,0x00,0x45,0x85,0x60,0x4c,
    0x33,0x00,0x0b,0xd6,0x17,0x62,0xf2,0x04,0x3d,0x76,0x98,0x7c,0x42,0x00,0x2c,0xd7,
    0x14,0x5e,0x02,0x00,0x43,0x00,0x2c,0xd7,0x16,0x60,0x02,0x00,0x80,0x7c,0x7a,0x02,
    0x33,0x00,0x55,0xd6,0x42,0x87,0xce,0x04,0x80,0x10,0x28,0x7c,0x08,0x00,0x01,0xd5,
    0x08,0x01,0xa9,0x01,0x80,0x12,0x28,0x7c,0x09,0x00,0x01,0xd5,0x09,0x01,0xa9,0x01,
    0x80,0x14,0x28,0x7c,0x0a,0x00,0x01,0xd5,0x0a,0x01,0xa9,0x01,0x80,0x16,0x28,0x7c,
    0x0b,0x00,0x01,0xd5,0x0b,0x01,0xa9,0x01,0x80,0x18,0x28,0x7c,0x0c,0x00,0x01,0xd5,
    0x0c,0x01,0xa9,0x01,0x80,0x1a,0x28,0x7c,0x0d,0x00,0x01,0xd5,0x0d,0x01,0xa9,0x01,
    0x80,0x1c,0x28,0x7c,0x0e,0x00,0x01,0xd5,0x0e,0x01,0xa9,0x01,0x80,0x1e,0x28,0x7c,
    0x0f,0x00,0x01,0xd5,0x0f,0x01,0xa9,0x01,0x08,0x13,0x10,0x5e,0x0a,0x17,0x12,0x5e,
    0x0c,0x1b,0x14,0x5e,0x0e,0x1f,0x16,0x5e,0x81,0x7a,0x96,0x7d,0x01,0x40,0x07,0xc4,
    0x08,0x48,0x80,0x40,0x33,0x00,0x00,0x00,0xc1,0x01,0xfe,0xbe,0x00,0x00,0xb0,0xbf,
    0x00,0x00,0x00,0x00,0x00,0x00,0x00,0x00,0x00,0x00,0x00,0x00,0x00,0x00,0x00,0x00,
    0x00,0x00,0x00,0x00,0x00,0x00,0x00,0x00,0x00,0x00,0x00,0x00,0x00,0x00,0x00,0x00,
    0x00,0x40,0x00,0x00,0x00,0x00,0x00,0x00,0x00,0x00,0x00,0x00,0x00,0x00,0x00,0x00,
    0x00,0x00,0x00,0x00,0x00,0x00,0x00,0x00,0x00,0x00,0x00,0x00,0x00,0x00,0x00,0x00,
    0x00,0x00,0x00,0x00,0x00,0x00,0x00,0x00,0x00,0x00,0x00,0x00,0x00,0x00,0x00,0x00,
    0x09,0x00,0x0c,0x40,0x84,0x03,0x00,0x00,0x08,0x04,0x00,0x00,0x00,0x00,0x00,0x00,
    0x07,0x00,0x00,0x00,0x44,0x0b,0x00,0x00,0x20,0x00,0x00,0x00,0x41,0x4d,0x44,0x47,
    0x50,0x55,0x00,0x00,0x82,0xae,0x61,0x6d,0x64,0x68,0x73,0x61,0x2e,0x6b,0x65,0x72,
    0x6e,0x65,0x6c,0x73,0x91,0x8c,0xa5,0x2e,0x61,0x72,0x67,0x73,0xdc,0x00,0x21,0x87,
    0xae,0x2e,0x61,0x64,0x64,0x72,0x65,0x73,0x73,0x5f,0x73,0x70,0x61,0x63,0x65,0xa6,
    0x67,0x6c,0x6f,0x62,0x61,0x6c,0xa9,0x2e,0x69,0x73,0x5f,0x63,0x6f,0x6e,0x73,0x74,
    0xc3,0xa5,0x2e,0x6e,0x61,0x6d,0x65,0xa4,0x70,0x5f,0x69,0x6e,0xa7,0x2e,0x6f,0x66,
    0x66,0x73,0x65,0x74,0x00,0xa5,0x2e,0x73,0x69,0x7a,0x65,0x08,0xab,0x2e,0x76,0x61,
    0x6c,0x75,0x65,0x5f,0x6b,0x69,0x6e,0x64,0xad,0x67,0x6c,0x6f,0x62,0x61,0x6c,0x5f,
    0x62,0x75,0x66,0x66,0x65,0x72,0xab,0x2e,0x76,0x61,0x6c,0x75,0x65,0x5f,0x74,0x79,
    0x70,0x65,0xa3,0x66,0x33,0x32,0x87,0xae,0x2e,0x61,0x64,0x64,0x72,0x65,0x73,0x73,
    0x5f,0x73,0x70,0x61,0x63,0x65,0xa6,0x67,0x6c,0x6f,0x62,0x61,0x6c,0xa9,0x2e,0x69,
    0x73,0x5f,0x63,0x6f,0x6e,0x73,0x74,0xc3,0xa5,0x2e,0x6e,0x61,0x6d,0x65,0xa5,0x70,
    0x5f,0x77,0x65,0x69,0xa7,0x2e,0x6f,0x66,0x66,0x73,0x65,0x74,0x08,0xa5,0x2e,0x73,
    0x69,0x7a,0x65,0x08,0xab,0x2e,0x76,0x61,0x6c,0x75,0x65,0x5f,0x6b,0x69,0x6e,0x64,
    0xad,0x67,0x6c,0x6f,0x62,0x61,0x6c,0x5f,0x62,0x75,0x66,0x66,0x65,0x72,0xab,0x2e,
    0x76,0x61,0x6c,0x75,0x65,0x5f,0x74,0x79,0x70,0x65,0xa3,0x66,0x33,0x32,0x87,0xae,
    0x2e,0x61,0x64,0x64,0x72,0x65,0x73,0x73,0x5f,0x73,0x70,0x61,0x63,0x65,0xa6,0x67,
    0x6c,0x6f,0x62,0x61,0x6c,0xa9,0x2e,0x69,0x73,0x5f,0x63,0x6f,0x6e,0x73,0x74,0xc2,
    0xa5,0x2e,0x6e,0x61,0x6d,0x65,0xa5,0x70,0x5f,0x6f,0x75,0x74,0xa7,0x2e,0x6f,0x66,
    0x66,0x73,0x65,0x74,0x10,0xa5,0x2e,0x73,0x69,0x7a,0x65,0x08,0xab,0x2e,0x76,0x61,
    0x6c,0x75,0x65,0x5f,0x6b,0x69,0x6e,0x64,0xad,0x67,0x6c,0x6f,0x62,0x61,0x6c,0x5f,
    0x62,0x75,0x66,0x66,0x65,0x72,0xab,0x2e,0x76,0x61,0x6c,0x75,0x65,0x5f,0x74,0x79,
    0x70,0x65,0xa3,0x66,0x33,0x32,0x87,0xae,0x2e,0x61,0x64,0x64,0x72,0x65,0x73,0x73,
    0x5f,0x73,0x70,0x61,0x63,0x65,0xa6,0x67,0x6c,0x6f,0x62,0x61,0x6c,0xa9,0x2e,0x69,
    0x73,0x5f,0x63,0x6f,0x6e,0x73,0x74,0xc3,0xa5,0x2e,0x6e,0x61,0x6d,0x65,0xa6,0x70,
    0x5f,0x62,0x69,0x61,0x73,0xa7,0x2e,0x6f,0x66,0x66,0x73,0x65,0x74,0x18,0xa5,0x2e,
    0x73,0x69,0x7a,0x65,0x08,0xab,0x2e,0x76,0x61,0x6c,0x75,0x65,0x5f,0x6b,0x69,0x6e,
    0x64,0xad,0x67,0x6c,0x6f,0x62,0x61,0x6c,0x5f,0x62,0x75,0x66,0x66,0x65,0x72,0xab,
    0x2e,0x76,0x61,0x6c,0x75,0x65,0x5f,0x74,0x79,0x70,0x65,0xa3,0x66,0x33,0x32,0x85,
    0xa5,0x2e,0x6e,0x61,0x6d,0x65,0xa2,0x68,0x69,0xa7,0x2e,0x6f,0x66,0x66,0x73,0x65,
    0x74,0x20,0xa5,0x2e,0x73,0x69,0x7a,0x65,0x04,0xab,0x2e,0x76,0x61,0x6c,0x75,0x65,
    0x5f,0x6b,0x69,0x6e,0x64,0xa8,0x62,0x79,0x5f,0x76,0x61,0x6c,0x75,0x65,0xab,0x2e,
    0x76,0x61,0x6c,0x75,0x65,0x5f,0x74,0x79,0x70,0x65,0xa3,0x69,0x33,0x32,0x85,0xa5,
    0x2e,0x6e,0x61,0x6d,0x65,0xa2,0x77,0x69,0xa7,0x2e,0x6f,0x66,0x66,0x73,0x65,0x74,
    0x24,0xa5,0x2e,0x73,0x69,0x7a,0x65,0x04,0xab,0x2e,0x76,0x61,0x6c,0x75,0x65,0x5f,
    0x6b,0x69,0x6e,0x64,0xa8,0x62,0x79,0x5f,0x76,0x61,0x6c,0x75,0x65,0xab,0x2e,0x76,
    0x61,0x6c,0x75,0x65,0x5f,0x74,0x79,0x70,0x65,0xa3,0x69,0x33,0x32,0x85,0xa5,0x2e,
    0x6e,0x61,0x6d,0x65,0xa1,0x62,0xa7,0x2e,0x6f,0x66,0x66,0x73,0x65,0x74,0x28,0xa5,
    0x2e,0x73,0x69,0x7a,0x65,0x04,0xab,0x2e,0x76,0x61,0x6c,0x75,0x65,0x5f,0x6b,0x69,
    0x6e,0x64,0xa8,0x62,0x79,0x5f,0x76,0x61,0x6c,0x75,0x65,0xab,0x2e,0x76,0x61,0x6c,
    0x75,0x65,0x5f,0x74,0x79,0x70,0x65,0xa3,0x69,0x33,0x32,0x85,0xa5,0x2e,0x6e,0x61,
    0x6d,0x65,0xa1,0x6b,0xa7,0x2e,0x6f,0x66,0x66,0x73,0x65,0x74,0x2c,0xa5,0x2e,0x73,
    0x69,0x7a,0x65,0x04,0xab,0x2e,0x76,0x61,0x6c,0x75,0x65,0x5f,0x6b,0x69,0x6e,0x64,
    0xa8,0x62,0x79,0x5f,0x76,0x61,0x6c,0x75,0x65,0xab,0x2e,0x76,0x61,0x6c,0x75,0x65,
    0x5f,0x74,0x79,0x70,0x65,0xa3,0x69,0x33,0x32,0x85,0xa5,0x2e,0x6e,0x61,0x6d,0x65,
    0xa1,0x63,0xa7,0x2e,0x6f,0x66,0x66,0x73,0x65,0x74,0x30,0xa5,0x2e,0x73,0x69,0x7a,
    0x65,0x04,0xab,0x2e,0x76,0x61,0x6c,0x75,0x65,0x5f,0x6b,0x69,0x6e,0x64,0xa8,0x62,
    0x79,0x5f,0x76,0x61,0x6c,0x75,0x65,0xab,0x2e,0x76,0x61,0x6c,0x75,0x65,0x5f,0x74,
    0x79,0x70,0x65,0xa3,0x69,0x33,0x32,0x85,0xa5,0x2e,0x6e,0x61,0x6d,0x65,0xa1,0x67,
    0xa7,0x2e,0x6f,0x66,0x66,0x73,0x65,0x74,0x34,0xa5,0x2e,0x73,0x69,0x7a,0x65,0x04,
    0xab,0x2e,0x76,0x61,0x6c,0x75,0x65,0x5f,0x6b,0x69,0x6e,0x64,0xa8,0x62,0x79,0x5f,
    0x76,0x61,0x6c,0x75,0x65,0xab,0x2e,0x76,0x61,0x6c,0x75,0x65,0x5f,0x74,0x79,0x70,
    0x65,0xa3,0x69,0x33,0x32,0x85,0xa5,0x2e,0x6e,0x61,0x6d,0x65,0xa2,0x68,0x6f,0xa7,
    0x2e,0x6f,0x66,0x66,0x73,0x65,0x74,0x38,0xa5,0x2e,0x73,0x69,0x7a,0x65,0x04,0xab,
    0x2e,0x76,0x61,0x6c,0x75,0x65,0x5f,0x6b,0x69,0x6e,0x64,0xa8,0x62,0x79,0x5f,0x76,
    0x61,0x6c,0x75,0x65,0xab,0x2e,0x76,0x61,0x6c,0x75,0x65,0x5f,0x74,0x79,0x70,0x65,
    0xa3,0x69,0x33,0x32,0x85,0xa5,0x2e,0x6e,0x61,0x6d,0x65,0xa2,0x77,0x6f,0xa7,0x2e,
    0x6f,0x66,0x66,0x73,0x65,0x74,0x3c,0xa5,0x2e,0x73,0x69,0x7a,0x65,0x04,0xab,0x2e,
    0x76,0x61,0x6c,0x75,0x65,0x5f,0x6b,0x69,0x6e,0x64,0xa8,0x62,0x79,0x5f,0x76,0x61,
    0x6c,0x75,0x65,0xab,0x2e,0x76,0x61,0x6c,0x75,0x65,0x5f,0x74,0x79,0x70,0x65,0xa3,
    0x69,0x33,0x32,0x85,0xa5,0x2e,0x6e,0x61,0x6d,0x65,0xab,0x69,0x6e,0x5f,0x73,0x74,
    0x72,0x69,0x64,0x65,0x5f,0x6e,0xa7,0x2e,0x6f,0x66,0x66,0x73,0x65,0x74,0x40,0xa5,
    0x2e,0x73,0x69,0x7a,0x65,0x04,0xab,0x2e,0x76,0x61,0x6c,0x75,0x65,0x5f,0x6b,0x69,
    0x6e,0x64,0xa8,0x62,0x79,0x5f,0x76,0x61,0x6c,0x75,0x65,0xab,0x2e,0x76,0x61,0x6c,
    0x75,0x65,0x5f,0x74,0x79,0x70,0x65,0xa3,0x69,0x33,0x32,0x85,0xa5,0x2e,0x6e,0x61,
    0x6d,0x65,0xab,0x69,0x6e,0x5f,0x73,0x74,0x72,0x69,0x64,0x65,0x5f,0x63,0xa7,0x2e,
    0x6f,0x66,0x66,0x73,0x65,0x74,0x44,0xa5,0x2e,0x73,0x69,0x7a,0x65,0x04,0xab,0x2e,
    0x76,0x61,0x6c,0x75,0x65,0x5f,0x6b,0x69,0x6e,0x64,0xa8,0x62,0x79,0x5f,0x76,0x61,
    0x6c,0x75,0x65,0xab,0x2e,0x76,0x61,0x6c,0x75,0x65,0x5f,0x74,0x79,0x70,0x65,0xa3,
    0x69,0x33,0x32,0x85,0xa5,0x2e,0x6e,0x61,0x6d,0x65,0xab,0x69,0x6e,0x5f,0x73,0x74,
    0x72,0x69,0x64,0x65,0x5f,0x68,0xa7,0x2e,0x6f,0x66,0x66,0x73,0x65,0x74,0x48,0xa5,
    0x2e,0x73,0x69,0x7a,0x65,0x04,0xab,0x2e,0x76,0x61,0x6c,0x75,0x65,0x5f,0x6b,0x69,
    0x6e,0x64,0xa8,0x62,0x79,0x5f,0x76,0x61,0x6c,0x75,0x65,0xab,0x2e,0x76,0x61,0x6c,
    0x75,0x65,0x5f,0x74,0x79,0x70,0x65,0xa3,0x69,0x33,0x32,0x85,0xa5,0x2e,0x6e,0x61,
    0x6d,0x65,0xab,0x69,0x6e,0x5f,0x73,0x74,0x72,0x69,0x64,0x65,0x5f,0x77,0xa7,0x2e,
    0x6f,0x66,0x66,0x73,0x65,0x74,0x4c,0xa5,0x2e,0x73,0x69,0x7a,0x65,0x04,0xab,0x2e,
    0x76,0x61,0x6c,0x75,0x65,0x5f,0x6b,0x69,0x6e,0x64,0xa8,0x62,0x79,0x5f,0x76,0x61,
    0x6c,0x75,0x65,0xab,0x2e,0x76,0x61,0x6c,0x75,0x65,0x5f,0x74,0x79,0x70,0x65,0xa3,
    0x69,0x33,0x32,0x85,0xa5,0x2e,0x6e,0x61,0x6d,0x65,0xac,0x6f,0x75,0x74,0x5f,0x73,
    0x74,0x72,0x69,0x64,0x65,0x5f,0x6e,0xa7,0x2e,0x6f,0x66,0x66,0x73,0x65,0x74,0x50,
    0xa5,0x2e,0x73,0x69,0x7a,0x65,0x04,0xab,0x2e,0x76,0x61,0x6c,0x75,0x65,0x5f,0x6b,
    0x69,0x6e,0x64,0xa8,0x62,0x79,0x5f,0x76,0x61,0x6c,0x75,0x65,0xab,0x2e,0x76,0x61,
    0x6c,0x75,0x65,0x5f,0x74,0x79,0x70,0x65,0xa3,0x69,0x33,0x32,0x85,0xa5,0x2e,0x6e,
    0x61,0x6d,0x65,0xac,0x6f,0x75,0x74,0x5f,0x73,0x74,0x72,0x69,0x64,0x65,0x5f,0x6b,
    0xa7,0x2e,0x6f,0x66,0x66,0x73,0x65,0x74,0x54,0xa5,0x2e,0x73,0x69,0x7a,0x65,0x04,
    0xab,0x2e,0x76,0x61,0x6c,0x75,0x65,0x5f,0x6b,0x69,0x6e,0x64,0xa8,0x62,0x79,0x5f,
    0x76,0x61,0x6c,0x75,0x65,0xab,0x2e,0x76,0x61,0x6c,0x75,0x65,0x5f,0x74,0x79,0x70,
    0x65,0xa3,0x69,0x33,0x32,0x85,0xa5,0x2e,0x6e,0x61,0x6d,0x65,0xac,0x6f,0x75,0x74,
    0x5f,0x73,0x74,0x72,0x69,0x64,0x65,0x5f,0x68,0xa7,0x2e,0x6f,0x66,0x66,0x73,0x65,
    0x74,0x58,0xa5,0x2e,0x73,0x69,0x7a,0x65,0x04,0xab,0x2e,0x76,0x61,0x6c,0x75,0x65,
    0x5f,0x6b,0x69,0x6e,0x64,0xa8,0x62,0x79,0x5f,0x76,0x61,0x6c,0x75,0x65,0xab,0x2e,
    0x76,0x61,0x6c,0x75,0x65,0x5f,0x74,0x79,0x70,0x65,0xa3,0x69,0x33,0x32,0x85,0xa5,
    0x2e,0x6e,0x61,0x6d,0x65,0xac,0x6f,0x75,0x74,0x5f,0x73,0x74,0x72,0x69,0x64,0x65,
    0x5f,0x77,0xa7,0x2e,0x6f,0x66,0x66,0x73,0x65,0x74,0x5c,0xa5,0x2e,0x73,0x69,0x7a,
    0x65,0x04,0xab,0x2e,0x76,0x61,0x6c,0x75,0x65,0x5f,0x6b,0x69,0x6e,0x64,0xa8,0x62,
    0x79,0x5f,0x76,0x61,0x6c,0x75,0x65,0xab,0x2e,0x76,0x61,0x6c,0x75,0x65,0x5f,0x74,
    0x79,0x70,0x65,0xa3,0x69,0x33,0x32,0x85,0xa5,0x2e,0x6e,0x61,0x6d,0x65,0xa9,0x73,
    0x74,0x72,0x69,0x64,0x65,0x5f,0x68,0x77,0xa7,0x2e,0x6f,0x66,0x66,0x73,0x65,0x74,
    0x60,0xa5,0x2e,0x73,0x69,0x7a,0x65,0x04,0xab,0x2e,0x76,0x61,0x6c,0x75,0x65,0x5f,
    0x6b,0x69,0x6e,0x64,0xa8,0x62,0x79,0x5f,0x76,0x61,0x6c,0x75,0x65,0xab,0x2e,0x76,
    0x61,0x6c,0x75,0x65,0x5f,0x74,0x79,0x70,0x65,0xa3,0x69,0x33,0x32,0x85,0xa5,0x2e,
    0x6e,0x61,0x6d,0x65,0xab,0x64,0x69,0x6c,0x61,0x74,0x69,0x6f,0x6e,0x5f,0x68,0x77,
    0xa7,0x2e,0x6f,0x66,0x66,0x73,0x65,0x74,0x64,0xa5,0x2e,0x73,0x69,0x7a,0x65,0x04,
    0xab,0x2e,0x76,0x61,0x6c,0x75,0x65,0x5f,0x6b,0x69,0x6e,0x64,0xa8,0x62,0x79,0x5f,
    0x76,0x61,0x6c,0x75,0x65,0xab,0x2e,0x76,0x61,0x6c,0x75,0x65,0x5f,0x74,0x79,0x70,
    0x65,0xa3,0x69,0x33,0x32,0x85,0xa5,0x2e,0x6e,0x61,0x6d,0x65,0xa6,0x70,0x61,0x64,
    0x5f,0x68,0x77,0xa7,0x2e,0x6f,0x66,0x66,0x73,0x65,0x74,0x68,0xa5,0x2e,0x73,0x69,
    0x7a,0x65,0x04,0xab,0x2e,0x76,0x61,0x6c,0x75,0x65,0x5f,0x6b,0x69,0x6e,0x64,0xa8,
    0x62,0x79,0x5f,0x76,0x61,0x6c,0x75,0x65,0xab,0x2e,0x76,0x61,0x6c,0x75,0x65,0x5f,
    0x74,0x79,0x70,0x65,0xa3,0x69,0x33,0x32,0x85,0xa5,0x2e,0x6e,0x61,0x6d,0x65,0xa6,
    0x77,0x65,0x69,0x5f,0x68,0x77,0xa7,0x2e,0x6f,0x66,0x66,0x73,0x65,0x74,0x6c,0xa5,
    0x2e,0x73,0x69,0x7a,0x65,0x04,0xab,0x2e,0x76,0x61,0x6c,0x75,0x65,0x5f,0x6b,0x69,
    0x6e,0x64,0xa8,0x62,0x79,0x5f,0x76,0x61,0x6c,0x75,0x65,0xab,0x2e,0x76,0x61,0x6c,
    0x75,0x65,0x5f,0x74,0x79,0x70,0x65,0xa3,0x69,0x33,0x32,0x85,0xa5,0x2e,0x6e,0x61,
    0x6d,0x65,0xac,0x6d,0x6f,0x76,0x65,0x5f,0x73,0x6c,0x69,0x63,0x65,0x5f,0x6b,0xa7,
    0x2e,0x6f,0x66,0x66,0x73,0x65,0x74,0x70,0xa5,0x2e,0x73,0x69,0x7a,0x65,0x04,0xab,
    0x2e,0x76,0x61,0x6c,0x75,0x65,0x5f,0x6b,0x69,0x6e,0x64,0xa8,0x62,0x79,0x5f,0x76,
    0x61,0x6c,0x75,0x65,0xab,0x2e,0x76,0x61,0x6c,0x75,0x65,0x5f,0x74,0x79,0x70,0x65,
    0xa3,0x69,0x33,0x32,0x85,0xa5,0x2e,0x6e,0x61,0x6d,0x65,0xa7,0x6d,0x61,0x67,0x69,
    0x63,0x5f,0x30,0xa7,0x2e,0x6f,0x66,0x66,0x73,0x65,0x74,0x74,0xa5,0x2e,0x73,0x69,
    0x7a,0x65,0x04,0xab,0x2e,0x76,0x61,0x6c,0x75,0x65,0x5f,0x6b,0x69,0x6e,0x64,0xa8,
    0x62,0x79,0x5f,0x76,0x61,0x6c,0x75,0x65,0xab,0x2e,0x76,0x61,0x6c,0x75,0x65,0x5f,
    0x74,0x79,0x70,0x65,0xa3,0x69,0x33,0x32,0x85,0xa5,0x2e,0x6e,0x61,0x6d,0x65,0xa7,
    0x6d,0x61,0x67,0x69,0x63,0x5f,0x31,0xa7,0x2e,0x6f,0x66,0x66,0x73,0x65,0x74,0x78,
    0xa5,0x2e,0x73,0x69,0x7a,0x65,0x04,0xab,0x2e,0x76,0x61,0x6c,0x75,0x65,0x5f,0x6b,
    0x69,0x6e,0x64,0xa8,0x62,0x79,0x5f,0x76,0x61,0x6c,0x75,0x65,0xab,0x2e,0x76,0x61,
    0x6c,0x75,0x65,0x5f,0x74,0x79,0x70,0x65,0xa3,0x69,0x33,0x32,0x85,0xa5,0x2e,0x6e,
    0x61,0x6d,0x65,0xa7,0x6d,0x61,0x67,0x69,0x63,0x5f,0x32,0xa7,0x2e,0x6f,0x66,0x66,
    0x73,0x65,0x74,0x7c,0xa5,0x2e,0x73,0x69,0x7a,0x65,0x04,0xab,0x2e,0x76,0x61,0x6c,
    0x75,0x65,0x5f,0x6b,0x69,0x6e,0x64,0xa8,0x62,0x79,0x5f,0x76,0x61,0x6c,0x75,0x65,
    0xab,0x2e,0x76,0x61,0x6c,0x75,0x65,0x5f,0x74,0x79,0x70,0x65,0xa3,0x69,0x33,0x32,
    0x85,0xa5,0x2e,0x6e,0x61,0x6d,0x65,0xa7,0x6d,0x61,0x67,0x69,0x63,0x5f,0x33,0xa7,
    0x2e,0x6f,0x66,0x66,0x73,0x65,0x74,0xcc,0x80,0xa5,0x2e,0x73,0x69,0x7a,0x65,0x04,
    0xab,0x2e,0x76,0x61,0x6c,0x75,0x65,0x5f,0x6b,0x69,0x6e,0x64,0xa8,0x62,0x79,0x5f,
    0x76,0x61,0x6c,0x75,0x65,0xab,0x2e,0x76,0x61,0x6c,0x75,0x65,0x5f,0x74,0x79,0x70,
    0x65,0xa3,0x69,0x33,0x32,0x85,0xa5,0x2e,0x6e,0x61,0x6d,0x65,0xa7,0x6d,0x61,0x67,
    0x69,0x63,0x5f,0x34,0xa7,0x2e,0x6f,0x66,0x66,0x73,0x65,0x74,0xcc,0x84,0xa5,0x2e,
    0x73,0x69,0x7a,0x65,0x04,0xab,0x2e,0x76,0x61,0x6c,0x75,0x65,0x5f,0x6b,0x69,0x6e,
    0x64,0xa8,0x62,0x79,0x5f,0x76,0x61,0x6c,0x75,0x65,0xab,0x2e,0x76,0x61,0x6c,0x75,
    0x65,0x5f,0x74,0x79,0x70,0x65,0xa3,0x69,0x33,0x32,0x85,0xa5,0x2e,0x6e,0x61,0x6d,
    0x65,0xa7,0x6d,0x61,0x67,0x69,0x63,0x5f,0x35,0xa7,0x2e,0x6f,0x66,0x66,0x73,0x65,
    0x74,0xcc,0x88,0xa5,0x2e,0x73,0x69,0x7a,0x65,0x04,0xab,0x2e,0x76,0x61,0x6c,0x75,
    0x65,0x5f,0x6b,0x69,0x6e,0x64,0xa8,0x62,0x79,0x5f,0x76,0x61,0x6c,0x75,0x65,0xab,
    0x2e,0x76,0x61,0x6c,0x75,0x65,0x5f,0x74,0x79,0x70,0x65,0xa3,0x69,0x33,0x32,0x85,
    0xa5,0x2e,0x6e,0x61,0x6d,0x65,0xac,0x73,0x68,0x69,0x66,0x74,0x5f,0x70,0x61,0x63,
    0x6b,0x5f,0x30,0xa7,0x2e,0x6f,0x66,0x66,0x73,0x65,0x74,0xcc,0x8c,0xa5,0x2e,0x73,
    0x69,0x7a,0x65,0x04,0xab,0x2e,0x76,0x61,0x6c,0x75,0x65,0x5f,0x6b,0x69,0x6e,0x64,
    0xa8,0x62,0x79,0x5f,0x76,0x61,0x6c,0x75,0x65,0xab,0x2e,0x76,0x61,0x6c,0x75,0x65,
    0x5f,0x74,0x79,0x70,0x65,0xa3,0x69,0x33,0x32,0x85,0xa5,0x2e,0x6e,0x61,0x6d,0x65,
    0xac,0x73,0x68,0x69,0x66,0x74,0x5f,0x70,0x61,0x63,0x6b,0x5f,0x31,0xa7,0x2e,0x6f,
    0x66,0x66,0x73,0x65,0x74,0xcc,0x90,0xa5,0x2e,0x73,0x69,0x7a,0x65,0x04,0xab,0x2e,
    0x76,0x61,0x6c,0x75,0x65,0x5f,0x6b,0x69,0x6e,0x64,0xa8,0x62,0x79,0x5f,0x76,0x61,
    0x6c,0x75,0x65,0xab,0x2e,0x76,0x61,0x6c,0x75,0x65,0x5f,0x74,0x79,0x70,0x65,0xa3,
    0x69,0x33,0x32,0xb9,0x2e,0x67,0x72,0x6f,0x75,0x70,0x5f,0x73,0x65,0x67,0x6d,0x65,
    0x6e,0x74,0x5f,0x66,0x69,0x78,0x65,0x64,0x5f,0x73,0x69,0x7a,0x65,0xcd,0x40,0x00,
    0xb6,0x2e,0x6b,0x65,0x72,0x6e,0x61,0x72,0x67,0x5f,0x73,0x65,0x67,0x6d,0x65,0x6e,
    0x74,0x5f,0x61,0x6c,0x69,0x67,0x6e,0x08,0xb5,0x2e,0x6b,0x65,0x72,0x6e,0x61,0x72,
    0x67,0x5f,0x73,0x65,0x67,0x6d,0x65,0x6e,0x74,0x5f,0x73,0x69,0x7a,0x65,0xcc,0x98,
    0xb8,0x2e,0x6d,0x61,0x78,0x5f,0x66,0x6c,0x61,0x74,0x5f,0x77,0x6f,0x72,0x6b,0x67,
    0x72,0x6f,0x75,0x70,0x5f,0x73,0x69,0x7a,0x65,0xcd,0x01,0x00,0xa5,0x2e,0x6e,0x61,
    0x6d,0x65,0xd9,0x69,0x63,0x6f,0x6e,0x76,0x5f,0x66,0x77,0x64,0x5f,0x72,0x65,0x6c,
    0x75,0x5f,0x62,0x69,0x61,0x73,0x5f,0x67,0x74,0x63,0x77,0x34,0x5f,0x6e,0x68,0x77,
    0x63,0x5f,0x66,0x70,0x31,0x36,0x78,0x38,0x5f,0x65,0x78,0x30,0x5f,0x62,0x74,0x36,
    0x34,0x78,0x36,0x34,0x78,0x36,0x34,0x5f,0x77,0x72,0x31,0x78,0x32,0x5f,0x77,0x6e,
    0x34,0x78,0x32,0x5f,0x74,0x61,0x31,0x78,0x38,0x78,0x31,0x78,0x32,0x5f,0x31,0x78,
    0x38,0x78,0x31,0x78,0x33,0x32,0x5f,0x74,0x62,0x31,0x78,0x38,0x78,0x32,0x78,0x31,
    0x5f,0x31,0x78,0x38,0x78,0x31,0x78,0x33,0x32,0x5f,0x6d,0x62,0x30,0xbb,0x2e,0x70,
    0x72,0x69,0x76,0x61,0x74,0x65,0x5f,0x73,0x65,0x67,0x6d,0x65,0x6e,0x74,0x5f,0x66,
    0x69,0x78,0x65,0x64,0x5f,0x73,0x69,0x7a,0x65,0x00,0xb4,0x2e,0x72,0x65,0x71,0x64,
    0x5f,0x77,0x6f,0x72,0x6b,0x67,0x72,0x6f,0x75,0x70,0x5f,0x73,0x69,0x7a,0x65,0x93,
    0xcd,0x01,0x00,0x01,0x01,0xab,0x2e,0x73,0x67,0x70,0x72,0x5f,0x63,0x6f,0x75,0x6e,
    0x74,0x50,0xa7,0x2e,0x73,0x79,0x6d,0x62,0x6f,0x6c,0xd9,0x6c,0x63,0x6f,0x6e,0x76,
    0x5f,0x66,0x77,0x64,0x5f,0x72,0x65,0x6c,0x75,0x5f,0x62,0x69,0x61,0x73,0x5f,0x67,
    0x74,0x63,0x77,0x34,0x5f,0x6e,0x68,0x77,0x63,0x5f,0x66,0x70,0x31,0x36,0x78,0x38,
    0x5f,0x65,0x78,0x30,0x5f,0x62,0x74,0x36,0x34,0x78,0x36,0x34,0x78,0x36,0x34,0x5f,
    0x77,0x72,0x31,0x78,0x32,0x5f,0x77,0x6e,0x34,0x78,0x32,0x5f,0x74,0x61,0x31,0x78,
    0x38,0x78,0x31,0x78,0x32,0x5f,0x31,0x78,0x38,0x78,0x31,0x78,0x33,0x32,0x5f,0x74,
    0x62,0x31,0x78,0x38,0x78,0x32,0x78,0x31,0x5f,0x31,0x78,0x38,0x78,0x31,0x78,0x33,
    0x32,0x5f,0x6d,0x62,0x30,0x2e,0x6b,0x64,0xab,0x2e,0x76,0x67,0x70,0x72,0x5f,0x63,
    0x6f,0x75,0x6e,0x74,0x4a,0xaf,0x2e,0x77,0x61,0x76,0x65,0x66,0x72,0x6f,0x6e,0x74,
    0x5f,0x73,0x69,0x7a,0x65,0x20,0xae,0x61,0x6d,0x64,0x68,0x73,0x61,0x2e,0x76,0x65,
    0x72,0x73,0x69,0x6f,0x6e,0x92,0x01,0x00,0x00,0x00,0x00,0x00,0x00,0x00,0x00,0x00,
    0x00,0x00,0x00,0x00,0x00,0x00,0x00,0x00,0x00,0x00,0x00,0x00,0x00,0x00,0x00,0x00,
    0xbc,0x04,0x00,0x00,0x00,0x00,0xf1,0xff,0x00,0x00,0x00,0x00,0x00,0x00,0x00,0x00,
    0x00,0x00,0x00,0x00,0x00,0x00,0x00,0x00,0x60,0x05,0x00,0x00,0x00,0x00,0xf1,0xff,
    0x11,0x00,0x00,0x00,0x00,0x00,0x00,0x00,0x00,0x00,0x00,0x00,0x00,0x00,0x00,0x00,
    0x42,0x05,0x00,0x00,0x00,0x00,0xf1,0xff,0x16,0x00,0x00,0x00,0x00,0x00,0x00,0x00,
    0x00,0x00,0x00,0x00,0x00,0x00,0x00,0x00,0x64,0x05,0x00,0x00,0x00,0x00,0xf1,0xff,
    0x1f,0x00,0x00,0x00,0x00,0x00,0x00,0x00,0x00,0x00,0x00,0x00,0x00,0x00,0x00,0x00,
    0x46,0x05,0x00,0x00,0x00,0x00,0xf1,0xff,0x27,0x00,0x00,0x00,0x00,0x00,0x00,0x00,
    0x00,0x00,0x00,0x00,0x00,0x00,0x00,0x00,0x7b,0x01,0x00,0x00,0x00,0x00,0xf1,0xff,
    0x2f,0x00,0x00,0x00,0x00,0x00,0x00,0x00,0x00,0x00,0x00,0x00,0x00,0x00,0x00,0x00,
    0x86,0x01,0x00,0x00,0x00,0x00,0xf1,0xff,0x30,0x00,0x00,0x00,0x00,0x00,0x00,0x00,
    0x00,0x00,0x00,0x00,0x00,0x00,0x00,0x00,0x65,0x01,0x00,0x00,0x00,0x00,0xf1,0xff,
    0x31,0x00,0x00,0x00,0x00,0x00,0x00,0x00,0x00,0x00,0x00,0x00,0x00,0x00,0x00,0x00,
    0x70,0x01,0x00,0x00,0x00,0x00,0xf1,0xff,0x32,0x00,0x00,0x00,0x00,0x00,0x00,0x00,
    0x00,0x00,0x00,0x00,0x00,0x00,0x00,0x00,0x46,0x01,0x00,0x00,0x00,0x00,0xf1,0xff,
    0x33,0x00,0x00,0x00,0x00,0x00,0x00,0x00,0x00,0x00,0x00,0x00,0x00,0x00,0x00,0x00,
    0x1d,0x00,0x00,0x00,0x00,0x00,0xf1,0xff,0x35,0x00,0x00,0x00,0x00,0x00,0x00,0x00,
    0x00,0x00,0x00,0x00,0x00,0x00,0x00,0x00,0x4e,0x01,0x00,0x00,0x00,0x00,0xf1,0xff,
    0x36,0x00,0x00,0x00,0x00,0x00,0x00,0x00,0x00,0x00,0x00,0x00,0x00,0x00,0x00,0x00,
    0xb3,0x04,0x00,0x00,0x00,0x00,0xf1,0xff,0x37,0x00,0x00,0x00,0x00,0x00,0x00,0x00,
    0x00,0x00,0x00,0x00,0x00,0x00,0x00,0x00,0xc0,0x03,0x00,0x00,0x00,0x00,0xf1,0xff,
    0x38,0x00,0x00,0x00,0x00,0x00,0x00,0x00,0x00,0x00,0x00,0x00,0x00,0x00,0x00,0x00,
    0x06,0x00,0x00,0x00,0x00,0x00,0xf1,0xff,0x39,0x00,0x00,0x00,0x00,0x00,0x00,0x00,
    0x00,0x00,0x00,0x00,0x00,0x00,0x00,0x00,0x14,0x00,0x00,0x00,0x00,0x00,0xf1,0xff,
    0x3a,0x00,0x00,0x00,0x00,0x00,0x00,0x00,0x00,0x00,0x00,0x00,0x00,0x00,0x00,0x00,
    0x19,0x05,0x00,0x00,0x00,0x00,0xf1,0xff,0x3b,0x00,0x00,0x00,0x00,0x00,0x00,0x00,
    0x00,0x00,0x00,0x00,0x00,0x00,0x00,0x00,0x17,0x02,0x00,0x00,0x00,0x00,0xf1,0xff,
    0x3c,0x00,0x00,0x00,0x00,0x00,0x00,0x00,0x00,0x00,0x00,0x00,0x00,0x00,0x00,0x00,
    0x64,0x02,0x00,0x00,0x00,0x00,0xf1,0xff,0x3d,0x00,0x00,0x00,0x00,0x00,0x00,0x00,
    0x00,0x00,0x00,0x00,0x00,0x00,0x00,0x00,0xa6,0x00,0x00,0x00,0x00,0x00,0xf1,0xff,
    0x3c,0x00,0x00,0x00,0x00,0x00,0x00,0x00,0x00,0x00,0x00,0x00,0x00,0x00,0x00,0x00,
    0x3d,0x04,0x00,0x00,0x00,0x00,0xf1,0xff,0x3e,0x00,0x00,0x00,0x00,0x00,0x00,0x00,
    0x00,0x00,0x00,0x00,0x00,0x00,0x00,0x00,0x1f,0x02,0x00,0x00,0x00,0x00,0xf1,0xff,
    0x3f,0x00,0x00,0x00,0x00,0x00,0x00,0x00,0x00,0x00,0x00,0x00,0x00,0x00,0x00,0x00,
    0x51,0x02,0x00,0x00,0x00,0x00,0xf1,0xff,0x40,0x00,0x00,0x00,0x00,0x00,0x00,0x00,
    0x00,0x00,0x00,0x00,0x00,0x00,0x00,0x00,0x7c,0x02,0x00,0x00,0x00,0x00,0xf1,0xff,
    0x3c,0x00,0x00,0x00,0x00,0x00,0x00,0x00,0x00,0x00,0x00,0x00,0x00,0x00,0x00,0x00,
    0x5b,0x02,0x00,0x00,0x00,0x00,0xf1,0xff,0x40,0x00,0x00,0x00,0x00,0x00,0x00,0x00,
    0x00,0x00,0x00,0x00,0x00,0x00,0x00,0x00,0xa4,0x02,0x00,0x00,0x00,0x00,0xf1,0xff,
    0x3e,0x00,0x00,0x00,0x00,0x00,0x00,0x00,0x00,0x00,0x00,0x00,0x00,0x00,0x00,0x00,
    0x0f,0x05,0x00,0x00,0x00,0x00,0xf1,0xff,0x3b,0x00,0x00,0x00,0x00,0x00,0x00,0x00,
    0x00,0x00,0x00,0x00,0x00,0x00,0x00,0x00,0x95,0x03,0x00,0x00,0x00,0x00,0xf1,0xff,
    0x3d,0x00,0x00,0x00,0x00,0x00,0x00,0x00,0x00,0x00,0x00,0x00,0x00,0x00,0x00,0x00,
    0x07,0x02,0x00,0x00,0x00,0x00,0xf1,0xff,0x2f,0x00,0x00,0x00,0x00,0x00,0x00,0x00,
    0x00,0x00,0x00,0x00,0x00,0x00,0x00,0x00,0xed,0x01,0x00,0x00,0x00,0x00,0xf1,0xff,
    0x30,0x00,0x00,0x00,0x00,0x00,0x00,0x00,0x00,0x00,0x00,0x00,0x00,0x00,0x00,0x00,
    0xc9,0x01,0x00,0x00,0x00,0x00,0xf1,0xff,0x31,0x00,0x00,0x00,0x00,0x00,0x00,0x00,
    0x00,0x00,0x00,0x00,0x00,0x00,0x00,0x00,0x3d,0x01,0x00,0x00,0x00,0x00,0xf1,0xff,
    0x33,0x00,0x00,0x00,0x00,0x00,0x00,0x00,0x00,0x00,0x00,0x00,0x00,0x00,0x00,0x00,
    0x2c,0x00,0x00,0x00,0x00,0x00,0xf1,0xff,0x38,0x00,0x00,0x00,0x00,0x00,0x00,0x00,
    0x00,0x00,0x00,0x00,0x00,0x00,0x00,0x00,0xea,0x04,0x00,0x00,0x00,0x00,0xf1,0xff,
    0x3b,0x00,0x00,0x00,0x00,0x00,0x00,0x00,0x00,0x00,0x00,0x00,0x00,0x00,0x00,0x00,
    0xad,0x03,0x00,0x00,0x00,0x00,0xf1,0xff,0x41,0x00,0x00,0x00,0x00,0x00,0x00,0x00,
    0x00,0x00,0x00,0x00,0x00,0x00,0x00,0x00,0xbd,0x01,0x00,0x00,0x00,0x00,0xf1,0xff,
    0x42,0x00,0x00,0x00,0x00,0x00,0x00,0x00,0x00,0x00,0x00,0x00,0x00,0x00,0x00,0x00,
    0x5b,0x05,0x00,0x00,0x00,0x00,0xf1,0xff,0x00,0x00,0x00,0x00,0x00,0x00,0x00,0x00,
    0x00,0x00,0x00,0x00,0x00,0x00,0x00,0x00,0x27,0x00,0x00,0x00,0x00,0x00,0xf1,0xff,
    0x02,0x00,0x00,0x00,0x00,0x00,0x00,0x00,0x00,0x00,0x00,0x00,0x00,0x00,0x00,0x00,
    0x0f,0x00,0x00,0x00,0x00,0x00,0xf1,0xff,0x03,0x00,0x00,0x00,0x00,0x00,0x00,0x00,
    0x00,0x00,0x00,0x00,0x00,0x00,0x00,0x00,0x01,0x00,0x00,0x00,0x00,0x00,0xf1,0xff,
    0x04,0x00,0x00,0x00,0x00,0x00,0x00,0x00,0x00,0x00,0x00,0x00,0x00,0x00,0x00,0x00,
    0x4a,0x02,0x00,0x00,0x00,0x00,0xf1,0xff,0x05,0x00,0x00,0x00,0x00,0x00,0x00,0x00,
    0x00,0x00,0x00,0x00,0x00,0x00,0x00,0x00,0x9a,0x01,0x00,0x00,0x00,0x00,0xf1,0xff,
    0x06,0x00,0x00,0x00,0x00,0x00,0x00,0x00,0x00,0x00,0x00,0x00,0x00,0x00,0x00,0x00,
    0xa4,0x03,0x00,0x00,0x00,0x00,0xf1,0xff,0x07,0x00,0x00,0x00,0x00,0x00,0x00,0x00,
    0x00,0x00,0x00,0x00,0x00,0x00,0x00,0x00,0xe3,0x02,0x00,0x00,0x00,0x00,0xf1,0xff,
    0x08,0x00,0x00,0x00,0x00,0x00,0x00,0x00,0x00,0x00,0x00,0x00,0x00,0x00,0x00,0x00,
    0xde,0x02,0x00,0x00,0x00,0x00,0xf1,0xff,0x09,0x00,0x00,0x00,0x00,0x00,0x00,0x00,
    0x00,0x00,0x00,0x00,0x00,0x00,0x00,0x00,0x29,0x02,0x00,0x00,0x00,0x00,0xf1,0xff,
    0x0a,0x00,0x00,0x00,0x00,0x00,0x00,0x00,0x00,0x00,0x00,0x00,0x00,0x00,0x00,0x00,
    0x83,0x02,0x00,0x00,0x00,0x00,0xf1,0xff,0x0b,0x00,0x00,0x00,0x00,0x00,0x00,0x00,
    0x00,0x00,0x00,0x00,0x00,0x00,0x00,0x00,0xc0,0x04,0x00,0x00,0x00,0x00,0xf1,0xff,
    0x0c,0x00,0x00,0x00,0x00,0x00,0x00,0x00,0x00,0x00,0x00,0x00,0x00,0x00,0x00,0x00,
    0xa0,0x03,0x00,0x00,0x00,0x00,0xf1,0xff,0x0d,0x00,0x00,0x00,0x00,0x00,0x00,0x00,
    0x00,0x00,0x00,0x00,0x00,0x00,0x00,0x00,0x02,0x02,0x00,0x00,0x00,0x00,0xf1,0xff,
    0x0e,0x00,0x00,0x00,0x00,0x00,0x00,0x00,0x00,0x00,0x00,0x00,0x00,0x00,0x00,0x00,
    0xde,0x01,0x00,0x00,0x00,0x00,0xf1,0xff,0x0f,0x00,0x00,0x00,0x00,0x00,0x00,0x00,
    0x00,0x00,0x00,0x00,0x00,0x00,0x00,0x00,0x3c,0x02,0x00,0x00,0x00,0x00,0xf1,0xff,
    0x10,0x00,0x00,0x00,0x00,0x00,0x00,0x00,0x00,0x00,0x00,0x00,0x00,0x00,0x00,0x00,
    0xc4,0x04,0x00,0x00,0x00,0x00,0xf1,0xff,0x11,0x00,0x00,0x00,0x00,0x00,0x00,0x00,
    0x00,0x00,0x00,0x00,0x00,0x00,0x00,0x00,0x0e,0x03,0x00,0x00,0x00,0x00,0xf1,0xff,
    0x12,0x00,0x00,0x00,0x00,0x00,0x00,0x00,0x00,0x00,0x00,0x00,0x00,0x00,0x00,0x00,
    0x8a,0x00,0x00,0x00,0x00,0x00,0xf1,0xff,0x13,0x00,0x00,0x00,0x00,0x00,0x00,0x00,
    0x00,0x00,0x00,0x00,0x00,0x00,0x00,0x00,0x2d,0x02,0x00,0x00,0x00,0x00,0xf1,0xff,
    0x14,0x00,0x00,0x00,0x00,0x00,0x00,0x00,0x00,0x00,0x00,0x00,0x00,0x00,0x00,0x00,
    0xb1,0x02,0x00,0x00,0x00,0x00,0xf1,0xff,0x15,0x00,0x00,0x00,0x00,0x00,0x00,0x00,
    0x00,0x00,0x00,0x00,0x00,0x00,0x00,0x00,0xff,0x02,0x00,0x00,0x00,0x00,0xf1,0xff,
    0x16,0x00,0x00,0x00,0x00,0x00,0x00,0x00,0x00,0x00,0x00,0x00,0x00,0x00,0x00,0x00,
    0x7b,0x00,0x00,0x00,0x00,0x00,0xf1,0xff,0x17,0x00,0x00,0x00,0x00,0x00,0x00,0x00,
    0x00,0x00,0x00,0x00,0x00,0x00,0x00,0x00,0x57,0x00,0x00,0x00,0x00,0x00,0xf1,0xff,
    0x18,0x00,0x00,0x00,0x00,0x00,0x00,0x00,0x00,0x00,0x00,0x00,0x00,0x00,0x00,0x00,
    0x40,0x00,0x00,0x00,0x00,0x00,0xf1,0xff,0x19,0x00,0x00,0x00,0x00,0x00,0x00,0x00,
    0x00,0x00,0x00,0x00,0x00,0x00,0x00,0x00,0x63,0x00,0x00,0x00,0x00,0x00,0xf1,0xff,
    0x1a,0x00,0x00,0x00,0x00,0x00,0x00,0x00,0x00,0x00,0x00,0x00,0x00,0x00,0x00,0x00,
    0x4e,0x00,0x00,0x00,0x00,0x00,0xf1,0xff,0x1b,0x00,0x00,0x00,0x00,0x00,0x00,0x00,
    0x00,0x00,0x00,0x00,0x00,0x00,0x00,0x00,0x10,0x02,0x00,0x00,0x00,0x00,0xf1,0xff,
    0x1c,0x00,0x00,0x00,0x00,0x00,0x00,0x00,0x00,0x00,0x00,0x00,0x00,0x00,0x00,0x00,
    0xe8,0x02,0x00,0x00,0x00,0x00,0xf1,0xff,0x20,0x00,0x00,0x00,0x00,0x00,0x00,0x00,
    0x00,0x00,0x00,0x00,0x00,0x00,0x00,0x00,0x9e,0x00,0x00,0x00,0x00,0x00,0xf1,0xff,
    0x24,0x00,0x00,0x00,0x00,0x00,0x00,0x00,0x00,0x00,0x00,0x00,0x00,0x00,0x00,0x00,
    0x91,0x01,0x00,0x00,0x00,0x00,0xf1,0xff,0x28,0x00,0x00,0x00,0x00,0x00,0x00,0x00,
    0x00,0x00,0x00,0x00,0x00,0x00,0x00,0x00,0x26,0x06,0x00,0x00,0x00,0x00,0xf1,0xff,
    0x2c,0x00,0x00,0x00,0x00,0x00,0x00,0x00,0x00,0x00,0x00,0x00,0x00,0x00,0x00,0x00,
    0xa3,0x05,0x00,0x00,0x00,0x00,0xf1,0xff,0x2d,0x00,0x00,0x00,0x00,0x00,0x00,0x00,
    0x00,0x00,0x00,0x00,0x00,0x00,0x00,0x00,0x8a,0x05,0x00,0x00,0x00,0x00,0xf1,0xff,
    0x2e,0x00,0x00,0x00,0x00,0x00,0x00,0x00,0x00,0x00,0x00,0x00,0x00,0x00,0x00,0x00,
    0x80,0x05,0x00,0x00,0x00,0x00,0xf1,0xff,0x2f,0x00,0x00,0x00,0x00,0x00,0x00,0x00,
    0x00,0x00,0x00,0x00,0x00,0x00,0x00,0x00,0x76,0x05,0x00,0x00,0x00,0x00,0xf1,0xff,
    0x30,0x00,0x00,0x00,0x00,0x00,0x00,0x00,0x00,0x00,0x00,0x00,0x00,0x00,0x00,0x00,
    0x6c,0x05,0x00,0x00,0x00,0x00,0xf1,0xff,0x31,0x00,0x00,0x00,0x00,0x00,0x00,0x00,
    0x00,0x00,0x00,0x00,0x00,0x00,0x00,0x00,0x17,0x06,0x00,0x00,0x00,0x00,0xf1,0xff,
    0x32,0x00,0x00,0x00,0x00,0x00,0x00,0x00,0x00,0x00,0x00,0x00,0x00,0x00,0x00,0x00,
    0x94,0x05,0x00,0x00,0x00,0x00,0xf1,0xff,0x33,0x00,0x00,0x00,0x00,0x00,0x00,0x00,
    0x00,0x00,0x00,0x00,0x00,0x00,0x00,0x00,0xcf,0x02,0x00,0x00,0x00,0x00,0xf1,0xff,
    0x34,0x00,0x00,0x00,0x00,0x00,0x00,0x00,0x00,0x00,0x00,0x00,0x00,0x00,0x00,0x00,
    0xaf,0x01,0x00,0x00,0x00,0x00,0xf1,0xff,0x35,0x00,0x00,0x00,0x00,0x00,0x00,0x00,
    0x00,0x00,0x00,0x00,0x00,0x00,0x00,0x00,0xa1,0x01,0x00,0x00,0x00,0x00,0xf1,0xff,
    0x36,0x00,0x00,0x00,0x00,0x00,0x00,0x00,0x00,0x00,0x00,0x00,0x00,0x00,0x00,0x00,
    0x6d,0x02,0x00,0x00,0x00,0x00,0xf1,0xff,0x37,0x00,0x00,0x00,0x00,0x00,0x00,0x00,
    0x00,0x00,0x00,0x00,0x00,0x00,0x00,0x00,0x22,0x05,0x00,0x00,0x00,0x00,0xf1,0xff,
    0x38,0x00,0x00,0x00,0x00,0x00,0x00,0x00,0x00,0x00,0x00,0x00,0x00,0x00,0x00,0x00,
    0xc0,0x02,0x00,0x00,0x00,0x00,0xf1,0xff,0x39,0x00,0x00,0x00,0x00,0x00,0x00,0x00,
    0x00,0x00,0x00,0x00,0x00,0x00,0x00,0x00,0x87,0x02,0x00,0x00,0x00,0x00,0xf1,0xff,
    0x3a,0x00,0x00,0x00,0x00,0x00,0x00,0x00,0x00,0x00,0x00,0x00,0x00,0x00,0x00,0x00,
    0xd2,0x04,0x00,0x00,0x00,0x00,0xf1,0xff,0x3b,0x00,0x00,0x00,0x00,0x00,0x00,0x00,
    0x00,0x00,0x00,0x00,0x00,0x00,0x00,0x00,0xfa,0x04,0x00,0x00,0x00,0x00,0xf1,0xff,
    0x3c,0x00,0x00,0x00,0x00,0x00,0x00,0x00,0x00,0x00,0x00,0x00,0x00,0x00,0x00,0x00,
    0xe3,0x01,0x00,0x00,0x00,0x00,0xf1,0xff,0x3d,0x00,0x00,0x00,0x00,0x00,0x00,0x00,
    0x00,0x00,0x00,0x00,0x00,0x00,0x00,0x00,0x24,0x01,0x00,0x00,0x00,0x00,0xf1,0xff,
    0x3e,0x00,0x00,0x00,0x00,0x00,0x00,0x00,0x00,0x00,0x00,0x00,0x00,0x00,0x00,0x00,
    0x30,0x01,0x00,0x00,0x00,0x00,0xf1,0xff,0x3f,0x00,0x00,0x00,0x00,0x00,0x00,0x00,
    0x00,0x00,0x00,0x00,0x00,0x00,0x00,0x00,0x57,0x01,0x00,0x00,0x00,0x00,0xf1,0xff,
    0x3f,0x00,0x00,0x00,0x00,0x00,0x00,0x00,0x00,0x00,0x00,0x00,0x00,0x00,0x00,0x00,
    0x6c,0x00,0x00,0x00,0x00,0x00,0xf1,0xff,0x10,0x00,0x00,0x00,0x00,0x00,0x00,0x00,
    0x00,0x00,0x00,0x00,0x00,0x00,0x00,0x00,0xf0,0x02,0x00,0x00,0x00,0x00,0xf1,0xff,
    0x13,0x00,0x00,0x00,0x00,0x00,0x00,0x00,0x00,0x00,0x00,0x00,0x00,0x00,0x00,0x00,
    0xf7,0x01,0x00,0x00,0x00,0x00,0xf1,0xff,0x40,0x00,0x00,0x00,0x00,0x00,0x00,0x00,
    0x00,0x00,0x00,0x00,0x00,0x00,0x00,0x00,0xd3,0x01,0x00,0x00,0x00,0x00,0xf1,0xff,
    0x41,0x00,0x00,0x00,0x00,0x00,0x00,0x00,0x00,0x00,0x00,0x00,0x00,0x00,0x00,0x00,
    0xc3,0x01,0x00,0x00,0x00,0x00,0xf1,0xff,0x42,0x00,0x00,0x00,0x00,0x00,0x00,0x00,
    0x00,0x00,0x00,0x00,0x00,0x00,0x00,0x00,0xca,0x03,0x00,0x00,0x00,0x00,0x02,0x00,
    0xc0,0x07,0x00,0x00,0x00,0x00,0x00,0x00,0x00,0x00,0x00,0x00,0x00,0x00,0x00,0x00,
    0xaf,0x00,0x00,0x00,0x00,0x00,0x02,0x00,0xd0,0x05,0x00,0x00,0x00,0x00,0x00,0x00,
    0x00,0x00,0x00,0x00,0x00,0x00,0x00,0x00,0x1c,0x03,0x00,0x00,0x00,0x00,0x02,0x00,
    0x94,0x07,0x00,0x00,0x00,0x00,0x00,0x00,0x00,0x00,0x00,0x00,0x00,0x00,0x00,0x00,
    0xad,0x05,0x00,0x00,0x12,0x03,0x02,0x00,0x00,0x00,0x00,0x00,0x00,0x00,0x00,0x00,
    0x00,0x00,0x00,0x00,0x00,0x00,0x00,0x00,0x46,0x04,0x00,0x00,0x11,0x00,0x03,0x00,
    0x00,0x00,0x00,0x00,0x00,0x00,0x00,0x00,0x40,0x00,0x00,0x00,0x00,0x00,0x00,0x00,
    0x10,0x00,0x00,0x00,0x00,0x00,0x00,0x00,0x05,0x00,0x00,0x00,0x61,0x00,0x00,0x00,
    0x10,0x00,0x00,0x00,0x00,0x00,0x00,0x00,0x00,0x73,0x5f,0x62,0x7a,0x00,0x76,0x5f,
    0x67,0x74,0x63,0x5f,0x69,0x79,0x00,0x73,0x5f,0x62,0x79,0x00,0x76,0x5f,0x67,0x74,
    0x63,0x5f,0x69,0x78,0x00,0x76,0x5f,0x77,0x65,0x69,0x5f,0x69,0x64,0x78,0x00,0x73,
    0x5f,0x62,0x78,0x00,0x76,0x5f,0x64,0x69,0x66,0x66,0x5f,0x69,0x6e,0x5f,0x69,0x77,
    0x69,0x5f,0x61,0x63,0x63,0x5f,0x78,0x00,0x73,0x5f,0x64,0x69,0x6c,0x61,0x74,0x69,
    0x6f,0x6e,0x5f,0x68,0x77,0x00,0x73,0x5f,0x77,0x65,0x69,0x5f,0x68,0x77,0x00,0x73,
    0x5f,0x73,0x74,0x72,0x69,0x64,0x65,0x5f,0x68,0x77,0x00,0x73,0x5f,0x70,0x61,0x64,
    0x5f,0x68,0x77,0x00,0x73,0x5f,0x78,0x5f,0x64,0x69,0x6c,0x61,0x74,0x69,0x6f,0x6e,
    0x5f,0x77,0x00,0x73,0x5f,0x6f,0x75,0x74,0x5f,0x73,0x74,0x72,0x69,0x64,0x65,0x5f,
    0x77,0x00,0x73,0x5f,0x69,0x6e,0x5f,0x73,0x74,0x72,0x69,0x64,0x65,0x5f,0x77,0x00,
    0x2e,0x74,0x65,0x78,0x74,0x00,0x73,0x5f,0x70,0x5f,0x6f,0x75,0x74,0x00,0x76,0x5f,
    0x63,0x6f,0x5f,0x73,0x73,0x74,0x00,0x63,0x6f,0x6e,0x76,0x5f,0x66,0x77,0x64,0x5f,
    0x72,0x65,0x6c,0x75,0x5f,0x62,0x69,0x61,0x73,0x5f,0x67,0x74,0x63,0x77,0x34,0x5f,
    0x6e,0x68,0x77,0x63,0x5f,0x66,0x70,0x31,0x36,0x78,0x38,0x5f,0x65,0x78,0x30,0x5f,
    0x62,0x74,0x36,0x34,0x78,0x36,0x34,0x78,0x36,0x34,0x5f,0x77,0x72,0x31,0x78,0x32,
    0x5f,0x77,0x6e,0x34,0x78,0x32,0x5f,0x74,0x61,0x31,0x78,0x38,0x78,0x31,0x78,0x32,
    0x5f,0x31,0x78,0x38,0x78,0x31,0x78,0x33,0x32,0x5f,0x74,0x62,0x31,0x78,0x38,0x78,
    0x32,0x78,0x31,0x5f,0x31,0x78,0x38,0x78,0x31,0x78,0x33,0x32,0x5f,0x6d,0x62,0x30,
    0x5f,0x6c,0x6f,0x6f,0x70,0x5f,0x73,0x74,0x61,0x72,0x74,0x00,0x73,0x5f,0x69,0x6e,
    0x5f,0x6f,0x66,0x66,0x73,0x65,0x74,0x00,0x73,0x5f,0x77,0x65,0x69,0x5f,0x6f,0x66,
    0x66,0x73,0x65,0x74,0x00,0x76,0x5f,0x6f,0x75,0x74,0x5f,0x6f,0x73,0x00,0x76,0x5f,
    0x69,0x6e,0x5f,0x6f,0x73,0x00,0x76,0x5f,0x77,0x65,0x69,0x5f,0x6f,0x73,0x00,0x73,
    0x5f,0x77,0x65,0x69,0x5f,0x62,0x61,0x73,0x65,0x5f,0x6f,0x73,0x00,0x76,0x5f,0x73,
    0x73,0x74,0x5f,0x62,0x5f,0x6f,0x73,0x00,0x76,0x5f,0x73,0x6c,0x64,0x5f,0x62,0x5f,
    0x6f,0x73,0x00,0x76,0x5f,0x73,0x73,0x74,0x5f,0x61,0x5f,0x6f,0x73,0x00,0x76,0x5f,
    0x73,0x6c,0x64,0x5f,0x61,0x5f,0x6f,0x73,0x00,0x73,0x5f,0x70,0x5f,0x62,0x69,0x61,
    0x73,0x00,0x73,0x5f,0x6b,0x69,0x74,0x72,0x00,0x73,0x5f,0x6b,0x5f,0x70,0x65,0x72,
    0x5f,0x67,0x72,0x6f,0x75,0x70,0x00,0x73,0x5f,0x63,0x5f,0x70,0x65,0x72,0x5f,0x67,
    0x72,0x6f,0x75,0x70,0x00,0x76,0x5f,0x74,0x6d,0x70,0x00,0x73,0x5f,0x74,0x6d,0x70,
    0x00,0x76,0x5f,0x6f,0x75,0x74,0x5f,0x69,0x77,0x6f,0x00,0x73,0x5f,0x73,0x68,0x69,
    0x66,0x74,0x5f,0x77,0x6f,0x00,0x73,0x5f,0x77,0x6f,0x00,0x73,0x5f,0x6e,0x5f,0x68,
    0x6f,0x5f,0x77,0x6f,0x00,0x76,0x5f,0x6f,0x75,0x74,0x5f,0x69,0x68,0x6f,0x00,0x73,
    0x5f,0x73,0x68,0x69,0x66,0x74,0x5f,0x68,0x6f,0x00,0x73,0x5f,0x68,0x6f,0x00,0x76,
    0x5f,0x6f,0x75,0x74,0x5f,0x69,0x6e,0x00,0x73,0x5f,0x70,0x5f,0x69,0x6e,0x00,0x76,
    0x5f,0x69,0x6e,0x5f,0x69,0x6e,0x00,0x76,0x5f,0x67,0x65,0x6d,0x6d,0x5f,0x69,0x6e,
    0x00,0x73,0x5f,0x6e,0x00,0x73,0x5f,0x6f,0x75,0x74,0x5f,0x73,0x74,0x72,0x69,0x64,
    0x65,0x5f,0x6e,0x00,0x73,0x5f,0x69,0x6e,0x5f,0x73,0x74,0x72,0x69,0x64,0x65,0x5f,
    0x6e,0x00,0x73,0x5f,0x6b,0x6e,0x75,0x6d,0x00,0x76,0x5f,0x67,0x65,0x6d,0x6d,0x5f,
    0x69,0x6d,0x00,0x76,0x5f,0x6f,0x75,0x74,0x5f,0x69,0x6b,0x00,0x76,0x5f,0x77,0x65,
    0x69,0x5f,0x69,0x6b,0x00,0x73,0x5f,0x62,0x6c,0x6f,0x63,0x6b,0x5f,0x67,0x74,0x63,
    0x5f,0x69,0x6b,0x00,0x76,0x5f,0x6f,0x75,0x74,0x5f,0x6f,0x73,0x5f,0x6b,0x00,0x73,
    0x5f,0x6d,0x6f,0x76,0x65,0x5f,0x73,0x6c,0x69,0x63,0x65,0x5f,0x6b,0x5f,0x73,0x74,
    0x72,0x69,0x64,0x65,0x5f,0x67,0x65,0x6d,0x6d,0x5f,0x6b,0x00,0x76,0x5f,0x6f,0x75,
    0x74,0x5f,0x66,0x6c,0x61,0x67,0x5f,0x6b,0x00,0x73,0x5f,0x6f,0x75,0x74,0x5f,0x73,
    0x74,0x72,0x69,0x64,0x65,0x5f,0x6b,0x00,0x73,0x5f,0x77,0x65,0x69,0x5f,0x73,0x74,
    0x72,0x69,0x64,0x65,0x5f,0x6b,0x00,0x73,0x5f,0x6d,0x6f,0x76,0x65,0x5f,0x73,0x6c,
    0x69,0x63,0x65,0x5f,0x6b,0x00,0x73,0x5f,0x77,0x69,0x00,0x73,0x5f,0x68,0x69,0x00,
    0x73,0x5f,0x70,0x5f,0x77,0x65,0x69,0x00,0x73,0x5f,0x79,0x5f,0x64,0x69,0x6c,0x61,
    0x74,0x69,0x6f,0x6e,0x5f,0x68,0x00,0x73,0x5f,0x6f,0x75,0x74,0x5f,0x73,0x74,0x72,
    0x69,0x64,0x65,0x5f,0x68,0x00,0x73,0x5f,0x69,0x6e,0x5f,0x73,0x74,0x72,0x69,0x64,
    0x65,0x5f,0x68,0x00,0x63,0x6f,0x6e,0x76,0x5f,0x66,0x77,0x64,0x5f,0x72,0x65,0x6c,
    0x75,0x5f,0x62,0x69,0x61,0x73,0x5f,0x67,0x74,0x63,0x77,0x34,0x5f,0x6e,0x68,0x77,
    0x63,0x5f,0x66,0x70,0x31,0x36,0x78,0x38,0x5f,0x65,0x78,0x30,0x5f,0x62,0x74,0x36,
    0x34,0x78,0x36,0x34,0x78,0x36,0x34,0x5f,0x77,0x72,0x31,0x78,0x32,0x5f,0x77,0x6e,
    0x34,0x78,0x32,0x5f,0x74,0x61,0x31,0x78,0x38,0x78,0x31,0x78,0x32,0x5f,0x31,0x78,
    0x38,0x78,0x31,0x78,0x33,0x32,0x5f,0x74,0x62,0x31,0x78,0x38,0x78,0x32,0x78,0x31,
    0x5f,0x31,0x78,0x38,0x78,0x31,0x78,0x33,0x32,0x5f,0x6d,0x62,0x30,0x5f,0x6c,0x6f,
    0x6f,0x70,0x5f,0x66,0x69,0x6e,0x69,0x73,0x68,0x69,0x6e,0x67,0x00,0x76,0x5f,0x6f,
    0x75,0x74,0x5f,0x66,0x6c,0x61,0x67,0x00,0x73,0x5f,0x67,0x00,0x73,0x5f,0x30,0x78,
    0x66,0x66,0x66,0x66,0x00,0x76,0x5f,0x62,0x69,0x61,0x73,0x5f,0x76,0x61,0x6c,0x75,
    0x65,0x00,0x2e,0x6e,0x6f,0x74,0x65,0x00,0x76,0x5f,0x67,0x74,0x63,0x5f,0x69,0x63,
    0x65,0x00,0x63,0x6f,0x6e,0x76,0x5f,0x66,0x77,0x64,0x5f,0x72,0x65,0x6c,0x75,0x5f,
    0x62,0x69,0x61,0x73,0x5f,0x67,0x74,0x63,0x77,0x34,0x5f,0x6e,0x68,0x77,0x63,0x5f,
    0x66,0x70,0x31,0x36,0x78,0x38,0x5f,0x65,0x78,0x30,0x5f,0x62,0x74,0x36,0x34,0x78,
    0x36,0x34,0x78,0x36,0x34,0x5f,0x77,0x72,0x31,0x78,0x32,0x5f,0x77,0x6e,0x34,0x78,
    0x32,0x5f,0x74,0x61,0x31,0x78,0x38,0x78,0x31,0x78,0x32,0x5f,0x31,0x78,0x38,0x78,
    0x31,0x78,0x33,0x32,0x5f,0x74,0x62,0x31,0x78,0x38,0x78,0x32,0x78,0x31,0x5f,0x31,
    0x78,0x38,0x78,0x31,0x78,0x33,0x32,0x5f,0x6d,0x62,0x30,0x5f,0x6c,0x6f,0x6f,0x70,
    0x5f,0x65,0x6e,0x64,0x00,0x76,0x5f,0x63,0x6f,0x5f,0x73,0x6c,0x64,0x00,0x63,0x6f,
    0x6e,0x76,0x5f,0x66,0x77,0x64,0x5f,0x72,0x65,0x6c,0x75,0x5f,0x62,0x69,0x61,0x73,
    0x5f,0x67,0x74,0x63,0x77,0x34,0x5f,0x6e,0x68,0x77,0x63,0x5f,0x66,0x70,0x31,0x36,
    0x78,0x38,0x5f,0x65,0x78,0x30,0x5f,0x62,0x74,0x36,0x34,0x78,0x36,0x34,0x78,0x36,
    0x34,0x5f,0x77,0x72,0x31,0x78,0x32,0x5f,0x77,0x6e,0x34,0x78,0x32,0x5f,0x74,0x61,
    0x31,0x78,0x38,0x78,0x31,0x78,0x32,0x5f,0x31,0x78,0x38,0x78,0x31,0x78,0x33,0x32,
    0x5f,0x74,0x62,0x31,0x78,0x38,0x78,0x32,0x78,0x31,0x5f,0x31,0x78,0x38,0x78,0x31,
    0x78,0x33,0x32,0x5f,0x6d,0x62,0x30,0x2e,0x6b,0x64,0x00,0x76,0x5f,0x67,0x74,0x63,
    0x5f,0x69,0x63,0x00,0x76,0x5f,0x63,0x00,0x73,0x5f,0x63,0x00,0x73,0x5f,0x69,0x6e,
    0x5f,0x73,0x74,0x72,0x69,0x64,0x65,0x5f,0x63,0x00,0x73,0x5f,0x6d,0x6f,0x76,0x65,
    0x5f,0x73,0x6c,0x69,0x63,0x65,0x5f,0x6b,0x5f,0x73,0x74,0x72,0x69,0x64,0x65,0x5f,
    0x63,0x00,0x76,0x5f,0x64,0x69,0x66,0x66,0x5f,0x69,0x6e,0x5f,0x61,0x63,0x63,0x5f,
    0x63,0x00,0x73,0x5f,0x6d,0x6f,0x76,0x65,0x5f,0x73,0x6c,0x69,0x63,0x65,0x5f,0x6b,
    0x5f,0x61,0x63,0x63,0x5f,0x63,0x00,0x76,0x5f,0x6f,0x75,0x74,0x5f,0x69,0x6e,0x62,
    0x00,0x76,0x5f,0x69,0x6e,0x5f,0x69,0x6e,0x62,0x00,0x73,0x5f,0x62,0x6c,0x6f,0x63,
    0x6b,0x5f,0x67,0x74,0x63,0x5f,0x69,0x6e,0x62,0x00,0x2e,0x73,0x74,0x72,0x74,0x61,
    0x62,0x00,0x2e,0x73,0x79,0x6d,0x74,0x61,0x62,0x00,0x76,0x5f,0x62,0x00,0x76,0x5f,
    0x67,0x6c,0x64,0x5f,0x62,0x00,0x2e,0x72,0x65,0x6c,0x61,0x2e,0x72,0x6f,0x64,0x61,
    0x74,0x61,0x00,0x73,0x5f,0x6b,0x61,0x00,0x76,0x5f,0x61,0x00,0x76,0x5f,0x67,0x6c,
    0x64,0x5f,0x61,0x00,0x73,0x5f,0x6d,0x61,0x67,0x69,0x63,0x5f,0x35,0x00,0x73,0x5f,
    0x6d,0x61,0x67,0x69,0x63,0x5f,0x34,0x00,0x73,0x5f,0x6d,0x61,0x67,0x69,0x63,0x5f,
    0x33,0x00,0x73,0x5f,0x6d,0x61,0x67,0x69,0x63,0x5f,0x32,0x00,0x73,0x5f,0x73,0x68,
    0x69,0x66,0x74,0x5f,0x70,0x61,0x63,0x6b,0x5f,0x31,0x00,0x73,0x5f,0x6d,0x61,0x67,
    0x69,0x63,0x5f,0x31,0x00,0x63,0x6f,0x6e,0x76,0x5f,0x66,0x77,0x64,0x5f,0x72,0x65,
    0x6c,0x75,0x5f,0x62,0x69,0x61,0x73,0x5f,0x67,0x74,0x63,0x77,0x34,0x5f,0x6e,0x68,
    0x77,0x63,0x5f,0x66,0x70,0x31,0x36,0x78,0x38,0x5f,0x65,0x78,0x30,0x5f,0x62,0x74,
    0x36,0x34,0x78,0x36,0x34,0x78,0x36,0x34,0x5f,0x77,0x72,0x31,0x78,0x32,0x5f,0x77,
    0x6e,0x34,0x78,0x32,0x5f,0x74,0x61,0x31,0x78,0x38,0x78,0x31,0x78,0x32,0x5f,0x31,
    0x78,0x38,0x78,0x31,0x78,0x33,0x32,0x5f,0x74,0x62,0x31,0x78,0x38,0x78,0x32,0x78,
    0x31,0x5f,0x31,0x78,0x38,0x78,0x31,0x78,0x33,0x32,0x5f,0x6d,0x62,0x30,0x00,0x73,
    0x5f,0x73,0x68,0x69,0x66,0x74,0x5f,0x70,0x61,0x63,0x6b,0x5f,0x30,0x00,0x73,0x5f,
    0x6d,0x61,0x67,0x69,0x63,0x5f,0x30,0x00,0x00,0x00,0x00,0x00,0x00,0x00,0x00,0x00,
    0x00,0x00,0x00,0x00,0x00,0x00,0x00,0x00,0x00,0x00,0x00,0x00,0x00,0x00,0x00,0x00,
    0x00,0x00,0x00,0x00,0x00,0x00,0x00,0x00,0x00,0x00,0x00,0x00,0x00,0x00,0x00,0x00,
    0x00,0x00,0x00,0x00,0x00,0x00,0x00,0x00,0x00,0x00,0x00,0x00,0x00,0x00,0x00,0x00,
    0x00,0x00,0x00,0x00,0x00,0x00,0x00,0x00,0x32,0x05,0x00,0x00,0x03,0x00,0x00,0x00,
    0x00,0x00,0x00,0x00,0x00,0x00,0x00,0x00,0x00,0x00,0x00,0x00,0x00,0x00,0x00,0x00,
    0xb8,0x20,0x00,0x00,0x00,0x00,0x00,0x00,0x30,0x06,0x00,0x00,0x00,0x00,0x00,0x00,
    0x00,0x00,0x00,0x00,0x00,0x00,0x00,0x00,0x01,0x00,0x00,0x00,0x00,0x00,0x00,0x00,
    0x00,0x00,0x00,0x00,0x00,0x00,0x00,0x00,0x98,0x00,0x00,0x00,0x01,0x00,0x00,0x00,
    0x06,0x00,0x00,0x00,0x00,0x00,0x00,0x00,0x00,0x00,0x00,0x00,0x00,0x00,0x00,0x00,
    0x00,0x01,0x00,0x00,0x00,0x00,0x00,0x00,0xa0,0x0a,0x00,0x00,0x00,0x00,0x00,0x00,
    0x00,0x00,0x00,0x00,0x00,0x00,0x00,0x00,0x00,0x01,0x00,0x00,0x00,0x00,0x00,0x00,
    0x00,0x00,0x00,0x00,0x00,0x00,0x00,0x00,0x53,0x05,0x00,0x00,0x01,0x00,0x00,0x00,
    0x02,0x00,0x00,0x00,0x00,0x00,0x00,0x00,0x00,0x00,0x00,0x00,0x00,0x00,0x00,0x00,
    0xc0,0x0b,0x00,0x00,0x00,0x00,0x00,0x00,0x40,0x00,0x00,0x00,0x00,0x00,0x00,0x00,
    0x00,0x00,0x00,0x00,0x00,0x00,0x00,0x00,0x40,0x00,0x00,0x00,0x00,0x00,0x00,0x00,
    0x00,0x00,0x00,0x00,0x00,0x00,0x00,0x00,0x4e,0x05,0x00,0x00,0x04,0x00,0x00,0x00,
    0x40,0x00,0x00,0x00,0x00,0x00,0x00,0x00,0x00,0x00,0x00,0x00,0x00,0x00,0x00,0x00,
    0xa0,0x20,0x00,0x00,0x00,0x00,0x00,0x00,0x18,0x00,0x00,0x00,0x00,0x00,0x00,0x00,
    0x06,0x00,0x00,0x00,0x03,0x00,0x00,0x00,0x08,0x00,0x00,0x00,0x00,0x00,0x00,0x00,
    0x18,0x00,0x00,0x00,0x00,0x00,0x00,0x00,0xba,0x03,0x00,0x00,0x07,0x00,0x00,0x00,
    0x02,0x00,0x00,0x00,0x00,0x00,0x00,0x00,0x00,0x00,0x00,0x00,0x00,0x00,0x00,0x00,
    0x00,0x0c,0x00,0x00,0x00,0x00,0x00,0x00,0x58,0x0b,0x00,0x00,0x00,0x00,0x00,0x00,
    0x00,0x00,0x00,0x00,0x00,0x00,0x00,0x00,0x04,0x00,0x00,0x00,0x00,0x00,0x00,0x00,
    0x00,0x00,0x00,0x00,0x00,0x00,0x00,0x00,0x3a,0x05,0x00,0x00,0x02,0x00,0x00,0x00,
    0x00,0x00,0x00,0x00,0x00,0x00,0x00,0x00,0x00,0x00,0x00,0x00,0x00,0x00,0x00,0x00,
    0x58,0x17,0x00,0x00,0x00,0x00,0x00,0x00,0x48,0x09,0x00,0x00,0x00,0x00,0x00,0x00,
    0x01,0x00,0x00,0x00,0x61,0x00,0x00,0x00,0x08,0x00,0x00,0x00,0x00,0x00,0x00,0x00,
    0x18,0x00,0x00,0x00,0x00,0x00,0x00,0x00
        },
        .m_kernelName = {},
        .m_compilerVersion = {},
        .m_codeObjectVersion = 0,
        .m_isRelocatable = true,
        .m_shaderType = ShaderTypesFlags::UNKNOWN
    };
    
} // namespace mlss::conv::one_by_one::misa::fp16::gfx1201
