/* Copyright (c) 2025 Advanced Micro Devices, Inc. All rights reserved. */
#pragma once

#include "shaders/shaders.hpp"

namespace mlss::conv::mxn::winograd::ultra::fp16::gfx1010
{
// Conv_Winograd_Ultra_1_0_14_preprocess.sp3
// Assembled for Gfx10. The evaluation phase Winograd convolution shader.
constexpr StaticShaderType<43560> ConvUltra_Eval_Elf =
{
    .m_binary = {
    0x7f, 0x45, 0x4c, 0x46, 0x02, 0x01, 0x01, 0x41, 0x00, 0x00, 0x00, 0x00, 0x00, 0x00, 0x00, 0x00, 0x01, 0x00, 0xe0,
    0x00, 0x01, 0x00, 0x00, 0x00, 0x00, 0x00, 0x00, 0x00, 0x00, 0x00, 0x00, 0x00, 0x00, 0x00, 0x00, 0x00, 0x00, 0x00,
    0x00, 0x00, 0xa8, 0xa8, 0x00, 0x00, 0x00, 0x00, 0x00, 0x00, 0x35, 0x00, 0x00, 0x00, 0x40, 0x00, 0x00, 0x00, 0x00,
    0x00, 0x40, 0x00, 0x06, 0x00, 0x01, 0x00, 0x00, 0x2e, 0x73, 0x68, 0x73, 0x74, 0x72, 0x74, 0x61, 0x62, 0x00, 0x2e,
    0x74, 0x65, 0x78, 0x74, 0x00, 0x2e, 0x73, 0x74, 0x72, 0x74, 0x61, 0x62, 0x00, 0x2e, 0x73, 0x79, 0x6d, 0x74, 0x61,
    0x62, 0x00, 0x2e, 0x6e, 0x6f, 0x74, 0x65, 0x00, 0x04, 0x20, 0x80, 0xb0, 0x03, 0x00, 0xa0, 0xbf, 0x80, 0x03, 0x80,
    0xbe, 0x00, 0x05, 0x08, 0x7e, 0x04, 0x86, 0x04, 0x90, 0x40, 0x03, 0xc0, 0xbe, 0xff, 0x03, 0x85, 0xbe, 0x00, 0xbc,
    0x00, 0x3c, 0x03, 0x00, 0xa0, 0xbf, 0x87, 0x00, 0xfa, 0x34, 0x00, 0x1f, 0xc4, 0xbe, 0xff, 0x03, 0xc6, 0xbe, 0xfc,
    0x9d, 0x00, 0x00, 0xff, 0x03, 0xc7, 0xbe, 0x00, 0x40, 0x01, 0x31, 0x00, 0x10, 0x30, 0xe0, 0x7d, 0x04, 0x11, 0x80,
    0x17, 0x48, 0x0a, 0xb9, 0x0a, 0x87, 0x0b, 0x90, 0x81, 0x0a, 0x41, 0x87, 0x0b, 0x41, 0x09, 0x89, 0x04, 0x00, 0x09,
    0xb8, 0x3c, 0x00, 0x89, 0xb7, 0x44, 0x09, 0x42, 0x80, 0x45, 0x80, 0x43, 0x82, 0x42, 0x20, 0x80, 0xbe, 0x4e, 0x00,
    0x82, 0xbf, 0x7b, 0x0d, 0x82, 0xbf, 0x26, 0x0f, 0x82, 0xbf, 0xa9, 0x10, 0x82, 0xbf, 0xfe, 0x11, 0x82, 0xbf, 0x97,
    0x13, 0x82, 0xbf, 0x06, 0x15, 0x82, 0xbf, 0x35, 0x16, 0x82, 0xbf, 0x00, 0x1f, 0xc4, 0xbe, 0xc1, 0x03, 0xc6, 0xbe,
    0xff, 0x03, 0xc7, 0xbe, 0x00, 0x40, 0x01, 0x31, 0x03, 0x03, 0x10, 0xf4, 0x00, 0x00, 0x00, 0xfa, 0x03, 0x07, 0x04,
    0xf4, 0x40, 0x00, 0x00, 0xfa, 0x03, 0x12, 0x08, 0xf4, 0x48, 0x00, 0x00, 0xfa, 0x83, 0x07, 0x04, 0xf4, 0x58, 0x00,
    0x00, 0xfa, 0x83, 0x02, 0x04, 0xf4, 0x60, 0x00, 0x00, 0xfa, 0xff, 0x03, 0x89, 0xbe, 0x74, 0xa2, 0x00, 0x00, 0x83,
    0x00, 0x02, 0x36, 0x01, 0x00, 0x43, 0xd5, 0x01, 0x09, 0x25, 0x00, 0xff, 0x03, 0x89, 0xbe, 0x6c, 0xa2, 0x00, 0x00,
    0x81, 0x00, 0x04, 0x36, 0x02, 0x00, 0x43, 0xd5, 0x02, 0x09, 0x25, 0x00, 0xff, 0x03, 0x89, 0xbe, 0x64, 0xa2, 0x00,
    0x00, 0x81, 0x00, 0x06, 0x36, 0x03, 0x00, 0x43, 0xd5, 0x03, 0x09, 0x25, 0x00, 0xff, 0x03, 0x89, 0xbe, 0x34, 0xa1,
    0x00, 0x00, 0xbf, 0x00, 0x08, 0x37, 0x84, 0x00, 0x43, 0xd5, 0x84, 0x09, 0x25, 0x00, 0xff, 0x03, 0x89, 0xbe, 0x34,
    0xa0, 0x00, 0x00, 0xbf, 0x00, 0x18, 0x37, 0x8c, 0x00, 0x43, 0xd5, 0x8c, 0x09, 0x25, 0x00, 0xff, 0x03, 0x89, 0xbe,
    0x34, 0x9f, 0x00, 0x00, 0xbf, 0x00, 0x20, 0x37, 0x90, 0x00, 0x43, 0xd5, 0x90, 0x09, 0x25, 0x00, 0xff, 0x03, 0x89,
    0xbe, 0x34, 0x9e, 0x00, 0x00, 0xbf, 0x00, 0x10, 0x37, 0x88, 0x00, 0x43, 0xd5, 0x88, 0x09, 0x25, 0x00, 0xff, 0x03,
    0x89, 0xbe, 0xf4, 0x9d, 0x00, 0x00, 0x8f, 0x00, 0x28, 0x37, 0x94, 0x00, 0x43, 0xd5, 0x94, 0x09, 0x25, 0x00, 0x00,
    0x10, 0x30, 0xe0, 0x01, 0x01, 0x11, 0x80, 0x00, 0x10, 0x30, 0xe0, 0x02, 0x02, 0x11, 0x80, 0x00, 0x10, 0x30, 0xe0,
    0x03, 0x03, 0x11, 0x80, 0x00, 0x10, 0x30, 0xe0, 0x84, 0x84, 0x11, 0x80, 0x00, 0x10, 0x30, 0xe0, 0x8c, 0x8c, 0x11,
    0x80, 0x00, 0x10, 0x30, 0xe0, 0x90, 0x90, 0x11, 0x80, 0x00, 0x10, 0x30, 0xe0, 0x88, 0x88, 0x11, 0x80, 0x00, 0x10,
    0x30, 0xe0, 0x94, 0x94, 0x11, 0x80, 0xff, 0x03, 0xfd, 0xbe, 0xff, 0x0b, 0x82, 0xbf, 0x7f, 0xc0, 0x8c, 0xbf, 0x19,
    0xff, 0x19, 0x87, 0xff, 0xff, 0x00, 0x00, 0x1b, 0xff, 0x1b, 0x87, 0xff, 0xff, 0x00, 0x00, 0x1d, 0xff, 0x1d, 0x87,
    0xff, 0xff, 0x00, 0x00, 0x49, 0xff, 0x49, 0x87, 0xff, 0xff, 0x00, 0x00, 0x4b, 0xff, 0x4b, 0x87, 0xff, 0xff, 0x00,
    0x00, 0x1f, 0x86, 0x0d, 0xbf, 0x0c, 0x00, 0x84, 0xbf, 0x0c, 0x06, 0x04, 0xf4, 0x00, 0x00, 0x00, 0xfa, 0x8d, 0x06,
    0x04, 0xf4, 0x00, 0x00, 0x00, 0xfa, 0x0e, 0x07, 0x04, 0xf4, 0x00, 0x00, 0x00, 0xfa, 0x24, 0x12, 0x04, 0xf4, 0x00,
    0x00, 0x00, 0xfa, 0x80, 0x4a, 0x12, 0xbf, 0x02, 0x00, 0x85, 0xbf, 0xa5, 0x12, 0x04, 0xf4, 0x00, 0x00, 0x00, 0xfa,
    0x7f, 0xc0, 0x8c, 0xbf, 0x1f, 0x8d, 0x0d, 0xbf, 0x0f, 0x00, 0x84, 0xbf, 0x03, 0x13, 0x0c, 0xf4, 0x68, 0x00, 0x00,
    0xfa, 0x03, 0x15, 0x04, 0xf4, 0x88, 0x00, 0x00, 0xfa, 0x7f, 0xc0, 0x8c, 0xbf, 0x18, 0x4c, 0x18, 0x80, 0x19, 0x4d,
    0x19, 0x82, 0x1a, 0x4e, 0x1a, 0x80, 0x1b, 0x4f, 0x1b, 0x82, 0x48, 0x52, 0x48, 0x80, 0x49, 0x53, 0x49, 0x82, 0x80,
    0x4a, 0x12, 0xbf, 0x80, 0x54, 0xd4, 0x85, 0x4a, 0x54, 0x4a, 0x80, 0x4b, 0x55, 0x4b, 0x82, 0x19, 0xff, 0x19, 0x87,
    0xff, 0xff, 0x00, 0x00, 0x1b, 0xff, 0x1b, 0x87, 0xff, 0xff, 0x00, 0x00, 0x1d, 0xff, 0x1d, 0x87, 0xff, 0xff, 0x00,
    0x00, 0x49, 0xff, 0x49, 0x87, 0xff, 0xff, 0x00, 0x00, 0x4b, 0xff, 0x4b, 0x87, 0xff, 0xff, 0x00, 0x00, 0x1e, 0x14,
    0xfa, 0x7e, 0x7d, 0x05, 0x3c, 0x7e, 0x1e, 0x1e, 0x1e, 0x99, 0x00, 0x1f, 0xcc, 0xbe, 0xc1, 0x03, 0xce, 0xbe, 0xff,
    0x03, 0xcf, 0xbe, 0x00, 0x40, 0x01, 0x31, 0xff, 0x03, 0xc2, 0xbe, 0x84, 0xa0, 0x00, 0x00, 0xbf, 0x00, 0xfc, 0x36,
    0x7e, 0x00, 0x43, 0xd5, 0x7e, 0x09, 0x09, 0x01, 0xff, 0x03, 0xc2, 0xbe, 0x54, 0xa0, 0x00, 0x00, 0x83, 0x00, 0x2a,
    0x37, 0x95, 0x00, 0x43, 0xd5, 0x95, 0x09, 0x09, 0x01, 0xff, 0x03, 0xc2, 0xbe, 0x44, 0xa0, 0x00, 0x00, 0x83, 0x00,
    0x2c, 0x37, 0x96, 0x00, 0x43, 0xd5, 0x96, 0x09, 0x09, 0x01, 0xff, 0x03, 0xc2, 0xbe, 0x34, 0xa0, 0x00, 0x00, 0x83,
    0x00, 0x2e, 0x37, 0x97, 0x00, 0x43, 0xd5, 0x97, 0x09, 0x09, 0x01, 0x00, 0x10, 0x30, 0xe0, 0x7e, 0x7e, 0x13, 0x80,
    0x00, 0x10, 0x30, 0xe0, 0x95, 0x95, 0x13, 0x80, 0x00, 0x10, 0x30, 0xe0, 0x96, 0x96, 0x13, 0x80, 0x00, 0x10, 0x30,
    0xe0, 0x97, 0x97, 0x13, 0x80, 0x0a, 0x0b, 0x41, 0x93, 0x41, 0x81, 0x41, 0x8f, 0x1f, 0x82, 0x0d, 0xbf, 0x0d, 0x0c,
    0x42, 0x85, 0x41, 0x42, 0x09, 0x93, 0x41, 0x09, 0x42, 0x85, 0x09, 0x41, 0x41, 0x85, 0x42, 0x03, 0x89, 0xbe, 0x4a,
    0x04, 0xd0, 0xbe, 0xff, 0x03, 0xd2, 0xbe, 0x00, 0x00, 0x00, 0x80, 0xff, 0x03, 0xd3, 0xbe, 0x00, 0x40, 0x01, 0x31,
    0x4a, 0x80, 0x12, 0xbf, 0x80, 0x53, 0x53, 0x85, 0x87, 0x00, 0x02, 0x37, 0x81, 0x00, 0x43, 0xd5, 0x84, 0x02, 0x13,
    0x00, 0x6a, 0x00, 0xc1, 0xd4, 0x81, 0x1b, 0x00, 0x00, 0xc1, 0x02, 0x03, 0x03, 0x81, 0x02, 0x03, 0x35, 0x00, 0x10,
    0x90, 0xe0, 0x81, 0x7f, 0x14, 0x80, 0x00, 0x10, 0x94, 0xe0, 0x81, 0x7f, 0x14, 0x80, 0x81, 0x00, 0x48, 0xd5, 0x00,
    0x05, 0x11, 0x02, 0x09, 0x84, 0x43, 0x93, 0xfa, 0x00, 0x06, 0x3b, 0x00, 0x70, 0x00, 0xff, 0x0b, 0x81, 0xd1, 0x80,
    0x1f, 0x81, 0x0d, 0xbf, 0x51, 0x80, 0x51, 0x85, 0xc1, 0x81, 0x50, 0x85, 0x0a, 0x81, 0xd3, 0x80, 0x53, 0x0b, 0x53,
    0x93, 0x1f, 0x80, 0x0d, 0xbf, 0x53, 0x80, 0x53, 0x85, 0xc2, 0x82, 0x52, 0x85, 0x51, 0x53, 0x51, 0x80, 0x82, 0x00,
    0x75, 0xd7, 0x83, 0xa1, 0x44, 0x01, 0x81, 0x04, 0x0b, 0x35, 0x85, 0x00, 0x73, 0xd7, 0x81, 0x83, 0x14, 0x06, 0x85,
    0x00, 0x73, 0xd7, 0x09, 0x08, 0x14, 0x06, 0x6a, 0x00, 0xc1, 0xd4, 0x83, 0x17, 0x00, 0x00, 0xf5, 0x0a, 0x0b, 0x03,
    0x87, 0x00, 0x42, 0xd5, 0x0b, 0xa4, 0x14, 0x06, 0x6a, 0x00, 0xc1, 0xd4, 0x81, 0x14, 0x00, 0x00, 0xf5, 0x0e, 0x0f,
    0x03, 0x86, 0x00, 0x42, 0xd5, 0x0b, 0xa4, 0x1c, 0x06, 0x6a, 0x00, 0xc1, 0xd4, 0x82, 0x14, 0x00, 0x00, 0xf5, 0x0c,
    0x0d, 0x03, 0x0c, 0x8f, 0x50, 0x80, 0x50, 0x84, 0x50, 0x90, 0x50, 0x84, 0x51, 0x8f, 0x81, 0x6a, 0x0f, 0xd7, 0x81,
    0xa3, 0x00, 0x00, 0x00, 0x1f, 0xd2, 0xbe, 0x50, 0x81, 0xd1, 0x80, 0x51, 0xff, 0x51, 0x93, 0x04, 0x00, 0x00, 0x00,
    0x51, 0xff, 0x51, 0x80, 0x20, 0x00, 0x00, 0x00, 0x52, 0x51, 0x52, 0x80, 0x53, 0x80, 0x53, 0x82, 0x52, 0x20, 0x80,
    0xbe, 0x0c, 0x04, 0x82, 0xbf, 0xc2, 0x03, 0x82, 0xbf, 0x78, 0x03, 0x82, 0xbf, 0x2e, 0x03, 0x82, 0xbf, 0xe4, 0x02,
    0x82, 0xbf, 0x9a, 0x02, 0x82, 0xbf, 0x50, 0x02, 0x82, 0xbf, 0x06, 0x02, 0x82, 0xbf, 0xbc, 0x01, 0x82, 0xbf, 0x72,
    0x01, 0x82, 0xbf, 0x28, 0x01, 0x82, 0xbf, 0xde, 0x00, 0x82, 0xbf, 0x94, 0x00, 0x82, 0xbf, 0x4a, 0x00, 0x82, 0xbf,
    0x00, 0x00, 0x82, 0xbf, 0x81, 0x6a, 0x10, 0xd7, 0x81, 0x21, 0x01, 0x00, 0x6a, 0x00, 0xc6, 0xd4, 0x81, 0x19, 0x00,
    0x00, 0x89, 0x00, 0x01, 0xd5, 0x85, 0x83, 0xa9, 0x01, 0x8a, 0x00, 0x01, 0xd5, 0x86, 0x83, 0xa9, 0x01, 0x8b, 0x00,
    0x01, 0xd5, 0x87, 0x83, 0xa9, 0x01, 0x81, 0x05, 0xa8, 0x7e, 0x54, 0x41, 0xd5, 0x9a, 0x54, 0x41, 0x54, 0x93, 0x54,
    0x48, 0x54, 0x80, 0x55, 0x49, 0x55, 0x82, 0xff, 0x03, 0xd6, 0xbe, 0x00, 0x00, 0x00, 0x80, 0x0d, 0x81, 0xd8, 0x80,
    0x58, 0x04, 0xd8, 0x80, 0x80, 0xff, 0x57, 0x85, 0x00, 0x40, 0x01, 0x31, 0x00, 0x10, 0x90, 0xe0, 0x89, 0x75, 0x15,
    0x80, 0x00, 0x10, 0x94, 0xe0, 0x8a, 0x75, 0x15, 0x80, 0x00, 0x10, 0x90, 0xe0, 0x8b, 0x76, 0x15, 0x80, 0x00, 0x10,
    0x94, 0xe0, 0x8b, 0x76, 0x15, 0x80, 0x00, 0x00, 0x00, 0x7e, 0x54, 0x43, 0x54, 0x80, 0x55, 0x80, 0x55, 0x82, 0x58,
    0x84, 0xd8, 0x80, 0x80, 0x57, 0x57, 0x85, 0x00, 0x10, 0x90, 0xe0, 0x89, 0x77, 0x15, 0x80, 0x00, 0x10, 0x94, 0xe0,
    0x8a, 0x77, 0x15, 0x80, 0x00, 0x10, 0x90, 0xe0, 0x8b, 0x78, 0x15, 0x80, 0x00, 0x10, 0x94, 0xe0, 0x8b, 0x78, 0x15,
    0x80, 0x00, 0x00, 0x00, 0x7e, 0x54, 0x43, 0x54, 0x80, 0x55, 0x80, 0x55, 0x82, 0x58, 0x84, 0xd8, 0x80, 0x80, 0x57,
    0x57, 0x85, 0x00, 0x10, 0x90, 0xe0, 0x89, 0x79, 0x15, 0x80, 0x00, 0x10, 0x94, 0xe0, 0x8a, 0x79, 0x15, 0x80, 0x00,
    0x10, 0x90, 0xe0, 0x8b, 0x7a, 0x15, 0x80, 0x00, 0x10, 0x94, 0xe0, 0x8b, 0x7a, 0x15, 0x80, 0x00, 0x00, 0x00, 0x7e,
    0x54, 0x43, 0x54, 0x80, 0x55, 0x80, 0x55, 0x82, 0x58, 0x84, 0xd8, 0x80, 0x80, 0x57, 0x57, 0x85, 0x00, 0x10, 0x90,
    0xe0, 0x89, 0x7b, 0x15, 0x80, 0x00, 0x10, 0x94, 0xe0, 0x8a, 0x7b, 0x15, 0x80, 0x00, 0x10, 0x90, 0xe0, 0x8b, 0x7c,
    0x15, 0x80, 0x00, 0x10, 0x94, 0xe0, 0x8b, 0x7c, 0x15, 0x80, 0x00, 0x00, 0x00, 0x7e, 0x54, 0x43, 0x54, 0x80, 0x55,
    0x80, 0x55, 0x82, 0x58, 0x84, 0xd8, 0x80, 0x80, 0x57, 0x57, 0x85, 0x81, 0x6a, 0x10, 0xd7, 0x81, 0x21, 0x01, 0x00,
    0x6a, 0x00, 0xc6, 0xd4, 0x81, 0x19, 0x00, 0x00, 0x89, 0x00, 0x01, 0xd5, 0x85, 0x83, 0xa9, 0x01, 0x8a, 0x00, 0x01,
    0xd5, 0x86, 0x83, 0xa9, 0x01, 0x8b, 0x00, 0x01, 0xd5, 0x87, 0x83, 0xa9, 0x01, 0x81, 0x05, 0xa8, 0x7e, 0x54, 0x41,
    0xd5, 0x9a, 0x54, 0x41, 0x54, 0x93, 0x54, 0x48, 0x54, 0x80, 0x55, 0x49, 0x55, 0x82, 0xff, 0x03, 0xd6, 0xbe, 0x00,
    0x00, 0x00, 0x80, 0x0d, 0x81, 0xd8, 0x80, 0x58, 0x04, 0xd8, 0x80, 0x80, 0xff, 0x57, 0x85, 0x00, 0x40, 0x01, 0x31,
    0x00, 0x10, 0x90, 0xe0, 0x89, 0x6d, 0x15, 0x80, 0x00, 0x10, 0x94, 0xe0, 0x8a, 0x6d, 0x15, 0x80, 0x00, 0x10, 0x90,
    0xe0, 0x8b, 0x6e, 0x15, 0x80, 0x00, 0x10, 0x94, 0xe0, 0x8b, 0x6e, 0x15, 0x80, 0x00, 0x00, 0x00, 0x7e, 0x54, 0x43,
    0x54, 0x80, 0x55, 0x80, 0x55, 0x82, 0x58, 0x84, 0xd8, 0x80, 0x80, 0x57, 0x57, 0x85, 0x00, 0x10, 0x90, 0xe0, 0x89,
    0x6f, 0x15, 0x80, 0x00, 0x10, 0x94, 0xe0, 0x8a, 0x6f, 0x15, 0x80, 0x00, 0x10, 0x90, 0xe0, 0x8b, 0x70, 0x15, 0x80,
    0x00, 0x10, 0x94, 0xe0, 0x8b, 0x70, 0x15, 0x80, 0x00, 0x00, 0x00, 0x7e, 0x54, 0x43, 0x54, 0x80, 0x55, 0x80, 0x55,
    0x82, 0x58, 0x84, 0xd8, 0x80, 0x80, 0x57, 0x57, 0x85, 0x00, 0x10, 0x90, 0xe0, 0x89, 0x71, 0x15, 0x80, 0x00, 0x10,
    0x94, 0xe0, 0x8a, 0x71, 0x15, 0x80, 0x00, 0x10, 0x90, 0xe0, 0x8b, 0x72, 0x15, 0x80, 0x00, 0x10, 0x94, 0xe0, 0x8b,
    0x72, 0x15, 0x80, 0x00, 0x00, 0x00, 0x7e, 0x54, 0x43, 0x54, 0x80, 0x55, 0x80, 0x55, 0x82, 0x58, 0x84, 0xd8, 0x80,
    0x80, 0x57, 0x57, 0x85, 0x00, 0x10, 0x90, 0xe0, 0x89, 0x73, 0x15, 0x80, 0x00, 0x10, 0x94, 0xe0, 0x8a, 0x73, 0x15,
    0x80, 0x00, 0x10, 0x90, 0xe0, 0x8b, 0x74, 0x15, 0x80, 0x00, 0x10, 0x94, 0xe0, 0x8b, 0x74, 0x15, 0x80, 0x00, 0x00,
    0x00, 0x7e, 0x54, 0x43, 0x54, 0x80, 0x55, 0x80, 0x55, 0x82, 0x58, 0x84, 0xd8, 0x80, 0x80, 0x57, 0x57, 0x85, 0x81,
    0x6a, 0x10, 0xd7, 0x81, 0x21, 0x01, 0x00, 0x6a, 0x00, 0xc6, 0xd4, 0x81, 0x19, 0x00, 0x00, 0x89, 0x00, 0x01, 0xd5,
    0x85, 0x83, 0xa9, 0x01, 0x8a, 0x00, 0x01, 0xd5, 0x86, 0x83, 0xa9, 0x01, 0x8b, 0x00, 0x01, 0xd5, 0x87, 0x83, 0xa9,
    0x01, 0x81, 0x05, 0xa8, 0x7e, 0x54, 0x41, 0xd5, 0x9a, 0x54, 0x41, 0x54, 0x93, 0x54, 0x48, 0x54, 0x80, 0x55, 0x49,
    0x55, 0x82, 0xff, 0x03, 0xd6, 0xbe, 0x00, 0x00, 0x00, 0x80, 0x0d, 0x81, 0xd8, 0x80, 0x58, 0x04, 0xd8, 0x80, 0x80,
    0xff, 0x57, 0x85, 0x00, 0x40, 0x01, 0x31, 0x00, 0x10, 0x90, 0xe0, 0x89, 0x65, 0x15, 0x80, 0x00, 0x10, 0x94, 0xe0,
    0x8a, 0x65, 0x15, 0x80, 0x00, 0x10, 0x90, 0xe0, 0x8b, 0x66, 0x15, 0x80, 0x00, 0x10, 0x94, 0xe0, 0x8b, 0x66, 0x15,
    0x80, 0x00, 0x00, 0x00, 0x7e, 0x54, 0x43, 0x54, 0x80, 0x55, 0x80, 0x55, 0x82, 0x58, 0x84, 0xd8, 0x80, 0x80, 0x57,
    0x57, 0x85, 0x00, 0x10, 0x90, 0xe0, 0x89, 0x67, 0x15, 0x80, 0x00, 0x10, 0x94, 0xe0, 0x8a, 0x67, 0x15, 0x80, 0x00,
    0x10, 0x90, 0xe0, 0x8b, 0x68, 0x15, 0x80, 0x00, 0x10, 0x94, 0xe0, 0x8b, 0x68, 0x15, 0x80, 0x00, 0x00, 0x00, 0x7e,
    0x54, 0x43, 0x54, 0x80, 0x55, 0x80, 0x55, 0x82, 0x58, 0x84, 0xd8, 0x80, 0x80, 0x57, 0x57, 0x85, 0x00, 0x10, 0x90,
    0xe0, 0x89, 0x69, 0x15, 0x80, 0x00, 0x10, 0x94, 0xe0, 0x8a, 0x69, 0x15, 0x80, 0x00, 0x10, 0x90, 0xe0, 0x8b, 0x6a,
    0x15, 0x80, 0x00, 0x10, 0x94, 0xe0, 0x8b, 0x6a, 0x15, 0x80, 0x00, 0x00, 0x00, 0x7e, 0x54, 0x43, 0x54, 0x80, 0x55,
    0x80, 0x55, 0x82, 0x58, 0x84, 0xd8, 0x80, 0x80, 0x57, 0x57, 0x85, 0x00, 0x10, 0x90, 0xe0, 0x89, 0x6b, 0x15, 0x80,
    0x00, 0x10, 0x94, 0xe0, 0x8a, 0x6b, 0x15, 0x80, 0x00, 0x10, 0x90, 0xe0, 0x8b, 0x6c, 0x15, 0x80, 0x00, 0x10, 0x94,
    0xe0, 0x8b, 0x6c, 0x15, 0x80, 0x00, 0x00, 0x00, 0x7e, 0x54, 0x43, 0x54, 0x80, 0x55, 0x80, 0x55, 0x82, 0x58, 0x84,
    0xd8, 0x80, 0x80, 0x57, 0x57, 0x85, 0x81, 0x6a, 0x10, 0xd7, 0x81, 0x21, 0x01, 0x00, 0x6a, 0x00, 0xc6, 0xd4, 0x81,
    0x19, 0x00, 0x00, 0x89, 0x00, 0x01, 0xd5, 0x85, 0x83, 0xa9, 0x01, 0x8a, 0x00, 0x01, 0xd5, 0x86, 0x83, 0xa9, 0x01,
    0x8b, 0x00, 0x01, 0xd5, 0x87, 0x83, 0xa9, 0x01, 0x81, 0x05, 0xa8, 0x7e, 0x54, 0x41, 0xd5, 0x9a, 0x54, 0x41, 0x54,
    0x93, 0x54, 0x48, 0x54, 0x80, 0x55, 0x49, 0x55, 0x82, 0xff, 0x03, 0xd6, 0xbe, 0x00, 0x00, 0x00, 0x80, 0x0d, 0x81,
    0xd8, 0x80, 0x58, 0x04, 0xd8, 0x80, 0x80, 0xff, 0x57, 0x85, 0x00, 0x40, 0x01, 0x31, 0x00, 0x10, 0x90, 0xe0, 0x89,
    0x5d, 0x15, 0x80, 0x00, 0x10, 0x94, 0xe0, 0x8a, 0x5d, 0x15, 0x80, 0x00, 0x10, 0x90, 0xe0, 0x8b, 0x5e, 0x15, 0x80,
    0x00, 0x10, 0x94, 0xe0, 0x8b, 0x5e, 0x15, 0x80, 0x00, 0x00, 0x00, 0x7e, 0x54, 0x43, 0x54, 0x80, 0x55, 0x80, 0x55,
    0x82, 0x58, 0x84, 0xd8, 0x80, 0x80, 0x57, 0x57, 0x85, 0x00, 0x10, 0x90, 0xe0, 0x89, 0x5f, 0x15, 0x80, 0x00, 0x10,
    0x94, 0xe0, 0x8a, 0x5f, 0x15, 0x80, 0x00, 0x10, 0x90, 0xe0, 0x8b, 0x60, 0x15, 0x80, 0x00, 0x10, 0x94, 0xe0, 0x8b,
    0x60, 0x15, 0x80, 0x00, 0x00, 0x00, 0x7e, 0x54, 0x43, 0x54, 0x80, 0x55, 0x80, 0x55, 0x82, 0x58, 0x84, 0xd8, 0x80,
    0x80, 0x57, 0x57, 0x85, 0x00, 0x10, 0x90, 0xe0, 0x89, 0x61, 0x15, 0x80, 0x00, 0x10, 0x94, 0xe0, 0x8a, 0x61, 0x15,
    0x80, 0x00, 0x10, 0x90, 0xe0, 0x8b, 0x62, 0x15, 0x80, 0x00, 0x10, 0x94, 0xe0, 0x8b, 0x62, 0x15, 0x80, 0x00, 0x00,
    0x00, 0x7e, 0x54, 0x43, 0x54, 0x80, 0x55, 0x80, 0x55, 0x82, 0x58, 0x84, 0xd8, 0x80, 0x80, 0x57, 0x57, 0x85, 0x00,
    0x10, 0x90, 0xe0, 0x89, 0x63, 0x15, 0x80, 0x00, 0x10, 0x94, 0xe0, 0x8a, 0x63, 0x15, 0x80, 0x00, 0x10, 0x90, 0xe0,
    0x8b, 0x64, 0x15, 0x80, 0x00, 0x10, 0x94, 0xe0, 0x8b, 0x64, 0x15, 0x80, 0x00, 0x00, 0x00, 0x7e, 0x54, 0x43, 0x54,
    0x80, 0x55, 0x80, 0x55, 0x82, 0x58, 0x84, 0xd8, 0x80, 0x80, 0x57, 0x57, 0x85, 0x81, 0x6a, 0x10, 0xd7, 0x81, 0x21,
    0x01, 0x00, 0x6a, 0x00, 0xc6, 0xd4, 0x81, 0x19, 0x00, 0x00, 0x89, 0x00, 0x01, 0xd5, 0x85, 0x83, 0xa9, 0x01, 0x8a,
    0x00, 0x01, 0xd5, 0x86, 0x83, 0xa9, 0x01, 0x8b, 0x00, 0x01, 0xd5, 0x87, 0x83, 0xa9, 0x01, 0x81, 0x05, 0xa8, 0x7e,
    0x54, 0x41, 0xd5, 0x9a, 0x54, 0x41, 0x54, 0x93, 0x54, 0x48, 0x54, 0x80, 0x55, 0x49, 0x55, 0x82, 0xff, 0x03, 0xd6,
    0xbe, 0x00, 0x00, 0x00, 0x80, 0x0d, 0x81, 0xd8, 0x80, 0x58, 0x04, 0xd8, 0x80, 0x80, 0xff, 0x57, 0x85, 0x00, 0x40,
    0x01, 0x31, 0x00, 0x10, 0x90, 0xe0, 0x89, 0x55, 0x15, 0x80, 0x00, 0x10, 0x94, 0xe0, 0x8a, 0x55, 0x15, 0x80, 0x00,
    0x10, 0x90, 0xe0, 0x8b, 0x56, 0x15, 0x80, 0x00, 0x10, 0x94, 0xe0, 0x8b, 0x56, 0x15, 0x80, 0x00, 0x00, 0x00, 0x7e,
    0x54, 0x43, 0x54, 0x80, 0x55, 0x80, 0x55, 0x82, 0x58, 0x84, 0xd8, 0x80, 0x80, 0x57, 0x57, 0x85, 0x00, 0x10, 0x90,
    0xe0, 0x89, 0x57, 0x15, 0x80, 0x00, 0x10, 0x94, 0xe0, 0x8a, 0x57, 0x15, 0x80, 0x00, 0x10, 0x90, 0xe0, 0x8b, 0x58,
    0x15, 0x80, 0x00, 0x10, 0x94, 0xe0, 0x8b, 0x58, 0x15, 0x80, 0x00, 0x00, 0x00, 0x7e, 0x54, 0x43, 0x54, 0x80, 0x55,
    0x80, 0x55, 0x82, 0x58, 0x84, 0xd8, 0x80, 0x80, 0x57, 0x57, 0x85, 0x00, 0x10, 0x90, 0xe0, 0x89, 0x59, 0x15, 0x80,
    0x00, 0x10, 0x94, 0xe0, 0x8a, 0x59, 0x15, 0x80, 0x00, 0x10, 0x90, 0xe0, 0x8b, 0x5a, 0x15, 0x80, 0x00, 0x10, 0x94,
    0xe0, 0x8b, 0x5a, 0x15, 0x80, 0x00, 0x00, 0x00, 0x7e, 0x54, 0x43, 0x54, 0x80, 0x55, 0x80, 0x55, 0x82, 0x58, 0x84,
    0xd8, 0x80, 0x80, 0x57, 0x57, 0x85, 0x00, 0x10, 0x90, 0xe0, 0x89, 0x5b, 0x15, 0x80, 0x00, 0x10, 0x94, 0xe0, 0x8a,
    0x5b, 0x15, 0x80, 0x00, 0x10, 0x90, 0xe0, 0x8b, 0x5c, 0x15, 0x80, 0x00, 0x10, 0x94, 0xe0, 0x8b, 0x5c, 0x15, 0x80,
    0x00, 0x00, 0x00, 0x7e, 0x54, 0x43, 0x54, 0x80, 0x55, 0x80, 0x55, 0x82, 0x58, 0x84, 0xd8, 0x80, 0x80, 0x57, 0x57,
    0x85, 0x81, 0x6a, 0x10, 0xd7, 0x81, 0x21, 0x01, 0x00, 0x6a, 0x00, 0xc6, 0xd4, 0x81, 0x19, 0x00, 0x00, 0x89, 0x00,
    0x01, 0xd5, 0x85, 0x83, 0xa9, 0x01, 0x8a, 0x00, 0x01, 0xd5, 0x86, 0x83, 0xa9, 0x01, 0x8b, 0x00, 0x01, 0xd5, 0x87,
    0x83, 0xa9, 0x01, 0x81, 0x05, 0xa8, 0x7e, 0x54, 0x41, 0xd5, 0x9a, 0x54, 0x41, 0x54, 0x93, 0x54, 0x48, 0x54, 0x80,
    0x55, 0x49, 0x55, 0x82, 0xff, 0x03, 0xd6, 0xbe, 0x00, 0x00, 0x00, 0x80, 0x0d, 0x81, 0xd8, 0x80, 0x58, 0x04, 0xd8,
    0x80, 0x80, 0xff, 0x57, 0x85, 0x00, 0x40, 0x01, 0x31, 0x00, 0x10, 0x90, 0xe0, 0x89, 0x4d, 0x15, 0x80, 0x00, 0x10,
    0x94, 0xe0, 0x8a, 0x4d, 0x15, 0x80, 0x00, 0x10, 0x90, 0xe0, 0x8b, 0x4e, 0x15, 0x80, 0x00, 0x10, 0x94, 0xe0, 0x8b,
    0x4e, 0x15, 0x80, 0x00, 0x00, 0x00, 0x7e, 0x54, 0x43, 0x54, 0x80, 0x55, 0x80, 0x55, 0x82, 0x58, 0x84, 0xd8, 0x80,
    0x80, 0x57, 0x57, 0x85, 0x00, 0x10, 0x90, 0xe0, 0x89, 0x4f, 0x15, 0x80, 0x00, 0x10, 0x94, 0xe0, 0x8a, 0x4f, 0x15,
    0x80, 0x00, 0x10, 0x90, 0xe0, 0x8b, 0x50, 0x15, 0x80, 0x00, 0x10, 0x94, 0xe0, 0x8b, 0x50, 0x15, 0x80, 0x00, 0x00,
    0x00, 0x7e, 0x54, 0x43, 0x54, 0x80, 0x55, 0x80, 0x55, 0x82, 0x58, 0x84, 0xd8, 0x80, 0x80, 0x57, 0x57, 0x85, 0x00,
    0x10, 0x90, 0xe0, 0x89, 0x51, 0x15, 0x80, 0x00, 0x10, 0x94, 0xe0, 0x8a, 0x51, 0x15, 0x80, 0x00, 0x10, 0x90, 0xe0,
    0x8b, 0x52, 0x15, 0x80, 0x00, 0x10, 0x94, 0xe0, 0x8b, 0x52, 0x15, 0x80, 0x00, 0x00, 0x00, 0x7e, 0x54, 0x43, 0x54,
    0x80, 0x55, 0x80, 0x55, 0x82, 0x58, 0x84, 0xd8, 0x80, 0x80, 0x57, 0x57, 0x85, 0x00, 0x10, 0x90, 0xe0, 0x89, 0x53,
    0x15, 0x80, 0x00, 0x10, 0x94, 0xe0, 0x8a, 0x53, 0x15, 0x80, 0x00, 0x10, 0x90, 0xe0, 0x8b, 0x54, 0x15, 0x80, 0x00,
    0x10, 0x94, 0xe0, 0x8b, 0x54, 0x15, 0x80, 0x00, 0x00, 0x00, 0x7e, 0x54, 0x43, 0x54, 0x80, 0x55, 0x80, 0x55, 0x82,
    0x58, 0x84, 0xd8, 0x80, 0x80, 0x57, 0x57, 0x85, 0x81, 0x6a, 0x10, 0xd7, 0x81, 0x21, 0x01, 0x00, 0x6a, 0x00, 0xc6,
    0xd4, 0x81, 0x19, 0x00, 0x00, 0x89, 0x00, 0x01, 0xd5, 0x85, 0x83, 0xa9, 0x01, 0x8a, 0x00, 0x01, 0xd5, 0x86, 0x83,
    0xa9, 0x01, 0x8b, 0x00, 0x01, 0xd5, 0x87, 0x83, 0xa9, 0x01, 0x81, 0x05, 0xa8, 0x7e, 0x54, 0x41, 0xd5, 0x9a, 0x54,
    0x41, 0x54, 0x93, 0x54, 0x48, 0x54, 0x80, 0x55, 0x49, 0x55, 0x82, 0xff, 0x03, 0xd6, 0xbe, 0x00, 0x00, 0x00, 0x80,
    0x0d, 0x81, 0xd8, 0x80, 0x58, 0x04, 0xd8, 0x80, 0x80, 0xff, 0x57, 0x85, 0x00, 0x40, 0x01, 0x31, 0x00, 0x10, 0x90,
    0xe0, 0x89, 0x45, 0x15, 0x80, 0x00, 0x10, 0x94, 0xe0, 0x8a, 0x45, 0x15, 0x80, 0x00, 0x10, 0x90, 0xe0, 0x8b, 0x46,
    0x15, 0x80, 0x00, 0x10, 0x94, 0xe0, 0x8b, 0x46, 0x15, 0x80, 0x00, 0x00, 0x00, 0x7e, 0x54, 0x43, 0x54, 0x80, 0x55,
    0x80, 0x55, 0x82, 0x58, 0x84, 0xd8, 0x80, 0x80, 0x57, 0x57, 0x85, 0x00, 0x10, 0x90, 0xe0, 0x89, 0x47, 0x15, 0x80,
    0x00, 0x10, 0x94, 0xe0, 0x8a, 0x47, 0x15, 0x80, 0x00, 0x10, 0x90, 0xe0, 0x8b, 0x48, 0x15, 0x80, 0x00, 0x10, 0x94,
    0xe0, 0x8b, 0x48, 0x15, 0x80, 0x00, 0x00, 0x00, 0x7e, 0x54, 0x43, 0x54, 0x80, 0x55, 0x80, 0x55, 0x82, 0x58, 0x84,
    0xd8, 0x80, 0x80, 0x57, 0x57, 0x85, 0x00, 0x10, 0x90, 0xe0, 0x89, 0x49, 0x15, 0x80, 0x00, 0x10, 0x94, 0xe0, 0x8a,
    0x49, 0x15, 0x80, 0x00, 0x10, 0x90, 0xe0, 0x8b, 0x4a, 0x15, 0x80, 0x00, 0x10, 0x94, 0xe0, 0x8b, 0x4a, 0x15, 0x80,
    0x00, 0x00, 0x00, 0x7e, 0x54, 0x43, 0x54, 0x80, 0x55, 0x80, 0x55, 0x82, 0x58, 0x84, 0xd8, 0x80, 0x80, 0x57, 0x57,
    0x85, 0x00, 0x10, 0x90, 0xe0, 0x89, 0x4b, 0x15, 0x80, 0x00, 0x10, 0x94, 0xe0, 0x8a, 0x4b, 0x15, 0x80, 0x00, 0x10,
    0x90, 0xe0, 0x8b, 0x4c, 0x15, 0x80, 0x00, 0x10, 0x94, 0xe0, 0x8b, 0x4c, 0x15, 0x80, 0x00, 0x00, 0x00, 0x7e, 0x54,
    0x43, 0x54, 0x80, 0x55, 0x80, 0x55, 0x82, 0x58, 0x84, 0xd8, 0x80, 0x80, 0x57, 0x57, 0x85, 0x81, 0x6a, 0x10, 0xd7,
    0x81, 0x21, 0x01, 0x00, 0x6a, 0x00, 0xc6, 0xd4, 0x81, 0x19, 0x00, 0x00, 0x89, 0x00, 0x01, 0xd5, 0x85, 0x83, 0xa9,
    0x01, 0x8a, 0x00, 0x01, 0xd5, 0x86, 0x83, 0xa9, 0x01, 0x8b, 0x00, 0x01, 0xd5, 0x87, 0x83, 0xa9, 0x01, 0x81, 0x05,
    0xa8, 0x7e, 0x54, 0x41, 0xd5, 0x9a, 0x54, 0x41, 0x54, 0x93, 0x54, 0x48, 0x54, 0x80, 0x55, 0x49, 0x55, 0x82, 0xff,
    0x03, 0xd6, 0xbe, 0x00, 0x00, 0x00, 0x80, 0x0d, 0x81, 0xd8, 0x80, 0x58, 0x04, 0xd8, 0x80, 0x80, 0xff, 0x57, 0x85,
    0x00, 0x40, 0x01, 0x31, 0x00, 0x10, 0x90, 0xe0, 0x89, 0x3d, 0x15, 0x80, 0x00, 0x10, 0x94, 0xe0, 0x8a, 0x3d, 0x15,
    0x80, 0x00, 0x10, 0x90, 0xe0, 0x8b, 0x3e, 0x15, 0x80, 0x00, 0x10, 0x94, 0xe0, 0x8b, 0x3e, 0x15, 0x80, 0x00, 0x00,
    0x00, 0x7e, 0x54, 0x43, 0x54, 0x80, 0x55, 0x80, 0x55, 0x82, 0x58, 0x84, 0xd8, 0x80, 0x80, 0x57, 0x57, 0x85, 0x00,
    0x10, 0x90, 0xe0, 0x89, 0x3f, 0x15, 0x80, 0x00, 0x10, 0x94, 0xe0, 0x8a, 0x3f, 0x15, 0x80, 0x00, 0x10, 0x90, 0xe0,
    0x8b, 0x40, 0x15, 0x80, 0x00, 0x10, 0x94, 0xe0, 0x8b, 0x40, 0x15, 0x80, 0x00, 0x00, 0x00, 0x7e, 0x54, 0x43, 0x54,
    0x80, 0x55, 0x80, 0x55, 0x82, 0x58, 0x84, 0xd8, 0x80, 0x80, 0x57, 0x57, 0x85, 0x00, 0x10, 0x90, 0xe0, 0x89, 0x41,
    0x15, 0x80, 0x00, 0x10, 0x94, 0xe0, 0x8a, 0x41, 0x15, 0x80, 0x00, 0x10, 0x90, 0xe0, 0x8b, 0x42, 0x15, 0x80, 0x00,
    0x10, 0x94, 0xe0, 0x8b, 0x42, 0x15, 0x80, 0x00, 0x00, 0x00, 0x7e, 0x54, 0x43, 0x54, 0x80, 0x55, 0x80, 0x55, 0x82,
    0x58, 0x84, 0xd8, 0x80, 0x80, 0x57, 0x57, 0x85, 0x00, 0x10, 0x90, 0xe0, 0x89, 0x43, 0x15, 0x80, 0x00, 0x10, 0x94,
    0xe0, 0x8a, 0x43, 0x15, 0x80, 0x00, 0x10, 0x90, 0xe0, 0x8b, 0x44, 0x15, 0x80, 0x00, 0x10, 0x94, 0xe0, 0x8b, 0x44,
    0x15, 0x80, 0x00, 0x00, 0x00, 0x7e, 0x54, 0x43, 0x54, 0x80, 0x55, 0x80, 0x55, 0x82, 0x58, 0x84, 0xd8, 0x80, 0x80,
    0x57, 0x57, 0x85, 0x81, 0x6a, 0x10, 0xd7, 0x81, 0x21, 0x01, 0x00, 0x6a, 0x00, 0xc6, 0xd4, 0x81, 0x19, 0x00, 0x00,
    0x89, 0x00, 0x01, 0xd5, 0x85, 0x83, 0xa9, 0x01, 0x8a, 0x00, 0x01, 0xd5, 0x86, 0x83, 0xa9, 0x01, 0x8b, 0x00, 0x01,
    0xd5, 0x87, 0x83, 0xa9, 0x01, 0x81, 0x05, 0xa8, 0x7e, 0x54, 0x41, 0xd5, 0x9a, 0x54, 0x41, 0x54, 0x93, 0x54, 0x48,
    0x54, 0x80, 0x55, 0x49, 0x55, 0x82, 0xff, 0x03, 0xd6, 0xbe, 0x00, 0x00, 0x00, 0x80, 0x0d, 0x81, 0xd8, 0x80, 0x58,
    0x04, 0xd8, 0x80, 0x80, 0xff, 0x57, 0x85, 0x00, 0x40, 0x01, 0x31, 0x00, 0x10, 0x90, 0xe0, 0x89, 0x35, 0x15, 0x80,
    0x00, 0x10, 0x94, 0xe0, 0x8a, 0x35, 0x15, 0x80, 0x00, 0x10, 0x90, 0xe0, 0x8b, 0x36, 0x15, 0x80, 0x00, 0x10, 0x94,
    0xe0, 0x8b, 0x36, 0x15, 0x80, 0x00, 0x00, 0x00, 0x7e, 0x54, 0x43, 0x54, 0x80, 0x55, 0x80, 0x55, 0x82, 0x58, 0x84,
    0xd8, 0x80, 0x80, 0x57, 0x57, 0x85, 0x00, 0x10, 0x90, 0xe0, 0x89, 0x37, 0x15, 0x80, 0x00, 0x10, 0x94, 0xe0, 0x8a,
    0x37, 0x15, 0x80, 0x00, 0x10, 0x90, 0xe0, 0x8b, 0x38, 0x15, 0x80, 0x00, 0x10, 0x94, 0xe0, 0x8b, 0x38, 0x15, 0x80,
    0x00, 0x00, 0x00, 0x7e, 0x54, 0x43, 0x54, 0x80, 0x55, 0x80, 0x55, 0x82, 0x58, 0x84, 0xd8, 0x80, 0x80, 0x57, 0x57,
    0x85, 0x00, 0x10, 0x90, 0xe0, 0x89, 0x39, 0x15, 0x80, 0x00, 0x10, 0x94, 0xe0, 0x8a, 0x39, 0x15, 0x80, 0x00, 0x10,
    0x90, 0xe0, 0x8b, 0x3a, 0x15, 0x80, 0x00, 0x10, 0x94, 0xe0, 0x8b, 0x3a, 0x15, 0x80, 0x00, 0x00, 0x00, 0x7e, 0x54,
    0x43, 0x54, 0x80, 0x55, 0x80, 0x55, 0x82, 0x58, 0x84, 0xd8, 0x80, 0x80, 0x57, 0x57, 0x85, 0x00, 0x10, 0x90, 0xe0,
    0x89, 0x3b, 0x15, 0x80, 0x00, 0x10, 0x94, 0xe0, 0x8a, 0x3b, 0x15, 0x80, 0x00, 0x10, 0x90, 0xe0, 0x8b, 0x3c, 0x15,
    0x80, 0x00, 0x10, 0x94, 0xe0, 0x8b, 0x3c, 0x15, 0x80, 0x00, 0x00, 0x00, 0x7e, 0x54, 0x43, 0x54, 0x80, 0x55, 0x80,
    0x55, 0x82, 0x58, 0x84, 0xd8, 0x80, 0x80, 0x57, 0x57, 0x85, 0x81, 0x6a, 0x10, 0xd7, 0x81, 0x21, 0x01, 0x00, 0x6a,
    0x00, 0xc6, 0xd4, 0x81, 0x19, 0x00, 0x00, 0x89, 0x00, 0x01, 0xd5, 0x85, 0x83, 0xa9, 0x01, 0x8a, 0x00, 0x01, 0xd5,
    0x86, 0x83, 0xa9, 0x01, 0x8b, 0x00, 0x01, 0xd5, 0x87, 0x83, 0xa9, 0x01, 0x81, 0x05, 0xa8, 0x7e, 0x54, 0x41, 0xd5,
    0x9a, 0x54, 0x41, 0x54, 0x93, 0x54, 0x48, 0x54, 0x80, 0x55, 0x49, 0x55, 0x82, 0xff, 0x03, 0xd6, 0xbe, 0x00, 0x00,
    0x00, 0x80, 0x0d, 0x81, 0xd8, 0x80, 0x58, 0x04, 0xd8, 0x80, 0x80, 0xff, 0x57, 0x85, 0x00, 0x40, 0x01, 0x31, 0x00,
    0x10, 0x90, 0xe0, 0x89, 0x2d, 0x15, 0x80, 0x00, 0x10, 0x94, 0xe0, 0x8a, 0x2d, 0x15, 0x80, 0x00, 0x10, 0x90, 0xe0,
    0x8b, 0x2e, 0x15, 0x80, 0x00, 0x10, 0x94, 0xe0, 0x8b, 0x2e, 0x15, 0x80, 0x00, 0x00, 0x00, 0x7e, 0x54, 0x43, 0x54,
    0x80, 0x55, 0x80, 0x55, 0x82, 0x58, 0x84, 0xd8, 0x80, 0x80, 0x57, 0x57, 0x85, 0x00, 0x10, 0x90, 0xe0, 0x89, 0x2f,
    0x15, 0x80, 0x00, 0x10, 0x94, 0xe0, 0x8a, 0x2f, 0x15, 0x80, 0x00, 0x10, 0x90, 0xe0, 0x8b, 0x30, 0x15, 0x80, 0x00,
    0x10, 0x94, 0xe0, 0x8b, 0x30, 0x15, 0x80, 0x00, 0x00, 0x00, 0x7e, 0x54, 0x43, 0x54, 0x80, 0x55, 0x80, 0x55, 0x82,
    0x58, 0x84, 0xd8, 0x80, 0x80, 0x57, 0x57, 0x85, 0x00, 0x10, 0x90, 0xe0, 0x89, 0x31, 0x15, 0x80, 0x00, 0x10, 0x94,
    0xe0, 0x8a, 0x31, 0x15, 0x80, 0x00, 0x10, 0x90, 0xe0, 0x8b, 0x32, 0x15, 0x80, 0x00, 0x10, 0x94, 0xe0, 0x8b, 0x32,
    0x15, 0x80, 0x00, 0x00, 0x00, 0x7e, 0x54, 0x43, 0x54, 0x80, 0x55, 0x80, 0x55, 0x82, 0x58, 0x84, 0xd8, 0x80, 0x80,
    0x57, 0x57, 0x85, 0x00, 0x10, 0x90, 0xe0, 0x89, 0x33, 0x15, 0x80, 0x00, 0x10, 0x94, 0xe0, 0x8a, 0x33, 0x15, 0x80,
    0x00, 0x10, 0x90, 0xe0, 0x8b, 0x34, 0x15, 0x80, 0x00, 0x10, 0x94, 0xe0, 0x8b, 0x34, 0x15, 0x80, 0x00, 0x00, 0x00,
    0x7e, 0x54, 0x43, 0x54, 0x80, 0x55, 0x80, 0x55, 0x82, 0x58, 0x84, 0xd8, 0x80, 0x80, 0x57, 0x57, 0x85, 0x81, 0x6a,
    0x10, 0xd7, 0x81, 0x21, 0x01, 0x00, 0x6a, 0x00, 0xc6, 0xd4, 0x81, 0x19, 0x00, 0x00, 0x89, 0x00, 0x01, 0xd5, 0x85,
    0x83, 0xa9, 0x01, 0x8a, 0x00, 0x01, 0xd5, 0x86, 0x83, 0xa9, 0x01, 0x8b, 0x00, 0x01, 0xd5, 0x87, 0x83, 0xa9, 0x01,
    0x81, 0x05, 0xa8, 0x7e, 0x54, 0x41, 0xd5, 0x9a, 0x54, 0x41, 0x54, 0x93, 0x54, 0x48, 0x54, 0x80, 0x55, 0x49, 0x55,
    0x82, 0xff, 0x03, 0xd6, 0xbe, 0x00, 0x00, 0x00, 0x80, 0x0d, 0x81, 0xd8, 0x80, 0x58, 0x04, 0xd8, 0x80, 0x80, 0xff,
    0x57, 0x85, 0x00, 0x40, 0x01, 0x31, 0x00, 0x10, 0x90, 0xe0, 0x89, 0x25, 0x15, 0x80, 0x00, 0x10, 0x94, 0xe0, 0x8a,
    0x25, 0x15, 0x80, 0x00, 0x10, 0x90, 0xe0, 0x8b, 0x26, 0x15, 0x80, 0x00, 0x10, 0x94, 0xe0, 0x8b, 0x26, 0x15, 0x80,
    0x00, 0x00, 0x00, 0x7e, 0x54, 0x43, 0x54, 0x80, 0x55, 0x80, 0x55, 0x82, 0x58, 0x84, 0xd8, 0x80, 0x80, 0x57, 0x57,
    0x85, 0x00, 0x10, 0x90, 0xe0, 0x89, 0x27, 0x15, 0x80, 0x00, 0x10, 0x94, 0xe0, 0x8a, 0x27, 0x15, 0x80, 0x00, 0x10,
    0x90, 0xe0, 0x8b, 0x28, 0x15, 0x80, 0x00, 0x10, 0x94, 0xe0, 0x8b, 0x28, 0x15, 0x80, 0x00, 0x00, 0x00, 0x7e, 0x54,
    0x43, 0x54, 0x80, 0x55, 0x80, 0x55, 0x82, 0x58, 0x84, 0xd8, 0x80, 0x80, 0x57, 0x57, 0x85, 0x00, 0x10, 0x90, 0xe0,
    0x89, 0x29, 0x15, 0x80, 0x00, 0x10, 0x94, 0xe0, 0x8a, 0x29, 0x15, 0x80, 0x00, 0x10, 0x90, 0xe0, 0x8b, 0x2a, 0x15,
    0x80, 0x00, 0x10, 0x94, 0xe0, 0x8b, 0x2a, 0x15, 0x80, 0x00, 0x00, 0x00, 0x7e, 0x54, 0x43, 0x54, 0x80, 0x55, 0x80,
    0x55, 0x82, 0x58, 0x84, 0xd8, 0x80, 0x80, 0x57, 0x57, 0x85, 0x00, 0x10, 0x90, 0xe0, 0x89, 0x2b, 0x15, 0x80, 0x00,
    0x10, 0x94, 0xe0, 0x8a, 0x2b, 0x15, 0x80, 0x00, 0x10, 0x90, 0xe0, 0x8b, 0x2c, 0x15, 0x80, 0x00, 0x10, 0x94, 0xe0,
    0x8b, 0x2c, 0x15, 0x80, 0x00, 0x00, 0x00, 0x7e, 0x54, 0x43, 0x54, 0x80, 0x55, 0x80, 0x55, 0x82, 0x58, 0x84, 0xd8,
    0x80, 0x80, 0x57, 0x57, 0x85, 0x81, 0x6a, 0x10, 0xd7, 0x81, 0x21, 0x01, 0x00, 0x6a, 0x00, 0xc6, 0xd4, 0x81, 0x19,
    0x00, 0x00, 0x89, 0x00, 0x01, 0xd5, 0x85, 0x83, 0xa9, 0x01, 0x8a, 0x00, 0x01, 0xd5, 0x86, 0x83, 0xa9, 0x01, 0x8b,
    0x00, 0x01, 0xd5, 0x87, 0x83, 0xa9, 0x01, 0x81, 0x05, 0xa8, 0x7e, 0x54, 0x41, 0xd5, 0x9a, 0x54, 0x41, 0x54, 0x93,
    0x54, 0x48, 0x54, 0x80, 0x55, 0x49, 0x55, 0x82, 0xff, 0x03, 0xd6, 0xbe, 0x00, 0x00, 0x00, 0x80, 0x0d, 0x81, 0xd8,
    0x80, 0x58, 0x04, 0xd8, 0x80, 0x80, 0xff, 0x57, 0x85, 0x00, 0x40, 0x01, 0x31, 0x00, 0x10, 0x90, 0xe0, 0x89, 0x1d,
    0x15, 0x80, 0x00, 0x10, 0x94, 0xe0, 0x8a, 0x1d, 0x15, 0x80, 0x00, 0x10, 0x90, 0xe0, 0x8b, 0x1e, 0x15, 0x80, 0x00,
    0x10, 0x94, 0xe0, 0x8b, 0x1e, 0x15, 0x80, 0x00, 0x00, 0x00, 0x7e, 0x54, 0x43, 0x54, 0x80, 0x55, 0x80, 0x55, 0x82,
    0x58, 0x84, 0xd8, 0x80, 0x80, 0x57, 0x57, 0x85, 0x00, 0x10, 0x90, 0xe0, 0x89, 0x1f, 0x15, 0x80, 0x00, 0x10, 0x94,
    0xe0, 0x8a, 0x1f, 0x15, 0x80, 0x00, 0x10, 0x90, 0xe0, 0x8b, 0x20, 0x15, 0x80, 0x00, 0x10, 0x94, 0xe0, 0x8b, 0x20,
    0x15, 0x80, 0x00, 0x00, 0x00, 0x7e, 0x54, 0x43, 0x54, 0x80, 0x55, 0x80, 0x55, 0x82, 0x58, 0x84, 0xd8, 0x80, 0x80,
    0x57, 0x57, 0x85, 0x00, 0x10, 0x90, 0xe0, 0x89, 0x21, 0x15, 0x80, 0x00, 0x10, 0x94, 0xe0, 0x8a, 0x21, 0x15, 0x80,
    0x00, 0x10, 0x90, 0xe0, 0x8b, 0x22, 0x15, 0x80, 0x00, 0x10, 0x94, 0xe0, 0x8b, 0x22, 0x15, 0x80, 0x00, 0x00, 0x00,
    0x7e, 0x54, 0x43, 0x54, 0x80, 0x55, 0x80, 0x55, 0x82, 0x58, 0x84, 0xd8, 0x80, 0x80, 0x57, 0x57, 0x85, 0x00, 0x10,
    0x90, 0xe0, 0x89, 0x23, 0x15, 0x80, 0x00, 0x10, 0x94, 0xe0, 0x8a, 0x23, 0x15, 0x80, 0x00, 0x10, 0x90, 0xe0, 0x8b,
    0x24, 0x15, 0x80, 0x00, 0x10, 0x94, 0xe0, 0x8b, 0x24, 0x15, 0x80, 0x00, 0x00, 0x00, 0x7e, 0x54, 0x43, 0x54, 0x80,
    0x55, 0x80, 0x55, 0x82, 0x58, 0x84, 0xd8, 0x80, 0x80, 0x57, 0x57, 0x85, 0x81, 0x6a, 0x10, 0xd7, 0x81, 0x21, 0x01,
    0x00, 0x6a, 0x00, 0xc6, 0xd4, 0x81, 0x19, 0x00, 0x00, 0x89, 0x00, 0x01, 0xd5, 0x85, 0x83, 0xa9, 0x01, 0x8a, 0x00,
    0x01, 0xd5, 0x86, 0x83, 0xa9, 0x01, 0x8b, 0x00, 0x01, 0xd5, 0x87, 0x83, 0xa9, 0x01, 0x81, 0x05, 0xa8, 0x7e, 0x54,
    0x41, 0xd5, 0x9a, 0x54, 0x41, 0x54, 0x93, 0x54, 0x48, 0x54, 0x80, 0x55, 0x49, 0x55, 0x82, 0xff, 0x03, 0xd6, 0xbe,
    0x00, 0x00, 0x00, 0x80, 0x0d, 0x81, 0xd8, 0x80, 0x58, 0x04, 0xd8, 0x80, 0x80, 0xff, 0x57, 0x85, 0x00, 0x40, 0x01,
    0x31, 0x00, 0x10, 0x90, 0xe0, 0x89, 0x15, 0x15, 0x80, 0x00, 0x10, 0x94, 0xe0, 0x8a, 0x15, 0x15, 0x80, 0x00, 0x10,
    0x90, 0xe0, 0x8b, 0x16, 0x15, 0x80, 0x00, 0x10, 0x94, 0xe0, 0x8b, 0x16, 0x15, 0x80, 0x00, 0x00, 0x00, 0x7e, 0x54,
    0x43, 0x54, 0x80, 0x55, 0x80, 0x55, 0x82, 0x58, 0x84, 0xd8, 0x80, 0x80, 0x57, 0x57, 0x85, 0x00, 0x10, 0x90, 0xe0,
    0x89, 0x17, 0x15, 0x80, 0x00, 0x10, 0x94, 0xe0, 0x8a, 0x17, 0x15, 0x80, 0x00, 0x10, 0x90, 0xe0, 0x8b, 0x18, 0x15,
    0x80, 0x00, 0x10, 0x94, 0xe0, 0x8b, 0x18, 0x15, 0x80, 0x00, 0x00, 0x00, 0x7e, 0x54, 0x43, 0x54, 0x80, 0x55, 0x80,
    0x55, 0x82, 0x58, 0x84, 0xd8, 0x80, 0x80, 0x57, 0x57, 0x85, 0x00, 0x10, 0x90, 0xe0, 0x89, 0x19, 0x15, 0x80, 0x00,
    0x10, 0x94, 0xe0, 0x8a, 0x19, 0x15, 0x80, 0x00, 0x10, 0x90, 0xe0, 0x8b, 0x1a, 0x15, 0x80, 0x00, 0x10, 0x94, 0xe0,
    0x8b, 0x1a, 0x15, 0x80, 0x00, 0x00, 0x00, 0x7e, 0x54, 0x43, 0x54, 0x80, 0x55, 0x80, 0x55, 0x82, 0x58, 0x84, 0xd8,
    0x80, 0x80, 0x57, 0x57, 0x85, 0x00, 0x10, 0x90, 0xe0, 0x89, 0x1b, 0x15, 0x80, 0x00, 0x10, 0x94, 0xe0, 0x8a, 0x1b,
    0x15, 0x80, 0x00, 0x10, 0x90, 0xe0, 0x8b, 0x1c, 0x15, 0x80, 0x00, 0x10, 0x94, 0xe0, 0x8b, 0x1c, 0x15, 0x80, 0x00,
    0x00, 0x00, 0x7e, 0x54, 0x43, 0x54, 0x80, 0x55, 0x80, 0x55, 0x82, 0x58, 0x84, 0xd8, 0x80, 0x80, 0x57, 0x57, 0x85,
    0x81, 0x6a, 0x10, 0xd7, 0x81, 0x21, 0x01, 0x00, 0x6a, 0x00, 0xc6, 0xd4, 0x81, 0x19, 0x00, 0x00, 0x89, 0x00, 0x01,
    0xd5, 0x85, 0x83, 0xa9, 0x01, 0x8a, 0x00, 0x01, 0xd5, 0x86, 0x83, 0xa9, 0x01, 0x8b, 0x00, 0x01, 0xd5, 0x87, 0x83,
    0xa9, 0x01, 0x81, 0x05, 0xa8, 0x7e, 0x54, 0x41, 0xd5, 0x9a, 0x54, 0x41, 0x54, 0x93, 0x54, 0x48, 0x54, 0x80, 0x55,
    0x49, 0x55, 0x82, 0xff, 0x03, 0xd6, 0xbe, 0x00, 0x00, 0x00, 0x80, 0x0d, 0x81, 0xd8, 0x80, 0x58, 0x04, 0xd8, 0x80,
    0x80, 0xff, 0x57, 0x85, 0x00, 0x40, 0x01, 0x31, 0x00, 0x10, 0x90, 0xe0, 0x89, 0x0d, 0x15, 0x80, 0x00, 0x10, 0x94,
    0xe0, 0x8a, 0x0d, 0x15, 0x80, 0x00, 0x10, 0x90, 0xe0, 0x8b, 0x0e, 0x15, 0x80, 0x00, 0x10, 0x94, 0xe0, 0x8b, 0x0e,
    0x15, 0x80, 0x00, 0x00, 0x00, 0x7e, 0x54, 0x43, 0x54, 0x80, 0x55, 0x80, 0x55, 0x82, 0x58, 0x84, 0xd8, 0x80, 0x80,
    0x57, 0x57, 0x85, 0x00, 0x10, 0x90, 0xe0, 0x89, 0x0f, 0x15, 0x80, 0x00, 0x10, 0x94, 0xe0, 0x8a, 0x0f, 0x15, 0x80,
    0x00, 0x10, 0x90, 0xe0, 0x8b, 0x10, 0x15, 0x80, 0x00, 0x10, 0x94, 0xe0, 0x8b, 0x10, 0x15, 0x80, 0x00, 0x00, 0x00,
    0x7e, 0x54, 0x43, 0x54, 0x80, 0x55, 0x80, 0x55, 0x82, 0x58, 0x84, 0xd8, 0x80, 0x80, 0x57, 0x57, 0x85, 0x00, 0x10,
    0x90, 0xe0, 0x89, 0x11, 0x15, 0x80, 0x00, 0x10, 0x94, 0xe0, 0x8a, 0x11, 0x15, 0x80, 0x00, 0x10, 0x90, 0xe0, 0x8b,
    0x12, 0x15, 0x80, 0x00, 0x10, 0x94, 0xe0, 0x8b, 0x12, 0x15, 0x80, 0x00, 0x00, 0x00, 0x7e, 0x54, 0x43, 0x54, 0x80,
    0x55, 0x80, 0x55, 0x82, 0x58, 0x84, 0xd8, 0x80, 0x80, 0x57, 0x57, 0x85, 0x00, 0x10, 0x90, 0xe0, 0x89, 0x13, 0x15,
    0x80, 0x00, 0x10, 0x94, 0xe0, 0x8a, 0x13, 0x15, 0x80, 0x00, 0x10, 0x90, 0xe0, 0x8b, 0x14, 0x15, 0x80, 0x00, 0x10,
    0x94, 0xe0, 0x8b, 0x14, 0x15, 0x80, 0x00, 0x00, 0x00, 0x7e, 0x54, 0x43, 0x54, 0x80, 0x55, 0x80, 0x55, 0x82, 0x58,
    0x84, 0xd8, 0x80, 0x80, 0x57, 0x57, 0x85, 0x81, 0x6a, 0x10, 0xd7, 0x81, 0x21, 0x01, 0x00, 0x6a, 0x00, 0xc6, 0xd4,
    0x81, 0x19, 0x00, 0x00, 0x89, 0x00, 0x01, 0xd5, 0x85, 0x83, 0xa9, 0x01, 0x8a, 0x00, 0x01, 0xd5, 0x86, 0x83, 0xa9,
    0x01, 0x8b, 0x00, 0x01, 0xd5, 0x87, 0x83, 0xa9, 0x01, 0x81, 0x05, 0xa8, 0x7e, 0x54, 0x41, 0xd5, 0x9a, 0x54, 0x41,
    0x54, 0x93, 0x54, 0x48, 0x54, 0x80, 0x55, 0x49, 0x55, 0x82, 0xff, 0x03, 0xd6, 0xbe, 0x00, 0x00, 0x00, 0x80, 0x0d,
    0x81, 0xd8, 0x80, 0x58, 0x04, 0xd8, 0x80, 0x80, 0xff, 0x57, 0x85, 0x00, 0x40, 0x01, 0x31, 0x00, 0x10, 0x90, 0xe0,
    0x89, 0x05, 0x15, 0x80, 0x00, 0x10, 0x94, 0xe0, 0x8a, 0x05, 0x15, 0x80, 0x00, 0x10, 0x90, 0xe0, 0x8b, 0x06, 0x15,
    0x80, 0x00, 0x10, 0x94, 0xe0, 0x8b, 0x06, 0x15, 0x80, 0x00, 0x00, 0x00, 0x7e, 0x54, 0x43, 0x54, 0x80, 0x55, 0x80,
    0x55, 0x82, 0x58, 0x84, 0xd8, 0x80, 0x80, 0x57, 0x57, 0x85, 0x00, 0x10, 0x90, 0xe0, 0x89, 0x07, 0x15, 0x80, 0x00,
    0x10, 0x94, 0xe0, 0x8a, 0x07, 0x15, 0x80, 0x00, 0x10, 0x90, 0xe0, 0x8b, 0x08, 0x15, 0x80, 0x00, 0x10, 0x94, 0xe0,
    0x8b, 0x08, 0x15, 0x80, 0x00, 0x00, 0x00, 0x7e, 0x54, 0x43, 0x54, 0x80, 0x55, 0x80, 0x55, 0x82, 0x58, 0x84, 0xd8,
    0x80, 0x80, 0x57, 0x57, 0x85, 0x00, 0x10, 0x90, 0xe0, 0x89, 0x09, 0x15, 0x80, 0x00, 0x10, 0x94, 0xe0, 0x8a, 0x09,
    0x15, 0x80, 0x00, 0x10, 0x90, 0xe0, 0x8b, 0x0a, 0x15, 0x80, 0x00, 0x10, 0x94, 0xe0, 0x8b, 0x0a, 0x15, 0x80, 0x00,
    0x00, 0x00, 0x7e, 0x54, 0x43, 0x54, 0x80, 0x55, 0x80, 0x55, 0x82, 0x58, 0x84, 0xd8, 0x80, 0x80, 0x57, 0x57, 0x85,
    0x00, 0x10, 0x90, 0xe0, 0x89, 0x0b, 0x15, 0x80, 0x00, 0x10, 0x94, 0xe0, 0x8a, 0x0b, 0x15, 0x80, 0x00, 0x10, 0x90,
    0xe0, 0x8b, 0x0c, 0x15, 0x80, 0x00, 0x10, 0x94, 0xe0, 0x8b, 0x0c, 0x15, 0x80, 0x00, 0x00, 0x00, 0x7e, 0x54, 0x43,
    0x54, 0x80, 0x55, 0x80, 0x55, 0x82, 0x58, 0x84, 0xd8, 0x80, 0x80, 0x57, 0x57, 0x85, 0x00, 0x1f, 0xd2, 0xbe, 0x50,
    0x81, 0xd1, 0x80, 0x51, 0xff, 0x51, 0x93, 0x04, 0x00, 0x00, 0x00, 0x51, 0xff, 0x51, 0x80, 0x20, 0x00, 0x00, 0x00,
    0x52, 0x51, 0x52, 0x80, 0x53, 0x80, 0x53, 0x82, 0x52, 0x20, 0x80, 0xbe, 0xec, 0x04, 0x82, 0xbf, 0x92, 0x04, 0x82,
    0xbf, 0x38, 0x04, 0x82, 0xbf, 0xde, 0x03, 0x82, 0xbf, 0x84, 0x03, 0x82, 0xbf, 0x2a, 0x03, 0x82, 0xbf, 0xd0, 0x02,
    0x82, 0xbf, 0x76, 0x02, 0x82, 0xbf, 0x1c, 0x02, 0x82, 0xbf, 0xc2, 0x01, 0x82, 0xbf, 0x68, 0x01, 0x82, 0xbf, 0x0e,
    0x01, 0x82, 0xbf, 0xb4, 0x00, 0x82, 0xbf, 0x5a, 0x00, 0x82, 0xbf, 0x00, 0x00, 0x82, 0xbf, 0x7f, 0xff, 0x8c, 0xbf,
    0x76, 0x50, 0x0e, 0xcc, 0x76, 0x0b, 0xd4, 0x0d, 0x78, 0x50, 0x0e, 0xcc, 0x78, 0x0b, 0xdc, 0x0d, 0x7a, 0x50, 0x0e,
    0xcc, 0x7a, 0x0b, 0xe4, 0x0d, 0x7c, 0x50, 0x0e, 0xcc, 0x7c, 0x0b, 0xec, 0x0d, 0x76, 0x10, 0x0f, 0xcc, 0x76, 0xeb,
    0x02, 0x08, 0x78, 0x10, 0x0f, 0xcc, 0x78, 0xef, 0x02, 0x08, 0x7a, 0x10, 0x0f, 0xcc, 0x7a, 0xf3, 0x02, 0x08, 0x7c,
    0x10, 0x0f, 0xcc, 0x7c, 0xf7, 0x02, 0x08, 0xfa, 0x2a, 0xeb, 0x78, 0x75, 0xb1, 0x00, 0xff, 0xfa, 0x2a, 0xef, 0x78,
    0x77, 0xb1, 0x00, 0xff, 0xfa, 0x2a, 0xf3, 0x78, 0x79, 0xb1, 0x00, 0xff, 0xfa, 0x2a, 0xf7, 0x78, 0x7b, 0xb1, 0x00,
    0xff, 0xfa, 0x2a, 0xed, 0x78, 0x76, 0xb1, 0x00, 0xff, 0xfa, 0x2a, 0xf1, 0x78, 0x78, 0xb1, 0x00, 0xff, 0xfa, 0x2a,
    0xf5, 0x78, 0x7a, 0xb1, 0x00, 0xff, 0xfa, 0x2a, 0xf9, 0x78, 0x7c, 0xb1, 0x00, 0xff, 0xfa, 0x2a, 0xeb, 0x78, 0x75,
    0x4e, 0x00, 0xff, 0xfa, 0x2a, 0xef, 0x78, 0x77, 0x4e, 0x00, 0xff, 0xfa, 0x2a, 0xf3, 0x78, 0x79, 0x4e, 0x00, 0xff,
    0xfa, 0x2a, 0xf7, 0x78, 0x7b, 0x4e, 0x00, 0xff, 0xfa, 0x2a, 0xed, 0x78, 0x76, 0x4e, 0x00, 0xff, 0xfa, 0x2a, 0xf1,
    0x78, 0x78, 0x4e, 0x00, 0xff, 0xfa, 0x2a, 0xf5, 0x78, 0x7a, 0x4e, 0x00, 0xff, 0xfa, 0x2a, 0xf9, 0x78, 0x7c, 0x4e,
    0x00, 0xff, 0x75, 0x00, 0x10, 0xcc, 0x75, 0x2d, 0x03, 0x18, 0x77, 0x00, 0x10, 0xcc, 0x77, 0x2d, 0x03, 0x18, 0x79,
    0x00, 0x10, 0xcc, 0x79, 0x2d, 0x03, 0x18, 0x7b, 0x00, 0x10, 0xcc, 0x7b, 0x2d, 0x03, 0x18, 0x76, 0x00, 0x10, 0xcc,
    0x76, 0x2f, 0x03, 0x18, 0x78, 0x00, 0x10, 0xcc, 0x78, 0x2f, 0x03, 0x18, 0x7a, 0x00, 0x10, 0xcc, 0x7a, 0x2f, 0x03,
    0x18, 0x7c, 0x00, 0x10, 0xcc, 0x7c, 0x2f, 0x03, 0x18, 0x90, 0x00, 0x38, 0x17, 0xa0, 0x00, 0x43, 0xd5, 0xff, 0x08,
    0xf8, 0x05, 0x00, 0x04, 0x00, 0x00, 0x00, 0x00, 0x7c, 0xdb, 0x9c, 0x75, 0x00, 0x00, 0x40, 0x10, 0x7c, 0xdb, 0x9c,
    0x79, 0x00, 0x00, 0x00, 0x00, 0xd8, 0xd8, 0xa0, 0x00, 0x00, 0x75, 0x80, 0x00, 0xd8, 0xd8, 0xa0, 0x00, 0x00, 0x76,
    0x00, 0x01, 0xd8, 0xd8, 0xa0, 0x00, 0x00, 0x77, 0x80, 0x01, 0xd8, 0xd8, 0xa0, 0x00, 0x00, 0x78, 0x00, 0x02, 0xd8,
    0xd8, 0xa0, 0x00, 0x00, 0x79, 0x80, 0x02, 0xd8, 0xd8, 0xa0, 0x00, 0x00, 0x7a, 0x00, 0x03, 0xd8, 0xd8, 0xa0, 0x00,
    0x00, 0x7b, 0x80, 0x03, 0xd8, 0xd8, 0xa0, 0x00, 0x00, 0x7c, 0x7f, 0xff, 0x8c, 0xbf, 0x6e, 0x50, 0x0e, 0xcc, 0x6e,
    0x0b, 0xb4, 0x0d, 0x70, 0x50, 0x0e, 0xcc, 0x70, 0x0b, 0xbc, 0x0d, 0x72, 0x50, 0x0e, 0xcc, 0x72, 0x0b, 0xc4, 0x0d,
    0x74, 0x50, 0x0e, 0xcc, 0x74, 0x0b, 0xcc, 0x0d, 0x6e, 0x10, 0x0f, 0xcc, 0x6e, 0xdb, 0x02, 0x08, 0x70, 0x10, 0x0f,
    0xcc, 0x70, 0xdf, 0x02, 0x08, 0x72, 0x10, 0x0f, 0xcc, 0x72, 0xe3, 0x02, 0x08, 0x74, 0x10, 0x0f, 0xcc, 0x74, 0xe7,
    0x02, 0x08, 0xfa, 0x2a, 0xdb, 0x78, 0x6d, 0xb1, 0x00, 0xff, 0xfa, 0x2a, 0xdf, 0x78, 0x6f, 0xb1, 0x00, 0xff, 0xfa,
    0x2a, 0xe3, 0x78, 0x71, 0xb1, 0x00, 0xff, 0xfa, 0x2a, 0xe7, 0x78, 0x73, 0xb1, 0x00, 0xff, 0xfa, 0x2a, 0xdd, 0x78,
    0x6e, 0xb1, 0x00, 0xff, 0xfa, 0x2a, 0xe1, 0x78, 0x70, 0xb1, 0x00, 0xff, 0xfa, 0x2a, 0xe5, 0x78, 0x72, 0xb1, 0x00,
    0xff, 0xfa, 0x2a, 0xe9, 0x78, 0x74, 0xb1, 0x00, 0xff, 0xfa, 0x2a, 0xdb, 0x78, 0x6d, 0x4e, 0x00, 0xff, 0xfa, 0x2a,
    0xdf, 0x78, 0x6f, 0x4e, 0x00, 0xff, 0xfa, 0x2a, 0xe3, 0x78, 0x71, 0x4e, 0x00, 0xff, 0xfa, 0x2a, 0xe7, 0x78, 0x73,
    0x4e, 0x00, 0xff, 0xfa, 0x2a, 0xdd, 0x78, 0x6e, 0x4e, 0x00, 0xff, 0xfa, 0x2a, 0xe1, 0x78, 0x70, 0x4e, 0x00, 0xff,
    0xfa, 0x2a, 0xe5, 0x78, 0x72, 0x4e, 0x00, 0xff, 0xfa, 0x2a, 0xe9, 0x78, 0x74, 0x4e, 0x00, 0xff, 0x6d, 0x00, 0x10,
    0xcc, 0x6d, 0x2d, 0x03, 0x18, 0x6f, 0x00, 0x10, 0xcc, 0x6f, 0x2d, 0x03, 0x18, 0x71, 0x00, 0x10, 0xcc, 0x71, 0x2d,
    0x03, 0x18, 0x73, 0x00, 0x10, 0xcc, 0x73, 0x2d, 0x03, 0x18, 0x6e, 0x00, 0x10, 0xcc, 0x6e, 0x2f, 0x03, 0x18, 0x70,
    0x00, 0x10, 0xcc, 0x70, 0x2f, 0x03, 0x18, 0x72, 0x00, 0x10, 0xcc, 0x72, 0x2f, 0x03, 0x18, 0x74, 0x00, 0x10, 0xcc,
    0x74, 0x2f, 0x03, 0x18, 0x90, 0x00, 0x38, 0x17, 0xa0, 0x00, 0x43, 0xd5, 0xff, 0x08, 0xf8, 0x05, 0x00, 0x04, 0x00,
    0x00, 0x00, 0x00, 0x7c, 0xdb, 0x9c, 0x6d, 0x00, 0x00, 0x40, 0x10, 0x7c, 0xdb, 0x9c, 0x71, 0x00, 0x00, 0x00, 0x00,
    0xd8, 0xd8, 0xa0, 0x00, 0x00, 0x6d, 0x80, 0x00, 0xd8, 0xd8, 0xa0, 0x00, 0x00, 0x6e, 0x00, 0x01, 0xd8, 0xd8, 0xa0,
    0x00, 0x00, 0x6f, 0x80, 0x01, 0xd8, 0xd8, 0xa0, 0x00, 0x00, 0x70, 0x00, 0x02, 0xd8, 0xd8, 0xa0, 0x00, 0x00, 0x71,
    0x80, 0x02, 0xd8, 0xd8, 0xa0, 0x00, 0x00, 0x72, 0x00, 0x03, 0xd8, 0xd8, 0xa0, 0x00, 0x00, 0x73, 0x80, 0x03, 0xd8,
    0xd8, 0xa0, 0x00, 0x00, 0x74, 0x7f, 0xff, 0x8c, 0xbf, 0x66, 0x50, 0x0e, 0xcc, 0x66, 0x0b, 0x94, 0x0d, 0x68, 0x50,
    0x0e, 0xcc, 0x68, 0x0b, 0x9c, 0x0d, 0x6a, 0x50, 0x0e, 0xcc, 0x6a, 0x0b, 0xa4, 0x0d, 0x6c, 0x50, 0x0e, 0xcc, 0x6c,
    0x0b, 0xac, 0x0d, 0x66, 0x10, 0x0f, 0xcc, 0x66, 0xcb, 0x02, 0x08, 0x68, 0x10, 0x0f, 0xcc, 0x68, 0xcf, 0x02, 0x08,
    0x6a, 0x10, 0x0f, 0xcc, 0x6a, 0xd3, 0x02, 0x08, 0x6c, 0x10, 0x0f, 0xcc, 0x6c, 0xd7, 0x02, 0x08, 0xfa, 0x2a, 0xcb,
    0x78, 0x65, 0xb1, 0x00, 0xff, 0xfa, 0x2a, 0xcf, 0x78, 0x67, 0xb1, 0x00, 0xff, 0xfa, 0x2a, 0xd3, 0x78, 0x69, 0xb1,
    0x00, 0xff, 0xfa, 0x2a, 0xd7, 0x78, 0x6b, 0xb1, 0x00, 0xff, 0xfa, 0x2a, 0xcd, 0x78, 0x66, 0xb1, 0x00, 0xff, 0xfa,
    0x2a, 0xd1, 0x78, 0x68, 0xb1, 0x00, 0xff, 0xfa, 0x2a, 0xd5, 0x78, 0x6a, 0xb1, 0x00, 0xff, 0xfa, 0x2a, 0xd9, 0x78,
    0x6c, 0xb1, 0x00, 0xff, 0xfa, 0x2a, 0xcb, 0x78, 0x65, 0x4e, 0x00, 0xff, 0xfa, 0x2a, 0xcf, 0x78, 0x67, 0x4e, 0x00,
    0xff, 0xfa, 0x2a, 0xd3, 0x78, 0x69, 0x4e, 0x00, 0xff, 0xfa, 0x2a, 0xd7, 0x78, 0x6b, 0x4e, 0x00, 0xff, 0xfa, 0x2a,
    0xcd, 0x78, 0x66, 0x4e, 0x00, 0xff, 0xfa, 0x2a, 0xd1, 0x78, 0x68, 0x4e, 0x00, 0xff, 0xfa, 0x2a, 0xd5, 0x78, 0x6a,
    0x4e, 0x00, 0xff, 0xfa, 0x2a, 0xd9, 0x78, 0x6c, 0x4e, 0x00, 0xff, 0x65, 0x00, 0x10, 0xcc, 0x65, 0x2d, 0x03, 0x18,
    0x67, 0x00, 0x10, 0xcc, 0x67, 0x2d, 0x03, 0x18, 0x69, 0x00, 0x10, 0xcc, 0x69, 0x2d, 0x03, 0x18, 0x6b, 0x00, 0x10,
    0xcc, 0x6b, 0x2d, 0x03, 0x18, 0x66, 0x00, 0x10, 0xcc, 0x66, 0x2f, 0x03, 0x18, 0x68, 0x00, 0x10, 0xcc, 0x68, 0x2f,
    0x03, 0x18, 0x6a, 0x00, 0x10, 0xcc, 0x6a, 0x2f, 0x03, 0x18, 0x6c, 0x00, 0x10, 0xcc, 0x6c, 0x2f, 0x03, 0x18, 0x90,
    0x00, 0x38, 0x17, 0xa0, 0x00, 0x43, 0xd5, 0xff, 0x08, 0xf8, 0x05, 0x00, 0x04, 0x00, 0x00, 0x00, 0x00, 0x7c, 0xdb,
    0x9c, 0x65, 0x00, 0x00, 0x40, 0x10, 0x7c, 0xdb, 0x9c, 0x69, 0x00, 0x00, 0x00, 0x00, 0xd8, 0xd8, 0xa0, 0x00, 0x00,
    0x65, 0x80, 0x00, 0xd8, 0xd8, 0xa0, 0x00, 0x00, 0x66, 0x00, 0x01, 0xd8, 0xd8, 0xa0, 0x00, 0x00, 0x67, 0x80, 0x01,
    0xd8, 0xd8, 0xa0, 0x00, 0x00, 0x68, 0x00, 0x02, 0xd8, 0xd8, 0xa0, 0x00, 0x00, 0x69, 0x80, 0x02, 0xd8, 0xd8, 0xa0,
    0x00, 0x00, 0x6a, 0x00, 0x03, 0xd8, 0xd8, 0xa0, 0x00, 0x00, 0x6b, 0x80, 0x03, 0xd8, 0xd8, 0xa0, 0x00, 0x00, 0x6c,
    0x7f, 0xff, 0x8c, 0xbf, 0x5e, 0x50, 0x0e, 0xcc, 0x5e, 0x0b, 0x74, 0x0d, 0x60, 0x50, 0x0e, 0xcc, 0x60, 0x0b, 0x7c,
    0x0d, 0x62, 0x50, 0x0e, 0xcc, 0x62, 0x0b, 0x84, 0x0d, 0x64, 0x50, 0x0e, 0xcc, 0x64, 0x0b, 0x8c, 0x0d, 0x5e, 0x10,
    0x0f, 0xcc, 0x5e, 0xbb, 0x02, 0x08, 0x60, 0x10, 0x0f, 0xcc, 0x60, 0xbf, 0x02, 0x08, 0x62, 0x10, 0x0f, 0xcc, 0x62,
    0xc3, 0x02, 0x08, 0x64, 0x10, 0x0f, 0xcc, 0x64, 0xc7, 0x02, 0x08, 0xfa, 0x2a, 0xbb, 0x78, 0x5d, 0xb1, 0x00, 0xff,
    0xfa, 0x2a, 0xbf, 0x78, 0x5f, 0xb1, 0x00, 0xff, 0xfa, 0x2a, 0xc3, 0x78, 0x61, 0xb1, 0x00, 0xff, 0xfa, 0x2a, 0xc7,
    0x78, 0x63, 0xb1, 0x00, 0xff, 0xfa, 0x2a, 0xbd, 0x78, 0x5e, 0xb1, 0x00, 0xff, 0xfa, 0x2a, 0xc1, 0x78, 0x60, 0xb1,
    0x00, 0xff, 0xfa, 0x2a, 0xc5, 0x78, 0x62, 0xb1, 0x00, 0xff, 0xfa, 0x2a, 0xc9, 0x78, 0x64, 0xb1, 0x00, 0xff, 0xfa,
    0x2a, 0xbb, 0x78, 0x5d, 0x4e, 0x00, 0xff, 0xfa, 0x2a, 0xbf, 0x78, 0x5f, 0x4e, 0x00, 0xff, 0xfa, 0x2a, 0xc3, 0x78,
    0x61, 0x4e, 0x00, 0xff, 0xfa, 0x2a, 0xc7, 0x78, 0x63, 0x4e, 0x00, 0xff, 0xfa, 0x2a, 0xbd, 0x78, 0x5e, 0x4e, 0x00,
    0xff, 0xfa, 0x2a, 0xc1, 0x78, 0x60, 0x4e, 0x00, 0xff, 0xfa, 0x2a, 0xc5, 0x78, 0x62, 0x4e, 0x00, 0xff, 0xfa, 0x2a,
    0xc9, 0x78, 0x64, 0x4e, 0x00, 0xff, 0x5d, 0x00, 0x10, 0xcc, 0x5d, 0x2d, 0x03, 0x18, 0x5f, 0x00, 0x10, 0xcc, 0x5f,
    0x2d, 0x03, 0x18, 0x61, 0x00, 0x10, 0xcc, 0x61, 0x2d, 0x03, 0x18, 0x63, 0x00, 0x10, 0xcc, 0x63, 0x2d, 0x03, 0x18,
    0x5e, 0x00, 0x10, 0xcc, 0x5e, 0x2f, 0x03, 0x18, 0x60, 0x00, 0x10, 0xcc, 0x60, 0x2f, 0x03, 0x18, 0x62, 0x00, 0x10,
    0xcc, 0x62, 0x2f, 0x03, 0x18, 0x64, 0x00, 0x10, 0xcc, 0x64, 0x2f, 0x03, 0x18, 0x90, 0x00, 0x38, 0x17, 0xa0, 0x00,
    0x43, 0xd5, 0xff, 0x08, 0xf8, 0x05, 0x00, 0x04, 0x00, 0x00, 0x00, 0x00, 0x7c, 0xdb, 0x9c, 0x5d, 0x00, 0x00, 0x40,
    0x10, 0x7c, 0xdb, 0x9c, 0x61, 0x00, 0x00, 0x00, 0x00, 0xd8, 0xd8, 0xa0, 0x00, 0x00, 0x5d, 0x80, 0x00, 0xd8, 0xd8,
    0xa0, 0x00, 0x00, 0x5e, 0x00, 0x01, 0xd8, 0xd8, 0xa0, 0x00, 0x00, 0x5f, 0x80, 0x01, 0xd8, 0xd8, 0xa0, 0x00, 0x00,
    0x60, 0x00, 0x02, 0xd8, 0xd8, 0xa0, 0x00, 0x00, 0x61, 0x80, 0x02, 0xd8, 0xd8, 0xa0, 0x00, 0x00, 0x62, 0x00, 0x03,
    0xd8, 0xd8, 0xa0, 0x00, 0x00, 0x63, 0x80, 0x03, 0xd8, 0xd8, 0xa0, 0x00, 0x00, 0x64, 0x7f, 0xff, 0x8c, 0xbf, 0x56,
    0x50, 0x0e, 0xcc, 0x56, 0x0b, 0x54, 0x0d, 0x58, 0x50, 0x0e, 0xcc, 0x58, 0x0b, 0x5c, 0x0d, 0x5a, 0x50, 0x0e, 0xcc,
    0x5a, 0x0b, 0x64, 0x0d, 0x5c, 0x50, 0x0e, 0xcc, 0x5c, 0x0b, 0x6c, 0x0d, 0x56, 0x10, 0x0f, 0xcc, 0x56, 0xab, 0x02,
    0x08, 0x58, 0x10, 0x0f, 0xcc, 0x58, 0xaf, 0x02, 0x08, 0x5a, 0x10, 0x0f, 0xcc, 0x5a, 0xb3, 0x02, 0x08, 0x5c, 0x10,
    0x0f, 0xcc, 0x5c, 0xb7, 0x02, 0x08, 0xfa, 0x2a, 0xab, 0x78, 0x55, 0xb1, 0x00, 0xff, 0xfa, 0x2a, 0xaf, 0x78, 0x57,
    0xb1, 0x00, 0xff, 0xfa, 0x2a, 0xb3, 0x78, 0x59, 0xb1, 0x00, 0xff, 0xfa, 0x2a, 0xb7, 0x78, 0x5b, 0xb1, 0x00, 0xff,
    0xfa, 0x2a, 0xad, 0x78, 0x56, 0xb1, 0x00, 0xff, 0xfa, 0x2a, 0xb1, 0x78, 0x58, 0xb1, 0x00, 0xff, 0xfa, 0x2a, 0xb5,
    0x78, 0x5a, 0xb1, 0x00, 0xff, 0xfa, 0x2a, 0xb9, 0x78, 0x5c, 0xb1, 0x00, 0xff, 0xfa, 0x2a, 0xab, 0x78, 0x55, 0x4e,
    0x00, 0xff, 0xfa, 0x2a, 0xaf, 0x78, 0x57, 0x4e, 0x00, 0xff, 0xfa, 0x2a, 0xb3, 0x78, 0x59, 0x4e, 0x00, 0xff, 0xfa,
    0x2a, 0xb7, 0x78, 0x5b, 0x4e, 0x00, 0xff, 0xfa, 0x2a, 0xad, 0x78, 0x56, 0x4e, 0x00, 0xff, 0xfa, 0x2a, 0xb1, 0x78,
    0x58, 0x4e, 0x00, 0xff, 0xfa, 0x2a, 0xb5, 0x78, 0x5a, 0x4e, 0x00, 0xff, 0xfa, 0x2a, 0xb9, 0x78, 0x5c, 0x4e, 0x00,
    0xff, 0x55, 0x00, 0x10, 0xcc, 0x55, 0x2d, 0x03, 0x18, 0x57, 0x00, 0x10, 0xcc, 0x57, 0x2d, 0x03, 0x18, 0x59, 0x00,
    0x10, 0xcc, 0x59, 0x2d, 0x03, 0x18, 0x5b, 0x00, 0x10, 0xcc, 0x5b, 0x2d, 0x03, 0x18, 0x56, 0x00, 0x10, 0xcc, 0x56,
    0x2f, 0x03, 0x18, 0x58, 0x00, 0x10, 0xcc, 0x58, 0x2f, 0x03, 0x18, 0x5a, 0x00, 0x10, 0xcc, 0x5a, 0x2f, 0x03, 0x18,
    0x5c, 0x00, 0x10, 0xcc, 0x5c, 0x2f, 0x03, 0x18, 0x90, 0x00, 0x38, 0x17, 0xa0, 0x00, 0x43, 0xd5, 0xff, 0x08, 0xf8,
    0x05, 0x00, 0x04, 0x00, 0x00, 0x00, 0x00, 0x7c, 0xdb, 0x9c, 0x55, 0x00, 0x00, 0x40, 0x10, 0x7c, 0xdb, 0x9c, 0x59,
    0x00, 0x00, 0x00, 0x00, 0xd8, 0xd8, 0xa0, 0x00, 0x00, 0x55, 0x80, 0x00, 0xd8, 0xd8, 0xa0, 0x00, 0x00, 0x56, 0x00,
    0x01, 0xd8, 0xd8, 0xa0, 0x00, 0x00, 0x57, 0x80, 0x01, 0xd8, 0xd8, 0xa0, 0x00, 0x00, 0x58, 0x00, 0x02, 0xd8, 0xd8,
    0xa0, 0x00, 0x00, 0x59, 0x80, 0x02, 0xd8, 0xd8, 0xa0, 0x00, 0x00, 0x5a, 0x00, 0x03, 0xd8, 0xd8, 0xa0, 0x00, 0x00,
    0x5b, 0x80, 0x03, 0xd8, 0xd8, 0xa0, 0x00, 0x00, 0x5c, 0x7f, 0xff, 0x8c, 0xbf, 0x4e, 0x50, 0x0e, 0xcc, 0x4e, 0x0b,
    0x34, 0x0d, 0x50, 0x50, 0x0e, 0xcc, 0x50, 0x0b, 0x3c, 0x0d, 0x52, 0x50, 0x0e, 0xcc, 0x52, 0x0b, 0x44, 0x0d, 0x54,
    0x50, 0x0e, 0xcc, 0x54, 0x0b, 0x4c, 0x0d, 0x4e, 0x10, 0x0f, 0xcc, 0x4e, 0x9b, 0x02, 0x08, 0x50, 0x10, 0x0f, 0xcc,
    0x50, 0x9f, 0x02, 0x08, 0x52, 0x10, 0x0f, 0xcc, 0x52, 0xa3, 0x02, 0x08, 0x54, 0x10, 0x0f, 0xcc, 0x54, 0xa7, 0x02,
    0x08, 0xfa, 0x2a, 0x9b, 0x78, 0x4d, 0xb1, 0x00, 0xff, 0xfa, 0x2a, 0x9f, 0x78, 0x4f, 0xb1, 0x00, 0xff, 0xfa, 0x2a,
    0xa3, 0x78, 0x51, 0xb1, 0x00, 0xff, 0xfa, 0x2a, 0xa7, 0x78, 0x53, 0xb1, 0x00, 0xff, 0xfa, 0x2a, 0x9d, 0x78, 0x4e,
    0xb1, 0x00, 0xff, 0xfa, 0x2a, 0xa1, 0x78, 0x50, 0xb1, 0x00, 0xff, 0xfa, 0x2a, 0xa5, 0x78, 0x52, 0xb1, 0x00, 0xff,
    0xfa, 0x2a, 0xa9, 0x78, 0x54, 0xb1, 0x00, 0xff, 0xfa, 0x2a, 0x9b, 0x78, 0x4d, 0x4e, 0x00, 0xff, 0xfa, 0x2a, 0x9f,
    0x78, 0x4f, 0x4e, 0x00, 0xff, 0xfa, 0x2a, 0xa3, 0x78, 0x51, 0x4e, 0x00, 0xff, 0xfa, 0x2a, 0xa7, 0x78, 0x53, 0x4e,
    0x00, 0xff, 0xfa, 0x2a, 0x9d, 0x78, 0x4e, 0x4e, 0x00, 0xff, 0xfa, 0x2a, 0xa1, 0x78, 0x50, 0x4e, 0x00, 0xff, 0xfa,
    0x2a, 0xa5, 0x78, 0x52, 0x4e, 0x00, 0xff, 0xfa, 0x2a, 0xa9, 0x78, 0x54, 0x4e, 0x00, 0xff, 0x4d, 0x00, 0x10, 0xcc,
    0x4d, 0x2d, 0x03, 0x18, 0x4f, 0x00, 0x10, 0xcc, 0x4f, 0x2d, 0x03, 0x18, 0x51, 0x00, 0x10, 0xcc, 0x51, 0x2d, 0x03,
    0x18, 0x53, 0x00, 0x10, 0xcc, 0x53, 0x2d, 0x03, 0x18, 0x4e, 0x00, 0x10, 0xcc, 0x4e, 0x2f, 0x03, 0x18, 0x50, 0x00,
    0x10, 0xcc, 0x50, 0x2f, 0x03, 0x18, 0x52, 0x00, 0x10, 0xcc, 0x52, 0x2f, 0x03, 0x18, 0x54, 0x00, 0x10, 0xcc, 0x54,
    0x2f, 0x03, 0x18, 0x90, 0x00, 0x38, 0x17, 0xa0, 0x00, 0x43, 0xd5, 0xff, 0x08, 0xf8, 0x05, 0x00, 0x04, 0x00, 0x00,
    0x00, 0x00, 0x7c, 0xdb, 0x9c, 0x4d, 0x00, 0x00, 0x40, 0x10, 0x7c, 0xdb, 0x9c, 0x51, 0x00, 0x00, 0x00, 0x00, 0xd8,
    0xd8, 0xa0, 0x00, 0x00, 0x4d, 0x80, 0x00, 0xd8, 0xd8, 0xa0, 0x00, 0x00, 0x4e, 0x00, 0x01, 0xd8, 0xd8, 0xa0, 0x00,
    0x00, 0x4f, 0x80, 0x01, 0xd8, 0xd8, 0xa0, 0x00, 0x00, 0x50, 0x00, 0x02, 0xd8, 0xd8, 0xa0, 0x00, 0x00, 0x51, 0x80,
    0x02, 0xd8, 0xd8, 0xa0, 0x00, 0x00, 0x52, 0x00, 0x03, 0xd8, 0xd8, 0xa0, 0x00, 0x00, 0x53, 0x80, 0x03, 0xd8, 0xd8,
    0xa0, 0x00, 0x00, 0x54, 0x7f, 0xff, 0x8c, 0xbf, 0x46, 0x50, 0x0e, 0xcc, 0x46, 0x0b, 0x14, 0x0d, 0x48, 0x50, 0x0e,
    0xcc, 0x48, 0x0b, 0x1c, 0x0d, 0x4a, 0x50, 0x0e, 0xcc, 0x4a, 0x0b, 0x24, 0x0d, 0x4c, 0x50, 0x0e, 0xcc, 0x4c, 0x0b,
    0x2c, 0x0d, 0x46, 0x10, 0x0f, 0xcc, 0x46, 0x8b, 0x02, 0x08, 0x48, 0x10, 0x0f, 0xcc, 0x48, 0x8f, 0x02, 0x08, 0x4a,
    0x10, 0x0f, 0xcc, 0x4a, 0x93, 0x02, 0x08, 0x4c, 0x10, 0x0f, 0xcc, 0x4c, 0x97, 0x02, 0x08, 0xfa, 0x2a, 0x8b, 0x78,
    0x45, 0xb1, 0x00, 0xff, 0xfa, 0x2a, 0x8f, 0x78, 0x47, 0xb1, 0x00, 0xff, 0xfa, 0x2a, 0x93, 0x78, 0x49, 0xb1, 0x00,
    0xff, 0xfa, 0x2a, 0x97, 0x78, 0x4b, 0xb1, 0x00, 0xff, 0xfa, 0x2a, 0x8d, 0x78, 0x46, 0xb1, 0x00, 0xff, 0xfa, 0x2a,
    0x91, 0x78, 0x48, 0xb1, 0x00, 0xff, 0xfa, 0x2a, 0x95, 0x78, 0x4a, 0xb1, 0x00, 0xff, 0xfa, 0x2a, 0x99, 0x78, 0x4c,
    0xb1, 0x00, 0xff, 0xfa, 0x2a, 0x8b, 0x78, 0x45, 0x4e, 0x00, 0xff, 0xfa, 0x2a, 0x8f, 0x78, 0x47, 0x4e, 0x00, 0xff,
    0xfa, 0x2a, 0x93, 0x78, 0x49, 0x4e, 0x00, 0xff, 0xfa, 0x2a, 0x97, 0x78, 0x4b, 0x4e, 0x00, 0xff, 0xfa, 0x2a, 0x8d,
    0x78, 0x46, 0x4e, 0x00, 0xff, 0xfa, 0x2a, 0x91, 0x78, 0x48, 0x4e, 0x00, 0xff, 0xfa, 0x2a, 0x95, 0x78, 0x4a, 0x4e,
    0x00, 0xff, 0xfa, 0x2a, 0x99, 0x78, 0x4c, 0x4e, 0x00, 0xff, 0x45, 0x00, 0x10, 0xcc, 0x45, 0x2d, 0x03, 0x18, 0x47,
    0x00, 0x10, 0xcc, 0x47, 0x2d, 0x03, 0x18, 0x49, 0x00, 0x10, 0xcc, 0x49, 0x2d, 0x03, 0x18, 0x4b, 0x00, 0x10, 0xcc,
    0x4b, 0x2d, 0x03, 0x18, 0x46, 0x00, 0x10, 0xcc, 0x46, 0x2f, 0x03, 0x18, 0x48, 0x00, 0x10, 0xcc, 0x48, 0x2f, 0x03,
    0x18, 0x4a, 0x00, 0x10, 0xcc, 0x4a, 0x2f, 0x03, 0x18, 0x4c, 0x00, 0x10, 0xcc, 0x4c, 0x2f, 0x03, 0x18, 0x90, 0x00,
    0x38, 0x17, 0xa0, 0x00, 0x43, 0xd5, 0xff, 0x08, 0xf8, 0x05, 0x00, 0x04, 0x00, 0x00, 0x00, 0x00, 0x7c, 0xdb, 0x9c,
    0x45, 0x00, 0x00, 0x40, 0x10, 0x7c, 0xdb, 0x9c, 0x49, 0x00, 0x00, 0x00, 0x00, 0xd8, 0xd8, 0xa0, 0x00, 0x00, 0x45,
    0x80, 0x00, 0xd8, 0xd8, 0xa0, 0x00, 0x00, 0x46, 0x00, 0x01, 0xd8, 0xd8, 0xa0, 0x00, 0x00, 0x47, 0x80, 0x01, 0xd8,
    0xd8, 0xa0, 0x00, 0x00, 0x48, 0x00, 0x02, 0xd8, 0xd8, 0xa0, 0x00, 0x00, 0x49, 0x80, 0x02, 0xd8, 0xd8, 0xa0, 0x00,
    0x00, 0x4a, 0x00, 0x03, 0xd8, 0xd8, 0xa0, 0x00, 0x00, 0x4b, 0x80, 0x03, 0xd8, 0xd8, 0xa0, 0x00, 0x00, 0x4c, 0x7f,
    0xff, 0x8c, 0xbf, 0x3e, 0x50, 0x0e, 0xcc, 0x3e, 0x0b, 0xf4, 0x0c, 0x40, 0x50, 0x0e, 0xcc, 0x40, 0x0b, 0xfc, 0x0c,
    0x42, 0x50, 0x0e, 0xcc, 0x42, 0x0b, 0x04, 0x0d, 0x44, 0x50, 0x0e, 0xcc, 0x44, 0x0b, 0x0c, 0x0d, 0x3e, 0x10, 0x0f,
    0xcc, 0x3e, 0x7b, 0x02, 0x08, 0x40, 0x10, 0x0f, 0xcc, 0x40, 0x7f, 0x02, 0x08, 0x42, 0x10, 0x0f, 0xcc, 0x42, 0x83,
    0x02, 0x08, 0x44, 0x10, 0x0f, 0xcc, 0x44, 0x87, 0x02, 0x08, 0xfa, 0x2a, 0x7b, 0x78, 0x3d, 0xb1, 0x00, 0xff, 0xfa,
    0x2a, 0x7f, 0x78, 0x3f, 0xb1, 0x00, 0xff, 0xfa, 0x2a, 0x83, 0x78, 0x41, 0xb1, 0x00, 0xff, 0xfa, 0x2a, 0x87, 0x78,
    0x43, 0xb1, 0x00, 0xff, 0xfa, 0x2a, 0x7d, 0x78, 0x3e, 0xb1, 0x00, 0xff, 0xfa, 0x2a, 0x81, 0x78, 0x40, 0xb1, 0x00,
    0xff, 0xfa, 0x2a, 0x85, 0x78, 0x42, 0xb1, 0x00, 0xff, 0xfa, 0x2a, 0x89, 0x78, 0x44, 0xb1, 0x00, 0xff, 0xfa, 0x2a,
    0x7b, 0x78, 0x3d, 0x4e, 0x00, 0xff, 0xfa, 0x2a, 0x7f, 0x78, 0x3f, 0x4e, 0x00, 0xff, 0xfa, 0x2a, 0x83, 0x78, 0x41,
    0x4e, 0x00, 0xff, 0xfa, 0x2a, 0x87, 0x78, 0x43, 0x4e, 0x00, 0xff, 0xfa, 0x2a, 0x7d, 0x78, 0x3e, 0x4e, 0x00, 0xff,
    0xfa, 0x2a, 0x81, 0x78, 0x40, 0x4e, 0x00, 0xff, 0xfa, 0x2a, 0x85, 0x78, 0x42, 0x4e, 0x00, 0xff, 0xfa, 0x2a, 0x89,
    0x78, 0x44, 0x4e, 0x00, 0xff, 0x3d, 0x00, 0x10, 0xcc, 0x3d, 0x2d, 0x03, 0x18, 0x3f, 0x00, 0x10, 0xcc, 0x3f, 0x2d,
    0x03, 0x18, 0x41, 0x00, 0x10, 0xcc, 0x41, 0x2d, 0x03, 0x18, 0x43, 0x00, 0x10, 0xcc, 0x43, 0x2d, 0x03, 0x18, 0x3e,
    0x00, 0x10, 0xcc, 0x3e, 0x2f, 0x03, 0x18, 0x40, 0x00, 0x10, 0xcc, 0x40, 0x2f, 0x03, 0x18, 0x42, 0x00, 0x10, 0xcc,
    0x42, 0x2f, 0x03, 0x18, 0x44, 0x00, 0x10, 0xcc, 0x44, 0x2f, 0x03, 0x18, 0x90, 0x00, 0x38, 0x17, 0xa0, 0x00, 0x43,
    0xd5, 0xff, 0x08, 0xf8, 0x05, 0x00, 0x04, 0x00, 0x00, 0x00, 0x00, 0x7c, 0xdb, 0x9c, 0x3d, 0x00, 0x00, 0x40, 0x10,
    0x7c, 0xdb, 0x9c, 0x41, 0x00, 0x00, 0x00, 0x00, 0xd8, 0xd8, 0xa0, 0x00, 0x00, 0x3d, 0x80, 0x00, 0xd8, 0xd8, 0xa0,
    0x00, 0x00, 0x3e, 0x00, 0x01, 0xd8, 0xd8, 0xa0, 0x00, 0x00, 0x3f, 0x80, 0x01, 0xd8, 0xd8, 0xa0, 0x00, 0x00, 0x40,
    0x00, 0x02, 0xd8, 0xd8, 0xa0, 0x00, 0x00, 0x41, 0x80, 0x02, 0xd8, 0xd8, 0xa0, 0x00, 0x00, 0x42, 0x00, 0x03, 0xd8,
    0xd8, 0xa0, 0x00, 0x00, 0x43, 0x80, 0x03, 0xd8, 0xd8, 0xa0, 0x00, 0x00, 0x44, 0x7f, 0xff, 0x8c, 0xbf, 0x36, 0x50,
    0x0e, 0xcc, 0x36, 0x0b, 0xd4, 0x0c, 0x38, 0x50, 0x0e, 0xcc, 0x38, 0x0b, 0xdc, 0x0c, 0x3a, 0x50, 0x0e, 0xcc, 0x3a,
    0x0b, 0xe4, 0x0c, 0x3c, 0x50, 0x0e, 0xcc, 0x3c, 0x0b, 0xec, 0x0c, 0x36, 0x10, 0x0f, 0xcc, 0x36, 0x6b, 0x02, 0x08,
    0x38, 0x10, 0x0f, 0xcc, 0x38, 0x6f, 0x02, 0x08, 0x3a, 0x10, 0x0f, 0xcc, 0x3a, 0x73, 0x02, 0x08, 0x3c, 0x10, 0x0f,
    0xcc, 0x3c, 0x77, 0x02, 0x08, 0xfa, 0x2a, 0x6b, 0x78, 0x35, 0xb1, 0x00, 0xff, 0xfa, 0x2a, 0x6f, 0x78, 0x37, 0xb1,
    0x00, 0xff, 0xfa, 0x2a, 0x73, 0x78, 0x39, 0xb1, 0x00, 0xff, 0xfa, 0x2a, 0x77, 0x78, 0x3b, 0xb1, 0x00, 0xff, 0xfa,
    0x2a, 0x6d, 0x78, 0x36, 0xb1, 0x00, 0xff, 0xfa, 0x2a, 0x71, 0x78, 0x38, 0xb1, 0x00, 0xff, 0xfa, 0x2a, 0x75, 0x78,
    0x3a, 0xb1, 0x00, 0xff, 0xfa, 0x2a, 0x79, 0x78, 0x3c, 0xb1, 0x00, 0xff, 0xfa, 0x2a, 0x6b, 0x78, 0x35, 0x4e, 0x00,
    0xff, 0xfa, 0x2a, 0x6f, 0x78, 0x37, 0x4e, 0x00, 0xff, 0xfa, 0x2a, 0x73, 0x78, 0x39, 0x4e, 0x00, 0xff, 0xfa, 0x2a,
    0x77, 0x78, 0x3b, 0x4e, 0x00, 0xff, 0xfa, 0x2a, 0x6d, 0x78, 0x36, 0x4e, 0x00, 0xff, 0xfa, 0x2a, 0x71, 0x78, 0x38,
    0x4e, 0x00, 0xff, 0xfa, 0x2a, 0x75, 0x78, 0x3a, 0x4e, 0x00, 0xff, 0xfa, 0x2a, 0x79, 0x78, 0x3c, 0x4e, 0x00, 0xff,
    0x35, 0x00, 0x10, 0xcc, 0x35, 0x2d, 0x03, 0x18, 0x37, 0x00, 0x10, 0xcc, 0x37, 0x2d, 0x03, 0x18, 0x39, 0x00, 0x10,
    0xcc, 0x39, 0x2d, 0x03, 0x18, 0x3b, 0x00, 0x10, 0xcc, 0x3b, 0x2d, 0x03, 0x18, 0x36, 0x00, 0x10, 0xcc, 0x36, 0x2f,
    0x03, 0x18, 0x38, 0x00, 0x10, 0xcc, 0x38, 0x2f, 0x03, 0x18, 0x3a, 0x00, 0x10, 0xcc, 0x3a, 0x2f, 0x03, 0x18, 0x3c,
    0x00, 0x10, 0xcc, 0x3c, 0x2f, 0x03, 0x18, 0x90, 0x00, 0x38, 0x17, 0xa0, 0x00, 0x43, 0xd5, 0xff, 0x08, 0xf8, 0x05,
    0x00, 0x04, 0x00, 0x00, 0x00, 0x00, 0x7c, 0xdb, 0x9c, 0x35, 0x00, 0x00, 0x40, 0x10, 0x7c, 0xdb, 0x9c, 0x39, 0x00,
    0x00, 0x00, 0x00, 0xd8, 0xd8, 0xa0, 0x00, 0x00, 0x35, 0x80, 0x00, 0xd8, 0xd8, 0xa0, 0x00, 0x00, 0x36, 0x00, 0x01,
    0xd8, 0xd8, 0xa0, 0x00, 0x00, 0x37, 0x80, 0x01, 0xd8, 0xd8, 0xa0, 0x00, 0x00, 0x38, 0x00, 0x02, 0xd8, 0xd8, 0xa0,
    0x00, 0x00, 0x39, 0x80, 0x02, 0xd8, 0xd8, 0xa0, 0x00, 0x00, 0x3a, 0x00, 0x03, 0xd8, 0xd8, 0xa0, 0x00, 0x00, 0x3b,
    0x80, 0x03, 0xd8, 0xd8, 0xa0, 0x00, 0x00, 0x3c, 0x7f, 0xff, 0x8c, 0xbf, 0x2e, 0x50, 0x0e, 0xcc, 0x2e, 0x0b, 0xb4,
    0x0c, 0x30, 0x50, 0x0e, 0xcc, 0x30, 0x0b, 0xbc, 0x0c, 0x32, 0x50, 0x0e, 0xcc, 0x32, 0x0b, 0xc4, 0x0c, 0x34, 0x50,
    0x0e, 0xcc, 0x34, 0x0b, 0xcc, 0x0c, 0x2e, 0x10, 0x0f, 0xcc, 0x2e, 0x5b, 0x02, 0x08, 0x30, 0x10, 0x0f, 0xcc, 0x30,
    0x5f, 0x02, 0x08, 0x32, 0x10, 0x0f, 0xcc, 0x32, 0x63, 0x02, 0x08, 0x34, 0x10, 0x0f, 0xcc, 0x34, 0x67, 0x02, 0x08,
    0xfa, 0x2a, 0x5b, 0x78, 0x2d, 0xb1, 0x00, 0xff, 0xfa, 0x2a, 0x5f, 0x78, 0x2f, 0xb1, 0x00, 0xff, 0xfa, 0x2a, 0x63,
    0x78, 0x31, 0xb1, 0x00, 0xff, 0xfa, 0x2a, 0x67, 0x78, 0x33, 0xb1, 0x00, 0xff, 0xfa, 0x2a, 0x5d, 0x78, 0x2e, 0xb1,
    0x00, 0xff, 0xfa, 0x2a, 0x61, 0x78, 0x30, 0xb1, 0x00, 0xff, 0xfa, 0x2a, 0x65, 0x78, 0x32, 0xb1, 0x00, 0xff, 0xfa,
    0x2a, 0x69, 0x78, 0x34, 0xb1, 0x00, 0xff, 0xfa, 0x2a, 0x5b, 0x78, 0x2d, 0x4e, 0x00, 0xff, 0xfa, 0x2a, 0x5f, 0x78,
    0x2f, 0x4e, 0x00, 0xff, 0xfa, 0x2a, 0x63, 0x78, 0x31, 0x4e, 0x00, 0xff, 0xfa, 0x2a, 0x67, 0x78, 0x33, 0x4e, 0x00,
    0xff, 0xfa, 0x2a, 0x5d, 0x78, 0x2e, 0x4e, 0x00, 0xff, 0xfa, 0x2a, 0x61, 0x78, 0x30, 0x4e, 0x00, 0xff, 0xfa, 0x2a,
    0x65, 0x78, 0x32, 0x4e, 0x00, 0xff, 0xfa, 0x2a, 0x69, 0x78, 0x34, 0x4e, 0x00, 0xff, 0x2d, 0x00, 0x10, 0xcc, 0x2d,
    0x2d, 0x03, 0x18, 0x2f, 0x00, 0x10, 0xcc, 0x2f, 0x2d, 0x03, 0x18, 0x31, 0x00, 0x10, 0xcc, 0x31, 0x2d, 0x03, 0x18,
    0x33, 0x00, 0x10, 0xcc, 0x33, 0x2d, 0x03, 0x18, 0x2e, 0x00, 0x10, 0xcc, 0x2e, 0x2f, 0x03, 0x18, 0x30, 0x00, 0x10,
    0xcc, 0x30, 0x2f, 0x03, 0x18, 0x32, 0x00, 0x10, 0xcc, 0x32, 0x2f, 0x03, 0x18, 0x34, 0x00, 0x10, 0xcc, 0x34, 0x2f,
    0x03, 0x18, 0x90, 0x00, 0x38, 0x17, 0xa0, 0x00, 0x43, 0xd5, 0xff, 0x08, 0xf8, 0x05, 0x00, 0x04, 0x00, 0x00, 0x00,
    0x00, 0x7c, 0xdb, 0x9c, 0x2d, 0x00, 0x00, 0x40, 0x10, 0x7c, 0xdb, 0x9c, 0x31, 0x00, 0x00, 0x00, 0x00, 0xd8, 0xd8,
    0xa0, 0x00, 0x00, 0x2d, 0x80, 0x00, 0xd8, 0xd8, 0xa0, 0x00, 0x00, 0x2e, 0x00, 0x01, 0xd8, 0xd8, 0xa0, 0x00, 0x00,
    0x2f, 0x80, 0x01, 0xd8, 0xd8, 0xa0, 0x00, 0x00, 0x30, 0x00, 0x02, 0xd8, 0xd8, 0xa0, 0x00, 0x00, 0x31, 0x80, 0x02,
    0xd8, 0xd8, 0xa0, 0x00, 0x00, 0x32, 0x00, 0x03, 0xd8, 0xd8, 0xa0, 0x00, 0x00, 0x33, 0x80, 0x03, 0xd8, 0xd8, 0xa0,
    0x00, 0x00, 0x34, 0x7f, 0xff, 0x8c, 0xbf, 0x26, 0x50, 0x0e, 0xcc, 0x26, 0x0b, 0x94, 0x0c, 0x28, 0x50, 0x0e, 0xcc,
    0x28, 0x0b, 0x9c, 0x0c, 0x2a, 0x50, 0x0e, 0xcc, 0x2a, 0x0b, 0xa4, 0x0c, 0x2c, 0x50, 0x0e, 0xcc, 0x2c, 0x0b, 0xac,
    0x0c, 0x26, 0x10, 0x0f, 0xcc, 0x26, 0x4b, 0x02, 0x08, 0x28, 0x10, 0x0f, 0xcc, 0x28, 0x4f, 0x02, 0x08, 0x2a, 0x10,
    0x0f, 0xcc, 0x2a, 0x53, 0x02, 0x08, 0x2c, 0x10, 0x0f, 0xcc, 0x2c, 0x57, 0x02, 0x08, 0xfa, 0x2a, 0x4b, 0x78, 0x25,
    0xb1, 0x00, 0xff, 0xfa, 0x2a, 0x4f, 0x78, 0x27, 0xb1, 0x00, 0xff, 0xfa, 0x2a, 0x53, 0x78, 0x29, 0xb1, 0x00, 0xff,
    0xfa, 0x2a, 0x57, 0x78, 0x2b, 0xb1, 0x00, 0xff, 0xfa, 0x2a, 0x4d, 0x78, 0x26, 0xb1, 0x00, 0xff, 0xfa, 0x2a, 0x51,
    0x78, 0x28, 0xb1, 0x00, 0xff, 0xfa, 0x2a, 0x55, 0x78, 0x2a, 0xb1, 0x00, 0xff, 0xfa, 0x2a, 0x59, 0x78, 0x2c, 0xb1,
    0x00, 0xff, 0xfa, 0x2a, 0x4b, 0x78, 0x25, 0x4e, 0x00, 0xff, 0xfa, 0x2a, 0x4f, 0x78, 0x27, 0x4e, 0x00, 0xff, 0xfa,
    0x2a, 0x53, 0x78, 0x29, 0x4e, 0x00, 0xff, 0xfa, 0x2a, 0x57, 0x78, 0x2b, 0x4e, 0x00, 0xff, 0xfa, 0x2a, 0x4d, 0x78,
    0x26, 0x4e, 0x00, 0xff, 0xfa, 0x2a, 0x51, 0x78, 0x28, 0x4e, 0x00, 0xff, 0xfa, 0x2a, 0x55, 0x78, 0x2a, 0x4e, 0x00,
    0xff, 0xfa, 0x2a, 0x59, 0x78, 0x2c, 0x4e, 0x00, 0xff, 0x25, 0x00, 0x10, 0xcc, 0x25, 0x2d, 0x03, 0x18, 0x27, 0x00,
    0x10, 0xcc, 0x27, 0x2d, 0x03, 0x18, 0x29, 0x00, 0x10, 0xcc, 0x29, 0x2d, 0x03, 0x18, 0x2b, 0x00, 0x10, 0xcc, 0x2b,
    0x2d, 0x03, 0x18, 0x26, 0x00, 0x10, 0xcc, 0x26, 0x2f, 0x03, 0x18, 0x28, 0x00, 0x10, 0xcc, 0x28, 0x2f, 0x03, 0x18,
    0x2a, 0x00, 0x10, 0xcc, 0x2a, 0x2f, 0x03, 0x18, 0x2c, 0x00, 0x10, 0xcc, 0x2c, 0x2f, 0x03, 0x18, 0x90, 0x00, 0x38,
    0x17, 0xa0, 0x00, 0x43, 0xd5, 0xff, 0x08, 0xf8, 0x05, 0x00, 0x04, 0x00, 0x00, 0x00, 0x00, 0x7c, 0xdb, 0x9c, 0x25,
    0x00, 0x00, 0x40, 0x10, 0x7c, 0xdb, 0x9c, 0x29, 0x00, 0x00, 0x00, 0x00, 0xd8, 0xd8, 0xa0, 0x00, 0x00, 0x25, 0x80,
    0x00, 0xd8, 0xd8, 0xa0, 0x00, 0x00, 0x26, 0x00, 0x01, 0xd8, 0xd8, 0xa0, 0x00, 0x00, 0x27, 0x80, 0x01, 0xd8, 0xd8,
    0xa0, 0x00, 0x00, 0x28, 0x00, 0x02, 0xd8, 0xd8, 0xa0, 0x00, 0x00, 0x29, 0x80, 0x02, 0xd8, 0xd8, 0xa0, 0x00, 0x00,
    0x2a, 0x00, 0x03, 0xd8, 0xd8, 0xa0, 0x00, 0x00, 0x2b, 0x80, 0x03, 0xd8, 0xd8, 0xa0, 0x00, 0x00, 0x2c, 0x70, 0xff,
    0x8c, 0xbf, 0x1e, 0x50, 0x0e, 0xcc, 0x1e, 0x0b, 0x74, 0x0c, 0x20, 0x50, 0x0e, 0xcc, 0x20, 0x0b, 0x7c, 0x0c, 0x22,
    0x50, 0x0e, 0xcc, 0x22, 0x0b, 0x84, 0x0c, 0x24, 0x50, 0x0e, 0xcc, 0x24, 0x0b, 0x8c, 0x0c, 0x1e, 0x10, 0x0f, 0xcc,
    0x1e, 0x3b, 0x02, 0x08, 0x20, 0x10, 0x0f, 0xcc, 0x20, 0x3f, 0x02, 0x08, 0x22, 0x10, 0x0f, 0xcc, 0x22, 0x43, 0x02,
    0x08, 0x24, 0x10, 0x0f, 0xcc, 0x24, 0x47, 0x02, 0x08, 0xfa, 0x2a, 0x3b, 0x78, 0x1d, 0xb1, 0x00, 0xff, 0xfa, 0x2a,
    0x3f, 0x78, 0x1f, 0xb1, 0x00, 0xff, 0xfa, 0x2a, 0x43, 0x78, 0x21, 0xb1, 0x00, 0xff, 0xfa, 0x2a, 0x47, 0x78, 0x23,
    0xb1, 0x00, 0xff, 0xfa, 0x2a, 0x3d, 0x78, 0x1e, 0xb1, 0x00, 0xff, 0xfa, 0x2a, 0x41, 0x78, 0x20, 0xb1, 0x00, 0xff,
    0xfa, 0x2a, 0x45, 0x78, 0x22, 0xb1, 0x00, 0xff, 0xfa, 0x2a, 0x49, 0x78, 0x24, 0xb1, 0x00, 0xff, 0xfa, 0x2a, 0x3b,
    0x78, 0x1d, 0x4e, 0x00, 0xff, 0xfa, 0x2a, 0x3f, 0x78, 0x1f, 0x4e, 0x00, 0xff, 0xfa, 0x2a, 0x43, 0x78, 0x21, 0x4e,
    0x00, 0xff, 0xfa, 0x2a, 0x47, 0x78, 0x23, 0x4e, 0x00, 0xff, 0xfa, 0x2a, 0x3d, 0x78, 0x1e, 0x4e, 0x00, 0xff, 0xfa,
    0x2a, 0x41, 0x78, 0x20, 0x4e, 0x00, 0xff, 0xfa, 0x2a, 0x45, 0x78, 0x22, 0x4e, 0x00, 0xff, 0xfa, 0x2a, 0x49, 0x78,
    0x24, 0x4e, 0x00, 0xff, 0x1d, 0x00, 0x10, 0xcc, 0x1d, 0x2d, 0x03, 0x18, 0x1f, 0x00, 0x10, 0xcc, 0x1f, 0x2d, 0x03,
    0x18, 0x21, 0x00, 0x10, 0xcc, 0x21, 0x2d, 0x03, 0x18, 0x23, 0x00, 0x10, 0xcc, 0x23, 0x2d, 0x03, 0x18, 0x1e, 0x00,
    0x10, 0xcc, 0x1e, 0x2f, 0x03, 0x18, 0x20, 0x00, 0x10, 0xcc, 0x20, 0x2f, 0x03, 0x18, 0x22, 0x00, 0x10, 0xcc, 0x22,
    0x2f, 0x03, 0x18, 0x24, 0x00, 0x10, 0xcc, 0x24, 0x2f, 0x03, 0x18, 0x90, 0x00, 0x38, 0x17, 0xa0, 0x00, 0x43, 0xd5,
    0xff, 0x08, 0xf8, 0x05, 0x00, 0x04, 0x00, 0x00, 0x00, 0x00, 0x7c, 0xdb, 0x9c, 0x1d, 0x00, 0x00, 0x40, 0x10, 0x7c,
    0xdb, 0x9c, 0x21, 0x00, 0x00, 0x00, 0x00, 0xd8, 0xd8, 0xa0, 0x00, 0x00, 0x1d, 0x80, 0x00, 0xd8, 0xd8, 0xa0, 0x00,
    0x00, 0x1e, 0x00, 0x01, 0xd8, 0xd8, 0xa0, 0x00, 0x00, 0x1f, 0x80, 0x01, 0xd8, 0xd8, 0xa0, 0x00, 0x00, 0x20, 0x00,
    0x02, 0xd8, 0xd8, 0xa0, 0x00, 0x00, 0x21, 0x80, 0x02, 0xd8, 0xd8, 0xa0, 0x00, 0x00, 0x22, 0x00, 0x03, 0xd8, 0xd8,
    0xa0, 0x00, 0x00, 0x23, 0x80, 0x03, 0xd8, 0xd8, 0xa0, 0x00, 0x00, 0x24, 0x70, 0xbf, 0x8c, 0xbf, 0x16, 0x50, 0x0e,
    0xcc, 0x16, 0x0b, 0x54, 0x0c, 0x18, 0x50, 0x0e, 0xcc, 0x18, 0x0b, 0x5c, 0x0c, 0x1a, 0x50, 0x0e, 0xcc, 0x1a, 0x0b,
    0x64, 0x0c, 0x1c, 0x50, 0x0e, 0xcc, 0x1c, 0x0b, 0x6c, 0x0c, 0x16, 0x10, 0x0f, 0xcc, 0x16, 0x2b, 0x02, 0x08, 0x18,
    0x10, 0x0f, 0xcc, 0x18, 0x2f, 0x02, 0x08, 0x1a, 0x10, 0x0f, 0xcc, 0x1a, 0x33, 0x02, 0x08, 0x1c, 0x10, 0x0f, 0xcc,
    0x1c, 0x37, 0x02, 0x08, 0xfa, 0x2a, 0x2b, 0x78, 0x15, 0xb1, 0x00, 0xff, 0xfa, 0x2a, 0x2f, 0x78, 0x17, 0xb1, 0x00,
    0xff, 0xfa, 0x2a, 0x33, 0x78, 0x19, 0xb1, 0x00, 0xff, 0xfa, 0x2a, 0x37, 0x78, 0x1b, 0xb1, 0x00, 0xff, 0xfa, 0x2a,
    0x2d, 0x78, 0x16, 0xb1, 0x00, 0xff, 0xfa, 0x2a, 0x31, 0x78, 0x18, 0xb1, 0x00, 0xff, 0xfa, 0x2a, 0x35, 0x78, 0x1a,
    0xb1, 0x00, 0xff, 0xfa, 0x2a, 0x39, 0x78, 0x1c, 0xb1, 0x00, 0xff, 0xfa, 0x2a, 0x2b, 0x78, 0x15, 0x4e, 0x00, 0xff,
    0xfa, 0x2a, 0x2f, 0x78, 0x17, 0x4e, 0x00, 0xff, 0xfa, 0x2a, 0x33, 0x78, 0x19, 0x4e, 0x00, 0xff, 0xfa, 0x2a, 0x37,
    0x78, 0x1b, 0x4e, 0x00, 0xff, 0xfa, 0x2a, 0x2d, 0x78, 0x16, 0x4e, 0x00, 0xff, 0xfa, 0x2a, 0x31, 0x78, 0x18, 0x4e,
    0x00, 0xff, 0xfa, 0x2a, 0x35, 0x78, 0x1a, 0x4e, 0x00, 0xff, 0xfa, 0x2a, 0x39, 0x78, 0x1c, 0x4e, 0x00, 0xff, 0x15,
    0x00, 0x10, 0xcc, 0x15, 0x2d, 0x03, 0x18, 0x17, 0x00, 0x10, 0xcc, 0x17, 0x2d, 0x03, 0x18, 0x19, 0x00, 0x10, 0xcc,
    0x19, 0x2d, 0x03, 0x18, 0x1b, 0x00, 0x10, 0xcc, 0x1b, 0x2d, 0x03, 0x18, 0x16, 0x00, 0x10, 0xcc, 0x16, 0x2f, 0x03,
    0x18, 0x18, 0x00, 0x10, 0xcc, 0x18, 0x2f, 0x03, 0x18, 0x1a, 0x00, 0x10, 0xcc, 0x1a, 0x2f, 0x03, 0x18, 0x1c, 0x00,
    0x10, 0xcc, 0x1c, 0x2f, 0x03, 0x18, 0x90, 0x00, 0x38, 0x17, 0xa0, 0x00, 0x43, 0xd5, 0xff, 0x08, 0xf8, 0x05, 0x00,
    0x04, 0x00, 0x00, 0x00, 0x00, 0x7c, 0xdb, 0x9c, 0x15, 0x00, 0x00, 0x40, 0x10, 0x7c, 0xdb, 0x9c, 0x19, 0x00, 0x00,
    0x00, 0x00, 0xd8, 0xd8, 0xa0, 0x00, 0x00, 0x15, 0x80, 0x00, 0xd8, 0xd8, 0xa0, 0x00, 0x00, 0x16, 0x00, 0x01, 0xd8,
    0xd8, 0xa0, 0x00, 0x00, 0x17, 0x80, 0x01, 0xd8, 0xd8, 0xa0, 0x00, 0x00, 0x18, 0x00, 0x02, 0xd8, 0xd8, 0xa0, 0x00,
    0x00, 0x19, 0x80, 0x02, 0xd8, 0xd8, 0xa0, 0x00, 0x00, 0x1a, 0x00, 0x03, 0xd8, 0xd8, 0xa0, 0x00, 0x00, 0x1b, 0x80,
    0x03, 0xd8, 0xd8, 0xa0, 0x00, 0x00, 0x1c, 0x70, 0x7f, 0x8c, 0xbf, 0x0e, 0x50, 0x0e, 0xcc, 0x0e, 0x0b, 0x34, 0x0c,
    0x10, 0x50, 0x0e, 0xcc, 0x10, 0x0b, 0x3c, 0x0c, 0x12, 0x50, 0x0e, 0xcc, 0x12, 0x0b, 0x44, 0x0c, 0x14, 0x50, 0x0e,
    0xcc, 0x14, 0x0b, 0x4c, 0x0c, 0x0e, 0x10, 0x0f, 0xcc, 0x0e, 0x1b, 0x02, 0x08, 0x10, 0x10, 0x0f, 0xcc, 0x10, 0x1f,
    0x02, 0x08, 0x12, 0x10, 0x0f, 0xcc, 0x12, 0x23, 0x02, 0x08, 0x14, 0x10, 0x0f, 0xcc, 0x14, 0x27, 0x02, 0x08, 0xfa,
    0x2a, 0x1b, 0x78, 0x0d, 0xb1, 0x00, 0xff, 0xfa, 0x2a, 0x1f, 0x78, 0x0f, 0xb1, 0x00, 0xff, 0xfa, 0x2a, 0x23, 0x78,
    0x11, 0xb1, 0x00, 0xff, 0xfa, 0x2a, 0x27, 0x78, 0x13, 0xb1, 0x00, 0xff, 0xfa, 0x2a, 0x1d, 0x78, 0x0e, 0xb1, 0x00,
    0xff, 0xfa, 0x2a, 0x21, 0x78, 0x10, 0xb1, 0x00, 0xff, 0xfa, 0x2a, 0x25, 0x78, 0x12, 0xb1, 0x00, 0xff, 0xfa, 0x2a,
    0x29, 0x78, 0x14, 0xb1, 0x00, 0xff, 0xfa, 0x2a, 0x1b, 0x78, 0x0d, 0x4e, 0x00, 0xff, 0xfa, 0x2a, 0x1f, 0x78, 0x0f,
    0x4e, 0x00, 0xff, 0xfa, 0x2a, 0x23, 0x78, 0x11, 0x4e, 0x00, 0xff, 0xfa, 0x2a, 0x27, 0x78, 0x13, 0x4e, 0x00, 0xff,
    0xfa, 0x2a, 0x1d, 0x78, 0x0e, 0x4e, 0x00, 0xff, 0xfa, 0x2a, 0x21, 0x78, 0x10, 0x4e, 0x00, 0xff, 0xfa, 0x2a, 0x25,
    0x78, 0x12, 0x4e, 0x00, 0xff, 0xfa, 0x2a, 0x29, 0x78, 0x14, 0x4e, 0x00, 0xff, 0x0d, 0x00, 0x10, 0xcc, 0x0d, 0x2d,
    0x03, 0x18, 0x0f, 0x00, 0x10, 0xcc, 0x0f, 0x2d, 0x03, 0x18, 0x11, 0x00, 0x10, 0xcc, 0x11, 0x2d, 0x03, 0x18, 0x13,
    0x00, 0x10, 0xcc, 0x13, 0x2d, 0x03, 0x18, 0x0e, 0x00, 0x10, 0xcc, 0x0e, 0x2f, 0x03, 0x18, 0x10, 0x00, 0x10, 0xcc,
    0x10, 0x2f, 0x03, 0x18, 0x12, 0x00, 0x10, 0xcc, 0x12, 0x2f, 0x03, 0x18, 0x14, 0x00, 0x10, 0xcc, 0x14, 0x2f, 0x03,
    0x18, 0x90, 0x00, 0x38, 0x17, 0xa0, 0x00, 0x43, 0xd5, 0xff, 0x08, 0xf8, 0x05, 0x00, 0x04, 0x00, 0x00, 0x00, 0x00,
    0x7c, 0xdb, 0x9c, 0x0d, 0x00, 0x00, 0x40, 0x10, 0x7c, 0xdb, 0x9c, 0x11, 0x00, 0x00, 0x00, 0x00, 0xd8, 0xd8, 0xa0,
    0x00, 0x00, 0x0d, 0x80, 0x00, 0xd8, 0xd8, 0xa0, 0x00, 0x00, 0x0e, 0x00, 0x01, 0xd8, 0xd8, 0xa0, 0x00, 0x00, 0x0f,
    0x80, 0x01, 0xd8, 0xd8, 0xa0, 0x00, 0x00, 0x10, 0x00, 0x02, 0xd8, 0xd8, 0xa0, 0x00, 0x00, 0x11, 0x80, 0x02, 0xd8,
    0xd8, 0xa0, 0x00, 0x00, 0x12, 0x00, 0x03, 0xd8, 0xd8, 0xa0, 0x00, 0x00, 0x13, 0x80, 0x03, 0xd8, 0xd8, 0xa0, 0x00,
    0x00, 0x14, 0x70, 0x3f, 0x8c, 0xbf, 0x06, 0x50, 0x0e, 0xcc, 0x06, 0x0b, 0x14, 0x0c, 0x08, 0x50, 0x0e, 0xcc, 0x08,
    0x0b, 0x1c, 0x0c, 0x0a, 0x50, 0x0e, 0xcc, 0x0a, 0x0b, 0x24, 0x0c, 0x0c, 0x50, 0x0e, 0xcc, 0x0c, 0x0b, 0x2c, 0x0c,
    0x06, 0x10, 0x0f, 0xcc, 0x06, 0x0b, 0x02, 0x08, 0x08, 0x10, 0x0f, 0xcc, 0x08, 0x0f, 0x02, 0x08, 0x0a, 0x10, 0x0f,
    0xcc, 0x0a, 0x13, 0x02, 0x08, 0x0c, 0x10, 0x0f, 0xcc, 0x0c, 0x17, 0x02, 0x08, 0xfa, 0x2a, 0x0b, 0x78, 0x05, 0xb1,
    0x00, 0xff, 0xfa, 0x2a, 0x0f, 0x78, 0x07, 0xb1, 0x00, 0xff, 0xfa, 0x2a, 0x13, 0x78, 0x09, 0xb1, 0x00, 0xff, 0xfa,
    0x2a, 0x17, 0x78, 0x0b, 0xb1, 0x00, 0xff, 0xfa, 0x2a, 0x0d, 0x78, 0x06, 0xb1, 0x00, 0xff, 0xfa, 0x2a, 0x11, 0x78,
    0x08, 0xb1, 0x00, 0xff, 0xfa, 0x2a, 0x15, 0x78, 0x0a, 0xb1, 0x00, 0xff, 0xfa, 0x2a, 0x19, 0x78, 0x0c, 0xb1, 0x00,
    0xff, 0xfa, 0x2a, 0x0b, 0x78, 0x05, 0x4e, 0x00, 0xff, 0xfa, 0x2a, 0x0f, 0x78, 0x07, 0x4e, 0x00, 0xff, 0xfa, 0x2a,
    0x13, 0x78, 0x09, 0x4e, 0x00, 0xff, 0xfa, 0x2a, 0x17, 0x78, 0x0b, 0x4e, 0x00, 0xff, 0xfa, 0x2a, 0x0d, 0x78, 0x06,
    0x4e, 0x00, 0xff, 0xfa, 0x2a, 0x11, 0x78, 0x08, 0x4e, 0x00, 0xff, 0xfa, 0x2a, 0x15, 0x78, 0x0a, 0x4e, 0x00, 0xff,
    0xfa, 0x2a, 0x19, 0x78, 0x0c, 0x4e, 0x00, 0xff, 0x05, 0x00, 0x10, 0xcc, 0x05, 0x2d, 0x03, 0x18, 0x07, 0x00, 0x10,
    0xcc, 0x07, 0x2d, 0x03, 0x18, 0x09, 0x00, 0x10, 0xcc, 0x09, 0x2d, 0x03, 0x18, 0x0b, 0x00, 0x10, 0xcc, 0x0b, 0x2d,
    0x03, 0x18, 0x06, 0x00, 0x10, 0xcc, 0x06, 0x2f, 0x03, 0x18, 0x08, 0x00, 0x10, 0xcc, 0x08, 0x2f, 0x03, 0x18, 0x0a,
    0x00, 0x10, 0xcc, 0x0a, 0x2f, 0x03, 0x18, 0x0c, 0x00, 0x10, 0xcc, 0x0c, 0x2f, 0x03, 0x18, 0x90, 0x00, 0x38, 0x17,
    0xa0, 0x00, 0x43, 0xd5, 0xff, 0x08, 0xf8, 0x05, 0x00, 0x04, 0x00, 0x00, 0x00, 0x00, 0x7c, 0xdb, 0x9c, 0x05, 0x00,
    0x00, 0x40, 0x10, 0x7c, 0xdb, 0x9c, 0x09, 0x00, 0x00, 0x00, 0x00, 0xd8, 0xd8, 0xa0, 0x00, 0x00, 0x05, 0x80, 0x00,
    0xd8, 0xd8, 0xa0, 0x00, 0x00, 0x06, 0x00, 0x01, 0xd8, 0xd8, 0xa0, 0x00, 0x00, 0x07, 0x80, 0x01, 0xd8, 0xd8, 0xa0,
    0x00, 0x00, 0x08, 0x00, 0x02, 0xd8, 0xd8, 0xa0, 0x00, 0x00, 0x09, 0x80, 0x02, 0xd8, 0xd8, 0xa0, 0x00, 0x00, 0x0a,
    0x00, 0x03, 0xd8, 0xd8, 0xa0, 0x00, 0x00, 0x0b, 0x80, 0x03, 0xd8, 0xd8, 0xa0, 0x00, 0x00, 0x0c, 0x00, 0x00, 0x8c,
    0xbf, 0x3d, 0x00, 0x60, 0xd7, 0x7f, 0x01, 0x01, 0x00, 0x3e, 0x00, 0x60, 0xd7, 0x7f, 0x03, 0x01, 0x00, 0x3f, 0x00,
    0x60, 0xd7, 0x7f, 0x05, 0x01, 0x00, 0x40, 0x00, 0x60, 0xd7, 0x7f, 0x07, 0x01, 0x00, 0x88, 0x00, 0x43, 0xd5, 0x04,
    0xfe, 0x21, 0x06, 0x00, 0x01, 0x00, 0x00, 0x94, 0x00, 0x43, 0xd5, 0x04, 0xfe, 0x51, 0x06, 0x00, 0x01, 0x00, 0x00,
    0x84, 0x00, 0x43, 0xd5, 0x04, 0xfe, 0x11, 0x06, 0x00, 0x02, 0x00, 0x00, 0x14, 0x04, 0x09, 0x93, 0x1a, 0x09, 0x1a,
    0x80, 0x1b, 0x80, 0x1b, 0x82, 0x83, 0x00, 0x88, 0x37, 0x82, 0x00, 0x90, 0x2d, 0x98, 0x00, 0x42, 0xd5, 0xc8, 0x05,
    0x11, 0x07, 0x98, 0x00, 0x09, 0xd5, 0x98, 0x05, 0x01, 0x00, 0xbf, 0x00, 0x38, 0x37, 0x9c, 0x00, 0x09, 0xd5, 0x9c,
    0x05, 0x01, 0x00, 0xa0, 0x00, 0x42, 0xd5, 0xc0, 0x04, 0x71, 0x06, 0x18, 0xf4, 0x89, 0x83, 0x19, 0x80, 0x06, 0xbf,
    0x09, 0xf4, 0x09, 0x85, 0x18, 0x09, 0x98, 0x80, 0x19, 0x80, 0x99, 0x82, 0x98, 0x6a, 0x0f, 0xd7, 0x98, 0x13, 0x00,
    0x00, 0x1a, 0xf4, 0x89, 0x83, 0x1b, 0x80, 0x06, 0xbf, 0x09, 0xf4, 0x09, 0x85, 0x1a, 0x09, 0x9a, 0x80, 0x1b, 0x80,
    0x9b, 0x82, 0x9c, 0x6a, 0x0f, 0xd7, 0x9c, 0x13, 0x00, 0x00, 0xa0, 0x6a, 0x0f, 0xd7, 0xa0, 0x13, 0x00, 0x00, 0x80,
    0x03, 0xbc, 0xbe, 0x82, 0x00, 0xae, 0x35, 0xd7, 0x6a, 0x0f, 0xd7, 0xff, 0xae, 0x03, 0x00, 0x00, 0xc4, 0x00, 0x00,
    0x8c, 0x00, 0x8c, 0x7d, 0x04, 0x00, 0x86, 0xbf, 0x80, 0x02, 0xac, 0x7f, 0xc1, 0xae, 0xaf, 0x03, 0x00, 0x00, 0x34,
    0xd8, 0xd7, 0xd6, 0x00, 0x00, 0x0c, 0x81, 0x46, 0x80, 0x46, 0xc2, 0x46, 0x87, 0x10, 0x46, 0x44, 0x93, 0x10, 0x46,
    0xc5, 0x9a, 0x18, 0x44, 0x18, 0x80, 0x19, 0x45, 0x19, 0x82, 0x10, 0x81, 0x10, 0x8f, 0x0e, 0x08, 0xc4, 0x80, 0x44,
    0xff, 0x44, 0x93, 0x00, 0x01, 0x00, 0x00, 0x1c, 0x44, 0x9c, 0x80, 0x1d, 0x80, 0x9d, 0x82, 0xff, 0x03, 0x89, 0xbe,
    0x00, 0x15, 0x00, 0x00, 0xff, 0x03, 0x8a, 0xbe, 0x00, 0x15, 0x00, 0x00, 0xff, 0x03, 0x8b, 0xbe, 0x00, 0x15, 0x00,
    0x00, 0x0f, 0x81, 0x8f, 0x80, 0x0f, 0x08, 0x8f, 0x80, 0x85, 0x1c, 0x85, 0xbf, 0x0f, 0x0e, 0x41, 0x80, 0x0f, 0x0e,
    0x42, 0x80, 0x1c, 0x04, 0xb8, 0xbe, 0xc1, 0x03, 0xba, 0xbe, 0xff, 0x03, 0xbb, 0xbe, 0x00, 0x40, 0x01, 0x31, 0x86,
    0x81, 0xc4, 0x80, 0x82, 0x00, 0x88, 0x35, 0x0e, 0xff, 0x45, 0x93, 0x00, 0x01, 0x00, 0x00, 0x0b, 0xff, 0x7c, 0x80,
    0x38, 0xc4, 0x00, 0x00, 0x38, 0x45, 0x38, 0x80, 0x39, 0x80, 0x39, 0x82, 0xc4, 0x00, 0x1b, 0xd5, 0xc4, 0xff, 0x01,
    0x00, 0xff, 0x00, 0x00, 0x00, 0x00, 0x10, 0x31, 0xe0, 0xc4, 0xc4, 0x0e, 0x80, 0x0b, 0xff, 0x8b, 0x80, 0x00, 0x01,
    0x00, 0x00, 0xff, 0x0b, 0x0b, 0x85, 0x00, 0x15, 0x00, 0x00, 0x0f, 0x0e, 0x8f, 0x80, 0x80, 0x3b, 0x3b, 0x85, 0x44,
    0x81, 0xc4, 0x80, 0xec, 0xff, 0x84, 0xbf, 0x0c, 0x81, 0x52, 0x80, 0x52, 0x81, 0x52, 0x90, 0x88, 0x52, 0xd1, 0x80,
    0x02, 0x00, 0x85, 0xbf, 0x51, 0x52, 0xd1, 0x80, 0xfe, 0xff, 0x84, 0xbf, 0x51, 0x52, 0x51, 0x80, 0x52, 0x81, 0xd2,
    0x80, 0x00, 0x1f, 0xc8, 0xbe, 0x48, 0xff, 0x48, 0x80, 0xe8, 0x2d, 0x00, 0x00, 0x49, 0x80, 0x49, 0x82, 0x00, 0x1f,
    0xc6, 0xbe, 0x46, 0xff, 0x46, 0x80, 0xd8, 0x2f, 0x00, 0x00, 0x47, 0x80, 0x47, 0x82, 0x00, 0x1f, 0xca, 0xbe, 0x4a,
    0xff, 0x4a, 0x80, 0x64, 0x71, 0x00, 0x00, 0x4b, 0x80, 0x4b, 0x82, 0xff, 0x03, 0xa2, 0xbe, 0x00, 0x00, 0x00, 0x80,
    0xff, 0x03, 0xa6, 0xbe, 0x00, 0x00, 0x00, 0x80, 0xff, 0x03, 0xa3, 0xbe, 0x00, 0x40, 0x01, 0x31, 0xff, 0x03, 0xa7,
    0xbe, 0x00, 0x40, 0x01, 0x31, 0x0d, 0x81, 0xd4, 0x80, 0x54, 0x04, 0xd4, 0x80, 0xff, 0x03, 0xaa, 0xbe, 0x00, 0x00,
    0x00, 0x80, 0x80, 0xff, 0x2b, 0x85, 0x00, 0x40, 0x01, 0x31, 0x54, 0x84, 0xd4, 0x80, 0xff, 0x03, 0xae, 0xbe, 0x00,
    0x00, 0x00, 0x80, 0x80, 0xff, 0x2f, 0x85, 0x00, 0x40, 0x01, 0x31, 0x54, 0x84, 0xd4, 0x80, 0xff, 0x03, 0xb2, 0xbe,
    0x00, 0x00, 0x00, 0x80, 0x80, 0xff, 0x33, 0x85, 0x00, 0x40, 0x01, 0x31, 0x54, 0x84, 0xd4, 0x80, 0xff, 0x03, 0xb6,
    0xbe, 0x00, 0x00, 0x00, 0x80, 0x80, 0xff, 0x37, 0x85, 0x00, 0x40, 0x01, 0x31, 0x0d, 0x83, 0x54, 0x80, 0x54, 0xc4,
    0x54, 0x87, 0x0d, 0x81, 0xd4, 0x80, 0x35, 0x1c, 0x85, 0xbf, 0x1f, 0x88, 0x0d, 0xbf, 0x1c, 0x00, 0x85, 0xbf, 0x6a,
    0x00, 0xcc, 0xd4, 0x1e, 0xfe, 0x01, 0x00, 0x00, 0x3c, 0x00, 0x00, 0x0c, 0x00, 0x87, 0xbf, 0xff, 0x03, 0xd3, 0xbe,
    0x80, 0x02, 0x00, 0x00, 0x54, 0x84, 0xd4, 0x80, 0xff, 0x53, 0x53, 0x85, 0x80, 0x36, 0x00, 0x00, 0x54, 0x84, 0xd4,
    0x80, 0xff, 0x53, 0x53, 0x85, 0x80, 0x28, 0x00, 0x00, 0x54, 0x84, 0xd4, 0x80, 0xff, 0x53, 0x53, 0x85, 0x80, 0x16,
    0x00, 0x00, 0x17, 0x00, 0x82, 0xbf, 0xff, 0x03, 0xd3, 0xbe, 0x80, 0x08, 0x00, 0x00, 0x54, 0x84, 0xd4, 0x80, 0xff,
    0x53, 0x53, 0x85, 0x80, 0x3a, 0x00, 0x00, 0x54, 0x84, 0xd4, 0x80, 0xff, 0x53, 0x53, 0x85, 0x80, 0x2c, 0x00, 0x00,
    0x54, 0x84, 0xd4, 0x80, 0xff, 0x53, 0x53, 0x85, 0x80, 0x1c, 0x00, 0x00, 0x0b, 0x00, 0x82, 0xbf, 0xff, 0x03, 0xd3,
    0xbe, 0x80, 0x0e, 0x00, 0x00, 0x54, 0x84, 0xd4, 0x80, 0xff, 0x53, 0x53, 0x85, 0x80, 0x3e, 0x00, 0x00, 0x54, 0x84,
    0xd4, 0x80, 0xff, 0x53, 0x53, 0x85, 0x80, 0x30, 0x00, 0x00, 0x54, 0x84, 0xd4, 0x80, 0xff, 0x53, 0x53, 0x85, 0x80,
    0x22, 0x00, 0x00, 0x75, 0x3f, 0x8c, 0xbf, 0x09, 0xff, 0x7c, 0x80, 0x38, 0xc4, 0x00, 0x00, 0x00, 0x00, 0xc4, 0xda,
    0x00, 0x00, 0x00, 0xc8, 0x09, 0xff, 0x89, 0x80, 0x00, 0x01, 0x00, 0x00, 0xff, 0x09, 0x09, 0x85, 0x00, 0x15, 0x00,
    0x00, 0x00, 0x1f, 0xcc, 0xbe, 0x4c, 0xff, 0x4c, 0x80, 0x54, 0x05, 0x00, 0x00, 0x4d, 0x80, 0x4d, 0x82, 0x96, 0x03,
    0xd0, 0xbe, 0x00, 0x00, 0x8c, 0xbf, 0x7f, 0xc0, 0x8c, 0xbf, 0x00, 0x00, 0x8a, 0xbf, 0x13, 0x0b, 0x82, 0xbf, 0x00,
    0x00, 0x80, 0xbf, 0x00, 0x00, 0x80, 0xbf, 0x00, 0x00, 0x80, 0xbf, 0x00, 0x00, 0x80, 0xbf, 0x00, 0x00, 0x80, 0xbf,
    0x00, 0x00, 0x80, 0xbf, 0x00, 0x00, 0x80, 0xbf, 0x00, 0x00, 0x80, 0xbf, 0x00, 0x00, 0x80, 0xbf, 0x00, 0x00, 0x80,
    0xbf, 0x00, 0x00, 0x80, 0xbf, 0x00, 0x00, 0x80, 0xbf, 0x00, 0x00, 0x80, 0xbf, 0x00, 0x00, 0x80, 0xbf, 0x00, 0x00,
    0x80, 0xbf, 0x00, 0x00, 0x80, 0xbf, 0x00, 0x00, 0x80, 0xbf, 0x00, 0x00, 0x80, 0xbf, 0x00, 0x00, 0x80, 0xbf, 0x00,
    0x00, 0x80, 0xbf, 0x00, 0x00, 0x80, 0xbf, 0x00, 0x00, 0x80, 0xbf, 0x00, 0x00, 0x80, 0xbf, 0x00, 0x00, 0x80, 0xbf,
    0x00, 0x00, 0x80, 0xbf, 0x00, 0x00, 0x80, 0xbf, 0x00, 0x00, 0x80, 0xbf, 0x00, 0x00, 0x80, 0xbf, 0x00, 0x00, 0x80,
    0xbf, 0x00, 0x00, 0x80, 0xbf, 0x00, 0x00, 0x80, 0xbf, 0x00, 0x00, 0x80, 0xbf, 0x00, 0x00, 0x80, 0xbf, 0x00, 0x00,
    0x80, 0xbf, 0x00, 0x00, 0x80, 0xbf, 0x00, 0x00, 0x80, 0xbf, 0x00, 0x00, 0x80, 0xbf, 0x00, 0x00, 0x80, 0xbf, 0x00,
    0x00, 0x80, 0xbf, 0x00, 0x00, 0x80, 0xbf, 0x00, 0x00, 0x80, 0xbf, 0x00, 0x00, 0x80, 0xbf, 0x00, 0x00, 0x80, 0xbf,
    0x00, 0x00, 0x80, 0xbf, 0x00, 0x00, 0x80, 0xbf, 0x00, 0x00, 0x80, 0xbf, 0x00, 0x00, 0x80, 0xbf, 0x00, 0x00, 0x80,
    0xbf, 0x00, 0x00, 0x80, 0xbf, 0x00, 0x00, 0x80, 0xbf, 0x00, 0x00, 0x80, 0xbf, 0x00, 0x00, 0x80, 0xbf, 0x00, 0x00,
    0x80, 0xbf, 0x00, 0x00, 0x80, 0xbf, 0x00, 0x00, 0x80, 0xbf, 0x00, 0x00, 0x80, 0xbf, 0x00, 0x00, 0x80, 0xbf, 0x00,
    0x00, 0x80, 0xbf, 0x00, 0x00, 0x80, 0xbf, 0x00, 0x00, 0x80, 0xbf, 0x00, 0x00, 0x80, 0xbf, 0x00, 0x00, 0x80, 0xbf,
    0x00, 0x00, 0x80, 0xbf, 0x00, 0x00, 0x80, 0xbf, 0x00, 0x00, 0x80, 0xbf, 0x00, 0x00, 0x80, 0xbf, 0x00, 0x00, 0x80,
    0xbf, 0x00, 0x00, 0x80, 0xbf, 0x00, 0x00, 0x80, 0xbf, 0x00, 0x00, 0x80, 0xbf, 0x00, 0x00, 0x80, 0xbf, 0x00, 0x00,
    0x80, 0xbf, 0x00, 0x00, 0x80, 0xbf, 0x00, 0x00, 0x80, 0xbf, 0x00, 0x00, 0x80, 0xbf, 0x00, 0x00, 0x80, 0xbf, 0x00,
    0x00, 0x80, 0xbf, 0x00, 0x00, 0x80, 0xbf, 0x00, 0x00, 0x80, 0xbf, 0x00, 0x00, 0x80, 0xbf, 0x00, 0x00, 0x80, 0xbf,
    0x00, 0x00, 0x80, 0xbf, 0x00, 0x00, 0x80, 0xbf, 0x00, 0x00, 0x80, 0xbf, 0x00, 0x00, 0x80, 0xbf, 0x00, 0x00, 0x80,
    0xbf, 0x00, 0x00, 0x80, 0xbf, 0x00, 0x00, 0x80, 0xbf, 0x00, 0x00, 0x80, 0xbf, 0x00, 0x00, 0x80, 0xbf, 0x00, 0x00,
    0x80, 0xbf, 0x00, 0x00, 0x80, 0xbf, 0x00, 0x00, 0x80, 0xbf, 0x00, 0x00, 0x80, 0xbf, 0x00, 0x00, 0x80, 0xbf, 0x00,
    0x00, 0x80, 0xbf, 0x00, 0x00, 0x80, 0xbf, 0x00, 0x00, 0x80, 0xbf, 0x00, 0x00, 0x80, 0xbf, 0x00, 0x00, 0x80, 0xbf,
    0x00, 0x00, 0x80, 0xbf, 0x00, 0x00, 0x80, 0xbf, 0x00, 0x00, 0x80, 0xbf, 0x00, 0x00, 0x80, 0xbf, 0x00, 0x00, 0x80,
    0xbf, 0x00, 0x00, 0x80, 0xbf, 0x00, 0x00, 0x80, 0xbf, 0x00, 0x00, 0x80, 0xbf, 0x00, 0x00, 0x80, 0xbf, 0x00, 0x00,
    0x80, 0xbf, 0x00, 0x00, 0x80, 0xbf, 0x00, 0x00, 0x80, 0xbf, 0x00, 0x00, 0x80, 0xbf, 0x00, 0x00, 0x80, 0xbf, 0x00,
    0x00, 0x80, 0xbf, 0xff, 0x03, 0xfd, 0xbe, 0xf0, 0xf0, 0xf0, 0x00, 0x70, 0x83, 0x8c, 0xbf, 0xe9, 0xfc, 0xfa, 0x78,
    0x9e, 0x00, 0x00, 0x00, 0xe9, 0xfe, 0x02, 0x79, 0x9e, 0x49, 0x92, 0x24, 0x01, 0x00, 0x8f, 0xbf, 0xe9, 0x04, 0x0b,
    0x79, 0x9e, 0x92, 0x24, 0x49, 0xe9, 0x06, 0x13, 0x79, 0x9e, 0xdb, 0xb6, 0x6d, 0xe9, 0xfc, 0x1a, 0x79, 0x9e, 0x24,
    0x49, 0x92, 0xe9, 0xfe, 0x22, 0x79, 0x9e, 0x6d, 0xdb, 0xb6, 0xe9, 0x04, 0x2b, 0x79, 0x9e, 0xb6, 0x6d, 0xdb, 0xe9,
    0x06, 0x33, 0x79, 0x9e, 0xff, 0xff, 0xff, 0xe9, 0xfc, 0x3a, 0x79, 0x9f, 0x00, 0x00, 0x00, 0xe9, 0xfe, 0x42, 0x79,
    0x9f, 0x49, 0x92, 0x24, 0xe9, 0x04, 0x4b, 0x79, 0x9f, 0x92, 0x24, 0x49, 0xe9, 0x06, 0x53, 0x79, 0x9f, 0xdb, 0xb6,
    0x6d, 0xe9, 0xfc, 0x5a, 0x79, 0x9f, 0x24, 0x49, 0x92, 0xe9, 0xfe, 0x62, 0x79, 0x9f, 0x6d, 0xdb, 0xb6, 0xe9, 0x04,
    0x6b, 0x79, 0x9f, 0xb6, 0x6d, 0xdb, 0xe9, 0x06, 0x73, 0x79, 0x9f, 0xff, 0xff, 0xff, 0xe9, 0x0c, 0x7b, 0x79, 0x9e,
    0x00, 0x00, 0x00, 0xe9, 0x0e, 0x83, 0x79, 0x9e, 0x49, 0x92, 0x24, 0xe9, 0x14, 0x8b, 0x79, 0x9e, 0x92, 0x24, 0x49,
    0xe9, 0x16, 0x93, 0x79, 0x9e, 0xdb, 0xb6, 0x6d, 0xe9, 0x0c, 0x9b, 0x79, 0x9e, 0x24, 0x49, 0x92, 0xe9, 0x0e, 0xa3,
    0x79, 0x9e, 0x6d, 0xdb, 0xb6, 0xe9, 0x14, 0xab, 0x79, 0x9e, 0xb6, 0x6d, 0xdb, 0xe9, 0x16, 0xb3, 0x79, 0x9e, 0xff,
    0xff, 0xff, 0xe9, 0x0c, 0xbb, 0x79, 0x9f, 0x00, 0x00, 0x00, 0xe9, 0x0e, 0xc3, 0x79, 0x9f, 0x49, 0x92, 0x24, 0xe9,
    0x14, 0xcb, 0x79, 0x9f, 0x92, 0x24, 0x49, 0xe9, 0x16, 0xd3, 0x79, 0x9f, 0xdb, 0xb6, 0x6d, 0xe9, 0x0c, 0xdb, 0x79,
    0x9f, 0x24, 0x49, 0x92, 0xe9, 0x0e, 0xe3, 0x79, 0x9f, 0x6d, 0xdb, 0xb6, 0xe9, 0x14, 0xeb, 0x79, 0x9f, 0xb6, 0x6d,
    0xdb, 0xe9, 0x16, 0xf3, 0x79, 0x9f, 0xff, 0xff, 0xff, 0xe9, 0x1c, 0xfb, 0x78, 0xa2, 0x00, 0x00, 0x00, 0xe9, 0x1e,
    0x03, 0x79, 0xa2, 0x49, 0x92, 0x24, 0xe9, 0x24, 0x0b, 0x79, 0xa2, 0x92, 0x24, 0x49, 0xe9, 0x26, 0x13, 0x79, 0xa2,
    0xdb, 0xb6, 0x6d, 0xe9, 0x1c, 0x1b, 0x79, 0xa2, 0x24, 0x49, 0x92, 0xe9, 0x1e, 0x23, 0x79, 0xa2, 0x6d, 0xdb, 0xb6,
    0xe9, 0x24, 0x2b, 0x79, 0xa2, 0xb6, 0x6d, 0xdb, 0xe9, 0x26, 0x33, 0x79, 0xa2, 0xff, 0xff, 0xff, 0xe9, 0x1c, 0x3b,
    0x79, 0xa3, 0x00, 0x00, 0x00, 0xe9, 0x1e, 0x43, 0x79, 0xa3, 0x49, 0x92, 0x24, 0xe9, 0x24, 0x4b, 0x79, 0xa3, 0x92,
    0x24, 0x49, 0xe9, 0x26, 0x53, 0x79, 0xa3, 0xdb, 0xb6, 0x6d, 0xe9, 0x1c, 0x5b, 0x79, 0xa3, 0x24, 0x49, 0x92, 0xe9,
    0x1e, 0x63, 0x79, 0xa3, 0x6d, 0xdb, 0xb6, 0xe9, 0x24, 0x6b, 0x79, 0xa3, 0xb6, 0x6d, 0xdb, 0xe9, 0x26, 0x73, 0x79,
    0xa3, 0xff, 0xff, 0xff, 0xe9, 0x2c, 0x7b, 0x79, 0xa2, 0x00, 0x00, 0x00, 0xe9, 0x2e, 0x83, 0x79, 0xa2, 0x49, 0x92,
    0x24, 0xff, 0x03, 0xfd, 0xbe, 0x36, 0x00, 0x82, 0xbf, 0xae, 0x48, 0x0e, 0xcc, 0xaf, 0x0b, 0xb8, 0x06, 0xe9, 0x34,
    0x8b, 0x79, 0xa2, 0x92, 0x24, 0x49, 0xb2, 0x48, 0x0e, 0xcc, 0xb3, 0x0b, 0xc8, 0x06, 0xe9, 0x36, 0x93, 0x79, 0xa2,
    0xdb, 0xb6, 0x6d, 0xaf, 0x58, 0x0e, 0xcc, 0xaf, 0x0b, 0xbc, 0x06, 0xe9, 0x2c, 0x9b, 0x79, 0xa2, 0x24, 0x49, 0x92,
    0xb3, 0x58, 0x0e, 0xcc, 0xb3, 0x0b, 0xcc, 0x06, 0xe9, 0x2e, 0xa3, 0x79, 0xa2, 0x6d, 0xdb, 0xb6, 0xfa, 0x02, 0x5c,
    0x79, 0xae, 0x5a, 0x00, 0xff, 0xe9, 0x34, 0xab, 0x79, 0xa2, 0xb6, 0x6d, 0xdb, 0xfa, 0x02, 0x64, 0x79, 0xb2, 0x5a,
    0x00, 0xff, 0xe9, 0x36, 0xb3, 0x79, 0xa2, 0xff, 0xff, 0xff, 0xfa, 0x02, 0x5e, 0x79, 0xaf, 0x5a, 0x00, 0xff, 0xe9,
    0x2c, 0xbb, 0x79, 0xa3, 0x00, 0x00, 0x00, 0xfa, 0x02, 0x66, 0x79, 0xb3, 0x5a, 0x00, 0xff, 0xe9, 0x2e, 0xc3, 0x79,
    0xa3, 0x49, 0x92, 0x24, 0x05, 0x87, 0x00, 0x7f, 0xe9, 0x34, 0xcb, 0x79, 0xa3, 0x92, 0x24, 0x49, 0xe9, 0x36, 0xd3,
    0x79, 0xa3, 0xdb, 0xb6, 0x6d, 0xe9, 0x2c, 0xdb, 0x79, 0xa3, 0x24, 0x49, 0x92, 0xe9, 0x2e, 0xe3, 0x79, 0xa3, 0x6d,
    0xdb, 0xb6, 0x02, 0x00, 0x80, 0xbf, 0xe9, 0x34, 0xeb, 0x79, 0xa3, 0xb6, 0x6d, 0xdb, 0xe9, 0x36, 0xf3, 0x79, 0xa3,
    0xff, 0xff, 0xff, 0x7f, 0xc0, 0x8c, 0xbf, 0x00, 0x00, 0x8f, 0xbf, 0x20, 0x10, 0xa0, 0x80, 0x21, 0x80, 0xa1, 0x82,
    0x24, 0x10, 0xa4, 0x80, 0x25, 0x80, 0xa5, 0x82, 0x43, 0x03, 0xa7, 0xbe, 0xff, 0x03, 0xfd, 0xbe, 0x16, 0x00, 0x82,
    0xbf, 0x00, 0x00, 0x80, 0xbf, 0x00, 0x00, 0x80, 0xbf, 0x00, 0x00, 0x80, 0xbf, 0x00, 0x00, 0x80, 0xbf, 0x07, 0x00,
    0xa1, 0xbf, 0x00, 0x10, 0x90, 0xe0, 0xa4, 0xa6, 0x08, 0x80, 0x00, 0x10, 0x90, 0xe0, 0xa8, 0xa7, 0x08, 0x80, 0x00,
    0x10, 0x94, 0xe0, 0xac, 0xa7, 0x08, 0x80, 0x00, 0x10, 0x94, 0xe0, 0xb0, 0xa6, 0x08, 0x80, 0x00, 0x10, 0x90, 0xe0,
    0xa4, 0xaa, 0x09, 0x80, 0x00, 0x10, 0x90, 0xe0, 0xa8, 0xab, 0x09, 0x80, 0x00, 0x10, 0x94, 0xe0, 0xac, 0xab, 0x09,
    0x80, 0x00, 0x10, 0x94, 0xe0, 0xb0, 0xaa, 0x09, 0x80, 0xff, 0x03, 0xfd, 0xbe, 0x25, 0x00, 0x82, 0xbf, 0x0c, 0x00,
    0xa1, 0xbf, 0x00, 0x70, 0xd8, 0xd9, 0x8c, 0x00, 0x00, 0x7e, 0x00, 0x70, 0xd8, 0xd9, 0x90, 0x00, 0x00, 0x82, 0x00,
    0x74, 0xd8, 0xd9, 0x8c, 0x00, 0x00, 0x86, 0x00, 0x74, 0xd8, 0xd9, 0x90, 0x00, 0x00, 0x8a, 0x00, 0x78, 0xd8, 0xd9,
    0x8c, 0x00, 0x00, 0x8e, 0x00, 0x78, 0xd8, 0xd9, 0x90, 0x00, 0x00, 0x92, 0x00, 0x7c, 0xd8, 0xd9, 0x8c, 0x00, 0x00,
    0x96, 0x00, 0x7c, 0xd8, 0xd9, 0x90, 0x00, 0x00, 0x9a, 0x00, 0xc0, 0xd8, 0xd9, 0x94, 0x00, 0x00, 0x9e, 0x80, 0xc0,
    0xd8, 0xd9, 0x94, 0x00, 0x00, 0xa2, 0x00, 0x00, 0x34, 0xd9, 0x84, 0xae, 0x00, 0x00, 0x00, 0x08, 0x34, 0xd9, 0x84,
    0xb2, 0x00, 0x00, 0x00, 0xc0, 0x34, 0xd8, 0x88, 0x80, 0x00, 0x00, 0x23, 0x03, 0xc3, 0xbe, 0x51, 0x81, 0xd1, 0x80,
    0x52, 0x51, 0x51, 0x85, 0x51, 0x03, 0xfc, 0xbe, 0x4e, 0x82, 0xce, 0x80, 0x05, 0x00, 0x84, 0xbf, 0x44, 0x21, 0xcc,
    0xbe, 0x00, 0x00, 0x80, 0xbf, 0x51, 0x03, 0xfc, 0xbe, 0xff, 0x03, 0xfd, 0xbe, 0x69, 0x00, 0x82, 0xbf, 0xff, 0x03,
    0xfd, 0xbe, 0xf0, 0xf0, 0xf0, 0x00, 0x70, 0x83, 0x8c, 0xbf, 0xe9, 0xfc, 0xfa, 0x78, 0x9e, 0x00, 0x00, 0x00, 0xe9,
    0xfe, 0x02, 0x79, 0x9e, 0x49, 0x92, 0x24, 0x01, 0x00, 0x8f, 0xbf, 0xe9, 0x04, 0x0b, 0x79, 0x9e, 0x92, 0x24, 0x49,
    0xe9, 0x06, 0x13, 0x79, 0x9e, 0xdb, 0xb6, 0x6d, 0xe9, 0xfc, 0x1a, 0x79, 0x9e, 0x24, 0x49, 0x92, 0xe9, 0xfe, 0x22,
    0x79, 0x9e, 0x6d, 0xdb, 0xb6, 0xe9, 0x04, 0x2b, 0x79, 0x9e, 0xb6, 0x6d, 0xdb, 0xe9, 0x06, 0x33, 0x79, 0x9e, 0xff,
    0xff, 0xff, 0xe9, 0xfc, 0x3a, 0x79, 0x9f, 0x00, 0x00, 0x00, 0xe9, 0xfe, 0x42, 0x79, 0x9f, 0x49, 0x92, 0x24, 0xe9,
    0x04, 0x4b, 0x79, 0x9f, 0x92, 0x24, 0x49, 0xe9, 0x06, 0x53, 0x79, 0x9f, 0xdb, 0xb6, 0x6d, 0xe9, 0xfc, 0x5a, 0x79,
    0x9f, 0x24, 0x49, 0x92, 0xe9, 0xfe, 0x62, 0x79, 0x9f, 0x6d, 0xdb, 0xb6, 0xe9, 0x04, 0x6b, 0x79, 0x9f, 0xb6, 0x6d,
    0xdb, 0xe9, 0x06, 0x73, 0x79, 0x9f, 0xff, 0xff, 0xff, 0xe9, 0x0c, 0x7b, 0x79, 0x9e, 0x00, 0x00, 0x00, 0xe9, 0x0e,
    0x83, 0x79, 0x9e, 0x49, 0x92, 0x24, 0xe9, 0x14, 0x8b, 0x79, 0x9e, 0x92, 0x24, 0x49, 0xe9, 0x16, 0x93, 0x79, 0x9e,
    0xdb, 0xb6, 0x6d, 0xe9, 0x0c, 0x9b, 0x79, 0x9e, 0x24, 0x49, 0x92, 0xe9, 0x0e, 0xa3, 0x79, 0x9e, 0x6d, 0xdb, 0xb6,
    0xe9, 0x14, 0xab, 0x79, 0x9e, 0xb6, 0x6d, 0xdb, 0xe9, 0x16, 0xb3, 0x79, 0x9e, 0xff, 0xff, 0xff, 0xe9, 0x0c, 0xbb,
    0x79, 0x9f, 0x00, 0x00, 0x00, 0xe9, 0x0e, 0xc3, 0x79, 0x9f, 0x49, 0x92, 0x24, 0xe9, 0x14, 0xcb, 0x79, 0x9f, 0x92,
    0x24, 0x49, 0xe9, 0x16, 0xd3, 0x79, 0x9f, 0xdb, 0xb6, 0x6d, 0xe9, 0x0c, 0xdb, 0x79, 0x9f, 0x24, 0x49, 0x92, 0xe9,
    0x0e, 0xe3, 0x79, 0x9f, 0x6d, 0xdb, 0xb6, 0xe9, 0x14, 0xeb, 0x79, 0x9f, 0xb6, 0x6d, 0xdb, 0xe9, 0x16, 0xf3, 0x79,
    0x9f, 0xff, 0xff, 0xff, 0xe9, 0x1c, 0xfb, 0x78, 0xa2, 0x00, 0x00, 0x00, 0xe9, 0x1e, 0x03, 0x79, 0xa2, 0x49, 0x92,
    0x24, 0xe9, 0x24, 0x0b, 0x79, 0xa2, 0x92, 0x24, 0x49, 0xe9, 0x26, 0x13, 0x79, 0xa2, 0xdb, 0xb6, 0x6d, 0xe9, 0x1c,
    0x1b, 0x79, 0xa2, 0x24, 0x49, 0x92, 0xe9, 0x1e, 0x23, 0x79, 0xa2, 0x6d, 0xdb, 0xb6, 0xe9, 0x24, 0x2b, 0x79, 0xa2,
    0xb6, 0x6d, 0xdb, 0xe9, 0x26, 0x33, 0x79, 0xa2, 0xff, 0xff, 0xff, 0xe9, 0x1c, 0x3b, 0x79, 0xa3, 0x00, 0x00, 0x00,
    0xe9, 0x1e, 0x43, 0x79, 0xa3, 0x49, 0x92, 0x24, 0xe9, 0x24, 0x4b, 0x79, 0xa3, 0x92, 0x24, 0x49, 0xe9, 0x26, 0x53,
    0x79, 0xa3, 0xdb, 0xb6, 0x6d, 0xe9, 0x1c, 0x5b, 0x79, 0xa3, 0x24, 0x49, 0x92, 0xe9, 0x1e, 0x63, 0x79, 0xa3, 0x6d,
    0xdb, 0xb6, 0xe9, 0x24, 0x6b, 0x79, 0xa3, 0xb6, 0x6d, 0xdb, 0xe9, 0x26, 0x73, 0x79, 0xa3, 0xff, 0xff, 0xff, 0xe9,
    0x2c, 0x7b, 0x79, 0xa2, 0x00, 0x00, 0x00, 0xe9, 0x2e, 0x83, 0x79, 0xa2, 0x49, 0x92, 0x24, 0xff, 0x03, 0xfd, 0xbe,
    0x38, 0x00, 0x82, 0xbf, 0xb6, 0x48, 0x0e, 0xcc, 0xb7, 0x0b, 0xd8, 0x06, 0xe9, 0x34, 0x8b, 0x79, 0xa2, 0x92, 0x24,
    0x49, 0xba, 0x48, 0x0e, 0xcc, 0xbb, 0x0b, 0xe8, 0x06, 0xe9, 0x36, 0x93, 0x79, 0xa2, 0xdb, 0xb6, 0x6d, 0xb7, 0x58,
    0x0e, 0xcc, 0xb7, 0x0b, 0xdc, 0x06, 0xe9, 0x2c, 0x9b, 0x79, 0xa2, 0x24, 0x49, 0x92, 0xbb, 0x58, 0x0e, 0xcc, 0xbb,
    0x0b, 0xec, 0x06, 0xe9, 0x2e, 0xa3, 0x79, 0xa2, 0x6d, 0xdb, 0xb6, 0xfa, 0x02, 0x6c, 0x79, 0xb6, 0x5a, 0x00, 0xff,
    0xe9, 0x34, 0xab, 0x79, 0xa2, 0xb6, 0x6d, 0xdb, 0xfa, 0x02, 0x74, 0x79, 0xba, 0x5a, 0x00, 0xff, 0xe9, 0x36, 0xb3,
    0x79, 0xa2, 0xff, 0xff, 0xff, 0xfa, 0x02, 0x6e, 0x79, 0xb7, 0x5a, 0x00, 0xff, 0xe9, 0x2c, 0xbb, 0x79, 0xa3, 0x00,
    0x00, 0x00, 0xfa, 0x02, 0x76, 0x79, 0xbb, 0x5a, 0x00, 0xff, 0xe9, 0x2e, 0xc3, 0x79, 0xa3, 0x49, 0x92, 0x24, 0x05,
    0x87, 0x00, 0x7f, 0xe9, 0x34, 0xcb, 0x79, 0xa3, 0x92, 0x24, 0x49, 0xe9, 0x36, 0xd3, 0x79, 0xa3, 0xdb, 0xb6, 0x6d,
    0xe9, 0x2c, 0xdb, 0x79, 0xa3, 0x24, 0x49, 0x92, 0xe9, 0x2e, 0xe3, 0x79, 0xa3, 0x6d, 0xdb, 0xb6, 0x02, 0x00, 0x80,
    0xbf, 0xe9, 0x34, 0xeb, 0x79, 0xa3, 0xb6, 0x6d, 0xdb, 0xe9, 0x36, 0xf3, 0x79, 0xa3, 0xff, 0xff, 0xff, 0x7f, 0xc0,
    0x8c, 0xbf, 0x00, 0x00, 0x8f, 0xbf, 0x3c, 0xff, 0x3c, 0x80, 0x00, 0x01, 0x00, 0x00, 0x20, 0x10, 0xa0, 0x80, 0x21,
    0x80, 0xa1, 0x82, 0x24, 0x10, 0xa4, 0x80, 0x25, 0x80, 0xa5, 0x82, 0x43, 0x03, 0xa7, 0xbe, 0xff, 0x03, 0xfd, 0xbe,
    0x08, 0x1a, 0x82, 0xbf, 0x00, 0x00, 0x80, 0xbf, 0x00, 0x00, 0x80, 0xbf, 0x00, 0x00, 0x80, 0xbf, 0x00, 0x00, 0x80,
    0xbf, 0x07, 0x00, 0xa1, 0xbf, 0x00, 0x10, 0x90, 0xe0, 0xa4, 0xae, 0x08, 0x80, 0x00, 0x10, 0x90, 0xe0, 0xa8, 0xaf,
    0x08, 0x80, 0x00, 0x10, 0x94, 0xe0, 0xac, 0xaf, 0x08, 0x80, 0x00, 0x10, 0x94, 0xe0, 0xb0, 0xae, 0x08, 0x80, 0x00,
    0x10, 0x90, 0xe0, 0xa4, 0xb2, 0x09, 0x80, 0x00, 0x10, 0x90, 0xe0, 0xa8, 0xb3, 0x09, 0x80, 0x00, 0x10, 0x94, 0xe0,
    0xac, 0xb3, 0x09, 0x80, 0x00, 0x10, 0x94, 0xe0, 0xb0, 0xb2, 0x09, 0x80, 0xff, 0x03, 0xfd, 0xbe, 0x25, 0x00, 0x82,
    0xbf, 0x0c, 0x00, 0xa1, 0xbf, 0x00, 0x80, 0xd8, 0xd9, 0x8c, 0x00, 0x00, 0x7e, 0x00, 0x80, 0xd8, 0xd9, 0x90, 0x00,
    0x00, 0x82, 0x00, 0x84, 0xd8, 0xd9, 0x8c, 0x00, 0x00, 0x86, 0x00, 0x84, 0xd8, 0xd9, 0x90, 0x00, 0x00, 0x8a, 0x00,
    0x88, 0xd8, 0xd9, 0x8c, 0x00, 0x00, 0x8e, 0x00, 0x88, 0xd8, 0xd9, 0x90, 0x00, 0x00, 0x92, 0x00, 0x8c, 0xd8, 0xd9,
    0x8c, 0x00, 0x00, 0x96, 0x00, 0x8c, 0xd8, 0xd9, 0x90, 0x00, 0x00, 0x9a, 0x00, 0xc0, 0xd8, 0xd9, 0x94, 0x00, 0x00,
    0x9e, 0x80, 0xc0, 0xd8, 0xd9, 0x94, 0x00, 0x00, 0xa2, 0x00, 0x10, 0x34, 0xd9, 0x84, 0xb6, 0x00, 0x00, 0x00, 0x18,
    0x34, 0xd9, 0x84, 0xba, 0x00, 0x00, 0x00, 0xc0, 0x34, 0xd8, 0x88, 0x80, 0x00, 0x00, 0x23, 0x03, 0xc3, 0xbe, 0x51,
    0x81, 0xd1, 0x80, 0x52, 0x51, 0x51, 0x85, 0x51, 0x03, 0xfc, 0xbe, 0x4e, 0x82, 0xce, 0x80, 0x05, 0x00, 0x84, 0xbf,
    0x44, 0x21, 0xcc, 0xbe, 0x00, 0x00, 0x80, 0xbf, 0x51, 0x03, 0xfc, 0xbe, 0xff, 0x03, 0xfd, 0xbe, 0x69, 0x00, 0x82,
    0xbf, 0xff, 0x03, 0xfd, 0xbe, 0xf0, 0xf0, 0xf0, 0x00, 0x70, 0x83, 0x8c, 0xbf, 0xe9, 0xfc, 0xfa, 0x78, 0x9e, 0x00,
    0x00, 0x00, 0xe9, 0xfe, 0x02, 0x79, 0x9e, 0x49, 0x92, 0x24, 0x01, 0x00, 0x8f, 0xbf, 0xe9, 0x04, 0x0b, 0x79, 0x9e,
    0x92, 0x24, 0x49, 0xe9, 0x06, 0x13, 0x79, 0x9e, 0xdb, 0xb6, 0x6d, 0xe9, 0xfc, 0x1a, 0x79, 0x9e, 0x24, 0x49, 0x92,
    0xe9, 0xfe, 0x22, 0x79, 0x9e, 0x6d, 0xdb, 0xb6, 0xe9, 0x04, 0x2b, 0x79, 0x9e, 0xb6, 0x6d, 0xdb, 0xe9, 0x06, 0x33,
    0x79, 0x9e, 0xff, 0xff, 0xff, 0xe9, 0xfc, 0x3a, 0x79, 0x9f, 0x00, 0x00, 0x00, 0xe9, 0xfe, 0x42, 0x79, 0x9f, 0x49,
    0x92, 0x24, 0xe9, 0x04, 0x4b, 0x79, 0x9f, 0x92, 0x24, 0x49, 0xe9, 0x06, 0x53, 0x79, 0x9f, 0xdb, 0xb6, 0x6d, 0xe9,
    0xfc, 0x5a, 0x79, 0x9f, 0x24, 0x49, 0x92, 0xe9, 0xfe, 0x62, 0x79, 0x9f, 0x6d, 0xdb, 0xb6, 0xe9, 0x04, 0x6b, 0x79,
    0x9f, 0xb6, 0x6d, 0xdb, 0xe9, 0x06, 0x73, 0x79, 0x9f, 0xff, 0xff, 0xff, 0xe9, 0x0c, 0x7b, 0x79, 0x9e, 0x00, 0x00,
    0x00, 0xe9, 0x0e, 0x83, 0x79, 0x9e, 0x49, 0x92, 0x24, 0xe9, 0x14, 0x8b, 0x79, 0x9e, 0x92, 0x24, 0x49, 0xe9, 0x16,
    0x93, 0x79, 0x9e, 0xdb, 0xb6, 0x6d, 0xe9, 0x0c, 0x9b, 0x79, 0x9e, 0x24, 0x49, 0x92, 0xe9, 0x0e, 0xa3, 0x79, 0x9e,
    0x6d, 0xdb, 0xb6, 0xe9, 0x14, 0xab, 0x79, 0x9e, 0xb6, 0x6d, 0xdb, 0xe9, 0x16, 0xb3, 0x79, 0x9e, 0xff, 0xff, 0xff,
    0xe9, 0x0c, 0xbb, 0x79, 0x9f, 0x00, 0x00, 0x00, 0xe9, 0x0e, 0xc3, 0x79, 0x9f, 0x49, 0x92, 0x24, 0xe9, 0x14, 0xcb,
    0x79, 0x9f, 0x92, 0x24, 0x49, 0xe9, 0x16, 0xd3, 0x79, 0x9f, 0xdb, 0xb6, 0x6d, 0xe9, 0x0c, 0xdb, 0x79, 0x9f, 0x24,
    0x49, 0x92, 0xe9, 0x0e, 0xe3, 0x79, 0x9f, 0x6d, 0xdb, 0xb6, 0xe9, 0x14, 0xeb, 0x79, 0x9f, 0xb6, 0x6d, 0xdb, 0xe9,
    0x16, 0xf3, 0x79, 0x9f, 0xff, 0xff, 0xff, 0xe9, 0x1c, 0xfb, 0x78, 0xa2, 0x00, 0x00, 0x00, 0xe9, 0x1e, 0x03, 0x79,
    0xa2, 0x49, 0x92, 0x24, 0xe9, 0x24, 0x0b, 0x79, 0xa2, 0x92, 0x24, 0x49, 0xe9, 0x26, 0x13, 0x79, 0xa2, 0xdb, 0xb6,
    0x6d, 0xe9, 0x1c, 0x1b, 0x79, 0xa2, 0x24, 0x49, 0x92, 0xe9, 0x1e, 0x23, 0x79, 0xa2, 0x6d, 0xdb, 0xb6, 0xe9, 0x24,
    0x2b, 0x79, 0xa2, 0xb6, 0x6d, 0xdb, 0xe9, 0x26, 0x33, 0x79, 0xa2, 0xff, 0xff, 0xff, 0xe9, 0x1c, 0x3b, 0x79, 0xa3,
    0x00, 0x00, 0x00, 0xe9, 0x1e, 0x43, 0x79, 0xa3, 0x49, 0x92, 0x24, 0xe9, 0x24, 0x4b, 0x79, 0xa3, 0x92, 0x24, 0x49,
    0xe9, 0x26, 0x53, 0x79, 0xa3, 0xdb, 0xb6, 0x6d, 0xe9, 0x1c, 0x5b, 0x79, 0xa3, 0x24, 0x49, 0x92, 0xe9, 0x1e, 0x63,
    0x79, 0xa3, 0x6d, 0xdb, 0xb6, 0xe9, 0x24, 0x6b, 0x79, 0xa3, 0xb6, 0x6d, 0xdb, 0xe9, 0x26, 0x73, 0x79, 0xa3, 0xff,
    0xff, 0xff, 0xe9, 0x2c, 0x7b, 0x79, 0xa2, 0x00, 0x00, 0x00, 0xe9, 0x2e, 0x83, 0x79, 0xa2, 0x49, 0x92, 0x24, 0xff,
    0x03, 0xfd, 0xbe, 0x36, 0x00, 0x82, 0xbf, 0xbe, 0x48, 0x0e, 0xcc, 0xbf, 0x0b, 0xf8, 0x06, 0xe9, 0x34, 0x8b, 0x79,
    0xa2, 0x92, 0x24, 0x49, 0xc2, 0x48, 0x0e, 0xcc, 0xc3, 0x0b, 0x08, 0x07, 0xe9, 0x36, 0x93, 0x79, 0xa2, 0xdb, 0xb6,
    0x6d, 0xbf, 0x58, 0x0e, 0xcc, 0xbf, 0x0b, 0xfc, 0x06, 0xe9, 0x2c, 0x9b, 0x79, 0xa2, 0x24, 0x49, 0x92, 0xc3, 0x58,
    0x0e, 0xcc, 0xc3, 0x0b, 0x0c, 0x07, 0xe9, 0x2e, 0xa3, 0x79, 0xa2, 0x6d, 0xdb, 0xb6, 0xfa, 0x02, 0x7c, 0x79, 0xbe,
    0x5a, 0x00, 0xff, 0xe9, 0x34, 0xab, 0x79, 0xa2, 0xb6, 0x6d, 0xdb, 0xfa, 0x02, 0x84, 0x79, 0xc2, 0x5a, 0x00, 0xff,
    0xe9, 0x36, 0xb3, 0x79, 0xa2, 0xff, 0xff, 0xff, 0xfa, 0x02, 0x7e, 0x79, 0xbf, 0x5a, 0x00, 0xff, 0xe9, 0x2c, 0xbb,
    0x79, 0xa3, 0x00, 0x00, 0x00, 0xfa, 0x02, 0x86, 0x79, 0xc3, 0x5a, 0x00, 0xff, 0xe9, 0x2e, 0xc3, 0x79, 0xa3, 0x49,
    0x92, 0x24, 0x05, 0x87, 0x00, 0x7f, 0xe9, 0x34, 0xcb, 0x79, 0xa3, 0x92, 0x24, 0x49, 0xe9, 0x36, 0xd3, 0x79, 0xa3,
    0xdb, 0xb6, 0x6d, 0xe9, 0x2c, 0xdb, 0x79, 0xa3, 0x24, 0x49, 0x92, 0xe9, 0x2e, 0xe3, 0x79, 0xa3, 0x6d, 0xdb, 0xb6,
    0x02, 0x00, 0x80, 0xbf, 0xe9, 0x34, 0xeb, 0x79, 0xa3, 0xb6, 0x6d, 0xdb, 0xe9, 0x36, 0xf3, 0x79, 0xa3, 0xff, 0xff,
    0xff, 0x7f, 0xc0, 0x8c, 0xbf, 0x00, 0x00, 0x8f, 0xbf, 0x20, 0x10, 0xa0, 0x80, 0x21, 0x80, 0xa1, 0x82, 0x24, 0x10,
    0xa4, 0x80, 0x25, 0x80, 0xa5, 0x82, 0x43, 0x03, 0xa7, 0xbe, 0xff, 0x03, 0xfd, 0xbe, 0x16, 0x00, 0x82, 0xbf, 0x00,
    0x00, 0x80, 0xbf, 0x00, 0x00, 0x80, 0xbf, 0x00, 0x00, 0x80, 0xbf, 0x00, 0x00, 0x80, 0xbf, 0x07, 0x00, 0xa1, 0xbf,
    0x00, 0x10, 0x90, 0xe0, 0xa4, 0xb6, 0x08, 0x80, 0x00, 0x10, 0x90, 0xe0, 0xa8, 0xb7, 0x08, 0x80, 0x00, 0x10, 0x94,
    0xe0, 0xac, 0xb7, 0x08, 0x80, 0x00, 0x10, 0x94, 0xe0, 0xb0, 0xb6, 0x08, 0x80, 0x00, 0x10, 0x90, 0xe0, 0xa4, 0xba,
    0x09, 0x80, 0x00, 0x10, 0x90, 0xe0, 0xa8, 0xbb, 0x09, 0x80, 0x00, 0x10, 0x94, 0xe0, 0xac, 0xbb, 0x09, 0x80, 0x00,
    0x10, 0x94, 0xe0, 0xb0, 0xba, 0x09, 0x80, 0xff, 0x03, 0xfd, 0xbe, 0x27, 0x00, 0x82, 0xbf, 0x0d, 0x00, 0xa1, 0xbf,
    0x00, 0xc4, 0xf8, 0xd8, 0x00, 0x00, 0x00, 0x04, 0x00, 0x90, 0xd8, 0xd9, 0x8c, 0x00, 0x00, 0x7e, 0x00, 0x90, 0xd8,
    0xd9, 0x90, 0x00, 0x00, 0x82, 0x00, 0x94, 0xd8, 0xd9, 0x8c, 0x00, 0x00, 0x86, 0x00, 0x94, 0xd8, 0xd9, 0x90, 0x00,
    0x00, 0x8a, 0x00, 0x98, 0xd8, 0xd9, 0x8c, 0x00, 0x00, 0x8e, 0x00, 0x98, 0xd8, 0xd9, 0x90, 0x00, 0x00, 0x92, 0x00,
    0x9c, 0xd8, 0xd9, 0x8c, 0x00, 0x00, 0x96, 0x00, 0x9c, 0xd8, 0xd9, 0x90, 0x00, 0x00, 0x9a, 0x00, 0xc0, 0xd8, 0xd9,
    0x94, 0x00, 0x00, 0x9e, 0x80, 0xc0, 0xd8, 0xd9, 0x94, 0x00, 0x00, 0xa2, 0x00, 0x20, 0x34, 0xd9, 0x84, 0xbe, 0x00,
    0x00, 0x00, 0x28, 0x34, 0xd9, 0x84, 0xc2, 0x00, 0x00, 0x00, 0xc0, 0x34, 0xd8, 0x88, 0x80, 0x00, 0x00, 0x23, 0x03,
    0xc3, 0xbe, 0x51, 0x81, 0xd1, 0x80, 0x52, 0x51, 0x51, 0x85, 0x51, 0x03, 0xfc, 0xbe, 0x4e, 0x82, 0xce, 0x80, 0x05,
    0x00, 0x84, 0xbf, 0x44, 0x21, 0xcc, 0xbe, 0x00, 0x00, 0x80, 0xbf, 0x51, 0x03, 0xfc, 0xbe, 0xff, 0x03, 0xfd, 0xbe,
    0x69, 0x00, 0x82, 0xbf, 0xff, 0x03, 0xfd, 0xbe, 0xf0, 0xf0, 0xf0, 0x00, 0x70, 0x83, 0x8c, 0xbf, 0xe9, 0xfc, 0xfa,
    0x78, 0x9e, 0x00, 0x00, 0x00, 0xe9, 0xfe, 0x02, 0x79, 0x9e, 0x49, 0x92, 0x24, 0x01, 0x00, 0x8f, 0xbf, 0xe9, 0x04,
    0x0b, 0x79, 0x9e, 0x92, 0x24, 0x49, 0xe9, 0x06, 0x13, 0x79, 0x9e, 0xdb, 0xb6, 0x6d, 0xe9, 0xfc, 0x1a, 0x79, 0x9e,
    0x24, 0x49, 0x92, 0xe9, 0xfe, 0x22, 0x79, 0x9e, 0x6d, 0xdb, 0xb6, 0xe9, 0x04, 0x2b, 0x79, 0x9e, 0xb6, 0x6d, 0xdb,
    0xe9, 0x06, 0x33, 0x79, 0x9e, 0xff, 0xff, 0xff, 0xe9, 0xfc, 0x3a, 0x79, 0x9f, 0x00, 0x00, 0x00, 0xe9, 0xfe, 0x42,
    0x79, 0x9f, 0x49, 0x92, 0x24, 0xe9, 0x04, 0x4b, 0x79, 0x9f, 0x92, 0x24, 0x49, 0xe9, 0x06, 0x53, 0x79, 0x9f, 0xdb,
    0xb6, 0x6d, 0xe9, 0xfc, 0x5a, 0x79, 0x9f, 0x24, 0x49, 0x92, 0xe9, 0xfe, 0x62, 0x79, 0x9f, 0x6d, 0xdb, 0xb6, 0xe9,
    0x04, 0x6b, 0x79, 0x9f, 0xb6, 0x6d, 0xdb, 0xe9, 0x06, 0x73, 0x79, 0x9f, 0xff, 0xff, 0xff, 0xe9, 0x0c, 0x7b, 0x79,
    0x9e, 0x00, 0x00, 0x00, 0xe9, 0x0e, 0x83, 0x79, 0x9e, 0x49, 0x92, 0x24, 0xe9, 0x14, 0x8b, 0x79, 0x9e, 0x92, 0x24,
    0x49, 0xe9, 0x16, 0x93, 0x79, 0x9e, 0xdb, 0xb6, 0x6d, 0xe9, 0x0c, 0x9b, 0x79, 0x9e, 0x24, 0x49, 0x92, 0xe9, 0x0e,
    0xa3, 0x79, 0x9e, 0x6d, 0xdb, 0xb6, 0xe9, 0x14, 0xab, 0x79, 0x9e, 0xb6, 0x6d, 0xdb, 0xe9, 0x16, 0xb3, 0x79, 0x9e,
    0xff, 0xff, 0xff, 0xe9, 0x0c, 0xbb, 0x79, 0x9f, 0x00, 0x00, 0x00, 0xe9, 0x0e, 0xc3, 0x79, 0x9f, 0x49, 0x92, 0x24,
    0xe9, 0x14, 0xcb, 0x79, 0x9f, 0x92, 0x24, 0x49, 0xe9, 0x16, 0xd3, 0x79, 0x9f, 0xdb, 0xb6, 0x6d, 0xe9, 0x0c, 0xdb,
    0x79, 0x9f, 0x24, 0x49, 0x92, 0xe9, 0x0e, 0xe3, 0x79, 0x9f, 0x6d, 0xdb, 0xb6, 0xe9, 0x14, 0xeb, 0x79, 0x9f, 0xb6,
    0x6d, 0xdb, 0xe9, 0x16, 0xf3, 0x79, 0x9f, 0xff, 0xff, 0xff, 0xe9, 0x1c, 0xfb, 0x78, 0xa2, 0x00, 0x00, 0x00, 0xe9,
    0x1e, 0x03, 0x79, 0xa2, 0x49, 0x92, 0x24, 0xe9, 0x24, 0x0b, 0x79, 0xa2, 0x92, 0x24, 0x49, 0xe9, 0x26, 0x13, 0x79,
    0xa2, 0xdb, 0xb6, 0x6d, 0xe9, 0x1c, 0x1b, 0x79, 0xa2, 0x24, 0x49, 0x92, 0xe9, 0x1e, 0x23, 0x79, 0xa2, 0x6d, 0xdb,
    0xb6, 0xe9, 0x24, 0x2b, 0x79, 0xa2, 0xb6, 0x6d, 0xdb, 0xe9, 0x26, 0x33, 0x79, 0xa2, 0xff, 0xff, 0xff, 0xe9, 0x1c,
    0x3b, 0x79, 0xa3, 0x00, 0x00, 0x00, 0xe9, 0x1e, 0x43, 0x79, 0xa3, 0x49, 0x92, 0x24, 0xe9, 0x24, 0x4b, 0x79, 0xa3,
    0x92, 0x24, 0x49, 0xe9, 0x26, 0x53, 0x79, 0xa3, 0xdb, 0xb6, 0x6d, 0xe9, 0x1c, 0x5b, 0x79, 0xa3, 0x24, 0x49, 0x92,
    0xe9, 0x1e, 0x63, 0x79, 0xa3, 0x6d, 0xdb, 0xb6, 0xe9, 0x24, 0x6b, 0x79, 0xa3, 0xb6, 0x6d, 0xdb, 0xe9, 0x26, 0x73,
    0x79, 0xa3, 0xff, 0xff, 0xff, 0xe9, 0x2c, 0x7b, 0x79, 0xa2, 0x00, 0x00, 0x00, 0xe9, 0x2e, 0x83, 0x79, 0xa2, 0x49,
    0x92, 0x24, 0xff, 0x03, 0xfd, 0xbe, 0x81, 0x18, 0x82, 0xbf, 0xc6, 0x48, 0x0e, 0xcc, 0xc7, 0x0b, 0x18, 0x07, 0xe9,
    0x34, 0x8b, 0x79, 0xa2, 0x92, 0x24, 0x49, 0xca, 0x48, 0x0e, 0xcc, 0xcb, 0x0b, 0x28, 0x07, 0xe9, 0x36, 0x93, 0x79,
    0xa2, 0xdb, 0xb6, 0x6d, 0xc7, 0x58, 0x0e, 0xcc, 0xc7, 0x0b, 0x1c, 0x07, 0xe9, 0x2c, 0x9b, 0x79, 0xa2, 0x24, 0x49,
    0x92, 0xcb, 0x58, 0x0e, 0xcc, 0xcb, 0x0b, 0x2c, 0x07, 0xe9, 0x2e, 0xa3, 0x79, 0xa2, 0x6d, 0xdb, 0xb6, 0xfa, 0x02,
    0x8c, 0x79, 0xc6, 0x5a, 0x00, 0xff, 0xe9, 0x34, 0xab, 0x79, 0xa2, 0xb6, 0x6d, 0xdb, 0xfa, 0x02, 0x94, 0x79, 0xca,
    0x5a, 0x00, 0xff, 0xe9, 0x36, 0xb3, 0x79, 0xa2, 0xff, 0xff, 0xff, 0xfa, 0x02, 0x8e, 0x79, 0xc7, 0x5a, 0x00, 0xff,
    0xe9, 0x2c, 0xbb, 0x79, 0xa3, 0x00, 0x00, 0x00, 0xfa, 0x02, 0x96, 0x79, 0xcb, 0x5a, 0x00, 0xff, 0xe9, 0x2e, 0xc3,
    0x79, 0xa3, 0x49, 0x92, 0x24, 0x05, 0x87, 0x00, 0x7f, 0xe9, 0x34, 0xcb, 0x79, 0xa3, 0x92, 0x24, 0x49, 0xe9, 0x36,
    0xd3, 0x79, 0xa3, 0xdb, 0xb6, 0x6d, 0xe9, 0x2c, 0xdb, 0x79, 0xa3, 0x24, 0x49, 0x92, 0xe9, 0x2e, 0xe3, 0x79, 0xa3,
    0x6d, 0xdb, 0xb6, 0xff, 0x03, 0xfc, 0xbe, 0x00, 0xc4, 0x02, 0x00, 0x00, 0x00, 0x80, 0xbf, 0xe9, 0x34, 0xeb, 0x79,
    0xa3, 0xb6, 0x6d, 0xdb, 0xe9, 0x36, 0xf3, 0x79, 0xa3, 0xff, 0xff, 0xff, 0x6a, 0x00, 0xc2, 0xd4, 0xfe, 0x78, 0x00,
    0x00, 0xfd, 0xff, 0x86, 0xbf, 0x7f, 0xc0, 0x8c, 0xbf, 0x00, 0x00, 0x8f, 0xbf, 0x20, 0x10, 0xa0, 0x80, 0x21, 0x80,
    0xa1, 0x82, 0x24, 0x10, 0xa4, 0x80, 0x25, 0x80, 0xa5, 0x82, 0x43, 0x03, 0xa7, 0xbe, 0xff, 0x03, 0xfd, 0xbe, 0x13,
    0x00, 0x82, 0xbf, 0x00, 0x00, 0x80, 0xbf, 0x07, 0x00, 0xa1, 0xbf, 0x00, 0x10, 0x90, 0xe0, 0xa4, 0xbe, 0x08, 0x80,
    0x00, 0x10, 0x90, 0xe0, 0xa8, 0xbf, 0x08, 0x80, 0x00, 0x10, 0x94, 0xe0, 0xac, 0xbf, 0x08, 0x80, 0x00, 0x10, 0x94,
    0xe0, 0xb0, 0xbe, 0x08, 0x80, 0x00, 0x10, 0x90, 0xe0, 0xa4, 0xc2, 0x09, 0x80, 0x00, 0x10, 0x90, 0xe0, 0xa8, 0xc3,
    0x09, 0x80, 0x00, 0x10, 0x94, 0xe0, 0xac, 0xc3, 0x09, 0x80, 0x00, 0x10, 0x94, 0xe0, 0xb0, 0xc2, 0x09, 0x80, 0xff,
    0x03, 0xfd, 0xbe, 0x25, 0x00, 0x82, 0xbf, 0x0c, 0x00, 0xa1, 0xbf, 0x00, 0xa0, 0xd8, 0xd9, 0x8c, 0x00, 0x00, 0x7e,
    0x00, 0xa0, 0xd8, 0xd9, 0x90, 0x00, 0x00, 0x82, 0x00, 0xa4, 0xd8, 0xd9, 0x8c, 0x00, 0x00, 0x86, 0x00, 0xa4, 0xd8,
    0xd9, 0x90, 0x00, 0x00, 0x8a, 0x00, 0xa8, 0xd8, 0xd9, 0x8c, 0x00, 0x00, 0x8e, 0x00, 0xa8, 0xd8, 0xd9, 0x90, 0x00,
    0x00, 0x92, 0x00, 0xac, 0xd8, 0xd9, 0x8c, 0x00, 0x00, 0x96, 0x00, 0xac, 0xd8, 0xd9, 0x90, 0x00, 0x00, 0x9a, 0x00,
    0xc0, 0xd8, 0xd9, 0x94, 0x00, 0x00, 0x9e, 0x80, 0xc0, 0xd8, 0xd9, 0x94, 0x00, 0x00, 0xa2, 0x00, 0x30, 0x34, 0xd9,
    0x84, 0xc6, 0x00, 0x00, 0x00, 0x38, 0x34, 0xd9, 0x84, 0xca, 0x00, 0x00, 0x00, 0xc0, 0x34, 0xd8, 0x88, 0x80, 0x00,
    0x00, 0x23, 0x03, 0xc3, 0xbe, 0x51, 0x81, 0xd1, 0x80, 0x52, 0x51, 0x51, 0x85, 0x51, 0x03, 0xfc, 0xbe, 0x4e, 0x82,
    0xce, 0x80, 0x05, 0x00, 0x84, 0xbf, 0x44, 0x21, 0xcc, 0xbe, 0x00, 0x00, 0x80, 0xbf, 0x51, 0x03, 0xfc, 0xbe, 0xff,
    0x03, 0xfd, 0xbe, 0x69, 0x00, 0x82, 0xbf, 0xff, 0x03, 0xfd, 0xbe, 0xf0, 0xf0, 0xf0, 0x00, 0x70, 0x83, 0x8c, 0xbf,
    0xe9, 0xfc, 0xfa, 0x78, 0x9e, 0x00, 0x00, 0x00, 0xe9, 0xfe, 0x02, 0x79, 0x9e, 0x49, 0x92, 0x24, 0x01, 0x00, 0x8f,
    0xbf, 0xe9, 0x04, 0x0b, 0x79, 0x9e, 0x92, 0x24, 0x49, 0xe9, 0x06, 0x13, 0x79, 0x9e, 0xdb, 0xb6, 0x6d, 0xe9, 0xfc,
    0x1a, 0x79, 0x9e, 0x24, 0x49, 0x92, 0xe9, 0xfe, 0x22, 0x79, 0x9e, 0x6d, 0xdb, 0xb6, 0xe9, 0x04, 0x2b, 0x79, 0x9e,
    0xb6, 0x6d, 0xdb, 0xe9, 0x06, 0x33, 0x79, 0x9e, 0xff, 0xff, 0xff, 0xe9, 0xfc, 0x3a, 0x79, 0x9f, 0x00, 0x00, 0x00,
    0xe9, 0xfe, 0x42, 0x79, 0x9f, 0x49, 0x92, 0x24, 0xe9, 0x04, 0x4b, 0x79, 0x9f, 0x92, 0x24, 0x49, 0xe9, 0x06, 0x53,
    0x79, 0x9f, 0xdb, 0xb6, 0x6d, 0xe9, 0xfc, 0x5a, 0x79, 0x9f, 0x24, 0x49, 0x92, 0xe9, 0xfe, 0x62, 0x79, 0x9f, 0x6d,
    0xdb, 0xb6, 0xe9, 0x04, 0x6b, 0x79, 0x9f, 0xb6, 0x6d, 0xdb, 0xe9, 0x06, 0x73, 0x79, 0x9f, 0xff, 0xff, 0xff, 0xe9,
    0x0c, 0x7b, 0x79, 0x9e, 0x00, 0x00, 0x00, 0xe9, 0x0e, 0x83, 0x79, 0x9e, 0x49, 0x92, 0x24, 0xe9, 0x14, 0x8b, 0x79,
    0x9e, 0x92, 0x24, 0x49, 0xe9, 0x16, 0x93, 0x79, 0x9e, 0xdb, 0xb6, 0x6d, 0xe9, 0x0c, 0x9b, 0x79, 0x9e, 0x24, 0x49,
    0x92, 0xe9, 0x0e, 0xa3, 0x79, 0x9e, 0x6d, 0xdb, 0xb6, 0xe9, 0x14, 0xab, 0x79, 0x9e, 0xb6, 0x6d, 0xdb, 0xe9, 0x16,
    0xb3, 0x79, 0x9e, 0xff, 0xff, 0xff, 0xe9, 0x0c, 0xbb, 0x79, 0x9f, 0x00, 0x00, 0x00, 0xe9, 0x0e, 0xc3, 0x79, 0x9f,
    0x49, 0x92, 0x24, 0xe9, 0x14, 0xcb, 0x79, 0x9f, 0x92, 0x24, 0x49, 0xe9, 0x16, 0xd3, 0x79, 0x9f, 0xdb, 0xb6, 0x6d,
    0xe9, 0x0c, 0xdb, 0x79, 0x9f, 0x24, 0x49, 0x92, 0xe9, 0x0e, 0xe3, 0x79, 0x9f, 0x6d, 0xdb, 0xb6, 0xe9, 0x14, 0xeb,
    0x79, 0x9f, 0xb6, 0x6d, 0xdb, 0xe9, 0x16, 0xf3, 0x79, 0x9f, 0xff, 0xff, 0xff, 0xe9, 0x1c, 0xfb, 0x78, 0xa2, 0x00,
    0x00, 0x00, 0xe9, 0x1e, 0x03, 0x79, 0xa2, 0x49, 0x92, 0x24, 0xe9, 0x24, 0x0b, 0x79, 0xa2, 0x92, 0x24, 0x49, 0xe9,
    0x26, 0x13, 0x79, 0xa2, 0xdb, 0xb6, 0x6d, 0xe9, 0x1c, 0x1b, 0x79, 0xa2, 0x24, 0x49, 0x92, 0xe9, 0x1e, 0x23, 0x79,
    0xa2, 0x6d, 0xdb, 0xb6, 0xe9, 0x24, 0x2b, 0x79, 0xa2, 0xb6, 0x6d, 0xdb, 0xe9, 0x26, 0x33, 0x79, 0xa2, 0xff, 0xff,
    0xff, 0xe9, 0x1c, 0x3b, 0x79, 0xa3, 0x00, 0x00, 0x00, 0xe9, 0x1e, 0x43, 0x79, 0xa3, 0x49, 0x92, 0x24, 0xe9, 0x24,
    0x4b, 0x79, 0xa3, 0x92, 0x24, 0x49, 0xe9, 0x26, 0x53, 0x79, 0xa3, 0xdb, 0xb6, 0x6d, 0xe9, 0x1c, 0x5b, 0x79, 0xa3,
    0x24, 0x49, 0x92, 0xe9, 0x1e, 0x63, 0x79, 0xa3, 0x6d, 0xdb, 0xb6, 0xe9, 0x24, 0x6b, 0x79, 0xa3, 0xb6, 0x6d, 0xdb,
    0xe9, 0x26, 0x73, 0x79, 0xa3, 0xff, 0xff, 0xff, 0xe9, 0x2c, 0x7b, 0x79, 0xa2, 0x00, 0x00, 0x00, 0xe9, 0x2e, 0x83,
    0x79, 0xa2, 0x49, 0x92, 0x24, 0xff, 0x03, 0xfd, 0xbe, 0x36, 0x00, 0x82, 0xbf, 0xce, 0x48, 0x0e, 0xcc, 0xcf, 0x0b,
    0x38, 0x07, 0xe9, 0x34, 0x8b, 0x79, 0xa2, 0x92, 0x24, 0x49, 0xd2, 0x48, 0x0e, 0xcc, 0xd3, 0x0b, 0x48, 0x07, 0xe9,
    0x36, 0x93, 0x79, 0xa2, 0xdb, 0xb6, 0x6d, 0xcf, 0x58, 0x0e, 0xcc, 0xcf, 0x0b, 0x3c, 0x07, 0xe9, 0x2c, 0x9b, 0x79,
    0xa2, 0x24, 0x49, 0x92, 0xd3, 0x58, 0x0e, 0xcc, 0xd3, 0x0b, 0x4c, 0x07, 0xe9, 0x2e, 0xa3, 0x79, 0xa2, 0x6d, 0xdb,
    0xb6, 0xfa, 0x02, 0x9c, 0x79, 0xce, 0x5a, 0x00, 0xff, 0xe9, 0x34, 0xab, 0x79, 0xa2, 0xb6, 0x6d, 0xdb, 0xfa, 0x02,
    0xa4, 0x79, 0xd2, 0x5a, 0x00, 0xff, 0xe9, 0x36, 0xb3, 0x79, 0xa2, 0xff, 0xff, 0xff, 0xfa, 0x02, 0x9e, 0x79, 0xcf,
    0x5a, 0x00, 0xff, 0xe9, 0x2c, 0xbb, 0x79, 0xa3, 0x00, 0x00, 0x00, 0xfa, 0x02, 0xa6, 0x79, 0xd3, 0x5a, 0x00, 0xff,
    0xe9, 0x2e, 0xc3, 0x79, 0xa3, 0x49, 0x92, 0x24, 0x05, 0x87, 0x00, 0x7f, 0xe9, 0x34, 0xcb, 0x79, 0xa3, 0x92, 0x24,
    0x49, 0xe9, 0x36, 0xd3, 0x79, 0xa3, 0xdb, 0xb6, 0x6d, 0xe9, 0x2c, 0xdb, 0x79, 0xa3, 0x24, 0x49, 0x92, 0xe9, 0x2e,
    0xe3, 0x79, 0xa3, 0x6d, 0xdb, 0xb6, 0x02, 0x00, 0x80, 0xbf, 0xe9, 0x34, 0xeb, 0x79, 0xa3, 0xb6, 0x6d, 0xdb, 0xe9,
    0x36, 0xf3, 0x79, 0xa3, 0xff, 0xff, 0xff, 0x7f, 0xc0, 0x8c, 0xbf, 0x00, 0x00, 0x8f, 0xbf, 0x20, 0x10, 0xa0, 0x80,
    0x21, 0x80, 0xa1, 0x82, 0x24, 0x10, 0xa4, 0x80, 0x25, 0x80, 0xa5, 0x82, 0x43, 0x03, 0xa7, 0xbe, 0xff, 0x03, 0xfd,
    0xbe, 0x18, 0x00, 0x82, 0xbf, 0x00, 0x00, 0x80, 0xbf, 0x00, 0x00, 0x80, 0xbf, 0x00, 0x00, 0x80, 0xbf, 0x00, 0x00,
    0x80, 0xbf, 0x00, 0x00, 0x80, 0xbf, 0x00, 0x00, 0x80, 0xbf, 0x07, 0x00, 0xa1, 0xbf, 0x00, 0x10, 0x90, 0xe0, 0xa4,
    0xc6, 0x08, 0x80, 0x00, 0x10, 0x90, 0xe0, 0xa8, 0xc7, 0x08, 0x80, 0x00, 0x10, 0x94, 0xe0, 0xac, 0xc7, 0x08, 0x80,
    0x00, 0x10, 0x94, 0xe0, 0xb0, 0xc6, 0x08, 0x80, 0x00, 0x10, 0x90, 0xe0, 0xa4, 0xca, 0x09, 0x80, 0x00, 0x10, 0x90,
    0xe0, 0xa8, 0xcb, 0x09, 0x80, 0x00, 0x10, 0x94, 0xe0, 0xac, 0xcb, 0x09, 0x80, 0x00, 0x10, 0x94, 0xe0, 0xb0, 0xca,
    0x09, 0x80, 0xff, 0x03, 0xfd, 0xbe, 0x25, 0x00, 0x82, 0xbf, 0x0c, 0x00, 0xa1, 0xbf, 0x00, 0xb0, 0xd8, 0xd9, 0x8c,
    0x00, 0x00, 0x7e, 0x00, 0xb0, 0xd8, 0xd9, 0x90, 0x00, 0x00, 0x82, 0x00, 0xb4, 0xd8, 0xd9, 0x8c, 0x00, 0x00, 0x86,
    0x00, 0xb4, 0xd8, 0xd9, 0x90, 0x00, 0x00, 0x8a, 0x00, 0xb8, 0xd8, 0xd9, 0x8c, 0x00, 0x00, 0x8e, 0x00, 0xb8, 0xd8,
    0xd9, 0x90, 0x00, 0x00, 0x92, 0x00, 0xbc, 0xd8, 0xd9, 0x8c, 0x00, 0x00, 0x96, 0x00, 0xbc, 0xd8, 0xd9, 0x90, 0x00,
    0x00, 0x9a, 0x00, 0xc0, 0xd8, 0xd9, 0x94, 0x00, 0x00, 0x9e, 0x80, 0xc0, 0xd8, 0xd9, 0x94, 0x00, 0x00, 0xa2, 0x00,
    0x40, 0x34, 0xd9, 0x84, 0xce, 0x00, 0x00, 0x00, 0x48, 0x34, 0xd9, 0x84, 0xd2, 0x00, 0x00, 0x00, 0xc0, 0x34, 0xd8,
    0x88, 0x80, 0x00, 0x00, 0x23, 0x03, 0xc3, 0xbe, 0x51, 0x81, 0xd1, 0x80, 0x52, 0x51, 0x51, 0x85, 0x51, 0x03, 0xfc,
    0xbe, 0x4e, 0x82, 0xce, 0x80, 0x05, 0x00, 0x84, 0xbf, 0x44, 0x21, 0xcc, 0xbe, 0x00, 0x00, 0x80, 0xbf, 0x51, 0x03,
    0xfc, 0xbe, 0xff, 0x03, 0xfd, 0xbe, 0x2b, 0x17, 0x82, 0xbf, 0xff, 0x03, 0xfd, 0xbe, 0xf0, 0xf0, 0xf0, 0x00, 0x70,
    0x83, 0x8c, 0xbf, 0xe9, 0xfc, 0xfa, 0x78, 0x9e, 0x00, 0x00, 0x00, 0xe9, 0xfe, 0x02, 0x79, 0x9e, 0x49, 0x92, 0x24,
    0x01, 0x00, 0x8f, 0xbf, 0xe9, 0x04, 0x0b, 0x79, 0x9e, 0x92, 0x24, 0x49, 0xe9, 0x06, 0x13, 0x79, 0x9e, 0xdb, 0xb6,
    0x6d, 0xe9, 0xfc, 0x1a, 0x79, 0x9e, 0x24, 0x49, 0x92, 0xe9, 0xfe, 0x22, 0x79, 0x9e, 0x6d, 0xdb, 0xb6, 0xe9, 0x04,
    0x2b, 0x79, 0x9e, 0xb6, 0x6d, 0xdb, 0xe9, 0x06, 0x33, 0x79, 0x9e, 0xff, 0xff, 0xff, 0xe9, 0xfc, 0x3a, 0x79, 0x9f,
    0x00, 0x00, 0x00, 0xe9, 0xfe, 0x42, 0x79, 0x9f, 0x49, 0x92, 0x24, 0xe9, 0x04, 0x4b, 0x79, 0x9f, 0x92, 0x24, 0x49,
    0xe9, 0x06, 0x53, 0x79, 0x9f, 0xdb, 0xb6, 0x6d, 0xe9, 0xfc, 0x5a, 0x79, 0x9f, 0x24, 0x49, 0x92, 0xe9, 0xfe, 0x62,
    0x79, 0x9f, 0x6d, 0xdb, 0xb6, 0xe9, 0x04, 0x6b, 0x79, 0x9f, 0xb6, 0x6d, 0xdb, 0xe9, 0x06, 0x73, 0x79, 0x9f, 0xff,
    0xff, 0xff, 0xe9, 0x0c, 0x7b, 0x79, 0x9e, 0x00, 0x00, 0x00, 0xe9, 0x0e, 0x83, 0x79, 0x9e, 0x49, 0x92, 0x24, 0xe9,
    0x14, 0x8b, 0x79, 0x9e, 0x92, 0x24, 0x49, 0xe9, 0x16, 0x93, 0x79, 0x9e, 0xdb, 0xb6, 0x6d, 0xe9, 0x0c, 0x9b, 0x79,
    0x9e, 0x24, 0x49, 0x92, 0xe9, 0x0e, 0xa3, 0x79, 0x9e, 0x6d, 0xdb, 0xb6, 0xe9, 0x14, 0xab, 0x79, 0x9e, 0xb6, 0x6d,
    0xdb, 0xe9, 0x16, 0xb3, 0x79, 0x9e, 0xff, 0xff, 0xff, 0xe9, 0x0c, 0xbb, 0x79, 0x9f, 0x00, 0x00, 0x00, 0xe9, 0x0e,
    0xc3, 0x79, 0x9f, 0x49, 0x92, 0x24, 0xe9, 0x14, 0xcb, 0x79, 0x9f, 0x92, 0x24, 0x49, 0xe9, 0x16, 0xd3, 0x79, 0x9f,
    0xdb, 0xb6, 0x6d, 0xe9, 0x0c, 0xdb, 0x79, 0x9f, 0x24, 0x49, 0x92, 0xe9, 0x0e, 0xe3, 0x79, 0x9f, 0x6d, 0xdb, 0xb6,
    0xe9, 0x14, 0xeb, 0x79, 0x9f, 0xb6, 0x6d, 0xdb, 0xe9, 0x16, 0xf3, 0x79, 0x9f, 0xff, 0xff, 0xff, 0xe9, 0x1c, 0xfb,
    0x78, 0xa2, 0x00, 0x00, 0x00, 0xe9, 0x1e, 0x03, 0x79, 0xa2, 0x49, 0x92, 0x24, 0xe9, 0x24, 0x0b, 0x79, 0xa2, 0x92,
    0x24, 0x49, 0xe9, 0x26, 0x13, 0x79, 0xa2, 0xdb, 0xb6, 0x6d, 0xe9, 0x1c, 0x1b, 0x79, 0xa2, 0x24, 0x49, 0x92, 0xe9,
    0x1e, 0x23, 0x79, 0xa2, 0x6d, 0xdb, 0xb6, 0xe9, 0x24, 0x2b, 0x79, 0xa2, 0xb6, 0x6d, 0xdb, 0xe9, 0x26, 0x33, 0x79,
    0xa2, 0xff, 0xff, 0xff, 0xe9, 0x1c, 0x3b, 0x79, 0xa3, 0x00, 0x00, 0x00, 0xe9, 0x1e, 0x43, 0x79, 0xa3, 0x49, 0x92,
    0x24, 0xe9, 0x24, 0x4b, 0x79, 0xa3, 0x92, 0x24, 0x49, 0xe9, 0x26, 0x53, 0x79, 0xa3, 0xdb, 0xb6, 0x6d, 0xe9, 0x1c,
    0x5b, 0x79, 0xa3, 0x24, 0x49, 0x92, 0xe9, 0x1e, 0x63, 0x79, 0xa3, 0x6d, 0xdb, 0xb6, 0xe9, 0x24, 0x6b, 0x79, 0xa3,
    0xb6, 0x6d, 0xdb, 0xe9, 0x26, 0x73, 0x79, 0xa3, 0xff, 0xff, 0xff, 0xe9, 0x2c, 0x7b, 0x79, 0xa2, 0x00, 0x00, 0x00,
    0xe9, 0x2e, 0x83, 0x79, 0xa2, 0x49, 0x92, 0x24, 0xff, 0x03, 0xfd, 0xbe, 0x36, 0x00, 0x82, 0xbf, 0xa6, 0x48, 0x0e,
    0xcc, 0xa7, 0x0b, 0x98, 0x06, 0xe9, 0x34, 0x8b, 0x79, 0xa2, 0x92, 0x24, 0x49, 0xaa, 0x48, 0x0e, 0xcc, 0xab, 0x0b,
    0xa8, 0x06, 0xe9, 0x36, 0x93, 0x79, 0xa2, 0xdb, 0xb6, 0x6d, 0xa7, 0x58, 0x0e, 0xcc, 0xa7, 0x0b, 0x9c, 0x06, 0xe9,
    0x2c, 0x9b, 0x79, 0xa2, 0x24, 0x49, 0x92, 0xab, 0x58, 0x0e, 0xcc, 0xab, 0x0b, 0xac, 0x06, 0xe9, 0x2e, 0xa3, 0x79,
    0xa2, 0x6d, 0xdb, 0xb6, 0xfa, 0x02, 0x4c, 0x79, 0xa6, 0x5a, 0x00, 0xff, 0xe9, 0x34, 0xab, 0x79, 0xa2, 0xb6, 0x6d,
    0xdb, 0xfa, 0x02, 0x54, 0x79, 0xaa, 0x5a, 0x00, 0xff, 0xe9, 0x36, 0xb3, 0x79, 0xa2, 0xff, 0xff, 0xff, 0xfa, 0x02,
    0x4e, 0x79, 0xa7, 0x5a, 0x00, 0xff, 0xe9, 0x2c, 0xbb, 0x79, 0xa3, 0x00, 0x00, 0x00, 0xfa, 0x02, 0x56, 0x79, 0xab,
    0x5a, 0x00, 0xff, 0xe9, 0x2e, 0xc3, 0x79, 0xa3, 0x49, 0x92, 0x24, 0x05, 0x87, 0x00, 0x7f, 0xe9, 0x34, 0xcb, 0x79,
    0xa3, 0x92, 0x24, 0x49, 0xe9, 0x36, 0xd3, 0x79, 0xa3, 0xdb, 0xb6, 0x6d, 0xe9, 0x2c, 0xdb, 0x79, 0xa3, 0x24, 0x49,
    0x92, 0xe9, 0x2e, 0xe3, 0x79, 0xa3, 0x6d, 0xdb, 0xb6, 0x02, 0x00, 0x80, 0xbf, 0xe9, 0x34, 0xeb, 0x79, 0xa3, 0xb6,
    0x6d, 0xdb, 0xe9, 0x36, 0xf3, 0x79, 0xa3, 0xff, 0xff, 0xff, 0x7f, 0xc0, 0x8c, 0xbf, 0x00, 0x00, 0x8f, 0xbf, 0x20,
    0x10, 0xa0, 0x80, 0x21, 0x80, 0xa1, 0x82, 0x24, 0x10, 0xa4, 0x80, 0x25, 0x80, 0xa5, 0x82, 0x43, 0x03, 0xa7, 0xbe,
    0xff, 0x03, 0xfd, 0xbe, 0x18, 0x00, 0x82, 0xbf, 0x00, 0x00, 0x80, 0xbf, 0x00, 0x00, 0x80, 0xbf, 0x00, 0x00, 0x80,
    0xbf, 0x00, 0x00, 0x80, 0xbf, 0x00, 0x00, 0x80, 0xbf, 0x00, 0x00, 0x80, 0xbf, 0x07, 0x00, 0xa1, 0xbf, 0x00, 0x10,
    0x90, 0xe0, 0xa4, 0xce, 0x08, 0x80, 0x00, 0x10, 0x90, 0xe0, 0xa8, 0xcf, 0x08, 0x80, 0x00, 0x10, 0x94, 0xe0, 0xac,
    0xcf, 0x08, 0x80, 0x00, 0x10, 0x94, 0xe0, 0xb0, 0xce, 0x08, 0x80, 0x00, 0x10, 0x90, 0xe0, 0xa4, 0xd2, 0x09, 0x80,
    0x00, 0x10, 0x90, 0xe0, 0xa8, 0xd3, 0x09, 0x80, 0x00, 0x10, 0x94, 0xe0, 0xac, 0xd3, 0x09, 0x80, 0x00, 0x10, 0x94,
    0xe0, 0xb0, 0xd2, 0x09, 0x80, 0xff, 0x03, 0xfd, 0xbe, 0x25, 0x00, 0x82, 0xbf, 0x0c, 0x00, 0xa1, 0xbf, 0x00, 0x00,
    0xd8, 0xd9, 0x8c, 0x00, 0x00, 0x7e, 0x00, 0x00, 0xd8, 0xd9, 0x90, 0x00, 0x00, 0x82, 0x00, 0x04, 0xd8, 0xd9, 0x8c,
    0x00, 0x00, 0x86, 0x00, 0x04, 0xd8, 0xd9, 0x90, 0x00, 0x00, 0x8a, 0x00, 0x08, 0xd8, 0xd9, 0x8c, 0x00, 0x00, 0x8e,
    0x00, 0x08, 0xd8, 0xd9, 0x90, 0x00, 0x00, 0x92, 0x00, 0x0c, 0xd8, 0xd9, 0x8c, 0x00, 0x00, 0x96, 0x00, 0x0c, 0xd8,
    0xd9, 0x90, 0x00, 0x00, 0x9a, 0x00, 0xc0, 0xd8, 0xd9, 0x94, 0x00, 0x00, 0x9e, 0x80, 0xc0, 0xd8, 0xd9, 0x94, 0x00,
    0x00, 0xa2, 0x00, 0x50, 0x34, 0xd9, 0x84, 0xa6, 0x00, 0x00, 0x00, 0x58, 0x34, 0xd9, 0x84, 0xaa, 0x00, 0x00, 0x00,
    0xc0, 0x34, 0xd8, 0x88, 0x80, 0x00, 0x00, 0x23, 0x03, 0xc3, 0xbe, 0x51, 0x81, 0xd1, 0x80, 0x52, 0x51, 0x51, 0x85,
    0x51, 0x03, 0xfc, 0xbe, 0x4e, 0x82, 0xce, 0x80, 0x05, 0x00, 0x84, 0xbf, 0x44, 0x21, 0xcc, 0xbe, 0x00, 0x00, 0x80,
    0xbf, 0x51, 0x03, 0xfc, 0xbe, 0xff, 0x03, 0xfd, 0xbe, 0x69, 0x00, 0x82, 0xbf, 0xff, 0x03, 0xfd, 0xbe, 0xf0, 0xf0,
    0xf0, 0x00, 0x70, 0x83, 0x8c, 0xbf, 0xe9, 0xfc, 0xfa, 0x78, 0x9e, 0x00, 0x00, 0x00, 0xe9, 0xfe, 0x02, 0x79, 0x9e,
    0x49, 0x92, 0x24, 0x01, 0x00, 0x8f, 0xbf, 0xe9, 0x04, 0x0b, 0x79, 0x9e, 0x92, 0x24, 0x49, 0xe9, 0x06, 0x13, 0x79,
    0x9e, 0xdb, 0xb6, 0x6d, 0xe9, 0xfc, 0x1a, 0x79, 0x9e, 0x24, 0x49, 0x92, 0xe9, 0xfe, 0x22, 0x79, 0x9e, 0x6d, 0xdb,
    0xb6, 0xe9, 0x04, 0x2b, 0x79, 0x9e, 0xb6, 0x6d, 0xdb, 0xe9, 0x06, 0x33, 0x79, 0x9e, 0xff, 0xff, 0xff, 0xe9, 0xfc,
    0x3a, 0x79, 0x9f, 0x00, 0x00, 0x00, 0xe9, 0xfe, 0x42, 0x79, 0x9f, 0x49, 0x92, 0x24, 0xe9, 0x04, 0x4b, 0x79, 0x9f,
    0x92, 0x24, 0x49, 0xe9, 0x06, 0x53, 0x79, 0x9f, 0xdb, 0xb6, 0x6d, 0xe9, 0xfc, 0x5a, 0x79, 0x9f, 0x24, 0x49, 0x92,
    0xe9, 0xfe, 0x62, 0x79, 0x9f, 0x6d, 0xdb, 0xb6, 0xe9, 0x04, 0x6b, 0x79, 0x9f, 0xb6, 0x6d, 0xdb, 0xe9, 0x06, 0x73,
    0x79, 0x9f, 0xff, 0xff, 0xff, 0xe9, 0x0c, 0x7b, 0x79, 0x9e, 0x00, 0x00, 0x00, 0xe9, 0x0e, 0x83, 0x79, 0x9e, 0x49,
    0x92, 0x24, 0xe9, 0x14, 0x8b, 0x79, 0x9e, 0x92, 0x24, 0x49, 0xe9, 0x16, 0x93, 0x79, 0x9e, 0xdb, 0xb6, 0x6d, 0xe9,
    0x0c, 0x9b, 0x79, 0x9e, 0x24, 0x49, 0x92, 0xe9, 0x0e, 0xa3, 0x79, 0x9e, 0x6d, 0xdb, 0xb6, 0xe9, 0x14, 0xab, 0x79,
    0x9e, 0xb6, 0x6d, 0xdb, 0xe9, 0x16, 0xb3, 0x79, 0x9e, 0xff, 0xff, 0xff, 0xe9, 0x0c, 0xbb, 0x79, 0x9f, 0x00, 0x00,
    0x00, 0xe9, 0x0e, 0xc3, 0x79, 0x9f, 0x49, 0x92, 0x24, 0xe9, 0x14, 0xcb, 0x79, 0x9f, 0x92, 0x24, 0x49, 0xe9, 0x16,
    0xd3, 0x79, 0x9f, 0xdb, 0xb6, 0x6d, 0xe9, 0x0c, 0xdb, 0x79, 0x9f, 0x24, 0x49, 0x92, 0xe9, 0x0e, 0xe3, 0x79, 0x9f,
    0x6d, 0xdb, 0xb6, 0xe9, 0x14, 0xeb, 0x79, 0x9f, 0xb6, 0x6d, 0xdb, 0xe9, 0x16, 0xf3, 0x79, 0x9f, 0xff, 0xff, 0xff,
    0xe9, 0x1c, 0xfb, 0x78, 0xa2, 0x00, 0x00, 0x00, 0xe9, 0x1e, 0x03, 0x79, 0xa2, 0x49, 0x92, 0x24, 0xe9, 0x24, 0x0b,
    0x79, 0xa2, 0x92, 0x24, 0x49, 0xe9, 0x26, 0x13, 0x79, 0xa2, 0xdb, 0xb6, 0x6d, 0xe9, 0x1c, 0x1b, 0x79, 0xa2, 0x24,
    0x49, 0x92, 0xe9, 0x1e, 0x23, 0x79, 0xa2, 0x6d, 0xdb, 0xb6, 0xe9, 0x24, 0x2b, 0x79, 0xa2, 0xb6, 0x6d, 0xdb, 0xe9,
    0x26, 0x33, 0x79, 0xa2, 0xff, 0xff, 0xff, 0xe9, 0x1c, 0x3b, 0x79, 0xa3, 0x00, 0x00, 0x00, 0xe9, 0x1e, 0x43, 0x79,
    0xa3, 0x49, 0x92, 0x24, 0xe9, 0x24, 0x4b, 0x79, 0xa3, 0x92, 0x24, 0x49, 0xe9, 0x26, 0x53, 0x79, 0xa3, 0xdb, 0xb6,
    0x6d, 0xe9, 0x1c, 0x5b, 0x79, 0xa3, 0x24, 0x49, 0x92, 0xe9, 0x1e, 0x63, 0x79, 0xa3, 0x6d, 0xdb, 0xb6, 0xe9, 0x24,
    0x6b, 0x79, 0xa3, 0xb6, 0x6d, 0xdb, 0xe9, 0x26, 0x73, 0x79, 0xa3, 0xff, 0xff, 0xff, 0xe9, 0x2c, 0x7b, 0x79, 0xa2,
    0x00, 0x00, 0x00, 0xe9, 0x2e, 0x83, 0x79, 0xa2, 0x49, 0x92, 0x24, 0xff, 0x03, 0xfd, 0xbe, 0x36, 0x00, 0x82, 0xbf,
    0xae, 0x48, 0x0e, 0xcc, 0xaf, 0x0b, 0xb8, 0x06, 0xe9, 0x34, 0x8b, 0x79, 0xa2, 0x92, 0x24, 0x49, 0xb2, 0x48, 0x0e,
    0xcc, 0xb3, 0x0b, 0xc8, 0x06, 0xe9, 0x36, 0x93, 0x79, 0xa2, 0xdb, 0xb6, 0x6d, 0xaf, 0x58, 0x0e, 0xcc, 0xaf, 0x0b,
    0xbc, 0x06, 0xe9, 0x2c, 0x9b, 0x79, 0xa2, 0x24, 0x49, 0x92, 0xb3, 0x58, 0x0e, 0xcc, 0xb3, 0x0b, 0xcc, 0x06, 0xe9,
    0x2e, 0xa3, 0x79, 0xa2, 0x6d, 0xdb, 0xb6, 0xfa, 0x02, 0x5c, 0x79, 0xae, 0x5a, 0x00, 0xff, 0xe9, 0x34, 0xab, 0x79,
    0xa2, 0xb6, 0x6d, 0xdb, 0xfa, 0x02, 0x64, 0x79, 0xb2, 0x5a, 0x00, 0xff, 0xe9, 0x36, 0xb3, 0x79, 0xa2, 0xff, 0xff,
    0xff, 0xfa, 0x02, 0x5e, 0x79, 0xaf, 0x5a, 0x00, 0xff, 0xe9, 0x2c, 0xbb, 0x79, 0xa3, 0x00, 0x00, 0x00, 0xfa, 0x02,
    0x66, 0x79, 0xb3, 0x5a, 0x00, 0xff, 0xe9, 0x2e, 0xc3, 0x79, 0xa3, 0x49, 0x92, 0x24, 0x05, 0x87, 0x00, 0x7f, 0xe9,
    0x34, 0xcb, 0x79, 0xa3, 0x92, 0x24, 0x49, 0xe9, 0x36, 0xd3, 0x79, 0xa3, 0xdb, 0xb6, 0x6d, 0xe9, 0x2c, 0xdb, 0x79,
    0xa3, 0x24, 0x49, 0x92, 0xe9, 0x2e, 0xe3, 0x79, 0xa3, 0x6d, 0xdb, 0xb6, 0x02, 0x00, 0x80, 0xbf, 0xe9, 0x34, 0xeb,
    0x79, 0xa3, 0xb6, 0x6d, 0xdb, 0xe9, 0x36, 0xf3, 0x79, 0xa3, 0xff, 0xff, 0xff, 0x7f, 0xc0, 0x8c, 0xbf, 0x00, 0x00,
    0x8f, 0xbf, 0x20, 0x10, 0xa0, 0x80, 0x21, 0x80, 0xa1, 0x82, 0x24, 0x10, 0xa4, 0x80, 0x25, 0x80, 0xa5, 0x82, 0x43,
    0x03, 0xa7, 0xbe, 0xff, 0x03, 0xfd, 0xbe, 0x16, 0x00, 0x82, 0xbf, 0x00, 0x00, 0x80, 0xbf, 0x00, 0x00, 0x80, 0xbf,
    0x00, 0x00, 0x80, 0xbf, 0x00, 0x00, 0x80, 0xbf, 0x07, 0x00, 0xa1, 0xbf, 0x00, 0x10, 0x90, 0xe0, 0xa4, 0xa6, 0x08,
    0x80, 0x00, 0x10, 0x90, 0xe0, 0xa8, 0xa7, 0x08, 0x80, 0x00, 0x10, 0x94, 0xe0, 0xac, 0xa7, 0x08, 0x80, 0x00, 0x10,
    0x94, 0xe0, 0xb0, 0xa6, 0x08, 0x80, 0x00, 0x10, 0x90, 0xe0, 0xa4, 0xaa, 0x09, 0x80, 0x00, 0x10, 0x90, 0xe0, 0xa8,
    0xab, 0x09, 0x80, 0x00, 0x10, 0x94, 0xe0, 0xac, 0xab, 0x09, 0x80, 0x00, 0x10, 0x94, 0xe0, 0xb0, 0xaa, 0x09, 0x80,
    0xff, 0x03, 0xfd, 0xbe, 0x93, 0x15, 0x82, 0xbf, 0x0d, 0x00, 0xa1, 0xbf, 0x04, 0xc4, 0xf8, 0xd8, 0x00, 0x00, 0x00,
    0x04, 0x00, 0x10, 0xd8, 0xd9, 0x8c, 0x00, 0x00, 0x7e, 0x00, 0x10, 0xd8, 0xd9, 0x90, 0x00, 0x00, 0x82, 0x00, 0x14,
    0xd8, 0xd9, 0x8c, 0x00, 0x00, 0x86, 0x00, 0x14, 0xd8, 0xd9, 0x90, 0x00, 0x00, 0x8a, 0x00, 0x18, 0xd8, 0xd9, 0x8c,
    0x00, 0x00, 0x8e, 0x00, 0x18, 0xd8, 0xd9, 0x90, 0x00, 0x00, 0x92, 0x00, 0x1c, 0xd8, 0xd9, 0x8c, 0x00, 0x00, 0x96,
    0x00, 0x1c, 0xd8, 0xd9, 0x90, 0x00, 0x00, 0x9a, 0x00, 0xc0, 0xd8, 0xd9, 0x94, 0x00, 0x00, 0x9e, 0x80, 0xc0, 0xd8,
    0xd9, 0x94, 0x00, 0x00, 0xa2, 0x00, 0x60, 0x34, 0xd9, 0x84, 0xae, 0x00, 0x00, 0x00, 0x68, 0x34, 0xd9, 0x84, 0xb2,
    0x00, 0x00, 0x00, 0xc0, 0x34, 0xd8, 0x88, 0x80, 0x00, 0x00, 0x23, 0x03, 0xc3, 0xbe, 0x51, 0x81, 0xd1, 0x80, 0x52,
    0x51, 0x51, 0x85, 0x51, 0x03, 0xfc, 0xbe, 0x4e, 0x82, 0xce, 0x80, 0x05, 0x00, 0x84, 0xbf, 0x44, 0x21, 0xcc, 0xbe,
    0x00, 0x00, 0x80, 0xbf, 0x51, 0x03, 0xfc, 0xbe, 0xff, 0x03, 0xfd, 0xbe, 0x69, 0x00, 0x82, 0xbf, 0xff, 0x03, 0xfd,
    0xbe, 0xf0, 0xf0, 0xf0, 0x00, 0x70, 0x83, 0x8c, 0xbf, 0xe9, 0xfc, 0xfa, 0x78, 0x9e, 0x00, 0x00, 0x00, 0xe9, 0xfe,
    0x02, 0x79, 0x9e, 0x49, 0x92, 0x24, 0x01, 0x00, 0x8f, 0xbf, 0xe9, 0x04, 0x0b, 0x79, 0x9e, 0x92, 0x24, 0x49, 0xe9,
    0x06, 0x13, 0x79, 0x9e, 0xdb, 0xb6, 0x6d, 0xe9, 0xfc, 0x1a, 0x79, 0x9e, 0x24, 0x49, 0x92, 0xe9, 0xfe, 0x22, 0x79,
    0x9e, 0x6d, 0xdb, 0xb6, 0xe9, 0x04, 0x2b, 0x79, 0x9e, 0xb6, 0x6d, 0xdb, 0xe9, 0x06, 0x33, 0x79, 0x9e, 0xff, 0xff,
    0xff, 0xe9, 0xfc, 0x3a, 0x79, 0x9f, 0x00, 0x00, 0x00, 0xe9, 0xfe, 0x42, 0x79, 0x9f, 0x49, 0x92, 0x24, 0xe9, 0x04,
    0x4b, 0x79, 0x9f, 0x92, 0x24, 0x49, 0xe9, 0x06, 0x53, 0x79, 0x9f, 0xdb, 0xb6, 0x6d, 0xe9, 0xfc, 0x5a, 0x79, 0x9f,
    0x24, 0x49, 0x92, 0xe9, 0xfe, 0x62, 0x79, 0x9f, 0x6d, 0xdb, 0xb6, 0xe9, 0x04, 0x6b, 0x79, 0x9f, 0xb6, 0x6d, 0xdb,
    0xe9, 0x06, 0x73, 0x79, 0x9f, 0xff, 0xff, 0xff, 0xe9, 0x0c, 0x7b, 0x79, 0x9e, 0x00, 0x00, 0x00, 0xe9, 0x0e, 0x83,
    0x79, 0x9e, 0x49, 0x92, 0x24, 0xe9, 0x14, 0x8b, 0x79, 0x9e, 0x92, 0x24, 0x49, 0xe9, 0x16, 0x93, 0x79, 0x9e, 0xdb,
    0xb6, 0x6d, 0xe9, 0x0c, 0x9b, 0x79, 0x9e, 0x24, 0x49, 0x92, 0xe9, 0x0e, 0xa3, 0x79, 0x9e, 0x6d, 0xdb, 0xb6, 0xe9,
    0x14, 0xab, 0x79, 0x9e, 0xb6, 0x6d, 0xdb, 0xe9, 0x16, 0xb3, 0x79, 0x9e, 0xff, 0xff, 0xff, 0xe9, 0x0c, 0xbb, 0x79,
    0x9f, 0x00, 0x00, 0x00, 0xe9, 0x0e, 0xc3, 0x79, 0x9f, 0x49, 0x92, 0x24, 0xe9, 0x14, 0xcb, 0x79, 0x9f, 0x92, 0x24,
    0x49, 0xe9, 0x16, 0xd3, 0x79, 0x9f, 0xdb, 0xb6, 0x6d, 0xe9, 0x0c, 0xdb, 0x79, 0x9f, 0x24, 0x49, 0x92, 0xe9, 0x0e,
    0xe3, 0x79, 0x9f, 0x6d, 0xdb, 0xb6, 0xe9, 0x14, 0xeb, 0x79, 0x9f, 0xb6, 0x6d, 0xdb, 0xe9, 0x16, 0xf3, 0x79, 0x9f,
    0xff, 0xff, 0xff, 0xe9, 0x1c, 0xfb, 0x78, 0xa2, 0x00, 0x00, 0x00, 0xe9, 0x1e, 0x03, 0x79, 0xa2, 0x49, 0x92, 0x24,
    0xe9, 0x24, 0x0b, 0x79, 0xa2, 0x92, 0x24, 0x49, 0xe9, 0x26, 0x13, 0x79, 0xa2, 0xdb, 0xb6, 0x6d, 0xe9, 0x1c, 0x1b,
    0x79, 0xa2, 0x24, 0x49, 0x92, 0xe9, 0x1e, 0x23, 0x79, 0xa2, 0x6d, 0xdb, 0xb6, 0xe9, 0x24, 0x2b, 0x79, 0xa2, 0xb6,
    0x6d, 0xdb, 0xe9, 0x26, 0x33, 0x79, 0xa2, 0xff, 0xff, 0xff, 0xe9, 0x1c, 0x3b, 0x79, 0xa3, 0x00, 0x00, 0x00, 0xe9,
    0x1e, 0x43, 0x79, 0xa3, 0x49, 0x92, 0x24, 0xe9, 0x24, 0x4b, 0x79, 0xa3, 0x92, 0x24, 0x49, 0xe9, 0x26, 0x53, 0x79,
    0xa3, 0xdb, 0xb6, 0x6d, 0xe9, 0x1c, 0x5b, 0x79, 0xa3, 0x24, 0x49, 0x92, 0xe9, 0x1e, 0x63, 0x79, 0xa3, 0x6d, 0xdb,
    0xb6, 0xe9, 0x24, 0x6b, 0x79, 0xa3, 0xb6, 0x6d, 0xdb, 0xe9, 0x26, 0x73, 0x79, 0xa3, 0xff, 0xff, 0xff, 0xe9, 0x2c,
    0x7b, 0x79, 0xa2, 0x00, 0x00, 0x00, 0xe9, 0x2e, 0x83, 0x79, 0xa2, 0x49, 0x92, 0x24, 0xff, 0x03, 0xfd, 0xbe, 0x3b,
    0x00, 0x82, 0xbf, 0xb6, 0x48, 0x0e, 0xcc, 0xb7, 0x0b, 0xd8, 0x06, 0xe9, 0x34, 0x8b, 0x79, 0xa2, 0x92, 0x24, 0x49,
    0xba, 0x48, 0x0e, 0xcc, 0xbb, 0x0b, 0xe8, 0x06, 0xe9, 0x36, 0x93, 0x79, 0xa2, 0xdb, 0xb6, 0x6d, 0xb7, 0x58, 0x0e,
    0xcc, 0xb7, 0x0b, 0xdc, 0x06, 0xe9, 0x2c, 0x9b, 0x79, 0xa2, 0x24, 0x49, 0x92, 0xbb, 0x58, 0x0e, 0xcc, 0xbb, 0x0b,
    0xec, 0x06, 0xe9, 0x2e, 0xa3, 0x79, 0xa2, 0x6d, 0xdb, 0xb6, 0xfa, 0x02, 0x6c, 0x79, 0xb6, 0x5a, 0x00, 0xff, 0xe9,
    0x34, 0xab, 0x79, 0xa2, 0xb6, 0x6d, 0xdb, 0xfa, 0x02, 0x74, 0x79, 0xba, 0x5a, 0x00, 0xff, 0xe9, 0x36, 0xb3, 0x79,
    0xa2, 0xff, 0xff, 0xff, 0xfa, 0x02, 0x6e, 0x79, 0xb7, 0x5a, 0x00, 0xff, 0xe9, 0x2c, 0xbb, 0x79, 0xa3, 0x00, 0x00,
    0x00, 0xfa, 0x02, 0x76, 0x79, 0xbb, 0x5a, 0x00, 0xff, 0xe9, 0x2e, 0xc3, 0x79, 0xa3, 0x49, 0x92, 0x24, 0x05, 0x87,
    0x00, 0x7f, 0xe9, 0x34, 0xcb, 0x79, 0xa3, 0x92, 0x24, 0x49, 0xe9, 0x36, 0xd3, 0x79, 0xa3, 0xdb, 0xb6, 0x6d, 0xe9,
    0x2c, 0xdb, 0x79, 0xa3, 0x24, 0x49, 0x92, 0xe9, 0x2e, 0xe3, 0x79, 0xa3, 0x6d, 0xdb, 0xb6, 0xff, 0x03, 0xfc, 0xbe,
    0x04, 0xc4, 0x02, 0x00, 0x00, 0x00, 0x80, 0xbf, 0xe9, 0x34, 0xeb, 0x79, 0xa3, 0xb6, 0x6d, 0xdb, 0xe9, 0x36, 0xf3,
    0x79, 0xa3, 0xff, 0xff, 0xff, 0x6a, 0x00, 0xc2, 0xd4, 0xfe, 0x78, 0x00, 0x00, 0xfd, 0xff, 0x86, 0xbf, 0x7f, 0xc0,
    0x8c, 0xbf, 0x00, 0x00, 0x8f, 0xbf, 0x20, 0x10, 0xa0, 0x80, 0x21, 0x80, 0xa1, 0x82, 0x24, 0x10, 0xa4, 0x80, 0x25,
    0x80, 0xa5, 0x82, 0x43, 0x03, 0xa7, 0xbe, 0xff, 0x03, 0xfd, 0xbe, 0x13, 0x00, 0x82, 0xbf, 0x00, 0x00, 0x80, 0xbf,
    0x07, 0x00, 0xa1, 0xbf, 0x00, 0x10, 0x90, 0xe0, 0xa4, 0xae, 0x08, 0x80, 0x00, 0x10, 0x90, 0xe0, 0xa8, 0xaf, 0x08,
    0x80, 0x00, 0x10, 0x94, 0xe0, 0xac, 0xaf, 0x08, 0x80, 0x00, 0x10, 0x94, 0xe0, 0xb0, 0xae, 0x08, 0x80, 0x00, 0x10,
    0x90, 0xe0, 0xa4, 0xb2, 0x09, 0x80, 0x00, 0x10, 0x90, 0xe0, 0xa8, 0xb3, 0x09, 0x80, 0x00, 0x10, 0x94, 0xe0, 0xac,
    0xb3, 0x09, 0x80, 0x00, 0x10, 0x94, 0xe0, 0xb0, 0xb2, 0x09, 0x80, 0xff, 0x03, 0xfd, 0xbe, 0x25, 0x00, 0x82, 0xbf,
    0x0c, 0x00, 0xa1, 0xbf, 0x00, 0x20, 0xd8, 0xd9, 0x8c, 0x00, 0x00, 0x7e, 0x00, 0x20, 0xd8, 0xd9, 0x90, 0x00, 0x00,
    0x82, 0x00, 0x24, 0xd8, 0xd9, 0x8c, 0x00, 0x00, 0x86, 0x00, 0x24, 0xd8, 0xd9, 0x90, 0x00, 0x00, 0x8a, 0x00, 0x28,
    0xd8, 0xd9, 0x8c, 0x00, 0x00, 0x8e, 0x00, 0x28, 0xd8, 0xd9, 0x90, 0x00, 0x00, 0x92, 0x00, 0x2c, 0xd8, 0xd9, 0x8c,
    0x00, 0x00, 0x96, 0x00, 0x2c, 0xd8, 0xd9, 0x90, 0x00, 0x00, 0x9a, 0x00, 0xc0, 0xd8, 0xd9, 0x94, 0x00, 0x00, 0x9e,
    0x80, 0xc0, 0xd8, 0xd9, 0x94, 0x00, 0x00, 0xa2, 0x00, 0x70, 0x34, 0xd9, 0x84, 0xb6, 0x00, 0x00, 0x00, 0x78, 0x34,
    0xd9, 0x84, 0xba, 0x00, 0x00, 0x00, 0xc0, 0x34, 0xd8, 0x88, 0x80, 0x00, 0x00, 0x23, 0x03, 0xc3, 0xbe, 0x51, 0x81,
    0xd1, 0x80, 0x52, 0x51, 0x51, 0x85, 0x51, 0x03, 0xfc, 0xbe, 0x4e, 0x82, 0xce, 0x80, 0x05, 0x00, 0x84, 0xbf, 0x44,
    0x21, 0xcc, 0xbe, 0x00, 0x00, 0x80, 0xbf, 0x51, 0x03, 0xfc, 0xbe, 0xff, 0x03, 0xfd, 0xbe, 0x69, 0x00, 0x82, 0xbf,
    0xff, 0x03, 0xfd, 0xbe, 0xf0, 0xf0, 0xf0, 0x00, 0x70, 0x83, 0x8c, 0xbf, 0xe9, 0xfc, 0xfa, 0x78, 0x9e, 0x00, 0x00,
    0x00, 0xe9, 0xfe, 0x02, 0x79, 0x9e, 0x49, 0x92, 0x24, 0x01, 0x00, 0x8f, 0xbf, 0xe9, 0x04, 0x0b, 0x79, 0x9e, 0x92,
    0x24, 0x49, 0xe9, 0x06, 0x13, 0x79, 0x9e, 0xdb, 0xb6, 0x6d, 0xe9, 0xfc, 0x1a, 0x79, 0x9e, 0x24, 0x49, 0x92, 0xe9,
    0xfe, 0x22, 0x79, 0x9e, 0x6d, 0xdb, 0xb6, 0xe9, 0x04, 0x2b, 0x79, 0x9e, 0xb6, 0x6d, 0xdb, 0xe9, 0x06, 0x33, 0x79,
    0x9e, 0xff, 0xff, 0xff, 0xe9, 0xfc, 0x3a, 0x79, 0x9f, 0x00, 0x00, 0x00, 0xe9, 0xfe, 0x42, 0x79, 0x9f, 0x49, 0x92,
    0x24, 0xe9, 0x04, 0x4b, 0x79, 0x9f, 0x92, 0x24, 0x49, 0xe9, 0x06, 0x53, 0x79, 0x9f, 0xdb, 0xb6, 0x6d, 0xe9, 0xfc,
    0x5a, 0x79, 0x9f, 0x24, 0x49, 0x92, 0xe9, 0xfe, 0x62, 0x79, 0x9f, 0x6d, 0xdb, 0xb6, 0xe9, 0x04, 0x6b, 0x79, 0x9f,
    0xb6, 0x6d, 0xdb, 0xe9, 0x06, 0x73, 0x79, 0x9f, 0xff, 0xff, 0xff, 0xe9, 0x0c, 0x7b, 0x79, 0x9e, 0x00, 0x00, 0x00,
    0xe9, 0x0e, 0x83, 0x79, 0x9e, 0x49, 0x92, 0x24, 0xe9, 0x14, 0x8b, 0x79, 0x9e, 0x92, 0x24, 0x49, 0xe9, 0x16, 0x93,
    0x79, 0x9e, 0xdb, 0xb6, 0x6d, 0xe9, 0x0c, 0x9b, 0x79, 0x9e, 0x24, 0x49, 0x92, 0xe9, 0x0e, 0xa3, 0x79, 0x9e, 0x6d,
    0xdb, 0xb6, 0xe9, 0x14, 0xab, 0x79, 0x9e, 0xb6, 0x6d, 0xdb, 0xe9, 0x16, 0xb3, 0x79, 0x9e, 0xff, 0xff, 0xff, 0xe9,
    0x0c, 0xbb, 0x79, 0x9f, 0x00, 0x00, 0x00, 0xe9, 0x0e, 0xc3, 0x79, 0x9f, 0x49, 0x92, 0x24, 0xe9, 0x14, 0xcb, 0x79,
    0x9f, 0x92, 0x24, 0x49, 0xe9, 0x16, 0xd3, 0x79, 0x9f, 0xdb, 0xb6, 0x6d, 0xe9, 0x0c, 0xdb, 0x79, 0x9f, 0x24, 0x49,
    0x92, 0xe9, 0x0e, 0xe3, 0x79, 0x9f, 0x6d, 0xdb, 0xb6, 0xe9, 0x14, 0xeb, 0x79, 0x9f, 0xb6, 0x6d, 0xdb, 0xe9, 0x16,
    0xf3, 0x79, 0x9f, 0xff, 0xff, 0xff, 0xe9, 0x1c, 0xfb, 0x78, 0xa2, 0x00, 0x00, 0x00, 0xe9, 0x1e, 0x03, 0x79, 0xa2,
    0x49, 0x92, 0x24, 0xe9, 0x24, 0x0b, 0x79, 0xa2, 0x92, 0x24, 0x49, 0xe9, 0x26, 0x13, 0x79, 0xa2, 0xdb, 0xb6, 0x6d,
    0xe9, 0x1c, 0x1b, 0x79, 0xa2, 0x24, 0x49, 0x92, 0xe9, 0x1e, 0x23, 0x79, 0xa2, 0x6d, 0xdb, 0xb6, 0xe9, 0x24, 0x2b,
    0x79, 0xa2, 0xb6, 0x6d, 0xdb, 0xe9, 0x26, 0x33, 0x79, 0xa2, 0xff, 0xff, 0xff, 0xe9, 0x1c, 0x3b, 0x79, 0xa3, 0x00,
    0x00, 0x00, 0xe9, 0x1e, 0x43, 0x79, 0xa3, 0x49, 0x92, 0x24, 0xe9, 0x24, 0x4b, 0x79, 0xa3, 0x92, 0x24, 0x49, 0xe9,
    0x26, 0x53, 0x79, 0xa3, 0xdb, 0xb6, 0x6d, 0xe9, 0x1c, 0x5b, 0x79, 0xa3, 0x24, 0x49, 0x92, 0xe9, 0x1e, 0x63, 0x79,
    0xa3, 0x6d, 0xdb, 0xb6, 0xe9, 0x24, 0x6b, 0x79, 0xa3, 0xb6, 0x6d, 0xdb, 0xe9, 0x26, 0x73, 0x79, 0xa3, 0xff, 0xff,
    0xff, 0xe9, 0x2c, 0x7b, 0x79, 0xa2, 0x00, 0x00, 0x00, 0xe9, 0x2e, 0x83, 0x79, 0xa2, 0x49, 0x92, 0x24, 0xff, 0x03,
    0xfd, 0xbe, 0x36, 0x00, 0x82, 0xbf, 0xbe, 0x48, 0x0e, 0xcc, 0xbf, 0x0b, 0xf8, 0x06, 0xe9, 0x34, 0x8b, 0x79, 0xa2,
    0x92, 0x24, 0x49, 0xc2, 0x48, 0x0e, 0xcc, 0xc3, 0x0b, 0x08, 0x07, 0xe9, 0x36, 0x93, 0x79, 0xa2, 0xdb, 0xb6, 0x6d,
    0xbf, 0x58, 0x0e, 0xcc, 0xbf, 0x0b, 0xfc, 0x06, 0xe9, 0x2c, 0x9b, 0x79, 0xa2, 0x24, 0x49, 0x92, 0xc3, 0x58, 0x0e,
    0xcc, 0xc3, 0x0b, 0x0c, 0x07, 0xe9, 0x2e, 0xa3, 0x79, 0xa2, 0x6d, 0xdb, 0xb6, 0xfa, 0x02, 0x7c, 0x79, 0xbe, 0x5a,
    0x00, 0xff, 0xe9, 0x34, 0xab, 0x79, 0xa2, 0xb6, 0x6d, 0xdb, 0xfa, 0x02, 0x84, 0x79, 0xc2, 0x5a, 0x00, 0xff, 0xe9,
    0x36, 0xb3, 0x79, 0xa2, 0xff, 0xff, 0xff, 0xfa, 0x02, 0x7e, 0x79, 0xbf, 0x5a, 0x00, 0xff, 0xe9, 0x2c, 0xbb, 0x79,
    0xa3, 0x00, 0x00, 0x00, 0xfa, 0x02, 0x86, 0x79, 0xc3, 0x5a, 0x00, 0xff, 0xe9, 0x2e, 0xc3, 0x79, 0xa3, 0x49, 0x92,
    0x24, 0x05, 0x87, 0x00, 0x7f, 0xe9, 0x34, 0xcb, 0x79, 0xa3, 0x92, 0x24, 0x49, 0xe9, 0x36, 0xd3, 0x79, 0xa3, 0xdb,
    0xb6, 0x6d, 0xe9, 0x2c, 0xdb, 0x79, 0xa3, 0x24, 0x49, 0x92, 0xe9, 0x2e, 0xe3, 0x79, 0xa3, 0x6d, 0xdb, 0xb6, 0x02,
    0x00, 0x80, 0xbf, 0xe9, 0x34, 0xeb, 0x79, 0xa3, 0xb6, 0x6d, 0xdb, 0xe9, 0x36, 0xf3, 0x79, 0xa3, 0xff, 0xff, 0xff,
    0x7f, 0xc0, 0x8c, 0xbf, 0x00, 0x00, 0x8f, 0xbf, 0x20, 0x10, 0xa0, 0x80, 0x21, 0x80, 0xa1, 0x82, 0x24, 0x10, 0xa4,
    0x80, 0x25, 0x80, 0xa5, 0x82, 0x43, 0x03, 0xa7, 0xbe, 0xff, 0x03, 0xfd, 0xbe, 0xea, 0x13, 0x82, 0xbf, 0x00, 0x00,
    0x80, 0xbf, 0x00, 0x00, 0x80, 0xbf, 0x00, 0x00, 0x80, 0xbf, 0x00, 0x00, 0x80, 0xbf, 0x00, 0x00, 0x80, 0xbf, 0x00,
    0x00, 0x80, 0xbf, 0x07, 0x00, 0xa1, 0xbf, 0x00, 0x10, 0x90, 0xe0, 0xa4, 0xb6, 0x08, 0x80, 0x00, 0x10, 0x90, 0xe0,
    0xa8, 0xb7, 0x08, 0x80, 0x00, 0x10, 0x94, 0xe0, 0xac, 0xb7, 0x08, 0x80, 0x00, 0x10, 0x94, 0xe0, 0xb0, 0xb6, 0x08,
    0x80, 0x00, 0x10, 0x90, 0xe0, 0xa4, 0xba, 0x09, 0x80, 0x00, 0x10, 0x90, 0xe0, 0xa8, 0xbb, 0x09, 0x80, 0x00, 0x10,
    0x94, 0xe0, 0xac, 0xbb, 0x09, 0x80, 0x00, 0x10, 0x94, 0xe0, 0xb0, 0xba, 0x09, 0x80, 0xff, 0x03, 0xfd, 0xbe, 0x25,
    0x00, 0x82, 0xbf, 0x0c, 0x00, 0xa1, 0xbf, 0x00, 0x30, 0xd8, 0xd9, 0x8c, 0x00, 0x00, 0x7e, 0x00, 0x30, 0xd8, 0xd9,
    0x90, 0x00, 0x00, 0x82, 0x00, 0x34, 0xd8, 0xd9, 0x8c, 0x00, 0x00, 0x86, 0x00, 0x34, 0xd8, 0xd9, 0x90, 0x00, 0x00,
    0x8a, 0x00, 0x38, 0xd8, 0xd9, 0x8c, 0x00, 0x00, 0x8e, 0x00, 0x38, 0xd8, 0xd9, 0x90, 0x00, 0x00, 0x92, 0x00, 0x3c,
    0xd8, 0xd9, 0x8c, 0x00, 0x00, 0x96, 0x00, 0x3c, 0xd8, 0xd9, 0x90, 0x00, 0x00, 0x9a, 0x00, 0xc0, 0xd8, 0xd9, 0x94,
    0x00, 0x00, 0x9e, 0x80, 0xc0, 0xd8, 0xd9, 0x94, 0x00, 0x00, 0xa2, 0x00, 0x80, 0x34, 0xd9, 0x84, 0xbe, 0x00, 0x00,
    0x00, 0x88, 0x34, 0xd9, 0x84, 0xc2, 0x00, 0x00, 0x00, 0xc0, 0x34, 0xd8, 0x88, 0x80, 0x00, 0x00, 0x23, 0x03, 0xc3,
    0xbe, 0x51, 0x81, 0xd1, 0x80, 0x52, 0x51, 0x51, 0x85, 0x51, 0x03, 0xfc, 0xbe, 0x4e, 0x82, 0xce, 0x80, 0x05, 0x00,
    0x84, 0xbf, 0x44, 0x21, 0xcc, 0xbe, 0x00, 0x00, 0x80, 0xbf, 0x51, 0x03, 0xfc, 0xbe, 0xff, 0x03, 0xfd, 0xbe, 0x69,
    0x00, 0x82, 0xbf, 0xff, 0x03, 0xfd, 0xbe, 0xf0, 0xf0, 0xf0, 0x00, 0x70, 0x83, 0x8c, 0xbf, 0xe9, 0xfc, 0xfa, 0x78,
    0x9e, 0x00, 0x00, 0x00, 0xe9, 0xfe, 0x02, 0x79, 0x9e, 0x49, 0x92, 0x24, 0x01, 0x00, 0x8f, 0xbf, 0xe9, 0x04, 0x0b,
    0x79, 0x9e, 0x92, 0x24, 0x49, 0xe9, 0x06, 0x13, 0x79, 0x9e, 0xdb, 0xb6, 0x6d, 0xe9, 0xfc, 0x1a, 0x79, 0x9e, 0x24,
    0x49, 0x92, 0xe9, 0xfe, 0x22, 0x79, 0x9e, 0x6d, 0xdb, 0xb6, 0xe9, 0x04, 0x2b, 0x79, 0x9e, 0xb6, 0x6d, 0xdb, 0xe9,
    0x06, 0x33, 0x79, 0x9e, 0xff, 0xff, 0xff, 0xe9, 0xfc, 0x3a, 0x79, 0x9f, 0x00, 0x00, 0x00, 0xe9, 0xfe, 0x42, 0x79,
    0x9f, 0x49, 0x92, 0x24, 0xe9, 0x04, 0x4b, 0x79, 0x9f, 0x92, 0x24, 0x49, 0xe9, 0x06, 0x53, 0x79, 0x9f, 0xdb, 0xb6,
    0x6d, 0xe9, 0xfc, 0x5a, 0x79, 0x9f, 0x24, 0x49, 0x92, 0xe9, 0xfe, 0x62, 0x79, 0x9f, 0x6d, 0xdb, 0xb6, 0xe9, 0x04,
    0x6b, 0x79, 0x9f, 0xb6, 0x6d, 0xdb, 0xe9, 0x06, 0x73, 0x79, 0x9f, 0xff, 0xff, 0xff, 0xe9, 0x0c, 0x7b, 0x79, 0x9e,
    0x00, 0x00, 0x00, 0xe9, 0x0e, 0x83, 0x79, 0x9e, 0x49, 0x92, 0x24, 0xe9, 0x14, 0x8b, 0x79, 0x9e, 0x92, 0x24, 0x49,
    0xe9, 0x16, 0x93, 0x79, 0x9e, 0xdb, 0xb6, 0x6d, 0xe9, 0x0c, 0x9b, 0x79, 0x9e, 0x24, 0x49, 0x92, 0xe9, 0x0e, 0xa3,
    0x79, 0x9e, 0x6d, 0xdb, 0xb6, 0xe9, 0x14, 0xab, 0x79, 0x9e, 0xb6, 0x6d, 0xdb, 0xe9, 0x16, 0xb3, 0x79, 0x9e, 0xff,
    0xff, 0xff, 0xe9, 0x0c, 0xbb, 0x79, 0x9f, 0x00, 0x00, 0x00, 0xe9, 0x0e, 0xc3, 0x79, 0x9f, 0x49, 0x92, 0x24, 0xe9,
    0x14, 0xcb, 0x79, 0x9f, 0x92, 0x24, 0x49, 0xe9, 0x16, 0xd3, 0x79, 0x9f, 0xdb, 0xb6, 0x6d, 0xe9, 0x0c, 0xdb, 0x79,
    0x9f, 0x24, 0x49, 0x92, 0xe9, 0x0e, 0xe3, 0x79, 0x9f, 0x6d, 0xdb, 0xb6, 0xe9, 0x14, 0xeb, 0x79, 0x9f, 0xb6, 0x6d,
    0xdb, 0xe9, 0x16, 0xf3, 0x79, 0x9f, 0xff, 0xff, 0xff, 0xe9, 0x1c, 0xfb, 0x78, 0xa2, 0x00, 0x00, 0x00, 0xe9, 0x1e,
    0x03, 0x79, 0xa2, 0x49, 0x92, 0x24, 0xe9, 0x24, 0x0b, 0x79, 0xa2, 0x92, 0x24, 0x49, 0xe9, 0x26, 0x13, 0x79, 0xa2,
    0xdb, 0xb6, 0x6d, 0xe9, 0x1c, 0x1b, 0x79, 0xa2, 0x24, 0x49, 0x92, 0xe9, 0x1e, 0x23, 0x79, 0xa2, 0x6d, 0xdb, 0xb6,
    0xe9, 0x24, 0x2b, 0x79, 0xa2, 0xb6, 0x6d, 0xdb, 0xe9, 0x26, 0x33, 0x79, 0xa2, 0xff, 0xff, 0xff, 0xe9, 0x1c, 0x3b,
    0x79, 0xa3, 0x00, 0x00, 0x00, 0xe9, 0x1e, 0x43, 0x79, 0xa3, 0x49, 0x92, 0x24, 0xe9, 0x24, 0x4b, 0x79, 0xa3, 0x92,
    0x24, 0x49, 0xe9, 0x26, 0x53, 0x79, 0xa3, 0xdb, 0xb6, 0x6d, 0xe9, 0x1c, 0x5b, 0x79, 0xa3, 0x24, 0x49, 0x92, 0xe9,
    0x1e, 0x63, 0x79, 0xa3, 0x6d, 0xdb, 0xb6, 0xe9, 0x24, 0x6b, 0x79, 0xa3, 0xb6, 0x6d, 0xdb, 0xe9, 0x26, 0x73, 0x79,
    0xa3, 0xff, 0xff, 0xff, 0xe9, 0x2c, 0x7b, 0x79, 0xa2, 0x00, 0x00, 0x00, 0xe9, 0x2e, 0x83, 0x79, 0xa2, 0x49, 0x92,
    0x24, 0xff, 0x03, 0xfd, 0xbe, 0x36, 0x00, 0x82, 0xbf, 0xc6, 0x48, 0x0e, 0xcc, 0xc7, 0x0b, 0x18, 0x07, 0xe9, 0x34,
    0x8b, 0x79, 0xa2, 0x92, 0x24, 0x49, 0xca, 0x48, 0x0e, 0xcc, 0xcb, 0x0b, 0x28, 0x07, 0xe9, 0x36, 0x93, 0x79, 0xa2,
    0xdb, 0xb6, 0x6d, 0xc7, 0x58, 0x0e, 0xcc, 0xc7, 0x0b, 0x1c, 0x07, 0xe9, 0x2c, 0x9b, 0x79, 0xa2, 0x24, 0x49, 0x92,
    0xcb, 0x58, 0x0e, 0xcc, 0xcb, 0x0b, 0x2c, 0x07, 0xe9, 0x2e, 0xa3, 0x79, 0xa2, 0x6d, 0xdb, 0xb6, 0xfa, 0x02, 0x8c,
    0x79, 0xc6, 0x5a, 0x00, 0xff, 0xe9, 0x34, 0xab, 0x79, 0xa2, 0xb6, 0x6d, 0xdb, 0xfa, 0x02, 0x94, 0x79, 0xca, 0x5a,
    0x00, 0xff, 0xe9, 0x36, 0xb3, 0x79, 0xa2, 0xff, 0xff, 0xff, 0xfa, 0x02, 0x8e, 0x79, 0xc7, 0x5a, 0x00, 0xff, 0xe9,
    0x2c, 0xbb, 0x79, 0xa3, 0x00, 0x00, 0x00, 0xfa, 0x02, 0x96, 0x79, 0xcb, 0x5a, 0x00, 0xff, 0xe9, 0x2e, 0xc3, 0x79,
    0xa3, 0x49, 0x92, 0x24, 0x05, 0x87, 0x00, 0x7f, 0xe9, 0x34, 0xcb, 0x79, 0xa3, 0x92, 0x24, 0x49, 0xe9, 0x36, 0xd3,
    0x79, 0xa3, 0xdb, 0xb6, 0x6d, 0xe9, 0x2c, 0xdb, 0x79, 0xa3, 0x24, 0x49, 0x92, 0xe9, 0x2e, 0xe3, 0x79, 0xa3, 0x6d,
    0xdb, 0xb6, 0x02, 0x00, 0x80, 0xbf, 0xe9, 0x34, 0xeb, 0x79, 0xa3, 0xb6, 0x6d, 0xdb, 0xe9, 0x36, 0xf3, 0x79, 0xa3,
    0xff, 0xff, 0xff, 0x7f, 0xc0, 0x8c, 0xbf, 0x00, 0x00, 0x8f, 0xbf, 0x20, 0x10, 0xa0, 0x80, 0x21, 0x80, 0xa1, 0x82,
    0x24, 0x10, 0xa4, 0x80, 0x25, 0x80, 0xa5, 0x82, 0x43, 0x03, 0xa7, 0xbe, 0xff, 0x03, 0xfd, 0xbe, 0x18, 0x00, 0x82,
    0xbf, 0x00, 0x00, 0x80, 0xbf, 0x00, 0x00, 0x80, 0xbf, 0x00, 0x00, 0x80, 0xbf, 0x00, 0x00, 0x80, 0xbf, 0x00, 0x00,
    0x80, 0xbf, 0x00, 0x00, 0x80, 0xbf, 0x07, 0x00, 0xa1, 0xbf, 0x00, 0x10, 0x90, 0xe0, 0xa4, 0xbe, 0x08, 0x80, 0x00,
    0x10, 0x90, 0xe0, 0xa8, 0xbf, 0x08, 0x80, 0x00, 0x10, 0x94, 0xe0, 0xac, 0xbf, 0x08, 0x80, 0x00, 0x10, 0x94, 0xe0,
    0xb0, 0xbe, 0x08, 0x80, 0x00, 0x10, 0x90, 0xe0, 0xa4, 0xc2, 0x09, 0x80, 0x00, 0x10, 0x90, 0xe0, 0xa8, 0xc3, 0x09,
    0x80, 0x00, 0x10, 0x94, 0xe0, 0xac, 0xc3, 0x09, 0x80, 0x00, 0x10, 0x94, 0xe0, 0xb0, 0xc2, 0x09, 0x80, 0xff, 0x03,
    0xfd, 0xbe, 0x25, 0x00, 0x82, 0xbf, 0x0c, 0x00, 0xa1, 0xbf, 0x00, 0x40, 0xd8, 0xd9, 0x8c, 0x00, 0x00, 0x7e, 0x00,
    0x40, 0xd8, 0xd9, 0x90, 0x00, 0x00, 0x82, 0x00, 0x44, 0xd8, 0xd9, 0x8c, 0x00, 0x00, 0x86, 0x00, 0x44, 0xd8, 0xd9,
    0x90, 0x00, 0x00, 0x8a, 0x00, 0x48, 0xd8, 0xd9, 0x8c, 0x00, 0x00, 0x8e, 0x00, 0x48, 0xd8, 0xd9, 0x90, 0x00, 0x00,
    0x92, 0x00, 0x4c, 0xd8, 0xd9, 0x8c, 0x00, 0x00, 0x96, 0x00, 0x4c, 0xd8, 0xd9, 0x90, 0x00, 0x00, 0x9a, 0x00, 0xc0,
    0xd8, 0xd9, 0x94, 0x00, 0x00, 0x9e, 0x80, 0xc0, 0xd8, 0xd9, 0x94, 0x00, 0x00, 0xa2, 0x00, 0x90, 0x34, 0xd9, 0x84,
    0xc6, 0x00, 0x00, 0x00, 0x98, 0x34, 0xd9, 0x84, 0xca, 0x00, 0x00, 0x00, 0xc0, 0x34, 0xd8, 0x88, 0x80, 0x00, 0x00,
    0x23, 0x03, 0xc3, 0xbe, 0x51, 0x81, 0xd1, 0x80, 0x52, 0x51, 0x51, 0x85, 0x51, 0x03, 0xfc, 0xbe, 0x4e, 0x82, 0xce,
    0x80, 0x05, 0x00, 0x84, 0xbf, 0x44, 0x21, 0xcc, 0xbe, 0x00, 0x00, 0x80, 0xbf, 0x51, 0x03, 0xfc, 0xbe, 0xff, 0x03,
    0xfd, 0xbe, 0xcb, 0x12, 0x82, 0xbf, 0xff, 0x03, 0xfd, 0xbe, 0xf0, 0xf0, 0xf0, 0x00, 0x70, 0x83, 0x8c, 0xbf, 0xe9,
    0xfc, 0xfa, 0x78, 0x9e, 0x00, 0x00, 0x00, 0xe9, 0xfe, 0x02, 0x79, 0x9e, 0x49, 0x92, 0x24, 0x01, 0x00, 0x8f, 0xbf,
    0xe9, 0x04, 0x0b, 0x79, 0x9e, 0x92, 0x24, 0x49, 0xe9, 0x06, 0x13, 0x79, 0x9e, 0xdb, 0xb6, 0x6d, 0xe9, 0xfc, 0x1a,
    0x79, 0x9e, 0x24, 0x49, 0x92, 0xe9, 0xfe, 0x22, 0x79, 0x9e, 0x6d, 0xdb, 0xb6, 0xe9, 0x04, 0x2b, 0x79, 0x9e, 0xb6,
    0x6d, 0xdb, 0xe9, 0x06, 0x33, 0x79, 0x9e, 0xff, 0xff, 0xff, 0xe9, 0xfc, 0x3a, 0x79, 0x9f, 0x00, 0x00, 0x00, 0xe9,
    0xfe, 0x42, 0x79, 0x9f, 0x49, 0x92, 0x24, 0xe9, 0x04, 0x4b, 0x79, 0x9f, 0x92, 0x24, 0x49, 0xe9, 0x06, 0x53, 0x79,
    0x9f, 0xdb, 0xb6, 0x6d, 0xe9, 0xfc, 0x5a, 0x79, 0x9f, 0x24, 0x49, 0x92, 0xe9, 0xfe, 0x62, 0x79, 0x9f, 0x6d, 0xdb,
    0xb6, 0xe9, 0x04, 0x6b, 0x79, 0x9f, 0xb6, 0x6d, 0xdb, 0xe9, 0x06, 0x73, 0x79, 0x9f, 0xff, 0xff, 0xff, 0xe9, 0x0c,
    0x7b, 0x79, 0x9e, 0x00, 0x00, 0x00, 0xe9, 0x0e, 0x83, 0x79, 0x9e, 0x49, 0x92, 0x24, 0xe9, 0x14, 0x8b, 0x79, 0x9e,
    0x92, 0x24, 0x49, 0xe9, 0x16, 0x93, 0x79, 0x9e, 0xdb, 0xb6, 0x6d, 0xe9, 0x0c, 0x9b, 0x79, 0x9e, 0x24, 0x49, 0x92,
    0xe9, 0x0e, 0xa3, 0x79, 0x9e, 0x6d, 0xdb, 0xb6, 0xe9, 0x14, 0xab, 0x79, 0x9e, 0xb6, 0x6d, 0xdb, 0xe9, 0x16, 0xb3,
    0x79, 0x9e, 0xff, 0xff, 0xff, 0xe9, 0x0c, 0xbb, 0x79, 0x9f, 0x00, 0x00, 0x00, 0xe9, 0x0e, 0xc3, 0x79, 0x9f, 0x49,
    0x92, 0x24, 0xe9, 0x14, 0xcb, 0x79, 0x9f, 0x92, 0x24, 0x49, 0xe9, 0x16, 0xd3, 0x79, 0x9f, 0xdb, 0xb6, 0x6d, 0xe9,
    0x0c, 0xdb, 0x79, 0x9f, 0x24, 0x49, 0x92, 0xe9, 0x0e, 0xe3, 0x79, 0x9f, 0x6d, 0xdb, 0xb6, 0xe9, 0x14, 0xeb, 0x79,
    0x9f, 0xb6, 0x6d, 0xdb, 0xe9, 0x16, 0xf3, 0x79, 0x9f, 0xff, 0xff, 0xff, 0xe9, 0x1c, 0xfb, 0x78, 0xa2, 0x00, 0x00,
    0x00, 0xe9, 0x1e, 0x03, 0x79, 0xa2, 0x49, 0x92, 0x24, 0xe9, 0x24, 0x0b, 0x79, 0xa2, 0x92, 0x24, 0x49, 0xe9, 0x26,
    0x13, 0x79, 0xa2, 0xdb, 0xb6, 0x6d, 0xe9, 0x1c, 0x1b, 0x79, 0xa2, 0x24, 0x49, 0x92, 0xe9, 0x1e, 0x23, 0x79, 0xa2,
    0x6d, 0xdb, 0xb6, 0xe9, 0x24, 0x2b, 0x79, 0xa2, 0xb6, 0x6d, 0xdb, 0xe9, 0x26, 0x33, 0x79, 0xa2, 0xff, 0xff, 0xff,
    0xe9, 0x1c, 0x3b, 0x79, 0xa3, 0x00, 0x00, 0x00, 0xe9, 0x1e, 0x43, 0x79, 0xa3, 0x49, 0x92, 0x24, 0xe9, 0x24, 0x4b,
    0x79, 0xa3, 0x92, 0x24, 0x49, 0xe9, 0x26, 0x53, 0x79, 0xa3, 0xdb, 0xb6, 0x6d, 0xe9, 0x1c, 0x5b, 0x79, 0xa3, 0x24,
    0x49, 0x92, 0xe9, 0x1e, 0x63, 0x79, 0xa3, 0x6d, 0xdb, 0xb6, 0xe9, 0x24, 0x6b, 0x79, 0xa3, 0xb6, 0x6d, 0xdb, 0xe9,
    0x26, 0x73, 0x79, 0xa3, 0xff, 0xff, 0xff, 0xe9, 0x2c, 0x7b, 0x79, 0xa2, 0x00, 0x00, 0x00, 0xe9, 0x2e, 0x83, 0x79,
    0xa2, 0x49, 0x92, 0x24, 0xff, 0x03, 0xfd, 0xbe, 0x36, 0x00, 0x82, 0xbf, 0xce, 0x48, 0x0e, 0xcc, 0xcf, 0x0b, 0x38,
    0x07, 0xe9, 0x34, 0x8b, 0x79, 0xa2, 0x92, 0x24, 0x49, 0xd2, 0x48, 0x0e, 0xcc, 0xd3, 0x0b, 0x48, 0x07, 0xe9, 0x36,
    0x93, 0x79, 0xa2, 0xdb, 0xb6, 0x6d, 0xcf, 0x58, 0x0e, 0xcc, 0xcf, 0x0b, 0x3c, 0x07, 0xe9, 0x2c, 0x9b, 0x79, 0xa2,
    0x24, 0x49, 0x92, 0xd3, 0x58, 0x0e, 0xcc, 0xd3, 0x0b, 0x4c, 0x07, 0xe9, 0x2e, 0xa3, 0x79, 0xa2, 0x6d, 0xdb, 0xb6,
    0xfa, 0x02, 0x9c, 0x79, 0xce, 0x5a, 0x00, 0xff, 0xe9, 0x34, 0xab, 0x79, 0xa2, 0xb6, 0x6d, 0xdb, 0xfa, 0x02, 0xa4,
    0x79, 0xd2, 0x5a, 0x00, 0xff, 0xe9, 0x36, 0xb3, 0x79, 0xa2, 0xff, 0xff, 0xff, 0xfa, 0x02, 0x9e, 0x79, 0xcf, 0x5a,
    0x00, 0xff, 0xe9, 0x2c, 0xbb, 0x79, 0xa3, 0x00, 0x00, 0x00, 0xfa, 0x02, 0xa6, 0x79, 0xd3, 0x5a, 0x00, 0xff, 0xe9,
    0x2e, 0xc3, 0x79, 0xa3, 0x49, 0x92, 0x24, 0x05, 0x87, 0x00, 0x7f, 0xe9, 0x34, 0xcb, 0x79, 0xa3, 0x92, 0x24, 0x49,
    0xe9, 0x36, 0xd3, 0x79, 0xa3, 0xdb, 0xb6, 0x6d, 0xe9, 0x2c, 0xdb, 0x79, 0xa3, 0x24, 0x49, 0x92, 0xe9, 0x2e, 0xe3,
    0x79, 0xa3, 0x6d, 0xdb, 0xb6, 0x02, 0x00, 0x80, 0xbf, 0xe9, 0x34, 0xeb, 0x79, 0xa3, 0xb6, 0x6d, 0xdb, 0xe9, 0x36,
    0xf3, 0x79, 0xa3, 0xff, 0xff, 0xff, 0x7f, 0xc0, 0x8c, 0xbf, 0x00, 0x00, 0x8f, 0xbf, 0x20, 0x10, 0xa0, 0x80, 0x21,
    0x80, 0xa1, 0x82, 0x24, 0x10, 0xa4, 0x80, 0x25, 0x80, 0xa5, 0x82, 0x43, 0x03, 0xa7, 0xbe, 0xff, 0x03, 0xfd, 0xbe,
    0x16, 0x00, 0x82, 0xbf, 0x00, 0x00, 0x80, 0xbf, 0x00, 0x00, 0x80, 0xbf, 0x00, 0x00, 0x80, 0xbf, 0x00, 0x00, 0x80,
    0xbf, 0x07, 0x00, 0xa1, 0xbf, 0x00, 0x10, 0x90, 0xe0, 0xa4, 0xc6, 0x08, 0x80, 0x00, 0x10, 0x90, 0xe0, 0xa8, 0xc7,
    0x08, 0x80, 0x00, 0x10, 0x94, 0xe0, 0xac, 0xc7, 0x08, 0x80, 0x00, 0x10, 0x94, 0xe0, 0xb0, 0xc6, 0x08, 0x80, 0x00,
    0x10, 0x90, 0xe0, 0xa4, 0xca, 0x09, 0x80, 0x00, 0x10, 0x90, 0xe0, 0xa8, 0xcb, 0x09, 0x80, 0x00, 0x10, 0x94, 0xe0,
    0xac, 0xcb, 0x09, 0x80, 0x00, 0x10, 0x94, 0xe0, 0xb0, 0xca, 0x09, 0x80, 0xff, 0x03, 0xfd, 0xbe, 0x27, 0x00, 0x82,
    0xbf, 0x0d, 0x00, 0xa1, 0xbf, 0x08, 0xc4, 0xf8, 0xd8, 0x00, 0x00, 0x00, 0x04, 0x00, 0x50, 0xd8, 0xd9, 0x8c, 0x00,
    0x00, 0x7e, 0x00, 0x50, 0xd8, 0xd9, 0x90, 0x00, 0x00, 0x82, 0x00, 0x54, 0xd8, 0xd9, 0x8c, 0x00, 0x00, 0x86, 0x00,
    0x54, 0xd8, 0xd9, 0x90, 0x00, 0x00, 0x8a, 0x00, 0x58, 0xd8, 0xd9, 0x8c, 0x00, 0x00, 0x8e, 0x00, 0x58, 0xd8, 0xd9,
    0x90, 0x00, 0x00, 0x92, 0x00, 0x5c, 0xd8, 0xd9, 0x8c, 0x00, 0x00, 0x96, 0x00, 0x5c, 0xd8, 0xd9, 0x90, 0x00, 0x00,
    0x9a, 0x00, 0xc0, 0xd8, 0xd9, 0x94, 0x00, 0x00, 0x9e, 0x80, 0xc0, 0xd8, 0xd9, 0x94, 0x00, 0x00, 0xa2, 0x00, 0xa0,
    0x34, 0xd9, 0x84, 0xce, 0x00, 0x00, 0x00, 0xa8, 0x34, 0xd9, 0x84, 0xd2, 0x00, 0x00, 0x00, 0xc0, 0x34, 0xd8, 0x88,
    0x80, 0x00, 0x00, 0x23, 0x03, 0xc3, 0xbe, 0x51, 0x81, 0xd1, 0x80, 0x52, 0x51, 0x51, 0x85, 0x51, 0x03, 0xfc, 0xbe,
    0x4e, 0x82, 0xce, 0x80, 0x05, 0x00, 0x84, 0xbf, 0x44, 0x21, 0xcc, 0xbe, 0x00, 0x00, 0x80, 0xbf, 0x51, 0x03, 0xfc,
    0xbe, 0xff, 0x03, 0xfd, 0xbe, 0x69, 0x00, 0x82, 0xbf, 0xff, 0x03, 0xfd, 0xbe, 0xf0, 0xf0, 0xf0, 0x00, 0x70, 0x83,
    0x8c, 0xbf, 0xe9, 0xfc, 0xfa, 0x78, 0x9e, 0x00, 0x00, 0x00, 0xe9, 0xfe, 0x02, 0x79, 0x9e, 0x49, 0x92, 0x24, 0x01,
    0x00, 0x8f, 0xbf, 0xe9, 0x04, 0x0b, 0x79, 0x9e, 0x92, 0x24, 0x49, 0xe9, 0x06, 0x13, 0x79, 0x9e, 0xdb, 0xb6, 0x6d,
    0xe9, 0xfc, 0x1a, 0x79, 0x9e, 0x24, 0x49, 0x92, 0xe9, 0xfe, 0x22, 0x79, 0x9e, 0x6d, 0xdb, 0xb6, 0xe9, 0x04, 0x2b,
    0x79, 0x9e, 0xb6, 0x6d, 0xdb, 0xe9, 0x06, 0x33, 0x79, 0x9e, 0xff, 0xff, 0xff, 0xe9, 0xfc, 0x3a, 0x79, 0x9f, 0x00,
    0x00, 0x00, 0xe9, 0xfe, 0x42, 0x79, 0x9f, 0x49, 0x92, 0x24, 0xe9, 0x04, 0x4b, 0x79, 0x9f, 0x92, 0x24, 0x49, 0xe9,
    0x06, 0x53, 0x79, 0x9f, 0xdb, 0xb6, 0x6d, 0xe9, 0xfc, 0x5a, 0x79, 0x9f, 0x24, 0x49, 0x92, 0xe9, 0xfe, 0x62, 0x79,
    0x9f, 0x6d, 0xdb, 0xb6, 0xe9, 0x04, 0x6b, 0x79, 0x9f, 0xb6, 0x6d, 0xdb, 0xe9, 0x06, 0x73, 0x79, 0x9f, 0xff, 0xff,
    0xff, 0xe9, 0x0c, 0x7b, 0x79, 0x9e, 0x00, 0x00, 0x00, 0xe9, 0x0e, 0x83, 0x79, 0x9e, 0x49, 0x92, 0x24, 0xe9, 0x14,
    0x8b, 0x79, 0x9e, 0x92, 0x24, 0x49, 0xe9, 0x16, 0x93, 0x79, 0x9e, 0xdb, 0xb6, 0x6d, 0xe9, 0x0c, 0x9b, 0x79, 0x9e,
    0x24, 0x49, 0x92, 0xe9, 0x0e, 0xa3, 0x79, 0x9e, 0x6d, 0xdb, 0xb6, 0xe9, 0x14, 0xab, 0x79, 0x9e, 0xb6, 0x6d, 0xdb,
    0xe9, 0x16, 0xb3, 0x79, 0x9e, 0xff, 0xff, 0xff, 0xe9, 0x0c, 0xbb, 0x79, 0x9f, 0x00, 0x00, 0x00, 0xe9, 0x0e, 0xc3,
    0x79, 0x9f, 0x49, 0x92, 0x24, 0xe9, 0x14, 0xcb, 0x79, 0x9f, 0x92, 0x24, 0x49, 0xe9, 0x16, 0xd3, 0x79, 0x9f, 0xdb,
    0xb6, 0x6d, 0xe9, 0x0c, 0xdb, 0x79, 0x9f, 0x24, 0x49, 0x92, 0xe9, 0x0e, 0xe3, 0x79, 0x9f, 0x6d, 0xdb, 0xb6, 0xe9,
    0x14, 0xeb, 0x79, 0x9f, 0xb6, 0x6d, 0xdb, 0xe9, 0x16, 0xf3, 0x79, 0x9f, 0xff, 0xff, 0xff, 0xe9, 0x1c, 0xfb, 0x78,
    0xa2, 0x00, 0x00, 0x00, 0xe9, 0x1e, 0x03, 0x79, 0xa2, 0x49, 0x92, 0x24, 0xe9, 0x24, 0x0b, 0x79, 0xa2, 0x92, 0x24,
    0x49, 0xe9, 0x26, 0x13, 0x79, 0xa2, 0xdb, 0xb6, 0x6d, 0xe9, 0x1c, 0x1b, 0x79, 0xa2, 0x24, 0x49, 0x92, 0xe9, 0x1e,
    0x23, 0x79, 0xa2, 0x6d, 0xdb, 0xb6, 0xe9, 0x24, 0x2b, 0x79, 0xa2, 0xb6, 0x6d, 0xdb, 0xe9, 0x26, 0x33, 0x79, 0xa2,
    0xff, 0xff, 0xff, 0xe9, 0x1c, 0x3b, 0x79, 0xa3, 0x00, 0x00, 0x00, 0xe9, 0x1e, 0x43, 0x79, 0xa3, 0x49, 0x92, 0x24,
    0xe9, 0x24, 0x4b, 0x79, 0xa3, 0x92, 0x24, 0x49, 0xe9, 0x26, 0x53, 0x79, 0xa3, 0xdb, 0xb6, 0x6d, 0xe9, 0x1c, 0x5b,
    0x79, 0xa3, 0x24, 0x49, 0x92, 0xe9, 0x1e, 0x63, 0x79, 0xa3, 0x6d, 0xdb, 0xb6, 0xe9, 0x24, 0x6b, 0x79, 0xa3, 0xb6,
    0x6d, 0xdb, 0xe9, 0x26, 0x73, 0x79, 0xa3, 0xff, 0xff, 0xff, 0xe9, 0x2c, 0x7b, 0x79, 0xa2, 0x00, 0x00, 0x00, 0xe9,
    0x2e, 0x83, 0x79, 0xa2, 0x49, 0x92, 0x24, 0xff, 0x03, 0xfd, 0xbe, 0x3b, 0x00, 0x82, 0xbf, 0xa6, 0x48, 0x0e, 0xcc,
    0xa7, 0x0b, 0x98, 0x06, 0xe9, 0x34, 0x8b, 0x79, 0xa2, 0x92, 0x24, 0x49, 0xaa, 0x48, 0x0e, 0xcc, 0xab, 0x0b, 0xa8,
    0x06, 0xe9, 0x36, 0x93, 0x79, 0xa2, 0xdb, 0xb6, 0x6d, 0xa7, 0x58, 0x0e, 0xcc, 0xa7, 0x0b, 0x9c, 0x06, 0xe9, 0x2c,
    0x9b, 0x79, 0xa2, 0x24, 0x49, 0x92, 0xab, 0x58, 0x0e, 0xcc, 0xab, 0x0b, 0xac, 0x06, 0xe9, 0x2e, 0xa3, 0x79, 0xa2,
    0x6d, 0xdb, 0xb6, 0xfa, 0x02, 0x4c, 0x79, 0xa6, 0x5a, 0x00, 0xff, 0xe9, 0x34, 0xab, 0x79, 0xa2, 0xb6, 0x6d, 0xdb,
    0xfa, 0x02, 0x54, 0x79, 0xaa, 0x5a, 0x00, 0xff, 0xe9, 0x36, 0xb3, 0x79, 0xa2, 0xff, 0xff, 0xff, 0xfa, 0x02, 0x4e,
    0x79, 0xa7, 0x5a, 0x00, 0xff, 0xe9, 0x2c, 0xbb, 0x79, 0xa3, 0x00, 0x00, 0x00, 0xfa, 0x02, 0x56, 0x79, 0xab, 0x5a,
    0x00, 0xff, 0xe9, 0x2e, 0xc3, 0x79, 0xa3, 0x49, 0x92, 0x24, 0x05, 0x87, 0x00, 0x7f, 0xe9, 0x34, 0xcb, 0x79, 0xa3,
    0x92, 0x24, 0x49, 0xe9, 0x36, 0xd3, 0x79, 0xa3, 0xdb, 0xb6, 0x6d, 0xe9, 0x2c, 0xdb, 0x79, 0xa3, 0x24, 0x49, 0x92,
    0xe9, 0x2e, 0xe3, 0x79, 0xa3, 0x6d, 0xdb, 0xb6, 0xff, 0x03, 0xfc, 0xbe, 0x08, 0xc4, 0x02, 0x00, 0x00, 0x00, 0x80,
    0xbf, 0xe9, 0x34, 0xeb, 0x79, 0xa3, 0xb6, 0x6d, 0xdb, 0xe9, 0x36, 0xf3, 0x79, 0xa3, 0xff, 0xff, 0xff, 0x6a, 0x00,
    0xc2, 0xd4, 0xfe, 0x78, 0x00, 0x00, 0xfd, 0xff, 0x86, 0xbf, 0x7f, 0xc0, 0x8c, 0xbf, 0x00, 0x00, 0x8f, 0xbf, 0x20,
    0x10, 0xa0, 0x80, 0x21, 0x80, 0xa1, 0x82, 0x24, 0x10, 0xa4, 0x80, 0x25, 0x80, 0xa5, 0x82, 0x43, 0x03, 0xa7, 0xbe,
    0xff, 0x03, 0xfd, 0xbe, 0x45, 0x11, 0x82, 0xbf, 0x00, 0x00, 0x80, 0xbf, 0x07, 0x00, 0xa1, 0xbf, 0x00, 0x10, 0x90,
    0xe0, 0xa4, 0xce, 0x08, 0x80, 0x00, 0x10, 0x90, 0xe0, 0xa8, 0xcf, 0x08, 0x80, 0x00, 0x10, 0x94, 0xe0, 0xac, 0xcf,
    0x08, 0x80, 0x00, 0x10, 0x94, 0xe0, 0xb0, 0xce, 0x08, 0x80, 0x00, 0x10, 0x90, 0xe0, 0xa4, 0xd2, 0x09, 0x80, 0x00,
    0x10, 0x90, 0xe0, 0xa8, 0xd3, 0x09, 0x80, 0x00, 0x10, 0x94, 0xe0, 0xac, 0xd3, 0x09, 0x80, 0x00, 0x10, 0x94, 0xe0,
    0xb0, 0xd2, 0x09, 0x80, 0xff, 0x03, 0xfd, 0xbe, 0x25, 0x00, 0x82, 0xbf, 0x0c, 0x00, 0xa1, 0xbf, 0x00, 0x60, 0xd8,
    0xd9, 0x8c, 0x00, 0x00, 0x7e, 0x00, 0x60, 0xd8, 0xd9, 0x90, 0x00, 0x00, 0x82, 0x00, 0x64, 0xd8, 0xd9, 0x8c, 0x00,
    0x00, 0x86, 0x00, 0x64, 0xd8, 0xd9, 0x90, 0x00, 0x00, 0x8a, 0x00, 0x68, 0xd8, 0xd9, 0x8c, 0x00, 0x00, 0x8e, 0x00,
    0x68, 0xd8, 0xd9, 0x90, 0x00, 0x00, 0x92, 0x00, 0x6c, 0xd8, 0xd9, 0x8c, 0x00, 0x00, 0x96, 0x00, 0x6c, 0xd8, 0xd9,
    0x90, 0x00, 0x00, 0x9a, 0x00, 0xc0, 0xd8, 0xd9, 0x94, 0x00, 0x00, 0x9e, 0x80, 0xc0, 0xd8, 0xd9, 0x94, 0x00, 0x00,
    0xa2, 0x00, 0xb0, 0x34, 0xd9, 0x84, 0xa6, 0x00, 0x00, 0x00, 0xb8, 0x34, 0xd9, 0x84, 0xaa, 0x00, 0x00, 0x00, 0xc0,
    0x34, 0xd8, 0x88, 0x80, 0x00, 0x00, 0x23, 0x03, 0xc3, 0xbe, 0x51, 0x81, 0xd1, 0x80, 0x52, 0x51, 0x51, 0x85, 0x51,
    0x03, 0xfc, 0xbe, 0x4e, 0x82, 0xce, 0x80, 0x87, 0xf5, 0x84, 0xbf, 0x44, 0x21, 0xcc, 0xbe, 0x00, 0x00, 0x80, 0xbf,
    0x51, 0x03, 0xfc, 0xbe, 0xff, 0x03, 0xfd, 0xbe, 0x21, 0x00, 0x82, 0xbf, 0x81, 0xf5, 0x82, 0xbf, 0x07, 0x11, 0x82,
    0xbf, 0x00, 0x00, 0x80, 0xbf, 0x00, 0x00, 0x80, 0xbf, 0x00, 0x00, 0x80, 0xbf, 0x00, 0x00, 0x80, 0xbf, 0x00, 0x00,
    0x80, 0xbf, 0x00, 0x00, 0x80, 0xbf, 0x00, 0x00, 0x80, 0xbf, 0x00, 0x00, 0x80, 0xbf, 0x00, 0x00, 0x80, 0xbf, 0x00,
    0x00, 0x80, 0xbf, 0x00, 0x00, 0x80, 0xbf, 0x00, 0x00, 0x80, 0xbf, 0x00, 0x00, 0x80, 0xbf, 0x00, 0x00, 0x80, 0xbf,
    0x00, 0x00, 0x80, 0xbf, 0x00, 0x00, 0x80, 0xbf, 0x00, 0x00, 0x80, 0xbf, 0x00, 0x00, 0x80, 0xbf, 0x00, 0x00, 0x80,
    0xbf, 0x00, 0x00, 0x80, 0xbf, 0x00, 0x00, 0x80, 0xbf, 0x00, 0x00, 0x80, 0xbf, 0x00, 0x00, 0x80, 0xbf, 0x00, 0x00,
    0x80, 0xbf, 0x00, 0x00, 0x80, 0xbf, 0x00, 0x00, 0x80, 0xbf, 0x00, 0x00, 0x80, 0xbf, 0x00, 0x00, 0x80, 0xbf, 0x00,
    0x00, 0x80, 0xbf, 0x00, 0x00, 0x80, 0xbf, 0xff, 0x03, 0xfd, 0xbe, 0x7f, 0x00, 0x82, 0xbf, 0x81, 0x0c, 0x7d, 0x87,
    0x0c, 0x80, 0x4f, 0x82, 0x41, 0x0e, 0xc1, 0x80, 0x80, 0x23, 0x23, 0x85, 0x80, 0x27, 0x27, 0x85, 0xff, 0x4f, 0x4f,
    0x85, 0x00, 0x10, 0x00, 0x00, 0x4f, 0x50, 0x09, 0xbf, 0x50, 0x4f, 0x4e, 0x85, 0x46, 0x48, 0xc4, 0x85, 0x02, 0x00,
    0x8f, 0xbf, 0x04, 0x84, 0xd8, 0x97, 0xfd, 0x5e, 0x0f, 0xd7, 0xc8, 0x91, 0x03, 0x00, 0x82, 0x90, 0x99, 0x35, 0x58,
    0x90, 0xfb, 0x35, 0xcc, 0x5a, 0x0f, 0xd7, 0xcc, 0x99, 0x03, 0x00, 0xcc, 0x5c, 0x0f, 0xd7, 0xcc, 0x99, 0x03, 0x00,
    0x10, 0x81, 0x62, 0x90, 0x18, 0x5e, 0x20, 0x80, 0x19, 0x5f, 0x21, 0x82, 0x20, 0x62, 0x24, 0x80, 0x21, 0x80, 0x25,
    0x82, 0x81, 0x0c, 0x7d, 0x87, 0x80, 0x23, 0x43, 0x85, 0x04, 0x84, 0x54, 0x8f, 0x04, 0x84, 0x56, 0x8f, 0x5a, 0x10,
    0xd5, 0xbe, 0x5c, 0x10, 0xd7, 0xbe, 0x5a, 0x54, 0xda, 0x90, 0x5c, 0x56, 0xdc, 0x90, 0x5a, 0x10, 0xd4, 0xbe, 0x5c,
    0x10, 0xd6, 0xbe, 0x5a, 0x3b, 0xda, 0xbe, 0x5c, 0x3b, 0xdc, 0xbe, 0x55, 0x54, 0xd5, 0x80, 0x57, 0x56, 0xd7, 0x80,
    0x5a, 0x3b, 0xda, 0xbe, 0x5c, 0x3b, 0xdc, 0xbe, 0x55, 0x82, 0x55, 0x8f, 0x57, 0x82, 0x57, 0x8f, 0xd6, 0x00, 0x65,
    0xd7, 0x5a, 0xaa, 0x00, 0x00, 0xd7, 0x00, 0x65, 0xd7, 0x5c, 0xae, 0x00, 0x00, 0xd6, 0x00, 0x66, 0xd7, 0x5b, 0xac,
    0x03, 0x00, 0xd7, 0x00, 0x66, 0xd7, 0x5d, 0xae, 0x03, 0x00, 0x82, 0xac, 0xad, 0x2d, 0x82, 0xae, 0xaf, 0x2d, 0xa4,
    0x00, 0x42, 0xd5, 0xd6, 0x25, 0x60, 0x06, 0xa4, 0x00, 0x42, 0xd5, 0xd7, 0x27, 0x90, 0x06, 0xa8, 0x6a, 0x0f, 0xd7,
    0xa4, 0x23, 0x00, 0x00, 0xfd, 0x6a, 0x0f, 0xd7, 0xfd, 0xfb, 0x03, 0x00, 0xa4, 0x00, 0x01, 0xd5, 0xa4, 0x83, 0xa9,
    0x01, 0xac, 0x6a, 0x0f, 0xd7, 0xa8, 0x23, 0x00, 0x00, 0xfd, 0x6a, 0x0f, 0xd7, 0xfd, 0xfb, 0x03, 0x00, 0xa8, 0x00,
    0x01, 0xd5, 0xa8, 0x83, 0xa9, 0x01, 0xb0, 0x6a, 0x0f, 0xd7, 0xac, 0x23, 0x00, 0x00, 0xfd, 0x6a, 0x0f, 0xd7, 0xfd,
    0xfb, 0x03, 0x00, 0xac, 0x00, 0x01, 0xd5, 0xac, 0x83, 0xa9, 0x01, 0xfd, 0x6a, 0x0f, 0xd7, 0xfd, 0xfb, 0x03, 0x00,
    0xb0, 0x00, 0x01, 0xd5, 0xb0, 0x83, 0xa9, 0x01, 0x4f, 0x4e, 0xcf, 0x80, 0x50, 0x4e, 0xd0, 0x80, 0x4e, 0x81, 0xce,
    0x80, 0x09, 0xff, 0x7c, 0x80, 0x38, 0xc4, 0x00, 0x00, 0x00, 0x00, 0xc4, 0xda, 0x00, 0x00, 0x00, 0xc8, 0x09, 0xff,
    0x89, 0x80, 0x00, 0x01, 0x00, 0x00, 0xff, 0x09, 0x09, 0x85, 0x00, 0x15, 0x00, 0x00, 0x82, 0x00, 0x98, 0x35, 0x0e,
    0xff, 0x56, 0x93, 0x00, 0x01, 0x00, 0x00, 0x0b, 0xff, 0x7c, 0x80, 0x38, 0xc4, 0x00, 0x00, 0x38, 0x56, 0x38, 0x80,
    0x39, 0x80, 0x39, 0x82, 0xcc, 0x00, 0x1b, 0xd5, 0xcc, 0xff, 0x01, 0x00, 0xff, 0x00, 0x00, 0x00, 0x00, 0x10, 0x31,
    0xe0, 0xcc, 0xcc, 0x0e, 0x80, 0x0b, 0xff, 0x8b, 0x80, 0x00, 0x01, 0x00, 0x00, 0xff, 0x0b, 0x0b, 0x85, 0x00, 0x15,
    0x00, 0x00, 0x0f, 0x0e, 0x8f, 0x80, 0x80, 0x3b, 0x3b, 0x85, 0x00, 0x00, 0x8f, 0xbf, 0x4c, 0x20, 0x80, 0xbe, 0x00,
    0x00, 0x80, 0xbf, 0x00, 0x00, 0x80, 0xbf, 0x00, 0x00, 0x80, 0xbf, 0x00, 0x00, 0x80, 0xbf, 0x00, 0x00, 0x80, 0xbf,
    0x00, 0x00, 0x80, 0xbf, 0x00, 0x00, 0x80, 0xbf, 0x00, 0x00, 0x80, 0xbf, 0x00, 0x00, 0x80, 0xbf, 0x00, 0x00, 0x80,
    0xbf, 0x00, 0x00, 0x80, 0xbf, 0x00, 0x00, 0x80, 0xbf, 0x00, 0x00, 0x80, 0xbf, 0x00, 0x00, 0x80, 0xbf, 0x00, 0x00,
    0x80, 0xbf, 0x00, 0x00, 0x80, 0xbf, 0xff, 0x03, 0xfd, 0xbe, 0x69, 0x10, 0x82, 0xbf, 0x46, 0x53, 0x46, 0x80, 0x47,
    0x80, 0x47, 0x82, 0x42, 0x0e, 0xc2, 0x80, 0x4a, 0x4c, 0xcc, 0x85, 0x81, 0x0c, 0x7d, 0x87, 0x0c, 0x80, 0x50, 0x82,
    0x4f, 0x50, 0x09, 0xbf, 0x50, 0x4f, 0x4e, 0x85, 0x46, 0x48, 0xc4, 0x85, 0x4f, 0x80, 0x06, 0xbf, 0x48, 0x4c, 0xd4,
    0x85, 0x4f, 0x4e, 0xcf, 0x80, 0x50, 0x4e, 0xd0, 0x80, 0x4e, 0x81, 0xce, 0x80, 0x80, 0x02, 0xfa, 0x7e, 0x80, 0x02,
    0x02, 0x7f, 0x80, 0x02, 0x0a, 0x7f, 0x80, 0x02, 0x12, 0x7f, 0x80, 0x02, 0x1a, 0x7f, 0x80, 0x02, 0x22, 0x7f, 0x80,
    0x02, 0x2a, 0x7f, 0x80, 0x02, 0x32, 0x7f, 0x80, 0x02, 0x3a, 0x7f, 0x80, 0x02, 0x42, 0x7f, 0x80, 0x02, 0x4a, 0x7f,
    0x80, 0x02, 0x52, 0x7f, 0x80, 0x02, 0x5a, 0x7f, 0x80, 0x02, 0x62, 0x7f, 0x80, 0x02, 0x6a, 0x7f, 0x80, 0x02, 0x72,
    0x7f, 0x80, 0x02, 0x7a, 0x7f, 0x80, 0x02, 0x82, 0x7f, 0x80, 0x02, 0x8a, 0x7f, 0x80, 0x02, 0x92, 0x7f, 0x80, 0x02,
    0x9a, 0x7f, 0x80, 0x02, 0xa2, 0x7f, 0x80, 0x02, 0xaa, 0x7f, 0x80, 0x02, 0xb2, 0x7f, 0x80, 0x02, 0xba, 0x7f, 0x80,
    0x02, 0xc2, 0x7f, 0x80, 0x02, 0xca, 0x7f, 0x80, 0x02, 0xd2, 0x7f, 0x80, 0x02, 0xda, 0x7f, 0x80, 0x02, 0xe2, 0x7f,
    0x80, 0x02, 0xea, 0x7f, 0x80, 0x02, 0xf2, 0x7f, 0x02, 0x00, 0x8f, 0xbf, 0x81, 0x88, 0x99, 0x35, 0x94, 0x88, 0xa1,
    0x35, 0xcc, 0x62, 0x0f, 0xd7, 0xcc, 0x99, 0x03, 0x00, 0xcc, 0x5e, 0x0f, 0xd7, 0xcc, 0x99, 0x03, 0x00, 0x1a, 0x62,
    0x28, 0x80, 0x1b, 0x63, 0x29, 0x82, 0xcc, 0x60, 0x0f, 0xd7, 0xcc, 0x99, 0x03, 0x00, 0x14, 0x28, 0xac, 0x97, 0x80,
    0x29, 0x2d, 0x82, 0x14, 0x2c, 0xb0, 0x97, 0x80, 0x2d, 0x31, 0x82, 0x14, 0x30, 0xb4, 0x97, 0x80, 0x31, 0x35, 0x82,
    0x02, 0x00, 0x8f, 0xbf, 0x5e, 0x3b, 0xda, 0xbe, 0x60, 0x3b, 0xdc, 0xbe, 0x5f, 0x3b, 0xde, 0xbe, 0x61, 0x3b, 0xe0,
    0xbe, 0x5a, 0x10, 0xd6, 0xbe, 0x5c, 0x10, 0xd7, 0xbe, 0xd4, 0x00, 0x65, 0xd7, 0x5a, 0x00, 0x01, 0x00, 0xd6, 0x00,
    0x65, 0xd7, 0x5c, 0x00, 0x01, 0x00, 0xd7, 0x00, 0x65, 0xd7, 0x5e, 0xac, 0x00, 0x00, 0xd8, 0x00, 0x65, 0xd7, 0x60,
    0xae, 0x00, 0x00, 0xd4, 0x00, 0x66, 0xd7, 0x5b, 0xa8, 0x03, 0x00, 0xd6, 0x00, 0x66, 0xd7, 0x5d, 0xac, 0x03, 0x00,
    0xd7, 0x00, 0x66, 0xd7, 0x5f, 0xae, 0x03, 0x00, 0xd8, 0x00, 0x66, 0xd7, 0x61, 0xb0, 0x03, 0x00, 0x81, 0xa8, 0xa9,
    0x2d, 0x81, 0xac, 0xad, 0x2d, 0x81, 0xae, 0xaf, 0x2d, 0x81, 0xb0, 0xb1, 0x2d, 0xb4, 0x00, 0x42, 0xd5, 0xd4, 0x2d,
    0x70, 0x06, 0xbc, 0x00, 0x42, 0xd5, 0xd7, 0x2d, 0x80, 0x06, 0xb4, 0x00, 0x42, 0xd5, 0xd6, 0x2f, 0xd0, 0x06, 0xbc,
    0x00, 0x42, 0xd5, 0xd8, 0x2f, 0xf0, 0x06, 0xb8, 0x6a, 0x0f, 0xd7, 0xb4, 0x2b, 0x00, 0x00, 0xc0, 0x6a, 0x0f, 0xd7,
    0xbc, 0x2b, 0x00, 0x00, 0xd0, 0x6a, 0x0f, 0xd7, 0xd0, 0xa1, 0x03, 0x00, 0xb4, 0x00, 0x01, 0xd5, 0xb4, 0x83, 0xa9,
    0x01, 0xd0, 0x6a, 0x0f, 0xd7, 0xd0, 0xa1, 0x03, 0x00, 0xb8, 0x00, 0x01, 0xd5, 0xb8, 0x83, 0xa9, 0x01, 0xd0, 0x6a,
    0x0f, 0xd7, 0xd0, 0xa1, 0x03, 0x00, 0xbc, 0x00, 0x01, 0xd5, 0xbc, 0x83, 0xa9, 0x01, 0xd0, 0x6a, 0x0f, 0xd7, 0xd0,
    0xa1, 0x03, 0x00, 0xc0, 0x00, 0x01, 0xd5, 0xc0, 0x83, 0xa9, 0x01, 0x0a, 0xff, 0x7c, 0x80, 0x38, 0xc4, 0x00, 0x00,
    0x00, 0x00, 0xc4, 0xda, 0x00, 0x00, 0x00, 0xc4, 0x0a, 0xff, 0x8a, 0x80, 0x00, 0x01, 0x00, 0x00, 0xff, 0x0a, 0x0a,
    0x85, 0x00, 0x15, 0x00, 0x00, 0x00, 0x00, 0x8f, 0xbf, 0x00, 0x00, 0x80, 0xbf, 0x00, 0x00, 0x80, 0xbf, 0x00, 0x00,
    0x80, 0xbf, 0x54, 0x20, 0x80, 0xbe, 0x00, 0x00, 0x80, 0xbf, 0x00, 0x00, 0x80, 0xbf, 0x00, 0x00, 0x80, 0xbf, 0x00,
    0x00, 0x80, 0xbf, 0x00, 0x00, 0x80, 0xbf, 0x00, 0x00, 0x80, 0xbf, 0x00, 0x00, 0x80, 0xbf, 0x00, 0x00, 0x80, 0xbf,
    0x00, 0x00, 0x80, 0xbf, 0x00, 0x00, 0x80, 0xbf, 0x00, 0x00, 0x80, 0xbf, 0x00, 0x00, 0x80, 0xbf, 0x00, 0x00, 0x80,
    0xbf, 0x00, 0x00, 0x80, 0xbf, 0x00, 0x00, 0x80, 0xbf, 0x00, 0x00, 0x80, 0xbf, 0x00, 0x00, 0x80, 0xbf, 0x00, 0x00,
    0x80, 0xbf, 0x00, 0x00, 0x80, 0xbf, 0x00, 0x00, 0x80, 0xbf, 0x00, 0x00, 0x80, 0xbf, 0x00, 0x00, 0x80, 0xbf, 0x00,
    0x00, 0x80, 0xbf, 0x00, 0x00, 0x80, 0xbf, 0x00, 0x00, 0x80, 0xbf, 0x00, 0x00, 0x80, 0xbf, 0x00, 0x00, 0x80, 0xbf,
    0x00, 0x00, 0x80, 0xbf, 0x00, 0x00, 0x80, 0xbf, 0x42, 0x0e, 0xc2, 0x80, 0x4a, 0x4c, 0xcc, 0x85, 0x81, 0x0c, 0x7d,
    0x87, 0x0c, 0x80, 0x50, 0x82, 0x4f, 0x50, 0x09, 0xbf, 0x50, 0x4f, 0x4e, 0x85, 0x46, 0x48, 0xc4, 0x85, 0x4f, 0x80,
    0x06, 0xbf, 0x48, 0x4c, 0xd4, 0x85, 0x4f, 0x4e, 0xcf, 0x80, 0x50, 0x4e, 0xd0, 0x80, 0x4e, 0x81, 0xce, 0x80, 0x03,
    0x00, 0x8f, 0xbf, 0xd6, 0x50, 0x0e, 0xcc, 0x81, 0x0b, 0xf4, 0x0d, 0x80, 0x02, 0xfa, 0x7e, 0xcc, 0x50, 0x0e, 0xcc,
    0x89, 0x0b, 0x14, 0x0e, 0x80, 0x02, 0x0a, 0x7f, 0xd7, 0x50, 0x0e, 0xcc, 0x91, 0x0b, 0x34, 0x0e, 0x80, 0x02, 0x1a,
    0x7f, 0xda, 0x50, 0x0e, 0xcc, 0x99, 0x0b, 0x54, 0x0e, 0x80, 0x02, 0x2a, 0x7f, 0xd0, 0x50, 0x0e, 0xcc, 0xa1, 0x0b,
    0x74, 0x0e, 0x80, 0x02, 0x3a, 0x7f, 0xdb, 0x50, 0x0e, 0xcc, 0xa9, 0x0b, 0x94, 0x0e, 0x80, 0x02, 0x4a, 0x7f, 0xde,
    0x50, 0x0e, 0xcc, 0xb1, 0x0b, 0xb4, 0x0e, 0x80, 0x02, 0x5a, 0x7f, 0xd4, 0x50, 0x0e, 0xcc, 0xb9, 0x0b, 0xd4, 0x0e,
    0x80, 0x02, 0x6a, 0x7f, 0xdf, 0x50, 0x0e, 0xcc, 0xc1, 0x0b, 0xf4, 0x0e, 0x80, 0x02, 0x7a, 0x7f, 0xe2, 0x50, 0x0e,
    0xcc, 0xc9, 0x0b, 0x14, 0x0f, 0x80, 0x02, 0x8a, 0x7f, 0xd8, 0x50, 0x0e, 0xcc, 0xd1, 0x0b, 0x34, 0x0f, 0x80, 0x02,
    0x9a, 0x7f, 0xe3, 0x50, 0x0e, 0xcc, 0xd9, 0x0b, 0x54, 0x0f, 0x80, 0x02, 0xaa, 0x7f, 0xe6, 0x50, 0x0e, 0xcc, 0xe1,
    0x0b, 0x74, 0x0f, 0x80, 0x02, 0xba, 0x7f, 0xdc, 0x50, 0x0e, 0xcc, 0xe9, 0x0b, 0x94, 0x0f, 0x80, 0x02, 0xca, 0x7f,
    0xe7, 0x50, 0x0e, 0xcc, 0xf1, 0x0b, 0xb4, 0x0f, 0x80, 0x02, 0xda, 0x7f, 0xea, 0x50, 0x0e, 0xcc, 0xf9, 0x0b, 0xd4,
    0x0f, 0x80, 0x02, 0xea, 0x7f, 0xd6, 0x58, 0x0e, 0xcc, 0x81, 0x0b, 0x58, 0x17, 0x80, 0x02, 0x02, 0x7f, 0xcc, 0x58,
    0x0e, 0xcc, 0x89, 0x0b, 0x30, 0x17, 0x80, 0x02, 0x12, 0x7f, 0xd7, 0x58, 0x0e, 0xcc, 0x91, 0x0b, 0x5c, 0x17, 0x80,
    0x02, 0x22, 0x7f, 0xda, 0x58, 0x0e, 0xcc, 0x99, 0x0b, 0x68, 0x17, 0x80, 0x02, 0x32, 0x7f, 0xd0, 0x58, 0x0e, 0xcc,
    0xa1, 0x0b, 0x40, 0x17, 0x80, 0x02, 0x42, 0x7f, 0xdb, 0x58, 0x0e, 0xcc, 0xa9, 0x0b, 0x6c, 0x17, 0x80, 0x02, 0x52,
    0x7f, 0xde, 0x58, 0x0e, 0xcc, 0xb1, 0x0b, 0x78, 0x17, 0x80, 0x02, 0x62, 0x7f, 0xd4, 0x58, 0x0e, 0xcc, 0xb9, 0x0b,
    0x50, 0x17, 0x80, 0x02, 0x72, 0x7f, 0xdf, 0x58, 0x0e, 0xcc, 0xc1, 0x0b, 0x7c, 0x17, 0x80, 0x02, 0x82, 0x7f, 0xe2,
    0x58, 0x0e, 0xcc, 0xc9, 0x0b, 0x88, 0x17, 0x80, 0x02, 0x92, 0x7f, 0xd8, 0x58, 0x0e, 0xcc, 0xd1, 0x0b, 0x60, 0x17,
    0x80, 0x02, 0xa2, 0x7f, 0xe3, 0x58, 0x0e, 0xcc, 0xd9, 0x0b, 0x8c, 0x17, 0x80, 0x02, 0xb2, 0x7f, 0xe6, 0x58, 0x0e,
    0xcc, 0xe1, 0x0b, 0x98, 0x17, 0x80, 0x02, 0xc2, 0x7f, 0xdc, 0x58, 0x0e, 0xcc, 0xe9, 0x0b, 0x70, 0x17, 0x80, 0x02,
    0xd2, 0x7f, 0xe7, 0x58, 0x0e, 0xcc, 0xf1, 0x0b, 0x9c, 0x17, 0x80, 0x02, 0xe2, 0x7f, 0xea, 0x58, 0x0e, 0xcc, 0xf9,
    0x0b, 0xa8, 0x17, 0x80, 0x02, 0xf2, 0x7f, 0x0f, 0x00, 0xa1, 0xbf, 0x10, 0xe0, 0xd4, 0xd8, 0xd6, 0x00, 0x00, 0xd6,
    0x10, 0xe0, 0xd4, 0xd8, 0xcc, 0x00, 0x00, 0xcc, 0x10, 0xe0, 0xd4, 0xd8, 0xd7, 0x00, 0x00, 0xd7, 0x10, 0xe0, 0xd4,
    0xd8, 0xda, 0x00, 0x00, 0xda, 0x10, 0xe0, 0xd4, 0xd8, 0xd0, 0x00, 0x00, 0xd0, 0x10, 0xe0, 0xd4, 0xd8, 0xdb, 0x00,
    0x00, 0xdb, 0x10, 0xe0, 0xd4, 0xd8, 0xde, 0x00, 0x00, 0xde, 0x10, 0xe0, 0xd4, 0xd8, 0xd4, 0x00, 0x00, 0xd4, 0x10,
    0xe0, 0xd4, 0xd8, 0xdf, 0x00, 0x00, 0xdf, 0x10, 0xe0, 0xd4, 0xd8, 0xe2, 0x00, 0x00, 0xe2, 0x10, 0xe0, 0xd4, 0xd8,
    0xd8, 0x00, 0x00, 0xd8, 0x10, 0xe0, 0xd4, 0xd8, 0xe3, 0x00, 0x00, 0xe3, 0x10, 0xe0, 0xd4, 0xd8, 0xe6, 0x00, 0x00,
    0xe6, 0x10, 0xe0, 0xd4, 0xd8, 0xdc, 0x00, 0x00, 0xdc, 0x10, 0xe0, 0xd4, 0xd8, 0xe7, 0x00, 0x00, 0xe7, 0x10, 0xe0,
    0xd4, 0xd8, 0xea, 0x00, 0x00, 0xea, 0x81, 0x88, 0xc1, 0x35, 0x94, 0x88, 0xc9, 0x35, 0xe0, 0x62, 0x0f, 0xd7, 0xe0,
    0xc1, 0x03, 0x00, 0xe0, 0x5e, 0x0f, 0xd7, 0xe0, 0xc1, 0x03, 0x00, 0x1a, 0x62, 0x28, 0x80, 0x1b, 0x63, 0x29, 0x82,
    0xe0, 0x60, 0x0f, 0xd7, 0xe0, 0xc1, 0x03, 0x00, 0x14, 0x28, 0xac, 0x97, 0x80, 0x29, 0x2d, 0x82, 0x14, 0x2c, 0xb0,
    0x97, 0x80, 0x2d, 0x31, 0x82, 0x14, 0x30, 0xb4, 0x97, 0x80, 0x31, 0x35, 0x82, 0x02, 0x00, 0x8f, 0xbf, 0x5e, 0x3b,
    0xda, 0xbe, 0x60, 0x3b, 0xdc, 0xbe, 0x5f, 0x3b, 0xde, 0xbe, 0x61, 0x3b, 0xe0, 0xbe, 0x5a, 0x10, 0xd6, 0xbe, 0x5c,
    0x10, 0xd7, 0xbe, 0xe8, 0x00, 0x65, 0xd7, 0x5a, 0x00, 0x01, 0x00, 0xeb, 0x00, 0x65, 0xd7, 0x5c, 0x00, 0x01, 0x00,
    0xec, 0x00, 0x65, 0xd7, 0x5e, 0xac, 0x00, 0x00, 0xee, 0x00, 0x65, 0xd7, 0x60, 0xae, 0x00, 0x00, 0xe8, 0x00, 0x66,
    0xd7, 0x5b, 0xd0, 0x03, 0x00, 0xeb, 0x00, 0x66, 0xd7, 0x5d, 0xd6, 0x03, 0x00, 0xec, 0x00, 0x66, 0xd7, 0x5f, 0xd8,
    0x03, 0x00, 0xee, 0x00, 0x66, 0xd7, 0x61, 0xdc, 0x03, 0x00, 0x81, 0xd0, 0xd1, 0x2d, 0x81, 0xd6, 0xd7, 0x2d, 0x81,
    0xd8, 0xd9, 0x2d, 0x81, 0xdc, 0xdd, 0x2d, 0xb4, 0x00, 0x42, 0xd5, 0xe8, 0x2d, 0x70, 0x06, 0xbc, 0x00, 0x42, 0xd5,
    0xec, 0x2d, 0x80, 0x06, 0xb4, 0x00, 0x42, 0xd5, 0xeb, 0x2f, 0xd0, 0x06, 0xbc, 0x00, 0x42, 0xd5, 0xee, 0x2f, 0xf0,
    0x06, 0xb8, 0x6a, 0x0f, 0xd7, 0xb4, 0x2b, 0x00, 0x00, 0xc0, 0x6a, 0x0f, 0xd7, 0xbc, 0x2b, 0x00, 0x00, 0xe4, 0x6a,
    0x0f, 0xd7, 0xe4, 0xc9, 0x03, 0x00, 0xb4, 0x00, 0x01, 0xd5, 0xb4, 0x83, 0xa9, 0x01, 0xe4, 0x6a, 0x0f, 0xd7, 0xe4,
    0xc9, 0x03, 0x00, 0xb8, 0x00, 0x01, 0xd5, 0xb8, 0x83, 0xa9, 0x01, 0xe4, 0x6a, 0x0f, 0xd7, 0xe4, 0xc9, 0x03, 0x00,
    0xbc, 0x00, 0x01, 0xd5, 0xbc, 0x83, 0xa9, 0x01, 0xe4, 0x6a, 0x0f, 0xd7, 0xe4, 0xc9, 0x03, 0x00, 0xc0, 0x00, 0x01,
    0xd5, 0xc0, 0x83, 0xa9, 0x01, 0x7f, 0xc0, 0x8c, 0xbf, 0xfa, 0x06, 0xac, 0x79, 0xcc, 0xb1, 0x00, 0xff, 0xfa, 0x06,
    0xae, 0x79, 0xda, 0xb1, 0x00, 0xff, 0xfa, 0x06, 0xa0, 0x79, 0xdb, 0xb1, 0x00, 0xff, 0xfa, 0x06, 0xbc, 0x79, 0xd4,
    0xb1, 0x00, 0xff, 0xfa, 0x06, 0xbe, 0x79, 0xe2, 0xb1, 0x00, 0xff, 0xfa, 0x06, 0xb0, 0x79, 0xe3, 0xb1, 0x00, 0xff,
    0xfa, 0x06, 0xcc, 0x79, 0xdc, 0xb1, 0x00, 0xff, 0xfa, 0x06, 0xce, 0x79, 0xea, 0xb1, 0x00, 0xff, 0xcc, 0x05, 0xac,
    0x79, 0xda, 0x05, 0xae, 0x79, 0xdb, 0x05, 0xa0, 0x79, 0xd4, 0x05, 0xbc, 0x79, 0xe2, 0x05, 0xbe, 0x79, 0xe3, 0x05,
    0xb0, 0x79, 0xdc, 0x05, 0xcc, 0x79, 0xea, 0x05, 0xce, 0x79, 0xd6, 0x00, 0x0f, 0xcc, 0x3d, 0xac, 0x03, 0x18, 0xd7,
    0x00, 0x0f, 0xcc, 0x3e, 0xae, 0x03, 0x18, 0xd0, 0x00, 0x0f, 0xcc, 0x3f, 0xa0, 0x03, 0x18, 0xde, 0x00, 0x0f, 0xcc,
    0x40, 0xbc, 0x03, 0x18, 0xdf, 0x00, 0x0f, 0xcc, 0x3d, 0xbe, 0x03, 0x18, 0xd8, 0x00, 0x0f, 0xcc, 0x3e, 0xb0, 0x03,
    0x18, 0xe6, 0x00, 0x0f, 0xcc, 0x3f, 0xcc, 0x03, 0x18, 0xe7, 0x00, 0x0f, 0xcc, 0x40, 0xce, 0x03, 0x18, 0xcc, 0x00,
    0x10, 0xcc, 0x1e, 0xac, 0x03, 0x18, 0xda, 0x00, 0x10, 0xcc, 0x1e, 0xae, 0x03, 0x18, 0xdb, 0x00, 0x10, 0xcc, 0x1e,
    0xa0, 0x03, 0x18, 0xd4, 0x00, 0x10, 0xcc, 0x1e, 0xbc, 0x03, 0x18, 0xe2, 0x00, 0x10, 0xcc, 0x1e, 0xbe, 0x03, 0x18,
    0xe3, 0x00, 0x10, 0xcc, 0x1e, 0xb0, 0x03, 0x18, 0xdc, 0x00, 0x10, 0xcc, 0x1e, 0xcc, 0x03, 0x18, 0xea, 0x00, 0x10,
    0xcc, 0x1e, 0xce, 0x03, 0x18, 0xd6, 0x00, 0x12, 0xcc, 0xd6, 0x99, 0x03, 0x18, 0xd7, 0x00, 0x12, 0xcc, 0xd7, 0xb5,
    0x03, 0x18, 0xd0, 0x00, 0x12, 0xcc, 0xd0, 0xb7, 0x03, 0x18, 0xde, 0x00, 0x12, 0xcc, 0xde, 0xa9, 0x03, 0x18, 0xdf,
    0x00, 0x12, 0xcc, 0xdf, 0xc5, 0x03, 0x18, 0xd8, 0x00, 0x12, 0xcc, 0xd8, 0xc7, 0x03, 0x18, 0xe6, 0x00, 0x12, 0xcc,
    0xe6, 0xb9, 0x03, 0x18, 0xe7, 0x00, 0x12, 0xcc, 0xe7, 0xd5, 0x03, 0x18, 0x00, 0x10, 0x68, 0xe0, 0xb4, 0xd6, 0x0a,
    0x80, 0x00, 0x10, 0x6c, 0xe0, 0xb8, 0xd6, 0x0a, 0x80, 0x00, 0x10, 0x68, 0xe0, 0xbc, 0xdf, 0x0a, 0x80, 0x00, 0x10,
    0x6c, 0xe0, 0xc0, 0xdf, 0x0a, 0x80, 0x00, 0x10, 0x68, 0xe0, 0xb4, 0xd7, 0x0b, 0x80, 0x00, 0x10, 0x6c, 0xe0, 0xb8,
    0xd7, 0x0b, 0x80, 0x00, 0x10, 0x68, 0xe0, 0xbc, 0xd8, 0x0b, 0x80, 0x00, 0x10, 0x6c, 0xe0, 0xc0, 0xd8, 0x0b, 0x80,
    0x00, 0x10, 0x68, 0xe0, 0xb4, 0xd0, 0x0c, 0x80, 0x00, 0x10, 0x6c, 0xe0, 0xb8, 0xd0, 0x0c, 0x80, 0x00, 0x10, 0x68,
    0xe0, 0xbc, 0xe6, 0x0c, 0x80, 0x00, 0x10, 0x6c, 0xe0, 0xc0, 0xe6, 0x0c, 0x80, 0x00, 0x10, 0x68, 0xe0, 0xb4, 0xde,
    0x0d, 0x80, 0x00, 0x10, 0x6c, 0xe0, 0xb8, 0xde, 0x0d, 0x80, 0x00, 0x10, 0x68, 0xe0, 0xbc, 0xe7, 0x0d, 0x80, 0x00,
    0x10, 0x6c, 0xe0, 0xc0, 0xe7, 0x0d, 0x80, 0x0a, 0xff, 0x7c, 0x80, 0x38, 0xc4, 0x00, 0x00, 0x00, 0x00, 0xc4, 0xda,
    0x00, 0x00, 0x00, 0xc4, 0x0a, 0xff, 0x8a, 0x80, 0x00, 0x01, 0x00, 0x00, 0xff, 0x0a, 0x0a, 0x85, 0x00, 0x15, 0x00,
    0x00, 0x00, 0x00, 0x8f, 0xbf, 0x00, 0x00, 0x80, 0xbf, 0x00, 0x00, 0x80, 0xbf, 0x00, 0x00, 0x80, 0xbf, 0x54, 0x20,
    0x80, 0xbe, 0x00, 0x00, 0x80, 0xbf, 0x00, 0x00, 0x80, 0xbf, 0x00, 0x00, 0x80, 0xbf, 0x00, 0x00, 0x80, 0xbf, 0x00,
    0x00, 0x80, 0xbf, 0x00, 0x00, 0x80, 0xbf, 0x00, 0x00, 0x80, 0xbf, 0x00, 0x00, 0x80, 0xbf, 0x00, 0x00, 0x80, 0xbf,
    0x00, 0x00, 0x80, 0xbf, 0x00, 0x00, 0x80, 0xbf, 0x00, 0x00, 0x80, 0xbf, 0x00, 0x00, 0x80, 0xbf, 0x00, 0x00, 0x80,
    0xbf, 0x00, 0x00, 0x80, 0xbf, 0x00, 0x00, 0x80, 0xbf, 0x00, 0x00, 0x80, 0xbf, 0x00, 0x00, 0x80, 0xbf, 0x00, 0x00,
    0x80, 0xbf, 0x00, 0x00, 0x80, 0xbf, 0x00, 0x00, 0x80, 0xbf, 0x00, 0x00, 0x80, 0xbf, 0x00, 0x00, 0x80, 0xbf, 0x00,
    0x00, 0x80, 0xbf, 0x00, 0x00, 0x80, 0xbf, 0x00, 0x00, 0x80, 0xbf, 0x00, 0x00, 0x80, 0xbf, 0x00, 0x00, 0x80, 0xbf,
    0x00, 0x00, 0x80, 0xbf, 0x00, 0x00, 0x80, 0xbf, 0x00, 0x00, 0x80, 0xbf, 0x00, 0x00, 0x80, 0xbf, 0x00, 0x00, 0x80,
    0xbf, 0x00, 0x00, 0x80, 0xbf, 0x00, 0x00, 0x80, 0xbf, 0x00, 0x00, 0x80, 0xbf, 0x00, 0x00, 0x80, 0xbf, 0x00, 0x00,
    0x80, 0xbf, 0x00, 0x00, 0x80, 0xbf, 0x00, 0x00, 0x80, 0xbf, 0x00, 0x00, 0x80, 0xbf, 0x00, 0x00, 0x80, 0xbf, 0x00,
    0x00, 0x80, 0xbf, 0x00, 0x00, 0x80, 0xbf, 0x00, 0x00, 0x80, 0xbf, 0x00, 0x00, 0x80, 0xbf, 0x00, 0x00, 0x80, 0xbf,
    0x00, 0x00, 0x80, 0xbf, 0x00, 0x00, 0x80, 0xbf, 0x00, 0x00, 0x80, 0xbf, 0x00, 0x00, 0x80, 0xbf, 0x00, 0x00, 0x80,
    0xbf, 0x00, 0x00, 0x80, 0xbf, 0x42, 0x0e, 0xc2, 0x80, 0x4a, 0x4c, 0xcc, 0x85, 0x81, 0x0c, 0x7d, 0x87, 0x0c, 0x80,
    0x50, 0x82, 0x4f, 0x50, 0x09, 0xbf, 0x50, 0x4f, 0x4e, 0x85, 0x46, 0x48, 0xc4, 0x85, 0x4f, 0x80, 0x06, 0xbf, 0x48,
    0x4c, 0xd4, 0x85, 0x4f, 0x4e, 0xcf, 0x80, 0x50, 0x4e, 0xd0, 0x80, 0x4e, 0x81, 0xce, 0x80, 0x03, 0x00, 0x8f, 0xbf,
    0xd6, 0x50, 0x0e, 0xcc, 0x81, 0x0b, 0xf4, 0x0d, 0x80, 0x02, 0xfa, 0x7e, 0xcc, 0x50, 0x0e, 0xcc, 0x89, 0x0b, 0x14,
    0x0e, 0x80, 0x02, 0x0a, 0x7f, 0xd7, 0x50, 0x0e, 0xcc, 0x91, 0x0b, 0x34, 0x0e, 0x80, 0x02, 0x1a, 0x7f, 0xda, 0x50,
    0x0e, 0xcc, 0x99, 0x0b, 0x54, 0x0e, 0x80, 0x02, 0x2a, 0x7f, 0xd0, 0x50, 0x0e, 0xcc, 0xa1, 0x0b, 0x74, 0x0e, 0x80,
    0x02, 0x3a, 0x7f, 0xdb, 0x50, 0x0e, 0xcc, 0xa9, 0x0b, 0x94, 0x0e, 0x80, 0x02, 0x4a, 0x7f, 0xde, 0x50, 0x0e, 0xcc,
    0xb1, 0x0b, 0xb4, 0x0e, 0x80, 0x02, 0x5a, 0x7f, 0xd4, 0x50, 0x0e, 0xcc, 0xb9, 0x0b, 0xd4, 0x0e, 0x80, 0x02, 0x6a,
    0x7f, 0xdf, 0x50, 0x0e, 0xcc, 0xc1, 0x0b, 0xf4, 0x0e, 0x80, 0x02, 0x7a, 0x7f, 0xe2, 0x50, 0x0e, 0xcc, 0xc9, 0x0b,
    0x14, 0x0f, 0x80, 0x02, 0x8a, 0x7f, 0xd8, 0x50, 0x0e, 0xcc, 0xd1, 0x0b, 0x34, 0x0f, 0x80, 0x02, 0x9a, 0x7f, 0xe3,
    0x50, 0x0e, 0xcc, 0xd9, 0x0b, 0x54, 0x0f, 0x80, 0x02, 0xaa, 0x7f, 0xe6, 0x50, 0x0e, 0xcc, 0xe1, 0x0b, 0x74, 0x0f,
    0x80, 0x02, 0xba, 0x7f, 0xdc, 0x50, 0x0e, 0xcc, 0xe9, 0x0b, 0x94, 0x0f, 0x80, 0x02, 0xca, 0x7f, 0xe7, 0x50, 0x0e,
    0xcc, 0xf1, 0x0b, 0xb4, 0x0f, 0x80, 0x02, 0xda, 0x7f, 0xea, 0x50, 0x0e, 0xcc, 0xf9, 0x0b, 0xd4, 0x0f, 0x80, 0x02,
    0xea, 0x7f, 0xd6, 0x58, 0x0e, 0xcc, 0x81, 0x0b, 0x58, 0x17, 0x80, 0x02, 0x02, 0x7f, 0xcc, 0x58, 0x0e, 0xcc, 0x89,
    0x0b, 0x30, 0x17, 0x80, 0x02, 0x12, 0x7f, 0xd7, 0x58, 0x0e, 0xcc, 0x91, 0x0b, 0x5c, 0x17, 0x80, 0x02, 0x22, 0x7f,
    0xda, 0x58, 0x0e, 0xcc, 0x99, 0x0b, 0x68, 0x17, 0x80, 0x02, 0x32, 0x7f, 0xd0, 0x58, 0x0e, 0xcc, 0xa1, 0x0b, 0x40,
    0x17, 0x80, 0x02, 0x42, 0x7f, 0xdb, 0x58, 0x0e, 0xcc, 0xa9, 0x0b, 0x6c, 0x17, 0x80, 0x02, 0x52, 0x7f, 0xde, 0x58,
    0x0e, 0xcc, 0xb1, 0x0b, 0x78, 0x17, 0x80, 0x02, 0x62, 0x7f, 0xd4, 0x58, 0x0e, 0xcc, 0xb9, 0x0b, 0x50, 0x17, 0x80,
    0x02, 0x72, 0x7f, 0xdf, 0x58, 0x0e, 0xcc, 0xc1, 0x0b, 0x7c, 0x17, 0x80, 0x02, 0x82, 0x7f, 0xe2, 0x58, 0x0e, 0xcc,
    0xc9, 0x0b, 0x88, 0x17, 0x80, 0x02, 0x92, 0x7f, 0xd8, 0x58, 0x0e, 0xcc, 0xd1, 0x0b, 0x60, 0x17, 0x80, 0x02, 0xa2,
    0x7f, 0xe3, 0x58, 0x0e, 0xcc, 0xd9, 0x0b, 0x8c, 0x17, 0x80, 0x02, 0xb2, 0x7f, 0xe6, 0x58, 0x0e, 0xcc, 0xe1, 0x0b,
    0x98, 0x17, 0x80, 0x02, 0xc2, 0x7f, 0xdc, 0x58, 0x0e, 0xcc, 0xe9, 0x0b, 0x70, 0x17, 0x80, 0x02, 0xd2, 0x7f, 0xe7,
    0x58, 0x0e, 0xcc, 0xf1, 0x0b, 0x9c, 0x17, 0x80, 0x02, 0xe2, 0x7f, 0xea, 0x58, 0x0e, 0xcc, 0xf9, 0x0b, 0xa8, 0x17,
    0x80, 0x02, 0xf2, 0x7f, 0x0f, 0x00, 0xa1, 0xbf, 0x10, 0xe0, 0xd4, 0xd8, 0xd6, 0x00, 0x00, 0xd6, 0x10, 0xe0, 0xd4,
    0xd8, 0xcc, 0x00, 0x00, 0xcc, 0x10, 0xe0, 0xd4, 0xd8, 0xd7, 0x00, 0x00, 0xd7, 0x10, 0xe0, 0xd4, 0xd8, 0xda, 0x00,
    0x00, 0xda, 0x10, 0xe0, 0xd4, 0xd8, 0xd0, 0x00, 0x00, 0xd0, 0x10, 0xe0, 0xd4, 0xd8, 0xdb, 0x00, 0x00, 0xdb, 0x10,
    0xe0, 0xd4, 0xd8, 0xde, 0x00, 0x00, 0xde, 0x10, 0xe0, 0xd4, 0xd8, 0xd4, 0x00, 0x00, 0xd4, 0x10, 0xe0, 0xd4, 0xd8,
    0xdf, 0x00, 0x00, 0xdf, 0x10, 0xe0, 0xd4, 0xd8, 0xe2, 0x00, 0x00, 0xe2, 0x10, 0xe0, 0xd4, 0xd8, 0xd8, 0x00, 0x00,
    0xd8, 0x10, 0xe0, 0xd4, 0xd8, 0xe3, 0x00, 0x00, 0xe3, 0x10, 0xe0, 0xd4, 0xd8, 0xe6, 0x00, 0x00, 0xe6, 0x10, 0xe0,
    0xd4, 0xd8, 0xdc, 0x00, 0x00, 0xdc, 0x10, 0xe0, 0xd4, 0xd8, 0xe7, 0x00, 0x00, 0xe7, 0x10, 0xe0, 0xd4, 0xd8, 0xea,
    0x00, 0x00, 0xea, 0x81, 0x88, 0xc1, 0x35, 0x94, 0x88, 0xc9, 0x35, 0xe0, 0x62, 0x0f, 0xd7, 0xe0, 0xc1, 0x03, 0x00,
    0xe0, 0x5e, 0x0f, 0xd7, 0xe0, 0xc1, 0x03, 0x00, 0x1a, 0x62, 0x28, 0x80, 0x1b, 0x63, 0x29, 0x82, 0xe0, 0x60, 0x0f,
    0xd7, 0xe0, 0xc1, 0x03, 0x00, 0x14, 0x28, 0xac, 0x97, 0x80, 0x29, 0x2d, 0x82, 0x14, 0x2c, 0xb0, 0x97, 0x80, 0x2d,
    0x31, 0x82, 0x14, 0x30, 0xb4, 0x97, 0x80, 0x31, 0x35, 0x82, 0x02, 0x00, 0x8f, 0xbf, 0x5e, 0x3b, 0xda, 0xbe, 0x60,
    0x3b, 0xdc, 0xbe, 0x5f, 0x3b, 0xde, 0xbe, 0x61, 0x3b, 0xe0, 0xbe, 0x5a, 0x10, 0xd6, 0xbe, 0x5c, 0x10, 0xd7, 0xbe,
    0xe8, 0x00, 0x65, 0xd7, 0x5a, 0x00, 0x01, 0x00, 0xeb, 0x00, 0x65, 0xd7, 0x5c, 0x00, 0x01, 0x00, 0xec, 0x00, 0x65,
    0xd7, 0x5e, 0xac, 0x00, 0x00, 0xee, 0x00, 0x65, 0xd7, 0x60, 0xae, 0x00, 0x00, 0xe8, 0x00, 0x66, 0xd7, 0x5b, 0xd0,
    0x03, 0x00, 0xeb, 0x00, 0x66, 0xd7, 0x5d, 0xd6, 0x03, 0x00, 0xec, 0x00, 0x66, 0xd7, 0x5f, 0xd8, 0x03, 0x00, 0xee,
    0x00, 0x66, 0xd7, 0x61, 0xdc, 0x03, 0x00, 0x81, 0xd0, 0xd1, 0x2d, 0x81, 0xd6, 0xd7, 0x2d, 0x81, 0xd8, 0xd9, 0x2d,
    0x81, 0xdc, 0xdd, 0x2d, 0xb4, 0x00, 0x42, 0xd5, 0xe8, 0x2d, 0x70, 0x06, 0xbc, 0x00, 0x42, 0xd5, 0xec, 0x2d, 0x80,
    0x06, 0xb4, 0x00, 0x42, 0xd5, 0xeb, 0x2f, 0xd0, 0x06, 0xbc, 0x00, 0x42, 0xd5, 0xee, 0x2f, 0xf0, 0x06, 0xb8, 0x6a,
    0x0f, 0xd7, 0xb4, 0x2b, 0x00, 0x00, 0xc0, 0x6a, 0x0f, 0xd7, 0xbc, 0x2b, 0x00, 0x00, 0xe4, 0x6a, 0x0f, 0xd7, 0xe4,
    0xc9, 0x03, 0x00, 0xb4, 0x00, 0x01, 0xd5, 0xb4, 0x83, 0xa9, 0x01, 0xe4, 0x6a, 0x0f, 0xd7, 0xe4, 0xc9, 0x03, 0x00,
    0xb8, 0x00, 0x01, 0xd5, 0xb8, 0x83, 0xa9, 0x01, 0xe4, 0x6a, 0x0f, 0xd7, 0xe4, 0xc9, 0x03, 0x00, 0xbc, 0x00, 0x01,
    0xd5, 0xbc, 0x83, 0xa9, 0x01, 0xe4, 0x6a, 0x0f, 0xd7, 0xe4, 0xc9, 0x03, 0x00, 0xc0, 0x00, 0x01, 0xd5, 0xc0, 0x83,
    0xa9, 0x01, 0x7f, 0xc0, 0x8c, 0xbf, 0xfa, 0x06, 0xac, 0x79, 0xcc, 0xb1, 0x00, 0xff, 0xfa, 0x06, 0xae, 0x79, 0xda,
    0xb1, 0x00, 0xff, 0xfa, 0x06, 0xa0, 0x79, 0xdb, 0xb1, 0x00, 0xff, 0xfa, 0x06, 0xbc, 0x79, 0xd4, 0xb1, 0x00, 0xff,
    0xfa, 0x06, 0xbe, 0x79, 0xe2, 0xb1, 0x00, 0xff, 0xfa, 0x06, 0xb0, 0x79, 0xe3, 0xb1, 0x00, 0xff, 0xfa, 0x06, 0xcc,
    0x79, 0xdc, 0xb1, 0x00, 0xff, 0xfa, 0x06, 0xce, 0x79, 0xea, 0xb1, 0x00, 0xff, 0xcc, 0x05, 0xac, 0x79, 0xda, 0x05,
    0xae, 0x79, 0xdb, 0x05, 0xa0, 0x79, 0xd4, 0x05, 0xbc, 0x79, 0xe2, 0x05, 0xbe, 0x79, 0xe3, 0x05, 0xb0, 0x79, 0xdc,
    0x05, 0xcc, 0x79, 0xea, 0x05, 0xce, 0x79, 0xd6, 0x00, 0x0f, 0xcc, 0x3d, 0xac, 0x03, 0x18, 0xd7, 0x00, 0x0f, 0xcc,
    0x3e, 0xae, 0x03, 0x18, 0xd0, 0x00, 0x0f, 0xcc, 0x3f, 0xa0, 0x03, 0x18, 0xde, 0x00, 0x0f, 0xcc, 0x40, 0xbc, 0x03,
    0x18, 0xdf, 0x00, 0x0f, 0xcc, 0x3d, 0xbe, 0x03, 0x18, 0xd8, 0x00, 0x0f, 0xcc, 0x3e, 0xb0, 0x03, 0x18, 0xe6, 0x00,
    0x0f, 0xcc, 0x3f, 0xcc, 0x03, 0x18, 0xe7, 0x00, 0x0f, 0xcc, 0x40, 0xce, 0x03, 0x18, 0xcc, 0x00, 0x10, 0xcc, 0x1e,
    0xac, 0x03, 0x18, 0xda, 0x00, 0x10, 0xcc, 0x1e, 0xae, 0x03, 0x18, 0xdb, 0x00, 0x10, 0xcc, 0x1e, 0xa0, 0x03, 0x18,
    0xd4, 0x00, 0x10, 0xcc, 0x1e, 0xbc, 0x03, 0x18, 0xe2, 0x00, 0x10, 0xcc, 0x1e, 0xbe, 0x03, 0x18, 0xe3, 0x00, 0x10,
    0xcc, 0x1e, 0xb0, 0x03, 0x18, 0xdc, 0x00, 0x10, 0xcc, 0x1e, 0xcc, 0x03, 0x18, 0xea, 0x00, 0x10, 0xcc, 0x1e, 0xce,
    0x03, 0x18, 0xd6, 0x00, 0x11, 0xcc, 0xd6, 0x99, 0x03, 0x18, 0xd7, 0x00, 0x11, 0xcc, 0xd7, 0xb5, 0x03, 0x18, 0xd0,
    0x00, 0x11, 0xcc, 0xd0, 0xb7, 0x03, 0x18, 0xde, 0x00, 0x11, 0xcc, 0xde, 0xa9, 0x03, 0x18, 0xdf, 0x00, 0x11, 0xcc,
    0xdf, 0xc5, 0x03, 0x18, 0xd8, 0x00, 0x11, 0xcc, 0xd8, 0xc7, 0x03, 0x18, 0xe6, 0x00, 0x11, 0xcc, 0xe6, 0xb9, 0x03,
    0x18, 0xe7, 0x00, 0x11, 0xcc, 0xe7, 0xd5, 0x03, 0x18, 0x00, 0x10, 0x68, 0xe0, 0xb4, 0xd6, 0x0a, 0x80, 0x00, 0x10,
    0x6c, 0xe0, 0xb8, 0xd6, 0x0a, 0x80, 0x00, 0x10, 0x68, 0xe0, 0xbc, 0xdf, 0x0a, 0x80, 0x00, 0x10, 0x6c, 0xe0, 0xc0,
    0xdf, 0x0a, 0x80, 0x00, 0x10, 0x68, 0xe0, 0xb4, 0xd7, 0x0b, 0x80, 0x00, 0x10, 0x6c, 0xe0, 0xb8, 0xd7, 0x0b, 0x80,
    0x00, 0x10, 0x68, 0xe0, 0xbc, 0xd8, 0x0b, 0x80, 0x00, 0x10, 0x6c, 0xe0, 0xc0, 0xd8, 0x0b, 0x80, 0x00, 0x10, 0x68,
    0xe0, 0xb4, 0xd0, 0x0c, 0x80, 0x00, 0x10, 0x6c, 0xe0, 0xb8, 0xd0, 0x0c, 0x80, 0x00, 0x10, 0x68, 0xe0, 0xbc, 0xe6,
    0x0c, 0x80, 0x00, 0x10, 0x6c, 0xe0, 0xc0, 0xe6, 0x0c, 0x80, 0x00, 0x10, 0x68, 0xe0, 0xb4, 0xde, 0x0d, 0x80, 0x00,
    0x10, 0x6c, 0xe0, 0xb8, 0xde, 0x0d, 0x80, 0x00, 0x10, 0x68, 0xe0, 0xbc, 0xe7, 0x0d, 0x80, 0x00, 0x10, 0x6c, 0xe0,
    0xc0, 0xe7, 0x0d, 0x80, 0x0a, 0xff, 0x7c, 0x80, 0x38, 0xc4, 0x00, 0x00, 0x00, 0x00, 0xc4, 0xda, 0x00, 0x00, 0x00,
    0xc4, 0x0a, 0xff, 0x8a, 0x80, 0x00, 0x01, 0x00, 0x00, 0xff, 0x0a, 0x0a, 0x85, 0x00, 0x15, 0x00, 0x00, 0x00, 0x00,
    0x8f, 0xbf, 0x00, 0x00, 0x80, 0xbf, 0x00, 0x00, 0x80, 0xbf, 0x00, 0x00, 0x80, 0xbf, 0x54, 0x20, 0x80, 0xbe, 0x00,
    0x00, 0x80, 0xbf, 0x00, 0x00, 0x80, 0xbf, 0x00, 0x00, 0x80, 0xbf, 0x00, 0x00, 0x80, 0xbf, 0x00, 0x00, 0x80, 0xbf,
    0x00, 0x00, 0x80, 0xbf, 0x00, 0x00, 0x80, 0xbf, 0x00, 0x00, 0x80, 0xbf, 0x00, 0x00, 0x80, 0xbf, 0x00, 0x00, 0x80,
    0xbf, 0x00, 0x00, 0x80, 0xbf, 0x00, 0x00, 0x80, 0xbf, 0x00, 0x00, 0x80, 0xbf, 0x00, 0x00, 0x80, 0xbf, 0x00, 0x00,
    0x80, 0xbf, 0x00, 0x00, 0x80, 0xbf, 0x00, 0x00, 0x80, 0xbf, 0x00, 0x00, 0x80, 0xbf, 0x00, 0x00, 0x80, 0xbf, 0x00,
    0x00, 0x80, 0xbf, 0x00, 0x00, 0x80, 0xbf, 0x00, 0x00, 0x80, 0xbf, 0x00, 0x00, 0x80, 0xbf, 0x00, 0x00, 0x80, 0xbf,
    0x00, 0x00, 0x80, 0xbf, 0x00, 0x00, 0x80, 0xbf, 0x00, 0x00, 0x80, 0xbf, 0x00, 0x00, 0x80, 0xbf, 0x00, 0x00, 0x80,
    0xbf, 0x00, 0x00, 0x80, 0xbf, 0x00, 0x00, 0x80, 0xbf, 0x00, 0x00, 0x80, 0xbf, 0x00, 0x00, 0x80, 0xbf, 0x00, 0x00,
    0x80, 0xbf, 0x00, 0x00, 0x80, 0xbf, 0x00, 0x00, 0x80, 0xbf, 0x00, 0x00, 0x80, 0xbf, 0x00, 0x00, 0x80, 0xbf, 0x00,
    0x00, 0x80, 0xbf, 0x00, 0x00, 0x80, 0xbf, 0x00, 0x00, 0x80, 0xbf, 0x00, 0x00, 0x80, 0xbf, 0x00, 0x00, 0x80, 0xbf,
    0x00, 0x00, 0x80, 0xbf, 0x00, 0x00, 0x80, 0xbf, 0x00, 0x00, 0x80, 0xbf, 0x00, 0x00, 0x80, 0xbf, 0x00, 0x00, 0x80,
    0xbf, 0x00, 0x00, 0x80, 0xbf, 0x00, 0x00, 0x80, 0xbf, 0x00, 0x00, 0x80, 0xbf, 0x00, 0x00, 0x80, 0xbf, 0x00, 0x00,
    0x80, 0xbf, 0x42, 0x0e, 0xc2, 0x80, 0x4a, 0x4c, 0xcc, 0x85, 0x81, 0x0c, 0x7d, 0x87, 0x0c, 0x80, 0x50, 0x82, 0x4f,
    0x50, 0x09, 0xbf, 0x50, 0x4f, 0x4e, 0x85, 0x46, 0x48, 0xc4, 0x85, 0x4f, 0x80, 0x06, 0xbf, 0x48, 0x4c, 0xd4, 0x85,
    0x4f, 0x4e, 0xcf, 0x80, 0x50, 0x4e, 0xd0, 0x80, 0x4e, 0x81, 0xce, 0x80, 0x03, 0x00, 0x8f, 0xbf, 0xd6, 0x50, 0x0e,
    0xcc, 0x81, 0x0b, 0xf4, 0x0d, 0x80, 0x02, 0xfa, 0x7e, 0xcc, 0x50, 0x0e, 0xcc, 0x89, 0x0b, 0x14, 0x0e, 0x80, 0x02,
    0x0a, 0x7f, 0xd7, 0x50, 0x0e, 0xcc, 0x91, 0x0b, 0x34, 0x0e, 0x80, 0x02, 0x1a, 0x7f, 0xda, 0x50, 0x0e, 0xcc, 0x99,
    0x0b, 0x54, 0x0e, 0x80, 0x02, 0x2a, 0x7f, 0xd0, 0x50, 0x0e, 0xcc, 0xa1, 0x0b, 0x74, 0x0e, 0x80, 0x02, 0x3a, 0x7f,
    0xdb, 0x50, 0x0e, 0xcc, 0xa9, 0x0b, 0x94, 0x0e, 0x80, 0x02, 0x4a, 0x7f, 0xde, 0x50, 0x0e, 0xcc, 0xb1, 0x0b, 0xb4,
    0x0e, 0x80, 0x02, 0x5a, 0x7f, 0xd4, 0x50, 0x0e, 0xcc, 0xb9, 0x0b, 0xd4, 0x0e, 0x80, 0x02, 0x6a, 0x7f, 0xdf, 0x50,
    0x0e, 0xcc, 0xc1, 0x0b, 0xf4, 0x0e, 0x80, 0x02, 0x7a, 0x7f, 0xe2, 0x50, 0x0e, 0xcc, 0xc9, 0x0b, 0x14, 0x0f, 0x80,
    0x02, 0x8a, 0x7f, 0xd8, 0x50, 0x0e, 0xcc, 0xd1, 0x0b, 0x34, 0x0f, 0x80, 0x02, 0x9a, 0x7f, 0xe3, 0x50, 0x0e, 0xcc,
    0xd9, 0x0b, 0x54, 0x0f, 0x80, 0x02, 0xaa, 0x7f, 0xe6, 0x50, 0x0e, 0xcc, 0xe1, 0x0b, 0x74, 0x0f, 0x80, 0x02, 0xba,
    0x7f, 0xdc, 0x50, 0x0e, 0xcc, 0xe9, 0x0b, 0x94, 0x0f, 0x80, 0x02, 0xca, 0x7f, 0xe7, 0x50, 0x0e, 0xcc, 0xf1, 0x0b,
    0xb4, 0x0f, 0x80, 0x02, 0xda, 0x7f, 0xea, 0x50, 0x0e, 0xcc, 0xf9, 0x0b, 0xd4, 0x0f, 0x80, 0x02, 0xea, 0x7f, 0xd6,
    0x58, 0x0e, 0xcc, 0x81, 0x0b, 0x58, 0x17, 0x80, 0x02, 0x02, 0x7f, 0xcc, 0x58, 0x0e, 0xcc, 0x89, 0x0b, 0x30, 0x17,
    0x80, 0x02, 0x12, 0x7f, 0xd7, 0x58, 0x0e, 0xcc, 0x91, 0x0b, 0x5c, 0x17, 0x80, 0x02, 0x22, 0x7f, 0xda, 0x58, 0x0e,
    0xcc, 0x99, 0x0b, 0x68, 0x17, 0x80, 0x02, 0x32, 0x7f, 0xd0, 0x58, 0x0e, 0xcc, 0xa1, 0x0b, 0x40, 0x17, 0x80, 0x02,
    0x42, 0x7f, 0xdb, 0x58, 0x0e, 0xcc, 0xa9, 0x0b, 0x6c, 0x17, 0x80, 0x02, 0x52, 0x7f, 0xde, 0x58, 0x0e, 0xcc, 0xb1,
    0x0b, 0x78, 0x17, 0x80, 0x02, 0x62, 0x7f, 0xd4, 0x58, 0x0e, 0xcc, 0xb9, 0x0b, 0x50, 0x17, 0x80, 0x02, 0x72, 0x7f,
    0xdf, 0x58, 0x0e, 0xcc, 0xc1, 0x0b, 0x7c, 0x17, 0x80, 0x02, 0x82, 0x7f, 0xe2, 0x58, 0x0e, 0xcc, 0xc9, 0x0b, 0x88,
    0x17, 0x80, 0x02, 0x92, 0x7f, 0xd8, 0x58, 0x0e, 0xcc, 0xd1, 0x0b, 0x60, 0x17, 0x80, 0x02, 0xa2, 0x7f, 0xe3, 0x58,
    0x0e, 0xcc, 0xd9, 0x0b, 0x8c, 0x17, 0x80, 0x02, 0xb2, 0x7f, 0xe6, 0x58, 0x0e, 0xcc, 0xe1, 0x0b, 0x98, 0x17, 0x80,
    0x02, 0xc2, 0x7f, 0xdc, 0x58, 0x0e, 0xcc, 0xe9, 0x0b, 0x70, 0x17, 0x80, 0x02, 0xd2, 0x7f, 0xe7, 0x58, 0x0e, 0xcc,
    0xf1, 0x0b, 0x9c, 0x17, 0x80, 0x02, 0xe2, 0x7f, 0xea, 0x58, 0x0e, 0xcc, 0xf9, 0x0b, 0xa8, 0x17, 0x80, 0x02, 0xf2,
    0x7f, 0x0f, 0x00, 0xa1, 0xbf, 0x10, 0xe0, 0xd4, 0xd8, 0xd6, 0x00, 0x00, 0xd6, 0x10, 0xe0, 0xd4, 0xd8, 0xcc, 0x00,
    0x00, 0xcc, 0x10, 0xe0, 0xd4, 0xd8, 0xd7, 0x00, 0x00, 0xd7, 0x10, 0xe0, 0xd4, 0xd8, 0xda, 0x00, 0x00, 0xda, 0x10,
    0xe0, 0xd4, 0xd8, 0xd0, 0x00, 0x00, 0xd0, 0x10, 0xe0, 0xd4, 0xd8, 0xdb, 0x00, 0x00, 0xdb, 0x10, 0xe0, 0xd4, 0xd8,
    0xde, 0x00, 0x00, 0xde, 0x10, 0xe0, 0xd4, 0xd8, 0xd4, 0x00, 0x00, 0xd4, 0x10, 0xe0, 0xd4, 0xd8, 0xdf, 0x00, 0x00,
    0xdf, 0x10, 0xe0, 0xd4, 0xd8, 0xe2, 0x00, 0x00, 0xe2, 0x10, 0xe0, 0xd4, 0xd8, 0xd8, 0x00, 0x00, 0xd8, 0x10, 0xe0,
    0xd4, 0xd8, 0xe3, 0x00, 0x00, 0xe3, 0x10, 0xe0, 0xd4, 0xd8, 0xe6, 0x00, 0x00, 0xe6, 0x10, 0xe0, 0xd4, 0xd8, 0xdc,
    0x00, 0x00, 0xdc, 0x10, 0xe0, 0xd4, 0xd8, 0xe7, 0x00, 0x00, 0xe7, 0x10, 0xe0, 0xd4, 0xd8, 0xea, 0x00, 0x00, 0xea,
    0x81, 0x88, 0xc1, 0x35, 0x94, 0x88, 0xc9, 0x35, 0xe0, 0x62, 0x0f, 0xd7, 0xe0, 0xc1, 0x03, 0x00, 0xe0, 0x5e, 0x0f,
    0xd7, 0xe0, 0xc1, 0x03, 0x00, 0x1a, 0x62, 0x28, 0x80, 0x1b, 0x63, 0x29, 0x82, 0xe0, 0x60, 0x0f, 0xd7, 0xe0, 0xc1,
    0x03, 0x00, 0x14, 0x28, 0xac, 0x97, 0x80, 0x29, 0x2d, 0x82, 0x14, 0x2c, 0xb0, 0x97, 0x80, 0x2d, 0x31, 0x82, 0x14,
    0x30, 0xb4, 0x97, 0x80, 0x31, 0x35, 0x82, 0x02, 0x00, 0x8f, 0xbf, 0x5e, 0x3b, 0xda, 0xbe, 0x60, 0x3b, 0xdc, 0xbe,
    0x5f, 0x3b, 0xde, 0xbe, 0x61, 0x3b, 0xe0, 0xbe, 0x5a, 0x10, 0xd6, 0xbe, 0x5c, 0x10, 0xd7, 0xbe, 0xe8, 0x00, 0x65,
    0xd7, 0x5a, 0x00, 0x01, 0x00, 0xeb, 0x00, 0x65, 0xd7, 0x5c, 0x00, 0x01, 0x00, 0xec, 0x00, 0x65, 0xd7, 0x5e, 0xac,
    0x00, 0x00, 0xee, 0x00, 0x65, 0xd7, 0x60, 0xae, 0x00, 0x00, 0xe8, 0x00, 0x66, 0xd7, 0x5b, 0xd0, 0x03, 0x00, 0xeb,
    0x00, 0x66, 0xd7, 0x5d, 0xd6, 0x03, 0x00, 0xec, 0x00, 0x66, 0xd7, 0x5f, 0xd8, 0x03, 0x00, 0xee, 0x00, 0x66, 0xd7,
    0x61, 0xdc, 0x03, 0x00, 0x81, 0xd0, 0xd1, 0x2d, 0x81, 0xd6, 0xd7, 0x2d, 0x81, 0xd8, 0xd9, 0x2d, 0x81, 0xdc, 0xdd,
    0x2d, 0xb4, 0x00, 0x42, 0xd5, 0xe8, 0x2d, 0x70, 0x06, 0xbc, 0x00, 0x42, 0xd5, 0xec, 0x2d, 0x80, 0x06, 0xb4, 0x00,
    0x42, 0xd5, 0xeb, 0x2f, 0xd0, 0x06, 0xbc, 0x00, 0x42, 0xd5, 0xee, 0x2f, 0xf0, 0x06, 0xb8, 0x6a, 0x0f, 0xd7, 0xb4,
    0x2b, 0x00, 0x00, 0xc0, 0x6a, 0x0f, 0xd7, 0xbc, 0x2b, 0x00, 0x00, 0xe4, 0x6a, 0x0f, 0xd7, 0xe4, 0xc9, 0x03, 0x00,
    0xb4, 0x00, 0x01, 0xd5, 0xb4, 0x83, 0xa9, 0x01, 0xe4, 0x6a, 0x0f, 0xd7, 0xe4, 0xc9, 0x03, 0x00, 0xb8, 0x00, 0x01,
    0xd5, 0xb8, 0x83, 0xa9, 0x01, 0xe4, 0x6a, 0x0f, 0xd7, 0xe4, 0xc9, 0x03, 0x00, 0xbc, 0x00, 0x01, 0xd5, 0xbc, 0x83,
    0xa9, 0x01, 0xe4, 0x6a, 0x0f, 0xd7, 0xe4, 0xc9, 0x03, 0x00, 0xc0, 0x00, 0x01, 0xd5, 0xc0, 0x83, 0xa9, 0x01, 0x7f,
    0xc0, 0x8c, 0xbf, 0xfa, 0x06, 0xac, 0x79, 0xcc, 0xb1, 0x00, 0xff, 0xfa, 0x06, 0xae, 0x79, 0xda, 0xb1, 0x00, 0xff,
    0xfa, 0x06, 0xa0, 0x79, 0xdb, 0xb1, 0x00, 0xff, 0xfa, 0x06, 0xbc, 0x79, 0xd4, 0xb1, 0x00, 0xff, 0xfa, 0x06, 0xbe,
    0x79, 0xe2, 0xb1, 0x00, 0xff, 0xfa, 0x06, 0xb0, 0x79, 0xe3, 0xb1, 0x00, 0xff, 0xfa, 0x06, 0xcc, 0x79, 0xdc, 0xb1,
    0x00, 0xff, 0xfa, 0x06, 0xce, 0x79, 0xea, 0xb1, 0x00, 0xff, 0xcc, 0x05, 0xac, 0x79, 0xda, 0x05, 0xae, 0x79, 0xdb,
    0x05, 0xa0, 0x79, 0xd4, 0x05, 0xbc, 0x79, 0xe2, 0x05, 0xbe, 0x79, 0xe3, 0x05, 0xb0, 0x79, 0xdc, 0x05, 0xcc, 0x79,
    0xea, 0x05, 0xce, 0x79, 0xd6, 0x00, 0x0f, 0xcc, 0x3d, 0xac, 0x03, 0x18, 0xd7, 0x00, 0x0f, 0xcc, 0x3e, 0xae, 0x03,
    0x18, 0xd0, 0x00, 0x0f, 0xcc, 0x3f, 0xa0, 0x03, 0x18, 0xde, 0x00, 0x0f, 0xcc, 0x40, 0xbc, 0x03, 0x18, 0xdf, 0x00,
    0x0f, 0xcc, 0x3d, 0xbe, 0x03, 0x18, 0xd8, 0x00, 0x0f, 0xcc, 0x3e, 0xb0, 0x03, 0x18, 0xe6, 0x00, 0x0f, 0xcc, 0x3f,
    0xcc, 0x03, 0x18, 0xe7, 0x00, 0x0f, 0xcc, 0x40, 0xce, 0x03, 0x18, 0xd6, 0x00, 0x10, 0xcc, 0xff, 0xac, 0x03, 0x10,
    0xc5, 0xbd, 0xc5, 0xbd, 0xd7, 0x00, 0x10, 0xcc, 0xff, 0xae, 0x03, 0x10, 0xc5, 0xbd, 0xc5, 0xbd, 0xd0, 0x00, 0x10,
    0xcc, 0xff, 0xa0, 0x03, 0x10, 0xc5, 0xbd, 0xc5, 0xbd, 0xde, 0x00, 0x10, 0xcc, 0xff, 0xbc, 0x03, 0x10, 0xc5, 0xbd,
    0xc5, 0xbd, 0xdf, 0x00, 0x10, 0xcc, 0xff, 0xbe, 0x03, 0x10, 0xc5, 0xbd, 0xc5, 0xbd, 0xd8, 0x00, 0x10, 0xcc, 0xff,
    0xb0, 0x03, 0x10, 0xc5, 0xbd, 0xc5, 0xbd, 0xe6, 0x00, 0x10, 0xcc, 0xff, 0xcc, 0x03, 0x10, 0xc5, 0xbd, 0xc5, 0xbd,
    0xe7, 0x00, 0x10, 0xcc, 0xff, 0xce, 0x03, 0x10, 0xc5, 0xbd, 0xc5, 0xbd, 0xf9, 0xb0, 0xac, 0x7f, 0xd6, 0x14, 0x04,
    0x06, 0xf9, 0xb0, 0xae, 0x7f, 0xd7, 0x14, 0x04, 0x06, 0xf9, 0xb0, 0xa0, 0x7f, 0xd0, 0x14, 0x04, 0x06, 0xf9, 0xb0,
    0xbc, 0x7f, 0xde, 0x14, 0x04, 0x06, 0xf9, 0xb0, 0xbe, 0x7f, 0xdf, 0x14, 0x04, 0x06, 0xf9, 0xb0, 0xb0, 0x7f, 0xd8,
    0x14, 0x04, 0x06, 0xf9, 0xb0, 0xcc, 0x7f, 0xe6, 0x14, 0x04, 0x06, 0xf9, 0xb0, 0xce, 0x7f, 0xe7, 0x14, 0x04, 0x06,
    0xf9, 0xb0, 0xac, 0x7f, 0xd6, 0x15, 0x05, 0x06, 0xf9, 0xb0, 0xae, 0x7f, 0xd7, 0x15, 0x05, 0x06, 0xf9, 0xb0, 0xa0,
    0x7f, 0xd0, 0x15, 0x05, 0x06, 0xf9, 0xb0, 0xbc, 0x7f, 0xde, 0x15, 0x05, 0x06, 0xf9, 0xb0, 0xbe, 0x7f, 0xdf, 0x15,
    0x05, 0x06, 0xf9, 0xb0, 0xb0, 0x7f, 0xd8, 0x15, 0x05, 0x06, 0xf9, 0xb0, 0xcc, 0x7f, 0xe6, 0x15, 0x05, 0x06, 0xf9,
    0xb0, 0xce, 0x7f, 0xe7, 0x15, 0x05, 0x06, 0xd6, 0x00, 0x0f, 0xcc, 0xff, 0xac, 0x03, 0x10, 0x00, 0x3c, 0x00, 0x3c,
    0xd7, 0x00, 0x0f, 0xcc, 0xff, 0xae, 0x03, 0x10, 0x00, 0x3c, 0x00, 0x3c, 0xd0, 0x00, 0x0f, 0xcc, 0xff, 0xa0, 0x03,
    0x10, 0x00, 0x3c, 0x00, 0x3c, 0xde, 0x00, 0x0f, 0xcc, 0xff, 0xbc, 0x03, 0x10, 0x00, 0x3c, 0x00, 0x3c, 0xdf, 0x00,
    0x0f, 0xcc, 0xff, 0xbe, 0x03, 0x10, 0x00, 0x3c, 0x00, 0x3c, 0xd8, 0x00, 0x0f, 0xcc, 0xff, 0xb0, 0x03, 0x10, 0x00,
    0x3c, 0x00, 0x3c, 0xe6, 0x00, 0x0f, 0xcc, 0xff, 0xcc, 0x03, 0x10, 0x00, 0x3c, 0x00, 0x3c, 0xe7, 0x00, 0x0f, 0xcc,
    0xff, 0xce, 0x03, 0x10, 0x00, 0x3c, 0x00, 0x3c, 0xf9, 0xa8, 0xac, 0x7f, 0xd6, 0x14, 0x04, 0x06, 0xf9, 0xa8, 0xae,
    0x7f, 0xd7, 0x14, 0x04, 0x06, 0xf9, 0xa8, 0xa0, 0x7f, 0xd0, 0x14, 0x04, 0x06, 0xf9, 0xa8, 0xbc, 0x7f, 0xde, 0x14,
    0x04, 0x06, 0xf9, 0xa8, 0xbe, 0x7f, 0xdf, 0x14, 0x04, 0x06, 0xf9, 0xa8, 0xb0, 0x7f, 0xd8, 0x14, 0x04, 0x06, 0xf9,
    0xa8, 0xcc, 0x7f, 0xe6, 0x14, 0x04, 0x06, 0xf9, 0xa8, 0xce, 0x7f, 0xe7, 0x14, 0x04, 0x06, 0xf9, 0xa8, 0xac, 0x7f,
    0xd6, 0x15, 0x05, 0x06, 0xf9, 0xa8, 0xae, 0x7f, 0xd7, 0x15, 0x05, 0x06, 0xf9, 0xa8, 0xa0, 0x7f, 0xd0, 0x15, 0x05,
    0x06, 0xf9, 0xa8, 0xbc, 0x7f, 0xde, 0x15, 0x05, 0x06, 0xf9, 0xa8, 0xbe, 0x7f, 0xdf, 0x15, 0x05, 0x06, 0xf9, 0xa8,
    0xb0, 0x7f, 0xd8, 0x15, 0x05, 0x06, 0xf9, 0xa8, 0xcc, 0x7f, 0xe6, 0x15, 0x05, 0x06, 0xf9, 0xa8, 0xce, 0x7f, 0xe7,
    0x15, 0x05, 0x06, 0x00, 0x10, 0x68, 0xe0, 0xb4, 0xd6, 0x0a, 0x80, 0x00, 0x10, 0x6c, 0xe0, 0xb8, 0xd6, 0x0a, 0x80,
    0x00, 0x10, 0x68, 0xe0, 0xbc, 0xdf, 0x0a, 0x80, 0x00, 0x10, 0x6c, 0xe0, 0xc0, 0xdf, 0x0a, 0x80, 0x00, 0x10, 0x68,
    0xe0, 0xb4, 0xd7, 0x0b, 0x80, 0x00, 0x10, 0x6c, 0xe0, 0xb8, 0xd7, 0x0b, 0x80, 0x00, 0x10, 0x68, 0xe0, 0xbc, 0xd8,
    0x0b, 0x80, 0x00, 0x10, 0x6c, 0xe0, 0xc0, 0xd8, 0x0b, 0x80, 0x00, 0x10, 0x68, 0xe0, 0xb4, 0xd0, 0x0c, 0x80, 0x00,
    0x10, 0x6c, 0xe0, 0xb8, 0xd0, 0x0c, 0x80, 0x00, 0x10, 0x68, 0xe0, 0xbc, 0xe6, 0x0c, 0x80, 0x00, 0x10, 0x6c, 0xe0,
    0xc0, 0xe6, 0x0c, 0x80, 0x00, 0x10, 0x68, 0xe0, 0xb4, 0xde, 0x0d, 0x80, 0x00, 0x10, 0x6c, 0xe0, 0xb8, 0xde, 0x0d,
    0x80, 0x00, 0x10, 0x68, 0xe0, 0xbc, 0xe7, 0x0d, 0x80, 0x00, 0x10, 0x6c, 0xe0, 0xc0, 0xe7, 0x0d, 0x80, 0x0a, 0xff,
    0x7c, 0x80, 0x38, 0xc4, 0x00, 0x00, 0x00, 0x00, 0xc4, 0xda, 0x00, 0x00, 0x00, 0xc4, 0x0a, 0xff, 0x8a, 0x80, 0x00,
    0x01, 0x00, 0x00, 0xff, 0x0a, 0x0a, 0x85, 0x00, 0x15, 0x00, 0x00, 0x00, 0x00, 0x8f, 0xbf, 0x00, 0x00, 0x80, 0xbf,
    0x00, 0x00, 0x80, 0xbf, 0x00, 0x00, 0x80, 0xbf, 0x54, 0x20, 0x80, 0xbe, 0x00, 0x00, 0x80, 0xbf, 0x00, 0x00, 0x80,
    0xbf, 0x00, 0x00, 0x80, 0xbf, 0x00, 0x00, 0x80, 0xbf, 0x00, 0x00, 0x80, 0xbf, 0x00, 0x00, 0x80, 0xbf, 0x00, 0x00,
    0x80, 0xbf, 0x00, 0x00, 0x80, 0xbf, 0x00, 0x00, 0x80, 0xbf, 0x00, 0x00, 0x80, 0xbf, 0x00, 0x00, 0x80, 0xbf, 0x00,
    0x00, 0x80, 0xbf, 0x00, 0x00, 0x80, 0xbf, 0x00, 0x00, 0x80, 0xbf, 0x00, 0x00, 0x80, 0xbf, 0x00, 0x00, 0x80, 0xbf,
    0x00, 0x00, 0x80, 0xbf, 0x00, 0x00, 0x80, 0xbf, 0x00, 0x00, 0x80, 0xbf, 0x00, 0x00, 0x80, 0xbf, 0x00, 0x00, 0x80,
    0xbf, 0x00, 0x00, 0x80, 0xbf, 0x00, 0x00, 0x80, 0xbf, 0x00, 0x00, 0x80, 0xbf, 0x00, 0x00, 0x80, 0xbf, 0x00, 0x00,
    0x80, 0xbf, 0x00, 0x00, 0x80, 0xbf, 0x00, 0x00, 0x80, 0xbf, 0x00, 0x00, 0x80, 0xbf, 0x00, 0x00, 0x80, 0xbf, 0x00,
    0x00, 0x80, 0xbf, 0x00, 0x00, 0x80, 0xbf, 0x00, 0x00, 0x80, 0xbf, 0x00, 0x00, 0x80, 0xbf, 0x00, 0x00, 0x80, 0xbf,
    0x00, 0x00, 0x80, 0xbf, 0x00, 0x00, 0x80, 0xbf, 0x00, 0x00, 0x80, 0xbf, 0x00, 0x00, 0x80, 0xbf, 0x00, 0x00, 0x80,
    0xbf, 0x00, 0x00, 0x80, 0xbf, 0x00, 0x00, 0x80, 0xbf, 0x00, 0x00, 0x80, 0xbf, 0x00, 0x00, 0x80, 0xbf, 0x00, 0x00,
    0x80, 0xbf, 0x00, 0x00, 0x80, 0xbf, 0x00, 0x00, 0x80, 0xbf, 0x00, 0x00, 0x80, 0xbf, 0x00, 0x00, 0x80, 0xbf, 0x00,
    0x00, 0x80, 0xbf, 0x00, 0x00, 0x80, 0xbf, 0x00, 0x00, 0x80, 0xbf, 0x00, 0x00, 0x80, 0xbf, 0x00, 0x00, 0x80, 0xbf,
    0x00, 0x00, 0x80, 0xbf, 0x00, 0x00, 0x80, 0xbf, 0x00, 0x00, 0x80, 0xbf, 0x00, 0x00, 0x80, 0xbf, 0x00, 0x00, 0x80,
    0xbf, 0x00, 0x00, 0x80, 0xbf, 0x00, 0x00, 0x80, 0xbf, 0x00, 0x00, 0x80, 0xbf, 0x00, 0x00, 0x80, 0xbf, 0x00, 0x00,
    0x80, 0xbf, 0x00, 0x00, 0x80, 0xbf, 0x00, 0x00, 0x80, 0xbf, 0x00, 0x00, 0x80, 0xbf, 0x00, 0x00, 0x80, 0xbf, 0x00,
    0x00, 0x80, 0xbf, 0x00, 0x00, 0x80, 0xbf, 0x00, 0x00, 0x80, 0xbf, 0x00, 0x00, 0x80, 0xbf, 0x00, 0x00, 0x80, 0xbf,
    0x00, 0x00, 0x80, 0xbf, 0x00, 0x00, 0x80, 0xbf, 0x00, 0x00, 0x80, 0xbf, 0x00, 0x00, 0x80, 0xbf, 0x00, 0x00, 0x80,
    0xbf, 0x00, 0x00, 0x80, 0xbf, 0x00, 0x00, 0x80, 0xbf, 0x00, 0x00, 0x80, 0xbf, 0x00, 0x00, 0x80, 0xbf, 0x00, 0x00,
    0x80, 0xbf, 0x00, 0x00, 0x80, 0xbf, 0x00, 0x00, 0x80, 0xbf, 0x00, 0x00, 0x80, 0xbf, 0x00, 0x00, 0x80, 0xbf, 0x00,
    0x00, 0x80, 0xbf, 0x00, 0x00, 0x80, 0xbf, 0x00, 0x00, 0x80, 0xbf, 0x00, 0x00, 0x80, 0xbf, 0x00, 0x00, 0x80, 0xbf,
    0x00, 0x00, 0x80, 0xbf, 0x00, 0x00, 0x80, 0xbf, 0x00, 0x00, 0x80, 0xbf, 0x00, 0x00, 0x80, 0xbf, 0x00, 0x00, 0x80,
    0xbf, 0x00, 0x00, 0x80, 0xbf, 0x00, 0x00, 0x80, 0xbf, 0x00, 0x00, 0x80, 0xbf, 0x00, 0x00, 0x80, 0xbf, 0x42, 0x0e,
    0xc2, 0x80, 0x4a, 0x4c, 0xcc, 0x85, 0x81, 0x0c, 0x7d, 0x87, 0x0c, 0x80, 0x50, 0x82, 0x4f, 0x50, 0x09, 0xbf, 0x50,
    0x4f, 0x4e, 0x85, 0x46, 0x48, 0xc4, 0x85, 0x4f, 0x80, 0x06, 0xbf, 0x48, 0x4c, 0xd4, 0x85, 0x4f, 0x4e, 0xcf, 0x80,
    0x50, 0x4e, 0xd0, 0x80, 0x4e, 0x81, 0xce, 0x80, 0x03, 0x00, 0x8f, 0xbf, 0xd6, 0x50, 0x0e, 0xcc, 0x81, 0x0b, 0xf4,
    0x0d, 0x80, 0x02, 0xfa, 0x7e, 0xcc, 0x50, 0x0e, 0xcc, 0x89, 0x0b, 0x14, 0x0e, 0x80, 0x02, 0x0a, 0x7f, 0xd7, 0x50,
    0x0e, 0xcc, 0x91, 0x0b, 0x34, 0x0e, 0x80, 0x02, 0x1a, 0x7f, 0xda, 0x50, 0x0e, 0xcc, 0x99, 0x0b, 0x54, 0x0e, 0x80,
    0x02, 0x2a, 0x7f, 0xd0, 0x50, 0x0e, 0xcc, 0xa1, 0x0b, 0x74, 0x0e, 0x80, 0x02, 0x3a, 0x7f, 0xdb, 0x50, 0x0e, 0xcc,
    0xa9, 0x0b, 0x94, 0x0e, 0x80, 0x02, 0x4a, 0x7f, 0xdf, 0x50, 0x0e, 0xcc, 0xc1, 0x0b, 0xf4, 0x0e, 0x80, 0x02, 0x7a,
    0x7f, 0xe2, 0x50, 0x0e, 0xcc, 0xc9, 0x0b, 0x14, 0x0f, 0x80, 0x02, 0x8a, 0x7f, 0xd8, 0x50, 0x0e, 0xcc, 0xd1, 0x0b,
    0x34, 0x0f, 0x80, 0x02, 0x9a, 0x7f, 0xe3, 0x50, 0x0e, 0xcc, 0xd9, 0x0b, 0x54, 0x0f, 0x80, 0x02, 0xaa, 0x7f, 0xe6,
    0x50, 0x0e, 0xcc, 0xe1, 0x0b, 0x74, 0x0f, 0x80, 0x02, 0xba, 0x7f, 0xdc, 0x50, 0x0e, 0xcc, 0xe9, 0x0b, 0x94, 0x0f,
    0x80, 0x02, 0xca, 0x7f, 0xd6, 0x58, 0x0e, 0xcc, 0x81, 0x0b, 0x58, 0x17, 0x80, 0x02, 0x02, 0x7f, 0xcc, 0x58, 0x0e,
    0xcc, 0x89, 0x0b, 0x30, 0x17, 0x80, 0x02, 0x12, 0x7f, 0xd7, 0x58, 0x0e, 0xcc, 0x91, 0x0b, 0x5c, 0x17, 0x80, 0x02,
    0x22, 0x7f, 0xda, 0x58, 0x0e, 0xcc, 0x99, 0x0b, 0x68, 0x17, 0x80, 0x02, 0x32, 0x7f, 0xd0, 0x58, 0x0e, 0xcc, 0xa1,
    0x0b, 0x40, 0x17, 0x80, 0x02, 0x42, 0x7f, 0xdb, 0x58, 0x0e, 0xcc, 0xa9, 0x0b, 0x6c, 0x17, 0x80, 0x02, 0x52, 0x7f,
    0xdf, 0x58, 0x0e, 0xcc, 0xc1, 0x0b, 0x7c, 0x17, 0x80, 0x02, 0x82, 0x7f, 0xe2, 0x58, 0x0e, 0xcc, 0xc9, 0x0b, 0x88,
    0x17, 0x80, 0x02, 0x92, 0x7f, 0xd8, 0x58, 0x0e, 0xcc, 0xd1, 0x0b, 0x60, 0x17, 0x80, 0x02, 0xa2, 0x7f, 0xe3, 0x58,
    0x0e, 0xcc, 0xd9, 0x0b, 0x8c, 0x17, 0x80, 0x02, 0xb2, 0x7f, 0xe6, 0x58, 0x0e, 0xcc, 0xe1, 0x0b, 0x98, 0x17, 0x80,
    0x02, 0xc2, 0x7f, 0xdc, 0x58, 0x0e, 0xcc, 0xe9, 0x0b, 0x70, 0x17, 0x80, 0x02, 0xd2, 0x7f, 0x0f, 0x00, 0xa1, 0xbf,
    0x10, 0xe0, 0xd4, 0xd8, 0xd6, 0x00, 0x00, 0xd6, 0x10, 0xe0, 0xd4, 0xd8, 0xcc, 0x00, 0x00, 0xcc, 0x10, 0xe0, 0xd4,
    0xd8, 0xd7, 0x00, 0x00, 0xd7, 0x10, 0xe0, 0xd4, 0xd8, 0xda, 0x00, 0x00, 0xda, 0x10, 0xe0, 0xd4, 0xd8, 0xd0, 0x00,
    0x00, 0xd0, 0x10, 0xe0, 0xd4, 0xd8, 0xdb, 0x00, 0x00, 0xdb, 0x10, 0xe0, 0xd4, 0xd8, 0xde, 0x00, 0x00, 0xde, 0x10,
    0xe0, 0xd4, 0xd8, 0xd4, 0x00, 0x00, 0xd4, 0x10, 0xe0, 0xd4, 0xd8, 0xdf, 0x00, 0x00, 0xdf, 0x10, 0xe0, 0xd4, 0xd8,
    0xe2, 0x00, 0x00, 0xe2, 0x10, 0xe0, 0xd4, 0xd8, 0xd8, 0x00, 0x00, 0xd8, 0x10, 0xe0, 0xd4, 0xd8, 0xe3, 0x00, 0x00,
    0xe3, 0x10, 0xe0, 0xd4, 0xd8, 0xe6, 0x00, 0x00, 0xe6, 0x10, 0xe0, 0xd4, 0xd8, 0xdc, 0x00, 0x00, 0xdc, 0x10, 0xe0,
    0xd4, 0xd8, 0xe7, 0x00, 0x00, 0xe7, 0x10, 0xe0, 0xd4, 0xd8, 0xea, 0x00, 0x00, 0xea, 0x81, 0x88, 0xc1, 0x35, 0x94,
    0x88, 0xc9, 0x35, 0xe0, 0x62, 0x0f, 0xd7, 0xe0, 0xc1, 0x03, 0x00, 0xe0, 0x5e, 0x0f, 0xd7, 0xe0, 0xc1, 0x03, 0x00,
    0x1a, 0x62, 0x28, 0x80, 0x1b, 0x63, 0x29, 0x82, 0xe0, 0x60, 0x0f, 0xd7, 0xe0, 0xc1, 0x03, 0x00, 0x14, 0x28, 0xac,
    0x97, 0x80, 0x29, 0x2d, 0x82, 0x14, 0x2c, 0xb0, 0x97, 0x80, 0x2d, 0x31, 0x82, 0x14, 0x30, 0xb4, 0x97, 0x80, 0x31,
    0x35, 0x82, 0x02, 0x00, 0x8f, 0xbf, 0x5e, 0x3b, 0xda, 0xbe, 0x60, 0x3b, 0xdc, 0xbe, 0x5f, 0x3b, 0xde, 0xbe, 0x61,
    0x3b, 0xe0, 0xbe, 0x5a, 0x10, 0xd6, 0xbe, 0x5c, 0x10, 0xd7, 0xbe, 0xe8, 0x00, 0x65, 0xd7, 0x5a, 0x00, 0x01, 0x00,
    0xeb, 0x00, 0x65, 0xd7, 0x5c, 0x00, 0x01, 0x00, 0xec, 0x00, 0x65, 0xd7, 0x5e, 0xac, 0x00, 0x00, 0xee, 0x00, 0x65,
    0xd7, 0x60, 0xae, 0x00, 0x00, 0xe8, 0x00, 0x66, 0xd7, 0x5b, 0xd0, 0x03, 0x00, 0xeb, 0x00, 0x66, 0xd7, 0x5d, 0xd6,
    0x03, 0x00, 0xec, 0x00, 0x66, 0xd7, 0x5f, 0xd8, 0x03, 0x00, 0xee, 0x00, 0x66, 0xd7, 0x61, 0xdc, 0x03, 0x00, 0x81,
    0xd0, 0xd1, 0x2d, 0x81, 0xd6, 0xd7, 0x2d, 0x81, 0xd8, 0xd9, 0x2d, 0x81, 0xdc, 0xdd, 0x2d, 0xb4, 0x00, 0x42, 0xd5,
    0xe8, 0x2d, 0x70, 0x06, 0xbc, 0x00, 0x42, 0xd5, 0xec, 0x2d, 0x80, 0x06, 0xb4, 0x00, 0x42, 0xd5, 0xeb, 0x2f, 0xd0,
    0x06, 0xbc, 0x00, 0x42, 0xd5, 0xee, 0x2f, 0xf0, 0x06, 0xb8, 0x6a, 0x0f, 0xd7, 0xb4, 0x2b, 0x00, 0x00, 0xc0, 0x6a,
    0x0f, 0xd7, 0xbc, 0x2b, 0x00, 0x00, 0xe4, 0x6a, 0x0f, 0xd7, 0xe4, 0xc9, 0x03, 0x00, 0xb4, 0x00, 0x01, 0xd5, 0xb4,
    0x83, 0xa9, 0x01, 0xe4, 0x6a, 0x0f, 0xd7, 0xe4, 0xc9, 0x03, 0x00, 0xb8, 0x00, 0x01, 0xd5, 0xb8, 0x83, 0xa9, 0x01,
    0xe4, 0x6a, 0x0f, 0xd7, 0xe4, 0xc9, 0x03, 0x00, 0xbc, 0x00, 0x01, 0xd5, 0xbc, 0x83, 0xa9, 0x01, 0xe4, 0x6a, 0x0f,
    0xd7, 0xe4, 0xc9, 0x03, 0x00, 0xc0, 0x00, 0x01, 0xd5, 0xc0, 0x83, 0xa9, 0x01, 0x7f, 0xc0, 0x8c, 0xbf, 0xfa, 0x06,
    0xac, 0x79, 0xcc, 0xb1, 0x00, 0xff, 0xfa, 0x06, 0xae, 0x79, 0xda, 0xb1, 0x00, 0xff, 0xfa, 0x06, 0xa0, 0x79, 0xdb,
    0xb1, 0x00, 0xff, 0xfa, 0x06, 0xbe, 0x79, 0xe2, 0xb1, 0x00, 0xff, 0xfa, 0x06, 0xb0, 0x79, 0xe3, 0xb1, 0x00, 0xff,
    0xfa, 0x06, 0xcc, 0x79, 0xdc, 0xb1, 0x00, 0xff, 0xcc, 0x05, 0xac, 0x79, 0xda, 0x05, 0xae, 0x79, 0xdb, 0x05, 0xa0,
    0x79, 0xe2, 0x05, 0xbe, 0x79, 0xe3, 0x05, 0xb0, 0x79, 0xdc, 0x05, 0xcc, 0x79, 0xd6, 0x00, 0x0f, 0xcc, 0x3d, 0xac,
    0x03, 0x18, 0xd7, 0x00, 0x0f, 0xcc, 0x3e, 0xae, 0x03, 0x18, 0xd0, 0x00, 0x0f, 0xcc, 0x3f, 0xa0, 0x03, 0x18, 0xdf,
    0x00, 0x0f, 0xcc, 0x3d, 0xbe, 0x03, 0x18, 0xd8, 0x00, 0x0f, 0xcc, 0x3e, 0xb0, 0x03, 0x18, 0xe6, 0x00, 0x0f, 0xcc,
    0x3f, 0xcc, 0x03, 0x18, 0xcc, 0x00, 0x10, 0xcc, 0x1e, 0xac, 0x03, 0x18, 0xda, 0x00, 0x10, 0xcc, 0x1e, 0xae, 0x03,
    0x18, 0xdb, 0x00, 0x10, 0xcc, 0x1e, 0xa0, 0x03, 0x18, 0xe2, 0x00, 0x10, 0xcc, 0x1e, 0xbe, 0x03, 0x18, 0xe3, 0x00,
    0x10, 0xcc, 0x1e, 0xb0, 0x03, 0x18, 0xdc, 0x00, 0x10, 0xcc, 0x1e, 0xcc, 0x03, 0x18, 0xd6, 0x00, 0x12, 0xcc, 0xd6,
    0x99, 0x03, 0x18, 0xd7, 0x00, 0x12, 0xcc, 0xd7, 0xb5, 0x03, 0x18, 0xd0, 0x00, 0x12, 0xcc, 0xd0, 0xb7, 0x03, 0x18,
    0xdf, 0x00, 0x12, 0xcc, 0xdf, 0xc5, 0x03, 0x18, 0xd8, 0x00, 0x12, 0xcc, 0xd8, 0xc7, 0x03, 0x18, 0xe6, 0x00, 0x12,
    0xcc, 0xe6, 0xb9, 0x03, 0x18, 0x00, 0x10, 0x68, 0xe0, 0xb4, 0xd6, 0x0a, 0x80, 0x00, 0x10, 0x6c, 0xe0, 0xb8, 0xd6,
    0x0a, 0x80, 0x00, 0x10, 0x68, 0xe0, 0xbc, 0xdf, 0x0a, 0x80, 0x00, 0x10, 0x6c, 0xe0, 0xc0, 0xdf, 0x0a, 0x80, 0x00,
    0x10, 0x68, 0xe0, 0xb4, 0xd7, 0x0b, 0x80, 0x00, 0x10, 0x6c, 0xe0, 0xb8, 0xd7, 0x0b, 0x80, 0x00, 0x10, 0x68, 0xe0,
    0xbc, 0xd8, 0x0b, 0x80, 0x00, 0x10, 0x6c, 0xe0, 0xc0, 0xd8, 0x0b, 0x80, 0x00, 0x10, 0x68, 0xe0, 0xb4, 0xd0, 0x0c,
    0x80, 0x00, 0x10, 0x6c, 0xe0, 0xb8, 0xd0, 0x0c, 0x80, 0x00, 0x10, 0x68, 0xe0, 0xbc, 0xe6, 0x0c, 0x80, 0x00, 0x10,
    0x6c, 0xe0, 0xc0, 0xe6, 0x0c, 0x80, 0x0a, 0xff, 0x7c, 0x80, 0x38, 0xc4, 0x00, 0x00, 0x00, 0x00, 0xc4, 0xda, 0x00,
    0x00, 0x00, 0xc4, 0x0a, 0xff, 0x8a, 0x80, 0x00, 0x01, 0x00, 0x00, 0xff, 0x0a, 0x0a, 0x85, 0x00, 0x15, 0x00, 0x00,
    0x00, 0x00, 0x8f, 0xbf, 0x00, 0x00, 0x80, 0xbf, 0x54, 0x20, 0x80, 0xbe, 0x00, 0x00, 0x80, 0xbf, 0x00, 0x00, 0x80,
    0xbf, 0x00, 0x00, 0x80, 0xbf, 0x00, 0x00, 0x80, 0xbf, 0x00, 0x00, 0x80, 0xbf, 0x00, 0x00, 0x80, 0xbf, 0x00, 0x00,
    0x80, 0xbf, 0x00, 0x00, 0x80, 0xbf, 0x00, 0x00, 0x80, 0xbf, 0x00, 0x00, 0x80, 0xbf, 0x00, 0x00, 0x80, 0xbf, 0x00,
    0x00, 0x80, 0xbf, 0x00, 0x00, 0x80, 0xbf, 0x00, 0x00, 0x80, 0xbf, 0x00, 0x00, 0x80, 0xbf, 0x00, 0x00, 0x80, 0xbf,
    0x00, 0x00, 0x80, 0xbf, 0x00, 0x00, 0x80, 0xbf, 0x00, 0x00, 0x80, 0xbf, 0x00, 0x00, 0x80, 0xbf, 0x00, 0x00, 0x80,
    0xbf, 0x00, 0x00, 0x80, 0xbf, 0x00, 0x00, 0x80, 0xbf, 0x00, 0x00, 0x80, 0xbf, 0x00, 0x00, 0x80, 0xbf, 0x00, 0x00,
    0x80, 0xbf, 0x00, 0x00, 0x80, 0xbf, 0x00, 0x00, 0x80, 0xbf, 0x00, 0x00, 0x80, 0xbf, 0x00, 0x00, 0x80, 0xbf, 0x00,
    0x00, 0x80, 0xbf, 0x00, 0x00, 0x80, 0xbf, 0x00, 0x00, 0x80, 0xbf, 0x00, 0x00, 0x80, 0xbf, 0x00, 0x00, 0x80, 0xbf,
    0x00, 0x00, 0x80, 0xbf, 0x00, 0x00, 0x80, 0xbf, 0x00, 0x00, 0x80, 0xbf, 0x00, 0x00, 0x80, 0xbf, 0x00, 0x00, 0x80,
    0xbf, 0x00, 0x00, 0x80, 0xbf, 0x00, 0x00, 0x80, 0xbf, 0x00, 0x00, 0x80, 0xbf, 0x00, 0x00, 0x80, 0xbf, 0x00, 0x00,
    0x80, 0xbf, 0x00, 0x00, 0x80, 0xbf, 0x00, 0x00, 0x80, 0xbf, 0x00, 0x00, 0x80, 0xbf, 0x00, 0x00, 0x80, 0xbf, 0x00,
    0x00, 0x80, 0xbf, 0x00, 0x00, 0x80, 0xbf, 0x00, 0x00, 0x80, 0xbf, 0x00, 0x00, 0x80, 0xbf, 0x00, 0x00, 0x80, 0xbf,
    0x00, 0x00, 0x80, 0xbf, 0x00, 0x00, 0x80, 0xbf, 0x00, 0x00, 0x80, 0xbf, 0x00, 0x00, 0x80, 0xbf, 0x00, 0x00, 0x80,
    0xbf, 0x00, 0x00, 0x80, 0xbf, 0x00, 0x00, 0x80, 0xbf, 0x00, 0x00, 0x80, 0xbf, 0x00, 0x00, 0x80, 0xbf, 0x00, 0x00,
    0x80, 0xbf, 0x00, 0x00, 0x80, 0xbf, 0x00, 0x00, 0x80, 0xbf, 0x00, 0x00, 0x80, 0xbf, 0x00, 0x00, 0x80, 0xbf, 0x00,
    0x00, 0x80, 0xbf, 0x00, 0x00, 0x80, 0xbf, 0x00, 0x00, 0x80, 0xbf, 0x00, 0x00, 0x80, 0xbf, 0x00, 0x00, 0x80, 0xbf,
    0x00, 0x00, 0x80, 0xbf, 0x00, 0x00, 0x80, 0xbf, 0x00, 0x00, 0x80, 0xbf, 0x00, 0x00, 0x80, 0xbf, 0x00, 0x00, 0x80,
    0xbf, 0x00, 0x00, 0x80, 0xbf, 0x00, 0x00, 0x80, 0xbf, 0x00, 0x00, 0x80, 0xbf, 0x00, 0x00, 0x80, 0xbf, 0x00, 0x00,
    0x80, 0xbf, 0x00, 0x00, 0x80, 0xbf, 0x00, 0x00, 0x80, 0xbf, 0x00, 0x00, 0x80, 0xbf, 0x00, 0x00, 0x80, 0xbf, 0x00,
    0x00, 0x80, 0xbf, 0x00, 0x00, 0x80, 0xbf, 0x00, 0x00, 0x80, 0xbf, 0x00, 0x00, 0x80, 0xbf, 0x00, 0x00, 0x80, 0xbf,
    0x00, 0x00, 0x80, 0xbf, 0x00, 0x00, 0x80, 0xbf, 0x00, 0x00, 0x80, 0xbf, 0x00, 0x00, 0x80, 0xbf, 0x00, 0x00, 0x80,
    0xbf, 0x00, 0x00, 0x80, 0xbf, 0x00, 0x00, 0x80, 0xbf, 0x00, 0x00, 0x80, 0xbf, 0x00, 0x00, 0x80, 0xbf, 0x00, 0x00,
    0x80, 0xbf, 0x00, 0x00, 0x80, 0xbf, 0x00, 0x00, 0x80, 0xbf, 0x00, 0x00, 0x80, 0xbf, 0x42, 0x0e, 0xc2, 0x80, 0x4a,
    0x4c, 0xcc, 0x85, 0x81, 0x0c, 0x7d, 0x87, 0x0c, 0x80, 0x50, 0x82, 0x4f, 0x50, 0x09, 0xbf, 0x50, 0x4f, 0x4e, 0x85,
    0x46, 0x48, 0xc4, 0x85, 0x4f, 0x80, 0x06, 0xbf, 0x48, 0x4c, 0xd4, 0x85, 0x4f, 0x4e, 0xcf, 0x80, 0x50, 0x4e, 0xd0,
    0x80, 0x4e, 0x81, 0xce, 0x80, 0x03, 0x00, 0x8f, 0xbf, 0xd6, 0x50, 0x0e, 0xcc, 0x81, 0x0b, 0xf4, 0x0d, 0x80, 0x02,
    0xfa, 0x7e, 0xcc, 0x50, 0x0e, 0xcc, 0x89, 0x0b, 0x14, 0x0e, 0x80, 0x02, 0x0a, 0x7f, 0xd7, 0x50, 0x0e, 0xcc, 0x91,
    0x0b, 0x34, 0x0e, 0x80, 0x02, 0x1a, 0x7f, 0xda, 0x50, 0x0e, 0xcc, 0x99, 0x0b, 0x54, 0x0e, 0x80, 0x02, 0x2a, 0x7f,
    0xd0, 0x50, 0x0e, 0xcc, 0xa1, 0x0b, 0x74, 0x0e, 0x80, 0x02, 0x3a, 0x7f, 0xdb, 0x50, 0x0e, 0xcc, 0xa9, 0x0b, 0x94,
    0x0e, 0x80, 0x02, 0x4a, 0x7f, 0xdf, 0x50, 0x0e, 0xcc, 0xc1, 0x0b, 0xf4, 0x0e, 0x80, 0x02, 0x7a, 0x7f, 0xe2, 0x50,
    0x0e, 0xcc, 0xc9, 0x0b, 0x14, 0x0f, 0x80, 0x02, 0x8a, 0x7f, 0xd8, 0x50, 0x0e, 0xcc, 0xd1, 0x0b, 0x34, 0x0f, 0x80,
    0x02, 0x9a, 0x7f, 0xe3, 0x50, 0x0e, 0xcc, 0xd9, 0x0b, 0x54, 0x0f, 0x80, 0x02, 0xaa, 0x7f, 0xe6, 0x50, 0x0e, 0xcc,
    0xe1, 0x0b, 0x74, 0x0f, 0x80, 0x02, 0xba, 0x7f, 0xdc, 0x50, 0x0e, 0xcc, 0xe9, 0x0b, 0x94, 0x0f, 0x80, 0x02, 0xca,
    0x7f, 0xd6, 0x58, 0x0e, 0xcc, 0x81, 0x0b, 0x58, 0x17, 0x80, 0x02, 0x02, 0x7f, 0xcc, 0x58, 0x0e, 0xcc, 0x89, 0x0b,
    0x30, 0x17, 0x80, 0x02, 0x12, 0x7f, 0xd7, 0x58, 0x0e, 0xcc, 0x91, 0x0b, 0x5c, 0x17, 0x80, 0x02, 0x22, 0x7f, 0xda,
    0x58, 0x0e, 0xcc, 0x99, 0x0b, 0x68, 0x17, 0x80, 0x02, 0x32, 0x7f, 0xd0, 0x58, 0x0e, 0xcc, 0xa1, 0x0b, 0x40, 0x17,
    0x80, 0x02, 0x42, 0x7f, 0xdb, 0x58, 0x0e, 0xcc, 0xa9, 0x0b, 0x6c, 0x17, 0x80, 0x02, 0x52, 0x7f, 0xdf, 0x58, 0x0e,
    0xcc, 0xc1, 0x0b, 0x7c, 0x17, 0x80, 0x02, 0x82, 0x7f, 0xe2, 0x58, 0x0e, 0xcc, 0xc9, 0x0b, 0x88, 0x17, 0x80, 0x02,
    0x92, 0x7f, 0xd8, 0x58, 0x0e, 0xcc, 0xd1, 0x0b, 0x60, 0x17, 0x80, 0x02, 0xa2, 0x7f, 0xe3, 0x58, 0x0e, 0xcc, 0xd9,
    0x0b, 0x8c, 0x17, 0x80, 0x02, 0xb2, 0x7f, 0xe6, 0x58, 0x0e, 0xcc, 0xe1, 0x0b, 0x98, 0x17, 0x80, 0x02, 0xc2, 0x7f,
    0xdc, 0x58, 0x0e, 0xcc, 0xe9, 0x0b, 0x70, 0x17, 0x80, 0x02, 0xd2, 0x7f, 0x0f, 0x00, 0xa1, 0xbf, 0x10, 0xe0, 0xd4,
    0xd8, 0xd6, 0x00, 0x00, 0xd6, 0x10, 0xe0, 0xd4, 0xd8, 0xcc, 0x00, 0x00, 0xcc, 0x10, 0xe0, 0xd4, 0xd8, 0xd7, 0x00,
    0x00, 0xd7, 0x10, 0xe0, 0xd4, 0xd8, 0xda, 0x00, 0x00, 0xda, 0x10, 0xe0, 0xd4, 0xd8, 0xd0, 0x00, 0x00, 0xd0, 0x10,
    0xe0, 0xd4, 0xd8, 0xdb, 0x00, 0x00, 0xdb, 0x10, 0xe0, 0xd4, 0xd8, 0xde, 0x00, 0x00, 0xde, 0x10, 0xe0, 0xd4, 0xd8,
    0xd4, 0x00, 0x00, 0xd4, 0x10, 0xe0, 0xd4, 0xd8, 0xdf, 0x00, 0x00, 0xdf, 0x10, 0xe0, 0xd4, 0xd8, 0xe2, 0x00, 0x00,
    0xe2, 0x10, 0xe0, 0xd4, 0xd8, 0xd8, 0x00, 0x00, 0xd8, 0x10, 0xe0, 0xd4, 0xd8, 0xe3, 0x00, 0x00, 0xe3, 0x10, 0xe0,
    0xd4, 0xd8, 0xe6, 0x00, 0x00, 0xe6, 0x10, 0xe0, 0xd4, 0xd8, 0xdc, 0x00, 0x00, 0xdc, 0x10, 0xe0, 0xd4, 0xd8, 0xe7,
    0x00, 0x00, 0xe7, 0x10, 0xe0, 0xd4, 0xd8, 0xea, 0x00, 0x00, 0xea, 0x81, 0x88, 0xc1, 0x35, 0x94, 0x88, 0xc9, 0x35,
    0xe0, 0x62, 0x0f, 0xd7, 0xe0, 0xc1, 0x03, 0x00, 0xe0, 0x5e, 0x0f, 0xd7, 0xe0, 0xc1, 0x03, 0x00, 0x1a, 0x62, 0x28,
    0x80, 0x1b, 0x63, 0x29, 0x82, 0xe0, 0x60, 0x0f, 0xd7, 0xe0, 0xc1, 0x03, 0x00, 0x14, 0x28, 0xac, 0x97, 0x80, 0x29,
    0x2d, 0x82, 0x14, 0x2c, 0xb0, 0x97, 0x80, 0x2d, 0x31, 0x82, 0x14, 0x30, 0xb4, 0x97, 0x80, 0x31, 0x35, 0x82, 0x02,
    0x00, 0x8f, 0xbf, 0x5e, 0x3b, 0xda, 0xbe, 0x60, 0x3b, 0xdc, 0xbe, 0x5f, 0x3b, 0xde, 0xbe, 0x61, 0x3b, 0xe0, 0xbe,
    0x5a, 0x10, 0xd6, 0xbe, 0x5c, 0x10, 0xd7, 0xbe, 0xe8, 0x00, 0x65, 0xd7, 0x5a, 0x00, 0x01, 0x00, 0xeb, 0x00, 0x65,
    0xd7, 0x5c, 0x00, 0x01, 0x00, 0xec, 0x00, 0x65, 0xd7, 0x5e, 0xac, 0x00, 0x00, 0xee, 0x00, 0x65, 0xd7, 0x60, 0xae,
    0x00, 0x00, 0xe8, 0x00, 0x66, 0xd7, 0x5b, 0xd0, 0x03, 0x00, 0xeb, 0x00, 0x66, 0xd7, 0x5d, 0xd6, 0x03, 0x00, 0xec,
    0x00, 0x66, 0xd7, 0x5f, 0xd8, 0x03, 0x00, 0xee, 0x00, 0x66, 0xd7, 0x61, 0xdc, 0x03, 0x00, 0x81, 0xd0, 0xd1, 0x2d,
    0x81, 0xd6, 0xd7, 0x2d, 0x81, 0xd8, 0xd9, 0x2d, 0x81, 0xdc, 0xdd, 0x2d, 0xb4, 0x00, 0x42, 0xd5, 0xe8, 0x2d, 0x70,
    0x06, 0xbc, 0x00, 0x42, 0xd5, 0xec, 0x2d, 0x80, 0x06, 0xb4, 0x00, 0x42, 0xd5, 0xeb, 0x2f, 0xd0, 0x06, 0xbc, 0x00,
    0x42, 0xd5, 0xee, 0x2f, 0xf0, 0x06, 0xb8, 0x6a, 0x0f, 0xd7, 0xb4, 0x2b, 0x00, 0x00, 0xc0, 0x6a, 0x0f, 0xd7, 0xbc,
    0x2b, 0x00, 0x00, 0xe4, 0x6a, 0x0f, 0xd7, 0xe4, 0xc9, 0x03, 0x00, 0xb4, 0x00, 0x01, 0xd5, 0xb4, 0x83, 0xa9, 0x01,
    0xe4, 0x6a, 0x0f, 0xd7, 0xe4, 0xc9, 0x03, 0x00, 0xb8, 0x00, 0x01, 0xd5, 0xb8, 0x83, 0xa9, 0x01, 0xe4, 0x6a, 0x0f,
    0xd7, 0xe4, 0xc9, 0x03, 0x00, 0xbc, 0x00, 0x01, 0xd5, 0xbc, 0x83, 0xa9, 0x01, 0xe4, 0x6a, 0x0f, 0xd7, 0xe4, 0xc9,
    0x03, 0x00, 0xc0, 0x00, 0x01, 0xd5, 0xc0, 0x83, 0xa9, 0x01, 0x7f, 0xc0, 0x8c, 0xbf, 0xfa, 0x06, 0xac, 0x79, 0xcc,
    0xb1, 0x00, 0xff, 0xfa, 0x06, 0xae, 0x79, 0xda, 0xb1, 0x00, 0xff, 0xfa, 0x06, 0xa0, 0x79, 0xdb, 0xb1, 0x00, 0xff,
    0xfa, 0x06, 0xbe, 0x79, 0xe2, 0xb1, 0x00, 0xff, 0xfa, 0x06, 0xb0, 0x79, 0xe3, 0xb1, 0x00, 0xff, 0xfa, 0x06, 0xcc,
    0x79, 0xdc, 0xb1, 0x00, 0xff, 0xcc, 0x05, 0xac, 0x79, 0xda, 0x05, 0xae, 0x79, 0xdb, 0x05, 0xa0, 0x79, 0xe2, 0x05,
    0xbe, 0x79, 0xe3, 0x05, 0xb0, 0x79, 0xdc, 0x05, 0xcc, 0x79, 0xd6, 0x00, 0x0f, 0xcc, 0x3d, 0xac, 0x03, 0x18, 0xd7,
    0x00, 0x0f, 0xcc, 0x3e, 0xae, 0x03, 0x18, 0xd0, 0x00, 0x0f, 0xcc, 0x3f, 0xa0, 0x03, 0x18, 0xdf, 0x00, 0x0f, 0xcc,
    0x3d, 0xbe, 0x03, 0x18, 0xd8, 0x00, 0x0f, 0xcc, 0x3e, 0xb0, 0x03, 0x18, 0xe6, 0x00, 0x0f, 0xcc, 0x3f, 0xcc, 0x03,
    0x18, 0xcc, 0x00, 0x10, 0xcc, 0x1e, 0xac, 0x03, 0x18, 0xda, 0x00, 0x10, 0xcc, 0x1e, 0xae, 0x03, 0x18, 0xdb, 0x00,
    0x10, 0xcc, 0x1e, 0xa0, 0x03, 0x18, 0xe2, 0x00, 0x10, 0xcc, 0x1e, 0xbe, 0x03, 0x18, 0xe3, 0x00, 0x10, 0xcc, 0x1e,
    0xb0, 0x03, 0x18, 0xdc, 0x00, 0x10, 0xcc, 0x1e, 0xcc, 0x03, 0x18, 0xd6, 0x00, 0x11, 0xcc, 0xd6, 0x99, 0x03, 0x18,
    0xd7, 0x00, 0x11, 0xcc, 0xd7, 0xb5, 0x03, 0x18, 0xd0, 0x00, 0x11, 0xcc, 0xd0, 0xb7, 0x03, 0x18, 0xdf, 0x00, 0x11,
    0xcc, 0xdf, 0xc5, 0x03, 0x18, 0xd8, 0x00, 0x11, 0xcc, 0xd8, 0xc7, 0x03, 0x18, 0xe6, 0x00, 0x11, 0xcc, 0xe6, 0xb9,
    0x03, 0x18, 0x00, 0x10, 0x68, 0xe0, 0xb4, 0xd6, 0x0a, 0x80, 0x00, 0x10, 0x6c, 0xe0, 0xb8, 0xd6, 0x0a, 0x80, 0x00,
    0x10, 0x68, 0xe0, 0xbc, 0xdf, 0x0a, 0x80, 0x00, 0x10, 0x6c, 0xe0, 0xc0, 0xdf, 0x0a, 0x80, 0x00, 0x10, 0x68, 0xe0,
    0xb4, 0xd7, 0x0b, 0x80, 0x00, 0x10, 0x6c, 0xe0, 0xb8, 0xd7, 0x0b, 0x80, 0x00, 0x10, 0x68, 0xe0, 0xbc, 0xd8, 0x0b,
    0x80, 0x00, 0x10, 0x6c, 0xe0, 0xc0, 0xd8, 0x0b, 0x80, 0x00, 0x10, 0x68, 0xe0, 0xb4, 0xd0, 0x0c, 0x80, 0x00, 0x10,
    0x6c, 0xe0, 0xb8, 0xd0, 0x0c, 0x80, 0x00, 0x10, 0x68, 0xe0, 0xbc, 0xe6, 0x0c, 0x80, 0x00, 0x10, 0x6c, 0xe0, 0xc0,
    0xe6, 0x0c, 0x80, 0x0a, 0xff, 0x7c, 0x80, 0x38, 0xc4, 0x00, 0x00, 0x00, 0x00, 0xc4, 0xda, 0x00, 0x00, 0x00, 0xc4,
    0x0a, 0xff, 0x8a, 0x80, 0x00, 0x01, 0x00, 0x00, 0xff, 0x0a, 0x0a, 0x85, 0x00, 0x15, 0x00, 0x00, 0x00, 0x00, 0x8f,
    0xbf, 0x00, 0x00, 0x80, 0xbf, 0x54, 0x20, 0x80, 0xbe, 0x00, 0x00, 0x80, 0xbf, 0x00, 0x00, 0x80, 0xbf, 0x00, 0x00,
    0x80, 0xbf, 0x00, 0x00, 0x80, 0xbf, 0x00, 0x00, 0x80, 0xbf, 0x00, 0x00, 0x80, 0xbf, 0x00, 0x00, 0x80, 0xbf, 0x00,
    0x00, 0x80, 0xbf, 0x00, 0x00, 0x80, 0xbf, 0x00, 0x00, 0x80, 0xbf, 0x00, 0x00, 0x80, 0xbf, 0x00, 0x00, 0x80, 0xbf,
    0x00, 0x00, 0x80, 0xbf, 0x00, 0x00, 0x80, 0xbf, 0x00, 0x00, 0x80, 0xbf, 0x00, 0x00, 0x80, 0xbf, 0x00, 0x00, 0x80,
    0xbf, 0x00, 0x00, 0x80, 0xbf, 0x00, 0x00, 0x80, 0xbf, 0x00, 0x00, 0x80, 0xbf, 0x00, 0x00, 0x80, 0xbf, 0x00, 0x00,
    0x80, 0xbf, 0x00, 0x00, 0x80, 0xbf, 0x00, 0x00, 0x80, 0xbf, 0x00, 0x00, 0x80, 0xbf, 0x00, 0x00, 0x80, 0xbf, 0x00,
    0x00, 0x80, 0xbf, 0x00, 0x00, 0x80, 0xbf, 0x00, 0x00, 0x80, 0xbf, 0x00, 0x00, 0x80, 0xbf, 0x00, 0x00, 0x80, 0xbf,
    0x00, 0x00, 0x80, 0xbf, 0x00, 0x00, 0x80, 0xbf, 0x00, 0x00, 0x80, 0xbf, 0x00, 0x00, 0x80, 0xbf, 0x00, 0x00, 0x80,
    0xbf, 0x00, 0x00, 0x80, 0xbf, 0x00, 0x00, 0x80, 0xbf, 0x00, 0x00, 0x80, 0xbf, 0x00, 0x00, 0x80, 0xbf, 0x00, 0x00,
    0x80, 0xbf, 0x00, 0x00, 0x80, 0xbf, 0x00, 0x00, 0x80, 0xbf, 0x00, 0x00, 0x80, 0xbf, 0x00, 0x00, 0x80, 0xbf, 0x00,
    0x00, 0x80, 0xbf, 0x00, 0x00, 0x80, 0xbf, 0x00, 0x00, 0x80, 0xbf, 0x00, 0x00, 0x80, 0xbf, 0x00, 0x00, 0x80, 0xbf,
    0x00, 0x00, 0x80, 0xbf, 0x00, 0x00, 0x80, 0xbf, 0x00, 0x00, 0x80, 0xbf, 0x00, 0x00, 0x80, 0xbf, 0x00, 0x00, 0x80,
    0xbf, 0x00, 0x00, 0x80, 0xbf, 0x00, 0x00, 0x80, 0xbf, 0x00, 0x00, 0x80, 0xbf, 0x00, 0x00, 0x80, 0xbf, 0x00, 0x00,
    0x80, 0xbf, 0x00, 0x00, 0x80, 0xbf, 0x00, 0x00, 0x80, 0xbf, 0x00, 0x00, 0x80, 0xbf, 0x00, 0x00, 0x80, 0xbf, 0x00,
    0x00, 0x80, 0xbf, 0x00, 0x00, 0x80, 0xbf, 0x00, 0x00, 0x80, 0xbf, 0x00, 0x00, 0x80, 0xbf, 0x00, 0x00, 0x80, 0xbf,
    0x00, 0x00, 0x80, 0xbf, 0x00, 0x00, 0x80, 0xbf, 0x00, 0x00, 0x80, 0xbf, 0x00, 0x00, 0x80, 0xbf, 0x00, 0x00, 0x80,
    0xbf, 0x00, 0x00, 0x80, 0xbf, 0x00, 0x00, 0x80, 0xbf, 0x00, 0x00, 0x80, 0xbf, 0x00, 0x00, 0x80, 0xbf, 0x00, 0x00,
    0x80, 0xbf, 0x00, 0x00, 0x80, 0xbf, 0x00, 0x00, 0x80, 0xbf, 0x00, 0x00, 0x80, 0xbf, 0x00, 0x00, 0x80, 0xbf, 0x00,
    0x00, 0x80, 0xbf, 0x00, 0x00, 0x80, 0xbf, 0x00, 0x00, 0x80, 0xbf, 0x00, 0x00, 0x80, 0xbf, 0x00, 0x00, 0x80, 0xbf,
    0x00, 0x00, 0x80, 0xbf, 0x00, 0x00, 0x80, 0xbf, 0x00, 0x00, 0x80, 0xbf, 0x00, 0x00, 0x80, 0xbf, 0x00, 0x00, 0x80,
    0xbf, 0x00, 0x00, 0x80, 0xbf, 0x00, 0x00, 0x80, 0xbf, 0x00, 0x00, 0x80, 0xbf, 0x00, 0x00, 0x80, 0xbf, 0x00, 0x00,
    0x80, 0xbf, 0x00, 0x00, 0x80, 0xbf, 0x00, 0x00, 0x80, 0xbf, 0x00, 0x00, 0x80, 0xbf, 0x00, 0x00, 0x80, 0xbf, 0x00,
    0x00, 0x80, 0xbf, 0x00, 0x00, 0x80, 0xbf, 0x00, 0x00, 0x80, 0xbf, 0x42, 0x0e, 0xc2, 0x80, 0x4a, 0x4c, 0xcc, 0x85,
    0x81, 0x0c, 0x7d, 0x87, 0x0c, 0x80, 0x50, 0x82, 0x4f, 0x50, 0x09, 0xbf, 0x50, 0x4f, 0x4e, 0x85, 0x46, 0x48, 0xc4,
    0x85, 0x4f, 0x80, 0x06, 0xbf, 0x48, 0x4c, 0xd4, 0x85, 0x4f, 0x4e, 0xcf, 0x80, 0x50, 0x4e, 0xd0, 0x80, 0x4e, 0x81,
    0xce, 0x80, 0x03, 0x00, 0x8f, 0xbf, 0xd6, 0x50, 0x0e, 0xcc, 0x81, 0x0b, 0xf4, 0x0d, 0x80, 0x02, 0xfa, 0x7e, 0xcc,
    0x50, 0x0e, 0xcc, 0x89, 0x0b, 0x14, 0x0e, 0x80, 0x02, 0x0a, 0x7f, 0xd7, 0x50, 0x0e, 0xcc, 0x91, 0x0b, 0x34, 0x0e,
    0x80, 0x02, 0x1a, 0x7f, 0xda, 0x50, 0x0e, 0xcc, 0x99, 0x0b, 0x54, 0x0e, 0x80, 0x02, 0x2a, 0x7f, 0xd0, 0x50, 0x0e,
    0xcc, 0xa1, 0x0b, 0x74, 0x0e, 0x80, 0x02, 0x3a, 0x7f, 0xdb, 0x50, 0x0e, 0xcc, 0xa9, 0x0b, 0x94, 0x0e, 0x80, 0x02,
    0x4a, 0x7f, 0xdf, 0x50, 0x0e, 0xcc, 0xc1, 0x0b, 0xf4, 0x0e, 0x80, 0x02, 0x7a, 0x7f, 0xe2, 0x50, 0x0e, 0xcc, 0xc9,
    0x0b, 0x14, 0x0f, 0x80, 0x02, 0x8a, 0x7f, 0xd8, 0x50, 0x0e, 0xcc, 0xd1, 0x0b, 0x34, 0x0f, 0x80, 0x02, 0x9a, 0x7f,
    0xe3, 0x50, 0x0e, 0xcc, 0xd9, 0x0b, 0x54, 0x0f, 0x80, 0x02, 0xaa, 0x7f, 0xe6, 0x50, 0x0e, 0xcc, 0xe1, 0x0b, 0x74,
    0x0f, 0x80, 0x02, 0xba, 0x7f, 0xdc, 0x50, 0x0e, 0xcc, 0xe9, 0x0b, 0x94, 0x0f, 0x80, 0x02, 0xca, 0x7f, 0xd6, 0x58,
    0x0e, 0xcc, 0x81, 0x0b, 0x58, 0x17, 0x80, 0x02, 0x02, 0x7f, 0xcc, 0x58, 0x0e, 0xcc, 0x89, 0x0b, 0x30, 0x17, 0x80,
    0x02, 0x12, 0x7f, 0xd7, 0x58, 0x0e, 0xcc, 0x91, 0x0b, 0x5c, 0x17, 0x80, 0x02, 0x22, 0x7f, 0xda, 0x58, 0x0e, 0xcc,
    0x99, 0x0b, 0x68, 0x17, 0x80, 0x02, 0x32, 0x7f, 0xd0, 0x58, 0x0e, 0xcc, 0xa1, 0x0b, 0x40, 0x17, 0x80, 0x02, 0x42,
    0x7f, 0xdb, 0x58, 0x0e, 0xcc, 0xa9, 0x0b, 0x6c, 0x17, 0x80, 0x02, 0x52, 0x7f, 0xdf, 0x58, 0x0e, 0xcc, 0xc1, 0x0b,
    0x7c, 0x17, 0x80, 0x02, 0x82, 0x7f, 0xe2, 0x58, 0x0e, 0xcc, 0xc9, 0x0b, 0x88, 0x17, 0x80, 0x02, 0x92, 0x7f, 0xd8,
    0x58, 0x0e, 0xcc, 0xd1, 0x0b, 0x60, 0x17, 0x80, 0x02, 0xa2, 0x7f, 0xe3, 0x58, 0x0e, 0xcc, 0xd9, 0x0b, 0x8c, 0x17,
    0x80, 0x02, 0xb2, 0x7f, 0xe6, 0x58, 0x0e, 0xcc, 0xe1, 0x0b, 0x98, 0x17, 0x80, 0x02, 0xc2, 0x7f, 0xdc, 0x58, 0x0e,
    0xcc, 0xe9, 0x0b, 0x70, 0x17, 0x80, 0x02, 0xd2, 0x7f, 0x0f, 0x00, 0xa1, 0xbf, 0x10, 0xe0, 0xd4, 0xd8, 0xd6, 0x00,
    0x00, 0xd6, 0x10, 0xe0, 0xd4, 0xd8, 0xcc, 0x00, 0x00, 0xcc, 0x10, 0xe0, 0xd4, 0xd8, 0xd7, 0x00, 0x00, 0xd7, 0x10,
    0xe0, 0xd4, 0xd8, 0xda, 0x00, 0x00, 0xda, 0x10, 0xe0, 0xd4, 0xd8, 0xd0, 0x00, 0x00, 0xd0, 0x10, 0xe0, 0xd4, 0xd8,
    0xdb, 0x00, 0x00, 0xdb, 0x10, 0xe0, 0xd4, 0xd8, 0xde, 0x00, 0x00, 0xde, 0x10, 0xe0, 0xd4, 0xd8, 0xd4, 0x00, 0x00,
    0xd4, 0x10, 0xe0, 0xd4, 0xd8, 0xdf, 0x00, 0x00, 0xdf, 0x10, 0xe0, 0xd4, 0xd8, 0xe2, 0x00, 0x00, 0xe2, 0x10, 0xe0,
    0xd4, 0xd8, 0xd8, 0x00, 0x00, 0xd8, 0x10, 0xe0, 0xd4, 0xd8, 0xe3, 0x00, 0x00, 0xe3, 0x10, 0xe0, 0xd4, 0xd8, 0xe6,
    0x00, 0x00, 0xe6, 0x10, 0xe0, 0xd4, 0xd8, 0xdc, 0x00, 0x00, 0xdc, 0x10, 0xe0, 0xd4, 0xd8, 0xe7, 0x00, 0x00, 0xe7,
    0x10, 0xe0, 0xd4, 0xd8, 0xea, 0x00, 0x00, 0xea, 0x81, 0x88, 0xc1, 0x35, 0x94, 0x88, 0xc9, 0x35, 0xe0, 0x62, 0x0f,
    0xd7, 0xe0, 0xc1, 0x03, 0x00, 0xe0, 0x5e, 0x0f, 0xd7, 0xe0, 0xc1, 0x03, 0x00, 0x1a, 0x62, 0x28, 0x80, 0x1b, 0x63,
    0x29, 0x82, 0xe0, 0x60, 0x0f, 0xd7, 0xe0, 0xc1, 0x03, 0x00, 0x14, 0x28, 0xac, 0x97, 0x80, 0x29, 0x2d, 0x82, 0x14,
    0x2c, 0xb0, 0x97, 0x80, 0x2d, 0x31, 0x82, 0x14, 0x30, 0xb4, 0x97, 0x80, 0x31, 0x35, 0x82, 0x02, 0x00, 0x8f, 0xbf,
    0x5e, 0x3b, 0xda, 0xbe, 0x60, 0x3b, 0xdc, 0xbe, 0x5f, 0x3b, 0xde, 0xbe, 0x61, 0x3b, 0xe0, 0xbe, 0x5a, 0x10, 0xd6,
    0xbe, 0x5c, 0x10, 0xd7, 0xbe, 0xe8, 0x00, 0x65, 0xd7, 0x5a, 0x00, 0x01, 0x00, 0xeb, 0x00, 0x65, 0xd7, 0x5c, 0x00,
    0x01, 0x00, 0xec, 0x00, 0x65, 0xd7, 0x5e, 0xac, 0x00, 0x00, 0xee, 0x00, 0x65, 0xd7, 0x60, 0xae, 0x00, 0x00, 0xe8,
    0x00, 0x66, 0xd7, 0x5b, 0xd0, 0x03, 0x00, 0xeb, 0x00, 0x66, 0xd7, 0x5d, 0xd6, 0x03, 0x00, 0xec, 0x00, 0x66, 0xd7,
    0x5f, 0xd8, 0x03, 0x00, 0xee, 0x00, 0x66, 0xd7, 0x61, 0xdc, 0x03, 0x00, 0x81, 0xd0, 0xd1, 0x2d, 0x81, 0xd6, 0xd7,
    0x2d, 0x81, 0xd8, 0xd9, 0x2d, 0x81, 0xdc, 0xdd, 0x2d, 0xb4, 0x00, 0x42, 0xd5, 0xe8, 0x2d, 0x70, 0x06, 0xbc, 0x00,
    0x42, 0xd5, 0xec, 0x2d, 0x80, 0x06, 0xb4, 0x00, 0x42, 0xd5, 0xeb, 0x2f, 0xd0, 0x06, 0xbc, 0x00, 0x42, 0xd5, 0xee,
    0x2f, 0xf0, 0x06, 0xb8, 0x6a, 0x0f, 0xd7, 0xb4, 0x2b, 0x00, 0x00, 0xc0, 0x6a, 0x0f, 0xd7, 0xbc, 0x2b, 0x00, 0x00,
    0xe4, 0x6a, 0x0f, 0xd7, 0xe4, 0xc9, 0x03, 0x00, 0xb4, 0x00, 0x01, 0xd5, 0xb4, 0x83, 0xa9, 0x01, 0xe4, 0x6a, 0x0f,
    0xd7, 0xe4, 0xc9, 0x03, 0x00, 0xb8, 0x00, 0x01, 0xd5, 0xb8, 0x83, 0xa9, 0x01, 0xe4, 0x6a, 0x0f, 0xd7, 0xe4, 0xc9,
    0x03, 0x00, 0xbc, 0x00, 0x01, 0xd5, 0xbc, 0x83, 0xa9, 0x01, 0xe4, 0x6a, 0x0f, 0xd7, 0xe4, 0xc9, 0x03, 0x00, 0xc0,
    0x00, 0x01, 0xd5, 0xc0, 0x83, 0xa9, 0x01, 0x7f, 0xc0, 0x8c, 0xbf, 0xfa, 0x06, 0xac, 0x79, 0xcc, 0xb1, 0x00, 0xff,
    0xfa, 0x06, 0xae, 0x79, 0xda, 0xb1, 0x00, 0xff, 0xfa, 0x06, 0xa0, 0x79, 0xdb, 0xb1, 0x00, 0xff, 0xfa, 0x06, 0xbe,
    0x79, 0xe2, 0xb1, 0x00, 0xff, 0xfa, 0x06, 0xb0, 0x79, 0xe3, 0xb1, 0x00, 0xff, 0xfa, 0x06, 0xcc, 0x79, 0xdc, 0xb1,
    0x00, 0xff, 0xcc, 0x05, 0xac, 0x79, 0xda, 0x05, 0xae, 0x79, 0xdb, 0x05, 0xa0, 0x79, 0xe2, 0x05, 0xbe, 0x79, 0xe3,
    0x05, 0xb0, 0x79, 0xdc, 0x05, 0xcc, 0x79, 0xd6, 0x00, 0x0f, 0xcc, 0x3d, 0xac, 0x03, 0x18, 0xd7, 0x00, 0x0f, 0xcc,
    0x3e, 0xae, 0x03, 0x18, 0xd0, 0x00, 0x0f, 0xcc, 0x3f, 0xa0, 0x03, 0x18, 0xdf, 0x00, 0x0f, 0xcc, 0x3d, 0xbe, 0x03,
    0x18, 0xd8, 0x00, 0x0f, 0xcc, 0x3e, 0xb0, 0x03, 0x18, 0xe6, 0x00, 0x0f, 0xcc, 0x3f, 0xcc, 0x03, 0x18, 0xd6, 0x00,
    0x10, 0xcc, 0xff, 0xac, 0x03, 0x10, 0xc5, 0xbd, 0xc5, 0xbd, 0xd7, 0x00, 0x10, 0xcc, 0xff, 0xae, 0x03, 0x10, 0xc5,
    0xbd, 0xc5, 0xbd, 0xd0, 0x00, 0x10, 0xcc, 0xff, 0xa0, 0x03, 0x10, 0xc5, 0xbd, 0xc5, 0xbd, 0xdf, 0x00, 0x10, 0xcc,
    0xff, 0xbe, 0x03, 0x10, 0xc5, 0xbd, 0xc5, 0xbd, 0xd8, 0x00, 0x10, 0xcc, 0xff, 0xb0, 0x03, 0x10, 0xc5, 0xbd, 0xc5,
    0xbd, 0xe6, 0x00, 0x10, 0xcc, 0xff, 0xcc, 0x03, 0x10, 0xc5, 0xbd, 0xc5, 0xbd, 0xf9, 0xb0, 0xac, 0x7f, 0xd6, 0x14,
    0x04, 0x06, 0xf9, 0xb0, 0xae, 0x7f, 0xd7, 0x14, 0x04, 0x06, 0xf9, 0xb0, 0xa0, 0x7f, 0xd0, 0x14, 0x04, 0x06, 0xf9,
    0xb0, 0xbe, 0x7f, 0xdf, 0x14, 0x04, 0x06, 0xf9, 0xb0, 0xb0, 0x7f, 0xd8, 0x14, 0x04, 0x06, 0xf9, 0xb0, 0xcc, 0x7f,
    0xe6, 0x14, 0x04, 0x06, 0xf9, 0xb0, 0xac, 0x7f, 0xd6, 0x15, 0x05, 0x06, 0xf9, 0xb0, 0xae, 0x7f, 0xd7, 0x15, 0x05,
    0x06, 0xf9, 0xb0, 0xa0, 0x7f, 0xd0, 0x15, 0x05, 0x06, 0xf9, 0xb0, 0xbe, 0x7f, 0xdf, 0x15, 0x05, 0x06, 0xf9, 0xb0,
    0xb0, 0x7f, 0xd8, 0x15, 0x05, 0x06, 0xf9, 0xb0, 0xcc, 0x7f, 0xe6, 0x15, 0x05, 0x06, 0xd6, 0x00, 0x0f, 0xcc, 0xff,
    0xac, 0x03, 0x10, 0x00, 0x3c, 0x00, 0x3c, 0xd7, 0x00, 0x0f, 0xcc, 0xff, 0xae, 0x03, 0x10, 0x00, 0x3c, 0x00, 0x3c,
    0xd0, 0x00, 0x0f, 0xcc, 0xff, 0xa0, 0x03, 0x10, 0x00, 0x3c, 0x00, 0x3c, 0xdf, 0x00, 0x0f, 0xcc, 0xff, 0xbe, 0x03,
    0x10, 0x00, 0x3c, 0x00, 0x3c, 0xd8, 0x00, 0x0f, 0xcc, 0xff, 0xb0, 0x03, 0x10, 0x00, 0x3c, 0x00, 0x3c, 0xe6, 0x00,
    0x0f, 0xcc, 0xff, 0xcc, 0x03, 0x10, 0x00, 0x3c, 0x00, 0x3c, 0xf9, 0xa8, 0xac, 0x7f, 0xd6, 0x14, 0x04, 0x06, 0xf9,
    0xa8, 0xae, 0x7f, 0xd7, 0x14, 0x04, 0x06, 0xf9, 0xa8, 0xa0, 0x7f, 0xd0, 0x14, 0x04, 0x06, 0xf9, 0xa8, 0xbe, 0x7f,
    0xdf, 0x14, 0x04, 0x06, 0xf9, 0xa8, 0xb0, 0x7f, 0xd8, 0x14, 0x04, 0x06, 0xf9, 0xa8, 0xcc, 0x7f, 0xe6, 0x14, 0x04,
    0x06, 0xf9, 0xa8, 0xac, 0x7f, 0xd6, 0x15, 0x05, 0x06, 0xf9, 0xa8, 0xae, 0x7f, 0xd7, 0x15, 0x05, 0x06, 0xf9, 0xa8,
    0xa0, 0x7f, 0xd0, 0x15, 0x05, 0x06, 0xf9, 0xa8, 0xbe, 0x7f, 0xdf, 0x15, 0x05, 0x06, 0xf9, 0xa8, 0xb0, 0x7f, 0xd8,
    0x15, 0x05, 0x06, 0xf9, 0xa8, 0xcc, 0x7f, 0xe6, 0x15, 0x05, 0x06, 0x00, 0x10, 0x68, 0xe0, 0xb4, 0xd6, 0x0a, 0x80,
    0x00, 0x10, 0x6c, 0xe0, 0xb8, 0xd6, 0x0a, 0x80, 0x00, 0x10, 0x68, 0xe0, 0xbc, 0xdf, 0x0a, 0x80, 0x00, 0x10, 0x6c,
    0xe0, 0xc0, 0xdf, 0x0a, 0x80, 0x00, 0x10, 0x68, 0xe0, 0xb4, 0xd7, 0x0b, 0x80, 0x00, 0x10, 0x6c, 0xe0, 0xb8, 0xd7,
    0x0b, 0x80, 0x00, 0x10, 0x68, 0xe0, 0xbc, 0xd8, 0x0b, 0x80, 0x00, 0x10, 0x6c, 0xe0, 0xc0, 0xd8, 0x0b, 0x80, 0x00,
    0x10, 0x68, 0xe0, 0xb4, 0xd0, 0x0c, 0x80, 0x00, 0x10, 0x6c, 0xe0, 0xb8, 0xd0, 0x0c, 0x80, 0x00, 0x10, 0x68, 0xe0,
    0xbc, 0xe6, 0x0c, 0x80, 0x00, 0x10, 0x6c, 0xe0, 0xc0, 0xe6, 0x0c, 0x80, 0x0a, 0xff, 0x7c, 0x80, 0x38, 0xc4, 0x00,
    0x00, 0x00, 0x00, 0xc4, 0xda, 0x00, 0x00, 0x00, 0xc4, 0x0a, 0xff, 0x8a, 0x80, 0x00, 0x01, 0x00, 0x00, 0xff, 0x0a,
    0x0a, 0x85, 0x00, 0x15, 0x00, 0x00, 0x00, 0x00, 0x8f, 0xbf, 0x00, 0x00, 0x80, 0xbf, 0x54, 0x20, 0x80, 0xbe, 0x00,
    0x00, 0x80, 0xbf, 0x00, 0x00, 0x80, 0xbf, 0x00, 0x00, 0x80, 0xbf, 0x00, 0x00, 0x80, 0xbf, 0x00, 0x00, 0x80, 0xbf,
    0x00, 0x00, 0x80, 0xbf, 0x00, 0x00, 0x80, 0xbf, 0x00, 0x00, 0x80, 0xbf, 0x00, 0x00, 0x80, 0xbf, 0x00, 0x00, 0x80,
    0xbf, 0x00, 0x00, 0x80, 0xbf, 0x00, 0x00, 0x80, 0xbf, 0x00, 0x00, 0x80, 0xbf, 0x00, 0x00, 0x80, 0xbf, 0x00, 0x00,
    0x80, 0xbf, 0x00, 0x00, 0x80, 0xbf, 0x00, 0x00, 0x80, 0xbf, 0x00, 0x00, 0x80, 0xbf, 0x00, 0x00, 0x80, 0xbf, 0x00,
    0x00, 0x80, 0xbf, 0x00, 0x00, 0x80, 0xbf, 0x00, 0x00, 0x80, 0xbf, 0x00, 0x00, 0x80, 0xbf, 0x00, 0x00, 0x80, 0xbf,
    0x00, 0x00, 0x80, 0xbf, 0x00, 0x00, 0x80, 0xbf, 0x00, 0x00, 0x80, 0xbf, 0x00, 0x00, 0x80, 0xbf, 0x00, 0x00, 0x80,
    0xbf, 0x00, 0x00, 0x80, 0xbf, 0x00, 0x00, 0x80, 0xbf, 0x00, 0x00, 0x80, 0xbf, 0x00, 0x00, 0x80, 0xbf, 0x00, 0x00,
    0x80, 0xbf, 0x00, 0x00, 0x80, 0xbf, 0x00, 0x00, 0x80, 0xbf, 0x00, 0x00, 0x80, 0xbf, 0x00, 0x00, 0x80, 0xbf, 0x00,
    0x00, 0x80, 0xbf, 0x00, 0x00, 0x80, 0xbf, 0x00, 0x00, 0x80, 0xbf, 0x00, 0x00, 0x80, 0xbf, 0x00, 0x00, 0x80, 0xbf,
    0x00, 0x00, 0x80, 0xbf, 0x00, 0x00, 0x80, 0xbf, 0x42, 0x0e, 0xc2, 0x80, 0x4a, 0x4c, 0xcc, 0x85, 0x81, 0x0c, 0x7d,
    0x87, 0x0c, 0x80, 0x50, 0x82, 0x4f, 0x50, 0x09, 0xbf, 0x50, 0x4f, 0x4e, 0x85, 0x46, 0x48, 0xc4, 0x85, 0x4f, 0x80,
    0x06, 0xbf, 0x48, 0x4c, 0xd4, 0x85, 0x4f, 0x4e, 0xcf, 0x80, 0x50, 0x4e, 0xd0, 0x80, 0x4e, 0x81, 0xce, 0x80, 0x03,
    0x00, 0x8f, 0xbf, 0xd6, 0x50, 0x0e, 0xcc, 0x81, 0x0b, 0xf4, 0x0d, 0x80, 0x02, 0xfa, 0x7e, 0xcc, 0x50, 0x0e, 0xcc,
    0x89, 0x0b, 0x14, 0x0e, 0x80, 0x02, 0x0a, 0x7f, 0xd7, 0x50, 0x0e, 0xcc, 0x91, 0x0b, 0x34, 0x0e, 0x80, 0x02, 0x1a,
    0x7f, 0xda, 0x50, 0x0e, 0xcc, 0x99, 0x0b, 0x54, 0x0e, 0x80, 0x02, 0x2a, 0x7f, 0xdf, 0x50, 0x0e, 0xcc, 0xc1, 0x0b,
    0xf4, 0x0e, 0x80, 0x02, 0x7a, 0x7f, 0xe2, 0x50, 0x0e, 0xcc, 0xc9, 0x0b, 0x14, 0x0f, 0x80, 0x02, 0x8a, 0x7f, 0xd8,
    0x50, 0x0e, 0xcc, 0xd1, 0x0b, 0x34, 0x0f, 0x80, 0x02, 0x9a, 0x7f, 0xe3, 0x50, 0x0e, 0xcc, 0xd9, 0x0b, 0x54, 0x0f,
    0x80, 0x02, 0xaa, 0x7f, 0xd6, 0x58, 0x0e, 0xcc, 0x81, 0x0b, 0x58, 0x17, 0x80, 0x02, 0x02, 0x7f, 0xcc, 0x58, 0x0e,
    0xcc, 0x89, 0x0b, 0x30, 0x17, 0x80, 0x02, 0x12, 0x7f, 0xd7, 0x58, 0x0e, 0xcc, 0x91, 0x0b, 0x5c, 0x17, 0x80, 0x02,
    0x22, 0x7f, 0xda, 0x58, 0x0e, 0xcc, 0x99, 0x0b, 0x68, 0x17, 0x80, 0x02, 0x32, 0x7f, 0xdf, 0x58, 0x0e, 0xcc, 0xc1,
    0x0b, 0x7c, 0x17, 0x80, 0x02, 0x82, 0x7f, 0xe2, 0x58, 0x0e, 0xcc, 0xc9, 0x0b, 0x88, 0x17, 0x80, 0x02, 0x92, 0x7f,
    0xd8, 0x58, 0x0e, 0xcc, 0xd1, 0x0b, 0x60, 0x17, 0x80, 0x02, 0xa2, 0x7f, 0xe3, 0x58, 0x0e, 0xcc, 0xd9, 0x0b, 0x8c,
    0x17, 0x80, 0x02, 0xb2, 0x7f, 0x0f, 0x00, 0xa1, 0xbf, 0x10, 0xe0, 0xd4, 0xd8, 0xd6, 0x00, 0x00, 0xd6, 0x10, 0xe0,
    0xd4, 0xd8, 0xcc, 0x00, 0x00, 0xcc, 0x10, 0xe0, 0xd4, 0xd8, 0xd7, 0x00, 0x00, 0xd7, 0x10, 0xe0, 0xd4, 0xd8, 0xda,
    0x00, 0x00, 0xda, 0x10, 0xe0, 0xd4, 0xd8, 0xd0, 0x00, 0x00, 0xd0, 0x10, 0xe0, 0xd4, 0xd8, 0xdb, 0x00, 0x00, 0xdb,
    0x10, 0xe0, 0xd4, 0xd8, 0xde, 0x00, 0x00, 0xde, 0x10, 0xe0, 0xd4, 0xd8, 0xd4, 0x00, 0x00, 0xd4, 0x10, 0xe0, 0xd4,
    0xd8, 0xdf, 0x00, 0x00, 0xdf, 0x10, 0xe0, 0xd4, 0xd8, 0xe2, 0x00, 0x00, 0xe2, 0x10, 0xe0, 0xd4, 0xd8, 0xd8, 0x00,
    0x00, 0xd8, 0x10, 0xe0, 0xd4, 0xd8, 0xe3, 0x00, 0x00, 0xe3, 0x10, 0xe0, 0xd4, 0xd8, 0xe6, 0x00, 0x00, 0xe6, 0x10,
    0xe0, 0xd4, 0xd8, 0xdc, 0x00, 0x00, 0xdc, 0x10, 0xe0, 0xd4, 0xd8, 0xe7, 0x00, 0x00, 0xe7, 0x10, 0xe0, 0xd4, 0xd8,
    0xea, 0x00, 0x00, 0xea, 0x81, 0x88, 0xc1, 0x35, 0x94, 0x88, 0xc9, 0x35, 0xe0, 0x62, 0x0f, 0xd7, 0xe0, 0xc1, 0x03,
    0x00, 0xe0, 0x5e, 0x0f, 0xd7, 0xe0, 0xc1, 0x03, 0x00, 0x1a, 0x62, 0x28, 0x80, 0x1b, 0x63, 0x29, 0x82, 0xe0, 0x60,
    0x0f, 0xd7, 0xe0, 0xc1, 0x03, 0x00, 0x14, 0x28, 0xac, 0x97, 0x80, 0x29, 0x2d, 0x82, 0x14, 0x2c, 0xb0, 0x97, 0x80,
    0x2d, 0x31, 0x82, 0x14, 0x30, 0xb4, 0x97, 0x80, 0x31, 0x35, 0x82, 0x02, 0x00, 0x8f, 0xbf, 0x5e, 0x3b, 0xda, 0xbe,
    0x60, 0x3b, 0xdc, 0xbe, 0x5f, 0x3b, 0xde, 0xbe, 0x61, 0x3b, 0xe0, 0xbe, 0x5a, 0x10, 0xd6, 0xbe, 0x5c, 0x10, 0xd7,
    0xbe, 0xe8, 0x00, 0x65, 0xd7, 0x5a, 0x00, 0x01, 0x00, 0xeb, 0x00, 0x65, 0xd7, 0x5c, 0x00, 0x01, 0x00, 0xec, 0x00,
    0x65, 0xd7, 0x5e, 0xac, 0x00, 0x00, 0xee, 0x00, 0x65, 0xd7, 0x60, 0xae, 0x00, 0x00, 0xe8, 0x00, 0x66, 0xd7, 0x5b,
    0xd0, 0x03, 0x00, 0xeb, 0x00, 0x66, 0xd7, 0x5d, 0xd6, 0x03, 0x00, 0xec, 0x00, 0x66, 0xd7, 0x5f, 0xd8, 0x03, 0x00,
    0xee, 0x00, 0x66, 0xd7, 0x61, 0xdc, 0x03, 0x00, 0x81, 0xd0, 0xd1, 0x2d, 0x81, 0xd6, 0xd7, 0x2d, 0x81, 0xd8, 0xd9,
    0x2d, 0x81, 0xdc, 0xdd, 0x2d, 0xb4, 0x00, 0x42, 0xd5, 0xe8, 0x2d, 0x70, 0x06, 0xbc, 0x00, 0x42, 0xd5, 0xec, 0x2d,
    0x80, 0x06, 0xb4, 0x00, 0x42, 0xd5, 0xeb, 0x2f, 0xd0, 0x06, 0xbc, 0x00, 0x42, 0xd5, 0xee, 0x2f, 0xf0, 0x06, 0xb8,
    0x6a, 0x0f, 0xd7, 0xb4, 0x2b, 0x00, 0x00, 0xc0, 0x6a, 0x0f, 0xd7, 0xbc, 0x2b, 0x00, 0x00, 0xe4, 0x6a, 0x0f, 0xd7,
    0xe4, 0xc9, 0x03, 0x00, 0xb4, 0x00, 0x01, 0xd5, 0xb4, 0x83, 0xa9, 0x01, 0xe4, 0x6a, 0x0f, 0xd7, 0xe4, 0xc9, 0x03,
    0x00, 0xb8, 0x00, 0x01, 0xd5, 0xb8, 0x83, 0xa9, 0x01, 0xe4, 0x6a, 0x0f, 0xd7, 0xe4, 0xc9, 0x03, 0x00, 0xbc, 0x00,
    0x01, 0xd5, 0xbc, 0x83, 0xa9, 0x01, 0xe4, 0x6a, 0x0f, 0xd7, 0xe4, 0xc9, 0x03, 0x00, 0xc0, 0x00, 0x01, 0xd5, 0xc0,
    0x83, 0xa9, 0x01, 0x7f, 0xc0, 0x8c, 0xbf, 0xfa, 0x06, 0xac, 0x79, 0xcc, 0xb1, 0x00, 0xff, 0xfa, 0x06, 0xae, 0x79,
    0xda, 0xb1, 0x00, 0xff, 0xfa, 0x06, 0xbe, 0x79, 0xe2, 0xb1, 0x00, 0xff, 0xfa, 0x06, 0xb0, 0x79, 0xe3, 0xb1, 0x00,
    0xff, 0xcc, 0x05, 0xac, 0x79, 0xda, 0x05, 0xae, 0x79, 0xe2, 0x05, 0xbe, 0x79, 0xe3, 0x05, 0xb0, 0x79, 0xd6, 0x00,
    0x0f, 0xcc, 0x3d, 0xac, 0x03, 0x18, 0xd7, 0x00, 0x0f, 0xcc, 0x3e, 0xae, 0x03, 0x18, 0xdf, 0x00, 0x0f, 0xcc, 0x3d,
    0xbe, 0x03, 0x18, 0xd8, 0x00, 0x0f, 0xcc, 0x3e, 0xb0, 0x03, 0x18, 0xcc, 0x00, 0x10, 0xcc, 0x1e, 0xac, 0x03, 0x18,
    0xda, 0x00, 0x10, 0xcc, 0x1e, 0xae, 0x03, 0x18, 0xe2, 0x00, 0x10, 0xcc, 0x1e, 0xbe, 0x03, 0x18, 0xe3, 0x00, 0x10,
    0xcc, 0x1e, 0xb0, 0x03, 0x18, 0xd6, 0x00, 0x12, 0xcc, 0xd6, 0x99, 0x03, 0x18, 0xd7, 0x00, 0x12, 0xcc, 0xd7, 0xb5,
    0x03, 0x18, 0xdf, 0x00, 0x12, 0xcc, 0xdf, 0xc5, 0x03, 0x18, 0xd8, 0x00, 0x12, 0xcc, 0xd8, 0xc7, 0x03, 0x18, 0x00,
    0x10, 0x68, 0xe0, 0xb4, 0xd6, 0x0a, 0x80, 0x00, 0x10, 0x6c, 0xe0, 0xb8, 0xd6, 0x0a, 0x80, 0x00, 0x10, 0x68, 0xe0,
    0xbc, 0xdf, 0x0a, 0x80, 0x00, 0x10, 0x6c, 0xe0, 0xc0, 0xdf, 0x0a, 0x80, 0x00, 0x10, 0x68, 0xe0, 0xb4, 0xd7, 0x0b,
    0x80, 0x00, 0x10, 0x6c, 0xe0, 0xb8, 0xd7, 0x0b, 0x80, 0x00, 0x10, 0x68, 0xe0, 0xbc, 0xd8, 0x0b, 0x80, 0x00, 0x10,
    0x6c, 0xe0, 0xc0, 0xd8, 0x0b, 0x80, 0x0a, 0xff, 0x7c, 0x80, 0x38, 0xc4, 0x00, 0x00, 0x00, 0x00, 0xc4, 0xda, 0x00,
    0x00, 0x00, 0xc4, 0x0a, 0xff, 0x8a, 0x80, 0x00, 0x01, 0x00, 0x00, 0xff, 0x0a, 0x0a, 0x85, 0x00, 0x15, 0x00, 0x00,
    0x00, 0x00, 0x8f, 0xbf, 0x00, 0x00, 0x80, 0xbf, 0x00, 0x00, 0x80, 0xbf, 0x00, 0x00, 0x80, 0xbf, 0x54, 0x20, 0x80,
    0xbe, 0x00, 0x00, 0x80, 0xbf, 0x00, 0x00, 0x80, 0xbf, 0x00, 0x00, 0x80, 0xbf, 0x00, 0x00, 0x80, 0xbf, 0x00, 0x00,
    0x80, 0xbf, 0x00, 0x00, 0x80, 0xbf, 0x00, 0x00, 0x80, 0xbf, 0x00, 0x00, 0x80, 0xbf, 0x00, 0x00, 0x80, 0xbf, 0x00,
    0x00, 0x80, 0xbf, 0x00, 0x00, 0x80, 0xbf, 0x00, 0x00, 0x80, 0xbf, 0x00, 0x00, 0x80, 0xbf, 0x00, 0x00, 0x80, 0xbf,
    0x00, 0x00, 0x80, 0xbf, 0x00, 0x00, 0x80, 0xbf, 0x00, 0x00, 0x80, 0xbf, 0x00, 0x00, 0x80, 0xbf, 0x00, 0x00, 0x80,
    0xbf, 0x00, 0x00, 0x80, 0xbf, 0x00, 0x00, 0x80, 0xbf, 0x00, 0x00, 0x80, 0xbf, 0x00, 0x00, 0x80, 0xbf, 0x00, 0x00,
    0x80, 0xbf, 0x00, 0x00, 0x80, 0xbf, 0x42, 0x0e, 0xc2, 0x80, 0x4a, 0x4c, 0xcc, 0x85, 0x81, 0x0c, 0x7d, 0x87, 0x0c,
    0x80, 0x50, 0x82, 0x4f, 0x50, 0x09, 0xbf, 0x50, 0x4f, 0x4e, 0x85, 0x46, 0x48, 0xc4, 0x85, 0x4f, 0x80, 0x06, 0xbf,
    0x48, 0x4c, 0xd4, 0x85, 0x4f, 0x4e, 0xcf, 0x80, 0x50, 0x4e, 0xd0, 0x80, 0x4e, 0x81, 0xce, 0x80, 0x03, 0x00, 0x8f,
    0xbf, 0xd6, 0x50, 0x0e, 0xcc, 0x81, 0x0b, 0xf4, 0x0d, 0x80, 0x02, 0xfa, 0x7e, 0xcc, 0x50, 0x0e, 0xcc, 0x89, 0x0b,
    0x14, 0x0e, 0x80, 0x02, 0x0a, 0x7f, 0xd7, 0x50, 0x0e, 0xcc, 0x91, 0x0b, 0x34, 0x0e, 0x80, 0x02, 0x1a, 0x7f, 0xda,
    0x50, 0x0e, 0xcc, 0x99, 0x0b, 0x54, 0x0e, 0x80, 0x02, 0x2a, 0x7f, 0xdf, 0x50, 0x0e, 0xcc, 0xc1, 0x0b, 0xf4, 0x0e,
    0x80, 0x02, 0x7a, 0x7f, 0xe2, 0x50, 0x0e, 0xcc, 0xc9, 0x0b, 0x14, 0x0f, 0x80, 0x02, 0x8a, 0x7f, 0xd8, 0x50, 0x0e,
    0xcc, 0xd1, 0x0b, 0x34, 0x0f, 0x80, 0x02, 0x9a, 0x7f, 0xe3, 0x50, 0x0e, 0xcc, 0xd9, 0x0b, 0x54, 0x0f, 0x80, 0x02,
    0xaa, 0x7f, 0xd6, 0x58, 0x0e, 0xcc, 0x81, 0x0b, 0x58, 0x17, 0x80, 0x02, 0x02, 0x7f, 0xcc, 0x58, 0x0e, 0xcc, 0x89,
    0x0b, 0x30, 0x17, 0x80, 0x02, 0x12, 0x7f, 0xd7, 0x58, 0x0e, 0xcc, 0x91, 0x0b, 0x5c, 0x17, 0x80, 0x02, 0x22, 0x7f,
    0xda, 0x58, 0x0e, 0xcc, 0x99, 0x0b, 0x68, 0x17, 0x80, 0x02, 0x32, 0x7f, 0xdf, 0x58, 0x0e, 0xcc, 0xc1, 0x0b, 0x7c,
    0x17, 0x80, 0x02, 0x82, 0x7f, 0xe2, 0x58, 0x0e, 0xcc, 0xc9, 0x0b, 0x88, 0x17, 0x80, 0x02, 0x92, 0x7f, 0xd8, 0x58,
    0x0e, 0xcc, 0xd1, 0x0b, 0x60, 0x17, 0x80, 0x02, 0xa2, 0x7f, 0xe3, 0x58, 0x0e, 0xcc, 0xd9, 0x0b, 0x8c, 0x17, 0x80,
    0x02, 0xb2, 0x7f, 0x0f, 0x00, 0xa1, 0xbf, 0x10, 0xe0, 0xd4, 0xd8, 0xd6, 0x00, 0x00, 0xd6, 0x10, 0xe0, 0xd4, 0xd8,
    0xcc, 0x00, 0x00, 0xcc, 0x10, 0xe0, 0xd4, 0xd8, 0xd7, 0x00, 0x00, 0xd7, 0x10, 0xe0, 0xd4, 0xd8, 0xda, 0x00, 0x00,
    0xda, 0x10, 0xe0, 0xd4, 0xd8, 0xd0, 0x00, 0x00, 0xd0, 0x10, 0xe0, 0xd4, 0xd8, 0xdb, 0x00, 0x00, 0xdb, 0x10, 0xe0,
    0xd4, 0xd8, 0xde, 0x00, 0x00, 0xde, 0x10, 0xe0, 0xd4, 0xd8, 0xd4, 0x00, 0x00, 0xd4, 0x10, 0xe0, 0xd4, 0xd8, 0xdf,
    0x00, 0x00, 0xdf, 0x10, 0xe0, 0xd4, 0xd8, 0xe2, 0x00, 0x00, 0xe2, 0x10, 0xe0, 0xd4, 0xd8, 0xd8, 0x00, 0x00, 0xd8,
    0x10, 0xe0, 0xd4, 0xd8, 0xe3, 0x00, 0x00, 0xe3, 0x10, 0xe0, 0xd4, 0xd8, 0xe6, 0x00, 0x00, 0xe6, 0x10, 0xe0, 0xd4,
    0xd8, 0xdc, 0x00, 0x00, 0xdc, 0x10, 0xe0, 0xd4, 0xd8, 0xe7, 0x00, 0x00, 0xe7, 0x10, 0xe0, 0xd4, 0xd8, 0xea, 0x00,
    0x00, 0xea, 0x81, 0x88, 0xc1, 0x35, 0x94, 0x88, 0xc9, 0x35, 0xe0, 0x62, 0x0f, 0xd7, 0xe0, 0xc1, 0x03, 0x00, 0xe0,
    0x5e, 0x0f, 0xd7, 0xe0, 0xc1, 0x03, 0x00, 0x1a, 0x62, 0x28, 0x80, 0x1b, 0x63, 0x29, 0x82, 0xe0, 0x60, 0x0f, 0xd7,
    0xe0, 0xc1, 0x03, 0x00, 0x14, 0x28, 0xac, 0x97, 0x80, 0x29, 0x2d, 0x82, 0x14, 0x2c, 0xb0, 0x97, 0x80, 0x2d, 0x31,
    0x82, 0x14, 0x30, 0xb4, 0x97, 0x80, 0x31, 0x35, 0x82, 0x02, 0x00, 0x8f, 0xbf, 0x5e, 0x3b, 0xda, 0xbe, 0x60, 0x3b,
    0xdc, 0xbe, 0x5f, 0x3b, 0xde, 0xbe, 0x61, 0x3b, 0xe0, 0xbe, 0x5a, 0x10, 0xd6, 0xbe, 0x5c, 0x10, 0xd7, 0xbe, 0xe8,
    0x00, 0x65, 0xd7, 0x5a, 0x00, 0x01, 0x00, 0xeb, 0x00, 0x65, 0xd7, 0x5c, 0x00, 0x01, 0x00, 0xec, 0x00, 0x65, 0xd7,
    0x5e, 0xac, 0x00, 0x00, 0xee, 0x00, 0x65, 0xd7, 0x60, 0xae, 0x00, 0x00, 0xe8, 0x00, 0x66, 0xd7, 0x5b, 0xd0, 0x03,
    0x00, 0xeb, 0x00, 0x66, 0xd7, 0x5d, 0xd6, 0x03, 0x00, 0xec, 0x00, 0x66, 0xd7, 0x5f, 0xd8, 0x03, 0x00, 0xee, 0x00,
    0x66, 0xd7, 0x61, 0xdc, 0x03, 0x00, 0x81, 0xd0, 0xd1, 0x2d, 0x81, 0xd6, 0xd7, 0x2d, 0x81, 0xd8, 0xd9, 0x2d, 0x81,
    0xdc, 0xdd, 0x2d, 0xb4, 0x00, 0x42, 0xd5, 0xe8, 0x2d, 0x70, 0x06, 0xbc, 0x00, 0x42, 0xd5, 0xec, 0x2d, 0x80, 0x06,
    0xb4, 0x00, 0x42, 0xd5, 0xeb, 0x2f, 0xd0, 0x06, 0xbc, 0x00, 0x42, 0xd5, 0xee, 0x2f, 0xf0, 0x06, 0xb8, 0x6a, 0x0f,
    0xd7, 0xb4, 0x2b, 0x00, 0x00, 0xc0, 0x6a, 0x0f, 0xd7, 0xbc, 0x2b, 0x00, 0x00, 0xe4, 0x6a, 0x0f, 0xd7, 0xe4, 0xc9,
    0x03, 0x00, 0xb4, 0x00, 0x01, 0xd5, 0xb4, 0x83, 0xa9, 0x01, 0xe4, 0x6a, 0x0f, 0xd7, 0xe4, 0xc9, 0x03, 0x00, 0xb8,
    0x00, 0x01, 0xd5, 0xb8, 0x83, 0xa9, 0x01, 0xe4, 0x6a, 0x0f, 0xd7, 0xe4, 0xc9, 0x03, 0x00, 0xbc, 0x00, 0x01, 0xd5,
    0xbc, 0x83, 0xa9, 0x01, 0xe4, 0x6a, 0x0f, 0xd7, 0xe4, 0xc9, 0x03, 0x00, 0xc0, 0x00, 0x01, 0xd5, 0xc0, 0x83, 0xa9,
    0x01, 0x7f, 0xc0, 0x8c, 0xbf, 0xfa, 0x06, 0xac, 0x79, 0xcc, 0xb1, 0x00, 0xff, 0xfa, 0x06, 0xae, 0x79, 0xda, 0xb1,
    0x00, 0xff, 0xfa, 0x06, 0xbe, 0x79, 0xe2, 0xb1, 0x00, 0xff, 0xfa, 0x06, 0xb0, 0x79, 0xe3, 0xb1, 0x00, 0xff, 0xcc,
    0x05, 0xac, 0x79, 0xda, 0x05, 0xae, 0x79, 0xe2, 0x05, 0xbe, 0x79, 0xe3, 0x05, 0xb0, 0x79, 0xd6, 0x00, 0x0f, 0xcc,
    0x3d, 0xac, 0x03, 0x18, 0xd7, 0x00, 0x0f, 0xcc, 0x3e, 0xae, 0x03, 0x18, 0xdf, 0x00, 0x0f, 0xcc, 0x3d, 0xbe, 0x03,
    0x18, 0xd8, 0x00, 0x0f, 0xcc, 0x3e, 0xb0, 0x03, 0x18, 0xcc, 0x00, 0x10, 0xcc, 0x1e, 0xac, 0x03, 0x18, 0xda, 0x00,
    0x10, 0xcc, 0x1e, 0xae, 0x03, 0x18, 0xe2, 0x00, 0x10, 0xcc, 0x1e, 0xbe, 0x03, 0x18, 0xe3, 0x00, 0x10, 0xcc, 0x1e,
    0xb0, 0x03, 0x18, 0xd6, 0x00, 0x11, 0xcc, 0xd6, 0x99, 0x03, 0x18, 0xd7, 0x00, 0x11, 0xcc, 0xd7, 0xb5, 0x03, 0x18,
    0xdf, 0x00, 0x11, 0xcc, 0xdf, 0xc5, 0x03, 0x18, 0xd8, 0x00, 0x11, 0xcc, 0xd8, 0xc7, 0x03, 0x18, 0x00, 0x10, 0x68,
    0xe0, 0xb4, 0xd6, 0x0a, 0x80, 0x00, 0x10, 0x6c, 0xe0, 0xb8, 0xd6, 0x0a, 0x80, 0x00, 0x10, 0x68, 0xe0, 0xbc, 0xdf,
    0x0a, 0x80, 0x00, 0x10, 0x6c, 0xe0, 0xc0, 0xdf, 0x0a, 0x80, 0x00, 0x10, 0x68, 0xe0, 0xb4, 0xd7, 0x0b, 0x80, 0x00,
    0x10, 0x6c, 0xe0, 0xb8, 0xd7, 0x0b, 0x80, 0x00, 0x10, 0x68, 0xe0, 0xbc, 0xd8, 0x0b, 0x80, 0x00, 0x10, 0x6c, 0xe0,
    0xc0, 0xd8, 0x0b, 0x80, 0x0a, 0xff, 0x7c, 0x80, 0x38, 0xc4, 0x00, 0x00, 0x00, 0x00, 0xc4, 0xda, 0x00, 0x00, 0x00,
    0xc4, 0x0a, 0xff, 0x8a, 0x80, 0x00, 0x01, 0x00, 0x00, 0xff, 0x0a, 0x0a, 0x85, 0x00, 0x15, 0x00, 0x00, 0x00, 0x00,
    0x8f, 0xbf, 0x00, 0x00, 0x80, 0xbf, 0x00, 0x00, 0x80, 0xbf, 0x00, 0x00, 0x80, 0xbf, 0x54, 0x20, 0x80, 0xbe, 0x00,
    0x00, 0x80, 0xbf, 0x00, 0x00, 0x80, 0xbf, 0x00, 0x00, 0x80, 0xbf, 0x00, 0x00, 0x80, 0xbf, 0x00, 0x00, 0x80, 0xbf,
    0x00, 0x00, 0x80, 0xbf, 0x00, 0x00, 0x80, 0xbf, 0x00, 0x00, 0x80, 0xbf, 0x00, 0x00, 0x80, 0xbf, 0x00, 0x00, 0x80,
    0xbf, 0x00, 0x00, 0x80, 0xbf, 0x00, 0x00, 0x80, 0xbf, 0x00, 0x00, 0x80, 0xbf, 0x00, 0x00, 0x80, 0xbf, 0x00, 0x00,
    0x80, 0xbf, 0x00, 0x00, 0x80, 0xbf, 0x00, 0x00, 0x80, 0xbf, 0x00, 0x00, 0x80, 0xbf, 0x00, 0x00, 0x80, 0xbf, 0x00,
    0x00, 0x80, 0xbf, 0x00, 0x00, 0x80, 0xbf, 0x00, 0x00, 0x80, 0xbf, 0x00, 0x00, 0x80, 0xbf, 0x00, 0x00, 0x80, 0xbf,
    0x00, 0x00, 0x80, 0xbf, 0x42, 0x0e, 0xc2, 0x80, 0x4a, 0x4c, 0xcc, 0x85, 0x81, 0x0c, 0x7d, 0x87, 0x0c, 0x80, 0x50,
    0x82, 0x4f, 0x50, 0x09, 0xbf, 0x50, 0x4f, 0x4e, 0x85, 0x46, 0x48, 0xc4, 0x85, 0x4f, 0x80, 0x06, 0xbf, 0x48, 0x4c,
    0xd4, 0x85, 0x4f, 0x4e, 0xcf, 0x80, 0x50, 0x4e, 0xd0, 0x80, 0x4e, 0x81, 0xce, 0x80, 0x03, 0x00, 0x8f, 0xbf, 0xd6,
    0x50, 0x0e, 0xcc, 0x81, 0x0b, 0xf4, 0x0d, 0x80, 0x02, 0xfa, 0x7e, 0xcc, 0x50, 0x0e, 0xcc, 0x89, 0x0b, 0x14, 0x0e,
    0x80, 0x02, 0x0a, 0x7f, 0xd7, 0x50, 0x0e, 0xcc, 0x91, 0x0b, 0x34, 0x0e, 0x80, 0x02, 0x1a, 0x7f, 0xda, 0x50, 0x0e,
    0xcc, 0x99, 0x0b, 0x54, 0x0e, 0x80, 0x02, 0x2a, 0x7f, 0xdf, 0x50, 0x0e, 0xcc, 0xc1, 0x0b, 0xf4, 0x0e, 0x80, 0x02,
    0x7a, 0x7f, 0xe2, 0x50, 0x0e, 0xcc, 0xc9, 0x0b, 0x14, 0x0f, 0x80, 0x02, 0x8a, 0x7f, 0xd8, 0x50, 0x0e, 0xcc, 0xd1,
    0x0b, 0x34, 0x0f, 0x80, 0x02, 0x9a, 0x7f, 0xe3, 0x50, 0x0e, 0xcc, 0xd9, 0x0b, 0x54, 0x0f, 0x80, 0x02, 0xaa, 0x7f,
    0xd6, 0x58, 0x0e, 0xcc, 0x81, 0x0b, 0x58, 0x17, 0x80, 0x02, 0x02, 0x7f, 0xcc, 0x58, 0x0e, 0xcc, 0x89, 0x0b, 0x30,
    0x17, 0x80, 0x02, 0x12, 0x7f, 0xd7, 0x58, 0x0e, 0xcc, 0x91, 0x0b, 0x5c, 0x17, 0x80, 0x02, 0x22, 0x7f, 0xda, 0x58,
    0x0e, 0xcc, 0x99, 0x0b, 0x68, 0x17, 0x80, 0x02, 0x32, 0x7f, 0xdf, 0x58, 0x0e, 0xcc, 0xc1, 0x0b, 0x7c, 0x17, 0x80,
    0x02, 0x82, 0x7f, 0xe2, 0x58, 0x0e, 0xcc, 0xc9, 0x0b, 0x88, 0x17, 0x80, 0x02, 0x92, 0x7f, 0xd8, 0x58, 0x0e, 0xcc,
    0xd1, 0x0b, 0x60, 0x17, 0x80, 0x02, 0xa2, 0x7f, 0xe3, 0x58, 0x0e, 0xcc, 0xd9, 0x0b, 0x8c, 0x17, 0x80, 0x02, 0xb2,
    0x7f, 0x0f, 0x00, 0xa1, 0xbf, 0x10, 0xe0, 0xd4, 0xd8, 0xd6, 0x00, 0x00, 0xd6, 0x10, 0xe0, 0xd4, 0xd8, 0xcc, 0x00,
    0x00, 0xcc, 0x10, 0xe0, 0xd4, 0xd8, 0xd7, 0x00, 0x00, 0xd7, 0x10, 0xe0, 0xd4, 0xd8, 0xda, 0x00, 0x00, 0xda, 0x10,
    0xe0, 0xd4, 0xd8, 0xd0, 0x00, 0x00, 0xd0, 0x10, 0xe0, 0xd4, 0xd8, 0xdb, 0x00, 0x00, 0xdb, 0x10, 0xe0, 0xd4, 0xd8,
    0xde, 0x00, 0x00, 0xde, 0x10, 0xe0, 0xd4, 0xd8, 0xd4, 0x00, 0x00, 0xd4, 0x10, 0xe0, 0xd4, 0xd8, 0xdf, 0x00, 0x00,
    0xdf, 0x10, 0xe0, 0xd4, 0xd8, 0xe2, 0x00, 0x00, 0xe2, 0x10, 0xe0, 0xd4, 0xd8, 0xd8, 0x00, 0x00, 0xd8, 0x10, 0xe0,
    0xd4, 0xd8, 0xe3, 0x00, 0x00, 0xe3, 0x10, 0xe0, 0xd4, 0xd8, 0xe6, 0x00, 0x00, 0xe6, 0x10, 0xe0, 0xd4, 0xd8, 0xdc,
    0x00, 0x00, 0xdc, 0x10, 0xe0, 0xd4, 0xd8, 0xe7, 0x00, 0x00, 0xe7, 0x10, 0xe0, 0xd4, 0xd8, 0xea, 0x00, 0x00, 0xea,
    0x81, 0x88, 0xc1, 0x35, 0x94, 0x88, 0xc9, 0x35, 0xe0, 0x62, 0x0f, 0xd7, 0xe0, 0xc1, 0x03, 0x00, 0xe0, 0x5e, 0x0f,
    0xd7, 0xe0, 0xc1, 0x03, 0x00, 0x1a, 0x62, 0x28, 0x80, 0x1b, 0x63, 0x29, 0x82, 0xe0, 0x60, 0x0f, 0xd7, 0xe0, 0xc1,
    0x03, 0x00, 0x14, 0x28, 0xac, 0x97, 0x80, 0x29, 0x2d, 0x82, 0x14, 0x2c, 0xb0, 0x97, 0x80, 0x2d, 0x31, 0x82, 0x14,
    0x30, 0xb4, 0x97, 0x80, 0x31, 0x35, 0x82, 0x02, 0x00, 0x8f, 0xbf, 0x5e, 0x3b, 0xda, 0xbe, 0x60, 0x3b, 0xdc, 0xbe,
    0x5f, 0x3b, 0xde, 0xbe, 0x61, 0x3b, 0xe0, 0xbe, 0x5a, 0x10, 0xd6, 0xbe, 0x5c, 0x10, 0xd7, 0xbe, 0xe8, 0x00, 0x65,
    0xd7, 0x5a, 0x00, 0x01, 0x00, 0xeb, 0x00, 0x65, 0xd7, 0x5c, 0x00, 0x01, 0x00, 0xec, 0x00, 0x65, 0xd7, 0x5e, 0xac,
    0x00, 0x00, 0xee, 0x00, 0x65, 0xd7, 0x60, 0xae, 0x00, 0x00, 0xe8, 0x00, 0x66, 0xd7, 0x5b, 0xd0, 0x03, 0x00, 0xeb,
    0x00, 0x66, 0xd7, 0x5d, 0xd6, 0x03, 0x00, 0xec, 0x00, 0x66, 0xd7, 0x5f, 0xd8, 0x03, 0x00, 0xee, 0x00, 0x66, 0xd7,
    0x61, 0xdc, 0x03, 0x00, 0x81, 0xd0, 0xd1, 0x2d, 0x81, 0xd6, 0xd7, 0x2d, 0x81, 0xd8, 0xd9, 0x2d, 0x81, 0xdc, 0xdd,
    0x2d, 0xb4, 0x00, 0x42, 0xd5, 0xe8, 0x2d, 0x70, 0x06, 0xbc, 0x00, 0x42, 0xd5, 0xec, 0x2d, 0x80, 0x06, 0xb4, 0x00,
    0x42, 0xd5, 0xeb, 0x2f, 0xd0, 0x06, 0xbc, 0x00, 0x42, 0xd5, 0xee, 0x2f, 0xf0, 0x06, 0xb8, 0x6a, 0x0f, 0xd7, 0xb4,
    0x2b, 0x00, 0x00, 0xc0, 0x6a, 0x0f, 0xd7, 0xbc, 0x2b, 0x00, 0x00, 0xe4, 0x6a, 0x0f, 0xd7, 0xe4, 0xc9, 0x03, 0x00,
    0xb4, 0x00, 0x01, 0xd5, 0xb4, 0x83, 0xa9, 0x01, 0xe4, 0x6a, 0x0f, 0xd7, 0xe4, 0xc9, 0x03, 0x00, 0xb8, 0x00, 0x01,
    0xd5, 0xb8, 0x83, 0xa9, 0x01, 0xe4, 0x6a, 0x0f, 0xd7, 0xe4, 0xc9, 0x03, 0x00, 0xbc, 0x00, 0x01, 0xd5, 0xbc, 0x83,
    0xa9, 0x01, 0xe4, 0x6a, 0x0f, 0xd7, 0xe4, 0xc9, 0x03, 0x00, 0xc0, 0x00, 0x01, 0xd5, 0xc0, 0x83, 0xa9, 0x01, 0x7f,
    0xc0, 0x8c, 0xbf, 0xfa, 0x06, 0xac, 0x79, 0xcc, 0xb1, 0x00, 0xff, 0xfa, 0x06, 0xae, 0x79, 0xda, 0xb1, 0x00, 0xff,
    0xfa, 0x06, 0xbe, 0x79, 0xe2, 0xb1, 0x00, 0xff, 0xfa, 0x06, 0xb0, 0x79, 0xe3, 0xb1, 0x00, 0xff, 0xcc, 0x05, 0xac,
    0x79, 0xda, 0x05, 0xae, 0x79, 0xe2, 0x05, 0xbe, 0x79, 0xe3, 0x05, 0xb0, 0x79, 0xd6, 0x00, 0x0f, 0xcc, 0x3d, 0xac,
    0x03, 0x18, 0xd7, 0x00, 0x0f, 0xcc, 0x3e, 0xae, 0x03, 0x18, 0xdf, 0x00, 0x0f, 0xcc, 0x3d, 0xbe, 0x03, 0x18, 0xd8,
    0x00, 0x0f, 0xcc, 0x3e, 0xb0, 0x03, 0x18, 0xd6, 0x00, 0x10, 0xcc, 0xff, 0xac, 0x03, 0x10, 0xc5, 0xbd, 0xc5, 0xbd,
    0xd7, 0x00, 0x10, 0xcc, 0xff, 0xae, 0x03, 0x10, 0xc5, 0xbd, 0xc5, 0xbd, 0xdf, 0x00, 0x10, 0xcc, 0xff, 0xbe, 0x03,
    0x10, 0xc5, 0xbd, 0xc5, 0xbd, 0xd8, 0x00, 0x10, 0xcc, 0xff, 0xb0, 0x03, 0x10, 0xc5, 0xbd, 0xc5, 0xbd, 0xf9, 0xb0,
    0xac, 0x7f, 0xd6, 0x14, 0x04, 0x06, 0xf9, 0xb0, 0xae, 0x7f, 0xd7, 0x14, 0x04, 0x06, 0xf9, 0xb0, 0xbe, 0x7f, 0xdf,
    0x14, 0x04, 0x06, 0xf9, 0xb0, 0xb0, 0x7f, 0xd8, 0x14, 0x04, 0x06, 0xf9, 0xb0, 0xac, 0x7f, 0xd6, 0x15, 0x05, 0x06,
    0xf9, 0xb0, 0xae, 0x7f, 0xd7, 0x15, 0x05, 0x06, 0xf9, 0xb0, 0xbe, 0x7f, 0xdf, 0x15, 0x05, 0x06, 0xf9, 0xb0, 0xb0,
    0x7f, 0xd8, 0x15, 0x05, 0x06, 0xd6, 0x00, 0x0f, 0xcc, 0xff, 0xac, 0x03, 0x10, 0x00, 0x3c, 0x00, 0x3c, 0xd7, 0x00,
    0x0f, 0xcc, 0xff, 0xae, 0x03, 0x10, 0x00, 0x3c, 0x00, 0x3c, 0xdf, 0x00, 0x0f, 0xcc, 0xff, 0xbe, 0x03, 0x10, 0x00,
    0x3c, 0x00, 0x3c, 0xd8, 0x00, 0x0f, 0xcc, 0xff, 0xb0, 0x03, 0x10, 0x00, 0x3c, 0x00, 0x3c, 0xf9, 0xa8, 0xac, 0x7f,
    0xd6, 0x14, 0x04, 0x06, 0xf9, 0xa8, 0xae, 0x7f, 0xd7, 0x14, 0x04, 0x06, 0xf9, 0xa8, 0xbe, 0x7f, 0xdf, 0x14, 0x04,
    0x06, 0xf9, 0xa8, 0xb0, 0x7f, 0xd8, 0x14, 0x04, 0x06, 0xf9, 0xa8, 0xac, 0x7f, 0xd6, 0x15, 0x05, 0x06, 0xf9, 0xa8,
    0xae, 0x7f, 0xd7, 0x15, 0x05, 0x06, 0xf9, 0xa8, 0xbe, 0x7f, 0xdf, 0x15, 0x05, 0x06, 0xf9, 0xa8, 0xb0, 0x7f, 0xd8,
    0x15, 0x05, 0x06, 0x00, 0x10, 0x68, 0xe0, 0xb4, 0xd6, 0x0a, 0x80, 0x00, 0x10, 0x6c, 0xe0, 0xb8, 0xd6, 0x0a, 0x80,
    0x00, 0x10, 0x68, 0xe0, 0xbc, 0xdf, 0x0a, 0x80, 0x00, 0x10, 0x6c, 0xe0, 0xc0, 0xdf, 0x0a, 0x80, 0x00, 0x10, 0x68,
    0xe0, 0xb4, 0xd7, 0x0b, 0x80, 0x00, 0x10, 0x6c, 0xe0, 0xb8, 0xd7, 0x0b, 0x80, 0x00, 0x10, 0x68, 0xe0, 0xbc, 0xd8,
    0x0b, 0x80, 0x00, 0x10, 0x6c, 0xe0, 0xc0, 0xd8, 0x0b, 0x80, 0x0a, 0xff, 0x7c, 0x80, 0x38, 0xc4, 0x00, 0x00, 0x00,
    0x00, 0xc4, 0xda, 0x00, 0x00, 0x00, 0xc4, 0x0a, 0xff, 0x8a, 0x80, 0x00, 0x01, 0x00, 0x00, 0xff, 0x0a, 0x0a, 0x85,
    0x00, 0x15, 0x00, 0x00, 0x00, 0x00, 0x8f, 0xbf, 0x00, 0x00, 0x80, 0xbf, 0x00, 0x00, 0x80, 0xbf, 0x00, 0x00, 0x80,
    0xbf, 0x54, 0x20, 0x80, 0xbe, 0x00, 0x00, 0x80, 0xbf, 0x00, 0x00, 0x80, 0xbf, 0x00, 0x00, 0x80, 0xbf, 0x00, 0x00,
    0x80, 0xbf, 0x00, 0x00, 0x80, 0xbf, 0x00, 0x00, 0x80, 0xbf, 0x00, 0x00, 0x80, 0xbf, 0x00, 0x00, 0x80, 0xbf, 0x00,
    0x00, 0x80, 0xbf, 0x00, 0x00, 0x80, 0xbf, 0x00, 0x00, 0x80, 0xbf, 0x00, 0x00, 0x80, 0xbf, 0x00, 0x00, 0x80, 0xbf,
    0x00, 0x00, 0x80, 0xbf, 0x00, 0x00, 0x80, 0xbf, 0x00, 0x00, 0x80, 0xbf, 0x00, 0x00, 0x80, 0xbf, 0x00, 0x00, 0x80,
    0xbf, 0x00, 0x00, 0x80, 0xbf, 0x00, 0x00, 0x80, 0xbf, 0x00, 0x00, 0x80, 0xbf, 0x00, 0x00, 0x80, 0xbf, 0x00, 0x00,
    0x80, 0xbf, 0x00, 0x00, 0x80, 0xbf, 0x00, 0x00, 0x80, 0xbf, 0x00, 0x00, 0x80, 0xbf, 0x00, 0x00, 0x80, 0xbf, 0x00,
    0x00, 0x80, 0xbf, 0x00, 0x00, 0x80, 0xbf, 0x00, 0x00, 0x80, 0xbf, 0x00, 0x00, 0x80, 0xbf, 0x00, 0x00, 0x80, 0xbf,
    0x00, 0x00, 0x80, 0xbf, 0x00, 0x00, 0x80, 0xbf, 0x00, 0x00, 0x80, 0xbf, 0x00, 0x00, 0x80, 0xbf, 0x00, 0x00, 0x80,
    0xbf, 0x00, 0x00, 0x80, 0xbf, 0x00, 0x00, 0x80, 0xbf, 0x00, 0x00, 0x80, 0xbf, 0x00, 0x00, 0x80, 0xbf, 0x00, 0x00,
    0x80, 0xbf, 0x00, 0x00, 0x80, 0xbf, 0x00, 0x00, 0x80, 0xbf, 0x00, 0x00, 0x80, 0xbf, 0x00, 0x00, 0x80, 0xbf, 0x00,
    0x00, 0x80, 0xbf, 0x00, 0x00, 0x80, 0xbf, 0x00, 0x00, 0x80, 0xbf, 0x00, 0x00, 0x80, 0xbf, 0x00, 0x00, 0x80, 0xbf,
    0x00, 0x00, 0x80, 0xbf, 0x00, 0x00, 0x80, 0xbf, 0x00, 0x00, 0x80, 0xbf, 0x00, 0x00, 0x80, 0xbf, 0x00, 0x00, 0x80,
    0xbf, 0x00, 0x00, 0x80, 0xbf, 0x00, 0x00, 0x80, 0xbf, 0x00, 0x00, 0x80, 0xbf, 0x00, 0x00, 0x80, 0xbf, 0x00, 0x00,
    0x80, 0xbf, 0x00, 0x00, 0x80, 0xbf, 0x00, 0x00, 0x80, 0xbf, 0x00, 0x00, 0x80, 0xbf, 0x00, 0x00, 0x80, 0xbf, 0x00,
    0x00, 0x80, 0xbf, 0x00, 0x00, 0x80, 0xbf, 0x00, 0x00, 0x80, 0xbf, 0x00, 0x00, 0x80, 0xbf, 0x00, 0x00, 0x80, 0xbf,
    0x00, 0x00, 0x80, 0xbf, 0x00, 0x00, 0x80, 0xbf, 0x00, 0x00, 0x80, 0xbf, 0x00, 0x00, 0x80, 0xbf, 0x00, 0x00, 0x80,
    0xbf, 0x00, 0x00, 0x80, 0xbf, 0x00, 0x00, 0x80, 0xbf, 0x00, 0x00, 0x80, 0xbf, 0x00, 0x00, 0x80, 0xbf, 0x00, 0x00,
    0x80, 0xbf, 0x00, 0x00, 0x80, 0xbf, 0x00, 0x00, 0x80, 0xbf, 0x00, 0x00, 0x80, 0xbf, 0x00, 0x00, 0x80, 0xbf, 0x00,
    0x00, 0x80, 0xbf, 0x00, 0x00, 0x80, 0xbf, 0x00, 0x00, 0x80, 0xbf, 0x00, 0x00, 0x80, 0xbf, 0x00, 0x00, 0x80, 0xbf,
    0x00, 0x00, 0x80, 0xbf, 0x00, 0x00, 0x80, 0xbf, 0x00, 0x00, 0x80, 0xbf, 0x00, 0x00, 0x80, 0xbf, 0x00, 0x00, 0x80,
    0xbf, 0x00, 0x00, 0x80, 0xbf, 0x00, 0x00, 0x80, 0xbf, 0x00, 0x00, 0x80, 0xbf, 0x00, 0x00, 0x80, 0xbf, 0x00, 0x00,
    0x80, 0xbf, 0x00, 0x00, 0x80, 0xbf, 0x00, 0x00, 0x80, 0xbf, 0x00, 0x00, 0x80, 0xbf, 0x00, 0x00, 0x80, 0xbf, 0x00,
    0x00, 0x80, 0xbf, 0x00, 0x00, 0x80, 0xbf, 0x00, 0x00, 0x80, 0xbf, 0x00, 0x00, 0x80, 0xbf, 0x00, 0x00, 0x80, 0xbf,
    0x00, 0x00, 0x80, 0xbf, 0x00, 0x00, 0x80, 0xbf, 0x00, 0x00, 0x80, 0xbf, 0x00, 0x00, 0x80, 0xbf, 0x00, 0x00, 0x80,
    0xbf, 0x42, 0x0e, 0xc2, 0x80, 0x4a, 0x4c, 0xcc, 0x85, 0x81, 0x0c, 0x7d, 0x87, 0x0c, 0x80, 0x50, 0x82, 0x4f, 0x50,
    0x09, 0xbf, 0x50, 0x4f, 0x4e, 0x85, 0x46, 0x48, 0xc4, 0x85, 0x4f, 0x80, 0x06, 0xbf, 0x48, 0x4c, 0xd4, 0x85, 0x4f,
    0x4e, 0xcf, 0x80, 0x50, 0x4e, 0xd0, 0x80, 0x4e, 0x81, 0xce, 0x80, 0x03, 0x00, 0x8f, 0xbf, 0xd6, 0x50, 0x0e, 0xcc,
    0x81, 0x0b, 0xf4, 0x0d, 0x80, 0x02, 0xfa, 0x7e, 0xcc, 0x50, 0x0e, 0xcc, 0x89, 0x0b, 0x14, 0x0e, 0x80, 0x02, 0x0a,
    0x7f, 0xdf, 0x50, 0x0e, 0xcc, 0xc1, 0x0b, 0xf4, 0x0e, 0x80, 0x02, 0x7a, 0x7f, 0xe2, 0x50, 0x0e, 0xcc, 0xc9, 0x0b,
    0x14, 0x0f, 0x80, 0x02, 0x8a, 0x7f, 0xd6, 0x58, 0x0e, 0xcc, 0x81, 0x0b, 0x58, 0x17, 0x80, 0x02, 0x02, 0x7f, 0xcc,
    0x58, 0x0e, 0xcc, 0x89, 0x0b, 0x30, 0x17, 0x80, 0x02, 0x12, 0x7f, 0xdf, 0x58, 0x0e, 0xcc, 0xc1, 0x0b, 0x7c, 0x17,
    0x80, 0x02, 0x82, 0x7f, 0xe2, 0x58, 0x0e, 0xcc, 0xc9, 0x0b, 0x88, 0x17, 0x80, 0x02, 0x92, 0x7f, 0x0f, 0x00, 0xa1,
    0xbf, 0x10, 0xe0, 0xd4, 0xd8, 0xd6, 0x00, 0x00, 0xd6, 0x10, 0xe0, 0xd4, 0xd8, 0xcc, 0x00, 0x00, 0xcc, 0x10, 0xe0,
    0xd4, 0xd8, 0xd7, 0x00, 0x00, 0xd7, 0x10, 0xe0, 0xd4, 0xd8, 0xda, 0x00, 0x00, 0xda, 0x10, 0xe0, 0xd4, 0xd8, 0xd0,
    0x00, 0x00, 0xd0, 0x10, 0xe0, 0xd4, 0xd8, 0xdb, 0x00, 0x00, 0xdb, 0x10, 0xe0, 0xd4, 0xd8, 0xde, 0x00, 0x00, 0xde,
    0x10, 0xe0, 0xd4, 0xd8, 0xd4, 0x00, 0x00, 0xd4, 0x10, 0xe0, 0xd4, 0xd8, 0xdf, 0x00, 0x00, 0xdf, 0x10, 0xe0, 0xd4,
    0xd8, 0xe2, 0x00, 0x00, 0xe2, 0x10, 0xe0, 0xd4, 0xd8, 0xd8, 0x00, 0x00, 0xd8, 0x10, 0xe0, 0xd4, 0xd8, 0xe3, 0x00,
    0x00, 0xe3, 0x10, 0xe0, 0xd4, 0xd8, 0xe6, 0x00, 0x00, 0xe6, 0x10, 0xe0, 0xd4, 0xd8, 0xdc, 0x00, 0x00, 0xdc, 0x10,
    0xe0, 0xd4, 0xd8, 0xe7, 0x00, 0x00, 0xe7, 0x10, 0xe0, 0xd4, 0xd8, 0xea, 0x00, 0x00, 0xea, 0x81, 0x88, 0xc1, 0x35,
    0x94, 0x88, 0xc9, 0x35, 0xe0, 0x62, 0x0f, 0xd7, 0xe0, 0xc1, 0x03, 0x00, 0xe0, 0x5e, 0x0f, 0xd7, 0xe0, 0xc1, 0x03,
    0x00, 0x1a, 0x62, 0x28, 0x80, 0x1b, 0x63, 0x29, 0x82, 0xe0, 0x60, 0x0f, 0xd7, 0xe0, 0xc1, 0x03, 0x00, 0x14, 0x28,
    0xac, 0x97, 0x80, 0x29, 0x2d, 0x82, 0x14, 0x2c, 0xb0, 0x97, 0x80, 0x2d, 0x31, 0x82, 0x14, 0x30, 0xb4, 0x97, 0x80,
    0x31, 0x35, 0x82, 0x02, 0x00, 0x8f, 0xbf, 0x5e, 0x3b, 0xda, 0xbe, 0x60, 0x3b, 0xdc, 0xbe, 0x5f, 0x3b, 0xde, 0xbe,
    0x61, 0x3b, 0xe0, 0xbe, 0x5a, 0x10, 0xd6, 0xbe, 0x5c, 0x10, 0xd7, 0xbe, 0xe8, 0x00, 0x65, 0xd7, 0x5a, 0x00, 0x01,
    0x00, 0xeb, 0x00, 0x65, 0xd7, 0x5c, 0x00, 0x01, 0x00, 0xec, 0x00, 0x65, 0xd7, 0x5e, 0xac, 0x00, 0x00, 0xee, 0x00,
    0x65, 0xd7, 0x60, 0xae, 0x00, 0x00, 0xe8, 0x00, 0x66, 0xd7, 0x5b, 0xd0, 0x03, 0x00, 0xeb, 0x00, 0x66, 0xd7, 0x5d,
    0xd6, 0x03, 0x00, 0xec, 0x00, 0x66, 0xd7, 0x5f, 0xd8, 0x03, 0x00, 0xee, 0x00, 0x66, 0xd7, 0x61, 0xdc, 0x03, 0x00,
    0x81, 0xd0, 0xd1, 0x2d, 0x81, 0xd6, 0xd7, 0x2d, 0x81, 0xd8, 0xd9, 0x2d, 0x81, 0xdc, 0xdd, 0x2d, 0xb4, 0x00, 0x42,
    0xd5, 0xe8, 0x2d, 0x70, 0x06, 0xbc, 0x00, 0x42, 0xd5, 0xec, 0x2d, 0x80, 0x06, 0xb4, 0x00, 0x42, 0xd5, 0xeb, 0x2f,
    0xd0, 0x06, 0xbc, 0x00, 0x42, 0xd5, 0xee, 0x2f, 0xf0, 0x06, 0xb8, 0x6a, 0x0f, 0xd7, 0xb4, 0x2b, 0x00, 0x00, 0xc0,
    0x6a, 0x0f, 0xd7, 0xbc, 0x2b, 0x00, 0x00, 0xe4, 0x6a, 0x0f, 0xd7, 0xe4, 0xc9, 0x03, 0x00, 0xb4, 0x00, 0x01, 0xd5,
    0xb4, 0x83, 0xa9, 0x01, 0xe4, 0x6a, 0x0f, 0xd7, 0xe4, 0xc9, 0x03, 0x00, 0xb8, 0x00, 0x01, 0xd5, 0xb8, 0x83, 0xa9,
    0x01, 0xe4, 0x6a, 0x0f, 0xd7, 0xe4, 0xc9, 0x03, 0x00, 0xbc, 0x00, 0x01, 0xd5, 0xbc, 0x83, 0xa9, 0x01, 0xe4, 0x6a,
    0x0f, 0xd7, 0xe4, 0xc9, 0x03, 0x00, 0xc0, 0x00, 0x01, 0xd5, 0xc0, 0x83, 0xa9, 0x01, 0x7f, 0xc0, 0x8c, 0xbf, 0xfa,
    0x06, 0xac, 0x79, 0xcc, 0xb1, 0x00, 0xff, 0xfa, 0x06, 0xbe, 0x79, 0xe2, 0xb1, 0x00, 0xff, 0xcc, 0x05, 0xac, 0x79,
    0xe2, 0x05, 0xbe, 0x79, 0xd6, 0x00, 0x0f, 0xcc, 0x3d, 0xac, 0x03, 0x18, 0xdf, 0x00, 0x0f, 0xcc, 0x3d, 0xbe, 0x03,
    0x18, 0xcc, 0x00, 0x10, 0xcc, 0x1e, 0xac, 0x03, 0x18, 0xe2, 0x00, 0x10, 0xcc, 0x1e, 0xbe, 0x03, 0x18, 0xd6, 0x00,
    0x12, 0xcc, 0xd6, 0x99, 0x03, 0x18, 0xdf, 0x00, 0x12, 0xcc, 0xdf, 0xc5, 0x03, 0x18, 0x00, 0x10, 0x68, 0xe0, 0xb4,
    0xd6, 0x0a, 0x80, 0x00, 0x10, 0x6c, 0xe0, 0xb8, 0xd6, 0x0a, 0x80, 0x00, 0x10, 0x68, 0xe0, 0xbc, 0xdf, 0x0a, 0x80,
    0x00, 0x10, 0x6c, 0xe0, 0xc0, 0xdf, 0x0a, 0x80, 0x0a, 0xff, 0x7c, 0x80, 0x38, 0xc4, 0x00, 0x00, 0x00, 0x00, 0xc4,
    0xda, 0x00, 0x00, 0x00, 0xc4, 0x0a, 0xff, 0x8a, 0x80, 0x00, 0x01, 0x00, 0x00, 0xff, 0x0a, 0x0a, 0x85, 0x00, 0x15,
    0x00, 0x00, 0x00, 0x00, 0x8f, 0xbf, 0x00, 0x00, 0x80, 0xbf, 0x54, 0x20, 0x80, 0xbe, 0x00, 0x00, 0x80, 0xbf, 0x00,
    0x00, 0x80, 0xbf, 0x00, 0x00, 0x80, 0xbf, 0x00, 0x00, 0x80, 0xbf, 0x00, 0x00, 0x80, 0xbf, 0x00, 0x00, 0x80, 0xbf,
    0x00, 0x00, 0x80, 0xbf, 0x00, 0x00, 0x80, 0xbf, 0x00, 0x00, 0x80, 0xbf, 0x00, 0x00, 0x80, 0xbf, 0x00, 0x00, 0x80,
    0xbf, 0x00, 0x00, 0x80, 0xbf, 0x00, 0x00, 0x80, 0xbf, 0x00, 0x00, 0x80, 0xbf, 0x00, 0x00, 0x80, 0xbf, 0x00, 0x00,
    0x80, 0xbf, 0x00, 0x00, 0x80, 0xbf, 0x00, 0x00, 0x80, 0xbf, 0x00, 0x00, 0x80, 0xbf, 0x00, 0x00, 0x80, 0xbf, 0x00,
    0x00, 0x80, 0xbf, 0x00, 0x00, 0x80, 0xbf, 0x00, 0x00, 0x80, 0xbf, 0x00, 0x00, 0x80, 0xbf, 0x00, 0x00, 0x80, 0xbf,
    0x00, 0x00, 0x80, 0xbf, 0x00, 0x00, 0x80, 0xbf, 0x00, 0x00, 0x80, 0xbf, 0x00, 0x00, 0x80, 0xbf, 0x00, 0x00, 0x80,
    0xbf, 0x00, 0x00, 0x80, 0xbf, 0x00, 0x00, 0x80, 0xbf, 0x00, 0x00, 0x80, 0xbf, 0x00, 0x00, 0x80, 0xbf, 0x00, 0x00,
    0x80, 0xbf, 0x00, 0x00, 0x80, 0xbf, 0x00, 0x00, 0x80, 0xbf, 0x00, 0x00, 0x80, 0xbf, 0x00, 0x00, 0x80, 0xbf, 0x00,
    0x00, 0x80, 0xbf, 0x00, 0x00, 0x80, 0xbf, 0x00, 0x00, 0x80, 0xbf, 0x00, 0x00, 0x80, 0xbf, 0x00, 0x00, 0x80, 0xbf,
    0x00, 0x00, 0x80, 0xbf, 0x00, 0x00, 0x80, 0xbf, 0x00, 0x00, 0x80, 0xbf, 0x00, 0x00, 0x80, 0xbf, 0x00, 0x00, 0x80,
    0xbf, 0x00, 0x00, 0x80, 0xbf, 0x00, 0x00, 0x80, 0xbf, 0x00, 0x00, 0x80, 0xbf, 0x00, 0x00, 0x80, 0xbf, 0x00, 0x00,
    0x80, 0xbf, 0x00, 0x00, 0x80, 0xbf, 0x00, 0x00, 0x80, 0xbf, 0x00, 0x00, 0x80, 0xbf, 0x00, 0x00, 0x80, 0xbf, 0x00,
    0x00, 0x80, 0xbf, 0x00, 0x00, 0x80, 0xbf, 0x00, 0x00, 0x80, 0xbf, 0x00, 0x00, 0x80, 0xbf, 0x00, 0x00, 0x80, 0xbf,
    0x00, 0x00, 0x80, 0xbf, 0x00, 0x00, 0x80, 0xbf, 0x00, 0x00, 0x80, 0xbf, 0x00, 0x00, 0x80, 0xbf, 0x00, 0x00, 0x80,
    0xbf, 0x00, 0x00, 0x80, 0xbf, 0x00, 0x00, 0x80, 0xbf, 0x00, 0x00, 0x80, 0xbf, 0x00, 0x00, 0x80, 0xbf, 0x00, 0x00,
    0x80, 0xbf, 0x00, 0x00, 0x80, 0xbf, 0x00, 0x00, 0x80, 0xbf, 0x00, 0x00, 0x80, 0xbf, 0x00, 0x00, 0x80, 0xbf, 0x42,
    0x0e, 0xc2, 0x80, 0x4a, 0x4c, 0xcc, 0x85, 0x81, 0x0c, 0x7d, 0x87, 0x0c, 0x80, 0x50, 0x82, 0x4f, 0x50, 0x09, 0xbf,
    0x50, 0x4f, 0x4e, 0x85, 0x46, 0x48, 0xc4, 0x85, 0x4f, 0x80, 0x06, 0xbf, 0x48, 0x4c, 0xd4, 0x85, 0x4f, 0x4e, 0xcf,
    0x80, 0x50, 0x4e, 0xd0, 0x80, 0x4e, 0x81, 0xce, 0x80, 0x03, 0x00, 0x8f, 0xbf, 0xd6, 0x50, 0x0e, 0xcc, 0x81, 0x0b,
    0xf4, 0x0d, 0x80, 0x02, 0xfa, 0x7e, 0xcc, 0x50, 0x0e, 0xcc, 0x89, 0x0b, 0x14, 0x0e, 0x80, 0x02, 0x0a, 0x7f, 0xdf,
    0x50, 0x0e, 0xcc, 0xc1, 0x0b, 0xf4, 0x0e, 0x80, 0x02, 0x7a, 0x7f, 0xe2, 0x50, 0x0e, 0xcc, 0xc9, 0x0b, 0x14, 0x0f,
    0x80, 0x02, 0x8a, 0x7f, 0xd6, 0x58, 0x0e, 0xcc, 0x81, 0x0b, 0x58, 0x17, 0x80, 0x02, 0x02, 0x7f, 0xcc, 0x58, 0x0e,
    0xcc, 0x89, 0x0b, 0x30, 0x17, 0x80, 0x02, 0x12, 0x7f, 0xdf, 0x58, 0x0e, 0xcc, 0xc1, 0x0b, 0x7c, 0x17, 0x80, 0x02,
    0x82, 0x7f, 0xe2, 0x58, 0x0e, 0xcc, 0xc9, 0x0b, 0x88, 0x17, 0x80, 0x02, 0x92, 0x7f, 0x0f, 0x00, 0xa1, 0xbf, 0x10,
    0xe0, 0xd4, 0xd8, 0xd6, 0x00, 0x00, 0xd6, 0x10, 0xe0, 0xd4, 0xd8, 0xcc, 0x00, 0x00, 0xcc, 0x10, 0xe0, 0xd4, 0xd8,
    0xd7, 0x00, 0x00, 0xd7, 0x10, 0xe0, 0xd4, 0xd8, 0xda, 0x00, 0x00, 0xda, 0x10, 0xe0, 0xd4, 0xd8, 0xd0, 0x00, 0x00,
    0xd0, 0x10, 0xe0, 0xd4, 0xd8, 0xdb, 0x00, 0x00, 0xdb, 0x10, 0xe0, 0xd4, 0xd8, 0xde, 0x00, 0x00, 0xde, 0x10, 0xe0,
    0xd4, 0xd8, 0xd4, 0x00, 0x00, 0xd4, 0x10, 0xe0, 0xd4, 0xd8, 0xdf, 0x00, 0x00, 0xdf, 0x10, 0xe0, 0xd4, 0xd8, 0xe2,
    0x00, 0x00, 0xe2, 0x10, 0xe0, 0xd4, 0xd8, 0xd8, 0x00, 0x00, 0xd8, 0x10, 0xe0, 0xd4, 0xd8, 0xe3, 0x00, 0x00, 0xe3,
    0x10, 0xe0, 0xd4, 0xd8, 0xe6, 0x00, 0x00, 0xe6, 0x10, 0xe0, 0xd4, 0xd8, 0xdc, 0x00, 0x00, 0xdc, 0x10, 0xe0, 0xd4,
    0xd8, 0xe7, 0x00, 0x00, 0xe7, 0x10, 0xe0, 0xd4, 0xd8, 0xea, 0x00, 0x00, 0xea, 0x81, 0x88, 0xc1, 0x35, 0x94, 0x88,
    0xc9, 0x35, 0xe0, 0x62, 0x0f, 0xd7, 0xe0, 0xc1, 0x03, 0x00, 0xe0, 0x5e, 0x0f, 0xd7, 0xe0, 0xc1, 0x03, 0x00, 0x1a,
    0x62, 0x28, 0x80, 0x1b, 0x63, 0x29, 0x82, 0xe0, 0x60, 0x0f, 0xd7, 0xe0, 0xc1, 0x03, 0x00, 0x14, 0x28, 0xac, 0x97,
    0x80, 0x29, 0x2d, 0x82, 0x14, 0x2c, 0xb0, 0x97, 0x80, 0x2d, 0x31, 0x82, 0x14, 0x30, 0xb4, 0x97, 0x80, 0x31, 0x35,
    0x82, 0x02, 0x00, 0x8f, 0xbf, 0x5e, 0x3b, 0xda, 0xbe, 0x60, 0x3b, 0xdc, 0xbe, 0x5f, 0x3b, 0xde, 0xbe, 0x61, 0x3b,
    0xe0, 0xbe, 0x5a, 0x10, 0xd6, 0xbe, 0x5c, 0x10, 0xd7, 0xbe, 0xe8, 0x00, 0x65, 0xd7, 0x5a, 0x00, 0x01, 0x00, 0xeb,
    0x00, 0x65, 0xd7, 0x5c, 0x00, 0x01, 0x00, 0xec, 0x00, 0x65, 0xd7, 0x5e, 0xac, 0x00, 0x00, 0xee, 0x00, 0x65, 0xd7,
    0x60, 0xae, 0x00, 0x00, 0xe8, 0x00, 0x66, 0xd7, 0x5b, 0xd0, 0x03, 0x00, 0xeb, 0x00, 0x66, 0xd7, 0x5d, 0xd6, 0x03,
    0x00, 0xec, 0x00, 0x66, 0xd7, 0x5f, 0xd8, 0x03, 0x00, 0xee, 0x00, 0x66, 0xd7, 0x61, 0xdc, 0x03, 0x00, 0x81, 0xd0,
    0xd1, 0x2d, 0x81, 0xd6, 0xd7, 0x2d, 0x81, 0xd8, 0xd9, 0x2d, 0x81, 0xdc, 0xdd, 0x2d, 0xb4, 0x00, 0x42, 0xd5, 0xe8,
    0x2d, 0x70, 0x06, 0xbc, 0x00, 0x42, 0xd5, 0xec, 0x2d, 0x80, 0x06, 0xb4, 0x00, 0x42, 0xd5, 0xeb, 0x2f, 0xd0, 0x06,
    0xbc, 0x00, 0x42, 0xd5, 0xee, 0x2f, 0xf0, 0x06, 0xb8, 0x6a, 0x0f, 0xd7, 0xb4, 0x2b, 0x00, 0x00, 0xc0, 0x6a, 0x0f,
    0xd7, 0xbc, 0x2b, 0x00, 0x00, 0xe4, 0x6a, 0x0f, 0xd7, 0xe4, 0xc9, 0x03, 0x00, 0xb4, 0x00, 0x01, 0xd5, 0xb4, 0x83,
    0xa9, 0x01, 0xe4, 0x6a, 0x0f, 0xd7, 0xe4, 0xc9, 0x03, 0x00, 0xb8, 0x00, 0x01, 0xd5, 0xb8, 0x83, 0xa9, 0x01, 0xe4,
    0x6a, 0x0f, 0xd7, 0xe4, 0xc9, 0x03, 0x00, 0xbc, 0x00, 0x01, 0xd5, 0xbc, 0x83, 0xa9, 0x01, 0xe4, 0x6a, 0x0f, 0xd7,
    0xe4, 0xc9, 0x03, 0x00, 0xc0, 0x00, 0x01, 0xd5, 0xc0, 0x83, 0xa9, 0x01, 0x7f, 0xc0, 0x8c, 0xbf, 0xfa, 0x06, 0xac,
    0x79, 0xcc, 0xb1, 0x00, 0xff, 0xfa, 0x06, 0xbe, 0x79, 0xe2, 0xb1, 0x00, 0xff, 0xcc, 0x05, 0xac, 0x79, 0xe2, 0x05,
    0xbe, 0x79, 0xd6, 0x00, 0x0f, 0xcc, 0x3d, 0xac, 0x03, 0x18, 0xdf, 0x00, 0x0f, 0xcc, 0x3d, 0xbe, 0x03, 0x18, 0xcc,
    0x00, 0x10, 0xcc, 0x1e, 0xac, 0x03, 0x18, 0xe2, 0x00, 0x10, 0xcc, 0x1e, 0xbe, 0x03, 0x18, 0xd6, 0x00, 0x11, 0xcc,
    0xd6, 0x99, 0x03, 0x18, 0xdf, 0x00, 0x11, 0xcc, 0xdf, 0xc5, 0x03, 0x18, 0x00, 0x10, 0x68, 0xe0, 0xb4, 0xd6, 0x0a,
    0x80, 0x00, 0x10, 0x6c, 0xe0, 0xb8, 0xd6, 0x0a, 0x80, 0x00, 0x10, 0x68, 0xe0, 0xbc, 0xdf, 0x0a, 0x80, 0x00, 0x10,
    0x6c, 0xe0, 0xc0, 0xdf, 0x0a, 0x80, 0x0a, 0xff, 0x7c, 0x80, 0x38, 0xc4, 0x00, 0x00, 0x00, 0x00, 0xc4, 0xda, 0x00,
    0x00, 0x00, 0xc4, 0x0a, 0xff, 0x8a, 0x80, 0x00, 0x01, 0x00, 0x00, 0xff, 0x0a, 0x0a, 0x85, 0x00, 0x15, 0x00, 0x00,
    0x00, 0x00, 0x8f, 0xbf, 0x00, 0x00, 0x80, 0xbf, 0x54, 0x20, 0x80, 0xbe, 0x00, 0x00, 0x80, 0xbf, 0x00, 0x00, 0x80,
    0xbf, 0x00, 0x00, 0x80, 0xbf, 0x00, 0x00, 0x80, 0xbf, 0x00, 0x00, 0x80, 0xbf, 0x00, 0x00, 0x80, 0xbf, 0x00, 0x00,
    0x80, 0xbf, 0x00, 0x00, 0x80, 0xbf, 0x00, 0x00, 0x80, 0xbf, 0x00, 0x00, 0x80, 0xbf, 0x00, 0x00, 0x80, 0xbf, 0x00,
    0x00, 0x80, 0xbf, 0x00, 0x00, 0x80, 0xbf, 0x00, 0x00, 0x80, 0xbf, 0x00, 0x00, 0x80, 0xbf, 0x00, 0x00, 0x80, 0xbf,
    0x00, 0x00, 0x80, 0xbf, 0x00, 0x00, 0x80, 0xbf, 0x00, 0x00, 0x80, 0xbf, 0x00, 0x00, 0x80, 0xbf, 0x00, 0x00, 0x80,
    0xbf, 0x00, 0x00, 0x80, 0xbf, 0x00, 0x00, 0x80, 0xbf, 0x00, 0x00, 0x80, 0xbf, 0x00, 0x00, 0x80, 0xbf, 0x00, 0x00,
    0x80, 0xbf, 0x00, 0x00, 0x80, 0xbf, 0x00, 0x00, 0x80, 0xbf, 0x00, 0x00, 0x80, 0xbf, 0x00, 0x00, 0x80, 0xbf, 0x00,
    0x00, 0x80, 0xbf, 0x00, 0x00, 0x80, 0xbf, 0x00, 0x00, 0x80, 0xbf, 0x00, 0x00, 0x80, 0xbf, 0x00, 0x00, 0x80, 0xbf,
    0x00, 0x00, 0x80, 0xbf, 0x00, 0x00, 0x80, 0xbf, 0x00, 0x00, 0x80, 0xbf, 0x00, 0x00, 0x80, 0xbf, 0x00, 0x00, 0x80,
    0xbf, 0x00, 0x00, 0x80, 0xbf, 0x00, 0x00, 0x80, 0xbf, 0x00, 0x00, 0x80, 0xbf, 0x00, 0x00, 0x80, 0xbf, 0x00, 0x00,
    0x80, 0xbf, 0x00, 0x00, 0x80, 0xbf, 0x00, 0x00, 0x80, 0xbf, 0x00, 0x00, 0x80, 0xbf, 0x00, 0x00, 0x80, 0xbf, 0x00,
    0x00, 0x80, 0xbf, 0x00, 0x00, 0x80, 0xbf, 0x00, 0x00, 0x80, 0xbf, 0x00, 0x00, 0x80, 0xbf, 0x00, 0x00, 0x80, 0xbf,
    0x00, 0x00, 0x80, 0xbf, 0x00, 0x00, 0x80, 0xbf, 0x00, 0x00, 0x80, 0xbf, 0x00, 0x00, 0x80, 0xbf, 0x00, 0x00, 0x80,
    0xbf, 0x00, 0x00, 0x80, 0xbf, 0x00, 0x00, 0x80, 0xbf, 0x00, 0x00, 0x80, 0xbf, 0x00, 0x00, 0x80, 0xbf, 0x00, 0x00,
    0x80, 0xbf, 0x00, 0x00, 0x80, 0xbf, 0x00, 0x00, 0x80, 0xbf, 0x00, 0x00, 0x80, 0xbf, 0x00, 0x00, 0x80, 0xbf, 0x00,
    0x00, 0x80, 0xbf, 0x00, 0x00, 0x80, 0xbf, 0x00, 0x00, 0x80, 0xbf, 0x00, 0x00, 0x80, 0xbf, 0x00, 0x00, 0x80, 0xbf,
    0x00, 0x00, 0x80, 0xbf, 0x00, 0x00, 0x80, 0xbf, 0x00, 0x00, 0x80, 0xbf, 0x00, 0x00, 0x80, 0xbf, 0x42, 0x0e, 0xc2,
    0x80, 0x4a, 0x4c, 0xcc, 0x85, 0x81, 0x0c, 0x7d, 0x87, 0x0c, 0x80, 0x50, 0x82, 0x4f, 0x50, 0x09, 0xbf, 0x50, 0x4f,
    0x4e, 0x85, 0x46, 0x48, 0xc4, 0x85, 0x4f, 0x80, 0x06, 0xbf, 0x48, 0x4c, 0xd4, 0x85, 0x4f, 0x4e, 0xcf, 0x80, 0x50,
    0x4e, 0xd0, 0x80, 0x4e, 0x81, 0xce, 0x80, 0x03, 0x00, 0x8f, 0xbf, 0xd6, 0x50, 0x0e, 0xcc, 0x81, 0x0b, 0xf4, 0x0d,
    0x80, 0x02, 0xfa, 0x7e, 0xcc, 0x50, 0x0e, 0xcc, 0x89, 0x0b, 0x14, 0x0e, 0x80, 0x02, 0x0a, 0x7f, 0xdf, 0x50, 0x0e,
    0xcc, 0xc1, 0x0b, 0xf4, 0x0e, 0x80, 0x02, 0x7a, 0x7f, 0xe2, 0x50, 0x0e, 0xcc, 0xc9, 0x0b, 0x14, 0x0f, 0x80, 0x02,
    0x8a, 0x7f, 0xd6, 0x58, 0x0e, 0xcc, 0x81, 0x0b, 0x58, 0x17, 0x80, 0x02, 0x02, 0x7f, 0xcc, 0x58, 0x0e, 0xcc, 0x89,
    0x0b, 0x30, 0x17, 0x80, 0x02, 0x12, 0x7f, 0xdf, 0x58, 0x0e, 0xcc, 0xc1, 0x0b, 0x7c, 0x17, 0x80, 0x02, 0x82, 0x7f,
    0xe2, 0x58, 0x0e, 0xcc, 0xc9, 0x0b, 0x88, 0x17, 0x80, 0x02, 0x92, 0x7f, 0x0f, 0x00, 0xa1, 0xbf, 0x10, 0xe0, 0xd4,
    0xd8, 0xd6, 0x00, 0x00, 0xd6, 0x10, 0xe0, 0xd4, 0xd8, 0xcc, 0x00, 0x00, 0xcc, 0x10, 0xe0, 0xd4, 0xd8, 0xd7, 0x00,
    0x00, 0xd7, 0x10, 0xe0, 0xd4, 0xd8, 0xda, 0x00, 0x00, 0xda, 0x10, 0xe0, 0xd4, 0xd8, 0xd0, 0x00, 0x00, 0xd0, 0x10,
    0xe0, 0xd4, 0xd8, 0xdb, 0x00, 0x00, 0xdb, 0x10, 0xe0, 0xd4, 0xd8, 0xde, 0x00, 0x00, 0xde, 0x10, 0xe0, 0xd4, 0xd8,
    0xd4, 0x00, 0x00, 0xd4, 0x10, 0xe0, 0xd4, 0xd8, 0xdf, 0x00, 0x00, 0xdf, 0x10, 0xe0, 0xd4, 0xd8, 0xe2, 0x00, 0x00,
    0xe2, 0x10, 0xe0, 0xd4, 0xd8, 0xd8, 0x00, 0x00, 0xd8, 0x10, 0xe0, 0xd4, 0xd8, 0xe3, 0x00, 0x00, 0xe3, 0x10, 0xe0,
    0xd4, 0xd8, 0xe6, 0x00, 0x00, 0xe6, 0x10, 0xe0, 0xd4, 0xd8, 0xdc, 0x00, 0x00, 0xdc, 0x10, 0xe0, 0xd4, 0xd8, 0xe7,
    0x00, 0x00, 0xe7, 0x10, 0xe0, 0xd4, 0xd8, 0xea, 0x00, 0x00, 0xea, 0x81, 0x88, 0xc1, 0x35, 0x94, 0x88, 0xc9, 0x35,
    0xe0, 0x62, 0x0f, 0xd7, 0xe0, 0xc1, 0x03, 0x00, 0xe0, 0x5e, 0x0f, 0xd7, 0xe0, 0xc1, 0x03, 0x00, 0x1a, 0x62, 0x28,
    0x80, 0x1b, 0x63, 0x29, 0x82, 0xe0, 0x60, 0x0f, 0xd7, 0xe0, 0xc1, 0x03, 0x00, 0x14, 0x28, 0xac, 0x97, 0x80, 0x29,
    0x2d, 0x82, 0x14, 0x2c, 0xb0, 0x97, 0x80, 0x2d, 0x31, 0x82, 0x14, 0x30, 0xb4, 0x97, 0x80, 0x31, 0x35, 0x82, 0x02,
    0x00, 0x8f, 0xbf, 0x5e, 0x3b, 0xda, 0xbe, 0x60, 0x3b, 0xdc, 0xbe, 0x5f, 0x3b, 0xde, 0xbe, 0x61, 0x3b, 0xe0, 0xbe,
    0x5a, 0x10, 0xd6, 0xbe, 0x5c, 0x10, 0xd7, 0xbe, 0xe8, 0x00, 0x65, 0xd7, 0x5a, 0x00, 0x01, 0x00, 0xeb, 0x00, 0x65,
    0xd7, 0x5c, 0x00, 0x01, 0x00, 0xec, 0x00, 0x65, 0xd7, 0x5e, 0xac, 0x00, 0x00, 0xee, 0x00, 0x65, 0xd7, 0x60, 0xae,
    0x00, 0x00, 0xe8, 0x00, 0x66, 0xd7, 0x5b, 0xd0, 0x03, 0x00, 0xeb, 0x00, 0x66, 0xd7, 0x5d, 0xd6, 0x03, 0x00, 0xec,
    0x00, 0x66, 0xd7, 0x5f, 0xd8, 0x03, 0x00, 0xee, 0x00, 0x66, 0xd7, 0x61, 0xdc, 0x03, 0x00, 0x81, 0xd0, 0xd1, 0x2d,
    0x81, 0xd6, 0xd7, 0x2d, 0x81, 0xd8, 0xd9, 0x2d, 0x81, 0xdc, 0xdd, 0x2d, 0xb4, 0x00, 0x42, 0xd5, 0xe8, 0x2d, 0x70,
    0x06, 0xbc, 0x00, 0x42, 0xd5, 0xec, 0x2d, 0x80, 0x06, 0xb4, 0x00, 0x42, 0xd5, 0xeb, 0x2f, 0xd0, 0x06, 0xbc, 0x00,
    0x42, 0xd5, 0xee, 0x2f, 0xf0, 0x06, 0xb8, 0x6a, 0x0f, 0xd7, 0xb4, 0x2b, 0x00, 0x00, 0xc0, 0x6a, 0x0f, 0xd7, 0xbc,
    0x2b, 0x00, 0x00, 0xe4, 0x6a, 0x0f, 0xd7, 0xe4, 0xc9, 0x03, 0x00, 0xb4, 0x00, 0x01, 0xd5, 0xb4, 0x83, 0xa9, 0x01,
    0xe4, 0x6a, 0x0f, 0xd7, 0xe4, 0xc9, 0x03, 0x00, 0xb8, 0x00, 0x01, 0xd5, 0xb8, 0x83, 0xa9, 0x01, 0xe4, 0x6a, 0x0f,
    0xd7, 0xe4, 0xc9, 0x03, 0x00, 0xbc, 0x00, 0x01, 0xd5, 0xbc, 0x83, 0xa9, 0x01, 0xe4, 0x6a, 0x0f, 0xd7, 0xe4, 0xc9,
    0x03, 0x00, 0xc0, 0x00, 0x01, 0xd5, 0xc0, 0x83, 0xa9, 0x01, 0x7f, 0xc0, 0x8c, 0xbf, 0xfa, 0x06, 0xac, 0x79, 0xcc,
    0xb1, 0x00, 0xff, 0xfa, 0x06, 0xbe, 0x79, 0xe2, 0xb1, 0x00, 0xff, 0xcc, 0x05, 0xac, 0x79, 0xe2, 0x05, 0xbe, 0x79,
    0xd6, 0x00, 0x0f, 0xcc, 0x3d, 0xac, 0x03, 0x18, 0xdf, 0x00, 0x0f, 0xcc, 0x3d, 0xbe, 0x03, 0x18, 0xd6, 0x00, 0x10,
    0xcc, 0xff, 0xac, 0x03, 0x10, 0xc5, 0xbd, 0xc5, 0xbd, 0xdf, 0x00, 0x10, 0xcc, 0xff, 0xbe, 0x03, 0x10, 0xc5, 0xbd,
    0xc5, 0xbd, 0xf9, 0xb0, 0xac, 0x7f, 0xd6, 0x14, 0x04, 0x06, 0xf9, 0xb0, 0xbe, 0x7f, 0xdf, 0x14, 0x04, 0x06, 0xf9,
    0xb0, 0xac, 0x7f, 0xd6, 0x15, 0x05, 0x06, 0xf9, 0xb0, 0xbe, 0x7f, 0xdf, 0x15, 0x05, 0x06, 0xd6, 0x00, 0x0f, 0xcc,
    0xff, 0xac, 0x03, 0x10, 0x00, 0x3c, 0x00, 0x3c, 0xdf, 0x00, 0x0f, 0xcc, 0xff, 0xbe, 0x03, 0x10, 0x00, 0x3c, 0x00,
    0x3c, 0xf9, 0xa8, 0xac, 0x7f, 0xd6, 0x14, 0x04, 0x06, 0xf9, 0xa8, 0xbe, 0x7f, 0xdf, 0x14, 0x04, 0x06, 0xf9, 0xa8,
    0xac, 0x7f, 0xd6, 0x15, 0x05, 0x06, 0xf9, 0xa8, 0xbe, 0x7f, 0xdf, 0x15, 0x05, 0x06, 0x00, 0x10, 0x68, 0xe0, 0xb4,
    0xd6, 0x0a, 0x80, 0x00, 0x10, 0x6c, 0xe0, 0xb8, 0xd6, 0x0a, 0x80, 0x00, 0x10, 0x68, 0xe0, 0xbc, 0xdf, 0x0a, 0x80,
    0x00, 0x10, 0x6c, 0xe0, 0xc0, 0xdf, 0x0a, 0x80, 0x0a, 0xff, 0x7c, 0x80, 0x38, 0xc4, 0x00, 0x00, 0x00, 0x00, 0xc4,
    0xda, 0x00, 0x00, 0x00, 0xc4, 0x0a, 0xff, 0x8a, 0x80, 0x00, 0x01, 0x00, 0x00, 0xff, 0x0a, 0x0a, 0x85, 0x00, 0x15,
    0x00, 0x00, 0x00, 0x00, 0x8f, 0xbf, 0x00, 0x00, 0x80, 0xbf, 0x54, 0x20, 0x80, 0xbe, 0x7c, 0x01, 0x82, 0xbf, 0x01,
    0x00, 0x82, 0xbf, 0x98, 0xd8, 0x82, 0xbf, 0x00, 0x00, 0x80, 0xbf, 0x00, 0x00, 0x80, 0xbf, 0x00, 0x00, 0x80, 0xbf,
    0x00, 0x00, 0x80, 0xbf, 0x00, 0x00, 0x80, 0xbf, 0x00, 0x00, 0x80, 0xbf, 0x00, 0x00, 0x80, 0xbf, 0x00, 0x00, 0x80,
    0xbf, 0x00, 0x00, 0x80, 0xbf, 0x00, 0x00, 0x80, 0xbf, 0x00, 0x00, 0x80, 0xbf, 0x00, 0x00, 0x80, 0xbf, 0x00, 0x00,
    0x80, 0xbf, 0x00, 0x00, 0x80, 0xbf, 0x00, 0x00, 0x80, 0xbf, 0x00, 0x00, 0x80, 0xbf, 0x00, 0x00, 0x80, 0xbf, 0x00,
    0x00, 0x80, 0xbf, 0x00, 0x00, 0x80, 0xbf, 0x00, 0x00, 0x80, 0xbf, 0x00, 0x00, 0x80, 0xbf, 0x00, 0x00, 0x80, 0xbf,
    0x00, 0x00, 0x00, 0x00, 0x08, 0x00, 0x00, 0x00, 0x10, 0x00, 0x00, 0x00, 0x18, 0x00, 0x00, 0x00, 0x40, 0x00, 0x00,
    0x00, 0x48, 0x00, 0x00, 0x00, 0x50, 0x00, 0x00, 0x00, 0x58, 0x00, 0x00, 0x00, 0x20, 0x00, 0x00, 0x00, 0x28, 0x00,
    0x00, 0x00, 0x30, 0x00, 0x00, 0x00, 0x38, 0x00, 0x00, 0x00, 0x60, 0x00, 0x00, 0x00, 0x68, 0x00, 0x00, 0x00, 0x70,
    0x00, 0x00, 0x00, 0x78, 0x00, 0x00, 0x00, 0x00, 0x00, 0x00, 0x00, 0x08, 0x00, 0x00, 0x00, 0x10, 0x00, 0x00, 0x00,
    0x18, 0x00, 0x00, 0x00, 0x20, 0x00, 0x00, 0x00, 0x28, 0x00, 0x00, 0x00, 0x30, 0x00, 0x00, 0x00, 0x38, 0x00, 0x00,
    0x00, 0x40, 0x00, 0x00, 0x00, 0x48, 0x00, 0x00, 0x00, 0x50, 0x00, 0x00, 0x00, 0x58, 0x00, 0x00, 0x00, 0x60, 0x00,
    0x00, 0x00, 0x68, 0x00, 0x00, 0x00, 0x70, 0x00, 0x00, 0x00, 0x78, 0x00, 0x00, 0x00, 0x04, 0x00, 0x00, 0x00, 0x0c,
    0x00, 0x00, 0x00, 0x14, 0x00, 0x00, 0x00, 0x1c, 0x00, 0x00, 0x00, 0x24, 0x00, 0x00, 0x00, 0x2c, 0x00, 0x00, 0x00,
    0x34, 0x00, 0x00, 0x00, 0x3c, 0x00, 0x00, 0x00, 0x44, 0x00, 0x00, 0x00, 0x4c, 0x00, 0x00, 0x00, 0x54, 0x00, 0x00,
    0x00, 0x5c, 0x00, 0x00, 0x00, 0x64, 0x00, 0x00, 0x00, 0x6c, 0x00, 0x00, 0x00, 0x74, 0x00, 0x00, 0x00, 0x7c, 0x00,
    0x00, 0x00, 0x80, 0x00, 0x00, 0x00, 0x88, 0x00, 0x00, 0x00, 0x90, 0x00, 0x00, 0x00, 0x98, 0x00, 0x00, 0x00, 0xa0,
    0x00, 0x00, 0x00, 0xa8, 0x00, 0x00, 0x00, 0xb0, 0x00, 0x00, 0x00, 0xb8, 0x00, 0x00, 0x00, 0xc0, 0x00, 0x00, 0x00,
    0xc8, 0x00, 0x00, 0x00, 0xd0, 0x00, 0x00, 0x00, 0xd8, 0x00, 0x00, 0x00, 0xe0, 0x00, 0x00, 0x00, 0xe8, 0x00, 0x00,
    0x00, 0xf0, 0x00, 0x00, 0x00, 0xf8, 0x00, 0x00, 0x00, 0x84, 0x00, 0x00, 0x00, 0x8c, 0x00, 0x00, 0x00, 0x94, 0x00,
    0x00, 0x00, 0x9c, 0x00, 0x00, 0x00, 0xa4, 0x00, 0x00, 0x00, 0xac, 0x00, 0x00, 0x00, 0xb4, 0x00, 0x00, 0x00, 0xbc,
    0x00, 0x00, 0x00, 0xc4, 0x00, 0x00, 0x00, 0xcc, 0x00, 0x00, 0x00, 0xd4, 0x00, 0x00, 0x00, 0xdc, 0x00, 0x00, 0x00,
    0xe4, 0x00, 0x00, 0x00, 0xec, 0x00, 0x00, 0x00, 0xf4, 0x00, 0x00, 0x00, 0xfc, 0x00, 0x00, 0x00, 0xa0, 0x00, 0x00,
    0x00, 0x80, 0x00, 0x00, 0x00, 0xb0, 0x00, 0x00, 0x00, 0x90, 0x00, 0x00, 0x00, 0xa8, 0x00, 0x00, 0x00, 0x88, 0x00,
    0x00, 0x00, 0xb8, 0x00, 0x00, 0x00, 0x98, 0x00, 0x00, 0x00, 0xe0, 0x00, 0x00, 0x00, 0xc0, 0x00, 0x00, 0x00, 0xf0,
    0x00, 0x00, 0x00, 0xd0, 0x00, 0x00, 0x00, 0xe8, 0x00, 0x00, 0x00, 0xc8, 0x00, 0x00, 0x00, 0xf8, 0x00, 0x00, 0x00,
    0xd8, 0x00, 0x00, 0x00, 0xa0, 0x01, 0x00, 0x00, 0x80, 0x01, 0x00, 0x00, 0xb0, 0x01, 0x00, 0x00, 0x90, 0x01, 0x00,
    0x00, 0xa8, 0x01, 0x00, 0x00, 0x88, 0x01, 0x00, 0x00, 0xb8, 0x01, 0x00, 0x00, 0x98, 0x01, 0x00, 0x00, 0xe0, 0x01,
    0x00, 0x00, 0xc0, 0x01, 0x00, 0x00, 0xf0, 0x01, 0x00, 0x00, 0xd0, 0x01, 0x00, 0x00, 0xe8, 0x01, 0x00, 0x00, 0xc8,
    0x01, 0x00, 0x00, 0xf8, 0x01, 0x00, 0x00, 0xd8, 0x01, 0x00, 0x00, 0xa0, 0x02, 0x00, 0x00, 0x80, 0x02, 0x00, 0x00,
    0xb0, 0x02, 0x00, 0x00, 0x90, 0x02, 0x00, 0x00, 0xa8, 0x02, 0x00, 0x00, 0x88, 0x02, 0x00, 0x00, 0xb8, 0x02, 0x00,
    0x00, 0x98, 0x02, 0x00, 0x00, 0xe0, 0x02, 0x00, 0x00, 0xc0, 0x02, 0x00, 0x00, 0xf0, 0x02, 0x00, 0x00, 0xd0, 0x02,
    0x00, 0x00, 0xe8, 0x02, 0x00, 0x00, 0xc8, 0x02, 0x00, 0x00, 0xf8, 0x02, 0x00, 0x00, 0xd8, 0x02, 0x00, 0x00, 0xa0,
    0x03, 0x00, 0x00, 0x80, 0x03, 0x00, 0x00, 0xb0, 0x03, 0x00, 0x00, 0x90, 0x03, 0x00, 0x00, 0xa8, 0x03, 0x00, 0x00,
    0x88, 0x03, 0x00, 0x00, 0xb8, 0x03, 0x00, 0x00, 0x98, 0x03, 0x00, 0x00, 0xe0, 0x03, 0x00, 0x00, 0xc0, 0x03, 0x00,
    0x00, 0xf0, 0x03, 0x00, 0x00, 0xd0, 0x03, 0x00, 0x00, 0xe8, 0x03, 0x00, 0x00, 0xc8, 0x03, 0x00, 0x00, 0xf8, 0x03,
    0x00, 0x00, 0xd8, 0x03, 0x00, 0x00, 0x00, 0x00, 0x00, 0x00, 0x20, 0x00, 0x00, 0x00, 0x10, 0x00, 0x00, 0x00, 0x30,
    0x00, 0x00, 0x00, 0x08, 0x00, 0x00, 0x00, 0x28, 0x00, 0x00, 0x00, 0x18, 0x00, 0x00, 0x00, 0x38, 0x00, 0x00, 0x00,
    0x40, 0x00, 0x00, 0x00, 0x60, 0x00, 0x00, 0x00, 0x50, 0x00, 0x00, 0x00, 0x70, 0x00, 0x00, 0x00, 0x48, 0x00, 0x00,
    0x00, 0x68, 0x00, 0x00, 0x00, 0x58, 0x00, 0x00, 0x00, 0x78, 0x00, 0x00, 0x00, 0x00, 0x01, 0x00, 0x00, 0x20, 0x01,
    0x00, 0x00, 0x10, 0x01, 0x00, 0x00, 0x30, 0x01, 0x00, 0x00, 0x08, 0x01, 0x00, 0x00, 0x28, 0x01, 0x00, 0x00, 0x18,
    0x01, 0x00, 0x00, 0x38, 0x01, 0x00, 0x00, 0x40, 0x01, 0x00, 0x00, 0x60, 0x01, 0x00, 0x00, 0x50, 0x01, 0x00, 0x00,
    0x70, 0x01, 0x00, 0x00, 0x48, 0x01, 0x00, 0x00, 0x68, 0x01, 0x00, 0x00, 0x58, 0x01, 0x00, 0x00, 0x78, 0x01, 0x00,
    0x00, 0x00, 0x02, 0x00, 0x00, 0x20, 0x02, 0x00, 0x00, 0x10, 0x02, 0x00, 0x00, 0x30, 0x02, 0x00, 0x00, 0x08, 0x02,
    0x00, 0x00, 0x28, 0x02, 0x00, 0x00, 0x18, 0x02, 0x00, 0x00, 0x38, 0x02, 0x00, 0x00, 0x40, 0x02, 0x00, 0x00, 0x60,
    0x02, 0x00, 0x00, 0x50, 0x02, 0x00, 0x00, 0x70, 0x02, 0x00, 0x00, 0x48, 0x02, 0x00, 0x00, 0x68, 0x02, 0x00, 0x00,
    0x58, 0x02, 0x00, 0x00, 0x78, 0x02, 0x00, 0x00, 0x00, 0x03, 0x00, 0x00, 0x20, 0x03, 0x00, 0x00, 0x10, 0x03, 0x00,
    0x00, 0x30, 0x03, 0x00, 0x00, 0x08, 0x03, 0x00, 0x00, 0x28, 0x03, 0x00, 0x00, 0x18, 0x03, 0x00, 0x00, 0x38, 0x03,
    0x00, 0x00, 0x40, 0x03, 0x00, 0x00, 0x60, 0x03, 0x00, 0x00, 0x50, 0x03, 0x00, 0x00, 0x70, 0x03, 0x00, 0x00, 0x48,
    0x03, 0x00, 0x00, 0x68, 0x03, 0x00, 0x00, 0x58, 0x03, 0x00, 0x00, 0x78, 0x03, 0x00, 0x00, 0x00, 0x00, 0x00, 0x00,
    0xa0, 0x00, 0x00, 0x00, 0xe0, 0x00, 0x00, 0x00, 0x40, 0x00, 0x00, 0x00, 0x08, 0x00, 0x00, 0x00, 0xa8, 0x00, 0x00,
    0x00, 0xe8, 0x00, 0x00, 0x00, 0x48, 0x00, 0x00, 0x00, 0x10, 0x00, 0x00, 0x00, 0xb0, 0x00, 0x00, 0x00, 0xf0, 0x00,
    0x00, 0x00, 0x50, 0x00, 0x00, 0x00, 0x18, 0x00, 0x00, 0x00, 0xb8, 0x00, 0x00, 0x00, 0xf8, 0x00, 0x00, 0x00, 0x58,
    0x00, 0x00, 0x00, 0x20, 0x00, 0x00, 0x00, 0x80, 0x00, 0x00, 0x00, 0xc0, 0x00, 0x00, 0x00, 0x60, 0x00, 0x00, 0x00,
    0x28, 0x00, 0x00, 0x00, 0x88, 0x00, 0x00, 0x00, 0xc8, 0x00, 0x00, 0x00, 0x68, 0x00, 0x00, 0x00, 0x30, 0x00, 0x00,
    0x00, 0x90, 0x00, 0x00, 0x00, 0xd0, 0x00, 0x00, 0x00, 0x70, 0x00, 0x00, 0x00, 0x38, 0x00, 0x00, 0x00, 0x98, 0x00,
    0x00, 0x00, 0xd8, 0x00, 0x00, 0x00, 0x78, 0x00, 0x00, 0x00, 0x00, 0x01, 0x00, 0x00, 0xa0, 0x01, 0x00, 0x00, 0xe0,
    0x01, 0x00, 0x00, 0x40, 0x01, 0x00, 0x00, 0x08, 0x01, 0x00, 0x00, 0xa8, 0x01, 0x00, 0x00, 0xe8, 0x01, 0x00, 0x00,
    0x48, 0x01, 0x00, 0x00, 0x10, 0x01, 0x00, 0x00, 0xb0, 0x01, 0x00, 0x00, 0xf0, 0x01, 0x00, 0x00, 0x50, 0x01, 0x00,
    0x00, 0x18, 0x01, 0x00, 0x00, 0xb8, 0x01, 0x00, 0x00, 0xf8, 0x01, 0x00, 0x00, 0x58, 0x01, 0x00, 0x00, 0x20, 0x01,
    0x00, 0x00, 0x80, 0x01, 0x00, 0x00, 0xc0, 0x01, 0x00, 0x00, 0x60, 0x01, 0x00, 0x00, 0x28, 0x01, 0x00, 0x00, 0x88,
    0x01, 0x00, 0x00, 0xc8, 0x01, 0x00, 0x00, 0x68, 0x01, 0x00, 0x00, 0x30, 0x01, 0x00, 0x00, 0x90, 0x01, 0x00, 0x00,
    0xd0, 0x01, 0x00, 0x00, 0x70, 0x01, 0x00, 0x00, 0x38, 0x01, 0x00, 0x00, 0x98, 0x01, 0x00, 0x00, 0xd8, 0x01, 0x00,
    0x00, 0x78, 0x01, 0x00, 0x00, 0x00, 0x38, 0x00, 0x38, 0x00, 0x34, 0x00, 0x34, 0x00, 0xb4, 0x00, 0xb4, 0x00, 0x38,
    0x00, 0x38, 0x00, 0x3c, 0x00, 0x3c, 0x00, 0x38, 0x00, 0x38, 0x00, 0xb8, 0x00, 0xb8, 0x00, 0x3c, 0x00, 0x3c, 0x00,
    0x00, 0x00, 0x00, 0x00, 0x3c, 0x00, 0x3c, 0x00, 0xbc, 0x00, 0xbc, 0x00, 0x00, 0x00, 0x00, 0x00, 0x3c, 0x00, 0x3c,
    0x00, 0x3c, 0x00, 0x3c, 0x00, 0x3c, 0x00, 0x3c, 0x00, 0xbc, 0x00, 0xbc, 0x00, 0xbc, 0x00, 0xbc, 0x00, 0x3c, 0x00,
    0x3c, 0x00, 0xbc, 0x00, 0xbc, 0x00, 0xbc, 0x00, 0xbc, 0x00, 0x00, 0x00, 0x00, 0x04, 0x00, 0x00, 0x00, 0x10, 0x00,
    0x00, 0x00, 0x14, 0x00, 0x00, 0x00, 0x30, 0x00, 0x00, 0x00, 0x34, 0x00, 0x00, 0x00, 0x20, 0x00, 0x00, 0x00, 0x24,
    0x00, 0x00, 0x00, 0x08, 0x00, 0x00, 0x00, 0x0c, 0x00, 0x00, 0x00, 0x18, 0x00, 0x00, 0x00, 0x1c, 0x00, 0x00, 0x00,
    0x38, 0x00, 0x00, 0x00, 0x3c, 0x00, 0x00, 0x00, 0x28, 0x00, 0x00, 0x00, 0x2c, 0x00, 0x00, 0x00, 0x40, 0x10, 0x00,
    0x00, 0x44, 0x10, 0x00, 0x00, 0x50, 0x10, 0x00, 0x00, 0x54, 0x10, 0x00, 0x00, 0x70, 0x10, 0x00, 0x00, 0x74, 0x10,
    0x00, 0x00, 0x60, 0x10, 0x00, 0x00, 0x64, 0x10, 0x00, 0x00, 0x48, 0x10, 0x00, 0x00, 0x4c, 0x10, 0x00, 0x00, 0x58,
    0x10, 0x00, 0x00, 0x5c, 0x10, 0x00, 0x00, 0x78, 0x10, 0x00, 0x00, 0x7c, 0x10, 0x00, 0x00, 0x68, 0x10, 0x00, 0x00,
    0x6c, 0x10, 0x00, 0x00, 0x40, 0x00, 0x00, 0x00, 0x44, 0x00, 0x00, 0x00, 0x50, 0x00, 0x00, 0x00, 0x54, 0x00, 0x00,
    0x00, 0x70, 0x00, 0x00, 0x00, 0x74, 0x00, 0x00, 0x00, 0x60, 0x00, 0x00, 0x00, 0x64, 0x00, 0x00, 0x00, 0x48, 0x00,
    0x00, 0x00, 0x4c, 0x00, 0x00, 0x00, 0x58, 0x00, 0x00, 0x00, 0x5c, 0x00, 0x00, 0x00, 0x78, 0x00, 0x00, 0x00, 0x7c,
    0x00, 0x00, 0x00, 0x68, 0x00, 0x00, 0x00, 0x6c, 0x00, 0x00, 0x00, 0x80, 0x10, 0x00, 0x00, 0x84, 0x10, 0x00, 0x00,
    0x90, 0x10, 0x00, 0x00, 0x94, 0x10, 0x00, 0x00, 0xb0, 0x10, 0x00, 0x00, 0xb4, 0x10, 0x00, 0x00, 0xa0, 0x10, 0x00,
    0x00, 0xa4, 0x10, 0x00, 0x00, 0x88, 0x10, 0x00, 0x00, 0x8c, 0x10, 0x00, 0x00, 0x98, 0x10, 0x00, 0x00, 0x9c, 0x10,
    0x00, 0x00, 0xb8, 0x10, 0x00, 0x00, 0xbc, 0x10, 0x00, 0x00, 0xa8, 0x10, 0x00, 0x00, 0xac, 0x10, 0x00, 0x00, 0x00,
    0x00, 0x81, 0xbf, 0x00, 0x00, 0x80, 0xbf, 0x00, 0x00, 0x80, 0xbf, 0x00, 0x00, 0x80, 0xbf, 0x00, 0x00, 0x80, 0xbf,
    0x00, 0x00, 0x80, 0xbf, 0x00, 0x00, 0x80, 0xbf, 0x00, 0x00, 0x80, 0xbf, 0x00, 0x00, 0x80, 0xbf, 0x00, 0x00, 0x80,
    0xbf, 0x00, 0x00, 0x80, 0xbf, 0x00, 0x00, 0x80, 0xbf, 0x00, 0x00, 0x80, 0xbf, 0x00, 0x00, 0x80, 0xbf, 0x00, 0x00,
    0x80, 0xbf, 0x00, 0x00, 0x80, 0xbf, 0x00, 0x00, 0x80, 0xbf, 0x00, 0x00, 0x80, 0xbf, 0x00, 0x00, 0x80, 0xbf, 0x00,
    0x00, 0x80, 0xbf, 0x00, 0x00, 0x80, 0xbf, 0x00, 0x00, 0x80, 0xbf, 0x00, 0x00, 0x80, 0xbf, 0x00, 0x00, 0x80, 0xbf,
    0x00, 0x00, 0x80, 0xbf, 0x00, 0x00, 0x80, 0xbf, 0x00, 0x00, 0x80, 0xbf, 0x00, 0x00, 0x80, 0xbf, 0x00, 0x00, 0x80,
    0xbf, 0x00, 0x00, 0x80, 0xbf, 0x00, 0x00, 0x80, 0xbf, 0x00, 0x00, 0x80, 0xbf, 0x00, 0x00, 0x80, 0xbf, 0x00, 0x00,
    0x80, 0xbf, 0x00, 0x00, 0x80, 0xbf, 0x00, 0x00, 0x80, 0xbf, 0x00, 0x00, 0x80, 0xbf, 0x00, 0x00, 0x80, 0xbf, 0x00,
    0x00, 0x80, 0xbf, 0x00, 0x00, 0x80, 0xbf, 0x00, 0x00, 0x80, 0xbf, 0x00, 0x00, 0x80, 0xbf, 0x00, 0x00, 0x80, 0xbf,
    0x00, 0x00, 0x80, 0xbf, 0x00, 0x00, 0x80, 0xbf, 0x00, 0x00, 0x80, 0xbf, 0x00, 0x00, 0x80, 0xbf, 0x00, 0x00, 0x80,
    0xbf, 0x00, 0x00, 0x80, 0xbf, 0x00, 0x00, 0x80, 0xbf, 0x00, 0x00, 0x80, 0xbf, 0x00, 0x00, 0x80, 0xbf, 0x00, 0x00,
    0x80, 0xbf, 0x00, 0x00, 0x80, 0xbf, 0x00, 0x00, 0x80, 0xbf, 0x00, 0x00, 0x80, 0xbf, 0x00, 0x00, 0x80, 0xbf, 0x00,
    0x00, 0x80, 0xbf, 0x00, 0x00, 0x80, 0xbf, 0x00, 0x00, 0x80, 0xbf, 0x00, 0x00, 0x80, 0xbf, 0x00, 0x00, 0x80, 0xbf,
    0x00, 0x00, 0x80, 0xbf, 0x00, 0x00, 0x80, 0xbf, 0x00, 0x00, 0x80, 0xbf, 0x00, 0x00, 0x80, 0xbf, 0x00, 0x00, 0x80,
    0xbf, 0x00, 0x00, 0x80, 0xbf, 0x00, 0x00, 0x80, 0xbf, 0x00, 0x00, 0x80, 0xbf, 0x00, 0x00, 0x80, 0xbf, 0x00, 0x00,
    0x80, 0xbf, 0x00, 0x00, 0x80, 0xbf, 0x00, 0x00, 0x80, 0xbf, 0x00, 0x00, 0x80, 0xbf, 0x00, 0x00, 0x80, 0xbf, 0x00,
    0x00, 0x80, 0xbf, 0x00, 0x00, 0x80, 0xbf, 0x00, 0x00, 0x80, 0xbf, 0x00, 0x00, 0x80, 0xbf, 0x00, 0x00, 0x80, 0xbf,
    0x00, 0x00, 0x80, 0xbf, 0x00, 0x00, 0x80, 0xbf, 0x00, 0x00, 0x80, 0xbf, 0x00, 0x00, 0x80, 0xbf, 0x00, 0x00, 0x80,
    0xbf, 0x00, 0x00, 0x80, 0xbf, 0x00, 0x00, 0x80, 0xbf, 0x00, 0x00, 0x80, 0xbf, 0x00, 0x00, 0x80, 0xbf, 0x00, 0x00,
    0x80, 0xbf, 0x00, 0x00, 0x80, 0xbf, 0x00, 0x00, 0x80, 0xbf, 0x00, 0x00, 0x80, 0xbf, 0x00, 0x00, 0x80, 0xbf, 0x00,
    0x00, 0x80, 0xbf, 0x00, 0x00, 0x80, 0xbf, 0x00, 0x00, 0x80, 0xbf, 0x00, 0x00, 0x80, 0xbf, 0x00, 0x00, 0x80, 0xbf,
    0x00, 0x00, 0x80, 0xbf, 0x00, 0x00, 0x80, 0xbf, 0x00, 0x00, 0x80, 0xbf, 0x00, 0x00, 0x80, 0xbf, 0x00, 0x00, 0x80,
    0xbf, 0x00, 0x00, 0x80, 0xbf, 0x00, 0x00, 0x80, 0xbf, 0x00, 0x00, 0x80, 0xbf, 0x00, 0x00, 0x80, 0xbf, 0x00, 0x00,
    0x80, 0xbf, 0x00, 0x00, 0x80, 0xbf, 0x00, 0x00, 0x80, 0xbf, 0x00, 0x00, 0x80, 0xbf, 0x00, 0x00, 0x80, 0xbf, 0x00,
    0x00, 0x80, 0xbf, 0x00, 0x00, 0x80, 0xbf, 0x00, 0x00, 0x80, 0xbf, 0x00, 0x00, 0x80, 0xbf, 0x00, 0x00, 0x80, 0xbf,
    0x00, 0x00, 0x80, 0xbf, 0x00, 0x00, 0x80, 0xbf, 0x00, 0x00, 0x80, 0xbf, 0x00, 0x00, 0x80, 0xbf, 0x00, 0x00, 0x80,
    0xbf, 0x00, 0x00, 0x9f, 0xbf, 0x00, 0x00, 0x9f, 0xbf, 0x00, 0x00, 0x9f, 0xbf, 0x00, 0x00, 0x9f, 0xbf, 0x00, 0x00,
    0x9f, 0xbf, 0x00, 0x00, 0x00, 0x00, 0x00, 0x00, 0x00, 0x00, 0x00, 0x00, 0x00, 0x00, 0x00, 0x5f, 0x61, 0x6d, 0x64,
    0x67, 0x70, 0x75, 0x5f, 0x63, 0x73, 0x5f, 0x6d, 0x61, 0x69, 0x6e, 0x00, 0x00, 0x00, 0x00, 0x00, 0x00, 0x00, 0x00,
    0x00, 0x00, 0x00, 0x00, 0x00, 0x00, 0x00, 0x00, 0x00, 0x00, 0x00, 0x00, 0x00, 0x00, 0x00, 0x00, 0x00, 0x01, 0x00,
    0x00, 0x00, 0x02, 0x00, 0x02, 0x00, 0x00, 0x00, 0x00, 0x00, 0x00, 0x00, 0x00, 0x00, 0x20, 0xa6, 0x00, 0x00, 0x00,
    0x00, 0x00, 0x00, 0x07, 0x00, 0x00, 0x00, 0xc9, 0x01, 0x00, 0x00, 0x20, 0x00, 0x00, 0x00, 0x41, 0x4d, 0x44, 0x47,
    0x50, 0x55, 0x00, 0x00, 0x82, 0xae, 0x61, 0x6d, 0x64, 0x70, 0x61, 0x6c, 0x2e, 0x76, 0x65, 0x72, 0x73, 0x69, 0x6f,
    0x6e, 0x92, 0x02, 0x06, 0xb0, 0x61, 0x6d, 0x64, 0x70, 0x61, 0x6c, 0x2e, 0x70, 0x69, 0x70, 0x65, 0x6c, 0x69, 0x6e,
    0x65, 0x73, 0x91, 0x88, 0xa5, 0x2e, 0x6e, 0x61, 0x6d, 0x65, 0xb2, 0x43, 0x6f, 0x6e, 0x76, 0x55, 0x6c, 0x74, 0x72,
    0x61, 0x5f, 0x45, 0x76, 0x61, 0x6c, 0x5f, 0x45, 0x6c, 0x66, 0xa5, 0x2e, 0x74, 0x79, 0x70, 0x65, 0xa2, 0x43, 0x73,
    0xb7, 0x2e, 0x69, 0x6e, 0x74, 0x65, 0x72, 0x6e, 0x61, 0x6c, 0x5f, 0x70, 0x69, 0x70, 0x65, 0x6c, 0x69, 0x6e, 0x65,
    0x5f, 0x68, 0x61, 0x73, 0x68, 0x92, 0xcf, 0x44, 0xdf, 0xf6, 0xac, 0x5e, 0xc9, 0x9e, 0x62, 0xcf, 0x44, 0xdf, 0xf6,
    0xac, 0x5e, 0xc9, 0x9e, 0x62, 0xa8, 0x2e, 0x73, 0x68, 0x61, 0x64, 0x65, 0x72, 0x73, 0x81, 0xa8, 0x2e, 0x63, 0x6f,
    0x6d, 0x70, 0x75, 0x74, 0x65, 0x82, 0xb0, 0x2e, 0x61, 0x70, 0x69, 0x5f, 0x73, 0x68, 0x61, 0x64, 0x65, 0x72, 0x5f,
    0x68, 0x61, 0x73, 0x68, 0x92, 0xcf, 0xe2, 0x6f, 0x29, 0x45, 0x2d, 0x8c, 0x0f, 0xbb, 0xcf, 0xbc, 0xa6, 0xb7, 0x27,
    0x69, 0x53, 0xf9, 0x17, 0xb1, 0x2e, 0x68, 0x61, 0x72, 0x64, 0x77, 0x61, 0x72, 0x65, 0x5f, 0x6d, 0x61, 0x70, 0x70,
    0x69, 0x6e, 0x67, 0x91, 0xa3, 0x2e, 0x63, 0x73, 0xb0, 0x2e, 0x68, 0x61, 0x72, 0x64, 0x77, 0x61, 0x72, 0x65, 0x5f,
    0x73, 0x74, 0x61, 0x67, 0x65, 0x73, 0x81, 0xa3, 0x2e, 0x63, 0x73, 0x86, 0xac, 0x2e, 0x65, 0x6e, 0x74, 0x72, 0x79,
    0x5f, 0x70, 0x6f, 0x69, 0x6e, 0x74, 0xaf, 0x5f, 0x61, 0x6d, 0x64, 0x67, 0x70, 0x75, 0x5f, 0x63, 0x73, 0x5f, 0x6d,
    0x61, 0x69, 0x6e, 0xa9, 0x2e, 0x6c, 0x64, 0x73, 0x5f, 0x73, 0x69, 0x7a, 0x65, 0xcd, 0x20, 0x00, 0xab, 0x2e, 0x73,
    0x67, 0x70, 0x72, 0x5f, 0x63, 0x6f, 0x75, 0x6e, 0x74, 0x64, 0xab, 0x2e, 0x76, 0x67, 0x70, 0x72, 0x5f, 0x63, 0x6f,
    0x75, 0x6e, 0x74, 0xcc, 0xfe, 0xb7, 0x2e, 0x74, 0x68, 0x72, 0x65, 0x61, 0x64, 0x67, 0x72, 0x6f, 0x75, 0x70, 0x5f,
    0x64, 0x69, 0x6d, 0x65, 0x6e, 0x73, 0x69, 0x6f, 0x6e, 0x73, 0x93, 0xcd, 0x01, 0x00, 0x01, 0x01, 0xaf, 0x2e, 0x77,
    0x61, 0x76, 0x65, 0x66, 0x72, 0x6f, 0x6e, 0x74, 0x5f, 0x73, 0x69, 0x7a, 0x65, 0x40, 0xaa, 0x2e, 0x72, 0x65, 0x67,
    0x69, 0x73, 0x74, 0x65, 0x72, 0x73, 0x8d, 0xcd, 0x2e, 0x12, 0xcd, 0x03, 0x3f, 0xcd, 0x2e, 0x13, 0xce, 0x00, 0x40,
    0x08, 0x90, 0xcd, 0x2e, 0x28, 0x00, 0xcd, 0x2e, 0x2a, 0xce, 0xbf, 0xe0, 0x5e, 0x92, 0xcd, 0x2e, 0x07, 0xce, 0x01,
    0x00, 0x01, 0x00, 0xcd, 0x2e, 0x08, 0xce, 0x00, 0x01, 0x00, 0x01, 0xcd, 0x2e, 0x09, 0xce, 0x00, 0x01, 0x00, 0x01,
    0xcd, 0x2e, 0x42, 0x00, 0xcd, 0x2e, 0x43, 0x01, 0xcd, 0x2e, 0x44, 0x02, 0xcd, 0x2e, 0x45, 0x03, 0xcd, 0x2e, 0x46,
    0x04, 0xcd, 0x2e, 0x47, 0x05, 0xb0, 0x2e, 0x75, 0x73, 0x65, 0x72, 0x5f, 0x64, 0x61, 0x74, 0x61, 0x5f, 0x6c, 0x69,
    0x6d, 0x69, 0x74, 0x06, 0xb0, 0x2e, 0x73, 0x70, 0x69, 0x6c, 0x6c, 0x5f, 0x74, 0x68, 0x72, 0x65, 0x73, 0x68, 0x6f,
    0x6c, 0x64, 0xcd, 0xff, 0xff, 0x00, 0x00, 0x00, 0x00, 0x00, 0x00, 0x00, 0x00, 0x00, 0x00, 0x00, 0x00, 0x00, 0x00,
    0x00, 0x00, 0x00, 0x00, 0x00, 0x00, 0x00, 0x00, 0x00, 0x00, 0x00, 0x00, 0x00, 0x00, 0x00, 0x00, 0x00, 0x00, 0x00,
    0x00, 0x00, 0x00, 0x00, 0x00, 0x00, 0x00, 0x00, 0x00, 0x00, 0x00, 0x00, 0x00, 0x00, 0x00, 0x00, 0x00, 0x00, 0x00,
    0x00, 0x00, 0x00, 0x00, 0x00, 0x00, 0x00, 0x00, 0x00, 0x00, 0x00, 0x00, 0x00, 0x00, 0x00, 0x01, 0x00, 0x00, 0x00,
    0x03, 0x00, 0x00, 0x00, 0x00, 0x00, 0x00, 0x00, 0x00, 0x00, 0x00, 0x00, 0x00, 0x00, 0x00, 0x00, 0x00, 0x00, 0x00,
    0x00, 0x40, 0x00, 0x00, 0x00, 0x00, 0x00, 0x00, 0x00, 0x27, 0x00, 0x00, 0x00, 0x00, 0x00, 0x00, 0x00, 0x00, 0x00,
    0x00, 0x00, 0x00, 0x00, 0x00, 0x00, 0x00, 0x00, 0x00, 0x00, 0x00, 0x00, 0x00, 0x00, 0x00, 0x00, 0x00, 0x00, 0x00,
    0x00, 0x00, 0x00, 0x0b, 0x00, 0x00, 0x00, 0x01, 0x00, 0x00, 0x00, 0x06, 0x00, 0x00, 0x00, 0x00, 0x00, 0x00, 0x00,
    0x00, 0x00, 0x00, 0x00, 0x00, 0x00, 0x00, 0x00, 0x67, 0x00, 0x00, 0x00, 0x00, 0x00, 0x00, 0x00, 0x20, 0xa6, 0x00,
    0x00, 0x00, 0x00, 0x00, 0x00, 0x00, 0x00, 0x00, 0x00, 0x00, 0x00, 0x00, 0x00, 0x00, 0x01, 0x00, 0x00, 0x00, 0x00,
    0x00, 0x00, 0x00, 0x00, 0x00, 0x00, 0x00, 0x00, 0x00, 0x00, 0x11, 0x00, 0x00, 0x00, 0x03, 0x00, 0x00, 0x00, 0x00,
    0x00, 0x00, 0x00, 0x00, 0x00, 0x00, 0x00, 0x00, 0x00, 0x00, 0x00, 0x00, 0x00, 0x00, 0x00, 0x87, 0xa6, 0x00, 0x00,
    0x00, 0x00, 0x00, 0x00, 0x11, 0x00, 0x00, 0x00, 0x00, 0x00, 0x00, 0x00, 0x00, 0x00, 0x00, 0x00, 0x00, 0x00, 0x00,
    0x00, 0x00, 0x00, 0x00, 0x00, 0x00, 0x00, 0x00, 0x00, 0x00, 0x00, 0x00, 0x00, 0x00, 0x00, 0x00, 0x00, 0x19, 0x00,
    0x00, 0x00, 0x02, 0x00, 0x00, 0x00, 0x00, 0x00, 0x00, 0x00, 0x00, 0x00, 0x00, 0x00, 0x00, 0x00, 0x00, 0x00, 0x00,
    0x00, 0x00, 0x00, 0x98, 0xa6, 0x00, 0x00, 0x00, 0x00, 0x00, 0x00, 0x30, 0x00, 0x00, 0x00, 0x00, 0x00, 0x00, 0x00,
    0x03, 0x00, 0x00, 0x00, 0x00, 0x00, 0x00, 0x00, 0x00, 0x00, 0x00, 0x00, 0x00, 0x00, 0x00, 0x00, 0x18, 0x00, 0x00,
    0x00, 0x00, 0x00, 0x00, 0x00, 0x21, 0x00, 0x00, 0x00, 0x07, 0x00, 0x00, 0x00, 0x00, 0x00, 0x00, 0x00, 0x00, 0x00,
    0x00, 0x00, 0x00, 0x00, 0x00, 0x00, 0x00, 0x00, 0x00, 0x00, 0xc8, 0xa6, 0x00, 0x00, 0x00, 0x00, 0x00, 0x00, 0xe0,
    0x01, 0x00, 0x00, 0x00, 0x00, 0x00, 0x00, 0x00, 0x00, 0x00, 0x00, 0x00, 0x00, 0x00, 0x00, 0x00, 0x00, 0x00, 0x00,
    0x00,     0x00, 0x00, 0x00, 0x00, 0x00, 0x00, 0x00, 0x00, 0x00, 0x00, 0x00,
    },
    .m_kernelName = {},
    .m_compilerVersion = {},
    .m_codeObjectVersion = 0,
    .m_isRelocatable = true,
    .m_shaderType = ShaderTypesFlags::UNKNOWN
};

// The initialization phase shader, which computes control data consumed by the evaluation shader. Compiled from wuc13_group_loop.hlsl using ssc:
//     ssc.exe /input wuc13_group_loop.hlsl /profile cs_6_4 /entry main /baselogicalid 0 /dumpbin /options /enable-16bit-types
constexpr StaticShaderILType<765> ConvUltra_Init_IlBinary =
{
    .m_binary = {
    0x00050064, 0x000002fd, 0x4c495844, 0x00000104, 0x00000010, 0x00000bdc, 0xdec04342, 0x00000c21,
    0x000002f4, 0x0020820b, 0x00000002, 0x00000013, 0x91238107, 0x4904c841, 0x39321006, 0x0c840192,
    0x19080525, 0x628b041e, 0x02451480, 0x420b9242, 0x143210a4, 0x4b180838, 0x8852320a, 0x20149048,
    0xa5884643, 0x42321900, 0x900e48e4, 0x50c42291, 0x8c815141, 0x8ae583e1, 0x06462904, 0x00001851,
    0x0000000b, 0xffe08c1b, 0x07ffffff, 0x0da80240, 0xfffff084, 0x2003ffff, 0xff86306d, 0x1fffffff,
    0x36900600, 0xffffc418, 0x800fffff, 0x00005404, 0x00001849, 0x00000003, 0x42608213, 0x86084c20,
    0x00010109, 0x00002089, 0x00000036, 0x09482232, 0x04856420, 0x84a42293, 0xe3229304, 0x1490a184,
    0x8c8a4c12, 0x4ca4840b, 0x04737c10, 0x60409060, 0x46182110, 0x88304a00, 0x40000194, 0x28208e66,
    0x52880203, 0xb4000619, 0x6a1008e6, 0x3f970cf7, 0xf9210f61, 0x0b0cd021, 0x96570281, 0x00001e01,
    0xc100d000, 0x9fcb86a3, 0x7c9087b0, 0x958aa36e, 0xb6e47c98, 0x00000111, 0x01e09085, 0xa078c59a,
    0x0ea88001, 0x0664cc04, 0xe10ec0e3, 0xe0f30f30, 0x0b70b206, 0xf20f40b3, 0x40e30f50, 0x0f20f50f,
    0xa20e40e5, 0x60e60f50, 0x0f20e50e, 0xee0f507c, 0x70e90f30, 0x0e50ee0e, 0xe90600e4, 0xe0f40ee0,
    0x84002807, 0x879a416f, 0x0220529a, 0x00310918, 0x00000000, 0x7a400000, 0xa614008e, 0x80110600,
    0x00000001, 0xc0721413, 0x87607487, 0x79876836, 0xc0720368, 0x50ae0d87, 0x0ed06d0e, 0x6d0e507a,
    0x307a0f00, 0x07a07207, 0x6d072073, 0xa0710e90, 0x07207307, 0x780e906d, 0xd07807a0, 0x0710e906,
    0x7107a076, 0x906d0760, 0x0720730e, 0x7207307a, 0x60e906d0, 0x07a07407, 0x6d074076, 0x60710e60,
    0x07107a07, 0xe606d076, 0xa0720730, 0x07207307, 0x760e606d, 0x607a0740, 0x06d07407, 0x7a0780ee,
    0xa0760710, 0x07207307, 0x7407607a, 0x0240f3a0, 0x44523219, 0x00076004, 0x0008790f, 0x00000000,
    0x00000000, 0x18f21800, 0x00040040, 0x00000000, 0xe4300000, 0x08008031, 0x00000000, 0x60000000,
    0x010093c8, 0x00000020, 0x00000000, 0x016790c0, 0x00006002, 0x00000000, 0x0f218000, 0x00800404,
    0x00000000, 0x43000000, 0x0008099e, 0x00000002, 0x00000000, 0x10153c86, 0x00000400, 0x00000000,
    0x00816400, 0x0000000c, 0x14981e32, 0x904c1119, 0x4726098c, 0x024304c6, 0xe5085025, 0x00230c50,
    0x05605185, 0x04684018, 0x4008f880, 0x27020281, 0xa0019ed0, 0x0000033c, 0x00001879, 0x0000004c,
    0x904c031a, 0xc4130246, 0xec6f0c8e, 0x240c4ded, 0x45c6e5c6, 0xc7060666, 0xc50406e5, 0x86aca726,
    0x07264ca6, 0x10436526, 0x6480104c, 0x1b280082, 0x20988184, 0x6106cb00, 0xcd8c2830, 0x6600104d,
    0xc42480c3, 0x26680104, 0x60455908, 0x13380082, 0xb0da2404, 0x2cb34c2c, 0x4f3cf383, 0x268021b1,
    0x41351b08, 0xc80d9e00, 0x32cb3522, 0x8086c04c, 0x510040da, 0x8a104c05, 0x585b4480, 0x8104db9a,
    0x0008269b, 0x86d061b4, 0x64b10361, 0xb8a1b6c4, 0x38e2c030, 0xf1d1b9a4, 0x4b736b79, 0x2ba37b83,
    0x1903a373, 0x63930b43, 0x06d69534, 0x320656c7, 0xb2b432f4, 0x14254202, 0x0021b414, 0x27020983,
    0x30be186d, 0x830d8310, 0xb0620637, 0x32032061, 0x6c2a8310, 0x2e6d766c, 0x6e656469, 0xa0825374,
    0x8b9e190a, 0x5cdc995d, 0x94db9bda, 0x86426880, 0xc61762e7, 0x37265766, 0x90ea3025, 0xa1ccb9e1,
    0xc9959185, 0x9591bd35, 0x92094db1, 0x2e786432, 0x6f736572, 0x65637275, 0xaa825373, 0x4b9e190e,
    0x5c9d1b99, 0x9a5bd41e, 0x94dcdd1b, 0x00000380, 0x00001879, 0x00000051, 0x1c800833, 0x661ce1c4,
    0x883d0114, 0xc3843843, 0x0780428c, 0x73077879, 0xe60c7198, 0x10ed0f00, 0x0e80f40e, 0x1e420c33,
    0xce1dc1c2, 0x30661ca1, 0x43883d05, 0x1b838438, 0xc83d03cc, 0x038c3d43, 0x8c78cc3d, 0x7b077074,
    0x48790708, 0x07707087, 0x7603707a, 0x20708778, 0x11cc1987, 0x0e90ec0e, 0x6e0f30e1, 0xf0e30f30,
    0x0e50f00e, 0x1dc41033, 0xd81c21de, 0x61c21d21, 0x8930661e, 0x3b83bc3b, 0xb43943d0, 0x83bc3c03,
    0x3b03843c, 0x7614f0cc, 0x687b0760, 0x87683707, 0x37076872, 0x90708780, 0x07607087, 0x76072876,
    0x787605f8, 0x87807787, 0x7187085f, 0x98728718, 0x81987987, 0x0ef0ee2c, 0xf50ee0ee, 0x30ec0ec0,
    0xa1c86203, 0x1ca1e41c, 0xe41ca1cc, 0x61dc1ca1, 0x1c21ca1c, 0xca1d81c4, 0x90d60661, 0x43c83943,
    0x39439839, 0xb83943c8, 0x439438c3, 0x3b038838, 0xbc2fc394, 0x82fc3c83, 0x3b03d43b, 0xc40cc3b0,
    0x707c0721, 0x87287a03, 0x19878076, 0xf80e43d1, 0x20e406e0, 0x06e0e70e, 0xf20e10f6, 0x90e10ec0,
    0x0f50ef0f, 0x818330f4, 0xdc1f01c8, 0xa1e41c40, 0x1d61c21c, 0xe41c40dc, 0x00000001, 0x00002071,
    0x00000023, 0x7e04c005, 0x081cf24c, 0xc983419c, 0xc33415a0, 0x1f8f3be5, 0x10845100, 0xc36c1d91,
    0x2f8f3be5, 0x10515404, 0x4300e951, 0x80801849, 0x1b6dc8f9, 0xbe5c3482, 0x4442f8f3, 0x02111300,
    0x3610b0cd, 0xef970d10, 0x3911be3c, 0x3e0e23d4, 0x8066db72, 0x3cef970d, 0x1b58047e, 0xc4441455,
    0xf8444e4e, 0x409b6dc8, 0xf3be5c36, 0x1111d3f8, 0x620e20c0, 0xf50e4603, 0x1b6dc8f8, 0xbe5c3441,
    0x5016f8f3, 0xb4b2da11, 0x00584511, 0x034800c1, 0x00002061, 0x0000017e, 0x10660413, 0x0000040b,
    0x0000000b, 0x08aeca04, 0x663ca0ca, 0x70ae4a00, 0xca78a80a, 0x0378a037, 0x0340a50a, 0x0a40a20a,
    0x03c8a053, 0xb500d508, 0xe2022812, 0x007e5025, 0x00090623, 0x91506082, 0xdf7c4441, 0x00906236,
    0x55060820, 0x18044819, 0x62370180, 0x08200060, 0x3c1b0606, 0x60623061, 0x06082000, 0x623c1b06,
    0x00706230, 0x53060820, 0x19c3681a, 0x4004268c, 0x23706905, 0x82000706, 0x41b13060, 0x68c19867,
    0x10d43042, 0x00c268c8, 0x68c81094, 0x00542202, 0xa09a3707, 0x32042504, 0x2508909a, 0x1d465204,
    0x80760540, 0x5401dc65, 0x62380780, 0x08200070, 0xb01ed306, 0xa306b541, 0xdc308109, 0x30640550,
    0xc14c10cb, 0x5030812c, 0xc44ac401, 0x7a054106, 0x07062370, 0x30608200, 0x681c4281, 0x109a3070,
    0x5504350c, 0x30253084, 0x26334355, 0x4a05c290, 0x4d1b8528, 0x821a8040, 0x00383118, 0x49830410,
    0x0c80f615, 0x21346150, 0xe208aa18, 0xac162e08, 0xe06e09c1, 0xc3c06572, 0xf7044084, 0xe031b8f0,
    0x83204261, 0xa0a8023a, 0x58788b80, 0x38370750, 0x01a1c789, 0x1902130f, 0xb0f0199c, 0x19819025,
    0x202a0401, 0x4780f2e0, 0xc5a07d05, 0x80017804, 0x2ae1c40a, 0xa3ad05a8, 0x54000bc0, 0x445a0e60,
    0xa30665b0, 0x41cc1500, 0x53074095, 0x05401a01, 0xd4255074, 0x06d054c1, 0x5c3bc660, 0xb87808c0,
    0x106b0940, 0xd441a425, 0x0c81f41e, 0x2041d437, 0x070dc306, 0x0541881d, 0x1032ce82, 0x3a485043,
    0x1c0268c0, 0x420dc308, 0x04b30630, 0x420540c4, 0xcc30821e, 0x50461432, 0x68c03b4b, 0xc3041d02,
    0x0630420d, 0x40c604b3, 0x841ec205, 0x0ff61850, 0x44033837, 0x011ec205, 0x00e0c462, 0xa60c1040,
    0x5f87b092, 0x84d187f8, 0x086e1820, 0x282832ae, 0x638259d8, 0x113002a0, 0x81b844e3, 0x8c45000a,
    0x1966e113, 0x31186414, 0x04100038, 0xf8256983, 0x62521ca1, 0x6a002134, 0x41b860d0, 0x9660c408,
    0x11825121, 0x41000383, 0x025e9830, 0x2521d224, 0x61821346, 0xcae821b8, 0x19409660, 0x03c840e8,
    0x48438f21, 0x3b89894a, 0xc2054401, 0x945832ce, 0xdc4d1363, 0x6760a6a0, 0x1a061c19, 0x10003831,
    0x27098304, 0x6c1e4252, 0x10213462, 0x34821b86, 0x86598310, 0x134609c6, 0x21b86086, 0x98328350,
    0x3a067025, 0xf460fd10, 0x119a1163, 0xffff9908, 0x9e001fff, 0x51004e38, 0x0cb3b081, 0x7299975f,
    0x25983712, 0xd2185688, 0x61f62782, 0xec08a0d8, 0x7ffffffd, 0xc4600600, 0x104000c0, 0x40b2960c,
    0x7e289389, 0x615c0998, 0x089f0b58, 0x82a30028, 0x0902c0b1, 0x8b2b509b, 0xe4160420, 0xa82c0dc4,
    0x85181809, 0xe1283716, 0x008eb426, 0xad09e02b, 0x666b5880, 0x0c2b0602, 0x0116b178, 0x00546005,
    0x5c455817, 0x5609095c, 0x435a1640, 0x058956b0, 0x4018560c, 0x0a022e63, 0x2f00a8c0, 0xb8bc8ab0,
    0x80ac2212, 0x6086b42d, 0x180bc3ad, 0xc6a030ac, 0x8014045e, 0x60680151, 0x2571a115, 0x5d015864,
    0x56c10d68, 0xae069858, 0x68c6c030, 0x51801404, 0x6a1a9164, 0xc084117c, 0x81b8d582, 0x83017705,
    0x4ae2fe42, 0x23ad0bc8, 0x43420ac0, 0x18d6088b, 0x0ac080bf, 0x46bc6f03, 0x45180140, 0x8095c69c,
    0xa1a80560, 0x4b3b0435, 0x00540d10, 0x5008f0f4, 0xf771ba05, 0xe82a3c13, 0x4000bc07, 0x55a1be05,
    0x6f815b04, 0x5f05915c, 0x038188c0, 0x40182080, 0x7f1a61e5, 0x1086f811, 0x1b11b11b, 0x231e11a3,
    0x82000706, 0x47913060, 0x6d05f86d, 0x4104268c, 0xa3016805, 0xdc308309, 0x30640420, 0xc14820cb,
    0x2384c12c, 0x82000706, 0x87a53060, 0x79c68c6e, 0x4004268c, 0xc03e0385, 0x88108370, 0x65432cc1,
    0x07062305, 0x30608200, 0x9c6f87b5, 0x268c79c6, 0x43ed4304, 0x8370c07b, 0x2cc19410, 0x81d03581,
    0x36250d88, 0x2f55508a, 0x009dc7c0, 0x676102a2, 0x1dabb219, 0x000e0c46, 0xaa60c104, 0x8d78f30f,
    0x084d18f9, 0x92076a80, 0x2106e180, 0x06598310, 0x0c460b2c, 0xc104000e, 0xf50fca60, 0x18f98d98,
    0x3a86084d, 0xe180f589, 0x83282106, 0xa06c8259, 0x4b9bd103, 0x2b012c6f, 0x04ee3f85, 0x3b081510,
    0xf969c0cb, 0x00706230, 0x53060820, 0x6ec7c888, 0x4268c7fc, 0xc03e5400, 0x08370c04, 0x32cc1881,
    0x62305c6c, 0x08200070, 0xd8895306, 0xc7fc6fc7, 0xd4304268, 0x0c07d84c, 0x19410837, 0x037012cc,
    0x68ec881d, 0x5b0993b2, 0x27722829, 0x5840a880, 0x8115891b, 0xb04370c1, 0xcb306022, 0x88c11cb0,
    0x208001c1, 0x022f4c18, 0x22d1e922, 0x308109a3, 0x858010dc, 0x7832cc18, 0x309a305f, 0x31161504,
    0x420dc3b2, 0x04b30650, 0xa20740df, 0x38fa9d3e, 0x40f65782, 0x88027723, 0x659d840a, 0x88300310,
    0x03831189, 0x98304100, 0xe6454472, 0x134646e3, 0x22d4a102, 0x41b87647, 0x9660c408, 0x20c40c21,
    0x82204d18, 0x2d8086e1, 0x409660ca, 0x103a060c, 0xff0301ff, 0x283084f9, 0x04ee47c4, 0x3b081510,
    0x630650cb, 0x062313b0, 0x60820007, 0x8d098d30, 0x8c9847f4, 0xd1420426, 0x70ec98c5, 0xc1881083,
    0x9419032c, 0x409a3041, 0x66176504, 0x420dc3b2, 0x04b30650, 0x81d03065, 0xd018d0d0, 0x64081890,
    0xdc9a4950, 0x102a2009, 0x4021b876, 0x31183013, 0x04100030, 0x604e4483, 0x78659824, 0x062020a0,
    0x0000000a, 0x0897065b, 0x20cb60c8, 0x6c190113, 0x20227e19, 0x59c32d83, 0x65b06404, 0x0c808b78,
    0x11770cb6, 0x6196c190, 0x00320234, 0x00000000, 0x00000000,
    },
    .m_kernelName = {},
    .m_compilerVersion = {},
    .m_codeObjectVersion = 0,
    .m_isRelocatable = true,
    .m_shaderType = ShaderTypesFlags::UNKNOWN
};

} // namespace mlss::conv::mxn::winograd::ultra::fp16::gfx1010
