/* Copyright (c) 2025 Advanced Micro Devices, Inc. All rights reserved. */
#pragma once

#include "shaders/shaders.hpp"

namespace mlss::conv::mxn::winograd::fury::fp16::gfx1100
{
// 3_1_0/NAVI31_fp16_fp16acc_f2x3_c16_stride1.elf
// Assembled for Gfx11. The FURY Winograd convolution shader Navi31/Navi32/StrixHalo/GorgonHalo 16bit internal accum granularity
const StaticShaderType<29628> ConvFury_Navi31_F2x3_C16_Stride1_Elf =
{
    .m_binary = {
    0x7f,0x45,0x4c,0x46,0x02,0x01,0x01,0x41,0x00,0x00,0x00,0x00,0x00,0x00,0x00,0x00,0x01,0x00,0xe0,0x00,
    0x01,0x00,0x00,0x00,0x00,0x00,0x00,0x00,0x00,0x00,0x00,0x00,0x00,0x00,0x00,0x00,0x00,0x00,0x00,0x00,
    0x3c,0x72,0x00,0x00,0x00,0x00,0x00,0x00,0x41,0x00,0x00,0x00,0x40,0x00,0x00,0x00,0x00,0x00,0x40,0x00,
    0x06,0x00,0x01,0x00,0x00,0x2e,0x73,0x68,0x73,0x74,0x72,0x74,0x61,0x62,0x00,0x2e,0x74,0x65,0x78,0x74,
    0x00,0x2e,0x73,0x74,0x72,0x74,0x61,0x62,0x00,0x2e,0x73,0x79,0x6d,0x74,0x61,0x62,0x00,0x2e,0x6e,0x6f,
    0x74,0x65,0x00,0x06,0x20,0x80,0xb0,0x03,0x00,0x84,0xbf,0x87,0x00,0x02,0x30,0x00,0x47,0x88,0xbe,0xff,
    0x00,0x8a,0xbe,0x68,0x65,0x00,0x00,0xff,0x00,0x8b,0xbe,0x00,0x40,0x01,0x31,0x00,0x00,0x50,0xe0,0x01,
    0x02,0x42,0x80,0xf7,0x03,0x89,0xbf,0x00,0x47,0x86,0xbe,0x01,0x02,0x10,0xf4,0x00,0x00,0x00,0xf8,0x01,
    0x06,0x10,0xf4,0x40,0x00,0x00,0xf8,0x01,0x0a,0x10,0xf4,0x80,0x00,0x00,0xf8,0x01,0x0e,0x0c,0xf4,0xc0,
    0x00,0x00,0xf8,0x01,0x10,0x04,0xf4,0xe0,0x00,0x00,0xf8,0xff,0x00,0x10,0x36,0xff,0x00,0x00,0x00,0x81,
    0x10,0x12,0x32,0x81,0x00,0x14,0x36,0x05,0x00,0x25,0xd5,0x09,0x41,0x01,0x00,0x06,0x00,0x12,0xd6,0x9f,
    0x10,0x26,0x04,0x04,0x00,0x10,0xd6,0x08,0x0b,0x05,0x02,0x06,0x00,0x12,0xd6,0xff,0x0c,0x16,0x04,0xbf,
    0x00,0x00,0x00,0x9f,0x10,0x04,0x36,0x85,0x0c,0x0c,0x32,0x86,0x10,0x0e,0x32,0x84,0x04,0x04,0x30,0x9f,
    0x12,0x06,0x36,0x02,0x00,0x0b,0xd6,0x04,0xff,0x09,0x04,0x00,0x09,0x00,0x00,0x84,0x06,0x06,0x30,0x83,
    0x0c,0x0a,0x3a,0x03,0x00,0x59,0xd6,0xff,0x0e,0x0e,0x04,0x80,0x04,0x00,0x00,0x01,0x00,0x0b,0xd6,0x05,
    0xff,0x09,0x04,0x40,0x02,0x00,0x00,0x03,0x00,0x59,0xd6,0xff,0x14,0x0e,0x04,0x40,0x12,0x00,0x00,0x02,
    0x00,0x0b,0xd6,0x06,0xff,0x09,0x04,0x40,0x02,0x00,0x00,0x07,0xfc,0x89,0xbf,0x0e,0x86,0x0d,0xbf,0x0e,
    0x00,0xa1,0xbf,0x08,0x04,0x04,0xf4,0x00,0x00,0x00,0xf8,0x0a,0x05,0x04,0xf4,0x00,0x00,0x00,0xf8,0x89,
    0x04,0x04,0xf4,0x00,0x00,0x00,0xf8,0x80,0x3c,0x10,0xbf,0x02,0x00,0xa2,0xbf,0x1e,0x0f,0x04,0xf4,0x00,
    0x00,0x00,0xf8,0x80,0x1e,0x10,0xbf,0x02,0x00,0xa2,0xbf,0x8f,0x07,0x04,0xf4,0x00,0x00,0x00,0xf8,0x41,
    0x02,0x80,0xb9,0x00,0x00,0x00,0x00,0x0e,0x83,0x0d,0xbf,0x02,0x00,0xa1,0xbf,0x0f,0x00,0x92,0xbf,0x00,
    0x00,0x91,0xbf,0x0d,0xff,0x06,0xbf,0x60,0x00,0x00,0x00,0x0f,0x00,0xa1,0xbf,0x04,0xff,0x01,0x96,0xab,
    0x00,0x00,0x00,0x01,0x8a,0x01,0x85,0x01,0x86,0x05,0x96,0x04,0x05,0x85,0x80,0x01,0xff,0x16,0x93,0x00,
    0x00,0x02,0x00,0x01,0xff,0x0f,0x93,0x02,0x00,0x01,0x00,0x01,0xff,0x17,0x93,0x03,0x00,0x01,0x00,0x05,
    0x00,0x84,0xbe,0x04,0x0f,0x04,0x87,0x04,0x16,0x84,0x87,0x04,0x17,0x04,0x87,0x07,0xfc,0x89,0xbf,0x10,
    0x22,0x10,0x80,0x11,0x23,0x11,0x82,0x14,0x26,0x14,0x80,0x15,0x27,0x15,0x82,0x12,0x24,0x12,0x80,0x13,
    0x25,0x13,0x82,0x80,0x1e,0x10,0xbf,0x80,0x28,0xa8,0x98,0x1e,0x28,0x1e,0x80,0x1f,0x29,0x1f,0x82,0x0c,
    0x8f,0x0f,0x80,0x0f,0x84,0x0f,0x85,0x0f,0x0c,0x08,0x7e,0x04,0x55,0x08,0x7e,0xff,0x08,0x08,0x10,0x00,
    0x00,0x80,0x47,0x04,0x1b,0x08,0x7e,0x05,0x00,0x0b,0xd6,0x04,0x1b,0x34,0x00,0x90,0x0a,0x0a,0x32,0x05,
    0x0d,0x08,0x7e,0x04,0x55,0x08,0x7e,0xff,0x08,0x08,0x10,0x00,0x00,0x80,0x47,0x04,0x1b,0x08,0x7e,0x06,
    0x00,0x0b,0xd6,0x04,0x09,0x10,0x00,0x90,0x0c,0x0c,0x32,0x05,0x05,0x02,0x7e,0x06,0x05,0x2c,0x7e,0x16,
    0x01,0x05,0x96,0x04,0x05,0x85,0x80,0x16,0x0f,0x09,0xbf,0xd9,0x18,0xa2,0xbf,0x01,0x0f,0x0d,0x96,0x16,
    0x90,0x17,0x96,0x0c,0x17,0x8c,0x80,0x0c,0x90,0x8c,0x89,0x17,0x2e,0x22,0x96,0x17,0x2e,0xa3,0x96,0x22,
    0x81,0xa2,0x84,0x22,0x12,0x12,0x80,0x23,0x13,0x13,0x82,0x17,0x80,0x23,0x85,0x23,0x33,0x22,0x96,0x23,
    0x33,0xa3,0x96,0x22,0x81,0xa2,0x84,0x22,0x14,0x14,0x80,0x23,0x15,0x15,0x82,0x17,0x81,0x22,0x84,0x1e,
    0x80,0x10,0xbf,0x80,0x22,0x22,0x98,0x1e,0x22,0x1e,0x80,0x1f,0x80,0x1f,0x82,0x6a,0x00,0x49,0xd4,0x00,
    0xff,0x01,0x00,0x00,0x01,0x00,0x00,0xbc,0x0a,0xa3,0xbf,0xff,0x00,0x28,0x36,0xff,0x00,0x00,0x00,0x81,
    0x28,0x2a,0x32,0x11,0x00,0x10,0xd6,0x14,0x07,0x05,0x02,0x10,0x00,0x10,0xd6,0x14,0x05,0x05,0x02,0x11,
    0x00,0x59,0xd6,0x11,0x21,0x01,0x02,0x0e,0x00,0x59,0xd6,0x10,0xff,0x45,0x04,0x40,0x12,0x00,0x00,0x10,
    0x00,0x10,0xd6,0x14,0x01,0x09,0x02,0x0e,0x00,0x59,0xd6,0x10,0xff,0x39,0x04,0x90,0x00,0x00,0x00,0x11,
    0x00,0x10,0xd6,0x14,0x09,0x09,0x02,0x0e,0x00,0x59,0xd6,0x11,0x41,0x39,0x04,0x10,0x00,0x10,0xd6,0x14,
    0x0d,0x05,0x02,0x0e,0x00,0x59,0xd6,0x10,0xff,0x39,0x04,0x80,0x04,0x00,0x00,0x10,0x00,0x10,0xd6,0x14,
    0x0f,0x05,0x02,0x0e,0x00,0x59,0xd6,0x10,0xff,0x39,0x04,0x00,0x09,0x00,0x00,0x12,0x00,0x10,0xd6,0x14,
    0x03,0x09,0x02,0x0d,0x00,0x59,0xd6,0x12,0x41,0x01,0x02,0x13,0x00,0x10,0xd6,0x14,0x07,0x05,0x02,0x0d,
    0x00,0x59,0xd6,0x13,0xff,0x35,0x04,0x80,0x04,0x00,0x00,0x12,0x00,0x25,0xd5,0x15,0x41,0x01,0x00,0x12,
    0x00,0x12,0xd6,0xff,0x28,0x4a,0x04,0xbf,0x00,0x00,0x00,0x12,0x00,0x10,0xd6,0x12,0x0d,0x09,0x02,0x0d,
    0x00,0x59,0xd6,0x12,0xff,0x35,0x04,0x90,0x00,0x00,0x00,0x10,0x00,0x10,0xd6,0x00,0x0d,0x05,0x02,0xbf,
    0x00,0x0a,0x36,0x6a,0x00,0x4a,0xd4,0x10,0x03,0x01,0x00,0x10,0x00,0x01,0xd5,0x80,0xfe,0xa9,0x01,0x00,
    0x04,0x00,0x00,0x11,0x00,0x01,0xd5,0x80,0xfe,0xa9,0x01,0x00,0x01,0x00,0x00,0x06,0x00,0x46,0xd6,0x05,
    0x05,0x01,0x02,0x05,0x00,0x46,0xd6,0x05,0x09,0x41,0x04,0xfa,0x00,0x20,0x3a,0x00,0x6e,0x00,0xff,0xfa,
    0x00,0x22,0x3a,0x00,0xf0,0x00,0xff,0x10,0x00,0x04,0xd7,0x10,0x23,0x02,0x00,0x10,0xa3,0x1e,0x7e,0x11,
    0xa3,0x1e,0x7f,0x0f,0x00,0x10,0xcc,0x0f,0xe1,0x01,0x08,0x84,0x00,0x97,0xbe,0x80,0x00,0xa2,0xbe,0xff,
    0x00,0xa8,0xbe,0x00,0xc0,0x00,0xbc,0x00,0x05,0x94,0x7e,0xc0,0x4a,0x7c,0x8b,0xff,0x02,0xa8,0xbe,0x00,
    0xc0,0x00,0x3c,0x2b,0x81,0x31,0x84,0x2f,0x81,0x35,0x84,0x31,0x83,0x4b,0x84,0x35,0x83,0x4c,0x84,0xff,
    0x4a,0x7c,0x8b,0x80,0x00,0x00,0x00,0x4b,0x80,0x4b,0x98,0x4c,0x80,0x4c,0x98,0x88,0x80,0x16,0x98,0x09,
    0x16,0x96,0x80,0x80,0x02,0x96,0xbe,0xff,0x00,0xa3,0xbe,0x00,0x40,0x01,0x11,0x0e,0x84,0x0d,0xbf,0x80,
    0xff,0x4d,0x98,0x00,0x00,0x00,0x08,0xff,0x23,0x23,0x8b,0xff,0xff,0xff,0xf7,0x23,0x4d,0x23,0x8c,0x11,
    0xff,0x11,0x8b,0xff,0xff,0x00,0x00,0x11,0xff,0x11,0x80,0x00,0x00,0x02,0x00,0x13,0xff,0x13,0x8b,0xff,
    0xff,0x00,0x00,0x13,0xff,0x13,0x80,0x00,0x00,0x02,0x00,0x10,0x4b,0x10,0x80,0x11,0x80,0x11,0x82,0x12,
    0x4c,0x12,0x80,0x13,0x80,0x13,0x82,0x10,0x01,0xa4,0xbe,0xff,0x00,0xa6,0xbe,0x00,0x00,0x00,0x80,0x80,
    0x00,0xa7,0xbe,0x80,0x00,0xad,0xbe,0x80,0x02,0x08,0x7e,0x6a,0x00,0x49,0xd4,0x00,0xff,0x01,0x00,0x80,
    0x00,0x00,0x00,0x6a,0x80,0x08,0xbf,0xff,0x00,0xca,0xbe,0xf4,0x27,0x00,0x00,0xff,0x00,0xcc,0xbe,0x74,
    0x1e,0x00,0x00,0xff,0x02,0xca,0xbe,0xb4,0x22,0x00,0x00,0xff,0x02,0xcc,0xbe,0x34,0x1a,0x00,0x00,0xff,
    0x00,0xcb,0xbe,0x70,0x2a,0x00,0x00,0xff,0x00,0xcd,0xbe,0x70,0x20,0x00,0x00,0xff,0x02,0xcb,0xbe,0x30,
    0x25,0x00,0x00,0xff,0x02,0xcd,0xbe,0x30,0x1c,0x00,0x00,0x06,0x4a,0x42,0x80,0x07,0x80,0x43,0x82,0x06,
    0x4c,0x46,0x80,0x07,0x80,0x47,0x82,0x06,0x4b,0x44,0x80,0x07,0x80,0x45,0x82,0x06,0x4d,0x48,0x80,0x07,
    0x80,0x49,0x82,0xff,0x00,0xb8,0xbe,0x90,0x01,0x00,0x00,0x2d,0x83,0x0d,0xbf,0x42,0x46,0xc0,0x98,0x2d,
    0x82,0x0d,0xbf,0x38,0xff,0x38,0x98,0xb8,0x02,0x00,0x00,0x02,0x00,0xb5,0xbf,0xf7,0x83,0x89,0xbf,0xa0,
    0x01,0x0f,0xcc,0x10,0x23,0x02,0x38,0xa1,0x01,0x0f,0xcc,0x34,0xab,0x02,0x38,0xa2,0x01,0x0f,0xcc,0x68,
    0xf3,0x02,0x38,0xa3,0x01,0x0f,0xcc,0x8c,0x1b,0x03,0x38,0xa4,0x50,0x0e,0xcc,0x10,0x51,0x88,0x1c,0xa5,
    0x50,0x0e,0xcc,0x34,0x51,0x58,0x1d,0xa6,0x50,0x0e,0xcc,0x68,0x51,0xe8,0x1d,0xa7,0x50,0x0e,0xcc,0x8c,
    0x51,0x38,0x1e,0x00,0x00,0x80,0xe0,0x07,0x11,0x89,0x80,0x00,0x00,0x80,0xe0,0x09,0x10,0x89,0x80,0x00,
    0x00,0x80,0xe0,0x08,0x79,0x89,0x80,0x00,0x00,0x80,0xe0,0x0a,0x68,0x89,0x80,0x0f,0x81,0x8f,0x80,0x80,
    0x27,0x27,0x98,0x24,0x3b,0x24,0x80,0x25,0x80,0x25,0x82,0x00,0x00,0x8c,0xe0,0x07,0x11,0x89,0x80,0x00,
    0x00,0x8c,0xe0,0x09,0x10,0x89,0x80,0x00,0x00,0x8c,0xe0,0x08,0x79,0x89,0x80,0x00,0x00,0x8c,0xe0,0x0a,
    0x68,0x89,0x80,0x0f,0x81,0x8f,0x80,0x80,0x27,0x27,0x98,0x24,0x3b,0x24,0x80,0x25,0x80,0x25,0x82,0x00,
    0x00,0x80,0xe0,0x07,0x55,0x89,0x80,0x00,0x00,0x80,0xe0,0x09,0x34,0x89,0x80,0x00,0x00,0x80,0xe0,0x08,
    0x8d,0x89,0x80,0x00,0x00,0x80,0xe0,0x0a,0x8c,0x89,0x80,0x0f,0x81,0x8f,0x80,0x80,0x27,0x27,0x98,0x24,
    0x3b,0x24,0x80,0x25,0x80,0x25,0x82,0x00,0x00,0x8c,0xe0,0x07,0x55,0x89,0x80,0x00,0x00,0x8c,0xe0,0x09,
    0x34,0x89,0x80,0x00,0x00,0x8c,0xe0,0x08,0x8d,0x89,0x80,0x00,0x00,0x8c,0xe0,0x0a,0x8c,0x89,0x80,0x0f,
    0x81,0x8f,0x80,0x80,0x27,0x27,0x98,0x24,0x3b,0x24,0x80,0x25,0x80,0x25,0x82,0x40,0x49,0xc0,0xbe,0xe2,
    0x17,0xa0,0xbf,0xff,0x00,0xb8,0xbe,0x04,0x00,0x00,0x00,0x2d,0x83,0x0d,0xbf,0x42,0x46,0xc0,0x98,0x2d,
    0x82,0x0d,0xbf,0x38,0xff,0x38,0x98,0x2c,0x01,0x00,0x00,0x02,0x00,0xb5,0xbf,0xf7,0x83,0x89,0xbf,0xa0,
    0x00,0x10,0xcc,0x11,0x1f,0x02,0x08,0xa1,0x00,0x10,0xcc,0x55,0x1f,0x02,0x08,0xa2,0x00,0x10,0xcc,0x79,
    0x1f,0x02,0x08,0xa3,0x00,0x10,0xcc,0x8d,0x1f,0x02,0x08,0xfa,0x02,0x22,0x7e,0xa0,0xb1,0x00,0xff,0xfa,
    0x02,0xaa,0x7e,0xa1,0xb1,0x00,0xff,0xfa,0x02,0xf2,0x7e,0xa2,0xb1,0x00,0xff,0xfa,0x02,0x1a,0x7f,0xa3,
    0xb1,0x00,0xff,0xa0,0x50,0x0e,0xcc,0x11,0x1f,0x82,0x1e,0xa1,0x50,0x0e,0xcc,0x55,0x1f,0x86,0x1e,0xa2,
    0x50,0x0e,0xcc,0x79,0x1f,0x8a,0x1e,0xa3,0x50,0x0e,0xcc,0x8d,0x1f,0x8e,0x1e,0xfa,0x02,0x22,0x7e,0xa0,
    0x4e,0x00,0xff,0xfa,0x02,0xaa,0x7e,0xa1,0x4e,0x00,0xff,0xfa,0x02,0xf2,0x7e,0xa2,0x4e,0x00,0xff,0xfa,
    0x02,0x1a,0x7f,0xa3,0x4e,0x00,0xff,0xa0,0x50,0x0e,0xcc,0x11,0x1f,0x82,0x1e,0xa1,0x50,0x0e,0xcc,0x55,
    0x1f,0x86,0x1e,0xa2,0x50,0x0e,0xcc,0x79,0x1f,0x8a,0x1e,0xa3,0x50,0x0e,0xcc,0x8d,0x1f,0x8e,0x1e,0x00,
    0x00,0x80,0xe0,0x07,0x11,0x89,0x80,0x00,0x00,0x80,0xe0,0x09,0x10,0x89,0x80,0x00,0x00,0x80,0xe0,0x08,
    0x79,0x89,0x80,0x00,0x00,0x80,0xe0,0x0a,0x68,0x89,0x80,0x0f,0x81,0x8f,0x80,0x80,0x27,0x27,0x98,0x24,
    0x3b,0x24,0x80,0x25,0x80,0x25,0x82,0x00,0x00,0x8c,0xe0,0x07,0x11,0x89,0x80,0x00,0x00,0x8c,0xe0,0x09,
    0x10,0x89,0x80,0x00,0x00,0x8c,0xe0,0x08,0x79,0x89,0x80,0x00,0x00,0x8c,0xe0,0x0a,0x68,0x89,0x80,0x0f,
    0x81,0x8f,0x80,0x80,0x27,0x27,0x98,0x24,0x3b,0x24,0x80,0x25,0x80,0x25,0x82,0x00,0x00,0x80,0xe0,0x07,
    0x55,0x89,0x80,0x00,0x00,0x80,0xe0,0x09,0x34,0x89,0x80,0x00,0x00,0x80,0xe0,0x08,0x8d,0x89,0x80,0x00,
    0x00,0x80,0xe0,0x0a,0x8c,0x89,0x80,0x0f,0x81,0x8f,0x80,0x80,0x27,0x27,0x98,0x24,0x3b,0x24,0x80,0x25,
    0x80,0x25,0x82,0x00,0x00,0x8c,0xe0,0x07,0x55,0x89,0x80,0x00,0x00,0x8c,0xe0,0x09,0x34,0x89,0x80,0x00,
    0x00,0x8c,0xe0,0x08,0x8d,0x89,0x80,0x00,0x00,0x8c,0xe0,0x0a,0x8c,0x89,0x80,0x0f,0x81,0x8f,0x80,0x80,
    0x27,0x27,0x98,0x24,0x3b,0x24,0x80,0x25,0x80,0x25,0x82,0x40,0x49,0xc0,0xbe,0x7f,0x17,0xa0,0xbf,0xff,
    0x00,0xb8,0xbe,0x8c,0x01,0x00,0x00,0x2d,0x84,0x0d,0xbf,0x44,0x48,0xc0,0x98,0x2d,0x82,0x0d,0xbf,0x38,
    0xff,0x38,0x98,0xb8,0x02,0x00,0x00,0x02,0x00,0xb5,0xbf,0xa0,0x40,0x0e,0xcc,0x22,0x51,0x90,0x0e,0xa1,
    0x40,0x0e,0xcc,0x56,0x51,0x94,0x0e,0xa2,0x40,0x0e,0xcc,0x7a,0x51,0x98,0x0e,0xa3,0x40,0x0e,0xcc,0x8e,
    0x51,0x9c,0x0e,0xa4,0x01,0x0f,0xcc,0x22,0x47,0x02,0x38,0xa5,0x01,0x0f,0xcc,0x56,0xaf,0x02,0x38,0xa6,
    0x01,0x0f,0xcc,0x7a,0xf7,0x02,0x38,0xa7,0x01,0x0f,0xcc,0x8e,0x1f,0x03,0x38,0x00,0x00,0x80,0xe0,0x07,
    0x22,0x89,0x80,0x00,0x00,0x80,0xe0,0x09,0x23,0x89,0x80,0x00,0x00,0x80,0xe0,0x08,0x7a,0x89,0x80,0x00,
    0x00,0x80,0xe0,0x0a,0x7b,0x89,0x80,0x0f,0x81,0x8f,0x80,0x80,0x27,0x27,0x98,0x24,0x3b,0x24,0x80,0x25,
    0x80,0x25,0x82,0x00,0x00,0x8c,0xe0,0x07,0x22,0x89,0x80,0x00,0x00,0x8c,0xe0,0x09,0x23,0x89,0x80,0x00,
    0x00,0x8c,0xe0,0x08,0x7a,0x89,0x80,0x00,0x00,0x8c,0xe0,0x0a,0x7b,0x89,0x80,0x0f,0x81,0x8f,0x80,0x80,
    0x27,0x27,0x98,0x24,0x3b,0x24,0x80,0x25,0x80,0x25,0x82,0x00,0x00,0x80,0xe0,0x07,0x56,0x89,0x80,0x00,
    0x00,0x80,0xe0,0x09,0x57,0x89,0x80,0x00,0x00,0x80,0xe0,0x08,0x8e,0x89,0x80,0x00,0x00,0x80,0xe0,0x0a,
    0x8f,0x89,0x80,0x0f,0x81,0x8f,0x80,0x80,0x27,0x27,0x98,0x24,0x3b,0x24,0x80,0x25,0x80,0x25,0x82,0x00,
    0x00,0x8c,0xe0,0x07,0x56,0x89,0x80,0x00,0x00,0x8c,0xe0,0x09,0x57,0x89,0x80,0x00,0x00,0x8c,0xe0,0x08,
    0x8e,0x89,0x80,0x00,0x00,0x8c,0xe0,0x0a,0x8f,0x89,0x80,0x0f,0x81,0x8f,0x80,0x80,0x27,0x27,0x98,0x24,
    0x3b,0x24,0x80,0x25,0x80,0x25,0x82,0x40,0x49,0xc0,0xbe,0x35,0x17,0xa0,0xbf,0xff,0x00,0xb8,0xbe,0x04,
    0x00,0x00,0x00,0x2d,0x84,0x0d,0xbf,0x44,0x48,0xc0,0x98,0x2d,0x82,0x0d,0xbf,0x38,0xff,0x38,0x98,0x30,
    0x01,0x00,0x00,0x02,0x00,0xb5,0xbf,0xa0,0x00,0x10,0xcc,0x22,0x1f,0x02,0x08,0xa1,0x00,0x10,0xcc,0x56,
    0x1f,0x02,0x08,0xa2,0x00,0x10,0xcc,0x7a,0x1f,0x02,0x08,0xa3,0x00,0x10,0xcc,0x8e,0x1f,0x02,0x08,0xfa,
    0x02,0x44,0x7e,0xa0,0xb1,0x00,0xff,0xfa,0x02,0xac,0x7e,0xa1,0xb1,0x00,0xff,0xfa,0x02,0xf4,0x7e,0xa2,
    0xb1,0x00,0xff,0xfa,0x02,0x1c,0x7f,0xa3,0xb1,0x00,0xff,0xa0,0x50,0x0e,0xcc,0x22,0x1f,0x82,0x1e,0xa1,
    0x50,0x0e,0xcc,0x56,0x1f,0x86,0x1e,0xa2,0x50,0x0e,0xcc,0x7a,0x1f,0x8a,0x1e,0xa3,0x50,0x0e,0xcc,0x8e,
    0x1f,0x8e,0x1e,0xfa,0x02,0x44,0x7e,0xa0,0x4e,0x00,0xff,0xfa,0x02,0xac,0x7e,0xa1,0x4e,0x00,0xff,0xfa,
    0x02,0xf4,0x7e,0xa2,0x4e,0x00,0xff,0xfa,0x02,0x1c,0x7f,0xa3,0x4e,0x00,0xff,0xa0,0x50,0x0e,0xcc,0x22,
    0x1f,0x82,0x1e,0xa1,0x50,0x0e,0xcc,0x56,0x1f,0x86,0x1e,0xa2,0x50,0x0e,0xcc,0x7a,0x1f,0x8a,0x1e,0xa3,
    0x50,0x0e,0xcc,0x8e,0x1f,0x8e,0x1e,0x00,0x00,0x80,0xe0,0x07,0x22,0x89,0x80,0x00,0x00,0x80,0xe0,0x09,
    0x23,0x89,0x80,0x00,0x00,0x80,0xe0,0x08,0x7a,0x89,0x80,0x00,0x00,0x80,0xe0,0x0a,0x7b,0x89,0x80,0x0f,
    0x81,0x8f,0x80,0x80,0x27,0x27,0x98,0x24,0x3b,0x24,0x80,0x25,0x80,0x25,0x82,0x00,0x00,0x8c,0xe0,0x07,
    0x22,0x89,0x80,0x00,0x00,0x8c,0xe0,0x09,0x23,0x89,0x80,0x00,0x00,0x8c,0xe0,0x08,0x7a,0x89,0x80,0x00,
    0x00,0x8c,0xe0,0x0a,0x7b,0x89,0x80,0x0f,0x81,0x8f,0x80,0x80,0x27,0x27,0x98,0x24,0x3b,0x24,0x80,0x25,
    0x80,0x25,0x82,0x00,0x00,0x80,0xe0,0x07,0x56,0x89,0x80,0x00,0x00,0x80,0xe0,0x09,0x57,0x89,0x80,0x00,
    0x00,0x80,0xe0,0x08,0x8e,0x89,0x80,0x00,0x00,0x80,0xe0,0x0a,0x8f,0x89,0x80,0x0f,0x81,0x8f,0x80,0x80,
    0x27,0x27,0x98,0x24,0x3b,0x24,0x80,0x25,0x80,0x25,0x82,0x00,0x00,0x8c,0xe0,0x07,0x56,0x89,0x80,0x00,
    0x00,0x8c,0xe0,0x09,0x57,0x89,0x80,0x00,0x00,0x8c,0xe0,0x08,0x8e,0x89,0x80,0x00,0x00,0x8c,0xe0,0x0a,
    0x8f,0x89,0x80,0x0f,0x81,0x8f,0x80,0x80,0x27,0x27,0x98,0x24,0x3b,0x24,0x80,0x25,0x80,0x25,0x82,0x40,
    0x49,0xc0,0xbe,0xd3,0x16,0xa0,0xbf,0xff,0x00,0xb8,0xbe,0x90,0x01,0x00,0x00,0x2d,0x83,0x0d,0xbf,0x42,
    0x46,0xc0,0x98,0x2d,0x82,0x0d,0xbf,0x38,0xff,0x38,0x98,0xb8,0x02,0x00,0x00,0x02,0x00,0xb5,0xbf,0xf7,
    0x83,0x89,0xbf,0xa0,0x01,0x0f,0xcc,0x93,0x25,0x03,0x38,0xa1,0x01,0x0f,0xcc,0x97,0x2d,0x03,0x38,0xa2,
    0x01,0x0f,0xcc,0x9b,0x35,0x03,0x38,0xa3,0x01,0x0f,0xcc,0x9f,0x3d,0x03,0x38,0xa4,0x50,0x0e,0xcc,0x93,
    0x51,0x40,0x1e,0xa5,0x50,0x0e,0xcc,0x97,0x51,0x50,0x1e,0xa6,0x50,0x0e,0xcc,0x9b,0x51,0x60,0x1e,0xa7,
    0x50,0x0e,0xcc,0x9f,0x51,0x70,0x1e,0x00,0x00,0x80,0xe0,0x07,0x92,0x89,0x80,0x00,0x00,0x80,0xe0,0x09,
    0x93,0x89,0x80,0x00,0x00,0x80,0xe0,0x08,0x9a,0x89,0x80,0x00,0x00,0x80,0xe0,0x0a,0x9b,0x89,0x80,0x0f,
    0x81,0x8f,0x80,0x80,0x27,0x27,0x98,0x24,0x3b,0x24,0x80,0x25,0x80,0x25,0x82,0x00,0x00,0x8c,0xe0,0x07,
    0x92,0x89,0x80,0x00,0x00,0x8c,0xe0,0x09,0x93,0x89,0x80,0x00,0x00,0x8c,0xe0,0x08,0x9a,0x89,0x80,0x00,
    0x00,0x8c,0xe0,0x0a,0x9b,0x89,0x80,0x0f,0x81,0x8f,0x80,0x80,0x27,0x27,0x98,0x24,0x3b,0x24,0x80,0x25,
    0x80,0x25,0x82,0x00,0x00,0x80,0xe0,0x07,0x96,0x89,0x80,0x00,0x00,0x80,0xe0,0x09,0x97,0x89,0x80,0x00,
    0x00,0x80,0xe0,0x08,0x9e,0x89,0x80,0x00,0x00,0x80,0xe0,0x0a,0x9f,0x89,0x80,0x0f,0x81,0x8f,0x80,0x80,
    0x27,0x27,0x98,0x24,0x3b,0x24,0x80,0x25,0x80,0x25,0x82,0x00,0x00,0x8c,0xe0,0x07,0x96,0x89,0x80,0x00,
    0x00,0x8c,0xe0,0x09,0x97,0x89,0x80,0x00,0x00,0x8c,0xe0,0x08,0x9e,0x89,0x80,0x00,0x00,0x8c,0xe0,0x0a,
    0x9f,0x89,0x80,0x0f,0x81,0x8f,0x80,0x80,0x27,0x27,0x98,0x24,0x3b,0x24,0x80,0x25,0x80,0x25,0x82,0x40,
    0x49,0xc0,0xbe,0x88,0x16,0xa0,0xbf,0xff,0x00,0xb8,0xbe,0x04,0x00,0x00,0x00,0x2d,0x83,0x0d,0xbf,0x42,
    0x46,0xc0,0x98,0x2d,0x82,0x0d,0xbf,0x38,0xff,0x38,0x98,0x2c,0x01,0x00,0x00,0x02,0x00,0xb5,0xbf,0xf7,
    0x83,0x89,0xbf,0xa0,0x00,0x10,0xcc,0x92,0x1f,0x02,0x08,0xa1,0x00,0x10,0xcc,0x96,0x1f,0x02,0x08,0xa2,
    0x00,0x10,0xcc,0x9a,0x1f,0x02,0x08,0xa3,0x00,0x10,0xcc,0x9e,0x1f,0x02,0x08,0xfa,0x02,0x24,0x7f,0xa0,
    0xb1,0x00,0xff,0xfa,0x02,0x2c,0x7f,0xa1,0xb1,0x00,0xff,0xfa,0x02,0x34,0x7f,0xa2,0xb1,0x00,0xff,0xfa,
    0x02,0x3c,0x7f,0xa3,0xb1,0x00,0xff,0xa0,0x50,0x0e,0xcc,0x92,0x1f,0x82,0x1e,0xa1,0x50,0x0e,0xcc,0x96,
    0x1f,0x86,0x1e,0xa2,0x50,0x0e,0xcc,0x9a,0x1f,0x8a,0x1e,0xa3,0x50,0x0e,0xcc,0x9e,0x1f,0x8e,0x1e,0xfa,
    0x02,0x24,0x7f,0xa0,0x4e,0x00,0xff,0xfa,0x02,0x2c,0x7f,0xa1,0x4e,0x00,0xff,0xfa,0x02,0x34,0x7f,0xa2,
    0x4e,0x00,0xff,0xfa,0x02,0x3c,0x7f,0xa3,0x4e,0x00,0xff,0xa0,0x50,0x0e,0xcc,0x92,0x1f,0x82,0x1e,0xa1,
    0x50,0x0e,0xcc,0x96,0x1f,0x86,0x1e,0xa2,0x50,0x0e,0xcc,0x9a,0x1f,0x8a,0x1e,0xa3,0x50,0x0e,0xcc,0x9e,
    0x1f,0x8e,0x1e,0x00,0x00,0x80,0xe0,0x07,0x92,0x89,0x80,0x00,0x00,0x80,0xe0,0x09,0x93,0x89,0x80,0x00,
    0x00,0x80,0xe0,0x08,0x9a,0x89,0x80,0x00,0x00,0x80,0xe0,0x0a,0x9b,0x89,0x80,0x0f,0x81,0x8f,0x80,0x80,
    0x27,0x27,0x98,0x24,0x3b,0x24,0x80,0x25,0x80,0x25,0x82,0x00,0x00,0x8c,0xe0,0x07,0x92,0x89,0x80,0x00,
    0x00,0x8c,0xe0,0x09,0x93,0x89,0x80,0x00,0x00,0x8c,0xe0,0x08,0x9a,0x89,0x80,0x00,0x00,0x8c,0xe0,0x0a,
    0x9b,0x89,0x80,0x0f,0x81,0x8f,0x80,0x80,0x27,0x27,0x98,0x24,0x3b,0x24,0x80,0x25,0x80,0x25,0x82,0x00,
    0x00,0x80,0xe0,0x07,0x96,0x89,0x80,0x00,0x00,0x80,0xe0,0x09,0x97,0x89,0x80,0x00,0x00,0x80,0xe0,0x08,
    0x9e,0x89,0x80,0x00,0x00,0x80,0xe0,0x0a,0x9f,0x89,0x80,0x0f,0x81,0x8f,0x80,0x80,0x27,0x27,0x98,0x24,
    0x3b,0x24,0x80,0x25,0x80,0x25,0x82,0x00,0x00,0x8c,0xe0,0x07,0x96,0x89,0x80,0x00,0x00,0x8c,0xe0,0x09,
    0x97,0x89,0x80,0x00,0x00,0x8c,0xe0,0x08,0x9e,0x89,0x80,0x00,0x00,0x8c,0xe0,0x0a,0x9f,0x89,0x80,0x0f,
    0x81,0x8f,0x80,0x80,0x27,0x27,0x98,0x24,0x3b,0x24,0x80,0x25,0x80,0x25,0x82,0x40,0x49,0xc0,0xbe,0x25,
    0x16,0xa0,0xbf,0xff,0x00,0xb8,0xbe,0x8c,0x01,0x00,0x00,0x2d,0x84,0x0d,0xbf,0x44,0x48,0xc0,0x98,0x2d,
    0x82,0x0d,0xbf,0x38,0xff,0x38,0x98,0xb8,0x02,0x00,0x00,0x02,0x00,0xb5,0xbf,0xa0,0x40,0x0e,0xcc,0x90,
    0x51,0x90,0x0e,0xa1,0x40,0x0e,0xcc,0x94,0x51,0x94,0x0e,0xa2,0x40,0x0e,0xcc,0x98,0x51,0x98,0x0e,0xa3,
    0x40,0x0e,0xcc,0x9c,0x51,0x9c,0x0e,0xa4,0x01,0x0f,0xcc,0x90,0x23,0x03,0x38,0xa5,0x01,0x0f,0xcc,0x94,
    0x2b,0x03,0x38,0xa6,0x01,0x0f,0xcc,0x98,0x33,0x03,0x38,0xa7,0x01,0x0f,0xcc,0x9c,0x3b,0x03,0x38,0x00,
    0x00,0x80,0xe0,0x07,0x90,0x89,0x80,0x00,0x00,0x80,0xe0,0x09,0x91,0x89,0x80,0x00,0x00,0x80,0xe0,0x08,
    0x98,0x89,0x80,0x00,0x00,0x80,0xe0,0x0a,0x99,0x89,0x80,0x0f,0x81,0x8f,0x80,0x80,0x27,0x27,0x98,0x24,
    0x3b,0x24,0x80,0x25,0x80,0x25,0x82,0x00,0x00,0x8c,0xe0,0x07,0x90,0x89,0x80,0x00,0x00,0x8c,0xe0,0x09,
    0x91,0x89,0x80,0x00,0x00,0x8c,0xe0,0x08,0x98,0x89,0x80,0x00,0x00,0x8c,0xe0,0x0a,0x99,0x89,0x80,0x0f,
    0x81,0x8f,0x80,0x80,0x27,0x27,0x98,0x24,0x3b,0x24,0x80,0x25,0x80,0x25,0x82,0x00,0x00,0x80,0xe0,0x07,
    0x94,0x89,0x80,0x00,0x00,0x80,0xe0,0x09,0x95,0x89,0x80,0x00,0x00,0x80,0xe0,0x08,0x9c,0x89,0x80,0x00,
    0x00,0x80,0xe0,0x0a,0x9d,0x89,0x80,0x0f,0x81,0x8f,0x80,0x80,0x27,0x27,0x98,0x24,0x3b,0x24,0x80,0x25,
    0x80,0x25,0x82,0x00,0x00,0x8c,0xe0,0x07,0x94,0x89,0x80,0x00,0x00,0x8c,0xe0,0x09,0x95,0x89,0x80,0x00,
    0x00,0x8c,0xe0,0x08,0x9c,0x89,0x80,0x00,0x00,0x8c,0xe0,0x0a,0x9d,0x89,0x80,0x0f,0x81,0x8f,0x80,0x80,
    0x27,0x27,0x98,0x24,0x3b,0x24,0x80,0x25,0x80,0x25,0x82,0x40,0x49,0xc0,0xbe,0xdb,0x15,0xa0,0xbf,0xff,
    0x00,0xb8,0xbe,0x04,0x00,0x00,0x00,0x2d,0x84,0x0d,0xbf,0x44,0x48,0xc0,0x98,0x2d,0x82,0x0d,0xbf,0x38,
    0xff,0x38,0x98,0x30,0x01,0x00,0x00,0x02,0x00,0xb5,0xbf,0xa0,0x00,0x10,0xcc,0x90,0x1f,0x02,0x08,0xa1,
    0x00,0x10,0xcc,0x94,0x1f,0x02,0x08,0xa2,0x00,0x10,0xcc,0x98,0x1f,0x02,0x08,0xa3,0x00,0x10,0xcc,0x9c,
    0x1f,0x02,0x08,0xfa,0x02,0x20,0x7f,0xa0,0xb1,0x00,0xff,0xfa,0x02,0x28,0x7f,0xa1,0xb1,0x00,0xff,0xfa,
    0x02,0x30,0x7f,0xa2,0xb1,0x00,0xff,0xfa,0x02,0x38,0x7f,0xa3,0xb1,0x00,0xff,0xa0,0x50,0x0e,0xcc,0x90,
    0x1f,0x82,0x1e,0xa1,0x50,0x0e,0xcc,0x94,0x1f,0x86,0x1e,0xa2,0x50,0x0e,0xcc,0x98,0x1f,0x8a,0x1e,0xa3,
    0x50,0x0e,0xcc,0x9c,0x1f,0x8e,0x1e,0xfa,0x02,0x20,0x7f,0xa0,0x4e,0x00,0xff,0xfa,0x02,0x28,0x7f,0xa1,
    0x4e,0x00,0xff,0xfa,0x02,0x30,0x7f,0xa2,0x4e,0x00,0xff,0xfa,0x02,0x38,0x7f,0xa3,0x4e,0x00,0xff,0xa0,
    0x50,0x0e,0xcc,0x90,0x1f,0x82,0x1e,0xa1,0x50,0x0e,0xcc,0x94,0x1f,0x86,0x1e,0xa2,0x50,0x0e,0xcc,0x98,
    0x1f,0x8a,0x1e,0xa3,0x50,0x0e,0xcc,0x9c,0x1f,0x8e,0x1e,0x00,0x00,0x80,0xe0,0x07,0x90,0x89,0x80,0x00,
    0x00,0x80,0xe0,0x09,0x91,0x89,0x80,0x00,0x00,0x80,0xe0,0x08,0x98,0x89,0x80,0x00,0x00,0x80,0xe0,0x0a,
    0x99,0x89,0x80,0x0f,0x81,0x8f,0x80,0x80,0x27,0x27,0x98,0x24,0x3b,0x24,0x80,0x25,0x80,0x25,0x82,0x00,
    0x00,0x8c,0xe0,0x07,0x90,0x89,0x80,0x00,0x00,0x8c,0xe0,0x09,0x91,0x89,0x80,0x00,0x00,0x8c,0xe0,0x08,
    0x98,0x89,0x80,0x00,0x00,0x8c,0xe0,0x0a,0x99,0x89,0x80,0x0f,0x81,0x8f,0x80,0x80,0x27,0x27,0x98,0x24,
    0x3b,0x24,0x80,0x25,0x80,0x25,0x82,0x00,0x00,0x80,0xe0,0x07,0x94,0x89,0x80,0x00,0x00,0x80,0xe0,0x09,
    0x95,0x89,0x80,0x00,0x00,0x80,0xe0,0x08,0x9c,0x89,0x80,0x00,0x00,0x80,0xe0,0x0a,0x9d,0x89,0x80,0x0f,
    0x81,0x8f,0x80,0x80,0x27,0x27,0x98,0x24,0x3b,0x24,0x80,0x25,0x80,0x25,0x82,0x00,0x00,0x8c,0xe0,0x07,
    0x94,0x89,0x80,0x00,0x00,0x8c,0xe0,0x09,0x95,0x89,0x80,0x00,0x00,0x8c,0xe0,0x08,0x9c,0x89,0x80,0x00,
    0x00,0x8c,0xe0,0x0a,0x9d,0x89,0x80,0x0f,0x81,0x8f,0x80,0x80,0x27,0x27,0x98,0x24,0x3b,0x24,0x80,0x25,
    0x80,0x25,0x82,0x40,0x49,0xc0,0xbe,0x79,0x15,0xa0,0xbf,0xff,0x00,0xb8,0xbe,0x90,0x01,0x00,0x00,0x2d,
    0x83,0x0d,0xbf,0x42,0x46,0xc0,0x98,0x2d,0x82,0x0d,0xbf,0x38,0xff,0x38,0x98,0xb8,0x02,0x00,0x00,0x02,
    0x00,0xb5,0xbf,0xf7,0x83,0x89,0xbf,0xa0,0x01,0x0f,0xcc,0x10,0x23,0x02,0x38,0xa1,0x01,0x0f,0xcc,0x34,
    0xab,0x02,0x38,0xa2,0x01,0x0f,0xcc,0x23,0x45,0x02,0x38,0xa3,0x01,0x0f,0xcc,0x57,0xad,0x02,0x38,0xa4,
    0x50,0x0e,0xcc,0x10,0x51,0xe4,0x1d,0xa5,0x50,0x0e,0xcc,0x34,0x51,0x34,0x1e,0xa6,0x50,0x0e,0xcc,0x23,
    0x51,0xe8,0x1d,0xa7,0x50,0x0e,0xcc,0x57,0x51,0x38,0x1e,0x00,0x00,0x80,0xe0,0x07,0x11,0x89,0x80,0x00,
    0x00,0x80,0xe0,0x09,0x10,0x89,0x80,0x00,0x00,0x80,0xe0,0x08,0x22,0x89,0x80,0x00,0x00,0x80,0xe0,0x0a,
    0x23,0x89,0x80,0x0f,0x81,0x8f,0x80,0x80,0x27,0x27,0x98,0x24,0x3b,0x24,0x80,0x25,0x80,0x25,0x82,0x00,
    0x00,0x8c,0xe0,0x07,0x11,0x89,0x80,0x00,0x00,0x8c,0xe0,0x09,0x10,0x89,0x80,0x00,0x00,0x8c,0xe0,0x08,
    0x22,0x89,0x80,0x00,0x00,0x8c,0xe0,0x0a,0x23,0x89,0x80,0x0f,0x81,0x8f,0x80,0x80,0x27,0x27,0x98,0x24,
    0x3b,0x24,0x80,0x25,0x80,0x25,0x82,0x00,0x00,0x80,0xe0,0x07,0x55,0x89,0x80,0x00,0x00,0x80,0xe0,0x09,
    0x34,0x89,0x80,0x00,0x00,0x80,0xe0,0x08,0x56,0x89,0x80,0x00,0x00,0x80,0xe0,0x0a,0x57,0x89,0x80,0x0f,
    0x81,0x8f,0x80,0x80,0x27,0x27,0x98,0x24,0x3b,0x24,0x80,0x25,0x80,0x25,0x82,0x00,0x00,0x8c,0xe0,0x07,
    0x55,0x89,0x80,0x00,0x00,0x8c,0xe0,0x09,0x34,0x89,0x80,0x00,0x00,0x8c,0xe0,0x08,0x56,0x89,0x80,0x00,
    0x00,0x8c,0xe0,0x0a,0x57,0x89,0x80,0x0f,0x81,0x8f,0x80,0x80,0x27,0x27,0x98,0x24,0x3b,0x24,0x80,0x25,
    0x80,0x25,0x82,0x40,0x49,0xc0,0xbe,0x2e,0x15,0xa0,0xbf,0xff,0x00,0xb8,0xbe,0x04,0x00,0x00,0x00,0x2d,
    0x83,0x0d,0xbf,0x42,0x46,0xc0,0x98,0x2d,0x82,0x0d,0xbf,0x38,0xff,0x38,0x98,0x2c,0x01,0x00,0x00,0x02,
    0x00,0xb5,0xbf,0xf7,0x83,0x89,0xbf,0xa0,0x00,0x10,0xcc,0x11,0x1f,0x02,0x08,0xa1,0x00,0x10,0xcc,0x55,
    0x1f,0x02,0x08,0xa2,0x00,0x10,0xcc,0x22,0x1f,0x02,0x08,0xa3,0x00,0x10,0xcc,0x56,0x1f,0x02,0x08,0xfa,
    0x02,0x22,0x7e,0xa0,0xb1,0x00,0xff,0xfa,0x02,0xaa,0x7e,0xa1,0xb1,0x00,0xff,0xfa,0x02,0x44,0x7e,0xa2,
    0xb1,0x00,0xff,0xfa,0x02,0xac,0x7e,0xa3,0xb1,0x00,0xff,0xa0,0x50,0x0e,0xcc,0x11,0x1f,0x82,0x1e,0xa1,
    0x50,0x0e,0xcc,0x55,0x1f,0x86,0x1e,0xa2,0x50,0x0e,0xcc,0x22,0x1f,0x8a,0x1e,0xa3,0x50,0x0e,0xcc,0x56,
    0x1f,0x8e,0x1e,0xfa,0x02,0x22,0x7e,0xa0,0x4e,0x00,0xff,0xfa,0x02,0xaa,0x7e,0xa1,0x4e,0x00,0xff,0xfa,
    0x02,0x44,0x7e,0xa2,0x4e,0x00,0xff,0xfa,0x02,0xac,0x7e,0xa3,0x4e,0x00,0xff,0xa0,0x50,0x0e,0xcc,0x11,
    0x1f,0x82,0x1e,0xa1,0x50,0x0e,0xcc,0x55,0x1f,0x86,0x1e,0xa2,0x50,0x0e,0xcc,0x22,0x1f,0x8a,0x1e,0xa3,
    0x50,0x0e,0xcc,0x56,0x1f,0x8e,0x1e,0x00,0x00,0x80,0xe0,0x07,0x11,0x89,0x80,0x00,0x00,0x80,0xe0,0x09,
    0x10,0x89,0x80,0x00,0x00,0x80,0xe0,0x08,0x22,0x89,0x80,0x00,0x00,0x80,0xe0,0x0a,0x23,0x89,0x80,0x0f,
    0x81,0x8f,0x80,0x80,0x27,0x27,0x98,0x24,0x3b,0x24,0x80,0x25,0x80,0x25,0x82,0x00,0x00,0x8c,0xe0,0x07,
    0x11,0x89,0x80,0x00,0x00,0x8c,0xe0,0x09,0x10,0x89,0x80,0x00,0x00,0x8c,0xe0,0x08,0x22,0x89,0x80,0x00,
    0x00,0x8c,0xe0,0x0a,0x23,0x89,0x80,0x0f,0x81,0x8f,0x80,0x80,0x27,0x27,0x98,0x24,0x3b,0x24,0x80,0x25,
    0x80,0x25,0x82,0x00,0x00,0x80,0xe0,0x07,0x55,0x89,0x80,0x00,0x00,0x80,0xe0,0x09,0x34,0x89,0x80,0x00,
    0x00,0x80,0xe0,0x08,0x56,0x89,0x80,0x00,0x00,0x80,0xe0,0x0a,0x57,0x89,0x80,0x0f,0x81,0x8f,0x80,0x80,
    0x27,0x27,0x98,0x24,0x3b,0x24,0x80,0x25,0x80,0x25,0x82,0x00,0x00,0x8c,0xe0,0x07,0x55,0x89,0x80,0x00,
    0x00,0x8c,0xe0,0x09,0x34,0x89,0x80,0x00,0x00,0x8c,0xe0,0x08,0x56,0x89,0x80,0x00,0x00,0x8c,0xe0,0x0a,
    0x57,0x89,0x80,0x0f,0x81,0x8f,0x80,0x80,0x27,0x27,0x98,0x24,0x3b,0x24,0x80,0x25,0x80,0x25,0x82,0x40,
    0x49,0xc0,0xbe,0xcb,0x14,0xa0,0xbf,0xff,0x00,0xb8,0xbe,0x8c,0x01,0x00,0x00,0x2d,0x84,0x0d,0xbf,0x44,
    0x48,0xc0,0x98,0x2d,0x82,0x0d,0xbf,0x38,0xff,0x38,0x98,0xb8,0x02,0x00,0x00,0x02,0x00,0xb5,0xbf,0xa0,
    0x40,0x0e,0xcc,0x79,0x51,0x90,0x0e,0xa1,0x40,0x0e,0xcc,0x8d,0x51,0x94,0x0e,0xa2,0x40,0x0e,0xcc,0x7a,
    0x51,0x98,0x0e,0xa3,0x40,0x0e,0xcc,0x8e,0x51,0x9c,0x0e,0xa4,0x01,0x0f,0xcc,0x79,0xd1,0x02,0x38,0xa5,
    0x01,0x0f,0xcc,0x8d,0x19,0x03,0x38,0xa6,0x01,0x0f,0xcc,0x7a,0xf7,0x02,0x38,0xa7,0x01,0x0f,0xcc,0x8e,
    0x1f,0x03,0x38,0x00,0x00,0x80,0xe0,0x07,0x79,0x89,0x80,0x00,0x00,0x80,0xe0,0x09,0x68,0x89,0x80,0x00,
    0x00,0x80,0xe0,0x08,0x7a,0x89,0x80,0x00,0x00,0x80,0xe0,0x0a,0x7b,0x89,0x80,0x0f,0x81,0x8f,0x80,0x80,
    0x27,0x27,0x98,0x24,0x3b,0x24,0x80,0x25,0x80,0x25,0x82,0x00,0x00,0x8c,0xe0,0x07,0x79,0x89,0x80,0x00,
    0x00,0x8c,0xe0,0x09,0x68,0x89,0x80,0x00,0x00,0x8c,0xe0,0x08,0x7a,0x89,0x80,0x00,0x00,0x8c,0xe0,0x0a,
    0x7b,0x89,0x80,0x0f,0x81,0x8f,0x80,0x80,0x27,0x27,0x98,0x24,0x3b,0x24,0x80,0x25,0x80,0x25,0x82,0x00,
    0x00,0x80,0xe0,0x07,0x8d,0x89,0x80,0x00,0x00,0x80,0xe0,0x09,0x8c,0x89,0x80,0x00,0x00,0x80,0xe0,0x08,
    0x8e,0x89,0x80,0x00,0x00,0x80,0xe0,0x0a,0x8f,0x89,0x80,0x0f,0x81,0x8f,0x80,0x80,0x27,0x27,0x98,0x24,
    0x3b,0x24,0x80,0x25,0x80,0x25,0x82,0x00,0x00,0x8c,0xe0,0x07,0x8d,0x89,0x80,0x00,0x00,0x8c,0xe0,0x09,
    0x8c,0x89,0x80,0x00,0x00,0x8c,0xe0,0x08,0x8e,0x89,0x80,0x00,0x00,0x8c,0xe0,0x0a,0x8f,0x89,0x80,0x0f,
    0x81,0x8f,0x80,0x80,0x27,0x27,0x98,0x24,0x3b,0x24,0x80,0x25,0x80,0x25,0x82,0x40,0x49,0xc0,0xbe,0x81,
    0x14,0xa0,0xbf,0xff,0x00,0xb8,0xbe,0x04,0x00,0x00,0x00,0x2d,0x84,0x0d,0xbf,0x44,0x48,0xc0,0x98,0x2d,
    0x82,0x0d,0xbf,0x38,0xff,0x38,0x98,0x30,0x01,0x00,0x00,0x02,0x00,0xb5,0xbf,0xa0,0x00,0x10,0xcc,0x79,
    0x1f,0x02,0x08,0xa1,0x00,0x10,0xcc,0x8d,0x1f,0x02,0x08,0xa2,0x00,0x10,0xcc,0x7a,0x1f,0x02,0x08,0xa3,
    0x00,0x10,0xcc,0x8e,0x1f,0x02,0x08,0xfa,0x02,0xf2,0x7e,0xa0,0xb1,0x00,0xff,0xfa,0x02,0x1a,0x7f,0xa1,
    0xb1,0x00,0xff,0xfa,0x02,0xf4,0x7e,0xa2,0xb1,0x00,0xff,0xfa,0x02,0x1c,0x7f,0xa3,0xb1,0x00,0xff,0xa0,
    0x50,0x0e,0xcc,0x79,0x1f,0x82,0x1e,0xa1,0x50,0x0e,0xcc,0x8d,0x1f,0x86,0x1e,0xa2,0x50,0x0e,0xcc,0x7a,
    0x1f,0x8a,0x1e,0xa3,0x50,0x0e,0xcc,0x8e,0x1f,0x8e,0x1e,0xfa,0x02,0xf2,0x7e,0xa0,0x4e,0x00,0xff,0xfa,
    0x02,0x1a,0x7f,0xa1,0x4e,0x00,0xff,0xfa,0x02,0xf4,0x7e,0xa2,0x4e,0x00,0xff,0xfa,0x02,0x1c,0x7f,0xa3,
    0x4e,0x00,0xff,0xa0,0x50,0x0e,0xcc,0x79,0x1f,0x82,0x1e,0xa1,0x50,0x0e,0xcc,0x8d,0x1f,0x86,0x1e,0xa2,
    0x50,0x0e,0xcc,0x7a,0x1f,0x8a,0x1e,0xa3,0x50,0x0e,0xcc,0x8e,0x1f,0x8e,0x1e,0x00,0x00,0x80,0xe0,0x07,
    0x79,0x89,0x80,0x00,0x00,0x80,0xe0,0x09,0x68,0x89,0x80,0x00,0x00,0x80,0xe0,0x08,0x7a,0x89,0x80,0x00,
    0x00,0x80,0xe0,0x0a,0x7b,0x89,0x80,0x0f,0x81,0x8f,0x80,0x80,0x27,0x27,0x98,0x24,0x3b,0x24,0x80,0x25,
    0x80,0x25,0x82,0x00,0x00,0x8c,0xe0,0x07,0x79,0x89,0x80,0x00,0x00,0x8c,0xe0,0x09,0x68,0x89,0x80,0x00,
    0x00,0x8c,0xe0,0x08,0x7a,0x89,0x80,0x00,0x00,0x8c,0xe0,0x0a,0x7b,0x89,0x80,0x0f,0x81,0x8f,0x80,0x80,
    0x27,0x27,0x98,0x24,0x3b,0x24,0x80,0x25,0x80,0x25,0x82,0x00,0x00,0x80,0xe0,0x07,0x8d,0x89,0x80,0x00,
    0x00,0x80,0xe0,0x09,0x8c,0x89,0x80,0x00,0x00,0x80,0xe0,0x08,0x8e,0x89,0x80,0x00,0x00,0x80,0xe0,0x0a,
    0x8f,0x89,0x80,0x0f,0x81,0x8f,0x80,0x80,0x27,0x27,0x98,0x24,0x3b,0x24,0x80,0x25,0x80,0x25,0x82,0x00,
    0x00,0x8c,0xe0,0x07,0x8d,0x89,0x80,0x00,0x00,0x8c,0xe0,0x09,0x8c,0x89,0x80,0x00,0x00,0x8c,0xe0,0x08,
    0x8e,0x89,0x80,0x00,0x00,0x8c,0xe0,0x0a,0x8f,0x89,0x80,0x0f,0x81,0x8f,0x80,0x80,0x27,0x27,0x98,0x24,
    0x3b,0x24,0x80,0x25,0x80,0x25,0x82,0x40,0x49,0xc0,0xbe,0x1f,0x14,0xa0,0xbf,0xff,0x00,0xb8,0xbe,0x90,
    0x01,0x00,0x00,0x2d,0x83,0x0d,0xbf,0x42,0x46,0xc0,0x98,0x2d,0x82,0x0d,0xbf,0x38,0xff,0x38,0x98,0xb8,
    0x02,0x00,0x00,0x02,0x00,0xb5,0xbf,0xf7,0x83,0x89,0xbf,0xa0,0x01,0x0f,0xcc,0x93,0x25,0x03,0x38,0xa1,
    0x01,0x0f,0xcc,0x97,0x2d,0x03,0x38,0xa2,0x01,0x0f,0xcc,0x91,0x21,0x03,0x38,0xa3,0x01,0x0f,0xcc,0x95,
    0x29,0x03,0x38,0xa4,0x50,0x0e,0xcc,0x93,0x51,0x68,0x1e,0xa5,0x50,0x0e,0xcc,0x97,0x51,0x78,0x1e,0xa6,
    0x50,0x0e,0xcc,0x91,0x51,0x60,0x1e,0xa7,0x50,0x0e,0xcc,0x95,0x51,0x70,0x1e,0x00,0x00,0x80,0xe0,0x07,
    0x92,0x89,0x80,0x00,0x00,0x80,0xe0,0x09,0x93,0x89,0x80,0x00,0x00,0x80,0xe0,0x08,0x90,0x89,0x80,0x00,
    0x00,0x80,0xe0,0x0a,0x91,0x89,0x80,0x0f,0x81,0x8f,0x80,0x80,0x27,0x27,0x98,0x24,0x3b,0x24,0x80,0x25,
    0x80,0x25,0x82,0x00,0x00,0x8c,0xe0,0x07,0x92,0x89,0x80,0x00,0x00,0x8c,0xe0,0x09,0x93,0x89,0x80,0x00,
    0x00,0x8c,0xe0,0x08,0x90,0x89,0x80,0x00,0x00,0x8c,0xe0,0x0a,0x91,0x89,0x80,0x0f,0x81,0x8f,0x80,0x80,
    0x27,0x27,0x98,0x24,0x3b,0x24,0x80,0x25,0x80,0x25,0x82,0x00,0x00,0x80,0xe0,0x07,0x96,0x89,0x80,0x00,
    0x00,0x80,0xe0,0x09,0x97,0x89,0x80,0x00,0x00,0x80,0xe0,0x08,0x94,0x89,0x80,0x00,0x00,0x80,0xe0,0x0a,
    0x95,0x89,0x80,0x0f,0x81,0x8f,0x80,0x80,0x27,0x27,0x98,0x24,0x3b,0x24,0x80,0x25,0x80,0x25,0x82,0x00,
    0x00,0x8c,0xe0,0x07,0x96,0x89,0x80,0x00,0x00,0x8c,0xe0,0x09,0x97,0x89,0x80,0x00,0x00,0x8c,0xe0,0x08,
    0x94,0x89,0x80,0x00,0x00,0x8c,0xe0,0x0a,0x95,0x89,0x80,0x0f,0x81,0x8f,0x80,0x80,0x27,0x27,0x98,0x24,
    0x3b,0x24,0x80,0x25,0x80,0x25,0x82,0x40,0x49,0xc0,0xbe,0xd4,0x13,0xa0,0xbf,0xff,0x00,0xb8,0xbe,0x04,
    0x00,0x00,0x00,0x2d,0x83,0x0d,0xbf,0x42,0x46,0xc0,0x98,0x2d,0x82,0x0d,0xbf,0x38,0xff,0x38,0x98,0x2c,
    0x01,0x00,0x00,0x02,0x00,0xb5,0xbf,0xf7,0x83,0x89,0xbf,0xa0,0x00,0x10,0xcc,0x92,0x1f,0x02,0x08,0xa1,
    0x00,0x10,0xcc,0x96,0x1f,0x02,0x08,0xa2,0x00,0x10,0xcc,0x90,0x1f,0x02,0x08,0xa3,0x00,0x10,0xcc,0x94,
    0x1f,0x02,0x08,0xfa,0x02,0x24,0x7f,0xa0,0xb1,0x00,0xff,0xfa,0x02,0x2c,0x7f,0xa1,0xb1,0x00,0xff,0xfa,
    0x02,0x20,0x7f,0xa2,0xb1,0x00,0xff,0xfa,0x02,0x28,0x7f,0xa3,0xb1,0x00,0xff,0xa0,0x50,0x0e,0xcc,0x92,
    0x1f,0x82,0x1e,0xa1,0x50,0x0e,0xcc,0x96,0x1f,0x86,0x1e,0xa2,0x50,0x0e,0xcc,0x90,0x1f,0x8a,0x1e,0xa3,
    0x50,0x0e,0xcc,0x94,0x1f,0x8e,0x1e,0xfa,0x02,0x24,0x7f,0xa0,0x4e,0x00,0xff,0xfa,0x02,0x2c,0x7f,0xa1,
    0x4e,0x00,0xff,0xfa,0x02,0x20,0x7f,0xa2,0x4e,0x00,0xff,0xfa,0x02,0x28,0x7f,0xa3,0x4e,0x00,0xff,0xa0,
    0x50,0x0e,0xcc,0x92,0x1f,0x82,0x1e,0xa1,0x50,0x0e,0xcc,0x96,0x1f,0x86,0x1e,0xa2,0x50,0x0e,0xcc,0x90,
    0x1f,0x8a,0x1e,0xa3,0x50,0x0e,0xcc,0x94,0x1f,0x8e,0x1e,0x00,0x00,0x80,0xe0,0x07,0x92,0x89,0x80,0x00,
    0x00,0x80,0xe0,0x09,0x93,0x89,0x80,0x00,0x00,0x80,0xe0,0x08,0x90,0x89,0x80,0x00,0x00,0x80,0xe0,0x0a,
    0x91,0x89,0x80,0x0f,0x81,0x8f,0x80,0x80,0x27,0x27,0x98,0x24,0x3b,0x24,0x80,0x25,0x80,0x25,0x82,0x00,
    0x00,0x8c,0xe0,0x07,0x92,0x89,0x80,0x00,0x00,0x8c,0xe0,0x09,0x93,0x89,0x80,0x00,0x00,0x8c,0xe0,0x08,
    0x90,0x89,0x80,0x00,0x00,0x8c,0xe0,0x0a,0x91,0x89,0x80,0x0f,0x81,0x8f,0x80,0x80,0x27,0x27,0x98,0x24,
    0x3b,0x24,0x80,0x25,0x80,0x25,0x82,0x00,0x00,0x80,0xe0,0x07,0x96,0x89,0x80,0x00,0x00,0x80,0xe0,0x09,
    0x97,0x89,0x80,0x00,0x00,0x80,0xe0,0x08,0x94,0x89,0x80,0x00,0x00,0x80,0xe0,0x0a,0x95,0x89,0x80,0x0f,
    0x81,0x8f,0x80,0x80,0x27,0x27,0x98,0x24,0x3b,0x24,0x80,0x25,0x80,0x25,0x82,0x00,0x00,0x8c,0xe0,0x07,
    0x96,0x89,0x80,0x00,0x00,0x8c,0xe0,0x09,0x97,0x89,0x80,0x00,0x00,0x8c,0xe0,0x08,0x94,0x89,0x80,0x00,
    0x00,0x8c,0xe0,0x0a,0x95,0x89,0x80,0x0f,0x81,0x8f,0x80,0x80,0x27,0x27,0x98,0x24,0x3b,0x24,0x80,0x25,
    0x80,0x25,0x82,0x40,0x49,0xc0,0xbe,0x71,0x13,0xa0,0xbf,0xff,0x00,0xb8,0xbe,0xec,0xeb,0xff,0xff,0x2d,
    0x84,0x0d,0xbf,0x44,0x48,0xc0,0x98,0x2d,0x82,0x0d,0xbf,0x38,0xff,0x38,0x98,0x18,0xed,0xff,0xff,0x02,
    0x00,0xb5,0xbf,0xa0,0x40,0x0e,0xcc,0x9a,0x51,0x90,0x0e,0xa1,0x40,0x0e,0xcc,0x9e,0x51,0x94,0x0e,0xa2,
    0x40,0x0e,0xcc,0x98,0x51,0x98,0x0e,0xa3,0x40,0x0e,0xcc,0x9c,0x51,0x9c,0x0e,0xa4,0x01,0x0f,0xcc,0x9a,
    0x37,0x03,0x38,0xa5,0x01,0x0f,0xcc,0x9e,0x3f,0x03,0x38,0xa6,0x01,0x0f,0xcc,0x98,0x33,0x03,0x38,0xa7,
    0x01,0x0f,0xcc,0x9c,0x3b,0x03,0x38,0x00,0x00,0x80,0xe0,0x07,0x9a,0x89,0x80,0x00,0x00,0x80,0xe0,0x09,
    0x9b,0x89,0x80,0x00,0x00,0x80,0xe0,0x08,0x98,0x89,0x80,0x00,0x00,0x80,0xe0,0x0a,0x99,0x89,0x80,0x0f,
    0x81,0x8f,0x80,0x80,0x27,0x27,0x98,0x24,0x3b,0x24,0x80,0x25,0x80,0x25,0x82,0x00,0x00,0x8c,0xe0,0x07,
    0x9a,0x89,0x80,0x00,0x00,0x8c,0xe0,0x09,0x9b,0x89,0x80,0x00,0x00,0x8c,0xe0,0x08,0x98,0x89,0x80,0x00,
    0x00,0x8c,0xe0,0x0a,0x99,0x89,0x80,0x0f,0x81,0x8f,0x80,0x80,0x27,0x27,0x98,0x24,0x3b,0x24,0x80,0x25,
    0x80,0x25,0x82,0x00,0x00,0x80,0xe0,0x07,0x9e,0x89,0x80,0x00,0x00,0x80,0xe0,0x09,0x9f,0x89,0x80,0x00,
    0x00,0x80,0xe0,0x08,0x9c,0x89,0x80,0x00,0x00,0x80,0xe0,0x0a,0x9d,0x89,0x80,0x0f,0x81,0x8f,0x80,0x80,
    0x27,0x27,0x98,0x24,0x3b,0x24,0x80,0x25,0x80,0x25,0x82,0x00,0x00,0x8c,0xe0,0x07,0x9e,0x89,0x80,0x00,
    0x00,0x8c,0xe0,0x09,0x9f,0x89,0x80,0x00,0x00,0x8c,0xe0,0x08,0x9c,0x89,0x80,0x00,0x00,0x8c,0xe0,0x0a,
    0x9d,0x89,0x80,0x0f,0x81,0x8f,0x80,0x80,0x27,0x27,0x98,0x24,0x3b,0x24,0x80,0x25,0x80,0x25,0x82,0x40,
    0x49,0xc0,0xbe,0x27,0x13,0xa0,0xbf,0xff,0x00,0xb8,0xbe,0x64,0xea,0xff,0xff,0x2d,0x84,0x0d,0xbf,0x44,
    0x48,0xc0,0x98,0x2d,0x82,0x0d,0xbf,0x38,0xff,0x38,0x98,0x90,0xeb,0xff,0xff,0x02,0x00,0xb5,0xbf,0xa0,
    0x00,0x10,0xcc,0x9a,0x1f,0x02,0x08,0xa1,0x00,0x10,0xcc,0x9e,0x1f,0x02,0x08,0xa2,0x00,0x10,0xcc,0x98,
    0x1f,0x02,0x08,0xa3,0x00,0x10,0xcc,0x9c,0x1f,0x02,0x08,0xfa,0x02,0x34,0x7f,0xa0,0xb1,0x00,0xff,0xfa,
    0x02,0x3c,0x7f,0xa1,0xb1,0x00,0xff,0xfa,0x02,0x30,0x7f,0xa2,0xb1,0x00,0xff,0xfa,0x02,0x38,0x7f,0xa3,
    0xb1,0x00,0xff,0xa0,0x50,0x0e,0xcc,0x9a,0x1f,0x82,0x1e,0xa1,0x50,0x0e,0xcc,0x9e,0x1f,0x86,0x1e,0xa2,
    0x50,0x0e,0xcc,0x98,0x1f,0x8a,0x1e,0xa3,0x50,0x0e,0xcc,0x9c,0x1f,0x8e,0x1e,0xfa,0x02,0x34,0x7f,0xa0,
    0x4e,0x00,0xff,0xfa,0x02,0x3c,0x7f,0xa1,0x4e,0x00,0xff,0xfa,0x02,0x30,0x7f,0xa2,0x4e,0x00,0xff,0xfa,
    0x02,0x38,0x7f,0xa3,0x4e,0x00,0xff,0xa0,0x50,0x0e,0xcc,0x9a,0x1f,0x82,0x1e,0xa1,0x50,0x0e,0xcc,0x9e,
    0x1f,0x86,0x1e,0xa2,0x50,0x0e,0xcc,0x98,0x1f,0x8a,0x1e,0xa3,0x50,0x0e,0xcc,0x9c,0x1f,0x8e,0x1e,0x00,
    0x00,0x80,0xe0,0x07,0x9a,0x89,0x80,0x00,0x00,0x80,0xe0,0x09,0x9b,0x89,0x80,0x00,0x00,0x80,0xe0,0x08,
    0x98,0x89,0x80,0x00,0x00,0x80,0xe0,0x0a,0x99,0x89,0x80,0x0f,0x81,0x8f,0x80,0x80,0x27,0x27,0x98,0x24,
    0x3b,0x24,0x80,0x25,0x80,0x25,0x82,0x00,0x00,0x8c,0xe0,0x07,0x9a,0x89,0x80,0x00,0x00,0x8c,0xe0,0x09,
    0x9b,0x89,0x80,0x00,0x00,0x8c,0xe0,0x08,0x98,0x89,0x80,0x00,0x00,0x8c,0xe0,0x0a,0x99,0x89,0x80,0x0f,
    0x81,0x8f,0x80,0x80,0x27,0x27,0x98,0x24,0x3b,0x24,0x80,0x25,0x80,0x25,0x82,0x00,0x00,0x80,0xe0,0x07,
    0x9e,0x89,0x80,0x00,0x00,0x80,0xe0,0x09,0x9f,0x89,0x80,0x00,0x00,0x80,0xe0,0x08,0x9c,0x89,0x80,0x00,
    0x00,0x80,0xe0,0x0a,0x9d,0x89,0x80,0x0f,0x81,0x8f,0x80,0x80,0x27,0x27,0x98,0x24,0x3b,0x24,0x80,0x25,
    0x80,0x25,0x82,0x00,0x00,0x8c,0xe0,0x07,0x9e,0x89,0x80,0x00,0x00,0x8c,0xe0,0x09,0x9f,0x89,0x80,0x00,
    0x00,0x8c,0xe0,0x08,0x9c,0x89,0x80,0x00,0x00,0x8c,0xe0,0x0a,0x9d,0x89,0x80,0x0f,0x81,0x8f,0x80,0x80,
    0x27,0x27,0x98,0x24,0x3b,0x24,0x80,0x25,0x80,0x25,0x82,0x40,0x49,0xc0,0xbe,0xc5,0x12,0xa0,0xbf,0x40,
    0x12,0x7c,0xdb,0x01,0x12,0x00,0x00,0x10,0x00,0x7c,0xdb,0x01,0x1e,0x00,0x00,0x01,0x00,0xb5,0xbf,0x38,
    0x9f,0x39,0x86,0x40,0x38,0x40,0x80,0x41,0x39,0x41,0x82,0x2d,0x83,0x0d,0xbf,0xc1,0x80,0xea,0x98,0x2d,
    0x82,0x0d,0xbf,0xc1,0x80,0xb6,0x98,0x80,0x00,0xff,0xbe,0x07,0xfc,0x89,0xbf,0x00,0x00,0xbd,0xbf,0x04,
    0x05,0x52,0x7e,0x24,0x03,0x8a,0x7e,0x25,0x03,0x8c,0x7e,0x26,0x03,0x8e,0x7e,0x27,0x03,0x90,0x7e,0x28,
    0x03,0x92,0x7e,0x29,0x03,0x94,0x7e,0x2a,0x03,0x96,0x7e,0x2b,0x03,0x98,0x7e,0x58,0x00,0x0f,0xcc,0x24,
    0x7b,0x02,0x18,0x59,0x00,0x0f,0xcc,0x25,0x7d,0x02,0x18,0x5a,0x00,0x0f,0xcc,0x26,0x7f,0x02,0x18,0x5b,
    0x00,0x0f,0xcc,0x27,0x81,0x02,0x18,0x5c,0x00,0x0f,0xcc,0x28,0x83,0x02,0x18,0x5d,0x00,0x0f,0xcc,0x29,
    0x85,0x02,0x18,0x5e,0x00,0x0f,0xcc,0x2a,0x87,0x02,0x18,0x5f,0x00,0x0f,0xcc,0x2b,0x89,0x02,0x18,0x58,
    0x00,0x10,0xcc,0x58,0xe1,0x01,0x08,0x59,0x00,0x10,0xcc,0x59,0xe1,0x01,0x08,0x5a,0x00,0x10,0xcc,0x5a,
    0xe1,0x01,0x08,0x5b,0x00,0x10,0xcc,0x5b,0xe1,0x01,0x08,0x5c,0x00,0x10,0xcc,0x5c,0xe1,0x01,0x08,0x5d,
    0x00,0x10,0xcc,0x5d,0xe1,0x01,0x08,0x5e,0x00,0x10,0xcc,0x5e,0xe1,0x01,0x08,0x5f,0x00,0x10,0xcc,0x5f,
    0xe1,0x01,0x08,0x58,0x40,0x0e,0xcc,0x2c,0xe1,0x61,0x0d,0x59,0x40,0x0e,0xcc,0x2d,0xe1,0x65,0x0d,0x5a,
    0x40,0x0e,0xcc,0x2e,0xe1,0x69,0x0d,0x5b,0x40,0x0e,0xcc,0x2f,0xe1,0x6d,0x0d,0x5c,0x40,0x0e,0xcc,0x30,
    0xe1,0x71,0x0d,0x5d,0x40,0x0e,0xcc,0x31,0xe1,0x75,0x0d,0x5e,0x40,0x0e,0xcc,0x32,0xe1,0x79,0x0d,0x5f,
    0x40,0x0e,0xcc,0x33,0xe1,0x7d,0x0d,0x69,0x40,0x0e,0xcc,0x2c,0xe7,0x61,0x0d,0x6a,0x40,0x0e,0xcc,0x2d,
    0xe7,0x65,0x0d,0x6b,0x40,0x0e,0xcc,0x2e,0xe7,0x69,0x0d,0x6c,0x40,0x0e,0xcc,0x2f,0xe7,0x6d,0x0d,0x6d,
    0x40,0x0e,0xcc,0x30,0xe7,0x71,0x0d,0x6e,0x40,0x0e,0xcc,0x31,0xe7,0x75,0x0d,0x6f,0x40,0x0e,0xcc,0x32,
    0xe7,0x79,0x0d,0x70,0x40,0x0e,0xcc,0x33,0xe7,0x7d,0x0d,0x3d,0x03,0xf8,0x7e,0x3e,0x03,0xfa,0x7e,0x3f,
    0x03,0xfc,0x7e,0x40,0x03,0xfe,0x7e,0x41,0x03,0x00,0x7f,0x42,0x03,0x02,0x7f,0x43,0x03,0x04,0x7f,0x44,
    0x03,0x06,0x7f,0xc1,0x00,0xff,0xbe,0x0d,0x03,0x16,0x02,0x0c,0x00,0x01,0xd5,0x0e,0x07,0xda,0x00,0x29,
    0x81,0x0d,0xbf,0x2d,0x2d,0x2d,0x82,0x80,0x00,0xff,0xbe,0xc0,0x6c,0xfc,0xdb,0x0b,0x00,0x00,0x24,0xc0,
    0x75,0xfc,0xdb,0x0b,0x00,0x00,0x28,0x00,0x7f,0xfc,0xdb,0x0b,0x00,0x00,0x2c,0x00,0x88,0xfc,0xdb,0x0b,
    0x00,0x00,0x30,0xc1,0x00,0xff,0xbe,0x80,0x48,0x7c,0xdb,0x0c,0xa0,0x00,0x00,0x80,0x00,0xff,0xbe,0xd0,
    0x6c,0xfc,0xdb,0x0b,0x00,0x00,0x35,0xd0,0x75,0xfc,0xdb,0x0b,0x00,0x00,0x39,0x10,0x7f,0xfc,0xdb,0x0b,
    0x00,0x00,0x3d,0x10,0x88,0xfc,0xdb,0x0b,0x00,0x00,0x41,0xc1,0x00,0xff,0xbe,0xc0,0x4a,0x7c,0xdb,0x0c,
    0xa4,0x00,0x00,0x40,0x49,0xc0,0xbe,0x80,0x36,0x7c,0xdb,0x02,0x12,0x00,0x00,0x50,0x24,0x7c,0xdb,0x02,
    0x1e,0x00,0x00,0x01,0x00,0xb5,0xbf,0x38,0x9f,0x39,0x86,0x17,0x22,0x97,0x80,0x80,0x38,0xb8,0x98,0x40,
    0x38,0x40,0x80,0x41,0x39,0x41,0x82,0x2d,0x83,0x0d,0xbf,0xc1,0x80,0xea,0x98,0x2d,0x83,0x0d,0xbf,0xc1,
    0x80,0xb6,0x98,0x80,0x00,0xff,0xbe,0x07,0xfc,0x89,0xbf,0x00,0x00,0xbd,0xbf,0x24,0x03,0x9a,0x7e,0x25,
    0x03,0x9c,0x7e,0x26,0x03,0x9e,0x7e,0x27,0x03,0xa0,0x7e,0x28,0x03,0xa2,0x7e,0x29,0x03,0xa4,0x7e,0x2a,
    0x03,0xa6,0x7e,0x2b,0x03,0xa8,0x7e,0x60,0x00,0x0f,0xcc,0x24,0x7b,0x02,0x18,0x61,0x00,0x0f,0xcc,0x25,
    0x7d,0x02,0x18,0x62,0x00,0x0f,0xcc,0x26,0x7f,0x02,0x18,0x63,0x00,0x0f,0xcc,0x27,0x81,0x02,0x18,0x64,
    0x00,0x0f,0xcc,0x28,0x83,0x02,0x18,0x65,0x00,0x0f,0xcc,0x29,0x85,0x02,0x18,0x66,0x00,0x0f,0xcc,0x2a,
    0x87,0x02,0x18,0x67,0x00,0x0f,0xcc,0x2b,0x89,0x02,0x18,0x60,0x00,0x10,0xcc,0x60,0xe1,0x01,0x08,0x61,
    0x00,0x10,0xcc,0x61,0xe1,0x01,0x08,0x62,0x00,0x10,0xcc,0x62,0xe1,0x01,0x08,0x63,0x00,0x10,0xcc,0x63,
    0xe1,0x01,0x08,0x64,0x00,0x10,0xcc,0x64,0xe1,0x01,0x08,0x65,0x00,0x10,0xcc,0x65,0xe1,0x01,0x08,0x66,
    0x00,0x10,0xcc,0x66,0xe1,0x01,0x08,0x67,0x00,0x10,0xcc,0x67,0xe1,0x01,0x08,0x60,0x40,0x0e,0xcc,0x2c,
    0xe1,0x81,0x0d,0x61,0x40,0x0e,0xcc,0x2d,0xe1,0x85,0x0d,0x62,0x40,0x0e,0xcc,0x2e,0xe1,0x89,0x0d,0x63,
    0x40,0x0e,0xcc,0x2f,0xe1,0x8d,0x0d,0x64,0x40,0x0e,0xcc,0x30,0xe1,0x91,0x0d,0x65,0x40,0x0e,0xcc,0x31,
    0xe1,0x95,0x0d,0x66,0x40,0x0e,0xcc,0x32,0xe1,0x99,0x0d,0x67,0x40,0x0e,0xcc,0x33,0xe1,0x9d,0x0d,0x71,
    0x40,0x0e,0xcc,0x2c,0xe7,0x81,0x0d,0x72,0x40,0x0e,0xcc,0x2d,0xe7,0x85,0x0d,0x73,0x40,0x0e,0xcc,0x2e,
    0xe7,0x89,0x0d,0x74,0x40,0x0e,0xcc,0x2f,0xe7,0x8d,0x0d,0x75,0x40,0x0e,0xcc,0x30,0xe7,0x91,0x0d,0x76,
    0x40,0x0e,0xcc,0x31,0xe7,0x95,0x0d,0x77,0x40,0x0e,0xcc,0x32,0xe7,0x99,0x0d,0x78,0x40,0x0e,0xcc,0x33,
    0xe7,0x9d,0x0d,0x3d,0x03,0x08,0x7f,0x3e,0x03,0x0a,0x7f,0x3f,0x03,0x0c,0x7f,0x40,0x03,0x0e,0x7f,0x41,
    0x03,0x10,0x7f,0x42,0x03,0x12,0x7f,0x43,0x03,0x14,0x7f,0x44,0x03,0x16,0x7f,0xc1,0x00,0xff,0xbe,0x0d,
    0x05,0x16,0x02,0x0c,0x00,0x01,0xd5,0x0e,0x07,0xda,0x00,0x29,0x80,0x0d,0xbf,0x80,0x23,0x23,0x98,0x81,
    0x22,0x22,0x98,0x29,0x90,0x27,0x85,0x00,0x91,0xfc,0xdb,0x05,0x00,0x00,0x07,0x00,0x99,0xd8,0xd8,0x06,
    0x00,0x00,0x04,0x29,0x81,0x0d,0xbf,0x31,0x35,0x3b,0x98,0x10,0x12,0xa4,0x98,0x27,0x3b,0x38,0x96,0x27,
    0x3b,0xb9,0x96,0x27,0x81,0x0f,0x80,0x16,0x0f,0x8f,0x80,0x80,0x23,0x27,0x98,0x24,0x38,0x24,0x80,0x25,
    0x39,0x25,0x82,0x80,0x00,0xff,0xbe,0x80,0x48,0xfc,0xdb,0x0b,0x00,0x00,0x24,0x80,0x51,0xfc,0xdb,0x0b,
    0x00,0x00,0x28,0xc0,0x5a,0xfc,0xdb,0x0b,0x00,0x00,0x2c,0xc0,0x63,0xfc,0xdb,0x0b,0x00,0x00,0x30,0xc1,
    0x00,0xff,0xbe,0xc0,0x6c,0x7c,0xdb,0x0c,0xa0,0x00,0x00,0x80,0x00,0xff,0xbe,0x90,0x48,0xfc,0xdb,0x0b,
    0x00,0x00,0x35,0x90,0x51,0xfc,0xdb,0x0b,0x00,0x00,0x39,0xd0,0x5a,0xfc,0xdb,0x0b,0x00,0x00,0x3d,0xd0,
    0x63,0xfc,0xdb,0x0b,0x00,0x00,0x41,0xc1,0x00,0xff,0xbe,0x00,0x6f,0x7c,0xdb,0x0c,0xa4,0x00,0x00,0xa7,
    0xfc,0x89,0xbf,0x40,0x49,0xc0,0xbe,0x40,0x12,0x7c,0xdb,0x01,0x12,0x00,0x00,0x10,0x00,0x7c,0xdb,0x01,
    0x1e,0x00,0x00,0x01,0x00,0xb5,0xbf,0x38,0x9f,0x39,0x86,0x40,0x38,0x40,0x80,0x41,0x39,0x41,0x82,0x2d,
    0x83,0x0d,0xbf,0xc1,0x80,0xea,0x98,0x2d,0x82,0x0d,0xbf,0xc1,0x80,0xb6,0x98,0x80,0x00,0xff,0xbe,0x07,
    0xfc,0x89,0xbf,0x04,0x05,0x52,0x7e,0x24,0x03,0x8a,0x7e,0x25,0x03,0x8c,0x7e,0x26,0x03,0x8e,0x7e,0x27,
    0x03,0x90,0x7e,0x28,0x03,0x92,0x7e,0x29,0x03,0x94,0x7e,0x2a,0x03,0x96,0x7e,0x2b,0x03,0x98,0x7e,0x58,
    0x00,0x0f,0xcc,0x24,0x7b,0x02,0x18,0x59,0x00,0x0f,0xcc,0x25,0x7d,0x02,0x18,0x5a,0x00,0x0f,0xcc,0x26,
    0x7f,0x02,0x18,0x5b,0x00,0x0f,0xcc,0x27,0x81,0x02,0x18,0x5c,0x00,0x0f,0xcc,0x28,0x83,0x02,0x18,0x5d,
    0x00,0x0f,0xcc,0x29,0x85,0x02,0x18,0x5e,0x00,0x0f,0xcc,0x2a,0x87,0x02,0x18,0x5f,0x00,0x0f,0xcc,0x2b,
    0x89,0x02,0x18,0x58,0x00,0x10,0xcc,0x58,0xe1,0x01,0x08,0x59,0x00,0x10,0xcc,0x59,0xe1,0x01,0x08,0x5a,
    0x00,0x10,0xcc,0x5a,0xe1,0x01,0x08,0x5b,0x00,0x10,0xcc,0x5b,0xe1,0x01,0x08,0x5c,0x00,0x10,0xcc,0x5c,
    0xe1,0x01,0x08,0x5d,0x00,0x10,0xcc,0x5d,0xe1,0x01,0x08,0x5e,0x00,0x10,0xcc,0x5e,0xe1,0x01,0x08,0x5f,
    0x00,0x10,0xcc,0x5f,0xe1,0x01,0x08,0x58,0x40,0x0e,0xcc,0x2c,0xe1,0x61,0x0d,0x59,0x40,0x0e,0xcc,0x2d,
    0xe1,0x65,0x0d,0x5a,0x40,0x0e,0xcc,0x2e,0xe1,0x69,0x0d,0x5b,0x40,0x0e,0xcc,0x2f,0xe1,0x6d,0x0d,0x5c,
    0x40,0x0e,0xcc,0x30,0xe1,0x71,0x0d,0x5d,0x40,0x0e,0xcc,0x31,0xe1,0x75,0x0d,0x5e,0x40,0x0e,0xcc,0x32,
    0xe1,0x79,0x0d,0x5f,0x40,0x0e,0xcc,0x33,0xe1,0x7d,0x0d,0x69,0x40,0x0e,0xcc,0x2c,0xe7,0x61,0x0d,0x6a,
    0x40,0x0e,0xcc,0x2d,0xe7,0x65,0x0d,0x6b,0x40,0x0e,0xcc,0x2e,0xe7,0x69,0x0d,0x6c,0x40,0x0e,0xcc,0x2f,
    0xe7,0x6d,0x0d,0x6d,0x40,0x0e,0xcc,0x30,0xe7,0x71,0x0d,0x6e,0x40,0x0e,0xcc,0x31,0xe7,0x75,0x0d,0x6f,
    0x40,0x0e,0xcc,0x32,0xe7,0x79,0x0d,0x70,0x40,0x0e,0xcc,0x33,0xe7,0x7d,0x0d,0x3d,0x03,0xf8,0x7e,0x3e,
    0x03,0xfa,0x7e,0x3f,0x03,0xfc,0x7e,0x40,0x03,0xfe,0x7e,0x41,0x03,0x00,0x7f,0x42,0x03,0x02,0x7f,0x43,
    0x03,0x04,0x7f,0x44,0x03,0x06,0x7f,0xc1,0x00,0xff,0xbe,0x0d,0x03,0x16,0x02,0x0c,0x00,0x01,0xd5,0x0e,
    0x07,0xda,0x00,0x00,0x00,0xbd,0xbf,0x29,0x81,0x0d,0xbf,0x2d,0x2d,0x2d,0x82,0x80,0x00,0xff,0xbe,0xc0,
    0x6c,0xfc,0xdb,0x0b,0x00,0x00,0x24,0xc0,0x75,0xfc,0xdb,0x0b,0x00,0x00,0x28,0x00,0x7f,0xfc,0xdb,0x0b,
    0x00,0x00,0x2c,0x00,0x88,0xfc,0xdb,0x0b,0x00,0x00,0x30,0xc1,0x00,0xff,0xbe,0x80,0x48,0x7c,0xdb,0x0c,
    0xa0,0x00,0x00,0x80,0x00,0xff,0xbe,0xd0,0x6c,0xfc,0xdb,0x0b,0x00,0x00,0x35,0xd0,0x75,0xfc,0xdb,0x0b,
    0x00,0x00,0x39,0x10,0x7f,0xfc,0xdb,0x0b,0x00,0x00,0x3d,0x10,0x88,0xfc,0xdb,0x0b,0x00,0x00,0x41,0xc1,
    0x00,0xff,0xbe,0xc0,0x4a,0x7c,0xdb,0x0c,0xa4,0x00,0x00,0x40,0x49,0xc0,0xbe,0x80,0x36,0x7c,0xdb,0x02,
    0x12,0x00,0x00,0x50,0x24,0x7c,0xdb,0x02,0x1e,0x00,0x00,0x01,0x00,0xb5,0xbf,0x38,0x9f,0x39,0x86,0x17,
    0x22,0x97,0x80,0x80,0x38,0xb8,0x98,0x40,0x38,0x40,0x80,0x41,0x39,0x41,0x82,0x2d,0x83,0x0d,0xbf,0xc1,
    0x80,0xea,0x98,0x2d,0x83,0x0d,0xbf,0xc1,0x80,0xb6,0x98,0x80,0x00,0xff,0xbe,0x07,0xfc,0x89,0xbf,0x24,
    0x03,0x9a,0x7e,0x25,0x03,0x9c,0x7e,0x26,0x03,0x9e,0x7e,0x27,0x03,0xa0,0x7e,0x28,0x03,0xa2,0x7e,0x29,
    0x03,0xa4,0x7e,0x2a,0x03,0xa6,0x7e,0x2b,0x03,0xa8,0x7e,0x60,0x00,0x0f,0xcc,0x24,0x7b,0x02,0x18,0x61,
    0x00,0x0f,0xcc,0x25,0x7d,0x02,0x18,0x62,0x00,0x0f,0xcc,0x26,0x7f,0x02,0x18,0x63,0x00,0x0f,0xcc,0x27,
    0x81,0x02,0x18,0x64,0x00,0x0f,0xcc,0x28,0x83,0x02,0x18,0x65,0x00,0x0f,0xcc,0x29,0x85,0x02,0x18,0x66,
    0x00,0x0f,0xcc,0x2a,0x87,0x02,0x18,0x67,0x00,0x0f,0xcc,0x2b,0x89,0x02,0x18,0x60,0x00,0x10,0xcc,0x60,
    0xe1,0x01,0x08,0x61,0x00,0x10,0xcc,0x61,0xe1,0x01,0x08,0x62,0x00,0x10,0xcc,0x62,0xe1,0x01,0x08,0x63,
    0x00,0x10,0xcc,0x63,0xe1,0x01,0x08,0x64,0x00,0x10,0xcc,0x64,0xe1,0x01,0x08,0x65,0x00,0x10,0xcc,0x65,
    0xe1,0x01,0x08,0x66,0x00,0x10,0xcc,0x66,0xe1,0x01,0x08,0x67,0x00,0x10,0xcc,0x67,0xe1,0x01,0x08,0x60,
    0x40,0x0e,0xcc,0x2c,0xe1,0x81,0x0d,0x61,0x40,0x0e,0xcc,0x2d,0xe1,0x85,0x0d,0x62,0x40,0x0e,0xcc,0x2e,
    0xe1,0x89,0x0d,0x63,0x40,0x0e,0xcc,0x2f,0xe1,0x8d,0x0d,0x64,0x40,0x0e,0xcc,0x30,0xe1,0x91,0x0d,0x65,
    0x40,0x0e,0xcc,0x31,0xe1,0x95,0x0d,0x66,0x40,0x0e,0xcc,0x32,0xe1,0x99,0x0d,0x67,0x40,0x0e,0xcc,0x33,
    0xe1,0x9d,0x0d,0x71,0x40,0x0e,0xcc,0x2c,0xe7,0x81,0x0d,0x72,0x40,0x0e,0xcc,0x2d,0xe7,0x85,0x0d,0x73,
    0x40,0x0e,0xcc,0x2e,0xe7,0x89,0x0d,0x74,0x40,0x0e,0xcc,0x2f,0xe7,0x8d,0x0d,0x75,0x40,0x0e,0xcc,0x30,
    0xe7,0x91,0x0d,0x76,0x40,0x0e,0xcc,0x31,0xe7,0x95,0x0d,0x77,0x40,0x0e,0xcc,0x32,0xe7,0x99,0x0d,0x78,
    0x40,0x0e,0xcc,0x33,0xe7,0x9d,0x0d,0x3d,0x03,0x08,0x7f,0x3e,0x03,0x0a,0x7f,0x3f,0x03,0x0c,0x7f,0x40,
    0x03,0x0e,0x7f,0x41,0x03,0x10,0x7f,0x42,0x03,0x12,0x7f,0x43,0x03,0x14,0x7f,0x44,0x03,0x16,0x7f,0xc1,
    0x00,0xff,0xbe,0x0d,0x05,0x16,0x02,0x0c,0x00,0x01,0xd5,0x0e,0x07,0xda,0x00,0x00,0x00,0xbd,0xbf,0x29,
    0x80,0x0d,0xbf,0x80,0x23,0x23,0x98,0x81,0x22,0x22,0x98,0x29,0x90,0x27,0x85,0x00,0x91,0xfc,0xdb,0x05,
    0x00,0x00,0x07,0x00,0x99,0xd8,0xd8,0x06,0x00,0x00,0x04,0x29,0x81,0x0d,0xbf,0x31,0x35,0x3b,0x98,0x10,
    0x12,0xa4,0x98,0x27,0x3b,0x38,0x96,0x27,0x3b,0xb9,0x96,0x27,0x81,0x0f,0x80,0x16,0x0f,0x8f,0x80,0x80,
    0x23,0x27,0x98,0x24,0x38,0x24,0x80,0x25,0x39,0x25,0x82,0x80,0x00,0xff,0xbe,0x80,0x48,0xfc,0xdb,0x0b,
    0x00,0x00,0x24,0x80,0x51,0xfc,0xdb,0x0b,0x00,0x00,0x28,0xc0,0x5a,0xfc,0xdb,0x0b,0x00,0x00,0x2c,0xc0,
    0x63,0xfc,0xdb,0x0b,0x00,0x00,0x30,0xc1,0x00,0xff,0xbe,0xc0,0x6c,0x7c,0xdb,0x0c,0xa0,0x00,0x00,0x80,
    0x00,0xff,0xbe,0x90,0x48,0xfc,0xdb,0x0b,0x00,0x00,0x35,0x90,0x51,0xfc,0xdb,0x0b,0x00,0x00,0x39,0xd0,
    0x5a,0xfc,0xdb,0x0b,0x00,0x00,0x3d,0xd0,0x63,0xfc,0xdb,0x0b,0x00,0x00,0x41,0xc1,0x00,0xff,0xbe,0x00,
    0x6f,0x7c,0xdb,0x0c,0xa4,0x00,0x00,0xa7,0xfc,0x89,0xbf,0x40,0x49,0xc0,0xbe,0x40,0x12,0x7c,0xdb,0x01,
    0x12,0x00,0x00,0x10,0x00,0x7c,0xdb,0x01,0x1e,0x00,0x00,0x01,0x00,0xb5,0xbf,0x38,0x9f,0x39,0x86,0x40,
    0x38,0x40,0x80,0x41,0x39,0x41,0x82,0x2d,0x83,0x0d,0xbf,0xc1,0x80,0xea,0x98,0x2d,0x82,0x0d,0xbf,0xc1,
    0x80,0xb6,0x98,0x80,0x00,0xff,0xbe,0x07,0xfc,0x89,0xbf,0x00,0x00,0xbd,0xbf,0x04,0x05,0x52,0x7e,0x24,
    0x02,0x0f,0xcc,0x24,0x6b,0x02,0x58,0x25,0x02,0x0f,0xcc,0x25,0x6d,0x02,0x58,0x26,0x02,0x0f,0xcc,0x26,
    0x6f,0x02,0x58,0x27,0x02,0x0f,0xcc,0x27,0x71,0x02,0x58,0x28,0x02,0x0f,0xcc,0x28,0x73,0x02,0x58,0x29,
    0x02,0x0f,0xcc,0x29,0x75,0x02,0x58,0x2a,0x02,0x0f,0xcc,0x2a,0x77,0x02,0x58,0x2b,0x02,0x0f,0xcc,0x2b,
    0x79,0x02,0x58,0x3d,0x02,0x0f,0xcc,0x3d,0x59,0x02,0x58,0x3e,0x02,0x0f,0xcc,0x3e,0x5b,0x02,0x58,0x3f,
    0x02,0x0f,0xcc,0x3f,0x5d,0x02,0x58,0x40,0x02,0x0f,0xcc,0x40,0x5f,0x02,0x58,0x41,0x02,0x0f,0xcc,0x41,
    0x61,0x02,0x58,0x42,0x02,0x0f,0xcc,0x42,0x63,0x02,0x58,0x43,0x02,0x0f,0xcc,0x43,0x65,0x02,0x58,0x44,
    0x02,0x0f,0xcc,0x44,0x67,0x02,0x58,0x12,0x00,0x42,0xcc,0x45,0x49,0x02,0x1a,0x12,0x60,0x42,0xcc,0x4d,
    0x49,0x02,0x1a,0x1e,0x00,0x42,0xcc,0x7c,0x7b,0x02,0x1a,0x1e,0x60,0x42,0xcc,0x84,0x7b,0x02,0x1a,0x24,
    0x00,0x0f,0xcc,0x2c,0x6b,0x02,0x18,0x25,0x00,0x0f,0xcc,0x2d,0x6d,0x02,0x18,0x26,0x00,0x0f,0xcc,0x2e,
    0x6f,0x02,0x18,0x27,0x00,0x0f,0xcc,0x2f,0x71,0x02,0x18,0x28,0x00,0x0f,0xcc,0x30,0x73,0x02,0x18,0x29,
    0x00,0x0f,0xcc,0x31,0x75,0x02,0x18,0x2a,0x00,0x0f,0xcc,0x32,0x77,0x02,0x18,0x2b,0x00,0x0f,0xcc,0x33,
    0x79,0x02,0x18,0x3d,0x02,0x0f,0xcc,0x35,0x59,0x02,0x58,0x3e,0x02,0x0f,0xcc,0x36,0x5b,0x02,0x58,0x3f,
    0x02,0x0f,0xcc,0x37,0x5d,0x02,0x58,0x40,0x02,0x0f,0xcc,0x38,0x5f,0x02,0x58,0x41,0x02,0x0f,0xcc,0x39,
    0x61,0x02,0x58,0x42,0x02,0x0f,0xcc,0x3a,0x63,0x02,0x58,0x43,0x02,0x0f,0xcc,0x3b,0x65,0x02,0x58,0x44,
    0x02,0x0f,0xcc,0x3c,0x67,0x02,0x58,0x16,0x00,0x42,0xcc,0x58,0x49,0x02,0x1a,0xc1,0x00,0xff,0xbe,0x16,
    0x60,0x42,0xcc,0x60,0x49,0x02,0x1a,0x1a,0x00,0x42,0xcc,0x69,0x7b,0x02,0x1a,0x1a,0x60,0x42,0xcc,0x71,
    0x7b,0x02,0x1a,0x12,0x00,0x0f,0xcc,0x12,0x2d,0x02,0x18,0x13,0x00,0x0f,0xcc,0x13,0x2f,0x02,0x18,0x14,
    0x00,0x0f,0xcc,0x14,0x31,0x02,0x18,0x15,0x00,0x0f,0xcc,0x15,0x33,0x02,0x18,0x1e,0x00,0x0f,0xcc,0x16,
    0x3d,0x02,0x18,0x1f,0x00,0x0f,0xcc,0x17,0x3f,0x02,0x18,0x20,0x00,0x0f,0xcc,0x18,0x41,0x02,0x18,0x21,
    0x00,0x0f,0xcc,0x19,0x43,0x02,0x18,0x12,0x00,0x0f,0xcc,0x12,0x35,0x02,0x18,0x13,0x00,0x0f,0xcc,0x13,
    0x37,0x02,0x18,0x14,0x00,0x0f,0xcc,0x14,0x39,0x02,0x18,0x15,0x00,0x0f,0xcc,0x15,0x3b,0x02,0x18,0x1e,
    0x02,0x0f,0xcc,0x1e,0x35,0x02,0x58,0x1f,0x02,0x0f,0xcc,0x1f,0x37,0x02,0x58,0x20,0x02,0x0f,0xcc,0x20,
    0x39,0x02,0x58,0x21,0x02,0x0f,0xcc,0x21,0x3b,0x02,0x58,0x0d,0x03,0x16,0x02,0x0c,0x00,0x01,0xd5,0x0e,
    0x07,0xda,0x00,0x29,0x81,0x0d,0xbf,0x2d,0x2d,0x2d,0x82,0x80,0x00,0xff,0xbe,0xc0,0x6c,0xfc,0xdb,0x0b,
    0x00,0x00,0x24,0xc0,0x75,0xfc,0xdb,0x0b,0x00,0x00,0x28,0x00,0x7f,0xfc,0xdb,0x0b,0x00,0x00,0x2c,0x00,
    0x88,0xfc,0xdb,0x0b,0x00,0x00,0x30,0xc1,0x00,0xff,0xbe,0x80,0x48,0x7c,0xdb,0x0c,0xa0,0x00,0x00,0x80,
    0x00,0xff,0xbe,0xd0,0x6c,0xfc,0xdb,0x0b,0x00,0x00,0x35,0xd0,0x75,0xfc,0xdb,0x0b,0x00,0x00,0x39,0x10,
    0x7f,0xfc,0xdb,0x0b,0x00,0x00,0x3d,0x10,0x88,0xfc,0xdb,0x0b,0x00,0x00,0x41,0xc1,0x00,0xff,0xbe,0xc0,
    0x4a,0x7c,0xdb,0x0c,0xa4,0x00,0x00,0x40,0x49,0xc0,0xbe,0x80,0x36,0x7c,0xdb,0x02,0x12,0x00,0x00,0x50,
    0x24,0x7c,0xdb,0x02,0x1e,0x00,0x00,0x01,0x00,0xb5,0xbf,0x38,0x9f,0x39,0x86,0x17,0x22,0x97,0x80,0x80,
    0x38,0xb8,0x98,0x40,0x38,0x40,0x80,0x41,0x39,0x41,0x82,0x2d,0x83,0x0d,0xbf,0xc1,0x80,0xea,0x98,0x2d,
    0x83,0x0d,0xbf,0xc1,0x80,0xb6,0x98,0x80,0x00,0xff,0xbe,0x07,0xfc,0x89,0xbf,0x00,0x00,0xbd,0xbf,0x24,
    0x02,0x0f,0xcc,0x24,0x6b,0x02,0x58,0x25,0x02,0x0f,0xcc,0x25,0x6d,0x02,0x58,0x26,0x02,0x0f,0xcc,0x26,
    0x6f,0x02,0x58,0x27,0x02,0x0f,0xcc,0x27,0x71,0x02,0x58,0x28,0x02,0x0f,0xcc,0x28,0x73,0x02,0x58,0x29,
    0x02,0x0f,0xcc,0x29,0x75,0x02,0x58,0x2a,0x02,0x0f,0xcc,0x2a,0x77,0x02,0x58,0x2b,0x02,0x0f,0xcc,0x2b,
    0x79,0x02,0x58,0x3d,0x02,0x0f,0xcc,0x3d,0x59,0x02,0x58,0x3e,0x02,0x0f,0xcc,0x3e,0x5b,0x02,0x58,0x3f,
    0x02,0x0f,0xcc,0x3f,0x5d,0x02,0x58,0x40,0x02,0x0f,0xcc,0x40,0x5f,0x02,0x58,0x41,0x02,0x0f,0xcc,0x41,
    0x61,0x02,0x58,0x42,0x02,0x0f,0xcc,0x42,0x63,0x02,0x58,0x43,0x02,0x0f,0xcc,0x43,0x65,0x02,0x58,0x44,
    0x02,0x0f,0xcc,0x44,0x67,0x02,0x58,0x12,0x00,0x42,0xcc,0x45,0x49,0x02,0x1a,0x12,0x60,0x42,0xcc,0x4d,
    0x49,0x02,0x1a,0x1e,0x00,0x42,0xcc,0x7c,0x7b,0x02,0x1a,0x1e,0x60,0x42,0xcc,0x84,0x7b,0x02,0x1a,0x24,
    0x00,0x0f,0xcc,0x2c,0x6b,0x02,0x18,0x25,0x00,0x0f,0xcc,0x2d,0x6d,0x02,0x18,0x26,0x00,0x0f,0xcc,0x2e,
    0x6f,0x02,0x18,0x27,0x00,0x0f,0xcc,0x2f,0x71,0x02,0x18,0x28,0x00,0x0f,0xcc,0x30,0x73,0x02,0x18,0x29,
    0x00,0x0f,0xcc,0x31,0x75,0x02,0x18,0x2a,0x00,0x0f,0xcc,0x32,0x77,0x02,0x18,0x2b,0x00,0x0f,0xcc,0x33,
    0x79,0x02,0x18,0x3d,0x02,0x0f,0xcc,0x35,0x59,0x02,0x58,0x3e,0x02,0x0f,0xcc,0x36,0x5b,0x02,0x58,0x3f,
    0x02,0x0f,0xcc,0x37,0x5d,0x02,0x58,0x40,0x02,0x0f,0xcc,0x38,0x5f,0x02,0x58,0x41,0x02,0x0f,0xcc,0x39,
    0x61,0x02,0x58,0x42,0x02,0x0f,0xcc,0x3a,0x63,0x02,0x58,0x43,0x02,0x0f,0xcc,0x3b,0x65,0x02,0x58,0x44,
    0x02,0x0f,0xcc,0x3c,0x67,0x02,0x58,0x16,0x00,0x42,0xcc,0x58,0x49,0x02,0x1a,0xc1,0x00,0xff,0xbe,0x16,
    0x60,0x42,0xcc,0x60,0x49,0x02,0x1a,0x1a,0x00,0x42,0xcc,0x69,0x7b,0x02,0x1a,0x1a,0x60,0x42,0xcc,0x71,
    0x7b,0x02,0x1a,0x12,0x00,0x0f,0xcc,0x12,0x2d,0x02,0x18,0x13,0x00,0x0f,0xcc,0x13,0x2f,0x02,0x18,0x14,
    0x00,0x0f,0xcc,0x14,0x31,0x02,0x18,0x15,0x00,0x0f,0xcc,0x15,0x33,0x02,0x18,0x1e,0x00,0x0f,0xcc,0x16,
    0x3d,0x02,0x18,0x1f,0x00,0x0f,0xcc,0x17,0x3f,0x02,0x18,0x20,0x00,0x0f,0xcc,0x18,0x41,0x02,0x18,0x21,
    0x00,0x0f,0xcc,0x19,0x43,0x02,0x18,0x12,0x00,0x0f,0xcc,0x12,0x35,0x02,0x18,0x13,0x00,0x0f,0xcc,0x13,
    0x37,0x02,0x18,0x14,0x00,0x0f,0xcc,0x14,0x39,0x02,0x18,0x15,0x00,0x0f,0xcc,0x15,0x3b,0x02,0x18,0x1e,
    0x02,0x0f,0xcc,0x1e,0x35,0x02,0x58,0x1f,0x02,0x0f,0xcc,0x1f,0x37,0x02,0x58,0x20,0x02,0x0f,0xcc,0x20,
    0x39,0x02,0x58,0x21,0x02,0x0f,0xcc,0x21,0x3b,0x02,0x58,0x0d,0x05,0x16,0x02,0x0c,0x00,0x01,0xd5,0x0e,
    0x07,0xda,0x00,0x29,0x80,0x0d,0xbf,0x80,0x23,0x23,0x98,0x81,0x22,0x22,0x98,0x29,0x90,0x27,0x85,0x00,
    0x91,0xfc,0xdb,0x05,0x00,0x00,0x07,0x00,0x99,0xd8,0xd8,0x06,0x00,0x00,0x04,0x29,0x81,0x0d,0xbf,0x31,
    0x35,0x3b,0x98,0x10,0x12,0xa4,0x98,0x27,0x3b,0x38,0x96,0x27,0x3b,0xb9,0x96,0x27,0x81,0x0f,0x80,0x16,
    0x0f,0x8f,0x80,0x80,0x23,0x27,0x98,0x24,0x38,0x24,0x80,0x25,0x39,0x25,0x82,0x80,0x00,0xff,0xbe,0x80,
    0x48,0xfc,0xdb,0x0b,0x00,0x00,0x24,0x80,0x51,0xfc,0xdb,0x0b,0x00,0x00,0x28,0xc0,0x5a,0xfc,0xdb,0x0b,
    0x00,0x00,0x2c,0xc0,0x63,0xfc,0xdb,0x0b,0x00,0x00,0x30,0xc1,0x00,0xff,0xbe,0xc0,0x6c,0x7c,0xdb,0x0c,
    0xa0,0x00,0x00,0x80,0x00,0xff,0xbe,0x90,0x48,0xfc,0xdb,0x0b,0x00,0x00,0x35,0x90,0x51,0xfc,0xdb,0x0b,
    0x00,0x00,0x39,0xd0,0x5a,0xfc,0xdb,0x0b,0x00,0x00,0x3d,0xd0,0x63,0xfc,0xdb,0x0b,0x00,0x00,0x41,0xc1,
    0x00,0xff,0xbe,0x00,0x6f,0x7c,0xdb,0x0c,0xa4,0x00,0x00,0xa7,0xfc,0x89,0xbf,0x40,0x49,0xc0,0xbe,0x40,
    0x12,0x7c,0xdb,0x01,0x12,0x00,0x00,0x10,0x00,0x7c,0xdb,0x01,0x1e,0x00,0x00,0x01,0x00,0xb5,0xbf,0x38,
    0x9f,0x39,0x86,0x40,0x38,0x40,0x80,0x41,0x39,0x41,0x82,0x2d,0x83,0x0d,0xbf,0xc1,0x80,0xea,0x98,0x2d,
    0x82,0x0d,0xbf,0xc1,0x80,0xb6,0x98,0x80,0x00,0xff,0xbe,0x07,0xfc,0x89,0xbf,0x04,0x05,0x52,0x7e,0x24,
    0x02,0x0f,0xcc,0x24,0x6b,0x02,0x58,0x25,0x02,0x0f,0xcc,0x25,0x6d,0x02,0x58,0x26,0x02,0x0f,0xcc,0x26,
    0x6f,0x02,0x58,0x27,0x02,0x0f,0xcc,0x27,0x71,0x02,0x58,0x28,0x02,0x0f,0xcc,0x28,0x73,0x02,0x58,0x29,
    0x02,0x0f,0xcc,0x29,0x75,0x02,0x58,0x2a,0x02,0x0f,0xcc,0x2a,0x77,0x02,0x58,0x2b,0x02,0x0f,0xcc,0x2b,
    0x79,0x02,0x58,0x3d,0x02,0x0f,0xcc,0x3d,0x59,0x02,0x58,0x3e,0x02,0x0f,0xcc,0x3e,0x5b,0x02,0x58,0x3f,
    0x02,0x0f,0xcc,0x3f,0x5d,0x02,0x58,0x40,0x02,0x0f,0xcc,0x40,0x5f,0x02,0x58,0x41,0x02,0x0f,0xcc,0x41,
    0x61,0x02,0x58,0x42,0x02,0x0f,0xcc,0x42,0x63,0x02,0x58,0x43,0x02,0x0f,0xcc,0x43,0x65,0x02,0x58,0x44,
    0x02,0x0f,0xcc,0x44,0x67,0x02,0x58,0x12,0x00,0x42,0xcc,0x45,0x49,0x02,0x1a,0x12,0x60,0x42,0xcc,0x4d,
    0x49,0x02,0x1a,0x1e,0x00,0x42,0xcc,0x7c,0x7b,0x02,0x1a,0x1e,0x60,0x42,0xcc,0x84,0x7b,0x02,0x1a,0x24,
    0x00,0x0f,0xcc,0x2c,0x6b,0x02,0x18,0x25,0x00,0x0f,0xcc,0x2d,0x6d,0x02,0x18,0x26,0x00,0x0f,0xcc,0x2e,
    0x6f,0x02,0x18,0x27,0x00,0x0f,0xcc,0x2f,0x71,0x02,0x18,0x28,0x00,0x0f,0xcc,0x30,0x73,0x02,0x18,0x29,
    0x00,0x0f,0xcc,0x31,0x75,0x02,0x18,0x2a,0x00,0x0f,0xcc,0x32,0x77,0x02,0x18,0x2b,0x00,0x0f,0xcc,0x33,
    0x79,0x02,0x18,0x3d,0x02,0x0f,0xcc,0x35,0x59,0x02,0x58,0x3e,0x02,0x0f,0xcc,0x36,0x5b,0x02,0x58,0x3f,
    0x02,0x0f,0xcc,0x37,0x5d,0x02,0x58,0x40,0x02,0x0f,0xcc,0x38,0x5f,0x02,0x58,0x41,0x02,0x0f,0xcc,0x39,
    0x61,0x02,0x58,0x42,0x02,0x0f,0xcc,0x3a,0x63,0x02,0x58,0x43,0x02,0x0f,0xcc,0x3b,0x65,0x02,0x58,0x44,
    0x02,0x0f,0xcc,0x3c,0x67,0x02,0x58,0x16,0x00,0x42,0xcc,0x58,0x49,0x02,0x1a,0xc1,0x00,0xff,0xbe,0x16,
    0x60,0x42,0xcc,0x60,0x49,0x02,0x1a,0x1a,0x00,0x42,0xcc,0x69,0x7b,0x02,0x1a,0x1a,0x60,0x42,0xcc,0x71,
    0x7b,0x02,0x1a,0x12,0x00,0x0f,0xcc,0x12,0x2d,0x02,0x18,0x13,0x00,0x0f,0xcc,0x13,0x2f,0x02,0x18,0x14,
    0x00,0x0f,0xcc,0x14,0x31,0x02,0x18,0x15,0x00,0x0f,0xcc,0x15,0x33,0x02,0x18,0x1e,0x00,0x0f,0xcc,0x16,
    0x3d,0x02,0x18,0x1f,0x00,0x0f,0xcc,0x17,0x3f,0x02,0x18,0x20,0x00,0x0f,0xcc,0x18,0x41,0x02,0x18,0x21,
    0x00,0x0f,0xcc,0x19,0x43,0x02,0x18,0x12,0x00,0x0f,0xcc,0x12,0x35,0x02,0x18,0x13,0x00,0x0f,0xcc,0x13,
    0x37,0x02,0x18,0x14,0x00,0x0f,0xcc,0x14,0x39,0x02,0x18,0x15,0x00,0x0f,0xcc,0x15,0x3b,0x02,0x18,0x1e,
    0x02,0x0f,0xcc,0x1e,0x35,0x02,0x58,0x1f,0x02,0x0f,0xcc,0x1f,0x37,0x02,0x58,0x20,0x02,0x0f,0xcc,0x20,
    0x39,0x02,0x58,0x21,0x02,0x0f,0xcc,0x21,0x3b,0x02,0x58,0x0d,0x03,0x16,0x02,0x0c,0x00,0x01,0xd5,0x0e,
    0x07,0xda,0x00,0x00,0x00,0xbd,0xbf,0x29,0x81,0x0d,0xbf,0x2d,0x2d,0x2d,0x82,0x80,0x00,0xff,0xbe,0xc0,
    0x6c,0xfc,0xdb,0x0b,0x00,0x00,0x24,0xc0,0x75,0xfc,0xdb,0x0b,0x00,0x00,0x28,0x00,0x7f,0xfc,0xdb,0x0b,
    0x00,0x00,0x2c,0x00,0x88,0xfc,0xdb,0x0b,0x00,0x00,0x30,0xc1,0x00,0xff,0xbe,0x80,0x48,0x7c,0xdb,0x0c,
    0xa0,0x00,0x00,0x80,0x00,0xff,0xbe,0xd0,0x6c,0xfc,0xdb,0x0b,0x00,0x00,0x35,0xd0,0x75,0xfc,0xdb,0x0b,
    0x00,0x00,0x39,0x10,0x7f,0xfc,0xdb,0x0b,0x00,0x00,0x3d,0x10,0x88,0xfc,0xdb,0x0b,0x00,0x00,0x41,0xc1,
    0x00,0xff,0xbe,0xc0,0x4a,0x7c,0xdb,0x0c,0xa4,0x00,0x00,0x40,0x49,0xc0,0xbe,0x80,0x36,0x7c,0xdb,0x02,
    0x12,0x00,0x00,0x50,0x24,0x7c,0xdb,0x02,0x1e,0x00,0x00,0x01,0x00,0xb5,0xbf,0x38,0x9f,0x39,0x86,0x17,
    0x22,0x97,0x80,0x80,0x38,0xb8,0x98,0x40,0x38,0x40,0x80,0x41,0x39,0x41,0x82,0x2d,0x83,0x0d,0xbf,0xc1,
    0x80,0xea,0x98,0x2d,0x83,0x0d,0xbf,0xc1,0x80,0xb6,0x98,0x80,0x00,0xff,0xbe,0x07,0xfc,0x89,0xbf,0x24,
    0x02,0x0f,0xcc,0x24,0x6b,0x02,0x58,0x25,0x02,0x0f,0xcc,0x25,0x6d,0x02,0x58,0x26,0x02,0x0f,0xcc,0x26,
    0x6f,0x02,0x58,0x27,0x02,0x0f,0xcc,0x27,0x71,0x02,0x58,0x28,0x02,0x0f,0xcc,0x28,0x73,0x02,0x58,0x29,
    0x02,0x0f,0xcc,0x29,0x75,0x02,0x58,0x2a,0x02,0x0f,0xcc,0x2a,0x77,0x02,0x58,0x2b,0x02,0x0f,0xcc,0x2b,
    0x79,0x02,0x58,0x3d,0x02,0x0f,0xcc,0x3d,0x59,0x02,0x58,0x3e,0x02,0x0f,0xcc,0x3e,0x5b,0x02,0x58,0x3f,
    0x02,0x0f,0xcc,0x3f,0x5d,0x02,0x58,0x40,0x02,0x0f,0xcc,0x40,0x5f,0x02,0x58,0x41,0x02,0x0f,0xcc,0x41,
    0x61,0x02,0x58,0x42,0x02,0x0f,0xcc,0x42,0x63,0x02,0x58,0x43,0x02,0x0f,0xcc,0x43,0x65,0x02,0x58,0x44,
    0x02,0x0f,0xcc,0x44,0x67,0x02,0x58,0x12,0x00,0x42,0xcc,0x45,0x49,0x02,0x1a,0x12,0x60,0x42,0xcc,0x4d,
    0x49,0x02,0x1a,0x1e,0x00,0x42,0xcc,0x7c,0x7b,0x02,0x1a,0x1e,0x60,0x42,0xcc,0x84,0x7b,0x02,0x1a,0x24,
    0x00,0x0f,0xcc,0x2c,0x6b,0x02,0x18,0x25,0x00,0x0f,0xcc,0x2d,0x6d,0x02,0x18,0x26,0x00,0x0f,0xcc,0x2e,
    0x6f,0x02,0x18,0x27,0x00,0x0f,0xcc,0x2f,0x71,0x02,0x18,0x28,0x00,0x0f,0xcc,0x30,0x73,0x02,0x18,0x29,
    0x00,0x0f,0xcc,0x31,0x75,0x02,0x18,0x2a,0x00,0x0f,0xcc,0x32,0x77,0x02,0x18,0x2b,0x00,0x0f,0xcc,0x33,
    0x79,0x02,0x18,0x3d,0x02,0x0f,0xcc,0x35,0x59,0x02,0x58,0x3e,0x02,0x0f,0xcc,0x36,0x5b,0x02,0x58,0x3f,
    0x02,0x0f,0xcc,0x37,0x5d,0x02,0x58,0x40,0x02,0x0f,0xcc,0x38,0x5f,0x02,0x58,0x41,0x02,0x0f,0xcc,0x39,
    0x61,0x02,0x58,0x42,0x02,0x0f,0xcc,0x3a,0x63,0x02,0x58,0x43,0x02,0x0f,0xcc,0x3b,0x65,0x02,0x58,0x44,
    0x02,0x0f,0xcc,0x3c,0x67,0x02,0x58,0x16,0x00,0x42,0xcc,0x58,0x49,0x02,0x1a,0xc1,0x00,0xff,0xbe,0x16,
    0x60,0x42,0xcc,0x60,0x49,0x02,0x1a,0x1a,0x00,0x42,0xcc,0x69,0x7b,0x02,0x1a,0x1a,0x60,0x42,0xcc,0x71,
    0x7b,0x02,0x1a,0x12,0x00,0x0f,0xcc,0x12,0x2d,0x02,0x18,0x13,0x00,0x0f,0xcc,0x13,0x2f,0x02,0x18,0x14,
    0x00,0x0f,0xcc,0x14,0x31,0x02,0x18,0x15,0x00,0x0f,0xcc,0x15,0x33,0x02,0x18,0x1e,0x00,0x0f,0xcc,0x16,
    0x3d,0x02,0x18,0x1f,0x00,0x0f,0xcc,0x17,0x3f,0x02,0x18,0x20,0x00,0x0f,0xcc,0x18,0x41,0x02,0x18,0x21,
    0x00,0x0f,0xcc,0x19,0x43,0x02,0x18,0x12,0x00,0x0f,0xcc,0x12,0x35,0x02,0x18,0x13,0x00,0x0f,0xcc,0x13,
    0x37,0x02,0x18,0x14,0x00,0x0f,0xcc,0x14,0x39,0x02,0x18,0x15,0x00,0x0f,0xcc,0x15,0x3b,0x02,0x18,0x1e,
    0x02,0x0f,0xcc,0x1e,0x35,0x02,0x58,0x1f,0x02,0x0f,0xcc,0x1f,0x37,0x02,0x58,0x20,0x02,0x0f,0xcc,0x20,
    0x39,0x02,0x58,0x21,0x02,0x0f,0xcc,0x21,0x3b,0x02,0x58,0x0d,0x05,0x16,0x02,0x0c,0x00,0x01,0xd5,0x0e,
    0x07,0xda,0x00,0x00,0x00,0xbd,0xbf,0x29,0x80,0x0d,0xbf,0x80,0x23,0x23,0x98,0x81,0x22,0x22,0x98,0x29,
    0x90,0x27,0x85,0x00,0x91,0xfc,0xdb,0x05,0x00,0x00,0x07,0x00,0x99,0xd8,0xd8,0x06,0x00,0x00,0x04,0x29,
    0x81,0x0d,0xbf,0x31,0x35,0x3b,0x98,0x10,0x12,0xa4,0x98,0x27,0x3b,0x38,0x96,0x27,0x3b,0xb9,0x96,0x27,
    0x81,0x0f,0x80,0x16,0x0f,0x8f,0x80,0x80,0x23,0x27,0x98,0x24,0x38,0x24,0x80,0x25,0x39,0x25,0x82,0x80,
    0x00,0xff,0xbe,0x80,0x48,0xfc,0xdb,0x0b,0x00,0x00,0x24,0x80,0x51,0xfc,0xdb,0x0b,0x00,0x00,0x28,0xc0,
    0x5a,0xfc,0xdb,0x0b,0x00,0x00,0x2c,0xc0,0x63,0xfc,0xdb,0x0b,0x00,0x00,0x30,0xc1,0x00,0xff,0xbe,0xc0,
    0x6c,0x7c,0xdb,0x0c,0xa0,0x00,0x00,0x80,0x00,0xff,0xbe,0x90,0x48,0xfc,0xdb,0x0b,0x00,0x00,0x35,0x90,
    0x51,0xfc,0xdb,0x0b,0x00,0x00,0x39,0xd0,0x5a,0xfc,0xdb,0x0b,0x00,0x00,0x3d,0xd0,0x63,0xfc,0xdb,0x0b,
    0x00,0x00,0x41,0xc1,0x00,0xff,0xbe,0x00,0x6f,0x7c,0xdb,0x0c,0xa4,0x00,0x00,0xa7,0xfc,0x89,0xbf,0x40,
    0x49,0xc0,0xbe,0x13,0x00,0x10,0xd6,0x00,0x0d,0x05,0x02,0xbf,0x00,0x1c,0x36,0x6a,0x00,0x4a,0xd4,0x13,
    0x03,0x01,0x00,0x15,0x00,0x01,0xd5,0x80,0xfe,0xa9,0x01,0x00,0x08,0x00,0x00,0x13,0x00,0x01,0xd5,0x80,
    0xfe,0xa9,0x01,0x00,0x04,0x00,0x00,0x14,0x00,0x01,0xd5,0x80,0xfe,0xa9,0x01,0x00,0x01,0x00,0x00,0x0c,
    0x00,0x46,0xd6,0x0e,0x07,0x55,0x04,0x0f,0x00,0x46,0xd6,0x0e,0x05,0x51,0x04,0x10,0x00,0x46,0xd6,0x0e,
    0x05,0x01,0x02,0x0e,0x00,0x46,0xd6,0x0e,0x09,0x4d,0x04,0x1e,0x80,0x10,0xbf,0x80,0xff,0x53,0x98,0x00,
    0x40,0x01,0x11,0x1f,0xff,0x1f,0x8b,0xff,0xff,0x00,0x00,0x1f,0xff,0x1f,0x80,0x00,0x00,0x02,0x00,0x1e,
    0x01,0xd0,0xbe,0xff,0x00,0xd2,0xbe,0x00,0x00,0x00,0x80,0x13,0x00,0x1b,0xd5,0x00,0x7f,0x01,0x00,0x81,
    0x26,0x26,0x30,0x6a,0x00,0x49,0xd4,0x13,0x19,0x00,0x00,0x14,0x00,0x25,0xd5,0x13,0x03,0x01,0x00,0xff,
    0x26,0x26,0x02,0x00,0x00,0x00,0x80,0x6a,0x00,0x49,0xd4,0x14,0x19,0x00,0x00,0xff,0x28,0x28,0x02,0x00,
    0x00,0x00,0x80,0x00,0x00,0x80,0xe0,0x13,0x15,0x94,0x80,0x00,0x00,0x8c,0xe0,0x14,0x15,0x94,0x80,0xf7,
    0x03,0x89,0xbf,0x31,0x00,0x60,0xd7,0x15,0x01,0x01,0x00,0x35,0x00,0x60,0xd7,0x15,0x03,0x01,0x00,0x36,
    0x00,0x60,0xd7,0x15,0x05,0x01,0x00,0x37,0x00,0x60,0xd7,0x15,0x07,0x01,0x00,0x38,0x00,0x60,0xd7,0x15,
    0x09,0x01,0x00,0x39,0x00,0x60,0xd7,0x15,0x0b,0x01,0x00,0x3b,0x00,0x60,0xd7,0x15,0x0d,0x01,0x00,0x40,
    0x00,0x60,0xd7,0x15,0x0f,0x01,0x00,0x3a,0xff,0x4e,0x93,0x00,0x00,0x08,0x00,0x4e,0x80,0x06,0xbf,0xff,
    0x02,0xa0,0xbe,0x00,0x3c,0x00,0x3c,0x0f,0x00,0xa2,0xbf,0x4e,0x84,0x06,0xbf,0x13,0x00,0xa2,0xbf,0x4e,
    0x82,0x06,0xbf,0x14,0x00,0xa2,0xbf,0x20,0x14,0x26,0x7e,0x13,0x05,0x40,0x7e,0x21,0x14,0x26,0x7e,0x13,
    0x05,0x42,0x7e,0x6a,0x00,0x04,0xd4,0x20,0xe4,0x01,0x00,0x20,0x20,0x20,0x99,0x21,0x21,0x21,0x99,0x4e,
    0x83,0x06,0xbf,0x0d,0x00,0xa2,0xbf,0x03,0x00,0xa4,0xbf,0xff,0x00,0xca,0xbe,0xf0,0x47,0x00,0x00,0x0b,
    0x00,0xa0,0xbf,0xff,0x00,0xca,0xbe,0x90,0x4b,0x00,0x00,0x08,0x00,0xa0,0xbf,0xff,0x00,0xca,0xbe,0x30,
    0x4f,0x00,0x00,0x05,0x00,0xa0,0xbf,0xff,0x00,0xca,0xbe,0x50,0x52,0x00,0x00,0x02,0x00,0xa0,0xbf,0xff,
    0x00,0xca,0xbe,0x30,0x58,0x00,0x00,0x06,0xff,0x4c,0x80,0xa4,0x3c,0x00,0x00,0x07,0x80,0x4d,0x82,0xff,
    0x00,0xc9,0xbe,0x00,0xc0,0x00,0xbc,0xff,0x00,0xa4,0xbe,0x00,0x00,0x01,0x00,0xff,0x00,0xa5,0xbe,0x02,
    0x00,0x03,0x00,0xff,0x00,0xa6,0xbe,0x00,0x00,0x01,0x00,0x00,0x05,0x9c,0x7e,0xc0,0x4e,0x7c,0x8b,0xff,
    0x02,0xc9,0xbe,0x00,0xc0,0x00,0x3c,0xff,0x02,0xa4,0xbe,0x03,0x00,0x02,0x00,0x81,0x02,0xa5,0xbe,0x81,
    0x02,0xa6,0xbe,0x33,0x81,0x43,0x84,0x34,0x81,0x48,0x84,0x0c,0x00,0xc2,0xbe,0x15,0xff,0x15,0x8b,0xff,
    0xff,0x00,0x00,0x15,0xff,0x15,0x80,0x00,0x00,0x02,0x00,0x14,0x01,0xc4,0xbe,0xff,0x00,0xc6,0xbe,0x00,
    0x00,0x00,0x80,0x80,0x00,0xc7,0xbe,0x1c,0x81,0x1f,0x80,0x1f,0x81,0x1f,0x85,0x1f,0x81,0x4e,0x84,0x1d,
    0x81,0x4f,0x80,0x4f,0x81,0x4f,0x85,0x4f,0x82,0x4f,0x87,0x4f,0x1f,0x10,0x99,0x0b,0x0a,0x12,0x99,0x4e,
    0x1a,0x93,0x80,0x4f,0x1b,0x9e,0x80,0x1e,0x13,0x13,0x99,0x1d,0x1c,0x17,0x99,0x4f,0x81,0x9e,0x80,0x1e,
    0x4e,0x22,0x99,0x16,0x00,0x19,0xd5,0x90,0x20,0x00,0x00,0x17,0x00,0x12,0xd6,0xff,0x20,0x00,0x02,0xff,
    0xff,0x00,0x00,0x81,0x00,0x32,0x36,0x1f,0x00,0x10,0xd6,0x00,0x0d,0x05,0x02,0xbf,0x00,0x28,0x36,0x1a,
    0x00,0x59,0xd6,0xff,0x02,0x00,0x02,0x7c,0x00,0x00,0x00,0x1f,0x00,0x59,0xd6,0x82,0x0a,0x7c,0x04,0x18,
    0x00,0x59,0xd6,0x16,0x2f,0x02,0x02,0x80,0x32,0x94,0x7c,0x18,0x2f,0x40,0x02,0x15,0x00,0x59,0xd6,0xbe,
    0x3e,0x52,0x04,0x1a,0x2b,0x2a,0x02,0x20,0x73,0x4c,0x7e,0x26,0x41,0x4e,0x30,0xff,0x4e,0x4a,0x36,0x00,
    0xff,0xff,0xff,0xff,0x4e,0x94,0x7c,0x00,0x00,0x00,0x80,0x25,0x0d,0x4a,0x7e,0x25,0x55,0x42,0x7e,0xa0,
    0x4c,0x44,0x42,0x27,0x23,0x4c,0x7e,0x25,0x00,0x13,0xd6,0x25,0x43,0xce,0x03,0x25,0x00,0x13,0xd6,0x26,
    0x43,0x96,0x04,0x25,0x43,0x4a,0x5a,0x00,0x00,0x00,0x9f,0xff,0x4a,0x4a,0x10,0x00,0x00,0x80,0x5f,0x80,
    0x02,0x4c,0x7e,0x25,0x00,0x8d,0xd5,0x25,0x01,0x00,0x20,0x21,0x00,0x46,0xd6,0x21,0x13,0x95,0x04,0x26,
    0x6a,0xfe,0xd6,0x27,0x43,0x9a,0x04,0x21,0x6a,0x21,0xd5,0x21,0x83,0xa9,0x01,0xfa,0x02,0x48,0x7e,0x22,
    0x55,0x00,0xff,0xfa,0x02,0x44,0x7e,0x22,0x00,0x00,0xff,0xfa,0x02,0x46,0x7e,0x21,0x55,0x00,0xff,0xfa,
    0x02,0x42,0x7e,0x21,0x00,0x00,0xff,0x25,0x00,0x2d,0xd7,0x15,0x43,0x02,0x00,0x13,0x6a,0x00,0xd7,0x25,
    0x2b,0x02,0x00,0x25,0x6a,0x20,0xd5,0x80,0x00,0xa9,0x01,0xa0,0x44,0x94,0x7c,0x13,0x4b,0x26,0x02,0x13,
    0x00,0x16,0xd6,0x25,0x27,0x8a,0x04,0x25,0x00,0x2d,0xd7,0x15,0x47,0x02,0x00,0x04,0x6a,0x00,0xd7,0x25,
    0x2b,0x02,0x00,0x25,0x6a,0x20,0xd5,0x80,0x00,0xa9,0x01,0xa0,0x48,0x94,0x7c,0x04,0x4b,0x08,0x02,0x04,
    0x00,0x16,0xd6,0x25,0x09,0x92,0x04,0x1e,0x00,0x59,0xd6,0x13,0x2f,0x02,0x02,0x1d,0x00,0x59,0xd6,0x04,
    0x2d,0x02,0x02,0x15,0x3d,0x3c,0x4c,0x13,0x3b,0x3a,0x4c,0x50,0x00,0x60,0xd7,0x1e,0x03,0x01,0x00,0x1e,
    0x2f,0x3c,0x4c,0x11,0x00,0x60,0xd7,0x1d,0x03,0x01,0x00,0x1d,0x2d,0x3a,0x4c,0x0f,0x00,0x60,0xd7,0x04,
    0x03,0x01,0x00,0x04,0x00,0x26,0xd5,0x04,0x11,0x00,0x00,0x11,0x90,0x11,0x84,0x50,0xff,0x50,0x8b,0xff,
    0xff,0x00,0x00,0x11,0x50,0x11,0x80,0xfa,0x02,0x3c,0x7e,0x1e,0xa0,0x00,0xff,0xfa,0x02,0x3a,0x7e,0x1d,
    0xa0,0x00,0xff,0xfa,0x02,0x08,0x7e,0x04,0xa0,0x00,0xff,0x1e,0x6a,0x00,0xd7,0x1e,0x33,0x02,0x00,0x80,
    0x2e,0x38,0x02,0x1d,0x6a,0x20,0xd5,0x1d,0x01,0xa9,0x01,0x80,0x2c,0x36,0x02,0x04,0x6a,0x20,0xd5,0x04,
    0x01,0xa9,0x01,0x19,0x00,0x13,0xd5,0x14,0x7f,0x01,0x00,0x1e,0x39,0x3c,0x4c,0x1d,0x37,0x3a,0x4c,0x14,
    0x33,0x94,0x7c,0x90,0x3a,0x02,0x30,0x01,0x00,0x12,0xd6,0xff,0x3c,0x06,0x04,0xff,0xff,0x00,0x00,0x28,
    0x00,0x25,0xd5,0x04,0x11,0x00,0x00,0x19,0x00,0x21,0xd6,0x14,0x03,0xf9,0x02,0x02,0x00,0x2c,0xd7,0x28,
    0x55,0x00,0x00,0x0b,0x00,0x2c,0xd7,0x28,0x65,0x00,0x00,0x0f,0x2a,0x16,0x96,0x0f,0x32,0x23,0x96,0xff,
    0x04,0x04,0x02,0x00,0x00,0x00,0x80,0x14,0x33,0x94,0x7c,0xff,0x16,0x16,0x02,0x00,0x00,0x00,0x80,0x28,
    0x00,0x4e,0xd4,0x28,0x11,0x00,0x00,0x02,0x00,0x01,0xd5,0x02,0xff,0xa1,0x00,0x00,0x00,0x00,0x80,0x0b,
    0x00,0x01,0xd5,0x0b,0xff,0xa1,0x00,0x00,0x00,0x00,0x80,0x19,0x81,0x8b,0x80,0x0e,0x81,0x0d,0xbf,0x0b,
    0x80,0x0b,0x98,0xc1,0x81,0x0a,0x98,0x18,0x81,0x9b,0x80,0x0e,0x80,0x0d,0xbf,0x1b,0x80,0x1b,0x98,0xc1,
    0x81,0x1a,0x98,0x16,0x00,0x10,0xd6,0x00,0x0d,0x05,0x02,0x17,0x00,0x10,0xd6,0x00,0x09,0x05,0x02,0x13,
    0x00,0x10,0xd6,0x00,0x0b,0x05,0x02,0x16,0x00,0x46,0xd6,0x16,0x05,0x01,0x02,0x17,0x00,0x46,0xd6,0x17,
    0x07,0x59,0x04,0x15,0x00,0x10,0xd6,0x00,0x05,0x09,0x02,0x16,0x00,0x10,0xd6,0x00,0x07,0x05,0x02,0xfa,
    0x00,0x28,0x3a,0x00,0x70,0x00,0xff,0x13,0x00,0x46,0xd6,0x13,0x03,0x5d,0x04,0x15,0x2d,0x2a,0x3a,0x16,
    0x00,0x25,0xd5,0x13,0x03,0x01,0x00,0x11,0x00,0x5a,0xd6,0x15,0x15,0x2c,0x00,0x17,0x00,0x5a,0xd6,0x14,
    0x35,0x6c,0x00,0x11,0x00,0x59,0xd6,0x17,0x61,0x44,0x04,0x6a,0x00,0x49,0xd4,0x15,0x33,0x00,0x00,0xff,
    0x22,0x22,0x02,0x00,0x00,0x00,0x80,0x6a,0x00,0x49,0xd4,0x14,0x31,0x00,0x00,0xff,0x22,0x22,0x02,0x00,
    0x00,0x00,0x80,0x12,0x00,0x0b,0xd6,0x16,0x5d,0x44,0x04,0x11,0x00,0x0b,0xd6,0x13,0x5d,0x44,0x04,0x6a,
    0x00,0x49,0xd4,0x16,0x19,0x00,0x00,0xff,0x24,0x24,0x02,0x00,0x00,0x00,0x80,0x6a,0x00,0x49,0xd4,0x13,
    0x19,0x00,0x00,0xff,0x22,0x22,0x02,0x00,0x00,0x00,0x80,0x83,0x00,0xa7,0xbe,0x27,0x89,0x2d,0x84,0x2d,
    0x18,0x1a,0x4a,0x3a,0xff,0x0a,0x93,0x08,0x00,0x08,0x00,0x3a,0xff,0x0b,0x93,0x10,0x00,0x08,0x00,0x0b,
    0x80,0x06,0xbf,0x80,0x02,0x9c,0xbe,0x6c,0x00,0xa2,0xbf,0x0b,0xff,0x0b,0x80,0x00,0xff,0xff,0xff,0x3c,
    0x80,0x3c,0x80,0x3d,0x80,0x3d,0x82,0x0d,0x82,0x1b,0x85,0x1b,0xff,0x1b,0x8c,0x00,0x00,0x01,0x21,0x6a,
    0x00,0x4a,0xd4,0x00,0xff,0x01,0x00,0x00,0x01,0x00,0x00,0x6a,0x80,0x10,0xbf,0x80,0x1b,0x1b,0x98,0x80,
    0xff,0x1a,0x98,0x01,0x01,0x01,0x01,0x80,0x0a,0x8a,0x80,0x3c,0x01,0x98,0xbe,0x19,0xff,0x19,0x8b,0xff,
    0xff,0x00,0x00,0x19,0xff,0x19,0x8c,0x00,0x00,0x04,0x00,0x10,0xff,0x1f,0x8b,0xff,0xff,0x00,0x00,0x10,
    0x90,0x1e,0x85,0x1f,0x81,0x1f,0x85,0x1f,0x1e,0x1d,0x96,0x1d,0x08,0x1d,0x96,0x1d,0xbd,0x1d,0x80,0x14,
    0x00,0x61,0xd7,0xbe,0x00,0x01,0x00,0x14,0x00,0x61,0xd7,0x01,0x02,0x01,0x00,0x14,0x00,0x61,0xd7,0x8a,
    0x04,0x01,0x00,0x14,0x73,0x30,0x7e,0x18,0x29,0x32,0x30,0xff,0x32,0x34,0x36,0x00,0xff,0xff,0xff,0xff,
    0x32,0x94,0x7c,0x00,0x00,0x00,0x80,0x1a,0x0d,0x34,0x7e,0x1a,0x55,0x2c,0x7e,0xa0,0x30,0x2e,0x42,0x19,
    0x23,0x30,0x7e,0x1a,0x00,0x13,0xd6,0x1a,0x2d,0xce,0x03,0x1a,0x00,0x13,0xd6,0x18,0x2d,0x6a,0x04,0x1a,
    0x2d,0x34,0x5a,0x00,0x00,0x00,0x9f,0xff,0x34,0x34,0x10,0x00,0x00,0x80,0x5f,0x80,0x02,0x30,0x7e,0x1a,
    0x00,0x8d,0xd5,0x1a,0x01,0x00,0x20,0x16,0x00,0x46,0xd6,0x16,0x13,0x69,0x04,0x18,0x6a,0xfe,0xd6,0x19,
    0x2d,0x62,0x04,0x16,0x6a,0x21,0xd5,0x16,0x83,0xa9,0x01,0x18,0x00,0x2d,0xd7,0x1d,0x2c,0x02,0x00,0x15,
    0x6a,0x00,0xd7,0x18,0x3b,0x00,0x00,0x18,0x6a,0x20,0xd5,0x80,0x00,0xa9,0x01,0xa0,0x2e,0x94,0x7c,0x15,
    0x31,0x2a,0x02,0x15,0x00,0x16,0xd6,0x18,0x2b,0x5e,0x04,0xfa,0x02,0x2a,0x7e,0x15,0x00,0x00,0xff,0x18,
    0x00,0x2d,0xd7,0x15,0x2d,0x02,0x00,0x14,0x6a,0x00,0xd7,0x18,0x2b,0x02,0x00,0x18,0x6a,0x20,0xd5,0x80,
    0x00,0xa9,0x01,0xa0,0x2e,0x94,0x7c,0x14,0x31,0x28,0x02,0x14,0x00,0x16,0xd6,0x18,0x29,0x5e,0x04,0xfa,
    0x02,0x28,0x7e,0x14,0x55,0x00,0xff,0x15,0x00,0x25,0xd5,0x14,0x13,0x01,0x00,0x18,0x00,0x2d,0xd7,0x15,
    0x2d,0x02,0x00,0x15,0x6a,0x00,0xd7,0x18,0x2b,0x02,0x00,0x18,0x6a,0x20,0xd5,0x80,0x00,0xa9,0x01,0xa0,
    0x2e,0x94,0x7c,0x15,0x31,0x2a,0x02,0x15,0x00,0x16,0xd6,0x18,0x2b,0x5e,0x04,0x1e,0x00,0x60,0xd7,0x14,
    0x03,0x01,0x00,0x1f,0x00,0x60,0xd7,0x15,0x05,0x01,0x00,0x09,0x8f,0x1d,0x80,0x1d,0x84,0x1d,0x85,0x1d,
    0x81,0x06,0xbf,0x81,0x02,0x9f,0xbe,0x1e,0x1f,0x1c,0x80,0x1d,0x1c,0x1c,0x96,0x86,0x1c,0x1c,0x80,0x1c,
    0x81,0x9c,0x80,0x80,0x00,0xce,0xbe,0x80,0x00,0xcf,0xbe,0x80,0x00,0xd0,0xbe,0x80,0x00,0xd1,0xbe,0x80,
    0x00,0xd2,0xbe,0x80,0x00,0xd3,0xbe,0x80,0x00,0x9e,0xbe,0x88,0x00,0x9d,0xbe,0x1e,0x80,0x08,0xbf,0x04,
    0x00,0xa2,0xbf,0x04,0x03,0xba,0x7f,0x01,0x03,0xbc,0x7f,0x02,0x03,0xde,0x7f,0x0b,0x03,0xe0,0x7f,0xdd,
    0x03,0x08,0x7e,0xde,0x03,0x02,0x7e,0xef,0x03,0x04,0x7e,0xf0,0x03,0x16,0x7e,0x1e,0x90,0x1e,0x80,0x1e,
    0x09,0x09,0xbf,0x80,0x02,0x9e,0xbe,0x86,0x82,0x1f,0x98,0x89,0x80,0x2e,0x98,0x1f,0x1d,0x9f,0x99,0x2e,
    0x1e,0x2e,0x99,0x1f,0x02,0xb8,0x7f,0x4c,0x49,0xcc,0xbe,0x07,0xfc,0x89,0xbf,0x00,0x00,0xbd,0xbf,0x28,
    0x50,0x0e,0xcc,0x2d,0x93,0xa0,0x1c,0x29,0x50,0x0e,0xcc,0x2e,0x93,0xa4,0x1c,0x2a,0x50,0x0e,0xcc,0x2f,
    0x93,0xa8,0x1c,0x2b,0x50,0x0e,0xcc,0x30,0x93,0xac,0x1c,0x11,0x03,0x0e,0x7e,0x12,0x03,0x10,0x7e,0xff,
    0x02,0x12,0x7e,0x00,0x00,0x00,0x80,0xff,0x02,0x14,0x7e,0x00,0x00,0x00,0x80,0xff,0x02,0x0a,0x7e,0x00,
    0x00,0x00,0x80,0xff,0x02,0x0c,0x7e,0x00,0x00,0x00,0x80,0x00,0x00,0xb5,0xbf,0x00,0x00,0xfc,0xdb,0x03,
    0x00,0x00,0x1e,0x00,0x91,0x7c,0xdb,0x0e,0x07,0x00,0x00,0x40,0x02,0xfc,0xdb,0x03,0x00,0x00,0x23,0x00,
    0x99,0x34,0xd8,0x0f,0xdc,0x00,0x00,0x02,0x00,0xb5,0xbf,0x1c,0x81,0x9c,0x80,0xff,0x1b,0x1b,0x98,0x00,
    0x00,0x01,0x21,0x4e,0x82,0x0d,0xbf,0x4a,0xff,0x4c,0x98,0xa4,0x3c,0x00,0x00,0x06,0x4c,0x4c,0x80,0x07,
    0x80,0x4d,0x82,0x4c,0x49,0xcc,0xbe,0x07,0xfc,0x89,0xbf,0x2d,0x18,0x1a,0x4a,0xf1,0x03,0xe6,0x7f,0xf2,
    0x03,0xe8,0x7f,0xdf,0x50,0x0e,0xcc,0x1e,0x93,0x50,0x1c,0xe0,0x50,0x0e,0xcc,0x1f,0x93,0x54,0x1c,0xe1,
    0x50,0x0e,0xcc,0x20,0x93,0x58,0x1c,0xe2,0x50,0x0e,0xcc,0x21,0x93,0x5c,0x1c,0x1e,0x02,0x0f,0xcc,0x19,
    0x3d,0x02,0x58,0x1f,0x02,0x0f,0xcc,0x1a,0x3f,0x02,0x58,0x20,0x02,0x0f,0xcc,0x1b,0x41,0x02,0x58,0x21,
    0x02,0x0f,0xcc,0x1c,0x43,0x02,0x58,0xe3,0x00,0x0f,0xcc,0x1e,0x47,0x02,0x18,0xe4,0x00,0x0f,0xcc,0x1f,
    0x49,0x02,0x18,0xe5,0x00,0x0f,0xcc,0x20,0x4b,0x02,0x18,0xe6,0x00,0x0f,0xcc,0x21,0x4d,0x02,0x18,0x00,
    0x00,0xb5,0xbf,0x00,0x9b,0xd8,0xd9,0x0d,0x00,0x00,0xf1,0x00,0x09,0xfc,0xdb,0x03,0x00,0x00,0x32,0x40,
    0x0b,0xfc,0xdb,0x03,0x00,0x00,0x37,0x02,0x00,0xb5,0xbf,0x4f,0x00,0xce,0xbe,0x50,0x00,0xcf,0xbe,0x51,
    0x00,0xd0,0xbe,0x52,0x00,0xd1,0xbe,0x53,0x00,0xd2,0xbe,0x1d,0x00,0xd3,0xbe,0x4e,0x80,0x0d,0xbf,0xcb,
    0x0b,0xa2,0xbf,0x27,0x81,0xa7,0x80,0x83,0x27,0x27,0x98,0x27,0x89,0x2d,0x84,0x4e,0x81,0x0d,0xbf,0x4b,
    0xff,0x4c,0x98,0xa8,0x3c,0x00,0x00,0x06,0x4c,0x4c,0x80,0x07,0x80,0x4d,0x82,0x4e,0x82,0x0d,0xbf,0xff,
    0x80,0x47,0x98,0x00,0x40,0x01,0x11,0x42,0x81,0xc1,0x80,0x80,0x47,0x47,0x98,0x14,0x01,0xc4,0xbe,0x4c,
    0x49,0xcc,0xbe,0x07,0xfc,0x89,0xbf,0x00,0x00,0xbd,0xbf,0xe7,0x50,0x0e,0xcc,0x32,0x93,0xa0,0x1c,0xe8,
    0x50,0x0e,0xcc,0x33,0x93,0xa4,0x1c,0xe9,0x50,0x0e,0xcc,0x34,0x93,0xa8,0x1c,0xea,0x50,0x0e,0xcc,0x35,
    0x93,0xac,0x1c,0x32,0x02,0x0f,0xcc,0x2d,0x65,0x02,0x58,0x33,0x02,0x0f,0xcc,0x2e,0x67,0x02,0x58,0x34,
    0x02,0x0f,0xcc,0x2f,0x69,0x02,0x58,0x35,0x02,0x0f,0xcc,0x30,0x6b,0x02,0x58,0xeb,0x00,0x0f,0xcc,0x32,
    0x6f,0x02,0x18,0xec,0x00,0x0f,0xcc,0x33,0x71,0x02,0x18,0xed,0x00,0x0f,0xcc,0x34,0x73,0x02,0x18,0xee,
    0x00,0x0f,0xcc,0x35,0x75,0x02,0x18,0x0b,0xff,0x0b,0x80,0x00,0x01,0x00,0x00,0x07,0x00,0xa1,0xbf,0x97,
    0x10,0x9b,0xbe,0x81,0x1a,0xfe,0x84,0x00,0x00,0x60,0xe0,0x00,0x00,0x06,0x04,0xc1,0x01,0xfe,0xbe,0x0b,
    0xff,0x0b,0x96,0x01,0xff,0xff,0xff,0xff,0x0b,0x7c,0x91,0x00,0xff,0xff,0xff,0x03,0x00,0xa2,0xbf,0x97,
    0x12,0x9b,0xbe,0x00,0x40,0x50,0xe0,0x00,0x13,0x06,0x80,0x00,0x00,0xb5,0xbf,0x01,0x00,0x80,0xbf,0x40,
    0x24,0xfc,0xdb,0x03,0x00,0x00,0x14,0x00,0x9b,0x34,0xd9,0x0d,0x05,0x00,0x00,0x80,0x26,0xfc,0xdb,0x03,
    0x00,0x00,0x19,0x00,0x99,0xd8,0xd8,0x10,0x00,0x00,0xdc,0x02,0x00,0xb5,0xbf,0x4e,0x82,0x0d,0xbf,0x4a,
    0xff,0x4c,0x98,0xa4,0x3c,0x00,0x00,0x06,0x4c,0x4c,0x80,0x07,0x80,0x4d,0x82,0x4c,0x49,0xcc,0xbe,0x07,
    0xfc,0x89,0xbf,0xdc,0x05,0x3a,0x7e,0x14,0x50,0x0e,0xcc,0x19,0x93,0x50,0x1c,0x15,0x50,0x0e,0xcc,0x1a,
    0x93,0x54,0x1c,0x16,0x50,0x0e,0xcc,0x1b,0x93,0x58,0x1c,0x17,0x50,0x0e,0xcc,0x1c,0x93,0x5c,0x1c,0x00,
    0x00,0xb5,0xbf,0x40,0x2d,0xfc,0xdb,0x03,0x00,0x00,0x28,0x80,0x2f,0xfc,0xdb,0x03,0x00,0x00,0x2d,0x02,
    0x00,0xb5,0xbf,0xff,0x0b,0x7c,0x91,0x00,0xff,0xff,0xff,0x19,0x00,0xa2,0xbf,0x0a,0x0a,0x0a,0x99,0x1b,
    0x80,0xfe,0x95,0x6a,0x00,0x4d,0xd4,0x13,0x35,0x00,0x00,0x0c,0x00,0xa3,0xbf,0x00,0x40,0x50,0xe0,0x00,
    0x13,0x06,0x80,0x0a,0x80,0x06,0xbf,0x80,0xff,0x6a,0x98,0x00,0x00,0x01,0x00,0x0a,0x6a,0x0a,0x80,0x02,
    0x00,0xa2,0xbf,0xf7,0x03,0x89,0xbf,0xf4,0xff,0xa0,0xbf,0xff,0x1b,0x1b,0x8b,0x00,0x00,0xff,0xff,0x80,
    0x00,0x8a,0xbe,0xc1,0x01,0xfe,0xbe,0x1a,0x83,0x1a,0x96,0x1a,0xff,0x1a,0x8b,0x3f,0x3f,0x3f,0x3f,0x18,
    0xff,0x18,0x80,0x00,0x01,0x00,0x00,0x18,0xff,0x18,0x8b,0xff,0xf7,0xff,0xff,0x4e,0x81,0x0d,0xbf,0x4b,
    0xff,0x4c,0x98,0x08,0x3e,0x00,0x00,0x06,0x4c,0x4c,0x80,0x07,0x80,0x4d,0x82,0x09,0x90,0x0b,0xbf,0xc1,
    0x89,0x30,0x98,0x30,0x81,0xb0,0x80,0x2e,0x1f,0x1f,0x98,0x80,0x10,0x9f,0xbe,0x4c,0x49,0xcc,0xbe,0x07,
    0xfc,0x89,0xbf,0x00,0x00,0xbd,0xbf,0x28,0x50,0x0e,0xcc,0x2d,0x93,0xa0,0x1c,0x29,0x50,0x0e,0xcc,0x2e,
    0x93,0xa4,0x1c,0x2a,0x50,0x0e,0xcc,0x2f,0x93,0xa8,0x1c,0x2b,0x50,0x0e,0xcc,0x30,0x93,0xac,0x1c,0x1f,
    0x02,0xb8,0x7f,0x1d,0x6a,0x00,0xd7,0x01,0x23,0x00,0x00,0x27,0x40,0x09,0xcc,0x01,0xff,0x4d,0x18,0x01,
    0x00,0x02,0x00,0x18,0x40,0x09,0xcc,0x01,0xff,0x89,0x18,0x01,0x00,0x02,0x00,0x22,0x00,0x0d,0xcc,0x1d,
    0x03,0x02,0x18,0x3b,0x00,0x01,0xd5,0x80,0x54,0xa8,0x01,0xf5,0x00,0x01,0xd5,0x80,0x64,0xa8,0x01,0x07,
    0x00,0x59,0xd6,0x27,0x03,0x09,0x04,0x05,0x00,0x59,0xd6,0x18,0x03,0x2d,0x04,0x02,0x00,0x55,0xd6,0x02,
    0x2d,0xec,0x04,0x0b,0x00,0x55,0xd6,0x0b,0x47,0xd4,0x07,0x22,0x00,0x0b,0xcc,0x01,0x45,0x02,0x18,0x04,
    0x28,0x20,0xd5,0x04,0x1f,0xa8,0x01,0x02,0x00,0x01,0xd5,0x02,0xff,0xa1,0x00,0x00,0x00,0x00,0x80,0x0b,
    0x00,0x01,0xd5,0x0b,0xff,0xa1,0x00,0x00,0x00,0x00,0x80,0x6a,0x00,0x39,0xd4,0x27,0x25,0x00,0x00,0xff,
    0x0e,0x0e,0x02,0x00,0x00,0x00,0x80,0x6a,0x00,0x39,0xd4,0x18,0x2f,0x00,0x00,0xff,0x0a,0x0a,0x02,0x00,
    0x00,0x00,0x80,0x22,0x00,0x06,0xcc,0x8f,0x44,0x02,0x10,0x31,0x08,0x0a,0xcc,0x27,0x4b,0x00,0x18,0x2c,
    0x08,0x0a,0xcc,0x27,0x49,0x00,0x18,0x0a,0x08,0x59,0xd6,0x31,0x59,0x1c,0x04,0x08,0x08,0x59,0xd6,0x2c,
    0x59,0x1c,0x04,0x36,0x08,0x0a,0xcc,0x18,0x4d,0x00,0x18,0x6a,0x18,0x39,0xd4,0x31,0x25,0x00,0x00,0xff,
    0x14,0x14,0x02,0x00,0x00,0x00,0x80,0x6a,0x18,0x39,0xd4,0x2c,0x25,0x00,0x00,0xff,0x10,0x10,0x02,0x00,
    0x00,0x00,0x80,0x06,0x08,0x59,0xd6,0x36,0x69,0x14,0x04,0x09,0x00,0x59,0xd6,0x31,0x59,0x1c,0x04,0x07,
    0x00,0x59,0xd6,0x2c,0x59,0x1c,0x04,0x6a,0x18,0x39,0xd4,0x36,0x2f,0x00,0x00,0xff,0x0c,0x0c,0x02,0x00,
    0x00,0x00,0x80,0x6a,0x10,0x39,0xd4,0x31,0x25,0x00,0x00,0xff,0x12,0x12,0x02,0x00,0x00,0x00,0x80,0x6a,
    0x10,0x39,0xd4,0x2c,0x25,0x00,0x00,0xff,0x0e,0x0e,0x02,0x00,0x00,0x00,0x80,0x05,0x00,0x59,0xd6,0x36,
    0x69,0x14,0x04,0x01,0x40,0x09,0xcc,0x22,0x21,0x74,0x1c,0x6a,0x10,0x39,0xd4,0x36,0x2f,0x00,0x00,0xff,
    0x0a,0x0a,0x02,0x00,0x00,0x00,0x80,0x18,0x6a,0x00,0xd7,0x04,0x11,0x00,0x00,0x2e,0xb8,0xb9,0x03,0x00,
    0x00,0xb5,0xbf,0x00,0x00,0xfc,0xdb,0x03,0x00,0x00,0x1e,0x00,0x91,0x7c,0xdb,0x0e,0x07,0x00,0x00,0x40,
    0x02,0xfc,0xdb,0x03,0x00,0x00,0x23,0x00,0x99,0x34,0xd8,0x0f,0xdc,0x00,0x00,0x02,0x00,0xb5,0xbf,0x1c,
    0x81,0x9c,0x80,0xff,0x1b,0x1b,0x98,0x00,0x00,0x01,0x21,0x4e,0x82,0x0d,0xbf,0x4a,0xff,0x4c,0x98,0xa4,
    0x3c,0x00,0x00,0x06,0x4c,0x4c,0x80,0x07,0x80,0x4d,0x82,0x4c,0x49,0xcc,0xbe,0x07,0xfc,0x89,0xbf,0x2d,
    0x18,0x1a,0x4a,0xf1,0x03,0xe6,0x7f,0xf2,0x03,0xe8,0x7f,0xdf,0x50,0x0e,0xcc,0x1e,0x93,0x50,0x1c,0xe0,
    0x50,0x0e,0xcc,0x1f,0x93,0x54,0x1c,0xe1,0x50,0x0e,0xcc,0x20,0x93,0x58,0x1c,0xe2,0x50,0x0e,0xcc,0x21,
    0x93,0x5c,0x1c,0x1e,0x02,0x0f,0xcc,0x19,0x3d,0x02,0x58,0x1f,0x02,0x0f,0xcc,0x1a,0x3f,0x02,0x58,0x20,
    0x02,0x0f,0xcc,0x1b,0x41,0x02,0x58,0x21,0x02,0x0f,0xcc,0x1c,0x43,0x02,0x58,0xe3,0x00,0x0f,0xcc,0x1e,
    0x47,0x02,0x18,0xe4,0x00,0x0f,0xcc,0x1f,0x49,0x02,0x18,0xe5,0x00,0x0f,0xcc,0x20,0x4b,0x02,0x18,0xe6,
    0x00,0x0f,0xcc,0x21,0x4d,0x02,0x18,0x00,0x00,0xb5,0xbf,0x00,0x9b,0xd8,0xd9,0x0d,0x00,0x00,0xf1,0x00,
    0x09,0xfc,0xdb,0x03,0x00,0x00,0x32,0x40,0x0b,0xfc,0xdb,0x03,0x00,0x00,0x37,0x02,0x00,0xb5,0xbf,0x4f,
    0x00,0xce,0xbe,0x50,0x00,0xcf,0xbe,0x51,0x00,0xd0,0xbe,0x52,0x00,0xd1,0xbe,0x53,0x00,0xd2,0xbe,0x1d,
    0x00,0xd3,0xbe,0x4e,0x80,0x0d,0xbf,0xa7,0x0a,0xa2,0xbf,0x27,0x81,0xa7,0x80,0x83,0x27,0x27,0x98,0x27,
    0x89,0x2d,0x84,0x4e,0x81,0x0d,0xbf,0x4b,0xff,0x4c,0x98,0xa8,0x3c,0x00,0x00,0x06,0x4c,0x4c,0x80,0x07,
    0x80,0x4d,0x82,0x4e,0x82,0x0d,0xbf,0xff,0x80,0x47,0x98,0x00,0x40,0x01,0x11,0x42,0x81,0xc1,0x80,0x80,
    0x47,0x47,0x98,0x14,0x01,0xc4,0xbe,0x4c,0x49,0xcc,0xbe,0x07,0xfc,0x89,0xbf,0x00,0x00,0xbd,0xbf,0xe7,
    0x50,0x0e,0xcc,0x32,0x93,0xa0,0x1c,0xe8,0x50,0x0e,0xcc,0x33,0x93,0xa4,0x1c,0xe9,0x50,0x0e,0xcc,0x34,
    0x93,0xa8,0x1c,0xea,0x50,0x0e,0xcc,0x35,0x93,0xac,0x1c,0x32,0x02,0x0f,0xcc,0x2d,0x65,0x02,0x58,0x33,
    0x02,0x0f,0xcc,0x2e,0x67,0x02,0x58,0x34,0x02,0x0f,0xcc,0x2f,0x69,0x02,0x58,0x35,0x02,0x0f,0xcc,0x30,
    0x6b,0x02,0x58,0xeb,0x00,0x0f,0xcc,0x32,0x6f,0x02,0x18,0xec,0x00,0x0f,0xcc,0x33,0x71,0x02,0x18,0xed,
    0x00,0x0f,0xcc,0x34,0x73,0x02,0x18,0xee,0x00,0x0f,0xcc,0x35,0x75,0x02,0x18,0x0b,0xff,0x0b,0x80,0x00,
    0x01,0x00,0x00,0x07,0x00,0xa1,0xbf,0x97,0x10,0x9b,0xbe,0x81,0x1a,0xfe,0x84,0x00,0x00,0x60,0xe0,0x00,
    0x00,0x06,0x04,0xc1,0x01,0xfe,0xbe,0x0b,0xff,0x0b,0x96,0x01,0xff,0xff,0xff,0xff,0x0b,0x7c,0x91,0x00,
    0xff,0xff,0xff,0x03,0x00,0xa2,0xbf,0x97,0x12,0x9b,0xbe,0x00,0x40,0x50,0xe0,0x00,0x13,0x06,0x80,0x00,
    0x00,0xb5,0xbf,0x01,0x00,0x80,0xbf,0x40,0x24,0xfc,0xdb,0x03,0x00,0x00,0x14,0x00,0x9b,0x34,0xd9,0x0d,
    0x05,0x00,0x00,0x80,0x26,0xfc,0xdb,0x03,0x00,0x00,0x19,0x00,0x99,0xd8,0xd8,0x10,0x00,0x00,0xdc,0x02,
    0x00,0xb5,0xbf,0x4e,0x82,0x0d,0xbf,0x4a,0xff,0x4c,0x98,0xa4,0x3c,0x00,0x00,0x06,0x4c,0x4c,0x80,0x07,
    0x80,0x4d,0x82,0x4c,0x49,0xcc,0xbe,0x07,0xfc,0x89,0xbf,0xdc,0x05,0x3a,0x7e,0x14,0x50,0x0e,0xcc,0x19,
    0x93,0x50,0x1c,0x15,0x50,0x0e,0xcc,0x1a,0x93,0x54,0x1c,0x16,0x50,0x0e,0xcc,0x1b,0x93,0x58,0x1c,0x17,
    0x50,0x0e,0xcc,0x1c,0x93,0x5c,0x1c,0x00,0x00,0xb5,0xbf,0x40,0x2d,0xfc,0xdb,0x03,0x00,0x00,0x28,0x80,
    0x2f,0xfc,0xdb,0x03,0x00,0x00,0x2d,0x02,0x00,0xb5,0xbf,0xff,0x0b,0x7c,0x91,0x00,0xff,0xff,0xff,0x19,
    0x00,0xa2,0xbf,0x0a,0x0a,0x0a,0x99,0x1b,0x80,0xfe,0x95,0x6a,0x00,0x4d,0xd4,0x13,0x35,0x00,0x00,0x0c,
    0x00,0xa3,0xbf,0x00,0x40,0x50,0xe0,0x00,0x13,0x06,0x80,0x0a,0x80,0x06,0xbf,0x80,0xff,0x6a,0x98,0x00,
    0x00,0x01,0x00,0x0a,0x6a,0x0a,0x80,0x02,0x00,0xa2,0xbf,0xf7,0x03,0x89,0xbf,0xf4,0xff,0xa0,0xbf,0xff,
    0x1b,0x1b,0x8b,0x00,0x00,0xff,0xff,0x80,0x00,0x8a,0xbe,0xc1,0x01,0xfe,0xbe,0x1a,0x83,0x1a,0x96,0x1a,
    0xff,0x1a,0x8b,0x3f,0x3f,0x3f,0x3f,0x18,0xff,0x18,0x80,0x00,0x01,0x00,0x00,0x18,0xff,0x18,0x8b,0xff,
    0xf7,0xff,0xff,0x4e,0x81,0x0d,0xbf,0x4b,0xff,0x4c,0x98,0x08,0x3e,0x00,0x00,0x06,0x4c,0x4c,0x80,0x07,
    0x80,0x4d,0x82,0x1d,0x81,0x0d,0xbf,0xdc,0xfe,0xa2,0xbf,0xf8,0xfd,0xa0,0xbf,0x4c,0x48,0x80,0xbe,0x4e,
    0x83,0x0d,0xbf,0x50,0x00,0xa1,0xbf,0x80,0x02,0x78,0x7e,0x80,0x02,0x80,0x7e,0x80,0x02,0x7a,0x7e,0x80,
    0x02,0x82,0x7e,0x80,0x02,0x7c,0x7e,0x80,0x02,0x84,0x7e,0x80,0x02,0x7e,0x7e,0x80,0x02,0x86,0x7e,0x80,
    0x02,0x98,0x7e,0x80,0x02,0xa0,0x7e,0x80,0x02,0x9a,0x7e,0x80,0x02,0xa2,0x7e,0x80,0x02,0x9c,0x7e,0x80,
    0x02,0xa4,0x7e,0x80,0x02,0x9e,0x7e,0x80,0x02,0xa6,0x7e,0x80,0x02,0xb8,0x7e,0x80,0x02,0xc0,0x7e,0x80,
    0x02,0xba,0x7e,0x80,0x02,0xc2,0x7e,0x80,0x02,0xbc,0x7e,0x80,0x02,0xc4,0x7e,0x80,0x02,0xbe,0x7e,0x80,
    0x02,0xc6,0x7e,0x80,0x02,0xd8,0x7e,0x80,0x02,0xe0,0x7e,0x80,0x02,0xda,0x7e,0x80,0x02,0xe2,0x7e,0x80,
    0x02,0xdc,0x7e,0x80,0x02,0xe4,0x7e,0x80,0x02,0xde,0x7e,0x80,0x02,0xe6,0x7e,0x80,0x02,0xf8,0x7e,0x80,
    0x02,0x00,0x7f,0x80,0x02,0xfa,0x7e,0x80,0x02,0x02,0x7f,0x80,0x02,0xfc,0x7e,0x80,0x02,0x04,0x7f,0x80,
    0x02,0xfe,0x7e,0x80,0x02,0x06,0x7f,0x80,0x02,0x18,0x7f,0x80,0x02,0x20,0x7f,0x80,0x02,0x1a,0x7f,0x80,
    0x02,0x22,0x7f,0x80,0x02,0x1c,0x7f,0x80,0x02,0x24,0x7f,0x80,0x02,0x1e,0x7f,0x80,0x02,0x26,0x7f,0x80,
    0x02,0x38,0x7f,0x80,0x02,0x40,0x7f,0x80,0x02,0x3a,0x7f,0x80,0x02,0x42,0x7f,0x80,0x02,0x3c,0x7f,0x80,
    0x02,0x44,0x7f,0x80,0x02,0x3e,0x7f,0x80,0x02,0x46,0x7f,0x80,0x02,0x58,0x7f,0x80,0x02,0x60,0x7f,0x80,
    0x02,0x5a,0x7f,0x80,0x02,0x62,0x7f,0x80,0x02,0x5c,0x7f,0x80,0x02,0x64,0x7f,0x80,0x02,0x5e,0x7f,0x80,
    0x02,0x66,0x7f,0x80,0x02,0x78,0x7f,0x80,0x02,0x80,0x7f,0x80,0x02,0x7a,0x7f,0x80,0x02,0x82,0x7f,0x80,
    0x02,0x7c,0x7f,0x80,0x02,0x84,0x7f,0x80,0x02,0x7e,0x7f,0x80,0x02,0x86,0x7f,0x80,0x02,0x98,0x7f,0x80,
    0x02,0xa0,0x7f,0x80,0x02,0x9a,0x7f,0x80,0x02,0xa2,0x7f,0x80,0x02,0x9c,0x7f,0x80,0x02,0xa4,0x7f,0x80,
    0x02,0x9e,0x7f,0x80,0x02,0xa6,0x7f,0xff,0x00,0xcb,0xbe,0x68,0x3f,0x00,0x00,0x09,0x90,0x0b,0xbf,0xff,
    0x02,0xcb,0xbe,0xa4,0x3c,0x00,0x00,0x4c,0x48,0x80,0xbe,0x4e,0x83,0x0d,0xbf,0x50,0x00,0xa1,0xbf,0x80,
    0x02,0x88,0x7e,0x80,0x02,0x90,0x7e,0x80,0x02,0x8a,0x7e,0x80,0x02,0x92,0x7e,0x80,0x02,0x8c,0x7e,0x80,
    0x02,0x94,0x7e,0x80,0x02,0x8e,0x7e,0x80,0x02,0x96,0x7e,0x80,0x02,0xa8,0x7e,0x80,0x02,0xb0,0x7e,0x80,
    0x02,0xaa,0x7e,0x80,0x02,0xb2,0x7e,0x80,0x02,0xac,0x7e,0x80,0x02,0xb4,0x7e,0x80,0x02,0xae,0x7e,0x80,
    0x02,0xb6,0x7e,0x80,0x02,0xc8,0x7e,0x80,0x02,0xd0,0x7e,0x80,0x02,0xca,0x7e,0x80,0x02,0xd2,0x7e,0x80,
    0x02,0xcc,0x7e,0x80,0x02,0xd4,0x7e,0x80,0x02,0xce,0x7e,0x80,0x02,0xd6,0x7e,0x80,0x02,0xe8,0x7e,0x80,
    0x02,0xf0,0x7e,0x80,0x02,0xea,0x7e,0x80,0x02,0xf2,0x7e,0x80,0x02,0xec,0x7e,0x80,0x02,0xf4,0x7e,0x80,
    0x02,0xee,0x7e,0x80,0x02,0xf6,0x7e,0x80,0x02,0x08,0x7f,0x80,0x02,0x10,0x7f,0x80,0x02,0x0a,0x7f,0x80,
    0x02,0x12,0x7f,0x80,0x02,0x0c,0x7f,0x80,0x02,0x14,0x7f,0x80,0x02,0x0e,0x7f,0x80,0x02,0x16,0x7f,0x80,
    0x02,0x28,0x7f,0x80,0x02,0x30,0x7f,0x80,0x02,0x2a,0x7f,0x80,0x02,0x32,0x7f,0x80,0x02,0x2c,0x7f,0x80,
    0x02,0x34,0x7f,0x80,0x02,0x2e,0x7f,0x80,0x02,0x36,0x7f,0x80,0x02,0x48,0x7f,0x80,0x02,0x50,0x7f,0x80,
    0x02,0x4a,0x7f,0x80,0x02,0x52,0x7f,0x80,0x02,0x4c,0x7f,0x80,0x02,0x54,0x7f,0x80,0x02,0x4e,0x7f,0x80,
    0x02,0x56,0x7f,0x80,0x02,0x68,0x7f,0x80,0x02,0x70,0x7f,0x80,0x02,0x6a,0x7f,0x80,0x02,0x72,0x7f,0x80,
    0x02,0x6c,0x7f,0x80,0x02,0x74,0x7f,0x80,0x02,0x6e,0x7f,0x80,0x02,0x76,0x7f,0x80,0x02,0x88,0x7f,0x80,
    0x02,0x90,0x7f,0x80,0x02,0x8a,0x7f,0x80,0x02,0x92,0x7f,0x80,0x02,0x8c,0x7f,0x80,0x02,0x94,0x7f,0x80,
    0x02,0x8e,0x7f,0x80,0x02,0x96,0x7f,0x80,0x02,0xa8,0x7f,0x80,0x02,0xb0,0x7f,0x80,0x02,0xaa,0x7f,0x80,
    0x02,0xb2,0x7f,0x80,0x02,0xac,0x7f,0x80,0x02,0xb4,0x7f,0x80,0x02,0xae,0x7f,0x80,0x02,0xb6,0x7f,0xff,
    0x00,0xcb,0xbe,0x68,0x3f,0x00,0x00,0x09,0x90,0x0b,0xbf,0xff,0x02,0xcb,0xbe,0xa4,0x3c,0x00,0x00,0x4c,
    0x48,0x80,0xbe,0xdf,0x00,0x0f,0xcc,0xdf,0x79,0x02,0x18,0xe0,0x00,0x0f,0xcc,0xe0,0x7b,0x02,0x18,0xe1,
    0x00,0x0f,0xcc,0xe1,0x7d,0x02,0x18,0xe2,0x00,0x0f,0xcc,0xe2,0x7f,0x02,0x18,0xe3,0x00,0x0f,0xcc,0xe3,
    0x81,0x02,0x18,0xe4,0x00,0x0f,0xcc,0xe4,0x83,0x02,0x18,0xe5,0x00,0x0f,0xcc,0xe5,0x85,0x02,0x18,0xe6,
    0x00,0x0f,0xcc,0xe6,0x87,0x02,0x18,0xdf,0x03,0x78,0x7e,0xe0,0x03,0x7a,0x7e,0xe1,0x03,0x7c,0x7e,0xe2,
    0x03,0x7e,0x7e,0xe3,0x03,0x80,0x7e,0xe4,0x03,0x82,0x7e,0xe5,0x03,0x84,0x7e,0xe6,0x03,0x86,0x7e,0xff,
    0x00,0xcb,0xbe,0xd4,0x3f,0x00,0x00,0x4c,0x48,0x80,0xbe,0xe7,0x00,0x0f,0xcc,0xe7,0x89,0x02,0x18,0xe8,
    0x00,0x0f,0xcc,0xe8,0x8b,0x02,0x18,0xe9,0x00,0x0f,0xcc,0xe9,0x8d,0x02,0x18,0xea,0x00,0x0f,0xcc,0xea,
    0x8f,0x02,0x18,0xeb,0x00,0x0f,0xcc,0xeb,0x91,0x02,0x18,0xec,0x00,0x0f,0xcc,0xec,0x93,0x02,0x18,0xed,
    0x00,0x0f,0xcc,0xed,0x95,0x02,0x18,0xee,0x00,0x0f,0xcc,0xee,0x97,0x02,0x18,0xe7,0x03,0x88,0x7e,0xe8,
    0x03,0x8a,0x7e,0xe9,0x03,0x8c,0x7e,0xea,0x03,0x8e,0x7e,0xeb,0x03,0x90,0x7e,0xec,0x03,0x92,0x7e,0xed,
    0x03,0x94,0x7e,0xee,0x03,0x96,0x7e,0xff,0x00,0xcb,0xbe,0x40,0x40,0x00,0x00,0x4c,0x48,0x80,0xbe,0xdf,
    0x00,0x0f,0xcc,0xdf,0x99,0x02,0x18,0xe0,0x00,0x0f,0xcc,0xe0,0x9b,0x02,0x18,0xe1,0x00,0x0f,0xcc,0xe1,
    0x9d,0x02,0x18,0xe2,0x00,0x0f,0xcc,0xe2,0x9f,0x02,0x18,0xe3,0x00,0x0f,0xcc,0xe3,0xa1,0x02,0x18,0xe4,
    0x00,0x0f,0xcc,0xe4,0xa3,0x02,0x18,0xe5,0x00,0x0f,0xcc,0xe5,0xa5,0x02,0x18,0xe6,0x00,0x0f,0xcc,0xe6,
    0xa7,0x02,0x18,0xdf,0x03,0x98,0x7e,0xe0,0x03,0x9a,0x7e,0xe1,0x03,0x9c,0x7e,0xe2,0x03,0x9e,0x7e,0xe3,
    0x03,0xa0,0x7e,0xe4,0x03,0xa2,0x7e,0xe5,0x03,0xa4,0x7e,0xe6,0x03,0xa6,0x7e,0xff,0x00,0xcb,0xbe,0xac,
    0x40,0x00,0x00,0x4c,0x48,0x80,0xbe,0xe7,0x00,0x0f,0xcc,0xe7,0xa9,0x02,0x18,0xe8,0x00,0x0f,0xcc,0xe8,
    0xab,0x02,0x18,0xe9,0x00,0x0f,0xcc,0xe9,0xad,0x02,0x18,0xea,0x00,0x0f,0xcc,0xea,0xaf,0x02,0x18,0xeb,
    0x00,0x0f,0xcc,0xeb,0xb1,0x02,0x18,0xec,0x00,0x0f,0xcc,0xec,0xb3,0x02,0x18,0xed,0x00,0x0f,0xcc,0xed,
    0xb5,0x02,0x18,0xee,0x00,0x0f,0xcc,0xee,0xb7,0x02,0x18,0xe7,0x03,0xa8,0x7e,0xe8,0x03,0xaa,0x7e,0xe9,
    0x03,0xac,0x7e,0xea,0x03,0xae,0x7e,0xeb,0x03,0xb0,0x7e,0xec,0x03,0xb2,0x7e,0xed,0x03,0xb4,0x7e,0xee,
    0x03,0xb6,0x7e,0xff,0x00,0xcb,0xbe,0x18,0x41,0x00,0x00,0x4c,0x48,0x80,0xbe,0xdf,0x00,0x0f,0xcc,0xdf,
    0xb9,0x02,0x18,0xe0,0x00,0x0f,0xcc,0xe0,0xbb,0x02,0x18,0xe1,0x00,0x0f,0xcc,0xe1,0xbd,0x02,0x18,0xe2,
    0x00,0x0f,0xcc,0xe2,0xbf,0x02,0x18,0xe3,0x00,0x0f,0xcc,0xe3,0xc1,0x02,0x18,0xe4,0x00,0x0f,0xcc,0xe4,
    0xc3,0x02,0x18,0xe5,0x00,0x0f,0xcc,0xe5,0xc5,0x02,0x18,0xe6,0x00,0x0f,0xcc,0xe6,0xc7,0x02,0x18,0xdf,
    0x03,0xb8,0x7e,0xe0,0x03,0xba,0x7e,0xe1,0x03,0xbc,0x7e,0xe2,0x03,0xbe,0x7e,0xe3,0x03,0xc0,0x7e,0xe4,
    0x03,0xc2,0x7e,0xe5,0x03,0xc4,0x7e,0xe6,0x03,0xc6,0x7e,0xff,0x00,0xcb,0xbe,0x84,0x41,0x00,0x00,0x4c,
    0x48,0x80,0xbe,0xe7,0x00,0x0f,0xcc,0xe7,0xc9,0x02,0x18,0xe8,0x00,0x0f,0xcc,0xe8,0xcb,0x02,0x18,0xe9,
    0x00,0x0f,0xcc,0xe9,0xcd,0x02,0x18,0xea,0x00,0x0f,0xcc,0xea,0xcf,0x02,0x18,0xeb,0x00,0x0f,0xcc,0xeb,
    0xd1,0x02,0x18,0xec,0x00,0x0f,0xcc,0xec,0xd3,0x02,0x18,0xed,0x00,0x0f,0xcc,0xed,0xd5,0x02,0x18,0xee,
    0x00,0x0f,0xcc,0xee,0xd7,0x02,0x18,0xe7,0x03,0xc8,0x7e,0xe8,0x03,0xca,0x7e,0xe9,0x03,0xcc,0x7e,0xea,
    0x03,0xce,0x7e,0xeb,0x03,0xd0,0x7e,0xec,0x03,0xd2,0x7e,0xed,0x03,0xd4,0x7e,0xee,0x03,0xd6,0x7e,0xff,
    0x00,0xcb,0xbe,0xf0,0x41,0x00,0x00,0x4c,0x48,0x80,0xbe,0xdf,0x00,0x0f,0xcc,0xdf,0xd9,0x02,0x18,0xe0,
    0x00,0x0f,0xcc,0xe0,0xdb,0x02,0x18,0xe1,0x00,0x0f,0xcc,0xe1,0xdd,0x02,0x18,0xe2,0x00,0x0f,0xcc,0xe2,
    0xdf,0x02,0x18,0xe3,0x00,0x0f,0xcc,0xe3,0xe1,0x02,0x18,0xe4,0x00,0x0f,0xcc,0xe4,0xe3,0x02,0x18,0xe5,
    0x00,0x0f,0xcc,0xe5,0xe5,0x02,0x18,0xe6,0x00,0x0f,0xcc,0xe6,0xe7,0x02,0x18,0xdf,0x03,0xd8,0x7e,0xe0,
    0x03,0xda,0x7e,0xe1,0x03,0xdc,0x7e,0xe2,0x03,0xde,0x7e,0xe3,0x03,0xe0,0x7e,0xe4,0x03,0xe2,0x7e,0xe5,
    0x03,0xe4,0x7e,0xe6,0x03,0xe6,0x7e,0xff,0x00,0xcb,0xbe,0x5c,0x42,0x00,0x00,0x4c,0x48,0x80,0xbe,0xe7,
    0x00,0x0f,0xcc,0xe7,0xe9,0x02,0x18,0xe8,0x00,0x0f,0xcc,0xe8,0xeb,0x02,0x18,0xe9,0x00,0x0f,0xcc,0xe9,
    0xed,0x02,0x18,0xea,0x00,0x0f,0xcc,0xea,0xef,0x02,0x18,0xeb,0x00,0x0f,0xcc,0xeb,0xf1,0x02,0x18,0xec,
    0x00,0x0f,0xcc,0xec,0xf3,0x02,0x18,0xed,0x00,0x0f,0xcc,0xed,0xf5,0x02,0x18,0xee,0x00,0x0f,0xcc,0xee,
    0xf7,0x02,0x18,0xe7,0x03,0xe8,0x7e,0xe8,0x03,0xea,0x7e,0xe9,0x03,0xec,0x7e,0xea,0x03,0xee,0x7e,0xeb,
    0x03,0xf0,0x7e,0xec,0x03,0xf2,0x7e,0xed,0x03,0xf4,0x7e,0xee,0x03,0xf6,0x7e,0xff,0x00,0xcb,0xbe,0xc8,
    0x42,0x00,0x00,0x4c,0x48,0x80,0xbe,0xdf,0x00,0x0f,0xcc,0xdf,0xf9,0x02,0x18,0xe0,0x00,0x0f,0xcc,0xe0,
    0xfb,0x02,0x18,0xe1,0x00,0x0f,0xcc,0xe1,0xfd,0x02,0x18,0xe2,0x00,0x0f,0xcc,0xe2,0xff,0x02,0x18,0xe3,
    0x00,0x0f,0xcc,0xe3,0x01,0x03,0x18,0xe4,0x00,0x0f,0xcc,0xe4,0x03,0x03,0x18,0xe5,0x00,0x0f,0xcc,0xe5,
    0x05,0x03,0x18,0xe6,0x00,0x0f,0xcc,0xe6,0x07,0x03,0x18,0xdf,0x03,0xf8,0x7e,0xe0,0x03,0xfa,0x7e,0xe1,
    0x03,0xfc,0x7e,0xe2,0x03,0xfe,0x7e,0xe3,0x03,0x00,0x7f,0xe4,0x03,0x02,0x7f,0xe5,0x03,0x04,0x7f,0xe6,
    0x03,0x06,0x7f,0xff,0x00,0xcb,0xbe,0x34,0x43,0x00,0x00,0x4c,0x48,0x80,0xbe,0xe7,0x00,0x0f,0xcc,0xe7,
    0x09,0x03,0x18,0xe8,0x00,0x0f,0xcc,0xe8,0x0b,0x03,0x18,0xe9,0x00,0x0f,0xcc,0xe9,0x0d,0x03,0x18,0xea,
    0x00,0x0f,0xcc,0xea,0x0f,0x03,0x18,0xeb,0x00,0x0f,0xcc,0xeb,0x11,0x03,0x18,0xec,0x00,0x0f,0xcc,0xec,
    0x13,0x03,0x18,0xed,0x00,0x0f,0xcc,0xed,0x15,0x03,0x18,0xee,0x00,0x0f,0xcc,0xee,0x17,0x03,0x18,0xe7,
    0x03,0x08,0x7f,0xe8,0x03,0x0a,0x7f,0xe9,0x03,0x0c,0x7f,0xea,0x03,0x0e,0x7f,0xeb,0x03,0x10,0x7f,0xec,
    0x03,0x12,0x7f,0xed,0x03,0x14,0x7f,0xee,0x03,0x16,0x7f,0xff,0x00,0xcb,0xbe,0xa0,0x43,0x00,0x00,0x4c,
    0x48,0x80,0xbe,0xdf,0x00,0x0f,0xcc,0xdf,0x19,0x03,0x18,0xe0,0x00,0x0f,0xcc,0xe0,0x1b,0x03,0x18,0xe1,
    0x00,0x0f,0xcc,0xe1,0x1d,0x03,0x18,0xe2,0x00,0x0f,0xcc,0xe2,0x1f,0x03,0x18,0xe3,0x00,0x0f,0xcc,0xe3,
    0x21,0x03,0x18,0xe4,0x00,0x0f,0xcc,0xe4,0x23,0x03,0x18,0xe5,0x00,0x0f,0xcc,0xe5,0x25,0x03,0x18,0xe6,
    0x00,0x0f,0xcc,0xe6,0x27,0x03,0x18,0xdf,0x03,0x18,0x7f,0xe0,0x03,0x1a,0x7f,0xe1,0x03,0x1c,0x7f,0xe2,
    0x03,0x1e,0x7f,0xe3,0x03,0x20,0x7f,0xe4,0x03,0x22,0x7f,0xe5,0x03,0x24,0x7f,0xe6,0x03,0x26,0x7f,0xff,
    0x00,0xcb,0xbe,0x0c,0x44,0x00,0x00,0x4c,0x48,0x80,0xbe,0xe7,0x00,0x0f,0xcc,0xe7,0x29,0x03,0x18,0xe8,
    0x00,0x0f,0xcc,0xe8,0x2b,0x03,0x18,0xe9,0x00,0x0f,0xcc,0xe9,0x2d,0x03,0x18,0xea,0x00,0x0f,0xcc,0xea,
    0x2f,0x03,0x18,0xeb,0x00,0x0f,0xcc,0xeb,0x31,0x03,0x18,0xec,0x00,0x0f,0xcc,0xec,0x33,0x03,0x18,0xed,
    0x00,0x0f,0xcc,0xed,0x35,0x03,0x18,0xee,0x00,0x0f,0xcc,0xee,0x37,0x03,0x18,0xe7,0x03,0x28,0x7f,0xe8,
    0x03,0x2a,0x7f,0xe9,0x03,0x2c,0x7f,0xea,0x03,0x2e,0x7f,0xeb,0x03,0x30,0x7f,0xec,0x03,0x32,0x7f,0xed,
    0x03,0x34,0x7f,0xee,0x03,0x36,0x7f,0xff,0x00,0xcb,0xbe,0x78,0x44,0x00,0x00,0x4c,0x48,0x80,0xbe,0xdf,
    0x00,0x0f,0xcc,0xdf,0x39,0x03,0x18,0xe0,0x00,0x0f,0xcc,0xe0,0x3b,0x03,0x18,0xe1,0x00,0x0f,0xcc,0xe1,
    0x3d,0x03,0x18,0xe2,0x00,0x0f,0xcc,0xe2,0x3f,0x03,0x18,0xe3,0x00,0x0f,0xcc,0xe3,0x41,0x03,0x18,0xe4,
    0x00,0x0f,0xcc,0xe4,0x43,0x03,0x18,0xe5,0x00,0x0f,0xcc,0xe5,0x45,0x03,0x18,0xe6,0x00,0x0f,0xcc,0xe6,
    0x47,0x03,0x18,0xdf,0x03,0x38,0x7f,0xe0,0x03,0x3a,0x7f,0xe1,0x03,0x3c,0x7f,0xe2,0x03,0x3e,0x7f,0xe3,
    0x03,0x40,0x7f,0xe4,0x03,0x42,0x7f,0xe5,0x03,0x44,0x7f,0xe6,0x03,0x46,0x7f,0xff,0x00,0xcb,0xbe,0xe4,
    0x44,0x00,0x00,0x4c,0x48,0x80,0xbe,0xe7,0x00,0x0f,0xcc,0xe7,0x49,0x03,0x18,0xe8,0x00,0x0f,0xcc,0xe8,
    0x4b,0x03,0x18,0xe9,0x00,0x0f,0xcc,0xe9,0x4d,0x03,0x18,0xea,0x00,0x0f,0xcc,0xea,0x4f,0x03,0x18,0xeb,
    0x00,0x0f,0xcc,0xeb,0x51,0x03,0x18,0xec,0x00,0x0f,0xcc,0xec,0x53,0x03,0x18,0xed,0x00,0x0f,0xcc,0xed,
    0x55,0x03,0x18,0xee,0x00,0x0f,0xcc,0xee,0x57,0x03,0x18,0xe7,0x03,0x48,0x7f,0xe8,0x03,0x4a,0x7f,0xe9,
    0x03,0x4c,0x7f,0xea,0x03,0x4e,0x7f,0xeb,0x03,0x50,0x7f,0xec,0x03,0x52,0x7f,0xed,0x03,0x54,0x7f,0xee,
    0x03,0x56,0x7f,0xff,0x00,0xcb,0xbe,0x50,0x45,0x00,0x00,0x4c,0x48,0x80,0xbe,0xdf,0x00,0x0f,0xcc,0xdf,
    0x59,0x03,0x18,0xe0,0x00,0x0f,0xcc,0xe0,0x5b,0x03,0x18,0xe1,0x00,0x0f,0xcc,0xe1,0x5d,0x03,0x18,0xe2,
    0x00,0x0f,0xcc,0xe2,0x5f,0x03,0x18,0xe3,0x00,0x0f,0xcc,0xe3,0x61,0x03,0x18,0xe4,0x00,0x0f,0xcc,0xe4,
    0x63,0x03,0x18,0xe5,0x00,0x0f,0xcc,0xe5,0x65,0x03,0x18,0xe6,0x00,0x0f,0xcc,0xe6,0x67,0x03,0x18,0xdf,
    0x03,0x58,0x7f,0xe0,0x03,0x5a,0x7f,0xe1,0x03,0x5c,0x7f,0xe2,0x03,0x5e,0x7f,0xe3,0x03,0x60,0x7f,0xe4,
    0x03,0x62,0x7f,0xe5,0x03,0x64,0x7f,0xe6,0x03,0x66,0x7f,0xff,0x00,0xcb,0xbe,0xbc,0x45,0x00,0x00,0x4c,
    0x48,0x80,0xbe,0xe7,0x00,0x0f,0xcc,0xe7,0x69,0x03,0x18,0xe8,0x00,0x0f,0xcc,0xe8,0x6b,0x03,0x18,0xe9,
    0x00,0x0f,0xcc,0xe9,0x6d,0x03,0x18,0xea,0x00,0x0f,0xcc,0xea,0x6f,0x03,0x18,0xeb,0x00,0x0f,0xcc,0xeb,
    0x71,0x03,0x18,0xec,0x00,0x0f,0xcc,0xec,0x73,0x03,0x18,0xed,0x00,0x0f,0xcc,0xed,0x75,0x03,0x18,0xee,
    0x00,0x0f,0xcc,0xee,0x77,0x03,0x18,0xe7,0x03,0x68,0x7f,0xe8,0x03,0x6a,0x7f,0xe9,0x03,0x6c,0x7f,0xea,
    0x03,0x6e,0x7f,0xeb,0x03,0x70,0x7f,0xec,0x03,0x72,0x7f,0xed,0x03,0x74,0x7f,0xee,0x03,0x76,0x7f,0xff,
    0x00,0xcb,0xbe,0x28,0x46,0x00,0x00,0x4c,0x48,0x80,0xbe,0xdf,0x00,0x0f,0xcc,0xdf,0x79,0x03,0x18,0xe0,
    0x00,0x0f,0xcc,0xe0,0x7b,0x03,0x18,0xe1,0x00,0x0f,0xcc,0xe1,0x7d,0x03,0x18,0xe2,0x00,0x0f,0xcc,0xe2,
    0x7f,0x03,0x18,0xe3,0x00,0x0f,0xcc,0xe3,0x81,0x03,0x18,0xe4,0x00,0x0f,0xcc,0xe4,0x83,0x03,0x18,0xe5,
    0x00,0x0f,0xcc,0xe5,0x85,0x03,0x18,0xe6,0x00,0x0f,0xcc,0xe6,0x87,0x03,0x18,0xdf,0x03,0x78,0x7f,0xe0,
    0x03,0x7a,0x7f,0xe1,0x03,0x7c,0x7f,0xe2,0x03,0x7e,0x7f,0xe3,0x03,0x80,0x7f,0xe4,0x03,0x82,0x7f,0xe5,
    0x03,0x84,0x7f,0xe6,0x03,0x86,0x7f,0xff,0x00,0xcb,0xbe,0x94,0x46,0x00,0x00,0x4c,0x48,0x80,0xbe,0xe7,
    0x00,0x0f,0xcc,0xe7,0x89,0x03,0x18,0xe8,0x00,0x0f,0xcc,0xe8,0x8b,0x03,0x18,0xe9,0x00,0x0f,0xcc,0xe9,
    0x8d,0x03,0x18,0xea,0x00,0x0f,0xcc,0xea,0x8f,0x03,0x18,0xeb,0x00,0x0f,0xcc,0xeb,0x91,0x03,0x18,0xec,
    0x00,0x0f,0xcc,0xec,0x93,0x03,0x18,0xed,0x00,0x0f,0xcc,0xed,0x95,0x03,0x18,0xee,0x00,0x0f,0xcc,0xee,
    0x97,0x03,0x18,0xe7,0x03,0x88,0x7f,0xe8,0x03,0x8a,0x7f,0xe9,0x03,0x8c,0x7f,0xea,0x03,0x8e,0x7f,0xeb,
    0x03,0x90,0x7f,0xec,0x03,0x92,0x7f,0xed,0x03,0x94,0x7f,0xee,0x03,0x96,0x7f,0xff,0x00,0xcb,0xbe,0x00,
    0x47,0x00,0x00,0x4c,0x48,0x80,0xbe,0xdf,0x00,0x0f,0xcc,0xdf,0x99,0x03,0x18,0xe0,0x00,0x0f,0xcc,0xe0,
    0x9b,0x03,0x18,0xe1,0x00,0x0f,0xcc,0xe1,0x9d,0x03,0x18,0xe2,0x00,0x0f,0xcc,0xe2,0x9f,0x03,0x18,0xe3,
    0x00,0x0f,0xcc,0xe3,0xa1,0x03,0x18,0xe4,0x00,0x0f,0xcc,0xe4,0xa3,0x03,0x18,0xe5,0x00,0x0f,0xcc,0xe5,
    0xa5,0x03,0x18,0xe6,0x00,0x0f,0xcc,0xe6,0xa7,0x03,0x18,0xdf,0x03,0x98,0x7f,0xe0,0x03,0x9a,0x7f,0xe1,
    0x03,0x9c,0x7f,0xe2,0x03,0x9e,0x7f,0xe3,0x03,0xa0,0x7f,0xe4,0x03,0xa2,0x7f,0xe5,0x03,0xa4,0x7f,0xe6,
    0x03,0xa6,0x7f,0xff,0x00,0xcb,0xbe,0x6c,0x47,0x00,0x00,0x4c,0x48,0x80,0xbe,0xe7,0x00,0x0f,0xcc,0xe7,
    0xa9,0x03,0x18,0xe8,0x00,0x0f,0xcc,0xe8,0xab,0x03,0x18,0xe9,0x00,0x0f,0xcc,0xe9,0xad,0x03,0x18,0xea,
    0x00,0x0f,0xcc,0xea,0xaf,0x03,0x18,0xeb,0x00,0x0f,0xcc,0xeb,0xb1,0x03,0x18,0xec,0x00,0x0f,0xcc,0xec,
    0xb3,0x03,0x18,0xed,0x00,0x0f,0xcc,0xed,0xb5,0x03,0x18,0xee,0x00,0x0f,0xcc,0xee,0xb7,0x03,0x18,0xe7,
    0x03,0xa8,0x7f,0xe8,0x03,0xaa,0x7f,0xe9,0x03,0xac,0x7f,0xea,0x03,0xae,0x7f,0xeb,0x03,0xb0,0x7f,0xec,
    0x03,0xb2,0x7f,0xed,0x03,0xb4,0x7f,0xee,0x03,0xb6,0x7f,0xff,0x00,0xcb,0xbe,0x68,0x3f,0x00,0x00,0x4c,
    0x48,0x80,0xbe,0x00,0x00,0x80,0xbf,0x00,0x00,0x80,0xbf,0x00,0x00,0x80,0xbf,0x00,0x00,0x80,0xbf,0x00,
    0x00,0x80,0xbf,0x00,0x00,0x80,0xbf,0xdf,0x00,0x0f,0xcc,0xdf,0x63,0x00,0x18,0xe0,0x00,0x0f,0xcc,0xe0,
    0x6b,0x00,0x18,0xe1,0x00,0x0f,0xcc,0xe1,0x6d,0x00,0x18,0xe2,0x00,0x0f,0xcc,0xe2,0x6f,0x00,0x18,0xe3,
    0x00,0x0f,0xcc,0xe3,0x63,0x00,0x18,0xe4,0x00,0x0f,0xcc,0xe4,0x6b,0x00,0x18,0xe5,0x00,0x0f,0xcc,0xe5,
    0x6d,0x00,0x18,0xe6,0x00,0x0f,0xcc,0xe6,0x6f,0x00,0x18,0x18,0x00,0x10,0xcc,0x20,0xbe,0x03,0x18,0x22,
    0x00,0x10,0xcc,0x20,0xc0,0x03,0x18,0x2c,0x00,0x10,0xcc,0x20,0xc2,0x03,0x18,0x36,0x00,0x10,0xcc,0x20,
    0xc4,0x03,0x18,0xdf,0x00,0x12,0xcc,0xdf,0x31,0x02,0x18,0xe0,0x00,0x12,0xcc,0xe0,0x45,0x02,0x18,0xe1,
    0x00,0x12,0xcc,0xe1,0x59,0x02,0x18,0xe2,0x00,0x12,0xcc,0xe2,0x6d,0x02,0x18,0x18,0x00,0x10,0xcc,0x20,
    0xc6,0x03,0x18,0x22,0x00,0x10,0xcc,0x20,0xc8,0x03,0x18,0x2c,0x00,0x10,0xcc,0x20,0xca,0x03,0x18,0x36,
    0x00,0x10,0xcc,0x20,0xcc,0x03,0x18,0xe3,0x00,0x12,0xcc,0xe3,0x31,0x02,0x18,0xe4,0x00,0x12,0xcc,0xe4,
    0x45,0x02,0x18,0xe5,0x00,0x12,0xcc,0xe5,0x59,0x02,0x18,0xe6,0x00,0x12,0xcc,0xe6,0x6d,0x02,0x18,0x00,
    0x00,0x64,0xe0,0xf3,0xdf,0x91,0x80,0x00,0x00,0x64,0xe0,0xf4,0xe3,0x91,0x80,0x41,0x81,0xc1,0x80,0x80,
    0x47,0x47,0x98,0x44,0x43,0x44,0x80,0x45,0x80,0x45,0x82,0x00,0x00,0x94,0xe0,0xf3,0xdf,0x91,0x80,0x00,
    0x00,0x94,0xe0,0xf4,0xe3,0x91,0x80,0x41,0x81,0xc1,0x80,0x80,0x47,0x47,0x98,0x44,0x43,0x44,0x80,0x45,
    0x80,0x45,0x82,0x00,0x00,0x64,0xe0,0xf3,0xe0,0x91,0x80,0x00,0x00,0x64,0xe0,0xf4,0xe4,0x91,0x80,0x41,
    0x81,0xc1,0x80,0x80,0x47,0x47,0x98,0x44,0x43,0x44,0x80,0x45,0x80,0x45,0x82,0x00,0x00,0x94,0xe0,0xf3,
    0xe0,0x91,0x80,0x00,0x00,0x94,0xe0,0xf4,0xe4,0x91,0x80,0x41,0x81,0xc1,0x80,0x80,0x47,0x47,0x98,0x44,
    0x43,0x44,0x80,0x45,0x80,0x45,0x82,0x00,0x00,0x64,0xe0,0xf3,0xe1,0x91,0x80,0x00,0x00,0x64,0xe0,0xf4,
    0xe5,0x91,0x80,0x41,0x81,0xc1,0x80,0x80,0x47,0x47,0x98,0x44,0x43,0x44,0x80,0x45,0x80,0x45,0x82,0x00,
    0x00,0x94,0xe0,0xf3,0xe1,0x91,0x80,0x00,0x00,0x94,0xe0,0xf4,0xe5,0x91,0x80,0x41,0x81,0xc1,0x80,0x80,
    0x47,0x47,0x98,0x44,0x43,0x44,0x80,0x45,0x80,0x45,0x82,0x00,0x00,0x64,0xe0,0xf3,0xe2,0x91,0x80,0x00,
    0x00,0x64,0xe0,0xf4,0xe6,0x91,0x80,0x41,0x81,0xc1,0x80,0x80,0x47,0x47,0x98,0x44,0x43,0x44,0x80,0x45,
    0x80,0x45,0x82,0x00,0x00,0x94,0xe0,0xf3,0xe2,0x91,0x80,0x00,0x00,0x94,0xe0,0xf4,0xe6,0x91,0x80,0x41,
    0x81,0xc1,0x80,0x80,0x47,0x47,0x98,0x44,0x43,0x44,0x80,0x45,0x80,0x45,0x82,0xff,0x00,0xca,0xbe,0xbc,
    0x49,0x00,0x00,0x4c,0x48,0x80,0xbe,0xe7,0x00,0x0f,0xcc,0xe7,0x71,0x00,0x18,0xe8,0x00,0x0f,0xcc,0xe8,
    0x73,0x00,0x18,0xe9,0x00,0x0f,0xcc,0xe9,0x77,0x00,0x18,0xea,0x00,0x0f,0xcc,0xea,0x81,0x00,0x18,0xeb,
    0x00,0x0f,0xcc,0xeb,0x71,0x00,0x18,0xec,0x00,0x0f,0xcc,0xec,0x73,0x00,0x18,0xed,0x00,0x0f,0xcc,0xed,
    0x77,0x00,0x18,0xee,0x00,0x0f,0xcc,0xee,0x81,0x00,0x18,0x18,0x00,0x10,0xcc,0x20,0xce,0x03,0x18,0x22,
    0x00,0x10,0xcc,0x20,0xd0,0x03,0x18,0x2c,0x00,0x10,0xcc,0x20,0xd2,0x03,0x18,0x36,0x00,0x10,0xcc,0x20,
    0xd4,0x03,0x18,0xe7,0x00,0x12,0xcc,0xe7,0x31,0x02,0x18,0xe8,0x00,0x12,0xcc,0xe8,0x45,0x02,0x18,0xe9,
    0x00,0x12,0xcc,0xe9,0x59,0x02,0x18,0xea,0x00,0x12,0xcc,0xea,0x6d,0x02,0x18,0x18,0x00,0x10,0xcc,0x20,
    0xd6,0x03,0x18,0x22,0x00,0x10,0xcc,0x20,0xd8,0x03,0x18,0x2c,0x00,0x10,0xcc,0x20,0xda,0x03,0x18,0x36,
    0x00,0x10,0xcc,0x20,0xdc,0x03,0x18,0xeb,0x00,0x12,0xcc,0xeb,0x31,0x02,0x18,0xec,0x00,0x12,0xcc,0xec,
    0x45,0x02,0x18,0xed,0x00,0x12,0xcc,0xed,0x59,0x02,0x18,0xee,0x00,0x12,0xcc,0xee,0x6d,0x02,0x18,0x00,
    0x00,0x64,0xe0,0xf3,0xe7,0x91,0x80,0x00,0x00,0x64,0xe0,0xf4,0xeb,0x91,0x80,0x41,0x81,0xc1,0x80,0x80,
    0x47,0x47,0x98,0x44,0x43,0x44,0x80,0x45,0x80,0x45,0x82,0x00,0x00,0x94,0xe0,0xf3,0xe7,0x91,0x80,0x00,
    0x00,0x94,0xe0,0xf4,0xeb,0x91,0x80,0x41,0x81,0xc1,0x80,0x80,0x47,0x47,0x98,0x44,0x43,0x44,0x80,0x45,
    0x80,0x45,0x82,0x00,0x00,0x64,0xe0,0xf3,0xe8,0x91,0x80,0x00,0x00,0x64,0xe0,0xf4,0xec,0x91,0x80,0x41,
    0x81,0xc1,0x80,0x80,0x47,0x47,0x98,0x44,0x43,0x44,0x80,0x45,0x80,0x45,0x82,0x00,0x00,0x94,0xe0,0xf3,
    0xe8,0x91,0x80,0x00,0x00,0x94,0xe0,0xf4,0xec,0x91,0x80,0x41,0x81,0xc1,0x80,0x80,0x47,0x47,0x98,0x44,
    0x43,0x44,0x80,0x45,0x80,0x45,0x82,0x00,0x00,0x64,0xe0,0xf3,0xe9,0x91,0x80,0x00,0x00,0x64,0xe0,0xf4,
    0xed,0x91,0x80,0x41,0x81,0xc1,0x80,0x80,0x47,0x47,0x98,0x44,0x43,0x44,0x80,0x45,0x80,0x45,0x82,0x00,
    0x00,0x94,0xe0,0xf3,0xe9,0x91,0x80,0x00,0x00,0x94,0xe0,0xf4,0xed,0x91,0x80,0x41,0x81,0xc1,0x80,0x80,
    0x47,0x47,0x98,0x44,0x43,0x44,0x80,0x45,0x80,0x45,0x82,0x00,0x00,0x64,0xe0,0xf3,0xea,0x91,0x80,0x00,
    0x00,0x64,0xe0,0xf4,0xee,0x91,0x80,0x41,0x81,0xc1,0x80,0x80,0x47,0x47,0x98,0x44,0x43,0x44,0x80,0x45,
    0x80,0x45,0x82,0x00,0x00,0x94,0xe0,0xf3,0xea,0x91,0x80,0x00,0x00,0x94,0xe0,0xf4,0xee,0x91,0x80,0x41,
    0x81,0xc1,0x80,0x80,0x47,0x47,0x98,0x44,0x43,0x44,0x80,0x45,0x80,0x45,0x82,0xff,0x00,0xca,0xbe,0xf0,
    0x47,0x00,0x00,0x4c,0x48,0x80,0xbe,0x00,0x00,0x80,0xbf,0x00,0x00,0x80,0xbf,0xdf,0x00,0x0f,0xcc,0xdf,
    0x63,0x00,0x18,0xe0,0x00,0x0f,0xcc,0xe0,0x6b,0x00,0x18,0xe1,0x00,0x0f,0xcc,0xe1,0x6d,0x00,0x18,0xe2,
    0x00,0x0f,0xcc,0xe2,0x6f,0x00,0x18,0xe3,0x00,0x0f,0xcc,0xe3,0x63,0x00,0x18,0xe4,0x00,0x0f,0xcc,0xe4,
    0x6b,0x00,0x18,0xe5,0x00,0x0f,0xcc,0xe5,0x6d,0x00,0x18,0xe6,0x00,0x0f,0xcc,0xe6,0x6f,0x00,0x18,0x18,
    0x00,0x10,0xcc,0x20,0xbe,0x03,0x18,0x22,0x00,0x10,0xcc,0x20,0xc0,0x03,0x18,0x2c,0x00,0x10,0xcc,0x20,
    0xc2,0x03,0x18,0x36,0x00,0x10,0xcc,0x20,0xc4,0x03,0x18,0xdf,0x00,0x11,0xcc,0xdf,0x31,0x02,0x18,0xe0,
    0x00,0x11,0xcc,0xe0,0x45,0x02,0x18,0xe1,0x00,0x11,0xcc,0xe1,0x59,0x02,0x18,0xe2,0x00,0x11,0xcc,0xe2,
    0x6d,0x02,0x18,0x18,0x00,0x10,0xcc,0x20,0xc6,0x03,0x18,0x22,0x00,0x10,0xcc,0x20,0xc8,0x03,0x18,0x2c,
    0x00,0x10,0xcc,0x20,0xca,0x03,0x18,0x36,0x00,0x10,0xcc,0x20,0xcc,0x03,0x18,0xe3,0x00,0x11,0xcc,0xe3,
    0x31,0x02,0x18,0xe4,0x00,0x11,0xcc,0xe4,0x45,0x02,0x18,0xe5,0x00,0x11,0xcc,0xe5,0x59,0x02,0x18,0xe6,
    0x00,0x11,0xcc,0xe6,0x6d,0x02,0x18,0x00,0x00,0x64,0xe0,0xf3,0xdf,0x91,0x80,0x00,0x00,0x64,0xe0,0xf4,
    0xe3,0x91,0x80,0x41,0x81,0xc1,0x80,0x80,0x47,0x47,0x98,0x44,0x43,0x44,0x80,0x45,0x80,0x45,0x82,0x00,
    0x00,0x94,0xe0,0xf3,0xdf,0x91,0x80,0x00,0x00,0x94,0xe0,0xf4,0xe3,0x91,0x80,0x41,0x81,0xc1,0x80,0x80,
    0x47,0x47,0x98,0x44,0x43,0x44,0x80,0x45,0x80,0x45,0x82,0x00,0x00,0x64,0xe0,0xf3,0xe0,0x91,0x80,0x00,
    0x00,0x64,0xe0,0xf4,0xe4,0x91,0x80,0x41,0x81,0xc1,0x80,0x80,0x47,0x47,0x98,0x44,0x43,0x44,0x80,0x45,
    0x80,0x45,0x82,0x00,0x00,0x94,0xe0,0xf3,0xe0,0x91,0x80,0x00,0x00,0x94,0xe0,0xf4,0xe4,0x91,0x80,0x41,
    0x81,0xc1,0x80,0x80,0x47,0x47,0x98,0x44,0x43,0x44,0x80,0x45,0x80,0x45,0x82,0x00,0x00,0x64,0xe0,0xf3,
    0xe1,0x91,0x80,0x00,0x00,0x64,0xe0,0xf4,0xe5,0x91,0x80,0x41,0x81,0xc1,0x80,0x80,0x47,0x47,0x98,0x44,
    0x43,0x44,0x80,0x45,0x80,0x45,0x82,0x00,0x00,0x94,0xe0,0xf3,0xe1,0x91,0x80,0x00,0x00,0x94,0xe0,0xf4,
    0xe5,0x91,0x80,0x41,0x81,0xc1,0x80,0x80,0x47,0x47,0x98,0x44,0x43,0x44,0x80,0x45,0x80,0x45,0x82,0x00,
    0x00,0x64,0xe0,0xf3,0xe2,0x91,0x80,0x00,0x00,0x64,0xe0,0xf4,0xe6,0x91,0x80,0x41,0x81,0xc1,0x80,0x80,
    0x47,0x47,0x98,0x44,0x43,0x44,0x80,0x45,0x80,0x45,0x82,0x00,0x00,0x94,0xe0,0xf3,0xe2,0x91,0x80,0x00,
    0x00,0x94,0xe0,0xf4,0xe6,0x91,0x80,0x41,0x81,0xc1,0x80,0x80,0x47,0x47,0x98,0x44,0x43,0x44,0x80,0x45,
    0x80,0x45,0x82,0xff,0x00,0xca,0xbe,0x5c,0x4d,0x00,0x00,0x4c,0x48,0x80,0xbe,0xe7,0x00,0x0f,0xcc,0xe7,
    0x71,0x00,0x18,0xe8,0x00,0x0f,0xcc,0xe8,0x73,0x00,0x18,0xe9,0x00,0x0f,0xcc,0xe9,0x77,0x00,0x18,0xea,
    0x00,0x0f,0xcc,0xea,0x81,0x00,0x18,0xeb,0x00,0x0f,0xcc,0xeb,0x71,0x00,0x18,0xec,0x00,0x0f,0xcc,0xec,
    0x73,0x00,0x18,0xed,0x00,0x0f,0xcc,0xed,0x77,0x00,0x18,0xee,0x00,0x0f,0xcc,0xee,0x81,0x00,0x18,0x18,
    0x00,0x10,0xcc,0x20,0xce,0x03,0x18,0x22,0x00,0x10,0xcc,0x20,0xd0,0x03,0x18,0x2c,0x00,0x10,0xcc,0x20,
    0xd2,0x03,0x18,0x36,0x00,0x10,0xcc,0x20,0xd4,0x03,0x18,0xe7,0x00,0x11,0xcc,0xe7,0x31,0x02,0x18,0xe8,
    0x00,0x11,0xcc,0xe8,0x45,0x02,0x18,0xe9,0x00,0x11,0xcc,0xe9,0x59,0x02,0x18,0xea,0x00,0x11,0xcc,0xea,
    0x6d,0x02,0x18,0x18,0x00,0x10,0xcc,0x20,0xd6,0x03,0x18,0x22,0x00,0x10,0xcc,0x20,0xd8,0x03,0x18,0x2c,
    0x00,0x10,0xcc,0x20,0xda,0x03,0x18,0x36,0x00,0x10,0xcc,0x20,0xdc,0x03,0x18,0xeb,0x00,0x11,0xcc,0xeb,
    0x31,0x02,0x18,0xec,0x00,0x11,0xcc,0xec,0x45,0x02,0x18,0xed,0x00,0x11,0xcc,0xed,0x59,0x02,0x18,0xee,
    0x00,0x11,0xcc,0xee,0x6d,0x02,0x18,0x00,0x00,0x64,0xe0,0xf3,0xe7,0x91,0x80,0x00,0x00,0x64,0xe0,0xf4,
    0xeb,0x91,0x80,0x41,0x81,0xc1,0x80,0x80,0x47,0x47,0x98,0x44,0x43,0x44,0x80,0x45,0x80,0x45,0x82,0x00,
    0x00,0x94,0xe0,0xf3,0xe7,0x91,0x80,0x00,0x00,0x94,0xe0,0xf4,0xeb,0x91,0x80,0x41,0x81,0xc1,0x80,0x80,
    0x47,0x47,0x98,0x44,0x43,0x44,0x80,0x45,0x80,0x45,0x82,0x00,0x00,0x64,0xe0,0xf3,0xe8,0x91,0x80,0x00,
    0x00,0x64,0xe0,0xf4,0xec,0x91,0x80,0x41,0x81,0xc1,0x80,0x80,0x47,0x47,0x98,0x44,0x43,0x44,0x80,0x45,
    0x80,0x45,0x82,0x00,0x00,0x94,0xe0,0xf3,0xe8,0x91,0x80,0x00,0x00,0x94,0xe0,0xf4,0xec,0x91,0x80,0x41,
    0x81,0xc1,0x80,0x80,0x47,0x47,0x98,0x44,0x43,0x44,0x80,0x45,0x80,0x45,0x82,0x00,0x00,0x64,0xe0,0xf3,
    0xe9,0x91,0x80,0x00,0x00,0x64,0xe0,0xf4,0xed,0x91,0x80,0x41,0x81,0xc1,0x80,0x80,0x47,0x47,0x98,0x44,
    0x43,0x44,0x80,0x45,0x80,0x45,0x82,0x00,0x00,0x94,0xe0,0xf3,0xe9,0x91,0x80,0x00,0x00,0x94,0xe0,0xf4,
    0xed,0x91,0x80,0x41,0x81,0xc1,0x80,0x80,0x47,0x47,0x98,0x44,0x43,0x44,0x80,0x45,0x80,0x45,0x82,0x00,
    0x00,0x64,0xe0,0xf3,0xea,0x91,0x80,0x00,0x00,0x64,0xe0,0xf4,0xee,0x91,0x80,0x41,0x81,0xc1,0x80,0x80,
    0x47,0x47,0x98,0x44,0x43,0x44,0x80,0x45,0x80,0x45,0x82,0x00,0x00,0x94,0xe0,0xf3,0xea,0x91,0x80,0x00,
    0x00,0x94,0xe0,0xf4,0xee,0x91,0x80,0x41,0x81,0xc1,0x80,0x80,0x47,0x47,0x98,0x44,0x43,0x44,0x80,0x45,
    0x80,0x45,0x82,0xff,0x00,0xca,0xbe,0x90,0x4b,0x00,0x00,0x4c,0x48,0x80,0xbe,0x00,0x00,0x80,0xbf,0x00,
    0x00,0x80,0xbf,0xdf,0x00,0x0f,0xcc,0xdf,0x63,0x00,0x18,0xe0,0x00,0x0f,0xcc,0xe0,0x6b,0x00,0x18,0xe1,
    0x00,0x0f,0xcc,0xe1,0x6d,0x00,0x18,0xe2,0x00,0x0f,0xcc,0xe2,0x6f,0x00,0x18,0xe3,0x00,0x0f,0xcc,0xe3,
    0x63,0x00,0x18,0xe4,0x00,0x0f,0xcc,0xe4,0x6b,0x00,0x18,0xe5,0x00,0x0f,0xcc,0xe5,0x6d,0x00,0x18,0xe6,
    0x00,0x0f,0xcc,0xe6,0x6f,0x00,0x18,0xdf,0x00,0x12,0xcc,0x80,0xbe,0x03,0x18,0xe0,0x00,0x12,0xcc,0x80,
    0xc0,0x03,0x18,0xe1,0x00,0x12,0xcc,0x80,0xc2,0x03,0x18,0xe2,0x00,0x12,0xcc,0x80,0xc4,0x03,0x18,0xe3,
    0x00,0x12,0xcc,0x80,0xc6,0x03,0x18,0xe4,0x00,0x12,0xcc,0x80,0xc8,0x03,0x18,0xe5,0x00,0x12,0xcc,0x80,
    0xca,0x03,0x18,0xe6,0x00,0x12,0xcc,0x80,0xcc,0x03,0x18,0x00,0x00,0x64,0xe0,0xf3,0xdf,0x91,0x80,0x00,
    0x00,0x64,0xe0,0xf4,0xe3,0x91,0x80,0x41,0x81,0xc1,0x80,0x80,0x47,0x47,0x98,0x44,0x43,0x44,0x80,0x45,
    0x80,0x45,0x82,0x00,0x00,0x94,0xe0,0xf3,0xdf,0x91,0x80,0x00,0x00,0x94,0xe0,0xf4,0xe3,0x91,0x80,0x41,
    0x81,0xc1,0x80,0x80,0x47,0x47,0x98,0x44,0x43,0x44,0x80,0x45,0x80,0x45,0x82,0x00,0x00,0x64,0xe0,0xf3,
    0xe0,0x91,0x80,0x00,0x00,0x64,0xe0,0xf4,0xe4,0x91,0x80,0x41,0x81,0xc1,0x80,0x80,0x47,0x47,0x98,0x44,
    0x43,0x44,0x80,0x45,0x80,0x45,0x82,0x00,0x00,0x94,0xe0,0xf3,0xe0,0x91,0x80,0x00,0x00,0x94,0xe0,0xf4,
    0xe4,0x91,0x80,0x41,0x81,0xc1,0x80,0x80,0x47,0x47,0x98,0x44,0x43,0x44,0x80,0x45,0x80,0x45,0x82,0x00,
    0x00,0x64,0xe0,0xf3,0xe1,0x91,0x80,0x00,0x00,0x64,0xe0,0xf4,0xe5,0x91,0x80,0x41,0x81,0xc1,0x80,0x80,
    0x47,0x47,0x98,0x44,0x43,0x44,0x80,0x45,0x80,0x45,0x82,0x00,0x00,0x94,0xe0,0xf3,0xe1,0x91,0x80,0x00,
    0x00,0x94,0xe0,0xf4,0xe5,0x91,0x80,0x41,0x81,0xc1,0x80,0x80,0x47,0x47,0x98,0x44,0x43,0x44,0x80,0x45,
    0x80,0x45,0x82,0x00,0x00,0x64,0xe0,0xf3,0xe2,0x91,0x80,0x00,0x00,0x64,0xe0,0xf4,0xe6,0x91,0x80,0x41,
    0x81,0xc1,0x80,0x80,0x47,0x47,0x98,0x44,0x43,0x44,0x80,0x45,0x80,0x45,0x82,0x00,0x00,0x94,0xe0,0xf3,
    0xe2,0x91,0x80,0x00,0x00,0x94,0xe0,0xf4,0xe6,0x91,0x80,0x41,0x81,0xc1,0x80,0x80,0x47,0x47,0x98,0x44,
    0x43,0x44,0x80,0x45,0x80,0x45,0x82,0xff,0x00,0xca,0xbe,0xbc,0x50,0x00,0x00,0x4c,0x48,0x80,0xbe,0xe7,
    0x00,0x0f,0xcc,0xe7,0x71,0x00,0x18,0xe8,0x00,0x0f,0xcc,0xe8,0x73,0x00,0x18,0xe9,0x00,0x0f,0xcc,0xe9,
    0x77,0x00,0x18,0xea,0x00,0x0f,0xcc,0xea,0x81,0x00,0x18,0xeb,0x00,0x0f,0xcc,0xeb,0x71,0x00,0x18,0xec,
    0x00,0x0f,0xcc,0xec,0x73,0x00,0x18,0xed,0x00,0x0f,0xcc,0xed,0x77,0x00,0x18,0xee,0x00,0x0f,0xcc,0xee,
    0x81,0x00,0x18,0xe7,0x00,0x12,0xcc,0x80,0xce,0x03,0x18,0xe8,0x00,0x12,0xcc,0x80,0xd0,0x03,0x18,0xe9,
    0x00,0x12,0xcc,0x80,0xd2,0x03,0x18,0xea,0x00,0x12,0xcc,0x80,0xd4,0x03,0x18,0xeb,0x00,0x12,0xcc,0x80,
    0xd6,0x03,0x18,0xec,0x00,0x12,0xcc,0x80,0xd8,0x03,0x18,0xed,0x00,0x12,0xcc,0x80,0xda,0x03,0x18,0xee,
    0x00,0x12,0xcc,0x80,0xdc,0x03,0x18,0x00,0x00,0x64,0xe0,0xf3,0xe7,0x91,0x80,0x00,0x00,0x64,0xe0,0xf4,
    0xeb,0x91,0x80,0x41,0x81,0xc1,0x80,0x80,0x47,0x47,0x98,0x44,0x43,0x44,0x80,0x45,0x80,0x45,0x82,0x00,
    0x00,0x94,0xe0,0xf3,0xe7,0x91,0x80,0x00,0x00,0x94,0xe0,0xf4,0xeb,0x91,0x80,0x41,0x81,0xc1,0x80,0x80,
    0x47,0x47,0x98,0x44,0x43,0x44,0x80,0x45,0x80,0x45,0x82,0x00,0x00,0x64,0xe0,0xf3,0xe8,0x91,0x80,0x00,
    0x00,0x64,0xe0,0xf4,0xec,0x91,0x80,0x41,0x81,0xc1,0x80,0x80,0x47,0x47,0x98,0x44,0x43,0x44,0x80,0x45,
    0x80,0x45,0x82,0x00,0x00,0x94,0xe0,0xf3,0xe8,0x91,0x80,0x00,0x00,0x94,0xe0,0xf4,0xec,0x91,0x80,0x41,
    0x81,0xc1,0x80,0x80,0x47,0x47,0x98,0x44,0x43,0x44,0x80,0x45,0x80,0x45,0x82,0x00,0x00,0x64,0xe0,0xf3,
    0xe9,0x91,0x80,0x00,0x00,0x64,0xe0,0xf4,0xed,0x91,0x80,0x41,0x81,0xc1,0x80,0x80,0x47,0x47,0x98,0x44,
    0x43,0x44,0x80,0x45,0x80,0x45,0x82,0x00,0x00,0x94,0xe0,0xf3,0xe9,0x91,0x80,0x00,0x00,0x94,0xe0,0xf4,
    0xed,0x91,0x80,0x41,0x81,0xc1,0x80,0x80,0x47,0x47,0x98,0x44,0x43,0x44,0x80,0x45,0x80,0x45,0x82,0x00,
    0x00,0x64,0xe0,0xf3,0xea,0x91,0x80,0x00,0x00,0x64,0xe0,0xf4,0xee,0x91,0x80,0x41,0x81,0xc1,0x80,0x80,
    0x47,0x47,0x98,0x44,0x43,0x44,0x80,0x45,0x80,0x45,0x82,0x00,0x00,0x94,0xe0,0xf3,0xea,0x91,0x80,0x00,
    0x00,0x94,0xe0,0xf4,0xee,0x91,0x80,0x41,0x81,0xc1,0x80,0x80,0x47,0x47,0x98,0x44,0x43,0x44,0x80,0x45,
    0x80,0x45,0x82,0xff,0x00,0xca,0xbe,0x30,0x4f,0x00,0x00,0x4c,0x48,0x80,0xbe,0x00,0x00,0x80,0xbf,0x00,
    0x00,0x80,0xbf,0xdf,0x00,0x0f,0xcc,0xdf,0x63,0x00,0x18,0xe0,0x00,0x0f,0xcc,0xe0,0x6b,0x00,0x18,0xe1,
    0x00,0x0f,0xcc,0xe1,0x6d,0x00,0x18,0xe2,0x00,0x0f,0xcc,0xe2,0x6f,0x00,0x18,0xe3,0x00,0x0f,0xcc,0xe3,
    0x63,0x00,0x18,0xe4,0x00,0x0f,0xcc,0xe4,0x6b,0x00,0x18,0xe5,0x00,0x0f,0xcc,0xe5,0x6d,0x00,0x18,0xe6,
    0x00,0x0f,0xcc,0xe6,0x6f,0x00,0x18,0xdf,0x00,0x10,0xcc,0xff,0xbe,0x03,0x18,0xc5,0xbd,0xc5,0xbd,0xe0,
    0x00,0x10,0xcc,0xff,0xc0,0x03,0x18,0xc5,0xbd,0xc5,0xbd,0xe1,0x00,0x10,0xcc,0xff,0xc2,0x03,0x18,0xc5,
    0xbd,0xc5,0xbd,0xe2,0x00,0x10,0xcc,0xff,0xc4,0x03,0x18,0xc5,0xbd,0xc5,0xbd,0xdf,0x00,0xd8,0xd5,0xdf,
    0x01,0x00,0x00,0xe0,0x00,0xd8,0xd5,0xe0,0x01,0x00,0x00,0xe1,0x00,0xd8,0xd5,0xe1,0x01,0x00,0x00,0xe2,
    0x00,0xd8,0xd5,0xe2,0x01,0x00,0x00,0xdf,0x48,0xd8,0xd5,0xdf,0x01,0x00,0x00,0xe0,0x48,0xd8,0xd5,0xe0,
    0x01,0x00,0x00,0xe1,0x48,0xd8,0xd5,0xe1,0x01,0x00,0x00,0xe2,0x48,0xd8,0xd5,0xe2,0x01,0x00,0x00,0xdf,
    0x00,0x0f,0xcc,0xf2,0xbe,0x03,0x10,0xe0,0x00,0x0f,0xcc,0xf2,0xc0,0x03,0x10,0xe1,0x00,0x0f,0xcc,0xf2,
    0xc2,0x03,0x10,0xe2,0x00,0x0f,0xcc,0xf2,0xc4,0x03,0x10,0xdf,0x00,0xd4,0xd5,0xdf,0x01,0x00,0x00,0xe0,
    0x00,0xd4,0xd5,0xe0,0x01,0x00,0x00,0xe1,0x00,0xd4,0xd5,0xe1,0x01,0x00,0x00,0xe2,0x00,0xd4,0xd5,0xe2,
    0x01,0x00,0x00,0xdf,0x48,0xd4,0xd5,0xdf,0x01,0x00,0x00,0xe0,0x48,0xd4,0xd5,0xe0,0x01,0x00,0x00,0xe1,
    0x48,0xd4,0xd5,0xe1,0x01,0x00,0x00,0xe2,0x48,0xd4,0xd5,0xe2,0x01,0x00,0x00,0xe3,0x00,0x10,0xcc,0xff,
    0xc6,0x03,0x18,0xc5,0xbd,0xc5,0xbd,0xe4,0x00,0x10,0xcc,0xff,0xc8,0x03,0x18,0xc5,0xbd,0xc5,0xbd,0xe5,
    0x00,0x10,0xcc,0xff,0xca,0x03,0x18,0xc5,0xbd,0xc5,0xbd,0xe6,0x00,0x10,0xcc,0xff,0xcc,0x03,0x18,0xc5,
    0xbd,0xc5,0xbd,0xe3,0x00,0xd8,0xd5,0xe3,0x01,0x00,0x00,0xe4,0x00,0xd8,0xd5,0xe4,0x01,0x00,0x00,0xe5,
    0x00,0xd8,0xd5,0xe5,0x01,0x00,0x00,0xe6,0x00,0xd8,0xd5,0xe6,0x01,0x00,0x00,0xe3,0x48,0xd8,0xd5,0xe3,
    0x01,0x00,0x00,0xe4,0x48,0xd8,0xd5,0xe4,0x01,0x00,0x00,0xe5,0x48,0xd8,0xd5,0xe5,0x01,0x00,0x00,0xe6,
    0x48,0xd8,0xd5,0xe6,0x01,0x00,0x00,0xe3,0x00,0x0f,0xcc,0xf2,0xc6,0x03,0x10,0xe4,0x00,0x0f,0xcc,0xf2,
    0xc8,0x03,0x10,0xe5,0x00,0x0f,0xcc,0xf2,0xca,0x03,0x10,0xe6,0x00,0x0f,0xcc,0xf2,0xcc,0x03,0x10,0xe3,
    0x00,0xd4,0xd5,0xe3,0x01,0x00,0x00,0xe4,0x00,0xd4,0xd5,0xe4,0x01,0x00,0x00,0xe5,0x00,0xd4,0xd5,0xe5,
    0x01,0x00,0x00,0xe6,0x00,0xd4,0xd5,0xe6,0x01,0x00,0x00,0xe3,0x48,0xd4,0xd5,0xe3,0x01,0x00,0x00,0xe4,
    0x48,0xd4,0xd5,0xe4,0x01,0x00,0x00,0xe5,0x48,0xd4,0xd5,0xe5,0x01,0x00,0x00,0xe6,0x48,0xd4,0xd5,0xe6,
    0x01,0x00,0x00,0x00,0x00,0x64,0xe0,0xf3,0xdf,0x91,0x80,0x00,0x00,0x64,0xe0,0xf4,0xe3,0x91,0x80,0x41,
    0x81,0xc1,0x80,0x80,0x47,0x47,0x98,0x44,0x43,0x44,0x80,0x45,0x80,0x45,0x82,0x00,0x00,0x94,0xe0,0xf3,
    0xdf,0x91,0x80,0x00,0x00,0x94,0xe0,0xf4,0xe3,0x91,0x80,0x41,0x81,0xc1,0x80,0x80,0x47,0x47,0x98,0x44,
    0x43,0x44,0x80,0x45,0x80,0x45,0x82,0x00,0x00,0x64,0xe0,0xf3,0xe0,0x91,0x80,0x00,0x00,0x64,0xe0,0xf4,
    0xe4,0x91,0x80,0x41,0x81,0xc1,0x80,0x80,0x47,0x47,0x98,0x44,0x43,0x44,0x80,0x45,0x80,0x45,0x82,0x00,
    0x00,0x94,0xe0,0xf3,0xe0,0x91,0x80,0x00,0x00,0x94,0xe0,0xf4,0xe4,0x91,0x80,0x41,0x81,0xc1,0x80,0x80,
    0x47,0x47,0x98,0x44,0x43,0x44,0x80,0x45,0x80,0x45,0x82,0x00,0x00,0x64,0xe0,0xf3,0xe1,0x91,0x80,0x00,
    0x00,0x64,0xe0,0xf4,0xe5,0x91,0x80,0x41,0x81,0xc1,0x80,0x80,0x47,0x47,0x98,0x44,0x43,0x44,0x80,0x45,
    0x80,0x45,0x82,0x00,0x00,0x94,0xe0,0xf3,0xe1,0x91,0x80,0x00,0x00,0x94,0xe0,0xf4,0xe5,0x91,0x80,0x41,
    0x81,0xc1,0x80,0x80,0x47,0x47,0x98,0x44,0x43,0x44,0x80,0x45,0x80,0x45,0x82,0x00,0x00,0x64,0xe0,0xf3,
    0xe2,0x91,0x80,0x00,0x00,0x64,0xe0,0xf4,0xe6,0x91,0x80,0x41,0x81,0xc1,0x80,0x80,0x47,0x47,0x98,0x44,
    0x43,0x44,0x80,0x45,0x80,0x45,0x82,0x00,0x00,0x94,0xe0,0xf3,0xe2,0x91,0x80,0x00,0x00,0x94,0xe0,0xf4,
    0xe6,0x91,0x80,0x41,0x81,0xc1,0x80,0x80,0x47,0x47,0x98,0x44,0x43,0x44,0x80,0x45,0x80,0x45,0x82,0xff,
    0x00,0xca,0xbe,0x3c,0x55,0x00,0x00,0x4c,0x48,0x80,0xbe,0xe7,0x00,0x0f,0xcc,0xe7,0x71,0x00,0x18,0xe8,
    0x00,0x0f,0xcc,0xe8,0x73,0x00,0x18,0xe9,0x00,0x0f,0xcc,0xe9,0x77,0x00,0x18,0xea,0x00,0x0f,0xcc,0xea,
    0x81,0x00,0x18,0xeb,0x00,0x0f,0xcc,0xeb,0x71,0x00,0x18,0xec,0x00,0x0f,0xcc,0xec,0x73,0x00,0x18,0xed,
    0x00,0x0f,0xcc,0xed,0x77,0x00,0x18,0xee,0x00,0x0f,0xcc,0xee,0x81,0x00,0x18,0xe7,0x00,0x10,0xcc,0xff,
    0xce,0x03,0x18,0xc5,0xbd,0xc5,0xbd,0xe8,0x00,0x10,0xcc,0xff,0xd0,0x03,0x18,0xc5,0xbd,0xc5,0xbd,0xe9,
    0x00,0x10,0xcc,0xff,0xd2,0x03,0x18,0xc5,0xbd,0xc5,0xbd,0xea,0x00,0x10,0xcc,0xff,0xd4,0x03,0x18,0xc5,
    0xbd,0xc5,0xbd,0xe7,0x00,0xd8,0xd5,0xe7,0x01,0x00,0x00,0xe8,0x00,0xd8,0xd5,0xe8,0x01,0x00,0x00,0xe9,
    0x00,0xd8,0xd5,0xe9,0x01,0x00,0x00,0xea,0x00,0xd8,0xd5,0xea,0x01,0x00,0x00,0xe7,0x48,0xd8,0xd5,0xe7,
    0x01,0x00,0x00,0xe8,0x48,0xd8,0xd5,0xe8,0x01,0x00,0x00,0xe9,0x48,0xd8,0xd5,0xe9,0x01,0x00,0x00,0xea,
    0x48,0xd8,0xd5,0xea,0x01,0x00,0x00,0xe7,0x00,0x0f,0xcc,0xf2,0xce,0x03,0x10,0xe8,0x00,0x0f,0xcc,0xf2,
    0xd0,0x03,0x10,0xe9,0x00,0x0f,0xcc,0xf2,0xd2,0x03,0x10,0xea,0x00,0x0f,0xcc,0xf2,0xd4,0x03,0x10,0xe7,
    0x00,0xd4,0xd5,0xe7,0x01,0x00,0x00,0xe8,0x00,0xd4,0xd5,0xe8,0x01,0x00,0x00,0xe9,0x00,0xd4,0xd5,0xe9,
    0x01,0x00,0x00,0xea,0x00,0xd4,0xd5,0xea,0x01,0x00,0x00,0xe7,0x48,0xd4,0xd5,0xe7,0x01,0x00,0x00,0xe8,
    0x48,0xd4,0xd5,0xe8,0x01,0x00,0x00,0xe9,0x48,0xd4,0xd5,0xe9,0x01,0x00,0x00,0xea,0x48,0xd4,0xd5,0xea,
    0x01,0x00,0x00,0xeb,0x00,0x10,0xcc,0xff,0xd6,0x03,0x18,0xc5,0xbd,0xc5,0xbd,0xec,0x00,0x10,0xcc,0xff,
    0xd8,0x03,0x18,0xc5,0xbd,0xc5,0xbd,0xed,0x00,0x10,0xcc,0xff,0xda,0x03,0x18,0xc5,0xbd,0xc5,0xbd,0xee,
    0x00,0x10,0xcc,0xff,0xdc,0x03,0x18,0xc5,0xbd,0xc5,0xbd,0xeb,0x00,0xd8,0xd5,0xeb,0x01,0x00,0x00,0xec,
    0x00,0xd8,0xd5,0xec,0x01,0x00,0x00,0xed,0x00,0xd8,0xd5,0xed,0x01,0x00,0x00,0xee,0x00,0xd8,0xd5,0xee,
    0x01,0x00,0x00,0xeb,0x48,0xd8,0xd5,0xeb,0x01,0x00,0x00,0xec,0x48,0xd8,0xd5,0xec,0x01,0x00,0x00,0xed,
    0x48,0xd8,0xd5,0xed,0x01,0x00,0x00,0xee,0x48,0xd8,0xd5,0xee,0x01,0x00,0x00,0xeb,0x00,0x0f,0xcc,0xf2,
    0xd6,0x03,0x10,0xec,0x00,0x0f,0xcc,0xf2,0xd8,0x03,0x10,0xed,0x00,0x0f,0xcc,0xf2,0xda,0x03,0x10,0xee,
    0x00,0x0f,0xcc,0xf2,0xdc,0x03,0x10,0xeb,0x00,0xd4,0xd5,0xeb,0x01,0x00,0x00,0xec,0x00,0xd4,0xd5,0xec,
    0x01,0x00,0x00,0xed,0x00,0xd4,0xd5,0xed,0x01,0x00,0x00,0xee,0x00,0xd4,0xd5,0xee,0x01,0x00,0x00,0xeb,
    0x48,0xd4,0xd5,0xeb,0x01,0x00,0x00,0xec,0x48,0xd4,0xd5,0xec,0x01,0x00,0x00,0xed,0x48,0xd4,0xd5,0xed,
    0x01,0x00,0x00,0xee,0x48,0xd4,0xd5,0xee,0x01,0x00,0x00,0x00,0x00,0x64,0xe0,0xf3,0xe7,0x91,0x80,0x00,
    0x00,0x64,0xe0,0xf4,0xeb,0x91,0x80,0x41,0x81,0xc1,0x80,0x80,0x47,0x47,0x98,0x44,0x43,0x44,0x80,0x45,
    0x80,0x45,0x82,0x00,0x00,0x94,0xe0,0xf3,0xe7,0x91,0x80,0x00,0x00,0x94,0xe0,0xf4,0xeb,0x91,0x80,0x41,
    0x81,0xc1,0x80,0x80,0x47,0x47,0x98,0x44,0x43,0x44,0x80,0x45,0x80,0x45,0x82,0x00,0x00,0x64,0xe0,0xf3,
    0xe8,0x91,0x80,0x00,0x00,0x64,0xe0,0xf4,0xec,0x91,0x80,0x41,0x81,0xc1,0x80,0x80,0x47,0x47,0x98,0x44,
    0x43,0x44,0x80,0x45,0x80,0x45,0x82,0x00,0x00,0x94,0xe0,0xf3,0xe8,0x91,0x80,0x00,0x00,0x94,0xe0,0xf4,
    0xec,0x91,0x80,0x41,0x81,0xc1,0x80,0x80,0x47,0x47,0x98,0x44,0x43,0x44,0x80,0x45,0x80,0x45,0x82,0x00,
    0x00,0x64,0xe0,0xf3,0xe9,0x91,0x80,0x00,0x00,0x64,0xe0,0xf4,0xed,0x91,0x80,0x41,0x81,0xc1,0x80,0x80,
    0x47,0x47,0x98,0x44,0x43,0x44,0x80,0x45,0x80,0x45,0x82,0x00,0x00,0x94,0xe0,0xf3,0xe9,0x91,0x80,0x00,
    0x00,0x94,0xe0,0xf4,0xed,0x91,0x80,0x41,0x81,0xc1,0x80,0x80,0x47,0x47,0x98,0x44,0x43,0x44,0x80,0x45,
    0x80,0x45,0x82,0x00,0x00,0x64,0xe0,0xf3,0xea,0x91,0x80,0x00,0x00,0x64,0xe0,0xf4,0xee,0x91,0x80,0x41,
    0x81,0xc1,0x80,0x80,0x47,0x47,0x98,0x44,0x43,0x44,0x80,0x45,0x80,0x45,0x82,0x00,0x00,0x94,0xe0,0xf3,
    0xea,0x91,0x80,0x00,0x00,0x94,0xe0,0xf4,0xee,0x91,0x80,0x41,0x81,0xc1,0x80,0x80,0x47,0x47,0x98,0x44,
    0x43,0x44,0x80,0x45,0x80,0x45,0x82,0xff,0x00,0xca,0xbe,0x50,0x52,0x00,0x00,0x4c,0x48,0x80,0xbe,0x00,
    0x00,0x80,0xbf,0x00,0x00,0x80,0xbf,0xdf,0x00,0x0f,0xcc,0xdf,0x63,0x00,0x18,0xe0,0x00,0x0f,0xcc,0xe0,
    0x6b,0x00,0x18,0xe1,0x00,0x0f,0xcc,0xe1,0x6d,0x00,0x18,0xe2,0x00,0x0f,0xcc,0xe2,0x6f,0x00,0x18,0xe3,
    0x00,0x0f,0xcc,0xe3,0x63,0x00,0x18,0xe4,0x00,0x0f,0xcc,0xe4,0x6b,0x00,0x18,0xe5,0x00,0x0f,0xcc,0xe5,
    0x6d,0x00,0x18,0xe6,0x00,0x0f,0xcc,0xe6,0x6f,0x00,0x18,0xdf,0x00,0x10,0xcc,0xdf,0x43,0x00,0x18,0xe0,
    0x00,0x10,0xcc,0xe0,0x43,0x00,0x18,0xe1,0x00,0x10,0xcc,0xe1,0x43,0x00,0x18,0xe2,0x00,0x10,0xcc,0xe2,
    0x43,0x00,0x18,0xff,0xbe,0x31,0x36,0xff,0x7f,0xff,0x7f,0xff,0xc0,0x45,0x36,0xff,0x7f,0xff,0x7f,0xff,
    0xc2,0x59,0x36,0xff,0x7f,0xff,0x7f,0xff,0xc4,0x6d,0x36,0xff,0x7f,0xff,0x7f,0xff,0x02,0x3a,0x7e,0x2e,
    0xb6,0x2e,0xb6,0xff,0x02,0x4e,0x7e,0x2e,0xb6,0x2e,0xb6,0xff,0x02,0x62,0x7e,0x2e,0xb6,0x2e,0xb6,0xff,
    0x02,0x76,0x7e,0x2e,0xb6,0x2e,0xb6,0x1d,0x40,0x0e,0xcc,0x18,0xff,0x75,0x1c,0x88,0x30,0x88,0x30,0x27,
    0x40,0x0e,0xcc,0x22,0xff,0x9d,0x1c,0x88,0x30,0x88,0x30,0x31,0x40,0x0e,0xcc,0x2c,0xff,0xc5,0x1c,0x88,
    0x30,0x88,0x30,0x3b,0x40,0x0e,0xcc,0x36,0xff,0xed,0x1c,0x88,0x30,0x88,0x30,0x1d,0x40,0x0e,0xcc,0x18,
    0x3b,0xfe,0x1b,0x33,0x1e,0x33,0x1e,0x27,0x40,0x0e,0xcc,0x22,0x4f,0xfe,0x1b,0x33,0x1e,0x33,0x1e,0x31,
    0x40,0x0e,0xcc,0x2c,0x63,0xfe,0x1b,0x33,0x1e,0x33,0x1e,0x3b,0x40,0x0e,0xcc,0x36,0x77,0xfe,0x1b,0x33,
    0x1e,0x33,0x1e,0x1d,0x00,0x10,0xcc,0x18,0x3b,0x02,0x18,0x27,0x00,0x10,0xcc,0x22,0x4f,0x02,0x18,0x31,
    0x00,0x10,0xcc,0x2c,0x63,0x02,0x18,0x3b,0x00,0x10,0xcc,0x36,0x77,0x02,0x18,0x1d,0x40,0x0e,0xcc,0x18,
    0x3b,0x62,0x1c,0x27,0x40,0x0e,0xcc,0x22,0x4f,0x8a,0x1c,0x31,0x40,0x0e,0xcc,0x2c,0x63,0xb2,0x1c,0x3b,
    0x40,0x0e,0xcc,0x36,0x77,0xda,0x1c,0x18,0x00,0x10,0xcc,0xff,0x30,0x02,0x18,0xc5,0x41,0xc5,0x41,0x22,
    0x00,0x10,0xcc,0xff,0x44,0x02,0x18,0xc5,0x41,0xc5,0x41,0x2c,0x00,0x10,0xcc,0xff,0x58,0x02,0x18,0xc5,
    0x41,0xc5,0x41,0x36,0x00,0x10,0xcc,0xff,0x6c,0x02,0x18,0xc5,0x41,0xc5,0x41,0x18,0xb1,0x30,0x7e,0x22,
    0xb1,0x44,0x7e,0x2c,0xb1,0x58,0x7e,0x36,0xb1,0x6c,0x7e,0x98,0xb1,0x30,0x7f,0xa2,0xb1,0x44,0x7f,0xac,
    0xb1,0x58,0x7f,0xb6,0xb1,0x6c,0x7f,0x18,0x00,0x0f,0xcc,0xf2,0x30,0x02,0x10,0x22,0x00,0x0f,0xcc,0xf2,
    0x44,0x02,0x10,0x2c,0x00,0x0f,0xcc,0xf2,0x58,0x02,0x10,0x36,0x00,0x0f,0xcc,0xf2,0x6c,0x02,0x10,0x18,
    0xa9,0x30,0x7e,0x22,0xa9,0x44,0x7e,0x2c,0xa9,0x58,0x7e,0x36,0xa9,0x6c,0x7e,0x98,0xa9,0x30,0x7f,0xa2,
    0xa9,0x44,0x7f,0xac,0xa9,0x58,0x7f,0xb6,0xa9,0x6c,0x7f,0x18,0x00,0x0e,0xcc,0x18,0xeb,0xc9,0x0b,0x22,
    0x00,0x0e,0xcc,0x22,0xeb,0xc9,0x0b,0x2c,0x00,0x0e,0xcc,0x2c,0xeb,0xc9,0x0b,0x36,0x00,0x0e,0xcc,0x36,
    0xeb,0xc9,0x0b,0x6a,0x01,0x04,0xd4,0xdf,0xff,0x01,0x00,0xc2,0x3b,0xc2,0x3b,0x1d,0x00,0x5d,0xd6,0x1d,
    0x31,0xaa,0x01,0x6a,0x01,0x04,0xd4,0xe0,0xff,0x01,0x00,0xc2,0x3b,0xc2,0x3b,0x27,0x00,0x5d,0xd6,0x27,
    0x45,0xaa,0x01,0x6a,0x01,0x04,0xd4,0xe1,0xff,0x01,0x00,0xc2,0x3b,0xc2,0x3b,0x31,0x00,0x5d,0xd6,0x31,
    0x59,0xaa,0x01,0x6a,0x01,0x04,0xd4,0xe2,0xff,0x01,0x00,0xc2,0x3b,0xc2,0x3b,0x3b,0x00,0x5d,0xd6,0x3b,
    0x6d,0xaa,0x01,0x6a,0x19,0x04,0xd4,0xdf,0xff,0x01,0x00,0xc2,0x3b,0xc2,0x3b,0x1d,0x58,0x5d,0xd6,0x1d,
    0x31,0xaa,0x01,0x6a,0x19,0x04,0xd4,0xe0,0xff,0x01,0x00,0xc2,0x3b,0xc2,0x3b,0x27,0x58,0x5d,0xd6,0x27,
    0x45,0xaa,0x01,0x6a,0x19,0x04,0xd4,0xe1,0xff,0x01,0x00,0xc2,0x3b,0xc2,0x3b,0x31,0x58,0x5d,0xd6,0x31,
    0x59,0xaa,0x01,0x6a,0x19,0x04,0xd4,0xe2,0xff,0x01,0x00,0xc2,0x3b,0xc2,0x3b,0x3b,0x58,0x5d,0xd6,0x3b,
    0x6d,0xaa,0x01,0xdf,0x00,0x12,0xd6,0xff,0x3a,0x7e,0x07,0xff,0x7f,0xff,0x7f,0xe0,0x00,0x12,0xd6,0xff,
    0x4e,0x82,0x07,0xff,0x7f,0xff,0x7f,0xe1,0x00,0x12,0xd6,0xff,0x62,0x86,0x07,0xff,0x7f,0xff,0x7f,0xe2,
    0x00,0x12,0xd6,0xff,0x76,0x8a,0x07,0xff,0x7f,0xff,0x7f,0xdf,0x00,0x10,0xcc,0xdf,0x41,0x00,0x18,0xe0,
    0x00,0x10,0xcc,0xe0,0x41,0x00,0x18,0xe1,0x00,0x10,0xcc,0xe1,0x41,0x00,0x18,0xe2,0x00,0x10,0xcc,0xe2,
    0x41,0x00,0x18,0xe3,0x00,0x10,0xcc,0xe3,0x43,0x00,0x18,0xe4,0x00,0x10,0xcc,0xe4,0x43,0x00,0x18,0xe5,
    0x00,0x10,0xcc,0xe5,0x43,0x00,0x18,0xe6,0x00,0x10,0xcc,0xe6,0x43,0x00,0x18,0xff,0xc6,0x31,0x36,0xff,
    0x7f,0xff,0x7f,0xff,0xc8,0x45,0x36,0xff,0x7f,0xff,0x7f,0xff,0xca,0x59,0x36,0xff,0x7f,0xff,0x7f,0xff,
    0xcc,0x6d,0x36,0xff,0x7f,0xff,0x7f,0xff,0x02,0x3a,0x7e,0x2e,0xb6,0x2e,0xb6,0xff,0x02,0x4e,0x7e,0x2e,
    0xb6,0x2e,0xb6,0xff,0x02,0x62,0x7e,0x2e,0xb6,0x2e,0xb6,0xff,0x02,0x76,0x7e,0x2e,0xb6,0x2e,0xb6,0x1d,
    0x40,0x0e,0xcc,0x18,0xff,0x75,0x1c,0x88,0x30,0x88,0x30,0x27,0x40,0x0e,0xcc,0x22,0xff,0x9d,0x1c,0x88,
    0x30,0x88,0x30,0x31,0x40,0x0e,0xcc,0x2c,0xff,0xc5,0x1c,0x88,0x30,0x88,0x30,0x3b,0x40,0x0e,0xcc,0x36,
    0xff,0xed,0x1c,0x88,0x30,0x88,0x30,0x1d,0x40,0x0e,0xcc,0x18,0x3b,0xfe,0x1b,0x33,0x1e,0x33,0x1e,0x27,
    0x40,0x0e,0xcc,0x22,0x4f,0xfe,0x1b,0x33,0x1e,0x33,0x1e,0x31,0x40,0x0e,0xcc,0x2c,0x63,0xfe,0x1b,0x33,
    0x1e,0x33,0x1e,0x3b,0x40,0x0e,0xcc,0x36,0x77,0xfe,0x1b,0x33,0x1e,0x33,0x1e,0x1d,0x00,0x10,0xcc,0x18,
    0x3b,0x02,0x18,0x27,0x00,0x10,0xcc,0x22,0x4f,0x02,0x18,0x31,0x00,0x10,0xcc,0x2c,0x63,0x02,0x18,0x3b,
    0x00,0x10,0xcc,0x36,0x77,0x02,0x18,0x1d,0x40,0x0e,0xcc,0x18,0x3b,0x62,0x1c,0x27,0x40,0x0e,0xcc,0x22,
    0x4f,0x8a,0x1c,0x31,0x40,0x0e,0xcc,0x2c,0x63,0xb2,0x1c,0x3b,0x40,0x0e,0xcc,0x36,0x77,0xda,0x1c,0x18,
    0x00,0x10,0xcc,0xff,0x30,0x02,0x18,0xc5,0x41,0xc5,0x41,0x22,0x00,0x10,0xcc,0xff,0x44,0x02,0x18,0xc5,
    0x41,0xc5,0x41,0x2c,0x00,0x10,0xcc,0xff,0x58,0x02,0x18,0xc5,0x41,0xc5,0x41,0x36,0x00,0x10,0xcc,0xff,
    0x6c,0x02,0x18,0xc5,0x41,0xc5,0x41,0x18,0xb1,0x30,0x7e,0x22,0xb1,0x44,0x7e,0x2c,0xb1,0x58,0x7e,0x36,
    0xb1,0x6c,0x7e,0x98,0xb1,0x30,0x7f,0xa2,0xb1,0x44,0x7f,0xac,0xb1,0x58,0x7f,0xb6,0xb1,0x6c,0x7f,0x18,
    0x00,0x0f,0xcc,0xf2,0x30,0x02,0x10,0x22,0x00,0x0f,0xcc,0xf2,0x44,0x02,0x10,0x2c,0x00,0x0f,0xcc,0xf2,
    0x58,0x02,0x10,0x36,0x00,0x0f,0xcc,0xf2,0x6c,0x02,0x10,0x18,0xa9,0x30,0x7e,0x22,0xa9,0x44,0x7e,0x2c,
    0xa9,0x58,0x7e,0x36,0xa9,0x6c,0x7e,0x98,0xa9,0x30,0x7f,0xa2,0xa9,0x44,0x7f,0xac,0xa9,0x58,0x7f,0xb6,
    0xa9,0x6c,0x7f,0x18,0x00,0x0e,0xcc,0x18,0xeb,0xc9,0x0b,0x22,0x00,0x0e,0xcc,0x22,0xeb,0xc9,0x0b,0x2c,
    0x00,0x0e,0xcc,0x2c,0xeb,0xc9,0x0b,0x36,0x00,0x0e,0xcc,0x36,0xeb,0xc9,0x0b,0x6a,0x01,0x04,0xd4,0xe3,
    0xff,0x01,0x00,0xc2,0x3b,0xc2,0x3b,0x1d,0x00,0x5d,0xd6,0x1d,0x31,0xaa,0x01,0x6a,0x01,0x04,0xd4,0xe4,
    0xff,0x01,0x00,0xc2,0x3b,0xc2,0x3b,0x27,0x00,0x5d,0xd6,0x27,0x45,0xaa,0x01,0x6a,0x01,0x04,0xd4,0xe5,
    0xff,0x01,0x00,0xc2,0x3b,0xc2,0x3b,0x31,0x00,0x5d,0xd6,0x31,0x59,0xaa,0x01,0x6a,0x01,0x04,0xd4,0xe6,
    0xff,0x01,0x00,0xc2,0x3b,0xc2,0x3b,0x3b,0x00,0x5d,0xd6,0x3b,0x6d,0xaa,0x01,0x6a,0x19,0x04,0xd4,0xe3,
    0xff,0x01,0x00,0xc2,0x3b,0xc2,0x3b,0x1d,0x58,0x5d,0xd6,0x1d,0x31,0xaa,0x01,0x6a,0x19,0x04,0xd4,0xe4,
    0xff,0x01,0x00,0xc2,0x3b,0xc2,0x3b,0x27,0x58,0x5d,0xd6,0x27,0x45,0xaa,0x01,0x6a,0x19,0x04,0xd4,0xe5,
    0xff,0x01,0x00,0xc2,0x3b,0xc2,0x3b,0x31,0x58,0x5d,0xd6,0x31,0x59,0xaa,0x01,0x6a,0x19,0x04,0xd4,0xe6,
    0xff,0x01,0x00,0xc2,0x3b,0xc2,0x3b,0x3b,0x58,0x5d,0xd6,0x3b,0x6d,0xaa,0x01,0xe3,0x00,0x12,0xd6,0xff,
    0x3a,0x8e,0x07,0xff,0x7f,0xff,0x7f,0xe4,0x00,0x12,0xd6,0xff,0x4e,0x92,0x07,0xff,0x7f,0xff,0x7f,0xe5,
    0x00,0x12,0xd6,0xff,0x62,0x96,0x07,0xff,0x7f,0xff,0x7f,0xe6,0x00,0x12,0xd6,0xff,0x76,0x9a,0x07,0xff,
    0x7f,0xff,0x7f,0xe3,0x00,0x10,0xcc,0xe3,0x41,0x00,0x18,0xe4,0x00,0x10,0xcc,0xe4,0x41,0x00,0x18,0xe5,
    0x00,0x10,0xcc,0xe5,0x41,0x00,0x18,0xe6,0x00,0x10,0xcc,0xe6,0x41,0x00,0x18,0x00,0x00,0x64,0xe0,0xf3,
    0xdf,0x91,0x80,0x00,0x00,0x64,0xe0,0xf4,0xe3,0x91,0x80,0x41,0x81,0xc1,0x80,0x80,0x47,0x47,0x98,0x44,
    0x43,0x44,0x80,0x45,0x80,0x45,0x82,0x00,0x00,0x94,0xe0,0xf3,0xdf,0x91,0x80,0x00,0x00,0x94,0xe0,0xf4,
    0xe3,0x91,0x80,0x41,0x81,0xc1,0x80,0x80,0x47,0x47,0x98,0x44,0x43,0x44,0x80,0x45,0x80,0x45,0x82,0x00,
    0x00,0x64,0xe0,0xf3,0xe0,0x91,0x80,0x00,0x00,0x64,0xe0,0xf4,0xe4,0x91,0x80,0x41,0x81,0xc1,0x80,0x80,
    0x47,0x47,0x98,0x44,0x43,0x44,0x80,0x45,0x80,0x45,0x82,0x00,0x00,0x94,0xe0,0xf3,0xe0,0x91,0x80,0x00,
    0x00,0x94,0xe0,0xf4,0xe4,0x91,0x80,0x41,0x81,0xc1,0x80,0x80,0x47,0x47,0x98,0x44,0x43,0x44,0x80,0x45,
    0x80,0x45,0x82,0x00,0x00,0x64,0xe0,0xf3,0xe1,0x91,0x80,0x00,0x00,0x64,0xe0,0xf4,0xe5,0x91,0x80,0x41,
    0x81,0xc1,0x80,0x80,0x47,0x47,0x98,0x44,0x43,0x44,0x80,0x45,0x80,0x45,0x82,0x00,0x00,0x94,0xe0,0xf3,
    0xe1,0x91,0x80,0x00,0x00,0x94,0xe0,0xf4,0xe5,0x91,0x80,0x41,0x81,0xc1,0x80,0x80,0x47,0x47,0x98,0x44,
    0x43,0x44,0x80,0x45,0x80,0x45,0x82,0x00,0x00,0x64,0xe0,0xf3,0xe2,0x91,0x80,0x00,0x00,0x64,0xe0,0xf4,
    0xe6,0x91,0x80,0x41,0x81,0xc1,0x80,0x80,0x47,0x47,0x98,0x44,0x43,0x44,0x80,0x45,0x80,0x45,0x82,0x00,
    0x00,0x94,0xe0,0xf3,0xe2,0x91,0x80,0x00,0x00,0x94,0xe0,0xf4,0xe6,0x91,0x80,0x41,0x81,0xc1,0x80,0x80,
    0x47,0x47,0x98,0x44,0x43,0x44,0x80,0x45,0x80,0x45,0x82,0xff,0x00,0xca,0xbe,0xbc,0x5e,0x00,0x00,0x4c,
    0x48,0x80,0xbe,0xe7,0x00,0x0f,0xcc,0xe7,0x71,0x00,0x18,0xe8,0x00,0x0f,0xcc,0xe8,0x73,0x00,0x18,0xe9,
    0x00,0x0f,0xcc,0xe9,0x77,0x00,0x18,0xea,0x00,0x0f,0xcc,0xea,0x81,0x00,0x18,0xeb,0x00,0x0f,0xcc,0xeb,
    0x71,0x00,0x18,0xec,0x00,0x0f,0xcc,0xec,0x73,0x00,0x18,0xed,0x00,0x0f,0xcc,0xed,0x77,0x00,0x18,0xee,
    0x00,0x0f,0xcc,0xee,0x81,0x00,0x18,0xe7,0x00,0x10,0xcc,0xe7,0x43,0x00,0x18,0xe8,0x00,0x10,0xcc,0xe8,
    0x43,0x00,0x18,0xe9,0x00,0x10,0xcc,0xe9,0x43,0x00,0x18,0xea,0x00,0x10,0xcc,0xea,0x43,0x00,0x18,0xff,
    0xce,0x31,0x36,0xff,0x7f,0xff,0x7f,0xff,0xd0,0x45,0x36,0xff,0x7f,0xff,0x7f,0xff,0xd2,0x59,0x36,0xff,
    0x7f,0xff,0x7f,0xff,0xd4,0x6d,0x36,0xff,0x7f,0xff,0x7f,0xff,0x02,0x3a,0x7e,0x2e,0xb6,0x2e,0xb6,0xff,
    0x02,0x4e,0x7e,0x2e,0xb6,0x2e,0xb6,0xff,0x02,0x62,0x7e,0x2e,0xb6,0x2e,0xb6,0xff,0x02,0x76,0x7e,0x2e,
    0xb6,0x2e,0xb6,0x1d,0x40,0x0e,0xcc,0x18,0xff,0x75,0x1c,0x88,0x30,0x88,0x30,0x27,0x40,0x0e,0xcc,0x22,
    0xff,0x9d,0x1c,0x88,0x30,0x88,0x30,0x31,0x40,0x0e,0xcc,0x2c,0xff,0xc5,0x1c,0x88,0x30,0x88,0x30,0x3b,
    0x40,0x0e,0xcc,0x36,0xff,0xed,0x1c,0x88,0x30,0x88,0x30,0x1d,0x40,0x0e,0xcc,0x18,0x3b,0xfe,0x1b,0x33,
    0x1e,0x33,0x1e,0x27,0x40,0x0e,0xcc,0x22,0x4f,0xfe,0x1b,0x33,0x1e,0x33,0x1e,0x31,0x40,0x0e,0xcc,0x2c,
    0x63,0xfe,0x1b,0x33,0x1e,0x33,0x1e,0x3b,0x40,0x0e,0xcc,0x36,0x77,0xfe,0x1b,0x33,0x1e,0x33,0x1e,0x1d,
    0x00,0x10,0xcc,0x18,0x3b,0x02,0x18,0x27,0x00,0x10,0xcc,0x22,0x4f,0x02,0x18,0x31,0x00,0x10,0xcc,0x2c,
    0x63,0x02,0x18,0x3b,0x00,0x10,0xcc,0x36,0x77,0x02,0x18,0x1d,0x40,0x0e,0xcc,0x18,0x3b,0x62,0x1c,0x27,
    0x40,0x0e,0xcc,0x22,0x4f,0x8a,0x1c,0x31,0x40,0x0e,0xcc,0x2c,0x63,0xb2,0x1c,0x3b,0x40,0x0e,0xcc,0x36,
    0x77,0xda,0x1c,0x18,0x00,0x10,0xcc,0xff,0x30,0x02,0x18,0xc5,0x41,0xc5,0x41,0x22,0x00,0x10,0xcc,0xff,
    0x44,0x02,0x18,0xc5,0x41,0xc5,0x41,0x2c,0x00,0x10,0xcc,0xff,0x58,0x02,0x18,0xc5,0x41,0xc5,0x41,0x36,
    0x00,0x10,0xcc,0xff,0x6c,0x02,0x18,0xc5,0x41,0xc5,0x41,0x18,0xb1,0x30,0x7e,0x22,0xb1,0x44,0x7e,0x2c,
    0xb1,0x58,0x7e,0x36,0xb1,0x6c,0x7e,0x98,0xb1,0x30,0x7f,0xa2,0xb1,0x44,0x7f,0xac,0xb1,0x58,0x7f,0xb6,
    0xb1,0x6c,0x7f,0x18,0x00,0x0f,0xcc,0xf2,0x30,0x02,0x10,0x22,0x00,0x0f,0xcc,0xf2,0x44,0x02,0x10,0x2c,
    0x00,0x0f,0xcc,0xf2,0x58,0x02,0x10,0x36,0x00,0x0f,0xcc,0xf2,0x6c,0x02,0x10,0x18,0xa9,0x30,0x7e,0x22,
    0xa9,0x44,0x7e,0x2c,0xa9,0x58,0x7e,0x36,0xa9,0x6c,0x7e,0x98,0xa9,0x30,0x7f,0xa2,0xa9,0x44,0x7f,0xac,
    0xa9,0x58,0x7f,0xb6,0xa9,0x6c,0x7f,0x18,0x00,0x0e,0xcc,0x18,0xeb,0xc9,0x0b,0x22,0x00,0x0e,0xcc,0x22,
    0xeb,0xc9,0x0b,0x2c,0x00,0x0e,0xcc,0x2c,0xeb,0xc9,0x0b,0x36,0x00,0x0e,0xcc,0x36,0xeb,0xc9,0x0b,0x6a,
    0x01,0x04,0xd4,0xe7,0xff,0x01,0x00,0xc2,0x3b,0xc2,0x3b,0x1d,0x00,0x5d,0xd6,0x1d,0x31,0xaa,0x01,0x6a,
    0x01,0x04,0xd4,0xe8,0xff,0x01,0x00,0xc2,0x3b,0xc2,0x3b,0x27,0x00,0x5d,0xd6,0x27,0x45,0xaa,0x01,0x6a,
    0x01,0x04,0xd4,0xe9,0xff,0x01,0x00,0xc2,0x3b,0xc2,0x3b,0x31,0x00,0x5d,0xd6,0x31,0x59,0xaa,0x01,0x6a,
    0x01,0x04,0xd4,0xea,0xff,0x01,0x00,0xc2,0x3b,0xc2,0x3b,0x3b,0x00,0x5d,0xd6,0x3b,0x6d,0xaa,0x01,0x6a,
    0x19,0x04,0xd4,0xe7,0xff,0x01,0x00,0xc2,0x3b,0xc2,0x3b,0x1d,0x58,0x5d,0xd6,0x1d,0x31,0xaa,0x01,0x6a,
    0x19,0x04,0xd4,0xe8,0xff,0x01,0x00,0xc2,0x3b,0xc2,0x3b,0x27,0x58,0x5d,0xd6,0x27,0x45,0xaa,0x01,0x6a,
    0x19,0x04,0xd4,0xe9,0xff,0x01,0x00,0xc2,0x3b,0xc2,0x3b,0x31,0x58,0x5d,0xd6,0x31,0x59,0xaa,0x01,0x6a,
    0x19,0x04,0xd4,0xea,0xff,0x01,0x00,0xc2,0x3b,0xc2,0x3b,0x3b,0x58,0x5d,0xd6,0x3b,0x6d,0xaa,0x01,0xe7,
    0x00,0x12,0xd6,0xff,0x3a,0x9e,0x07,0xff,0x7f,0xff,0x7f,0xe8,0x00,0x12,0xd6,0xff,0x4e,0xa2,0x07,0xff,
    0x7f,0xff,0x7f,0xe9,0x00,0x12,0xd6,0xff,0x62,0xa6,0x07,0xff,0x7f,0xff,0x7f,0xea,0x00,0x12,0xd6,0xff,
    0x76,0xaa,0x07,0xff,0x7f,0xff,0x7f,0xe7,0x00,0x10,0xcc,0xe7,0x41,0x00,0x18,0xe8,0x00,0x10,0xcc,0xe8,
    0x41,0x00,0x18,0xe9,0x00,0x10,0xcc,0xe9,0x41,0x00,0x18,0xea,0x00,0x10,0xcc,0xea,0x41,0x00,0x18,0xeb,
    0x00,0x10,0xcc,0xeb,0x43,0x00,0x18,0xec,0x00,0x10,0xcc,0xec,0x43,0x00,0x18,0xed,0x00,0x10,0xcc,0xed,
    0x43,0x00,0x18,0xee,0x00,0x10,0xcc,0xee,0x43,0x00,0x18,0xff,0xd6,0x31,0x36,0xff,0x7f,0xff,0x7f,0xff,
    0xd8,0x45,0x36,0xff,0x7f,0xff,0x7f,0xff,0xda,0x59,0x36,0xff,0x7f,0xff,0x7f,0xff,0xdc,0x6d,0x36,0xff,
    0x7f,0xff,0x7f,0xff,0x02,0x3a,0x7e,0x2e,0xb6,0x2e,0xb6,0xff,0x02,0x4e,0x7e,0x2e,0xb6,0x2e,0xb6,0xff,
    0x02,0x62,0x7e,0x2e,0xb6,0x2e,0xb6,0xff,0x02,0x76,0x7e,0x2e,0xb6,0x2e,0xb6,0x1d,0x40,0x0e,0xcc,0x18,
    0xff,0x75,0x1c,0x88,0x30,0x88,0x30,0x27,0x40,0x0e,0xcc,0x22,0xff,0x9d,0x1c,0x88,0x30,0x88,0x30,0x31,
    0x40,0x0e,0xcc,0x2c,0xff,0xc5,0x1c,0x88,0x30,0x88,0x30,0x3b,0x40,0x0e,0xcc,0x36,0xff,0xed,0x1c,0x88,
    0x30,0x88,0x30,0x1d,0x40,0x0e,0xcc,0x18,0x3b,0xfe,0x1b,0x33,0x1e,0x33,0x1e,0x27,0x40,0x0e,0xcc,0x22,
    0x4f,0xfe,0x1b,0x33,0x1e,0x33,0x1e,0x31,0x40,0x0e,0xcc,0x2c,0x63,0xfe,0x1b,0x33,0x1e,0x33,0x1e,0x3b,
    0x40,0x0e,0xcc,0x36,0x77,0xfe,0x1b,0x33,0x1e,0x33,0x1e,0x1d,0x00,0x10,0xcc,0x18,0x3b,0x02,0x18,0x27,
    0x00,0x10,0xcc,0x22,0x4f,0x02,0x18,0x31,0x00,0x10,0xcc,0x2c,0x63,0x02,0x18,0x3b,0x00,0x10,0xcc,0x36,
    0x77,0x02,0x18,0x1d,0x40,0x0e,0xcc,0x18,0x3b,0x62,0x1c,0x27,0x40,0x0e,0xcc,0x22,0x4f,0x8a,0x1c,0x31,
    0x40,0x0e,0xcc,0x2c,0x63,0xb2,0x1c,0x3b,0x40,0x0e,0xcc,0x36,0x77,0xda,0x1c,0x18,0x00,0x10,0xcc,0xff,
    0x30,0x02,0x18,0xc5,0x41,0xc5,0x41,0x22,0x00,0x10,0xcc,0xff,0x44,0x02,0x18,0xc5,0x41,0xc5,0x41,0x2c,
    0x00,0x10,0xcc,0xff,0x58,0x02,0x18,0xc5,0x41,0xc5,0x41,0x36,0x00,0x10,0xcc,0xff,0x6c,0x02,0x18,0xc5,
    0x41,0xc5,0x41,0x18,0xb1,0x30,0x7e,0x22,0xb1,0x44,0x7e,0x2c,0xb1,0x58,0x7e,0x36,0xb1,0x6c,0x7e,0x98,
    0xb1,0x30,0x7f,0xa2,0xb1,0x44,0x7f,0xac,0xb1,0x58,0x7f,0xb6,0xb1,0x6c,0x7f,0x18,0x00,0x0f,0xcc,0xf2,
    0x30,0x02,0x10,0x22,0x00,0x0f,0xcc,0xf2,0x44,0x02,0x10,0x2c,0x00,0x0f,0xcc,0xf2,0x58,0x02,0x10,0x36,
    0x00,0x0f,0xcc,0xf2,0x6c,0x02,0x10,0x18,0xa9,0x30,0x7e,0x22,0xa9,0x44,0x7e,0x2c,0xa9,0x58,0x7e,0x36,
    0xa9,0x6c,0x7e,0x98,0xa9,0x30,0x7f,0xa2,0xa9,0x44,0x7f,0xac,0xa9,0x58,0x7f,0xb6,0xa9,0x6c,0x7f,0x18,
    0x00,0x0e,0xcc,0x18,0xeb,0xc9,0x0b,0x22,0x00,0x0e,0xcc,0x22,0xeb,0xc9,0x0b,0x2c,0x00,0x0e,0xcc,0x2c,
    0xeb,0xc9,0x0b,0x36,0x00,0x0e,0xcc,0x36,0xeb,0xc9,0x0b,0x6a,0x01,0x04,0xd4,0xeb,0xff,0x01,0x00,0xc2,
    0x3b,0xc2,0x3b,0x1d,0x00,0x5d,0xd6,0x1d,0x31,0xaa,0x01,0x6a,0x01,0x04,0xd4,0xec,0xff,0x01,0x00,0xc2,
    0x3b,0xc2,0x3b,0x27,0x00,0x5d,0xd6,0x27,0x45,0xaa,0x01,0x6a,0x01,0x04,0xd4,0xed,0xff,0x01,0x00,0xc2,
    0x3b,0xc2,0x3b,0x31,0x00,0x5d,0xd6,0x31,0x59,0xaa,0x01,0x6a,0x01,0x04,0xd4,0xee,0xff,0x01,0x00,0xc2,
    0x3b,0xc2,0x3b,0x3b,0x00,0x5d,0xd6,0x3b,0x6d,0xaa,0x01,0x6a,0x19,0x04,0xd4,0xeb,0xff,0x01,0x00,0xc2,
    0x3b,0xc2,0x3b,0x1d,0x58,0x5d,0xd6,0x1d,0x31,0xaa,0x01,0x6a,0x19,0x04,0xd4,0xec,0xff,0x01,0x00,0xc2,
    0x3b,0xc2,0x3b,0x27,0x58,0x5d,0xd6,0x27,0x45,0xaa,0x01,0x6a,0x19,0x04,0xd4,0xed,0xff,0x01,0x00,0xc2,
    0x3b,0xc2,0x3b,0x31,0x58,0x5d,0xd6,0x31,0x59,0xaa,0x01,0x6a,0x19,0x04,0xd4,0xee,0xff,0x01,0x00,0xc2,
    0x3b,0xc2,0x3b,0x3b,0x58,0x5d,0xd6,0x3b,0x6d,0xaa,0x01,0xeb,0x00,0x12,0xd6,0xff,0x3a,0xae,0x07,0xff,
    0x7f,0xff,0x7f,0xec,0x00,0x12,0xd6,0xff,0x4e,0xb2,0x07,0xff,0x7f,0xff,0x7f,0xed,0x00,0x12,0xd6,0xff,
    0x62,0xb6,0x07,0xff,0x7f,0xff,0x7f,0xee,0x00,0x12,0xd6,0xff,0x76,0xba,0x07,0xff,0x7f,0xff,0x7f,0xeb,
    0x00,0x10,0xcc,0xeb,0x41,0x00,0x18,0xec,0x00,0x10,0xcc,0xec,0x41,0x00,0x18,0xed,0x00,0x10,0xcc,0xed,
    0x41,0x00,0x18,0xee,0x00,0x10,0xcc,0xee,0x41,0x00,0x18,0x00,0x00,0x64,0xe0,0xf3,0xe7,0x91,0x80,0x00,
    0x00,0x64,0xe0,0xf4,0xeb,0x91,0x80,0x41,0x81,0xc1,0x80,0x80,0x47,0x47,0x98,0x44,0x43,0x44,0x80,0x45,
    0x80,0x45,0x82,0x00,0x00,0x94,0xe0,0xf3,0xe7,0x91,0x80,0x00,0x00,0x94,0xe0,0xf4,0xeb,0x91,0x80,0x41,
    0x81,0xc1,0x80,0x80,0x47,0x47,0x98,0x44,0x43,0x44,0x80,0x45,0x80,0x45,0x82,0x00,0x00,0x64,0xe0,0xf3,
    0xe8,0x91,0x80,0x00,0x00,0x64,0xe0,0xf4,0xec,0x91,0x80,0x41,0x81,0xc1,0x80,0x80,0x47,0x47,0x98,0x44,
    0x43,0x44,0x80,0x45,0x80,0x45,0x82,0x00,0x00,0x94,0xe0,0xf3,0xe8,0x91,0x80,0x00,0x00,0x94,0xe0,0xf4,
    0xec,0x91,0x80,0x41,0x81,0xc1,0x80,0x80,0x47,0x47,0x98,0x44,0x43,0x44,0x80,0x45,0x80,0x45,0x82,0x00,
    0x00,0x64,0xe0,0xf3,0xe9,0x91,0x80,0x00,0x00,0x64,0xe0,0xf4,0xed,0x91,0x80,0x41,0x81,0xc1,0x80,0x80,
    0x47,0x47,0x98,0x44,0x43,0x44,0x80,0x45,0x80,0x45,0x82,0x00,0x00,0x94,0xe0,0xf3,0xe9,0x91,0x80,0x00,
    0x00,0x94,0xe0,0xf4,0xed,0x91,0x80,0x41,0x81,0xc1,0x80,0x80,0x47,0x47,0x98,0x44,0x43,0x44,0x80,0x45,
    0x80,0x45,0x82,0x00,0x00,0x64,0xe0,0xf3,0xea,0x91,0x80,0x00,0x00,0x64,0xe0,0xf4,0xee,0x91,0x80,0x41,
    0x81,0xc1,0x80,0x80,0x47,0x47,0x98,0x44,0x43,0x44,0x80,0x45,0x80,0x45,0x82,0x00,0x00,0x94,0xe0,0xf3,
    0xea,0x91,0x80,0x00,0x00,0x94,0xe0,0xf4,0xee,0x91,0x80,0x41,0x81,0xc1,0x80,0x80,0x47,0x47,0x98,0x44,
    0x43,0x44,0x80,0x45,0x80,0x45,0x82,0xff,0x00,0xca,0xbe,0x30,0x58,0x00,0x00,0x4c,0x48,0x80,0xbe,0x00,
    0x00,0xb0,0xbf,0x00,0x00,0x9f,0xbf,0x00,0x00,0x9f,0xbf,0x00,0x00,0x9f,0xbf,0x00,0x00,0x9f,0xbf,0x00,
    0x00,0x9f,0xbf,0x00,0x00,0x9f,0xbf,0x00,0x00,0x9f,0xbf,0x00,0x00,0x9f,0xbf,0x00,0x00,0x9f,0xbf,0x00,
    0x00,0x9f,0xbf,0x00,0x00,0x9f,0xbf,0x00,0x00,0x9f,0xbf,0x00,0x00,0x9f,0xbf,0x00,0x00,0x9f,0xbf,0x00,
    0x00,0x9f,0xbf,0x00,0x00,0x9f,0xbf,0x00,0x00,0x9f,0xbf,0x00,0x00,0x9f,0xbf,0x00,0x00,0x9f,0xbf,0x00,
    0x00,0x9f,0xbf,0x00,0x00,0x9f,0xbf,0x00,0x00,0x9f,0xbf,0x00,0x00,0x9f,0xbf,0x00,0x00,0x9f,0xbf,0x00,
    0x00,0x9f,0xbf,0x00,0x00,0x9f,0xbf,0x00,0x00,0x9f,0xbf,0x00,0x00,0x9f,0xbf,0x00,0x00,0x9f,0xbf,0x00,
    0x00,0x9f,0xbf,0x00,0x00,0x9f,0xbf,0x00,0x00,0x9f,0xbf,0x00,0x00,0x9f,0xbf,0x00,0x00,0x9f,0xbf,0x00,
    0x00,0x9f,0xbf,0x00,0x00,0x9f,0xbf,0x00,0x00,0x9f,0xbf,0x00,0x00,0x9f,0xbf,0x00,0x00,0x9f,0xbf,0x00,
    0x00,0x9f,0xbf,0x00,0x00,0x9f,0xbf,0x00,0x00,0x9f,0xbf,0x00,0x00,0x9f,0xbf,0x00,0x00,0x9f,0xbf,0x00,
    0x00,0x9f,0xbf,0x00,0x00,0x9f,0xbf,0x00,0x00,0x9f,0xbf,0x00,0x00,0x9f,0xbf,0x00,0x00,0x9f,0xbf,0x00,
    0x00,0x9f,0xbf,0x00,0x00,0x9f,0xbf,0x00,0x00,0x9f,0xbf,0x00,0x00,0x9f,0xbf,0x00,0x00,0x9f,0xbf,0x00,
    0x00,0x9f,0xbf,0x00,0x00,0x9f,0xbf,0x00,0x00,0x9f,0xbf,0x00,0x00,0x9f,0xbf,0x00,0x00,0x9f,0xbf,0x00,
    0x00,0x9f,0xbf,0x00,0x00,0x9f,0xbf,0x00,0x00,0x9f,0xbf,0x00,0x00,0x9f,0xbf,0x00,0x00,0x9f,0xbf,0x00,
    0x00,0x9f,0xbf,0x00,0x00,0x9f,0xbf,0x00,0x00,0x9f,0xbf,0x00,0x00,0x9f,0xbf,0x00,0x00,0x9f,0xbf,0x00,
    0x00,0x9f,0xbf,0x00,0x00,0x9f,0xbf,0x00,0x00,0x9f,0xbf,0x00,0x00,0x9f,0xbf,0x00,0x00,0x9f,0xbf,0x00,
    0x00,0x9f,0xbf,0x00,0x00,0x9f,0xbf,0x00,0x00,0x9f,0xbf,0x00,0x00,0x9f,0xbf,0x00,0x00,0x9f,0xbf,0x00,
    0x00,0x9f,0xbf,0x00,0x00,0x9f,0xbf,0x00,0x00,0x9f,0xbf,0x00,0x00,0x9f,0xbf,0x00,0x00,0x9f,0xbf,0x00,
    0x00,0x9f,0xbf,0x00,0x00,0x9f,0xbf,0x00,0x00,0x9f,0xbf,0x00,0x00,0x9f,0xbf,0x00,0x00,0x9f,0xbf,0x00,
    0x00,0x9f,0xbf,0x00,0x00,0x9f,0xbf,0x00,0x00,0x9f,0xbf,0x00,0x00,0x9f,0xbf,0x00,0x00,0x9f,0xbf,0x00,
    0x00,0x9f,0xbf,0x00,0x00,0x9f,0xbf,0x00,0x00,0x9f,0xbf,0x00,0x00,0x9f,0xbf,0x00,0x00,0x9f,0xbf,0x00,
    0x00,0x9f,0xbf,0x00,0x00,0x9f,0xbf,0x00,0x00,0x9f,0xbf,0x00,0x00,0x9f,0xbf,0x00,0x00,0x9f,0xbf,0x00,
    0x00,0x9f,0xbf,0x00,0x00,0x9f,0xbf,0x00,0x00,0x9f,0xbf,0x00,0x00,0x9f,0xbf,0x00,0x00,0x9f,0xbf,0x00,
    0x00,0x9f,0xbf,0x00,0x00,0x9f,0xbf,0x00,0x00,0x9f,0xbf,0x00,0x00,0x9f,0xbf,0x00,0x00,0x9f,0xbf,0x00,
    0x00,0x9f,0xbf,0x00,0x00,0x9f,0xbf,0x00,0x00,0x9f,0xbf,0x00,0x00,0x9f,0xbf,0x00,0x00,0x9f,0xbf,0x00,
    0x00,0x9f,0xbf,0x00,0x00,0x9f,0xbf,0x00,0x00,0x9f,0xbf,0x00,0x00,0x9f,0xbf,0x00,0x00,0x9f,0xbf,0x00,
    0x00,0x9f,0xbf,0x00,0x00,0x9f,0xbf,0x00,0x00,0x9f,0xbf,0x00,0x00,0x9f,0xbf,0x00,0x00,0x9f,0xbf,0x00,
    0x00,0x9f,0xbf,0x00,0x00,0x9f,0xbf,0x00,0x00,0x9f,0xbf,0x00,0x00,0x9f,0xbf,0x00,0x00,0x9f,0xbf,0x00,
    0x00,0x9f,0xbf,0x00,0x00,0x9f,0xbf,0x00,0x00,0x9f,0xbf,0x00,0x00,0x9f,0xbf,0x00,0x00,0x9f,0xbf,0x00,
    0x00,0x9f,0xbf,0x00,0x00,0x9f,0xbf,0x00,0x00,0x9f,0xbf,0x00,0x00,0x9f,0xbf,0x00,0x00,0x9f,0xbf,0x00,
    0x00,0x9f,0xbf,0x00,0x00,0x9f,0xbf,0x00,0x00,0x9f,0xbf,0x00,0x00,0x9f,0xbf,0x00,0x00,0x9f,0xbf,0x00,
    0x00,0x9f,0xbf,0x00,0x00,0x9f,0xbf,0x00,0x00,0x9f,0xbf,0x00,0x00,0x9f,0xbf,0x00,0x00,0x9f,0xbf,0x00,
    0x00,0x9f,0xbf,0x00,0x00,0x9f,0xbf,0x00,0x00,0x9f,0xbf,0x00,0x00,0x9f,0xbf,0x00,0x00,0x9f,0xbf,0x00,
    0x00,0x9f,0xbf,0x00,0x00,0x9f,0xbf,0x00,0x00,0x9f,0xbf,0x00,0x00,0x9f,0xbf,0x00,0x00,0x9f,0xbf,0x00,
    0x00,0x9f,0xbf,0x00,0x00,0x9f,0xbf,0x00,0x00,0x9f,0xbf,0x00,0x00,0x9f,0xbf,0x00,0x00,0x9f,0xbf,0x00,
    0x00,0x9f,0xbf,0x00,0x00,0x9f,0xbf,0x00,0x00,0x9f,0xbf,0x00,0x00,0x9f,0xbf,0x00,0x00,0x9f,0xbf,0x00,
    0x00,0x9f,0xbf,0x00,0x00,0x9f,0xbf,0x00,0x00,0x9f,0xbf,0x00,0x00,0x9f,0xbf,0x00,0x00,0x9f,0xbf,0x00,
    0x00,0x9f,0xbf,0x00,0x00,0x9f,0xbf,0x00,0x00,0x9f,0xbf,0x00,0x00,0x9f,0xbf,0x00,0x00,0x9f,0xbf,0x00,
    0x00,0x9f,0xbf,0x00,0x00,0x9f,0xbf,0x00,0x00,0x9f,0xbf,0x00,0x00,0x9f,0xbf,0x00,0x00,0x9f,0xbf,0x00,
    0x00,0x9f,0xbf,0x00,0x00,0x9f,0xbf,0x00,0x00,0x9f,0xbf,0x00,0x00,0x9f,0xbf,0x00,0x00,0x9f,0xbf,0x00,
    0x00,0x9f,0xbf,0x00,0x00,0x9f,0xbf,0x00,0x00,0x9f,0xbf,0x00,0x00,0x9f,0xbf,0x00,0x00,0x9f,0xbf,0x00,
    0x00,0x9f,0xbf,0x00,0x00,0x9f,0xbf,0x00,0x00,0x9f,0xbf,0x00,0x00,0x9f,0xbf,0x00,0x00,0x9f,0xbf,0x00,
    0x00,0x9f,0xbf,0x00,0x00,0x9f,0xbf,0x00,0x00,0x9f,0xbf,0x00,0x00,0x9f,0xbf,0x00,0x00,0x9f,0xbf,0x00,
    0x00,0x9f,0xbf,0x00,0x00,0x9f,0xbf,0x00,0x00,0x9f,0xbf,0x00,0x00,0x9f,0xbf,0x00,0x00,0x9f,0xbf,0x00,
    0x00,0x9f,0xbf,0x00,0x00,0x9f,0xbf,0x00,0x00,0x9f,0xbf,0x00,0x00,0x9f,0xbf,0x00,0x00,0x9f,0xbf,0x00,
    0x00,0x9f,0xbf,0x00,0x00,0x9f,0xbf,0x00,0x00,0x9f,0xbf,0x00,0x00,0x9f,0xbf,0x00,0x00,0x9f,0xbf,0x00,
    0x00,0x9f,0xbf,0x00,0x00,0x9f,0xbf,0x00,0x00,0x9f,0xbf,0x00,0x00,0x9f,0xbf,0x00,0x00,0x9f,0xbf,0x00,
    0x00,0x9f,0xbf,0x00,0x00,0x9f,0xbf,0x00,0x00,0x9f,0xbf,0x00,0x00,0x9f,0xbf,0x00,0x00,0x9f,0xbf,0x00,
    0x00,0x9f,0xbf,0x00,0x00,0x9f,0xbf,0x00,0x00,0x9f,0xbf,0x00,0x00,0x9f,0xbf,0x00,0x00,0x9f,0xbf,0x00,
    0x00,0x9f,0xbf,0x00,0x00,0x9f,0xbf,0x00,0x00,0x9f,0xbf,0x00,0x00,0x9f,0xbf,0x00,0x00,0x9f,0xbf,0x00,
    0x00,0x9f,0xbf,0x00,0x00,0x9f,0xbf,0x00,0x00,0x9f,0xbf,0x00,0x00,0x9f,0xbf,0x00,0x00,0x9f,0xbf,0x00,
    0x00,0x9f,0xbf,0x00,0x00,0x9f,0xbf,0x00,0x00,0x9f,0xbf,0x00,0x00,0x9f,0xbf,0x00,0x00,0x9f,0xbf,0x00,
    0x00,0x9f,0xbf,0x00,0x00,0x9f,0xbf,0x00,0x00,0x9f,0xbf,0x00,0x00,0x9f,0xbf,0x00,0x00,0x9f,0xbf,0x00,
    0x00,0x9f,0xbf,0x00,0x00,0x9f,0xbf,0x00,0x00,0x9f,0xbf,0x00,0x00,0x9f,0xbf,0x00,0x00,0x9f,0xbf,0x00,
    0x00,0x9f,0xbf,0x00,0x00,0x9f,0xbf,0x00,0x00,0x9f,0xbf,0x00,0x00,0x9f,0xbf,0x00,0x00,0x9f,0xbf,0x00,
    0x00,0x9f,0xbf,0x00,0x00,0x9f,0xbf,0x00,0x00,0x9f,0xbf,0x00,0x00,0x9f,0xbf,0x00,0x00,0x9f,0xbf,0x00,
    0x00,0x9f,0xbf,0x00,0x00,0x9f,0xbf,0x00,0x00,0x9f,0xbf,0x00,0x00,0x9f,0xbf,0x00,0x00,0x9f,0xbf,0x00,
    0x00,0x9f,0xbf,0x00,0x00,0x9f,0xbf,0x00,0x00,0x9f,0xbf,0x00,0x00,0x9f,0xbf,0x00,0x00,0x9f,0xbf,0x00,
    0x00,0x9f,0xbf,0x00,0x00,0x9f,0xbf,0x00,0x00,0x9f,0xbf,0x00,0x00,0x9f,0xbf,0x00,0x00,0x9f,0xbf,0x00,
    0x00,0x9f,0xbf,0x00,0x00,0x9f,0xbf,0x00,0x00,0x9f,0xbf,0x00,0x00,0x9f,0xbf,0x00,0x00,0x9f,0xbf,0x00,
    0x00,0x9f,0xbf,0x00,0x00,0x9f,0xbf,0x00,0x00,0x9f,0xbf,0x00,0x00,0x9f,0xbf,0x00,0x00,0x9f,0xbf,0x00,
    0x00,0x9f,0xbf,0x00,0x00,0x9f,0xbf,0x00,0x00,0x9f,0xbf,0x00,0x00,0x9f,0xbf,0x00,0x00,0x9f,0xbf,0x00,
    0x00,0x9f,0xbf,0x00,0x00,0x9f,0xbf,0x00,0x00,0x9f,0xbf,0x00,0x00,0x9f,0xbf,0x00,0x00,0x9f,0xbf,0x00,
    0x00,0x9f,0xbf,0x00,0x00,0x9f,0xbf,0x00,0x00,0x9f,0xbf,0x00,0x00,0x9f,0xbf,0x00,0x00,0x9f,0xbf,0x00,
    0x00,0x9f,0xbf,0x00,0x00,0x9f,0xbf,0x00,0x00,0x9f,0xbf,0x00,0x00,0x9f,0xbf,0x00,0x00,0x9f,0xbf,0x00,
    0x00,0x9f,0xbf,0x00,0x00,0x9f,0xbf,0x00,0x00,0x9f,0xbf,0x00,0x00,0x9f,0xbf,0x00,0x00,0x9f,0xbf,0x00,
    0x00,0x9f,0xbf,0x00,0x00,0x9f,0xbf,0x00,0x00,0x9f,0xbf,0x00,0x00,0x9f,0xbf,0x00,0x00,0x9f,0xbf,0x00,
    0x00,0x9f,0xbf,0x00,0x00,0x9f,0xbf,0x00,0x00,0x9f,0xbf,0x00,0x00,0x9f,0xbf,0x00,0x00,0x9f,0xbf,0x00,
    0x00,0x9f,0xbf,0x00,0x00,0x9f,0xbf,0x00,0x00,0x9f,0xbf,0x00,0x00,0x9f,0xbf,0x00,0x00,0x9f,0xbf,0x00,
    0x00,0x9f,0xbf,0x00,0x00,0x9f,0xbf,0x00,0x00,0x9f,0xbf,0x00,0x00,0x9f,0xbf,0x00,0x00,0x9f,0xbf,0x00,
    0x00,0x9f,0xbf,0x00,0x00,0x9f,0xbf,0x00,0x00,0x9f,0xbf,0x00,0x00,0x9f,0xbf,0x00,0x00,0x9f,0xbf,0x00,
    0x00,0x9f,0xbf,0x00,0x00,0x9f,0xbf,0x00,0x00,0x9f,0xbf,0x00,0x00,0x9f,0xbf,0x00,0x00,0x9f,0xbf,0x00,
    0x00,0x9f,0xbf,0x00,0x00,0x9f,0xbf,0x00,0x00,0x9f,0xbf,0x00,0x00,0x9f,0xbf,0x00,0x00,0x9f,0xbf,0x00,
    0x00,0x9f,0xbf,0x00,0x00,0x9f,0xbf,0x00,0x00,0x9f,0xbf,0x00,0x00,0x9f,0xbf,0x00,0x00,0x9f,0xbf,0x00,
    0x00,0x9f,0xbf,0x00,0x00,0x9f,0xbf,0x00,0x00,0x9f,0xbf,0x00,0x00,0x9f,0xbf,0x00,0x00,0x9f,0xbf,0x00,
    0x00,0x9f,0xbf,0x00,0x00,0x9f,0xbf,0x00,0x00,0x9f,0xbf,0x00,0x00,0x9f,0xbf,0x00,0x00,0x9f,0xbf,0x00,
    0x00,0x9f,0xbf,0x00,0x00,0x9f,0xbf,0x00,0x00,0x9f,0xbf,0x00,0x00,0x9f,0xbf,0x00,0x00,0x9f,0xbf,0x00,
    0x00,0x9f,0xbf,0x00,0x00,0x9f,0xbf,0x00,0x00,0x9f,0xbf,0x00,0x00,0x9f,0xbf,0x00,0x00,0x9f,0xbf,0x00,
    0x00,0x9f,0xbf,0x00,0x00,0x9f,0xbf,0x00,0x00,0x9f,0xbf,0x00,0x00,0x9f,0xbf,0x00,0x00,0x9f,0xbf,0x00,
    0x00,0x9f,0xbf,0x00,0x00,0x9f,0xbf,0x00,0x00,0x9f,0xbf,0x00,0x00,0x9f,0xbf,0x00,0x00,0x9f,0xbf,0x00,
    0x00,0x9f,0xbf,0x00,0x00,0x9f,0xbf,0x00,0x00,0x9f,0xbf,0x00,0x00,0x9f,0xbf,0x00,0x00,0x9f,0xbf,0x00,
    0x00,0x9f,0xbf,0x00,0x00,0x9f,0xbf,0x00,0x00,0x9f,0xbf,0x00,0x00,0x9f,0xbf,0x00,0x00,0x9f,0xbf,0x00,
    0x00,0x9f,0xbf,0x00,0x00,0x9f,0xbf,0x00,0x00,0x9f,0xbf,0x00,0x00,0x9f,0xbf,0x00,0x00,0x9f,0xbf,0x00,
    0x00,0x9f,0xbf,0x00,0x00,0x9f,0xbf,0x00,0x00,0x9f,0xbf,0x00,0x00,0x9f,0xbf,0x00,0x00,0x9f,0xbf,0x00,
    0x00,0x9f,0xbf,0x00,0x00,0x9f,0xbf,0x00,0x00,0x9f,0xbf,0x00,0x00,0x9f,0xbf,0x00,0x00,0x9f,0xbf,0x00,
    0x00,0x9f,0xbf,0x00,0x00,0x9f,0xbf,0x00,0x00,0x9f,0xbf,0x00,0x00,0x9f,0xbf,0x00,0x00,0x9f,0xbf,0x00,
    0x00,0x9f,0xbf,0x00,0x00,0x9f,0xbf,0x00,0x00,0x9f,0xbf,0x00,0x00,0x9f,0xbf,0x00,0x00,0x9f,0xbf,0x00,
    0x00,0x9f,0xbf,0x00,0x00,0x9f,0xbf,0x00,0x00,0x9f,0xbf,0x00,0x00,0x9f,0xbf,0x00,0x00,0x9f,0xbf,0x00,
    0x00,0x9f,0xbf,0x00,0x00,0x9f,0xbf,0x00,0x00,0x9f,0xbf,0x00,0x00,0x9f,0xbf,0x00,0x00,0x9f,0xbf,0x00,
    0x00,0x9f,0xbf,0x00,0x00,0x9f,0xbf,0x00,0x00,0x9f,0xbf,0x00,0x00,0x9f,0xbf,0x00,0x00,0x9f,0xbf,0x00,
    0x00,0x9f,0xbf,0x00,0x00,0x9f,0xbf,0x00,0x00,0x9f,0xbf,0x00,0x00,0x9f,0xbf,0x00,0x00,0x9f,0xbf,0x00,
    0x00,0x9f,0xbf,0x00,0x00,0x9f,0xbf,0x00,0x00,0x9f,0xbf,0x00,0x00,0x9f,0xbf,0x00,0x00,0x9f,0xbf,0x00,
    0x00,0x9f,0xbf,0x00,0x00,0x9f,0xbf,0x00,0x00,0x9f,0xbf,0x00,0x00,0x9f,0xbf,0x00,0x00,0x9f,0xbf,0x00,
    0x00,0x9f,0xbf,0x00,0x00,0x9f,0xbf,0x00,0x00,0x9f,0xbf,0x00,0x00,0x9f,0xbf,0x00,0x00,0x9f,0xbf,0x00,
    0x00,0x9f,0xbf,0x00,0x00,0x9f,0xbf,0x00,0x00,0x9f,0xbf,0x00,0x00,0x9f,0xbf,0x00,0x00,0x9f,0xbf,0x00,
    0x00,0x9f,0xbf,0x00,0x00,0x9f,0xbf,0x00,0x00,0x9f,0xbf,0x00,0x00,0x9f,0xbf,0x00,0x00,0x9f,0xbf,0x00,
    0x00,0x9f,0xbf,0x00,0x00,0x9f,0xbf,0x00,0x00,0x9f,0xbf,0x00,0x00,0x9f,0xbf,0x00,0x00,0x9f,0xbf,0x00,
    0x00,0x9f,0xbf,0x00,0x00,0x9f,0xbf,0x00,0x00,0x9f,0xbf,0x00,0x00,0x9f,0xbf,0x00,0x00,0x9f,0xbf,0x00,
    0x00,0x9f,0xbf,0x00,0x00,0x9f,0xbf,0x00,0x00,0x9f,0xbf,0x00,0x00,0x9f,0xbf,0x00,0x00,0x9f,0xbf,0x00,
    0x00,0x9f,0xbf,0x00,0x00,0x9f,0xbf,0x00,0x00,0x9f,0xbf,0x00,0x00,0x9f,0xbf,0x00,0x00,0x9f,0xbf,0x00,
    0x00,0x9f,0xbf,0x00,0x00,0x9f,0xbf,0x00,0x00,0x9f,0xbf,0x00,0x00,0x9f,0xbf,0x00,0x00,0x9f,0xbf,0x00,
    0x00,0x9f,0xbf,0x00,0x00,0x9f,0xbf,0x00,0x00,0x9f,0xbf,0x00,0x00,0x9f,0xbf,0x00,0x00,0x9f,0xbf,0x00,
    0x00,0x9f,0xbf,0x00,0x00,0x9f,0xbf,0x00,0x00,0x9f,0xbf,0x00,0x00,0x9f,0xbf,0x00,0x00,0x9f,0xbf,0x00,
    0x00,0x9f,0xbf,0x00,0x00,0x9f,0xbf,0x00,0x00,0x9f,0xbf,0x00,0x00,0x9f,0xbf,0x00,0x00,0x9f,0xbf,0x00,
    0x00,0x9f,0xbf,0x00,0x00,0x9f,0xbf,0x00,0x00,0x9f,0xbf,0x00,0x00,0x9f,0xbf,0x00,0x00,0x9f,0xbf,0x00,
    0x00,0x9f,0xbf,0x00,0x00,0x9f,0xbf,0x00,0x00,0x9f,0xbf,0x00,0x00,0x9f,0xbf,0x00,0x00,0x9f,0xbf,0x00,
    0x00,0x9f,0xbf,0x00,0x00,0x9f,0xbf,0x00,0x00,0x9f,0xbf,0x00,0x00,0x9f,0xbf,0x00,0x00,0x9f,0xbf,0x00,
    0x00,0x9f,0xbf,0x00,0x00,0x9f,0xbf,0x00,0x00,0x9f,0xbf,0x00,0x00,0x9f,0xbf,0x00,0x00,0x9f,0xbf,0x00,
    0x00,0x9f,0xbf,0x00,0x00,0x9f,0xbf,0x00,0x00,0x9f,0xbf,0x00,0x00,0x9f,0xbf,0x00,0x00,0x9f,0xbf,0x00,
    0x00,0x9f,0xbf,0x00,0x00,0x9f,0xbf,0x00,0x00,0x9f,0xbf,0x00,0x00,0x9f,0xbf,0x00,0x00,0x9f,0xbf,0x00,
    0x00,0x9f,0xbf,0x00,0x5f,0x61,0x6d,0x64,0x67,0x70,0x75,0x5f,0x63,0x73,0x5f,0x6d,0x61,0x69,0x6e,0x00,
    0x00,0x00,0x00,0x00,0x00,0x00,0x00,0x00,0x00,0x00,0x00,0x00,0x00,0x00,0x00,0x00,0x00,0x00,0x00,0x00,
    0x00,0x00,0x00,0x00,0x01,0x00,0x00,0x00,0x02,0x00,0x02,0x00,0x00,0x00,0x00,0x00,0x00,0x00,0x00,0x00,
    0x00,0x6e,0x00,0x00,0x00,0x00,0x00,0x00,0x07,0x00,0x00,0x00,0x80,0x03,0x00,0x00,0x20,0x00,0x00,0x00,
    0x41,0x4d,0x44,0x47,0x50,0x55,0x00,0x00,0x82,0xae,0x61,0x6d,0x64,0x70,0x61,0x6c,0x2e,0x76,0x65,0x72,
    0x73,0x69,0x6f,0x6e,0x92,0x03,0x02,0xb0,0x61,0x6d,0x64,0x70,0x61,0x6c,0x2e,0x70,0x69,0x70,0x65,0x6c,
    0x69,0x6e,0x65,0x73,0x91,0x8a,0xa5,0x2e,0x6e,0x61,0x6d,0x65,0xa4,0x6d,0x61,0x69,0x6e,0xa5,0x2e,0x74,
    0x79,0x70,0x65,0xa2,0x43,0x73,0xb7,0x2e,0x69,0x6e,0x74,0x65,0x72,0x6e,0x61,0x6c,0x5f,0x70,0x69,0x70,
    0x65,0x6c,0x69,0x6e,0x65,0x5f,0x68,0x61,0x73,0x68,0x92,0xcf,0xac,0x3a,0xfd,0xda,0x1e,0x8f,0x63,0xd1,
    0xcf,0xac,0x3a,0xfd,0xda,0x1e,0x8f,0x63,0xd1,0xa8,0x2e,0x73,0x68,0x61,0x64,0x65,0x72,0x73,0x81,0xa8,
    0x2e,0x63,0x6f,0x6d,0x70,0x75,0x74,0x65,0x82,0xb0,0x2e,0x61,0x70,0x69,0x5f,0x73,0x68,0x61,0x64,0x65,
    0x72,0x5f,0x68,0x61,0x73,0x68,0x92,0xcf,0x33,0x1c,0x64,0x4e,0x86,0x49,0x35,0x0c,0xcf,0x2d,0x93,0x07,
    0x9f,0x2a,0x73,0xc8,0xd6,0xb1,0x2e,0x68,0x61,0x72,0x64,0x77,0x61,0x72,0x65,0x5f,0x6d,0x61,0x70,0x70,
    0x69,0x6e,0x67,0x91,0xa3,0x2e,0x63,0x73,0xb0,0x2e,0x68,0x61,0x72,0x64,0x77,0x61,0x72,0x65,0x5f,0x73,
    0x74,0x61,0x67,0x65,0x73,0x81,0xa3,0x2e,0x63,0x73,0xde,0x00,0x11,0xac,0x2e,0x65,0x6e,0x74,0x72,0x79,
    0x5f,0x70,0x6f,0x69,0x6e,0x74,0xaf,0x5f,0x61,0x6d,0x64,0x67,0x70,0x75,0x5f,0x63,0x73,0x5f,0x6d,0x61,
    0x69,0x6e,0xa9,0x2e,0x6c,0x64,0x73,0x5f,0x73,0x69,0x7a,0x65,0xce,0x00,0x01,0x00,0x00,0xab,0x2e,0x73,
    0x67,0x70,0x72,0x5f,0x63,0x6f,0x75,0x6e,0x74,0x58,0xab,0x2e,0x76,0x67,0x70,0x72,0x5f,0x63,0x6f,0x75,
    0x6e,0x74,0xcc,0xf8,0xb7,0x2e,0x74,0x68,0x72,0x65,0x61,0x64,0x67,0x72,0x6f,0x75,0x70,0x5f,0x64,0x69,
    0x6d,0x65,0x6e,0x73,0x69,0x6f,0x6e,0x73,0x93,0xcd,0x01,0x80,0x01,0x01,0xaf,0x2e,0x77,0x61,0x76,0x65,
    0x66,0x72,0x6f,0x6e,0x74,0x5f,0x73,0x69,0x7a,0x65,0x40,0xab,0x2e,0x66,0x6c,0x6f,0x61,0x74,0x5f,0x6d,
    0x6f,0x64,0x65,0x00,0xaa,0x2e,0x69,0x65,0x65,0x65,0x5f,0x6d,0x6f,0x64,0x65,0xc2,0xae,0x2e,0x66,0x70,
    0x31,0x36,0x5f,0x6f,0x76,0x65,0x72,0x66,0x6c,0x6f,0x77,0xc2,0xa9,0x2e,0x77,0x67,0x70,0x5f,0x6d,0x6f,
    0x64,0x65,0xc2,0xac,0x2e,0x6d,0x65,0x6d,0x5f,0x6f,0x72,0x64,0x65,0x72,0x65,0x64,0xc2,0xb1,0x2e,0x66,
    0x6f,0x72,0x77,0x61,0x72,0x64,0x5f,0x70,0x72,0x6f,0x67,0x72,0x65,0x73,0x73,0xc2,0xaf,0x2e,0x77,0x67,
    0x5f,0x72,0x6f,0x75,0x6e,0x64,0x5f,0x72,0x6f,0x62,0x69,0x6e,0xc2,0xab,0x2e,0x73,0x63,0x72,0x61,0x74,
    0x63,0x68,0x5f,0x65,0x6e,0xc2,0xad,0x2e,0x74,0x72,0x61,0x70,0x5f,0x70,0x72,0x65,0x73,0x65,0x6e,0x74,
    0xc2,0xab,0x2e,0x75,0x73,0x65,0x72,0x5f,0x73,0x67,0x70,0x72,0x73,0x04,0xb2,0x2e,0x75,0x73,0x65,0x72,
    0x5f,0x64,0x61,0x74,0x61,0x5f,0x72,0x65,0x67,0x5f,0x6d,0x61,0x70,0xdc,0x00,0x20,0xce,0xff,0xff,0xff,
    0xff,0xce,0xff,0xff,0xff,0xff,0x00,0x01,0xce,0xff,0xff,0xff,0xff,0xce,0xff,0xff,0xff,0xff,0xce,0xff,
    0xff,0xff,0xff,0xce,0xff,0xff,0xff,0xff,0xce,0xff,0xff,0xff,0xff,0xce,0xff,0xff,0xff,0xff,0xce,0xff,
    0xff,0xff,0xff,0xce,0xff,0xff,0xff,0xff,0xce,0xff,0xff,0xff,0xff,0xce,0xff,0xff,0xff,0xff,0xce,0xff,
    0xff,0xff,0xff,0xce,0xff,0xff,0xff,0xff,0xce,0xff,0xff,0xff,0xff,0xce,0xff,0xff,0xff,0xff,0xce,0xff,
    0xff,0xff,0xff,0xce,0xff,0xff,0xff,0xff,0xce,0xff,0xff,0xff,0xff,0xce,0xff,0xff,0xff,0xff,0xce,0xff,
    0xff,0xff,0xff,0xce,0xff,0xff,0xff,0xff,0xce,0xff,0xff,0xff,0xff,0xce,0xff,0xff,0xff,0xff,0xce,0xff,
    0xff,0xff,0xff,0xce,0xff,0xff,0xff,0xff,0xce,0xff,0xff,0xff,0xff,0xce,0xff,0xff,0xff,0xff,0xce,0xff,
    0xff,0xff,0xff,0xce,0xff,0xff,0xff,0xff,0xb2,0x2e,0x63,0x6f,0x6d,0x70,0x75,0x74,0x65,0x5f,0x72,0x65,
    0x67,0x69,0x73,0x74,0x65,0x72,0x73,0x85,0xaa,0x2e,0x74,0x67,0x69,0x64,0x5f,0x78,0x5f,0x65,0x6e,0xc3,
    0xaa,0x2e,0x74,0x67,0x69,0x64,0x5f,0x79,0x5f,0x65,0x6e,0xc2,0xaa,0x2e,0x74,0x67,0x69,0x64,0x5f,0x7a,
    0x5f,0x65,0x6e,0xc2,0xab,0x2e,0x74,0x67,0x5f,0x73,0x69,0x7a,0x65,0x5f,0x65,0x6e,0xc2,0xaf,0x2e,0x74,
    0x69,0x64,0x69,0x67,0x5f,0x63,0x6f,0x6d,0x70,0x5f,0x63,0x6e,0x74,0x01,0xaa,0x2e,0x72,0x65,0x67,0x69,
    0x73,0x74,0x65,0x72,0x73,0x8f,0xcd,0x2e,0x18,0x00,0xcd,0x2e,0x15,0x00,0xcd,0x2e,0x16,0xce,0xff,0xff,
    0xff,0xff,0xcd,0x2e,0x17,0xce,0xff,0xff,0xff,0xff,0xcd,0x2e,0x19,0xce,0xff,0xff,0xff,0xff,0xcd,0x2e,
    0x1a,0xce,0xff,0xff,0xff,0xff,0xcd,0x2e,0x12,0xcd,0x02,0xbd,0xcd,0x2e,0x13,0xce,0x00,0x40,0x08,0x88,
    0xcd,0x2e,0x28,0x00,0xcd,0x2e,0x2a,0xce,0xa2,0x85,0x12,0xb2,0xcd,0x2e,0x07,0xce,0x01,0x80,0x01,0x80,
    0xcd,0x2e,0x08,0xce,0x00,0x01,0x00,0x01,0xcd,0x2e,0x09,0xce,0x00,0x01,0x00,0x01,0xcd,0x2e,0x42,0x00,
    0xcd,0x2e,0x43,0x01,0xb0,0x2e,0x75,0x73,0x65,0x72,0x5f,0x64,0x61,0x74,0x61,0x5f,0x6c,0x69,0x6d,0x69,
    0x74,0x04,0xb0,0x2e,0x73,0x70,0x69,0x6c,0x6c,0x5f,0x74,0x68,0x72,0x65,0x73,0x68,0x6f,0x6c,0x64,0xcd,
    0xff,0xff,0xb0,0x2e,0x73,0x68,0x69,0x73,0x61,0x5f,0x69,0x6e,0x74,0x65,0x72,0x66,0x61,0x63,0x65,0xa4,
    0x62,0x61,0x73,0x65,0x00,0x00,0x00,0x00,0x00,0x00,0x00,0x00,0x00,0x00,0x00,0x00,0x00,0x00,0x00,0x00,
    0x00,0x00,0x00,0x00,0x00,0x00,0x00,0x00,0x00,0x00,0x00,0x00,0x00,0x00,0x00,0x00,0x00,0x00,0x00,0x00,
    0x00,0x00,0x00,0x00,0x00,0x00,0x00,0x00,0x00,0x00,0x00,0x00,0x00,0x00,0x00,0x00,0x00,0x00,0x00,0x00,
    0x00,0x00,0x00,0x00,0x00,0x00,0x00,0x00,0x01,0x00,0x00,0x00,0x03,0x00,0x00,0x00,0x00,0x00,0x00,0x00,
    0x00,0x00,0x00,0x00,0x00,0x00,0x00,0x00,0x00,0x00,0x00,0x00,0x40,0x00,0x00,0x00,0x00,0x00,0x00,0x00,
    0x27,0x00,0x00,0x00,0x00,0x00,0x00,0x00,0x00,0x00,0x00,0x00,0x00,0x00,0x00,0x00,0x00,0x00,0x00,0x00,
    0x00,0x00,0x00,0x00,0x00,0x00,0x00,0x00,0x00,0x00,0x00,0x00,0x0b,0x00,0x00,0x00,0x01,0x00,0x00,0x00,
    0x06,0x00,0x00,0x00,0x00,0x00,0x00,0x00,0x00,0x00,0x00,0x00,0x00,0x00,0x00,0x00,0x67,0x00,0x00,0x00,
    0x00,0x00,0x00,0x00,0x00,0x6e,0x00,0x00,0x00,0x00,0x00,0x00,0x00,0x00,0x00,0x00,0x00,0x00,0x00,0x00,
    0x00,0x01,0x00,0x00,0x00,0x00,0x00,0x00,0x00,0x00,0x00,0x00,0x00,0x00,0x00,0x00,0x11,0x00,0x00,0x00,
    0x03,0x00,0x00,0x00,0x00,0x00,0x00,0x00,0x00,0x00,0x00,0x00,0x00,0x00,0x00,0x00,0x00,0x00,0x00,0x00,
    0x67,0x6e,0x00,0x00,0x00,0x00,0x00,0x00,0x11,0x00,0x00,0x00,0x00,0x00,0x00,0x00,0x00,0x00,0x00,0x00,
    0x00,0x00,0x00,0x00,0x00,0x00,0x00,0x00,0x00,0x00,0x00,0x00,0x00,0x00,0x00,0x00,0x00,0x00,0x00,0x00,
    0x19,0x00,0x00,0x00,0x02,0x00,0x00,0x00,0x00,0x00,0x00,0x00,0x00,0x00,0x00,0x00,0x00,0x00,0x00,0x00,
    0x00,0x00,0x00,0x00,0x78,0x6e,0x00,0x00,0x00,0x00,0x00,0x00,0x30,0x00,0x00,0x00,0x00,0x00,0x00,0x00,
    0x03,0x00,0x00,0x00,0x00,0x00,0x00,0x00,0x00,0x00,0x00,0x00,0x00,0x00,0x00,0x00,0x18,0x00,0x00,0x00,
    0x00,0x00,0x00,0x00,0x21,0x00,0x00,0x00,0x07,0x00,0x00,0x00,0x00,0x00,0x00,0x00,0x00,0x00,0x00,0x00,
    0x00,0x00,0x00,0x00,0x00,0x00,0x00,0x00,0xa8,0x6e,0x00,0x00,0x00,0x00,0x00,0x00,0x94,0x03,0x00,0x00,
    0x00,0x00,0x00,0x00,0x00,0x00,0x00,0x00,0x00,0x00,0x00,0x00,0x00,0x00,0x00,0x00,0x00,0x00,0x00,0x00,
    0x00,0x00,0x00,0x00,0x00,0x00,0x00,0x00,
    },
    .m_kernelName = {},
    .m_compilerVersion = {},
    .m_codeObjectVersion = 0,
    .m_isRelocatable = true,
    .m_shaderType = ShaderTypesFlags::UNKNOWN
};

// 3_1_0/NAVI31_fp16_fp16acc_f2x3_c32_stride1.elf
// Assembled for Gfx11. The FURY Winograd convolution shader Navi31/Navi32/StrixHalo/GorgonHalo 32bit internal accum granularity
const StaticShaderType<33212> ConvFury_Navi31_F2x3_C32_Stride1_Elf =
{
    .m_binary = {
    0x7f,0x45,0x4c,0x46,0x02,0x01,0x01,0x41,0x00,0x00,0x00,0x00,0x00,0x00,0x00,0x00,0x01,0x00,0xe0,0x00,
    0x01,0x00,0x00,0x00,0x00,0x00,0x00,0x00,0x00,0x00,0x00,0x00,0x00,0x00,0x00,0x00,0x00,0x00,0x00,0x00,
    0x3c,0x80,0x00,0x00,0x00,0x00,0x00,0x00,0x41,0x00,0x00,0x00,0x40,0x00,0x00,0x00,0x00,0x00,0x40,0x00,
    0x06,0x00,0x01,0x00,0x00,0x2e,0x73,0x68,0x73,0x74,0x72,0x74,0x61,0x62,0x00,0x2e,0x74,0x65,0x78,0x74,
    0x00,0x2e,0x73,0x74,0x72,0x74,0x61,0x62,0x00,0x2e,0x73,0x79,0x6d,0x74,0x61,0x62,0x00,0x2e,0x6e,0x6f,
    0x74,0x65,0x00,0x06,0x20,0x80,0xb0,0x03,0x00,0x84,0xbf,0x87,0x00,0x02,0x30,0x00,0x47,0x88,0xbe,0xff,
    0x00,0x8a,0xbe,0xe8,0x73,0x00,0x00,0xff,0x00,0x8b,0xbe,0x00,0x40,0x01,0x31,0x00,0x00,0x50,0xe0,0x01,
    0x02,0x42,0x80,0xf7,0x03,0x89,0xbf,0x00,0x47,0x86,0xbe,0x01,0x02,0x10,0xf4,0x00,0x00,0x00,0xf8,0x01,
    0x06,0x10,0xf4,0x40,0x00,0x00,0xf8,0x01,0x0a,0x10,0xf4,0x80,0x00,0x00,0xf8,0x01,0x0e,0x0c,0xf4,0xc0,
    0x00,0x00,0xf8,0x01,0x10,0x04,0xf4,0xe0,0x00,0x00,0xf8,0xff,0x00,0x10,0x36,0xff,0x00,0x00,0x00,0x81,
    0x10,0x12,0x32,0x81,0x00,0x14,0x36,0x05,0x00,0x25,0xd5,0x09,0x41,0x01,0x00,0x06,0x00,0x12,0xd6,0x9f,
    0x10,0x26,0x04,0x04,0x00,0x10,0xd6,0x08,0x0b,0x05,0x02,0x06,0x00,0x12,0xd6,0xff,0x0c,0x16,0x04,0xbf,
    0x00,0x00,0x00,0x9f,0x10,0x04,0x36,0x85,0x0c,0x0c,0x32,0x86,0x10,0x0e,0x32,0x84,0x04,0x04,0x30,0x9f,
    0x12,0x06,0x36,0x02,0x00,0x0b,0xd6,0x04,0xff,0x09,0x04,0x00,0x09,0x00,0x00,0x84,0x06,0x06,0x30,0x83,
    0x0c,0x0a,0x3a,0x03,0x00,0x59,0xd6,0xff,0x0e,0x0e,0x04,0x80,0x04,0x00,0x00,0x01,0x00,0x0b,0xd6,0x05,
    0xff,0x09,0x04,0x40,0x02,0x00,0x00,0x03,0x00,0x59,0xd6,0xff,0x14,0x0e,0x04,0x40,0x12,0x00,0x00,0x02,
    0x00,0x0b,0xd6,0x06,0xff,0x09,0x04,0x40,0x02,0x00,0x00,0x07,0xfc,0x89,0xbf,0x0e,0x86,0x0d,0xbf,0x0e,
    0x00,0xa1,0xbf,0x08,0x04,0x04,0xf4,0x00,0x00,0x00,0xf8,0x0a,0x05,0x04,0xf4,0x00,0x00,0x00,0xf8,0x89,
    0x04,0x04,0xf4,0x00,0x00,0x00,0xf8,0x80,0x3c,0x10,0xbf,0x02,0x00,0xa2,0xbf,0x1e,0x0f,0x04,0xf4,0x00,
    0x00,0x00,0xf8,0x80,0x1e,0x10,0xbf,0x02,0x00,0xa2,0xbf,0x8f,0x07,0x04,0xf4,0x00,0x00,0x00,0xf8,0x41,
    0x02,0x80,0xb9,0x00,0x00,0x00,0x00,0x0e,0x83,0x0d,0xbf,0x02,0x00,0xa1,0xbf,0x0f,0x00,0x92,0xbf,0x00,
    0x00,0x91,0xbf,0x0d,0xff,0x06,0xbf,0x60,0x00,0x00,0x00,0x0f,0x00,0xa1,0xbf,0x04,0xff,0x01,0x96,0xab,
    0x00,0x00,0x00,0x01,0x8a,0x01,0x85,0x01,0x86,0x05,0x96,0x04,0x05,0x85,0x80,0x01,0xff,0x16,0x93,0x00,
    0x00,0x02,0x00,0x01,0xff,0x0f,0x93,0x02,0x00,0x01,0x00,0x01,0xff,0x17,0x93,0x03,0x00,0x01,0x00,0x05,
    0x00,0x84,0xbe,0x04,0x0f,0x04,0x87,0x04,0x16,0x84,0x87,0x04,0x17,0x04,0x87,0x07,0xfc,0x89,0xbf,0x10,
    0x22,0x10,0x80,0x11,0x23,0x11,0x82,0x14,0x26,0x14,0x80,0x15,0x27,0x15,0x82,0x12,0x24,0x12,0x80,0x13,
    0x25,0x13,0x82,0x80,0x1e,0x10,0xbf,0x80,0x28,0xa8,0x98,0x1e,0x28,0x1e,0x80,0x1f,0x29,0x1f,0x82,0x0c,
    0x8f,0x0f,0x80,0x0f,0x84,0x0f,0x85,0x0f,0x0c,0x08,0x7e,0x04,0x55,0x08,0x7e,0xff,0x08,0x08,0x10,0x00,
    0x00,0x80,0x47,0x04,0x1b,0x08,0x7e,0x05,0x00,0x0b,0xd6,0x04,0x1b,0x34,0x00,0x90,0x0a,0x0a,0x32,0x05,
    0x0d,0x08,0x7e,0x04,0x55,0x08,0x7e,0xff,0x08,0x08,0x10,0x00,0x00,0x80,0x47,0x04,0x1b,0x08,0x7e,0x06,
    0x00,0x0b,0xd6,0x04,0x09,0x10,0x00,0x90,0x0c,0x0c,0x32,0x05,0x05,0x02,0x7e,0x06,0x05,0x2c,0x7e,0x16,
    0x01,0x05,0x96,0x04,0x05,0x85,0x80,0x16,0x0f,0x09,0xbf,0x79,0x1c,0xa2,0xbf,0x01,0x0f,0x0d,0x96,0x16,
    0x90,0x17,0x96,0x0c,0x17,0x8c,0x80,0x0c,0x90,0x8c,0x89,0x17,0x2e,0x22,0x96,0x17,0x2e,0xa3,0x96,0x22,
    0x81,0xa2,0x84,0x22,0x12,0x12,0x80,0x23,0x13,0x13,0x82,0x17,0x80,0x23,0x85,0x23,0x33,0x22,0x96,0x23,
    0x33,0xa3,0x96,0x22,0x81,0xa2,0x84,0x22,0x14,0x14,0x80,0x23,0x15,0x15,0x82,0x17,0x81,0x22,0x84,0x1e,
    0x80,0x10,0xbf,0x80,0x22,0x22,0x98,0x1e,0x22,0x1e,0x80,0x1f,0x80,0x1f,0x82,0x6a,0x00,0x49,0xd4,0x00,
    0xff,0x01,0x00,0x00,0x01,0x00,0x00,0x5c,0x0e,0xa3,0xbf,0xff,0x00,0x28,0x36,0xff,0x00,0x00,0x00,0x81,
    0x28,0x2a,0x32,0x11,0x00,0x10,0xd6,0x14,0x07,0x05,0x02,0x10,0x00,0x10,0xd6,0x14,0x05,0x05,0x02,0x11,
    0x00,0x59,0xd6,0x11,0x21,0x01,0x02,0x0e,0x00,0x59,0xd6,0x10,0xff,0x45,0x04,0x40,0x12,0x00,0x00,0x10,
    0x00,0x10,0xd6,0x14,0x01,0x09,0x02,0x0e,0x00,0x59,0xd6,0x10,0xff,0x39,0x04,0x90,0x00,0x00,0x00,0x11,
    0x00,0x10,0xd6,0x14,0x09,0x09,0x02,0x0e,0x00,0x59,0xd6,0x11,0x41,0x39,0x04,0x10,0x00,0x10,0xd6,0x14,
    0x0d,0x05,0x02,0x0e,0x00,0x59,0xd6,0x10,0xff,0x39,0x04,0x80,0x04,0x00,0x00,0x10,0x00,0x10,0xd6,0x14,
    0x0f,0x05,0x02,0x0e,0x00,0x59,0xd6,0x10,0xff,0x39,0x04,0x00,0x09,0x00,0x00,0x12,0x00,0x10,0xd6,0x14,
    0x03,0x09,0x02,0x0d,0x00,0x59,0xd6,0x12,0x41,0x01,0x02,0x13,0x00,0x10,0xd6,0x14,0x07,0x05,0x02,0x0d,
    0x00,0x59,0xd6,0x13,0xff,0x35,0x04,0x80,0x04,0x00,0x00,0x12,0x00,0x25,0xd5,0x15,0x41,0x01,0x00,0x12,
    0x00,0x12,0xd6,0xff,0x28,0x4a,0x04,0xbf,0x00,0x00,0x00,0x12,0x00,0x10,0xd6,0x12,0x0d,0x09,0x02,0x0d,
    0x00,0x59,0xd6,0x12,0xff,0x35,0x04,0x90,0x00,0x00,0x00,0x10,0x00,0x10,0xd6,0x00,0x0d,0x05,0x02,0xbf,
    0x00,0x0a,0x36,0x6a,0x00,0x4a,0xd4,0x10,0x03,0x01,0x00,0x10,0x00,0x01,0xd5,0x80,0xfe,0xa9,0x01,0x00,
    0x04,0x00,0x00,0x11,0x00,0x01,0xd5,0x80,0xfe,0xa9,0x01,0x00,0x01,0x00,0x00,0x06,0x00,0x46,0xd6,0x05,
    0x05,0x01,0x02,0x05,0x00,0x46,0xd6,0x05,0x09,0x41,0x04,0xfa,0x00,0x20,0x3a,0x00,0x6e,0x00,0xff,0xfa,
    0x00,0x22,0x3a,0x00,0xf0,0x00,0xff,0x10,0x00,0x04,0xd7,0x10,0x23,0x02,0x00,0x10,0xa3,0x1e,0x7e,0x11,
    0xa3,0x1e,0x7f,0x0f,0x00,0x10,0xcc,0x0f,0xe1,0x01,0x08,0x82,0x00,0x97,0xbe,0x80,0x00,0xa2,0xbe,0xff,
    0x00,0xa8,0xbe,0x00,0xc0,0x00,0xbc,0x00,0x05,0xa4,0x7e,0xc0,0x52,0x7c,0x8b,0xff,0x02,0xa8,0xbe,0x00,
    0xc0,0x00,0x3c,0x2b,0x81,0x31,0x84,0x2f,0x81,0x35,0x84,0x31,0x84,0x53,0x84,0x35,0x84,0x54,0x84,0xff,
    0x52,0x7c,0x8b,0x80,0x00,0x00,0x00,0x53,0x80,0x53,0x98,0x54,0x80,0x54,0x98,0x90,0x80,0x16,0x98,0x09,
    0x16,0x96,0x80,0x80,0x02,0x96,0xbe,0xff,0x00,0xa3,0xbe,0x00,0x40,0x01,0x11,0x0e,0x84,0x0d,0xbf,0x80,
    0xff,0x55,0x98,0x00,0x00,0x00,0x08,0xff,0x23,0x23,0x8b,0xff,0xff,0xff,0xf7,0x23,0x55,0x23,0x8c,0x11,
    0xff,0x11,0x8b,0xff,0xff,0x00,0x00,0x11,0xff,0x11,0x80,0x00,0x00,0x02,0x00,0x13,0xff,0x13,0x8b,0xff,
    0xff,0x00,0x00,0x13,0xff,0x13,0x80,0x00,0x00,0x02,0x00,0x10,0x53,0x10,0x80,0x11,0x80,0x11,0x82,0x12,
    0x54,0x12,0x80,0x13,0x80,0x13,0x82,0x10,0x01,0xa4,0xbe,0xff,0x00,0xa6,0xbe,0x00,0x00,0x00,0x80,0x80,
    0x00,0xa7,0xbe,0x80,0x00,0xad,0xbe,0x80,0x02,0x08,0x7e,0x6a,0x00,0x49,0xd4,0x00,0xff,0x01,0x00,0x80,
    0x00,0x00,0x00,0x6a,0x80,0x08,0xbf,0xff,0x00,0xd2,0xbe,0xec,0x32,0x00,0x00,0xff,0x00,0xd6,0xbe,0x5c,
    0x22,0x00,0x00,0xff,0x02,0xd2,0xbe,0x24,0x2a,0x00,0x00,0xff,0x02,0xd6,0xbe,0x94,0x1a,0x00,0x00,0xff,
    0x00,0xd3,0xbe,0xd0,0x34,0x00,0x00,0xff,0x00,0xd7,0xbe,0x40,0x24,0x00,0x00,0xff,0x02,0xd3,0xbe,0x08,
    0x2c,0x00,0x00,0xff,0x02,0xd7,0xbe,0x78,0x1c,0x00,0x00,0xff,0x00,0xd4,0xbe,0x80,0x37,0x00,0x00,0xff,
    0x00,0xd8,0xbe,0x70,0x26,0x00,0x00,0xff,0x02,0xd4,0xbe,0xb8,0x2e,0x00,0x00,0xff,0x02,0xd8,0xbe,0xa8,
    0x1e,0x00,0x00,0xff,0x00,0xd5,0xbe,0x64,0x39,0x00,0x00,0xff,0x00,0xd9,0xbe,0x54,0x28,0x00,0x00,0xff,
    0x02,0xd5,0xbe,0x9c,0x30,0x00,0x00,0xff,0x02,0xd9,0xbe,0x8c,0x20,0x00,0x00,0x06,0x52,0x42,0x80,0x07,
    0x80,0x43,0x82,0x06,0x56,0x4a,0x80,0x07,0x80,0x4b,0x82,0x06,0x53,0x44,0x80,0x07,0x80,0x45,0x82,0x06,
    0x57,0x4c,0x80,0x07,0x80,0x4d,0x82,0x06,0x54,0x46,0x80,0x07,0x80,0x47,0x82,0x06,0x58,0x4e,0x80,0x07,
    0x80,0x4f,0x82,0x06,0x55,0x48,0x80,0x07,0x80,0x49,0x82,0x06,0x59,0x50,0x80,0x07,0x80,0x51,0x82,0xff,
    0x00,0xb8,0xbe,0x8c,0x01,0x00,0x00,0x2d,0x81,0x0d,0xbf,0x42,0x4a,0xc0,0x98,0x2d,0x81,0x0d,0xbf,0x38,
    0xff,0x38,0x98,0xb4,0x02,0x00,0x00,0x02,0x00,0xb5,0xbf,0xe0,0x40,0x0e,0xcc,0x22,0x51,0x90,0x0f,0xe1,
    0x40,0x0e,0xcc,0x66,0x51,0x94,0x0f,0xe2,0x40,0x0e,0xcc,0xaa,0x51,0x98,0x0f,0xe3,0x40,0x0e,0xcc,0xce,
    0x51,0x9c,0x0f,0xe4,0x01,0x0f,0xcc,0x22,0x47,0x02,0x38,0xe5,0x01,0x0f,0xcc,0x66,0xcf,0x02,0x38,0xe6,
    0x01,0x0f,0xcc,0xaa,0x57,0x03,0x38,0xe7,0x01,0x0f,0xcc,0xce,0x9f,0x03,0x38,0x00,0x00,0x80,0xe0,0x07,
    0x22,0x89,0x80,0x00,0x00,0x80,0xe0,0x09,0x23,0x89,0x80,0x00,0x00,0x80,0xe0,0x08,0xaa,0x89,0x80,0x00,
    0x00,0x80,0xe0,0x0a,0xab,0x89,0x80,0x0f,0x81,0x8f,0x80,0x80,0x27,0x27,0x98,0x24,0x3b,0x24,0x80,0x25,
    0x80,0x25,0x82,0x00,0x00,0x8c,0xe0,0x07,0x22,0x89,0x80,0x00,0x00,0x8c,0xe0,0x09,0x23,0x89,0x80,0x00,
    0x00,0x8c,0xe0,0x08,0xaa,0x89,0x80,0x00,0x00,0x8c,0xe0,0x0a,0xab,0x89,0x80,0x0f,0x81,0x8f,0x80,0x80,
    0x27,0x27,0x98,0x24,0x3b,0x24,0x80,0x25,0x80,0x25,0x82,0x00,0x00,0x80,0xe0,0x07,0x66,0x89,0x80,0x00,
    0x00,0x80,0xe0,0x09,0x67,0x89,0x80,0x00,0x00,0x80,0xe0,0x08,0xce,0x89,0x80,0x00,0x00,0x80,0xe0,0x0a,
    0xcf,0x89,0x80,0x0f,0x81,0x8f,0x80,0x80,0x27,0x27,0x98,0x24,0x3b,0x24,0x80,0x25,0x80,0x25,0x82,0x00,
    0x00,0x8c,0xe0,0x07,0x66,0x89,0x80,0x00,0x00,0x8c,0xe0,0x09,0x67,0x89,0x80,0x00,0x00,0x8c,0xe0,0x08,
    0xce,0x89,0x80,0x00,0x00,0x8c,0xe0,0x0a,0xcf,0x89,0x80,0x0f,0x81,0x8f,0x80,0x80,0x27,0x27,0x98,0x24,
    0x3b,0x24,0x80,0x25,0x80,0x25,0x82,0x40,0x49,0xc0,0xbe,0x6b,0x1b,0xa0,0xbf,0xff,0x00,0xb8,0xbe,0x04,
    0x00,0x00,0x00,0x2d,0x81,0x0d,0xbf,0x42,0x4a,0xc0,0x98,0x2d,0x81,0x0d,0xbf,0x38,0xff,0x38,0x98,0x2c,
    0x01,0x00,0x00,0x02,0x00,0xb5,0xbf,0xe0,0x00,0x10,0xcc,0x22,0x1f,0x02,0x08,0xe1,0x00,0x10,0xcc,0x66,
    0x1f,0x02,0x08,0xe2,0x00,0x10,0xcc,0xaa,0x1f,0x02,0x08,0xe3,0x00,0x10,0xcc,0xce,0x1f,0x02,0x08,0xfa,
    0x02,0x44,0x7e,0xe0,0xb1,0x00,0xff,0xfa,0x02,0xcc,0x7e,0xe1,0xb1,0x00,0xff,0xfa,0x02,0x54,0x7f,0xe2,
    0xb1,0x00,0xff,0xfa,0x02,0x9c,0x7f,0xe3,0xb1,0x00,0xff,0xe0,0x50,0x0e,0xcc,0x22,0x1f,0x82,0x1f,0xe1,
    0x50,0x0e,0xcc,0x66,0x1f,0x86,0x1f,0xe2,0x50,0x0e,0xcc,0xaa,0x1f,0x8a,0x1f,0xe3,0x50,0x0e,0xcc,0xce,
    0x1f,0x8e,0x1f,0xfa,0x02,0x44,0x7e,0xe0,0x4e,0x00,0xff,0xfa,0x02,0xcc,0x7e,0xe1,0x4e,0x00,0xff,0xfa,
    0x02,0x54,0x7f,0xe2,0x4e,0x00,0xff,0xfa,0x02,0x9c,0x7f,0xe3,0x4e,0x00,0xff,0xe0,0x50,0x0e,0xcc,0x22,
    0x1f,0x82,0x1f,0xe1,0x50,0x0e,0xcc,0x66,0x1f,0x86,0x1f,0xe2,0x50,0x0e,0xcc,0xaa,0x1f,0x8a,0x1f,0xe3,
    0x50,0x0e,0xcc,0xce,0x1f,0x8e,0x1f,0x00,0x00,0x80,0xe0,0x07,0x22,0x89,0x80,0x00,0x00,0x80,0xe0,0x09,
    0x23,0x89,0x80,0x00,0x00,0x80,0xe0,0x08,0xaa,0x89,0x80,0x00,0x00,0x80,0xe0,0x0a,0xab,0x89,0x80,0x0f,
    0x81,0x8f,0x80,0x80,0x27,0x27,0x98,0x24,0x3b,0x24,0x80,0x25,0x80,0x25,0x82,0x00,0x00,0x8c,0xe0,0x07,
    0x22,0x89,0x80,0x00,0x00,0x8c,0xe0,0x09,0x23,0x89,0x80,0x00,0x00,0x8c,0xe0,0x08,0xaa,0x89,0x80,0x00,
    0x00,0x8c,0xe0,0x0a,0xab,0x89,0x80,0x0f,0x81,0x8f,0x80,0x80,0x27,0x27,0x98,0x24,0x3b,0x24,0x80,0x25,
    0x80,0x25,0x82,0x00,0x00,0x80,0xe0,0x07,0x66,0x89,0x80,0x00,0x00,0x80,0xe0,0x09,0x67,0x89,0x80,0x00,
    0x00,0x80,0xe0,0x08,0xce,0x89,0x80,0x00,0x00,0x80,0xe0,0x0a,0xcf,0x89,0x80,0x0f,0x81,0x8f,0x80,0x80,
    0x27,0x27,0x98,0x24,0x3b,0x24,0x80,0x25,0x80,0x25,0x82,0x00,0x00,0x8c,0xe0,0x07,0x66,0x89,0x80,0x00,
    0x00,0x8c,0xe0,0x09,0x67,0x89,0x80,0x00,0x00,0x8c,0xe0,0x08,0xce,0x89,0x80,0x00,0x00,0x8c,0xe0,0x0a,
    0xcf,0x89,0x80,0x0f,0x81,0x8f,0x80,0x80,0x27,0x27,0x98,0x24,0x3b,0x24,0x80,0x25,0x80,0x25,0x82,0x40,
    0x49,0xc0,0xbe,0x09,0x1b,0xa0,0xbf,0xff,0x00,0xb8,0xbe,0x8c,0x01,0x00,0x00,0x2d,0x81,0x0d,0xbf,0x44,
    0x4c,0xc0,0x98,0x2d,0x80,0x0d,0xbf,0x38,0xff,0x38,0x98,0xb8,0x02,0x00,0x00,0x02,0x00,0xb5,0xbf,0xe8,
    0x40,0x0e,0xcc,0xd0,0x51,0xb0,0x0f,0xe9,0x40,0x0e,0xcc,0xd4,0x51,0xb4,0x0f,0xea,0x40,0x0e,0xcc,0xd8,
    0x51,0xb8,0x0f,0xeb,0x40,0x0e,0xcc,0xdc,0x51,0xbc,0x0f,0xec,0x01,0x0f,0xcc,0xd0,0xa3,0x03,0x38,0xed,
    0x01,0x0f,0xcc,0xd4,0xab,0x03,0x38,0xee,0x01,0x0f,0xcc,0xd8,0xb3,0x03,0x38,0xef,0x01,0x0f,0xcc,0xdc,
    0xbb,0x03,0x38,0x00,0x00,0x80,0xe0,0x07,0xd0,0x89,0x80,0x00,0x00,0x80,0xe0,0x09,0xd1,0x89,0x80,0x00,
    0x00,0x80,0xe0,0x08,0xd8,0x89,0x80,0x00,0x00,0x80,0xe0,0x0a,0xd9,0x89,0x80,0x0f,0x81,0x8f,0x80,0x80,
    0x27,0x27,0x98,0x24,0x3b,0x24,0x80,0x25,0x80,0x25,0x82,0x00,0x00,0x8c,0xe0,0x07,0xd0,0x89,0x80,0x00,
    0x00,0x8c,0xe0,0x09,0xd1,0x89,0x80,0x00,0x00,0x8c,0xe0,0x08,0xd8,0x89,0x80,0x00,0x00,0x8c,0xe0,0x0a,
    0xd9,0x89,0x80,0x0f,0x81,0x8f,0x80,0x80,0x27,0x27,0x98,0x24,0x3b,0x24,0x80,0x25,0x80,0x25,0x82,0x00,
    0x00,0x80,0xe0,0x07,0xd4,0x89,0x80,0x00,0x00,0x80,0xe0,0x09,0xd5,0x89,0x80,0x00,0x00,0x80,0xe0,0x08,
    0xdc,0x89,0x80,0x00,0x00,0x80,0xe0,0x0a,0xdd,0x89,0x80,0x0f,0x81,0x8f,0x80,0x80,0x27,0x27,0x98,0x24,
    0x3b,0x24,0x80,0x25,0x80,0x25,0x82,0x00,0x00,0x8c,0xe0,0x07,0xd4,0x89,0x80,0x00,0x00,0x8c,0xe0,0x09,
    0xd5,0x89,0x80,0x00,0x00,0x8c,0xe0,0x08,0xdc,0x89,0x80,0x00,0x00,0x8c,0xe0,0x0a,0xdd,0x89,0x80,0x0f,
    0x81,0x8f,0x80,0x80,0x27,0x27,0x98,0x24,0x3b,0x24,0x80,0x25,0x80,0x25,0x82,0x40,0x49,0xc0,0xbe,0xbf,
    0x1a,0xa0,0xbf,0xff,0x00,0xb8,0xbe,0x04,0x00,0x00,0x00,0x2d,0x81,0x0d,0xbf,0x44,0x4c,0xc0,0x98,0x2d,
    0x80,0x0d,0xbf,0x38,0xff,0x38,0x98,0x30,0x01,0x00,0x00,0x02,0x00,0xb5,0xbf,0xe8,0x00,0x10,0xcc,0xd0,
    0x1f,0x02,0x08,0xe9,0x00,0x10,0xcc,0xd4,0x1f,0x02,0x08,0xea,0x00,0x10,0xcc,0xd8,0x1f,0x02,0x08,0xeb,
    0x00,0x10,0xcc,0xdc,0x1f,0x02,0x08,0xfa,0x02,0xa0,0x7f,0xe8,0xb1,0x00,0xff,0xfa,0x02,0xa8,0x7f,0xe9,
    0xb1,0x00,0xff,0xfa,0x02,0xb0,0x7f,0xea,0xb1,0x00,0xff,0xfa,0x02,0xb8,0x7f,0xeb,0xb1,0x00,0xff,0xe8,
    0x50,0x0e,0xcc,0xd0,0x1f,0xa2,0x1f,0xe9,0x50,0x0e,0xcc,0xd4,0x1f,0xa6,0x1f,0xea,0x50,0x0e,0xcc,0xd8,
    0x1f,0xaa,0x1f,0xeb,0x50,0x0e,0xcc,0xdc,0x1f,0xae,0x1f,0xfa,0x02,0xa0,0x7f,0xe8,0x4e,0x00,0xff,0xfa,
    0x02,0xa8,0x7f,0xe9,0x4e,0x00,0xff,0xfa,0x02,0xb0,0x7f,0xea,0x4e,0x00,0xff,0xfa,0x02,0xb8,0x7f,0xeb,
    0x4e,0x00,0xff,0xe8,0x50,0x0e,0xcc,0xd0,0x1f,0xa2,0x1f,0xe9,0x50,0x0e,0xcc,0xd4,0x1f,0xa6,0x1f,0xea,
    0x50,0x0e,0xcc,0xd8,0x1f,0xaa,0x1f,0xeb,0x50,0x0e,0xcc,0xdc,0x1f,0xae,0x1f,0x00,0x00,0x80,0xe0,0x07,
    0xd0,0x89,0x80,0x00,0x00,0x80,0xe0,0x09,0xd1,0x89,0x80,0x00,0x00,0x80,0xe0,0x08,0xd8,0x89,0x80,0x00,
    0x00,0x80,0xe0,0x0a,0xd9,0x89,0x80,0x0f,0x81,0x8f,0x80,0x80,0x27,0x27,0x98,0x24,0x3b,0x24,0x80,0x25,
    0x80,0x25,0x82,0x00,0x00,0x8c,0xe0,0x07,0xd0,0x89,0x80,0x00,0x00,0x8c,0xe0,0x09,0xd1,0x89,0x80,0x00,
    0x00,0x8c,0xe0,0x08,0xd8,0x89,0x80,0x00,0x00,0x8c,0xe0,0x0a,0xd9,0x89,0x80,0x0f,0x81,0x8f,0x80,0x80,
    0x27,0x27,0x98,0x24,0x3b,0x24,0x80,0x25,0x80,0x25,0x82,0x00,0x00,0x80,0xe0,0x07,0xd4,0x89,0x80,0x00,
    0x00,0x80,0xe0,0x09,0xd5,0x89,0x80,0x00,0x00,0x80,0xe0,0x08,0xdc,0x89,0x80,0x00,0x00,0x80,0xe0,0x0a,
    0xdd,0x89,0x80,0x0f,0x81,0x8f,0x80,0x80,0x27,0x27,0x98,0x24,0x3b,0x24,0x80,0x25,0x80,0x25,0x82,0x00,
    0x00,0x8c,0xe0,0x07,0xd4,0x89,0x80,0x00,0x00,0x8c,0xe0,0x09,0xd5,0x89,0x80,0x00,0x00,0x8c,0xe0,0x08,
    0xdc,0x89,0x80,0x00,0x00,0x8c,0xe0,0x0a,0xdd,0x89,0x80,0x0f,0x81,0x8f,0x80,0x80,0x27,0x27,0x98,0x24,
    0x3b,0x24,0x80,0x25,0x80,0x25,0x82,0x40,0x49,0xc0,0xbe,0x5d,0x1a,0xa0,0xbf,0xff,0x00,0xb8,0xbe,0x90,
    0x01,0x00,0x00,0x2d,0x82,0x0d,0xbf,0x46,0x4e,0xc0,0x98,0x2d,0x81,0x0d,0xbf,0x38,0xff,0x38,0x98,0xbc,
    0x02,0x00,0x00,0x02,0x00,0xb5,0xbf,0xf7,0x43,0x89,0xbf,0xe0,0x01,0x0f,0xcc,0x10,0x23,0x02,0x38,0xe1,
    0x01,0x0f,0xcc,0x34,0xcb,0x02,0x38,0xe2,0x01,0x0f,0xcc,0x23,0x45,0x02,0x38,0xe3,0x01,0x0f,0xcc,0x67,
    0xcd,0x02,0x38,0xe4,0x50,0x0e,0xcc,0x10,0x51,0xa4,0x1e,0xe5,0x50,0x0e,0xcc,0x34,0x51,0x34,0x1f,0xe6,
    0x50,0x0e,0xcc,0x23,0x51,0xa8,0x1e,0xe7,0x50,0x0e,0xcc,0x67,0x51,0x38,0x1f,0x00,0x00,0x80,0xe0,0x07,
    0x11,0x89,0x80,0x00,0x00,0x80,0xe0,0x09,0x10,0x89,0x80,0x00,0x00,0x80,0xe0,0x08,0x22,0x89,0x80,0x00,
    0x00,0x80,0xe0,0x0a,0x23,0x89,0x80,0x0f,0x81,0x8f,0x80,0x80,0x27,0x27,0x98,0x24,0x3b,0x24,0x80,0x25,
    0x80,0x25,0x82,0x00,0x00,0x8c,0xe0,0x07,0x11,0x89,0x80,0x00,0x00,0x8c,0xe0,0x09,0x10,0x89,0x80,0x00,
    0x00,0x8c,0xe0,0x08,0x22,0x89,0x80,0x00,0x00,0x8c,0xe0,0x0a,0x23,0x89,0x80,0x0f,0x81,0x8f,0x80,0x80,
    0x27,0x27,0x98,0x24,0x3b,0x24,0x80,0x25,0x80,0x25,0x82,0x00,0x00,0x80,0xe0,0x07,0x65,0x89,0x80,0x00,
    0x00,0x80,0xe0,0x09,0x34,0x89,0x80,0x00,0x00,0x80,0xe0,0x08,0x66,0x89,0x80,0x00,0x00,0x80,0xe0,0x0a,
    0x67,0x89,0x80,0x0f,0x81,0x8f,0x80,0x80,0x27,0x27,0x98,0x24,0x3b,0x24,0x80,0x25,0x80,0x25,0x82,0x00,
    0x00,0x8c,0xe0,0x07,0x65,0x89,0x80,0x00,0x00,0x8c,0xe0,0x09,0x34,0x89,0x80,0x00,0x00,0x8c,0xe0,0x08,
    0x66,0x89,0x80,0x00,0x00,0x8c,0xe0,0x0a,0x67,0x89,0x80,0x0f,0x81,0x8f,0x80,0x80,0x27,0x27,0x98,0x24,
    0x3b,0x24,0x80,0x25,0x80,0x25,0x82,0x40,0x49,0xc0,0xbe,0x12,0x1a,0xa0,0xbf,0xff,0x00,0xb8,0xbe,0x04,
    0x00,0x00,0x00,0x2d,0x82,0x0d,0xbf,0x46,0x4e,0xc0,0x98,0x2d,0x81,0x0d,0xbf,0x38,0xff,0x38,0x98,0x30,
    0x01,0x00,0x00,0x02,0x00,0xb5,0xbf,0xf7,0x43,0x89,0xbf,0xe0,0x00,0x10,0xcc,0x11,0x1f,0x02,0x08,0xe1,
    0x00,0x10,0xcc,0x65,0x1f,0x02,0x08,0xe2,0x00,0x10,0xcc,0x22,0x1f,0x02,0x08,0xe3,0x00,0x10,0xcc,0x66,
    0x1f,0x02,0x08,0xfa,0x02,0x22,0x7e,0xe0,0xb1,0x00,0xff,0xfa,0x02,0xca,0x7e,0xe1,0xb1,0x00,0xff,0xfa,
    0x02,0x44,0x7e,0xe2,0xb1,0x00,0xff,0xfa,0x02,0xcc,0x7e,0xe3,0xb1,0x00,0xff,0xe0,0x50,0x0e,0xcc,0x11,
    0x1f,0x82,0x1f,0xe1,0x50,0x0e,0xcc,0x65,0x1f,0x86,0x1f,0xe2,0x50,0x0e,0xcc,0x22,0x1f,0x8a,0x1f,0xe3,
    0x50,0x0e,0xcc,0x66,0x1f,0x8e,0x1f,0xfa,0x02,0x22,0x7e,0xe0,0x4e,0x00,0xff,0xfa,0x02,0xca,0x7e,0xe1,
    0x4e,0x00,0xff,0xfa,0x02,0x44,0x7e,0xe2,0x4e,0x00,0xff,0xfa,0x02,0xcc,0x7e,0xe3,0x4e,0x00,0xff,0xe0,
    0x50,0x0e,0xcc,0x11,0x1f,0x82,0x1f,0xe1,0x50,0x0e,0xcc,0x65,0x1f,0x86,0x1f,0xe2,0x50,0x0e,0xcc,0x22,
    0x1f,0x8a,0x1f,0xe3,0x50,0x0e,0xcc,0x66,0x1f,0x8e,0x1f,0x00,0x00,0x80,0xe0,0x07,0x11,0x89,0x80,0x00,
    0x00,0x80,0xe0,0x09,0x10,0x89,0x80,0x00,0x00,0x80,0xe0,0x08,0x22,0x89,0x80,0x00,0x00,0x80,0xe0,0x0a,
    0x23,0x89,0x80,0x0f,0x81,0x8f,0x80,0x80,0x27,0x27,0x98,0x24,0x3b,0x24,0x80,0x25,0x80,0x25,0x82,0x00,
    0x00,0x8c,0xe0,0x07,0x11,0x89,0x80,0x00,0x00,0x8c,0xe0,0x09,0x10,0x89,0x80,0x00,0x00,0x8c,0xe0,0x08,
    0x22,0x89,0x80,0x00,0x00,0x8c,0xe0,0x0a,0x23,0x89,0x80,0x0f,0x81,0x8f,0x80,0x80,0x27,0x27,0x98,0x24,
    0x3b,0x24,0x80,0x25,0x80,0x25,0x82,0x00,0x00,0x80,0xe0,0x07,0x65,0x89,0x80,0x00,0x00,0x80,0xe0,0x09,
    0x34,0x89,0x80,0x00,0x00,0x80,0xe0,0x08,0x66,0x89,0x80,0x00,0x00,0x80,0xe0,0x0a,0x67,0x89,0x80,0x0f,
    0x81,0x8f,0x80,0x80,0x27,0x27,0x98,0x24,0x3b,0x24,0x80,0x25,0x80,0x25,0x82,0x00,0x00,0x8c,0xe0,0x07,
    0x65,0x89,0x80,0x00,0x00,0x8c,0xe0,0x09,0x34,0x89,0x80,0x00,0x00,0x8c,0xe0,0x08,0x66,0x89,0x80,0x00,
    0x00,0x8c,0xe0,0x0a,0x67,0x89,0x80,0x0f,0x81,0x8f,0x80,0x80,0x27,0x27,0x98,0x24,0x3b,0x24,0x80,0x25,
    0x80,0x25,0x82,0x40,0x49,0xc0,0xbe,0xaf,0x19,0xa0,0xbf,0xff,0x00,0xb8,0xbe,0x90,0x01,0x00,0x00,0x2d,
    0x82,0x0d,0xbf,0x48,0x50,0xc0,0x98,0x2d,0x81,0x0d,0xbf,0x38,0xff,0x38,0x98,0xb8,0x02,0x00,0x00,0x02,
    0x00,0xb5,0xbf,0xf7,0x43,0x89,0xbf,0xe8,0x01,0x0f,0xcc,0xd3,0xa5,0x03,0x38,0xe9,0x01,0x0f,0xcc,0xd7,
    0xad,0x03,0x38,0xea,0x01,0x0f,0xcc,0xd1,0xa1,0x03,0x38,0xeb,0x01,0x0f,0xcc,0xd5,0xa9,0x03,0x38,0xec,
    0x50,0x0e,0xcc,0xd3,0x51,0x68,0x1f,0xed,0x50,0x0e,0xcc,0xd7,0x51,0x78,0x1f,0xee,0x50,0x0e,0xcc,0xd1,
    0x51,0x60,0x1f,0xef,0x50,0x0e,0xcc,0xd5,0x51,0x70,0x1f,0x00,0x00,0x80,0xe0,0x07,0xd2,0x89,0x80,0x00,
    0x00,0x80,0xe0,0x09,0xd3,0x89,0x80,0x00,0x00,0x80,0xe0,0x08,0xd0,0x89,0x80,0x00,0x00,0x80,0xe0,0x0a,
    0xd1,0x89,0x80,0x0f,0x81,0x8f,0x80,0x80,0x27,0x27,0x98,0x24,0x3b,0x24,0x80,0x25,0x80,0x25,0x82,0x00,
    0x00,0x8c,0xe0,0x07,0xd2,0x89,0x80,0x00,0x00,0x8c,0xe0,0x09,0xd3,0x89,0x80,0x00,0x00,0x8c,0xe0,0x08,
    0xd0,0x89,0x80,0x00,0x00,0x8c,0xe0,0x0a,0xd1,0x89,0x80,0x0f,0x81,0x8f,0x80,0x80,0x27,0x27,0x98,0x24,
    0x3b,0x24,0x80,0x25,0x80,0x25,0x82,0x00,0x00,0x80,0xe0,0x07,0xd6,0x89,0x80,0x00,0x00,0x80,0xe0,0x09,
    0xd7,0x89,0x80,0x00,0x00,0x80,0xe0,0x08,0xd4,0x89,0x80,0x00,0x00,0x80,0xe0,0x0a,0xd5,0x89,0x80,0x0f,
    0x81,0x8f,0x80,0x80,0x27,0x27,0x98,0x24,0x3b,0x24,0x80,0x25,0x80,0x25,0x82,0x00,0x00,0x8c,0xe0,0x07,
    0xd6,0x89,0x80,0x00,0x00,0x8c,0xe0,0x09,0xd7,0x89,0x80,0x00,0x00,0x8c,0xe0,0x08,0xd4,0x89,0x80,0x00,
    0x00,0x8c,0xe0,0x0a,0xd5,0x89,0x80,0x0f,0x81,0x8f,0x80,0x80,0x27,0x27,0x98,0x24,0x3b,0x24,0x80,0x25,
    0x80,0x25,0x82,0x40,0x49,0xc0,0xbe,0x64,0x19,0xa0,0xbf,0xff,0x00,0xb8,0xbe,0x04,0x00,0x00,0x00,0x2d,
    0x82,0x0d,0xbf,0x48,0x50,0xc0,0x98,0x2d,0x81,0x0d,0xbf,0x38,0xff,0x38,0x98,0x2c,0x01,0x00,0x00,0x02,
    0x00,0xb5,0xbf,0xf7,0x43,0x89,0xbf,0xe8,0x00,0x10,0xcc,0xd2,0x1f,0x02,0x08,0xe9,0x00,0x10,0xcc,0xd6,
    0x1f,0x02,0x08,0xea,0x00,0x10,0xcc,0xd0,0x1f,0x02,0x08,0xeb,0x00,0x10,0xcc,0xd4,0x1f,0x02,0x08,0xfa,
    0x02,0xa4,0x7f,0xe8,0xb1,0x00,0xff,0xfa,0x02,0xac,0x7f,0xe9,0xb1,0x00,0xff,0xfa,0x02,0xa0,0x7f,0xea,
    0xb1,0x00,0xff,0xfa,0x02,0xa8,0x7f,0xeb,0xb1,0x00,0xff,0xe8,0x50,0x0e,0xcc,0xd2,0x1f,0xa2,0x1f,0xe9,
    0x50,0x0e,0xcc,0xd6,0x1f,0xa6,0x1f,0xea,0x50,0x0e,0xcc,0xd0,0x1f,0xaa,0x1f,0xeb,0x50,0x0e,0xcc,0xd4,
    0x1f,0xae,0x1f,0xfa,0x02,0xa4,0x7f,0xe8,0x4e,0x00,0xff,0xfa,0x02,0xac,0x7f,0xe9,0x4e,0x00,0xff,0xfa,
    0x02,0xa0,0x7f,0xea,0x4e,0x00,0xff,0xfa,0x02,0xa8,0x7f,0xeb,0x4e,0x00,0xff,0xe8,0x50,0x0e,0xcc,0xd2,
    0x1f,0xa2,0x1f,0xe9,0x50,0x0e,0xcc,0xd6,0x1f,0xa6,0x1f,0xea,0x50,0x0e,0xcc,0xd0,0x1f,0xaa,0x1f,0xeb,
    0x50,0x0e,0xcc,0xd4,0x1f,0xae,0x1f,0x00,0x00,0x80,0xe0,0x07,0xd2,0x89,0x80,0x00,0x00,0x80,0xe0,0x09,
    0xd3,0x89,0x80,0x00,0x00,0x80,0xe0,0x08,0xd0,0x89,0x80,0x00,0x00,0x80,0xe0,0x0a,0xd1,0x89,0x80,0x0f,
    0x81,0x8f,0x80,0x80,0x27,0x27,0x98,0x24,0x3b,0x24,0x80,0x25,0x80,0x25,0x82,0x00,0x00,0x8c,0xe0,0x07,
    0xd2,0x89,0x80,0x00,0x00,0x8c,0xe0,0x09,0xd3,0x89,0x80,0x00,0x00,0x8c,0xe0,0x08,0xd0,0x89,0x80,0x00,
    0x00,0x8c,0xe0,0x0a,0xd1,0x89,0x80,0x0f,0x81,0x8f,0x80,0x80,0x27,0x27,0x98,0x24,0x3b,0x24,0x80,0x25,
    0x80,0x25,0x82,0x00,0x00,0x80,0xe0,0x07,0xd6,0x89,0x80,0x00,0x00,0x80,0xe0,0x09,0xd7,0x89,0x80,0x00,
    0x00,0x80,0xe0,0x08,0xd4,0x89,0x80,0x00,0x00,0x80,0xe0,0x0a,0xd5,0x89,0x80,0x0f,0x81,0x8f,0x80,0x80,
    0x27,0x27,0x98,0x24,0x3b,0x24,0x80,0x25,0x80,0x25,0x82,0x00,0x00,0x8c,0xe0,0x07,0xd6,0x89,0x80,0x00,
    0x00,0x8c,0xe0,0x09,0xd7,0x89,0x80,0x00,0x00,0x8c,0xe0,0x08,0xd4,0x89,0x80,0x00,0x00,0x8c,0xe0,0x0a,
    0xd5,0x89,0x80,0x0f,0x81,0x8f,0x80,0x80,0x27,0x27,0x98,0x24,0x3b,0x24,0x80,0x25,0x80,0x25,0x82,0x40,
    0x49,0xc0,0xbe,0x01,0x19,0xa0,0xbf,0xff,0x00,0xb8,0xbe,0x8c,0x01,0x00,0x00,0x2d,0x81,0x0d,0xbf,0x42,
    0x4a,0xc0,0x98,0x2d,0x81,0x0d,0xbf,0x38,0xff,0x38,0x98,0xb4,0x02,0x00,0x00,0x02,0x00,0xb5,0xbf,0xe0,
    0x40,0x0e,0xcc,0xa9,0x51,0x90,0x0f,0xe1,0x40,0x0e,0xcc,0xcd,0x51,0x94,0x0f,0xe2,0x40,0x0e,0xcc,0xaa,
    0x51,0x98,0x0f,0xe3,0x40,0x0e,0xcc,0xce,0x51,0x9c,0x0f,0xe4,0x01,0x0f,0xcc,0xa9,0x11,0x03,0x38,0xe5,
    0x01,0x0f,0xcc,0xcd,0x99,0x03,0x38,0xe6,0x01,0x0f,0xcc,0xaa,0x57,0x03,0x38,0xe7,0x01,0x0f,0xcc,0xce,
    0x9f,0x03,0x38,0x00,0x00,0x80,0xe0,0x07,0xa9,0x89,0x80,0x00,0x00,0x80,0xe0,0x09,0x88,0x89,0x80,0x00,
    0x00,0x80,0xe0,0x08,0xaa,0x89,0x80,0x00,0x00,0x80,0xe0,0x0a,0xab,0x89,0x80,0x0f,0x81,0x8f,0x80,0x80,
    0x27,0x27,0x98,0x24,0x3b,0x24,0x80,0x25,0x80,0x25,0x82,0x00,0x00,0x8c,0xe0,0x07,0xa9,0x89,0x80,0x00,
    0x00,0x8c,0xe0,0x09,0x88,0x89,0x80,0x00,0x00,0x8c,0xe0,0x08,0xaa,0x89,0x80,0x00,0x00,0x8c,0xe0,0x0a,
    0xab,0x89,0x80,0x0f,0x81,0x8f,0x80,0x80,0x27,0x27,0x98,0x24,0x3b,0x24,0x80,0x25,0x80,0x25,0x82,0x00,
    0x00,0x80,0xe0,0x07,0xcd,0x89,0x80,0x00,0x00,0x80,0xe0,0x09,0xcc,0x89,0x80,0x00,0x00,0x80,0xe0,0x08,
    0xce,0x89,0x80,0x00,0x00,0x80,0xe0,0x0a,0xcf,0x89,0x80,0x0f,0x81,0x8f,0x80,0x80,0x27,0x27,0x98,0x24,
    0x3b,0x24,0x80,0x25,0x80,0x25,0x82,0x00,0x00,0x8c,0xe0,0x07,0xcd,0x89,0x80,0x00,0x00,0x8c,0xe0,0x09,
    0xcc,0x89,0x80,0x00,0x00,0x8c,0xe0,0x08,0xce,0x89,0x80,0x00,0x00,0x8c,0xe0,0x0a,0xcf,0x89,0x80,0x0f,
    0x81,0x8f,0x80,0x80,0x27,0x27,0x98,0x24,0x3b,0x24,0x80,0x25,0x80,0x25,0x82,0x40,0x49,0xc0,0xbe,0xb7,
    0x18,0xa0,0xbf,0xff,0x00,0xb8,0xbe,0x04,0x00,0x00,0x00,0x2d,0x81,0x0d,0xbf,0x42,0x4a,0xc0,0x98,0x2d,
    0x81,0x0d,0xbf,0x38,0xff,0x38,0x98,0x2c,0x01,0x00,0x00,0x02,0x00,0xb5,0xbf,0xe0,0x00,0x10,0xcc,0xa9,
    0x1f,0x02,0x08,0xe1,0x00,0x10,0xcc,0xcd,0x1f,0x02,0x08,0xe2,0x00,0x10,0xcc,0xaa,0x1f,0x02,0x08,0xe3,
    0x00,0x10,0xcc,0xce,0x1f,0x02,0x08,0xfa,0x02,0x52,0x7f,0xe0,0xb1,0x00,0xff,0xfa,0x02,0x9a,0x7f,0xe1,
    0xb1,0x00,0xff,0xfa,0x02,0x54,0x7f,0xe2,0xb1,0x00,0xff,0xfa,0x02,0x9c,0x7f,0xe3,0xb1,0x00,0xff,0xe0,
    0x50,0x0e,0xcc,0xa9,0x1f,0x82,0x1f,0xe1,0x50,0x0e,0xcc,0xcd,0x1f,0x86,0x1f,0xe2,0x50,0x0e,0xcc,0xaa,
    0x1f,0x8a,0x1f,0xe3,0x50,0x0e,0xcc,0xce,0x1f,0x8e,0x1f,0xfa,0x02,0x52,0x7f,0xe0,0x4e,0x00,0xff,0xfa,
    0x02,0x9a,0x7f,0xe1,0x4e,0x00,0xff,0xfa,0x02,0x54,0x7f,0xe2,0x4e,0x00,0xff,0xfa,0x02,0x9c,0x7f,0xe3,
    0x4e,0x00,0xff,0xe0,0x50,0x0e,0xcc,0xa9,0x1f,0x82,0x1f,0xe1,0x50,0x0e,0xcc,0xcd,0x1f,0x86,0x1f,0xe2,
    0x50,0x0e,0xcc,0xaa,0x1f,0x8a,0x1f,0xe3,0x50,0x0e,0xcc,0xce,0x1f,0x8e,0x1f,0x00,0x00,0x80,0xe0,0x07,
    0xa9,0x89,0x80,0x00,0x00,0x80,0xe0,0x09,0x88,0x89,0x80,0x00,0x00,0x80,0xe0,0x08,0xaa,0x89,0x80,0x00,
    0x00,0x80,0xe0,0x0a,0xab,0x89,0x80,0x0f,0x81,0x8f,0x80,0x80,0x27,0x27,0x98,0x24,0x3b,0x24,0x80,0x25,
    0x80,0x25,0x82,0x00,0x00,0x8c,0xe0,0x07,0xa9,0x89,0x80,0x00,0x00,0x8c,0xe0,0x09,0x88,0x89,0x80,0x00,
    0x00,0x8c,0xe0,0x08,0xaa,0x89,0x80,0x00,0x00,0x8c,0xe0,0x0a,0xab,0x89,0x80,0x0f,0x81,0x8f,0x80,0x80,
    0x27,0x27,0x98,0x24,0x3b,0x24,0x80,0x25,0x80,0x25,0x82,0x00,0x00,0x80,0xe0,0x07,0xcd,0x89,0x80,0x00,
    0x00,0x80,0xe0,0x09,0xcc,0x89,0x80,0x00,0x00,0x80,0xe0,0x08,0xce,0x89,0x80,0x00,0x00,0x80,0xe0,0x0a,
    0xcf,0x89,0x80,0x0f,0x81,0x8f,0x80,0x80,0x27,0x27,0x98,0x24,0x3b,0x24,0x80,0x25,0x80,0x25,0x82,0x00,
    0x00,0x8c,0xe0,0x07,0xcd,0x89,0x80,0x00,0x00,0x8c,0xe0,0x09,0xcc,0x89,0x80,0x00,0x00,0x8c,0xe0,0x08,
    0xce,0x89,0x80,0x00,0x00,0x8c,0xe0,0x0a,0xcf,0x89,0x80,0x0f,0x81,0x8f,0x80,0x80,0x27,0x27,0x98,0x24,
    0x3b,0x24,0x80,0x25,0x80,0x25,0x82,0x40,0x49,0xc0,0xbe,0x55,0x18,0xa0,0xbf,0xff,0x00,0xb8,0xbe,0x8c,
    0x01,0x00,0x00,0x2d,0x81,0x0d,0xbf,0x44,0x4c,0xc0,0x98,0x2d,0x80,0x0d,0xbf,0x38,0xff,0x38,0x98,0xb8,
    0x02,0x00,0x00,0x02,0x00,0xb5,0xbf,0xe8,0x40,0x0e,0xcc,0xda,0x51,0xb0,0x0f,0xe9,0x40,0x0e,0xcc,0xde,
    0x51,0xb4,0x0f,0xea,0x40,0x0e,0xcc,0xd8,0x51,0xb8,0x0f,0xeb,0x40,0x0e,0xcc,0xdc,0x51,0xbc,0x0f,0xec,
    0x01,0x0f,0xcc,0xda,0xb7,0x03,0x38,0xed,0x01,0x0f,0xcc,0xde,0xbf,0x03,0x38,0xee,0x01,0x0f,0xcc,0xd8,
    0xb3,0x03,0x38,0xef,0x01,0x0f,0xcc,0xdc,0xbb,0x03,0x38,0x00,0x00,0x80,0xe0,0x07,0xda,0x89,0x80,0x00,
    0x00,0x80,0xe0,0x09,0xdb,0x89,0x80,0x00,0x00,0x80,0xe0,0x08,0xd8,0x89,0x80,0x00,0x00,0x80,0xe0,0x0a,
    0xd9,0x89,0x80,0x0f,0x81,0x8f,0x80,0x80,0x27,0x27,0x98,0x24,0x3b,0x24,0x80,0x25,0x80,0x25,0x82,0x00,
    0x00,0x8c,0xe0,0x07,0xda,0x89,0x80,0x00,0x00,0x8c,0xe0,0x09,0xdb,0x89,0x80,0x00,0x00,0x8c,0xe0,0x08,
    0xd8,0x89,0x80,0x00,0x00,0x8c,0xe0,0x0a,0xd9,0x89,0x80,0x0f,0x81,0x8f,0x80,0x80,0x27,0x27,0x98,0x24,
    0x3b,0x24,0x80,0x25,0x80,0x25,0x82,0x00,0x00,0x80,0xe0,0x07,0xde,0x89,0x80,0x00,0x00,0x80,0xe0,0x09,
    0xdf,0x89,0x80,0x00,0x00,0x80,0xe0,0x08,0xdc,0x89,0x80,0x00,0x00,0x80,0xe0,0x0a,0xdd,0x89,0x80,0x0f,
    0x81,0x8f,0x80,0x80,0x27,0x27,0x98,0x24,0x3b,0x24,0x80,0x25,0x80,0x25,0x82,0x00,0x00,0x8c,0xe0,0x07,
    0xde,0x89,0x80,0x00,0x00,0x8c,0xe0,0x09,0xdf,0x89,0x80,0x00,0x00,0x8c,0xe0,0x08,0xdc,0x89,0x80,0x00,
    0x00,0x8c,0xe0,0x0a,0xdd,0x89,0x80,0x0f,0x81,0x8f,0x80,0x80,0x27,0x27,0x98,0x24,0x3b,0x24,0x80,0x25,
    0x80,0x25,0x82,0x40,0x49,0xc0,0xbe,0x0b,0x18,0xa0,0xbf,0xff,0x00,0xb8,0xbe,0x04,0x00,0x00,0x00,0x2d,
    0x81,0x0d,0xbf,0x44,0x4c,0xc0,0x98,0x2d,0x80,0x0d,0xbf,0x38,0xff,0x38,0x98,0x30,0x01,0x00,0x00,0x02,
    0x00,0xb5,0xbf,0xe8,0x00,0x10,0xcc,0xda,0x1f,0x02,0x08,0xe9,0x00,0x10,0xcc,0xde,0x1f,0x02,0x08,0xea,
    0x00,0x10,0xcc,0xd8,0x1f,0x02,0x08,0xeb,0x00,0x10,0xcc,0xdc,0x1f,0x02,0x08,0xfa,0x02,0xb4,0x7f,0xe8,
    0xb1,0x00,0xff,0xfa,0x02,0xbc,0x7f,0xe9,0xb1,0x00,0xff,0xfa,0x02,0xb0,0x7f,0xea,0xb1,0x00,0xff,0xfa,
    0x02,0xb8,0x7f,0xeb,0xb1,0x00,0xff,0xe8,0x50,0x0e,0xcc,0xda,0x1f,0xa2,0x1f,0xe9,0x50,0x0e,0xcc,0xde,
    0x1f,0xa6,0x1f,0xea,0x50,0x0e,0xcc,0xd8,0x1f,0xaa,0x1f,0xeb,0x50,0x0e,0xcc,0xdc,0x1f,0xae,0x1f,0xfa,
    0x02,0xb4,0x7f,0xe8,0x4e,0x00,0xff,0xfa,0x02,0xbc,0x7f,0xe9,0x4e,0x00,0xff,0xfa,0x02,0xb0,0x7f,0xea,
    0x4e,0x00,0xff,0xfa,0x02,0xb8,0x7f,0xeb,0x4e,0x00,0xff,0xe8,0x50,0x0e,0xcc,0xda,0x1f,0xa2,0x1f,0xe9,
    0x50,0x0e,0xcc,0xde,0x1f,0xa6,0x1f,0xea,0x50,0x0e,0xcc,0xd8,0x1f,0xaa,0x1f,0xeb,0x50,0x0e,0xcc,0xdc,
    0x1f,0xae,0x1f,0x00,0x00,0x80,0xe0,0x07,0xda,0x89,0x80,0x00,0x00,0x80,0xe0,0x09,0xdb,0x89,0x80,0x00,
    0x00,0x80,0xe0,0x08,0xd8,0x89,0x80,0x00,0x00,0x80,0xe0,0x0a,0xd9,0x89,0x80,0x0f,0x81,0x8f,0x80,0x80,
    0x27,0x27,0x98,0x24,0x3b,0x24,0x80,0x25,0x80,0x25,0x82,0x00,0x00,0x8c,0xe0,0x07,0xda,0x89,0x80,0x00,
    0x00,0x8c,0xe0,0x09,0xdb,0x89,0x80,0x00,0x00,0x8c,0xe0,0x08,0xd8,0x89,0x80,0x00,0x00,0x8c,0xe0,0x0a,
    0xd9,0x89,0x80,0x0f,0x81,0x8f,0x80,0x80,0x27,0x27,0x98,0x24,0x3b,0x24,0x80,0x25,0x80,0x25,0x82,0x00,
    0x00,0x80,0xe0,0x07,0xde,0x89,0x80,0x00,0x00,0x80,0xe0,0x09,0xdf,0x89,0x80,0x00,0x00,0x80,0xe0,0x08,
    0xdc,0x89,0x80,0x00,0x00,0x80,0xe0,0x0a,0xdd,0x89,0x80,0x0f,0x81,0x8f,0x80,0x80,0x27,0x27,0x98,0x24,
    0x3b,0x24,0x80,0x25,0x80,0x25,0x82,0x00,0x00,0x8c,0xe0,0x07,0xde,0x89,0x80,0x00,0x00,0x8c,0xe0,0x09,
    0xdf,0x89,0x80,0x00,0x00,0x8c,0xe0,0x08,0xdc,0x89,0x80,0x00,0x00,0x8c,0xe0,0x0a,0xdd,0x89,0x80,0x0f,
    0x81,0x8f,0x80,0x80,0x27,0x27,0x98,0x24,0x3b,0x24,0x80,0x25,0x80,0x25,0x82,0x40,0x49,0xc0,0xbe,0xa9,
    0x17,0xa0,0xbf,0xff,0x00,0xb8,0xbe,0x90,0x01,0x00,0x00,0x2d,0x82,0x0d,0xbf,0x46,0x4e,0xc0,0x98,0x2d,
    0x81,0x0d,0xbf,0x38,0xff,0x38,0x98,0xbc,0x02,0x00,0x00,0x02,0x00,0xb5,0xbf,0xf7,0x43,0x89,0xbf,0xe0,
    0x01,0x0f,0xcc,0x10,0x23,0x02,0x38,0xe1,0x01,0x0f,0xcc,0x34,0xcb,0x02,0x38,0xe2,0x01,0x0f,0xcc,0x88,
    0x53,0x03,0x38,0xe3,0x01,0x0f,0xcc,0xcc,0x9b,0x03,0x38,0xe4,0x50,0x0e,0xcc,0x10,0x51,0x88,0x1c,0xe5,
    0x50,0x0e,0xcc,0x34,0x51,0x98,0x1d,0xe6,0x50,0x0e,0xcc,0x88,0x51,0xa8,0x1e,0xe7,0x50,0x0e,0xcc,0xcc,
    0x51,0x38,0x1f,0x00,0x00,0x80,0xe0,0x07,0x11,0x89,0x80,0x00,0x00,0x80,0xe0,0x09,0x10,0x89,0x80,0x00,
    0x00,0x80,0xe0,0x08,0xa9,0x89,0x80,0x00,0x00,0x80,0xe0,0x0a,0x88,0x89,0x80,0x0f,0x81,0x8f,0x80,0x80,
    0x27,0x27,0x98,0x24,0x3b,0x24,0x80,0x25,0x80,0x25,0x82,0x00,0x00,0x8c,0xe0,0x07,0x11,0x89,0x80,0x00,
    0x00,0x8c,0xe0,0x09,0x10,0x89,0x80,0x00,0x00,0x8c,0xe0,0x08,0xa9,0x89,0x80,0x00,0x00,0x8c,0xe0,0x0a,
    0x88,0x89,0x80,0x0f,0x81,0x8f,0x80,0x80,0x27,0x27,0x98,0x24,0x3b,0x24,0x80,0x25,0x80,0x25,0x82,0x00,
    0x00,0x80,0xe0,0x07,0x65,0x89,0x80,0x00,0x00,0x80,0xe0,0x09,0x34,0x89,0x80,0x00,0x00,0x80,0xe0,0x08,
    0xcd,0x89,0x80,0x00,0x00,0x80,0xe0,0x0a,0xcc,0x89,0x80,0x0f,0x81,0x8f,0x80,0x80,0x27,0x27,0x98,0x24,
    0x3b,0x24,0x80,0x25,0x80,0x25,0x82,0x00,0x00,0x8c,0xe0,0x07,0x65,0x89,0x80,0x00,0x00,0x8c,0xe0,0x09,
    0x34,0x89,0x80,0x00,0x00,0x8c,0xe0,0x08,0xcd,0x89,0x80,0x00,0x00,0x8c,0xe0,0x0a,0xcc,0x89,0x80,0x0f,
    0x81,0x8f,0x80,0x80,0x27,0x27,0x98,0x24,0x3b,0x24,0x80,0x25,0x80,0x25,0x82,0x40,0x49,0xc0,0xbe,0x5e,
    0x17,0xa0,0xbf,0xff,0x00,0xb8,0xbe,0x04,0x00,0x00,0x00,0x2d,0x82,0x0d,0xbf,0x46,0x4e,0xc0,0x98,0x2d,
    0x81,0x0d,0xbf,0x38,0xff,0x38,0x98,0x30,0x01,0x00,0x00,0x02,0x00,0xb5,0xbf,0xf7,0x43,0x89,0xbf,0xe0,
    0x00,0x10,0xcc,0x11,0x1f,0x02,0x08,0xe1,0x00,0x10,0xcc,0x65,0x1f,0x02,0x08,0xe2,0x00,0x10,0xcc,0xa9,
    0x1f,0x02,0x08,0xe3,0x00,0x10,0xcc,0xcd,0x1f,0x02,0x08,0xfa,0x02,0x22,0x7e,0xe0,0xb1,0x00,0xff,0xfa,
    0x02,0xca,0x7e,0xe1,0xb1,0x00,0xff,0xfa,0x02,0x52,0x7f,0xe2,0xb1,0x00,0xff,0xfa,0x02,0x9a,0x7f,0xe3,
    0xb1,0x00,0xff,0xe0,0x50,0x0e,0xcc,0x11,0x1f,0x82,0x1f,0xe1,0x50,0x0e,0xcc,0x65,0x1f,0x86,0x1f,0xe2,
    0x50,0x0e,0xcc,0xa9,0x1f,0x8a,0x1f,0xe3,0x50,0x0e,0xcc,0xcd,0x1f,0x8e,0x1f,0xfa,0x02,0x22,0x7e,0xe0,
    0x4e,0x00,0xff,0xfa,0x02,0xca,0x7e,0xe1,0x4e,0x00,0xff,0xfa,0x02,0x52,0x7f,0xe2,0x4e,0x00,0xff,0xfa,
    0x02,0x9a,0x7f,0xe3,0x4e,0x00,0xff,0xe0,0x50,0x0e,0xcc,0x11,0x1f,0x82,0x1f,0xe1,0x50,0x0e,0xcc,0x65,
    0x1f,0x86,0x1f,0xe2,0x50,0x0e,0xcc,0xa9,0x1f,0x8a,0x1f,0xe3,0x50,0x0e,0xcc,0xcd,0x1f,0x8e,0x1f,0x00,
    0x00,0x80,0xe0,0x07,0x11,0x89,0x80,0x00,0x00,0x80,0xe0,0x09,0x10,0x89,0x80,0x00,0x00,0x80,0xe0,0x08,
    0xa9,0x89,0x80,0x00,0x00,0x80,0xe0,0x0a,0x88,0x89,0x80,0x0f,0x81,0x8f,0x80,0x80,0x27,0x27,0x98,0x24,
    0x3b,0x24,0x80,0x25,0x80,0x25,0x82,0x00,0x00,0x8c,0xe0,0x07,0x11,0x89,0x80,0x00,0x00,0x8c,0xe0,0x09,
    0x10,0x89,0x80,0x00,0x00,0x8c,0xe0,0x08,0xa9,0x89,0x80,0x00,0x00,0x8c,0xe0,0x0a,0x88,0x89,0x80,0x0f,
    0x81,0x8f,0x80,0x80,0x27,0x27,0x98,0x24,0x3b,0x24,0x80,0x25,0x80,0x25,0x82,0x00,0x00,0x80,0xe0,0x07,
    0x65,0x89,0x80,0x00,0x00,0x80,0xe0,0x09,0x34,0x89,0x80,0x00,0x00,0x80,0xe0,0x08,0xcd,0x89,0x80,0x00,
    0x00,0x80,0xe0,0x0a,0xcc,0x89,0x80,0x0f,0x81,0x8f,0x80,0x80,0x27,0x27,0x98,0x24,0x3b,0x24,0x80,0x25,
    0x80,0x25,0x82,0x00,0x00,0x8c,0xe0,0x07,0x65,0x89,0x80,0x00,0x00,0x8c,0xe0,0x09,0x34,0x89,0x80,0x00,
    0x00,0x8c,0xe0,0x08,0xcd,0x89,0x80,0x00,0x00,0x8c,0xe0,0x0a,0xcc,0x89,0x80,0x0f,0x81,0x8f,0x80,0x80,
    0x27,0x27,0x98,0x24,0x3b,0x24,0x80,0x25,0x80,0x25,0x82,0x40,0x49,0xc0,0xbe,0xfb,0x16,0xa0,0xbf,0xff,
    0x00,0xb8,0xbe,0xf0,0xeb,0xff,0xff,0x2d,0x82,0x0d,0xbf,0x48,0x50,0xc0,0x98,0x2d,0x81,0x0d,0xbf,0x38,
    0xff,0x38,0x98,0x18,0xed,0xff,0xff,0x02,0x00,0xb5,0xbf,0xf7,0x43,0x89,0xbf,0xe8,0x01,0x0f,0xcc,0xd3,
    0xa5,0x03,0x38,0xe9,0x01,0x0f,0xcc,0xd7,0xad,0x03,0x38,0xea,0x01,0x0f,0xcc,0xdb,0xb5,0x03,0x38,0xeb,
    0x01,0x0f,0xcc,0xdf,0xbd,0x03,0x38,0xec,0x50,0x0e,0xcc,0xd3,0x51,0x40,0x1f,0xed,0x50,0x0e,0xcc,0xd7,
    0x51,0x50,0x1f,0xee,0x50,0x0e,0xcc,0xdb,0x51,0x60,0x1f,0xef,0x50,0x0e,0xcc,0xdf,0x51,0x70,0x1f,0x00,
    0x00,0x80,0xe0,0x07,0xd2,0x89,0x80,0x00,0x00,0x80,0xe0,0x09,0xd3,0x89,0x80,0x00,0x00,0x80,0xe0,0x08,
    0xda,0x89,0x80,0x00,0x00,0x80,0xe0,0x0a,0xdb,0x89,0x80,0x0f,0x81,0x8f,0x80,0x80,0x27,0x27,0x98,0x24,
    0x3b,0x24,0x80,0x25,0x80,0x25,0x82,0x00,0x00,0x8c,0xe0,0x07,0xd2,0x89,0x80,0x00,0x00,0x8c,0xe0,0x09,
    0xd3,0x89,0x80,0x00,0x00,0x8c,0xe0,0x08,0xda,0x89,0x80,0x00,0x00,0x8c,0xe0,0x0a,0xdb,0x89,0x80,0x0f,
    0x81,0x8f,0x80,0x80,0x27,0x27,0x98,0x24,0x3b,0x24,0x80,0x25,0x80,0x25,0x82,0x00,0x00,0x80,0xe0,0x07,
    0xd6,0x89,0x80,0x00,0x00,0x80,0xe0,0x09,0xd7,0x89,0x80,0x00,0x00,0x80,0xe0,0x08,0xde,0x89,0x80,0x00,
    0x00,0x80,0xe0,0x0a,0xdf,0x89,0x80,0x0f,0x81,0x8f,0x80,0x80,0x27,0x27,0x98,0x24,0x3b,0x24,0x80,0x25,
    0x80,0x25,0x82,0x00,0x00,0x8c,0xe0,0x07,0xd6,0x89,0x80,0x00,0x00,0x8c,0xe0,0x09,0xd7,0x89,0x80,0x00,
    0x00,0x8c,0xe0,0x08,0xde,0x89,0x80,0x00,0x00,0x8c,0xe0,0x0a,0xdf,0x89,0x80,0x0f,0x81,0x8f,0x80,0x80,
    0x27,0x27,0x98,0x24,0x3b,0x24,0x80,0x25,0x80,0x25,0x82,0x40,0x49,0xc0,0xbe,0xb0,0x16,0xa0,0xbf,0xff,
    0x00,0xb8,0xbe,0x64,0xea,0xff,0xff,0x2d,0x82,0x0d,0xbf,0x48,0x50,0xc0,0x98,0x2d,0x81,0x0d,0xbf,0x38,
    0xff,0x38,0x98,0x8c,0xeb,0xff,0xff,0x02,0x00,0xb5,0xbf,0xf7,0x43,0x89,0xbf,0xe8,0x00,0x10,0xcc,0xd2,
    0x1f,0x02,0x08,0xe9,0x00,0x10,0xcc,0xd6,0x1f,0x02,0x08,0xea,0x00,0x10,0xcc,0xda,0x1f,0x02,0x08,0xeb,
    0x00,0x10,0xcc,0xde,0x1f,0x02,0x08,0xfa,0x02,0xa4,0x7f,0xe8,0xb1,0x00,0xff,0xfa,0x02,0xac,0x7f,0xe9,
    0xb1,0x00,0xff,0xfa,0x02,0xb4,0x7f,0xea,0xb1,0x00,0xff,0xfa,0x02,0xbc,0x7f,0xeb,0xb1,0x00,0xff,0xe8,
    0x50,0x0e,0xcc,0xd2,0x1f,0xa2,0x1f,0xe9,0x50,0x0e,0xcc,0xd6,0x1f,0xa6,0x1f,0xea,0x50,0x0e,0xcc,0xda,
    0x1f,0xaa,0x1f,0xeb,0x50,0x0e,0xcc,0xde,0x1f,0xae,0x1f,0xfa,0x02,0xa4,0x7f,0xe8,0x4e,0x00,0xff,0xfa,
    0x02,0xac,0x7f,0xe9,0x4e,0x00,0xff,0xfa,0x02,0xb4,0x7f,0xea,0x4e,0x00,0xff,0xfa,0x02,0xbc,0x7f,0xeb,
    0x4e,0x00,0xff,0xe8,0x50,0x0e,0xcc,0xd2,0x1f,0xa2,0x1f,0xe9,0x50,0x0e,0xcc,0xd6,0x1f,0xa6,0x1f,0xea,
    0x50,0x0e,0xcc,0xda,0x1f,0xaa,0x1f,0xeb,0x50,0x0e,0xcc,0xde,0x1f,0xae,0x1f,0x00,0x00,0x80,0xe0,0x07,
    0xd2,0x89,0x80,0x00,0x00,0x80,0xe0,0x09,0xd3,0x89,0x80,0x00,0x00,0x80,0xe0,0x08,0xda,0x89,0x80,0x00,
    0x00,0x80,0xe0,0x0a,0xdb,0x89,0x80,0x0f,0x81,0x8f,0x80,0x80,0x27,0x27,0x98,0x24,0x3b,0x24,0x80,0x25,
    0x80,0x25,0x82,0x00,0x00,0x8c,0xe0,0x07,0xd2,0x89,0x80,0x00,0x00,0x8c,0xe0,0x09,0xd3,0x89,0x80,0x00,
    0x00,0x8c,0xe0,0x08,0xda,0x89,0x80,0x00,0x00,0x8c,0xe0,0x0a,0xdb,0x89,0x80,0x0f,0x81,0x8f,0x80,0x80,
    0x27,0x27,0x98,0x24,0x3b,0x24,0x80,0x25,0x80,0x25,0x82,0x00,0x00,0x80,0xe0,0x07,0xd6,0x89,0x80,0x00,
    0x00,0x80,0xe0,0x09,0xd7,0x89,0x80,0x00,0x00,0x80,0xe0,0x08,0xde,0x89,0x80,0x00,0x00,0x80,0xe0,0x0a,
    0xdf,0x89,0x80,0x0f,0x81,0x8f,0x80,0x80,0x27,0x27,0x98,0x24,0x3b,0x24,0x80,0x25,0x80,0x25,0x82,0x00,
    0x00,0x8c,0xe0,0x07,0xd6,0x89,0x80,0x00,0x00,0x8c,0xe0,0x09,0xd7,0x89,0x80,0x00,0x00,0x8c,0xe0,0x08,
    0xde,0x89,0x80,0x00,0x00,0x8c,0xe0,0x0a,0xdf,0x89,0x80,0x0f,0x81,0x8f,0x80,0x80,0x27,0x27,0x98,0x24,
    0x3b,0x24,0x80,0x25,0x80,0x25,0x82,0x40,0x49,0xc0,0xbe,0x4d,0x16,0xa0,0xbf,0x40,0x12,0x7c,0xdb,0x01,
    0x12,0x00,0x00,0x10,0x00,0x7c,0xdb,0x01,0x1e,0x00,0x00,0x01,0x00,0xb5,0xbf,0x38,0x9f,0x39,0x86,0x40,
    0x38,0x40,0x80,0x41,0x39,0x41,0x82,0x2d,0x81,0x0d,0xbf,0xc1,0x80,0xb6,0x98,0x80,0x00,0xff,0xbe,0x07,
    0xfc,0x89,0xbf,0x00,0x00,0xbd,0xbf,0x24,0x03,0x8a,0x7e,0x25,0x03,0x8c,0x7e,0x26,0x03,0x8e,0x7e,0x27,
    0x03,0x90,0x7e,0x28,0x03,0x92,0x7e,0x29,0x03,0x94,0x7e,0x2a,0x03,0x96,0x7e,0x2b,0x03,0x98,0x7e,0x68,
    0x00,0x0f,0xcc,0x24,0x7b,0x02,0x18,0x69,0x00,0x0f,0xcc,0x25,0x7d,0x02,0x18,0x6a,0x00,0x0f,0xcc,0x26,
    0x7f,0x02,0x18,0x6b,0x00,0x0f,0xcc,0x27,0x81,0x02,0x18,0x6c,0x00,0x0f,0xcc,0x28,0x83,0x02,0x18,0x6d,
    0x00,0x0f,0xcc,0x29,0x85,0x02,0x18,0x6e,0x00,0x0f,0xcc,0x2a,0x87,0x02,0x18,0x6f,0x00,0x0f,0xcc,0x2b,
    0x89,0x02,0x18,0x68,0x00,0x10,0xcc,0x68,0xe1,0x01,0x08,0x69,0x00,0x10,0xcc,0x69,0xe1,0x01,0x08,0x6a,
    0x00,0x10,0xcc,0x6a,0xe1,0x01,0x08,0x6b,0x00,0x10,0xcc,0x6b,0xe1,0x01,0x08,0x6c,0x00,0x10,0xcc,0x6c,
    0xe1,0x01,0x08,0x6d,0x00,0x10,0xcc,0x6d,0xe1,0x01,0x08,0x6e,0x00,0x10,0xcc,0x6e,0xe1,0x01,0x08,0x6f,
    0x00,0x10,0xcc,0x6f,0xe1,0x01,0x08,0x68,0x40,0x0e,0xcc,0x2c,0xe1,0xa1,0x0d,0x69,0x40,0x0e,0xcc,0x2d,
    0xe1,0xa5,0x0d,0x6a,0x40,0x0e,0xcc,0x2e,0xe1,0xa9,0x0d,0x6b,0x40,0x0e,0xcc,0x2f,0xe1,0xad,0x0d,0x6c,
    0x40,0x0e,0xcc,0x30,0xe1,0xb1,0x0d,0x6d,0x40,0x0e,0xcc,0x31,0xe1,0xb5,0x0d,0x6e,0x40,0x0e,0xcc,0x32,
    0xe1,0xb9,0x0d,0x6f,0x40,0x0e,0xcc,0x33,0xe1,0xbd,0x0d,0x89,0x40,0x0e,0xcc,0x2c,0xe7,0xa1,0x0d,0x8a,
    0x40,0x0e,0xcc,0x2d,0xe7,0xa5,0x0d,0x8b,0x40,0x0e,0xcc,0x2e,0xe7,0xa9,0x0d,0x8c,0x40,0x0e,0xcc,0x2f,
    0xe7,0xad,0x0d,0x8d,0x40,0x0e,0xcc,0x30,0xe7,0xb1,0x0d,0x8e,0x40,0x0e,0xcc,0x31,0xe7,0xb5,0x0d,0x8f,
    0x40,0x0e,0xcc,0x32,0xe7,0xb9,0x0d,0x90,0x40,0x0e,0xcc,0x33,0xe7,0xbd,0x0d,0x3d,0x03,0x58,0x7f,0x3e,
    0x03,0x5a,0x7f,0x3f,0x03,0x5c,0x7f,0x40,0x03,0x5e,0x7f,0x41,0x03,0x60,0x7f,0x42,0x03,0x62,0x7f,0x43,
    0x03,0x64,0x7f,0x44,0x03,0x66,0x7f,0xc1,0x00,0xff,0xbe,0x0c,0x00,0x01,0xd5,0x0e,0x07,0xda,0x00,0x80,
    0x00,0xff,0xbe,0xc0,0x6c,0xfc,0xdb,0x0b,0x00,0x00,0x24,0xc0,0x75,0xfc,0xdb,0x0b,0x00,0x00,0x28,0x00,
    0x7f,0xfc,0xdb,0x0b,0x00,0x00,0x2c,0x00,0x88,0xfc,0xdb,0x0b,0x00,0x00,0x30,0xc1,0x00,0xff,0xbe,0x80,
    0x48,0x7c,0xdb,0x0c,0xe0,0x00,0x00,0x80,0x00,0xff,0xbe,0xd0,0x6c,0xfc,0xdb,0x0b,0x00,0x00,0x35,0xd0,
    0x75,0xfc,0xdb,0x0b,0x00,0x00,0x39,0x10,0x7f,0xfc,0xdb,0x0b,0x00,0x00,0x3d,0x10,0x88,0xfc,0xdb,0x0b,
    0x00,0x00,0x41,0xc1,0x00,0xff,0xbe,0xc0,0x4a,0x7c,0xdb,0x0c,0xe4,0x00,0x00,0x40,0x49,0xc0,0xbe,0x01,
    0x00,0xb5,0xbf,0x38,0x9f,0x39,0x86,0x17,0x22,0x97,0x80,0x80,0x38,0xb8,0x98,0x40,0x38,0x40,0x80,0x41,
    0x39,0x41,0x82,0x2d,0x81,0x0d,0xbf,0xc1,0x80,0xea,0x98,0x80,0x00,0xff,0xbe,0x07,0xfc,0x89,0xbf,0x00,
    0x00,0xbd,0xbf,0x04,0x05,0x52,0x7e,0x24,0x03,0xaa,0x7e,0x25,0x03,0xac,0x7e,0x26,0x03,0xae,0x7e,0x27,
    0x03,0xb0,0x7e,0x28,0x03,0xb2,0x7e,0x29,0x03,0xb4,0x7e,0x2a,0x03,0xb6,0x7e,0x2b,0x03,0xb8,0x7e,0x78,
    0x00,0x0f,0xcc,0x24,0x7b,0x02,0x18,0x79,0x00,0x0f,0xcc,0x25,0x7d,0x02,0x18,0x7a,0x00,0x0f,0xcc,0x26,
    0x7f,0x02,0x18,0x7b,0x00,0x0f,0xcc,0x27,0x81,0x02,0x18,0x7c,0x00,0x0f,0xcc,0x28,0x83,0x02,0x18,0x7d,
    0x00,0x0f,0xcc,0x29,0x85,0x02,0x18,0x7e,0x00,0x0f,0xcc,0x2a,0x87,0x02,0x18,0x7f,0x00,0x0f,0xcc,0x2b,
    0x89,0x02,0x18,0x78,0x00,0x10,0xcc,0x78,0xe1,0x01,0x08,0x79,0x00,0x10,0xcc,0x79,0xe1,0x01,0x08,0x7a,
    0x00,0x10,0xcc,0x7a,0xe1,0x01,0x08,0x7b,0x00,0x10,0xcc,0x7b,0xe1,0x01,0x08,0x7c,0x00,0x10,0xcc,0x7c,
    0xe1,0x01,0x08,0x7d,0x00,0x10,0xcc,0x7d,0xe1,0x01,0x08,0x7e,0x00,0x10,0xcc,0x7e,0xe1,0x01,0x08,0x7f,
    0x00,0x10,0xcc,0x7f,0xe1,0x01,0x08,0x78,0x40,0x0e,0xcc,0x2c,0xe1,0xe1,0x0d,0x79,0x40,0x0e,0xcc,0x2d,
    0xe1,0xe5,0x0d,0x7a,0x40,0x0e,0xcc,0x2e,0xe1,0xe9,0x0d,0x7b,0x40,0x0e,0xcc,0x2f,0xe1,0xed,0x0d,0x7c,
    0x40,0x0e,0xcc,0x30,0xe1,0xf1,0x0d,0x7d,0x40,0x0e,0xcc,0x31,0xe1,0xf5,0x0d,0x7e,0x40,0x0e,0xcc,0x32,
    0xe1,0xf9,0x0d,0x7f,0x40,0x0e,0xcc,0x33,0xe1,0xfd,0x0d,0x99,0x40,0x0e,0xcc,0x2c,0xe7,0xe1,0x0d,0x9a,
    0x40,0x0e,0xcc,0x2d,0xe7,0xe5,0x0d,0x9b,0x40,0x0e,0xcc,0x2e,0xe7,0xe9,0x0d,0x9c,0x40,0x0e,0xcc,0x2f,
    0xe7,0xed,0x0d,0x9d,0x40,0x0e,0xcc,0x30,0xe7,0xf1,0x0d,0x9e,0x40,0x0e,0xcc,0x31,0xe7,0xf5,0x0d,0x9f,
    0x40,0x0e,0xcc,0x32,0xe7,0xf9,0x0d,0xa0,0x40,0x0e,0xcc,0x33,0xe7,0xfd,0x0d,0x3d,0x03,0x78,0x7f,0x3e,
    0x03,0x7a,0x7f,0x3f,0x03,0x7c,0x7f,0x40,0x03,0x7e,0x7f,0x41,0x03,0x80,0x7f,0x42,0x03,0x82,0x7f,0x43,
    0x03,0x84,0x7f,0x44,0x03,0x86,0x7f,0xc1,0x00,0xff,0xbe,0x0d,0x03,0x16,0x02,0x29,0x81,0x0d,0xbf,0x2d,
    0x2d,0x2d,0x82,0x29,0x80,0x0d,0xbf,0x80,0x23,0x23,0x98,0x81,0x22,0x22,0x98,0x29,0x90,0x27,0x85,0x00,
    0x91,0xfc,0xdb,0x05,0x00,0x00,0x07,0x00,0x99,0xd8,0xd8,0x06,0x00,0x00,0x04,0x29,0x81,0x0d,0xbf,0x31,
    0x35,0x3b,0x98,0x10,0x12,0xa4,0x98,0x27,0x3b,0x38,0x96,0x27,0x3b,0xb9,0x96,0x27,0x81,0x0f,0x80,0x16,
    0x0f,0x8f,0x80,0x80,0x23,0x27,0x98,0x24,0x38,0x24,0x80,0x25,0x39,0x25,0x82,0x80,0x00,0xff,0xbe,0x80,
    0x48,0xfc,0xdb,0x0b,0x00,0x00,0x24,0x80,0x51,0xfc,0xdb,0x0b,0x00,0x00,0x28,0xc0,0x5a,0xfc,0xdb,0x0b,
    0x00,0x00,0x2c,0xc0,0x63,0xfc,0xdb,0x0b,0x00,0x00,0x30,0xc1,0x00,0xff,0xbe,0xc0,0x6c,0x7c,0xdb,0x0c,
    0xe8,0x00,0x00,0x80,0x00,0xff,0xbe,0x90,0x48,0xfc,0xdb,0x0b,0x00,0x00,0x35,0x90,0x51,0xfc,0xdb,0x0b,
    0x00,0x00,0x39,0xd0,0x5a,0xfc,0xdb,0x0b,0x00,0x00,0x3d,0xd0,0x63,0xfc,0xdb,0x0b,0x00,0x00,0x41,0xc1,
    0x00,0xff,0xbe,0x00,0x6f,0x7c,0xdb,0x0c,0xec,0x00,0x00,0xa7,0xfc,0x89,0xbf,0x40,0x49,0xc0,0xbe,0x80,
    0x36,0x7c,0xdb,0x02,0x12,0x00,0x00,0x50,0x24,0x7c,0xdb,0x02,0x1e,0x00,0x00,0x01,0x00,0xb5,0xbf,0x38,
    0x9f,0x39,0x86,0x40,0x38,0x40,0x80,0x41,0x39,0x41,0x82,0x2d,0x81,0x0d,0xbf,0xc1,0x80,0xb6,0x98,0x80,
    0x00,0xff,0xbe,0x07,0xfc,0x89,0xbf,0x00,0x00,0xbd,0xbf,0x24,0x03,0x9a,0x7e,0x25,0x03,0x9c,0x7e,0x26,
    0x03,0x9e,0x7e,0x27,0x03,0xa0,0x7e,0x28,0x03,0xa2,0x7e,0x29,0x03,0xa4,0x7e,0x2a,0x03,0xa6,0x7e,0x2b,
    0x03,0xa8,0x7e,0x70,0x00,0x0f,0xcc,0x24,0x7b,0x02,0x18,0x71,0x00,0x0f,0xcc,0x25,0x7d,0x02,0x18,0x72,
    0x00,0x0f,0xcc,0x26,0x7f,0x02,0x18,0x73,0x00,0x0f,0xcc,0x27,0x81,0x02,0x18,0x74,0x00,0x0f,0xcc,0x28,
    0x83,0x02,0x18,0x75,0x00,0x0f,0xcc,0x29,0x85,0x02,0x18,0x76,0x00,0x0f,0xcc,0x2a,0x87,0x02,0x18,0x77,
    0x00,0x0f,0xcc,0x2b,0x89,0x02,0x18,0x70,0x00,0x10,0xcc,0x70,0xe1,0x01,0x08,0x71,0x00,0x10,0xcc,0x71,
    0xe1,0x01,0x08,0x72,0x00,0x10,0xcc,0x72,0xe1,0x01,0x08,0x73,0x00,0x10,0xcc,0x73,0xe1,0x01,0x08,0x74,
    0x00,0x10,0xcc,0x74,0xe1,0x01,0x08,0x75,0x00,0x10,0xcc,0x75,0xe1,0x01,0x08,0x76,0x00,0x10,0xcc,0x76,
    0xe1,0x01,0x08,0x77,0x00,0x10,0xcc,0x77,0xe1,0x01,0x08,0x70,0x40,0x0e,0xcc,0x2c,0xe1,0xc1,0x0d,0x71,
    0x40,0x0e,0xcc,0x2d,0xe1,0xc5,0x0d,0x72,0x40,0x0e,0xcc,0x2e,0xe1,0xc9,0x0d,0x73,0x40,0x0e,0xcc,0x2f,
    0xe1,0xcd,0x0d,0x74,0x40,0x0e,0xcc,0x30,0xe1,0xd1,0x0d,0x75,0x40,0x0e,0xcc,0x31,0xe1,0xd5,0x0d,0x76,
    0x40,0x0e,0xcc,0x32,0xe1,0xd9,0x0d,0x77,0x40,0x0e,0xcc,0x33,0xe1,0xdd,0x0d,0x91,0x40,0x0e,0xcc,0x2c,
    0xe7,0xc1,0x0d,0x92,0x40,0x0e,0xcc,0x2d,0xe7,0xc5,0x0d,0x93,0x40,0x0e,0xcc,0x2e,0xe7,0xc9,0x0d,0x94,
    0x40,0x0e,0xcc,0x2f,0xe7,0xcd,0x0d,0x95,0x40,0x0e,0xcc,0x30,0xe7,0xd1,0x0d,0x96,0x40,0x0e,0xcc,0x31,
    0xe7,0xd5,0x0d,0x97,0x40,0x0e,0xcc,0x32,0xe7,0xd9,0x0d,0x98,0x40,0x0e,0xcc,0x33,0xe7,0xdd,0x0d,0x3d,
    0x03,0x68,0x7f,0x3e,0x03,0x6a,0x7f,0x3f,0x03,0x6c,0x7f,0x40,0x03,0x6e,0x7f,0x41,0x03,0x70,0x7f,0x42,
    0x03,0x72,0x7f,0x43,0x03,0x74,0x7f,0x44,0x03,0x76,0x7f,0xc1,0x00,0xff,0xbe,0x0c,0x00,0x01,0xd5,0x0e,
    0x07,0xda,0x00,0x80,0x00,0xff,0xbe,0xc0,0x6c,0xfc,0xdb,0x0b,0x00,0x00,0x24,0xc0,0x75,0xfc,0xdb,0x0b,
    0x00,0x00,0x28,0x00,0x7f,0xfc,0xdb,0x0b,0x00,0x00,0x2c,0x00,0x88,0xfc,0xdb,0x0b,0x00,0x00,0x30,0xc1,
    0x00,0xff,0xbe,0x80,0x48,0x7c,0xdb,0x0c,0xe0,0x00,0x00,0x80,0x00,0xff,0xbe,0xd0,0x6c,0xfc,0xdb,0x0b,
    0x00,0x00,0x35,0xd0,0x75,0xfc,0xdb,0x0b,0x00,0x00,0x39,0x10,0x7f,0xfc,0xdb,0x0b,0x00,0x00,0x3d,0x10,
    0x88,0xfc,0xdb,0x0b,0x00,0x00,0x41,0xc1,0x00,0xff,0xbe,0xc0,0x4a,0x7c,0xdb,0x0c,0xe4,0x00,0x00,0x40,
    0x49,0xc0,0xbe,0x01,0x00,0xb5,0xbf,0x38,0x9f,0x39,0x86,0x40,0x38,0x40,0x80,0x41,0x39,0x41,0x82,0x2d,
    0x81,0x0d,0xbf,0xc1,0x80,0xea,0x98,0x80,0x00,0xff,0xbe,0x07,0xfc,0x89,0xbf,0x00,0x00,0xbd,0xbf,0x24,
    0x03,0xba,0x7e,0x25,0x03,0xbc,0x7e,0x26,0x03,0xbe,0x7e,0x27,0x03,0xc0,0x7e,0x28,0x03,0xc2,0x7e,0x29,
    0x03,0xc4,0x7e,0x2a,0x03,0xc6,0x7e,0x2b,0x03,0xc8,0x7e,0x80,0x00,0x0f,0xcc,0x24,0x7b,0x02,0x18,0x81,
    0x00,0x0f,0xcc,0x25,0x7d,0x02,0x18,0x82,0x00,0x0f,0xcc,0x26,0x7f,0x02,0x18,0x83,0x00,0x0f,0xcc,0x27,
    0x81,0x02,0x18,0x84,0x00,0x0f,0xcc,0x28,0x83,0x02,0x18,0x85,0x00,0x0f,0xcc,0x29,0x85,0x02,0x18,0x86,
    0x00,0x0f,0xcc,0x2a,0x87,0x02,0x18,0x87,0x00,0x0f,0xcc,0x2b,0x89,0x02,0x18,0x80,0x00,0x10,0xcc,0x80,
    0xe1,0x01,0x08,0x81,0x00,0x10,0xcc,0x81,0xe1,0x01,0x08,0x82,0x00,0x10,0xcc,0x82,0xe1,0x01,0x08,0x83,
    0x00,0x10,0xcc,0x83,0xe1,0x01,0x08,0x84,0x00,0x10,0xcc,0x84,0xe1,0x01,0x08,0x85,0x00,0x10,0xcc,0x85,
    0xe1,0x01,0x08,0x86,0x00,0x10,0xcc,0x86,0xe1,0x01,0x08,0x87,0x00,0x10,0xcc,0x87,0xe1,0x01,0x08,0x80,
    0x40,0x0e,0xcc,0x2c,0xe1,0x01,0x0e,0x81,0x40,0x0e,0xcc,0x2d,0xe1,0x05,0x0e,0x82,0x40,0x0e,0xcc,0x2e,
    0xe1,0x09,0x0e,0x83,0x40,0x0e,0xcc,0x2f,0xe1,0x0d,0x0e,0x84,0x40,0x0e,0xcc,0x30,0xe1,0x11,0x0e,0x85,
    0x40,0x0e,0xcc,0x31,0xe1,0x15,0x0e,0x86,0x40,0x0e,0xcc,0x32,0xe1,0x19,0x0e,0x87,0x40,0x0e,0xcc,0x33,
    0xe1,0x1d,0x0e,0xa1,0x40,0x0e,0xcc,0x2c,0xe7,0x01,0x0e,0xa2,0x40,0x0e,0xcc,0x2d,0xe7,0x05,0x0e,0xa3,
    0x40,0x0e,0xcc,0x2e,0xe7,0x09,0x0e,0xa4,0x40,0x0e,0xcc,0x2f,0xe7,0x0d,0x0e,0xa5,0x40,0x0e,0xcc,0x30,
    0xe7,0x11,0x0e,0xa6,0x40,0x0e,0xcc,0x31,0xe7,0x15,0x0e,0xa7,0x40,0x0e,0xcc,0x32,0xe7,0x19,0x0e,0xa8,
    0x40,0x0e,0xcc,0x33,0xe7,0x1d,0x0e,0x3d,0x03,0x88,0x7f,0x3e,0x03,0x8a,0x7f,0x3f,0x03,0x8c,0x7f,0x40,
    0x03,0x8e,0x7f,0x41,0x03,0x90,0x7f,0x42,0x03,0x92,0x7f,0x43,0x03,0x94,0x7f,0x44,0x03,0x96,0x7f,0xc1,
    0x00,0xff,0xbe,0x0d,0x05,0x16,0x02,0x80,0x00,0xff,0xbe,0x80,0x48,0xfc,0xdb,0x0b,0x00,0x00,0x24,0x80,
    0x51,0xfc,0xdb,0x0b,0x00,0x00,0x28,0xc0,0x5a,0xfc,0xdb,0x0b,0x00,0x00,0x2c,0xc0,0x63,0xfc,0xdb,0x0b,
    0x00,0x00,0x30,0xc1,0x00,0xff,0xbe,0xc0,0x6c,0x7c,0xdb,0x0c,0xe8,0x00,0x00,0x80,0x00,0xff,0xbe,0x90,
    0x48,0xfc,0xdb,0x0b,0x00,0x00,0x35,0x90,0x51,0xfc,0xdb,0x0b,0x00,0x00,0x39,0xd0,0x5a,0xfc,0xdb,0x0b,
    0x00,0x00,0x3d,0xd0,0x63,0xfc,0xdb,0x0b,0x00,0x00,0x41,0xc1,0x00,0xff,0xbe,0x00,0x6f,0x7c,0xdb,0x0c,
    0xec,0x00,0x00,0x40,0x49,0xc0,0xbe,0x40,0x12,0x7c,0xdb,0x01,0x12,0x00,0x00,0x10,0x00,0x7c,0xdb,0x01,
    0x1e,0x00,0x00,0x01,0x00,0xb5,0xbf,0x38,0x9f,0x39,0x86,0x40,0x38,0x40,0x80,0x41,0x39,0x41,0x82,0x2d,
    0x81,0x0d,0xbf,0xc1,0x80,0xb6,0x98,0x80,0x00,0xff,0xbe,0x07,0xfc,0x89,0xbf,0x24,0x03,0x8a,0x7e,0x25,
    0x03,0x8c,0x7e,0x26,0x03,0x8e,0x7e,0x27,0x03,0x90,0x7e,0x28,0x03,0x92,0x7e,0x29,0x03,0x94,0x7e,0x2a,
    0x03,0x96,0x7e,0x2b,0x03,0x98,0x7e,0x68,0x00,0x0f,0xcc,0x24,0x7b,0x02,0x18,0x69,0x00,0x0f,0xcc,0x25,
    0x7d,0x02,0x18,0x6a,0x00,0x0f,0xcc,0x26,0x7f,0x02,0x18,0x6b,0x00,0x0f,0xcc,0x27,0x81,0x02,0x18,0x6c,
    0x00,0x0f,0xcc,0x28,0x83,0x02,0x18,0x6d,0x00,0x0f,0xcc,0x29,0x85,0x02,0x18,0x6e,0x00,0x0f,0xcc,0x2a,
    0x87,0x02,0x18,0x6f,0x00,0x0f,0xcc,0x2b,0x89,0x02,0x18,0x68,0x00,0x10,0xcc,0x68,0xe1,0x01,0x08,0x69,
    0x00,0x10,0xcc,0x69,0xe1,0x01,0x08,0x6a,0x00,0x10,0xcc,0x6a,0xe1,0x01,0x08,0x6b,0x00,0x10,0xcc,0x6b,
    0xe1,0x01,0x08,0x6c,0x00,0x10,0xcc,0x6c,0xe1,0x01,0x08,0x6d,0x00,0x10,0xcc,0x6d,0xe1,0x01,0x08,0x6e,
    0x00,0x10,0xcc,0x6e,0xe1,0x01,0x08,0x6f,0x00,0x10,0xcc,0x6f,0xe1,0x01,0x08,0x68,0x40,0x0e,0xcc,0x2c,
    0xe1,0xa1,0x0d,0x69,0x40,0x0e,0xcc,0x2d,0xe1,0xa5,0x0d,0x6a,0x40,0x0e,0xcc,0x2e,0xe1,0xa9,0x0d,0x6b,
    0x40,0x0e,0xcc,0x2f,0xe1,0xad,0x0d,0x6c,0x40,0x0e,0xcc,0x30,0xe1,0xb1,0x0d,0x6d,0x40,0x0e,0xcc,0x31,
    0xe1,0xb5,0x0d,0x6e,0x40,0x0e,0xcc,0x32,0xe1,0xb9,0x0d,0x6f,0x40,0x0e,0xcc,0x33,0xe1,0xbd,0x0d,0x89,
    0x40,0x0e,0xcc,0x2c,0xe7,0xa1,0x0d,0x8a,0x40,0x0e,0xcc,0x2d,0xe7,0xa5,0x0d,0x8b,0x40,0x0e,0xcc,0x2e,
    0xe7,0xa9,0x0d,0x8c,0x40,0x0e,0xcc,0x2f,0xe7,0xad,0x0d,0x8d,0x40,0x0e,0xcc,0x30,0xe7,0xb1,0x0d,0x8e,
    0x40,0x0e,0xcc,0x31,0xe7,0xb5,0x0d,0x8f,0x40,0x0e,0xcc,0x32,0xe7,0xb9,0x0d,0x90,0x40,0x0e,0xcc,0x33,
    0xe7,0xbd,0x0d,0x3d,0x03,0x58,0x7f,0x3e,0x03,0x5a,0x7f,0x3f,0x03,0x5c,0x7f,0x40,0x03,0x5e,0x7f,0x41,
    0x03,0x60,0x7f,0x42,0x03,0x62,0x7f,0x43,0x03,0x64,0x7f,0x44,0x03,0x66,0x7f,0xc1,0x00,0xff,0xbe,0x0c,
    0x00,0x01,0xd5,0x0e,0x07,0xda,0x00,0x00,0x00,0xbd,0xbf,0x80,0x00,0xff,0xbe,0xc0,0x6c,0xfc,0xdb,0x0b,
    0x00,0x00,0x24,0xc0,0x75,0xfc,0xdb,0x0b,0x00,0x00,0x28,0x00,0x7f,0xfc,0xdb,0x0b,0x00,0x00,0x2c,0x00,
    0x88,0xfc,0xdb,0x0b,0x00,0x00,0x30,0xc1,0x00,0xff,0xbe,0x80,0x48,0x7c,0xdb,0x0c,0xe0,0x00,0x00,0x80,
    0x00,0xff,0xbe,0xd0,0x6c,0xfc,0xdb,0x0b,0x00,0x00,0x35,0xd0,0x75,0xfc,0xdb,0x0b,0x00,0x00,0x39,0x10,
    0x7f,0xfc,0xdb,0x0b,0x00,0x00,0x3d,0x10,0x88,0xfc,0xdb,0x0b,0x00,0x00,0x41,0xc1,0x00,0xff,0xbe,0xc0,
    0x4a,0x7c,0xdb,0x0c,0xe4,0x00,0x00,0x40,0x49,0xc0,0xbe,0x01,0x00,0xb5,0xbf,0x38,0x9f,0x39,0x86,0x17,
    0x22,0x97,0x80,0x80,0x38,0xb8,0x98,0x40,0x38,0x40,0x80,0x41,0x39,0x41,0x82,0x2d,0x81,0x0d,0xbf,0xc1,
    0x80,0xea,0x98,0x80,0x00,0xff,0xbe,0x07,0xfc,0x89,0xbf,0x04,0x05,0x52,0x7e,0x24,0x03,0xaa,0x7e,0x25,
    0x03,0xac,0x7e,0x26,0x03,0xae,0x7e,0x27,0x03,0xb0,0x7e,0x28,0x03,0xb2,0x7e,0x29,0x03,0xb4,0x7e,0x2a,
    0x03,0xb6,0x7e,0x2b,0x03,0xb8,0x7e,0x78,0x00,0x0f,0xcc,0x24,0x7b,0x02,0x18,0x79,0x00,0x0f,0xcc,0x25,
    0x7d,0x02,0x18,0x7a,0x00,0x0f,0xcc,0x26,0x7f,0x02,0x18,0x7b,0x00,0x0f,0xcc,0x27,0x81,0x02,0x18,0x7c,
    0x00,0x0f,0xcc,0x28,0x83,0x02,0x18,0x7d,0x00,0x0f,0xcc,0x29,0x85,0x02,0x18,0x7e,0x00,0x0f,0xcc,0x2a,
    0x87,0x02,0x18,0x7f,0x00,0x0f,0xcc,0x2b,0x89,0x02,0x18,0x78,0x00,0x10,0xcc,0x78,0xe1,0x01,0x08,0x79,
    0x00,0x10,0xcc,0x79,0xe1,0x01,0x08,0x7a,0x00,0x10,0xcc,0x7a,0xe1,0x01,0x08,0x7b,0x00,0x10,0xcc,0x7b,
    0xe1,0x01,0x08,0x7c,0x00,0x10,0xcc,0x7c,0xe1,0x01,0x08,0x7d,0x00,0x10,0xcc,0x7d,0xe1,0x01,0x08,0x7e,
    0x00,0x10,0xcc,0x7e,0xe1,0x01,0x08,0x7f,0x00,0x10,0xcc,0x7f,0xe1,0x01,0x08,0x78,0x40,0x0e,0xcc,0x2c,
    0xe1,0xe1,0x0d,0x79,0x40,0x0e,0xcc,0x2d,0xe1,0xe5,0x0d,0x7a,0x40,0x0e,0xcc,0x2e,0xe1,0xe9,0x0d,0x7b,
    0x40,0x0e,0xcc,0x2f,0xe1,0xed,0x0d,0x7c,0x40,0x0e,0xcc,0x30,0xe1,0xf1,0x0d,0x7d,0x40,0x0e,0xcc,0x31,
    0xe1,0xf5,0x0d,0x7e,0x40,0x0e,0xcc,0x32,0xe1,0xf9,0x0d,0x7f,0x40,0x0e,0xcc,0x33,0xe1,0xfd,0x0d,0x99,
    0x40,0x0e,0xcc,0x2c,0xe7,0xe1,0x0d,0x9a,0x40,0x0e,0xcc,0x2d,0xe7,0xe5,0x0d,0x9b,0x40,0x0e,0xcc,0x2e,
    0xe7,0xe9,0x0d,0x9c,0x40,0x0e,0xcc,0x2f,0xe7,0xed,0x0d,0x9d,0x40,0x0e,0xcc,0x30,0xe7,0xf1,0x0d,0x9e,
    0x40,0x0e,0xcc,0x31,0xe7,0xf5,0x0d,0x9f,0x40,0x0e,0xcc,0x32,0xe7,0xf9,0x0d,0xa0,0x40,0x0e,0xcc,0x33,
    0xe7,0xfd,0x0d,0x3d,0x03,0x78,0x7f,0x3e,0x03,0x7a,0x7f,0x3f,0x03,0x7c,0x7f,0x40,0x03,0x7e,0x7f,0x41,
    0x03,0x80,0x7f,0x42,0x03,0x82,0x7f,0x43,0x03,0x84,0x7f,0x44,0x03,0x86,0x7f,0xc1,0x00,0xff,0xbe,0x0d,
    0x03,0x16,0x02,0x00,0x00,0xbd,0xbf,0x29,0x81,0x0d,0xbf,0x2d,0x2d,0x2d,0x82,0x29,0x80,0x0d,0xbf,0x80,
    0x23,0x23,0x98,0x81,0x22,0x22,0x98,0x29,0x90,0x27,0x85,0x00,0x91,0xfc,0xdb,0x05,0x00,0x00,0x07,0x00,
    0x99,0xd8,0xd8,0x06,0x00,0x00,0x04,0x29,0x81,0x0d,0xbf,0x31,0x35,0x3b,0x98,0x10,0x12,0xa4,0x98,0x27,
    0x3b,0x38,0x96,0x27,0x3b,0xb9,0x96,0x27,0x81,0x0f,0x80,0x16,0x0f,0x8f,0x80,0x80,0x23,0x27,0x98,0x24,
    0x38,0x24,0x80,0x25,0x39,0x25,0x82,0x80,0x00,0xff,0xbe,0x80,0x48,0xfc,0xdb,0x0b,0x00,0x00,0x24,0x80,
    0x51,0xfc,0xdb,0x0b,0x00,0x00,0x28,0xc0,0x5a,0xfc,0xdb,0x0b,0x00,0x00,0x2c,0xc0,0x63,0xfc,0xdb,0x0b,
    0x00,0x00,0x30,0xc1,0x00,0xff,0xbe,0xc0,0x6c,0x7c,0xdb,0x0c,0xe8,0x00,0x00,0x80,0x00,0xff,0xbe,0x90,
    0x48,0xfc,0xdb,0x0b,0x00,0x00,0x35,0x90,0x51,0xfc,0xdb,0x0b,0x00,0x00,0x39,0xd0,0x5a,0xfc,0xdb,0x0b,
    0x00,0x00,0x3d,0xd0,0x63,0xfc,0xdb,0x0b,0x00,0x00,0x41,0xc1,0x00,0xff,0xbe,0x00,0x6f,0x7c,0xdb,0x0c,
    0xec,0x00,0x00,0xa7,0xfc,0x89,0xbf,0x40,0x49,0xc0,0xbe,0x80,0x36,0x7c,0xdb,0x02,0x12,0x00,0x00,0x50,
    0x24,0x7c,0xdb,0x02,0x1e,0x00,0x00,0x01,0x00,0xb5,0xbf,0x38,0x9f,0x39,0x86,0x40,0x38,0x40,0x80,0x41,
    0x39,0x41,0x82,0x2d,0x81,0x0d,0xbf,0xc1,0x80,0xb6,0x98,0x80,0x00,0xff,0xbe,0x07,0xfc,0x89,0xbf,0x24,
    0x03,0x9a,0x7e,0x25,0x03,0x9c,0x7e,0x26,0x03,0x9e,0x7e,0x27,0x03,0xa0,0x7e,0x28,0x03,0xa2,0x7e,0x29,
    0x03,0xa4,0x7e,0x2a,0x03,0xa6,0x7e,0x2b,0x03,0xa8,0x7e,0x70,0x00,0x0f,0xcc,0x24,0x7b,0x02,0x18,0x71,
    0x00,0x0f,0xcc,0x25,0x7d,0x02,0x18,0x72,0x00,0x0f,0xcc,0x26,0x7f,0x02,0x18,0x73,0x00,0x0f,0xcc,0x27,
    0x81,0x02,0x18,0x74,0x00,0x0f,0xcc,0x28,0x83,0x02,0x18,0x75,0x00,0x0f,0xcc,0x29,0x85,0x02,0x18,0x76,
    0x00,0x0f,0xcc,0x2a,0x87,0x02,0x18,0x77,0x00,0x0f,0xcc,0x2b,0x89,0x02,0x18,0x70,0x00,0x10,0xcc,0x70,
    0xe1,0x01,0x08,0x71,0x00,0x10,0xcc,0x71,0xe1,0x01,0x08,0x72,0x00,0x10,0xcc,0x72,0xe1,0x01,0x08,0x73,
    0x00,0x10,0xcc,0x73,0xe1,0x01,0x08,0x74,0x00,0x10,0xcc,0x74,0xe1,0x01,0x08,0x75,0x00,0x10,0xcc,0x75,
    0xe1,0x01,0x08,0x76,0x00,0x10,0xcc,0x76,0xe1,0x01,0x08,0x77,0x00,0x10,0xcc,0x77,0xe1,0x01,0x08,0x70,
    0x40,0x0e,0xcc,0x2c,0xe1,0xc1,0x0d,0x71,0x40,0x0e,0xcc,0x2d,0xe1,0xc5,0x0d,0x72,0x40,0x0e,0xcc,0x2e,
    0xe1,0xc9,0x0d,0x73,0x40,0x0e,0xcc,0x2f,0xe1,0xcd,0x0d,0x74,0x40,0x0e,0xcc,0x30,0xe1,0xd1,0x0d,0x75,
    0x40,0x0e,0xcc,0x31,0xe1,0xd5,0x0d,0x76,0x40,0x0e,0xcc,0x32,0xe1,0xd9,0x0d,0x77,0x40,0x0e,0xcc,0x33,
    0xe1,0xdd,0x0d,0x91,0x40,0x0e,0xcc,0x2c,0xe7,0xc1,0x0d,0x92,0x40,0x0e,0xcc,0x2d,0xe7,0xc5,0x0d,0x93,
    0x40,0x0e,0xcc,0x2e,0xe7,0xc9,0x0d,0x94,0x40,0x0e,0xcc,0x2f,0xe7,0xcd,0x0d,0x95,0x40,0x0e,0xcc,0x30,
    0xe7,0xd1,0x0d,0x96,0x40,0x0e,0xcc,0x31,0xe7,0xd5,0x0d,0x97,0x40,0x0e,0xcc,0x32,0xe7,0xd9,0x0d,0x98,
    0x40,0x0e,0xcc,0x33,0xe7,0xdd,0x0d,0x3d,0x03,0x68,0x7f,0x3e,0x03,0x6a,0x7f,0x3f,0x03,0x6c,0x7f,0x40,
    0x03,0x6e,0x7f,0x41,0x03,0x70,0x7f,0x42,0x03,0x72,0x7f,0x43,0x03,0x74,0x7f,0x44,0x03,0x76,0x7f,0xc1,
    0x00,0xff,0xbe,0x0c,0x00,0x01,0xd5,0x0e,0x07,0xda,0x00,0x00,0x00,0xbd,0xbf,0x80,0x00,0xff,0xbe,0xc0,
    0x6c,0xfc,0xdb,0x0b,0x00,0x00,0x24,0xc0,0x75,0xfc,0xdb,0x0b,0x00,0x00,0x28,0x00,0x7f,0xfc,0xdb,0x0b,
    0x00,0x00,0x2c,0x00,0x88,0xfc,0xdb,0x0b,0x00,0x00,0x30,0xc1,0x00,0xff,0xbe,0x80,0x48,0x7c,0xdb,0x0c,
    0xe0,0x00,0x00,0x80,0x00,0xff,0xbe,0xd0,0x6c,0xfc,0xdb,0x0b,0x00,0x00,0x35,0xd0,0x75,0xfc,0xdb,0x0b,
    0x00,0x00,0x39,0x10,0x7f,0xfc,0xdb,0x0b,0x00,0x00,0x3d,0x10,0x88,0xfc,0xdb,0x0b,0x00,0x00,0x41,0xc1,
    0x00,0xff,0xbe,0xc0,0x4a,0x7c,0xdb,0x0c,0xe4,0x00,0x00,0x40,0x49,0xc0,0xbe,0x01,0x00,0xb5,0xbf,0x38,
    0x9f,0x39,0x86,0x40,0x38,0x40,0x80,0x41,0x39,0x41,0x82,0x2d,0x81,0x0d,0xbf,0xc1,0x80,0xea,0x98,0x80,
    0x00,0xff,0xbe,0x07,0xfc,0x89,0xbf,0x24,0x03,0xba,0x7e,0x25,0x03,0xbc,0x7e,0x26,0x03,0xbe,0x7e,0x27,
    0x03,0xc0,0x7e,0x28,0x03,0xc2,0x7e,0x29,0x03,0xc4,0x7e,0x2a,0x03,0xc6,0x7e,0x2b,0x03,0xc8,0x7e,0x80,
    0x00,0x0f,0xcc,0x24,0x7b,0x02,0x18,0x81,0x00,0x0f,0xcc,0x25,0x7d,0x02,0x18,0x82,0x00,0x0f,0xcc,0x26,
    0x7f,0x02,0x18,0x83,0x00,0x0f,0xcc,0x27,0x81,0x02,0x18,0x84,0x00,0x0f,0xcc,0x28,0x83,0x02,0x18,0x85,
    0x00,0x0f,0xcc,0x29,0x85,0x02,0x18,0x86,0x00,0x0f,0xcc,0x2a,0x87,0x02,0x18,0x87,0x00,0x0f,0xcc,0x2b,
    0x89,0x02,0x18,0x80,0x00,0x10,0xcc,0x80,0xe1,0x01,0x08,0x81,0x00,0x10,0xcc,0x81,0xe1,0x01,0x08,0x82,
    0x00,0x10,0xcc,0x82,0xe1,0x01,0x08,0x83,0x00,0x10,0xcc,0x83,0xe1,0x01,0x08,0x84,0x00,0x10,0xcc,0x84,
    0xe1,0x01,0x08,0x85,0x00,0x10,0xcc,0x85,0xe1,0x01,0x08,0x86,0x00,0x10,0xcc,0x86,0xe1,0x01,0x08,0x87,
    0x00,0x10,0xcc,0x87,0xe1,0x01,0x08,0x80,0x40,0x0e,0xcc,0x2c,0xe1,0x01,0x0e,0x81,0x40,0x0e,0xcc,0x2d,
    0xe1,0x05,0x0e,0x82,0x40,0x0e,0xcc,0x2e,0xe1,0x09,0x0e,0x83,0x40,0x0e,0xcc,0x2f,0xe1,0x0d,0x0e,0x84,
    0x40,0x0e,0xcc,0x30,0xe1,0x11,0x0e,0x85,0x40,0x0e,0xcc,0x31,0xe1,0x15,0x0e,0x86,0x40,0x0e,0xcc,0x32,
    0xe1,0x19,0x0e,0x87,0x40,0x0e,0xcc,0x33,0xe1,0x1d,0x0e,0xa1,0x40,0x0e,0xcc,0x2c,0xe7,0x01,0x0e,0xa2,
    0x40,0x0e,0xcc,0x2d,0xe7,0x05,0x0e,0xa3,0x40,0x0e,0xcc,0x2e,0xe7,0x09,0x0e,0xa4,0x40,0x0e,0xcc,0x2f,
    0xe7,0x0d,0x0e,0xa5,0x40,0x0e,0xcc,0x30,0xe7,0x11,0x0e,0xa6,0x40,0x0e,0xcc,0x31,0xe7,0x15,0x0e,0xa7,
    0x40,0x0e,0xcc,0x32,0xe7,0x19,0x0e,0xa8,0x40,0x0e,0xcc,0x33,0xe7,0x1d,0x0e,0x3d,0x03,0x88,0x7f,0x3e,
    0x03,0x8a,0x7f,0x3f,0x03,0x8c,0x7f,0x40,0x03,0x8e,0x7f,0x41,0x03,0x90,0x7f,0x42,0x03,0x92,0x7f,0x43,
    0x03,0x94,0x7f,0x44,0x03,0x96,0x7f,0xc1,0x00,0xff,0xbe,0x0d,0x05,0x16,0x02,0x00,0x00,0xbd,0xbf,0x80,
    0x00,0xff,0xbe,0x80,0x48,0xfc,0xdb,0x0b,0x00,0x00,0x24,0x80,0x51,0xfc,0xdb,0x0b,0x00,0x00,0x28,0xc0,
    0x5a,0xfc,0xdb,0x0b,0x00,0x00,0x2c,0xc0,0x63,0xfc,0xdb,0x0b,0x00,0x00,0x30,0xc1,0x00,0xff,0xbe,0xc0,
    0x6c,0x7c,0xdb,0x0c,0xe8,0x00,0x00,0x80,0x00,0xff,0xbe,0x90,0x48,0xfc,0xdb,0x0b,0x00,0x00,0x35,0x90,
    0x51,0xfc,0xdb,0x0b,0x00,0x00,0x39,0xd0,0x5a,0xfc,0xdb,0x0b,0x00,0x00,0x3d,0xd0,0x63,0xfc,0xdb,0x0b,
    0x00,0x00,0x41,0xc1,0x00,0xff,0xbe,0x00,0x6f,0x7c,0xdb,0x0c,0xec,0x00,0x00,0x40,0x49,0xc0,0xbe,0x40,
    0x12,0x7c,0xdb,0x01,0x12,0x00,0x00,0x10,0x00,0x7c,0xdb,0x01,0x1e,0x00,0x00,0x01,0x00,0xb5,0xbf,0x38,
    0x9f,0x39,0x86,0x40,0x38,0x40,0x80,0x41,0x39,0x41,0x82,0x2d,0x81,0x0d,0xbf,0xc1,0x80,0xb6,0x98,0x80,
    0x00,0xff,0xbe,0x07,0xfc,0x89,0xbf,0x00,0x00,0xbd,0xbf,0x24,0x02,0x0f,0xcc,0x24,0x6b,0x02,0x58,0x25,
    0x02,0x0f,0xcc,0x25,0x6d,0x02,0x58,0x26,0x02,0x0f,0xcc,0x26,0x6f,0x02,0x58,0x27,0x02,0x0f,0xcc,0x27,
    0x71,0x02,0x58,0x28,0x02,0x0f,0xcc,0x28,0x73,0x02,0x58,0x29,0x02,0x0f,0xcc,0x29,0x75,0x02,0x58,0x2a,
    0x02,0x0f,0xcc,0x2a,0x77,0x02,0x58,0x2b,0x02,0x0f,0xcc,0x2b,0x79,0x02,0x58,0x3d,0x02,0x0f,0xcc,0x3d,
    0x59,0x02,0x58,0x3e,0x02,0x0f,0xcc,0x3e,0x5b,0x02,0x58,0x3f,0x02,0x0f,0xcc,0x3f,0x5d,0x02,0x58,0x40,
    0x02,0x0f,0xcc,0x40,0x5f,0x02,0x58,0x41,0x02,0x0f,0xcc,0x41,0x61,0x02,0x58,0x42,0x02,0x0f,0xcc,0x42,
    0x63,0x02,0x58,0x43,0x02,0x0f,0xcc,0x43,0x65,0x02,0x58,0x44,0x02,0x0f,0xcc,0x44,0x67,0x02,0x58,0x12,
    0x00,0x42,0xcc,0x45,0x49,0x02,0x1a,0x12,0x60,0x42,0xcc,0x4d,0x49,0x02,0x1a,0x1e,0x00,0x42,0xcc,0xac,
    0x7b,0x02,0x1a,0x1e,0x60,0x42,0xcc,0xb4,0x7b,0x02,0x1a,0x24,0x00,0x0f,0xcc,0x2c,0x6b,0x02,0x18,0x25,
    0x00,0x0f,0xcc,0x2d,0x6d,0x02,0x18,0x26,0x00,0x0f,0xcc,0x2e,0x6f,0x02,0x18,0x27,0x00,0x0f,0xcc,0x2f,
    0x71,0x02,0x18,0x28,0x00,0x0f,0xcc,0x30,0x73,0x02,0x18,0x29,0x00,0x0f,0xcc,0x31,0x75,0x02,0x18,0x2a,
    0x00,0x0f,0xcc,0x32,0x77,0x02,0x18,0x2b,0x00,0x0f,0xcc,0x33,0x79,0x02,0x18,0x3d,0x02,0x0f,0xcc,0x35,
    0x59,0x02,0x58,0x3e,0x02,0x0f,0xcc,0x36,0x5b,0x02,0x58,0x3f,0x02,0x0f,0xcc,0x37,0x5d,0x02,0x58,0x40,
    0x02,0x0f,0xcc,0x38,0x5f,0x02,0x58,0x41,0x02,0x0f,0xcc,0x39,0x61,0x02,0x58,0x42,0x02,0x0f,0xcc,0x3a,
    0x63,0x02,0x58,0x43,0x02,0x0f,0xcc,0x3b,0x65,0x02,0x58,0x44,0x02,0x0f,0xcc,0x3c,0x67,0x02,0x58,0x16,
    0x00,0x42,0xcc,0x68,0x49,0x02,0x1a,0xc1,0x00,0xff,0xbe,0x16,0x60,0x42,0xcc,0x70,0x49,0x02,0x1a,0x1a,
    0x00,0x42,0xcc,0x89,0x7b,0x02,0x1a,0x1a,0x60,0x42,0xcc,0x91,0x7b,0x02,0x1a,0x0c,0x00,0x01,0xd5,0x0e,
    0x07,0xda,0x00,0x80,0x00,0xff,0xbe,0xc0,0x6c,0xfc,0xdb,0x0b,0x00,0x00,0x24,0xc0,0x75,0xfc,0xdb,0x0b,
    0x00,0x00,0x28,0x00,0x7f,0xfc,0xdb,0x0b,0x00,0x00,0x2c,0x00,0x88,0xfc,0xdb,0x0b,0x00,0x00,0x30,0xc1,
    0x00,0xff,0xbe,0x80,0x48,0x7c,0xdb,0x0c,0xe0,0x00,0x00,0x80,0x00,0xff,0xbe,0xd0,0x6c,0xfc,0xdb,0x0b,
    0x00,0x00,0x35,0xd0,0x75,0xfc,0xdb,0x0b,0x00,0x00,0x39,0x10,0x7f,0xfc,0xdb,0x0b,0x00,0x00,0x3d,0x10,
    0x88,0xfc,0xdb,0x0b,0x00,0x00,0x41,0xc1,0x00,0xff,0xbe,0xc0,0x4a,0x7c,0xdb,0x0c,0xe4,0x00,0x00,0x40,
    0x49,0xc0,0xbe,0x01,0x00,0xb5,0xbf,0x38,0x9f,0x39,0x86,0x17,0x22,0x97,0x80,0x80,0x38,0xb8,0x98,0x40,
    0x38,0x40,0x80,0x41,0x39,0x41,0x82,0x2d,0x81,0x0d,0xbf,0xc1,0x80,0xea,0x98,0x80,0x00,0xff,0xbe,0x07,
    0xfc,0x89,0xbf,0x00,0x00,0xbd,0xbf,0x04,0x05,0x52,0x7e,0x24,0x02,0x0f,0xcc,0x24,0x6b,0x02,0x58,0x25,
    0x02,0x0f,0xcc,0x25,0x6d,0x02,0x58,0x26,0x02,0x0f,0xcc,0x26,0x6f,0x02,0x58,0x27,0x02,0x0f,0xcc,0x27,
    0x71,0x02,0x58,0x28,0x02,0x0f,0xcc,0x28,0x73,0x02,0x58,0x29,0x02,0x0f,0xcc,0x29,0x75,0x02,0x58,0x2a,
    0x02,0x0f,0xcc,0x2a,0x77,0x02,0x58,0x2b,0x02,0x0f,0xcc,0x2b,0x79,0x02,0x58,0x3d,0x02,0x0f,0xcc,0x3d,
    0x59,0x02,0x58,0x3e,0x02,0x0f,0xcc,0x3e,0x5b,0x02,0x58,0x3f,0x02,0x0f,0xcc,0x3f,0x5d,0x02,0x58,0x40,
    0x02,0x0f,0xcc,0x40,0x5f,0x02,0x58,0x41,0x02,0x0f,0xcc,0x41,0x61,0x02,0x58,0x42,0x02,0x0f,0xcc,0x42,
    0x63,0x02,0x58,0x43,0x02,0x0f,0xcc,0x43,0x65,0x02,0x58,0x44,0x02,0x0f,0xcc,0x44,0x67,0x02,0x58,0x12,
    0x00,0x42,0xcc,0x55,0x49,0x4a,0x1c,0x12,0x60,0x42,0xcc,0x5d,0x49,0x4a,0x1c,0x1e,0x00,0x42,0xcc,0xbc,
    0x7b,0x7a,0x1c,0x1e,0x60,0x42,0xcc,0xc4,0x7b,0x7a,0x1c,0x24,0x00,0x0f,0xcc,0x2c,0x6b,0x02,0x18,0x25,
    0x00,0x0f,0xcc,0x2d,0x6d,0x02,0x18,0x26,0x00,0x0f,0xcc,0x2e,0x6f,0x02,0x18,0x27,0x00,0x0f,0xcc,0x2f,
    0x71,0x02,0x18,0x28,0x00,0x0f,0xcc,0x30,0x73,0x02,0x18,0x29,0x00,0x0f,0xcc,0x31,0x75,0x02,0x18,0x2a,
    0x00,0x0f,0xcc,0x32,0x77,0x02,0x18,0x2b,0x00,0x0f,0xcc,0x33,0x79,0x02,0x18,0x3d,0x02,0x0f,0xcc,0x35,
    0x59,0x02,0x58,0x3e,0x02,0x0f,0xcc,0x36,0x5b,0x02,0x58,0x3f,0x02,0x0f,0xcc,0x37,0x5d,0x02,0x58,0x40,
    0x02,0x0f,0xcc,0x38,0x5f,0x02,0x58,0x41,0x02,0x0f,0xcc,0x39,0x61,0x02,0x58,0x42,0x02,0x0f,0xcc,0x3a,
    0x63,0x02,0x58,0x43,0x02,0x0f,0xcc,0x3b,0x65,0x02,0x58,0x44,0x02,0x0f,0xcc,0x3c,0x67,0x02,0x58,0x16,
    0x00,0x42,0xcc,0x78,0x49,0x5a,0x1c,0xc1,0x00,0xff,0xbe,0x16,0x60,0x42,0xcc,0x80,0x49,0x5a,0x1c,0x1a,
    0x00,0x42,0xcc,0x99,0x7b,0x6a,0x1c,0x1a,0x60,0x42,0xcc,0xa1,0x7b,0x6a,0x1c,0x12,0x00,0x0f,0xcc,0x12,
    0x2d,0x02,0x18,0x13,0x00,0x0f,0xcc,0x13,0x2f,0x02,0x18,0x14,0x00,0x0f,0xcc,0x14,0x31,0x02,0x18,0x15,
    0x00,0x0f,0xcc,0x15,0x33,0x02,0x18,0x1e,0x00,0x0f,0xcc,0x16,0x3d,0x02,0x18,0x1f,0x00,0x0f,0xcc,0x17,
    0x3f,0x02,0x18,0x20,0x00,0x0f,0xcc,0x18,0x41,0x02,0x18,0x21,0x00,0x0f,0xcc,0x19,0x43,0x02,0x18,0x12,
    0x00,0x0f,0xcc,0x12,0x35,0x02,0x18,0x13,0x00,0x0f,0xcc,0x13,0x37,0x02,0x18,0x14,0x00,0x0f,0xcc,0x14,
    0x39,0x02,0x18,0x15,0x00,0x0f,0xcc,0x15,0x3b,0x02,0x18,0x1e,0x02,0x0f,0xcc,0x1e,0x35,0x02,0x58,0x1f,
    0x02,0x0f,0xcc,0x1f,0x37,0x02,0x58,0x20,0x02,0x0f,0xcc,0x20,0x39,0x02,0x58,0x21,0x02,0x0f,0xcc,0x21,
    0x3b,0x02,0x58,0x0d,0x03,0x16,0x02,0x29,0x81,0x0d,0xbf,0x2d,0x2d,0x2d,0x82,0x29,0x80,0x0d,0xbf,0x80,
    0x23,0x23,0x98,0x81,0x22,0x22,0x98,0x29,0x90,0x27,0x85,0x00,0x91,0xfc,0xdb,0x05,0x00,0x00,0x07,0x00,
    0x99,0xd8,0xd8,0x06,0x00,0x00,0x04,0x29,0x81,0x0d,0xbf,0x31,0x35,0x3b,0x98,0x10,0x12,0xa4,0x98,0x27,
    0x3b,0x38,0x96,0x27,0x3b,0xb9,0x96,0x27,0x81,0x0f,0x80,0x16,0x0f,0x8f,0x80,0x80,0x23,0x27,0x98,0x24,
    0x38,0x24,0x80,0x25,0x39,0x25,0x82,0x80,0x00,0xff,0xbe,0x80,0x48,0xfc,0xdb,0x0b,0x00,0x00,0x24,0x80,
    0x51,0xfc,0xdb,0x0b,0x00,0x00,0x28,0xc0,0x5a,0xfc,0xdb,0x0b,0x00,0x00,0x2c,0xc0,0x63,0xfc,0xdb,0x0b,
    0x00,0x00,0x30,0xc1,0x00,0xff,0xbe,0xc0,0x6c,0x7c,0xdb,0x0c,0xe8,0x00,0x00,0x80,0x00,0xff,0xbe,0x90,
    0x48,0xfc,0xdb,0x0b,0x00,0x00,0x35,0x90,0x51,0xfc,0xdb,0x0b,0x00,0x00,0x39,0xd0,0x5a,0xfc,0xdb,0x0b,
    0x00,0x00,0x3d,0xd0,0x63,0xfc,0xdb,0x0b,0x00,0x00,0x41,0xc1,0x00,0xff,0xbe,0x00,0x6f,0x7c,0xdb,0x0c,
    0xec,0x00,0x00,0xa7,0xfc,0x89,0xbf,0x40,0x49,0xc0,0xbe,0x80,0x36,0x7c,0xdb,0x02,0x12,0x00,0x00,0x50,
    0x24,0x7c,0xdb,0x02,0x1e,0x00,0x00,0x01,0x00,0xb5,0xbf,0x38,0x9f,0x39,0x86,0x40,0x38,0x40,0x80,0x41,
    0x39,0x41,0x82,0x2d,0x81,0x0d,0xbf,0xc1,0x80,0xb6,0x98,0x80,0x00,0xff,0xbe,0x07,0xfc,0x89,0xbf,0x00,
    0x00,0xbd,0xbf,0x24,0x02,0x0f,0xcc,0x24,0x6b,0x02,0x58,0x25,0x02,0x0f,0xcc,0x25,0x6d,0x02,0x58,0x26,
    0x02,0x0f,0xcc,0x26,0x6f,0x02,0x58,0x27,0x02,0x0f,0xcc,0x27,0x71,0x02,0x58,0x28,0x02,0x0f,0xcc,0x28,
    0x73,0x02,0x58,0x29,0x02,0x0f,0xcc,0x29,0x75,0x02,0x58,0x2a,0x02,0x0f,0xcc,0x2a,0x77,0x02,0x58,0x2b,
    0x02,0x0f,0xcc,0x2b,0x79,0x02,0x58,0x3d,0x02,0x0f,0xcc,0x3d,0x59,0x02,0x58,0x3e,0x02,0x0f,0xcc,0x3e,
    0x5b,0x02,0x58,0x3f,0x02,0x0f,0xcc,0x3f,0x5d,0x02,0x58,0x40,0x02,0x0f,0xcc,0x40,0x5f,0x02,0x58,0x41,
    0x02,0x0f,0xcc,0x41,0x61,0x02,0x58,0x42,0x02,0x0f,0xcc,0x42,0x63,0x02,0x58,0x43,0x02,0x0f,0xcc,0x43,
    0x65,0x02,0x58,0x44,0x02,0x0f,0xcc,0x44,0x67,0x02,0x58,0x12,0x00,0x42,0xcc,0x45,0x49,0x02,0x1a,0x12,
    0x60,0x42,0xcc,0x4d,0x49,0x02,0x1a,0x1e,0x00,0x42,0xcc,0xac,0x7b,0x02,0x1a,0x1e,0x60,0x42,0xcc,0xb4,
    0x7b,0x02,0x1a,0x24,0x00,0x0f,0xcc,0x2c,0x6b,0x02,0x18,0x25,0x00,0x0f,0xcc,0x2d,0x6d,0x02,0x18,0x26,
    0x00,0x0f,0xcc,0x2e,0x6f,0x02,0x18,0x27,0x00,0x0f,0xcc,0x2f,0x71,0x02,0x18,0x28,0x00,0x0f,0xcc,0x30,
    0x73,0x02,0x18,0x29,0x00,0x0f,0xcc,0x31,0x75,0x02,0x18,0x2a,0x00,0x0f,0xcc,0x32,0x77,0x02,0x18,0x2b,
    0x00,0x0f,0xcc,0x33,0x79,0x02,0x18,0x3d,0x02,0x0f,0xcc,0x35,0x59,0x02,0x58,0x3e,0x02,0x0f,0xcc,0x36,
    0x5b,0x02,0x58,0x3f,0x02,0x0f,0xcc,0x37,0x5d,0x02,0x58,0x40,0x02,0x0f,0xcc,0x38,0x5f,0x02,0x58,0x41,
    0x02,0x0f,0xcc,0x39,0x61,0x02,0x58,0x42,0x02,0x0f,0xcc,0x3a,0x63,0x02,0x58,0x43,0x02,0x0f,0xcc,0x3b,
    0x65,0x02,0x58,0x44,0x02,0x0f,0xcc,0x3c,0x67,0x02,0x58,0x16,0x00,0x42,0xcc,0x68,0x49,0x02,0x1a,0xc1,
    0x00,0xff,0xbe,0x16,0x60,0x42,0xcc,0x70,0x49,0x02,0x1a,0x1a,0x00,0x42,0xcc,0x89,0x7b,0x02,0x1a,0x1a,
    0x60,0x42,0xcc,0x91,0x7b,0x02,0x1a,0x0c,0x00,0x01,0xd5,0x0e,0x07,0xda,0x00,0x80,0x00,0xff,0xbe,0xc0,
    0x6c,0xfc,0xdb,0x0b,0x00,0x00,0x24,0xc0,0x75,0xfc,0xdb,0x0b,0x00,0x00,0x28,0x00,0x7f,0xfc,0xdb,0x0b,
    0x00,0x00,0x2c,0x00,0x88,0xfc,0xdb,0x0b,0x00,0x00,0x30,0xc1,0x00,0xff,0xbe,0x80,0x48,0x7c,0xdb,0x0c,
    0xe0,0x00,0x00,0x80,0x00,0xff,0xbe,0xd0,0x6c,0xfc,0xdb,0x0b,0x00,0x00,0x35,0xd0,0x75,0xfc,0xdb,0x0b,
    0x00,0x00,0x39,0x10,0x7f,0xfc,0xdb,0x0b,0x00,0x00,0x3d,0x10,0x88,0xfc,0xdb,0x0b,0x00,0x00,0x41,0xc1,
    0x00,0xff,0xbe,0xc0,0x4a,0x7c,0xdb,0x0c,0xe4,0x00,0x00,0x40,0x49,0xc0,0xbe,0x01,0x00,0xb5,0xbf,0x38,
    0x9f,0x39,0x86,0x40,0x38,0x40,0x80,0x41,0x39,0x41,0x82,0x2d,0x81,0x0d,0xbf,0xc1,0x80,0xea,0x98,0x80,
    0x00,0xff,0xbe,0x07,0xfc,0x89,0xbf,0x00,0x00,0xbd,0xbf,0x24,0x02,0x0f,0xcc,0x24,0x6b,0x02,0x58,0x25,
    0x02,0x0f,0xcc,0x25,0x6d,0x02,0x58,0x26,0x02,0x0f,0xcc,0x26,0x6f,0x02,0x58,0x27,0x02,0x0f,0xcc,0x27,
    0x71,0x02,0x58,0x28,0x02,0x0f,0xcc,0x28,0x73,0x02,0x58,0x29,0x02,0x0f,0xcc,0x29,0x75,0x02,0x58,0x2a,
    0x02,0x0f,0xcc,0x2a,0x77,0x02,0x58,0x2b,0x02,0x0f,0xcc,0x2b,0x79,0x02,0x58,0x3d,0x02,0x0f,0xcc,0x3d,
    0x59,0x02,0x58,0x3e,0x02,0x0f,0xcc,0x3e,0x5b,0x02,0x58,0x3f,0x02,0x0f,0xcc,0x3f,0x5d,0x02,0x58,0x40,
    0x02,0x0f,0xcc,0x40,0x5f,0x02,0x58,0x41,0x02,0x0f,0xcc,0x41,0x61,0x02,0x58,0x42,0x02,0x0f,0xcc,0x42,
    0x63,0x02,0x58,0x43,0x02,0x0f,0xcc,0x43,0x65,0x02,0x58,0x44,0x02,0x0f,0xcc,0x44,0x67,0x02,0x58,0x12,
    0x00,0x42,0xcc,0x55,0x49,0x4a,0x1c,0x12,0x60,0x42,0xcc,0x5d,0x49,0x4a,0x1c,0x1e,0x00,0x42,0xcc,0xbc,
    0x7b,0x7a,0x1c,0x1e,0x60,0x42,0xcc,0xc4,0x7b,0x7a,0x1c,0x24,0x00,0x0f,0xcc,0x2c,0x6b,0x02,0x18,0x25,
    0x00,0x0f,0xcc,0x2d,0x6d,0x02,0x18,0x26,0x00,0x0f,0xcc,0x2e,0x6f,0x02,0x18,0x27,0x00,0x0f,0xcc,0x2f,
    0x71,0x02,0x18,0x28,0x00,0x0f,0xcc,0x30,0x73,0x02,0x18,0x29,0x00,0x0f,0xcc,0x31,0x75,0x02,0x18,0x2a,
    0x00,0x0f,0xcc,0x32,0x77,0x02,0x18,0x2b,0x00,0x0f,0xcc,0x33,0x79,0x02,0x18,0x3d,0x02,0x0f,0xcc,0x35,
    0x59,0x02,0x58,0x3e,0x02,0x0f,0xcc,0x36,0x5b,0x02,0x58,0x3f,0x02,0x0f,0xcc,0x37,0x5d,0x02,0x58,0x40,
    0x02,0x0f,0xcc,0x38,0x5f,0x02,0x58,0x41,0x02,0x0f,0xcc,0x39,0x61,0x02,0x58,0x42,0x02,0x0f,0xcc,0x3a,
    0x63,0x02,0x58,0x43,0x02,0x0f,0xcc,0x3b,0x65,0x02,0x58,0x44,0x02,0x0f,0xcc,0x3c,0x67,0x02,0x58,0x16,
    0x00,0x42,0xcc,0x78,0x49,0x5a,0x1c,0xc1,0x00,0xff,0xbe,0x16,0x60,0x42,0xcc,0x80,0x49,0x5a,0x1c,0x1a,
    0x00,0x42,0xcc,0x99,0x7b,0x6a,0x1c,0x1a,0x60,0x42,0xcc,0xa1,0x7b,0x6a,0x1c,0x12,0x00,0x0f,0xcc,0x12,
    0x2d,0x02,0x18,0x13,0x00,0x0f,0xcc,0x13,0x2f,0x02,0x18,0x14,0x00,0x0f,0xcc,0x14,0x31,0x02,0x18,0x15,
    0x00,0x0f,0xcc,0x15,0x33,0x02,0x18,0x1e,0x00,0x0f,0xcc,0x16,0x3d,0x02,0x18,0x1f,0x00,0x0f,0xcc,0x17,
    0x3f,0x02,0x18,0x20,0x00,0x0f,0xcc,0x18,0x41,0x02,0x18,0x21,0x00,0x0f,0xcc,0x19,0x43,0x02,0x18,0x12,
    0x00,0x0f,0xcc,0x12,0x35,0x02,0x18,0x13,0x00,0x0f,0xcc,0x13,0x37,0x02,0x18,0x14,0x00,0x0f,0xcc,0x14,
    0x39,0x02,0x18,0x15,0x00,0x0f,0xcc,0x15,0x3b,0x02,0x18,0x1e,0x02,0x0f,0xcc,0x1e,0x35,0x02,0x58,0x1f,
    0x02,0x0f,0xcc,0x1f,0x37,0x02,0x58,0x20,0x02,0x0f,0xcc,0x20,0x39,0x02,0x58,0x21,0x02,0x0f,0xcc,0x21,
    0x3b,0x02,0x58,0x0d,0x05,0x16,0x02,0x80,0x00,0xff,0xbe,0x80,0x48,0xfc,0xdb,0x0b,0x00,0x00,0x24,0x80,
    0x51,0xfc,0xdb,0x0b,0x00,0x00,0x28,0xc0,0x5a,0xfc,0xdb,0x0b,0x00,0x00,0x2c,0xc0,0x63,0xfc,0xdb,0x0b,
    0x00,0x00,0x30,0xc1,0x00,0xff,0xbe,0xc0,0x6c,0x7c,0xdb,0x0c,0xe8,0x00,0x00,0x80,0x00,0xff,0xbe,0x90,
    0x48,0xfc,0xdb,0x0b,0x00,0x00,0x35,0x90,0x51,0xfc,0xdb,0x0b,0x00,0x00,0x39,0xd0,0x5a,0xfc,0xdb,0x0b,
    0x00,0x00,0x3d,0xd0,0x63,0xfc,0xdb,0x0b,0x00,0x00,0x41,0xc1,0x00,0xff,0xbe,0x00,0x6f,0x7c,0xdb,0x0c,
    0xec,0x00,0x00,0x40,0x49,0xc0,0xbe,0x40,0x12,0x7c,0xdb,0x01,0x12,0x00,0x00,0x10,0x00,0x7c,0xdb,0x01,
    0x1e,0x00,0x00,0x01,0x00,0xb5,0xbf,0x38,0x9f,0x39,0x86,0x40,0x38,0x40,0x80,0x41,0x39,0x41,0x82,0x2d,
    0x81,0x0d,0xbf,0xc1,0x80,0xb6,0x98,0x80,0x00,0xff,0xbe,0x07,0xfc,0x89,0xbf,0x24,0x02,0x0f,0xcc,0x24,
    0x6b,0x02,0x58,0x25,0x02,0x0f,0xcc,0x25,0x6d,0x02,0x58,0x26,0x02,0x0f,0xcc,0x26,0x6f,0x02,0x58,0x27,
    0x02,0x0f,0xcc,0x27,0x71,0x02,0x58,0x28,0x02,0x0f,0xcc,0x28,0x73,0x02,0x58,0x29,0x02,0x0f,0xcc,0x29,
    0x75,0x02,0x58,0x2a,0x02,0x0f,0xcc,0x2a,0x77,0x02,0x58,0x2b,0x02,0x0f,0xcc,0x2b,0x79,0x02,0x58,0x3d,
    0x02,0x0f,0xcc,0x3d,0x59,0x02,0x58,0x3e,0x02,0x0f,0xcc,0x3e,0x5b,0x02,0x58,0x3f,0x02,0x0f,0xcc,0x3f,
    0x5d,0x02,0x58,0x40,0x02,0x0f,0xcc,0x40,0x5f,0x02,0x58,0x41,0x02,0x0f,0xcc,0x41,0x61,0x02,0x58,0x42,
    0x02,0x0f,0xcc,0x42,0x63,0x02,0x58,0x43,0x02,0x0f,0xcc,0x43,0x65,0x02,0x58,0x44,0x02,0x0f,0xcc,0x44,
    0x67,0x02,0x58,0x12,0x00,0x42,0xcc,0x45,0x49,0x02,0x1a,0x12,0x60,0x42,0xcc,0x4d,0x49,0x02,0x1a,0x1e,
    0x00,0x42,0xcc,0xac,0x7b,0x02,0x1a,0x1e,0x60,0x42,0xcc,0xb4,0x7b,0x02,0x1a,0x24,0x00,0x0f,0xcc,0x2c,
    0x6b,0x02,0x18,0x25,0x00,0x0f,0xcc,0x2d,0x6d,0x02,0x18,0x26,0x00,0x0f,0xcc,0x2e,0x6f,0x02,0x18,0x27,
    0x00,0x0f,0xcc,0x2f,0x71,0x02,0x18,0x28,0x00,0x0f,0xcc,0x30,0x73,0x02,0x18,0x29,0x00,0x0f,0xcc,0x31,
    0x75,0x02,0x18,0x2a,0x00,0x0f,0xcc,0x32,0x77,0x02,0x18,0x2b,0x00,0x0f,0xcc,0x33,0x79,0x02,0x18,0x3d,
    0x02,0x0f,0xcc,0x35,0x59,0x02,0x58,0x3e,0x02,0x0f,0xcc,0x36,0x5b,0x02,0x58,0x3f,0x02,0x0f,0xcc,0x37,
    0x5d,0x02,0x58,0x40,0x02,0x0f,0xcc,0x38,0x5f,0x02,0x58,0x41,0x02,0x0f,0xcc,0x39,0x61,0x02,0x58,0x42,
    0x02,0x0f,0xcc,0x3a,0x63,0x02,0x58,0x43,0x02,0x0f,0xcc,0x3b,0x65,0x02,0x58,0x44,0x02,0x0f,0xcc,0x3c,
    0x67,0x02,0x58,0x16,0x00,0x42,0xcc,0x68,0x49,0x02,0x1a,0xc1,0x00,0xff,0xbe,0x16,0x60,0x42,0xcc,0x70,
    0x49,0x02,0x1a,0x1a,0x00,0x42,0xcc,0x89,0x7b,0x02,0x1a,0x1a,0x60,0x42,0xcc,0x91,0x7b,0x02,0x1a,0x0c,
    0x00,0x01,0xd5,0x0e,0x07,0xda,0x00,0x00,0x00,0xbd,0xbf,0x80,0x00,0xff,0xbe,0xc0,0x6c,0xfc,0xdb,0x0b,
    0x00,0x00,0x24,0xc0,0x75,0xfc,0xdb,0x0b,0x00,0x00,0x28,0x00,0x7f,0xfc,0xdb,0x0b,0x00,0x00,0x2c,0x00,
    0x88,0xfc,0xdb,0x0b,0x00,0x00,0x30,0xc1,0x00,0xff,0xbe,0x80,0x48,0x7c,0xdb,0x0c,0xe0,0x00,0x00,0x80,
    0x00,0xff,0xbe,0xd0,0x6c,0xfc,0xdb,0x0b,0x00,0x00,0x35,0xd0,0x75,0xfc,0xdb,0x0b,0x00,0x00,0x39,0x10,
    0x7f,0xfc,0xdb,0x0b,0x00,0x00,0x3d,0x10,0x88,0xfc,0xdb,0x0b,0x00,0x00,0x41,0xc1,0x00,0xff,0xbe,0xc0,
    0x4a,0x7c,0xdb,0x0c,0xe4,0x00,0x00,0x40,0x49,0xc0,0xbe,0x01,0x00,0xb5,0xbf,0x38,0x9f,0x39,0x86,0x17,
    0x22,0x97,0x80,0x80,0x38,0xb8,0x98,0x40,0x38,0x40,0x80,0x41,0x39,0x41,0x82,0x2d,0x81,0x0d,0xbf,0xc1,
    0x80,0xea,0x98,0x80,0x00,0xff,0xbe,0x07,0xfc,0x89,0xbf,0x04,0x05,0x52,0x7e,0x24,0x02,0x0f,0xcc,0x24,
    0x6b,0x02,0x58,0x25,0x02,0x0f,0xcc,0x25,0x6d,0x02,0x58,0x26,0x02,0x0f,0xcc,0x26,0x6f,0x02,0x58,0x27,
    0x02,0x0f,0xcc,0x27,0x71,0x02,0x58,0x28,0x02,0x0f,0xcc,0x28,0x73,0x02,0x58,0x29,0x02,0x0f,0xcc,0x29,
    0x75,0x02,0x58,0x2a,0x02,0x0f,0xcc,0x2a,0x77,0x02,0x58,0x2b,0x02,0x0f,0xcc,0x2b,0x79,0x02,0x58,0x3d,
    0x02,0x0f,0xcc,0x3d,0x59,0x02,0x58,0x3e,0x02,0x0f,0xcc,0x3e,0x5b,0x02,0x58,0x3f,0x02,0x0f,0xcc,0x3f,
    0x5d,0x02,0x58,0x40,0x02,0x0f,0xcc,0x40,0x5f,0x02,0x58,0x41,0x02,0x0f,0xcc,0x41,0x61,0x02,0x58,0x42,
    0x02,0x0f,0xcc,0x42,0x63,0x02,0x58,0x43,0x02,0x0f,0xcc,0x43,0x65,0x02,0x58,0x44,0x02,0x0f,0xcc,0x44,
    0x67,0x02,0x58,0x12,0x00,0x42,0xcc,0x55,0x49,0x4a,0x1c,0x12,0x60,0x42,0xcc,0x5d,0x49,0x4a,0x1c,0x1e,
    0x00,0x42,0xcc,0xbc,0x7b,0x7a,0x1c,0x1e,0x60,0x42,0xcc,0xc4,0x7b,0x7a,0x1c,0x24,0x00,0x0f,0xcc,0x2c,
    0x6b,0x02,0x18,0x25,0x00,0x0f,0xcc,0x2d,0x6d,0x02,0x18,0x26,0x00,0x0f,0xcc,0x2e,0x6f,0x02,0x18,0x27,
    0x00,0x0f,0xcc,0x2f,0x71,0x02,0x18,0x28,0x00,0x0f,0xcc,0x30,0x73,0x02,0x18,0x29,0x00,0x0f,0xcc,0x31,
    0x75,0x02,0x18,0x2a,0x00,0x0f,0xcc,0x32,0x77,0x02,0x18,0x2b,0x00,0x0f,0xcc,0x33,0x79,0x02,0x18,0x3d,
    0x02,0x0f,0xcc,0x35,0x59,0x02,0x58,0x3e,0x02,0x0f,0xcc,0x36,0x5b,0x02,0x58,0x3f,0x02,0x0f,0xcc,0x37,
    0x5d,0x02,0x58,0x40,0x02,0x0f,0xcc,0x38,0x5f,0x02,0x58,0x41,0x02,0x0f,0xcc,0x39,0x61,0x02,0x58,0x42,
    0x02,0x0f,0xcc,0x3a,0x63,0x02,0x58,0x43,0x02,0x0f,0xcc,0x3b,0x65,0x02,0x58,0x44,0x02,0x0f,0xcc,0x3c,
    0x67,0x02,0x58,0x16,0x00,0x42,0xcc,0x78,0x49,0x5a,0x1c,0xc1,0x00,0xff,0xbe,0x16,0x60,0x42,0xcc,0x80,
    0x49,0x5a,0x1c,0x1a,0x00,0x42,0xcc,0x99,0x7b,0x6a,0x1c,0x1a,0x60,0x42,0xcc,0xa1,0x7b,0x6a,0x1c,0x12,
    0x00,0x0f,0xcc,0x12,0x2d,0x02,0x18,0x13,0x00,0x0f,0xcc,0x13,0x2f,0x02,0x18,0x14,0x00,0x0f,0xcc,0x14,
    0x31,0x02,0x18,0x15,0x00,0x0f,0xcc,0x15,0x33,0x02,0x18,0x1e,0x00,0x0f,0xcc,0x16,0x3d,0x02,0x18,0x1f,
    0x00,0x0f,0xcc,0x17,0x3f,0x02,0x18,0x20,0x00,0x0f,0xcc,0x18,0x41,0x02,0x18,0x21,0x00,0x0f,0xcc,0x19,
    0x43,0x02,0x18,0x12,0x00,0x0f,0xcc,0x12,0x35,0x02,0x18,0x13,0x00,0x0f,0xcc,0x13,0x37,0x02,0x18,0x14,
    0x00,0x0f,0xcc,0x14,0x39,0x02,0x18,0x15,0x00,0x0f,0xcc,0x15,0x3b,0x02,0x18,0x1e,0x02,0x0f,0xcc,0x1e,
    0x35,0x02,0x58,0x1f,0x02,0x0f,0xcc,0x1f,0x37,0x02,0x58,0x20,0x02,0x0f,0xcc,0x20,0x39,0x02,0x58,0x21,
    0x02,0x0f,0xcc,0x21,0x3b,0x02,0x58,0x0d,0x03,0x16,0x02,0x00,0x00,0xbd,0xbf,0x29,0x81,0x0d,0xbf,0x2d,
    0x2d,0x2d,0x82,0x29,0x80,0x0d,0xbf,0x80,0x23,0x23,0x98,0x81,0x22,0x22,0x98,0x29,0x90,0x27,0x85,0x00,
    0x91,0xfc,0xdb,0x05,0x00,0x00,0x07,0x00,0x99,0xd8,0xd8,0x06,0x00,0x00,0x04,0x29,0x81,0x0d,0xbf,0x31,
    0x35,0x3b,0x98,0x10,0x12,0xa4,0x98,0x27,0x3b,0x38,0x96,0x27,0x3b,0xb9,0x96,0x27,0x81,0x0f,0x80,0x16,
    0x0f,0x8f,0x80,0x80,0x23,0x27,0x98,0x24,0x38,0x24,0x80,0x25,0x39,0x25,0x82,0x80,0x00,0xff,0xbe,0x80,
    0x48,0xfc,0xdb,0x0b,0x00,0x00,0x24,0x80,0x51,0xfc,0xdb,0x0b,0x00,0x00,0x28,0xc0,0x5a,0xfc,0xdb,0x0b,
    0x00,0x00,0x2c,0xc0,0x63,0xfc,0xdb,0x0b,0x00,0x00,0x30,0xc1,0x00,0xff,0xbe,0xc0,0x6c,0x7c,0xdb,0x0c,
    0xe8,0x00,0x00,0x80,0x00,0xff,0xbe,0x90,0x48,0xfc,0xdb,0x0b,0x00,0x00,0x35,0x90,0x51,0xfc,0xdb,0x0b,
    0x00,0x00,0x39,0xd0,0x5a,0xfc,0xdb,0x0b,0x00,0x00,0x3d,0xd0,0x63,0xfc,0xdb,0x0b,0x00,0x00,0x41,0xc1,
    0x00,0xff,0xbe,0x00,0x6f,0x7c,0xdb,0x0c,0xec,0x00,0x00,0xa7,0xfc,0x89,0xbf,0x40,0x49,0xc0,0xbe,0x80,
    0x36,0x7c,0xdb,0x02,0x12,0x00,0x00,0x50,0x24,0x7c,0xdb,0x02,0x1e,0x00,0x00,0x01,0x00,0xb5,0xbf,0x38,
    0x9f,0x39,0x86,0x40,0x38,0x40,0x80,0x41,0x39,0x41,0x82,0x2d,0x81,0x0d,0xbf,0xc1,0x80,0xb6,0x98,0x80,
    0x00,0xff,0xbe,0x07,0xfc,0x89,0xbf,0x24,0x02,0x0f,0xcc,0x24,0x6b,0x02,0x58,0x25,0x02,0x0f,0xcc,0x25,
    0x6d,0x02,0x58,0x26,0x02,0x0f,0xcc,0x26,0x6f,0x02,0x58,0x27,0x02,0x0f,0xcc,0x27,0x71,0x02,0x58,0x28,
    0x02,0x0f,0xcc,0x28,0x73,0x02,0x58,0x29,0x02,0x0f,0xcc,0x29,0x75,0x02,0x58,0x2a,0x02,0x0f,0xcc,0x2a,
    0x77,0x02,0x58,0x2b,0x02,0x0f,0xcc,0x2b,0x79,0x02,0x58,0x3d,0x02,0x0f,0xcc,0x3d,0x59,0x02,0x58,0x3e,
    0x02,0x0f,0xcc,0x3e,0x5b,0x02,0x58,0x3f,0x02,0x0f,0xcc,0x3f,0x5d,0x02,0x58,0x40,0x02,0x0f,0xcc,0x40,
    0x5f,0x02,0x58,0x41,0x02,0x0f,0xcc,0x41,0x61,0x02,0x58,0x42,0x02,0x0f,0xcc,0x42,0x63,0x02,0x58,0x43,
    0x02,0x0f,0xcc,0x43,0x65,0x02,0x58,0x44,0x02,0x0f,0xcc,0x44,0x67,0x02,0x58,0x12,0x00,0x42,0xcc,0x45,
    0x49,0x02,0x1a,0x12,0x60,0x42,0xcc,0x4d,0x49,0x02,0x1a,0x1e,0x00,0x42,0xcc,0xac,0x7b,0x02,0x1a,0x1e,
    0x60,0x42,0xcc,0xb4,0x7b,0x02,0x1a,0x24,0x00,0x0f,0xcc,0x2c,0x6b,0x02,0x18,0x25,0x00,0x0f,0xcc,0x2d,
    0x6d,0x02,0x18,0x26,0x00,0x0f,0xcc,0x2e,0x6f,0x02,0x18,0x27,0x00,0x0f,0xcc,0x2f,0x71,0x02,0x18,0x28,
    0x00,0x0f,0xcc,0x30,0x73,0x02,0x18,0x29,0x00,0x0f,0xcc,0x31,0x75,0x02,0x18,0x2a,0x00,0x0f,0xcc,0x32,
    0x77,0x02,0x18,0x2b,0x00,0x0f,0xcc,0x33,0x79,0x02,0x18,0x3d,0x02,0x0f,0xcc,0x35,0x59,0x02,0x58,0x3e,
    0x02,0x0f,0xcc,0x36,0x5b,0x02,0x58,0x3f,0x02,0x0f,0xcc,0x37,0x5d,0x02,0x58,0x40,0x02,0x0f,0xcc,0x38,
    0x5f,0x02,0x58,0x41,0x02,0x0f,0xcc,0x39,0x61,0x02,0x58,0x42,0x02,0x0f,0xcc,0x3a,0x63,0x02,0x58,0x43,
    0x02,0x0f,0xcc,0x3b,0x65,0x02,0x58,0x44,0x02,0x0f,0xcc,0x3c,0x67,0x02,0x58,0x16,0x00,0x42,0xcc,0x68,
    0x49,0x02,0x1a,0xc1,0x00,0xff,0xbe,0x16,0x60,0x42,0xcc,0x70,0x49,0x02,0x1a,0x1a,0x00,0x42,0xcc,0x89,
    0x7b,0x02,0x1a,0x1a,0x60,0x42,0xcc,0x91,0x7b,0x02,0x1a,0x0c,0x00,0x01,0xd5,0x0e,0x07,0xda,0x00,0x00,
    0x00,0xbd,0xbf,0x80,0x00,0xff,0xbe,0xc0,0x6c,0xfc,0xdb,0x0b,0x00,0x00,0x24,0xc0,0x75,0xfc,0xdb,0x0b,
    0x00,0x00,0x28,0x00,0x7f,0xfc,0xdb,0x0b,0x00,0x00,0x2c,0x00,0x88,0xfc,0xdb,0x0b,0x00,0x00,0x30,0xc1,
    0x00,0xff,0xbe,0x80,0x48,0x7c,0xdb,0x0c,0xe0,0x00,0x00,0x80,0x00,0xff,0xbe,0xd0,0x6c,0xfc,0xdb,0x0b,
    0x00,0x00,0x35,0xd0,0x75,0xfc,0xdb,0x0b,0x00,0x00,0x39,0x10,0x7f,0xfc,0xdb,0x0b,0x00,0x00,0x3d,0x10,
    0x88,0xfc,0xdb,0x0b,0x00,0x00,0x41,0xc1,0x00,0xff,0xbe,0xc0,0x4a,0x7c,0xdb,0x0c,0xe4,0x00,0x00,0x40,
    0x49,0xc0,0xbe,0x01,0x00,0xb5,0xbf,0x38,0x9f,0x39,0x86,0x40,0x38,0x40,0x80,0x41,0x39,0x41,0x82,0x2d,
    0x81,0x0d,0xbf,0xc1,0x80,0xea,0x98,0x80,0x00,0xff,0xbe,0x07,0xfc,0x89,0xbf,0x24,0x02,0x0f,0xcc,0x24,
    0x6b,0x02,0x58,0x25,0x02,0x0f,0xcc,0x25,0x6d,0x02,0x58,0x26,0x02,0x0f,0xcc,0x26,0x6f,0x02,0x58,0x27,
    0x02,0x0f,0xcc,0x27,0x71,0x02,0x58,0x28,0x02,0x0f,0xcc,0x28,0x73,0x02,0x58,0x29,0x02,0x0f,0xcc,0x29,
    0x75,0x02,0x58,0x2a,0x02,0x0f,0xcc,0x2a,0x77,0x02,0x58,0x2b,0x02,0x0f,0xcc,0x2b,0x79,0x02,0x58,0x3d,
    0x02,0x0f,0xcc,0x3d,0x59,0x02,0x58,0x3e,0x02,0x0f,0xcc,0x3e,0x5b,0x02,0x58,0x3f,0x02,0x0f,0xcc,0x3f,
    0x5d,0x02,0x58,0x40,0x02,0x0f,0xcc,0x40,0x5f,0x02,0x58,0x41,0x02,0x0f,0xcc,0x41,0x61,0x02,0x58,0x42,
    0x02,0x0f,0xcc,0x42,0x63,0x02,0x58,0x43,0x02,0x0f,0xcc,0x43,0x65,0x02,0x58,0x44,0x02,0x0f,0xcc,0x44,
    0x67,0x02,0x58,0x12,0x00,0x42,0xcc,0x55,0x49,0x4a,0x1c,0x12,0x60,0x42,0xcc,0x5d,0x49,0x4a,0x1c,0x1e,
    0x00,0x42,0xcc,0xbc,0x7b,0x7a,0x1c,0x1e,0x60,0x42,0xcc,0xc4,0x7b,0x7a,0x1c,0x24,0x00,0x0f,0xcc,0x2c,
    0x6b,0x02,0x18,0x25,0x00,0x0f,0xcc,0x2d,0x6d,0x02,0x18,0x26,0x00,0x0f,0xcc,0x2e,0x6f,0x02,0x18,0x27,
    0x00,0x0f,0xcc,0x2f,0x71,0x02,0x18,0x28,0x00,0x0f,0xcc,0x30,0x73,0x02,0x18,0x29,0x00,0x0f,0xcc,0x31,
    0x75,0x02,0x18,0x2a,0x00,0x0f,0xcc,0x32,0x77,0x02,0x18,0x2b,0x00,0x0f,0xcc,0x33,0x79,0x02,0x18,0x3d,
    0x02,0x0f,0xcc,0x35,0x59,0x02,0x58,0x3e,0x02,0x0f,0xcc,0x36,0x5b,0x02,0x58,0x3f,0x02,0x0f,0xcc,0x37,
    0x5d,0x02,0x58,0x40,0x02,0x0f,0xcc,0x38,0x5f,0x02,0x58,0x41,0x02,0x0f,0xcc,0x39,0x61,0x02,0x58,0x42,
    0x02,0x0f,0xcc,0x3a,0x63,0x02,0x58,0x43,0x02,0x0f,0xcc,0x3b,0x65,0x02,0x58,0x44,0x02,0x0f,0xcc,0x3c,
    0x67,0x02,0x58,0x16,0x00,0x42,0xcc,0x78,0x49,0x5a,0x1c,0xc1,0x00,0xff,0xbe,0x16,0x60,0x42,0xcc,0x80,
    0x49,0x5a,0x1c,0x1a,0x00,0x42,0xcc,0x99,0x7b,0x6a,0x1c,0x1a,0x60,0x42,0xcc,0xa1,0x7b,0x6a,0x1c,0x12,
    0x00,0x0f,0xcc,0x12,0x2d,0x02,0x18,0x13,0x00,0x0f,0xcc,0x13,0x2f,0x02,0x18,0x14,0x00,0x0f,0xcc,0x14,
    0x31,0x02,0x18,0x15,0x00,0x0f,0xcc,0x15,0x33,0x02,0x18,0x1e,0x00,0x0f,0xcc,0x16,0x3d,0x02,0x18,0x1f,
    0x00,0x0f,0xcc,0x17,0x3f,0x02,0x18,0x20,0x00,0x0f,0xcc,0x18,0x41,0x02,0x18,0x21,0x00,0x0f,0xcc,0x19,
    0x43,0x02,0x18,0x12,0x00,0x0f,0xcc,0x12,0x35,0x02,0x18,0x13,0x00,0x0f,0xcc,0x13,0x37,0x02,0x18,0x14,
    0x00,0x0f,0xcc,0x14,0x39,0x02,0x18,0x15,0x00,0x0f,0xcc,0x15,0x3b,0x02,0x18,0x1e,0x02,0x0f,0xcc,0x1e,
    0x35,0x02,0x58,0x1f,0x02,0x0f,0xcc,0x1f,0x37,0x02,0x58,0x20,0x02,0x0f,0xcc,0x20,0x39,0x02,0x58,0x21,
    0x02,0x0f,0xcc,0x21,0x3b,0x02,0x58,0x0d,0x05,0x16,0x02,0x00,0x00,0xbd,0xbf,0x80,0x00,0xff,0xbe,0x80,
    0x48,0xfc,0xdb,0x0b,0x00,0x00,0x24,0x80,0x51,0xfc,0xdb,0x0b,0x00,0x00,0x28,0xc0,0x5a,0xfc,0xdb,0x0b,
    0x00,0x00,0x2c,0xc0,0x63,0xfc,0xdb,0x0b,0x00,0x00,0x30,0xc1,0x00,0xff,0xbe,0xc0,0x6c,0x7c,0xdb,0x0c,
    0xe8,0x00,0x00,0x80,0x00,0xff,0xbe,0x90,0x48,0xfc,0xdb,0x0b,0x00,0x00,0x35,0x90,0x51,0xfc,0xdb,0x0b,
    0x00,0x00,0x39,0xd0,0x5a,0xfc,0xdb,0x0b,0x00,0x00,0x3d,0xd0,0x63,0xfc,0xdb,0x0b,0x00,0x00,0x41,0xc1,
    0x00,0xff,0xbe,0x00,0x6f,0x7c,0xdb,0x0c,0xec,0x00,0x00,0x40,0x49,0xc0,0xbe,0x13,0x00,0x10,0xd6,0x00,
    0x0d,0x05,0x02,0xbf,0x00,0x1c,0x36,0x6a,0x00,0x4a,0xd4,0x13,0x03,0x01,0x00,0x15,0x00,0x01,0xd5,0x80,
    0xfe,0xa9,0x01,0x00,0x04,0x00,0x00,0x13,0x00,0x01,0xd5,0x80,0xfe,0xa9,0x01,0x00,0x04,0x00,0x00,0x14,
    0x00,0x01,0xd5,0x80,0xfe,0xa9,0x01,0x00,0x01,0x00,0x00,0x0c,0x00,0x46,0xd6,0x0e,0x07,0x55,0x04,0x0f,
    0x00,0x46,0xd6,0x0e,0x05,0x51,0x04,0x10,0x00,0x46,0xd6,0x0e,0x05,0x01,0x02,0x0e,0x00,0x46,0xd6,0x0e,
    0x09,0x4d,0x04,0x1e,0x80,0x10,0xbf,0x80,0xff,0x53,0x98,0x00,0x40,0x01,0x11,0x1f,0xff,0x1f,0x8b,0xff,
    0xff,0x00,0x00,0x1f,0xff,0x1f,0x80,0x00,0x00,0x02,0x00,0x1e,0x01,0xd0,0xbe,0xff,0x00,0xd2,0xbe,0x00,
    0x00,0x00,0x80,0x13,0x00,0x1b,0xd5,0x00,0x7f,0x01,0x00,0x81,0x26,0x26,0x30,0x6a,0x00,0x49,0xd4,0x13,
    0x19,0x00,0x00,0x14,0x00,0x25,0xd5,0x13,0x03,0x01,0x00,0xff,0x26,0x26,0x02,0x00,0x00,0x00,0x80,0x6a,
    0x00,0x49,0xd4,0x14,0x19,0x00,0x00,0xff,0x28,0x28,0x02,0x00,0x00,0x00,0x80,0x00,0x00,0x80,0xe0,0x13,
    0x15,0x94,0x80,0x00,0x00,0x8c,0xe0,0x14,0x15,0x94,0x80,0xf7,0x03,0x89,0xbf,0x31,0x00,0x60,0xd7,0x15,
    0x01,0x01,0x00,0x35,0x00,0x60,0xd7,0x15,0x03,0x01,0x00,0x36,0x00,0x60,0xd7,0x15,0x05,0x01,0x00,0x37,
    0x00,0x60,0xd7,0x15,0x07,0x01,0x00,0x38,0x00,0x60,0xd7,0x15,0x09,0x01,0x00,0x39,0x00,0x60,0xd7,0x15,
    0x0b,0x01,0x00,0x3b,0x00,0x60,0xd7,0x15,0x0d,0x01,0x00,0x40,0x00,0x60,0xd7,0x15,0x0f,0x01,0x00,0x3a,
    0xff,0x4e,0x93,0x00,0x00,0x08,0x00,0x4e,0x80,0x06,0xbf,0xff,0x02,0xa0,0xbe,0x00,0x3c,0x00,0x3c,0x0f,
    0x00,0xa2,0xbf,0x4e,0x84,0x06,0xbf,0x13,0x00,0xa2,0xbf,0x4e,0x82,0x06,0xbf,0x14,0x00,0xa2,0xbf,0x20,
    0x14,0x26,0x7e,0x13,0x05,0x40,0x7e,0x21,0x14,0x26,0x7e,0x13,0x05,0x42,0x7e,0x6a,0x00,0x04,0xd4,0x20,
    0xe4,0x01,0x00,0x20,0x20,0x20,0x99,0x21,0x21,0x21,0x99,0x4e,0x83,0x06,0xbf,0x0d,0x00,0xa2,0xbf,0x03,
    0x00,0xa4,0xbf,0xff,0x00,0xca,0xbe,0x70,0x56,0x00,0x00,0x0b,0x00,0xa0,0xbf,0xff,0x00,0xca,0xbe,0x10,
    0x5a,0x00,0x00,0x08,0x00,0xa0,0xbf,0xff,0x00,0xca,0xbe,0xb0,0x5d,0x00,0x00,0x05,0x00,0xa0,0xbf,0xff,
    0x00,0xca,0xbe,0xd0,0x60,0x00,0x00,0x02,0x00,0xa0,0xbf,0xff,0x00,0xca,0xbe,0xb0,0x66,0x00,0x00,0x06,
    0xff,0x4c,0x80,0x2c,0x4b,0x00,0x00,0x07,0x80,0x4d,0x82,0xff,0x00,0xc9,0xbe,0x00,0xc0,0x00,0xbc,0xff,
    0x00,0xa4,0xbe,0x00,0x00,0x01,0x00,0xff,0x00,0xa5,0xbe,0x02,0x00,0x03,0x00,0xff,0x00,0xa6,0xbe,0x00,
    0x00,0x01,0x00,0x00,0x05,0x9c,0x7e,0xc0,0x4e,0x7c,0x8b,0xff,0x02,0xc9,0xbe,0x00,0xc0,0x00,0x3c,0xff,
    0x02,0xa4,0xbe,0x03,0x00,0x02,0x00,0x81,0x02,0xa5,0xbe,0x81,0x02,0xa6,0xbe,0x33,0x81,0x43,0x84,0x34,
    0x81,0x48,0x84,0x0c,0x00,0xc2,0xbe,0x15,0xff,0x15,0x8b,0xff,0xff,0x00,0x00,0x15,0xff,0x15,0x80,0x00,
    0x00,0x02,0x00,0x14,0x01,0xc4,0xbe,0xff,0x00,0xc6,0xbe,0x00,0x00,0x00,0x80,0x80,0x00,0xc7,0xbe,0x1c,
    0x81,0x1f,0x80,0x1f,0x81,0x1f,0x85,0x1f,0x81,0x4e,0x84,0x1d,0x81,0x4f,0x80,0x4f,0x81,0x4f,0x85,0x4f,
    0x82,0x4f,0x87,0x4f,0x1f,0x10,0x99,0x0b,0x0a,0x12,0x99,0x4e,0x1a,0x93,0x80,0x4f,0x1b,0x9e,0x80,0x1e,
    0x13,0x13,0x99,0x1d,0x1c,0x17,0x99,0x4f,0x81,0x9e,0x80,0x1e,0x4e,0x22,0x99,0x16,0x00,0x19,0xd5,0x90,
    0x20,0x00,0x00,0x17,0x00,0x12,0xd6,0xff,0x20,0x00,0x02,0xff,0xff,0x00,0x00,0x81,0x00,0x32,0x36,0x1f,
    0x00,0x10,0xd6,0x00,0x0d,0x05,0x02,0xbf,0x00,0x28,0x36,0x1a,0x00,0x59,0xd6,0xff,0x02,0x00,0x02,0x7c,
    0x00,0x00,0x00,0x1f,0x00,0x59,0xd6,0x82,0x0a,0x7c,0x04,0x18,0x00,0x59,0xd6,0x16,0x2f,0x02,0x02,0x80,
    0x32,0x94,0x7c,0x18,0x2f,0x40,0x02,0x15,0x00,0x59,0xd6,0xbe,0x3e,0x52,0x04,0x1a,0x2b,0x2a,0x02,0x20,
    0x73,0x4c,0x7e,0x26,0x41,0x4e,0x30,0xff,0x4e,0x4a,0x36,0x00,0xff,0xff,0xff,0xff,0x4e,0x94,0x7c,0x00,
    0x00,0x00,0x80,0x25,0x0d,0x4a,0x7e,0x25,0x55,0x42,0x7e,0xa0,0x4c,0x44,0x42,0x27,0x23,0x4c,0x7e,0x25,
    0x00,0x13,0xd6,0x25,0x43,0xce,0x03,0x25,0x00,0x13,0xd6,0x26,0x43,0x96,0x04,0x25,0x43,0x4a,0x5a,0x00,
    0x00,0x00,0x9f,0xff,0x4a,0x4a,0x10,0x00,0x00,0x80,0x5f,0x80,0x02,0x4c,0x7e,0x25,0x00,0x8d,0xd5,0x25,
    0x01,0x00,0x20,0x21,0x00,0x46,0xd6,0x21,0x13,0x95,0x04,0x26,0x6a,0xfe,0xd6,0x27,0x43,0x9a,0x04,0x21,
    0x6a,0x21,0xd5,0x21,0x83,0xa9,0x01,0xfa,0x02,0x48,0x7e,0x22,0x55,0x00,0xff,0xfa,0x02,0x44,0x7e,0x22,
    0x00,0x00,0xff,0xfa,0x02,0x46,0x7e,0x21,0x55,0x00,0xff,0xfa,0x02,0x42,0x7e,0x21,0x00,0x00,0xff,0x25,
    0x00,0x2d,0xd7,0x15,0x43,0x02,0x00,0x13,0x6a,0x00,0xd7,0x25,0x2b,0x02,0x00,0x25,0x6a,0x20,0xd5,0x80,
    0x00,0xa9,0x01,0xa0,0x44,0x94,0x7c,0x13,0x4b,0x26,0x02,0x13,0x00,0x16,0xd6,0x25,0x27,0x8a,0x04,0x25,
    0x00,0x2d,0xd7,0x15,0x47,0x02,0x00,0x04,0x6a,0x00,0xd7,0x25,0x2b,0x02,0x00,0x25,0x6a,0x20,0xd5,0x80,
    0x00,0xa9,0x01,0xa0,0x48,0x94,0x7c,0x04,0x4b,0x08,0x02,0x04,0x00,0x16,0xd6,0x25,0x09,0x92,0x04,0x1e,
    0x00,0x59,0xd6,0x13,0x2f,0x02,0x02,0x1d,0x00,0x59,0xd6,0x04,0x2d,0x02,0x02,0x15,0x3d,0x3c,0x4c,0x13,
    0x3b,0x3a,0x4c,0x50,0x00,0x60,0xd7,0x1e,0x03,0x01,0x00,0x1e,0x2f,0x3c,0x4c,0x11,0x00,0x60,0xd7,0x1d,
    0x03,0x01,0x00,0x1d,0x2d,0x3a,0x4c,0x0f,0x00,0x60,0xd7,0x04,0x03,0x01,0x00,0x04,0x00,0x26,0xd5,0x04,
    0x11,0x00,0x00,0x11,0x90,0x11,0x84,0x50,0xff,0x50,0x8b,0xff,0xff,0x00,0x00,0x11,0x50,0x11,0x80,0xfa,
    0x02,0x3c,0x7e,0x1e,0xa0,0x00,0xff,0xfa,0x02,0x3a,0x7e,0x1d,0xa0,0x00,0xff,0xfa,0x02,0x08,0x7e,0x04,
    0xa0,0x00,0xff,0x1e,0x6a,0x00,0xd7,0x1e,0x33,0x02,0x00,0x80,0x2e,0x38,0x02,0x1d,0x6a,0x20,0xd5,0x1d,
    0x01,0xa9,0x01,0x80,0x2c,0x36,0x02,0x04,0x6a,0x20,0xd5,0x04,0x01,0xa9,0x01,0x19,0x00,0x13,0xd5,0x14,
    0x7f,0x01,0x00,0x1e,0x39,0x3c,0x4c,0x1d,0x37,0x3a,0x4c,0x14,0x33,0x94,0x7c,0x90,0x3a,0x02,0x30,0x01,
    0x00,0x12,0xd6,0xff,0x3c,0x06,0x04,0xff,0xff,0x00,0x00,0x28,0x00,0x25,0xd5,0x04,0x11,0x00,0x00,0x19,
    0x00,0x21,0xd6,0x14,0x03,0xf9,0x02,0x02,0x00,0x2c,0xd7,0x28,0x55,0x00,0x00,0x0b,0x00,0x2c,0xd7,0x28,
    0x65,0x00,0x00,0x0f,0x2a,0x16,0x96,0x0f,0x32,0x23,0x96,0xff,0x04,0x04,0x02,0x00,0x00,0x00,0x80,0x14,
    0x33,0x94,0x7c,0xff,0x16,0x16,0x02,0x00,0x00,0x00,0x80,0x28,0x00,0x4e,0xd4,0x28,0x11,0x00,0x00,0x02,
    0x00,0x01,0xd5,0x02,0xff,0xa1,0x00,0x00,0x00,0x00,0x80,0x0b,0x00,0x01,0xd5,0x0b,0xff,0xa1,0x00,0x00,
    0x00,0x00,0x80,0x19,0x81,0x8b,0x80,0x0e,0x81,0x0d,0xbf,0x0b,0x80,0x0b,0x98,0xc1,0x81,0x0a,0x98,0x18,
    0x81,0x9b,0x80,0x0e,0x80,0x0d,0xbf,0x1b,0x80,0x1b,0x98,0xc1,0x81,0x1a,0x98,0x16,0x00,0x10,0xd6,0x00,
    0x0d,0x05,0x02,0x17,0x00,0x10,0xd6,0x00,0x09,0x05,0x02,0x13,0x00,0x10,0xd6,0x00,0x0b,0x05,0x02,0x16,
    0x00,0x46,0xd6,0x16,0x05,0x01,0x02,0x17,0x00,0x46,0xd6,0x17,0x07,0x59,0x04,0x15,0x00,0x10,0xd6,0x00,
    0x05,0x09,0x02,0x16,0x00,0x10,0xd6,0x00,0x07,0x05,0x02,0xfa,0x00,0x28,0x3a,0x00,0x70,0x00,0xff,0x13,
    0x00,0x46,0xd6,0x13,0x03,0x5d,0x04,0x15,0x2d,0x2a,0x3a,0x16,0x00,0x25,0xd5,0x13,0x03,0x01,0x00,0x11,
    0x00,0x5a,0xd6,0x15,0x15,0x2c,0x00,0x17,0x00,0x5a,0xd6,0x14,0x35,0x6c,0x00,0x11,0x00,0x59,0xd6,0x17,
    0x61,0x44,0x04,0x6a,0x00,0x49,0xd4,0x15,0x33,0x00,0x00,0xff,0x22,0x22,0x02,0x00,0x00,0x00,0x80,0x6a,
    0x00,0x49,0xd4,0x14,0x31,0x00,0x00,0xff,0x22,0x22,0x02,0x00,0x00,0x00,0x80,0x12,0x00,0x0b,0xd6,0x16,
    0x5d,0x44,0x04,0x11,0x00,0x0b,0xd6,0x13,0x5d,0x44,0x04,0x6a,0x00,0x49,0xd4,0x16,0x19,0x00,0x00,0xff,
    0x24,0x24,0x02,0x00,0x00,0x00,0x80,0x6a,0x00,0x49,0xd4,0x13,0x19,0x00,0x00,0xff,0x22,0x22,0x02,0x00,
    0x00,0x00,0x80,0x81,0x00,0xa7,0xbe,0x27,0x89,0x2d,0x84,0x2d,0x18,0x1a,0x4a,0x3a,0xff,0x0a,0x93,0x08,
    0x00,0x08,0x00,0x3a,0xff,0x0b,0x93,0x10,0x00,0x08,0x00,0x0b,0x80,0x06,0xbf,0x80,0x02,0x9c,0xbe,0x6c,
    0x00,0xa2,0xbf,0x0b,0xff,0x0b,0x80,0x00,0xff,0xff,0xff,0x3c,0x80,0x3c,0x80,0x3d,0x80,0x3d,0x82,0x0d,
    0x82,0x1b,0x85,0x1b,0xff,0x1b,0x8c,0x00,0x00,0x01,0x21,0x6a,0x00,0x4a,0xd4,0x00,0xff,0x01,0x00,0x00,
    0x01,0x00,0x00,0x6a,0x80,0x10,0xbf,0x80,0x1b,0x1b,0x98,0x80,0xff,0x1a,0x98,0x01,0x01,0x01,0x01,0x80,
    0x0a,0x8a,0x80,0x3c,0x01,0x98,0xbe,0x19,0xff,0x19,0x8b,0xff,0xff,0x00,0x00,0x19,0xff,0x19,0x8c,0x00,
    0x00,0x04,0x00,0x10,0xff,0x1f,0x8b,0xff,0xff,0x00,0x00,0x10,0x90,0x1e,0x85,0x1f,0x81,0x1f,0x85,0x1f,
    0x1e,0x1d,0x96,0x1d,0x08,0x1d,0x96,0x1d,0xbd,0x1d,0x80,0x14,0x00,0x61,0xd7,0xbe,0x00,0x01,0x00,0x14,
    0x00,0x61,0xd7,0x01,0x02,0x01,0x00,0x14,0x00,0x61,0xd7,0x8a,0x04,0x01,0x00,0x14,0x73,0x30,0x7e,0x18,
    0x29,0x32,0x30,0xff,0x32,0x34,0x36,0x00,0xff,0xff,0xff,0xff,0x32,0x94,0x7c,0x00,0x00,0x00,0x80,0x1a,
    0x0d,0x34,0x7e,0x1a,0x55,0x2c,0x7e,0xa0,0x30,0x2e,0x42,0x19,0x23,0x30,0x7e,0x1a,0x00,0x13,0xd6,0x1a,
    0x2d,0xce,0x03,0x1a,0x00,0x13,0xd6,0x18,0x2d,0x6a,0x04,0x1a,0x2d,0x34,0x5a,0x00,0x00,0x00,0x9f,0xff,
    0x34,0x34,0x10,0x00,0x00,0x80,0x5f,0x80,0x02,0x30,0x7e,0x1a,0x00,0x8d,0xd5,0x1a,0x01,0x00,0x20,0x16,
    0x00,0x46,0xd6,0x16,0x13,0x69,0x04,0x18,0x6a,0xfe,0xd6,0x19,0x2d,0x62,0x04,0x16,0x6a,0x21,0xd5,0x16,
    0x83,0xa9,0x01,0x18,0x00,0x2d,0xd7,0x1d,0x2c,0x02,0x00,0x15,0x6a,0x00,0xd7,0x18,0x3b,0x00,0x00,0x18,
    0x6a,0x20,0xd5,0x80,0x00,0xa9,0x01,0xa0,0x2e,0x94,0x7c,0x15,0x31,0x2a,0x02,0x15,0x00,0x16,0xd6,0x18,
    0x2b,0x5e,0x04,0xfa,0x02,0x2a,0x7e,0x15,0x00,0x00,0xff,0x18,0x00,0x2d,0xd7,0x15,0x2d,0x02,0x00,0x14,
    0x6a,0x00,0xd7,0x18,0x2b,0x02,0x00,0x18,0x6a,0x20,0xd5,0x80,0x00,0xa9,0x01,0xa0,0x2e,0x94,0x7c,0x14,
    0x31,0x28,0x02,0x14,0x00,0x16,0xd6,0x18,0x29,0x5e,0x04,0xfa,0x02,0x28,0x7e,0x14,0x55,0x00,0xff,0x15,
    0x00,0x25,0xd5,0x14,0x13,0x01,0x00,0x18,0x00,0x2d,0xd7,0x15,0x2d,0x02,0x00,0x15,0x6a,0x00,0xd7,0x18,
    0x2b,0x02,0x00,0x18,0x6a,0x20,0xd5,0x80,0x00,0xa9,0x01,0xa0,0x2e,0x94,0x7c,0x15,0x31,0x2a,0x02,0x15,
    0x00,0x16,0xd6,0x18,0x2b,0x5e,0x04,0x1e,0x00,0x60,0xd7,0x14,0x03,0x01,0x00,0x1f,0x00,0x60,0xd7,0x15,
    0x05,0x01,0x00,0x09,0x9f,0x1d,0x80,0x1d,0x85,0x1d,0x85,0x1d,0x81,0x06,0xbf,0x81,0x02,0x9f,0xbe,0x1e,
    0x1f,0x1c,0x80,0x1d,0x1c,0x1c,0x96,0x84,0x1c,0x1c,0x80,0x1c,0x81,0x9c,0x80,0x80,0x00,0xce,0xbe,0x80,
    0x00,0xcf,0xbe,0x80,0x00,0xd0,0xbe,0x80,0x00,0xd1,0xbe,0x80,0x00,0x9e,0xbe,0x88,0x00,0x9d,0xbe,0x1e,
    0x80,0x08,0xbf,0x04,0x00,0xa2,0xbf,0x04,0x03,0xba,0x7f,0x01,0x03,0xbc,0x7f,0x02,0x03,0xde,0x7f,0x0b,
    0x03,0xe0,0x7f,0xdd,0x03,0x08,0x7e,0xde,0x03,0x02,0x7e,0xef,0x03,0x04,0x7e,0xf0,0x03,0x16,0x7e,0x1e,
    0xa0,0x1e,0x80,0x1e,0x09,0x09,0xbf,0x80,0x02,0x9e,0xbe,0x86,0x82,0x1f,0x98,0x89,0x80,0x2e,0x98,0x1f,
    0x1d,0x9f,0x99,0x2e,0x1e,0x2e,0x99,0x1f,0x02,0xb8,0x7f,0x4c,0x49,0xcc,0xbe,0x07,0xfc,0x89,0xbf,0x00,
    0x00,0xbd,0xbf,0x28,0x50,0x0e,0xcc,0x2d,0x93,0xa0,0x1c,0x29,0x50,0x0e,0xcc,0x2e,0x93,0xa4,0x1c,0x2a,
    0x50,0x0e,0xcc,0x2f,0x93,0xa8,0x1c,0x2b,0x50,0x0e,0xcc,0x30,0x93,0xac,0x1c,0x11,0x03,0x0e,0x7e,0x12,
    0x03,0x10,0x7e,0xff,0x02,0x12,0x7e,0x00,0x00,0x00,0x80,0xff,0x02,0x14,0x7e,0x00,0x00,0x00,0x80,0xff,
    0x02,0x0a,0x7e,0x00,0x00,0x00,0x80,0xff,0x02,0x0c,0x7e,0x00,0x00,0x00,0x80,0x00,0x00,0xb5,0xbf,0x00,
    0x00,0xfc,0xdb,0x03,0x00,0x00,0x1e,0x00,0x91,0x7c,0xdb,0x0e,0x07,0x00,0x00,0x40,0x02,0xfc,0xdb,0x03,
    0x00,0x00,0x23,0x00,0x99,0x34,0xd8,0x0f,0xdc,0x00,0x00,0x02,0x00,0xb5,0xbf,0x1c,0x81,0x9c,0x80,0xff,
    0x1b,0x1b,0x98,0x00,0x00,0x01,0x21,0x4e,0x82,0x0d,0xbf,0x4a,0xff,0x4c,0x98,0x2c,0x4b,0x00,0x00,0x06,
    0x4c,0x4c,0x80,0x07,0x80,0x4d,0x82,0x4c,0x49,0xcc,0xbe,0x07,0xfc,0x89,0xbf,0x2d,0x18,0x1a,0x4a,0xf1,
    0x03,0xe6,0x7f,0xf2,0x03,0xe8,0x7f,0xdf,0x50,0x0e,0xcc,0x1e,0x93,0x50,0x1c,0xe0,0x50,0x0e,0xcc,0x1f,
    0x93,0x54,0x1c,0xe1,0x50,0x0e,0xcc,0x20,0x93,0x58,0x1c,0xe2,0x50,0x0e,0xcc,0x21,0x93,0x5c,0x1c,0x1e,
    0x02,0x0f,0xcc,0x19,0x3d,0x02,0x58,0x1f,0x02,0x0f,0xcc,0x1a,0x3f,0x02,0x58,0x20,0x02,0x0f,0xcc,0x1b,
    0x41,0x02,0x58,0x21,0x02,0x0f,0xcc,0x1c,0x43,0x02,0x58,0xe3,0x00,0x0f,0xcc,0x1e,0x47,0x02,0x18,0xe4,
    0x00,0x0f,0xcc,0x1f,0x49,0x02,0x18,0xe5,0x00,0x0f,0xcc,0x20,0x4b,0x02,0x18,0xe6,0x00,0x0f,0xcc,0x21,
    0x4d,0x02,0x18,0x00,0x00,0xb5,0xbf,0x00,0x9b,0xd8,0xd9,0x0d,0x00,0x00,0xf1,0x00,0x09,0xfc,0xdb,0x03,
    0x00,0x00,0x32,0x40,0x0b,0xfc,0xdb,0x03,0x00,0x00,0x37,0x00,0x00,0xbd,0xbf,0x0f,0x00,0x80,0xbf,0x02,
    0x00,0xb5,0xbf,0x4f,0x00,0xce,0xbe,0x50,0x00,0xcf,0xbe,0x51,0x00,0xd0,0xbe,0x1d,0x00,0xd1,0xbe,0x4e,
    0x80,0x0d,0xbf,0xcd,0x0b,0xa2,0xbf,0x27,0x81,0xa7,0x80,0x81,0x27,0x27,0x98,0x27,0x89,0x2d,0x84,0x4e,
    0x81,0x0d,0xbf,0x4b,0xff,0x4c,0x98,0x30,0x4b,0x00,0x00,0x06,0x4c,0x4c,0x80,0x07,0x80,0x4d,0x82,0x4e,
    0x82,0x0d,0xbf,0xff,0x80,0x47,0x98,0x00,0x40,0x01,0x11,0x42,0x81,0xc1,0x80,0x80,0x47,0x47,0x98,0x14,
    0x01,0xc4,0xbe,0x4c,0x49,0xcc,0xbe,0x07,0xfc,0x89,0xbf,0x00,0x00,0xbd,0xbf,0xe7,0x50,0x0e,0xcc,0x32,
    0x93,0xa0,0x1c,0xe8,0x50,0x0e,0xcc,0x33,0x93,0xa4,0x1c,0xe9,0x50,0x0e,0xcc,0x34,0x93,0xa8,0x1c,0xea,
    0x50,0x0e,0xcc,0x35,0x93,0xac,0x1c,0x32,0x02,0x0f,0xcc,0x2d,0x65,0x02,0x58,0x33,0x02,0x0f,0xcc,0x2e,
    0x67,0x02,0x58,0x34,0x02,0x0f,0xcc,0x2f,0x69,0x02,0x58,0x35,0x02,0x0f,0xcc,0x30,0x6b,0x02,0x58,0xeb,
    0x00,0x0f,0xcc,0x32,0x6f,0x02,0x18,0xec,0x00,0x0f,0xcc,0x33,0x71,0x02,0x18,0xed,0x00,0x0f,0xcc,0x34,
    0x73,0x02,0x18,0xee,0x00,0x0f,0xcc,0x35,0x75,0x02,0x18,0x0b,0xff,0x0b,0x80,0x00,0x01,0x00,0x00,0x07,
    0x00,0xa1,0xbf,0x97,0x10,0x9b,0xbe,0x81,0x1a,0xfe,0x84,0x00,0x00,0x60,0xe0,0x00,0x00,0x06,0x04,0xc1,
    0x01,0xfe,0xbe,0x0b,0xff,0x0b,0x96,0x01,0xff,0xff,0xff,0xff,0x0b,0x7c,0x91,0x00,0xff,0xff,0xff,0x03,
    0x00,0xa2,0xbf,0x97,0x12,0x9b,0xbe,0x00,0x40,0x50,0xe0,0x00,0x13,0x06,0x80,0x00,0x00,0xb5,0xbf,0x01,
    0x00,0x80,0xbf,0x40,0x24,0xfc,0xdb,0x03,0x00,0x00,0x14,0x00,0x9b,0x34,0xd9,0x0d,0x05,0x00,0x00,0x80,
    0x26,0xfc,0xdb,0x03,0x00,0x00,0x19,0x00,0x99,0xd8,0xd8,0x10,0x00,0x00,0xdc,0x02,0x00,0xb5,0xbf,0x4e,
    0x82,0x0d,0xbf,0x4a,0xff,0x4c,0x98,0x2c,0x4b,0x00,0x00,0x06,0x4c,0x4c,0x80,0x07,0x80,0x4d,0x82,0x4c,
    0x49,0xcc,0xbe,0x07,0xfc,0x89,0xbf,0xdc,0x05,0x3a,0x7e,0x14,0x50,0x0e,0xcc,0x19,0x93,0x50,0x1c,0x15,
    0x50,0x0e,0xcc,0x1a,0x93,0x54,0x1c,0x16,0x50,0x0e,0xcc,0x1b,0x93,0x58,0x1c,0x17,0x50,0x0e,0xcc,0x1c,
    0x93,0x5c,0x1c,0x00,0x00,0xb5,0xbf,0x40,0x2d,0xfc,0xdb,0x03,0x00,0x00,0x28,0x80,0x2f,0xfc,0xdb,0x03,
    0x00,0x00,0x2d,0x00,0x00,0xbd,0xbf,0x0f,0x00,0x80,0xbf,0x02,0x00,0xb5,0xbf,0xff,0x0b,0x7c,0x91,0x00,
    0xff,0xff,0xff,0x19,0x00,0xa2,0xbf,0x0a,0x0a,0x0a,0x99,0x1b,0x80,0xfe,0x95,0x6a,0x00,0x4d,0xd4,0x13,
    0x35,0x00,0x00,0x0c,0x00,0xa3,0xbf,0x00,0x40,0x50,0xe0,0x00,0x13,0x06,0x80,0x0a,0x80,0x06,0xbf,0x80,
    0xff,0x6a,0x98,0x00,0x00,0x01,0x00,0x0a,0x6a,0x0a,0x80,0x02,0x00,0xa2,0xbf,0xf7,0x03,0x89,0xbf,0xf4,
    0xff,0xa0,0xbf,0xff,0x1b,0x1b,0x8b,0x00,0x00,0xff,0xff,0x80,0x00,0x8a,0xbe,0xc1,0x01,0xfe,0xbe,0x1a,
    0x83,0x1a,0x96,0x1a,0xff,0x1a,0x8b,0x3f,0x3f,0x3f,0x3f,0x18,0xff,0x18,0x80,0x00,0x01,0x00,0x00,0x18,
    0xff,0x18,0x8b,0xff,0xf7,0xff,0xff,0x4e,0x81,0x0d,0xbf,0x4b,0xff,0x4c,0x98,0x90,0x4c,0x00,0x00,0x06,
    0x4c,0x4c,0x80,0x07,0x80,0x4d,0x82,0x09,0xa0,0x0b,0xbf,0xc1,0x89,0x30,0x98,0x30,0x81,0xb0,0x80,0x2e,
    0x1f,0x1f,0x98,0x80,0x10,0x9f,0xbe,0x4c,0x49,0xcc,0xbe,0x07,0xfc,0x89,0xbf,0x00,0x00,0xbd,0xbf,0x28,
    0x50,0x0e,0xcc,0x2d,0x93,0xa0,0x1c,0x29,0x50,0x0e,0xcc,0x2e,0x93,0xa4,0x1c,0x2a,0x50,0x0e,0xcc,0x2f,
    0x93,0xa8,0x1c,0x2b,0x50,0x0e,0xcc,0x30,0x93,0xac,0x1c,0x1f,0x02,0xb8,0x7f,0x1d,0x6a,0x00,0xd7,0x01,
    0x23,0x00,0x00,0x27,0x40,0x09,0xcc,0x01,0xff,0x4d,0x18,0x01,0x00,0x02,0x00,0x18,0x40,0x09,0xcc,0x01,
    0xff,0x89,0x18,0x01,0x00,0x02,0x00,0x22,0x00,0x0d,0xcc,0x1d,0x03,0x02,0x18,0x3b,0x00,0x01,0xd5,0x80,
    0x54,0xa8,0x01,0xf5,0x00,0x01,0xd5,0x80,0x64,0xa8,0x01,0x07,0x00,0x59,0xd6,0x27,0x03,0x09,0x04,0x05,
    0x00,0x59,0xd6,0x18,0x03,0x2d,0x04,0x02,0x00,0x55,0xd6,0x02,0x2d,0xec,0x04,0x0b,0x00,0x55,0xd6,0x0b,
    0x47,0xd4,0x07,0x22,0x00,0x0b,0xcc,0x01,0x45,0x02,0x18,0x04,0x28,0x20,0xd5,0x04,0x1f,0xa8,0x01,0x02,
    0x00,0x01,0xd5,0x02,0xff,0xa1,0x00,0x00,0x00,0x00,0x80,0x0b,0x00,0x01,0xd5,0x0b,0xff,0xa1,0x00,0x00,
    0x00,0x00,0x80,0x6a,0x00,0x39,0xd4,0x27,0x25,0x00,0x00,0xff,0x0e,0x0e,0x02,0x00,0x00,0x00,0x80,0x6a,
    0x00,0x39,0xd4,0x18,0x2f,0x00,0x00,0xff,0x0a,0x0a,0x02,0x00,0x00,0x00,0x80,0x22,0x00,0x06,0xcc,0x8f,
    0x44,0x02,0x10,0x31,0x08,0x0a,0xcc,0x27,0x4b,0x00,0x18,0x2c,0x08,0x0a,0xcc,0x27,0x49,0x00,0x18,0x0a,
    0x08,0x59,0xd6,0x31,0x59,0x1c,0x04,0x08,0x08,0x59,0xd6,0x2c,0x59,0x1c,0x04,0x36,0x08,0x0a,0xcc,0x18,
    0x4d,0x00,0x18,0x6a,0x18,0x39,0xd4,0x31,0x25,0x00,0x00,0xff,0x14,0x14,0x02,0x00,0x00,0x00,0x80,0x6a,
    0x18,0x39,0xd4,0x2c,0x25,0x00,0x00,0xff,0x10,0x10,0x02,0x00,0x00,0x00,0x80,0x06,0x08,0x59,0xd6,0x36,
    0x69,0x14,0x04,0x09,0x00,0x59,0xd6,0x31,0x59,0x1c,0x04,0x07,0x00,0x59,0xd6,0x2c,0x59,0x1c,0x04,0x6a,
    0x18,0x39,0xd4,0x36,0x2f,0x00,0x00,0xff,0x0c,0x0c,0x02,0x00,0x00,0x00,0x80,0x6a,0x10,0x39,0xd4,0x31,
    0x25,0x00,0x00,0xff,0x12,0x12,0x02,0x00,0x00,0x00,0x80,0x6a,0x10,0x39,0xd4,0x2c,0x25,0x00,0x00,0xff,
    0x0e,0x0e,0x02,0x00,0x00,0x00,0x80,0x05,0x00,0x59,0xd6,0x36,0x69,0x14,0x04,0x01,0x40,0x09,0xcc,0x22,
    0x21,0x74,0x1c,0x6a,0x10,0x39,0xd4,0x36,0x2f,0x00,0x00,0xff,0x0a,0x0a,0x02,0x00,0x00,0x00,0x80,0x18,
    0x6a,0x00,0xd7,0x04,0x11,0x00,0x00,0x2e,0xb8,0xb9,0x03,0x00,0x00,0xb5,0xbf,0x00,0x00,0xfc,0xdb,0x03,
    0x00,0x00,0x1e,0x00,0x91,0x7c,0xdb,0x0e,0x07,0x00,0x00,0x40,0x02,0xfc,0xdb,0x03,0x00,0x00,0x23,0x00,
    0x99,0x34,0xd8,0x0f,0xdc,0x00,0x00,0x02,0x00,0xb5,0xbf,0x1c,0x81,0x9c,0x80,0xff,0x1b,0x1b,0x98,0x00,
    0x00,0x01,0x21,0x4e,0x82,0x0d,0xbf,0x4a,0xff,0x4c,0x98,0x2c,0x4b,0x00,0x00,0x06,0x4c,0x4c,0x80,0x07,
    0x80,0x4d,0x82,0x4c,0x49,0xcc,0xbe,0x07,0xfc,0x89,0xbf,0x2d,0x18,0x1a,0x4a,0xf1,0x03,0xe6,0x7f,0xf2,
    0x03,0xe8,0x7f,0xdf,0x50,0x0e,0xcc,0x1e,0x93,0x50,0x1c,0xe0,0x50,0x0e,0xcc,0x1f,0x93,0x54,0x1c,0xe1,
    0x50,0x0e,0xcc,0x20,0x93,0x58,0x1c,0xe2,0x50,0x0e,0xcc,0x21,0x93,0x5c,0x1c,0x1e,0x02,0x0f,0xcc,0x19,
    0x3d,0x02,0x58,0x1f,0x02,0x0f,0xcc,0x1a,0x3f,0x02,0x58,0x20,0x02,0x0f,0xcc,0x1b,0x41,0x02,0x58,0x21,
    0x02,0x0f,0xcc,0x1c,0x43,0x02,0x58,0xe3,0x00,0x0f,0xcc,0x1e,0x47,0x02,0x18,0xe4,0x00,0x0f,0xcc,0x1f,
    0x49,0x02,0x18,0xe5,0x00,0x0f,0xcc,0x20,0x4b,0x02,0x18,0xe6,0x00,0x0f,0xcc,0x21,0x4d,0x02,0x18,0x00,
    0x00,0xb5,0xbf,0x00,0x9b,0xd8,0xd9,0x0d,0x00,0x00,0xf1,0x00,0x09,0xfc,0xdb,0x03,0x00,0x00,0x32,0x40,
    0x0b,0xfc,0xdb,0x03,0x00,0x00,0x37,0x00,0x00,0xbd,0xbf,0x0f,0x00,0x80,0xbf,0x02,0x00,0xb5,0xbf,0x4f,
    0x00,0xce,0xbe,0x50,0x00,0xcf,0xbe,0x51,0x00,0xd0,0xbe,0x1d,0x00,0xd1,0xbe,0x4e,0x80,0x0d,0xbf,0xa7,
    0x0a,0xa2,0xbf,0x27,0x81,0xa7,0x80,0x81,0x27,0x27,0x98,0x27,0x89,0x2d,0x84,0x4e,0x81,0x0d,0xbf,0x4b,
    0xff,0x4c,0x98,0x30,0x4b,0x00,0x00,0x06,0x4c,0x4c,0x80,0x07,0x80,0x4d,0x82,0x4e,0x82,0x0d,0xbf,0xff,
    0x80,0x47,0x98,0x00,0x40,0x01,0x11,0x42,0x81,0xc1,0x80,0x80,0x47,0x47,0x98,0x14,0x01,0xc4,0xbe,0x4c,
    0x49,0xcc,0xbe,0x07,0xfc,0x89,0xbf,0x00,0x00,0xbd,0xbf,0xe7,0x50,0x0e,0xcc,0x32,0x93,0xa0,0x1c,0xe8,
    0x50,0x0e,0xcc,0x33,0x93,0xa4,0x1c,0xe9,0x50,0x0e,0xcc,0x34,0x93,0xa8,0x1c,0xea,0x50,0x0e,0xcc,0x35,
    0x93,0xac,0x1c,0x32,0x02,0x0f,0xcc,0x2d,0x65,0x02,0x58,0x33,0x02,0x0f,0xcc,0x2e,0x67,0x02,0x58,0x34,
    0x02,0x0f,0xcc,0x2f,0x69,0x02,0x58,0x35,0x02,0x0f,0xcc,0x30,0x6b,0x02,0x58,0xeb,0x00,0x0f,0xcc,0x32,
    0x6f,0x02,0x18,0xec,0x00,0x0f,0xcc,0x33,0x71,0x02,0x18,0xed,0x00,0x0f,0xcc,0x34,0x73,0x02,0x18,0xee,
    0x00,0x0f,0xcc,0x35,0x75,0x02,0x18,0x0b,0xff,0x0b,0x80,0x00,0x01,0x00,0x00,0x07,0x00,0xa1,0xbf,0x97,
    0x10,0x9b,0xbe,0x81,0x1a,0xfe,0x84,0x00,0x00,0x60,0xe0,0x00,0x00,0x06,0x04,0xc1,0x01,0xfe,0xbe,0x0b,
    0xff,0x0b,0x96,0x01,0xff,0xff,0xff,0xff,0x0b,0x7c,0x91,0x00,0xff,0xff,0xff,0x03,0x00,0xa2,0xbf,0x97,
    0x12,0x9b,0xbe,0x00,0x40,0x50,0xe0,0x00,0x13,0x06,0x80,0x00,0x00,0xb5,0xbf,0x01,0x00,0x80,0xbf,0x40,
    0x24,0xfc,0xdb,0x03,0x00,0x00,0x14,0x00,0x9b,0x34,0xd9,0x0d,0x05,0x00,0x00,0x80,0x26,0xfc,0xdb,0x03,
    0x00,0x00,0x19,0x00,0x99,0xd8,0xd8,0x10,0x00,0x00,0xdc,0x02,0x00,0xb5,0xbf,0x4e,0x82,0x0d,0xbf,0x4a,
    0xff,0x4c,0x98,0x2c,0x4b,0x00,0x00,0x06,0x4c,0x4c,0x80,0x07,0x80,0x4d,0x82,0x4c,0x49,0xcc,0xbe,0x07,
    0xfc,0x89,0xbf,0xdc,0x05,0x3a,0x7e,0x14,0x50,0x0e,0xcc,0x19,0x93,0x50,0x1c,0x15,0x50,0x0e,0xcc,0x1a,
    0x93,0x54,0x1c,0x16,0x50,0x0e,0xcc,0x1b,0x93,0x58,0x1c,0x17,0x50,0x0e,0xcc,0x1c,0x93,0x5c,0x1c,0x00,
    0x00,0xb5,0xbf,0x40,0x2d,0xfc,0xdb,0x03,0x00,0x00,0x28,0x80,0x2f,0xfc,0xdb,0x03,0x00,0x00,0x2d,0x00,
    0x00,0xbd,0xbf,0x0f,0x00,0x80,0xbf,0x02,0x00,0xb5,0xbf,0xff,0x0b,0x7c,0x91,0x00,0xff,0xff,0xff,0x19,
    0x00,0xa2,0xbf,0x0a,0x0a,0x0a,0x99,0x1b,0x80,0xfe,0x95,0x6a,0x00,0x4d,0xd4,0x13,0x35,0x00,0x00,0x0c,
    0x00,0xa3,0xbf,0x00,0x40,0x50,0xe0,0x00,0x13,0x06,0x80,0x0a,0x80,0x06,0xbf,0x80,0xff,0x6a,0x98,0x00,
    0x00,0x01,0x00,0x0a,0x6a,0x0a,0x80,0x02,0x00,0xa2,0xbf,0xf7,0x03,0x89,0xbf,0xf4,0xff,0xa0,0xbf,0xff,
    0x1b,0x1b,0x8b,0x00,0x00,0xff,0xff,0x80,0x00,0x8a,0xbe,0xc1,0x01,0xfe,0xbe,0x1a,0x83,0x1a,0x96,0x1a,
    0xff,0x1a,0x8b,0x3f,0x3f,0x3f,0x3f,0x18,0xff,0x18,0x80,0x00,0x01,0x00,0x00,0x18,0xff,0x18,0x8b,0xff,
    0xf7,0xff,0xff,0x4e,0x81,0x0d,0xbf,0x4b,0xff,0x4c,0x98,0x90,0x4c,0x00,0x00,0x06,0x4c,0x4c,0x80,0x07,
    0x80,0x4d,0x82,0x1d,0x81,0x0d,0xbf,0xda,0xfe,0xa2,0xbf,0xf4,0xfd,0xa0,0xbf,0x4c,0x48,0x80,0xbe,0x4e,
    0x83,0x0d,0xbf,0x50,0x00,0xa1,0xbf,0x80,0x02,0x78,0x7e,0x80,0x02,0x80,0x7e,0x80,0x02,0x7a,0x7e,0x80,
    0x02,0x82,0x7e,0x80,0x02,0x7c,0x7e,0x80,0x02,0x84,0x7e,0x80,0x02,0x7e,0x7e,0x80,0x02,0x86,0x7e,0x80,
    0x02,0x98,0x7e,0x80,0x02,0xa0,0x7e,0x80,0x02,0x9a,0x7e,0x80,0x02,0xa2,0x7e,0x80,0x02,0x9c,0x7e,0x80,
    0x02,0xa4,0x7e,0x80,0x02,0x9e,0x7e,0x80,0x02,0xa6,0x7e,0x80,0x02,0xb8,0x7e,0x80,0x02,0xc0,0x7e,0x80,
    0x02,0xba,0x7e,0x80,0x02,0xc2,0x7e,0x80,0x02,0xbc,0x7e,0x80,0x02,0xc4,0x7e,0x80,0x02,0xbe,0x7e,0x80,
    0x02,0xc6,0x7e,0x80,0x02,0xd8,0x7e,0x80,0x02,0xe0,0x7e,0x80,0x02,0xda,0x7e,0x80,0x02,0xe2,0x7e,0x80,
    0x02,0xdc,0x7e,0x80,0x02,0xe4,0x7e,0x80,0x02,0xde,0x7e,0x80,0x02,0xe6,0x7e,0x80,0x02,0xf8,0x7e,0x80,
    0x02,0x00,0x7f,0x80,0x02,0xfa,0x7e,0x80,0x02,0x02,0x7f,0x80,0x02,0xfc,0x7e,0x80,0x02,0x04,0x7f,0x80,
    0x02,0xfe,0x7e,0x80,0x02,0x06,0x7f,0x80,0x02,0x18,0x7f,0x80,0x02,0x20,0x7f,0x80,0x02,0x1a,0x7f,0x80,
    0x02,0x22,0x7f,0x80,0x02,0x1c,0x7f,0x80,0x02,0x24,0x7f,0x80,0x02,0x1e,0x7f,0x80,0x02,0x26,0x7f,0x80,
    0x02,0x38,0x7f,0x80,0x02,0x40,0x7f,0x80,0x02,0x3a,0x7f,0x80,0x02,0x42,0x7f,0x80,0x02,0x3c,0x7f,0x80,
    0x02,0x44,0x7f,0x80,0x02,0x3e,0x7f,0x80,0x02,0x46,0x7f,0x80,0x02,0x58,0x7f,0x80,0x02,0x60,0x7f,0x80,
    0x02,0x5a,0x7f,0x80,0x02,0x62,0x7f,0x80,0x02,0x5c,0x7f,0x80,0x02,0x64,0x7f,0x80,0x02,0x5e,0x7f,0x80,
    0x02,0x66,0x7f,0x80,0x02,0x78,0x7f,0x80,0x02,0x80,0x7f,0x80,0x02,0x7a,0x7f,0x80,0x02,0x82,0x7f,0x80,
    0x02,0x7c,0x7f,0x80,0x02,0x84,0x7f,0x80,0x02,0x7e,0x7f,0x80,0x02,0x86,0x7f,0x80,0x02,0x98,0x7f,0x80,
    0x02,0xa0,0x7f,0x80,0x02,0x9a,0x7f,0x80,0x02,0xa2,0x7f,0x80,0x02,0x9c,0x7f,0x80,0x02,0xa4,0x7f,0x80,
    0x02,0x9e,0x7f,0x80,0x02,0xa6,0x7f,0xff,0x00,0xcb,0xbe,0xf0,0x4d,0x00,0x00,0x09,0xa0,0x0b,0xbf,0xff,
    0x02,0xcb,0xbe,0x2c,0x4b,0x00,0x00,0x4c,0x48,0x80,0xbe,0x4e,0x83,0x0d,0xbf,0x50,0x00,0xa1,0xbf,0x80,
    0x02,0x88,0x7e,0x80,0x02,0x90,0x7e,0x80,0x02,0x8a,0x7e,0x80,0x02,0x92,0x7e,0x80,0x02,0x8c,0x7e,0x80,
    0x02,0x94,0x7e,0x80,0x02,0x8e,0x7e,0x80,0x02,0x96,0x7e,0x80,0x02,0xa8,0x7e,0x80,0x02,0xb0,0x7e,0x80,
    0x02,0xaa,0x7e,0x80,0x02,0xb2,0x7e,0x80,0x02,0xac,0x7e,0x80,0x02,0xb4,0x7e,0x80,0x02,0xae,0x7e,0x80,
    0x02,0xb6,0x7e,0x80,0x02,0xc8,0x7e,0x80,0x02,0xd0,0x7e,0x80,0x02,0xca,0x7e,0x80,0x02,0xd2,0x7e,0x80,
    0x02,0xcc,0x7e,0x80,0x02,0xd4,0x7e,0x80,0x02,0xce,0x7e,0x80,0x02,0xd6,0x7e,0x80,0x02,0xe8,0x7e,0x80,
    0x02,0xf0,0x7e,0x80,0x02,0xea,0x7e,0x80,0x02,0xf2,0x7e,0x80,0x02,0xec,0x7e,0x80,0x02,0xf4,0x7e,0x80,
    0x02,0xee,0x7e,0x80,0x02,0xf6,0x7e,0x80,0x02,0x08,0x7f,0x80,0x02,0x10,0x7f,0x80,0x02,0x0a,0x7f,0x80,
    0x02,0x12,0x7f,0x80,0x02,0x0c,0x7f,0x80,0x02,0x14,0x7f,0x80,0x02,0x0e,0x7f,0x80,0x02,0x16,0x7f,0x80,
    0x02,0x28,0x7f,0x80,0x02,0x30,0x7f,0x80,0x02,0x2a,0x7f,0x80,0x02,0x32,0x7f,0x80,0x02,0x2c,0x7f,0x80,
    0x02,0x34,0x7f,0x80,0x02,0x2e,0x7f,0x80,0x02,0x36,0x7f,0x80,0x02,0x48,0x7f,0x80,0x02,0x50,0x7f,0x80,
    0x02,0x4a,0x7f,0x80,0x02,0x52,0x7f,0x80,0x02,0x4c,0x7f,0x80,0x02,0x54,0x7f,0x80,0x02,0x4e,0x7f,0x80,
    0x02,0x56,0x7f,0x80,0x02,0x68,0x7f,0x80,0x02,0x70,0x7f,0x80,0x02,0x6a,0x7f,0x80,0x02,0x72,0x7f,0x80,
    0x02,0x6c,0x7f,0x80,0x02,0x74,0x7f,0x80,0x02,0x6e,0x7f,0x80,0x02,0x76,0x7f,0x80,0x02,0x88,0x7f,0x80,
    0x02,0x90,0x7f,0x80,0x02,0x8a,0x7f,0x80,0x02,0x92,0x7f,0x80,0x02,0x8c,0x7f,0x80,0x02,0x94,0x7f,0x80,
    0x02,0x8e,0x7f,0x80,0x02,0x96,0x7f,0x80,0x02,0xa8,0x7f,0x80,0x02,0xb0,0x7f,0x80,0x02,0xaa,0x7f,0x80,
    0x02,0xb2,0x7f,0x80,0x02,0xac,0x7f,0x80,0x02,0xb4,0x7f,0x80,0x02,0xae,0x7f,0x80,0x02,0xb6,0x7f,0xff,
    0x00,0xcb,0xbe,0xf0,0x4d,0x00,0x00,0x09,0xa0,0x0b,0xbf,0xff,0x02,0xcb,0xbe,0x2c,0x4b,0x00,0x00,0x4c,
    0x48,0x80,0xbe,0xdf,0x00,0x0f,0xcc,0xdf,0x79,0x02,0x18,0xe0,0x00,0x0f,0xcc,0xe0,0x7b,0x02,0x18,0xe1,
    0x00,0x0f,0xcc,0xe1,0x7d,0x02,0x18,0xe2,0x00,0x0f,0xcc,0xe2,0x7f,0x02,0x18,0xe3,0x00,0x0f,0xcc,0xe3,
    0x81,0x02,0x18,0xe4,0x00,0x0f,0xcc,0xe4,0x83,0x02,0x18,0xe5,0x00,0x0f,0xcc,0xe5,0x85,0x02,0x18,0xe6,
    0x00,0x0f,0xcc,0xe6,0x87,0x02,0x18,0xdf,0x03,0x78,0x7e,0xe0,0x03,0x7a,0x7e,0xe1,0x03,0x7c,0x7e,0xe2,
    0x03,0x7e,0x7e,0xe3,0x03,0x80,0x7e,0xe4,0x03,0x82,0x7e,0xe5,0x03,0x84,0x7e,0xe6,0x03,0x86,0x7e,0xff,
    0x00,0xcb,0xbe,0x5c,0x4e,0x00,0x00,0x4c,0x48,0x80,0xbe,0xe7,0x00,0x0f,0xcc,0xe7,0x89,0x02,0x18,0xe8,
    0x00,0x0f,0xcc,0xe8,0x8b,0x02,0x18,0xe9,0x00,0x0f,0xcc,0xe9,0x8d,0x02,0x18,0xea,0x00,0x0f,0xcc,0xea,
    0x8f,0x02,0x18,0xeb,0x00,0x0f,0xcc,0xeb,0x91,0x02,0x18,0xec,0x00,0x0f,0xcc,0xec,0x93,0x02,0x18,0xed,
    0x00,0x0f,0xcc,0xed,0x95,0x02,0x18,0xee,0x00,0x0f,0xcc,0xee,0x97,0x02,0x18,0xe7,0x03,0x88,0x7e,0xe8,
    0x03,0x8a,0x7e,0xe9,0x03,0x8c,0x7e,0xea,0x03,0x8e,0x7e,0xeb,0x03,0x90,0x7e,0xec,0x03,0x92,0x7e,0xed,
    0x03,0x94,0x7e,0xee,0x03,0x96,0x7e,0xff,0x00,0xcb,0xbe,0xc8,0x4e,0x00,0x00,0x4c,0x48,0x80,0xbe,0xdf,
    0x00,0x0f,0xcc,0xdf,0x99,0x02,0x18,0xe0,0x00,0x0f,0xcc,0xe0,0x9b,0x02,0x18,0xe1,0x00,0x0f,0xcc,0xe1,
    0x9d,0x02,0x18,0xe2,0x00,0x0f,0xcc,0xe2,0x9f,0x02,0x18,0xe3,0x00,0x0f,0xcc,0xe3,0xa1,0x02,0x18,0xe4,
    0x00,0x0f,0xcc,0xe4,0xa3,0x02,0x18,0xe5,0x00,0x0f,0xcc,0xe5,0xa5,0x02,0x18,0xe6,0x00,0x0f,0xcc,0xe6,
    0xa7,0x02,0x18,0xdf,0x03,0x98,0x7e,0xe0,0x03,0x9a,0x7e,0xe1,0x03,0x9c,0x7e,0xe2,0x03,0x9e,0x7e,0xe3,
    0x03,0xa0,0x7e,0xe4,0x03,0xa2,0x7e,0xe5,0x03,0xa4,0x7e,0xe6,0x03,0xa6,0x7e,0xff,0x00,0xcb,0xbe,0x34,
    0x4f,0x00,0x00,0x4c,0x48,0x80,0xbe,0xe7,0x00,0x0f,0xcc,0xe7,0xa9,0x02,0x18,0xe8,0x00,0x0f,0xcc,0xe8,
    0xab,0x02,0x18,0xe9,0x00,0x0f,0xcc,0xe9,0xad,0x02,0x18,0xea,0x00,0x0f,0xcc,0xea,0xaf,0x02,0x18,0xeb,
    0x00,0x0f,0xcc,0xeb,0xb1,0x02,0x18,0xec,0x00,0x0f,0xcc,0xec,0xb3,0x02,0x18,0xed,0x00,0x0f,0xcc,0xed,
    0xb5,0x02,0x18,0xee,0x00,0x0f,0xcc,0xee,0xb7,0x02,0x18,0xe7,0x03,0xa8,0x7e,0xe8,0x03,0xaa,0x7e,0xe9,
    0x03,0xac,0x7e,0xea,0x03,0xae,0x7e,0xeb,0x03,0xb0,0x7e,0xec,0x03,0xb2,0x7e,0xed,0x03,0xb4,0x7e,0xee,
    0x03,0xb6,0x7e,0xff,0x00,0xcb,0xbe,0xa0,0x4f,0x00,0x00,0x4c,0x48,0x80,0xbe,0xdf,0x00,0x0f,0xcc,0xdf,
    0xb9,0x02,0x18,0xe0,0x00,0x0f,0xcc,0xe0,0xbb,0x02,0x18,0xe1,0x00,0x0f,0xcc,0xe1,0xbd,0x02,0x18,0xe2,
    0x00,0x0f,0xcc,0xe2,0xbf,0x02,0x18,0xe3,0x00,0x0f,0xcc,0xe3,0xc1,0x02,0x18,0xe4,0x00,0x0f,0xcc,0xe4,
    0xc3,0x02,0x18,0xe5,0x00,0x0f,0xcc,0xe5,0xc5,0x02,0x18,0xe6,0x00,0x0f,0xcc,0xe6,0xc7,0x02,0x18,0xdf,
    0x03,0xb8,0x7e,0xe0,0x03,0xba,0x7e,0xe1,0x03,0xbc,0x7e,0xe2,0x03,0xbe,0x7e,0xe3,0x03,0xc0,0x7e,0xe4,
    0x03,0xc2,0x7e,0xe5,0x03,0xc4,0x7e,0xe6,0x03,0xc6,0x7e,0xff,0x00,0xcb,0xbe,0x0c,0x50,0x00,0x00,0x4c,
    0x48,0x80,0xbe,0xe7,0x00,0x0f,0xcc,0xe7,0xc9,0x02,0x18,0xe8,0x00,0x0f,0xcc,0xe8,0xcb,0x02,0x18,0xe9,
    0x00,0x0f,0xcc,0xe9,0xcd,0x02,0x18,0xea,0x00,0x0f,0xcc,0xea,0xcf,0x02,0x18,0xeb,0x00,0x0f,0xcc,0xeb,
    0xd1,0x02,0x18,0xec,0x00,0x0f,0xcc,0xec,0xd3,0x02,0x18,0xed,0x00,0x0f,0xcc,0xed,0xd5,0x02,0x18,0xee,
    0x00,0x0f,0xcc,0xee,0xd7,0x02,0x18,0xe7,0x03,0xc8,0x7e,0xe8,0x03,0xca,0x7e,0xe9,0x03,0xcc,0x7e,0xea,
    0x03,0xce,0x7e,0xeb,0x03,0xd0,0x7e,0xec,0x03,0xd2,0x7e,0xed,0x03,0xd4,0x7e,0xee,0x03,0xd6,0x7e,0xff,
    0x00,0xcb,0xbe,0x78,0x50,0x00,0x00,0x4c,0x48,0x80,0xbe,0xdf,0x00,0x0f,0xcc,0xdf,0xd9,0x02,0x18,0xe0,
    0x00,0x0f,0xcc,0xe0,0xdb,0x02,0x18,0xe1,0x00,0x0f,0xcc,0xe1,0xdd,0x02,0x18,0xe2,0x00,0x0f,0xcc,0xe2,
    0xdf,0x02,0x18,0xe3,0x00,0x0f,0xcc,0xe3,0xe1,0x02,0x18,0xe4,0x00,0x0f,0xcc,0xe4,0xe3,0x02,0x18,0xe5,
    0x00,0x0f,0xcc,0xe5,0xe5,0x02,0x18,0xe6,0x00,0x0f,0xcc,0xe6,0xe7,0x02,0x18,0xdf,0x03,0xd8,0x7e,0xe0,
    0x03,0xda,0x7e,0xe1,0x03,0xdc,0x7e,0xe2,0x03,0xde,0x7e,0xe3,0x03,0xe0,0x7e,0xe4,0x03,0xe2,0x7e,0xe5,
    0x03,0xe4,0x7e,0xe6,0x03,0xe6,0x7e,0xff,0x00,0xcb,0xbe,0xe4,0x50,0x00,0x00,0x4c,0x48,0x80,0xbe,0xe7,
    0x00,0x0f,0xcc,0xe7,0xe9,0x02,0x18,0xe8,0x00,0x0f,0xcc,0xe8,0xeb,0x02,0x18,0xe9,0x00,0x0f,0xcc,0xe9,
    0xed,0x02,0x18,0xea,0x00,0x0f,0xcc,0xea,0xef,0x02,0x18,0xeb,0x00,0x0f,0xcc,0xeb,0xf1,0x02,0x18,0xec,
    0x00,0x0f,0xcc,0xec,0xf3,0x02,0x18,0xed,0x00,0x0f,0xcc,0xed,0xf5,0x02,0x18,0xee,0x00,0x0f,0xcc,0xee,
    0xf7,0x02,0x18,0xe7,0x03,0xe8,0x7e,0xe8,0x03,0xea,0x7e,0xe9,0x03,0xec,0x7e,0xea,0x03,0xee,0x7e,0xeb,
    0x03,0xf0,0x7e,0xec,0x03,0xf2,0x7e,0xed,0x03,0xf4,0x7e,0xee,0x03,0xf6,0x7e,0xff,0x00,0xcb,0xbe,0x50,
    0x51,0x00,0x00,0x4c,0x48,0x80,0xbe,0xdf,0x00,0x0f,0xcc,0xdf,0xf9,0x02,0x18,0xe0,0x00,0x0f,0xcc,0xe0,
    0xfb,0x02,0x18,0xe1,0x00,0x0f,0xcc,0xe1,0xfd,0x02,0x18,0xe2,0x00,0x0f,0xcc,0xe2,0xff,0x02,0x18,0xe3,
    0x00,0x0f,0xcc,0xe3,0x01,0x03,0x18,0xe4,0x00,0x0f,0xcc,0xe4,0x03,0x03,0x18,0xe5,0x00,0x0f,0xcc,0xe5,
    0x05,0x03,0x18,0xe6,0x00,0x0f,0xcc,0xe6,0x07,0x03,0x18,0xdf,0x03,0xf8,0x7e,0xe0,0x03,0xfa,0x7e,0xe1,
    0x03,0xfc,0x7e,0xe2,0x03,0xfe,0x7e,0xe3,0x03,0x00,0x7f,0xe4,0x03,0x02,0x7f,0xe5,0x03,0x04,0x7f,0xe6,
    0x03,0x06,0x7f,0xff,0x00,0xcb,0xbe,0xbc,0x51,0x00,0x00,0x4c,0x48,0x80,0xbe,0xe7,0x00,0x0f,0xcc,0xe7,
    0x09,0x03,0x18,0xe8,0x00,0x0f,0xcc,0xe8,0x0b,0x03,0x18,0xe9,0x00,0x0f,0xcc,0xe9,0x0d,0x03,0x18,0xea,
    0x00,0x0f,0xcc,0xea,0x0f,0x03,0x18,0xeb,0x00,0x0f,0xcc,0xeb,0x11,0x03,0x18,0xec,0x00,0x0f,0xcc,0xec,
    0x13,0x03,0x18,0xed,0x00,0x0f,0xcc,0xed,0x15,0x03,0x18,0xee,0x00,0x0f,0xcc,0xee,0x17,0x03,0x18,0xe7,
    0x03,0x08,0x7f,0xe8,0x03,0x0a,0x7f,0xe9,0x03,0x0c,0x7f,0xea,0x03,0x0e,0x7f,0xeb,0x03,0x10,0x7f,0xec,
    0x03,0x12,0x7f,0xed,0x03,0x14,0x7f,0xee,0x03,0x16,0x7f,0xff,0x00,0xcb,0xbe,0x28,0x52,0x00,0x00,0x4c,
    0x48,0x80,0xbe,0xdf,0x00,0x0f,0xcc,0xdf,0x19,0x03,0x18,0xe0,0x00,0x0f,0xcc,0xe0,0x1b,0x03,0x18,0xe1,
    0x00,0x0f,0xcc,0xe1,0x1d,0x03,0x18,0xe2,0x00,0x0f,0xcc,0xe2,0x1f,0x03,0x18,0xe3,0x00,0x0f,0xcc,0xe3,
    0x21,0x03,0x18,0xe4,0x00,0x0f,0xcc,0xe4,0x23,0x03,0x18,0xe5,0x00,0x0f,0xcc,0xe5,0x25,0x03,0x18,0xe6,
    0x00,0x0f,0xcc,0xe6,0x27,0x03,0x18,0xdf,0x03,0x18,0x7f,0xe0,0x03,0x1a,0x7f,0xe1,0x03,0x1c,0x7f,0xe2,
    0x03,0x1e,0x7f,0xe3,0x03,0x20,0x7f,0xe4,0x03,0x22,0x7f,0xe5,0x03,0x24,0x7f,0xe6,0x03,0x26,0x7f,0xff,
    0x00,0xcb,0xbe,0x94,0x52,0x00,0x00,0x4c,0x48,0x80,0xbe,0xe7,0x00,0x0f,0xcc,0xe7,0x29,0x03,0x18,0xe8,
    0x00,0x0f,0xcc,0xe8,0x2b,0x03,0x18,0xe9,0x00,0x0f,0xcc,0xe9,0x2d,0x03,0x18,0xea,0x00,0x0f,0xcc,0xea,
    0x2f,0x03,0x18,0xeb,0x00,0x0f,0xcc,0xeb,0x31,0x03,0x18,0xec,0x00,0x0f,0xcc,0xec,0x33,0x03,0x18,0xed,
    0x00,0x0f,0xcc,0xed,0x35,0x03,0x18,0xee,0x00,0x0f,0xcc,0xee,0x37,0x03,0x18,0xe7,0x03,0x28,0x7f,0xe8,
    0x03,0x2a,0x7f,0xe9,0x03,0x2c,0x7f,0xea,0x03,0x2e,0x7f,0xeb,0x03,0x30,0x7f,0xec,0x03,0x32,0x7f,0xed,
    0x03,0x34,0x7f,0xee,0x03,0x36,0x7f,0xff,0x00,0xcb,0xbe,0x00,0x53,0x00,0x00,0x4c,0x48,0x80,0xbe,0xdf,
    0x00,0x0f,0xcc,0xdf,0x39,0x03,0x18,0xe0,0x00,0x0f,0xcc,0xe0,0x3b,0x03,0x18,0xe1,0x00,0x0f,0xcc,0xe1,
    0x3d,0x03,0x18,0xe2,0x00,0x0f,0xcc,0xe2,0x3f,0x03,0x18,0xe3,0x00,0x0f,0xcc,0xe3,0x41,0x03,0x18,0xe4,
    0x00,0x0f,0xcc,0xe4,0x43,0x03,0x18,0xe5,0x00,0x0f,0xcc,0xe5,0x45,0x03,0x18,0xe6,0x00,0x0f,0xcc,0xe6,
    0x47,0x03,0x18,0xdf,0x03,0x38,0x7f,0xe0,0x03,0x3a,0x7f,0xe1,0x03,0x3c,0x7f,0xe2,0x03,0x3e,0x7f,0xe3,
    0x03,0x40,0x7f,0xe4,0x03,0x42,0x7f,0xe5,0x03,0x44,0x7f,0xe6,0x03,0x46,0x7f,0xff,0x00,0xcb,0xbe,0x6c,
    0x53,0x00,0x00,0x4c,0x48,0x80,0xbe,0xe7,0x00,0x0f,0xcc,0xe7,0x49,0x03,0x18,0xe8,0x00,0x0f,0xcc,0xe8,
    0x4b,0x03,0x18,0xe9,0x00,0x0f,0xcc,0xe9,0x4d,0x03,0x18,0xea,0x00,0x0f,0xcc,0xea,0x4f,0x03,0x18,0xeb,
    0x00,0x0f,0xcc,0xeb,0x51,0x03,0x18,0xec,0x00,0x0f,0xcc,0xec,0x53,0x03,0x18,0xed,0x00,0x0f,0xcc,0xed,
    0x55,0x03,0x18,0xee,0x00,0x0f,0xcc,0xee,0x57,0x03,0x18,0xe7,0x03,0x48,0x7f,0xe8,0x03,0x4a,0x7f,0xe9,
    0x03,0x4c,0x7f,0xea,0x03,0x4e,0x7f,0xeb,0x03,0x50,0x7f,0xec,0x03,0x52,0x7f,0xed,0x03,0x54,0x7f,0xee,
    0x03,0x56,0x7f,0xff,0x00,0xcb,0xbe,0xd8,0x53,0x00,0x00,0x4c,0x48,0x80,0xbe,0xdf,0x00,0x0f,0xcc,0xdf,
    0x59,0x03,0x18,0xe0,0x00,0x0f,0xcc,0xe0,0x5b,0x03,0x18,0xe1,0x00,0x0f,0xcc,0xe1,0x5d,0x03,0x18,0xe2,
    0x00,0x0f,0xcc,0xe2,0x5f,0x03,0x18,0xe3,0x00,0x0f,0xcc,0xe3,0x61,0x03,0x18,0xe4,0x00,0x0f,0xcc,0xe4,
    0x63,0x03,0x18,0xe5,0x00,0x0f,0xcc,0xe5,0x65,0x03,0x18,0xe6,0x00,0x0f,0xcc,0xe6,0x67,0x03,0x18,0xdf,
    0x03,0x58,0x7f,0xe0,0x03,0x5a,0x7f,0xe1,0x03,0x5c,0x7f,0xe2,0x03,0x5e,0x7f,0xe3,0x03,0x60,0x7f,0xe4,
    0x03,0x62,0x7f,0xe5,0x03,0x64,0x7f,0xe6,0x03,0x66,0x7f,0xff,0x00,0xcb,0xbe,0x44,0x54,0x00,0x00,0x4c,
    0x48,0x80,0xbe,0xe7,0x00,0x0f,0xcc,0xe7,0x69,0x03,0x18,0xe8,0x00,0x0f,0xcc,0xe8,0x6b,0x03,0x18,0xe9,
    0x00,0x0f,0xcc,0xe9,0x6d,0x03,0x18,0xea,0x00,0x0f,0xcc,0xea,0x6f,0x03,0x18,0xeb,0x00,0x0f,0xcc,0xeb,
    0x71,0x03,0x18,0xec,0x00,0x0f,0xcc,0xec,0x73,0x03,0x18,0xed,0x00,0x0f,0xcc,0xed,0x75,0x03,0x18,0xee,
    0x00,0x0f,0xcc,0xee,0x77,0x03,0x18,0xe7,0x03,0x68,0x7f,0xe8,0x03,0x6a,0x7f,0xe9,0x03,0x6c,0x7f,0xea,
    0x03,0x6e,0x7f,0xeb,0x03,0x70,0x7f,0xec,0x03,0x72,0x7f,0xed,0x03,0x74,0x7f,0xee,0x03,0x76,0x7f,0xff,
    0x00,0xcb,0xbe,0xb0,0x54,0x00,0x00,0x4c,0x48,0x80,0xbe,0xdf,0x00,0x0f,0xcc,0xdf,0x79,0x03,0x18,0xe0,
    0x00,0x0f,0xcc,0xe0,0x7b,0x03,0x18,0xe1,0x00,0x0f,0xcc,0xe1,0x7d,0x03,0x18,0xe2,0x00,0x0f,0xcc,0xe2,
    0x7f,0x03,0x18,0xe3,0x00,0x0f,0xcc,0xe3,0x81,0x03,0x18,0xe4,0x00,0x0f,0xcc,0xe4,0x83,0x03,0x18,0xe5,
    0x00,0x0f,0xcc,0xe5,0x85,0x03,0x18,0xe6,0x00,0x0f,0xcc,0xe6,0x87,0x03,0x18,0xdf,0x03,0x78,0x7f,0xe0,
    0x03,0x7a,0x7f,0xe1,0x03,0x7c,0x7f,0xe2,0x03,0x7e,0x7f,0xe3,0x03,0x80,0x7f,0xe4,0x03,0x82,0x7f,0xe5,
    0x03,0x84,0x7f,0xe6,0x03,0x86,0x7f,0xff,0x00,0xcb,0xbe,0x1c,0x55,0x00,0x00,0x4c,0x48,0x80,0xbe,0xe7,
    0x00,0x0f,0xcc,0xe7,0x89,0x03,0x18,0xe8,0x00,0x0f,0xcc,0xe8,0x8b,0x03,0x18,0xe9,0x00,0x0f,0xcc,0xe9,
    0x8d,0x03,0x18,0xea,0x00,0x0f,0xcc,0xea,0x8f,0x03,0x18,0xeb,0x00,0x0f,0xcc,0xeb,0x91,0x03,0x18,0xec,
    0x00,0x0f,0xcc,0xec,0x93,0x03,0x18,0xed,0x00,0x0f,0xcc,0xed,0x95,0x03,0x18,0xee,0x00,0x0f,0xcc,0xee,
    0x97,0x03,0x18,0xe7,0x03,0x88,0x7f,0xe8,0x03,0x8a,0x7f,0xe9,0x03,0x8c,0x7f,0xea,0x03,0x8e,0x7f,0xeb,
    0x03,0x90,0x7f,0xec,0x03,0x92,0x7f,0xed,0x03,0x94,0x7f,0xee,0x03,0x96,0x7f,0xff,0x00,0xcb,0xbe,0x88,
    0x55,0x00,0x00,0x4c,0x48,0x80,0xbe,0xdf,0x00,0x0f,0xcc,0xdf,0x99,0x03,0x18,0xe0,0x00,0x0f,0xcc,0xe0,
    0x9b,0x03,0x18,0xe1,0x00,0x0f,0xcc,0xe1,0x9d,0x03,0x18,0xe2,0x00,0x0f,0xcc,0xe2,0x9f,0x03,0x18,0xe3,
    0x00,0x0f,0xcc,0xe3,0xa1,0x03,0x18,0xe4,0x00,0x0f,0xcc,0xe4,0xa3,0x03,0x18,0xe5,0x00,0x0f,0xcc,0xe5,
    0xa5,0x03,0x18,0xe6,0x00,0x0f,0xcc,0xe6,0xa7,0x03,0x18,0xdf,0x03,0x98,0x7f,0xe0,0x03,0x9a,0x7f,0xe1,
    0x03,0x9c,0x7f,0xe2,0x03,0x9e,0x7f,0xe3,0x03,0xa0,0x7f,0xe4,0x03,0xa2,0x7f,0xe5,0x03,0xa4,0x7f,0xe6,
    0x03,0xa6,0x7f,0xff,0x00,0xcb,0xbe,0xf4,0x55,0x00,0x00,0x4c,0x48,0x80,0xbe,0xe7,0x00,0x0f,0xcc,0xe7,
    0xa9,0x03,0x18,0xe8,0x00,0x0f,0xcc,0xe8,0xab,0x03,0x18,0xe9,0x00,0x0f,0xcc,0xe9,0xad,0x03,0x18,0xea,
    0x00,0x0f,0xcc,0xea,0xaf,0x03,0x18,0xeb,0x00,0x0f,0xcc,0xeb,0xb1,0x03,0x18,0xec,0x00,0x0f,0xcc,0xec,
    0xb3,0x03,0x18,0xed,0x00,0x0f,0xcc,0xed,0xb5,0x03,0x18,0xee,0x00,0x0f,0xcc,0xee,0xb7,0x03,0x18,0xe7,
    0x03,0xa8,0x7f,0xe8,0x03,0xaa,0x7f,0xe9,0x03,0xac,0x7f,0xea,0x03,0xae,0x7f,0xeb,0x03,0xb0,0x7f,0xec,
    0x03,0xb2,0x7f,0xed,0x03,0xb4,0x7f,0xee,0x03,0xb6,0x7f,0xff,0x00,0xcb,0xbe,0xf0,0x4d,0x00,0x00,0x4c,
    0x48,0x80,0xbe,0x00,0x00,0x80,0xbf,0x00,0x00,0x80,0xbf,0x00,0x00,0x80,0xbf,0x00,0x00,0x80,0xbf,0xdf,
    0x00,0x0f,0xcc,0xdf,0x63,0x00,0x18,0xe0,0x00,0x0f,0xcc,0xe0,0x6b,0x00,0x18,0xe1,0x00,0x0f,0xcc,0xe1,
    0x6d,0x00,0x18,0xe2,0x00,0x0f,0xcc,0xe2,0x6f,0x00,0x18,0xe3,0x00,0x0f,0xcc,0xe3,0x63,0x00,0x18,0xe4,
    0x00,0x0f,0xcc,0xe4,0x6b,0x00,0x18,0xe5,0x00,0x0f,0xcc,0xe5,0x6d,0x00,0x18,0xe6,0x00,0x0f,0xcc,0xe6,
    0x6f,0x00,0x18,0x18,0x00,0x10,0xcc,0x20,0xbe,0x03,0x18,0x22,0x00,0x10,0xcc,0x20,0xc0,0x03,0x18,0x2c,
    0x00,0x10,0xcc,0x20,0xc2,0x03,0x18,0x36,0x00,0x10,0xcc,0x20,0xc4,0x03,0x18,0xdf,0x00,0x12,0xcc,0xdf,
    0x31,0x02,0x18,0xe0,0x00,0x12,0xcc,0xe0,0x45,0x02,0x18,0xe1,0x00,0x12,0xcc,0xe1,0x59,0x02,0x18,0xe2,
    0x00,0x12,0xcc,0xe2,0x6d,0x02,0x18,0x18,0x00,0x10,0xcc,0x20,0xc6,0x03,0x18,0x22,0x00,0x10,0xcc,0x20,
    0xc8,0x03,0x18,0x2c,0x00,0x10,0xcc,0x20,0xca,0x03,0x18,0x36,0x00,0x10,0xcc,0x20,0xcc,0x03,0x18,0xe3,
    0x00,0x12,0xcc,0xe3,0x31,0x02,0x18,0xe4,0x00,0x12,0xcc,0xe4,0x45,0x02,0x18,0xe5,0x00,0x12,0xcc,0xe5,
    0x59,0x02,0x18,0xe6,0x00,0x12,0xcc,0xe6,0x6d,0x02,0x18,0x00,0x00,0x64,0xe0,0xf3,0xdf,0x91,0x80,0x00,
    0x00,0x64,0xe0,0xf4,0xe3,0x91,0x80,0x41,0x81,0xc1,0x80,0x80,0x47,0x47,0x98,0x44,0x43,0x44,0x80,0x45,
    0x80,0x45,0x82,0x00,0x00,0x94,0xe0,0xf3,0xdf,0x91,0x80,0x00,0x00,0x94,0xe0,0xf4,0xe3,0x91,0x80,0x41,
    0x81,0xc1,0x80,0x80,0x47,0x47,0x98,0x44,0x43,0x44,0x80,0x45,0x80,0x45,0x82,0x00,0x00,0x64,0xe0,0xf3,
    0xe0,0x91,0x80,0x00,0x00,0x64,0xe0,0xf4,0xe4,0x91,0x80,0x41,0x81,0xc1,0x80,0x80,0x47,0x47,0x98,0x44,
    0x43,0x44,0x80,0x45,0x80,0x45,0x82,0x00,0x00,0x94,0xe0,0xf3,0xe0,0x91,0x80,0x00,0x00,0x94,0xe0,0xf4,
    0xe4,0x91,0x80,0x41,0x81,0xc1,0x80,0x80,0x47,0x47,0x98,0x44,0x43,0x44,0x80,0x45,0x80,0x45,0x82,0x00,
    0x00,0x64,0xe0,0xf3,0xe1,0x91,0x80,0x00,0x00,0x64,0xe0,0xf4,0xe5,0x91,0x80,0x41,0x81,0xc1,0x80,0x80,
    0x47,0x47,0x98,0x44,0x43,0x44,0x80,0x45,0x80,0x45,0x82,0x00,0x00,0x94,0xe0,0xf3,0xe1,0x91,0x80,0x00,
    0x00,0x94,0xe0,0xf4,0xe5,0x91,0x80,0x41,0x81,0xc1,0x80,0x80,0x47,0x47,0x98,0x44,0x43,0x44,0x80,0x45,
    0x80,0x45,0x82,0x00,0x00,0x64,0xe0,0xf3,0xe2,0x91,0x80,0x00,0x00,0x64,0xe0,0xf4,0xe6,0x91,0x80,0x41,
    0x81,0xc1,0x80,0x80,0x47,0x47,0x98,0x44,0x43,0x44,0x80,0x45,0x80,0x45,0x82,0x00,0x00,0x94,0xe0,0xf3,
    0xe2,0x91,0x80,0x00,0x00,0x94,0xe0,0xf4,0xe6,0x91,0x80,0x41,0x81,0xc1,0x80,0x80,0x47,0x47,0x98,0x44,
    0x43,0x44,0x80,0x45,0x80,0x45,0x82,0xff,0x00,0xca,0xbe,0x3c,0x58,0x00,0x00,0x4c,0x48,0x80,0xbe,0xe7,
    0x00,0x0f,0xcc,0xe7,0x71,0x00,0x18,0xe8,0x00,0x0f,0xcc,0xe8,0x73,0x00,0x18,0xe9,0x00,0x0f,0xcc,0xe9,
    0x77,0x00,0x18,0xea,0x00,0x0f,0xcc,0xea,0x81,0x00,0x18,0xeb,0x00,0x0f,0xcc,0xeb,0x71,0x00,0x18,0xec,
    0x00,0x0f,0xcc,0xec,0x73,0x00,0x18,0xed,0x00,0x0f,0xcc,0xed,0x77,0x00,0x18,0xee,0x00,0x0f,0xcc,0xee,
    0x81,0x00,0x18,0x18,0x00,0x10,0xcc,0x20,0xce,0x03,0x18,0x22,0x00,0x10,0xcc,0x20,0xd0,0x03,0x18,0x2c,
    0x00,0x10,0xcc,0x20,0xd2,0x03,0x18,0x36,0x00,0x10,0xcc,0x20,0xd4,0x03,0x18,0xe7,0x00,0x12,0xcc,0xe7,
    0x31,0x02,0x18,0xe8,0x00,0x12,0xcc,0xe8,0x45,0x02,0x18,0xe9,0x00,0x12,0xcc,0xe9,0x59,0x02,0x18,0xea,
    0x00,0x12,0xcc,0xea,0x6d,0x02,0x18,0x18,0x00,0x10,0xcc,0x20,0xd6,0x03,0x18,0x22,0x00,0x10,0xcc,0x20,
    0xd8,0x03,0x18,0x2c,0x00,0x10,0xcc,0x20,0xda,0x03,0x18,0x36,0x00,0x10,0xcc,0x20,0xdc,0x03,0x18,0xeb,
    0x00,0x12,0xcc,0xeb,0x31,0x02,0x18,0xec,0x00,0x12,0xcc,0xec,0x45,0x02,0x18,0xed,0x00,0x12,0xcc,0xed,
    0x59,0x02,0x18,0xee,0x00,0x12,0xcc,0xee,0x6d,0x02,0x18,0x00,0x00,0x64,0xe0,0xf3,0xe7,0x91,0x80,0x00,
    0x00,0x64,0xe0,0xf4,0xeb,0x91,0x80,0x41,0x81,0xc1,0x80,0x80,0x47,0x47,0x98,0x44,0x43,0x44,0x80,0x45,
    0x80,0x45,0x82,0x00,0x00,0x94,0xe0,0xf3,0xe7,0x91,0x80,0x00,0x00,0x94,0xe0,0xf4,0xeb,0x91,0x80,0x41,
    0x81,0xc1,0x80,0x80,0x47,0x47,0x98,0x44,0x43,0x44,0x80,0x45,0x80,0x45,0x82,0x00,0x00,0x64,0xe0,0xf3,
    0xe8,0x91,0x80,0x00,0x00,0x64,0xe0,0xf4,0xec,0x91,0x80,0x41,0x81,0xc1,0x80,0x80,0x47,0x47,0x98,0x44,
    0x43,0x44,0x80,0x45,0x80,0x45,0x82,0x00,0x00,0x94,0xe0,0xf3,0xe8,0x91,0x80,0x00,0x00,0x94,0xe0,0xf4,
    0xec,0x91,0x80,0x41,0x81,0xc1,0x80,0x80,0x47,0x47,0x98,0x44,0x43,0x44,0x80,0x45,0x80,0x45,0x82,0x00,
    0x00,0x64,0xe0,0xf3,0xe9,0x91,0x80,0x00,0x00,0x64,0xe0,0xf4,0xed,0x91,0x80,0x41,0x81,0xc1,0x80,0x80,
    0x47,0x47,0x98,0x44,0x43,0x44,0x80,0x45,0x80,0x45,0x82,0x00,0x00,0x94,0xe0,0xf3,0xe9,0x91,0x80,0x00,
    0x00,0x94,0xe0,0xf4,0xed,0x91,0x80,0x41,0x81,0xc1,0x80,0x80,0x47,0x47,0x98,0x44,0x43,0x44,0x80,0x45,
    0x80,0x45,0x82,0x00,0x00,0x64,0xe0,0xf3,0xea,0x91,0x80,0x00,0x00,0x64,0xe0,0xf4,0xee,0x91,0x80,0x41,
    0x81,0xc1,0x80,0x80,0x47,0x47,0x98,0x44,0x43,0x44,0x80,0x45,0x80,0x45,0x82,0x00,0x00,0x94,0xe0,0xf3,
    0xea,0x91,0x80,0x00,0x00,0x94,0xe0,0xf4,0xee,0x91,0x80,0x41,0x81,0xc1,0x80,0x80,0x47,0x47,0x98,0x44,
    0x43,0x44,0x80,0x45,0x80,0x45,0x82,0xff,0x00,0xca,0xbe,0x70,0x56,0x00,0x00,0x4c,0x48,0x80,0xbe,0x00,
    0x00,0x80,0xbf,0x00,0x00,0x80,0xbf,0xdf,0x00,0x0f,0xcc,0xdf,0x63,0x00,0x18,0xe0,0x00,0x0f,0xcc,0xe0,
    0x6b,0x00,0x18,0xe1,0x00,0x0f,0xcc,0xe1,0x6d,0x00,0x18,0xe2,0x00,0x0f,0xcc,0xe2,0x6f,0x00,0x18,0xe3,
    0x00,0x0f,0xcc,0xe3,0x63,0x00,0x18,0xe4,0x00,0x0f,0xcc,0xe4,0x6b,0x00,0x18,0xe5,0x00,0x0f,0xcc,0xe5,
    0x6d,0x00,0x18,0xe6,0x00,0x0f,0xcc,0xe6,0x6f,0x00,0x18,0x18,0x00,0x10,0xcc,0x20,0xbe,0x03,0x18,0x22,
    0x00,0x10,0xcc,0x20,0xc0,0x03,0x18,0x2c,0x00,0x10,0xcc,0x20,0xc2,0x03,0x18,0x36,0x00,0x10,0xcc,0x20,
    0xc4,0x03,0x18,0xdf,0x00,0x11,0xcc,0xdf,0x31,0x02,0x18,0xe0,0x00,0x11,0xcc,0xe0,0x45,0x02,0x18,0xe1,
    0x00,0x11,0xcc,0xe1,0x59,0x02,0x18,0xe2,0x00,0x11,0xcc,0xe2,0x6d,0x02,0x18,0x18,0x00,0x10,0xcc,0x20,
    0xc6,0x03,0x18,0x22,0x00,0x10,0xcc,0x20,0xc8,0x03,0x18,0x2c,0x00,0x10,0xcc,0x20,0xca,0x03,0x18,0x36,
    0x00,0x10,0xcc,0x20,0xcc,0x03,0x18,0xe3,0x00,0x11,0xcc,0xe3,0x31,0x02,0x18,0xe4,0x00,0x11,0xcc,0xe4,
    0x45,0x02,0x18,0xe5,0x00,0x11,0xcc,0xe5,0x59,0x02,0x18,0xe6,0x00,0x11,0xcc,0xe6,0x6d,0x02,0x18,0x00,
    0x00,0x64,0xe0,0xf3,0xdf,0x91,0x80,0x00,0x00,0x64,0xe0,0xf4,0xe3,0x91,0x80,0x41,0x81,0xc1,0x80,0x80,
    0x47,0x47,0x98,0x44,0x43,0x44,0x80,0x45,0x80,0x45,0x82,0x00,0x00,0x94,0xe0,0xf3,0xdf,0x91,0x80,0x00,
    0x00,0x94,0xe0,0xf4,0xe3,0x91,0x80,0x41,0x81,0xc1,0x80,0x80,0x47,0x47,0x98,0x44,0x43,0x44,0x80,0x45,
    0x80,0x45,0x82,0x00,0x00,0x64,0xe0,0xf3,0xe0,0x91,0x80,0x00,0x00,0x64,0xe0,0xf4,0xe4,0x91,0x80,0x41,
    0x81,0xc1,0x80,0x80,0x47,0x47,0x98,0x44,0x43,0x44,0x80,0x45,0x80,0x45,0x82,0x00,0x00,0x94,0xe0,0xf3,
    0xe0,0x91,0x80,0x00,0x00,0x94,0xe0,0xf4,0xe4,0x91,0x80,0x41,0x81,0xc1,0x80,0x80,0x47,0x47,0x98,0x44,
    0x43,0x44,0x80,0x45,0x80,0x45,0x82,0x00,0x00,0x64,0xe0,0xf3,0xe1,0x91,0x80,0x00,0x00,0x64,0xe0,0xf4,
    0xe5,0x91,0x80,0x41,0x81,0xc1,0x80,0x80,0x47,0x47,0x98,0x44,0x43,0x44,0x80,0x45,0x80,0x45,0x82,0x00,
    0x00,0x94,0xe0,0xf3,0xe1,0x91,0x80,0x00,0x00,0x94,0xe0,0xf4,0xe5,0x91,0x80,0x41,0x81,0xc1,0x80,0x80,
    0x47,0x47,0x98,0x44,0x43,0x44,0x80,0x45,0x80,0x45,0x82,0x00,0x00,0x64,0xe0,0xf3,0xe2,0x91,0x80,0x00,
    0x00,0x64,0xe0,0xf4,0xe6,0x91,0x80,0x41,0x81,0xc1,0x80,0x80,0x47,0x47,0x98,0x44,0x43,0x44,0x80,0x45,
    0x80,0x45,0x82,0x00,0x00,0x94,0xe0,0xf3,0xe2,0x91,0x80,0x00,0x00,0x94,0xe0,0xf4,0xe6,0x91,0x80,0x41,
    0x81,0xc1,0x80,0x80,0x47,0x47,0x98,0x44,0x43,0x44,0x80,0x45,0x80,0x45,0x82,0xff,0x00,0xca,0xbe,0xdc,
    0x5b,0x00,0x00,0x4c,0x48,0x80,0xbe,0xe7,0x00,0x0f,0xcc,0xe7,0x71,0x00,0x18,0xe8,0x00,0x0f,0xcc,0xe8,
    0x73,0x00,0x18,0xe9,0x00,0x0f,0xcc,0xe9,0x77,0x00,0x18,0xea,0x00,0x0f,0xcc,0xea,0x81,0x00,0x18,0xeb,
    0x00,0x0f,0xcc,0xeb,0x71,0x00,0x18,0xec,0x00,0x0f,0xcc,0xec,0x73,0x00,0x18,0xed,0x00,0x0f,0xcc,0xed,
    0x77,0x00,0x18,0xee,0x00,0x0f,0xcc,0xee,0x81,0x00,0x18,0x18,0x00,0x10,0xcc,0x20,0xce,0x03,0x18,0x22,
    0x00,0x10,0xcc,0x20,0xd0,0x03,0x18,0x2c,0x00,0x10,0xcc,0x20,0xd2,0x03,0x18,0x36,0x00,0x10,0xcc,0x20,
    0xd4,0x03,0x18,0xe7,0x00,0x11,0xcc,0xe7,0x31,0x02,0x18,0xe8,0x00,0x11,0xcc,0xe8,0x45,0x02,0x18,0xe9,
    0x00,0x11,0xcc,0xe9,0x59,0x02,0x18,0xea,0x00,0x11,0xcc,0xea,0x6d,0x02,0x18,0x18,0x00,0x10,0xcc,0x20,
    0xd6,0x03,0x18,0x22,0x00,0x10,0xcc,0x20,0xd8,0x03,0x18,0x2c,0x00,0x10,0xcc,0x20,0xda,0x03,0x18,0x36,
    0x00,0x10,0xcc,0x20,0xdc,0x03,0x18,0xeb,0x00,0x11,0xcc,0xeb,0x31,0x02,0x18,0xec,0x00,0x11,0xcc,0xec,
    0x45,0x02,0x18,0xed,0x00,0x11,0xcc,0xed,0x59,0x02,0x18,0xee,0x00,0x11,0xcc,0xee,0x6d,0x02,0x18,0x00,
    0x00,0x64,0xe0,0xf3,0xe7,0x91,0x80,0x00,0x00,0x64,0xe0,0xf4,0xeb,0x91,0x80,0x41,0x81,0xc1,0x80,0x80,
    0x47,0x47,0x98,0x44,0x43,0x44,0x80,0x45,0x80,0x45,0x82,0x00,0x00,0x94,0xe0,0xf3,0xe7,0x91,0x80,0x00,
    0x00,0x94,0xe0,0xf4,0xeb,0x91,0x80,0x41,0x81,0xc1,0x80,0x80,0x47,0x47,0x98,0x44,0x43,0x44,0x80,0x45,
    0x80,0x45,0x82,0x00,0x00,0x64,0xe0,0xf3,0xe8,0x91,0x80,0x00,0x00,0x64,0xe0,0xf4,0xec,0x91,0x80,0x41,
    0x81,0xc1,0x80,0x80,0x47,0x47,0x98,0x44,0x43,0x44,0x80,0x45,0x80,0x45,0x82,0x00,0x00,0x94,0xe0,0xf3,
    0xe8,0x91,0x80,0x00,0x00,0x94,0xe0,0xf4,0xec,0x91,0x80,0x41,0x81,0xc1,0x80,0x80,0x47,0x47,0x98,0x44,
    0x43,0x44,0x80,0x45,0x80,0x45,0x82,0x00,0x00,0x64,0xe0,0xf3,0xe9,0x91,0x80,0x00,0x00,0x64,0xe0,0xf4,
    0xed,0x91,0x80,0x41,0x81,0xc1,0x80,0x80,0x47,0x47,0x98,0x44,0x43,0x44,0x80,0x45,0x80,0x45,0x82,0x00,
    0x00,0x94,0xe0,0xf3,0xe9,0x91,0x80,0x00,0x00,0x94,0xe0,0xf4,0xed,0x91,0x80,0x41,0x81,0xc1,0x80,0x80,
    0x47,0x47,0x98,0x44,0x43,0x44,0x80,0x45,0x80,0x45,0x82,0x00,0x00,0x64,0xe0,0xf3,0xea,0x91,0x80,0x00,
    0x00,0x64,0xe0,0xf4,0xee,0x91,0x80,0x41,0x81,0xc1,0x80,0x80,0x47,0x47,0x98,0x44,0x43,0x44,0x80,0x45,
    0x80,0x45,0x82,0x00,0x00,0x94,0xe0,0xf3,0xea,0x91,0x80,0x00,0x00,0x94,0xe0,0xf4,0xee,0x91,0x80,0x41,
    0x81,0xc1,0x80,0x80,0x47,0x47,0x98,0x44,0x43,0x44,0x80,0x45,0x80,0x45,0x82,0xff,0x00,0xca,0xbe,0x10,
    0x5a,0x00,0x00,0x4c,0x48,0x80,0xbe,0x00,0x00,0x80,0xbf,0x00,0x00,0x80,0xbf,0xdf,0x00,0x0f,0xcc,0xdf,
    0x63,0x00,0x18,0xe0,0x00,0x0f,0xcc,0xe0,0x6b,0x00,0x18,0xe1,0x00,0x0f,0xcc,0xe1,0x6d,0x00,0x18,0xe2,
    0x00,0x0f,0xcc,0xe2,0x6f,0x00,0x18,0xe3,0x00,0x0f,0xcc,0xe3,0x63,0x00,0x18,0xe4,0x00,0x0f,0xcc,0xe4,
    0x6b,0x00,0x18,0xe5,0x00,0x0f,0xcc,0xe5,0x6d,0x00,0x18,0xe6,0x00,0x0f,0xcc,0xe6,0x6f,0x00,0x18,0xdf,
    0x00,0x12,0xcc,0x80,0xbe,0x03,0x18,0xe0,0x00,0x12,0xcc,0x80,0xc0,0x03,0x18,0xe1,0x00,0x12,0xcc,0x80,
    0xc2,0x03,0x18,0xe2,0x00,0x12,0xcc,0x80,0xc4,0x03,0x18,0xe3,0x00,0x12,0xcc,0x80,0xc6,0x03,0x18,0xe4,
    0x00,0x12,0xcc,0x80,0xc8,0x03,0x18,0xe5,0x00,0x12,0xcc,0x80,0xca,0x03,0x18,0xe6,0x00,0x12,0xcc,0x80,
    0xcc,0x03,0x18,0x00,0x00,0x64,0xe0,0xf3,0xdf,0x91,0x80,0x00,0x00,0x64,0xe0,0xf4,0xe3,0x91,0x80,0x41,
    0x81,0xc1,0x80,0x80,0x47,0x47,0x98,0x44,0x43,0x44,0x80,0x45,0x80,0x45,0x82,0x00,0x00,0x94,0xe0,0xf3,
    0xdf,0x91,0x80,0x00,0x00,0x94,0xe0,0xf4,0xe3,0x91,0x80,0x41,0x81,0xc1,0x80,0x80,0x47,0x47,0x98,0x44,
    0x43,0x44,0x80,0x45,0x80,0x45,0x82,0x00,0x00,0x64,0xe0,0xf3,0xe0,0x91,0x80,0x00,0x00,0x64,0xe0,0xf4,
    0xe4,0x91,0x80,0x41,0x81,0xc1,0x80,0x80,0x47,0x47,0x98,0x44,0x43,0x44,0x80,0x45,0x80,0x45,0x82,0x00,
    0x00,0x94,0xe0,0xf3,0xe0,0x91,0x80,0x00,0x00,0x94,0xe0,0xf4,0xe4,0x91,0x80,0x41,0x81,0xc1,0x80,0x80,
    0x47,0x47,0x98,0x44,0x43,0x44,0x80,0x45,0x80,0x45,0x82,0x00,0x00,0x64,0xe0,0xf3,0xe1,0x91,0x80,0x00,
    0x00,0x64,0xe0,0xf4,0xe5,0x91,0x80,0x41,0x81,0xc1,0x80,0x80,0x47,0x47,0x98,0x44,0x43,0x44,0x80,0x45,
    0x80,0x45,0x82,0x00,0x00,0x94,0xe0,0xf3,0xe1,0x91,0x80,0x00,0x00,0x94,0xe0,0xf4,0xe5,0x91,0x80,0x41,
    0x81,0xc1,0x80,0x80,0x47,0x47,0x98,0x44,0x43,0x44,0x80,0x45,0x80,0x45,0x82,0x00,0x00,0x64,0xe0,0xf3,
    0xe2,0x91,0x80,0x00,0x00,0x64,0xe0,0xf4,0xe6,0x91,0x80,0x41,0x81,0xc1,0x80,0x80,0x47,0x47,0x98,0x44,
    0x43,0x44,0x80,0x45,0x80,0x45,0x82,0x00,0x00,0x94,0xe0,0xf3,0xe2,0x91,0x80,0x00,0x00,0x94,0xe0,0xf4,
    0xe6,0x91,0x80,0x41,0x81,0xc1,0x80,0x80,0x47,0x47,0x98,0x44,0x43,0x44,0x80,0x45,0x80,0x45,0x82,0xff,
    0x00,0xca,0xbe,0x3c,0x5f,0x00,0x00,0x4c,0x48,0x80,0xbe,0xe7,0x00,0x0f,0xcc,0xe7,0x71,0x00,0x18,0xe8,
    0x00,0x0f,0xcc,0xe8,0x73,0x00,0x18,0xe9,0x00,0x0f,0xcc,0xe9,0x77,0x00,0x18,0xea,0x00,0x0f,0xcc,0xea,
    0x81,0x00,0x18,0xeb,0x00,0x0f,0xcc,0xeb,0x71,0x00,0x18,0xec,0x00,0x0f,0xcc,0xec,0x73,0x00,0x18,0xed,
    0x00,0x0f,0xcc,0xed,0x77,0x00,0x18,0xee,0x00,0x0f,0xcc,0xee,0x81,0x00,0x18,0xe7,0x00,0x12,0xcc,0x80,
    0xce,0x03,0x18,0xe8,0x00,0x12,0xcc,0x80,0xd0,0x03,0x18,0xe9,0x00,0x12,0xcc,0x80,0xd2,0x03,0x18,0xea,
    0x00,0x12,0xcc,0x80,0xd4,0x03,0x18,0xeb,0x00,0x12,0xcc,0x80,0xd6,0x03,0x18,0xec,0x00,0x12,0xcc,0x80,
    0xd8,0x03,0x18,0xed,0x00,0x12,0xcc,0x80,0xda,0x03,0x18,0xee,0x00,0x12,0xcc,0x80,0xdc,0x03,0x18,0x00,
    0x00,0x64,0xe0,0xf3,0xe7,0x91,0x80,0x00,0x00,0x64,0xe0,0xf4,0xeb,0x91,0x80,0x41,0x81,0xc1,0x80,0x80,
    0x47,0x47,0x98,0x44,0x43,0x44,0x80,0x45,0x80,0x45,0x82,0x00,0x00,0x94,0xe0,0xf3,0xe7,0x91,0x80,0x00,
    0x00,0x94,0xe0,0xf4,0xeb,0x91,0x80,0x41,0x81,0xc1,0x80,0x80,0x47,0x47,0x98,0x44,0x43,0x44,0x80,0x45,
    0x80,0x45,0x82,0x00,0x00,0x64,0xe0,0xf3,0xe8,0x91,0x80,0x00,0x00,0x64,0xe0,0xf4,0xec,0x91,0x80,0x41,
    0x81,0xc1,0x80,0x80,0x47,0x47,0x98,0x44,0x43,0x44,0x80,0x45,0x80,0x45,0x82,0x00,0x00,0x94,0xe0,0xf3,
    0xe8,0x91,0x80,0x00,0x00,0x94,0xe0,0xf4,0xec,0x91,0x80,0x41,0x81,0xc1,0x80,0x80,0x47,0x47,0x98,0x44,
    0x43,0x44,0x80,0x45,0x80,0x45,0x82,0x00,0x00,0x64,0xe0,0xf3,0xe9,0x91,0x80,0x00,0x00,0x64,0xe0,0xf4,
    0xed,0x91,0x80,0x41,0x81,0xc1,0x80,0x80,0x47,0x47,0x98,0x44,0x43,0x44,0x80,0x45,0x80,0x45,0x82,0x00,
    0x00,0x94,0xe0,0xf3,0xe9,0x91,0x80,0x00,0x00,0x94,0xe0,0xf4,0xed,0x91,0x80,0x41,0x81,0xc1,0x80,0x80,
    0x47,0x47,0x98,0x44,0x43,0x44,0x80,0x45,0x80,0x45,0x82,0x00,0x00,0x64,0xe0,0xf3,0xea,0x91,0x80,0x00,
    0x00,0x64,0xe0,0xf4,0xee,0x91,0x80,0x41,0x81,0xc1,0x80,0x80,0x47,0x47,0x98,0x44,0x43,0x44,0x80,0x45,
    0x80,0x45,0x82,0x00,0x00,0x94,0xe0,0xf3,0xea,0x91,0x80,0x00,0x00,0x94,0xe0,0xf4,0xee,0x91,0x80,0x41,
    0x81,0xc1,0x80,0x80,0x47,0x47,0x98,0x44,0x43,0x44,0x80,0x45,0x80,0x45,0x82,0xff,0x00,0xca,0xbe,0xb0,
    0x5d,0x00,0x00,0x4c,0x48,0x80,0xbe,0x00,0x00,0x80,0xbf,0x00,0x00,0x80,0xbf,0xdf,0x00,0x0f,0xcc,0xdf,
    0x63,0x00,0x18,0xe0,0x00,0x0f,0xcc,0xe0,0x6b,0x00,0x18,0xe1,0x00,0x0f,0xcc,0xe1,0x6d,0x00,0x18,0xe2,
    0x00,0x0f,0xcc,0xe2,0x6f,0x00,0x18,0xe3,0x00,0x0f,0xcc,0xe3,0x63,0x00,0x18,0xe4,0x00,0x0f,0xcc,0xe4,
    0x6b,0x00,0x18,0xe5,0x00,0x0f,0xcc,0xe5,0x6d,0x00,0x18,0xe6,0x00,0x0f,0xcc,0xe6,0x6f,0x00,0x18,0xdf,
    0x00,0x10,0xcc,0xff,0xbe,0x03,0x18,0xc5,0xbd,0xc5,0xbd,0xe0,0x00,0x10,0xcc,0xff,0xc0,0x03,0x18,0xc5,
    0xbd,0xc5,0xbd,0xe1,0x00,0x10,0xcc,0xff,0xc2,0x03,0x18,0xc5,0xbd,0xc5,0xbd,0xe2,0x00,0x10,0xcc,0xff,
    0xc4,0x03,0x18,0xc5,0xbd,0xc5,0xbd,0xdf,0x00,0xd8,0xd5,0xdf,0x01,0x00,0x00,0xe0,0x00,0xd8,0xd5,0xe0,
    0x01,0x00,0x00,0xe1,0x00,0xd8,0xd5,0xe1,0x01,0x00,0x00,0xe2,0x00,0xd8,0xd5,0xe2,0x01,0x00,0x00,0xdf,
    0x48,0xd8,0xd5,0xdf,0x01,0x00,0x00,0xe0,0x48,0xd8,0xd5,0xe0,0x01,0x00,0x00,0xe1,0x48,0xd8,0xd5,0xe1,
    0x01,0x00,0x00,0xe2,0x48,0xd8,0xd5,0xe2,0x01,0x00,0x00,0xdf,0x00,0x0f,0xcc,0xf2,0xbe,0x03,0x10,0xe0,
    0x00,0x0f,0xcc,0xf2,0xc0,0x03,0x10,0xe1,0x00,0x0f,0xcc,0xf2,0xc2,0x03,0x10,0xe2,0x00,0x0f,0xcc,0xf2,
    0xc4,0x03,0x10,0xdf,0x00,0xd4,0xd5,0xdf,0x01,0x00,0x00,0xe0,0x00,0xd4,0xd5,0xe0,0x01,0x00,0x00,0xe1,
    0x00,0xd4,0xd5,0xe1,0x01,0x00,0x00,0xe2,0x00,0xd4,0xd5,0xe2,0x01,0x00,0x00,0xdf,0x48,0xd4,0xd5,0xdf,
    0x01,0x00,0x00,0xe0,0x48,0xd4,0xd5,0xe0,0x01,0x00,0x00,0xe1,0x48,0xd4,0xd5,0xe1,0x01,0x00,0x00,0xe2,
    0x48,0xd4,0xd5,0xe2,0x01,0x00,0x00,0xe3,0x00,0x10,0xcc,0xff,0xc6,0x03,0x18,0xc5,0xbd,0xc5,0xbd,0xe4,
    0x00,0x10,0xcc,0xff,0xc8,0x03,0x18,0xc5,0xbd,0xc5,0xbd,0xe5,0x00,0x10,0xcc,0xff,0xca,0x03,0x18,0xc5,
    0xbd,0xc5,0xbd,0xe6,0x00,0x10,0xcc,0xff,0xcc,0x03,0x18,0xc5,0xbd,0xc5,0xbd,0xe3,0x00,0xd8,0xd5,0xe3,
    0x01,0x00,0x00,0xe4,0x00,0xd8,0xd5,0xe4,0x01,0x00,0x00,0xe5,0x00,0xd8,0xd5,0xe5,0x01,0x00,0x00,0xe6,
    0x00,0xd8,0xd5,0xe6,0x01,0x00,0x00,0xe3,0x48,0xd8,0xd5,0xe3,0x01,0x00,0x00,0xe4,0x48,0xd8,0xd5,0xe4,
    0x01,0x00,0x00,0xe5,0x48,0xd8,0xd5,0xe5,0x01,0x00,0x00,0xe6,0x48,0xd8,0xd5,0xe6,0x01,0x00,0x00,0xe3,
    0x00,0x0f,0xcc,0xf2,0xc6,0x03,0x10,0xe4,0x00,0x0f,0xcc,0xf2,0xc8,0x03,0x10,0xe5,0x00,0x0f,0xcc,0xf2,
    0xca,0x03,0x10,0xe6,0x00,0x0f,0xcc,0xf2,0xcc,0x03,0x10,0xe3,0x00,0xd4,0xd5,0xe3,0x01,0x00,0x00,0xe4,
    0x00,0xd4,0xd5,0xe4,0x01,0x00,0x00,0xe5,0x00,0xd4,0xd5,0xe5,0x01,0x00,0x00,0xe6,0x00,0xd4,0xd5,0xe6,
    0x01,0x00,0x00,0xe3,0x48,0xd4,0xd5,0xe3,0x01,0x00,0x00,0xe4,0x48,0xd4,0xd5,0xe4,0x01,0x00,0x00,0xe5,
    0x48,0xd4,0xd5,0xe5,0x01,0x00,0x00,0xe6,0x48,0xd4,0xd5,0xe6,0x01,0x00,0x00,0x00,0x00,0x64,0xe0,0xf3,
    0xdf,0x91,0x80,0x00,0x00,0x64,0xe0,0xf4,0xe3,0x91,0x80,0x41,0x81,0xc1,0x80,0x80,0x47,0x47,0x98,0x44,
    0x43,0x44,0x80,0x45,0x80,0x45,0x82,0x00,0x00,0x94,0xe0,0xf3,0xdf,0x91,0x80,0x00,0x00,0x94,0xe0,0xf4,
    0xe3,0x91,0x80,0x41,0x81,0xc1,0x80,0x80,0x47,0x47,0x98,0x44,0x43,0x44,0x80,0x45,0x80,0x45,0x82,0x00,
    0x00,0x64,0xe0,0xf3,0xe0,0x91,0x80,0x00,0x00,0x64,0xe0,0xf4,0xe4,0x91,0x80,0x41,0x81,0xc1,0x80,0x80,
    0x47,0x47,0x98,0x44,0x43,0x44,0x80,0x45,0x80,0x45,0x82,0x00,0x00,0x94,0xe0,0xf3,0xe0,0x91,0x80,0x00,
    0x00,0x94,0xe0,0xf4,0xe4,0x91,0x80,0x41,0x81,0xc1,0x80,0x80,0x47,0x47,0x98,0x44,0x43,0x44,0x80,0x45,
    0x80,0x45,0x82,0x00,0x00,0x64,0xe0,0xf3,0xe1,0x91,0x80,0x00,0x00,0x64,0xe0,0xf4,0xe5,0x91,0x80,0x41,
    0x81,0xc1,0x80,0x80,0x47,0x47,0x98,0x44,0x43,0x44,0x80,0x45,0x80,0x45,0x82,0x00,0x00,0x94,0xe0,0xf3,
    0xe1,0x91,0x80,0x00,0x00,0x94,0xe0,0xf4,0xe5,0x91,0x80,0x41,0x81,0xc1,0x80,0x80,0x47,0x47,0x98,0x44,
    0x43,0x44,0x80,0x45,0x80,0x45,0x82,0x00,0x00,0x64,0xe0,0xf3,0xe2,0x91,0x80,0x00,0x00,0x64,0xe0,0xf4,
    0xe6,0x91,0x80,0x41,0x81,0xc1,0x80,0x80,0x47,0x47,0x98,0x44,0x43,0x44,0x80,0x45,0x80,0x45,0x82,0x00,
    0x00,0x94,0xe0,0xf3,0xe2,0x91,0x80,0x00,0x00,0x94,0xe0,0xf4,0xe6,0x91,0x80,0x41,0x81,0xc1,0x80,0x80,
    0x47,0x47,0x98,0x44,0x43,0x44,0x80,0x45,0x80,0x45,0x82,0xff,0x00,0xca,0xbe,0xbc,0x63,0x00,0x00,0x4c,
    0x48,0x80,0xbe,0xe7,0x00,0x0f,0xcc,0xe7,0x71,0x00,0x18,0xe8,0x00,0x0f,0xcc,0xe8,0x73,0x00,0x18,0xe9,
    0x00,0x0f,0xcc,0xe9,0x77,0x00,0x18,0xea,0x00,0x0f,0xcc,0xea,0x81,0x00,0x18,0xeb,0x00,0x0f,0xcc,0xeb,
    0x71,0x00,0x18,0xec,0x00,0x0f,0xcc,0xec,0x73,0x00,0x18,0xed,0x00,0x0f,0xcc,0xed,0x77,0x00,0x18,0xee,
    0x00,0x0f,0xcc,0xee,0x81,0x00,0x18,0xe7,0x00,0x10,0xcc,0xff,0xce,0x03,0x18,0xc5,0xbd,0xc5,0xbd,0xe8,
    0x00,0x10,0xcc,0xff,0xd0,0x03,0x18,0xc5,0xbd,0xc5,0xbd,0xe9,0x00,0x10,0xcc,0xff,0xd2,0x03,0x18,0xc5,
    0xbd,0xc5,0xbd,0xea,0x00,0x10,0xcc,0xff,0xd4,0x03,0x18,0xc5,0xbd,0xc5,0xbd,0xe7,0x00,0xd8,0xd5,0xe7,
    0x01,0x00,0x00,0xe8,0x00,0xd8,0xd5,0xe8,0x01,0x00,0x00,0xe9,0x00,0xd8,0xd5,0xe9,0x01,0x00,0x00,0xea,
    0x00,0xd8,0xd5,0xea,0x01,0x00,0x00,0xe7,0x48,0xd8,0xd5,0xe7,0x01,0x00,0x00,0xe8,0x48,0xd8,0xd5,0xe8,
    0x01,0x00,0x00,0xe9,0x48,0xd8,0xd5,0xe9,0x01,0x00,0x00,0xea,0x48,0xd8,0xd5,0xea,0x01,0x00,0x00,0xe7,
    0x00,0x0f,0xcc,0xf2,0xce,0x03,0x10,0xe8,0x00,0x0f,0xcc,0xf2,0xd0,0x03,0x10,0xe9,0x00,0x0f,0xcc,0xf2,
    0xd2,0x03,0x10,0xea,0x00,0x0f,0xcc,0xf2,0xd4,0x03,0x10,0xe7,0x00,0xd4,0xd5,0xe7,0x01,0x00,0x00,0xe8,
    0x00,0xd4,0xd5,0xe8,0x01,0x00,0x00,0xe9,0x00,0xd4,0xd5,0xe9,0x01,0x00,0x00,0xea,0x00,0xd4,0xd5,0xea,
    0x01,0x00,0x00,0xe7,0x48,0xd4,0xd5,0xe7,0x01,0x00,0x00,0xe8,0x48,0xd4,0xd5,0xe8,0x01,0x00,0x00,0xe9,
    0x48,0xd4,0xd5,0xe9,0x01,0x00,0x00,0xea,0x48,0xd4,0xd5,0xea,0x01,0x00,0x00,0xeb,0x00,0x10,0xcc,0xff,
    0xd6,0x03,0x18,0xc5,0xbd,0xc5,0xbd,0xec,0x00,0x10,0xcc,0xff,0xd8,0x03,0x18,0xc5,0xbd,0xc5,0xbd,0xed,
    0x00,0x10,0xcc,0xff,0xda,0x03,0x18,0xc5,0xbd,0xc5,0xbd,0xee,0x00,0x10,0xcc,0xff,0xdc,0x03,0x18,0xc5,
    0xbd,0xc5,0xbd,0xeb,0x00,0xd8,0xd5,0xeb,0x01,0x00,0x00,0xec,0x00,0xd8,0xd5,0xec,0x01,0x00,0x00,0xed,
    0x00,0xd8,0xd5,0xed,0x01,0x00,0x00,0xee,0x00,0xd8,0xd5,0xee,0x01,0x00,0x00,0xeb,0x48,0xd8,0xd5,0xeb,
    0x01,0x00,0x00,0xec,0x48,0xd8,0xd5,0xec,0x01,0x00,0x00,0xed,0x48,0xd8,0xd5,0xed,0x01,0x00,0x00,0xee,
    0x48,0xd8,0xd5,0xee,0x01,0x00,0x00,0xeb,0x00,0x0f,0xcc,0xf2,0xd6,0x03,0x10,0xec,0x00,0x0f,0xcc,0xf2,
    0xd8,0x03,0x10,0xed,0x00,0x0f,0xcc,0xf2,0xda,0x03,0x10,0xee,0x00,0x0f,0xcc,0xf2,0xdc,0x03,0x10,0xeb,
    0x00,0xd4,0xd5,0xeb,0x01,0x00,0x00,0xec,0x00,0xd4,0xd5,0xec,0x01,0x00,0x00,0xed,0x00,0xd4,0xd5,0xed,
    0x01,0x00,0x00,0xee,0x00,0xd4,0xd5,0xee,0x01,0x00,0x00,0xeb,0x48,0xd4,0xd5,0xeb,0x01,0x00,0x00,0xec,
    0x48,0xd4,0xd5,0xec,0x01,0x00,0x00,0xed,0x48,0xd4,0xd5,0xed,0x01,0x00,0x00,0xee,0x48,0xd4,0xd5,0xee,
    0x01,0x00,0x00,0x00,0x00,0x64,0xe0,0xf3,0xe7,0x91,0x80,0x00,0x00,0x64,0xe0,0xf4,0xeb,0x91,0x80,0x41,
    0x81,0xc1,0x80,0x80,0x47,0x47,0x98,0x44,0x43,0x44,0x80,0x45,0x80,0x45,0x82,0x00,0x00,0x94,0xe0,0xf3,
    0xe7,0x91,0x80,0x00,0x00,0x94,0xe0,0xf4,0xeb,0x91,0x80,0x41,0x81,0xc1,0x80,0x80,0x47,0x47,0x98,0x44,
    0x43,0x44,0x80,0x45,0x80,0x45,0x82,0x00,0x00,0x64,0xe0,0xf3,0xe8,0x91,0x80,0x00,0x00,0x64,0xe0,0xf4,
    0xec,0x91,0x80,0x41,0x81,0xc1,0x80,0x80,0x47,0x47,0x98,0x44,0x43,0x44,0x80,0x45,0x80,0x45,0x82,0x00,
    0x00,0x94,0xe0,0xf3,0xe8,0x91,0x80,0x00,0x00,0x94,0xe0,0xf4,0xec,0x91,0x80,0x41,0x81,0xc1,0x80,0x80,
    0x47,0x47,0x98,0x44,0x43,0x44,0x80,0x45,0x80,0x45,0x82,0x00,0x00,0x64,0xe0,0xf3,0xe9,0x91,0x80,0x00,
    0x00,0x64,0xe0,0xf4,0xed,0x91,0x80,0x41,0x81,0xc1,0x80,0x80,0x47,0x47,0x98,0x44,0x43,0x44,0x80,0x45,
    0x80,0x45,0x82,0x00,0x00,0x94,0xe0,0xf3,0xe9,0x91,0x80,0x00,0x00,0x94,0xe0,0xf4,0xed,0x91,0x80,0x41,
    0x81,0xc1,0x80,0x80,0x47,0x47,0x98,0x44,0x43,0x44,0x80,0x45,0x80,0x45,0x82,0x00,0x00,0x64,0xe0,0xf3,
    0xea,0x91,0x80,0x00,0x00,0x64,0xe0,0xf4,0xee,0x91,0x80,0x41,0x81,0xc1,0x80,0x80,0x47,0x47,0x98,0x44,
    0x43,0x44,0x80,0x45,0x80,0x45,0x82,0x00,0x00,0x94,0xe0,0xf3,0xea,0x91,0x80,0x00,0x00,0x94,0xe0,0xf4,
    0xee,0x91,0x80,0x41,0x81,0xc1,0x80,0x80,0x47,0x47,0x98,0x44,0x43,0x44,0x80,0x45,0x80,0x45,0x82,0xff,
    0x00,0xca,0xbe,0xd0,0x60,0x00,0x00,0x4c,0x48,0x80,0xbe,0x00,0x00,0x80,0xbf,0x00,0x00,0x80,0xbf,0xdf,
    0x00,0x0f,0xcc,0xdf,0x63,0x00,0x18,0xe0,0x00,0x0f,0xcc,0xe0,0x6b,0x00,0x18,0xe1,0x00,0x0f,0xcc,0xe1,
    0x6d,0x00,0x18,0xe2,0x00,0x0f,0xcc,0xe2,0x6f,0x00,0x18,0xe3,0x00,0x0f,0xcc,0xe3,0x63,0x00,0x18,0xe4,
    0x00,0x0f,0xcc,0xe4,0x6b,0x00,0x18,0xe5,0x00,0x0f,0xcc,0xe5,0x6d,0x00,0x18,0xe6,0x00,0x0f,0xcc,0xe6,
    0x6f,0x00,0x18,0xdf,0x00,0x10,0xcc,0xdf,0x43,0x00,0x18,0xe0,0x00,0x10,0xcc,0xe0,0x43,0x00,0x18,0xe1,
    0x00,0x10,0xcc,0xe1,0x43,0x00,0x18,0xe2,0x00,0x10,0xcc,0xe2,0x43,0x00,0x18,0xff,0xbe,0x31,0x36,0xff,
    0x7f,0xff,0x7f,0xff,0xc0,0x45,0x36,0xff,0x7f,0xff,0x7f,0xff,0xc2,0x59,0x36,0xff,0x7f,0xff,0x7f,0xff,
    0xc4,0x6d,0x36,0xff,0x7f,0xff,0x7f,0xff,0x02,0x3a,0x7e,0x2e,0xb6,0x2e,0xb6,0xff,0x02,0x4e,0x7e,0x2e,
    0xb6,0x2e,0xb6,0xff,0x02,0x62,0x7e,0x2e,0xb6,0x2e,0xb6,0xff,0x02,0x76,0x7e,0x2e,0xb6,0x2e,0xb6,0x1d,
    0x40,0x0e,0xcc,0x18,0xff,0x75,0x1c,0x88,0x30,0x88,0x30,0x27,0x40,0x0e,0xcc,0x22,0xff,0x9d,0x1c,0x88,
    0x30,0x88,0x30,0x31,0x40,0x0e,0xcc,0x2c,0xff,0xc5,0x1c,0x88,0x30,0x88,0x30,0x3b,0x40,0x0e,0xcc,0x36,
    0xff,0xed,0x1c,0x88,0x30,0x88,0x30,0x1d,0x40,0x0e,0xcc,0x18,0x3b,0xfe,0x1b,0x33,0x1e,0x33,0x1e,0x27,
    0x40,0x0e,0xcc,0x22,0x4f,0xfe,0x1b,0x33,0x1e,0x33,0x1e,0x31,0x40,0x0e,0xcc,0x2c,0x63,0xfe,0x1b,0x33,
    0x1e,0x33,0x1e,0x3b,0x40,0x0e,0xcc,0x36,0x77,0xfe,0x1b,0x33,0x1e,0x33,0x1e,0x1d,0x00,0x10,0xcc,0x18,
    0x3b,0x02,0x18,0x27,0x00,0x10,0xcc,0x22,0x4f,0x02,0x18,0x31,0x00,0x10,0xcc,0x2c,0x63,0x02,0x18,0x3b,
    0x00,0x10,0xcc,0x36,0x77,0x02,0x18,0x1d,0x40,0x0e,0xcc,0x18,0x3b,0x62,0x1c,0x27,0x40,0x0e,0xcc,0x22,
    0x4f,0x8a,0x1c,0x31,0x40,0x0e,0xcc,0x2c,0x63,0xb2,0x1c,0x3b,0x40,0x0e,0xcc,0x36,0x77,0xda,0x1c,0x18,
    0x00,0x10,0xcc,0xff,0x30,0x02,0x18,0xc5,0x41,0xc5,0x41,0x22,0x00,0x10,0xcc,0xff,0x44,0x02,0x18,0xc5,
    0x41,0xc5,0x41,0x2c,0x00,0x10,0xcc,0xff,0x58,0x02,0x18,0xc5,0x41,0xc5,0x41,0x36,0x00,0x10,0xcc,0xff,
    0x6c,0x02,0x18,0xc5,0x41,0xc5,0x41,0x18,0xb1,0x30,0x7e,0x22,0xb1,0x44,0x7e,0x2c,0xb1,0x58,0x7e,0x36,
    0xb1,0x6c,0x7e,0x98,0xb1,0x30,0x7f,0xa2,0xb1,0x44,0x7f,0xac,0xb1,0x58,0x7f,0xb6,0xb1,0x6c,0x7f,0x18,
    0x00,0x0f,0xcc,0xf2,0x30,0x02,0x10,0x22,0x00,0x0f,0xcc,0xf2,0x44,0x02,0x10,0x2c,0x00,0x0f,0xcc,0xf2,
    0x58,0x02,0x10,0x36,0x00,0x0f,0xcc,0xf2,0x6c,0x02,0x10,0x18,0xa9,0x30,0x7e,0x22,0xa9,0x44,0x7e,0x2c,
    0xa9,0x58,0x7e,0x36,0xa9,0x6c,0x7e,0x98,0xa9,0x30,0x7f,0xa2,0xa9,0x44,0x7f,0xac,0xa9,0x58,0x7f,0xb6,
    0xa9,0x6c,0x7f,0x18,0x00,0x0e,0xcc,0x18,0xeb,0xc9,0x0b,0x22,0x00,0x0e,0xcc,0x22,0xeb,0xc9,0x0b,0x2c,
    0x00,0x0e,0xcc,0x2c,0xeb,0xc9,0x0b,0x36,0x00,0x0e,0xcc,0x36,0xeb,0xc9,0x0b,0x6a,0x01,0x04,0xd4,0xdf,
    0xff,0x01,0x00,0xc2,0x3b,0xc2,0x3b,0x1d,0x00,0x5d,0xd6,0x1d,0x31,0xaa,0x01,0x6a,0x01,0x04,0xd4,0xe0,
    0xff,0x01,0x00,0xc2,0x3b,0xc2,0x3b,0x27,0x00,0x5d,0xd6,0x27,0x45,0xaa,0x01,0x6a,0x01,0x04,0xd4,0xe1,
    0xff,0x01,0x00,0xc2,0x3b,0xc2,0x3b,0x31,0x00,0x5d,0xd6,0x31,0x59,0xaa,0x01,0x6a,0x01,0x04,0xd4,0xe2,
    0xff,0x01,0x00,0xc2,0x3b,0xc2,0x3b,0x3b,0x00,0x5d,0xd6,0x3b,0x6d,0xaa,0x01,0x6a,0x19,0x04,0xd4,0xdf,
    0xff,0x01,0x00,0xc2,0x3b,0xc2,0x3b,0x1d,0x58,0x5d,0xd6,0x1d,0x31,0xaa,0x01,0x6a,0x19,0x04,0xd4,0xe0,
    0xff,0x01,0x00,0xc2,0x3b,0xc2,0x3b,0x27,0x58,0x5d,0xd6,0x27,0x45,0xaa,0x01,0x6a,0x19,0x04,0xd4,0xe1,
    0xff,0x01,0x00,0xc2,0x3b,0xc2,0x3b,0x31,0x58,0x5d,0xd6,0x31,0x59,0xaa,0x01,0x6a,0x19,0x04,0xd4,0xe2,
    0xff,0x01,0x00,0xc2,0x3b,0xc2,0x3b,0x3b,0x58,0x5d,0xd6,0x3b,0x6d,0xaa,0x01,0xdf,0x00,0x12,0xd6,0xff,
    0x3a,0x7e,0x07,0xff,0x7f,0xff,0x7f,0xe0,0x00,0x12,0xd6,0xff,0x4e,0x82,0x07,0xff,0x7f,0xff,0x7f,0xe1,
    0x00,0x12,0xd6,0xff,0x62,0x86,0x07,0xff,0x7f,0xff,0x7f,0xe2,0x00,0x12,0xd6,0xff,0x76,0x8a,0x07,0xff,
    0x7f,0xff,0x7f,0xdf,0x00,0x10,0xcc,0xdf,0x41,0x00,0x18,0xe0,0x00,0x10,0xcc,0xe0,0x41,0x00,0x18,0xe1,
    0x00,0x10,0xcc,0xe1,0x41,0x00,0x18,0xe2,0x00,0x10,0xcc,0xe2,0x41,0x00,0x18,0xe3,0x00,0x10,0xcc,0xe3,
    0x43,0x00,0x18,0xe4,0x00,0x10,0xcc,0xe4,0x43,0x00,0x18,0xe5,0x00,0x10,0xcc,0xe5,0x43,0x00,0x18,0xe6,
    0x00,0x10,0xcc,0xe6,0x43,0x00,0x18,0xff,0xc6,0x31,0x36,0xff,0x7f,0xff,0x7f,0xff,0xc8,0x45,0x36,0xff,
    0x7f,0xff,0x7f,0xff,0xca,0x59,0x36,0xff,0x7f,0xff,0x7f,0xff,0xcc,0x6d,0x36,0xff,0x7f,0xff,0x7f,0xff,
    0x02,0x3a,0x7e,0x2e,0xb6,0x2e,0xb6,0xff,0x02,0x4e,0x7e,0x2e,0xb6,0x2e,0xb6,0xff,0x02,0x62,0x7e,0x2e,
    0xb6,0x2e,0xb6,0xff,0x02,0x76,0x7e,0x2e,0xb6,0x2e,0xb6,0x1d,0x40,0x0e,0xcc,0x18,0xff,0x75,0x1c,0x88,
    0x30,0x88,0x30,0x27,0x40,0x0e,0xcc,0x22,0xff,0x9d,0x1c,0x88,0x30,0x88,0x30,0x31,0x40,0x0e,0xcc,0x2c,
    0xff,0xc5,0x1c,0x88,0x30,0x88,0x30,0x3b,0x40,0x0e,0xcc,0x36,0xff,0xed,0x1c,0x88,0x30,0x88,0x30,0x1d,
    0x40,0x0e,0xcc,0x18,0x3b,0xfe,0x1b,0x33,0x1e,0x33,0x1e,0x27,0x40,0x0e,0xcc,0x22,0x4f,0xfe,0x1b,0x33,
    0x1e,0x33,0x1e,0x31,0x40,0x0e,0xcc,0x2c,0x63,0xfe,0x1b,0x33,0x1e,0x33,0x1e,0x3b,0x40,0x0e,0xcc,0x36,
    0x77,0xfe,0x1b,0x33,0x1e,0x33,0x1e,0x1d,0x00,0x10,0xcc,0x18,0x3b,0x02,0x18,0x27,0x00,0x10,0xcc,0x22,
    0x4f,0x02,0x18,0x31,0x00,0x10,0xcc,0x2c,0x63,0x02,0x18,0x3b,0x00,0x10,0xcc,0x36,0x77,0x02,0x18,0x1d,
    0x40,0x0e,0xcc,0x18,0x3b,0x62,0x1c,0x27,0x40,0x0e,0xcc,0x22,0x4f,0x8a,0x1c,0x31,0x40,0x0e,0xcc,0x2c,
    0x63,0xb2,0x1c,0x3b,0x40,0x0e,0xcc,0x36,0x77,0xda,0x1c,0x18,0x00,0x10,0xcc,0xff,0x30,0x02,0x18,0xc5,
    0x41,0xc5,0x41,0x22,0x00,0x10,0xcc,0xff,0x44,0x02,0x18,0xc5,0x41,0xc5,0x41,0x2c,0x00,0x10,0xcc,0xff,
    0x58,0x02,0x18,0xc5,0x41,0xc5,0x41,0x36,0x00,0x10,0xcc,0xff,0x6c,0x02,0x18,0xc5,0x41,0xc5,0x41,0x18,
    0xb1,0x30,0x7e,0x22,0xb1,0x44,0x7e,0x2c,0xb1,0x58,0x7e,0x36,0xb1,0x6c,0x7e,0x98,0xb1,0x30,0x7f,0xa2,
    0xb1,0x44,0x7f,0xac,0xb1,0x58,0x7f,0xb6,0xb1,0x6c,0x7f,0x18,0x00,0x0f,0xcc,0xf2,0x30,0x02,0x10,0x22,
    0x00,0x0f,0xcc,0xf2,0x44,0x02,0x10,0x2c,0x00,0x0f,0xcc,0xf2,0x58,0x02,0x10,0x36,0x00,0x0f,0xcc,0xf2,
    0x6c,0x02,0x10,0x18,0xa9,0x30,0x7e,0x22,0xa9,0x44,0x7e,0x2c,0xa9,0x58,0x7e,0x36,0xa9,0x6c,0x7e,0x98,
    0xa9,0x30,0x7f,0xa2,0xa9,0x44,0x7f,0xac,0xa9,0x58,0x7f,0xb6,0xa9,0x6c,0x7f,0x18,0x00,0x0e,0xcc,0x18,
    0xeb,0xc9,0x0b,0x22,0x00,0x0e,0xcc,0x22,0xeb,0xc9,0x0b,0x2c,0x00,0x0e,0xcc,0x2c,0xeb,0xc9,0x0b,0x36,
    0x00,0x0e,0xcc,0x36,0xeb,0xc9,0x0b,0x6a,0x01,0x04,0xd4,0xe3,0xff,0x01,0x00,0xc2,0x3b,0xc2,0x3b,0x1d,
    0x00,0x5d,0xd6,0x1d,0x31,0xaa,0x01,0x6a,0x01,0x04,0xd4,0xe4,0xff,0x01,0x00,0xc2,0x3b,0xc2,0x3b,0x27,
    0x00,0x5d,0xd6,0x27,0x45,0xaa,0x01,0x6a,0x01,0x04,0xd4,0xe5,0xff,0x01,0x00,0xc2,0x3b,0xc2,0x3b,0x31,
    0x00,0x5d,0xd6,0x31,0x59,0xaa,0x01,0x6a,0x01,0x04,0xd4,0xe6,0xff,0x01,0x00,0xc2,0x3b,0xc2,0x3b,0x3b,
    0x00,0x5d,0xd6,0x3b,0x6d,0xaa,0x01,0x6a,0x19,0x04,0xd4,0xe3,0xff,0x01,0x00,0xc2,0x3b,0xc2,0x3b,0x1d,
    0x58,0x5d,0xd6,0x1d,0x31,0xaa,0x01,0x6a,0x19,0x04,0xd4,0xe4,0xff,0x01,0x00,0xc2,0x3b,0xc2,0x3b,0x27,
    0x58,0x5d,0xd6,0x27,0x45,0xaa,0x01,0x6a,0x19,0x04,0xd4,0xe5,0xff,0x01,0x00,0xc2,0x3b,0xc2,0x3b,0x31,
    0x58,0x5d,0xd6,0x31,0x59,0xaa,0x01,0x6a,0x19,0x04,0xd4,0xe6,0xff,0x01,0x00,0xc2,0x3b,0xc2,0x3b,0x3b,
    0x58,0x5d,0xd6,0x3b,0x6d,0xaa,0x01,0xe3,0x00,0x12,0xd6,0xff,0x3a,0x8e,0x07,0xff,0x7f,0xff,0x7f,0xe4,
    0x00,0x12,0xd6,0xff,0x4e,0x92,0x07,0xff,0x7f,0xff,0x7f,0xe5,0x00,0x12,0xd6,0xff,0x62,0x96,0x07,0xff,
    0x7f,0xff,0x7f,0xe6,0x00,0x12,0xd6,0xff,0x76,0x9a,0x07,0xff,0x7f,0xff,0x7f,0xe3,0x00,0x10,0xcc,0xe3,
    0x41,0x00,0x18,0xe4,0x00,0x10,0xcc,0xe4,0x41,0x00,0x18,0xe5,0x00,0x10,0xcc,0xe5,0x41,0x00,0x18,0xe6,
    0x00,0x10,0xcc,0xe6,0x41,0x00,0x18,0x00,0x00,0x64,0xe0,0xf3,0xdf,0x91,0x80,0x00,0x00,0x64,0xe0,0xf4,
    0xe3,0x91,0x80,0x41,0x81,0xc1,0x80,0x80,0x47,0x47,0x98,0x44,0x43,0x44,0x80,0x45,0x80,0x45,0x82,0x00,
    0x00,0x94,0xe0,0xf3,0xdf,0x91,0x80,0x00,0x00,0x94,0xe0,0xf4,0xe3,0x91,0x80,0x41,0x81,0xc1,0x80,0x80,
    0x47,0x47,0x98,0x44,0x43,0x44,0x80,0x45,0x80,0x45,0x82,0x00,0x00,0x64,0xe0,0xf3,0xe0,0x91,0x80,0x00,
    0x00,0x64,0xe0,0xf4,0xe4,0x91,0x80,0x41,0x81,0xc1,0x80,0x80,0x47,0x47,0x98,0x44,0x43,0x44,0x80,0x45,
    0x80,0x45,0x82,0x00,0x00,0x94,0xe0,0xf3,0xe0,0x91,0x80,0x00,0x00,0x94,0xe0,0xf4,0xe4,0x91,0x80,0x41,
    0x81,0xc1,0x80,0x80,0x47,0x47,0x98,0x44,0x43,0x44,0x80,0x45,0x80,0x45,0x82,0x00,0x00,0x64,0xe0,0xf3,
    0xe1,0x91,0x80,0x00,0x00,0x64,0xe0,0xf4,0xe5,0x91,0x80,0x41,0x81,0xc1,0x80,0x80,0x47,0x47,0x98,0x44,
    0x43,0x44,0x80,0x45,0x80,0x45,0x82,0x00,0x00,0x94,0xe0,0xf3,0xe1,0x91,0x80,0x00,0x00,0x94,0xe0,0xf4,
    0xe5,0x91,0x80,0x41,0x81,0xc1,0x80,0x80,0x47,0x47,0x98,0x44,0x43,0x44,0x80,0x45,0x80,0x45,0x82,0x00,
    0x00,0x64,0xe0,0xf3,0xe2,0x91,0x80,0x00,0x00,0x64,0xe0,0xf4,0xe6,0x91,0x80,0x41,0x81,0xc1,0x80,0x80,
    0x47,0x47,0x98,0x44,0x43,0x44,0x80,0x45,0x80,0x45,0x82,0x00,0x00,0x94,0xe0,0xf3,0xe2,0x91,0x80,0x00,
    0x00,0x94,0xe0,0xf4,0xe6,0x91,0x80,0x41,0x81,0xc1,0x80,0x80,0x47,0x47,0x98,0x44,0x43,0x44,0x80,0x45,
    0x80,0x45,0x82,0xff,0x00,0xca,0xbe,0x3c,0x6d,0x00,0x00,0x4c,0x48,0x80,0xbe,0xe7,0x00,0x0f,0xcc,0xe7,
    0x71,0x00,0x18,0xe8,0x00,0x0f,0xcc,0xe8,0x73,0x00,0x18,0xe9,0x00,0x0f,0xcc,0xe9,0x77,0x00,0x18,0xea,
    0x00,0x0f,0xcc,0xea,0x81,0x00,0x18,0xeb,0x00,0x0f,0xcc,0xeb,0x71,0x00,0x18,0xec,0x00,0x0f,0xcc,0xec,
    0x73,0x00,0x18,0xed,0x00,0x0f,0xcc,0xed,0x77,0x00,0x18,0xee,0x00,0x0f,0xcc,0xee,0x81,0x00,0x18,0xe7,
    0x00,0x10,0xcc,0xe7,0x43,0x00,0x18,0xe8,0x00,0x10,0xcc,0xe8,0x43,0x00,0x18,0xe9,0x00,0x10,0xcc,0xe9,
    0x43,0x00,0x18,0xea,0x00,0x10,0xcc,0xea,0x43,0x00,0x18,0xff,0xce,0x31,0x36,0xff,0x7f,0xff,0x7f,0xff,
    0xd0,0x45,0x36,0xff,0x7f,0xff,0x7f,0xff,0xd2,0x59,0x36,0xff,0x7f,0xff,0x7f,0xff,0xd4,0x6d,0x36,0xff,
    0x7f,0xff,0x7f,0xff,0x02,0x3a,0x7e,0x2e,0xb6,0x2e,0xb6,0xff,0x02,0x4e,0x7e,0x2e,0xb6,0x2e,0xb6,0xff,
    0x02,0x62,0x7e,0x2e,0xb6,0x2e,0xb6,0xff,0x02,0x76,0x7e,0x2e,0xb6,0x2e,0xb6,0x1d,0x40,0x0e,0xcc,0x18,
    0xff,0x75,0x1c,0x88,0x30,0x88,0x30,0x27,0x40,0x0e,0xcc,0x22,0xff,0x9d,0x1c,0x88,0x30,0x88,0x30,0x31,
    0x40,0x0e,0xcc,0x2c,0xff,0xc5,0x1c,0x88,0x30,0x88,0x30,0x3b,0x40,0x0e,0xcc,0x36,0xff,0xed,0x1c,0x88,
    0x30,0x88,0x30,0x1d,0x40,0x0e,0xcc,0x18,0x3b,0xfe,0x1b,0x33,0x1e,0x33,0x1e,0x27,0x40,0x0e,0xcc,0x22,
    0x4f,0xfe,0x1b,0x33,0x1e,0x33,0x1e,0x31,0x40,0x0e,0xcc,0x2c,0x63,0xfe,0x1b,0x33,0x1e,0x33,0x1e,0x3b,
    0x40,0x0e,0xcc,0x36,0x77,0xfe,0x1b,0x33,0x1e,0x33,0x1e,0x1d,0x00,0x10,0xcc,0x18,0x3b,0x02,0x18,0x27,
    0x00,0x10,0xcc,0x22,0x4f,0x02,0x18,0x31,0x00,0x10,0xcc,0x2c,0x63,0x02,0x18,0x3b,0x00,0x10,0xcc,0x36,
    0x77,0x02,0x18,0x1d,0x40,0x0e,0xcc,0x18,0x3b,0x62,0x1c,0x27,0x40,0x0e,0xcc,0x22,0x4f,0x8a,0x1c,0x31,
    0x40,0x0e,0xcc,0x2c,0x63,0xb2,0x1c,0x3b,0x40,0x0e,0xcc,0x36,0x77,0xda,0x1c,0x18,0x00,0x10,0xcc,0xff,
    0x30,0x02,0x18,0xc5,0x41,0xc5,0x41,0x22,0x00,0x10,0xcc,0xff,0x44,0x02,0x18,0xc5,0x41,0xc5,0x41,0x2c,
    0x00,0x10,0xcc,0xff,0x58,0x02,0x18,0xc5,0x41,0xc5,0x41,0x36,0x00,0x10,0xcc,0xff,0x6c,0x02,0x18,0xc5,
    0x41,0xc5,0x41,0x18,0xb1,0x30,0x7e,0x22,0xb1,0x44,0x7e,0x2c,0xb1,0x58,0x7e,0x36,0xb1,0x6c,0x7e,0x98,
    0xb1,0x30,0x7f,0xa2,0xb1,0x44,0x7f,0xac,0xb1,0x58,0x7f,0xb6,0xb1,0x6c,0x7f,0x18,0x00,0x0f,0xcc,0xf2,
    0x30,0x02,0x10,0x22,0x00,0x0f,0xcc,0xf2,0x44,0x02,0x10,0x2c,0x00,0x0f,0xcc,0xf2,0x58,0x02,0x10,0x36,
    0x00,0x0f,0xcc,0xf2,0x6c,0x02,0x10,0x18,0xa9,0x30,0x7e,0x22,0xa9,0x44,0x7e,0x2c,0xa9,0x58,0x7e,0x36,
    0xa9,0x6c,0x7e,0x98,0xa9,0x30,0x7f,0xa2,0xa9,0x44,0x7f,0xac,0xa9,0x58,0x7f,0xb6,0xa9,0x6c,0x7f,0x18,
    0x00,0x0e,0xcc,0x18,0xeb,0xc9,0x0b,0x22,0x00,0x0e,0xcc,0x22,0xeb,0xc9,0x0b,0x2c,0x00,0x0e,0xcc,0x2c,
    0xeb,0xc9,0x0b,0x36,0x00,0x0e,0xcc,0x36,0xeb,0xc9,0x0b,0x6a,0x01,0x04,0xd4,0xe7,0xff,0x01,0x00,0xc2,
    0x3b,0xc2,0x3b,0x1d,0x00,0x5d,0xd6,0x1d,0x31,0xaa,0x01,0x6a,0x01,0x04,0xd4,0xe8,0xff,0x01,0x00,0xc2,
    0x3b,0xc2,0x3b,0x27,0x00,0x5d,0xd6,0x27,0x45,0xaa,0x01,0x6a,0x01,0x04,0xd4,0xe9,0xff,0x01,0x00,0xc2,
    0x3b,0xc2,0x3b,0x31,0x00,0x5d,0xd6,0x31,0x59,0xaa,0x01,0x6a,0x01,0x04,0xd4,0xea,0xff,0x01,0x00,0xc2,
    0x3b,0xc2,0x3b,0x3b,0x00,0x5d,0xd6,0x3b,0x6d,0xaa,0x01,0x6a,0x19,0x04,0xd4,0xe7,0xff,0x01,0x00,0xc2,
    0x3b,0xc2,0x3b,0x1d,0x58,0x5d,0xd6,0x1d,0x31,0xaa,0x01,0x6a,0x19,0x04,0xd4,0xe8,0xff,0x01,0x00,0xc2,
    0x3b,0xc2,0x3b,0x27,0x58,0x5d,0xd6,0x27,0x45,0xaa,0x01,0x6a,0x19,0x04,0xd4,0xe9,0xff,0x01,0x00,0xc2,
    0x3b,0xc2,0x3b,0x31,0x58,0x5d,0xd6,0x31,0x59,0xaa,0x01,0x6a,0x19,0x04,0xd4,0xea,0xff,0x01,0x00,0xc2,
    0x3b,0xc2,0x3b,0x3b,0x58,0x5d,0xd6,0x3b,0x6d,0xaa,0x01,0xe7,0x00,0x12,0xd6,0xff,0x3a,0x9e,0x07,0xff,
    0x7f,0xff,0x7f,0xe8,0x00,0x12,0xd6,0xff,0x4e,0xa2,0x07,0xff,0x7f,0xff,0x7f,0xe9,0x00,0x12,0xd6,0xff,
    0x62,0xa6,0x07,0xff,0x7f,0xff,0x7f,0xea,0x00,0x12,0xd6,0xff,0x76,0xaa,0x07,0xff,0x7f,0xff,0x7f,0xe7,
    0x00,0x10,0xcc,0xe7,0x41,0x00,0x18,0xe8,0x00,0x10,0xcc,0xe8,0x41,0x00,0x18,0xe9,0x00,0x10,0xcc,0xe9,
    0x41,0x00,0x18,0xea,0x00,0x10,0xcc,0xea,0x41,0x00,0x18,0xeb,0x00,0x10,0xcc,0xeb,0x43,0x00,0x18,0xec,
    0x00,0x10,0xcc,0xec,0x43,0x00,0x18,0xed,0x00,0x10,0xcc,0xed,0x43,0x00,0x18,0xee,0x00,0x10,0xcc,0xee,
    0x43,0x00,0x18,0xff,0xd6,0x31,0x36,0xff,0x7f,0xff,0x7f,0xff,0xd8,0x45,0x36,0xff,0x7f,0xff,0x7f,0xff,
    0xda,0x59,0x36,0xff,0x7f,0xff,0x7f,0xff,0xdc,0x6d,0x36,0xff,0x7f,0xff,0x7f,0xff,0x02,0x3a,0x7e,0x2e,
    0xb6,0x2e,0xb6,0xff,0x02,0x4e,0x7e,0x2e,0xb6,0x2e,0xb6,0xff,0x02,0x62,0x7e,0x2e,0xb6,0x2e,0xb6,0xff,
    0x02,0x76,0x7e,0x2e,0xb6,0x2e,0xb6,0x1d,0x40,0x0e,0xcc,0x18,0xff,0x75,0x1c,0x88,0x30,0x88,0x30,0x27,
    0x40,0x0e,0xcc,0x22,0xff,0x9d,0x1c,0x88,0x30,0x88,0x30,0x31,0x40,0x0e,0xcc,0x2c,0xff,0xc5,0x1c,0x88,
    0x30,0x88,0x30,0x3b,0x40,0x0e,0xcc,0x36,0xff,0xed,0x1c,0x88,0x30,0x88,0x30,0x1d,0x40,0x0e,0xcc,0x18,
    0x3b,0xfe,0x1b,0x33,0x1e,0x33,0x1e,0x27,0x40,0x0e,0xcc,0x22,0x4f,0xfe,0x1b,0x33,0x1e,0x33,0x1e,0x31,
    0x40,0x0e,0xcc,0x2c,0x63,0xfe,0x1b,0x33,0x1e,0x33,0x1e,0x3b,0x40,0x0e,0xcc,0x36,0x77,0xfe,0x1b,0x33,
    0x1e,0x33,0x1e,0x1d,0x00,0x10,0xcc,0x18,0x3b,0x02,0x18,0x27,0x00,0x10,0xcc,0x22,0x4f,0x02,0x18,0x31,
    0x00,0x10,0xcc,0x2c,0x63,0x02,0x18,0x3b,0x00,0x10,0xcc,0x36,0x77,0x02,0x18,0x1d,0x40,0x0e,0xcc,0x18,
    0x3b,0x62,0x1c,0x27,0x40,0x0e,0xcc,0x22,0x4f,0x8a,0x1c,0x31,0x40,0x0e,0xcc,0x2c,0x63,0xb2,0x1c,0x3b,
    0x40,0x0e,0xcc,0x36,0x77,0xda,0x1c,0x18,0x00,0x10,0xcc,0xff,0x30,0x02,0x18,0xc5,0x41,0xc5,0x41,0x22,
    0x00,0x10,0xcc,0xff,0x44,0x02,0x18,0xc5,0x41,0xc5,0x41,0x2c,0x00,0x10,0xcc,0xff,0x58,0x02,0x18,0xc5,
    0x41,0xc5,0x41,0x36,0x00,0x10,0xcc,0xff,0x6c,0x02,0x18,0xc5,0x41,0xc5,0x41,0x18,0xb1,0x30,0x7e,0x22,
    0xb1,0x44,0x7e,0x2c,0xb1,0x58,0x7e,0x36,0xb1,0x6c,0x7e,0x98,0xb1,0x30,0x7f,0xa2,0xb1,0x44,0x7f,0xac,
    0xb1,0x58,0x7f,0xb6,0xb1,0x6c,0x7f,0x18,0x00,0x0f,0xcc,0xf2,0x30,0x02,0x10,0x22,0x00,0x0f,0xcc,0xf2,
    0x44,0x02,0x10,0x2c,0x00,0x0f,0xcc,0xf2,0x58,0x02,0x10,0x36,0x00,0x0f,0xcc,0xf2,0x6c,0x02,0x10,0x18,
    0xa9,0x30,0x7e,0x22,0xa9,0x44,0x7e,0x2c,0xa9,0x58,0x7e,0x36,0xa9,0x6c,0x7e,0x98,0xa9,0x30,0x7f,0xa2,
    0xa9,0x44,0x7f,0xac,0xa9,0x58,0x7f,0xb6,0xa9,0x6c,0x7f,0x18,0x00,0x0e,0xcc,0x18,0xeb,0xc9,0x0b,0x22,
    0x00,0x0e,0xcc,0x22,0xeb,0xc9,0x0b,0x2c,0x00,0x0e,0xcc,0x2c,0xeb,0xc9,0x0b,0x36,0x00,0x0e,0xcc,0x36,
    0xeb,0xc9,0x0b,0x6a,0x01,0x04,0xd4,0xeb,0xff,0x01,0x00,0xc2,0x3b,0xc2,0x3b,0x1d,0x00,0x5d,0xd6,0x1d,
    0x31,0xaa,0x01,0x6a,0x01,0x04,0xd4,0xec,0xff,0x01,0x00,0xc2,0x3b,0xc2,0x3b,0x27,0x00,0x5d,0xd6,0x27,
    0x45,0xaa,0x01,0x6a,0x01,0x04,0xd4,0xed,0xff,0x01,0x00,0xc2,0x3b,0xc2,0x3b,0x31,0x00,0x5d,0xd6,0x31,
    0x59,0xaa,0x01,0x6a,0x01,0x04,0xd4,0xee,0xff,0x01,0x00,0xc2,0x3b,0xc2,0x3b,0x3b,0x00,0x5d,0xd6,0x3b,
    0x6d,0xaa,0x01,0x6a,0x19,0x04,0xd4,0xeb,0xff,0x01,0x00,0xc2,0x3b,0xc2,0x3b,0x1d,0x58,0x5d,0xd6,0x1d,
    0x31,0xaa,0x01,0x6a,0x19,0x04,0xd4,0xec,0xff,0x01,0x00,0xc2,0x3b,0xc2,0x3b,0x27,0x58,0x5d,0xd6,0x27,
    0x45,0xaa,0x01,0x6a,0x19,0x04,0xd4,0xed,0xff,0x01,0x00,0xc2,0x3b,0xc2,0x3b,0x31,0x58,0x5d,0xd6,0x31,
    0x59,0xaa,0x01,0x6a,0x19,0x04,0xd4,0xee,0xff,0x01,0x00,0xc2,0x3b,0xc2,0x3b,0x3b,0x58,0x5d,0xd6,0x3b,
    0x6d,0xaa,0x01,0xeb,0x00,0x12,0xd6,0xff,0x3a,0xae,0x07,0xff,0x7f,0xff,0x7f,0xec,0x00,0x12,0xd6,0xff,
    0x4e,0xb2,0x07,0xff,0x7f,0xff,0x7f,0xed,0x00,0x12,0xd6,0xff,0x62,0xb6,0x07,0xff,0x7f,0xff,0x7f,0xee,
    0x00,0x12,0xd6,0xff,0x76,0xba,0x07,0xff,0x7f,0xff,0x7f,0xeb,0x00,0x10,0xcc,0xeb,0x41,0x00,0x18,0xec,
    0x00,0x10,0xcc,0xec,0x41,0x00,0x18,0xed,0x00,0x10,0xcc,0xed,0x41,0x00,0x18,0xee,0x00,0x10,0xcc,0xee,
    0x41,0x00,0x18,0x00,0x00,0x64,0xe0,0xf3,0xe7,0x91,0x80,0x00,0x00,0x64,0xe0,0xf4,0xeb,0x91,0x80,0x41,
    0x81,0xc1,0x80,0x80,0x47,0x47,0x98,0x44,0x43,0x44,0x80,0x45,0x80,0x45,0x82,0x00,0x00,0x94,0xe0,0xf3,
    0xe7,0x91,0x80,0x00,0x00,0x94,0xe0,0xf4,0xeb,0x91,0x80,0x41,0x81,0xc1,0x80,0x80,0x47,0x47,0x98,0x44,
    0x43,0x44,0x80,0x45,0x80,0x45,0x82,0x00,0x00,0x64,0xe0,0xf3,0xe8,0x91,0x80,0x00,0x00,0x64,0xe0,0xf4,
    0xec,0x91,0x80,0x41,0x81,0xc1,0x80,0x80,0x47,0x47,0x98,0x44,0x43,0x44,0x80,0x45,0x80,0x45,0x82,0x00,
    0x00,0x94,0xe0,0xf3,0xe8,0x91,0x80,0x00,0x00,0x94,0xe0,0xf4,0xec,0x91,0x80,0x41,0x81,0xc1,0x80,0x80,
    0x47,0x47,0x98,0x44,0x43,0x44,0x80,0x45,0x80,0x45,0x82,0x00,0x00,0x64,0xe0,0xf3,0xe9,0x91,0x80,0x00,
    0x00,0x64,0xe0,0xf4,0xed,0x91,0x80,0x41,0x81,0xc1,0x80,0x80,0x47,0x47,0x98,0x44,0x43,0x44,0x80,0x45,
    0x80,0x45,0x82,0x00,0x00,0x94,0xe0,0xf3,0xe9,0x91,0x80,0x00,0x00,0x94,0xe0,0xf4,0xed,0x91,0x80,0x41,
    0x81,0xc1,0x80,0x80,0x47,0x47,0x98,0x44,0x43,0x44,0x80,0x45,0x80,0x45,0x82,0x00,0x00,0x64,0xe0,0xf3,
    0xea,0x91,0x80,0x00,0x00,0x64,0xe0,0xf4,0xee,0x91,0x80,0x41,0x81,0xc1,0x80,0x80,0x47,0x47,0x98,0x44,
    0x43,0x44,0x80,0x45,0x80,0x45,0x82,0x00,0x00,0x94,0xe0,0xf3,0xea,0x91,0x80,0x00,0x00,0x94,0xe0,0xf4,
    0xee,0x91,0x80,0x41,0x81,0xc1,0x80,0x80,0x47,0x47,0x98,0x44,0x43,0x44,0x80,0x45,0x80,0x45,0x82,0xff,
    0x00,0xca,0xbe,0xb0,0x66,0x00,0x00,0x4c,0x48,0x80,0xbe,0x00,0x00,0xb0,0xbf,0x00,0x00,0x9f,0xbf,0x00,
    0x00,0x9f,0xbf,0x00,0x00,0x9f,0xbf,0x00,0x00,0x9f,0xbf,0x00,0x00,0x9f,0xbf,0x00,0x00,0x9f,0xbf,0x00,
    0x00,0x9f,0xbf,0x00,0x00,0x9f,0xbf,0x00,0x00,0x9f,0xbf,0x00,0x00,0x9f,0xbf,0x00,0x00,0x9f,0xbf,0x00,
    0x00,0x9f,0xbf,0x00,0x00,0x9f,0xbf,0x00,0x00,0x9f,0xbf,0x00,0x00,0x9f,0xbf,0x00,0x00,0x9f,0xbf,0x00,
    0x00,0x9f,0xbf,0x00,0x00,0x9f,0xbf,0x00,0x00,0x9f,0xbf,0x00,0x00,0x9f,0xbf,0x00,0x00,0x9f,0xbf,0x00,
    0x00,0x9f,0xbf,0x00,0x00,0x9f,0xbf,0x00,0x00,0x9f,0xbf,0x00,0x00,0x9f,0xbf,0x00,0x00,0x9f,0xbf,0x00,
    0x00,0x9f,0xbf,0x00,0x00,0x9f,0xbf,0x00,0x00,0x9f,0xbf,0x00,0x00,0x9f,0xbf,0x00,0x00,0x9f,0xbf,0x00,
    0x00,0x9f,0xbf,0x00,0x00,0x9f,0xbf,0x00,0x00,0x9f,0xbf,0x00,0x00,0x9f,0xbf,0x00,0x00,0x9f,0xbf,0x00,
    0x00,0x9f,0xbf,0x00,0x00,0x9f,0xbf,0x00,0x00,0x9f,0xbf,0x00,0x00,0x9f,0xbf,0x00,0x00,0x9f,0xbf,0x00,
    0x00,0x9f,0xbf,0x00,0x00,0x9f,0xbf,0x00,0x00,0x9f,0xbf,0x00,0x00,0x9f,0xbf,0x00,0x00,0x9f,0xbf,0x00,
    0x00,0x9f,0xbf,0x00,0x00,0x9f,0xbf,0x00,0x00,0x9f,0xbf,0x00,0x00,0x9f,0xbf,0x00,0x00,0x9f,0xbf,0x00,
    0x00,0x9f,0xbf,0x00,0x00,0x9f,0xbf,0x00,0x00,0x9f,0xbf,0x00,0x00,0x9f,0xbf,0x00,0x00,0x9f,0xbf,0x00,
    0x00,0x9f,0xbf,0x00,0x00,0x9f,0xbf,0x00,0x00,0x9f,0xbf,0x00,0x00,0x9f,0xbf,0x00,0x00,0x9f,0xbf,0x00,
    0x00,0x9f,0xbf,0x00,0x00,0x9f,0xbf,0x00,0x00,0x9f,0xbf,0x00,0x00,0x9f,0xbf,0x00,0x00,0x9f,0xbf,0x00,
    0x00,0x9f,0xbf,0x00,0x00,0x9f,0xbf,0x00,0x00,0x9f,0xbf,0x00,0x00,0x9f,0xbf,0x00,0x00,0x9f,0xbf,0x00,
    0x00,0x9f,0xbf,0x00,0x00,0x9f,0xbf,0x00,0x00,0x9f,0xbf,0x00,0x00,0x9f,0xbf,0x00,0x00,0x9f,0xbf,0x00,
    0x00,0x9f,0xbf,0x00,0x00,0x9f,0xbf,0x00,0x00,0x9f,0xbf,0x00,0x00,0x9f,0xbf,0x00,0x00,0x9f,0xbf,0x00,
    0x00,0x9f,0xbf,0x00,0x00,0x9f,0xbf,0x00,0x00,0x9f,0xbf,0x00,0x00,0x9f,0xbf,0x00,0x00,0x9f,0xbf,0x00,
    0x00,0x9f,0xbf,0x00,0x00,0x9f,0xbf,0x00,0x00,0x9f,0xbf,0x00,0x00,0x9f,0xbf,0x00,0x00,0x9f,0xbf,0x00,
    0x00,0x9f,0xbf,0x00,0x00,0x9f,0xbf,0x00,0x00,0x9f,0xbf,0x00,0x00,0x9f,0xbf,0x00,0x00,0x9f,0xbf,0x00,
    0x00,0x9f,0xbf,0x00,0x00,0x9f,0xbf,0x00,0x00,0x9f,0xbf,0x00,0x00,0x9f,0xbf,0x00,0x00,0x9f,0xbf,0x00,
    0x00,0x9f,0xbf,0x00,0x00,0x9f,0xbf,0x00,0x00,0x9f,0xbf,0x00,0x00,0x9f,0xbf,0x00,0x00,0x9f,0xbf,0x00,
    0x00,0x9f,0xbf,0x00,0x00,0x9f,0xbf,0x00,0x00,0x9f,0xbf,0x00,0x00,0x9f,0xbf,0x00,0x00,0x9f,0xbf,0x00,
    0x00,0x9f,0xbf,0x00,0x00,0x9f,0xbf,0x00,0x00,0x9f,0xbf,0x00,0x00,0x9f,0xbf,0x00,0x00,0x9f,0xbf,0x00,
    0x00,0x9f,0xbf,0x00,0x00,0x9f,0xbf,0x00,0x00,0x9f,0xbf,0x00,0x00,0x9f,0xbf,0x00,0x00,0x9f,0xbf,0x00,
    0x00,0x9f,0xbf,0x00,0x00,0x9f,0xbf,0x00,0x00,0x9f,0xbf,0x00,0x00,0x9f,0xbf,0x00,0x00,0x9f,0xbf,0x00,
    0x00,0x9f,0xbf,0x00,0x00,0x9f,0xbf,0x00,0x00,0x9f,0xbf,0x00,0x00,0x9f,0xbf,0x00,0x00,0x9f,0xbf,0x00,
    0x00,0x9f,0xbf,0x00,0x00,0x9f,0xbf,0x00,0x00,0x9f,0xbf,0x00,0x00,0x9f,0xbf,0x00,0x00,0x9f,0xbf,0x00,
    0x00,0x9f,0xbf,0x00,0x00,0x9f,0xbf,0x00,0x00,0x9f,0xbf,0x00,0x00,0x9f,0xbf,0x00,0x00,0x9f,0xbf,0x00,
    0x00,0x9f,0xbf,0x00,0x00,0x9f,0xbf,0x00,0x00,0x9f,0xbf,0x00,0x00,0x9f,0xbf,0x00,0x00,0x9f,0xbf,0x00,
    0x00,0x9f,0xbf,0x00,0x00,0x9f,0xbf,0x00,0x00,0x9f,0xbf,0x00,0x00,0x9f,0xbf,0x00,0x00,0x9f,0xbf,0x00,
    0x00,0x9f,0xbf,0x00,0x00,0x9f,0xbf,0x00,0x00,0x9f,0xbf,0x00,0x00,0x9f,0xbf,0x00,0x00,0x9f,0xbf,0x00,
    0x00,0x9f,0xbf,0x00,0x00,0x9f,0xbf,0x00,0x00,0x9f,0xbf,0x00,0x00,0x9f,0xbf,0x00,0x00,0x9f,0xbf,0x00,
    0x00,0x9f,0xbf,0x00,0x00,0x9f,0xbf,0x00,0x00,0x9f,0xbf,0x00,0x00,0x9f,0xbf,0x00,0x00,0x9f,0xbf,0x00,
    0x00,0x9f,0xbf,0x00,0x00,0x9f,0xbf,0x00,0x00,0x9f,0xbf,0x00,0x00,0x9f,0xbf,0x00,0x00,0x9f,0xbf,0x00,
    0x00,0x9f,0xbf,0x00,0x00,0x9f,0xbf,0x00,0x00,0x9f,0xbf,0x00,0x00,0x9f,0xbf,0x00,0x00,0x9f,0xbf,0x00,
    0x00,0x9f,0xbf,0x00,0x00,0x9f,0xbf,0x00,0x00,0x9f,0xbf,0x00,0x00,0x9f,0xbf,0x00,0x00,0x9f,0xbf,0x00,
    0x00,0x9f,0xbf,0x00,0x00,0x9f,0xbf,0x00,0x00,0x9f,0xbf,0x00,0x00,0x9f,0xbf,0x00,0x00,0x9f,0xbf,0x00,
    0x00,0x9f,0xbf,0x00,0x00,0x9f,0xbf,0x00,0x00,0x9f,0xbf,0x00,0x00,0x9f,0xbf,0x00,0x00,0x9f,0xbf,0x00,
    0x00,0x9f,0xbf,0x00,0x00,0x9f,0xbf,0x00,0x00,0x9f,0xbf,0x00,0x00,0x9f,0xbf,0x00,0x00,0x9f,0xbf,0x00,
    0x00,0x9f,0xbf,0x00,0x00,0x9f,0xbf,0x00,0x00,0x9f,0xbf,0x00,0x00,0x9f,0xbf,0x00,0x00,0x9f,0xbf,0x00,
    0x00,0x9f,0xbf,0x00,0x00,0x9f,0xbf,0x00,0x00,0x9f,0xbf,0x00,0x00,0x9f,0xbf,0x00,0x00,0x9f,0xbf,0x00,
    0x00,0x9f,0xbf,0x00,0x00,0x9f,0xbf,0x00,0x00,0x9f,0xbf,0x00,0x00,0x9f,0xbf,0x00,0x00,0x9f,0xbf,0x00,
    0x00,0x9f,0xbf,0x00,0x00,0x9f,0xbf,0x00,0x00,0x9f,0xbf,0x00,0x00,0x9f,0xbf,0x00,0x00,0x9f,0xbf,0x00,
    0x00,0x9f,0xbf,0x00,0x00,0x9f,0xbf,0x00,0x00,0x9f,0xbf,0x00,0x00,0x9f,0xbf,0x00,0x00,0x9f,0xbf,0x00,
    0x00,0x9f,0xbf,0x00,0x00,0x9f,0xbf,0x00,0x00,0x9f,0xbf,0x00,0x00,0x9f,0xbf,0x00,0x00,0x9f,0xbf,0x00,
    0x00,0x9f,0xbf,0x00,0x00,0x9f,0xbf,0x00,0x00,0x9f,0xbf,0x00,0x00,0x9f,0xbf,0x00,0x00,0x9f,0xbf,0x00,
    0x00,0x9f,0xbf,0x00,0x00,0x9f,0xbf,0x00,0x00,0x9f,0xbf,0x00,0x00,0x9f,0xbf,0x00,0x00,0x9f,0xbf,0x00,
    0x00,0x9f,0xbf,0x00,0x00,0x9f,0xbf,0x00,0x00,0x9f,0xbf,0x00,0x00,0x9f,0xbf,0x00,0x00,0x9f,0xbf,0x00,
    0x00,0x9f,0xbf,0x00,0x00,0x9f,0xbf,0x00,0x00,0x9f,0xbf,0x00,0x00,0x9f,0xbf,0x00,0x00,0x9f,0xbf,0x00,
    0x00,0x9f,0xbf,0x00,0x00,0x9f,0xbf,0x00,0x00,0x9f,0xbf,0x00,0x00,0x9f,0xbf,0x00,0x00,0x9f,0xbf,0x00,
    0x00,0x9f,0xbf,0x00,0x00,0x9f,0xbf,0x00,0x00,0x9f,0xbf,0x00,0x00,0x9f,0xbf,0x00,0x00,0x9f,0xbf,0x00,
    0x00,0x9f,0xbf,0x00,0x00,0x9f,0xbf,0x00,0x00,0x9f,0xbf,0x00,0x00,0x9f,0xbf,0x00,0x00,0x9f,0xbf,0x00,
    0x00,0x9f,0xbf,0x00,0x00,0x9f,0xbf,0x00,0x00,0x9f,0xbf,0x00,0x00,0x9f,0xbf,0x00,0x00,0x9f,0xbf,0x00,
    0x00,0x9f,0xbf,0x00,0x00,0x9f,0xbf,0x00,0x00,0x9f,0xbf,0x00,0x00,0x9f,0xbf,0x00,0x00,0x9f,0xbf,0x00,
    0x00,0x9f,0xbf,0x00,0x00,0x9f,0xbf,0x00,0x00,0x9f,0xbf,0x00,0x00,0x9f,0xbf,0x00,0x00,0x9f,0xbf,0x00,
    0x00,0x9f,0xbf,0x00,0x00,0x9f,0xbf,0x00,0x00,0x9f,0xbf,0x00,0x00,0x9f,0xbf,0x00,0x00,0x9f,0xbf,0x00,
    0x00,0x9f,0xbf,0x00,0x00,0x9f,0xbf,0x00,0x00,0x9f,0xbf,0x00,0x00,0x9f,0xbf,0x00,0x00,0x9f,0xbf,0x00,
    0x00,0x9f,0xbf,0x00,0x00,0x9f,0xbf,0x00,0x00,0x9f,0xbf,0x00,0x00,0x9f,0xbf,0x00,0x00,0x9f,0xbf,0x00,
    0x00,0x9f,0xbf,0x00,0x00,0x9f,0xbf,0x00,0x00,0x9f,0xbf,0x00,0x00,0x9f,0xbf,0x00,0x00,0x9f,0xbf,0x00,
    0x00,0x9f,0xbf,0x00,0x00,0x9f,0xbf,0x00,0x00,0x9f,0xbf,0x00,0x00,0x9f,0xbf,0x00,0x00,0x9f,0xbf,0x00,
    0x00,0x9f,0xbf,0x00,0x00,0x9f,0xbf,0x00,0x00,0x9f,0xbf,0x00,0x00,0x9f,0xbf,0x00,0x00,0x9f,0xbf,0x00,
    0x00,0x9f,0xbf,0x00,0x00,0x9f,0xbf,0x00,0x00,0x9f,0xbf,0x00,0x00,0x9f,0xbf,0x00,0x00,0x9f,0xbf,0x00,
    0x00,0x9f,0xbf,0x00,0x00,0x9f,0xbf,0x00,0x00,0x9f,0xbf,0x00,0x00,0x9f,0xbf,0x00,0x00,0x9f,0xbf,0x00,
    0x00,0x9f,0xbf,0x00,0x00,0x9f,0xbf,0x00,0x00,0x9f,0xbf,0x00,0x00,0x9f,0xbf,0x00,0x00,0x9f,0xbf,0x00,
    0x00,0x9f,0xbf,0x00,0x00,0x9f,0xbf,0x00,0x00,0x9f,0xbf,0x00,0x00,0x9f,0xbf,0x00,0x00,0x9f,0xbf,0x00,
    0x00,0x9f,0xbf,0x00,0x00,0x9f,0xbf,0x00,0x00,0x9f,0xbf,0x00,0x00,0x9f,0xbf,0x00,0x00,0x9f,0xbf,0x00,
    0x00,0x9f,0xbf,0x00,0x00,0x9f,0xbf,0x00,0x00,0x9f,0xbf,0x00,0x00,0x9f,0xbf,0x00,0x00,0x9f,0xbf,0x00,
    0x00,0x9f,0xbf,0x00,0x00,0x9f,0xbf,0x00,0x00,0x9f,0xbf,0x00,0x00,0x9f,0xbf,0x00,0x00,0x9f,0xbf,0x00,
    0x00,0x9f,0xbf,0x00,0x00,0x9f,0xbf,0x00,0x00,0x9f,0xbf,0x00,0x00,0x9f,0xbf,0x00,0x00,0x9f,0xbf,0x00,
    0x00,0x9f,0xbf,0x00,0x00,0x9f,0xbf,0x00,0x00,0x9f,0xbf,0x00,0x00,0x9f,0xbf,0x00,0x00,0x9f,0xbf,0x00,
    0x00,0x9f,0xbf,0x00,0x00,0x9f,0xbf,0x00,0x00,0x9f,0xbf,0x00,0x00,0x9f,0xbf,0x00,0x00,0x9f,0xbf,0x00,
    0x00,0x9f,0xbf,0x00,0x00,0x9f,0xbf,0x00,0x00,0x9f,0xbf,0x00,0x00,0x9f,0xbf,0x00,0x00,0x9f,0xbf,0x00,
    0x00,0x9f,0xbf,0x00,0x00,0x9f,0xbf,0x00,0x00,0x9f,0xbf,0x00,0x00,0x9f,0xbf,0x00,0x00,0x9f,0xbf,0x00,
    0x00,0x9f,0xbf,0x00,0x00,0x9f,0xbf,0x00,0x00,0x9f,0xbf,0x00,0x00,0x9f,0xbf,0x00,0x00,0x9f,0xbf,0x00,
    0x00,0x9f,0xbf,0x00,0x00,0x9f,0xbf,0x00,0x00,0x9f,0xbf,0x00,0x00,0x9f,0xbf,0x00,0x00,0x9f,0xbf,0x00,
    0x00,0x9f,0xbf,0x00,0x00,0x9f,0xbf,0x00,0x00,0x9f,0xbf,0x00,0x00,0x9f,0xbf,0x00,0x00,0x9f,0xbf,0x00,
    0x00,0x9f,0xbf,0x00,0x00,0x9f,0xbf,0x00,0x00,0x9f,0xbf,0x00,0x00,0x9f,0xbf,0x00,0x00,0x9f,0xbf,0x00,
    0x00,0x9f,0xbf,0x00,0x00,0x9f,0xbf,0x00,0x00,0x9f,0xbf,0x00,0x00,0x9f,0xbf,0x00,0x00,0x9f,0xbf,0x00,
    0x00,0x9f,0xbf,0x00,0x00,0x9f,0xbf,0x00,0x00,0x9f,0xbf,0x00,0x00,0x9f,0xbf,0x00,0x00,0x9f,0xbf,0x00,
    0x00,0x9f,0xbf,0x00,0x00,0x9f,0xbf,0x00,0x00,0x9f,0xbf,0x00,0x00,0x9f,0xbf,0x00,0x00,0x9f,0xbf,0x00,
    0x00,0x9f,0xbf,0x00,0x00,0x9f,0xbf,0x00,0x00,0x9f,0xbf,0x00,0x00,0x9f,0xbf,0x00,0x00,0x9f,0xbf,0x00,
    0x00,0x9f,0xbf,0x00,0x00,0x9f,0xbf,0x00,0x00,0x9f,0xbf,0x00,0x00,0x9f,0xbf,0x00,0x00,0x9f,0xbf,0x00,
    0x00,0x9f,0xbf,0x00,0x00,0x9f,0xbf,0x00,0x00,0x9f,0xbf,0x00,0x00,0x9f,0xbf,0x00,0x00,0x9f,0xbf,0x00,
    0x00,0x9f,0xbf,0x00,0x00,0x9f,0xbf,0x00,0x00,0x9f,0xbf,0x00,0x00,0x9f,0xbf,0x00,0x00,0x9f,0xbf,0x00,
    0x00,0x9f,0xbf,0x00,0x00,0x9f,0xbf,0x00,0x00,0x9f,0xbf,0x00,0x00,0x9f,0xbf,0x00,0x00,0x9f,0xbf,0x00,
    0x00,0x9f,0xbf,0x00,0x00,0x9f,0xbf,0x00,0x00,0x9f,0xbf,0x00,0x00,0x9f,0xbf,0x00,0x00,0x9f,0xbf,0x00,
    0x00,0x9f,0xbf,0x00,0x00,0x9f,0xbf,0x00,0x00,0x9f,0xbf,0x00,0x00,0x9f,0xbf,0x00,0x00,0x9f,0xbf,0x00,
    0x00,0x9f,0xbf,0x00,0x00,0x9f,0xbf,0x00,0x00,0x9f,0xbf,0x00,0x00,0x9f,0xbf,0x00,0x00,0x9f,0xbf,0x00,
    0x00,0x9f,0xbf,0x00,0x00,0x9f,0xbf,0x00,0x00,0x9f,0xbf,0x00,0x00,0x9f,0xbf,0x00,0x00,0x9f,0xbf,0x00,
    0x00,0x9f,0xbf,0x00,0x00,0x9f,0xbf,0x00,0x00,0x9f,0xbf,0x00,0x00,0x9f,0xbf,0x00,0x00,0x9f,0xbf,0x00,
    0x00,0x9f,0xbf,0x00,0x00,0x9f,0xbf,0x00,0x00,0x9f,0xbf,0x00,0x00,0x9f,0xbf,0x00,0x00,0x9f,0xbf,0x00,
    0x00,0x9f,0xbf,0x00,0x00,0x9f,0xbf,0x00,0x00,0x9f,0xbf,0x00,0x00,0x9f,0xbf,0x00,0x00,0x9f,0xbf,0x00,
    0x00,0x9f,0xbf,0x00,0x00,0x9f,0xbf,0x00,0x00,0x9f,0xbf,0x00,0x00,0x9f,0xbf,0x00,0x00,0x9f,0xbf,0x00,
    0x00,0x9f,0xbf,0x00,0x00,0x9f,0xbf,0x00,0x00,0x9f,0xbf,0x00,0x00,0x9f,0xbf,0x00,0x00,0x9f,0xbf,0x00,
    0x00,0x9f,0xbf,0x00,0x00,0x9f,0xbf,0x00,0x00,0x9f,0xbf,0x00,0x00,0x9f,0xbf,0x00,0x00,0x9f,0xbf,0x00,
    0x00,0x9f,0xbf,0x00,0x00,0x9f,0xbf,0x00,0x00,0x9f,0xbf,0x00,0x00,0x9f,0xbf,0x00,0x00,0x9f,0xbf,0x00,
    0x00,0x9f,0xbf,0x00,0x00,0x9f,0xbf,0x00,0x00,0x9f,0xbf,0x00,0x00,0x9f,0xbf,0x00,0x00,0x9f,0xbf,0x00,
    0x00,0x9f,0xbf,0x00,0x00,0x9f,0xbf,0x00,0x00,0x9f,0xbf,0x00,0x00,0x9f,0xbf,0x00,0x00,0x9f,0xbf,0x00,
    0x00,0x9f,0xbf,0x00,0x00,0x9f,0xbf,0x00,0x00,0x9f,0xbf,0x00,0x00,0x9f,0xbf,0x00,0x00,0x9f,0xbf,0x00,
    0x00,0x9f,0xbf,0x00,0x00,0x9f,0xbf,0x00,0x00,0x9f,0xbf,0x00,0x00,0x9f,0xbf,0x00,0x00,0x9f,0xbf,0x00,
    0x00,0x9f,0xbf,0x00,0x00,0x9f,0xbf,0x00,0x00,0x9f,0xbf,0x00,0x00,0x9f,0xbf,0x00,0x00,0x9f,0xbf,0x00,
    0x00,0x9f,0xbf,0x00,0x00,0x9f,0xbf,0x00,0x00,0x9f,0xbf,0x00,0x00,0x9f,0xbf,0x00,0x00,0x9f,0xbf,0x00,
    0x00,0x9f,0xbf,0x00,0x00,0x9f,0xbf,0x00,0x5f,0x61,0x6d,0x64,0x67,0x70,0x75,0x5f,0x63,0x73,0x5f,0x6d,
    0x61,0x69,0x6e,0x00,0x00,0x00,0x00,0x00,0x00,0x00,0x00,0x00,0x00,0x00,0x00,0x00,0x00,0x00,0x00,0x00,
    0x00,0x00,0x00,0x00,0x00,0x00,0x00,0x00,0x01,0x00,0x00,0x00,0x02,0x00,0x02,0x00,0x00,0x00,0x00,0x00,
    0x00,0x00,0x00,0x00,0x00,0x7c,0x00,0x00,0x00,0x00,0x00,0x00,0x07,0x00,0x00,0x00,0x80,0x03,0x00,0x00,
    0x20,0x00,0x00,0x00,0x41,0x4d,0x44,0x47,0x50,0x55,0x00,0x00,0x82,0xae,0x61,0x6d,0x64,0x70,0x61,0x6c,
    0x2e,0x76,0x65,0x72,0x73,0x69,0x6f,0x6e,0x92,0x03,0x02,0xb0,0x61,0x6d,0x64,0x70,0x61,0x6c,0x2e,0x70,
    0x69,0x70,0x65,0x6c,0x69,0x6e,0x65,0x73,0x91,0x8a,0xa5,0x2e,0x6e,0x61,0x6d,0x65,0xa4,0x6d,0x61,0x69,
    0x6e,0xa5,0x2e,0x74,0x79,0x70,0x65,0xa2,0x43,0x73,0xb7,0x2e,0x69,0x6e,0x74,0x65,0x72,0x6e,0x61,0x6c,
    0x5f,0x70,0x69,0x70,0x65,0x6c,0x69,0x6e,0x65,0x5f,0x68,0x61,0x73,0x68,0x92,0xcf,0x44,0x9c,0xd5,0xec,
    0x71,0x12,0x6c,0xf0,0xcf,0x44,0x9c,0xd5,0xec,0x71,0x12,0x6c,0xf0,0xa8,0x2e,0x73,0x68,0x61,0x64,0x65,
    0x72,0x73,0x81,0xa8,0x2e,0x63,0x6f,0x6d,0x70,0x75,0x74,0x65,0x82,0xb0,0x2e,0x61,0x70,0x69,0x5f,0x73,
    0x68,0x61,0x64,0x65,0x72,0x5f,0x68,0x61,0x73,0x68,0x92,0xcf,0x26,0x2e,0x12,0x42,0xaa,0x14,0x5d,0x40,
    0xcf,0x57,0x3c,0x7e,0xb2,0xee,0x88,0x88,0xac,0xb1,0x2e,0x68,0x61,0x72,0x64,0x77,0x61,0x72,0x65,0x5f,
    0x6d,0x61,0x70,0x70,0x69,0x6e,0x67,0x91,0xa3,0x2e,0x63,0x73,0xb0,0x2e,0x68,0x61,0x72,0x64,0x77,0x61,
    0x72,0x65,0x5f,0x73,0x74,0x61,0x67,0x65,0x73,0x81,0xa3,0x2e,0x63,0x73,0xde,0x00,0x11,0xac,0x2e,0x65,
    0x6e,0x74,0x72,0x79,0x5f,0x70,0x6f,0x69,0x6e,0x74,0xaf,0x5f,0x61,0x6d,0x64,0x67,0x70,0x75,0x5f,0x63,
    0x73,0x5f,0x6d,0x61,0x69,0x6e,0xa9,0x2e,0x6c,0x64,0x73,0x5f,0x73,0x69,0x7a,0x65,0xce,0x00,0x01,0x00,
    0x00,0xab,0x2e,0x73,0x67,0x70,0x72,0x5f,0x63,0x6f,0x75,0x6e,0x74,0x60,0xab,0x2e,0x76,0x67,0x70,0x72,
    0x5f,0x63,0x6f,0x75,0x6e,0x74,0xcc,0xf8,0xb7,0x2e,0x74,0x68,0x72,0x65,0x61,0x64,0x67,0x72,0x6f,0x75,
    0x70,0x5f,0x64,0x69,0x6d,0x65,0x6e,0x73,0x69,0x6f,0x6e,0x73,0x93,0xcd,0x01,0x80,0x01,0x01,0xaf,0x2e,
    0x77,0x61,0x76,0x65,0x66,0x72,0x6f,0x6e,0x74,0x5f,0x73,0x69,0x7a,0x65,0x40,0xab,0x2e,0x66,0x6c,0x6f,
    0x61,0x74,0x5f,0x6d,0x6f,0x64,0x65,0x00,0xaa,0x2e,0x69,0x65,0x65,0x65,0x5f,0x6d,0x6f,0x64,0x65,0xc2,
    0xae,0x2e,0x66,0x70,0x31,0x36,0x5f,0x6f,0x76,0x65,0x72,0x66,0x6c,0x6f,0x77,0xc2,0xa9,0x2e,0x77,0x67,
    0x70,0x5f,0x6d,0x6f,0x64,0x65,0xc2,0xac,0x2e,0x6d,0x65,0x6d,0x5f,0x6f,0x72,0x64,0x65,0x72,0x65,0x64,
    0xc2,0xb1,0x2e,0x66,0x6f,0x72,0x77,0x61,0x72,0x64,0x5f,0x70,0x72,0x6f,0x67,0x72,0x65,0x73,0x73,0xc2,
    0xaf,0x2e,0x77,0x67,0x5f,0x72,0x6f,0x75,0x6e,0x64,0x5f,0x72,0x6f,0x62,0x69,0x6e,0xc2,0xab,0x2e,0x73,
    0x63,0x72,0x61,0x74,0x63,0x68,0x5f,0x65,0x6e,0xc2,0xad,0x2e,0x74,0x72,0x61,0x70,0x5f,0x70,0x72,0x65,
    0x73,0x65,0x6e,0x74,0xc2,0xab,0x2e,0x75,0x73,0x65,0x72,0x5f,0x73,0x67,0x70,0x72,0x73,0x04,0xb2,0x2e,
    0x75,0x73,0x65,0x72,0x5f,0x64,0x61,0x74,0x61,0x5f,0x72,0x65,0x67,0x5f,0x6d,0x61,0x70,0xdc,0x00,0x20,
    0xce,0xff,0xff,0xff,0xff,0xce,0xff,0xff,0xff,0xff,0x00,0x01,0xce,0xff,0xff,0xff,0xff,0xce,0xff,0xff,
    0xff,0xff,0xce,0xff,0xff,0xff,0xff,0xce,0xff,0xff,0xff,0xff,0xce,0xff,0xff,0xff,0xff,0xce,0xff,0xff,
    0xff,0xff,0xce,0xff,0xff,0xff,0xff,0xce,0xff,0xff,0xff,0xff,0xce,0xff,0xff,0xff,0xff,0xce,0xff,0xff,
    0xff,0xff,0xce,0xff,0xff,0xff,0xff,0xce,0xff,0xff,0xff,0xff,0xce,0xff,0xff,0xff,0xff,0xce,0xff,0xff,
    0xff,0xff,0xce,0xff,0xff,0xff,0xff,0xce,0xff,0xff,0xff,0xff,0xce,0xff,0xff,0xff,0xff,0xce,0xff,0xff,
    0xff,0xff,0xce,0xff,0xff,0xff,0xff,0xce,0xff,0xff,0xff,0xff,0xce,0xff,0xff,0xff,0xff,0xce,0xff,0xff,
    0xff,0xff,0xce,0xff,0xff,0xff,0xff,0xce,0xff,0xff,0xff,0xff,0xce,0xff,0xff,0xff,0xff,0xce,0xff,0xff,
    0xff,0xff,0xce,0xff,0xff,0xff,0xff,0xce,0xff,0xff,0xff,0xff,0xb2,0x2e,0x63,0x6f,0x6d,0x70,0x75,0x74,
    0x65,0x5f,0x72,0x65,0x67,0x69,0x73,0x74,0x65,0x72,0x73,0x85,0xaa,0x2e,0x74,0x67,0x69,0x64,0x5f,0x78,
    0x5f,0x65,0x6e,0xc3,0xaa,0x2e,0x74,0x67,0x69,0x64,0x5f,0x79,0x5f,0x65,0x6e,0xc2,0xaa,0x2e,0x74,0x67,
    0x69,0x64,0x5f,0x7a,0x5f,0x65,0x6e,0xc2,0xab,0x2e,0x74,0x67,0x5f,0x73,0x69,0x7a,0x65,0x5f,0x65,0x6e,
    0xc2,0xaf,0x2e,0x74,0x69,0x64,0x69,0x67,0x5f,0x63,0x6f,0x6d,0x70,0x5f,0x63,0x6e,0x74,0x01,0xaa,0x2e,
    0x72,0x65,0x67,0x69,0x73,0x74,0x65,0x72,0x73,0x8f,0xcd,0x2e,0x18,0x00,0xcd,0x2e,0x15,0x00,0xcd,0x2e,
    0x16,0xce,0xff,0xff,0xff,0xff,0xcd,0x2e,0x17,0xce,0xff,0xff,0xff,0xff,0xcd,0x2e,0x19,0xce,0xff,0xff,
    0xff,0xff,0xcd,0x2e,0x1a,0xce,0xff,0xff,0xff,0xff,0xcd,0x2e,0x12,0xcd,0x02,0xfd,0xcd,0x2e,0x13,0xce,
    0x00,0x40,0x08,0x88,0xcd,0x2e,0x28,0x00,0xcd,0x2e,0x2a,0xce,0x67,0x44,0xaa,0xca,0xcd,0x2e,0x07,0xce,
    0x01,0x80,0x01,0x80,0xcd,0x2e,0x08,0xce,0x00,0x01,0x00,0x01,0xcd,0x2e,0x09,0xce,0x00,0x01,0x00,0x01,
    0xcd,0x2e,0x42,0x00,0xcd,0x2e,0x43,0x01,0xb0,0x2e,0x75,0x73,0x65,0x72,0x5f,0x64,0x61,0x74,0x61,0x5f,
    0x6c,0x69,0x6d,0x69,0x74,0x04,0xb0,0x2e,0x73,0x70,0x69,0x6c,0x6c,0x5f,0x74,0x68,0x72,0x65,0x73,0x68,
    0x6f,0x6c,0x64,0xcd,0xff,0xff,0xb0,0x2e,0x73,0x68,0x69,0x73,0x61,0x5f,0x69,0x6e,0x74,0x65,0x72,0x66,
    0x61,0x63,0x65,0xa4,0x62,0x61,0x73,0x65,0x00,0x00,0x00,0x00,0x00,0x00,0x00,0x00,0x00,0x00,0x00,0x00,
    0x00,0x00,0x00,0x00,0x00,0x00,0x00,0x00,0x00,0x00,0x00,0x00,0x00,0x00,0x00,0x00,0x00,0x00,0x00,0x00,
    0x00,0x00,0x00,0x00,0x00,0x00,0x00,0x00,0x00,0x00,0x00,0x00,0x00,0x00,0x00,0x00,0x00,0x00,0x00,0x00,
    0x00,0x00,0x00,0x00,0x00,0x00,0x00,0x00,0x00,0x00,0x00,0x00,0x01,0x00,0x00,0x00,0x03,0x00,0x00,0x00,
    0x00,0x00,0x00,0x00,0x00,0x00,0x00,0x00,0x00,0x00,0x00,0x00,0x00,0x00,0x00,0x00,0x40,0x00,0x00,0x00,
    0x00,0x00,0x00,0x00,0x27,0x00,0x00,0x00,0x00,0x00,0x00,0x00,0x00,0x00,0x00,0x00,0x00,0x00,0x00,0x00,
    0x00,0x00,0x00,0x00,0x00,0x00,0x00,0x00,0x00,0x00,0x00,0x00,0x00,0x00,0x00,0x00,0x0b,0x00,0x00,0x00,
    0x01,0x00,0x00,0x00,0x06,0x00,0x00,0x00,0x00,0x00,0x00,0x00,0x00,0x00,0x00,0x00,0x00,0x00,0x00,0x00,
    0x67,0x00,0x00,0x00,0x00,0x00,0x00,0x00,0x00,0x7c,0x00,0x00,0x00,0x00,0x00,0x00,0x00,0x00,0x00,0x00,
    0x00,0x00,0x00,0x00,0x00,0x01,0x00,0x00,0x00,0x00,0x00,0x00,0x00,0x00,0x00,0x00,0x00,0x00,0x00,0x00,
    0x11,0x00,0x00,0x00,0x03,0x00,0x00,0x00,0x00,0x00,0x00,0x00,0x00,0x00,0x00,0x00,0x00,0x00,0x00,0x00,
    0x00,0x00,0x00,0x00,0x67,0x7c,0x00,0x00,0x00,0x00,0x00,0x00,0x11,0x00,0x00,0x00,0x00,0x00,0x00,0x00,
    0x00,0x00,0x00,0x00,0x00,0x00,0x00,0x00,0x00,0x00,0x00,0x00,0x00,0x00,0x00,0x00,0x00,0x00,0x00,0x00,
    0x00,0x00,0x00,0x00,0x19,0x00,0x00,0x00,0x02,0x00,0x00,0x00,0x00,0x00,0x00,0x00,0x00,0x00,0x00,0x00,
    0x00,0x00,0x00,0x00,0x00,0x00,0x00,0x00,0x78,0x7c,0x00,0x00,0x00,0x00,0x00,0x00,0x30,0x00,0x00,0x00,
    0x00,0x00,0x00,0x00,0x03,0x00,0x00,0x00,0x00,0x00,0x00,0x00,0x00,0x00,0x00,0x00,0x00,0x00,0x00,0x00,
    0x18,0x00,0x00,0x00,0x00,0x00,0x00,0x00,0x21,0x00,0x00,0x00,0x07,0x00,0x00,0x00,0x00,0x00,0x00,0x00,
    0x00,0x00,0x00,0x00,0x00,0x00,0x00,0x00,0x00,0x00,0x00,0x00,0xa8,0x7c,0x00,0x00,0x00,0x00,0x00,0x00,
    0x94,0x03,0x00,0x00,0x00,0x00,0x00,0x00,0x00,0x00,0x00,0x00,0x00,0x00,0x00,0x00,0x00,0x00,0x00,0x00,
    0x00,0x00,0x00,0x00,0x00,0x00,0x00,0x00,0x00,0x00,0x00,0x00,
    },
    .m_kernelName = {},
    .m_compilerVersion = {},
    .m_codeObjectVersion = 0,
    .m_isRelocatable = true,
    .m_shaderType = ShaderTypesFlags::UNKNOWN
};

// 3_1_0/NAVI33_fp16_fp16acc_f2x3_c16_stride1.elf
// Assembled for Gfx11. The FURY Winograd convolution shader Navi33/Strix1 16bit internal accum granularity.
const StaticShaderType<28092> ConvFury_Navi33_F2x3_C16_Stride1_Elf =
{
    .m_binary = {
    0x7f,0x45,0x4c,0x46,0x02,0x01,0x01,0x41,0x00,0x00,0x00,0x00,0x00,0x00,0x00,0x00,0x01,0x00,0xe0,0x00,
    0x01,0x00,0x00,0x00,0x00,0x00,0x00,0x00,0x00,0x00,0x00,0x00,0x00,0x00,0x00,0x00,0x00,0x00,0x00,0x00,
    0x3c,0x6c,0x00,0x00,0x00,0x00,0x00,0x00,0x47,0x00,0x00,0x00,0x40,0x00,0x00,0x00,0x00,0x00,0x40,0x00,
    0x06,0x00,0x01,0x00,0x00,0x2e,0x73,0x68,0x73,0x74,0x72,0x74,0x61,0x62,0x00,0x2e,0x74,0x65,0x78,0x74,
    0x00,0x2e,0x73,0x74,0x72,0x74,0x61,0x62,0x00,0x2e,0x73,0x79,0x6d,0x74,0x61,0x62,0x00,0x2e,0x6e,0x6f,
    0x74,0x65,0x00,0x06,0x20,0x80,0xb0,0x03,0x00,0x84,0xbf,0x87,0x00,0x02,0x30,0x00,0x47,0x88,0xbe,0xff,
    0x00,0x8a,0xbe,0xa8,0x5f,0x00,0x00,0xff,0x00,0x8b,0xbe,0x00,0x40,0x01,0x31,0x00,0x00,0x50,0xe0,0x01,
    0x02,0x42,0x80,0xf7,0x03,0x89,0xbf,0x00,0x47,0x86,0xbe,0x01,0x02,0x10,0xf4,0x00,0x00,0x00,0xf8,0x01,
    0x06,0x10,0xf4,0x40,0x00,0x00,0xf8,0x01,0x0a,0x10,0xf4,0x80,0x00,0x00,0xf8,0x01,0x0e,0x0c,0xf4,0xc0,
    0x00,0x00,0xf8,0x01,0x10,0x04,0xf4,0xe0,0x00,0x00,0xf8,0xff,0x00,0x10,0x36,0xff,0x00,0x00,0x00,0x81,
    0x10,0x12,0x32,0x81,0x00,0x14,0x36,0x05,0x00,0x25,0xd5,0x09,0x41,0x01,0x00,0x06,0x00,0x12,0xd6,0x9f,
    0x10,0x26,0x04,0x04,0x00,0x10,0xd6,0x08,0x0b,0x05,0x02,0x06,0x00,0x12,0xd6,0xff,0x0c,0x16,0x04,0xbf,
    0x00,0x00,0x00,0x9f,0x10,0x04,0x36,0x85,0x0c,0x0c,0x32,0x86,0x10,0x0e,0x32,0x84,0x04,0x04,0x30,0x9f,
    0x12,0x06,0x36,0x02,0x00,0x0b,0xd6,0x04,0xff,0x09,0x04,0x00,0x09,0x00,0x00,0x84,0x06,0x06,0x30,0x83,
    0x0c,0x0a,0x3a,0x03,0x00,0x59,0xd6,0xff,0x0e,0x0e,0x04,0x80,0x04,0x00,0x00,0x01,0x00,0x0b,0xd6,0x05,
    0xff,0x09,0x04,0x40,0x02,0x00,0x00,0x03,0x00,0x59,0xd6,0xff,0x14,0x0e,0x04,0x40,0x12,0x00,0x00,0x02,
    0x00,0x0b,0xd6,0x06,0xff,0x09,0x04,0x40,0x02,0x00,0x00,0x07,0xfc,0x89,0xbf,0x0e,0x86,0x0d,0xbf,0x0e,
    0x00,0xa1,0xbf,0x08,0x04,0x04,0xf4,0x00,0x00,0x00,0xf8,0x0a,0x05,0x04,0xf4,0x00,0x00,0x00,0xf8,0x89,
    0x04,0x04,0xf4,0x00,0x00,0x00,0xf8,0x80,0x3c,0x10,0xbf,0x02,0x00,0xa2,0xbf,0x1e,0x0f,0x04,0xf4,0x00,
    0x00,0x00,0xf8,0x80,0x1e,0x10,0xbf,0x02,0x00,0xa2,0xbf,0x8f,0x07,0x04,0xf4,0x00,0x00,0x00,0xf8,0x41,
    0x02,0x80,0xb9,0x00,0x00,0x00,0x00,0x0e,0x83,0x0d,0xbf,0x02,0x00,0xa1,0xbf,0x0f,0x00,0x92,0xbf,0x00,
    0x00,0x91,0xbf,0x07,0xfc,0x89,0xbf,0x10,0x22,0x10,0x80,0x11,0x23,0x11,0x82,0x14,0x26,0x14,0x80,0x15,
    0x27,0x15,0x82,0x12,0x24,0x12,0x80,0x13,0x25,0x13,0x82,0x80,0x1e,0x10,0xbf,0x80,0x28,0xa8,0x98,0x1e,
    0x28,0x1e,0x80,0x1f,0x29,0x1f,0x82,0x0c,0x8f,0x0f,0x80,0x0f,0x84,0x0f,0x85,0x0f,0x0c,0x08,0x7e,0x04,
    0x55,0x08,0x7e,0xff,0x08,0x08,0x10,0x00,0x00,0x80,0x47,0x04,0x1b,0x08,0x7e,0x05,0x00,0x0b,0xd6,0x04,
    0x1b,0x34,0x00,0x90,0x0a,0x0a,0x32,0x05,0x0d,0x08,0x7e,0x04,0x55,0x08,0x7e,0xff,0x08,0x08,0x10,0x00,
    0x00,0x80,0x47,0x04,0x1b,0x08,0x7e,0x06,0x00,0x0b,0xd6,0x04,0x09,0x10,0x00,0x90,0x0c,0x0c,0x32,0x05,
    0x05,0x02,0x7e,0x06,0x05,0x2c,0x7e,0x16,0x01,0x05,0x96,0x04,0x05,0x85,0x80,0x16,0x0f,0x09,0xbf,0x7b,
    0x17,0xa2,0xbf,0x01,0x0f,0x0d,0x96,0x16,0x90,0x17,0x96,0x0c,0x17,0x8c,0x80,0x0c,0x90,0x8c,0x89,0x17,
    0x2e,0x22,0x96,0x17,0x2e,0xa3,0x96,0x22,0x81,0xa2,0x84,0x22,0x12,0x12,0x80,0x23,0x13,0x13,0x82,0x17,
    0x80,0x23,0x85,0x23,0x33,0x22,0x96,0x23,0x33,0xa3,0x96,0x22,0x81,0xa2,0x84,0x22,0x14,0x14,0x80,0x23,
    0x15,0x15,0x82,0x17,0x81,0x22,0x84,0x1e,0x80,0x10,0xbf,0x80,0x22,0x22,0x98,0x1e,0x22,0x1e,0x80,0x1f,
    0x80,0x1f,0x82,0x6a,0x00,0x49,0xd4,0x00,0xff,0x01,0x00,0x00,0x01,0x00,0x00,0xbc,0x0a,0xa3,0xbf,0xff,
    0x00,0x28,0x36,0xff,0x00,0x00,0x00,0x81,0x28,0x2a,0x32,0x11,0x00,0x10,0xd6,0x14,0x07,0x05,0x02,0x10,
    0x00,0x10,0xd6,0x14,0x05,0x05,0x02,0x11,0x00,0x59,0xd6,0x11,0x21,0x01,0x02,0x0e,0x00,0x59,0xd6,0x10,
    0xff,0x45,0x04,0x40,0x12,0x00,0x00,0x10,0x00,0x10,0xd6,0x14,0x01,0x09,0x02,0x0e,0x00,0x59,0xd6,0x10,
    0xff,0x39,0x04,0x90,0x00,0x00,0x00,0x11,0x00,0x10,0xd6,0x14,0x09,0x09,0x02,0x0e,0x00,0x59,0xd6,0x11,
    0x41,0x39,0x04,0x10,0x00,0x10,0xd6,0x14,0x0d,0x05,0x02,0x0e,0x00,0x59,0xd6,0x10,0xff,0x39,0x04,0x80,
    0x04,0x00,0x00,0x10,0x00,0x10,0xd6,0x14,0x0f,0x05,0x02,0x0e,0x00,0x59,0xd6,0x10,0xff,0x39,0x04,0x00,
    0x09,0x00,0x00,0x12,0x00,0x10,0xd6,0x14,0x03,0x09,0x02,0x0d,0x00,0x59,0xd6,0x12,0x41,0x01,0x02,0x13,
    0x00,0x10,0xd6,0x14,0x07,0x05,0x02,0x0d,0x00,0x59,0xd6,0x13,0xff,0x35,0x04,0x80,0x04,0x00,0x00,0x12,
    0x00,0x25,0xd5,0x15,0x41,0x01,0x00,0x12,0x00,0x12,0xd6,0xff,0x28,0x4a,0x04,0xbf,0x00,0x00,0x00,0x12,
    0x00,0x10,0xd6,0x12,0x0d,0x09,0x02,0x0d,0x00,0x59,0xd6,0x12,0xff,0x35,0x04,0x90,0x00,0x00,0x00,0x10,
    0x00,0x10,0xd6,0x00,0x0d,0x05,0x02,0xbf,0x00,0x0a,0x36,0x6a,0x00,0x4a,0xd4,0x10,0x03,0x01,0x00,0x10,
    0x00,0x01,0xd5,0x80,0xfe,0xa9,0x01,0x00,0x04,0x00,0x00,0x11,0x00,0x01,0xd5,0x80,0xfe,0xa9,0x01,0x00,
    0x01,0x00,0x00,0x06,0x00,0x46,0xd6,0x05,0x05,0x01,0x02,0x05,0x00,0x46,0xd6,0x05,0x09,0x41,0x04,0xfa,
    0x00,0x20,0x3a,0x00,0x6e,0x00,0xff,0xfa,0x00,0x22,0x3a,0x00,0xf0,0x00,0xff,0x10,0x00,0x04,0xd7,0x10,
    0x23,0x02,0x00,0x10,0xa3,0x1e,0x7e,0x11,0xa3,0x1e,0x7f,0x0f,0x00,0x10,0xcc,0x0f,0xe1,0x01,0x08,0x84,
    0x00,0x97,0xbe,0x80,0x00,0xa2,0xbe,0xff,0x00,0xa8,0xbe,0x00,0xc0,0x00,0xbc,0x00,0x05,0x94,0x7e,0xc0,
    0x4a,0x7c,0x8b,0xff,0x02,0xa8,0xbe,0x00,0xc0,0x00,0x3c,0x2b,0x81,0x31,0x84,0x2f,0x81,0x35,0x84,0x31,
    0x83,0x4b,0x84,0x35,0x83,0x4c,0x84,0xff,0x4a,0x7c,0x8b,0x80,0x00,0x00,0x00,0x4b,0x80,0x4b,0x98,0x4c,
    0x80,0x4c,0x98,0x88,0x80,0x16,0x98,0x09,0x16,0x96,0x80,0x80,0x02,0x96,0xbe,0xff,0x00,0xa3,0xbe,0x00,
    0x40,0x01,0x11,0x0e,0x84,0x0d,0xbf,0x80,0xff,0x4d,0x98,0x00,0x00,0x00,0x08,0xff,0x23,0x23,0x8b,0xff,
    0xff,0xff,0xf7,0x23,0x4d,0x23,0x8c,0x11,0xff,0x11,0x8b,0xff,0xff,0x00,0x00,0x11,0xff,0x11,0x80,0x00,
    0x00,0x02,0x00,0x13,0xff,0x13,0x8b,0xff,0xff,0x00,0x00,0x13,0xff,0x13,0x80,0x00,0x00,0x02,0x00,0x10,
    0x4b,0x10,0x80,0x11,0x80,0x11,0x82,0x12,0x4c,0x12,0x80,0x13,0x80,0x13,0x82,0x10,0x01,0xa4,0xbe,0xff,
    0x00,0xa6,0xbe,0x00,0x00,0x00,0x80,0x80,0x00,0xa7,0xbe,0x80,0x00,0xad,0xbe,0x80,0x02,0x08,0x7e,0x6a,
    0x00,0x49,0xd4,0x00,0xff,0x01,0x00,0x80,0x00,0x00,0x00,0x6a,0x80,0x08,0xbf,0xff,0x00,0xca,0xbe,0xac,
    0x27,0x00,0x00,0xff,0x00,0xcc,0xbe,0x2c,0x1e,0x00,0x00,0xff,0x02,0xca,0xbe,0x6c,0x22,0x00,0x00,0xff,
    0x02,0xcc,0xbe,0xec,0x19,0x00,0x00,0xff,0x00,0xcb,0xbe,0x28,0x2a,0x00,0x00,0xff,0x00,0xcd,0xbe,0x28,
    0x20,0x00,0x00,0xff,0x02,0xcb,0xbe,0xe8,0x24,0x00,0x00,0xff,0x02,0xcd,0xbe,0xe8,0x1b,0x00,0x00,0x06,
    0x4a,0x42,0x80,0x07,0x80,0x43,0x82,0x06,0x4c,0x46,0x80,0x07,0x80,0x47,0x82,0x06,0x4b,0x44,0x80,0x07,
    0x80,0x45,0x82,0x06,0x4d,0x48,0x80,0x07,0x80,0x49,0x82,0xff,0x00,0xb8,0xbe,0x90,0x01,0x00,0x00,0x2d,
    0x83,0x0d,0xbf,0x42,0x46,0xc0,0x98,0x2d,0x82,0x0d,0xbf,0x38,0xff,0x38,0x98,0xb8,0x02,0x00,0x00,0x02,
    0x00,0xb5,0xbf,0xf7,0x83,0x89,0xbf,0xa0,0x01,0x0f,0xcc,0x10,0x23,0x02,0x38,0xa1,0x01,0x0f,0xcc,0x34,
    0xab,0x02,0x38,0xa2,0x01,0x0f,0xcc,0x68,0xf3,0x02,0x38,0xa3,0x01,0x0f,0xcc,0x8c,0x1b,0x03,0x38,0xa4,
    0x50,0x0e,0xcc,0x10,0x51,0x88,0x1c,0xa5,0x50,0x0e,0xcc,0x34,0x51,0x58,0x1d,0xa6,0x50,0x0e,0xcc,0x68,
    0x51,0xe8,0x1d,0xa7,0x50,0x0e,0xcc,0x8c,0x51,0x38,0x1e,0x00,0x00,0x80,0xe0,0x07,0x11,0x89,0x80,0x00,
    0x00,0x80,0xe0,0x09,0x10,0x89,0x80,0x00,0x00,0x80,0xe0,0x08,0x79,0x89,0x80,0x00,0x00,0x80,0xe0,0x0a,
    0x68,0x89,0x80,0x0f,0x81,0x8f,0x80,0x80,0x27,0x27,0x98,0x24,0x3b,0x24,0x80,0x25,0x80,0x25,0x82,0x00,
    0x00,0x8c,0xe0,0x07,0x11,0x89,0x80,0x00,0x00,0x8c,0xe0,0x09,0x10,0x89,0x80,0x00,0x00,0x8c,0xe0,0x08,
    0x79,0x89,0x80,0x00,0x00,0x8c,0xe0,0x0a,0x68,0x89,0x80,0x0f,0x81,0x8f,0x80,0x80,0x27,0x27,0x98,0x24,
    0x3b,0x24,0x80,0x25,0x80,0x25,0x82,0x00,0x00,0x80,0xe0,0x07,0x55,0x89,0x80,0x00,0x00,0x80,0xe0,0x09,
    0x34,0x89,0x80,0x00,0x00,0x80,0xe0,0x08,0x8d,0x89,0x80,0x00,0x00,0x80,0xe0,0x0a,0x8c,0x89,0x80,0x0f,
    0x81,0x8f,0x80,0x80,0x27,0x27,0x98,0x24,0x3b,0x24,0x80,0x25,0x80,0x25,0x82,0x00,0x00,0x8c,0xe0,0x07,
    0x55,0x89,0x80,0x00,0x00,0x8c,0xe0,0x09,0x34,0x89,0x80,0x00,0x00,0x8c,0xe0,0x08,0x8d,0x89,0x80,0x00,
    0x00,0x8c,0xe0,0x0a,0x8c,0x89,0x80,0x0f,0x81,0x8f,0x80,0x80,0x27,0x27,0x98,0x24,0x3b,0x24,0x80,0x25,
    0x80,0x25,0x82,0x40,0x49,0xc0,0xbe,0x84,0x16,0xa0,0xbf,0xff,0x00,0xb8,0xbe,0x04,0x00,0x00,0x00,0x2d,
    0x83,0x0d,0xbf,0x42,0x46,0xc0,0x98,0x2d,0x82,0x0d,0xbf,0x38,0xff,0x38,0x98,0x2c,0x01,0x00,0x00,0x02,
    0x00,0xb5,0xbf,0xf7,0x83,0x89,0xbf,0xa0,0x00,0x10,0xcc,0x11,0x1f,0x02,0x08,0xa1,0x00,0x10,0xcc,0x55,
    0x1f,0x02,0x08,0xa2,0x00,0x10,0xcc,0x79,0x1f,0x02,0x08,0xa3,0x00,0x10,0xcc,0x8d,0x1f,0x02,0x08,0xfa,
    0x02,0x22,0x7e,0xa0,0xb1,0x00,0xff,0xfa,0x02,0xaa,0x7e,0xa1,0xb1,0x00,0xff,0xfa,0x02,0xf2,0x7e,0xa2,
    0xb1,0x00,0xff,0xfa,0x02,0x1a,0x7f,0xa3,0xb1,0x00,0xff,0xa0,0x50,0x0e,0xcc,0x11,0x1f,0x82,0x1e,0xa1,
    0x50,0x0e,0xcc,0x55,0x1f,0x86,0x1e,0xa2,0x50,0x0e,0xcc,0x79,0x1f,0x8a,0x1e,0xa3,0x50,0x0e,0xcc,0x8d,
    0x1f,0x8e,0x1e,0xfa,0x02,0x22,0x7e,0xa0,0x4e,0x00,0xff,0xfa,0x02,0xaa,0x7e,0xa1,0x4e,0x00,0xff,0xfa,
    0x02,0xf2,0x7e,0xa2,0x4e,0x00,0xff,0xfa,0x02,0x1a,0x7f,0xa3,0x4e,0x00,0xff,0xa0,0x50,0x0e,0xcc,0x11,
    0x1f,0x82,0x1e,0xa1,0x50,0x0e,0xcc,0x55,0x1f,0x86,0x1e,0xa2,0x50,0x0e,0xcc,0x79,0x1f,0x8a,0x1e,0xa3,
    0x50,0x0e,0xcc,0x8d,0x1f,0x8e,0x1e,0x00,0x00,0x80,0xe0,0x07,0x11,0x89,0x80,0x00,0x00,0x80,0xe0,0x09,
    0x10,0x89,0x80,0x00,0x00,0x80,0xe0,0x08,0x79,0x89,0x80,0x00,0x00,0x80,0xe0,0x0a,0x68,0x89,0x80,0x0f,
    0x81,0x8f,0x80,0x80,0x27,0x27,0x98,0x24,0x3b,0x24,0x80,0x25,0x80,0x25,0x82,0x00,0x00,0x8c,0xe0,0x07,
    0x11,0x89,0x80,0x00,0x00,0x8c,0xe0,0x09,0x10,0x89,0x80,0x00,0x00,0x8c,0xe0,0x08,0x79,0x89,0x80,0x00,
    0x00,0x8c,0xe0,0x0a,0x68,0x89,0x80,0x0f,0x81,0x8f,0x80,0x80,0x27,0x27,0x98,0x24,0x3b,0x24,0x80,0x25,
    0x80,0x25,0x82,0x00,0x00,0x80,0xe0,0x07,0x55,0x89,0x80,0x00,0x00,0x80,0xe0,0x09,0x34,0x89,0x80,0x00,
    0x00,0x80,0xe0,0x08,0x8d,0x89,0x80,0x00,0x00,0x80,0xe0,0x0a,0x8c,0x89,0x80,0x0f,0x81,0x8f,0x80,0x80,
    0x27,0x27,0x98,0x24,0x3b,0x24,0x80,0x25,0x80,0x25,0x82,0x00,0x00,0x8c,0xe0,0x07,0x55,0x89,0x80,0x00,
    0x00,0x8c,0xe0,0x09,0x34,0x89,0x80,0x00,0x00,0x8c,0xe0,0x08,0x8d,0x89,0x80,0x00,0x00,0x8c,0xe0,0x0a,
    0x8c,0x89,0x80,0x0f,0x81,0x8f,0x80,0x80,0x27,0x27,0x98,0x24,0x3b,0x24,0x80,0x25,0x80,0x25,0x82,0x40,
    0x49,0xc0,0xbe,0x21,0x16,0xa0,0xbf,0xff,0x00,0xb8,0xbe,0x8c,0x01,0x00,0x00,0x2d,0x84,0x0d,0xbf,0x44,
    0x48,0xc0,0x98,0x2d,0x82,0x0d,0xbf,0x38,0xff,0x38,0x98,0xb8,0x02,0x00,0x00,0x02,0x00,0xb5,0xbf,0xa0,
    0x40,0x0e,0xcc,0x22,0x51,0x90,0x0e,0xa1,0x40,0x0e,0xcc,0x56,0x51,0x94,0x0e,0xa2,0x40,0x0e,0xcc,0x7a,
    0x51,0x98,0x0e,0xa3,0x40,0x0e,0xcc,0x8e,0x51,0x9c,0x0e,0xa4,0x01,0x0f,0xcc,0x22,0x47,0x02,0x38,0xa5,
    0x01,0x0f,0xcc,0x56,0xaf,0x02,0x38,0xa6,0x01,0x0f,0xcc,0x7a,0xf7,0x02,0x38,0xa7,0x01,0x0f,0xcc,0x8e,
    0x1f,0x03,0x38,0x00,0x00,0x80,0xe0,0x07,0x22,0x89,0x80,0x00,0x00,0x80,0xe0,0x09,0x23,0x89,0x80,0x00,
    0x00,0x80,0xe0,0x08,0x7a,0x89,0x80,0x00,0x00,0x80,0xe0,0x0a,0x7b,0x89,0x80,0x0f,0x81,0x8f,0x80,0x80,
    0x27,0x27,0x98,0x24,0x3b,0x24,0x80,0x25,0x80,0x25,0x82,0x00,0x00,0x8c,0xe0,0x07,0x22,0x89,0x80,0x00,
    0x00,0x8c,0xe0,0x09,0x23,0x89,0x80,0x00,0x00,0x8c,0xe0,0x08,0x7a,0x89,0x80,0x00,0x00,0x8c,0xe0,0x0a,
    0x7b,0x89,0x80,0x0f,0x81,0x8f,0x80,0x80,0x27,0x27,0x98,0x24,0x3b,0x24,0x80,0x25,0x80,0x25,0x82,0x00,
    0x00,0x80,0xe0,0x07,0x56,0x89,0x80,0x00,0x00,0x80,0xe0,0x09,0x57,0x89,0x80,0x00,0x00,0x80,0xe0,0x08,
    0x8e,0x89,0x80,0x00,0x00,0x80,0xe0,0x0a,0x8f,0x89,0x80,0x0f,0x81,0x8f,0x80,0x80,0x27,0x27,0x98,0x24,
    0x3b,0x24,0x80,0x25,0x80,0x25,0x82,0x00,0x00,0x8c,0xe0,0x07,0x56,0x89,0x80,0x00,0x00,0x8c,0xe0,0x09,
    0x57,0x89,0x80,0x00,0x00,0x8c,0xe0,0x08,0x8e,0x89,0x80,0x00,0x00,0x8c,0xe0,0x0a,0x8f,0x89,0x80,0x0f,
    0x81,0x8f,0x80,0x80,0x27,0x27,0x98,0x24,0x3b,0x24,0x80,0x25,0x80,0x25,0x82,0x40,0x49,0xc0,0xbe,0xd7,
    0x15,0xa0,0xbf,0xff,0x00,0xb8,0xbe,0x04,0x00,0x00,0x00,0x2d,0x84,0x0d,0xbf,0x44,0x48,0xc0,0x98,0x2d,
    0x82,0x0d,0xbf,0x38,0xff,0x38,0x98,0x30,0x01,0x00,0x00,0x02,0x00,0xb5,0xbf,0xa0,0x00,0x10,0xcc,0x22,
    0x1f,0x02,0x08,0xa1,0x00,0x10,0xcc,0x56,0x1f,0x02,0x08,0xa2,0x00,0x10,0xcc,0x7a,0x1f,0x02,0x08,0xa3,
    0x00,0x10,0xcc,0x8e,0x1f,0x02,0x08,0xfa,0x02,0x44,0x7e,0xa0,0xb1,0x00,0xff,0xfa,0x02,0xac,0x7e,0xa1,
    0xb1,0x00,0xff,0xfa,0x02,0xf4,0x7e,0xa2,0xb1,0x00,0xff,0xfa,0x02,0x1c,0x7f,0xa3,0xb1,0x00,0xff,0xa0,
    0x50,0x0e,0xcc,0x22,0x1f,0x82,0x1e,0xa1,0x50,0x0e,0xcc,0x56,0x1f,0x86,0x1e,0xa2,0x50,0x0e,0xcc,0x7a,
    0x1f,0x8a,0x1e,0xa3,0x50,0x0e,0xcc,0x8e,0x1f,0x8e,0x1e,0xfa,0x02,0x44,0x7e,0xa0,0x4e,0x00,0xff,0xfa,
    0x02,0xac,0x7e,0xa1,0x4e,0x00,0xff,0xfa,0x02,0xf4,0x7e,0xa2,0x4e,0x00,0xff,0xfa,0x02,0x1c,0x7f,0xa3,
    0x4e,0x00,0xff,0xa0,0x50,0x0e,0xcc,0x22,0x1f,0x82,0x1e,0xa1,0x50,0x0e,0xcc,0x56,0x1f,0x86,0x1e,0xa2,
    0x50,0x0e,0xcc,0x7a,0x1f,0x8a,0x1e,0xa3,0x50,0x0e,0xcc,0x8e,0x1f,0x8e,0x1e,0x00,0x00,0x80,0xe0,0x07,
    0x22,0x89,0x80,0x00,0x00,0x80,0xe0,0x09,0x23,0x89,0x80,0x00,0x00,0x80,0xe0,0x08,0x7a,0x89,0x80,0x00,
    0x00,0x80,0xe0,0x0a,0x7b,0x89,0x80,0x0f,0x81,0x8f,0x80,0x80,0x27,0x27,0x98,0x24,0x3b,0x24,0x80,0x25,
    0x80,0x25,0x82,0x00,0x00,0x8c,0xe0,0x07,0x22,0x89,0x80,0x00,0x00,0x8c,0xe0,0x09,0x23,0x89,0x80,0x00,
    0x00,0x8c,0xe0,0x08,0x7a,0x89,0x80,0x00,0x00,0x8c,0xe0,0x0a,0x7b,0x89,0x80,0x0f,0x81,0x8f,0x80,0x80,
    0x27,0x27,0x98,0x24,0x3b,0x24,0x80,0x25,0x80,0x25,0x82,0x00,0x00,0x80,0xe0,0x07,0x56,0x89,0x80,0x00,
    0x00,0x80,0xe0,0x09,0x57,0x89,0x80,0x00,0x00,0x80,0xe0,0x08,0x8e,0x89,0x80,0x00,0x00,0x80,0xe0,0x0a,
    0x8f,0x89,0x80,0x0f,0x81,0x8f,0x80,0x80,0x27,0x27,0x98,0x24,0x3b,0x24,0x80,0x25,0x80,0x25,0x82,0x00,
    0x00,0x8c,0xe0,0x07,0x56,0x89,0x80,0x00,0x00,0x8c,0xe0,0x09,0x57,0x89,0x80,0x00,0x00,0x8c,0xe0,0x08,
    0x8e,0x89,0x80,0x00,0x00,0x8c,0xe0,0x0a,0x8f,0x89,0x80,0x0f,0x81,0x8f,0x80,0x80,0x27,0x27,0x98,0x24,
    0x3b,0x24,0x80,0x25,0x80,0x25,0x82,0x40,0x49,0xc0,0xbe,0x75,0x15,0xa0,0xbf,0xff,0x00,0xb8,0xbe,0x90,
    0x01,0x00,0x00,0x2d,0x83,0x0d,0xbf,0x42,0x46,0xc0,0x98,0x2d,0x82,0x0d,0xbf,0x38,0xff,0x38,0x98,0xb8,
    0x02,0x00,0x00,0x02,0x00,0xb5,0xbf,0xf7,0x83,0x89,0xbf,0xa0,0x01,0x0f,0xcc,0x93,0x25,0x03,0x38,0xa1,
    0x01,0x0f,0xcc,0x97,0x2d,0x03,0x38,0xa2,0x01,0x0f,0xcc,0x9b,0x35,0x03,0x38,0xa3,0x01,0x0f,0xcc,0x9f,
    0x3d,0x03,0x38,0xa4,0x50,0x0e,0xcc,0x93,0x51,0x40,0x1e,0xa5,0x50,0x0e,0xcc,0x97,0x51,0x50,0x1e,0xa6,
    0x50,0x0e,0xcc,0x9b,0x51,0x60,0x1e,0xa7,0x50,0x0e,0xcc,0x9f,0x51,0x70,0x1e,0x00,0x00,0x80,0xe0,0x07,
    0x92,0x89,0x80,0x00,0x00,0x80,0xe0,0x09,0x93,0x89,0x80,0x00,0x00,0x80,0xe0,0x08,0x9a,0x89,0x80,0x00,
    0x00,0x80,0xe0,0x0a,0x9b,0x89,0x80,0x0f,0x81,0x8f,0x80,0x80,0x27,0x27,0x98,0x24,0x3b,0x24,0x80,0x25,
    0x80,0x25,0x82,0x00,0x00,0x8c,0xe0,0x07,0x92,0x89,0x80,0x00,0x00,0x8c,0xe0,0x09,0x93,0x89,0x80,0x00,
    0x00,0x8c,0xe0,0x08,0x9a,0x89,0x80,0x00,0x00,0x8c,0xe0,0x0a,0x9b,0x89,0x80,0x0f,0x81,0x8f,0x80,0x80,
    0x27,0x27,0x98,0x24,0x3b,0x24,0x80,0x25,0x80,0x25,0x82,0x00,0x00,0x80,0xe0,0x07,0x96,0x89,0x80,0x00,
    0x00,0x80,0xe0,0x09,0x97,0x89,0x80,0x00,0x00,0x80,0xe0,0x08,0x9e,0x89,0x80,0x00,0x00,0x80,0xe0,0x0a,
    0x9f,0x89,0x80,0x0f,0x81,0x8f,0x80,0x80,0x27,0x27,0x98,0x24,0x3b,0x24,0x80,0x25,0x80,0x25,0x82,0x00,
    0x00,0x8c,0xe0,0x07,0x96,0x89,0x80,0x00,0x00,0x8c,0xe0,0x09,0x97,0x89,0x80,0x00,0x00,0x8c,0xe0,0x08,
    0x9e,0x89,0x80,0x00,0x00,0x8c,0xe0,0x0a,0x9f,0x89,0x80,0x0f,0x81,0x8f,0x80,0x80,0x27,0x27,0x98,0x24,
    0x3b,0x24,0x80,0x25,0x80,0x25,0x82,0x40,0x49,0xc0,0xbe,0x2a,0x15,0xa0,0xbf,0xff,0x00,0xb8,0xbe,0x04,
    0x00,0x00,0x00,0x2d,0x83,0x0d,0xbf,0x42,0x46,0xc0,0x98,0x2d,0x82,0x0d,0xbf,0x38,0xff,0x38,0x98,0x2c,
    0x01,0x00,0x00,0x02,0x00,0xb5,0xbf,0xf7,0x83,0x89,0xbf,0xa0,0x00,0x10,0xcc,0x92,0x1f,0x02,0x08,0xa1,
    0x00,0x10,0xcc,0x96,0x1f,0x02,0x08,0xa2,0x00,0x10,0xcc,0x9a,0x1f,0x02,0x08,0xa3,0x00,0x10,0xcc,0x9e,
    0x1f,0x02,0x08,0xfa,0x02,0x24,0x7f,0xa0,0xb1,0x00,0xff,0xfa,0x02,0x2c,0x7f,0xa1,0xb1,0x00,0xff,0xfa,
    0x02,0x34,0x7f,0xa2,0xb1,0x00,0xff,0xfa,0x02,0x3c,0x7f,0xa3,0xb1,0x00,0xff,0xa0,0x50,0x0e,0xcc,0x92,
    0x1f,0x82,0x1e,0xa1,0x50,0x0e,0xcc,0x96,0x1f,0x86,0x1e,0xa2,0x50,0x0e,0xcc,0x9a,0x1f,0x8a,0x1e,0xa3,
    0x50,0x0e,0xcc,0x9e,0x1f,0x8e,0x1e,0xfa,0x02,0x24,0x7f,0xa0,0x4e,0x00,0xff,0xfa,0x02,0x2c,0x7f,0xa1,
    0x4e,0x00,0xff,0xfa,0x02,0x34,0x7f,0xa2,0x4e,0x00,0xff,0xfa,0x02,0x3c,0x7f,0xa3,0x4e,0x00,0xff,0xa0,
    0x50,0x0e,0xcc,0x92,0x1f,0x82,0x1e,0xa1,0x50,0x0e,0xcc,0x96,0x1f,0x86,0x1e,0xa2,0x50,0x0e,0xcc,0x9a,
    0x1f,0x8a,0x1e,0xa3,0x50,0x0e,0xcc,0x9e,0x1f,0x8e,0x1e,0x00,0x00,0x80,0xe0,0x07,0x92,0x89,0x80,0x00,
    0x00,0x80,0xe0,0x09,0x93,0x89,0x80,0x00,0x00,0x80,0xe0,0x08,0x9a,0x89,0x80,0x00,0x00,0x80,0xe0,0x0a,
    0x9b,0x89,0x80,0x0f,0x81,0x8f,0x80,0x80,0x27,0x27,0x98,0x24,0x3b,0x24,0x80,0x25,0x80,0x25,0x82,0x00,
    0x00,0x8c,0xe0,0x07,0x92,0x89,0x80,0x00,0x00,0x8c,0xe0,0x09,0x93,0x89,0x80,0x00,0x00,0x8c,0xe0,0x08,
    0x9a,0x89,0x80,0x00,0x00,0x8c,0xe0,0x0a,0x9b,0x89,0x80,0x0f,0x81,0x8f,0x80,0x80,0x27,0x27,0x98,0x24,
    0x3b,0x24,0x80,0x25,0x80,0x25,0x82,0x00,0x00,0x80,0xe0,0x07,0x96,0x89,0x80,0x00,0x00,0x80,0xe0,0x09,
    0x97,0x89,0x80,0x00,0x00,0x80,0xe0,0x08,0x9e,0x89,0x80,0x00,0x00,0x80,0xe0,0x0a,0x9f,0x89,0x80,0x0f,
    0x81,0x8f,0x80,0x80,0x27,0x27,0x98,0x24,0x3b,0x24,0x80,0x25,0x80,0x25,0x82,0x00,0x00,0x8c,0xe0,0x07,
    0x96,0x89,0x80,0x00,0x00,0x8c,0xe0,0x09,0x97,0x89,0x80,0x00,0x00,0x8c,0xe0,0x08,0x9e,0x89,0x80,0x00,
    0x00,0x8c,0xe0,0x0a,0x9f,0x89,0x80,0x0f,0x81,0x8f,0x80,0x80,0x27,0x27,0x98,0x24,0x3b,0x24,0x80,0x25,
    0x80,0x25,0x82,0x40,0x49,0xc0,0xbe,0xc7,0x14,0xa0,0xbf,0xff,0x00,0xb8,0xbe,0x8c,0x01,0x00,0x00,0x2d,
    0x84,0x0d,0xbf,0x44,0x48,0xc0,0x98,0x2d,0x82,0x0d,0xbf,0x38,0xff,0x38,0x98,0xb8,0x02,0x00,0x00,0x02,
    0x00,0xb5,0xbf,0xa0,0x40,0x0e,0xcc,0x90,0x51,0x90,0x0e,0xa1,0x40,0x0e,0xcc,0x94,0x51,0x94,0x0e,0xa2,
    0x40,0x0e,0xcc,0x98,0x51,0x98,0x0e,0xa3,0x40,0x0e,0xcc,0x9c,0x51,0x9c,0x0e,0xa4,0x01,0x0f,0xcc,0x90,
    0x23,0x03,0x38,0xa5,0x01,0x0f,0xcc,0x94,0x2b,0x03,0x38,0xa6,0x01,0x0f,0xcc,0x98,0x33,0x03,0x38,0xa7,
    0x01,0x0f,0xcc,0x9c,0x3b,0x03,0x38,0x00,0x00,0x80,0xe0,0x07,0x90,0x89,0x80,0x00,0x00,0x80,0xe0,0x09,
    0x91,0x89,0x80,0x00,0x00,0x80,0xe0,0x08,0x98,0x89,0x80,0x00,0x00,0x80,0xe0,0x0a,0x99,0x89,0x80,0x0f,
    0x81,0x8f,0x80,0x80,0x27,0x27,0x98,0x24,0x3b,0x24,0x80,0x25,0x80,0x25,0x82,0x00,0x00,0x8c,0xe0,0x07,
    0x90,0x89,0x80,0x00,0x00,0x8c,0xe0,0x09,0x91,0x89,0x80,0x00,0x00,0x8c,0xe0,0x08,0x98,0x89,0x80,0x00,
    0x00,0x8c,0xe0,0x0a,0x99,0x89,0x80,0x0f,0x81,0x8f,0x80,0x80,0x27,0x27,0x98,0x24,0x3b,0x24,0x80,0x25,
    0x80,0x25,0x82,0x00,0x00,0x80,0xe0,0x07,0x94,0x89,0x80,0x00,0x00,0x80,0xe0,0x09,0x95,0x89,0x80,0x00,
    0x00,0x80,0xe0,0x08,0x9c,0x89,0x80,0x00,0x00,0x80,0xe0,0x0a,0x9d,0x89,0x80,0x0f,0x81,0x8f,0x80,0x80,
    0x27,0x27,0x98,0x24,0x3b,0x24,0x80,0x25,0x80,0x25,0x82,0x00,0x00,0x8c,0xe0,0x07,0x94,0x89,0x80,0x00,
    0x00,0x8c,0xe0,0x09,0x95,0x89,0x80,0x00,0x00,0x8c,0xe0,0x08,0x9c,0x89,0x80,0x00,0x00,0x8c,0xe0,0x0a,
    0x9d,0x89,0x80,0x0f,0x81,0x8f,0x80,0x80,0x27,0x27,0x98,0x24,0x3b,0x24,0x80,0x25,0x80,0x25,0x82,0x40,
    0x49,0xc0,0xbe,0x7d,0x14,0xa0,0xbf,0xff,0x00,0xb8,0xbe,0x04,0x00,0x00,0x00,0x2d,0x84,0x0d,0xbf,0x44,
    0x48,0xc0,0x98,0x2d,0x82,0x0d,0xbf,0x38,0xff,0x38,0x98,0x30,0x01,0x00,0x00,0x02,0x00,0xb5,0xbf,0xa0,
    0x00,0x10,0xcc,0x90,0x1f,0x02,0x08,0xa1,0x00,0x10,0xcc,0x94,0x1f,0x02,0x08,0xa2,0x00,0x10,0xcc,0x98,
    0x1f,0x02,0x08,0xa3,0x00,0x10,0xcc,0x9c,0x1f,0x02,0x08,0xfa,0x02,0x20,0x7f,0xa0,0xb1,0x00,0xff,0xfa,
    0x02,0x28,0x7f,0xa1,0xb1,0x00,0xff,0xfa,0x02,0x30,0x7f,0xa2,0xb1,0x00,0xff,0xfa,0x02,0x38,0x7f,0xa3,
    0xb1,0x00,0xff,0xa0,0x50,0x0e,0xcc,0x90,0x1f,0x82,0x1e,0xa1,0x50,0x0e,0xcc,0x94,0x1f,0x86,0x1e,0xa2,
    0x50,0x0e,0xcc,0x98,0x1f,0x8a,0x1e,0xa3,0x50,0x0e,0xcc,0x9c,0x1f,0x8e,0x1e,0xfa,0x02,0x20,0x7f,0xa0,
    0x4e,0x00,0xff,0xfa,0x02,0x28,0x7f,0xa1,0x4e,0x00,0xff,0xfa,0x02,0x30,0x7f,0xa2,0x4e,0x00,0xff,0xfa,
    0x02,0x38,0x7f,0xa3,0x4e,0x00,0xff,0xa0,0x50,0x0e,0xcc,0x90,0x1f,0x82,0x1e,0xa1,0x50,0x0e,0xcc,0x94,
    0x1f,0x86,0x1e,0xa2,0x50,0x0e,0xcc,0x98,0x1f,0x8a,0x1e,0xa3,0x50,0x0e,0xcc,0x9c,0x1f,0x8e,0x1e,0x00,
    0x00,0x80,0xe0,0x07,0x90,0x89,0x80,0x00,0x00,0x80,0xe0,0x09,0x91,0x89,0x80,0x00,0x00,0x80,0xe0,0x08,
    0x98,0x89,0x80,0x00,0x00,0x80,0xe0,0x0a,0x99,0x89,0x80,0x0f,0x81,0x8f,0x80,0x80,0x27,0x27,0x98,0x24,
    0x3b,0x24,0x80,0x25,0x80,0x25,0x82,0x00,0x00,0x8c,0xe0,0x07,0x90,0x89,0x80,0x00,0x00,0x8c,0xe0,0x09,
    0x91,0x89,0x80,0x00,0x00,0x8c,0xe0,0x08,0x98,0x89,0x80,0x00,0x00,0x8c,0xe0,0x0a,0x99,0x89,0x80,0x0f,
    0x81,0x8f,0x80,0x80,0x27,0x27,0x98,0x24,0x3b,0x24,0x80,0x25,0x80,0x25,0x82,0x00,0x00,0x80,0xe0,0x07,
    0x94,0x89,0x80,0x00,0x00,0x80,0xe0,0x09,0x95,0x89,0x80,0x00,0x00,0x80,0xe0,0x08,0x9c,0x89,0x80,0x00,
    0x00,0x80,0xe0,0x0a,0x9d,0x89,0x80,0x0f,0x81,0x8f,0x80,0x80,0x27,0x27,0x98,0x24,0x3b,0x24,0x80,0x25,
    0x80,0x25,0x82,0x00,0x00,0x8c,0xe0,0x07,0x94,0x89,0x80,0x00,0x00,0x8c,0xe0,0x09,0x95,0x89,0x80,0x00,
    0x00,0x8c,0xe0,0x08,0x9c,0x89,0x80,0x00,0x00,0x8c,0xe0,0x0a,0x9d,0x89,0x80,0x0f,0x81,0x8f,0x80,0x80,
    0x27,0x27,0x98,0x24,0x3b,0x24,0x80,0x25,0x80,0x25,0x82,0x40,0x49,0xc0,0xbe,0x1b,0x14,0xa0,0xbf,0xff,
    0x00,0xb8,0xbe,0x90,0x01,0x00,0x00,0x2d,0x83,0x0d,0xbf,0x42,0x46,0xc0,0x98,0x2d,0x82,0x0d,0xbf,0x38,
    0xff,0x38,0x98,0xb8,0x02,0x00,0x00,0x02,0x00,0xb5,0xbf,0xf7,0x83,0x89,0xbf,0xa0,0x01,0x0f,0xcc,0x10,
    0x23,0x02,0x38,0xa1,0x01,0x0f,0xcc,0x34,0xab,0x02,0x38,0xa2,0x01,0x0f,0xcc,0x23,0x45,0x02,0x38,0xa3,
    0x01,0x0f,0xcc,0x57,0xad,0x02,0x38,0xa4,0x50,0x0e,0xcc,0x10,0x51,0xe4,0x1d,0xa5,0x50,0x0e,0xcc,0x34,
    0x51,0x34,0x1e,0xa6,0x50,0x0e,0xcc,0x23,0x51,0xe8,0x1d,0xa7,0x50,0x0e,0xcc,0x57,0x51,0x38,0x1e,0x00,
    0x00,0x80,0xe0,0x07,0x11,0x89,0x80,0x00,0x00,0x80,0xe0,0x09,0x10,0x89,0x80,0x00,0x00,0x80,0xe0,0x08,
    0x22,0x89,0x80,0x00,0x00,0x80,0xe0,0x0a,0x23,0x89,0x80,0x0f,0x81,0x8f,0x80,0x80,0x27,0x27,0x98,0x24,
    0x3b,0x24,0x80,0x25,0x80,0x25,0x82,0x00,0x00,0x8c,0xe0,0x07,0x11,0x89,0x80,0x00,0x00,0x8c,0xe0,0x09,
    0x10,0x89,0x80,0x00,0x00,0x8c,0xe0,0x08,0x22,0x89,0x80,0x00,0x00,0x8c,0xe0,0x0a,0x23,0x89,0x80,0x0f,
    0x81,0x8f,0x80,0x80,0x27,0x27,0x98,0x24,0x3b,0x24,0x80,0x25,0x80,0x25,0x82,0x00,0x00,0x80,0xe0,0x07,
    0x55,0x89,0x80,0x00,0x00,0x80,0xe0,0x09,0x34,0x89,0x80,0x00,0x00,0x80,0xe0,0x08,0x56,0x89,0x80,0x00,
    0x00,0x80,0xe0,0x0a,0x57,0x89,0x80,0x0f,0x81,0x8f,0x80,0x80,0x27,0x27,0x98,0x24,0x3b,0x24,0x80,0x25,
    0x80,0x25,0x82,0x00,0x00,0x8c,0xe0,0x07,0x55,0x89,0x80,0x00,0x00,0x8c,0xe0,0x09,0x34,0x89,0x80,0x00,
    0x00,0x8c,0xe0,0x08,0x56,0x89,0x80,0x00,0x00,0x8c,0xe0,0x0a,0x57,0x89,0x80,0x0f,0x81,0x8f,0x80,0x80,
    0x27,0x27,0x98,0x24,0x3b,0x24,0x80,0x25,0x80,0x25,0x82,0x40,0x49,0xc0,0xbe,0xd0,0x13,0xa0,0xbf,0xff,
    0x00,0xb8,0xbe,0x04,0x00,0x00,0x00,0x2d,0x83,0x0d,0xbf,0x42,0x46,0xc0,0x98,0x2d,0x82,0x0d,0xbf,0x38,
    0xff,0x38,0x98,0x2c,0x01,0x00,0x00,0x02,0x00,0xb5,0xbf,0xf7,0x83,0x89,0xbf,0xa0,0x00,0x10,0xcc,0x11,
    0x1f,0x02,0x08,0xa1,0x00,0x10,0xcc,0x55,0x1f,0x02,0x08,0xa2,0x00,0x10,0xcc,0x22,0x1f,0x02,0x08,0xa3,
    0x00,0x10,0xcc,0x56,0x1f,0x02,0x08,0xfa,0x02,0x22,0x7e,0xa0,0xb1,0x00,0xff,0xfa,0x02,0xaa,0x7e,0xa1,
    0xb1,0x00,0xff,0xfa,0x02,0x44,0x7e,0xa2,0xb1,0x00,0xff,0xfa,0x02,0xac,0x7e,0xa3,0xb1,0x00,0xff,0xa0,
    0x50,0x0e,0xcc,0x11,0x1f,0x82,0x1e,0xa1,0x50,0x0e,0xcc,0x55,0x1f,0x86,0x1e,0xa2,0x50,0x0e,0xcc,0x22,
    0x1f,0x8a,0x1e,0xa3,0x50,0x0e,0xcc,0x56,0x1f,0x8e,0x1e,0xfa,0x02,0x22,0x7e,0xa0,0x4e,0x00,0xff,0xfa,
    0x02,0xaa,0x7e,0xa1,0x4e,0x00,0xff,0xfa,0x02,0x44,0x7e,0xa2,0x4e,0x00,0xff,0xfa,0x02,0xac,0x7e,0xa3,
    0x4e,0x00,0xff,0xa0,0x50,0x0e,0xcc,0x11,0x1f,0x82,0x1e,0xa1,0x50,0x0e,0xcc,0x55,0x1f,0x86,0x1e,0xa2,
    0x50,0x0e,0xcc,0x22,0x1f,0x8a,0x1e,0xa3,0x50,0x0e,0xcc,0x56,0x1f,0x8e,0x1e,0x00,0x00,0x80,0xe0,0x07,
    0x11,0x89,0x80,0x00,0x00,0x80,0xe0,0x09,0x10,0x89,0x80,0x00,0x00,0x80,0xe0,0x08,0x22,0x89,0x80,0x00,
    0x00,0x80,0xe0,0x0a,0x23,0x89,0x80,0x0f,0x81,0x8f,0x80,0x80,0x27,0x27,0x98,0x24,0x3b,0x24,0x80,0x25,
    0x80,0x25,0x82,0x00,0x00,0x8c,0xe0,0x07,0x11,0x89,0x80,0x00,0x00,0x8c,0xe0,0x09,0x10,0x89,0x80,0x00,
    0x00,0x8c,0xe0,0x08,0x22,0x89,0x80,0x00,0x00,0x8c,0xe0,0x0a,0x23,0x89,0x80,0x0f,0x81,0x8f,0x80,0x80,
    0x27,0x27,0x98,0x24,0x3b,0x24,0x80,0x25,0x80,0x25,0x82,0x00,0x00,0x80,0xe0,0x07,0x55,0x89,0x80,0x00,
    0x00,0x80,0xe0,0x09,0x34,0x89,0x80,0x00,0x00,0x80,0xe0,0x08,0x56,0x89,0x80,0x00,0x00,0x80,0xe0,0x0a,
    0x57,0x89,0x80,0x0f,0x81,0x8f,0x80,0x80,0x27,0x27,0x98,0x24,0x3b,0x24,0x80,0x25,0x80,0x25,0x82,0x00,
    0x00,0x8c,0xe0,0x07,0x55,0x89,0x80,0x00,0x00,0x8c,0xe0,0x09,0x34,0x89,0x80,0x00,0x00,0x8c,0xe0,0x08,
    0x56,0x89,0x80,0x00,0x00,0x8c,0xe0,0x0a,0x57,0x89,0x80,0x0f,0x81,0x8f,0x80,0x80,0x27,0x27,0x98,0x24,
    0x3b,0x24,0x80,0x25,0x80,0x25,0x82,0x40,0x49,0xc0,0xbe,0x6d,0x13,0xa0,0xbf,0xff,0x00,0xb8,0xbe,0x8c,
    0x01,0x00,0x00,0x2d,0x84,0x0d,0xbf,0x44,0x48,0xc0,0x98,0x2d,0x82,0x0d,0xbf,0x38,0xff,0x38,0x98,0xb8,
    0x02,0x00,0x00,0x02,0x00,0xb5,0xbf,0xa0,0x40,0x0e,0xcc,0x79,0x51,0x90,0x0e,0xa1,0x40,0x0e,0xcc,0x8d,
    0x51,0x94,0x0e,0xa2,0x40,0x0e,0xcc,0x7a,0x51,0x98,0x0e,0xa3,0x40,0x0e,0xcc,0x8e,0x51,0x9c,0x0e,0xa4,
    0x01,0x0f,0xcc,0x79,0xd1,0x02,0x38,0xa5,0x01,0x0f,0xcc,0x8d,0x19,0x03,0x38,0xa6,0x01,0x0f,0xcc,0x7a,
    0xf7,0x02,0x38,0xa7,0x01,0x0f,0xcc,0x8e,0x1f,0x03,0x38,0x00,0x00,0x80,0xe0,0x07,0x79,0x89,0x80,0x00,
    0x00,0x80,0xe0,0x09,0x68,0x89,0x80,0x00,0x00,0x80,0xe0,0x08,0x7a,0x89,0x80,0x00,0x00,0x80,0xe0,0x0a,
    0x7b,0x89,0x80,0x0f,0x81,0x8f,0x80,0x80,0x27,0x27,0x98,0x24,0x3b,0x24,0x80,0x25,0x80,0x25,0x82,0x00,
    0x00,0x8c,0xe0,0x07,0x79,0x89,0x80,0x00,0x00,0x8c,0xe0,0x09,0x68,0x89,0x80,0x00,0x00,0x8c,0xe0,0x08,
    0x7a,0x89,0x80,0x00,0x00,0x8c,0xe0,0x0a,0x7b,0x89,0x80,0x0f,0x81,0x8f,0x80,0x80,0x27,0x27,0x98,0x24,
    0x3b,0x24,0x80,0x25,0x80,0x25,0x82,0x00,0x00,0x80,0xe0,0x07,0x8d,0x89,0x80,0x00,0x00,0x80,0xe0,0x09,
    0x8c,0x89,0x80,0x00,0x00,0x80,0xe0,0x08,0x8e,0x89,0x80,0x00,0x00,0x80,0xe0,0x0a,0x8f,0x89,0x80,0x0f,
    0x81,0x8f,0x80,0x80,0x27,0x27,0x98,0x24,0x3b,0x24,0x80,0x25,0x80,0x25,0x82,0x00,0x00,0x8c,0xe0,0x07,
    0x8d,0x89,0x80,0x00,0x00,0x8c,0xe0,0x09,0x8c,0x89,0x80,0x00,0x00,0x8c,0xe0,0x08,0x8e,0x89,0x80,0x00,
    0x00,0x8c,0xe0,0x0a,0x8f,0x89,0x80,0x0f,0x81,0x8f,0x80,0x80,0x27,0x27,0x98,0x24,0x3b,0x24,0x80,0x25,
    0x80,0x25,0x82,0x40,0x49,0xc0,0xbe,0x23,0x13,0xa0,0xbf,0xff,0x00,0xb8,0xbe,0x04,0x00,0x00,0x00,0x2d,
    0x84,0x0d,0xbf,0x44,0x48,0xc0,0x98,0x2d,0x82,0x0d,0xbf,0x38,0xff,0x38,0x98,0x30,0x01,0x00,0x00,0x02,
    0x00,0xb5,0xbf,0xa0,0x00,0x10,0xcc,0x79,0x1f,0x02,0x08,0xa1,0x00,0x10,0xcc,0x8d,0x1f,0x02,0x08,0xa2,
    0x00,0x10,0xcc,0x7a,0x1f,0x02,0x08,0xa3,0x00,0x10,0xcc,0x8e,0x1f,0x02,0x08,0xfa,0x02,0xf2,0x7e,0xa0,
    0xb1,0x00,0xff,0xfa,0x02,0x1a,0x7f,0xa1,0xb1,0x00,0xff,0xfa,0x02,0xf4,0x7e,0xa2,0xb1,0x00,0xff,0xfa,
    0x02,0x1c,0x7f,0xa3,0xb1,0x00,0xff,0xa0,0x50,0x0e,0xcc,0x79,0x1f,0x82,0x1e,0xa1,0x50,0x0e,0xcc,0x8d,
    0x1f,0x86,0x1e,0xa2,0x50,0x0e,0xcc,0x7a,0x1f,0x8a,0x1e,0xa3,0x50,0x0e,0xcc,0x8e,0x1f,0x8e,0x1e,0xfa,
    0x02,0xf2,0x7e,0xa0,0x4e,0x00,0xff,0xfa,0x02,0x1a,0x7f,0xa1,0x4e,0x00,0xff,0xfa,0x02,0xf4,0x7e,0xa2,
    0x4e,0x00,0xff,0xfa,0x02,0x1c,0x7f,0xa3,0x4e,0x00,0xff,0xa0,0x50,0x0e,0xcc,0x79,0x1f,0x82,0x1e,0xa1,
    0x50,0x0e,0xcc,0x8d,0x1f,0x86,0x1e,0xa2,0x50,0x0e,0xcc,0x7a,0x1f,0x8a,0x1e,0xa3,0x50,0x0e,0xcc,0x8e,
    0x1f,0x8e,0x1e,0x00,0x00,0x80,0xe0,0x07,0x79,0x89,0x80,0x00,0x00,0x80,0xe0,0x09,0x68,0x89,0x80,0x00,
    0x00,0x80,0xe0,0x08,0x7a,0x89,0x80,0x00,0x00,0x80,0xe0,0x0a,0x7b,0x89,0x80,0x0f,0x81,0x8f,0x80,0x80,
    0x27,0x27,0x98,0x24,0x3b,0x24,0x80,0x25,0x80,0x25,0x82,0x00,0x00,0x8c,0xe0,0x07,0x79,0x89,0x80,0x00,
    0x00,0x8c,0xe0,0x09,0x68,0x89,0x80,0x00,0x00,0x8c,0xe0,0x08,0x7a,0x89,0x80,0x00,0x00,0x8c,0xe0,0x0a,
    0x7b,0x89,0x80,0x0f,0x81,0x8f,0x80,0x80,0x27,0x27,0x98,0x24,0x3b,0x24,0x80,0x25,0x80,0x25,0x82,0x00,
    0x00,0x80,0xe0,0x07,0x8d,0x89,0x80,0x00,0x00,0x80,0xe0,0x09,0x8c,0x89,0x80,0x00,0x00,0x80,0xe0,0x08,
    0x8e,0x89,0x80,0x00,0x00,0x80,0xe0,0x0a,0x8f,0x89,0x80,0x0f,0x81,0x8f,0x80,0x80,0x27,0x27,0x98,0x24,
    0x3b,0x24,0x80,0x25,0x80,0x25,0x82,0x00,0x00,0x8c,0xe0,0x07,0x8d,0x89,0x80,0x00,0x00,0x8c,0xe0,0x09,
    0x8c,0x89,0x80,0x00,0x00,0x8c,0xe0,0x08,0x8e,0x89,0x80,0x00,0x00,0x8c,0xe0,0x0a,0x8f,0x89,0x80,0x0f,
    0x81,0x8f,0x80,0x80,0x27,0x27,0x98,0x24,0x3b,0x24,0x80,0x25,0x80,0x25,0x82,0x40,0x49,0xc0,0xbe,0xc1,
    0x12,0xa0,0xbf,0xff,0x00,0xb8,0xbe,0x90,0x01,0x00,0x00,0x2d,0x83,0x0d,0xbf,0x42,0x46,0xc0,0x98,0x2d,
    0x82,0x0d,0xbf,0x38,0xff,0x38,0x98,0xb8,0x02,0x00,0x00,0x02,0x00,0xb5,0xbf,0xf7,0x83,0x89,0xbf,0xa0,
    0x01,0x0f,0xcc,0x93,0x25,0x03,0x38,0xa1,0x01,0x0f,0xcc,0x97,0x2d,0x03,0x38,0xa2,0x01,0x0f,0xcc,0x91,
    0x21,0x03,0x38,0xa3,0x01,0x0f,0xcc,0x95,0x29,0x03,0x38,0xa4,0x50,0x0e,0xcc,0x93,0x51,0x68,0x1e,0xa5,
    0x50,0x0e,0xcc,0x97,0x51,0x78,0x1e,0xa6,0x50,0x0e,0xcc,0x91,0x51,0x60,0x1e,0xa7,0x50,0x0e,0xcc,0x95,
    0x51,0x70,0x1e,0x00,0x00,0x80,0xe0,0x07,0x92,0x89,0x80,0x00,0x00,0x80,0xe0,0x09,0x93,0x89,0x80,0x00,
    0x00,0x80,0xe0,0x08,0x90,0x89,0x80,0x00,0x00,0x80,0xe0,0x0a,0x91,0x89,0x80,0x0f,0x81,0x8f,0x80,0x80,
    0x27,0x27,0x98,0x24,0x3b,0x24,0x80,0x25,0x80,0x25,0x82,0x00,0x00,0x8c,0xe0,0x07,0x92,0x89,0x80,0x00,
    0x00,0x8c,0xe0,0x09,0x93,0x89,0x80,0x00,0x00,0x8c,0xe0,0x08,0x90,0x89,0x80,0x00,0x00,0x8c,0xe0,0x0a,
    0x91,0x89,0x80,0x0f,0x81,0x8f,0x80,0x80,0x27,0x27,0x98,0x24,0x3b,0x24,0x80,0x25,0x80,0x25,0x82,0x00,
    0x00,0x80,0xe0,0x07,0x96,0x89,0x80,0x00,0x00,0x80,0xe0,0x09,0x97,0x89,0x80,0x00,0x00,0x80,0xe0,0x08,
    0x94,0x89,0x80,0x00,0x00,0x80,0xe0,0x0a,0x95,0x89,0x80,0x0f,0x81,0x8f,0x80,0x80,0x27,0x27,0x98,0x24,
    0x3b,0x24,0x80,0x25,0x80,0x25,0x82,0x00,0x00,0x8c,0xe0,0x07,0x96,0x89,0x80,0x00,0x00,0x8c,0xe0,0x09,
    0x97,0x89,0x80,0x00,0x00,0x8c,0xe0,0x08,0x94,0x89,0x80,0x00,0x00,0x8c,0xe0,0x0a,0x95,0x89,0x80,0x0f,
    0x81,0x8f,0x80,0x80,0x27,0x27,0x98,0x24,0x3b,0x24,0x80,0x25,0x80,0x25,0x82,0x40,0x49,0xc0,0xbe,0x76,
    0x12,0xa0,0xbf,0xff,0x00,0xb8,0xbe,0x04,0x00,0x00,0x00,0x2d,0x83,0x0d,0xbf,0x42,0x46,0xc0,0x98,0x2d,
    0x82,0x0d,0xbf,0x38,0xff,0x38,0x98,0x2c,0x01,0x00,0x00,0x02,0x00,0xb5,0xbf,0xf7,0x83,0x89,0xbf,0xa0,
    0x00,0x10,0xcc,0x92,0x1f,0x02,0x08,0xa1,0x00,0x10,0xcc,0x96,0x1f,0x02,0x08,0xa2,0x00,0x10,0xcc,0x90,
    0x1f,0x02,0x08,0xa3,0x00,0x10,0xcc,0x94,0x1f,0x02,0x08,0xfa,0x02,0x24,0x7f,0xa0,0xb1,0x00,0xff,0xfa,
    0x02,0x2c,0x7f,0xa1,0xb1,0x00,0xff,0xfa,0x02,0x20,0x7f,0xa2,0xb1,0x00,0xff,0xfa,0x02,0x28,0x7f,0xa3,
    0xb1,0x00,0xff,0xa0,0x50,0x0e,0xcc,0x92,0x1f,0x82,0x1e,0xa1,0x50,0x0e,0xcc,0x96,0x1f,0x86,0x1e,0xa2,
    0x50,0x0e,0xcc,0x90,0x1f,0x8a,0x1e,0xa3,0x50,0x0e,0xcc,0x94,0x1f,0x8e,0x1e,0xfa,0x02,0x24,0x7f,0xa0,
    0x4e,0x00,0xff,0xfa,0x02,0x2c,0x7f,0xa1,0x4e,0x00,0xff,0xfa,0x02,0x20,0x7f,0xa2,0x4e,0x00,0xff,0xfa,
    0x02,0x28,0x7f,0xa3,0x4e,0x00,0xff,0xa0,0x50,0x0e,0xcc,0x92,0x1f,0x82,0x1e,0xa1,0x50,0x0e,0xcc,0x96,
    0x1f,0x86,0x1e,0xa2,0x50,0x0e,0xcc,0x90,0x1f,0x8a,0x1e,0xa3,0x50,0x0e,0xcc,0x94,0x1f,0x8e,0x1e,0x00,
    0x00,0x80,0xe0,0x07,0x92,0x89,0x80,0x00,0x00,0x80,0xe0,0x09,0x93,0x89,0x80,0x00,0x00,0x80,0xe0,0x08,
    0x90,0x89,0x80,0x00,0x00,0x80,0xe0,0x0a,0x91,0x89,0x80,0x0f,0x81,0x8f,0x80,0x80,0x27,0x27,0x98,0x24,
    0x3b,0x24,0x80,0x25,0x80,0x25,0x82,0x00,0x00,0x8c,0xe0,0x07,0x92,0x89,0x80,0x00,0x00,0x8c,0xe0,0x09,
    0x93,0x89,0x80,0x00,0x00,0x8c,0xe0,0x08,0x90,0x89,0x80,0x00,0x00,0x8c,0xe0,0x0a,0x91,0x89,0x80,0x0f,
    0x81,0x8f,0x80,0x80,0x27,0x27,0x98,0x24,0x3b,0x24,0x80,0x25,0x80,0x25,0x82,0x00,0x00,0x80,0xe0,0x07,
    0x96,0x89,0x80,0x00,0x00,0x80,0xe0,0x09,0x97,0x89,0x80,0x00,0x00,0x80,0xe0,0x08,0x94,0x89,0x80,0x00,
    0x00,0x80,0xe0,0x0a,0x95,0x89,0x80,0x0f,0x81,0x8f,0x80,0x80,0x27,0x27,0x98,0x24,0x3b,0x24,0x80,0x25,
    0x80,0x25,0x82,0x00,0x00,0x8c,0xe0,0x07,0x96,0x89,0x80,0x00,0x00,0x8c,0xe0,0x09,0x97,0x89,0x80,0x00,
    0x00,0x8c,0xe0,0x08,0x94,0x89,0x80,0x00,0x00,0x8c,0xe0,0x0a,0x95,0x89,0x80,0x0f,0x81,0x8f,0x80,0x80,
    0x27,0x27,0x98,0x24,0x3b,0x24,0x80,0x25,0x80,0x25,0x82,0x40,0x49,0xc0,0xbe,0x13,0x12,0xa0,0xbf,0xff,
    0x00,0xb8,0xbe,0xec,0xeb,0xff,0xff,0x2d,0x84,0x0d,0xbf,0x44,0x48,0xc0,0x98,0x2d,0x82,0x0d,0xbf,0x38,
    0xff,0x38,0x98,0x18,0xed,0xff,0xff,0x02,0x00,0xb5,0xbf,0xa0,0x40,0x0e,0xcc,0x9a,0x51,0x90,0x0e,0xa1,
    0x40,0x0e,0xcc,0x9e,0x51,0x94,0x0e,0xa2,0x40,0x0e,0xcc,0x98,0x51,0x98,0x0e,0xa3,0x40,0x0e,0xcc,0x9c,
    0x51,0x9c,0x0e,0xa4,0x01,0x0f,0xcc,0x9a,0x37,0x03,0x38,0xa5,0x01,0x0f,0xcc,0x9e,0x3f,0x03,0x38,0xa6,
    0x01,0x0f,0xcc,0x98,0x33,0x03,0x38,0xa7,0x01,0x0f,0xcc,0x9c,0x3b,0x03,0x38,0x00,0x00,0x80,0xe0,0x07,
    0x9a,0x89,0x80,0x00,0x00,0x80,0xe0,0x09,0x9b,0x89,0x80,0x00,0x00,0x80,0xe0,0x08,0x98,0x89,0x80,0x00,
    0x00,0x80,0xe0,0x0a,0x99,0x89,0x80,0x0f,0x81,0x8f,0x80,0x80,0x27,0x27,0x98,0x24,0x3b,0x24,0x80,0x25,
    0x80,0x25,0x82,0x00,0x00,0x8c,0xe0,0x07,0x9a,0x89,0x80,0x00,0x00,0x8c,0xe0,0x09,0x9b,0x89,0x80,0x00,
    0x00,0x8c,0xe0,0x08,0x98,0x89,0x80,0x00,0x00,0x8c,0xe0,0x0a,0x99,0x89,0x80,0x0f,0x81,0x8f,0x80,0x80,
    0x27,0x27,0x98,0x24,0x3b,0x24,0x80,0x25,0x80,0x25,0x82,0x00,0x00,0x80,0xe0,0x07,0x9e,0x89,0x80,0x00,
    0x00,0x80,0xe0,0x09,0x9f,0x89,0x80,0x00,0x00,0x80,0xe0,0x08,0x9c,0x89,0x80,0x00,0x00,0x80,0xe0,0x0a,
    0x9d,0x89,0x80,0x0f,0x81,0x8f,0x80,0x80,0x27,0x27,0x98,0x24,0x3b,0x24,0x80,0x25,0x80,0x25,0x82,0x00,
    0x00,0x8c,0xe0,0x07,0x9e,0x89,0x80,0x00,0x00,0x8c,0xe0,0x09,0x9f,0x89,0x80,0x00,0x00,0x8c,0xe0,0x08,
    0x9c,0x89,0x80,0x00,0x00,0x8c,0xe0,0x0a,0x9d,0x89,0x80,0x0f,0x81,0x8f,0x80,0x80,0x27,0x27,0x98,0x24,
    0x3b,0x24,0x80,0x25,0x80,0x25,0x82,0x40,0x49,0xc0,0xbe,0xc9,0x11,0xa0,0xbf,0xff,0x00,0xb8,0xbe,0x64,
    0xea,0xff,0xff,0x2d,0x84,0x0d,0xbf,0x44,0x48,0xc0,0x98,0x2d,0x82,0x0d,0xbf,0x38,0xff,0x38,0x98,0x90,
    0xeb,0xff,0xff,0x02,0x00,0xb5,0xbf,0xa0,0x00,0x10,0xcc,0x9a,0x1f,0x02,0x08,0xa1,0x00,0x10,0xcc,0x9e,
    0x1f,0x02,0x08,0xa2,0x00,0x10,0xcc,0x98,0x1f,0x02,0x08,0xa3,0x00,0x10,0xcc,0x9c,0x1f,0x02,0x08,0xfa,
    0x02,0x34,0x7f,0xa0,0xb1,0x00,0xff,0xfa,0x02,0x3c,0x7f,0xa1,0xb1,0x00,0xff,0xfa,0x02,0x30,0x7f,0xa2,
    0xb1,0x00,0xff,0xfa,0x02,0x38,0x7f,0xa3,0xb1,0x00,0xff,0xa0,0x50,0x0e,0xcc,0x9a,0x1f,0x82,0x1e,0xa1,
    0x50,0x0e,0xcc,0x9e,0x1f,0x86,0x1e,0xa2,0x50,0x0e,0xcc,0x98,0x1f,0x8a,0x1e,0xa3,0x50,0x0e,0xcc,0x9c,
    0x1f,0x8e,0x1e,0xfa,0x02,0x34,0x7f,0xa0,0x4e,0x00,0xff,0xfa,0x02,0x3c,0x7f,0xa1,0x4e,0x00,0xff,0xfa,
    0x02,0x30,0x7f,0xa2,0x4e,0x00,0xff,0xfa,0x02,0x38,0x7f,0xa3,0x4e,0x00,0xff,0xa0,0x50,0x0e,0xcc,0x9a,
    0x1f,0x82,0x1e,0xa1,0x50,0x0e,0xcc,0x9e,0x1f,0x86,0x1e,0xa2,0x50,0x0e,0xcc,0x98,0x1f,0x8a,0x1e,0xa3,
    0x50,0x0e,0xcc,0x9c,0x1f,0x8e,0x1e,0x00,0x00,0x80,0xe0,0x07,0x9a,0x89,0x80,0x00,0x00,0x80,0xe0,0x09,
    0x9b,0x89,0x80,0x00,0x00,0x80,0xe0,0x08,0x98,0x89,0x80,0x00,0x00,0x80,0xe0,0x0a,0x99,0x89,0x80,0x0f,
    0x81,0x8f,0x80,0x80,0x27,0x27,0x98,0x24,0x3b,0x24,0x80,0x25,0x80,0x25,0x82,0x00,0x00,0x8c,0xe0,0x07,
    0x9a,0x89,0x80,0x00,0x00,0x8c,0xe0,0x09,0x9b,0x89,0x80,0x00,0x00,0x8c,0xe0,0x08,0x98,0x89,0x80,0x00,
    0x00,0x8c,0xe0,0x0a,0x99,0x89,0x80,0x0f,0x81,0x8f,0x80,0x80,0x27,0x27,0x98,0x24,0x3b,0x24,0x80,0x25,
    0x80,0x25,0x82,0x00,0x00,0x80,0xe0,0x07,0x9e,0x89,0x80,0x00,0x00,0x80,0xe0,0x09,0x9f,0x89,0x80,0x00,
    0x00,0x80,0xe0,0x08,0x9c,0x89,0x80,0x00,0x00,0x80,0xe0,0x0a,0x9d,0x89,0x80,0x0f,0x81,0x8f,0x80,0x80,
    0x27,0x27,0x98,0x24,0x3b,0x24,0x80,0x25,0x80,0x25,0x82,0x00,0x00,0x8c,0xe0,0x07,0x9e,0x89,0x80,0x00,
    0x00,0x8c,0xe0,0x09,0x9f,0x89,0x80,0x00,0x00,0x8c,0xe0,0x08,0x9c,0x89,0x80,0x00,0x00,0x8c,0xe0,0x0a,
    0x9d,0x89,0x80,0x0f,0x81,0x8f,0x80,0x80,0x27,0x27,0x98,0x24,0x3b,0x24,0x80,0x25,0x80,0x25,0x82,0x40,
    0x49,0xc0,0xbe,0x67,0x11,0xa0,0xbf,0x40,0x12,0x7c,0xdb,0x01,0x12,0x00,0x00,0x10,0x00,0x7c,0xdb,0x01,
    0x1e,0x00,0x00,0x01,0x00,0xb5,0xbf,0x38,0x9f,0x39,0x86,0x40,0x38,0x40,0x80,0x41,0x39,0x41,0x82,0x2d,
    0x83,0x0d,0xbf,0xc1,0x80,0xea,0x98,0x2d,0x82,0x0d,0xbf,0xc1,0x80,0xb6,0x98,0x80,0x00,0xff,0xbe,0x07,
    0xfc,0x89,0xbf,0x00,0x00,0xbd,0xbf,0x04,0x05,0x52,0x7e,0x24,0x03,0x8a,0x7e,0x25,0x03,0x8c,0x7e,0x26,
    0x03,0x8e,0x7e,0x27,0x03,0x90,0x7e,0x28,0x03,0x92,0x7e,0x29,0x03,0x94,0x7e,0x2a,0x03,0x96,0x7e,0x2b,
    0x03,0x98,0x7e,0x58,0x00,0x0f,0xcc,0x24,0x7b,0x02,0x18,0x59,0x00,0x0f,0xcc,0x25,0x7d,0x02,0x18,0x5a,
    0x00,0x0f,0xcc,0x26,0x7f,0x02,0x18,0x5b,0x00,0x0f,0xcc,0x27,0x81,0x02,0x18,0x5c,0x00,0x0f,0xcc,0x28,
    0x83,0x02,0x18,0x5d,0x00,0x0f,0xcc,0x29,0x85,0x02,0x18,0x5e,0x00,0x0f,0xcc,0x2a,0x87,0x02,0x18,0x5f,
    0x00,0x0f,0xcc,0x2b,0x89,0x02,0x18,0x58,0x00,0x10,0xcc,0x58,0xe1,0x01,0x08,0x59,0x00,0x10,0xcc,0x59,
    0xe1,0x01,0x08,0x5a,0x00,0x10,0xcc,0x5a,0xe1,0x01,0x08,0x5b,0x00,0x10,0xcc,0x5b,0xe1,0x01,0x08,0x5c,
    0x00,0x10,0xcc,0x5c,0xe1,0x01,0x08,0x5d,0x00,0x10,0xcc,0x5d,0xe1,0x01,0x08,0x5e,0x00,0x10,0xcc,0x5e,
    0xe1,0x01,0x08,0x5f,0x00,0x10,0xcc,0x5f,0xe1,0x01,0x08,0x58,0x40,0x0e,0xcc,0x2c,0xe1,0x61,0x0d,0x59,
    0x40,0x0e,0xcc,0x2d,0xe1,0x65,0x0d,0x5a,0x40,0x0e,0xcc,0x2e,0xe1,0x69,0x0d,0x5b,0x40,0x0e,0xcc,0x2f,
    0xe1,0x6d,0x0d,0x5c,0x40,0x0e,0xcc,0x30,0xe1,0x71,0x0d,0x5d,0x40,0x0e,0xcc,0x31,0xe1,0x75,0x0d,0x5e,
    0x40,0x0e,0xcc,0x32,0xe1,0x79,0x0d,0x5f,0x40,0x0e,0xcc,0x33,0xe1,0x7d,0x0d,0x69,0x40,0x0e,0xcc,0x2c,
    0xe7,0x61,0x0d,0x6a,0x40,0x0e,0xcc,0x2d,0xe7,0x65,0x0d,0x6b,0x40,0x0e,0xcc,0x2e,0xe7,0x69,0x0d,0x6c,
    0x40,0x0e,0xcc,0x2f,0xe7,0x6d,0x0d,0x6d,0x40,0x0e,0xcc,0x30,0xe7,0x71,0x0d,0x6e,0x40,0x0e,0xcc,0x31,
    0xe7,0x75,0x0d,0x6f,0x40,0x0e,0xcc,0x32,0xe7,0x79,0x0d,0x70,0x40,0x0e,0xcc,0x33,0xe7,0x7d,0x0d,0x3d,
    0x03,0xf8,0x7e,0x3e,0x03,0xfa,0x7e,0x3f,0x03,0xfc,0x7e,0x40,0x03,0xfe,0x7e,0x41,0x03,0x00,0x7f,0x42,
    0x03,0x02,0x7f,0x43,0x03,0x04,0x7f,0x44,0x03,0x06,0x7f,0xc1,0x00,0xff,0xbe,0x0d,0x03,0x16,0x02,0x0c,
    0x00,0x01,0xd5,0x0e,0x07,0xda,0x00,0x29,0x81,0x0d,0xbf,0x2d,0x2d,0x2d,0x82,0x80,0x00,0xff,0xbe,0xc0,
    0x6c,0xfc,0xdb,0x0b,0x00,0x00,0x24,0xc0,0x75,0xfc,0xdb,0x0b,0x00,0x00,0x28,0x00,0x7f,0xfc,0xdb,0x0b,
    0x00,0x00,0x2c,0x00,0x88,0xfc,0xdb,0x0b,0x00,0x00,0x30,0xc1,0x00,0xff,0xbe,0x80,0x48,0x7c,0xdb,0x0c,
    0xa0,0x00,0x00,0x80,0x00,0xff,0xbe,0xd0,0x6c,0xfc,0xdb,0x0b,0x00,0x00,0x35,0xd0,0x75,0xfc,0xdb,0x0b,
    0x00,0x00,0x39,0x10,0x7f,0xfc,0xdb,0x0b,0x00,0x00,0x3d,0x10,0x88,0xfc,0xdb,0x0b,0x00,0x00,0x41,0xc1,
    0x00,0xff,0xbe,0xc0,0x4a,0x7c,0xdb,0x0c,0xa4,0x00,0x00,0x40,0x49,0xc0,0xbe,0x80,0x36,0x7c,0xdb,0x02,
    0x12,0x00,0x00,0x50,0x24,0x7c,0xdb,0x02,0x1e,0x00,0x00,0x01,0x00,0xb5,0xbf,0x38,0x9f,0x39,0x86,0x17,
    0x22,0x97,0x80,0x80,0x38,0xb8,0x98,0x40,0x38,0x40,0x80,0x41,0x39,0x41,0x82,0x2d,0x83,0x0d,0xbf,0xc1,
    0x80,0xea,0x98,0x2d,0x83,0x0d,0xbf,0xc1,0x80,0xb6,0x98,0x80,0x00,0xff,0xbe,0x07,0xfc,0x89,0xbf,0x00,
    0x00,0xbd,0xbf,0x24,0x03,0x9a,0x7e,0x25,0x03,0x9c,0x7e,0x26,0x03,0x9e,0x7e,0x27,0x03,0xa0,0x7e,0x28,
    0x03,0xa2,0x7e,0x29,0x03,0xa4,0x7e,0x2a,0x03,0xa6,0x7e,0x2b,0x03,0xa8,0x7e,0x60,0x00,0x0f,0xcc,0x24,
    0x7b,0x02,0x18,0x61,0x00,0x0f,0xcc,0x25,0x7d,0x02,0x18,0x62,0x00,0x0f,0xcc,0x26,0x7f,0x02,0x18,0x63,
    0x00,0x0f,0xcc,0x27,0x81,0x02,0x18,0x64,0x00,0x0f,0xcc,0x28,0x83,0x02,0x18,0x65,0x00,0x0f,0xcc,0x29,
    0x85,0x02,0x18,0x66,0x00,0x0f,0xcc,0x2a,0x87,0x02,0x18,0x67,0x00,0x0f,0xcc,0x2b,0x89,0x02,0x18,0x60,
    0x00,0x10,0xcc,0x60,0xe1,0x01,0x08,0x61,0x00,0x10,0xcc,0x61,0xe1,0x01,0x08,0x62,0x00,0x10,0xcc,0x62,
    0xe1,0x01,0x08,0x63,0x00,0x10,0xcc,0x63,0xe1,0x01,0x08,0x64,0x00,0x10,0xcc,0x64,0xe1,0x01,0x08,0x65,
    0x00,0x10,0xcc,0x65,0xe1,0x01,0x08,0x66,0x00,0x10,0xcc,0x66,0xe1,0x01,0x08,0x67,0x00,0x10,0xcc,0x67,
    0xe1,0x01,0x08,0x60,0x40,0x0e,0xcc,0x2c,0xe1,0x81,0x0d,0x61,0x40,0x0e,0xcc,0x2d,0xe1,0x85,0x0d,0x62,
    0x40,0x0e,0xcc,0x2e,0xe1,0x89,0x0d,0x63,0x40,0x0e,0xcc,0x2f,0xe1,0x8d,0x0d,0x64,0x40,0x0e,0xcc,0x30,
    0xe1,0x91,0x0d,0x65,0x40,0x0e,0xcc,0x31,0xe1,0x95,0x0d,0x66,0x40,0x0e,0xcc,0x32,0xe1,0x99,0x0d,0x67,
    0x40,0x0e,0xcc,0x33,0xe1,0x9d,0x0d,0x71,0x40,0x0e,0xcc,0x2c,0xe7,0x81,0x0d,0x72,0x40,0x0e,0xcc,0x2d,
    0xe7,0x85,0x0d,0x73,0x40,0x0e,0xcc,0x2e,0xe7,0x89,0x0d,0x74,0x40,0x0e,0xcc,0x2f,0xe7,0x8d,0x0d,0x75,
    0x40,0x0e,0xcc,0x30,0xe7,0x91,0x0d,0x76,0x40,0x0e,0xcc,0x31,0xe7,0x95,0x0d,0x77,0x40,0x0e,0xcc,0x32,
    0xe7,0x99,0x0d,0x78,0x40,0x0e,0xcc,0x33,0xe7,0x9d,0x0d,0x3d,0x03,0x08,0x7f,0x3e,0x03,0x0a,0x7f,0x3f,
    0x03,0x0c,0x7f,0x40,0x03,0x0e,0x7f,0x41,0x03,0x10,0x7f,0x42,0x03,0x12,0x7f,0x43,0x03,0x14,0x7f,0x44,
    0x03,0x16,0x7f,0xc1,0x00,0xff,0xbe,0x0d,0x05,0x16,0x02,0x0c,0x00,0x01,0xd5,0x0e,0x07,0xda,0x00,0x29,
    0x80,0x0d,0xbf,0x80,0x23,0x23,0x98,0x81,0x22,0x22,0x98,0x29,0x90,0x27,0x85,0x00,0x91,0xfc,0xdb,0x05,
    0x00,0x00,0x07,0x00,0x99,0xd8,0xd8,0x06,0x00,0x00,0x04,0x29,0x81,0x0d,0xbf,0x31,0x35,0x3b,0x98,0x10,
    0x12,0xa4,0x98,0x27,0x3b,0x38,0x96,0x27,0x3b,0xb9,0x96,0x27,0x81,0x0f,0x80,0x16,0x0f,0x8f,0x80,0x80,
    0x23,0x27,0x98,0x24,0x38,0x24,0x80,0x25,0x39,0x25,0x82,0x80,0x00,0xff,0xbe,0x80,0x48,0xfc,0xdb,0x0b,
    0x00,0x00,0x24,0x80,0x51,0xfc,0xdb,0x0b,0x00,0x00,0x28,0xc0,0x5a,0xfc,0xdb,0x0b,0x00,0x00,0x2c,0xc0,
    0x63,0xfc,0xdb,0x0b,0x00,0x00,0x30,0xc1,0x00,0xff,0xbe,0xc0,0x6c,0x7c,0xdb,0x0c,0xa0,0x00,0x00,0x80,
    0x00,0xff,0xbe,0x90,0x48,0xfc,0xdb,0x0b,0x00,0x00,0x35,0x90,0x51,0xfc,0xdb,0x0b,0x00,0x00,0x39,0xd0,
    0x5a,0xfc,0xdb,0x0b,0x00,0x00,0x3d,0xd0,0x63,0xfc,0xdb,0x0b,0x00,0x00,0x41,0xc1,0x00,0xff,0xbe,0x00,
    0x6f,0x7c,0xdb,0x0c,0xa4,0x00,0x00,0xa7,0xfc,0x89,0xbf,0x40,0x49,0xc0,0xbe,0x40,0x12,0x7c,0xdb,0x01,
    0x12,0x00,0x00,0x10,0x00,0x7c,0xdb,0x01,0x1e,0x00,0x00,0x01,0x00,0xb5,0xbf,0x38,0x9f,0x39,0x86,0x40,
    0x38,0x40,0x80,0x41,0x39,0x41,0x82,0x2d,0x83,0x0d,0xbf,0xc1,0x80,0xea,0x98,0x2d,0x82,0x0d,0xbf,0xc1,
    0x80,0xb6,0x98,0x80,0x00,0xff,0xbe,0x07,0xfc,0x89,0xbf,0x04,0x05,0x52,0x7e,0x24,0x03,0x8a,0x7e,0x25,
    0x03,0x8c,0x7e,0x26,0x03,0x8e,0x7e,0x27,0x03,0x90,0x7e,0x28,0x03,0x92,0x7e,0x29,0x03,0x94,0x7e,0x2a,
    0x03,0x96,0x7e,0x2b,0x03,0x98,0x7e,0x58,0x00,0x0f,0xcc,0x24,0x7b,0x02,0x18,0x59,0x00,0x0f,0xcc,0x25,
    0x7d,0x02,0x18,0x5a,0x00,0x0f,0xcc,0x26,0x7f,0x02,0x18,0x5b,0x00,0x0f,0xcc,0x27,0x81,0x02,0x18,0x5c,
    0x00,0x0f,0xcc,0x28,0x83,0x02,0x18,0x5d,0x00,0x0f,0xcc,0x29,0x85,0x02,0x18,0x5e,0x00,0x0f,0xcc,0x2a,
    0x87,0x02,0x18,0x5f,0x00,0x0f,0xcc,0x2b,0x89,0x02,0x18,0x58,0x00,0x10,0xcc,0x58,0xe1,0x01,0x08,0x59,
    0x00,0x10,0xcc,0x59,0xe1,0x01,0x08,0x5a,0x00,0x10,0xcc,0x5a,0xe1,0x01,0x08,0x5b,0x00,0x10,0xcc,0x5b,
    0xe1,0x01,0x08,0x5c,0x00,0x10,0xcc,0x5c,0xe1,0x01,0x08,0x5d,0x00,0x10,0xcc,0x5d,0xe1,0x01,0x08,0x5e,
    0x00,0x10,0xcc,0x5e,0xe1,0x01,0x08,0x5f,0x00,0x10,0xcc,0x5f,0xe1,0x01,0x08,0x58,0x40,0x0e,0xcc,0x2c,
    0xe1,0x61,0x0d,0x59,0x40,0x0e,0xcc,0x2d,0xe1,0x65,0x0d,0x5a,0x40,0x0e,0xcc,0x2e,0xe1,0x69,0x0d,0x5b,
    0x40,0x0e,0xcc,0x2f,0xe1,0x6d,0x0d,0x5c,0x40,0x0e,0xcc,0x30,0xe1,0x71,0x0d,0x5d,0x40,0x0e,0xcc,0x31,
    0xe1,0x75,0x0d,0x5e,0x40,0x0e,0xcc,0x32,0xe1,0x79,0x0d,0x5f,0x40,0x0e,0xcc,0x33,0xe1,0x7d,0x0d,0x69,
    0x40,0x0e,0xcc,0x2c,0xe7,0x61,0x0d,0x6a,0x40,0x0e,0xcc,0x2d,0xe7,0x65,0x0d,0x6b,0x40,0x0e,0xcc,0x2e,
    0xe7,0x69,0x0d,0x6c,0x40,0x0e,0xcc,0x2f,0xe7,0x6d,0x0d,0x6d,0x40,0x0e,0xcc,0x30,0xe7,0x71,0x0d,0x6e,
    0x40,0x0e,0xcc,0x31,0xe7,0x75,0x0d,0x6f,0x40,0x0e,0xcc,0x32,0xe7,0x79,0x0d,0x70,0x40,0x0e,0xcc,0x33,
    0xe7,0x7d,0x0d,0x3d,0x03,0xf8,0x7e,0x3e,0x03,0xfa,0x7e,0x3f,0x03,0xfc,0x7e,0x40,0x03,0xfe,0x7e,0x41,
    0x03,0x00,0x7f,0x42,0x03,0x02,0x7f,0x43,0x03,0x04,0x7f,0x44,0x03,0x06,0x7f,0xc1,0x00,0xff,0xbe,0x0d,
    0x03,0x16,0x02,0x0c,0x00,0x01,0xd5,0x0e,0x07,0xda,0x00,0x00,0x00,0xbd,0xbf,0x29,0x81,0x0d,0xbf,0x2d,
    0x2d,0x2d,0x82,0x80,0x00,0xff,0xbe,0xc0,0x6c,0xfc,0xdb,0x0b,0x00,0x00,0x24,0xc0,0x75,0xfc,0xdb,0x0b,
    0x00,0x00,0x28,0x00,0x7f,0xfc,0xdb,0x0b,0x00,0x00,0x2c,0x00,0x88,0xfc,0xdb,0x0b,0x00,0x00,0x30,0xc1,
    0x00,0xff,0xbe,0x80,0x48,0x7c,0xdb,0x0c,0xa0,0x00,0x00,0x80,0x00,0xff,0xbe,0xd0,0x6c,0xfc,0xdb,0x0b,
    0x00,0x00,0x35,0xd0,0x75,0xfc,0xdb,0x0b,0x00,0x00,0x39,0x10,0x7f,0xfc,0xdb,0x0b,0x00,0x00,0x3d,0x10,
    0x88,0xfc,0xdb,0x0b,0x00,0x00,0x41,0xc1,0x00,0xff,0xbe,0xc0,0x4a,0x7c,0xdb,0x0c,0xa4,0x00,0x00,0x40,
    0x49,0xc0,0xbe,0x80,0x36,0x7c,0xdb,0x02,0x12,0x00,0x00,0x50,0x24,0x7c,0xdb,0x02,0x1e,0x00,0x00,0x01,
    0x00,0xb5,0xbf,0x38,0x9f,0x39,0x86,0x17,0x22,0x97,0x80,0x80,0x38,0xb8,0x98,0x40,0x38,0x40,0x80,0x41,
    0x39,0x41,0x82,0x2d,0x83,0x0d,0xbf,0xc1,0x80,0xea,0x98,0x2d,0x83,0x0d,0xbf,0xc1,0x80,0xb6,0x98,0x80,
    0x00,0xff,0xbe,0x07,0xfc,0x89,0xbf,0x24,0x03,0x9a,0x7e,0x25,0x03,0x9c,0x7e,0x26,0x03,0x9e,0x7e,0x27,
    0x03,0xa0,0x7e,0x28,0x03,0xa2,0x7e,0x29,0x03,0xa4,0x7e,0x2a,0x03,0xa6,0x7e,0x2b,0x03,0xa8,0x7e,0x60,
    0x00,0x0f,0xcc,0x24,0x7b,0x02,0x18,0x61,0x00,0x0f,0xcc,0x25,0x7d,0x02,0x18,0x62,0x00,0x0f,0xcc,0x26,
    0x7f,0x02,0x18,0x63,0x00,0x0f,0xcc,0x27,0x81,0x02,0x18,0x64,0x00,0x0f,0xcc,0x28,0x83,0x02,0x18,0x65,
    0x00,0x0f,0xcc,0x29,0x85,0x02,0x18,0x66,0x00,0x0f,0xcc,0x2a,0x87,0x02,0x18,0x67,0x00,0x0f,0xcc,0x2b,
    0x89,0x02,0x18,0x60,0x00,0x10,0xcc,0x60,0xe1,0x01,0x08,0x61,0x00,0x10,0xcc,0x61,0xe1,0x01,0x08,0x62,
    0x00,0x10,0xcc,0x62,0xe1,0x01,0x08,0x63,0x00,0x10,0xcc,0x63,0xe1,0x01,0x08,0x64,0x00,0x10,0xcc,0x64,
    0xe1,0x01,0x08,0x65,0x00,0x10,0xcc,0x65,0xe1,0x01,0x08,0x66,0x00,0x10,0xcc,0x66,0xe1,0x01,0x08,0x67,
    0x00,0x10,0xcc,0x67,0xe1,0x01,0x08,0x60,0x40,0x0e,0xcc,0x2c,0xe1,0x81,0x0d,0x61,0x40,0x0e,0xcc,0x2d,
    0xe1,0x85,0x0d,0x62,0x40,0x0e,0xcc,0x2e,0xe1,0x89,0x0d,0x63,0x40,0x0e,0xcc,0x2f,0xe1,0x8d,0x0d,0x64,
    0x40,0x0e,0xcc,0x30,0xe1,0x91,0x0d,0x65,0x40,0x0e,0xcc,0x31,0xe1,0x95,0x0d,0x66,0x40,0x0e,0xcc,0x32,
    0xe1,0x99,0x0d,0x67,0x40,0x0e,0xcc,0x33,0xe1,0x9d,0x0d,0x71,0x40,0x0e,0xcc,0x2c,0xe7,0x81,0x0d,0x72,
    0x40,0x0e,0xcc,0x2d,0xe7,0x85,0x0d,0x73,0x40,0x0e,0xcc,0x2e,0xe7,0x89,0x0d,0x74,0x40,0x0e,0xcc,0x2f,
    0xe7,0x8d,0x0d,0x75,0x40,0x0e,0xcc,0x30,0xe7,0x91,0x0d,0x76,0x40,0x0e,0xcc,0x31,0xe7,0x95,0x0d,0x77,
    0x40,0x0e,0xcc,0x32,0xe7,0x99,0x0d,0x78,0x40,0x0e,0xcc,0x33,0xe7,0x9d,0x0d,0x3d,0x03,0x08,0x7f,0x3e,
    0x03,0x0a,0x7f,0x3f,0x03,0x0c,0x7f,0x40,0x03,0x0e,0x7f,0x41,0x03,0x10,0x7f,0x42,0x03,0x12,0x7f,0x43,
    0x03,0x14,0x7f,0x44,0x03,0x16,0x7f,0xc1,0x00,0xff,0xbe,0x0d,0x05,0x16,0x02,0x0c,0x00,0x01,0xd5,0x0e,
    0x07,0xda,0x00,0x00,0x00,0xbd,0xbf,0x29,0x80,0x0d,0xbf,0x80,0x23,0x23,0x98,0x81,0x22,0x22,0x98,0x29,
    0x90,0x27,0x85,0x00,0x91,0xfc,0xdb,0x05,0x00,0x00,0x07,0x00,0x99,0xd8,0xd8,0x06,0x00,0x00,0x04,0x29,
    0x81,0x0d,0xbf,0x31,0x35,0x3b,0x98,0x10,0x12,0xa4,0x98,0x27,0x3b,0x38,0x96,0x27,0x3b,0xb9,0x96,0x27,
    0x81,0x0f,0x80,0x16,0x0f,0x8f,0x80,0x80,0x23,0x27,0x98,0x24,0x38,0x24,0x80,0x25,0x39,0x25,0x82,0x80,
    0x00,0xff,0xbe,0x80,0x48,0xfc,0xdb,0x0b,0x00,0x00,0x24,0x80,0x51,0xfc,0xdb,0x0b,0x00,0x00,0x28,0xc0,
    0x5a,0xfc,0xdb,0x0b,0x00,0x00,0x2c,0xc0,0x63,0xfc,0xdb,0x0b,0x00,0x00,0x30,0xc1,0x00,0xff,0xbe,0xc0,
    0x6c,0x7c,0xdb,0x0c,0xa0,0x00,0x00,0x80,0x00,0xff,0xbe,0x90,0x48,0xfc,0xdb,0x0b,0x00,0x00,0x35,0x90,
    0x51,0xfc,0xdb,0x0b,0x00,0x00,0x39,0xd0,0x5a,0xfc,0xdb,0x0b,0x00,0x00,0x3d,0xd0,0x63,0xfc,0xdb,0x0b,
    0x00,0x00,0x41,0xc1,0x00,0xff,0xbe,0x00,0x6f,0x7c,0xdb,0x0c,0xa4,0x00,0x00,0xa7,0xfc,0x89,0xbf,0x40,
    0x49,0xc0,0xbe,0x40,0x12,0x7c,0xdb,0x01,0x12,0x00,0x00,0x10,0x00,0x7c,0xdb,0x01,0x1e,0x00,0x00,0x01,
    0x00,0xb5,0xbf,0x38,0x9f,0x39,0x86,0x40,0x38,0x40,0x80,0x41,0x39,0x41,0x82,0x2d,0x83,0x0d,0xbf,0xc1,
    0x80,0xea,0x98,0x2d,0x82,0x0d,0xbf,0xc1,0x80,0xb6,0x98,0x80,0x00,0xff,0xbe,0x07,0xfc,0x89,0xbf,0x00,
    0x00,0xbd,0xbf,0x04,0x05,0x52,0x7e,0x24,0x02,0x0f,0xcc,0x24,0x6b,0x02,0x58,0x25,0x02,0x0f,0xcc,0x25,
    0x6d,0x02,0x58,0x26,0x02,0x0f,0xcc,0x26,0x6f,0x02,0x58,0x27,0x02,0x0f,0xcc,0x27,0x71,0x02,0x58,0x28,
    0x02,0x0f,0xcc,0x28,0x73,0x02,0x58,0x29,0x02,0x0f,0xcc,0x29,0x75,0x02,0x58,0x2a,0x02,0x0f,0xcc,0x2a,
    0x77,0x02,0x58,0x2b,0x02,0x0f,0xcc,0x2b,0x79,0x02,0x58,0x3d,0x02,0x0f,0xcc,0x3d,0x59,0x02,0x58,0x3e,
    0x02,0x0f,0xcc,0x3e,0x5b,0x02,0x58,0x3f,0x02,0x0f,0xcc,0x3f,0x5d,0x02,0x58,0x40,0x02,0x0f,0xcc,0x40,
    0x5f,0x02,0x58,0x41,0x02,0x0f,0xcc,0x41,0x61,0x02,0x58,0x42,0x02,0x0f,0xcc,0x42,0x63,0x02,0x58,0x43,
    0x02,0x0f,0xcc,0x43,0x65,0x02,0x58,0x44,0x02,0x0f,0xcc,0x44,0x67,0x02,0x58,0x12,0x00,0x42,0xcc,0x45,
    0x49,0x02,0x1a,0x12,0x60,0x42,0xcc,0x4d,0x49,0x02,0x1a,0x1e,0x00,0x42,0xcc,0x7c,0x7b,0x02,0x1a,0x1e,
    0x60,0x42,0xcc,0x84,0x7b,0x02,0x1a,0x24,0x00,0x0f,0xcc,0x2c,0x6b,0x02,0x18,0x25,0x00,0x0f,0xcc,0x2d,
    0x6d,0x02,0x18,0x26,0x00,0x0f,0xcc,0x2e,0x6f,0x02,0x18,0x27,0x00,0x0f,0xcc,0x2f,0x71,0x02,0x18,0x28,
    0x00,0x0f,0xcc,0x30,0x73,0x02,0x18,0x29,0x00,0x0f,0xcc,0x31,0x75,0x02,0x18,0x2a,0x00,0x0f,0xcc,0x32,
    0x77,0x02,0x18,0x2b,0x00,0x0f,0xcc,0x33,0x79,0x02,0x18,0x3d,0x02,0x0f,0xcc,0x35,0x59,0x02,0x58,0x3e,
    0x02,0x0f,0xcc,0x36,0x5b,0x02,0x58,0x3f,0x02,0x0f,0xcc,0x37,0x5d,0x02,0x58,0x40,0x02,0x0f,0xcc,0x38,
    0x5f,0x02,0x58,0x41,0x02,0x0f,0xcc,0x39,0x61,0x02,0x58,0x42,0x02,0x0f,0xcc,0x3a,0x63,0x02,0x58,0x43,
    0x02,0x0f,0xcc,0x3b,0x65,0x02,0x58,0x44,0x02,0x0f,0xcc,0x3c,0x67,0x02,0x58,0x16,0x00,0x42,0xcc,0x58,
    0x49,0x02,0x1a,0xc1,0x00,0xff,0xbe,0x16,0x60,0x42,0xcc,0x60,0x49,0x02,0x1a,0x1a,0x00,0x42,0xcc,0x69,
    0x7b,0x02,0x1a,0x1a,0x60,0x42,0xcc,0x71,0x7b,0x02,0x1a,0x12,0x00,0x0f,0xcc,0x12,0x2d,0x02,0x18,0x13,
    0x00,0x0f,0xcc,0x13,0x2f,0x02,0x18,0x14,0x00,0x0f,0xcc,0x14,0x31,0x02,0x18,0x15,0x00,0x0f,0xcc,0x15,
    0x33,0x02,0x18,0x1e,0x00,0x0f,0xcc,0x16,0x3d,0x02,0x18,0x1f,0x00,0x0f,0xcc,0x17,0x3f,0x02,0x18,0x20,
    0x00,0x0f,0xcc,0x18,0x41,0x02,0x18,0x21,0x00,0x0f,0xcc,0x19,0x43,0x02,0x18,0x12,0x00,0x0f,0xcc,0x12,
    0x35,0x02,0x18,0x13,0x00,0x0f,0xcc,0x13,0x37,0x02,0x18,0x14,0x00,0x0f,0xcc,0x14,0x39,0x02,0x18,0x15,
    0x00,0x0f,0xcc,0x15,0x3b,0x02,0x18,0x1e,0x02,0x0f,0xcc,0x1e,0x35,0x02,0x58,0x1f,0x02,0x0f,0xcc,0x1f,
    0x37,0x02,0x58,0x20,0x02,0x0f,0xcc,0x20,0x39,0x02,0x58,0x21,0x02,0x0f,0xcc,0x21,0x3b,0x02,0x58,0x0d,
    0x03,0x16,0x02,0x0c,0x00,0x01,0xd5,0x0e,0x07,0xda,0x00,0x29,0x81,0x0d,0xbf,0x2d,0x2d,0x2d,0x82,0x80,
    0x00,0xff,0xbe,0xc0,0x6c,0xfc,0xdb,0x0b,0x00,0x00,0x24,0xc0,0x75,0xfc,0xdb,0x0b,0x00,0x00,0x28,0x00,
    0x7f,0xfc,0xdb,0x0b,0x00,0x00,0x2c,0x00,0x88,0xfc,0xdb,0x0b,0x00,0x00,0x30,0xc1,0x00,0xff,0xbe,0x80,
    0x48,0x7c,0xdb,0x0c,0xa0,0x00,0x00,0x80,0x00,0xff,0xbe,0xd0,0x6c,0xfc,0xdb,0x0b,0x00,0x00,0x35,0xd0,
    0x75,0xfc,0xdb,0x0b,0x00,0x00,0x39,0x10,0x7f,0xfc,0xdb,0x0b,0x00,0x00,0x3d,0x10,0x88,0xfc,0xdb,0x0b,
    0x00,0x00,0x41,0xc1,0x00,0xff,0xbe,0xc0,0x4a,0x7c,0xdb,0x0c,0xa4,0x00,0x00,0x40,0x49,0xc0,0xbe,0x80,
    0x36,0x7c,0xdb,0x02,0x12,0x00,0x00,0x50,0x24,0x7c,0xdb,0x02,0x1e,0x00,0x00,0x01,0x00,0xb5,0xbf,0x38,
    0x9f,0x39,0x86,0x17,0x22,0x97,0x80,0x80,0x38,0xb8,0x98,0x40,0x38,0x40,0x80,0x41,0x39,0x41,0x82,0x2d,
    0x83,0x0d,0xbf,0xc1,0x80,0xea,0x98,0x2d,0x83,0x0d,0xbf,0xc1,0x80,0xb6,0x98,0x80,0x00,0xff,0xbe,0x07,
    0xfc,0x89,0xbf,0x00,0x00,0xbd,0xbf,0x24,0x02,0x0f,0xcc,0x24,0x6b,0x02,0x58,0x25,0x02,0x0f,0xcc,0x25,
    0x6d,0x02,0x58,0x26,0x02,0x0f,0xcc,0x26,0x6f,0x02,0x58,0x27,0x02,0x0f,0xcc,0x27,0x71,0x02,0x58,0x28,
    0x02,0x0f,0xcc,0x28,0x73,0x02,0x58,0x29,0x02,0x0f,0xcc,0x29,0x75,0x02,0x58,0x2a,0x02,0x0f,0xcc,0x2a,
    0x77,0x02,0x58,0x2b,0x02,0x0f,0xcc,0x2b,0x79,0x02,0x58,0x3d,0x02,0x0f,0xcc,0x3d,0x59,0x02,0x58,0x3e,
    0x02,0x0f,0xcc,0x3e,0x5b,0x02,0x58,0x3f,0x02,0x0f,0xcc,0x3f,0x5d,0x02,0x58,0x40,0x02,0x0f,0xcc,0x40,
    0x5f,0x02,0x58,0x41,0x02,0x0f,0xcc,0x41,0x61,0x02,0x58,0x42,0x02,0x0f,0xcc,0x42,0x63,0x02,0x58,0x43,
    0x02,0x0f,0xcc,0x43,0x65,0x02,0x58,0x44,0x02,0x0f,0xcc,0x44,0x67,0x02,0x58,0x12,0x00,0x42,0xcc,0x45,
    0x49,0x02,0x1a,0x12,0x60,0x42,0xcc,0x4d,0x49,0x02,0x1a,0x1e,0x00,0x42,0xcc,0x7c,0x7b,0x02,0x1a,0x1e,
    0x60,0x42,0xcc,0x84,0x7b,0x02,0x1a,0x24,0x00,0x0f,0xcc,0x2c,0x6b,0x02,0x18,0x25,0x00,0x0f,0xcc,0x2d,
    0x6d,0x02,0x18,0x26,0x00,0x0f,0xcc,0x2e,0x6f,0x02,0x18,0x27,0x00,0x0f,0xcc,0x2f,0x71,0x02,0x18,0x28,
    0x00,0x0f,0xcc,0x30,0x73,0x02,0x18,0x29,0x00,0x0f,0xcc,0x31,0x75,0x02,0x18,0x2a,0x00,0x0f,0xcc,0x32,
    0x77,0x02,0x18,0x2b,0x00,0x0f,0xcc,0x33,0x79,0x02,0x18,0x3d,0x02,0x0f,0xcc,0x35,0x59,0x02,0x58,0x3e,
    0x02,0x0f,0xcc,0x36,0x5b,0x02,0x58,0x3f,0x02,0x0f,0xcc,0x37,0x5d,0x02,0x58,0x40,0x02,0x0f,0xcc,0x38,
    0x5f,0x02,0x58,0x41,0x02,0x0f,0xcc,0x39,0x61,0x02,0x58,0x42,0x02,0x0f,0xcc,0x3a,0x63,0x02,0x58,0x43,
    0x02,0x0f,0xcc,0x3b,0x65,0x02,0x58,0x44,0x02,0x0f,0xcc,0x3c,0x67,0x02,0x58,0x16,0x00,0x42,0xcc,0x58,
    0x49,0x02,0x1a,0xc1,0x00,0xff,0xbe,0x16,0x60,0x42,0xcc,0x60,0x49,0x02,0x1a,0x1a,0x00,0x42,0xcc,0x69,
    0x7b,0x02,0x1a,0x1a,0x60,0x42,0xcc,0x71,0x7b,0x02,0x1a,0x12,0x00,0x0f,0xcc,0x12,0x2d,0x02,0x18,0x13,
    0x00,0x0f,0xcc,0x13,0x2f,0x02,0x18,0x14,0x00,0x0f,0xcc,0x14,0x31,0x02,0x18,0x15,0x00,0x0f,0xcc,0x15,
    0x33,0x02,0x18,0x1e,0x00,0x0f,0xcc,0x16,0x3d,0x02,0x18,0x1f,0x00,0x0f,0xcc,0x17,0x3f,0x02,0x18,0x20,
    0x00,0x0f,0xcc,0x18,0x41,0x02,0x18,0x21,0x00,0x0f,0xcc,0x19,0x43,0x02,0x18,0x12,0x00,0x0f,0xcc,0x12,
    0x35,0x02,0x18,0x13,0x00,0x0f,0xcc,0x13,0x37,0x02,0x18,0x14,0x00,0x0f,0xcc,0x14,0x39,0x02,0x18,0x15,
    0x00,0x0f,0xcc,0x15,0x3b,0x02,0x18,0x1e,0x02,0x0f,0xcc,0x1e,0x35,0x02,0x58,0x1f,0x02,0x0f,0xcc,0x1f,
    0x37,0x02,0x58,0x20,0x02,0x0f,0xcc,0x20,0x39,0x02,0x58,0x21,0x02,0x0f,0xcc,0x21,0x3b,0x02,0x58,0x0d,
    0x05,0x16,0x02,0x0c,0x00,0x01,0xd5,0x0e,0x07,0xda,0x00,0x29,0x80,0x0d,0xbf,0x80,0x23,0x23,0x98,0x81,
    0x22,0x22,0x98,0x29,0x90,0x27,0x85,0x00,0x91,0xfc,0xdb,0x05,0x00,0x00,0x07,0x00,0x99,0xd8,0xd8,0x06,
    0x00,0x00,0x04,0x29,0x81,0x0d,0xbf,0x31,0x35,0x3b,0x98,0x10,0x12,0xa4,0x98,0x27,0x3b,0x38,0x96,0x27,
    0x3b,0xb9,0x96,0x27,0x81,0x0f,0x80,0x16,0x0f,0x8f,0x80,0x80,0x23,0x27,0x98,0x24,0x38,0x24,0x80,0x25,
    0x39,0x25,0x82,0x80,0x00,0xff,0xbe,0x80,0x48,0xfc,0xdb,0x0b,0x00,0x00,0x24,0x80,0x51,0xfc,0xdb,0x0b,
    0x00,0x00,0x28,0xc0,0x5a,0xfc,0xdb,0x0b,0x00,0x00,0x2c,0xc0,0x63,0xfc,0xdb,0x0b,0x00,0x00,0x30,0xc1,
    0x00,0xff,0xbe,0xc0,0x6c,0x7c,0xdb,0x0c,0xa0,0x00,0x00,0x80,0x00,0xff,0xbe,0x90,0x48,0xfc,0xdb,0x0b,
    0x00,0x00,0x35,0x90,0x51,0xfc,0xdb,0x0b,0x00,0x00,0x39,0xd0,0x5a,0xfc,0xdb,0x0b,0x00,0x00,0x3d,0xd0,
    0x63,0xfc,0xdb,0x0b,0x00,0x00,0x41,0xc1,0x00,0xff,0xbe,0x00,0x6f,0x7c,0xdb,0x0c,0xa4,0x00,0x00,0xa7,
    0xfc,0x89,0xbf,0x40,0x49,0xc0,0xbe,0x40,0x12,0x7c,0xdb,0x01,0x12,0x00,0x00,0x10,0x00,0x7c,0xdb,0x01,
    0x1e,0x00,0x00,0x01,0x00,0xb5,0xbf,0x38,0x9f,0x39,0x86,0x40,0x38,0x40,0x80,0x41,0x39,0x41,0x82,0x2d,
    0x83,0x0d,0xbf,0xc1,0x80,0xea,0x98,0x2d,0x82,0x0d,0xbf,0xc1,0x80,0xb6,0x98,0x80,0x00,0xff,0xbe,0x07,
    0xfc,0x89,0xbf,0x04,0x05,0x52,0x7e,0x24,0x02,0x0f,0xcc,0x24,0x6b,0x02,0x58,0x25,0x02,0x0f,0xcc,0x25,
    0x6d,0x02,0x58,0x26,0x02,0x0f,0xcc,0x26,0x6f,0x02,0x58,0x27,0x02,0x0f,0xcc,0x27,0x71,0x02,0x58,0x28,
    0x02,0x0f,0xcc,0x28,0x73,0x02,0x58,0x29,0x02,0x0f,0xcc,0x29,0x75,0x02,0x58,0x2a,0x02,0x0f,0xcc,0x2a,
    0x77,0x02,0x58,0x2b,0x02,0x0f,0xcc,0x2b,0x79,0x02,0x58,0x3d,0x02,0x0f,0xcc,0x3d,0x59,0x02,0x58,0x3e,
    0x02,0x0f,0xcc,0x3e,0x5b,0x02,0x58,0x3f,0x02,0x0f,0xcc,0x3f,0x5d,0x02,0x58,0x40,0x02,0x0f,0xcc,0x40,
    0x5f,0x02,0x58,0x41,0x02,0x0f,0xcc,0x41,0x61,0x02,0x58,0x42,0x02,0x0f,0xcc,0x42,0x63,0x02,0x58,0x43,
    0x02,0x0f,0xcc,0x43,0x65,0x02,0x58,0x44,0x02,0x0f,0xcc,0x44,0x67,0x02,0x58,0x12,0x00,0x42,0xcc,0x45,
    0x49,0x02,0x1a,0x12,0x60,0x42,0xcc,0x4d,0x49,0x02,0x1a,0x1e,0x00,0x42,0xcc,0x7c,0x7b,0x02,0x1a,0x1e,
    0x60,0x42,0xcc,0x84,0x7b,0x02,0x1a,0x24,0x00,0x0f,0xcc,0x2c,0x6b,0x02,0x18,0x25,0x00,0x0f,0xcc,0x2d,
    0x6d,0x02,0x18,0x26,0x00,0x0f,0xcc,0x2e,0x6f,0x02,0x18,0x27,0x00,0x0f,0xcc,0x2f,0x71,0x02,0x18,0x28,
    0x00,0x0f,0xcc,0x30,0x73,0x02,0x18,0x29,0x00,0x0f,0xcc,0x31,0x75,0x02,0x18,0x2a,0x00,0x0f,0xcc,0x32,
    0x77,0x02,0x18,0x2b,0x00,0x0f,0xcc,0x33,0x79,0x02,0x18,0x3d,0x02,0x0f,0xcc,0x35,0x59,0x02,0x58,0x3e,
    0x02,0x0f,0xcc,0x36,0x5b,0x02,0x58,0x3f,0x02,0x0f,0xcc,0x37,0x5d,0x02,0x58,0x40,0x02,0x0f,0xcc,0x38,
    0x5f,0x02,0x58,0x41,0x02,0x0f,0xcc,0x39,0x61,0x02,0x58,0x42,0x02,0x0f,0xcc,0x3a,0x63,0x02,0x58,0x43,
    0x02,0x0f,0xcc,0x3b,0x65,0x02,0x58,0x44,0x02,0x0f,0xcc,0x3c,0x67,0x02,0x58,0x16,0x00,0x42,0xcc,0x58,
    0x49,0x02,0x1a,0xc1,0x00,0xff,0xbe,0x16,0x60,0x42,0xcc,0x60,0x49,0x02,0x1a,0x1a,0x00,0x42,0xcc,0x69,
    0x7b,0x02,0x1a,0x1a,0x60,0x42,0xcc,0x71,0x7b,0x02,0x1a,0x12,0x00,0x0f,0xcc,0x12,0x2d,0x02,0x18,0x13,
    0x00,0x0f,0xcc,0x13,0x2f,0x02,0x18,0x14,0x00,0x0f,0xcc,0x14,0x31,0x02,0x18,0x15,0x00,0x0f,0xcc,0x15,
    0x33,0x02,0x18,0x1e,0x00,0x0f,0xcc,0x16,0x3d,0x02,0x18,0x1f,0x00,0x0f,0xcc,0x17,0x3f,0x02,0x18,0x20,
    0x00,0x0f,0xcc,0x18,0x41,0x02,0x18,0x21,0x00,0x0f,0xcc,0x19,0x43,0x02,0x18,0x12,0x00,0x0f,0xcc,0x12,
    0x35,0x02,0x18,0x13,0x00,0x0f,0xcc,0x13,0x37,0x02,0x18,0x14,0x00,0x0f,0xcc,0x14,0x39,0x02,0x18,0x15,
    0x00,0x0f,0xcc,0x15,0x3b,0x02,0x18,0x1e,0x02,0x0f,0xcc,0x1e,0x35,0x02,0x58,0x1f,0x02,0x0f,0xcc,0x1f,
    0x37,0x02,0x58,0x20,0x02,0x0f,0xcc,0x20,0x39,0x02,0x58,0x21,0x02,0x0f,0xcc,0x21,0x3b,0x02,0x58,0x0d,
    0x03,0x16,0x02,0x0c,0x00,0x01,0xd5,0x0e,0x07,0xda,0x00,0x00,0x00,0xbd,0xbf,0x29,0x81,0x0d,0xbf,0x2d,
    0x2d,0x2d,0x82,0x80,0x00,0xff,0xbe,0xc0,0x6c,0xfc,0xdb,0x0b,0x00,0x00,0x24,0xc0,0x75,0xfc,0xdb,0x0b,
    0x00,0x00,0x28,0x00,0x7f,0xfc,0xdb,0x0b,0x00,0x00,0x2c,0x00,0x88,0xfc,0xdb,0x0b,0x00,0x00,0x30,0xc1,
    0x00,0xff,0xbe,0x80,0x48,0x7c,0xdb,0x0c,0xa0,0x00,0x00,0x80,0x00,0xff,0xbe,0xd0,0x6c,0xfc,0xdb,0x0b,
    0x00,0x00,0x35,0xd0,0x75,0xfc,0xdb,0x0b,0x00,0x00,0x39,0x10,0x7f,0xfc,0xdb,0x0b,0x00,0x00,0x3d,0x10,
    0x88,0xfc,0xdb,0x0b,0x00,0x00,0x41,0xc1,0x00,0xff,0xbe,0xc0,0x4a,0x7c,0xdb,0x0c,0xa4,0x00,0x00,0x40,
    0x49,0xc0,0xbe,0x80,0x36,0x7c,0xdb,0x02,0x12,0x00,0x00,0x50,0x24,0x7c,0xdb,0x02,0x1e,0x00,0x00,0x01,
    0x00,0xb5,0xbf,0x38,0x9f,0x39,0x86,0x17,0x22,0x97,0x80,0x80,0x38,0xb8,0x98,0x40,0x38,0x40,0x80,0x41,
    0x39,0x41,0x82,0x2d,0x83,0x0d,0xbf,0xc1,0x80,0xea,0x98,0x2d,0x83,0x0d,0xbf,0xc1,0x80,0xb6,0x98,0x80,
    0x00,0xff,0xbe,0x07,0xfc,0x89,0xbf,0x24,0x02,0x0f,0xcc,0x24,0x6b,0x02,0x58,0x25,0x02,0x0f,0xcc,0x25,
    0x6d,0x02,0x58,0x26,0x02,0x0f,0xcc,0x26,0x6f,0x02,0x58,0x27,0x02,0x0f,0xcc,0x27,0x71,0x02,0x58,0x28,
    0x02,0x0f,0xcc,0x28,0x73,0x02,0x58,0x29,0x02,0x0f,0xcc,0x29,0x75,0x02,0x58,0x2a,0x02,0x0f,0xcc,0x2a,
    0x77,0x02,0x58,0x2b,0x02,0x0f,0xcc,0x2b,0x79,0x02,0x58,0x3d,0x02,0x0f,0xcc,0x3d,0x59,0x02,0x58,0x3e,
    0x02,0x0f,0xcc,0x3e,0x5b,0x02,0x58,0x3f,0x02,0x0f,0xcc,0x3f,0x5d,0x02,0x58,0x40,0x02,0x0f,0xcc,0x40,
    0x5f,0x02,0x58,0x41,0x02,0x0f,0xcc,0x41,0x61,0x02,0x58,0x42,0x02,0x0f,0xcc,0x42,0x63,0x02,0x58,0x43,
    0x02,0x0f,0xcc,0x43,0x65,0x02,0x58,0x44,0x02,0x0f,0xcc,0x44,0x67,0x02,0x58,0x12,0x00,0x42,0xcc,0x45,
    0x49,0x02,0x1a,0x12,0x60,0x42,0xcc,0x4d,0x49,0x02,0x1a,0x1e,0x00,0x42,0xcc,0x7c,0x7b,0x02,0x1a,0x1e,
    0x60,0x42,0xcc,0x84,0x7b,0x02,0x1a,0x24,0x00,0x0f,0xcc,0x2c,0x6b,0x02,0x18,0x25,0x00,0x0f,0xcc,0x2d,
    0x6d,0x02,0x18,0x26,0x00,0x0f,0xcc,0x2e,0x6f,0x02,0x18,0x27,0x00,0x0f,0xcc,0x2f,0x71,0x02,0x18,0x28,
    0x00,0x0f,0xcc,0x30,0x73,0x02,0x18,0x29,0x00,0x0f,0xcc,0x31,0x75,0x02,0x18,0x2a,0x00,0x0f,0xcc,0x32,
    0x77,0x02,0x18,0x2b,0x00,0x0f,0xcc,0x33,0x79,0x02,0x18,0x3d,0x02,0x0f,0xcc,0x35,0x59,0x02,0x58,0x3e,
    0x02,0x0f,0xcc,0x36,0x5b,0x02,0x58,0x3f,0x02,0x0f,0xcc,0x37,0x5d,0x02,0x58,0x40,0x02,0x0f,0xcc,0x38,
    0x5f,0x02,0x58,0x41,0x02,0x0f,0xcc,0x39,0x61,0x02,0x58,0x42,0x02,0x0f,0xcc,0x3a,0x63,0x02,0x58,0x43,
    0x02,0x0f,0xcc,0x3b,0x65,0x02,0x58,0x44,0x02,0x0f,0xcc,0x3c,0x67,0x02,0x58,0x16,0x00,0x42,0xcc,0x58,
    0x49,0x02,0x1a,0xc1,0x00,0xff,0xbe,0x16,0x60,0x42,0xcc,0x60,0x49,0x02,0x1a,0x1a,0x00,0x42,0xcc,0x69,
    0x7b,0x02,0x1a,0x1a,0x60,0x42,0xcc,0x71,0x7b,0x02,0x1a,0x12,0x00,0x0f,0xcc,0x12,0x2d,0x02,0x18,0x13,
    0x00,0x0f,0xcc,0x13,0x2f,0x02,0x18,0x14,0x00,0x0f,0xcc,0x14,0x31,0x02,0x18,0x15,0x00,0x0f,0xcc,0x15,
    0x33,0x02,0x18,0x1e,0x00,0x0f,0xcc,0x16,0x3d,0x02,0x18,0x1f,0x00,0x0f,0xcc,0x17,0x3f,0x02,0x18,0x20,
    0x00,0x0f,0xcc,0x18,0x41,0x02,0x18,0x21,0x00,0x0f,0xcc,0x19,0x43,0x02,0x18,0x12,0x00,0x0f,0xcc,0x12,
    0x35,0x02,0x18,0x13,0x00,0x0f,0xcc,0x13,0x37,0x02,0x18,0x14,0x00,0x0f,0xcc,0x14,0x39,0x02,0x18,0x15,
    0x00,0x0f,0xcc,0x15,0x3b,0x02,0x18,0x1e,0x02,0x0f,0xcc,0x1e,0x35,0x02,0x58,0x1f,0x02,0x0f,0xcc,0x1f,
    0x37,0x02,0x58,0x20,0x02,0x0f,0xcc,0x20,0x39,0x02,0x58,0x21,0x02,0x0f,0xcc,0x21,0x3b,0x02,0x58,0x0d,
    0x05,0x16,0x02,0x0c,0x00,0x01,0xd5,0x0e,0x07,0xda,0x00,0x00,0x00,0xbd,0xbf,0x29,0x80,0x0d,0xbf,0x80,
    0x23,0x23,0x98,0x81,0x22,0x22,0x98,0x29,0x90,0x27,0x85,0x00,0x91,0xfc,0xdb,0x05,0x00,0x00,0x07,0x00,
    0x99,0xd8,0xd8,0x06,0x00,0x00,0x04,0x29,0x81,0x0d,0xbf,0x31,0x35,0x3b,0x98,0x10,0x12,0xa4,0x98,0x27,
    0x3b,0x38,0x96,0x27,0x3b,0xb9,0x96,0x27,0x81,0x0f,0x80,0x16,0x0f,0x8f,0x80,0x80,0x23,0x27,0x98,0x24,
    0x38,0x24,0x80,0x25,0x39,0x25,0x82,0x80,0x00,0xff,0xbe,0x80,0x48,0xfc,0xdb,0x0b,0x00,0x00,0x24,0x80,
    0x51,0xfc,0xdb,0x0b,0x00,0x00,0x28,0xc0,0x5a,0xfc,0xdb,0x0b,0x00,0x00,0x2c,0xc0,0x63,0xfc,0xdb,0x0b,
    0x00,0x00,0x30,0xc1,0x00,0xff,0xbe,0xc0,0x6c,0x7c,0xdb,0x0c,0xa0,0x00,0x00,0x80,0x00,0xff,0xbe,0x90,
    0x48,0xfc,0xdb,0x0b,0x00,0x00,0x35,0x90,0x51,0xfc,0xdb,0x0b,0x00,0x00,0x39,0xd0,0x5a,0xfc,0xdb,0x0b,
    0x00,0x00,0x3d,0xd0,0x63,0xfc,0xdb,0x0b,0x00,0x00,0x41,0xc1,0x00,0xff,0xbe,0x00,0x6f,0x7c,0xdb,0x0c,
    0xa4,0x00,0x00,0xa7,0xfc,0x89,0xbf,0x40,0x49,0xc0,0xbe,0x13,0x00,0x10,0xd6,0x00,0x0d,0x05,0x02,0xbf,
    0x00,0x1c,0x36,0x6a,0x00,0x4a,0xd4,0x13,0x03,0x01,0x00,0x15,0x00,0x01,0xd5,0x80,0xfe,0xa9,0x01,0x00,
    0x08,0x00,0x00,0x13,0x00,0x01,0xd5,0x80,0xfe,0xa9,0x01,0x00,0x04,0x00,0x00,0x14,0x00,0x01,0xd5,0x80,
    0xfe,0xa9,0x01,0x00,0x01,0x00,0x00,0x0c,0x00,0x46,0xd6,0x0e,0x07,0x55,0x04,0x0f,0x00,0x46,0xd6,0x0e,
    0x05,0x51,0x04,0x10,0x00,0x46,0xd6,0x0e,0x05,0x01,0x02,0x0e,0x00,0x46,0xd6,0x0e,0x09,0x4d,0x04,0x1e,
    0x80,0x10,0xbf,0x80,0xff,0x53,0x98,0x00,0x40,0x01,0x11,0x1f,0xff,0x1f,0x8b,0xff,0xff,0x00,0x00,0x1f,
    0xff,0x1f,0x80,0x00,0x00,0x02,0x00,0x1e,0x01,0xd0,0xbe,0xff,0x00,0xd2,0xbe,0x00,0x00,0x00,0x80,0x13,
    0x00,0x1b,0xd5,0x00,0x7f,0x01,0x00,0x81,0x26,0x26,0x30,0x6a,0x00,0x49,0xd4,0x13,0x19,0x00,0x00,0x14,
    0x00,0x25,0xd5,0x13,0x03,0x01,0x00,0xff,0x26,0x26,0x02,0x00,0x00,0x00,0x80,0x6a,0x00,0x49,0xd4,0x14,
    0x19,0x00,0x00,0xff,0x28,0x28,0x02,0x00,0x00,0x00,0x80,0x00,0x00,0x80,0xe0,0x13,0x15,0x94,0x80,0x00,
    0x00,0x8c,0xe0,0x14,0x15,0x94,0x80,0xf7,0x03,0x89,0xbf,0x31,0x00,0x60,0xd7,0x15,0x01,0x01,0x00,0x35,
    0x00,0x60,0xd7,0x15,0x03,0x01,0x00,0x36,0x00,0x60,0xd7,0x15,0x05,0x01,0x00,0x37,0x00,0x60,0xd7,0x15,
    0x07,0x01,0x00,0x38,0x00,0x60,0xd7,0x15,0x09,0x01,0x00,0x39,0x00,0x60,0xd7,0x15,0x0b,0x01,0x00,0x3b,
    0x00,0x60,0xd7,0x15,0x0d,0x01,0x00,0x40,0x00,0x60,0xd7,0x15,0x0f,0x01,0x00,0x3a,0xff,0x4e,0x93,0x00,
    0x00,0x08,0x00,0x4e,0x80,0x06,0xbf,0xff,0x02,0xa0,0xbe,0x00,0x3c,0x00,0x3c,0x0f,0x00,0xa2,0xbf,0x4e,
    0x84,0x06,0xbf,0x13,0x00,0xa2,0xbf,0x4e,0x82,0x06,0xbf,0x14,0x00,0xa2,0xbf,0x20,0x14,0x26,0x7e,0x13,
    0x05,0x40,0x7e,0x21,0x14,0x26,0x7e,0x13,0x05,0x42,0x7e,0x6a,0x00,0x04,0xd4,0x20,0xe4,0x01,0x00,0x20,
    0x20,0x20,0x99,0x21,0x21,0x21,0x99,0x4e,0x83,0x06,0xbf,0x0d,0x00,0xa2,0xbf,0x03,0x00,0xa4,0xbf,0xff,
    0x00,0xca,0xbe,0x30,0x42,0x00,0x00,0x0b,0x00,0xa0,0xbf,0xff,0x00,0xca,0xbe,0xd0,0x45,0x00,0x00,0x08,
    0x00,0xa0,0xbf,0xff,0x00,0xca,0xbe,0x70,0x49,0x00,0x00,0x05,0x00,0xa0,0xbf,0xff,0x00,0xca,0xbe,0x90,
    0x4c,0x00,0x00,0x02,0x00,0xa0,0xbf,0xff,0x00,0xca,0xbe,0x70,0x52,0x00,0x00,0x06,0xff,0x4c,0x80,0x5c,
    0x3c,0x00,0x00,0x07,0x80,0x4d,0x82,0xff,0x00,0xc9,0xbe,0x00,0xc0,0x00,0xbc,0xff,0x00,0xa4,0xbe,0x00,
    0x00,0x01,0x00,0xff,0x00,0xa5,0xbe,0x02,0x00,0x03,0x00,0xff,0x00,0xa6,0xbe,0x00,0x00,0x01,0x00,0x00,
    0x05,0x9c,0x7e,0xc0,0x4e,0x7c,0x8b,0xff,0x02,0xc9,0xbe,0x00,0xc0,0x00,0x3c,0xff,0x02,0xa4,0xbe,0x03,
    0x00,0x02,0x00,0x81,0x02,0xa5,0xbe,0x81,0x02,0xa6,0xbe,0x33,0x81,0x43,0x84,0x34,0x81,0x48,0x84,0x0c,
    0x00,0xc2,0xbe,0x15,0xff,0x15,0x8b,0xff,0xff,0x00,0x00,0x15,0xff,0x15,0x80,0x00,0x00,0x02,0x00,0x14,
    0x01,0xc4,0xbe,0xff,0x00,0xc6,0xbe,0x00,0x00,0x00,0x80,0x80,0x00,0xc7,0xbe,0x1c,0x81,0x1f,0x80,0x1f,
    0x81,0x1f,0x85,0x1f,0x81,0x4e,0x84,0x1d,0x81,0x4f,0x80,0x4f,0x81,0x4f,0x85,0x4f,0x82,0x4f,0x87,0x4f,
    0x1f,0x10,0x99,0x0b,0x0a,0x12,0x99,0x4e,0x1a,0x93,0x80,0x4f,0x1b,0x9e,0x80,0x1e,0x13,0x13,0x99,0x1d,
    0x1c,0x17,0x99,0x4f,0x81,0x9e,0x80,0x1e,0x4e,0x22,0x99,0x16,0x00,0x19,0xd5,0x90,0x20,0x00,0x00,0x17,
    0x00,0x12,0xd6,0xff,0x20,0x00,0x02,0xff,0xff,0x00,0x00,0x81,0x00,0x32,0x36,0x1f,0x00,0x10,0xd6,0x00,
    0x0d,0x05,0x02,0xbf,0x00,0x28,0x36,0x1a,0x00,0x59,0xd6,0xff,0x02,0x00,0x02,0x7c,0x00,0x00,0x00,0x1f,
    0x00,0x59,0xd6,0x82,0x0a,0x7c,0x04,0x18,0x00,0x59,0xd6,0x16,0x2f,0x02,0x02,0x80,0x32,0x94,0x7c,0x18,
    0x2f,0x40,0x02,0x15,0x00,0x59,0xd6,0xbe,0x3e,0x52,0x04,0x1a,0x2b,0x2a,0x02,0x20,0x73,0x4c,0x7e,0x26,
    0x41,0x4e,0x30,0xff,0x4e,0x4a,0x36,0x00,0xff,0xff,0xff,0xff,0x4e,0x94,0x7c,0x00,0x00,0x00,0x80,0x25,
    0x0d,0x4a,0x7e,0x25,0x55,0x42,0x7e,0xa0,0x4c,0x44,0x42,0x27,0x23,0x4c,0x7e,0x25,0x00,0x13,0xd6,0x25,
    0x43,0xce,0x03,0x25,0x00,0x13,0xd6,0x26,0x43,0x96,0x04,0x25,0x43,0x4a,0x5a,0x00,0x00,0x00,0x9f,0xff,
    0x4a,0x4a,0x10,0x00,0x00,0x80,0x5f,0x80,0x02,0x4c,0x7e,0x25,0x00,0x8d,0xd5,0x25,0x01,0x00,0x20,0x21,
    0x00,0x46,0xd6,0x21,0x13,0x95,0x04,0x26,0x6a,0xfe,0xd6,0x27,0x43,0x9a,0x04,0x21,0x6a,0x21,0xd5,0x21,
    0x83,0xa9,0x01,0xfa,0x02,0x48,0x7e,0x22,0x55,0x00,0xff,0xfa,0x02,0x44,0x7e,0x22,0x00,0x00,0xff,0xfa,
    0x02,0x46,0x7e,0x21,0x55,0x00,0xff,0xfa,0x02,0x42,0x7e,0x21,0x00,0x00,0xff,0x25,0x00,0x2d,0xd7,0x15,
    0x43,0x02,0x00,0x13,0x6a,0x00,0xd7,0x25,0x2b,0x02,0x00,0x25,0x6a,0x20,0xd5,0x80,0x00,0xa9,0x01,0xa0,
    0x44,0x94,0x7c,0x13,0x4b,0x26,0x02,0x13,0x00,0x16,0xd6,0x25,0x27,0x8a,0x04,0x25,0x00,0x2d,0xd7,0x15,
    0x47,0x02,0x00,0x04,0x6a,0x00,0xd7,0x25,0x2b,0x02,0x00,0x25,0x6a,0x20,0xd5,0x80,0x00,0xa9,0x01,0xa0,
    0x48,0x94,0x7c,0x04,0x4b,0x08,0x02,0x04,0x00,0x16,0xd6,0x25,0x09,0x92,0x04,0x1e,0x00,0x59,0xd6,0x13,
    0x2f,0x02,0x02,0x1d,0x00,0x59,0xd6,0x04,0x2d,0x02,0x02,0x15,0x3d,0x3c,0x4c,0x13,0x3b,0x3a,0x4c,0x50,
    0x00,0x60,0xd7,0x1e,0x03,0x01,0x00,0x1e,0x2f,0x3c,0x4c,0x11,0x00,0x60,0xd7,0x1d,0x03,0x01,0x00,0x1d,
    0x2d,0x3a,0x4c,0x0f,0x00,0x60,0xd7,0x04,0x03,0x01,0x00,0x04,0x00,0x26,0xd5,0x04,0x11,0x00,0x00,0x11,
    0x90,0x11,0x84,0x50,0xff,0x50,0x8b,0xff,0xff,0x00,0x00,0x11,0x50,0x11,0x80,0xfa,0x02,0x3c,0x7e,0x1e,
    0xa0,0x00,0xff,0xfa,0x02,0x3a,0x7e,0x1d,0xa0,0x00,0xff,0xfa,0x02,0x08,0x7e,0x04,0xa0,0x00,0xff,0x1e,
    0x6a,0x00,0xd7,0x1e,0x33,0x02,0x00,0x80,0x2e,0x38,0x02,0x1d,0x6a,0x20,0xd5,0x1d,0x01,0xa9,0x01,0x80,
    0x2c,0x36,0x02,0x04,0x6a,0x20,0xd5,0x04,0x01,0xa9,0x01,0x19,0x00,0x13,0xd5,0x14,0x7f,0x01,0x00,0x1e,
    0x39,0x3c,0x4c,0x1d,0x37,0x3a,0x4c,0x14,0x33,0x94,0x7c,0x90,0x3a,0x02,0x30,0x01,0x00,0x12,0xd6,0xff,
    0x3c,0x06,0x04,0xff,0xff,0x00,0x00,0x28,0x00,0x25,0xd5,0x04,0x11,0x00,0x00,0x19,0x00,0x21,0xd6,0x14,
    0x03,0xf9,0x02,0x02,0x00,0x2c,0xd7,0x28,0x55,0x00,0x00,0x0b,0x00,0x2c,0xd7,0x28,0x65,0x00,0x00,0x0f,
    0x2a,0x16,0x96,0x0f,0x32,0x23,0x96,0xff,0x04,0x04,0x02,0x00,0x00,0x00,0x80,0x14,0x33,0x94,0x7c,0xff,
    0x16,0x16,0x02,0x00,0x00,0x00,0x80,0x28,0x00,0x4e,0xd4,0x28,0x11,0x00,0x00,0x02,0x00,0x01,0xd5,0x02,
    0xff,0xa1,0x00,0x00,0x00,0x00,0x80,0x0b,0x00,0x01,0xd5,0x0b,0xff,0xa1,0x00,0x00,0x00,0x00,0x80,0x19,
    0x81,0x8b,0x80,0x0e,0x81,0x0d,0xbf,0x0b,0x80,0x0b,0x98,0xc1,0x81,0x0a,0x98,0x18,0x81,0x9b,0x80,0x0e,
    0x80,0x0d,0xbf,0x1b,0x80,0x1b,0x98,0xc1,0x81,0x1a,0x98,0x16,0x00,0x10,0xd6,0x00,0x0d,0x05,0x02,0x17,
    0x00,0x10,0xd6,0x00,0x09,0x05,0x02,0x13,0x00,0x10,0xd6,0x00,0x0b,0x05,0x02,0x16,0x00,0x46,0xd6,0x16,
    0x05,0x01,0x02,0x17,0x00,0x46,0xd6,0x17,0x07,0x59,0x04,0x15,0x00,0x10,0xd6,0x00,0x05,0x09,0x02,0x16,
    0x00,0x10,0xd6,0x00,0x07,0x05,0x02,0xfa,0x00,0x28,0x3a,0x00,0x70,0x00,0xff,0x13,0x00,0x46,0xd6,0x13,
    0x03,0x5d,0x04,0x15,0x2d,0x2a,0x3a,0x16,0x00,0x25,0xd5,0x13,0x03,0x01,0x00,0x11,0x00,0x5a,0xd6,0x15,
    0x15,0x2c,0x00,0x17,0x00,0x5a,0xd6,0x14,0x35,0x6c,0x00,0x11,0x00,0x59,0xd6,0x17,0x61,0x44,0x04,0x6a,
    0x00,0x49,0xd4,0x15,0x33,0x00,0x00,0xff,0x22,0x22,0x02,0x00,0x00,0x00,0x80,0x6a,0x00,0x49,0xd4,0x14,
    0x31,0x00,0x00,0xff,0x22,0x22,0x02,0x00,0x00,0x00,0x80,0x12,0x00,0x0b,0xd6,0x16,0x5d,0x44,0x04,0x11,
    0x00,0x0b,0xd6,0x13,0x5d,0x44,0x04,0x6a,0x00,0x49,0xd4,0x16,0x19,0x00,0x00,0xff,0x24,0x24,0x02,0x00,
    0x00,0x00,0x80,0x6a,0x00,0x49,0xd4,0x13,0x19,0x00,0x00,0xff,0x22,0x22,0x02,0x00,0x00,0x00,0x80,0x83,
    0x00,0xa7,0xbe,0x27,0x89,0x2d,0x84,0x2d,0x18,0x1a,0x4a,0x3a,0xff,0x0a,0x93,0x08,0x00,0x08,0x00,0x3a,
    0xff,0x0b,0x93,0x10,0x00,0x08,0x00,0x0b,0x80,0x06,0xbf,0x80,0x02,0x9c,0xbe,0x6c,0x00,0xa2,0xbf,0x0b,
    0xff,0x0b,0x80,0x00,0xff,0xff,0xff,0x3c,0x80,0x3c,0x80,0x3d,0x80,0x3d,0x82,0x0d,0x82,0x1b,0x85,0x1b,
    0xff,0x1b,0x8c,0x00,0x00,0x01,0x21,0x6a,0x00,0x4a,0xd4,0x00,0xff,0x01,0x00,0x00,0x01,0x00,0x00,0x6a,
    0x80,0x10,0xbf,0x80,0x1b,0x1b,0x98,0x80,0xff,0x1a,0x98,0x01,0x01,0x01,0x01,0x80,0x0a,0x8a,0x80,0x3c,
    0x01,0x98,0xbe,0x19,0xff,0x19,0x8b,0xff,0xff,0x00,0x00,0x19,0xff,0x19,0x8c,0x00,0x00,0x04,0x00,0x10,
    0xff,0x1f,0x8b,0xff,0xff,0x00,0x00,0x10,0x90,0x1e,0x85,0x1f,0x81,0x1f,0x85,0x1f,0x1e,0x1d,0x96,0x1d,
    0x08,0x1d,0x96,0x1d,0xbd,0x1d,0x80,0x14,0x00,0x61,0xd7,0xbe,0x00,0x01,0x00,0x14,0x00,0x61,0xd7,0x01,
    0x02,0x01,0x00,0x14,0x00,0x61,0xd7,0x85,0x04,0x01,0x00,0x14,0x73,0x30,0x7e,0x18,0x29,0x32,0x30,0xff,
    0x32,0x34,0x36,0x00,0xff,0xff,0xff,0xff,0x32,0x94,0x7c,0x00,0x00,0x00,0x80,0x1a,0x0d,0x34,0x7e,0x1a,
    0x55,0x2c,0x7e,0xa0,0x30,0x2e,0x42,0x19,0x23,0x30,0x7e,0x1a,0x00,0x13,0xd6,0x1a,0x2d,0xce,0x03,0x1a,
    0x00,0x13,0xd6,0x18,0x2d,0x6a,0x04,0x1a,0x2d,0x34,0x5a,0x00,0x00,0x00,0x9f,0xff,0x34,0x34,0x10,0x00,
    0x00,0x80,0x5f,0x80,0x02,0x30,0x7e,0x1a,0x00,0x8d,0xd5,0x1a,0x01,0x00,0x20,0x16,0x00,0x46,0xd6,0x16,
    0x13,0x69,0x04,0x18,0x6a,0xfe,0xd6,0x19,0x2d,0x62,0x04,0x16,0x6a,0x21,0xd5,0x16,0x83,0xa9,0x01,0x18,
    0x00,0x2d,0xd7,0x1d,0x2c,0x02,0x00,0x15,0x6a,0x00,0xd7,0x18,0x3b,0x00,0x00,0x18,0x6a,0x20,0xd5,0x80,
    0x00,0xa9,0x01,0xa0,0x2e,0x94,0x7c,0x15,0x31,0x2a,0x02,0x15,0x00,0x16,0xd6,0x18,0x2b,0x5e,0x04,0xfa,
    0x02,0x2a,0x7e,0x15,0x00,0x00,0xff,0x18,0x00,0x2d,0xd7,0x15,0x2d,0x02,0x00,0x14,0x6a,0x00,0xd7,0x18,
    0x2b,0x02,0x00,0x18,0x6a,0x20,0xd5,0x80,0x00,0xa9,0x01,0xa0,0x2e,0x94,0x7c,0x14,0x31,0x28,0x02,0x14,
    0x00,0x16,0xd6,0x18,0x29,0x5e,0x04,0xfa,0x02,0x28,0x7e,0x14,0x55,0x00,0xff,0x15,0x00,0x25,0xd5,0x14,
    0x09,0x01,0x00,0x18,0x00,0x2d,0xd7,0x15,0x2d,0x02,0x00,0x15,0x6a,0x00,0xd7,0x18,0x2b,0x02,0x00,0x18,
    0x6a,0x20,0xd5,0x80,0x00,0xa9,0x01,0xa0,0x2e,0x94,0x7c,0x15,0x31,0x2a,0x02,0x15,0x00,0x16,0xd6,0x18,
    0x2b,0x5e,0x04,0x1e,0x00,0x60,0xd7,0x14,0x03,0x01,0x00,0x1f,0x00,0x60,0xd7,0x15,0x05,0x01,0x00,0x09,
    0x8f,0x1d,0x80,0x1d,0x84,0x1d,0x85,0x1d,0x81,0x06,0xbf,0x81,0x02,0x9f,0xbe,0x1e,0x1f,0x1c,0x80,0x1d,
    0x1c,0x1c,0x96,0x86,0x1c,0x1c,0x80,0x1c,0x81,0x9c,0x80,0x80,0x00,0xce,0xbe,0x80,0x00,0xcf,0xbe,0x80,
    0x00,0xd0,0xbe,0x80,0x00,0xd1,0xbe,0x80,0x00,0xd2,0xbe,0x80,0x00,0xd3,0xbe,0x80,0x00,0x9e,0xbe,0x88,
    0x00,0x9d,0xbe,0x1e,0x80,0x08,0xbf,0x04,0x00,0xa2,0xbf,0x04,0x03,0x1a,0x7f,0x01,0x03,0x1c,0x7f,0x02,
    0x03,0x3e,0x7f,0x0b,0x03,0x40,0x7f,0x8d,0x03,0x08,0x7e,0x8e,0x03,0x02,0x7e,0x9f,0x03,0x04,0x7e,0xa0,
    0x03,0x16,0x7e,0x1e,0x90,0x1e,0x80,0x1e,0x09,0x09,0xbf,0x80,0x02,0x9e,0xbe,0x86,0x82,0x1f,0x98,0x89,
    0x80,0x2e,0x98,0x1f,0x1d,0x9f,0x99,0x2e,0x1e,0x2e,0x99,0x1f,0x02,0x18,0x7f,0x4c,0x49,0xcc,0xbe,0x07,
    0xfc,0x89,0xbf,0x00,0x00,0xbd,0xbf,0x28,0x50,0x0e,0xcc,0x2d,0x93,0xa0,0x1c,0x29,0x50,0x0e,0xcc,0x2e,
    0x93,0xa4,0x1c,0x2a,0x50,0x0e,0xcc,0x2f,0x93,0xa8,0x1c,0x2b,0x50,0x0e,0xcc,0x30,0x93,0xac,0x1c,0x11,
    0x03,0x0e,0x7e,0x12,0x03,0x10,0x7e,0xff,0x02,0x12,0x7e,0x00,0x00,0x00,0x80,0xff,0x02,0x14,0x7e,0x00,
    0x00,0x00,0x80,0xff,0x02,0x0a,0x7e,0x00,0x00,0x00,0x80,0xff,0x02,0x0c,0x7e,0x00,0x00,0x00,0x80,0x00,
    0x00,0xb5,0xbf,0x00,0x00,0xfc,0xdb,0x03,0x00,0x00,0x1e,0x00,0x91,0x7c,0xdb,0x0e,0x07,0x00,0x00,0x40,
    0x02,0xfc,0xdb,0x03,0x00,0x00,0x23,0x00,0x99,0x34,0xd8,0x0f,0x8c,0x00,0x00,0x02,0x00,0xb5,0xbf,0x1c,
    0x81,0x9c,0x80,0xff,0x1b,0x1b,0x98,0x00,0x00,0x01,0x21,0x4e,0x82,0x0d,0xbf,0x4a,0xff,0x4c,0x98,0x5c,
    0x3c,0x00,0x00,0x06,0x4c,0x4c,0x80,0x07,0x80,0x4d,0x82,0x4c,0x49,0xcc,0xbe,0x07,0xfc,0x89,0xbf,0x2d,
    0x18,0x1a,0x4a,0xa1,0x03,0x46,0x7f,0xa2,0x03,0x48,0x7f,0x8f,0x50,0x0e,0xcc,0x1e,0x93,0x50,0x1c,0x90,
    0x50,0x0e,0xcc,0x1f,0x93,0x54,0x1c,0x91,0x50,0x0e,0xcc,0x20,0x93,0x58,0x1c,0x92,0x50,0x0e,0xcc,0x21,
    0x93,0x5c,0x1c,0x1e,0x02,0x0f,0xcc,0x19,0x3d,0x02,0x58,0x1f,0x02,0x0f,0xcc,0x1a,0x3f,0x02,0x58,0x20,
    0x02,0x0f,0xcc,0x1b,0x41,0x02,0x58,0x21,0x02,0x0f,0xcc,0x1c,0x43,0x02,0x58,0x93,0x00,0x0f,0xcc,0x1e,
    0x47,0x02,0x18,0x94,0x00,0x0f,0xcc,0x1f,0x49,0x02,0x18,0x95,0x00,0x0f,0xcc,0x20,0x4b,0x02,0x18,0x96,
    0x00,0x0f,0xcc,0x21,0x4d,0x02,0x18,0x00,0x00,0xb5,0xbf,0x00,0x9b,0xd8,0xd9,0x0d,0x00,0x00,0xa1,0x00,
    0x09,0xfc,0xdb,0x03,0x00,0x00,0x32,0x40,0x0b,0xfc,0xdb,0x03,0x00,0x00,0x37,0x02,0x00,0xb5,0xbf,0x4f,
    0x00,0xce,0xbe,0x50,0x00,0xcf,0xbe,0x51,0x00,0xd0,0xbe,0x52,0x00,0xd1,0xbe,0x53,0x00,0xd2,0xbe,0x1d,
    0x00,0xd3,0xbe,0x4e,0x80,0x0d,0xbf,0x6d,0x0a,0xa2,0xbf,0x27,0x81,0xa7,0x80,0x83,0x27,0x27,0x98,0x27,
    0x89,0x2d,0x84,0x4e,0x81,0x0d,0xbf,0x4b,0xff,0x4c,0x98,0x60,0x3c,0x00,0x00,0x06,0x4c,0x4c,0x80,0x07,
    0x80,0x4d,0x82,0x4e,0x82,0x0d,0xbf,0xff,0x80,0x47,0x98,0x00,0x40,0x01,0x11,0x42,0x81,0xc1,0x80,0x80,
    0x47,0x47,0x98,0x14,0x01,0xc4,0xbe,0x4c,0x49,0xcc,0xbe,0x07,0xfc,0x89,0xbf,0x00,0x00,0xbd,0xbf,0x97,
    0x50,0x0e,0xcc,0x32,0x93,0xa0,0x1c,0x98,0x50,0x0e,0xcc,0x33,0x93,0xa4,0x1c,0x99,0x50,0x0e,0xcc,0x34,
    0x93,0xa8,0x1c,0x9a,0x50,0x0e,0xcc,0x35,0x93,0xac,0x1c,0x32,0x02,0x0f,0xcc,0x2d,0x65,0x02,0x58,0x33,
    0x02,0x0f,0xcc,0x2e,0x67,0x02,0x58,0x34,0x02,0x0f,0xcc,0x2f,0x69,0x02,0x58,0x35,0x02,0x0f,0xcc,0x30,
    0x6b,0x02,0x58,0x9b,0x00,0x0f,0xcc,0x32,0x6f,0x02,0x18,0x9c,0x00,0x0f,0xcc,0x33,0x71,0x02,0x18,0x9d,
    0x00,0x0f,0xcc,0x34,0x73,0x02,0x18,0x9e,0x00,0x0f,0xcc,0x35,0x75,0x02,0x18,0x0b,0xff,0x0b,0x80,0x00,
    0x01,0x00,0x00,0x07,0x00,0xa1,0xbf,0x97,0x10,0x9b,0xbe,0x81,0x1a,0xfe,0x84,0x00,0x00,0x60,0xe0,0x00,
    0x00,0x06,0x04,0xc1,0x01,0xfe,0xbe,0x0b,0xff,0x0b,0x96,0x01,0xff,0xff,0xff,0xff,0x0b,0x7c,0x91,0x00,
    0xff,0xff,0xff,0x03,0x00,0xa2,0xbf,0x97,0x12,0x9b,0xbe,0x00,0x40,0x50,0xe0,0x00,0x13,0x06,0x80,0x00,
    0x00,0xb5,0xbf,0x01,0x00,0x80,0xbf,0x40,0x24,0xfc,0xdb,0x03,0x00,0x00,0x14,0x00,0x9b,0x34,0xd9,0x0d,
    0x05,0x00,0x00,0x80,0x26,0xfc,0xdb,0x03,0x00,0x00,0x19,0x00,0x99,0xd8,0xd8,0x10,0x00,0x00,0x8c,0x02,
    0x00,0xb5,0xbf,0x4e,0x82,0x0d,0xbf,0x4a,0xff,0x4c,0x98,0x5c,0x3c,0x00,0x00,0x06,0x4c,0x4c,0x80,0x07,
    0x80,0x4d,0x82,0x4c,0x49,0xcc,0xbe,0x07,0xfc,0x89,0xbf,0x8c,0x05,0x3a,0x7e,0x14,0x50,0x0e,0xcc,0x19,
    0x93,0x50,0x1c,0x15,0x50,0x0e,0xcc,0x1a,0x93,0x54,0x1c,0x16,0x50,0x0e,0xcc,0x1b,0x93,0x58,0x1c,0x17,
    0x50,0x0e,0xcc,0x1c,0x93,0x5c,0x1c,0x00,0x00,0xb5,0xbf,0x40,0x2d,0xfc,0xdb,0x03,0x00,0x00,0x28,0x80,
    0x2f,0xfc,0xdb,0x03,0x00,0x00,0x2d,0x02,0x00,0xb5,0xbf,0xff,0x0b,0x7c,0x91,0x00,0xff,0xff,0xff,0x19,
    0x00,0xa2,0xbf,0x0a,0x0a,0x0a,0x99,0x1b,0x80,0xfe,0x95,0x6a,0x00,0x4d,0xd4,0x13,0x35,0x00,0x00,0x0c,
    0x00,0xa3,0xbf,0x00,0x40,0x50,0xe0,0x00,0x13,0x06,0x80,0x0a,0x80,0x06,0xbf,0x80,0xff,0x6a,0x98,0x00,
    0x00,0x01,0x00,0x0a,0x6a,0x0a,0x80,0x02,0x00,0xa2,0xbf,0xf7,0x03,0x89,0xbf,0xf4,0xff,0xa0,0xbf,0xff,
    0x1b,0x1b,0x8b,0x00,0x00,0xff,0xff,0x80,0x00,0x8a,0xbe,0xc1,0x01,0xfe,0xbe,0x1a,0x83,0x1a,0x96,0x1a,
    0xff,0x1a,0x8b,0x3f,0x3f,0x3f,0x3f,0x18,0xff,0x18,0x80,0x00,0x01,0x00,0x00,0x18,0xff,0x18,0x8b,0xff,
    0xf7,0xff,0xff,0x4e,0x81,0x0d,0xbf,0x4b,0xff,0x4c,0x98,0x20,0x3d,0x00,0x00,0x06,0x4c,0x4c,0x80,0x07,
    0x80,0x4d,0x82,0x09,0x90,0x0b,0xbf,0xc1,0x84,0x30,0x98,0x30,0x81,0xb0,0x80,0x2e,0x1f,0x1f,0x98,0x80,
    0x10,0x9f,0xbe,0x4c,0x49,0xcc,0xbe,0x07,0xfc,0x89,0xbf,0x00,0x00,0xbd,0xbf,0x28,0x50,0x0e,0xcc,0x2d,
    0x93,0xa0,0x1c,0x29,0x50,0x0e,0xcc,0x2e,0x93,0xa4,0x1c,0x2a,0x50,0x0e,0xcc,0x2f,0x93,0xa8,0x1c,0x2b,
    0x50,0x0e,0xcc,0x30,0x93,0xac,0x1c,0x1f,0x02,0x18,0x7f,0x1d,0x6a,0x00,0xd7,0x01,0x23,0x00,0x00,0x27,
    0x40,0x09,0xcc,0x01,0xff,0x4d,0x18,0x01,0x00,0x02,0x00,0x18,0x40,0x09,0xcc,0x01,0xff,0x89,0x18,0x01,
    0x00,0x02,0x00,0x22,0x00,0x0d,0xcc,0x1d,0x03,0x02,0x18,0x3b,0x00,0x01,0xd5,0x80,0x54,0xa8,0x01,0xa5,
    0x00,0x01,0xd5,0x80,0x64,0xa8,0x01,0x07,0x00,0x59,0xd6,0x27,0x03,0x09,0x04,0x05,0x00,0x59,0xd6,0x18,
    0x03,0x2d,0x04,0x02,0x00,0x55,0xd6,0x02,0x2d,0xec,0x04,0x0b,0x00,0x55,0xd6,0x0b,0x47,0x94,0x06,0x22,
    0x00,0x0b,0xcc,0x01,0x45,0x02,0x18,0x04,0x28,0x20,0xd5,0x04,0x1f,0xa8,0x01,0x02,0x00,0x01,0xd5,0x02,
    0xff,0xa1,0x00,0x00,0x00,0x00,0x80,0x0b,0x00,0x01,0xd5,0x0b,0xff,0xa1,0x00,0x00,0x00,0x00,0x80,0x6a,
    0x00,0x39,0xd4,0x27,0x25,0x00,0x00,0xff,0x0e,0x0e,0x02,0x00,0x00,0x00,0x80,0x6a,0x00,0x39,0xd4,0x18,
    0x2f,0x00,0x00,0xff,0x0a,0x0a,0x02,0x00,0x00,0x00,0x80,0x22,0x00,0x06,0xcc,0x8f,0x44,0x02,0x10,0x31,
    0x08,0x0a,0xcc,0x27,0x4b,0x00,0x18,0x2c,0x08,0x0a,0xcc,0x27,0x49,0x00,0x18,0x0a,0x08,0x59,0xd6,0x31,
    0x59,0x1c,0x04,0x08,0x08,0x59,0xd6,0x2c,0x59,0x1c,0x04,0x36,0x08,0x0a,0xcc,0x18,0x4d,0x00,0x18,0x6a,
    0x18,0x39,0xd4,0x31,0x25,0x00,0x00,0xff,0x14,0x14,0x02,0x00,0x00,0x00,0x80,0x6a,0x18,0x39,0xd4,0x2c,
    0x25,0x00,0x00,0xff,0x10,0x10,0x02,0x00,0x00,0x00,0x80,0x06,0x08,0x59,0xd6,0x36,0x69,0x14,0x04,0x09,
    0x00,0x59,0xd6,0x31,0x59,0x1c,0x04,0x07,0x00,0x59,0xd6,0x2c,0x59,0x1c,0x04,0x6a,0x18,0x39,0xd4,0x36,
    0x2f,0x00,0x00,0xff,0x0c,0x0c,0x02,0x00,0x00,0x00,0x80,0x6a,0x10,0x39,0xd4,0x31,0x25,0x00,0x00,0xff,
    0x12,0x12,0x02,0x00,0x00,0x00,0x80,0x6a,0x10,0x39,0xd4,0x2c,0x25,0x00,0x00,0xff,0x0e,0x0e,0x02,0x00,
    0x00,0x00,0x80,0x05,0x00,0x59,0xd6,0x36,0x69,0x14,0x04,0x01,0x40,0x09,0xcc,0x22,0x21,0x74,0x1c,0x6a,
    0x10,0x39,0xd4,0x36,0x2f,0x00,0x00,0xff,0x0a,0x0a,0x02,0x00,0x00,0x00,0x80,0x18,0x6a,0x00,0xd7,0x04,
    0x11,0x00,0x00,0x2e,0x18,0x19,0x03,0x00,0x00,0xb5,0xbf,0x00,0x00,0xfc,0xdb,0x03,0x00,0x00,0x1e,0x00,
    0x91,0x7c,0xdb,0x0e,0x07,0x00,0x00,0x40,0x02,0xfc,0xdb,0x03,0x00,0x00,0x23,0x00,0x99,0x34,0xd8,0x0f,
    0x8c,0x00,0x00,0x02,0x00,0xb5,0xbf,0x1c,0x81,0x9c,0x80,0xff,0x1b,0x1b,0x98,0x00,0x00,0x01,0x21,0x4e,
    0x82,0x0d,0xbf,0x4a,0xff,0x4c,0x98,0x5c,0x3c,0x00,0x00,0x06,0x4c,0x4c,0x80,0x07,0x80,0x4d,0x82,0x4c,
    0x49,0xcc,0xbe,0x07,0xfc,0x89,0xbf,0x2d,0x18,0x1a,0x4a,0xa1,0x03,0x46,0x7f,0xa2,0x03,0x48,0x7f,0x8f,
    0x50,0x0e,0xcc,0x1e,0x93,0x50,0x1c,0x90,0x50,0x0e,0xcc,0x1f,0x93,0x54,0x1c,0x91,0x50,0x0e,0xcc,0x20,
    0x93,0x58,0x1c,0x92,0x50,0x0e,0xcc,0x21,0x93,0x5c,0x1c,0x1e,0x02,0x0f,0xcc,0x19,0x3d,0x02,0x58,0x1f,
    0x02,0x0f,0xcc,0x1a,0x3f,0x02,0x58,0x20,0x02,0x0f,0xcc,0x1b,0x41,0x02,0x58,0x21,0x02,0x0f,0xcc,0x1c,
    0x43,0x02,0x58,0x93,0x00,0x0f,0xcc,0x1e,0x47,0x02,0x18,0x94,0x00,0x0f,0xcc,0x1f,0x49,0x02,0x18,0x95,
    0x00,0x0f,0xcc,0x20,0x4b,0x02,0x18,0x96,0x00,0x0f,0xcc,0x21,0x4d,0x02,0x18,0x00,0x00,0xb5,0xbf,0x00,
    0x9b,0xd8,0xd9,0x0d,0x00,0x00,0xa1,0x00,0x09,0xfc,0xdb,0x03,0x00,0x00,0x32,0x40,0x0b,0xfc,0xdb,0x03,
    0x00,0x00,0x37,0x02,0x00,0xb5,0xbf,0x4f,0x00,0xce,0xbe,0x50,0x00,0xcf,0xbe,0x51,0x00,0xd0,0xbe,0x52,
    0x00,0xd1,0xbe,0x53,0x00,0xd2,0xbe,0x1d,0x00,0xd3,0xbe,0x4e,0x80,0x0d,0xbf,0x49,0x09,0xa2,0xbf,0x27,
    0x81,0xa7,0x80,0x83,0x27,0x27,0x98,0x27,0x89,0x2d,0x84,0x4e,0x81,0x0d,0xbf,0x4b,0xff,0x4c,0x98,0x60,
    0x3c,0x00,0x00,0x06,0x4c,0x4c,0x80,0x07,0x80,0x4d,0x82,0x4e,0x82,0x0d,0xbf,0xff,0x80,0x47,0x98,0x00,
    0x40,0x01,0x11,0x42,0x81,0xc1,0x80,0x80,0x47,0x47,0x98,0x14,0x01,0xc4,0xbe,0x4c,0x49,0xcc,0xbe,0x07,
    0xfc,0x89,0xbf,0x00,0x00,0xbd,0xbf,0x97,0x50,0x0e,0xcc,0x32,0x93,0xa0,0x1c,0x98,0x50,0x0e,0xcc,0x33,
    0x93,0xa4,0x1c,0x99,0x50,0x0e,0xcc,0x34,0x93,0xa8,0x1c,0x9a,0x50,0x0e,0xcc,0x35,0x93,0xac,0x1c,0x32,
    0x02,0x0f,0xcc,0x2d,0x65,0x02,0x58,0x33,0x02,0x0f,0xcc,0x2e,0x67,0x02,0x58,0x34,0x02,0x0f,0xcc,0x2f,
    0x69,0x02,0x58,0x35,0x02,0x0f,0xcc,0x30,0x6b,0x02,0x58,0x9b,0x00,0x0f,0xcc,0x32,0x6f,0x02,0x18,0x9c,
    0x00,0x0f,0xcc,0x33,0x71,0x02,0x18,0x9d,0x00,0x0f,0xcc,0x34,0x73,0x02,0x18,0x9e,0x00,0x0f,0xcc,0x35,
    0x75,0x02,0x18,0x0b,0xff,0x0b,0x80,0x00,0x01,0x00,0x00,0x07,0x00,0xa1,0xbf,0x97,0x10,0x9b,0xbe,0x81,
    0x1a,0xfe,0x84,0x00,0x00,0x60,0xe0,0x00,0x00,0x06,0x04,0xc1,0x01,0xfe,0xbe,0x0b,0xff,0x0b,0x96,0x01,
    0xff,0xff,0xff,0xff,0x0b,0x7c,0x91,0x00,0xff,0xff,0xff,0x03,0x00,0xa2,0xbf,0x97,0x12,0x9b,0xbe,0x00,
    0x40,0x50,0xe0,0x00,0x13,0x06,0x80,0x00,0x00,0xb5,0xbf,0x01,0x00,0x80,0xbf,0x40,0x24,0xfc,0xdb,0x03,
    0x00,0x00,0x14,0x00,0x9b,0x34,0xd9,0x0d,0x05,0x00,0x00,0x80,0x26,0xfc,0xdb,0x03,0x00,0x00,0x19,0x00,
    0x99,0xd8,0xd8,0x10,0x00,0x00,0x8c,0x02,0x00,0xb5,0xbf,0x4e,0x82,0x0d,0xbf,0x4a,0xff,0x4c,0x98,0x5c,
    0x3c,0x00,0x00,0x06,0x4c,0x4c,0x80,0x07,0x80,0x4d,0x82,0x4c,0x49,0xcc,0xbe,0x07,0xfc,0x89,0xbf,0x8c,
    0x05,0x3a,0x7e,0x14,0x50,0x0e,0xcc,0x19,0x93,0x50,0x1c,0x15,0x50,0x0e,0xcc,0x1a,0x93,0x54,0x1c,0x16,
    0x50,0x0e,0xcc,0x1b,0x93,0x58,0x1c,0x17,0x50,0x0e,0xcc,0x1c,0x93,0x5c,0x1c,0x00,0x00,0xb5,0xbf,0x40,
    0x2d,0xfc,0xdb,0x03,0x00,0x00,0x28,0x80,0x2f,0xfc,0xdb,0x03,0x00,0x00,0x2d,0x02,0x00,0xb5,0xbf,0xff,
    0x0b,0x7c,0x91,0x00,0xff,0xff,0xff,0x19,0x00,0xa2,0xbf,0x0a,0x0a,0x0a,0x99,0x1b,0x80,0xfe,0x95,0x6a,
    0x00,0x4d,0xd4,0x13,0x35,0x00,0x00,0x0c,0x00,0xa3,0xbf,0x00,0x40,0x50,0xe0,0x00,0x13,0x06,0x80,0x0a,
    0x80,0x06,0xbf,0x80,0xff,0x6a,0x98,0x00,0x00,0x01,0x00,0x0a,0x6a,0x0a,0x80,0x02,0x00,0xa2,0xbf,0xf7,
    0x03,0x89,0xbf,0xf4,0xff,0xa0,0xbf,0xff,0x1b,0x1b,0x8b,0x00,0x00,0xff,0xff,0x80,0x00,0x8a,0xbe,0xc1,
    0x01,0xfe,0xbe,0x1a,0x83,0x1a,0x96,0x1a,0xff,0x1a,0x8b,0x3f,0x3f,0x3f,0x3f,0x18,0xff,0x18,0x80,0x00,
    0x01,0x00,0x00,0x18,0xff,0x18,0x8b,0xff,0xf7,0xff,0xff,0x4e,0x81,0x0d,0xbf,0x4b,0xff,0x4c,0x98,0x20,
    0x3d,0x00,0x00,0x06,0x4c,0x4c,0x80,0x07,0x80,0x4d,0x82,0x1d,0x81,0x0d,0xbf,0xdc,0xfe,0xa2,0xbf,0xf8,
    0xfd,0xa0,0xbf,0x4c,0x48,0x80,0xbe,0x4e,0x83,0x0d,0xbf,0x28,0x00,0xa1,0xbf,0x80,0x02,0x78,0x7e,0x80,
    0x02,0x80,0x7e,0x80,0x02,0x7a,0x7e,0x80,0x02,0x82,0x7e,0x80,0x02,0x7c,0x7e,0x80,0x02,0x84,0x7e,0x80,
    0x02,0x7e,0x7e,0x80,0x02,0x86,0x7e,0x80,0x02,0x98,0x7e,0x80,0x02,0xa0,0x7e,0x80,0x02,0x9a,0x7e,0x80,
    0x02,0xa2,0x7e,0x80,0x02,0x9c,0x7e,0x80,0x02,0xa4,0x7e,0x80,0x02,0x9e,0x7e,0x80,0x02,0xa6,0x7e,0x80,
    0x02,0xb8,0x7e,0x80,0x02,0xc0,0x7e,0x80,0x02,0xba,0x7e,0x80,0x02,0xc2,0x7e,0x80,0x02,0xbc,0x7e,0x80,
    0x02,0xc4,0x7e,0x80,0x02,0xbe,0x7e,0x80,0x02,0xc6,0x7e,0x80,0x02,0xd8,0x7e,0x80,0x02,0xe0,0x7e,0x80,
    0x02,0xda,0x7e,0x80,0x02,0xe2,0x7e,0x80,0x02,0xdc,0x7e,0x80,0x02,0xe4,0x7e,0x80,0x02,0xde,0x7e,0x80,
    0x02,0xe6,0x7e,0x80,0x02,0xf8,0x7e,0x80,0x02,0x00,0x7f,0x80,0x02,0xfa,0x7e,0x80,0x02,0x02,0x7f,0x80,
    0x02,0xfc,0x7e,0x80,0x02,0x04,0x7f,0x80,0x02,0xfe,0x7e,0x80,0x02,0x06,0x7f,0xff,0x00,0xcb,0xbe,0xe0,
    0x3d,0x00,0x00,0x09,0x90,0x0b,0xbf,0xff,0x02,0xcb,0xbe,0x5c,0x3c,0x00,0x00,0x4c,0x48,0x80,0xbe,0x4e,
    0x83,0x0d,0xbf,0x28,0x00,0xa1,0xbf,0x80,0x02,0x88,0x7e,0x80,0x02,0x90,0x7e,0x80,0x02,0x8a,0x7e,0x80,
    0x02,0x92,0x7e,0x80,0x02,0x8c,0x7e,0x80,0x02,0x94,0x7e,0x80,0x02,0x8e,0x7e,0x80,0x02,0x96,0x7e,0x80,
    0x02,0xa8,0x7e,0x80,0x02,0xb0,0x7e,0x80,0x02,0xaa,0x7e,0x80,0x02,0xb2,0x7e,0x80,0x02,0xac,0x7e,0x80,
    0x02,0xb4,0x7e,0x80,0x02,0xae,0x7e,0x80,0x02,0xb6,0x7e,0x80,0x02,0xc8,0x7e,0x80,0x02,0xd0,0x7e,0x80,
    0x02,0xca,0x7e,0x80,0x02,0xd2,0x7e,0x80,0x02,0xcc,0x7e,0x80,0x02,0xd4,0x7e,0x80,0x02,0xce,0x7e,0x80,
    0x02,0xd6,0x7e,0x80,0x02,0xe8,0x7e,0x80,0x02,0xf0,0x7e,0x80,0x02,0xea,0x7e,0x80,0x02,0xf2,0x7e,0x80,
    0x02,0xec,0x7e,0x80,0x02,0xf4,0x7e,0x80,0x02,0xee,0x7e,0x80,0x02,0xf6,0x7e,0x80,0x02,0x08,0x7f,0x80,
    0x02,0x10,0x7f,0x80,0x02,0x0a,0x7f,0x80,0x02,0x12,0x7f,0x80,0x02,0x0c,0x7f,0x80,0x02,0x14,0x7f,0x80,
    0x02,0x0e,0x7f,0x80,0x02,0x16,0x7f,0xff,0x00,0xcb,0xbe,0xe0,0x3d,0x00,0x00,0x09,0x90,0x0b,0xbf,0xff,
    0x02,0xcb,0xbe,0x5c,0x3c,0x00,0x00,0x4c,0x48,0x80,0xbe,0x8f,0x00,0x0f,0xcc,0x8f,0x79,0x02,0x18,0x90,
    0x00,0x0f,0xcc,0x90,0x7b,0x02,0x18,0x91,0x00,0x0f,0xcc,0x91,0x7d,0x02,0x18,0x92,0x00,0x0f,0xcc,0x92,
    0x7f,0x02,0x18,0x93,0x00,0x0f,0xcc,0x93,0x81,0x02,0x18,0x94,0x00,0x0f,0xcc,0x94,0x83,0x02,0x18,0x95,
    0x00,0x0f,0xcc,0x95,0x85,0x02,0x18,0x96,0x00,0x0f,0xcc,0x96,0x87,0x02,0x18,0x8f,0x03,0x78,0x7e,0x90,
    0x03,0x7a,0x7e,0x91,0x03,0x7c,0x7e,0x92,0x03,0x7e,0x7e,0x93,0x03,0x80,0x7e,0x94,0x03,0x82,0x7e,0x95,
    0x03,0x84,0x7e,0x96,0x03,0x86,0x7e,0xff,0x00,0xcb,0xbe,0x4c,0x3e,0x00,0x00,0x4c,0x48,0x80,0xbe,0x97,
    0x00,0x0f,0xcc,0x97,0x89,0x02,0x18,0x98,0x00,0x0f,0xcc,0x98,0x8b,0x02,0x18,0x99,0x00,0x0f,0xcc,0x99,
    0x8d,0x02,0x18,0x9a,0x00,0x0f,0xcc,0x9a,0x8f,0x02,0x18,0x9b,0x00,0x0f,0xcc,0x9b,0x91,0x02,0x18,0x9c,
    0x00,0x0f,0xcc,0x9c,0x93,0x02,0x18,0x9d,0x00,0x0f,0xcc,0x9d,0x95,0x02,0x18,0x9e,0x00,0x0f,0xcc,0x9e,
    0x97,0x02,0x18,0x97,0x03,0x88,0x7e,0x98,0x03,0x8a,0x7e,0x99,0x03,0x8c,0x7e,0x9a,0x03,0x8e,0x7e,0x9b,
    0x03,0x90,0x7e,0x9c,0x03,0x92,0x7e,0x9d,0x03,0x94,0x7e,0x9e,0x03,0x96,0x7e,0xff,0x00,0xcb,0xbe,0xb8,
    0x3e,0x00,0x00,0x4c,0x48,0x80,0xbe,0x8f,0x00,0x0f,0xcc,0x8f,0x99,0x02,0x18,0x90,0x00,0x0f,0xcc,0x90,
    0x9b,0x02,0x18,0x91,0x00,0x0f,0xcc,0x91,0x9d,0x02,0x18,0x92,0x00,0x0f,0xcc,0x92,0x9f,0x02,0x18,0x93,
    0x00,0x0f,0xcc,0x93,0xa1,0x02,0x18,0x94,0x00,0x0f,0xcc,0x94,0xa3,0x02,0x18,0x95,0x00,0x0f,0xcc,0x95,
    0xa5,0x02,0x18,0x96,0x00,0x0f,0xcc,0x96,0xa7,0x02,0x18,0x8f,0x03,0x98,0x7e,0x90,0x03,0x9a,0x7e,0x91,
    0x03,0x9c,0x7e,0x92,0x03,0x9e,0x7e,0x93,0x03,0xa0,0x7e,0x94,0x03,0xa2,0x7e,0x95,0x03,0xa4,0x7e,0x96,
    0x03,0xa6,0x7e,0xff,0x00,0xcb,0xbe,0x24,0x3f,0x00,0x00,0x4c,0x48,0x80,0xbe,0x97,0x00,0x0f,0xcc,0x97,
    0xa9,0x02,0x18,0x98,0x00,0x0f,0xcc,0x98,0xab,0x02,0x18,0x99,0x00,0x0f,0xcc,0x99,0xad,0x02,0x18,0x9a,
    0x00,0x0f,0xcc,0x9a,0xaf,0x02,0x18,0x9b,0x00,0x0f,0xcc,0x9b,0xb1,0x02,0x18,0x9c,0x00,0x0f,0xcc,0x9c,
    0xb3,0x02,0x18,0x9d,0x00,0x0f,0xcc,0x9d,0xb5,0x02,0x18,0x9e,0x00,0x0f,0xcc,0x9e,0xb7,0x02,0x18,0x97,
    0x03,0xa8,0x7e,0x98,0x03,0xaa,0x7e,0x99,0x03,0xac,0x7e,0x9a,0x03,0xae,0x7e,0x9b,0x03,0xb0,0x7e,0x9c,
    0x03,0xb2,0x7e,0x9d,0x03,0xb4,0x7e,0x9e,0x03,0xb6,0x7e,0xff,0x00,0xcb,0xbe,0x90,0x3f,0x00,0x00,0x4c,
    0x48,0x80,0xbe,0x8f,0x00,0x0f,0xcc,0x8f,0xb9,0x02,0x18,0x90,0x00,0x0f,0xcc,0x90,0xbb,0x02,0x18,0x91,
    0x00,0x0f,0xcc,0x91,0xbd,0x02,0x18,0x92,0x00,0x0f,0xcc,0x92,0xbf,0x02,0x18,0x93,0x00,0x0f,0xcc,0x93,
    0xc1,0x02,0x18,0x94,0x00,0x0f,0xcc,0x94,0xc3,0x02,0x18,0x95,0x00,0x0f,0xcc,0x95,0xc5,0x02,0x18,0x96,
    0x00,0x0f,0xcc,0x96,0xc7,0x02,0x18,0x8f,0x03,0xb8,0x7e,0x90,0x03,0xba,0x7e,0x91,0x03,0xbc,0x7e,0x92,
    0x03,0xbe,0x7e,0x93,0x03,0xc0,0x7e,0x94,0x03,0xc2,0x7e,0x95,0x03,0xc4,0x7e,0x96,0x03,0xc6,0x7e,0xff,
    0x00,0xcb,0xbe,0xfc,0x3f,0x00,0x00,0x4c,0x48,0x80,0xbe,0x97,0x00,0x0f,0xcc,0x97,0xc9,0x02,0x18,0x98,
    0x00,0x0f,0xcc,0x98,0xcb,0x02,0x18,0x99,0x00,0x0f,0xcc,0x99,0xcd,0x02,0x18,0x9a,0x00,0x0f,0xcc,0x9a,
    0xcf,0x02,0x18,0x9b,0x00,0x0f,0xcc,0x9b,0xd1,0x02,0x18,0x9c,0x00,0x0f,0xcc,0x9c,0xd3,0x02,0x18,0x9d,
    0x00,0x0f,0xcc,0x9d,0xd5,0x02,0x18,0x9e,0x00,0x0f,0xcc,0x9e,0xd7,0x02,0x18,0x97,0x03,0xc8,0x7e,0x98,
    0x03,0xca,0x7e,0x99,0x03,0xcc,0x7e,0x9a,0x03,0xce,0x7e,0x9b,0x03,0xd0,0x7e,0x9c,0x03,0xd2,0x7e,0x9d,
    0x03,0xd4,0x7e,0x9e,0x03,0xd6,0x7e,0xff,0x00,0xcb,0xbe,0x68,0x40,0x00,0x00,0x4c,0x48,0x80,0xbe,0x8f,
    0x00,0x0f,0xcc,0x8f,0xd9,0x02,0x18,0x90,0x00,0x0f,0xcc,0x90,0xdb,0x02,0x18,0x91,0x00,0x0f,0xcc,0x91,
    0xdd,0x02,0x18,0x92,0x00,0x0f,0xcc,0x92,0xdf,0x02,0x18,0x93,0x00,0x0f,0xcc,0x93,0xe1,0x02,0x18,0x94,
    0x00,0x0f,0xcc,0x94,0xe3,0x02,0x18,0x95,0x00,0x0f,0xcc,0x95,0xe5,0x02,0x18,0x96,0x00,0x0f,0xcc,0x96,
    0xe7,0x02,0x18,0x8f,0x03,0xd8,0x7e,0x90,0x03,0xda,0x7e,0x91,0x03,0xdc,0x7e,0x92,0x03,0xde,0x7e,0x93,
    0x03,0xe0,0x7e,0x94,0x03,0xe2,0x7e,0x95,0x03,0xe4,0x7e,0x96,0x03,0xe6,0x7e,0xff,0x00,0xcb,0xbe,0xd4,
    0x40,0x00,0x00,0x4c,0x48,0x80,0xbe,0x97,0x00,0x0f,0xcc,0x97,0xe9,0x02,0x18,0x98,0x00,0x0f,0xcc,0x98,
    0xeb,0x02,0x18,0x99,0x00,0x0f,0xcc,0x99,0xed,0x02,0x18,0x9a,0x00,0x0f,0xcc,0x9a,0xef,0x02,0x18,0x9b,
    0x00,0x0f,0xcc,0x9b,0xf1,0x02,0x18,0x9c,0x00,0x0f,0xcc,0x9c,0xf3,0x02,0x18,0x9d,0x00,0x0f,0xcc,0x9d,
    0xf5,0x02,0x18,0x9e,0x00,0x0f,0xcc,0x9e,0xf7,0x02,0x18,0x97,0x03,0xe8,0x7e,0x98,0x03,0xea,0x7e,0x99,
    0x03,0xec,0x7e,0x9a,0x03,0xee,0x7e,0x9b,0x03,0xf0,0x7e,0x9c,0x03,0xf2,0x7e,0x9d,0x03,0xf4,0x7e,0x9e,
    0x03,0xf6,0x7e,0xff,0x00,0xcb,0xbe,0x40,0x41,0x00,0x00,0x4c,0x48,0x80,0xbe,0x8f,0x00,0x0f,0xcc,0x8f,
    0xf9,0x02,0x18,0x90,0x00,0x0f,0xcc,0x90,0xfb,0x02,0x18,0x91,0x00,0x0f,0xcc,0x91,0xfd,0x02,0x18,0x92,
    0x00,0x0f,0xcc,0x92,0xff,0x02,0x18,0x93,0x00,0x0f,0xcc,0x93,0x01,0x03,0x18,0x94,0x00,0x0f,0xcc,0x94,
    0x03,0x03,0x18,0x95,0x00,0x0f,0xcc,0x95,0x05,0x03,0x18,0x96,0x00,0x0f,0xcc,0x96,0x07,0x03,0x18,0x8f,
    0x03,0xf8,0x7e,0x90,0x03,0xfa,0x7e,0x91,0x03,0xfc,0x7e,0x92,0x03,0xfe,0x7e,0x93,0x03,0x00,0x7f,0x94,
    0x03,0x02,0x7f,0x95,0x03,0x04,0x7f,0x96,0x03,0x06,0x7f,0xff,0x00,0xcb,0xbe,0xac,0x41,0x00,0x00,0x4c,
    0x48,0x80,0xbe,0x97,0x00,0x0f,0xcc,0x97,0x09,0x03,0x18,0x98,0x00,0x0f,0xcc,0x98,0x0b,0x03,0x18,0x99,
    0x00,0x0f,0xcc,0x99,0x0d,0x03,0x18,0x9a,0x00,0x0f,0xcc,0x9a,0x0f,0x03,0x18,0x9b,0x00,0x0f,0xcc,0x9b,
    0x11,0x03,0x18,0x9c,0x00,0x0f,0xcc,0x9c,0x13,0x03,0x18,0x9d,0x00,0x0f,0xcc,0x9d,0x15,0x03,0x18,0x9e,
    0x00,0x0f,0xcc,0x9e,0x17,0x03,0x18,0x97,0x03,0x08,0x7f,0x98,0x03,0x0a,0x7f,0x99,0x03,0x0c,0x7f,0x9a,
    0x03,0x0e,0x7f,0x9b,0x03,0x10,0x7f,0x9c,0x03,0x12,0x7f,0x9d,0x03,0x14,0x7f,0x9e,0x03,0x16,0x7f,0xff,
    0x00,0xcb,0xbe,0xe0,0x3d,0x00,0x00,0x4c,0x48,0x80,0xbe,0x00,0x00,0x80,0xbf,0x00,0x00,0x80,0xbf,0x00,
    0x00,0x80,0xbf,0x00,0x00,0x80,0xbf,0x00,0x00,0x80,0xbf,0x00,0x00,0x80,0xbf,0x8f,0x00,0x0f,0xcc,0x8f,
    0x63,0x00,0x18,0x90,0x00,0x0f,0xcc,0x90,0x6b,0x00,0x18,0x91,0x00,0x0f,0xcc,0x91,0x6d,0x00,0x18,0x92,
    0x00,0x0f,0xcc,0x92,0x6f,0x00,0x18,0x93,0x00,0x0f,0xcc,0x93,0x63,0x00,0x18,0x94,0x00,0x0f,0xcc,0x94,
    0x6b,0x00,0x18,0x95,0x00,0x0f,0xcc,0x95,0x6d,0x00,0x18,0x96,0x00,0x0f,0xcc,0x96,0x6f,0x00,0x18,0x18,
    0x00,0x10,0xcc,0x20,0x1e,0x03,0x18,0x22,0x00,0x10,0xcc,0x20,0x20,0x03,0x18,0x2c,0x00,0x10,0xcc,0x20,
    0x22,0x03,0x18,0x36,0x00,0x10,0xcc,0x20,0x24,0x03,0x18,0x8f,0x00,0x12,0xcc,0x8f,0x31,0x02,0x18,0x90,
    0x00,0x12,0xcc,0x90,0x45,0x02,0x18,0x91,0x00,0x12,0xcc,0x91,0x59,0x02,0x18,0x92,0x00,0x12,0xcc,0x92,
    0x6d,0x02,0x18,0x18,0x00,0x10,0xcc,0x20,0x26,0x03,0x18,0x22,0x00,0x10,0xcc,0x20,0x28,0x03,0x18,0x2c,
    0x00,0x10,0xcc,0x20,0x2a,0x03,0x18,0x36,0x00,0x10,0xcc,0x20,0x2c,0x03,0x18,0x93,0x00,0x12,0xcc,0x93,
    0x31,0x02,0x18,0x94,0x00,0x12,0xcc,0x94,0x45,0x02,0x18,0x95,0x00,0x12,0xcc,0x95,0x59,0x02,0x18,0x96,
    0x00,0x12,0xcc,0x96,0x6d,0x02,0x18,0x00,0x00,0x64,0xe0,0xa3,0x8f,0x91,0x80,0x00,0x00,0x64,0xe0,0xa4,
    0x93,0x91,0x80,0x41,0x81,0xc1,0x80,0x80,0x47,0x47,0x98,0x44,0x43,0x44,0x80,0x45,0x80,0x45,0x82,0x00,
    0x00,0x94,0xe0,0xa3,0x8f,0x91,0x80,0x00,0x00,0x94,0xe0,0xa4,0x93,0x91,0x80,0x41,0x81,0xc1,0x80,0x80,
    0x47,0x47,0x98,0x44,0x43,0x44,0x80,0x45,0x80,0x45,0x82,0x00,0x00,0x64,0xe0,0xa3,0x90,0x91,0x80,0x00,
    0x00,0x64,0xe0,0xa4,0x94,0x91,0x80,0x41,0x81,0xc1,0x80,0x80,0x47,0x47,0x98,0x44,0x43,0x44,0x80,0x45,
    0x80,0x45,0x82,0x00,0x00,0x94,0xe0,0xa3,0x90,0x91,0x80,0x00,0x00,0x94,0xe0,0xa4,0x94,0x91,0x80,0x41,
    0x81,0xc1,0x80,0x80,0x47,0x47,0x98,0x44,0x43,0x44,0x80,0x45,0x80,0x45,0x82,0x00,0x00,0x64,0xe0,0xa3,
    0x91,0x91,0x80,0x00,0x00,0x64,0xe0,0xa4,0x95,0x91,0x80,0x41,0x81,0xc1,0x80,0x80,0x47,0x47,0x98,0x44,
    0x43,0x44,0x80,0x45,0x80,0x45,0x82,0x00,0x00,0x94,0xe0,0xa3,0x91,0x91,0x80,0x00,0x00,0x94,0xe0,0xa4,
    0x95,0x91,0x80,0x41,0x81,0xc1,0x80,0x80,0x47,0x47,0x98,0x44,0x43,0x44,0x80,0x45,0x80,0x45,0x82,0x00,
    0x00,0x64,0xe0,0xa3,0x92,0x91,0x80,0x00,0x00,0x64,0xe0,0xa4,0x96,0x91,0x80,0x41,0x81,0xc1,0x80,0x80,
    0x47,0x47,0x98,0x44,0x43,0x44,0x80,0x45,0x80,0x45,0x82,0x00,0x00,0x94,0xe0,0xa3,0x92,0x91,0x80,0x00,
    0x00,0x94,0xe0,0xa4,0x96,0x91,0x80,0x41,0x81,0xc1,0x80,0x80,0x47,0x47,0x98,0x44,0x43,0x44,0x80,0x45,
    0x80,0x45,0x82,0xff,0x00,0xca,0xbe,0xfc,0x43,0x00,0x00,0x4c,0x48,0x80,0xbe,0x97,0x00,0x0f,0xcc,0x97,
    0x71,0x00,0x18,0x98,0x00,0x0f,0xcc,0x98,0x73,0x00,0x18,0x99,0x00,0x0f,0xcc,0x99,0x77,0x00,0x18,0x9a,
    0x00,0x0f,0xcc,0x9a,0x81,0x00,0x18,0x9b,0x00,0x0f,0xcc,0x9b,0x71,0x00,0x18,0x9c,0x00,0x0f,0xcc,0x9c,
    0x73,0x00,0x18,0x9d,0x00,0x0f,0xcc,0x9d,0x77,0x00,0x18,0x9e,0x00,0x0f,0xcc,0x9e,0x81,0x00,0x18,0x18,
    0x00,0x10,0xcc,0x20,0x2e,0x03,0x18,0x22,0x00,0x10,0xcc,0x20,0x30,0x03,0x18,0x2c,0x00,0x10,0xcc,0x20,
    0x32,0x03,0x18,0x36,0x00,0x10,0xcc,0x20,0x34,0x03,0x18,0x97,0x00,0x12,0xcc,0x97,0x31,0x02,0x18,0x98,
    0x00,0x12,0xcc,0x98,0x45,0x02,0x18,0x99,0x00,0x12,0xcc,0x99,0x59,0x02,0x18,0x9a,0x00,0x12,0xcc,0x9a,
    0x6d,0x02,0x18,0x18,0x00,0x10,0xcc,0x20,0x36,0x03,0x18,0x22,0x00,0x10,0xcc,0x20,0x38,0x03,0x18,0x2c,
    0x00,0x10,0xcc,0x20,0x3a,0x03,0x18,0x36,0x00,0x10,0xcc,0x20,0x3c,0x03,0x18,0x9b,0x00,0x12,0xcc,0x9b,
    0x31,0x02,0x18,0x9c,0x00,0x12,0xcc,0x9c,0x45,0x02,0x18,0x9d,0x00,0x12,0xcc,0x9d,0x59,0x02,0x18,0x9e,
    0x00,0x12,0xcc,0x9e,0x6d,0x02,0x18,0x00,0x00,0x64,0xe0,0xa3,0x97,0x91,0x80,0x00,0x00,0x64,0xe0,0xa4,
    0x9b,0x91,0x80,0x41,0x81,0xc1,0x80,0x80,0x47,0x47,0x98,0x44,0x43,0x44,0x80,0x45,0x80,0x45,0x82,0x00,
    0x00,0x94,0xe0,0xa3,0x97,0x91,0x80,0x00,0x00,0x94,0xe0,0xa4,0x9b,0x91,0x80,0x41,0x81,0xc1,0x80,0x80,
    0x47,0x47,0x98,0x44,0x43,0x44,0x80,0x45,0x80,0x45,0x82,0x00,0x00,0x64,0xe0,0xa3,0x98,0x91,0x80,0x00,
    0x00,0x64,0xe0,0xa4,0x9c,0x91,0x80,0x41,0x81,0xc1,0x80,0x80,0x47,0x47,0x98,0x44,0x43,0x44,0x80,0x45,
    0x80,0x45,0x82,0x00,0x00,0x94,0xe0,0xa3,0x98,0x91,0x80,0x00,0x00,0x94,0xe0,0xa4,0x9c,0x91,0x80,0x41,
    0x81,0xc1,0x80,0x80,0x47,0x47,0x98,0x44,0x43,0x44,0x80,0x45,0x80,0x45,0x82,0x00,0x00,0x64,0xe0,0xa3,
    0x99,0x91,0x80,0x00,0x00,0x64,0xe0,0xa4,0x9d,0x91,0x80,0x41,0x81,0xc1,0x80,0x80,0x47,0x47,0x98,0x44,
    0x43,0x44,0x80,0x45,0x80,0x45,0x82,0x00,0x00,0x94,0xe0,0xa3,0x99,0x91,0x80,0x00,0x00,0x94,0xe0,0xa4,
    0x9d,0x91,0x80,0x41,0x81,0xc1,0x80,0x80,0x47,0x47,0x98,0x44,0x43,0x44,0x80,0x45,0x80,0x45,0x82,0x00,
    0x00,0x64,0xe0,0xa3,0x9a,0x91,0x80,0x00,0x00,0x64,0xe0,0xa4,0x9e,0x91,0x80,0x41,0x81,0xc1,0x80,0x80,
    0x47,0x47,0x98,0x44,0x43,0x44,0x80,0x45,0x80,0x45,0x82,0x00,0x00,0x94,0xe0,0xa3,0x9a,0x91,0x80,0x00,
    0x00,0x94,0xe0,0xa4,0x9e,0x91,0x80,0x41,0x81,0xc1,0x80,0x80,0x47,0x47,0x98,0x44,0x43,0x44,0x80,0x45,
    0x80,0x45,0x82,0xff,0x00,0xca,0xbe,0x30,0x42,0x00,0x00,0x4c,0x48,0x80,0xbe,0x00,0x00,0x80,0xbf,0x00,
    0x00,0x80,0xbf,0x8f,0x00,0x0f,0xcc,0x8f,0x63,0x00,0x18,0x90,0x00,0x0f,0xcc,0x90,0x6b,0x00,0x18,0x91,
    0x00,0x0f,0xcc,0x91,0x6d,0x00,0x18,0x92,0x00,0x0f,0xcc,0x92,0x6f,0x00,0x18,0x93,0x00,0x0f,0xcc,0x93,
    0x63,0x00,0x18,0x94,0x00,0x0f,0xcc,0x94,0x6b,0x00,0x18,0x95,0x00,0x0f,0xcc,0x95,0x6d,0x00,0x18,0x96,
    0x00,0x0f,0xcc,0x96,0x6f,0x00,0x18,0x18,0x00,0x10,0xcc,0x20,0x1e,0x03,0x18,0x22,0x00,0x10,0xcc,0x20,
    0x20,0x03,0x18,0x2c,0x00,0x10,0xcc,0x20,0x22,0x03,0x18,0x36,0x00,0x10,0xcc,0x20,0x24,0x03,0x18,0x8f,
    0x00,0x11,0xcc,0x8f,0x31,0x02,0x18,0x90,0x00,0x11,0xcc,0x90,0x45,0x02,0x18,0x91,0x00,0x11,0xcc,0x91,
    0x59,0x02,0x18,0x92,0x00,0x11,0xcc,0x92,0x6d,0x02,0x18,0x18,0x00,0x10,0xcc,0x20,0x26,0x03,0x18,0x22,
    0x00,0x10,0xcc,0x20,0x28,0x03,0x18,0x2c,0x00,0x10,0xcc,0x20,0x2a,0x03,0x18,0x36,0x00,0x10,0xcc,0x20,
    0x2c,0x03,0x18,0x93,0x00,0x11,0xcc,0x93,0x31,0x02,0x18,0x94,0x00,0x11,0xcc,0x94,0x45,0x02,0x18,0x95,
    0x00,0x11,0xcc,0x95,0x59,0x02,0x18,0x96,0x00,0x11,0xcc,0x96,0x6d,0x02,0x18,0x00,0x00,0x64,0xe0,0xa3,
    0x8f,0x91,0x80,0x00,0x00,0x64,0xe0,0xa4,0x93,0x91,0x80,0x41,0x81,0xc1,0x80,0x80,0x47,0x47,0x98,0x44,
    0x43,0x44,0x80,0x45,0x80,0x45,0x82,0x00,0x00,0x94,0xe0,0xa3,0x8f,0x91,0x80,0x00,0x00,0x94,0xe0,0xa4,
    0x93,0x91,0x80,0x41,0x81,0xc1,0x80,0x80,0x47,0x47,0x98,0x44,0x43,0x44,0x80,0x45,0x80,0x45,0x82,0x00,
    0x00,0x64,0xe0,0xa3,0x90,0x91,0x80,0x00,0x00,0x64,0xe0,0xa4,0x94,0x91,0x80,0x41,0x81,0xc1,0x80,0x80,
    0x47,0x47,0x98,0x44,0x43,0x44,0x80,0x45,0x80,0x45,0x82,0x00,0x00,0x94,0xe0,0xa3,0x90,0x91,0x80,0x00,
    0x00,0x94,0xe0,0xa4,0x94,0x91,0x80,0x41,0x81,0xc1,0x80,0x80,0x47,0x47,0x98,0x44,0x43,0x44,0x80,0x45,
    0x80,0x45,0x82,0x00,0x00,0x64,0xe0,0xa3,0x91,0x91,0x80,0x00,0x00,0x64,0xe0,0xa4,0x95,0x91,0x80,0x41,
    0x81,0xc1,0x80,0x80,0x47,0x47,0x98,0x44,0x43,0x44,0x80,0x45,0x80,0x45,0x82,0x00,0x00,0x94,0xe0,0xa3,
    0x91,0x91,0x80,0x00,0x00,0x94,0xe0,0xa4,0x95,0x91,0x80,0x41,0x81,0xc1,0x80,0x80,0x47,0x47,0x98,0x44,
    0x43,0x44,0x80,0x45,0x80,0x45,0x82,0x00,0x00,0x64,0xe0,0xa3,0x92,0x91,0x80,0x00,0x00,0x64,0xe0,0xa4,
    0x96,0x91,0x80,0x41,0x81,0xc1,0x80,0x80,0x47,0x47,0x98,0x44,0x43,0x44,0x80,0x45,0x80,0x45,0x82,0x00,
    0x00,0x94,0xe0,0xa3,0x92,0x91,0x80,0x00,0x00,0x94,0xe0,0xa4,0x96,0x91,0x80,0x41,0x81,0xc1,0x80,0x80,
    0x47,0x47,0x98,0x44,0x43,0x44,0x80,0x45,0x80,0x45,0x82,0xff,0x00,0xca,0xbe,0x9c,0x47,0x00,0x00,0x4c,
    0x48,0x80,0xbe,0x97,0x00,0x0f,0xcc,0x97,0x71,0x00,0x18,0x98,0x00,0x0f,0xcc,0x98,0x73,0x00,0x18,0x99,
    0x00,0x0f,0xcc,0x99,0x77,0x00,0x18,0x9a,0x00,0x0f,0xcc,0x9a,0x81,0x00,0x18,0x9b,0x00,0x0f,0xcc,0x9b,
    0x71,0x00,0x18,0x9c,0x00,0x0f,0xcc,0x9c,0x73,0x00,0x18,0x9d,0x00,0x0f,0xcc,0x9d,0x77,0x00,0x18,0x9e,
    0x00,0x0f,0xcc,0x9e,0x81,0x00,0x18,0x18,0x00,0x10,0xcc,0x20,0x2e,0x03,0x18,0x22,0x00,0x10,0xcc,0x20,
    0x30,0x03,0x18,0x2c,0x00,0x10,0xcc,0x20,0x32,0x03,0x18,0x36,0x00,0x10,0xcc,0x20,0x34,0x03,0x18,0x97,
    0x00,0x11,0xcc,0x97,0x31,0x02,0x18,0x98,0x00,0x11,0xcc,0x98,0x45,0x02,0x18,0x99,0x00,0x11,0xcc,0x99,
    0x59,0x02,0x18,0x9a,0x00,0x11,0xcc,0x9a,0x6d,0x02,0x18,0x18,0x00,0x10,0xcc,0x20,0x36,0x03,0x18,0x22,
    0x00,0x10,0xcc,0x20,0x38,0x03,0x18,0x2c,0x00,0x10,0xcc,0x20,0x3a,0x03,0x18,0x36,0x00,0x10,0xcc,0x20,
    0x3c,0x03,0x18,0x9b,0x00,0x11,0xcc,0x9b,0x31,0x02,0x18,0x9c,0x00,0x11,0xcc,0x9c,0x45,0x02,0x18,0x9d,
    0x00,0x11,0xcc,0x9d,0x59,0x02,0x18,0x9e,0x00,0x11,0xcc,0x9e,0x6d,0x02,0x18,0x00,0x00,0x64,0xe0,0xa3,
    0x97,0x91,0x80,0x00,0x00,0x64,0xe0,0xa4,0x9b,0x91,0x80,0x41,0x81,0xc1,0x80,0x80,0x47,0x47,0x98,0x44,
    0x43,0x44,0x80,0x45,0x80,0x45,0x82,0x00,0x00,0x94,0xe0,0xa3,0x97,0x91,0x80,0x00,0x00,0x94,0xe0,0xa4,
    0x9b,0x91,0x80,0x41,0x81,0xc1,0x80,0x80,0x47,0x47,0x98,0x44,0x43,0x44,0x80,0x45,0x80,0x45,0x82,0x00,
    0x00,0x64,0xe0,0xa3,0x98,0x91,0x80,0x00,0x00,0x64,0xe0,0xa4,0x9c,0x91,0x80,0x41,0x81,0xc1,0x80,0x80,
    0x47,0x47,0x98,0x44,0x43,0x44,0x80,0x45,0x80,0x45,0x82,0x00,0x00,0x94,0xe0,0xa3,0x98,0x91,0x80,0x00,
    0x00,0x94,0xe0,0xa4,0x9c,0x91,0x80,0x41,0x81,0xc1,0x80,0x80,0x47,0x47,0x98,0x44,0x43,0x44,0x80,0x45,
    0x80,0x45,0x82,0x00,0x00,0x64,0xe0,0xa3,0x99,0x91,0x80,0x00,0x00,0x64,0xe0,0xa4,0x9d,0x91,0x80,0x41,
    0x81,0xc1,0x80,0x80,0x47,0x47,0x98,0x44,0x43,0x44,0x80,0x45,0x80,0x45,0x82,0x00,0x00,0x94,0xe0,0xa3,
    0x99,0x91,0x80,0x00,0x00,0x94,0xe0,0xa4,0x9d,0x91,0x80,0x41,0x81,0xc1,0x80,0x80,0x47,0x47,0x98,0x44,
    0x43,0x44,0x80,0x45,0x80,0x45,0x82,0x00,0x00,0x64,0xe0,0xa3,0x9a,0x91,0x80,0x00,0x00,0x64,0xe0,0xa4,
    0x9e,0x91,0x80,0x41,0x81,0xc1,0x80,0x80,0x47,0x47,0x98,0x44,0x43,0x44,0x80,0x45,0x80,0x45,0x82,0x00,
    0x00,0x94,0xe0,0xa3,0x9a,0x91,0x80,0x00,0x00,0x94,0xe0,0xa4,0x9e,0x91,0x80,0x41,0x81,0xc1,0x80,0x80,
    0x47,0x47,0x98,0x44,0x43,0x44,0x80,0x45,0x80,0x45,0x82,0xff,0x00,0xca,0xbe,0xd0,0x45,0x00,0x00,0x4c,
    0x48,0x80,0xbe,0x00,0x00,0x80,0xbf,0x00,0x00,0x80,0xbf,0x8f,0x00,0x0f,0xcc,0x8f,0x63,0x00,0x18,0x90,
    0x00,0x0f,0xcc,0x90,0x6b,0x00,0x18,0x91,0x00,0x0f,0xcc,0x91,0x6d,0x00,0x18,0x92,0x00,0x0f,0xcc,0x92,
    0x6f,0x00,0x18,0x93,0x00,0x0f,0xcc,0x93,0x63,0x00,0x18,0x94,0x00,0x0f,0xcc,0x94,0x6b,0x00,0x18,0x95,
    0x00,0x0f,0xcc,0x95,0x6d,0x00,0x18,0x96,0x00,0x0f,0xcc,0x96,0x6f,0x00,0x18,0x8f,0x00,0x12,0xcc,0x80,
    0x1e,0x03,0x18,0x90,0x00,0x12,0xcc,0x80,0x20,0x03,0x18,0x91,0x00,0x12,0xcc,0x80,0x22,0x03,0x18,0x92,
    0x00,0x12,0xcc,0x80,0x24,0x03,0x18,0x93,0x00,0x12,0xcc,0x80,0x26,0x03,0x18,0x94,0x00,0x12,0xcc,0x80,
    0x28,0x03,0x18,0x95,0x00,0x12,0xcc,0x80,0x2a,0x03,0x18,0x96,0x00,0x12,0xcc,0x80,0x2c,0x03,0x18,0x00,
    0x00,0x64,0xe0,0xa3,0x8f,0x91,0x80,0x00,0x00,0x64,0xe0,0xa4,0x93,0x91,0x80,0x41,0x81,0xc1,0x80,0x80,
    0x47,0x47,0x98,0x44,0x43,0x44,0x80,0x45,0x80,0x45,0x82,0x00,0x00,0x94,0xe0,0xa3,0x8f,0x91,0x80,0x00,
    0x00,0x94,0xe0,0xa4,0x93,0x91,0x80,0x41,0x81,0xc1,0x80,0x80,0x47,0x47,0x98,0x44,0x43,0x44,0x80,0x45,
    0x80,0x45,0x82,0x00,0x00,0x64,0xe0,0xa3,0x90,0x91,0x80,0x00,0x00,0x64,0xe0,0xa4,0x94,0x91,0x80,0x41,
    0x81,0xc1,0x80,0x80,0x47,0x47,0x98,0x44,0x43,0x44,0x80,0x45,0x80,0x45,0x82,0x00,0x00,0x94,0xe0,0xa3,
    0x90,0x91,0x80,0x00,0x00,0x94,0xe0,0xa4,0x94,0x91,0x80,0x41,0x81,0xc1,0x80,0x80,0x47,0x47,0x98,0x44,
    0x43,0x44,0x80,0x45,0x80,0x45,0x82,0x00,0x00,0x64,0xe0,0xa3,0x91,0x91,0x80,0x00,0x00,0x64,0xe0,0xa4,
    0x95,0x91,0x80,0x41,0x81,0xc1,0x80,0x80,0x47,0x47,0x98,0x44,0x43,0x44,0x80,0x45,0x80,0x45,0x82,0x00,
    0x00,0x94,0xe0,0xa3,0x91,0x91,0x80,0x00,0x00,0x94,0xe0,0xa4,0x95,0x91,0x80,0x41,0x81,0xc1,0x80,0x80,
    0x47,0x47,0x98,0x44,0x43,0x44,0x80,0x45,0x80,0x45,0x82,0x00,0x00,0x64,0xe0,0xa3,0x92,0x91,0x80,0x00,
    0x00,0x64,0xe0,0xa4,0x96,0x91,0x80,0x41,0x81,0xc1,0x80,0x80,0x47,0x47,0x98,0x44,0x43,0x44,0x80,0x45,
    0x80,0x45,0x82,0x00,0x00,0x94,0xe0,0xa3,0x92,0x91,0x80,0x00,0x00,0x94,0xe0,0xa4,0x96,0x91,0x80,0x41,
    0x81,0xc1,0x80,0x80,0x47,0x47,0x98,0x44,0x43,0x44,0x80,0x45,0x80,0x45,0x82,0xff,0x00,0xca,0xbe,0xfc,
    0x4a,0x00,0x00,0x4c,0x48,0x80,0xbe,0x97,0x00,0x0f,0xcc,0x97,0x71,0x00,0x18,0x98,0x00,0x0f,0xcc,0x98,
    0x73,0x00,0x18,0x99,0x00,0x0f,0xcc,0x99,0x77,0x00,0x18,0x9a,0x00,0x0f,0xcc,0x9a,0x81,0x00,0x18,0x9b,
    0x00,0x0f,0xcc,0x9b,0x71,0x00,0x18,0x9c,0x00,0x0f,0xcc,0x9c,0x73,0x00,0x18,0x9d,0x00,0x0f,0xcc,0x9d,
    0x77,0x00,0x18,0x9e,0x00,0x0f,0xcc,0x9e,0x81,0x00,0x18,0x97,0x00,0x12,0xcc,0x80,0x2e,0x03,0x18,0x98,
    0x00,0x12,0xcc,0x80,0x30,0x03,0x18,0x99,0x00,0x12,0xcc,0x80,0x32,0x03,0x18,0x9a,0x00,0x12,0xcc,0x80,
    0x34,0x03,0x18,0x9b,0x00,0x12,0xcc,0x80,0x36,0x03,0x18,0x9c,0x00,0x12,0xcc,0x80,0x38,0x03,0x18,0x9d,
    0x00,0x12,0xcc,0x80,0x3a,0x03,0x18,0x9e,0x00,0x12,0xcc,0x80,0x3c,0x03,0x18,0x00,0x00,0x64,0xe0,0xa3,
    0x97,0x91,0x80,0x00,0x00,0x64,0xe0,0xa4,0x9b,0x91,0x80,0x41,0x81,0xc1,0x80,0x80,0x47,0x47,0x98,0x44,
    0x43,0x44,0x80,0x45,0x80,0x45,0x82,0x00,0x00,0x94,0xe0,0xa3,0x97,0x91,0x80,0x00,0x00,0x94,0xe0,0xa4,
    0x9b,0x91,0x80,0x41,0x81,0xc1,0x80,0x80,0x47,0x47,0x98,0x44,0x43,0x44,0x80,0x45,0x80,0x45,0x82,0x00,
    0x00,0x64,0xe0,0xa3,0x98,0x91,0x80,0x00,0x00,0x64,0xe0,0xa4,0x9c,0x91,0x80,0x41,0x81,0xc1,0x80,0x80,
    0x47,0x47,0x98,0x44,0x43,0x44,0x80,0x45,0x80,0x45,0x82,0x00,0x00,0x94,0xe0,0xa3,0x98,0x91,0x80,0x00,
    0x00,0x94,0xe0,0xa4,0x9c,0x91,0x80,0x41,0x81,0xc1,0x80,0x80,0x47,0x47,0x98,0x44,0x43,0x44,0x80,0x45,
    0x80,0x45,0x82,0x00,0x00,0x64,0xe0,0xa3,0x99,0x91,0x80,0x00,0x00,0x64,0xe0,0xa4,0x9d,0x91,0x80,0x41,
    0x81,0xc1,0x80,0x80,0x47,0x47,0x98,0x44,0x43,0x44,0x80,0x45,0x80,0x45,0x82,0x00,0x00,0x94,0xe0,0xa3,
    0x99,0x91,0x80,0x00,0x00,0x94,0xe0,0xa4,0x9d,0x91,0x80,0x41,0x81,0xc1,0x80,0x80,0x47,0x47,0x98,0x44,
    0x43,0x44,0x80,0x45,0x80,0x45,0x82,0x00,0x00,0x64,0xe0,0xa3,0x9a,0x91,0x80,0x00,0x00,0x64,0xe0,0xa4,
    0x9e,0x91,0x80,0x41,0x81,0xc1,0x80,0x80,0x47,0x47,0x98,0x44,0x43,0x44,0x80,0x45,0x80,0x45,0x82,0x00,
    0x00,0x94,0xe0,0xa3,0x9a,0x91,0x80,0x00,0x00,0x94,0xe0,0xa4,0x9e,0x91,0x80,0x41,0x81,0xc1,0x80,0x80,
    0x47,0x47,0x98,0x44,0x43,0x44,0x80,0x45,0x80,0x45,0x82,0xff,0x00,0xca,0xbe,0x70,0x49,0x00,0x00,0x4c,
    0x48,0x80,0xbe,0x00,0x00,0x80,0xbf,0x00,0x00,0x80,0xbf,0x8f,0x00,0x0f,0xcc,0x8f,0x63,0x00,0x18,0x90,
    0x00,0x0f,0xcc,0x90,0x6b,0x00,0x18,0x91,0x00,0x0f,0xcc,0x91,0x6d,0x00,0x18,0x92,0x00,0x0f,0xcc,0x92,
    0x6f,0x00,0x18,0x93,0x00,0x0f,0xcc,0x93,0x63,0x00,0x18,0x94,0x00,0x0f,0xcc,0x94,0x6b,0x00,0x18,0x95,
    0x00,0x0f,0xcc,0x95,0x6d,0x00,0x18,0x96,0x00,0x0f,0xcc,0x96,0x6f,0x00,0x18,0x8f,0x00,0x10,0xcc,0xff,
    0x1e,0x03,0x18,0xc5,0xbd,0xc5,0xbd,0x90,0x00,0x10,0xcc,0xff,0x20,0x03,0x18,0xc5,0xbd,0xc5,0xbd,0x91,
    0x00,0x10,0xcc,0xff,0x22,0x03,0x18,0xc5,0xbd,0xc5,0xbd,0x92,0x00,0x10,0xcc,0xff,0x24,0x03,0x18,0xc5,
    0xbd,0xc5,0xbd,0x8f,0x00,0xd8,0xd5,0x8f,0x01,0x00,0x00,0x90,0x00,0xd8,0xd5,0x90,0x01,0x00,0x00,0x91,
    0x00,0xd8,0xd5,0x91,0x01,0x00,0x00,0x92,0x00,0xd8,0xd5,0x92,0x01,0x00,0x00,0x8f,0x48,0xd8,0xd5,0x8f,
    0x01,0x00,0x00,0x90,0x48,0xd8,0xd5,0x90,0x01,0x00,0x00,0x91,0x48,0xd8,0xd5,0x91,0x01,0x00,0x00,0x92,
    0x48,0xd8,0xd5,0x92,0x01,0x00,0x00,0x8f,0x00,0x0f,0xcc,0xf2,0x1e,0x03,0x10,0x90,0x00,0x0f,0xcc,0xf2,
    0x20,0x03,0x10,0x91,0x00,0x0f,0xcc,0xf2,0x22,0x03,0x10,0x92,0x00,0x0f,0xcc,0xf2,0x24,0x03,0x10,0x8f,
    0x00,0xd4,0xd5,0x8f,0x01,0x00,0x00,0x90,0x00,0xd4,0xd5,0x90,0x01,0x00,0x00,0x91,0x00,0xd4,0xd5,0x91,
    0x01,0x00,0x00,0x92,0x00,0xd4,0xd5,0x92,0x01,0x00,0x00,0x8f,0x48,0xd4,0xd5,0x8f,0x01,0x00,0x00,0x90,
    0x48,0xd4,0xd5,0x90,0x01,0x00,0x00,0x91,0x48,0xd4,0xd5,0x91,0x01,0x00,0x00,0x92,0x48,0xd4,0xd5,0x92,
    0x01,0x00,0x00,0x93,0x00,0x10,0xcc,0xff,0x26,0x03,0x18,0xc5,0xbd,0xc5,0xbd,0x94,0x00,0x10,0xcc,0xff,
    0x28,0x03,0x18,0xc5,0xbd,0xc5,0xbd,0x95,0x00,0x10,0xcc,0xff,0x2a,0x03,0x18,0xc5,0xbd,0xc5,0xbd,0x96,
    0x00,0x10,0xcc,0xff,0x2c,0x03,0x18,0xc5,0xbd,0xc5,0xbd,0x93,0x00,0xd8,0xd5,0x93,0x01,0x00,0x00,0x94,
    0x00,0xd8,0xd5,0x94,0x01,0x00,0x00,0x95,0x00,0xd8,0xd5,0x95,0x01,0x00,0x00,0x96,0x00,0xd8,0xd5,0x96,
    0x01,0x00,0x00,0x93,0x48,0xd8,0xd5,0x93,0x01,0x00,0x00,0x94,0x48,0xd8,0xd5,0x94,0x01,0x00,0x00,0x95,
    0x48,0xd8,0xd5,0x95,0x01,0x00,0x00,0x96,0x48,0xd8,0xd5,0x96,0x01,0x00,0x00,0x93,0x00,0x0f,0xcc,0xf2,
    0x26,0x03,0x10,0x94,0x00,0x0f,0xcc,0xf2,0x28,0x03,0x10,0x95,0x00,0x0f,0xcc,0xf2,0x2a,0x03,0x10,0x96,
    0x00,0x0f,0xcc,0xf2,0x2c,0x03,0x10,0x93,0x00,0xd4,0xd5,0x93,0x01,0x00,0x00,0x94,0x00,0xd4,0xd5,0x94,
    0x01,0x00,0x00,0x95,0x00,0xd4,0xd5,0x95,0x01,0x00,0x00,0x96,0x00,0xd4,0xd5,0x96,0x01,0x00,0x00,0x93,
    0x48,0xd4,0xd5,0x93,0x01,0x00,0x00,0x94,0x48,0xd4,0xd5,0x94,0x01,0x00,0x00,0x95,0x48,0xd4,0xd5,0x95,
    0x01,0x00,0x00,0x96,0x48,0xd4,0xd5,0x96,0x01,0x00,0x00,0x00,0x00,0x64,0xe0,0xa3,0x8f,0x91,0x80,0x00,
    0x00,0x64,0xe0,0xa4,0x93,0x91,0x80,0x41,0x81,0xc1,0x80,0x80,0x47,0x47,0x98,0x44,0x43,0x44,0x80,0x45,
    0x80,0x45,0x82,0x00,0x00,0x94,0xe0,0xa3,0x8f,0x91,0x80,0x00,0x00,0x94,0xe0,0xa4,0x93,0x91,0x80,0x41,
    0x81,0xc1,0x80,0x80,0x47,0x47,0x98,0x44,0x43,0x44,0x80,0x45,0x80,0x45,0x82,0x00,0x00,0x64,0xe0,0xa3,
    0x90,0x91,0x80,0x00,0x00,0x64,0xe0,0xa4,0x94,0x91,0x80,0x41,0x81,0xc1,0x80,0x80,0x47,0x47,0x98,0x44,
    0x43,0x44,0x80,0x45,0x80,0x45,0x82,0x00,0x00,0x94,0xe0,0xa3,0x90,0x91,0x80,0x00,0x00,0x94,0xe0,0xa4,
    0x94,0x91,0x80,0x41,0x81,0xc1,0x80,0x80,0x47,0x47,0x98,0x44,0x43,0x44,0x80,0x45,0x80,0x45,0x82,0x00,
    0x00,0x64,0xe0,0xa3,0x91,0x91,0x80,0x00,0x00,0x64,0xe0,0xa4,0x95,0x91,0x80,0x41,0x81,0xc1,0x80,0x80,
    0x47,0x47,0x98,0x44,0x43,0x44,0x80,0x45,0x80,0x45,0x82,0x00,0x00,0x94,0xe0,0xa3,0x91,0x91,0x80,0x00,
    0x00,0x94,0xe0,0xa4,0x95,0x91,0x80,0x41,0x81,0xc1,0x80,0x80,0x47,0x47,0x98,0x44,0x43,0x44,0x80,0x45,
    0x80,0x45,0x82,0x00,0x00,0x64,0xe0,0xa3,0x92,0x91,0x80,0x00,0x00,0x64,0xe0,0xa4,0x96,0x91,0x80,0x41,
    0x81,0xc1,0x80,0x80,0x47,0x47,0x98,0x44,0x43,0x44,0x80,0x45,0x80,0x45,0x82,0x00,0x00,0x94,0xe0,0xa3,
    0x92,0x91,0x80,0x00,0x00,0x94,0xe0,0xa4,0x96,0x91,0x80,0x41,0x81,0xc1,0x80,0x80,0x47,0x47,0x98,0x44,
    0x43,0x44,0x80,0x45,0x80,0x45,0x82,0xff,0x00,0xca,0xbe,0x7c,0x4f,0x00,0x00,0x4c,0x48,0x80,0xbe,0x97,
    0x00,0x0f,0xcc,0x97,0x71,0x00,0x18,0x98,0x00,0x0f,0xcc,0x98,0x73,0x00,0x18,0x99,0x00,0x0f,0xcc,0x99,
    0x77,0x00,0x18,0x9a,0x00,0x0f,0xcc,0x9a,0x81,0x00,0x18,0x9b,0x00,0x0f,0xcc,0x9b,0x71,0x00,0x18,0x9c,
    0x00,0x0f,0xcc,0x9c,0x73,0x00,0x18,0x9d,0x00,0x0f,0xcc,0x9d,0x77,0x00,0x18,0x9e,0x00,0x0f,0xcc,0x9e,
    0x81,0x00,0x18,0x97,0x00,0x10,0xcc,0xff,0x2e,0x03,0x18,0xc5,0xbd,0xc5,0xbd,0x98,0x00,0x10,0xcc,0xff,
    0x30,0x03,0x18,0xc5,0xbd,0xc5,0xbd,0x99,0x00,0x10,0xcc,0xff,0x32,0x03,0x18,0xc5,0xbd,0xc5,0xbd,0x9a,
    0x00,0x10,0xcc,0xff,0x34,0x03,0x18,0xc5,0xbd,0xc5,0xbd,0x97,0x00,0xd8,0xd5,0x97,0x01,0x00,0x00,0x98,
    0x00,0xd8,0xd5,0x98,0x01,0x00,0x00,0x99,0x00,0xd8,0xd5,0x99,0x01,0x00,0x00,0x9a,0x00,0xd8,0xd5,0x9a,
    0x01,0x00,0x00,0x97,0x48,0xd8,0xd5,0x97,0x01,0x00,0x00,0x98,0x48,0xd8,0xd5,0x98,0x01,0x00,0x00,0x99,
    0x48,0xd8,0xd5,0x99,0x01,0x00,0x00,0x9a,0x48,0xd8,0xd5,0x9a,0x01,0x00,0x00,0x97,0x00,0x0f,0xcc,0xf2,
    0x2e,0x03,0x10,0x98,0x00,0x0f,0xcc,0xf2,0x30,0x03,0x10,0x99,0x00,0x0f,0xcc,0xf2,0x32,0x03,0x10,0x9a,
    0x00,0x0f,0xcc,0xf2,0x34,0x03,0x10,0x97,0x00,0xd4,0xd5,0x97,0x01,0x00,0x00,0x98,0x00,0xd4,0xd5,0x98,
    0x01,0x00,0x00,0x99,0x00,0xd4,0xd5,0x99,0x01,0x00,0x00,0x9a,0x00,0xd4,0xd5,0x9a,0x01,0x00,0x00,0x97,
    0x48,0xd4,0xd5,0x97,0x01,0x00,0x00,0x98,0x48,0xd4,0xd5,0x98,0x01,0x00,0x00,0x99,0x48,0xd4,0xd5,0x99,
    0x01,0x00,0x00,0x9a,0x48,0xd4,0xd5,0x9a,0x01,0x00,0x00,0x9b,0x00,0x10,0xcc,0xff,0x36,0x03,0x18,0xc5,
    0xbd,0xc5,0xbd,0x9c,0x00,0x10,0xcc,0xff,0x38,0x03,0x18,0xc5,0xbd,0xc5,0xbd,0x9d,0x00,0x10,0xcc,0xff,
    0x3a,0x03,0x18,0xc5,0xbd,0xc5,0xbd,0x9e,0x00,0x10,0xcc,0xff,0x3c,0x03,0x18,0xc5,0xbd,0xc5,0xbd,0x9b,
    0x00,0xd8,0xd5,0x9b,0x01,0x00,0x00,0x9c,0x00,0xd8,0xd5,0x9c,0x01,0x00,0x00,0x9d,0x00,0xd8,0xd5,0x9d,
    0x01,0x00,0x00,0x9e,0x00,0xd8,0xd5,0x9e,0x01,0x00,0x00,0x9b,0x48,0xd8,0xd5,0x9b,0x01,0x00,0x00,0x9c,
    0x48,0xd8,0xd5,0x9c,0x01,0x00,0x00,0x9d,0x48,0xd8,0xd5,0x9d,0x01,0x00,0x00,0x9e,0x48,0xd8,0xd5,0x9e,
    0x01,0x00,0x00,0x9b,0x00,0x0f,0xcc,0xf2,0x36,0x03,0x10,0x9c,0x00,0x0f,0xcc,0xf2,0x38,0x03,0x10,0x9d,
    0x00,0x0f,0xcc,0xf2,0x3a,0x03,0x10,0x9e,0x00,0x0f,0xcc,0xf2,0x3c,0x03,0x10,0x9b,0x00,0xd4,0xd5,0x9b,
    0x01,0x00,0x00,0x9c,0x00,0xd4,0xd5,0x9c,0x01,0x00,0x00,0x9d,0x00,0xd4,0xd5,0x9d,0x01,0x00,0x00,0x9e,
    0x00,0xd4,0xd5,0x9e,0x01,0x00,0x00,0x9b,0x48,0xd4,0xd5,0x9b,0x01,0x00,0x00,0x9c,0x48,0xd4,0xd5,0x9c,
    0x01,0x00,0x00,0x9d,0x48,0xd4,0xd5,0x9d,0x01,0x00,0x00,0x9e,0x48,0xd4,0xd5,0x9e,0x01,0x00,0x00,0x00,
    0x00,0x64,0xe0,0xa3,0x97,0x91,0x80,0x00,0x00,0x64,0xe0,0xa4,0x9b,0x91,0x80,0x41,0x81,0xc1,0x80,0x80,
    0x47,0x47,0x98,0x44,0x43,0x44,0x80,0x45,0x80,0x45,0x82,0x00,0x00,0x94,0xe0,0xa3,0x97,0x91,0x80,0x00,
    0x00,0x94,0xe0,0xa4,0x9b,0x91,0x80,0x41,0x81,0xc1,0x80,0x80,0x47,0x47,0x98,0x44,0x43,0x44,0x80,0x45,
    0x80,0x45,0x82,0x00,0x00,0x64,0xe0,0xa3,0x98,0x91,0x80,0x00,0x00,0x64,0xe0,0xa4,0x9c,0x91,0x80,0x41,
    0x81,0xc1,0x80,0x80,0x47,0x47,0x98,0x44,0x43,0x44,0x80,0x45,0x80,0x45,0x82,0x00,0x00,0x94,0xe0,0xa3,
    0x98,0x91,0x80,0x00,0x00,0x94,0xe0,0xa4,0x9c,0x91,0x80,0x41,0x81,0xc1,0x80,0x80,0x47,0x47,0x98,0x44,
    0x43,0x44,0x80,0x45,0x80,0x45,0x82,0x00,0x00,0x64,0xe0,0xa3,0x99,0x91,0x80,0x00,0x00,0x64,0xe0,0xa4,
    0x9d,0x91,0x80,0x41,0x81,0xc1,0x80,0x80,0x47,0x47,0x98,0x44,0x43,0x44,0x80,0x45,0x80,0x45,0x82,0x00,
    0x00,0x94,0xe0,0xa3,0x99,0x91,0x80,0x00,0x00,0x94,0xe0,0xa4,0x9d,0x91,0x80,0x41,0x81,0xc1,0x80,0x80,
    0x47,0x47,0x98,0x44,0x43,0x44,0x80,0x45,0x80,0x45,0x82,0x00,0x00,0x64,0xe0,0xa3,0x9a,0x91,0x80,0x00,
    0x00,0x64,0xe0,0xa4,0x9e,0x91,0x80,0x41,0x81,0xc1,0x80,0x80,0x47,0x47,0x98,0x44,0x43,0x44,0x80,0x45,
    0x80,0x45,0x82,0x00,0x00,0x94,0xe0,0xa3,0x9a,0x91,0x80,0x00,0x00,0x94,0xe0,0xa4,0x9e,0x91,0x80,0x41,
    0x81,0xc1,0x80,0x80,0x47,0x47,0x98,0x44,0x43,0x44,0x80,0x45,0x80,0x45,0x82,0xff,0x00,0xca,0xbe,0x90,
    0x4c,0x00,0x00,0x4c,0x48,0x80,0xbe,0x00,0x00,0x80,0xbf,0x00,0x00,0x80,0xbf,0x8f,0x00,0x0f,0xcc,0x8f,
    0x63,0x00,0x18,0x90,0x00,0x0f,0xcc,0x90,0x6b,0x00,0x18,0x91,0x00,0x0f,0xcc,0x91,0x6d,0x00,0x18,0x92,
    0x00,0x0f,0xcc,0x92,0x6f,0x00,0x18,0x93,0x00,0x0f,0xcc,0x93,0x63,0x00,0x18,0x94,0x00,0x0f,0xcc,0x94,
    0x6b,0x00,0x18,0x95,0x00,0x0f,0xcc,0x95,0x6d,0x00,0x18,0x96,0x00,0x0f,0xcc,0x96,0x6f,0x00,0x18,0x8f,
    0x00,0x10,0xcc,0x8f,0x43,0x00,0x18,0x90,0x00,0x10,0xcc,0x90,0x43,0x00,0x18,0x91,0x00,0x10,0xcc,0x91,
    0x43,0x00,0x18,0x92,0x00,0x10,0xcc,0x92,0x43,0x00,0x18,0xff,0x1e,0x31,0x36,0xff,0x7f,0xff,0x7f,0xff,
    0x20,0x45,0x36,0xff,0x7f,0xff,0x7f,0xff,0x22,0x59,0x36,0xff,0x7f,0xff,0x7f,0xff,0x24,0x6d,0x36,0xff,
    0x7f,0xff,0x7f,0xff,0x02,0x3a,0x7e,0x2e,0xb6,0x2e,0xb6,0xff,0x02,0x4e,0x7e,0x2e,0xb6,0x2e,0xb6,0xff,
    0x02,0x62,0x7e,0x2e,0xb6,0x2e,0xb6,0xff,0x02,0x76,0x7e,0x2e,0xb6,0x2e,0xb6,0x1d,0x40,0x0e,0xcc,0x18,
    0xff,0x75,0x1c,0x88,0x30,0x88,0x30,0x27,0x40,0x0e,0xcc,0x22,0xff,0x9d,0x1c,0x88,0x30,0x88,0x30,0x31,
    0x40,0x0e,0xcc,0x2c,0xff,0xc5,0x1c,0x88,0x30,0x88,0x30,0x3b,0x40,0x0e,0xcc,0x36,0xff,0xed,0x1c,0x88,
    0x30,0x88,0x30,0x1d,0x40,0x0e,0xcc,0x18,0x3b,0xfe,0x1b,0x33,0x1e,0x33,0x1e,0x27,0x40,0x0e,0xcc,0x22,
    0x4f,0xfe,0x1b,0x33,0x1e,0x33,0x1e,0x31,0x40,0x0e,0xcc,0x2c,0x63,0xfe,0x1b,0x33,0x1e,0x33,0x1e,0x3b,
    0x40,0x0e,0xcc,0x36,0x77,0xfe,0x1b,0x33,0x1e,0x33,0x1e,0x1d,0x00,0x10,0xcc,0x18,0x3b,0x02,0x18,0x27,
    0x00,0x10,0xcc,0x22,0x4f,0x02,0x18,0x31,0x00,0x10,0xcc,0x2c,0x63,0x02,0x18,0x3b,0x00,0x10,0xcc,0x36,
    0x77,0x02,0x18,0x1d,0x40,0x0e,0xcc,0x18,0x3b,0x62,0x1c,0x27,0x40,0x0e,0xcc,0x22,0x4f,0x8a,0x1c,0x31,
    0x40,0x0e,0xcc,0x2c,0x63,0xb2,0x1c,0x3b,0x40,0x0e,0xcc,0x36,0x77,0xda,0x1c,0x18,0x00,0x10,0xcc,0xff,
    0x30,0x02,0x18,0xc5,0x41,0xc5,0x41,0x22,0x00,0x10,0xcc,0xff,0x44,0x02,0x18,0xc5,0x41,0xc5,0x41,0x2c,
    0x00,0x10,0xcc,0xff,0x58,0x02,0x18,0xc5,0x41,0xc5,0x41,0x36,0x00,0x10,0xcc,0xff,0x6c,0x02,0x18,0xc5,
    0x41,0xc5,0x41,0x18,0xb1,0x30,0x7e,0x22,0xb1,0x44,0x7e,0x2c,0xb1,0x58,0x7e,0x36,0xb1,0x6c,0x7e,0x98,
    0xb1,0x30,0x7f,0xa2,0xb1,0x44,0x7f,0xac,0xb1,0x58,0x7f,0xb6,0xb1,0x6c,0x7f,0x18,0x00,0x0f,0xcc,0xf2,
    0x30,0x02,0x10,0x22,0x00,0x0f,0xcc,0xf2,0x44,0x02,0x10,0x2c,0x00,0x0f,0xcc,0xf2,0x58,0x02,0x10,0x36,
    0x00,0x0f,0xcc,0xf2,0x6c,0x02,0x10,0x18,0xa9,0x30,0x7e,0x22,0xa9,0x44,0x7e,0x2c,0xa9,0x58,0x7e,0x36,
    0xa9,0x6c,0x7e,0x98,0xa9,0x30,0x7f,0xa2,0xa9,0x44,0x7f,0xac,0xa9,0x58,0x7f,0xb6,0xa9,0x6c,0x7f,0x18,
    0x00,0x0e,0xcc,0x18,0xeb,0xc9,0x0b,0x22,0x00,0x0e,0xcc,0x22,0xeb,0xc9,0x0b,0x2c,0x00,0x0e,0xcc,0x2c,
    0xeb,0xc9,0x0b,0x36,0x00,0x0e,0xcc,0x36,0xeb,0xc9,0x0b,0x6a,0x01,0x04,0xd4,0x8f,0xff,0x01,0x00,0xc2,
    0x3b,0xc2,0x3b,0x1d,0x00,0x5d,0xd6,0x1d,0x31,0xaa,0x01,0x6a,0x01,0x04,0xd4,0x90,0xff,0x01,0x00,0xc2,
    0x3b,0xc2,0x3b,0x27,0x00,0x5d,0xd6,0x27,0x45,0xaa,0x01,0x6a,0x01,0x04,0xd4,0x91,0xff,0x01,0x00,0xc2,
    0x3b,0xc2,0x3b,0x31,0x00,0x5d,0xd6,0x31,0x59,0xaa,0x01,0x6a,0x01,0x04,0xd4,0x92,0xff,0x01,0x00,0xc2,
    0x3b,0xc2,0x3b,0x3b,0x00,0x5d,0xd6,0x3b,0x6d,0xaa,0x01,0x6a,0x19,0x04,0xd4,0x8f,0xff,0x01,0x00,0xc2,
    0x3b,0xc2,0x3b,0x1d,0x58,0x5d,0xd6,0x1d,0x31,0xaa,0x01,0x6a,0x19,0x04,0xd4,0x90,0xff,0x01,0x00,0xc2,
    0x3b,0xc2,0x3b,0x27,0x58,0x5d,0xd6,0x27,0x45,0xaa,0x01,0x6a,0x19,0x04,0xd4,0x91,0xff,0x01,0x00,0xc2,
    0x3b,0xc2,0x3b,0x31,0x58,0x5d,0xd6,0x31,0x59,0xaa,0x01,0x6a,0x19,0x04,0xd4,0x92,0xff,0x01,0x00,0xc2,
    0x3b,0xc2,0x3b,0x3b,0x58,0x5d,0xd6,0x3b,0x6d,0xaa,0x01,0x8f,0x00,0x12,0xd6,0xff,0x3a,0x3e,0x06,0xff,
    0x7f,0xff,0x7f,0x90,0x00,0x12,0xd6,0xff,0x4e,0x42,0x06,0xff,0x7f,0xff,0x7f,0x91,0x00,0x12,0xd6,0xff,
    0x62,0x46,0x06,0xff,0x7f,0xff,0x7f,0x92,0x00,0x12,0xd6,0xff,0x76,0x4a,0x06,0xff,0x7f,0xff,0x7f,0x8f,
    0x00,0x10,0xcc,0x8f,0x41,0x00,0x18,0x90,0x00,0x10,0xcc,0x90,0x41,0x00,0x18,0x91,0x00,0x10,0xcc,0x91,
    0x41,0x00,0x18,0x92,0x00,0x10,0xcc,0x92,0x41,0x00,0x18,0x93,0x00,0x10,0xcc,0x93,0x43,0x00,0x18,0x94,
    0x00,0x10,0xcc,0x94,0x43,0x00,0x18,0x95,0x00,0x10,0xcc,0x95,0x43,0x00,0x18,0x96,0x00,0x10,0xcc,0x96,
    0x43,0x00,0x18,0xff,0x26,0x31,0x36,0xff,0x7f,0xff,0x7f,0xff,0x28,0x45,0x36,0xff,0x7f,0xff,0x7f,0xff,
    0x2a,0x59,0x36,0xff,0x7f,0xff,0x7f,0xff,0x2c,0x6d,0x36,0xff,0x7f,0xff,0x7f,0xff,0x02,0x3a,0x7e,0x2e,
    0xb6,0x2e,0xb6,0xff,0x02,0x4e,0x7e,0x2e,0xb6,0x2e,0xb6,0xff,0x02,0x62,0x7e,0x2e,0xb6,0x2e,0xb6,0xff,
    0x02,0x76,0x7e,0x2e,0xb6,0x2e,0xb6,0x1d,0x40,0x0e,0xcc,0x18,0xff,0x75,0x1c,0x88,0x30,0x88,0x30,0x27,
    0x40,0x0e,0xcc,0x22,0xff,0x9d,0x1c,0x88,0x30,0x88,0x30,0x31,0x40,0x0e,0xcc,0x2c,0xff,0xc5,0x1c,0x88,
    0x30,0x88,0x30,0x3b,0x40,0x0e,0xcc,0x36,0xff,0xed,0x1c,0x88,0x30,0x88,0x30,0x1d,0x40,0x0e,0xcc,0x18,
    0x3b,0xfe,0x1b,0x33,0x1e,0x33,0x1e,0x27,0x40,0x0e,0xcc,0x22,0x4f,0xfe,0x1b,0x33,0x1e,0x33,0x1e,0x31,
    0x40,0x0e,0xcc,0x2c,0x63,0xfe,0x1b,0x33,0x1e,0x33,0x1e,0x3b,0x40,0x0e,0xcc,0x36,0x77,0xfe,0x1b,0x33,
    0x1e,0x33,0x1e,0x1d,0x00,0x10,0xcc,0x18,0x3b,0x02,0x18,0x27,0x00,0x10,0xcc,0x22,0x4f,0x02,0x18,0x31,
    0x00,0x10,0xcc,0x2c,0x63,0x02,0x18,0x3b,0x00,0x10,0xcc,0x36,0x77,0x02,0x18,0x1d,0x40,0x0e,0xcc,0x18,
    0x3b,0x62,0x1c,0x27,0x40,0x0e,0xcc,0x22,0x4f,0x8a,0x1c,0x31,0x40,0x0e,0xcc,0x2c,0x63,0xb2,0x1c,0x3b,
    0x40,0x0e,0xcc,0x36,0x77,0xda,0x1c,0x18,0x00,0x10,0xcc,0xff,0x30,0x02,0x18,0xc5,0x41,0xc5,0x41,0x22,
    0x00,0x10,0xcc,0xff,0x44,0x02,0x18,0xc5,0x41,0xc5,0x41,0x2c,0x00,0x10,0xcc,0xff,0x58,0x02,0x18,0xc5,
    0x41,0xc5,0x41,0x36,0x00,0x10,0xcc,0xff,0x6c,0x02,0x18,0xc5,0x41,0xc5,0x41,0x18,0xb1,0x30,0x7e,0x22,
    0xb1,0x44,0x7e,0x2c,0xb1,0x58,0x7e,0x36,0xb1,0x6c,0x7e,0x98,0xb1,0x30,0x7f,0xa2,0xb1,0x44,0x7f,0xac,
    0xb1,0x58,0x7f,0xb6,0xb1,0x6c,0x7f,0x18,0x00,0x0f,0xcc,0xf2,0x30,0x02,0x10,0x22,0x00,0x0f,0xcc,0xf2,
    0x44,0x02,0x10,0x2c,0x00,0x0f,0xcc,0xf2,0x58,0x02,0x10,0x36,0x00,0x0f,0xcc,0xf2,0x6c,0x02,0x10,0x18,
    0xa9,0x30,0x7e,0x22,0xa9,0x44,0x7e,0x2c,0xa9,0x58,0x7e,0x36,0xa9,0x6c,0x7e,0x98,0xa9,0x30,0x7f,0xa2,
    0xa9,0x44,0x7f,0xac,0xa9,0x58,0x7f,0xb6,0xa9,0x6c,0x7f,0x18,0x00,0x0e,0xcc,0x18,0xeb,0xc9,0x0b,0x22,
    0x00,0x0e,0xcc,0x22,0xeb,0xc9,0x0b,0x2c,0x00,0x0e,0xcc,0x2c,0xeb,0xc9,0x0b,0x36,0x00,0x0e,0xcc,0x36,
    0xeb,0xc9,0x0b,0x6a,0x01,0x04,0xd4,0x93,0xff,0x01,0x00,0xc2,0x3b,0xc2,0x3b,0x1d,0x00,0x5d,0xd6,0x1d,
    0x31,0xaa,0x01,0x6a,0x01,0x04,0xd4,0x94,0xff,0x01,0x00,0xc2,0x3b,0xc2,0x3b,0x27,0x00,0x5d,0xd6,0x27,
    0x45,0xaa,0x01,0x6a,0x01,0x04,0xd4,0x95,0xff,0x01,0x00,0xc2,0x3b,0xc2,0x3b,0x31,0x00,0x5d,0xd6,0x31,
    0x59,0xaa,0x01,0x6a,0x01,0x04,0xd4,0x96,0xff,0x01,0x00,0xc2,0x3b,0xc2,0x3b,0x3b,0x00,0x5d,0xd6,0x3b,
    0x6d,0xaa,0x01,0x6a,0x19,0x04,0xd4,0x93,0xff,0x01,0x00,0xc2,0x3b,0xc2,0x3b,0x1d,0x58,0x5d,0xd6,0x1d,
    0x31,0xaa,0x01,0x6a,0x19,0x04,0xd4,0x94,0xff,0x01,0x00,0xc2,0x3b,0xc2,0x3b,0x27,0x58,0x5d,0xd6,0x27,
    0x45,0xaa,0x01,0x6a,0x19,0x04,0xd4,0x95,0xff,0x01,0x00,0xc2,0x3b,0xc2,0x3b,0x31,0x58,0x5d,0xd6,0x31,
    0x59,0xaa,0x01,0x6a,0x19,0x04,0xd4,0x96,0xff,0x01,0x00,0xc2,0x3b,0xc2,0x3b,0x3b,0x58,0x5d,0xd6,0x3b,
    0x6d,0xaa,0x01,0x93,0x00,0x12,0xd6,0xff,0x3a,0x4e,0x06,0xff,0x7f,0xff,0x7f,0x94,0x00,0x12,0xd6,0xff,
    0x4e,0x52,0x06,0xff,0x7f,0xff,0x7f,0x95,0x00,0x12,0xd6,0xff,0x62,0x56,0x06,0xff,0x7f,0xff,0x7f,0x96,
    0x00,0x12,0xd6,0xff,0x76,0x5a,0x06,0xff,0x7f,0xff,0x7f,0x93,0x00,0x10,0xcc,0x93,0x41,0x00,0x18,0x94,
    0x00,0x10,0xcc,0x94,0x41,0x00,0x18,0x95,0x00,0x10,0xcc,0x95,0x41,0x00,0x18,0x96,0x00,0x10,0xcc,0x96,
    0x41,0x00,0x18,0x00,0x00,0x64,0xe0,0xa3,0x8f,0x91,0x80,0x00,0x00,0x64,0xe0,0xa4,0x93,0x91,0x80,0x41,
    0x81,0xc1,0x80,0x80,0x47,0x47,0x98,0x44,0x43,0x44,0x80,0x45,0x80,0x45,0x82,0x00,0x00,0x94,0xe0,0xa3,
    0x8f,0x91,0x80,0x00,0x00,0x94,0xe0,0xa4,0x93,0x91,0x80,0x41,0x81,0xc1,0x80,0x80,0x47,0x47,0x98,0x44,
    0x43,0x44,0x80,0x45,0x80,0x45,0x82,0x00,0x00,0x64,0xe0,0xa3,0x90,0x91,0x80,0x00,0x00,0x64,0xe0,0xa4,
    0x94,0x91,0x80,0x41,0x81,0xc1,0x80,0x80,0x47,0x47,0x98,0x44,0x43,0x44,0x80,0x45,0x80,0x45,0x82,0x00,
    0x00,0x94,0xe0,0xa3,0x90,0x91,0x80,0x00,0x00,0x94,0xe0,0xa4,0x94,0x91,0x80,0x41,0x81,0xc1,0x80,0x80,
    0x47,0x47,0x98,0x44,0x43,0x44,0x80,0x45,0x80,0x45,0x82,0x00,0x00,0x64,0xe0,0xa3,0x91,0x91,0x80,0x00,
    0x00,0x64,0xe0,0xa4,0x95,0x91,0x80,0x41,0x81,0xc1,0x80,0x80,0x47,0x47,0x98,0x44,0x43,0x44,0x80,0x45,
    0x80,0x45,0x82,0x00,0x00,0x94,0xe0,0xa3,0x91,0x91,0x80,0x00,0x00,0x94,0xe0,0xa4,0x95,0x91,0x80,0x41,
    0x81,0xc1,0x80,0x80,0x47,0x47,0x98,0x44,0x43,0x44,0x80,0x45,0x80,0x45,0x82,0x00,0x00,0x64,0xe0,0xa3,
    0x92,0x91,0x80,0x00,0x00,0x64,0xe0,0xa4,0x96,0x91,0x80,0x41,0x81,0xc1,0x80,0x80,0x47,0x47,0x98,0x44,
    0x43,0x44,0x80,0x45,0x80,0x45,0x82,0x00,0x00,0x94,0xe0,0xa3,0x92,0x91,0x80,0x00,0x00,0x94,0xe0,0xa4,
    0x96,0x91,0x80,0x41,0x81,0xc1,0x80,0x80,0x47,0x47,0x98,0x44,0x43,0x44,0x80,0x45,0x80,0x45,0x82,0xff,
    0x00,0xca,0xbe,0xfc,0x58,0x00,0x00,0x4c,0x48,0x80,0xbe,0x97,0x00,0x0f,0xcc,0x97,0x71,0x00,0x18,0x98,
    0x00,0x0f,0xcc,0x98,0x73,0x00,0x18,0x99,0x00,0x0f,0xcc,0x99,0x77,0x00,0x18,0x9a,0x00,0x0f,0xcc,0x9a,
    0x81,0x00,0x18,0x9b,0x00,0x0f,0xcc,0x9b,0x71,0x00,0x18,0x9c,0x00,0x0f,0xcc,0x9c,0x73,0x00,0x18,0x9d,
    0x00,0x0f,0xcc,0x9d,0x77,0x00,0x18,0x9e,0x00,0x0f,0xcc,0x9e,0x81,0x00,0x18,0x97,0x00,0x10,0xcc,0x97,
    0x43,0x00,0x18,0x98,0x00,0x10,0xcc,0x98,0x43,0x00,0x18,0x99,0x00,0x10,0xcc,0x99,0x43,0x00,0x18,0x9a,
    0x00,0x10,0xcc,0x9a,0x43,0x00,0x18,0xff,0x2e,0x31,0x36,0xff,0x7f,0xff,0x7f,0xff,0x30,0x45,0x36,0xff,
    0x7f,0xff,0x7f,0xff,0x32,0x59,0x36,0xff,0x7f,0xff,0x7f,0xff,0x34,0x6d,0x36,0xff,0x7f,0xff,0x7f,0xff,
    0x02,0x3a,0x7e,0x2e,0xb6,0x2e,0xb6,0xff,0x02,0x4e,0x7e,0x2e,0xb6,0x2e,0xb6,0xff,0x02,0x62,0x7e,0x2e,
    0xb6,0x2e,0xb6,0xff,0x02,0x76,0x7e,0x2e,0xb6,0x2e,0xb6,0x1d,0x40,0x0e,0xcc,0x18,0xff,0x75,0x1c,0x88,
    0x30,0x88,0x30,0x27,0x40,0x0e,0xcc,0x22,0xff,0x9d,0x1c,0x88,0x30,0x88,0x30,0x31,0x40,0x0e,0xcc,0x2c,
    0xff,0xc5,0x1c,0x88,0x30,0x88,0x30,0x3b,0x40,0x0e,0xcc,0x36,0xff,0xed,0x1c,0x88,0x30,0x88,0x30,0x1d,
    0x40,0x0e,0xcc,0x18,0x3b,0xfe,0x1b,0x33,0x1e,0x33,0x1e,0x27,0x40,0x0e,0xcc,0x22,0x4f,0xfe,0x1b,0x33,
    0x1e,0x33,0x1e,0x31,0x40,0x0e,0xcc,0x2c,0x63,0xfe,0x1b,0x33,0x1e,0x33,0x1e,0x3b,0x40,0x0e,0xcc,0x36,
    0x77,0xfe,0x1b,0x33,0x1e,0x33,0x1e,0x1d,0x00,0x10,0xcc,0x18,0x3b,0x02,0x18,0x27,0x00,0x10,0xcc,0x22,
    0x4f,0x02,0x18,0x31,0x00,0x10,0xcc,0x2c,0x63,0x02,0x18,0x3b,0x00,0x10,0xcc,0x36,0x77,0x02,0x18,0x1d,
    0x40,0x0e,0xcc,0x18,0x3b,0x62,0x1c,0x27,0x40,0x0e,0xcc,0x22,0x4f,0x8a,0x1c,0x31,0x40,0x0e,0xcc,0x2c,
    0x63,0xb2,0x1c,0x3b,0x40,0x0e,0xcc,0x36,0x77,0xda,0x1c,0x18,0x00,0x10,0xcc,0xff,0x30,0x02,0x18,0xc5,
    0x41,0xc5,0x41,0x22,0x00,0x10,0xcc,0xff,0x44,0x02,0x18,0xc5,0x41,0xc5,0x41,0x2c,0x00,0x10,0xcc,0xff,
    0x58,0x02,0x18,0xc5,0x41,0xc5,0x41,0x36,0x00,0x10,0xcc,0xff,0x6c,0x02,0x18,0xc5,0x41,0xc5,0x41,0x18,
    0xb1,0x30,0x7e,0x22,0xb1,0x44,0x7e,0x2c,0xb1,0x58,0x7e,0x36,0xb1,0x6c,0x7e,0x98,0xb1,0x30,0x7f,0xa2,
    0xb1,0x44,0x7f,0xac,0xb1,0x58,0x7f,0xb6,0xb1,0x6c,0x7f,0x18,0x00,0x0f,0xcc,0xf2,0x30,0x02,0x10,0x22,
    0x00,0x0f,0xcc,0xf2,0x44,0x02,0x10,0x2c,0x00,0x0f,0xcc,0xf2,0x58,0x02,0x10,0x36,0x00,0x0f,0xcc,0xf2,
    0x6c,0x02,0x10,0x18,0xa9,0x30,0x7e,0x22,0xa9,0x44,0x7e,0x2c,0xa9,0x58,0x7e,0x36,0xa9,0x6c,0x7e,0x98,
    0xa9,0x30,0x7f,0xa2,0xa9,0x44,0x7f,0xac,0xa9,0x58,0x7f,0xb6,0xa9,0x6c,0x7f,0x18,0x00,0x0e,0xcc,0x18,
    0xeb,0xc9,0x0b,0x22,0x00,0x0e,0xcc,0x22,0xeb,0xc9,0x0b,0x2c,0x00,0x0e,0xcc,0x2c,0xeb,0xc9,0x0b,0x36,
    0x00,0x0e,0xcc,0x36,0xeb,0xc9,0x0b,0x6a,0x01,0x04,0xd4,0x97,0xff,0x01,0x00,0xc2,0x3b,0xc2,0x3b,0x1d,
    0x00,0x5d,0xd6,0x1d,0x31,0xaa,0x01,0x6a,0x01,0x04,0xd4,0x98,0xff,0x01,0x00,0xc2,0x3b,0xc2,0x3b,0x27,
    0x00,0x5d,0xd6,0x27,0x45,0xaa,0x01,0x6a,0x01,0x04,0xd4,0x99,0xff,0x01,0x00,0xc2,0x3b,0xc2,0x3b,0x31,
    0x00,0x5d,0xd6,0x31,0x59,0xaa,0x01,0x6a,0x01,0x04,0xd4,0x9a,0xff,0x01,0x00,0xc2,0x3b,0xc2,0x3b,0x3b,
    0x00,0x5d,0xd6,0x3b,0x6d,0xaa,0x01,0x6a,0x19,0x04,0xd4,0x97,0xff,0x01,0x00,0xc2,0x3b,0xc2,0x3b,0x1d,
    0x58,0x5d,0xd6,0x1d,0x31,0xaa,0x01,0x6a,0x19,0x04,0xd4,0x98,0xff,0x01,0x00,0xc2,0x3b,0xc2,0x3b,0x27,
    0x58,0x5d,0xd6,0x27,0x45,0xaa,0x01,0x6a,0x19,0x04,0xd4,0x99,0xff,0x01,0x00,0xc2,0x3b,0xc2,0x3b,0x31,
    0x58,0x5d,0xd6,0x31,0x59,0xaa,0x01,0x6a,0x19,0x04,0xd4,0x9a,0xff,0x01,0x00,0xc2,0x3b,0xc2,0x3b,0x3b,
    0x58,0x5d,0xd6,0x3b,0x6d,0xaa,0x01,0x97,0x00,0x12,0xd6,0xff,0x3a,0x5e,0x06,0xff,0x7f,0xff,0x7f,0x98,
    0x00,0x12,0xd6,0xff,0x4e,0x62,0x06,0xff,0x7f,0xff,0x7f,0x99,0x00,0x12,0xd6,0xff,0x62,0x66,0x06,0xff,
    0x7f,0xff,0x7f,0x9a,0x00,0x12,0xd6,0xff,0x76,0x6a,0x06,0xff,0x7f,0xff,0x7f,0x97,0x00,0x10,0xcc,0x97,
    0x41,0x00,0x18,0x98,0x00,0x10,0xcc,0x98,0x41,0x00,0x18,0x99,0x00,0x10,0xcc,0x99,0x41,0x00,0x18,0x9a,
    0x00,0x10,0xcc,0x9a,0x41,0x00,0x18,0x9b,0x00,0x10,0xcc,0x9b,0x43,0x00,0x18,0x9c,0x00,0x10,0xcc,0x9c,
    0x43,0x00,0x18,0x9d,0x00,0x10,0xcc,0x9d,0x43,0x00,0x18,0x9e,0x00,0x10,0xcc,0x9e,0x43,0x00,0x18,0xff,
    0x36,0x31,0x36,0xff,0x7f,0xff,0x7f,0xff,0x38,0x45,0x36,0xff,0x7f,0xff,0x7f,0xff,0x3a,0x59,0x36,0xff,
    0x7f,0xff,0x7f,0xff,0x3c,0x6d,0x36,0xff,0x7f,0xff,0x7f,0xff,0x02,0x3a,0x7e,0x2e,0xb6,0x2e,0xb6,0xff,
    0x02,0x4e,0x7e,0x2e,0xb6,0x2e,0xb6,0xff,0x02,0x62,0x7e,0x2e,0xb6,0x2e,0xb6,0xff,0x02,0x76,0x7e,0x2e,
    0xb6,0x2e,0xb6,0x1d,0x40,0x0e,0xcc,0x18,0xff,0x75,0x1c,0x88,0x30,0x88,0x30,0x27,0x40,0x0e,0xcc,0x22,
    0xff,0x9d,0x1c,0x88,0x30,0x88,0x30,0x31,0x40,0x0e,0xcc,0x2c,0xff,0xc5,0x1c,0x88,0x30,0x88,0x30,0x3b,
    0x40,0x0e,0xcc,0x36,0xff,0xed,0x1c,0x88,0x30,0x88,0x30,0x1d,0x40,0x0e,0xcc,0x18,0x3b,0xfe,0x1b,0x33,
    0x1e,0x33,0x1e,0x27,0x40,0x0e,0xcc,0x22,0x4f,0xfe,0x1b,0x33,0x1e,0x33,0x1e,0x31,0x40,0x0e,0xcc,0x2c,
    0x63,0xfe,0x1b,0x33,0x1e,0x33,0x1e,0x3b,0x40,0x0e,0xcc,0x36,0x77,0xfe,0x1b,0x33,0x1e,0x33,0x1e,0x1d,
    0x00,0x10,0xcc,0x18,0x3b,0x02,0x18,0x27,0x00,0x10,0xcc,0x22,0x4f,0x02,0x18,0x31,0x00,0x10,0xcc,0x2c,
    0x63,0x02,0x18,0x3b,0x00,0x10,0xcc,0x36,0x77,0x02,0x18,0x1d,0x40,0x0e,0xcc,0x18,0x3b,0x62,0x1c,0x27,
    0x40,0x0e,0xcc,0x22,0x4f,0x8a,0x1c,0x31,0x40,0x0e,0xcc,0x2c,0x63,0xb2,0x1c,0x3b,0x40,0x0e,0xcc,0x36,
    0x77,0xda,0x1c,0x18,0x00,0x10,0xcc,0xff,0x30,0x02,0x18,0xc5,0x41,0xc5,0x41,0x22,0x00,0x10,0xcc,0xff,
    0x44,0x02,0x18,0xc5,0x41,0xc5,0x41,0x2c,0x00,0x10,0xcc,0xff,0x58,0x02,0x18,0xc5,0x41,0xc5,0x41,0x36,
    0x00,0x10,0xcc,0xff,0x6c,0x02,0x18,0xc5,0x41,0xc5,0x41,0x18,0xb1,0x30,0x7e,0x22,0xb1,0x44,0x7e,0x2c,
    0xb1,0x58,0x7e,0x36,0xb1,0x6c,0x7e,0x98,0xb1,0x30,0x7f,0xa2,0xb1,0x44,0x7f,0xac,0xb1,0x58,0x7f,0xb6,
    0xb1,0x6c,0x7f,0x18,0x00,0x0f,0xcc,0xf2,0x30,0x02,0x10,0x22,0x00,0x0f,0xcc,0xf2,0x44,0x02,0x10,0x2c,
    0x00,0x0f,0xcc,0xf2,0x58,0x02,0x10,0x36,0x00,0x0f,0xcc,0xf2,0x6c,0x02,0x10,0x18,0xa9,0x30,0x7e,0x22,
    0xa9,0x44,0x7e,0x2c,0xa9,0x58,0x7e,0x36,0xa9,0x6c,0x7e,0x98,0xa9,0x30,0x7f,0xa2,0xa9,0x44,0x7f,0xac,
    0xa9,0x58,0x7f,0xb6,0xa9,0x6c,0x7f,0x18,0x00,0x0e,0xcc,0x18,0xeb,0xc9,0x0b,0x22,0x00,0x0e,0xcc,0x22,
    0xeb,0xc9,0x0b,0x2c,0x00,0x0e,0xcc,0x2c,0xeb,0xc9,0x0b,0x36,0x00,0x0e,0xcc,0x36,0xeb,0xc9,0x0b,0x6a,
    0x01,0x04,0xd4,0x9b,0xff,0x01,0x00,0xc2,0x3b,0xc2,0x3b,0x1d,0x00,0x5d,0xd6,0x1d,0x31,0xaa,0x01,0x6a,
    0x01,0x04,0xd4,0x9c,0xff,0x01,0x00,0xc2,0x3b,0xc2,0x3b,0x27,0x00,0x5d,0xd6,0x27,0x45,0xaa,0x01,0x6a,
    0x01,0x04,0xd4,0x9d,0xff,0x01,0x00,0xc2,0x3b,0xc2,0x3b,0x31,0x00,0x5d,0xd6,0x31,0x59,0xaa,0x01,0x6a,
    0x01,0x04,0xd4,0x9e,0xff,0x01,0x00,0xc2,0x3b,0xc2,0x3b,0x3b,0x00,0x5d,0xd6,0x3b,0x6d,0xaa,0x01,0x6a,
    0x19,0x04,0xd4,0x9b,0xff,0x01,0x00,0xc2,0x3b,0xc2,0x3b,0x1d,0x58,0x5d,0xd6,0x1d,0x31,0xaa,0x01,0x6a,
    0x19,0x04,0xd4,0x9c,0xff,0x01,0x00,0xc2,0x3b,0xc2,0x3b,0x27,0x58,0x5d,0xd6,0x27,0x45,0xaa,0x01,0x6a,
    0x19,0x04,0xd4,0x9d,0xff,0x01,0x00,0xc2,0x3b,0xc2,0x3b,0x31,0x58,0x5d,0xd6,0x31,0x59,0xaa,0x01,0x6a,
    0x19,0x04,0xd4,0x9e,0xff,0x01,0x00,0xc2,0x3b,0xc2,0x3b,0x3b,0x58,0x5d,0xd6,0x3b,0x6d,0xaa,0x01,0x9b,
    0x00,0x12,0xd6,0xff,0x3a,0x6e,0x06,0xff,0x7f,0xff,0x7f,0x9c,0x00,0x12,0xd6,0xff,0x4e,0x72,0x06,0xff,
    0x7f,0xff,0x7f,0x9d,0x00,0x12,0xd6,0xff,0x62,0x76,0x06,0xff,0x7f,0xff,0x7f,0x9e,0x00,0x12,0xd6,0xff,
    0x76,0x7a,0x06,0xff,0x7f,0xff,0x7f,0x9b,0x00,0x10,0xcc,0x9b,0x41,0x00,0x18,0x9c,0x00,0x10,0xcc,0x9c,
    0x41,0x00,0x18,0x9d,0x00,0x10,0xcc,0x9d,0x41,0x00,0x18,0x9e,0x00,0x10,0xcc,0x9e,0x41,0x00,0x18,0x00,
    0x00,0x64,0xe0,0xa3,0x97,0x91,0x80,0x00,0x00,0x64,0xe0,0xa4,0x9b,0x91,0x80,0x41,0x81,0xc1,0x80,0x80,
    0x47,0x47,0x98,0x44,0x43,0x44,0x80,0x45,0x80,0x45,0x82,0x00,0x00,0x94,0xe0,0xa3,0x97,0x91,0x80,0x00,
    0x00,0x94,0xe0,0xa4,0x9b,0x91,0x80,0x41,0x81,0xc1,0x80,0x80,0x47,0x47,0x98,0x44,0x43,0x44,0x80,0x45,
    0x80,0x45,0x82,0x00,0x00,0x64,0xe0,0xa3,0x98,0x91,0x80,0x00,0x00,0x64,0xe0,0xa4,0x9c,0x91,0x80,0x41,
    0x81,0xc1,0x80,0x80,0x47,0x47,0x98,0x44,0x43,0x44,0x80,0x45,0x80,0x45,0x82,0x00,0x00,0x94,0xe0,0xa3,
    0x98,0x91,0x80,0x00,0x00,0x94,0xe0,0xa4,0x9c,0x91,0x80,0x41,0x81,0xc1,0x80,0x80,0x47,0x47,0x98,0x44,
    0x43,0x44,0x80,0x45,0x80,0x45,0x82,0x00,0x00,0x64,0xe0,0xa3,0x99,0x91,0x80,0x00,0x00,0x64,0xe0,0xa4,
    0x9d,0x91,0x80,0x41,0x81,0xc1,0x80,0x80,0x47,0x47,0x98,0x44,0x43,0x44,0x80,0x45,0x80,0x45,0x82,0x00,
    0x00,0x94,0xe0,0xa3,0x99,0x91,0x80,0x00,0x00,0x94,0xe0,0xa4,0x9d,0x91,0x80,0x41,0x81,0xc1,0x80,0x80,
    0x47,0x47,0x98,0x44,0x43,0x44,0x80,0x45,0x80,0x45,0x82,0x00,0x00,0x64,0xe0,0xa3,0x9a,0x91,0x80,0x00,
    0x00,0x64,0xe0,0xa4,0x9e,0x91,0x80,0x41,0x81,0xc1,0x80,0x80,0x47,0x47,0x98,0x44,0x43,0x44,0x80,0x45,
    0x80,0x45,0x82,0x00,0x00,0x94,0xe0,0xa3,0x9a,0x91,0x80,0x00,0x00,0x94,0xe0,0xa4,0x9e,0x91,0x80,0x41,
    0x81,0xc1,0x80,0x80,0x47,0x47,0x98,0x44,0x43,0x44,0x80,0x45,0x80,0x45,0x82,0xff,0x00,0xca,0xbe,0x70,
    0x52,0x00,0x00,0x4c,0x48,0x80,0xbe,0x00,0x00,0xb0,0xbf,0x00,0x00,0x9f,0xbf,0x00,0x00,0x9f,0xbf,0x00,
    0x00,0x9f,0xbf,0x00,0x00,0x9f,0xbf,0x00,0x00,0x9f,0xbf,0x00,0x00,0x9f,0xbf,0x00,0x00,0x9f,0xbf,0x00,
    0x00,0x9f,0xbf,0x00,0x00,0x9f,0xbf,0x00,0x00,0x9f,0xbf,0x00,0x00,0x9f,0xbf,0x00,0x00,0x9f,0xbf,0x00,
    0x00,0x9f,0xbf,0x00,0x00,0x9f,0xbf,0x00,0x00,0x9f,0xbf,0x00,0x00,0x9f,0xbf,0x00,0x00,0x9f,0xbf,0x00,
    0x00,0x9f,0xbf,0x00,0x00,0x9f,0xbf,0x00,0x00,0x9f,0xbf,0x00,0x00,0x9f,0xbf,0x00,0x00,0x9f,0xbf,0x00,
    0x00,0x9f,0xbf,0x00,0x00,0x9f,0xbf,0x00,0x00,0x9f,0xbf,0x00,0x00,0x9f,0xbf,0x00,0x00,0x9f,0xbf,0x00,
    0x00,0x9f,0xbf,0x00,0x00,0x9f,0xbf,0x00,0x00,0x9f,0xbf,0x00,0x00,0x9f,0xbf,0x00,0x00,0x9f,0xbf,0x00,
    0x00,0x9f,0xbf,0x00,0x00,0x9f,0xbf,0x00,0x00,0x9f,0xbf,0x00,0x00,0x9f,0xbf,0x00,0x00,0x9f,0xbf,0x00,
    0x00,0x9f,0xbf,0x00,0x00,0x9f,0xbf,0x00,0x00,0x9f,0xbf,0x00,0x00,0x9f,0xbf,0x00,0x00,0x9f,0xbf,0x00,
    0x00,0x9f,0xbf,0x00,0x00,0x9f,0xbf,0x00,0x00,0x9f,0xbf,0x00,0x00,0x9f,0xbf,0x00,0x00,0x9f,0xbf,0x00,
    0x00,0x9f,0xbf,0x00,0x00,0x9f,0xbf,0x00,0x00,0x9f,0xbf,0x00,0x00,0x9f,0xbf,0x00,0x00,0x9f,0xbf,0x00,
    0x00,0x9f,0xbf,0x00,0x00,0x9f,0xbf,0x00,0x00,0x9f,0xbf,0x00,0x00,0x9f,0xbf,0x00,0x00,0x9f,0xbf,0x00,
    0x00,0x9f,0xbf,0x00,0x00,0x9f,0xbf,0x00,0x00,0x9f,0xbf,0x00,0x00,0x9f,0xbf,0x00,0x00,0x9f,0xbf,0x00,
    0x00,0x9f,0xbf,0x00,0x00,0x9f,0xbf,0x00,0x00,0x9f,0xbf,0x00,0x00,0x9f,0xbf,0x00,0x00,0x9f,0xbf,0x00,
    0x00,0x9f,0xbf,0x00,0x00,0x9f,0xbf,0x00,0x00,0x9f,0xbf,0x00,0x00,0x9f,0xbf,0x00,0x00,0x9f,0xbf,0x00,
    0x00,0x9f,0xbf,0x00,0x00,0x9f,0xbf,0x00,0x00,0x9f,0xbf,0x00,0x00,0x9f,0xbf,0x00,0x00,0x9f,0xbf,0x00,
    0x00,0x9f,0xbf,0x00,0x00,0x9f,0xbf,0x00,0x00,0x9f,0xbf,0x00,0x00,0x9f,0xbf,0x00,0x00,0x9f,0xbf,0x00,
    0x00,0x9f,0xbf,0x00,0x00,0x9f,0xbf,0x00,0x00,0x9f,0xbf,0x00,0x00,0x9f,0xbf,0x00,0x00,0x9f,0xbf,0x00,
    0x00,0x9f,0xbf,0x00,0x00,0x9f,0xbf,0x00,0x00,0x9f,0xbf,0x00,0x00,0x9f,0xbf,0x00,0x00,0x9f,0xbf,0x00,
    0x00,0x9f,0xbf,0x00,0x00,0x9f,0xbf,0x00,0x00,0x9f,0xbf,0x00,0x00,0x9f,0xbf,0x00,0x00,0x9f,0xbf,0x00,
    0x00,0x9f,0xbf,0x00,0x00,0x9f,0xbf,0x00,0x00,0x9f,0xbf,0x00,0x00,0x9f,0xbf,0x00,0x00,0x9f,0xbf,0x00,
    0x00,0x9f,0xbf,0x00,0x00,0x9f,0xbf,0x00,0x00,0x9f,0xbf,0x00,0x00,0x9f,0xbf,0x00,0x00,0x9f,0xbf,0x00,
    0x00,0x9f,0xbf,0x00,0x00,0x9f,0xbf,0x00,0x00,0x9f,0xbf,0x00,0x00,0x9f,0xbf,0x00,0x00,0x9f,0xbf,0x00,
    0x00,0x9f,0xbf,0x00,0x00,0x9f,0xbf,0x00,0x00,0x9f,0xbf,0x00,0x00,0x9f,0xbf,0x00,0x00,0x9f,0xbf,0x00,
    0x00,0x9f,0xbf,0x00,0x00,0x9f,0xbf,0x00,0x00,0x9f,0xbf,0x00,0x00,0x9f,0xbf,0x00,0x00,0x9f,0xbf,0x00,
    0x00,0x9f,0xbf,0x00,0x00,0x9f,0xbf,0x00,0x00,0x9f,0xbf,0x00,0x00,0x9f,0xbf,0x00,0x00,0x9f,0xbf,0x00,
    0x00,0x9f,0xbf,0x00,0x00,0x9f,0xbf,0x00,0x00,0x9f,0xbf,0x00,0x00,0x9f,0xbf,0x00,0x00,0x9f,0xbf,0x00,
    0x00,0x9f,0xbf,0x00,0x00,0x9f,0xbf,0x00,0x00,0x9f,0xbf,0x00,0x00,0x9f,0xbf,0x00,0x00,0x9f,0xbf,0x00,
    0x00,0x9f,0xbf,0x00,0x00,0x9f,0xbf,0x00,0x00,0x9f,0xbf,0x00,0x00,0x9f,0xbf,0x00,0x00,0x9f,0xbf,0x00,
    0x00,0x9f,0xbf,0x00,0x00,0x9f,0xbf,0x00,0x00,0x9f,0xbf,0x00,0x00,0x9f,0xbf,0x00,0x00,0x9f,0xbf,0x00,
    0x00,0x9f,0xbf,0x00,0x00,0x9f,0xbf,0x00,0x00,0x9f,0xbf,0x00,0x00,0x9f,0xbf,0x00,0x00,0x9f,0xbf,0x00,
    0x00,0x9f,0xbf,0x00,0x00,0x9f,0xbf,0x00,0x00,0x9f,0xbf,0x00,0x00,0x9f,0xbf,0x00,0x00,0x9f,0xbf,0x00,
    0x00,0x9f,0xbf,0x00,0x00,0x9f,0xbf,0x00,0x00,0x9f,0xbf,0x00,0x00,0x9f,0xbf,0x00,0x00,0x9f,0xbf,0x00,
    0x00,0x9f,0xbf,0x00,0x00,0x9f,0xbf,0x00,0x00,0x9f,0xbf,0x00,0x00,0x9f,0xbf,0x00,0x00,0x9f,0xbf,0x00,
    0x00,0x9f,0xbf,0x00,0x00,0x9f,0xbf,0x00,0x00,0x9f,0xbf,0x00,0x00,0x9f,0xbf,0x00,0x00,0x9f,0xbf,0x00,
    0x00,0x9f,0xbf,0x00,0x00,0x9f,0xbf,0x00,0x00,0x9f,0xbf,0x00,0x00,0x9f,0xbf,0x00,0x00,0x9f,0xbf,0x00,
    0x00,0x9f,0xbf,0x00,0x00,0x9f,0xbf,0x00,0x00,0x9f,0xbf,0x00,0x00,0x9f,0xbf,0x00,0x00,0x9f,0xbf,0x00,
    0x00,0x9f,0xbf,0x00,0x00,0x9f,0xbf,0x00,0x00,0x9f,0xbf,0x00,0x00,0x9f,0xbf,0x00,0x00,0x9f,0xbf,0x00,
    0x00,0x9f,0xbf,0x00,0x00,0x9f,0xbf,0x00,0x00,0x9f,0xbf,0x00,0x00,0x9f,0xbf,0x00,0x00,0x9f,0xbf,0x00,
    0x00,0x9f,0xbf,0x00,0x00,0x9f,0xbf,0x00,0x00,0x9f,0xbf,0x00,0x00,0x9f,0xbf,0x00,0x00,0x9f,0xbf,0x00,
    0x00,0x9f,0xbf,0x00,0x00,0x9f,0xbf,0x00,0x00,0x9f,0xbf,0x00,0x00,0x9f,0xbf,0x00,0x00,0x9f,0xbf,0x00,
    0x00,0x9f,0xbf,0x00,0x00,0x9f,0xbf,0x00,0x00,0x9f,0xbf,0x00,0x00,0x9f,0xbf,0x00,0x00,0x9f,0xbf,0x00,
    0x00,0x9f,0xbf,0x00,0x00,0x9f,0xbf,0x00,0x00,0x9f,0xbf,0x00,0x00,0x9f,0xbf,0x00,0x00,0x9f,0xbf,0x00,
    0x00,0x9f,0xbf,0x00,0x00,0x9f,0xbf,0x00,0x00,0x9f,0xbf,0x00,0x00,0x9f,0xbf,0x00,0x00,0x9f,0xbf,0x00,
    0x00,0x9f,0xbf,0x00,0x00,0x9f,0xbf,0x00,0x00,0x9f,0xbf,0x00,0x00,0x9f,0xbf,0x00,0x00,0x9f,0xbf,0x00,
    0x00,0x9f,0xbf,0x00,0x00,0x9f,0xbf,0x00,0x00,0x9f,0xbf,0x00,0x00,0x9f,0xbf,0x00,0x00,0x9f,0xbf,0x00,
    0x00,0x9f,0xbf,0x00,0x00,0x9f,0xbf,0x00,0x00,0x9f,0xbf,0x00,0x00,0x9f,0xbf,0x00,0x00,0x9f,0xbf,0x00,
    0x00,0x9f,0xbf,0x00,0x00,0x9f,0xbf,0x00,0x00,0x9f,0xbf,0x00,0x00,0x9f,0xbf,0x00,0x00,0x9f,0xbf,0x00,
    0x00,0x9f,0xbf,0x00,0x00,0x9f,0xbf,0x00,0x00,0x9f,0xbf,0x00,0x00,0x9f,0xbf,0x00,0x00,0x9f,0xbf,0x00,
    0x00,0x9f,0xbf,0x00,0x00,0x9f,0xbf,0x00,0x00,0x9f,0xbf,0x00,0x00,0x9f,0xbf,0x00,0x00,0x9f,0xbf,0x00,
    0x00,0x9f,0xbf,0x00,0x00,0x9f,0xbf,0x00,0x00,0x9f,0xbf,0x00,0x00,0x9f,0xbf,0x00,0x00,0x9f,0xbf,0x00,
    0x00,0x9f,0xbf,0x00,0x00,0x9f,0xbf,0x00,0x00,0x9f,0xbf,0x00,0x00,0x9f,0xbf,0x00,0x00,0x9f,0xbf,0x00,
    0x00,0x9f,0xbf,0x00,0x00,0x9f,0xbf,0x00,0x00,0x9f,0xbf,0x00,0x00,0x9f,0xbf,0x00,0x00,0x9f,0xbf,0x00,
    0x00,0x9f,0xbf,0x00,0x00,0x9f,0xbf,0x00,0x00,0x9f,0xbf,0x00,0x00,0x9f,0xbf,0x00,0x00,0x9f,0xbf,0x00,
    0x00,0x9f,0xbf,0x00,0x00,0x9f,0xbf,0x00,0x00,0x9f,0xbf,0x00,0x00,0x9f,0xbf,0x00,0x00,0x9f,0xbf,0x00,
    0x00,0x9f,0xbf,0x00,0x00,0x9f,0xbf,0x00,0x00,0x9f,0xbf,0x00,0x00,0x9f,0xbf,0x00,0x00,0x9f,0xbf,0x00,
    0x00,0x9f,0xbf,0x00,0x00,0x9f,0xbf,0x00,0x00,0x9f,0xbf,0x00,0x00,0x9f,0xbf,0x00,0x00,0x9f,0xbf,0x00,
    0x00,0x9f,0xbf,0x00,0x00,0x9f,0xbf,0x00,0x00,0x9f,0xbf,0x00,0x00,0x9f,0xbf,0x00,0x00,0x9f,0xbf,0x00,
    0x00,0x9f,0xbf,0x00,0x00,0x9f,0xbf,0x00,0x00,0x9f,0xbf,0x00,0x00,0x9f,0xbf,0x00,0x00,0x9f,0xbf,0x00,
    0x00,0x9f,0xbf,0x00,0x00,0x9f,0xbf,0x00,0x00,0x9f,0xbf,0x00,0x00,0x9f,0xbf,0x00,0x00,0x9f,0xbf,0x00,
    0x00,0x9f,0xbf,0x00,0x00,0x9f,0xbf,0x00,0x00,0x9f,0xbf,0x00,0x00,0x9f,0xbf,0x00,0x00,0x9f,0xbf,0x00,
    0x00,0x9f,0xbf,0x00,0x00,0x9f,0xbf,0x00,0x00,0x9f,0xbf,0x00,0x00,0x9f,0xbf,0x00,0x00,0x9f,0xbf,0x00,
    0x00,0x9f,0xbf,0x00,0x00,0x9f,0xbf,0x00,0x00,0x9f,0xbf,0x00,0x00,0x9f,0xbf,0x00,0x00,0x9f,0xbf,0x00,
    0x00,0x9f,0xbf,0x00,0x00,0x9f,0xbf,0x00,0x00,0x9f,0xbf,0x00,0x00,0x9f,0xbf,0x00,0x00,0x9f,0xbf,0x00,
    0x00,0x9f,0xbf,0x00,0x00,0x9f,0xbf,0x00,0x00,0x9f,0xbf,0x00,0x00,0x9f,0xbf,0x00,0x00,0x9f,0xbf,0x00,
    0x00,0x9f,0xbf,0x00,0x00,0x9f,0xbf,0x00,0x00,0x9f,0xbf,0x00,0x00,0x9f,0xbf,0x00,0x00,0x9f,0xbf,0x00,
    0x00,0x9f,0xbf,0x00,0x00,0x9f,0xbf,0x00,0x00,0x9f,0xbf,0x00,0x00,0x9f,0xbf,0x00,0x00,0x9f,0xbf,0x00,
    0x00,0x9f,0xbf,0x00,0x00,0x9f,0xbf,0x00,0x00,0x9f,0xbf,0x00,0x00,0x9f,0xbf,0x00,0x00,0x9f,0xbf,0x00,
    0x00,0x9f,0xbf,0x00,0x00,0x9f,0xbf,0x00,0x00,0x9f,0xbf,0x00,0x00,0x9f,0xbf,0x00,0x00,0x9f,0xbf,0x00,
    0x00,0x9f,0xbf,0x00,0x00,0x9f,0xbf,0x00,0x00,0x9f,0xbf,0x00,0x00,0x9f,0xbf,0x00,0x00,0x9f,0xbf,0x00,
    0x00,0x9f,0xbf,0x00,0x00,0x9f,0xbf,0x00,0x00,0x9f,0xbf,0x00,0x00,0x9f,0xbf,0x00,0x00,0x9f,0xbf,0x00,
    0x00,0x9f,0xbf,0x00,0x00,0x9f,0xbf,0x00,0x00,0x9f,0xbf,0x00,0x00,0x9f,0xbf,0x00,0x00,0x9f,0xbf,0x00,
    0x00,0x9f,0xbf,0x00,0x00,0x9f,0xbf,0x00,0x00,0x9f,0xbf,0x00,0x00,0x9f,0xbf,0x00,0x00,0x9f,0xbf,0x00,
    0x00,0x9f,0xbf,0x00,0x00,0x9f,0xbf,0x00,0x00,0x9f,0xbf,0x00,0x00,0x9f,0xbf,0x00,0x00,0x9f,0xbf,0x00,
    0x00,0x9f,0xbf,0x00,0x00,0x9f,0xbf,0x00,0x00,0x9f,0xbf,0x00,0x00,0x9f,0xbf,0x00,0x00,0x9f,0xbf,0x00,
    0x00,0x9f,0xbf,0x00,0x00,0x9f,0xbf,0x00,0x00,0x9f,0xbf,0x00,0x00,0x9f,0xbf,0x00,0x00,0x9f,0xbf,0x00,
    0x00,0x9f,0xbf,0x00,0x00,0x9f,0xbf,0x00,0x00,0x9f,0xbf,0x00,0x00,0x9f,0xbf,0x00,0x00,0x9f,0xbf,0x00,
    0x00,0x9f,0xbf,0x00,0x00,0x9f,0xbf,0x00,0x00,0x9f,0xbf,0x00,0x00,0x9f,0xbf,0x00,0x00,0x9f,0xbf,0x00,
    0x00,0x9f,0xbf,0x00,0x00,0x9f,0xbf,0x00,0x00,0x9f,0xbf,0x00,0x00,0x9f,0xbf,0x00,0x00,0x9f,0xbf,0x00,
    0x00,0x9f,0xbf,0x00,0x00,0x9f,0xbf,0x00,0x00,0x9f,0xbf,0x00,0x00,0x9f,0xbf,0x00,0x00,0x9f,0xbf,0x00,
    0x00,0x9f,0xbf,0x00,0x00,0x9f,0xbf,0x00,0x00,0x9f,0xbf,0x00,0x00,0x9f,0xbf,0x00,0x00,0x9f,0xbf,0x00,
    0x00,0x9f,0xbf,0x00,0x00,0x9f,0xbf,0x00,0x00,0x9f,0xbf,0x00,0x00,0x9f,0xbf,0x00,0x00,0x9f,0xbf,0x00,
    0x00,0x9f,0xbf,0x00,0x00,0x9f,0xbf,0x00,0x00,0x9f,0xbf,0x00,0x00,0x9f,0xbf,0x00,0x00,0x9f,0xbf,0x00,
    0x00,0x9f,0xbf,0x00,0x00,0x9f,0xbf,0x00,0x00,0x9f,0xbf,0x00,0x00,0x9f,0xbf,0x00,0x00,0x9f,0xbf,0x00,
    0x00,0x9f,0xbf,0x00,0x00,0x9f,0xbf,0x00,0x00,0x9f,0xbf,0x00,0x00,0x9f,0xbf,0x00,0x00,0x9f,0xbf,0x00,
    0x00,0x9f,0xbf,0x00,0x00,0x9f,0xbf,0x00,0x00,0x9f,0xbf,0x00,0x00,0x9f,0xbf,0x00,0x00,0x9f,0xbf,0x00,
    0x00,0x9f,0xbf,0x00,0x00,0x9f,0xbf,0x00,0x00,0x9f,0xbf,0x00,0x00,0x9f,0xbf,0x00,0x00,0x9f,0xbf,0x00,
    0x00,0x9f,0xbf,0x00,0x00,0x9f,0xbf,0x00,0x00,0x9f,0xbf,0x00,0x00,0x9f,0xbf,0x00,0x00,0x9f,0xbf,0x00,
    0x00,0x9f,0xbf,0x00,0x00,0x9f,0xbf,0x00,0x00,0x9f,0xbf,0x00,0x00,0x9f,0xbf,0x00,0x00,0x9f,0xbf,0x00,
    0x00,0x9f,0xbf,0x00,0x00,0x9f,0xbf,0x00,0x00,0x9f,0xbf,0x00,0x00,0x9f,0xbf,0x00,0x00,0x9f,0xbf,0x00,
    0x00,0x9f,0xbf,0x00,0x00,0x9f,0xbf,0x00,0x00,0x9f,0xbf,0x00,0x00,0x9f,0xbf,0x00,0x00,0x9f,0xbf,0x00,
    0x00,0x9f,0xbf,0x00,0x00,0x9f,0xbf,0x00,0x00,0x9f,0xbf,0x00,0x00,0x9f,0xbf,0x00,0x00,0x9f,0xbf,0x00,
    0x00,0x9f,0xbf,0x00,0x00,0x9f,0xbf,0x00,0x00,0x9f,0xbf,0x00,0x00,0x9f,0xbf,0x00,0x00,0x9f,0xbf,0x00,
    0x00,0x9f,0xbf,0x00,0x00,0x9f,0xbf,0x00,0x00,0x9f,0xbf,0x00,0x00,0x9f,0xbf,0x00,0x00,0x9f,0xbf,0x00,
    0x00,0x9f,0xbf,0x00,0x00,0x9f,0xbf,0x00,0x00,0x9f,0xbf,0x00,0x00,0x9f,0xbf,0x00,0x00,0x9f,0xbf,0x00,
    0x00,0x9f,0xbf,0x00,0x00,0x9f,0xbf,0x00,0x00,0x9f,0xbf,0x00,0x00,0x9f,0xbf,0x00,0x00,0x9f,0xbf,0x00,
    0x00,0x9f,0xbf,0x00,0x00,0x9f,0xbf,0x00,0x00,0x9f,0xbf,0x00,0x00,0x9f,0xbf,0x00,0x00,0x9f,0xbf,0x00,
    0x00,0x9f,0xbf,0x00,0x00,0x9f,0xbf,0x00,0x00,0x9f,0xbf,0x00,0x00,0x9f,0xbf,0x00,0x00,0x9f,0xbf,0x00,
    0x00,0x9f,0xbf,0x00,0x00,0x9f,0xbf,0x00,0x00,0x9f,0xbf,0x00,0x00,0x9f,0xbf,0x00,0x00,0x9f,0xbf,0x00,
    0x00,0x9f,0xbf,0x00,0x00,0x9f,0xbf,0x00,0x00,0x9f,0xbf,0x00,0x00,0x9f,0xbf,0x00,0x00,0x9f,0xbf,0x00,
    0x00,0x9f,0xbf,0x00,0x00,0x9f,0xbf,0x00,0x00,0x9f,0xbf,0x00,0x00,0x9f,0xbf,0x00,0x00,0x9f,0xbf,0x00,
    0x00,0x9f,0xbf,0x00,0x00,0x9f,0xbf,0x00,0x00,0x9f,0xbf,0x00,0x00,0x9f,0xbf,0x00,0x00,0x9f,0xbf,0x00,
    0x00,0x9f,0xbf,0x00,0x00,0x9f,0xbf,0x00,0x00,0x9f,0xbf,0x00,0x00,0x9f,0xbf,0x00,0x00,0x9f,0xbf,0x00,
    0x00,0x9f,0xbf,0x00,0x00,0x9f,0xbf,0x00,0x00,0x9f,0xbf,0x00,0x00,0x9f,0xbf,0x00,0x00,0x9f,0xbf,0x00,
    0x00,0x9f,0xbf,0x00,0x00,0x9f,0xbf,0x00,0x00,0x9f,0xbf,0x00,0x00,0x9f,0xbf,0x00,0x00,0x9f,0xbf,0x00,
    0x00,0x9f,0xbf,0x00,0x00,0x9f,0xbf,0x00,0x00,0x9f,0xbf,0x00,0x00,0x9f,0xbf,0x00,0x00,0x9f,0xbf,0x00,
    0x00,0x9f,0xbf,0x00,0x00,0x9f,0xbf,0x00,0x5f,0x61,0x6d,0x64,0x67,0x70,0x75,0x5f,0x63,0x73,0x5f,0x6d,
    0x61,0x69,0x6e,0x00,0x00,0x00,0x00,0x00,0x00,0x00,0x00,0x00,0x00,0x00,0x00,0x00,0x00,0x00,0x00,0x00,
    0x00,0x00,0x00,0x00,0x00,0x00,0x00,0x00,0x01,0x00,0x00,0x00,0x02,0x00,0x02,0x00,0x00,0x00,0x00,0x00,
    0x00,0x00,0x00,0x00,0x00,0x68,0x00,0x00,0x00,0x00,0x00,0x00,0x07,0x00,0x00,0x00,0x80,0x03,0x00,0x00,
    0x20,0x00,0x00,0x00,0x41,0x4d,0x44,0x47,0x50,0x55,0x00,0x00,0x82,0xae,0x61,0x6d,0x64,0x70,0x61,0x6c,
    0x2e,0x76,0x65,0x72,0x73,0x69,0x6f,0x6e,0x92,0x03,0x02,0xb0,0x61,0x6d,0x64,0x70,0x61,0x6c,0x2e,0x70,
    0x69,0x70,0x65,0x6c,0x69,0x6e,0x65,0x73,0x91,0x8a,0xa5,0x2e,0x6e,0x61,0x6d,0x65,0xa4,0x6d,0x61,0x69,
    0x6e,0xa5,0x2e,0x74,0x79,0x70,0x65,0xa2,0x43,0x73,0xb7,0x2e,0x69,0x6e,0x74,0x65,0x72,0x6e,0x61,0x6c,
    0x5f,0x70,0x69,0x70,0x65,0x6c,0x69,0x6e,0x65,0x5f,0x68,0x61,0x73,0x68,0x92,0xcf,0x56,0x25,0xc3,0xb0,
    0x82,0xcc,0x58,0xa7,0xcf,0x56,0x25,0xc3,0xb0,0x82,0xcc,0x58,0xa7,0xa8,0x2e,0x73,0x68,0x61,0x64,0x65,
    0x72,0x73,0x81,0xa8,0x2e,0x63,0x6f,0x6d,0x70,0x75,0x74,0x65,0x82,0xb0,0x2e,0x61,0x70,0x69,0x5f,0x73,
    0x68,0x61,0x64,0x65,0x72,0x5f,0x68,0x61,0x73,0x68,0x92,0xcf,0x9f,0xf7,0xd7,0x58,0xbc,0xdf,0xa9,0x8c,
    0xcf,0x1d,0x3b,0x8f,0xff,0xea,0xfa,0x6a,0x3c,0xb1,0x2e,0x68,0x61,0x72,0x64,0x77,0x61,0x72,0x65,0x5f,
    0x6d,0x61,0x70,0x70,0x69,0x6e,0x67,0x91,0xa3,0x2e,0x63,0x73,0xb0,0x2e,0x68,0x61,0x72,0x64,0x77,0x61,
    0x72,0x65,0x5f,0x73,0x74,0x61,0x67,0x65,0x73,0x81,0xa3,0x2e,0x63,0x73,0xde,0x00,0x11,0xac,0x2e,0x65,
    0x6e,0x74,0x72,0x79,0x5f,0x70,0x6f,0x69,0x6e,0x74,0xaf,0x5f,0x61,0x6d,0x64,0x67,0x70,0x75,0x5f,0x63,
    0x73,0x5f,0x6d,0x61,0x69,0x6e,0xa9,0x2e,0x6c,0x64,0x73,0x5f,0x73,0x69,0x7a,0x65,0xce,0x00,0x01,0x00,
    0x00,0xab,0x2e,0x73,0x67,0x70,0x72,0x5f,0x63,0x6f,0x75,0x6e,0x74,0x58,0xab,0x2e,0x76,0x67,0x70,0x72,
    0x5f,0x63,0x6f,0x75,0x6e,0x74,0xcc,0xa8,0xb7,0x2e,0x74,0x68,0x72,0x65,0x61,0x64,0x67,0x72,0x6f,0x75,
    0x70,0x5f,0x64,0x69,0x6d,0x65,0x6e,0x73,0x69,0x6f,0x6e,0x73,0x93,0xcd,0x01,0x80,0x01,0x01,0xaf,0x2e,
    0x77,0x61,0x76,0x65,0x66,0x72,0x6f,0x6e,0x74,0x5f,0x73,0x69,0x7a,0x65,0x40,0xab,0x2e,0x66,0x6c,0x6f,
    0x61,0x74,0x5f,0x6d,0x6f,0x64,0x65,0x00,0xaa,0x2e,0x69,0x65,0x65,0x65,0x5f,0x6d,0x6f,0x64,0x65,0xc2,
    0xae,0x2e,0x66,0x70,0x31,0x36,0x5f,0x6f,0x76,0x65,0x72,0x66,0x6c,0x6f,0x77,0xc2,0xa9,0x2e,0x77,0x67,
    0x70,0x5f,0x6d,0x6f,0x64,0x65,0xc2,0xac,0x2e,0x6d,0x65,0x6d,0x5f,0x6f,0x72,0x64,0x65,0x72,0x65,0x64,
    0xc2,0xb1,0x2e,0x66,0x6f,0x72,0x77,0x61,0x72,0x64,0x5f,0x70,0x72,0x6f,0x67,0x72,0x65,0x73,0x73,0xc2,
    0xaf,0x2e,0x77,0x67,0x5f,0x72,0x6f,0x75,0x6e,0x64,0x5f,0x72,0x6f,0x62,0x69,0x6e,0xc2,0xab,0x2e,0x73,
    0x63,0x72,0x61,0x74,0x63,0x68,0x5f,0x65,0x6e,0xc2,0xad,0x2e,0x74,0x72,0x61,0x70,0x5f,0x70,0x72,0x65,
    0x73,0x65,0x6e,0x74,0xc2,0xab,0x2e,0x75,0x73,0x65,0x72,0x5f,0x73,0x67,0x70,0x72,0x73,0x04,0xb2,0x2e,
    0x75,0x73,0x65,0x72,0x5f,0x64,0x61,0x74,0x61,0x5f,0x72,0x65,0x67,0x5f,0x6d,0x61,0x70,0xdc,0x00,0x20,
    0xce,0xff,0xff,0xff,0xff,0xce,0xff,0xff,0xff,0xff,0x00,0x01,0xce,0xff,0xff,0xff,0xff,0xce,0xff,0xff,
    0xff,0xff,0xce,0xff,0xff,0xff,0xff,0xce,0xff,0xff,0xff,0xff,0xce,0xff,0xff,0xff,0xff,0xce,0xff,0xff,
    0xff,0xff,0xce,0xff,0xff,0xff,0xff,0xce,0xff,0xff,0xff,0xff,0xce,0xff,0xff,0xff,0xff,0xce,0xff,0xff,
    0xff,0xff,0xce,0xff,0xff,0xff,0xff,0xce,0xff,0xff,0xff,0xff,0xce,0xff,0xff,0xff,0xff,0xce,0xff,0xff,
    0xff,0xff,0xce,0xff,0xff,0xff,0xff,0xce,0xff,0xff,0xff,0xff,0xce,0xff,0xff,0xff,0xff,0xce,0xff,0xff,
    0xff,0xff,0xce,0xff,0xff,0xff,0xff,0xce,0xff,0xff,0xff,0xff,0xce,0xff,0xff,0xff,0xff,0xce,0xff,0xff,
    0xff,0xff,0xce,0xff,0xff,0xff,0xff,0xce,0xff,0xff,0xff,0xff,0xce,0xff,0xff,0xff,0xff,0xce,0xff,0xff,
    0xff,0xff,0xce,0xff,0xff,0xff,0xff,0xce,0xff,0xff,0xff,0xff,0xb2,0x2e,0x63,0x6f,0x6d,0x70,0x75,0x74,
    0x65,0x5f,0x72,0x65,0x67,0x69,0x73,0x74,0x65,0x72,0x73,0x85,0xaa,0x2e,0x74,0x67,0x69,0x64,0x5f,0x78,
    0x5f,0x65,0x6e,0xc3,0xaa,0x2e,0x74,0x67,0x69,0x64,0x5f,0x79,0x5f,0x65,0x6e,0xc2,0xaa,0x2e,0x74,0x67,
    0x69,0x64,0x5f,0x7a,0x5f,0x65,0x6e,0xc2,0xab,0x2e,0x74,0x67,0x5f,0x73,0x69,0x7a,0x65,0x5f,0x65,0x6e,
    0xc2,0xaf,0x2e,0x74,0x69,0x64,0x69,0x67,0x5f,0x63,0x6f,0x6d,0x70,0x5f,0x63,0x6e,0x74,0x01,0xaa,0x2e,
    0x72,0x65,0x67,0x69,0x73,0x74,0x65,0x72,0x73,0x8f,0xcd,0x2e,0x18,0x00,0xcd,0x2e,0x15,0x00,0xcd,0x2e,
    0x16,0xce,0xff,0xff,0xff,0xff,0xcd,0x2e,0x17,0xce,0xff,0xff,0xff,0xff,0xcd,0x2e,0x19,0xce,0xff,0xff,
    0xff,0xff,0xcd,0x2e,0x1a,0xce,0xff,0xff,0xff,0xff,0xcd,0x2e,0x12,0xcd,0x02,0xa9,0xcd,0x2e,0x13,0xce,
    0x00,0x40,0x08,0x88,0xcd,0x2e,0x28,0x00,0xcd,0x2e,0x2a,0xce,0x48,0xa8,0x9a,0x33,0xcd,0x2e,0x07,0xce,
    0x01,0x80,0x01,0x80,0xcd,0x2e,0x08,0xce,0x00,0x01,0x00,0x01,0xcd,0x2e,0x09,0xce,0x00,0x01,0x00,0x01,
    0xcd,0x2e,0x42,0x00,0xcd,0x2e,0x43,0x01,0xb0,0x2e,0x75,0x73,0x65,0x72,0x5f,0x64,0x61,0x74,0x61,0x5f,
    0x6c,0x69,0x6d,0x69,0x74,0x04,0xb0,0x2e,0x73,0x70,0x69,0x6c,0x6c,0x5f,0x74,0x68,0x72,0x65,0x73,0x68,
    0x6f,0x6c,0x64,0xcd,0xff,0xff,0xb0,0x2e,0x73,0x68,0x69,0x73,0x61,0x5f,0x69,0x6e,0x74,0x65,0x72,0x66,
    0x61,0x63,0x65,0xa4,0x62,0x61,0x73,0x65,0x00,0x00,0x00,0x00,0x00,0x00,0x00,0x00,0x00,0x00,0x00,0x00,
    0x00,0x00,0x00,0x00,0x00,0x00,0x00,0x00,0x00,0x00,0x00,0x00,0x00,0x00,0x00,0x00,0x00,0x00,0x00,0x00,
    0x00,0x00,0x00,0x00,0x00,0x00,0x00,0x00,0x00,0x00,0x00,0x00,0x00,0x00,0x00,0x00,0x00,0x00,0x00,0x00,
    0x00,0x00,0x00,0x00,0x00,0x00,0x00,0x00,0x00,0x00,0x00,0x00,0x01,0x00,0x00,0x00,0x03,0x00,0x00,0x00,
    0x00,0x00,0x00,0x00,0x00,0x00,0x00,0x00,0x00,0x00,0x00,0x00,0x00,0x00,0x00,0x00,0x40,0x00,0x00,0x00,
    0x00,0x00,0x00,0x00,0x27,0x00,0x00,0x00,0x00,0x00,0x00,0x00,0x00,0x00,0x00,0x00,0x00,0x00,0x00,0x00,
    0x00,0x00,0x00,0x00,0x00,0x00,0x00,0x00,0x00,0x00,0x00,0x00,0x00,0x00,0x00,0x00,0x0b,0x00,0x00,0x00,
    0x01,0x00,0x00,0x00,0x06,0x00,0x00,0x00,0x00,0x00,0x00,0x00,0x00,0x00,0x00,0x00,0x00,0x00,0x00,0x00,
    0x67,0x00,0x00,0x00,0x00,0x00,0x00,0x00,0x00,0x68,0x00,0x00,0x00,0x00,0x00,0x00,0x00,0x00,0x00,0x00,
    0x00,0x00,0x00,0x00,0x00,0x01,0x00,0x00,0x00,0x00,0x00,0x00,0x00,0x00,0x00,0x00,0x00,0x00,0x00,0x00,
    0x11,0x00,0x00,0x00,0x03,0x00,0x00,0x00,0x00,0x00,0x00,0x00,0x00,0x00,0x00,0x00,0x00,0x00,0x00,0x00,
    0x00,0x00,0x00,0x00,0x67,0x68,0x00,0x00,0x00,0x00,0x00,0x00,0x11,0x00,0x00,0x00,0x00,0x00,0x00,0x00,
    0x00,0x00,0x00,0x00,0x00,0x00,0x00,0x00,0x00,0x00,0x00,0x00,0x00,0x00,0x00,0x00,0x00,0x00,0x00,0x00,
    0x00,0x00,0x00,0x00,0x19,0x00,0x00,0x00,0x02,0x00,0x00,0x00,0x00,0x00,0x00,0x00,0x00,0x00,0x00,0x00,
    0x00,0x00,0x00,0x00,0x00,0x00,0x00,0x00,0x78,0x68,0x00,0x00,0x00,0x00,0x00,0x00,0x30,0x00,0x00,0x00,
    0x00,0x00,0x00,0x00,0x03,0x00,0x00,0x00,0x00,0x00,0x00,0x00,0x00,0x00,0x00,0x00,0x00,0x00,0x00,0x00,
    0x18,0x00,0x00,0x00,0x00,0x00,0x00,0x00,0x21,0x00,0x00,0x00,0x07,0x00,0x00,0x00,0x00,0x00,0x00,0x00,
    0x00,0x00,0x00,0x00,0x00,0x00,0x00,0x00,0x00,0x00,0x00,0x00,0xa8,0x68,0x00,0x00,0x00,0x00,0x00,0x00,
    0x94,0x03,0x00,0x00,0x00,0x00,0x00,0x00,0x00,0x00,0x00,0x00,0x00,0x00,0x00,0x00,0x00,0x00,0x00,0x00,
    0x00,0x00,0x00,0x00,0x00,0x00,0x00,0x00,0x00,0x00,0x00,0x00,
    },
    .m_kernelName = {},
    .m_compilerVersion = {},
    .m_codeObjectVersion = 0,
    .m_isRelocatable = true,
    .m_shaderType = ShaderTypesFlags::UNKNOWN
};

// 3_1_0/GFX11_sync_init.elf
// Assembled for Gfx11. Sync buffer clear shader for the FURY Winograd convolution shaders.
const StaticShaderType<3768> GFX11_Sync_Init_Elf =
{
    .m_binary = {
    0x7f,0x45,0x4c,0x46,0x02,0x01,0x01,0x41,0x00,0x00,0x00,0x00,0x00,0x00,0x00,0x00,0x01,0x00,0xe0,0x00,
    0x01,0x00,0x00,0x00,0x00,0x00,0x00,0x00,0x00,0x00,0x00,0x00,0x00,0x00,0x00,0x00,0x00,0x00,0x00,0x00,
    0x38,0x0d,0x00,0x00,0x00,0x00,0x00,0x00,0x41,0x00,0x00,0x00,0x40,0x00,0x00,0x00,0x00,0x00,0x40,0x00,
    0x06,0x00,0x01,0x00,0x00,0x2e,0x73,0x68,0x73,0x74,0x72,0x74,0x61,0x62,0x00,0x2e,0x74,0x65,0x78,0x74,
    0x00,0x2e,0x73,0x74,0x72,0x74,0x61,0x62,0x00,0x2e,0x73,0x79,0x6d,0x74,0x61,0x62,0x00,0x2e,0x6e,0x6f,
    0x74,0x65,0x00,0x06,0x20,0x80,0xb0,0x01,0x02,0x08,0xf4,0x00,0x00,0x00,0xf8,0x01,0x03,0x00,0xf4,0x10,
    0x00,0x00,0xf8,0x80,0x02,0x02,0x7e,0x82,0x00,0x04,0x30,0xff,0x00,0x81,0xbe,0x00,0x04,0x00,0x00,0x00,
    0x00,0x89,0xbf,0x08,0x86,0x0f,0xbf,0x03,0x00,0xa1,0xbf,0x85,0x02,0x04,0xf4,0x00,0x00,0x00,0xf8,0x00,
    0x00,0x89,0xbf,0xc4,0x0c,0x0c,0x8b,0x0b,0xff,0x0b,0x8b,0xff,0xff,0x00,0x00,0x7e,0x00,0xc9,0xd4,0x02,
    0x19,0x00,0x00,0x00,0x00,0x6a,0xdc,0x02,0x01,0x0a,0x00,0x02,0x00,0x26,0xd7,0x01,0x04,0x02,0x00,0x7e,
    0x00,0xc9,0xd4,0x02,0x19,0x00,0x00,0x00,0x00,0x6a,0xdc,0x02,0x01,0x0a,0x00,0x02,0x00,0x26,0xd7,0x01,
    0x04,0x02,0x00,0x7e,0x00,0xc9,0xd4,0x02,0x19,0x00,0x00,0x00,0x00,0x6a,0xdc,0x02,0x01,0x0a,0x00,0x02,
    0x00,0x26,0xd7,0x01,0x04,0x02,0x00,0x7e,0x00,0xc9,0xd4,0x02,0x19,0x00,0x00,0x00,0x00,0x6a,0xdc,0x02,
    0x01,0x0a,0x00,0x02,0x00,0x26,0xd7,0x01,0x04,0x02,0x00,0x01,0x00,0xa5,0xbf,0xe6,0xff,0xa0,0xbf,0x00,
    0x00,0x89,0xbf,0x00,0x00,0xb0,0xbf,0x00,0x00,0x9f,0xbf,0x00,0x00,0x9f,0xbf,0x00,0x00,0x9f,0xbf,0x00,
    0x00,0x9f,0xbf,0x00,0x00,0x9f,0xbf,0x00,0x00,0x9f,0xbf,0x00,0x00,0x9f,0xbf,0x00,0x00,0x9f,0xbf,0x00,
    0x00,0x9f,0xbf,0x00,0x00,0x9f,0xbf,0x00,0x00,0x9f,0xbf,0x00,0x00,0x9f,0xbf,0x00,0x00,0x9f,0xbf,0x00,
    0x00,0x9f,0xbf,0x00,0x00,0x9f,0xbf,0x00,0x00,0x9f,0xbf,0x00,0x00,0x9f,0xbf,0x00,0x00,0x9f,0xbf,0x00,
    0x00,0x9f,0xbf,0x00,0x00,0x9f,0xbf,0x00,0x00,0x9f,0xbf,0x00,0x00,0x9f,0xbf,0x00,0x00,0x9f,0xbf,0x00,
    0x00,0x9f,0xbf,0x00,0x00,0x9f,0xbf,0x00,0x00,0x9f,0xbf,0x00,0x00,0x9f,0xbf,0x00,0x00,0x9f,0xbf,0x00,
    0x00,0x9f,0xbf,0x00,0x00,0x9f,0xbf,0x00,0x00,0x9f,0xbf,0x00,0x00,0x9f,0xbf,0x00,0x00,0x9f,0xbf,0x00,
    0x00,0x9f,0xbf,0x00,0x00,0x9f,0xbf,0x00,0x00,0x9f,0xbf,0x00,0x00,0x9f,0xbf,0x00,0x00,0x9f,0xbf,0x00,
    0x00,0x9f,0xbf,0x00,0x00,0x9f,0xbf,0x00,0x00,0x9f,0xbf,0x00,0x00,0x9f,0xbf,0x00,0x00,0x9f,0xbf,0x00,
    0x00,0x9f,0xbf,0x00,0x00,0x9f,0xbf,0x00,0x00,0x9f,0xbf,0x00,0x00,0x9f,0xbf,0x00,0x00,0x9f,0xbf,0x00,
    0x00,0x9f,0xbf,0x00,0x00,0x9f,0xbf,0x00,0x00,0x9f,0xbf,0x00,0x00,0x9f,0xbf,0x00,0x00,0x9f,0xbf,0x00,
    0x00,0x9f,0xbf,0x00,0x00,0x9f,0xbf,0x00,0x00,0x9f,0xbf,0x00,0x00,0x9f,0xbf,0x00,0x00,0x9f,0xbf,0x00,
    0x00,0x9f,0xbf,0x00,0x00,0x9f,0xbf,0x00,0x00,0x9f,0xbf,0x00,0x00,0x9f,0xbf,0x00,0x00,0x9f,0xbf,0x00,
    0x00,0x9f,0xbf,0x00,0x00,0x9f,0xbf,0x00,0x00,0x9f,0xbf,0x00,0x00,0x9f,0xbf,0x00,0x00,0x9f,0xbf,0x00,
    0x00,0x9f,0xbf,0x00,0x00,0x9f,0xbf,0x00,0x00,0x9f,0xbf,0x00,0x00,0x9f,0xbf,0x00,0x00,0x9f,0xbf,0x00,
    0x00,0x9f,0xbf,0x00,0x00,0x9f,0xbf,0x00,0x00,0x9f,0xbf,0x00,0x00,0x9f,0xbf,0x00,0x00,0x9f,0xbf,0x00,
    0x00,0x9f,0xbf,0x00,0x00,0x9f,0xbf,0x00,0x00,0x9f,0xbf,0x00,0x00,0x9f,0xbf,0x00,0x00,0x9f,0xbf,0x00,
    0x00,0x9f,0xbf,0x00,0x00,0x9f,0xbf,0x00,0x00,0x9f,0xbf,0x00,0x00,0x9f,0xbf,0x00,0x00,0x9f,0xbf,0x00,
    0x00,0x9f,0xbf,0x00,0x00,0x9f,0xbf,0x00,0x00,0x9f,0xbf,0x00,0x00,0x9f,0xbf,0x00,0x00,0x9f,0xbf,0x00,
    0x00,0x9f,0xbf,0x00,0x00,0x9f,0xbf,0x00,0x00,0x9f,0xbf,0x00,0x00,0x9f,0xbf,0x00,0x00,0x9f,0xbf,0x00,
    0x00,0x9f,0xbf,0x00,0x00,0x9f,0xbf,0x00,0x00,0x9f,0xbf,0x00,0x00,0x9f,0xbf,0x00,0x00,0x9f,0xbf,0x00,
    0x00,0x9f,0xbf,0x00,0x00,0x9f,0xbf,0x00,0x00,0x9f,0xbf,0x00,0x00,0x9f,0xbf,0x00,0x00,0x9f,0xbf,0x00,
    0x00,0x9f,0xbf,0x00,0x00,0x9f,0xbf,0x00,0x00,0x9f,0xbf,0x00,0x00,0x9f,0xbf,0x00,0x00,0x9f,0xbf,0x00,
    0x00,0x9f,0xbf,0x00,0x00,0x9f,0xbf,0x00,0x00,0x9f,0xbf,0x00,0x00,0x9f,0xbf,0x00,0x00,0x9f,0xbf,0x00,
    0x00,0x9f,0xbf,0x00,0x00,0x9f,0xbf,0x00,0x00,0x9f,0xbf,0x00,0x00,0x9f,0xbf,0x00,0x00,0x9f,0xbf,0x00,
    0x00,0x9f,0xbf,0x00,0x00,0x9f,0xbf,0x00,0x00,0x9f,0xbf,0x00,0x00,0x9f,0xbf,0x00,0x00,0x9f,0xbf,0x00,
    0x00,0x9f,0xbf,0x00,0x00,0x9f,0xbf,0x00,0x00,0x9f,0xbf,0x00,0x00,0x9f,0xbf,0x00,0x00,0x9f,0xbf,0x00,
    0x00,0x9f,0xbf,0x00,0x00,0x9f,0xbf,0x00,0x00,0x9f,0xbf,0x00,0x00,0x9f,0xbf,0x00,0x00,0x9f,0xbf,0x00,
    0x00,0x9f,0xbf,0x00,0x00,0x9f,0xbf,0x00,0x00,0x9f,0xbf,0x00,0x00,0x9f,0xbf,0x00,0x00,0x9f,0xbf,0x00,
    0x00,0x9f,0xbf,0x00,0x00,0x9f,0xbf,0x00,0x00,0x9f,0xbf,0x00,0x00,0x9f,0xbf,0x00,0x00,0x9f,0xbf,0x00,
    0x00,0x9f,0xbf,0x00,0x00,0x9f,0xbf,0x00,0x00,0x9f,0xbf,0x00,0x00,0x9f,0xbf,0x00,0x00,0x9f,0xbf,0x00,
    0x00,0x9f,0xbf,0x00,0x00,0x9f,0xbf,0x00,0x00,0x9f,0xbf,0x00,0x00,0x9f,0xbf,0x00,0x00,0x9f,0xbf,0x00,
    0x00,0x9f,0xbf,0x00,0x00,0x9f,0xbf,0x00,0x00,0x9f,0xbf,0x00,0x00,0x9f,0xbf,0x00,0x00,0x9f,0xbf,0x00,
    0x00,0x9f,0xbf,0x00,0x00,0x9f,0xbf,0x00,0x00,0x9f,0xbf,0x00,0x00,0x9f,0xbf,0x00,0x00,0x9f,0xbf,0x00,
    0x00,0x9f,0xbf,0x00,0x00,0x9f,0xbf,0x00,0x00,0x9f,0xbf,0x00,0x00,0x9f,0xbf,0x00,0x00,0x9f,0xbf,0x00,
    0x00,0x9f,0xbf,0x00,0x00,0x9f,0xbf,0x00,0x00,0x9f,0xbf,0x00,0x00,0x9f,0xbf,0x00,0x00,0x9f,0xbf,0x00,
    0x00,0x9f,0xbf,0x00,0x00,0x9f,0xbf,0x00,0x00,0x9f,0xbf,0x00,0x00,0x9f,0xbf,0x00,0x00,0x9f,0xbf,0x00,
    0x00,0x9f,0xbf,0x00,0x00,0x9f,0xbf,0x00,0x00,0x9f,0xbf,0x00,0x00,0x9f,0xbf,0x00,0x00,0x9f,0xbf,0x00,
    0x00,0x9f,0xbf,0x00,0x00,0x9f,0xbf,0x00,0x00,0x9f,0xbf,0x00,0x00,0x9f,0xbf,0x00,0x00,0x9f,0xbf,0x00,
    0x00,0x9f,0xbf,0x00,0x00,0x9f,0xbf,0x00,0x00,0x9f,0xbf,0x00,0x00,0x9f,0xbf,0x00,0x00,0x9f,0xbf,0x00,
    0x00,0x9f,0xbf,0x00,0x00,0x9f,0xbf,0x00,0x00,0x9f,0xbf,0x00,0x00,0x9f,0xbf,0x00,0x00,0x9f,0xbf,0x00,
    0x00,0x9f,0xbf,0x00,0x00,0x9f,0xbf,0x00,0x00,0x9f,0xbf,0x00,0x00,0x9f,0xbf,0x00,0x00,0x9f,0xbf,0x00,
    0x00,0x9f,0xbf,0x00,0x00,0x9f,0xbf,0x00,0x00,0x9f,0xbf,0x00,0x00,0x9f,0xbf,0x00,0x00,0x9f,0xbf,0x00,
    0x00,0x9f,0xbf,0x00,0x00,0x9f,0xbf,0x00,0x00,0x9f,0xbf,0x00,0x00,0x9f,0xbf,0x00,0x00,0x9f,0xbf,0x00,
    0x00,0x9f,0xbf,0x00,0x00,0x9f,0xbf,0x00,0x00,0x9f,0xbf,0x00,0x00,0x9f,0xbf,0x00,0x00,0x9f,0xbf,0x00,
    0x00,0x9f,0xbf,0x00,0x00,0x9f,0xbf,0x00,0x00,0x9f,0xbf,0x00,0x00,0x9f,0xbf,0x00,0x00,0x9f,0xbf,0x00,
    0x00,0x9f,0xbf,0x00,0x00,0x9f,0xbf,0x00,0x00,0x9f,0xbf,0x00,0x00,0x9f,0xbf,0x00,0x00,0x9f,0xbf,0x00,
    0x00,0x9f,0xbf,0x00,0x00,0x9f,0xbf,0x00,0x00,0x9f,0xbf,0x00,0x00,0x9f,0xbf,0x00,0x00,0x9f,0xbf,0x00,
    0x00,0x9f,0xbf,0x00,0x00,0x9f,0xbf,0x00,0x00,0x9f,0xbf,0x00,0x00,0x9f,0xbf,0x00,0x00,0x9f,0xbf,0x00,
    0x00,0x9f,0xbf,0x00,0x00,0x9f,0xbf,0x00,0x00,0x9f,0xbf,0x00,0x00,0x9f,0xbf,0x00,0x00,0x9f,0xbf,0x00,
    0x00,0x9f,0xbf,0x00,0x00,0x9f,0xbf,0x00,0x00,0x9f,0xbf,0x00,0x00,0x9f,0xbf,0x00,0x00,0x9f,0xbf,0x00,
    0x00,0x9f,0xbf,0x00,0x00,0x9f,0xbf,0x00,0x00,0x9f,0xbf,0x00,0x00,0x9f,0xbf,0x00,0x00,0x9f,0xbf,0x00,
    0x00,0x9f,0xbf,0x00,0x00,0x9f,0xbf,0x00,0x00,0x9f,0xbf,0x00,0x00,0x9f,0xbf,0x00,0x00,0x9f,0xbf,0x00,
    0x00,0x9f,0xbf,0x00,0x00,0x9f,0xbf,0x00,0x00,0x9f,0xbf,0x00,0x00,0x9f,0xbf,0x00,0x00,0x9f,0xbf,0x00,
    0x00,0x9f,0xbf,0x00,0x00,0x9f,0xbf,0x00,0x00,0x9f,0xbf,0x00,0x00,0x9f,0xbf,0x00,0x00,0x9f,0xbf,0x00,
    0x00,0x9f,0xbf,0x00,0x00,0x9f,0xbf,0x00,0x00,0x9f,0xbf,0x00,0x00,0x9f,0xbf,0x00,0x00,0x9f,0xbf,0x00,
    0x00,0x9f,0xbf,0x00,0x00,0x9f,0xbf,0x00,0x00,0x9f,0xbf,0x00,0x00,0x9f,0xbf,0x00,0x00,0x9f,0xbf,0x00,
    0x00,0x9f,0xbf,0x00,0x00,0x9f,0xbf,0x00,0x00,0x9f,0xbf,0x00,0x00,0x9f,0xbf,0x00,0x00,0x9f,0xbf,0x00,
    0x00,0x9f,0xbf,0x00,0x00,0x9f,0xbf,0x00,0x00,0x9f,0xbf,0x00,0x00,0x9f,0xbf,0x00,0x00,0x9f,0xbf,0x00,
    0x00,0x9f,0xbf,0x00,0x00,0x9f,0xbf,0x00,0x00,0x9f,0xbf,0x00,0x00,0x9f,0xbf,0x00,0x00,0x9f,0xbf,0x00,
    0x00,0x9f,0xbf,0x00,0x00,0x9f,0xbf,0x00,0x00,0x9f,0xbf,0x00,0x00,0x9f,0xbf,0x00,0x00,0x9f,0xbf,0x00,
    0x00,0x9f,0xbf,0x00,0x00,0x9f,0xbf,0x00,0x00,0x9f,0xbf,0x00,0x00,0x9f,0xbf,0x00,0x00,0x9f,0xbf,0x00,
    0x00,0x9f,0xbf,0x00,0x00,0x9f,0xbf,0x00,0x00,0x9f,0xbf,0x00,0x00,0x9f,0xbf,0x00,0x00,0x9f,0xbf,0x00,
    0x00,0x9f,0xbf,0x00,0x00,0x9f,0xbf,0x00,0x00,0x9f,0xbf,0x00,0x00,0x9f,0xbf,0x00,0x00,0x9f,0xbf,0x00,
    0x00,0x9f,0xbf,0x00,0x00,0x9f,0xbf,0x00,0x00,0x9f,0xbf,0x00,0x00,0x9f,0xbf,0x00,0x00,0x9f,0xbf,0x00,
    0x00,0x9f,0xbf,0x00,0x00,0x9f,0xbf,0x00,0x00,0x9f,0xbf,0x00,0x00,0x9f,0xbf,0x00,0x00,0x9f,0xbf,0x00,
    0x00,0x9f,0xbf,0x00,0x00,0x9f,0xbf,0x00,0x00,0x9f,0xbf,0x00,0x00,0x9f,0xbf,0x00,0x00,0x9f,0xbf,0x00,
    0x00,0x9f,0xbf,0x00,0x00,0x9f,0xbf,0x00,0x00,0x9f,0xbf,0x00,0x00,0x9f,0xbf,0x00,0x00,0x9f,0xbf,0x00,
    0x00,0x9f,0xbf,0x00,0x00,0x9f,0xbf,0x00,0x00,0x9f,0xbf,0x00,0x00,0x9f,0xbf,0x00,0x00,0x9f,0xbf,0x00,
    0x00,0x9f,0xbf,0x00,0x00,0x9f,0xbf,0x00,0x00,0x9f,0xbf,0x00,0x00,0x9f,0xbf,0x00,0x00,0x9f,0xbf,0x00,
    0x00,0x9f,0xbf,0x00,0x00,0x9f,0xbf,0x00,0x00,0x9f,0xbf,0x00,0x00,0x9f,0xbf,0x00,0x00,0x9f,0xbf,0x00,
    0x00,0x9f,0xbf,0x00,0x00,0x9f,0xbf,0x00,0x00,0x9f,0xbf,0x00,0x00,0x9f,0xbf,0x00,0x00,0x9f,0xbf,0x00,
    0x00,0x9f,0xbf,0x00,0x00,0x9f,0xbf,0x00,0x00,0x9f,0xbf,0x00,0x00,0x9f,0xbf,0x00,0x00,0x9f,0xbf,0x00,
    0x00,0x9f,0xbf,0x00,0x00,0x9f,0xbf,0x00,0x00,0x9f,0xbf,0x00,0x00,0x9f,0xbf,0x00,0x00,0x9f,0xbf,0x00,
    0x00,0x9f,0xbf,0x00,0x00,0x9f,0xbf,0x00,0x00,0x9f,0xbf,0x00,0x00,0x9f,0xbf,0x00,0x00,0x9f,0xbf,0x00,
    0x00,0x9f,0xbf,0x00,0x00,0x9f,0xbf,0x00,0x00,0x9f,0xbf,0x00,0x00,0x9f,0xbf,0x00,0x00,0x9f,0xbf,0x00,
    0x00,0x9f,0xbf,0x00,0x00,0x9f,0xbf,0x00,0x00,0x9f,0xbf,0x00,0x00,0x9f,0xbf,0x00,0x00,0x9f,0xbf,0x00,
    0x00,0x9f,0xbf,0x00,0x00,0x9f,0xbf,0x00,0x00,0x9f,0xbf,0x00,0x00,0x9f,0xbf,0x00,0x00,0x9f,0xbf,0x00,
    0x00,0x9f,0xbf,0x00,0x00,0x9f,0xbf,0x00,0x00,0x9f,0xbf,0x00,0x00,0x9f,0xbf,0x00,0x00,0x9f,0xbf,0x00,
    0x00,0x9f,0xbf,0x00,0x00,0x9f,0xbf,0x00,0x00,0x9f,0xbf,0x00,0x00,0x9f,0xbf,0x00,0x00,0x9f,0xbf,0x00,
    0x00,0x9f,0xbf,0x00,0x00,0x9f,0xbf,0x00,0x00,0x9f,0xbf,0x00,0x00,0x9f,0xbf,0x00,0x00,0x9f,0xbf,0x00,
    0x00,0x9f,0xbf,0x00,0x00,0x9f,0xbf,0x00,0x00,0x9f,0xbf,0x00,0x00,0x9f,0xbf,0x00,0x00,0x9f,0xbf,0x00,
    0x00,0x9f,0xbf,0x00,0x00,0x9f,0xbf,0x00,0x00,0x9f,0xbf,0x00,0x00,0x9f,0xbf,0x00,0x00,0x9f,0xbf,0x00,
    0x00,0x9f,0xbf,0x00,0x00,0x9f,0xbf,0x00,0x00,0x9f,0xbf,0x00,0x00,0x9f,0xbf,0x00,0x00,0x9f,0xbf,0x00,
    0x00,0x9f,0xbf,0x00,0x00,0x9f,0xbf,0x00,0x00,0x9f,0xbf,0x00,0x00,0x9f,0xbf,0x00,0x00,0x9f,0xbf,0x00,
    0x00,0x9f,0xbf,0x00,0x00,0x9f,0xbf,0x00,0x00,0x9f,0xbf,0x00,0x00,0x9f,0xbf,0x00,0x00,0x9f,0xbf,0x00,
    0x00,0x9f,0xbf,0x00,0x00,0x9f,0xbf,0x00,0x00,0x9f,0xbf,0x00,0x00,0x9f,0xbf,0x00,0x00,0x9f,0xbf,0x00,
    0x00,0x9f,0xbf,0x00,0x00,0x9f,0xbf,0x00,0x00,0x9f,0xbf,0x00,0x00,0x9f,0xbf,0x00,0x00,0x9f,0xbf,0x00,
    0x00,0x9f,0xbf,0x00,0x00,0x9f,0xbf,0x00,0x00,0x9f,0xbf,0x00,0x00,0x9f,0xbf,0x00,0x00,0x9f,0xbf,0x00,
    0x00,0x9f,0xbf,0x00,0x00,0x9f,0xbf,0x00,0x00,0x9f,0xbf,0x00,0x00,0x9f,0xbf,0x00,0x00,0x9f,0xbf,0x00,
    0x00,0x9f,0xbf,0x00,0x00,0x9f,0xbf,0x00,0x00,0x9f,0xbf,0x00,0x00,0x9f,0xbf,0x00,0x00,0x9f,0xbf,0x00,
    0x00,0x9f,0xbf,0x00,0x00,0x9f,0xbf,0x00,0x00,0x9f,0xbf,0x00,0x00,0x9f,0xbf,0x00,0x00,0x9f,0xbf,0x00,
    0x00,0x9f,0xbf,0x00,0x00,0x9f,0xbf,0x00,0x00,0x9f,0xbf,0x00,0x00,0x9f,0xbf,0x00,0x00,0x9f,0xbf,0x00,
    0x00,0x9f,0xbf,0x00,0x00,0x9f,0xbf,0x00,0x00,0x9f,0xbf,0x00,0x00,0x9f,0xbf,0x00,0x00,0x9f,0xbf,0x00,
    0x00,0x9f,0xbf,0x00,0x00,0x9f,0xbf,0x00,0x00,0x9f,0xbf,0x00,0x00,0x9f,0xbf,0x00,0x00,0x9f,0xbf,0x00,
    0x00,0x9f,0xbf,0x00,0x00,0x9f,0xbf,0x00,0x00,0x9f,0xbf,0x00,0x00,0x9f,0xbf,0x00,0x00,0x9f,0xbf,0x00,
    0x00,0x9f,0xbf,0x00,0x00,0x9f,0xbf,0x00,0x00,0x9f,0xbf,0x00,0x00,0x9f,0xbf,0x00,0x00,0x9f,0xbf,0x00,
    0x00,0x9f,0xbf,0x00,0x00,0x9f,0xbf,0x00,0x00,0x9f,0xbf,0x00,0x00,0x9f,0xbf,0x00,0x00,0x9f,0xbf,0x00,
    0x00,0x9f,0xbf,0x00,0x00,0x9f,0xbf,0x00,0x00,0x9f,0xbf,0x00,0x00,0x9f,0xbf,0x00,0x00,0x9f,0xbf,0x00,
    0x00,0x9f,0xbf,0x00,0x00,0x9f,0xbf,0x00,0x00,0x9f,0xbf,0x00,0x00,0x9f,0xbf,0x00,0x00,0x9f,0xbf,0x00,
    0x00,0x9f,0xbf,0x00,0x00,0x9f,0xbf,0x00,0x00,0x9f,0xbf,0x00,0x00,0x9f,0xbf,0x00,0x00,0x9f,0xbf,0x00,
    0x00,0x9f,0xbf,0x00,0x00,0x9f,0xbf,0x00,0x00,0x9f,0xbf,0x00,0x00,0x9f,0xbf,0x00,0x00,0x9f,0xbf,0x00,
    0x00,0x9f,0xbf,0x00,0x00,0x9f,0xbf,0x00,0x00,0x9f,0xbf,0x00,0x00,0x9f,0xbf,0x00,0x00,0x9f,0xbf,0x00,
    0x00,0x9f,0xbf,0x00,0x00,0x9f,0xbf,0x00,0x00,0x9f,0xbf,0x00,0x00,0x9f,0xbf,0x00,0x00,0x9f,0xbf,0x00,
    0x00,0x9f,0xbf,0x00,0x00,0x9f,0xbf,0x00,0x00,0x9f,0xbf,0x00,0x00,0x9f,0xbf,0x00,0x00,0x9f,0xbf,0x00,
    0x00,0x9f,0xbf,0x00,0x00,0x9f,0xbf,0x00,0x00,0x9f,0xbf,0x00,0x00,0x9f,0xbf,0x00,0x00,0x9f,0xbf,0x00,
    0x00,0x9f,0xbf,0x00,0x00,0x9f,0xbf,0x00,0x5f,0x61,0x6d,0x64,0x67,0x70,0x75,0x5f,0x63,0x73,0x5f,0x6d,
    0x61,0x69,0x6e,0x00,0x00,0x00,0x00,0x00,0x00,0x00,0x00,0x00,0x00,0x00,0x00,0x00,0x00,0x00,0x00,0x00,
    0x00,0x00,0x00,0x00,0x00,0x00,0x00,0x00,0x01,0x00,0x00,0x00,0x02,0x00,0x02,0x00,0x00,0x00,0x00,0x00,
    0x00,0x00,0x00,0x00,0x00,0x09,0x00,0x00,0x00,0x00,0x00,0x00,0x07,0x00,0x00,0x00,0x7c,0x03,0x00,0x00,
    0x20,0x00,0x00,0x00,0x41,0x4d,0x44,0x47,0x50,0x55,0x00,0x00,0x82,0xae,0x61,0x6d,0x64,0x70,0x61,0x6c,
    0x2e,0x76,0x65,0x72,0x73,0x69,0x6f,0x6e,0x92,0x03,0x02,0xb0,0x61,0x6d,0x64,0x70,0x61,0x6c,0x2e,0x70,
    0x69,0x70,0x65,0x6c,0x69,0x6e,0x65,0x73,0x91,0x8a,0xa5,0x2e,0x6e,0x61,0x6d,0x65,0xa4,0x6d,0x61,0x69,
    0x6e,0xa5,0x2e,0x74,0x79,0x70,0x65,0xa2,0x43,0x73,0xb7,0x2e,0x69,0x6e,0x74,0x65,0x72,0x6e,0x61,0x6c,
    0x5f,0x70,0x69,0x70,0x65,0x6c,0x69,0x6e,0x65,0x5f,0x68,0x61,0x73,0x68,0x92,0xcf,0xf5,0x25,0x64,0xe8,
    0x5f,0x71,0x49,0xcc,0xcf,0xf5,0x25,0x64,0xe8,0x5f,0x71,0x49,0xcc,0xa8,0x2e,0x73,0x68,0x61,0x64,0x65,
    0x72,0x73,0x81,0xa8,0x2e,0x63,0x6f,0x6d,0x70,0x75,0x74,0x65,0x82,0xb0,0x2e,0x61,0x70,0x69,0x5f,0x73,
    0x68,0x61,0x64,0x65,0x72,0x5f,0x68,0x61,0x73,0x68,0x92,0xcf,0x58,0x07,0x0a,0x03,0x35,0x75,0x44,0xd0,
    0xcf,0x07,0x76,0x43,0xcf,0xc0,0x50,0x20,0x38,0xb1,0x2e,0x68,0x61,0x72,0x64,0x77,0x61,0x72,0x65,0x5f,
    0x6d,0x61,0x70,0x70,0x69,0x6e,0x67,0x91,0xa3,0x2e,0x63,0x73,0xb0,0x2e,0x68,0x61,0x72,0x64,0x77,0x61,
    0x72,0x65,0x5f,0x73,0x74,0x61,0x67,0x65,0x73,0x81,0xa3,0x2e,0x63,0x73,0xde,0x00,0x11,0xac,0x2e,0x65,
    0x6e,0x74,0x72,0x79,0x5f,0x70,0x6f,0x69,0x6e,0x74,0xaf,0x5f,0x61,0x6d,0x64,0x67,0x70,0x75,0x5f,0x63,
    0x73,0x5f,0x6d,0x61,0x69,0x6e,0xa9,0x2e,0x6c,0x64,0x73,0x5f,0x73,0x69,0x7a,0x65,0x00,0xab,0x2e,0x73,
    0x67,0x70,0x72,0x5f,0x63,0x6f,0x75,0x6e,0x74,0x10,0xab,0x2e,0x76,0x67,0x70,0x72,0x5f,0x63,0x6f,0x75,
    0x6e,0x74,0x04,0xb7,0x2e,0x74,0x68,0x72,0x65,0x61,0x64,0x67,0x72,0x6f,0x75,0x70,0x5f,0x64,0x69,0x6d,
    0x65,0x6e,0x73,0x69,0x6f,0x6e,0x73,0x93,0xcd,0x01,0x00,0x01,0x01,0xaf,0x2e,0x77,0x61,0x76,0x65,0x66,
    0x72,0x6f,0x6e,0x74,0x5f,0x73,0x69,0x7a,0x65,0x40,0xab,0x2e,0x66,0x6c,0x6f,0x61,0x74,0x5f,0x6d,0x6f,
    0x64,0x65,0x00,0xaa,0x2e,0x69,0x65,0x65,0x65,0x5f,0x6d,0x6f,0x64,0x65,0xc2,0xae,0x2e,0x66,0x70,0x31,
    0x36,0x5f,0x6f,0x76,0x65,0x72,0x66,0x6c,0x6f,0x77,0xc2,0xa9,0x2e,0x77,0x67,0x70,0x5f,0x6d,0x6f,0x64,
    0x65,0xc2,0xac,0x2e,0x6d,0x65,0x6d,0x5f,0x6f,0x72,0x64,0x65,0x72,0x65,0x64,0xc2,0xb1,0x2e,0x66,0x6f,
    0x72,0x77,0x61,0x72,0x64,0x5f,0x70,0x72,0x6f,0x67,0x72,0x65,0x73,0x73,0xc2,0xaf,0x2e,0x77,0x67,0x5f,
    0x72,0x6f,0x75,0x6e,0x64,0x5f,0x72,0x6f,0x62,0x69,0x6e,0xc2,0xab,0x2e,0x73,0x63,0x72,0x61,0x74,0x63,
    0x68,0x5f,0x65,0x6e,0xc2,0xad,0x2e,0x74,0x72,0x61,0x70,0x5f,0x70,0x72,0x65,0x73,0x65,0x6e,0x74,0xc2,
    0xab,0x2e,0x75,0x73,0x65,0x72,0x5f,0x73,0x67,0x70,0x72,0x73,0x04,0xb2,0x2e,0x75,0x73,0x65,0x72,0x5f,
    0x64,0x61,0x74,0x61,0x5f,0x72,0x65,0x67,0x5f,0x6d,0x61,0x70,0xdc,0x00,0x20,0xce,0xff,0xff,0xff,0xff,
    0xce,0xff,0xff,0xff,0xff,0x00,0x01,0xce,0xff,0xff,0xff,0xff,0xce,0xff,0xff,0xff,0xff,0xce,0xff,0xff,
    0xff,0xff,0xce,0xff,0xff,0xff,0xff,0xce,0xff,0xff,0xff,0xff,0xce,0xff,0xff,0xff,0xff,0xce,0xff,0xff,
    0xff,0xff,0xce,0xff,0xff,0xff,0xff,0xce,0xff,0xff,0xff,0xff,0xce,0xff,0xff,0xff,0xff,0xce,0xff,0xff,
    0xff,0xff,0xce,0xff,0xff,0xff,0xff,0xce,0xff,0xff,0xff,0xff,0xce,0xff,0xff,0xff,0xff,0xce,0xff,0xff,
    0xff,0xff,0xce,0xff,0xff,0xff,0xff,0xce,0xff,0xff,0xff,0xff,0xce,0xff,0xff,0xff,0xff,0xce,0xff,0xff,
    0xff,0xff,0xce,0xff,0xff,0xff,0xff,0xce,0xff,0xff,0xff,0xff,0xce,0xff,0xff,0xff,0xff,0xce,0xff,0xff,
    0xff,0xff,0xce,0xff,0xff,0xff,0xff,0xce,0xff,0xff,0xff,0xff,0xce,0xff,0xff,0xff,0xff,0xce,0xff,0xff,
    0xff,0xff,0xce,0xff,0xff,0xff,0xff,0xb2,0x2e,0x63,0x6f,0x6d,0x70,0x75,0x74,0x65,0x5f,0x72,0x65,0x67,
    0x69,0x73,0x74,0x65,0x72,0x73,0x85,0xaa,0x2e,0x74,0x67,0x69,0x64,0x5f,0x78,0x5f,0x65,0x6e,0xc3,0xaa,
    0x2e,0x74,0x67,0x69,0x64,0x5f,0x79,0x5f,0x65,0x6e,0xc2,0xaa,0x2e,0x74,0x67,0x69,0x64,0x5f,0x7a,0x5f,
    0x65,0x6e,0xc2,0xab,0x2e,0x74,0x67,0x5f,0x73,0x69,0x7a,0x65,0x5f,0x65,0x6e,0xc2,0xaf,0x2e,0x74,0x69,
    0x64,0x69,0x67,0x5f,0x63,0x6f,0x6d,0x70,0x5f,0x63,0x6e,0x74,0x01,0xaa,0x2e,0x72,0x65,0x67,0x69,0x73,
    0x74,0x65,0x72,0x73,0x8f,0xcd,0x2e,0x18,0x00,0xcd,0x2e,0x15,0x00,0xcd,0x2e,0x16,0xce,0xff,0xff,0xff,
    0xff,0xcd,0x2e,0x17,0xce,0xff,0xff,0xff,0xff,0xcd,0x2e,0x19,0xce,0xff,0xff,0xff,0xff,0xcd,0x2e,0x1a,
    0xce,0xff,0xff,0xff,0xff,0xcd,0x2e,0x12,0x40,0xcd,0x2e,0x13,0xcd,0x08,0x88,0xcd,0x2e,0x28,0x00,0xcd,
    0x2e,0x2a,0xce,0x75,0x96,0x40,0xb9,0xcd,0x2e,0x07,0xce,0x01,0x00,0x01,0x00,0xcd,0x2e,0x08,0xce,0x00,
    0x01,0x00,0x01,0xcd,0x2e,0x09,0xce,0x00,0x01,0x00,0x01,0xcd,0x2e,0x42,0x00,0xcd,0x2e,0x43,0x01,0xb0,
    0x2e,0x75,0x73,0x65,0x72,0x5f,0x64,0x61,0x74,0x61,0x5f,0x6c,0x69,0x6d,0x69,0x74,0x04,0xb0,0x2e,0x73,
    0x70,0x69,0x6c,0x6c,0x5f,0x74,0x68,0x72,0x65,0x73,0x68,0x6f,0x6c,0x64,0xcd,0xff,0xff,0xb0,0x2e,0x73,
    0x68,0x69,0x73,0x61,0x5f,0x69,0x6e,0x74,0x65,0x72,0x66,0x61,0x63,0x65,0xa9,0x73,0x79,0x6e,0x63,0x5f,
    0x69,0x6e,0x69,0x74,0x00,0x00,0x00,0x00,0x00,0x00,0x00,0x00,0x00,0x00,0x00,0x00,0x00,0x00,0x00,0x00,
    0x00,0x00,0x00,0x00,0x00,0x00,0x00,0x00,0x00,0x00,0x00,0x00,0x00,0x00,0x00,0x00,0x00,0x00,0x00,0x00,
    0x00,0x00,0x00,0x00,0x00,0x00,0x00,0x00,0x00,0x00,0x00,0x00,0x00,0x00,0x00,0x00,0x00,0x00,0x00,0x00,
    0x00,0x00,0x00,0x00,0x00,0x00,0x00,0x00,0x01,0x00,0x00,0x00,0x03,0x00,0x00,0x00,0x00,0x00,0x00,0x00,
    0x00,0x00,0x00,0x00,0x00,0x00,0x00,0x00,0x00,0x00,0x00,0x00,0x40,0x00,0x00,0x00,0x00,0x00,0x00,0x00,
    0x27,0x00,0x00,0x00,0x00,0x00,0x00,0x00,0x00,0x00,0x00,0x00,0x00,0x00,0x00,0x00,0x00,0x00,0x00,0x00,
    0x00,0x00,0x00,0x00,0x00,0x00,0x00,0x00,0x00,0x00,0x00,0x00,0x0b,0x00,0x00,0x00,0x01,0x00,0x00,0x00,
    0x06,0x00,0x00,0x00,0x00,0x00,0x00,0x00,0x00,0x00,0x00,0x00,0x00,0x00,0x00,0x00,0x67,0x00,0x00,0x00,
    0x00,0x00,0x00,0x00,0x00,0x09,0x00,0x00,0x00,0x00,0x00,0x00,0x00,0x00,0x00,0x00,0x00,0x00,0x00,0x00,
    0x00,0x01,0x00,0x00,0x00,0x00,0x00,0x00,0x00,0x00,0x00,0x00,0x00,0x00,0x00,0x00,0x11,0x00,0x00,0x00,
    0x03,0x00,0x00,0x00,0x00,0x00,0x00,0x00,0x00,0x00,0x00,0x00,0x00,0x00,0x00,0x00,0x00,0x00,0x00,0x00,
    0x67,0x09,0x00,0x00,0x00,0x00,0x00,0x00,0x11,0x00,0x00,0x00,0x00,0x00,0x00,0x00,0x00,0x00,0x00,0x00,
    0x00,0x00,0x00,0x00,0x00,0x00,0x00,0x00,0x00,0x00,0x00,0x00,0x00,0x00,0x00,0x00,0x00,0x00,0x00,0x00,
    0x19,0x00,0x00,0x00,0x02,0x00,0x00,0x00,0x00,0x00,0x00,0x00,0x00,0x00,0x00,0x00,0x00,0x00,0x00,0x00,
    0x00,0x00,0x00,0x00,0x78,0x09,0x00,0x00,0x00,0x00,0x00,0x00,0x30,0x00,0x00,0x00,0x00,0x00,0x00,0x00,
    0x03,0x00,0x00,0x00,0x00,0x00,0x00,0x00,0x00,0x00,0x00,0x00,0x00,0x00,0x00,0x00,0x18,0x00,0x00,0x00,
    0x00,0x00,0x00,0x00,0x21,0x00,0x00,0x00,0x07,0x00,0x00,0x00,0x00,0x00,0x00,0x00,0x00,0x00,0x00,0x00,
    0x00,0x00,0x00,0x00,0x00,0x00,0x00,0x00,0xa8,0x09,0x00,0x00,0x00,0x00,0x00,0x00,0x90,0x03,0x00,0x00,
    0x00,0x00,0x00,0x00,0x00,0x00,0x00,0x00,0x00,0x00,0x00,0x00,0x00,0x00,0x00,0x00,0x00,0x00,0x00,0x00,
    0x00,0x00,0x00,0x00,0x00,0x00,0x00,0x00,
    },
    .m_kernelName = {},
    .m_compilerVersion = {},
    .m_codeObjectVersion = 0,
    .m_isRelocatable = true,
    .m_shaderType = ShaderTypesFlags::UNKNOWN
};

} // namespace mlss::conv::mxn::winograd::fury::fp16::gfx1100
