/* Copyright (c) 2026 Advanced Micro Devices, Inc. All rights reserved. */
#pragma once

#include "shaders/shaders.hpp"

namespace mlss::mvn::mvn2::hip::fp16::gfx1200
{

const StaticShaderType<7872> instaNormSplitPart1_hip_amdgcn_amd_amdhsa_gfx1200_wave64_coba =
{
    .m_binary = {
0x7f,0x45,0x4c,0x46,0x02,0x01,0x01,0x40,0x03,0x00,0x00,0x00,0x00,0x00,0x00,0x00,
0x01,0x00,0xe0,0x00,0x01,0x00,0x00,0x00,0x00,0x00,0x00,0x00,0x00,0x00,0x00,0x00,
0x00,0x00,0x00,0x00,0x00,0x00,0x00,0x00,0x80,0x16,0x00,0x00,0x00,0x00,0x00,0x00,
0x48,0x00,0x00,0x00,0x40,0x00,0x00,0x00,0x00,0x00,0x40,0x00,0x21,0x00,0x01,0x00,
0x00,0x00,0x00,0x00,0x00,0x00,0x00,0x00,0x00,0x00,0x00,0x00,0x00,0x00,0x00,0x00,
0x00,0x00,0x00,0x00,0x00,0x00,0x00,0x00,0x00,0x00,0x00,0x00,0x00,0x00,0x00,0x00,
0x00,0x00,0x00,0x00,0x00,0x00,0x00,0x00,0x00,0x00,0x00,0x00,0x00,0x00,0x00,0x00,
0x00,0x00,0x00,0x00,0x00,0x00,0x00,0x00,0x00,0x00,0x00,0x00,0x00,0x00,0x00,0x00,
0x00,0x00,0x00,0x00,0x00,0x00,0x00,0x00,0x00,0x00,0x00,0x00,0x00,0x00,0x00,0x00,
0x00,0x00,0x00,0x00,0x00,0x00,0x00,0x00,0x00,0x00,0x00,0x00,0x00,0x00,0x00,0x00,
0x00,0x00,0x00,0x00,0x00,0x00,0x00,0x00,0x00,0x00,0x00,0x00,0x00,0x00,0x00,0x00,
0x00,0x00,0x00,0x00,0x00,0x00,0x00,0x00,0x00,0x00,0x00,0x00,0x00,0x00,0x00,0x00,
0x00,0x00,0x00,0x00,0x00,0x00,0x00,0x00,0x00,0x00,0x00,0x00,0x00,0x00,0x00,0x00,
0x00,0x00,0x00,0x00,0x00,0x00,0x00,0x00,0x00,0x00,0x00,0x00,0x00,0x00,0x00,0x00,
0x00,0x00,0x00,0x00,0x00,0x00,0x00,0x00,0x00,0x00,0x00,0x00,0x00,0x00,0x00,0x00,
0x00,0x00,0x00,0x00,0x00,0x00,0x00,0x00,0x00,0x00,0x00,0x00,0x00,0x00,0x00,0x00,
0x00,0x60,0x00,0xf4,0x00,0x00,0x00,0xf8,0x75,0x88,0x08,0x84,0xb9,0x00,0x87,0xbf,
0x00,0x00,0x46,0xd6,0x00,0x05,0x21,0x00,0x00,0x00,0xc7,0xbf,0x00,0x20,0x00,0xf4,
0x00,0x00,0x00,0xf8,0x01,0x7c,0xfe,0xd6,0x05,0xe6,0x00,0x04,0x81,0x20,0x00,0xf4,
0x00,0x00,0x00,0xf8,0x7f,0x81,0x05,0x8b,0x9f,0x02,0x04,0x34,0xb1,0x00,0x87,0xbf,
0x81,0x02,0x02,0x3e,0x00,0x00,0xc7,0xbf,0x01,0xff,0x01,0x8b,0xff,0xff,0x00,0x00,
0x01,0x6a,0x00,0xd7,0x00,0x02,0x02,0x00,0xfe,0xff,0x88,0xbf,0x02,0x7c,0x20,0xd5,
0x01,0x04,0xaa,0x01,0x80,0x00,0x81,0xbe,0x04,0x00,0x80,0xbe,0xfe,0xff,0x88,0xbf,
0x01,0x00,0x84,0xbe,0x7c,0x40,0x05,0xee,0x01,0x00,0x00,0x00,0x01,0x00,0x00,0x00,
0x00,0x82,0x80,0x84,0x03,0xff,0x03,0x8b,0xff,0xff,0x00,0x00,0xfe,0xff,0x88,0xbf,
0x04,0x80,0x10,0xbf,0x02,0x00,0x80,0xa9,0x00,0x00,0xc0,0xbf,0x90,0x02,0x06,0x32,
0x01,0x17,0x08,0x7e,0x90,0x04,0x0a,0x32,0x02,0x17,0x0c,0x7e,0x94,0x01,0x87,0xbf,
0x03,0x17,0x06,0x7e,0x05,0x17,0x0a,0x7e,0x22,0x01,0x87,0xbf,0x04,0x07,0x08,0x06,
0x03,0x07,0x06,0x10,0x04,0x0d,0x08,0x06,0x12,0x01,0x87,0xbf,0x01,0x00,0x20,0xcc,
0x01,0x03,0x0e,0x1c,0x04,0x0b,0x06,0x06,0xa2,0x01,0x87,0xbf,0x01,0x00,0x20,0xcc,
0x02,0x05,0x06,0x1c,0x9f,0x00,0x08,0x34,0xfa,0x06,0x06,0x06,0x03,0x01,0x09,0xff,
0x93,0x01,0x87,0xbf,0x01,0x18,0x20,0xcc,0x02,0x05,0x06,0x1c,0x98,0x08,0x04,0x32,
0x93,0x01,0x87,0xbf,0xfa,0x06,0x06,0x06,0x03,0x02,0x09,0xff,0xfa,0x02,0x02,0x06,
0x01,0x01,0x09,0xff,0x93,0x01,0x87,0xbf,0x00,0x05,0x00,0x4a,0xfa,0x06,0x04,0x06,
0x03,0x04,0x09,0xff,0x93,0x01,0x87,0xbf,0xfa,0x02,0x02,0x06,0x01,0x02,0x09,0xff,
0x88,0x00,0x00,0x34,0x93,0x01,0x87,0xbf,0xfa,0x04,0x04,0x06,0x02,0x08,0x09,0xff,
0xfa,0x02,0x06,0x06,0x01,0x04,0x09,0xff,0xfe,0xff,0x88,0xbf,0xc3,0x01,0x87,0xbf,
0x00,0x7c,0xfe,0xd6,0x06,0xe6,0x00,0x04,0x80,0x02,0x02,0x7e,0xfa,0x02,0x0c,0x7e,
0x02,0x50,0x09,0xff,0xfa,0x06,0x04,0x06,0x03,0x08,0x09,0xff,0x04,0x7c,0xfe,0xd6,
0x07,0x0c,0x00,0x04,0x93,0x01,0x87,0xbf,0x07,0x10,0x5c,0xd6,0x06,0x01,0x01,0x02,
0xfa,0x02,0x10,0x7e,0x02,0x50,0x09,0xff,0x82,0x00,0x04,0x3e,0x01,0x03,0x0a,0x7e,
0x14,0x02,0x87,0xbf,0x06,0x0f,0x00,0x06,0x06,0x10,0x5c,0xd6,0x08,0x01,0x01,0x02,
0x94,0x01,0x87,0xbf,0x02,0x6a,0x00,0xd7,0x00,0x04,0x02,0x00,0x04,0x00,0x60,0xd7,
0x00,0x41,0x01,0x00,0x03,0x00,0x87,0xbf,0x08,0x0d,0x0c,0x06,0x02,0x00,0x60,0xd7,
0x00,0x01,0x01,0x00,0x82,0x08,0x00,0x3e,0xfd,0xff,0x88,0xbf,0x03,0x7c,0x20,0xd5,
0x01,0x06,0xaa,0x01,0x80,0x04,0x03,0x98,0x04,0x00,0x60,0xd7,0x06,0x41,0x01,0x00,
0x05,0x00,0x60,0xd7,0x06,0x01,0x01,0x00,0x03,0x02,0x02,0xa0,0x00,0x6a,0x00,0xd7,
0x00,0x00,0x02,0x00,0x80,0x04,0x03,0x98,0x09,0x00,0x87,0xbf,0x02,0x02,0x08,0x7e,
0x03,0x05,0x02,0xa0,0xfd,0xff,0x88,0xbf,0x01,0x7c,0x20,0xd5,0x01,0x02,0xaa,0x01,
0xfe,0xff,0x88,0xbf,0x02,0x02,0x0a,0x7e,0x01,0x00,0x85,0xbf,0x7c,0x80,0x06,0xee,
0x00,0x00,0x00,0x02,0x02,0x00,0x00,0x00,0x7c,0x80,0x06,0xee,0x00,0x00,0x80,0x02,
0x00,0x00,0x00,0x00,0x00,0x00,0xb0,0xbf,0x00,0x00,0x9f,0xbf,0x00,0x00,0x9f,0xbf,
0x00,0x00,0x9f,0xbf,0x00,0x00,0x9f,0xbf,0x00,0x00,0x9f,0xbf,0x00,0x00,0x9f,0xbf,
0x00,0x00,0x9f,0xbf,0x00,0x00,0x9f,0xbf,0x00,0x00,0x9f,0xbf,0x00,0x00,0x9f,0xbf,
0x00,0x00,0x9f,0xbf,0x00,0x00,0x9f,0xbf,0x00,0x00,0x9f,0xbf,0x00,0x00,0x9f,0xbf,
0x00,0x00,0x9f,0xbf,0x00,0x00,0x9f,0xbf,0x00,0x00,0x9f,0xbf,0x00,0x00,0x9f,0xbf,
0x00,0x00,0x9f,0xbf,0x00,0x00,0x9f,0xbf,0x00,0x00,0x9f,0xbf,0x00,0x00,0x9f,0xbf,
0x00,0x00,0x9f,0xbf,0x00,0x00,0x9f,0xbf,0x00,0x00,0x9f,0xbf,0x00,0x00,0x9f,0xbf,
0x00,0x00,0x9f,0xbf,0x00,0x00,0x9f,0xbf,0x00,0x00,0x9f,0xbf,0x00,0x00,0x9f,0xbf,
0x00,0x00,0x9f,0xbf,0x00,0x00,0x9f,0xbf,0x00,0x00,0x9f,0xbf,0x00,0x00,0x9f,0xbf,
0x00,0x00,0x9f,0xbf,0x00,0x00,0x9f,0xbf,0x00,0x00,0x9f,0xbf,0x00,0x00,0x9f,0xbf,
0x00,0x00,0x9f,0xbf,0x00,0x00,0x9f,0xbf,0x00,0x00,0x9f,0xbf,0x00,0x00,0x9f,0xbf,
0x00,0x00,0x9f,0xbf,0x00,0x00,0x9f,0xbf,0x00,0x00,0x9f,0xbf,0x00,0x00,0x9f,0xbf,
0x00,0x00,0x9f,0xbf,0x00,0x00,0x9f,0xbf,0x00,0x00,0x9f,0xbf,0x00,0x00,0x9f,0xbf,
0x00,0x00,0x9f,0xbf,0x00,0x00,0x9f,0xbf,0x00,0x00,0x9f,0xbf,0x00,0x00,0x9f,0xbf,
0x00,0x00,0x9f,0xbf,0x00,0x00,0x9f,0xbf,0x00,0x00,0x9f,0xbf,0x00,0x00,0x9f,0xbf,
0x00,0x00,0x9f,0xbf,0x00,0x00,0x9f,0xbf,0x00,0x00,0x9f,0xbf,0x00,0x00,0x9f,0xbf,
0x00,0x00,0x9f,0xbf,0x00,0x00,0x9f,0xbf,0x00,0x00,0x9f,0xbf,0x00,0x00,0x9f,0xbf,
0x00,0x00,0x9f,0xbf,0x00,0x00,0x9f,0xbf,0x00,0x00,0x9f,0xbf,0x00,0x00,0x9f,0xbf,
0x00,0x00,0x9f,0xbf,0x00,0x00,0x9f,0xbf,0x00,0x00,0x9f,0xbf,0x00,0x00,0x9f,0xbf,
0x00,0x00,0x9f,0xbf,0x00,0x00,0x9f,0xbf,0x00,0x00,0x9f,0xbf,0x00,0x00,0x9f,0xbf,
0x00,0x00,0x9f,0xbf,0x00,0x00,0x9f,0xbf,0x00,0x00,0x9f,0xbf,0x00,0x00,0x9f,0xbf,
0x00,0x00,0x9f,0xbf,0x00,0x00,0x9f,0xbf,0x00,0x00,0x9f,0xbf,0x00,0x00,0x9f,0xbf,
0x00,0x00,0x9f,0xbf,0x00,0x00,0x9f,0xbf,0x00,0x00,0x9f,0xbf,0x00,0x00,0x9f,0xbf,
0x00,0x00,0x9f,0xbf,0x00,0x00,0x9f,0xbf,0x00,0x00,0x9f,0xbf,0x00,0x00,0x9f,0xbf,
0x00,0x00,0x9f,0xbf,0x00,0x00,0x9f,0xbf,0x00,0x00,0x9f,0xbf,0x00,0x00,0x9f,0xbf,
0x00,0x00,0x9f,0xbf,0x00,0x00,0x9f,0xbf,0x00,0x00,0x9f,0xbf,0x00,0x00,0x9f,0xbf,
0x00,0x00,0x9f,0xbf,0x00,0x00,0x9f,0xbf,0x00,0x00,0x9f,0xbf,0x00,0x00,0x9f,0xbf,
0x00,0x00,0x9f,0xbf,0x00,0x00,0x9f,0xbf,0x00,0x00,0x9f,0xbf,0x00,0x00,0x9f,0xbf,
0x00,0x00,0x9f,0xbf,0x00,0x00,0x9f,0xbf,0x00,0x00,0x9f,0xbf,0x00,0x00,0x9f,0xbf,
0x00,0x00,0x00,0x00,0x00,0x00,0x00,0x00,0x18,0x01,0x00,0x00,0x00,0x00,0x00,0x00,
0x00,0x00,0x00,0x00,0x00,0x00,0x00,0x00,0x00,0x00,0x00,0x00,0x00,0x00,0x00,0x00,
0x00,0x00,0x00,0x00,0x00,0x00,0x00,0x00,0x00,0x00,0x00,0x00,0x50,0x00,0x00,0x00,
0x02,0x00,0x0f,0xc0,0x84,0x01,0x00,0x00,0x08,0x00,0x00,0x00,0x00,0x00,0x00,0x00,
0x10,0x00,0x00,0x00,0x00,0x00,0x00,0x00,0x00,0x00,0x00,0x00,0x00,0x00,0x00,0x00,
0x00,0x00,0x00,0x00,0x00,0x00,0x00,0x00,0x00,0x00,0x00,0x00,0x00,0x00,0x00,0x00,
0x00,0x00,0x00,0x00,0x00,0x00,0x00,0x00,0xf0,0xff,0xff,0xff,0xff,0xff,0xff,0xff,
0xf0,0xff,0xff,0xff,0xff,0xff,0xff,0xff,0x00,0x00,0x00,0x00,0x00,0x00,0x00,0x00,
0x00,0x00,0x00,0x00,0x00,0x00,0x00,0x00,0x00,0x00,0x00,0x00,0x00,0x00,0x00,0x00,
0x10,0x00,0x00,0x00,0x00,0x00,0x00,0x00,0x00,0x00,0x00,0x00,0x00,0x00,0x00,0x00,
0x00,0x00,0x00,0x00,0x00,0x00,0x00,0x00,0x00,0x00,0x00,0x00,0x00,0x00,0x00,0x00,
0x00,0x00,0x00,0x00,0x00,0x00,0x00,0x00,0xf0,0xff,0xff,0xff,0xff,0xff,0xff,0xff,
0xf0,0xff,0xff,0xff,0xff,0xff,0xff,0xff,0x00,0x00,0x00,0x00,0x00,0x00,0x00,0x00,
0x00,0x00,0x00,0x00,0x00,0x00,0x00,0x00,0x00,0x00,0x00,0x00,0x00,0x00,0x00,0x00,
0x18,0x00,0x00,0x00,0x00,0x00,0x00,0x00,0x00,0x00,0x00,0x00,0x00,0x00,0x00,0x00,
0x00,0x00,0x00,0x00,0x00,0x00,0x00,0x00,0x00,0x00,0x00,0x00,0x00,0x00,0x00,0x00,
0x00,0x00,0x00,0x00,0x00,0x00,0x00,0x00,0xe8,0xff,0xff,0xff,0xff,0xff,0xff,0xff,
0xe8,0xff,0xff,0xff,0xff,0xff,0xff,0xff,0x00,0x00,0x00,0x00,0x00,0x00,0x00,0x00,
0x00,0x00,0x00,0x00,0x00,0x00,0x00,0x00,0x00,0x00,0x00,0x00,0x00,0x00,0x00,0x00,
0x18,0x00,0x00,0x00,0x00,0x00,0x00,0x00,0x00,0x00,0x00,0x00,0x00,0x00,0x00,0x00,
0x00,0x00,0x00,0x00,0x00,0x00,0x00,0x00,0x00,0x00,0x00,0x00,0x00,0x00,0x00,0x00,
0x00,0x00,0x00,0x00,0x00,0x00,0x00,0x00,0xe8,0xff,0xff,0xff,0xff,0xff,0xff,0xff,
0xe8,0xff,0xff,0xff,0xff,0xff,0xff,0xff,0x00,0x00,0x00,0x00,0x00,0x00,0x00,0x00,
0x00,0x00,0x00,0x00,0x00,0x00,0x00,0x00,0x00,0x00,0x00,0x00,0x00,0x00,0x00,0x00,
0x20,0x00,0x00,0x00,0x00,0x00,0x00,0x00,0x00,0x00,0x00,0x00,0x00,0x00,0x00,0x00,
0x00,0x00,0x00,0x00,0x00,0x00,0x00,0x00,0x00,0x00,0x00,0x00,0x00,0x00,0x00,0x00,
0x00,0x00,0x00,0x00,0x00,0x00,0x00,0x00,0x20,0x00,0x00,0x00,0x00,0x00,0x00,0x00,
0x00,0x00,0x00,0x00,0x00,0x00,0x00,0x00,0x00,0x00,0x00,0x00,0x00,0x00,0x00,0x00,
0x00,0x00,0x00,0x00,0x00,0x00,0x00,0x00,0x00,0x00,0x00,0x00,0x00,0x00,0x00,0x00,
0x10,0x00,0x00,0x00,0x00,0x00,0x00,0x00,0xf0,0xff,0xff,0xff,0xff,0xff,0xff,0xff,
0x00,0x00,0x00,0x00,0x00,0x00,0x00,0x00,0x00,0x00,0x00,0x00,0x00,0x00,0x00,0x00,
0x00,0x00,0x00,0x00,0x00,0x00,0x00,0x00,0xe0,0xff,0xff,0xff,0xff,0xff,0xff,0xff,
0xe0,0xff,0xff,0xff,0xff,0xff,0xff,0xff,0x00,0x00,0x00,0x00,0x00,0x00,0x00,0x00,
0x00,0x00,0x00,0x00,0x00,0x00,0x00,0x00,0x00,0x00,0x00,0x00,0x00,0x00,0x00,0x00,
0x20,0x00,0x00,0x00,0x00,0x00,0x00,0x00,0x00,0x00,0x00,0x00,0x00,0x00,0x00,0x00,
0x00,0x00,0x00,0x00,0x00,0x00,0x00,0x00,0x00,0x00,0x00,0x00,0x00,0x00,0x00,0x00,
0x00,0x00,0x00,0x00,0x00,0x00,0x00,0x00,0xe0,0xff,0xff,0xff,0xff,0xff,0xff,0xff,
0xe0,0xff,0xff,0xff,0xff,0xff,0xff,0xff,0x00,0x00,0x00,0x00,0x00,0x00,0x00,0x00,
0x00,0x00,0x00,0x00,0x00,0x00,0x00,0x00,0x00,0x00,0x00,0x00,0x00,0x00,0x00,0x00,
0x10,0x00,0x00,0x00,0x00,0x00,0x00,0x00,0x00,0x00,0x00,0x00,0x00,0x00,0x00,0x00,
0x00,0x00,0x00,0x00,0x00,0x00,0x00,0x00,0x00,0x00,0x00,0x00,0x00,0x00,0x00,0x00,
0x00,0x00,0x00,0x00,0x00,0x00,0x00,0x00,0xf0,0xff,0xff,0xff,0xff,0xff,0xff,0xff,
0xf0,0xff,0xff,0xff,0xff,0xff,0xff,0xff,0x00,0x00,0x00,0x00,0x00,0x00,0x00,0x00,
0x00,0x00,0x00,0x00,0x00,0x00,0x00,0x00,0x00,0x00,0x00,0x00,0x00,0x00,0x00,0x00,
0x20,0x00,0x00,0x00,0x00,0x00,0x00,0x00,0x00,0x00,0x00,0x00,0x00,0x00,0x00,0x00,
0x00,0x00,0x00,0x00,0x00,0x00,0x00,0x00,0x00,0x00,0x00,0x00,0x00,0x00,0x00,0x00,
0x00,0x00,0x00,0x00,0x00,0x00,0x00,0x00,0x20,0x00,0x00,0x00,0x00,0x00,0x00,0x00,
0x00,0x00,0x00,0x00,0x00,0x00,0x00,0x00,0x00,0x00,0x00,0x00,0x00,0x00,0x00,0x00,
0x00,0x00,0x00,0x00,0x00,0x00,0x00,0x00,0x00,0x00,0x00,0x00,0x00,0x00,0x00,0x00,
0x10,0x00,0x00,0x00,0x00,0x00,0x00,0x00,0xf0,0xff,0xff,0xff,0xff,0xff,0xff,0xff,
0x00,0x00,0x00,0x00,0x00,0x00,0x00,0x00,0x00,0x00,0x00,0x00,0x00,0x00,0x00,0x00,
0x00,0x00,0x00,0x00,0x00,0x00,0x00,0x00,0xe0,0xff,0xff,0xff,0xff,0xff,0xff,0xff,
0xe0,0xff,0xff,0xff,0xff,0xff,0xff,0xff,0x00,0x00,0x00,0x00,0x00,0x00,0x00,0x00,
0x00,0x00,0x00,0x00,0x00,0x00,0x00,0x00,0x00,0x00,0x00,0x00,0x00,0x00,0x00,0x00,
0x20,0x00,0x00,0x00,0x00,0x00,0x00,0x00,0x00,0x00,0x00,0x00,0x00,0x00,0x00,0x00,
0x00,0x00,0x00,0x00,0x00,0x00,0x00,0x00,0x00,0x00,0x00,0x00,0x00,0x00,0x00,0x00,
0x00,0x00,0x00,0x00,0x00,0x00,0x00,0x00,0xe0,0xff,0xff,0xff,0xff,0xff,0xff,0xff,
0xe0,0xff,0xff,0xff,0xff,0xff,0xff,0xff,0x00,0x00,0x00,0x00,0x00,0x00,0x00,0x00,
0x00,0x00,0x00,0x00,0x00,0x00,0x00,0x00,0x00,0x00,0x00,0x00,0x00,0x00,0x00,0x00,
0x10,0x00,0x00,0x00,0x00,0x00,0x00,0x00,0x00,0x00,0x00,0x00,0x00,0x00,0x00,0x00,
0x00,0x00,0x00,0x00,0x00,0x00,0x00,0x00,0x00,0x00,0x00,0x00,0x00,0x00,0x00,0x00,
0x00,0x00,0x00,0x00,0x00,0x00,0x00,0x00,0xf0,0xff,0xff,0xff,0xff,0xff,0xff,0xff,
0xf0,0xff,0xff,0xff,0xff,0xff,0xff,0xff,0x00,0x00,0x00,0x00,0x00,0x00,0x00,0x00,
0x00,0x00,0x00,0x00,0x00,0x00,0x00,0x00,0x00,0x00,0x00,0x00,0x00,0x00,0x00,0x00,
0x00,0x63,0x6c,0x61,0x6e,0x67,0x20,0x76,0x65,0x72,0x73,0x69,0x6f,0x6e,0x20,0x32,
0x31,0x2e,0x30,0x2e,0x30,0x67,0x69,0x74,0x00,0x00,0x00,0x00,0x07,0x00,0x00,0x00,
0x92,0x05,0x00,0x00,0x20,0x00,0x00,0x00,0x41,0x4d,0x44,0x47,0x50,0x55,0x00,0x00,
0x83,0xae,0x61,0x6d,0x64,0x68,0x73,0x61,0x2e,0x6b,0x65,0x72,0x6e,0x65,0x6c,0x73,
0x91,0xde,0x00,0x12,0xa5,0x2e,0x61,0x72,0x67,0x73,0xdc,0x00,0x11,0x85,0xae,0x2e,
0x61,0x63,0x74,0x75,0x61,0x6c,0x5f,0x61,0x63,0x63,0x65,0x73,0x73,0xa9,0x72,0x65,
0x61,0x64,0x5f,0x6f,0x6e,0x6c,0x79,0xae,0x2e,0x61,0x64,0x64,0x72,0x65,0x73,0x73,
0x5f,0x73,0x70,0x61,0x63,0x65,0xa6,0x67,0x6c,0x6f,0x62,0x61,0x6c,0xa7,0x2e,0x6f,
0x66,0x66,0x73,0x65,0x74,0x00,0xa5,0x2e,0x73,0x69,0x7a,0x65,0x08,0xab,0x2e,0x76,
0x61,0x6c,0x75,0x65,0x5f,0x6b,0x69,0x6e,0x64,0xad,0x67,0x6c,0x6f,0x62,0x61,0x6c,
0x5f,0x62,0x75,0x66,0x66,0x65,0x72,0x85,0xae,0x2e,0x61,0x63,0x74,0x75,0x61,0x6c,
0x5f,0x61,0x63,0x63,0x65,0x73,0x73,0xa9,0x72,0x65,0x61,0x64,0x5f,0x6f,0x6e,0x6c,
0x79,0xae,0x2e,0x61,0x64,0x64,0x72,0x65,0x73,0x73,0x5f,0x73,0x70,0x61,0x63,0x65,
0xa6,0x67,0x6c,0x6f,0x62,0x61,0x6c,0xa7,0x2e,0x6f,0x66,0x66,0x73,0x65,0x74,0x08,
0xa5,0x2e,0x73,0x69,0x7a,0x65,0x08,0xab,0x2e,0x76,0x61,0x6c,0x75,0x65,0x5f,0x6b,
0x69,0x6e,0x64,0xad,0x67,0x6c,0x6f,0x62,0x61,0x6c,0x5f,0x62,0x75,0x66,0x66,0x65,
0x72,0x83,0xa7,0x2e,0x6f,0x66,0x66,0x73,0x65,0x74,0x10,0xa5,0x2e,0x73,0x69,0x7a,
0x65,0x04,0xab,0x2e,0x76,0x61,0x6c,0x75,0x65,0x5f,0x6b,0x69,0x6e,0x64,0xa8,0x62,
0x79,0x5f,0x76,0x61,0x6c,0x75,0x65,0x83,0xa7,0x2e,0x6f,0x66,0x66,0x73,0x65,0x74,
0x14,0xa5,0x2e,0x73,0x69,0x7a,0x65,0x04,0xab,0x2e,0x76,0x61,0x6c,0x75,0x65,0x5f,
0x6b,0x69,0x6e,0x64,0xa8,0x62,0x79,0x5f,0x76,0x61,0x6c,0x75,0x65,0x83,0xa7,0x2e,
0x6f,0x66,0x66,0x73,0x65,0x74,0x18,0xa5,0x2e,0x73,0x69,0x7a,0x65,0x04,0xab,0x2e,
0x76,0x61,0x6c,0x75,0x65,0x5f,0x6b,0x69,0x6e,0x64,0xb4,0x68,0x69,0x64,0x64,0x65,
0x6e,0x5f,0x62,0x6c,0x6f,0x63,0x6b,0x5f,0x63,0x6f,0x75,0x6e,0x74,0x5f,0x78,0x83,
0xa7,0x2e,0x6f,0x66,0x66,0x73,0x65,0x74,0x1c,0xa5,0x2e,0x73,0x69,0x7a,0x65,0x04,
0xab,0x2e,0x76,0x61,0x6c,0x75,0x65,0x5f,0x6b,0x69,0x6e,0x64,0xb4,0x68,0x69,0x64,
0x64,0x65,0x6e,0x5f,0x62,0x6c,0x6f,0x63,0x6b,0x5f,0x63,0x6f,0x75,0x6e,0x74,0x5f,
0x79,0x83,0xa7,0x2e,0x6f,0x66,0x66,0x73,0x65,0x74,0x20,0xa5,0x2e,0x73,0x69,0x7a,
0x65,0x04,0xab,0x2e,0x76,0x61,0x6c,0x75,0x65,0x5f,0x6b,0x69,0x6e,0x64,0xb4,0x68,
0x69,0x64,0x64,0x65,0x6e,0x5f,0x62,0x6c,0x6f,0x63,0x6b,0x5f,0x63,0x6f,0x75,0x6e,
0x74,0x5f,0x7a,0x83,0xa7,0x2e,0x6f,0x66,0x66,0x73,0x65,0x74,0x24,0xa5,0x2e,0x73,
0x69,0x7a,0x65,0x02,0xab,0x2e,0x76,0x61,0x6c,0x75,0x65,0x5f,0x6b,0x69,0x6e,0x64,
0xb3,0x68,0x69,0x64,0x64,0x65,0x6e,0x5f,0x67,0x72,0x6f,0x75,0x70,0x5f,0x73,0x69,
0x7a,0x65,0x5f,0x78,0x83,0xa7,0x2e,0x6f,0x66,0x66,0x73,0x65,0x74,0x26,0xa5,0x2e,
0x73,0x69,0x7a,0x65,0x02,0xab,0x2e,0x76,0x61,0x6c,0x75,0x65,0x5f,0x6b,0x69,0x6e,
0x64,0xb3,0x68,0x69,0x64,0x64,0x65,0x6e,0x5f,0x67,0x72,0x6f,0x75,0x70,0x5f,0x73,
0x69,0x7a,0x65,0x5f,0x79,0x83,0xa7,0x2e,0x6f,0x66,0x66,0x73,0x65,0x74,0x28,0xa5,
0x2e,0x73,0x69,0x7a,0x65,0x02,0xab,0x2e,0x76,0x61,0x6c,0x75,0x65,0x5f,0x6b,0x69,
0x6e,0x64,0xb3,0x68,0x69,0x64,0x64,0x65,0x6e,0x5f,0x67,0x72,0x6f,0x75,0x70,0x5f,
0x73,0x69,0x7a,0x65,0x5f,0x7a,0x83,0xa7,0x2e,0x6f,0x66,0x66,0x73,0x65,0x74,0x2a,
0xa5,0x2e,0x73,0x69,0x7a,0x65,0x02,0xab,0x2e,0x76,0x61,0x6c,0x75,0x65,0x5f,0x6b,
0x69,0x6e,0x64,0xb2,0x68,0x69,0x64,0x64,0x65,0x6e,0x5f,0x72,0x65,0x6d,0x61,0x69,
0x6e,0x64,0x65,0x72,0x5f,0x78,0x83,0xa7,0x2e,0x6f,0x66,0x66,0x73,0x65,0x74,0x2c,
0xa5,0x2e,0x73,0x69,0x7a,0x65,0x02,0xab,0x2e,0x76,0x61,0x6c,0x75,0x65,0x5f,0x6b,
0x69,0x6e,0x64,0xb2,0x68,0x69,0x64,0x64,0x65,0x6e,0x5f,0x72,0x65,0x6d,0x61,0x69,
0x6e,0x64,0x65,0x72,0x5f,0x79,0x83,0xa7,0x2e,0x6f,0x66,0x66,0x73,0x65,0x74,0x2e,
0xa5,0x2e,0x73,0x69,0x7a,0x65,0x02,0xab,0x2e,0x76,0x61,0x6c,0x75,0x65,0x5f,0x6b,
0x69,0x6e,0x64,0xb2,0x68,0x69,0x64,0x64,0x65,0x6e,0x5f,0x72,0x65,0x6d,0x61,0x69,
0x6e,0x64,0x65,0x72,0x5f,0x7a,0x83,0xa7,0x2e,0x6f,0x66,0x66,0x73,0x65,0x74,0x40,
0xa5,0x2e,0x73,0x69,0x7a,0x65,0x08,0xab,0x2e,0x76,0x61,0x6c,0x75,0x65,0x5f,0x6b,
0x69,0x6e,0x64,0xb6,0x68,0x69,0x64,0x64,0x65,0x6e,0x5f,0x67,0x6c,0x6f,0x62,0x61,
0x6c,0x5f,0x6f,0x66,0x66,0x73,0x65,0x74,0x5f,0x78,0x83,0xa7,0x2e,0x6f,0x66,0x66,
0x73,0x65,0x74,0x48,0xa5,0x2e,0x73,0x69,0x7a,0x65,0x08,0xab,0x2e,0x76,0x61,0x6c,
0x75,0x65,0x5f,0x6b,0x69,0x6e,0x64,0xb6,0x68,0x69,0x64,0x64,0x65,0x6e,0x5f,0x67,
0x6c,0x6f,0x62,0x61,0x6c,0x5f,0x6f,0x66,0x66,0x73,0x65,0x74,0x5f,0x79,0x83,0xa7,
0x2e,0x6f,0x66,0x66,0x73,0x65,0x74,0x50,0xa5,0x2e,0x73,0x69,0x7a,0x65,0x08,0xab,
0x2e,0x76,0x61,0x6c,0x75,0x65,0x5f,0x6b,0x69,0x6e,0x64,0xb6,0x68,0x69,0x64,0x64,
0x65,0x6e,0x5f,0x67,0x6c,0x6f,0x62,0x61,0x6c,0x5f,0x6f,0x66,0x66,0x73,0x65,0x74,
0x5f,0x7a,0x83,0xa7,0x2e,0x6f,0x66,0x66,0x73,0x65,0x74,0x58,0xa5,0x2e,0x73,0x69,
0x7a,0x65,0x02,0xab,0x2e,0x76,0x61,0x6c,0x75,0x65,0x5f,0x6b,0x69,0x6e,0x64,0xb0,
0x68,0x69,0x64,0x64,0x65,0x6e,0x5f,0x67,0x72,0x69,0x64,0x5f,0x64,0x69,0x6d,0x73,
0xb9,0x2e,0x67,0x72,0x6f,0x75,0x70,0x5f,0x73,0x65,0x67,0x6d,0x65,0x6e,0x74,0x5f,
0x66,0x69,0x78,0x65,0x64,0x5f,0x73,0x69,0x7a,0x65,0x00,0xb6,0x2e,0x6b,0x65,0x72,
0x6e,0x61,0x72,0x67,0x5f,0x73,0x65,0x67,0x6d,0x65,0x6e,0x74,0x5f,0x61,0x6c,0x69,
0x67,0x6e,0x08,0xb5,0x2e,0x6b,0x65,0x72,0x6e,0x61,0x72,0x67,0x5f,0x73,0x65,0x67,
0x6d,0x65,0x6e,0x74,0x5f,0x73,0x69,0x7a,0x65,0xcd,0x01,0x18,0xa9,0x2e,0x6c,0x61,
0x6e,0x67,0x75,0x61,0x67,0x65,0xa8,0x4f,0x70,0x65,0x6e,0x43,0x4c,0x20,0x43,0xb1,
0x2e,0x6c,0x61,0x6e,0x67,0x75,0x61,0x67,0x65,0x5f,0x76,0x65,0x72,0x73,0x69,0x6f,
0x6e,0x92,0x02,0x00,0xb8,0x2e,0x6d,0x61,0x78,0x5f,0x66,0x6c,0x61,0x74,0x5f,0x77,
0x6f,0x72,0x6b,0x67,0x72,0x6f,0x75,0x70,0x5f,0x73,0x69,0x7a,0x65,0xcd,0x04,0x00,
0xa5,0x2e,0x6e,0x61,0x6d,0x65,0xd9,0x2d,0x5f,0x5a,0x32,0x38,0x6e,0x6f,0x72,0x6d,
0x5f,0x6e,0x63,0x68,0x77,0x5f,0x73,0x70,0x6c,0x69,0x74,0x5f,0x6b,0x65,0x72,0x6e,
0x65,0x6c,0x5f,0x70,0x61,0x72,0x74,0x31,0x50,0x50,0x4b,0x44,0x46,0x31,0x36,0x5f,
0x50,0x50,0x66,0x6a,0x6a,0xbb,0x2e,0x70,0x72,0x69,0x76,0x61,0x74,0x65,0x5f,0x73,
0x65,0x67,0x6d,0x65,0x6e,0x74,0x5f,0x66,0x69,0x78,0x65,0x64,0x5f,0x73,0x69,0x7a,
0x65,0x00,0xab,0x2e,0x73,0x67,0x70,0x72,0x5f,0x63,0x6f,0x75,0x6e,0x74,0x0b,0xb1,
0x2e,0x73,0x67,0x70,0x72,0x5f,0x73,0x70,0x69,0x6c,0x6c,0x5f,0x63,0x6f,0x75,0x6e,
0x74,0x00,0xa7,0x2e,0x73,0x79,0x6d,0x62,0x6f,0x6c,0xd9,0x30,0x5f,0x5a,0x32,0x38,
0x6e,0x6f,0x72,0x6d,0x5f,0x6e,0x63,0x68,0x77,0x5f,0x73,0x70,0x6c,0x69,0x74,0x5f,
0x6b,0x65,0x72,0x6e,0x65,0x6c,0x5f,0x70,0x61,0x72,0x74,0x31,0x50,0x50,0x4b,0x44,
0x46,0x31,0x36,0x5f,0x50,0x50,0x66,0x6a,0x6a,0x2e,0x6b,0x64,0xb8,0x2e,0x75,0x6e,
0x69,0x66,0x6f,0x72,0x6d,0x5f,0x77,0x6f,0x72,0x6b,0x5f,0x67,0x72,0x6f,0x75,0x70,
0x5f,0x73,0x69,0x7a,0x65,0x01,0xb3,0x2e,0x75,0x73,0x65,0x73,0x5f,0x64,0x79,0x6e,
0x61,0x6d,0x69,0x63,0x5f,0x73,0x74,0x61,0x63,0x6b,0xc2,0xab,0x2e,0x76,0x67,0x70,
0x72,0x5f,0x63,0x6f,0x75,0x6e,0x74,0x09,0xb1,0x2e,0x76,0x67,0x70,0x72,0x5f,0x73,
0x70,0x69,0x6c,0x6c,0x5f,0x63,0x6f,0x75,0x6e,0x74,0x00,0xaf,0x2e,0x77,0x61,0x76,
0x65,0x66,0x72,0x6f,0x6e,0x74,0x5f,0x73,0x69,0x7a,0x65,0x40,0xb9,0x2e,0x77,0x6f,
0x72,0x6b,0x67,0x72,0x6f,0x75,0x70,0x5f,0x70,0x72,0x6f,0x63,0x65,0x73,0x73,0x6f,
0x72,0x5f,0x6d,0x6f,0x64,0x65,0x00,0xad,0x61,0x6d,0x64,0x68,0x73,0x61,0x2e,0x74,
0x61,0x72,0x67,0x65,0x74,0xba,0x61,0x6d,0x64,0x67,0x63,0x6e,0x2d,0x61,0x6d,0x64,
0x2d,0x61,0x6d,0x64,0x68,0x73,0x61,0x2d,0x2d,0x67,0x66,0x78,0x31,0x32,0x30,0x30,
0xae,0x61,0x6d,0x64,0x68,0x73,0x61,0x2e,0x76,0x65,0x72,0x73,0x69,0x6f,0x6e,0x92,
0x01,0x02,0x00,0x00,0x01,0x00,0x00,0x00,0x08,0x00,0x00,0x00,0x01,0x00,0x00,0x00,
0x0a,0x00,0x00,0x00,0x01,0x00,0x00,0x00,0x0c,0x00,0x00,0x00,0x01,0x00,0x00,0x00,
0x0e,0x00,0x00,0x00,0x01,0x00,0x00,0x00,0x10,0x00,0x00,0x00,0x01,0x00,0x00,0x00,
0x12,0x00,0x00,0x00,0x01,0x00,0x00,0x00,0x14,0x00,0x00,0x00,0x01,0x00,0x00,0x00,
0x16,0x00,0x00,0x00,0x01,0x00,0x00,0x00,0x18,0x00,0x00,0x00,0x01,0x00,0x00,0x00,
0x1a,0x00,0x00,0x00,0x00,0x00,0x00,0x00,0x00,0x00,0x00,0x00,0x00,0x00,0x00,0x00,
0x00,0x00,0x00,0x00,0x00,0x00,0x00,0x00,0x00,0x00,0x00,0x00,0x00,0x00,0x00,0x00,
0x3e,0x00,0x00,0x00,0x00,0x00,0xf1,0xff,0x09,0x00,0x00,0x00,0x00,0x00,0x00,0x00,
0x00,0x00,0x00,0x00,0x00,0x00,0x00,0x00,0xd9,0x00,0x00,0x00,0x00,0x00,0xf1,0xff,
0x00,0x00,0x00,0x00,0x00,0x00,0x00,0x00,0x00,0x00,0x00,0x00,0x00,0x00,0x00,0x00,
0x89,0x00,0x00,0x00,0x00,0x00,0xf1,0xff,0x09,0x00,0x00,0x00,0x00,0x00,0x00,0x00,
0x00,0x00,0x00,0x00,0x00,0x00,0x00,0x00,0xa6,0x02,0x00,0x00,0x00,0x00,0xf1,0xff,
0x00,0x00,0x00,0x00,0x00,0x00,0x00,0x00,0x00,0x00,0x00,0x00,0x00,0x00,0x00,0x00,
0x2b,0x03,0x00,0x00,0x00,0x00,0xf1,0xff,0x01,0x00,0x00,0x00,0x00,0x00,0x00,0x00,
0x00,0x00,0x00,0x00,0x00,0x00,0x00,0x00,0x58,0x02,0x00,0x00,0x00,0x00,0xf1,0xff,
0x00,0x00,0x00,0x00,0x00,0x00,0x00,0x00,0x00,0x00,0x00,0x00,0x00,0x00,0x00,0x00,
0xb6,0x01,0x00,0x00,0x00,0x00,0xf1,0xff,0x00,0x00,0x00,0x00,0x00,0x00,0x00,0x00,
0x00,0x00,0x00,0x00,0x00,0x00,0x00,0x00,0x3a,0x01,0x00,0x00,0x00,0x00,0xf1,0xff,
0x00,0x00,0x00,0x00,0x00,0x00,0x00,0x00,0x00,0x00,0x00,0x00,0x00,0x00,0x00,0x00,
0x76,0x01,0x00,0x00,0x00,0x00,0xf1,0xff,0x00,0x00,0x00,0x00,0x00,0x00,0x00,0x00,
0x00,0x00,0x00,0x00,0x00,0x00,0x00,0x00,0x2a,0x00,0x00,0x00,0x00,0x00,0xf1,0xff,
0x00,0x00,0x00,0x00,0x00,0x00,0x00,0x00,0x00,0x00,0x00,0x00,0x00,0x00,0x00,0x00,
0xc5,0x00,0x00,0x00,0x00,0x00,0xf1,0xff,0x00,0x00,0x00,0x00,0x00,0x00,0x00,0x00,
0x00,0x00,0x00,0x00,0x00,0x00,0x00,0x00,0x75,0x00,0x00,0x00,0x00,0x00,0xf1,0xff,
0x00,0x00,0x00,0x00,0x00,0x00,0x00,0x00,0x00,0x00,0x00,0x00,0x00,0x00,0x00,0x00,
0x08,0x02,0x00,0x00,0x12,0x03,0x02,0x00,0x00,0x00,0x00,0x00,0x00,0x00,0x00,0x00,
0x38,0x02,0x00,0x00,0x00,0x00,0x00,0x00,0xeb,0x02,0x00,0x00,0x11,0x03,0x03,0x00,
0x00,0x00,0x00,0x00,0x00,0x00,0x00,0x00,0x40,0x00,0x00,0x00,0x00,0x00,0x00,0x00,
0x33,0x01,0x00,0x00,0x21,0x02,0x08,0x00,0x00,0x00,0x00,0x00,0x00,0x00,0x00,0x00,
0x50,0x00,0x00,0x00,0x00,0x00,0x00,0x00,0x65,0x04,0x00,0x00,0x21,0x02,0x0a,0x00,
0x00,0x00,0x00,0x00,0x00,0x00,0x00,0x00,0x50,0x00,0x00,0x00,0x00,0x00,0x00,0x00,
0x51,0x02,0x00,0x00,0x21,0x02,0x0c,0x00,0x00,0x00,0x00,0x00,0x00,0x00,0x00,0x00,
0x50,0x00,0x00,0x00,0x00,0x00,0x00,0x00,0x98,0x04,0x00,0x00,0x21,0x02,0x0e,0x00,
0x00,0x00,0x00,0x00,0x00,0x00,0x00,0x00,0x50,0x00,0x00,0x00,0x00,0x00,0x00,0x00,
0x24,0x03,0x00,0x00,0x21,0x02,0x10,0x00,0x00,0x00,0x00,0x00,0x00,0x00,0x00,0x00,
0xa0,0x00,0x00,0x00,0x00,0x00,0x00,0x00,0x3e,0x02,0x00,0x00,0x21,0x02,0x12,0x00,
0x00,0x00,0x00,0x00,0x00,0x00,0x00,0x00,0x50,0x00,0x00,0x00,0x00,0x00,0x00,0x00,
0x1f,0x01,0x00,0x00,0x21,0x02,0x14,0x00,0x00,0x00,0x00,0x00,0x00,0x00,0x00,0x00,
0x50,0x00,0x00,0x00,0x00,0x00,0x00,0x00,0x31,0x04,0x00,0x00,0x21,0x02,0x16,0x00,
0x00,0x00,0x00,0x00,0x00,0x00,0x00,0x00,0xa0,0x00,0x00,0x00,0x00,0x00,0x00,0x00,
0xe4,0x03,0x00,0x00,0x21,0x02,0x18,0x00,0x00,0x00,0x00,0x00,0x00,0x00,0x00,0x00,
0x50,0x00,0x00,0x00,0x00,0x00,0x00,0x00,0x96,0x03,0x00,0x00,0x21,0x02,0x1a,0x00,
0x00,0x00,0x00,0x00,0x00,0x00,0x00,0x00,0x50,0x00,0x00,0x00,0x00,0x00,0x00,0x00,
0xc3,0x04,0x00,0x00,0x11,0x00,0x1b,0x00,0x00,0x00,0x00,0x00,0x00,0x00,0x00,0x00,
0x01,0x00,0x00,0x00,0x00,0x00,0x00,0x00,0x10,0x00,0x00,0x00,0x00,0x00,0x00,0x00,
0x05,0x00,0x00,0x00,0x0d,0x00,0x00,0x00,0x10,0x00,0x00,0x00,0x00,0x00,0x00,0x00,
0x19,0x00,0x2e,0x74,0x65,0x78,0x74,0x00,0x2e,0x63,0x6f,0x6d,0x6d,0x65,0x6e,0x74,
0x00,0x2e,0x62,0x73,0x73,0x00,0x2e,0x41,0x4d,0x44,0x47,0x50,0x55,0x2e,0x67,0x70,
0x72,0x5f,0x6d,0x61,0x78,0x69,0x6d,0x75,0x6d,0x73,0x00,0x61,0x6d,0x64,0x67,0x70,
0x75,0x2e,0x6d,0x61,0x78,0x5f,0x6e,0x75,0x6d,0x5f,0x76,0x67,0x70,0x72,0x00,0x5f,
0x5a,0x32,0x38,0x6e,0x6f,0x72,0x6d,0x5f,0x6e,0x63,0x68,0x77,0x5f,0x73,0x70,0x6c,
0x69,0x74,0x5f,0x6b,0x65,0x72,0x6e,0x65,0x6c,0x5f,0x70,0x61,0x72,0x74,0x31,0x50,
0x50,0x4b,0x44,0x46,0x31,0x36,0x5f,0x50,0x50,0x66,0x6a,0x6a,0x2e,0x6e,0x75,0x6d,
0x5f,0x76,0x67,0x70,0x72,0x00,0x61,0x6d,0x64,0x67,0x70,0x75,0x2e,0x6d,0x61,0x78,
0x5f,0x6e,0x75,0x6d,0x5f,0x73,0x67,0x70,0x72,0x00,0x5f,0x5a,0x32,0x38,0x6e,0x6f,
0x72,0x6d,0x5f,0x6e,0x63,0x68,0x77,0x5f,0x73,0x70,0x6c,0x69,0x74,0x5f,0x6b,0x65,
0x72,0x6e,0x65,0x6c,0x5f,0x70,0x61,0x72,0x74,0x31,0x50,0x50,0x4b,0x44,0x46,0x31,
0x36,0x5f,0x50,0x50,0x66,0x6a,0x6a,0x2e,0x6e,0x75,0x6d,0x62,0x65,0x72,0x65,0x64,
0x5f,0x73,0x67,0x70,0x72,0x00,0x61,0x6d,0x64,0x67,0x70,0x75,0x2e,0x6d,0x61,0x78,
0x5f,0x6e,0x75,0x6d,0x5f,0x61,0x67,0x70,0x72,0x00,0x5f,0x5a,0x32,0x38,0x6e,0x6f,
0x72,0x6d,0x5f,0x6e,0x63,0x68,0x77,0x5f,0x73,0x70,0x6c,0x69,0x74,0x5f,0x6b,0x65,
0x72,0x6e,0x65,0x6c,0x5f,0x70,0x61,0x72,0x74,0x31,0x50,0x50,0x4b,0x44,0x46,0x31,
0x36,0x5f,0x50,0x50,0x66,0x6a,0x6a,0x2e,0x6e,0x75,0x6d,0x5f,0x61,0x67,0x70,0x72,
0x00,0x2e,0x67,0x72,0x6f,0x75,0x70,0x00,0x2e,0x72,0x6f,0x64,0x61,0x74,0x61,0x2e,
0x5f,0x5a,0x54,0x43,0x53,0x64,0x31,0x36,0x5f,0x53,0x6f,0x00,0x2e,0x72,0x6f,0x64,
0x61,0x74,0x61,0x2e,0x5f,0x5a,0x54,0x56,0x53,0x6f,0x00,0x5f,0x5a,0x32,0x38,0x6e,
0x6f,0x72,0x6d,0x5f,0x6e,0x63,0x68,0x77,0x5f,0x73,0x70,0x6c,0x69,0x74,0x5f,0x6b,
0x65,0x72,0x6e,0x65,0x6c,0x5f,0x70,0x61,0x72,0x74,0x31,0x50,0x50,0x4b,0x44,0x46,
0x31,0x36,0x5f,0x50,0x50,0x66,0x6a,0x6a,0x2e,0x68,0x61,0x73,0x5f,0x72,0x65,0x63,
0x75,0x72,0x73,0x69,0x6f,0x6e,0x00,0x5f,0x5a,0x32,0x38,0x6e,0x6f,0x72,0x6d,0x5f,
0x6e,0x63,0x68,0x77,0x5f,0x73,0x70,0x6c,0x69,0x74,0x5f,0x6b,0x65,0x72,0x6e,0x65,
0x6c,0x5f,0x70,0x61,0x72,0x74,0x31,0x50,0x50,0x4b,0x44,0x46,0x31,0x36,0x5f,0x50,
0x50,0x66,0x6a,0x6a,0x2e,0x68,0x61,0x73,0x5f,0x69,0x6e,0x64,0x69,0x72,0x65,0x63,
0x74,0x5f,0x63,0x61,0x6c,0x6c,0x00,0x5f,0x5a,0x32,0x38,0x6e,0x6f,0x72,0x6d,0x5f,
0x6e,0x63,0x68,0x77,0x5f,0x73,0x70,0x6c,0x69,0x74,0x5f,0x6b,0x65,0x72,0x6e,0x65,
0x6c,0x5f,0x70,0x61,0x72,0x74,0x31,0x50,0x50,0x4b,0x44,0x46,0x31,0x36,0x5f,0x50,
0x50,0x66,0x6a,0x6a,0x2e,0x68,0x61,0x73,0x5f,0x64,0x79,0x6e,0x5f,0x73,0x69,0x7a,
0x65,0x64,0x5f,0x73,0x74,0x61,0x63,0x6b,0x00,0x2e,0x6e,0x6f,0x74,0x65,0x2e,0x47,
0x4e,0x55,0x2d,0x73,0x74,0x61,0x63,0x6b,0x00,0x5f,0x5a,0x32,0x38,0x6e,0x6f,0x72,
0x6d,0x5f,0x6e,0x63,0x68,0x77,0x5f,0x73,0x70,0x6c,0x69,0x74,0x5f,0x6b,0x65,0x72,
0x6e,0x65,0x6c,0x5f,0x70,0x61,0x72,0x74,0x31,0x50,0x50,0x4b,0x44,0x46,0x31,0x36,
0x5f,0x50,0x50,0x66,0x6a,0x6a,0x00,0x2e,0x72,0x6f,0x64,0x61,0x74,0x61,0x2e,0x5f,
0x5a,0x54,0x43,0x53,0x64,0x30,0x5f,0x53,0x69,0x00,0x2e,0x72,0x6f,0x64,0x61,0x74,
0x61,0x2e,0x5f,0x5a,0x54,0x56,0x53,0x69,0x00,0x5f,0x5a,0x32,0x38,0x6e,0x6f,0x72,
0x6d,0x5f,0x6e,0x63,0x68,0x77,0x5f,0x73,0x70,0x6c,0x69,0x74,0x5f,0x6b,0x65,0x72,
0x6e,0x65,0x6c,0x5f,0x70,0x61,0x72,0x74,0x31,0x50,0x50,0x4b,0x44,0x46,0x31,0x36,
0x5f,0x50,0x50,0x66,0x6a,0x6a,0x2e,0x75,0x73,0x65,0x73,0x5f,0x66,0x6c,0x61,0x74,
0x5f,0x73,0x63,0x72,0x61,0x74,0x63,0x68,0x00,0x2e,0x6c,0x6c,0x76,0x6d,0x5f,0x61,
0x64,0x64,0x72,0x73,0x69,0x67,0x00,0x5f,0x5a,0x32,0x38,0x6e,0x6f,0x72,0x6d,0x5f,
0x6e,0x63,0x68,0x77,0x5f,0x73,0x70,0x6c,0x69,0x74,0x5f,0x6b,0x65,0x72,0x6e,0x65,
0x6c,0x5f,0x70,0x61,0x72,0x74,0x31,0x50,0x50,0x4b,0x44,0x46,0x31,0x36,0x5f,0x50,
0x50,0x66,0x6a,0x6a,0x2e,0x70,0x72,0x69,0x76,0x61,0x74,0x65,0x5f,0x73,0x65,0x67,
0x5f,0x73,0x69,0x7a,0x65,0x00,0x2e,0x6e,0x6f,0x74,0x65,0x00,0x5f,0x5a,0x32,0x38,
0x6e,0x6f,0x72,0x6d,0x5f,0x6e,0x63,0x68,0x77,0x5f,0x73,0x70,0x6c,0x69,0x74,0x5f,
0x6b,0x65,0x72,0x6e,0x65,0x6c,0x5f,0x70,0x61,0x72,0x74,0x31,0x50,0x50,0x4b,0x44,
0x46,0x31,0x36,0x5f,0x50,0x50,0x66,0x6a,0x6a,0x2e,0x6b,0x64,0x00,0x2e,0x72,0x6f,
0x64,0x61,0x74,0x61,0x2e,0x5f,0x5a,0x54,0x56,0x53,0x64,0x00,0x5f,0x5a,0x32,0x38,
0x6e,0x6f,0x72,0x6d,0x5f,0x6e,0x63,0x68,0x77,0x5f,0x73,0x70,0x6c,0x69,0x74,0x5f,
0x6b,0x65,0x72,0x6e,0x65,0x6c,0x5f,0x70,0x61,0x72,0x74,0x31,0x50,0x50,0x4b,0x44,
0x46,0x31,0x36,0x5f,0x50,0x50,0x66,0x6a,0x6a,0x2e,0x75,0x73,0x65,0x73,0x5f,0x76,
0x63,0x63,0x00,0x2e,0x73,0x74,0x72,0x74,0x61,0x62,0x00,0x2e,0x73,0x79,0x6d,0x74,
0x61,0x62,0x00,0x2e,0x41,0x4d,0x44,0x47,0x50,0x55,0x2e,0x63,0x73,0x64,0x61,0x74,
0x61,0x00,0x2e,0x72,0x65,0x6c,0x61,0x2e,0x72,0x6f,0x64,0x61,0x74,0x61,0x00,0x2e,
0x72,0x6f,0x64,0x61,0x74,0x61,0x2e,0x5f,0x5a,0x54,0x43,0x53,0x74,0x31,0x34,0x62,
0x61,0x73,0x69,0x63,0x5f,0x69,0x6f,0x73,0x74,0x72,0x65,0x61,0x6d,0x49,0x77,0x53,
0x74,0x31,0x31,0x63,0x68,0x61,0x72,0x5f,0x74,0x72,0x61,0x69,0x74,0x73,0x49,0x77,
0x45,0x45,0x31,0x36,0x5f,0x53,0x74,0x31,0x33,0x62,0x61,0x73,0x69,0x63,0x5f,0x6f,
0x73,0x74,0x72,0x65,0x61,0x6d,0x49,0x77,0x53,0x31,0x5f,0x45,0x00,0x2e,0x72,0x6f,
0x64,0x61,0x74,0x61,0x2e,0x5f,0x5a,0x54,0x43,0x53,0x74,0x31,0x34,0x62,0x61,0x73,
0x69,0x63,0x5f,0x69,0x6f,0x73,0x74,0x72,0x65,0x61,0x6d,0x49,0x77,0x53,0x74,0x31,
0x31,0x63,0x68,0x61,0x72,0x5f,0x74,0x72,0x61,0x69,0x74,0x73,0x49,0x77,0x45,0x45,
0x30,0x5f,0x53,0x74,0x31,0x33,0x62,0x61,0x73,0x69,0x63,0x5f,0x69,0x73,0x74,0x72,
0x65,0x61,0x6d,0x49,0x77,0x53,0x31,0x5f,0x45,0x00,0x2e,0x72,0x6f,0x64,0x61,0x74,
0x61,0x2e,0x5f,0x5a,0x54,0x56,0x53,0x74,0x31,0x34,0x62,0x61,0x73,0x69,0x63,0x5f,
0x69,0x6f,0x73,0x74,0x72,0x65,0x61,0x6d,0x49,0x77,0x53,0x74,0x31,0x31,0x63,0x68,
0x61,0x72,0x5f,0x74,0x72,0x61,0x69,0x74,0x73,0x49,0x77,0x45,0x45,0x00,0x2e,0x72,
0x6f,0x64,0x61,0x74,0x61,0x2e,0x5f,0x5a,0x54,0x56,0x53,0x74,0x31,0x33,0x62,0x61,
0x73,0x69,0x63,0x5f,0x6f,0x73,0x74,0x72,0x65,0x61,0x6d,0x49,0x77,0x53,0x74,0x31,
0x31,0x63,0x68,0x61,0x72,0x5f,0x74,0x72,0x61,0x69,0x74,0x73,0x49,0x77,0x45,0x45,
0x00,0x2e,0x72,0x6f,0x64,0x61,0x74,0x61,0x2e,0x5f,0x5a,0x54,0x56,0x53,0x74,0x31,
0x33,0x62,0x61,0x73,0x69,0x63,0x5f,0x69,0x73,0x74,0x72,0x65,0x61,0x6d,0x49,0x77,
0x53,0x74,0x31,0x31,0x63,0x68,0x61,0x72,0x5f,0x74,0x72,0x61,0x69,0x74,0x73,0x49,
0x77,0x45,0x45,0x00,0x5f,0x5f,0x68,0x69,0x70,0x5f,0x63,0x75,0x69,0x64,0x5f,0x64,
0x36,0x33,0x32,0x39,0x37,0x33,0x36,0x34,0x65,0x32,0x35,0x32,0x65,0x36,0x34,0x00,
0x00,0x00,0x00,0x00,0x00,0x00,0x00,0x00,0x00,0x00,0x00,0x00,0x00,0x00,0x00,0x00,
0x00,0x00,0x00,0x00,0x00,0x00,0x00,0x00,0x00,0x00,0x00,0x00,0x00,0x00,0x00,0x00,
0x00,0x00,0x00,0x00,0x00,0x00,0x00,0x00,0x00,0x00,0x00,0x00,0x00,0x00,0x00,0x00,
0x00,0x00,0x00,0x00,0x00,0x00,0x00,0x00,0x00,0x00,0x00,0x00,0x00,0x00,0x00,0x00,
0x62,0x03,0x00,0x00,0x03,0x00,0x00,0x00,0x00,0x00,0x00,0x00,0x00,0x00,0x00,0x00,
0x00,0x00,0x00,0x00,0x00,0x00,0x00,0x00,0xa1,0x11,0x00,0x00,0x00,0x00,0x00,0x00,
0xdf,0x04,0x00,0x00,0x00,0x00,0x00,0x00,0x00,0x00,0x00,0x00,0x00,0x00,0x00,0x00,
0x01,0x00,0x00,0x00,0x00,0x00,0x00,0x00,0x00,0x00,0x00,0x00,0x00,0x00,0x00,0x00,
0x01,0x00,0x00,0x00,0x01,0x00,0x00,0x00,0x06,0x00,0x00,0x00,0x00,0x00,0x00,0x00,
0x00,0x00,0x00,0x00,0x00,0x00,0x00,0x00,0x00,0x01,0x00,0x00,0x00,0x00,0x00,0x00,
0x00,0x04,0x00,0x00,0x00,0x00,0x00,0x00,0x00,0x00,0x00,0x00,0x00,0x00,0x00,0x00,
0x00,0x01,0x00,0x00,0x00,0x00,0x00,0x00,0x00,0x00,0x00,0x00,0x00,0x00,0x00,0x00,
0x86,0x03,0x00,0x00,0x01,0x00,0x00,0x00,0x02,0x00,0x00,0x00,0x00,0x00,0x00,0x00,
0x00,0x00,0x00,0x00,0x00,0x00,0x00,0x00,0x00,0x05,0x00,0x00,0x00,0x00,0x00,0x00,
0x40,0x00,0x00,0x00,0x00,0x00,0x00,0x00,0x00,0x00,0x00,0x00,0x00,0x00,0x00,0x00,
0x40,0x00,0x00,0x00,0x00,0x00,0x00,0x00,0x00,0x00,0x00,0x00,0x00,0x00,0x00,0x00,
0x81,0x03,0x00,0x00,0x04,0x00,0x00,0x00,0x40,0x00,0x00,0x00,0x00,0x00,0x00,0x00,
0x00,0x00,0x00,0x00,0x00,0x00,0x00,0x00,0x88,0x11,0x00,0x00,0x00,0x00,0x00,0x00,
0x18,0x00,0x00,0x00,0x00,0x00,0x00,0x00,0x20,0x00,0x00,0x00,0x03,0x00,0x00,0x00,
0x08,0x00,0x00,0x00,0x00,0x00,0x00,0x00,0x18,0x00,0x00,0x00,0x00,0x00,0x00,0x00,
0x72,0x03,0x00,0x00,0x01,0x00,0x00,0x00,0x00,0x00,0x00,0x00,0x00,0x00,0x00,0x00,
0x00,0x00,0x00,0x00,0x00,0x00,0x00,0x00,0x40,0x05,0x00,0x00,0x00,0x00,0x00,0x00,
0x00,0x00,0x00,0x00,0x00,0x00,0x00,0x00,0x00,0x00,0x00,0x00,0x00,0x00,0x00,0x00,
0x01,0x00,0x00,0x00,0x00,0x00,0x00,0x00,0x00,0x00,0x00,0x00,0x00,0x00,0x00,0x00,
0x15,0x00,0x00,0x00,0x01,0x00,0x00,0x00,0x00,0x00,0x00,0x00,0x00,0x00,0x00,0x00,
0x00,0x00,0x00,0x00,0x00,0x00,0x00,0x00,0x40,0x05,0x00,0x00,0x00,0x00,0x00,0x00,
0x00,0x00,0x00,0x00,0x00,0x00,0x00,0x00,0x00,0x00,0x00,0x00,0x00,0x00,0x00,0x00,
0x01,0x00,0x00,0x00,0x00,0x00,0x00,0x00,0x00,0x00,0x00,0x00,0x00,0x00,0x00,0x00,
0x10,0x01,0x00,0x00,0x11,0x00,0x00,0x00,0x00,0x00,0x00,0x00,0x00,0x00,0x00,0x00,
0x00,0x00,0x00,0x00,0x00,0x00,0x00,0x00,0xc4,0x0e,0x00,0x00,0x00,0x00,0x00,0x00,
0x08,0x00,0x00,0x00,0x00,0x00,0x00,0x00,0x20,0x00,0x00,0x00,0x0f,0x00,0x00,0x00,
0x04,0x00,0x00,0x00,0x00,0x00,0x00,0x00,0x04,0x00,0x00,0x00,0x00,0x00,0x00,0x00,
0x2b,0x01,0x00,0x00,0x01,0x00,0x00,0x00,0x02,0x02,0x00,0x00,0x00,0x00,0x00,0x00,
0x00,0x00,0x00,0x00,0x00,0x00,0x00,0x00,0x40,0x05,0x00,0x00,0x00,0x00,0x00,0x00,
0x50,0x00,0x00,0x00,0x00,0x00,0x00,0x00,0x00,0x00,0x00,0x00,0x00,0x00,0x00,0x00,
0x08,0x00,0x00,0x00,0x00,0x00,0x00,0x00,0x00,0x00,0x00,0x00,0x00,0x00,0x00,0x00,
0x10,0x01,0x00,0x00,0x11,0x00,0x00,0x00,0x00,0x00,0x00,0x00,0x00,0x00,0x00,0x00,
0x00,0x00,0x00,0x00,0x00,0x00,0x00,0x00,0xcc,0x0e,0x00,0x00,0x00,0x00,0x00,0x00,
0x08,0x00,0x00,0x00,0x00,0x00,0x00,0x00,0x20,0x00,0x00,0x00,0x10,0x00,0x00,0x00,
0x04,0x00,0x00,0x00,0x00,0x00,0x00,0x00,0x04,0x00,0x00,0x00,0x00,0x00,0x00,0x00,
0x5d,0x04,0x00,0x00,0x01,0x00,0x00,0x00,0x02,0x02,0x00,0x00,0x00,0x00,0x00,0x00,
0x00,0x00,0x00,0x00,0x00,0x00,0x00,0x00,0x90,0x05,0x00,0x00,0x00,0x00,0x00,0x00,
0x50,0x00,0x00,0x00,0x00,0x00,0x00,0x00,0x00,0x00,0x00,0x00,0x00,0x00,0x00,0x00,
0x08,0x00,0x00,0x00,0x00,0x00,0x00,0x00,0x00,0x00,0x00,0x00,0x00,0x00,0x00,0x00,
0x10,0x01,0x00,0x00,0x11,0x00,0x00,0x00,0x00,0x00,0x00,0x00,0x00,0x00,0x00,0x00,
0x00,0x00,0x00,0x00,0x00,0x00,0x00,0x00,0xd4,0x0e,0x00,0x00,0x00,0x00,0x00,0x00,
0x08,0x00,0x00,0x00,0x00,0x00,0x00,0x00,0x20,0x00,0x00,0x00,0x11,0x00,0x00,0x00,
0x04,0x00,0x00,0x00,0x00,0x00,0x00,0x00,0x04,0x00,0x00,0x00,0x00,0x00,0x00,0x00,
0x49,0x02,0x00,0x00,0x01,0x00,0x00,0x00,0x02,0x02,0x00,0x00,0x00,0x00,0x00,0x00,
0x00,0x00,0x00,0x00,0x00,0x00,0x00,0x00,0xe0,0x05,0x00,0x00,0x00,0x00,0x00,0x00,
0x50,0x00,0x00,0x00,0x00,0x00,0x00,0x00,0x00,0x00,0x00,0x00,0x00,0x00,0x00,0x00,
0x08,0x00,0x00,0x00,0x00,0x00,0x00,0x00,0x00,0x00,0x00,0x00,0x00,0x00,0x00,0x00,
0x10,0x01,0x00,0x00,0x11,0x00,0x00,0x00,0x00,0x00,0x00,0x00,0x00,0x00,0x00,0x00,
0x00,0x00,0x00,0x00,0x00,0x00,0x00,0x00,0xdc,0x0e,0x00,0x00,0x00,0x00,0x00,0x00,
0x08,0x00,0x00,0x00,0x00,0x00,0x00,0x00,0x20,0x00,0x00,0x00,0x12,0x00,0x00,0x00,
0x04,0x00,0x00,0x00,0x00,0x00,0x00,0x00,0x04,0x00,0x00,0x00,0x00,0x00,0x00,0x00,
0x90,0x04,0x00,0x00,0x01,0x00,0x00,0x00,0x02,0x02,0x00,0x00,0x00,0x00,0x00,0x00,
0x00,0x00,0x00,0x00,0x00,0x00,0x00,0x00,0x30,0x06,0x00,0x00,0x00,0x00,0x00,0x00,
0x50,0x00,0x00,0x00,0x00,0x00,0x00,0x00,0x00,0x00,0x00,0x00,0x00,0x00,0x00,0x00,
0x08,0x00,0x00,0x00,0x00,0x00,0x00,0x00,0x00,0x00,0x00,0x00,0x00,0x00,0x00,0x00,
0x10,0x01,0x00,0x00,0x11,0x00,0x00,0x00,0x00,0x00,0x00,0x00,0x00,0x00,0x00,0x00,
0x00,0x00,0x00,0x00,0x00,0x00,0x00,0x00,0xe4,0x0e,0x00,0x00,0x00,0x00,0x00,0x00,
0x08,0x00,0x00,0x00,0x00,0x00,0x00,0x00,0x20,0x00,0x00,0x00,0x13,0x00,0x00,0x00,
0x04,0x00,0x00,0x00,0x00,0x00,0x00,0x00,0x04,0x00,0x00,0x00,0x00,0x00,0x00,0x00,
0x1c,0x03,0x00,0x00,0x01,0x00,0x00,0x00,0x02,0x02,0x00,0x00,0x00,0x00,0x00,0x00,
0x00,0x00,0x00,0x00,0x00,0x00,0x00,0x00,0x80,0x06,0x00,0x00,0x00,0x00,0x00,0x00,
0xa0,0x00,0x00,0x00,0x00,0x00,0x00,0x00,0x00,0x00,0x00,0x00,0x00,0x00,0x00,0x00,
0x08,0x00,0x00,0x00,0x00,0x00,0x00,0x00,0x00,0x00,0x00,0x00,0x00,0x00,0x00,0x00,
0x10,0x01,0x00,0x00,0x11,0x00,0x00,0x00,0x00,0x00,0x00,0x00,0x00,0x00,0x00,0x00,
0x00,0x00,0x00,0x00,0x00,0x00,0x00,0x00,0xec,0x0e,0x00,0x00,0x00,0x00,0x00,0x00,
0x08,0x00,0x00,0x00,0x00,0x00,0x00,0x00,0x20,0x00,0x00,0x00,0x14,0x00,0x00,0x00,
0x04,0x00,0x00,0x00,0x00,0x00,0x00,0x00,0x04,0x00,0x00,0x00,0x00,0x00,0x00,0x00,
0x36,0x02,0x00,0x00,0x01,0x00,0x00,0x00,0x02,0x02,0x00,0x00,0x00,0x00,0x00,0x00,
0x00,0x00,0x00,0x00,0x00,0x00,0x00,0x00,0x20,0x07,0x00,0x00,0x00,0x00,0x00,0x00,
0x50,0x00,0x00,0x00,0x00,0x00,0x00,0x00,0x00,0x00,0x00,0x00,0x00,0x00,0x00,0x00,
0x08,0x00,0x00,0x00,0x00,0x00,0x00,0x00,0x00,0x00,0x00,0x00,0x00,0x00,0x00,0x00,
0x10,0x01,0x00,0x00,0x11,0x00,0x00,0x00,0x00,0x00,0x00,0x00,0x00,0x00,0x00,0x00,
0x00,0x00,0x00,0x00,0x00,0x00,0x00,0x00,0xf4,0x0e,0x00,0x00,0x00,0x00,0x00,0x00,
0x08,0x00,0x00,0x00,0x00,0x00,0x00,0x00,0x20,0x00,0x00,0x00,0x15,0x00,0x00,0x00,
0x04,0x00,0x00,0x00,0x00,0x00,0x00,0x00,0x04,0x00,0x00,0x00,0x00,0x00,0x00,0x00,
0x17,0x01,0x00,0x00,0x01,0x00,0x00,0x00,0x02,0x02,0x00,0x00,0x00,0x00,0x00,0x00,
0x00,0x00,0x00,0x00,0x00,0x00,0x00,0x00,0x70,0x07,0x00,0x00,0x00,0x00,0x00,0x00,
0x50,0x00,0x00,0x00,0x00,0x00,0x00,0x00,0x00,0x00,0x00,0x00,0x00,0x00,0x00,0x00,
0x08,0x00,0x00,0x00,0x00,0x00,0x00,0x00,0x00,0x00,0x00,0x00,0x00,0x00,0x00,0x00,
0x10,0x01,0x00,0x00,0x11,0x00,0x00,0x00,0x00,0x00,0x00,0x00,0x00,0x00,0x00,0x00,
0x00,0x00,0x00,0x00,0x00,0x00,0x00,0x00,0xfc,0x0e,0x00,0x00,0x00,0x00,0x00,0x00,
0x08,0x00,0x00,0x00,0x00,0x00,0x00,0x00,0x20,0x00,0x00,0x00,0x16,0x00,0x00,0x00,
0x04,0x00,0x00,0x00,0x00,0x00,0x00,0x00,0x04,0x00,0x00,0x00,0x00,0x00,0x00,0x00,
0x29,0x04,0x00,0x00,0x01,0x00,0x00,0x00,0x02,0x02,0x00,0x00,0x00,0x00,0x00,0x00,
0x00,0x00,0x00,0x00,0x00,0x00,0x00,0x00,0xc0,0x07,0x00,0x00,0x00,0x00,0x00,0x00,
0xa0,0x00,0x00,0x00,0x00,0x00,0x00,0x00,0x00,0x00,0x00,0x00,0x00,0x00,0x00,0x00,
0x08,0x00,0x00,0x00,0x00,0x00,0x00,0x00,0x00,0x00,0x00,0x00,0x00,0x00,0x00,0x00,
0x10,0x01,0x00,0x00,0x11,0x00,0x00,0x00,0x00,0x00,0x00,0x00,0x00,0x00,0x00,0x00,
0x00,0x00,0x00,0x00,0x00,0x00,0x00,0x00,0x04,0x0f,0x00,0x00,0x00,0x00,0x00,0x00,
0x08,0x00,0x00,0x00,0x00,0x00,0x00,0x00,0x20,0x00,0x00,0x00,0x17,0x00,0x00,0x00,
0x04,0x00,0x00,0x00,0x00,0x00,0x00,0x00,0x04,0x00,0x00,0x00,0x00,0x00,0x00,0x00,
0xdc,0x03,0x00,0x00,0x01,0x00,0x00,0x00,0x02,0x02,0x00,0x00,0x00,0x00,0x00,0x00,
0x00,0x00,0x00,0x00,0x00,0x00,0x00,0x00,0x60,0x08,0x00,0x00,0x00,0x00,0x00,0x00,
0x50,0x00,0x00,0x00,0x00,0x00,0x00,0x00,0x00,0x00,0x00,0x00,0x00,0x00,0x00,0x00,
0x08,0x00,0x00,0x00,0x00,0x00,0x00,0x00,0x00,0x00,0x00,0x00,0x00,0x00,0x00,0x00,
0x10,0x01,0x00,0x00,0x11,0x00,0x00,0x00,0x00,0x00,0x00,0x00,0x00,0x00,0x00,0x00,
0x00,0x00,0x00,0x00,0x00,0x00,0x00,0x00,0x0c,0x0f,0x00,0x00,0x00,0x00,0x00,0x00,
0x08,0x00,0x00,0x00,0x00,0x00,0x00,0x00,0x20,0x00,0x00,0x00,0x18,0x00,0x00,0x00,
0x04,0x00,0x00,0x00,0x00,0x00,0x00,0x00,0x04,0x00,0x00,0x00,0x00,0x00,0x00,0x00,
0x8e,0x03,0x00,0x00,0x01,0x00,0x00,0x00,0x02,0x02,0x00,0x00,0x00,0x00,0x00,0x00,
0x00,0x00,0x00,0x00,0x00,0x00,0x00,0x00,0xb0,0x08,0x00,0x00,0x00,0x00,0x00,0x00,
0x50,0x00,0x00,0x00,0x00,0x00,0x00,0x00,0x00,0x00,0x00,0x00,0x00,0x00,0x00,0x00,
0x08,0x00,0x00,0x00,0x00,0x00,0x00,0x00,0x00,0x00,0x00,0x00,0x00,0x00,0x00,0x00,
0x10,0x00,0x00,0x00,0x08,0x00,0x00,0x00,0x03,0x00,0x00,0x00,0x00,0x00,0x00,0x00,
0x00,0x00,0x00,0x00,0x00,0x00,0x00,0x00,0x00,0x09,0x00,0x00,0x00,0x00,0x00,0x00,
0x01,0x00,0x00,0x00,0x00,0x00,0x00,0x00,0x00,0x00,0x00,0x00,0x00,0x00,0x00,0x00,
0x01,0x00,0x00,0x00,0x00,0x00,0x00,0x00,0x00,0x00,0x00,0x00,0x00,0x00,0x00,0x00,
0x07,0x00,0x00,0x00,0x01,0x00,0x00,0x00,0x30,0x00,0x00,0x00,0x00,0x00,0x00,0x00,
0x00,0x00,0x00,0x00,0x00,0x00,0x00,0x00,0x00,0x09,0x00,0x00,0x00,0x00,0x00,0x00,
0x19,0x00,0x00,0x00,0x00,0x00,0x00,0x00,0x00,0x00,0x00,0x00,0x00,0x00,0x00,0x00,
0x01,0x00,0x00,0x00,0x00,0x00,0x00,0x00,0x01,0x00,0x00,0x00,0x00,0x00,0x00,0x00,
0xf8,0x01,0x00,0x00,0x01,0x00,0x00,0x00,0x00,0x00,0x00,0x00,0x00,0x00,0x00,0x00,
0x00,0x00,0x00,0x00,0x00,0x00,0x00,0x00,0x19,0x09,0x00,0x00,0x00,0x00,0x00,0x00,
0x00,0x00,0x00,0x00,0x00,0x00,0x00,0x00,0x00,0x00,0x00,0x00,0x00,0x00,0x00,0x00,
0x01,0x00,0x00,0x00,0x00,0x00,0x00,0x00,0x00,0x00,0x00,0x00,0x00,0x00,0x00,0x00,
0xe5,0x02,0x00,0x00,0x07,0x00,0x00,0x00,0x02,0x00,0x00,0x00,0x00,0x00,0x00,0x00,
0x00,0x00,0x00,0x00,0x00,0x00,0x00,0x00,0x1c,0x09,0x00,0x00,0x00,0x00,0x00,0x00,
0xa8,0x05,0x00,0x00,0x00,0x00,0x00,0x00,0x00,0x00,0x00,0x00,0x00,0x00,0x00,0x00,
0x04,0x00,0x00,0x00,0x00,0x00,0x00,0x00,0x00,0x00,0x00,0x00,0x00,0x00,0x00,0x00,
0x98,0x02,0x00,0x00,0x03,0x4c,0xff,0x6f,0x00,0x00,0x00,0x80,0x00,0x00,0x00,0x00,
0x00,0x00,0x00,0x00,0x00,0x00,0x00,0x00,0xa0,0x11,0x00,0x00,0x00,0x00,0x00,0x00,
0x01,0x00,0x00,0x00,0x00,0x00,0x00,0x00,0x20,0x00,0x00,0x00,0x00,0x00,0x00,0x00,
0x01,0x00,0x00,0x00,0x00,0x00,0x00,0x00,0x00,0x00,0x00,0x00,0x00,0x00,0x00,0x00,
0x6a,0x03,0x00,0x00,0x02,0x00,0x00,0x00,0x00,0x00,0x00,0x00,0x00,0x00,0x00,0x00,
0x00,0x00,0x00,0x00,0x00,0x00,0x00,0x00,0x18,0x0f,0x00,0x00,0x00,0x00,0x00,0x00,
0x70,0x02,0x00,0x00,0x00,0x00,0x00,0x00,0x01,0x00,0x00,0x00,0x0d,0x00,0x00,0x00,
0x08,0x00,0x00,0x00,0x00,0x00,0x00,0x00,0x18,0x00,0x00,0x00,0x00,0x00,0x00,0x00
    },
    .m_kernelName = "instaNormSplitPart1_hip_amdgcn_amd_amdhsa_gfx1200_wave64_coba",
    .m_compilerVersion = "archive",
    .m_codeObjectVersion = 5,
    .m_isRelocatable = true,
    .m_shaderType = ShaderTypesFlags::UNKNOWN
};

const StaticShaderType<9512> instaNormSplitPart2_hip_amdgcn_amd_amdhsa_gfx1200_wave32_coba =
{
    .m_binary = {
0x7f,0x45,0x4c,0x46,0x02,0x01,0x01,0x40,0x03,0x00,0x00,0x00,0x00,0x00,0x00,0x00,
0x01,0x00,0xe0,0x00,0x01,0x00,0x00,0x00,0x00,0x00,0x00,0x00,0x00,0x00,0x00,0x00,
0x00,0x00,0x00,0x00,0x00,0x00,0x00,0x00,0xe8,0x1c,0x00,0x00,0x00,0x00,0x00,0x00,
0x48,0x00,0x00,0x00,0x40,0x00,0x00,0x00,0x00,0x00,0x40,0x00,0x21,0x00,0x01,0x00,
0x00,0x00,0x00,0x00,0x00,0x00,0x00,0x00,0x00,0x00,0x00,0x00,0x00,0x00,0x00,0x00,
0x00,0x00,0x00,0x00,0x00,0x00,0x00,0x00,0x00,0x00,0x00,0x00,0x00,0x00,0x00,0x00,
0x00,0x00,0x00,0x00,0x00,0x00,0x00,0x00,0x00,0x00,0x00,0x00,0x00,0x00,0x00,0x00,
0x00,0x00,0x00,0x00,0x00,0x00,0x00,0x00,0x00,0x00,0x00,0x00,0x00,0x00,0x00,0x00,
0x00,0x00,0x00,0x00,0x00,0x00,0x00,0x00,0x00,0x00,0x00,0x00,0x00,0x00,0x00,0x00,
0x00,0x00,0x00,0x00,0x00,0x00,0x00,0x00,0x00,0x00,0x00,0x00,0x00,0x00,0x00,0x00,
0x00,0x00,0x00,0x00,0x00,0x00,0x00,0x00,0x00,0x00,0x00,0x00,0x00,0x00,0x00,0x00,
0x00,0x00,0x00,0x00,0x00,0x00,0x00,0x00,0x00,0x00,0x00,0x00,0x00,0x00,0x00,0x00,
0x00,0x00,0x00,0x00,0x00,0x00,0x00,0x00,0x00,0x00,0x00,0x00,0x00,0x00,0x00,0x00,
0x00,0x00,0x00,0x00,0x00,0x00,0x00,0x00,0x00,0x00,0x00,0x00,0x00,0x00,0x00,0x00,
0x00,0x00,0x00,0x00,0x00,0x00,0x00,0x00,0x00,0x00,0x00,0x00,0x00,0x00,0x00,0x00,
0x00,0x00,0x00,0x00,0x00,0x00,0x00,0x00,0x00,0x00,0x00,0x00,0x00,0x00,0x00,0x00,
0x01,0x00,0x85,0xbf,0x00,0x41,0x00,0xf4,0x10,0x00,0x00,0xf8,0x00,0x02,0x00,0xf4,
0x34,0x00,0x00,0xf8,0x80,0x00,0x10,0xca,0x80,0x00,0x04,0x06,0x00,0x00,0xc7,0xbf,
0x07,0x65,0x82,0xbe,0x80,0x07,0x83,0x81,0x9a,0x02,0x87,0xbf,0x02,0x56,0x02,0x7e,
0x01,0x05,0x04,0x7e,0x02,0xff,0x02,0xa2,0xfe,0xff,0x7f,0x4f,0xfe,0xff,0x88,0xbf,
0x2a,0x05,0x87,0xbf,0x02,0x67,0x82,0xbe,0xfe,0xff,0x88,0xbf,0x03,0x02,0x03,0x96,
0xfe,0xff,0x88,0xbf,0x02,0x03,0x83,0x96,0xfe,0xff,0x88,0xbf,0x02,0x03,0x02,0x81,
0xfe,0xff,0x88,0xbf,0x05,0x02,0x82,0x96,0xfe,0xff,0x88,0xbf,0x02,0x07,0x03,0x96,
0x02,0x81,0x09,0x81,0xfe,0xff,0x88,0xbf,0x05,0x03,0x83,0x81,0xfe,0xff,0x88,0xbf,
0x03,0x07,0x8a,0x81,0x03,0x07,0x09,0xbf,0x09,0x02,0x02,0x98,0x0a,0x03,0x03,0x98,
0xfe,0xff,0x88,0xbf,0x02,0x81,0x09,0x81,0x03,0x07,0x09,0xbf,0x09,0x02,0x0b,0x98,
0x08,0xff,0x0a,0x8b,0xff,0xff,0x00,0x00,0x0b,0x15,0x8d,0xbe,0x0a,0x15,0x88,0xbe,
0x29,0x05,0x87,0xbf,0x08,0x65,0x82,0xbe,0xfe,0xff,0x88,0xbf,0x02,0x56,0x02,0x7e,
0x80,0x20,0x00,0xf4,0x08,0x00,0x00,0xf8,0xa5,0x05,0x87,0xbf,0x01,0x05,0x0e,0x7e,
0x07,0xff,0x07,0xa2,0xfe,0xff,0x7f,0x4f,0x07,0x67,0x89,0xbe,0x80,0x08,0x87,0x81,
0x0a,0x00,0x87,0xbf,0x07,0x09,0x0c,0x96,0xc0,0x01,0x00,0xf4,0x20,0x00,0x00,0xf8,
0x09,0x0c,0x8c,0x96,0x00,0x00,0xc7,0xbf,0x81,0x20,0x00,0xf4,0x00,0x00,0x00,0xf8,
0x09,0x0c,0x09,0x81,0x0b,0x0a,0x0c,0x8d,0x0d,0x09,0x89,0x96,0x0c,0x9f,0x0c,0x86,
0x09,0x08,0x0e,0x96,0x09,0x00,0x87,0xbf,0x0d,0x0e,0x8d,0x81,0x09,0x81,0x0e,0x81,
0x0d,0x08,0x8f,0x81,0x0d,0x08,0x09,0xbf,0x0e,0x09,0x09,0x98,0x0f,0x0d,0x0d,0x98,
0x09,0x81,0x0e,0x81,0x0d,0x08,0x09,0xbf,0x0e,0x09,0x08,0x98,0x80,0x00,0x89,0xbe,
0x08,0x0c,0x0d,0x8d,0x99,0x04,0x87,0xbf,0x0d,0x0c,0x8e,0x81,0x0e,0x80,0x04,0xbf,
0x45,0x00,0xa2,0xbf,0x00,0x20,0x00,0xf4,0x00,0x00,0x00,0xf8,0x01,0x7c,0xfe,0xd6,
0x0b,0xea,0x00,0x04,0x04,0x00,0x88,0xbe,0x80,0x00,0x10,0xca,0x80,0x00,0x04,0x04,
0x80,0x02,0x0c,0x7e,0x0e,0x0a,0x0e,0x96,0x08,0x82,0x88,0x84,0x0b,0x0e,0x84,0x81,
0x00,0x00,0xc7,0xbf,0x00,0x20,0x00,0xf4,0x00,0x00,0x00,0xf8,0x00,0x00,0xc7,0xbf,
0x01,0xff,0x01,0x8b,0xff,0xff,0x00,0x00,0xfe,0xff,0x88,0xbf,0x00,0x08,0x80,0xa9,
0x0c,0x0d,0x88,0x81,0x07,0x00,0xa0,0xbf,0xfe,0xff,0x88,0xbf,0x7e,0x09,0x7e,0x8c,
0x0a,0x02,0x02,0x4a,0x08,0x81,0x08,0x81,0xfe,0xff,0x88,0xbf,0x08,0x81,0x06,0xbf,
0x29,0x00,0xa2,0xbf,0x08,0x80,0x07,0xbf,0x0a,0x00,0x89,0xbe,0x05,0x00,0xa1,0xbf,
0xfe,0xff,0x88,0xbf,0x09,0x00,0x88,0x7c,0x6a,0x20,0x89,0xbe,0xf2,0xff,0xa5,0xbf,
0x05,0x00,0xa0,0xbf,0x04,0x00,0x89,0xbe,0xfe,0xff,0x88,0xbf,0x09,0x00,0x88,0x7c,
0x6a,0x20,0x89,0xbe,0xec,0xff,0xa5,0xbf,0x9f,0x02,0x04,0x34,0x05,0x02,0x06,0x4a,
0x12,0x01,0x87,0xbf,0x82,0x02,0x0e,0x3e,0x82,0x06,0x04,0x3e,0xfe,0xff,0x88,0xbf,
0x02,0x00,0x87,0xbf,0x07,0x6a,0x00,0xd7,0x00,0x0e,0x02,0x00,0xfd,0xff,0x88,0xbf,
0x08,0x7c,0x20,0xd5,0x01,0x10,0xaa,0x01,0x02,0x6a,0x00,0xd7,0x00,0x04,0x02,0x00,
0xfd,0xff,0x88,0xbf,0x03,0x7c,0x20,0xd5,0x01,0x06,0xaa,0x01,0x01,0x00,0x85,0xbf,
0x7c,0x00,0x05,0xee,0x07,0x00,0x00,0x00,0x07,0x00,0x00,0x00,0x7c,0x00,0x05,0xee,
0x02,0x00,0x00,0x00,0x02,0x00,0x00,0x00,0x00,0x00,0xc0,0xbf,0x06,0x0f,0x08,0xc9,
0x05,0x05,0x04,0x06,0xd0,0xff,0xa0,0xbf,0x06,0x65,0x80,0xbe,0xfa,0x0c,0x06,0x06,
0x06,0x01,0x09,0xff,0xfa,0x0a,0x0a,0x06,0x05,0x01,0x09,0xff,0x00,0x00,0xc7,0xbf,
0x03,0xff,0x03,0x8b,0xff,0xff,0x00,0x00,0xfe,0xff,0x88,0xbf,0x00,0x7c,0xfc,0xd6,
0x00,0x00,0xc8,0x03,0x04,0x6a,0xfc,0xd6,0xf2,0x00,0xc8,0x03,0x02,0x00,0x87,0xbf,
0x00,0x55,0x02,0x7e,0xff,0x00,0x00,0x3a,0x00,0x00,0x00,0x80,0x85,0x00,0x87,0xbf,
0x02,0x00,0x13,0xd6,0x00,0x03,0xca,0x03,0xa1,0x00,0x87,0xbf,0x02,0x03,0x02,0x56,
0xfa,0x06,0x04,0x06,0x03,0x02,0x09,0xff,0xfa,0x04,0x04,0x06,0x02,0x04,0x09,0xff,
0x91,0x00,0x87,0xbf,0xfa,0x04,0x04,0x06,0x02,0x08,0x09,0xff,0xfa,0x02,0x04,0x7e,
0x02,0x50,0x09,0xff,0x04,0x03,0x06,0x10,0x91,0x00,0x87,0xbf,0x06,0x00,0x13,0xd6,
0x00,0x07,0x12,0x04,0x06,0x03,0x06,0x56,0x31,0x01,0x87,0xbf,0x00,0x07,0x08,0x56,
0x00,0x10,0x5c,0xd6,0x02,0x01,0x01,0x02,0xfd,0xff,0x88,0xbf,0x01,0x00,0x37,0xd6,
0x04,0x03,0x0e,0x04,0x12,0x01,0x87,0xbf,0x02,0x01,0x00,0x06,0x01,0x00,0x27,0xd6,
0x01,0x01,0xc8,0x03,0xff,0x00,0x80,0xbe,0xe1,0xc4,0x76,0x3e,0x91,0x00,0x87,0xbf,
0x01,0x01,0x00,0x10,0x02,0x01,0xc0,0xd5,0x00,0x01,0x00,0x00,0xb1,0x00,0x87,0xbf,
0xff,0x04,0x28,0x7c,0xab,0xaa,0x2a,0x3f,0xfd,0xff,0x88,0xbf,0x03,0x00,0x01,0xd5,
0xf2,0xe8,0xa9,0x01,0x02,0x07,0x04,0x10,0x21,0x01,0x87,0xbf,0xf2,0x04,0x06,0x06,
0xf3,0x04,0x0c,0x06,0xf3,0x06,0x10,0x06,0xa1,0x02,0x87,0xbf,0x02,0x11,0x04,0x08,
0x03,0x55,0x08,0x7e,0x06,0x09,0x0e,0x10,0x91,0x00,0x87,0xbf,0x03,0x0f,0x12,0x10,
0x03,0x00,0x13,0xd6,0x07,0x07,0x26,0x84,0x91,0x00,0x87,0xbf,0x07,0x05,0x06,0x56,
0x09,0x07,0x04,0x06,0x91,0x00,0x87,0xbf,0x02,0x13,0x12,0x08,0x06,0x05,0x4a,0xc9,
0x09,0x07,0x02,0x08,0x91,0x00,0x87,0xbf,0x06,0x11,0x0c,0x08,0x06,0x05,0x04,0x08,
0x91,0x00,0x87,0xbf,0x03,0x05,0x04,0x06,0x08,0x05,0x04,0x06,0x91,0x00,0x87,0xbf,
0x04,0x05,0x04,0x10,0x07,0x05,0x08,0x06,0x91,0x00,0x87,0xbf,0x04,0x0f,0x06,0x08,
0x02,0x07,0x46,0xc9,0x04,0x09,0x06,0x07,0x11,0x01,0x87,0xbf,0x07,0x0f,0x04,0x06,
0x08,0x00,0x13,0xd6,0x04,0x09,0x1a,0x84,0x21,0x01,0x87,0xbf,0x04,0x05,0x10,0x56,
0x02,0x01,0x90,0xd5,0x00,0x01,0x00,0x00,0x06,0x11,0x12,0x06,0xfe,0xff,0x88,0xbf,
0x21,0x01,0x87,0xbf,0x00,0x12,0x14,0x5a,0xc4,0xf4,0x91,0x3e,0x09,0x0d,0x46,0xc9,
0x04,0x13,0x0c,0x06,0x09,0x15,0x14,0x5a,0xef,0xcd,0xcc,0x3e,0x12,0x01,0x87,0xbf,
0x08,0x0d,0x0c,0x08,0x09,0x15,0x16,0x10,0x91,0x00,0x87,0xbf,0x08,0x00,0x13,0xd6,
0x09,0x15,0x2e,0x84,0x06,0x15,0x10,0x56,0x21,0x01,0x87,0xbf,0x0b,0x11,0x14,0x06,
0x02,0x79,0x04,0x7e,0x0a,0x17,0x48,0xc9,0xff,0x14,0x0c,0x0b,0xaa,0xaa,0x2a,0x3f,
0x21,0x01,0x87,0xbf,0x08,0x17,0x48,0xc9,0xff,0x18,0x08,0x03,0xaa,0xaa,0x2a,0xbf,
0x0b,0x00,0x13,0xd6,0x09,0x09,0x36,0x84,0xff,0x06,0x0a,0xc9,0x0a,0x11,0x08,0x03,
0x10,0x90,0x73,0x31,0xa2,0x01,0x87,0xbf,0x09,0x0f,0x16,0x56,0x07,0x00,0x1c,0xd7,
0x07,0x03,0x01,0x00,0x03,0x11,0x06,0x06,0x91,0x00,0x87,0xbf,0x06,0x09,0x08,0xc8,
0x0c,0x07,0x06,0x0b,0x0d,0x17,0x0a,0xc9,0x0c,0x0d,0x08,0x08,0xa1,0x01,0x87,0xbf,
0x08,0x0d,0x14,0x10,0x08,0x1b,0x18,0x08,0x03,0x13,0x06,0x06,0x93,0x01,0x87,0xbf,
0x09,0x00,0x13,0xd6,0x08,0x0d,0x2a,0x84,0x0b,0x19,0x16,0x08,0x42,0x02,0x87,0xbf,
0x08,0x07,0x12,0x56,0x03,0x00,0x1c,0xd7,0x04,0x03,0x01,0x00,0x02,0x7c,0x22,0xd5,
0x80,0x04,0xaa,0x01,0xf2,0x00,0x24,0x7c,0x0b,0x0d,0x12,0x56,0x13,0x01,0x87,0xbf,
0x02,0x0b,0x04,0x7e,0x0a,0x13,0x08,0x06,0x91,0x00,0x87,0xbf,0x03,0x09,0x0c,0x06,
0x06,0x07,0x4a,0xc9,0x04,0x15,0x08,0x03,0x11,0x01,0x87,0xbf,0xff,0x04,0xca,0xc8,
0x04,0x07,0x02,0x0a,0x18,0x72,0x31,0x3f,0x09,0x11,0x10,0x08,0x12,0x01,0x87,0xbf,
0x09,0x00,0x13,0xd6,0xff,0x04,0x2a,0x84,0x18,0x72,0x31,0x3f,0x07,0x11,0x08,0x06,
0x91,0x00,0x87,0xbf,0x02,0x13,0x88,0xc8,0x04,0x07,0x02,0x02,0x08,0xe3,0x02,0xb1,
0x0a,0x05,0x08,0x06,0x92,0x00,0x87,0xbf,0x06,0x07,0x0e,0x06,0x04,0x0f,0x10,0x06,
0x21,0x01,0x87,0xbf,0x08,0x09,0x12,0x08,0x04,0x15,0x14,0x08,0x08,0x13,0x4a,0xc9,
0x07,0x0d,0x06,0x0b,0x12,0x01,0x87,0xbf,0x02,0x15,0x04,0x08,0x04,0x17,0x4a,0xc9,
0x03,0x0d,0x02,0x04,0x91,0x00,0x87,0xbf,0x07,0x13,0x48,0xc9,0x02,0x07,0x06,0x06,
0x06,0x09,0x08,0x06,0x12,0x01,0x87,0xbf,0x07,0x05,0x0c,0x08,0x07,0x09,0x08,0x06,
0x12,0x01,0x87,0xbf,0x07,0x0d,0x0e,0x08,0x08,0x09,0x12,0x06,0x91,0x01,0x87,0xbf,
0x03,0x0d,0x4a,0xc9,0x09,0x11,0x06,0x03,0x02,0x0f,0x04,0x08,0x91,0x01,0x87,0xbf,
0x03,0x05,0x04,0x06,0x04,0x0d,0x06,0x08,0xfd,0xff,0x88,0xbf,0x04,0x00,0x01,0xd5,
0xf4,0xe4,0xa9,0x01,0x92,0x00,0x87,0xbf,0x02,0x07,0x04,0x06,0x09,0x05,0x06,0x06,
0x91,0x00,0x87,0xbf,0x03,0x13,0x46,0xc9,0x04,0x07,0x06,0x06,0x02,0x0d,0x04,0x08,
0x22,0x01,0x87,0xbf,0x03,0x00,0x13,0xd6,0x04,0x07,0x1e,0x84,0x6a,0x00,0x7e,0xd4,
0x07,0xff,0x01,0x00,0x04,0x02,0x00,0x00,0x04,0x05,0x06,0x56,0xa1,0x00,0x87,0xbf,
0x07,0x07,0x04,0x06,0xfd,0xff,0x88,0xbf,0x02,0x0f,0x0c,0x02,0x02,0x0f,0x04,0x08,
0x12,0x01,0x87,0xbf,0xff,0x0c,0x24,0x7c,0x18,0x72,0xb1,0x42,0x03,0x05,0x04,0x08,
0xfa,0x0a,0x06,0x06,0x05,0x02,0x09,0xff,0xfd,0xff,0x88,0xbf,0x08,0x00,0x01,0xd5,
0x80,0xfe,0xa9,0x01,0x00,0x00,0x00,0x37,0x6a,0x02,0x1d,0xd4,0xff,0x0c,0x02,0x00,
0x00,0x00,0x80,0x7f,0xc3,0x01,0x87,0xbf,0xfa,0x06,0x06,0x06,0x03,0x04,0x09,0xff,
0xfd,0xff,0x88,0xbf,0x06,0x11,0x52,0xc9,0x80,0x04,0x02,0x09,0x04,0x43,0x0c,0x7e,
0xfa,0x06,0x06,0x06,0x03,0x08,0x09,0xff,0x33,0x02,0x87,0xbf,0xff,0x12,0x14,0x10,
0x3b,0xaa,0xb8,0x3f,0xff,0x12,0x36,0x7c,0xd0,0x8e,0xce,0xc2,0x08,0x05,0x04,0x06,
0xfa,0x02,0x06,0x7e,0x03,0x50,0x09,0xff,0xa4,0x00,0x87,0xbf,0x0b,0x00,0x13,0xd6,
0xff,0x12,0x2a,0x84,0x3b,0xaa,0xb8,0x3f,0x0a,0x47,0x18,0x7e,0x09,0x17,0x8a,0xc8,
0x0a,0x19,0x0a,0x0b,0x5f,0x70,0xa5,0x32,0x0c,0x11,0x0e,0x7e,0x92,0x00,0x87,0xbf,
0x0a,0x17,0x14,0x06,0x0a,0x4b,0x14,0x7e,0x35,0x01,0x87,0xbf,0x05,0x00,0x1c,0xd7,
0x0a,0x0f,0x02,0x00,0xf0,0x08,0x0e,0x10,0xfd,0xff,0x88,0xbf,0x80,0x0a,0x0a,0x02,
0xff,0x12,0x3c,0x7c,0x18,0x72,0xb1,0x42,0xa3,0x01,0x87,0xbf,0x07,0x43,0x14,0x7e,
0xfd,0xff,0x88,0xbf,0xff,0x0a,0x0a,0x02,0x00,0x00,0x80,0x7f,0x06,0x09,0x24,0x7c,
0x93,0x01,0x87,0xbf,0x00,0x00,0x1d,0xd4,0x0a,0x0f,0x02,0x00,0x02,0x00,0x13,0xd6,
0x05,0x05,0x16,0x04,0x01,0x00,0x7e,0xd4,0x05,0xff,0x01,0x00,0x04,0x02,0x00,0x00,
0x6a,0x00,0x00,0x8b,0xfe,0xff,0x88,0xbf,0x04,0x00,0x01,0xd5,0xf2,0x00,0x02,0x00,
0x02,0x00,0x01,0xd5,0x02,0x0b,0x06,0x00,0x01,0x00,0x12,0xd4,0x80,0x00,0x02,0x00,
0x05,0x00,0x01,0xd5,0x80,0x00,0x02,0x00,0x00,0x00,0x7e,0xd4,0x00,0xff,0x01,0x00,
0x04,0x02,0x00,0x00,0x34,0x01,0x87,0xbf,0x02,0x00,0x12,0xd6,0xff,0x04,0x12,0x04,
0xff,0xff,0xff,0x7f,0xff,0xf1,0x88,0xbf,0x04,0x00,0x01,0xd5,0xff,0x00,0x05,0x00,
0x00,0x00,0x80,0x7f,0xff,0x04,0x0c,0x02,0x00,0x00,0xc0,0x7f,0x80,0x00,0x28,0x7c,
0x53,0x01,0x87,0xbf,0x04,0x00,0x12,0xd6,0xff,0x08,0x16,0x04,0xff,0xff,0xff,0x7f,
0x05,0x10,0x5c,0xd6,0x03,0x01,0x01,0x02,0xfd,0xff,0x88,0xbf,0x02,0x0d,0x04,0x02,
0x01,0x00,0x6a,0x8c,0x03,0x0b,0x06,0x06,0x80,0x00,0x81,0xbe,0xfe,0xff,0x88,0xbf,
0x02,0x09,0x04,0x02,0x00,0x01,0x2e,0x7c,0xfd,0xff,0x88,0xbf,0x92,0x00,0x87,0xbf,
0xff,0x04,0x04,0x02,0x00,0x00,0xc0,0x7f,0x01,0x00,0x13,0xd6,0x01,0x07,0x0a,0x84,
0x91,0x00,0x87,0xbf,0x07,0x02,0x02,0x06,0xff,0x02,0x04,0x10,0x00,0x00,0x80,0x4f,
0xff,0x02,0x28,0x7c,0x00,0x00,0x80,0x0f,0xfd,0xff,0x88,0xbf,0x92,0x00,0x87,0xbf,
0x01,0x05,0x04,0x02,0x02,0x67,0x06,0x7e,0x25,0x01,0x87,0xbf,0xc1,0x06,0x08,0x4a,
0x81,0x06,0x0a,0x4a,0x06,0x00,0x13,0xd6,0x04,0x07,0x0a,0x24,0x12,0x01,0x87,0xbf,
0x07,0x00,0x13,0xd6,0x05,0x07,0x0a,0x24,0x00,0x00,0x16,0xd4,0x80,0x0c,0x02,0x00,
0xff,0xf1,0x88,0xbf,0x03,0x00,0x01,0xd5,0x03,0x09,0x02,0x00,0x00,0x00,0x11,0xd4,
0x80,0x0e,0x02,0x00,0xff,0xf1,0x88,0xbf,0x03,0x00,0x01,0xd5,0x03,0x0b,0x02,0x00,
0x75,0x81,0x00,0x84,0xfe,0xff,0x88,0xbf,0x00,0x82,0x80,0x84,0xb1,0x00,0x87,0xbf,
0xff,0x06,0x08,0x10,0x00,0x00,0x80,0x37,0xfe,0xff,0x88,0xbf,0x02,0x00,0x80,0xa9,
0x03,0x09,0x06,0x02,0x6a,0x00,0x7e,0xd4,0x02,0xff,0x01,0x00,0x60,0x02,0x00,0x00,
0xfd,0xff,0x88,0xbf,0x03,0x05,0x04,0x02,0x80,0x02,0x36,0x7c,0x80,0x02,0x06,0x7e,
0xfd,0xff,0x88,0xbf,0x03,0x00,0x87,0xbf,0x80,0x04,0x02,0x02,0x00,0xc0,0x06,0xee,
0x00,0x00,0x00,0x00,0x03,0x00,0x00,0x00,0x00,0x00,0xb0,0xbf,0x00,0x00,0x9f,0xbf,
0x00,0x00,0x9f,0xbf,0x00,0x00,0x9f,0xbf,0x00,0x00,0x9f,0xbf,0x00,0x00,0x9f,0xbf,
0x00,0x00,0x9f,0xbf,0x00,0x00,0x9f,0xbf,0x00,0x00,0x9f,0xbf,0x00,0x00,0x9f,0xbf,
0x00,0x00,0x9f,0xbf,0x00,0x00,0x9f,0xbf,0x00,0x00,0x9f,0xbf,0x00,0x00,0x9f,0xbf,
0x00,0x00,0x9f,0xbf,0x00,0x00,0x9f,0xbf,0x00,0x00,0x9f,0xbf,0x00,0x00,0x9f,0xbf,
0x00,0x00,0x9f,0xbf,0x00,0x00,0x9f,0xbf,0x00,0x00,0x9f,0xbf,0x00,0x00,0x9f,0xbf,
0x00,0x00,0x9f,0xbf,0x00,0x00,0x9f,0xbf,0x00,0x00,0x9f,0xbf,0x00,0x00,0x9f,0xbf,
0x00,0x00,0x9f,0xbf,0x00,0x00,0x9f,0xbf,0x00,0x00,0x9f,0xbf,0x00,0x00,0x9f,0xbf,
0x00,0x00,0x9f,0xbf,0x00,0x00,0x9f,0xbf,0x00,0x00,0x9f,0xbf,0x00,0x00,0x9f,0xbf,
0x00,0x00,0x9f,0xbf,0x00,0x00,0x9f,0xbf,0x00,0x00,0x9f,0xbf,0x00,0x00,0x9f,0xbf,
0x00,0x00,0x9f,0xbf,0x00,0x00,0x9f,0xbf,0x00,0x00,0x9f,0xbf,0x00,0x00,0x9f,0xbf,
0x00,0x00,0x9f,0xbf,0x00,0x00,0x9f,0xbf,0x00,0x00,0x9f,0xbf,0x00,0x00,0x9f,0xbf,
0x00,0x00,0x9f,0xbf,0x00,0x00,0x9f,0xbf,0x00,0x00,0x9f,0xbf,0x00,0x00,0x9f,0xbf,
0x00,0x00,0x9f,0xbf,0x00,0x00,0x9f,0xbf,0x00,0x00,0x9f,0xbf,0x00,0x00,0x9f,0xbf,
0x00,0x00,0x9f,0xbf,0x00,0x00,0x9f,0xbf,0x00,0x00,0x9f,0xbf,0x00,0x00,0x9f,0xbf,
0x00,0x00,0x9f,0xbf,0x00,0x00,0x9f,0xbf,0x00,0x00,0x9f,0xbf,0x00,0x00,0x9f,0xbf,
0x00,0x00,0x9f,0xbf,0x00,0x00,0x9f,0xbf,0x00,0x00,0x9f,0xbf,0x00,0x00,0x9f,0xbf,
0x00,0x00,0x9f,0xbf,0x00,0x00,0x9f,0xbf,0x00,0x00,0x9f,0xbf,0x00,0x00,0x9f,0xbf,
0x00,0x00,0x9f,0xbf,0x00,0x00,0x9f,0xbf,0x00,0x00,0x9f,0xbf,0x00,0x00,0x9f,0xbf,
0x00,0x00,0x9f,0xbf,0x00,0x00,0x9f,0xbf,0x00,0x00,0x9f,0xbf,0x00,0x00,0x9f,0xbf,
0x00,0x00,0x9f,0xbf,0x00,0x00,0x9f,0xbf,0x00,0x00,0x9f,0xbf,0x00,0x00,0x9f,0xbf,
0x00,0x00,0x9f,0xbf,0x00,0x00,0x9f,0xbf,0x00,0x00,0x9f,0xbf,0x00,0x00,0x9f,0xbf,
0x00,0x00,0x9f,0xbf,0x00,0x00,0x9f,0xbf,0x00,0x00,0x9f,0xbf,0x00,0x00,0x9f,0xbf,
0x00,0x00,0x9f,0xbf,0x00,0x00,0x9f,0xbf,0x00,0x00,0x9f,0xbf,0x00,0x00,0x9f,0xbf,
0x00,0x00,0x9f,0xbf,0x00,0x00,0x9f,0xbf,0x00,0x00,0x9f,0xbf,0x00,0x00,0x9f,0xbf,
0x00,0x00,0x00,0x00,0x00,0x00,0x00,0x00,0x28,0x01,0x00,0x00,0x00,0x00,0x00,0x00,
0x00,0x00,0x00,0x00,0x00,0x00,0x00,0x00,0x00,0x00,0x00,0x00,0x00,0x00,0x00,0x00,
0x00,0x00,0x00,0x00,0x00,0x00,0x00,0x00,0x00,0x00,0x00,0x00,0x10,0x01,0x00,0x00,
0x01,0x00,0x0f,0xc0,0x84,0x00,0x00,0x00,0x08,0x04,0x00,0x00,0x00,0x00,0x00,0x00,
0x10,0x00,0x00,0x00,0x00,0x00,0x00,0x00,0x00,0x00,0x00,0x00,0x00,0x00,0x00,0x00,
0x00,0x00,0x00,0x00,0x00,0x00,0x00,0x00,0x00,0x00,0x00,0x00,0x00,0x00,0x00,0x00,
0x00,0x00,0x00,0x00,0x00,0x00,0x00,0x00,0xf0,0xff,0xff,0xff,0xff,0xff,0xff,0xff,
0xf0,0xff,0xff,0xff,0xff,0xff,0xff,0xff,0x00,0x00,0x00,0x00,0x00,0x00,0x00,0x00,
0x00,0x00,0x00,0x00,0x00,0x00,0x00,0x00,0x00,0x00,0x00,0x00,0x00,0x00,0x00,0x00,
0x10,0x00,0x00,0x00,0x00,0x00,0x00,0x00,0x00,0x00,0x00,0x00,0x00,0x00,0x00,0x00,
0x00,0x00,0x00,0x00,0x00,0x00,0x00,0x00,0x00,0x00,0x00,0x00,0x00,0x00,0x00,0x00,
0x00,0x00,0x00,0x00,0x00,0x00,0x00,0x00,0xf0,0xff,0xff,0xff,0xff,0xff,0xff,0xff,
0xf0,0xff,0xff,0xff,0xff,0xff,0xff,0xff,0x00,0x00,0x00,0x00,0x00,0x00,0x00,0x00,
0x00,0x00,0x00,0x00,0x00,0x00,0x00,0x00,0x00,0x00,0x00,0x00,0x00,0x00,0x00,0x00,
0x18,0x00,0x00,0x00,0x00,0x00,0x00,0x00,0x00,0x00,0x00,0x00,0x00,0x00,0x00,0x00,
0x00,0x00,0x00,0x00,0x00,0x00,0x00,0x00,0x00,0x00,0x00,0x00,0x00,0x00,0x00,0x00,
0x00,0x00,0x00,0x00,0x00,0x00,0x00,0x00,0xe8,0xff,0xff,0xff,0xff,0xff,0xff,0xff,
0xe8,0xff,0xff,0xff,0xff,0xff,0xff,0xff,0x00,0x00,0x00,0x00,0x00,0x00,0x00,0x00,
0x00,0x00,0x00,0x00,0x00,0x00,0x00,0x00,0x00,0x00,0x00,0x00,0x00,0x00,0x00,0x00,
0x18,0x00,0x00,0x00,0x00,0x00,0x00,0x00,0x00,0x00,0x00,0x00,0x00,0x00,0x00,0x00,
0x00,0x00,0x00,0x00,0x00,0x00,0x00,0x00,0x00,0x00,0x00,0x00,0x00,0x00,0x00,0x00,
0x00,0x00,0x00,0x00,0x00,0x00,0x00,0x00,0xe8,0xff,0xff,0xff,0xff,0xff,0xff,0xff,
0xe8,0xff,0xff,0xff,0xff,0xff,0xff,0xff,0x00,0x00,0x00,0x00,0x00,0x00,0x00,0x00,
0x00,0x00,0x00,0x00,0x00,0x00,0x00,0x00,0x00,0x00,0x00,0x00,0x00,0x00,0x00,0x00,
0x20,0x00,0x00,0x00,0x00,0x00,0x00,0x00,0x00,0x00,0x00,0x00,0x00,0x00,0x00,0x00,
0x00,0x00,0x00,0x00,0x00,0x00,0x00,0x00,0x00,0x00,0x00,0x00,0x00,0x00,0x00,0x00,
0x00,0x00,0x00,0x00,0x00,0x00,0x00,0x00,0x20,0x00,0x00,0x00,0x00,0x00,0x00,0x00,
0x00,0x00,0x00,0x00,0x00,0x00,0x00,0x00,0x00,0x00,0x00,0x00,0x00,0x00,0x00,0x00,
0x00,0x00,0x00,0x00,0x00,0x00,0x00,0x00,0x00,0x00,0x00,0x00,0x00,0x00,0x00,0x00,
0x10,0x00,0x00,0x00,0x00,0x00,0x00,0x00,0xf0,0xff,0xff,0xff,0xff,0xff,0xff,0xff,
0x00,0x00,0x00,0x00,0x00,0x00,0x00,0x00,0x00,0x00,0x00,0x00,0x00,0x00,0x00,0x00,
0x00,0x00,0x00,0x00,0x00,0x00,0x00,0x00,0xe0,0xff,0xff,0xff,0xff,0xff,0xff,0xff,
0xe0,0xff,0xff,0xff,0xff,0xff,0xff,0xff,0x00,0x00,0x00,0x00,0x00,0x00,0x00,0x00,
0x00,0x00,0x00,0x00,0x00,0x00,0x00,0x00,0x00,0x00,0x00,0x00,0x00,0x00,0x00,0x00,
0x20,0x00,0x00,0x00,0x00,0x00,0x00,0x00,0x00,0x00,0x00,0x00,0x00,0x00,0x00,0x00,
0x00,0x00,0x00,0x00,0x00,0x00,0x00,0x00,0x00,0x00,0x00,0x00,0x00,0x00,0x00,0x00,
0x00,0x00,0x00,0x00,0x00,0x00,0x00,0x00,0xe0,0xff,0xff,0xff,0xff,0xff,0xff,0xff,
0xe0,0xff,0xff,0xff,0xff,0xff,0xff,0xff,0x00,0x00,0x00,0x00,0x00,0x00,0x00,0x00,
0x00,0x00,0x00,0x00,0x00,0x00,0x00,0x00,0x00,0x00,0x00,0x00,0x00,0x00,0x00,0x00,
0x10,0x00,0x00,0x00,0x00,0x00,0x00,0x00,0x00,0x00,0x00,0x00,0x00,0x00,0x00,0x00,
0x00,0x00,0x00,0x00,0x00,0x00,0x00,0x00,0x00,0x00,0x00,0x00,0x00,0x00,0x00,0x00,
0x00,0x00,0x00,0x00,0x00,0x00,0x00,0x00,0xf0,0xff,0xff,0xff,0xff,0xff,0xff,0xff,
0xf0,0xff,0xff,0xff,0xff,0xff,0xff,0xff,0x00,0x00,0x00,0x00,0x00,0x00,0x00,0x00,
0x00,0x00,0x00,0x00,0x00,0x00,0x00,0x00,0x00,0x00,0x00,0x00,0x00,0x00,0x00,0x00,
0x20,0x00,0x00,0x00,0x00,0x00,0x00,0x00,0x00,0x00,0x00,0x00,0x00,0x00,0x00,0x00,
0x00,0x00,0x00,0x00,0x00,0x00,0x00,0x00,0x00,0x00,0x00,0x00,0x00,0x00,0x00,0x00,
0x00,0x00,0x00,0x00,0x00,0x00,0x00,0x00,0x20,0x00,0x00,0x00,0x00,0x00,0x00,0x00,
0x00,0x00,0x00,0x00,0x00,0x00,0x00,0x00,0x00,0x00,0x00,0x00,0x00,0x00,0x00,0x00,
0x00,0x00,0x00,0x00,0x00,0x00,0x00,0x00,0x00,0x00,0x00,0x00,0x00,0x00,0x00,0x00,
0x10,0x00,0x00,0x00,0x00,0x00,0x00,0x00,0xf0,0xff,0xff,0xff,0xff,0xff,0xff,0xff,
0x00,0x00,0x00,0x00,0x00,0x00,0x00,0x00,0x00,0x00,0x00,0x00,0x00,0x00,0x00,0x00,
0x00,0x00,0x00,0x00,0x00,0x00,0x00,0x00,0xe0,0xff,0xff,0xff,0xff,0xff,0xff,0xff,
0xe0,0xff,0xff,0xff,0xff,0xff,0xff,0xff,0x00,0x00,0x00,0x00,0x00,0x00,0x00,0x00,
0x00,0x00,0x00,0x00,0x00,0x00,0x00,0x00,0x00,0x00,0x00,0x00,0x00,0x00,0x00,0x00,
0x20,0x00,0x00,0x00,0x00,0x00,0x00,0x00,0x00,0x00,0x00,0x00,0x00,0x00,0x00,0x00,
0x00,0x00,0x00,0x00,0x00,0x00,0x00,0x00,0x00,0x00,0x00,0x00,0x00,0x00,0x00,0x00,
0x00,0x00,0x00,0x00,0x00,0x00,0x00,0x00,0xe0,0xff,0xff,0xff,0xff,0xff,0xff,0xff,
0xe0,0xff,0xff,0xff,0xff,0xff,0xff,0xff,0x00,0x00,0x00,0x00,0x00,0x00,0x00,0x00,
0x00,0x00,0x00,0x00,0x00,0x00,0x00,0x00,0x00,0x00,0x00,0x00,0x00,0x00,0x00,0x00,
0x10,0x00,0x00,0x00,0x00,0x00,0x00,0x00,0x00,0x00,0x00,0x00,0x00,0x00,0x00,0x00,
0x00,0x00,0x00,0x00,0x00,0x00,0x00,0x00,0x00,0x00,0x00,0x00,0x00,0x00,0x00,0x00,
0x00,0x00,0x00,0x00,0x00,0x00,0x00,0x00,0xf0,0xff,0xff,0xff,0xff,0xff,0xff,0xff,
0xf0,0xff,0xff,0xff,0xff,0xff,0xff,0xff,0x00,0x00,0x00,0x00,0x00,0x00,0x00,0x00,
0x00,0x00,0x00,0x00,0x00,0x00,0x00,0x00,0x00,0x00,0x00,0x00,0x00,0x00,0x00,0x00,
0x00,0x63,0x6c,0x61,0x6e,0x67,0x20,0x76,0x65,0x72,0x73,0x69,0x6f,0x6e,0x20,0x32,
0x31,0x2e,0x30,0x2e,0x30,0x67,0x69,0x74,0x00,0x00,0x00,0x00,0x07,0x00,0x00,0x00,
0x02,0x06,0x00,0x00,0x20,0x00,0x00,0x00,0x41,0x4d,0x44,0x47,0x50,0x55,0x00,0x00,
0x83,0xae,0x61,0x6d,0x64,0x68,0x73,0x61,0x2e,0x6b,0x65,0x72,0x6e,0x65,0x6c,0x73,
0x91,0xde,0x00,0x12,0xa5,0x2e,0x61,0x72,0x67,0x73,0xdc,0x00,0x14,0x85,0xae,0x2e,
0x61,0x63,0x74,0x75,0x61,0x6c,0x5f,0x61,0x63,0x63,0x65,0x73,0x73,0xa9,0x72,0x65,
0x61,0x64,0x5f,0x6f,0x6e,0x6c,0x79,0xae,0x2e,0x61,0x64,0x64,0x72,0x65,0x73,0x73,
0x5f,0x73,0x70,0x61,0x63,0x65,0xa6,0x67,0x6c,0x6f,0x62,0x61,0x6c,0xa7,0x2e,0x6f,
0x66,0x66,0x73,0x65,0x74,0x00,0xa5,0x2e,0x73,0x69,0x7a,0x65,0x08,0xab,0x2e,0x76,
0x61,0x6c,0x75,0x65,0x5f,0x6b,0x69,0x6e,0x64,0xad,0x67,0x6c,0x6f,0x62,0x61,0x6c,
0x5f,0x62,0x75,0x66,0x66,0x65,0x72,0x85,0xae,0x2e,0x61,0x63,0x74,0x75,0x61,0x6c,
0x5f,0x61,0x63,0x63,0x65,0x73,0x73,0xa9,0x72,0x65,0x61,0x64,0x5f,0x6f,0x6e,0x6c,
0x79,0xae,0x2e,0x61,0x64,0x64,0x72,0x65,0x73,0x73,0x5f,0x73,0x70,0x61,0x63,0x65,
0xa6,0x67,0x6c,0x6f,0x62,0x61,0x6c,0xa7,0x2e,0x6f,0x66,0x66,0x73,0x65,0x74,0x08,
0xa5,0x2e,0x73,0x69,0x7a,0x65,0x08,0xab,0x2e,0x76,0x61,0x6c,0x75,0x65,0x5f,0x6b,
0x69,0x6e,0x64,0xad,0x67,0x6c,0x6f,0x62,0x61,0x6c,0x5f,0x62,0x75,0x66,0x66,0x65,
0x72,0x83,0xa7,0x2e,0x6f,0x66,0x66,0x73,0x65,0x74,0x10,0xa5,0x2e,0x73,0x69,0x7a,
0x65,0x04,0xab,0x2e,0x76,0x61,0x6c,0x75,0x65,0x5f,0x6b,0x69,0x6e,0x64,0xa8,0x62,
0x79,0x5f,0x76,0x61,0x6c,0x75,0x65,0x83,0xa7,0x2e,0x6f,0x66,0x66,0x73,0x65,0x74,
0x14,0xa5,0x2e,0x73,0x69,0x7a,0x65,0x04,0xab,0x2e,0x76,0x61,0x6c,0x75,0x65,0x5f,
0x6b,0x69,0x6e,0x64,0xa8,0x62,0x79,0x5f,0x76,0x61,0x6c,0x75,0x65,0x83,0xa7,0x2e,
0x6f,0x66,0x66,0x73,0x65,0x74,0x18,0xa5,0x2e,0x73,0x69,0x7a,0x65,0x04,0xab,0x2e,
0x76,0x61,0x6c,0x75,0x65,0x5f,0x6b,0x69,0x6e,0x64,0xa8,0x62,0x79,0x5f,0x76,0x61,
0x6c,0x75,0x65,0x83,0xa7,0x2e,0x6f,0x66,0x66,0x73,0x65,0x74,0x1c,0xa5,0x2e,0x73,
0x69,0x7a,0x65,0x04,0xab,0x2e,0x76,0x61,0x6c,0x75,0x65,0x5f,0x6b,0x69,0x6e,0x64,
0xa8,0x62,0x79,0x5f,0x76,0x61,0x6c,0x75,0x65,0x83,0xa7,0x2e,0x6f,0x66,0x66,0x73,
0x65,0x74,0x20,0xa5,0x2e,0x73,0x69,0x7a,0x65,0x04,0xab,0x2e,0x76,0x61,0x6c,0x75,
0x65,0x5f,0x6b,0x69,0x6e,0x64,0xa8,0x62,0x79,0x5f,0x76,0x61,0x6c,0x75,0x65,0x83,
0xa7,0x2e,0x6f,0x66,0x66,0x73,0x65,0x74,0x28,0xa5,0x2e,0x73,0x69,0x7a,0x65,0x04,
0xab,0x2e,0x76,0x61,0x6c,0x75,0x65,0x5f,0x6b,0x69,0x6e,0x64,0xb4,0x68,0x69,0x64,
0x64,0x65,0x6e,0x5f,0x62,0x6c,0x6f,0x63,0x6b,0x5f,0x63,0x6f,0x75,0x6e,0x74,0x5f,
0x78,0x83,0xa7,0x2e,0x6f,0x66,0x66,0x73,0x65,0x74,0x2c,0xa5,0x2e,0x73,0x69,0x7a,
0x65,0x04,0xab,0x2e,0x76,0x61,0x6c,0x75,0x65,0x5f,0x6b,0x69,0x6e,0x64,0xb4,0x68,
0x69,0x64,0x64,0x65,0x6e,0x5f,0x62,0x6c,0x6f,0x63,0x6b,0x5f,0x63,0x6f,0x75,0x6e,
0x74,0x5f,0x79,0x83,0xa7,0x2e,0x6f,0x66,0x66,0x73,0x65,0x74,0x30,0xa5,0x2e,0x73,
0x69,0x7a,0x65,0x04,0xab,0x2e,0x76,0x61,0x6c,0x75,0x65,0x5f,0x6b,0x69,0x6e,0x64,
0xb4,0x68,0x69,0x64,0x64,0x65,0x6e,0x5f,0x62,0x6c,0x6f,0x63,0x6b,0x5f,0x63,0x6f,
0x75,0x6e,0x74,0x5f,0x7a,0x83,0xa7,0x2e,0x6f,0x66,0x66,0x73,0x65,0x74,0x34,0xa5,
0x2e,0x73,0x69,0x7a,0x65,0x02,0xab,0x2e,0x76,0x61,0x6c,0x75,0x65,0x5f,0x6b,0x69,
0x6e,0x64,0xb3,0x68,0x69,0x64,0x64,0x65,0x6e,0x5f,0x67,0x72,0x6f,0x75,0x70,0x5f,
0x73,0x69,0x7a,0x65,0x5f,0x78,0x83,0xa7,0x2e,0x6f,0x66,0x66,0x73,0x65,0x74,0x36,
0xa5,0x2e,0x73,0x69,0x7a,0x65,0x02,0xab,0x2e,0x76,0x61,0x6c,0x75,0x65,0x5f,0x6b,
0x69,0x6e,0x64,0xb3,0x68,0x69,0x64,0x64,0x65,0x6e,0x5f,0x67,0x72,0x6f,0x75,0x70,
0x5f,0x73,0x69,0x7a,0x65,0x5f,0x79,0x83,0xa7,0x2e,0x6f,0x66,0x66,0x73,0x65,0x74,
0x38,0xa5,0x2e,0x73,0x69,0x7a,0x65,0x02,0xab,0x2e,0x76,0x61,0x6c,0x75,0x65,0x5f,
0x6b,0x69,0x6e,0x64,0xb3,0x68,0x69,0x64,0x64,0x65,0x6e,0x5f,0x67,0x72,0x6f,0x75,
0x70,0x5f,0x73,0x69,0x7a,0x65,0x5f,0x7a,0x83,0xa7,0x2e,0x6f,0x66,0x66,0x73,0x65,
0x74,0x3a,0xa5,0x2e,0x73,0x69,0x7a,0x65,0x02,0xab,0x2e,0x76,0x61,0x6c,0x75,0x65,
0x5f,0x6b,0x69,0x6e,0x64,0xb2,0x68,0x69,0x64,0x64,0x65,0x6e,0x5f,0x72,0x65,0x6d,
0x61,0x69,0x6e,0x64,0x65,0x72,0x5f,0x78,0x83,0xa7,0x2e,0x6f,0x66,0x66,0x73,0x65,
0x74,0x3c,0xa5,0x2e,0x73,0x69,0x7a,0x65,0x02,0xab,0x2e,0x76,0x61,0x6c,0x75,0x65,
0x5f,0x6b,0x69,0x6e,0x64,0xb2,0x68,0x69,0x64,0x64,0x65,0x6e,0x5f,0x72,0x65,0x6d,
0x61,0x69,0x6e,0x64,0x65,0x72,0x5f,0x79,0x83,0xa7,0x2e,0x6f,0x66,0x66,0x73,0x65,
0x74,0x3e,0xa5,0x2e,0x73,0x69,0x7a,0x65,0x02,0xab,0x2e,0x76,0x61,0x6c,0x75,0x65,
0x5f,0x6b,0x69,0x6e,0x64,0xb2,0x68,0x69,0x64,0x64,0x65,0x6e,0x5f,0x72,0x65,0x6d,
0x61,0x69,0x6e,0x64,0x65,0x72,0x5f,0x7a,0x83,0xa7,0x2e,0x6f,0x66,0x66,0x73,0x65,
0x74,0x50,0xa5,0x2e,0x73,0x69,0x7a,0x65,0x08,0xab,0x2e,0x76,0x61,0x6c,0x75,0x65,
0x5f,0x6b,0x69,0x6e,0x64,0xb6,0x68,0x69,0x64,0x64,0x65,0x6e,0x5f,0x67,0x6c,0x6f,
0x62,0x61,0x6c,0x5f,0x6f,0x66,0x66,0x73,0x65,0x74,0x5f,0x78,0x83,0xa7,0x2e,0x6f,
0x66,0x66,0x73,0x65,0x74,0x58,0xa5,0x2e,0x73,0x69,0x7a,0x65,0x08,0xab,0x2e,0x76,
0x61,0x6c,0x75,0x65,0x5f,0x6b,0x69,0x6e,0x64,0xb6,0x68,0x69,0x64,0x64,0x65,0x6e,
0x5f,0x67,0x6c,0x6f,0x62,0x61,0x6c,0x5f,0x6f,0x66,0x66,0x73,0x65,0x74,0x5f,0x79,
0x83,0xa7,0x2e,0x6f,0x66,0x66,0x73,0x65,0x74,0x60,0xa5,0x2e,0x73,0x69,0x7a,0x65,
0x08,0xab,0x2e,0x76,0x61,0x6c,0x75,0x65,0x5f,0x6b,0x69,0x6e,0x64,0xb6,0x68,0x69,
0x64,0x64,0x65,0x6e,0x5f,0x67,0x6c,0x6f,0x62,0x61,0x6c,0x5f,0x6f,0x66,0x66,0x73,
0x65,0x74,0x5f,0x7a,0x83,0xa7,0x2e,0x6f,0x66,0x66,0x73,0x65,0x74,0x68,0xa5,0x2e,
0x73,0x69,0x7a,0x65,0x02,0xab,0x2e,0x76,0x61,0x6c,0x75,0x65,0x5f,0x6b,0x69,0x6e,
0x64,0xb0,0x68,0x69,0x64,0x64,0x65,0x6e,0x5f,0x67,0x72,0x69,0x64,0x5f,0x64,0x69,
0x6d,0x73,0xb9,0x2e,0x67,0x72,0x6f,0x75,0x70,0x5f,0x73,0x65,0x67,0x6d,0x65,0x6e,
0x74,0x5f,0x66,0x69,0x78,0x65,0x64,0x5f,0x73,0x69,0x7a,0x65,0x00,0xb6,0x2e,0x6b,
0x65,0x72,0x6e,0x61,0x72,0x67,0x5f,0x73,0x65,0x67,0x6d,0x65,0x6e,0x74,0x5f,0x61,
0x6c,0x69,0x67,0x6e,0x08,0xb5,0x2e,0x6b,0x65,0x72,0x6e,0x61,0x72,0x67,0x5f,0x73,
0x65,0x67,0x6d,0x65,0x6e,0x74,0x5f,0x73,0x69,0x7a,0x65,0xcd,0x01,0x28,0xa9,0x2e,
0x6c,0x61,0x6e,0x67,0x75,0x61,0x67,0x65,0xa8,0x4f,0x70,0x65,0x6e,0x43,0x4c,0x20,
0x43,0xb1,0x2e,0x6c,0x61,0x6e,0x67,0x75,0x61,0x67,0x65,0x5f,0x76,0x65,0x72,0x73,
0x69,0x6f,0x6e,0x92,0x02,0x00,0xb8,0x2e,0x6d,0x61,0x78,0x5f,0x66,0x6c,0x61,0x74,
0x5f,0x77,0x6f,0x72,0x6b,0x67,0x72,0x6f,0x75,0x70,0x5f,0x73,0x69,0x7a,0x65,0xcd,
0x04,0x00,0xa5,0x2e,0x6e,0x61,0x6d,0x65,0xd9,0x2c,0x5f,0x5a,0x32,0x38,0x6e,0x6f,
0x72,0x6d,0x5f,0x6e,0x63,0x68,0x77,0x5f,0x73,0x70,0x6c,0x69,0x74,0x5f,0x6b,0x65,
0x72,0x6e,0x65,0x6c,0x5f,0x70,0x61,0x72,0x74,0x32,0x50,0x50,0x4b,0x66,0x50,0x50,
0x66,0x6a,0x6a,0x6a,0x6a,0x66,0xbb,0x2e,0x70,0x72,0x69,0x76,0x61,0x74,0x65,0x5f,
0x73,0x65,0x67,0x6d,0x65,0x6e,0x74,0x5f,0x66,0x69,0x78,0x65,0x64,0x5f,0x73,0x69,
0x7a,0x65,0x00,0xab,0x2e,0x73,0x67,0x70,0x72,0x5f,0x63,0x6f,0x75,0x6e,0x74,0x12,
0xb1,0x2e,0x73,0x67,0x70,0x72,0x5f,0x73,0x70,0x69,0x6c,0x6c,0x5f,0x63,0x6f,0x75,
0x6e,0x74,0x00,0xa7,0x2e,0x73,0x79,0x6d,0x62,0x6f,0x6c,0xd9,0x2f,0x5f,0x5a,0x32,
0x38,0x6e,0x6f,0x72,0x6d,0x5f,0x6e,0x63,0x68,0x77,0x5f,0x73,0x70,0x6c,0x69,0x74,
0x5f,0x6b,0x65,0x72,0x6e,0x65,0x6c,0x5f,0x70,0x61,0x72,0x74,0x32,0x50,0x50,0x4b,
0x66,0x50,0x50,0x66,0x6a,0x6a,0x6a,0x6a,0x66,0x2e,0x6b,0x64,0xb8,0x2e,0x75,0x6e,
0x69,0x66,0x6f,0x72,0x6d,0x5f,0x77,0x6f,0x72,0x6b,0x5f,0x67,0x72,0x6f,0x75,0x70,
0x5f,0x73,0x69,0x7a,0x65,0x01,0xb3,0x2e,0x75,0x73,0x65,0x73,0x5f,0x64,0x79,0x6e,
0x61,0x6d,0x69,0x63,0x5f,0x73,0x74,0x61,0x63,0x6b,0xc2,0xab,0x2e,0x76,0x67,0x70,
0x72,0x5f,0x63,0x6f,0x75,0x6e,0x74,0x0e,0xb1,0x2e,0x76,0x67,0x70,0x72,0x5f,0x73,
0x70,0x69,0x6c,0x6c,0x5f,0x63,0x6f,0x75,0x6e,0x74,0x00,0xaf,0x2e,0x77,0x61,0x76,
0x65,0x66,0x72,0x6f,0x6e,0x74,0x5f,0x73,0x69,0x7a,0x65,0x20,0xb9,0x2e,0x77,0x6f,
0x72,0x6b,0x67,0x72,0x6f,0x75,0x70,0x5f,0x70,0x72,0x6f,0x63,0x65,0x73,0x73,0x6f,
0x72,0x5f,0x6d,0x6f,0x64,0x65,0x00,0xad,0x61,0x6d,0x64,0x68,0x73,0x61,0x2e,0x74,
0x61,0x72,0x67,0x65,0x74,0xba,0x61,0x6d,0x64,0x67,0x63,0x6e,0x2d,0x61,0x6d,0x64,
0x2d,0x61,0x6d,0x64,0x68,0x73,0x61,0x2d,0x2d,0x67,0x66,0x78,0x31,0x32,0x30,0x30,
0xae,0x61,0x6d,0x64,0x68,0x73,0x61,0x2e,0x76,0x65,0x72,0x73,0x69,0x6f,0x6e,0x92,
0x01,0x02,0x00,0x00,0x01,0x00,0x00,0x00,0x08,0x00,0x00,0x00,0x01,0x00,0x00,0x00,
0x0a,0x00,0x00,0x00,0x01,0x00,0x00,0x00,0x0c,0x00,0x00,0x00,0x01,0x00,0x00,0x00,
0x0e,0x00,0x00,0x00,0x01,0x00,0x00,0x00,0x10,0x00,0x00,0x00,0x01,0x00,0x00,0x00,
0x12,0x00,0x00,0x00,0x01,0x00,0x00,0x00,0x14,0x00,0x00,0x00,0x01,0x00,0x00,0x00,
0x16,0x00,0x00,0x00,0x01,0x00,0x00,0x00,0x18,0x00,0x00,0x00,0x01,0x00,0x00,0x00,
0x1a,0x00,0x00,0x00,0x00,0x00,0x00,0x00,0x00,0x00,0x00,0x00,0x00,0x00,0x00,0x00,
0x00,0x00,0x00,0x00,0x00,0x00,0x00,0x00,0x00,0x00,0x00,0x00,0x00,0x00,0x00,0x00,
0x3e,0x00,0x00,0x00,0x00,0x00,0xf1,0xff,0x0e,0x00,0x00,0x00,0x00,0x00,0x00,0x00,
0x00,0x00,0x00,0x00,0x00,0x00,0x00,0x00,0xd7,0x00,0x00,0x00,0x00,0x00,0xf1,0xff,
0x00,0x00,0x00,0x00,0x00,0x00,0x00,0x00,0x00,0x00,0x00,0x00,0x00,0x00,0x00,0x00,
0x88,0x00,0x00,0x00,0x00,0x00,0xf1,0xff,0x10,0x00,0x00,0x00,0x00,0x00,0x00,0x00,
0x00,0x00,0x00,0x00,0x00,0x00,0x00,0x00,0x9e,0x02,0x00,0x00,0x00,0x00,0xf1,0xff,
0x00,0x00,0x00,0x00,0x00,0x00,0x00,0x00,0x00,0x00,0x00,0x00,0x00,0x00,0x00,0x00,
0x21,0x03,0x00,0x00,0x00,0x00,0xf1,0xff,0x01,0x00,0x00,0x00,0x00,0x00,0x00,0x00,
0x00,0x00,0x00,0x00,0x00,0x00,0x00,0x00,0x24,0x02,0x00,0x00,0x00,0x00,0xf1,0xff,
0x00,0x00,0x00,0x00,0x00,0x00,0x00,0x00,0x00,0x00,0x00,0x00,0x00,0x00,0x00,0x00,
0xb1,0x01,0x00,0x00,0x00,0x00,0xf1,0xff,0x00,0x00,0x00,0x00,0x00,0x00,0x00,0x00,
0x00,0x00,0x00,0x00,0x00,0x00,0x00,0x00,0x37,0x01,0x00,0x00,0x00,0x00,0xf1,0xff,
0x00,0x00,0x00,0x00,0x00,0x00,0x00,0x00,0x00,0x00,0x00,0x00,0x00,0x00,0x00,0x00,
0x72,0x01,0x00,0x00,0x00,0x00,0xf1,0xff,0x00,0x00,0x00,0x00,0x00,0x00,0x00,0x00,
0x00,0x00,0x00,0x00,0x00,0x00,0x00,0x00,0x2a,0x00,0x00,0x00,0x00,0x00,0xf1,0xff,
0x00,0x00,0x00,0x00,0x00,0x00,0x00,0x00,0x00,0x00,0x00,0x00,0x00,0x00,0x00,0x00,
0xc3,0x00,0x00,0x00,0x00,0x00,0xf1,0xff,0x00,0x00,0x00,0x00,0x00,0x00,0x00,0x00,
0x00,0x00,0x00,0x00,0x00,0x00,0x00,0x00,0x74,0x00,0x00,0x00,0x00,0x00,0xf1,0xff,
0x00,0x00,0x00,0x00,0x00,0x00,0x00,0x00,0x00,0x00,0x00,0x00,0x00,0x00,0x00,0x00,
0x71,0x02,0x00,0x00,0x12,0x03,0x02,0x00,0x00,0x00,0x00,0x00,0x00,0x00,0x00,0x00,
0x7c,0x08,0x00,0x00,0x00,0x00,0x00,0x00,0xe2,0x02,0x00,0x00,0x11,0x03,0x03,0x00,
0x00,0x00,0x00,0x00,0x00,0x00,0x00,0x00,0x40,0x00,0x00,0x00,0x00,0x00,0x00,0x00,
0x30,0x01,0x00,0x00,0x21,0x02,0x08,0x00,0x00,0x00,0x00,0x00,0x00,0x00,0x00,0x00,
0x50,0x00,0x00,0x00,0x00,0x00,0x00,0x00,0x5a,0x04,0x00,0x00,0x21,0x02,0x0a,0x00,
0x00,0x00,0x00,0x00,0x00,0x00,0x00,0x00,0x50,0x00,0x00,0x00,0x00,0x00,0x00,0x00,
0x1d,0x02,0x00,0x00,0x21,0x02,0x0c,0x00,0x00,0x00,0x00,0x00,0x00,0x00,0x00,0x00,
0x50,0x00,0x00,0x00,0x00,0x00,0x00,0x00,0x8d,0x04,0x00,0x00,0x21,0x02,0x0e,0x00,
0x00,0x00,0x00,0x00,0x00,0x00,0x00,0x00,0x50,0x00,0x00,0x00,0x00,0x00,0x00,0x00,
0x1a,0x03,0x00,0x00,0x21,0x02,0x10,0x00,0x00,0x00,0x00,0x00,0x00,0x00,0x00,0x00,
0xa0,0x00,0x00,0x00,0x00,0x00,0x00,0x00,0x0a,0x02,0x00,0x00,0x21,0x02,0x12,0x00,
0x00,0x00,0x00,0x00,0x00,0x00,0x00,0x00,0x50,0x00,0x00,0x00,0x00,0x00,0x00,0x00,
0x1c,0x01,0x00,0x00,0x21,0x02,0x14,0x00,0x00,0x00,0x00,0x00,0x00,0x00,0x00,0x00,
0x50,0x00,0x00,0x00,0x00,0x00,0x00,0x00,0x26,0x04,0x00,0x00,0x21,0x02,0x16,0x00,
0x00,0x00,0x00,0x00,0x00,0x00,0x00,0x00,0xa0,0x00,0x00,0x00,0x00,0x00,0x00,0x00,
0xd9,0x03,0x00,0x00,0x21,0x02,0x18,0x00,0x00,0x00,0x00,0x00,0x00,0x00,0x00,0x00,
0x50,0x00,0x00,0x00,0x00,0x00,0x00,0x00,0x8b,0x03,0x00,0x00,0x21,0x02,0x1a,0x00,
0x00,0x00,0x00,0x00,0x00,0x00,0x00,0x00,0x50,0x00,0x00,0x00,0x00,0x00,0x00,0x00,
0xb8,0x04,0x00,0x00,0x11,0x00,0x1b,0x00,0x00,0x00,0x00,0x00,0x00,0x00,0x00,0x00,
0x01,0x00,0x00,0x00,0x00,0x00,0x00,0x00,0x10,0x00,0x00,0x00,0x00,0x00,0x00,0x00,
0x05,0x00,0x00,0x00,0x0d,0x00,0x00,0x00,0x10,0x00,0x00,0x00,0x00,0x00,0x00,0x00,
0x19,0x00,0x2e,0x74,0x65,0x78,0x74,0x00,0x2e,0x63,0x6f,0x6d,0x6d,0x65,0x6e,0x74,
0x00,0x2e,0x62,0x73,0x73,0x00,0x2e,0x41,0x4d,0x44,0x47,0x50,0x55,0x2e,0x67,0x70,
0x72,0x5f,0x6d,0x61,0x78,0x69,0x6d,0x75,0x6d,0x73,0x00,0x61,0x6d,0x64,0x67,0x70,
0x75,0x2e,0x6d,0x61,0x78,0x5f,0x6e,0x75,0x6d,0x5f,0x76,0x67,0x70,0x72,0x00,0x5f,
0x5a,0x32,0x38,0x6e,0x6f,0x72,0x6d,0x5f,0x6e,0x63,0x68,0x77,0x5f,0x73,0x70,0x6c,
0x69,0x74,0x5f,0x6b,0x65,0x72,0x6e,0x65,0x6c,0x5f,0x70,0x61,0x72,0x74,0x32,0x50,
0x50,0x4b,0x66,0x50,0x50,0x66,0x6a,0x6a,0x6a,0x6a,0x66,0x2e,0x6e,0x75,0x6d,0x5f,
0x76,0x67,0x70,0x72,0x00,0x61,0x6d,0x64,0x67,0x70,0x75,0x2e,0x6d,0x61,0x78,0x5f,
0x6e,0x75,0x6d,0x5f,0x73,0x67,0x70,0x72,0x00,0x5f,0x5a,0x32,0x38,0x6e,0x6f,0x72,
0x6d,0x5f,0x6e,0x63,0x68,0x77,0x5f,0x73,0x70,0x6c,0x69,0x74,0x5f,0x6b,0x65,0x72,
0x6e,0x65,0x6c,0x5f,0x70,0x61,0x72,0x74,0x32,0x50,0x50,0x4b,0x66,0x50,0x50,0x66,
0x6a,0x6a,0x6a,0x6a,0x66,0x2e,0x6e,0x75,0x6d,0x62,0x65,0x72,0x65,0x64,0x5f,0x73,
0x67,0x70,0x72,0x00,0x61,0x6d,0x64,0x67,0x70,0x75,0x2e,0x6d,0x61,0x78,0x5f,0x6e,
0x75,0x6d,0x5f,0x61,0x67,0x70,0x72,0x00,0x5f,0x5a,0x32,0x38,0x6e,0x6f,0x72,0x6d,
0x5f,0x6e,0x63,0x68,0x77,0x5f,0x73,0x70,0x6c,0x69,0x74,0x5f,0x6b,0x65,0x72,0x6e,
0x65,0x6c,0x5f,0x70,0x61,0x72,0x74,0x32,0x50,0x50,0x4b,0x66,0x50,0x50,0x66,0x6a,
0x6a,0x6a,0x6a,0x66,0x2e,0x6e,0x75,0x6d,0x5f,0x61,0x67,0x70,0x72,0x00,0x2e,0x67,
0x72,0x6f,0x75,0x70,0x00,0x2e,0x72,0x6f,0x64,0x61,0x74,0x61,0x2e,0x5f,0x5a,0x54,
0x43,0x53,0x64,0x31,0x36,0x5f,0x53,0x6f,0x00,0x2e,0x72,0x6f,0x64,0x61,0x74,0x61,
0x2e,0x5f,0x5a,0x54,0x56,0x53,0x6f,0x00,0x5f,0x5a,0x32,0x38,0x6e,0x6f,0x72,0x6d,
0x5f,0x6e,0x63,0x68,0x77,0x5f,0x73,0x70,0x6c,0x69,0x74,0x5f,0x6b,0x65,0x72,0x6e,
0x65,0x6c,0x5f,0x70,0x61,0x72,0x74,0x32,0x50,0x50,0x4b,0x66,0x50,0x50,0x66,0x6a,
0x6a,0x6a,0x6a,0x66,0x2e,0x68,0x61,0x73,0x5f,0x72,0x65,0x63,0x75,0x72,0x73,0x69,
0x6f,0x6e,0x00,0x5f,0x5a,0x32,0x38,0x6e,0x6f,0x72,0x6d,0x5f,0x6e,0x63,0x68,0x77,
0x5f,0x73,0x70,0x6c,0x69,0x74,0x5f,0x6b,0x65,0x72,0x6e,0x65,0x6c,0x5f,0x70,0x61,
0x72,0x74,0x32,0x50,0x50,0x4b,0x66,0x50,0x50,0x66,0x6a,0x6a,0x6a,0x6a,0x66,0x2e,
0x68,0x61,0x73,0x5f,0x69,0x6e,0x64,0x69,0x72,0x65,0x63,0x74,0x5f,0x63,0x61,0x6c,
0x6c,0x00,0x5f,0x5a,0x32,0x38,0x6e,0x6f,0x72,0x6d,0x5f,0x6e,0x63,0x68,0x77,0x5f,
0x73,0x70,0x6c,0x69,0x74,0x5f,0x6b,0x65,0x72,0x6e,0x65,0x6c,0x5f,0x70,0x61,0x72,
0x74,0x32,0x50,0x50,0x4b,0x66,0x50,0x50,0x66,0x6a,0x6a,0x6a,0x6a,0x66,0x2e,0x68,
0x61,0x73,0x5f,0x64,0x79,0x6e,0x5f,0x73,0x69,0x7a,0x65,0x64,0x5f,0x73,0x74,0x61,
0x63,0x6b,0x00,0x2e,0x6e,0x6f,0x74,0x65,0x2e,0x47,0x4e,0x55,0x2d,0x73,0x74,0x61,
0x63,0x6b,0x00,0x2e,0x72,0x6f,0x64,0x61,0x74,0x61,0x2e,0x5f,0x5a,0x54,0x43,0x53,
0x64,0x30,0x5f,0x53,0x69,0x00,0x2e,0x72,0x6f,0x64,0x61,0x74,0x61,0x2e,0x5f,0x5a,
0x54,0x56,0x53,0x69,0x00,0x5f,0x5a,0x32,0x38,0x6e,0x6f,0x72,0x6d,0x5f,0x6e,0x63,
0x68,0x77,0x5f,0x73,0x70,0x6c,0x69,0x74,0x5f,0x6b,0x65,0x72,0x6e,0x65,0x6c,0x5f,
0x70,0x61,0x72,0x74,0x32,0x50,0x50,0x4b,0x66,0x50,0x50,0x66,0x6a,0x6a,0x6a,0x6a,
0x66,0x2e,0x75,0x73,0x65,0x73,0x5f,0x66,0x6c,0x61,0x74,0x5f,0x73,0x63,0x72,0x61,
0x74,0x63,0x68,0x00,0x2e,0x6c,0x6c,0x76,0x6d,0x5f,0x61,0x64,0x64,0x72,0x73,0x69,
0x67,0x00,0x5f,0x5a,0x32,0x38,0x6e,0x6f,0x72,0x6d,0x5f,0x6e,0x63,0x68,0x77,0x5f,
0x73,0x70,0x6c,0x69,0x74,0x5f,0x6b,0x65,0x72,0x6e,0x65,0x6c,0x5f,0x70,0x61,0x72,
0x74,0x32,0x50,0x50,0x4b,0x66,0x50,0x50,0x66,0x6a,0x6a,0x6a,0x6a,0x66,0x00,0x5f,
0x5a,0x32,0x38,0x6e,0x6f,0x72,0x6d,0x5f,0x6e,0x63,0x68,0x77,0x5f,0x73,0x70,0x6c,
0x69,0x74,0x5f,0x6b,0x65,0x72,0x6e,0x65,0x6c,0x5f,0x70,0x61,0x72,0x74,0x32,0x50,
0x50,0x4b,0x66,0x50,0x50,0x66,0x6a,0x6a,0x6a,0x6a,0x66,0x2e,0x70,0x72,0x69,0x76,
0x61,0x74,0x65,0x5f,0x73,0x65,0x67,0x5f,0x73,0x69,0x7a,0x65,0x00,0x2e,0x6e,0x6f,
0x74,0x65,0x00,0x5f,0x5a,0x32,0x38,0x6e,0x6f,0x72,0x6d,0x5f,0x6e,0x63,0x68,0x77,
0x5f,0x73,0x70,0x6c,0x69,0x74,0x5f,0x6b,0x65,0x72,0x6e,0x65,0x6c,0x5f,0x70,0x61,
0x72,0x74,0x32,0x50,0x50,0x4b,0x66,0x50,0x50,0x66,0x6a,0x6a,0x6a,0x6a,0x66,0x2e,
0x6b,0x64,0x00,0x2e,0x72,0x6f,0x64,0x61,0x74,0x61,0x2e,0x5f,0x5a,0x54,0x56,0x53,
0x64,0x00,0x5f,0x5a,0x32,0x38,0x6e,0x6f,0x72,0x6d,0x5f,0x6e,0x63,0x68,0x77,0x5f,
0x73,0x70,0x6c,0x69,0x74,0x5f,0x6b,0x65,0x72,0x6e,0x65,0x6c,0x5f,0x70,0x61,0x72,
0x74,0x32,0x50,0x50,0x4b,0x66,0x50,0x50,0x66,0x6a,0x6a,0x6a,0x6a,0x66,0x2e,0x75,
0x73,0x65,0x73,0x5f,0x76,0x63,0x63,0x00,0x2e,0x73,0x74,0x72,0x74,0x61,0x62,0x00,
0x2e,0x73,0x79,0x6d,0x74,0x61,0x62,0x00,0x2e,0x41,0x4d,0x44,0x47,0x50,0x55,0x2e,
0x63,0x73,0x64,0x61,0x74,0x61,0x00,0x2e,0x72,0x65,0x6c,0x61,0x2e,0x72,0x6f,0x64,
0x61,0x74,0x61,0x00,0x2e,0x72,0x6f,0x64,0x61,0x74,0x61,0x2e,0x5f,0x5a,0x54,0x43,
0x53,0x74,0x31,0x34,0x62,0x61,0x73,0x69,0x63,0x5f,0x69,0x6f,0x73,0x74,0x72,0x65,
0x61,0x6d,0x49,0x77,0x53,0x74,0x31,0x31,0x63,0x68,0x61,0x72,0x5f,0x74,0x72,0x61,
0x69,0x74,0x73,0x49,0x77,0x45,0x45,0x31,0x36,0x5f,0x53,0x74,0x31,0x33,0x62,0x61,
0x73,0x69,0x63,0x5f,0x6f,0x73,0x74,0x72,0x65,0x61,0x6d,0x49,0x77,0x53,0x31,0x5f,
0x45,0x00,0x2e,0x72,0x6f,0x64,0x61,0x74,0x61,0x2e,0x5f,0x5a,0x54,0x43,0x53,0x74,
0x31,0x34,0x62,0x61,0x73,0x69,0x63,0x5f,0x69,0x6f,0x73,0x74,0x72,0x65,0x61,0x6d,
0x49,0x77,0x53,0x74,0x31,0x31,0x63,0x68,0x61,0x72,0x5f,0x74,0x72,0x61,0x69,0x74,
0x73,0x49,0x77,0x45,0x45,0x30,0x5f,0x53,0x74,0x31,0x33,0x62,0x61,0x73,0x69,0x63,
0x5f,0x69,0x73,0x74,0x72,0x65,0x61,0x6d,0x49,0x77,0x53,0x31,0x5f,0x45,0x00,0x2e,
0x72,0x6f,0x64,0x61,0x74,0x61,0x2e,0x5f,0x5a,0x54,0x56,0x53,0x74,0x31,0x34,0x62,
0x61,0x73,0x69,0x63,0x5f,0x69,0x6f,0x73,0x74,0x72,0x65,0x61,0x6d,0x49,0x77,0x53,
0x74,0x31,0x31,0x63,0x68,0x61,0x72,0x5f,0x74,0x72,0x61,0x69,0x74,0x73,0x49,0x77,
0x45,0x45,0x00,0x2e,0x72,0x6f,0x64,0x61,0x74,0x61,0x2e,0x5f,0x5a,0x54,0x56,0x53,
0x74,0x31,0x33,0x62,0x61,0x73,0x69,0x63,0x5f,0x6f,0x73,0x74,0x72,0x65,0x61,0x6d,
0x49,0x77,0x53,0x74,0x31,0x31,0x63,0x68,0x61,0x72,0x5f,0x74,0x72,0x61,0x69,0x74,
0x73,0x49,0x77,0x45,0x45,0x00,0x2e,0x72,0x6f,0x64,0x61,0x74,0x61,0x2e,0x5f,0x5a,
0x54,0x56,0x53,0x74,0x31,0x33,0x62,0x61,0x73,0x69,0x63,0x5f,0x69,0x73,0x74,0x72,
0x65,0x61,0x6d,0x49,0x77,0x53,0x74,0x31,0x31,0x63,0x68,0x61,0x72,0x5f,0x74,0x72,
0x61,0x69,0x74,0x73,0x49,0x77,0x45,0x45,0x00,0x5f,0x5f,0x68,0x69,0x70,0x5f,0x63,
0x75,0x69,0x64,0x5f,0x39,0x66,0x32,0x61,0x33,0x65,0x31,0x39,0x30,0x65,0x63,0x38,
0x32,0x37,0x30,0x39,0x00,0x00,0x00,0x00,0x00,0x00,0x00,0x00,0x00,0x00,0x00,0x00,
0x00,0x00,0x00,0x00,0x00,0x00,0x00,0x00,0x00,0x00,0x00,0x00,0x00,0x00,0x00,0x00,
0x00,0x00,0x00,0x00,0x00,0x00,0x00,0x00,0x00,0x00,0x00,0x00,0x00,0x00,0x00,0x00,
0x00,0x00,0x00,0x00,0x00,0x00,0x00,0x00,0x00,0x00,0x00,0x00,0x00,0x00,0x00,0x00,
0x00,0x00,0x00,0x00,0x00,0x00,0x00,0x00,0x57,0x03,0x00,0x00,0x03,0x00,0x00,0x00,
0x00,0x00,0x00,0x00,0x00,0x00,0x00,0x00,0x00,0x00,0x00,0x00,0x00,0x00,0x00,0x00,
0x11,0x18,0x00,0x00,0x00,0x00,0x00,0x00,0xd4,0x04,0x00,0x00,0x00,0x00,0x00,0x00,
0x00,0x00,0x00,0x00,0x00,0x00,0x00,0x00,0x01,0x00,0x00,0x00,0x00,0x00,0x00,0x00,
0x00,0x00,0x00,0x00,0x00,0x00,0x00,0x00,0x01,0x00,0x00,0x00,0x01,0x00,0x00,0x00,
0x06,0x00,0x00,0x00,0x00,0x00,0x00,0x00,0x00,0x00,0x00,0x00,0x00,0x00,0x00,0x00,
0x00,0x01,0x00,0x00,0x00,0x00,0x00,0x00,0x00,0x0a,0x00,0x00,0x00,0x00,0x00,0x00,
0x00,0x00,0x00,0x00,0x00,0x00,0x00,0x00,0x00,0x01,0x00,0x00,0x00,0x00,0x00,0x00,
0x00,0x00,0x00,0x00,0x00,0x00,0x00,0x00,0x7b,0x03,0x00,0x00,0x01,0x00,0x00,0x00,
0x02,0x00,0x00,0x00,0x00,0x00,0x00,0x00,0x00,0x00,0x00,0x00,0x00,0x00,0x00,0x00,
0x00,0x0b,0x00,0x00,0x00,0x00,0x00,0x00,0x40,0x00,0x00,0x00,0x00,0x00,0x00,0x00,
0x00,0x00,0x00,0x00,0x00,0x00,0x00,0x00,0x40,0x00,0x00,0x00,0x00,0x00,0x00,0x00,
0x00,0x00,0x00,0x00,0x00,0x00,0x00,0x00,0x76,0x03,0x00,0x00,0x04,0x00,0x00,0x00,
0x40,0x00,0x00,0x00,0x00,0x00,0x00,0x00,0x00,0x00,0x00,0x00,0x00,0x00,0x00,0x00,
0xf8,0x17,0x00,0x00,0x00,0x00,0x00,0x00,0x18,0x00,0x00,0x00,0x00,0x00,0x00,0x00,
0x20,0x00,0x00,0x00,0x03,0x00,0x00,0x00,0x08,0x00,0x00,0x00,0x00,0x00,0x00,0x00,
0x18,0x00,0x00,0x00,0x00,0x00,0x00,0x00,0x67,0x03,0x00,0x00,0x01,0x00,0x00,0x00,
0x00,0x00,0x00,0x00,0x00,0x00,0x00,0x00,0x00,0x00,0x00,0x00,0x00,0x00,0x00,0x00,
0x40,0x0b,0x00,0x00,0x00,0x00,0x00,0x00,0x00,0x00,0x00,0x00,0x00,0x00,0x00,0x00,
0x00,0x00,0x00,0x00,0x00,0x00,0x00,0x00,0x01,0x00,0x00,0x00,0x00,0x00,0x00,0x00,
0x00,0x00,0x00,0x00,0x00,0x00,0x00,0x00,0x15,0x00,0x00,0x00,0x01,0x00,0x00,0x00,
0x00,0x00,0x00,0x00,0x00,0x00,0x00,0x00,0x00,0x00,0x00,0x00,0x00,0x00,0x00,0x00,
0x40,0x0b,0x00,0x00,0x00,0x00,0x00,0x00,0x00,0x00,0x00,0x00,0x00,0x00,0x00,0x00,
0x00,0x00,0x00,0x00,0x00,0x00,0x00,0x00,0x01,0x00,0x00,0x00,0x00,0x00,0x00,0x00,
0x00,0x00,0x00,0x00,0x00,0x00,0x00,0x00,0x0d,0x01,0x00,0x00,0x11,0x00,0x00,0x00,
0x00,0x00,0x00,0x00,0x00,0x00,0x00,0x00,0x00,0x00,0x00,0x00,0x00,0x00,0x00,0x00,
0x34,0x15,0x00,0x00,0x00,0x00,0x00,0x00,0x08,0x00,0x00,0x00,0x00,0x00,0x00,0x00,
0x20,0x00,0x00,0x00,0x0f,0x00,0x00,0x00,0x04,0x00,0x00,0x00,0x00,0x00,0x00,0x00,
0x04,0x00,0x00,0x00,0x00,0x00,0x00,0x00,0x28,0x01,0x00,0x00,0x01,0x00,0x00,0x00,
0x02,0x02,0x00,0x00,0x00,0x00,0x00,0x00,0x00,0x00,0x00,0x00,0x00,0x00,0x00,0x00,
0x40,0x0b,0x00,0x00,0x00,0x00,0x00,0x00,0x50,0x00,0x00,0x00,0x00,0x00,0x00,0x00,
0x00,0x00,0x00,0x00,0x00,0x00,0x00,0x00,0x08,0x00,0x00,0x00,0x00,0x00,0x00,0x00,
0x00,0x00,0x00,0x00,0x00,0x00,0x00,0x00,0x0d,0x01,0x00,0x00,0x11,0x00,0x00,0x00,
0x00,0x00,0x00,0x00,0x00,0x00,0x00,0x00,0x00,0x00,0x00,0x00,0x00,0x00,0x00,0x00,
0x3c,0x15,0x00,0x00,0x00,0x00,0x00,0x00,0x08,0x00,0x00,0x00,0x00,0x00,0x00,0x00,
0x20,0x00,0x00,0x00,0x10,0x00,0x00,0x00,0x04,0x00,0x00,0x00,0x00,0x00,0x00,0x00,
0x04,0x00,0x00,0x00,0x00,0x00,0x00,0x00,0x52,0x04,0x00,0x00,0x01,0x00,0x00,0x00,
0x02,0x02,0x00,0x00,0x00,0x00,0x00,0x00,0x00,0x00,0x00,0x00,0x00,0x00,0x00,0x00,
0x90,0x0b,0x00,0x00,0x00,0x00,0x00,0x00,0x50,0x00,0x00,0x00,0x00,0x00,0x00,0x00,
0x00,0x00,0x00,0x00,0x00,0x00,0x00,0x00,0x08,0x00,0x00,0x00,0x00,0x00,0x00,0x00,
0x00,0x00,0x00,0x00,0x00,0x00,0x00,0x00,0x0d,0x01,0x00,0x00,0x11,0x00,0x00,0x00,
0x00,0x00,0x00,0x00,0x00,0x00,0x00,0x00,0x00,0x00,0x00,0x00,0x00,0x00,0x00,0x00,
0x44,0x15,0x00,0x00,0x00,0x00,0x00,0x00,0x08,0x00,0x00,0x00,0x00,0x00,0x00,0x00,
0x20,0x00,0x00,0x00,0x11,0x00,0x00,0x00,0x04,0x00,0x00,0x00,0x00,0x00,0x00,0x00,
0x04,0x00,0x00,0x00,0x00,0x00,0x00,0x00,0x15,0x02,0x00,0x00,0x01,0x00,0x00,0x00,
0x02,0x02,0x00,0x00,0x00,0x00,0x00,0x00,0x00,0x00,0x00,0x00,0x00,0x00,0x00,0x00,
0xe0,0x0b,0x00,0x00,0x00,0x00,0x00,0x00,0x50,0x00,0x00,0x00,0x00,0x00,0x00,0x00,
0x00,0x00,0x00,0x00,0x00,0x00,0x00,0x00,0x08,0x00,0x00,0x00,0x00,0x00,0x00,0x00,
0x00,0x00,0x00,0x00,0x00,0x00,0x00,0x00,0x0d,0x01,0x00,0x00,0x11,0x00,0x00,0x00,
0x00,0x00,0x00,0x00,0x00,0x00,0x00,0x00,0x00,0x00,0x00,0x00,0x00,0x00,0x00,0x00,
0x4c,0x15,0x00,0x00,0x00,0x00,0x00,0x00,0x08,0x00,0x00,0x00,0x00,0x00,0x00,0x00,
0x20,0x00,0x00,0x00,0x12,0x00,0x00,0x00,0x04,0x00,0x00,0x00,0x00,0x00,0x00,0x00,
0x04,0x00,0x00,0x00,0x00,0x00,0x00,0x00,0x85,0x04,0x00,0x00,0x01,0x00,0x00,0x00,
0x02,0x02,0x00,0x00,0x00,0x00,0x00,0x00,0x00,0x00,0x00,0x00,0x00,0x00,0x00,0x00,
0x30,0x0c,0x00,0x00,0x00,0x00,0x00,0x00,0x50,0x00,0x00,0x00,0x00,0x00,0x00,0x00,
0x00,0x00,0x00,0x00,0x00,0x00,0x00,0x00,0x08,0x00,0x00,0x00,0x00,0x00,0x00,0x00,
0x00,0x00,0x00,0x00,0x00,0x00,0x00,0x00,0x0d,0x01,0x00,0x00,0x11,0x00,0x00,0x00,
0x00,0x00,0x00,0x00,0x00,0x00,0x00,0x00,0x00,0x00,0x00,0x00,0x00,0x00,0x00,0x00,
0x54,0x15,0x00,0x00,0x00,0x00,0x00,0x00,0x08,0x00,0x00,0x00,0x00,0x00,0x00,0x00,
0x20,0x00,0x00,0x00,0x13,0x00,0x00,0x00,0x04,0x00,0x00,0x00,0x00,0x00,0x00,0x00,
0x04,0x00,0x00,0x00,0x00,0x00,0x00,0x00,0x12,0x03,0x00,0x00,0x01,0x00,0x00,0x00,
0x02,0x02,0x00,0x00,0x00,0x00,0x00,0x00,0x00,0x00,0x00,0x00,0x00,0x00,0x00,0x00,
0x80,0x0c,0x00,0x00,0x00,0x00,0x00,0x00,0xa0,0x00,0x00,0x00,0x00,0x00,0x00,0x00,
0x00,0x00,0x00,0x00,0x00,0x00,0x00,0x00,0x08,0x00,0x00,0x00,0x00,0x00,0x00,0x00,
0x00,0x00,0x00,0x00,0x00,0x00,0x00,0x00,0x0d,0x01,0x00,0x00,0x11,0x00,0x00,0x00,
0x00,0x00,0x00,0x00,0x00,0x00,0x00,0x00,0x00,0x00,0x00,0x00,0x00,0x00,0x00,0x00,
0x5c,0x15,0x00,0x00,0x00,0x00,0x00,0x00,0x08,0x00,0x00,0x00,0x00,0x00,0x00,0x00,
0x20,0x00,0x00,0x00,0x14,0x00,0x00,0x00,0x04,0x00,0x00,0x00,0x00,0x00,0x00,0x00,
0x04,0x00,0x00,0x00,0x00,0x00,0x00,0x00,0x02,0x02,0x00,0x00,0x01,0x00,0x00,0x00,
0x02,0x02,0x00,0x00,0x00,0x00,0x00,0x00,0x00,0x00,0x00,0x00,0x00,0x00,0x00,0x00,
0x20,0x0d,0x00,0x00,0x00,0x00,0x00,0x00,0x50,0x00,0x00,0x00,0x00,0x00,0x00,0x00,
0x00,0x00,0x00,0x00,0x00,0x00,0x00,0x00,0x08,0x00,0x00,0x00,0x00,0x00,0x00,0x00,
0x00,0x00,0x00,0x00,0x00,0x00,0x00,0x00,0x0d,0x01,0x00,0x00,0x11,0x00,0x00,0x00,
0x00,0x00,0x00,0x00,0x00,0x00,0x00,0x00,0x00,0x00,0x00,0x00,0x00,0x00,0x00,0x00,
0x64,0x15,0x00,0x00,0x00,0x00,0x00,0x00,0x08,0x00,0x00,0x00,0x00,0x00,0x00,0x00,
0x20,0x00,0x00,0x00,0x15,0x00,0x00,0x00,0x04,0x00,0x00,0x00,0x00,0x00,0x00,0x00,
0x04,0x00,0x00,0x00,0x00,0x00,0x00,0x00,0x14,0x01,0x00,0x00,0x01,0x00,0x00,0x00,
0x02,0x02,0x00,0x00,0x00,0x00,0x00,0x00,0x00,0x00,0x00,0x00,0x00,0x00,0x00,0x00,
0x70,0x0d,0x00,0x00,0x00,0x00,0x00,0x00,0x50,0x00,0x00,0x00,0x00,0x00,0x00,0x00,
0x00,0x00,0x00,0x00,0x00,0x00,0x00,0x00,0x08,0x00,0x00,0x00,0x00,0x00,0x00,0x00,
0x00,0x00,0x00,0x00,0x00,0x00,0x00,0x00,0x0d,0x01,0x00,0x00,0x11,0x00,0x00,0x00,
0x00,0x00,0x00,0x00,0x00,0x00,0x00,0x00,0x00,0x00,0x00,0x00,0x00,0x00,0x00,0x00,
0x6c,0x15,0x00,0x00,0x00,0x00,0x00,0x00,0x08,0x00,0x00,0x00,0x00,0x00,0x00,0x00,
0x20,0x00,0x00,0x00,0x16,0x00,0x00,0x00,0x04,0x00,0x00,0x00,0x00,0x00,0x00,0x00,
0x04,0x00,0x00,0x00,0x00,0x00,0x00,0x00,0x1e,0x04,0x00,0x00,0x01,0x00,0x00,0x00,
0x02,0x02,0x00,0x00,0x00,0x00,0x00,0x00,0x00,0x00,0x00,0x00,0x00,0x00,0x00,0x00,
0xc0,0x0d,0x00,0x00,0x00,0x00,0x00,0x00,0xa0,0x00,0x00,0x00,0x00,0x00,0x00,0x00,
0x00,0x00,0x00,0x00,0x00,0x00,0x00,0x00,0x08,0x00,0x00,0x00,0x00,0x00,0x00,0x00,
0x00,0x00,0x00,0x00,0x00,0x00,0x00,0x00,0x0d,0x01,0x00,0x00,0x11,0x00,0x00,0x00,
0x00,0x00,0x00,0x00,0x00,0x00,0x00,0x00,0x00,0x00,0x00,0x00,0x00,0x00,0x00,0x00,
0x74,0x15,0x00,0x00,0x00,0x00,0x00,0x00,0x08,0x00,0x00,0x00,0x00,0x00,0x00,0x00,
0x20,0x00,0x00,0x00,0x17,0x00,0x00,0x00,0x04,0x00,0x00,0x00,0x00,0x00,0x00,0x00,
0x04,0x00,0x00,0x00,0x00,0x00,0x00,0x00,0xd1,0x03,0x00,0x00,0x01,0x00,0x00,0x00,
0x02,0x02,0x00,0x00,0x00,0x00,0x00,0x00,0x00,0x00,0x00,0x00,0x00,0x00,0x00,0x00,
0x60,0x0e,0x00,0x00,0x00,0x00,0x00,0x00,0x50,0x00,0x00,0x00,0x00,0x00,0x00,0x00,
0x00,0x00,0x00,0x00,0x00,0x00,0x00,0x00,0x08,0x00,0x00,0x00,0x00,0x00,0x00,0x00,
0x00,0x00,0x00,0x00,0x00,0x00,0x00,0x00,0x0d,0x01,0x00,0x00,0x11,0x00,0x00,0x00,
0x00,0x00,0x00,0x00,0x00,0x00,0x00,0x00,0x00,0x00,0x00,0x00,0x00,0x00,0x00,0x00,
0x7c,0x15,0x00,0x00,0x00,0x00,0x00,0x00,0x08,0x00,0x00,0x00,0x00,0x00,0x00,0x00,
0x20,0x00,0x00,0x00,0x18,0x00,0x00,0x00,0x04,0x00,0x00,0x00,0x00,0x00,0x00,0x00,
0x04,0x00,0x00,0x00,0x00,0x00,0x00,0x00,0x83,0x03,0x00,0x00,0x01,0x00,0x00,0x00,
0x02,0x02,0x00,0x00,0x00,0x00,0x00,0x00,0x00,0x00,0x00,0x00,0x00,0x00,0x00,0x00,
0xb0,0x0e,0x00,0x00,0x00,0x00,0x00,0x00,0x50,0x00,0x00,0x00,0x00,0x00,0x00,0x00,
0x00,0x00,0x00,0x00,0x00,0x00,0x00,0x00,0x08,0x00,0x00,0x00,0x00,0x00,0x00,0x00,
0x00,0x00,0x00,0x00,0x00,0x00,0x00,0x00,0x10,0x00,0x00,0x00,0x08,0x00,0x00,0x00,
0x03,0x00,0x00,0x00,0x00,0x00,0x00,0x00,0x00,0x00,0x00,0x00,0x00,0x00,0x00,0x00,
0x00,0x0f,0x00,0x00,0x00,0x00,0x00,0x00,0x01,0x00,0x00,0x00,0x00,0x00,0x00,0x00,
0x00,0x00,0x00,0x00,0x00,0x00,0x00,0x00,0x01,0x00,0x00,0x00,0x00,0x00,0x00,0x00,
0x00,0x00,0x00,0x00,0x00,0x00,0x00,0x00,0x07,0x00,0x00,0x00,0x01,0x00,0x00,0x00,
0x30,0x00,0x00,0x00,0x00,0x00,0x00,0x00,0x00,0x00,0x00,0x00,0x00,0x00,0x00,0x00,
0x00,0x0f,0x00,0x00,0x00,0x00,0x00,0x00,0x19,0x00,0x00,0x00,0x00,0x00,0x00,0x00,
0x00,0x00,0x00,0x00,0x00,0x00,0x00,0x00,0x01,0x00,0x00,0x00,0x00,0x00,0x00,0x00,
0x01,0x00,0x00,0x00,0x00,0x00,0x00,0x00,0xf2,0x01,0x00,0x00,0x01,0x00,0x00,0x00,
0x00,0x00,0x00,0x00,0x00,0x00,0x00,0x00,0x00,0x00,0x00,0x00,0x00,0x00,0x00,0x00,
0x19,0x0f,0x00,0x00,0x00,0x00,0x00,0x00,0x00,0x00,0x00,0x00,0x00,0x00,0x00,0x00,
0x00,0x00,0x00,0x00,0x00,0x00,0x00,0x00,0x01,0x00,0x00,0x00,0x00,0x00,0x00,0x00,
0x00,0x00,0x00,0x00,0x00,0x00,0x00,0x00,0xdc,0x02,0x00,0x00,0x07,0x00,0x00,0x00,
0x02,0x00,0x00,0x00,0x00,0x00,0x00,0x00,0x00,0x00,0x00,0x00,0x00,0x00,0x00,0x00,
0x1c,0x0f,0x00,0x00,0x00,0x00,0x00,0x00,0x18,0x06,0x00,0x00,0x00,0x00,0x00,0x00,
0x00,0x00,0x00,0x00,0x00,0x00,0x00,0x00,0x04,0x00,0x00,0x00,0x00,0x00,0x00,0x00,
0x00,0x00,0x00,0x00,0x00,0x00,0x00,0x00,0x63,0x02,0x00,0x00,0x03,0x4c,0xff,0x6f,
0x00,0x00,0x00,0x80,0x00,0x00,0x00,0x00,0x00,0x00,0x00,0x00,0x00,0x00,0x00,0x00,
0x10,0x18,0x00,0x00,0x00,0x00,0x00,0x00,0x01,0x00,0x00,0x00,0x00,0x00,0x00,0x00,
0x20,0x00,0x00,0x00,0x00,0x00,0x00,0x00,0x01,0x00,0x00,0x00,0x00,0x00,0x00,0x00,
0x00,0x00,0x00,0x00,0x00,0x00,0x00,0x00,0x5f,0x03,0x00,0x00,0x02,0x00,0x00,0x00,
0x00,0x00,0x00,0x00,0x00,0x00,0x00,0x00,0x00,0x00,0x00,0x00,0x00,0x00,0x00,0x00,
0x88,0x15,0x00,0x00,0x00,0x00,0x00,0x00,0x70,0x02,0x00,0x00,0x00,0x00,0x00,0x00,
0x01,0x00,0x00,0x00,0x0d,0x00,0x00,0x00,0x08,0x00,0x00,0x00,0x00,0x00,0x00,0x00,
0x18,0x00,0x00,0x00,0x00,0x00,0x00,0x00
    },
    .m_kernelName = "instaNormSplitPart2_hip_amdgcn_amd_amdhsa_gfx1200_wave32_coba",
    .m_compilerVersion = "archive",
    .m_codeObjectVersion = 5,
    .m_isRelocatable = true,
    .m_shaderType = ShaderTypesFlags::UNKNOWN
};

const StaticShaderType<8896> instaNormSplitPart3_hip_amdgcn_amd_amdhsa_gfx1200_wave32_coba =
{
    .m_binary = {
0x7f,0x45,0x4c,0x46,0x02,0x01,0x01,0x40,0x03,0x00,0x00,0x00,0x00,0x00,0x00,0x00,
0x01,0x00,0xe0,0x00,0x01,0x00,0x00,0x00,0x00,0x00,0x00,0x00,0x00,0x00,0x00,0x00,
0x00,0x00,0x00,0x00,0x00,0x00,0x00,0x00,0x00,0x1a,0x00,0x00,0x00,0x00,0x00,0x00,
0x48,0x00,0x00,0x00,0x40,0x00,0x00,0x00,0x00,0x00,0x40,0x00,0x23,0x00,0x01,0x00,
0x00,0x00,0x00,0x00,0x00,0x00,0x00,0x00,0x00,0x00,0x00,0x00,0x00,0x00,0x00,0x00,
0x00,0x00,0x00,0x00,0x00,0x00,0x00,0x00,0x00,0x00,0x00,0x00,0x00,0x00,0x00,0x00,
0x00,0x00,0x00,0x00,0x00,0x00,0x00,0x00,0x00,0x00,0x00,0x00,0x00,0x00,0x00,0x00,
0x00,0x00,0x00,0x00,0x00,0x00,0x00,0x00,0x00,0x00,0x00,0x00,0x00,0x00,0x00,0x00,
0x00,0x00,0x00,0x00,0x00,0x00,0x00,0x00,0x00,0x00,0x00,0x00,0x00,0x00,0x00,0x00,
0x00,0x00,0x00,0x00,0x00,0x00,0x00,0x00,0x00,0x00,0x00,0x00,0x00,0x00,0x00,0x00,
0x00,0x00,0x00,0x00,0x00,0x00,0x00,0x00,0x00,0x00,0x00,0x00,0x00,0x00,0x00,0x00,
0x00,0x00,0x00,0x00,0x00,0x00,0x00,0x00,0x00,0x00,0x00,0x00,0x00,0x00,0x00,0x00,
0x00,0x00,0x00,0x00,0x00,0x00,0x00,0x00,0x00,0x00,0x00,0x00,0x00,0x00,0x00,0x00,
0x00,0x00,0x00,0x00,0x00,0x00,0x00,0x00,0x00,0x00,0x00,0x00,0x00,0x00,0x00,0x00,
0x00,0x00,0x00,0x00,0x00,0x00,0x00,0x00,0x00,0x00,0x00,0x00,0x00,0x00,0x00,0x00,
0x00,0x00,0x00,0x00,0x00,0x00,0x00,0x00,0x00,0x00,0x00,0x00,0x00,0x00,0x00,0x00,
0x02,0x00,0x85,0xbf,0x00,0x61,0x00,0xf4,0x00,0x00,0x00,0xf8,0x00,0x23,0x00,0xf4,
0x20,0x00,0x00,0xf8,0x80,0x03,0x00,0xf4,0x3c,0x00,0x00,0xf8,0x01,0x00,0x10,0xd6,
0x00,0x15,0x29,0x02,0x00,0x20,0x00,0xf4,0x28,0x00,0x00,0xf8,0xff,0x00,0x00,0x36,
0xff,0x03,0x00,0x00,0x00,0x00,0xc7,0xbf,0x83,0x20,0x00,0xf4,0x00,0x00,0x00,0xf8,
0x84,0x21,0x00,0xf4,0x00,0x00,0x00,0xf8,0x05,0x22,0x00,0xf4,0x00,0x00,0x00,0xf8,
0x0e,0x90,0x0a,0x85,0xd9,0x00,0x87,0xbf,0x02,0x7c,0xfe,0xd6,0x73,0x14,0x04,0x04,
0x0e,0xff,0x0a,0x8b,0xff,0xff,0x00,0x00,0xfe,0xff,0x88,0xbf,0x00,0x7c,0xfe,0xd6,
0x75,0x14,0x00,0x04,0x81,0x04,0x06,0x30,0x9f,0x06,0x08,0x34,0x00,0x00,0xc7,0xbf,
0x03,0xff,0x0a,0x8b,0xff,0xff,0x00,0x00,0x07,0xff,0x03,0x8b,0xff,0xff,0x00,0x00,
0x01,0x00,0x87,0xbf,0x82,0x06,0x08,0x3e,0x09,0xff,0x09,0x8b,0xff,0xff,0x00,0x00,
0x01,0x82,0x04,0xbf,0x80,0x00,0x87,0xbe,0x1b,0x00,0xa2,0xbf,0x01,0x82,0x06,0xbf,
0x1c,0x00,0xa1,0xbf,0x9f,0x04,0x06,0x34,0x80,0x00,0x8b,0xbe,0x91,0x00,0x87,0xbf,
0x81,0x04,0x0c,0x3e,0x08,0x6a,0x00,0xd7,0x02,0x0c,0x02,0x00,0xfe,0xff,0x88,0xbf,
0x09,0x7c,0x20,0xd5,0x0a,0x0e,0xaa,0x01,0x06,0x6a,0x00,0xd7,0x06,0x0c,0x02,0x00,
0xfd,0xff,0x88,0xbf,0x07,0x7c,0x20,0xd5,0x03,0x0e,0xaa,0x01,0x7c,0x80,0x04,0xee,
0x01,0x00,0x00,0x00,0x08,0x00,0x00,0x00,0x7c,0x80,0x04,0xee,0x03,0x00,0x00,0x00,
0x06,0x00,0x00,0x00,0x01,0x00,0xc0,0xbf,0x01,0x17,0x0c,0x7e,0x00,0x00,0xc0,0xbf,
0x03,0x17,0x0e,0x7e,0x04,0x00,0xa0,0xbf,0xc1,0x00,0x8e,0xbe,0x80,0x00,0x8b,0xbe,
0x02,0x00,0xa0,0xbf,0xc1,0x00,0x8b,0xbe,0x80,0x00,0x8e,0xbe,0x01,0x00,0x2c,0xd7,
0x02,0x01,0x00,0x00,0x03,0x6a,0x00,0xd7,0x08,0x08,0x02,0x00,0xfd,0xff,0x88,0xbf,
0x04,0x7c,0x20,0xd5,0x09,0x0a,0xaa,0x01,0x7e,0x0e,0x6a,0x8b,0xfe,0xff,0x88,0xbf,
0x03,0x00,0xa3,0xbf,0x01,0x81,0x07,0xbf,0xc1,0x00,0x87,0xbe,0xc1,0x80,0x0b,0x98,
0x02,0x21,0x00,0xf4,0x00,0x00,0x00,0xf8,0x06,0x20,0x00,0xf4,0x00,0x00,0x00,0xf8,
0x02,0x00,0x46,0xd6,0x00,0x05,0x05,0x04,0x7e,0x0b,0x6a,0x91,0xfe,0xff,0x88,0xbf,
0x03,0x00,0xa4,0xbf,0x80,0x00,0x10,0xca,0x80,0x00,0x06,0x06,0x80,0x00,0x87,0xbe,
0x7c,0x40,0x05,0xee,0x00,0x00,0x00,0x00,0x03,0x00,0x00,0x00,0x9f,0x04,0x06,0x34,
0x07,0x01,0x10,0xca,0x07,0x01,0x08,0x04,0x07,0x01,0x10,0xca,0x06,0x01,0x04,0x0a,
0x06,0x01,0x10,0xca,0x06,0x01,0x0a,0x08,0xfe,0xff,0x88,0xbf,0x7e,0x07,0x6a,0x91,
0xfe,0xff,0x88,0xbf,0x20,0x00,0xa4,0xbf,0x81,0x04,0x08,0x3e,0x01,0x00,0x87,0xbf,
0x06,0x6a,0x00,0xd7,0x02,0x08,0x02,0x00,0xfd,0xff,0x88,0xbf,0x07,0x7c,0x20,0xd5,
0x0a,0x0a,0xaa,0x01,0x04,0x6a,0x00,0xd7,0x06,0x08,0x02,0x00,0xfd,0xff,0x88,0xbf,
0x05,0x7c,0x20,0xd5,0x03,0x0a,0xaa,0x01,0x7c,0x40,0x05,0xee,0x06,0x00,0x00,0x00,
0x06,0x00,0x00,0x00,0x7c,0x40,0x05,0xee,0x04,0x00,0x00,0x00,0x04,0x00,0x00,0x00,
0x01,0x00,0xc0,0xbf,0x90,0x0c,0x14,0x32,0x90,0x0e,0x16,0x32,0x00,0x00,0xc0,0xbf,
0x90,0x08,0x18,0x32,0x90,0x0a,0x1a,0x32,0x06,0x17,0x0c,0x7e,0x07,0x17,0x10,0x7e,
0x04,0x17,0x0e,0x7e,0x05,0x17,0x12,0x7e,0x0a,0x17,0x0a,0x7e,0x0b,0x17,0x16,0x7e,
0x0c,0x17,0x08,0x7e,0x0d,0x17,0x14,0x7e,0x81,0x04,0x04,0x3e,0x00,0x00,0xc7,0xbf,
0x05,0xff,0x02,0x8b,0xff,0xff,0x00,0x00,0x00,0x00,0xc0,0xbf,0x0e,0x7c,0xfc,0xd6,
0x01,0x03,0xca,0x03,0x01,0xff,0x01,0x8b,0xff,0xff,0x00,0x00,0x0c,0x6a,0x00,0xd7,
0x04,0x04,0x02,0x00,0xfc,0xff,0x88,0xbf,0x0d,0x7c,0x20,0xd5,0x02,0x06,0xaa,0x01,
0x0e,0x55,0x1e,0x7e,0x11,0x6a,0xfc,0xd6,0xf2,0x02,0xca,0x03,0x7c,0x40,0x05,0xee,
0x0c,0x00,0x00,0x00,0x0c,0x00,0x00,0x00,0x10,0x00,0x13,0xd6,0x0e,0x1f,0xca,0x23,
0x91,0x00,0x87,0xbf,0x10,0x1f,0x1e,0x56,0x11,0x1f,0x20,0x10,0x91,0x00,0x87,0xbf,
0x12,0x00,0x13,0xd6,0x0e,0x21,0x46,0x24,0x12,0x1f,0x20,0x56,0xa1,0x00,0x87,0xbf,
0x0e,0x00,0x13,0xd6,0x0e,0x21,0x46,0x24,0xfd,0xff,0x88,0xbf,0x0e,0x00,0x37,0xd6,
0x0e,0x1f,0x42,0x04,0x80,0x02,0x3a,0x7c,0xa2,0x00,0x87,0xbf,0x0e,0x00,0x27,0xd6,
0x0e,0x03,0xca,0x03,0xfd,0xff,0x88,0xbf,0x80,0x1c,0x02,0x02,0x02,0x6a,0x00,0xd7,
0x00,0x04,0x02,0x00,0xfd,0xff,0x88,0xbf,0x03,0x7c,0x20,0xd5,0x01,0x06,0xaa,0x01,
0x00,0x00,0xc0,0xbf,0x90,0x18,0x1e,0x32,0x90,0x1a,0x20,0x32,0x0c,0x17,0x18,0x7e,
0x0d,0x17,0x1a,0x7e,0x14,0x02,0x87,0xbf,0x0f,0x17,0x1c,0x7e,0x10,0x17,0x1e,0x7e,
0x23,0x02,0x87,0xbf,0x0d,0x01,0x1a,0x08,0x0c,0x01,0x18,0x08,0x0e,0x01,0x1c,0x08,
0x93,0x01,0x87,0xbf,0x0f,0x01,0x46,0xc9,0x01,0x1b,0x0c,0x00,0x01,0x19,0x18,0x10,
0x93,0x01,0x87,0xbf,0x01,0x1d,0x1c,0x10,0x01,0x01,0x1e,0x10,0x14,0x02,0x87,0xbf,
0x01,0x00,0x21,0xcc,0x08,0x1b,0x26,0x04,0x00,0x00,0x21,0xcc,0x06,0x19,0x1e,0x04,
0x12,0x01,0x87,0xbf,0x01,0x00,0x22,0xcc,0x0b,0x1f,0x2a,0x04,0x00,0x00,0x22,0xcc,
0x05,0x1d,0x12,0x04,0x7c,0xc0,0x06,0xee,0x00,0x00,0x00,0x00,0x02,0x00,0x00,0x00,
0x00,0x00,0xb0,0xbf,0x00,0x00,0x9f,0xbf,0x00,0x00,0x9f,0xbf,0x00,0x00,0x9f,0xbf,
0x00,0x00,0x9f,0xbf,0x00,0x00,0x9f,0xbf,0x00,0x00,0x9f,0xbf,0x00,0x00,0x9f,0xbf,
0x00,0x00,0x9f,0xbf,0x00,0x00,0x9f,0xbf,0x00,0x00,0x9f,0xbf,0x00,0x00,0x9f,0xbf,
0x00,0x00,0x9f,0xbf,0x00,0x00,0x9f,0xbf,0x00,0x00,0x9f,0xbf,0x00,0x00,0x9f,0xbf,
0x00,0x00,0x9f,0xbf,0x00,0x00,0x9f,0xbf,0x00,0x00,0x9f,0xbf,0x00,0x00,0x9f,0xbf,
0x00,0x00,0x9f,0xbf,0x00,0x00,0x9f,0xbf,0x00,0x00,0x9f,0xbf,0x00,0x00,0x9f,0xbf,
0x00,0x00,0x9f,0xbf,0x00,0x00,0x9f,0xbf,0x00,0x00,0x9f,0xbf,0x00,0x00,0x9f,0xbf,
0x00,0x00,0x9f,0xbf,0x00,0x00,0x9f,0xbf,0x00,0x00,0x9f,0xbf,0x00,0x00,0x9f,0xbf,
0x00,0x00,0x9f,0xbf,0x00,0x00,0x9f,0xbf,0x00,0x00,0x9f,0xbf,0x00,0x00,0x9f,0xbf,
0x00,0x00,0x9f,0xbf,0x00,0x00,0x9f,0xbf,0x00,0x00,0x9f,0xbf,0x00,0x00,0x9f,0xbf,
0x00,0x00,0x9f,0xbf,0x00,0x00,0x9f,0xbf,0x00,0x00,0x9f,0xbf,0x00,0x00,0x9f,0xbf,
0x00,0x00,0x9f,0xbf,0x00,0x00,0x9f,0xbf,0x00,0x00,0x9f,0xbf,0x00,0x00,0x9f,0xbf,
0x00,0x00,0x9f,0xbf,0x00,0x00,0x9f,0xbf,0x00,0x00,0x9f,0xbf,0x00,0x00,0x9f,0xbf,
0x00,0x00,0x9f,0xbf,0x00,0x00,0x9f,0xbf,0x00,0x00,0x9f,0xbf,0x00,0x00,0x9f,0xbf,
0x00,0x00,0x9f,0xbf,0x00,0x00,0x9f,0xbf,0x00,0x00,0x9f,0xbf,0x00,0x00,0x9f,0xbf,
0x00,0x00,0x9f,0xbf,0x00,0x00,0x9f,0xbf,0x00,0x00,0x9f,0xbf,0x00,0x00,0x9f,0xbf,
0x00,0x00,0x9f,0xbf,0x00,0x00,0x9f,0xbf,0x00,0x00,0x9f,0xbf,0x00,0x00,0x9f,0xbf,
0x00,0x00,0x9f,0xbf,0x00,0x00,0x9f,0xbf,0x00,0x00,0x9f,0xbf,0x00,0x00,0x9f,0xbf,
0x00,0x00,0x9f,0xbf,0x00,0x00,0x9f,0xbf,0x00,0x00,0x9f,0xbf,0x00,0x00,0x9f,0xbf,
0x00,0x00,0x9f,0xbf,0x00,0x00,0x9f,0xbf,0x00,0x00,0x9f,0xbf,0x00,0x00,0x9f,0xbf,
0x00,0x00,0x9f,0xbf,0x00,0x00,0x9f,0xbf,0x00,0x00,0x9f,0xbf,0x00,0x00,0x9f,0xbf,
0x00,0x00,0x9f,0xbf,0x00,0x00,0x9f,0xbf,0x00,0x00,0x9f,0xbf,0x00,0x00,0x9f,0xbf,
0x00,0x00,0x9f,0xbf,0x00,0x00,0x9f,0xbf,0x00,0x00,0x9f,0xbf,0x00,0x00,0x9f,0xbf,
0x00,0x00,0x9f,0xbf,0x00,0x00,0x9f,0xbf,0x00,0x00,0x9f,0xbf,0x00,0x00,0x9f,0xbf,
0x00,0x00,0x9f,0xbf,0x00,0x00,0x9f,0xbf,0x00,0x00,0x9f,0xbf,0x00,0x00,0x9f,0xbf,
0x00,0x00,0x9f,0xbf,0x00,0x00,0x9f,0xbf,0x00,0x00,0x9f,0xbf,0x00,0x00,0x9f,0xbf,
0x00,0x00,0x9f,0xbf,0x00,0x00,0x9f,0xbf,0x00,0x00,0x9f,0xbf,0x00,0x00,0x9f,0xbf,
0x00,0x00,0x9f,0xbf,0x00,0x00,0x9f,0xbf,0x00,0x00,0x9f,0xbf,0x00,0x00,0x9f,0xbf,
0x00,0x00,0x9f,0xbf,0x00,0x00,0x9f,0xbf,0x00,0x00,0x9f,0xbf,0x00,0x00,0x9f,0xbf,
0x00,0x00,0x9f,0xbf,0x00,0x00,0x9f,0xbf,0x00,0x00,0x9f,0xbf,0x00,0x00,0x9f,0xbf,
0x00,0x00,0x9f,0xbf,0x00,0x00,0x9f,0xbf,0x00,0x00,0x9f,0xbf,0x00,0x00,0x9f,0xbf,
0x00,0x00,0x9f,0xbf,0x00,0x00,0x9f,0xbf,0x00,0x00,0x9f,0xbf,0x00,0x00,0x9f,0xbf,
0x00,0x00,0x00,0x00,0x00,0x00,0x00,0x00,0x30,0x01,0x00,0x00,0x00,0x00,0x00,0x00,
0x00,0x00,0x00,0x00,0x00,0x00,0x00,0x00,0x00,0x00,0x00,0x00,0x00,0x00,0x00,0x00,
0x00,0x00,0x00,0x00,0x00,0x00,0x00,0x00,0x00,0x00,0x00,0x00,0x80,0x00,0x00,0x00,
0x02,0x00,0x0f,0xc0,0x84,0x09,0x00,0x00,0x08,0x04,0x00,0x00,0x00,0x00,0x00,0x00,
0x3f,0x00,0x00,0x3f,0x00,0x00,0x00,0x00,0x10,0x00,0x00,0x00,0x00,0x00,0x00,0x00,
0x00,0x00,0x00,0x00,0x00,0x00,0x00,0x00,0x00,0x00,0x00,0x00,0x00,0x00,0x00,0x00,
0x00,0x00,0x00,0x00,0x00,0x00,0x00,0x00,0x00,0x00,0x00,0x00,0x00,0x00,0x00,0x00,
0xf0,0xff,0xff,0xff,0xff,0xff,0xff,0xff,0xf0,0xff,0xff,0xff,0xff,0xff,0xff,0xff,
0x00,0x00,0x00,0x00,0x00,0x00,0x00,0x00,0x00,0x00,0x00,0x00,0x00,0x00,0x00,0x00,
0x00,0x00,0x00,0x00,0x00,0x00,0x00,0x00,0x10,0x00,0x00,0x00,0x00,0x00,0x00,0x00,
0x00,0x00,0x00,0x00,0x00,0x00,0x00,0x00,0x00,0x00,0x00,0x00,0x00,0x00,0x00,0x00,
0x00,0x00,0x00,0x00,0x00,0x00,0x00,0x00,0x00,0x00,0x00,0x00,0x00,0x00,0x00,0x00,
0xf0,0xff,0xff,0xff,0xff,0xff,0xff,0xff,0xf0,0xff,0xff,0xff,0xff,0xff,0xff,0xff,
0x00,0x00,0x00,0x00,0x00,0x00,0x00,0x00,0x00,0x00,0x00,0x00,0x00,0x00,0x00,0x00,
0x00,0x00,0x00,0x00,0x00,0x00,0x00,0x00,0x18,0x00,0x00,0x00,0x00,0x00,0x00,0x00,
0x00,0x00,0x00,0x00,0x00,0x00,0x00,0x00,0x00,0x00,0x00,0x00,0x00,0x00,0x00,0x00,
0x00,0x00,0x00,0x00,0x00,0x00,0x00,0x00,0x00,0x00,0x00,0x00,0x00,0x00,0x00,0x00,
0xe8,0xff,0xff,0xff,0xff,0xff,0xff,0xff,0xe8,0xff,0xff,0xff,0xff,0xff,0xff,0xff,
0x00,0x00,0x00,0x00,0x00,0x00,0x00,0x00,0x00,0x00,0x00,0x00,0x00,0x00,0x00,0x00,
0x00,0x00,0x00,0x00,0x00,0x00,0x00,0x00,0x18,0x00,0x00,0x00,0x00,0x00,0x00,0x00,
0x00,0x00,0x00,0x00,0x00,0x00,0x00,0x00,0x00,0x00,0x00,0x00,0x00,0x00,0x00,0x00,
0x00,0x00,0x00,0x00,0x00,0x00,0x00,0x00,0x00,0x00,0x00,0x00,0x00,0x00,0x00,0x00,
0xe8,0xff,0xff,0xff,0xff,0xff,0xff,0xff,0xe8,0xff,0xff,0xff,0xff,0xff,0xff,0xff,
0x00,0x00,0x00,0x00,0x00,0x00,0x00,0x00,0x00,0x00,0x00,0x00,0x00,0x00,0x00,0x00,
0x00,0x00,0x00,0x00,0x00,0x00,0x00,0x00,0x20,0x00,0x00,0x00,0x00,0x00,0x00,0x00,
0x00,0x00,0x00,0x00,0x00,0x00,0x00,0x00,0x00,0x00,0x00,0x00,0x00,0x00,0x00,0x00,
0x00,0x00,0x00,0x00,0x00,0x00,0x00,0x00,0x00,0x00,0x00,0x00,0x00,0x00,0x00,0x00,
0x20,0x00,0x00,0x00,0x00,0x00,0x00,0x00,0x00,0x00,0x00,0x00,0x00,0x00,0x00,0x00,
0x00,0x00,0x00,0x00,0x00,0x00,0x00,0x00,0x00,0x00,0x00,0x00,0x00,0x00,0x00,0x00,
0x00,0x00,0x00,0x00,0x00,0x00,0x00,0x00,0x10,0x00,0x00,0x00,0x00,0x00,0x00,0x00,
0xf0,0xff,0xff,0xff,0xff,0xff,0xff,0xff,0x00,0x00,0x00,0x00,0x00,0x00,0x00,0x00,
0x00,0x00,0x00,0x00,0x00,0x00,0x00,0x00,0x00,0x00,0x00,0x00,0x00,0x00,0x00,0x00,
0xe0,0xff,0xff,0xff,0xff,0xff,0xff,0xff,0xe0,0xff,0xff,0xff,0xff,0xff,0xff,0xff,
0x00,0x00,0x00,0x00,0x00,0x00,0x00,0x00,0x00,0x00,0x00,0x00,0x00,0x00,0x00,0x00,
0x00,0x00,0x00,0x00,0x00,0x00,0x00,0x00,0x20,0x00,0x00,0x00,0x00,0x00,0x00,0x00,
0x00,0x00,0x00,0x00,0x00,0x00,0x00,0x00,0x00,0x00,0x00,0x00,0x00,0x00,0x00,0x00,
0x00,0x00,0x00,0x00,0x00,0x00,0x00,0x00,0x00,0x00,0x00,0x00,0x00,0x00,0x00,0x00,
0xe0,0xff,0xff,0xff,0xff,0xff,0xff,0xff,0xe0,0xff,0xff,0xff,0xff,0xff,0xff,0xff,
0x00,0x00,0x00,0x00,0x00,0x00,0x00,0x00,0x00,0x00,0x00,0x00,0x00,0x00,0x00,0x00,
0x00,0x00,0x00,0x00,0x00,0x00,0x00,0x00,0x10,0x00,0x00,0x00,0x00,0x00,0x00,0x00,
0x00,0x00,0x00,0x00,0x00,0x00,0x00,0x00,0x00,0x00,0x00,0x00,0x00,0x00,0x00,0x00,
0x00,0x00,0x00,0x00,0x00,0x00,0x00,0x00,0x00,0x00,0x00,0x00,0x00,0x00,0x00,0x00,
0xf0,0xff,0xff,0xff,0xff,0xff,0xff,0xff,0xf0,0xff,0xff,0xff,0xff,0xff,0xff,0xff,
0x00,0x00,0x00,0x00,0x00,0x00,0x00,0x00,0x00,0x00,0x00,0x00,0x00,0x00,0x00,0x00,
0x00,0x00,0x00,0x00,0x00,0x00,0x00,0x00,0x20,0x00,0x00,0x00,0x00,0x00,0x00,0x00,
0x00,0x00,0x00,0x00,0x00,0x00,0x00,0x00,0x00,0x00,0x00,0x00,0x00,0x00,0x00,0x00,
0x00,0x00,0x00,0x00,0x00,0x00,0x00,0x00,0x00,0x00,0x00,0x00,0x00,0x00,0x00,0x00,
0x20,0x00,0x00,0x00,0x00,0x00,0x00,0x00,0x00,0x00,0x00,0x00,0x00,0x00,0x00,0x00,
0x00,0x00,0x00,0x00,0x00,0x00,0x00,0x00,0x00,0x00,0x00,0x00,0x00,0x00,0x00,0x00,
0x00,0x00,0x00,0x00,0x00,0x00,0x00,0x00,0x10,0x00,0x00,0x00,0x00,0x00,0x00,0x00,
0xf0,0xff,0xff,0xff,0xff,0xff,0xff,0xff,0x00,0x00,0x00,0x00,0x00,0x00,0x00,0x00,
0x00,0x00,0x00,0x00,0x00,0x00,0x00,0x00,0x00,0x00,0x00,0x00,0x00,0x00,0x00,0x00,
0xe0,0xff,0xff,0xff,0xff,0xff,0xff,0xff,0xe0,0xff,0xff,0xff,0xff,0xff,0xff,0xff,
0x00,0x00,0x00,0x00,0x00,0x00,0x00,0x00,0x00,0x00,0x00,0x00,0x00,0x00,0x00,0x00,
0x00,0x00,0x00,0x00,0x00,0x00,0x00,0x00,0x20,0x00,0x00,0x00,0x00,0x00,0x00,0x00,
0x00,0x00,0x00,0x00,0x00,0x00,0x00,0x00,0x00,0x00,0x00,0x00,0x00,0x00,0x00,0x00,
0x00,0x00,0x00,0x00,0x00,0x00,0x00,0x00,0x00,0x00,0x00,0x00,0x00,0x00,0x00,0x00,
0xe0,0xff,0xff,0xff,0xff,0xff,0xff,0xff,0xe0,0xff,0xff,0xff,0xff,0xff,0xff,0xff,
0x00,0x00,0x00,0x00,0x00,0x00,0x00,0x00,0x00,0x00,0x00,0x00,0x00,0x00,0x00,0x00,
0x00,0x00,0x00,0x00,0x00,0x00,0x00,0x00,0x10,0x00,0x00,0x00,0x00,0x00,0x00,0x00,
0x00,0x00,0x00,0x00,0x00,0x00,0x00,0x00,0x00,0x00,0x00,0x00,0x00,0x00,0x00,0x00,
0x00,0x00,0x00,0x00,0x00,0x00,0x00,0x00,0x00,0x00,0x00,0x00,0x00,0x00,0x00,0x00,
0xf0,0xff,0xff,0xff,0xff,0xff,0xff,0xff,0xf0,0xff,0xff,0xff,0xff,0xff,0xff,0xff,
0x00,0x00,0x00,0x00,0x00,0x00,0x00,0x00,0x00,0x00,0x00,0x00,0x00,0x00,0x00,0x00,
0x00,0x00,0x00,0x00,0x00,0x00,0x00,0x00,0x00,0x63,0x6c,0x61,0x6e,0x67,0x20,0x76,
0x65,0x72,0x73,0x69,0x6f,0x6e,0x20,0x32,0x31,0x2e,0x30,0x2e,0x30,0x67,0x69,0x74,
0x00,0x00,0x00,0x00,0x07,0x00,0x00,0x00,0xba,0x06,0x00,0x00,0x20,0x00,0x00,0x00,
0x41,0x4d,0x44,0x47,0x50,0x55,0x00,0x00,0x83,0xae,0x61,0x6d,0x64,0x68,0x73,0x61,
0x2e,0x6b,0x65,0x72,0x6e,0x65,0x6c,0x73,0x91,0xde,0x00,0x12,0xa5,0x2e,0x61,0x72,
0x67,0x73,0xdc,0x00,0x14,0x85,0xae,0x2e,0x61,0x63,0x74,0x75,0x61,0x6c,0x5f,0x61,
0x63,0x63,0x65,0x73,0x73,0xa9,0x72,0x65,0x61,0x64,0x5f,0x6f,0x6e,0x6c,0x79,0xae,
0x2e,0x61,0x64,0x64,0x72,0x65,0x73,0x73,0x5f,0x73,0x70,0x61,0x63,0x65,0xa6,0x67,
0x6c,0x6f,0x62,0x61,0x6c,0xa7,0x2e,0x6f,0x66,0x66,0x73,0x65,0x74,0x00,0xa5,0x2e,
0x73,0x69,0x7a,0x65,0x08,0xab,0x2e,0x76,0x61,0x6c,0x75,0x65,0x5f,0x6b,0x69,0x6e,
0x64,0xad,0x67,0x6c,0x6f,0x62,0x61,0x6c,0x5f,0x62,0x75,0x66,0x66,0x65,0x72,0x85,
0xae,0x2e,0x61,0x63,0x74,0x75,0x61,0x6c,0x5f,0x61,0x63,0x63,0x65,0x73,0x73,0xa9,
0x72,0x65,0x61,0x64,0x5f,0x6f,0x6e,0x6c,0x79,0xae,0x2e,0x61,0x64,0x64,0x72,0x65,
0x73,0x73,0x5f,0x73,0x70,0x61,0x63,0x65,0xa6,0x67,0x6c,0x6f,0x62,0x61,0x6c,0xa7,
0x2e,0x6f,0x66,0x66,0x73,0x65,0x74,0x08,0xa5,0x2e,0x73,0x69,0x7a,0x65,0x08,0xab,
0x2e,0x76,0x61,0x6c,0x75,0x65,0x5f,0x6b,0x69,0x6e,0x64,0xad,0x67,0x6c,0x6f,0x62,
0x61,0x6c,0x5f,0x62,0x75,0x66,0x66,0x65,0x72,0x85,0xae,0x2e,0x61,0x63,0x74,0x75,
0x61,0x6c,0x5f,0x61,0x63,0x63,0x65,0x73,0x73,0xa9,0x72,0x65,0x61,0x64,0x5f,0x6f,
0x6e,0x6c,0x79,0xae,0x2e,0x61,0x64,0x64,0x72,0x65,0x73,0x73,0x5f,0x73,0x70,0x61,
0x63,0x65,0xa6,0x67,0x6c,0x6f,0x62,0x61,0x6c,0xa7,0x2e,0x6f,0x66,0x66,0x73,0x65,
0x74,0x10,0xa5,0x2e,0x73,0x69,0x7a,0x65,0x08,0xab,0x2e,0x76,0x61,0x6c,0x75,0x65,
0x5f,0x6b,0x69,0x6e,0x64,0xad,0x67,0x6c,0x6f,0x62,0x61,0x6c,0x5f,0x62,0x75,0x66,
0x66,0x65,0x72,0x85,0xae,0x2e,0x61,0x63,0x74,0x75,0x61,0x6c,0x5f,0x61,0x63,0x63,
0x65,0x73,0x73,0xa9,0x72,0x65,0x61,0x64,0x5f,0x6f,0x6e,0x6c,0x79,0xae,0x2e,0x61,
0x64,0x64,0x72,0x65,0x73,0x73,0x5f,0x73,0x70,0x61,0x63,0x65,0xa6,0x67,0x6c,0x6f,
0x62,0x61,0x6c,0xa7,0x2e,0x6f,0x66,0x66,0x73,0x65,0x74,0x18,0xa5,0x2e,0x73,0x69,
0x7a,0x65,0x08,0xab,0x2e,0x76,0x61,0x6c,0x75,0x65,0x5f,0x6b,0x69,0x6e,0x64,0xad,
0x67,0x6c,0x6f,0x62,0x61,0x6c,0x5f,0x62,0x75,0x66,0x66,0x65,0x72,0x85,0xae,0x2e,
0x61,0x63,0x74,0x75,0x61,0x6c,0x5f,0x61,0x63,0x63,0x65,0x73,0x73,0xa9,0x72,0x65,
0x61,0x64,0x5f,0x6f,0x6e,0x6c,0x79,0xae,0x2e,0x61,0x64,0x64,0x72,0x65,0x73,0x73,
0x5f,0x73,0x70,0x61,0x63,0x65,0xa6,0x67,0x6c,0x6f,0x62,0x61,0x6c,0xa7,0x2e,0x6f,
0x66,0x66,0x73,0x65,0x74,0x20,0xa5,0x2e,0x73,0x69,0x7a,0x65,0x08,0xab,0x2e,0x76,
0x61,0x6c,0x75,0x65,0x5f,0x6b,0x69,0x6e,0x64,0xad,0x67,0x6c,0x6f,0x62,0x61,0x6c,
0x5f,0x62,0x75,0x66,0x66,0x65,0x72,0x83,0xa7,0x2e,0x6f,0x66,0x66,0x73,0x65,0x74,
0x28,0xa5,0x2e,0x73,0x69,0x7a,0x65,0x04,0xab,0x2e,0x76,0x61,0x6c,0x75,0x65,0x5f,
0x6b,0x69,0x6e,0x64,0xa8,0x62,0x79,0x5f,0x76,0x61,0x6c,0x75,0x65,0x83,0xa7,0x2e,
0x6f,0x66,0x66,0x73,0x65,0x74,0x2c,0xa5,0x2e,0x73,0x69,0x7a,0x65,0x04,0xab,0x2e,
0x76,0x61,0x6c,0x75,0x65,0x5f,0x6b,0x69,0x6e,0x64,0xa8,0x62,0x79,0x5f,0x76,0x61,
0x6c,0x75,0x65,0x83,0xa7,0x2e,0x6f,0x66,0x66,0x73,0x65,0x74,0x30,0xa5,0x2e,0x73,
0x69,0x7a,0x65,0x04,0xab,0x2e,0x76,0x61,0x6c,0x75,0x65,0x5f,0x6b,0x69,0x6e,0x64,
0xb4,0x68,0x69,0x64,0x64,0x65,0x6e,0x5f,0x62,0x6c,0x6f,0x63,0x6b,0x5f,0x63,0x6f,
0x75,0x6e,0x74,0x5f,0x78,0x83,0xa7,0x2e,0x6f,0x66,0x66,0x73,0x65,0x74,0x34,0xa5,
0x2e,0x73,0x69,0x7a,0x65,0x04,0xab,0x2e,0x76,0x61,0x6c,0x75,0x65,0x5f,0x6b,0x69,
0x6e,0x64,0xb4,0x68,0x69,0x64,0x64,0x65,0x6e,0x5f,0x62,0x6c,0x6f,0x63,0x6b,0x5f,
0x63,0x6f,0x75,0x6e,0x74,0x5f,0x79,0x83,0xa7,0x2e,0x6f,0x66,0x66,0x73,0x65,0x74,
0x38,0xa5,0x2e,0x73,0x69,0x7a,0x65,0x04,0xab,0x2e,0x76,0x61,0x6c,0x75,0x65,0x5f,
0x6b,0x69,0x6e,0x64,0xb4,0x68,0x69,0x64,0x64,0x65,0x6e,0x5f,0x62,0x6c,0x6f,0x63,
0x6b,0x5f,0x63,0x6f,0x75,0x6e,0x74,0x5f,0x7a,0x83,0xa7,0x2e,0x6f,0x66,0x66,0x73,
0x65,0x74,0x3c,0xa5,0x2e,0x73,0x69,0x7a,0x65,0x02,0xab,0x2e,0x76,0x61,0x6c,0x75,
0x65,0x5f,0x6b,0x69,0x6e,0x64,0xb3,0x68,0x69,0x64,0x64,0x65,0x6e,0x5f,0x67,0x72,
0x6f,0x75,0x70,0x5f,0x73,0x69,0x7a,0x65,0x5f,0x78,0x83,0xa7,0x2e,0x6f,0x66,0x66,
0x73,0x65,0x74,0x3e,0xa5,0x2e,0x73,0x69,0x7a,0x65,0x02,0xab,0x2e,0x76,0x61,0x6c,
0x75,0x65,0x5f,0x6b,0x69,0x6e,0x64,0xb3,0x68,0x69,0x64,0x64,0x65,0x6e,0x5f,0x67,
0x72,0x6f,0x75,0x70,0x5f,0x73,0x69,0x7a,0x65,0x5f,0x79,0x83,0xa7,0x2e,0x6f,0x66,
0x66,0x73,0x65,0x74,0x40,0xa5,0x2e,0x73,0x69,0x7a,0x65,0x02,0xab,0x2e,0x76,0x61,
0x6c,0x75,0x65,0x5f,0x6b,0x69,0x6e,0x64,0xb3,0x68,0x69,0x64,0x64,0x65,0x6e,0x5f,
0x67,0x72,0x6f,0x75,0x70,0x5f,0x73,0x69,0x7a,0x65,0x5f,0x7a,0x83,0xa7,0x2e,0x6f,
0x66,0x66,0x73,0x65,0x74,0x42,0xa5,0x2e,0x73,0x69,0x7a,0x65,0x02,0xab,0x2e,0x76,
0x61,0x6c,0x75,0x65,0x5f,0x6b,0x69,0x6e,0x64,0xb2,0x68,0x69,0x64,0x64,0x65,0x6e,
0x5f,0x72,0x65,0x6d,0x61,0x69,0x6e,0x64,0x65,0x72,0x5f,0x78,0x83,0xa7,0x2e,0x6f,
0x66,0x66,0x73,0x65,0x74,0x44,0xa5,0x2e,0x73,0x69,0x7a,0x65,0x02,0xab,0x2e,0x76,
0x61,0x6c,0x75,0x65,0x5f,0x6b,0x69,0x6e,0x64,0xb2,0x68,0x69,0x64,0x64,0x65,0x6e,
0x5f,0x72,0x65,0x6d,0x61,0x69,0x6e,0x64,0x65,0x72,0x5f,0x79,0x83,0xa7,0x2e,0x6f,
0x66,0x66,0x73,0x65,0x74,0x46,0xa5,0x2e,0x73,0x69,0x7a,0x65,0x02,0xab,0x2e,0x76,
0x61,0x6c,0x75,0x65,0x5f,0x6b,0x69,0x6e,0x64,0xb2,0x68,0x69,0x64,0x64,0x65,0x6e,
0x5f,0x72,0x65,0x6d,0x61,0x69,0x6e,0x64,0x65,0x72,0x5f,0x7a,0x83,0xa7,0x2e,0x6f,
0x66,0x66,0x73,0x65,0x74,0x58,0xa5,0x2e,0x73,0x69,0x7a,0x65,0x08,0xab,0x2e,0x76,
0x61,0x6c,0x75,0x65,0x5f,0x6b,0x69,0x6e,0x64,0xb6,0x68,0x69,0x64,0x64,0x65,0x6e,
0x5f,0x67,0x6c,0x6f,0x62,0x61,0x6c,0x5f,0x6f,0x66,0x66,0x73,0x65,0x74,0x5f,0x78,
0x83,0xa7,0x2e,0x6f,0x66,0x66,0x73,0x65,0x74,0x60,0xa5,0x2e,0x73,0x69,0x7a,0x65,
0x08,0xab,0x2e,0x76,0x61,0x6c,0x75,0x65,0x5f,0x6b,0x69,0x6e,0x64,0xb6,0x68,0x69,
0x64,0x64,0x65,0x6e,0x5f,0x67,0x6c,0x6f,0x62,0x61,0x6c,0x5f,0x6f,0x66,0x66,0x73,
0x65,0x74,0x5f,0x79,0x83,0xa7,0x2e,0x6f,0x66,0x66,0x73,0x65,0x74,0x68,0xa5,0x2e,
0x73,0x69,0x7a,0x65,0x08,0xab,0x2e,0x76,0x61,0x6c,0x75,0x65,0x5f,0x6b,0x69,0x6e,
0x64,0xb6,0x68,0x69,0x64,0x64,0x65,0x6e,0x5f,0x67,0x6c,0x6f,0x62,0x61,0x6c,0x5f,
0x6f,0x66,0x66,0x73,0x65,0x74,0x5f,0x7a,0x83,0xa7,0x2e,0x6f,0x66,0x66,0x73,0x65,
0x74,0x70,0xa5,0x2e,0x73,0x69,0x7a,0x65,0x02,0xab,0x2e,0x76,0x61,0x6c,0x75,0x65,
0x5f,0x6b,0x69,0x6e,0x64,0xb0,0x68,0x69,0x64,0x64,0x65,0x6e,0x5f,0x67,0x72,0x69,
0x64,0x5f,0x64,0x69,0x6d,0x73,0xb9,0x2e,0x67,0x72,0x6f,0x75,0x70,0x5f,0x73,0x65,
0x67,0x6d,0x65,0x6e,0x74,0x5f,0x66,0x69,0x78,0x65,0x64,0x5f,0x73,0x69,0x7a,0x65,
0x00,0xb6,0x2e,0x6b,0x65,0x72,0x6e,0x61,0x72,0x67,0x5f,0x73,0x65,0x67,0x6d,0x65,
0x6e,0x74,0x5f,0x61,0x6c,0x69,0x67,0x6e,0x08,0xb5,0x2e,0x6b,0x65,0x72,0x6e,0x61,
0x72,0x67,0x5f,0x73,0x65,0x67,0x6d,0x65,0x6e,0x74,0x5f,0x73,0x69,0x7a,0x65,0xcd,
0x01,0x30,0xa9,0x2e,0x6c,0x61,0x6e,0x67,0x75,0x61,0x67,0x65,0xa8,0x4f,0x70,0x65,
0x6e,0x43,0x4c,0x20,0x43,0xb1,0x2e,0x6c,0x61,0x6e,0x67,0x75,0x61,0x67,0x65,0x5f,
0x76,0x65,0x72,0x73,0x69,0x6f,0x6e,0x92,0x02,0x00,0xb8,0x2e,0x6d,0x61,0x78,0x5f,
0x66,0x6c,0x61,0x74,0x5f,0x77,0x6f,0x72,0x6b,0x67,0x72,0x6f,0x75,0x70,0x5f,0x73,
0x69,0x7a,0x65,0x20,0xa5,0x2e,0x6e,0x61,0x6d,0x65,0xd9,0x3b,0x5f,0x5a,0x32,0x38,
0x6e,0x6f,0x72,0x6d,0x5f,0x6e,0x63,0x68,0x77,0x5f,0x73,0x70,0x6c,0x69,0x74,0x5f,
0x6b,0x65,0x72,0x6e,0x65,0x6c,0x5f,0x70,0x61,0x72,0x74,0x33,0x50,0x50,0x4b,0x44,
0x46,0x31,0x36,0x5f,0x53,0x31,0x5f,0x53,0x31,0x5f,0x50,0x50,0x4b,0x66,0x50,0x50,
0x44,0x46,0x31,0x36,0x5f,0x6a,0x6a,0xbb,0x2e,0x70,0x72,0x69,0x76,0x61,0x74,0x65,
0x5f,0x73,0x65,0x67,0x6d,0x65,0x6e,0x74,0x5f,0x66,0x69,0x78,0x65,0x64,0x5f,0x73,
0x69,0x7a,0x65,0x00,0xab,0x2e,0x73,0x67,0x70,0x72,0x5f,0x63,0x6f,0x75,0x6e,0x74,
0x11,0xb1,0x2e,0x73,0x67,0x70,0x72,0x5f,0x73,0x70,0x69,0x6c,0x6c,0x5f,0x63,0x6f,
0x75,0x6e,0x74,0x00,0xa7,0x2e,0x73,0x79,0x6d,0x62,0x6f,0x6c,0xd9,0x3e,0x5f,0x5a,
0x32,0x38,0x6e,0x6f,0x72,0x6d,0x5f,0x6e,0x63,0x68,0x77,0x5f,0x73,0x70,0x6c,0x69,
0x74,0x5f,0x6b,0x65,0x72,0x6e,0x65,0x6c,0x5f,0x70,0x61,0x72,0x74,0x33,0x50,0x50,
0x4b,0x44,0x46,0x31,0x36,0x5f,0x53,0x31,0x5f,0x53,0x31,0x5f,0x50,0x50,0x4b,0x66,
0x50,0x50,0x44,0x46,0x31,0x36,0x5f,0x6a,0x6a,0x2e,0x6b,0x64,0xb8,0x2e,0x75,0x6e,
0x69,0x66,0x6f,0x72,0x6d,0x5f,0x77,0x6f,0x72,0x6b,0x5f,0x67,0x72,0x6f,0x75,0x70,
0x5f,0x73,0x69,0x7a,0x65,0x01,0xb3,0x2e,0x75,0x73,0x65,0x73,0x5f,0x64,0x79,0x6e,
0x61,0x6d,0x69,0x63,0x5f,0x73,0x74,0x61,0x63,0x6b,0xc2,0xab,0x2e,0x76,0x67,0x70,
0x72,0x5f,0x63,0x6f,0x75,0x6e,0x74,0x13,0xb1,0x2e,0x76,0x67,0x70,0x72,0x5f,0x73,
0x70,0x69,0x6c,0x6c,0x5f,0x63,0x6f,0x75,0x6e,0x74,0x00,0xaf,0x2e,0x77,0x61,0x76,
0x65,0x66,0x72,0x6f,0x6e,0x74,0x5f,0x73,0x69,0x7a,0x65,0x20,0xb9,0x2e,0x77,0x6f,
0x72,0x6b,0x67,0x72,0x6f,0x75,0x70,0x5f,0x70,0x72,0x6f,0x63,0x65,0x73,0x73,0x6f,
0x72,0x5f,0x6d,0x6f,0x64,0x65,0x00,0xad,0x61,0x6d,0x64,0x68,0x73,0x61,0x2e,0x74,
0x61,0x72,0x67,0x65,0x74,0xba,0x61,0x6d,0x64,0x67,0x63,0x6e,0x2d,0x61,0x6d,0x64,
0x2d,0x61,0x6d,0x64,0x68,0x73,0x61,0x2d,0x2d,0x67,0x66,0x78,0x31,0x32,0x30,0x30,
0xae,0x61,0x6d,0x64,0x68,0x73,0x61,0x2e,0x76,0x65,0x72,0x73,0x69,0x6f,0x6e,0x92,
0x01,0x02,0x00,0x00,0x01,0x00,0x00,0x00,0x08,0x00,0x00,0x00,0x01,0x00,0x00,0x00,
0x0a,0x00,0x00,0x00,0x01,0x00,0x00,0x00,0x0c,0x00,0x00,0x00,0x01,0x00,0x00,0x00,
0x0e,0x00,0x00,0x00,0x01,0x00,0x00,0x00,0x10,0x00,0x00,0x00,0x01,0x00,0x00,0x00,
0x12,0x00,0x00,0x00,0x01,0x00,0x00,0x00,0x14,0x00,0x00,0x00,0x01,0x00,0x00,0x00,
0x16,0x00,0x00,0x00,0x01,0x00,0x00,0x00,0x18,0x00,0x00,0x00,0x01,0x00,0x00,0x00,
0x1a,0x00,0x00,0x00,0x01,0x00,0x00,0x00,0x1c,0x00,0x00,0x00,0x00,0x00,0x00,0x00,
0x00,0x00,0x00,0x00,0x00,0x00,0x00,0x00,0x00,0x00,0x00,0x00,0x00,0x00,0x00,0x00,
0x00,0x00,0x00,0x00,0x00,0x00,0x00,0x00,0x3e,0x00,0x00,0x00,0x00,0x00,0xf1,0xff,
0x13,0x00,0x00,0x00,0x00,0x00,0x00,0x00,0x00,0x00,0x00,0x00,0x00,0x00,0x00,0x00,
0xf5,0x00,0x00,0x00,0x00,0x00,0xf1,0xff,0x00,0x00,0x00,0x00,0x00,0x00,0x00,0x00,
0x00,0x00,0x00,0x00,0x00,0x00,0x00,0x00,0x97,0x00,0x00,0x00,0x00,0x00,0xf1,0xff,
0x0f,0x00,0x00,0x00,0x00,0x00,0x00,0x00,0x00,0x00,0x00,0x00,0x00,0x00,0x00,0x00,
0x16,0x03,0x00,0x00,0x00,0x00,0xf1,0xff,0x00,0x00,0x00,0x00,0x00,0x00,0x00,0x00,
0x00,0x00,0x00,0x00,0x00,0x00,0x00,0x00,0xd3,0x03,0x00,0x00,0x00,0x00,0xf1,0xff,
0x01,0x00,0x00,0x00,0x00,0x00,0x00,0x00,0x00,0x00,0x00,0x00,0x00,0x00,0x00,0x00,
0xba,0x02,0x00,0x00,0x00,0x00,0xf1,0xff,0x00,0x00,0x00,0x00,0x00,0x00,0x00,0x00,
0x00,0x00,0x00,0x00,0x00,0x00,0x00,0x00,0xfc,0x01,0x00,0x00,0x00,0x00,0xf1,0xff,
0x00,0x00,0x00,0x00,0x00,0x00,0x00,0x00,0x00,0x00,0x00,0x00,0x00,0x00,0x00,0x00,
0x64,0x01,0x00,0x00,0x00,0x00,0xf1,0xff,0x00,0x00,0x00,0x00,0x00,0x00,0x00,0x00,
0x00,0x00,0x00,0x00,0x00,0x00,0x00,0x00,0xae,0x01,0x00,0x00,0x00,0x00,0xf1,0xff,
0x00,0x00,0x00,0x00,0x00,0x00,0x00,0x00,0x00,0x00,0x00,0x00,0x00,0x00,0x00,0x00,
0x2a,0x00,0x00,0x00,0x00,0x00,0xf1,0xff,0x00,0x00,0x00,0x00,0x00,0x00,0x00,0x00,
0x00,0x00,0x00,0x00,0x00,0x00,0x00,0x00,0xe1,0x00,0x00,0x00,0x00,0x00,0xf1,0xff,
0x00,0x00,0x00,0x00,0x00,0x00,0x00,0x00,0x00,0x00,0x00,0x00,0x00,0x00,0x00,0x00,
0x83,0x00,0x00,0x00,0x00,0x00,0xf1,0xff,0x00,0x00,0x00,0x00,0x00,0x00,0x00,0x00,
0x00,0x00,0x00,0x00,0x00,0x00,0x00,0x00,0x5c,0x02,0x00,0x00,0x12,0x03,0x02,0x00,
0x00,0x00,0x00,0x00,0x00,0x00,0x00,0x00,0x84,0x03,0x00,0x00,0x00,0x00,0x00,0x00,
0x69,0x03,0x00,0x00,0x11,0x03,0x03,0x00,0x00,0x00,0x00,0x00,0x00,0x00,0x00,0x00,
0x40,0x00,0x00,0x00,0x00,0x00,0x00,0x00,0x81,0x05,0x00,0x00,0x21,0x03,0x08,0x00,
0x00,0x00,0x00,0x00,0x00,0x00,0x00,0x00,0x08,0x00,0x00,0x00,0x00,0x00,0x00,0x00,
0x5d,0x01,0x00,0x00,0x21,0x02,0x0a,0x00,0x00,0x00,0x00,0x00,0x00,0x00,0x00,0x00,
0x50,0x00,0x00,0x00,0x00,0x00,0x00,0x00,0x1b,0x05,0x00,0x00,0x21,0x02,0x0c,0x00,
0x00,0x00,0x00,0x00,0x00,0x00,0x00,0x00,0x50,0x00,0x00,0x00,0x00,0x00,0x00,0x00,
0xb3,0x02,0x00,0x00,0x21,0x02,0x0e,0x00,0x00,0x00,0x00,0x00,0x00,0x00,0x00,0x00,
0x50,0x00,0x00,0x00,0x00,0x00,0x00,0x00,0x4e,0x05,0x00,0x00,0x21,0x02,0x10,0x00,
0x00,0x00,0x00,0x00,0x00,0x00,0x00,0x00,0x50,0x00,0x00,0x00,0x00,0x00,0x00,0x00,
0xcc,0x03,0x00,0x00,0x21,0x02,0x12,0x00,0x00,0x00,0x00,0x00,0x00,0x00,0x00,0x00,
0xa0,0x00,0x00,0x00,0x00,0x00,0x00,0x00,0xa0,0x02,0x00,0x00,0x21,0x02,0x14,0x00,
0x00,0x00,0x00,0x00,0x00,0x00,0x00,0x00,0x50,0x00,0x00,0x00,0x00,0x00,0x00,0x00,
0x49,0x01,0x00,0x00,0x21,0x02,0x16,0x00,0x00,0x00,0x00,0x00,0x00,0x00,0x00,0x00,
0x50,0x00,0x00,0x00,0x00,0x00,0x00,0x00,0xe7,0x04,0x00,0x00,0x21,0x02,0x18,0x00,
0x00,0x00,0x00,0x00,0x00,0x00,0x00,0x00,0xa0,0x00,0x00,0x00,0x00,0x00,0x00,0x00,
0x9a,0x04,0x00,0x00,0x21,0x02,0x1a,0x00,0x00,0x00,0x00,0x00,0x00,0x00,0x00,0x00,
0x50,0x00,0x00,0x00,0x00,0x00,0x00,0x00,0x4c,0x04,0x00,0x00,0x21,0x02,0x1c,0x00,
0x00,0x00,0x00,0x00,0x00,0x00,0x00,0x00,0x50,0x00,0x00,0x00,0x00,0x00,0x00,0x00,
0xa8,0x03,0x00,0x00,0x11,0x00,0x1d,0x00,0x00,0x00,0x00,0x00,0x00,0x00,0x00,0x00,
0x01,0x00,0x00,0x00,0x00,0x00,0x00,0x00,0x10,0x00,0x00,0x00,0x00,0x00,0x00,0x00,
0x05,0x00,0x00,0x00,0x0d,0x00,0x00,0x00,0x10,0x00,0x00,0x00,0x00,0x00,0x00,0x00,
0x1a,0x00,0x2e,0x74,0x65,0x78,0x74,0x00,0x2e,0x63,0x6f,0x6d,0x6d,0x65,0x6e,0x74,
0x00,0x2e,0x62,0x73,0x73,0x00,0x2e,0x41,0x4d,0x44,0x47,0x50,0x55,0x2e,0x67,0x70,
0x72,0x5f,0x6d,0x61,0x78,0x69,0x6d,0x75,0x6d,0x73,0x00,0x61,0x6d,0x64,0x67,0x70,
0x75,0x2e,0x6d,0x61,0x78,0x5f,0x6e,0x75,0x6d,0x5f,0x76,0x67,0x70,0x72,0x00,0x5f,
0x5a,0x32,0x38,0x6e,0x6f,0x72,0x6d,0x5f,0x6e,0x63,0x68,0x77,0x5f,0x73,0x70,0x6c,
0x69,0x74,0x5f,0x6b,0x65,0x72,0x6e,0x65,0x6c,0x5f,0x70,0x61,0x72,0x74,0x33,0x50,
0x50,0x4b,0x44,0x46,0x31,0x36,0x5f,0x53,0x31,0x5f,0x53,0x31,0x5f,0x50,0x50,0x4b,
0x66,0x50,0x50,0x44,0x46,0x31,0x36,0x5f,0x6a,0x6a,0x2e,0x6e,0x75,0x6d,0x5f,0x76,
0x67,0x70,0x72,0x00,0x61,0x6d,0x64,0x67,0x70,0x75,0x2e,0x6d,0x61,0x78,0x5f,0x6e,
0x75,0x6d,0x5f,0x73,0x67,0x70,0x72,0x00,0x5f,0x5a,0x32,0x38,0x6e,0x6f,0x72,0x6d,
0x5f,0x6e,0x63,0x68,0x77,0x5f,0x73,0x70,0x6c,0x69,0x74,0x5f,0x6b,0x65,0x72,0x6e,
0x65,0x6c,0x5f,0x70,0x61,0x72,0x74,0x33,0x50,0x50,0x4b,0x44,0x46,0x31,0x36,0x5f,
0x53,0x31,0x5f,0x53,0x31,0x5f,0x50,0x50,0x4b,0x66,0x50,0x50,0x44,0x46,0x31,0x36,
0x5f,0x6a,0x6a,0x2e,0x6e,0x75,0x6d,0x62,0x65,0x72,0x65,0x64,0x5f,0x73,0x67,0x70,
0x72,0x00,0x61,0x6d,0x64,0x67,0x70,0x75,0x2e,0x6d,0x61,0x78,0x5f,0x6e,0x75,0x6d,
0x5f,0x61,0x67,0x70,0x72,0x00,0x5f,0x5a,0x32,0x38,0x6e,0x6f,0x72,0x6d,0x5f,0x6e,
0x63,0x68,0x77,0x5f,0x73,0x70,0x6c,0x69,0x74,0x5f,0x6b,0x65,0x72,0x6e,0x65,0x6c,
0x5f,0x70,0x61,0x72,0x74,0x33,0x50,0x50,0x4b,0x44,0x46,0x31,0x36,0x5f,0x53,0x31,
0x5f,0x53,0x31,0x5f,0x50,0x50,0x4b,0x66,0x50,0x50,0x44,0x46,0x31,0x36,0x5f,0x6a,
0x6a,0x2e,0x6e,0x75,0x6d,0x5f,0x61,0x67,0x70,0x72,0x00,0x2e,0x67,0x72,0x6f,0x75,
0x70,0x00,0x2e,0x72,0x6f,0x64,0x61,0x74,0x61,0x2e,0x5f,0x5a,0x54,0x43,0x53,0x64,
0x31,0x36,0x5f,0x53,0x6f,0x00,0x2e,0x72,0x6f,0x64,0x61,0x74,0x61,0x2e,0x5f,0x5a,
0x54,0x56,0x53,0x6f,0x00,0x5f,0x5a,0x32,0x38,0x6e,0x6f,0x72,0x6d,0x5f,0x6e,0x63,
0x68,0x77,0x5f,0x73,0x70,0x6c,0x69,0x74,0x5f,0x6b,0x65,0x72,0x6e,0x65,0x6c,0x5f,
0x70,0x61,0x72,0x74,0x33,0x50,0x50,0x4b,0x44,0x46,0x31,0x36,0x5f,0x53,0x31,0x5f,
0x53,0x31,0x5f,0x50,0x50,0x4b,0x66,0x50,0x50,0x44,0x46,0x31,0x36,0x5f,0x6a,0x6a,
0x2e,0x68,0x61,0x73,0x5f,0x72,0x65,0x63,0x75,0x72,0x73,0x69,0x6f,0x6e,0x00,0x5f,
0x5a,0x32,0x38,0x6e,0x6f,0x72,0x6d,0x5f,0x6e,0x63,0x68,0x77,0x5f,0x73,0x70,0x6c,
0x69,0x74,0x5f,0x6b,0x65,0x72,0x6e,0x65,0x6c,0x5f,0x70,0x61,0x72,0x74,0x33,0x50,
0x50,0x4b,0x44,0x46,0x31,0x36,0x5f,0x53,0x31,0x5f,0x53,0x31,0x5f,0x50,0x50,0x4b,
0x66,0x50,0x50,0x44,0x46,0x31,0x36,0x5f,0x6a,0x6a,0x2e,0x68,0x61,0x73,0x5f,0x69,
0x6e,0x64,0x69,0x72,0x65,0x63,0x74,0x5f,0x63,0x61,0x6c,0x6c,0x00,0x5f,0x5a,0x32,
0x38,0x6e,0x6f,0x72,0x6d,0x5f,0x6e,0x63,0x68,0x77,0x5f,0x73,0x70,0x6c,0x69,0x74,
0x5f,0x6b,0x65,0x72,0x6e,0x65,0x6c,0x5f,0x70,0x61,0x72,0x74,0x33,0x50,0x50,0x4b,
0x44,0x46,0x31,0x36,0x5f,0x53,0x31,0x5f,0x53,0x31,0x5f,0x50,0x50,0x4b,0x66,0x50,
0x50,0x44,0x46,0x31,0x36,0x5f,0x6a,0x6a,0x2e,0x68,0x61,0x73,0x5f,0x64,0x79,0x6e,
0x5f,0x73,0x69,0x7a,0x65,0x64,0x5f,0x73,0x74,0x61,0x63,0x6b,0x00,0x2e,0x6e,0x6f,
0x74,0x65,0x2e,0x47,0x4e,0x55,0x2d,0x73,0x74,0x61,0x63,0x6b,0x00,0x5f,0x5a,0x32,
0x38,0x6e,0x6f,0x72,0x6d,0x5f,0x6e,0x63,0x68,0x77,0x5f,0x73,0x70,0x6c,0x69,0x74,
0x5f,0x6b,0x65,0x72,0x6e,0x65,0x6c,0x5f,0x70,0x61,0x72,0x74,0x33,0x50,0x50,0x4b,
0x44,0x46,0x31,0x36,0x5f,0x53,0x31,0x5f,0x53,0x31,0x5f,0x50,0x50,0x4b,0x66,0x50,
0x50,0x44,0x46,0x31,0x36,0x5f,0x6a,0x6a,0x00,0x2e,0x72,0x6f,0x64,0x61,0x74,0x61,
0x2e,0x5f,0x5a,0x54,0x43,0x53,0x64,0x30,0x5f,0x53,0x69,0x00,0x2e,0x72,0x6f,0x64,
0x61,0x74,0x61,0x2e,0x5f,0x5a,0x54,0x56,0x53,0x69,0x00,0x5f,0x5a,0x32,0x38,0x6e,
0x6f,0x72,0x6d,0x5f,0x6e,0x63,0x68,0x77,0x5f,0x73,0x70,0x6c,0x69,0x74,0x5f,0x6b,
0x65,0x72,0x6e,0x65,0x6c,0x5f,0x70,0x61,0x72,0x74,0x33,0x50,0x50,0x4b,0x44,0x46,
0x31,0x36,0x5f,0x53,0x31,0x5f,0x53,0x31,0x5f,0x50,0x50,0x4b,0x66,0x50,0x50,0x44,
0x46,0x31,0x36,0x5f,0x6a,0x6a,0x2e,0x75,0x73,0x65,0x73,0x5f,0x66,0x6c,0x61,0x74,
0x5f,0x73,0x63,0x72,0x61,0x74,0x63,0x68,0x00,0x2e,0x6c,0x6c,0x76,0x6d,0x5f,0x61,
0x64,0x64,0x72,0x73,0x69,0x67,0x00,0x5f,0x5a,0x32,0x38,0x6e,0x6f,0x72,0x6d,0x5f,
0x6e,0x63,0x68,0x77,0x5f,0x73,0x70,0x6c,0x69,0x74,0x5f,0x6b,0x65,0x72,0x6e,0x65,
0x6c,0x5f,0x70,0x61,0x72,0x74,0x33,0x50,0x50,0x4b,0x44,0x46,0x31,0x36,0x5f,0x53,
0x31,0x5f,0x53,0x31,0x5f,0x50,0x50,0x4b,0x66,0x50,0x50,0x44,0x46,0x31,0x36,0x5f,
0x6a,0x6a,0x2e,0x70,0x72,0x69,0x76,0x61,0x74,0x65,0x5f,0x73,0x65,0x67,0x5f,0x73,
0x69,0x7a,0x65,0x00,0x2e,0x6e,0x6f,0x74,0x65,0x00,0x5f,0x5a,0x32,0x38,0x6e,0x6f,
0x72,0x6d,0x5f,0x6e,0x63,0x68,0x77,0x5f,0x73,0x70,0x6c,0x69,0x74,0x5f,0x6b,0x65,
0x72,0x6e,0x65,0x6c,0x5f,0x70,0x61,0x72,0x74,0x33,0x50,0x50,0x4b,0x44,0x46,0x31,
0x36,0x5f,0x53,0x31,0x5f,0x53,0x31,0x5f,0x50,0x50,0x4b,0x66,0x50,0x50,0x44,0x46,
0x31,0x36,0x5f,0x6a,0x6a,0x2e,0x6b,0x64,0x00,0x5f,0x5f,0x68,0x69,0x70,0x5f,0x63,
0x75,0x69,0x64,0x5f,0x35,0x66,0x34,0x65,0x63,0x30,0x63,0x35,0x38,0x34,0x30,0x65,
0x62,0x63,0x64,0x64,0x00,0x2e,0x72,0x6f,0x64,0x61,0x74,0x61,0x2e,0x5f,0x5a,0x54,
0x56,0x53,0x64,0x00,0x5f,0x5a,0x32,0x38,0x6e,0x6f,0x72,0x6d,0x5f,0x6e,0x63,0x68,
0x77,0x5f,0x73,0x70,0x6c,0x69,0x74,0x5f,0x6b,0x65,0x72,0x6e,0x65,0x6c,0x5f,0x70,
0x61,0x72,0x74,0x33,0x50,0x50,0x4b,0x44,0x46,0x31,0x36,0x5f,0x53,0x31,0x5f,0x53,
0x31,0x5f,0x50,0x50,0x4b,0x66,0x50,0x50,0x44,0x46,0x31,0x36,0x5f,0x6a,0x6a,0x2e,
0x75,0x73,0x65,0x73,0x5f,0x76,0x63,0x63,0x00,0x2e,0x73,0x74,0x72,0x74,0x61,0x62,
0x00,0x2e,0x73,0x79,0x6d,0x74,0x61,0x62,0x00,0x2e,0x41,0x4d,0x44,0x47,0x50,0x55,
0x2e,0x63,0x73,0x64,0x61,0x74,0x61,0x00,0x2e,0x72,0x65,0x6c,0x61,0x2e,0x72,0x6f,
0x64,0x61,0x74,0x61,0x00,0x2e,0x72,0x6f,0x64,0x61,0x74,0x61,0x2e,0x5f,0x5a,0x54,
0x43,0x53,0x74,0x31,0x34,0x62,0x61,0x73,0x69,0x63,0x5f,0x69,0x6f,0x73,0x74,0x72,
0x65,0x61,0x6d,0x49,0x77,0x53,0x74,0x31,0x31,0x63,0x68,0x61,0x72,0x5f,0x74,0x72,
0x61,0x69,0x74,0x73,0x49,0x77,0x45,0x45,0x31,0x36,0x5f,0x53,0x74,0x31,0x33,0x62,
0x61,0x73,0x69,0x63,0x5f,0x6f,0x73,0x74,0x72,0x65,0x61,0x6d,0x49,0x77,0x53,0x31,
0x5f,0x45,0x00,0x2e,0x72,0x6f,0x64,0x61,0x74,0x61,0x2e,0x5f,0x5a,0x54,0x43,0x53,
0x74,0x31,0x34,0x62,0x61,0x73,0x69,0x63,0x5f,0x69,0x6f,0x73,0x74,0x72,0x65,0x61,
0x6d,0x49,0x77,0x53,0x74,0x31,0x31,0x63,0x68,0x61,0x72,0x5f,0x74,0x72,0x61,0x69,
0x74,0x73,0x49,0x77,0x45,0x45,0x30,0x5f,0x53,0x74,0x31,0x33,0x62,0x61,0x73,0x69,
0x63,0x5f,0x69,0x73,0x74,0x72,0x65,0x61,0x6d,0x49,0x77,0x53,0x31,0x5f,0x45,0x00,
0x2e,0x72,0x6f,0x64,0x61,0x74,0x61,0x2e,0x5f,0x5a,0x54,0x56,0x53,0x74,0x31,0x34,
0x62,0x61,0x73,0x69,0x63,0x5f,0x69,0x6f,0x73,0x74,0x72,0x65,0x61,0x6d,0x49,0x77,
0x53,0x74,0x31,0x31,0x63,0x68,0x61,0x72,0x5f,0x74,0x72,0x61,0x69,0x74,0x73,0x49,
0x77,0x45,0x45,0x00,0x2e,0x72,0x6f,0x64,0x61,0x74,0x61,0x2e,0x5f,0x5a,0x54,0x56,
0x53,0x74,0x31,0x33,0x62,0x61,0x73,0x69,0x63,0x5f,0x6f,0x73,0x74,0x72,0x65,0x61,
0x6d,0x49,0x77,0x53,0x74,0x31,0x31,0x63,0x68,0x61,0x72,0x5f,0x74,0x72,0x61,0x69,
0x74,0x73,0x49,0x77,0x45,0x45,0x00,0x2e,0x72,0x6f,0x64,0x61,0x74,0x61,0x2e,0x5f,
0x5a,0x54,0x56,0x53,0x74,0x31,0x33,0x62,0x61,0x73,0x69,0x63,0x5f,0x69,0x73,0x74,
0x72,0x65,0x61,0x6d,0x49,0x77,0x53,0x74,0x31,0x31,0x63,0x68,0x61,0x72,0x5f,0x74,
0x72,0x61,0x69,0x74,0x73,0x49,0x77,0x45,0x45,0x00,0x2e,0x72,0x6f,0x64,0x61,0x74,
0x61,0x2e,0x5f,0x46,0x65,0x6e,0x76,0x31,0x00,0x00,0x00,0x00,0x00,0x00,0x00,0x00,
0x00,0x00,0x00,0x00,0x00,0x00,0x00,0x00,0x00,0x00,0x00,0x00,0x00,0x00,0x00,0x00,
0x00,0x00,0x00,0x00,0x00,0x00,0x00,0x00,0x00,0x00,0x00,0x00,0x00,0x00,0x00,0x00,
0x00,0x00,0x00,0x00,0x00,0x00,0x00,0x00,0x00,0x00,0x00,0x00,0x00,0x00,0x00,0x00,
0x00,0x00,0x00,0x00,0x00,0x00,0x00,0x00,0x00,0x00,0x00,0x00,0x00,0x00,0x00,0x00,
0x18,0x04,0x00,0x00,0x03,0x00,0x00,0x00,0x00,0x00,0x00,0x00,0x00,0x00,0x00,0x00,
0x00,0x00,0x00,0x00,0x00,0x00,0x00,0x00,0x71,0x14,0x00,0x00,0x00,0x00,0x00,0x00,
0x88,0x05,0x00,0x00,0x00,0x00,0x00,0x00,0x00,0x00,0x00,0x00,0x00,0x00,0x00,0x00,
0x01,0x00,0x00,0x00,0x00,0x00,0x00,0x00,0x00,0x00,0x00,0x00,0x00,0x00,0x00,0x00,
0x01,0x00,0x00,0x00,0x01,0x00,0x00,0x00,0x06,0x00,0x00,0x00,0x00,0x00,0x00,0x00,
0x00,0x00,0x00,0x00,0x00,0x00,0x00,0x00,0x00,0x01,0x00,0x00,0x00,0x00,0x00,0x00,
0x80,0x05,0x00,0x00,0x00,0x00,0x00,0x00,0x00,0x00,0x00,0x00,0x00,0x00,0x00,0x00,
0x00,0x01,0x00,0x00,0x00,0x00,0x00,0x00,0x00,0x00,0x00,0x00,0x00,0x00,0x00,0x00,
0x3c,0x04,0x00,0x00,0x01,0x00,0x00,0x00,0x02,0x00,0x00,0x00,0x00,0x00,0x00,0x00,
0x00,0x00,0x00,0x00,0x00,0x00,0x00,0x00,0x80,0x06,0x00,0x00,0x00,0x00,0x00,0x00,
0x40,0x00,0x00,0x00,0x00,0x00,0x00,0x00,0x00,0x00,0x00,0x00,0x00,0x00,0x00,0x00,
0x40,0x00,0x00,0x00,0x00,0x00,0x00,0x00,0x00,0x00,0x00,0x00,0x00,0x00,0x00,0x00,
0x37,0x04,0x00,0x00,0x04,0x00,0x00,0x00,0x40,0x00,0x00,0x00,0x00,0x00,0x00,0x00,
0x00,0x00,0x00,0x00,0x00,0x00,0x00,0x00,0x58,0x14,0x00,0x00,0x00,0x00,0x00,0x00,
0x18,0x00,0x00,0x00,0x00,0x00,0x00,0x00,0x22,0x00,0x00,0x00,0x03,0x00,0x00,0x00,
0x08,0x00,0x00,0x00,0x00,0x00,0x00,0x00,0x18,0x00,0x00,0x00,0x00,0x00,0x00,0x00,
0x28,0x04,0x00,0x00,0x01,0x00,0x00,0x00,0x00,0x00,0x00,0x00,0x00,0x00,0x00,0x00,
0x00,0x00,0x00,0x00,0x00,0x00,0x00,0x00,0xc0,0x06,0x00,0x00,0x00,0x00,0x00,0x00,
0x00,0x00,0x00,0x00,0x00,0x00,0x00,0x00,0x00,0x00,0x00,0x00,0x00,0x00,0x00,0x00,
0x01,0x00,0x00,0x00,0x00,0x00,0x00,0x00,0x00,0x00,0x00,0x00,0x00,0x00,0x00,0x00,
0x15,0x00,0x00,0x00,0x01,0x00,0x00,0x00,0x00,0x00,0x00,0x00,0x00,0x00,0x00,0x00,
0x00,0x00,0x00,0x00,0x00,0x00,0x00,0x00,0xc0,0x06,0x00,0x00,0x00,0x00,0x00,0x00,
0x00,0x00,0x00,0x00,0x00,0x00,0x00,0x00,0x00,0x00,0x00,0x00,0x00,0x00,0x00,0x00,
0x01,0x00,0x00,0x00,0x00,0x00,0x00,0x00,0x00,0x00,0x00,0x00,0x00,0x00,0x00,0x00,
0x3a,0x01,0x00,0x00,0x11,0x00,0x00,0x00,0x00,0x00,0x00,0x00,0x00,0x00,0x00,0x00,
0x00,0x00,0x00,0x00,0x00,0x00,0x00,0x00,0x74,0x11,0x00,0x00,0x00,0x00,0x00,0x00,
0x08,0x00,0x00,0x00,0x00,0x00,0x00,0x00,0x22,0x00,0x00,0x00,0x0f,0x00,0x00,0x00,
0x04,0x00,0x00,0x00,0x00,0x00,0x00,0x00,0x04,0x00,0x00,0x00,0x00,0x00,0x00,0x00,
0x79,0x05,0x00,0x00,0x01,0x00,0x00,0x00,0x02,0x02,0x00,0x00,0x00,0x00,0x00,0x00,
0x00,0x00,0x00,0x00,0x00,0x00,0x00,0x00,0xc0,0x06,0x00,0x00,0x00,0x00,0x00,0x00,
0x08,0x00,0x00,0x00,0x00,0x00,0x00,0x00,0x00,0x00,0x00,0x00,0x00,0x00,0x00,0x00,
0x04,0x00,0x00,0x00,0x00,0x00,0x00,0x00,0x00,0x00,0x00,0x00,0x00,0x00,0x00,0x00,
0x3a,0x01,0x00,0x00,0x11,0x00,0x00,0x00,0x00,0x00,0x00,0x00,0x00,0x00,0x00,0x00,
0x00,0x00,0x00,0x00,0x00,0x00,0x00,0x00,0x7c,0x11,0x00,0x00,0x00,0x00,0x00,0x00,
0x08,0x00,0x00,0x00,0x00,0x00,0x00,0x00,0x22,0x00,0x00,0x00,0x10,0x00,0x00,0x00,
0x04,0x00,0x00,0x00,0x00,0x00,0x00,0x00,0x04,0x00,0x00,0x00,0x00,0x00,0x00,0x00,
0x55,0x01,0x00,0x00,0x01,0x00,0x00,0x00,0x02,0x02,0x00,0x00,0x00,0x00,0x00,0x00,
0x00,0x00,0x00,0x00,0x00,0x00,0x00,0x00,0xc8,0x06,0x00,0x00,0x00,0x00,0x00,0x00,
0x50,0x00,0x00,0x00,0x00,0x00,0x00,0x00,0x00,0x00,0x00,0x00,0x00,0x00,0x00,0x00,
0x08,0x00,0x00,0x00,0x00,0x00,0x00,0x00,0x00,0x00,0x00,0x00,0x00,0x00,0x00,0x00,
0x3a,0x01,0x00,0x00,0x11,0x00,0x00,0x00,0x00,0x00,0x00,0x00,0x00,0x00,0x00,0x00,
0x00,0x00,0x00,0x00,0x00,0x00,0x00,0x00,0x84,0x11,0x00,0x00,0x00,0x00,0x00,0x00,
0x08,0x00,0x00,0x00,0x00,0x00,0x00,0x00,0x22,0x00,0x00,0x00,0x11,0x00,0x00,0x00,
0x04,0x00,0x00,0x00,0x00,0x00,0x00,0x00,0x04,0x00,0x00,0x00,0x00,0x00,0x00,0x00,
0x13,0x05,0x00,0x00,0x01,0x00,0x00,0x00,0x02,0x02,0x00,0x00,0x00,0x00,0x00,0x00,
0x00,0x00,0x00,0x00,0x00,0x00,0x00,0x00,0x18,0x07,0x00,0x00,0x00,0x00,0x00,0x00,
0x50,0x00,0x00,0x00,0x00,0x00,0x00,0x00,0x00,0x00,0x00,0x00,0x00,0x00,0x00,0x00,
0x08,0x00,0x00,0x00,0x00,0x00,0x00,0x00,0x00,0x00,0x00,0x00,0x00,0x00,0x00,0x00,
0x3a,0x01,0x00,0x00,0x11,0x00,0x00,0x00,0x00,0x00,0x00,0x00,0x00,0x00,0x00,0x00,
0x00,0x00,0x00,0x00,0x00,0x00,0x00,0x00,0x8c,0x11,0x00,0x00,0x00,0x00,0x00,0x00,
0x08,0x00,0x00,0x00,0x00,0x00,0x00,0x00,0x22,0x00,0x00,0x00,0x12,0x00,0x00,0x00,
0x04,0x00,0x00,0x00,0x00,0x00,0x00,0x00,0x04,0x00,0x00,0x00,0x00,0x00,0x00,0x00,
0xab,0x02,0x00,0x00,0x01,0x00,0x00,0x00,0x02,0x02,0x00,0x00,0x00,0x00,0x00,0x00,
0x00,0x00,0x00,0x00,0x00,0x00,0x00,0x00,0x68,0x07,0x00,0x00,0x00,0x00,0x00,0x00,
0x50,0x00,0x00,0x00,0x00,0x00,0x00,0x00,0x00,0x00,0x00,0x00,0x00,0x00,0x00,0x00,
0x08,0x00,0x00,0x00,0x00,0x00,0x00,0x00,0x00,0x00,0x00,0x00,0x00,0x00,0x00,0x00,
0x3a,0x01,0x00,0x00,0x11,0x00,0x00,0x00,0x00,0x00,0x00,0x00,0x00,0x00,0x00,0x00,
0x00,0x00,0x00,0x00,0x00,0x00,0x00,0x00,0x94,0x11,0x00,0x00,0x00,0x00,0x00,0x00,
0x08,0x00,0x00,0x00,0x00,0x00,0x00,0x00,0x22,0x00,0x00,0x00,0x13,0x00,0x00,0x00,
0x04,0x00,0x00,0x00,0x00,0x00,0x00,0x00,0x04,0x00,0x00,0x00,0x00,0x00,0x00,0x00,
0x46,0x05,0x00,0x00,0x01,0x00,0x00,0x00,0x02,0x02,0x00,0x00,0x00,0x00,0x00,0x00,
0x00,0x00,0x00,0x00,0x00,0x00,0x00,0x00,0xb8,0x07,0x00,0x00,0x00,0x00,0x00,0x00,
0x50,0x00,0x00,0x00,0x00,0x00,0x00,0x00,0x00,0x00,0x00,0x00,0x00,0x00,0x00,0x00,
0x08,0x00,0x00,0x00,0x00,0x00,0x00,0x00,0x00,0x00,0x00,0x00,0x00,0x00,0x00,0x00,
0x3a,0x01,0x00,0x00,0x11,0x00,0x00,0x00,0x00,0x00,0x00,0x00,0x00,0x00,0x00,0x00,
0x00,0x00,0x00,0x00,0x00,0x00,0x00,0x00,0x9c,0x11,0x00,0x00,0x00,0x00,0x00,0x00,
0x08,0x00,0x00,0x00,0x00,0x00,0x00,0x00,0x22,0x00,0x00,0x00,0x14,0x00,0x00,0x00,
0x04,0x00,0x00,0x00,0x00,0x00,0x00,0x00,0x04,0x00,0x00,0x00,0x00,0x00,0x00,0x00,
0xc4,0x03,0x00,0x00,0x01,0x00,0x00,0x00,0x02,0x02,0x00,0x00,0x00,0x00,0x00,0x00,
0x00,0x00,0x00,0x00,0x00,0x00,0x00,0x00,0x08,0x08,0x00,0x00,0x00,0x00,0x00,0x00,
0xa0,0x00,0x00,0x00,0x00,0x00,0x00,0x00,0x00,0x00,0x00,0x00,0x00,0x00,0x00,0x00,
0x08,0x00,0x00,0x00,0x00,0x00,0x00,0x00,0x00,0x00,0x00,0x00,0x00,0x00,0x00,0x00,
0x3a,0x01,0x00,0x00,0x11,0x00,0x00,0x00,0x00,0x00,0x00,0x00,0x00,0x00,0x00,0x00,
0x00,0x00,0x00,0x00,0x00,0x00,0x00,0x00,0xa4,0x11,0x00,0x00,0x00,0x00,0x00,0x00,
0x08,0x00,0x00,0x00,0x00,0x00,0x00,0x00,0x22,0x00,0x00,0x00,0x15,0x00,0x00,0x00,
0x04,0x00,0x00,0x00,0x00,0x00,0x00,0x00,0x04,0x00,0x00,0x00,0x00,0x00,0x00,0x00,
0x98,0x02,0x00,0x00,0x01,0x00,0x00,0x00,0x02,0x02,0x00,0x00,0x00,0x00,0x00,0x00,
0x00,0x00,0x00,0x00,0x00,0x00,0x00,0x00,0xa8,0x08,0x00,0x00,0x00,0x00,0x00,0x00,
0x50,0x00,0x00,0x00,0x00,0x00,0x00,0x00,0x00,0x00,0x00,0x00,0x00,0x00,0x00,0x00,
0x08,0x00,0x00,0x00,0x00,0x00,0x00,0x00,0x00,0x00,0x00,0x00,0x00,0x00,0x00,0x00,
0x3a,0x01,0x00,0x00,0x11,0x00,0x00,0x00,0x00,0x00,0x00,0x00,0x00,0x00,0x00,0x00,
0x00,0x00,0x00,0x00,0x00,0x00,0x00,0x00,0xac,0x11,0x00,0x00,0x00,0x00,0x00,0x00,
0x08,0x00,0x00,0x00,0x00,0x00,0x00,0x00,0x22,0x00,0x00,0x00,0x16,0x00,0x00,0x00,
0x04,0x00,0x00,0x00,0x00,0x00,0x00,0x00,0x04,0x00,0x00,0x00,0x00,0x00,0x00,0x00,
0x41,0x01,0x00,0x00,0x01,0x00,0x00,0x00,0x02,0x02,0x00,0x00,0x00,0x00,0x00,0x00,
0x00,0x00,0x00,0x00,0x00,0x00,0x00,0x00,0xf8,0x08,0x00,0x00,0x00,0x00,0x00,0x00,
0x50,0x00,0x00,0x00,0x00,0x00,0x00,0x00,0x00,0x00,0x00,0x00,0x00,0x00,0x00,0x00,
0x08,0x00,0x00,0x00,0x00,0x00,0x00,0x00,0x00,0x00,0x00,0x00,0x00,0x00,0x00,0x00,
0x3a,0x01,0x00,0x00,0x11,0x00,0x00,0x00,0x00,0x00,0x00,0x00,0x00,0x00,0x00,0x00,
0x00,0x00,0x00,0x00,0x00,0x00,0x00,0x00,0xb4,0x11,0x00,0x00,0x00,0x00,0x00,0x00,
0x08,0x00,0x00,0x00,0x00,0x00,0x00,0x00,0x22,0x00,0x00,0x00,0x17,0x00,0x00,0x00,
0x04,0x00,0x00,0x00,0x00,0x00,0x00,0x00,0x04,0x00,0x00,0x00,0x00,0x00,0x00,0x00,
0xdf,0x04,0x00,0x00,0x01,0x00,0x00,0x00,0x02,0x02,0x00,0x00,0x00,0x00,0x00,0x00,
0x00,0x00,0x00,0x00,0x00,0x00,0x00,0x00,0x48,0x09,0x00,0x00,0x00,0x00,0x00,0x00,
0xa0,0x00,0x00,0x00,0x00,0x00,0x00,0x00,0x00,0x00,0x00,0x00,0x00,0x00,0x00,0x00,
0x08,0x00,0x00,0x00,0x00,0x00,0x00,0x00,0x00,0x00,0x00,0x00,0x00,0x00,0x00,0x00,
0x3a,0x01,0x00,0x00,0x11,0x00,0x00,0x00,0x00,0x00,0x00,0x00,0x00,0x00,0x00,0x00,
0x00,0x00,0x00,0x00,0x00,0x00,0x00,0x00,0xbc,0x11,0x00,0x00,0x00,0x00,0x00,0x00,
0x08,0x00,0x00,0x00,0x00,0x00,0x00,0x00,0x22,0x00,0x00,0x00,0x18,0x00,0x00,0x00,
0x04,0x00,0x00,0x00,0x00,0x00,0x00,0x00,0x04,0x00,0x00,0x00,0x00,0x00,0x00,0x00,
0x92,0x04,0x00,0x00,0x01,0x00,0x00,0x00,0x02,0x02,0x00,0x00,0x00,0x00,0x00,0x00,
0x00,0x00,0x00,0x00,0x00,0x00,0x00,0x00,0xe8,0x09,0x00,0x00,0x00,0x00,0x00,0x00,
0x50,0x00,0x00,0x00,0x00,0x00,0x00,0x00,0x00,0x00,0x00,0x00,0x00,0x00,0x00,0x00,
0x08,0x00,0x00,0x00,0x00,0x00,0x00,0x00,0x00,0x00,0x00,0x00,0x00,0x00,0x00,0x00,
0x3a,0x01,0x00,0x00,0x11,0x00,0x00,0x00,0x00,0x00,0x00,0x00,0x00,0x00,0x00,0x00,
0x00,0x00,0x00,0x00,0x00,0x00,0x00,0x00,0xc4,0x11,0x00,0x00,0x00,0x00,0x00,0x00,
0x08,0x00,0x00,0x00,0x00,0x00,0x00,0x00,0x22,0x00,0x00,0x00,0x19,0x00,0x00,0x00,
0x04,0x00,0x00,0x00,0x00,0x00,0x00,0x00,0x04,0x00,0x00,0x00,0x00,0x00,0x00,0x00,
0x44,0x04,0x00,0x00,0x01,0x00,0x00,0x00,0x02,0x02,0x00,0x00,0x00,0x00,0x00,0x00,
0x00,0x00,0x00,0x00,0x00,0x00,0x00,0x00,0x38,0x0a,0x00,0x00,0x00,0x00,0x00,0x00,
0x50,0x00,0x00,0x00,0x00,0x00,0x00,0x00,0x00,0x00,0x00,0x00,0x00,0x00,0x00,0x00,
0x08,0x00,0x00,0x00,0x00,0x00,0x00,0x00,0x00,0x00,0x00,0x00,0x00,0x00,0x00,0x00,
0x10,0x00,0x00,0x00,0x08,0x00,0x00,0x00,0x03,0x00,0x00,0x00,0x00,0x00,0x00,0x00,
0x00,0x00,0x00,0x00,0x00,0x00,0x00,0x00,0x88,0x0a,0x00,0x00,0x00,0x00,0x00,0x00,
0x01,0x00,0x00,0x00,0x00,0x00,0x00,0x00,0x00,0x00,0x00,0x00,0x00,0x00,0x00,0x00,
0x01,0x00,0x00,0x00,0x00,0x00,0x00,0x00,0x00,0x00,0x00,0x00,0x00,0x00,0x00,0x00,
0x07,0x00,0x00,0x00,0x01,0x00,0x00,0x00,0x30,0x00,0x00,0x00,0x00,0x00,0x00,0x00,
0x00,0x00,0x00,0x00,0x00,0x00,0x00,0x00,0x88,0x0a,0x00,0x00,0x00,0x00,0x00,0x00,
0x19,0x00,0x00,0x00,0x00,0x00,0x00,0x00,0x00,0x00,0x00,0x00,0x00,0x00,0x00,0x00,
0x01,0x00,0x00,0x00,0x00,0x00,0x00,0x00,0x01,0x00,0x00,0x00,0x00,0x00,0x00,0x00,
0x4c,0x02,0x00,0x00,0x01,0x00,0x00,0x00,0x00,0x00,0x00,0x00,0x00,0x00,0x00,0x00,
0x00,0x00,0x00,0x00,0x00,0x00,0x00,0x00,0xa1,0x0a,0x00,0x00,0x00,0x00,0x00,0x00,
0x00,0x00,0x00,0x00,0x00,0x00,0x00,0x00,0x00,0x00,0x00,0x00,0x00,0x00,0x00,0x00,
0x01,0x00,0x00,0x00,0x00,0x00,0x00,0x00,0x00,0x00,0x00,0x00,0x00,0x00,0x00,0x00,
0x63,0x03,0x00,0x00,0x07,0x00,0x00,0x00,0x02,0x00,0x00,0x00,0x00,0x00,0x00,0x00,
0x00,0x00,0x00,0x00,0x00,0x00,0x00,0x00,0xa4,0x0a,0x00,0x00,0x00,0x00,0x00,0x00,
0xd0,0x06,0x00,0x00,0x00,0x00,0x00,0x00,0x00,0x00,0x00,0x00,0x00,0x00,0x00,0x00,
0x04,0x00,0x00,0x00,0x00,0x00,0x00,0x00,0x00,0x00,0x00,0x00,0x00,0x00,0x00,0x00,
0x08,0x03,0x00,0x00,0x03,0x4c,0xff,0x6f,0x00,0x00,0x00,0x80,0x00,0x00,0x00,0x00,
0x00,0x00,0x00,0x00,0x00,0x00,0x00,0x00,0x70,0x14,0x00,0x00,0x00,0x00,0x00,0x00,
0x01,0x00,0x00,0x00,0x00,0x00,0x00,0x00,0x22,0x00,0x00,0x00,0x00,0x00,0x00,0x00,
0x01,0x00,0x00,0x00,0x00,0x00,0x00,0x00,0x00,0x00,0x00,0x00,0x00,0x00,0x00,0x00,
0x20,0x04,0x00,0x00,0x02,0x00,0x00,0x00,0x00,0x00,0x00,0x00,0x00,0x00,0x00,0x00,
0x00,0x00,0x00,0x00,0x00,0x00,0x00,0x00,0xd0,0x11,0x00,0x00,0x00,0x00,0x00,0x00,
0x88,0x02,0x00,0x00,0x00,0x00,0x00,0x00,0x01,0x00,0x00,0x00,0x0d,0x00,0x00,0x00,
0x08,0x00,0x00,0x00,0x00,0x00,0x00,0x00,0x18,0x00,0x00,0x00,0x00,0x00,0x00,0x00
    },
    .m_kernelName = "instaNormSplitPart3_hip_amdgcn_amd_amdhsa_gfx1200_wave32_coba",
    .m_compilerVersion = "archive",
    .m_codeObjectVersion = 5,
    .m_isRelocatable = true,
    .m_shaderType = ShaderTypesFlags::UNKNOWN
};

} // namespace mlss::mvn::mvn2::hip::fp16::gfx1200
