/* Copyright (c) 2025 Advanced Micro Devices, Inc. All rights reserved. */
#pragma once

#include "shaders/shaders.hpp"

namespace mlss::conv::dilated::hip::wmma::fp16::gfx1100
{
// CK kernel for convolution
// This kernel is general conv kernel but we use it for dilated convolution only
const StaticShaderType<28448> grouped_conv_fwd_bias_relu_add_wmma_fp16_hip_amdgcn_amd_amdhsa_gfx1100_coba =
{
    .m_binary = {
    0x7f,0x45,0x4c,0x46,0x02,0x01,0x01,0x40,0x02,0x00,0x00,0x00,0x00,0x00,0x00,0x00,
    0x01,0x00,0xe0,0x00,0x01,0x00,0x00,0x00,0x00,0x00,0x00,0x00,0x00,0x00,0x00,0x00,
    0x00,0x00,0x00,0x00,0x00,0x00,0x00,0x00,0x20,0x69,0x00,0x00,0x00,0x00,0x00,0x00,
    0x41,0x00,0x00,0x00,0x40,0x00,0x00,0x00,0x00,0x00,0x40,0x00,0x18,0x00,0x01,0x00,
    0x00,0x00,0x00,0x00,0x00,0x00,0x00,0x00,0x00,0x00,0x00,0x00,0x00,0x00,0x00,0x00,
    0x00,0x00,0x00,0x00,0x00,0x00,0x00,0x00,0x00,0x00,0x00,0x00,0x00,0x00,0x00,0x00,
    0x00,0x00,0x00,0x00,0x00,0x00,0x00,0x00,0x00,0x00,0x00,0x00,0x00,0x00,0x00,0x00,
    0x00,0x00,0x00,0x00,0x00,0x00,0x00,0x00,0x00,0x00,0x00,0x00,0x00,0x00,0x00,0x00,
    0x00,0x00,0x9f,0xbf,0x00,0x00,0x9f,0xbf,0x00,0x00,0x9f,0xbf,0x00,0x00,0x9f,0xbf,
    0x00,0x00,0x9f,0xbf,0x00,0x00,0x9f,0xbf,0x00,0x00,0x9f,0xbf,0x00,0x00,0x9f,0xbf,
    0x00,0x00,0x9f,0xbf,0x00,0x00,0x9f,0xbf,0x00,0x00,0x9f,0xbf,0x00,0x00,0x9f,0xbf,
    0x00,0x00,0x9f,0xbf,0x00,0x00,0x9f,0xbf,0x00,0x00,0x9f,0xbf,0x00,0x00,0x9f,0xbf,
    0x00,0x00,0x9f,0xbf,0x00,0x00,0x9f,0xbf,0x00,0x00,0x9f,0xbf,0x00,0x00,0x9f,0xbf,
    0x00,0x00,0x9f,0xbf,0x00,0x00,0x9f,0xbf,0x00,0x00,0x9f,0xbf,0x00,0x00,0x9f,0xbf,
    0x00,0x00,0x9f,0xbf,0x00,0x00,0x9f,0xbf,0x00,0x00,0x9f,0xbf,0x00,0x00,0x9f,0xbf,
    0x00,0x00,0x9f,0xbf,0x00,0x00,0x9f,0xbf,0x00,0x00,0x9f,0xbf,0x00,0x00,0x9f,0xbf,
    0x00,0x00,0x9f,0xbf,0x00,0x00,0x9f,0xbf,0x00,0x00,0x9f,0xbf,0x00,0x00,0x9f,0xbf,
    0x00,0x00,0x9f,0xbf,0x00,0x00,0x9f,0xbf,0x00,0x00,0x9f,0xbf,0x00,0x00,0x9f,0xbf,
    0x00,0x00,0x9f,0xbf,0x00,0x00,0x9f,0xbf,0x00,0x00,0x9f,0xbf,0x00,0x00,0x9f,0xbf,
    0x00,0x00,0x9f,0xbf,0x00,0x00,0x9f,0xbf,0x00,0x00,0x9f,0xbf,0x00,0x00,0x9f,0xbf,
    0x00,0x00,0x9f,0xbf,0x00,0x00,0x9f,0xbf,0x00,0x00,0x9f,0xbf,0x00,0x00,0x9f,0xbf,
    0x00,0x00,0x9f,0xbf,0x00,0x00,0x9f,0xbf,0x00,0x00,0x9f,0xbf,0x00,0x00,0x9f,0xbf,
    0x00,0x00,0x9f,0xbf,0x00,0x00,0x9f,0xbf,0x00,0x00,0x9f,0xbf,0x00,0x00,0x9f,0xbf,
    0x00,0x00,0x9f,0xbf,0x00,0x00,0x9f,0xbf,0x00,0x00,0x9f,0xbf,0x00,0x00,0x9f,0xbf,
    0x00,0x00,0x9f,0xbf,0x00,0x00,0x9f,0xbf,0x00,0x00,0x9f,0xbf,0x00,0x00,0x9f,0xbf,
    0x00,0x00,0x9f,0xbf,0x00,0x00,0x9f,0xbf,0x00,0x00,0x9f,0xbf,0x00,0x00,0x9f,0xbf,
    0x00,0x00,0x9f,0xbf,0x00,0x00,0x9f,0xbf,0x00,0x00,0x9f,0xbf,0x00,0x00,0x9f,0xbf,
    0x00,0x00,0x9f,0xbf,0x00,0x00,0x9f,0xbf,0x00,0x00,0x9f,0xbf,0x00,0x00,0x9f,0xbf,
    0x00,0x00,0x9f,0xbf,0x00,0x00,0x9f,0xbf,0x00,0x00,0x9f,0xbf,0x00,0x00,0x9f,0xbf,
    0x00,0x00,0x9f,0xbf,0x00,0x00,0x9f,0xbf,0x00,0x00,0x9f,0xbf,0x00,0x00,0x9f,0xbf,
    0x00,0x00,0x9f,0xbf,0x00,0x00,0x9f,0xbf,0x00,0x00,0x9f,0xbf,0x00,0x00,0x9f,0xbf,
    0x00,0x00,0x9f,0xbf,0x00,0x00,0x9f,0xbf,0x00,0x00,0x9f,0xbf,0x00,0x00,0x9f,0xbf,
    0x01,0x00,0x85,0xbf,0x00,0x01,0x0c,0xf4,0x00,0x00,0x00,0xf8,0x00,0x09,0x10,0xf4,
    0x20,0x00,0x00,0xf8,0xed,0x01,0x82,0xbe,0x05,0x02,0x00,0xd7,0x88,0x18,0x01,0x00,
    0x01,0x00,0x87,0xbf,0x06,0x7c,0x20,0xd5,0x03,0x00,0x09,0x00,0x07,0xfc,0x89,0xbf,
    0x85,0x04,0x04,0xf4,0x00,0x00,0x00,0xf8,0x2b,0x2a,0x11,0x96,0x26,0x00,0x10,0xca,
    0x29,0x00,0x04,0x01,0x11,0x26,0x1e,0x96,0x2c,0x80,0x02,0xbf,0x1e,0x29,0x0e,0x96,
    0x09,0x00,0x87,0xbf,0x29,0x00,0x10,0xca,0x0e,0x00,0x02,0x03,0xc1,0x80,0x0a,0x98,
    0x2c,0x81,0x04,0xbf,0x01,0x00,0x85,0xbf,0x18,0x00,0x6d,0xdc,0x00,0x05,0x7c,0x00,
    0x08,0x00,0x75,0xdc,0x00,0x01,0x7c,0x00,0x0b,0x03,0xa2,0xbf,0xc1,0x01,0x82,0xbe,
    0xd9,0x04,0x87,0xbf,0x02,0x81,0x02,0x80,0x03,0x80,0x03,0x82,0x02,0xa0,0x0a,0xbf,
    0xc1,0x80,0x0b,0x98,0x81,0x02,0x0c,0x84,0x0c,0x2c,0x0a,0xbf,0xc1,0x80,0x0c,0x98,
    0x99,0x04,0x87,0xbf,0x0b,0x0c,0x0b,0x8b,0x7e,0x0b,0x6a,0x8b,0xf4,0xff,0xa4,0xbf,
    0x81,0x02,0x8c,0x84,0x80,0x00,0x82,0xbe,0x0c,0x2c,0x83,0x81,0x09,0x00,0x87,0xbf,
    0x02,0x80,0x11,0xbf,0x49,0x0b,0xa1,0xbf,0x2c,0x0c,0x02,0x7e,0x80,0x2c,0x8d,0x80,
    0x80,0x80,0x90,0x82,0x41,0x01,0x87,0xbf,0x01,0x57,0x02,0x7e,0xff,0x0f,0x88,0xbf,
    0xff,0x02,0x04,0x10,0xfc,0xff,0x7f,0x4f,0xff,0x02,0x02,0x10,0xfc,0xff,0x7f,0x5f,
    0x02,0x43,0x04,0x7e,0x21,0x01,0x87,0xbf,0xff,0x04,0x02,0x56,0x00,0x00,0x80,0xcf,
    0x02,0x0f,0x04,0x7e,0x01,0x0f,0x02,0x7e,0x12,0x01,0x87,0xbf,0x02,0x05,0x16,0x7e,
    0x01,0x05,0x18,0x7e,0x92,0x00,0x87,0xbf,0x0d,0x0b,0x14,0x96,0x0d,0x0c,0x95,0x96,
    0x10,0x0c,0x16,0x96,0x15,0x14,0x14,0x81,0x0d,0x0c,0x17,0x96,0x14,0x16,0x14,0x81,
    0x0c,0x17,0x95,0x96,0x0b,0x17,0x98,0x96,0x0b,0x17,0x16,0x96,0x0c,0x14,0x97,0x96,
    0x0c,0x14,0x0c,0x96,0x0b,0x14,0x99,0x96,0x15,0x0c,0x0c,0x80,0x80,0x17,0x15,0x82,
    0x0c,0x16,0x0c,0x80,0x0b,0x14,0x14,0x96,0x15,0x18,0x0c,0x82,0x19,0x80,0x15,0x82,
    0x0c,0x14,0x0c,0x80,0x80,0x15,0x14,0x82,0x01,0x0c,0x00,0xd7,0x01,0x19,0x00,0x00,
    0xa1,0x00,0x87,0xbf,0x0c,0x80,0x07,0xbf,0x0b,0x14,0x0b,0x82,0x01,0x05,0x18,0x7e,
    0x0d,0x0b,0x14,0x96,0x01,0x00,0x87,0xbf,0x0d,0x0c,0x95,0x96,0x10,0x0c,0x10,0x96,
    0x15,0x14,0x14,0x81,0x0d,0x0c,0x0d,0x96,0x14,0x10,0x14,0x81,0x0b,0x0d,0x95,0x96,
    0x0b,0x0d,0x16,0x96,0x0c,0x0d,0x8d,0x96,0x0c,0x14,0x97,0x96,0x0c,0x14,0x0c,0x96,
    0x0b,0x14,0x90,0x96,0x0d,0x0c,0x0c,0x80,0x80,0x17,0x0d,0x82,0x0c,0x16,0x0c,0x80,
    0x0b,0x14,0x14,0x96,0x0d,0x15,0x0c,0x82,0x10,0x80,0x0d,0x82,0x0c,0x14,0x0c,0x80,
    0x80,0x0d,0x0d,0x82,0x01,0x0c,0x00,0xd7,0x01,0x19,0x00,0x00,0xa1,0x00,0x87,0xbf,
    0x0c,0x80,0x07,0xbf,0x0b,0x0d,0x0b,0x82,0x01,0x05,0x18,0x7e,0x0b,0x80,0x10,0x96,
    0x80,0x0b,0x8d,0x96,0x03,0x0b,0x94,0x96,0x03,0x0b,0x0b,0x96,0x80,0x0c,0x95,0x96,
    0x03,0x0c,0x96,0x96,0x03,0x0c,0x0c,0x96,0x15,0x10,0x10,0x80,0x80,0x0d,0x0d,0x82,
    0x10,0x0c,0x0c,0x80,0x0d,0x16,0x0c,0x82,0x14,0x80,0x0d,0x82,0x0c,0x0b,0x0b,0x80,
    0x80,0x0d,0x0c,0x82,0x2c,0x0b,0x14,0x96,0x2c,0x0b,0x90,0x96,0x01,0x14,0x01,0xd7,
    0x80,0x28,0x00,0x00,0x2c,0x0c,0x0c,0x96,0x0b,0x81,0x0d,0x80,0x10,0x0c,0x10,0x81,
    0x41,0x01,0x87,0xbf,0x02,0x0c,0x01,0xd7,0x01,0x59,0x00,0x00,0x0b,0x82,0x15,0x80,
    0x14,0x80,0x07,0xbf,0x15,0x02,0x06,0x7e,0x2c,0x04,0x96,0x7c,0x03,0x10,0x83,0x82,
    0x0c,0x80,0x07,0xbf,0x03,0x80,0x8c,0x82,0x02,0x00,0x01,0xd5,0x80,0x82,0xa9,0x01,
    0x2c,0x02,0x96,0x7c,0x0c,0x80,0x06,0xbf,0x01,0x00,0x01,0xd5,0x80,0x82,0xa9,0x01,
    0xc1,0x80,0x6a,0x98,0x03,0x80,0x06,0xbf,0xc1,0x04,0x04,0x02,0xc1,0x80,0x6a,0x98,
    0xc1,0x02,0x02,0x02,0xa2,0x01,0x87,0xbf,0x80,0x04,0x9a,0x7c,0x0d,0x06,0x04,0x02,
    0x80,0x02,0x9a,0x7c,0x02,0x00,0x87,0xbf,0x0b,0x04,0x02,0x02,0x7e,0x02,0x6a,0x91,
    0x1f,0x00,0xa4,0xbf,0x2c,0x0c,0x02,0x7e,0x80,0x2c,0x83,0x81,0xb1,0x00,0x87,0xbf,
    0x01,0x57,0x02,0x7e,0xff,0x0f,0x88,0xbf,0xff,0x02,0x02,0x10,0xfe,0xff,0x7f,0x4f,
    0x01,0x0f,0x02,0x7e,0x91,0x00,0x87,0xbf,0x01,0x05,0x04,0x7e,0x03,0x02,0x03,0x96,
    0x99,0x04,0x87,0xbf,0x02,0x03,0x83,0x96,0x02,0x03,0x02,0x81,0x99,0x04,0x87,0xbf,
    0x80,0x02,0x82,0x96,0x02,0x2c,0x03,0x96,0x02,0x81,0x0b,0x81,0x80,0x03,0x83,0x81,
    0x09,0x00,0x87,0xbf,0x03,0x2c,0x8c,0x81,0x03,0x2c,0x09,0xbf,0x0b,0x02,0x02,0x98,
    0x0c,0x03,0x03,0x98,0x02,0x81,0x0b,0x81,0x03,0x2c,0x09,0xbf,0x80,0x00,0x83,0xbe,
    0x0b,0x02,0x02,0x98,0x09,0x00,0x87,0xbf,0x02,0x00,0x10,0xca,0x03,0x00,0x02,0x01,
    0x01,0x00,0x87,0xbf,0x81,0x02,0x02,0x4a,0x2d,0x80,0x02,0xbf,0xc1,0x80,0x0b,0x98,
    0x2d,0x81,0x04,0xbf,0x5e,0x02,0xa2,0xbf,0xc1,0x01,0x82,0xbe,0xd9,0x04,0x87,0xbf,
    0x02,0x81,0x02,0x80,0x03,0x80,0x03,0x82,0x02,0xa0,0x0a,0xbf,0xc1,0x80,0x0c,0x98,
    0x81,0x02,0x0d,0x84,0x0d,0x2d,0x0a,0xbf,0xc1,0x80,0x0d,0x98,0x99,0x04,0x87,0xbf,
    0x0c,0x0d,0x0c,0x8b,0x7e,0x0c,0x6a,0x8b,0xf4,0xff,0xa4,0xbf,0x81,0x02,0x8c,0x84,
    0x80,0x00,0x82,0xbe,0x0c,0x2d,0x83,0x81,0x09,0x00,0x87,0xbf,0x02,0x80,0x11,0xbf,
    0x97,0x0a,0xa1,0xbf,0x2d,0x0c,0x04,0x7e,0x80,0x2d,0x90,0x80,0x80,0x80,0x94,0x82,
    0x41,0x01,0x87,0xbf,0x02,0x57,0x04,0x7e,0xff,0x0f,0x88,0xbf,0xff,0x04,0x06,0x10,
    0xfc,0xff,0x7f,0x4f,0xff,0x04,0x04,0x10,0xfc,0xff,0x7f,0x5f,0x03,0x43,0x06,0x7e,
    0x21,0x01,0x87,0xbf,0xff,0x06,0x04,0x56,0x00,0x00,0x80,0xcf,0x03,0x0f,0x06,0x7e,
    0x02,0x0f,0x04,0x7e,0x12,0x01,0x87,0xbf,0x03,0x05,0x18,0x7e,0x02,0x05,0x1a,0x7e,
    0x92,0x00,0x87,0xbf,0x10,0x0c,0x15,0x96,0x10,0x0d,0x96,0x96,0x14,0x0d,0x17,0x96,
    0x16,0x15,0x15,0x81,0x10,0x0d,0x18,0x96,0x15,0x17,0x15,0x81,0x0d,0x18,0x96,0x96,
    0x0c,0x18,0x99,0x96,0x0c,0x18,0x17,0x96,0x0d,0x15,0x98,0x96,0x0d,0x15,0x0d,0x96,
    0x0c,0x15,0x9a,0x96,0x16,0x0d,0x0d,0x80,0x80,0x18,0x16,0x82,0x0d,0x17,0x0d,0x80,
    0x0c,0x15,0x15,0x96,0x16,0x19,0x0d,0x82,0x1a,0x80,0x16,0x82,0x0d,0x15,0x0d,0x80,
    0x80,0x16,0x15,0x82,0x02,0x0d,0x00,0xd7,0x02,0x1b,0x00,0x00,0xa1,0x00,0x87,0xbf,
    0x0d,0x80,0x07,0xbf,0x0c,0x15,0x0c,0x82,0x02,0x05,0x1a,0x7e,0x10,0x0c,0x15,0x96,
    0x01,0x00,0x87,0xbf,0x10,0x0d,0x96,0x96,0x14,0x0d,0x14,0x96,0x16,0x15,0x15,0x81,
    0x10,0x0d,0x10,0x96,0x15,0x14,0x15,0x81,0x0c,0x10,0x96,0x96,0x0c,0x10,0x17,0x96,
    0x0d,0x10,0x90,0x96,0x0d,0x15,0x98,0x96,0x0d,0x15,0x0d,0x96,0x0c,0x15,0x94,0x96,
    0x10,0x0d,0x0d,0x80,0x80,0x18,0x10,0x82,0x0d,0x17,0x0d,0x80,0x0c,0x15,0x15,0x96,
    0x10,0x16,0x0d,0x82,0x14,0x80,0x10,0x82,0x0d,0x15,0x0d,0x80,0x80,0x10,0x10,0x82,
    0x02,0x0d,0x00,0xd7,0x02,0x1b,0x00,0x00,0xa1,0x00,0x87,0xbf,0x0d,0x80,0x07,0xbf,
    0x0c,0x10,0x0c,0x82,0x02,0x05,0x1a,0x7e,0x0c,0x80,0x14,0x96,0x80,0x0c,0x90,0x96,
    0x03,0x0c,0x95,0x96,0x03,0x0c,0x0c,0x96,0x80,0x0d,0x96,0x96,0x03,0x0d,0x97,0x96,
    0x03,0x0d,0x0d,0x96,0x16,0x14,0x14,0x80,0x80,0x10,0x10,0x82,0x14,0x0d,0x0d,0x80,
    0x10,0x17,0x0d,0x82,0x15,0x80,0x10,0x82,0x0d,0x0c,0x0c,0x80,0x80,0x10,0x0d,0x82,
    0x2d,0x0c,0x15,0x96,0x2d,0x0c,0x94,0x96,0x02,0x15,0x01,0xd7,0x80,0x2a,0x00,0x00,
    0x2d,0x0d,0x0d,0x96,0x0c,0x81,0x10,0x80,0x14,0x0d,0x14,0x81,0x41,0x01,0x87,0xbf,
    0x03,0x0d,0x01,0xd7,0x02,0x5b,0x00,0x00,0x0c,0x82,0x16,0x80,0x15,0x80,0x07,0xbf,
    0x16,0x02,0x08,0x7e,0x2d,0x06,0x96,0x7c,0x03,0x14,0x83,0x82,0x0d,0x80,0x07,0xbf,
    0x03,0x80,0x8d,0x82,0x03,0x00,0x01,0xd5,0x80,0x82,0xa9,0x01,0x2d,0x04,0x96,0x7c,
    0x0d,0x80,0x06,0xbf,0x02,0x00,0x01,0xd5,0x80,0x82,0xa9,0x01,0xc1,0x80,0x6a,0x98,
    0x03,0x80,0x06,0xbf,0xc1,0x06,0x06,0x02,0xc1,0x80,0x6a,0x98,0xc1,0x04,0x04,0x02,
    0xa2,0x01,0x87,0xbf,0x80,0x06,0x9a,0x7c,0x10,0x08,0x06,0x02,0x80,0x04,0x9a,0x7c,
    0x02,0x00,0x87,0xbf,0x0c,0x06,0x04,0x02,0x7e,0x02,0x6a,0x91,0x1f,0x00,0xa4,0xbf,
    0x2d,0x0c,0x04,0x7e,0x80,0x2d,0x83,0x81,0xb1,0x00,0x87,0xbf,0x02,0x57,0x04,0x7e,
    0xff,0x0f,0x88,0xbf,0xff,0x04,0x04,0x10,0xfe,0xff,0x7f,0x4f,0x02,0x0f,0x04,0x7e,
    0x91,0x00,0x87,0xbf,0x02,0x05,0x04,0x7e,0x03,0x02,0x03,0x96,0x99,0x04,0x87,0xbf,
    0x02,0x03,0x83,0x96,0x02,0x03,0x02,0x81,0x99,0x04,0x87,0xbf,0x80,0x02,0x82,0x96,
    0x02,0x2d,0x03,0x96,0x02,0x81,0x0c,0x81,0x80,0x03,0x83,0x81,0x09,0x00,0x87,0xbf,
    0x03,0x2d,0x8d,0x81,0x03,0x2d,0x09,0xbf,0x0c,0x02,0x02,0x98,0x0d,0x03,0x03,0x98,
    0x02,0x81,0x0c,0x81,0x03,0x2d,0x09,0xbf,0x80,0x00,0x83,0xbe,0x0c,0x02,0x02,0x98,
    0x09,0x00,0x87,0xbf,0x02,0x00,0x10,0xca,0x03,0x00,0x02,0x02,0x01,0x00,0x87,0xbf,
    0x81,0x04,0x04,0x4a,0x7e,0x0a,0x6a,0x91,0xb1,0x01,0xa4,0xbf,0xc1,0x00,0x8c,0xbe,
    0x99,0x04,0x87,0xbf,0x0c,0x81,0x0c,0x81,0x0c,0xa0,0x0a,0xbf,0xc1,0x80,0x02,0x98,
    0x81,0x0c,0x03,0x84,0xa9,0x04,0x87,0xbf,0x03,0x2c,0x0a,0xbf,0xc1,0x80,0x03,0x98,
    0x02,0x03,0x02,0x8b,0x09,0x00,0x87,0xbf,0x7e,0x02,0x6a,0x8b,0xf4,0xff,0xa4,0xbf,
    0x7e,0x0b,0x6a,0x91,0xa5,0x01,0xa4,0xbf,0xc1,0x00,0x8d,0xbe,0x99,0x04,0x87,0xbf,
    0x0d,0x81,0x0d,0x81,0x0d,0xa0,0x0a,0xbf,0xc1,0x80,0x02,0x98,0x81,0x0d,0x03,0x84,
    0xa9,0x04,0x87,0xbf,0x03,0x2d,0x0a,0xbf,0xc1,0x80,0x03,0x98,0x02,0x03,0x02,0x8b,
    0x09,0x00,0x87,0xbf,0x7e,0x02,0x6a,0x8b,0xf4,0xff,0xa4,0xbf,0x2b,0x80,0x02,0xbf,
    0xc1,0x80,0x0a,0x98,0x2b,0x81,0x04,0xbf,0x99,0x01,0xa2,0xbf,0xc1,0x01,0x82,0xbe,
    0xd9,0x04,0x87,0xbf,0x02,0x81,0x02,0x80,0x03,0x80,0x03,0x82,0x02,0xa0,0x0a,0xbf,
    0xc1,0x80,0x0b,0x98,0x81,0x02,0x10,0x84,0x10,0x2b,0x0a,0xbf,0xc1,0x80,0x10,0x98,
    0x99,0x04,0x87,0xbf,0x0b,0x10,0x0b,0x8b,0x7e,0x0b,0x6a,0x8b,0xf4,0xff,0xa4,0xbf,
    0x81,0x02,0x94,0x84,0x80,0x00,0x82,0xbe,0x14,0x2b,0x83,0x81,0x09,0x00,0x87,0xbf,
    0x02,0x80,0x11,0xbf,0xc7,0x09,0xa1,0xbf,0x2b,0x0c,0x06,0x7e,0x80,0x2b,0x94,0x80,
    0x80,0x80,0x95,0x82,0x41,0x01,0x87,0xbf,0x03,0x57,0x06,0x7e,0xff,0x0f,0x88,0xbf,
    0xff,0x06,0x08,0x10,0xfc,0xff,0x7f,0x4f,0xff,0x06,0x06,0x10,0xfc,0xff,0x7f,0x5f,
    0x04,0x43,0x08,0x7e,0x21,0x01,0x87,0xbf,0xff,0x08,0x06,0x56,0x00,0x00,0x80,0xcf,
    0x04,0x0f,0x08,0x7e,0x03,0x0f,0x06,0x7e,0x12,0x01,0x87,0xbf,0x04,0x05,0x16,0x7e,
    0x03,0x05,0x20,0x7e,0x92,0x00,0x87,0xbf,0x14,0x0b,0x16,0x96,0x14,0x10,0x97,0x96,
    0x15,0x10,0x18,0x96,0x17,0x16,0x16,0x81,0x14,0x10,0x19,0x96,0x16,0x18,0x16,0x81,
    0x10,0x19,0x97,0x96,0x0b,0x19,0x9a,0x96,0x0b,0x19,0x18,0x96,0x10,0x16,0x99,0x96,
    0x10,0x16,0x10,0x96,0x0b,0x16,0x9b,0x96,0x17,0x10,0x10,0x80,0x80,0x19,0x17,0x82,
    0x10,0x18,0x10,0x80,0x0b,0x16,0x16,0x96,0x17,0x1a,0x10,0x82,0x1b,0x80,0x17,0x82,
    0x10,0x16,0x10,0x80,0x80,0x17,0x16,0x82,0x03,0x10,0x00,0xd7,0x03,0x21,0x00,0x00,
    0xa1,0x00,0x87,0xbf,0x10,0x80,0x07,0xbf,0x0b,0x16,0x0b,0x82,0x03,0x05,0x20,0x7e,
    0x14,0x0b,0x16,0x96,0x01,0x00,0x87,0xbf,0x14,0x10,0x97,0x96,0x15,0x10,0x15,0x96,
    0x17,0x16,0x16,0x81,0x14,0x10,0x14,0x96,0x16,0x15,0x16,0x81,0x0b,0x14,0x97,0x96,
    0x0b,0x14,0x18,0x96,0x10,0x14,0x94,0x96,0x10,0x16,0x99,0x96,0x10,0x16,0x10,0x96,
    0x0b,0x16,0x95,0x96,0x14,0x10,0x10,0x80,0x80,0x19,0x14,0x82,0x10,0x18,0x10,0x80,
    0x0b,0x16,0x16,0x96,0x14,0x17,0x10,0x82,0x15,0x80,0x14,0x82,0x10,0x16,0x10,0x80,
    0x80,0x14,0x14,0x82,0x03,0x10,0x00,0xd7,0x03,0x21,0x00,0x00,0xa1,0x00,0x87,0xbf,
    0x10,0x80,0x07,0xbf,0x0b,0x14,0x0b,0x82,0x03,0x05,0x20,0x7e,0x0b,0x80,0x15,0x96,
    0x80,0x0b,0x94,0x96,0x03,0x0b,0x96,0x96,0x03,0x0b,0x0b,0x96,0x80,0x10,0x97,0x96,
    0x03,0x10,0x98,0x96,0x03,0x10,0x10,0x96,0x17,0x15,0x15,0x80,0x80,0x14,0x14,0x82,
    0x15,0x10,0x10,0x80,0x14,0x18,0x10,0x82,0x16,0x80,0x14,0x82,0x10,0x0b,0x0b,0x80,
    0x80,0x14,0x10,0x82,0x2b,0x0b,0x16,0x96,0x2b,0x0b,0x95,0x96,0x03,0x16,0x01,0xd7,
    0x80,0x2c,0x00,0x00,0x2b,0x10,0x10,0x96,0x0b,0x81,0x14,0x80,0x15,0x10,0x15,0x81,
    0x41,0x01,0x87,0xbf,0x04,0x10,0x01,0xd7,0x03,0x57,0x00,0x00,0x0b,0x82,0x17,0x80,
    0x16,0x80,0x07,0xbf,0x17,0x02,0x0a,0x7e,0x2b,0x08,0x96,0x7c,0x03,0x15,0x83,0x82,
    0x10,0x80,0x07,0xbf,0x03,0x80,0x90,0x82,0x04,0x00,0x01,0xd5,0x80,0x82,0xa9,0x01,
    0x2b,0x06,0x96,0x7c,0x10,0x80,0x06,0xbf,0x03,0x00,0x01,0xd5,0x80,0x82,0xa9,0x01,
    0xc1,0x80,0x6a,0x98,0x03,0x80,0x06,0xbf,0xc1,0x08,0x08,0x02,0xc1,0x80,0x6a,0x98,
    0xc1,0x06,0x06,0x02,0xa2,0x01,0x87,0xbf,0x80,0x08,0x9a,0x7c,0x14,0x0a,0x08,0x02,
    0x80,0x06,0x9a,0x7c,0x02,0x00,0x87,0xbf,0x0b,0x08,0x06,0x02,0x7e,0x02,0x6a,0x91,
    0x1f,0x00,0xa4,0xbf,0x2b,0x0c,0x06,0x7e,0x80,0x2b,0x83,0x81,0xb1,0x00,0x87,0xbf,
    0x03,0x57,0x06,0x7e,0xff,0x0f,0x88,0xbf,0xff,0x06,0x06,0x10,0xfe,0xff,0x7f,0x4f,
    0x03,0x0f,0x06,0x7e,0x91,0x00,0x87,0xbf,0x03,0x05,0x04,0x7e,0x03,0x02,0x03,0x96,
    0x99,0x04,0x87,0xbf,0x02,0x03,0x83,0x96,0x02,0x03,0x02,0x81,0x99,0x04,0x87,0xbf,
    0x80,0x02,0x82,0x96,0x02,0x2b,0x03,0x96,0x02,0x81,0x0b,0x81,0x80,0x03,0x83,0x81,
    0x09,0x00,0x87,0xbf,0x03,0x2b,0x90,0x81,0x03,0x2b,0x09,0xbf,0x0b,0x02,0x02,0x98,
    0x10,0x03,0x03,0x98,0x02,0x81,0x0b,0x81,0x03,0x2b,0x09,0xbf,0x80,0x00,0x83,0xbe,
    0x0b,0x02,0x02,0x98,0x09,0x00,0x87,0xbf,0x03,0x00,0x10,0xca,0x02,0x00,0x02,0x04,
    0x01,0x00,0x87,0xbf,0x81,0x06,0x62,0x4a,0x26,0x80,0x02,0xbf,0xc1,0x80,0x0b,0x98,
    0x26,0x81,0x04,0xbf,0xec,0x00,0xa2,0xbf,0xc1,0x01,0x82,0xbe,0xd9,0x04,0x87,0xbf,
    0x02,0x81,0x02,0x80,0x03,0x80,0x03,0x82,0x02,0xa0,0x0a,0xbf,0xc1,0x80,0x10,0x98,
    0x81,0x02,0x14,0x84,0x14,0x26,0x0a,0xbf,0xc1,0x80,0x14,0x98,0x99,0x04,0x87,0xbf,
    0x10,0x14,0x10,0x8b,0x7e,0x10,0x6a,0x8b,0xf4,0xff,0xa4,0xbf,0x81,0x02,0x94,0x84,
    0x80,0x00,0x82,0xbe,0x14,0x26,0x83,0x81,0x09,0x00,0x87,0xbf,0x02,0x80,0x11,0xbf,
    0x15,0x09,0xa1,0xbf,0x26,0x0c,0x06,0x7e,0x80,0x26,0x95,0x80,0x80,0x80,0x96,0x82,
    0x41,0x01,0x87,0xbf,0x03,0x57,0x06,0x7e,0xff,0x0f,0x88,0xbf,0xff,0x06,0x08,0x10,
    0xfc,0xff,0x7f,0x4f,0xff,0x06,0x06,0x10,0xfc,0xff,0x7f,0x5f,0x04,0x43,0x08,0x7e,
    0x21,0x01,0x87,0xbf,0xff,0x08,0x06,0x56,0x00,0x00,0x80,0xcf,0x04,0x0f,0x08,0x7e,
    0x03,0x0f,0x06,0x7e,0x12,0x01,0x87,0xbf,0x04,0x05,0x20,0x7e,0x03,0x05,0x28,0x7e,
    0x92,0x00,0x87,0xbf,0x15,0x10,0x17,0x96,0x15,0x14,0x98,0x96,0x16,0x14,0x19,0x96,
    0x18,0x17,0x17,0x81,0x15,0x14,0x1a,0x96,0x17,0x19,0x17,0x81,0x14,0x1a,0x98,0x96,
    0x10,0x1a,0x9b,0x96,0x10,0x1a,0x19,0x96,0x14,0x17,0x9a,0x96,0x14,0x17,0x14,0x96,
    0x10,0x17,0x9c,0x96,0x18,0x14,0x14,0x80,0x80,0x1a,0x18,0x82,0x14,0x19,0x14,0x80,
    0x10,0x17,0x17,0x96,0x18,0x1b,0x14,0x82,0x1c,0x80,0x18,0x82,0x14,0x17,0x14,0x80,
    0x80,0x18,0x17,0x82,0x03,0x14,0x00,0xd7,0x03,0x29,0x00,0x00,0xa1,0x00,0x87,0xbf,
    0x14,0x80,0x07,0xbf,0x10,0x17,0x10,0x82,0x03,0x05,0x28,0x7e,0x15,0x10,0x17,0x96,
    0x01,0x00,0x87,0xbf,0x15,0x14,0x98,0x96,0x16,0x14,0x16,0x96,0x18,0x17,0x17,0x81,
    0x15,0x14,0x15,0x96,0x17,0x16,0x17,0x81,0x10,0x15,0x98,0x96,0x10,0x15,0x19,0x96,
    0x14,0x15,0x95,0x96,0x14,0x17,0x9a,0x96,0x14,0x17,0x14,0x96,0x10,0x17,0x96,0x96,
    0x15,0x14,0x14,0x80,0x80,0x1a,0x15,0x82,0x14,0x19,0x14,0x80,0x10,0x17,0x17,0x96,
    0x15,0x18,0x14,0x82,0x16,0x80,0x15,0x82,0x14,0x17,0x14,0x80,0x80,0x15,0x15,0x82,
    0x03,0x14,0x00,0xd7,0x03,0x29,0x00,0x00,0xa1,0x00,0x87,0xbf,0x14,0x80,0x07,0xbf,
    0x10,0x15,0x10,0x82,0x03,0x05,0x28,0x7e,0x10,0x80,0x16,0x96,0x80,0x10,0x95,0x96,
    0x03,0x10,0x97,0x96,0x03,0x10,0x10,0x96,0x80,0x14,0x98,0x96,0x03,0x14,0x99,0x96,
    0x03,0x14,0x14,0x96,0x18,0x16,0x16,0x80,0x80,0x15,0x15,0x82,0x16,0x14,0x14,0x80,
    0x15,0x19,0x14,0x82,0x17,0x80,0x15,0x82,0x14,0x10,0x10,0x80,0x80,0x15,0x14,0x82,
    0x26,0x10,0x17,0x96,0x26,0x10,0x96,0x96,0x03,0x17,0x01,0xd7,0x80,0x2e,0x00,0x00,
    0x26,0x14,0x14,0x96,0x10,0x81,0x15,0x80,0x16,0x14,0x16,0x81,0x41,0x01,0x87,0xbf,
    0x04,0x14,0x01,0xd7,0x03,0x4d,0x00,0x00,0x10,0x82,0x18,0x80,0x17,0x80,0x07,0xbf,
    0x18,0x02,0x0a,0x7e,0x26,0x08,0x96,0x7c,0x03,0x16,0x83,0x82,0x14,0x80,0x07,0xbf,
    0x03,0x80,0x94,0x82,0x04,0x00,0x01,0xd5,0x80,0x82,0xa9,0x01,0x26,0x06,0x96,0x7c,
    0x14,0x80,0x06,0xbf,0x03,0x00,0x01,0xd5,0x80,0x82,0xa9,0x01,0xc1,0x80,0x6a,0x98,
    0x03,0x80,0x06,0xbf,0xc1,0x08,0x08,0x02,0xc1,0x80,0x6a,0x98,0xc1,0x06,0x06,0x02,
    0xa2,0x01,0x87,0xbf,0x80,0x08,0x9a,0x7c,0x15,0x0a,0x08,0x02,0x80,0x06,0x9a,0x7c,
    0x02,0x00,0x87,0xbf,0x10,0x08,0x06,0x02,0x7e,0x02,0x6a,0x91,0x1f,0x00,0xa4,0xbf,
    0x26,0x0c,0x06,0x7e,0x80,0x26,0x83,0x81,0xb1,0x00,0x87,0xbf,0x03,0x57,0x06,0x7e,
    0xff,0x0f,0x88,0xbf,0xff,0x06,0x06,0x10,0xfe,0xff,0x7f,0x4f,0x03,0x0f,0x06,0x7e,
    0x91,0x00,0x87,0xbf,0x03,0x05,0x04,0x7e,0x03,0x02,0x03,0x96,0x99,0x04,0x87,0xbf,
    0x02,0x03,0x83,0x96,0x02,0x03,0x02,0x81,0x99,0x04,0x87,0xbf,0x80,0x02,0x82,0x96,
    0x02,0x26,0x03,0x96,0x02,0x81,0x10,0x81,0x80,0x03,0x83,0x81,0x09,0x00,0x87,0xbf,
    0x03,0x26,0x94,0x81,0x03,0x26,0x09,0xbf,0x10,0x02,0x02,0x98,0x14,0x03,0x03,0x98,
    0x02,0x81,0x10,0x81,0x03,0x26,0x09,0xbf,0x80,0x00,0x83,0xbe,0x10,0x02,0x02,0x98,
    0x09,0x00,0x87,0xbf,0x03,0x00,0x10,0xca,0x02,0x00,0x02,0x04,0x01,0x00,0x87,0xbf,
    0x80,0x00,0x20,0xca,0x81,0x06,0x32,0x33,0x7e,0x0a,0x6a,0x91,0x3e,0x00,0xa4,0xbf,
    0xc1,0x00,0xa1,0xbe,0x99,0x04,0x87,0xbf,0x21,0x81,0x21,0x81,0x21,0xa0,0x0a,0xbf,
    0xc1,0x80,0x02,0x98,0x81,0x21,0x03,0x84,0xa9,0x04,0x87,0xbf,0x03,0x2b,0x0a,0xbf,
    0xc1,0x80,0x03,0x98,0x02,0x03,0x02,0x8b,0x09,0x00,0x87,0xbf,0x7e,0x02,0x6a,0x8b,
    0xf4,0xff,0xa4,0xbf,0x03,0x00,0x01,0xd5,0x80,0x02,0x2d,0x00,0x7e,0x0b,0x6a,0x91,
    0x01,0x00,0x87,0xbf,0x02,0x00,0x4d,0xd4,0x81,0x06,0x02,0x00,0x32,0x00,0xa4,0xbf,
    0xc1,0x00,0xa2,0xbe,0x99,0x04,0x87,0xbf,0x22,0x81,0x22,0x81,0x22,0xa0,0x0a,0xbf,
    0xc1,0x80,0x03,0x98,0x81,0x22,0x0a,0x84,0xa9,0x04,0x87,0xbf,0x0a,0x26,0x0a,0xbf,
    0xc1,0x80,0x0a,0x98,0x03,0x0a,0x03,0x8b,0x09,0x00,0x87,0xbf,0x7e,0x03,0x6a,0x8b,
    0xf4,0xff,0xa4,0xbf,0x25,0x00,0xa0,0xbf,0x80,0x02,0x02,0x7e,0x80,0x02,0x04,0x7e,
    0x2d,0x80,0x02,0xbf,0xc1,0x80,0x0b,0x98,0x2d,0x81,0x04,0xbf,0xa2,0xfd,0xa1,0xbf,
    0x80,0x02,0x04,0x7e,0x80,0x02,0x06,0x7e,0x7e,0x0a,0x6a,0x91,0x4f,0xfe,0xa3,0xbf,
    0x80,0x00,0x8c,0xbe,0x7e,0x0b,0x6a,0x91,0x5b,0xfe,0xa3,0xbf,0x80,0x00,0x8d,0xbe,
    0x2b,0x80,0x02,0xbf,0xc1,0x80,0x0a,0x98,0x2b,0x81,0x04,0xbf,0x67,0xfe,0xa1,0xbf,
    0x80,0x02,0x62,0x7e,0x80,0x02,0x64,0x7e,0x26,0x80,0x02,0xbf,0xc1,0x80,0x0b,0x98,
    0x26,0x81,0x04,0xbf,0x14,0xff,0xa1,0xbf,0x80,0x02,0x64,0x7e,0x80,0x02,0x66,0x7e,
    0x7e,0x0a,0x6a,0x91,0xc2,0xff,0xa3,0xbf,0x80,0x00,0xa1,0xbe,0x03,0x00,0x01,0xd5,
    0x80,0x02,0x2d,0x00,0x7e,0x0b,0x6a,0x91,0x01,0x00,0x87,0xbf,0x02,0x00,0x4d,0xd4,
    0x81,0x06,0x02,0x00,0xce,0xff,0xa3,0xbf,0x80,0x00,0xa2,0xbe,0x00,0x47,0x8a,0xbe,
    0x0a,0xff,0x0a,0x80,0x00,0x00,0x00,0x00,0x0b,0xff,0x0b,0x82,0x00,0x00,0x00,0x00,
    0xc5,0x00,0x00,0xf4,0x00,0x00,0x00,0xf8,0x07,0xfc,0x89,0xbf,0x03,0x9f,0x0a,0x86,
    0x99,0x04,0x87,0xbf,0x03,0x0a,0x0b,0x81,0x0b,0x0a,0x15,0x8d,0x00,0x47,0x8a,0xbe,
    0x0a,0xff,0x0a,0x80,0x00,0x00,0x00,0x00,0x0b,0xff,0x0b,0x82,0x00,0x00,0x00,0x00,
    0x15,0x0c,0x06,0x7e,0x05,0x05,0x00,0xf4,0x00,0x00,0x00,0xf8,0x1e,0x03,0x36,0x81,
    0x80,0x15,0x8b,0x81,0x36,0xc1,0x36,0x81,0x03,0x57,0x06,0x7e,0x36,0x9f,0x03,0x86,
    0x7e,0x02,0x6a,0x8b,0x36,0x03,0x10,0x81,0xb9,0x00,0x87,0xbf,0x10,0x03,0x16,0x8d,
    0xff,0x0f,0x88,0xbf,0xff,0x06,0x06,0x10,0xfe,0xff,0x7f,0x4f,0x03,0x0f,0x06,0x7e,
    0x91,0x00,0x87,0xbf,0x03,0x05,0x14,0x7e,0x0b,0x0a,0x0b,0x96,0x99,0x04,0x87,0xbf,
    0x0a,0x0b,0x8b,0x96,0x0a,0x0b,0x0a,0x81,0x09,0x00,0x87,0xbf,0x16,0x0a,0x97,0x96,
    0xc0,0x00,0xa4,0xbf,0xc1,0x01,0x8a,0xbe,0xd9,0x04,0x87,0xbf,0x0a,0x81,0x0a,0x80,
    0x0b,0x80,0x0b,0x82,0x0a,0xa0,0x0a,0xbf,0xc1,0x80,0x10,0x98,0x81,0x0a,0x18,0x84,
    0x18,0x26,0x0a,0xbf,0xc1,0x80,0x18,0x98,0x99,0x04,0x87,0xbf,0x10,0x18,0x10,0x8b,
    0x7e,0x10,0x6a,0x8b,0xf4,0xff,0xa4,0xbf,0x81,0x0a,0x98,0x84,0x80,0x00,0x8a,0xbe,
    0x18,0x26,0x8b,0x81,0x09,0x00,0x87,0xbf,0x0a,0x80,0x11,0xbf,0xf3,0x07,0xa1,0xbf,
    0x26,0x0c,0x06,0x7e,0x80,0x26,0x99,0x80,0x80,0x80,0x9a,0x82,0x41,0x01,0x87,0xbf,
    0x03,0x57,0x06,0x7e,0xff,0x0f,0x88,0xbf,0xff,0x06,0x08,0x10,0xfc,0xff,0x7f,0x4f,
    0xff,0x06,0x06,0x10,0xfc,0xff,0x7f,0x5f,0x04,0x43,0x08,0x7e,0x21,0x01,0x87,0xbf,
    0xff,0x08,0x06,0x56,0x00,0x00,0x80,0xcf,0x04,0x0f,0x08,0x7e,0x03,0x0f,0x06,0x7e,
    0x12,0x01,0x87,0xbf,0x04,0x05,0x20,0x7e,0x03,0x05,0x30,0x7e,0x92,0x00,0x87,0xbf,
    0x19,0x10,0x1b,0x96,0x19,0x18,0x9c,0x96,0x1a,0x18,0x1d,0x96,0x1c,0x1b,0x1b,0x81,
    0x19,0x18,0x1f,0x96,0x1b,0x1d,0x1b,0x81,0x18,0x1f,0x9c,0x96,0x10,0x1f,0xa3,0x96,
    0x10,0x1f,0x1d,0x96,0x18,0x1b,0x9f,0x96,0x18,0x1b,0x18,0x96,0x10,0x1b,0xaa,0x96,
    0x1c,0x18,0x18,0x80,0x80,0x1f,0x1c,0x82,0x18,0x1d,0x18,0x80,0x10,0x1b,0x1b,0x96,
    0x1c,0x23,0x18,0x82,0x2a,0x80,0x1c,0x82,0x18,0x1b,0x18,0x80,0x80,0x1c,0x1b,0x82,
    0x03,0x18,0x00,0xd7,0x03,0x31,0x00,0x00,0xa1,0x00,0x87,0xbf,0x18,0x80,0x07,0xbf,
    0x10,0x1b,0x10,0x82,0x03,0x05,0x30,0x7e,0x19,0x10,0x1b,0x96,0x01,0x00,0x87,0xbf,
    0x19,0x18,0x9c,0x96,0x1a,0x18,0x1a,0x96,0x1c,0x1b,0x1b,0x81,0x19,0x18,0x19,0x96,
    0x1b,0x1a,0x1b,0x81,0x10,0x19,0x9c,0x96,0x10,0x19,0x1d,0x96,0x18,0x19,0x99,0x96,
    0x18,0x1b,0x9f,0x96,0x18,0x1b,0x18,0x96,0x10,0x1b,0x9a,0x96,0x19,0x18,0x18,0x80,
    0x80,0x1f,0x19,0x82,0x18,0x1d,0x18,0x80,0x10,0x1b,0x1b,0x96,0x19,0x1c,0x18,0x82,
    0x1a,0x80,0x19,0x82,0x18,0x1b,0x18,0x80,0x80,0x19,0x19,0x82,0x03,0x18,0x00,0xd7,
    0x03,0x31,0x00,0x00,0xa1,0x00,0x87,0xbf,0x18,0x80,0x07,0xbf,0x10,0x19,0x10,0x82,
    0x03,0x05,0x30,0x7e,0x10,0x80,0x1a,0x96,0x80,0x10,0x99,0x96,0x0b,0x10,0x9b,0x96,
    0x0b,0x10,0x10,0x96,0x80,0x18,0x9c,0x96,0x0b,0x18,0x9d,0x96,0x0b,0x18,0x18,0x96,
    0x1c,0x1a,0x1a,0x80,0x80,0x19,0x19,0x82,0x1a,0x18,0x18,0x80,0x19,0x1d,0x18,0x82,
    0x1b,0x80,0x19,0x82,0x18,0x10,0x10,0x80,0x80,0x19,0x18,0x82,0x26,0x10,0x1b,0x96,
    0x26,0x10,0x9a,0x96,0x03,0x1b,0x01,0xd7,0x80,0x36,0x00,0x00,0x26,0x18,0x18,0x96,
    0x10,0x81,0x19,0x80,0x1a,0x18,0x1a,0x81,0x41,0x01,0x87,0xbf,0x04,0x18,0x01,0xd7,
    0x03,0x4d,0x00,0x00,0x10,0x82,0x1c,0x80,0x1b,0x80,0x07,0xbf,0x1c,0x02,0x0a,0x7e,
    0x26,0x08,0x96,0x7c,0x0b,0x1a,0x8b,0x82,0x18,0x80,0x07,0xbf,0x0b,0x80,0x98,0x82,
    0x04,0x00,0x01,0xd5,0x80,0x82,0xa9,0x01,0x26,0x06,0x96,0x7c,0x18,0x80,0x06,0xbf,
    0x03,0x00,0x01,0xd5,0x80,0x82,0xa9,0x01,0xc1,0x80,0x6a,0x98,0x0b,0x80,0x06,0xbf,
    0xc1,0x08,0x08,0x02,0xc1,0x80,0x6a,0x98,0xc1,0x06,0x06,0x02,0xa2,0x01,0x87,0xbf,
    0x80,0x08,0x9a,0x7c,0x19,0x0a,0x08,0x02,0x80,0x06,0x9a,0x7c,0x02,0x00,0x87,0xbf,
    0x10,0x08,0x06,0x02,0x7e,0x0a,0x6a,0x91,0x1f,0x00,0xa4,0xbf,0x26,0x0c,0x06,0x7e,
    0x80,0x26,0x8b,0x81,0xb1,0x00,0x87,0xbf,0x03,0x57,0x06,0x7e,0xff,0x0f,0x88,0xbf,
    0xff,0x06,0x06,0x10,0xfe,0xff,0x7f,0x4f,0x03,0x0f,0x06,0x7e,0x91,0x00,0x87,0xbf,
    0x03,0x05,0x14,0x7e,0x0b,0x0a,0x0b,0x96,0x99,0x04,0x87,0xbf,0x0a,0x0b,0x8b,0x96,
    0x0a,0x0b,0x0a,0x81,0x99,0x04,0x87,0xbf,0x80,0x0a,0x8a,0x96,0x0a,0x26,0x0b,0x96,
    0x0a,0x81,0x10,0x81,0x80,0x0b,0x8b,0x81,0x09,0x00,0x87,0xbf,0x0b,0x26,0x98,0x81,
    0x0b,0x26,0x09,0xbf,0x10,0x0a,0x0a,0x98,0x18,0x0b,0x0b,0x98,0x0a,0x81,0x10,0x81,
    0x0b,0x26,0x09,0xbf,0x80,0x00,0x8b,0xbe,0x10,0x0a,0x0a,0x98,0x09,0x00,0x87,0xbf,
    0x0a,0x00,0x10,0xca,0x0b,0x00,0x04,0x03,0x01,0x00,0x87,0xbf,0x80,0x00,0x20,0xca,
    0x81,0x06,0x34,0x35,0x7e,0x02,0x6a,0x8b,0x12,0x00,0xa4,0xbf,0xc1,0x00,0xaa,0xbe,
    0x99,0x04,0x87,0xbf,0x2a,0x81,0x2a,0x81,0x2a,0xa0,0x0a,0xbf,0xc1,0x80,0x02,0x98,
    0x81,0x2a,0x0a,0x84,0xa9,0x04,0x87,0xbf,0x0a,0x26,0x0a,0xbf,0xc1,0x80,0x0a,0x98,
    0x02,0x0a,0x02,0x8b,0x09,0x00,0x87,0xbf,0x7e,0x02,0x6a,0x8b,0xf4,0xff,0xa4,0xbf,
    0x05,0x00,0xa0,0xbf,0x80,0x02,0x68,0x7e,0x80,0x02,0x6a,0x7e,0x7e,0x02,0x6a,0x8b,
    0xee,0xff,0xa3,0xbf,0x80,0x00,0xaa,0xbe,0x26,0x24,0x10,0x96,0x27,0xc1,0x0a,0x81,
    0x10,0x28,0x0b,0x96,0x25,0xc1,0x02,0x81,0x0b,0x10,0x98,0x81,0x0b,0x27,0x35,0x96,
    0x0b,0x0a,0x0a,0x96,0x18,0x26,0x18,0x81,0x17,0x15,0x17,0x96,0x35,0x02,0x02,0x96,
    0x18,0x0a,0x0a,0x81,0x16,0x17,0x96,0x81,0x0a,0x02,0x02,0x81,0x16,0x15,0x8a,0x81,
    0x16,0x15,0x09,0xbf,0x2c,0x25,0x1f,0x96,0x0a,0x16,0x0a,0x98,0x1f,0x2d,0x1f,0x96,
    0x0a,0x15,0x96,0x81,0x0a,0x15,0x09,0xbf,0x00,0x00,0x00,0xf4,0x68,0x00,0x00,0xf8,
    0x16,0x0a,0x0a,0x98,0x00,0x47,0x96,0xbe,0x16,0xff,0x16,0x80,0x00,0x00,0x00,0x00,
    0x17,0xff,0x17,0x82,0x00,0x00,0x00,0x00,0x1e,0x26,0x98,0x81,0x4b,0x05,0x00,0xf4,
    0x00,0x00,0x00,0xf8,0x0a,0x03,0x0a,0x8d,0x81,0x00,0x10,0x32,0x03,0x0a,0x8a,0x81,
    0x39,0x00,0x3c,0xd7,0x86,0x64,0x02,0x00,0x36,0x0a,0x36,0x81,0x37,0x00,0x3c,0xd7,
    0x86,0x68,0x02,0x00,0x07,0xfc,0x89,0xbf,0x15,0x9f,0x16,0x86,0x09,0x00,0x87,0xbf,
    0x15,0x16,0x17,0x81,0x29,0x15,0x15,0x81,0x17,0x16,0x16,0x8d,0x15,0xc1,0x1a,0x81,
    0x16,0x0c,0x06,0x7e,0x80,0x16,0x95,0x81,0x1a,0x9f,0x1b,0x86,0x0e,0x1e,0x97,0x81,
    0x1a,0x1b,0x1c,0x81,0x03,0x57,0x06,0x7e,0x1c,0x1b,0x1c,0x8d,0xff,0x0f,0x88,0xbf,
    0xff,0x06,0x06,0x10,0xfe,0xff,0x7f,0x4f,0x91,0x00,0x87,0xbf,0x03,0x0f,0x06,0x7e,
    0x03,0x05,0x32,0x7e,0x91,0x04,0x87,0xbf,0x15,0x19,0x15,0x96,0x19,0x15,0x95,0x96,
    0xd9,0x04,0x87,0xbf,0x19,0x15,0x19,0x81,0x17,0x26,0x15,0x81,0x1c,0x19,0x97,0x96,
    0x15,0x18,0x03,0x81,0x17,0x16,0x17,0x96,0x1c,0x17,0x95,0x81,0xb9,0x04,0x87,0xbf,
    0x15,0x16,0x8a,0x81,0x15,0x16,0x09,0xbf,0x0a,0x15,0x0a,0x98,0x0a,0x16,0x95,0x81,
    0x0a,0x16,0x09,0xbf,0x15,0x0a,0x0a,0x98,0x14,0x9f,0x15,0x86,0x0a,0x1b,0x0a,0x8d,
    0x14,0x15,0x16,0x81,0x1f,0x14,0x14,0x81,0x16,0x15,0x15,0x8d,0x14,0xc1,0x17,0x81,
    0x15,0x0c,0x06,0x7e,0x80,0x15,0x94,0x81,0x17,0x9f,0x19,0x86,0x99,0x00,0x87,0xbf,
    0x17,0x19,0x18,0x81,0x03,0x57,0x06,0x7e,0x18,0x19,0x18,0x8d,0xff,0x0f,0x88,0xbf,
    0xff,0x06,0x06,0x10,0xfe,0xff,0x7f,0x4f,0x91,0x00,0x87,0xbf,0x03,0x0f,0x06,0x7e,
    0x03,0x05,0x2c,0x7e,0x91,0x04,0x87,0xbf,0x14,0x16,0x14,0x96,0x16,0x14,0x94,0x96,
    0x99,0x04,0x87,0xbf,0x16,0x14,0x16,0x81,0x18,0x16,0x94,0x96,0x99,0x04,0x87,0xbf,
    0x14,0x15,0x14,0x96,0x18,0x14,0x94,0x81,0xb9,0x04,0x87,0xbf,0x14,0x15,0x96,0x81,
    0x14,0x15,0x09,0xbf,0x16,0x14,0x14,0x98,0x14,0x15,0x96,0x81,0x14,0x15,0x09,0xbf,
    0x16,0x14,0x14,0x98,0x24,0x9f,0x15,0x86,0x00,0x9f,0x1c,0x86,0x24,0x15,0x16,0x81,
    0x00,0x1c,0x00,0x81,0x16,0x15,0x16,0x8d,0x00,0x1c,0x00,0x8d,0x16,0x0c,0x06,0x7e,
    0x80,0x16,0x98,0x81,0x14,0x19,0x1d,0x8d,0x1c,0x15,0x15,0x8d,0xb1,0x00,0x87,0xbf,
    0x03,0x57,0x06,0x7e,0xff,0x0f,0x88,0xbf,0xff,0x06,0x06,0x10,0xfe,0xff,0x7f,0x4f,
    0x03,0x0f,0x06,0x7e,0x91,0x00,0x87,0xbf,0x03,0x05,0x02,0x7e,0x18,0x01,0x18,0x96,
    0x99,0x04,0x87,0xbf,0x01,0x18,0x98,0x96,0x01,0x18,0x01,0x81,0x99,0x04,0x87,0xbf,
    0x00,0x01,0x81,0x96,0x01,0x16,0x14,0x96,0x09,0x00,0x87,0xbf,0x00,0x14,0x80,0x81,
    0x01,0x81,0x14,0x81,0x00,0x16,0x98,0x81,0x00,0x16,0x09,0xbf,0x14,0x01,0x01,0x98,
    0x18,0x00,0x00,0x98,0x01,0x81,0x14,0x81,0x00,0x16,0x09,0xbf,0x14,0x01,0x00,0x98,
    0x0f,0x9f,0x16,0x86,0x00,0x15,0x00,0x8d,0x0f,0x16,0x0f,0x81,0x00,0x15,0x80,0x81,
    0x0f,0x16,0x1c,0x8d,0x00,0x9f,0x14,0x86,0x99,0x04,0x87,0xbf,0x00,0x14,0x00,0x81,
    0x00,0x14,0x15,0x8d,0x16,0x14,0x14,0x8d,0x15,0x0c,0x06,0x7e,0x80,0x15,0x81,0x81,
    0xff,0x10,0xa0,0x36,0x7e,0x00,0x00,0x00,0xb2,0x00,0x87,0xbf,0x03,0x57,0x06,0x7e,
    0xff,0x0f,0x88,0xbf,0xff,0x06,0x06,0x10,0xfe,0xff,0x7f,0x4f,0x03,0x0f,0x06,0x7e,
    0x91,0x00,0x87,0xbf,0x03,0x05,0x00,0x7e,0x01,0x00,0x01,0x96,0x99,0x04,0x87,0xbf,
    0x00,0x01,0x81,0x96,0x00,0x01,0x00,0x81,0x09,0x00,0x87,0xbf,0x1c,0x00,0x8f,0x96,
    0x02,0x00,0x04,0xf4,0x00,0x00,0x00,0xf8,0x0f,0x15,0x04,0x96,0x0f,0x81,0x23,0x81,
    0x1c,0x04,0x98,0x81,0x03,0x01,0x04,0xf4,0x00,0x00,0x00,0xf8,0x18,0x15,0xa5,0x81,
    0x18,0x15,0x09,0xbf,0x23,0x0f,0x06,0x98,0x25,0x18,0x07,0x98,0x06,0x81,0x0f,0x81,
    0x07,0x15,0x09,0xbf,0x0f,0x06,0x06,0x98,0x99,0x04,0x87,0xbf,0x06,0x14,0x06,0x8d,
    0x06,0x14,0xa3,0x81,0x09,0x00,0x87,0xbf,0x23,0x26,0x06,0x96,0x23,0x0e,0x0e,0x96,
    0x06,0x9f,0x07,0x86,0x0e,0x9f,0x0f,0x86,0x06,0x81,0x86,0x84,0x07,0xfc,0x89,0xbf,
    0x00,0x06,0x14,0x80,0x01,0x07,0x06,0x82,0x0e,0x81,0x80,0x84,0x06,0xff,0x15,0x8b,
    0xff,0xff,0x00,0x00,0x04,0x00,0x18,0x80,0x05,0x01,0x01,0x82,0x19,0x1d,0x80,0x81,
    0x1b,0x0a,0x84,0x81,0x17,0x00,0x00,0x81,0x1a,0x04,0x04,0x81,0x00,0xbf,0x00,0x81,
    0x04,0xbf,0x04,0x81,0x00,0x9f,0x05,0x86,0x04,0x9f,0x06,0x86,0x05,0x9a,0x05,0x85,
    0x06,0x9a,0x06,0x85,0x00,0x05,0x00,0x81,0x04,0x06,0x04,0x81,0x00,0x86,0x05,0x86,
    0x04,0x86,0x00,0x86,0x01,0xff,0x19,0x8b,0xff,0xff,0x00,0x00,0x00,0x05,0x04,0x96,
    0xff,0x00,0x97,0xbe,0x00,0x40,0x00,0x31,0x04,0x9f,0x06,0x86,0x17,0x00,0x9b,0xbe,
    0x04,0x06,0x04,0x81,0x99,0x04,0x87,0xbf,0x04,0x06,0x04,0x8d,0x04,0x0c,0x06,0x7e,
    0x80,0x04,0x87,0x81,0xb1,0x00,0x87,0xbf,0x03,0x57,0x06,0x7e,0xff,0x0f,0x88,0xbf,
    0xff,0x06,0x06,0x10,0xfe,0xff,0x7f,0x4f,0x03,0x0f,0x06,0x7e,0x91,0x00,0x87,0xbf,
    0x03,0x05,0x0c,0x7e,0x07,0x06,0x07,0x96,0x99,0x04,0x87,0xbf,0x06,0x07,0x87,0x96,
    0x06,0x07,0x06,0x81,0x99,0x04,0x87,0xbf,0x1c,0x06,0x86,0x96,0x06,0x04,0x06,0x96,
    0x99,0x04,0x87,0xbf,0x1c,0x06,0x86,0x81,0x06,0x04,0x81,0x81,0x06,0x04,0x09,0xbf,
    0x01,0x06,0x01,0x98,0x09,0x00,0x87,0xbf,0x01,0x04,0x86,0x81,0x01,0x04,0x09,0xbf,
    0x06,0x01,0x01,0x98,0x00,0x9f,0x04,0x86,0x01,0x16,0x01,0x8d,0x00,0x04,0x06,0x81,
    0x01,0x16,0x81,0x81,0x06,0x04,0x06,0x8d,0x01,0x9f,0x0e,0x86,0x06,0x0c,0x06,0x7e,
    0x80,0x06,0x8a,0x81,0x01,0x0e,0x0f,0x81,0x0e,0x04,0x04,0x8d,0x0f,0x0e,0x0f,0x8d,
    0x03,0x57,0x06,0x7e,0xff,0x0f,0x88,0xbf,0xff,0x06,0x06,0x10,0xfe,0xff,0x7f,0x4f,
    0x91,0x00,0x87,0xbf,0x03,0x0f,0x06,0x7e,0x03,0x05,0x0e,0x7e,0x81,0x00,0x06,0x30,
    0x92,0x04,0x87,0xbf,0x0a,0x07,0x0a,0x96,0x07,0x0a,0x8a,0x96,0x99,0x04,0x87,0xbf,
    0x07,0x0a,0x07,0x81,0x0f,0x07,0x87,0x96,0xb9,0x04,0x87,0xbf,0x07,0x06,0x0a,0x96,
    0x07,0x81,0x0e,0x81,0x0f,0x0a,0x8a,0x81,0x0a,0x06,0x8f,0x81,0x0a,0x06,0x09,0xbf,
    0x0e,0x07,0x07,0x98,0x0f,0x0a,0x0a,0x98,0x07,0x81,0x0e,0x81,0x0a,0x06,0x09,0xbf,
    0x0e,0x07,0x06,0x98,0x05,0x9d,0x07,0x85,0x06,0x04,0x06,0x8d,0x05,0x07,0x07,0x81,
    0x06,0x04,0x84,0x81,0x07,0xc8,0x07,0x8b,0x09,0x00,0x87,0xbf,0x05,0x07,0x85,0x81,
    0x04,0x07,0x03,0xbf,0x05,0x88,0x05,0x98,0x04,0x9f,0x0a,0x86,0x05,0x9f,0x06,0x86,
    0x0a,0x9d,0x0a,0x85,0x05,0x06,0x07,0x81,0x04,0x0a,0x0a,0x81,0x07,0x06,0x07,0x8d,
    0x0a,0xc8,0x25,0x8b,0x04,0x00,0x0a,0x96,0x04,0x25,0x84,0x81,0x01,0x0a,0x81,0x81,
    0x04,0x00,0x00,0x96,0x07,0x0c,0x0c,0x7e,0x00,0x01,0x00,0x81,0x80,0x07,0x81,0x81,
    0x00,0x9f,0x0a,0x86,0xb9,0x04,0x87,0xbf,0x0a,0x06,0x06,0x8d,0x86,0x06,0x98,0x36,
    0x00,0x0a,0x0e,0x81,0x0e,0x0a,0x0e,0x8d,0x91,0x00,0x87,0xbf,0x83,0x98,0x42,0x30,
    0x03,0x00,0x2d,0xd7,0x32,0x43,0x02,0x00,0x91,0x00,0x87,0xbf,0x21,0x07,0x06,0x4a,
    0x22,0x06,0x12,0x32,0x06,0x57,0x06,0x7e,0xb1,0x00,0x87,0xbf,0x06,0x00,0x2c,0xd7,
    0x09,0x4d,0x00,0x00,0xff,0x0f,0x88,0xbf,0xff,0x06,0x06,0x10,0xfe,0xff,0x7f,0x4f,
    0x03,0x0f,0x06,0x7e,0x91,0x00,0x87,0xbf,0x03,0x05,0x08,0x7e,0x01,0x04,0x01,0x96,
    0x99,0x04,0x87,0xbf,0x04,0x01,0x81,0x96,0x04,0x01,0x04,0x81,0x99,0x04,0x87,0xbf,
    0x0e,0x04,0x81,0x96,0x01,0x07,0x04,0x96,0x01,0x81,0x0a,0x81,0x0e,0x04,0x84,0x81,
    0x09,0x00,0x87,0xbf,0x04,0x07,0x8e,0x81,0x04,0x07,0x09,0xbf,0x0a,0x01,0x01,0x98,
    0x0e,0x04,0x04,0x98,0x01,0x81,0x0a,0x81,0x04,0x07,0x09,0xbf,0x0a,0x01,0x01,0x98,
    0x03,0x81,0x1a,0x84,0x01,0x06,0x01,0x8d,0x02,0x81,0x16,0x84,0x01,0x06,0x81,0x81,
    0x32,0x27,0x37,0x81,0x01,0x05,0x04,0x96,0x01,0x86,0x34,0x84,0x00,0x04,0x80,0x81,
    0x99,0x04,0x87,0xbf,0x25,0x00,0x25,0x81,0x25,0x86,0x00,0x84,0xa9,0x04,0x87,0xbf,
    0x00,0xa0,0xb4,0x4a,0x80,0x00,0x80,0xbe,0x00,0x00,0x87,0xbe,0x00,0x00,0x81,0xbe,
    0x00,0x00,0x82,0xbe,0x00,0x00,0x83,0xbe,0x00,0x00,0x84,0xbe,0x00,0x00,0x85,0xbe,
    0x00,0x00,0x86,0xbe,0x07,0x02,0x40,0x7e,0x88,0x42,0x9e,0x38,0x04,0x00,0x2d,0xd7,
    0x34,0x43,0x02,0x00,0x03,0x02,0x38,0x7e,0x21,0x0d,0x5c,0x4c,0x0f,0x00,0x2d,0xd7,
    0x02,0xb5,0x02,0x00,0x05,0x00,0x2d,0xd7,0x32,0x9f,0x02,0x00,0x07,0x00,0x2d,0xd7,
    0x34,0x9f,0x02,0x00,0x02,0x02,0x36,0x7e,0x01,0x00,0x20,0xca,0x81,0xb4,0x5a,0x1a,
    0x21,0x09,0x08,0x4a,0x00,0x00,0x24,0xca,0x8f,0x00,0x4a,0x19,0x06,0x00,0x10,0xca,
    0x05,0x00,0x1e,0x1f,0x03,0x00,0x87,0xbf,0x2a,0x08,0xb2,0x32,0x4f,0x0b,0x08,0x4a,
    0x4f,0x0f,0x0a,0x4a,0x07,0x00,0x2d,0xd7,0x31,0x13,0x02,0x00,0x04,0x02,0x3a,0x7e,
    0x5a,0x1f,0x1e,0x4a,0x22,0x08,0x16,0x32,0x2a,0x0a,0x08,0x32,0x02,0x00,0x2d,0xd7,
    0x02,0xb7,0x02,0x00,0x34,0xa0,0xba,0x4a,0x0a,0x00,0x2c,0xd7,0x59,0x4d,0x00,0x00,
    0x05,0x00,0x2d,0xd7,0x31,0x17,0x02,0x00,0x0c,0x00,0x2c,0xd7,0x04,0x4d,0x00,0x00,
    0x04,0xb3,0x1a,0x4c,0x59,0x09,0x08,0x4c,0x09,0x0f,0x0c,0x4a,0x03,0x00,0x2c,0xd7,
    0x0b,0x4d,0x00,0x00,0x5b,0x05,0x04,0x4a,0x0d,0x00,0x2c,0xd7,0x0d,0x4d,0x00,0x00,
    0x0e,0x00,0x2c,0xd7,0x04,0x4d,0x00,0x00,0x21,0x0c,0xe0,0x32,0x0b,0x0b,0x08,0x4a,
    0x4f,0x19,0x18,0x4c,0x21,0x15,0xde,0x4c,0x4f,0x07,0x0a,0x4c,0x06,0x00,0x2c,0xd7,
    0x70,0x57,0x00,0x00,0x21,0x08,0x0e,0x32,0x03,0x00,0x2c,0xd7,0x70,0x61,0x00,0x00,
    0x6f,0x19,0x24,0x4c,0x05,0x5d,0x08,0x4c,0x2e,0x0b,0x0a,0x4c,0x10,0x00,0x2c,0xd7,
    0x07,0x57,0x00,0x00,0x07,0xe1,0x22,0x4c,0x09,0x0d,0xe2,0x4c,0x0d,0x1e,0x12,0x32,
    0x70,0x0f,0x0e,0x4c,0x0d,0x04,0x1e,0x32,0x5c,0x00,0x2c,0xd7,0x11,0x61,0x00,0x00,
    0x11,0x00,0x2c,0xd7,0x5d,0x3d,0x00,0x00,0x0b,0x21,0x0c,0x4c,0x0b,0x00,0x2d,0xd7,
    0x01,0x13,0x02,0x00,0x5e,0x00,0x2c,0xd7,0x07,0x61,0x00,0x00,0x01,0x00,0x2d,0xd7,
    0x01,0x1f,0x02,0x00,0x02,0x00,0x2c,0xd7,0x71,0x63,0x00,0x00,0x06,0xe3,0x20,0x4c,
    0x71,0x0d,0x26,0x4c,0x06,0x7c,0xfe,0xd6,0x5c,0x17,0x10,0x04,0x09,0x17,0x16,0x4a,
    0x11,0x15,0x08,0x4a,0x07,0x00,0x2c,0xd7,0x09,0x5b,0x00,0x00,0x0a,0x00,0x2c,0xd7,
    0x0f,0x5b,0x00,0x00,0x0f,0x03,0x02,0x4a,0x0c,0x16,0xe4,0x32,0x04,0x00,0x55,0xd6,
    0x0d,0x19,0x12,0x04,0x60,0x00,0x2c,0xd7,0x13,0x63,0x00,0x00,0x5f,0x00,0x2c,0xd7,
    0x10,0x63,0x00,0x00,0xc0,0x42,0x9c,0x38,0x0b,0x00,0x2c,0xd7,0x72,0x59,0x00,0x00,
    0x1e,0x08,0x1a,0x4a,0x5a,0x0f,0xe8,0x4c,0x5b,0x15,0xea,0x4c,0x33,0x00,0x2d,0xd7,
    0x34,0x9d,0x02,0x00,0xb0,0x10,0x96,0x36,0x78,0x00,0x55,0xd6,0x12,0x1d,0x36,0x04,
    0x0c,0x00,0x2c,0xd7,0x5f,0x21,0x00,0x00,0x09,0x17,0xec,0x4c,0x09,0x00,0x2c,0xd7,
    0x72,0x6b,0x00,0x00,0x33,0x28,0x2d,0x81,0x03,0x00,0x44,0xd4,0x1e,0x9e,0x02,0x00,
    0x4e,0x67,0x66,0x4a,0x47,0x7c,0xfe,0xd6,0x76,0x5d,0x0c,0x04,0x81,0x08,0x08,0x30,
    0x2f,0x7c,0xfe,0xd6,0x74,0x5f,0x08,0x04,0x03,0x00,0x47,0xd6,0x11,0x43,0x06,0x02,
    0x19,0x01,0x22,0xca,0x83,0x00,0x48,0x11,0x20,0x03,0x30,0x7e,0x0c,0x02,0xe6,0x32,
    0x75,0xe9,0x04,0x4c,0x33,0x5e,0x0e,0x4e,0x32,0x8e,0x14,0x4e,0x01,0x00,0x85,0xbf,
    0x00,0x00,0x5c,0xe0,0x03,0x22,0x46,0x80,0x00,0x00,0x5c,0xe0,0x04,0x26,0x46,0x80,
    0x01,0x00,0x2c,0xd7,0x73,0x59,0x00,0x00,0x4d,0x00,0x2c,0xd7,0x02,0x5f,0x00,0x00,
    0x73,0xe5,0xf2,0x4c,0x1b,0x03,0x26,0x7e,0x1d,0x03,0x2a,0x7e,0x1f,0x03,0x2e,0x7e,
    0x30,0x00,0x2d,0xd7,0x32,0x9d,0x02,0x00,0x1a,0x03,0x24,0x7e,0x0f,0x03,0xee,0x4c,
    0x01,0x7c,0xfe,0xd6,0x07,0x21,0xb8,0x04,0x02,0x00,0x2c,0xd7,0x4d,0x21,0x00,0x00,
    0x07,0x00,0x2c,0xd7,0x0a,0x17,0x00,0x00,0x04,0x00,0x87,0xbf,0x77,0xed,0x16,0x4c,
    0x81,0x1a,0x14,0x30,0x04,0x00,0x43,0xd4,0x33,0x5e,0x02,0x00,0x05,0x00,0x44,0xd4,
    0x2d,0x5e,0x02,0x00,0x2f,0xbf,0x5e,0x4a,0x36,0x00,0x2c,0xd7,0x0b,0x5d,0x00,0x00,
    0x03,0x7c,0xfe,0xd6,0x79,0x6b,0x08,0x04,0x04,0x00,0x55,0xd6,0x01,0x13,0x1e,0x04,
    0x01,0x7c,0xfe,0xd6,0x5e,0x17,0x14,0x04,0x05,0x00,0x2c,0xd7,0x60,0x21,0x00,0x00,
    0x81,0xf0,0x16,0x30,0x07,0x00,0x2c,0xd7,0x36,0x17,0x00,0x00,0x02,0x00,0x55,0xd6,
    0x06,0x19,0x12,0x04,0x00,0x00,0x5c,0xe0,0x0a,0x2a,0x46,0x80,0x81,0x08,0x08,0x30,
    0x00,0x00,0x5c,0xe0,0x0b,0x3b,0x46,0x80,0x19,0x01,0x22,0xca,0x81,0x04,0x06,0x09,
    0x01,0x00,0x85,0xbf,0x00,0x00,0x5c,0xe0,0x04,0x3f,0x45,0x80,0x00,0x00,0x5c,0xe0,
    0x06,0x43,0x45,0x80,0x02,0x00,0x55,0xd6,0x03,0x0f,0x0a,0x04,0x1e,0x03,0x1c,0x7e,
    0x03,0x00,0x10,0xd6,0x00,0x03,0x0d,0x02,0x1b,0x01,0x24,0xca,0xff,0x00,0x04,0x0b,
    0x80,0x00,0x00,0x00,0x24,0x02,0x87,0xbf,0x7a,0x00,0x55,0xd6,0x01,0x0b,0x0a,0x04,
    0x81,0x04,0x02,0x30,0x03,0x00,0x57,0xd6,0x48,0x11,0x0d,0x04,0x14,0x02,0x87,0xbf,
    0x1d,0x01,0x22,0xca,0x81,0x08,0x04,0x0d,0x81,0xf4,0x04,0x30,0x01,0x00,0x85,0xbf,
    0x00,0x00,0x5c,0xe0,0x01,0x51,0x45,0x80,0x00,0x00,0x5c,0xe0,0x02,0x55,0x45,0x80,
    0x20,0x01,0x24,0xca,0x83,0x00,0x00,0x10,0x80,0x02,0x04,0x7e,0x49,0x00,0x56,0xd6,
    0x03,0x09,0x11,0x04,0x4e,0x61,0x60,0x4a,0x2a,0x66,0x9e,0x32,0x04,0x07,0x04,0xf4,
    0x00,0x00,0x00,0xf8,0x6d,0x00,0x3c,0xd7,0x84,0x02,0x02,0x00,0x19,0x01,0x10,0xca,
    0x1e,0x01,0x06,0x01,0x1d,0x03,0x0a,0x7e,0x22,0x60,0xf6,0x32,0x81,0xba,0x60,0x4a,
    0x07,0x00,0x43,0xd4,0x33,0x5e,0x02,0x00,0x08,0x00,0x44,0xd4,0x2d,0x5e,0x02,0x00,
    0x2f,0x9b,0x5e,0x4a,0x04,0x05,0x0c,0x8b,0x00,0x00,0x44,0xd4,0x29,0x60,0x02,0x00,
    0x11,0xb2,0x60,0x4a,0x07,0x08,0x0d,0x8b,0x2f,0xc1,0x00,0x4b,0x05,0x00,0x43,0xd4,
    0x32,0x8e,0x02,0x00,0x07,0x00,0x44,0xd4,0x37,0x8e,0x02,0x00,0x4f,0x61,0xfe,0x4c,
    0x47,0xb9,0x60,0x4a,0x04,0x00,0x43,0xd4,0x33,0x5e,0x02,0x00,0x08,0x00,0x44,0xd4,
    0x2d,0x5e,0x02,0x00,0x09,0x00,0x43,0xd4,0x33,0x00,0x03,0x00,0x0a,0x00,0x44,0xd4,
    0x2d,0x00,0x03,0x00,0x30,0x6d,0x5e,0x4a,0x05,0x07,0x0e,0x8b,0x05,0x00,0x43,0xd4,
    0x32,0x60,0x02,0x00,0x07,0x00,0x44,0xd4,0x37,0x60,0x02,0x00,0x1f,0x03,0x0e,0x7e,
    0xff,0x98,0x6a,0x16,0x08,0x02,0x00,0x00,0x83,0xa0,0x98,0x30,0x50,0x00,0x2d,0xd7,
    0x31,0xf7,0x02,0x00,0x2f,0xbd,0x02,0x4b,0x04,0x08,0x0f,0x8b,0x09,0x0a,0x09,0x8b,
    0x05,0x07,0x0a,0x8b,0x04,0x00,0x43,0xd4,0x32,0x5e,0x02,0x00,0x05,0x00,0x44,0xd4,
    0x37,0x5e,0x02,0x00,0x29,0xba,0x88,0x7c,0x06,0x00,0x44,0xd4,0x1e,0x42,0x02,0x00,
    0x02,0x00,0x44,0xd4,0x1f,0xb6,0x02,0x00,0x07,0x00,0x43,0xd4,0x32,0x02,0x03,0x00,
    0x08,0x00,0x44,0xd4,0x37,0x02,0x03,0x00,0x04,0x05,0x04,0x8b,0x7b,0xa1,0x66,0x4a,
    0x0f,0x04,0x04,0x8b,0x01,0x00,0x44,0xd4,0x1f,0xb4,0x02,0x00,0x07,0x08,0x05,0x8b,
    0x02,0x04,0x07,0x8b,0x06,0x6a,0x04,0x8b,0x21,0x66,0xa0,0x32,0x7e,0x00,0x2c,0xd7,
    0x4f,0x4d,0x00,0x00,0x0c,0x0e,0x0c,0x8b,0x0d,0x0a,0x0a,0x8b,0x01,0x0c,0x0c,0x8b,
    0x33,0x00,0x2c,0xd7,0x50,0x57,0x00,0x00,0x01,0x0a,0x0a,0x8b,0x09,0x05,0x05,0x8b,
    0xc0,0xda,0xfa,0x38,0x02,0x05,0x05,0x8b,0x1a,0x03,0x04,0x7e,0x4b,0x95,0xf8,0x38,
    0x1c,0x03,0x28,0x7e,0x1e,0x03,0x2c,0x7e,0x1a,0x03,0x14,0x7e,0x1c,0x01,0x10,0xca,
    0x1f,0x01,0x0e,0x0c,0x1c,0x01,0x10,0xca,0x1b,0x01,0x02,0x04,0x20,0x03,0x10,0x7e,
    0x30,0x28,0x2c,0x96,0xf7,0x1f,0x89,0xbf,0x25,0x00,0x01,0xd5,0x80,0x4a,0x12,0x00,
    0x24,0x00,0x01,0xd5,0x80,0x48,0x12,0x00,0x23,0x00,0x01,0xd5,0x80,0x46,0x12,0x00,
    0x22,0x00,0x01,0xd5,0x80,0x44,0x12,0x00,0x03,0x6a,0x04,0x8b,0xf7,0x1b,0x89,0xbf,
    0x29,0x00,0x01,0xd5,0x80,0x52,0x12,0x00,0x28,0x00,0x01,0xd5,0x80,0x50,0x12,0x00,
    0x27,0x00,0x01,0xd5,0x80,0x4e,0x12,0x00,0x26,0x00,0x01,0xd5,0x80,0x4c,0x12,0x00,
    0x03,0x00,0x04,0x8b,0xf7,0x17,0x89,0xbf,0x2d,0x00,0x01,0xd5,0x80,0x5a,0x12,0x00,
    0x2c,0x00,0x01,0xd5,0x80,0x58,0x12,0x00,0x2b,0x00,0x01,0xd5,0x80,0x56,0x12,0x00,
    0x2a,0x00,0x01,0xd5,0x80,0x54,0x12,0x00,0x06,0x00,0x04,0x8b,0xf7,0x13,0x89,0xbf,
    0x5c,0x00,0x01,0xd5,0x80,0x7c,0x12,0x00,0x5b,0x00,0x01,0xd5,0x80,0x7a,0x12,0x00,
    0x5a,0x00,0x01,0xd5,0x80,0x78,0x12,0x00,0x59,0x00,0x01,0xd5,0x80,0x76,0x12,0x00,
    0x06,0x0c,0x04,0x8b,0x74,0xeb,0x76,0x4c,0xf7,0x0f,0x89,0xbf,0x60,0x00,0x01,0xd5,
    0x80,0x84,0x12,0x00,0x5f,0x00,0x01,0xd5,0x80,0x82,0x12,0x00,0x5e,0x00,0x01,0xd5,
    0x80,0x80,0x12,0x00,0x5d,0x00,0x01,0xd5,0x80,0x7e,0x12,0x00,0x03,0x0a,0x04,0x8b,
    0x03,0x07,0x03,0x8b,0xf7,0x0b,0x89,0xbf,0x64,0x00,0x01,0xd5,0x80,0x8c,0x12,0x00,
    0x4e,0xfd,0x8c,0x4c,0x63,0x00,0x01,0xd5,0x80,0x8a,0x12,0x00,0xff,0xda,0x8a,0x38,
    0x48,0x00,0x00,0x00,0xf7,0x07,0x89,0xbf,0x68,0x00,0x01,0xd5,0x80,0xa8,0x0e,0x00,
    0x67,0x00,0x01,0xd5,0x80,0xa6,0x0e,0x00,0x66,0x00,0x01,0xd5,0x80,0xa4,0x0e,0x00,
    0x65,0x00,0x01,0xd5,0x80,0xa2,0x0e,0x00,0x06,0x05,0x03,0x8b,0x2f,0x7c,0xfe,0xd6,
    0x7f,0x4d,0x18,0x05,0xf7,0x03,0x89,0xbf,0x6a,0x00,0x01,0xd5,0x80,0xac,0x0e,0x00,
    0x7b,0x67,0xac,0x4c,0x33,0x00,0x2c,0xd7,0x3b,0x5f,0x00,0x00,0x51,0x00,0x47,0xd6,
    0x35,0x99,0x06,0x02,0xff,0x42,0x6a,0x38,0x80,0x00,0x00,0x00,0x21,0x00,0x2c,0xd7,
    0x7b,0x4d,0x00,0x00,0x56,0xe3,0x76,0x4c,0x42,0x00,0x2c,0xd7,0x34,0xdd,0x02,0x00,
    0x2f,0xdf,0x8e,0x4c,0x3d,0x7c,0xfe,0xd6,0x34,0x8b,0x02,0x02,0x04,0x00,0x87,0xbf,
    0x2f,0x7c,0xfe,0xd6,0x3b,0x63,0xcc,0x04,0x3b,0x7c,0xfe,0xd6,0x34,0xfb,0x02,0x02,
    0x72,0xe7,0x60,0x4c,0x76,0xef,0x82,0x4c,0x4e,0x43,0xa4,0x4c,0x61,0x00,0x01,0xd5,
    0x80,0x86,0x12,0x00,0x80,0x5f,0xa8,0x4a,0x21,0x00,0x2c,0xd7,0x2f,0x21,0x00,0x00,
    0x2f,0x00,0x2c,0xd7,0x30,0x6b,0x00,0x00,0x41,0x00,0x2c,0xd7,0x41,0x5d,0x00,0x00,
    0x3c,0x85,0x78,0x4a,0x3e,0x85,0x7c,0x4a,0x42,0x7c,0xfe,0xd6,0x32,0x8b,0x02,0x02,
    0x52,0x5d,0x5c,0x4c,0x50,0xe1,0x60,0x4c,0x62,0x00,0x01,0xd5,0x80,0x88,0x12,0x00,
    0x44,0x00,0x2c,0xd7,0x32,0xdd,0x02,0x00,0x3f,0x7c,0xfe,0xd6,0x32,0xfb,0x02,0x02,
    0x21,0x00,0x55,0xd6,0x2e,0x43,0xbe,0x04,0x2e,0x7c,0xfe,0xd6,0x30,0x61,0x04,0x05,
    0x6c,0x00,0x01,0xd5,0x80,0xb0,0x0e,0x00,0x6b,0x00,0x01,0xd5,0x80,0xae,0x0e,0x00,
    0x69,0x00,0x01,0xd5,0x80,0xaa,0x0e,0x00,0x36,0x9f,0x03,0x86,0x40,0x89,0x80,0x4a,
    0x03,0x9a,0x03,0x85,0x2f,0x00,0x2c,0xd7,0x2e,0x17,0x00,0x00,0x36,0x03,0x36,0x81,
    0x43,0x89,0x86,0x4a,0x44,0x7c,0xfe,0xd6,0x27,0xf2,0xda,0x04,0x36,0x86,0x03,0x86,
    0x4c,0x00,0x46,0xd6,0x7c,0x09,0xfd,0x03,0x70,0x20,0x00,0x00,0xff,0xa2,0xa6,0x4a,
    0x70,0x20,0x00,0x00,0x47,0xf1,0x8e,0x4a,0x81,0x5d,0xaa,0x4a,0x45,0x00,0x55,0xd6,
    0x21,0x5f,0xea,0x05,0x03,0xc1,0x03,0x81,0x80,0x26,0xae,0x81,0x03,0x81,0x2f,0x8a,
    0x70,0x20,0x7c,0xdb,0x51,0x22,0x00,0x00,0x80,0x20,0x7c,0xdb,0x51,0x59,0x00,0x00,
    0x20,0x04,0x7c,0xdb,0x51,0x65,0x00,0x00,0x10,0x04,0x7c,0xdb,0x51,0x61,0x00,0x00,
    0x00,0x00,0x7c,0xdb,0x51,0x5d,0x00,0x00,0x10,0x00,0x7c,0xdb,0x51,0x69,0x00,0x00,
    0x90,0x24,0x7c,0xdb,0x51,0x2a,0x00,0x00,0x80,0x24,0x7c,0xdb,0x51,0x26,0x00,0x00,
    0xb8,0x6a,0xe0,0x4e,0xc0,0x6a,0xe2,0x4e,0x81,0x8a,0x42,0x30,0x05,0x00,0x43,0xd4,
    0x32,0xaa,0x02,0x00,0x06,0x00,0x44,0xd4,0x37,0xaa,0x02,0x00,0x70,0x87,0x4a,0x4a,
    0x71,0x81,0x4c,0x4a,0x00,0x00,0x5c,0xe0,0x21,0x21,0x45,0x80,0x03,0x00,0x43,0xd4,
    0x33,0xa8,0x02,0x00,0x04,0x00,0x44,0xd4,0x2d,0xa8,0x02,0x00,0x22,0x4a,0x50,0x32,
    0x22,0x4c,0xdc,0x32,0x3f,0x0b,0x00,0xd7,0x3f,0x73,0x02,0x00,0x3d,0x0c,0x00,0xd7,
    0x3d,0x6f,0x02,0x00,0x14,0x02,0x87,0xbf,0x25,0x00,0x2d,0xd7,0x31,0x51,0x02,0x00,
    0x26,0x00,0x2d,0xd7,0x31,0xdd,0x02,0x00,0x42,0x0d,0x00,0xd7,0x42,0x73,0x02,0x00,
    0x3b,0x0e,0x00,0xd7,0x3b,0x6f,0x02,0x00,0x03,0x04,0x04,0x8b,0x05,0x06,0x05,0x8b,
    0x14,0x02,0x87,0xbf,0x28,0x4b,0x4a,0x4a,0x6e,0x4d,0x4c,0x4a,0x40,0x03,0x20,0xd5,
    0x40,0x75,0x2e,0x00,0x43,0x03,0x20,0xd5,0x43,0x75,0x36,0x00,0x14,0x02,0x87,0xbf,
    0x21,0x4a,0xe4,0x32,0x21,0x4c,0xe6,0x32,0x07,0x00,0x44,0xd4,0x1e,0xe2,0x02,0x00,
    0x08,0x00,0x44,0xd4,0x1e,0xe0,0x02,0x00,0x2f,0xc1,0x2f,0x81,0x29,0x00,0x2c,0xd7,
    0x72,0x57,0x00,0x00,0x72,0xa1,0x54,0x4c,0x72,0xe7,0x4e,0x4c,0x73,0xa1,0x56,0x4c,
    0x93,0x01,0x87,0xbf,0x74,0x00,0x2c,0xd7,0x2a,0x61,0x00,0x00,0x25,0x7c,0xfe,0xd6,
    0x2b,0x4e,0xba,0x05,0x28,0x53,0xea,0x4c,0x56,0x53,0xec,0x4a,0x26,0x7c,0xfe,0xd6,
    0x30,0x56,0x12,0x05,0x23,0x02,0x87,0xbf,0x75,0xad,0x4e,0x4c,0x44,0xe9,0x52,0x4a,
    0x25,0xed,0x4a,0x4c,0x93,0x01,0x87,0xbf,0x6f,0x00,0x2c,0xd7,0x27,0x63,0x00,0x00,
    0x27,0x00,0x2c,0xd7,0x28,0x52,0x02,0x00,0x2b,0x00,0x2c,0xd7,0x28,0x4c,0x02,0x00,
    0x14,0x02,0x87,0xbf,0x29,0x00,0x2c,0xd7,0x31,0x4a,0x02,0x00,0x25,0x7c,0xfe,0xd6,
    0x2c,0x54,0xbe,0x05,0x94,0x01,0x87,0xbf,0x26,0x00,0x55,0xd6,0x4d,0x4f,0xbe,0x05,
    0x27,0x00,0x55,0xd6,0x4d,0x57,0xa6,0x04,0x12,0x01,0x87,0xbf,0x26,0x00,0x2c,0xd7,
    0x24,0x4c,0x02,0x00,0x27,0x00,0x2c,0xd7,0x24,0x4e,0x02,0x00,0x25,0x00,0x2c,0xd7,
    0x24,0x4a,0x02,0x00,0x93,0x01,0x87,0xbf,0x26,0x51,0x52,0x4c,0x27,0xdd,0x54,0x4c,
    0x93,0x01,0x87,0xbf,0x25,0x51,0x56,0x4c,0x25,0x7c,0xfe,0xd6,0x26,0x52,0x16,0x05,
    0x93,0x01,0x87,0xbf,0x26,0x7c,0xfe,0xd6,0x26,0x54,0x16,0x05,0x27,0x7c,0xfe,0xd6,
    0x26,0x56,0x16,0x05,0x93,0x01,0x87,0xbf,0x25,0xa5,0x4a,0x4c,0x26,0xa5,0x4c,0x4c,
    0x93,0x01,0x87,0xbf,0x27,0xa5,0x4e,0x4c,0x35,0x4b,0x4a,0x4a,0x93,0x01,0x87,0xbf,
    0x35,0x4d,0x4c,0x4a,0x35,0x4f,0x4e,0x4a,0x93,0x01,0x87,0xbf,0x25,0x00,0x46,0xd6,
    0x25,0x03,0xfd,0x03,0x90,0xff,0xff,0xff,0x29,0x00,0x46,0xd6,0x26,0x03,0xfd,0x03,
    0x80,0xff,0xff,0xff,0x03,0x00,0x87,0xbf,0x2a,0x00,0x46,0xd6,0x27,0x03,0xfd,0x03,
    0x90,0xff,0xff,0xff,0x02,0x00,0x85,0xbf,0x00,0x00,0x5c,0xe0,0x25,0x25,0x45,0x80,
    0x00,0x00,0x5c,0xe0,0x29,0x2d,0x45,0x80,0x00,0x00,0x5c,0xe0,0x2a,0x29,0x45,0x80,
    0x07,0xfc,0x89,0xbf,0x00,0x00,0xbd,0xbf,0x00,0x00,0xfc,0xdb,0x4c,0x00,0x00,0x56,
    0x10,0x04,0xfc,0xdb,0x4c,0x00,0x00,0x5a,0x10,0x04,0xfc,0xdb,0x49,0x00,0x00,0x62,
    0x00,0x00,0xfc,0xdb,0x49,0x00,0x00,0x5e,0x00,0x01,0xfc,0xdb,0x49,0x00,0x00,0x66,
    0x10,0x05,0xfc,0xdb,0x49,0x00,0x00,0x6a,0x07,0xfc,0x89,0xbf,0x19,0x40,0x40,0xcc,
    0x5e,0xad,0x66,0x1c,0x11,0x40,0x40,0xcc,0x66,0xad,0x46,0x1c,0x10,0x06,0xfc,0xdb,
    0x49,0x00,0x00,0x62,0x00,0x02,0xfc,0xdb,0x49,0x00,0x00,0x5e,0x00,0x03,0xfc,0xdb,
    0x49,0x00,0x00,0x66,0x10,0x07,0xfc,0xdb,0x49,0x00,0x00,0x6a,0x27,0xfc,0x89,0xbf,
    0x09,0x40,0x40,0xcc,0x5e,0xad,0x26,0x1c,0x07,0xfc,0x89,0xbf,0x01,0x40,0x40,0xcc,
    0x66,0xad,0x06,0x1c,0x20,0x08,0xfc,0xdb,0x4c,0x00,0x00,0x56,0x30,0x0c,0xfc,0xdb,
    0x4c,0x00,0x00,0x5a,0x30,0x0c,0xfc,0xdb,0x49,0x00,0x00,0x62,0x20,0x08,0xfc,0xdb,
    0x49,0x00,0x00,0x5e,0x20,0x09,0xfc,0xdb,0x49,0x00,0x00,0x66,0x30,0x0d,0xfc,0xdb,
    0x49,0x00,0x00,0x6a,0x27,0xfc,0x89,0xbf,0x19,0x40,0x40,0xcc,0x5e,0xad,0x66,0x1c,
    0x07,0xfc,0x89,0xbf,0x11,0x40,0x40,0xcc,0x66,0xad,0x46,0x1c,0x30,0x0e,0xfc,0xdb,
    0x49,0x00,0x00,0x62,0x20,0x0a,0xfc,0xdb,0x49,0x00,0x00,0x5e,0x20,0x0b,0xfc,0xdb,
    0x49,0x00,0x00,0x66,0x30,0x0f,0xfc,0xdb,0x49,0x00,0x00,0x6a,0x27,0xfc,0x89,0xbf,
    0x09,0x40,0x40,0xcc,0x5e,0xad,0x26,0x1c,0x07,0xfc,0x89,0xbf,0x01,0x40,0x40,0xcc,
    0x66,0xad,0x06,0x1c,0x40,0x10,0xfc,0xdb,0x4c,0x00,0x00,0x56,0x50,0x14,0xfc,0xdb,
    0x4c,0x00,0x00,0x5a,0x50,0x14,0xfc,0xdb,0x49,0x00,0x00,0x62,0x40,0x10,0xfc,0xdb,
    0x49,0x00,0x00,0x5e,0x40,0x11,0xfc,0xdb,0x49,0x00,0x00,0x66,0x50,0x15,0xfc,0xdb,
    0x49,0x00,0x00,0x6a,0x27,0xfc,0x89,0xbf,0x19,0x40,0x40,0xcc,0x5e,0xad,0x66,0x1c,
    0x07,0xfc,0x89,0xbf,0x11,0x40,0x40,0xcc,0x66,0xad,0x46,0x1c,0x50,0x16,0xfc,0xdb,
    0x49,0x00,0x00,0x62,0x40,0x12,0xfc,0xdb,0x49,0x00,0x00,0x5e,0x40,0x13,0xfc,0xdb,
    0x49,0x00,0x00,0x66,0x50,0x17,0xfc,0xdb,0x49,0x00,0x00,0x6a,0x27,0xfc,0x89,0xbf,
    0x09,0x40,0x40,0xcc,0x5e,0xad,0x26,0x1c,0x07,0xfc,0x89,0xbf,0x01,0x40,0x40,0xcc,
    0x66,0xad,0x06,0x1c,0x60,0x18,0xfc,0xdb,0x4c,0x00,0x00,0x56,0x70,0x1c,0xfc,0xdb,
    0x4c,0x00,0x00,0x5a,0x70,0x1c,0xfc,0xdb,0x49,0x00,0x00,0x62,0x60,0x18,0xfc,0xdb,
    0x49,0x00,0x00,0x5e,0x60,0x19,0xfc,0xdb,0x49,0x00,0x00,0x66,0x70,0x1d,0xfc,0xdb,
    0x49,0x00,0x00,0x6a,0x27,0xfc,0x89,0xbf,0x19,0x40,0x40,0xcc,0x5e,0xad,0x66,0x1c,
    0x07,0xfc,0x89,0xbf,0x11,0x40,0x40,0xcc,0x66,0xad,0x46,0x1c,0x70,0x1e,0xfc,0xdb,
    0x49,0x00,0x00,0x62,0x60,0x1a,0xfc,0xdb,0x49,0x00,0x00,0x5e,0x60,0x1b,0xfc,0xdb,
    0x49,0x00,0x00,0x66,0x70,0x1f,0xfc,0xdb,0x49,0x00,0x00,0x6a,0x27,0xfc,0x89,0xbf,
    0x09,0x40,0x40,0xcc,0x5e,0xad,0x26,0x1c,0x5e,0x00,0x2d,0xd7,0x32,0x6b,0x02,0x00,
    0x07,0xfc,0x89,0xbf,0x01,0x40,0x40,0xcc,0x66,0xad,0x06,0x1c,0x11,0x9e,0xb0,0x4c,
    0x59,0x00,0x2c,0xd7,0x26,0x9e,0x02,0x00,0x5c,0x00,0x2d,0xd7,0x34,0x6b,0x02,0x00,
    0x81,0x8e,0xb4,0x30,0x47,0x8d,0xb6,0x4c,0x56,0x7c,0xfe,0xd6,0x26,0xb0,0x1e,0x05,
    0x70,0x7d,0xae,0x4a,0x71,0x79,0xb0,0x4a,0x47,0xb3,0x8e,0x4c,0x35,0xb9,0xb2,0x4a,
    0x35,0xbd,0xb8,0x4a,0x2a,0xae,0xbc,0x32,0x2a,0xb0,0xbe,0x32,0x56,0x8d,0xb0,0x4c,
    0x47,0x8d,0xc0,0x4c,0x22,0xb8,0xce,0x32,0x46,0x7c,0xfe,0xd6,0x2e,0xbc,0xd6,0x04,
    0x56,0x7c,0xfe,0xd6,0x2e,0xbe,0xd6,0x04,0x5e,0x9f,0xb8,0x4c,0x2a,0xb2,0x9e,0x32,
    0x59,0x00,0x2c,0xd7,0x5e,0x4d,0x00,0x00,0x11,0xbe,0x8e,0x4c,0x88,0x9c,0xba,0x38,
    0x62,0x00,0x2d,0xd7,0x31,0xcf,0x02,0x00,0x61,0x00,0x47,0xd6,0x35,0xb1,0x06,0x02,
    0x5f,0xbd,0xbc,0x4c,0x57,0x7c,0xfe,0xd6,0x26,0x8e,0xd6,0x04,0x56,0x8d,0xb0,0x4c,
    0x5d,0xb3,0xac,0x4c,0x46,0x7c,0xfe,0xd6,0x2e,0x9e,0xd6,0x04,0x47,0x00,0x2c,0xd7,
    0x5c,0x4d,0x00,0x00,0x67,0xc5,0xb2,0x4a,0x04,0x00,0x87,0xbf,0x5b,0xad,0xac,0x4a,
    0x5c,0x00,0x2c,0xd7,0x5e,0x4d,0x00,0x00,0x4f,0xbf,0xbc,0x4c,0x74,0xab,0xd8,0x4a,
    0x46,0xaf,0x8c,0x4c,0x21,0xb2,0xd6,0x32,0x47,0x00,0x55,0xd6,0x56,0x8f,0x7a,0x00,
    0x35,0xc1,0xc0,0x4a,0x59,0x00,0x2c,0xd7,0x73,0x57,0x00,0x00,0x73,0xe5,0xb6,0x4c,
    0xff,0xc2,0xc6,0x4a,0x80,0xff,0xff,0xff,0x56,0x7c,0xfe,0xd6,0x5e,0x4d,0x18,0x05,
    0x72,0xd7,0xae,0x4c,0x58,0x00,0x55,0xd6,0x58,0xb9,0x1e,0x05,0x5f,0x00,0x46,0xd6,
    0x60,0x03,0xfd,0x03,0x90,0xff,0xff,0xff,0xff,0xc2,0xc0,0x4a,0x90,0xff,0xff,0xff,
    0x6e,0xb3,0xd4,0x4c,0x46,0x7c,0xfe,0xd6,0x2b,0xae,0x9e,0x05,0x47,0x00,0x55,0xd6,
    0x58,0xad,0xe2,0x02,0x6f,0xa9,0xdc,0x4a,0x3c,0x03,0x20,0xd5,0x3c,0x71,0x3a,0x00,
    0x3e,0x03,0x20,0xd5,0x3e,0x71,0x32,0x00,0x46,0xed,0xda,0x4c,0x6c,0x6d,0x8c,0x4a,
    0x05,0x04,0x03,0x8b,0x6a,0xeb,0xa8,0x4c,0x01,0x03,0x27,0x8b,0x6b,0xa1,0xa0,0x4c,
    0x55,0x7c,0xfe,0xd6,0x5b,0x61,0x18,0x05,0x03,0x00,0x85,0xbf,0x00,0x00,0x5c,0xe0,
    0x5a,0x57,0x46,0x80,0x00,0x00,0x5c,0xe0,0x5f,0x5b,0x46,0x80,0x00,0x00,0x5c,0xe0,
    0x60,0x5f,0x46,0x80,0x00,0x00,0x5c,0xe0,0x63,0x63,0x46,0x80,0x09,0x00,0x43,0xd4,
    0x32,0x8c,0x02,0x00,0x0a,0x00,0x44,0xd4,0x37,0x8c,0x02,0x00,0x6b,0xe7,0x8c,0x4c,
    0xc0,0x9c,0x9c,0x4a,0x0d,0x00,0x43,0xd4,0x32,0xd8,0x02,0x00,0x03,0x00,0x43,0xd4,
    0x32,0xaa,0x02,0x00,0x04,0x00,0x44,0xd4,0x37,0xaa,0x02,0x00,0x46,0x00,0x2c,0xd7,
    0x46,0x61,0x00,0x00,0x0e,0x00,0x44,0xd4,0x37,0xd8,0x02,0x00,0x0f,0x00,0x43,0xd4,
    0x33,0xdc,0x02,0x00,0x10,0x00,0x44,0xd4,0x2d,0xdc,0x02,0x00,0x03,0x04,0x03,0x8b,
    0x09,0x0a,0x09,0x8b,0x0d,0x0e,0x0d,0x8b,0x07,0xfc,0x89,0xbf,0x00,0x00,0xbd,0xbf,
    0x55,0x00,0x55,0xd6,0x46,0x83,0x56,0x05,0x6e,0x9b,0x8c,0x4a,0x0f,0x10,0x04,0x8b,
    0x99,0x00,0x87,0xbf,0x0d,0x04,0x04,0x8b,0x05,0x00,0x43,0xd4,0x33,0x8c,0x02,0x00,
    0x06,0x00,0x44,0xd4,0x2d,0x8c,0x02,0x00,0x68,0x7c,0xfe,0xd6,0x54,0x63,0x18,0x05,
    0x46,0x00,0x2c,0xd7,0x6b,0x57,0x00,0x00,0x01,0x04,0x0a,0x8b,0x43,0x01,0x87,0xbf,
    0x05,0x06,0x04,0x8b,0x6a,0x07,0x06,0x8b,0x09,0x04,0x04,0x8b,0x6a,0x08,0x09,0x8b,
    0x0b,0x00,0x43,0xd4,0x33,0xd0,0x02,0x00,0x0c,0x00,0x44,0xd4,0x2d,0xd0,0x02,0x00,
    0x67,0x8d,0xac,0x4c,0x02,0x04,0x04,0x8b,0x92,0x00,0x87,0xbf,0x0b,0x0c,0x05,0x8b,
    0x56,0xd5,0x8c,0x4c,0x03,0x05,0x03,0x8b,0xa9,0x00,0x87,0xbf,0x02,0x03,0x05,0x8b,
    0x08,0x04,0x03,0x8b,0x46,0x00,0x2c,0xd7,0x46,0x63,0x00,0x00,0x07,0x05,0x04,0x8b,
    0x08,0x0a,0x05,0x8b,0x00,0x07,0x0a,0x8b,0x07,0x27,0x07,0x8b,0x00,0x08,0x08,0x8b,
    0xf7,0x1f,0x89,0xbf,0x24,0x00,0x01,0xd5,0x80,0x48,0x1e,0x00,0x23,0x00,0x01,0xd5,
    0x80,0x46,0x1e,0x00,0x54,0x00,0x55,0xd6,0x46,0x67,0xa2,0x05,0x46,0x00,0x2c,0xd7,
    0x31,0xda,0x02,0x00,0x68,0x7c,0xfe,0xd6,0x2e,0xce,0xd6,0x04,0x22,0x00,0x01,0xd5,
    0x80,0x44,0x1e,0x00,0x21,0x00,0x01,0xd5,0x80,0x42,0x1e,0x00,0x2f,0x80,0x07,0xbf,
    0x04,0x00,0x87,0xbf,0x69,0x7c,0xfe,0xd6,0x2c,0xa0,0x1a,0x05,0x46,0x00,0x2c,0xd7,
    0x4f,0x4d,0x00,0x00,0x6b,0x03,0xa0,0x7e,0x00,0x00,0x7c,0xdb,0x51,0x21,0x00,0x00,
    0x69,0x00,0x2c,0xd7,0x24,0xd2,0x02,0x00,0x4e,0x8d,0x8c,0x4c,0x02,0x00,0x87,0xbf,
    0x69,0xcf,0xce,0x4c,0xf7,0x17,0x89,0xbf,0x30,0x00,0x01,0xd5,0x80,0x60,0x12,0x00,
    0x2f,0x00,0x01,0xd5,0x80,0x5e,0x12,0x00,0x2e,0x00,0x01,0xd5,0x80,0x5c,0x12,0x00,
    0x2d,0x00,0x01,0xd5,0x80,0x5a,0x12,0x00,0x69,0x7c,0xfe,0xd6,0x26,0xce,0x16,0x05,
    0x28,0x00,0x01,0xd5,0x80,0x50,0x0e,0x00,0x27,0x00,0x01,0xd5,0x80,0x4e,0x0e,0x00,
    0x26,0x00,0x01,0xd5,0x80,0x4c,0x0e,0x00,0x25,0x00,0x01,0xd5,0x80,0x4a,0x0e,0x00,
    0xf7,0x13,0x89,0xbf,0x24,0x00,0x01,0xd5,0x80,0x58,0x16,0x00,0x23,0x00,0x01,0xd5,
    0x80,0x56,0x16,0x00,0x69,0xa5,0x8a,0x4c,0x68,0x03,0xa4,0x7e,0x22,0x00,0x01,0xd5,
    0x80,0x54,0x16,0x00,0x21,0x00,0x01,0xd5,0x80,0x52,0x16,0x00,0x04,0x00,0x87,0xbf,
    0x35,0x8b,0x8a,0x4a,0xc0,0x6a,0x6a,0x4a,0xf7,0x0f,0x89,0xbf,0x2c,0x00,0x01,0xd5,
    0x80,0xb4,0x1a,0x00,0x2b,0x00,0x01,0xd5,0x80,0xb2,0x1a,0x00,0x2a,0x00,0x01,0xd5,
    0x80,0xb0,0x1a,0x00,0x29,0x00,0x01,0xd5,0x80,0xae,0x1a,0x00,0xf7,0x0b,0x89,0xbf,
    0x5a,0x00,0x01,0xd5,0x80,0xbc,0x26,0x00,0x59,0x00,0x01,0xd5,0x80,0xba,0x26,0x00,
    0x58,0x00,0x01,0xd5,0x80,0xb8,0x26,0x00,0x57,0x00,0x01,0xd5,0x80,0xb6,0x26,0x00,
    0xf7,0x07,0x89,0xbf,0x5e,0x00,0x01,0xd5,0x80,0xc4,0x22,0x00,0x5d,0x00,0x01,0xd5,
    0x80,0xc2,0x22,0x00,0x5c,0x00,0x01,0xd5,0x80,0xc0,0x22,0x00,0x5b,0x00,0x01,0xd5,
    0x80,0xbe,0x22,0x00,0xf7,0x03,0x89,0xbf,0x62,0x00,0x01,0xd5,0x80,0xcc,0x2a,0x00,
    0x61,0x00,0x01,0xd5,0x80,0xca,0x2a,0x00,0x60,0x00,0x01,0xd5,0x80,0xc8,0x2a,0x00,
    0x5f,0x00,0x01,0xd5,0x80,0xc6,0x2a,0x00,0x10,0x00,0x7c,0xdb,0x51,0x2d,0x00,0x00,
    0x20,0x04,0x7c,0xdb,0x51,0x25,0x00,0x00,0x10,0x04,0x7c,0xdb,0x51,0x21,0x00,0x00,
    0x00,0x00,0x7c,0xdb,0x53,0x29,0x00,0x00,0x10,0x00,0x7c,0xdb,0x53,0x5f,0x00,0x00,
    0x20,0x04,0x7c,0xdb,0x53,0x5b,0x00,0x00,0x10,0x04,0x7c,0xdb,0x53,0x57,0x00,0x00,
    0xeb,0xfd,0xa2,0xbf,0x07,0xfc,0x89,0xbf,0x00,0x00,0xbd,0xbf,0x00,0x00,0xfc,0xdb,
    0x4c,0x00,0x00,0x21,0x10,0x04,0xfc,0xdb,0x4c,0x00,0x00,0x25,0x00,0x01,0xfc,0xdb,
    0x49,0x00,0x00,0x29,0x10,0x05,0xfc,0xdb,0x49,0x00,0x00,0x2d,0x00,0x00,0xfc,0xdb,
    0x49,0x00,0x00,0x31,0x10,0x04,0xfc,0xdb,0x49,0x00,0x00,0x35,0x20,0x08,0xfc,0xdb,
    0x4c,0x00,0x00,0x39,0x30,0x0c,0xfc,0xdb,0x4c,0x00,0x00,0x3d,0x20,0x09,0xfc,0xdb,
    0x49,0x00,0x00,0x4d,0x30,0x0d,0xfc,0xdb,0x49,0x00,0x00,0x51,0x20,0x08,0xfc,0xdb,
    0x49,0x00,0x00,0x55,0x30,0x0c,0xfc,0xdb,0x49,0x00,0x00,0x59,0x40,0x10,0xfc,0xdb,
    0x4c,0x00,0x00,0x5d,0x50,0x14,0xfc,0xdb,0x4c,0x00,0x00,0x61,0x60,0x18,0xfc,0xdb,
    0x4c,0x00,0x00,0x65,0x70,0x1c,0xfc,0xdb,0x4c,0x00,0x00,0x69,0x40,0x10,0xfc,0xdb,
    0x49,0x00,0x00,0x6d,0x23,0x29,0x00,0x96,0xff,0x00,0x8b,0xbe,0x00,0x40,0x00,0x31,
    0x00,0x9f,0x01,0x86,0x0b,0x00,0x87,0xbe,0x00,0x81,0x82,0x84,0x29,0x23,0x01,0x97,
    0xd7,0xfc,0x89,0xbf,0x11,0x40,0x40,0xcc,0x29,0x43,0x46,0x1c,0x40,0x11,0xfc,0xdb,
    0x49,0x00,0x00,0x29,0x50,0x15,0xfc,0xdb,0x49,0x00,0x00,0x2d,0x50,0x14,0xfc,0xdb,
    0x49,0x00,0x00,0x71,0xe7,0xfc,0x89,0xbf,0x19,0x40,0x40,0xcc,0x31,0x43,0x66,0x1c,
    0x00,0x02,0xfc,0xdb,0x49,0x00,0x00,0x31,0x10,0x06,0xfc,0xdb,0x49,0x00,0x00,0x35,
    0x1c,0x02,0x04,0x80,0x1d,0x03,0x02,0x82,0xc7,0xfc,0x89,0xbf,0x11,0x40,0x40,0xcc,
    0x4d,0x73,0x46,0x1c,0x70,0x1c,0xfc,0xdb,0x49,0x00,0x00,0x50,0x60,0x18,0xfc,0xdb,
    0x49,0x00,0x00,0x4c,0xc7,0xfc,0x89,0xbf,0x19,0x40,0x40,0xcc,0x55,0x73,0x66,0x1c,
    0x60,0x19,0xfc,0xdb,0x49,0x00,0x00,0x54,0x70,0x1d,0xfc,0xdb,0x49,0x00,0x00,0x58,
    0x00,0x81,0x80,0x84,0x02,0xff,0x05,0x8b,0xff,0xff,0x00,0x00,0x12,0x00,0x08,0x80,
    0x13,0x01,0x09,0x82,0x29,0x81,0x0a,0x84,0x29,0x24,0x01,0x96,0x1f,0xc1,0x02,0x81,
    0x09,0x00,0x87,0xbf,0x01,0x02,0x02,0x96,0x77,0xfc,0x89,0xbf,0x11,0x40,0x40,0xcc,
    0x29,0xbb,0x46,0x1c,0x67,0xfc,0x89,0xbf,0x19,0x40,0x40,0xcc,0x6d,0xbb,0x66,0x1c,
    0x70,0x1e,0xfc,0xdb,0x49,0x00,0x00,0x2d,0x57,0xfc,0x89,0xbf,0x09,0x40,0x40,0xcc,
    0x31,0x43,0x26,0x1c,0x00,0x03,0xfc,0xdb,0x49,0x00,0x00,0x31,0x10,0x07,0xfc,0xdb,
    0x49,0x00,0x00,0x35,0x85,0x00,0x52,0x30,0x02,0x29,0x02,0x81,0x57,0xfc,0x89,0xbf,
    0x19,0x40,0x40,0xcc,0x4c,0xcb,0x66,0x1c,0x20,0x0a,0xfc,0xdb,0x49,0x00,0x00,0x4c,
    0x47,0xfc,0x89,0xbf,0x11,0x40,0x40,0xcc,0x54,0xcb,0x46,0x1c,0x20,0x0b,0xfc,0xdb,
    0x49,0x00,0x00,0x54,0x30,0x0e,0xfc,0xdb,0x49,0x00,0x00,0x50,0x30,0x0f,0xfc,0xdb,
    0x49,0x00,0x00,0x58,0xff,0x52,0x52,0x36,0x00,0x02,0x00,0x00,0x19,0x15,0x84,0x7e,
    0x1a,0x15,0x86,0x7e,0x1b,0x15,0x88,0x7e,0x1c,0x15,0x8a,0x7e,0x41,0x00,0x58,0xd6,
    0x4a,0x53,0x2e,0x05,0x1d,0x15,0x8c,0x7e,0x1e,0x15,0x8e,0x7e,0x1f,0x15,0xb8,0x7e,
    0x20,0x15,0xda,0x7e,0x11,0x15,0xdc,0x7e,0x12,0x15,0xde,0x7e,0x13,0x15,0xe0,0x7e,
    0x14,0x15,0xe2,0x7e,0x15,0x15,0xe4,0x7e,0x16,0x15,0xe6,0x7e,0x17,0x15,0xe8,0x7e,
    0x18,0x15,0xea,0x7e,0x40,0x12,0xfc,0xdb,0x49,0x00,0x00,0x11,0x27,0xfc,0x89,0xbf,
    0x09,0x40,0x40,0xcc,0x4c,0x73,0x26,0x1c,0x40,0x13,0xfc,0xdb,0x49,0x00,0x00,0x19,
    0x50,0x16,0xfc,0xdb,0x49,0x00,0x00,0x15,0x50,0x17,0xfc,0xdb,0x49,0x00,0x00,0x1d,
    0x60,0x1a,0xfc,0xdb,0x49,0x00,0x00,0x29,0x60,0x1b,0xfc,0xdb,0x49,0x00,0x00,0x4a,
    0x70,0x1f,0xfc,0xdb,0x49,0x00,0x00,0x4e,0x81,0x82,0x92,0x30,0x07,0xfc,0x89,0xbf,
    0x00,0x00,0xbd,0xbf,0x00,0x00,0x7c,0xd8,0x49,0x42,0x00,0x00,0x80,0x00,0x7c,0xd8,
    0x49,0x43,0x00,0x00,0x00,0x01,0x7c,0xd8,0x49,0x44,0x00,0x00,0x80,0x01,0x7c,0xd8,
    0x49,0x45,0x00,0x00,0x00,0x02,0x7c,0xd8,0x49,0x46,0x00,0x00,0x80,0x02,0x7c,0xd8,
    0x49,0x47,0x00,0x00,0xb8,0x90,0x8c,0x36,0x87,0x00,0x8a,0x32,0x00,0x00,0x10,0xd6,
    0x00,0x07,0x11,0x02,0x00,0x03,0x7c,0xd8,0x49,0x5c,0x00,0x00,0x80,0x03,0x7c,0xd8,
    0x49,0x6d,0x00,0x00,0x34,0x8c,0x8e,0x38,0x25,0x8a,0x82,0x4a,0x07,0xfc,0x89,0xbf,
    0x00,0x00,0xbd,0xbf,0x02,0x81,0x06,0x84,0x01,0x40,0x40,0xcc,0x31,0x43,0x06,0x1c,
    0x81,0x8e,0xa6,0x30,0x52,0x00,0x56,0xd6,0x41,0x0d,0x01,0x04,0x29,0x8e,0x88,0x7c,
    0x86,0x00,0x00,0x30,0xc7,0xfc,0x89,0xbf,0x09,0x40,0x40,0xcc,0x11,0xbb,0x26,0x1c,
    0x00,0x00,0x5c,0xe0,0x53,0x41,0x42,0x80,0x00,0x00,0x44,0xd4,0x1f,0xa4,0x02,0x00,
    0x01,0x40,0x40,0xcc,0x54,0x73,0x06,0x1c,0xa7,0xfc,0x89,0xbf,0x09,0x40,0x40,0xcc,
    0x29,0xcb,0x26,0x1c,0x13,0x01,0x87,0xbf,0x6a,0x00,0x00,0x8b,0x01,0x40,0x40,0xcc,
    0x19,0xbb,0x06,0x1c,0x92,0x01,0x87,0xbf,0x09,0x15,0x24,0x7e,0x0a,0x15,0x26,0x7e,
    0x0b,0x15,0x2c,0x7e,0x0d,0x15,0x1a,0x7e,0x0e,0x15,0x1c,0x7e,0x0f,0x15,0x1e,0x7e,
    0x10,0x15,0x20,0x7e,0x87,0xfc,0x89,0xbf,0x01,0x40,0x40,0xcc,0x4a,0xcb,0x06,0x1c,
    0x11,0x01,0x87,0xbf,0x04,0x15,0x08,0x7e,0x05,0x15,0x0a,0x7e,0x13,0x02,0x87,0xbf,
    0x06,0x15,0x0c,0x7e,0x07,0x15,0x0e,0x7e,0x08,0x15,0x10,0x7e,0xf7,0x03,0x89,0xbf,
    0x48,0x00,0x01,0xd5,0x80,0x82,0x02,0x00,0x8a,0x8a,0x82,0x30,0x5c,0x00,0x01,0xd5,
    0x80,0x84,0x02,0x00,0x6d,0x00,0x01,0xd5,0x80,0x86,0x02,0x00,0x76,0x00,0x01,0xd5,
    0x80,0x88,0x02,0x00,0x94,0x00,0x87,0xbf,0x00,0x00,0x58,0xd6,0x00,0x83,0x1a,0x05,
    0x81,0x00,0xee,0x30,0x00,0x00,0xfc,0xdb,0x77,0x00,0x00,0x41,0x07,0xfc,0x89,0xbf,
    0x00,0x40,0x0f,0xcc,0x76,0x89,0x02,0x18,0x44,0x00,0x2c,0xd7,0x52,0x03,0x00,0x00,
    0x43,0x40,0x0f,0xcc,0x6d,0x87,0x02,0x18,0x42,0x40,0x0f,0xcc,0x5c,0x85,0x02,0x18,
    0x41,0x40,0x0f,0xcc,0x48,0x83,0x02,0x18,0x01,0x85,0x01,0x84,0x93,0x01,0x87,0xbf,
    0x43,0x40,0x12,0xcc,0x43,0x01,0x01,0x18,0x42,0x40,0x12,0xcc,0x42,0x01,0x01,0x18,
    0x5c,0x00,0x47,0xd6,0x44,0x8f,0x06,0x02,0x44,0x40,0x12,0xcc,0x00,0x01,0x01,0x18,
    0x00,0x00,0x01,0xd5,0xff,0x00,0x01,0x00,0x00,0x00,0x00,0x80,0x41,0x40,0x12,0xcc,
    0x41,0x01,0x01,0x18,0x94,0x01,0x87,0xbf,0x01,0xb8,0x22,0x4a,0x00,0xb9,0x00,0x4a,
    0x00,0x00,0x74,0xe0,0x00,0x41,0x41,0x80,0x07,0xfc,0x89,0xbf,0x00,0x00,0xbd,0xbf,
    0x00,0x00,0x7c,0xd8,0x49,0x6e,0x00,0x00,0x80,0x00,0x7c,0xd8,0x49,0x6f,0x00,0x00,
    0x00,0x01,0x7c,0xd8,0x49,0x70,0x00,0x00,0x80,0x01,0x7c,0xd8,0x49,0x71,0x00,0x00,
    0x00,0x02,0x7c,0xd8,0x49,0x72,0x00,0x00,0x80,0x02,0x7c,0xd8,0x49,0x73,0x00,0x00,
    0x00,0x03,0x7c,0xd8,0x49,0x74,0x00,0x00,0x80,0x03,0x7c,0xd8,0x49,0x75,0x00,0x00,
    0x07,0xfc,0x89,0xbf,0x00,0x00,0xbd,0xbf,0x00,0x00,0x5c,0xe0,0x53,0x41,0x42,0x80,
    0x00,0x00,0xfc,0xdb,0x77,0x00,0x00,0x45,0x90,0xa4,0x00,0x38,0x91,0x00,0x87,0xbf,
    0x00,0x00,0x44,0xd4,0x1f,0x00,0x02,0x00,0x6a,0x00,0x00,0x8b,0x99,0x00,0x87,0xbf,
    0x00,0x00,0x01,0xd5,0xff,0x00,0x01,0x00,0x00,0x00,0x00,0x80,0x00,0x23,0x00,0x4a,
    0x01,0x22,0x22,0x4a,0xf7,0x03,0x89,0xbf,0x09,0x00,0x01,0xd5,0x80,0x82,0x02,0x00,
    0x0a,0x00,0x01,0xd5,0x80,0x84,0x02,0x00,0x14,0x00,0x01,0xd5,0x80,0x86,0x02,0x00,
    0x15,0x00,0x01,0xd5,0x80,0x88,0x02,0x00,0x07,0xfc,0x89,0xbf,0x09,0x40,0x0f,0xcc,
    0x09,0x8b,0x02,0x18,0x0a,0x40,0x0f,0xcc,0x0a,0x8d,0x02,0x18,0x0b,0x40,0x0f,0xcc,
    0x14,0x8f,0x02,0x18,0x14,0x40,0x0f,0xcc,0x15,0x91,0x02,0x18,0x0c,0x15,0x2a,0x7e,
    0x09,0x40,0x12,0xcc,0x09,0x01,0x01,0x18,0x0a,0x40,0x12,0xcc,0x0a,0x01,0x01,0x18,
    0x0b,0x40,0x12,0xcc,0x0b,0x01,0x01,0x18,0x0c,0x40,0x12,0xcc,0x14,0x01,0x01,0x18,
    0x02,0x15,0x28,0x7e,0x00,0x00,0x74,0xe0,0x00,0x09,0x41,0x80,0x07,0xfc,0x89,0xbf,
    0x00,0x00,0xbd,0xbf,0x00,0x00,0x7c,0xd8,0x49,0x12,0x00,0x00,0x80,0x00,0x7c,0xd8,
    0x49,0x13,0x00,0x00,0x00,0x01,0x7c,0xd8,0x49,0x16,0x00,0x00,0x80,0x01,0x7c,0xd8,
    0x49,0x15,0x00,0x00,0x00,0x02,0x7c,0xd8,0x49,0x0d,0x00,0x00,0x80,0x02,0x7c,0xd8,
    0x49,0x0e,0x00,0x00,0x00,0x03,0x7c,0xd8,0x49,0x0f,0x00,0x00,0x80,0x03,0x7c,0xd8,
    0x49,0x10,0x00,0x00,0x07,0xfc,0x89,0xbf,0x00,0x00,0xbd,0xbf,0x00,0x00,0x5c,0xe0,
    0x53,0x09,0x42,0x80,0xa0,0xa4,0x00,0x38,0x00,0x00,0xfc,0xdb,0x77,0x00,0x00,0x0d,
    0x01,0x15,0x26,0x7e,0x00,0x00,0x44,0xd4,0x1f,0x00,0x02,0x00,0x91,0x04,0x87,0xbf,
    0x6a,0x00,0x00,0x8b,0x00,0x00,0x01,0xd5,0xff,0x00,0x01,0x00,0x00,0x00,0x00,0x80,
    0x01,0x00,0x87,0xbf,0x11,0x01,0x24,0x4a,0xf7,0x03,0x89,0xbf,0x00,0x00,0x01,0xd5,
    0x80,0x12,0x02,0x00,0x01,0x00,0x01,0xd5,0x80,0x14,0x02,0x00,0x02,0x00,0x01,0xd5,
    0x80,0x16,0x02,0x00,0x09,0x00,0x01,0xd5,0x80,0x18,0x02,0x00,0x03,0x15,0x14,0x7e,
    0x07,0xfc,0x89,0xbf,0x00,0x40,0x0f,0xcc,0x00,0x1b,0x02,0x18,0x01,0x40,0x0f,0xcc,
    0x01,0x1d,0x02,0x18,0x02,0x40,0x0f,0xcc,0x02,0x1f,0x02,0x18,0x03,0x40,0x0f,0xcc,
    0x09,0x21,0x02,0x18,0x14,0x02,0x87,0xbf,0x00,0x40,0x12,0xcc,0x00,0x01,0x01,0x18,
    0x01,0x40,0x12,0xcc,0x01,0x01,0x01,0x18,0x14,0x02,0x87,0xbf,0x02,0x40,0x12,0xcc,
    0x02,0x01,0x01,0x18,0x03,0x40,0x12,0xcc,0x03,0x01,0x01,0x18,0x00,0x00,0x74,0xe0,
    0x12,0x00,0x41,0x80,0x07,0xfc,0x89,0xbf,0x00,0x00,0xbd,0xbf,0x00,0x00,0x7c,0xd8,
    0x49,0x13,0x00,0x00,0x80,0x00,0x7c,0xd8,0x49,0x14,0x00,0x00,0x00,0x01,0x7c,0xd8,
    0x49,0x0a,0x00,0x00,0x80,0x01,0x7c,0xd8,0x49,0x04,0x00,0x00,0x00,0x02,0x7c,0xd8,
    0x49,0x05,0x00,0x00,0x80,0x02,0x7c,0xd8,0x49,0x06,0x00,0x00,0x00,0x03,0x7c,0xd8,
    0x49,0x07,0x00,0x00,0x80,0x03,0x7c,0xd8,0x49,0x08,0x00,0x00,0x07,0xfc,0x89,0xbf,
    0x00,0x00,0xbd,0xbf,0x00,0x00,0x5c,0xe0,0x53,0x00,0x42,0x80,0x00,0x00,0xfc,0xdb,
    0x77,0x00,0x00,0x04,0xb0,0xa4,0x10,0x38,0x91,0x00,0x87,0xbf,0x00,0x00,0x44,0xd4,
    0x1f,0x10,0x02,0x00,0x6a,0x00,0x6a,0x8b,0xf7,0x03,0x89,0xbf,0x80,0x06,0x52,0xca,
    0x80,0x00,0x00,0x03,0x80,0x02,0x52,0xca,0x80,0x04,0x02,0x01,0x07,0xfc,0x89,0xbf,
    0x92,0x01,0x87,0xbf,0x03,0x40,0x0f,0xcc,0x03,0x0f,0x02,0x18,0x00,0x40,0x0f,0xcc,
    0x00,0x09,0x02,0x18,0x03,0x00,0x87,0xbf,0x01,0x40,0x0f,0xcc,0x01,0x0b,0x02,0x18,
    0x02,0x40,0x0f,0xcc,0x02,0x0d,0x02,0x18,0x04,0x00,0x01,0xd5,0xff,0x00,0xa9,0x01,
    0x00,0x00,0x00,0x80,0x03,0x40,0x12,0xcc,0x03,0x01,0x01,0x18,0x00,0x40,0x12,0xcc,
    0x00,0x01,0x01,0x18,0x01,0x40,0x12,0xcc,0x01,0x01,0x01,0x18,0x02,0x40,0x12,0xcc,
    0x02,0x01,0x01,0x18,0x04,0x00,0x55,0xd6,0x04,0x03,0x44,0x04,0x00,0x00,0x74,0xe0,
    0x04,0x00,0x41,0x80,0x03,0x00,0xb6,0xbf,0x00,0x00,0xb0,0xbf,0x31,0xf5,0xa0,0xbf,
    0xe3,0xf5,0xa0,0xbf,0xb3,0xf6,0xa0,0xbf,0x65,0xf7,0xa0,0xbf,0xc1,0x00,0x8a,0xbe,
    0x86,0xf8,0xa0,0xbf,0x00,0x00,0x00,0x00,0x00,0x00,0x00,0x00,0x00,0x00,0x00,0x00,
    0x00,0x00,0x00,0x00,0x00,0x00,0x00,0x00,0x00,0x00,0x00,0x00,0x00,0x00,0x00,0x00,
    0x00,0x00,0x00,0x00,0x00,0x00,0x00,0x00,0x00,0x00,0x00,0x00,0x00,0x00,0x00,0x00,
    0x00,0x00,0x00,0x00,0x00,0x00,0x00,0x00,0x00,0x00,0x00,0x00,0x00,0x00,0x00,0x00,
    0xe0,0x40,0x00,0x00,0x20,0x00,0x00,0x00,0x68,0x01,0x00,0x00,0x00,0x00,0x00,0x00,
    0x00,0x00,0x00,0x00,0x00,0x00,0x00,0x00,0x00,0x00,0x00,0x00,0x00,0x00,0x00,0x00,
    0x00,0x00,0x00,0x00,0x00,0x00,0x00,0x00,0x00,0x00,0x00,0x00,0x00,0x00,0x00,0x00,
    0x10,0x00,0xaf,0x60,0x9f,0x00,0x00,0x00,0x08,0x04,0x00,0x00,0x00,0x00,0x00,0x00,
    0x08,0x00,0x00,0x00,0x00,0x00,0x00,0x00,0x00,0x00,0x00,0x00,0x00,0x00,0x00,0x00,
    0x00,0x00,0x00,0x00,0x00,0x00,0x00,0x00,0x00,0x00,0x00,0x00,0x00,0x00,0x00,0x00,
    0x00,0x00,0x00,0x00,0x00,0x00,0x00,0x00,0xf8,0xff,0xff,0xff,0xff,0xff,0xff,0xff,
    0xf8,0xff,0xff,0xff,0xff,0xff,0xff,0xff,0x00,0x00,0x00,0x00,0x00,0x00,0x00,0x00,
    0x00,0x00,0x00,0x00,0x00,0x00,0x00,0x00,0x00,0x00,0x00,0x00,0x00,0x00,0x00,0x00,
    0x08,0x00,0x00,0x00,0x00,0x00,0x00,0x00,0x00,0x00,0x00,0x00,0x00,0x00,0x00,0x00,
    0x00,0x00,0x00,0x00,0x00,0x00,0x00,0x00,0x00,0x00,0x00,0x00,0x00,0x00,0x00,0x00,
    0x00,0x00,0x00,0x00,0x00,0x00,0x00,0x00,0xf8,0xff,0xff,0xff,0xff,0xff,0xff,0xff,
    0xf8,0xff,0xff,0xff,0xff,0xff,0xff,0xff,0x00,0x00,0x00,0x00,0x00,0x00,0x00,0x00,
    0x00,0x00,0x00,0x00,0x00,0x00,0x00,0x00,0x00,0x00,0x00,0x00,0x00,0x00,0x00,0x00,
    0x10,0x00,0x00,0x00,0x00,0x00,0x00,0x00,0x00,0x00,0x00,0x00,0x00,0x00,0x00,0x00,
    0x00,0x00,0x00,0x00,0x00,0x00,0x00,0x00,0x00,0x00,0x00,0x00,0x00,0x00,0x00,0x00,
    0x00,0x00,0x00,0x00,0x00,0x00,0x00,0x00,0xf0,0xff,0xff,0xff,0xff,0xff,0xff,0xff,
    0xf0,0xff,0xff,0xff,0xff,0xff,0xff,0xff,0x00,0x00,0x00,0x00,0x00,0x00,0x00,0x00,
    0x00,0x00,0x00,0x00,0x00,0x00,0x00,0x00,0x00,0x00,0x00,0x00,0x00,0x00,0x00,0x00,
    0x10,0x00,0x00,0x00,0x00,0x00,0x00,0x00,0x00,0x00,0x00,0x00,0x00,0x00,0x00,0x00,
    0x00,0x00,0x00,0x00,0x00,0x00,0x00,0x00,0x00,0x00,0x00,0x00,0x00,0x00,0x00,0x00,
    0x00,0x00,0x00,0x00,0x00,0x00,0x00,0x00,0xf0,0xff,0xff,0xff,0xff,0xff,0xff,0xff,
    0xf0,0xff,0xff,0xff,0xff,0xff,0xff,0xff,0x00,0x00,0x00,0x00,0x00,0x00,0x00,0x00,
    0x00,0x00,0x00,0x00,0x00,0x00,0x00,0x00,0x00,0x00,0x00,0x00,0x00,0x00,0x00,0x00,
    0x18,0x00,0x00,0x00,0x00,0x00,0x00,0x00,0x00,0x00,0x00,0x00,0x00,0x00,0x00,0x00,
    0x00,0x00,0x00,0x00,0x00,0x00,0x00,0x00,0x00,0x00,0x00,0x00,0x00,0x00,0x00,0x00,
    0x00,0x00,0x00,0x00,0x00,0x00,0x00,0x00,0x08,0x00,0x00,0x00,0x00,0x00,0x00,0x00,
    0xf0,0xff,0xff,0xff,0xff,0xff,0xff,0xff,0x00,0x00,0x00,0x00,0x00,0x00,0x00,0x00,
    0x00,0x00,0x00,0x00,0x00,0x00,0x00,0x00,0x00,0x00,0x00,0x00,0x00,0x00,0x00,0x00,
    0xe8,0xff,0xff,0xff,0xff,0xff,0xff,0xff,0xe8,0xff,0xff,0xff,0xff,0xff,0xff,0xff,
    0x00,0x00,0x00,0x00,0x00,0x00,0x00,0x00,0x00,0x00,0x00,0x00,0x00,0x00,0x00,0x00,
    0x00,0x00,0x00,0x00,0x00,0x00,0x00,0x00,0x18,0x00,0x00,0x00,0x00,0x00,0x00,0x00,
    0x00,0x00,0x00,0x00,0x00,0x00,0x00,0x00,0x00,0x00,0x00,0x00,0x00,0x00,0x00,0x00,
    0x00,0x00,0x00,0x00,0x00,0x00,0x00,0x00,0x00,0x00,0x00,0x00,0x00,0x00,0x00,0x00,
    0xe8,0xff,0xff,0xff,0xff,0xff,0xff,0xff,0xe8,0xff,0xff,0xff,0xff,0xff,0xff,0xff,
    0x00,0x00,0x00,0x00,0x00,0x00,0x00,0x00,0x00,0x00,0x00,0x00,0x00,0x00,0x00,0x00,
    0x00,0x00,0x00,0x00,0x00,0x00,0x00,0x00,0x08,0x00,0x00,0x00,0x00,0x00,0x00,0x00,
    0x00,0x00,0x00,0x00,0x00,0x00,0x00,0x00,0x00,0x00,0x00,0x00,0x00,0x00,0x00,0x00,
    0x00,0x00,0x00,0x00,0x00,0x00,0x00,0x00,0x00,0x00,0x00,0x00,0x00,0x00,0x00,0x00,
    0xf8,0xff,0xff,0xff,0xff,0xff,0xff,0xff,0xf8,0xff,0xff,0xff,0xff,0xff,0xff,0xff,
    0x00,0x00,0x00,0x00,0x00,0x00,0x00,0x00,0x00,0x00,0x00,0x00,0x00,0x00,0x00,0x00,
    0x00,0x00,0x00,0x00,0x00,0x00,0x00,0x00,0x18,0x00,0x00,0x00,0x00,0x00,0x00,0x00,
    0x00,0x00,0x00,0x00,0x00,0x00,0x00,0x00,0x00,0x00,0x00,0x00,0x00,0x00,0x00,0x00,
    0x00,0x00,0x00,0x00,0x00,0x00,0x00,0x00,0x00,0x00,0x00,0x00,0x00,0x00,0x00,0x00,
    0x08,0x00,0x00,0x00,0x00,0x00,0x00,0x00,0xf0,0xff,0xff,0xff,0xff,0xff,0xff,0xff,
    0x00,0x00,0x00,0x00,0x00,0x00,0x00,0x00,0x00,0x00,0x00,0x00,0x00,0x00,0x00,0x00,
    0x00,0x00,0x00,0x00,0x00,0x00,0x00,0x00,0xe8,0xff,0xff,0xff,0xff,0xff,0xff,0xff,
    0xe8,0xff,0xff,0xff,0xff,0xff,0xff,0xff,0x00,0x00,0x00,0x00,0x00,0x00,0x00,0x00,
    0x00,0x00,0x00,0x00,0x00,0x00,0x00,0x00,0x00,0x00,0x00,0x00,0x00,0x00,0x00,0x00,
    0x18,0x00,0x00,0x00,0x00,0x00,0x00,0x00,0x00,0x00,0x00,0x00,0x00,0x00,0x00,0x00,
    0x00,0x00,0x00,0x00,0x00,0x00,0x00,0x00,0x00,0x00,0x00,0x00,0x00,0x00,0x00,0x00,
    0x00,0x00,0x00,0x00,0x00,0x00,0x00,0x00,0xe8,0xff,0xff,0xff,0xff,0xff,0xff,0xff,
    0xe8,0xff,0xff,0xff,0xff,0xff,0xff,0xff,0x00,0x00,0x00,0x00,0x00,0x00,0x00,0x00,
    0x00,0x00,0x00,0x00,0x00,0x00,0x00,0x00,0x00,0x00,0x00,0x00,0x00,0x00,0x00,0x00,
    0x08,0x00,0x00,0x00,0x00,0x00,0x00,0x00,0x00,0x00,0x00,0x00,0x00,0x00,0x00,0x00,
    0x00,0x00,0x00,0x00,0x00,0x00,0x00,0x00,0x00,0x00,0x00,0x00,0x00,0x00,0x00,0x00,
    0x00,0x00,0x00,0x00,0x00,0x00,0x00,0x00,0xf8,0xff,0xff,0xff,0xff,0xff,0xff,0xff,
    0xf8,0xff,0xff,0xff,0xff,0xff,0xff,0xff,0x00,0x00,0x00,0x00,0x00,0x00,0x00,0x00,
    0x00,0x00,0x00,0x00,0x00,0x00,0x00,0x00,0x00,0x00,0x00,0x00,0x00,0x00,0x00,0x00,
    0x40,0x00,0x00,0x00,0x40,0x00,0x00,0x00,0x40,0x00,0x00,0x00,0x00,0x63,0x6c,0x61,
    0x6e,0x67,0x20,0x76,0x65,0x72,0x73,0x69,0x6f,0x6e,0x20,0x31,0x37,0x2e,0x30,0x2e,
    0x30,0x20,0x28,0x67,0x69,0x74,0x40,0x67,0x69,0x74,0x68,0x75,0x62,0x2e,0x61,0x6d,
    0x64,0x2e,0x63,0x6f,0x6d,0x3a,0x43,0x6f,0x6d,0x70,0x75,0x74,0x65,0x2d,0x4d,0x69,
    0x72,0x72,0x6f,0x72,0x73,0x2f,0x6c,0x6c,0x76,0x6d,0x2d,0x70,0x72,0x6f,0x6a,0x65,
    0x63,0x74,0x20,0x36,0x65,0x37,0x30,0x39,0x66,0x36,0x31,0x33,0x33,0x34,0x38,0x65,
    0x35,0x32,0x35,0x38,0x31,0x38,0x38,0x35,0x32,0x37,0x64,0x31,0x31,0x65,0x65,0x38,
    0x64,0x37,0x38,0x33,0x37,0x36,0x66,0x32,0x36,0x62,0x37,0x29,0x00,0x00,0x00,0x00,
    0x07,0x00,0x00,0x00,0x45,0x1b,0x00,0x00,0x20,0x00,0x00,0x00,0x41,0x4d,0x44,0x47,
    0x50,0x55,0x00,0x00,0x83,0xae,0x61,0x6d,0x64,0x68,0x73,0x61,0x2e,0x6b,0x65,0x72,
    0x6e,0x65,0x6c,0x73,0x91,0xde,0x00,0x12,0xa5,0x2e,0x61,0x72,0x67,0x73,0xdc,0x00,
    0x23,0x85,0xa7,0x2e,0x61,0x63,0x63,0x65,0x73,0x73,0xa9,0x72,0x65,0x61,0x64,0x5f,
    0x6f,0x6e,0x6c,0x79,0xae,0x2e,0x61,0x64,0x64,0x72,0x65,0x73,0x73,0x5f,0x73,0x70,
    0x61,0x63,0x65,0xa6,0x67,0x6c,0x6f,0x62,0x61,0x6c,0xa7,0x2e,0x6f,0x66,0x66,0x73,
    0x65,0x74,0x00,0xa5,0x2e,0x73,0x69,0x7a,0x65,0x08,0xab,0x2e,0x76,0x61,0x6c,0x75,
    0x65,0x5f,0x6b,0x69,0x6e,0x64,0xad,0x67,0x6c,0x6f,0x62,0x61,0x6c,0x5f,0x62,0x75,
    0x66,0x66,0x65,0x72,0x85,0xa7,0x2e,0x61,0x63,0x63,0x65,0x73,0x73,0xa9,0x72,0x65,
    0x61,0x64,0x5f,0x6f,0x6e,0x6c,0x79,0xae,0x2e,0x61,0x64,0x64,0x72,0x65,0x73,0x73,
    0x5f,0x73,0x70,0x61,0x63,0x65,0xa6,0x67,0x6c,0x6f,0x62,0x61,0x6c,0xa7,0x2e,0x6f,
    0x66,0x66,0x73,0x65,0x74,0x08,0xa5,0x2e,0x73,0x69,0x7a,0x65,0x08,0xab,0x2e,0x76,
    0x61,0x6c,0x75,0x65,0x5f,0x6b,0x69,0x6e,0x64,0xad,0x67,0x6c,0x6f,0x62,0x61,0x6c,
    0x5f,0x62,0x75,0x66,0x66,0x65,0x72,0x85,0xa7,0x2e,0x61,0x63,0x63,0x65,0x73,0x73,
    0xa9,0x72,0x65,0x61,0x64,0x5f,0x6f,0x6e,0x6c,0x79,0xae,0x2e,0x61,0x64,0x64,0x72,
    0x65,0x73,0x73,0x5f,0x73,0x70,0x61,0x63,0x65,0xa6,0x67,0x6c,0x6f,0x62,0x61,0x6c,
    0xa7,0x2e,0x6f,0x66,0x66,0x73,0x65,0x74,0x10,0xa5,0x2e,0x73,0x69,0x7a,0x65,0x08,
    0xab,0x2e,0x76,0x61,0x6c,0x75,0x65,0x5f,0x6b,0x69,0x6e,0x64,0xad,0x67,0x6c,0x6f,
    0x62,0x61,0x6c,0x5f,0x62,0x75,0x66,0x66,0x65,0x72,0x84,0xae,0x2e,0x61,0x64,0x64,
    0x72,0x65,0x73,0x73,0x5f,0x73,0x70,0x61,0x63,0x65,0xa6,0x67,0x6c,0x6f,0x62,0x61,
    0x6c,0xa7,0x2e,0x6f,0x66,0x66,0x73,0x65,0x74,0x18,0xa5,0x2e,0x73,0x69,0x7a,0x65,
    0x08,0xab,0x2e,0x76,0x61,0x6c,0x75,0x65,0x5f,0x6b,0x69,0x6e,0x64,0xad,0x67,0x6c,
    0x6f,0x62,0x61,0x6c,0x5f,0x62,0x75,0x66,0x66,0x65,0x72,0x83,0xa7,0x2e,0x6f,0x66,
    0x66,0x73,0x65,0x74,0x20,0xa5,0x2e,0x73,0x69,0x7a,0x65,0x04,0xab,0x2e,0x76,0x61,
    0x6c,0x75,0x65,0x5f,0x6b,0x69,0x6e,0x64,0xa8,0x62,0x79,0x5f,0x76,0x61,0x6c,0x75,
    0x65,0x83,0xa7,0x2e,0x6f,0x66,0x66,0x73,0x65,0x74,0x24,0xa5,0x2e,0x73,0x69,0x7a,
    0x65,0x04,0xab,0x2e,0x76,0x61,0x6c,0x75,0x65,0x5f,0x6b,0x69,0x6e,0x64,0xa8,0x62,
    0x79,0x5f,0x76,0x61,0x6c,0x75,0x65,0x83,0xa7,0x2e,0x6f,0x66,0x66,0x73,0x65,0x74,
    0x28,0xa5,0x2e,0x73,0x69,0x7a,0x65,0x04,0xab,0x2e,0x76,0x61,0x6c,0x75,0x65,0x5f,
    0x6b,0x69,0x6e,0x64,0xa8,0x62,0x79,0x5f,0x76,0x61,0x6c,0x75,0x65,0x83,0xa7,0x2e,
    0x6f,0x66,0x66,0x73,0x65,0x74,0x2c,0xa5,0x2e,0x73,0x69,0x7a,0x65,0x04,0xab,0x2e,
    0x76,0x61,0x6c,0x75,0x65,0x5f,0x6b,0x69,0x6e,0x64,0xa8,0x62,0x79,0x5f,0x76,0x61,
    0x6c,0x75,0x65,0x83,0xa7,0x2e,0x6f,0x66,0x66,0x73,0x65,0x74,0x30,0xa5,0x2e,0x73,
    0x69,0x7a,0x65,0x04,0xab,0x2e,0x76,0x61,0x6c,0x75,0x65,0x5f,0x6b,0x69,0x6e,0x64,
    0xa8,0x62,0x79,0x5f,0x76,0x61,0x6c,0x75,0x65,0x83,0xa7,0x2e,0x6f,0x66,0x66,0x73,
    0x65,0x74,0x34,0xa5,0x2e,0x73,0x69,0x7a,0x65,0x04,0xab,0x2e,0x76,0x61,0x6c,0x75,
    0x65,0x5f,0x6b,0x69,0x6e,0x64,0xa8,0x62,0x79,0x5f,0x76,0x61,0x6c,0x75,0x65,0x83,
    0xa7,0x2e,0x6f,0x66,0x66,0x73,0x65,0x74,0x38,0xa5,0x2e,0x73,0x69,0x7a,0x65,0x04,
    0xab,0x2e,0x76,0x61,0x6c,0x75,0x65,0x5f,0x6b,0x69,0x6e,0x64,0xa8,0x62,0x79,0x5f,
    0x76,0x61,0x6c,0x75,0x65,0x83,0xa7,0x2e,0x6f,0x66,0x66,0x73,0x65,0x74,0x3c,0xa5,
    0x2e,0x73,0x69,0x7a,0x65,0x04,0xab,0x2e,0x76,0x61,0x6c,0x75,0x65,0x5f,0x6b,0x69,
    0x6e,0x64,0xa8,0x62,0x79,0x5f,0x76,0x61,0x6c,0x75,0x65,0x83,0xa7,0x2e,0x6f,0x66,
    0x66,0x73,0x65,0x74,0x40,0xa5,0x2e,0x73,0x69,0x7a,0x65,0x04,0xab,0x2e,0x76,0x61,
    0x6c,0x75,0x65,0x5f,0x6b,0x69,0x6e,0x64,0xa8,0x62,0x79,0x5f,0x76,0x61,0x6c,0x75,
    0x65,0x83,0xa7,0x2e,0x6f,0x66,0x66,0x73,0x65,0x74,0x44,0xa5,0x2e,0x73,0x69,0x7a,
    0x65,0x04,0xab,0x2e,0x76,0x61,0x6c,0x75,0x65,0x5f,0x6b,0x69,0x6e,0x64,0xa8,0x62,
    0x79,0x5f,0x76,0x61,0x6c,0x75,0x65,0x83,0xa7,0x2e,0x6f,0x66,0x66,0x73,0x65,0x74,
    0x48,0xa5,0x2e,0x73,0x69,0x7a,0x65,0x04,0xab,0x2e,0x76,0x61,0x6c,0x75,0x65,0x5f,
    0x6b,0x69,0x6e,0x64,0xa8,0x62,0x79,0x5f,0x76,0x61,0x6c,0x75,0x65,0x83,0xa7,0x2e,
    0x6f,0x66,0x66,0x73,0x65,0x74,0x4c,0xa5,0x2e,0x73,0x69,0x7a,0x65,0x04,0xab,0x2e,
    0x76,0x61,0x6c,0x75,0x65,0x5f,0x6b,0x69,0x6e,0x64,0xa8,0x62,0x79,0x5f,0x76,0x61,
    0x6c,0x75,0x65,0x83,0xa7,0x2e,0x6f,0x66,0x66,0x73,0x65,0x74,0x50,0xa5,0x2e,0x73,
    0x69,0x7a,0x65,0x04,0xab,0x2e,0x76,0x61,0x6c,0x75,0x65,0x5f,0x6b,0x69,0x6e,0x64,
    0xa8,0x62,0x79,0x5f,0x76,0x61,0x6c,0x75,0x65,0x83,0xa7,0x2e,0x6f,0x66,0x66,0x73,
    0x65,0x74,0x54,0xa5,0x2e,0x73,0x69,0x7a,0x65,0x04,0xab,0x2e,0x76,0x61,0x6c,0x75,
    0x65,0x5f,0x6b,0x69,0x6e,0x64,0xa8,0x62,0x79,0x5f,0x76,0x61,0x6c,0x75,0x65,0x83,
    0xa7,0x2e,0x6f,0x66,0x66,0x73,0x65,0x74,0x58,0xa5,0x2e,0x73,0x69,0x7a,0x65,0x04,
    0xab,0x2e,0x76,0x61,0x6c,0x75,0x65,0x5f,0x6b,0x69,0x6e,0x64,0xa8,0x62,0x79,0x5f,
    0x76,0x61,0x6c,0x75,0x65,0x83,0xa7,0x2e,0x6f,0x66,0x66,0x73,0x65,0x74,0x5c,0xa5,
    0x2e,0x73,0x69,0x7a,0x65,0x04,0xab,0x2e,0x76,0x61,0x6c,0x75,0x65,0x5f,0x6b,0x69,
    0x6e,0x64,0xa8,0x62,0x79,0x5f,0x76,0x61,0x6c,0x75,0x65,0x83,0xa7,0x2e,0x6f,0x66,
    0x66,0x73,0x65,0x74,0x60,0xa5,0x2e,0x73,0x69,0x7a,0x65,0x04,0xab,0x2e,0x76,0x61,
    0x6c,0x75,0x65,0x5f,0x6b,0x69,0x6e,0x64,0xa8,0x62,0x79,0x5f,0x76,0x61,0x6c,0x75,
    0x65,0x83,0xa7,0x2e,0x6f,0x66,0x66,0x73,0x65,0x74,0x64,0xa5,0x2e,0x73,0x69,0x7a,
    0x65,0x04,0xab,0x2e,0x76,0x61,0x6c,0x75,0x65,0x5f,0x6b,0x69,0x6e,0x64,0xa8,0x62,
    0x79,0x5f,0x76,0x61,0x6c,0x75,0x65,0x83,0xa7,0x2e,0x6f,0x66,0x66,0x73,0x65,0x74,
    0x68,0xa5,0x2e,0x73,0x69,0x7a,0x65,0x04,0xab,0x2e,0x76,0x61,0x6c,0x75,0x65,0x5f,
    0x6b,0x69,0x6e,0x64,0xb4,0x68,0x69,0x64,0x64,0x65,0x6e,0x5f,0x62,0x6c,0x6f,0x63,
    0x6b,0x5f,0x63,0x6f,0x75,0x6e,0x74,0x5f,0x78,0x83,0xa7,0x2e,0x6f,0x66,0x66,0x73,
    0x65,0x74,0x6c,0xa5,0x2e,0x73,0x69,0x7a,0x65,0x04,0xab,0x2e,0x76,0x61,0x6c,0x75,
    0x65,0x5f,0x6b,0x69,0x6e,0x64,0xb4,0x68,0x69,0x64,0x64,0x65,0x6e,0x5f,0x62,0x6c,
    0x6f,0x63,0x6b,0x5f,0x63,0x6f,0x75,0x6e,0x74,0x5f,0x79,0x83,0xa7,0x2e,0x6f,0x66,
    0x66,0x73,0x65,0x74,0x70,0xa5,0x2e,0x73,0x69,0x7a,0x65,0x04,0xab,0x2e,0x76,0x61,
    0x6c,0x75,0x65,0x5f,0x6b,0x69,0x6e,0x64,0xb4,0x68,0x69,0x64,0x64,0x65,0x6e,0x5f,
    0x62,0x6c,0x6f,0x63,0x6b,0x5f,0x63,0x6f,0x75,0x6e,0x74,0x5f,0x7a,0x83,0xa7,0x2e,
    0x6f,0x66,0x66,0x73,0x65,0x74,0x74,0xa5,0x2e,0x73,0x69,0x7a,0x65,0x02,0xab,0x2e,
    0x76,0x61,0x6c,0x75,0x65,0x5f,0x6b,0x69,0x6e,0x64,0xb3,0x68,0x69,0x64,0x64,0x65,
    0x6e,0x5f,0x67,0x72,0x6f,0x75,0x70,0x5f,0x73,0x69,0x7a,0x65,0x5f,0x78,0x83,0xa7,
    0x2e,0x6f,0x66,0x66,0x73,0x65,0x74,0x76,0xa5,0x2e,0x73,0x69,0x7a,0x65,0x02,0xab,
    0x2e,0x76,0x61,0x6c,0x75,0x65,0x5f,0x6b,0x69,0x6e,0x64,0xb3,0x68,0x69,0x64,0x64,
    0x65,0x6e,0x5f,0x67,0x72,0x6f,0x75,0x70,0x5f,0x73,0x69,0x7a,0x65,0x5f,0x79,0x83,
    0xa7,0x2e,0x6f,0x66,0x66,0x73,0x65,0x74,0x78,0xa5,0x2e,0x73,0x69,0x7a,0x65,0x02,
    0xab,0x2e,0x76,0x61,0x6c,0x75,0x65,0x5f,0x6b,0x69,0x6e,0x64,0xb3,0x68,0x69,0x64,
    0x64,0x65,0x6e,0x5f,0x67,0x72,0x6f,0x75,0x70,0x5f,0x73,0x69,0x7a,0x65,0x5f,0x7a,
    0x83,0xa7,0x2e,0x6f,0x66,0x66,0x73,0x65,0x74,0x7a,0xa5,0x2e,0x73,0x69,0x7a,0x65,
    0x02,0xab,0x2e,0x76,0x61,0x6c,0x75,0x65,0x5f,0x6b,0x69,0x6e,0x64,0xb2,0x68,0x69,
    0x64,0x64,0x65,0x6e,0x5f,0x72,0x65,0x6d,0x61,0x69,0x6e,0x64,0x65,0x72,0x5f,0x78,
    0x83,0xa7,0x2e,0x6f,0x66,0x66,0x73,0x65,0x74,0x7c,0xa5,0x2e,0x73,0x69,0x7a,0x65,
    0x02,0xab,0x2e,0x76,0x61,0x6c,0x75,0x65,0x5f,0x6b,0x69,0x6e,0x64,0xb2,0x68,0x69,
    0x64,0x64,0x65,0x6e,0x5f,0x72,0x65,0x6d,0x61,0x69,0x6e,0x64,0x65,0x72,0x5f,0x79,
    0x83,0xa7,0x2e,0x6f,0x66,0x66,0x73,0x65,0x74,0x7e,0xa5,0x2e,0x73,0x69,0x7a,0x65,
    0x02,0xab,0x2e,0x76,0x61,0x6c,0x75,0x65,0x5f,0x6b,0x69,0x6e,0x64,0xb2,0x68,0x69,
    0x64,0x64,0x65,0x6e,0x5f,0x72,0x65,0x6d,0x61,0x69,0x6e,0x64,0x65,0x72,0x5f,0x7a,
    0x83,0xa7,0x2e,0x6f,0x66,0x66,0x73,0x65,0x74,0xcc,0x90,0xa5,0x2e,0x73,0x69,0x7a,
    0x65,0x08,0xab,0x2e,0x76,0x61,0x6c,0x75,0x65,0x5f,0x6b,0x69,0x6e,0x64,0xb6,0x68,
    0x69,0x64,0x64,0x65,0x6e,0x5f,0x67,0x6c,0x6f,0x62,0x61,0x6c,0x5f,0x6f,0x66,0x66,
    0x73,0x65,0x74,0x5f,0x78,0x83,0xa7,0x2e,0x6f,0x66,0x66,0x73,0x65,0x74,0xcc,0x98,
    0xa5,0x2e,0x73,0x69,0x7a,0x65,0x08,0xab,0x2e,0x76,0x61,0x6c,0x75,0x65,0x5f,0x6b,
    0x69,0x6e,0x64,0xb6,0x68,0x69,0x64,0x64,0x65,0x6e,0x5f,0x67,0x6c,0x6f,0x62,0x61,
    0x6c,0x5f,0x6f,0x66,0x66,0x73,0x65,0x74,0x5f,0x79,0x83,0xa7,0x2e,0x6f,0x66,0x66,
    0x73,0x65,0x74,0xcc,0xa0,0xa5,0x2e,0x73,0x69,0x7a,0x65,0x08,0xab,0x2e,0x76,0x61,
    0x6c,0x75,0x65,0x5f,0x6b,0x69,0x6e,0x64,0xb6,0x68,0x69,0x64,0x64,0x65,0x6e,0x5f,
    0x67,0x6c,0x6f,0x62,0x61,0x6c,0x5f,0x6f,0x66,0x66,0x73,0x65,0x74,0x5f,0x7a,0x83,
    0xa7,0x2e,0x6f,0x66,0x66,0x73,0x65,0x74,0xcc,0xa8,0xa5,0x2e,0x73,0x69,0x7a,0x65,
    0x02,0xab,0x2e,0x76,0x61,0x6c,0x75,0x65,0x5f,0x6b,0x69,0x6e,0x64,0xb0,0x68,0x69,
    0x64,0x64,0x65,0x6e,0x5f,0x67,0x72,0x69,0x64,0x5f,0x64,0x69,0x6d,0x73,0xb9,0x2e,
    0x67,0x72,0x6f,0x75,0x70,0x5f,0x73,0x65,0x67,0x6d,0x65,0x6e,0x74,0x5f,0x66,0x69,
    0x78,0x65,0x64,0x5f,0x73,0x69,0x7a,0x65,0xcd,0x40,0xe0,0xb6,0x2e,0x6b,0x65,0x72,
    0x6e,0x61,0x72,0x67,0x5f,0x73,0x65,0x67,0x6d,0x65,0x6e,0x74,0x5f,0x61,0x6c,0x69,
    0x67,0x6e,0x08,0xb5,0x2e,0x6b,0x65,0x72,0x6e,0x61,0x72,0x67,0x5f,0x73,0x65,0x67,
    0x6d,0x65,0x6e,0x74,0x5f,0x73,0x69,0x7a,0x65,0xcd,0x01,0x68,0xa9,0x2e,0x6c,0x61,
    0x6e,0x67,0x75,0x61,0x67,0x65,0xa8,0x4f,0x70,0x65,0x6e,0x43,0x4c,0x20,0x43,0xb1,
    0x2e,0x6c,0x61,0x6e,0x67,0x75,0x61,0x67,0x65,0x5f,0x76,0x65,0x72,0x73,0x69,0x6f,
    0x6e,0x92,0x02,0x00,0xb8,0x2e,0x6d,0x61,0x78,0x5f,0x66,0x6c,0x61,0x74,0x5f,0x77,
    0x6f,0x72,0x6b,0x67,0x72,0x6f,0x75,0x70,0x5f,0x73,0x69,0x7a,0x65,0xcd,0x01,0x00,
    0xa5,0x2e,0x6e,0x61,0x6d,0x65,0xda,0x09,0x8f,0x5f,0x5a,0x4e,0x32,0x63,0x6b,0x34,
    0x34,0x6b,0x65,0x72,0x6e,0x65,0x6c,0x5f,0x67,0x72,0x6f,0x75,0x70,0x65,0x64,0x5f,
    0x63,0x6f,0x6e,0x76,0x5f,0x6d,0x75,0x6c,0x74,0x69,0x70,0x6c,0x65,0x5f,0x64,0x5f,
    0x77,0x6d,0x6d,0x61,0x5f,0x63,0x73,0x68,0x75,0x66,0x66,0x6c,0x65,0x49,0x4e,0x53,
    0x5f,0x31,0x36,0x74,0x65,0x6e,0x73,0x6f,0x72,0x5f,0x6f,0x70,0x65,0x72,0x61,0x74,
    0x69,0x6f,0x6e,0x36,0x64,0x65,0x76,0x69,0x63,0x65,0x34,0x33,0x44,0x65,0x76,0x69,
    0x63,0x65,0x47,0x72,0x6f,0x75,0x70,0x65,0x64,0x43,0x6f,0x6e,0x76,0x46,0x77,0x64,
    0x4d,0x75,0x6c,0x74,0x69,0x70,0x6c,0x65,0x44,0x5f,0x57,0x6d,0x6d,0x61,0x5f,0x43,
    0x53,0x68,0x75,0x66,0x66,0x6c,0x65,0x49,0x4c,0x69,0x32,0x45,0x4e,0x53,0x5f,0x31,
    0x33,0x74,0x65,0x6e,0x73,0x6f,0x72,0x5f,0x6c,0x61,0x79,0x6f,0x75,0x74,0x31,0x31,
    0x63,0x6f,0x6e,0x76,0x6f,0x6c,0x75,0x74,0x69,0x6f,0x6e,0x37,0x47,0x5f,0x4e,0x48,
    0x57,0x5f,0x43,0x45,0x4e,0x53,0x35,0x5f,0x38,0x47,0x5f,0x4b,0x5f,0x59,0x58,0x5f,
    0x43,0x45,0x4e,0x53,0x5f,0x35,0x54,0x75,0x70,0x6c,0x65,0x49,0x4a,0x4e,0x53,0x35,
    0x5f,0x33,0x47,0x5f,0x4b,0x45,0x45,0x45,0x45,0x4e,0x53,0x35,0x5f,0x37,0x47,0x5f,
    0x4e,0x48,0x57,0x5f,0x4b,0x45,0x44,0x46,0x31,0x36,0x5f,0x44,0x46,0x31,0x36,0x5f,
    0x66,0x44,0x46,0x31,0x36,0x5f,0x4e,0x53,0x38,0x5f,0x49,0x4a,0x44,0x46,0x31,0x36,
    0x5f,0x45,0x45,0x45,0x44,0x46,0x31,0x36,0x5f,0x4e,0x53,0x31,0x5f,0x31,0x32,0x65,
    0x6c,0x65,0x6d,0x65,0x6e,0x74,0x5f,0x77,0x69,0x73,0x65,0x31,0x31,0x50,0x61,0x73,
    0x73,0x54,0x68,0x72,0x6f,0x75,0x67,0x68,0x45,0x53,0x45,0x5f,0x4e,0x53,0x44,0x5f,
    0x37,0x41,0x64,0x64,0x52,0x65,0x6c,0x75,0x45,0x4c,0x4e,0x53,0x32,0x5f,0x33,0x32,
    0x43,0x6f,0x6e,0x76,0x6f,0x6c,0x75,0x74,0x69,0x6f,0x6e,0x46,0x6f,0x72,0x77,0x61,
    0x72,0x64,0x53,0x70,0x65,0x63,0x69,0x61,0x6c,0x69,0x7a,0x61,0x74,0x69,0x6f,0x6e,
    0x45,0x30,0x45,0x4c,0x4e,0x53,0x32,0x5f,0x31,0x38,0x47,0x65,0x6d,0x6d,0x53,0x70,
    0x65,0x63,0x69,0x61,0x6c,0x69,0x7a,0x61,0x74,0x69,0x6f,0x6e,0x45,0x37,0x45,0x4c,
    0x69,0x31,0x45,0x4c,0x69,0x31,0x32,0x38,0x45,0x4c,0x69,0x36,0x34,0x45,0x4c,0x69,
    0x36,0x34,0x45,0x4c,0x69,0x36,0x34,0x45,0x4c,0x69,0x38,0x45,0x4c,0x69,0x31,0x36,
    0x45,0x4c,0x69,0x31,0x36,0x45,0x4c,0x69,0x34,0x45,0x4c,0x69,0x31,0x45,0x4e,0x53,
    0x5f,0x38,0x53,0x65,0x71,0x75,0x65,0x6e,0x63,0x65,0x49,0x4a,0x4c,0x69,0x34,0x45,
    0x4c,0x69,0x33,0x32,0x45,0x4c,0x69,0x31,0x45,0x45,0x45,0x45,0x4e,0x53,0x49,0x5f,
    0x49,0x4a,0x4c,0x69,0x31,0x45,0x4c,0x69,0x30,0x45,0x4c,0x69,0x32,0x45,0x45,0x45,
    0x45,0x53,0x4b,0x5f,0x4c,0x69,0x32,0x45,0x4c,0x69,0x38,0x45,0x4c,0x69,0x38,0x45,
    0x4c,0x62,0x31,0x45,0x53,0x4a,0x5f,0x53,0x4b,0x5f,0x53,0x4b,0x5f,0x4c,0x69,0x32,
    0x45,0x4c,0x69,0x38,0x45,0x4c,0x69,0x38,0x45,0x4c,0x62,0x31,0x45,0x4c,0x69,0x31,
    0x45,0x4c,0x69,0x31,0x45,0x4e,0x53,0x49,0x5f,0x49,0x4a,0x4c,0x69,0x31,0x45,0x4c,
    0x69,0x31,0x36,0x45,0x4c,0x69,0x31,0x45,0x4c,0x69,0x38,0x45,0x45,0x45,0x45,0x4c,
    0x69,0x38,0x45,0x4c,0x4e,0x53,0x5f,0x31,0x33,0x4c,0x6f,0x6f,0x70,0x53,0x63,0x68,
    0x65,0x64,0x75,0x6c,0x65,0x72,0x45,0x30,0x45,0x4c,0x4e,0x53,0x5f,0x31,0x35,0x50,
    0x69,0x70,0x65,0x6c,0x69,0x6e,0x65,0x56,0x65,0x72,0x73,0x69,0x6f,0x6e,0x45,0x30,
    0x45,0x45,0x45,0x53,0x36,0x5f,0x53,0x37,0x5f,0x53,0x42,0x5f,0x53,0x43,0x5f,0x4e,
    0x53,0x5f,0x32,0x36,0x47,0x72,0x69,0x64,0x77,0x69,0x73,0x65,0x47,0x65,0x6d,0x6d,
    0x4d,0x75,0x6c,0x74,0x69,0x70,0x6c,0x65,0x44,0x5f,0x57,0x6d,0x6d,0x61,0x49,0x44,
    0x46,0x31,0x36,0x5f,0x44,0x46,0x31,0x36,0x5f,0x66,0x44,0x46,0x31,0x36,0x5f,0x53,
    0x43,0x5f,0x44,0x46,0x31,0x36,0x5f,0x4e,0x53,0x5f,0x31,0x36,0x54,0x65,0x6e,0x73,
    0x6f,0x72,0x44,0x65,0x73,0x63,0x72,0x69,0x70,0x74,0x6f,0x72,0x49,0x4e,0x53,0x38,
    0x5f,0x49,0x4a,0x4e,0x53,0x5f,0x35,0x45,0x6d,0x62,0x65,0x64,0x49,0x4e,0x53,0x38,
    0x5f,0x49,0x4a,0x69,0x69,0x69,0x69,0x45,0x45,0x45,0x4e,0x53,0x38,0x5f,0x49,0x4a,
    0x69,0x69,0x69,0x4e,0x53,0x5f,0x31,0x37,0x69,0x6e,0x74,0x65,0x67,0x72,0x61,0x6c,
    0x5f,0x63,0x6f,0x6e,0x73,0x74,0x61,0x6e,0x74,0x49,0x69,0x4c,0x69,0x31,0x45,0x45,
    0x45,0x45,0x45,0x45,0x4c,0x62,0x30,0x45,0x45,0x45,0x4e,0x53,0x5f,0x31,0x31,0x50,
    0x61,0x73,0x73,0x54,0x68,0x72,0x6f,0x75,0x67,0x68,0x49,0x69,0x45,0x45,0x4e,0x53,
    0x5f,0x33,0x50,0x61,0x64,0x49,0x69,0x69,0x69,0x4c,0x62,0x30,0x45,0x45,0x45,0x53,
    0x31,0x30,0x5f,0x53,0x59,0x5f,0x53,0x59,0x5f,0x4e,0x53,0x52,0x5f,0x49,0x4e,0x53,
    0x38,0x5f,0x49,0x4a,0x69,0x69,0x45,0x45,0x45,0x53,0x31,0x31,0x5f,0x4c,0x62,0x30,
    0x45,0x45,0x45,0x53,0x31,0x32,0x5f,0x53,0x59,0x5f,0x4e,0x53,0x5f,0x32,0x33,0x4d,
    0x65,0x72,0x67,0x65,0x5f,0x76,0x32,0x5f,0x6d,0x61,0x67,0x69,0x63,0x5f,0x64,0x69,
    0x76,0x69,0x73,0x69,0x6f,0x6e,0x49,0x4e,0x53,0x38,0x5f,0x49,0x4a,0x69,0x69,0x69,
    0x45,0x45,0x45,0x45,0x45,0x53,0x31,0x35,0x5f,0x4e,0x53,0x5f,0x38,0x52,0x69,0x67,
    0x68,0x74,0x50,0x61,0x64,0x49,0x69,0x69,0x4c,0x62,0x30,0x45,0x45,0x45,0x53,0x31,
    0x37,0x5f,0x4e,0x53,0x5f,0x37,0x55,0x6e,0x4d,0x65,0x72,0x67,0x65,0x49,0x4e,0x53,
    0x38,0x5f,0x49,0x4a,0x69,0x4e,0x53,0x54,0x5f,0x49,0x69,0x4c,0x69,0x38,0x45,0x45,
    0x45,0x45,0x45,0x45,0x4c,0x62,0x30,0x45,0x45,0x45,0x53,0x59,0x5f,0x45,0x45,0x45,
    0x4e,0x53,0x38,0x5f,0x49,0x4a,0x4e,0x53,0x49,0x5f,0x49,0x4a,0x4c,0x69,0x30,0x45,
    0x45,0x45,0x45,0x4e,0x53,0x49,0x5f,0x49,0x4a,0x4c,0x69,0x31,0x45,0x45,0x45,0x45,
    0x4e,0x53,0x49,0x5f,0x49,0x4a,0x4c,0x69,0x32,0x45,0x45,0x45,0x45,0x4e,0x53,0x49,
    0x5f,0x49,0x4a,0x4c,0x69,0x33,0x45,0x45,0x45,0x45,0x4e,0x53,0x49,0x5f,0x49,0x4a,
    0x4c,0x69,0x34,0x45,0x45,0x45,0x45,0x4e,0x53,0x49,0x5f,0x49,0x4a,0x4c,0x69,0x35,
    0x45,0x45,0x45,0x45,0x4e,0x53,0x49,0x5f,0x49,0x4a,0x4c,0x69,0x36,0x45,0x45,0x45,
    0x45,0x4e,0x53,0x49,0x5f,0x49,0x4a,0x4c,0x69,0x37,0x45,0x45,0x45,0x45,0x4e,0x53,
    0x49,0x5f,0x49,0x4a,0x4c,0x69,0x38,0x45,0x45,0x45,0x45,0x4e,0x53,0x49,0x5f,0x49,
    0x4a,0x4c,0x69,0x39,0x45,0x4c,0x69,0x31,0x31,0x45,0x4c,0x69,0x31,0x33,0x45,0x45,
    0x45,0x45,0x4e,0x53,0x49,0x5f,0x49,0x4a,0x4c,0x69,0x31,0x30,0x45,0x4c,0x69,0x31,
    0x32,0x45,0x4c,0x69,0x31,0x34,0x45,0x45,0x45,0x45,0x4e,0x53,0x49,0x5f,0x49,0x4a,
    0x4c,0x69,0x31,0x35,0x45,0x45,0x45,0x45,0x4e,0x53,0x49,0x5f,0x49,0x4a,0x4c,0x69,
    0x31,0x36,0x45,0x45,0x45,0x45,0x4e,0x53,0x49,0x5f,0x49,0x4a,0x4c,0x69,0x31,0x38,
    0x45,0x45,0x45,0x45,0x4e,0x53,0x49,0x5f,0x49,0x4a,0x4c,0x69,0x31,0x37,0x45,0x45,
    0x45,0x45,0x45,0x45,0x45,0x4e,0x53,0x38,0x5f,0x49,0x4a,0x4e,0x53,0x49,0x5f,0x49,
    0x4a,0x4c,0x69,0x31,0x45,0x4c,0x69,0x32,0x45,0x4c,0x69,0x33,0x45,0x4c,0x69,0x34,
    0x45,0x45,0x45,0x45,0x53,0x31,0x49,0x5f,0x53,0x31,0x4a,0x5f,0x53,0x31,0x4b,0x5f,
    0x53,0x31,0x4c,0x5f,0x4e,0x53,0x49,0x5f,0x49,0x4a,0x4c,0x69,0x39,0x45,0x45,0x45,
    0x45,0x4e,0x53,0x49,0x5f,0x49,0x4a,0x4c,0x69,0x31,0x30,0x45,0x4c,0x69,0x31,0x31,
    0x45,0x45,0x45,0x45,0x4e,0x53,0x49,0x5f,0x49,0x4a,0x4c,0x69,0x31,0x32,0x45,0x4c,
    0x69,0x31,0x33,0x45,0x45,0x45,0x45,0x4e,0x53,0x49,0x5f,0x49,0x4a,0x4c,0x69,0x31,
    0x34,0x45,0x45,0x45,0x45,0x53,0x31,0x4f,0x5f,0x53,0x31,0x50,0x5f,0x53,0x31,0x52,
    0x5f,0x53,0x31,0x51,0x5f,0x4e,0x53,0x49,0x5f,0x49,0x4a,0x4c,0x69,0x31,0x39,0x45,
    0x4c,0x69,0x32,0x30,0x45,0x45,0x45,0x45,0x4e,0x53,0x49,0x5f,0x49,0x4a,0x4c,0x69,
    0x32,0x31,0x45,0x45,0x45,0x45,0x45,0x45,0x45,0x4e,0x53,0x49,0x5f,0x49,0x4a,0x4c,
    0x69,0x31,0x39,0x45,0x4c,0x69,0x32,0x31,0x45,0x4c,0x69,0x32,0x30,0x45,0x45,0x45,
    0x45,0x78,0x45,0x45,0x4e,0x53,0x51,0x5f,0x49,0x4e,0x53,0x38,0x5f,0x49,0x4a,0x4e,
    0x53,0x52,0x5f,0x49,0x53,0x31,0x34,0x5f,0x4e,0x53,0x38,0x5f,0x49,0x4a,0x69,0x69,
    0x53,0x55,0x5f,0x45,0x45,0x45,0x4c,0x62,0x30,0x45,0x45,0x45,0x53,0x59,0x5f,0x4e,
    0x53,0x31,0x33,0x5f,0x49,0x53,0x31,0x31,0x5f,0x45,0x45,0x53,0x31,0x37,0x5f,0x53,
    0x31,0x37,0x5f,0x53,0x31,0x42,0x5f,0x53,0x59,0x5f,0x45,0x45,0x45,0x4e,0x53,0x38,
    0x5f,0x49,0x4a,0x53,0x31,0x44,0x5f,0x53,0x31,0x45,0x5f,0x4e,0x53,0x49,0x5f,0x49,
    0x4a,0x4c,0x69,0x32,0x45,0x4c,0x69,0x33,0x45,0x45,0x45,0x45,0x53,0x31,0x48,0x5f,
    0x53,0x31,0x49,0x5f,0x53,0x31,0x4b,0x5f,0x53,0x31,0x4a,0x5f,0x45,0x45,0x45,0x4e,
    0x53,0x38,0x5f,0x49,0x4a,0x4e,0x53,0x49,0x5f,0x49,0x4a,0x4c,0x69,0x31,0x45,0x4c,
    0x69,0x32,0x45,0x4c,0x69,0x33,0x45,0x45,0x45,0x45,0x53,0x31,0x48,0x5f,0x53,0x31,
    0x49,0x5f,0x53,0x31,0x4a,0x5f,0x53,0x31,0x4b,0x5f,0x4e,0x53,0x49,0x5f,0x49,0x4a,
    0x4c,0x69,0x38,0x45,0x4c,0x69,0x39,0x45,0x45,0x45,0x45,0x4e,0x53,0x49,0x5f,0x49,
    0x4a,0x4c,0x69,0x31,0x30,0x45,0x45,0x45,0x45,0x45,0x45,0x45,0x4e,0x53,0x49,0x5f,
    0x49,0x4a,0x4c,0x69,0x38,0x45,0x4c,0x69,0x31,0x30,0x45,0x4c,0x69,0x39,0x45,0x45,
    0x45,0x45,0x78,0x45,0x45,0x4e,0x53,0x38,0x5f,0x49,0x4a,0x4e,0x53,0x51,0x5f,0x49,
    0x4e,0x53,0x38,0x5f,0x49,0x4a,0x4e,0x53,0x52,0x5f,0x49,0x53,0x31,0x31,0x5f,0x4e,
    0x53,0x38,0x5f,0x49,0x4a,0x4e,0x53,0x54,0x5f,0x49,0x69,0x4c,0x69,0x30,0x45,0x45,
    0x45,0x69,0x45,0x45,0x45,0x4c,0x62,0x30,0x45,0x45,0x45,0x53,0x31,0x37,0x5f,0x53,
    0x31,0x37,0x5f,0x45,0x45,0x45,0x4e,0x53,0x38,0x5f,0x49,0x4a,0x53,0x31,0x44,0x5f,
    0x53,0x31,0x45,0x5f,0x53,0x31,0x46,0x5f,0x45,0x45,0x45,0x4e,0x53,0x38,0x5f,0x49,
    0x4a,0x4e,0x53,0x49,0x5f,0x49,0x4a,0x4c,0x69,0x31,0x45,0x4c,0x69,0x32,0x45,0x45,
    0x45,0x45,0x53,0x31,0x47,0x5f,0x53,0x31,0x48,0x5f,0x45,0x45,0x45,0x4e,0x53,0x49,
    0x5f,0x49,0x4a,0x4c,0x69,0x33,0x45,0x4c,0x69,0x34,0x45,0x45,0x45,0x45,0x78,0x45,
    0x45,0x45,0x45,0x45,0x4e,0x53,0x51,0x5f,0x49,0x4e,0x53,0x38,0x5f,0x49,0x4a,0x4e,
    0x53,0x52,0x5f,0x49,0x53,0x31,0x31,0x5f,0x4e,0x53,0x38,0x5f,0x49,0x4a,0x69,0x53,
    0x55,0x5f,0x45,0x45,0x45,0x4c,0x62,0x30,0x45,0x45,0x45,0x53,0x31,0x37,0x5f,0x53,
    0x31,0x37,0x5f,0x45,0x45,0x45,0x53,0x32,0x4a,0x5f,0x53,0x32,0x4c,0x5f,0x53,0x32,
    0x4d,0x5f,0x78,0x45,0x45,0x53,0x45,0x5f,0x53,0x45,0x5f,0x53,0x46,0x5f,0x4c,0x4e,
    0x53,0x5f,0x32,0x35,0x49,0x6e,0x4d,0x65,0x6d,0x6f,0x72,0x79,0x44,0x61,0x74,0x61,
    0x4f,0x70,0x65,0x72,0x61,0x74,0x69,0x6f,0x6e,0x45,0x6e,0x75,0x6d,0x45,0x30,0x45,
    0x4c,0x69,0x36,0x34,0x45,0x4c,0x69,0x36,0x34,0x45,0x4c,0x69,0x36,0x34,0x45,0x4c,
    0x69,0x31,0x36,0x45,0x4c,0x69,0x31,0x36,0x45,0x4c,0x69,0x38,0x45,0x4c,0x69,0x34,
    0x45,0x4c,0x69,0x31,0x45,0x4c,0x69,0x31,0x32,0x38,0x45,0x53,0x4a,0x5f,0x53,0x4b,
    0x5f,0x53,0x4b,0x5f,0x4c,0x69,0x32,0x45,0x4c,0x69,0x38,0x45,0x4c,0x69,0x38,0x45,
    0x4c,0x62,0x30,0x45,0x4c,0x62,0x31,0x45,0x4c,0x62,0x31,0x45,0x53,0x4a,0x5f,0x53,
    0x4b,0x5f,0x53,0x4b,0x5f,0x4c,0x69,0x32,0x45,0x4c,0x69,0x38,0x45,0x4c,0x69,0x38,
    0x45,0x4c,0x62,0x30,0x45,0x4c,0x62,0x31,0x45,0x4c,0x62,0x31,0x45,0x4c,0x69,0x31,
    0x45,0x4c,0x69,0x31,0x45,0x53,0x4c,0x5f,0x4c,0x69,0x38,0x45,0x4c,0x69,0x31,0x45,
    0x4c,0x53,0x4d,0x5f,0x30,0x45,0x4c,0x53,0x4e,0x5f,0x30,0x45,0x45,0x45,0x44,0x46,
    0x31,0x36,0x5f,0x44,0x46,0x31,0x36,0x5f,0x4e,0x53,0x38,0x5f,0x49,0x4a,0x50,0x4b,
    0x44,0x46,0x31,0x36,0x5f,0x45,0x45,0x45,0x44,0x46,0x31,0x36,0x5f,0x53,0x45,0x5f,
    0x53,0x45,0x5f,0x53,0x46,0x5f,0x53,0x32,0x32,0x5f,0x53,0x32,0x45,0x5f,0x4e,0x53,
    0x38,0x5f,0x49,0x4a,0x4e,0x53,0x51,0x5f,0x49,0x4e,0x53,0x38,0x5f,0x49,0x4a,0x53,
    0x32,0x48,0x5f,0x53,0x31,0x37,0x5f,0x53,0x31,0x37,0x5f,0x4e,0x53,0x31,0x38,0x5f,
    0x49,0x4e,0x53,0x38,0x5f,0x49,0x4a,0x69,0x4e,0x53,0x54,0x5f,0x49,0x69,0x4c,0x69,
    0x36,0x34,0x45,0x45,0x45,0x45,0x45,0x45,0x4c,0x62,0x30,0x45,0x45,0x45,0x53,0x33,
    0x30,0x5f,0x45,0x45,0x45,0x4e,0x53,0x38,0x5f,0x49,0x4a,0x53,0x31,0x44,0x5f,0x53,
    0x31,0x45,0x5f,0x53,0x31,0x46,0x5f,0x53,0x31,0x47,0x5f,0x53,0x31,0x48,0x5f,0x45,
    0x45,0x45,0x4e,0x53,0x38,0x5f,0x49,0x4a,0x53,0x32,0x4b,0x5f,0x53,0x31,0x47,0x5f,
    0x53,0x31,0x48,0x5f,0x4e,0x53,0x49,0x5f,0x49,0x4a,0x4c,0x69,0x35,0x45,0x4c,0x69,
    0x36,0x45,0x45,0x45,0x45,0x4e,0x53,0x49,0x5f,0x49,0x4a,0x4c,0x69,0x37,0x45,0x4c,
    0x69,0x38,0x45,0x45,0x45,0x45,0x45,0x45,0x45,0x4e,0x53,0x49,0x5f,0x49,0x4a,0x4c,
    0x69,0x35,0x45,0x4c,0x69,0x36,0x45,0x4c,0x69,0x37,0x45,0x4c,0x69,0x38,0x45,0x45,
    0x45,0x45,0x78,0x45,0x45,0x45,0x45,0x45,0x4e,0x53,0x51,0x5f,0x49,0x4e,0x53,0x38,
    0x5f,0x49,0x4a,0x53,0x32,0x51,0x5f,0x53,0x31,0x37,0x5f,0x53,0x31,0x37,0x5f,0x53,
    0x33,0x30,0x5f,0x53,0x33,0x30,0x5f,0x45,0x45,0x45,0x53,0x33,0x32,0x5f,0x53,0x33,
    0x35,0x5f,0x53,0x33,0x36,0x5f,0x78,0x45,0x45,0x4e,0x53,0x5f,0x33,0x31,0x42,0x6c,
    0x6f,0x63,0x6b,0x54,0x6f,0x43,0x54,0x69,0x6c,0x65,0x4d,0x61,0x70,0x5f,0x4d,0x30,
    0x30,0x5f,0x4e,0x30,0x5f,0x4d,0x30,0x31,0x41,0x64,0x61,0x70,0x74,0x49,0x4c,0x69,
    0x36,0x34,0x45,0x4c,0x69,0x36,0x34,0x45,0x53,0x32,0x53,0x5f,0x45,0x45,0x4e,0x53,
    0x32,0x5f,0x33,0x30,0x43,0x6f,0x6d,0x70,0x75,0x74,0x65,0x50,0x74,0x72,0x4f,0x66,
    0x66,0x73,0x65,0x74,0x4f,0x66,0x53,0x74,0x72,0x69,0x64,0x65,0x64,0x42,0x61,0x74,
    0x63,0x68,0x49,0x4c,0x69,0x31,0x45,0x4c,0x69,0x31,0x45,0x4c,0x69,0x31,0x45,0x76,
    0x45,0x45,0x4c,0x69,0x31,0x45,0x4c,0x69,0x32,0x45,0x4c,0x62,0x31,0x45,0x45,0x45,
    0x76,0x50,0x50,0x4b,0x54,0x35,0x5f,0x50,0x50,0x4b,0x54,0x36,0x5f,0x50,0x50,0x54,
    0x38,0x5f,0x50,0x50,0x4b,0x76,0x69,0x69,0x69,0x69,0x69,0x69,0x69,0x69,0x69,0x69,
    0x69,0x69,0x69,0x69,0x69,0x69,0x69,0x69,0xbb,0x2e,0x70,0x72,0x69,0x76,0x61,0x74,
    0x65,0x5f,0x73,0x65,0x67,0x6d,0x65,0x6e,0x74,0x5f,0x66,0x69,0x78,0x65,0x64,0x5f,
    0x73,0x69,0x7a,0x65,0x20,0xab,0x2e,0x73,0x67,0x70,0x72,0x5f,0x63,0x6f,0x75,0x6e,
    0x74,0x3a,0xb1,0x2e,0x73,0x67,0x70,0x72,0x5f,0x73,0x70,0x69,0x6c,0x6c,0x5f,0x63,
    0x6f,0x75,0x6e,0x74,0x00,0xa7,0x2e,0x73,0x79,0x6d,0x62,0x6f,0x6c,0xda,0x09,0x92,
    0x5f,0x5a,0x4e,0x32,0x63,0x6b,0x34,0x34,0x6b,0x65,0x72,0x6e,0x65,0x6c,0x5f,0x67,
    0x72,0x6f,0x75,0x70,0x65,0x64,0x5f,0x63,0x6f,0x6e,0x76,0x5f,0x6d,0x75,0x6c,0x74,
    0x69,0x70,0x6c,0x65,0x5f,0x64,0x5f,0x77,0x6d,0x6d,0x61,0x5f,0x63,0x73,0x68,0x75,
    0x66,0x66,0x6c,0x65,0x49,0x4e,0x53,0x5f,0x31,0x36,0x74,0x65,0x6e,0x73,0x6f,0x72,
    0x5f,0x6f,0x70,0x65,0x72,0x61,0x74,0x69,0x6f,0x6e,0x36,0x64,0x65,0x76,0x69,0x63,
    0x65,0x34,0x33,0x44,0x65,0x76,0x69,0x63,0x65,0x47,0x72,0x6f,0x75,0x70,0x65,0x64,
    0x43,0x6f,0x6e,0x76,0x46,0x77,0x64,0x4d,0x75,0x6c,0x74,0x69,0x70,0x6c,0x65,0x44,
    0x5f,0x57,0x6d,0x6d,0x61,0x5f,0x43,0x53,0x68,0x75,0x66,0x66,0x6c,0x65,0x49,0x4c,
    0x69,0x32,0x45,0x4e,0x53,0x5f,0x31,0x33,0x74,0x65,0x6e,0x73,0x6f,0x72,0x5f,0x6c,
    0x61,0x79,0x6f,0x75,0x74,0x31,0x31,0x63,0x6f,0x6e,0x76,0x6f,0x6c,0x75,0x74,0x69,
    0x6f,0x6e,0x37,0x47,0x5f,0x4e,0x48,0x57,0x5f,0x43,0x45,0x4e,0x53,0x35,0x5f,0x38,
    0x47,0x5f,0x4b,0x5f,0x59,0x58,0x5f,0x43,0x45,0x4e,0x53,0x5f,0x35,0x54,0x75,0x70,
    0x6c,0x65,0x49,0x4a,0x4e,0x53,0x35,0x5f,0x33,0x47,0x5f,0x4b,0x45,0x45,0x45,0x45,
    0x4e,0x53,0x35,0x5f,0x37,0x47,0x5f,0x4e,0x48,0x57,0x5f,0x4b,0x45,0x44,0x46,0x31,
    0x36,0x5f,0x44,0x46,0x31,0x36,0x5f,0x66,0x44,0x46,0x31,0x36,0x5f,0x4e,0x53,0x38,
    0x5f,0x49,0x4a,0x44,0x46,0x31,0x36,0x5f,0x45,0x45,0x45,0x44,0x46,0x31,0x36,0x5f,
    0x4e,0x53,0x31,0x5f,0x31,0x32,0x65,0x6c,0x65,0x6d,0x65,0x6e,0x74,0x5f,0x77,0x69,
    0x73,0x65,0x31,0x31,0x50,0x61,0x73,0x73,0x54,0x68,0x72,0x6f,0x75,0x67,0x68,0x45,
    0x53,0x45,0x5f,0x4e,0x53,0x44,0x5f,0x37,0x41,0x64,0x64,0x52,0x65,0x6c,0x75,0x45,
    0x4c,0x4e,0x53,0x32,0x5f,0x33,0x32,0x43,0x6f,0x6e,0x76,0x6f,0x6c,0x75,0x74,0x69,
    0x6f,0x6e,0x46,0x6f,0x72,0x77,0x61,0x72,0x64,0x53,0x70,0x65,0x63,0x69,0x61,0x6c,
    0x69,0x7a,0x61,0x74,0x69,0x6f,0x6e,0x45,0x30,0x45,0x4c,0x4e,0x53,0x32,0x5f,0x31,
    0x38,0x47,0x65,0x6d,0x6d,0x53,0x70,0x65,0x63,0x69,0x61,0x6c,0x69,0x7a,0x61,0x74,
    0x69,0x6f,0x6e,0x45,0x37,0x45,0x4c,0x69,0x31,0x45,0x4c,0x69,0x31,0x32,0x38,0x45,
    0x4c,0x69,0x36,0x34,0x45,0x4c,0x69,0x36,0x34,0x45,0x4c,0x69,0x36,0x34,0x45,0x4c,
    0x69,0x38,0x45,0x4c,0x69,0x31,0x36,0x45,0x4c,0x69,0x31,0x36,0x45,0x4c,0x69,0x34,
    0x45,0x4c,0x69,0x31,0x45,0x4e,0x53,0x5f,0x38,0x53,0x65,0x71,0x75,0x65,0x6e,0x63,
    0x65,0x49,0x4a,0x4c,0x69,0x34,0x45,0x4c,0x69,0x33,0x32,0x45,0x4c,0x69,0x31,0x45,
    0x45,0x45,0x45,0x4e,0x53,0x49,0x5f,0x49,0x4a,0x4c,0x69,0x31,0x45,0x4c,0x69,0x30,
    0x45,0x4c,0x69,0x32,0x45,0x45,0x45,0x45,0x53,0x4b,0x5f,0x4c,0x69,0x32,0x45,0x4c,
    0x69,0x38,0x45,0x4c,0x69,0x38,0x45,0x4c,0x62,0x31,0x45,0x53,0x4a,0x5f,0x53,0x4b,
    0x5f,0x53,0x4b,0x5f,0x4c,0x69,0x32,0x45,0x4c,0x69,0x38,0x45,0x4c,0x69,0x38,0x45,
    0x4c,0x62,0x31,0x45,0x4c,0x69,0x31,0x45,0x4c,0x69,0x31,0x45,0x4e,0x53,0x49,0x5f,
    0x49,0x4a,0x4c,0x69,0x31,0x45,0x4c,0x69,0x31,0x36,0x45,0x4c,0x69,0x31,0x45,0x4c,
    0x69,0x38,0x45,0x45,0x45,0x45,0x4c,0x69,0x38,0x45,0x4c,0x4e,0x53,0x5f,0x31,0x33,
    0x4c,0x6f,0x6f,0x70,0x53,0x63,0x68,0x65,0x64,0x75,0x6c,0x65,0x72,0x45,0x30,0x45,
    0x4c,0x4e,0x53,0x5f,0x31,0x35,0x50,0x69,0x70,0x65,0x6c,0x69,0x6e,0x65,0x56,0x65,
    0x72,0x73,0x69,0x6f,0x6e,0x45,0x30,0x45,0x45,0x45,0x53,0x36,0x5f,0x53,0x37,0x5f,
    0x53,0x42,0x5f,0x53,0x43,0x5f,0x4e,0x53,0x5f,0x32,0x36,0x47,0x72,0x69,0x64,0x77,
    0x69,0x73,0x65,0x47,0x65,0x6d,0x6d,0x4d,0x75,0x6c,0x74,0x69,0x70,0x6c,0x65,0x44,
    0x5f,0x57,0x6d,0x6d,0x61,0x49,0x44,0x46,0x31,0x36,0x5f,0x44,0x46,0x31,0x36,0x5f,
    0x66,0x44,0x46,0x31,0x36,0x5f,0x53,0x43,0x5f,0x44,0x46,0x31,0x36,0x5f,0x4e,0x53,
    0x5f,0x31,0x36,0x54,0x65,0x6e,0x73,0x6f,0x72,0x44,0x65,0x73,0x63,0x72,0x69,0x70,
    0x74,0x6f,0x72,0x49,0x4e,0x53,0x38,0x5f,0x49,0x4a,0x4e,0x53,0x5f,0x35,0x45,0x6d,
    0x62,0x65,0x64,0x49,0x4e,0x53,0x38,0x5f,0x49,0x4a,0x69,0x69,0x69,0x69,0x45,0x45,
    0x45,0x4e,0x53,0x38,0x5f,0x49,0x4a,0x69,0x69,0x69,0x4e,0x53,0x5f,0x31,0x37,0x69,
    0x6e,0x74,0x65,0x67,0x72,0x61,0x6c,0x5f,0x63,0x6f,0x6e,0x73,0x74,0x61,0x6e,0x74,
    0x49,0x69,0x4c,0x69,0x31,0x45,0x45,0x45,0x45,0x45,0x45,0x4c,0x62,0x30,0x45,0x45,
    0x45,0x4e,0x53,0x5f,0x31,0x31,0x50,0x61,0x73,0x73,0x54,0x68,0x72,0x6f,0x75,0x67,
    0x68,0x49,0x69,0x45,0x45,0x4e,0x53,0x5f,0x33,0x50,0x61,0x64,0x49,0x69,0x69,0x69,
    0x4c,0x62,0x30,0x45,0x45,0x45,0x53,0x31,0x30,0x5f,0x53,0x59,0x5f,0x53,0x59,0x5f,
    0x4e,0x53,0x52,0x5f,0x49,0x4e,0x53,0x38,0x5f,0x49,0x4a,0x69,0x69,0x45,0x45,0x45,
    0x53,0x31,0x31,0x5f,0x4c,0x62,0x30,0x45,0x45,0x45,0x53,0x31,0x32,0x5f,0x53,0x59,
    0x5f,0x4e,0x53,0x5f,0x32,0x33,0x4d,0x65,0x72,0x67,0x65,0x5f,0x76,0x32,0x5f,0x6d,
    0x61,0x67,0x69,0x63,0x5f,0x64,0x69,0x76,0x69,0x73,0x69,0x6f,0x6e,0x49,0x4e,0x53,
    0x38,0x5f,0x49,0x4a,0x69,0x69,0x69,0x45,0x45,0x45,0x45,0x45,0x53,0x31,0x35,0x5f,
    0x4e,0x53,0x5f,0x38,0x52,0x69,0x67,0x68,0x74,0x50,0x61,0x64,0x49,0x69,0x69,0x4c,
    0x62,0x30,0x45,0x45,0x45,0x53,0x31,0x37,0x5f,0x4e,0x53,0x5f,0x37,0x55,0x6e,0x4d,
    0x65,0x72,0x67,0x65,0x49,0x4e,0x53,0x38,0x5f,0x49,0x4a,0x69,0x4e,0x53,0x54,0x5f,
    0x49,0x69,0x4c,0x69,0x38,0x45,0x45,0x45,0x45,0x45,0x45,0x4c,0x62,0x30,0x45,0x45,
    0x45,0x53,0x59,0x5f,0x45,0x45,0x45,0x4e,0x53,0x38,0x5f,0x49,0x4a,0x4e,0x53,0x49,
    0x5f,0x49,0x4a,0x4c,0x69,0x30,0x45,0x45,0x45,0x45,0x4e,0x53,0x49,0x5f,0x49,0x4a,
    0x4c,0x69,0x31,0x45,0x45,0x45,0x45,0x4e,0x53,0x49,0x5f,0x49,0x4a,0x4c,0x69,0x32,
    0x45,0x45,0x45,0x45,0x4e,0x53,0x49,0x5f,0x49,0x4a,0x4c,0x69,0x33,0x45,0x45,0x45,
    0x45,0x4e,0x53,0x49,0x5f,0x49,0x4a,0x4c,0x69,0x34,0x45,0x45,0x45,0x45,0x4e,0x53,
    0x49,0x5f,0x49,0x4a,0x4c,0x69,0x35,0x45,0x45,0x45,0x45,0x4e,0x53,0x49,0x5f,0x49,
    0x4a,0x4c,0x69,0x36,0x45,0x45,0x45,0x45,0x4e,0x53,0x49,0x5f,0x49,0x4a,0x4c,0x69,
    0x37,0x45,0x45,0x45,0x45,0x4e,0x53,0x49,0x5f,0x49,0x4a,0x4c,0x69,0x38,0x45,0x45,
    0x45,0x45,0x4e,0x53,0x49,0x5f,0x49,0x4a,0x4c,0x69,0x39,0x45,0x4c,0x69,0x31,0x31,
    0x45,0x4c,0x69,0x31,0x33,0x45,0x45,0x45,0x45,0x4e,0x53,0x49,0x5f,0x49,0x4a,0x4c,
    0x69,0x31,0x30,0x45,0x4c,0x69,0x31,0x32,0x45,0x4c,0x69,0x31,0x34,0x45,0x45,0x45,
    0x45,0x4e,0x53,0x49,0x5f,0x49,0x4a,0x4c,0x69,0x31,0x35,0x45,0x45,0x45,0x45,0x4e,
    0x53,0x49,0x5f,0x49,0x4a,0x4c,0x69,0x31,0x36,0x45,0x45,0x45,0x45,0x4e,0x53,0x49,
    0x5f,0x49,0x4a,0x4c,0x69,0x31,0x38,0x45,0x45,0x45,0x45,0x4e,0x53,0x49,0x5f,0x49,
    0x4a,0x4c,0x69,0x31,0x37,0x45,0x45,0x45,0x45,0x45,0x45,0x45,0x4e,0x53,0x38,0x5f,
    0x49,0x4a,0x4e,0x53,0x49,0x5f,0x49,0x4a,0x4c,0x69,0x31,0x45,0x4c,0x69,0x32,0x45,
    0x4c,0x69,0x33,0x45,0x4c,0x69,0x34,0x45,0x45,0x45,0x45,0x53,0x31,0x49,0x5f,0x53,
    0x31,0x4a,0x5f,0x53,0x31,0x4b,0x5f,0x53,0x31,0x4c,0x5f,0x4e,0x53,0x49,0x5f,0x49,
    0x4a,0x4c,0x69,0x39,0x45,0x45,0x45,0x45,0x4e,0x53,0x49,0x5f,0x49,0x4a,0x4c,0x69,
    0x31,0x30,0x45,0x4c,0x69,0x31,0x31,0x45,0x45,0x45,0x45,0x4e,0x53,0x49,0x5f,0x49,
    0x4a,0x4c,0x69,0x31,0x32,0x45,0x4c,0x69,0x31,0x33,0x45,0x45,0x45,0x45,0x4e,0x53,
    0x49,0x5f,0x49,0x4a,0x4c,0x69,0x31,0x34,0x45,0x45,0x45,0x45,0x53,0x31,0x4f,0x5f,
    0x53,0x31,0x50,0x5f,0x53,0x31,0x52,0x5f,0x53,0x31,0x51,0x5f,0x4e,0x53,0x49,0x5f,
    0x49,0x4a,0x4c,0x69,0x31,0x39,0x45,0x4c,0x69,0x32,0x30,0x45,0x45,0x45,0x45,0x4e,
    0x53,0x49,0x5f,0x49,0x4a,0x4c,0x69,0x32,0x31,0x45,0x45,0x45,0x45,0x45,0x45,0x45,
    0x4e,0x53,0x49,0x5f,0x49,0x4a,0x4c,0x69,0x31,0x39,0x45,0x4c,0x69,0x32,0x31,0x45,
    0x4c,0x69,0x32,0x30,0x45,0x45,0x45,0x45,0x78,0x45,0x45,0x4e,0x53,0x51,0x5f,0x49,
    0x4e,0x53,0x38,0x5f,0x49,0x4a,0x4e,0x53,0x52,0x5f,0x49,0x53,0x31,0x34,0x5f,0x4e,
    0x53,0x38,0x5f,0x49,0x4a,0x69,0x69,0x53,0x55,0x5f,0x45,0x45,0x45,0x4c,0x62,0x30,
    0x45,0x45,0x45,0x53,0x59,0x5f,0x4e,0x53,0x31,0x33,0x5f,0x49,0x53,0x31,0x31,0x5f,
    0x45,0x45,0x53,0x31,0x37,0x5f,0x53,0x31,0x37,0x5f,0x53,0x31,0x42,0x5f,0x53,0x59,
    0x5f,0x45,0x45,0x45,0x4e,0x53,0x38,0x5f,0x49,0x4a,0x53,0x31,0x44,0x5f,0x53,0x31,
    0x45,0x5f,0x4e,0x53,0x49,0x5f,0x49,0x4a,0x4c,0x69,0x32,0x45,0x4c,0x69,0x33,0x45,
    0x45,0x45,0x45,0x53,0x31,0x48,0x5f,0x53,0x31,0x49,0x5f,0x53,0x31,0x4b,0x5f,0x53,
    0x31,0x4a,0x5f,0x45,0x45,0x45,0x4e,0x53,0x38,0x5f,0x49,0x4a,0x4e,0x53,0x49,0x5f,
    0x49,0x4a,0x4c,0x69,0x31,0x45,0x4c,0x69,0x32,0x45,0x4c,0x69,0x33,0x45,0x45,0x45,
    0x45,0x53,0x31,0x48,0x5f,0x53,0x31,0x49,0x5f,0x53,0x31,0x4a,0x5f,0x53,0x31,0x4b,
    0x5f,0x4e,0x53,0x49,0x5f,0x49,0x4a,0x4c,0x69,0x38,0x45,0x4c,0x69,0x39,0x45,0x45,
    0x45,0x45,0x4e,0x53,0x49,0x5f,0x49,0x4a,0x4c,0x69,0x31,0x30,0x45,0x45,0x45,0x45,
    0x45,0x45,0x45,0x4e,0x53,0x49,0x5f,0x49,0x4a,0x4c,0x69,0x38,0x45,0x4c,0x69,0x31,
    0x30,0x45,0x4c,0x69,0x39,0x45,0x45,0x45,0x45,0x78,0x45,0x45,0x4e,0x53,0x38,0x5f,
    0x49,0x4a,0x4e,0x53,0x51,0x5f,0x49,0x4e,0x53,0x38,0x5f,0x49,0x4a,0x4e,0x53,0x52,
    0x5f,0x49,0x53,0x31,0x31,0x5f,0x4e,0x53,0x38,0x5f,0x49,0x4a,0x4e,0x53,0x54,0x5f,
    0x49,0x69,0x4c,0x69,0x30,0x45,0x45,0x45,0x69,0x45,0x45,0x45,0x4c,0x62,0x30,0x45,
    0x45,0x45,0x53,0x31,0x37,0x5f,0x53,0x31,0x37,0x5f,0x45,0x45,0x45,0x4e,0x53,0x38,
    0x5f,0x49,0x4a,0x53,0x31,0x44,0x5f,0x53,0x31,0x45,0x5f,0x53,0x31,0x46,0x5f,0x45,
    0x45,0x45,0x4e,0x53,0x38,0x5f,0x49,0x4a,0x4e,0x53,0x49,0x5f,0x49,0x4a,0x4c,0x69,
    0x31,0x45,0x4c,0x69,0x32,0x45,0x45,0x45,0x45,0x53,0x31,0x47,0x5f,0x53,0x31,0x48,
    0x5f,0x45,0x45,0x45,0x4e,0x53,0x49,0x5f,0x49,0x4a,0x4c,0x69,0x33,0x45,0x4c,0x69,
    0x34,0x45,0x45,0x45,0x45,0x78,0x45,0x45,0x45,0x45,0x45,0x4e,0x53,0x51,0x5f,0x49,
    0x4e,0x53,0x38,0x5f,0x49,0x4a,0x4e,0x53,0x52,0x5f,0x49,0x53,0x31,0x31,0x5f,0x4e,
    0x53,0x38,0x5f,0x49,0x4a,0x69,0x53,0x55,0x5f,0x45,0x45,0x45,0x4c,0x62,0x30,0x45,
    0x45,0x45,0x53,0x31,0x37,0x5f,0x53,0x31,0x37,0x5f,0x45,0x45,0x45,0x53,0x32,0x4a,
    0x5f,0x53,0x32,0x4c,0x5f,0x53,0x32,0x4d,0x5f,0x78,0x45,0x45,0x53,0x45,0x5f,0x53,
    0x45,0x5f,0x53,0x46,0x5f,0x4c,0x4e,0x53,0x5f,0x32,0x35,0x49,0x6e,0x4d,0x65,0x6d,
    0x6f,0x72,0x79,0x44,0x61,0x74,0x61,0x4f,0x70,0x65,0x72,0x61,0x74,0x69,0x6f,0x6e,
    0x45,0x6e,0x75,0x6d,0x45,0x30,0x45,0x4c,0x69,0x36,0x34,0x45,0x4c,0x69,0x36,0x34,
    0x45,0x4c,0x69,0x36,0x34,0x45,0x4c,0x69,0x31,0x36,0x45,0x4c,0x69,0x31,0x36,0x45,
    0x4c,0x69,0x38,0x45,0x4c,0x69,0x34,0x45,0x4c,0x69,0x31,0x45,0x4c,0x69,0x31,0x32,
    0x38,0x45,0x53,0x4a,0x5f,0x53,0x4b,0x5f,0x53,0x4b,0x5f,0x4c,0x69,0x32,0x45,0x4c,
    0x69,0x38,0x45,0x4c,0x69,0x38,0x45,0x4c,0x62,0x30,0x45,0x4c,0x62,0x31,0x45,0x4c,
    0x62,0x31,0x45,0x53,0x4a,0x5f,0x53,0x4b,0x5f,0x53,0x4b,0x5f,0x4c,0x69,0x32,0x45,
    0x4c,0x69,0x38,0x45,0x4c,0x69,0x38,0x45,0x4c,0x62,0x30,0x45,0x4c,0x62,0x31,0x45,
    0x4c,0x62,0x31,0x45,0x4c,0x69,0x31,0x45,0x4c,0x69,0x31,0x45,0x53,0x4c,0x5f,0x4c,
    0x69,0x38,0x45,0x4c,0x69,0x31,0x45,0x4c,0x53,0x4d,0x5f,0x30,0x45,0x4c,0x53,0x4e,
    0x5f,0x30,0x45,0x45,0x45,0x44,0x46,0x31,0x36,0x5f,0x44,0x46,0x31,0x36,0x5f,0x4e,
    0x53,0x38,0x5f,0x49,0x4a,0x50,0x4b,0x44,0x46,0x31,0x36,0x5f,0x45,0x45,0x45,0x44,
    0x46,0x31,0x36,0x5f,0x53,0x45,0x5f,0x53,0x45,0x5f,0x53,0x46,0x5f,0x53,0x32,0x32,
    0x5f,0x53,0x32,0x45,0x5f,0x4e,0x53,0x38,0x5f,0x49,0x4a,0x4e,0x53,0x51,0x5f,0x49,
    0x4e,0x53,0x38,0x5f,0x49,0x4a,0x53,0x32,0x48,0x5f,0x53,0x31,0x37,0x5f,0x53,0x31,
    0x37,0x5f,0x4e,0x53,0x31,0x38,0x5f,0x49,0x4e,0x53,0x38,0x5f,0x49,0x4a,0x69,0x4e,
    0x53,0x54,0x5f,0x49,0x69,0x4c,0x69,0x36,0x34,0x45,0x45,0x45,0x45,0x45,0x45,0x4c,
    0x62,0x30,0x45,0x45,0x45,0x53,0x33,0x30,0x5f,0x45,0x45,0x45,0x4e,0x53,0x38,0x5f,
    0x49,0x4a,0x53,0x31,0x44,0x5f,0x53,0x31,0x45,0x5f,0x53,0x31,0x46,0x5f,0x53,0x31,
    0x47,0x5f,0x53,0x31,0x48,0x5f,0x45,0x45,0x45,0x4e,0x53,0x38,0x5f,0x49,0x4a,0x53,
    0x32,0x4b,0x5f,0x53,0x31,0x47,0x5f,0x53,0x31,0x48,0x5f,0x4e,0x53,0x49,0x5f,0x49,
    0x4a,0x4c,0x69,0x35,0x45,0x4c,0x69,0x36,0x45,0x45,0x45,0x45,0x4e,0x53,0x49,0x5f,
    0x49,0x4a,0x4c,0x69,0x37,0x45,0x4c,0x69,0x38,0x45,0x45,0x45,0x45,0x45,0x45,0x45,
    0x4e,0x53,0x49,0x5f,0x49,0x4a,0x4c,0x69,0x35,0x45,0x4c,0x69,0x36,0x45,0x4c,0x69,
    0x37,0x45,0x4c,0x69,0x38,0x45,0x45,0x45,0x45,0x78,0x45,0x45,0x45,0x45,0x45,0x4e,
    0x53,0x51,0x5f,0x49,0x4e,0x53,0x38,0x5f,0x49,0x4a,0x53,0x32,0x51,0x5f,0x53,0x31,
    0x37,0x5f,0x53,0x31,0x37,0x5f,0x53,0x33,0x30,0x5f,0x53,0x33,0x30,0x5f,0x45,0x45,
    0x45,0x53,0x33,0x32,0x5f,0x53,0x33,0x35,0x5f,0x53,0x33,0x36,0x5f,0x78,0x45,0x45,
    0x4e,0x53,0x5f,0x33,0x31,0x42,0x6c,0x6f,0x63,0x6b,0x54,0x6f,0x43,0x54,0x69,0x6c,
    0x65,0x4d,0x61,0x70,0x5f,0x4d,0x30,0x30,0x5f,0x4e,0x30,0x5f,0x4d,0x30,0x31,0x41,
    0x64,0x61,0x70,0x74,0x49,0x4c,0x69,0x36,0x34,0x45,0x4c,0x69,0x36,0x34,0x45,0x53,
    0x32,0x53,0x5f,0x45,0x45,0x4e,0x53,0x32,0x5f,0x33,0x30,0x43,0x6f,0x6d,0x70,0x75,
    0x74,0x65,0x50,0x74,0x72,0x4f,0x66,0x66,0x73,0x65,0x74,0x4f,0x66,0x53,0x74,0x72,
    0x69,0x64,0x65,0x64,0x42,0x61,0x74,0x63,0x68,0x49,0x4c,0x69,0x31,0x45,0x4c,0x69,
    0x31,0x45,0x4c,0x69,0x31,0x45,0x76,0x45,0x45,0x4c,0x69,0x31,0x45,0x4c,0x69,0x32,
    0x45,0x4c,0x62,0x31,0x45,0x45,0x45,0x76,0x50,0x50,0x4b,0x54,0x35,0x5f,0x50,0x50,
    0x4b,0x54,0x36,0x5f,0x50,0x50,0x54,0x38,0x5f,0x50,0x50,0x4b,0x76,0x69,0x69,0x69,
    0x69,0x69,0x69,0x69,0x69,0x69,0x69,0x69,0x69,0x69,0x69,0x69,0x69,0x69,0x69,0x2e,
    0x6b,0x64,0xb8,0x2e,0x75,0x6e,0x69,0x66,0x6f,0x72,0x6d,0x5f,0x77,0x6f,0x72,0x6b,
    0x5f,0x67,0x72,0x6f,0x75,0x70,0x5f,0x73,0x69,0x7a,0x65,0x01,0xb3,0x2e,0x75,0x73,
    0x65,0x73,0x5f,0x64,0x79,0x6e,0x61,0x6d,0x69,0x63,0x5f,0x73,0x74,0x61,0x63,0x6b,
    0xc2,0xab,0x2e,0x76,0x67,0x70,0x72,0x5f,0x63,0x6f,0x75,0x6e,0x74,0xcc,0x82,0xb1,
    0x2e,0x76,0x67,0x70,0x72,0x5f,0x73,0x70,0x69,0x6c,0x6c,0x5f,0x63,0x6f,0x75,0x6e,
    0x74,0x00,0xaf,0x2e,0x77,0x61,0x76,0x65,0x66,0x72,0x6f,0x6e,0x74,0x5f,0x73,0x69,
    0x7a,0x65,0x20,0xb9,0x2e,0x77,0x6f,0x72,0x6b,0x67,0x72,0x6f,0x75,0x70,0x5f,0x70,
    0x72,0x6f,0x63,0x65,0x73,0x73,0x6f,0x72,0x5f,0x6d,0x6f,0x64,0x65,0x01,0xad,0x61,
    0x6d,0x64,0x68,0x73,0x61,0x2e,0x74,0x61,0x72,0x67,0x65,0x74,0xba,0x61,0x6d,0x64,
    0x67,0x63,0x6e,0x2d,0x61,0x6d,0x64,0x2d,0x61,0x6d,0x64,0x68,0x73,0x61,0x2d,0x2d,
    0x67,0x66,0x78,0x31,0x31,0x30,0x30,0xae,0x61,0x6d,0x64,0x68,0x73,0x61,0x2e,0x76,
    0x65,0x72,0x73,0x69,0x6f,0x6e,0x92,0x01,0x02,0x00,0x00,0x00,0x00,0x00,0x00,0x00,
    0x00,0x00,0x00,0x00,0x00,0x00,0x00,0x00,0x00,0x00,0x00,0x00,0x00,0x00,0x00,0x00,
    0x00,0x00,0x00,0x00,0x00,0x00,0x00,0x00,0x4e,0x00,0x00,0x00,0x12,0x03,0x03,0x00,
    0x00,0x00,0x00,0x00,0x00,0x00,0x00,0x00,0x04,0x2e,0x00,0x00,0x00,0x00,0x00,0x00,
    0xea,0x13,0x00,0x00,0x21,0x03,0x12,0x00,0x00,0x00,0x00,0x00,0x00,0x00,0x00,0x00,
    0x0c,0x00,0x00,0x00,0x00,0x00,0x00,0x00,0x14,0x0a,0x00,0x00,0x11,0x03,0x05,0x00,
    0x00,0x00,0x00,0x00,0x00,0x00,0x00,0x00,0x40,0x00,0x00,0x00,0x00,0x00,0x00,0x00,
    0x2c,0x00,0x00,0x00,0x21,0x02,0x08,0x00,0x00,0x00,0x00,0x00,0x00,0x00,0x00,0x00,
    0x50,0x00,0x00,0x00,0x00,0x00,0x00,0x00,0xf9,0x16,0x00,0x00,0x21,0x02,0x09,0x00,
    0x00,0x00,0x00,0x00,0x00,0x00,0x00,0x00,0x50,0x00,0x00,0x00,0x00,0x00,0x00,0x00,
    0xf9,0x09,0x00,0x00,0x21,0x02,0x0a,0x00,0x00,0x00,0x00,0x00,0x00,0x00,0x00,0x00,
    0x50,0x00,0x00,0x00,0x00,0x00,0x00,0x00,0x2c,0x17,0x00,0x00,0x21,0x02,0x0b,0x00,
    0x00,0x00,0x00,0x00,0x00,0x00,0x00,0x00,0x50,0x00,0x00,0x00,0x00,0x00,0x00,0x00,
    0xaf,0x13,0x00,0x00,0x21,0x02,0x0c,0x00,0x00,0x00,0x00,0x00,0x00,0x00,0x00,0x00,
    0x78,0x00,0x00,0x00,0x00,0x00,0x00,0x00,0xe6,0x09,0x00,0x00,0x21,0x02,0x0d,0x00,
    0x00,0x00,0x00,0x00,0x00,0x00,0x00,0x00,0x50,0x00,0x00,0x00,0x00,0x00,0x00,0x00,
    0x18,0x00,0x00,0x00,0x21,0x02,0x0e,0x00,0x00,0x00,0x00,0x00,0x00,0x00,0x00,0x00,
    0x50,0x00,0x00,0x00,0x00,0x00,0x00,0x00,0xc5,0x16,0x00,0x00,0x21,0x02,0x0f,0x00,
    0x00,0x00,0x00,0x00,0x00,0x00,0x00,0x00,0x78,0x00,0x00,0x00,0x00,0x00,0x00,0x00,
    0x78,0x16,0x00,0x00,0x21,0x02,0x10,0x00,0x00,0x00,0x00,0x00,0x00,0x00,0x00,0x00,
    0x50,0x00,0x00,0x00,0x00,0x00,0x00,0x00,0x2a,0x16,0x00,0x00,0x21,0x02,0x11,0x00,
    0x00,0x00,0x00,0x00,0x00,0x00,0x00,0x00,0x50,0x00,0x00,0x00,0x00,0x00,0x00,0x00,
    0x44,0x0d,0x00,0x00,0x00,0x00,0x00,0x00,0x0a,0x00,0x00,0x00,0x02,0x00,0x00,0x00,
    0x0c,0x00,0x00,0x00,0x00,0x00,0x00,0x00,0x4c,0x0d,0x00,0x00,0x00,0x00,0x00,0x00,
    0x0b,0x00,0x00,0x00,0x02,0x00,0x00,0x00,0x14,0x00,0x00,0x00,0x00,0x00,0x00,0x00,
    0x74,0x0d,0x00,0x00,0x00,0x00,0x00,0x00,0x0a,0x00,0x00,0x00,0x02,0x00,0x00,0x00,
    0x04,0x00,0x00,0x00,0x00,0x00,0x00,0x00,0x7c,0x0d,0x00,0x00,0x00,0x00,0x00,0x00,
    0x0b,0x00,0x00,0x00,0x02,0x00,0x00,0x00,0x0c,0x00,0x00,0x00,0x00,0x00,0x00,0x00,
    0x5c,0x11,0x00,0x00,0x00,0x00,0x00,0x00,0x0a,0x00,0x00,0x00,0x02,0x00,0x00,0x00,
    0x08,0x00,0x00,0x00,0x00,0x00,0x00,0x00,0x64,0x11,0x00,0x00,0x00,0x00,0x00,0x00,
    0x0b,0x00,0x00,0x00,0x02,0x00,0x00,0x00,0x10,0x00,0x00,0x00,0x00,0x00,0x00,0x00,
    0x10,0x00,0x00,0x00,0x00,0x00,0x00,0x00,0x05,0x00,0x00,0x00,0x01,0x00,0x00,0x00,
    0x10,0x00,0x00,0x00,0x00,0x00,0x00,0x00,0x00,0x2e,0x74,0x65,0x78,0x74,0x00,0x2e,
    0x63,0x6f,0x6d,0x6d,0x65,0x6e,0x74,0x00,0x2e,0x72,0x6f,0x64,0x61,0x74,0x61,0x2e,
    0x5f,0x5a,0x54,0x43,0x53,0x64,0x31,0x36,0x5f,0x53,0x6f,0x00,0x2e,0x72,0x6f,0x64,
    0x61,0x74,0x61,0x2e,0x5f,0x5a,0x54,0x56,0x53,0x6f,0x00,0x2e,0x6e,0x6f,0x74,0x65,
    0x2e,0x47,0x4e,0x55,0x2d,0x73,0x74,0x61,0x63,0x6b,0x00,0x2e,0x72,0x65,0x6c,0x61,
    0x2e,0x74,0x65,0x78,0x74,0x2e,0x5f,0x5a,0x4e,0x32,0x63,0x6b,0x34,0x34,0x6b,0x65,
    0x72,0x6e,0x65,0x6c,0x5f,0x67,0x72,0x6f,0x75,0x70,0x65,0x64,0x5f,0x63,0x6f,0x6e,
    0x76,0x5f,0x6d,0x75,0x6c,0x74,0x69,0x70,0x6c,0x65,0x5f,0x64,0x5f,0x77,0x6d,0x6d,
    0x61,0x5f,0x63,0x73,0x68,0x75,0x66,0x66,0x6c,0x65,0x49,0x4e,0x53,0x5f,0x31,0x36,
    0x74,0x65,0x6e,0x73,0x6f,0x72,0x5f,0x6f,0x70,0x65,0x72,0x61,0x74,0x69,0x6f,0x6e,
    0x36,0x64,0x65,0x76,0x69,0x63,0x65,0x34,0x33,0x44,0x65,0x76,0x69,0x63,0x65,0x47,
    0x72,0x6f,0x75,0x70,0x65,0x64,0x43,0x6f,0x6e,0x76,0x46,0x77,0x64,0x4d,0x75,0x6c,
    0x74,0x69,0x70,0x6c,0x65,0x44,0x5f,0x57,0x6d,0x6d,0x61,0x5f,0x43,0x53,0x68,0x75,
    0x66,0x66,0x6c,0x65,0x49,0x4c,0x69,0x32,0x45,0x4e,0x53,0x5f,0x31,0x33,0x74,0x65,
    0x6e,0x73,0x6f,0x72,0x5f,0x6c,0x61,0x79,0x6f,0x75,0x74,0x31,0x31,0x63,0x6f,0x6e,
    0x76,0x6f,0x6c,0x75,0x74,0x69,0x6f,0x6e,0x37,0x47,0x5f,0x4e,0x48,0x57,0x5f,0x43,
    0x45,0x4e,0x53,0x35,0x5f,0x38,0x47,0x5f,0x4b,0x5f,0x59,0x58,0x5f,0x43,0x45,0x4e,
    0x53,0x5f,0x35,0x54,0x75,0x70,0x6c,0x65,0x49,0x4a,0x4e,0x53,0x35,0x5f,0x33,0x47,
    0x5f,0x4b,0x45,0x45,0x45,0x45,0x4e,0x53,0x35,0x5f,0x37,0x47,0x5f,0x4e,0x48,0x57,
    0x5f,0x4b,0x45,0x44,0x46,0x31,0x36,0x5f,0x44,0x46,0x31,0x36,0x5f,0x66,0x44,0x46,
    0x31,0x36,0x5f,0x4e,0x53,0x38,0x5f,0x49,0x4a,0x44,0x46,0x31,0x36,0x5f,0x45,0x45,
    0x45,0x44,0x46,0x31,0x36,0x5f,0x4e,0x53,0x31,0x5f,0x31,0x32,0x65,0x6c,0x65,0x6d,
    0x65,0x6e,0x74,0x5f,0x77,0x69,0x73,0x65,0x31,0x31,0x50,0x61,0x73,0x73,0x54,0x68,
    0x72,0x6f,0x75,0x67,0x68,0x45,0x53,0x45,0x5f,0x4e,0x53,0x44,0x5f,0x37,0x41,0x64,
    0x64,0x52,0x65,0x6c,0x75,0x45,0x4c,0x4e,0x53,0x32,0x5f,0x33,0x32,0x43,0x6f,0x6e,
    0x76,0x6f,0x6c,0x75,0x74,0x69,0x6f,0x6e,0x46,0x6f,0x72,0x77,0x61,0x72,0x64,0x53,
    0x70,0x65,0x63,0x69,0x61,0x6c,0x69,0x7a,0x61,0x74,0x69,0x6f,0x6e,0x45,0x30,0x45,
    0x4c,0x4e,0x53,0x32,0x5f,0x31,0x38,0x47,0x65,0x6d,0x6d,0x53,0x70,0x65,0x63,0x69,
    0x61,0x6c,0x69,0x7a,0x61,0x74,0x69,0x6f,0x6e,0x45,0x37,0x45,0x4c,0x69,0x31,0x45,
    0x4c,0x69,0x31,0x32,0x38,0x45,0x4c,0x69,0x36,0x34,0x45,0x4c,0x69,0x36,0x34,0x45,
    0x4c,0x69,0x36,0x34,0x45,0x4c,0x69,0x38,0x45,0x4c,0x69,0x31,0x36,0x45,0x4c,0x69,
    0x31,0x36,0x45,0x4c,0x69,0x34,0x45,0x4c,0x69,0x31,0x45,0x4e,0x53,0x5f,0x38,0x53,
    0x65,0x71,0x75,0x65,0x6e,0x63,0x65,0x49,0x4a,0x4c,0x69,0x34,0x45,0x4c,0x69,0x33,
    0x32,0x45,0x4c,0x69,0x31,0x45,0x45,0x45,0x45,0x4e,0x53,0x49,0x5f,0x49,0x4a,0x4c,
    0x69,0x31,0x45,0x4c,0x69,0x30,0x45,0x4c,0x69,0x32,0x45,0x45,0x45,0x45,0x53,0x4b,
    0x5f,0x4c,0x69,0x32,0x45,0x4c,0x69,0x38,0x45,0x4c,0x69,0x38,0x45,0x4c,0x62,0x31,
    0x45,0x53,0x4a,0x5f,0x53,0x4b,0x5f,0x53,0x4b,0x5f,0x4c,0x69,0x32,0x45,0x4c,0x69,
    0x38,0x45,0x4c,0x69,0x38,0x45,0x4c,0x62,0x31,0x45,0x4c,0x69,0x31,0x45,0x4c,0x69,
    0x31,0x45,0x4e,0x53,0x49,0x5f,0x49,0x4a,0x4c,0x69,0x31,0x45,0x4c,0x69,0x31,0x36,
    0x45,0x4c,0x69,0x31,0x45,0x4c,0x69,0x38,0x45,0x45,0x45,0x45,0x4c,0x69,0x38,0x45,
    0x4c,0x4e,0x53,0x5f,0x31,0x33,0x4c,0x6f,0x6f,0x70,0x53,0x63,0x68,0x65,0x64,0x75,
    0x6c,0x65,0x72,0x45,0x30,0x45,0x4c,0x4e,0x53,0x5f,0x31,0x35,0x50,0x69,0x70,0x65,
    0x6c,0x69,0x6e,0x65,0x56,0x65,0x72,0x73,0x69,0x6f,0x6e,0x45,0x30,0x45,0x45,0x45,
    0x53,0x36,0x5f,0x53,0x37,0x5f,0x53,0x42,0x5f,0x53,0x43,0x5f,0x4e,0x53,0x5f,0x32,
    0x36,0x47,0x72,0x69,0x64,0x77,0x69,0x73,0x65,0x47,0x65,0x6d,0x6d,0x4d,0x75,0x6c,
    0x74,0x69,0x70,0x6c,0x65,0x44,0x5f,0x57,0x6d,0x6d,0x61,0x49,0x44,0x46,0x31,0x36,
    0x5f,0x44,0x46,0x31,0x36,0x5f,0x66,0x44,0x46,0x31,0x36,0x5f,0x53,0x43,0x5f,0x44,
    0x46,0x31,0x36,0x5f,0x4e,0x53,0x5f,0x31,0x36,0x54,0x65,0x6e,0x73,0x6f,0x72,0x44,
    0x65,0x73,0x63,0x72,0x69,0x70,0x74,0x6f,0x72,0x49,0x4e,0x53,0x38,0x5f,0x49,0x4a,
    0x4e,0x53,0x5f,0x35,0x45,0x6d,0x62,0x65,0x64,0x49,0x4e,0x53,0x38,0x5f,0x49,0x4a,
    0x69,0x69,0x69,0x69,0x45,0x45,0x45,0x4e,0x53,0x38,0x5f,0x49,0x4a,0x69,0x69,0x69,
    0x4e,0x53,0x5f,0x31,0x37,0x69,0x6e,0x74,0x65,0x67,0x72,0x61,0x6c,0x5f,0x63,0x6f,
    0x6e,0x73,0x74,0x61,0x6e,0x74,0x49,0x69,0x4c,0x69,0x31,0x45,0x45,0x45,0x45,0x45,
    0x45,0x4c,0x62,0x30,0x45,0x45,0x45,0x4e,0x53,0x5f,0x31,0x31,0x50,0x61,0x73,0x73,
    0x54,0x68,0x72,0x6f,0x75,0x67,0x68,0x49,0x69,0x45,0x45,0x4e,0x53,0x5f,0x33,0x50,
    0x61,0x64,0x49,0x69,0x69,0x69,0x4c,0x62,0x30,0x45,0x45,0x45,0x53,0x31,0x30,0x5f,
    0x53,0x59,0x5f,0x53,0x59,0x5f,0x4e,0x53,0x52,0x5f,0x49,0x4e,0x53,0x38,0x5f,0x49,
    0x4a,0x69,0x69,0x45,0x45,0x45,0x53,0x31,0x31,0x5f,0x4c,0x62,0x30,0x45,0x45,0x45,
    0x53,0x31,0x32,0x5f,0x53,0x59,0x5f,0x4e,0x53,0x5f,0x32,0x33,0x4d,0x65,0x72,0x67,
    0x65,0x5f,0x76,0x32,0x5f,0x6d,0x61,0x67,0x69,0x63,0x5f,0x64,0x69,0x76,0x69,0x73,
    0x69,0x6f,0x6e,0x49,0x4e,0x53,0x38,0x5f,0x49,0x4a,0x69,0x69,0x69,0x45,0x45,0x45,
    0x45,0x45,0x53,0x31,0x35,0x5f,0x4e,0x53,0x5f,0x38,0x52,0x69,0x67,0x68,0x74,0x50,
    0x61,0x64,0x49,0x69,0x69,0x4c,0x62,0x30,0x45,0x45,0x45,0x53,0x31,0x37,0x5f,0x4e,
    0x53,0x5f,0x37,0x55,0x6e,0x4d,0x65,0x72,0x67,0x65,0x49,0x4e,0x53,0x38,0x5f,0x49,
    0x4a,0x69,0x4e,0x53,0x54,0x5f,0x49,0x69,0x4c,0x69,0x38,0x45,0x45,0x45,0x45,0x45,
    0x45,0x4c,0x62,0x30,0x45,0x45,0x45,0x53,0x59,0x5f,0x45,0x45,0x45,0x4e,0x53,0x38,
    0x5f,0x49,0x4a,0x4e,0x53,0x49,0x5f,0x49,0x4a,0x4c,0x69,0x30,0x45,0x45,0x45,0x45,
    0x4e,0x53,0x49,0x5f,0x49,0x4a,0x4c,0x69,0x31,0x45,0x45,0x45,0x45,0x4e,0x53,0x49,
    0x5f,0x49,0x4a,0x4c,0x69,0x32,0x45,0x45,0x45,0x45,0x4e,0x53,0x49,0x5f,0x49,0x4a,
    0x4c,0x69,0x33,0x45,0x45,0x45,0x45,0x4e,0x53,0x49,0x5f,0x49,0x4a,0x4c,0x69,0x34,
    0x45,0x45,0x45,0x45,0x4e,0x53,0x49,0x5f,0x49,0x4a,0x4c,0x69,0x35,0x45,0x45,0x45,
    0x45,0x4e,0x53,0x49,0x5f,0x49,0x4a,0x4c,0x69,0x36,0x45,0x45,0x45,0x45,0x4e,0x53,
    0x49,0x5f,0x49,0x4a,0x4c,0x69,0x37,0x45,0x45,0x45,0x45,0x4e,0x53,0x49,0x5f,0x49,
    0x4a,0x4c,0x69,0x38,0x45,0x45,0x45,0x45,0x4e,0x53,0x49,0x5f,0x49,0x4a,0x4c,0x69,
    0x39,0x45,0x4c,0x69,0x31,0x31,0x45,0x4c,0x69,0x31,0x33,0x45,0x45,0x45,0x45,0x4e,
    0x53,0x49,0x5f,0x49,0x4a,0x4c,0x69,0x31,0x30,0x45,0x4c,0x69,0x31,0x32,0x45,0x4c,
    0x69,0x31,0x34,0x45,0x45,0x45,0x45,0x4e,0x53,0x49,0x5f,0x49,0x4a,0x4c,0x69,0x31,
    0x35,0x45,0x45,0x45,0x45,0x4e,0x53,0x49,0x5f,0x49,0x4a,0x4c,0x69,0x31,0x36,0x45,
    0x45,0x45,0x45,0x4e,0x53,0x49,0x5f,0x49,0x4a,0x4c,0x69,0x31,0x38,0x45,0x45,0x45,
    0x45,0x4e,0x53,0x49,0x5f,0x49,0x4a,0x4c,0x69,0x31,0x37,0x45,0x45,0x45,0x45,0x45,
    0x45,0x45,0x4e,0x53,0x38,0x5f,0x49,0x4a,0x4e,0x53,0x49,0x5f,0x49,0x4a,0x4c,0x69,
    0x31,0x45,0x4c,0x69,0x32,0x45,0x4c,0x69,0x33,0x45,0x4c,0x69,0x34,0x45,0x45,0x45,
    0x45,0x53,0x31,0x49,0x5f,0x53,0x31,0x4a,0x5f,0x53,0x31,0x4b,0x5f,0x53,0x31,0x4c,
    0x5f,0x4e,0x53,0x49,0x5f,0x49,0x4a,0x4c,0x69,0x39,0x45,0x45,0x45,0x45,0x4e,0x53,
    0x49,0x5f,0x49,0x4a,0x4c,0x69,0x31,0x30,0x45,0x4c,0x69,0x31,0x31,0x45,0x45,0x45,
    0x45,0x4e,0x53,0x49,0x5f,0x49,0x4a,0x4c,0x69,0x31,0x32,0x45,0x4c,0x69,0x31,0x33,
    0x45,0x45,0x45,0x45,0x4e,0x53,0x49,0x5f,0x49,0x4a,0x4c,0x69,0x31,0x34,0x45,0x45,
    0x45,0x45,0x53,0x31,0x4f,0x5f,0x53,0x31,0x50,0x5f,0x53,0x31,0x52,0x5f,0x53,0x31,
    0x51,0x5f,0x4e,0x53,0x49,0x5f,0x49,0x4a,0x4c,0x69,0x31,0x39,0x45,0x4c,0x69,0x32,
    0x30,0x45,0x45,0x45,0x45,0x4e,0x53,0x49,0x5f,0x49,0x4a,0x4c,0x69,0x32,0x31,0x45,
    0x45,0x45,0x45,0x45,0x45,0x45,0x4e,0x53,0x49,0x5f,0x49,0x4a,0x4c,0x69,0x31,0x39,
    0x45,0x4c,0x69,0x32,0x31,0x45,0x4c,0x69,0x32,0x30,0x45,0x45,0x45,0x45,0x78,0x45,
    0x45,0x4e,0x53,0x51,0x5f,0x49,0x4e,0x53,0x38,0x5f,0x49,0x4a,0x4e,0x53,0x52,0x5f,
    0x49,0x53,0x31,0x34,0x5f,0x4e,0x53,0x38,0x5f,0x49,0x4a,0x69,0x69,0x53,0x55,0x5f,
    0x45,0x45,0x45,0x4c,0x62,0x30,0x45,0x45,0x45,0x53,0x59,0x5f,0x4e,0x53,0x31,0x33,
    0x5f,0x49,0x53,0x31,0x31,0x5f,0x45,0x45,0x53,0x31,0x37,0x5f,0x53,0x31,0x37,0x5f,
    0x53,0x31,0x42,0x5f,0x53,0x59,0x5f,0x45,0x45,0x45,0x4e,0x53,0x38,0x5f,0x49,0x4a,
    0x53,0x31,0x44,0x5f,0x53,0x31,0x45,0x5f,0x4e,0x53,0x49,0x5f,0x49,0x4a,0x4c,0x69,
    0x32,0x45,0x4c,0x69,0x33,0x45,0x45,0x45,0x45,0x53,0x31,0x48,0x5f,0x53,0x31,0x49,
    0x5f,0x53,0x31,0x4b,0x5f,0x53,0x31,0x4a,0x5f,0x45,0x45,0x45,0x4e,0x53,0x38,0x5f,
    0x49,0x4a,0x4e,0x53,0x49,0x5f,0x49,0x4a,0x4c,0x69,0x31,0x45,0x4c,0x69,0x32,0x45,
    0x4c,0x69,0x33,0x45,0x45,0x45,0x45,0x53,0x31,0x48,0x5f,0x53,0x31,0x49,0x5f,0x53,
    0x31,0x4a,0x5f,0x53,0x31,0x4b,0x5f,0x4e,0x53,0x49,0x5f,0x49,0x4a,0x4c,0x69,0x38,
    0x45,0x4c,0x69,0x39,0x45,0x45,0x45,0x45,0x4e,0x53,0x49,0x5f,0x49,0x4a,0x4c,0x69,
    0x31,0x30,0x45,0x45,0x45,0x45,0x45,0x45,0x45,0x4e,0x53,0x49,0x5f,0x49,0x4a,0x4c,
    0x69,0x38,0x45,0x4c,0x69,0x31,0x30,0x45,0x4c,0x69,0x39,0x45,0x45,0x45,0x45,0x78,
    0x45,0x45,0x4e,0x53,0x38,0x5f,0x49,0x4a,0x4e,0x53,0x51,0x5f,0x49,0x4e,0x53,0x38,
    0x5f,0x49,0x4a,0x4e,0x53,0x52,0x5f,0x49,0x53,0x31,0x31,0x5f,0x4e,0x53,0x38,0x5f,
    0x49,0x4a,0x4e,0x53,0x54,0x5f,0x49,0x69,0x4c,0x69,0x30,0x45,0x45,0x45,0x69,0x45,
    0x45,0x45,0x4c,0x62,0x30,0x45,0x45,0x45,0x53,0x31,0x37,0x5f,0x53,0x31,0x37,0x5f,
    0x45,0x45,0x45,0x4e,0x53,0x38,0x5f,0x49,0x4a,0x53,0x31,0x44,0x5f,0x53,0x31,0x45,
    0x5f,0x53,0x31,0x46,0x5f,0x45,0x45,0x45,0x4e,0x53,0x38,0x5f,0x49,0x4a,0x4e,0x53,
    0x49,0x5f,0x49,0x4a,0x4c,0x69,0x31,0x45,0x4c,0x69,0x32,0x45,0x45,0x45,0x45,0x53,
    0x31,0x47,0x5f,0x53,0x31,0x48,0x5f,0x45,0x45,0x45,0x4e,0x53,0x49,0x5f,0x49,0x4a,
    0x4c,0x69,0x33,0x45,0x4c,0x69,0x34,0x45,0x45,0x45,0x45,0x78,0x45,0x45,0x45,0x45,
    0x45,0x4e,0x53,0x51,0x5f,0x49,0x4e,0x53,0x38,0x5f,0x49,0x4a,0x4e,0x53,0x52,0x5f,
    0x49,0x53,0x31,0x31,0x5f,0x4e,0x53,0x38,0x5f,0x49,0x4a,0x69,0x53,0x55,0x5f,0x45,
    0x45,0x45,0x4c,0x62,0x30,0x45,0x45,0x45,0x53,0x31,0x37,0x5f,0x53,0x31,0x37,0x5f,
    0x45,0x45,0x45,0x53,0x32,0x4a,0x5f,0x53,0x32,0x4c,0x5f,0x53,0x32,0x4d,0x5f,0x78,
    0x45,0x45,0x53,0x45,0x5f,0x53,0x45,0x5f,0x53,0x46,0x5f,0x4c,0x4e,0x53,0x5f,0x32,
    0x35,0x49,0x6e,0x4d,0x65,0x6d,0x6f,0x72,0x79,0x44,0x61,0x74,0x61,0x4f,0x70,0x65,
    0x72,0x61,0x74,0x69,0x6f,0x6e,0x45,0x6e,0x75,0x6d,0x45,0x30,0x45,0x4c,0x69,0x36,
    0x34,0x45,0x4c,0x69,0x36,0x34,0x45,0x4c,0x69,0x36,0x34,0x45,0x4c,0x69,0x31,0x36,
    0x45,0x4c,0x69,0x31,0x36,0x45,0x4c,0x69,0x38,0x45,0x4c,0x69,0x34,0x45,0x4c,0x69,
    0x31,0x45,0x4c,0x69,0x31,0x32,0x38,0x45,0x53,0x4a,0x5f,0x53,0x4b,0x5f,0x53,0x4b,
    0x5f,0x4c,0x69,0x32,0x45,0x4c,0x69,0x38,0x45,0x4c,0x69,0x38,0x45,0x4c,0x62,0x30,
    0x45,0x4c,0x62,0x31,0x45,0x4c,0x62,0x31,0x45,0x53,0x4a,0x5f,0x53,0x4b,0x5f,0x53,
    0x4b,0x5f,0x4c,0x69,0x32,0x45,0x4c,0x69,0x38,0x45,0x4c,0x69,0x38,0x45,0x4c,0x62,
    0x30,0x45,0x4c,0x62,0x31,0x45,0x4c,0x62,0x31,0x45,0x4c,0x69,0x31,0x45,0x4c,0x69,
    0x31,0x45,0x53,0x4c,0x5f,0x4c,0x69,0x38,0x45,0x4c,0x69,0x31,0x45,0x4c,0x53,0x4d,
    0x5f,0x30,0x45,0x4c,0x53,0x4e,0x5f,0x30,0x45,0x45,0x45,0x44,0x46,0x31,0x36,0x5f,
    0x44,0x46,0x31,0x36,0x5f,0x4e,0x53,0x38,0x5f,0x49,0x4a,0x50,0x4b,0x44,0x46,0x31,
    0x36,0x5f,0x45,0x45,0x45,0x44,0x46,0x31,0x36,0x5f,0x53,0x45,0x5f,0x53,0x45,0x5f,
    0x53,0x46,0x5f,0x53,0x32,0x32,0x5f,0x53,0x32,0x45,0x5f,0x4e,0x53,0x38,0x5f,0x49,
    0x4a,0x4e,0x53,0x51,0x5f,0x49,0x4e,0x53,0x38,0x5f,0x49,0x4a,0x53,0x32,0x48,0x5f,
    0x53,0x31,0x37,0x5f,0x53,0x31,0x37,0x5f,0x4e,0x53,0x31,0x38,0x5f,0x49,0x4e,0x53,
    0x38,0x5f,0x49,0x4a,0x69,0x4e,0x53,0x54,0x5f,0x49,0x69,0x4c,0x69,0x36,0x34,0x45,
    0x45,0x45,0x45,0x45,0x45,0x4c,0x62,0x30,0x45,0x45,0x45,0x53,0x33,0x30,0x5f,0x45,
    0x45,0x45,0x4e,0x53,0x38,0x5f,0x49,0x4a,0x53,0x31,0x44,0x5f,0x53,0x31,0x45,0x5f,
    0x53,0x31,0x46,0x5f,0x53,0x31,0x47,0x5f,0x53,0x31,0x48,0x5f,0x45,0x45,0x45,0x4e,
    0x53,0x38,0x5f,0x49,0x4a,0x53,0x32,0x4b,0x5f,0x53,0x31,0x47,0x5f,0x53,0x31,0x48,
    0x5f,0x4e,0x53,0x49,0x5f,0x49,0x4a,0x4c,0x69,0x35,0x45,0x4c,0x69,0x36,0x45,0x45,
    0x45,0x45,0x4e,0x53,0x49,0x5f,0x49,0x4a,0x4c,0x69,0x37,0x45,0x4c,0x69,0x38,0x45,
    0x45,0x45,0x45,0x45,0x45,0x45,0x4e,0x53,0x49,0x5f,0x49,0x4a,0x4c,0x69,0x35,0x45,
    0x4c,0x69,0x36,0x45,0x4c,0x69,0x37,0x45,0x4c,0x69,0x38,0x45,0x45,0x45,0x45,0x78,
    0x45,0x45,0x45,0x45,0x45,0x4e,0x53,0x51,0x5f,0x49,0x4e,0x53,0x38,0x5f,0x49,0x4a,
    0x53,0x32,0x51,0x5f,0x53,0x31,0x37,0x5f,0x53,0x31,0x37,0x5f,0x53,0x33,0x30,0x5f,
    0x53,0x33,0x30,0x5f,0x45,0x45,0x45,0x53,0x33,0x32,0x5f,0x53,0x33,0x35,0x5f,0x53,
    0x33,0x36,0x5f,0x78,0x45,0x45,0x4e,0x53,0x5f,0x33,0x31,0x42,0x6c,0x6f,0x63,0x6b,
    0x54,0x6f,0x43,0x54,0x69,0x6c,0x65,0x4d,0x61,0x70,0x5f,0x4d,0x30,0x30,0x5f,0x4e,
    0x30,0x5f,0x4d,0x30,0x31,0x41,0x64,0x61,0x70,0x74,0x49,0x4c,0x69,0x36,0x34,0x45,
    0x4c,0x69,0x36,0x34,0x45,0x53,0x32,0x53,0x5f,0x45,0x45,0x4e,0x53,0x32,0x5f,0x33,
    0x30,0x43,0x6f,0x6d,0x70,0x75,0x74,0x65,0x50,0x74,0x72,0x4f,0x66,0x66,0x73,0x65,
    0x74,0x4f,0x66,0x53,0x74,0x72,0x69,0x64,0x65,0x64,0x42,0x61,0x74,0x63,0x68,0x49,
    0x4c,0x69,0x31,0x45,0x4c,0x69,0x31,0x45,0x4c,0x69,0x31,0x45,0x76,0x45,0x45,0x4c,
    0x69,0x31,0x45,0x4c,0x69,0x32,0x45,0x4c,0x62,0x31,0x45,0x45,0x45,0x76,0x50,0x50,
    0x4b,0x54,0x35,0x5f,0x50,0x50,0x4b,0x54,0x36,0x5f,0x50,0x50,0x54,0x38,0x5f,0x50,
    0x50,0x4b,0x76,0x69,0x69,0x69,0x69,0x69,0x69,0x69,0x69,0x69,0x69,0x69,0x69,0x69,
    0x69,0x69,0x69,0x69,0x69,0x00,0x2e,0x72,0x6f,0x64,0x61,0x74,0x61,0x2e,0x5f,0x5a,
    0x54,0x43,0x53,0x64,0x30,0x5f,0x53,0x69,0x00,0x2e,0x72,0x6f,0x64,0x61,0x74,0x61,
    0x2e,0x5f,0x5a,0x54,0x56,0x53,0x69,0x00,0x2e,0x6c,0x6c,0x76,0x6d,0x5f,0x61,0x64,
    0x64,0x72,0x73,0x69,0x67,0x00,0x2e,0x6e,0x6f,0x74,0x65,0x00,0x5f,0x5a,0x4e,0x32,
    0x63,0x6b,0x34,0x34,0x6b,0x65,0x72,0x6e,0x65,0x6c,0x5f,0x67,0x72,0x6f,0x75,0x70,
    0x65,0x64,0x5f,0x63,0x6f,0x6e,0x76,0x5f,0x6d,0x75,0x6c,0x74,0x69,0x70,0x6c,0x65,
    0x5f,0x64,0x5f,0x77,0x6d,0x6d,0x61,0x5f,0x63,0x73,0x68,0x75,0x66,0x66,0x6c,0x65,
    0x49,0x4e,0x53,0x5f,0x31,0x36,0x74,0x65,0x6e,0x73,0x6f,0x72,0x5f,0x6f,0x70,0x65,
    0x72,0x61,0x74,0x69,0x6f,0x6e,0x36,0x64,0x65,0x76,0x69,0x63,0x65,0x34,0x33,0x44,
    0x65,0x76,0x69,0x63,0x65,0x47,0x72,0x6f,0x75,0x70,0x65,0x64,0x43,0x6f,0x6e,0x76,
    0x46,0x77,0x64,0x4d,0x75,0x6c,0x74,0x69,0x70,0x6c,0x65,0x44,0x5f,0x57,0x6d,0x6d,
    0x61,0x5f,0x43,0x53,0x68,0x75,0x66,0x66,0x6c,0x65,0x49,0x4c,0x69,0x32,0x45,0x4e,
    0x53,0x5f,0x31,0x33,0x74,0x65,0x6e,0x73,0x6f,0x72,0x5f,0x6c,0x61,0x79,0x6f,0x75,
    0x74,0x31,0x31,0x63,0x6f,0x6e,0x76,0x6f,0x6c,0x75,0x74,0x69,0x6f,0x6e,0x37,0x47,
    0x5f,0x4e,0x48,0x57,0x5f,0x43,0x45,0x4e,0x53,0x35,0x5f,0x38,0x47,0x5f,0x4b,0x5f,
    0x59,0x58,0x5f,0x43,0x45,0x4e,0x53,0x5f,0x35,0x54,0x75,0x70,0x6c,0x65,0x49,0x4a,
    0x4e,0x53,0x35,0x5f,0x33,0x47,0x5f,0x4b,0x45,0x45,0x45,0x45,0x4e,0x53,0x35,0x5f,
    0x37,0x47,0x5f,0x4e,0x48,0x57,0x5f,0x4b,0x45,0x44,0x46,0x31,0x36,0x5f,0x44,0x46,
    0x31,0x36,0x5f,0x66,0x44,0x46,0x31,0x36,0x5f,0x4e,0x53,0x38,0x5f,0x49,0x4a,0x44,
    0x46,0x31,0x36,0x5f,0x45,0x45,0x45,0x44,0x46,0x31,0x36,0x5f,0x4e,0x53,0x31,0x5f,
    0x31,0x32,0x65,0x6c,0x65,0x6d,0x65,0x6e,0x74,0x5f,0x77,0x69,0x73,0x65,0x31,0x31,
    0x50,0x61,0x73,0x73,0x54,0x68,0x72,0x6f,0x75,0x67,0x68,0x45,0x53,0x45,0x5f,0x4e,
    0x53,0x44,0x5f,0x37,0x41,0x64,0x64,0x52,0x65,0x6c,0x75,0x45,0x4c,0x4e,0x53,0x32,
    0x5f,0x33,0x32,0x43,0x6f,0x6e,0x76,0x6f,0x6c,0x75,0x74,0x69,0x6f,0x6e,0x46,0x6f,
    0x72,0x77,0x61,0x72,0x64,0x53,0x70,0x65,0x63,0x69,0x61,0x6c,0x69,0x7a,0x61,0x74,
    0x69,0x6f,0x6e,0x45,0x30,0x45,0x4c,0x4e,0x53,0x32,0x5f,0x31,0x38,0x47,0x65,0x6d,
    0x6d,0x53,0x70,0x65,0x63,0x69,0x61,0x6c,0x69,0x7a,0x61,0x74,0x69,0x6f,0x6e,0x45,
    0x37,0x45,0x4c,0x69,0x31,0x45,0x4c,0x69,0x31,0x32,0x38,0x45,0x4c,0x69,0x36,0x34,
    0x45,0x4c,0x69,0x36,0x34,0x45,0x4c,0x69,0x36,0x34,0x45,0x4c,0x69,0x38,0x45,0x4c,
    0x69,0x31,0x36,0x45,0x4c,0x69,0x31,0x36,0x45,0x4c,0x69,0x34,0x45,0x4c,0x69,0x31,
    0x45,0x4e,0x53,0x5f,0x38,0x53,0x65,0x71,0x75,0x65,0x6e,0x63,0x65,0x49,0x4a,0x4c,
    0x69,0x34,0x45,0x4c,0x69,0x33,0x32,0x45,0x4c,0x69,0x31,0x45,0x45,0x45,0x45,0x4e,
    0x53,0x49,0x5f,0x49,0x4a,0x4c,0x69,0x31,0x45,0x4c,0x69,0x30,0x45,0x4c,0x69,0x32,
    0x45,0x45,0x45,0x45,0x53,0x4b,0x5f,0x4c,0x69,0x32,0x45,0x4c,0x69,0x38,0x45,0x4c,
    0x69,0x38,0x45,0x4c,0x62,0x31,0x45,0x53,0x4a,0x5f,0x53,0x4b,0x5f,0x53,0x4b,0x5f,
    0x4c,0x69,0x32,0x45,0x4c,0x69,0x38,0x45,0x4c,0x69,0x38,0x45,0x4c,0x62,0x31,0x45,
    0x4c,0x69,0x31,0x45,0x4c,0x69,0x31,0x45,0x4e,0x53,0x49,0x5f,0x49,0x4a,0x4c,0x69,
    0x31,0x45,0x4c,0x69,0x31,0x36,0x45,0x4c,0x69,0x31,0x45,0x4c,0x69,0x38,0x45,0x45,
    0x45,0x45,0x4c,0x69,0x38,0x45,0x4c,0x4e,0x53,0x5f,0x31,0x33,0x4c,0x6f,0x6f,0x70,
    0x53,0x63,0x68,0x65,0x64,0x75,0x6c,0x65,0x72,0x45,0x30,0x45,0x4c,0x4e,0x53,0x5f,
    0x31,0x35,0x50,0x69,0x70,0x65,0x6c,0x69,0x6e,0x65,0x56,0x65,0x72,0x73,0x69,0x6f,
    0x6e,0x45,0x30,0x45,0x45,0x45,0x53,0x36,0x5f,0x53,0x37,0x5f,0x53,0x42,0x5f,0x53,
    0x43,0x5f,0x4e,0x53,0x5f,0x32,0x36,0x47,0x72,0x69,0x64,0x77,0x69,0x73,0x65,0x47,
    0x65,0x6d,0x6d,0x4d,0x75,0x6c,0x74,0x69,0x70,0x6c,0x65,0x44,0x5f,0x57,0x6d,0x6d,
    0x61,0x49,0x44,0x46,0x31,0x36,0x5f,0x44,0x46,0x31,0x36,0x5f,0x66,0x44,0x46,0x31,
    0x36,0x5f,0x53,0x43,0x5f,0x44,0x46,0x31,0x36,0x5f,0x4e,0x53,0x5f,0x31,0x36,0x54,
    0x65,0x6e,0x73,0x6f,0x72,0x44,0x65,0x73,0x63,0x72,0x69,0x70,0x74,0x6f,0x72,0x49,
    0x4e,0x53,0x38,0x5f,0x49,0x4a,0x4e,0x53,0x5f,0x35,0x45,0x6d,0x62,0x65,0x64,0x49,
    0x4e,0x53,0x38,0x5f,0x49,0x4a,0x69,0x69,0x69,0x69,0x45,0x45,0x45,0x4e,0x53,0x38,
    0x5f,0x49,0x4a,0x69,0x69,0x69,0x4e,0x53,0x5f,0x31,0x37,0x69,0x6e,0x74,0x65,0x67,
    0x72,0x61,0x6c,0x5f,0x63,0x6f,0x6e,0x73,0x74,0x61,0x6e,0x74,0x49,0x69,0x4c,0x69,
    0x31,0x45,0x45,0x45,0x45,0x45,0x45,0x4c,0x62,0x30,0x45,0x45,0x45,0x4e,0x53,0x5f,
    0x31,0x31,0x50,0x61,0x73,0x73,0x54,0x68,0x72,0x6f,0x75,0x67,0x68,0x49,0x69,0x45,
    0x45,0x4e,0x53,0x5f,0x33,0x50,0x61,0x64,0x49,0x69,0x69,0x69,0x4c,0x62,0x30,0x45,
    0x45,0x45,0x53,0x31,0x30,0x5f,0x53,0x59,0x5f,0x53,0x59,0x5f,0x4e,0x53,0x52,0x5f,
    0x49,0x4e,0x53,0x38,0x5f,0x49,0x4a,0x69,0x69,0x45,0x45,0x45,0x53,0x31,0x31,0x5f,
    0x4c,0x62,0x30,0x45,0x45,0x45,0x53,0x31,0x32,0x5f,0x53,0x59,0x5f,0x4e,0x53,0x5f,
    0x32,0x33,0x4d,0x65,0x72,0x67,0x65,0x5f,0x76,0x32,0x5f,0x6d,0x61,0x67,0x69,0x63,
    0x5f,0x64,0x69,0x76,0x69,0x73,0x69,0x6f,0x6e,0x49,0x4e,0x53,0x38,0x5f,0x49,0x4a,
    0x69,0x69,0x69,0x45,0x45,0x45,0x45,0x45,0x53,0x31,0x35,0x5f,0x4e,0x53,0x5f,0x38,
    0x52,0x69,0x67,0x68,0x74,0x50,0x61,0x64,0x49,0x69,0x69,0x4c,0x62,0x30,0x45,0x45,
    0x45,0x53,0x31,0x37,0x5f,0x4e,0x53,0x5f,0x37,0x55,0x6e,0x4d,0x65,0x72,0x67,0x65,
    0x49,0x4e,0x53,0x38,0x5f,0x49,0x4a,0x69,0x4e,0x53,0x54,0x5f,0x49,0x69,0x4c,0x69,
    0x38,0x45,0x45,0x45,0x45,0x45,0x45,0x4c,0x62,0x30,0x45,0x45,0x45,0x53,0x59,0x5f,
    0x45,0x45,0x45,0x4e,0x53,0x38,0x5f,0x49,0x4a,0x4e,0x53,0x49,0x5f,0x49,0x4a,0x4c,
    0x69,0x30,0x45,0x45,0x45,0x45,0x4e,0x53,0x49,0x5f,0x49,0x4a,0x4c,0x69,0x31,0x45,
    0x45,0x45,0x45,0x4e,0x53,0x49,0x5f,0x49,0x4a,0x4c,0x69,0x32,0x45,0x45,0x45,0x45,
    0x4e,0x53,0x49,0x5f,0x49,0x4a,0x4c,0x69,0x33,0x45,0x45,0x45,0x45,0x4e,0x53,0x49,
    0x5f,0x49,0x4a,0x4c,0x69,0x34,0x45,0x45,0x45,0x45,0x4e,0x53,0x49,0x5f,0x49,0x4a,
    0x4c,0x69,0x35,0x45,0x45,0x45,0x45,0x4e,0x53,0x49,0x5f,0x49,0x4a,0x4c,0x69,0x36,
    0x45,0x45,0x45,0x45,0x4e,0x53,0x49,0x5f,0x49,0x4a,0x4c,0x69,0x37,0x45,0x45,0x45,
    0x45,0x4e,0x53,0x49,0x5f,0x49,0x4a,0x4c,0x69,0x38,0x45,0x45,0x45,0x45,0x4e,0x53,
    0x49,0x5f,0x49,0x4a,0x4c,0x69,0x39,0x45,0x4c,0x69,0x31,0x31,0x45,0x4c,0x69,0x31,
    0x33,0x45,0x45,0x45,0x45,0x4e,0x53,0x49,0x5f,0x49,0x4a,0x4c,0x69,0x31,0x30,0x45,
    0x4c,0x69,0x31,0x32,0x45,0x4c,0x69,0x31,0x34,0x45,0x45,0x45,0x45,0x4e,0x53,0x49,
    0x5f,0x49,0x4a,0x4c,0x69,0x31,0x35,0x45,0x45,0x45,0x45,0x4e,0x53,0x49,0x5f,0x49,
    0x4a,0x4c,0x69,0x31,0x36,0x45,0x45,0x45,0x45,0x4e,0x53,0x49,0x5f,0x49,0x4a,0x4c,
    0x69,0x31,0x38,0x45,0x45,0x45,0x45,0x4e,0x53,0x49,0x5f,0x49,0x4a,0x4c,0x69,0x31,
    0x37,0x45,0x45,0x45,0x45,0x45,0x45,0x45,0x4e,0x53,0x38,0x5f,0x49,0x4a,0x4e,0x53,
    0x49,0x5f,0x49,0x4a,0x4c,0x69,0x31,0x45,0x4c,0x69,0x32,0x45,0x4c,0x69,0x33,0x45,
    0x4c,0x69,0x34,0x45,0x45,0x45,0x45,0x53,0x31,0x49,0x5f,0x53,0x31,0x4a,0x5f,0x53,
    0x31,0x4b,0x5f,0x53,0x31,0x4c,0x5f,0x4e,0x53,0x49,0x5f,0x49,0x4a,0x4c,0x69,0x39,
    0x45,0x45,0x45,0x45,0x4e,0x53,0x49,0x5f,0x49,0x4a,0x4c,0x69,0x31,0x30,0x45,0x4c,
    0x69,0x31,0x31,0x45,0x45,0x45,0x45,0x4e,0x53,0x49,0x5f,0x49,0x4a,0x4c,0x69,0x31,
    0x32,0x45,0x4c,0x69,0x31,0x33,0x45,0x45,0x45,0x45,0x4e,0x53,0x49,0x5f,0x49,0x4a,
    0x4c,0x69,0x31,0x34,0x45,0x45,0x45,0x45,0x53,0x31,0x4f,0x5f,0x53,0x31,0x50,0x5f,
    0x53,0x31,0x52,0x5f,0x53,0x31,0x51,0x5f,0x4e,0x53,0x49,0x5f,0x49,0x4a,0x4c,0x69,
    0x31,0x39,0x45,0x4c,0x69,0x32,0x30,0x45,0x45,0x45,0x45,0x4e,0x53,0x49,0x5f,0x49,
    0x4a,0x4c,0x69,0x32,0x31,0x45,0x45,0x45,0x45,0x45,0x45,0x45,0x4e,0x53,0x49,0x5f,
    0x49,0x4a,0x4c,0x69,0x31,0x39,0x45,0x4c,0x69,0x32,0x31,0x45,0x4c,0x69,0x32,0x30,
    0x45,0x45,0x45,0x45,0x78,0x45,0x45,0x4e,0x53,0x51,0x5f,0x49,0x4e,0x53,0x38,0x5f,
    0x49,0x4a,0x4e,0x53,0x52,0x5f,0x49,0x53,0x31,0x34,0x5f,0x4e,0x53,0x38,0x5f,0x49,
    0x4a,0x69,0x69,0x53,0x55,0x5f,0x45,0x45,0x45,0x4c,0x62,0x30,0x45,0x45,0x45,0x53,
    0x59,0x5f,0x4e,0x53,0x31,0x33,0x5f,0x49,0x53,0x31,0x31,0x5f,0x45,0x45,0x53,0x31,
    0x37,0x5f,0x53,0x31,0x37,0x5f,0x53,0x31,0x42,0x5f,0x53,0x59,0x5f,0x45,0x45,0x45,
    0x4e,0x53,0x38,0x5f,0x49,0x4a,0x53,0x31,0x44,0x5f,0x53,0x31,0x45,0x5f,0x4e,0x53,
    0x49,0x5f,0x49,0x4a,0x4c,0x69,0x32,0x45,0x4c,0x69,0x33,0x45,0x45,0x45,0x45,0x53,
    0x31,0x48,0x5f,0x53,0x31,0x49,0x5f,0x53,0x31,0x4b,0x5f,0x53,0x31,0x4a,0x5f,0x45,
    0x45,0x45,0x4e,0x53,0x38,0x5f,0x49,0x4a,0x4e,0x53,0x49,0x5f,0x49,0x4a,0x4c,0x69,
    0x31,0x45,0x4c,0x69,0x32,0x45,0x4c,0x69,0x33,0x45,0x45,0x45,0x45,0x53,0x31,0x48,
    0x5f,0x53,0x31,0x49,0x5f,0x53,0x31,0x4a,0x5f,0x53,0x31,0x4b,0x5f,0x4e,0x53,0x49,
    0x5f,0x49,0x4a,0x4c,0x69,0x38,0x45,0x4c,0x69,0x39,0x45,0x45,0x45,0x45,0x4e,0x53,
    0x49,0x5f,0x49,0x4a,0x4c,0x69,0x31,0x30,0x45,0x45,0x45,0x45,0x45,0x45,0x45,0x4e,
    0x53,0x49,0x5f,0x49,0x4a,0x4c,0x69,0x38,0x45,0x4c,0x69,0x31,0x30,0x45,0x4c,0x69,
    0x39,0x45,0x45,0x45,0x45,0x78,0x45,0x45,0x4e,0x53,0x38,0x5f,0x49,0x4a,0x4e,0x53,
    0x51,0x5f,0x49,0x4e,0x53,0x38,0x5f,0x49,0x4a,0x4e,0x53,0x52,0x5f,0x49,0x53,0x31,
    0x31,0x5f,0x4e,0x53,0x38,0x5f,0x49,0x4a,0x4e,0x53,0x54,0x5f,0x49,0x69,0x4c,0x69,
    0x30,0x45,0x45,0x45,0x69,0x45,0x45,0x45,0x4c,0x62,0x30,0x45,0x45,0x45,0x53,0x31,
    0x37,0x5f,0x53,0x31,0x37,0x5f,0x45,0x45,0x45,0x4e,0x53,0x38,0x5f,0x49,0x4a,0x53,
    0x31,0x44,0x5f,0x53,0x31,0x45,0x5f,0x53,0x31,0x46,0x5f,0x45,0x45,0x45,0x4e,0x53,
    0x38,0x5f,0x49,0x4a,0x4e,0x53,0x49,0x5f,0x49,0x4a,0x4c,0x69,0x31,0x45,0x4c,0x69,
    0x32,0x45,0x45,0x45,0x45,0x53,0x31,0x47,0x5f,0x53,0x31,0x48,0x5f,0x45,0x45,0x45,
    0x4e,0x53,0x49,0x5f,0x49,0x4a,0x4c,0x69,0x33,0x45,0x4c,0x69,0x34,0x45,0x45,0x45,
    0x45,0x78,0x45,0x45,0x45,0x45,0x45,0x4e,0x53,0x51,0x5f,0x49,0x4e,0x53,0x38,0x5f,
    0x49,0x4a,0x4e,0x53,0x52,0x5f,0x49,0x53,0x31,0x31,0x5f,0x4e,0x53,0x38,0x5f,0x49,
    0x4a,0x69,0x53,0x55,0x5f,0x45,0x45,0x45,0x4c,0x62,0x30,0x45,0x45,0x45,0x53,0x31,
    0x37,0x5f,0x53,0x31,0x37,0x5f,0x45,0x45,0x45,0x53,0x32,0x4a,0x5f,0x53,0x32,0x4c,
    0x5f,0x53,0x32,0x4d,0x5f,0x78,0x45,0x45,0x53,0x45,0x5f,0x53,0x45,0x5f,0x53,0x46,
    0x5f,0x4c,0x4e,0x53,0x5f,0x32,0x35,0x49,0x6e,0x4d,0x65,0x6d,0x6f,0x72,0x79,0x44,
    0x61,0x74,0x61,0x4f,0x70,0x65,0x72,0x61,0x74,0x69,0x6f,0x6e,0x45,0x6e,0x75,0x6d,
    0x45,0x30,0x45,0x4c,0x69,0x36,0x34,0x45,0x4c,0x69,0x36,0x34,0x45,0x4c,0x69,0x36,
    0x34,0x45,0x4c,0x69,0x31,0x36,0x45,0x4c,0x69,0x31,0x36,0x45,0x4c,0x69,0x38,0x45,
    0x4c,0x69,0x34,0x45,0x4c,0x69,0x31,0x45,0x4c,0x69,0x31,0x32,0x38,0x45,0x53,0x4a,
    0x5f,0x53,0x4b,0x5f,0x53,0x4b,0x5f,0x4c,0x69,0x32,0x45,0x4c,0x69,0x38,0x45,0x4c,
    0x69,0x38,0x45,0x4c,0x62,0x30,0x45,0x4c,0x62,0x31,0x45,0x4c,0x62,0x31,0x45,0x53,
    0x4a,0x5f,0x53,0x4b,0x5f,0x53,0x4b,0x5f,0x4c,0x69,0x32,0x45,0x4c,0x69,0x38,0x45,
    0x4c,0x69,0x38,0x45,0x4c,0x62,0x30,0x45,0x4c,0x62,0x31,0x45,0x4c,0x62,0x31,0x45,
    0x4c,0x69,0x31,0x45,0x4c,0x69,0x31,0x45,0x53,0x4c,0x5f,0x4c,0x69,0x38,0x45,0x4c,
    0x69,0x31,0x45,0x4c,0x53,0x4d,0x5f,0x30,0x45,0x4c,0x53,0x4e,0x5f,0x30,0x45,0x45,
    0x45,0x44,0x46,0x31,0x36,0x5f,0x44,0x46,0x31,0x36,0x5f,0x4e,0x53,0x38,0x5f,0x49,
    0x4a,0x50,0x4b,0x44,0x46,0x31,0x36,0x5f,0x45,0x45,0x45,0x44,0x46,0x31,0x36,0x5f,
    0x53,0x45,0x5f,0x53,0x45,0x5f,0x53,0x46,0x5f,0x53,0x32,0x32,0x5f,0x53,0x32,0x45,
    0x5f,0x4e,0x53,0x38,0x5f,0x49,0x4a,0x4e,0x53,0x51,0x5f,0x49,0x4e,0x53,0x38,0x5f,
    0x49,0x4a,0x53,0x32,0x48,0x5f,0x53,0x31,0x37,0x5f,0x53,0x31,0x37,0x5f,0x4e,0x53,
    0x31,0x38,0x5f,0x49,0x4e,0x53,0x38,0x5f,0x49,0x4a,0x69,0x4e,0x53,0x54,0x5f,0x49,
    0x69,0x4c,0x69,0x36,0x34,0x45,0x45,0x45,0x45,0x45,0x45,0x4c,0x62,0x30,0x45,0x45,
    0x45,0x53,0x33,0x30,0x5f,0x45,0x45,0x45,0x4e,0x53,0x38,0x5f,0x49,0x4a,0x53,0x31,
    0x44,0x5f,0x53,0x31,0x45,0x5f,0x53,0x31,0x46,0x5f,0x53,0x31,0x47,0x5f,0x53,0x31,
    0x48,0x5f,0x45,0x45,0x45,0x4e,0x53,0x38,0x5f,0x49,0x4a,0x53,0x32,0x4b,0x5f,0x53,
    0x31,0x47,0x5f,0x53,0x31,0x48,0x5f,0x4e,0x53,0x49,0x5f,0x49,0x4a,0x4c,0x69,0x35,
    0x45,0x4c,0x69,0x36,0x45,0x45,0x45,0x45,0x4e,0x53,0x49,0x5f,0x49,0x4a,0x4c,0x69,
    0x37,0x45,0x4c,0x69,0x38,0x45,0x45,0x45,0x45,0x45,0x45,0x45,0x4e,0x53,0x49,0x5f,
    0x49,0x4a,0x4c,0x69,0x35,0x45,0x4c,0x69,0x36,0x45,0x4c,0x69,0x37,0x45,0x4c,0x69,
    0x38,0x45,0x45,0x45,0x45,0x78,0x45,0x45,0x45,0x45,0x45,0x4e,0x53,0x51,0x5f,0x49,
    0x4e,0x53,0x38,0x5f,0x49,0x4a,0x53,0x32,0x51,0x5f,0x53,0x31,0x37,0x5f,0x53,0x31,
    0x37,0x5f,0x53,0x33,0x30,0x5f,0x53,0x33,0x30,0x5f,0x45,0x45,0x45,0x53,0x33,0x32,
    0x5f,0x53,0x33,0x35,0x5f,0x53,0x33,0x36,0x5f,0x78,0x45,0x45,0x4e,0x53,0x5f,0x33,
    0x31,0x42,0x6c,0x6f,0x63,0x6b,0x54,0x6f,0x43,0x54,0x69,0x6c,0x65,0x4d,0x61,0x70,
    0x5f,0x4d,0x30,0x30,0x5f,0x4e,0x30,0x5f,0x4d,0x30,0x31,0x41,0x64,0x61,0x70,0x74,
    0x49,0x4c,0x69,0x36,0x34,0x45,0x4c,0x69,0x36,0x34,0x45,0x53,0x32,0x53,0x5f,0x45,
    0x45,0x4e,0x53,0x32,0x5f,0x33,0x30,0x43,0x6f,0x6d,0x70,0x75,0x74,0x65,0x50,0x74,
    0x72,0x4f,0x66,0x66,0x73,0x65,0x74,0x4f,0x66,0x53,0x74,0x72,0x69,0x64,0x65,0x64,
    0x42,0x61,0x74,0x63,0x68,0x49,0x4c,0x69,0x31,0x45,0x4c,0x69,0x31,0x45,0x4c,0x69,
    0x31,0x45,0x76,0x45,0x45,0x4c,0x69,0x31,0x45,0x4c,0x69,0x32,0x45,0x4c,0x62,0x31,
    0x45,0x45,0x45,0x76,0x50,0x50,0x4b,0x54,0x35,0x5f,0x50,0x50,0x4b,0x54,0x36,0x5f,
    0x50,0x50,0x54,0x38,0x5f,0x50,0x50,0x4b,0x76,0x69,0x69,0x69,0x69,0x69,0x69,0x69,
    0x69,0x69,0x69,0x69,0x69,0x69,0x69,0x69,0x69,0x69,0x69,0x2e,0x6b,0x64,0x00,0x2e,
    0x72,0x6f,0x64,0x61,0x74,0x61,0x2e,0x5f,0x5a,0x54,0x56,0x53,0x64,0x00,0x2e,0x73,
    0x74,0x72,0x74,0x61,0x62,0x00,0x2e,0x73,0x79,0x6d,0x74,0x61,0x62,0x00,0x2e,0x41,
    0x4d,0x44,0x47,0x50,0x55,0x2e,0x63,0x73,0x64,0x61,0x74,0x61,0x00,0x2e,0x72,0x65,
    0x6c,0x61,0x2e,0x72,0x6f,0x64,0x61,0x74,0x61,0x00,0x2e,0x72,0x6f,0x64,0x61,0x74,
    0x61,0x2e,0x5f,0x5a,0x4e,0x32,0x63,0x6b,0x31,0x36,0x74,0x65,0x6e,0x73,0x6f,0x72,
    0x5f,0x6f,0x70,0x65,0x72,0x61,0x74,0x69,0x6f,0x6e,0x36,0x64,0x65,0x76,0x69,0x63,
    0x65,0x34,0x33,0x44,0x65,0x76,0x69,0x63,0x65,0x47,0x72,0x6f,0x75,0x70,0x65,0x64,
    0x43,0x6f,0x6e,0x76,0x46,0x77,0x64,0x4d,0x75,0x6c,0x74,0x69,0x70,0x6c,0x65,0x44,
    0x5f,0x57,0x6d,0x6d,0x61,0x5f,0x43,0x53,0x68,0x75,0x66,0x66,0x6c,0x65,0x49,0x4c,
    0x69,0x32,0x45,0x4e,0x53,0x5f,0x31,0x33,0x74,0x65,0x6e,0x73,0x6f,0x72,0x5f,0x6c,
    0x61,0x79,0x6f,0x75,0x74,0x31,0x31,0x63,0x6f,0x6e,0x76,0x6f,0x6c,0x75,0x74,0x69,
    0x6f,0x6e,0x37,0x47,0x5f,0x4e,0x48,0x57,0x5f,0x43,0x45,0x4e,0x53,0x34,0x5f,0x38,
    0x47,0x5f,0x4b,0x5f,0x59,0x58,0x5f,0x43,0x45,0x4e,0x53,0x5f,0x35,0x54,0x75,0x70,
    0x6c,0x65,0x49,0x4a,0x4e,0x53,0x34,0x5f,0x33,0x47,0x5f,0x4b,0x45,0x45,0x45,0x45,
    0x4e,0x53,0x34,0x5f,0x37,0x47,0x5f,0x4e,0x48,0x57,0x5f,0x4b,0x45,0x44,0x46,0x31,
    0x36,0x5f,0x44,0x46,0x31,0x36,0x5f,0x66,0x44,0x46,0x31,0x36,0x5f,0x4e,0x53,0x37,
    0x5f,0x49,0x4a,0x44,0x46,0x31,0x36,0x5f,0x45,0x45,0x45,0x44,0x46,0x31,0x36,0x5f,
    0x4e,0x53,0x30,0x5f,0x31,0x32,0x65,0x6c,0x65,0x6d,0x65,0x6e,0x74,0x5f,0x77,0x69,
    0x73,0x65,0x31,0x31,0x50,0x61,0x73,0x73,0x54,0x68,0x72,0x6f,0x75,0x67,0x68,0x45,
    0x53,0x44,0x5f,0x4e,0x53,0x43,0x5f,0x37,0x41,0x64,0x64,0x52,0x65,0x6c,0x75,0x45,
    0x4c,0x4e,0x53,0x31,0x5f,0x33,0x32,0x43,0x6f,0x6e,0x76,0x6f,0x6c,0x75,0x74,0x69,
    0x6f,0x6e,0x46,0x6f,0x72,0x77,0x61,0x72,0x64,0x53,0x70,0x65,0x63,0x69,0x61,0x6c,
    0x69,0x7a,0x61,0x74,0x69,0x6f,0x6e,0x45,0x30,0x45,0x4c,0x4e,0x53,0x31,0x5f,0x31,
    0x38,0x47,0x65,0x6d,0x6d,0x53,0x70,0x65,0x63,0x69,0x61,0x6c,0x69,0x7a,0x61,0x74,
    0x69,0x6f,0x6e,0x45,0x37,0x45,0x4c,0x69,0x31,0x45,0x4c,0x69,0x31,0x32,0x38,0x45,
    0x4c,0x69,0x36,0x34,0x45,0x4c,0x69,0x36,0x34,0x45,0x4c,0x69,0x36,0x34,0x45,0x4c,
    0x69,0x38,0x45,0x4c,0x69,0x31,0x36,0x45,0x4c,0x69,0x31,0x36,0x45,0x4c,0x69,0x34,
    0x45,0x4c,0x69,0x31,0x45,0x4e,0x53,0x5f,0x38,0x53,0x65,0x71,0x75,0x65,0x6e,0x63,
    0x65,0x49,0x4a,0x4c,0x69,0x34,0x45,0x4c,0x69,0x33,0x32,0x45,0x4c,0x69,0x31,0x45,
    0x45,0x45,0x45,0x4e,0x53,0x48,0x5f,0x49,0x4a,0x4c,0x69,0x31,0x45,0x4c,0x69,0x30,
    0x45,0x4c,0x69,0x32,0x45,0x45,0x45,0x45,0x53,0x4a,0x5f,0x4c,0x69,0x32,0x45,0x4c,
    0x69,0x38,0x45,0x4c,0x69,0x38,0x45,0x4c,0x62,0x31,0x45,0x53,0x49,0x5f,0x53,0x4a,
    0x5f,0x53,0x4a,0x5f,0x4c,0x69,0x32,0x45,0x4c,0x69,0x38,0x45,0x4c,0x69,0x38,0x45,
    0x4c,0x62,0x31,0x45,0x4c,0x69,0x31,0x45,0x4c,0x69,0x31,0x45,0x4e,0x53,0x48,0x5f,
    0x49,0x4a,0x4c,0x69,0x31,0x45,0x4c,0x69,0x31,0x36,0x45,0x4c,0x69,0x31,0x45,0x4c,
    0x69,0x38,0x45,0x45,0x45,0x45,0x4c,0x69,0x38,0x45,0x4c,0x4e,0x53,0x5f,0x31,0x33,
    0x4c,0x6f,0x6f,0x70,0x53,0x63,0x68,0x65,0x64,0x75,0x6c,0x65,0x72,0x45,0x30,0x45,
    0x4c,0x4e,0x53,0x5f,0x31,0x35,0x50,0x69,0x70,0x65,0x6c,0x69,0x6e,0x65,0x56,0x65,
    0x72,0x73,0x69,0x6f,0x6e,0x45,0x30,0x45,0x45,0x31,0x33,0x6d,0x61,0x74,0x72,0x69,
    0x78,0x5f,0x70,0x61,0x64,0x64,0x65,0x72,0x45,0x00,0x2e,0x72,0x6f,0x64,0x61,0x74,
    0x61,0x2e,0x5f,0x5a,0x54,0x43,0x53,0x74,0x31,0x34,0x62,0x61,0x73,0x69,0x63,0x5f,
    0x69,0x6f,0x73,0x74,0x72,0x65,0x61,0x6d,0x49,0x77,0x53,0x74,0x31,0x31,0x63,0x68,
    0x61,0x72,0x5f,0x74,0x72,0x61,0x69,0x74,0x73,0x49,0x77,0x45,0x45,0x31,0x36,0x5f,
    0x53,0x74,0x31,0x33,0x62,0x61,0x73,0x69,0x63,0x5f,0x6f,0x73,0x74,0x72,0x65,0x61,
    0x6d,0x49,0x77,0x53,0x31,0x5f,0x45,0x00,0x2e,0x72,0x6f,0x64,0x61,0x74,0x61,0x2e,
    0x5f,0x5a,0x54,0x43,0x53,0x74,0x31,0x34,0x62,0x61,0x73,0x69,0x63,0x5f,0x69,0x6f,
    0x73,0x74,0x72,0x65,0x61,0x6d,0x49,0x77,0x53,0x74,0x31,0x31,0x63,0x68,0x61,0x72,
    0x5f,0x74,0x72,0x61,0x69,0x74,0x73,0x49,0x77,0x45,0x45,0x30,0x5f,0x53,0x74,0x31,
    0x33,0x62,0x61,0x73,0x69,0x63,0x5f,0x69,0x73,0x74,0x72,0x65,0x61,0x6d,0x49,0x77,
    0x53,0x31,0x5f,0x45,0x00,0x2e,0x72,0x6f,0x64,0x61,0x74,0x61,0x2e,0x5f,0x5a,0x54,
    0x56,0x53,0x74,0x31,0x34,0x62,0x61,0x73,0x69,0x63,0x5f,0x69,0x6f,0x73,0x74,0x72,
    0x65,0x61,0x6d,0x49,0x77,0x53,0x74,0x31,0x31,0x63,0x68,0x61,0x72,0x5f,0x74,0x72,
    0x61,0x69,0x74,0x73,0x49,0x77,0x45,0x45,0x00,0x2e,0x72,0x6f,0x64,0x61,0x74,0x61,
    0x2e,0x5f,0x5a,0x54,0x56,0x53,0x74,0x31,0x33,0x62,0x61,0x73,0x69,0x63,0x5f,0x6f,
    0x73,0x74,0x72,0x65,0x61,0x6d,0x49,0x77,0x53,0x74,0x31,0x31,0x63,0x68,0x61,0x72,
    0x5f,0x74,0x72,0x61,0x69,0x74,0x73,0x49,0x77,0x45,0x45,0x00,0x2e,0x72,0x6f,0x64,
    0x61,0x74,0x61,0x2e,0x5f,0x5a,0x54,0x56,0x53,0x74,0x31,0x33,0x62,0x61,0x73,0x69,
    0x63,0x5f,0x69,0x73,0x74,0x72,0x65,0x61,0x6d,0x49,0x77,0x53,0x74,0x31,0x31,0x63,
    0x68,0x61,0x72,0x5f,0x74,0x72,0x61,0x69,0x74,0x73,0x49,0x77,0x45,0x45,0x00,0x00,
    0x00,0x00,0x00,0x00,0x00,0x00,0x00,0x00,0x00,0x00,0x00,0x00,0x00,0x00,0x00,0x00,
    0x00,0x00,0x00,0x00,0x00,0x00,0x00,0x00,0x00,0x00,0x00,0x00,0x00,0x00,0x00,0x00,
    0x00,0x00,0x00,0x00,0x00,0x00,0x00,0x00,0x00,0x00,0x00,0x00,0x00,0x00,0x00,0x00,
    0x00,0x00,0x00,0x00,0x00,0x00,0x00,0x00,0x00,0x00,0x00,0x00,0x00,0x00,0x00,0x00,
    0xb6,0x13,0x00,0x00,0x03,0x00,0x00,0x00,0x00,0x00,0x00,0x00,0x00,0x00,0x00,0x00,
    0x00,0x00,0x00,0x00,0x00,0x00,0x00,0x00,0xc8,0x51,0x00,0x00,0x00,0x00,0x00,0x00,
    0x57,0x17,0x00,0x00,0x00,0x00,0x00,0x00,0x00,0x00,0x00,0x00,0x00,0x00,0x00,0x00,
    0x01,0x00,0x00,0x00,0x00,0x00,0x00,0x00,0x00,0x00,0x00,0x00,0x00,0x00,0x00,0x00,
    0x01,0x00,0x00,0x00,0x01,0x00,0x00,0x00,0x06,0x00,0x00,0x00,0x00,0x00,0x00,0x00,
    0x00,0x00,0x00,0x00,0x00,0x00,0x00,0x00,0x80,0x00,0x00,0x00,0x00,0x00,0x00,0x00,
    0x80,0x01,0x00,0x00,0x00,0x00,0x00,0x00,0x00,0x00,0x00,0x00,0x00,0x00,0x00,0x00,
    0x80,0x00,0x00,0x00,0x00,0x00,0x00,0x00,0x00,0x00,0x00,0x00,0x00,0x00,0x00,0x00,
    0x48,0x00,0x00,0x00,0x01,0x00,0x00,0x00,0x06,0x00,0x00,0x00,0x00,0x00,0x00,0x00,
    0x00,0x00,0x00,0x00,0x00,0x00,0x00,0x00,0x00,0x02,0x00,0x00,0x00,0x00,0x00,0x00,
    0x04,0x2e,0x00,0x00,0x00,0x00,0x00,0x00,0x00,0x00,0x00,0x00,0x00,0x00,0x00,0x00,
    0x00,0x01,0x00,0x00,0x00,0x00,0x00,0x00,0x00,0x00,0x00,0x00,0x00,0x00,0x00,0x00,
    0x43,0x00,0x00,0x00,0x04,0x00,0x00,0x00,0x40,0x00,0x00,0x00,0x00,0x00,0x00,0x00,
    0x00,0x00,0x00,0x00,0x00,0x00,0x00,0x00,0x20,0x51,0x00,0x00,0x00,0x00,0x00,0x00,
    0x90,0x00,0x00,0x00,0x00,0x00,0x00,0x00,0x17,0x00,0x00,0x00,0x03,0x00,0x00,0x00,
    0x08,0x00,0x00,0x00,0x00,0x00,0x00,0x00,0x18,0x00,0x00,0x00,0x00,0x00,0x00,0x00,
    0xda,0x13,0x00,0x00,0x01,0x00,0x00,0x00,0x02,0x00,0x00,0x00,0x00,0x00,0x00,0x00,
    0x00,0x00,0x00,0x00,0x00,0x00,0x00,0x00,0x40,0x30,0x00,0x00,0x00,0x00,0x00,0x00,
    0x40,0x00,0x00,0x00,0x00,0x00,0x00,0x00,0x00,0x00,0x00,0x00,0x00,0x00,0x00,0x00,
    0x40,0x00,0x00,0x00,0x00,0x00,0x00,0x00,0x00,0x00,0x00,0x00,0x00,0x00,0x00,0x00,
    0xd5,0x13,0x00,0x00,0x04,0x00,0x00,0x00,0x40,0x00,0x00,0x00,0x00,0x00,0x00,0x00,
    0x00,0x00,0x00,0x00,0x00,0x00,0x00,0x00,0xb0,0x51,0x00,0x00,0x00,0x00,0x00,0x00,
    0x18,0x00,0x00,0x00,0x00,0x00,0x00,0x00,0x17,0x00,0x00,0x00,0x05,0x00,0x00,0x00,
    0x08,0x00,0x00,0x00,0x00,0x00,0x00,0x00,0x18,0x00,0x00,0x00,0x00,0x00,0x00,0x00,
    0xc6,0x13,0x00,0x00,0x01,0x00,0x00,0x00,0x00,0x00,0x00,0x00,0x00,0x00,0x00,0x00,
    0x00,0x00,0x00,0x00,0x00,0x00,0x00,0x00,0x80,0x30,0x00,0x00,0x00,0x00,0x00,0x00,
    0x00,0x00,0x00,0x00,0x00,0x00,0x00,0x00,0x00,0x00,0x00,0x00,0x00,0x00,0x00,0x00,
    0x01,0x00,0x00,0x00,0x00,0x00,0x00,0x00,0x00,0x00,0x00,0x00,0x00,0x00,0x00,0x00,
    0x24,0x00,0x00,0x00,0x01,0x00,0x00,0x00,0x02,0x00,0x00,0x00,0x00,0x00,0x00,0x00,
    0x00,0x00,0x00,0x00,0x00,0x00,0x00,0x00,0x80,0x30,0x00,0x00,0x00,0x00,0x00,0x00,
    0x50,0x00,0x00,0x00,0x00,0x00,0x00,0x00,0x00,0x00,0x00,0x00,0x00,0x00,0x00,0x00,
    0x08,0x00,0x00,0x00,0x00,0x00,0x00,0x00,0x00,0x00,0x00,0x00,0x00,0x00,0x00,0x00,
    0xf1,0x16,0x00,0x00,0x01,0x00,0x00,0x00,0x02,0x00,0x00,0x00,0x00,0x00,0x00,0x00,
    0x00,0x00,0x00,0x00,0x00,0x00,0x00,0x00,0xd0,0x30,0x00,0x00,0x00,0x00,0x00,0x00,
    0x50,0x00,0x00,0x00,0x00,0x00,0x00,0x00,0x00,0x00,0x00,0x00,0x00,0x00,0x00,0x00,
    0x08,0x00,0x00,0x00,0x00,0x00,0x00,0x00,0x00,0x00,0x00,0x00,0x00,0x00,0x00,0x00,
    0xf1,0x09,0x00,0x00,0x01,0x00,0x00,0x00,0x02,0x00,0x00,0x00,0x00,0x00,0x00,0x00,
    0x00,0x00,0x00,0x00,0x00,0x00,0x00,0x00,0x20,0x31,0x00,0x00,0x00,0x00,0x00,0x00,
    0x50,0x00,0x00,0x00,0x00,0x00,0x00,0x00,0x00,0x00,0x00,0x00,0x00,0x00,0x00,0x00,
    0x08,0x00,0x00,0x00,0x00,0x00,0x00,0x00,0x00,0x00,0x00,0x00,0x00,0x00,0x00,0x00,
    0x24,0x17,0x00,0x00,0x01,0x00,0x00,0x00,0x02,0x00,0x00,0x00,0x00,0x00,0x00,0x00,
    0x00,0x00,0x00,0x00,0x00,0x00,0x00,0x00,0x70,0x31,0x00,0x00,0x00,0x00,0x00,0x00,
    0x50,0x00,0x00,0x00,0x00,0x00,0x00,0x00,0x00,0x00,0x00,0x00,0x00,0x00,0x00,0x00,
    0x08,0x00,0x00,0x00,0x00,0x00,0x00,0x00,0x00,0x00,0x00,0x00,0x00,0x00,0x00,0x00,
    0xa7,0x13,0x00,0x00,0x01,0x00,0x00,0x00,0x02,0x00,0x00,0x00,0x00,0x00,0x00,0x00,
    0x00,0x00,0x00,0x00,0x00,0x00,0x00,0x00,0xc0,0x31,0x00,0x00,0x00,0x00,0x00,0x00,
    0x78,0x00,0x00,0x00,0x00,0x00,0x00,0x00,0x00,0x00,0x00,0x00,0x00,0x00,0x00,0x00,
    0x08,0x00,0x00,0x00,0x00,0x00,0x00,0x00,0x00,0x00,0x00,0x00,0x00,0x00,0x00,0x00,
    0xde,0x09,0x00,0x00,0x01,0x00,0x00,0x00,0x02,0x00,0x00,0x00,0x00,0x00,0x00,0x00,
    0x00,0x00,0x00,0x00,0x00,0x00,0x00,0x00,0x38,0x32,0x00,0x00,0x00,0x00,0x00,0x00,
    0x50,0x00,0x00,0x00,0x00,0x00,0x00,0x00,0x00,0x00,0x00,0x00,0x00,0x00,0x00,0x00,
    0x08,0x00,0x00,0x00,0x00,0x00,0x00,0x00,0x00,0x00,0x00,0x00,0x00,0x00,0x00,0x00,
    0x10,0x00,0x00,0x00,0x01,0x00,0x00,0x00,0x02,0x00,0x00,0x00,0x00,0x00,0x00,0x00,
    0x00,0x00,0x00,0x00,0x00,0x00,0x00,0x00,0x88,0x32,0x00,0x00,0x00,0x00,0x00,0x00,
    0x50,0x00,0x00,0x00,0x00,0x00,0x00,0x00,0x00,0x00,0x00,0x00,0x00,0x00,0x00,0x00,
    0x08,0x00,0x00,0x00,0x00,0x00,0x00,0x00,0x00,0x00,0x00,0x00,0x00,0x00,0x00,0x00,
    0xbd,0x16,0x00,0x00,0x01,0x00,0x00,0x00,0x02,0x00,0x00,0x00,0x00,0x00,0x00,0x00,
    0x00,0x00,0x00,0x00,0x00,0x00,0x00,0x00,0xd8,0x32,0x00,0x00,0x00,0x00,0x00,0x00,
    0x78,0x00,0x00,0x00,0x00,0x00,0x00,0x00,0x00,0x00,0x00,0x00,0x00,0x00,0x00,0x00,
    0x08,0x00,0x00,0x00,0x00,0x00,0x00,0x00,0x00,0x00,0x00,0x00,0x00,0x00,0x00,0x00,
    0x70,0x16,0x00,0x00,0x01,0x00,0x00,0x00,0x02,0x00,0x00,0x00,0x00,0x00,0x00,0x00,
    0x00,0x00,0x00,0x00,0x00,0x00,0x00,0x00,0x50,0x33,0x00,0x00,0x00,0x00,0x00,0x00,
    0x50,0x00,0x00,0x00,0x00,0x00,0x00,0x00,0x00,0x00,0x00,0x00,0x00,0x00,0x00,0x00,
    0x08,0x00,0x00,0x00,0x00,0x00,0x00,0x00,0x00,0x00,0x00,0x00,0x00,0x00,0x00,0x00,
    0x22,0x16,0x00,0x00,0x01,0x00,0x00,0x00,0x02,0x00,0x00,0x00,0x00,0x00,0x00,0x00,
    0x00,0x00,0x00,0x00,0x00,0x00,0x00,0x00,0xa0,0x33,0x00,0x00,0x00,0x00,0x00,0x00,
    0x50,0x00,0x00,0x00,0x00,0x00,0x00,0x00,0x00,0x00,0x00,0x00,0x00,0x00,0x00,0x00,
    0x08,0x00,0x00,0x00,0x00,0x00,0x00,0x00,0x00,0x00,0x00,0x00,0x00,0x00,0x00,0x00,
    0xe2,0x13,0x00,0x00,0x01,0x00,0x00,0x00,0x02,0x00,0x00,0x00,0x00,0x00,0x00,0x00,
    0x00,0x00,0x00,0x00,0x00,0x00,0x00,0x00,0xf0,0x33,0x00,0x00,0x00,0x00,0x00,0x00,
    0x0c,0x00,0x00,0x00,0x00,0x00,0x00,0x00,0x00,0x00,0x00,0x00,0x00,0x00,0x00,0x00,
    0x04,0x00,0x00,0x00,0x00,0x00,0x00,0x00,0x00,0x00,0x00,0x00,0x00,0x00,0x00,0x00,
    0x07,0x00,0x00,0x00,0x01,0x00,0x00,0x00,0x30,0x00,0x00,0x00,0x00,0x00,0x00,0x00,
    0x00,0x00,0x00,0x00,0x00,0x00,0x00,0x00,0xfc,0x33,0x00,0x00,0x00,0x00,0x00,0x00,
    0x71,0x00,0x00,0x00,0x00,0x00,0x00,0x00,0x00,0x00,0x00,0x00,0x00,0x00,0x00,0x00,
    0x01,0x00,0x00,0x00,0x00,0x00,0x00,0x00,0x01,0x00,0x00,0x00,0x00,0x00,0x00,0x00,
    0x33,0x00,0x00,0x00,0x07,0x00,0x00,0x00,0x00,0x00,0x00,0x00,0x00,0x00,0x00,0x00,
    0x00,0x00,0x00,0x00,0x00,0x00,0x00,0x00,0x6d,0x34,0x00,0x00,0x00,0x00,0x00,0x00,
    0x00,0x00,0x00,0x00,0x00,0x00,0x00,0x00,0x00,0x00,0x00,0x00,0x00,0x00,0x00,0x00,
    0x01,0x00,0x00,0x00,0x00,0x00,0x00,0x00,0x00,0x00,0x00,0x00,0x00,0x00,0x00,0x00,
    0x0e,0x0a,0x00,0x00,0x07,0x00,0x00,0x00,0x02,0x00,0x00,0x00,0x00,0x00,0x00,0x00,
    0x00,0x00,0x00,0x00,0x00,0x00,0x00,0x00,0x70,0x34,0x00,0x00,0x00,0x00,0x00,0x00,
    0x5c,0x1b,0x00,0x00,0x00,0x00,0x00,0x00,0x00,0x00,0x00,0x00,0x00,0x00,0x00,0x00,
    0x04,0x00,0x00,0x00,0x00,0x00,0x00,0x00,0x00,0x00,0x00,0x00,0x00,0x00,0x00,0x00,
    0x00,0x0a,0x00,0x00,0x03,0x4c,0xff,0x6f,0x00,0x00,0x00,0x80,0x00,0x00,0x00,0x00,
    0x00,0x00,0x00,0x00,0x00,0x00,0x00,0x00,0xc8,0x51,0x00,0x00,0x00,0x00,0x00,0x00,
    0x00,0x00,0x00,0x00,0x00,0x00,0x00,0x00,0x17,0x00,0x00,0x00,0x00,0x00,0x00,0x00,
    0x01,0x00,0x00,0x00,0x00,0x00,0x00,0x00,0x00,0x00,0x00,0x00,0x00,0x00,0x00,0x00,
    0xbe,0x13,0x00,0x00,0x02,0x00,0x00,0x00,0x00,0x00,0x00,0x00,0x00,0x00,0x00,0x00,
    0x00,0x00,0x00,0x00,0x00,0x00,0x00,0x00,0xd0,0x4f,0x00,0x00,0x00,0x00,0x00,0x00,
    0x50,0x01,0x00,0x00,0x00,0x00,0x00,0x00,0x01,0x00,0x00,0x00,0x01,0x00,0x00,0x00,
    0x08,0x00,0x00,0x00,0x00,0x00,0x00,0x00,0x18,0x00,0x00,0x00,0x00,0x00,0x00,0x00
    },
    .m_kernelName = {},
    .m_compilerVersion = {},
    .m_codeObjectVersion = 0,
    .m_isRelocatable = true,
    .m_shaderType = ShaderTypesFlags::WMMA
};
    
} // namespace mlss::conv::dilated::hip::wmma::fp16::gfx1100
