/* Copyright (c) 2025-2026 Advanced Micro Devices, Inc. All rights reserved. */
#pragma once

#include <array>
#include <cstdint>

namespace mlss::gemm::mxn::ck::fp32::gfx1201
{

inline constexpr auto gemm_add_fp32_add_dl_nn_gfx1201 = std::to_array<std::uint8_t>({
    0x7f,0x45,0x4c,0x46,0x02,0x01,0x01,0x40,0x03,0x00,0x00,0x00,0x00,0x00,0x00,0x00,
    0x01,0x00,0xe0,0x00,0x01,0x00,0x00,0x00,0x00,0x00,0x00,0x00,0x00,0x00,0x00,0x00,
    0x00,0x00,0x00,0x00,0x00,0x00,0x00,0x00,0x88,0x94,0x00,0x00,0x00,0x00,0x00,0x00,
    0x4e,0x00,0x00,0x00,0x40,0x00,0x00,0x00,0x00,0x00,0x40,0x00,0x22,0x00,0x01,0x00,
    0x00,0x00,0x00,0x00,0x00,0x00,0x00,0x00,0x00,0x00,0x00,0x00,0x00,0x00,0x00,0x00,
    0x00,0x00,0x00,0x00,0x00,0x00,0x00,0x00,0x00,0x00,0x00,0x00,0x00,0x00,0x00,0x00,
    0x00,0x00,0x00,0x00,0x00,0x00,0x00,0x00,0x00,0x00,0x00,0x00,0x00,0x00,0x00,0x00,
    0x00,0x00,0x00,0x00,0x00,0x00,0x00,0x00,0x00,0x00,0x00,0x00,0x00,0x00,0x00,0x00,
    0x00,0x00,0xc8,0xbf,0x00,0x00,0xc4,0xbf,0x00,0x00,0xc2,0xbf,0x00,0x00,0xc3,0xbf,
    0x00,0x00,0xc7,0xbf,0x04,0x00,0x85,0xbf,0x7c,0xc0,0x05,0xec,0x13,0x00,0x00,0x00,
    0x0c,0x44,0x00,0x00,0x7c,0xc0,0x05,0xec,0x19,0x00,0x00,0x00,0x0c,0x58,0x00,0x00,
    0x7c,0xc0,0x05,0xec,0x20,0x00,0x00,0x00,0x0c,0x30,0x00,0x00,0x7c,0x00,0x05,0xec,
    0x10,0x00,0x00,0x00,0x0c,0x14,0x00,0x00,0x7c,0x00,0x05,0xec,0x17,0x00,0x00,0x00,
    0x0c,0x24,0x00,0x00,0x7c,0x00,0x05,0xec,0x1d,0x00,0x00,0x00,0x06,0x08,0x00,0x00,
    0x7c,0x00,0x05,0xec,0x18,0x00,0x00,0x00,0x08,0x08,0x00,0x00,0x7c,0x00,0x05,0xec,
    0x1e,0x00,0x00,0x00,0x06,0x38,0x00,0x00,0x7c,0x00,0x05,0xec,0x12,0x00,0x00,0x00,
    0x08,0x38,0x00,0x00,0x7c,0x40,0x05,0xec,0x0c,0x00,0x00,0x00,0x0a,0x38,0x00,0x00,
    0x03,0x01,0x10,0xca,0x02,0x01,0x0e,0x0f,0x7e,0x00,0x83,0xbe,0x09,0x09,0xc8,0xbf,
    0x02,0x00,0x2d,0xd7,0x16,0xeb,0x00,0x00,0xa1,0x00,0x87,0xbf,0x75,0x04,0x04,0x4a,
    0x08,0x08,0xc8,0xbf,0x1c,0x05,0x04,0x32,0x31,0x01,0x87,0xbf,0x03,0x00,0x2d,0xd7,
    0x02,0x2b,0x02,0x00,0x07,0x07,0xc8,0xbf,0x15,0x00,0x2c,0xd7,0x02,0x47,0x02,0x00,
    0x02,0x07,0x06,0x4a,0x00,0x00,0xc8,0xbf,0x91,0x00,0x87,0xbf,0x1b,0x07,0x1a,0x32,
    0x03,0x00,0x2d,0xd7,0x0d,0x29,0x02,0x00,0x14,0x00,0x2c,0xd7,0x0d,0x45,0x02,0x00,
    0x12,0x01,0x87,0xbf,0x0d,0x07,0x06,0x4a,0x02,0x29,0x04,0x4c,0x92,0x00,0x87,0xbf,
    0x1a,0x07,0x06,0x32,0x11,0x00,0x2d,0xd7,0x03,0x27,0x02,0x00,0x16,0x00,0x2c,0xd7,
    0x03,0x43,0x02,0x00,0xff,0x3e,0x26,0x36,0xff,0x03,0x00,0x00,0x11,0x02,0x87,0xbf,
    0x81,0x26,0x34,0x32,0x03,0x23,0x22,0x4a,0xa4,0x01,0x87,0xbf,0x0d,0x2d,0x1a,0x4c,
    0x84,0x26,0x28,0x32,0x19,0x23,0x22,0x32,0x83,0x26,0x32,0x30,0x93,0x01,0x87,0xbf,
    0x8e,0x28,0x36,0x36,0x11,0x00,0x2c,0xd7,0x11,0x41,0x02,0x00,0x13,0x01,0x87,0xbf,
    0x88,0x32,0x4c,0x36,0x03,0x23,0x22,0x4c,0x75,0x2a,0x06,0x4c,0x01,0x00,0x87,0xbf,
    0x10,0x7c,0xfe,0xd6,0x11,0x21,0x0a,0x04,0x02,0x7c,0xfe,0xd6,0x0d,0x2f,0x0e,0x04,
    0x82,0x26,0x1a,0x30,0x85,0x26,0x06,0x32,0x81,0x26,0x22,0x30,0x10,0x05,0x02,0x7e,
    0x04,0x00,0x87,0xbf,0xff,0x1a,0x38,0x36,0x7c,0x00,0x00,0x00,0x02,0x05,0x00,0x7e,
    0x86,0x06,0x26,0x30,0xff,0x22,0x28,0x36,0xf8,0x01,0x00,0x00,0x10,0x00,0x56,0xd6,
    0x01,0x0e,0x69,0x04,0xff,0x22,0x2a,0x36,0xfc,0x01,0x00,0x00,0x00,0x87,0x02,0x84,
    0x99,0x01,0x87,0xbf,0x02,0x38,0x04,0x38,0x10,0x7c,0xfe,0xd6,0x10,0x3b,0x9a,0x04,
    0x14,0x27,0x26,0x4c,0x15,0x29,0x22,0x4c,0x24,0x02,0x87,0xbf,0x16,0x7c,0xfe,0xd6,
    0x18,0x37,0x0a,0x04,0x82,0x3c,0x04,0x30,0x27,0x00,0x57,0xd6,0x0d,0x09,0x4d,0x04,
    0x04,0x00,0x87,0xbf,0xa4,0x00,0x46,0xd6,0x03,0x07,0x45,0x04,0xff,0x02,0x06,0x7e,
    0x00,0x40,0x00,0x31,0x82,0x20,0x3a,0x30,0x00,0x05,0x08,0x7e,0x01,0x05,0x0a,0x7e,
    0x02,0x05,0x0c,0x7e,0x03,0x05,0x0e,0x7e,0x13,0x01,0x87,0xbf,0x04,0x00,0xb4,0x7c,
    0x00,0x00,0x5a,0xd4,0x06,0x04,0x02,0x00,0x91,0x04,0x87,0xbf,0x6a,0x00,0x00,0x8b,
    0x00,0x20,0x80,0xbe,0x7c,0xc0,0x05,0xc4,0x84,0x08,0x80,0x40,0x1d,0x00,0x00,0x00,
    0x7e,0x00,0x7e,0x8d,0xf0,0xff,0xa6,0xbf,0x03,0x00,0xfe,0xbe,0x84,0x20,0x64,0x4b,
    0x7e,0x00,0x83,0xbe,0x01,0x00,0x87,0xbf,0x82,0x64,0x1b,0x30,0x00,0x05,0x08,0x7e,
    0x01,0x05,0x0a,0x7e,0x02,0x05,0x0c,0x7e,0x03,0x05,0x0e,0x7e,0x13,0x01,0x87,0xbf,
    0x04,0x00,0xb4,0x7c,0x00,0x00,0x5a,0xd4,0x06,0x04,0x02,0x00,0x91,0x04,0x87,0xbf,
    0x6a,0x00,0x00,0x8b,0x00,0x20,0x80,0xbe,0x7c,0xc0,0x05,0xc4,0x90,0x08,0x80,0x40,
    0x0d,0x00,0x00,0x00,0x7e,0x00,0x7e,0x8d,0xf0,0xff,0xa6,0xbf,0x03,0x00,0xfe,0xbe,
    0xff,0x00,0x22,0xca,0x82,0x24,0x10,0x11,0x00,0x40,0x00,0x31,0x82,0x2c,0x1a,0x30,
    0x7e,0x00,0x83,0xbe,0x0e,0x05,0x08,0x7e,0x0f,0x05,0x0a,0x7e,0x10,0x05,0x0c,0x7e,
    0x11,0x05,0x0e,0x7e,0x13,0x01,0x87,0xbf,0x04,0x1c,0xb4,0x7c,0x00,0x00,0x5a,0xd4,
    0x06,0x20,0x02,0x00,0x91,0x04,0x87,0xbf,0x6a,0x00,0x00,0x8b,0x00,0x20,0x80,0xbe,
    0x7c,0xc0,0x05,0xc4,0x12,0x08,0x80,0x40,0x0d,0x00,0x00,0x00,0x7e,0x00,0x7e,0x8d,
    0xf0,0xff,0xa6,0xbf,0x03,0x00,0xfe,0xbe,0x16,0x31,0x1a,0x4a,0x7e,0x00,0x83,0xbe,
    0x01,0x00,0x87,0xbf,0x82,0x1a,0x3c,0x30,0x0e,0x05,0x08,0x7e,0x0f,0x05,0x0a,0x7e,
    0x10,0x05,0x0c,0x7e,0x11,0x05,0x0e,0x7e,0x13,0x01,0x87,0xbf,0x04,0x1c,0xb4,0x7c,
    0x00,0x00,0x5a,0xd4,0x06,0x20,0x02,0x00,0x91,0x04,0x87,0xbf,0x6a,0x00,0x00,0x8b,
    0x00,0x20,0x80,0xbe,0x7c,0xc0,0x05,0xc4,0x16,0x08,0x80,0x40,0x1e,0x00,0x00,0x00,
    0x7e,0x00,0x7e,0x8d,0xf0,0xff,0xa6,0xbf,0x03,0x00,0xfe,0xbe,0x80,0x00,0x22,0xca,
    0x82,0x38,0x1c,0x55,0x82,0x4e,0x2a,0x31,0x80,0x00,0x22,0xca,0x82,0x48,0xb1,0x37,
    0x03,0x00,0x87,0xbf,0x94,0x00,0x56,0xd6,0x1b,0x13,0x71,0x04,0x80,0x00,0x20,0xca,
    0xff,0x3a,0xb2,0x56,0x90,0x00,0x00,0x00,0x80,0x00,0x10,0xca,0x80,0x00,0x60,0x57,
    0x01,0x00,0xc0,0xbf,0x00,0x40,0x7c,0xdb,0x94,0x12,0x00,0x00,0x00,0x00,0xc0,0xbf,
    0x00,0x42,0x7c,0xdb,0x94,0x16,0x00,0x00,0x7c,0x00,0x05,0xec,0x06,0x00,0x00,0x00,
    0x06,0x20,0x00,0x00,0x80,0x00,0x22,0xca,0x82,0x34,0x06,0x54,0x80,0x00,0x10,0xca,
    0x80,0x00,0x62,0x61,0x80,0x00,0x10,0xca,0x80,0x00,0x70,0x63,0x03,0x00,0x87,0xbf,
    0xb4,0x00,0x56,0xd6,0x26,0x13,0x1d,0x04,0x80,0x00,0x10,0xca,0x80,0x00,0x72,0x71,
    0x80,0x00,0x10,0xca,0x80,0x00,0x64,0x73,0x80,0x00,0x10,0xca,0x80,0x00,0x66,0x65,
    0x80,0x00,0x10,0xca,0x80,0x00,0x74,0x67,0x80,0x00,0x10,0xca,0x80,0x00,0x76,0x75,
    0x80,0x00,0x10,0xca,0x80,0x00,0x80,0x77,0x80,0x00,0x10,0xca,0x80,0x00,0x82,0x81,
    0x80,0x00,0x10,0xca,0x80,0x00,0x40,0x83,0x80,0x00,0x10,0xca,0x80,0x00,0x42,0x41,
    0x80,0x00,0x10,0xca,0x80,0x00,0x50,0x43,0x80,0x00,0x10,0xca,0x80,0x00,0x52,0x51,
    0x80,0x00,0x10,0xca,0x80,0x00,0x12,0x53,0x80,0x00,0x10,0xca,0x80,0x00,0x14,0x13,
    0x80,0x00,0x10,0xca,0x80,0x00,0x16,0x15,0x80,0x00,0x10,0xca,0x80,0x00,0x18,0x17,
    0x80,0x00,0x10,0xca,0x80,0x00,0x1e,0x19,0x80,0x00,0x10,0xca,0x80,0x00,0x20,0x1f,
    0x80,0x00,0x10,0xca,0x80,0x00,0x1a,0x21,0x80,0x00,0x10,0xca,0x80,0x00,0x1c,0x1b,
    0x80,0x00,0x10,0xca,0x80,0x00,0x22,0x1d,0x80,0x00,0x10,0xca,0x80,0x00,0x24,0x23,
    0x80,0x00,0x10,0xca,0x80,0x00,0x30,0x25,0x80,0x00,0x10,0xca,0x80,0x00,0x32,0x31,
    0x80,0x00,0x10,0xca,0x80,0x00,0x44,0x33,0x80,0x00,0x10,0xca,0x80,0x00,0x46,0x45,
    0x80,0x00,0x10,0xca,0x80,0x00,0x34,0x47,0x80,0x00,0x10,0xca,0x80,0x00,0x36,0x35,
    0xff,0x2a,0x63,0x4b,0x00,0x40,0x00,0x00,0xff,0x2a,0x4b,0x4b,0x00,0x60,0x00,0x00,
    0xff,0x28,0x6b,0x39,0x00,0x40,0x00,0x00,0xff,0x28,0x4d,0x39,0x00,0x60,0x00,0x00,
    0xff,0x68,0x4f,0x39,0x00,0x20,0x00,0x00,0xff,0x60,0x4d,0x4a,0x00,0x20,0x00,0x00,
    0x80,0x00,0x83,0xbe,0x80,0x00,0x88,0xbe,0x00,0x02,0x3c,0xd8,0xb4,0x84,0x85,0x00,
    0x04,0x06,0x3c,0xd8,0xb4,0x86,0x87,0x00,0x08,0x0a,0x3c,0xd8,0xb4,0x90,0x91,0x00,
    0x0c,0x0e,0x3c,0xd8,0xb4,0x92,0x93,0x00,0x04,0x00,0xc8,0xbf,0xa0,0x0c,0x6c,0x4f,
    0x7c,0x00,0x05,0xec,0xa0,0x00,0x00,0x00,0x08,0x08,0x00,0x00,0xb7,0x00,0x47,0xd6,
    0xb2,0x11,0x08,0x02,0x7e,0x00,0x89,0xbe,0x00,0x00,0xc8,0xbf,0x06,0x7c,0xfe,0xd6,
    0xa0,0x1f,0x35,0x04,0x00,0x05,0x08,0x7e,0x01,0x05,0x0a,0x7e,0x02,0x05,0x0c,0x7e,
    0x03,0x05,0x0e,0x7e,0x13,0x01,0x87,0xbf,0x04,0x00,0xb4,0x7c,0x00,0x00,0x5a,0xd4,
    0x06,0x04,0x02,0x00,0x91,0x04,0x87,0xbf,0x6a,0x00,0x00,0x8b,0x00,0x20,0x80,0xbe,
    0x7c,0xc0,0x05,0xc4,0x84,0x08,0x80,0x40,0xb7,0x30,0x00,0x00,0x7e,0x00,0x7e,0x8d,
    0xf0,0xff,0xa6,0xbf,0x09,0x00,0xfe,0xbe,0x09,0x00,0x87,0xbf,0x7e,0x00,0x89,0xbe,
    0x00,0x05,0x08,0x7e,0x01,0x05,0x0a,0x7e,0x02,0x05,0x0c,0x7e,0x03,0x05,0x0e,0x7e,
    0x13,0x01,0x87,0xbf,0x04,0x00,0xb4,0x7c,0x00,0x00,0x5a,0xd4,0x06,0x04,0x02,0x00,
    0x91,0x04,0x87,0xbf,0x6a,0x00,0x00,0x8b,0x00,0x20,0x80,0xbe,0x7c,0xc0,0x05,0xc4,
    0x90,0x08,0x80,0x40,0xb7,0x40,0x00,0x00,0x7e,0x00,0x7e,0x8d,0xf0,0xff,0xa6,0xbf,
    0x09,0x00,0xfe,0xbe,0x82,0x0c,0x0e,0x30,0x7e,0x00,0x89,0xbe,0x0e,0x05,0x08,0x7e,
    0x0f,0x05,0x0a,0x7e,0x10,0x05,0x0c,0x7e,0x11,0x05,0x0e,0x7e,0x13,0x01,0x87,0xbf,
    0x04,0x1c,0xb4,0x7c,0x00,0x00,0x5a,0xd4,0x06,0x20,0x02,0x00,0x91,0x04,0x87,0xbf,
    0x6a,0x00,0x00,0x8b,0x00,0x20,0x80,0xbe,0x7c,0xc0,0x05,0xc4,0x94,0x08,0x80,0x40,
    0x07,0x00,0x00,0x00,0x7e,0x00,0x7e,0x8d,0xf0,0xff,0xa6,0xbf,0x09,0x00,0xfe,0xbe,
    0xa0,0x0d,0x0c,0x4a,0x7e,0x00,0x89,0xbe,0x01,0x00,0x87,0xbf,0x82,0x0c,0x0e,0x30,
    0x0e,0x05,0x08,0x7e,0x0f,0x05,0x0a,0x7e,0x10,0x05,0x0c,0x7e,0x11,0x05,0x0e,0x7e,
    0x13,0x01,0x87,0xbf,0x04,0x1c,0xb4,0x7c,0x00,0x00,0x5a,0xd4,0x06,0x20,0x02,0x00,
    0x91,0x04,0x87,0xbf,0x6a,0x00,0x00,0x8b,0x00,0x20,0x80,0xbe,0x7c,0xc0,0x05,0xc4,
    0xa0,0x08,0x80,0x40,0x07,0x00,0x00,0x00,0x7e,0x00,0x7e,0x8d,0xf0,0xff,0xa6,0xbf,
    0x09,0x00,0xfe,0xbe,0x00,0x00,0xc6,0xbf,0xc1,0x4e,0x80,0xbe,0xff,0xff,0x94,0xbf,
    0x00,0x00,0xfc,0xdb,0xb0,0x00,0x00,0xc0,0x00,0x00,0xfc,0xdb,0xb1,0x00,0x00,0xc4,
    0x00,0x01,0xfc,0xdb,0xb1,0x00,0x00,0xd0,0x00,0x01,0xfc,0xdb,0xb0,0x00,0x00,0xd4,
    0x7e,0x00,0x89,0xbe,0x02,0x00,0xc6,0xbf,0xc0,0x89,0x01,0x57,0xc0,0x8b,0x03,0x57,
    0xc0,0x8d,0x05,0x57,0xc0,0x8f,0x07,0x57,0xc1,0x89,0xc9,0x56,0xc1,0x8b,0xcb,0x56,
    0xc1,0x8d,0xcd,0x56,0xc1,0x8f,0xcf,0x56,0xc2,0x89,0xc1,0x56,0xc2,0x8b,0xc3,0x56,
    0xc2,0x8d,0xc5,0x56,0xc2,0x8f,0xc7,0x56,0xc3,0x89,0x81,0x56,0xc3,0x8b,0x83,0x56,
    0xc3,0x8d,0x85,0x56,0xc3,0x8f,0x87,0x56,0x01,0x00,0xc6,0xbf,0xc0,0xa1,0xe9,0x56,
    0xc0,0xa3,0xeb,0x56,0xc0,0xa5,0xed,0x56,0xc0,0xa7,0xef,0x56,0xc1,0xa1,0xe1,0x56,
    0xc1,0xa3,0xe3,0x56,0xc1,0xa5,0xe5,0x56,0xc1,0xa7,0xe7,0x56,0xc2,0xa1,0xa9,0x56,
    0xc2,0xa3,0xab,0x56,0xc2,0xa5,0xad,0x56,0xc2,0xa7,0xaf,0x56,0xc3,0xa1,0xa1,0x56,
    0xc3,0xa3,0xa3,0x56,0xc3,0xa5,0xa5,0x56,0xc3,0xa7,0xa7,0x56,0x00,0x02,0xfc,0xdb,
    0xb0,0x00,0x00,0xc0,0x01,0x00,0xc6,0xbf,0xd4,0x89,0x25,0x56,0xd4,0x8b,0x27,0x56,
    0xd4,0x8d,0x29,0x56,0xd4,0x8f,0x2b,0x56,0xd5,0x89,0x3d,0x56,0xd5,0x8b,0x3f,0x56,
    0xd5,0x8d,0x41,0x56,0xd5,0x8f,0x43,0x56,0xd6,0x89,0x45,0x56,0xd6,0x8b,0x47,0x56,
    0xd6,0x8d,0x49,0x56,0xd6,0x8f,0x4b,0x56,0xd7,0x89,0x89,0x56,0xd7,0x8b,0x8b,0x56,
    0xd7,0x8d,0x8d,0x56,0xd7,0x8f,0x8f,0x56,0x00,0x02,0xfc,0xdb,0xb1,0x00,0x00,0xc4,
    0xd4,0xa1,0x2d,0x56,0xd4,0xa3,0x2f,0x56,0xd4,0xa5,0x31,0x56,0xd4,0xa7,0x33,0x56,
    0xd5,0xa1,0x35,0x56,0xd5,0xa3,0x37,0x56,0xd5,0xa5,0x39,0x56,0xd5,0xa7,0x3b,0x56,
    0xd6,0xa1,0x61,0x56,0xd6,0xa3,0x63,0x56,0xd6,0xa5,0x65,0x56,0xd6,0xa7,0x67,0x56,
    0xd7,0xa1,0x69,0x56,0xd7,0xa3,0x6b,0x56,0xd7,0xa5,0x6d,0x56,0xd7,0xa7,0x6f,0x56,
    0x00,0x03,0xfc,0xdb,0xb1,0x00,0x00,0xd0,0x00,0x03,0xfc,0xdb,0xb0,0x00,0x00,0xd4,
    0x02,0x00,0xc6,0xbf,0xc0,0x89,0x01,0x57,0xc0,0x8b,0x03,0x57,0xc0,0x8d,0x05,0x57,
    0xc0,0x8f,0x07,0x57,0xc1,0x89,0xc9,0x56,0xc1,0x8b,0xcb,0x56,0xc1,0x8d,0xcd,0x56,
    0xc1,0x8f,0xcf,0x56,0xc2,0x89,0xc1,0x56,0xc2,0x8b,0xc3,0x56,0xc2,0x8d,0xc5,0x56,
    0xc2,0x8f,0xc7,0x56,0xc3,0x89,0x81,0x56,0xc3,0x8b,0x83,0x56,0xc3,0x8d,0x85,0x56,
    0xc3,0x8f,0x87,0x56,0x01,0x00,0xc6,0xbf,0xc0,0xa1,0xe9,0x56,0xc0,0xa3,0xeb,0x56,
    0xc0,0xa5,0xed,0x56,0xc0,0xa7,0xef,0x56,0xc1,0xa1,0xe1,0x56,0xc1,0xa3,0xe3,0x56,
    0xc1,0xa5,0xe5,0x56,0xc1,0xa7,0xe7,0x56,0xc2,0xa1,0xa9,0x56,0xc2,0xa3,0xab,0x56,
    0xc2,0xa5,0xad,0x56,0xc2,0xa7,0xaf,0x56,0xc3,0xa1,0xa1,0x56,0xc3,0xa3,0xa3,0x56,
    0xc3,0xa5,0xa5,0x56,0xc3,0xa7,0xa7,0x56,0x00,0x04,0xfc,0xdb,0xb0,0x00,0x00,0xc0,
    0x01,0x00,0xc6,0xbf,0xd4,0x89,0x25,0x56,0xd4,0x8b,0x27,0x56,0xd4,0x8d,0x29,0x56,
    0xd4,0x8f,0x2b,0x56,0xd5,0x89,0x3d,0x56,0xd5,0x8b,0x3f,0x56,0xd5,0x8d,0x41,0x56,
    0xd5,0x8f,0x43,0x56,0xd6,0x89,0x45,0x56,0xd6,0x8b,0x47,0x56,0xd6,0x8d,0x49,0x56,
    0xd6,0x8f,0x4b,0x56,0xd7,0x89,0x89,0x56,0xd7,0x8b,0x8b,0x56,0xd7,0x8d,0x8d,0x56,
    0xd7,0x8f,0x8f,0x56,0x00,0x04,0xfc,0xdb,0xb1,0x00,0x00,0xc4,0xd4,0xa1,0x2d,0x56,
    0xd4,0xa3,0x2f,0x56,0xd4,0xa5,0x31,0x56,0xd4,0xa7,0x33,0x56,0xd5,0xa1,0x35,0x56,
    0xd5,0xa3,0x37,0x56,0xd5,0xa5,0x39,0x56,0xd5,0xa7,0x3b,0x56,0xd6,0xa1,0x61,0x56,
    0xd6,0xa3,0x63,0x56,0xd6,0xa5,0x65,0x56,0xd6,0xa7,0x67,0x56,0xd7,0xa1,0x69,0x56,
    0xd7,0xa3,0x6b,0x56,0xd7,0xa5,0x6d,0x56,0xd7,0xa7,0x6f,0x56,0x00,0x05,0xfc,0xdb,
    0xb1,0x00,0x00,0xd0,0x00,0x05,0xfc,0xdb,0xb0,0x00,0x00,0xd4,0x02,0x00,0xc6,0xbf,
    0xc0,0x89,0x01,0x57,0xc0,0x8b,0x03,0x57,0xc0,0x8d,0x05,0x57,0xc0,0x8f,0x07,0x57,
    0xc1,0x89,0xc9,0x56,0xc1,0x8b,0xcb,0x56,0xc1,0x8d,0xcd,0x56,0xc1,0x8f,0xcf,0x56,
    0xc2,0x89,0xc1,0x56,0xc2,0x8b,0xc3,0x56,0xc2,0x8d,0xc5,0x56,0xc2,0x8f,0xc7,0x56,
    0xc3,0x89,0x81,0x56,0xc3,0x8b,0x83,0x56,0xc3,0x8d,0x85,0x56,0xc3,0x8f,0x87,0x56,
    0x01,0x00,0xc6,0xbf,0xc0,0xa1,0xe9,0x56,0xc0,0xa3,0xeb,0x56,0xc0,0xa5,0xed,0x56,
    0xc0,0xa7,0xef,0x56,0xc1,0xa1,0xe1,0x56,0xc1,0xa3,0xe3,0x56,0xc1,0xa5,0xe5,0x56,
    0xc1,0xa7,0xe7,0x56,0xc2,0xa1,0xa9,0x56,0xc2,0xa3,0xab,0x56,0xc2,0xa5,0xad,0x56,
    0xc2,0xa7,0xaf,0x56,0xc3,0xa1,0xa1,0x56,0xc3,0xa3,0xa3,0x56,0xc3,0xa5,0xa5,0x56,
    0xc3,0xa7,0xa7,0x56,0x00,0x06,0xfc,0xdb,0xb0,0x00,0x00,0xc0,0x01,0x00,0xc6,0xbf,
    0xd4,0x89,0x25,0x56,0xd4,0x8b,0x27,0x56,0xd4,0x8d,0x29,0x56,0xd4,0x8f,0x2b,0x56,
    0xd5,0x89,0x3d,0x56,0xd5,0x8b,0x3f,0x56,0xd5,0x8d,0x41,0x56,0xd5,0x8f,0x43,0x56,
    0xd6,0x89,0x45,0x56,0xd6,0x8b,0x47,0x56,0xd6,0x8d,0x49,0x56,0xd6,0x8f,0x4b,0x56,
    0xd7,0x89,0x89,0x56,0xd7,0x8b,0x8b,0x56,0xd7,0x8d,0x8d,0x56,0xd7,0x8f,0x8f,0x56,
    0x00,0x06,0xfc,0xdb,0xb1,0x00,0x00,0xc4,0xd4,0xa1,0x2d,0x56,0xd4,0xa3,0x2f,0x56,
    0xd4,0xa5,0x31,0x56,0xd4,0xa7,0x33,0x56,0xd5,0xa1,0x35,0x56,0xd5,0xa3,0x37,0x56,
    0xd5,0xa5,0x39,0x56,0xd5,0xa7,0x3b,0x56,0xd6,0xa1,0x61,0x56,0xd6,0xa3,0x63,0x56,
    0xd6,0xa5,0x65,0x56,0xd6,0xa7,0x67,0x56,0xd7,0xa1,0x69,0x56,0xd7,0xa3,0x6b,0x56,
    0xd7,0xa5,0x6d,0x56,0xd7,0xa7,0x6f,0x56,0x00,0x07,0xfc,0xdb,0xb1,0x00,0x00,0xd0,
    0x00,0x07,0xfc,0xdb,0xb0,0x00,0x00,0xd4,0x02,0x00,0xc6,0xbf,0xc0,0x89,0x01,0x57,
    0xc0,0x8b,0x03,0x57,0xc0,0x8d,0x05,0x57,0xc0,0x8f,0x07,0x57,0xc1,0x89,0xc9,0x56,
    0xc1,0x8b,0xcb,0x56,0xc1,0x8d,0xcd,0x56,0xc1,0x8f,0xcf,0x56,0xc2,0x89,0xc1,0x56,
    0xc2,0x8b,0xc3,0x56,0xc2,0x8d,0xc5,0x56,0xc2,0x8f,0xc7,0x56,0xc3,0x89,0x81,0x56,
    0xc3,0x8b,0x83,0x56,0xc3,0x8d,0x85,0x56,0xc3,0x8f,0x87,0x56,0x01,0x00,0xc6,0xbf,
    0xc0,0xa1,0xe9,0x56,0xc0,0xa3,0xeb,0x56,0xc0,0xa5,0xed,0x56,0xc0,0xa7,0xef,0x56,
    0xc1,0xa1,0xe1,0x56,0xc1,0xa3,0xe3,0x56,0xc1,0xa5,0xe5,0x56,0xc1,0xa7,0xe7,0x56,
    0xc2,0xa1,0xa9,0x56,0xc2,0xa3,0xab,0x56,0xc2,0xa5,0xad,0x56,0xc2,0xa7,0xaf,0x56,
    0xc3,0xa1,0xa1,0x56,0xc3,0xa3,0xa3,0x56,0xc3,0xa5,0xa5,0x56,0xc3,0xa7,0xa7,0x56,
    0x00,0x08,0xfc,0xdb,0xb0,0x00,0x00,0xc0,0x01,0x00,0xc6,0xbf,0xd4,0x89,0x25,0x56,
    0xd4,0x8b,0x27,0x56,0xd4,0x8d,0x29,0x56,0xd4,0x8f,0x2b,0x56,0xd5,0x89,0x3d,0x56,
    0xd5,0x8b,0x3f,0x56,0xd5,0x8d,0x41,0x56,0xd5,0x8f,0x43,0x56,0xd6,0x89,0x45,0x56,
    0xd6,0x8b,0x47,0x56,0xd6,0x8d,0x49,0x56,0xd6,0x8f,0x4b,0x56,0xd7,0x89,0x89,0x56,
    0xd7,0x8b,0x8b,0x56,0xd7,0x8d,0x8d,0x56,0xd7,0x8f,0x8f,0x56,0x00,0x08,0xfc,0xdb,
    0xb1,0x00,0x00,0xc4,0xd4,0xa1,0x2d,0x56,0xd4,0xa3,0x2f,0x56,0xd4,0xa5,0x31,0x56,
    0xd4,0xa7,0x33,0x56,0xd5,0xa1,0x35,0x56,0xd5,0xa3,0x37,0x56,0xd5,0xa5,0x39,0x56,
    0xd5,0xa7,0x3b,0x56,0xd6,0xa1,0x61,0x56,0xd6,0xa3,0x63,0x56,0xd6,0xa5,0x65,0x56,
    0xd6,0xa7,0x67,0x56,0xd7,0xa1,0x69,0x56,0xd7,0xa3,0x6b,0x56,0xd7,0xa5,0x6d,0x56,
    0xd7,0xa7,0x6f,0x56,0x00,0x09,0xfc,0xdb,0xb1,0x00,0x00,0xd0,0x00,0x09,0xfc,0xdb,
    0xb0,0x00,0x00,0xd4,0x02,0x00,0xc6,0xbf,0xc0,0x89,0x01,0x57,0xc0,0x8b,0x03,0x57,
    0xc0,0x8d,0x05,0x57,0xc0,0x8f,0x07,0x57,0xc1,0x89,0xc9,0x56,0xc1,0x8b,0xcb,0x56,
    0xc1,0x8d,0xcd,0x56,0xc1,0x8f,0xcf,0x56,0xc2,0x89,0xc1,0x56,0xc2,0x8b,0xc3,0x56,
    0xc2,0x8d,0xc5,0x56,0xc2,0x8f,0xc7,0x56,0xc3,0x89,0x81,0x56,0xc3,0x8b,0x83,0x56,
    0xc3,0x8d,0x85,0x56,0xc3,0x8f,0x87,0x56,0x01,0x00,0xc6,0xbf,0xc0,0xa1,0xe9,0x56,
    0xc0,0xa3,0xeb,0x56,0xc0,0xa5,0xed,0x56,0xc0,0xa7,0xef,0x56,0xc1,0xa1,0xe1,0x56,
    0xc1,0xa3,0xe3,0x56,0xc1,0xa5,0xe5,0x56,0xc1,0xa7,0xe7,0x56,0xc2,0xa1,0xa9,0x56,
    0xc2,0xa3,0xab,0x56,0xc2,0xa5,0xad,0x56,0xc2,0xa7,0xaf,0x56,0xc3,0xa1,0xa1,0x56,
    0xc3,0xa3,0xa3,0x56,0xc3,0xa5,0xa5,0x56,0xc3,0xa7,0xa7,0x56,0x00,0x0a,0xfc,0xdb,
    0xb0,0x00,0x00,0xc0,0x01,0x00,0xc6,0xbf,0xd4,0x89,0x25,0x56,0xd4,0x8b,0x27,0x56,
    0xd4,0x8d,0x29,0x56,0xd4,0x8f,0x2b,0x56,0xd5,0x89,0x3d,0x56,0xd5,0x8b,0x3f,0x56,
    0xd5,0x8d,0x41,0x56,0xd5,0x8f,0x43,0x56,0xd6,0x89,0x45,0x56,0xd6,0x8b,0x47,0x56,
    0xd6,0x8d,0x49,0x56,0xd6,0x8f,0x4b,0x56,0xd7,0x89,0x89,0x56,0xd7,0x8b,0x8b,0x56,
    0xd7,0x8d,0x8d,0x56,0xd7,0x8f,0x8f,0x56,0x00,0x0a,0xfc,0xdb,0xb1,0x00,0x00,0xc4,
    0xd4,0xa1,0x2d,0x56,0xd4,0xa3,0x2f,0x56,0xd4,0xa5,0x31,0x56,0xd4,0xa7,0x33,0x56,
    0xd5,0xa1,0x35,0x56,0xd5,0xa3,0x37,0x56,0xd5,0xa5,0x39,0x56,0xd5,0xa7,0x3b,0x56,
    0xd6,0xa1,0x61,0x56,0xd6,0xa3,0x63,0x56,0xd6,0xa5,0x65,0x56,0xd6,0xa7,0x67,0x56,
    0xd7,0xa1,0x69,0x56,0xd7,0xa3,0x6b,0x56,0xd7,0xa5,0x6d,0x56,0xd7,0xa7,0x6f,0x56,
    0x00,0x0b,0xfc,0xdb,0xb1,0x00,0x00,0xd0,0x00,0x0b,0xfc,0xdb,0xb0,0x00,0x00,0xd4,
    0x02,0x00,0xc6,0xbf,0xc0,0x89,0x01,0x57,0xc0,0x8b,0x03,0x57,0xc0,0x8d,0x05,0x57,
    0xc0,0x8f,0x07,0x57,0xc1,0x89,0xc9,0x56,0xc1,0x8b,0xcb,0x56,0xc1,0x8d,0xcd,0x56,
    0xc1,0x8f,0xcf,0x56,0xc2,0x89,0xc1,0x56,0xc2,0x8b,0xc3,0x56,0xc2,0x8d,0xc5,0x56,
    0xc2,0x8f,0xc7,0x56,0xc3,0x89,0x81,0x56,0xc3,0x8b,0x83,0x56,0xc3,0x8d,0x85,0x56,
    0xc3,0x8f,0x87,0x56,0x01,0x00,0xc6,0xbf,0xc0,0xa1,0xe9,0x56,0xc0,0xa3,0xeb,0x56,
    0xc0,0xa5,0xed,0x56,0xc0,0xa7,0xef,0x56,0xc1,0xa1,0xe1,0x56,0xc1,0xa3,0xe3,0x56,
    0xc1,0xa5,0xe5,0x56,0xc1,0xa7,0xe7,0x56,0xc2,0xa1,0xa9,0x56,0xc2,0xa3,0xab,0x56,
    0xc2,0xa5,0xad,0x56,0xc2,0xa7,0xaf,0x56,0xc3,0xa1,0xa1,0x56,0xc3,0xa3,0xa3,0x56,
    0xc3,0xa5,0xa5,0x56,0xc3,0xa7,0xa7,0x56,0x00,0x0c,0xfc,0xdb,0xb0,0x00,0x00,0xc0,
    0x01,0x00,0xc6,0xbf,0xd4,0x89,0x25,0x56,0xd4,0x8b,0x27,0x56,0xd4,0x8d,0x29,0x56,
    0xd4,0x8f,0x2b,0x56,0xd5,0x89,0x3d,0x56,0xd5,0x8b,0x3f,0x56,0xd5,0x8d,0x41,0x56,
    0xd5,0x8f,0x43,0x56,0xd6,0x89,0x45,0x56,0xd6,0x8b,0x47,0x56,0xd6,0x8d,0x49,0x56,
    0xd6,0x8f,0x4b,0x56,0xd7,0x89,0x89,0x56,0xd7,0x8b,0x8b,0x56,0xd7,0x8d,0x8d,0x56,
    0xd7,0x8f,0x8f,0x56,0x00,0x0c,0xfc,0xdb,0xb1,0x00,0x00,0xc4,0xd4,0xa1,0x2d,0x56,
    0xd4,0xa3,0x2f,0x56,0xd4,0xa5,0x31,0x56,0xd4,0xa7,0x33,0x56,0xd5,0xa1,0x35,0x56,
    0xd5,0xa3,0x37,0x56,0xd5,0xa5,0x39,0x56,0xd5,0xa7,0x3b,0x56,0xd6,0xa1,0x61,0x56,
    0xd6,0xa3,0x63,0x56,0xd6,0xa5,0x65,0x56,0xd6,0xa7,0x67,0x56,0xd7,0xa1,0x69,0x56,
    0xd7,0xa3,0x6b,0x56,0xd7,0xa5,0x6d,0x56,0xd7,0xa7,0x6f,0x56,0x00,0x0d,0xfc,0xdb,
    0xb1,0x00,0x00,0xd0,0x00,0x0d,0xfc,0xdb,0xb0,0x00,0x00,0xd4,0x02,0x00,0xc6,0xbf,
    0xc0,0x89,0x01,0x57,0xc0,0x8b,0x03,0x57,0xc0,0x8d,0x05,0x57,0xc0,0x8f,0x07,0x57,
    0xc1,0x89,0xc9,0x56,0xc1,0x8b,0xcb,0x56,0xc1,0x8d,0xcd,0x56,0xc1,0x8f,0xcf,0x56,
    0xc2,0x89,0xc1,0x56,0xc2,0x8b,0xc3,0x56,0xc2,0x8d,0xc5,0x56,0xc2,0x8f,0xc7,0x56,
    0xc3,0x89,0x81,0x56,0xc3,0x8b,0x83,0x56,0xc3,0x8d,0x85,0x56,0xc3,0x8f,0x87,0x56,
    0x01,0x00,0xc6,0xbf,0xc0,0xa1,0xe9,0x56,0xc0,0xa3,0xeb,0x56,0xc0,0xa5,0xed,0x56,
    0xc0,0xa7,0xef,0x56,0xc1,0xa1,0xe1,0x56,0xc1,0xa3,0xe3,0x56,0xc1,0xa5,0xe5,0x56,
    0xc1,0xa7,0xe7,0x56,0xc2,0xa1,0xa9,0x56,0xc2,0xa3,0xab,0x56,0xc2,0xa5,0xad,0x56,
    0xc2,0xa7,0xaf,0x56,0xc3,0xa1,0xa1,0x56,0xc3,0xa3,0xa3,0x56,0xc3,0xa5,0xa5,0x56,
    0xc3,0xa7,0xa7,0x56,0x00,0x0e,0xfc,0xdb,0xb0,0x00,0x00,0xc0,0x01,0x00,0xc6,0xbf,
    0xd4,0x89,0x25,0x56,0xd4,0x8b,0x27,0x56,0xd4,0x8d,0x29,0x56,0xd4,0x8f,0x2b,0x56,
    0xd5,0x89,0x3d,0x56,0xd5,0x8b,0x3f,0x56,0xd5,0x8d,0x41,0x56,0xd5,0x8f,0x43,0x56,
    0xd6,0x89,0x45,0x56,0xd6,0x8b,0x47,0x56,0xd6,0x8d,0x49,0x56,0xd6,0x8f,0x4b,0x56,
    0xd7,0x89,0x89,0x56,0xd7,0x8b,0x8b,0x56,0xd7,0x8d,0x8d,0x56,0xd7,0x8f,0x8f,0x56,
    0x00,0x0e,0xfc,0xdb,0xb1,0x00,0x00,0xc4,0xd4,0xa1,0x2d,0x56,0xd4,0xa3,0x2f,0x56,
    0xd4,0xa5,0x31,0x56,0xd4,0xa7,0x33,0x56,0xd5,0xa1,0x35,0x56,0xd5,0xa3,0x37,0x56,
    0xd5,0xa5,0x39,0x56,0xd5,0xa7,0x3b,0x56,0xd6,0xa1,0x61,0x56,0xd6,0xa3,0x63,0x56,
    0xd6,0xa5,0x65,0x56,0xd6,0xa7,0x67,0x56,0xd7,0xa1,0x69,0x56,0xd7,0xa3,0x6b,0x56,
    0xd7,0xa5,0x6d,0x56,0xd7,0xa7,0x6f,0x56,0x00,0x0f,0xfc,0xdb,0xb1,0x00,0x00,0xd0,
    0x00,0x0f,0xfc,0xdb,0xb0,0x00,0x00,0xd4,0x02,0x00,0xc6,0xbf,0xc0,0x89,0x01,0x57,
    0xc0,0x8b,0x03,0x57,0xc0,0x8d,0x05,0x57,0xc0,0x8f,0x07,0x57,0xc1,0x89,0xc9,0x56,
    0xc1,0x8b,0xcb,0x56,0xc1,0x8d,0xcd,0x56,0xc1,0x8f,0xcf,0x56,0xc2,0x89,0xc1,0x56,
    0xc2,0x8b,0xc3,0x56,0xc2,0x8d,0xc5,0x56,0xc2,0x8f,0xc7,0x56,0xc3,0x89,0x81,0x56,
    0xc3,0x8b,0x83,0x56,0xc3,0x8d,0x85,0x56,0xc3,0x8f,0x87,0x56,0x01,0x00,0xc6,0xbf,
    0xc0,0xa1,0xe9,0x56,0xc0,0xa3,0xeb,0x56,0xc0,0xa5,0xed,0x56,0xc0,0xa7,0xef,0x56,
    0xc1,0xa1,0xe1,0x56,0xc1,0xa3,0xe3,0x56,0xc1,0xa5,0xe5,0x56,0xc1,0xa7,0xe7,0x56,
    0xc2,0xa1,0xa9,0x56,0xc2,0xa3,0xab,0x56,0xc2,0xa5,0xad,0x56,0xc2,0xa7,0xaf,0x56,
    0xc3,0xa1,0xa1,0x56,0xc3,0xa3,0xa3,0x56,0xc3,0xa5,0xa5,0x56,0xc3,0xa7,0xa7,0x56,
    0x00,0x10,0xfc,0xdb,0xb0,0x00,0x00,0xc0,0x01,0x00,0xc6,0xbf,0xd4,0x89,0x25,0x56,
    0xd4,0x8b,0x27,0x56,0xd4,0x8d,0x29,0x56,0xd4,0x8f,0x2b,0x56,0xd5,0x89,0x3d,0x56,
    0xd5,0x8b,0x3f,0x56,0xd5,0x8d,0x41,0x56,0xd5,0x8f,0x43,0x56,0xd6,0x89,0x45,0x56,
    0xd6,0x8b,0x47,0x56,0xd6,0x8d,0x49,0x56,0xd6,0x8f,0x4b,0x56,0xd7,0x89,0x89,0x56,
    0xd7,0x8b,0x8b,0x56,0xd7,0x8d,0x8d,0x56,0xd7,0x8f,0x8f,0x56,0x00,0x10,0xfc,0xdb,
    0xb1,0x00,0x00,0xc4,0xd4,0xa1,0x2d,0x56,0xd4,0xa3,0x2f,0x56,0xd4,0xa5,0x31,0x56,
    0xd4,0xa7,0x33,0x56,0xd5,0xa1,0x35,0x56,0xd5,0xa3,0x37,0x56,0xd5,0xa5,0x39,0x56,
    0xd5,0xa7,0x3b,0x56,0xd6,0xa1,0x61,0x56,0xd6,0xa3,0x63,0x56,0xd6,0xa5,0x65,0x56,
    0xd6,0xa7,0x67,0x56,0xd7,0xa1,0x69,0x56,0xd7,0xa3,0x6b,0x56,0xd7,0xa5,0x6d,0x56,
    0xd7,0xa7,0x6f,0x56,0x00,0x11,0xfc,0xdb,0xb1,0x00,0x00,0xd0,0x00,0x11,0xfc,0xdb,
    0xb0,0x00,0x00,0xd4,0x02,0x00,0xc6,0xbf,0xc0,0x89,0x01,0x57,0xc0,0x8b,0x03,0x57,
    0xc0,0x8d,0x05,0x57,0xc0,0x8f,0x07,0x57,0xc1,0x89,0xc9,0x56,0xc1,0x8b,0xcb,0x56,
    0xc1,0x8d,0xcd,0x56,0xc1,0x8f,0xcf,0x56,0xc2,0x89,0xc1,0x56,0xc2,0x8b,0xc3,0x56,
    0xc2,0x8d,0xc5,0x56,0xc2,0x8f,0xc7,0x56,0xc3,0x89,0x81,0x56,0xc3,0x8b,0x83,0x56,
    0xc3,0x8d,0x85,0x56,0xc3,0x8f,0x87,0x56,0x01,0x00,0xc6,0xbf,0xc0,0xa1,0xe9,0x56,
    0xc0,0xa3,0xeb,0x56,0xc0,0xa5,0xed,0x56,0xc0,0xa7,0xef,0x56,0xc1,0xa1,0xe1,0x56,
    0xc1,0xa3,0xe3,0x56,0xc1,0xa5,0xe5,0x56,0xc1,0xa7,0xe7,0x56,0xc2,0xa1,0xa9,0x56,
    0xc2,0xa3,0xab,0x56,0xc2,0xa5,0xad,0x56,0xc2,0xa7,0xaf,0x56,0xc3,0xa1,0xa1,0x56,
    0xc3,0xa3,0xa3,0x56,0xc3,0xa5,0xa5,0x56,0xc3,0xa7,0xa7,0x56,0x00,0x12,0xfc,0xdb,
    0xb0,0x00,0x00,0xc0,0x01,0x00,0xc6,0xbf,0xd4,0x89,0x25,0x56,0xd4,0x8b,0x27,0x56,
    0xd4,0x8d,0x29,0x56,0xd4,0x8f,0x2b,0x56,0xd5,0x89,0x3d,0x56,0xd5,0x8b,0x3f,0x56,
    0xd5,0x8d,0x41,0x56,0xd5,0x8f,0x43,0x56,0xd6,0x89,0x45,0x56,0xd6,0x8b,0x47,0x56,
    0xd6,0x8d,0x49,0x56,0xd6,0x8f,0x4b,0x56,0xd7,0x89,0x89,0x56,0xd7,0x8b,0x8b,0x56,
    0xd7,0x8d,0x8d,0x56,0xd7,0x8f,0x8f,0x56,0x00,0x12,0xfc,0xdb,0xb1,0x00,0x00,0xc4,
    0xd4,0xa1,0x2d,0x56,0xd4,0xa3,0x2f,0x56,0xd4,0xa5,0x31,0x56,0xd4,0xa7,0x33,0x56,
    0xd5,0xa1,0x35,0x56,0xd5,0xa3,0x37,0x56,0xd5,0xa5,0x39,0x56,0xd5,0xa7,0x3b,0x56,
    0xd6,0xa1,0x61,0x56,0xd6,0xa3,0x63,0x56,0xd6,0xa5,0x65,0x56,0xd6,0xa7,0x67,0x56,
    0xd7,0xa1,0x69,0x56,0xd7,0xa3,0x6b,0x56,0xd7,0xa5,0x6d,0x56,0xd7,0xa7,0x6f,0x56,
    0x00,0x13,0xfc,0xdb,0xb1,0x00,0x00,0xd0,0x00,0x13,0xfc,0xdb,0xb0,0x00,0x00,0xd4,
    0x02,0x00,0xc6,0xbf,0xc0,0x89,0x01,0x57,0xc0,0x8b,0x03,0x57,0xc0,0x8d,0x05,0x57,
    0xc0,0x8f,0x07,0x57,0xc1,0x89,0xc9,0x56,0xc1,0x8b,0xcb,0x56,0xc1,0x8d,0xcd,0x56,
    0xc1,0x8f,0xcf,0x56,0xc2,0x89,0xc1,0x56,0xc2,0x8b,0xc3,0x56,0xc2,0x8d,0xc5,0x56,
    0xc2,0x8f,0xc7,0x56,0xc3,0x89,0x81,0x56,0xc3,0x8b,0x83,0x56,0xc3,0x8d,0x85,0x56,
    0xc3,0x8f,0x87,0x56,0x01,0x00,0xc6,0xbf,0xc0,0xa1,0xe9,0x56,0xc0,0xa3,0xeb,0x56,
    0xc0,0xa5,0xed,0x56,0xc0,0xa7,0xef,0x56,0xc1,0xa1,0xe1,0x56,0xc1,0xa3,0xe3,0x56,
    0xc1,0xa5,0xe5,0x56,0xc1,0xa7,0xe7,0x56,0xc2,0xa1,0xa9,0x56,0xc2,0xa3,0xab,0x56,
    0xc2,0xa5,0xad,0x56,0xc2,0xa7,0xaf,0x56,0xc3,0xa1,0xa1,0x56,0xc3,0xa3,0xa3,0x56,
    0xc3,0xa5,0xa5,0x56,0xc3,0xa7,0xa7,0x56,0x00,0x14,0xfc,0xdb,0xb0,0x00,0x00,0xc0,
    0x01,0x00,0xc6,0xbf,0xd4,0x89,0x25,0x56,0xd4,0x8b,0x27,0x56,0xd4,0x8d,0x29,0x56,
    0xd4,0x8f,0x2b,0x56,0xd5,0x89,0x3d,0x56,0xd5,0x8b,0x3f,0x56,0xd5,0x8d,0x41,0x56,
    0xd5,0x8f,0x43,0x56,0xd6,0x89,0x45,0x56,0xd6,0x8b,0x47,0x56,0xd6,0x8d,0x49,0x56,
    0xd6,0x8f,0x4b,0x56,0xd7,0x89,0x89,0x56,0xd7,0x8b,0x8b,0x56,0xd7,0x8d,0x8d,0x56,
    0xd7,0x8f,0x8f,0x56,0x00,0x14,0xfc,0xdb,0xb1,0x00,0x00,0xc4,0xd4,0xa1,0x2d,0x56,
    0xd4,0xa3,0x2f,0x56,0xd4,0xa5,0x31,0x56,0xd4,0xa7,0x33,0x56,0xd5,0xa1,0x35,0x56,
    0xd5,0xa3,0x37,0x56,0xd5,0xa5,0x39,0x56,0xd5,0xa7,0x3b,0x56,0xd6,0xa1,0x61,0x56,
    0xd6,0xa3,0x63,0x56,0xd6,0xa5,0x65,0x56,0xd6,0xa7,0x67,0x56,0xd7,0xa1,0x69,0x56,
    0xd7,0xa3,0x6b,0x56,0xd7,0xa5,0x6d,0x56,0xd7,0xa7,0x6f,0x56,0x00,0x15,0xfc,0xdb,
    0xb1,0x00,0x00,0xd0,0x00,0x15,0xfc,0xdb,0xb0,0x00,0x00,0xd4,0x02,0x00,0xc6,0xbf,
    0xc0,0x89,0x01,0x57,0xc0,0x8b,0x03,0x57,0xc0,0x8d,0x05,0x57,0xc0,0x8f,0x07,0x57,
    0xc1,0x89,0xc9,0x56,0xc1,0x8b,0xcb,0x56,0xc1,0x8d,0xcd,0x56,0xc1,0x8f,0xcf,0x56,
    0xc2,0x89,0xc1,0x56,0xc2,0x8b,0xc3,0x56,0xc2,0x8d,0xc5,0x56,0xc2,0x8f,0xc7,0x56,
    0xc3,0x89,0x81,0x56,0xc3,0x8b,0x83,0x56,0xc3,0x8d,0x85,0x56,0xc3,0x8f,0x87,0x56,
    0x01,0x00,0xc6,0xbf,0xc0,0xa1,0xe9,0x56,0xc0,0xa3,0xeb,0x56,0xc0,0xa5,0xed,0x56,
    0xc0,0xa7,0xef,0x56,0xc1,0xa1,0xe1,0x56,0xc1,0xa3,0xe3,0x56,0xc1,0xa5,0xe5,0x56,
    0xc1,0xa7,0xe7,0x56,0xc2,0xa1,0xa9,0x56,0xc2,0xa3,0xab,0x56,0xc2,0xa5,0xad,0x56,
    0xc2,0xa7,0xaf,0x56,0xc3,0xa1,0xa1,0x56,0xc3,0xa3,0xa3,0x56,0xc3,0xa5,0xa5,0x56,
    0xc3,0xa7,0xa7,0x56,0x00,0x16,0xfc,0xdb,0xb0,0x00,0x00,0xc0,0x01,0x00,0xc6,0xbf,
    0xd4,0x89,0x25,0x56,0xd4,0x8b,0x27,0x56,0xd4,0x8d,0x29,0x56,0xd4,0x8f,0x2b,0x56,
    0xd5,0x89,0x3d,0x56,0xd5,0x8b,0x3f,0x56,0xd5,0x8d,0x41,0x56,0xd5,0x8f,0x43,0x56,
    0xd6,0x89,0x45,0x56,0xd6,0x8b,0x47,0x56,0xd6,0x8d,0x49,0x56,0xd6,0x8f,0x4b,0x56,
    0xd7,0x89,0x89,0x56,0xd7,0x8b,0x8b,0x56,0xd7,0x8d,0x8d,0x56,0xd7,0x8f,0x8f,0x56,
    0x00,0x16,0xfc,0xdb,0xb1,0x00,0x00,0xc4,0xd4,0xa1,0x2d,0x56,0xd4,0xa3,0x2f,0x56,
    0xd4,0xa5,0x31,0x56,0xd4,0xa7,0x33,0x56,0xd5,0xa1,0x35,0x56,0xd5,0xa3,0x37,0x56,
    0xd5,0xa5,0x39,0x56,0xd5,0xa7,0x3b,0x56,0xd6,0xa1,0x61,0x56,0xd6,0xa3,0x63,0x56,
    0xd6,0xa5,0x65,0x56,0xd6,0xa7,0x67,0x56,0xd7,0xa1,0x69,0x56,0xd7,0xa3,0x6b,0x56,
    0xd7,0xa5,0x6d,0x56,0xd7,0xa7,0x6f,0x56,0x00,0x17,0xfc,0xdb,0xb1,0x00,0x00,0xd0,
    0x00,0x17,0xfc,0xdb,0xb0,0x00,0x00,0xd4,0x02,0x00,0xc6,0xbf,0xc0,0x89,0x01,0x57,
    0xc0,0x8b,0x03,0x57,0xc0,0x8d,0x05,0x57,0xc0,0x8f,0x07,0x57,0xc1,0x89,0xc9,0x56,
    0xc1,0x8b,0xcb,0x56,0xc1,0x8d,0xcd,0x56,0xc1,0x8f,0xcf,0x56,0xc2,0x89,0xc1,0x56,
    0xc2,0x8b,0xc3,0x56,0xc2,0x8d,0xc5,0x56,0xc2,0x8f,0xc7,0x56,0xc3,0x89,0x81,0x56,
    0xc3,0x8b,0x83,0x56,0xc3,0x8d,0x85,0x56,0xc3,0x8f,0x87,0x56,0x01,0x00,0xc6,0xbf,
    0xc0,0xa1,0xe9,0x56,0xc0,0xa3,0xeb,0x56,0xc0,0xa5,0xed,0x56,0xc0,0xa7,0xef,0x56,
    0xc1,0xa1,0xe1,0x56,0xc1,0xa3,0xe3,0x56,0xc1,0xa5,0xe5,0x56,0xc1,0xa7,0xe7,0x56,
    0xc2,0xa1,0xa9,0x56,0xc2,0xa3,0xab,0x56,0xc2,0xa5,0xad,0x56,0xc2,0xa7,0xaf,0x56,
    0xc3,0xa1,0xa1,0x56,0xc3,0xa3,0xa3,0x56,0xc3,0xa5,0xa5,0x56,0xc3,0xa7,0xa7,0x56,
    0x00,0x18,0xfc,0xdb,0xb0,0x00,0x00,0xc0,0x01,0x00,0xc6,0xbf,0xd4,0x89,0x25,0x56,
    0xd4,0x8b,0x27,0x56,0xd4,0x8d,0x29,0x56,0xd4,0x8f,0x2b,0x56,0xd5,0x89,0x3d,0x56,
    0xd5,0x8b,0x3f,0x56,0xd5,0x8d,0x41,0x56,0xd5,0x8f,0x43,0x56,0xd6,0x89,0x45,0x56,
    0xd6,0x8b,0x47,0x56,0xd6,0x8d,0x49,0x56,0xd6,0x8f,0x4b,0x56,0xd7,0x89,0x89,0x56,
    0xd7,0x8b,0x8b,0x56,0xd7,0x8d,0x8d,0x56,0xd7,0x8f,0x8f,0x56,0x00,0x18,0xfc,0xdb,
    0xb1,0x00,0x00,0xc4,0xd4,0xa1,0x2d,0x56,0xd4,0xa3,0x2f,0x56,0xd4,0xa5,0x31,0x56,
    0xd4,0xa7,0x33,0x56,0xd5,0xa1,0x35,0x56,0xd5,0xa3,0x37,0x56,0xd5,0xa5,0x39,0x56,
    0xd5,0xa7,0x3b,0x56,0xd6,0xa1,0x61,0x56,0xd6,0xa3,0x63,0x56,0xd6,0xa5,0x65,0x56,
    0xd6,0xa7,0x67,0x56,0xd7,0xa1,0x69,0x56,0xd7,0xa3,0x6b,0x56,0xd7,0xa5,0x6d,0x56,
    0xd7,0xa7,0x6f,0x56,0x00,0x19,0xfc,0xdb,0xb1,0x00,0x00,0xd0,0x00,0x19,0xfc,0xdb,
    0xb0,0x00,0x00,0xd4,0x02,0x00,0xc6,0xbf,0xc0,0x89,0x01,0x57,0xc0,0x8b,0x03,0x57,
    0xc0,0x8d,0x05,0x57,0xc0,0x8f,0x07,0x57,0xc1,0x89,0xc9,0x56,0xc1,0x8b,0xcb,0x56,
    0xc1,0x8d,0xcd,0x56,0xc1,0x8f,0xcf,0x56,0xc2,0x89,0xc1,0x56,0xc2,0x8b,0xc3,0x56,
    0xc2,0x8d,0xc5,0x56,0xc2,0x8f,0xc7,0x56,0xc3,0x89,0x81,0x56,0xc3,0x8b,0x83,0x56,
    0xc3,0x8d,0x85,0x56,0xc3,0x8f,0x87,0x56,0x01,0x00,0xc6,0xbf,0xc0,0xa1,0xe9,0x56,
    0xc0,0xa3,0xeb,0x56,0xc0,0xa5,0xed,0x56,0xc0,0xa7,0xef,0x56,0xc1,0xa1,0xe1,0x56,
    0xc1,0xa3,0xe3,0x56,0xc1,0xa5,0xe5,0x56,0xc1,0xa7,0xe7,0x56,0xc2,0xa1,0xa9,0x56,
    0xc2,0xa3,0xab,0x56,0xc2,0xa5,0xad,0x56,0xc2,0xa7,0xaf,0x56,0xc3,0xa1,0xa1,0x56,
    0xc3,0xa3,0xa3,0x56,0xc3,0xa5,0xa5,0x56,0xc3,0xa7,0xa7,0x56,0x00,0x1a,0xfc,0xdb,
    0xb0,0x00,0x00,0xc0,0x01,0x00,0xc6,0xbf,0xd4,0x89,0x25,0x56,0xd4,0x8b,0x27,0x56,
    0xd4,0x8d,0x29,0x56,0xd4,0x8f,0x2b,0x56,0xd5,0x89,0x3d,0x56,0xd5,0x8b,0x3f,0x56,
    0xd5,0x8d,0x41,0x56,0xd5,0x8f,0x43,0x56,0xd6,0x89,0x45,0x56,0xd6,0x8b,0x47,0x56,
    0xd6,0x8d,0x49,0x56,0xd6,0x8f,0x4b,0x56,0xd7,0x89,0x89,0x56,0xd7,0x8b,0x8b,0x56,
    0xd7,0x8d,0x8d,0x56,0xd7,0x8f,0x8f,0x56,0x00,0x1a,0xfc,0xdb,0xb1,0x00,0x00,0xc4,
    0xd4,0xa1,0x2d,0x56,0xd4,0xa3,0x2f,0x56,0xd4,0xa5,0x31,0x56,0xd4,0xa7,0x33,0x56,
    0xd5,0xa1,0x35,0x56,0xd5,0xa3,0x37,0x56,0xd5,0xa5,0x39,0x56,0xd5,0xa7,0x3b,0x56,
    0xd6,0xa1,0x61,0x56,0xd6,0xa3,0x63,0x56,0xd6,0xa5,0x65,0x56,0xd6,0xa7,0x67,0x56,
    0xd7,0xa1,0x69,0x56,0xd7,0xa3,0x6b,0x56,0xd7,0xa5,0x6d,0x56,0xd7,0xa7,0x6f,0x56,
    0x00,0x1b,0xfc,0xdb,0xb1,0x00,0x00,0xd0,0x00,0x1b,0xfc,0xdb,0xb0,0x00,0x00,0xd4,
    0x02,0x00,0xc6,0xbf,0xc0,0x89,0x01,0x57,0xc0,0x8b,0x03,0x57,0xc0,0x8d,0x05,0x57,
    0xc0,0x8f,0x07,0x57,0xc1,0x89,0xc9,0x56,0xc1,0x8b,0xcb,0x56,0xc1,0x8d,0xcd,0x56,
    0xc1,0x8f,0xcf,0x56,0xc2,0x89,0xc1,0x56,0xc2,0x8b,0xc3,0x56,0xc2,0x8d,0xc5,0x56,
    0xc2,0x8f,0xc7,0x56,0xc3,0x89,0x81,0x56,0xc3,0x8b,0x83,0x56,0xc3,0x8d,0x85,0x56,
    0xc3,0x8f,0x87,0x56,0x01,0x00,0xc6,0xbf,0xc0,0xa1,0xe9,0x56,0xc0,0xa3,0xeb,0x56,
    0xc0,0xa5,0xed,0x56,0xc0,0xa7,0xef,0x56,0xc1,0xa1,0xe1,0x56,0xc1,0xa3,0xe3,0x56,
    0xc1,0xa5,0xe5,0x56,0xc1,0xa7,0xe7,0x56,0xc2,0xa1,0xa9,0x56,0xc2,0xa3,0xab,0x56,
    0xc2,0xa5,0xad,0x56,0xc2,0xa7,0xaf,0x56,0xc3,0xa1,0xa1,0x56,0xc3,0xa3,0xa3,0x56,
    0xc3,0xa5,0xa5,0x56,0xc3,0xa7,0xa7,0x56,0x00,0x1c,0xfc,0xdb,0xb0,0x00,0x00,0xc0,
    0x01,0x00,0xc6,0xbf,0xd4,0x89,0x25,0x56,0xd4,0x8b,0x27,0x56,0xd4,0x8d,0x29,0x56,
    0xd4,0x8f,0x2b,0x56,0xd5,0x89,0x3d,0x56,0xd5,0x8b,0x3f,0x56,0xd5,0x8d,0x41,0x56,
    0xd5,0x8f,0x43,0x56,0xd6,0x89,0x45,0x56,0xd6,0x8b,0x47,0x56,0xd6,0x8d,0x49,0x56,
    0xd6,0x8f,0x4b,0x56,0xd7,0x89,0x89,0x56,0xd7,0x8b,0x8b,0x56,0xd7,0x8d,0x8d,0x56,
    0xd7,0x8f,0x8f,0x56,0x00,0x1c,0xfc,0xdb,0xb1,0x00,0x00,0xc4,0xd4,0xa1,0x2d,0x56,
    0xd4,0xa3,0x2f,0x56,0xd4,0xa5,0x31,0x56,0xd4,0xa7,0x33,0x56,0xd5,0xa1,0x35,0x56,
    0xd5,0xa3,0x37,0x56,0xd5,0xa5,0x39,0x56,0xd5,0xa7,0x3b,0x56,0xd6,0xa1,0x61,0x56,
    0xd6,0xa3,0x63,0x56,0xd6,0xa5,0x65,0x56,0xd6,0xa7,0x67,0x56,0xd7,0xa1,0x69,0x56,
    0xd7,0xa3,0x6b,0x56,0xd7,0xa5,0x6d,0x56,0xd7,0xa7,0x6f,0x56,0x00,0x1d,0xfc,0xdb,
    0xb1,0x00,0x00,0xd0,0x00,0x1d,0xfc,0xdb,0xb0,0x00,0x00,0xd4,0x02,0x00,0xc6,0xbf,
    0xc0,0x89,0x01,0x57,0xc0,0x8b,0x03,0x57,0xc0,0x8d,0x05,0x57,0xc0,0x8f,0x07,0x57,
    0xc1,0x89,0xc9,0x56,0xc1,0x8b,0xcb,0x56,0xc1,0x8d,0xcd,0x56,0xc1,0x8f,0xcf,0x56,
    0xc2,0x89,0xc1,0x56,0xc2,0x8b,0xc3,0x56,0xc2,0x8d,0xc5,0x56,0xc2,0x8f,0xc7,0x56,
    0xc3,0x89,0x81,0x56,0xc3,0x8b,0x83,0x56,0xc3,0x8d,0x85,0x56,0xc3,0x8f,0x87,0x56,
    0x01,0x00,0xc6,0xbf,0xc0,0xa1,0xe9,0x56,0xc0,0xa3,0xeb,0x56,0xc0,0xa5,0xed,0x56,
    0xc0,0xa7,0xef,0x56,0xc1,0xa1,0xe1,0x56,0xc1,0xa3,0xe3,0x56,0xc1,0xa5,0xe5,0x56,
    0xc1,0xa7,0xe7,0x56,0xc2,0xa1,0xa9,0x56,0xc2,0xa3,0xab,0x56,0xc2,0xa5,0xad,0x56,
    0xc2,0xa7,0xaf,0x56,0xc3,0xa1,0xa1,0x56,0xc3,0xa3,0xa3,0x56,0xc3,0xa5,0xa5,0x56,
    0xc3,0xa7,0xa7,0x56,0x00,0x1e,0xfc,0xdb,0xb0,0x00,0x00,0xc0,0x01,0x00,0xc6,0xbf,
    0xd4,0x89,0x25,0x56,0xd4,0x8b,0x27,0x56,0xd4,0x8d,0x29,0x56,0xd4,0x8f,0x2b,0x56,
    0xd5,0x89,0x3d,0x56,0xd5,0x8b,0x3f,0x56,0xd5,0x8d,0x41,0x56,0xd5,0x8f,0x43,0x56,
    0xd6,0x89,0x45,0x56,0xd6,0x8b,0x47,0x56,0xd6,0x8d,0x49,0x56,0xd6,0x8f,0x4b,0x56,
    0xd7,0x89,0x89,0x56,0xd7,0x8b,0x8b,0x56,0xd7,0x8d,0x8d,0x56,0xd7,0x8f,0x8f,0x56,
    0x00,0x1e,0xfc,0xdb,0xb1,0x00,0x00,0xc4,0xd4,0xa1,0x2d,0x56,0xd4,0xa3,0x2f,0x56,
    0xd4,0xa5,0x31,0x56,0xd4,0xa7,0x33,0x56,0xd5,0xa1,0x35,0x56,0xd5,0xa3,0x37,0x56,
    0xd5,0xa5,0x39,0x56,0xd5,0xa7,0x3b,0x56,0xd6,0xa1,0x61,0x56,0xd6,0xa3,0x63,0x56,
    0xd6,0xa5,0x65,0x56,0xd6,0xa7,0x67,0x56,0xd7,0xa1,0x69,0x56,0xd7,0xa3,0x6b,0x56,
    0xd7,0xa5,0x6d,0x56,0xd7,0xa7,0x6f,0x56,0x00,0x1f,0xfc,0xdb,0xb1,0x00,0x00,0xd0,
    0x00,0x1f,0xfc,0xdb,0xb0,0x00,0x00,0xd4,0x02,0x00,0xc6,0xbf,0xc0,0x89,0x01,0x57,
    0xc0,0x8b,0x03,0x57,0xc0,0x8d,0x05,0x57,0xc0,0x8f,0x07,0x57,0xc1,0x89,0xc9,0x56,
    0xc1,0x8b,0xcb,0x56,0xc1,0x8d,0xcd,0x56,0xc1,0x8f,0xcf,0x56,0xc2,0x89,0xc1,0x56,
    0xc2,0x8b,0xc3,0x56,0xc2,0x8d,0xc5,0x56,0xc2,0x8f,0xc7,0x56,0xc3,0x89,0x81,0x56,
    0xc3,0x8b,0x83,0x56,0xc3,0x8d,0x85,0x56,0xc3,0x8f,0x87,0x56,0x01,0x00,0xc6,0xbf,
    0xc0,0xa1,0xe9,0x56,0xc0,0xa3,0xeb,0x56,0xc0,0xa5,0xed,0x56,0xc0,0xa7,0xef,0x56,
    0xc1,0xa1,0xe1,0x56,0xc1,0xa3,0xe3,0x56,0xc1,0xa5,0xe5,0x56,0xc1,0xa7,0xe7,0x56,
    0xc2,0xa1,0xa9,0x56,0xc2,0xa3,0xab,0x56,0xc2,0xa5,0xad,0x56,0xc2,0xa7,0xaf,0x56,
    0xc3,0xa1,0xa1,0x56,0xc3,0xa3,0xa3,0x56,0xc3,0xa5,0xa5,0x56,0xc3,0xa7,0xa7,0x56,
    0x00,0x00,0xc6,0xbf,0xd4,0x89,0x25,0x56,0xd4,0x8b,0x27,0x56,0xd4,0x8d,0x29,0x56,
    0xd4,0x8f,0x2b,0x56,0xd5,0x89,0x3d,0x56,0xd5,0x8b,0x3f,0x56,0xd5,0x8d,0x41,0x56,
    0xd5,0x8f,0x43,0x56,0xd6,0x89,0x45,0x56,0xd6,0x8b,0x47,0x56,0xd6,0x8d,0x49,0x56,
    0xd6,0x8f,0x4b,0x56,0xd7,0x89,0x89,0x56,0xd7,0x8b,0x8b,0x56,0xd7,0x8d,0x8d,0x56,
    0xd7,0x8f,0x8f,0x56,0xd4,0xa1,0x2d,0x56,0xd4,0xa3,0x2f,0x56,0xd4,0xa5,0x31,0x56,
    0xd4,0xa7,0x33,0x56,0xd5,0xa1,0x35,0x56,0xd5,0xa3,0x37,0x56,0xd5,0xa5,0x39,0x56,
    0xd5,0xa7,0x3b,0x56,0xd6,0xa1,0x61,0x56,0xd6,0xa3,0x63,0x56,0xd6,0xa5,0x65,0x56,
    0xd6,0xa7,0x67,0x56,0xd7,0xa1,0x69,0x56,0xd7,0xa3,0x6b,0x56,0xd7,0xa5,0x6d,0x56,
    0xd7,0xa7,0x6f,0x56,0x01,0x00,0xc0,0xbf,0x00,0x00,0x7c,0xdb,0xa6,0x94,0x00,0x00,
    0x00,0x00,0xc0,0xbf,0x00,0x02,0x7c,0xdb,0xa6,0xa0,0x00,0x00,0x7c,0x00,0x05,0xec,
    0x0d,0x00,0x00,0x00,0x08,0x08,0x00,0x00,0x00,0x02,0x3c,0xd8,0xa7,0x84,0x85,0x00,
    0x04,0x06,0x3c,0xd8,0xa7,0x86,0x87,0x00,0x08,0x0a,0x3c,0xd8,0xa7,0x90,0x91,0x00,
    0x0c,0x0e,0x3c,0xd8,0xa7,0x92,0x93,0x00,0x04,0x00,0xc8,0xbf,0x06,0x7c,0xfe,0xd6,
    0x0d,0x1f,0x19,0x04,0x00,0x05,0x08,0x7e,0x01,0x05,0x0a,0x7e,0x02,0x05,0x0c,0x7e,
    0x03,0x05,0x0e,0x7e,0x13,0x01,0x87,0xbf,0x04,0x00,0xb4,0x7c,0x00,0x00,0x5a,0xd4,
    0x06,0x04,0x02,0x00,0x91,0x04,0x87,0xbf,0x6a,0x00,0x00,0x8b,0x00,0x20,0x80,0xbe,
    0x7c,0xc0,0x05,0xc4,0x84,0x08,0x80,0x40,0xb7,0x70,0x00,0x00,0x7e,0x00,0x7e,0x8d,
    0xf0,0xff,0xa6,0xbf,0x09,0x00,0xfe,0xbe,0x09,0x00,0x87,0xbf,0x7e,0x00,0x89,0xbe,
    0x00,0x05,0x08,0x7e,0x01,0x05,0x0a,0x7e,0x02,0x05,0x0c,0x7e,0x03,0x05,0x0e,0x7e,
    0x13,0x01,0x87,0xbf,0x04,0x00,0xb4,0x7c,0x00,0x00,0x5a,0xd4,0x06,0x04,0x02,0x00,
    0x91,0x04,0x87,0xbf,0x6a,0x00,0x00,0x8b,0x00,0x20,0x80,0xbe,0x7c,0xc0,0x05,0xc4,
    0x90,0x08,0x80,0x40,0xb3,0x00,0x00,0x00,0x7e,0x00,0x7e,0x8d,0xf0,0xff,0xa6,0xbf,
    0x09,0x00,0xfe,0xbe,0x82,0x0c,0x0e,0x30,0x7e,0x00,0x89,0xbe,0x0e,0x05,0x08,0x7e,
    0x0f,0x05,0x0a,0x7e,0x10,0x05,0x0c,0x7e,0x11,0x05,0x0e,0x7e,0x13,0x01,0x87,0xbf,
    0x04,0x1c,0xb4,0x7c,0x00,0x00,0x5a,0xd4,0x06,0x20,0x02,0x00,0x91,0x04,0x87,0xbf,
    0x6a,0x00,0x00,0x8b,0x00,0x20,0x80,0xbe,0x7c,0xc0,0x05,0xc4,0x94,0x08,0x80,0x40,
    0x07,0x00,0x00,0x00,0x7e,0x00,0x7e,0x8d,0xf0,0xff,0xa6,0xbf,0x09,0x00,0xfe,0xbe,
    0x0d,0x0d,0x1a,0x4a,0x7e,0x00,0x89,0xbe,0x01,0x00,0x87,0xbf,0x82,0x1a,0x0c,0x30,
    0x0e,0x05,0x08,0x7e,0x0f,0x05,0x0a,0x7e,0x10,0x05,0x0c,0x7e,0x11,0x05,0x0e,0x7e,
    0x13,0x01,0x87,0xbf,0x04,0x1c,0xb4,0x7c,0x00,0x00,0x5a,0xd4,0x06,0x20,0x02,0x00,
    0x91,0x04,0x87,0xbf,0x6a,0x00,0x00,0x8b,0x00,0x20,0x80,0xbe,0x7c,0xc0,0x05,0xc4,
    0xa0,0x08,0x80,0x40,0x06,0x00,0x00,0x00,0x7e,0x00,0x7e,0x8d,0xf0,0xff,0xa6,0xbf,
    0x09,0x00,0xfe,0xbe,0x00,0x00,0xc6,0xbf,0xc1,0x4e,0x80,0xbe,0xff,0xff,0x94,0xbf,
    0x00,0x00,0xfc,0xdb,0x26,0x00,0x00,0xc0,0x00,0x00,0xfc,0xdb,0xa5,0x00,0x00,0xc4,
    0x00,0x01,0xfc,0xdb,0xa5,0x00,0x00,0xd0,0x00,0x01,0xfc,0xdb,0x26,0x00,0x00,0xd4,
    0x08,0xa0,0x08,0x81,0xff,0x66,0x67,0x4b,0x80,0x00,0x00,0x00,0x08,0x6c,0x8d,0x7c,
    0x02,0x00,0xc6,0xbf,0xc0,0x89,0x01,0x57,0xc0,0x8b,0x03,0x57,0xc0,0x8d,0x05,0x57,
    0xc0,0x8f,0x07,0x57,0xc1,0x89,0xc9,0x56,0xc1,0x8b,0xcb,0x56,0xc1,0x8d,0xcd,0x56,
    0xc1,0x8f,0xcf,0x56,0xc2,0x89,0xc1,0x56,0xc2,0x8b,0xc3,0x56,0xc2,0x8d,0xc5,0x56,
    0xc2,0x8f,0xc7,0x56,0xc3,0x89,0x81,0x56,0xc3,0x8b,0x83,0x56,0xc3,0x8d,0x85,0x56,
    0xc3,0x8f,0x87,0x56,0x01,0x00,0xc6,0xbf,0xc0,0xa1,0xe9,0x56,0xc0,0xa3,0xeb,0x56,
    0xc0,0xa5,0xed,0x56,0xc0,0xa7,0xef,0x56,0xc1,0xa1,0xe1,0x56,0xc1,0xa3,0xe3,0x56,
    0xc1,0xa5,0xe5,0x56,0xc1,0xa7,0xe7,0x56,0xc2,0xa1,0xa9,0x56,0xc2,0xa3,0xab,0x56,
    0xc2,0xa5,0xad,0x56,0xc2,0xa7,0xaf,0x56,0xc3,0xa1,0xa1,0x56,0xc3,0xa3,0xa3,0x56,
    0xc3,0xa5,0xa5,0x56,0xc3,0xa7,0xa7,0x56,0x00,0x02,0xfc,0xdb,0x26,0x00,0x00,0xc0,
    0x01,0x00,0xc6,0xbf,0xd4,0x89,0x25,0x56,0xd4,0x8b,0x27,0x56,0xd4,0x8d,0x29,0x56,
    0xd4,0x8f,0x2b,0x56,0xd5,0x89,0x3d,0x56,0xd5,0x8b,0x3f,0x56,0xd5,0x8d,0x41,0x56,
    0xd5,0x8f,0x43,0x56,0xd6,0x89,0x45,0x56,0xd6,0x8b,0x47,0x56,0xd6,0x8d,0x49,0x56,
    0xd6,0x8f,0x4b,0x56,0xd7,0x89,0x89,0x56,0xd7,0x8b,0x8b,0x56,0xd7,0x8d,0x8d,0x56,
    0xd7,0x8f,0x8f,0x56,0x00,0x02,0xfc,0xdb,0xa5,0x00,0x00,0xc4,0xd4,0xa1,0x2d,0x56,
    0xd4,0xa3,0x2f,0x56,0xd4,0xa5,0x31,0x56,0xd4,0xa7,0x33,0x56,0xd5,0xa1,0x35,0x56,
    0xd5,0xa3,0x37,0x56,0xd5,0xa5,0x39,0x56,0xd5,0xa7,0x3b,0x56,0xd6,0xa1,0x61,0x56,
    0xd6,0xa3,0x63,0x56,0xd6,0xa5,0x65,0x56,0xd6,0xa7,0x67,0x56,0xd7,0xa1,0x69,0x56,
    0xd7,0xa3,0x6b,0x56,0xd7,0xa5,0x6d,0x56,0xd7,0xa7,0x6f,0x56,0x00,0x03,0xfc,0xdb,
    0xa5,0x00,0x00,0xd0,0x00,0x03,0xfc,0xdb,0x26,0x00,0x00,0xd4,0x02,0x00,0xc6,0xbf,
    0xc0,0x89,0x01,0x57,0xc0,0x8b,0x03,0x57,0xc0,0x8d,0x05,0x57,0xc0,0x8f,0x07,0x57,
    0xc1,0x89,0xc9,0x56,0xc1,0x8b,0xcb,0x56,0xc1,0x8d,0xcd,0x56,0xc1,0x8f,0xcf,0x56,
    0xc2,0x89,0xc1,0x56,0xc2,0x8b,0xc3,0x56,0xc2,0x8d,0xc5,0x56,0xc2,0x8f,0xc7,0x56,
    0xc3,0x89,0x81,0x56,0xc3,0x8b,0x83,0x56,0xc3,0x8d,0x85,0x56,0xc3,0x8f,0x87,0x56,
    0x01,0x00,0xc6,0xbf,0xc0,0xa1,0xe9,0x56,0xc0,0xa3,0xeb,0x56,0xc0,0xa5,0xed,0x56,
    0xc0,0xa7,0xef,0x56,0xc1,0xa1,0xe1,0x56,0xc1,0xa3,0xe3,0x56,0xc1,0xa5,0xe5,0x56,
    0xc1,0xa7,0xe7,0x56,0xc2,0xa1,0xa9,0x56,0xc2,0xa3,0xab,0x56,0xc2,0xa5,0xad,0x56,
    0xc2,0xa7,0xaf,0x56,0xc3,0xa1,0xa1,0x56,0xc3,0xa3,0xa3,0x56,0xc3,0xa5,0xa5,0x56,
    0xc3,0xa7,0xa7,0x56,0x00,0x04,0xfc,0xdb,0x26,0x00,0x00,0xc0,0x01,0x00,0xc6,0xbf,
    0xd4,0x89,0x25,0x56,0xd4,0x8b,0x27,0x56,0xd4,0x8d,0x29,0x56,0xd4,0x8f,0x2b,0x56,
    0xd5,0x89,0x3d,0x56,0xd5,0x8b,0x3f,0x56,0xd5,0x8d,0x41,0x56,0xd5,0x8f,0x43,0x56,
    0xd6,0x89,0x45,0x56,0xd6,0x8b,0x47,0x56,0xd6,0x8d,0x49,0x56,0xd6,0x8f,0x4b,0x56,
    0xd7,0x89,0x89,0x56,0xd7,0x8b,0x8b,0x56,0xd7,0x8d,0x8d,0x56,0xd7,0x8f,0x8f,0x56,
    0x00,0x04,0xfc,0xdb,0xa5,0x00,0x00,0xc4,0xd4,0xa1,0x2d,0x56,0xd4,0xa3,0x2f,0x56,
    0xd4,0xa5,0x31,0x56,0xd4,0xa7,0x33,0x56,0xd5,0xa1,0x35,0x56,0xd5,0xa3,0x37,0x56,
    0xd5,0xa5,0x39,0x56,0xd5,0xa7,0x3b,0x56,0xd6,0xa1,0x61,0x56,0xd6,0xa3,0x63,0x56,
    0xd6,0xa5,0x65,0x56,0xd6,0xa7,0x67,0x56,0xd7,0xa1,0x69,0x56,0xd7,0xa3,0x6b,0x56,
    0xd7,0xa5,0x6d,0x56,0xd7,0xa7,0x6f,0x56,0x00,0x05,0xfc,0xdb,0xa5,0x00,0x00,0xd0,
    0x00,0x05,0xfc,0xdb,0x26,0x00,0x00,0xd4,0x02,0x00,0xc6,0xbf,0xc0,0x89,0x01,0x57,
    0xc0,0x8b,0x03,0x57,0xc0,0x8d,0x05,0x57,0xc0,0x8f,0x07,0x57,0xc1,0x89,0xc9,0x56,
    0xc1,0x8b,0xcb,0x56,0xc1,0x8d,0xcd,0x56,0xc1,0x8f,0xcf,0x56,0xc2,0x89,0xc1,0x56,
    0xc2,0x8b,0xc3,0x56,0xc2,0x8d,0xc5,0x56,0xc2,0x8f,0xc7,0x56,0xc3,0x89,0x81,0x56,
    0xc3,0x8b,0x83,0x56,0xc3,0x8d,0x85,0x56,0xc3,0x8f,0x87,0x56,0x01,0x00,0xc6,0xbf,
    0xc0,0xa1,0xe9,0x56,0xc0,0xa3,0xeb,0x56,0xc0,0xa5,0xed,0x56,0xc0,0xa7,0xef,0x56,
    0xc1,0xa1,0xe1,0x56,0xc1,0xa3,0xe3,0x56,0xc1,0xa5,0xe5,0x56,0xc1,0xa7,0xe7,0x56,
    0xc2,0xa1,0xa9,0x56,0xc2,0xa3,0xab,0x56,0xc2,0xa5,0xad,0x56,0xc2,0xa7,0xaf,0x56,
    0xc3,0xa1,0xa1,0x56,0xc3,0xa3,0xa3,0x56,0xc3,0xa5,0xa5,0x56,0xc3,0xa7,0xa7,0x56,
    0x00,0x06,0xfc,0xdb,0x26,0x00,0x00,0xc0,0x01,0x00,0xc6,0xbf,0xd4,0x89,0x25,0x56,
    0xd4,0x8b,0x27,0x56,0xd4,0x8d,0x29,0x56,0xd4,0x8f,0x2b,0x56,0xd5,0x89,0x3d,0x56,
    0xd5,0x8b,0x3f,0x56,0xd5,0x8d,0x41,0x56,0xd5,0x8f,0x43,0x56,0xd6,0x89,0x45,0x56,
    0xd6,0x8b,0x47,0x56,0xd6,0x8d,0x49,0x56,0xd6,0x8f,0x4b,0x56,0xd7,0x89,0x89,0x56,
    0xd7,0x8b,0x8b,0x56,0xd7,0x8d,0x8d,0x56,0xd7,0x8f,0x8f,0x56,0x00,0x06,0xfc,0xdb,
    0xa5,0x00,0x00,0xc4,0xd4,0xa1,0x2d,0x56,0xd4,0xa3,0x2f,0x56,0xd4,0xa5,0x31,0x56,
    0xd4,0xa7,0x33,0x56,0xd5,0xa1,0x35,0x56,0xd5,0xa3,0x37,0x56,0xd5,0xa5,0x39,0x56,
    0xd5,0xa7,0x3b,0x56,0xd6,0xa1,0x61,0x56,0xd6,0xa3,0x63,0x56,0xd6,0xa5,0x65,0x56,
    0xd6,0xa7,0x67,0x56,0xd7,0xa1,0x69,0x56,0xd7,0xa3,0x6b,0x56,0xd7,0xa5,0x6d,0x56,
    0xd7,0xa7,0x6f,0x56,0x00,0x07,0xfc,0xdb,0xa5,0x00,0x00,0xd0,0x00,0x07,0xfc,0xdb,
    0x26,0x00,0x00,0xd4,0x02,0x00,0xc6,0xbf,0xc0,0x89,0x01,0x57,0xc0,0x8b,0x03,0x57,
    0xc0,0x8d,0x05,0x57,0xc0,0x8f,0x07,0x57,0xc1,0x89,0xc9,0x56,0xc1,0x8b,0xcb,0x56,
    0xc1,0x8d,0xcd,0x56,0xc1,0x8f,0xcf,0x56,0xc2,0x89,0xc1,0x56,0xc2,0x8b,0xc3,0x56,
    0xc2,0x8d,0xc5,0x56,0xc2,0x8f,0xc7,0x56,0xc3,0x89,0x81,0x56,0xc3,0x8b,0x83,0x56,
    0xc3,0x8d,0x85,0x56,0xc3,0x8f,0x87,0x56,0x01,0x00,0xc6,0xbf,0xc0,0xa1,0xe9,0x56,
    0xc0,0xa3,0xeb,0x56,0xc0,0xa5,0xed,0x56,0xc0,0xa7,0xef,0x56,0xc1,0xa1,0xe1,0x56,
    0xc1,0xa3,0xe3,0x56,0xc1,0xa5,0xe5,0x56,0xc1,0xa7,0xe7,0x56,0xc2,0xa1,0xa9,0x56,
    0xc2,0xa3,0xab,0x56,0xc2,0xa5,0xad,0x56,0xc2,0xa7,0xaf,0x56,0xc3,0xa1,0xa1,0x56,
    0xc3,0xa3,0xa3,0x56,0xc3,0xa5,0xa5,0x56,0xc3,0xa7,0xa7,0x56,0x00,0x08,0xfc,0xdb,
    0x26,0x00,0x00,0xc0,0x01,0x00,0xc6,0xbf,0xd4,0x89,0x25,0x56,0xd4,0x8b,0x27,0x56,
    0xd4,0x8d,0x29,0x56,0xd4,0x8f,0x2b,0x56,0xd5,0x89,0x3d,0x56,0xd5,0x8b,0x3f,0x56,
    0xd5,0x8d,0x41,0x56,0xd5,0x8f,0x43,0x56,0xd6,0x89,0x45,0x56,0xd6,0x8b,0x47,0x56,
    0xd6,0x8d,0x49,0x56,0xd6,0x8f,0x4b,0x56,0xd7,0x89,0x89,0x56,0xd7,0x8b,0x8b,0x56,
    0xd7,0x8d,0x8d,0x56,0xd7,0x8f,0x8f,0x56,0x00,0x08,0xfc,0xdb,0xa5,0x00,0x00,0xc4,
    0xd4,0xa1,0x2d,0x56,0xd4,0xa3,0x2f,0x56,0xd4,0xa5,0x31,0x56,0xd4,0xa7,0x33,0x56,
    0xd5,0xa1,0x35,0x56,0xd5,0xa3,0x37,0x56,0xd5,0xa5,0x39,0x56,0xd5,0xa7,0x3b,0x56,
    0xd6,0xa1,0x61,0x56,0xd6,0xa3,0x63,0x56,0xd6,0xa5,0x65,0x56,0xd6,0xa7,0x67,0x56,
    0xd7,0xa1,0x69,0x56,0xd7,0xa3,0x6b,0x56,0xd7,0xa5,0x6d,0x56,0xd7,0xa7,0x6f,0x56,
    0x00,0x09,0xfc,0xdb,0xa5,0x00,0x00,0xd0,0x00,0x09,0xfc,0xdb,0x26,0x00,0x00,0xd4,
    0x02,0x00,0xc6,0xbf,0xc0,0x89,0x01,0x57,0xc0,0x8b,0x03,0x57,0xc0,0x8d,0x05,0x57,
    0xc0,0x8f,0x07,0x57,0xc1,0x89,0xc9,0x56,0xc1,0x8b,0xcb,0x56,0xc1,0x8d,0xcd,0x56,
    0xc1,0x8f,0xcf,0x56,0xc2,0x89,0xc1,0x56,0xc2,0x8b,0xc3,0x56,0xc2,0x8d,0xc5,0x56,
    0xc2,0x8f,0xc7,0x56,0xc3,0x89,0x81,0x56,0xc3,0x8b,0x83,0x56,0xc3,0x8d,0x85,0x56,
    0xc3,0x8f,0x87,0x56,0x01,0x00,0xc6,0xbf,0xc0,0xa1,0xe9,0x56,0xc0,0xa3,0xeb,0x56,
    0xc0,0xa5,0xed,0x56,0xc0,0xa7,0xef,0x56,0xc1,0xa1,0xe1,0x56,0xc1,0xa3,0xe3,0x56,
    0xc1,0xa5,0xe5,0x56,0xc1,0xa7,0xe7,0x56,0xc2,0xa1,0xa9,0x56,0xc2,0xa3,0xab,0x56,
    0xc2,0xa5,0xad,0x56,0xc2,0xa7,0xaf,0x56,0xc3,0xa1,0xa1,0x56,0xc3,0xa3,0xa3,0x56,
    0xc3,0xa5,0xa5,0x56,0xc3,0xa7,0xa7,0x56,0x00,0x0a,0xfc,0xdb,0x26,0x00,0x00,0xc0,
    0x01,0x00,0xc6,0xbf,0xd4,0x89,0x25,0x56,0xd4,0x8b,0x27,0x56,0xd4,0x8d,0x29,0x56,
    0xd4,0x8f,0x2b,0x56,0xd5,0x89,0x3d,0x56,0xd5,0x8b,0x3f,0x56,0xd5,0x8d,0x41,0x56,
    0xd5,0x8f,0x43,0x56,0xd6,0x89,0x45,0x56,0xd6,0x8b,0x47,0x56,0xd6,0x8d,0x49,0x56,
    0xd6,0x8f,0x4b,0x56,0xd7,0x89,0x89,0x56,0xd7,0x8b,0x8b,0x56,0xd7,0x8d,0x8d,0x56,
    0xd7,0x8f,0x8f,0x56,0x00,0x0a,0xfc,0xdb,0xa5,0x00,0x00,0xc4,0xd4,0xa1,0x2d,0x56,
    0xd4,0xa3,0x2f,0x56,0xd4,0xa5,0x31,0x56,0xd4,0xa7,0x33,0x56,0xd5,0xa1,0x35,0x56,
    0xd5,0xa3,0x37,0x56,0xd5,0xa5,0x39,0x56,0xd5,0xa7,0x3b,0x56,0xd6,0xa1,0x61,0x56,
    0xd6,0xa3,0x63,0x56,0xd6,0xa5,0x65,0x56,0xd6,0xa7,0x67,0x56,0xd7,0xa1,0x69,0x56,
    0xd7,0xa3,0x6b,0x56,0xd7,0xa5,0x6d,0x56,0xd7,0xa7,0x6f,0x56,0x00,0x0b,0xfc,0xdb,
    0xa5,0x00,0x00,0xd0,0x00,0x0b,0xfc,0xdb,0x26,0x00,0x00,0xd4,0x02,0x00,0xc6,0xbf,
    0xc0,0x89,0x01,0x57,0xc0,0x8b,0x03,0x57,0xc0,0x8d,0x05,0x57,0xc0,0x8f,0x07,0x57,
    0xc1,0x89,0xc9,0x56,0xc1,0x8b,0xcb,0x56,0xc1,0x8d,0xcd,0x56,0xc1,0x8f,0xcf,0x56,
    0xc2,0x89,0xc1,0x56,0xc2,0x8b,0xc3,0x56,0xc2,0x8d,0xc5,0x56,0xc2,0x8f,0xc7,0x56,
    0xc3,0x89,0x81,0x56,0xc3,0x8b,0x83,0x56,0xc3,0x8d,0x85,0x56,0xc3,0x8f,0x87,0x56,
    0x01,0x00,0xc6,0xbf,0xc0,0xa1,0xe9,0x56,0xc0,0xa3,0xeb,0x56,0xc0,0xa5,0xed,0x56,
    0xc0,0xa7,0xef,0x56,0xc1,0xa1,0xe1,0x56,0xc1,0xa3,0xe3,0x56,0xc1,0xa5,0xe5,0x56,
    0xc1,0xa7,0xe7,0x56,0xc2,0xa1,0xa9,0x56,0xc2,0xa3,0xab,0x56,0xc2,0xa5,0xad,0x56,
    0xc2,0xa7,0xaf,0x56,0xc3,0xa1,0xa1,0x56,0xc3,0xa3,0xa3,0x56,0xc3,0xa5,0xa5,0x56,
    0xc3,0xa7,0xa7,0x56,0x00,0x0c,0xfc,0xdb,0x26,0x00,0x00,0xc0,0x01,0x00,0xc6,0xbf,
    0xd4,0x89,0x25,0x56,0xd4,0x8b,0x27,0x56,0xd4,0x8d,0x29,0x56,0xd4,0x8f,0x2b,0x56,
    0xd5,0x89,0x3d,0x56,0xd5,0x8b,0x3f,0x56,0xd5,0x8d,0x41,0x56,0xd5,0x8f,0x43,0x56,
    0xd6,0x89,0x45,0x56,0xd6,0x8b,0x47,0x56,0xd6,0x8d,0x49,0x56,0xd6,0x8f,0x4b,0x56,
    0xd7,0x89,0x89,0x56,0xd7,0x8b,0x8b,0x56,0xd7,0x8d,0x8d,0x56,0xd7,0x8f,0x8f,0x56,
    0x00,0x0c,0xfc,0xdb,0xa5,0x00,0x00,0xc4,0xd4,0xa1,0x2d,0x56,0xd4,0xa3,0x2f,0x56,
    0xd4,0xa5,0x31,0x56,0xd4,0xa7,0x33,0x56,0xd5,0xa1,0x35,0x56,0xd5,0xa3,0x37,0x56,
    0xd5,0xa5,0x39,0x56,0xd5,0xa7,0x3b,0x56,0xd6,0xa1,0x61,0x56,0xd6,0xa3,0x63,0x56,
    0xd6,0xa5,0x65,0x56,0xd6,0xa7,0x67,0x56,0xd7,0xa1,0x69,0x56,0xd7,0xa3,0x6b,0x56,
    0xd7,0xa5,0x6d,0x56,0xd7,0xa7,0x6f,0x56,0x00,0x0d,0xfc,0xdb,0xa5,0x00,0x00,0xd0,
    0x00,0x0d,0xfc,0xdb,0x26,0x00,0x00,0xd4,0x02,0x00,0xc6,0xbf,0xc0,0x89,0x01,0x57,
    0xc0,0x8b,0x03,0x57,0xc0,0x8d,0x05,0x57,0xc0,0x8f,0x07,0x57,0xc1,0x89,0xc9,0x56,
    0xc1,0x8b,0xcb,0x56,0xc1,0x8d,0xcd,0x56,0xc1,0x8f,0xcf,0x56,0xc2,0x89,0xc1,0x56,
    0xc2,0x8b,0xc3,0x56,0xc2,0x8d,0xc5,0x56,0xc2,0x8f,0xc7,0x56,0xc3,0x89,0x81,0x56,
    0xc3,0x8b,0x83,0x56,0xc3,0x8d,0x85,0x56,0xc3,0x8f,0x87,0x56,0x01,0x00,0xc6,0xbf,
    0xc0,0xa1,0xe9,0x56,0xc0,0xa3,0xeb,0x56,0xc0,0xa5,0xed,0x56,0xc0,0xa7,0xef,0x56,
    0xc1,0xa1,0xe1,0x56,0xc1,0xa3,0xe3,0x56,0xc1,0xa5,0xe5,0x56,0xc1,0xa7,0xe7,0x56,
    0xc2,0xa1,0xa9,0x56,0xc2,0xa3,0xab,0x56,0xc2,0xa5,0xad,0x56,0xc2,0xa7,0xaf,0x56,
    0xc3,0xa1,0xa1,0x56,0xc3,0xa3,0xa3,0x56,0xc3,0xa5,0xa5,0x56,0xc3,0xa7,0xa7,0x56,
    0x00,0x0e,0xfc,0xdb,0x26,0x00,0x00,0xc0,0x01,0x00,0xc6,0xbf,0xd4,0x89,0x25,0x56,
    0xd4,0x8b,0x27,0x56,0xd4,0x8d,0x29,0x56,0xd4,0x8f,0x2b,0x56,0xd5,0x89,0x3d,0x56,
    0xd5,0x8b,0x3f,0x56,0xd5,0x8d,0x41,0x56,0xd5,0x8f,0x43,0x56,0xd6,0x89,0x45,0x56,
    0xd6,0x8b,0x47,0x56,0xd6,0x8d,0x49,0x56,0xd6,0x8f,0x4b,0x56,0xd7,0x89,0x89,0x56,
    0xd7,0x8b,0x8b,0x56,0xd7,0x8d,0x8d,0x56,0xd7,0x8f,0x8f,0x56,0x00,0x0e,0xfc,0xdb,
    0xa5,0x00,0x00,0xc4,0xd4,0xa1,0x2d,0x56,0xd4,0xa3,0x2f,0x56,0xd4,0xa5,0x31,0x56,
    0xd4,0xa7,0x33,0x56,0xd5,0xa1,0x35,0x56,0xd5,0xa3,0x37,0x56,0xd5,0xa5,0x39,0x56,
    0xd5,0xa7,0x3b,0x56,0xd6,0xa1,0x61,0x56,0xd6,0xa3,0x63,0x56,0xd6,0xa5,0x65,0x56,
    0xd6,0xa7,0x67,0x56,0xd7,0xa1,0x69,0x56,0xd7,0xa3,0x6b,0x56,0xd7,0xa5,0x6d,0x56,
    0xd7,0xa7,0x6f,0x56,0x00,0x0f,0xfc,0xdb,0xa5,0x00,0x00,0xd0,0x00,0x0f,0xfc,0xdb,
    0x26,0x00,0x00,0xd4,0x02,0x00,0xc6,0xbf,0xc0,0x89,0x01,0x57,0xc0,0x8b,0x03,0x57,
    0xc0,0x8d,0x05,0x57,0xc0,0x8f,0x07,0x57,0xc1,0x89,0xc9,0x56,0xc1,0x8b,0xcb,0x56,
    0xc1,0x8d,0xcd,0x56,0xc1,0x8f,0xcf,0x56,0xc2,0x89,0xc1,0x56,0xc2,0x8b,0xc3,0x56,
    0xc2,0x8d,0xc5,0x56,0xc2,0x8f,0xc7,0x56,0xc3,0x89,0x81,0x56,0xc3,0x8b,0x83,0x56,
    0xc3,0x8d,0x85,0x56,0xc3,0x8f,0x87,0x56,0x01,0x00,0xc6,0xbf,0xc0,0xa1,0xe9,0x56,
    0xc0,0xa3,0xeb,0x56,0xc0,0xa5,0xed,0x56,0xc0,0xa7,0xef,0x56,0xc1,0xa1,0xe1,0x56,
    0xc1,0xa3,0xe3,0x56,0xc1,0xa5,0xe5,0x56,0xc1,0xa7,0xe7,0x56,0xc2,0xa1,0xa9,0x56,
    0xc2,0xa3,0xab,0x56,0xc2,0xa5,0xad,0x56,0xc2,0xa7,0xaf,0x56,0xc3,0xa1,0xa1,0x56,
    0xc3,0xa3,0xa3,0x56,0xc3,0xa5,0xa5,0x56,0xc3,0xa7,0xa7,0x56,0x00,0x10,0xfc,0xdb,
    0x26,0x00,0x00,0xc0,0x01,0x00,0xc6,0xbf,0xd4,0x89,0x25,0x56,0xd4,0x8b,0x27,0x56,
    0xd4,0x8d,0x29,0x56,0xd4,0x8f,0x2b,0x56,0xd5,0x89,0x3d,0x56,0xd5,0x8b,0x3f,0x56,
    0xd5,0x8d,0x41,0x56,0xd5,0x8f,0x43,0x56,0xd6,0x89,0x45,0x56,0xd6,0x8b,0x47,0x56,
    0xd6,0x8d,0x49,0x56,0xd6,0x8f,0x4b,0x56,0xd7,0x89,0x89,0x56,0xd7,0x8b,0x8b,0x56,
    0xd7,0x8d,0x8d,0x56,0xd7,0x8f,0x8f,0x56,0x00,0x10,0xfc,0xdb,0xa5,0x00,0x00,0xc4,
    0xd4,0xa1,0x2d,0x56,0xd4,0xa3,0x2f,0x56,0xd4,0xa5,0x31,0x56,0xd4,0xa7,0x33,0x56,
    0xd5,0xa1,0x35,0x56,0xd5,0xa3,0x37,0x56,0xd5,0xa5,0x39,0x56,0xd5,0xa7,0x3b,0x56,
    0xd6,0xa1,0x61,0x56,0xd6,0xa3,0x63,0x56,0xd6,0xa5,0x65,0x56,0xd6,0xa7,0x67,0x56,
    0xd7,0xa1,0x69,0x56,0xd7,0xa3,0x6b,0x56,0xd7,0xa5,0x6d,0x56,0xd7,0xa7,0x6f,0x56,
    0x00,0x11,0xfc,0xdb,0xa5,0x00,0x00,0xd0,0x00,0x11,0xfc,0xdb,0x26,0x00,0x00,0xd4,
    0x02,0x00,0xc6,0xbf,0xc0,0x89,0x01,0x57,0xc0,0x8b,0x03,0x57,0xc0,0x8d,0x05,0x57,
    0xc0,0x8f,0x07,0x57,0xc1,0x89,0xc9,0x56,0xc1,0x8b,0xcb,0x56,0xc1,0x8d,0xcd,0x56,
    0xc1,0x8f,0xcf,0x56,0xc2,0x89,0xc1,0x56,0xc2,0x8b,0xc3,0x56,0xc2,0x8d,0xc5,0x56,
    0xc2,0x8f,0xc7,0x56,0xc3,0x89,0x81,0x56,0xc3,0x8b,0x83,0x56,0xc3,0x8d,0x85,0x56,
    0xc3,0x8f,0x87,0x56,0x01,0x00,0xc6,0xbf,0xc0,0xa1,0xe9,0x56,0xc0,0xa3,0xeb,0x56,
    0xc0,0xa5,0xed,0x56,0xc0,0xa7,0xef,0x56,0xc1,0xa1,0xe1,0x56,0xc1,0xa3,0xe3,0x56,
    0xc1,0xa5,0xe5,0x56,0xc1,0xa7,0xe7,0x56,0xc2,0xa1,0xa9,0x56,0xc2,0xa3,0xab,0x56,
    0xc2,0xa5,0xad,0x56,0xc2,0xa7,0xaf,0x56,0xc3,0xa1,0xa1,0x56,0xc3,0xa3,0xa3,0x56,
    0xc3,0xa5,0xa5,0x56,0xc3,0xa7,0xa7,0x56,0x00,0x12,0xfc,0xdb,0x26,0x00,0x00,0xc0,
    0x01,0x00,0xc6,0xbf,0xd4,0x89,0x25,0x56,0xd4,0x8b,0x27,0x56,0xd4,0x8d,0x29,0x56,
    0xd4,0x8f,0x2b,0x56,0xd5,0x89,0x3d,0x56,0xd5,0x8b,0x3f,0x56,0xd5,0x8d,0x41,0x56,
    0xd5,0x8f,0x43,0x56,0xd6,0x89,0x45,0x56,0xd6,0x8b,0x47,0x56,0xd6,0x8d,0x49,0x56,
    0xd6,0x8f,0x4b,0x56,0xd7,0x89,0x89,0x56,0xd7,0x8b,0x8b,0x56,0xd7,0x8d,0x8d,0x56,
    0xd7,0x8f,0x8f,0x56,0x00,0x12,0xfc,0xdb,0xa5,0x00,0x00,0xc4,0xd4,0xa1,0x2d,0x56,
    0xd4,0xa3,0x2f,0x56,0xd4,0xa5,0x31,0x56,0xd4,0xa7,0x33,0x56,0xd5,0xa1,0x35,0x56,
    0xd5,0xa3,0x37,0x56,0xd5,0xa5,0x39,0x56,0xd5,0xa7,0x3b,0x56,0xd6,0xa1,0x61,0x56,
    0xd6,0xa3,0x63,0x56,0xd6,0xa5,0x65,0x56,0xd6,0xa7,0x67,0x56,0xd7,0xa1,0x69,0x56,
    0xd7,0xa3,0x6b,0x56,0xd7,0xa5,0x6d,0x56,0xd7,0xa7,0x6f,0x56,0x00,0x13,0xfc,0xdb,
    0xa5,0x00,0x00,0xd0,0x00,0x13,0xfc,0xdb,0x26,0x00,0x00,0xd4,0x02,0x00,0xc6,0xbf,
    0xc0,0x89,0x01,0x57,0xc0,0x8b,0x03,0x57,0xc0,0x8d,0x05,0x57,0xc0,0x8f,0x07,0x57,
    0xc1,0x89,0xc9,0x56,0xc1,0x8b,0xcb,0x56,0xc1,0x8d,0xcd,0x56,0xc1,0x8f,0xcf,0x56,
    0xc2,0x89,0xc1,0x56,0xc2,0x8b,0xc3,0x56,0xc2,0x8d,0xc5,0x56,0xc2,0x8f,0xc7,0x56,
    0xc3,0x89,0x81,0x56,0xc3,0x8b,0x83,0x56,0xc3,0x8d,0x85,0x56,0xc3,0x8f,0x87,0x56,
    0x01,0x00,0xc6,0xbf,0xc0,0xa1,0xe9,0x56,0xc0,0xa3,0xeb,0x56,0xc0,0xa5,0xed,0x56,
    0xc0,0xa7,0xef,0x56,0xc1,0xa1,0xe1,0x56,0xc1,0xa3,0xe3,0x56,0xc1,0xa5,0xe5,0x56,
    0xc1,0xa7,0xe7,0x56,0xc2,0xa1,0xa9,0x56,0xc2,0xa3,0xab,0x56,0xc2,0xa5,0xad,0x56,
    0xc2,0xa7,0xaf,0x56,0xc3,0xa1,0xa1,0x56,0xc3,0xa3,0xa3,0x56,0xc3,0xa5,0xa5,0x56,
    0xc3,0xa7,0xa7,0x56,0x00,0x14,0xfc,0xdb,0x26,0x00,0x00,0xc0,0x01,0x00,0xc6,0xbf,
    0xd4,0x89,0x25,0x56,0xd4,0x8b,0x27,0x56,0xd4,0x8d,0x29,0x56,0xd4,0x8f,0x2b,0x56,
    0xd5,0x89,0x3d,0x56,0xd5,0x8b,0x3f,0x56,0xd5,0x8d,0x41,0x56,0xd5,0x8f,0x43,0x56,
    0xd6,0x89,0x45,0x56,0xd6,0x8b,0x47,0x56,0xd6,0x8d,0x49,0x56,0xd6,0x8f,0x4b,0x56,
    0xd7,0x89,0x89,0x56,0xd7,0x8b,0x8b,0x56,0xd7,0x8d,0x8d,0x56,0xd7,0x8f,0x8f,0x56,
    0x00,0x14,0xfc,0xdb,0xa5,0x00,0x00,0xc4,0xd4,0xa1,0x2d,0x56,0xd4,0xa3,0x2f,0x56,
    0xd4,0xa5,0x31,0x56,0xd4,0xa7,0x33,0x56,0xd5,0xa1,0x35,0x56,0xd5,0xa3,0x37,0x56,
    0xd5,0xa5,0x39,0x56,0xd5,0xa7,0x3b,0x56,0xd6,0xa1,0x61,0x56,0xd6,0xa3,0x63,0x56,
    0xd6,0xa5,0x65,0x56,0xd6,0xa7,0x67,0x56,0xd7,0xa1,0x69,0x56,0xd7,0xa3,0x6b,0x56,
    0xd7,0xa5,0x6d,0x56,0xd7,0xa7,0x6f,0x56,0x00,0x15,0xfc,0xdb,0xa5,0x00,0x00,0xd0,
    0x00,0x15,0xfc,0xdb,0x26,0x00,0x00,0xd4,0x02,0x00,0xc6,0xbf,0xc0,0x89,0x01,0x57,
    0xc0,0x8b,0x03,0x57,0xc0,0x8d,0x05,0x57,0xc0,0x8f,0x07,0x57,0xc1,0x89,0xc9,0x56,
    0xc1,0x8b,0xcb,0x56,0xc1,0x8d,0xcd,0x56,0xc1,0x8f,0xcf,0x56,0xc2,0x89,0xc1,0x56,
    0xc2,0x8b,0xc3,0x56,0xc2,0x8d,0xc5,0x56,0xc2,0x8f,0xc7,0x56,0xc3,0x89,0x81,0x56,
    0xc3,0x8b,0x83,0x56,0xc3,0x8d,0x85,0x56,0xc3,0x8f,0x87,0x56,0x01,0x00,0xc6,0xbf,
    0xc0,0xa1,0xe9,0x56,0xc0,0xa3,0xeb,0x56,0xc0,0xa5,0xed,0x56,0xc0,0xa7,0xef,0x56,
    0xc1,0xa1,0xe1,0x56,0xc1,0xa3,0xe3,0x56,0xc1,0xa5,0xe5,0x56,0xc1,0xa7,0xe7,0x56,
    0xc2,0xa1,0xa9,0x56,0xc2,0xa3,0xab,0x56,0xc2,0xa5,0xad,0x56,0xc2,0xa7,0xaf,0x56,
    0xc3,0xa1,0xa1,0x56,0xc3,0xa3,0xa3,0x56,0xc3,0xa5,0xa5,0x56,0xc3,0xa7,0xa7,0x56,
    0x00,0x16,0xfc,0xdb,0x26,0x00,0x00,0xc0,0x01,0x00,0xc6,0xbf,0xd4,0x89,0x25,0x56,
    0xd4,0x8b,0x27,0x56,0xd4,0x8d,0x29,0x56,0xd4,0x8f,0x2b,0x56,0xd5,0x89,0x3d,0x56,
    0xd5,0x8b,0x3f,0x56,0xd5,0x8d,0x41,0x56,0xd5,0x8f,0x43,0x56,0xd6,0x89,0x45,0x56,
    0xd6,0x8b,0x47,0x56,0xd6,0x8d,0x49,0x56,0xd6,0x8f,0x4b,0x56,0xd7,0x89,0x89,0x56,
    0xd7,0x8b,0x8b,0x56,0xd7,0x8d,0x8d,0x56,0xd7,0x8f,0x8f,0x56,0x00,0x16,0xfc,0xdb,
    0xa5,0x00,0x00,0xc4,0xd4,0xa1,0x2d,0x56,0xd4,0xa3,0x2f,0x56,0xd4,0xa5,0x31,0x56,
    0xd4,0xa7,0x33,0x56,0xd5,0xa1,0x35,0x56,0xd5,0xa3,0x37,0x56,0xd5,0xa5,0x39,0x56,
    0xd5,0xa7,0x3b,0x56,0xd6,0xa1,0x61,0x56,0xd6,0xa3,0x63,0x56,0xd6,0xa5,0x65,0x56,
    0xd6,0xa7,0x67,0x56,0xd7,0xa1,0x69,0x56,0xd7,0xa3,0x6b,0x56,0xd7,0xa5,0x6d,0x56,
    0xd7,0xa7,0x6f,0x56,0x00,0x17,0xfc,0xdb,0xa5,0x00,0x00,0xd0,0x00,0x17,0xfc,0xdb,
    0x26,0x00,0x00,0xd4,0x02,0x00,0xc6,0xbf,0xc0,0x89,0x01,0x57,0xc0,0x8b,0x03,0x57,
    0xc0,0x8d,0x05,0x57,0xc0,0x8f,0x07,0x57,0xc1,0x89,0xc9,0x56,0xc1,0x8b,0xcb,0x56,
    0xc1,0x8d,0xcd,0x56,0xc1,0x8f,0xcf,0x56,0xc2,0x89,0xc1,0x56,0xc2,0x8b,0xc3,0x56,
    0xc2,0x8d,0xc5,0x56,0xc2,0x8f,0xc7,0x56,0xc3,0x89,0x81,0x56,0xc3,0x8b,0x83,0x56,
    0xc3,0x8d,0x85,0x56,0xc3,0x8f,0x87,0x56,0x01,0x00,0xc6,0xbf,0xc0,0xa1,0xe9,0x56,
    0xc0,0xa3,0xeb,0x56,0xc0,0xa5,0xed,0x56,0xc0,0xa7,0xef,0x56,0xc1,0xa1,0xe1,0x56,
    0xc1,0xa3,0xe3,0x56,0xc1,0xa5,0xe5,0x56,0xc1,0xa7,0xe7,0x56,0xc2,0xa1,0xa9,0x56,
    0xc2,0xa3,0xab,0x56,0xc2,0xa5,0xad,0x56,0xc2,0xa7,0xaf,0x56,0xc3,0xa1,0xa1,0x56,
    0xc3,0xa3,0xa3,0x56,0xc3,0xa5,0xa5,0x56,0xc3,0xa7,0xa7,0x56,0x00,0x18,0xfc,0xdb,
    0x26,0x00,0x00,0xc0,0x01,0x00,0xc6,0xbf,0xd4,0x89,0x25,0x56,0xd4,0x8b,0x27,0x56,
    0xd4,0x8d,0x29,0x56,0xd4,0x8f,0x2b,0x56,0xd5,0x89,0x3d,0x56,0xd5,0x8b,0x3f,0x56,
    0xd5,0x8d,0x41,0x56,0xd5,0x8f,0x43,0x56,0xd6,0x89,0x45,0x56,0xd6,0x8b,0x47,0x56,
    0xd6,0x8d,0x49,0x56,0xd6,0x8f,0x4b,0x56,0xd7,0x89,0x89,0x56,0xd7,0x8b,0x8b,0x56,
    0xd7,0x8d,0x8d,0x56,0xd7,0x8f,0x8f,0x56,0x00,0x18,0xfc,0xdb,0xa5,0x00,0x00,0xc4,
    0xd4,0xa1,0x2d,0x56,0xd4,0xa3,0x2f,0x56,0xd4,0xa5,0x31,0x56,0xd4,0xa7,0x33,0x56,
    0xd5,0xa1,0x35,0x56,0xd5,0xa3,0x37,0x56,0xd5,0xa5,0x39,0x56,0xd5,0xa7,0x3b,0x56,
    0xd6,0xa1,0x61,0x56,0xd6,0xa3,0x63,0x56,0xd6,0xa5,0x65,0x56,0xd6,0xa7,0x67,0x56,
    0xd7,0xa1,0x69,0x56,0xd7,0xa3,0x6b,0x56,0xd7,0xa5,0x6d,0x56,0xd7,0xa7,0x6f,0x56,
    0x00,0x19,0xfc,0xdb,0xa5,0x00,0x00,0xd0,0x00,0x19,0xfc,0xdb,0x26,0x00,0x00,0xd4,
    0x02,0x00,0xc6,0xbf,0xc0,0x89,0x01,0x57,0xc0,0x8b,0x03,0x57,0xc0,0x8d,0x05,0x57,
    0xc0,0x8f,0x07,0x57,0xc1,0x89,0xc9,0x56,0xc1,0x8b,0xcb,0x56,0xc1,0x8d,0xcd,0x56,
    0xc1,0x8f,0xcf,0x56,0xc2,0x89,0xc1,0x56,0xc2,0x8b,0xc3,0x56,0xc2,0x8d,0xc5,0x56,
    0xc2,0x8f,0xc7,0x56,0xc3,0x89,0x81,0x56,0xc3,0x8b,0x83,0x56,0xc3,0x8d,0x85,0x56,
    0xc3,0x8f,0x87,0x56,0x01,0x00,0xc6,0xbf,0xc0,0xa1,0xe9,0x56,0xc0,0xa3,0xeb,0x56,
    0xc0,0xa5,0xed,0x56,0xc0,0xa7,0xef,0x56,0xc1,0xa1,0xe1,0x56,0xc1,0xa3,0xe3,0x56,
    0xc1,0xa5,0xe5,0x56,0xc1,0xa7,0xe7,0x56,0xc2,0xa1,0xa9,0x56,0xc2,0xa3,0xab,0x56,
    0xc2,0xa5,0xad,0x56,0xc2,0xa7,0xaf,0x56,0xc3,0xa1,0xa1,0x56,0xc3,0xa3,0xa3,0x56,
    0xc3,0xa5,0xa5,0x56,0xc3,0xa7,0xa7,0x56,0x00,0x1a,0xfc,0xdb,0x26,0x00,0x00,0xc0,
    0x01,0x00,0xc6,0xbf,0xd4,0x89,0x25,0x56,0xd4,0x8b,0x27,0x56,0xd4,0x8d,0x29,0x56,
    0xd4,0x8f,0x2b,0x56,0xd5,0x89,0x3d,0x56,0xd5,0x8b,0x3f,0x56,0xd5,0x8d,0x41,0x56,
    0xd5,0x8f,0x43,0x56,0xd6,0x89,0x45,0x56,0xd6,0x8b,0x47,0x56,0xd6,0x8d,0x49,0x56,
    0xd6,0x8f,0x4b,0x56,0xd7,0x89,0x89,0x56,0xd7,0x8b,0x8b,0x56,0xd7,0x8d,0x8d,0x56,
    0xd7,0x8f,0x8f,0x56,0x00,0x1a,0xfc,0xdb,0xa5,0x00,0x00,0xc4,0xd4,0xa1,0x2d,0x56,
    0xd4,0xa3,0x2f,0x56,0xd4,0xa5,0x31,0x56,0xd4,0xa7,0x33,0x56,0xd5,0xa1,0x35,0x56,
    0xd5,0xa3,0x37,0x56,0xd5,0xa5,0x39,0x56,0xd5,0xa7,0x3b,0x56,0xd6,0xa1,0x61,0x56,
    0xd6,0xa3,0x63,0x56,0xd6,0xa5,0x65,0x56,0xd6,0xa7,0x67,0x56,0xd7,0xa1,0x69,0x56,
    0xd7,0xa3,0x6b,0x56,0xd7,0xa5,0x6d,0x56,0xd7,0xa7,0x6f,0x56,0x00,0x1b,0xfc,0xdb,
    0xa5,0x00,0x00,0xd0,0x00,0x1b,0xfc,0xdb,0x26,0x00,0x00,0xd4,0x02,0x00,0xc6,0xbf,
    0xc0,0x89,0x01,0x57,0xc0,0x8b,0x03,0x57,0xc0,0x8d,0x05,0x57,0xc0,0x8f,0x07,0x57,
    0xc1,0x89,0xc9,0x56,0xc1,0x8b,0xcb,0x56,0xc1,0x8d,0xcd,0x56,0xc1,0x8f,0xcf,0x56,
    0xc2,0x89,0xc1,0x56,0xc2,0x8b,0xc3,0x56,0xc2,0x8d,0xc5,0x56,0xc2,0x8f,0xc7,0x56,
    0xc3,0x89,0x81,0x56,0xc3,0x8b,0x83,0x56,0xc3,0x8d,0x85,0x56,0xc3,0x8f,0x87,0x56,
    0x01,0x00,0xc6,0xbf,0xc0,0xa1,0xe9,0x56,0xc0,0xa3,0xeb,0x56,0xc0,0xa5,0xed,0x56,
    0xc0,0xa7,0xef,0x56,0xc1,0xa1,0xe1,0x56,0xc1,0xa3,0xe3,0x56,0xc1,0xa5,0xe5,0x56,
    0xc1,0xa7,0xe7,0x56,0xc2,0xa1,0xa9,0x56,0xc2,0xa3,0xab,0x56,0xc2,0xa5,0xad,0x56,
    0xc2,0xa7,0xaf,0x56,0xc3,0xa1,0xa1,0x56,0xc3,0xa3,0xa3,0x56,0xc3,0xa5,0xa5,0x56,
    0xc3,0xa7,0xa7,0x56,0x00,0x1c,0xfc,0xdb,0x26,0x00,0x00,0xc0,0x01,0x00,0xc6,0xbf,
    0xd4,0x89,0x25,0x56,0xd4,0x8b,0x27,0x56,0xd4,0x8d,0x29,0x56,0xd4,0x8f,0x2b,0x56,
    0xd5,0x89,0x3d,0x56,0xd5,0x8b,0x3f,0x56,0xd5,0x8d,0x41,0x56,0xd5,0x8f,0x43,0x56,
    0xd6,0x89,0x45,0x56,0xd6,0x8b,0x47,0x56,0xd6,0x8d,0x49,0x56,0xd6,0x8f,0x4b,0x56,
    0xd7,0x89,0x89,0x56,0xd7,0x8b,0x8b,0x56,0xd7,0x8d,0x8d,0x56,0xd7,0x8f,0x8f,0x56,
    0x00,0x1c,0xfc,0xdb,0xa5,0x00,0x00,0xc4,0xd4,0xa1,0x2d,0x56,0xd4,0xa3,0x2f,0x56,
    0xd4,0xa5,0x31,0x56,0xd4,0xa7,0x33,0x56,0xd5,0xa1,0x35,0x56,0xd5,0xa3,0x37,0x56,
    0xd5,0xa5,0x39,0x56,0xd5,0xa7,0x3b,0x56,0xd6,0xa1,0x61,0x56,0xd6,0xa3,0x63,0x56,
    0xd6,0xa5,0x65,0x56,0xd6,0xa7,0x67,0x56,0xd7,0xa1,0x69,0x56,0xd7,0xa3,0x6b,0x56,
    0xd7,0xa5,0x6d,0x56,0xd7,0xa7,0x6f,0x56,0x00,0x1d,0xfc,0xdb,0xa5,0x00,0x00,0xd0,
    0x00,0x1d,0xfc,0xdb,0x26,0x00,0x00,0xd4,0x02,0x00,0xc6,0xbf,0xc0,0x89,0x01,0x57,
    0xc0,0x8b,0x03,0x57,0xc0,0x8d,0x05,0x57,0xc0,0x8f,0x07,0x57,0xc1,0x89,0xc9,0x56,
    0xc1,0x8b,0xcb,0x56,0xc1,0x8d,0xcd,0x56,0xc1,0x8f,0xcf,0x56,0xc2,0x89,0xc1,0x56,
    0xc2,0x8b,0xc3,0x56,0xc2,0x8d,0xc5,0x56,0xc2,0x8f,0xc7,0x56,0xc3,0x89,0x81,0x56,
    0xc3,0x8b,0x83,0x56,0xc3,0x8d,0x85,0x56,0xc3,0x8f,0x87,0x56,0x01,0x00,0xc6,0xbf,
    0xc0,0xa1,0xe9,0x56,0xc0,0xa3,0xeb,0x56,0xc0,0xa5,0xed,0x56,0xc0,0xa7,0xef,0x56,
    0xc1,0xa1,0xe1,0x56,0xc1,0xa3,0xe3,0x56,0xc1,0xa5,0xe5,0x56,0xc1,0xa7,0xe7,0x56,
    0xc2,0xa1,0xa9,0x56,0xc2,0xa3,0xab,0x56,0xc2,0xa5,0xad,0x56,0xc2,0xa7,0xaf,0x56,
    0xc3,0xa1,0xa1,0x56,0xc3,0xa3,0xa3,0x56,0xc3,0xa5,0xa5,0x56,0xc3,0xa7,0xa7,0x56,
    0x00,0x1e,0xfc,0xdb,0x26,0x00,0x00,0xc0,0x01,0x00,0xc6,0xbf,0xd4,0x89,0x25,0x56,
    0xd4,0x8b,0x27,0x56,0xd4,0x8d,0x29,0x56,0xd4,0x8f,0x2b,0x56,0xd5,0x89,0x3d,0x56,
    0xd5,0x8b,0x3f,0x56,0xd5,0x8d,0x41,0x56,0xd5,0x8f,0x43,0x56,0xd6,0x89,0x45,0x56,
    0xd6,0x8b,0x47,0x56,0xd6,0x8d,0x49,0x56,0xd6,0x8f,0x4b,0x56,0xd7,0x89,0x89,0x56,
    0xd7,0x8b,0x8b,0x56,0xd7,0x8d,0x8d,0x56,0xd7,0x8f,0x8f,0x56,0x00,0x1e,0xfc,0xdb,
    0xa5,0x00,0x00,0xc4,0xd4,0xa1,0x2d,0x56,0xd4,0xa3,0x2f,0x56,0xd4,0xa5,0x31,0x56,
    0xd4,0xa7,0x33,0x56,0xd5,0xa1,0x35,0x56,0xd5,0xa3,0x37,0x56,0xd5,0xa5,0x39,0x56,
    0xd5,0xa7,0x3b,0x56,0xd6,0xa1,0x61,0x56,0xd6,0xa3,0x63,0x56,0xd6,0xa5,0x65,0x56,
    0xd6,0xa7,0x67,0x56,0xd7,0xa1,0x69,0x56,0xd7,0xa3,0x6b,0x56,0xd7,0xa5,0x6d,0x56,
    0xd7,0xa7,0x6f,0x56,0x00,0x1f,0xfc,0xdb,0xa5,0x00,0x00,0xd0,0x00,0x1f,0xfc,0xdb,
    0x26,0x00,0x00,0xd4,0x6a,0x03,0x03,0x8c,0x02,0x00,0xc6,0xbf,0xc0,0x89,0x01,0x57,
    0xc0,0x8b,0x03,0x57,0xc0,0x8d,0x05,0x57,0xc0,0x8f,0x07,0x57,0xc1,0x89,0xc9,0x56,
    0xc1,0x8b,0xcb,0x56,0xc1,0x8d,0xcd,0x56,0xc1,0x8f,0xcf,0x56,0xc2,0x89,0xc1,0x56,
    0xc2,0x8b,0xc3,0x56,0xc2,0x8d,0xc5,0x56,0xc2,0x8f,0xc7,0x56,0xc3,0x89,0x81,0x56,
    0xc3,0x8b,0x83,0x56,0xc3,0x8d,0x85,0x56,0xc3,0x8f,0x87,0x56,0x01,0x00,0xc6,0xbf,
    0xc0,0xa1,0xe9,0x56,0xc0,0xa3,0xeb,0x56,0xc0,0xa5,0xed,0x56,0xc0,0xa7,0xef,0x56,
    0xc1,0xa1,0xe1,0x56,0xc1,0xa3,0xe3,0x56,0xc1,0xa5,0xe5,0x56,0xc1,0xa7,0xe7,0x56,
    0xc2,0xa1,0xa9,0x56,0xc2,0xa3,0xab,0x56,0xc2,0xa5,0xad,0x56,0xc2,0xa7,0xaf,0x56,
    0xc3,0xa1,0xa1,0x56,0xc3,0xa3,0xa3,0x56,0xc3,0xa5,0xa5,0x56,0xc3,0xa7,0xa7,0x56,
    0x00,0x00,0xc6,0xbf,0xd4,0x89,0x25,0x56,0xd4,0x8b,0x27,0x56,0xd4,0x8d,0x29,0x56,
    0xd4,0x8f,0x2b,0x56,0xd5,0x89,0x3d,0x56,0xd5,0x8b,0x3f,0x56,0xd5,0x8d,0x41,0x56,
    0xd5,0x8f,0x43,0x56,0xd6,0x89,0x45,0x56,0xd6,0x8b,0x47,0x56,0xd6,0x8d,0x49,0x56,
    0xd6,0x8f,0x4b,0x56,0xd7,0x89,0x89,0x56,0xd7,0x8b,0x8b,0x56,0xd7,0x8d,0x8d,0x56,
    0xd7,0x8f,0x8f,0x56,0xd4,0xa1,0x2d,0x56,0xd4,0xa3,0x2f,0x56,0xd4,0xa5,0x31,0x56,
    0xd4,0xa7,0x33,0x56,0xd5,0xa1,0x35,0x56,0xd5,0xa3,0x37,0x56,0xd5,0xa5,0x39,0x56,
    0xd5,0xa7,0x3b,0x56,0xd6,0xa1,0x61,0x56,0xd6,0xa3,0x63,0x56,0xd6,0xa5,0x65,0x56,
    0xd6,0xa7,0x67,0x56,0xd7,0xa1,0x69,0x56,0xd7,0xa3,0x6b,0x56,0xd7,0xa5,0x6d,0x56,
    0xd7,0xa7,0x6f,0x56,0x03,0x00,0xc0,0xbf,0x00,0x02,0x3c,0xd8,0xb4,0x84,0x85,0x00,
    0x04,0x06,0x3c,0xd8,0xb4,0x86,0x87,0x00,0x02,0x00,0xc0,0xbf,0x08,0x0a,0x3c,0xd8,
    0xb4,0x90,0x91,0x00,0x0c,0x0e,0x3c,0xd8,0xb4,0x92,0x93,0x00,0x01,0x00,0xc0,0xbf,
    0x00,0x00,0x7c,0xdb,0xb5,0x94,0x00,0x00,0x00,0x00,0xc0,0xbf,0x00,0x02,0x7c,0xdb,
    0xb5,0xa0,0x00,0x00,0x7e,0x03,0x7e,0x91,0xcd,0xf5,0xa6,0xbf,0x7e,0x03,0x7e,0x8c,
    0x7c,0x00,0x05,0xec,0x06,0x00,0x00,0x00,0x08,0x08,0x00,0x00,0x7e,0x00,0x83,0xbe,
    0x00,0x00,0xc6,0xbf,0xc1,0x4e,0x80,0xbe,0xff,0xff,0x94,0xbf,0x00,0x00,0xc8,0xbf,
    0x06,0x7c,0xfe,0xd6,0x06,0x1f,0x35,0x04,0x00,0x05,0x08,0x7e,0x01,0x05,0x0a,0x7e,
    0x02,0x05,0x0c,0x7e,0x03,0x05,0x0e,0x7e,0x13,0x01,0x87,0xbf,0x04,0x00,0xb4,0x7c,
    0x00,0x00,0x5a,0xd4,0x06,0x04,0x02,0x00,0x91,0x04,0x87,0xbf,0x6a,0x00,0x00,0x8b,
    0x00,0x20,0x80,0xbe,0x7c,0xc0,0x05,0xc4,0x84,0x08,0x80,0x40,0xb7,0xb0,0x00,0x00,
    0x7e,0x00,0x7e,0x8d,0xf0,0xff,0xa6,0xbf,0x03,0x00,0xfe,0xbe,0x09,0x00,0x87,0xbf,
    0x7e,0x00,0x83,0xbe,0x00,0x05,0x08,0x7e,0x01,0x05,0x0a,0x7e,0x02,0x05,0x0c,0x7e,
    0x03,0x05,0x0e,0x7e,0x13,0x01,0x87,0xbf,0x04,0x00,0xb4,0x7c,0x00,0x00,0x5a,0xd4,
    0x06,0x04,0x02,0x00,0x91,0x04,0x87,0xbf,0x6a,0x00,0x00,0x8b,0x00,0x20,0x80,0xbe,
    0x7c,0xc0,0x05,0xc4,0x90,0x08,0x80,0x40,0xb7,0xc0,0x00,0x00,0x7e,0x00,0x7e,0x8d,
    0xf0,0xff,0xa6,0xbf,0x03,0x00,0xfe,0xbe,0x82,0x0c,0x0e,0x30,0x7e,0x00,0x83,0xbe,
    0x0e,0x05,0x08,0x7e,0x0f,0x05,0x0a,0x7e,0x10,0x05,0x0c,0x7e,0x11,0x05,0x0e,0x7e,
    0x13,0x01,0x87,0xbf,0x04,0x1c,0xb4,0x7c,0x00,0x00,0x5a,0xd4,0x06,0x20,0x02,0x00,
    0x91,0x04,0x87,0xbf,0x6a,0x00,0x00,0x8b,0x00,0x20,0x80,0xbe,0x7c,0xc0,0x05,0xc4,
    0x00,0x08,0x80,0x40,0x07,0x00,0x00,0x00,0x7e,0x00,0x7e,0x8d,0xf0,0xff,0xa6,0xbf,
    0x03,0x00,0xfe,0xbe,0x7c,0x00,0x05,0xec,0x07,0x00,0x00,0x00,0x08,0x08,0x00,0x00,
    0x7e,0x00,0x83,0xbe,0x00,0x00,0xc8,0xbf,0x0d,0x00,0x47,0xd6,0x07,0x0d,0x0a,0x02,
    0x0e,0x05,0x08,0x7e,0x0f,0x05,0x0a,0x7e,0x10,0x05,0x0c,0x7e,0x11,0x05,0x0e,0x7e,
    0x13,0x01,0x87,0xbf,0x04,0x1c,0xb4,0x7c,0x00,0x00,0x5a,0xd4,0x06,0x20,0x02,0x00,
    0x91,0x04,0x87,0xbf,0x6a,0x00,0x00,0x8b,0x00,0x20,0x80,0xbe,0x7c,0xc0,0x05,0xc4,
    0x06,0x08,0x80,0x40,0x0d,0x00,0x00,0x00,0x7e,0x00,0x7e,0x8d,0xf0,0xff,0xa6,0xbf,
    0x03,0x00,0xfe,0xbe,0x00,0x00,0xfc,0xdb,0xb0,0x00,0x00,0x0d,0x00,0x00,0xfc,0xdb,
    0xb1,0x00,0x00,0x94,0x00,0x01,0xfc,0xdb,0xb1,0x00,0x00,0xa0,0x00,0x01,0xfc,0xdb,
    0xb0,0x00,0x00,0xb2,0x02,0x00,0xc6,0xbf,0x0d,0x29,0x01,0x57,0x0d,0x2b,0x03,0x57,
    0x0d,0x2d,0x05,0x57,0x0d,0x2f,0x07,0x57,0x0e,0x29,0xc9,0x56,0x0e,0x2b,0xcb,0x56,
    0x0e,0x2d,0xcd,0x56,0x0e,0x2f,0xcf,0x56,0x0f,0x29,0xc1,0x56,0x0f,0x2b,0xc3,0x56,
    0x0f,0x2d,0xc5,0x56,0x0f,0x2f,0xc7,0x56,0x10,0x29,0x81,0x56,0x10,0x2b,0x83,0x56,
    0x10,0x2d,0x85,0x56,0x10,0x2f,0x87,0x56,0x01,0x00,0xc6,0xbf,0x0d,0x41,0xe9,0x56,
    0x0d,0x43,0xeb,0x56,0x0d,0x45,0xed,0x56,0x0d,0x47,0xef,0x56,0x0e,0x41,0xe1,0x56,
    0x0e,0x43,0xe3,0x56,0x0e,0x45,0xe5,0x56,0x0e,0x47,0xe7,0x56,0x0f,0x41,0xa9,0x56,
    0x0f,0x43,0xab,0x56,0x0f,0x45,0xad,0x56,0x0f,0x47,0xaf,0x56,0x10,0x41,0xa1,0x56,
    0x10,0x43,0xa3,0x56,0x10,0x45,0xa5,0x56,0x10,0x47,0xa7,0x56,0x00,0x02,0xfc,0xdb,
    0xb0,0x00,0x00,0x0d,0x01,0x00,0xc6,0xbf,0xb2,0x29,0x25,0x56,0xb2,0x2b,0x27,0x56,
    0xb2,0x2d,0x29,0x56,0xb2,0x2f,0x2b,0x56,0xb3,0x29,0x3d,0x56,0xb3,0x2b,0x3f,0x56,
    0xb3,0x2d,0x41,0x56,0xb3,0x2f,0x43,0x56,0xb4,0x29,0x45,0x56,0xb4,0x2b,0x47,0x56,
    0xb4,0x2d,0x49,0x56,0xb4,0x2f,0x4b,0x56,0xb5,0x29,0x89,0x56,0xb5,0x2b,0x8b,0x56,
    0xb5,0x2d,0x8d,0x56,0xb5,0x2f,0x8f,0x56,0x00,0x02,0xfc,0xdb,0xb1,0x00,0x00,0x94,
    0xb2,0x41,0x2d,0x56,0xb2,0x43,0x2f,0x56,0xb2,0x45,0x31,0x56,0xb2,0x47,0x33,0x56,
    0xb3,0x41,0x35,0x56,0xb3,0x43,0x37,0x56,0xb3,0x45,0x39,0x56,0xb3,0x47,0x3b,0x56,
    0xb4,0x41,0x61,0x56,0xb4,0x43,0x63,0x56,0xb4,0x45,0x65,0x56,0xb4,0x47,0x67,0x56,
    0xb5,0x41,0x69,0x56,0xb5,0x43,0x6b,0x56,0xb5,0x45,0x6d,0x56,0xb5,0x47,0x6f,0x56,
    0x00,0x03,0xfc,0xdb,0xb1,0x00,0x00,0xa0,0x00,0x03,0xfc,0xdb,0xb0,0x00,0x00,0xb2,
    0x02,0x00,0xc6,0xbf,0x0d,0x29,0x01,0x57,0x0d,0x2b,0x03,0x57,0x0d,0x2d,0x05,0x57,
    0x0d,0x2f,0x07,0x57,0x0e,0x29,0xc9,0x56,0x0e,0x2b,0xcb,0x56,0x0e,0x2d,0xcd,0x56,
    0x0e,0x2f,0xcf,0x56,0x0f,0x29,0xc1,0x56,0x0f,0x2b,0xc3,0x56,0x0f,0x2d,0xc5,0x56,
    0x0f,0x2f,0xc7,0x56,0x10,0x29,0x81,0x56,0x10,0x2b,0x83,0x56,0x10,0x2d,0x85,0x56,
    0x10,0x2f,0x87,0x56,0x01,0x00,0xc6,0xbf,0x0d,0x41,0xe9,0x56,0x0d,0x43,0xeb,0x56,
    0x0d,0x45,0xed,0x56,0x0d,0x47,0xef,0x56,0x0e,0x41,0xe1,0x56,0x0e,0x43,0xe3,0x56,
    0x0e,0x45,0xe5,0x56,0x0e,0x47,0xe7,0x56,0x0f,0x41,0xa9,0x56,0x0f,0x43,0xab,0x56,
    0x0f,0x45,0xad,0x56,0x0f,0x47,0xaf,0x56,0x10,0x41,0xa1,0x56,0x10,0x43,0xa3,0x56,
    0x10,0x45,0xa5,0x56,0x10,0x47,0xa7,0x56,0x00,0x04,0xfc,0xdb,0xb0,0x00,0x00,0x0d,
    0x01,0x00,0xc6,0xbf,0xb2,0x29,0x25,0x56,0xb2,0x2b,0x27,0x56,0xb2,0x2d,0x29,0x56,
    0xb2,0x2f,0x2b,0x56,0xb3,0x29,0x3d,0x56,0xb3,0x2b,0x3f,0x56,0xb3,0x2d,0x41,0x56,
    0xb3,0x2f,0x43,0x56,0xb4,0x29,0x45,0x56,0xb4,0x2b,0x47,0x56,0xb4,0x2d,0x49,0x56,
    0xb4,0x2f,0x4b,0x56,0xb5,0x29,0x89,0x56,0xb5,0x2b,0x8b,0x56,0xb5,0x2d,0x8d,0x56,
    0xb5,0x2f,0x8f,0x56,0x00,0x04,0xfc,0xdb,0xb1,0x00,0x00,0x94,0xb2,0x41,0x2d,0x56,
    0xb2,0x43,0x2f,0x56,0xb2,0x45,0x31,0x56,0xb2,0x47,0x33,0x56,0xb3,0x41,0x35,0x56,
    0xb3,0x43,0x37,0x56,0xb3,0x45,0x39,0x56,0xb3,0x47,0x3b,0x56,0xb4,0x41,0x61,0x56,
    0xb4,0x43,0x63,0x56,0xb4,0x45,0x65,0x56,0xb4,0x47,0x67,0x56,0xb5,0x41,0x69,0x56,
    0xb5,0x43,0x6b,0x56,0xb5,0x45,0x6d,0x56,0xb5,0x47,0x6f,0x56,0x00,0x05,0xfc,0xdb,
    0xb1,0x00,0x00,0xa0,0x00,0x05,0xfc,0xdb,0xb0,0x00,0x00,0xb2,0x02,0x00,0xc6,0xbf,
    0x0d,0x29,0x01,0x57,0x0d,0x2b,0x03,0x57,0x0d,0x2d,0x05,0x57,0x0d,0x2f,0x07,0x57,
    0x0e,0x29,0xc9,0x56,0x0e,0x2b,0xcb,0x56,0x0e,0x2d,0xcd,0x56,0x0e,0x2f,0xcf,0x56,
    0x0f,0x29,0xc1,0x56,0x0f,0x2b,0xc3,0x56,0x0f,0x2d,0xc5,0x56,0x0f,0x2f,0xc7,0x56,
    0x10,0x29,0x81,0x56,0x10,0x2b,0x83,0x56,0x10,0x2d,0x85,0x56,0x10,0x2f,0x87,0x56,
    0x01,0x00,0xc6,0xbf,0x0d,0x41,0xe9,0x56,0x0d,0x43,0xeb,0x56,0x0d,0x45,0xed,0x56,
    0x0d,0x47,0xef,0x56,0x0e,0x41,0xe1,0x56,0x0e,0x43,0xe3,0x56,0x0e,0x45,0xe5,0x56,
    0x0e,0x47,0xe7,0x56,0x0f,0x41,0xa9,0x56,0x0f,0x43,0xab,0x56,0x0f,0x45,0xad,0x56,
    0x0f,0x47,0xaf,0x56,0x10,0x41,0xa1,0x56,0x10,0x43,0xa3,0x56,0x10,0x45,0xa5,0x56,
    0x10,0x47,0xa7,0x56,0x00,0x06,0xfc,0xdb,0xb0,0x00,0x00,0x0d,0x01,0x00,0xc6,0xbf,
    0xb2,0x29,0x25,0x56,0xb2,0x2b,0x27,0x56,0xb2,0x2d,0x29,0x56,0xb2,0x2f,0x2b,0x56,
    0xb3,0x29,0x3d,0x56,0xb3,0x2b,0x3f,0x56,0xb3,0x2d,0x41,0x56,0xb3,0x2f,0x43,0x56,
    0xb4,0x29,0x45,0x56,0xb4,0x2b,0x47,0x56,0xb4,0x2d,0x49,0x56,0xb4,0x2f,0x4b,0x56,
    0xb5,0x29,0x89,0x56,0xb5,0x2b,0x8b,0x56,0xb5,0x2d,0x8d,0x56,0xb5,0x2f,0x8f,0x56,
    0x00,0x06,0xfc,0xdb,0xb1,0x00,0x00,0x94,0xb2,0x41,0x2d,0x56,0xb2,0x43,0x2f,0x56,
    0xb2,0x45,0x31,0x56,0xb2,0x47,0x33,0x56,0xb3,0x41,0x35,0x56,0xb3,0x43,0x37,0x56,
    0xb3,0x45,0x39,0x56,0xb3,0x47,0x3b,0x56,0xb4,0x41,0x61,0x56,0xb4,0x43,0x63,0x56,
    0xb4,0x45,0x65,0x56,0xb4,0x47,0x67,0x56,0xb5,0x41,0x69,0x56,0xb5,0x43,0x6b,0x56,
    0xb5,0x45,0x6d,0x56,0xb5,0x47,0x6f,0x56,0x00,0x07,0xfc,0xdb,0xb1,0x00,0x00,0xa0,
    0x00,0x07,0xfc,0xdb,0xb0,0x00,0x00,0xb2,0x02,0x00,0xc6,0xbf,0x0d,0x29,0x01,0x57,
    0x0d,0x2b,0x03,0x57,0x0d,0x2d,0x05,0x57,0x0d,0x2f,0x07,0x57,0x0e,0x29,0xc9,0x56,
    0x0e,0x2b,0xcb,0x56,0x0e,0x2d,0xcd,0x56,0x0e,0x2f,0xcf,0x56,0x0f,0x29,0xc1,0x56,
    0x0f,0x2b,0xc3,0x56,0x0f,0x2d,0xc5,0x56,0x0f,0x2f,0xc7,0x56,0x10,0x29,0x81,0x56,
    0x10,0x2b,0x83,0x56,0x10,0x2d,0x85,0x56,0x10,0x2f,0x87,0x56,0x01,0x00,0xc6,0xbf,
    0x0d,0x41,0xe9,0x56,0x0d,0x43,0xeb,0x56,0x0d,0x45,0xed,0x56,0x0d,0x47,0xef,0x56,
    0x0e,0x41,0xe1,0x56,0x0e,0x43,0xe3,0x56,0x0e,0x45,0xe5,0x56,0x0e,0x47,0xe7,0x56,
    0x0f,0x41,0xa9,0x56,0x0f,0x43,0xab,0x56,0x0f,0x45,0xad,0x56,0x0f,0x47,0xaf,0x56,
    0x10,0x41,0xa1,0x56,0x10,0x43,0xa3,0x56,0x10,0x45,0xa5,0x56,0x10,0x47,0xa7,0x56,
    0x00,0x08,0xfc,0xdb,0xb0,0x00,0x00,0x0d,0x01,0x00,0xc6,0xbf,0xb2,0x29,0x25,0x56,
    0xb2,0x2b,0x27,0x56,0xb2,0x2d,0x29,0x56,0xb2,0x2f,0x2b,0x56,0xb3,0x29,0x3d,0x56,
    0xb3,0x2b,0x3f,0x56,0xb3,0x2d,0x41,0x56,0xb3,0x2f,0x43,0x56,0xb4,0x29,0x45,0x56,
    0xb4,0x2b,0x47,0x56,0xb4,0x2d,0x49,0x56,0xb4,0x2f,0x4b,0x56,0xb5,0x29,0x89,0x56,
    0xb5,0x2b,0x8b,0x56,0xb5,0x2d,0x8d,0x56,0xb5,0x2f,0x8f,0x56,0x00,0x08,0xfc,0xdb,
    0xb1,0x00,0x00,0x94,0xb2,0x41,0x2d,0x56,0xb2,0x43,0x2f,0x56,0xb2,0x45,0x31,0x56,
    0xb2,0x47,0x33,0x56,0xb3,0x41,0x35,0x56,0xb3,0x43,0x37,0x56,0xb3,0x45,0x39,0x56,
    0xb3,0x47,0x3b,0x56,0xb4,0x41,0x61,0x56,0xb4,0x43,0x63,0x56,0xb4,0x45,0x65,0x56,
    0xb4,0x47,0x67,0x56,0xb5,0x41,0x69,0x56,0xb5,0x43,0x6b,0x56,0xb5,0x45,0x6d,0x56,
    0xb5,0x47,0x6f,0x56,0x00,0x09,0xfc,0xdb,0xb1,0x00,0x00,0xa0,0x00,0x09,0xfc,0xdb,
    0xb0,0x00,0x00,0xb2,0x02,0x00,0xc6,0xbf,0x0d,0x29,0x01,0x57,0x0d,0x2b,0x03,0x57,
    0x0d,0x2d,0x05,0x57,0x0d,0x2f,0x07,0x57,0x0e,0x29,0xc9,0x56,0x0e,0x2b,0xcb,0x56,
    0x0e,0x2d,0xcd,0x56,0x0e,0x2f,0xcf,0x56,0x0f,0x29,0xc1,0x56,0x0f,0x2b,0xc3,0x56,
    0x0f,0x2d,0xc5,0x56,0x0f,0x2f,0xc7,0x56,0x10,0x29,0x81,0x56,0x10,0x2b,0x83,0x56,
    0x10,0x2d,0x85,0x56,0x10,0x2f,0x87,0x56,0x01,0x00,0xc6,0xbf,0x0d,0x41,0xe9,0x56,
    0x0d,0x43,0xeb,0x56,0x0d,0x45,0xed,0x56,0x0d,0x47,0xef,0x56,0x0e,0x41,0xe1,0x56,
    0x0e,0x43,0xe3,0x56,0x0e,0x45,0xe5,0x56,0x0e,0x47,0xe7,0x56,0x0f,0x41,0xa9,0x56,
    0x0f,0x43,0xab,0x56,0x0f,0x45,0xad,0x56,0x0f,0x47,0xaf,0x56,0x10,0x41,0xa1,0x56,
    0x10,0x43,0xa3,0x56,0x10,0x45,0xa5,0x56,0x10,0x47,0xa7,0x56,0x00,0x0a,0xfc,0xdb,
    0xb0,0x00,0x00,0x0d,0x01,0x00,0xc6,0xbf,0xb2,0x29,0x25,0x56,0xb2,0x2b,0x27,0x56,
    0xb2,0x2d,0x29,0x56,0xb2,0x2f,0x2b,0x56,0xb3,0x29,0x3d,0x56,0xb3,0x2b,0x3f,0x56,
    0xb3,0x2d,0x41,0x56,0xb3,0x2f,0x43,0x56,0xb4,0x29,0x45,0x56,0xb4,0x2b,0x47,0x56,
    0xb4,0x2d,0x49,0x56,0xb4,0x2f,0x4b,0x56,0xb5,0x29,0x89,0x56,0xb5,0x2b,0x8b,0x56,
    0xb5,0x2d,0x8d,0x56,0xb5,0x2f,0x8f,0x56,0x00,0x0a,0xfc,0xdb,0xb1,0x00,0x00,0x94,
    0xb2,0x41,0x2d,0x56,0xb2,0x43,0x2f,0x56,0xb2,0x45,0x31,0x56,0xb2,0x47,0x33,0x56,
    0xb3,0x41,0x35,0x56,0xb3,0x43,0x37,0x56,0xb3,0x45,0x39,0x56,0xb3,0x47,0x3b,0x56,
    0xb4,0x41,0x61,0x56,0xb4,0x43,0x63,0x56,0xb4,0x45,0x65,0x56,0xb4,0x47,0x67,0x56,
    0xb5,0x41,0x69,0x56,0xb5,0x43,0x6b,0x56,0xb5,0x45,0x6d,0x56,0xb5,0x47,0x6f,0x56,
    0x00,0x0b,0xfc,0xdb,0xb1,0x00,0x00,0xa0,0x00,0x0b,0xfc,0xdb,0xb0,0x00,0x00,0xb2,
    0x02,0x00,0xc6,0xbf,0x0d,0x29,0x01,0x57,0x0d,0x2b,0x03,0x57,0x0d,0x2d,0x05,0x57,
    0x0d,0x2f,0x07,0x57,0x0e,0x29,0xc9,0x56,0x0e,0x2b,0xcb,0x56,0x0e,0x2d,0xcd,0x56,
    0x0e,0x2f,0xcf,0x56,0x0f,0x29,0xc1,0x56,0x0f,0x2b,0xc3,0x56,0x0f,0x2d,0xc5,0x56,
    0x0f,0x2f,0xc7,0x56,0x10,0x29,0x81,0x56,0x10,0x2b,0x83,0x56,0x10,0x2d,0x85,0x56,
    0x10,0x2f,0x87,0x56,0x01,0x00,0xc6,0xbf,0x0d,0x41,0xe9,0x56,0x0d,0x43,0xeb,0x56,
    0x0d,0x45,0xed,0x56,0x0d,0x47,0xef,0x56,0x0e,0x41,0xe1,0x56,0x0e,0x43,0xe3,0x56,
    0x0e,0x45,0xe5,0x56,0x0e,0x47,0xe7,0x56,0x0f,0x41,0xa9,0x56,0x0f,0x43,0xab,0x56,
    0x0f,0x45,0xad,0x56,0x0f,0x47,0xaf,0x56,0x10,0x41,0xa1,0x56,0x10,0x43,0xa3,0x56,
    0x10,0x45,0xa5,0x56,0x10,0x47,0xa7,0x56,0x00,0x0c,0xfc,0xdb,0xb0,0x00,0x00,0x0d,
    0x01,0x00,0xc6,0xbf,0xb2,0x29,0x25,0x56,0xb2,0x2b,0x27,0x56,0xb2,0x2d,0x29,0x56,
    0xb2,0x2f,0x2b,0x56,0xb3,0x29,0x3d,0x56,0xb3,0x2b,0x3f,0x56,0xb3,0x2d,0x41,0x56,
    0xb3,0x2f,0x43,0x56,0xb4,0x29,0x45,0x56,0xb4,0x2b,0x47,0x56,0xb4,0x2d,0x49,0x56,
    0xb4,0x2f,0x4b,0x56,0xb5,0x29,0x89,0x56,0xb5,0x2b,0x8b,0x56,0xb5,0x2d,0x8d,0x56,
    0xb5,0x2f,0x8f,0x56,0x00,0x0c,0xfc,0xdb,0xb1,0x00,0x00,0x94,0xb2,0x41,0x2d,0x56,
    0xb2,0x43,0x2f,0x56,0xb2,0x45,0x31,0x56,0xb2,0x47,0x33,0x56,0xb3,0x41,0x35,0x56,
    0xb3,0x43,0x37,0x56,0xb3,0x45,0x39,0x56,0xb3,0x47,0x3b,0x56,0xb4,0x41,0x61,0x56,
    0xb4,0x43,0x63,0x56,0xb4,0x45,0x65,0x56,0xb4,0x47,0x67,0x56,0xb5,0x41,0x69,0x56,
    0xb5,0x43,0x6b,0x56,0xb5,0x45,0x6d,0x56,0xb5,0x47,0x6f,0x56,0x00,0x0d,0xfc,0xdb,
    0xb1,0x00,0x00,0xa0,0x00,0x0d,0xfc,0xdb,0xb0,0x00,0x00,0xb2,0x02,0x00,0xc6,0xbf,
    0x0d,0x29,0x01,0x57,0x0d,0x2b,0x03,0x57,0x0d,0x2d,0x05,0x57,0x0d,0x2f,0x07,0x57,
    0x0e,0x29,0xc9,0x56,0x0e,0x2b,0xcb,0x56,0x0e,0x2d,0xcd,0x56,0x0e,0x2f,0xcf,0x56,
    0x0f,0x29,0xc1,0x56,0x0f,0x2b,0xc3,0x56,0x0f,0x2d,0xc5,0x56,0x0f,0x2f,0xc7,0x56,
    0x10,0x29,0x81,0x56,0x10,0x2b,0x83,0x56,0x10,0x2d,0x85,0x56,0x10,0x2f,0x87,0x56,
    0x01,0x00,0xc6,0xbf,0x0d,0x41,0xe9,0x56,0x0d,0x43,0xeb,0x56,0x0d,0x45,0xed,0x56,
    0x0d,0x47,0xef,0x56,0x0e,0x41,0xe1,0x56,0x0e,0x43,0xe3,0x56,0x0e,0x45,0xe5,0x56,
    0x0e,0x47,0xe7,0x56,0x0f,0x41,0xa9,0x56,0x0f,0x43,0xab,0x56,0x0f,0x45,0xad,0x56,
    0x0f,0x47,0xaf,0x56,0x10,0x41,0xa1,0x56,0x10,0x43,0xa3,0x56,0x10,0x45,0xa5,0x56,
    0x10,0x47,0xa7,0x56,0x00,0x0e,0xfc,0xdb,0xb0,0x00,0x00,0x0d,0x01,0x00,0xc6,0xbf,
    0xb2,0x29,0x25,0x56,0xb2,0x2b,0x27,0x56,0xb2,0x2d,0x29,0x56,0xb2,0x2f,0x2b,0x56,
    0xb3,0x29,0x3d,0x56,0xb3,0x2b,0x3f,0x56,0xb3,0x2d,0x41,0x56,0xb3,0x2f,0x43,0x56,
    0xb4,0x29,0x45,0x56,0xb4,0x2b,0x47,0x56,0xb4,0x2d,0x49,0x56,0xb4,0x2f,0x4b,0x56,
    0xb5,0x29,0x89,0x56,0xb5,0x2b,0x8b,0x56,0xb5,0x2d,0x8d,0x56,0xb5,0x2f,0x8f,0x56,
    0x00,0x0e,0xfc,0xdb,0xb1,0x00,0x00,0x94,0xb2,0x41,0x2d,0x56,0xb2,0x43,0x2f,0x56,
    0xb2,0x45,0x31,0x56,0xb2,0x47,0x33,0x56,0xb3,0x41,0x35,0x56,0xb3,0x43,0x37,0x56,
    0xb3,0x45,0x39,0x56,0xb3,0x47,0x3b,0x56,0xb4,0x41,0x61,0x56,0xb4,0x43,0x63,0x56,
    0xb4,0x45,0x65,0x56,0xb4,0x47,0x67,0x56,0xb5,0x41,0x69,0x56,0xb5,0x43,0x6b,0x56,
    0xb5,0x45,0x6d,0x56,0xb5,0x47,0x6f,0x56,0x00,0x0f,0xfc,0xdb,0xb1,0x00,0x00,0xa0,
    0x00,0x0f,0xfc,0xdb,0xb0,0x00,0x00,0xb2,0x02,0x00,0xc6,0xbf,0x0d,0x29,0x01,0x57,
    0x0d,0x2b,0x03,0x57,0x0d,0x2d,0x05,0x57,0x0d,0x2f,0x07,0x57,0x0e,0x29,0xc9,0x56,
    0x0e,0x2b,0xcb,0x56,0x0e,0x2d,0xcd,0x56,0x0e,0x2f,0xcf,0x56,0x0f,0x29,0xc1,0x56,
    0x0f,0x2b,0xc3,0x56,0x0f,0x2d,0xc5,0x56,0x0f,0x2f,0xc7,0x56,0x10,0x29,0x81,0x56,
    0x10,0x2b,0x83,0x56,0x10,0x2d,0x85,0x56,0x10,0x2f,0x87,0x56,0x01,0x00,0xc6,0xbf,
    0x0d,0x41,0xe9,0x56,0x0d,0x43,0xeb,0x56,0x0d,0x45,0xed,0x56,0x0d,0x47,0xef,0x56,
    0x0e,0x41,0xe1,0x56,0x0e,0x43,0xe3,0x56,0x0e,0x45,0xe5,0x56,0x0e,0x47,0xe7,0x56,
    0x0f,0x41,0xa9,0x56,0x0f,0x43,0xab,0x56,0x0f,0x45,0xad,0x56,0x0f,0x47,0xaf,0x56,
    0x10,0x41,0xa1,0x56,0x10,0x43,0xa3,0x56,0x10,0x45,0xa5,0x56,0x10,0x47,0xa7,0x56,
    0x00,0x10,0xfc,0xdb,0xb0,0x00,0x00,0x0d,0x01,0x00,0xc6,0xbf,0xb2,0x29,0x25,0x56,
    0xb2,0x2b,0x27,0x56,0xb2,0x2d,0x29,0x56,0xb2,0x2f,0x2b,0x56,0xb3,0x29,0x3d,0x56,
    0xb3,0x2b,0x3f,0x56,0xb3,0x2d,0x41,0x56,0xb3,0x2f,0x43,0x56,0xb4,0x29,0x45,0x56,
    0xb4,0x2b,0x47,0x56,0xb4,0x2d,0x49,0x56,0xb4,0x2f,0x4b,0x56,0xb5,0x29,0x89,0x56,
    0xb5,0x2b,0x8b,0x56,0xb5,0x2d,0x8d,0x56,0xb5,0x2f,0x8f,0x56,0x00,0x10,0xfc,0xdb,
    0xb1,0x00,0x00,0x94,0xb2,0x41,0x2d,0x56,0xb2,0x43,0x2f,0x56,0xb2,0x45,0x31,0x56,
    0xb2,0x47,0x33,0x56,0xb3,0x41,0x35,0x56,0xb3,0x43,0x37,0x56,0xb3,0x45,0x39,0x56,
    0xb3,0x47,0x3b,0x56,0xb4,0x41,0x61,0x56,0xb4,0x43,0x63,0x56,0xb4,0x45,0x65,0x56,
    0xb4,0x47,0x67,0x56,0xb5,0x41,0x69,0x56,0xb5,0x43,0x6b,0x56,0xb5,0x45,0x6d,0x56,
    0xb5,0x47,0x6f,0x56,0x00,0x11,0xfc,0xdb,0xb1,0x00,0x00,0xa0,0x00,0x11,0xfc,0xdb,
    0xb0,0x00,0x00,0xb2,0x02,0x00,0xc6,0xbf,0x0d,0x29,0x01,0x57,0x0d,0x2b,0x03,0x57,
    0x0d,0x2d,0x05,0x57,0x0d,0x2f,0x07,0x57,0x0e,0x29,0xc9,0x56,0x0e,0x2b,0xcb,0x56,
    0x0e,0x2d,0xcd,0x56,0x0e,0x2f,0xcf,0x56,0x0f,0x29,0xc1,0x56,0x0f,0x2b,0xc3,0x56,
    0x0f,0x2d,0xc5,0x56,0x0f,0x2f,0xc7,0x56,0x10,0x29,0x81,0x56,0x10,0x2b,0x83,0x56,
    0x10,0x2d,0x85,0x56,0x10,0x2f,0x87,0x56,0x01,0x00,0xc6,0xbf,0x0d,0x41,0xe9,0x56,
    0x0d,0x43,0xeb,0x56,0x0d,0x45,0xed,0x56,0x0d,0x47,0xef,0x56,0x0e,0x41,0xe1,0x56,
    0x0e,0x43,0xe3,0x56,0x0e,0x45,0xe5,0x56,0x0e,0x47,0xe7,0x56,0x0f,0x41,0xa9,0x56,
    0x0f,0x43,0xab,0x56,0x0f,0x45,0xad,0x56,0x0f,0x47,0xaf,0x56,0x10,0x41,0xa1,0x56,
    0x10,0x43,0xa3,0x56,0x10,0x45,0xa5,0x56,0x10,0x47,0xa7,0x56,0x00,0x12,0xfc,0xdb,
    0xb0,0x00,0x00,0x0d,0x01,0x00,0xc6,0xbf,0xb2,0x29,0x25,0x56,0xb2,0x2b,0x27,0x56,
    0xb2,0x2d,0x29,0x56,0xb2,0x2f,0x2b,0x56,0xb3,0x29,0x3d,0x56,0xb3,0x2b,0x3f,0x56,
    0xb3,0x2d,0x41,0x56,0xb3,0x2f,0x43,0x56,0xb4,0x29,0x45,0x56,0xb4,0x2b,0x47,0x56,
    0xb4,0x2d,0x49,0x56,0xb4,0x2f,0x4b,0x56,0xb5,0x29,0x89,0x56,0xb5,0x2b,0x8b,0x56,
    0xb5,0x2d,0x8d,0x56,0xb5,0x2f,0x8f,0x56,0x00,0x12,0xfc,0xdb,0xb1,0x00,0x00,0x94,
    0xb2,0x41,0x2d,0x56,0xb2,0x43,0x2f,0x56,0xb2,0x45,0x31,0x56,0xb2,0x47,0x33,0x56,
    0xb3,0x41,0x35,0x56,0xb3,0x43,0x37,0x56,0xb3,0x45,0x39,0x56,0xb3,0x47,0x3b,0x56,
    0xb4,0x41,0x61,0x56,0xb4,0x43,0x63,0x56,0xb4,0x45,0x65,0x56,0xb4,0x47,0x67,0x56,
    0xb5,0x41,0x69,0x56,0xb5,0x43,0x6b,0x56,0xb5,0x45,0x6d,0x56,0xb5,0x47,0x6f,0x56,
    0x00,0x13,0xfc,0xdb,0xb1,0x00,0x00,0xa0,0x00,0x13,0xfc,0xdb,0xb0,0x00,0x00,0xb2,
    0x02,0x00,0xc6,0xbf,0x0d,0x29,0x01,0x57,0x0d,0x2b,0x03,0x57,0x0d,0x2d,0x05,0x57,
    0x0d,0x2f,0x07,0x57,0x0e,0x29,0xc9,0x56,0x0e,0x2b,0xcb,0x56,0x0e,0x2d,0xcd,0x56,
    0x0e,0x2f,0xcf,0x56,0x0f,0x29,0xc1,0x56,0x0f,0x2b,0xc3,0x56,0x0f,0x2d,0xc5,0x56,
    0x0f,0x2f,0xc7,0x56,0x10,0x29,0x81,0x56,0x10,0x2b,0x83,0x56,0x10,0x2d,0x85,0x56,
    0x10,0x2f,0x87,0x56,0x01,0x00,0xc6,0xbf,0x0d,0x41,0xe9,0x56,0x0d,0x43,0xeb,0x56,
    0x0d,0x45,0xed,0x56,0x0d,0x47,0xef,0x56,0x0e,0x41,0xe1,0x56,0x0e,0x43,0xe3,0x56,
    0x0e,0x45,0xe5,0x56,0x0e,0x47,0xe7,0x56,0x0f,0x41,0xa9,0x56,0x0f,0x43,0xab,0x56,
    0x0f,0x45,0xad,0x56,0x0f,0x47,0xaf,0x56,0x10,0x41,0xa1,0x56,0x10,0x43,0xa3,0x56,
    0x10,0x45,0xa5,0x56,0x10,0x47,0xa7,0x56,0x00,0x14,0xfc,0xdb,0xb0,0x00,0x00,0x0d,
    0x01,0x00,0xc6,0xbf,0xb2,0x29,0x25,0x56,0xb2,0x2b,0x27,0x56,0xb2,0x2d,0x29,0x56,
    0xb2,0x2f,0x2b,0x56,0xb3,0x29,0x3d,0x56,0xb3,0x2b,0x3f,0x56,0xb3,0x2d,0x41,0x56,
    0xb3,0x2f,0x43,0x56,0xb4,0x29,0x45,0x56,0xb4,0x2b,0x47,0x56,0xb4,0x2d,0x49,0x56,
    0xb4,0x2f,0x4b,0x56,0xb5,0x29,0x89,0x56,0xb5,0x2b,0x8b,0x56,0xb5,0x2d,0x8d,0x56,
    0xb5,0x2f,0x8f,0x56,0x00,0x14,0xfc,0xdb,0xb1,0x00,0x00,0x94,0xb2,0x41,0x2d,0x56,
    0xb2,0x43,0x2f,0x56,0xb2,0x45,0x31,0x56,0xb2,0x47,0x33,0x56,0xb3,0x41,0x35,0x56,
    0xb3,0x43,0x37,0x56,0xb3,0x45,0x39,0x56,0xb3,0x47,0x3b,0x56,0xb4,0x41,0x61,0x56,
    0xb4,0x43,0x63,0x56,0xb4,0x45,0x65,0x56,0xb4,0x47,0x67,0x56,0xb5,0x41,0x69,0x56,
    0xb5,0x43,0x6b,0x56,0xb5,0x45,0x6d,0x56,0xb5,0x47,0x6f,0x56,0x00,0x15,0xfc,0xdb,
    0xb1,0x00,0x00,0xa0,0x00,0x15,0xfc,0xdb,0xb0,0x00,0x00,0xb2,0x02,0x00,0xc6,0xbf,
    0x0d,0x29,0x01,0x57,0x0d,0x2b,0x03,0x57,0x0d,0x2d,0x05,0x57,0x0d,0x2f,0x07,0x57,
    0x0e,0x29,0xc9,0x56,0x0e,0x2b,0xcb,0x56,0x0e,0x2d,0xcd,0x56,0x0e,0x2f,0xcf,0x56,
    0x0f,0x29,0xc1,0x56,0x0f,0x2b,0xc3,0x56,0x0f,0x2d,0xc5,0x56,0x0f,0x2f,0xc7,0x56,
    0x10,0x29,0x81,0x56,0x10,0x2b,0x83,0x56,0x10,0x2d,0x85,0x56,0x10,0x2f,0x87,0x56,
    0x01,0x00,0xc6,0xbf,0x0d,0x41,0xe9,0x56,0x0d,0x43,0xeb,0x56,0x0d,0x45,0xed,0x56,
    0x0d,0x47,0xef,0x56,0x0e,0x41,0xe1,0x56,0x0e,0x43,0xe3,0x56,0x0e,0x45,0xe5,0x56,
    0x0e,0x47,0xe7,0x56,0x0f,0x41,0xa9,0x56,0x0f,0x43,0xab,0x56,0x0f,0x45,0xad,0x56,
    0x0f,0x47,0xaf,0x56,0x10,0x41,0xa1,0x56,0x10,0x43,0xa3,0x56,0x10,0x45,0xa5,0x56,
    0x10,0x47,0xa7,0x56,0x00,0x16,0xfc,0xdb,0xb0,0x00,0x00,0x0d,0x01,0x00,0xc6,0xbf,
    0xb2,0x29,0x25,0x56,0xb2,0x2b,0x27,0x56,0xb2,0x2d,0x29,0x56,0xb2,0x2f,0x2b,0x56,
    0xb3,0x29,0x3d,0x56,0xb3,0x2b,0x3f,0x56,0xb3,0x2d,0x41,0x56,0xb3,0x2f,0x43,0x56,
    0xb4,0x29,0x45,0x56,0xb4,0x2b,0x47,0x56,0xb4,0x2d,0x49,0x56,0xb4,0x2f,0x4b,0x56,
    0xb5,0x29,0x89,0x56,0xb5,0x2b,0x8b,0x56,0xb5,0x2d,0x8d,0x56,0xb5,0x2f,0x8f,0x56,
    0x00,0x16,0xfc,0xdb,0xb1,0x00,0x00,0x94,0xb2,0x41,0x2d,0x56,0xb2,0x43,0x2f,0x56,
    0xb2,0x45,0x31,0x56,0xb2,0x47,0x33,0x56,0xb3,0x41,0x35,0x56,0xb3,0x43,0x37,0x56,
    0xb3,0x45,0x39,0x56,0xb3,0x47,0x3b,0x56,0xb4,0x41,0x61,0x56,0xb4,0x43,0x63,0x56,
    0xb4,0x45,0x65,0x56,0xb4,0x47,0x67,0x56,0xb5,0x41,0x69,0x56,0xb5,0x43,0x6b,0x56,
    0xb5,0x45,0x6d,0x56,0xb5,0x47,0x6f,0x56,0x00,0x17,0xfc,0xdb,0xb1,0x00,0x00,0xa0,
    0x00,0x17,0xfc,0xdb,0xb0,0x00,0x00,0xb2,0x02,0x00,0xc6,0xbf,0x0d,0x29,0x01,0x57,
    0x0d,0x2b,0x03,0x57,0x0d,0x2d,0x05,0x57,0x0d,0x2f,0x07,0x57,0x0e,0x29,0xc9,0x56,
    0x0e,0x2b,0xcb,0x56,0x0e,0x2d,0xcd,0x56,0x0e,0x2f,0xcf,0x56,0x0f,0x29,0xc1,0x56,
    0x0f,0x2b,0xc3,0x56,0x0f,0x2d,0xc5,0x56,0x0f,0x2f,0xc7,0x56,0x10,0x29,0x81,0x56,
    0x10,0x2b,0x83,0x56,0x10,0x2d,0x85,0x56,0x10,0x2f,0x87,0x56,0x01,0x00,0xc6,0xbf,
    0x0d,0x41,0xe9,0x56,0x0d,0x43,0xeb,0x56,0x0d,0x45,0xed,0x56,0x0d,0x47,0xef,0x56,
    0x0e,0x41,0xe1,0x56,0x0e,0x43,0xe3,0x56,0x0e,0x45,0xe5,0x56,0x0e,0x47,0xe7,0x56,
    0x0f,0x41,0xa9,0x56,0x0f,0x43,0xab,0x56,0x0f,0x45,0xad,0x56,0x0f,0x47,0xaf,0x56,
    0x10,0x41,0xa1,0x56,0x10,0x43,0xa3,0x56,0x10,0x45,0xa5,0x56,0x10,0x47,0xa7,0x56,
    0x00,0x18,0xfc,0xdb,0xb0,0x00,0x00,0x0d,0x01,0x00,0xc6,0xbf,0xb2,0x29,0x25,0x56,
    0xb2,0x2b,0x27,0x56,0xb2,0x2d,0x29,0x56,0xb2,0x2f,0x2b,0x56,0xb3,0x29,0x3d,0x56,
    0xb3,0x2b,0x3f,0x56,0xb3,0x2d,0x41,0x56,0xb3,0x2f,0x43,0x56,0xb4,0x29,0x45,0x56,
    0xb4,0x2b,0x47,0x56,0xb4,0x2d,0x49,0x56,0xb4,0x2f,0x4b,0x56,0xb5,0x29,0x89,0x56,
    0xb5,0x2b,0x8b,0x56,0xb5,0x2d,0x8d,0x56,0xb5,0x2f,0x8f,0x56,0x00,0x18,0xfc,0xdb,
    0xb1,0x00,0x00,0x94,0xb2,0x41,0x2d,0x56,0xb2,0x43,0x2f,0x56,0xb2,0x45,0x31,0x56,
    0xb2,0x47,0x33,0x56,0xb3,0x41,0x35,0x56,0xb3,0x43,0x37,0x56,0xb3,0x45,0x39,0x56,
    0xb3,0x47,0x3b,0x56,0xb4,0x41,0x61,0x56,0xb4,0x43,0x63,0x56,0xb4,0x45,0x65,0x56,
    0xb4,0x47,0x67,0x56,0xb5,0x41,0x69,0x56,0xb5,0x43,0x6b,0x56,0xb5,0x45,0x6d,0x56,
    0xb5,0x47,0x6f,0x56,0x00,0x19,0xfc,0xdb,0xb1,0x00,0x00,0xa0,0x00,0x19,0xfc,0xdb,
    0xb0,0x00,0x00,0xb2,0x02,0x00,0xc6,0xbf,0x0d,0x29,0x01,0x57,0x0d,0x2b,0x03,0x57,
    0x0d,0x2d,0x05,0x57,0x0d,0x2f,0x07,0x57,0x0e,0x29,0xc9,0x56,0x0e,0x2b,0xcb,0x56,
    0x0e,0x2d,0xcd,0x56,0x0e,0x2f,0xcf,0x56,0x0f,0x29,0xc1,0x56,0x0f,0x2b,0xc3,0x56,
    0x0f,0x2d,0xc5,0x56,0x0f,0x2f,0xc7,0x56,0x10,0x29,0x81,0x56,0x10,0x2b,0x83,0x56,
    0x10,0x2d,0x85,0x56,0x10,0x2f,0x87,0x56,0x01,0x00,0xc6,0xbf,0x0d,0x41,0xe9,0x56,
    0x0d,0x43,0xeb,0x56,0x0d,0x45,0xed,0x56,0x0d,0x47,0xef,0x56,0x0e,0x41,0xe1,0x56,
    0x0e,0x43,0xe3,0x56,0x0e,0x45,0xe5,0x56,0x0e,0x47,0xe7,0x56,0x0f,0x41,0xa9,0x56,
    0x0f,0x43,0xab,0x56,0x0f,0x45,0xad,0x56,0x0f,0x47,0xaf,0x56,0x10,0x41,0xa1,0x56,
    0x10,0x43,0xa3,0x56,0x10,0x45,0xa5,0x56,0x10,0x47,0xa7,0x56,0x00,0x1a,0xfc,0xdb,
    0xb0,0x00,0x00,0x0d,0x01,0x00,0xc6,0xbf,0xb2,0x29,0x25,0x56,0xb2,0x2b,0x27,0x56,
    0xb2,0x2d,0x29,0x56,0xb2,0x2f,0x2b,0x56,0xb3,0x29,0x3d,0x56,0xb3,0x2b,0x3f,0x56,
    0xb3,0x2d,0x41,0x56,0xb3,0x2f,0x43,0x56,0xb4,0x29,0x45,0x56,0xb4,0x2b,0x47,0x56,
    0xb4,0x2d,0x49,0x56,0xb4,0x2f,0x4b,0x56,0xb5,0x29,0x89,0x56,0xb5,0x2b,0x8b,0x56,
    0xb5,0x2d,0x8d,0x56,0xb5,0x2f,0x8f,0x56,0x00,0x1a,0xfc,0xdb,0xb1,0x00,0x00,0x94,
    0xb2,0x41,0x2d,0x56,0xb2,0x43,0x2f,0x56,0xb2,0x45,0x31,0x56,0xb2,0x47,0x33,0x56,
    0xb3,0x41,0x35,0x56,0xb3,0x43,0x37,0x56,0xb3,0x45,0x39,0x56,0xb3,0x47,0x3b,0x56,
    0xb4,0x41,0x61,0x56,0xb4,0x43,0x63,0x56,0xb4,0x45,0x65,0x56,0xb4,0x47,0x67,0x56,
    0xb5,0x41,0x69,0x56,0xb5,0x43,0x6b,0x56,0xb5,0x45,0x6d,0x56,0xb5,0x47,0x6f,0x56,
    0x00,0x1b,0xfc,0xdb,0xb1,0x00,0x00,0xa0,0x00,0x1b,0xfc,0xdb,0xb0,0x00,0x00,0xb2,
    0x02,0x00,0xc6,0xbf,0x0d,0x29,0x01,0x57,0x0d,0x2b,0x03,0x57,0x0d,0x2d,0x05,0x57,
    0x0d,0x2f,0x07,0x57,0x0e,0x29,0xc9,0x56,0x0e,0x2b,0xcb,0x56,0x0e,0x2d,0xcd,0x56,
    0x0e,0x2f,0xcf,0x56,0x0f,0x29,0xc1,0x56,0x0f,0x2b,0xc3,0x56,0x0f,0x2d,0xc5,0x56,
    0x0f,0x2f,0xc7,0x56,0x10,0x29,0x81,0x56,0x10,0x2b,0x83,0x56,0x10,0x2d,0x85,0x56,
    0x10,0x2f,0x87,0x56,0x01,0x00,0xc6,0xbf,0x0d,0x41,0xe9,0x56,0x0d,0x43,0xeb,0x56,
    0x0d,0x45,0xed,0x56,0x0d,0x47,0xef,0x56,0x0e,0x41,0xe1,0x56,0x0e,0x43,0xe3,0x56,
    0x0e,0x45,0xe5,0x56,0x0e,0x47,0xe7,0x56,0x0f,0x41,0xa9,0x56,0x0f,0x43,0xab,0x56,
    0x0f,0x45,0xad,0x56,0x0f,0x47,0xaf,0x56,0x10,0x41,0xa1,0x56,0x10,0x43,0xa3,0x56,
    0x10,0x45,0xa5,0x56,0x10,0x47,0xa7,0x56,0x00,0x1c,0xfc,0xdb,0xb0,0x00,0x00,0x0d,
    0x01,0x00,0xc6,0xbf,0xb2,0x29,0x25,0x56,0xb2,0x2b,0x27,0x56,0xb2,0x2d,0x29,0x56,
    0xb2,0x2f,0x2b,0x56,0xb3,0x29,0x3d,0x56,0xb3,0x2b,0x3f,0x56,0xb3,0x2d,0x41,0x56,
    0xb3,0x2f,0x43,0x56,0xb4,0x29,0x45,0x56,0xb4,0x2b,0x47,0x56,0xb4,0x2d,0x49,0x56,
    0xb4,0x2f,0x4b,0x56,0xb5,0x29,0x89,0x56,0xb5,0x2b,0x8b,0x56,0xb5,0x2d,0x8d,0x56,
    0xb5,0x2f,0x8f,0x56,0x00,0x1c,0xfc,0xdb,0xb1,0x00,0x00,0x94,0xb2,0x41,0x2d,0x56,
    0xb2,0x43,0x2f,0x56,0xb2,0x45,0x31,0x56,0xb2,0x47,0x33,0x56,0xb3,0x41,0x35,0x56,
    0xb3,0x43,0x37,0x56,0xb3,0x45,0x39,0x56,0xb3,0x47,0x3b,0x56,0xb4,0x41,0x61,0x56,
    0xb4,0x43,0x63,0x56,0xb4,0x45,0x65,0x56,0xb4,0x47,0x67,0x56,0xb5,0x41,0x69,0x56,
    0xb5,0x43,0x6b,0x56,0xb5,0x45,0x6d,0x56,0xb5,0x47,0x6f,0x56,0x00,0x1d,0xfc,0xdb,
    0xb1,0x00,0x00,0xa0,0x00,0x1d,0xfc,0xdb,0xb0,0x00,0x00,0xb2,0x02,0x00,0xc6,0xbf,
    0x0d,0x29,0x01,0x57,0x0d,0x2b,0x03,0x57,0x0d,0x2d,0x05,0x57,0x0d,0x2f,0x07,0x57,
    0x0e,0x29,0xc9,0x56,0x0e,0x2b,0xcb,0x56,0x0e,0x2d,0xcd,0x56,0x0e,0x2f,0xcf,0x56,
    0x0f,0x29,0xc1,0x56,0x0f,0x2b,0xc3,0x56,0x0f,0x2d,0xc5,0x56,0x0f,0x2f,0xc7,0x56,
    0x10,0x29,0x81,0x56,0x10,0x2b,0x83,0x56,0x10,0x2d,0x85,0x56,0x10,0x2f,0x87,0x56,
    0x01,0x00,0xc6,0xbf,0x0d,0x41,0xe9,0x56,0x0d,0x43,0xeb,0x56,0x0d,0x45,0xed,0x56,
    0x0d,0x47,0xef,0x56,0x0e,0x41,0xe1,0x56,0x0e,0x43,0xe3,0x56,0x0e,0x45,0xe5,0x56,
    0x0e,0x47,0xe7,0x56,0x0f,0x41,0xa9,0x56,0x0f,0x43,0xab,0x56,0x0f,0x45,0xad,0x56,
    0x0f,0x47,0xaf,0x56,0x10,0x41,0xa1,0x56,0x10,0x43,0xa3,0x56,0x10,0x45,0xa5,0x56,
    0x10,0x47,0xa7,0x56,0x00,0x1e,0xfc,0xdb,0xb0,0x00,0x00,0x0d,0x01,0x00,0xc6,0xbf,
    0xb2,0x29,0x25,0x56,0xb2,0x2b,0x27,0x56,0xb2,0x2d,0x29,0x56,0xb2,0x2f,0x2b,0x56,
    0xb3,0x29,0x3d,0x56,0xb3,0x2b,0x3f,0x56,0xb3,0x2d,0x41,0x56,0xb3,0x2f,0x43,0x56,
    0xb4,0x29,0x45,0x56,0xb4,0x2b,0x47,0x56,0xb4,0x2d,0x49,0x56,0xb4,0x2f,0x4b,0x56,
    0xb5,0x29,0x89,0x56,0xb5,0x2b,0x8b,0x56,0xb5,0x2d,0x8d,0x56,0xb5,0x2f,0x8f,0x56,
    0x00,0x1e,0xfc,0xdb,0xb1,0x00,0x00,0x94,0xb2,0x41,0x2d,0x56,0xb2,0x43,0x2f,0x56,
    0xb2,0x45,0x31,0x56,0xb2,0x47,0x33,0x56,0xb3,0x41,0x35,0x56,0xb3,0x43,0x37,0x56,
    0xb3,0x45,0x39,0x56,0xb3,0x47,0x3b,0x56,0xb4,0x41,0x61,0x56,0xb4,0x43,0x63,0x56,
    0xb4,0x45,0x65,0x56,0xb4,0x47,0x67,0x56,0xb5,0x41,0x69,0x56,0xb5,0x43,0x6b,0x56,
    0xb5,0x45,0x6d,0x56,0xb5,0x47,0x6f,0x56,0x00,0x1f,0xfc,0xdb,0xb1,0x00,0x00,0xa0,
    0x00,0x1f,0xfc,0xdb,0xb0,0x00,0x00,0xb0,0x02,0x00,0xc6,0xbf,0x0d,0x29,0x01,0x57,
    0x0d,0x2b,0x03,0x57,0x0d,0x2d,0x05,0x57,0x0d,0x2f,0x07,0x57,0x0e,0x29,0xc9,0x56,
    0x0e,0x2b,0xcb,0x56,0x0e,0x2d,0xcd,0x56,0x0e,0x2f,0xcf,0x56,0x0f,0x29,0xc1,0x56,
    0x0f,0x2b,0xc3,0x56,0x0f,0x2d,0xc5,0x56,0x0f,0x2f,0xc7,0x56,0x10,0x29,0x81,0x56,
    0x10,0x2b,0x83,0x56,0x10,0x2d,0x85,0x56,0x10,0x2f,0x87,0x56,0x01,0x00,0xc6,0xbf,
    0x0d,0x41,0xe9,0x56,0x0d,0x43,0xeb,0x56,0x0d,0x45,0xed,0x56,0x0d,0x47,0xef,0x56,
    0x0e,0x41,0xe1,0x56,0x0e,0x43,0xe3,0x56,0x0e,0x45,0xe5,0x56,0x0e,0x47,0xe7,0x56,
    0x0f,0x41,0xa9,0x56,0x0f,0x43,0xab,0x56,0x0f,0x45,0xad,0x56,0x0f,0x47,0xaf,0x56,
    0x10,0x41,0xa1,0x56,0x10,0x43,0xa3,0x56,0x10,0x45,0xa5,0x56,0x10,0x47,0xa7,0x56,
    0x00,0x00,0xc6,0xbf,0xb0,0x29,0x25,0x56,0xb0,0x2b,0x27,0x56,0xb0,0x2d,0x29,0x56,
    0xb0,0x2f,0x2b,0x56,0xb1,0x29,0x3d,0x56,0xb1,0x2b,0x3f,0x56,0xb1,0x2d,0x41,0x56,
    0xb1,0x2f,0x43,0x56,0xb2,0x29,0x45,0x56,0xb2,0x2b,0x47,0x56,0xb2,0x2d,0x49,0x56,
    0xb2,0x2f,0x4b,0x56,0xb3,0x29,0x89,0x56,0xb3,0x2b,0x8b,0x56,0xb3,0x2d,0x8d,0x56,
    0xb3,0x2f,0x8f,0x56,0xb0,0x41,0x2d,0x56,0xb0,0x43,0x2f,0x56,0xb0,0x45,0x31,0x56,
    0xb0,0x47,0x33,0x56,0xb1,0x41,0x35,0x56,0xb1,0x43,0x37,0x56,0xb1,0x45,0x39,0x56,
    0xb1,0x47,0x3b,0x56,0xb2,0x41,0x61,0x56,0xb2,0x43,0x63,0x56,0xb2,0x45,0x65,0x56,
    0xb2,0x47,0x67,0x56,0xb3,0x41,0x69,0x56,0xb3,0x43,0x6b,0x56,0xb3,0x45,0x6d,0x56,
    0xb3,0x47,0x6f,0x56,0x00,0x02,0x3c,0xd8,0xa7,0x84,0x85,0x00,0x04,0x06,0x3c,0xd8,
    0xa7,0x86,0x87,0x00,0x08,0x0a,0x3c,0xd8,0xa7,0x90,0x91,0x00,0x0c,0x0e,0x3c,0xd8,
    0xa7,0x92,0x93,0x00,0x00,0x00,0x7c,0xdb,0xa6,0x00,0x00,0x00,0x00,0x00,0xc0,0xbf,
    0x00,0x02,0x7c,0xdb,0xa6,0x06,0x00,0x00,0x00,0x00,0xc6,0xbf,0xc1,0x4e,0x80,0xbe,
    0xff,0xff,0x94,0xbf,0x00,0x00,0xfc,0xdb,0x26,0x00,0x00,0x00,0x00,0x00,0xfc,0xdb,
    0xa5,0x00,0x00,0x06,0x00,0x01,0xfc,0xdb,0xa5,0x00,0x00,0x0d,0x00,0x01,0xfc,0xdb,
    0x26,0x00,0x00,0x84,0x02,0x00,0xc6,0xbf,0x00,0x0d,0x00,0x57,0x00,0x0f,0x02,0x57,
    0x00,0x11,0x04,0x57,0x00,0x13,0x06,0x57,0x01,0x0d,0xc8,0x56,0x01,0x0f,0xca,0x56,
    0x01,0x11,0xcc,0x56,0x01,0x13,0xce,0x56,0x02,0x0d,0xc0,0x56,0x02,0x0f,0xc2,0x56,
    0x02,0x11,0xc4,0x56,0x02,0x13,0xc6,0x56,0x03,0x0d,0x80,0x56,0x03,0x0f,0x82,0x56,
    0x03,0x11,0x84,0x56,0x03,0x13,0x86,0x56,0x01,0x00,0xc6,0xbf,0x00,0x1b,0xe8,0x56,
    0x00,0x1d,0xea,0x56,0x00,0x1f,0xec,0x56,0x00,0x21,0xee,0x56,0x01,0x1b,0xe0,0x56,
    0x01,0x1d,0xe2,0x56,0x01,0x1f,0xe4,0x56,0x01,0x21,0xe6,0x56,0x02,0x1b,0xa8,0x56,
    0x02,0x1d,0xaa,0x56,0x02,0x1f,0xac,0x56,0x02,0x21,0xae,0x56,0x03,0x1b,0xa0,0x56,
    0x03,0x1d,0xa2,0x56,0x03,0x1f,0xa4,0x56,0x03,0x21,0xa6,0x56,0x00,0x02,0xfc,0xdb,
    0x26,0x00,0x00,0x00,0x01,0x00,0xc6,0xbf,0x84,0x0d,0x24,0x56,0x84,0x0f,0x26,0x56,
    0x84,0x11,0x28,0x56,0x84,0x13,0x2a,0x56,0x85,0x0d,0x3c,0x56,0x85,0x0f,0x3e,0x56,
    0x85,0x11,0x40,0x56,0x85,0x13,0x42,0x56,0x86,0x0d,0x44,0x56,0x86,0x0f,0x46,0x56,
    0x86,0x11,0x48,0x56,0x86,0x13,0x4a,0x56,0x87,0x0d,0x88,0x56,0x87,0x0f,0x8a,0x56,
    0x87,0x11,0x8c,0x56,0x87,0x13,0x8e,0x56,0x00,0x02,0xfc,0xdb,0xa5,0x00,0x00,0x06,
    0x84,0x1b,0x2c,0x56,0x84,0x1d,0x2e,0x56,0x84,0x1f,0x30,0x56,0x84,0x21,0x32,0x56,
    0x85,0x1b,0x34,0x56,0x85,0x1d,0x36,0x56,0x85,0x1f,0x38,0x56,0x85,0x21,0x3a,0x56,
    0x86,0x1b,0x60,0x56,0x86,0x1d,0x62,0x56,0x86,0x1f,0x64,0x56,0x86,0x21,0x66,0x56,
    0x87,0x1b,0x68,0x56,0x87,0x1d,0x6a,0x56,0x87,0x1f,0x6c,0x56,0x87,0x21,0x6e,0x56,
    0x00,0x03,0xfc,0xdb,0xa5,0x00,0x00,0x0d,0x00,0x03,0xfc,0xdb,0x26,0x00,0x00,0x84,
    0x02,0x00,0xc6,0xbf,0x00,0x0d,0x00,0x57,0x00,0x0f,0x02,0x57,0x00,0x11,0x04,0x57,
    0x00,0x13,0x06,0x57,0x01,0x0d,0xc8,0x56,0x01,0x0f,0xca,0x56,0x01,0x11,0xcc,0x56,
    0x01,0x13,0xce,0x56,0x02,0x0d,0xc0,0x56,0x02,0x0f,0xc2,0x56,0x02,0x11,0xc4,0x56,
    0x02,0x13,0xc6,0x56,0x03,0x0d,0x80,0x56,0x03,0x0f,0x82,0x56,0x03,0x11,0x84,0x56,
    0x03,0x13,0x86,0x56,0x01,0x00,0xc6,0xbf,0x00,0x1b,0xe8,0x56,0x00,0x1d,0xea,0x56,
    0x00,0x1f,0xec,0x56,0x00,0x21,0xee,0x56,0x01,0x1b,0xe0,0x56,0x01,0x1d,0xe2,0x56,
    0x01,0x1f,0xe4,0x56,0x01,0x21,0xe6,0x56,0x02,0x1b,0xa8,0x56,0x02,0x1d,0xaa,0x56,
    0x02,0x1f,0xac,0x56,0x02,0x21,0xae,0x56,0x03,0x1b,0xa0,0x56,0x03,0x1d,0xa2,0x56,
    0x03,0x1f,0xa4,0x56,0x03,0x21,0xa6,0x56,0x00,0x04,0xfc,0xdb,0x26,0x00,0x00,0x00,
    0x01,0x00,0xc6,0xbf,0x84,0x0d,0x24,0x56,0x84,0x0f,0x26,0x56,0x84,0x11,0x28,0x56,
    0x84,0x13,0x2a,0x56,0x85,0x0d,0x3c,0x56,0x85,0x0f,0x3e,0x56,0x85,0x11,0x40,0x56,
    0x85,0x13,0x42,0x56,0x86,0x0d,0x44,0x56,0x86,0x0f,0x46,0x56,0x86,0x11,0x48,0x56,
    0x86,0x13,0x4a,0x56,0x87,0x0d,0x88,0x56,0x87,0x0f,0x8a,0x56,0x87,0x11,0x8c,0x56,
    0x87,0x13,0x8e,0x56,0x00,0x04,0xfc,0xdb,0xa5,0x00,0x00,0x06,0x84,0x1b,0x2c,0x56,
    0x84,0x1d,0x2e,0x56,0x84,0x1f,0x30,0x56,0x84,0x21,0x32,0x56,0x85,0x1b,0x34,0x56,
    0x85,0x1d,0x36,0x56,0x85,0x1f,0x38,0x56,0x85,0x21,0x3a,0x56,0x86,0x1b,0x60,0x56,
    0x86,0x1d,0x62,0x56,0x86,0x1f,0x64,0x56,0x86,0x21,0x66,0x56,0x87,0x1b,0x68,0x56,
    0x87,0x1d,0x6a,0x56,0x87,0x1f,0x6c,0x56,0x87,0x21,0x6e,0x56,0x00,0x05,0xfc,0xdb,
    0xa5,0x00,0x00,0x0d,0x00,0x05,0xfc,0xdb,0x26,0x00,0x00,0x84,0x02,0x00,0xc6,0xbf,
    0x00,0x0d,0x00,0x57,0x00,0x0f,0x02,0x57,0x00,0x11,0x04,0x57,0x00,0x13,0x06,0x57,
    0x01,0x0d,0xc8,0x56,0x01,0x0f,0xca,0x56,0x01,0x11,0xcc,0x56,0x01,0x13,0xce,0x56,
    0x02,0x0d,0xc0,0x56,0x02,0x0f,0xc2,0x56,0x02,0x11,0xc4,0x56,0x02,0x13,0xc6,0x56,
    0x03,0x0d,0x80,0x56,0x03,0x0f,0x82,0x56,0x03,0x11,0x84,0x56,0x03,0x13,0x86,0x56,
    0x01,0x00,0xc6,0xbf,0x00,0x1b,0xe8,0x56,0x00,0x1d,0xea,0x56,0x00,0x1f,0xec,0x56,
    0x00,0x21,0xee,0x56,0x01,0x1b,0xe0,0x56,0x01,0x1d,0xe2,0x56,0x01,0x1f,0xe4,0x56,
    0x01,0x21,0xe6,0x56,0x02,0x1b,0xa8,0x56,0x02,0x1d,0xaa,0x56,0x02,0x1f,0xac,0x56,
    0x02,0x21,0xae,0x56,0x03,0x1b,0xa0,0x56,0x03,0x1d,0xa2,0x56,0x03,0x1f,0xa4,0x56,
    0x03,0x21,0xa6,0x56,0x00,0x06,0xfc,0xdb,0x26,0x00,0x00,0x00,0x01,0x00,0xc6,0xbf,
    0x84,0x0d,0x24,0x56,0x84,0x0f,0x26,0x56,0x84,0x11,0x28,0x56,0x84,0x13,0x2a,0x56,
    0x85,0x0d,0x3c,0x56,0x85,0x0f,0x3e,0x56,0x85,0x11,0x40,0x56,0x85,0x13,0x42,0x56,
    0x86,0x0d,0x44,0x56,0x86,0x0f,0x46,0x56,0x86,0x11,0x48,0x56,0x86,0x13,0x4a,0x56,
    0x87,0x0d,0x88,0x56,0x87,0x0f,0x8a,0x56,0x87,0x11,0x8c,0x56,0x87,0x13,0x8e,0x56,
    0x00,0x06,0xfc,0xdb,0xa5,0x00,0x00,0x06,0x84,0x1b,0x2c,0x56,0x84,0x1d,0x2e,0x56,
    0x84,0x1f,0x30,0x56,0x84,0x21,0x32,0x56,0x85,0x1b,0x34,0x56,0x85,0x1d,0x36,0x56,
    0x85,0x1f,0x38,0x56,0x85,0x21,0x3a,0x56,0x86,0x1b,0x60,0x56,0x86,0x1d,0x62,0x56,
    0x86,0x1f,0x64,0x56,0x86,0x21,0x66,0x56,0x87,0x1b,0x68,0x56,0x87,0x1d,0x6a,0x56,
    0x87,0x1f,0x6c,0x56,0x87,0x21,0x6e,0x56,0x00,0x07,0xfc,0xdb,0xa5,0x00,0x00,0x0d,
    0x00,0x07,0xfc,0xdb,0x26,0x00,0x00,0x84,0x02,0x00,0xc6,0xbf,0x00,0x0d,0x00,0x57,
    0x00,0x0f,0x02,0x57,0x00,0x11,0x04,0x57,0x00,0x13,0x06,0x57,0x01,0x0d,0xc8,0x56,
    0x01,0x0f,0xca,0x56,0x01,0x11,0xcc,0x56,0x01,0x13,0xce,0x56,0x02,0x0d,0xc0,0x56,
    0x02,0x0f,0xc2,0x56,0x02,0x11,0xc4,0x56,0x02,0x13,0xc6,0x56,0x03,0x0d,0x80,0x56,
    0x03,0x0f,0x82,0x56,0x03,0x11,0x84,0x56,0x03,0x13,0x86,0x56,0x01,0x00,0xc6,0xbf,
    0x00,0x1b,0xe8,0x56,0x00,0x1d,0xea,0x56,0x00,0x1f,0xec,0x56,0x00,0x21,0xee,0x56,
    0x01,0x1b,0xe0,0x56,0x01,0x1d,0xe2,0x56,0x01,0x1f,0xe4,0x56,0x01,0x21,0xe6,0x56,
    0x02,0x1b,0xa8,0x56,0x02,0x1d,0xaa,0x56,0x02,0x1f,0xac,0x56,0x02,0x21,0xae,0x56,
    0x03,0x1b,0xa0,0x56,0x03,0x1d,0xa2,0x56,0x03,0x1f,0xa4,0x56,0x03,0x21,0xa6,0x56,
    0x00,0x08,0xfc,0xdb,0x26,0x00,0x00,0x00,0x01,0x00,0xc6,0xbf,0x84,0x0d,0x24,0x56,
    0x84,0x0f,0x26,0x56,0x84,0x11,0x28,0x56,0x84,0x13,0x2a,0x56,0x85,0x0d,0x3c,0x56,
    0x85,0x0f,0x3e,0x56,0x85,0x11,0x40,0x56,0x85,0x13,0x42,0x56,0x86,0x0d,0x44,0x56,
    0x86,0x0f,0x46,0x56,0x86,0x11,0x48,0x56,0x86,0x13,0x4a,0x56,0x87,0x0d,0x88,0x56,
    0x87,0x0f,0x8a,0x56,0x87,0x11,0x8c,0x56,0x87,0x13,0x8e,0x56,0x00,0x08,0xfc,0xdb,
    0xa5,0x00,0x00,0x06,0x84,0x1b,0x2c,0x56,0x84,0x1d,0x2e,0x56,0x84,0x1f,0x30,0x56,
    0x84,0x21,0x32,0x56,0x85,0x1b,0x34,0x56,0x85,0x1d,0x36,0x56,0x85,0x1f,0x38,0x56,
    0x85,0x21,0x3a,0x56,0x86,0x1b,0x60,0x56,0x86,0x1d,0x62,0x56,0x86,0x1f,0x64,0x56,
    0x86,0x21,0x66,0x56,0x87,0x1b,0x68,0x56,0x87,0x1d,0x6a,0x56,0x87,0x1f,0x6c,0x56,
    0x87,0x21,0x6e,0x56,0x00,0x09,0xfc,0xdb,0xa5,0x00,0x00,0x0d,0x00,0x09,0xfc,0xdb,
    0x26,0x00,0x00,0x84,0x02,0x00,0xc6,0xbf,0x00,0x0d,0x00,0x57,0x00,0x0f,0x02,0x57,
    0x00,0x11,0x04,0x57,0x00,0x13,0x06,0x57,0x01,0x0d,0xc8,0x56,0x01,0x0f,0xca,0x56,
    0x01,0x11,0xcc,0x56,0x01,0x13,0xce,0x56,0x02,0x0d,0xc0,0x56,0x02,0x0f,0xc2,0x56,
    0x02,0x11,0xc4,0x56,0x02,0x13,0xc6,0x56,0x03,0x0d,0x80,0x56,0x03,0x0f,0x82,0x56,
    0x03,0x11,0x84,0x56,0x03,0x13,0x86,0x56,0x01,0x00,0xc6,0xbf,0x00,0x1b,0xe8,0x56,
    0x00,0x1d,0xea,0x56,0x00,0x1f,0xec,0x56,0x00,0x21,0xee,0x56,0x01,0x1b,0xe0,0x56,
    0x01,0x1d,0xe2,0x56,0x01,0x1f,0xe4,0x56,0x01,0x21,0xe6,0x56,0x02,0x1b,0xa8,0x56,
    0x02,0x1d,0xaa,0x56,0x02,0x1f,0xac,0x56,0x02,0x21,0xae,0x56,0x03,0x1b,0xa0,0x56,
    0x03,0x1d,0xa2,0x56,0x03,0x1f,0xa4,0x56,0x03,0x21,0xa6,0x56,0x00,0x0a,0xfc,0xdb,
    0x26,0x00,0x00,0x00,0x01,0x00,0xc6,0xbf,0x84,0x0d,0x24,0x56,0x84,0x0f,0x26,0x56,
    0x84,0x11,0x28,0x56,0x84,0x13,0x2a,0x56,0x85,0x0d,0x3c,0x56,0x85,0x0f,0x3e,0x56,
    0x85,0x11,0x40,0x56,0x85,0x13,0x42,0x56,0x86,0x0d,0x44,0x56,0x86,0x0f,0x46,0x56,
    0x86,0x11,0x48,0x56,0x86,0x13,0x4a,0x56,0x87,0x0d,0x88,0x56,0x87,0x0f,0x8a,0x56,
    0x87,0x11,0x8c,0x56,0x87,0x13,0x8e,0x56,0x00,0x0a,0xfc,0xdb,0xa5,0x00,0x00,0x06,
    0x84,0x1b,0x2c,0x56,0x84,0x1d,0x2e,0x56,0x84,0x1f,0x30,0x56,0x84,0x21,0x32,0x56,
    0x85,0x1b,0x34,0x56,0x85,0x1d,0x36,0x56,0x85,0x1f,0x38,0x56,0x85,0x21,0x3a,0x56,
    0x86,0x1b,0x60,0x56,0x86,0x1d,0x62,0x56,0x86,0x1f,0x64,0x56,0x86,0x21,0x66,0x56,
    0x87,0x1b,0x68,0x56,0x87,0x1d,0x6a,0x56,0x87,0x1f,0x6c,0x56,0x87,0x21,0x6e,0x56,
    0x00,0x0b,0xfc,0xdb,0xa5,0x00,0x00,0x0d,0x00,0x0b,0xfc,0xdb,0x26,0x00,0x00,0x84,
    0x02,0x00,0xc6,0xbf,0x00,0x0d,0x00,0x57,0x00,0x0f,0x02,0x57,0x00,0x11,0x04,0x57,
    0x00,0x13,0x06,0x57,0x01,0x0d,0xc8,0x56,0x01,0x0f,0xca,0x56,0x01,0x11,0xcc,0x56,
    0x01,0x13,0xce,0x56,0x02,0x0d,0xc0,0x56,0x02,0x0f,0xc2,0x56,0x02,0x11,0xc4,0x56,
    0x02,0x13,0xc6,0x56,0x03,0x0d,0x80,0x56,0x03,0x0f,0x82,0x56,0x03,0x11,0x84,0x56,
    0x03,0x13,0x86,0x56,0x01,0x00,0xc6,0xbf,0x00,0x1b,0xe8,0x56,0x00,0x1d,0xea,0x56,
    0x00,0x1f,0xec,0x56,0x00,0x21,0xee,0x56,0x01,0x1b,0xe0,0x56,0x01,0x1d,0xe2,0x56,
    0x01,0x1f,0xe4,0x56,0x01,0x21,0xe6,0x56,0x02,0x1b,0xa8,0x56,0x02,0x1d,0xaa,0x56,
    0x02,0x1f,0xac,0x56,0x02,0x21,0xae,0x56,0x03,0x1b,0xa0,0x56,0x03,0x1d,0xa2,0x56,
    0x03,0x1f,0xa4,0x56,0x03,0x21,0xa6,0x56,0x00,0x0c,0xfc,0xdb,0x26,0x00,0x00,0x00,
    0x01,0x00,0xc6,0xbf,0x84,0x0d,0x24,0x56,0x84,0x0f,0x26,0x56,0x84,0x11,0x28,0x56,
    0x84,0x13,0x2a,0x56,0x85,0x0d,0x3c,0x56,0x85,0x0f,0x3e,0x56,0x85,0x11,0x40,0x56,
    0x85,0x13,0x42,0x56,0x86,0x0d,0x44,0x56,0x86,0x0f,0x46,0x56,0x86,0x11,0x48,0x56,
    0x86,0x13,0x4a,0x56,0x87,0x0d,0x88,0x56,0x87,0x0f,0x8a,0x56,0x87,0x11,0x8c,0x56,
    0x87,0x13,0x8e,0x56,0x00,0x0c,0xfc,0xdb,0xa5,0x00,0x00,0x06,0x84,0x1b,0x2c,0x56,
    0x84,0x1d,0x2e,0x56,0x84,0x1f,0x30,0x56,0x84,0x21,0x32,0x56,0x85,0x1b,0x34,0x56,
    0x85,0x1d,0x36,0x56,0x85,0x1f,0x38,0x56,0x85,0x21,0x3a,0x56,0x86,0x1b,0x60,0x56,
    0x86,0x1d,0x62,0x56,0x86,0x1f,0x64,0x56,0x86,0x21,0x66,0x56,0x87,0x1b,0x68,0x56,
    0x87,0x1d,0x6a,0x56,0x87,0x1f,0x6c,0x56,0x87,0x21,0x6e,0x56,0x00,0x0d,0xfc,0xdb,
    0xa5,0x00,0x00,0x0d,0x00,0x0d,0xfc,0xdb,0x26,0x00,0x00,0x84,0x02,0x00,0xc6,0xbf,
    0x00,0x0d,0x00,0x57,0x00,0x0f,0x02,0x57,0x00,0x11,0x04,0x57,0x00,0x13,0x06,0x57,
    0x01,0x0d,0xc8,0x56,0x01,0x0f,0xca,0x56,0x01,0x11,0xcc,0x56,0x01,0x13,0xce,0x56,
    0x02,0x0d,0xc0,0x56,0x02,0x0f,0xc2,0x56,0x02,0x11,0xc4,0x56,0x02,0x13,0xc6,0x56,
    0x03,0x0d,0x80,0x56,0x03,0x0f,0x82,0x56,0x03,0x11,0x84,0x56,0x03,0x13,0x86,0x56,
    0x01,0x00,0xc6,0xbf,0x00,0x1b,0xe8,0x56,0x00,0x1d,0xea,0x56,0x00,0x1f,0xec,0x56,
    0x00,0x21,0xee,0x56,0x01,0x1b,0xe0,0x56,0x01,0x1d,0xe2,0x56,0x01,0x1f,0xe4,0x56,
    0x01,0x21,0xe6,0x56,0x02,0x1b,0xa8,0x56,0x02,0x1d,0xaa,0x56,0x02,0x1f,0xac,0x56,
    0x02,0x21,0xae,0x56,0x03,0x1b,0xa0,0x56,0x03,0x1d,0xa2,0x56,0x03,0x1f,0xa4,0x56,
    0x03,0x21,0xa6,0x56,0x00,0x0e,0xfc,0xdb,0x26,0x00,0x00,0x00,0x01,0x00,0xc6,0xbf,
    0x84,0x0d,0x24,0x56,0x84,0x0f,0x26,0x56,0x84,0x11,0x28,0x56,0x84,0x13,0x2a,0x56,
    0x85,0x0d,0x3c,0x56,0x85,0x0f,0x3e,0x56,0x85,0x11,0x40,0x56,0x85,0x13,0x42,0x56,
    0x86,0x0d,0x44,0x56,0x86,0x0f,0x46,0x56,0x86,0x11,0x48,0x56,0x86,0x13,0x4a,0x56,
    0x87,0x0d,0x88,0x56,0x87,0x0f,0x8a,0x56,0x87,0x11,0x8c,0x56,0x87,0x13,0x8e,0x56,
    0x00,0x0e,0xfc,0xdb,0xa5,0x00,0x00,0x06,0x84,0x1b,0x2c,0x56,0x84,0x1d,0x2e,0x56,
    0x84,0x1f,0x30,0x56,0x84,0x21,0x32,0x56,0x85,0x1b,0x34,0x56,0x85,0x1d,0x36,0x56,
    0x85,0x1f,0x38,0x56,0x85,0x21,0x3a,0x56,0x86,0x1b,0x60,0x56,0x86,0x1d,0x62,0x56,
    0x86,0x1f,0x64,0x56,0x86,0x21,0x66,0x56,0x87,0x1b,0x68,0x56,0x87,0x1d,0x6a,0x56,
    0x87,0x1f,0x6c,0x56,0x87,0x21,0x6e,0x56,0x00,0x0f,0xfc,0xdb,0xa5,0x00,0x00,0x0d,
    0x00,0x0f,0xfc,0xdb,0x26,0x00,0x00,0x84,0x02,0x00,0xc6,0xbf,0x00,0x0d,0x00,0x57,
    0x00,0x0f,0x02,0x57,0x00,0x11,0x04,0x57,0x00,0x13,0x06,0x57,0x01,0x0d,0xc8,0x56,
    0x01,0x0f,0xca,0x56,0x01,0x11,0xcc,0x56,0x01,0x13,0xce,0x56,0x02,0x0d,0xc0,0x56,
    0x02,0x0f,0xc2,0x56,0x02,0x11,0xc4,0x56,0x02,0x13,0xc6,0x56,0x03,0x0d,0x80,0x56,
    0x03,0x0f,0x82,0x56,0x03,0x11,0x84,0x56,0x03,0x13,0x86,0x56,0x01,0x00,0xc6,0xbf,
    0x00,0x1b,0xe8,0x56,0x00,0x1d,0xea,0x56,0x00,0x1f,0xec,0x56,0x00,0x21,0xee,0x56,
    0x01,0x1b,0xe0,0x56,0x01,0x1d,0xe2,0x56,0x01,0x1f,0xe4,0x56,0x01,0x21,0xe6,0x56,
    0x02,0x1b,0xa8,0x56,0x02,0x1d,0xaa,0x56,0x02,0x1f,0xac,0x56,0x02,0x21,0xae,0x56,
    0x03,0x1b,0xa0,0x56,0x03,0x1d,0xa2,0x56,0x03,0x1f,0xa4,0x56,0x03,0x21,0xa6,0x56,
    0x00,0x10,0xfc,0xdb,0x26,0x00,0x00,0x00,0x01,0x00,0xc6,0xbf,0x84,0x0d,0x24,0x56,
    0x84,0x0f,0x26,0x56,0x84,0x11,0x28,0x56,0x84,0x13,0x2a,0x56,0x85,0x0d,0x3c,0x56,
    0x85,0x0f,0x3e,0x56,0x85,0x11,0x40,0x56,0x85,0x13,0x42,0x56,0x86,0x0d,0x44,0x56,
    0x86,0x0f,0x46,0x56,0x86,0x11,0x48,0x56,0x86,0x13,0x4a,0x56,0x87,0x0d,0x88,0x56,
    0x87,0x0f,0x8a,0x56,0x87,0x11,0x8c,0x56,0x87,0x13,0x8e,0x56,0x00,0x10,0xfc,0xdb,
    0xa5,0x00,0x00,0x06,0x84,0x1b,0x2c,0x56,0x84,0x1d,0x2e,0x56,0x84,0x1f,0x30,0x56,
    0x84,0x21,0x32,0x56,0x85,0x1b,0x34,0x56,0x85,0x1d,0x36,0x56,0x85,0x1f,0x38,0x56,
    0x85,0x21,0x3a,0x56,0x86,0x1b,0x60,0x56,0x86,0x1d,0x62,0x56,0x86,0x1f,0x64,0x56,
    0x86,0x21,0x66,0x56,0x87,0x1b,0x68,0x56,0x87,0x1d,0x6a,0x56,0x87,0x1f,0x6c,0x56,
    0x87,0x21,0x6e,0x56,0x00,0x11,0xfc,0xdb,0xa5,0x00,0x00,0x0d,0x00,0x11,0xfc,0xdb,
    0x26,0x00,0x00,0x84,0x02,0x00,0xc6,0xbf,0x00,0x0d,0x00,0x57,0x00,0x0f,0x02,0x57,
    0x00,0x11,0x04,0x57,0x00,0x13,0x06,0x57,0x01,0x0d,0xc8,0x56,0x01,0x0f,0xca,0x56,
    0x01,0x11,0xcc,0x56,0x01,0x13,0xce,0x56,0x02,0x0d,0xc0,0x56,0x02,0x0f,0xc2,0x56,
    0x02,0x11,0xc4,0x56,0x02,0x13,0xc6,0x56,0x03,0x0d,0x80,0x56,0x03,0x0f,0x82,0x56,
    0x03,0x11,0x84,0x56,0x03,0x13,0x86,0x56,0x01,0x00,0xc6,0xbf,0x00,0x1b,0xe8,0x56,
    0x00,0x1d,0xea,0x56,0x00,0x1f,0xec,0x56,0x00,0x21,0xee,0x56,0x01,0x1b,0xe0,0x56,
    0x01,0x1d,0xe2,0x56,0x01,0x1f,0xe4,0x56,0x01,0x21,0xe6,0x56,0x02,0x1b,0xa8,0x56,
    0x02,0x1d,0xaa,0x56,0x02,0x1f,0xac,0x56,0x02,0x21,0xae,0x56,0x03,0x1b,0xa0,0x56,
    0x03,0x1d,0xa2,0x56,0x03,0x1f,0xa4,0x56,0x03,0x21,0xa6,0x56,0x00,0x12,0xfc,0xdb,
    0x26,0x00,0x00,0x00,0x01,0x00,0xc6,0xbf,0x84,0x0d,0x24,0x56,0x84,0x0f,0x26,0x56,
    0x84,0x11,0x28,0x56,0x84,0x13,0x2a,0x56,0x85,0x0d,0x3c,0x56,0x85,0x0f,0x3e,0x56,
    0x85,0x11,0x40,0x56,0x85,0x13,0x42,0x56,0x86,0x0d,0x44,0x56,0x86,0x0f,0x46,0x56,
    0x86,0x11,0x48,0x56,0x86,0x13,0x4a,0x56,0x87,0x0d,0x88,0x56,0x87,0x0f,0x8a,0x56,
    0x87,0x11,0x8c,0x56,0x87,0x13,0x8e,0x56,0x00,0x12,0xfc,0xdb,0xa5,0x00,0x00,0x06,
    0x84,0x1b,0x2c,0x56,0x84,0x1d,0x2e,0x56,0x84,0x1f,0x30,0x56,0x84,0x21,0x32,0x56,
    0x85,0x1b,0x34,0x56,0x85,0x1d,0x36,0x56,0x85,0x1f,0x38,0x56,0x85,0x21,0x3a,0x56,
    0x86,0x1b,0x60,0x56,0x86,0x1d,0x62,0x56,0x86,0x1f,0x64,0x56,0x86,0x21,0x66,0x56,
    0x87,0x1b,0x68,0x56,0x87,0x1d,0x6a,0x56,0x87,0x1f,0x6c,0x56,0x87,0x21,0x6e,0x56,
    0x00,0x13,0xfc,0xdb,0xa5,0x00,0x00,0x0d,0x00,0x13,0xfc,0xdb,0x26,0x00,0x00,0x84,
    0x02,0x00,0xc6,0xbf,0x00,0x0d,0x00,0x57,0x00,0x0f,0x02,0x57,0x00,0x11,0x04,0x57,
    0x00,0x13,0x06,0x57,0x01,0x0d,0xc8,0x56,0x01,0x0f,0xca,0x56,0x01,0x11,0xcc,0x56,
    0x01,0x13,0xce,0x56,0x02,0x0d,0xc0,0x56,0x02,0x0f,0xc2,0x56,0x02,0x11,0xc4,0x56,
    0x02,0x13,0xc6,0x56,0x03,0x0d,0x80,0x56,0x03,0x0f,0x82,0x56,0x03,0x11,0x84,0x56,
    0x03,0x13,0x86,0x56,0x01,0x00,0xc6,0xbf,0x00,0x1b,0xe8,0x56,0x00,0x1d,0xea,0x56,
    0x00,0x1f,0xec,0x56,0x00,0x21,0xee,0x56,0x01,0x1b,0xe0,0x56,0x01,0x1d,0xe2,0x56,
    0x01,0x1f,0xe4,0x56,0x01,0x21,0xe6,0x56,0x02,0x1b,0xa8,0x56,0x02,0x1d,0xaa,0x56,
    0x02,0x1f,0xac,0x56,0x02,0x21,0xae,0x56,0x03,0x1b,0xa0,0x56,0x03,0x1d,0xa2,0x56,
    0x03,0x1f,0xa4,0x56,0x03,0x21,0xa6,0x56,0x00,0x14,0xfc,0xdb,0x26,0x00,0x00,0x00,
    0x01,0x00,0xc6,0xbf,0x84,0x0d,0x24,0x56,0x84,0x0f,0x26,0x56,0x84,0x11,0x28,0x56,
    0x84,0x13,0x2a,0x56,0x85,0x0d,0x3c,0x56,0x85,0x0f,0x3e,0x56,0x85,0x11,0x40,0x56,
    0x85,0x13,0x42,0x56,0x86,0x0d,0x44,0x56,0x86,0x0f,0x46,0x56,0x86,0x11,0x48,0x56,
    0x86,0x13,0x4a,0x56,0x87,0x0d,0x88,0x56,0x87,0x0f,0x8a,0x56,0x87,0x11,0x8c,0x56,
    0x87,0x13,0x8e,0x56,0x00,0x14,0xfc,0xdb,0xa5,0x00,0x00,0x06,0x84,0x1b,0x2c,0x56,
    0x84,0x1d,0x2e,0x56,0x84,0x1f,0x30,0x56,0x84,0x21,0x32,0x56,0x85,0x1b,0x34,0x56,
    0x85,0x1d,0x36,0x56,0x85,0x1f,0x38,0x56,0x85,0x21,0x3a,0x56,0x86,0x1b,0x60,0x56,
    0x86,0x1d,0x62,0x56,0x86,0x1f,0x64,0x56,0x86,0x21,0x66,0x56,0x87,0x1b,0x68,0x56,
    0x87,0x1d,0x6a,0x56,0x87,0x1f,0x6c,0x56,0x87,0x21,0x6e,0x56,0x00,0x15,0xfc,0xdb,
    0xa5,0x00,0x00,0x0d,0x00,0x15,0xfc,0xdb,0x26,0x00,0x00,0x84,0x02,0x00,0xc6,0xbf,
    0x00,0x0d,0x00,0x57,0x00,0x0f,0x02,0x57,0x00,0x11,0x04,0x57,0x00,0x13,0x06,0x57,
    0x01,0x0d,0xc8,0x56,0x01,0x0f,0xca,0x56,0x01,0x11,0xcc,0x56,0x01,0x13,0xce,0x56,
    0x02,0x0d,0xc0,0x56,0x02,0x0f,0xc2,0x56,0x02,0x11,0xc4,0x56,0x02,0x13,0xc6,0x56,
    0x03,0x0d,0x80,0x56,0x03,0x0f,0x82,0x56,0x03,0x11,0x84,0x56,0x03,0x13,0x86,0x56,
    0x01,0x00,0xc6,0xbf,0x00,0x1b,0xe8,0x56,0x00,0x1d,0xea,0x56,0x00,0x1f,0xec,0x56,
    0x00,0x21,0xee,0x56,0x01,0x1b,0xe0,0x56,0x01,0x1d,0xe2,0x56,0x01,0x1f,0xe4,0x56,
    0x01,0x21,0xe6,0x56,0x02,0x1b,0xa8,0x56,0x02,0x1d,0xaa,0x56,0x02,0x1f,0xac,0x56,
    0x02,0x21,0xae,0x56,0x03,0x1b,0xa0,0x56,0x03,0x1d,0xa2,0x56,0x03,0x1f,0xa4,0x56,
    0x03,0x21,0xa6,0x56,0x00,0x16,0xfc,0xdb,0x26,0x00,0x00,0x00,0x01,0x00,0xc6,0xbf,
    0x84,0x0d,0x24,0x56,0x84,0x0f,0x26,0x56,0x84,0x11,0x28,0x56,0x84,0x13,0x2a,0x56,
    0x85,0x0d,0x3c,0x56,0x85,0x0f,0x3e,0x56,0x85,0x11,0x40,0x56,0x85,0x13,0x42,0x56,
    0x86,0x0d,0x44,0x56,0x86,0x0f,0x46,0x56,0x86,0x11,0x48,0x56,0x86,0x13,0x4a,0x56,
    0x87,0x0d,0x88,0x56,0x87,0x0f,0x8a,0x56,0x87,0x11,0x8c,0x56,0x87,0x13,0x8e,0x56,
    0x00,0x16,0xfc,0xdb,0xa5,0x00,0x00,0x06,0x84,0x1b,0x2c,0x56,0x84,0x1d,0x2e,0x56,
    0x84,0x1f,0x30,0x56,0x84,0x21,0x32,0x56,0x85,0x1b,0x34,0x56,0x85,0x1d,0x36,0x56,
    0x85,0x1f,0x38,0x56,0x85,0x21,0x3a,0x56,0x86,0x1b,0x60,0x56,0x86,0x1d,0x62,0x56,
    0x86,0x1f,0x64,0x56,0x86,0x21,0x66,0x56,0x87,0x1b,0x68,0x56,0x87,0x1d,0x6a,0x56,
    0x87,0x1f,0x6c,0x56,0x87,0x21,0x6e,0x56,0x00,0x17,0xfc,0xdb,0xa5,0x00,0x00,0x0d,
    0x00,0x17,0xfc,0xdb,0x26,0x00,0x00,0x84,0x02,0x00,0xc6,0xbf,0x00,0x0d,0x00,0x57,
    0x00,0x0f,0x02,0x57,0x00,0x11,0x04,0x57,0x00,0x13,0x06,0x57,0x01,0x0d,0xc8,0x56,
    0x01,0x0f,0xca,0x56,0x01,0x11,0xcc,0x56,0x01,0x13,0xce,0x56,0x02,0x0d,0xc0,0x56,
    0x02,0x0f,0xc2,0x56,0x02,0x11,0xc4,0x56,0x02,0x13,0xc6,0x56,0x03,0x0d,0x80,0x56,
    0x03,0x0f,0x82,0x56,0x03,0x11,0x84,0x56,0x03,0x13,0x86,0x56,0x01,0x00,0xc6,0xbf,
    0x00,0x1b,0xe8,0x56,0x00,0x1d,0xea,0x56,0x00,0x1f,0xec,0x56,0x00,0x21,0xee,0x56,
    0x01,0x1b,0xe0,0x56,0x01,0x1d,0xe2,0x56,0x01,0x1f,0xe4,0x56,0x01,0x21,0xe6,0x56,
    0x02,0x1b,0xa8,0x56,0x02,0x1d,0xaa,0x56,0x02,0x1f,0xac,0x56,0x02,0x21,0xae,0x56,
    0x03,0x1b,0xa0,0x56,0x03,0x1d,0xa2,0x56,0x03,0x1f,0xa4,0x56,0x03,0x21,0xa6,0x56,
    0x00,0x18,0xfc,0xdb,0x26,0x00,0x00,0x00,0x01,0x00,0xc6,0xbf,0x84,0x0d,0x24,0x56,
    0x84,0x0f,0x26,0x56,0x84,0x11,0x28,0x56,0x84,0x13,0x2a,0x56,0x85,0x0d,0x3c,0x56,
    0x85,0x0f,0x3e,0x56,0x85,0x11,0x40,0x56,0x85,0x13,0x42,0x56,0x86,0x0d,0x44,0x56,
    0x86,0x0f,0x46,0x56,0x86,0x11,0x48,0x56,0x86,0x13,0x4a,0x56,0x87,0x0d,0x88,0x56,
    0x87,0x0f,0x8a,0x56,0x87,0x11,0x8c,0x56,0x87,0x13,0x8e,0x56,0x00,0x18,0xfc,0xdb,
    0xa5,0x00,0x00,0x06,0x84,0x1b,0x2c,0x56,0x84,0x1d,0x2e,0x56,0x84,0x1f,0x30,0x56,
    0x84,0x21,0x32,0x56,0x85,0x1b,0x34,0x56,0x85,0x1d,0x36,0x56,0x85,0x1f,0x38,0x56,
    0x85,0x21,0x3a,0x56,0x86,0x1b,0x60,0x56,0x86,0x1d,0x62,0x56,0x86,0x1f,0x64,0x56,
    0x86,0x21,0x66,0x56,0x87,0x1b,0x68,0x56,0x87,0x1d,0x6a,0x56,0x87,0x1f,0x6c,0x56,
    0x87,0x21,0x6e,0x56,0x00,0x19,0xfc,0xdb,0xa5,0x00,0x00,0x0d,0x00,0x19,0xfc,0xdb,
    0x26,0x00,0x00,0x84,0x02,0x00,0xc6,0xbf,0x00,0x0d,0x00,0x57,0x00,0x0f,0x02,0x57,
    0x00,0x11,0x04,0x57,0x00,0x13,0x06,0x57,0x01,0x0d,0xc8,0x56,0x01,0x0f,0xca,0x56,
    0x01,0x11,0xcc,0x56,0x01,0x13,0xce,0x56,0x02,0x0d,0xc0,0x56,0x02,0x0f,0xc2,0x56,
    0x02,0x11,0xc4,0x56,0x02,0x13,0xc6,0x56,0x03,0x0d,0x80,0x56,0x03,0x0f,0x82,0x56,
    0x03,0x11,0x84,0x56,0x03,0x13,0x86,0x56,0x01,0x00,0xc6,0xbf,0x00,0x1b,0xe8,0x56,
    0x00,0x1d,0xea,0x56,0x00,0x1f,0xec,0x56,0x00,0x21,0xee,0x56,0x01,0x1b,0xe0,0x56,
    0x01,0x1d,0xe2,0x56,0x01,0x1f,0xe4,0x56,0x01,0x21,0xe6,0x56,0x02,0x1b,0xa8,0x56,
    0x02,0x1d,0xaa,0x56,0x02,0x1f,0xac,0x56,0x02,0x21,0xae,0x56,0x03,0x1b,0xa0,0x56,
    0x03,0x1d,0xa2,0x56,0x03,0x1f,0xa4,0x56,0x03,0x21,0xa6,0x56,0x00,0x1a,0xfc,0xdb,
    0x26,0x00,0x00,0x00,0x01,0x00,0xc6,0xbf,0x84,0x0d,0x24,0x56,0x84,0x0f,0x26,0x56,
    0x84,0x11,0x28,0x56,0x84,0x13,0x2a,0x56,0x85,0x0d,0x3c,0x56,0x85,0x0f,0x3e,0x56,
    0x85,0x11,0x40,0x56,0x85,0x13,0x42,0x56,0x86,0x0d,0x44,0x56,0x86,0x0f,0x46,0x56,
    0x86,0x11,0x48,0x56,0x86,0x13,0x4a,0x56,0x87,0x0d,0x88,0x56,0x87,0x0f,0x8a,0x56,
    0x87,0x11,0x8c,0x56,0x87,0x13,0x8e,0x56,0x00,0x1a,0xfc,0xdb,0xa5,0x00,0x00,0x06,
    0x84,0x1b,0x2c,0x56,0x84,0x1d,0x2e,0x56,0x84,0x1f,0x30,0x56,0x84,0x21,0x32,0x56,
    0x85,0x1b,0x34,0x56,0x85,0x1d,0x36,0x56,0x85,0x1f,0x38,0x56,0x85,0x21,0x3a,0x56,
    0x86,0x1b,0x60,0x56,0x86,0x1d,0x62,0x56,0x86,0x1f,0x64,0x56,0x86,0x21,0x66,0x56,
    0x87,0x1b,0x68,0x56,0x87,0x1d,0x6a,0x56,0x87,0x1f,0x6c,0x56,0x87,0x21,0x6e,0x56,
    0x00,0x1b,0xfc,0xdb,0xa5,0x00,0x00,0x0d,0x00,0x1b,0xfc,0xdb,0x26,0x00,0x00,0x84,
    0x02,0x00,0xc6,0xbf,0x00,0x0d,0x00,0x57,0x00,0x0f,0x02,0x57,0x00,0x11,0x04,0x57,
    0x00,0x13,0x06,0x57,0x01,0x0d,0xc8,0x56,0x01,0x0f,0xca,0x56,0x01,0x11,0xcc,0x56,
    0x01,0x13,0xce,0x56,0x02,0x0d,0xc0,0x56,0x02,0x0f,0xc2,0x56,0x02,0x11,0xc4,0x56,
    0x02,0x13,0xc6,0x56,0x03,0x0d,0x80,0x56,0x03,0x0f,0x82,0x56,0x03,0x11,0x84,0x56,
    0x03,0x13,0x86,0x56,0x01,0x00,0xc6,0xbf,0x00,0x1b,0xe8,0x56,0x00,0x1d,0xea,0x56,
    0x00,0x1f,0xec,0x56,0x00,0x21,0xee,0x56,0x01,0x1b,0xe0,0x56,0x01,0x1d,0xe2,0x56,
    0x01,0x1f,0xe4,0x56,0x01,0x21,0xe6,0x56,0x02,0x1b,0xa8,0x56,0x02,0x1d,0xaa,0x56,
    0x02,0x1f,0xac,0x56,0x02,0x21,0xae,0x56,0x03,0x1b,0xa0,0x56,0x03,0x1d,0xa2,0x56,
    0x03,0x1f,0xa4,0x56,0x03,0x21,0xa6,0x56,0x00,0x1c,0xfc,0xdb,0x26,0x00,0x00,0x00,
    0x01,0x00,0xc6,0xbf,0x84,0x0d,0x24,0x56,0x84,0x0f,0x26,0x56,0x84,0x11,0x28,0x56,
    0x84,0x13,0x2a,0x56,0x85,0x0d,0x3c,0x56,0x85,0x0f,0x3e,0x56,0x85,0x11,0x40,0x56,
    0x85,0x13,0x42,0x56,0x86,0x0d,0x44,0x56,0x86,0x0f,0x46,0x56,0x86,0x11,0x48,0x56,
    0x86,0x13,0x4a,0x56,0x87,0x0d,0x88,0x56,0x87,0x0f,0x8a,0x56,0x87,0x11,0x8c,0x56,
    0x87,0x13,0x8e,0x56,0x00,0x1c,0xfc,0xdb,0xa5,0x00,0x00,0x06,0x84,0x1b,0x2c,0x56,
    0x84,0x1d,0x2e,0x56,0x84,0x1f,0x30,0x56,0x84,0x21,0x32,0x56,0x85,0x1b,0x34,0x56,
    0x85,0x1d,0x36,0x56,0x85,0x1f,0x38,0x56,0x85,0x21,0x3a,0x56,0x86,0x1b,0x60,0x56,
    0x86,0x1d,0x62,0x56,0x86,0x1f,0x64,0x56,0x86,0x21,0x66,0x56,0x87,0x1b,0x68,0x56,
    0x87,0x1d,0x6a,0x56,0x87,0x1f,0x6c,0x56,0x87,0x21,0x6e,0x56,0x00,0x1d,0xfc,0xdb,
    0xa5,0x00,0x00,0x0d,0x00,0x1d,0xfc,0xdb,0x26,0x00,0x00,0x84,0x02,0x00,0xc6,0xbf,
    0x00,0x0d,0x00,0x57,0x00,0x0f,0x02,0x57,0x00,0x11,0x04,0x57,0x00,0x13,0x06,0x57,
    0x01,0x0d,0xc8,0x56,0x01,0x0f,0xca,0x56,0x01,0x11,0xcc,0x56,0x01,0x13,0xce,0x56,
    0x02,0x0d,0xc0,0x56,0x02,0x0f,0xc2,0x56,0x02,0x11,0xc4,0x56,0x02,0x13,0xc6,0x56,
    0x03,0x0d,0x80,0x56,0x03,0x0f,0x82,0x56,0x03,0x11,0x84,0x56,0x03,0x13,0x86,0x56,
    0x01,0x00,0xc6,0xbf,0x00,0x1b,0xe8,0x56,0x00,0x1d,0xea,0x56,0x00,0x1f,0xec,0x56,
    0x00,0x21,0xee,0x56,0x01,0x1b,0xe0,0x56,0x01,0x1d,0xe2,0x56,0x01,0x1f,0xe4,0x56,
    0x01,0x21,0xe6,0x56,0x02,0x1b,0xa8,0x56,0x02,0x1d,0xaa,0x56,0x02,0x1f,0xac,0x56,
    0x02,0x21,0xae,0x56,0x03,0x1b,0xa0,0x56,0x03,0x1d,0xa2,0x56,0x03,0x1f,0xa4,0x56,
    0x03,0x21,0xa6,0x56,0x00,0x1e,0xfc,0xdb,0x26,0x00,0x00,0x00,0x01,0x00,0xc6,0xbf,
    0x84,0x0d,0x24,0x56,0x84,0x0f,0x26,0x56,0x84,0x11,0x28,0x56,0x84,0x13,0x2a,0x56,
    0x85,0x0d,0x3c,0x56,0x85,0x0f,0x3e,0x56,0x85,0x11,0x40,0x56,0x85,0x13,0x42,0x56,
    0x86,0x0d,0x44,0x56,0x86,0x0f,0x46,0x56,0x86,0x11,0x48,0x56,0x86,0x13,0x4a,0x56,
    0x87,0x0d,0x88,0x56,0x87,0x0f,0x8a,0x56,0x87,0x11,0x8c,0x56,0x87,0x13,0x8e,0x56,
    0x00,0x1e,0xfc,0xdb,0xa5,0x00,0x00,0x06,0x84,0x1b,0x2c,0x56,0x84,0x1d,0x2e,0x56,
    0x84,0x1f,0x30,0x56,0x84,0x21,0x32,0x56,0x85,0x1b,0x34,0x56,0x85,0x1d,0x36,0x56,
    0x85,0x1f,0x38,0x56,0x85,0x21,0x3a,0x56,0x86,0x1b,0x60,0x56,0x86,0x1d,0x62,0x56,
    0x86,0x1f,0x64,0x56,0x86,0x21,0x66,0x56,0x87,0x1b,0x68,0x56,0x87,0x1d,0x6a,0x56,
    0x87,0x1f,0x6c,0x56,0x87,0x21,0x6e,0x56,0x00,0x1f,0xfc,0xdb,0xa5,0x00,0x00,0x0d,
    0x00,0x1f,0xfc,0xdb,0x26,0x00,0x00,0x84,0x02,0x00,0xc6,0xbf,0x00,0x0d,0x00,0x57,
    0x00,0x0f,0x02,0x57,0x00,0x11,0x04,0x57,0x00,0x13,0x06,0x57,0x01,0x0d,0xc8,0x56,
    0x01,0x0f,0xca,0x56,0x01,0x11,0xcc,0x56,0x01,0x13,0xce,0x56,0x02,0x0d,0xc0,0x56,
    0x02,0x0f,0xc2,0x56,0x02,0x11,0xc4,0x56,0x02,0x13,0xc6,0x56,0x03,0x0d,0x80,0x56,
    0x03,0x0f,0x82,0x56,0x03,0x11,0x84,0x56,0x03,0x13,0x86,0x56,0x01,0x00,0xc6,0xbf,
    0x00,0x1b,0xe8,0x56,0x00,0x1d,0xea,0x56,0x00,0x1f,0xec,0x56,0x00,0x21,0xee,0x56,
    0x01,0x1b,0xe0,0x56,0x01,0x1d,0xe2,0x56,0x01,0x1f,0xe4,0x56,0x01,0x21,0xe6,0x56,
    0x02,0x1b,0xa8,0x56,0x02,0x1d,0xaa,0x56,0x02,0x1f,0xac,0x56,0x02,0x21,0xae,0x56,
    0x03,0x1b,0xa0,0x56,0x03,0x1d,0xa2,0x56,0x03,0x1f,0xa4,0x56,0x03,0x21,0xa6,0x56,
    0x00,0x00,0xc6,0xbf,0x84,0x0d,0x24,0x56,0x84,0x0f,0x26,0x56,0x84,0x11,0x28,0x56,
    0x84,0x13,0x2a,0x56,0x85,0x0d,0x3c,0x56,0x85,0x0f,0x3e,0x56,0x85,0x11,0x40,0x56,
    0x85,0x13,0x42,0x56,0x86,0x0d,0x44,0x56,0x86,0x0f,0x46,0x56,0x86,0x11,0x48,0x56,
    0x86,0x13,0x4a,0x56,0x87,0x0d,0x88,0x56,0x87,0x0f,0x8a,0x56,0x87,0x11,0x8c,0x56,
    0x87,0x13,0x8e,0x56,0x84,0x1b,0x2c,0x56,0x84,0x1d,0x2e,0x56,0x84,0x1f,0x30,0x56,
    0x84,0x21,0x32,0x56,0x85,0x1b,0x34,0x56,0x85,0x1d,0x36,0x56,0x85,0x1f,0x38,0x56,
    0x85,0x21,0x3a,0x56,0x86,0x1b,0x60,0x56,0x86,0x1d,0x62,0x56,0x86,0x1f,0x64,0x56,
    0x86,0x21,0x66,0x56,0x87,0x1b,0x68,0x56,0x87,0x1d,0x6a,0x56,0x87,0x1f,0x6c,0x56,
    0x87,0x21,0x6e,0x56,0x7c,0x00,0x05,0xec,0x00,0x00,0x00,0x00,0x0a,0x08,0x00,0x00,
    0x01,0x00,0x46,0xd6,0x01,0x0e,0x91,0x06,0xff,0x00,0x22,0xca,0x82,0x18,0x06,0x07,
    0x00,0x40,0x00,0x31,0x7e,0x00,0x81,0xbe,0x00,0x00,0xc8,0xbf,0x92,0x00,0x87,0xbf,
    0x00,0x00,0x2c,0xd7,0x00,0x03,0x02,0x00,0x00,0x00,0x55,0xd6,0x27,0x05,0x00,0x04,
    0x01,0x00,0x87,0xbf,0x82,0x00,0x02,0x30,0x04,0x05,0x08,0x7e,0x05,0x05,0x0a,0x7e,
    0x06,0x05,0x0c,0x7e,0x07,0x05,0x0e,0x7e,0x13,0x01,0x87,0xbf,0x04,0x08,0xb4,0x7c,
    0x00,0x00,0x5a,0xd4,0x06,0x0c,0x02,0x00,0x91,0x04,0x87,0xbf,0x6a,0x00,0x00,0x8b,
    0x00,0x20,0x80,0xbe,0x7c,0x40,0x07,0xc4,0x80,0x08,0x80,0x40,0x01,0x00,0x00,0x00,
    0x7e,0x00,0x7e,0x8d,0xf0,0xff,0xa6,0xbf,0x01,0x00,0xfe,0xbe,0xc0,0x00,0x02,0x4a,
    0x7e,0x00,0x81,0xbe,0x01,0x00,0x87,0xbf,0x82,0x02,0x04,0x30,0x04,0x05,0x08,0x7e,
    0x05,0x05,0x0a,0x7e,0x06,0x05,0x0c,0x7e,0x07,0x05,0x0e,0x7e,0x13,0x01,0x87,0xbf,
    0x04,0x08,0xb4,0x7c,0x00,0x00,0x5a,0xd4,0x06,0x0c,0x02,0x00,0x91,0x04,0x87,0xbf,
    0x6a,0x00,0x00,0x8b,0x00,0x20,0x80,0xbe,0x7c,0x40,0x07,0xc4,0x74,0x08,0x80,0x40,
    0x02,0x00,0x00,0x00,0x7e,0x00,0x7e,0x8d,0xf0,0xff,0xa6,0xbf,0x01,0x00,0xfe,0xbe,
    0x7c,0x00,0x05,0xec,0x02,0x00,0x00,0x00,0x0a,0x08,0x00,0x00,0x7e,0x00,0x81,0xbe,
    0x00,0x00,0xc8,0xbf,0x01,0x00,0x47,0xd6,0x02,0x03,0x0a,0x02,0x04,0x05,0x08,0x7e,
    0x05,0x05,0x0a,0x7e,0x06,0x05,0x0c,0x7e,0x07,0x05,0x0e,0x7e,0x13,0x01,0x87,0xbf,
    0x04,0x08,0xb4,0x7c,0x00,0x00,0x5a,0xd4,0x06,0x0c,0x02,0x00,0x91,0x04,0x87,0xbf,
    0x6a,0x00,0x00,0x8b,0x00,0x20,0x80,0xbe,0x7c,0x40,0x07,0xc4,0x70,0x08,0x80,0x40,
    0x01,0x00,0x00,0x00,0x7e,0x00,0x7e,0x8d,0xf0,0xff,0xa6,0xbf,0x01,0x00,0xfe,0xbe,
    0x02,0x01,0x00,0x4a,0x7e,0x00,0x81,0xbe,0x01,0x00,0x87,0xbf,0x82,0x00,0x02,0x30,
    0x04,0x05,0x08,0x7e,0x05,0x05,0x0a,0x7e,0x06,0x05,0x0c,0x7e,0x07,0x05,0x0e,0x7e,
    0x13,0x01,0x87,0xbf,0x04,0x08,0xb4,0x7c,0x00,0x00,0x5a,0xd4,0x06,0x0c,0x02,0x00,
    0x91,0x04,0x87,0xbf,0x6a,0x00,0x00,0x8b,0x00,0x20,0x80,0xbe,0x7c,0x40,0x07,0xc4,
    0x64,0x08,0x80,0x40,0x01,0x00,0x00,0x00,0x7e,0x00,0x7e,0x8d,0xf0,0xff,0xa6,0xbf,
    0x01,0x00,0xfe,0xbe,0x7c,0x00,0x05,0xec,0x01,0x00,0x00,0x00,0x0a,0x08,0x00,0x00,
    0x7e,0x00,0x81,0xbe,0x00,0x00,0xc8,0xbf,0x01,0x01,0x00,0x4a,0x01,0x00,0x87,0xbf,
    0x82,0x00,0x02,0x30,0x04,0x05,0x08,0x7e,0x05,0x05,0x0a,0x7e,0x06,0x05,0x0c,0x7e,
    0x07,0x05,0x0e,0x7e,0x13,0x01,0x87,0xbf,0x04,0x08,0xb4,0x7c,0x00,0x00,0x5a,0xd4,
    0x06,0x0c,0x02,0x00,0x91,0x04,0x87,0xbf,0x6a,0x00,0x00,0x8b,0x00,0x20,0x80,0xbe,
    0x7c,0x40,0x07,0xc4,0x60,0x08,0x80,0x40,0x01,0x00,0x00,0x00,0x7e,0x00,0x7e,0x8d,
    0xf0,0xff,0xa6,0xbf,0x01,0x00,0xfe,0xbe,0xc0,0x00,0x02,0x4a,0x7e,0x00,0x81,0xbe,
    0x01,0x00,0x87,0xbf,0x82,0x02,0x04,0x30,0x04,0x05,0x08,0x7e,0x05,0x05,0x0a,0x7e,
    0x06,0x05,0x0c,0x7e,0x07,0x05,0x0e,0x7e,0x13,0x01,0x87,0xbf,0x04,0x08,0xb4,0x7c,
    0x00,0x00,0x5a,0xd4,0x06,0x0c,0x02,0x00,0x91,0x04,0x87,0xbf,0x6a,0x00,0x00,0x8b,
    0x00,0x20,0x80,0xbe,0x7c,0x40,0x07,0xc4,0x54,0x08,0x80,0x40,0x02,0x00,0x00,0x00,
    0x7e,0x00,0x7e,0x8d,0xf0,0xff,0xa6,0xbf,0x01,0x00,0xfe,0xbe,0x7c,0x00,0x05,0xec,
    0x02,0x00,0x00,0x00,0x0a,0x08,0x00,0x00,0x7e,0x00,0x81,0xbe,0x00,0x00,0xc8,0xbf,
    0x01,0x00,0x47,0xd6,0x02,0x03,0x0a,0x02,0x04,0x05,0x08,0x7e,0x05,0x05,0x0a,0x7e,
    0x06,0x05,0x0c,0x7e,0x07,0x05,0x0e,0x7e,0x13,0x01,0x87,0xbf,0x04,0x08,0xb4,0x7c,
    0x00,0x00,0x5a,0xd4,0x06,0x0c,0x02,0x00,0x91,0x04,0x87,0xbf,0x6a,0x00,0x00,0x8b,
    0x00,0x20,0x80,0xbe,0x7c,0x40,0x07,0xc4,0x50,0x08,0x80,0x40,0x01,0x00,0x00,0x00,
    0x7e,0x00,0x7e,0x8d,0xf0,0xff,0xa6,0xbf,0x01,0x00,0xfe,0xbe,0x02,0x01,0x00,0x4a,
    0x7e,0x00,0x81,0xbe,0x01,0x00,0x87,0xbf,0x82,0x00,0x02,0x30,0x04,0x05,0x08,0x7e,
    0x05,0x05,0x0a,0x7e,0x06,0x05,0x0c,0x7e,0x07,0x05,0x0e,0x7e,0x13,0x01,0x87,0xbf,
    0x04,0x08,0xb4,0x7c,0x00,0x00,0x5a,0xd4,0x06,0x0c,0x02,0x00,0x91,0x04,0x87,0xbf,
    0x6a,0x00,0x00,0x8b,0x00,0x20,0x80,0xbe,0x7c,0x40,0x07,0xc4,0x40,0x08,0x80,0x40,
    0x01,0x00,0x00,0x00,0x7e,0x00,0x7e,0x8d,0xf0,0xff,0xa6,0xbf,0x01,0x00,0xfe,0xbe,
    0x7c,0x00,0x05,0xec,0x01,0x00,0x00,0x00,0x0a,0x08,0x00,0x00,0x7e,0x00,0x81,0xbe,
    0x00,0x00,0xc8,0xbf,0x00,0x00,0x46,0xd6,0x01,0x0d,0x01,0x04,0x01,0x00,0x87,0xbf,
    0x82,0x00,0x02,0x30,0x04,0x05,0x08,0x7e,0x05,0x05,0x0a,0x7e,0x06,0x05,0x0c,0x7e,
    0x07,0x05,0x0e,0x7e,0x13,0x01,0x87,0xbf,0x04,0x08,0xb4,0x7c,0x00,0x00,0x5a,0xd4,
    0x06,0x0c,0x02,0x00,0x91,0x04,0x87,0xbf,0x6a,0x00,0x00,0x8b,0x00,0x20,0x80,0xbe,
    0x7c,0x40,0x07,0xc4,0x44,0x08,0x80,0x40,0x01,0x00,0x00,0x00,0x7e,0x00,0x7e,0x8d,
    0xf0,0xff,0xa6,0xbf,0x01,0x00,0xfe,0xbe,0xc0,0x00,0x00,0x4a,0x7e,0x00,0x81,0xbe,
    0x01,0x00,0x87,0xbf,0x82,0x00,0x02,0x30,0x04,0x05,0x08,0x7e,0x05,0x05,0x0a,0x7e,
    0x06,0x05,0x0c,0x7e,0x07,0x05,0x0e,0x7e,0x13,0x01,0x87,0xbf,0x04,0x08,0xb4,0x7c,
    0x00,0x00,0x5a,0xd4,0x06,0x0c,0x02,0x00,0x91,0x04,0x87,0xbf,0x6a,0x00,0x00,0x8b,
    0x00,0x20,0x80,0xbe,0x7c,0x40,0x07,0xc4,0x34,0x08,0x80,0x40,0x01,0x00,0x00,0x00,
    0x7e,0x00,0x7e,0x8d,0xf0,0xff,0xa6,0xbf,0x01,0x00,0xfe,0xbe,0x7c,0x00,0x05,0xec,
    0x01,0x00,0x00,0x00,0x0a,0x08,0x00,0x00,0x7e,0x00,0x81,0xbe,0x00,0x00,0xc8,0xbf,
    0x00,0x03,0x00,0x4c,0x01,0x00,0x87,0xbf,0x82,0x00,0x02,0x30,0x04,0x05,0x08,0x7e,
    0x05,0x05,0x0a,0x7e,0x06,0x05,0x0c,0x7e,0x07,0x05,0x0e,0x7e,0x13,0x01,0x87,0xbf,
    0x04,0x08,0xb4,0x7c,0x00,0x00,0x5a,0xd4,0x06,0x0c,0x02,0x00,0x91,0x04,0x87,0xbf,
    0x6a,0x00,0x00,0x8b,0x00,0x20,0x80,0xbe,0x7c,0x40,0x07,0xc4,0x30,0x08,0x80,0x40,
    0x01,0x00,0x00,0x00,0x7e,0x00,0x7e,0x8d,0xf0,0xff,0xa6,0xbf,0x01,0x00,0xfe,0xbe,
    0xc0,0x00,0x00,0x4e,0x7e,0x00,0x81,0xbe,0x01,0x00,0x87,0xbf,0x82,0x00,0x02,0x30,
    0x04,0x05,0x08,0x7e,0x05,0x05,0x0a,0x7e,0x06,0x05,0x0c,0x7e,0x07,0x05,0x0e,0x7e,
    0x13,0x01,0x87,0xbf,0x04,0x08,0xb4,0x7c,0x00,0x00,0x5a,0xd4,0x06,0x0c,0x02,0x00,
    0x91,0x04,0x87,0xbf,0x6a,0x00,0x00,0x8b,0x00,0x20,0x80,0xbe,0x7c,0x40,0x07,0xc4,
    0x22,0x08,0x80,0x40,0x01,0x00,0x00,0x00,0x7e,0x00,0x7e,0x8d,0xf0,0xff,0xa6,0xbf,
    0x01,0x00,0xfe,0xbe,0x7c,0x00,0x05,0xec,0x01,0x00,0x00,0x00,0x0a,0x08,0x00,0x00,
    0x7e,0x00,0x81,0xbe,0x00,0x00,0xc8,0xbf,0x00,0x03,0x00,0x4c,0x01,0x00,0x87,0xbf,
    0x82,0x00,0x02,0x30,0x04,0x05,0x08,0x7e,0x05,0x05,0x0a,0x7e,0x06,0x05,0x0c,0x7e,
    0x07,0x05,0x0e,0x7e,0x13,0x01,0x87,0xbf,0x04,0x08,0xb4,0x7c,0x00,0x00,0x5a,0xd4,
    0x06,0x0c,0x02,0x00,0x91,0x04,0x87,0xbf,0x6a,0x00,0x00,0x8b,0x00,0x20,0x80,0xbe,
    0x7c,0x40,0x07,0xc4,0x1e,0x08,0x80,0x40,0x01,0x00,0x00,0x00,0x7e,0x00,0x7e,0x8d,
    0xf0,0xff,0xa6,0xbf,0x01,0x00,0xfe,0xbe,0xc0,0x00,0x00,0x4a,0x7e,0x00,0x81,0xbe,
    0x01,0x00,0x87,0xbf,0x82,0x00,0x02,0x30,0x04,0x05,0x08,0x7e,0x05,0x05,0x0a,0x7e,
    0x06,0x05,0x0c,0x7e,0x07,0x05,0x0e,0x7e,0x13,0x01,0x87,0xbf,0x04,0x08,0xb4,0x7c,
    0x00,0x00,0x5a,0xd4,0x06,0x0c,0x02,0x00,0x91,0x04,0x87,0xbf,0x6a,0x00,0x00,0x8b,
    0x00,0x20,0x80,0xbe,0x7c,0x40,0x07,0xc4,0x1a,0x08,0x80,0x40,0x01,0x00,0x00,0x00,
    0x7e,0x00,0x7e,0x8d,0xf0,0xff,0xa6,0xbf,0x01,0x00,0xfe,0xbe,0x7c,0x00,0x05,0xec,
    0x01,0x00,0x00,0x00,0x0a,0x08,0x00,0x00,0x7e,0x00,0x81,0xbe,0x00,0x00,0xc8,0xbf,
    0x00,0x03,0x00,0x4c,0x01,0x00,0x87,0xbf,0x82,0x00,0x00,0x30,0x04,0x05,0x08,0x7e,
    0x05,0x05,0x0a,0x7e,0x06,0x05,0x0c,0x7e,0x07,0x05,0x0e,0x7e,0x13,0x01,0x87,0xbf,
    0x04,0x08,0xb4,0x7c,0x00,0x00,0x5a,0xd4,0x06,0x0c,0x02,0x00,0x91,0x04,0x87,0xbf,
    0x6a,0x00,0x00,0x8b,0x00,0x20,0x80,0xbe,0x7c,0x40,0x07,0xc4,0x16,0x08,0x80,0x40,
    0x00,0x00,0x00,0x00,0x7e,0x00,0x7e,0x8d,0xf0,0xff,0xa6,0xbf,0x01,0x00,0xfe,0xbe,
    0xff,0x00,0x00,0x4a,0x00,0xff,0xff,0xff,0x7e,0x00,0x81,0xbe,0x04,0x05,0x08,0x7e,
    0x05,0x05,0x0a,0x7e,0x06,0x05,0x0c,0x7e,0x07,0x05,0x0e,0x7e,0x13,0x01,0x87,0xbf,
    0x04,0x08,0xb4,0x7c,0x00,0x00,0x5a,0xd4,0x06,0x0c,0x02,0x00,0x91,0x04,0x87,0xbf,
    0x6a,0x00,0x00,0x8b,0x00,0x20,0x80,0xbe,0x7c,0x40,0x07,0xc4,0x12,0x08,0x80,0x40,
    0x00,0x00,0x00,0x00,0x7e,0x00,0x7e,0x8d,0xf0,0xff,0xa6,0xbf,0x01,0x00,0xfe,0xbe,
    0x1e,0x48,0x80,0xbe,0x00,0x00,0x9f,0xbf,0x00,0x00,0x9f,0xbf,0x00,0x00,0x9f,0xbf,
    0x00,0x00,0x9f,0xbf,0x00,0x00,0x9f,0xbf,0x00,0x00,0x9f,0xbf,0x00,0x00,0x9f,0xbf,
    0x00,0x00,0x9f,0xbf,0x00,0x00,0x9f,0xbf,0x00,0x00,0x9f,0xbf,0x00,0x00,0x9f,0xbf,
    0x00,0x00,0x9f,0xbf,0x00,0x00,0x9f,0xbf,0x00,0x00,0x9f,0xbf,0x00,0x00,0x9f,0xbf,
    0x00,0x00,0x9f,0xbf,0x00,0x00,0x9f,0xbf,0x00,0x00,0x9f,0xbf,0x00,0x00,0x9f,0xbf,
    0x00,0x00,0x9f,0xbf,0x00,0x00,0x9f,0xbf,0x00,0x00,0x9f,0xbf,0x00,0x00,0x9f,0xbf,
    0x00,0x00,0x9f,0xbf,0x00,0x00,0x9f,0xbf,0x00,0x00,0x9f,0xbf,0x00,0x00,0x9f,0xbf,
    0x00,0x00,0x9f,0xbf,0x00,0x00,0x9f,0xbf,0x00,0x00,0x9f,0xbf,0x00,0x00,0x9f,0xbf,
    0x00,0x00,0x9f,0xbf,0x00,0x00,0x9f,0xbf,0x00,0x00,0x9f,0xbf,0x00,0x00,0x9f,0xbf,
    0x00,0x00,0x9f,0xbf,0x00,0x00,0x9f,0xbf,0x00,0x00,0x9f,0xbf,0x00,0x00,0x9f,0xbf,
    0x00,0x00,0x9f,0xbf,0x00,0x00,0x9f,0xbf,0x00,0x00,0x9f,0xbf,0x00,0x00,0x9f,0xbf,
    0x00,0x00,0x9f,0xbf,0x00,0x00,0x9f,0xbf,0x00,0x00,0x9f,0xbf,0x00,0x00,0x9f,0xbf,
    0x00,0x00,0x9f,0xbf,0x00,0x00,0x9f,0xbf,0x00,0x00,0x9f,0xbf,0x00,0x00,0x9f,0xbf,
    0x00,0x00,0x9f,0xbf,0x00,0x00,0x9f,0xbf,0x00,0x00,0x9f,0xbf,0x00,0x00,0x9f,0xbf,
    0x00,0x00,0x9f,0xbf,0x00,0x00,0x9f,0xbf,0x00,0x00,0x9f,0xbf,0x00,0x00,0x9f,0xbf,
    0x00,0x00,0x9f,0xbf,0x00,0x00,0x9f,0xbf,0x00,0x00,0x9f,0xbf,0x00,0x00,0x9f,0xbf,
    0x00,0x00,0x9f,0xbf,0x00,0x00,0x9f,0xbf,0x00,0x00,0x9f,0xbf,0x00,0x00,0x9f,0xbf,
    0x00,0x00,0x9f,0xbf,0x00,0x00,0x9f,0xbf,0x00,0x00,0x9f,0xbf,0x00,0x00,0x9f,0xbf,
    0x00,0x00,0x9f,0xbf,0x00,0x00,0x9f,0xbf,0x00,0x00,0x9f,0xbf,0x00,0x00,0x9f,0xbf,
    0x00,0x00,0x9f,0xbf,0x00,0x00,0x9f,0xbf,0x00,0x00,0x9f,0xbf,0x00,0x00,0x9f,0xbf,
    0x00,0x00,0x9f,0xbf,0x00,0x00,0x9f,0xbf,0x00,0x00,0x9f,0xbf,0x00,0x00,0x9f,0xbf,
    0x00,0x00,0x9f,0xbf,0x00,0x00,0x9f,0xbf,0x00,0x00,0x9f,0xbf,0x00,0x00,0x9f,0xbf,
    0x00,0x00,0x9f,0xbf,0x00,0x00,0x9f,0xbf,0x00,0x00,0x9f,0xbf,0x00,0x00,0x9f,0xbf,
    0x00,0x00,0x9f,0xbf,0x00,0x00,0x9f,0xbf,0x00,0x00,0x9f,0xbf,0x00,0x00,0x9f,0xbf,
    0x00,0x00,0x9f,0xbf,0x00,0x00,0x9f,0xbf,0x00,0x00,0x9f,0xbf,0x00,0x00,0x9f,0xbf,
    0x00,0x00,0x9f,0xbf,0x00,0x00,0x9f,0xbf,0x00,0x00,0x9f,0xbf,0x00,0x00,0x9f,0xbf,
    0x00,0x00,0x9f,0xbf,0x00,0x00,0x9f,0xbf,0x00,0x00,0x9f,0xbf,0x00,0x00,0x9f,0xbf,
    0x00,0x00,0x9f,0xbf,0x00,0x00,0x9f,0xbf,0x00,0x00,0x9f,0xbf,0x00,0x00,0x9f,0xbf,
    0x01,0x00,0x85,0xbf,0x00,0x42,0x00,0xf4,0x18,0x00,0x00,0xf8,0x80,0x23,0x00,0xf4,
    0x28,0x00,0x00,0xf8,0x80,0x00,0x91,0xbe,0xc1,0x00,0x8d,0xbe,0x11,0x00,0x92,0xbe,
    0x11,0x00,0x8c,0xbe,0x11,0x00,0x94,0xbe,0x01,0x00,0x85,0xbf,0x00,0x41,0x00,0xf4,
    0x00,0x00,0x00,0xf8,0x80,0x20,0x00,0xf4,0x10,0x00,0x00,0xf8,0x40,0x01,0x20,0xb0,
    0x80,0x02,0x06,0x7e,0x00,0x00,0xc7,0xbf,0x08,0x00,0x93,0xbe,0x0b,0x00,0x90,0xbe,
    0x0a,0x00,0x95,0xbe,0x12,0x0c,0x92,0xa9,0x14,0x0c,0x94,0xa9,0x12,0x10,0x9a,0xaa,
    0x0e,0x00,0x90,0xbe,0x0a,0x9f,0x17,0x86,0x14,0x10,0x94,0xaa,0x0f,0x00,0x90,0xbe,
    0x0a,0x00,0x96,0xbe,0x1b,0x9f,0x1d,0x86,0x1b,0x00,0x9c,0xbe,0x12,0x10,0x90,0xaa,
    0x09,0x9f,0x19,0x86,0x09,0x00,0x98,0xbe,0x08,0x9f,0x1e,0x86,0x1c,0x16,0x9a,0xa9,
    0x15,0x9f,0x17,0x86,0x15,0x00,0x96,0xbe,0x11,0x9f,0x15,0x86,0x11,0x00,0x94,0xbe,
    0x16,0x18,0x92,0xa9,0x1e,0x99,0x0c,0x85,0x14,0x18,0x90,0xa9,0x0a,0x00,0x96,0xbe,
    0x08,0x01,0x94,0xbe,0x08,0x0c,0x0c,0x81,0x0a,0x00,0x95,0xbe,0x0b,0x00,0x96,0xbe,
    0x14,0x00,0x10,0xca,0x15,0x00,0x04,0x04,0x0c,0x87,0x0c,0x86,0x16,0x02,0x0c,0x7e,
    0x0c,0x00,0x96,0xbe,0x0a,0x02,0x0e,0x7e,0x0c,0x0a,0x0b,0x96,0x03,0x00,0x85,0xbf,
    0x7c,0x00,0x07,0xed,0x00,0x00,0x00,0x02,0x00,0x00,0x00,0x00,0x7c,0x80,0x06,0xed,
    0x00,0x00,0x80,0x01,0x00,0x0c,0x00,0x00,0x7c,0x80,0x06,0xed,0x00,0x00,0x80,0x03,
    0x00,0x10,0x00,0x00,0x7c,0x80,0x06,0xed,0x00,0x00,0x80,0x01,0x00,0x14,0x00,0x00,
    0x14,0x02,0x08,0x7e,0x0b,0x87,0x0b,0x84,0x15,0x00,0x10,0xca,0x16,0x00,0x06,0x05,
    0x19,0x99,0x14,0x85,0x0b,0x00,0x10,0xca,0x1a,0x00,0x00,0x08,0x09,0x14,0x0b,0x81,
    0x1b,0x00,0x10,0xca,0x0e,0x00,0x08,0x02,0x0b,0x87,0x0b,0x86,0x03,0x00,0x85,0xbf,
    0x7c,0x00,0x07,0xed,0x00,0x00,0x00,0x02,0x00,0x1c,0x00,0x00,0x7c,0x80,0x06,0xed,
    0x00,0x00,0x80,0x01,0x00,0x28,0x00,0x00,0x7c,0x00,0x06,0xed,0x00,0x00,0x80,0x01,
    0x00,0x30,0x00,0x00,0x7c,0x80,0x06,0xed,0x00,0x00,0x00,0x04,0x00,0x34,0x00,0x00,
    0x0a,0x0b,0x0a,0x96,0x09,0x00,0x10,0xca,0x07,0x01,0x04,0x08,0x0a,0x87,0x0a,0x84,
    0x7c,0xc0,0x06,0xed,0x00,0x00,0x80,0x00,0x00,0x38,0x00,0x00,0x0b,0x00,0x10,0xca,
    0x0a,0x00,0x00,0x06,0x09,0x02,0x08,0x7e,0x07,0x00,0x85,0xbf,0x7c,0x00,0x07,0xed,
    0x00,0x00,0x80,0x03,0x00,0x40,0x00,0x00,0x7c,0x80,0x06,0xed,0x00,0x00,0x80,0x01,
    0x00,0x4c,0x00,0x00,0x7c,0x80,0x06,0xed,0x00,0x00,0x80,0x03,0x00,0x50,0x00,0x00,
    0x7c,0x80,0x06,0xed,0x00,0x00,0x80,0x01,0x00,0x54,0x00,0x00,0x7c,0x00,0x07,0xed,
    0x00,0x00,0x00,0x02,0x00,0x5c,0x00,0x00,0x7c,0x80,0x06,0xed,0x00,0x00,0x80,0x01,
    0x00,0x68,0x00,0x00,0x7c,0x00,0x06,0xed,0x00,0x00,0x80,0x01,0x00,0x70,0x00,0x00,
    0x7c,0x80,0x06,0xed,0x00,0x00,0x80,0x00,0x00,0x74,0x00,0x00,0x12,0x02,0x02,0x7e,
    0x0f,0x00,0x8a,0xbe,0x13,0x00,0x10,0xca,0x08,0x00,0x06,0x02,0x09,0x00,0x10,0xca,
    0x0a,0x00,0x08,0x08,0x0c,0x00,0x8a,0xbe,0x0c,0x0b,0x0c,0x96,0x0a,0x00,0x10,0xca,
    0x09,0x00,0x0a,0x0c,0x08,0x02,0x14,0x7e,0x7f,0x00,0x88,0xb7,0x0c,0x8e,0x0a,0x84,
    0x08,0x9f,0x0b,0x86,0x0a,0x02,0x08,0x7e,0x0b,0x99,0x0b,0x85,0x7c,0xc0,0x06,0xed,
    0x00,0x00,0x80,0x00,0x00,0x78,0x00,0x00,0x10,0x02,0x02,0x7e,0x08,0x0b,0x0b,0x81,
    0x11,0x02,0x04,0x7e,0x0b,0x87,0x0a,0x86,0x08,0xff,0x02,0xbf,0x7f,0x00,0x00,0x00,
    0x02,0x00,0x85,0xbf,0x7c,0x00,0x07,0xed,0x00,0x00,0x80,0x03,0x00,0x80,0x00,0x00,
    0x7c,0x80,0x06,0xed,0x00,0x00,0x80,0x01,0x00,0x8c,0x00,0x00,0x7c,0x00,0x07,0xed,
    0x00,0x00,0x00,0x05,0x00,0x90,0x00,0x00,0xc1,0x80,0x0e,0x98,0x08,0xff,0x04,0xbf,
    0x80,0x00,0x00,0x00,0x08,0x00,0x85,0xbf,0x7c,0x00,0x06,0xed,0x00,0x00,0x80,0x01,
    0x00,0xa2,0x00,0x00,0x7c,0x40,0x06,0xed,0x00,0x00,0x80,0x01,0x00,0xa0,0x00,0x00,
    0x7c,0x80,0x06,0xed,0x00,0x00,0x80,0x01,0x00,0x9c,0x00,0x00,0x7c,0x80,0x06,0xed,
    0x00,0x00,0x00,0x03,0x00,0xa4,0x00,0x00,0x7c,0x40,0x06,0xed,0x00,0x00,0x80,0x01,
    0x00,0xac,0x00,0x00,0x7c,0x80,0x06,0xed,0x00,0x00,0x80,0x01,0x00,0xa8,0x00,0x00,
    0x7c,0x00,0x06,0xed,0x00,0x00,0x80,0x01,0x00,0xae,0x00,0x00,0x7c,0x80,0x06,0xed,
    0x00,0x00,0x00,0x02,0x00,0xb0,0x00,0x00,0x7c,0xc0,0x06,0xed,0x00,0x00,0x80,0x00,
    0x00,0xb8,0x00,0x00,0xa0,0x00,0xa2,0xbf,0x0d,0x81,0x0d,0x81,0xb9,0x04,0x87,0xbf,
    0x0d,0xa0,0x0a,0xbf,0xc1,0x80,0x08,0x98,0x81,0x0d,0x0b,0x84,0x0b,0x0a,0x0a,0xbf,
    0xc1,0x80,0x0b,0x98,0x99,0x04,0x87,0xbf,0x08,0x0b,0x08,0x8b,0x7e,0x08,0x6a,0x8b,
    0xf5,0xff,0xa4,0xbf,0x81,0x0d,0x8c,0x84,0x80,0x00,0x8b,0xbe,0x0c,0x0a,0x8d,0x81,
    0x0b,0x00,0x8c,0xbe,0x09,0x00,0x87,0xbf,0x0c,0x80,0x11,0xbf,0xb5,0x01,0xa1,0xbf,
    0x0a,0x65,0x88,0xbe,0x80,0x0a,0x12,0xaa,0x0b,0x00,0x95,0xbe,0x0b,0x00,0x99,0xbe,
    0x08,0x56,0x02,0x7e,0x95,0x00,0x87,0xbf,0x01,0x05,0x10,0x7e,0x08,0xff,0x0c,0xa2,
    0xfc,0xff,0x7f,0x4f,0x08,0xff,0x08,0xa2,0xfc,0xff,0x7f,0x5f,0x9a,0x05,0x87,0xbf,
    0x0c,0x62,0x8c,0xbe,0x0c,0x08,0x08,0xa3,0x00,0x00,0x80,0xcf,0x0c,0x67,0x91,0xbe,
    0x9a,0x05,0x87,0xbf,0x08,0x67,0x90,0xbe,0x12,0x10,0x96,0xaa,0x09,0x00,0x87,0xbf,
    0x10,0x17,0x9b,0x96,0x10,0x17,0x1a,0x96,0x10,0x16,0x94,0x96,0x11,0x16,0x0c,0x96,
    0x14,0x1a,0x94,0xa9,0x11,0x16,0x88,0x96,0x11,0x17,0x8f,0x96,0x14,0x0c,0x0c,0x80,
    0x15,0x08,0x18,0x82,0x11,0x17,0x16,0x96,0x0f,0x80,0x17,0x82,0xb9,0x00,0x87,0xbf,
    0x18,0x16,0x94,0xa9,0x0b,0x00,0x97,0xbe,0x01,0x08,0x00,0xd7,0x10,0x28,0x00,0x00,
    0x08,0x80,0x07,0xbf,0x11,0x15,0x11,0x82,0xa1,0x00,0x87,0xbf,0x01,0x05,0x20,0x7e,
    0x0b,0x00,0x95,0xbe,0x12,0x10,0x92,0xaa,0x09,0x00,0x87,0xbf,0x10,0x13,0x99,0x96,
    0x10,0x13,0x18,0x96,0x10,0x12,0x94,0x96,0x11,0x12,0x0c,0x96,0x14,0x18,0x94,0xa9,
    0x11,0x12,0x88,0x96,0x11,0x13,0x8f,0x96,0x14,0x0c,0x0c,0x80,0x15,0x08,0x16,0x82,
    0x11,0x13,0x12,0x96,0x0f,0x80,0x13,0x82,0x0b,0x00,0x95,0xbe,0x16,0x12,0x92,0xa9,
    0x99,0x00,0x87,0xbf,0x01,0x08,0x00,0xd7,0x01,0x25,0x00,0x00,0x08,0x80,0x07,0xbf,
    0x11,0x13,0x08,0x82,0x01,0x00,0x87,0xbf,0x01,0x05,0x18,0x7e,0x80,0x08,0x91,0x96,
    0x08,0x80,0x10,0x96,0x0d,0x08,0x8f,0x96,0x0d,0x08,0x12,0x96,0x80,0x0c,0x94,0x96,
    0x0d,0x0c,0x08,0x96,0x14,0x10,0x90,0xa9,0x0d,0x0c,0x8c,0x96,0x10,0x08,0x08,0x80,
    0x11,0x0c,0x16,0x82,0x0f,0x80,0x13,0x82,0x99,0x04,0x87,0xbf,0x16,0x12,0x90,0xa9,
    0x0a,0x10,0x92,0xaa,0x10,0x82,0x94,0xa9,0x01,0x08,0x01,0xd7,0x80,0x24,0x00,0x00,
    0xa1,0x00,0x87,0xbf,0x08,0x80,0x07,0xbf,0x0d,0x13,0x8c,0x82,0x02,0x08,0x01,0xd7,
    0x01,0x15,0x00,0x00,0xa1,0x00,0x87,0xbf,0x08,0x80,0x07,0xbf,0x0c,0x80,0x88,0x82,
    0x0a,0x04,0x96,0x7c,0x08,0x80,0x06,0xbf,0x02,0x00,0x01,0xd5,0x80,0x82,0xa9,0x01,
    0x0a,0x02,0x96,0x7c,0x01,0x00,0x01,0xd5,0x80,0x82,0xa9,0x01,0xc1,0x80,0x6a,0x98,
    0x03,0x00,0x87,0xbf,0x14,0x00,0x12,0xca,0xc1,0x04,0x02,0x03,0x0c,0x80,0x06,0xbf,
    0x10,0x81,0x8c,0xa9,0xc1,0x80,0x6a,0x98,0xc1,0x02,0x02,0x02,0x80,0x04,0x9a,0x7c,
    0x0c,0x06,0x04,0x02,0x13,0x01,0x87,0xbf,0x80,0x02,0x9a,0x7c,0x10,0x04,0x02,0x02,
    0x7e,0x0b,0x6a,0x91,0x1e,0x00,0xa4,0xbf,0x0a,0x0c,0x02,0x7e,0x80,0x0a,0x8b,0x81,
    0x91,0x02,0x87,0xbf,0x01,0x57,0x02,0x7e,0xff,0x02,0x02,0x10,0xfe,0xff,0x7f,0x4f,
    0x91,0x00,0x87,0xbf,0x01,0x0f,0x02,0x7e,0x01,0x05,0x10,0x7e,0x91,0x04,0x87,0xbf,
    0x0b,0x08,0x0b,0x96,0x08,0x0b,0x8b,0x96,0x99,0x04,0x87,0xbf,0x08,0x0b,0x08,0x81,
    0x80,0x08,0x88,0x96,0xb9,0x04,0x87,0xbf,0x08,0x0a,0x0b,0x96,0x08,0x81,0x0c,0x81,
    0x80,0x0b,0x8b,0x81,0x0b,0x0a,0x8d,0x81,0x0b,0x0a,0x09,0xbf,0x0c,0x08,0x08,0x98,
    0x0d,0x0b,0x0b,0x98,0x08,0x81,0x0c,0x81,0x0b,0x0a,0x09,0xbf,0x80,0x00,0x8d,0xbe,
    0x0c,0x08,0x0c,0x98,0x09,0x00,0x87,0xbf,0x0c,0x00,0x10,0xca,0x0d,0x00,0x02,0x01,
    0x01,0x00,0x87,0xbf,0x81,0x02,0x06,0x4a,0x7f,0x00,0x89,0xb7,0x80,0x02,0x02,0x7e,
    0x09,0x9f,0x08,0x86,0x99,0x04,0x87,0xbf,0x08,0x99,0x08,0x85,0x09,0x08,0x08,0x81,
    0x09,0x00,0x87,0xbf,0x08,0x87,0x08,0x86,0x09,0xff,0x02,0xbf,0x7f,0x00,0x00,0x00,
    0xc1,0x80,0x0b,0x98,0x09,0xff,0x04,0xbf,0x80,0x00,0x00,0x00,0xa2,0x00,0xa2,0xbf,
    0xc1,0x00,0x89,0xbe,0x99,0x04,0x87,0xbf,0x09,0x81,0x09,0x81,0x09,0xa0,0x0a,0xbf,
    0xc1,0x80,0x0c,0x98,0x81,0x09,0x0d,0x84,0xa9,0x04,0x87,0xbf,0x0d,0x08,0x0a,0xbf,
    0xc1,0x80,0x0d,0x98,0x0c,0x0d,0x0c,0x8b,0x09,0x00,0x87,0xbf,0x7e,0x0c,0x6a,0x8b,
    0xf4,0xff,0xa4,0xbf,0x81,0x09,0x8c,0x84,0x80,0x00,0x89,0xbe,0x0c,0x08,0x8d,0x81,
    0x09,0x00,0x8c,0xbe,0x09,0x00,0x87,0xbf,0x0c,0x80,0x11,0xbf,0x06,0x01,0xa1,0xbf,
    0x08,0x65,0x8c,0xbe,0x80,0x08,0x12,0xaa,0x09,0x00,0x95,0xbe,0x09,0x00,0x99,0xbe,
    0x0c,0x56,0x02,0x7e,0x95,0x00,0x87,0xbf,0x01,0x05,0x18,0x7e,0x0c,0xff,0x0f,0xa2,
    0xfc,0xff,0x7f,0x4f,0x0c,0xff,0x0c,0xa2,0xfc,0xff,0x7f,0x5f,0x9a,0x05,0x87,0xbf,
    0x0f,0x62,0x8f,0xbe,0x0f,0x0c,0x0c,0xa3,0x00,0x00,0x80,0xcf,0x0f,0x67,0x91,0xbe,
    0x9a,0x05,0x87,0xbf,0x0c,0x67,0x90,0xbe,0x12,0x10,0x96,0xaa,0x09,0x00,0x87,0xbf,
    0x10,0x17,0x9b,0x96,0x10,0x17,0x1a,0x96,0x10,0x16,0x94,0x96,0x11,0x16,0x0f,0x96,
    0x14,0x1a,0x94,0xa9,0x11,0x16,0x8c,0x96,0x11,0x17,0x9c,0x96,0x14,0x0f,0x0f,0x80,
    0x15,0x0c,0x18,0x82,0x11,0x17,0x16,0x96,0x1c,0x80,0x17,0x82,0xb9,0x00,0x87,0xbf,
    0x18,0x16,0x94,0xa9,0x09,0x00,0x97,0xbe,0x01,0x0c,0x00,0xd7,0x10,0x28,0x00,0x00,
    0x0c,0x80,0x07,0xbf,0x11,0x15,0x11,0x82,0xa1,0x00,0x87,0xbf,0x01,0x05,0x20,0x7e,
    0x09,0x00,0x95,0xbe,0x12,0x10,0x92,0xaa,0x09,0x00,0x87,0xbf,0x10,0x13,0x99,0x96,
    0x10,0x13,0x18,0x96,0x10,0x12,0x94,0x96,0x11,0x12,0x0f,0x96,0x14,0x18,0x94,0xa9,
    0x11,0x12,0x8c,0x96,0x11,0x13,0x90,0x96,0x14,0x0f,0x0f,0x80,0x15,0x0c,0x16,0x82,
    0x11,0x13,0x12,0x96,0x10,0x80,0x13,0x82,0x09,0x00,0x95,0xbe,0x16,0x12,0x92,0xa9,
    0x99,0x00,0x87,0xbf,0x01,0x0c,0x00,0xd7,0x01,0x25,0x00,0x00,0x0c,0x80,0x07,0xbf,
    0x11,0x13,0x0c,0x82,0x01,0x00,0x87,0xbf,0x01,0x05,0x1e,0x7e,0x80,0x0c,0x91,0x96,
    0x0c,0x80,0x10,0x96,0x0d,0x0c,0x93,0x96,0x0d,0x0c,0x12,0x96,0x80,0x0f,0x94,0x96,
    0x0d,0x0f,0x0c,0x96,0x14,0x10,0x90,0xa9,0x0d,0x0f,0x8f,0x96,0x10,0x0c,0x0c,0x80,
    0x11,0x0f,0x16,0x82,0x13,0x80,0x13,0x82,0x99,0x04,0x87,0xbf,0x16,0x12,0x90,0xa9,
    0x08,0x10,0x92,0xaa,0x10,0x82,0x94,0xa9,0x01,0x0c,0x01,0xd7,0x80,0x24,0x00,0x00,
    0xa1,0x00,0x87,0xbf,0x0c,0x80,0x07,0xbf,0x0d,0x13,0x8d,0x82,0x02,0x0c,0x01,0xd7,
    0x01,0x11,0x00,0x00,0xa1,0x00,0x87,0xbf,0x0c,0x80,0x07,0xbf,0x0d,0x80,0x8c,0x82,
    0x08,0x04,0x96,0x7c,0x0c,0x80,0x06,0xbf,0x02,0x00,0x01,0xd5,0x80,0x82,0xa9,0x01,
    0x08,0x02,0x96,0x7c,0x01,0x00,0x01,0xd5,0x80,0x82,0xa9,0x01,0xc1,0x80,0x6a,0x98,
    0x0d,0x80,0x06,0xbf,0xc1,0x04,0x04,0x02,0xc1,0x80,0x6a,0x98,0x14,0x00,0x12,0xca,
    0xc1,0x02,0x00,0x04,0x10,0x81,0x8c,0xa9,0x12,0x01,0x87,0xbf,0x80,0x04,0x9a,0x7c,
    0x0c,0x08,0x04,0x02,0x13,0x01,0x87,0xbf,0x80,0x02,0x9a,0x7c,0x10,0x04,0x02,0x02,
    0x7e,0x09,0x6a,0x91,0x1e,0x00,0xa4,0xbf,0x08,0x0c,0x02,0x7e,0x80,0x08,0x8c,0x81,
    0x91,0x02,0x87,0xbf,0x01,0x57,0x02,0x7e,0xff,0x02,0x02,0x10,0xfe,0xff,0x7f,0x4f,
    0x91,0x00,0x87,0xbf,0x01,0x0f,0x02,0x7e,0x01,0x05,0x12,0x7e,0x91,0x04,0x87,0xbf,
    0x0c,0x09,0x0c,0x96,0x09,0x0c,0x8c,0x96,0x99,0x04,0x87,0xbf,0x09,0x0c,0x09,0x81,
    0x80,0x09,0x89,0x96,0xb9,0x04,0x87,0xbf,0x09,0x08,0x0c,0x96,0x09,0x81,0x0d,0x81,
    0x80,0x0c,0x8c,0x81,0x0c,0x08,0x8f,0x81,0x0c,0x08,0x09,0xbf,0x0d,0x09,0x09,0x98,
    0x0f,0x0c,0x0c,0x98,0x09,0x81,0x0f,0x81,0x0c,0x08,0x09,0xbf,0x80,0x00,0x8d,0xbe,
    0x0f,0x09,0x0c,0x98,0x09,0x00,0x87,0xbf,0x0c,0x00,0x10,0xca,0x0d,0x00,0x02,0x01,
    0x01,0x00,0x87,0xbf,0x81,0x02,0x02,0x4a,0x7e,0x0e,0x6a,0x91,0x80,0x00,0x89,0xbe,
    0x0d,0x00,0xa4,0xbf,0xc1,0x00,0x89,0xbe,0x99,0x04,0x87,0xbf,0x09,0x81,0x09,0x81,
    0x09,0xa0,0x0a,0xbf,0xc1,0x80,0x0c,0x98,0x81,0x09,0x0d,0x84,0xa9,0x04,0x87,0xbf,
    0x0d,0x0a,0x0a,0xbf,0xc1,0x80,0x0d,0x98,0x0c,0x0d,0x0c,0x8b,0x09,0x00,0x87,0xbf,
    0x7e,0x0c,0x6a,0x8b,0xf4,0xff,0xa4,0xbf,0x7e,0x0b,0x6a,0x91,0x80,0x00,0x8b,0xbe,
    0x0d,0x00,0xa4,0xbf,0xc1,0x00,0x8b,0xbe,0x99,0x04,0x87,0xbf,0x0b,0x81,0x0b,0x81,
    0x0b,0xa0,0x0a,0xbf,0xc1,0x80,0x0c,0x98,0x81,0x0b,0x0d,0x84,0xa9,0x04,0x87,0xbf,
    0x0d,0x08,0x0a,0xbf,0xc1,0x80,0x0d,0x98,0x0c,0x0d,0x0c,0x8b,0x09,0x00,0x87,0xbf,
    0x7e,0x0c,0x6a,0x8b,0xf4,0xff,0xa4,0xbf,0x81,0x00,0x10,0xca,0x0a,0x00,0x06,0x04,
    0x08,0x02,0x10,0x7e,0xed,0x01,0x8c,0xbe,0x02,0x00,0x87,0xbf,0xff,0x00,0x10,0xca,
    0x04,0x01,0x08,0x0c,0xc0,0x00,0x00,0x00,0x04,0x01,0x10,0xca,0x04,0x01,0x06,0x05,
    0x04,0x01,0x10,0xca,0x0d,0x00,0x0a,0x0a,0x0d,0x02,0x1a,0x7e,0x01,0x00,0x85,0xbf,
    0x7c,0xc0,0x06,0xed,0x00,0x00,0x00,0x02,0x00,0xd0,0x00,0x00,0x7c,0x40,0x07,0xed,
    0x00,0x00,0x00,0x02,0x00,0xc0,0x00,0x00,0x02,0x21,0x00,0xf4,0x00,0x00,0x00,0xf8,
    0x83,0x21,0x00,0xf4,0x00,0x00,0x00,0xf8,0x81,0x20,0x00,0xf4,0x00,0x00,0x00,0xf8,
    0x08,0x00,0x10,0xca,0x04,0x01,0x06,0x06,0x0a,0x02,0x0a,0x7e,0x08,0x0a,0x08,0x96,
    0x7c,0x00,0x07,0xed,0x00,0x00,0x00,0x04,0x00,0xdc,0x00,0x00,0x00,0x03,0x3e,0x7e,
    0x0d,0x02,0x12,0x7e,0x7c,0x40,0x07,0xed,0x00,0x00,0x00,0x02,0x00,0xec,0x00,0x00,
    0x04,0x01,0x10,0xca,0x03,0x01,0x06,0x05,0x01,0x01,0x10,0xca,0xc0,0x00,0x08,0x07,
    0xff,0x02,0x14,0x7e,0x80,0x00,0x00,0x00,0x7c,0x40,0x07,0xed,0x00,0x00,0x00,0x02,
    0x00,0xfc,0x00,0x00,0x80,0x00,0x10,0xca,0x09,0x00,0x06,0x06,0x00,0x00,0xc7,0xbf,
    0x05,0xff,0x05,0x8b,0xff,0xff,0x00,0x00,0x07,0xff,0x07,0x8b,0xff,0xff,0x00,0x00,
    0x03,0xff,0x03,0x8b,0xff,0xff,0x00,0x00,0x04,0x02,0x00,0x7e,0x7c,0x40,0x07,0xed,
    0x00,0x00,0x00,0x02,0x00,0x0c,0x01,0x00,0x0b,0x00,0x10,0xca,0x08,0x00,0x06,0x04,
    0x06,0x01,0x10,0xca,0x06,0x00,0x02,0x05,0x01,0x00,0x85,0xbf,0x7c,0x40,0x07,0xed,
    0x00,0x00,0x00,0x02,0x00,0x1c,0x01,0x00,0x7c,0x80,0x06,0xed,0x00,0x00,0x80,0x03,
    0x00,0x2c,0x01,0x00,0x05,0x00,0x10,0xca,0x80,0x00,0x06,0x01,0x07,0x00,0x10,0xca,
    0x02,0x00,0x04,0x03,0x03,0x02,0x0a,0x7e,0x0d,0x02,0x0e,0x7e,0x00,0xb0,0x88,0xa9,
    0x00,0x47,0x80,0xbe,0x01,0x0f,0x81,0xbe,0x00,0xff,0x00,0x80,0x00,0x00,0x00,0x00,
    0x01,0xff,0x01,0x82,0x00,0x00,0x00,0x00,0x09,0x00,0x87,0xbf,0x00,0x49,0x9e,0xbe,
    0x00,0x00,0xb0,0xbf,0xb8,0xfe,0xa0,0xbf,0x67,0xff,0xa0,0xbf,0x00,0x00,0x00,0x00,
    0x00,0x00,0x00,0x00,0x00,0x00,0x00,0x00,0x00,0x00,0x00,0x00,0x00,0x00,0x00,0x00,
    0x00,0x80,0x00,0x00,0x40,0x01,0x00,0x00,0x30,0x01,0x00,0x00,0x00,0x00,0x00,0x00,
    0x00,0x00,0x00,0x00,0x00,0x00,0x00,0x00,0x00,0x00,0x00,0x00,0x00,0x00,0x00,0x00,
    0x00,0x00,0x00,0x00,0x00,0x00,0x00,0x00,0x00,0x00,0x00,0x00,0x00,0x00,0x00,0x00,
    0x1a,0x00,0x0f,0x40,0x85,0x00,0x00,0x00,0x08,0x04,0x00,0x00,0x00,0x00,0x00,0x00,
    0x08,0x00,0x00,0x00,0x00,0x00,0x00,0x00,0x00,0x00,0x00,0x00,0x00,0x00,0x00,0x00,
    0x00,0x00,0x00,0x00,0x00,0x00,0x00,0x00,0x00,0x00,0x00,0x00,0x00,0x00,0x00,0x00,
    0x00,0x00,0x00,0x00,0x00,0x00,0x00,0x00,0xf8,0xff,0xff,0xff,0xff,0xff,0xff,0xff,
    0xf8,0xff,0xff,0xff,0xff,0xff,0xff,0xff,0x00,0x00,0x00,0x00,0x00,0x00,0x00,0x00,
    0x00,0x00,0x00,0x00,0x00,0x00,0x00,0x00,0x00,0x00,0x00,0x00,0x00,0x00,0x00,0x00,
    0x08,0x00,0x00,0x00,0x00,0x00,0x00,0x00,0x00,0x00,0x00,0x00,0x00,0x00,0x00,0x00,
    0x00,0x00,0x00,0x00,0x00,0x00,0x00,0x00,0x00,0x00,0x00,0x00,0x00,0x00,0x00,0x00,
    0x00,0x00,0x00,0x00,0x00,0x00,0x00,0x00,0xf8,0xff,0xff,0xff,0xff,0xff,0xff,0xff,
    0xf8,0xff,0xff,0xff,0xff,0xff,0xff,0xff,0x00,0x00,0x00,0x00,0x00,0x00,0x00,0x00,
    0x00,0x00,0x00,0x00,0x00,0x00,0x00,0x00,0x00,0x00,0x00,0x00,0x00,0x00,0x00,0x00,
    0x10,0x00,0x00,0x00,0x00,0x00,0x00,0x00,0x00,0x00,0x00,0x00,0x00,0x00,0x00,0x00,
    0x00,0x00,0x00,0x00,0x00,0x00,0x00,0x00,0x00,0x00,0x00,0x00,0x00,0x00,0x00,0x00,
    0x00,0x00,0x00,0x00,0x00,0x00,0x00,0x00,0xf0,0xff,0xff,0xff,0xff,0xff,0xff,0xff,
    0xf0,0xff,0xff,0xff,0xff,0xff,0xff,0xff,0x00,0x00,0x00,0x00,0x00,0x00,0x00,0x00,
    0x00,0x00,0x00,0x00,0x00,0x00,0x00,0x00,0x00,0x00,0x00,0x00,0x00,0x00,0x00,0x00,
    0x10,0x00,0x00,0x00,0x00,0x00,0x00,0x00,0x00,0x00,0x00,0x00,0x00,0x00,0x00,0x00,
    0x00,0x00,0x00,0x00,0x00,0x00,0x00,0x00,0x00,0x00,0x00,0x00,0x00,0x00,0x00,0x00,
    0x00,0x00,0x00,0x00,0x00,0x00,0x00,0x00,0xf0,0xff,0xff,0xff,0xff,0xff,0xff,0xff,
    0xf0,0xff,0xff,0xff,0xff,0xff,0xff,0xff,0x00,0x00,0x00,0x00,0x00,0x00,0x00,0x00,
    0x00,0x00,0x00,0x00,0x00,0x00,0x00,0x00,0x00,0x00,0x00,0x00,0x00,0x00,0x00,0x00,
    0x18,0x00,0x00,0x00,0x00,0x00,0x00,0x00,0x00,0x00,0x00,0x00,0x00,0x00,0x00,0x00,
    0x00,0x00,0x00,0x00,0x00,0x00,0x00,0x00,0x00,0x00,0x00,0x00,0x00,0x00,0x00,0x00,
    0x00,0x00,0x00,0x00,0x00,0x00,0x00,0x00,0x08,0x00,0x00,0x00,0x00,0x00,0x00,0x00,
    0xf0,0xff,0xff,0xff,0xff,0xff,0xff,0xff,0x00,0x00,0x00,0x00,0x00,0x00,0x00,0x00,
    0x00,0x00,0x00,0x00,0x00,0x00,0x00,0x00,0x00,0x00,0x00,0x00,0x00,0x00,0x00,0x00,
    0xe8,0xff,0xff,0xff,0xff,0xff,0xff,0xff,0xe8,0xff,0xff,0xff,0xff,0xff,0xff,0xff,
    0x00,0x00,0x00,0x00,0x00,0x00,0x00,0x00,0x00,0x00,0x00,0x00,0x00,0x00,0x00,0x00,
    0x00,0x00,0x00,0x00,0x00,0x00,0x00,0x00,0x18,0x00,0x00,0x00,0x00,0x00,0x00,0x00,
    0x00,0x00,0x00,0x00,0x00,0x00,0x00,0x00,0x00,0x00,0x00,0x00,0x00,0x00,0x00,0x00,
    0x00,0x00,0x00,0x00,0x00,0x00,0x00,0x00,0x00,0x00,0x00,0x00,0x00,0x00,0x00,0x00,
    0xe8,0xff,0xff,0xff,0xff,0xff,0xff,0xff,0xe8,0xff,0xff,0xff,0xff,0xff,0xff,0xff,
    0x00,0x00,0x00,0x00,0x00,0x00,0x00,0x00,0x00,0x00,0x00,0x00,0x00,0x00,0x00,0x00,
    0x00,0x00,0x00,0x00,0x00,0x00,0x00,0x00,0x08,0x00,0x00,0x00,0x00,0x00,0x00,0x00,
    0x00,0x00,0x00,0x00,0x00,0x00,0x00,0x00,0x00,0x00,0x00,0x00,0x00,0x00,0x00,0x00,
    0x00,0x00,0x00,0x00,0x00,0x00,0x00,0x00,0x00,0x00,0x00,0x00,0x00,0x00,0x00,0x00,
    0xf8,0xff,0xff,0xff,0xff,0xff,0xff,0xff,0xf8,0xff,0xff,0xff,0xff,0xff,0xff,0xff,
    0x00,0x00,0x00,0x00,0x00,0x00,0x00,0x00,0x00,0x00,0x00,0x00,0x00,0x00,0x00,0x00,
    0x00,0x00,0x00,0x00,0x00,0x00,0x00,0x00,0x18,0x00,0x00,0x00,0x00,0x00,0x00,0x00,
    0x00,0x00,0x00,0x00,0x00,0x00,0x00,0x00,0x00,0x00,0x00,0x00,0x00,0x00,0x00,0x00,
    0x00,0x00,0x00,0x00,0x00,0x00,0x00,0x00,0x00,0x00,0x00,0x00,0x00,0x00,0x00,0x00,
    0x08,0x00,0x00,0x00,0x00,0x00,0x00,0x00,0xf0,0xff,0xff,0xff,0xff,0xff,0xff,0xff,
    0x00,0x00,0x00,0x00,0x00,0x00,0x00,0x00,0x00,0x00,0x00,0x00,0x00,0x00,0x00,0x00,
    0x00,0x00,0x00,0x00,0x00,0x00,0x00,0x00,0xe8,0xff,0xff,0xff,0xff,0xff,0xff,0xff,
    0xe8,0xff,0xff,0xff,0xff,0xff,0xff,0xff,0x00,0x00,0x00,0x00,0x00,0x00,0x00,0x00,
    0x00,0x00,0x00,0x00,0x00,0x00,0x00,0x00,0x00,0x00,0x00,0x00,0x00,0x00,0x00,0x00,
    0x18,0x00,0x00,0x00,0x00,0x00,0x00,0x00,0x00,0x00,0x00,0x00,0x00,0x00,0x00,0x00,
    0x00,0x00,0x00,0x00,0x00,0x00,0x00,0x00,0x00,0x00,0x00,0x00,0x00,0x00,0x00,0x00,
    0x00,0x00,0x00,0x00,0x00,0x00,0x00,0x00,0xe8,0xff,0xff,0xff,0xff,0xff,0xff,0xff,
    0xe8,0xff,0xff,0xff,0xff,0xff,0xff,0xff,0x00,0x00,0x00,0x00,0x00,0x00,0x00,0x00,
    0x00,0x00,0x00,0x00,0x00,0x00,0x00,0x00,0x00,0x00,0x00,0x00,0x00,0x00,0x00,0x00,
    0x08,0x00,0x00,0x00,0x00,0x00,0x00,0x00,0x00,0x00,0x00,0x00,0x00,0x00,0x00,0x00,
    0x00,0x00,0x00,0x00,0x00,0x00,0x00,0x00,0x00,0x00,0x00,0x00,0x00,0x00,0x00,0x00,
    0x00,0x00,0x00,0x00,0x00,0x00,0x00,0x00,0xf8,0xff,0xff,0xff,0xff,0xff,0xff,0xff,
    0xf8,0xff,0xff,0xff,0xff,0xff,0xff,0xff,0x00,0x00,0x00,0x00,0x00,0x00,0x00,0x00,
    0x00,0x00,0x00,0x00,0x00,0x00,0x00,0x00,0x00,0x00,0x00,0x00,0x00,0x00,0x00,0x00,
    0x00,0x63,0x6c,0x61,0x6e,0x67,0x20,0x76,0x65,0x72,0x73,0x69,0x6f,0x6e,0x20,0x31,
    0x39,0x2e,0x30,0x2e,0x30,0x67,0x69,0x74,0x20,0x28,0x67,0x69,0x74,0x40,0x67,0x69,
    0x74,0x68,0x75,0x62,0x2e,0x61,0x6d,0x64,0x2e,0x63,0x6f,0x6d,0x3a,0x43,0x6f,0x6d,
    0x70,0x75,0x74,0x65,0x2d,0x4d,0x69,0x72,0x72,0x6f,0x72,0x73,0x2f,0x6c,0x6c,0x76,
    0x6d,0x2d,0x70,0x72,0x6f,0x6a,0x65,0x63,0x74,0x20,0x34,0x62,0x65,0x30,0x66,0x62,
    0x37,0x65,0x32,0x66,0x38,0x63,0x39,0x37,0x38,0x64,0x37,0x65,0x37,0x32,0x66,0x64,
    0x66,0x32,0x66,0x30,0x62,0x30,0x33,0x37,0x38,0x38,0x63,0x38,0x35,0x34,0x66,0x32,
    0x63,0x39,0x29,0x00,0x07,0x00,0x00,0x00,0xef,0x12,0x00,0x00,0x20,0x00,0x00,0x00,
    0x41,0x4d,0x44,0x47,0x50,0x55,0x00,0x00,0x83,0xae,0x61,0x6d,0x64,0x68,0x73,0x61,
    0x2e,0x6b,0x65,0x72,0x6e,0x65,0x6c,0x73,0x91,0xde,0x00,0x12,0xa5,0x2e,0x61,0x72,
    0x67,0x73,0xdc,0x00,0x16,0x85,0xae,0x2e,0x61,0x63,0x74,0x75,0x61,0x6c,0x5f,0x61,
    0x63,0x63,0x65,0x73,0x73,0xa9,0x72,0x65,0x61,0x64,0x5f,0x6f,0x6e,0x6c,0x79,0xae,
    0x2e,0x61,0x64,0x64,0x72,0x65,0x73,0x73,0x5f,0x73,0x70,0x61,0x63,0x65,0xa6,0x67,
    0x6c,0x6f,0x62,0x61,0x6c,0xa7,0x2e,0x6f,0x66,0x66,0x73,0x65,0x74,0x00,0xa5,0x2e,
    0x73,0x69,0x7a,0x65,0x08,0xab,0x2e,0x76,0x61,0x6c,0x75,0x65,0x5f,0x6b,0x69,0x6e,
    0x64,0xad,0x67,0x6c,0x6f,0x62,0x61,0x6c,0x5f,0x62,0x75,0x66,0x66,0x65,0x72,0x85,
    0xae,0x2e,0x61,0x63,0x74,0x75,0x61,0x6c,0x5f,0x61,0x63,0x63,0x65,0x73,0x73,0xa9,
    0x72,0x65,0x61,0x64,0x5f,0x6f,0x6e,0x6c,0x79,0xae,0x2e,0x61,0x64,0x64,0x72,0x65,
    0x73,0x73,0x5f,0x73,0x70,0x61,0x63,0x65,0xa6,0x67,0x6c,0x6f,0x62,0x61,0x6c,0xa7,
    0x2e,0x6f,0x66,0x66,0x73,0x65,0x74,0x08,0xa5,0x2e,0x73,0x69,0x7a,0x65,0x08,0xab,
    0x2e,0x76,0x61,0x6c,0x75,0x65,0x5f,0x6b,0x69,0x6e,0x64,0xad,0x67,0x6c,0x6f,0x62,
    0x61,0x6c,0x5f,0x62,0x75,0x66,0x66,0x65,0x72,0x85,0xae,0x2e,0x61,0x63,0x74,0x75,
    0x61,0x6c,0x5f,0x61,0x63,0x63,0x65,0x73,0x73,0xa9,0x72,0x65,0x61,0x64,0x5f,0x6f,
    0x6e,0x6c,0x79,0xae,0x2e,0x61,0x64,0x64,0x72,0x65,0x73,0x73,0x5f,0x73,0x70,0x61,
    0x63,0x65,0xa6,0x67,0x6c,0x6f,0x62,0x61,0x6c,0xa7,0x2e,0x6f,0x66,0x66,0x73,0x65,
    0x74,0x10,0xa5,0x2e,0x73,0x69,0x7a,0x65,0x08,0xab,0x2e,0x76,0x61,0x6c,0x75,0x65,
    0x5f,0x6b,0x69,0x6e,0x64,0xad,0x67,0x6c,0x6f,0x62,0x61,0x6c,0x5f,0x62,0x75,0x66,
    0x66,0x65,0x72,0x83,0xa7,0x2e,0x6f,0x66,0x66,0x73,0x65,0x74,0x18,0xa5,0x2e,0x73,
    0x69,0x7a,0x65,0x04,0xab,0x2e,0x76,0x61,0x6c,0x75,0x65,0x5f,0x6b,0x69,0x6e,0x64,
    0xa8,0x62,0x79,0x5f,0x76,0x61,0x6c,0x75,0x65,0x83,0xa7,0x2e,0x6f,0x66,0x66,0x73,
    0x65,0x74,0x1c,0xa5,0x2e,0x73,0x69,0x7a,0x65,0x04,0xab,0x2e,0x76,0x61,0x6c,0x75,
    0x65,0x5f,0x6b,0x69,0x6e,0x64,0xa8,0x62,0x79,0x5f,0x76,0x61,0x6c,0x75,0x65,0x83,
    0xa7,0x2e,0x6f,0x66,0x66,0x73,0x65,0x74,0x20,0xa5,0x2e,0x73,0x69,0x7a,0x65,0x04,
    0xab,0x2e,0x76,0x61,0x6c,0x75,0x65,0x5f,0x6b,0x69,0x6e,0x64,0xa8,0x62,0x79,0x5f,
    0x76,0x61,0x6c,0x75,0x65,0x83,0xa7,0x2e,0x6f,0x66,0x66,0x73,0x65,0x74,0x24,0xa5,
    0x2e,0x73,0x69,0x7a,0x65,0x04,0xab,0x2e,0x76,0x61,0x6c,0x75,0x65,0x5f,0x6b,0x69,
    0x6e,0x64,0xa8,0x62,0x79,0x5f,0x76,0x61,0x6c,0x75,0x65,0x83,0xa7,0x2e,0x6f,0x66,
    0x66,0x73,0x65,0x74,0x28,0xa5,0x2e,0x73,0x69,0x7a,0x65,0x04,0xab,0x2e,0x76,0x61,
    0x6c,0x75,0x65,0x5f,0x6b,0x69,0x6e,0x64,0xa8,0x62,0x79,0x5f,0x76,0x61,0x6c,0x75,
    0x65,0x83,0xa7,0x2e,0x6f,0x66,0x66,0x73,0x65,0x74,0x2c,0xa5,0x2e,0x73,0x69,0x7a,
    0x65,0x04,0xab,0x2e,0x76,0x61,0x6c,0x75,0x65,0x5f,0x6b,0x69,0x6e,0x64,0xa8,0x62,
    0x79,0x5f,0x76,0x61,0x6c,0x75,0x65,0x83,0xa7,0x2e,0x6f,0x66,0x66,0x73,0x65,0x74,
    0x30,0xa5,0x2e,0x73,0x69,0x7a,0x65,0x04,0xab,0x2e,0x76,0x61,0x6c,0x75,0x65,0x5f,
    0x6b,0x69,0x6e,0x64,0xb4,0x68,0x69,0x64,0x64,0x65,0x6e,0x5f,0x62,0x6c,0x6f,0x63,
    0x6b,0x5f,0x63,0x6f,0x75,0x6e,0x74,0x5f,0x78,0x83,0xa7,0x2e,0x6f,0x66,0x66,0x73,
    0x65,0x74,0x34,0xa5,0x2e,0x73,0x69,0x7a,0x65,0x04,0xab,0x2e,0x76,0x61,0x6c,0x75,
    0x65,0x5f,0x6b,0x69,0x6e,0x64,0xb4,0x68,0x69,0x64,0x64,0x65,0x6e,0x5f,0x62,0x6c,
    0x6f,0x63,0x6b,0x5f,0x63,0x6f,0x75,0x6e,0x74,0x5f,0x79,0x83,0xa7,0x2e,0x6f,0x66,
    0x66,0x73,0x65,0x74,0x38,0xa5,0x2e,0x73,0x69,0x7a,0x65,0x04,0xab,0x2e,0x76,0x61,
    0x6c,0x75,0x65,0x5f,0x6b,0x69,0x6e,0x64,0xb4,0x68,0x69,0x64,0x64,0x65,0x6e,0x5f,
    0x62,0x6c,0x6f,0x63,0x6b,0x5f,0x63,0x6f,0x75,0x6e,0x74,0x5f,0x7a,0x83,0xa7,0x2e,
    0x6f,0x66,0x66,0x73,0x65,0x74,0x3c,0xa5,0x2e,0x73,0x69,0x7a,0x65,0x02,0xab,0x2e,
    0x76,0x61,0x6c,0x75,0x65,0x5f,0x6b,0x69,0x6e,0x64,0xb3,0x68,0x69,0x64,0x64,0x65,
    0x6e,0x5f,0x67,0x72,0x6f,0x75,0x70,0x5f,0x73,0x69,0x7a,0x65,0x5f,0x78,0x83,0xa7,
    0x2e,0x6f,0x66,0x66,0x73,0x65,0x74,0x3e,0xa5,0x2e,0x73,0x69,0x7a,0x65,0x02,0xab,
    0x2e,0x76,0x61,0x6c,0x75,0x65,0x5f,0x6b,0x69,0x6e,0x64,0xb3,0x68,0x69,0x64,0x64,
    0x65,0x6e,0x5f,0x67,0x72,0x6f,0x75,0x70,0x5f,0x73,0x69,0x7a,0x65,0x5f,0x79,0x83,
    0xa7,0x2e,0x6f,0x66,0x66,0x73,0x65,0x74,0x40,0xa5,0x2e,0x73,0x69,0x7a,0x65,0x02,
    0xab,0x2e,0x76,0x61,0x6c,0x75,0x65,0x5f,0x6b,0x69,0x6e,0x64,0xb3,0x68,0x69,0x64,
    0x64,0x65,0x6e,0x5f,0x67,0x72,0x6f,0x75,0x70,0x5f,0x73,0x69,0x7a,0x65,0x5f,0x7a,
    0x83,0xa7,0x2e,0x6f,0x66,0x66,0x73,0x65,0x74,0x42,0xa5,0x2e,0x73,0x69,0x7a,0x65,
    0x02,0xab,0x2e,0x76,0x61,0x6c,0x75,0x65,0x5f,0x6b,0x69,0x6e,0x64,0xb2,0x68,0x69,
    0x64,0x64,0x65,0x6e,0x5f,0x72,0x65,0x6d,0x61,0x69,0x6e,0x64,0x65,0x72,0x5f,0x78,
    0x83,0xa7,0x2e,0x6f,0x66,0x66,0x73,0x65,0x74,0x44,0xa5,0x2e,0x73,0x69,0x7a,0x65,
    0x02,0xab,0x2e,0x76,0x61,0x6c,0x75,0x65,0x5f,0x6b,0x69,0x6e,0x64,0xb2,0x68,0x69,
    0x64,0x64,0x65,0x6e,0x5f,0x72,0x65,0x6d,0x61,0x69,0x6e,0x64,0x65,0x72,0x5f,0x79,
    0x83,0xa7,0x2e,0x6f,0x66,0x66,0x73,0x65,0x74,0x46,0xa5,0x2e,0x73,0x69,0x7a,0x65,
    0x02,0xab,0x2e,0x76,0x61,0x6c,0x75,0x65,0x5f,0x6b,0x69,0x6e,0x64,0xb2,0x68,0x69,
    0x64,0x64,0x65,0x6e,0x5f,0x72,0x65,0x6d,0x61,0x69,0x6e,0x64,0x65,0x72,0x5f,0x7a,
    0x83,0xa7,0x2e,0x6f,0x66,0x66,0x73,0x65,0x74,0x58,0xa5,0x2e,0x73,0x69,0x7a,0x65,
    0x08,0xab,0x2e,0x76,0x61,0x6c,0x75,0x65,0x5f,0x6b,0x69,0x6e,0x64,0xb6,0x68,0x69,
    0x64,0x64,0x65,0x6e,0x5f,0x67,0x6c,0x6f,0x62,0x61,0x6c,0x5f,0x6f,0x66,0x66,0x73,
    0x65,0x74,0x5f,0x78,0x83,0xa7,0x2e,0x6f,0x66,0x66,0x73,0x65,0x74,0x60,0xa5,0x2e,
    0x73,0x69,0x7a,0x65,0x08,0xab,0x2e,0x76,0x61,0x6c,0x75,0x65,0x5f,0x6b,0x69,0x6e,
    0x64,0xb6,0x68,0x69,0x64,0x64,0x65,0x6e,0x5f,0x67,0x6c,0x6f,0x62,0x61,0x6c,0x5f,
    0x6f,0x66,0x66,0x73,0x65,0x74,0x5f,0x79,0x83,0xa7,0x2e,0x6f,0x66,0x66,0x73,0x65,
    0x74,0x68,0xa5,0x2e,0x73,0x69,0x7a,0x65,0x08,0xab,0x2e,0x76,0x61,0x6c,0x75,0x65,
    0x5f,0x6b,0x69,0x6e,0x64,0xb6,0x68,0x69,0x64,0x64,0x65,0x6e,0x5f,0x67,0x6c,0x6f,
    0x62,0x61,0x6c,0x5f,0x6f,0x66,0x66,0x73,0x65,0x74,0x5f,0x7a,0x83,0xa7,0x2e,0x6f,
    0x66,0x66,0x73,0x65,0x74,0x70,0xa5,0x2e,0x73,0x69,0x7a,0x65,0x02,0xab,0x2e,0x76,
    0x61,0x6c,0x75,0x65,0x5f,0x6b,0x69,0x6e,0x64,0xb0,0x68,0x69,0x64,0x64,0x65,0x6e,
    0x5f,0x67,0x72,0x69,0x64,0x5f,0x64,0x69,0x6d,0x73,0xb9,0x2e,0x67,0x72,0x6f,0x75,
    0x70,0x5f,0x73,0x65,0x67,0x6d,0x65,0x6e,0x74,0x5f,0x66,0x69,0x78,0x65,0x64,0x5f,
    0x73,0x69,0x7a,0x65,0xcd,0x80,0x00,0xb6,0x2e,0x6b,0x65,0x72,0x6e,0x61,0x72,0x67,
    0x5f,0x73,0x65,0x67,0x6d,0x65,0x6e,0x74,0x5f,0x61,0x6c,0x69,0x67,0x6e,0x08,0xb5,
    0x2e,0x6b,0x65,0x72,0x6e,0x61,0x72,0x67,0x5f,0x73,0x65,0x67,0x6d,0x65,0x6e,0x74,
    0x5f,0x73,0x69,0x7a,0x65,0xcd,0x01,0x30,0xa9,0x2e,0x6c,0x61,0x6e,0x67,0x75,0x61,
    0x67,0x65,0xa8,0x4f,0x70,0x65,0x6e,0x43,0x4c,0x20,0x43,0xb1,0x2e,0x6c,0x61,0x6e,
    0x67,0x75,0x61,0x67,0x65,0x5f,0x76,0x65,0x72,0x73,0x69,0x6f,0x6e,0x92,0x02,0x00,
    0xb8,0x2e,0x6d,0x61,0x78,0x5f,0x66,0x6c,0x61,0x74,0x5f,0x77,0x6f,0x72,0x6b,0x67,
    0x72,0x6f,0x75,0x70,0x5f,0x73,0x69,0x7a,0x65,0xcd,0x01,0x00,0xa5,0x2e,0x6e,0x61,
    0x6d,0x65,0xda,0x06,0x5f,0x5f,0x5a,0x4e,0x32,0x63,0x6b,0x31,0x39,0x6b,0x65,0x72,
    0x6e,0x65,0x6c,0x5f,0x67,0x65,0x6d,0x6d,0x5f,0x64,0x6c,0x5f,0x76,0x31,0x72,0x33,
    0x49,0x4e,0x53,0x5f,0x32,0x38,0x47,0x72,0x69,0x64,0x77,0x69,0x73,0x65,0x47,0x65,
    0x6d,0x6d,0x44,0x6c,0x5f,0x6b,0x6d,0x5f,0x6b,0x6e,0x5f,0x6d,0x6e,0x5f,0x76,0x31,
    0x72,0x33,0x49,0x4c,0x69,0x32,0x35,0x36,0x45,0x66,0x66,0x66,0x4c,0x4e,0x53,0x5f,
    0x32,0x35,0x49,0x6e,0x4d,0x65,0x6d,0x6f,0x72,0x79,0x44,0x61,0x74,0x61,0x4f,0x70,
    0x65,0x72,0x61,0x74,0x69,0x6f,0x6e,0x45,0x6e,0x75,0x6d,0x45,0x30,0x45,0x4e,0x53,
    0x5f,0x31,0x36,0x54,0x65,0x6e,0x73,0x6f,0x72,0x44,0x65,0x73,0x63,0x72,0x69,0x70,
    0x74,0x6f,0x72,0x49,0x4e,0x53,0x5f,0x35,0x54,0x75,0x70,0x6c,0x65,0x49,0x4a,0x4e,
    0x53,0x5f,0x35,0x45,0x6d,0x62,0x65,0x64,0x49,0x4e,0x53,0x34,0x5f,0x49,0x4a,0x69,
    0x69,0x45,0x45,0x45,0x4e,0x53,0x34,0x5f,0x49,0x4a,0x69,0x4e,0x53,0x5f,0x31,0x37,
    0x69,0x6e,0x74,0x65,0x67,0x72,0x61,0x6c,0x5f,0x63,0x6f,0x6e,0x73,0x74,0x61,0x6e,
    0x74,0x49,0x69,0x4c,0x69,0x31,0x45,0x45,0x45,0x45,0x45,0x45,0x4c,0x62,0x30,0x45,
    0x45,0x45,0x4e,0x53,0x5f,0x37,0x55,0x6e,0x4d,0x65,0x72,0x67,0x65,0x49,0x53,0x39,
    0x5f,0x4c,0x62,0x30,0x45,0x45,0x45,0x4e,0x53,0x5f,0x31,0x31,0x50,0x61,0x73,0x73,
    0x54,0x68,0x72,0x6f,0x75,0x67,0x68,0x49,0x69,0x45,0x45,0x45,0x45,0x45,0x4e,0x53,
    0x34,0x5f,0x49,0x4a,0x4e,0x53,0x5f,0x38,0x53,0x65,0x71,0x75,0x65,0x6e,0x63,0x65,
    0x49,0x4a,0x4c,0x69,0x30,0x45,0x45,0x45,0x45,0x4e,0x53,0x47,0x5f,0x49,0x4a,0x4c,
    0x69,0x32,0x45,0x45,0x45,0x45,0x4e,0x53,0x47,0x5f,0x49,0x4a,0x4c,0x69,0x31,0x45,
    0x45,0x45,0x45,0x45,0x45,0x45,0x4e,0x53,0x34,0x5f,0x49,0x4a,0x4e,0x53,0x47,0x5f,
    0x49,0x4a,0x4c,0x69,0x31,0x45,0x4c,0x69,0x32,0x45,0x45,0x45,0x45,0x4e,0x53,0x47,
    0x5f,0x49,0x4a,0x4c,0x69,0x33,0x45,0x4c,0x69,0x34,0x45,0x45,0x45,0x45,0x4e,0x53,
    0x47,0x5f,0x49,0x4a,0x4c,0x69,0x35,0x45,0x45,0x45,0x45,0x45,0x45,0x45,0x4e,0x53,
    0x47,0x5f,0x49,0x4a,0x4c,0x69,0x33,0x45,0x4c,0x69,0x35,0x45,0x4c,0x69,0x34,0x45,
    0x45,0x45,0x45,0x78,0x45,0x45,0x4e,0x53,0x33,0x5f,0x49,0x53,0x46,0x5f,0x4e,0x53,
    0x34,0x5f,0x49,0x4a,0x53,0x48,0x5f,0x53,0x4a,0x5f,0x53,0x49,0x5f,0x45,0x45,0x45,
    0x53,0x4f,0x5f,0x53,0x50,0x5f,0x78,0x45,0x45,0x4e,0x53,0x33,0x5f,0x49,0x4e,0x53,
    0x34,0x5f,0x49,0x4a,0x53,0x41,0x5f,0x53,0x45,0x5f,0x53,0x45,0x5f,0x45,0x45,0x45,
    0x53,0x52,0x5f,0x4e,0x53,0x34,0x5f,0x49,0x4a,0x53,0x4c,0x5f,0x4e,0x53,0x47,0x5f,
    0x49,0x4a,0x4c,0x69,0x33,0x45,0x45,0x45,0x45,0x4e,0x53,0x47,0x5f,0x49,0x4a,0x4c,
    0x69,0x34,0x45,0x45,0x45,0x45,0x45,0x45,0x45,0x53,0x4d,0x5f,0x78,0x45,0x45,0x4c,
    0x69,0x31,0x32,0x38,0x45,0x4c,0x69,0x31,0x32,0x38,0x45,0x4c,0x69,0x31,0x36,0x45,
    0x4c,0x69,0x31,0x45,0x4c,0x69,0x34,0x45,0x4c,0x69,0x34,0x45,0x4c,0x69,0x31,0x45,
    0x4e,0x53,0x47,0x5f,0x49,0x4a,0x4c,0x69,0x38,0x45,0x4c,0x69,0x32,0x45,0x45,0x45,
    0x45,0x53,0x59,0x5f,0x4e,0x53,0x47,0x5f,0x49,0x4a,0x4c,0x69,0x38,0x45,0x4c,0x69,
    0x31,0x45,0x4c,0x69,0x31,0x45,0x4c,0x69,0x31,0x45,0x45,0x45,0x45,0x4e,0x53,0x47,
    0x5f,0x49,0x4a,0x4c,0x69,0x32,0x45,0x4c,0x69,0x31,0x45,0x4c,0x69,0x31,0x32,0x38,
    0x45,0x4c,0x69,0x31,0x45,0x45,0x45,0x45,0x4e,0x53,0x47,0x5f,0x49,0x4a,0x4c,0x69,
    0x31,0x45,0x4c,0x69,0x32,0x45,0x4c,0x69,0x30,0x45,0x4c,0x69,0x33,0x45,0x45,0x45,
    0x45,0x53,0x31,0x31,0x5f,0x4e,0x53,0x47,0x5f,0x49,0x4a,0x4c,0x69,0x34,0x45,0x4c,
    0x69,0x31,0x45,0x4c,0x69,0x31,0x45,0x4c,0x69,0x31,0x45,0x45,0x45,0x45,0x53,0x31,
    0x31,0x5f,0x4e,0x53,0x47,0x5f,0x49,0x4a,0x4c,0x69,0x31,0x45,0x4c,0x69,0x31,0x45,
    0x4c,0x69,0x31,0x45,0x4c,0x69,0x31,0x45,0x45,0x45,0x45,0x4e,0x53,0x47,0x5f,0x49,
    0x4a,0x4c,0x69,0x32,0x45,0x4c,0x69,0x31,0x45,0x4c,0x69,0x34,0x45,0x4c,0x69,0x31,
    0x45,0x45,0x45,0x45,0x4e,0x53,0x47,0x5f,0x49,0x4a,0x4c,0x69,0x38,0x45,0x4c,0x69,
    0x31,0x45,0x4c,0x69,0x33,0x32,0x45,0x4c,0x69,0x31,0x45,0x45,0x45,0x45,0x4e,0x53,
    0x47,0x5f,0x49,0x4a,0x4c,0x69,0x30,0x45,0x4c,0x69,0x33,0x45,0x4c,0x69,0x31,0x45,
    0x4c,0x69,0x32,0x45,0x45,0x45,0x45,0x53,0x31,0x36,0x5f,0x4e,0x53,0x47,0x5f,0x49,
    0x4a,0x4c,0x69,0x31,0x45,0x4c,0x69,0x31,0x45,0x4c,0x69,0x34,0x45,0x4c,0x69,0x31,
    0x45,0x45,0x45,0x45,0x53,0x31,0x36,0x5f,0x53,0x31,0x37,0x5f,0x4e,0x53,0x47,0x5f,
    0x49,0x4a,0x4c,0x69,0x30,0x45,0x4c,0x69,0x31,0x45,0x4c,0x69,0x32,0x45,0x4c,0x69,
    0x33,0x45,0x4c,0x69,0x34,0x45,0x4c,0x69,0x35,0x45,0x45,0x45,0x45,0x4c,0x69,0x35,
    0x45,0x4c,0x69,0x34,0x45,0x45,0x45,0x4e,0x53,0x5f,0x31,0x36,0x74,0x65,0x6e,0x73,
    0x6f,0x72,0x5f,0x6f,0x70,0x65,0x72,0x61,0x74,0x69,0x6f,0x6e,0x36,0x64,0x65,0x76,
    0x69,0x63,0x65,0x31,0x32,0x44,0x65,0x76,0x69,0x63,0x65,0x47,0x65,0x6d,0x6d,0x44,
    0x6c,0x49,0x66,0x66,0x66,0x66,0x4e,0x53,0x5f,0x31,0x33,0x74,0x65,0x6e,0x73,0x6f,
    0x72,0x5f,0x6c,0x61,0x79,0x6f,0x75,0x74,0x34,0x67,0x65,0x6d,0x6d,0x38,0x52,0x6f,
    0x77,0x4d,0x61,0x6a,0x6f,0x72,0x45,0x53,0x31,0x46,0x5f,0x53,0x31,0x46,0x5f,0x4e,
    0x53,0x31,0x41,0x5f,0x31,0x32,0x65,0x6c,0x65,0x6d,0x65,0x6e,0x74,0x5f,0x77,0x69,
    0x73,0x65,0x31,0x31,0x50,0x61,0x73,0x73,0x54,0x68,0x72,0x6f,0x75,0x67,0x68,0x45,
    0x53,0x31,0x48,0x5f,0x53,0x31,0x48,0x5f,0x4c,0x4e,0x53,0x31,0x42,0x5f,0x31,0x38,
    0x47,0x65,0x6d,0x6d,0x53,0x70,0x65,0x63,0x69,0x61,0x6c,0x69,0x7a,0x61,0x74,0x69,
    0x6f,0x6e,0x45,0x30,0x45,0x4c,0x69,0x32,0x35,0x36,0x45,0x4c,0x69,0x31,0x32,0x38,
    0x45,0x4c,0x69,0x31,0x32,0x38,0x45,0x4c,0x69,0x31,0x36,0x45,0x4c,0x69,0x31,0x45,
    0x4c,0x69,0x34,0x45,0x4c,0x69,0x34,0x45,0x4c,0x69,0x31,0x45,0x53,0x59,0x5f,0x53,
    0x59,0x5f,0x53,0x5a,0x5f,0x53,0x31,0x30,0x5f,0x53,0x31,0x31,0x5f,0x53,0x31,0x31,
    0x5f,0x53,0x31,0x32,0x5f,0x53,0x31,0x31,0x5f,0x53,0x31,0x33,0x5f,0x53,0x31,0x34,
    0x5f,0x53,0x31,0x35,0x5f,0x53,0x31,0x36,0x5f,0x53,0x31,0x36,0x5f,0x53,0x31,0x37,
    0x5f,0x53,0x31,0x36,0x5f,0x53,0x31,0x37,0x5f,0x53,0x31,0x38,0x5f,0x4c,0x69,0x35,
    0x45,0x4c,0x69,0x34,0x45,0x4c,0x62,0x30,0x45,0x45,0x45,0x66,0x66,0x4e,0x53,0x33,
    0x5f,0x49,0x4e,0x53,0x34,0x5f,0x49,0x4a,0x53,0x41,0x5f,0x53,0x43,0x5f,0x53,0x45,
    0x5f,0x53,0x45,0x5f,0x4e,0x53,0x42,0x5f,0x49,0x4e,0x53,0x34,0x5f,0x49,0x4a,0x69,
    0x4e,0x53,0x37,0x5f,0x49,0x69,0x4c,0x69,0x31,0x32,0x38,0x45,0x45,0x45,0x45,0x45,
    0x45,0x4c,0x62,0x30,0x45,0x45,0x45,0x4e,0x53,0x44,0x5f,0x49,0x53,0x38,0x5f,0x45,
    0x45,0x45,0x45,0x45,0x4e,0x53,0x34,0x5f,0x49,0x4a,0x53,0x48,0x5f,0x53,0x49,0x5f,
    0x53,0x4a,0x5f,0x53,0x55,0x5f,0x53,0x4e,0x5f,0x53,0x56,0x5f,0x45,0x45,0x45,0x4e,
    0x53,0x34,0x5f,0x49,0x4a,0x53,0x4c,0x5f,0x53,0x4d,0x5f,0x53,0x4e,0x5f,0x4e,0x53,
    0x47,0x5f,0x49,0x4a,0x4c,0x69,0x36,0x45,0x45,0x45,0x45,0x4e,0x53,0x47,0x5f,0x49,
    0x4a,0x4c,0x69,0x37,0x45,0x4c,0x69,0x38,0x45,0x45,0x45,0x45,0x4e,0x53,0x47,0x5f,
    0x49,0x4a,0x4c,0x69,0x39,0x45,0x45,0x45,0x45,0x45,0x45,0x45,0x4e,0x53,0x47,0x5f,
    0x49,0x4a,0x4c,0x69,0x36,0x45,0x4c,0x69,0x37,0x45,0x4c,0x69,0x38,0x45,0x4c,0x69,
    0x39,0x45,0x45,0x45,0x45,0x78,0x45,0x45,0x4e,0x53,0x33,0x5f,0x49,0x53,0x31,0x4f,
    0x5f,0x4e,0x53,0x34,0x5f,0x49,0x4a,0x53,0x48,0x5f,0x53,0x4a,0x5f,0x53,0x49,0x5f,
    0x53,0x55,0x5f,0x53,0x4e,0x5f,0x53,0x56,0x5f,0x45,0x45,0x45,0x53,0x31,0x54,0x5f,
    0x53,0x31,0x55,0x5f,0x78,0x45,0x45,0x4e,0x53,0x33,0x5f,0x49,0x4e,0x53,0x34,0x5f,
    0x49,0x4a,0x53,0x41,0x5f,0x53,0x45,0x5f,0x53,0x45,0x5f,0x4e,0x53,0x42,0x5f,0x49,
    0x4e,0x53,0x34,0x5f,0x49,0x4a,0x69,0x4e,0x53,0x37,0x5f,0x49,0x69,0x4c,0x69,0x32,
    0x45,0x45,0x45,0x4e,0x53,0x37,0x5f,0x49,0x69,0x4c,0x69,0x36,0x34,0x45,0x45,0x45,
    0x45,0x45,0x45,0x4c,0x62,0x30,0x45,0x45,0x45,0x53,0x32,0x31,0x5f,0x45,0x45,0x45,
    0x4e,0x53,0x34,0x5f,0x49,0x4a,0x53,0x48,0x5f,0x53,0x4a,0x5f,0x53,0x49,0x5f,0x53,
    0x55,0x5f,0x53,0x56,0x5f,0x45,0x45,0x45,0x4e,0x53,0x34,0x5f,0x49,0x4a,0x53,0x4c,
    0x5f,0x53,0x55,0x5f,0x53,0x56,0x5f,0x4e,0x53,0x47,0x5f,0x49,0x4a,0x4c,0x69,0x35,
    0x45,0x4c,0x69,0x36,0x45,0x4c,0x69,0x37,0x45,0x45,0x45,0x45,0x4e,0x53,0x47,0x5f,
    0x49,0x4a,0x4c,0x69,0x38,0x45,0x4c,0x69,0x39,0x45,0x4c,0x69,0x31,0x30,0x45,0x45,
    0x45,0x45,0x45,0x45,0x45,0x4e,0x53,0x47,0x5f,0x49,0x4a,0x4c,0x69,0x35,0x45,0x4c,
    0x69,0x36,0x45,0x4c,0x69,0x37,0x45,0x4c,0x69,0x38,0x45,0x4c,0x69,0x39,0x45,0x4c,
    0x69,0x31,0x30,0x45,0x45,0x45,0x45,0x78,0x45,0x45,0x4e,0x53,0x5f,0x33,0x31,0x42,
    0x6c,0x6f,0x63,0x6b,0x54,0x6f,0x43,0x54,0x69,0x6c,0x65,0x4d,0x61,0x70,0x5f,0x4d,
    0x30,0x30,0x5f,0x4e,0x30,0x30,0x5f,0x4d,0x30,0x31,0x5f,0x4e,0x30,0x31,0x49,0x4c,
    0x69,0x31,0x32,0x38,0x45,0x4c,0x69,0x31,0x32,0x38,0x45,0x53,0x58,0x5f,0x4c,0x62,
    0x30,0x45,0x45,0x45,0x4c,0x62,0x31,0x45,0x4c,0x62,0x31,0x45,0x45,0x45,0x76,0x50,
    0x50,0x4b,0x54,0x31,0x5f,0x53,0x32,0x45,0x5f,0x50,0x50,0x54,0x32,0x5f,0x69,0x69,
    0x69,0x69,0x69,0x69,0xbb,0x2e,0x70,0x72,0x69,0x76,0x61,0x74,0x65,0x5f,0x73,0x65,
    0x67,0x6d,0x65,0x6e,0x74,0x5f,0x66,0x69,0x78,0x65,0x64,0x5f,0x73,0x69,0x7a,0x65,
    0xcd,0x01,0x40,0xab,0x2e,0x73,0x67,0x70,0x72,0x5f,0x63,0x6f,0x75,0x6e,0x74,0x23,
    0xb1,0x2e,0x73,0x67,0x70,0x72,0x5f,0x73,0x70,0x69,0x6c,0x6c,0x5f,0x63,0x6f,0x75,
    0x6e,0x74,0x00,0xa7,0x2e,0x73,0x79,0x6d,0x62,0x6f,0x6c,0xda,0x06,0x62,0x5f,0x5a,
    0x4e,0x32,0x63,0x6b,0x31,0x39,0x6b,0x65,0x72,0x6e,0x65,0x6c,0x5f,0x67,0x65,0x6d,
    0x6d,0x5f,0x64,0x6c,0x5f,0x76,0x31,0x72,0x33,0x49,0x4e,0x53,0x5f,0x32,0x38,0x47,
    0x72,0x69,0x64,0x77,0x69,0x73,0x65,0x47,0x65,0x6d,0x6d,0x44,0x6c,0x5f,0x6b,0x6d,
    0x5f,0x6b,0x6e,0x5f,0x6d,0x6e,0x5f,0x76,0x31,0x72,0x33,0x49,0x4c,0x69,0x32,0x35,
    0x36,0x45,0x66,0x66,0x66,0x4c,0x4e,0x53,0x5f,0x32,0x35,0x49,0x6e,0x4d,0x65,0x6d,
    0x6f,0x72,0x79,0x44,0x61,0x74,0x61,0x4f,0x70,0x65,0x72,0x61,0x74,0x69,0x6f,0x6e,
    0x45,0x6e,0x75,0x6d,0x45,0x30,0x45,0x4e,0x53,0x5f,0x31,0x36,0x54,0x65,0x6e,0x73,
    0x6f,0x72,0x44,0x65,0x73,0x63,0x72,0x69,0x70,0x74,0x6f,0x72,0x49,0x4e,0x53,0x5f,
    0x35,0x54,0x75,0x70,0x6c,0x65,0x49,0x4a,0x4e,0x53,0x5f,0x35,0x45,0x6d,0x62,0x65,
    0x64,0x49,0x4e,0x53,0x34,0x5f,0x49,0x4a,0x69,0x69,0x45,0x45,0x45,0x4e,0x53,0x34,
    0x5f,0x49,0x4a,0x69,0x4e,0x53,0x5f,0x31,0x37,0x69,0x6e,0x74,0x65,0x67,0x72,0x61,
    0x6c,0x5f,0x63,0x6f,0x6e,0x73,0x74,0x61,0x6e,0x74,0x49,0x69,0x4c,0x69,0x31,0x45,
    0x45,0x45,0x45,0x45,0x45,0x4c,0x62,0x30,0x45,0x45,0x45,0x4e,0x53,0x5f,0x37,0x55,
    0x6e,0x4d,0x65,0x72,0x67,0x65,0x49,0x53,0x39,0x5f,0x4c,0x62,0x30,0x45,0x45,0x45,
    0x4e,0x53,0x5f,0x31,0x31,0x50,0x61,0x73,0x73,0x54,0x68,0x72,0x6f,0x75,0x67,0x68,
    0x49,0x69,0x45,0x45,0x45,0x45,0x45,0x4e,0x53,0x34,0x5f,0x49,0x4a,0x4e,0x53,0x5f,
    0x38,0x53,0x65,0x71,0x75,0x65,0x6e,0x63,0x65,0x49,0x4a,0x4c,0x69,0x30,0x45,0x45,
    0x45,0x45,0x4e,0x53,0x47,0x5f,0x49,0x4a,0x4c,0x69,0x32,0x45,0x45,0x45,0x45,0x4e,
    0x53,0x47,0x5f,0x49,0x4a,0x4c,0x69,0x31,0x45,0x45,0x45,0x45,0x45,0x45,0x45,0x4e,
    0x53,0x34,0x5f,0x49,0x4a,0x4e,0x53,0x47,0x5f,0x49,0x4a,0x4c,0x69,0x31,0x45,0x4c,
    0x69,0x32,0x45,0x45,0x45,0x45,0x4e,0x53,0x47,0x5f,0x49,0x4a,0x4c,0x69,0x33,0x45,
    0x4c,0x69,0x34,0x45,0x45,0x45,0x45,0x4e,0x53,0x47,0x5f,0x49,0x4a,0x4c,0x69,0x35,
    0x45,0x45,0x45,0x45,0x45,0x45,0x45,0x4e,0x53,0x47,0x5f,0x49,0x4a,0x4c,0x69,0x33,
    0x45,0x4c,0x69,0x35,0x45,0x4c,0x69,0x34,0x45,0x45,0x45,0x45,0x78,0x45,0x45,0x4e,
    0x53,0x33,0x5f,0x49,0x53,0x46,0x5f,0x4e,0x53,0x34,0x5f,0x49,0x4a,0x53,0x48,0x5f,
    0x53,0x4a,0x5f,0x53,0x49,0x5f,0x45,0x45,0x45,0x53,0x4f,0x5f,0x53,0x50,0x5f,0x78,
    0x45,0x45,0x4e,0x53,0x33,0x5f,0x49,0x4e,0x53,0x34,0x5f,0x49,0x4a,0x53,0x41,0x5f,
    0x53,0x45,0x5f,0x53,0x45,0x5f,0x45,0x45,0x45,0x53,0x52,0x5f,0x4e,0x53,0x34,0x5f,
    0x49,0x4a,0x53,0x4c,0x5f,0x4e,0x53,0x47,0x5f,0x49,0x4a,0x4c,0x69,0x33,0x45,0x45,
    0x45,0x45,0x4e,0x53,0x47,0x5f,0x49,0x4a,0x4c,0x69,0x34,0x45,0x45,0x45,0x45,0x45,
    0x45,0x45,0x53,0x4d,0x5f,0x78,0x45,0x45,0x4c,0x69,0x31,0x32,0x38,0x45,0x4c,0x69,
    0x31,0x32,0x38,0x45,0x4c,0x69,0x31,0x36,0x45,0x4c,0x69,0x31,0x45,0x4c,0x69,0x34,
    0x45,0x4c,0x69,0x34,0x45,0x4c,0x69,0x31,0x45,0x4e,0x53,0x47,0x5f,0x49,0x4a,0x4c,
    0x69,0x38,0x45,0x4c,0x69,0x32,0x45,0x45,0x45,0x45,0x53,0x59,0x5f,0x4e,0x53,0x47,
    0x5f,0x49,0x4a,0x4c,0x69,0x38,0x45,0x4c,0x69,0x31,0x45,0x4c,0x69,0x31,0x45,0x4c,
    0x69,0x31,0x45,0x45,0x45,0x45,0x4e,0x53,0x47,0x5f,0x49,0x4a,0x4c,0x69,0x32,0x45,
    0x4c,0x69,0x31,0x45,0x4c,0x69,0x31,0x32,0x38,0x45,0x4c,0x69,0x31,0x45,0x45,0x45,
    0x45,0x4e,0x53,0x47,0x5f,0x49,0x4a,0x4c,0x69,0x31,0x45,0x4c,0x69,0x32,0x45,0x4c,
    0x69,0x30,0x45,0x4c,0x69,0x33,0x45,0x45,0x45,0x45,0x53,0x31,0x31,0x5f,0x4e,0x53,
    0x47,0x5f,0x49,0x4a,0x4c,0x69,0x34,0x45,0x4c,0x69,0x31,0x45,0x4c,0x69,0x31,0x45,
    0x4c,0x69,0x31,0x45,0x45,0x45,0x45,0x53,0x31,0x31,0x5f,0x4e,0x53,0x47,0x5f,0x49,
    0x4a,0x4c,0x69,0x31,0x45,0x4c,0x69,0x31,0x45,0x4c,0x69,0x31,0x45,0x4c,0x69,0x31,
    0x45,0x45,0x45,0x45,0x4e,0x53,0x47,0x5f,0x49,0x4a,0x4c,0x69,0x32,0x45,0x4c,0x69,
    0x31,0x45,0x4c,0x69,0x34,0x45,0x4c,0x69,0x31,0x45,0x45,0x45,0x45,0x4e,0x53,0x47,
    0x5f,0x49,0x4a,0x4c,0x69,0x38,0x45,0x4c,0x69,0x31,0x45,0x4c,0x69,0x33,0x32,0x45,
    0x4c,0x69,0x31,0x45,0x45,0x45,0x45,0x4e,0x53,0x47,0x5f,0x49,0x4a,0x4c,0x69,0x30,
    0x45,0x4c,0x69,0x33,0x45,0x4c,0x69,0x31,0x45,0x4c,0x69,0x32,0x45,0x45,0x45,0x45,
    0x53,0x31,0x36,0x5f,0x4e,0x53,0x47,0x5f,0x49,0x4a,0x4c,0x69,0x31,0x45,0x4c,0x69,
    0x31,0x45,0x4c,0x69,0x34,0x45,0x4c,0x69,0x31,0x45,0x45,0x45,0x45,0x53,0x31,0x36,
    0x5f,0x53,0x31,0x37,0x5f,0x4e,0x53,0x47,0x5f,0x49,0x4a,0x4c,0x69,0x30,0x45,0x4c,
    0x69,0x31,0x45,0x4c,0x69,0x32,0x45,0x4c,0x69,0x33,0x45,0x4c,0x69,0x34,0x45,0x4c,
    0x69,0x35,0x45,0x45,0x45,0x45,0x4c,0x69,0x35,0x45,0x4c,0x69,0x34,0x45,0x45,0x45,
    0x4e,0x53,0x5f,0x31,0x36,0x74,0x65,0x6e,0x73,0x6f,0x72,0x5f,0x6f,0x70,0x65,0x72,
    0x61,0x74,0x69,0x6f,0x6e,0x36,0x64,0x65,0x76,0x69,0x63,0x65,0x31,0x32,0x44,0x65,
    0x76,0x69,0x63,0x65,0x47,0x65,0x6d,0x6d,0x44,0x6c,0x49,0x66,0x66,0x66,0x66,0x4e,
    0x53,0x5f,0x31,0x33,0x74,0x65,0x6e,0x73,0x6f,0x72,0x5f,0x6c,0x61,0x79,0x6f,0x75,
    0x74,0x34,0x67,0x65,0x6d,0x6d,0x38,0x52,0x6f,0x77,0x4d,0x61,0x6a,0x6f,0x72,0x45,
    0x53,0x31,0x46,0x5f,0x53,0x31,0x46,0x5f,0x4e,0x53,0x31,0x41,0x5f,0x31,0x32,0x65,
    0x6c,0x65,0x6d,0x65,0x6e,0x74,0x5f,0x77,0x69,0x73,0x65,0x31,0x31,0x50,0x61,0x73,
    0x73,0x54,0x68,0x72,0x6f,0x75,0x67,0x68,0x45,0x53,0x31,0x48,0x5f,0x53,0x31,0x48,
    0x5f,0x4c,0x4e,0x53,0x31,0x42,0x5f,0x31,0x38,0x47,0x65,0x6d,0x6d,0x53,0x70,0x65,
    0x63,0x69,0x61,0x6c,0x69,0x7a,0x61,0x74,0x69,0x6f,0x6e,0x45,0x30,0x45,0x4c,0x69,
    0x32,0x35,0x36,0x45,0x4c,0x69,0x31,0x32,0x38,0x45,0x4c,0x69,0x31,0x32,0x38,0x45,
    0x4c,0x69,0x31,0x36,0x45,0x4c,0x69,0x31,0x45,0x4c,0x69,0x34,0x45,0x4c,0x69,0x34,
    0x45,0x4c,0x69,0x31,0x45,0x53,0x59,0x5f,0x53,0x59,0x5f,0x53,0x5a,0x5f,0x53,0x31,
    0x30,0x5f,0x53,0x31,0x31,0x5f,0x53,0x31,0x31,0x5f,0x53,0x31,0x32,0x5f,0x53,0x31,
    0x31,0x5f,0x53,0x31,0x33,0x5f,0x53,0x31,0x34,0x5f,0x53,0x31,0x35,0x5f,0x53,0x31,
    0x36,0x5f,0x53,0x31,0x36,0x5f,0x53,0x31,0x37,0x5f,0x53,0x31,0x36,0x5f,0x53,0x31,
    0x37,0x5f,0x53,0x31,0x38,0x5f,0x4c,0x69,0x35,0x45,0x4c,0x69,0x34,0x45,0x4c,0x62,
    0x30,0x45,0x45,0x45,0x66,0x66,0x4e,0x53,0x33,0x5f,0x49,0x4e,0x53,0x34,0x5f,0x49,
    0x4a,0x53,0x41,0x5f,0x53,0x43,0x5f,0x53,0x45,0x5f,0x53,0x45,0x5f,0x4e,0x53,0x42,
    0x5f,0x49,0x4e,0x53,0x34,0x5f,0x49,0x4a,0x69,0x4e,0x53,0x37,0x5f,0x49,0x69,0x4c,
    0x69,0x31,0x32,0x38,0x45,0x45,0x45,0x45,0x45,0x45,0x4c,0x62,0x30,0x45,0x45,0x45,
    0x4e,0x53,0x44,0x5f,0x49,0x53,0x38,0x5f,0x45,0x45,0x45,0x45,0x45,0x4e,0x53,0x34,
    0x5f,0x49,0x4a,0x53,0x48,0x5f,0x53,0x49,0x5f,0x53,0x4a,0x5f,0x53,0x55,0x5f,0x53,
    0x4e,0x5f,0x53,0x56,0x5f,0x45,0x45,0x45,0x4e,0x53,0x34,0x5f,0x49,0x4a,0x53,0x4c,
    0x5f,0x53,0x4d,0x5f,0x53,0x4e,0x5f,0x4e,0x53,0x47,0x5f,0x49,0x4a,0x4c,0x69,0x36,
    0x45,0x45,0x45,0x45,0x4e,0x53,0x47,0x5f,0x49,0x4a,0x4c,0x69,0x37,0x45,0x4c,0x69,
    0x38,0x45,0x45,0x45,0x45,0x4e,0x53,0x47,0x5f,0x49,0x4a,0x4c,0x69,0x39,0x45,0x45,
    0x45,0x45,0x45,0x45,0x45,0x4e,0x53,0x47,0x5f,0x49,0x4a,0x4c,0x69,0x36,0x45,0x4c,
    0x69,0x37,0x45,0x4c,0x69,0x38,0x45,0x4c,0x69,0x39,0x45,0x45,0x45,0x45,0x78,0x45,
    0x45,0x4e,0x53,0x33,0x5f,0x49,0x53,0x31,0x4f,0x5f,0x4e,0x53,0x34,0x5f,0x49,0x4a,
    0x53,0x48,0x5f,0x53,0x4a,0x5f,0x53,0x49,0x5f,0x53,0x55,0x5f,0x53,0x4e,0x5f,0x53,
    0x56,0x5f,0x45,0x45,0x45,0x53,0x31,0x54,0x5f,0x53,0x31,0x55,0x5f,0x78,0x45,0x45,
    0x4e,0x53,0x33,0x5f,0x49,0x4e,0x53,0x34,0x5f,0x49,0x4a,0x53,0x41,0x5f,0x53,0x45,
    0x5f,0x53,0x45,0x5f,0x4e,0x53,0x42,0x5f,0x49,0x4e,0x53,0x34,0x5f,0x49,0x4a,0x69,
    0x4e,0x53,0x37,0x5f,0x49,0x69,0x4c,0x69,0x32,0x45,0x45,0x45,0x4e,0x53,0x37,0x5f,
    0x49,0x69,0x4c,0x69,0x36,0x34,0x45,0x45,0x45,0x45,0x45,0x45,0x4c,0x62,0x30,0x45,
    0x45,0x45,0x53,0x32,0x31,0x5f,0x45,0x45,0x45,0x4e,0x53,0x34,0x5f,0x49,0x4a,0x53,
    0x48,0x5f,0x53,0x4a,0x5f,0x53,0x49,0x5f,0x53,0x55,0x5f,0x53,0x56,0x5f,0x45,0x45,
    0x45,0x4e,0x53,0x34,0x5f,0x49,0x4a,0x53,0x4c,0x5f,0x53,0x55,0x5f,0x53,0x56,0x5f,
    0x4e,0x53,0x47,0x5f,0x49,0x4a,0x4c,0x69,0x35,0x45,0x4c,0x69,0x36,0x45,0x4c,0x69,
    0x37,0x45,0x45,0x45,0x45,0x4e,0x53,0x47,0x5f,0x49,0x4a,0x4c,0x69,0x38,0x45,0x4c,
    0x69,0x39,0x45,0x4c,0x69,0x31,0x30,0x45,0x45,0x45,0x45,0x45,0x45,0x45,0x4e,0x53,
    0x47,0x5f,0x49,0x4a,0x4c,0x69,0x35,0x45,0x4c,0x69,0x36,0x45,0x4c,0x69,0x37,0x45,
    0x4c,0x69,0x38,0x45,0x4c,0x69,0x39,0x45,0x4c,0x69,0x31,0x30,0x45,0x45,0x45,0x45,
    0x78,0x45,0x45,0x4e,0x53,0x5f,0x33,0x31,0x42,0x6c,0x6f,0x63,0x6b,0x54,0x6f,0x43,
    0x54,0x69,0x6c,0x65,0x4d,0x61,0x70,0x5f,0x4d,0x30,0x30,0x5f,0x4e,0x30,0x30,0x5f,
    0x4d,0x30,0x31,0x5f,0x4e,0x30,0x31,0x49,0x4c,0x69,0x31,0x32,0x38,0x45,0x4c,0x69,
    0x31,0x32,0x38,0x45,0x53,0x58,0x5f,0x4c,0x62,0x30,0x45,0x45,0x45,0x4c,0x62,0x31,
    0x45,0x4c,0x62,0x31,0x45,0x45,0x45,0x76,0x50,0x50,0x4b,0x54,0x31,0x5f,0x53,0x32,
    0x45,0x5f,0x50,0x50,0x54,0x32,0x5f,0x69,0x69,0x69,0x69,0x69,0x69,0x2e,0x6b,0x64,
    0xb8,0x2e,0x75,0x6e,0x69,0x66,0x6f,0x72,0x6d,0x5f,0x77,0x6f,0x72,0x6b,0x5f,0x67,
    0x72,0x6f,0x75,0x70,0x5f,0x73,0x69,0x7a,0x65,0x01,0xb3,0x2e,0x75,0x73,0x65,0x73,
    0x5f,0x64,0x79,0x6e,0x61,0x6d,0x69,0x63,0x5f,0x73,0x74,0x61,0x63,0x6b,0xc2,0xab,
    0x2e,0x76,0x67,0x70,0x72,0x5f,0x63,0x6f,0x75,0x6e,0x74,0xcc,0xd8,0xb1,0x2e,0x76,
    0x67,0x70,0x72,0x5f,0x73,0x70,0x69,0x6c,0x6c,0x5f,0x63,0x6f,0x75,0x6e,0x74,0x00,
    0xaf,0x2e,0x77,0x61,0x76,0x65,0x66,0x72,0x6f,0x6e,0x74,0x5f,0x73,0x69,0x7a,0x65,
    0x20,0xb9,0x2e,0x77,0x6f,0x72,0x6b,0x67,0x72,0x6f,0x75,0x70,0x5f,0x70,0x72,0x6f,
    0x63,0x65,0x73,0x73,0x6f,0x72,0x5f,0x6d,0x6f,0x64,0x65,0x00,0xad,0x61,0x6d,0x64,
    0x68,0x73,0x61,0x2e,0x74,0x61,0x72,0x67,0x65,0x74,0xba,0x61,0x6d,0x64,0x67,0x63,
    0x6e,0x2d,0x61,0x6d,0x64,0x2d,0x61,0x6d,0x64,0x68,0x73,0x61,0x2d,0x2d,0x67,0x66,
    0x78,0x31,0x32,0x30,0x31,0xae,0x61,0x6d,0x64,0x68,0x73,0x61,0x2e,0x76,0x65,0x72,
    0x73,0x69,0x6f,0x6e,0x92,0x01,0x02,0x00,0x01,0x00,0x00,0x00,0x04,0x00,0x00,0x00,
    0x05,0x00,0x00,0x00,0x01,0x00,0x00,0x00,0x0a,0x00,0x00,0x00,0x01,0x00,0x00,0x00,
    0x0c,0x00,0x00,0x00,0x01,0x00,0x00,0x00,0x0e,0x00,0x00,0x00,0x01,0x00,0x00,0x00,
    0x10,0x00,0x00,0x00,0x01,0x00,0x00,0x00,0x12,0x00,0x00,0x00,0x01,0x00,0x00,0x00,
    0x14,0x00,0x00,0x00,0x01,0x00,0x00,0x00,0x16,0x00,0x00,0x00,0x01,0x00,0x00,0x00,
    0x18,0x00,0x00,0x00,0x01,0x00,0x00,0x00,0x1a,0x00,0x00,0x00,0x01,0x00,0x00,0x00,
    0x1c,0x00,0x00,0x00,0x00,0x00,0x00,0x00,0x00,0x00,0x00,0x00,0x00,0x00,0x00,0x00,
    0x00,0x00,0x00,0x00,0x00,0x00,0x00,0x00,0x00,0x00,0x00,0x00,0x00,0x00,0x00,0x00,
    0x00,0x00,0x00,0x00,0x03,0x00,0x02,0x00,0x00,0x00,0x00,0x00,0x00,0x00,0x00,0x00,
    0x00,0x00,0x00,0x00,0x00,0x00,0x00,0x00,0xbe,0x0e,0x00,0x00,0x02,0x00,0x02,0x00,
    0x00,0x00,0x00,0x00,0x00,0x00,0x00,0x00,0xc4,0x5a,0x00,0x00,0x00,0x00,0x00,0x00,
    0x55,0x00,0x00,0x00,0x12,0x03,0x04,0x00,0x00,0x00,0x00,0x00,0x00,0x00,0x00,0x00,
    0x2c,0x0a,0x00,0x00,0x00,0x00,0x00,0x00,0xeb,0x06,0x00,0x00,0x11,0x03,0x06,0x00,
    0x00,0x00,0x00,0x00,0x00,0x00,0x00,0x00,0x40,0x00,0x00,0x00,0x00,0x00,0x00,0x00,
    0x33,0x00,0x00,0x00,0x21,0x02,0x0a,0x00,0x00,0x00,0x00,0x00,0x00,0x00,0x00,0x00,
    0x50,0x00,0x00,0x00,0x00,0x00,0x00,0x00,0x60,0x0e,0x00,0x00,0x21,0x02,0x0c,0x00,
    0x00,0x00,0x00,0x00,0x00,0x00,0x00,0x00,0x50,0x00,0x00,0x00,0x00,0x00,0x00,0x00,
    0xd0,0x06,0x00,0x00,0x21,0x02,0x0e,0x00,0x00,0x00,0x00,0x00,0x00,0x00,0x00,0x00,
    0x50,0x00,0x00,0x00,0x00,0x00,0x00,0x00,0x93,0x0e,0x00,0x00,0x21,0x02,0x10,0x00,
    0x00,0x00,0x00,0x00,0x00,0x00,0x00,0x00,0x50,0x00,0x00,0x00,0x00,0x00,0x00,0x00,
    0x56,0x0d,0x00,0x00,0x21,0x02,0x12,0x00,0x00,0x00,0x00,0x00,0x00,0x00,0x00,0x00,
    0x78,0x00,0x00,0x00,0x00,0x00,0x00,0x00,0xbd,0x06,0x00,0x00,0x21,0x02,0x14,0x00,
    0x00,0x00,0x00,0x00,0x00,0x00,0x00,0x00,0x50,0x00,0x00,0x00,0x00,0x00,0x00,0x00,
    0x1f,0x00,0x00,0x00,0x21,0x02,0x16,0x00,0x00,0x00,0x00,0x00,0x00,0x00,0x00,0x00,
    0x50,0x00,0x00,0x00,0x00,0x00,0x00,0x00,0x2c,0x0e,0x00,0x00,0x21,0x02,0x18,0x00,
    0x00,0x00,0x00,0x00,0x00,0x00,0x00,0x00,0x78,0x00,0x00,0x00,0x00,0x00,0x00,0x00,
    0xdf,0x0d,0x00,0x00,0x21,0x02,0x1a,0x00,0x00,0x00,0x00,0x00,0x00,0x00,0x00,0x00,
    0x50,0x00,0x00,0x00,0x00,0x00,0x00,0x00,0x91,0x0d,0x00,0x00,0x21,0x02,0x1c,0x00,
    0x00,0x00,0x00,0x00,0x00,0x00,0x00,0x00,0x50,0x00,0x00,0x00,0x00,0x00,0x00,0x00,
    0x0c,0x0a,0x00,0x00,0x00,0x00,0x00,0x00,0x0a,0x00,0x00,0x00,0x01,0x00,0x00,0x00,
    0x08,0x00,0x00,0x00,0x00,0x00,0x00,0x00,0x14,0x0a,0x00,0x00,0x00,0x00,0x00,0x00,
    0x0b,0x00,0x00,0x00,0x01,0x00,0x00,0x00,0x10,0x00,0x00,0x00,0x00,0x00,0x00,0x00,
    0x10,0x00,0x00,0x00,0x00,0x00,0x00,0x00,0x05,0x00,0x00,0x00,0x03,0x00,0x00,0x00,
    0x10,0x00,0x00,0x00,0x00,0x00,0x00,0x00,0x00,0x2e,0x74,0x65,0x78,0x74,0x00,0x2e,
    0x63,0x6f,0x6d,0x6d,0x65,0x6e,0x74,0x00,0x2e,0x67,0x72,0x6f,0x75,0x70,0x00,0x2e,
    0x72,0x6f,0x64,0x61,0x74,0x61,0x2e,0x5f,0x5a,0x54,0x43,0x53,0x64,0x31,0x36,0x5f,
    0x53,0x6f,0x00,0x2e,0x72,0x6f,0x64,0x61,0x74,0x61,0x2e,0x5f,0x5a,0x54,0x56,0x53,
    0x6f,0x00,0x2e,0x6e,0x6f,0x74,0x65,0x2e,0x47,0x4e,0x55,0x2d,0x73,0x74,0x61,0x63,
    0x6b,0x00,0x2e,0x72,0x65,0x6c,0x61,0x2e,0x74,0x65,0x78,0x74,0x2e,0x5f,0x5a,0x4e,
    0x32,0x63,0x6b,0x31,0x39,0x6b,0x65,0x72,0x6e,0x65,0x6c,0x5f,0x67,0x65,0x6d,0x6d,
    0x5f,0x64,0x6c,0x5f,0x76,0x31,0x72,0x33,0x49,0x4e,0x53,0x5f,0x32,0x38,0x47,0x72,
    0x69,0x64,0x77,0x69,0x73,0x65,0x47,0x65,0x6d,0x6d,0x44,0x6c,0x5f,0x6b,0x6d,0x5f,
    0x6b,0x6e,0x5f,0x6d,0x6e,0x5f,0x76,0x31,0x72,0x33,0x49,0x4c,0x69,0x32,0x35,0x36,
    0x45,0x66,0x66,0x66,0x4c,0x4e,0x53,0x5f,0x32,0x35,0x49,0x6e,0x4d,0x65,0x6d,0x6f,
    0x72,0x79,0x44,0x61,0x74,0x61,0x4f,0x70,0x65,0x72,0x61,0x74,0x69,0x6f,0x6e,0x45,
    0x6e,0x75,0x6d,0x45,0x30,0x45,0x4e,0x53,0x5f,0x31,0x36,0x54,0x65,0x6e,0x73,0x6f,
    0x72,0x44,0x65,0x73,0x63,0x72,0x69,0x70,0x74,0x6f,0x72,0x49,0x4e,0x53,0x5f,0x35,
    0x54,0x75,0x70,0x6c,0x65,0x49,0x4a,0x4e,0x53,0x5f,0x35,0x45,0x6d,0x62,0x65,0x64,
    0x49,0x4e,0x53,0x34,0x5f,0x49,0x4a,0x69,0x69,0x45,0x45,0x45,0x4e,0x53,0x34,0x5f,
    0x49,0x4a,0x69,0x4e,0x53,0x5f,0x31,0x37,0x69,0x6e,0x74,0x65,0x67,0x72,0x61,0x6c,
    0x5f,0x63,0x6f,0x6e,0x73,0x74,0x61,0x6e,0x74,0x49,0x69,0x4c,0x69,0x31,0x45,0x45,
    0x45,0x45,0x45,0x45,0x4c,0x62,0x30,0x45,0x45,0x45,0x4e,0x53,0x5f,0x37,0x55,0x6e,
    0x4d,0x65,0x72,0x67,0x65,0x49,0x53,0x39,0x5f,0x4c,0x62,0x30,0x45,0x45,0x45,0x4e,
    0x53,0x5f,0x31,0x31,0x50,0x61,0x73,0x73,0x54,0x68,0x72,0x6f,0x75,0x67,0x68,0x49,
    0x69,0x45,0x45,0x45,0x45,0x45,0x4e,0x53,0x34,0x5f,0x49,0x4a,0x4e,0x53,0x5f,0x38,
    0x53,0x65,0x71,0x75,0x65,0x6e,0x63,0x65,0x49,0x4a,0x4c,0x69,0x30,0x45,0x45,0x45,
    0x45,0x4e,0x53,0x47,0x5f,0x49,0x4a,0x4c,0x69,0x32,0x45,0x45,0x45,0x45,0x4e,0x53,
    0x47,0x5f,0x49,0x4a,0x4c,0x69,0x31,0x45,0x45,0x45,0x45,0x45,0x45,0x45,0x4e,0x53,
    0x34,0x5f,0x49,0x4a,0x4e,0x53,0x47,0x5f,0x49,0x4a,0x4c,0x69,0x31,0x45,0x4c,0x69,
    0x32,0x45,0x45,0x45,0x45,0x4e,0x53,0x47,0x5f,0x49,0x4a,0x4c,0x69,0x33,0x45,0x4c,
    0x69,0x34,0x45,0x45,0x45,0x45,0x4e,0x53,0x47,0x5f,0x49,0x4a,0x4c,0x69,0x35,0x45,
    0x45,0x45,0x45,0x45,0x45,0x45,0x4e,0x53,0x47,0x5f,0x49,0x4a,0x4c,0x69,0x33,0x45,
    0x4c,0x69,0x35,0x45,0x4c,0x69,0x34,0x45,0x45,0x45,0x45,0x78,0x45,0x45,0x4e,0x53,
    0x33,0x5f,0x49,0x53,0x46,0x5f,0x4e,0x53,0x34,0x5f,0x49,0x4a,0x53,0x48,0x5f,0x53,
    0x4a,0x5f,0x53,0x49,0x5f,0x45,0x45,0x45,0x53,0x4f,0x5f,0x53,0x50,0x5f,0x78,0x45,
    0x45,0x4e,0x53,0x33,0x5f,0x49,0x4e,0x53,0x34,0x5f,0x49,0x4a,0x53,0x41,0x5f,0x53,
    0x45,0x5f,0x53,0x45,0x5f,0x45,0x45,0x45,0x53,0x52,0x5f,0x4e,0x53,0x34,0x5f,0x49,
    0x4a,0x53,0x4c,0x5f,0x4e,0x53,0x47,0x5f,0x49,0x4a,0x4c,0x69,0x33,0x45,0x45,0x45,
    0x45,0x4e,0x53,0x47,0x5f,0x49,0x4a,0x4c,0x69,0x34,0x45,0x45,0x45,0x45,0x45,0x45,
    0x45,0x53,0x4d,0x5f,0x78,0x45,0x45,0x4c,0x69,0x31,0x32,0x38,0x45,0x4c,0x69,0x31,
    0x32,0x38,0x45,0x4c,0x69,0x31,0x36,0x45,0x4c,0x69,0x31,0x45,0x4c,0x69,0x34,0x45,
    0x4c,0x69,0x34,0x45,0x4c,0x69,0x31,0x45,0x4e,0x53,0x47,0x5f,0x49,0x4a,0x4c,0x69,
    0x38,0x45,0x4c,0x69,0x32,0x45,0x45,0x45,0x45,0x53,0x59,0x5f,0x4e,0x53,0x47,0x5f,
    0x49,0x4a,0x4c,0x69,0x38,0x45,0x4c,0x69,0x31,0x45,0x4c,0x69,0x31,0x45,0x4c,0x69,
    0x31,0x45,0x45,0x45,0x45,0x4e,0x53,0x47,0x5f,0x49,0x4a,0x4c,0x69,0x32,0x45,0x4c,
    0x69,0x31,0x45,0x4c,0x69,0x31,0x32,0x38,0x45,0x4c,0x69,0x31,0x45,0x45,0x45,0x45,
    0x4e,0x53,0x47,0x5f,0x49,0x4a,0x4c,0x69,0x31,0x45,0x4c,0x69,0x32,0x45,0x4c,0x69,
    0x30,0x45,0x4c,0x69,0x33,0x45,0x45,0x45,0x45,0x53,0x31,0x31,0x5f,0x4e,0x53,0x47,
    0x5f,0x49,0x4a,0x4c,0x69,0x34,0x45,0x4c,0x69,0x31,0x45,0x4c,0x69,0x31,0x45,0x4c,
    0x69,0x31,0x45,0x45,0x45,0x45,0x53,0x31,0x31,0x5f,0x4e,0x53,0x47,0x5f,0x49,0x4a,
    0x4c,0x69,0x31,0x45,0x4c,0x69,0x31,0x45,0x4c,0x69,0x31,0x45,0x4c,0x69,0x31,0x45,
    0x45,0x45,0x45,0x4e,0x53,0x47,0x5f,0x49,0x4a,0x4c,0x69,0x32,0x45,0x4c,0x69,0x31,
    0x45,0x4c,0x69,0x34,0x45,0x4c,0x69,0x31,0x45,0x45,0x45,0x45,0x4e,0x53,0x47,0x5f,
    0x49,0x4a,0x4c,0x69,0x38,0x45,0x4c,0x69,0x31,0x45,0x4c,0x69,0x33,0x32,0x45,0x4c,
    0x69,0x31,0x45,0x45,0x45,0x45,0x4e,0x53,0x47,0x5f,0x49,0x4a,0x4c,0x69,0x30,0x45,
    0x4c,0x69,0x33,0x45,0x4c,0x69,0x31,0x45,0x4c,0x69,0x32,0x45,0x45,0x45,0x45,0x53,
    0x31,0x36,0x5f,0x4e,0x53,0x47,0x5f,0x49,0x4a,0x4c,0x69,0x31,0x45,0x4c,0x69,0x31,
    0x45,0x4c,0x69,0x34,0x45,0x4c,0x69,0x31,0x45,0x45,0x45,0x45,0x53,0x31,0x36,0x5f,
    0x53,0x31,0x37,0x5f,0x4e,0x53,0x47,0x5f,0x49,0x4a,0x4c,0x69,0x30,0x45,0x4c,0x69,
    0x31,0x45,0x4c,0x69,0x32,0x45,0x4c,0x69,0x33,0x45,0x4c,0x69,0x34,0x45,0x4c,0x69,
    0x35,0x45,0x45,0x45,0x45,0x4c,0x69,0x35,0x45,0x4c,0x69,0x34,0x45,0x45,0x45,0x4e,
    0x53,0x5f,0x31,0x36,0x74,0x65,0x6e,0x73,0x6f,0x72,0x5f,0x6f,0x70,0x65,0x72,0x61,
    0x74,0x69,0x6f,0x6e,0x36,0x64,0x65,0x76,0x69,0x63,0x65,0x31,0x32,0x44,0x65,0x76,
    0x69,0x63,0x65,0x47,0x65,0x6d,0x6d,0x44,0x6c,0x49,0x66,0x66,0x66,0x66,0x4e,0x53,
    0x5f,0x31,0x33,0x74,0x65,0x6e,0x73,0x6f,0x72,0x5f,0x6c,0x61,0x79,0x6f,0x75,0x74,
    0x34,0x67,0x65,0x6d,0x6d,0x38,0x52,0x6f,0x77,0x4d,0x61,0x6a,0x6f,0x72,0x45,0x53,
    0x31,0x46,0x5f,0x53,0x31,0x46,0x5f,0x4e,0x53,0x31,0x41,0x5f,0x31,0x32,0x65,0x6c,
    0x65,0x6d,0x65,0x6e,0x74,0x5f,0x77,0x69,0x73,0x65,0x31,0x31,0x50,0x61,0x73,0x73,
    0x54,0x68,0x72,0x6f,0x75,0x67,0x68,0x45,0x53,0x31,0x48,0x5f,0x53,0x31,0x48,0x5f,
    0x4c,0x4e,0x53,0x31,0x42,0x5f,0x31,0x38,0x47,0x65,0x6d,0x6d,0x53,0x70,0x65,0x63,
    0x69,0x61,0x6c,0x69,0x7a,0x61,0x74,0x69,0x6f,0x6e,0x45,0x30,0x45,0x4c,0x69,0x32,
    0x35,0x36,0x45,0x4c,0x69,0x31,0x32,0x38,0x45,0x4c,0x69,0x31,0x32,0x38,0x45,0x4c,
    0x69,0x31,0x36,0x45,0x4c,0x69,0x31,0x45,0x4c,0x69,0x34,0x45,0x4c,0x69,0x34,0x45,
    0x4c,0x69,0x31,0x45,0x53,0x59,0x5f,0x53,0x59,0x5f,0x53,0x5a,0x5f,0x53,0x31,0x30,
    0x5f,0x53,0x31,0x31,0x5f,0x53,0x31,0x31,0x5f,0x53,0x31,0x32,0x5f,0x53,0x31,0x31,
    0x5f,0x53,0x31,0x33,0x5f,0x53,0x31,0x34,0x5f,0x53,0x31,0x35,0x5f,0x53,0x31,0x36,
    0x5f,0x53,0x31,0x36,0x5f,0x53,0x31,0x37,0x5f,0x53,0x31,0x36,0x5f,0x53,0x31,0x37,
    0x5f,0x53,0x31,0x38,0x5f,0x4c,0x69,0x35,0x45,0x4c,0x69,0x34,0x45,0x4c,0x62,0x30,
    0x45,0x45,0x45,0x66,0x66,0x4e,0x53,0x33,0x5f,0x49,0x4e,0x53,0x34,0x5f,0x49,0x4a,
    0x53,0x41,0x5f,0x53,0x43,0x5f,0x53,0x45,0x5f,0x53,0x45,0x5f,0x4e,0x53,0x42,0x5f,
    0x49,0x4e,0x53,0x34,0x5f,0x49,0x4a,0x69,0x4e,0x53,0x37,0x5f,0x49,0x69,0x4c,0x69,
    0x31,0x32,0x38,0x45,0x45,0x45,0x45,0x45,0x45,0x4c,0x62,0x30,0x45,0x45,0x45,0x4e,
    0x53,0x44,0x5f,0x49,0x53,0x38,0x5f,0x45,0x45,0x45,0x45,0x45,0x4e,0x53,0x34,0x5f,
    0x49,0x4a,0x53,0x48,0x5f,0x53,0x49,0x5f,0x53,0x4a,0x5f,0x53,0x55,0x5f,0x53,0x4e,
    0x5f,0x53,0x56,0x5f,0x45,0x45,0x45,0x4e,0x53,0x34,0x5f,0x49,0x4a,0x53,0x4c,0x5f,
    0x53,0x4d,0x5f,0x53,0x4e,0x5f,0x4e,0x53,0x47,0x5f,0x49,0x4a,0x4c,0x69,0x36,0x45,
    0x45,0x45,0x45,0x4e,0x53,0x47,0x5f,0x49,0x4a,0x4c,0x69,0x37,0x45,0x4c,0x69,0x38,
    0x45,0x45,0x45,0x45,0x4e,0x53,0x47,0x5f,0x49,0x4a,0x4c,0x69,0x39,0x45,0x45,0x45,
    0x45,0x45,0x45,0x45,0x4e,0x53,0x47,0x5f,0x49,0x4a,0x4c,0x69,0x36,0x45,0x4c,0x69,
    0x37,0x45,0x4c,0x69,0x38,0x45,0x4c,0x69,0x39,0x45,0x45,0x45,0x45,0x78,0x45,0x45,
    0x4e,0x53,0x33,0x5f,0x49,0x53,0x31,0x4f,0x5f,0x4e,0x53,0x34,0x5f,0x49,0x4a,0x53,
    0x48,0x5f,0x53,0x4a,0x5f,0x53,0x49,0x5f,0x53,0x55,0x5f,0x53,0x4e,0x5f,0x53,0x56,
    0x5f,0x45,0x45,0x45,0x53,0x31,0x54,0x5f,0x53,0x31,0x55,0x5f,0x78,0x45,0x45,0x4e,
    0x53,0x33,0x5f,0x49,0x4e,0x53,0x34,0x5f,0x49,0x4a,0x53,0x41,0x5f,0x53,0x45,0x5f,
    0x53,0x45,0x5f,0x4e,0x53,0x42,0x5f,0x49,0x4e,0x53,0x34,0x5f,0x49,0x4a,0x69,0x4e,
    0x53,0x37,0x5f,0x49,0x69,0x4c,0x69,0x32,0x45,0x45,0x45,0x4e,0x53,0x37,0x5f,0x49,
    0x69,0x4c,0x69,0x36,0x34,0x45,0x45,0x45,0x45,0x45,0x45,0x4c,0x62,0x30,0x45,0x45,
    0x45,0x53,0x32,0x31,0x5f,0x45,0x45,0x45,0x4e,0x53,0x34,0x5f,0x49,0x4a,0x53,0x48,
    0x5f,0x53,0x4a,0x5f,0x53,0x49,0x5f,0x53,0x55,0x5f,0x53,0x56,0x5f,0x45,0x45,0x45,
    0x4e,0x53,0x34,0x5f,0x49,0x4a,0x53,0x4c,0x5f,0x53,0x55,0x5f,0x53,0x56,0x5f,0x4e,
    0x53,0x47,0x5f,0x49,0x4a,0x4c,0x69,0x35,0x45,0x4c,0x69,0x36,0x45,0x4c,0x69,0x37,
    0x45,0x45,0x45,0x45,0x4e,0x53,0x47,0x5f,0x49,0x4a,0x4c,0x69,0x38,0x45,0x4c,0x69,
    0x39,0x45,0x4c,0x69,0x31,0x30,0x45,0x45,0x45,0x45,0x45,0x45,0x45,0x4e,0x53,0x47,
    0x5f,0x49,0x4a,0x4c,0x69,0x35,0x45,0x4c,0x69,0x36,0x45,0x4c,0x69,0x37,0x45,0x4c,
    0x69,0x38,0x45,0x4c,0x69,0x39,0x45,0x4c,0x69,0x31,0x30,0x45,0x45,0x45,0x45,0x78,
    0x45,0x45,0x4e,0x53,0x5f,0x33,0x31,0x42,0x6c,0x6f,0x63,0x6b,0x54,0x6f,0x43,0x54,
    0x69,0x6c,0x65,0x4d,0x61,0x70,0x5f,0x4d,0x30,0x30,0x5f,0x4e,0x30,0x30,0x5f,0x4d,
    0x30,0x31,0x5f,0x4e,0x30,0x31,0x49,0x4c,0x69,0x31,0x32,0x38,0x45,0x4c,0x69,0x31,
    0x32,0x38,0x45,0x53,0x58,0x5f,0x4c,0x62,0x30,0x45,0x45,0x45,0x4c,0x62,0x31,0x45,
    0x4c,0x62,0x31,0x45,0x45,0x45,0x76,0x50,0x50,0x4b,0x54,0x31,0x5f,0x53,0x32,0x45,
    0x5f,0x50,0x50,0x54,0x32,0x5f,0x69,0x69,0x69,0x69,0x69,0x69,0x00,0x2e,0x72,0x6f,
    0x64,0x61,0x74,0x61,0x2e,0x5f,0x5a,0x54,0x43,0x53,0x64,0x30,0x5f,0x53,0x69,0x00,
    0x2e,0x72,0x6f,0x64,0x61,0x74,0x61,0x2e,0x5f,0x5a,0x54,0x56,0x53,0x69,0x00,0x2e,
    0x6c,0x6c,0x76,0x6d,0x5f,0x61,0x64,0x64,0x72,0x73,0x69,0x67,0x00,0x2e,0x6e,0x6f,
    0x74,0x65,0x00,0x5f,0x5a,0x4e,0x32,0x63,0x6b,0x31,0x39,0x6b,0x65,0x72,0x6e,0x65,
    0x6c,0x5f,0x67,0x65,0x6d,0x6d,0x5f,0x64,0x6c,0x5f,0x76,0x31,0x72,0x33,0x49,0x4e,
    0x53,0x5f,0x32,0x38,0x47,0x72,0x69,0x64,0x77,0x69,0x73,0x65,0x47,0x65,0x6d,0x6d,
    0x44,0x6c,0x5f,0x6b,0x6d,0x5f,0x6b,0x6e,0x5f,0x6d,0x6e,0x5f,0x76,0x31,0x72,0x33,
    0x49,0x4c,0x69,0x32,0x35,0x36,0x45,0x66,0x66,0x66,0x4c,0x4e,0x53,0x5f,0x32,0x35,
    0x49,0x6e,0x4d,0x65,0x6d,0x6f,0x72,0x79,0x44,0x61,0x74,0x61,0x4f,0x70,0x65,0x72,
    0x61,0x74,0x69,0x6f,0x6e,0x45,0x6e,0x75,0x6d,0x45,0x30,0x45,0x4e,0x53,0x5f,0x31,
    0x36,0x54,0x65,0x6e,0x73,0x6f,0x72,0x44,0x65,0x73,0x63,0x72,0x69,0x70,0x74,0x6f,
    0x72,0x49,0x4e,0x53,0x5f,0x35,0x54,0x75,0x70,0x6c,0x65,0x49,0x4a,0x4e,0x53,0x5f,
    0x35,0x45,0x6d,0x62,0x65,0x64,0x49,0x4e,0x53,0x34,0x5f,0x49,0x4a,0x69,0x69,0x45,
    0x45,0x45,0x4e,0x53,0x34,0x5f,0x49,0x4a,0x69,0x4e,0x53,0x5f,0x31,0x37,0x69,0x6e,
    0x74,0x65,0x67,0x72,0x61,0x6c,0x5f,0x63,0x6f,0x6e,0x73,0x74,0x61,0x6e,0x74,0x49,
    0x69,0x4c,0x69,0x31,0x45,0x45,0x45,0x45,0x45,0x45,0x4c,0x62,0x30,0x45,0x45,0x45,
    0x4e,0x53,0x5f,0x37,0x55,0x6e,0x4d,0x65,0x72,0x67,0x65,0x49,0x53,0x39,0x5f,0x4c,
    0x62,0x30,0x45,0x45,0x45,0x4e,0x53,0x5f,0x31,0x31,0x50,0x61,0x73,0x73,0x54,0x68,
    0x72,0x6f,0x75,0x67,0x68,0x49,0x69,0x45,0x45,0x45,0x45,0x45,0x4e,0x53,0x34,0x5f,
    0x49,0x4a,0x4e,0x53,0x5f,0x38,0x53,0x65,0x71,0x75,0x65,0x6e,0x63,0x65,0x49,0x4a,
    0x4c,0x69,0x30,0x45,0x45,0x45,0x45,0x4e,0x53,0x47,0x5f,0x49,0x4a,0x4c,0x69,0x32,
    0x45,0x45,0x45,0x45,0x4e,0x53,0x47,0x5f,0x49,0x4a,0x4c,0x69,0x31,0x45,0x45,0x45,
    0x45,0x45,0x45,0x45,0x4e,0x53,0x34,0x5f,0x49,0x4a,0x4e,0x53,0x47,0x5f,0x49,0x4a,
    0x4c,0x69,0x31,0x45,0x4c,0x69,0x32,0x45,0x45,0x45,0x45,0x4e,0x53,0x47,0x5f,0x49,
    0x4a,0x4c,0x69,0x33,0x45,0x4c,0x69,0x34,0x45,0x45,0x45,0x45,0x4e,0x53,0x47,0x5f,
    0x49,0x4a,0x4c,0x69,0x35,0x45,0x45,0x45,0x45,0x45,0x45,0x45,0x4e,0x53,0x47,0x5f,
    0x49,0x4a,0x4c,0x69,0x33,0x45,0x4c,0x69,0x35,0x45,0x4c,0x69,0x34,0x45,0x45,0x45,
    0x45,0x78,0x45,0x45,0x4e,0x53,0x33,0x5f,0x49,0x53,0x46,0x5f,0x4e,0x53,0x34,0x5f,
    0x49,0x4a,0x53,0x48,0x5f,0x53,0x4a,0x5f,0x53,0x49,0x5f,0x45,0x45,0x45,0x53,0x4f,
    0x5f,0x53,0x50,0x5f,0x78,0x45,0x45,0x4e,0x53,0x33,0x5f,0x49,0x4e,0x53,0x34,0x5f,
    0x49,0x4a,0x53,0x41,0x5f,0x53,0x45,0x5f,0x53,0x45,0x5f,0x45,0x45,0x45,0x53,0x52,
    0x5f,0x4e,0x53,0x34,0x5f,0x49,0x4a,0x53,0x4c,0x5f,0x4e,0x53,0x47,0x5f,0x49,0x4a,
    0x4c,0x69,0x33,0x45,0x45,0x45,0x45,0x4e,0x53,0x47,0x5f,0x49,0x4a,0x4c,0x69,0x34,
    0x45,0x45,0x45,0x45,0x45,0x45,0x45,0x53,0x4d,0x5f,0x78,0x45,0x45,0x4c,0x69,0x31,
    0x32,0x38,0x45,0x4c,0x69,0x31,0x32,0x38,0x45,0x4c,0x69,0x31,0x36,0x45,0x4c,0x69,
    0x31,0x45,0x4c,0x69,0x34,0x45,0x4c,0x69,0x34,0x45,0x4c,0x69,0x31,0x45,0x4e,0x53,
    0x47,0x5f,0x49,0x4a,0x4c,0x69,0x38,0x45,0x4c,0x69,0x32,0x45,0x45,0x45,0x45,0x53,
    0x59,0x5f,0x4e,0x53,0x47,0x5f,0x49,0x4a,0x4c,0x69,0x38,0x45,0x4c,0x69,0x31,0x45,
    0x4c,0x69,0x31,0x45,0x4c,0x69,0x31,0x45,0x45,0x45,0x45,0x4e,0x53,0x47,0x5f,0x49,
    0x4a,0x4c,0x69,0x32,0x45,0x4c,0x69,0x31,0x45,0x4c,0x69,0x31,0x32,0x38,0x45,0x4c,
    0x69,0x31,0x45,0x45,0x45,0x45,0x4e,0x53,0x47,0x5f,0x49,0x4a,0x4c,0x69,0x31,0x45,
    0x4c,0x69,0x32,0x45,0x4c,0x69,0x30,0x45,0x4c,0x69,0x33,0x45,0x45,0x45,0x45,0x53,
    0x31,0x31,0x5f,0x4e,0x53,0x47,0x5f,0x49,0x4a,0x4c,0x69,0x34,0x45,0x4c,0x69,0x31,
    0x45,0x4c,0x69,0x31,0x45,0x4c,0x69,0x31,0x45,0x45,0x45,0x45,0x53,0x31,0x31,0x5f,
    0x4e,0x53,0x47,0x5f,0x49,0x4a,0x4c,0x69,0x31,0x45,0x4c,0x69,0x31,0x45,0x4c,0x69,
    0x31,0x45,0x4c,0x69,0x31,0x45,0x45,0x45,0x45,0x4e,0x53,0x47,0x5f,0x49,0x4a,0x4c,
    0x69,0x32,0x45,0x4c,0x69,0x31,0x45,0x4c,0x69,0x34,0x45,0x4c,0x69,0x31,0x45,0x45,
    0x45,0x45,0x4e,0x53,0x47,0x5f,0x49,0x4a,0x4c,0x69,0x38,0x45,0x4c,0x69,0x31,0x45,
    0x4c,0x69,0x33,0x32,0x45,0x4c,0x69,0x31,0x45,0x45,0x45,0x45,0x4e,0x53,0x47,0x5f,
    0x49,0x4a,0x4c,0x69,0x30,0x45,0x4c,0x69,0x33,0x45,0x4c,0x69,0x31,0x45,0x4c,0x69,
    0x32,0x45,0x45,0x45,0x45,0x53,0x31,0x36,0x5f,0x4e,0x53,0x47,0x5f,0x49,0x4a,0x4c,
    0x69,0x31,0x45,0x4c,0x69,0x31,0x45,0x4c,0x69,0x34,0x45,0x4c,0x69,0x31,0x45,0x45,
    0x45,0x45,0x53,0x31,0x36,0x5f,0x53,0x31,0x37,0x5f,0x4e,0x53,0x47,0x5f,0x49,0x4a,
    0x4c,0x69,0x30,0x45,0x4c,0x69,0x31,0x45,0x4c,0x69,0x32,0x45,0x4c,0x69,0x33,0x45,
    0x4c,0x69,0x34,0x45,0x4c,0x69,0x35,0x45,0x45,0x45,0x45,0x4c,0x69,0x35,0x45,0x4c,
    0x69,0x34,0x45,0x45,0x45,0x4e,0x53,0x5f,0x31,0x36,0x74,0x65,0x6e,0x73,0x6f,0x72,
    0x5f,0x6f,0x70,0x65,0x72,0x61,0x74,0x69,0x6f,0x6e,0x36,0x64,0x65,0x76,0x69,0x63,
    0x65,0x31,0x32,0x44,0x65,0x76,0x69,0x63,0x65,0x47,0x65,0x6d,0x6d,0x44,0x6c,0x49,
    0x66,0x66,0x66,0x66,0x4e,0x53,0x5f,0x31,0x33,0x74,0x65,0x6e,0x73,0x6f,0x72,0x5f,
    0x6c,0x61,0x79,0x6f,0x75,0x74,0x34,0x67,0x65,0x6d,0x6d,0x38,0x52,0x6f,0x77,0x4d,
    0x61,0x6a,0x6f,0x72,0x45,0x53,0x31,0x46,0x5f,0x53,0x31,0x46,0x5f,0x4e,0x53,0x31,
    0x41,0x5f,0x31,0x32,0x65,0x6c,0x65,0x6d,0x65,0x6e,0x74,0x5f,0x77,0x69,0x73,0x65,
    0x31,0x31,0x50,0x61,0x73,0x73,0x54,0x68,0x72,0x6f,0x75,0x67,0x68,0x45,0x53,0x31,
    0x48,0x5f,0x53,0x31,0x48,0x5f,0x4c,0x4e,0x53,0x31,0x42,0x5f,0x31,0x38,0x47,0x65,
    0x6d,0x6d,0x53,0x70,0x65,0x63,0x69,0x61,0x6c,0x69,0x7a,0x61,0x74,0x69,0x6f,0x6e,
    0x45,0x30,0x45,0x4c,0x69,0x32,0x35,0x36,0x45,0x4c,0x69,0x31,0x32,0x38,0x45,0x4c,
    0x69,0x31,0x32,0x38,0x45,0x4c,0x69,0x31,0x36,0x45,0x4c,0x69,0x31,0x45,0x4c,0x69,
    0x34,0x45,0x4c,0x69,0x34,0x45,0x4c,0x69,0x31,0x45,0x53,0x59,0x5f,0x53,0x59,0x5f,
    0x53,0x5a,0x5f,0x53,0x31,0x30,0x5f,0x53,0x31,0x31,0x5f,0x53,0x31,0x31,0x5f,0x53,
    0x31,0x32,0x5f,0x53,0x31,0x31,0x5f,0x53,0x31,0x33,0x5f,0x53,0x31,0x34,0x5f,0x53,
    0x31,0x35,0x5f,0x53,0x31,0x36,0x5f,0x53,0x31,0x36,0x5f,0x53,0x31,0x37,0x5f,0x53,
    0x31,0x36,0x5f,0x53,0x31,0x37,0x5f,0x53,0x31,0x38,0x5f,0x4c,0x69,0x35,0x45,0x4c,
    0x69,0x34,0x45,0x4c,0x62,0x30,0x45,0x45,0x45,0x66,0x66,0x4e,0x53,0x33,0x5f,0x49,
    0x4e,0x53,0x34,0x5f,0x49,0x4a,0x53,0x41,0x5f,0x53,0x43,0x5f,0x53,0x45,0x5f,0x53,
    0x45,0x5f,0x4e,0x53,0x42,0x5f,0x49,0x4e,0x53,0x34,0x5f,0x49,0x4a,0x69,0x4e,0x53,
    0x37,0x5f,0x49,0x69,0x4c,0x69,0x31,0x32,0x38,0x45,0x45,0x45,0x45,0x45,0x45,0x4c,
    0x62,0x30,0x45,0x45,0x45,0x4e,0x53,0x44,0x5f,0x49,0x53,0x38,0x5f,0x45,0x45,0x45,
    0x45,0x45,0x4e,0x53,0x34,0x5f,0x49,0x4a,0x53,0x48,0x5f,0x53,0x49,0x5f,0x53,0x4a,
    0x5f,0x53,0x55,0x5f,0x53,0x4e,0x5f,0x53,0x56,0x5f,0x45,0x45,0x45,0x4e,0x53,0x34,
    0x5f,0x49,0x4a,0x53,0x4c,0x5f,0x53,0x4d,0x5f,0x53,0x4e,0x5f,0x4e,0x53,0x47,0x5f,
    0x49,0x4a,0x4c,0x69,0x36,0x45,0x45,0x45,0x45,0x4e,0x53,0x47,0x5f,0x49,0x4a,0x4c,
    0x69,0x37,0x45,0x4c,0x69,0x38,0x45,0x45,0x45,0x45,0x4e,0x53,0x47,0x5f,0x49,0x4a,
    0x4c,0x69,0x39,0x45,0x45,0x45,0x45,0x45,0x45,0x45,0x4e,0x53,0x47,0x5f,0x49,0x4a,
    0x4c,0x69,0x36,0x45,0x4c,0x69,0x37,0x45,0x4c,0x69,0x38,0x45,0x4c,0x69,0x39,0x45,
    0x45,0x45,0x45,0x78,0x45,0x45,0x4e,0x53,0x33,0x5f,0x49,0x53,0x31,0x4f,0x5f,0x4e,
    0x53,0x34,0x5f,0x49,0x4a,0x53,0x48,0x5f,0x53,0x4a,0x5f,0x53,0x49,0x5f,0x53,0x55,
    0x5f,0x53,0x4e,0x5f,0x53,0x56,0x5f,0x45,0x45,0x45,0x53,0x31,0x54,0x5f,0x53,0x31,
    0x55,0x5f,0x78,0x45,0x45,0x4e,0x53,0x33,0x5f,0x49,0x4e,0x53,0x34,0x5f,0x49,0x4a,
    0x53,0x41,0x5f,0x53,0x45,0x5f,0x53,0x45,0x5f,0x4e,0x53,0x42,0x5f,0x49,0x4e,0x53,
    0x34,0x5f,0x49,0x4a,0x69,0x4e,0x53,0x37,0x5f,0x49,0x69,0x4c,0x69,0x32,0x45,0x45,
    0x45,0x4e,0x53,0x37,0x5f,0x49,0x69,0x4c,0x69,0x36,0x34,0x45,0x45,0x45,0x45,0x45,
    0x45,0x4c,0x62,0x30,0x45,0x45,0x45,0x53,0x32,0x31,0x5f,0x45,0x45,0x45,0x4e,0x53,
    0x34,0x5f,0x49,0x4a,0x53,0x48,0x5f,0x53,0x4a,0x5f,0x53,0x49,0x5f,0x53,0x55,0x5f,
    0x53,0x56,0x5f,0x45,0x45,0x45,0x4e,0x53,0x34,0x5f,0x49,0x4a,0x53,0x4c,0x5f,0x53,
    0x55,0x5f,0x53,0x56,0x5f,0x4e,0x53,0x47,0x5f,0x49,0x4a,0x4c,0x69,0x35,0x45,0x4c,
    0x69,0x36,0x45,0x4c,0x69,0x37,0x45,0x45,0x45,0x45,0x4e,0x53,0x47,0x5f,0x49,0x4a,
    0x4c,0x69,0x38,0x45,0x4c,0x69,0x39,0x45,0x4c,0x69,0x31,0x30,0x45,0x45,0x45,0x45,
    0x45,0x45,0x45,0x4e,0x53,0x47,0x5f,0x49,0x4a,0x4c,0x69,0x35,0x45,0x4c,0x69,0x36,
    0x45,0x4c,0x69,0x37,0x45,0x4c,0x69,0x38,0x45,0x4c,0x69,0x39,0x45,0x4c,0x69,0x31,
    0x30,0x45,0x45,0x45,0x45,0x78,0x45,0x45,0x4e,0x53,0x5f,0x33,0x31,0x42,0x6c,0x6f,
    0x63,0x6b,0x54,0x6f,0x43,0x54,0x69,0x6c,0x65,0x4d,0x61,0x70,0x5f,0x4d,0x30,0x30,
    0x5f,0x4e,0x30,0x30,0x5f,0x4d,0x30,0x31,0x5f,0x4e,0x30,0x31,0x49,0x4c,0x69,0x31,
    0x32,0x38,0x45,0x4c,0x69,0x31,0x32,0x38,0x45,0x53,0x58,0x5f,0x4c,0x62,0x30,0x45,
    0x45,0x45,0x4c,0x62,0x31,0x45,0x4c,0x62,0x31,0x45,0x45,0x45,0x76,0x50,0x50,0x4b,
    0x54,0x31,0x5f,0x53,0x32,0x45,0x5f,0x50,0x50,0x54,0x32,0x5f,0x69,0x69,0x69,0x69,
    0x69,0x69,0x2e,0x6b,0x64,0x00,0x2e,0x72,0x6f,0x64,0x61,0x74,0x61,0x2e,0x5f,0x5a,
    0x54,0x56,0x53,0x64,0x00,0x2e,0x73,0x74,0x72,0x74,0x61,0x62,0x00,0x2e,0x73,0x79,
    0x6d,0x74,0x61,0x62,0x00,0x2e,0x41,0x4d,0x44,0x47,0x50,0x55,0x2e,0x63,0x73,0x64,
    0x61,0x74,0x61,0x00,0x2e,0x72,0x65,0x6c,0x61,0x2e,0x72,0x6f,0x64,0x61,0x74,0x61,
    0x00,0x2e,0x72,0x6f,0x64,0x61,0x74,0x61,0x2e,0x5f,0x5a,0x54,0x43,0x53,0x74,0x31,
    0x34,0x62,0x61,0x73,0x69,0x63,0x5f,0x69,0x6f,0x73,0x74,0x72,0x65,0x61,0x6d,0x49,
    0x77,0x53,0x74,0x31,0x31,0x63,0x68,0x61,0x72,0x5f,0x74,0x72,0x61,0x69,0x74,0x73,
    0x49,0x77,0x45,0x45,0x31,0x36,0x5f,0x53,0x74,0x31,0x33,0x62,0x61,0x73,0x69,0x63,
    0x5f,0x6f,0x73,0x74,0x72,0x65,0x61,0x6d,0x49,0x77,0x53,0x31,0x5f,0x45,0x00,0x2e,
    0x72,0x6f,0x64,0x61,0x74,0x61,0x2e,0x5f,0x5a,0x54,0x43,0x53,0x74,0x31,0x34,0x62,
    0x61,0x73,0x69,0x63,0x5f,0x69,0x6f,0x73,0x74,0x72,0x65,0x61,0x6d,0x49,0x77,0x53,
    0x74,0x31,0x31,0x63,0x68,0x61,0x72,0x5f,0x74,0x72,0x61,0x69,0x74,0x73,0x49,0x77,
    0x45,0x45,0x30,0x5f,0x53,0x74,0x31,0x33,0x62,0x61,0x73,0x69,0x63,0x5f,0x69,0x73,
    0x74,0x72,0x65,0x61,0x6d,0x49,0x77,0x53,0x31,0x5f,0x45,0x00,0x2e,0x72,0x6f,0x64,
    0x61,0x74,0x61,0x2e,0x5f,0x5a,0x54,0x56,0x53,0x74,0x31,0x34,0x62,0x61,0x73,0x69,
    0x63,0x5f,0x69,0x6f,0x73,0x74,0x72,0x65,0x61,0x6d,0x49,0x77,0x53,0x74,0x31,0x31,
    0x63,0x68,0x61,0x72,0x5f,0x74,0x72,0x61,0x69,0x74,0x73,0x49,0x77,0x45,0x45,0x00,
    0x2e,0x72,0x6f,0x64,0x61,0x74,0x61,0x2e,0x5f,0x5a,0x54,0x56,0x53,0x74,0x31,0x33,
    0x62,0x61,0x73,0x69,0x63,0x5f,0x6f,0x73,0x74,0x72,0x65,0x61,0x6d,0x49,0x77,0x53,
    0x74,0x31,0x31,0x63,0x68,0x61,0x72,0x5f,0x74,0x72,0x61,0x69,0x74,0x73,0x49,0x77,
    0x45,0x45,0x00,0x2e,0x72,0x6f,0x64,0x61,0x74,0x61,0x2e,0x5f,0x5a,0x54,0x56,0x53,
    0x74,0x31,0x33,0x62,0x61,0x73,0x69,0x63,0x5f,0x69,0x73,0x74,0x72,0x65,0x61,0x6d,
    0x49,0x77,0x53,0x74,0x31,0x31,0x63,0x68,0x61,0x72,0x5f,0x74,0x72,0x61,0x69,0x74,
    0x73,0x49,0x77,0x45,0x45,0x00,0x5f,0x5a,0x4e,0x32,0x63,0x6b,0x32,0x38,0x47,0x72,
    0x69,0x64,0x77,0x69,0x73,0x65,0x47,0x65,0x6d,0x6d,0x44,0x6c,0x5f,0x6b,0x6d,0x5f,
    0x6b,0x6e,0x5f,0x6d,0x6e,0x5f,0x76,0x31,0x72,0x33,0x49,0x4c,0x69,0x32,0x35,0x36,
    0x45,0x66,0x66,0x66,0x4c,0x4e,0x53,0x5f,0x32,0x35,0x49,0x6e,0x4d,0x65,0x6d,0x6f,
    0x72,0x79,0x44,0x61,0x74,0x61,0x4f,0x70,0x65,0x72,0x61,0x74,0x69,0x6f,0x6e,0x45,
    0x6e,0x75,0x6d,0x45,0x30,0x45,0x4e,0x53,0x5f,0x31,0x36,0x54,0x65,0x6e,0x73,0x6f,
    0x72,0x44,0x65,0x73,0x63,0x72,0x69,0x70,0x74,0x6f,0x72,0x49,0x4e,0x53,0x5f,0x35,
    0x54,0x75,0x70,0x6c,0x65,0x49,0x4a,0x4e,0x53,0x5f,0x35,0x45,0x6d,0x62,0x65,0x64,
    0x49,0x4e,0x53,0x33,0x5f,0x49,0x4a,0x69,0x69,0x45,0x45,0x45,0x4e,0x53,0x33,0x5f,
    0x49,0x4a,0x69,0x4e,0x53,0x5f,0x31,0x37,0x69,0x6e,0x74,0x65,0x67,0x72,0x61,0x6c,
    0x5f,0x63,0x6f,0x6e,0x73,0x74,0x61,0x6e,0x74,0x49,0x69,0x4c,0x69,0x31,0x45,0x45,
    0x45,0x45,0x45,0x45,0x4c,0x62,0x30,0x45,0x45,0x45,0x4e,0x53,0x5f,0x37,0x55,0x6e,
    0x4d,0x65,0x72,0x67,0x65,0x49,0x53,0x38,0x5f,0x4c,0x62,0x30,0x45,0x45,0x45,0x4e,
    0x53,0x5f,0x31,0x31,0x50,0x61,0x73,0x73,0x54,0x68,0x72,0x6f,0x75,0x67,0x68,0x49,
    0x69,0x45,0x45,0x45,0x45,0x45,0x4e,0x53,0x33,0x5f,0x49,0x4a,0x4e,0x53,0x5f,0x38,
    0x53,0x65,0x71,0x75,0x65,0x6e,0x63,0x65,0x49,0x4a,0x4c,0x69,0x30,0x45,0x45,0x45,
    0x45,0x4e,0x53,0x46,0x5f,0x49,0x4a,0x4c,0x69,0x32,0x45,0x45,0x45,0x45,0x4e,0x53,
    0x46,0x5f,0x49,0x4a,0x4c,0x69,0x31,0x45,0x45,0x45,0x45,0x45,0x45,0x45,0x4e,0x53,
    0x33,0x5f,0x49,0x4a,0x4e,0x53,0x46,0x5f,0x49,0x4a,0x4c,0x69,0x31,0x45,0x4c,0x69,
    0x32,0x45,0x45,0x45,0x45,0x4e,0x53,0x46,0x5f,0x49,0x4a,0x4c,0x69,0x33,0x45,0x4c,
    0x69,0x34,0x45,0x45,0x45,0x45,0x4e,0x53,0x46,0x5f,0x49,0x4a,0x4c,0x69,0x35,0x45,
    0x45,0x45,0x45,0x45,0x45,0x45,0x4e,0x53,0x46,0x5f,0x49,0x4a,0x4c,0x69,0x33,0x45,
    0x4c,0x69,0x35,0x45,0x4c,0x69,0x34,0x45,0x45,0x45,0x45,0x78,0x45,0x45,0x4e,0x53,
    0x32,0x5f,0x49,0x53,0x45,0x5f,0x4e,0x53,0x33,0x5f,0x49,0x4a,0x53,0x47,0x5f,0x53,
    0x49,0x5f,0x53,0x48,0x5f,0x45,0x45,0x45,0x53,0x4e,0x5f,0x53,0x4f,0x5f,0x78,0x45,
    0x45,0x4e,0x53,0x32,0x5f,0x49,0x4e,0x53,0x33,0x5f,0x49,0x4a,0x53,0x39,0x5f,0x53,
    0x44,0x5f,0x53,0x44,0x5f,0x45,0x45,0x45,0x53,0x51,0x5f,0x4e,0x53,0x33,0x5f,0x49,
    0x4a,0x53,0x4b,0x5f,0x4e,0x53,0x46,0x5f,0x49,0x4a,0x4c,0x69,0x33,0x45,0x45,0x45,
    0x45,0x4e,0x53,0x46,0x5f,0x49,0x4a,0x4c,0x69,0x34,0x45,0x45,0x45,0x45,0x45,0x45,
    0x45,0x53,0x4c,0x5f,0x78,0x45,0x45,0x4c,0x69,0x31,0x32,0x38,0x45,0x4c,0x69,0x31,
    0x32,0x38,0x45,0x4c,0x69,0x31,0x36,0x45,0x4c,0x69,0x31,0x45,0x4c,0x69,0x34,0x45,
    0x4c,0x69,0x34,0x45,0x4c,0x69,0x31,0x45,0x4e,0x53,0x46,0x5f,0x49,0x4a,0x4c,0x69,
    0x38,0x45,0x4c,0x69,0x32,0x45,0x45,0x45,0x45,0x53,0x58,0x5f,0x4e,0x53,0x46,0x5f,
    0x49,0x4a,0x4c,0x69,0x38,0x45,0x4c,0x69,0x31,0x45,0x4c,0x69,0x31,0x45,0x4c,0x69,
    0x31,0x45,0x45,0x45,0x45,0x4e,0x53,0x46,0x5f,0x49,0x4a,0x4c,0x69,0x32,0x45,0x4c,
    0x69,0x31,0x45,0x4c,0x69,0x31,0x32,0x38,0x45,0x4c,0x69,0x31,0x45,0x45,0x45,0x45,
    0x4e,0x53,0x46,0x5f,0x49,0x4a,0x4c,0x69,0x31,0x45,0x4c,0x69,0x32,0x45,0x4c,0x69,
    0x30,0x45,0x4c,0x69,0x33,0x45,0x45,0x45,0x45,0x53,0x31,0x30,0x5f,0x4e,0x53,0x46,
    0x5f,0x49,0x4a,0x4c,0x69,0x34,0x45,0x4c,0x69,0x31,0x45,0x4c,0x69,0x31,0x45,0x4c,
    0x69,0x31,0x45,0x45,0x45,0x45,0x53,0x31,0x30,0x5f,0x4e,0x53,0x46,0x5f,0x49,0x4a,
    0x4c,0x69,0x31,0x45,0x4c,0x69,0x31,0x45,0x4c,0x69,0x31,0x45,0x4c,0x69,0x31,0x45,
    0x45,0x45,0x45,0x4e,0x53,0x46,0x5f,0x49,0x4a,0x4c,0x69,0x32,0x45,0x4c,0x69,0x31,
    0x45,0x4c,0x69,0x34,0x45,0x4c,0x69,0x31,0x45,0x45,0x45,0x45,0x4e,0x53,0x46,0x5f,
    0x49,0x4a,0x4c,0x69,0x38,0x45,0x4c,0x69,0x31,0x45,0x4c,0x69,0x33,0x32,0x45,0x4c,
    0x69,0x31,0x45,0x45,0x45,0x45,0x4e,0x53,0x46,0x5f,0x49,0x4a,0x4c,0x69,0x30,0x45,
    0x4c,0x69,0x33,0x45,0x4c,0x69,0x31,0x45,0x4c,0x69,0x32,0x45,0x45,0x45,0x45,0x53,
    0x31,0x35,0x5f,0x4e,0x53,0x46,0x5f,0x49,0x4a,0x4c,0x69,0x31,0x45,0x4c,0x69,0x31,
    0x45,0x4c,0x69,0x34,0x45,0x4c,0x69,0x31,0x45,0x45,0x45,0x45,0x53,0x31,0x35,0x5f,
    0x53,0x31,0x36,0x5f,0x4e,0x53,0x46,0x5f,0x49,0x4a,0x4c,0x69,0x30,0x45,0x4c,0x69,
    0x31,0x45,0x4c,0x69,0x32,0x45,0x4c,0x69,0x33,0x45,0x4c,0x69,0x34,0x45,0x4c,0x69,
    0x35,0x45,0x45,0x45,0x45,0x4c,0x69,0x35,0x45,0x4c,0x69,0x34,0x45,0x45,0x33,0x52,
    0x75,0x6e,0x49,0x4c,0x62,0x31,0x45,0x4c,0x62,0x31,0x45,0x45,0x45,0x76,0x50,0x4b,
    0x66,0x53,0x31,0x42,0x5f,0x50,0x66,0x53,0x31,0x43,0x5f,0x52,0x4b,0x4e,0x53,0x32,
    0x5f,0x49,0x4e,0x53,0x33,0x5f,0x49,0x4a,0x53,0x39,0x5f,0x53,0x42,0x5f,0x53,0x44,
    0x5f,0x53,0x44,0x5f,0x4e,0x53,0x41,0x5f,0x49,0x4e,0x53,0x33,0x5f,0x49,0x4a,0x69,
    0x4e,0x53,0x36,0x5f,0x49,0x69,0x4c,0x69,0x31,0x32,0x38,0x45,0x45,0x45,0x45,0x45,
    0x45,0x4c,0x62,0x30,0x45,0x45,0x45,0x4e,0x53,0x43,0x5f,0x49,0x53,0x37,0x5f,0x45,
    0x45,0x45,0x45,0x45,0x4e,0x53,0x33,0x5f,0x49,0x4a,0x53,0x47,0x5f,0x53,0x48,0x5f,
    0x53,0x49,0x5f,0x53,0x54,0x5f,0x53,0x4d,0x5f,0x53,0x55,0x5f,0x45,0x45,0x45,0x4e,
    0x53,0x33,0x5f,0x49,0x4a,0x53,0x4b,0x5f,0x53,0x4c,0x5f,0x53,0x4d,0x5f,0x4e,0x53,
    0x46,0x5f,0x49,0x4a,0x4c,0x69,0x36,0x45,0x45,0x45,0x45,0x4e,0x53,0x46,0x5f,0x49,
    0x4a,0x4c,0x69,0x37,0x45,0x4c,0x69,0x38,0x45,0x45,0x45,0x45,0x4e,0x53,0x46,0x5f,
    0x49,0x4a,0x4c,0x69,0x39,0x45,0x45,0x45,0x45,0x45,0x45,0x45,0x4e,0x53,0x46,0x5f,
    0x49,0x4a,0x4c,0x69,0x36,0x45,0x4c,0x69,0x37,0x45,0x4c,0x69,0x38,0x45,0x4c,0x69,
    0x39,0x45,0x45,0x45,0x45,0x78,0x45,0x45,0x52,0x4b,0x4e,0x53,0x32,0x5f,0x49,0x53,
    0x31,0x48,0x5f,0x4e,0x53,0x33,0x5f,0x49,0x4a,0x53,0x47,0x5f,0x53,0x49,0x5f,0x53,
    0x48,0x5f,0x53,0x54,0x5f,0x53,0x4d,0x5f,0x53,0x55,0x5f,0x45,0x45,0x45,0x53,0x31,
    0x4d,0x5f,0x53,0x31,0x4e,0x5f,0x78,0x45,0x45,0x52,0x4b,0x4e,0x53,0x32,0x5f,0x49,
    0x4e,0x53,0x33,0x5f,0x49,0x4a,0x53,0x39,0x5f,0x53,0x44,0x5f,0x53,0x44,0x5f,0x4e,
    0x53,0x41,0x5f,0x49,0x4e,0x53,0x33,0x5f,0x49,0x4a,0x69,0x4e,0x53,0x36,0x5f,0x49,
    0x69,0x4c,0x69,0x32,0x45,0x45,0x45,0x4e,0x53,0x36,0x5f,0x49,0x69,0x4c,0x69,0x36,
    0x34,0x45,0x45,0x45,0x45,0x45,0x45,0x4c,0x62,0x30,0x45,0x45,0x45,0x53,0x31,0x59,
    0x5f,0x45,0x45,0x45,0x4e,0x53,0x33,0x5f,0x49,0x4a,0x53,0x47,0x5f,0x53,0x49,0x5f,
    0x53,0x48,0x5f,0x53,0x54,0x5f,0x53,0x55,0x5f,0x45,0x45,0x45,0x4e,0x53,0x33,0x5f,
    0x49,0x4a,0x53,0x4b,0x5f,0x53,0x54,0x5f,0x53,0x55,0x5f,0x4e,0x53,0x46,0x5f,0x49,
    0x4a,0x4c,0x69,0x35,0x45,0x4c,0x69,0x36,0x45,0x4c,0x69,0x37,0x45,0x45,0x45,0x45,
    0x4e,0x53,0x46,0x5f,0x49,0x4a,0x4c,0x69,0x38,0x45,0x4c,0x69,0x39,0x45,0x4c,0x69,
    0x31,0x30,0x45,0x45,0x45,0x45,0x45,0x45,0x45,0x4e,0x53,0x46,0x5f,0x49,0x4a,0x4c,
    0x69,0x35,0x45,0x4c,0x69,0x36,0x45,0x4c,0x69,0x37,0x45,0x4c,0x69,0x38,0x45,0x4c,
    0x69,0x39,0x45,0x4c,0x69,0x31,0x30,0x45,0x45,0x45,0x45,0x78,0x45,0x45,0x52,0x4b,
    0x4e,0x53,0x5f,0x33,0x31,0x42,0x6c,0x6f,0x63,0x6b,0x54,0x6f,0x43,0x54,0x69,0x6c,
    0x65,0x4d,0x61,0x70,0x5f,0x4d,0x30,0x30,0x5f,0x4e,0x30,0x30,0x5f,0x4d,0x30,0x31,
    0x5f,0x4e,0x30,0x31,0x49,0x4c,0x69,0x31,0x32,0x38,0x45,0x4c,0x69,0x31,0x32,0x38,
    0x45,0x53,0x57,0x5f,0x4c,0x62,0x30,0x45,0x45,0x45,0x4e,0x53,0x36,0x5f,0x49,0x62,
    0x58,0x54,0x5f,0x45,0x45,0x45,0x4e,0x53,0x36,0x5f,0x49,0x62,0x58,0x54,0x30,0x5f,
    0x45,0x45,0x45,0x00,0x00,0x00,0x00,0x00,0x00,0x00,0x00,0x00,0x00,0x00,0x00,0x00,
    0x00,0x00,0x00,0x00,0x00,0x00,0x00,0x00,0x00,0x00,0x00,0x00,0x00,0x00,0x00,0x00,
    0x00,0x00,0x00,0x00,0x00,0x00,0x00,0x00,0x00,0x00,0x00,0x00,0x00,0x00,0x00,0x00,
    0x00,0x00,0x00,0x00,0x00,0x00,0x00,0x00,0x00,0x00,0x00,0x00,0x00,0x00,0x00,0x00,
    0x00,0x00,0x00,0x00,0x00,0x00,0x00,0x00,0x5d,0x0d,0x00,0x00,0x03,0x00,0x00,0x00,
    0x00,0x00,0x00,0x00,0x00,0x00,0x00,0x00,0x00,0x00,0x00,0x00,0x00,0x00,0x00,0x00,
    0x78,0x80,0x00,0x00,0x00,0x00,0x00,0x00,0x0c,0x14,0x00,0x00,0x00,0x00,0x00,0x00,
    0x00,0x00,0x00,0x00,0x00,0x00,0x00,0x00,0x01,0x00,0x00,0x00,0x00,0x00,0x00,0x00,
    0x00,0x00,0x00,0x00,0x00,0x00,0x00,0x00,0x01,0x00,0x00,0x00,0x01,0x00,0x00,0x00,
    0x06,0x00,0x00,0x00,0x00,0x00,0x00,0x00,0x00,0x00,0x00,0x00,0x00,0x00,0x00,0x00,
    0x80,0x00,0x00,0x00,0x00,0x00,0x00,0x00,0x80,0x5c,0x00,0x00,0x00,0x00,0x00,0x00,
    0x00,0x00,0x00,0x00,0x00,0x00,0x00,0x00,0x80,0x00,0x00,0x00,0x00,0x00,0x00,0x00,
    0x00,0x00,0x00,0x00,0x00,0x00,0x00,0x00,0x10,0x00,0x00,0x00,0x11,0x00,0x00,0x00,
    0x00,0x00,0x00,0x00,0x00,0x00,0x00,0x00,0x00,0x00,0x00,0x00,0x00,0x00,0x00,0x00,
    0x68,0x7e,0x00,0x00,0x00,0x00,0x00,0x00,0x0c,0x00,0x00,0x00,0x00,0x00,0x00,0x00,
    0x21,0x00,0x00,0x00,0x03,0x00,0x00,0x00,0x04,0x00,0x00,0x00,0x00,0x00,0x00,0x00,
    0x04,0x00,0x00,0x00,0x00,0x00,0x00,0x00,0x4f,0x00,0x00,0x00,0x01,0x00,0x00,0x00,
    0x06,0x02,0x00,0x00,0x00,0x00,0x00,0x00,0x00,0x00,0x00,0x00,0x00,0x00,0x00,0x00,
    0x00,0x5d,0x00,0x00,0x00,0x00,0x00,0x00,0x2c,0x0a,0x00,0x00,0x00,0x00,0x00,0x00,
    0x00,0x00,0x00,0x00,0x00,0x00,0x00,0x00,0x00,0x01,0x00,0x00,0x00,0x00,0x00,0x00,
    0x00,0x00,0x00,0x00,0x00,0x00,0x00,0x00,0x4a,0x00,0x00,0x00,0x04,0x00,0x00,0x00,
    0x00,0x02,0x00,0x00,0x00,0x00,0x00,0x00,0x00,0x00,0x00,0x00,0x00,0x00,0x00,0x00,
    0x30,0x80,0x00,0x00,0x00,0x00,0x00,0x00,0x30,0x00,0x00,0x00,0x00,0x00,0x00,0x00,
    0x21,0x00,0x00,0x00,0x04,0x00,0x00,0x00,0x08,0x00,0x00,0x00,0x00,0x00,0x00,0x00,
    0x18,0x00,0x00,0x00,0x00,0x00,0x00,0x00,0x81,0x0d,0x00,0x00,0x01,0x00,0x00,0x00,
    0x02,0x00,0x00,0x00,0x00,0x00,0x00,0x00,0x00,0x00,0x00,0x00,0x00,0x00,0x00,0x00,
    0x40,0x67,0x00,0x00,0x00,0x00,0x00,0x00,0x40,0x00,0x00,0x00,0x00,0x00,0x00,0x00,
    0x00,0x00,0x00,0x00,0x00,0x00,0x00,0x00,0x40,0x00,0x00,0x00,0x00,0x00,0x00,0x00,
    0x00,0x00,0x00,0x00,0x00,0x00,0x00,0x00,0x7c,0x0d,0x00,0x00,0x04,0x00,0x00,0x00,
    0x40,0x00,0x00,0x00,0x00,0x00,0x00,0x00,0x00,0x00,0x00,0x00,0x00,0x00,0x00,0x00,
    0x60,0x80,0x00,0x00,0x00,0x00,0x00,0x00,0x18,0x00,0x00,0x00,0x00,0x00,0x00,0x00,
    0x21,0x00,0x00,0x00,0x06,0x00,0x00,0x00,0x08,0x00,0x00,0x00,0x00,0x00,0x00,0x00,
    0x18,0x00,0x00,0x00,0x00,0x00,0x00,0x00,0x6d,0x0d,0x00,0x00,0x01,0x00,0x00,0x00,
    0x00,0x00,0x00,0x00,0x00,0x00,0x00,0x00,0x00,0x00,0x00,0x00,0x00,0x00,0x00,0x00,
    0x80,0x67,0x00,0x00,0x00,0x00,0x00,0x00,0x00,0x00,0x00,0x00,0x00,0x00,0x00,0x00,
    0x00,0x00,0x00,0x00,0x00,0x00,0x00,0x00,0x01,0x00,0x00,0x00,0x00,0x00,0x00,0x00,
    0x00,0x00,0x00,0x00,0x00,0x00,0x00,0x00,0x10,0x00,0x00,0x00,0x11,0x00,0x00,0x00,
    0x00,0x00,0x00,0x00,0x00,0x00,0x00,0x00,0x00,0x00,0x00,0x00,0x00,0x00,0x00,0x00,
    0x74,0x7e,0x00,0x00,0x00,0x00,0x00,0x00,0x08,0x00,0x00,0x00,0x00,0x00,0x00,0x00,
    0x21,0x00,0x00,0x00,0x05,0x00,0x00,0x00,0x04,0x00,0x00,0x00,0x00,0x00,0x00,0x00,
    0x04,0x00,0x00,0x00,0x00,0x00,0x00,0x00,0x2b,0x00,0x00,0x00,0x01,0x00,0x00,0x00,
    0x02,0x02,0x00,0x00,0x00,0x00,0x00,0x00,0x00,0x00,0x00,0x00,0x00,0x00,0x00,0x00,
    0x80,0x67,0x00,0x00,0x00,0x00,0x00,0x00,0x50,0x00,0x00,0x00,0x00,0x00,0x00,0x00,
    0x00,0x00,0x00,0x00,0x00,0x00,0x00,0x00,0x08,0x00,0x00,0x00,0x00,0x00,0x00,0x00,
    0x00,0x00,0x00,0x00,0x00,0x00,0x00,0x00,0x10,0x00,0x00,0x00,0x11,0x00,0x00,0x00,
    0x00,0x00,0x00,0x00,0x00,0x00,0x00,0x00,0x00,0x00,0x00,0x00,0x00,0x00,0x00,0x00,
    0x7c,0x7e,0x00,0x00,0x00,0x00,0x00,0x00,0x08,0x00,0x00,0x00,0x00,0x00,0x00,0x00,
    0x21,0x00,0x00,0x00,0x06,0x00,0x00,0x00,0x04,0x00,0x00,0x00,0x00,0x00,0x00,0x00,
    0x04,0x00,0x00,0x00,0x00,0x00,0x00,0x00,0x58,0x0e,0x00,0x00,0x01,0x00,0x00,0x00,
    0x02,0x02,0x00,0x00,0x00,0x00,0x00,0x00,0x00,0x00,0x00,0x00,0x00,0x00,0x00,0x00,
    0xd0,0x67,0x00,0x00,0x00,0x00,0x00,0x00,0x50,0x00,0x00,0x00,0x00,0x00,0x00,0x00,
    0x00,0x00,0x00,0x00,0x00,0x00,0x00,0x00,0x08,0x00,0x00,0x00,0x00,0x00,0x00,0x00,
    0x00,0x00,0x00,0x00,0x00,0x00,0x00,0x00,0x10,0x00,0x00,0x00,0x11,0x00,0x00,0x00,
    0x00,0x00,0x00,0x00,0x00,0x00,0x00,0x00,0x00,0x00,0x00,0x00,0x00,0x00,0x00,0x00,
    0x84,0x7e,0x00,0x00,0x00,0x00,0x00,0x00,0x08,0x00,0x00,0x00,0x00,0x00,0x00,0x00,
    0x21,0x00,0x00,0x00,0x07,0x00,0x00,0x00,0x04,0x00,0x00,0x00,0x00,0x00,0x00,0x00,
    0x04,0x00,0x00,0x00,0x00,0x00,0x00,0x00,0xc8,0x06,0x00,0x00,0x01,0x00,0x00,0x00,
    0x02,0x02,0x00,0x00,0x00,0x00,0x00,0x00,0x00,0x00,0x00,0x00,0x00,0x00,0x00,0x00,
    0x20,0x68,0x00,0x00,0x00,0x00,0x00,0x00,0x50,0x00,0x00,0x00,0x00,0x00,0x00,0x00,
    0x00,0x00,0x00,0x00,0x00,0x00,0x00,0x00,0x08,0x00,0x00,0x00,0x00,0x00,0x00,0x00,
    0x00,0x00,0x00,0x00,0x00,0x00,0x00,0x00,0x10,0x00,0x00,0x00,0x11,0x00,0x00,0x00,
    0x00,0x00,0x00,0x00,0x00,0x00,0x00,0x00,0x00,0x00,0x00,0x00,0x00,0x00,0x00,0x00,
    0x8c,0x7e,0x00,0x00,0x00,0x00,0x00,0x00,0x08,0x00,0x00,0x00,0x00,0x00,0x00,0x00,
    0x21,0x00,0x00,0x00,0x08,0x00,0x00,0x00,0x04,0x00,0x00,0x00,0x00,0x00,0x00,0x00,
    0x04,0x00,0x00,0x00,0x00,0x00,0x00,0x00,0x8b,0x0e,0x00,0x00,0x01,0x00,0x00,0x00,
    0x02,0x02,0x00,0x00,0x00,0x00,0x00,0x00,0x00,0x00,0x00,0x00,0x00,0x00,0x00,0x00,
    0x70,0x68,0x00,0x00,0x00,0x00,0x00,0x00,0x50,0x00,0x00,0x00,0x00,0x00,0x00,0x00,
    0x00,0x00,0x00,0x00,0x00,0x00,0x00,0x00,0x08,0x00,0x00,0x00,0x00,0x00,0x00,0x00,
    0x00,0x00,0x00,0x00,0x00,0x00,0x00,0x00,0x10,0x00,0x00,0x00,0x11,0x00,0x00,0x00,
    0x00,0x00,0x00,0x00,0x00,0x00,0x00,0x00,0x00,0x00,0x00,0x00,0x00,0x00,0x00,0x00,
    0x94,0x7e,0x00,0x00,0x00,0x00,0x00,0x00,0x08,0x00,0x00,0x00,0x00,0x00,0x00,0x00,
    0x21,0x00,0x00,0x00,0x09,0x00,0x00,0x00,0x04,0x00,0x00,0x00,0x00,0x00,0x00,0x00,
    0x04,0x00,0x00,0x00,0x00,0x00,0x00,0x00,0x4e,0x0d,0x00,0x00,0x01,0x00,0x00,0x00,
    0x02,0x02,0x00,0x00,0x00,0x00,0x00,0x00,0x00,0x00,0x00,0x00,0x00,0x00,0x00,0x00,
    0xc0,0x68,0x00,0x00,0x00,0x00,0x00,0x00,0x78,0x00,0x00,0x00,0x00,0x00,0x00,0x00,
    0x00,0x00,0x00,0x00,0x00,0x00,0x00,0x00,0x08,0x00,0x00,0x00,0x00,0x00,0x00,0x00,
    0x00,0x00,0x00,0x00,0x00,0x00,0x00,0x00,0x10,0x00,0x00,0x00,0x11,0x00,0x00,0x00,
    0x00,0x00,0x00,0x00,0x00,0x00,0x00,0x00,0x00,0x00,0x00,0x00,0x00,0x00,0x00,0x00,
    0x9c,0x7e,0x00,0x00,0x00,0x00,0x00,0x00,0x08,0x00,0x00,0x00,0x00,0x00,0x00,0x00,
    0x21,0x00,0x00,0x00,0x0a,0x00,0x00,0x00,0x04,0x00,0x00,0x00,0x00,0x00,0x00,0x00,
    0x04,0x00,0x00,0x00,0x00,0x00,0x00,0x00,0xb5,0x06,0x00,0x00,0x01,0x00,0x00,0x00,
    0x02,0x02,0x00,0x00,0x00,0x00,0x00,0x00,0x00,0x00,0x00,0x00,0x00,0x00,0x00,0x00,
    0x38,0x69,0x00,0x00,0x00,0x00,0x00,0x00,0x50,0x00,0x00,0x00,0x00,0x00,0x00,0x00,
    0x00,0x00,0x00,0x00,0x00,0x00,0x00,0x00,0x08,0x00,0x00,0x00,0x00,0x00,0x00,0x00,
    0x00,0x00,0x00,0x00,0x00,0x00,0x00,0x00,0x10,0x00,0x00,0x00,0x11,0x00,0x00,0x00,
    0x00,0x00,0x00,0x00,0x00,0x00,0x00,0x00,0x00,0x00,0x00,0x00,0x00,0x00,0x00,0x00,
    0xa4,0x7e,0x00,0x00,0x00,0x00,0x00,0x00,0x08,0x00,0x00,0x00,0x00,0x00,0x00,0x00,
    0x21,0x00,0x00,0x00,0x0b,0x00,0x00,0x00,0x04,0x00,0x00,0x00,0x00,0x00,0x00,0x00,
    0x04,0x00,0x00,0x00,0x00,0x00,0x00,0x00,0x17,0x00,0x00,0x00,0x01,0x00,0x00,0x00,
    0x02,0x02,0x00,0x00,0x00,0x00,0x00,0x00,0x00,0x00,0x00,0x00,0x00,0x00,0x00,0x00,
    0x88,0x69,0x00,0x00,0x00,0x00,0x00,0x00,0x50,0x00,0x00,0x00,0x00,0x00,0x00,0x00,
    0x00,0x00,0x00,0x00,0x00,0x00,0x00,0x00,0x08,0x00,0x00,0x00,0x00,0x00,0x00,0x00,
    0x00,0x00,0x00,0x00,0x00,0x00,0x00,0x00,0x10,0x00,0x00,0x00,0x11,0x00,0x00,0x00,
    0x00,0x00,0x00,0x00,0x00,0x00,0x00,0x00,0x00,0x00,0x00,0x00,0x00,0x00,0x00,0x00,
    0xac,0x7e,0x00,0x00,0x00,0x00,0x00,0x00,0x08,0x00,0x00,0x00,0x00,0x00,0x00,0x00,
    0x21,0x00,0x00,0x00,0x0c,0x00,0x00,0x00,0x04,0x00,0x00,0x00,0x00,0x00,0x00,0x00,
    0x04,0x00,0x00,0x00,0x00,0x00,0x00,0x00,0x24,0x0e,0x00,0x00,0x01,0x00,0x00,0x00,
    0x02,0x02,0x00,0x00,0x00,0x00,0x00,0x00,0x00,0x00,0x00,0x00,0x00,0x00,0x00,0x00,
    0xd8,0x69,0x00,0x00,0x00,0x00,0x00,0x00,0x78,0x00,0x00,0x00,0x00,0x00,0x00,0x00,
    0x00,0x00,0x00,0x00,0x00,0x00,0x00,0x00,0x08,0x00,0x00,0x00,0x00,0x00,0x00,0x00,
    0x00,0x00,0x00,0x00,0x00,0x00,0x00,0x00,0x10,0x00,0x00,0x00,0x11,0x00,0x00,0x00,
    0x00,0x00,0x00,0x00,0x00,0x00,0x00,0x00,0x00,0x00,0x00,0x00,0x00,0x00,0x00,0x00,
    0xb4,0x7e,0x00,0x00,0x00,0x00,0x00,0x00,0x08,0x00,0x00,0x00,0x00,0x00,0x00,0x00,
    0x21,0x00,0x00,0x00,0x0d,0x00,0x00,0x00,0x04,0x00,0x00,0x00,0x00,0x00,0x00,0x00,
    0x04,0x00,0x00,0x00,0x00,0x00,0x00,0x00,0xd7,0x0d,0x00,0x00,0x01,0x00,0x00,0x00,
    0x02,0x02,0x00,0x00,0x00,0x00,0x00,0x00,0x00,0x00,0x00,0x00,0x00,0x00,0x00,0x00,
    0x50,0x6a,0x00,0x00,0x00,0x00,0x00,0x00,0x50,0x00,0x00,0x00,0x00,0x00,0x00,0x00,
    0x00,0x00,0x00,0x00,0x00,0x00,0x00,0x00,0x08,0x00,0x00,0x00,0x00,0x00,0x00,0x00,
    0x00,0x00,0x00,0x00,0x00,0x00,0x00,0x00,0x10,0x00,0x00,0x00,0x11,0x00,0x00,0x00,
    0x00,0x00,0x00,0x00,0x00,0x00,0x00,0x00,0x00,0x00,0x00,0x00,0x00,0x00,0x00,0x00,
    0xbc,0x7e,0x00,0x00,0x00,0x00,0x00,0x00,0x08,0x00,0x00,0x00,0x00,0x00,0x00,0x00,
    0x21,0x00,0x00,0x00,0x0e,0x00,0x00,0x00,0x04,0x00,0x00,0x00,0x00,0x00,0x00,0x00,
    0x04,0x00,0x00,0x00,0x00,0x00,0x00,0x00,0x89,0x0d,0x00,0x00,0x01,0x00,0x00,0x00,
    0x02,0x02,0x00,0x00,0x00,0x00,0x00,0x00,0x00,0x00,0x00,0x00,0x00,0x00,0x00,0x00,
    0xa0,0x6a,0x00,0x00,0x00,0x00,0x00,0x00,0x50,0x00,0x00,0x00,0x00,0x00,0x00,0x00,
    0x00,0x00,0x00,0x00,0x00,0x00,0x00,0x00,0x08,0x00,0x00,0x00,0x00,0x00,0x00,0x00,
    0x00,0x00,0x00,0x00,0x00,0x00,0x00,0x00,0x07,0x00,0x00,0x00,0x01,0x00,0x00,0x00,
    0x30,0x00,0x00,0x00,0x00,0x00,0x00,0x00,0x00,0x00,0x00,0x00,0x00,0x00,0x00,0x00,
    0xf0,0x6a,0x00,0x00,0x00,0x00,0x00,0x00,0x74,0x00,0x00,0x00,0x00,0x00,0x00,0x00,
    0x00,0x00,0x00,0x00,0x00,0x00,0x00,0x00,0x01,0x00,0x00,0x00,0x00,0x00,0x00,0x00,
    0x01,0x00,0x00,0x00,0x00,0x00,0x00,0x00,0x3a,0x00,0x00,0x00,0x01,0x00,0x00,0x00,
    0x00,0x00,0x00,0x00,0x00,0x00,0x00,0x00,0x00,0x00,0x00,0x00,0x00,0x00,0x00,0x00,
    0x64,0x6b,0x00,0x00,0x00,0x00,0x00,0x00,0x00,0x00,0x00,0x00,0x00,0x00,0x00,0x00,
    0x00,0x00,0x00,0x00,0x00,0x00,0x00,0x00,0x01,0x00,0x00,0x00,0x00,0x00,0x00,0x00,
    0x00,0x00,0x00,0x00,0x00,0x00,0x00,0x00,0xe5,0x06,0x00,0x00,0x07,0x00,0x00,0x00,
    0x02,0x00,0x00,0x00,0x00,0x00,0x00,0x00,0x00,0x00,0x00,0x00,0x00,0x00,0x00,0x00,
    0x64,0x6b,0x00,0x00,0x00,0x00,0x00,0x00,0x04,0x13,0x00,0x00,0x00,0x00,0x00,0x00,
    0x00,0x00,0x00,0x00,0x00,0x00,0x00,0x00,0x04,0x00,0x00,0x00,0x00,0x00,0x00,0x00,
    0x00,0x00,0x00,0x00,0x00,0x00,0x00,0x00,0xd7,0x06,0x00,0x00,0x03,0x4c,0xff,0x6f,
    0x00,0x00,0x00,0x80,0x00,0x00,0x00,0x00,0x00,0x00,0x00,0x00,0x00,0x00,0x00,0x00,
    0x78,0x80,0x00,0x00,0x00,0x00,0x00,0x00,0x00,0x00,0x00,0x00,0x00,0x00,0x00,0x00,
    0x21,0x00,0x00,0x00,0x00,0x00,0x00,0x00,0x01,0x00,0x00,0x00,0x00,0x00,0x00,0x00,
    0x00,0x00,0x00,0x00,0x00,0x00,0x00,0x00,0x65,0x0d,0x00,0x00,0x02,0x00,0x00,0x00,
    0x00,0x00,0x00,0x00,0x00,0x00,0x00,0x00,0x00,0x00,0x00,0x00,0x00,0x00,0x00,0x00,
    0xc8,0x7e,0x00,0x00,0x00,0x00,0x00,0x00,0x68,0x01,0x00,0x00,0x00,0x00,0x00,0x00,
    0x01,0x00,0x00,0x00,0x03,0x00,0x00,0x00,0x08,0x00,0x00,0x00,0x00,0x00,0x00,0x00,
    0x18,0x00,0x00,0x00,0x00,0x00,0x00,0x00
});

} // namespace mlss::gemm::mxn::ck::fp32::gfx1201
