/* Copyright (c) 2026 Advanced Micro Devices, Inc. All rights reserved. */
// Auto-generated from dxGml precompiled shader binaries.
#pragma once

#include <array>
#include <cstdint>

namespace mlss::sigmoid_mul::hip::fp16::gfx1200
{

inline constexpr auto SigmoidMulFp16Gfx1200 = std::to_array<std::uint8_t>({
    0x7f,0x45,0x4c,0x46,0x02,0x01,0x01,0x40,0x03,0x00,0x00,0x00,0x00,0x00,0x00,0x00,
    0x01,0x00,0xe0,0x00,0x01,0x00,0x00,0x00,0x00,0x00,0x00,0x00,0x00,0x00,0x00,0x00,
    0x00,0x00,0x00,0x00,0x00,0x00,0x00,0x00,0x10,0x77,0x00,0x00,0x00,0x00,0x00,0x00,
    0x48,0x00,0x00,0x00,0x40,0x00,0x00,0x00,0x00,0x00,0x40,0x00,0x23,0x00,0x01,0x00,
    0x00,0x00,0x00,0x00,0x00,0x00,0x00,0x00,0x00,0x00,0x00,0x00,0x00,0x00,0x00,0x00,
    0x00,0x00,0x00,0x00,0x00,0x00,0x00,0x00,0x00,0x00,0x00,0x00,0x00,0x00,0x00,0x00,
    0x00,0x00,0x00,0x00,0x00,0x00,0x00,0x00,0x00,0x00,0x00,0x00,0x00,0x00,0x00,0x00,
    0x00,0x00,0x00,0x00,0x00,0x00,0x00,0x00,0x00,0x00,0x00,0x00,0x00,0x00,0x00,0x00,
    0x00,0x00,0x9f,0xbf,0x00,0x00,0x9f,0xbf,0x00,0x00,0x9f,0xbf,0x00,0x00,0x9f,0xbf,
    0x00,0x00,0x9f,0xbf,0x00,0x00,0x9f,0xbf,0x00,0x00,0x9f,0xbf,0x00,0x00,0x9f,0xbf,
    0x00,0x00,0x9f,0xbf,0x00,0x00,0x9f,0xbf,0x00,0x00,0x9f,0xbf,0x00,0x00,0x9f,0xbf,
    0x00,0x00,0x9f,0xbf,0x00,0x00,0x9f,0xbf,0x00,0x00,0x9f,0xbf,0x00,0x00,0x9f,0xbf,
    0x00,0x00,0x9f,0xbf,0x00,0x00,0x9f,0xbf,0x00,0x00,0x9f,0xbf,0x00,0x00,0x9f,0xbf,
    0x00,0x00,0x9f,0xbf,0x00,0x00,0x9f,0xbf,0x00,0x00,0x9f,0xbf,0x00,0x00,0x9f,0xbf,
    0x00,0x00,0x9f,0xbf,0x00,0x00,0x9f,0xbf,0x00,0x00,0x9f,0xbf,0x00,0x00,0x9f,0xbf,
    0x00,0x00,0x9f,0xbf,0x00,0x00,0x9f,0xbf,0x00,0x00,0x9f,0xbf,0x00,0x00,0x9f,0xbf,
    0x00,0x00,0x9f,0xbf,0x00,0x00,0x9f,0xbf,0x00,0x00,0x9f,0xbf,0x00,0x00,0x9f,0xbf,
    0x00,0x00,0x9f,0xbf,0x00,0x00,0x9f,0xbf,0x00,0x00,0x9f,0xbf,0x00,0x00,0x9f,0xbf,
    0x00,0x00,0x9f,0xbf,0x00,0x00,0x9f,0xbf,0x00,0x00,0x9f,0xbf,0x00,0x00,0x9f,0xbf,
    0x00,0x00,0x9f,0xbf,0x00,0x00,0x9f,0xbf,0x00,0x00,0x9f,0xbf,0x00,0x00,0x9f,0xbf,
    0x00,0x00,0x9f,0xbf,0x00,0x00,0x9f,0xbf,0x00,0x00,0x9f,0xbf,0x00,0x00,0x9f,0xbf,
    0x00,0x00,0x9f,0xbf,0x00,0x00,0x9f,0xbf,0x00,0x00,0x9f,0xbf,0x00,0x00,0x9f,0xbf,
    0x00,0x00,0x9f,0xbf,0x00,0x00,0x9f,0xbf,0x00,0x00,0x9f,0xbf,0x00,0x00,0x9f,0xbf,
    0x00,0x00,0x9f,0xbf,0x00,0x00,0x9f,0xbf,0x00,0x00,0x9f,0xbf,0x00,0x00,0x9f,0xbf,
    0x00,0x00,0x9f,0xbf,0x00,0x00,0x9f,0xbf,0x00,0x00,0x9f,0xbf,0x00,0x00,0x9f,0xbf,
    0x00,0x00,0x9f,0xbf,0x00,0x00,0x9f,0xbf,0x00,0x00,0x9f,0xbf,0x00,0x00,0x9f,0xbf,
    0x00,0x00,0x9f,0xbf,0x00,0x00,0x9f,0xbf,0x00,0x00,0x9f,0xbf,0x00,0x00,0x9f,0xbf,
    0x00,0x00,0x9f,0xbf,0x00,0x00,0x9f,0xbf,0x00,0x00,0x9f,0xbf,0x00,0x00,0x9f,0xbf,
    0x00,0x00,0x9f,0xbf,0x00,0x00,0x9f,0xbf,0x00,0x00,0x9f,0xbf,0x00,0x00,0x9f,0xbf,
    0x00,0x00,0x9f,0xbf,0x00,0x00,0x9f,0xbf,0x00,0x00,0x9f,0xbf,0x00,0x00,0x9f,0xbf,
    0x00,0x00,0x9f,0xbf,0x00,0x00,0x9f,0xbf,0x00,0x00,0x9f,0xbf,0x00,0x00,0x9f,0xbf,
    0x00,0x00,0x9f,0xbf,0x00,0x00,0x9f,0xbf,0x00,0x00,0x9f,0xbf,0x00,0x00,0x9f,0xbf,
    0x01,0x82,0x00,0xf4,0x18,0x00,0x00,0xf8,0x81,0x00,0x10,0xca,0x81,0x00,0x20,0x1f,
    0x00,0x00,0xc7,0xbf,0x09,0x02,0x04,0x7e,0x14,0x17,0x04,0xbf,0x08,0x00,0x10,0xca,
    0x0b,0x00,0x04,0x01,0x80,0x83,0x04,0x98,0x14,0x17,0x05,0x89,0x0a,0x00,0x10,0xca,
    0x0d,0x00,0x06,0x03,0x15,0x05,0x04,0xbf,0x0c,0x00,0x10,0xca,0x0f,0x00,0x08,0x05,
    0xc1,0x80,0x19,0x98,0x0e,0x00,0x10,0xca,0x11,0x00,0x0a,0x07,0x19,0x7e,0x06,0x8b,
    0x81,0x04,0x04,0x98,0x15,0x05,0x05,0x89,0x10,0x00,0x10,0xca,0x13,0x00,0x0c,0x09,
    0x16,0x05,0x04,0xbf,0x12,0x00,0x10,0xca,0x15,0x00,0x0e,0x0b,0xc1,0x80,0x18,0x98,
    0x14,0x00,0x10,0xca,0x17,0x00,0x10,0x0d,0x18,0x7e,0x05,0x8b,0x82,0x04,0x05,0x98,
    0x0c,0x0f,0x04,0xbf,0x16,0x02,0x1e,0x7e,0x80,0x83,0x04,0x98,0x0c,0x0f,0x06,0x89,
    0x01,0x00,0x85,0xbf,0x7c,0x40,0x07,0xed,0x00,0x00,0x80,0x00,0x00,0x0c,0x00,0x00,
    0x7c,0x40,0x07,0xed,0x00,0x00,0x80,0x02,0x00,0x1c,0x00,0x00,0x0d,0x06,0x04,0xbf,
    0x01,0x00,0x85,0xbf,0x7c,0x40,0x07,0xed,0x00,0x00,0x80,0x04,0x00,0x2c,0x00,0x00,
    0x7c,0x40,0x07,0xed,0x00,0x00,0x80,0x06,0x00,0x3c,0x00,0x00,0xc1,0x80,0x1b,0x98,
    0xb9,0x04,0x87,0xbf,0x1b,0x7e,0x07,0x8b,0x81,0x04,0x04,0x98,0x0d,0x06,0x06,0x89,
    0x0e,0x06,0x04,0xbf,0xc1,0x80,0x1a,0x98,0xa9,0x04,0x87,0xbf,0x1a,0x7e,0x06,0x8b,
    0x82,0x04,0x07,0x98,0x05,0x07,0x06,0xbf,0xc1,0x80,0x04,0x98,0x05,0x07,0x07,0xbf,
    0xc1,0x80,0x1c,0x98,0x7e,0x04,0x6a,0x8b,0x06,0x00,0xa4,0xbf,0x05,0x82,0x06,0x84,
    0x09,0x00,0x87,0xbf,0x06,0x8c,0x06,0x81,0x06,0x00,0x05,0xed,0x20,0x00,0x00,0x00,
    0x00,0x00,0x00,0x00,0x07,0x82,0x06,0x84,0x13,0x00,0x01,0xd5,0x80,0x02,0x71,0x00,
    0x06,0x8c,0x1d,0x81,0x7e,0x1c,0x6a,0x91,0x1d,0x00,0x05,0xed,0x02,0x00,0x00,0x00,
    0x00,0x00,0x00,0x00,0x06,0x00,0xa4,0xbf,0x05,0x82,0x1c,0x84,0xfe,0xff,0x88,0xbf,
    0x1c,0x9c,0x1c,0x81,0x1c,0x00,0x05,0xed,0x1f,0x00,0x00,0x00,0x00,0x00,0x00,0x00,
    0x06,0x9c,0x1c,0x81,0x05,0x80,0x06,0xbf,0x1c,0x00,0x05,0xed,0x1a,0x00,0x00,0x00,
    0x00,0x00,0x00,0x00,0xc1,0x80,0x1c,0x98,0x07,0x80,0x06,0xbf,0x80,0x00,0x9e,0xbe,
    0xc1,0x80,0x1d,0x98,0xfe,0xff,0x88,0xbf,0x1d,0x1c,0x1d,0x8c,0x80,0x00,0x9c,0xbe,
    0xfe,0xff,0x88,0xbf,0x7e,0x1d,0x6a,0x8b,0x06,0x00,0xa4,0xbf,0x08,0x02,0x02,0x7e,
    0x84,0x00,0x9e,0xbe,0x81,0x00,0x9c,0xbe,0x7c,0x80,0x06,0xed,0x00,0x00,0x80,0x00,
    0x00,0x00,0x00,0x00,0x18,0xc1,0x1f,0x8d,0x1a,0xc1,0x21,0x8d,0x19,0x1f,0x19,0x8b,
    0x1b,0x21,0x1b,0x8b,0x99,0x04,0x87,0xbf,0x1b,0x19,0x19,0x8c,0x7e,0x19,0x6a,0x8b,
    0x06,0x00,0xa4,0xbf,0x09,0x02,0x02,0x7e,0xfe,0xff,0x88,0xbf,0x1c,0x81,0x1c,0x81,
    0x1e,0x80,0x06,0xed,0x00,0x00,0x80,0x00,0x00,0x00,0x00,0x00,0x1a,0x18,0x18,0x8c,
    0x09,0x00,0x87,0xbf,0x7e,0x18,0x6a,0x8b,0x07,0x00,0xa4,0xbf,0x0a,0x02,0x02,0x7e,
    0xfe,0xff,0x88,0xbf,0x1c,0x82,0x1a,0x84,0x1c,0x81,0x1c,0x81,0x1a,0x80,0x06,0xed,
    0x00,0x00,0x80,0x00,0x00,0x00,0x00,0x00,0x1d,0xc1,0x1a,0x8d,0x05,0x83,0x06,0xbf,
    0xc1,0x80,0x1b,0x98,0x07,0x83,0x06,0xbf,0xc1,0x80,0x07,0x98,0x99,0x04,0x87,0xbf,
    0x07,0x1b,0x07,0x8c,0x7e,0x07,0x6a,0x8b,0x06,0x00,0xa4,0xbf,0x0b,0x02,0x02,0x7e,
    0xfe,0xff,0x88,0xbf,0x1c,0x82,0x1b,0x84,0x1b,0x80,0x06,0xed,0x00,0x00,0x80,0x00,
    0x00,0x00,0x00,0x00,0x7c,0x80,0x05,0xed,0x03,0x00,0x00,0x00,0x00,0x00,0x00,0x00,
    0x00,0x20,0x00,0xf4,0x04,0x00,0x00,0xf8,0xff,0x00,0x36,0x36,0xff,0x03,0x00,0x00,
    0x01,0x00,0x10,0xd6,0x00,0x15,0x29,0x02,0x00,0x00,0x10,0xd6,0x00,0x29,0x29,0x02,
    0x17,0x00,0x01,0xd5,0x80,0x02,0x69,0x00,0x7e,0x1a,0x6a,0x91,0x00,0x00,0xc7,0xbf,
    0x00,0x90,0x00,0x85,0x01,0x02,0x02,0x16,0x00,0x01,0x00,0x96,0x19,0xc1,0x01,0x8d,
    0xfe,0xff,0x88,0xbf,0x06,0x00,0x2c,0xd7,0x00,0x36,0x02,0x00,0x80,0x00,0x80,0xbe,
    0x91,0x00,0x87,0xbf,0x14,0x00,0x55,0xd6,0x06,0x03,0x02,0x04,0x00,0x00,0x2c,0xd7,
    0x14,0x19,0x01,0x00,0x01,0x00,0x87,0xbf,0x00,0x03,0x02,0x7e,0x35,0x02,0xa3,0xbf,
    0x18,0x00,0x01,0xd5,0x80,0x02,0x05,0x00,0x7e,0x01,0x6a,0x91,0x18,0xc1,0x01,0x8d,
    0x3a,0x02,0xa3,0xbf,0xfe,0xff,0x88,0xbf,0x19,0x00,0x01,0xd5,0x80,0x02,0x05,0x00,
    0x7e,0x01,0x6a,0x91,0x07,0xc1,0x01,0x8d,0x3e,0x02,0xa3,0xbf,0xfe,0xff,0x88,0xbf,
    0x1e,0x00,0x01,0xd5,0x80,0x02,0x05,0x00,0x7e,0x01,0x6a,0x91,0x06,0x00,0xa4,0xbf,
    0xfe,0xff,0x88,0xbf,0x01,0x00,0x46,0xd6,0x00,0x04,0x01,0x04,0x0f,0x02,0x0c,0x7e,
    0x00,0x00,0x34,0xd8,0x01,0x06,0x00,0x00,0x01,0x00,0x85,0xbf,0x01,0x43,0x00,0xf4,
    0x00,0x00,0x00,0xf8,0x01,0x26,0x00,0xf4,0x10,0x00,0x00,0xf8,0x08,0x00,0xd8,0xd8,
    0x00,0x00,0x00,0x1c,0x00,0x01,0xdc,0xd8,0x00,0x00,0x00,0x06,0x00,0x00,0xc0,0xbf,
    0x00,0x00,0x41,0xd4,0x80,0x08,0x02,0x00,0x80,0x00,0x82,0xbe,0x80,0x02,0x10,0x7e,
    0x80,0x02,0x12,0x7e,0x00,0x20,0x81,0xbe,0xf4,0x00,0xa5,0xbf,0xc1,0x00,0x83,0xbe,
    0x09,0x00,0x87,0xbf,0x03,0x81,0x03,0x81,0xfe,0xff,0x88,0xbf,0x03,0x9f,0x08,0xbf,
    0x03,0x02,0x00,0x7e,0xc1,0x80,0x07,0x98,0x81,0x03,0x1a,0x84,0xfe,0xff,0x88,0xbf,
    0x1a,0x08,0x9c,0x7c,0x07,0x6a,0x07,0x8c,0x99,0x04,0x87,0xbf,0x7e,0x07,0x07,0x8b,
    0x07,0x02,0x02,0x8c,0xfe,0xff,0x88,0xbf,0x7e,0x02,0x7e,0x91,0xf0,0xff,0xa6,0xbf,
    0x7e,0x02,0x7e,0x8c,0x08,0x00,0x1f,0xd5,0x00,0x03,0x01,0x00,0x80,0x02,0x00,0x7e,
    0x7e,0x00,0x82,0xbe,0x92,0x00,0x87,0xbf,0x08,0x09,0x02,0x4c,0x80,0x00,0xba,0x7d,
    0xfe,0xff,0x88,0xbf,0x7e,0x02,0x02,0x8d,0xb0,0x00,0xa5,0xbf,0x04,0x0d,0x00,0x7e,
    0x0f,0x03,0x01,0xd7,0x80,0x08,0x02,0x00,0xff,0xf1,0x88,0xbf,0x10,0x7c,0x21,0xd5,
    0x80,0x00,0x0d,0x00,0x80,0x00,0x00,0x58,0x00,0x00,0x80,0x4f,0x91,0x02,0x87,0xbf,
    0x00,0x55,0x00,0x7e,0xff,0x00,0x00,0x10,0xfc,0xff,0x7f,0x5f,0x91,0x00,0x87,0xbf,
    0xff,0x00,0x10,0x10,0x00,0x00,0x80,0x2f,0x08,0x43,0x10,0x7e,0x21,0x01,0x87,0xbf,
    0x08,0x01,0x00,0x58,0x00,0x00,0x80,0xcf,0x08,0x0f,0x22,0x7e,0x00,0x0f,0x00,0x7e,
    0x12,0x01,0x87,0xbf,0x0a,0x00,0x2c,0xd7,0x0f,0x23,0x02,0x00,0x0b,0x00,0x2c,0xd7,
    0x10,0x01,0x02,0x00,0x08,0x7c,0xfe,0xd6,0x0f,0x01,0x02,0x02,0x11,0x01,0x87,0xbf,
    0x0d,0x00,0x55,0xd6,0x09,0x15,0x2e,0x04,0x12,0x00,0x2d,0xd7,0x00,0x11,0x02,0x00,
    0x0b,0x7c,0xfe,0xd6,0x11,0x11,0x02,0x02,0x23,0x01,0x87,0xbf,0x09,0x7c,0xfe,0xd6,
    0x00,0x1b,0x02,0x02,0x0d,0x7c,0xfe,0xd6,0x11,0x1b,0x02,0x02,0x08,0x6a,0x00,0xd7,
    0x12,0x13,0x02,0x00,0x11,0x01,0x87,0xbf,0x09,0x7c,0x20,0xd5,0x80,0x14,0xaa,0x01,
    0x08,0x6a,0x00,0xd7,0x08,0x17,0x02,0x00,0xfd,0xff,0x88,0xbf,0x09,0x19,0x10,0x40,
    0xfd,0xff,0x88,0xbf,0x80,0x1c,0x12,0x40,0x02,0x00,0x87,0xbf,0x08,0x6a,0x00,0xd7,
    0x08,0x1b,0x02,0x00,0xfd,0xff,0x88,0xbf,0x09,0x7c,0x20,0xd5,0x80,0x12,0xaa,0x01,
    0x00,0x6a,0x00,0xd7,0x00,0x11,0x02,0x00,0xfd,0xff,0x88,0xbf,0x11,0x7c,0x20,0xd5,
    0x11,0x13,0xaa,0x01,0x0a,0x00,0x2c,0xd7,0x10,0x01,0x02,0x00,0x08,0x7c,0xfe,0xd6,
    0x0f,0x01,0x02,0x02,0x13,0x01,0x87,0xbf,0x0b,0x00,0x2c,0xd7,0x0f,0x23,0x02,0x00,
    0x0f,0x00,0x2d,0xd7,0x00,0x11,0x02,0x00,0x22,0x01,0x87,0xbf,0x0d,0x00,0x55,0xd6,
    0x09,0x17,0x2a,0x04,0x0b,0x7c,0xfe,0xd6,0x11,0x11,0x02,0x02,0x09,0x7c,0xfe,0xd6,
    0x00,0x1b,0x02,0x02,0x0d,0x7c,0xfe,0xd6,0x11,0x1b,0x02,0x02,0x02,0x00,0x87,0xbf,
    0x08,0x6a,0x00,0xd7,0x0f,0x13,0x02,0x00,0xfd,0xff,0x88,0xbf,0x09,0x7c,0x20,0xd5,
    0x80,0x14,0xaa,0x01,0x08,0x6a,0x00,0xd7,0x08,0x17,0x02,0x00,0xfd,0xff,0x88,0xbf,
    0x09,0x19,0x10,0x40,0xfd,0xff,0x88,0xbf,0x80,0x1c,0x12,0x40,0x02,0x00,0x87,0xbf,
    0x08,0x6a,0x00,0xd7,0x08,0x1b,0x02,0x00,0xfd,0xff,0x88,0xbf,0x09,0x7c,0x20,0xd5,
    0x80,0x12,0xaa,0x01,0x00,0x6a,0x00,0xd7,0x00,0x11,0x02,0x00,0xfd,0xff,0x88,0xbf,
    0x0c,0x7c,0x20,0xd5,0x11,0x13,0xaa,0x01,0x0e,0x00,0x2d,0xd7,0x80,0x00,0x02,0x00,
    0x0a,0x7c,0xfe,0xd6,0x01,0x01,0x02,0x02,0x23,0x01,0x87,0xbf,0x08,0x7c,0xfe,0xd6,
    0x80,0x18,0x02,0x02,0x0c,0x7c,0xfe,0xd6,0x01,0x19,0x02,0x02,0x00,0x6a,0x00,0xd7,
    0x0e,0x11,0x02,0x00,0xfd,0xff,0x88,0xbf,0x08,0x7c,0x20,0xd5,0x80,0x12,0xaa,0x01,
    0x00,0x6a,0x00,0xd7,0x00,0x15,0x02,0x00,0xfd,0xff,0x88,0xbf,0x08,0x17,0x00,0x40,
    0xfd,0xff,0x88,0xbf,0x80,0x1a,0x10,0x40,0xc2,0x00,0x87,0xbf,0x0b,0x6a,0x00,0xd7,
    0x00,0x19,0x02,0x00,0xfd,0xff,0x88,0xbf,0x0c,0x7c,0x20,0xd5,0x80,0x10,0xaa,0x01,
    0x08,0x7c,0xfe,0xd6,0x04,0x17,0x02,0x02,0x09,0x03,0x00,0x7e,0x91,0x01,0x87,0xbf,
    0x09,0x7c,0xfe,0xd6,0x04,0x19,0x02,0x04,0x00,0x6a,0x01,0xd7,0x80,0x10,0x02,0x00,
    0xfd,0xff,0x88,0xbf,0x01,0x7c,0x21,0xd5,0x01,0x13,0xaa,0x01,0x08,0x6a,0x01,0xd7,
    0x00,0x09,0x02,0x00,0xfd,0xff,0x88,0xbf,0x09,0x7c,0x22,0xd5,0x80,0x02,0xaa,0x01,
    0x08,0x09,0x9c,0x7c,0xfd,0xff,0x88,0xbf,0x08,0x00,0x01,0xd5,0x80,0x82,0xa9,0x01,
    0x0a,0x6a,0x00,0xd7,0x0b,0x05,0x01,0x00,0xfd,0xff,0x88,0xbf,0x0d,0x7c,0x20,0xd5,
    0x80,0x18,0xaa,0x01,0x00,0x09,0x9c,0x7c,0xfd,0xff,0x88,0xbf,0x00,0x00,0x01,0xd5,
    0x80,0x82,0xa9,0x01,0x80,0x12,0x94,0x7c,0xfd,0xff,0x88,0xbf,0xc1,0x10,0x10,0x02,
    0x09,0x6a,0x00,0xd7,0x0b,0x03,0x01,0x00,0xfd,0xff,0x88,0xbf,0x0c,0x7c,0x20,0xd5,
    0x80,0x18,0xaa,0x01,0x80,0x02,0x94,0x7c,0xfd,0xff,0x88,0xbf,0xc1,0x00,0x00,0x02,
    0x80,0x10,0x9a,0x7c,0xfd,0xff,0x88,0xbf,0x09,0x15,0x02,0x02,0x23,0x01,0x87,0xbf,
    0x80,0x00,0x9a,0x7c,0xfd,0xff,0x88,0xbf,0x0b,0x03,0x10,0x02,0xfe,0xff,0x88,0xbf,
    0x02,0x30,0x82,0xbe,0x21,0x00,0xa5,0xbf,0x04,0x0d,0x00,0x7e,0x80,0x08,0x02,0x4c,
    0x92,0x02,0x87,0xbf,0x00,0x57,0x00,0x7e,0xff,0x00,0x00,0x10,0xfe,0xff,0x7f,0x4f,
    0x91,0x00,0x87,0xbf,0x00,0x0f,0x00,0x7e,0x01,0x00,0x2c,0xd7,0x01,0x01,0x02,0x00,
    0x91,0x00,0x87,0xbf,0x01,0x00,0x2d,0xd7,0x00,0x03,0x02,0x00,0x00,0x03,0x00,0x4a,
    0x91,0x00,0x87,0xbf,0x00,0x00,0x2d,0xd7,0x80,0x00,0x02,0x00,0x01,0x00,0x2c,0xd7,
    0x00,0x09,0x02,0x00,0x81,0x00,0x10,0x4a,0x92,0x00,0x87,0xbf,0x80,0x02,0x02,0x4c,
    0x01,0x09,0x12,0x4c,0x01,0x09,0x9c,0x7c,0xfd,0xff,0x88,0xbf,0x92,0x00,0x87,0xbf,
    0x01,0x13,0x52,0xca,0x00,0x11,0x00,0x01,0x01,0x09,0x9c,0x7c,0xa2,0x00,0x87,0xbf,
    0x81,0x00,0x10,0x4a,0xfd,0xff,0x88,0xbf,0x00,0x11,0x10,0x02,0xfe,0xff,0x88,0xbf,
    0x7e,0x02,0x7e,0x8c,0x01,0x00,0x87,0xbf,0x81,0x10,0x10,0x4a,0xfe,0xff,0x88,0xbf,
    0x7e,0x01,0x7e,0x8c,0x21,0x00,0x01,0xd5,0x81,0x0a,0x12,0x00,0x80,0x00,0x83,0xbe,
    0x80,0x02,0x12,0x7e,0x80,0x02,0x14,0x7e,0x03,0x00,0x87,0xbf,0x01,0x00,0x41,0xd4,
    0x80,0x42,0x02,0x00,0x01,0x20,0x82,0xbe,0xf5,0x00,0xa5,0xbf,0xc1,0x00,0x87,0xbe,
    0x09,0x00,0x87,0xbf,0x07,0x81,0x07,0x81,0xfe,0xff,0x88,0xbf,0x07,0x9f,0x08,0xbf,
    0x07,0x02,0x00,0x7e,0xc1,0x80,0x1a,0x98,0x81,0x07,0x1b,0x84,0xfe,0xff,0x88,0xbf,
    0x1b,0x42,0x9c,0x7c,0x1a,0x6a,0x1a,0x8c,0xfe,0xff,0x88,0xbf,0x7e,0x1a,0x1a,0x8b,
    0xfe,0xff,0x88,0xbf,0x1a,0x03,0x03,0x8c,0xfe,0xff,0x88,0xbf,0x7e,0x03,0x7e,0x91,
    0xef,0xff,0xa6,0xbf,0x7e,0x03,0x7e,0x8c,0x09,0x00,0x1f,0xd5,0x00,0x03,0x01,0x00,
    0x80,0x02,0x00,0x7e,0x7e,0x00,0x83,0xbe,0x92,0x00,0x87,0xbf,0x09,0x43,0x02,0x4c,
    0x80,0x00,0xba,0x7d,0xfe,0xff,0x88,0xbf,0x7e,0x03,0x03,0x8d,0xb0,0x00,0xa5,0xbf,
    0x21,0x0d,0x00,0x7e,0x10,0x07,0x01,0xd7,0x80,0x42,0x02,0x00,0xff,0xf1,0x88,0xbf,
    0x11,0x7c,0x21,0xd5,0x80,0x00,0x1d,0x00,0x80,0x00,0x00,0x58,0x00,0x00,0x80,0x4f,
    0x91,0x02,0x87,0xbf,0x00,0x55,0x00,0x7e,0xff,0x00,0x00,0x10,0xfc,0xff,0x7f,0x5f,
    0x91,0x00,0x87,0xbf,0xff,0x00,0x0a,0x10,0x00,0x00,0x80,0x2f,0x05,0x43,0x0a,0x7e,
    0x21,0x01,0x87,0xbf,0x05,0x01,0x00,0x58,0x00,0x00,0x80,0xcf,0x05,0x0f,0x0a,0x7e,
    0x00,0x0f,0x00,0x7e,0x12,0x01,0x87,0xbf,0x0b,0x00,0x2c,0xd7,0x10,0x0b,0x02,0x00,
    0x0c,0x00,0x2c,0xd7,0x11,0x01,0x02,0x00,0x09,0x7c,0xfe,0xd6,0x10,0x01,0x02,0x02,
    0x11,0x01,0x87,0xbf,0x0e,0x00,0x55,0xd6,0x0a,0x17,0x32,0x04,0x12,0x00,0x2d,0xd7,
    0x00,0x13,0x02,0x00,0x0c,0x7c,0xfe,0xd6,0x05,0x13,0x02,0x02,0x23,0x01,0x87,0xbf,
    0x0a,0x7c,0xfe,0xd6,0x00,0x1d,0x02,0x02,0x0e,0x7c,0xfe,0xd6,0x05,0x1d,0x02,0x02,
    0x09,0x6a,0x00,0xd7,0x12,0x15,0x02,0x00,0xfd,0xff,0x88,0xbf,0x0a,0x7c,0x20,0xd5,
    0x80,0x16,0xaa,0x01,0x09,0x6a,0x00,0xd7,0x09,0x19,0x02,0x00,0xfd,0xff,0x88,0xbf,
    0x0a,0x1b,0x12,0x40,0xfd,0xff,0x88,0xbf,0x80,0x1e,0x14,0x40,0x02,0x00,0x87,0xbf,
    0x09,0x6a,0x00,0xd7,0x09,0x1d,0x02,0x00,0xfd,0xff,0x88,0xbf,0x0a,0x7c,0x20,0xd5,
    0x80,0x14,0xaa,0x01,0x00,0x6a,0x00,0xd7,0x00,0x13,0x02,0x00,0xfd,0xff,0x88,0xbf,
    0x05,0x7c,0x20,0xd5,0x05,0x15,0xaa,0x01,0x0b,0x00,0x2c,0xd7,0x11,0x01,0x02,0x00,
    0x09,0x7c,0xfe,0xd6,0x10,0x01,0x02,0x02,0x13,0x01,0x87,0xbf,0x0c,0x00,0x2c,0xd7,
    0x10,0x0b,0x02,0x00,0x10,0x00,0x2d,0xd7,0x00,0x13,0x02,0x00,0x22,0x01,0x87,0xbf,
    0x0e,0x00,0x55,0xd6,0x0a,0x19,0x2e,0x04,0x0c,0x7c,0xfe,0xd6,0x05,0x13,0x02,0x02,
    0x0a,0x7c,0xfe,0xd6,0x00,0x1d,0x02,0x02,0x0e,0x7c,0xfe,0xd6,0x05,0x1d,0x02,0x02,
    0x02,0x00,0x87,0xbf,0x09,0x6a,0x00,0xd7,0x10,0x15,0x02,0x00,0xfd,0xff,0x88,0xbf,
    0x0a,0x7c,0x20,0xd5,0x80,0x16,0xaa,0x01,0x09,0x6a,0x00,0xd7,0x09,0x19,0x02,0x00,
    0xfd,0xff,0x88,0xbf,0x0a,0x1b,0x12,0x40,0xfd,0xff,0x88,0xbf,0x80,0x1e,0x14,0x40,
    0x02,0x00,0x87,0xbf,0x09,0x6a,0x00,0xd7,0x09,0x1d,0x02,0x00,0xfd,0xff,0x88,0xbf,
    0x0a,0x7c,0x20,0xd5,0x80,0x14,0xaa,0x01,0x00,0x6a,0x00,0xd7,0x00,0x13,0x02,0x00,
    0xfd,0xff,0x88,0xbf,0x05,0x7c,0x20,0xd5,0x05,0x15,0xaa,0x01,0x0f,0x00,0x2d,0xd7,
    0x80,0x00,0x02,0x00,0x0b,0x7c,0xfe,0xd6,0x01,0x01,0x02,0x02,0x23,0x01,0x87,0xbf,
    0x09,0x7c,0xfe,0xd6,0x80,0x0a,0x02,0x02,0x0d,0x7c,0xfe,0xd6,0x01,0x0b,0x02,0x02,
    0x00,0x6a,0x00,0xd7,0x0f,0x13,0x02,0x00,0xfd,0xff,0x88,0xbf,0x05,0x7c,0x20,0xd5,
    0x80,0x14,0xaa,0x01,0x00,0x6a,0x00,0xd7,0x00,0x17,0x02,0x00,0xfd,0xff,0x88,0xbf,
    0x05,0x19,0x00,0x40,0xfd,0xff,0x88,0xbf,0x80,0x1c,0x0a,0x40,0xc2,0x00,0x87,0xbf,
    0x0c,0x6a,0x00,0xd7,0x00,0x1b,0x02,0x00,0xfd,0xff,0x88,0xbf,0x05,0x7c,0x20,0xd5,
    0x80,0x0a,0xaa,0x01,0x09,0x7c,0xfe,0xd6,0x21,0x19,0x02,0x02,0x0a,0x03,0x00,0x7e,
    0x91,0x01,0x87,0xbf,0x0a,0x7c,0xfe,0xd6,0x21,0x0b,0x02,0x04,0x00,0x6a,0x01,0xd7,
    0x80,0x12,0x02,0x00,0xfd,0xff,0x88,0xbf,0x01,0x7c,0x21,0xd5,0x01,0x15,0xaa,0x01,
    0x09,0x6a,0x01,0xd7,0x00,0x43,0x02,0x00,0xfd,0xff,0x88,0xbf,0x0a,0x7c,0x22,0xd5,
    0x80,0x02,0xaa,0x01,0x09,0x43,0x9c,0x7c,0xfd,0xff,0x88,0xbf,0x09,0x00,0x01,0xd5,
    0x80,0x82,0xa9,0x01,0x0b,0x6a,0x00,0xd7,0x0c,0x05,0x01,0x00,0xfd,0xff,0x88,0xbf,
    0x0d,0x7c,0x20,0xd5,0x80,0x0a,0xaa,0x01,0x00,0x43,0x9c,0x7c,0xfd,0xff,0x88,0xbf,
    0x00,0x00,0x01,0xd5,0x80,0x82,0xa9,0x01,0x80,0x14,0x94,0x7c,0xfd,0xff,0x88,0xbf,
    0xc1,0x12,0x12,0x02,0x0a,0x6a,0x00,0xd7,0x0c,0x03,0x01,0x00,0xfd,0xff,0x88,0xbf,
    0x05,0x7c,0x20,0xd5,0x80,0x0a,0xaa,0x01,0x80,0x02,0x94,0x7c,0xfd,0xff,0x88,0xbf,
    0xc1,0x00,0x00,0x02,0x80,0x12,0x9a,0x7c,0xfd,0xff,0x88,0xbf,0x0a,0x17,0x02,0x02,
    0x23,0x01,0x87,0xbf,0x80,0x00,0x9a,0x7c,0xfd,0xff,0x88,0xbf,0x0c,0x03,0x12,0x02,
    0xfe,0xff,0x88,0xbf,0x03,0x30,0x83,0xbe,0x21,0x00,0xa5,0xbf,0x21,0x0d,0x00,0x7e,
    0x80,0x42,0x02,0x4c,0x92,0x02,0x87,0xbf,0x00,0x57,0x00,0x7e,0xff,0x00,0x00,0x10,
    0xfe,0xff,0x7f,0x4f,0x91,0x00,0x87,0xbf,0x00,0x0f,0x00,0x7e,0x01,0x00,0x2c,0xd7,
    0x01,0x01,0x02,0x00,0x91,0x00,0x87,0xbf,0x01,0x00,0x2d,0xd7,0x00,0x03,0x02,0x00,
    0x00,0x03,0x00,0x4a,0x91,0x00,0x87,0xbf,0x00,0x00,0x2d,0xd7,0x80,0x00,0x02,0x00,
    0x01,0x00,0x2c,0xd7,0x00,0x43,0x02,0x00,0x81,0x00,0x0a,0x4a,0x92,0x00,0x87,0xbf,
    0x80,0x02,0x02,0x4c,0x01,0x43,0x12,0x4c,0x01,0x43,0x9c,0x7c,0xfd,0xff,0x88,0xbf,
    0x22,0x01,0x87,0xbf,0x01,0x13,0x02,0x02,0x00,0x0b,0x00,0x02,0x01,0x43,0x9c,0x7c,
    0xa2,0x00,0x87,0xbf,0x81,0x00,0x0a,0x4a,0xfd,0xff,0x88,0xbf,0x00,0x0b,0x12,0x02,
    0xfe,0xff,0x88,0xbf,0x7e,0x03,0x7e,0x8c,0x01,0x00,0x87,0xbf,0x81,0x12,0x12,0x4a,
    0xfe,0xff,0x88,0xbf,0x7e,0x02,0x7e,0x8c,0x02,0x00,0x41,0xd4,0x80,0x40,0x02,0x00,
    0x80,0x00,0x87,0xbe,0x80,0x02,0x14,0x7e,0x80,0x02,0x16,0x7e,0x02,0x20,0x83,0xbe,
    0x30,0x00,0xa6,0xbf,0xfe,0xff,0x88,0xbf,0x7e,0x03,0x7e,0x8c,0x80,0x02,0x46,0x7e,
    0x00,0x20,0x83,0xbe,0x24,0x01,0xa6,0xbf,0xfe,0xff,0x88,0xbf,0x7e,0x03,0x7e,0x8c,
    0x80,0x02,0x4a,0x7e,0x01,0x20,0x80,0xbe,0x38,0x01,0xa6,0xbf,0xfe,0xff,0x88,0xbf,
    0x7e,0x00,0x7e,0x8c,0x80,0x02,0x4c,0x7e,0x02,0x20,0x80,0xbe,0x4c,0x01,0xa6,0xbf,
    0x5f,0x01,0xa0,0xbf,0x0c,0x00,0x20,0xca,0x84,0x00,0x00,0x06,0x81,0x00,0x80,0xbe,
    0x00,0x00,0x34,0xd8,0x00,0x06,0x00,0x00,0x18,0x00,0x01,0xd5,0x80,0x02,0x05,0x00,
    0x7e,0x01,0x6a,0x91,0x18,0xc1,0x01,0x8d,0xc6,0xfd,0xa4,0xbf,0x0d,0x02,0x0c,0x7e,
    0xfe,0xff,0x88,0xbf,0x00,0x81,0x00,0x81,0x00,0x00,0x34,0xd8,0x01,0x06,0x00,0x00,
    0x19,0x00,0x01,0xd5,0x80,0x02,0x05,0x00,0x7e,0x01,0x6a,0x91,0x07,0xc1,0x01,0x8d,
    0xc2,0xfd,0xa4,0xbf,0xfe,0xff,0x88,0xbf,0x01,0x00,0x46,0xd6,0x00,0x04,0x01,0x04,
    0x0e,0x02,0x0c,0x7e,0x00,0x81,0x00,0x81,0x00,0x00,0x34,0xd8,0x01,0x06,0x00,0x00,
    0x1e,0x00,0x01,0xd5,0x80,0x02,0x05,0x00,0x7e,0x01,0x6a,0x91,0xbc,0xfd,0xa3,0xbf,
    0xc1,0xfd,0xa0,0xbf,0xc1,0x00,0x9a,0xbe,0xfe,0xff,0x88,0xbf,0x1a,0x81,0x1a,0x81,
    0xfe,0xff,0x88,0xbf,0x1a,0x9f,0x08,0xbf,0x1a,0x02,0x00,0x7e,0xc1,0x80,0x1b,0x98,
    0x81,0x1a,0x1c,0x84,0xfe,0xff,0x88,0xbf,0x1c,0x40,0x9c,0x7c,0x1b,0x6a,0x1b,0x8c,
    0xfe,0xff,0x88,0xbf,0x7e,0x1b,0x1b,0x8b,0xfe,0xff,0x88,0xbf,0x1b,0x07,0x07,0x8c,
    0xfe,0xff,0x88,0xbf,0x7e,0x07,0x7e,0x91,0xef,0xff,0xa6,0xbf,0x7e,0x07,0x7e,0x8c,
    0x0a,0x00,0x1f,0xd5,0x00,0x03,0x01,0x00,0x80,0x02,0x00,0x7e,0x7e,0x00,0x87,0xbe,
    0x92,0x00,0x87,0xbf,0x0a,0x41,0x02,0x4c,0x80,0x00,0xba,0x7d,0xfe,0xff,0x88,0xbf,
    0x7e,0x07,0x07,0x8d,0xb0,0x00,0xa5,0xbf,0x20,0x0d,0x00,0x7e,0x11,0x1a,0x01,0xd7,
    0x80,0x40,0x02,0x00,0xff,0xf1,0x88,0xbf,0x12,0x7c,0x21,0xd5,0x80,0x00,0x69,0x00,
    0x80,0x00,0x00,0x58,0x00,0x00,0x80,0x4f,0x91,0x02,0x87,0xbf,0x00,0x55,0x00,0x7e,
    0xff,0x00,0x00,0x10,0xfc,0xff,0x7f,0x5f,0x91,0x00,0x87,0xbf,0xff,0x00,0x0a,0x10,
    0x00,0x00,0x80,0x2f,0x05,0x43,0x0a,0x7e,0x21,0x01,0x87,0xbf,0x05,0x01,0x00,0x58,
    0x00,0x00,0x80,0xcf,0x05,0x0f,0x0a,0x7e,0x00,0x0f,0x00,0x7e,0x12,0x01,0x87,0xbf,
    0x0c,0x00,0x2c,0xd7,0x11,0x0b,0x02,0x00,0x0d,0x00,0x2c,0xd7,0x12,0x01,0x02,0x00,
    0x0a,0x7c,0xfe,0xd6,0x11,0x01,0x02,0x02,0x11,0x01,0x87,0xbf,0x0f,0x00,0x55,0xd6,
    0x0b,0x19,0x36,0x04,0x15,0x00,0x2d,0xd7,0x00,0x15,0x02,0x00,0x0d,0x7c,0xfe,0xd6,
    0x05,0x15,0x02,0x02,0x23,0x01,0x87,0xbf,0x0b,0x7c,0xfe,0xd6,0x00,0x1f,0x02,0x02,
    0x0f,0x7c,0xfe,0xd6,0x05,0x1f,0x02,0x02,0x0a,0x6a,0x00,0xd7,0x15,0x17,0x02,0x00,
    0xfd,0xff,0x88,0xbf,0x0b,0x7c,0x20,0xd5,0x80,0x18,0xaa,0x01,0x0a,0x6a,0x00,0xd7,
    0x0a,0x1b,0x02,0x00,0xfd,0xff,0x88,0xbf,0x0b,0x1d,0x14,0x40,0xfd,0xff,0x88,0xbf,
    0x80,0x20,0x16,0x40,0x02,0x00,0x87,0xbf,0x0a,0x6a,0x00,0xd7,0x0a,0x1f,0x02,0x00,
    0xfd,0xff,0x88,0xbf,0x0b,0x7c,0x20,0xd5,0x80,0x16,0xaa,0x01,0x00,0x6a,0x00,0xd7,
    0x00,0x15,0x02,0x00,0xfd,0xff,0x88,0xbf,0x05,0x7c,0x20,0xd5,0x05,0x17,0xaa,0x01,
    0x0c,0x00,0x2c,0xd7,0x12,0x01,0x02,0x00,0x0a,0x7c,0xfe,0xd6,0x11,0x01,0x02,0x02,
    0x13,0x01,0x87,0xbf,0x0d,0x00,0x2c,0xd7,0x11,0x0b,0x02,0x00,0x11,0x00,0x2d,0xd7,
    0x00,0x15,0x02,0x00,0x22,0x01,0x87,0xbf,0x0f,0x00,0x55,0xd6,0x0b,0x1b,0x32,0x04,
    0x0d,0x7c,0xfe,0xd6,0x05,0x15,0x02,0x02,0x0b,0x7c,0xfe,0xd6,0x00,0x1f,0x02,0x02,
    0x0f,0x7c,0xfe,0xd6,0x05,0x1f,0x02,0x02,0x02,0x00,0x87,0xbf,0x0a,0x6a,0x00,0xd7,
    0x11,0x17,0x02,0x00,0xfd,0xff,0x88,0xbf,0x0b,0x7c,0x20,0xd5,0x80,0x18,0xaa,0x01,
    0x0a,0x6a,0x00,0xd7,0x0a,0x1b,0x02,0x00,0xfd,0xff,0x88,0xbf,0x0b,0x1d,0x14,0x40,
    0xfd,0xff,0x88,0xbf,0x80,0x20,0x16,0x40,0x02,0x00,0x87,0xbf,0x0a,0x6a,0x00,0xd7,
    0x0a,0x1f,0x02,0x00,0xfd,0xff,0x88,0xbf,0x0b,0x7c,0x20,0xd5,0x80,0x16,0xaa,0x01,
    0x00,0x6a,0x00,0xd7,0x00,0x15,0x02,0x00,0xfd,0xff,0x88,0xbf,0x05,0x7c,0x20,0xd5,
    0x05,0x17,0xaa,0x01,0x10,0x00,0x2d,0xd7,0x80,0x00,0x02,0x00,0x0c,0x7c,0xfe,0xd6,
    0x01,0x01,0x02,0x02,0x23,0x01,0x87,0xbf,0x0a,0x7c,0xfe,0xd6,0x80,0x0a,0x02,0x02,
    0x0e,0x7c,0xfe,0xd6,0x01,0x0b,0x02,0x02,0x00,0x6a,0x00,0xd7,0x10,0x15,0x02,0x00,
    0xfd,0xff,0x88,0xbf,0x05,0x7c,0x20,0xd5,0x80,0x16,0xaa,0x01,0x00,0x6a,0x00,0xd7,
    0x00,0x19,0x02,0x00,0xfd,0xff,0x88,0xbf,0x05,0x1b,0x00,0x40,0xfd,0xff,0x88,0xbf,
    0x80,0x1e,0x0a,0x40,0xc2,0x00,0x87,0xbf,0x0d,0x6a,0x00,0xd7,0x00,0x1d,0x02,0x00,
    0xfd,0xff,0x88,0xbf,0x05,0x7c,0x20,0xd5,0x80,0x0a,0xaa,0x01,0x0a,0x7c,0xfe,0xd6,
    0x20,0x1b,0x02,0x02,0x0b,0x03,0x00,0x7e,0x91,0x01,0x87,0xbf,0x0b,0x7c,0xfe,0xd6,
    0x20,0x0b,0x02,0x04,0x00,0x6a,0x01,0xd7,0x80,0x14,0x02,0x00,0xfd,0xff,0x88,0xbf,
    0x01,0x7c,0x21,0xd5,0x01,0x17,0xaa,0x01,0x0a,0x6a,0x01,0xd7,0x00,0x41,0x02,0x00,
    0xfd,0xff,0x88,0xbf,0x0b,0x7c,0x22,0xd5,0x80,0x02,0xaa,0x01,0x0a,0x41,0x9c,0x7c,
    0xfd,0xff,0x88,0xbf,0x0a,0x00,0x01,0xd5,0x80,0x82,0xa9,0x01,0x0c,0x6a,0x00,0xd7,
    0x0d,0x05,0x01,0x00,0xfd,0xff,0x88,0xbf,0x0e,0x7c,0x20,0xd5,0x80,0x0a,0xaa,0x01,
    0x00,0x41,0x9c,0x7c,0xfd,0xff,0x88,0xbf,0x00,0x00,0x01,0xd5,0x80,0x82,0xa9,0x01,
    0x80,0x16,0x94,0x7c,0xfd,0xff,0x88,0xbf,0xc1,0x14,0x14,0x02,0x0b,0x6a,0x00,0xd7,
    0x0d,0x03,0x01,0x00,0xfd,0xff,0x88,0xbf,0x05,0x7c,0x20,0xd5,0x80,0x0a,0xaa,0x01,
    0x80,0x02,0x94,0x7c,0xfd,0xff,0x88,0xbf,0xc1,0x00,0x00,0x02,0x80,0x14,0x9a,0x7c,
    0xfd,0xff,0x88,0xbf,0x0b,0x19,0x02,0x02,0x23,0x01,0x87,0xbf,0x80,0x00,0x9a,0x7c,
    0xfd,0xff,0x88,0xbf,0x0d,0x03,0x14,0x02,0xfe,0xff,0x88,0xbf,0x07,0x30,0x87,0xbe,
    0x21,0x00,0xa5,0xbf,0x20,0x0d,0x00,0x7e,0x80,0x40,0x02,0x4c,0x92,0x02,0x87,0xbf,
    0x00,0x57,0x00,0x7e,0xff,0x00,0x00,0x10,0xfe,0xff,0x7f,0x4f,0x91,0x00,0x87,0xbf,
    0x00,0x0f,0x00,0x7e,0x01,0x00,0x2c,0xd7,0x01,0x01,0x02,0x00,0x91,0x00,0x87,0xbf,
    0x01,0x00,0x2d,0xd7,0x00,0x03,0x02,0x00,0x00,0x03,0x00,0x4a,0x91,0x00,0x87,0xbf,
    0x00,0x00,0x2d,0xd7,0x80,0x00,0x02,0x00,0x01,0x00,0x2c,0xd7,0x00,0x41,0x02,0x00,
    0x81,0x00,0x0a,0x4a,0x92,0x00,0x87,0xbf,0x80,0x02,0x02,0x4c,0x01,0x41,0x14,0x4c,
    0x01,0x41,0x9c,0x7c,0xfd,0xff,0x88,0xbf,0x92,0x00,0x87,0xbf,0x01,0x15,0x52,0xca,
    0x00,0x0b,0x00,0x01,0x01,0x41,0x9c,0x7c,0xa2,0x00,0x87,0xbf,0x81,0x00,0x0a,0x4a,
    0xfd,0xff,0x88,0xbf,0x00,0x0b,0x14,0x02,0xfe,0xff,0x88,0xbf,0x7e,0x07,0x7e,0x8c,
    0x01,0x00,0x87,0xbf,0x81,0x14,0x14,0x4a,0x7e,0x03,0x7e,0x8c,0x80,0x02,0x46,0x7e,
    0x00,0x20,0x83,0xbe,0xdc,0xfe,0xa5,0xbf,0xc1,0x00,0x87,0xbe,0x80,0x00,0x80,0xbe,
    0xfe,0xff,0x88,0xbf,0x07,0x81,0x07,0x81,0xfe,0xff,0x88,0xbf,0x07,0x9f,0x08,0xbf,
    0x07,0x02,0x46,0x7e,0xc1,0x80,0x1a,0x98,0x81,0x07,0x1b,0x84,0xfe,0xff,0x88,0xbf,
    0x1b,0x08,0x9c,0x7c,0x1a,0x6a,0x1a,0x8c,0xfe,0xff,0x88,0xbf,0x7e,0x1a,0x1a,0x8b,
    0xfe,0xff,0x88,0xbf,0x1a,0x00,0x00,0x8c,0xfe,0xff,0x88,0xbf,0x7e,0x00,0x7e,0x91,
    0xef,0xff,0xa6,0xbf,0x7e,0x00,0x7e,0x8c,0x09,0x00,0x87,0xbf,0x7e,0x03,0x7e,0x8c,
    0x80,0x02,0x4a,0x7e,0x01,0x20,0x80,0xbe,0xc8,0xfe,0xa5,0xbf,0xc1,0x00,0x83,0xbe,
    0x80,0x00,0x81,0xbe,0xfe,0xff,0x88,0xbf,0x03,0x81,0x03,0x81,0xfe,0xff,0x88,0xbf,
    0x03,0x9f,0x08,0xbf,0x03,0x02,0x4a,0x7e,0xc1,0x80,0x07,0x98,0x81,0x03,0x1a,0x84,
    0xfe,0xff,0x88,0xbf,0x1a,0x42,0x9c,0x7c,0x07,0x6a,0x07,0x8c,0xfe,0xff,0x88,0xbf,
    0x7e,0x07,0x07,0x8b,0xfe,0xff,0x88,0xbf,0x07,0x01,0x01,0x8c,0xfe,0xff,0x88,0xbf,
    0x7e,0x01,0x7e,0x91,0xef,0xff,0xa6,0xbf,0x7e,0x01,0x7e,0x8c,0x09,0x00,0x87,0xbf,
    0x7e,0x00,0x7e,0x8c,0x80,0x02,0x4c,0x7e,0x02,0x20,0x80,0xbe,0x14,0x00,0xa5,0xbf,
    0xc1,0x00,0x82,0xbe,0x80,0x00,0x81,0xbe,0xfe,0xff,0x88,0xbf,0x02,0x81,0x02,0x81,
    0xfe,0xff,0x88,0xbf,0x02,0x9f,0x08,0xbf,0x02,0x02,0x4c,0x7e,0xc1,0x80,0x03,0x98,
    0x81,0x02,0x07,0x84,0xfe,0xff,0x88,0xbf,0x07,0x40,0x9c,0x7c,0x03,0x6a,0x03,0x8c,
    0xfe,0xff,0x88,0xbf,0x7e,0x03,0x03,0x8b,0xfe,0xff,0x88,0xbf,0x03,0x01,0x01,0x8c,
    0xfe,0xff,0x88,0xbf,0x7e,0x01,0x7e,0x91,0xef,0xff,0xa6,0xbf,0x7e,0x01,0x7e,0x8c,
    0xfe,0xff,0x88,0xbf,0x7e,0x00,0x7e,0x8c,0x81,0x26,0x9a,0x7c,0x81,0x02,0x44,0x7e,
    0x81,0x02,0x48,0x7e,0x06,0x00,0xa4,0xbf,0x05,0x82,0x00,0x84,0xfe,0xff,0x88,0xbf,
    0x00,0x8c,0x00,0x81,0x00,0x00,0x05,0xed,0x24,0x00,0x00,0x00,0x00,0x00,0x00,0x00,
    0x81,0x26,0x9a,0x7c,0x06,0x00,0xa4,0xbf,0x05,0x82,0x00,0x84,0xfe,0xff,0x88,0xbf,
    0x00,0xac,0x00,0x81,0x00,0x00,0x05,0xed,0x22,0x00,0x00,0x00,0x00,0x00,0x00,0x00,
    0x06,0xac,0x00,0x81,0x00,0x7c,0xfe,0xd6,0x14,0x19,0xfd,0x03,0x00,0x0c,0x00,0x00,
    0x00,0x00,0x05,0xed,0x05,0x00,0x00,0x00,0x00,0x00,0x00,0x00,0x81,0x2e,0x9a,0x7c,
    0x80,0x00,0x80,0xbe,0x00,0x03,0x02,0x7e,0x41,0x02,0xa3,0xbf,0x81,0x30,0x9a,0x7c,
    0x46,0x02,0xa3,0xbf,0x81,0x32,0x9a,0x7c,0x4b,0x02,0xa3,0xbf,0x81,0x3c,0x9a,0x7c,
    0x06,0x00,0xa4,0xbf,0xfe,0xff,0x88,0xbf,0x01,0x00,0x46,0xd6,0x00,0x04,0x01,0x04,
    0x0b,0x02,0x16,0x7e,0x00,0x00,0x34,0xd8,0x01,0x0b,0x00,0x00,0x08,0x00,0xd8,0xd8,
    0x00,0x00,0x00,0x11,0x00,0x01,0xdc,0xd8,0x00,0x00,0x00,0x0b,0x00,0x7c,0xfe,0xd6,
    0x14,0x19,0xfd,0x03,0x00,0x18,0x00,0x00,0x81,0x2e,0x9a,0x7c,0x80,0x00,0x80,0xbe,
    0x02,0x00,0x87,0xbf,0x00,0x03,0x02,0x7e,0x41,0x02,0xa3,0xbf,0x81,0x30,0x9a,0x7c,
    0x46,0x02,0xa3,0xbf,0x81,0x32,0x9a,0x7c,0x4b,0x02,0xa3,0xbf,0x81,0x3c,0x9a,0x7c,
    0x06,0x00,0xa4,0xbf,0xfe,0xff,0x88,0xbf,0x01,0x00,0x46,0xd6,0x00,0x04,0x01,0x04,
    0x13,0x02,0x1a,0x7e,0x00,0x00,0x34,0xd8,0x01,0x0d,0x00,0x00,0x08,0x00,0xd8,0xd8,
    0x00,0x00,0x00,0x1d,0x00,0x01,0xdc,0xd8,0x00,0x00,0x00,0x0d,0x02,0x00,0xc6,0xbf,
    0x00,0x00,0x41,0xd4,0x80,0x18,0x02,0x00,0x80,0x00,0x82,0xbe,0x80,0x02,0x1e,0x7e,
    0x80,0x02,0x20,0x7e,0xfe,0xff,0x88,0xbf,0x00,0x20,0x81,0xbe,0xf5,0x00,0xa5,0xbf,
    0xc1,0x00,0x83,0xbe,0xfe,0xff,0x88,0xbf,0x03,0x81,0x03,0x81,0xfe,0xff,0x88,0xbf,
    0x03,0x9f,0x08,0xbf,0x03,0x02,0x00,0x7e,0xc1,0x80,0x07,0x98,0x81,0x03,0x10,0x84,
    0xfe,0xff,0x88,0xbf,0x10,0x18,0x9c,0x7c,0x07,0x6a,0x07,0x8c,0xfe,0xff,0x88,0xbf,
    0x7e,0x07,0x07,0x8b,0xfe,0xff,0x88,0xbf,0x07,0x02,0x02,0x8c,0xfe,0xff,0x88,0xbf,
    0x7e,0x02,0x7e,0x91,0xef,0xff,0xa6,0xbf,0x7e,0x02,0x7e,0x8c,0x0f,0x00,0x1f,0xd5,
    0x00,0x03,0x01,0x00,0x80,0x02,0x00,0x7e,0x7e,0x00,0x82,0xbe,0x92,0x00,0x87,0xbf,
    0x0f,0x19,0x02,0x4c,0x80,0x00,0xba,0x7d,0xfe,0xff,0x88,0xbf,0x7e,0x02,0x02,0x8d,
    0xb0,0x00,0xa5,0xbf,0x0c,0x0d,0x00,0x7e,0x12,0x03,0x01,0xd7,0x80,0x18,0x02,0x00,
    0xff,0xf1,0x88,0xbf,0x29,0x7c,0x21,0xd5,0x80,0x00,0x0d,0x00,0x80,0x00,0x00,0x58,
    0x00,0x00,0x80,0x4f,0x91,0x02,0x87,0xbf,0x00,0x55,0x00,0x7e,0xff,0x00,0x00,0x10,
    0xfc,0xff,0x7f,0x5f,0x91,0x00,0x87,0xbf,0xff,0x00,0x1e,0x10,0x00,0x00,0x80,0x2f,
    0x0f,0x43,0x1e,0x7e,0x21,0x01,0x87,0xbf,0x0f,0x01,0x00,0x58,0x00,0x00,0x80,0xcf,
    0x0f,0x0f,0x54,0x7e,0x00,0x0f,0x00,0x7e,0x12,0x01,0x87,0xbf,0x15,0x00,0x2c,0xd7,
    0x12,0x55,0x02,0x00,0x16,0x00,0x2c,0xd7,0x29,0x01,0x02,0x00,0x0f,0x7c,0xfe,0xd6,
    0x12,0x01,0x02,0x02,0x11,0x01,0x87,0xbf,0x27,0x00,0x55,0xd6,0x10,0x2b,0x5a,0x04,
    0x2b,0x00,0x2d,0xd7,0x00,0x1f,0x02,0x00,0x0f,0x7c,0xfe,0xd6,0x2a,0x1f,0x02,0x02,
    0x23,0x01,0x87,0xbf,0x15,0x7c,0xfe,0xd6,0x00,0x4f,0x02,0x02,0x27,0x7c,0xfe,0xd6,
    0x2a,0x4f,0x02,0x02,0x15,0x6a,0x00,0xd7,0x2b,0x2b,0x02,0x00,0xfd,0xff,0x88,0xbf,
    0x16,0x7c,0x20,0xd5,0x80,0x2c,0xaa,0x01,0x0f,0x6a,0x00,0xd7,0x15,0x1f,0x02,0x00,
    0xfd,0xff,0x88,0xbf,0x16,0x21,0x1e,0x40,0xfd,0xff,0x88,0xbf,0x80,0x50,0x20,0x40,
    0x02,0x00,0x87,0xbf,0x0f,0x6a,0x00,0xd7,0x0f,0x4f,0x02,0x00,0xfd,0xff,0x88,0xbf,
    0x10,0x7c,0x20,0xd5,0x80,0x20,0xaa,0x01,0x00,0x6a,0x00,0xd7,0x00,0x1f,0x02,0x00,
    0xfd,0xff,0x88,0xbf,0x2a,0x7c,0x20,0xd5,0x2a,0x21,0xaa,0x01,0x15,0x00,0x2c,0xd7,
    0x29,0x01,0x02,0x00,0x0f,0x7c,0xfe,0xd6,0x12,0x01,0x02,0x02,0x13,0x01,0x87,0xbf,
    0x12,0x00,0x2c,0xd7,0x12,0x55,0x02,0x00,0x29,0x00,0x2d,0xd7,0x00,0x1f,0x02,0x00,
    0x22,0x01,0x87,0xbf,0x12,0x00,0x55,0xd6,0x10,0x25,0x56,0x04,0x0f,0x7c,0xfe,0xd6,
    0x2a,0x1f,0x02,0x02,0x15,0x7c,0xfe,0xd6,0x00,0x25,0x02,0x02,0x27,0x7c,0xfe,0xd6,
    0x2a,0x25,0x02,0x02,0x02,0x00,0x87,0xbf,0x12,0x6a,0x00,0xd7,0x29,0x2b,0x02,0x00,
    0xfd,0xff,0x88,0xbf,0x15,0x7c,0x20,0xd5,0x80,0x2c,0xaa,0x01,0x0f,0x6a,0x00,0xd7,
    0x12,0x1f,0x02,0x00,0xfd,0xff,0x88,0xbf,0x15,0x21,0x1e,0x40,0xfd,0xff,0x88,0xbf,
    0x80,0x50,0x20,0x40,0x02,0x00,0x87,0xbf,0x0f,0x6a,0x00,0xd7,0x0f,0x4f,0x02,0x00,
    0xfd,0xff,0x88,0xbf,0x10,0x7c,0x20,0xd5,0x80,0x20,0xaa,0x01,0x00,0x6a,0x00,0xd7,
    0x00,0x1f,0x02,0x00,0xfd,0xff,0x88,0xbf,0x12,0x7c,0x20,0xd5,0x2a,0x21,0xaa,0x01,
    0x29,0x00,0x2d,0xd7,0x80,0x00,0x02,0x00,0x15,0x7c,0xfe,0xd6,0x01,0x01,0x02,0x02,
    0x23,0x01,0x87,0xbf,0x0f,0x7c,0xfe,0xd6,0x80,0x24,0x02,0x02,0x27,0x7c,0xfe,0xd6,
    0x01,0x25,0x02,0x02,0x00,0x6a,0x00,0xd7,0x29,0x1f,0x02,0x00,0xfd,0xff,0x88,0xbf,
    0x0f,0x7c,0x20,0xd5,0x80,0x20,0xaa,0x01,0x00,0x6a,0x00,0xd7,0x00,0x2b,0x02,0x00,
    0xfd,0xff,0x88,0xbf,0x0f,0x2d,0x00,0x40,0xfd,0xff,0x88,0xbf,0x80,0x50,0x1e,0x40,
    0xc2,0x00,0x87,0xbf,0x12,0x6a,0x00,0xd7,0x00,0x4f,0x02,0x00,0xfd,0xff,0x88,0xbf,
    0x27,0x7c,0x20,0xd5,0x80,0x1e,0xaa,0x01,0x0f,0x7c,0xfe,0xd6,0x0c,0x25,0x02,0x02,
    0x10,0x03,0x00,0x7e,0x91,0x01,0x87,0xbf,0x15,0x7c,0xfe,0xd6,0x0c,0x4f,0x02,0x04,
    0x00,0x6a,0x01,0xd7,0x80,0x1e,0x02,0x00,0xfd,0xff,0x88,0xbf,0x01,0x7c,0x21,0xd5,
    0x01,0x2b,0xaa,0x01,0x0f,0x6a,0x01,0xd7,0x00,0x19,0x02,0x00,0xfd,0xff,0x88,0xbf,
    0x10,0x7c,0x22,0xd5,0x80,0x02,0xaa,0x01,0x0f,0x19,0x9c,0x7c,0xfd,0xff,0x88,0xbf,
    0x0f,0x00,0x01,0xd5,0x80,0x82,0xa9,0x01,0x15,0x6a,0x00,0xd7,0x12,0x05,0x01,0x00,
    0xfd,0xff,0x88,0xbf,0x16,0x7c,0x20,0xd5,0x80,0x4e,0xaa,0x01,0x00,0x19,0x9c,0x7c,
    0xfd,0xff,0x88,0xbf,0x00,0x00,0x01,0xd5,0x80,0x82,0xa9,0x01,0x80,0x20,0x94,0x7c,
    0xfd,0xff,0x88,0xbf,0xc1,0x1e,0x1e,0x02,0x10,0x6a,0x00,0xd7,0x12,0x03,0x01,0x00,
    0xfd,0xff,0x88,0xbf,0x16,0x7c,0x20,0xd5,0x80,0x4e,0xaa,0x01,0x80,0x02,0x94,0x7c,
    0xfd,0xff,0x88,0xbf,0xc1,0x00,0x00,0x02,0x80,0x1e,0x9a,0x7c,0xfd,0xff,0x88,0xbf,
    0x10,0x2b,0x02,0x02,0x23,0x01,0x87,0xbf,0x80,0x00,0x9a,0x7c,0xfd,0xff,0x88,0xbf,
    0x12,0x03,0x1e,0x02,0xfe,0xff,0x88,0xbf,0x02,0x30,0x82,0xbe,0x21,0x00,0xa5,0xbf,
    0x0c,0x0d,0x00,0x7e,0x80,0x18,0x02,0x4c,0x92,0x02,0x87,0xbf,0x00,0x57,0x00,0x7e,
    0xff,0x00,0x00,0x10,0xfe,0xff,0x7f,0x4f,0x91,0x00,0x87,0xbf,0x00,0x0f,0x00,0x7e,
    0x01,0x00,0x2c,0xd7,0x01,0x01,0x02,0x00,0x91,0x00,0x87,0xbf,0x01,0x00,0x2d,0xd7,
    0x00,0x03,0x02,0x00,0x00,0x03,0x00,0x4a,0x91,0x00,0x87,0xbf,0x00,0x00,0x2d,0xd7,
    0x80,0x00,0x02,0x00,0x01,0x00,0x2c,0xd7,0x00,0x19,0x02,0x00,0x81,0x00,0x1e,0x4a,
    0x92,0x00,0x87,0xbf,0x80,0x02,0x02,0x4c,0x01,0x19,0x20,0x4c,0x01,0x19,0x9c,0x7c,
    0xfd,0xff,0x88,0xbf,0x92,0x00,0x87,0xbf,0x01,0x21,0x52,0xca,0x00,0x1f,0x00,0x01,
    0x01,0x19,0x9c,0x7c,0xa2,0x00,0x87,0xbf,0x81,0x00,0x1e,0x4a,0xfd,0xff,0x88,0xbf,
    0x00,0x1f,0x1e,0x02,0xfe,0xff,0x88,0xbf,0x7e,0x02,0x7e,0x8c,0x01,0x00,0x87,0xbf,
    0x81,0x1e,0x1e,0x4a,0xfe,0xff,0x88,0xbf,0x7e,0x01,0x7e,0x8c,0x27,0x00,0x01,0xd5,
    0x81,0x22,0x12,0x00,0x80,0x00,0x83,0xbe,0x80,0x02,0x20,0x7e,0x80,0x02,0x22,0x7e,
    0x03,0x00,0x87,0xbf,0x01,0x00,0x41,0xd4,0x80,0x4e,0x02,0x00,0x01,0x20,0x82,0xbe,
    0xf5,0x00,0xa5,0xbf,0xc1,0x00,0x87,0xbe,0xfe,0xff,0x88,0xbf,0x07,0x81,0x07,0x81,
    0xfe,0xff,0x88,0xbf,0x07,0x9f,0x08,0xbf,0x07,0x02,0x00,0x7e,0xc1,0x80,0x10,0x98,
    0x81,0x07,0x11,0x84,0xfe,0xff,0x88,0xbf,0x11,0x4e,0x9c,0x7c,0x10,0x6a,0x10,0x8c,
    0xfe,0xff,0x88,0xbf,0x7e,0x10,0x10,0x8b,0xfe,0xff,0x88,0xbf,0x10,0x03,0x03,0x8c,
    0xfe,0xff,0x88,0xbf,0x7e,0x03,0x7e,0x91,0xef,0xff,0xa6,0xbf,0x7e,0x03,0x7e,0x8c,
    0x10,0x00,0x1f,0xd5,0x00,0x03,0x01,0x00,0x80,0x02,0x00,0x7e,0x7e,0x00,0x83,0xbe,
    0x92,0x00,0x87,0xbf,0x10,0x4f,0x02,0x4c,0x80,0x00,0xba,0x7d,0xfe,0xff,0x88,0xbf,
    0x7e,0x03,0x03,0x8d,0xb0,0x00,0xa5,0xbf,0x27,0x0d,0x00,0x7e,0x2a,0x07,0x01,0xd7,
    0x80,0x4e,0x02,0x00,0xff,0xf1,0x88,0xbf,0x2b,0x7c,0x21,0xd5,0x80,0x00,0x1d,0x00,
    0x80,0x00,0x00,0x58,0x00,0x00,0x80,0x4f,0x91,0x02,0x87,0xbf,0x00,0x55,0x00,0x7e,
    0xff,0x00,0x00,0x10,0xfc,0xff,0x7f,0x5f,0x91,0x00,0x87,0xbf,0xff,0x00,0x20,0x10,
    0x00,0x00,0x80,0x2f,0x10,0x43,0x20,0x7e,0x21,0x01,0x87,0xbf,0x10,0x01,0x00,0x58,
    0x00,0x00,0x80,0xcf,0x10,0x0f,0x58,0x7e,0x00,0x0f,0x00,0x7e,0x12,0x01,0x87,0xbf,
    0x12,0x00,0x2c,0xd7,0x2a,0x59,0x02,0x00,0x15,0x00,0x2c,0xd7,0x2b,0x01,0x02,0x00,
    0x10,0x7c,0xfe,0xd6,0x2a,0x01,0x02,0x02,0x11,0x01,0x87,0xbf,0x28,0x00,0x55,0xd6,
    0x11,0x25,0x56,0x04,0x2d,0x00,0x2d,0xd7,0x00,0x21,0x02,0x00,0x15,0x7c,0xfe,0xd6,
    0x2c,0x21,0x02,0x02,0x23,0x01,0x87,0xbf,0x11,0x7c,0xfe,0xd6,0x00,0x51,0x02,0x02,
    0x28,0x7c,0xfe,0xd6,0x2c,0x51,0x02,0x02,0x10,0x6a,0x00,0xd7,0x2d,0x23,0x02,0x00,
    0xfd,0xff,0x88,0xbf,0x11,0x7c,0x20,0xd5,0x80,0x24,0xaa,0x01,0x10,0x6a,0x00,0xd7,
    0x10,0x2b,0x02,0x00,0xfd,0xff,0x88,0xbf,0x11,0x2d,0x20,0x40,0xfd,0xff,0x88,0xbf,
    0x80,0x52,0x22,0x40,0x02,0x00,0x87,0xbf,0x10,0x6a,0x00,0xd7,0x10,0x51,0x02,0x00,
    0xfd,0xff,0x88,0xbf,0x11,0x7c,0x20,0xd5,0x80,0x22,0xaa,0x01,0x00,0x6a,0x00,0xd7,
    0x00,0x21,0x02,0x00,0xfd,0xff,0x88,0xbf,0x2c,0x7c,0x20,0xd5,0x2c,0x23,0xaa,0x01,
    0x12,0x00,0x2c,0xd7,0x2b,0x01,0x02,0x00,0x10,0x7c,0xfe,0xd6,0x2a,0x01,0x02,0x02,
    0x13,0x01,0x87,0xbf,0x15,0x00,0x2c,0xd7,0x2a,0x59,0x02,0x00,0x2a,0x00,0x2d,0xd7,
    0x00,0x21,0x02,0x00,0x22,0x01,0x87,0xbf,0x28,0x00,0x55,0xd6,0x11,0x2b,0x4a,0x04,
    0x15,0x7c,0xfe,0xd6,0x2c,0x21,0x02,0x02,0x11,0x7c,0xfe,0xd6,0x00,0x51,0x02,0x02,
    0x28,0x7c,0xfe,0xd6,0x2c,0x51,0x02,0x02,0x02,0x00,0x87,0xbf,0x10,0x6a,0x00,0xd7,
    0x2a,0x23,0x02,0x00,0xfd,0xff,0x88,0xbf,0x11,0x7c,0x20,0xd5,0x80,0x24,0xaa,0x01,
    0x10,0x6a,0x00,0xd7,0x10,0x2b,0x02,0x00,0xfd,0xff,0x88,0xbf,0x11,0x2d,0x20,0x40,
    0xfd,0xff,0x88,0xbf,0x80,0x52,0x22,0x40,0x02,0x00,0x87,0xbf,0x10,0x6a,0x00,0xd7,
    0x10,0x51,0x02,0x00,0xfd,0xff,0x88,0xbf,0x11,0x7c,0x20,0xd5,0x80,0x22,0xaa,0x01,
    0x00,0x6a,0x00,0xd7,0x00,0x21,0x02,0x00,0xfd,0xff,0x88,0xbf,0x12,0x7c,0x20,0xd5,
    0x2c,0x23,0xaa,0x01,0x2a,0x00,0x2d,0xd7,0x80,0x00,0x02,0x00,0x15,0x7c,0xfe,0xd6,
    0x01,0x01,0x02,0x02,0x23,0x01,0x87,0xbf,0x10,0x7c,0xfe,0xd6,0x80,0x24,0x02,0x02,
    0x28,0x7c,0xfe,0xd6,0x01,0x25,0x02,0x02,0x00,0x6a,0x00,0xd7,0x2a,0x21,0x02,0x00,
    0xfd,0xff,0x88,0xbf,0x10,0x7c,0x20,0xd5,0x80,0x22,0xaa,0x01,0x00,0x6a,0x00,0xd7,
    0x00,0x2b,0x02,0x00,0xfd,0xff,0x88,0xbf,0x10,0x2d,0x00,0x40,0xfd,0xff,0x88,0xbf,
    0x80,0x52,0x20,0x40,0xc2,0x00,0x87,0xbf,0x15,0x6a,0x00,0xd7,0x00,0x51,0x02,0x00,
    0xfd,0xff,0x88,0xbf,0x16,0x7c,0x20,0xd5,0x80,0x20,0xaa,0x01,0x10,0x7c,0xfe,0xd6,
    0x27,0x2b,0x02,0x02,0x11,0x03,0x00,0x7e,0x91,0x01,0x87,0xbf,0x11,0x7c,0xfe,0xd6,
    0x27,0x2d,0x02,0x04,0x00,0x6a,0x01,0xd7,0x80,0x20,0x02,0x00,0xfd,0xff,0x88,0xbf,
    0x01,0x7c,0x21,0xd5,0x01,0x23,0xaa,0x01,0x10,0x6a,0x01,0xd7,0x00,0x4f,0x02,0x00,
    0xfd,0xff,0x88,0xbf,0x11,0x7c,0x22,0xd5,0x80,0x02,0xaa,0x01,0x10,0x4f,0x9c,0x7c,
    0xfd,0xff,0x88,0xbf,0x10,0x00,0x01,0xd5,0x80,0x82,0xa9,0x01,0x12,0x6a,0x00,0xd7,
    0x15,0x05,0x01,0x00,0xfd,0xff,0x88,0xbf,0x28,0x7c,0x20,0xd5,0x80,0x2c,0xaa,0x01,
    0x00,0x4f,0x9c,0x7c,0xfd,0xff,0x88,0xbf,0x00,0x00,0x01,0xd5,0x80,0x82,0xa9,0x01,
    0x80,0x22,0x94,0x7c,0xfd,0xff,0x88,0xbf,0xc1,0x20,0x20,0x02,0x11,0x6a,0x00,0xd7,
    0x15,0x03,0x01,0x00,0xfd,0xff,0x88,0xbf,0x16,0x7c,0x20,0xd5,0x80,0x2c,0xaa,0x01,
    0x80,0x02,0x94,0x7c,0xfd,0xff,0x88,0xbf,0xc1,0x00,0x00,0x02,0x80,0x20,0x9a,0x7c,
    0xfd,0xff,0x88,0xbf,0x11,0x25,0x02,0x02,0x23,0x01,0x87,0xbf,0x80,0x00,0x9a,0x7c,
    0xfd,0xff,0x88,0xbf,0x15,0x03,0x20,0x02,0xfe,0xff,0x88,0xbf,0x03,0x30,0x83,0xbe,
    0x21,0x00,0xa5,0xbf,0x27,0x0d,0x00,0x7e,0x80,0x4e,0x02,0x4c,0x92,0x02,0x87,0xbf,
    0x00,0x57,0x00,0x7e,0xff,0x00,0x00,0x10,0xfe,0xff,0x7f,0x4f,0x91,0x00,0x87,0xbf,
    0x00,0x0f,0x00,0x7e,0x01,0x00,0x2c,0xd7,0x01,0x01,0x02,0x00,0x91,0x00,0x87,0xbf,
    0x01,0x00,0x2d,0xd7,0x00,0x03,0x02,0x00,0x00,0x03,0x00,0x4a,0x91,0x00,0x87,0xbf,
    0x00,0x00,0x2d,0xd7,0x80,0x00,0x02,0x00,0x01,0x00,0x2c,0xd7,0x00,0x4f,0x02,0x00,
    0x81,0x00,0x20,0x4a,0x92,0x00,0x87,0xbf,0x80,0x02,0x02,0x4c,0x01,0x4f,0x22,0x4c,
    0x01,0x4f,0x9c,0x7c,0xfd,0xff,0x88,0xbf,0x92,0x00,0x87,0xbf,0x01,0x23,0x52,0xca,
    0x00,0x21,0x00,0x01,0x01,0x4f,0x9c,0x7c,0xa2,0x00,0x87,0xbf,0x81,0x00,0x20,0x4a,
    0xfd,0xff,0x88,0xbf,0x00,0x21,0x20,0x02,0xfe,0xff,0x88,0xbf,0x7e,0x03,0x7e,0x8c,
    0x01,0x00,0x87,0xbf,0x81,0x20,0x20,0x4a,0xfe,0xff,0x88,0xbf,0x7e,0x02,0x7e,0x8c,
    0x01,0x00,0xc0,0xbf,0x02,0x00,0x41,0xd4,0x80,0x48,0x02,0x00,0x80,0x00,0x87,0xbe,
    0x80,0x02,0x2a,0x7e,0x80,0x02,0x2c,0x7e,0x02,0x20,0x83,0xbe,0x40,0x00,0xa6,0xbf,
    0xfe,0xff,0x88,0xbf,0x7e,0x03,0x7e,0x8c,0x80,0x02,0x54,0x7e,0x00,0x20,0x83,0xbe,
    0x34,0x01,0xa6,0xbf,0xfe,0xff,0x88,0xbf,0x7e,0x03,0x7e,0x8c,0x80,0x02,0x56,0x7e,
    0x01,0x20,0x80,0xbe,0x48,0x01,0xa6,0xbf,0xfe,0xff,0x88,0xbf,0x7e,0x00,0x7e,0x8c,
    0x80,0x02,0x58,0x7e,0x02,0x20,0x80,0xbe,0x5c,0x01,0xa6,0xbf,0x6f,0x01,0xa0,0xbf,
    0x08,0x02,0x16,0x7e,0x84,0x00,0x02,0x4a,0x81,0x00,0x80,0xbe,0x00,0x00,0x34,0xd8,
    0x00,0x0b,0x00,0x00,0x81,0x30,0x9a,0x7c,0xba,0xfd,0xa4,0xbf,0x09,0x02,0x16,0x7e,
    0xfe,0xff,0x88,0xbf,0x00,0x81,0x00,0x81,0x00,0x00,0x34,0xd8,0x01,0x0b,0x00,0x00,
    0x81,0x32,0x9a,0x7c,0xb5,0xfd,0xa4,0xbf,0xfe,0xff,0x88,0xbf,0x01,0x00,0x46,0xd6,
    0x00,0x04,0x01,0x04,0x0a,0x02,0x16,0x7e,0x00,0x81,0x00,0x81,0x00,0x00,0x34,0xd8,
    0x01,0x0b,0x00,0x00,0x81,0x3c,0x9a,0x7c,0xae,0xfd,0xa3,0xbf,0xb3,0xfd,0xa0,0xbf,
    0x10,0x02,0x1a,0x7e,0x84,0x00,0x02,0x4a,0x81,0x00,0x80,0xbe,0x00,0x00,0x34,0xd8,
    0x00,0x0d,0x00,0x00,0x81,0x30,0x9a,0x7c,0xba,0xfd,0xa4,0xbf,0x11,0x02,0x1a,0x7e,
    0xfe,0xff,0x88,0xbf,0x00,0x81,0x00,0x81,0x00,0x00,0x34,0xd8,0x01,0x0d,0x00,0x00,
    0x81,0x32,0x9a,0x7c,0xb5,0xfd,0xa4,0xbf,0xfe,0xff,0x88,0xbf,0x01,0x00,0x46,0xd6,
    0x00,0x04,0x01,0x04,0x12,0x02,0x1a,0x7e,0x00,0x81,0x00,0x81,0x00,0x00,0x34,0xd8,
    0x01,0x0d,0x00,0x00,0x81,0x3c,0x9a,0x7c,0xae,0xfd,0xa3,0xbf,0xb3,0xfd,0xa0,0xbf,
    0xc1,0x00,0x90,0xbe,0xfe,0xff,0x88,0xbf,0x10,0x81,0x10,0x81,0xfe,0xff,0x88,0xbf,
    0x10,0x9f,0x08,0xbf,0x10,0x02,0x00,0x7e,0xc1,0x80,0x11,0x98,0x81,0x10,0x12,0x84,
    0xfe,0xff,0x88,0xbf,0x12,0x48,0x9c,0x7c,0x11,0x6a,0x11,0x8c,0xfe,0xff,0x88,0xbf,
    0x7e,0x11,0x11,0x8b,0xfe,0xff,0x88,0xbf,0x11,0x07,0x07,0x8c,0xfe,0xff,0x88,0xbf,
    0x7e,0x07,0x7e,0x91,0xef,0xff,0xa6,0xbf,0x7e,0x07,0x7e,0x8c,0x11,0x00,0x1f,0xd5,
    0x00,0x03,0x01,0x00,0x80,0x02,0x00,0x7e,0x7e,0x00,0x87,0xbe,0x92,0x00,0x87,0xbf,
    0x11,0x49,0x02,0x4c,0x80,0x00,0xba,0x7d,0xfe,0xff,0x88,0xbf,0x7e,0x07,0x07,0x8d,
    0xb0,0x00,0xa5,0xbf,0x24,0x0d,0x00,0x7e,0x2a,0x10,0x01,0xd7,0x80,0x48,0x02,0x00,
    0xff,0xf1,0x88,0xbf,0x2b,0x7c,0x21,0xd5,0x80,0x00,0x41,0x00,0x80,0x00,0x00,0x58,
    0x00,0x00,0x80,0x4f,0x91,0x02,0x87,0xbf,0x00,0x55,0x00,0x7e,0xff,0x00,0x00,0x10,
    0xfc,0xff,0x7f,0x5f,0x91,0x00,0x87,0xbf,0xff,0x00,0x22,0x10,0x00,0x00,0x80,0x2f,
    0x11,0x43,0x22,0x7e,0x21,0x01,0x87,0xbf,0x11,0x01,0x00,0x58,0x00,0x00,0x80,0xcf,
    0x11,0x0f,0x58,0x7e,0x00,0x0f,0x00,0x7e,0x12,0x01,0x87,0xbf,0x15,0x00,0x2c,0xd7,
    0x2a,0x59,0x02,0x00,0x16,0x00,0x2c,0xd7,0x2b,0x01,0x02,0x00,0x11,0x7c,0xfe,0xd6,
    0x2a,0x01,0x02,0x02,0x11,0x01,0x87,0xbf,0x28,0x00,0x55,0xd6,0x12,0x2b,0x5a,0x04,
    0x2d,0x00,0x2d,0xd7,0x00,0x23,0x02,0x00,0x11,0x7c,0xfe,0xd6,0x2c,0x23,0x02,0x02,
    0x23,0x01,0x87,0xbf,0x15,0x7c,0xfe,0xd6,0x00,0x51,0x02,0x02,0x28,0x7c,0xfe,0xd6,
    0x2c,0x51,0x02,0x02,0x15,0x6a,0x00,0xd7,0x2d,0x2b,0x02,0x00,0xfd,0xff,0x88,0xbf,
    0x16,0x7c,0x20,0xd5,0x80,0x2c,0xaa,0x01,0x11,0x6a,0x00,0xd7,0x15,0x23,0x02,0x00,
    0xfd,0xff,0x88,0xbf,0x16,0x25,0x22,0x40,0xfd,0xff,0x88,0xbf,0x80,0x52,0x24,0x40,
    0x02,0x00,0x87,0xbf,0x11,0x6a,0x00,0xd7,0x11,0x51,0x02,0x00,0xfd,0xff,0x88,0xbf,
    0x12,0x7c,0x20,0xd5,0x80,0x24,0xaa,0x01,0x00,0x6a,0x00,0xd7,0x00,0x23,0x02,0x00,
    0xfd,0xff,0x88,0xbf,0x2c,0x7c,0x20,0xd5,0x2c,0x25,0xaa,0x01,0x15,0x00,0x2c,0xd7,
    0x2b,0x01,0x02,0x00,0x11,0x7c,0xfe,0xd6,0x2a,0x01,0x02,0x02,0x13,0x01,0x87,0xbf,
    0x16,0x00,0x2c,0xd7,0x2a,0x59,0x02,0x00,0x2a,0x00,0x2d,0xd7,0x00,0x23,0x02,0x00,
    0x22,0x01,0x87,0xbf,0x28,0x00,0x55,0xd6,0x12,0x2d,0x56,0x04,0x11,0x7c,0xfe,0xd6,
    0x2c,0x23,0x02,0x02,0x15,0x7c,0xfe,0xd6,0x00,0x51,0x02,0x02,0x28,0x7c,0xfe,0xd6,
    0x2c,0x51,0x02,0x02,0x02,0x00,0x87,0xbf,0x15,0x6a,0x00,0xd7,0x2a,0x2b,0x02,0x00,
    0xfd,0xff,0x88,0xbf,0x16,0x7c,0x20,0xd5,0x80,0x2c,0xaa,0x01,0x11,0x6a,0x00,0xd7,
    0x15,0x23,0x02,0x00,0xfd,0xff,0x88,0xbf,0x16,0x25,0x22,0x40,0xfd,0xff,0x88,0xbf,
    0x80,0x52,0x24,0x40,0x02,0x00,0x87,0xbf,0x11,0x6a,0x00,0xd7,0x11,0x51,0x02,0x00,
    0xfd,0xff,0x88,0xbf,0x12,0x7c,0x20,0xd5,0x80,0x24,0xaa,0x01,0x00,0x6a,0x00,0xd7,
    0x00,0x23,0x02,0x00,0xfd,0xff,0x88,0xbf,0x28,0x7c,0x20,0xd5,0x2c,0x25,0xaa,0x01,
    0x2a,0x00,0x2d,0xd7,0x80,0x00,0x02,0x00,0x15,0x7c,0xfe,0xd6,0x01,0x01,0x02,0x02,
    0x23,0x01,0x87,0xbf,0x11,0x7c,0xfe,0xd6,0x80,0x50,0x02,0x02,0x28,0x7c,0xfe,0xd6,
    0x01,0x51,0x02,0x02,0x00,0x6a,0x00,0xd7,0x2a,0x23,0x02,0x00,0xfd,0xff,0x88,0xbf,
    0x11,0x7c,0x20,0xd5,0x80,0x24,0xaa,0x01,0x00,0x6a,0x00,0xd7,0x00,0x2b,0x02,0x00,
    0xfd,0xff,0x88,0xbf,0x11,0x2d,0x00,0x40,0xfd,0xff,0x88,0xbf,0x80,0x52,0x22,0x40,
    0xc2,0x00,0x87,0xbf,0x28,0x6a,0x00,0xd7,0x00,0x51,0x02,0x00,0xfd,0xff,0x88,0xbf,
    0x29,0x7c,0x20,0xd5,0x80,0x22,0xaa,0x01,0x11,0x7c,0xfe,0xd6,0x24,0x51,0x02,0x02,
    0x12,0x03,0x00,0x7e,0x91,0x01,0x87,0xbf,0x15,0x7c,0xfe,0xd6,0x24,0x53,0x02,0x04,
    0x00,0x6a,0x01,0xd7,0x80,0x22,0x02,0x00,0xfd,0xff,0x88,0xbf,0x01,0x7c,0x21,0xd5,
    0x01,0x2b,0xaa,0x01,0x11,0x6a,0x01,0xd7,0x00,0x49,0x02,0x00,0xfd,0xff,0x88,0xbf,
    0x12,0x7c,0x22,0xd5,0x80,0x02,0xaa,0x01,0x11,0x49,0x9c,0x7c,0xfd,0xff,0x88,0xbf,
    0x11,0x00,0x01,0xd5,0x80,0x82,0xa9,0x01,0x15,0x6a,0x00,0xd7,0x28,0x05,0x01,0x00,
    0xfd,0xff,0x88,0xbf,0x16,0x7c,0x20,0xd5,0x80,0x52,0xaa,0x01,0x00,0x49,0x9c,0x7c,
    0xfd,0xff,0x88,0xbf,0x00,0x00,0x01,0xd5,0x80,0x82,0xa9,0x01,0x80,0x24,0x94,0x7c,
    0xfd,0xff,0x88,0xbf,0xc1,0x22,0x22,0x02,0x12,0x6a,0x00,0xd7,0x28,0x03,0x01,0x00,
    0xfd,0xff,0x88,0xbf,0x16,0x7c,0x20,0xd5,0x80,0x52,0xaa,0x01,0x80,0x02,0x94,0x7c,
    0xfd,0xff,0x88,0xbf,0xc1,0x00,0x00,0x02,0x80,0x22,0x9a,0x7c,0xfd,0xff,0x88,0xbf,
    0x12,0x2b,0x02,0x02,0x23,0x01,0x87,0xbf,0x80,0x00,0x9a,0x7c,0xfd,0xff,0x88,0xbf,
    0x28,0x03,0x22,0x02,0xfe,0xff,0x88,0xbf,0x07,0x30,0x87,0xbe,0x21,0x00,0xa5,0xbf,
    0x24,0x0d,0x00,0x7e,0x80,0x48,0x02,0x4c,0x92,0x02,0x87,0xbf,0x00,0x57,0x00,0x7e,
    0xff,0x00,0x00,0x10,0xfe,0xff,0x7f,0x4f,0x91,0x00,0x87,0xbf,0x00,0x0f,0x00,0x7e,
    0x01,0x00,0x2c,0xd7,0x01,0x01,0x02,0x00,0x91,0x00,0x87,0xbf,0x01,0x00,0x2d,0xd7,
    0x00,0x03,0x02,0x00,0x00,0x03,0x00,0x4a,0x91,0x00,0x87,0xbf,0x00,0x00,0x2d,0xd7,
    0x80,0x00,0x02,0x00,0x01,0x00,0x2c,0xd7,0x00,0x49,0x02,0x00,0x81,0x00,0x22,0x4a,
    0x92,0x00,0x87,0xbf,0x80,0x02,0x02,0x4c,0x01,0x49,0x24,0x4c,0x01,0x49,0x9c,0x7c,
    0xfd,0xff,0x88,0xbf,0x92,0x00,0x87,0xbf,0x01,0x25,0x52,0xca,0x00,0x23,0x00,0x01,
    0x01,0x49,0x9c,0x7c,0xa2,0x00,0x87,0xbf,0x81,0x00,0x22,0x4a,0xfd,0xff,0x88,0xbf,
    0x00,0x23,0x22,0x02,0xfe,0xff,0x88,0xbf,0x7e,0x07,0x7e,0x8c,0x01,0x00,0x87,0xbf,
    0x81,0x22,0x2a,0x4a,0x7e,0x03,0x7e,0x8c,0x80,0x02,0x54,0x7e,0x00,0x20,0x83,0xbe,
    0xcc,0xfe,0xa5,0xbf,0xc1,0x00,0x87,0xbe,0x80,0x00,0x80,0xbe,0xfe,0xff,0x88,0xbf,
    0x07,0x81,0x07,0x81,0xfe,0xff,0x88,0xbf,0x07,0x9f,0x08,0xbf,0x07,0x02,0x54,0x7e,
    0xc1,0x80,0x10,0x98,0x81,0x07,0x11,0x84,0xfe,0xff,0x88,0xbf,0x11,0x18,0x9c,0x7c,
    0x10,0x6a,0x10,0x8c,0xfe,0xff,0x88,0xbf,0x7e,0x10,0x10,0x8b,0xfe,0xff,0x88,0xbf,
    0x10,0x00,0x00,0x8c,0xfe,0xff,0x88,0xbf,0x7e,0x00,0x7e,0x91,0xef,0xff,0xa6,0xbf,
    0x7e,0x00,0x7e,0x8c,0x09,0x00,0x87,0xbf,0x7e,0x03,0x7e,0x8c,0x80,0x02,0x56,0x7e,
    0x01,0x20,0x80,0xbe,0xb8,0xfe,0xa5,0xbf,0xc1,0x00,0x83,0xbe,0x80,0x00,0x81,0xbe,
    0xfe,0xff,0x88,0xbf,0x03,0x81,0x03,0x81,0xfe,0xff,0x88,0xbf,0x03,0x9f,0x08,0xbf,
    0x03,0x02,0x56,0x7e,0xc1,0x80,0x07,0x98,0x81,0x03,0x10,0x84,0xfe,0xff,0x88,0xbf,
    0x10,0x4e,0x9c,0x7c,0x07,0x6a,0x07,0x8c,0xfe,0xff,0x88,0xbf,0x7e,0x07,0x07,0x8b,
    0xfe,0xff,0x88,0xbf,0x07,0x01,0x01,0x8c,0xfe,0xff,0x88,0xbf,0x7e,0x01,0x7e,0x91,
    0xef,0xff,0xa6,0xbf,0x7e,0x01,0x7e,0x8c,0x09,0x00,0x87,0xbf,0x7e,0x00,0x7e,0x8c,
    0x80,0x02,0x58,0x7e,0x02,0x20,0x80,0xbe,0x14,0x00,0xa5,0xbf,0xc1,0x00,0x82,0xbe,
    0x80,0x00,0x81,0xbe,0xfe,0xff,0x88,0xbf,0x02,0x81,0x02,0x81,0xfe,0xff,0x88,0xbf,
    0x02,0x9f,0x08,0xbf,0x02,0x02,0x58,0x7e,0xc1,0x80,0x03,0x98,0x81,0x02,0x07,0x84,
    0xfe,0xff,0x88,0xbf,0x07,0x48,0x9c,0x7c,0x03,0x6a,0x03,0x8c,0xfe,0xff,0x88,0xbf,
    0x7e,0x03,0x03,0x8b,0xfe,0xff,0x88,0xbf,0x03,0x01,0x01,0x8c,0xfe,0xff,0x88,0xbf,
    0x7e,0x01,0x7e,0x91,0xef,0xff,0xa6,0xbf,0x7e,0x01,0x7e,0x8c,0xfe,0xff,0x88,0xbf,
    0x7e,0x00,0x7e,0x8c,0x81,0x26,0x9a,0x7c,0x81,0x00,0x10,0xca,0x81,0x00,0x28,0x28,
    0x06,0x00,0xa4,0xbf,0x05,0x82,0x00,0x84,0xfe,0xff,0x88,0xbf,0x00,0x8c,0x00,0x81,
    0x00,0x00,0x05,0xed,0x29,0x00,0x00,0x00,0x00,0x00,0x00,0x00,0x81,0x26,0x9a,0x7c,
    0x06,0x00,0xa4,0xbf,0x05,0x82,0x00,0x84,0xfe,0xff,0x88,0xbf,0x00,0xbc,0x00,0x81,
    0x00,0x00,0x05,0xed,0x28,0x00,0x00,0x00,0x00,0x00,0x00,0x00,0x06,0xbc,0x00,0x81,
    0x00,0x7c,0xfe,0xd6,0x14,0x19,0xfd,0x03,0x00,0x24,0x00,0x00,0x00,0x00,0x05,0xed,
    0x2e,0x00,0x00,0x00,0x00,0x00,0x00,0x00,0x81,0x2e,0x9a,0x7c,0x80,0x00,0x80,0xbe,
    0x00,0x03,0x02,0x7e,0x41,0x02,0xa3,0xbf,0x81,0x30,0x9a,0x7c,0x46,0x02,0xa3,0xbf,
    0x81,0x32,0x9a,0x7c,0x4b,0x02,0xa3,0xbf,0x81,0x3c,0x9a,0x7c,0x06,0x00,0xa4,0xbf,
    0xfe,0xff,0x88,0xbf,0x01,0x00,0x46,0xd6,0x00,0x04,0x01,0x04,0x0b,0x02,0x22,0x7e,
    0x00,0x00,0x34,0xd8,0x01,0x11,0x00,0x00,0x08,0x00,0xd8,0xd8,0x00,0x00,0x00,0x2d,
    0x00,0x01,0xdc,0xd8,0x00,0x00,0x00,0x11,0x00,0x7c,0xfe,0xd6,0x14,0x19,0xfd,0x03,
    0x00,0x30,0x00,0x00,0x81,0x2e,0x9a,0x7c,0x80,0x00,0x80,0xbe,0x02,0x00,0x87,0xbf,
    0x00,0x03,0x02,0x7e,0x41,0x02,0xa3,0xbf,0x81,0x30,0x9a,0x7c,0x46,0x02,0xa3,0xbf,
    0x81,0x32,0x9a,0x7c,0x4b,0x02,0xa3,0xbf,0x81,0x3c,0x9a,0x7c,0x06,0x00,0xa4,0xbf,
    0xfe,0xff,0x88,0xbf,0x01,0x00,0x46,0xd6,0x00,0x04,0x01,0x04,0x17,0x02,0x26,0x7e,
    0x00,0x00,0x34,0xd8,0x01,0x13,0x00,0x00,0x08,0x00,0xd8,0xd8,0x00,0x00,0x00,0x1e,
    0x00,0x01,0xdc,0xd8,0x00,0x00,0x00,0x13,0x02,0x00,0xc6,0xbf,0x00,0x00,0x41,0xd4,
    0x80,0x24,0x02,0x00,0x80,0x00,0x82,0xbe,0x80,0x02,0x2c,0x7e,0x80,0x02,0x2e,0x7e,
    0xfe,0xff,0x88,0xbf,0x00,0x20,0x81,0xbe,0xf5,0x00,0xa5,0xbf,0xc1,0x00,0x83,0xbe,
    0xfe,0xff,0x88,0xbf,0x03,0x81,0x03,0x81,0xfe,0xff,0x88,0xbf,0x03,0x9f,0x08,0xbf,
    0x03,0x02,0x00,0x7e,0xc1,0x80,0x05,0x98,0x81,0x03,0x06,0x84,0xfe,0xff,0x88,0xbf,
    0x06,0x24,0x9c,0x7c,0x05,0x6a,0x05,0x8c,0xfe,0xff,0x88,0xbf,0x7e,0x05,0x05,0x8b,
    0xfe,0xff,0x88,0xbf,0x05,0x02,0x02,0x8c,0xfe,0xff,0x88,0xbf,0x7e,0x02,0x7e,0x91,
    0xef,0xff,0xa6,0xbf,0x7e,0x02,0x7e,0x8c,0x16,0x00,0x1f,0xd5,0x00,0x03,0x01,0x00,
    0x80,0x02,0x00,0x7e,0x7e,0x00,0x82,0xbe,0x92,0x00,0x87,0xbf,0x16,0x25,0x02,0x4c,
    0x80,0x00,0xba,0x7d,0xfe,0xff,0x88,0xbf,0x7e,0x02,0x02,0x8d,0xb0,0x00,0xa5,0xbf,
    0x12,0x0d,0x00,0x7e,0x19,0x03,0x01,0xd7,0x80,0x24,0x02,0x00,0xff,0xf1,0x88,0xbf,
    0x33,0x7c,0x21,0xd5,0x80,0x00,0x0d,0x00,0x80,0x00,0x00,0x58,0x00,0x00,0x80,0x4f,
    0x91,0x02,0x87,0xbf,0x00,0x55,0x00,0x7e,0xff,0x00,0x00,0x10,0xfc,0xff,0x7f,0x5f,
    0x91,0x00,0x87,0xbf,0xff,0x00,0x2c,0x10,0x00,0x00,0x80,0x2f,0x16,0x43,0x2c,0x7e,
    0x21,0x01,0x87,0xbf,0x16,0x01,0x00,0x58,0x00,0x00,0x80,0xcf,0x16,0x0f,0x68,0x7e,
    0x00,0x0f,0x00,0x7e,0x12,0x01,0x87,0xbf,0x18,0x00,0x2c,0xd7,0x19,0x69,0x02,0x00,
    0x2f,0x00,0x2c,0xd7,0x33,0x01,0x02,0x00,0x16,0x7c,0xfe,0xd6,0x19,0x01,0x02,0x02,
    0x11,0x01,0x87,0xbf,0x31,0x00,0x55,0xd6,0x17,0x31,0xbe,0x04,0x35,0x00,0x2d,0xd7,
    0x00,0x2d,0x02,0x00,0x2f,0x7c,0xfe,0xd6,0x34,0x2d,0x02,0x02,0x23,0x01,0x87,0xbf,
    0x17,0x7c,0xfe,0xd6,0x00,0x63,0x02,0x02,0x31,0x7c,0xfe,0xd6,0x34,0x63,0x02,0x02,
    0x16,0x6a,0x00,0xd7,0x35,0x2f,0x02,0x00,0xfd,0xff,0x88,0xbf,0x17,0x7c,0x20,0xd5,
    0x80,0x30,0xaa,0x01,0x16,0x6a,0x00,0xd7,0x16,0x5f,0x02,0x00,0xfd,0xff,0x88,0xbf,
    0x17,0x61,0x2c,0x40,0xfd,0xff,0x88,0xbf,0x80,0x64,0x2e,0x40,0x02,0x00,0x87,0xbf,
    0x16,0x6a,0x00,0xd7,0x16,0x63,0x02,0x00,0xfd,0xff,0x88,0xbf,0x17,0x7c,0x20,0xd5,
    0x80,0x2e,0xaa,0x01,0x00,0x6a,0x00,0xd7,0x00,0x2d,0x02,0x00,0xfd,0xff,0x88,0xbf,
    0x34,0x7c,0x20,0xd5,0x34,0x2f,0xaa,0x01,0x18,0x00,0x2c,0xd7,0x33,0x01,0x02,0x00,
    0x16,0x7c,0xfe,0xd6,0x19,0x01,0x02,0x02,0x13,0x01,0x87,0xbf,0x19,0x00,0x2c,0xd7,
    0x19,0x69,0x02,0x00,0x33,0x00,0x2d,0xd7,0x00,0x2d,0x02,0x00,0x2f,0x7c,0xfe,0xd6,
    0x34,0x2d,0x02,0x02,0x93,0x00,0x87,0xbf,0x19,0x00,0x55,0xd6,0x17,0x33,0x62,0x04,
    0x17,0x7c,0xfe,0xd6,0x00,0x33,0x02,0x02,0x31,0x7c,0xfe,0xd6,0x34,0x33,0x02,0x02,
    0x02,0x00,0x87,0xbf,0x16,0x6a,0x00,0xd7,0x33,0x2f,0x02,0x00,0xfd,0xff,0x88,0xbf,
    0x17,0x7c,0x20,0xd5,0x80,0x30,0xaa,0x01,0x16,0x6a,0x00,0xd7,0x16,0x5f,0x02,0x00,
    0xfd,0xff,0x88,0xbf,0x17,0x61,0x2c,0x40,0xfd,0xff,0x88,0xbf,0x80,0x64,0x2e,0x40,
    0x02,0x00,0x87,0xbf,0x16,0x6a,0x00,0xd7,0x16,0x63,0x02,0x00,0xfd,0xff,0x88,0xbf,
    0x17,0x7c,0x20,0xd5,0x80,0x2e,0xaa,0x01,0x00,0x6a,0x00,0xd7,0x00,0x2d,0x02,0x00,
    0xfd,0xff,0x88,0xbf,0x2f,0x7c,0x20,0xd5,0x34,0x2f,0xaa,0x01,0x31,0x00,0x2d,0xd7,
    0x80,0x00,0x02,0x00,0x18,0x7c,0xfe,0xd6,0x01,0x01,0x02,0x02,0x23,0x01,0x87,0xbf,
    0x16,0x7c,0xfe,0xd6,0x80,0x5e,0x02,0x02,0x2f,0x7c,0xfe,0xd6,0x01,0x5f,0x02,0x02,
    0x00,0x6a,0x00,0xd7,0x31,0x2d,0x02,0x00,0xfd,0xff,0x88,0xbf,0x16,0x7c,0x20,0xd5,
    0x80,0x2e,0xaa,0x01,0x00,0x6a,0x00,0xd7,0x00,0x31,0x02,0x00,0xfd,0xff,0x88,0xbf,
    0x16,0x33,0x00,0x40,0xfd,0xff,0x88,0xbf,0x80,0x60,0x2c,0x40,0xc2,0x00,0x87,0xbf,
    0x19,0x6a,0x00,0xd7,0x00,0x5f,0x02,0x00,0xfd,0xff,0x88,0xbf,0x2f,0x7c,0x20,0xd5,
    0x80,0x2c,0xaa,0x01,0x16,0x7c,0xfe,0xd6,0x12,0x33,0x02,0x02,0x17,0x03,0x00,0x7e,
    0x91,0x01,0x87,0xbf,0x17,0x7c,0xfe,0xd6,0x12,0x5f,0x02,0x04,0x00,0x6a,0x01,0xd7,
    0x80,0x2c,0x02,0x00,0xfd,0xff,0x88,0xbf,0x01,0x7c,0x21,0xd5,0x01,0x2f,0xaa,0x01,
    0x16,0x6a,0x01,0xd7,0x00,0x25,0x02,0x00,0xfd,0xff,0x88,0xbf,0x17,0x7c,0x22,0xd5,
    0x80,0x02,0xaa,0x01,0x16,0x25,0x9c,0x7c,0xfd,0xff,0x88,0xbf,0x16,0x00,0x01,0xd5,
    0x80,0x82,0xa9,0x01,0x18,0x6a,0x00,0xd7,0x19,0x05,0x01,0x00,0xfd,0xff,0x88,0xbf,
    0x30,0x7c,0x20,0xd5,0x80,0x5e,0xaa,0x01,0x00,0x25,0x9c,0x7c,0xfd,0xff,0x88,0xbf,
    0x00,0x00,0x01,0xd5,0x80,0x82,0xa9,0x01,0x80,0x2e,0x94,0x7c,0xfd,0xff,0x88,0xbf,
    0xc1,0x2c,0x2c,0x02,0x17,0x6a,0x00,0xd7,0x19,0x03,0x01,0x00,0xfd,0xff,0x88,0xbf,
    0x2f,0x7c,0x20,0xd5,0x80,0x5e,0xaa,0x01,0x80,0x02,0x94,0x7c,0xfd,0xff,0x88,0xbf,
    0xc1,0x00,0x00,0x02,0x80,0x2c,0x9a,0x7c,0xfd,0xff,0x88,0xbf,0x17,0x31,0x02,0x02,
    0x23,0x01,0x87,0xbf,0x80,0x00,0x9a,0x7c,0xfd,0xff,0x88,0xbf,0x19,0x03,0x2c,0x02,
    0xfe,0xff,0x88,0xbf,0x02,0x30,0x82,0xbe,0x21,0x00,0xa5,0xbf,0x12,0x0d,0x00,0x7e,
    0x80,0x24,0x02,0x4c,0x92,0x02,0x87,0xbf,0x00,0x57,0x00,0x7e,0xff,0x00,0x00,0x10,
    0xfe,0xff,0x7f,0x4f,0x91,0x00,0x87,0xbf,0x00,0x0f,0x00,0x7e,0x01,0x00,0x2c,0xd7,
    0x01,0x01,0x02,0x00,0x91,0x00,0x87,0xbf,0x01,0x00,0x2d,0xd7,0x00,0x03,0x02,0x00,
    0x00,0x03,0x00,0x4a,0x91,0x00,0x87,0xbf,0x00,0x00,0x2d,0xd7,0x80,0x00,0x02,0x00,
    0x01,0x00,0x2c,0xd7,0x00,0x25,0x02,0x00,0x81,0x00,0x2c,0x4a,0x92,0x00,0x87,0xbf,
    0x80,0x02,0x02,0x4c,0x01,0x25,0x2e,0x4c,0x01,0x25,0x9c,0x7c,0xfd,0xff,0x88,0xbf,
    0x92,0x00,0x87,0xbf,0x01,0x2f,0x52,0xca,0x00,0x2d,0x00,0x01,0x01,0x25,0x9c,0x7c,
    0xa2,0x00,0x87,0xbf,0x81,0x00,0x2c,0x4a,0xfd,0xff,0x88,0xbf,0x00,0x2d,0x2c,0x02,
    0xfe,0xff,0x88,0xbf,0x7e,0x02,0x7e,0x8c,0x01,0x00,0x87,0xbf,0x81,0x2c,0x2c,0x4a,
    0xfe,0xff,0x88,0xbf,0x7e,0x01,0x7e,0x8c,0x2d,0x00,0x01,0xd5,0x81,0x5a,0x12,0x00,
    0x80,0x00,0x83,0xbe,0x80,0x02,0x2e,0x7e,0x80,0x02,0x30,0x7e,0x03,0x00,0x87,0xbf,
    0x01,0x00,0x41,0xd4,0x80,0x5a,0x02,0x00,0x01,0x20,0x82,0xbe,0xf5,0x00,0xa5,0xbf,
    0xc1,0x00,0x85,0xbe,0xfe,0xff,0x88,0xbf,0x05,0x81,0x05,0x81,0xfe,0xff,0x88,0xbf,
    0x05,0x9f,0x08,0xbf,0x05,0x02,0x00,0x7e,0xc1,0x80,0x06,0x98,0x81,0x05,0x07,0x84,
    0xfe,0xff,0x88,0xbf,0x07,0x5a,0x9c,0x7c,0x06,0x6a,0x06,0x8c,0xfe,0xff,0x88,0xbf,
    0x7e,0x06,0x06,0x8b,0xfe,0xff,0x88,0xbf,0x06,0x03,0x03,0x8c,0xfe,0xff,0x88,0xbf,
    0x7e,0x03,0x7e,0x91,0xef,0xff,0xa6,0xbf,0x7e,0x03,0x7e,0x8c,0x17,0x00,0x1f,0xd5,
    0x00,0x03,0x01,0x00,0x80,0x02,0x00,0x7e,0x7e,0x00,0x83,0xbe,0x92,0x00,0x87,0xbf,
    0x17,0x5b,0x02,0x4c,0x80,0x00,0xba,0x7d,0xfe,0xff,0x88,0xbf,0x7e,0x03,0x03,0x8d,
    0xb0,0x00,0xa5,0xbf,0x2d,0x0d,0x00,0x7e,0x33,0x05,0x01,0xd7,0x80,0x5a,0x02,0x00,
    0xff,0xf1,0x88,0xbf,0x34,0x7c,0x21,0xd5,0x80,0x00,0x15,0x00,0x80,0x00,0x00,0x58,
    0x00,0x00,0x80,0x4f,0x91,0x02,0x87,0xbf,0x00,0x55,0x00,0x7e,0xff,0x00,0x00,0x10,
    0xfc,0xff,0x7f,0x5f,0x91,0x00,0x87,0xbf,0xff,0x00,0x2e,0x10,0x00,0x00,0x80,0x2f,
    0x17,0x43,0x2e,0x7e,0x21,0x01,0x87,0xbf,0x17,0x01,0x00,0x58,0x00,0x00,0x80,0xcf,
    0x17,0x0f,0x6a,0x7e,0x00,0x0f,0x00,0x7e,0x12,0x01,0x87,0xbf,0x19,0x00,0x2c,0xd7,
    0x33,0x6b,0x02,0x00,0x2f,0x00,0x2c,0xd7,0x34,0x01,0x02,0x00,0x17,0x7c,0xfe,0xd6,
    0x33,0x01,0x02,0x02,0x11,0x01,0x87,0xbf,0x31,0x00,0x55,0xd6,0x18,0x33,0xbe,0x04,
    0x36,0x00,0x2d,0xd7,0x00,0x2f,0x02,0x00,0x2f,0x7c,0xfe,0xd6,0x35,0x2f,0x02,0x02,
    0x23,0x01,0x87,0xbf,0x18,0x7c,0xfe,0xd6,0x00,0x63,0x02,0x02,0x31,0x7c,0xfe,0xd6,
    0x35,0x63,0x02,0x02,0x17,0x6a,0x00,0xd7,0x36,0x31,0x02,0x00,0xfd,0xff,0x88,0xbf,
    0x18,0x7c,0x20,0xd5,0x80,0x32,0xaa,0x01,0x17,0x6a,0x00,0xd7,0x17,0x5f,0x02,0x00,
    0xfd,0xff,0x88,0xbf,0x18,0x61,0x2e,0x40,0xfd,0xff,0x88,0xbf,0x80,0x64,0x30,0x40,
    0x02,0x00,0x87,0xbf,0x17,0x6a,0x00,0xd7,0x17,0x63,0x02,0x00,0xfd,0xff,0x88,0xbf,
    0x18,0x7c,0x20,0xd5,0x80,0x30,0xaa,0x01,0x00,0x6a,0x00,0xd7,0x00,0x2f,0x02,0x00,
    0xfd,0xff,0x88,0xbf,0x35,0x7c,0x20,0xd5,0x35,0x31,0xaa,0x01,0x19,0x00,0x2c,0xd7,
    0x34,0x01,0x02,0x00,0x17,0x7c,0xfe,0xd6,0x33,0x01,0x02,0x02,0x13,0x01,0x87,0xbf,
    0x2f,0x00,0x2c,0xd7,0x33,0x6b,0x02,0x00,0x33,0x00,0x2d,0xd7,0x00,0x2f,0x02,0x00,
    0x22,0x01,0x87,0xbf,0x31,0x00,0x55,0xd6,0x18,0x5f,0x66,0x04,0x2f,0x7c,0xfe,0xd6,
    0x35,0x2f,0x02,0x02,0x18,0x7c,0xfe,0xd6,0x00,0x63,0x02,0x02,0x31,0x7c,0xfe,0xd6,
    0x35,0x63,0x02,0x02,0x02,0x00,0x87,0xbf,0x17,0x6a,0x00,0xd7,0x33,0x31,0x02,0x00,
    0xfd,0xff,0x88,0xbf,0x18,0x7c,0x20,0xd5,0x80,0x32,0xaa,0x01,0x17,0x6a,0x00,0xd7,
    0x17,0x5f,0x02,0x00,0xfd,0xff,0x88,0xbf,0x18,0x61,0x2e,0x40,0xfd,0xff,0x88,0xbf,
    0x80,0x64,0x30,0x40,0x02,0x00,0x87,0xbf,0x17,0x6a,0x00,0xd7,0x17,0x63,0x02,0x00,
    0xfd,0xff,0x88,0xbf,0x18,0x7c,0x20,0xd5,0x80,0x30,0xaa,0x01,0x00,0x6a,0x00,0xd7,
    0x00,0x2f,0x02,0x00,0xfd,0xff,0x88,0xbf,0x19,0x7c,0x20,0xd5,0x35,0x31,0xaa,0x01,
    0x33,0x00,0x2d,0xd7,0x80,0x00,0x02,0x00,0x2f,0x7c,0xfe,0xd6,0x01,0x01,0x02,0x02,
    0x23,0x01,0x87,0xbf,0x17,0x7c,0xfe,0xd6,0x80,0x32,0x02,0x02,0x31,0x7c,0xfe,0xd6,
    0x01,0x33,0x02,0x02,0x00,0x6a,0x00,0xd7,0x33,0x2f,0x02,0x00,0xfd,0xff,0x88,0xbf,
    0x17,0x7c,0x20,0xd5,0x80,0x30,0xaa,0x01,0x00,0x6a,0x00,0xd7,0x00,0x5f,0x02,0x00,
    0xfd,0xff,0x88,0xbf,0x17,0x61,0x00,0x40,0xfd,0xff,0x88,0xbf,0x80,0x64,0x2e,0x40,
    0xc2,0x00,0x87,0xbf,0x2f,0x6a,0x00,0xd7,0x00,0x63,0x02,0x00,0xfd,0xff,0x88,0xbf,
    0x30,0x7c,0x20,0xd5,0x80,0x2e,0xaa,0x01,0x17,0x7c,0xfe,0xd6,0x2d,0x5f,0x02,0x02,
    0x18,0x03,0x00,0x7e,0x91,0x01,0x87,0xbf,0x18,0x7c,0xfe,0xd6,0x2d,0x61,0x02,0x04,
    0x00,0x6a,0x01,0xd7,0x80,0x2e,0x02,0x00,0xfd,0xff,0x88,0xbf,0x01,0x7c,0x21,0xd5,
    0x01,0x31,0xaa,0x01,0x17,0x6a,0x01,0xd7,0x00,0x5b,0x02,0x00,0xfd,0xff,0x88,0xbf,
    0x18,0x7c,0x22,0xd5,0x80,0x02,0xaa,0x01,0x17,0x5b,0x9c,0x7c,0xfd,0xff,0x88,0xbf,
    0x17,0x00,0x01,0xd5,0x80,0x82,0xa9,0x01,0x19,0x6a,0x00,0xd7,0x2f,0x05,0x01,0x00,
    0xfd,0xff,0x88,0xbf,0x31,0x7c,0x20,0xd5,0x80,0x60,0xaa,0x01,0x00,0x5b,0x9c,0x7c,
    0xfd,0xff,0x88,0xbf,0x00,0x00,0x01,0xd5,0x80,0x82,0xa9,0x01,0x80,0x30,0x94,0x7c,
    0xfd,0xff,0x88,0xbf,0xc1,0x2e,0x2e,0x02,0x18,0x6a,0x00,0xd7,0x2f,0x03,0x01,0x00,
    0xfd,0xff,0x88,0xbf,0x30,0x7c,0x20,0xd5,0x80,0x60,0xaa,0x01,0x80,0x02,0x94,0x7c,
    0xfd,0xff,0x88,0xbf,0xc1,0x00,0x00,0x02,0x80,0x2e,0x9a,0x7c,0xfd,0xff,0x88,0xbf,
    0x18,0x33,0x02,0x02,0x23,0x01,0x87,0xbf,0x80,0x00,0x9a,0x7c,0xfd,0xff,0x88,0xbf,
    0x2f,0x03,0x2e,0x02,0xfe,0xff,0x88,0xbf,0x03,0x30,0x83,0xbe,0x21,0x00,0xa5,0xbf,
    0x2d,0x0d,0x00,0x7e,0x80,0x5a,0x02,0x4c,0x92,0x02,0x87,0xbf,0x00,0x57,0x00,0x7e,
    0xff,0x00,0x00,0x10,0xfe,0xff,0x7f,0x4f,0x91,0x00,0x87,0xbf,0x00,0x0f,0x00,0x7e,
    0x01,0x00,0x2c,0xd7,0x01,0x01,0x02,0x00,0x91,0x00,0x87,0xbf,0x01,0x00,0x2d,0xd7,
    0x00,0x03,0x02,0x00,0x00,0x03,0x00,0x4a,0x91,0x00,0x87,0xbf,0x00,0x00,0x2d,0xd7,
    0x80,0x00,0x02,0x00,0x01,0x00,0x2c,0xd7,0x00,0x5b,0x02,0x00,0x81,0x00,0x2e,0x4a,
    0x92,0x00,0x87,0xbf,0x80,0x02,0x02,0x4c,0x01,0x5b,0x30,0x4c,0x01,0x5b,0x9c,0x7c,
    0xfd,0xff,0x88,0xbf,0x92,0x00,0x87,0xbf,0x01,0x31,0x52,0xca,0x00,0x2f,0x00,0x01,
    0x01,0x5b,0x9c,0x7c,0xa2,0x00,0x87,0xbf,0x81,0x00,0x2e,0x4a,0xfd,0xff,0x88,0xbf,
    0x00,0x2f,0x2e,0x02,0xfe,0xff,0x88,0xbf,0x7e,0x03,0x7e,0x8c,0x01,0x00,0x87,0xbf,
    0x81,0x2e,0x2e,0x4a,0xfe,0xff,0x88,0xbf,0x7e,0x02,0x7e,0x8c,0x01,0x00,0xc0,0xbf,
    0x02,0x00,0x41,0xd4,0x80,0x52,0x02,0x00,0x80,0x00,0x85,0xbe,0x80,0x02,0x30,0x7e,
    0x80,0x02,0x32,0x7e,0x02,0x20,0x83,0xbe,0x40,0x00,0xa6,0xbf,0xfe,0xff,0x88,0xbf,
    0x7e,0x03,0x7e,0x8c,0x80,0x02,0x5e,0x7e,0x00,0x20,0x83,0xbe,0x34,0x01,0xa6,0xbf,
    0xfe,0xff,0x88,0xbf,0x7e,0x03,0x7e,0x8c,0x80,0x02,0x60,0x7e,0x01,0x20,0x80,0xbe,
    0x48,0x01,0xa6,0xbf,0xfe,0xff,0x88,0xbf,0x7e,0x00,0x7e,0x8c,0x80,0x02,0x62,0x7e,
    0x02,0x20,0x80,0xbe,0x5c,0x01,0xa6,0xbf,0x6f,0x01,0xa0,0xbf,0x08,0x02,0x22,0x7e,
    0x84,0x00,0x02,0x4a,0x81,0x00,0x80,0xbe,0x00,0x00,0x34,0xd8,0x00,0x11,0x00,0x00,
    0x81,0x30,0x9a,0x7c,0xba,0xfd,0xa4,0xbf,0x09,0x02,0x22,0x7e,0xfe,0xff,0x88,0xbf,
    0x00,0x81,0x00,0x81,0x00,0x00,0x34,0xd8,0x01,0x11,0x00,0x00,0x81,0x32,0x9a,0x7c,
    0xb5,0xfd,0xa4,0xbf,0xfe,0xff,0x88,0xbf,0x01,0x00,0x46,0xd6,0x00,0x04,0x01,0x04,
    0x0a,0x02,0x22,0x7e,0x00,0x81,0x00,0x81,0x00,0x00,0x34,0xd8,0x01,0x11,0x00,0x00,
    0x81,0x3c,0x9a,0x7c,0xae,0xfd,0xa3,0xbf,0xb3,0xfd,0xa0,0xbf,0x14,0x02,0x26,0x7e,
    0x84,0x00,0x02,0x4a,0x81,0x00,0x80,0xbe,0x00,0x00,0x34,0xd8,0x00,0x13,0x00,0x00,
    0x81,0x30,0x9a,0x7c,0xba,0xfd,0xa4,0xbf,0x15,0x02,0x26,0x7e,0xfe,0xff,0x88,0xbf,
    0x00,0x81,0x00,0x81,0x00,0x00,0x34,0xd8,0x01,0x13,0x00,0x00,0x81,0x32,0x9a,0x7c,
    0xb5,0xfd,0xa4,0xbf,0xfe,0xff,0x88,0xbf,0x01,0x00,0x46,0xd6,0x00,0x04,0x01,0x04,
    0x16,0x02,0x26,0x7e,0x00,0x81,0x00,0x81,0x00,0x00,0x34,0xd8,0x01,0x13,0x00,0x00,
    0x81,0x3c,0x9a,0x7c,0xae,0xfd,0xa3,0xbf,0xb3,0xfd,0xa0,0xbf,0xc1,0x00,0x86,0xbe,
    0xfe,0xff,0x88,0xbf,0x06,0x81,0x06,0x81,0xfe,0xff,0x88,0xbf,0x06,0x9f,0x08,0xbf,
    0x06,0x02,0x00,0x7e,0xc1,0x80,0x07,0x98,0x81,0x06,0x08,0x84,0xfe,0xff,0x88,0xbf,
    0x08,0x52,0x9c,0x7c,0x07,0x6a,0x07,0x8c,0xfe,0xff,0x88,0xbf,0x7e,0x07,0x07,0x8b,
    0xfe,0xff,0x88,0xbf,0x07,0x05,0x05,0x8c,0xfe,0xff,0x88,0xbf,0x7e,0x05,0x7e,0x91,
    0xef,0xff,0xa6,0xbf,0x7e,0x05,0x7e,0x8c,0x18,0x00,0x1f,0xd5,0x00,0x03,0x01,0x00,
    0x80,0x02,0x00,0x7e,0x7e,0x00,0x85,0xbe,0x92,0x00,0x87,0xbf,0x18,0x53,0x02,0x4c,
    0x80,0x00,0xba,0x7d,0xfe,0xff,0x88,0xbf,0x7e,0x05,0x05,0x8d,0xb0,0x00,0xa5,0xbf,
    0x29,0x0d,0x00,0x7e,0x33,0x06,0x01,0xd7,0x80,0x52,0x02,0x00,0xff,0xf1,0x88,0xbf,
    0x34,0x7c,0x21,0xd5,0x80,0x00,0x19,0x00,0x80,0x00,0x00,0x58,0x00,0x00,0x80,0x4f,
    0x91,0x02,0x87,0xbf,0x00,0x55,0x00,0x7e,0xff,0x00,0x00,0x10,0xfc,0xff,0x7f,0x5f,
    0x91,0x00,0x87,0xbf,0xff,0x00,0x30,0x10,0x00,0x00,0x80,0x2f,0x18,0x43,0x30,0x7e,
    0x21,0x01,0x87,0xbf,0x18,0x01,0x00,0x58,0x00,0x00,0x80,0xcf,0x18,0x0f,0x6a,0x7e,
    0x00,0x0f,0x00,0x7e,0x12,0x01,0x87,0xbf,0x2f,0x00,0x2c,0xd7,0x33,0x6b,0x02,0x00,
    0x30,0x00,0x2c,0xd7,0x34,0x01,0x02,0x00,0x18,0x7c,0xfe,0xd6,0x33,0x01,0x02,0x02,
    0x11,0x01,0x87,0xbf,0x31,0x00,0x55,0xd6,0x19,0x5f,0xc2,0x04,0x36,0x00,0x2d,0xd7,
    0x00,0x31,0x02,0x00,0x18,0x7c,0xfe,0xd6,0x35,0x31,0x02,0x02,0x23,0x01,0x87,0xbf,
    0x2f,0x7c,0xfe,0xd6,0x00,0x63,0x02,0x02,0x31,0x7c,0xfe,0xd6,0x35,0x63,0x02,0x02,
    0x2f,0x6a,0x00,0xd7,0x36,0x5f,0x02,0x00,0xfd,0xff,0x88,0xbf,0x30,0x7c,0x20,0xd5,
    0x80,0x60,0xaa,0x01,0x18,0x6a,0x00,0xd7,0x2f,0x31,0x02,0x00,0xfd,0xff,0x88,0xbf,
    0x30,0x33,0x30,0x40,0xfd,0xff,0x88,0xbf,0x80,0x64,0x32,0x40,0x02,0x00,0x87,0xbf,
    0x18,0x6a,0x00,0xd7,0x18,0x63,0x02,0x00,0xfd,0xff,0x88,0xbf,0x19,0x7c,0x20,0xd5,
    0x80,0x32,0xaa,0x01,0x00,0x6a,0x00,0xd7,0x00,0x31,0x02,0x00,0xfd,0xff,0x88,0xbf,
    0x35,0x7c,0x20,0xd5,0x35,0x33,0xaa,0x01,0x2f,0x00,0x2c,0xd7,0x34,0x01,0x02,0x00,
    0x18,0x7c,0xfe,0xd6,0x33,0x01,0x02,0x02,0x13,0x01,0x87,0xbf,0x30,0x00,0x2c,0xd7,
    0x33,0x6b,0x02,0x00,0x33,0x00,0x2d,0xd7,0x00,0x31,0x02,0x00,0x22,0x01,0x87,0xbf,
    0x31,0x00,0x55,0xd6,0x19,0x61,0xbe,0x04,0x18,0x7c,0xfe,0xd6,0x35,0x31,0x02,0x02,
    0x2f,0x7c,0xfe,0xd6,0x00,0x63,0x02,0x02,0x31,0x7c,0xfe,0xd6,0x35,0x63,0x02,0x02,
    0x02,0x00,0x87,0xbf,0x2f,0x6a,0x00,0xd7,0x33,0x5f,0x02,0x00,0xfd,0xff,0x88,0xbf,
    0x30,0x7c,0x20,0xd5,0x80,0x60,0xaa,0x01,0x18,0x6a,0x00,0xd7,0x2f,0x31,0x02,0x00,
    0xfd,0xff,0x88,0xbf,0x30,0x33,0x30,0x40,0xfd,0xff,0x88,0xbf,0x80,0x64,0x32,0x40,
    0x02,0x00,0x87,0xbf,0x18,0x6a,0x00,0xd7,0x18,0x63,0x02,0x00,0xfd,0xff,0x88,0xbf,
    0x19,0x7c,0x20,0xd5,0x80,0x32,0xaa,0x01,0x00,0x6a,0x00,0xd7,0x00,0x31,0x02,0x00,
    0xfd,0xff,0x88,0xbf,0x31,0x7c,0x20,0xd5,0x35,0x33,0xaa,0x01,0x33,0x00,0x2d,0xd7,
    0x80,0x00,0x02,0x00,0x2f,0x7c,0xfe,0xd6,0x01,0x01,0x02,0x02,0x23,0x01,0x87,0xbf,
    0x18,0x7c,0xfe,0xd6,0x80,0x62,0x02,0x02,0x31,0x7c,0xfe,0xd6,0x01,0x63,0x02,0x02,
    0x00,0x6a,0x00,0xd7,0x33,0x31,0x02,0x00,0xfd,0xff,0x88,0xbf,0x18,0x7c,0x20,0xd5,
    0x80,0x32,0xaa,0x01,0x00,0x6a,0x00,0xd7,0x00,0x5f,0x02,0x00,0xfd,0xff,0x88,0xbf,
    0x18,0x61,0x00,0x40,0xfd,0xff,0x88,0xbf,0x80,0x64,0x30,0x40,0xc2,0x00,0x87,0xbf,
    0x31,0x6a,0x00,0xd7,0x00,0x63,0x02,0x00,0xfd,0xff,0x88,0xbf,0x32,0x7c,0x20,0xd5,
    0x80,0x30,0xaa,0x01,0x18,0x7c,0xfe,0xd6,0x29,0x63,0x02,0x02,0x19,0x03,0x00,0x7e,
    0x91,0x01,0x87,0xbf,0x2f,0x7c,0xfe,0xd6,0x29,0x65,0x02,0x04,0x00,0x6a,0x01,0xd7,
    0x80,0x30,0x02,0x00,0xfd,0xff,0x88,0xbf,0x01,0x7c,0x21,0xd5,0x01,0x5f,0xaa,0x01,
    0x18,0x6a,0x01,0xd7,0x00,0x53,0x02,0x00,0xfd,0xff,0x88,0xbf,0x19,0x7c,0x22,0xd5,
    0x80,0x02,0xaa,0x01,0x18,0x53,0x9c,0x7c,0xfd,0xff,0x88,0xbf,0x18,0x00,0x01,0xd5,
    0x80,0x82,0xa9,0x01,0x2f,0x6a,0x00,0xd7,0x31,0x05,0x01,0x00,0xfd,0xff,0x88,0xbf,
    0x30,0x7c,0x20,0xd5,0x80,0x64,0xaa,0x01,0x00,0x53,0x9c,0x7c,0xfd,0xff,0x88,0xbf,
    0x00,0x00,0x01,0xd5,0x80,0x82,0xa9,0x01,0x80,0x32,0x94,0x7c,0xfd,0xff,0x88,0xbf,
    0xc1,0x30,0x30,0x02,0x19,0x6a,0x00,0xd7,0x31,0x03,0x01,0x00,0xfd,0xff,0x88,0xbf,
    0x30,0x7c,0x20,0xd5,0x80,0x64,0xaa,0x01,0x80,0x02,0x94,0x7c,0xfd,0xff,0x88,0xbf,
    0xc1,0x00,0x00,0x02,0x80,0x30,0x9a,0x7c,0xfd,0xff,0x88,0xbf,0x19,0x5f,0x02,0x02,
    0x23,0x01,0x87,0xbf,0x80,0x00,0x9a,0x7c,0xfd,0xff,0x88,0xbf,0x31,0x03,0x30,0x02,
    0xfe,0xff,0x88,0xbf,0x05,0x30,0x85,0xbe,0x21,0x00,0xa5,0xbf,0x29,0x0d,0x00,0x7e,
    0x80,0x52,0x02,0x4c,0x92,0x02,0x87,0xbf,0x00,0x57,0x00,0x7e,0xff,0x00,0x00,0x10,
    0xfe,0xff,0x7f,0x4f,0x91,0x00,0x87,0xbf,0x00,0x0f,0x00,0x7e,0x01,0x00,0x2c,0xd7,
    0x01,0x01,0x02,0x00,0x91,0x00,0x87,0xbf,0x01,0x00,0x2d,0xd7,0x00,0x03,0x02,0x00,
    0x00,0x03,0x00,0x4a,0x91,0x00,0x87,0xbf,0x00,0x00,0x2d,0xd7,0x80,0x00,0x02,0x00,
    0x01,0x00,0x2c,0xd7,0x00,0x53,0x02,0x00,0x81,0x00,0x30,0x4a,0x92,0x00,0x87,0xbf,
    0x80,0x02,0x02,0x4c,0x01,0x53,0x32,0x4c,0x01,0x53,0x9c,0x7c,0xfd,0xff,0x88,0xbf,
    0x92,0x00,0x87,0xbf,0x01,0x33,0x52,0xca,0x00,0x31,0x00,0x01,0x01,0x53,0x9c,0x7c,
    0xa2,0x00,0x87,0xbf,0x81,0x00,0x30,0x4a,0xfd,0xff,0x88,0xbf,0x00,0x31,0x30,0x02,
    0xfe,0xff,0x88,0xbf,0x7e,0x05,0x7e,0x8c,0x01,0x00,0x87,0xbf,0x81,0x30,0x30,0x4a,
    0x7e,0x03,0x7e,0x8c,0x80,0x02,0x5e,0x7e,0x00,0x20,0x83,0xbe,0xcc,0xfe,0xa5,0xbf,
    0xc1,0x00,0x85,0xbe,0x80,0x00,0x80,0xbe,0xfe,0xff,0x88,0xbf,0x05,0x81,0x05,0x81,
    0xfe,0xff,0x88,0xbf,0x05,0x9f,0x08,0xbf,0x05,0x02,0x5e,0x7e,0xc1,0x80,0x06,0x98,
    0x81,0x05,0x07,0x84,0xfe,0xff,0x88,0xbf,0x07,0x24,0x9c,0x7c,0x06,0x6a,0x06,0x8c,
    0xfe,0xff,0x88,0xbf,0x7e,0x06,0x06,0x8b,0xfe,0xff,0x88,0xbf,0x06,0x00,0x00,0x8c,
    0xfe,0xff,0x88,0xbf,0x7e,0x00,0x7e,0x91,0xef,0xff,0xa6,0xbf,0x7e,0x00,0x7e,0x8c,
    0x09,0x00,0x87,0xbf,0x7e,0x03,0x7e,0x8c,0x80,0x02,0x60,0x7e,0x01,0x20,0x80,0xbe,
    0xb8,0xfe,0xa5,0xbf,0xc1,0x00,0x83,0xbe,0x80,0x00,0x81,0xbe,0xfe,0xff,0x88,0xbf,
    0x03,0x81,0x03,0x81,0xfe,0xff,0x88,0xbf,0x03,0x9f,0x08,0xbf,0x03,0x02,0x60,0x7e,
    0xc1,0x80,0x05,0x98,0x81,0x03,0x06,0x84,0xfe,0xff,0x88,0xbf,0x06,0x5a,0x9c,0x7c,
    0x05,0x6a,0x05,0x8c,0xfe,0xff,0x88,0xbf,0x7e,0x05,0x05,0x8b,0xfe,0xff,0x88,0xbf,
    0x05,0x01,0x01,0x8c,0xfe,0xff,0x88,0xbf,0x7e,0x01,0x7e,0x91,0xef,0xff,0xa6,0xbf,
    0x7e,0x01,0x7e,0x8c,0x09,0x00,0x87,0xbf,0x7e,0x00,0x7e,0x8c,0x80,0x02,0x62,0x7e,
    0x02,0x20,0x80,0xbe,0x14,0x00,0xa5,0xbf,0xc1,0x00,0x82,0xbe,0x80,0x00,0x81,0xbe,
    0xfe,0xff,0x88,0xbf,0x02,0x81,0x02,0x81,0xfe,0xff,0x88,0xbf,0x02,0x9f,0x08,0xbf,
    0x02,0x02,0x62,0x7e,0xc1,0x80,0x03,0x98,0x81,0x02,0x05,0x84,0xfe,0xff,0x88,0xbf,
    0x05,0x52,0x9c,0x7c,0x03,0x6a,0x03,0x8c,0xfe,0xff,0x88,0xbf,0x7e,0x03,0x03,0x8b,
    0xfe,0xff,0x88,0xbf,0x03,0x01,0x01,0x8c,0xfe,0xff,0x88,0xbf,0x7e,0x01,0x7e,0x91,
    0xef,0xff,0xa6,0xbf,0x7e,0x01,0x7e,0x8c,0xfe,0xff,0x88,0xbf,0x7e,0x00,0x7e,0x8c,
    0x00,0x00,0x2c,0xd7,0x21,0x41,0x02,0x00,0x81,0x04,0x02,0x4a,0x75,0x15,0x80,0xbe,
    0x00,0x00,0xc7,0xbf,0x0d,0xff,0x01,0x8b,0xff,0xff,0x00,0x00,0xc1,0x4e,0x76,0x4a,
    0xc1,0x5a,0x7e,0x4a,0xc1,0x52,0x80,0x4a,0xc1,0x40,0x7a,0x4a,0x00,0x00,0x2c,0xd7,
    0x00,0x07,0x02,0x00,0xc1,0x06,0x06,0x4a,0xc1,0x08,0x7c,0x4a,0x41,0x00,0x2c,0xd7,
    0x2d,0x53,0x02,0x00,0x3d,0x00,0x2c,0xd7,0x1f,0x7b,0x02,0x00,0x7e,0x00,0x83,0xbe,
    0x03,0x00,0x2c,0xd7,0x06,0x07,0x02,0x00,0x3e,0x00,0x2c,0xd7,0x07,0x7d,0x02,0x00,
    0x36,0x00,0x2c,0xd7,0x00,0x09,0x02,0x00,0x9f,0x02,0x00,0x32,0xc1,0x16,0x78,0x4a,
    0x41,0x00,0x2c,0xd7,0x41,0x23,0x02,0x00,0x93,0x01,0x87,0xbf,0x01,0x01,0x00,0x4a,
    0x3c,0x00,0x2c,0xd7,0x0d,0x79,0x02,0x00,0x81,0x6c,0x02,0x4a,0x13,0x01,0x87,0xbf,
    0xc2,0x00,0x00,0x36,0x9f,0x02,0x32,0x32,0x12,0x01,0x87,0xbf,0xff,0x00,0x00,0x4a,
    0x7f,0x00,0x00,0x00,0x01,0x33,0x02,0x4a,0x12,0x01,0x87,0xbf,0x9f,0x00,0x32,0x34,
    0x81,0x02,0x02,0x34,0x12,0x01,0x87,0xbf,0x99,0x32,0x32,0x32,0x01,0x00,0x16,0xd6,
    0x01,0x03,0x7e,0x02,0x12,0x01,0x87,0xbf,0x00,0x33,0x00,0x4a,0x81,0x02,0x02,0x4a,
    0x12,0x01,0x87,0xbf,0x87,0x00,0x32,0x34,0x81,0x02,0x00,0x34,0x9f,0x02,0x02,0x34,
    0x12,0x01,0x87,0xbf,0x32,0x00,0x2c,0xd7,0x00,0x33,0x02,0x00,0x9d,0x02,0x02,0x32,
    0x91,0x01,0x87,0xbf,0x00,0x03,0x02,0x4a,0x80,0x64,0x66,0x4c,0x12,0x01,0x87,0xbf,
    0xc8,0x02,0x02,0x36,0x32,0x67,0x64,0x24,0x12,0x01,0x87,0xbf,0x00,0x03,0x00,0x4c,
    0x32,0x0d,0x66,0x7e,0x80,0x64,0x68,0x4c,0x92,0x02,0x87,0xbf,0x33,0x57,0x66,0x7e,
    0xff,0x66,0x66,0x10,0xfe,0xff,0x7f,0x4f,0x91,0x00,0x87,0xbf,0x33,0x0f,0x66,0x7e,
    0x34,0x00,0x2c,0xd7,0x34,0x67,0x02,0x00,0x91,0x00,0x87,0xbf,0x34,0x00,0x2d,0xd7,
    0x33,0x69,0x02,0x00,0x33,0x69,0x66,0x4a,0x80,0x32,0x68,0x4c,0xfe,0xff,0x88,0xbf,
    0x12,0x01,0x87,0xbf,0x33,0x00,0x2d,0xd7,0x00,0x66,0x02,0x00,0x19,0x69,0x68,0x24,
    0x21,0x02,0x87,0xbf,0x34,0x0d,0x6a,0x7e,0x80,0x68,0x70,0x4c,0x33,0x00,0x2c,0xd7,
    0x33,0x65,0x02,0x00,0x93,0x00,0x87,0xbf,0x35,0x57,0x6a,0x7e,0x00,0x66,0x66,0x4c,
    0x75,0x9f,0x00,0x86,0xa1,0x02,0x87,0xbf,0x33,0x65,0x6e,0x4c,0x33,0x65,0x9c,0x7c,
    0xff,0x6a,0x6a,0x10,0xfe,0xff,0x7f,0x4f,0xfd,0xff,0x88,0xbf,0x13,0x01,0x87,0xbf,
    0x33,0x6f,0x66,0x02,0x35,0x0f,0x6a,0x7e,0x32,0x01,0x87,0xbf,0x33,0x65,0x6e,0x4c,
    0x33,0x65,0x9c,0x7c,0xfd,0xff,0x88,0xbf,0x33,0x6f,0x64,0x02,0x33,0x00,0x2c,0xd7,
    0x38,0x6b,0x02,0x00,0xfe,0xff,0x88,0xbf,0x12,0x01,0x87,0xbf,0x00,0x64,0x64,0x3a,
    0x33,0x00,0x2d,0xd7,0x35,0x67,0x02,0x00,0x92,0x00,0x87,0xbf,0x00,0x64,0x64,0x4e,
    0x80,0x64,0x6e,0x4c,0x13,0x01,0x87,0xbf,0x35,0x67,0x66,0x4a,0x32,0x6f,0x6a,0x24,
    0x91,0x00,0x87,0xbf,0x33,0x00,0x2d,0xd7,0x35,0x67,0x02,0x00,0x37,0x00,0x2c,0xd7,
    0x33,0x69,0x02,0x00,0x21,0x01,0x87,0xbf,0x35,0x6f,0x6a,0x4c,0x81,0x66,0x6e,0x4a,
    0x35,0x69,0x70,0x4c,0x35,0x69,0x9c,0x7c,0xfd,0xff,0x88,0xbf,0x93,0x01,0x87,0xbf,
    0x33,0x6f,0x66,0x02,0x35,0x71,0x6a,0x02,0x32,0x33,0x6e,0x3a,0x93,0x01,0x87,0xbf,
    0x81,0x66,0x70,0x4a,0x35,0x69,0x9c,0x7c,0xa3,0x01,0x87,0xbf,0x9f,0x6e,0x6e,0x34,
    0xfd,0xff,0x88,0xbf,0x33,0x71,0x66,0x02,0x91,0x00,0x87,0xbf,0x33,0x6f,0x66,0x3a,
    0x33,0x6f,0x66,0x4c,0xd1,0x01,0x87,0xbf,0x33,0x03,0x8c,0x7c,0x9f,0x66,0x02,0x34,
    0x37,0x00,0x2c,0xd7,0x33,0x33,0x02,0x00,0xfd,0xff,0x88,0xbf,0x88,0x00,0x68,0x02,
    0x9d,0x02,0x02,0x32,0x12,0x01,0x87,0xbf,0x80,0x68,0x00,0x4c,0x33,0x03,0x02,0x4a,
    0x12,0x01,0x87,0xbf,0x34,0x01,0x6a,0x24,0xc8,0x02,0x72,0x36,0x22,0x01,0x87,0xbf,
    0x35,0x0d,0x00,0x7e,0x80,0x6a,0x02,0x4c,0x00,0x57,0x00,0x7e,0x95,0x00,0x87,0xbf,
    0xff,0x00,0x00,0x10,0xfe,0xff,0x7f,0x4f,0x00,0x0f,0x70,0x7e,0x32,0x6f,0x00,0x4c,
    0x33,0x73,0x64,0x4c,0x37,0x00,0x01,0xd5,0x81,0x3a,0x12,0x00,0x94,0x01,0x87,0xbf,
    0x33,0x00,0x2c,0xd7,0x01,0x71,0x02,0x00,0x00,0x7c,0xfe,0xd6,0x32,0x33,0x02,0x04,
    0x93,0x01,0x87,0xbf,0x3b,0x00,0x2c,0xd7,0x37,0x77,0x02,0x00,0x01,0x00,0x2d,0xd7,
    0x38,0x67,0x02,0x00,0xc1,0x48,0x66,0x4a,0xa4,0x01,0x87,0xbf,0x80,0x00,0x32,0x4c,
    0x00,0x69,0x3a,0x3a,0x33,0x00,0x2c,0xd7,0x22,0x67,0x02,0x00,0x23,0x02,0x87,0xbf,
    0x00,0x33,0x32,0x24,0x38,0x03,0x02,0x4a,0x9f,0x3a,0x3a,0x34,0x92,0x00,0x87,0xbf,
    0x01,0x00,0x2d,0xd7,0x19,0x03,0x02,0x00,0x32,0x00,0x2c,0xd7,0x01,0x6b,0x02,0x00,
    0x21,0x01,0x87,0xbf,0x19,0x65,0x32,0x4c,0x81,0x02,0x64,0x4a,0x19,0x6b,0x70,0x4c,
    0x19,0x6b,0x9c,0x7c,0xfd,0xff,0x88,0xbf,0xb2,0x01,0x87,0xbf,0x19,0x71,0x60,0xca,
    0xc1,0x04,0x3a,0x19,0x01,0x65,0x02,0x02,0x38,0x00,0x01,0xd5,0x81,0x38,0x12,0x00,
    0x42,0x00,0x2c,0xd7,0x05,0x75,0x02,0x00,0xc1,0x42,0x38,0x4a,0x19,0x6b,0x9c,0x7c,
    0x81,0x02,0x64,0x4a,0x35,0x00,0x2c,0xd7,0x27,0x49,0x02,0x00,0xc1,0x18,0x32,0x4a,
    0x1c,0x00,0x2c,0xd7,0x38,0x39,0x02,0x00,0xfd,0xff,0x88,0xbf,0x01,0x65,0x02,0x02,
    0x01,0x00,0xc6,0xbf,0x32,0x00,0x01,0xd5,0x81,0x3c,0x12,0x00,0x19,0x00,0x2c,0xd7,
    0x0e,0x33,0x02,0x00,0xc1,0x24,0x3c,0x4a,0x01,0x3b,0x02,0x3a,0x00,0x00,0xc6,0xbf,
    0x12,0x01,0x87,0xbf,0x1e,0x00,0x2c,0xd7,0x14,0x3d,0x02,0x00,0x01,0x3b,0x02,0x4c,
    0xc1,0x22,0x3a,0x4a,0xa2,0x01,0x87,0xbf,0x34,0x00,0x2c,0xd7,0x01,0x69,0x02,0x00,
    0x87,0x02,0x02,0x30,0x1d,0x00,0x2c,0xd7,0x13,0x3b,0x02,0x00,0x12,0x02,0x87,0xbf,
    0x01,0x05,0x00,0x7e,0x00,0x69,0x00,0x4c,0x34,0x00,0x2c,0xd7,0x1a,0x75,0x02,0x00,
    0x02,0x00,0x87,0xbf,0x00,0x00,0x47,0xd6,0x39,0x01,0x06,0x02,0x39,0x00,0x2c,0xd7,
    0x32,0x7f,0x02,0x00,0x3f,0x00,0x2c,0xd7,0x28,0x81,0x02,0x00,0x40,0x00,0x2c,0xd7,
    0x35,0x17,0x02,0x00,0x0b,0x00,0x55,0xd6,0x33,0x85,0xee,0x04,0x00,0x05,0x10,0x7e,
    0x00,0x00,0xc0,0xbf,0x00,0x00,0x2c,0xd7,0x2e,0x75,0x02,0x00,0x11,0x00,0x55,0xd6,
    0x3d,0x69,0x72,0x04,0xff,0xf1,0x88,0xbf,0x34,0x00,0x46,0xd6,0x1b,0x03,0x01,0x00,
    0x3a,0x00,0x55,0xd6,0x0b,0x79,0x66,0x04,0x33,0x00,0x2d,0xd7,0x0a,0x11,0x00,0x00,
    0x35,0x00,0x2d,0xd7,0x15,0x11,0x00,0x00,0x3b,0x00,0x2d,0xd7,0x18,0x11,0x00,0x00,
    0x03,0x00,0x55,0xd6,0x11,0x07,0xfa,0x04,0x00,0x00,0x55,0xd6,0x3f,0x01,0xe6,0x04,
    0x3c,0x00,0x2c,0xd7,0x34,0x5d,0x02,0x00,0x00,0x00,0x41,0xd4,0x34,0x05,0x02,0x00,
    0x08,0x6c,0x82,0x7c,0x08,0x66,0x02,0x4a,0x08,0x6a,0x16,0x4a,0x08,0x76,0x32,0x4a,
    0x35,0x00,0x55,0xd6,0x00,0x3b,0x7a,0x04,0x00,0x00,0x2c,0xd7,0x34,0x35,0x02,0x00,
    0x26,0x03,0x02,0x32,0x2c,0x17,0x16,0x32,0x31,0x33,0x22,0x32,0x33,0x00,0x2c,0xd7,
    0x34,0x0b,0x02,0x00,0x02,0x00,0x46,0xd6,0x03,0x03,0x09,0x02,0x19,0x00,0x2d,0xd7,
    0x09,0x03,0x02,0x00,0x1a,0x00,0x2d,0xd7,0x10,0x17,0x02,0x00,0x1b,0x00,0x2d,0xd7,
    0x17,0x23,0x02,0x00,0x1d,0x00,0x2c,0xd7,0x0b,0x49,0x02,0x00,0x1c,0x00,0x2c,0xd7,
    0x01,0x41,0x02,0x00,0x05,0x00,0x2c,0xd7,0x11,0x53,0x02,0x00,0xff,0x02,0x06,0x7e,
    0x00,0x40,0x00,0x31,0x6a,0x00,0x6a,0x8b,0x01,0x33,0x3c,0x4a,0x0b,0x35,0x34,0x4a,
    0x11,0x37,0x36,0x4a,0x08,0x3a,0x32,0x4c,0x08,0x38,0x38,0x4c,0x25,0x3d,0x3c,0x32,
    0x2b,0x35,0x76,0x32,0x30,0x37,0x7c,0x32,0x08,0x0a,0x0a,0x4c,0x1b,0x00,0x2c,0xd7,
    0x1c,0x3f,0x02,0x00,0x1a,0x00,0x2d,0xd7,0x08,0x3d,0x02,0x00,0x1d,0x00,0x2d,0xd7,
    0x0f,0x77,0x02,0x00,0x2e,0x00,0x2d,0xd7,0x16,0x7d,0x02,0x00,0x3d,0x00,0x2c,0xd7,
    0x3b,0x4f,0x02,0x00,0x39,0x00,0x2c,0xd7,0x1e,0x43,0x02,0x00,0x43,0x00,0x2c,0xd7,
    0x3e,0x5b,0x02,0x00,0x3f,0x00,0x2c,0xd7,0x19,0x45,0x02,0x00,0x42,0x00,0x2c,0xd7,
    0x05,0x51,0x02,0x00,0x1e,0x35,0x88,0x4a,0x3b,0x3b,0x8a,0x4a,0x3e,0x5d,0x5c,0x4a,
    0x0b,0x7b,0x34,0x4c,0x01,0x73,0x3a,0x4c,0x23,0x89,0x7a,0x32,0x2a,0x8b,0x72,0x32,
    0x2f,0x5d,0x5c,0x32,0x11,0x87,0x16,0x4c,0x01,0x00,0x2c,0xd7,0x1d,0x71,0x02,0x00,
    0x11,0x00,0x2c,0xd7,0x3d,0x09,0x02,0x00,0x43,0x00,0x2c,0xd7,0x39,0x19,0x02,0x00,
    0x44,0x00,0x2c,0xd7,0x2e,0x25,0x02,0x00,0x45,0x00,0x2c,0xd7,0x1a,0x6f,0x02,0x00,
    0x46,0x00,0x2c,0xd7,0x0b,0x65,0x02,0x00,0x47,0x00,0x2c,0xd7,0x3d,0x0d,0x02,0x00,
    0x48,0x00,0x2c,0xd7,0x39,0x1b,0x02,0x00,0x00,0x00,0x55,0xd6,0x1b,0x01,0x06,0x04,
    0x1e,0x23,0x3c,0x4c,0x3b,0x87,0x36,0x4c,0x3e,0x89,0x22,0x4c,0x01,0x00,0x2c,0xd7,
    0x2e,0x27,0x02,0x00,0x3f,0x00,0x55,0xd6,0x3f,0x67,0x16,0x05,0x3e,0x00,0x2c,0xd7,
    0x1e,0x0f,0x02,0x00,0x43,0x00,0x2c,0xd7,0x1b,0x1d,0x02,0x00,0x44,0x00,0x2c,0xd7,
    0x11,0x29,0x02,0x00,0x3b,0x00,0x2c,0xd7,0x40,0x19,0x02,0x00,0x40,0x00,0x55,0xd6,
    0x42,0x79,0x1a,0x05,0x33,0x00,0x2c,0xd7,0x41,0x25,0x02,0x00,0x3e,0x00,0x55,0xd6,
    0x00,0x8f,0xfa,0x04,0x3c,0x00,0x55,0xd6,0x3f,0x91,0x0e,0x05,0x24,0x02,0x87,0xbf,
    0x34,0x00,0x55,0xd6,0x40,0x03,0x12,0x05,0x0c,0x00,0x10,0xca,0x01,0x00,0x00,0x00,
    0x81,0x7c,0x80,0x30,0x92,0x01,0x87,0xbf,0x00,0x05,0x08,0x7e,0x01,0x05,0x0a,0x7e,
    0x02,0x05,0x0c,0x7e,0x03,0x05,0x0e,0x7e,0xff,0xf1,0x88,0xbf,0x01,0x00,0x5a,0xd4,
    0x04,0x00,0x02,0x00,0x02,0x00,0x5a,0xd4,0x06,0x04,0x02,0x00,0x01,0x02,0x01,0x8b,
    0xfe,0xff,0x88,0xbf,0x01,0x20,0x81,0xbe,0x00,0x00,0xc0,0xbf,0x7c,0x00,0x05,0xc4,
    0x3f,0x08,0x80,0x40,0x40,0x00,0x00,0x00,0x7e,0x01,0x7e,0x8d,0xed,0xff,0xa6,0xbf,
    0x03,0x00,0xfe,0xbe,0x08,0x81,0x09,0x81,0x7e,0x00,0x83,0xbe,0xfe,0xff,0x88,0xbf,
    0x0a,0x00,0x2d,0xd7,0x0a,0x13,0x00,0x00,0x01,0x00,0x41,0xd4,0x09,0x6c,0x02,0x00,
    0x92,0x00,0x87,0xbf,0x09,0x14,0x14,0x4a,0x26,0x15,0x4c,0x32,0x91,0x00,0x87,0xbf,
    0x09,0x00,0x2d,0xd7,0x09,0x4d,0x02,0x00,0x26,0x13,0x12,0x4a,0x91,0x00,0x87,0xbf,
    0x25,0x13,0x4a,0x32,0x0a,0x00,0x2d,0xd7,0x08,0x4b,0x02,0x00,0x08,0x7c,0xfe,0xd6,
    0x26,0x41,0x72,0x04,0x12,0x01,0x87,0xbf,0x25,0x15,0x12,0x4a,0x09,0x10,0x38,0x4c,
    0x22,0x01,0x87,0xbf,0x23,0x13,0x40,0x32,0x08,0x7c,0xfe,0xd6,0x25,0x43,0x76,0x04,
    0x09,0x7c,0xfe,0xd6,0x20,0x09,0x7a,0x04,0x24,0x02,0x87,0xbf,0x04,0x00,0x2c,0xd7,
    0x1c,0x3f,0x02,0x00,0x20,0x7b,0x14,0x4c,0x26,0x11,0x10,0x4c,0xa2,0x01,0x87,0xbf,
    0x06,0x00,0x2c,0xd7,0x0a,0x0d,0x02,0x00,0x25,0x13,0x14,0x4c,0x08,0x7c,0xfe,0xd6,
    0x08,0x71,0x12,0x04,0x00,0x00,0xc0,0xbf,0x80,0x7e,0x08,0x02,0x01,0x00,0x6a,0x8b,
    0x07,0x00,0x2c,0xd7,0x0a,0x0f,0x02,0x00,0x06,0x00,0x55,0xd6,0x08,0x0d,0xfa,0x04,
    0x01,0x00,0x87,0xbf,0x06,0x00,0x47,0xd6,0x06,0x0f,0x06,0x02,0x00,0x05,0x08,0x7e,
    0x01,0x05,0x0a,0x7e,0x02,0x05,0x0c,0x7e,0x03,0x05,0x0e,0x7e,0xff,0xf1,0x88,0xbf,
    0x01,0x00,0x5a,0xd4,0x04,0x00,0x02,0x00,0x02,0x00,0x5a,0xd4,0x06,0x04,0x02,0x00,
    0x01,0x02,0x01,0x8b,0xfe,0xff,0x88,0xbf,0x01,0x20,0x81,0xbe,0x00,0x00,0xc0,0xbf,
    0x7c,0x00,0x05,0xc4,0x07,0x08,0x80,0x40,0x06,0x00,0x00,0x00,0x7e,0x01,0x7e,0x8d,
    0xee,0xff,0xa6,0xbf,0x03,0x00,0xfe,0xbe,0x00,0x00,0xc0,0xbf,0x80,0x0e,0x50,0xca,
    0x0e,0x00,0x00,0x07,0x08,0x76,0x82,0x7c,0x0f,0xff,0x01,0x8b,0xff,0xff,0x00,0x00,
    0x02,0x00,0x46,0xd6,0x3a,0x03,0x09,0x02,0xfe,0xff,0x88,0xbf,0x01,0x00,0x22,0xca,
    0x81,0x78,0x08,0x01,0xff,0x02,0x06,0x7e,0x00,0x40,0x00,0x31,0x6a,0x00,0x6a,0x8b,
    0x7e,0x00,0x83,0xbe,0x00,0x05,0x08,0x7e,0x01,0x05,0x0a,0x7e,0x02,0x05,0x0c,0x7e,
    0x03,0x05,0x0e,0x7e,0xff,0xf1,0x88,0xbf,0x01,0x00,0x5a,0xd4,0x04,0x00,0x02,0x00,
    0x02,0x00,0x5a,0xd4,0x06,0x04,0x02,0x00,0x01,0x02,0x01,0x8b,0xfe,0xff,0x88,0xbf,
    0x01,0x20,0x81,0xbe,0x00,0x00,0xc0,0xbf,0x7c,0x00,0x05,0xc4,0x06,0x08,0x80,0x40,
    0x08,0x00,0x00,0x00,0x7e,0x01,0x7e,0x8d,0xee,0xff,0xa6,0xbf,0x03,0x00,0xfe,0xbe,
    0x08,0x00,0x2d,0xd7,0x15,0x13,0x00,0x00,0x01,0x00,0x41,0xd4,0x09,0x76,0x02,0x00,
    0x00,0x00,0xc0,0xbf,0x80,0x0c,0x0c,0x02,0x7e,0x00,0x83,0xbe,0x01,0x00,0x01,0x8b,
    0x09,0x10,0x10,0x4a,0x91,0x00,0x87,0xbf,0x2c,0x11,0x2a,0x32,0x08,0x00,0x2d,0xd7,
    0x10,0x2b,0x02,0x00,0x91,0x00,0x87,0xbf,0x15,0x11,0x10,0x4a,0x2b,0x11,0x20,0x32,
    0x08,0x7c,0xfe,0xd6,0x15,0x49,0x66,0x04,0x12,0x01,0x87,0xbf,0x0a,0x00,0x2d,0xd7,
    0x0f,0x21,0x02,0x00,0x09,0x10,0x1e,0x4c,0x92,0x00,0x87,0xbf,0x10,0x15,0x12,0x4a,
    0x2a,0x13,0x32,0x32,0x08,0x7c,0xfe,0xd6,0x10,0x4f,0x6a,0x04,0x32,0x02,0x87,0xbf,
    0x09,0x7c,0xfe,0xd6,0x19,0x19,0x6e,0x04,0x0a,0x00,0x2c,0xd7,0x0f,0x45,0x02,0x00,
    0x19,0x73,0x18,0x4c,0x15,0x11,0x10,0x4c,0xa2,0x01,0x87,0xbf,0x0c,0x00,0x2c,0xd7,
    0x0c,0x1b,0x02,0x00,0x10,0x13,0x1a,0x4c,0x08,0x7c,0xfe,0xd6,0x08,0x6f,0x2a,0x04,
    0x12,0x01,0x87,0xbf,0x09,0x00,0x2c,0xd7,0x0d,0x1d,0x02,0x00,0x08,0x00,0x55,0xd6,
    0x08,0x19,0xf2,0x04,0x01,0x00,0x87,0xbf,0x09,0x00,0x47,0xd6,0x08,0x13,0x06,0x02,
    0x00,0x05,0x08,0x7e,0x01,0x05,0x0a,0x7e,0x02,0x05,0x0c,0x7e,0x03,0x05,0x0e,0x7e,
    0xff,0xf1,0x88,0xbf,0x04,0x00,0xb4,0x7c,0x02,0x00,0x5a,0xd4,0x06,0x04,0x02,0x00,
    0x6a,0x02,0x02,0x8b,0xfe,0xff,0x88,0xbf,0x02,0x20,0x82,0xbe,0x00,0x00,0xc0,0xbf,
    0x7c,0x00,0x05,0xc4,0x08,0x08,0x80,0x40,0x09,0x00,0x00,0x00,0x7e,0x02,0x7e,0x8d,
    0xef,0xff,0xa6,0xbf,0x03,0x00,0xfe,0xbe,0x00,0x00,0x8b,0xd5,0x04,0x01,0x00,0x20,
    0x02,0x00,0x8b,0xd5,0x07,0x01,0x00,0x20,0xff,0x00,0x82,0xbe,0x3b,0xaa,0xb8,0x3f,
    0x90,0x08,0x02,0x32,0xff,0x00,0x83,0xbe,0x5f,0x70,0xa5,0x32,0xa2,0x01,0x87,0xbf,
    0xff,0x00,0xc6,0xc8,0xff,0x04,0x0a,0x03,0x3b,0xaa,0xb8,0x3f,0xff,0x00,0x36,0x7c,
    0xd0,0x8e,0xce,0xc2,0x01,0x00,0x8b,0xd5,0x01,0x01,0x00,0x20,0x90,0x0e,0x12,0x32,
    0xfe,0xff,0x88,0xbf,0x0c,0x00,0x20,0xcc,0x04,0x05,0x0c,0xac,0x03,0x47,0x1a,0x7e,
    0x0f,0x00,0x20,0xcc,0x07,0x05,0x28,0xac,0x0a,0x47,0x32,0x7e,0x09,0x00,0x8b,0xd5,
    0x09,0x01,0x00,0x20,0x0c,0x00,0x20,0xcc,0x04,0x07,0x30,0x2c,0x03,0x1b,0x06,0x08,
    0xff,0x02,0x1c,0x10,0x3b,0xaa,0xb8,0x3f,0x0d,0x11,0x1a,0x7e,0x93,0x01,0x87,0xbf,
    0xff,0x12,0xc8,0xc8,0x03,0x19,0x02,0x1a,0x3b,0xaa,0xb8,0x3f,0x10,0x08,0x20,0xcc,
    0x04,0x05,0x38,0xac,0x0e,0x47,0x2a,0x7e,0x13,0x01,0x87,0xbf,0x03,0x4b,0x06,0x7e,
    0x04,0x08,0x20,0xcc,0x04,0x07,0x40,0x2c,0x95,0x01,0x87,0xbf,0x03,0x00,0x1c,0xd7,
    0x03,0x1b,0x02,0x00,0x0e,0x2b,0x18,0x08,0x15,0x11,0x1a,0x7e,0x0e,0x00,0x20,0xcc,
    0x07,0x07,0x3c,0x2c,0x0f,0x08,0x20,0xcc,0x07,0x05,0x68,0xac,0xfd,0xff,0x88,0xbf,
    0x80,0x06,0x48,0xca,0x0c,0x09,0x04,0x03,0xff,0x00,0x3c,0x7c,0x18,0x72,0xb1,0x42,
    0x1a,0x47,0x18,0x7e,0x07,0x08,0x20,0xcc,0x07,0x07,0x3c,0x2c,0xc4,0x02,0x87,0xbf,
    0x04,0x4b,0x08,0x7e,0xfd,0xff,0x88,0xbf,0xff,0x06,0x00,0x02,0x00,0x00,0x80,0x7f,
    0xff,0x02,0x36,0x7c,0xd0,0x8e,0xce,0xc2,0x04,0x00,0x1c,0xd7,0x04,0x1b,0x02,0x00,
    0xfd,0xff,0x88,0xbf,0x21,0x01,0x87,0xbf,0x0a,0x33,0x52,0xc9,0x80,0x08,0x02,0x0a,
    0xff,0x02,0x3c,0x7c,0x18,0x72,0xb1,0x42,0x0a,0x1d,0x14,0x06,0x0c,0x11,0x08,0x7e,
    0xfd,0xff,0x88,0xbf,0xff,0x06,0x02,0x02,0x00,0x00,0x80,0x7f,0x23,0x01,0x87,0xbf,
    0x0a,0x4b,0x14,0x7e,0xff,0x04,0x36,0x7c,0xd0,0x8e,0xce,0xc2,0x1a,0x19,0x48,0xc9,
    0xf2,0x02,0x00,0x0e,0xa1,0x01,0x87,0xbf,0xf2,0x00,0x08,0xc9,0x0e,0x0f,0x06,0x00,
    0x19,0x11,0x1c,0x7e,0x19,0x02,0xfc,0xd6,0xf2,0x02,0xca,0x03,0x03,0x00,0x87,0xbf,
    0x07,0x4b,0x0e,0x7e,0x06,0x01,0x87,0xbf,0x0a,0x00,0x1c,0xd7,0x0a,0x1d,0x02,0x00,
    0xfd,0xff,0x88,0xbf,0xb1,0x02,0x87,0xbf,0x80,0x14,0x06,0x02,0x0a,0x7c,0xfc,0xd6,
    0x00,0x01,0xca,0x03,0xff,0x04,0x3c,0x7c,0x18,0x72,0xb1,0x42,0x04,0x00,0x1c,0xd7,
    0x07,0x09,0x02,0x00,0x07,0x7c,0xfc,0xd6,0x01,0x03,0xca,0x03,0xfd,0xff,0x88,0xbf,
    0xff,0x06,0x04,0x02,0x00,0x00,0x80,0x7f,0x0a,0x55,0x06,0x7e,0xff,0x12,0x36,0x7c,
    0xd0,0x8e,0xce,0xc2,0x07,0x55,0x18,0x7e,0xfd,0xff,0x88,0xbf,0x80,0x08,0x08,0x02,
    0xff,0x12,0x3c,0x7c,0x18,0x72,0xb1,0x42,0xa6,0x00,0x87,0xbf,0x09,0x00,0x13,0xd6,
    0x0a,0x07,0xca,0x23,0xfd,0xff,0x88,0xbf,0x09,0x07,0x12,0xc8,0xff,0x08,0x04,0x03,
    0x00,0x00,0x80,0x7f,0x0e,0x6a,0xfc,0xd6,0xf2,0x00,0xca,0x03,0x95,0x00,0x87,0xbf,
    0x09,0x00,0x13,0xd6,0x07,0x19,0xca,0x23,0x0e,0x07,0xc0,0xc8,0x09,0x19,0x0c,0x15,
    0x91,0x00,0x87,0xbf,0x1b,0x00,0x13,0xd6,0x0a,0x2b,0x3a,0x24,0x19,0x19,0xc0,0xc8,
    0x1b,0x07,0x14,0x1c,0xf2,0x08,0x08,0x06,0x92,0x01,0x87,0xbf,0x1b,0x00,0x13,0xd6,
    0x07,0x39,0x66,0x24,0x0a,0x00,0x13,0xd6,0x0a,0x2b,0x3a,0x24,0x93,0x01,0x87,0xbf,
    0x10,0x7c,0xfc,0xd6,0x04,0x09,0xca,0x03,0x1b,0x19,0x38,0x56,0xfd,0xff,0x88,0xbf,
    0x93,0x01,0x87,0xbf,0x03,0x00,0x37,0xd6,0x0a,0x07,0x56,0x04,0x10,0x55,0x12,0x7e,
    0x02,0x00,0xea,0xbe,0x07,0x00,0x13,0xd6,0x07,0x39,0x66,0x24,0x7e,0x00,0x82,0xbe,
    0x00,0x00,0x27,0xd6,0x03,0x01,0xca,0x03,0x91,0x02,0x87,0xbf,0x00,0x00,0x21,0xcc,
    0x00,0x0d,0x02,0x12,0x1d,0x00,0x13,0xd6,0x10,0x13,0xca,0x23,0x31,0x01,0x87,0xbf,
    0x1d,0x13,0x24,0xc8,0xff,0x00,0x00,0x09,0xff,0xff,0x00,0x00,0xf2,0x04,0x04,0x06,
    0x1d,0x04,0xfc,0xd6,0xf2,0x08,0xca,0x03,0x0d,0x7c,0xfc,0xd6,0x02,0x05,0xca,0x03,
    0x12,0x01,0x87,0xbf,0x1d,0x13,0x36,0x10,0x0d,0x55,0x1e,0x7e,0x91,0x00,0x87,0xbf,
    0x0a,0x00,0x13,0xd6,0x10,0x37,0x76,0x24,0x0a,0x13,0x36,0x56,0xfe,0xff,0x88,0xbf,
    0x07,0x00,0x37,0xd6,0x07,0x19,0x72,0x04,0x15,0x01,0x87,0xbf,0x1a,0x00,0x13,0xd6,
    0x0d,0x1f,0xca,0x23,0x01,0x00,0x27,0xd6,0x07,0x03,0xca,0x03,0x07,0x00,0x13,0xd6,
    0x10,0x37,0x76,0x24,0x03,0x00,0x87,0xbf,0x1a,0x1f,0x1e,0x56,0x1a,0x03,0xfc,0xd6,
    0xf2,0x04,0xca,0x03,0x03,0x00,0xea,0xbe,0x01,0x10,0x21,0xcc,0x01,0x0d,0x02,0x12,
    0x00,0x00,0xc0,0xbf,0x06,0x00,0x01,0xd5,0x80,0x10,0x06,0x00,0x92,0x00,0x87,0xbf,
    0x1a,0x1f,0xe2,0xc8,0x90,0x02,0x00,0x1e,0x0e,0x00,0x13,0xd6,0x0d,0x3d,0x6a,0x24,
    0x91,0x00,0x87,0xbf,0x0e,0x1f,0x3c,0x56,0x03,0x00,0x13,0xd6,0x0d,0x3d,0x6a,0x24,
    0xfe,0xff,0x88,0xbf,0x01,0x00,0x87,0xbf,0x03,0x00,0x37,0xd6,0x03,0x1f,0x7a,0x04,
    0x04,0x00,0xea,0xbe,0xfe,0xff,0x88,0xbf,0x07,0x00,0x37,0xd6,0x07,0x13,0x6e,0x04,
    0x08,0x66,0x82,0x7c,0x02,0x00,0x27,0xd6,0x03,0x05,0xca,0x03,0x23,0x01,0x87,0xbf,
    0x03,0x00,0x27,0xd6,0x07,0x09,0xca,0x03,0x6a,0x00,0x01,0x8b,0x04,0x00,0x21,0xcc,
    0x02,0x0d,0x02,0x12,0xfe,0xff,0x88,0xbf,0x08,0x00,0x01,0xd5,0xff,0x00,0x05,0x00,
    0x00,0x00,0x00,0x80,0x19,0xff,0x01,0x8b,0xff,0xff,0x00,0x00,0x06,0x10,0x21,0xcc,
    0x03,0x0d,0x02,0x12,0x01,0x01,0x0e,0x38,0xfe,0xff,0x88,0xbf,0x01,0x02,0x02,0x7e,
    0x02,0x00,0x46,0xd6,0x35,0x03,0x09,0x02,0x18,0x00,0x10,0xca,0xff,0x00,0x02,0x00,
    0x00,0x40,0x00,0x31,0x08,0x00,0x46,0xd6,0x34,0x03,0x21,0x04,0x02,0x00,0x87,0xbf,
    0x00,0x05,0x08,0x7e,0x01,0x05,0x0a,0x7e,0x02,0x05,0x0c,0x7e,0x03,0x05,0x0e,0x7e,
    0xff,0xf1,0x88,0xbf,0x04,0x00,0xb4,0x7c,0x01,0x00,0x5a,0xd4,0x06,0x04,0x02,0x00,
    0x6a,0x01,0x01,0x8b,0xfe,0xff,0x88,0xbf,0x01,0x20,0x81,0xbe,0x7c,0x80,0x06,0xc4,
    0x07,0x08,0x80,0x40,0x08,0x00,0x00,0x00,0x7e,0x01,0x7e,0x8d,0xef,0xff,0xa6,0xbf,
    0x02,0x00,0xfe,0xbe,0x07,0x00,0x2d,0xd7,0x18,0x13,0x00,0x00,0x09,0x66,0x82,0x7c,
    0xff,0x08,0x08,0x36,0xff,0xff,0x00,0x00,0x6a,0x00,0x00,0x8b,0x93,0x00,0x87,0xbf,
    0x09,0x0e,0x0e,0x4a,0x31,0x0f,0x18,0x32,0x91,0x00,0x87,0xbf,0x07,0x00,0x2d,0xd7,
    0x17,0x19,0x02,0x00,0x0c,0x0f,0x0e,0x4a,0xb1,0x01,0x87,0xbf,0x30,0x0f,0x1a,0x32,
    0x07,0x7c,0xfe,0xd6,0x0c,0x53,0x16,0x04,0x90,0x0c,0x0c,0x30,0x09,0x00,0x2d,0xd7,
    0x16,0x1b,0x02,0x00,0x12,0x02,0x87,0xbf,0x06,0x09,0x08,0x38,0x09,0x0e,0x0e,0x4c,
    0xa3,0x01,0x87,0xbf,0x0d,0x13,0x0a,0x4a,0x08,0x7c,0xfe,0xd6,0x0d,0x5b,0x2e,0x04,
    0x07,0x00,0x2c,0xd7,0x07,0x51,0x02,0x00,0x93,0x01,0x87,0xbf,0x2f,0x0b,0x0a,0x32,
    0x0c,0x11,0x10,0x4c,0xa2,0x01,0x87,0xbf,0x09,0x7c,0xfe,0xd6,0x05,0x25,0x46,0x04,
    0x05,0x5d,0x0a,0x4c,0x08,0x00,0x2c,0xd7,0x08,0x65,0x02,0x00,0x12,0x02,0x87,0xbf,
    0x05,0x00,0x2c,0xd7,0x05,0x27,0x02,0x00,0x0d,0x13,0x12,0x4c,0x91,0x01,0x87,0xbf,
    0x09,0x00,0x2c,0xd7,0x09,0x29,0x02,0x00,0x05,0x00,0x55,0xd6,0x08,0x0f,0x16,0x04,
    0xfe,0xff,0x88,0xbf,0x07,0x00,0x01,0xd5,0xff,0x00,0x01,0x00,0x00,0x00,0x00,0x80,
    0x7e,0x00,0x80,0xbe,0x92,0x00,0x87,0xbf,0x05,0x00,0x55,0xd6,0x05,0x69,0x26,0x04,
    0x05,0x00,0x46,0xd6,0x05,0x03,0x1d,0x04,0x00,0x05,0x08,0x7e,0x01,0x05,0x0a,0x7e,
    0x02,0x05,0x0c,0x7e,0x03,0x05,0x0e,0x7e,0xff,0xf1,0x88,0xbf,0x04,0x00,0xb4,0x7c,
    0x00,0x00,0x5a,0xd4,0x06,0x04,0x02,0x00,0xfe,0xff,0x88,0xbf,0x6a,0x00,0x00,0x8b,
    0xfe,0xff,0x88,0xbf,0x00,0x20,0x80,0xbe,0x7c,0x80,0x06,0xc4,0x04,0x08,0x80,0x40,
    0x05,0x00,0x00,0x00,0x7e,0x00,0x7e,0x8d,0xef,0xff,0xa6,0xbf,0x00,0x00,0xb0,0xbf,
    0x00,0x00,0x00,0x00,0x00,0x00,0x00,0x00,0x00,0x00,0x00,0x00,0x00,0x00,0x00,0x00,
    0x00,0x00,0x00,0x00,0x00,0x00,0x00,0x00,0x00,0x00,0x00,0x00,0x00,0x00,0x00,0x00,
    0x00,0x00,0x00,0x00,0x00,0x00,0x00,0x00,0x00,0x00,0x00,0x00,0x00,0x00,0x00,0x00,
    0x00,0x3c,0x00,0x00,0x50,0x00,0x00,0x00,0x58,0x00,0x00,0x00,0x00,0x00,0x00,0x00,
    0x00,0x00,0x00,0x00,0x00,0x00,0x00,0x00,0x00,0x00,0x00,0x00,0x00,0x00,0x00,0x00,
    0x00,0x00,0x00,0x00,0x00,0x00,0x00,0x00,0x00,0x00,0x00,0x00,0xd0,0x07,0x00,0x00,
    0x09,0x00,0x0f,0xc0,0x89,0x10,0x00,0x00,0x0a,0x04,0x00,0x00,0x00,0x00,0x00,0x00,
    0x10,0x00,0x00,0x00,0x00,0x00,0x00,0x00,0x00,0x00,0x00,0x00,0x00,0x00,0x00,0x00,
    0x00,0x00,0x00,0x00,0x00,0x00,0x00,0x00,0x00,0x00,0x00,0x00,0x00,0x00,0x00,0x00,
    0x00,0x00,0x00,0x00,0x00,0x00,0x00,0x00,0xf0,0xff,0xff,0xff,0xff,0xff,0xff,0xff,
    0xf0,0xff,0xff,0xff,0xff,0xff,0xff,0xff,0x00,0x00,0x00,0x00,0x00,0x00,0x00,0x00,
    0x00,0x00,0x00,0x00,0x00,0x00,0x00,0x00,0x00,0x00,0x00,0x00,0x00,0x00,0x00,0x00,
    0x10,0x00,0x00,0x00,0x00,0x00,0x00,0x00,0x00,0x00,0x00,0x00,0x00,0x00,0x00,0x00,
    0x00,0x00,0x00,0x00,0x00,0x00,0x00,0x00,0x00,0x00,0x00,0x00,0x00,0x00,0x00,0x00,
    0x00,0x00,0x00,0x00,0x00,0x00,0x00,0x00,0xf0,0xff,0xff,0xff,0xff,0xff,0xff,0xff,
    0xf0,0xff,0xff,0xff,0xff,0xff,0xff,0xff,0x00,0x00,0x00,0x00,0x00,0x00,0x00,0x00,
    0x00,0x00,0x00,0x00,0x00,0x00,0x00,0x00,0x00,0x00,0x00,0x00,0x00,0x00,0x00,0x00,
    0x18,0x00,0x00,0x00,0x00,0x00,0x00,0x00,0x00,0x00,0x00,0x00,0x00,0x00,0x00,0x00,
    0x00,0x00,0x00,0x00,0x00,0x00,0x00,0x00,0x00,0x00,0x00,0x00,0x00,0x00,0x00,0x00,
    0x00,0x00,0x00,0x00,0x00,0x00,0x00,0x00,0xe8,0xff,0xff,0xff,0xff,0xff,0xff,0xff,
    0xe8,0xff,0xff,0xff,0xff,0xff,0xff,0xff,0x00,0x00,0x00,0x00,0x00,0x00,0x00,0x00,
    0x00,0x00,0x00,0x00,0x00,0x00,0x00,0x00,0x00,0x00,0x00,0x00,0x00,0x00,0x00,0x00,
    0x18,0x00,0x00,0x00,0x00,0x00,0x00,0x00,0x00,0x00,0x00,0x00,0x00,0x00,0x00,0x00,
    0x00,0x00,0x00,0x00,0x00,0x00,0x00,0x00,0x00,0x00,0x00,0x00,0x00,0x00,0x00,0x00,
    0x00,0x00,0x00,0x00,0x00,0x00,0x00,0x00,0xe8,0xff,0xff,0xff,0xff,0xff,0xff,0xff,
    0xe8,0xff,0xff,0xff,0xff,0xff,0xff,0xff,0x00,0x00,0x00,0x00,0x00,0x00,0x00,0x00,
    0x00,0x00,0x00,0x00,0x00,0x00,0x00,0x00,0x00,0x00,0x00,0x00,0x00,0x00,0x00,0x00,
    0x20,0x00,0x00,0x00,0x00,0x00,0x00,0x00,0x00,0x00,0x00,0x00,0x00,0x00,0x00,0x00,
    0x00,0x00,0x00,0x00,0x00,0x00,0x00,0x00,0x00,0x00,0x00,0x00,0x00,0x00,0x00,0x00,
    0x00,0x00,0x00,0x00,0x00,0x00,0x00,0x00,0x20,0x00,0x00,0x00,0x00,0x00,0x00,0x00,
    0x00,0x00,0x00,0x00,0x00,0x00,0x00,0x00,0x00,0x00,0x00,0x00,0x00,0x00,0x00,0x00,
    0x00,0x00,0x00,0x00,0x00,0x00,0x00,0x00,0x00,0x00,0x00,0x00,0x00,0x00,0x00,0x00,
    0x10,0x00,0x00,0x00,0x00,0x00,0x00,0x00,0xf0,0xff,0xff,0xff,0xff,0xff,0xff,0xff,
    0x00,0x00,0x00,0x00,0x00,0x00,0x00,0x00,0x00,0x00,0x00,0x00,0x00,0x00,0x00,0x00,
    0x00,0x00,0x00,0x00,0x00,0x00,0x00,0x00,0xe0,0xff,0xff,0xff,0xff,0xff,0xff,0xff,
    0xe0,0xff,0xff,0xff,0xff,0xff,0xff,0xff,0x00,0x00,0x00,0x00,0x00,0x00,0x00,0x00,
    0x00,0x00,0x00,0x00,0x00,0x00,0x00,0x00,0x00,0x00,0x00,0x00,0x00,0x00,0x00,0x00,
    0x20,0x00,0x00,0x00,0x00,0x00,0x00,0x00,0x00,0x00,0x00,0x00,0x00,0x00,0x00,0x00,
    0x00,0x00,0x00,0x00,0x00,0x00,0x00,0x00,0x00,0x00,0x00,0x00,0x00,0x00,0x00,0x00,
    0x00,0x00,0x00,0x00,0x00,0x00,0x00,0x00,0xe0,0xff,0xff,0xff,0xff,0xff,0xff,0xff,
    0xe0,0xff,0xff,0xff,0xff,0xff,0xff,0xff,0x00,0x00,0x00,0x00,0x00,0x00,0x00,0x00,
    0x00,0x00,0x00,0x00,0x00,0x00,0x00,0x00,0x00,0x00,0x00,0x00,0x00,0x00,0x00,0x00,
    0x10,0x00,0x00,0x00,0x00,0x00,0x00,0x00,0x00,0x00,0x00,0x00,0x00,0x00,0x00,0x00,
    0x00,0x00,0x00,0x00,0x00,0x00,0x00,0x00,0x00,0x00,0x00,0x00,0x00,0x00,0x00,0x00,
    0x00,0x00,0x00,0x00,0x00,0x00,0x00,0x00,0xf0,0xff,0xff,0xff,0xff,0xff,0xff,0xff,
    0xf0,0xff,0xff,0xff,0xff,0xff,0xff,0xff,0x00,0x00,0x00,0x00,0x00,0x00,0x00,0x00,
    0x00,0x00,0x00,0x00,0x00,0x00,0x00,0x00,0x00,0x00,0x00,0x00,0x00,0x00,0x00,0x00,
    0x20,0x00,0x00,0x00,0x00,0x00,0x00,0x00,0x00,0x00,0x00,0x00,0x00,0x00,0x00,0x00,
    0x00,0x00,0x00,0x00,0x00,0x00,0x00,0x00,0x00,0x00,0x00,0x00,0x00,0x00,0x00,0x00,
    0x00,0x00,0x00,0x00,0x00,0x00,0x00,0x00,0x20,0x00,0x00,0x00,0x00,0x00,0x00,0x00,
    0x00,0x00,0x00,0x00,0x00,0x00,0x00,0x00,0x00,0x00,0x00,0x00,0x00,0x00,0x00,0x00,
    0x00,0x00,0x00,0x00,0x00,0x00,0x00,0x00,0x00,0x00,0x00,0x00,0x00,0x00,0x00,0x00,
    0x10,0x00,0x00,0x00,0x00,0x00,0x00,0x00,0xf0,0xff,0xff,0xff,0xff,0xff,0xff,0xff,
    0x00,0x00,0x00,0x00,0x00,0x00,0x00,0x00,0x00,0x00,0x00,0x00,0x00,0x00,0x00,0x00,
    0x00,0x00,0x00,0x00,0x00,0x00,0x00,0x00,0xe0,0xff,0xff,0xff,0xff,0xff,0xff,0xff,
    0xe0,0xff,0xff,0xff,0xff,0xff,0xff,0xff,0x00,0x00,0x00,0x00,0x00,0x00,0x00,0x00,
    0x00,0x00,0x00,0x00,0x00,0x00,0x00,0x00,0x00,0x00,0x00,0x00,0x00,0x00,0x00,0x00,
    0x20,0x00,0x00,0x00,0x00,0x00,0x00,0x00,0x00,0x00,0x00,0x00,0x00,0x00,0x00,0x00,
    0x00,0x00,0x00,0x00,0x00,0x00,0x00,0x00,0x00,0x00,0x00,0x00,0x00,0x00,0x00,0x00,
    0x00,0x00,0x00,0x00,0x00,0x00,0x00,0x00,0xe0,0xff,0xff,0xff,0xff,0xff,0xff,0xff,
    0xe0,0xff,0xff,0xff,0xff,0xff,0xff,0xff,0x00,0x00,0x00,0x00,0x00,0x00,0x00,0x00,
    0x00,0x00,0x00,0x00,0x00,0x00,0x00,0x00,0x00,0x00,0x00,0x00,0x00,0x00,0x00,0x00,
    0x10,0x00,0x00,0x00,0x00,0x00,0x00,0x00,0x00,0x00,0x00,0x00,0x00,0x00,0x00,0x00,
    0x00,0x00,0x00,0x00,0x00,0x00,0x00,0x00,0x00,0x00,0x00,0x00,0x00,0x00,0x00,0x00,
    0x00,0x00,0x00,0x00,0x00,0x00,0x00,0x00,0xf0,0xff,0xff,0xff,0xff,0xff,0xff,0xff,
    0xf0,0xff,0xff,0xff,0xff,0xff,0xff,0xff,0x00,0x00,0x00,0x00,0x00,0x00,0x00,0x00,
    0x00,0x00,0x00,0x00,0x00,0x00,0x00,0x00,0x00,0x00,0x00,0x00,0x00,0x00,0x00,0x00,
    0x00,0x63,0x6c,0x61,0x6e,0x67,0x20,0x76,0x65,0x72,0x73,0x69,0x6f,0x6e,0x20,0x32,
    0x31,0x2e,0x30,0x2e,0x30,0x67,0x69,0x74,0x00,0x00,0x00,0x00,0x07,0x00,0x00,0x00,
    0xfe,0x0a,0x00,0x00,0x20,0x00,0x00,0x00,0x41,0x4d,0x44,0x47,0x50,0x55,0x00,0x00,
    0x83,0xae,0x61,0x6d,0x64,0x68,0x73,0x61,0x2e,0x6b,0x65,0x72,0x6e,0x65,0x6c,0x73,
    0x91,0xde,0x00,0x12,0xa5,0x2e,0x61,0x72,0x67,0x73,0xdc,0x00,0x13,0x84,0xae,0x2e,
    0x61,0x64,0x64,0x72,0x65,0x73,0x73,0x5f,0x73,0x70,0x61,0x63,0x65,0xa6,0x67,0x6c,
    0x6f,0x62,0x61,0x6c,0xa7,0x2e,0x6f,0x66,0x66,0x73,0x65,0x74,0x00,0xa5,0x2e,0x73,
    0x69,0x7a,0x65,0x08,0xab,0x2e,0x76,0x61,0x6c,0x75,0x65,0x5f,0x6b,0x69,0x6e,0x64,
    0xad,0x67,0x6c,0x6f,0x62,0x61,0x6c,0x5f,0x62,0x75,0x66,0x66,0x65,0x72,0x84,0xae,
    0x2e,0x61,0x64,0x64,0x72,0x65,0x73,0x73,0x5f,0x73,0x70,0x61,0x63,0x65,0xa6,0x67,
    0x6c,0x6f,0x62,0x61,0x6c,0xa7,0x2e,0x6f,0x66,0x66,0x73,0x65,0x74,0x08,0xa5,0x2e,
    0x73,0x69,0x7a,0x65,0x08,0xab,0x2e,0x76,0x61,0x6c,0x75,0x65,0x5f,0x6b,0x69,0x6e,
    0x64,0xad,0x67,0x6c,0x6f,0x62,0x61,0x6c,0x5f,0x62,0x75,0x66,0x66,0x65,0x72,0x84,
    0xae,0x2e,0x61,0x64,0x64,0x72,0x65,0x73,0x73,0x5f,0x73,0x70,0x61,0x63,0x65,0xa6,
    0x67,0x6c,0x6f,0x62,0x61,0x6c,0xa7,0x2e,0x6f,0x66,0x66,0x73,0x65,0x74,0x10,0xa5,
    0x2e,0x73,0x69,0x7a,0x65,0x08,0xab,0x2e,0x76,0x61,0x6c,0x75,0x65,0x5f,0x6b,0x69,
    0x6e,0x64,0xad,0x67,0x6c,0x6f,0x62,0x61,0x6c,0x5f,0x62,0x75,0x66,0x66,0x65,0x72,
    0x83,0xa7,0x2e,0x6f,0x66,0x66,0x73,0x65,0x74,0x18,0xa5,0x2e,0x73,0x69,0x7a,0x65,
    0x04,0xab,0x2e,0x76,0x61,0x6c,0x75,0x65,0x5f,0x6b,0x69,0x6e,0x64,0xa8,0x62,0x79,
    0x5f,0x76,0x61,0x6c,0x75,0x65,0x83,0xa7,0x2e,0x6f,0x66,0x66,0x73,0x65,0x74,0x1c,
    0xa5,0x2e,0x73,0x69,0x7a,0x65,0x04,0xab,0x2e,0x76,0x61,0x6c,0x75,0x65,0x5f,0x6b,
    0x69,0x6e,0x64,0xa8,0x62,0x79,0x5f,0x76,0x61,0x6c,0x75,0x65,0x83,0xa7,0x2e,0x6f,
    0x66,0x66,0x73,0x65,0x74,0x20,0xa5,0x2e,0x73,0x69,0x7a,0x65,0x04,0xab,0x2e,0x76,
    0x61,0x6c,0x75,0x65,0x5f,0x6b,0x69,0x6e,0x64,0xa8,0x62,0x79,0x5f,0x76,0x61,0x6c,
    0x75,0x65,0x83,0xa7,0x2e,0x6f,0x66,0x66,0x73,0x65,0x74,0x24,0xa5,0x2e,0x73,0x69,
    0x7a,0x65,0x04,0xab,0x2e,0x76,0x61,0x6c,0x75,0x65,0x5f,0x6b,0x69,0x6e,0x64,0xa8,
    0x62,0x79,0x5f,0x76,0x61,0x6c,0x75,0x65,0x83,0xa7,0x2e,0x6f,0x66,0x66,0x73,0x65,
    0x74,0x28,0xa5,0x2e,0x73,0x69,0x7a,0x65,0x04,0xab,0x2e,0x76,0x61,0x6c,0x75,0x65,
    0x5f,0x6b,0x69,0x6e,0x64,0xa8,0x62,0x79,0x5f,0x76,0x61,0x6c,0x75,0x65,0x83,0xa7,
    0x2e,0x6f,0x66,0x66,0x73,0x65,0x74,0x2c,0xa5,0x2e,0x73,0x69,0x7a,0x65,0x04,0xab,
    0x2e,0x76,0x61,0x6c,0x75,0x65,0x5f,0x6b,0x69,0x6e,0x64,0xa8,0x62,0x79,0x5f,0x76,
    0x61,0x6c,0x75,0x65,0x83,0xa7,0x2e,0x6f,0x66,0x66,0x73,0x65,0x74,0x30,0xa5,0x2e,
    0x73,0x69,0x7a,0x65,0x04,0xab,0x2e,0x76,0x61,0x6c,0x75,0x65,0x5f,0x6b,0x69,0x6e,
    0x64,0xa8,0x62,0x79,0x5f,0x76,0x61,0x6c,0x75,0x65,0x83,0xa7,0x2e,0x6f,0x66,0x66,
    0x73,0x65,0x74,0x34,0xa5,0x2e,0x73,0x69,0x7a,0x65,0x04,0xab,0x2e,0x76,0x61,0x6c,
    0x75,0x65,0x5f,0x6b,0x69,0x6e,0x64,0xa8,0x62,0x79,0x5f,0x76,0x61,0x6c,0x75,0x65,
    0x83,0xa7,0x2e,0x6f,0x66,0x66,0x73,0x65,0x74,0x38,0xa5,0x2e,0x73,0x69,0x7a,0x65,
    0x04,0xab,0x2e,0x76,0x61,0x6c,0x75,0x65,0x5f,0x6b,0x69,0x6e,0x64,0xa8,0x62,0x79,
    0x5f,0x76,0x61,0x6c,0x75,0x65,0x83,0xa7,0x2e,0x6f,0x66,0x66,0x73,0x65,0x74,0x3c,
    0xa5,0x2e,0x73,0x69,0x7a,0x65,0x04,0xab,0x2e,0x76,0x61,0x6c,0x75,0x65,0x5f,0x6b,
    0x69,0x6e,0x64,0xa8,0x62,0x79,0x5f,0x76,0x61,0x6c,0x75,0x65,0x83,0xa7,0x2e,0x6f,
    0x66,0x66,0x73,0x65,0x74,0x40,0xa5,0x2e,0x73,0x69,0x7a,0x65,0x04,0xab,0x2e,0x76,
    0x61,0x6c,0x75,0x65,0x5f,0x6b,0x69,0x6e,0x64,0xa8,0x62,0x79,0x5f,0x76,0x61,0x6c,
    0x75,0x65,0x83,0xa7,0x2e,0x6f,0x66,0x66,0x73,0x65,0x74,0x44,0xa5,0x2e,0x73,0x69,
    0x7a,0x65,0x04,0xab,0x2e,0x76,0x61,0x6c,0x75,0x65,0x5f,0x6b,0x69,0x6e,0x64,0xa8,
    0x62,0x79,0x5f,0x76,0x61,0x6c,0x75,0x65,0x83,0xa7,0x2e,0x6f,0x66,0x66,0x73,0x65,
    0x74,0x48,0xa5,0x2e,0x73,0x69,0x7a,0x65,0x04,0xab,0x2e,0x76,0x61,0x6c,0x75,0x65,
    0x5f,0x6b,0x69,0x6e,0x64,0xa8,0x62,0x79,0x5f,0x76,0x61,0x6c,0x75,0x65,0x83,0xa7,
    0x2e,0x6f,0x66,0x66,0x73,0x65,0x74,0x4c,0xa5,0x2e,0x73,0x69,0x7a,0x65,0x04,0xab,
    0x2e,0x76,0x61,0x6c,0x75,0x65,0x5f,0x6b,0x69,0x6e,0x64,0xa8,0x62,0x79,0x5f,0x76,
    0x61,0x6c,0x75,0x65,0x83,0xa7,0x2e,0x6f,0x66,0x66,0x73,0x65,0x74,0x50,0xa5,0x2e,
    0x73,0x69,0x7a,0x65,0x04,0xab,0x2e,0x76,0x61,0x6c,0x75,0x65,0x5f,0x6b,0x69,0x6e,
    0x64,0xa8,0x62,0x79,0x5f,0x76,0x61,0x6c,0x75,0x65,0x83,0xa7,0x2e,0x6f,0x66,0x66,
    0x73,0x65,0x74,0x54,0xa5,0x2e,0x73,0x69,0x7a,0x65,0x04,0xab,0x2e,0x76,0x61,0x6c,
    0x75,0x65,0x5f,0x6b,0x69,0x6e,0x64,0xa8,0x62,0x79,0x5f,0x76,0x61,0x6c,0x75,0x65,
    0xb9,0x2e,0x67,0x72,0x6f,0x75,0x70,0x5f,0x73,0x65,0x67,0x6d,0x65,0x6e,0x74,0x5f,
    0x66,0x69,0x78,0x65,0x64,0x5f,0x73,0x69,0x7a,0x65,0xcd,0x3c,0x00,0xb6,0x2e,0x6b,
    0x65,0x72,0x6e,0x61,0x72,0x67,0x5f,0x73,0x65,0x67,0x6d,0x65,0x6e,0x74,0x5f,0x61,
    0x6c,0x69,0x67,0x6e,0x08,0xb5,0x2e,0x6b,0x65,0x72,0x6e,0x61,0x72,0x67,0x5f,0x73,
    0x65,0x67,0x6d,0x65,0x6e,0x74,0x5f,0x73,0x69,0x7a,0x65,0x58,0xa9,0x2e,0x6c,0x61,
    0x6e,0x67,0x75,0x61,0x67,0x65,0xa8,0x4f,0x70,0x65,0x6e,0x43,0x4c,0x20,0x43,0xb1,
    0x2e,0x6c,0x61,0x6e,0x67,0x75,0x61,0x67,0x65,0x5f,0x76,0x65,0x72,0x73,0x69,0x6f,
    0x6e,0x92,0x02,0x00,0xb8,0x2e,0x6d,0x61,0x78,0x5f,0x66,0x6c,0x61,0x74,0x5f,0x77,
    0x6f,0x72,0x6b,0x67,0x72,0x6f,0x75,0x70,0x5f,0x73,0x69,0x7a,0x65,0xcd,0x01,0x00,
    0xa5,0x2e,0x6e,0x61,0x6d,0x65,0xda,0x03,0x12,0x5f,0x5a,0x4e,0x32,0x63,0x6b,0x32,
    0x37,0x6b,0x65,0x72,0x6e,0x65,0x6c,0x5f,0x65,0x6c,0x65,0x6d,0x65,0x6e,0x74,0x77,
    0x69,0x73,0x65,0x5f,0x66,0x6c,0x61,0x74,0x5f,0x61,0x72,0x67,0x49,0x4e,0x53,0x5f,
    0x31,0x36,0x74,0x65,0x6e,0x73,0x6f,0x72,0x5f,0x6f,0x70,0x65,0x72,0x61,0x74,0x69,
    0x6f,0x6e,0x36,0x64,0x65,0x76,0x69,0x63,0x65,0x32,0x31,0x44,0x65,0x76,0x69,0x63,
    0x65,0x45,0x6c,0x65,0x6d,0x65,0x6e,0x74,0x77,0x69,0x73,0x65,0x49,0x6d,0x70,0x6c,
    0x49,0x4e,0x53,0x5f,0x35,0x54,0x75,0x70,0x6c,0x65,0x49,0x4a,0x44,0x46,0x31,0x36,
    0x5f,0x44,0x46,0x31,0x36,0x5f,0x45,0x45,0x45,0x4e,0x53,0x34,0x5f,0x49,0x4a,0x44,
    0x46,0x31,0x36,0x5f,0x45,0x45,0x45,0x31,0x30,0x53,0x69,0x67,0x6d,0x6f,0x69,0x64,
    0x4d,0x75,0x6c,0x4c,0x69,0x34,0x45,0x4c,0x69,0x36,0x34,0x45,0x4c,0x69,0x32,0x45,
    0x4c,0x69,0x31,0x32,0x38,0x45,0x4c,0x69,0x32,0x45,0x4c,0x69,0x32,0x45,0x4e,0x53,
    0x5f,0x38,0x53,0x65,0x71,0x75,0x65,0x6e,0x63,0x65,0x49,0x4a,0x4c,0x69,0x31,0x45,
    0x4c,0x69,0x30,0x45,0x45,0x45,0x45,0x4e,0x53,0x38,0x5f,0x49,0x4a,0x4c,0x69,0x32,
    0x45,0x4c,0x69,0x32,0x45,0x45,0x45,0x45,0x4e,0x53,0x38,0x5f,0x49,0x4a,0x4c,0x69,
    0x32,0x45,0x45,0x45,0x45,0x45,0x45,0x4e,0x53,0x5f,0x31,0x39,0x47,0x72,0x69,0x64,
    0x77,0x69,0x73,0x65,0x45,0x6c,0x65,0x6d,0x65,0x6e,0x74,0x77,0x69,0x73,0x65,0x49,
    0x4e,0x53,0x34,0x5f,0x49,0x4a,0x4e,0x53,0x5f,0x31,0x36,0x54,0x65,0x6e,0x73,0x6f,
    0x72,0x44,0x65,0x73,0x63,0x72,0x69,0x70,0x74,0x6f,0x72,0x49,0x4e,0x53,0x34,0x5f,
    0x49,0x4a,0x4e,0x53,0x5f,0x35,0x45,0x6d,0x62,0x65,0x64,0x49,0x4e,0x53,0x34,0x5f,
    0x49,0x4a,0x69,0x69,0x69,0x69,0x69,0x45,0x45,0x45,0x53,0x47,0x5f,0x4c,0x62,0x30,
    0x45,0x45,0x45,0x4e,0x53,0x5f,0x32,0x33,0x4d,0x65,0x72,0x67,0x65,0x5f,0x76,0x32,
    0x5f,0x6d,0x61,0x67,0x69,0x63,0x5f,0x64,0x69,0x76,0x69,0x73,0x69,0x6f,0x6e,0x49,
    0x4e,0x53,0x34,0x5f,0x49,0x4a,0x69,0x69,0x69,0x69,0x45,0x45,0x45,0x45,0x45,0x4e,
    0x53,0x5f,0x31,0x31,0x50,0x61,0x73,0x73,0x54,0x68,0x72,0x6f,0x75,0x67,0x68,0x49,
    0x69,0x45,0x45,0x4e,0x53,0x5f,0x38,0x52,0x69,0x67,0x68,0x74,0x50,0x61,0x64,0x49,
    0x69,0x69,0x4c,0x62,0x30,0x45,0x45,0x45,0x53,0x4f,0x5f,0x45,0x45,0x45,0x4e,0x53,
    0x34,0x5f,0x49,0x4a,0x4e,0x53,0x38,0x5f,0x49,0x4a,0x4c,0x69,0x30,0x45,0x45,0x45,
    0x45,0x4e,0x53,0x38,0x5f,0x49,0x4a,0x4c,0x69,0x31,0x45,0x4c,0x69,0x32,0x45,0x4c,
    0x69,0x33,0x45,0x4c,0x69,0x34,0x45,0x45,0x45,0x45,0x4e,0x53,0x38,0x5f,0x49,0x4a,
    0x4c,0x69,0x35,0x45,0x45,0x45,0x45,0x4e,0x53,0x38,0x5f,0x49,0x4a,0x4c,0x69,0x36,
    0x45,0x45,0x45,0x45,0x4e,0x53,0x38,0x5f,0x49,0x4a,0x4c,0x69,0x37,0x45,0x45,0x45,
    0x45,0x45,0x45,0x45,0x4e,0x53,0x34,0x5f,0x49,0x4a,0x4e,0x53,0x38,0x5f,0x49,0x4a,
    0x4c,0x69,0x31,0x45,0x4c,0x69,0x32,0x45,0x4c,0x69,0x33,0x45,0x4c,0x69,0x34,0x45,
    0x4c,0x69,0x35,0x45,0x45,0x45,0x45,0x53,0x54,0x5f,0x53,0x55,0x5f,0x4e,0x53,0x38,
    0x5f,0x49,0x4a,0x4c,0x69,0x38,0x45,0x45,0x45,0x45,0x4e,0x53,0x38,0x5f,0x49,0x4a,
    0x4c,0x69,0x39,0x45,0x45,0x45,0x45,0x45,0x45,0x45,0x4e,0x53,0x38,0x5f,0x49,0x4a,
    0x4c,0x69,0x38,0x45,0x4c,0x69,0x39,0x45,0x45,0x45,0x45,0x78,0x45,0x45,0x53,0x31,
    0x31,0x5f,0x45,0x45,0x45,0x4e,0x53,0x34,0x5f,0x49,0x4a,0x53,0x31,0x31,0x5f,0x45,
    0x45,0x45,0x4e,0x53,0x34,0x5f,0x49,0x4a,0x50,0x4b,0x44,0x46,0x31,0x36,0x5f,0x53,
    0x31,0x35,0x5f,0x45,0x45,0x45,0x4e,0x53,0x34,0x5f,0x49,0x4a,0x50,0x44,0x46,0x31,
    0x36,0x5f,0x45,0x45,0x45,0x4e,0x53,0x5f,0x33,0x31,0x42,0x6c,0x6f,0x63,0x6b,0x54,
    0x6f,0x43,0x54,0x69,0x6c,0x65,0x4d,0x61,0x70,0x5f,0x4d,0x30,0x30,0x5f,0x4e,0x30,
    0x5f,0x4d,0x30,0x31,0x41,0x64,0x61,0x70,0x74,0x49,0x4c,0x69,0x32,0x45,0x4c,0x69,
    0x31,0x32,0x38,0x45,0x76,0x45,0x45,0x53,0x37,0x5f,0x4c,0x69,0x36,0x34,0x45,0x4c,
    0x69,0x32,0x45,0x4c,0x69,0x31,0x32,0x38,0x45,0x4c,0x69,0x32,0x45,0x4c,0x69,0x32,
    0x45,0x53,0x39,0x5f,0x53,0x41,0x5f,0x53,0x42,0x5f,0x4c,0x69,0x31,0x45,0x4c,0x69,
    0x31,0x45,0x45,0x45,0x44,0x46,0x31,0x36,0x5f,0x44,0x46,0x31,0x36,0x5f,0x44,0x46,
    0x31,0x36,0x5f,0x53,0x31,0x41,0x5f,0x53,0x37,0x5f,0x45,0x45,0x76,0x50,0x4b,0x54,
    0x31,0x5f,0x50,0x4b,0x54,0x32,0x5f,0x50,0x54,0x33,0x5f,0x69,0x69,0x69,0x69,0x69,
    0x69,0x69,0x69,0x69,0x69,0x69,0x69,0x69,0x69,0x69,0x69,0xbb,0x2e,0x70,0x72,0x69,
    0x76,0x61,0x74,0x65,0x5f,0x73,0x65,0x67,0x6d,0x65,0x6e,0x74,0x5f,0x66,0x69,0x78,
    0x65,0x64,0x5f,0x73,0x69,0x7a,0x65,0x50,0xab,0x2e,0x73,0x67,0x70,0x72,0x5f,0x63,
    0x6f,0x75,0x6e,0x74,0x24,0xb1,0x2e,0x73,0x67,0x70,0x72,0x5f,0x73,0x70,0x69,0x6c,
    0x6c,0x5f,0x63,0x6f,0x75,0x6e,0x74,0x00,0xa7,0x2e,0x73,0x79,0x6d,0x62,0x6f,0x6c,
    0xda,0x03,0x15,0x5f,0x5a,0x4e,0x32,0x63,0x6b,0x32,0x37,0x6b,0x65,0x72,0x6e,0x65,
    0x6c,0x5f,0x65,0x6c,0x65,0x6d,0x65,0x6e,0x74,0x77,0x69,0x73,0x65,0x5f,0x66,0x6c,
    0x61,0x74,0x5f,0x61,0x72,0x67,0x49,0x4e,0x53,0x5f,0x31,0x36,0x74,0x65,0x6e,0x73,
    0x6f,0x72,0x5f,0x6f,0x70,0x65,0x72,0x61,0x74,0x69,0x6f,0x6e,0x36,0x64,0x65,0x76,
    0x69,0x63,0x65,0x32,0x31,0x44,0x65,0x76,0x69,0x63,0x65,0x45,0x6c,0x65,0x6d,0x65,
    0x6e,0x74,0x77,0x69,0x73,0x65,0x49,0x6d,0x70,0x6c,0x49,0x4e,0x53,0x5f,0x35,0x54,
    0x75,0x70,0x6c,0x65,0x49,0x4a,0x44,0x46,0x31,0x36,0x5f,0x44,0x46,0x31,0x36,0x5f,
    0x45,0x45,0x45,0x4e,0x53,0x34,0x5f,0x49,0x4a,0x44,0x46,0x31,0x36,0x5f,0x45,0x45,
    0x45,0x31,0x30,0x53,0x69,0x67,0x6d,0x6f,0x69,0x64,0x4d,0x75,0x6c,0x4c,0x69,0x34,
    0x45,0x4c,0x69,0x36,0x34,0x45,0x4c,0x69,0x32,0x45,0x4c,0x69,0x31,0x32,0x38,0x45,
    0x4c,0x69,0x32,0x45,0x4c,0x69,0x32,0x45,0x4e,0x53,0x5f,0x38,0x53,0x65,0x71,0x75,
    0x65,0x6e,0x63,0x65,0x49,0x4a,0x4c,0x69,0x31,0x45,0x4c,0x69,0x30,0x45,0x45,0x45,
    0x45,0x4e,0x53,0x38,0x5f,0x49,0x4a,0x4c,0x69,0x32,0x45,0x4c,0x69,0x32,0x45,0x45,
    0x45,0x45,0x4e,0x53,0x38,0x5f,0x49,0x4a,0x4c,0x69,0x32,0x45,0x45,0x45,0x45,0x45,
    0x45,0x4e,0x53,0x5f,0x31,0x39,0x47,0x72,0x69,0x64,0x77,0x69,0x73,0x65,0x45,0x6c,
    0x65,0x6d,0x65,0x6e,0x74,0x77,0x69,0x73,0x65,0x49,0x4e,0x53,0x34,0x5f,0x49,0x4a,
    0x4e,0x53,0x5f,0x31,0x36,0x54,0x65,0x6e,0x73,0x6f,0x72,0x44,0x65,0x73,0x63,0x72,
    0x69,0x70,0x74,0x6f,0x72,0x49,0x4e,0x53,0x34,0x5f,0x49,0x4a,0x4e,0x53,0x5f,0x35,
    0x45,0x6d,0x62,0x65,0x64,0x49,0x4e,0x53,0x34,0x5f,0x49,0x4a,0x69,0x69,0x69,0x69,
    0x69,0x45,0x45,0x45,0x53,0x47,0x5f,0x4c,0x62,0x30,0x45,0x45,0x45,0x4e,0x53,0x5f,
    0x32,0x33,0x4d,0x65,0x72,0x67,0x65,0x5f,0x76,0x32,0x5f,0x6d,0x61,0x67,0x69,0x63,
    0x5f,0x64,0x69,0x76,0x69,0x73,0x69,0x6f,0x6e,0x49,0x4e,0x53,0x34,0x5f,0x49,0x4a,
    0x69,0x69,0x69,0x69,0x45,0x45,0x45,0x45,0x45,0x4e,0x53,0x5f,0x31,0x31,0x50,0x61,
    0x73,0x73,0x54,0x68,0x72,0x6f,0x75,0x67,0x68,0x49,0x69,0x45,0x45,0x4e,0x53,0x5f,
    0x38,0x52,0x69,0x67,0x68,0x74,0x50,0x61,0x64,0x49,0x69,0x69,0x4c,0x62,0x30,0x45,
    0x45,0x45,0x53,0x4f,0x5f,0x45,0x45,0x45,0x4e,0x53,0x34,0x5f,0x49,0x4a,0x4e,0x53,
    0x38,0x5f,0x49,0x4a,0x4c,0x69,0x30,0x45,0x45,0x45,0x45,0x4e,0x53,0x38,0x5f,0x49,
    0x4a,0x4c,0x69,0x31,0x45,0x4c,0x69,0x32,0x45,0x4c,0x69,0x33,0x45,0x4c,0x69,0x34,
    0x45,0x45,0x45,0x45,0x4e,0x53,0x38,0x5f,0x49,0x4a,0x4c,0x69,0x35,0x45,0x45,0x45,
    0x45,0x4e,0x53,0x38,0x5f,0x49,0x4a,0x4c,0x69,0x36,0x45,0x45,0x45,0x45,0x4e,0x53,
    0x38,0x5f,0x49,0x4a,0x4c,0x69,0x37,0x45,0x45,0x45,0x45,0x45,0x45,0x45,0x4e,0x53,
    0x34,0x5f,0x49,0x4a,0x4e,0x53,0x38,0x5f,0x49,0x4a,0x4c,0x69,0x31,0x45,0x4c,0x69,
    0x32,0x45,0x4c,0x69,0x33,0x45,0x4c,0x69,0x34,0x45,0x4c,0x69,0x35,0x45,0x45,0x45,
    0x45,0x53,0x54,0x5f,0x53,0x55,0x5f,0x4e,0x53,0x38,0x5f,0x49,0x4a,0x4c,0x69,0x38,
    0x45,0x45,0x45,0x45,0x4e,0x53,0x38,0x5f,0x49,0x4a,0x4c,0x69,0x39,0x45,0x45,0x45,
    0x45,0x45,0x45,0x45,0x4e,0x53,0x38,0x5f,0x49,0x4a,0x4c,0x69,0x38,0x45,0x4c,0x69,
    0x39,0x45,0x45,0x45,0x45,0x78,0x45,0x45,0x53,0x31,0x31,0x5f,0x45,0x45,0x45,0x4e,
    0x53,0x34,0x5f,0x49,0x4a,0x53,0x31,0x31,0x5f,0x45,0x45,0x45,0x4e,0x53,0x34,0x5f,
    0x49,0x4a,0x50,0x4b,0x44,0x46,0x31,0x36,0x5f,0x53,0x31,0x35,0x5f,0x45,0x45,0x45,
    0x4e,0x53,0x34,0x5f,0x49,0x4a,0x50,0x44,0x46,0x31,0x36,0x5f,0x45,0x45,0x45,0x4e,
    0x53,0x5f,0x33,0x31,0x42,0x6c,0x6f,0x63,0x6b,0x54,0x6f,0x43,0x54,0x69,0x6c,0x65,
    0x4d,0x61,0x70,0x5f,0x4d,0x30,0x30,0x5f,0x4e,0x30,0x5f,0x4d,0x30,0x31,0x41,0x64,
    0x61,0x70,0x74,0x49,0x4c,0x69,0x32,0x45,0x4c,0x69,0x31,0x32,0x38,0x45,0x76,0x45,
    0x45,0x53,0x37,0x5f,0x4c,0x69,0x36,0x34,0x45,0x4c,0x69,0x32,0x45,0x4c,0x69,0x31,
    0x32,0x38,0x45,0x4c,0x69,0x32,0x45,0x4c,0x69,0x32,0x45,0x53,0x39,0x5f,0x53,0x41,
    0x5f,0x53,0x42,0x5f,0x4c,0x69,0x31,0x45,0x4c,0x69,0x31,0x45,0x45,0x45,0x44,0x46,
    0x31,0x36,0x5f,0x44,0x46,0x31,0x36,0x5f,0x44,0x46,0x31,0x36,0x5f,0x53,0x31,0x41,
    0x5f,0x53,0x37,0x5f,0x45,0x45,0x76,0x50,0x4b,0x54,0x31,0x5f,0x50,0x4b,0x54,0x32,
    0x5f,0x50,0x54,0x33,0x5f,0x69,0x69,0x69,0x69,0x69,0x69,0x69,0x69,0x69,0x69,0x69,
    0x69,0x69,0x69,0x69,0x69,0x2e,0x6b,0x64,0xb8,0x2e,0x75,0x6e,0x69,0x66,0x6f,0x72,
    0x6d,0x5f,0x77,0x6f,0x72,0x6b,0x5f,0x67,0x72,0x6f,0x75,0x70,0x5f,0x73,0x69,0x7a,
    0x65,0x01,0xb3,0x2e,0x75,0x73,0x65,0x73,0x5f,0x64,0x79,0x6e,0x61,0x6d,0x69,0x63,
    0x5f,0x73,0x74,0x61,0x63,0x6b,0xc2,0xab,0x2e,0x76,0x67,0x70,0x72,0x5f,0x63,0x6f,
    0x75,0x6e,0x74,0x49,0xb1,0x2e,0x76,0x67,0x70,0x72,0x5f,0x73,0x70,0x69,0x6c,0x6c,
    0x5f,0x63,0x6f,0x75,0x6e,0x74,0x00,0xaf,0x2e,0x77,0x61,0x76,0x65,0x66,0x72,0x6f,
    0x6e,0x74,0x5f,0x73,0x69,0x7a,0x65,0x20,0xb9,0x2e,0x77,0x6f,0x72,0x6b,0x67,0x72,
    0x6f,0x75,0x70,0x5f,0x70,0x72,0x6f,0x63,0x65,0x73,0x73,0x6f,0x72,0x5f,0x6d,0x6f,
    0x64,0x65,0x00,0xad,0x61,0x6d,0x64,0x68,0x73,0x61,0x2e,0x74,0x61,0x72,0x67,0x65,
    0x74,0xba,0x61,0x6d,0x64,0x67,0x63,0x6e,0x2d,0x61,0x6d,0x64,0x2d,0x61,0x6d,0x64,
    0x68,0x73,0x61,0x2d,0x2d,0x67,0x66,0x78,0x31,0x32,0x30,0x30,0xae,0x61,0x6d,0x64,
    0x68,0x73,0x61,0x2e,0x76,0x65,0x72,0x73,0x69,0x6f,0x6e,0x92,0x01,0x02,0x00,0x00,
    0x01,0x00,0x00,0x00,0x04,0x00,0x00,0x00,0x01,0x00,0x00,0x00,0x0a,0x00,0x00,0x00,
    0x01,0x00,0x00,0x00,0x0c,0x00,0x00,0x00,0x01,0x00,0x00,0x00,0x0e,0x00,0x00,0x00,
    0x01,0x00,0x00,0x00,0x10,0x00,0x00,0x00,0x01,0x00,0x00,0x00,0x12,0x00,0x00,0x00,
    0x01,0x00,0x00,0x00,0x14,0x00,0x00,0x00,0x01,0x00,0x00,0x00,0x16,0x00,0x00,0x00,
    0x01,0x00,0x00,0x00,0x18,0x00,0x00,0x00,0x01,0x00,0x00,0x00,0x1a,0x00,0x00,0x00,
    0x01,0x00,0x00,0x00,0x1c,0x00,0x00,0x00,0x00,0x00,0x00,0x00,0x00,0x00,0x00,0x00,
    0x00,0x00,0x00,0x00,0x00,0x00,0x00,0x00,0x00,0x00,0x00,0x00,0x00,0x00,0x00,0x00,
    0x3e,0x00,0x00,0x00,0x00,0x00,0xf1,0xff,0x49,0x00,0x00,0x00,0x00,0x00,0x00,0x00,
    0x00,0x00,0x00,0x00,0x00,0x00,0x00,0x00,0xa3,0x06,0x00,0x00,0x00,0x00,0xf1,0xff,
    0x00,0x00,0x00,0x00,0x00,0x00,0x00,0x00,0x00,0x00,0x00,0x00,0x00,0x00,0x00,0x00,
    0x6e,0x03,0x00,0x00,0x00,0x00,0xf1,0xff,0x22,0x00,0x00,0x00,0x00,0x00,0x00,0x00,
    0x00,0x00,0x00,0x00,0x00,0x00,0x00,0x00,0xd4,0x19,0x00,0x00,0x00,0x00,0xf1,0xff,
    0x50,0x00,0x00,0x00,0x00,0x00,0x00,0x00,0x00,0x00,0x00,0x00,0x00,0x00,0x00,0x00,
    0x3f,0x20,0x00,0x00,0x00,0x00,0xf1,0xff,0x01,0x00,0x00,0x00,0x00,0x00,0x00,0x00,
    0x00,0x00,0x00,0x00,0x00,0x00,0x00,0x00,0xa1,0x16,0x00,0x00,0x00,0x00,0xf1,0xff,
    0x01,0x00,0x00,0x00,0x00,0x00,0x00,0x00,0x00,0x00,0x00,0x00,0x00,0x00,0x00,0x00,
    0x2f,0x10,0x00,0x00,0x00,0x00,0xf1,0xff,0x00,0x00,0x00,0x00,0x00,0x00,0x00,0x00,
    0x00,0x00,0x00,0x00,0x00,0x00,0x00,0x00,0xe9,0x09,0x00,0x00,0x00,0x00,0xf1,0xff,
    0x00,0x00,0x00,0x00,0x00,0x00,0x00,0x00,0x00,0x00,0x00,0x00,0x00,0x00,0x00,0x00,
    0x0a,0x0d,0x00,0x00,0x00,0x00,0xf1,0xff,0x00,0x00,0x00,0x00,0x00,0x00,0x00,0x00,
    0x00,0x00,0x00,0x00,0x00,0x00,0x00,0x00,0x2a,0x00,0x00,0x00,0x00,0x00,0xf1,0xff,
    0x00,0x00,0x00,0x00,0x00,0x00,0x00,0x00,0x00,0x00,0x00,0x00,0x00,0x00,0x00,0x00,
    0x8f,0x06,0x00,0x00,0x00,0x00,0xf1,0xff,0x00,0x00,0x00,0x00,0x00,0x00,0x00,0x00,
    0x00,0x00,0x00,0x00,0x00,0x00,0x00,0x00,0x5a,0x03,0x00,0x00,0x00,0x00,0xf1,0xff,
    0x00,0x00,0x00,0x00,0x00,0x00,0x00,0x00,0x00,0x00,0x00,0x00,0x00,0x00,0x00,0x00,
    0x6c,0x13,0x00,0x00,0x12,0x03,0x04,0x00,0x00,0x00,0x00,0x00,0x00,0x00,0x00,0x00,
    0x10,0x3e,0x00,0x00,0x00,0x00,0x00,0x00,0xfe,0x1c,0x00,0x00,0x11,0x03,0x05,0x00,
    0x00,0x00,0x00,0x00,0x00,0x00,0x00,0x00,0x40,0x00,0x00,0x00,0x00,0x00,0x00,0x00,
    0xe2,0x09,0x00,0x00,0x21,0x02,0x0a,0x00,0x00,0x00,0x00,0x00,0x00,0x00,0x00,0x00,
    0x50,0x00,0x00,0x00,0x00,0x00,0x00,0x00,0x5e,0x24,0x00,0x00,0x21,0x02,0x0c,0x00,
    0x00,0x00,0x00,0x00,0x00,0x00,0x00,0x00,0x50,0x00,0x00,0x00,0x00,0x00,0x00,0x00,
    0x9a,0x16,0x00,0x00,0x21,0x02,0x0e,0x00,0x00,0x00,0x00,0x00,0x00,0x00,0x00,0x00,
    0x50,0x00,0x00,0x00,0x00,0x00,0x00,0x00,0x91,0x24,0x00,0x00,0x21,0x02,0x10,0x00,
    0x00,0x00,0x00,0x00,0x00,0x00,0x00,0x00,0x50,0x00,0x00,0x00,0x00,0x00,0x00,0x00,
    0x1c,0x20,0x00,0x00,0x21,0x02,0x12,0x00,0x00,0x00,0x00,0x00,0x00,0x00,0x00,0x00,
    0xa0,0x00,0x00,0x00,0x00,0x00,0x00,0x00,0x87,0x16,0x00,0x00,0x21,0x02,0x14,0x00,
    0x00,0x00,0x00,0x00,0x00,0x00,0x00,0x00,0x50,0x00,0x00,0x00,0x00,0x00,0x00,0x00,
    0xce,0x09,0x00,0x00,0x21,0x02,0x16,0x00,0x00,0x00,0x00,0x00,0x00,0x00,0x00,0x00,
    0x50,0x00,0x00,0x00,0x00,0x00,0x00,0x00,0x2a,0x24,0x00,0x00,0x21,0x02,0x18,0x00,
    0x00,0x00,0x00,0x00,0x00,0x00,0x00,0x00,0xa0,0x00,0x00,0x00,0x00,0x00,0x00,0x00,
    0xdd,0x23,0x00,0x00,0x21,0x02,0x1a,0x00,0x00,0x00,0x00,0x00,0x00,0x00,0x00,0x00,
    0x50,0x00,0x00,0x00,0x00,0x00,0x00,0x00,0x8f,0x23,0x00,0x00,0x21,0x02,0x1c,0x00,
    0x00,0x00,0x00,0x00,0x00,0x00,0x00,0x00,0x50,0x00,0x00,0x00,0x00,0x00,0x00,0x00,
    0x23,0x20,0x00,0x00,0x11,0x00,0x1d,0x00,0x00,0x00,0x00,0x00,0x00,0x00,0x00,0x00,
    0x01,0x00,0x00,0x00,0x00,0x00,0x00,0x00,0x10,0x00,0x00,0x00,0x00,0x00,0x00,0x00,
    0x05,0x00,0x00,0x00,0x0d,0x00,0x00,0x00,0x10,0x00,0x00,0x00,0x00,0x00,0x00,0x00,
    0x19,0x00,0x2e,0x74,0x65,0x78,0x74,0x00,0x2e,0x63,0x6f,0x6d,0x6d,0x65,0x6e,0x74,
    0x00,0x2e,0x62,0x73,0x73,0x00,0x2e,0x41,0x4d,0x44,0x47,0x50,0x55,0x2e,0x67,0x70,
    0x72,0x5f,0x6d,0x61,0x78,0x69,0x6d,0x75,0x6d,0x73,0x00,0x61,0x6d,0x64,0x67,0x70,
    0x75,0x2e,0x6d,0x61,0x78,0x5f,0x6e,0x75,0x6d,0x5f,0x76,0x67,0x70,0x72,0x00,0x5f,
    0x5a,0x4e,0x32,0x63,0x6b,0x32,0x37,0x6b,0x65,0x72,0x6e,0x65,0x6c,0x5f,0x65,0x6c,
    0x65,0x6d,0x65,0x6e,0x74,0x77,0x69,0x73,0x65,0x5f,0x66,0x6c,0x61,0x74,0x5f,0x61,
    0x72,0x67,0x49,0x4e,0x53,0x5f,0x31,0x36,0x74,0x65,0x6e,0x73,0x6f,0x72,0x5f,0x6f,
    0x70,0x65,0x72,0x61,0x74,0x69,0x6f,0x6e,0x36,0x64,0x65,0x76,0x69,0x63,0x65,0x32,
    0x31,0x44,0x65,0x76,0x69,0x63,0x65,0x45,0x6c,0x65,0x6d,0x65,0x6e,0x74,0x77,0x69,
    0x73,0x65,0x49,0x6d,0x70,0x6c,0x49,0x4e,0x53,0x5f,0x35,0x54,0x75,0x70,0x6c,0x65,
    0x49,0x4a,0x44,0x46,0x31,0x36,0x5f,0x44,0x46,0x31,0x36,0x5f,0x45,0x45,0x45,0x4e,
    0x53,0x34,0x5f,0x49,0x4a,0x44,0x46,0x31,0x36,0x5f,0x45,0x45,0x45,0x31,0x30,0x53,
    0x69,0x67,0x6d,0x6f,0x69,0x64,0x4d,0x75,0x6c,0x4c,0x69,0x34,0x45,0x4c,0x69,0x36,
    0x34,0x45,0x4c,0x69,0x32,0x45,0x4c,0x69,0x31,0x32,0x38,0x45,0x4c,0x69,0x32,0x45,
    0x4c,0x69,0x32,0x45,0x4e,0x53,0x5f,0x38,0x53,0x65,0x71,0x75,0x65,0x6e,0x63,0x65,
    0x49,0x4a,0x4c,0x69,0x31,0x45,0x4c,0x69,0x30,0x45,0x45,0x45,0x45,0x4e,0x53,0x38,
    0x5f,0x49,0x4a,0x4c,0x69,0x32,0x45,0x4c,0x69,0x32,0x45,0x45,0x45,0x45,0x4e,0x53,
    0x38,0x5f,0x49,0x4a,0x4c,0x69,0x32,0x45,0x45,0x45,0x45,0x45,0x45,0x4e,0x53,0x5f,
    0x31,0x39,0x47,0x72,0x69,0x64,0x77,0x69,0x73,0x65,0x45,0x6c,0x65,0x6d,0x65,0x6e,
    0x74,0x77,0x69,0x73,0x65,0x49,0x4e,0x53,0x34,0x5f,0x49,0x4a,0x4e,0x53,0x5f,0x31,
    0x36,0x54,0x65,0x6e,0x73,0x6f,0x72,0x44,0x65,0x73,0x63,0x72,0x69,0x70,0x74,0x6f,
    0x72,0x49,0x4e,0x53,0x34,0x5f,0x49,0x4a,0x4e,0x53,0x5f,0x35,0x45,0x6d,0x62,0x65,
    0x64,0x49,0x4e,0x53,0x34,0x5f,0x49,0x4a,0x69,0x69,0x69,0x69,0x69,0x45,0x45,0x45,
    0x53,0x47,0x5f,0x4c,0x62,0x30,0x45,0x45,0x45,0x4e,0x53,0x5f,0x32,0x33,0x4d,0x65,
    0x72,0x67,0x65,0x5f,0x76,0x32,0x5f,0x6d,0x61,0x67,0x69,0x63,0x5f,0x64,0x69,0x76,
    0x69,0x73,0x69,0x6f,0x6e,0x49,0x4e,0x53,0x34,0x5f,0x49,0x4a,0x69,0x69,0x69,0x69,
    0x45,0x45,0x45,0x45,0x45,0x4e,0x53,0x5f,0x31,0x31,0x50,0x61,0x73,0x73,0x54,0x68,
    0x72,0x6f,0x75,0x67,0x68,0x49,0x69,0x45,0x45,0x4e,0x53,0x5f,0x38,0x52,0x69,0x67,
    0x68,0x74,0x50,0x61,0x64,0x49,0x69,0x69,0x4c,0x62,0x30,0x45,0x45,0x45,0x53,0x4f,
    0x5f,0x45,0x45,0x45,0x4e,0x53,0x34,0x5f,0x49,0x4a,0x4e,0x53,0x38,0x5f,0x49,0x4a,
    0x4c,0x69,0x30,0x45,0x45,0x45,0x45,0x4e,0x53,0x38,0x5f,0x49,0x4a,0x4c,0x69,0x31,
    0x45,0x4c,0x69,0x32,0x45,0x4c,0x69,0x33,0x45,0x4c,0x69,0x34,0x45,0x45,0x45,0x45,
    0x4e,0x53,0x38,0x5f,0x49,0x4a,0x4c,0x69,0x35,0x45,0x45,0x45,0x45,0x4e,0x53,0x38,
    0x5f,0x49,0x4a,0x4c,0x69,0x36,0x45,0x45,0x45,0x45,0x4e,0x53,0x38,0x5f,0x49,0x4a,
    0x4c,0x69,0x37,0x45,0x45,0x45,0x45,0x45,0x45,0x45,0x4e,0x53,0x34,0x5f,0x49,0x4a,
    0x4e,0x53,0x38,0x5f,0x49,0x4a,0x4c,0x69,0x31,0x45,0x4c,0x69,0x32,0x45,0x4c,0x69,
    0x33,0x45,0x4c,0x69,0x34,0x45,0x4c,0x69,0x35,0x45,0x45,0x45,0x45,0x53,0x54,0x5f,
    0x53,0x55,0x5f,0x4e,0x53,0x38,0x5f,0x49,0x4a,0x4c,0x69,0x38,0x45,0x45,0x45,0x45,
    0x4e,0x53,0x38,0x5f,0x49,0x4a,0x4c,0x69,0x39,0x45,0x45,0x45,0x45,0x45,0x45,0x45,
    0x4e,0x53,0x38,0x5f,0x49,0x4a,0x4c,0x69,0x38,0x45,0x4c,0x69,0x39,0x45,0x45,0x45,
    0x45,0x78,0x45,0x45,0x53,0x31,0x31,0x5f,0x45,0x45,0x45,0x4e,0x53,0x34,0x5f,0x49,
    0x4a,0x53,0x31,0x31,0x5f,0x45,0x45,0x45,0x4e,0x53,0x34,0x5f,0x49,0x4a,0x50,0x4b,
    0x44,0x46,0x31,0x36,0x5f,0x53,0x31,0x35,0x5f,0x45,0x45,0x45,0x4e,0x53,0x34,0x5f,
    0x49,0x4a,0x50,0x44,0x46,0x31,0x36,0x5f,0x45,0x45,0x45,0x4e,0x53,0x5f,0x33,0x31,
    0x42,0x6c,0x6f,0x63,0x6b,0x54,0x6f,0x43,0x54,0x69,0x6c,0x65,0x4d,0x61,0x70,0x5f,
    0x4d,0x30,0x30,0x5f,0x4e,0x30,0x5f,0x4d,0x30,0x31,0x41,0x64,0x61,0x70,0x74,0x49,
    0x4c,0x69,0x32,0x45,0x4c,0x69,0x31,0x32,0x38,0x45,0x76,0x45,0x45,0x53,0x37,0x5f,
    0x4c,0x69,0x36,0x34,0x45,0x4c,0x69,0x32,0x45,0x4c,0x69,0x31,0x32,0x38,0x45,0x4c,
    0x69,0x32,0x45,0x4c,0x69,0x32,0x45,0x53,0x39,0x5f,0x53,0x41,0x5f,0x53,0x42,0x5f,
    0x4c,0x69,0x31,0x45,0x4c,0x69,0x31,0x45,0x45,0x45,0x44,0x46,0x31,0x36,0x5f,0x44,
    0x46,0x31,0x36,0x5f,0x44,0x46,0x31,0x36,0x5f,0x53,0x31,0x41,0x5f,0x53,0x37,0x5f,
    0x45,0x45,0x76,0x50,0x4b,0x54,0x31,0x5f,0x50,0x4b,0x54,0x32,0x5f,0x50,0x54,0x33,
    0x5f,0x69,0x69,0x69,0x69,0x69,0x69,0x69,0x69,0x69,0x69,0x69,0x69,0x69,0x69,0x69,
    0x69,0x2e,0x6e,0x75,0x6d,0x5f,0x76,0x67,0x70,0x72,0x00,0x61,0x6d,0x64,0x67,0x70,
    0x75,0x2e,0x6d,0x61,0x78,0x5f,0x6e,0x75,0x6d,0x5f,0x73,0x67,0x70,0x72,0x00,0x5f,
    0x5a,0x4e,0x32,0x63,0x6b,0x32,0x37,0x6b,0x65,0x72,0x6e,0x65,0x6c,0x5f,0x65,0x6c,
    0x65,0x6d,0x65,0x6e,0x74,0x77,0x69,0x73,0x65,0x5f,0x66,0x6c,0x61,0x74,0x5f,0x61,
    0x72,0x67,0x49,0x4e,0x53,0x5f,0x31,0x36,0x74,0x65,0x6e,0x73,0x6f,0x72,0x5f,0x6f,
    0x70,0x65,0x72,0x61,0x74,0x69,0x6f,0x6e,0x36,0x64,0x65,0x76,0x69,0x63,0x65,0x32,
    0x31,0x44,0x65,0x76,0x69,0x63,0x65,0x45,0x6c,0x65,0x6d,0x65,0x6e,0x74,0x77,0x69,
    0x73,0x65,0x49,0x6d,0x70,0x6c,0x49,0x4e,0x53,0x5f,0x35,0x54,0x75,0x70,0x6c,0x65,
    0x49,0x4a,0x44,0x46,0x31,0x36,0x5f,0x44,0x46,0x31,0x36,0x5f,0x45,0x45,0x45,0x4e,
    0x53,0x34,0x5f,0x49,0x4a,0x44,0x46,0x31,0x36,0x5f,0x45,0x45,0x45,0x31,0x30,0x53,
    0x69,0x67,0x6d,0x6f,0x69,0x64,0x4d,0x75,0x6c,0x4c,0x69,0x34,0x45,0x4c,0x69,0x36,
    0x34,0x45,0x4c,0x69,0x32,0x45,0x4c,0x69,0x31,0x32,0x38,0x45,0x4c,0x69,0x32,0x45,
    0x4c,0x69,0x32,0x45,0x4e,0x53,0x5f,0x38,0x53,0x65,0x71,0x75,0x65,0x6e,0x63,0x65,
    0x49,0x4a,0x4c,0x69,0x31,0x45,0x4c,0x69,0x30,0x45,0x45,0x45,0x45,0x4e,0x53,0x38,
    0x5f,0x49,0x4a,0x4c,0x69,0x32,0x45,0x4c,0x69,0x32,0x45,0x45,0x45,0x45,0x4e,0x53,
    0x38,0x5f,0x49,0x4a,0x4c,0x69,0x32,0x45,0x45,0x45,0x45,0x45,0x45,0x4e,0x53,0x5f,
    0x31,0x39,0x47,0x72,0x69,0x64,0x77,0x69,0x73,0x65,0x45,0x6c,0x65,0x6d,0x65,0x6e,
    0x74,0x77,0x69,0x73,0x65,0x49,0x4e,0x53,0x34,0x5f,0x49,0x4a,0x4e,0x53,0x5f,0x31,
    0x36,0x54,0x65,0x6e,0x73,0x6f,0x72,0x44,0x65,0x73,0x63,0x72,0x69,0x70,0x74,0x6f,
    0x72,0x49,0x4e,0x53,0x34,0x5f,0x49,0x4a,0x4e,0x53,0x5f,0x35,0x45,0x6d,0x62,0x65,
    0x64,0x49,0x4e,0x53,0x34,0x5f,0x49,0x4a,0x69,0x69,0x69,0x69,0x69,0x45,0x45,0x45,
    0x53,0x47,0x5f,0x4c,0x62,0x30,0x45,0x45,0x45,0x4e,0x53,0x5f,0x32,0x33,0x4d,0x65,
    0x72,0x67,0x65,0x5f,0x76,0x32,0x5f,0x6d,0x61,0x67,0x69,0x63,0x5f,0x64,0x69,0x76,
    0x69,0x73,0x69,0x6f,0x6e,0x49,0x4e,0x53,0x34,0x5f,0x49,0x4a,0x69,0x69,0x69,0x69,
    0x45,0x45,0x45,0x45,0x45,0x4e,0x53,0x5f,0x31,0x31,0x50,0x61,0x73,0x73,0x54,0x68,
    0x72,0x6f,0x75,0x67,0x68,0x49,0x69,0x45,0x45,0x4e,0x53,0x5f,0x38,0x52,0x69,0x67,
    0x68,0x74,0x50,0x61,0x64,0x49,0x69,0x69,0x4c,0x62,0x30,0x45,0x45,0x45,0x53,0x4f,
    0x5f,0x45,0x45,0x45,0x4e,0x53,0x34,0x5f,0x49,0x4a,0x4e,0x53,0x38,0x5f,0x49,0x4a,
    0x4c,0x69,0x30,0x45,0x45,0x45,0x45,0x4e,0x53,0x38,0x5f,0x49,0x4a,0x4c,0x69,0x31,
    0x45,0x4c,0x69,0x32,0x45,0x4c,0x69,0x33,0x45,0x4c,0x69,0x34,0x45,0x45,0x45,0x45,
    0x4e,0x53,0x38,0x5f,0x49,0x4a,0x4c,0x69,0x35,0x45,0x45,0x45,0x45,0x4e,0x53,0x38,
    0x5f,0x49,0x4a,0x4c,0x69,0x36,0x45,0x45,0x45,0x45,0x4e,0x53,0x38,0x5f,0x49,0x4a,
    0x4c,0x69,0x37,0x45,0x45,0x45,0x45,0x45,0x45,0x45,0x4e,0x53,0x34,0x5f,0x49,0x4a,
    0x4e,0x53,0x38,0x5f,0x49,0x4a,0x4c,0x69,0x31,0x45,0x4c,0x69,0x32,0x45,0x4c,0x69,
    0x33,0x45,0x4c,0x69,0x34,0x45,0x4c,0x69,0x35,0x45,0x45,0x45,0x45,0x53,0x54,0x5f,
    0x53,0x55,0x5f,0x4e,0x53,0x38,0x5f,0x49,0x4a,0x4c,0x69,0x38,0x45,0x45,0x45,0x45,
    0x4e,0x53,0x38,0x5f,0x49,0x4a,0x4c,0x69,0x39,0x45,0x45,0x45,0x45,0x45,0x45,0x45,
    0x4e,0x53,0x38,0x5f,0x49,0x4a,0x4c,0x69,0x38,0x45,0x4c,0x69,0x39,0x45,0x45,0x45,
    0x45,0x78,0x45,0x45,0x53,0x31,0x31,0x5f,0x45,0x45,0x45,0x4e,0x53,0x34,0x5f,0x49,
    0x4a,0x53,0x31,0x31,0x5f,0x45,0x45,0x45,0x4e,0x53,0x34,0x5f,0x49,0x4a,0x50,0x4b,
    0x44,0x46,0x31,0x36,0x5f,0x53,0x31,0x35,0x5f,0x45,0x45,0x45,0x4e,0x53,0x34,0x5f,
    0x49,0x4a,0x50,0x44,0x46,0x31,0x36,0x5f,0x45,0x45,0x45,0x4e,0x53,0x5f,0x33,0x31,
    0x42,0x6c,0x6f,0x63,0x6b,0x54,0x6f,0x43,0x54,0x69,0x6c,0x65,0x4d,0x61,0x70,0x5f,
    0x4d,0x30,0x30,0x5f,0x4e,0x30,0x5f,0x4d,0x30,0x31,0x41,0x64,0x61,0x70,0x74,0x49,
    0x4c,0x69,0x32,0x45,0x4c,0x69,0x31,0x32,0x38,0x45,0x76,0x45,0x45,0x53,0x37,0x5f,
    0x4c,0x69,0x36,0x34,0x45,0x4c,0x69,0x32,0x45,0x4c,0x69,0x31,0x32,0x38,0x45,0x4c,
    0x69,0x32,0x45,0x4c,0x69,0x32,0x45,0x53,0x39,0x5f,0x53,0x41,0x5f,0x53,0x42,0x5f,
    0x4c,0x69,0x31,0x45,0x4c,0x69,0x31,0x45,0x45,0x45,0x44,0x46,0x31,0x36,0x5f,0x44,
    0x46,0x31,0x36,0x5f,0x44,0x46,0x31,0x36,0x5f,0x53,0x31,0x41,0x5f,0x53,0x37,0x5f,
    0x45,0x45,0x76,0x50,0x4b,0x54,0x31,0x5f,0x50,0x4b,0x54,0x32,0x5f,0x50,0x54,0x33,
    0x5f,0x69,0x69,0x69,0x69,0x69,0x69,0x69,0x69,0x69,0x69,0x69,0x69,0x69,0x69,0x69,
    0x69,0x2e,0x6e,0x75,0x6d,0x62,0x65,0x72,0x65,0x64,0x5f,0x73,0x67,0x70,0x72,0x00,
    0x61,0x6d,0x64,0x67,0x70,0x75,0x2e,0x6d,0x61,0x78,0x5f,0x6e,0x75,0x6d,0x5f,0x61,
    0x67,0x70,0x72,0x00,0x5f,0x5a,0x4e,0x32,0x63,0x6b,0x32,0x37,0x6b,0x65,0x72,0x6e,
    0x65,0x6c,0x5f,0x65,0x6c,0x65,0x6d,0x65,0x6e,0x74,0x77,0x69,0x73,0x65,0x5f,0x66,
    0x6c,0x61,0x74,0x5f,0x61,0x72,0x67,0x49,0x4e,0x53,0x5f,0x31,0x36,0x74,0x65,0x6e,
    0x73,0x6f,0x72,0x5f,0x6f,0x70,0x65,0x72,0x61,0x74,0x69,0x6f,0x6e,0x36,0x64,0x65,
    0x76,0x69,0x63,0x65,0x32,0x31,0x44,0x65,0x76,0x69,0x63,0x65,0x45,0x6c,0x65,0x6d,
    0x65,0x6e,0x74,0x77,0x69,0x73,0x65,0x49,0x6d,0x70,0x6c,0x49,0x4e,0x53,0x5f,0x35,
    0x54,0x75,0x70,0x6c,0x65,0x49,0x4a,0x44,0x46,0x31,0x36,0x5f,0x44,0x46,0x31,0x36,
    0x5f,0x45,0x45,0x45,0x4e,0x53,0x34,0x5f,0x49,0x4a,0x44,0x46,0x31,0x36,0x5f,0x45,
    0x45,0x45,0x31,0x30,0x53,0x69,0x67,0x6d,0x6f,0x69,0x64,0x4d,0x75,0x6c,0x4c,0x69,
    0x34,0x45,0x4c,0x69,0x36,0x34,0x45,0x4c,0x69,0x32,0x45,0x4c,0x69,0x31,0x32,0x38,
    0x45,0x4c,0x69,0x32,0x45,0x4c,0x69,0x32,0x45,0x4e,0x53,0x5f,0x38,0x53,0x65,0x71,
    0x75,0x65,0x6e,0x63,0x65,0x49,0x4a,0x4c,0x69,0x31,0x45,0x4c,0x69,0x30,0x45,0x45,
    0x45,0x45,0x4e,0x53,0x38,0x5f,0x49,0x4a,0x4c,0x69,0x32,0x45,0x4c,0x69,0x32,0x45,
    0x45,0x45,0x45,0x4e,0x53,0x38,0x5f,0x49,0x4a,0x4c,0x69,0x32,0x45,0x45,0x45,0x45,
    0x45,0x45,0x4e,0x53,0x5f,0x31,0x39,0x47,0x72,0x69,0x64,0x77,0x69,0x73,0x65,0x45,
    0x6c,0x65,0x6d,0x65,0x6e,0x74,0x77,0x69,0x73,0x65,0x49,0x4e,0x53,0x34,0x5f,0x49,
    0x4a,0x4e,0x53,0x5f,0x31,0x36,0x54,0x65,0x6e,0x73,0x6f,0x72,0x44,0x65,0x73,0x63,
    0x72,0x69,0x70,0x74,0x6f,0x72,0x49,0x4e,0x53,0x34,0x5f,0x49,0x4a,0x4e,0x53,0x5f,
    0x35,0x45,0x6d,0x62,0x65,0x64,0x49,0x4e,0x53,0x34,0x5f,0x49,0x4a,0x69,0x69,0x69,
    0x69,0x69,0x45,0x45,0x45,0x53,0x47,0x5f,0x4c,0x62,0x30,0x45,0x45,0x45,0x4e,0x53,
    0x5f,0x32,0x33,0x4d,0x65,0x72,0x67,0x65,0x5f,0x76,0x32,0x5f,0x6d,0x61,0x67,0x69,
    0x63,0x5f,0x64,0x69,0x76,0x69,0x73,0x69,0x6f,0x6e,0x49,0x4e,0x53,0x34,0x5f,0x49,
    0x4a,0x69,0x69,0x69,0x69,0x45,0x45,0x45,0x45,0x45,0x4e,0x53,0x5f,0x31,0x31,0x50,
    0x61,0x73,0x73,0x54,0x68,0x72,0x6f,0x75,0x67,0x68,0x49,0x69,0x45,0x45,0x4e,0x53,
    0x5f,0x38,0x52,0x69,0x67,0x68,0x74,0x50,0x61,0x64,0x49,0x69,0x69,0x4c,0x62,0x30,
    0x45,0x45,0x45,0x53,0x4f,0x5f,0x45,0x45,0x45,0x4e,0x53,0x34,0x5f,0x49,0x4a,0x4e,
    0x53,0x38,0x5f,0x49,0x4a,0x4c,0x69,0x30,0x45,0x45,0x45,0x45,0x4e,0x53,0x38,0x5f,
    0x49,0x4a,0x4c,0x69,0x31,0x45,0x4c,0x69,0x32,0x45,0x4c,0x69,0x33,0x45,0x4c,0x69,
    0x34,0x45,0x45,0x45,0x45,0x4e,0x53,0x38,0x5f,0x49,0x4a,0x4c,0x69,0x35,0x45,0x45,
    0x45,0x45,0x4e,0x53,0x38,0x5f,0x49,0x4a,0x4c,0x69,0x36,0x45,0x45,0x45,0x45,0x4e,
    0x53,0x38,0x5f,0x49,0x4a,0x4c,0x69,0x37,0x45,0x45,0x45,0x45,0x45,0x45,0x45,0x4e,
    0x53,0x34,0x5f,0x49,0x4a,0x4e,0x53,0x38,0x5f,0x49,0x4a,0x4c,0x69,0x31,0x45,0x4c,
    0x69,0x32,0x45,0x4c,0x69,0x33,0x45,0x4c,0x69,0x34,0x45,0x4c,0x69,0x35,0x45,0x45,
    0x45,0x45,0x53,0x54,0x5f,0x53,0x55,0x5f,0x4e,0x53,0x38,0x5f,0x49,0x4a,0x4c,0x69,
    0x38,0x45,0x45,0x45,0x45,0x4e,0x53,0x38,0x5f,0x49,0x4a,0x4c,0x69,0x39,0x45,0x45,
    0x45,0x45,0x45,0x45,0x45,0x4e,0x53,0x38,0x5f,0x49,0x4a,0x4c,0x69,0x38,0x45,0x4c,
    0x69,0x39,0x45,0x45,0x45,0x45,0x78,0x45,0x45,0x53,0x31,0x31,0x5f,0x45,0x45,0x45,
    0x4e,0x53,0x34,0x5f,0x49,0x4a,0x53,0x31,0x31,0x5f,0x45,0x45,0x45,0x4e,0x53,0x34,
    0x5f,0x49,0x4a,0x50,0x4b,0x44,0x46,0x31,0x36,0x5f,0x53,0x31,0x35,0x5f,0x45,0x45,
    0x45,0x4e,0x53,0x34,0x5f,0x49,0x4a,0x50,0x44,0x46,0x31,0x36,0x5f,0x45,0x45,0x45,
    0x4e,0x53,0x5f,0x33,0x31,0x42,0x6c,0x6f,0x63,0x6b,0x54,0x6f,0x43,0x54,0x69,0x6c,
    0x65,0x4d,0x61,0x70,0x5f,0x4d,0x30,0x30,0x5f,0x4e,0x30,0x5f,0x4d,0x30,0x31,0x41,
    0x64,0x61,0x70,0x74,0x49,0x4c,0x69,0x32,0x45,0x4c,0x69,0x31,0x32,0x38,0x45,0x76,
    0x45,0x45,0x53,0x37,0x5f,0x4c,0x69,0x36,0x34,0x45,0x4c,0x69,0x32,0x45,0x4c,0x69,
    0x31,0x32,0x38,0x45,0x4c,0x69,0x32,0x45,0x4c,0x69,0x32,0x45,0x53,0x39,0x5f,0x53,
    0x41,0x5f,0x53,0x42,0x5f,0x4c,0x69,0x31,0x45,0x4c,0x69,0x31,0x45,0x45,0x45,0x44,
    0x46,0x31,0x36,0x5f,0x44,0x46,0x31,0x36,0x5f,0x44,0x46,0x31,0x36,0x5f,0x53,0x31,
    0x41,0x5f,0x53,0x37,0x5f,0x45,0x45,0x76,0x50,0x4b,0x54,0x31,0x5f,0x50,0x4b,0x54,
    0x32,0x5f,0x50,0x54,0x33,0x5f,0x69,0x69,0x69,0x69,0x69,0x69,0x69,0x69,0x69,0x69,
    0x69,0x69,0x69,0x69,0x69,0x69,0x2e,0x6e,0x75,0x6d,0x5f,0x61,0x67,0x70,0x72,0x00,
    0x2e,0x67,0x72,0x6f,0x75,0x70,0x00,0x2e,0x72,0x6f,0x64,0x61,0x74,0x61,0x2e,0x5f,
    0x5a,0x54,0x43,0x53,0x64,0x31,0x36,0x5f,0x53,0x6f,0x00,0x2e,0x72,0x6f,0x64,0x61,
    0x74,0x61,0x2e,0x5f,0x5a,0x54,0x56,0x53,0x6f,0x00,0x5f,0x5a,0x4e,0x32,0x63,0x6b,
    0x32,0x37,0x6b,0x65,0x72,0x6e,0x65,0x6c,0x5f,0x65,0x6c,0x65,0x6d,0x65,0x6e,0x74,
    0x77,0x69,0x73,0x65,0x5f,0x66,0x6c,0x61,0x74,0x5f,0x61,0x72,0x67,0x49,0x4e,0x53,
    0x5f,0x31,0x36,0x74,0x65,0x6e,0x73,0x6f,0x72,0x5f,0x6f,0x70,0x65,0x72,0x61,0x74,
    0x69,0x6f,0x6e,0x36,0x64,0x65,0x76,0x69,0x63,0x65,0x32,0x31,0x44,0x65,0x76,0x69,
    0x63,0x65,0x45,0x6c,0x65,0x6d,0x65,0x6e,0x74,0x77,0x69,0x73,0x65,0x49,0x6d,0x70,
    0x6c,0x49,0x4e,0x53,0x5f,0x35,0x54,0x75,0x70,0x6c,0x65,0x49,0x4a,0x44,0x46,0x31,
    0x36,0x5f,0x44,0x46,0x31,0x36,0x5f,0x45,0x45,0x45,0x4e,0x53,0x34,0x5f,0x49,0x4a,
    0x44,0x46,0x31,0x36,0x5f,0x45,0x45,0x45,0x31,0x30,0x53,0x69,0x67,0x6d,0x6f,0x69,
    0x64,0x4d,0x75,0x6c,0x4c,0x69,0x34,0x45,0x4c,0x69,0x36,0x34,0x45,0x4c,0x69,0x32,
    0x45,0x4c,0x69,0x31,0x32,0x38,0x45,0x4c,0x69,0x32,0x45,0x4c,0x69,0x32,0x45,0x4e,
    0x53,0x5f,0x38,0x53,0x65,0x71,0x75,0x65,0x6e,0x63,0x65,0x49,0x4a,0x4c,0x69,0x31,
    0x45,0x4c,0x69,0x30,0x45,0x45,0x45,0x45,0x4e,0x53,0x38,0x5f,0x49,0x4a,0x4c,0x69,
    0x32,0x45,0x4c,0x69,0x32,0x45,0x45,0x45,0x45,0x4e,0x53,0x38,0x5f,0x49,0x4a,0x4c,
    0x69,0x32,0x45,0x45,0x45,0x45,0x45,0x45,0x4e,0x53,0x5f,0x31,0x39,0x47,0x72,0x69,
    0x64,0x77,0x69,0x73,0x65,0x45,0x6c,0x65,0x6d,0x65,0x6e,0x74,0x77,0x69,0x73,0x65,
    0x49,0x4e,0x53,0x34,0x5f,0x49,0x4a,0x4e,0x53,0x5f,0x31,0x36,0x54,0x65,0x6e,0x73,
    0x6f,0x72,0x44,0x65,0x73,0x63,0x72,0x69,0x70,0x74,0x6f,0x72,0x49,0x4e,0x53,0x34,
    0x5f,0x49,0x4a,0x4e,0x53,0x5f,0x35,0x45,0x6d,0x62,0x65,0x64,0x49,0x4e,0x53,0x34,
    0x5f,0x49,0x4a,0x69,0x69,0x69,0x69,0x69,0x45,0x45,0x45,0x53,0x47,0x5f,0x4c,0x62,
    0x30,0x45,0x45,0x45,0x4e,0x53,0x5f,0x32,0x33,0x4d,0x65,0x72,0x67,0x65,0x5f,0x76,
    0x32,0x5f,0x6d,0x61,0x67,0x69,0x63,0x5f,0x64,0x69,0x76,0x69,0x73,0x69,0x6f,0x6e,
    0x49,0x4e,0x53,0x34,0x5f,0x49,0x4a,0x69,0x69,0x69,0x69,0x45,0x45,0x45,0x45,0x45,
    0x4e,0x53,0x5f,0x31,0x31,0x50,0x61,0x73,0x73,0x54,0x68,0x72,0x6f,0x75,0x67,0x68,
    0x49,0x69,0x45,0x45,0x4e,0x53,0x5f,0x38,0x52,0x69,0x67,0x68,0x74,0x50,0x61,0x64,
    0x49,0x69,0x69,0x4c,0x62,0x30,0x45,0x45,0x45,0x53,0x4f,0x5f,0x45,0x45,0x45,0x4e,
    0x53,0x34,0x5f,0x49,0x4a,0x4e,0x53,0x38,0x5f,0x49,0x4a,0x4c,0x69,0x30,0x45,0x45,
    0x45,0x45,0x4e,0x53,0x38,0x5f,0x49,0x4a,0x4c,0x69,0x31,0x45,0x4c,0x69,0x32,0x45,
    0x4c,0x69,0x33,0x45,0x4c,0x69,0x34,0x45,0x45,0x45,0x45,0x4e,0x53,0x38,0x5f,0x49,
    0x4a,0x4c,0x69,0x35,0x45,0x45,0x45,0x45,0x4e,0x53,0x38,0x5f,0x49,0x4a,0x4c,0x69,
    0x36,0x45,0x45,0x45,0x45,0x4e,0x53,0x38,0x5f,0x49,0x4a,0x4c,0x69,0x37,0x45,0x45,
    0x45,0x45,0x45,0x45,0x45,0x4e,0x53,0x34,0x5f,0x49,0x4a,0x4e,0x53,0x38,0x5f,0x49,
    0x4a,0x4c,0x69,0x31,0x45,0x4c,0x69,0x32,0x45,0x4c,0x69,0x33,0x45,0x4c,0x69,0x34,
    0x45,0x4c,0x69,0x35,0x45,0x45,0x45,0x45,0x53,0x54,0x5f,0x53,0x55,0x5f,0x4e,0x53,
    0x38,0x5f,0x49,0x4a,0x4c,0x69,0x38,0x45,0x45,0x45,0x45,0x4e,0x53,0x38,0x5f,0x49,
    0x4a,0x4c,0x69,0x39,0x45,0x45,0x45,0x45,0x45,0x45,0x45,0x4e,0x53,0x38,0x5f,0x49,
    0x4a,0x4c,0x69,0x38,0x45,0x4c,0x69,0x39,0x45,0x45,0x45,0x45,0x78,0x45,0x45,0x53,
    0x31,0x31,0x5f,0x45,0x45,0x45,0x4e,0x53,0x34,0x5f,0x49,0x4a,0x53,0x31,0x31,0x5f,
    0x45,0x45,0x45,0x4e,0x53,0x34,0x5f,0x49,0x4a,0x50,0x4b,0x44,0x46,0x31,0x36,0x5f,
    0x53,0x31,0x35,0x5f,0x45,0x45,0x45,0x4e,0x53,0x34,0x5f,0x49,0x4a,0x50,0x44,0x46,
    0x31,0x36,0x5f,0x45,0x45,0x45,0x4e,0x53,0x5f,0x33,0x31,0x42,0x6c,0x6f,0x63,0x6b,
    0x54,0x6f,0x43,0x54,0x69,0x6c,0x65,0x4d,0x61,0x70,0x5f,0x4d,0x30,0x30,0x5f,0x4e,
    0x30,0x5f,0x4d,0x30,0x31,0x41,0x64,0x61,0x70,0x74,0x49,0x4c,0x69,0x32,0x45,0x4c,
    0x69,0x31,0x32,0x38,0x45,0x76,0x45,0x45,0x53,0x37,0x5f,0x4c,0x69,0x36,0x34,0x45,
    0x4c,0x69,0x32,0x45,0x4c,0x69,0x31,0x32,0x38,0x45,0x4c,0x69,0x32,0x45,0x4c,0x69,
    0x32,0x45,0x53,0x39,0x5f,0x53,0x41,0x5f,0x53,0x42,0x5f,0x4c,0x69,0x31,0x45,0x4c,
    0x69,0x31,0x45,0x45,0x45,0x44,0x46,0x31,0x36,0x5f,0x44,0x46,0x31,0x36,0x5f,0x44,
    0x46,0x31,0x36,0x5f,0x53,0x31,0x41,0x5f,0x53,0x37,0x5f,0x45,0x45,0x76,0x50,0x4b,
    0x54,0x31,0x5f,0x50,0x4b,0x54,0x32,0x5f,0x50,0x54,0x33,0x5f,0x69,0x69,0x69,0x69,
    0x69,0x69,0x69,0x69,0x69,0x69,0x69,0x69,0x69,0x69,0x69,0x69,0x2e,0x68,0x61,0x73,
    0x5f,0x72,0x65,0x63,0x75,0x72,0x73,0x69,0x6f,0x6e,0x00,0x5f,0x5a,0x4e,0x32,0x63,
    0x6b,0x32,0x37,0x6b,0x65,0x72,0x6e,0x65,0x6c,0x5f,0x65,0x6c,0x65,0x6d,0x65,0x6e,
    0x74,0x77,0x69,0x73,0x65,0x5f,0x66,0x6c,0x61,0x74,0x5f,0x61,0x72,0x67,0x49,0x4e,
    0x53,0x5f,0x31,0x36,0x74,0x65,0x6e,0x73,0x6f,0x72,0x5f,0x6f,0x70,0x65,0x72,0x61,
    0x74,0x69,0x6f,0x6e,0x36,0x64,0x65,0x76,0x69,0x63,0x65,0x32,0x31,0x44,0x65,0x76,
    0x69,0x63,0x65,0x45,0x6c,0x65,0x6d,0x65,0x6e,0x74,0x77,0x69,0x73,0x65,0x49,0x6d,
    0x70,0x6c,0x49,0x4e,0x53,0x5f,0x35,0x54,0x75,0x70,0x6c,0x65,0x49,0x4a,0x44,0x46,
    0x31,0x36,0x5f,0x44,0x46,0x31,0x36,0x5f,0x45,0x45,0x45,0x4e,0x53,0x34,0x5f,0x49,
    0x4a,0x44,0x46,0x31,0x36,0x5f,0x45,0x45,0x45,0x31,0x30,0x53,0x69,0x67,0x6d,0x6f,
    0x69,0x64,0x4d,0x75,0x6c,0x4c,0x69,0x34,0x45,0x4c,0x69,0x36,0x34,0x45,0x4c,0x69,
    0x32,0x45,0x4c,0x69,0x31,0x32,0x38,0x45,0x4c,0x69,0x32,0x45,0x4c,0x69,0x32,0x45,
    0x4e,0x53,0x5f,0x38,0x53,0x65,0x71,0x75,0x65,0x6e,0x63,0x65,0x49,0x4a,0x4c,0x69,
    0x31,0x45,0x4c,0x69,0x30,0x45,0x45,0x45,0x45,0x4e,0x53,0x38,0x5f,0x49,0x4a,0x4c,
    0x69,0x32,0x45,0x4c,0x69,0x32,0x45,0x45,0x45,0x45,0x4e,0x53,0x38,0x5f,0x49,0x4a,
    0x4c,0x69,0x32,0x45,0x45,0x45,0x45,0x45,0x45,0x4e,0x53,0x5f,0x31,0x39,0x47,0x72,
    0x69,0x64,0x77,0x69,0x73,0x65,0x45,0x6c,0x65,0x6d,0x65,0x6e,0x74,0x77,0x69,0x73,
    0x65,0x49,0x4e,0x53,0x34,0x5f,0x49,0x4a,0x4e,0x53,0x5f,0x31,0x36,0x54,0x65,0x6e,
    0x73,0x6f,0x72,0x44,0x65,0x73,0x63,0x72,0x69,0x70,0x74,0x6f,0x72,0x49,0x4e,0x53,
    0x34,0x5f,0x49,0x4a,0x4e,0x53,0x5f,0x35,0x45,0x6d,0x62,0x65,0x64,0x49,0x4e,0x53,
    0x34,0x5f,0x49,0x4a,0x69,0x69,0x69,0x69,0x69,0x45,0x45,0x45,0x53,0x47,0x5f,0x4c,
    0x62,0x30,0x45,0x45,0x45,0x4e,0x53,0x5f,0x32,0x33,0x4d,0x65,0x72,0x67,0x65,0x5f,
    0x76,0x32,0x5f,0x6d,0x61,0x67,0x69,0x63,0x5f,0x64,0x69,0x76,0x69,0x73,0x69,0x6f,
    0x6e,0x49,0x4e,0x53,0x34,0x5f,0x49,0x4a,0x69,0x69,0x69,0x69,0x45,0x45,0x45,0x45,
    0x45,0x4e,0x53,0x5f,0x31,0x31,0x50,0x61,0x73,0x73,0x54,0x68,0x72,0x6f,0x75,0x67,
    0x68,0x49,0x69,0x45,0x45,0x4e,0x53,0x5f,0x38,0x52,0x69,0x67,0x68,0x74,0x50,0x61,
    0x64,0x49,0x69,0x69,0x4c,0x62,0x30,0x45,0x45,0x45,0x53,0x4f,0x5f,0x45,0x45,0x45,
    0x4e,0x53,0x34,0x5f,0x49,0x4a,0x4e,0x53,0x38,0x5f,0x49,0x4a,0x4c,0x69,0x30,0x45,
    0x45,0x45,0x45,0x4e,0x53,0x38,0x5f,0x49,0x4a,0x4c,0x69,0x31,0x45,0x4c,0x69,0x32,
    0x45,0x4c,0x69,0x33,0x45,0x4c,0x69,0x34,0x45,0x45,0x45,0x45,0x4e,0x53,0x38,0x5f,
    0x49,0x4a,0x4c,0x69,0x35,0x45,0x45,0x45,0x45,0x4e,0x53,0x38,0x5f,0x49,0x4a,0x4c,
    0x69,0x36,0x45,0x45,0x45,0x45,0x4e,0x53,0x38,0x5f,0x49,0x4a,0x4c,0x69,0x37,0x45,
    0x45,0x45,0x45,0x45,0x45,0x45,0x4e,0x53,0x34,0x5f,0x49,0x4a,0x4e,0x53,0x38,0x5f,
    0x49,0x4a,0x4c,0x69,0x31,0x45,0x4c,0x69,0x32,0x45,0x4c,0x69,0x33,0x45,0x4c,0x69,
    0x34,0x45,0x4c,0x69,0x35,0x45,0x45,0x45,0x45,0x53,0x54,0x5f,0x53,0x55,0x5f,0x4e,
    0x53,0x38,0x5f,0x49,0x4a,0x4c,0x69,0x38,0x45,0x45,0x45,0x45,0x4e,0x53,0x38,0x5f,
    0x49,0x4a,0x4c,0x69,0x39,0x45,0x45,0x45,0x45,0x45,0x45,0x45,0x4e,0x53,0x38,0x5f,
    0x49,0x4a,0x4c,0x69,0x38,0x45,0x4c,0x69,0x39,0x45,0x45,0x45,0x45,0x78,0x45,0x45,
    0x53,0x31,0x31,0x5f,0x45,0x45,0x45,0x4e,0x53,0x34,0x5f,0x49,0x4a,0x53,0x31,0x31,
    0x5f,0x45,0x45,0x45,0x4e,0x53,0x34,0x5f,0x49,0x4a,0x50,0x4b,0x44,0x46,0x31,0x36,
    0x5f,0x53,0x31,0x35,0x5f,0x45,0x45,0x45,0x4e,0x53,0x34,0x5f,0x49,0x4a,0x50,0x44,
    0x46,0x31,0x36,0x5f,0x45,0x45,0x45,0x4e,0x53,0x5f,0x33,0x31,0x42,0x6c,0x6f,0x63,
    0x6b,0x54,0x6f,0x43,0x54,0x69,0x6c,0x65,0x4d,0x61,0x70,0x5f,0x4d,0x30,0x30,0x5f,
    0x4e,0x30,0x5f,0x4d,0x30,0x31,0x41,0x64,0x61,0x70,0x74,0x49,0x4c,0x69,0x32,0x45,
    0x4c,0x69,0x31,0x32,0x38,0x45,0x76,0x45,0x45,0x53,0x37,0x5f,0x4c,0x69,0x36,0x34,
    0x45,0x4c,0x69,0x32,0x45,0x4c,0x69,0x31,0x32,0x38,0x45,0x4c,0x69,0x32,0x45,0x4c,
    0x69,0x32,0x45,0x53,0x39,0x5f,0x53,0x41,0x5f,0x53,0x42,0x5f,0x4c,0x69,0x31,0x45,
    0x4c,0x69,0x31,0x45,0x45,0x45,0x44,0x46,0x31,0x36,0x5f,0x44,0x46,0x31,0x36,0x5f,
    0x44,0x46,0x31,0x36,0x5f,0x53,0x31,0x41,0x5f,0x53,0x37,0x5f,0x45,0x45,0x76,0x50,
    0x4b,0x54,0x31,0x5f,0x50,0x4b,0x54,0x32,0x5f,0x50,0x54,0x33,0x5f,0x69,0x69,0x69,
    0x69,0x69,0x69,0x69,0x69,0x69,0x69,0x69,0x69,0x69,0x69,0x69,0x69,0x2e,0x68,0x61,
    0x73,0x5f,0x69,0x6e,0x64,0x69,0x72,0x65,0x63,0x74,0x5f,0x63,0x61,0x6c,0x6c,0x00,
    0x5f,0x5a,0x4e,0x32,0x63,0x6b,0x32,0x37,0x6b,0x65,0x72,0x6e,0x65,0x6c,0x5f,0x65,
    0x6c,0x65,0x6d,0x65,0x6e,0x74,0x77,0x69,0x73,0x65,0x5f,0x66,0x6c,0x61,0x74,0x5f,
    0x61,0x72,0x67,0x49,0x4e,0x53,0x5f,0x31,0x36,0x74,0x65,0x6e,0x73,0x6f,0x72,0x5f,
    0x6f,0x70,0x65,0x72,0x61,0x74,0x69,0x6f,0x6e,0x36,0x64,0x65,0x76,0x69,0x63,0x65,
    0x32,0x31,0x44,0x65,0x76,0x69,0x63,0x65,0x45,0x6c,0x65,0x6d,0x65,0x6e,0x74,0x77,
    0x69,0x73,0x65,0x49,0x6d,0x70,0x6c,0x49,0x4e,0x53,0x5f,0x35,0x54,0x75,0x70,0x6c,
    0x65,0x49,0x4a,0x44,0x46,0x31,0x36,0x5f,0x44,0x46,0x31,0x36,0x5f,0x45,0x45,0x45,
    0x4e,0x53,0x34,0x5f,0x49,0x4a,0x44,0x46,0x31,0x36,0x5f,0x45,0x45,0x45,0x31,0x30,
    0x53,0x69,0x67,0x6d,0x6f,0x69,0x64,0x4d,0x75,0x6c,0x4c,0x69,0x34,0x45,0x4c,0x69,
    0x36,0x34,0x45,0x4c,0x69,0x32,0x45,0x4c,0x69,0x31,0x32,0x38,0x45,0x4c,0x69,0x32,
    0x45,0x4c,0x69,0x32,0x45,0x4e,0x53,0x5f,0x38,0x53,0x65,0x71,0x75,0x65,0x6e,0x63,
    0x65,0x49,0x4a,0x4c,0x69,0x31,0x45,0x4c,0x69,0x30,0x45,0x45,0x45,0x45,0x4e,0x53,
    0x38,0x5f,0x49,0x4a,0x4c,0x69,0x32,0x45,0x4c,0x69,0x32,0x45,0x45,0x45,0x45,0x4e,
    0x53,0x38,0x5f,0x49,0x4a,0x4c,0x69,0x32,0x45,0x45,0x45,0x45,0x45,0x45,0x4e,0x53,
    0x5f,0x31,0x39,0x47,0x72,0x69,0x64,0x77,0x69,0x73,0x65,0x45,0x6c,0x65,0x6d,0x65,
    0x6e,0x74,0x77,0x69,0x73,0x65,0x49,0x4e,0x53,0x34,0x5f,0x49,0x4a,0x4e,0x53,0x5f,
    0x31,0x36,0x54,0x65,0x6e,0x73,0x6f,0x72,0x44,0x65,0x73,0x63,0x72,0x69,0x70,0x74,
    0x6f,0x72,0x49,0x4e,0x53,0x34,0x5f,0x49,0x4a,0x4e,0x53,0x5f,0x35,0x45,0x6d,0x62,
    0x65,0x64,0x49,0x4e,0x53,0x34,0x5f,0x49,0x4a,0x69,0x69,0x69,0x69,0x69,0x45,0x45,
    0x45,0x53,0x47,0x5f,0x4c,0x62,0x30,0x45,0x45,0x45,0x4e,0x53,0x5f,0x32,0x33,0x4d,
    0x65,0x72,0x67,0x65,0x5f,0x76,0x32,0x5f,0x6d,0x61,0x67,0x69,0x63,0x5f,0x64,0x69,
    0x76,0x69,0x73,0x69,0x6f,0x6e,0x49,0x4e,0x53,0x34,0x5f,0x49,0x4a,0x69,0x69,0x69,
    0x69,0x45,0x45,0x45,0x45,0x45,0x4e,0x53,0x5f,0x31,0x31,0x50,0x61,0x73,0x73,0x54,
    0x68,0x72,0x6f,0x75,0x67,0x68,0x49,0x69,0x45,0x45,0x4e,0x53,0x5f,0x38,0x52,0x69,
    0x67,0x68,0x74,0x50,0x61,0x64,0x49,0x69,0x69,0x4c,0x62,0x30,0x45,0x45,0x45,0x53,
    0x4f,0x5f,0x45,0x45,0x45,0x4e,0x53,0x34,0x5f,0x49,0x4a,0x4e,0x53,0x38,0x5f,0x49,
    0x4a,0x4c,0x69,0x30,0x45,0x45,0x45,0x45,0x4e,0x53,0x38,0x5f,0x49,0x4a,0x4c,0x69,
    0x31,0x45,0x4c,0x69,0x32,0x45,0x4c,0x69,0x33,0x45,0x4c,0x69,0x34,0x45,0x45,0x45,
    0x45,0x4e,0x53,0x38,0x5f,0x49,0x4a,0x4c,0x69,0x35,0x45,0x45,0x45,0x45,0x4e,0x53,
    0x38,0x5f,0x49,0x4a,0x4c,0x69,0x36,0x45,0x45,0x45,0x45,0x4e,0x53,0x38,0x5f,0x49,
    0x4a,0x4c,0x69,0x37,0x45,0x45,0x45,0x45,0x45,0x45,0x45,0x4e,0x53,0x34,0x5f,0x49,
    0x4a,0x4e,0x53,0x38,0x5f,0x49,0x4a,0x4c,0x69,0x31,0x45,0x4c,0x69,0x32,0x45,0x4c,
    0x69,0x33,0x45,0x4c,0x69,0x34,0x45,0x4c,0x69,0x35,0x45,0x45,0x45,0x45,0x53,0x54,
    0x5f,0x53,0x55,0x5f,0x4e,0x53,0x38,0x5f,0x49,0x4a,0x4c,0x69,0x38,0x45,0x45,0x45,
    0x45,0x4e,0x53,0x38,0x5f,0x49,0x4a,0x4c,0x69,0x39,0x45,0x45,0x45,0x45,0x45,0x45,
    0x45,0x4e,0x53,0x38,0x5f,0x49,0x4a,0x4c,0x69,0x38,0x45,0x4c,0x69,0x39,0x45,0x45,
    0x45,0x45,0x78,0x45,0x45,0x53,0x31,0x31,0x5f,0x45,0x45,0x45,0x4e,0x53,0x34,0x5f,
    0x49,0x4a,0x53,0x31,0x31,0x5f,0x45,0x45,0x45,0x4e,0x53,0x34,0x5f,0x49,0x4a,0x50,
    0x4b,0x44,0x46,0x31,0x36,0x5f,0x53,0x31,0x35,0x5f,0x45,0x45,0x45,0x4e,0x53,0x34,
    0x5f,0x49,0x4a,0x50,0x44,0x46,0x31,0x36,0x5f,0x45,0x45,0x45,0x4e,0x53,0x5f,0x33,
    0x31,0x42,0x6c,0x6f,0x63,0x6b,0x54,0x6f,0x43,0x54,0x69,0x6c,0x65,0x4d,0x61,0x70,
    0x5f,0x4d,0x30,0x30,0x5f,0x4e,0x30,0x5f,0x4d,0x30,0x31,0x41,0x64,0x61,0x70,0x74,
    0x49,0x4c,0x69,0x32,0x45,0x4c,0x69,0x31,0x32,0x38,0x45,0x76,0x45,0x45,0x53,0x37,
    0x5f,0x4c,0x69,0x36,0x34,0x45,0x4c,0x69,0x32,0x45,0x4c,0x69,0x31,0x32,0x38,0x45,
    0x4c,0x69,0x32,0x45,0x4c,0x69,0x32,0x45,0x53,0x39,0x5f,0x53,0x41,0x5f,0x53,0x42,
    0x5f,0x4c,0x69,0x31,0x45,0x4c,0x69,0x31,0x45,0x45,0x45,0x44,0x46,0x31,0x36,0x5f,
    0x44,0x46,0x31,0x36,0x5f,0x44,0x46,0x31,0x36,0x5f,0x53,0x31,0x41,0x5f,0x53,0x37,
    0x5f,0x45,0x45,0x76,0x50,0x4b,0x54,0x31,0x5f,0x50,0x4b,0x54,0x32,0x5f,0x50,0x54,
    0x33,0x5f,0x69,0x69,0x69,0x69,0x69,0x69,0x69,0x69,0x69,0x69,0x69,0x69,0x69,0x69,
    0x69,0x69,0x2e,0x68,0x61,0x73,0x5f,0x64,0x79,0x6e,0x5f,0x73,0x69,0x7a,0x65,0x64,
    0x5f,0x73,0x74,0x61,0x63,0x6b,0x00,0x2e,0x6e,0x6f,0x74,0x65,0x2e,0x47,0x4e,0x55,
    0x2d,0x73,0x74,0x61,0x63,0x6b,0x00,0x2e,0x74,0x65,0x78,0x74,0x2e,0x5f,0x5a,0x4e,
    0x32,0x63,0x6b,0x32,0x37,0x6b,0x65,0x72,0x6e,0x65,0x6c,0x5f,0x65,0x6c,0x65,0x6d,
    0x65,0x6e,0x74,0x77,0x69,0x73,0x65,0x5f,0x66,0x6c,0x61,0x74,0x5f,0x61,0x72,0x67,
    0x49,0x4e,0x53,0x5f,0x31,0x36,0x74,0x65,0x6e,0x73,0x6f,0x72,0x5f,0x6f,0x70,0x65,
    0x72,0x61,0x74,0x69,0x6f,0x6e,0x36,0x64,0x65,0x76,0x69,0x63,0x65,0x32,0x31,0x44,
    0x65,0x76,0x69,0x63,0x65,0x45,0x6c,0x65,0x6d,0x65,0x6e,0x74,0x77,0x69,0x73,0x65,
    0x49,0x6d,0x70,0x6c,0x49,0x4e,0x53,0x5f,0x35,0x54,0x75,0x70,0x6c,0x65,0x49,0x4a,
    0x44,0x46,0x31,0x36,0x5f,0x44,0x46,0x31,0x36,0x5f,0x45,0x45,0x45,0x4e,0x53,0x34,
    0x5f,0x49,0x4a,0x44,0x46,0x31,0x36,0x5f,0x45,0x45,0x45,0x31,0x30,0x53,0x69,0x67,
    0x6d,0x6f,0x69,0x64,0x4d,0x75,0x6c,0x4c,0x69,0x34,0x45,0x4c,0x69,0x36,0x34,0x45,
    0x4c,0x69,0x32,0x45,0x4c,0x69,0x31,0x32,0x38,0x45,0x4c,0x69,0x32,0x45,0x4c,0x69,
    0x32,0x45,0x4e,0x53,0x5f,0x38,0x53,0x65,0x71,0x75,0x65,0x6e,0x63,0x65,0x49,0x4a,
    0x4c,0x69,0x31,0x45,0x4c,0x69,0x30,0x45,0x45,0x45,0x45,0x4e,0x53,0x38,0x5f,0x49,
    0x4a,0x4c,0x69,0x32,0x45,0x4c,0x69,0x32,0x45,0x45,0x45,0x45,0x4e,0x53,0x38,0x5f,
    0x49,0x4a,0x4c,0x69,0x32,0x45,0x45,0x45,0x45,0x45,0x45,0x4e,0x53,0x5f,0x31,0x39,
    0x47,0x72,0x69,0x64,0x77,0x69,0x73,0x65,0x45,0x6c,0x65,0x6d,0x65,0x6e,0x74,0x77,
    0x69,0x73,0x65,0x49,0x4e,0x53,0x34,0x5f,0x49,0x4a,0x4e,0x53,0x5f,0x31,0x36,0x54,
    0x65,0x6e,0x73,0x6f,0x72,0x44,0x65,0x73,0x63,0x72,0x69,0x70,0x74,0x6f,0x72,0x49,
    0x4e,0x53,0x34,0x5f,0x49,0x4a,0x4e,0x53,0x5f,0x35,0x45,0x6d,0x62,0x65,0x64,0x49,
    0x4e,0x53,0x34,0x5f,0x49,0x4a,0x69,0x69,0x69,0x69,0x69,0x45,0x45,0x45,0x53,0x47,
    0x5f,0x4c,0x62,0x30,0x45,0x45,0x45,0x4e,0x53,0x5f,0x32,0x33,0x4d,0x65,0x72,0x67,
    0x65,0x5f,0x76,0x32,0x5f,0x6d,0x61,0x67,0x69,0x63,0x5f,0x64,0x69,0x76,0x69,0x73,
    0x69,0x6f,0x6e,0x49,0x4e,0x53,0x34,0x5f,0x49,0x4a,0x69,0x69,0x69,0x69,0x45,0x45,
    0x45,0x45,0x45,0x4e,0x53,0x5f,0x31,0x31,0x50,0x61,0x73,0x73,0x54,0x68,0x72,0x6f,
    0x75,0x67,0x68,0x49,0x69,0x45,0x45,0x4e,0x53,0x5f,0x38,0x52,0x69,0x67,0x68,0x74,
    0x50,0x61,0x64,0x49,0x69,0x69,0x4c,0x62,0x30,0x45,0x45,0x45,0x53,0x4f,0x5f,0x45,
    0x45,0x45,0x4e,0x53,0x34,0x5f,0x49,0x4a,0x4e,0x53,0x38,0x5f,0x49,0x4a,0x4c,0x69,
    0x30,0x45,0x45,0x45,0x45,0x4e,0x53,0x38,0x5f,0x49,0x4a,0x4c,0x69,0x31,0x45,0x4c,
    0x69,0x32,0x45,0x4c,0x69,0x33,0x45,0x4c,0x69,0x34,0x45,0x45,0x45,0x45,0x4e,0x53,
    0x38,0x5f,0x49,0x4a,0x4c,0x69,0x35,0x45,0x45,0x45,0x45,0x4e,0x53,0x38,0x5f,0x49,
    0x4a,0x4c,0x69,0x36,0x45,0x45,0x45,0x45,0x4e,0x53,0x38,0x5f,0x49,0x4a,0x4c,0x69,
    0x37,0x45,0x45,0x45,0x45,0x45,0x45,0x45,0x4e,0x53,0x34,0x5f,0x49,0x4a,0x4e,0x53,
    0x38,0x5f,0x49,0x4a,0x4c,0x69,0x31,0x45,0x4c,0x69,0x32,0x45,0x4c,0x69,0x33,0x45,
    0x4c,0x69,0x34,0x45,0x4c,0x69,0x35,0x45,0x45,0x45,0x45,0x53,0x54,0x5f,0x53,0x55,
    0x5f,0x4e,0x53,0x38,0x5f,0x49,0x4a,0x4c,0x69,0x38,0x45,0x45,0x45,0x45,0x4e,0x53,
    0x38,0x5f,0x49,0x4a,0x4c,0x69,0x39,0x45,0x45,0x45,0x45,0x45,0x45,0x45,0x4e,0x53,
    0x38,0x5f,0x49,0x4a,0x4c,0x69,0x38,0x45,0x4c,0x69,0x39,0x45,0x45,0x45,0x45,0x78,
    0x45,0x45,0x53,0x31,0x31,0x5f,0x45,0x45,0x45,0x4e,0x53,0x34,0x5f,0x49,0x4a,0x53,
    0x31,0x31,0x5f,0x45,0x45,0x45,0x4e,0x53,0x34,0x5f,0x49,0x4a,0x50,0x4b,0x44,0x46,
    0x31,0x36,0x5f,0x53,0x31,0x35,0x5f,0x45,0x45,0x45,0x4e,0x53,0x34,0x5f,0x49,0x4a,
    0x50,0x44,0x46,0x31,0x36,0x5f,0x45,0x45,0x45,0x4e,0x53,0x5f,0x33,0x31,0x42,0x6c,
    0x6f,0x63,0x6b,0x54,0x6f,0x43,0x54,0x69,0x6c,0x65,0x4d,0x61,0x70,0x5f,0x4d,0x30,
    0x30,0x5f,0x4e,0x30,0x5f,0x4d,0x30,0x31,0x41,0x64,0x61,0x70,0x74,0x49,0x4c,0x69,
    0x32,0x45,0x4c,0x69,0x31,0x32,0x38,0x45,0x76,0x45,0x45,0x53,0x37,0x5f,0x4c,0x69,
    0x36,0x34,0x45,0x4c,0x69,0x32,0x45,0x4c,0x69,0x31,0x32,0x38,0x45,0x4c,0x69,0x32,
    0x45,0x4c,0x69,0x32,0x45,0x53,0x39,0x5f,0x53,0x41,0x5f,0x53,0x42,0x5f,0x4c,0x69,
    0x31,0x45,0x4c,0x69,0x31,0x45,0x45,0x45,0x44,0x46,0x31,0x36,0x5f,0x44,0x46,0x31,
    0x36,0x5f,0x44,0x46,0x31,0x36,0x5f,0x53,0x31,0x41,0x5f,0x53,0x37,0x5f,0x45,0x45,
    0x76,0x50,0x4b,0x54,0x31,0x5f,0x50,0x4b,0x54,0x32,0x5f,0x50,0x54,0x33,0x5f,0x69,
    0x69,0x69,0x69,0x69,0x69,0x69,0x69,0x69,0x69,0x69,0x69,0x69,0x69,0x69,0x69,0x00,
    0x2e,0x72,0x6f,0x64,0x61,0x74,0x61,0x2e,0x5f,0x5a,0x54,0x43,0x53,0x64,0x30,0x5f,
    0x53,0x69,0x00,0x2e,0x72,0x6f,0x64,0x61,0x74,0x61,0x2e,0x5f,0x5a,0x54,0x56,0x53,
    0x69,0x00,0x5f,0x5a,0x4e,0x32,0x63,0x6b,0x32,0x37,0x6b,0x65,0x72,0x6e,0x65,0x6c,
    0x5f,0x65,0x6c,0x65,0x6d,0x65,0x6e,0x74,0x77,0x69,0x73,0x65,0x5f,0x66,0x6c,0x61,
    0x74,0x5f,0x61,0x72,0x67,0x49,0x4e,0x53,0x5f,0x31,0x36,0x74,0x65,0x6e,0x73,0x6f,
    0x72,0x5f,0x6f,0x70,0x65,0x72,0x61,0x74,0x69,0x6f,0x6e,0x36,0x64,0x65,0x76,0x69,
    0x63,0x65,0x32,0x31,0x44,0x65,0x76,0x69,0x63,0x65,0x45,0x6c,0x65,0x6d,0x65,0x6e,
    0x74,0x77,0x69,0x73,0x65,0x49,0x6d,0x70,0x6c,0x49,0x4e,0x53,0x5f,0x35,0x54,0x75,
    0x70,0x6c,0x65,0x49,0x4a,0x44,0x46,0x31,0x36,0x5f,0x44,0x46,0x31,0x36,0x5f,0x45,
    0x45,0x45,0x4e,0x53,0x34,0x5f,0x49,0x4a,0x44,0x46,0x31,0x36,0x5f,0x45,0x45,0x45,
    0x31,0x30,0x53,0x69,0x67,0x6d,0x6f,0x69,0x64,0x4d,0x75,0x6c,0x4c,0x69,0x34,0x45,
    0x4c,0x69,0x36,0x34,0x45,0x4c,0x69,0x32,0x45,0x4c,0x69,0x31,0x32,0x38,0x45,0x4c,
    0x69,0x32,0x45,0x4c,0x69,0x32,0x45,0x4e,0x53,0x5f,0x38,0x53,0x65,0x71,0x75,0x65,
    0x6e,0x63,0x65,0x49,0x4a,0x4c,0x69,0x31,0x45,0x4c,0x69,0x30,0x45,0x45,0x45,0x45,
    0x4e,0x53,0x38,0x5f,0x49,0x4a,0x4c,0x69,0x32,0x45,0x4c,0x69,0x32,0x45,0x45,0x45,
    0x45,0x4e,0x53,0x38,0x5f,0x49,0x4a,0x4c,0x69,0x32,0x45,0x45,0x45,0x45,0x45,0x45,
    0x4e,0x53,0x5f,0x31,0x39,0x47,0x72,0x69,0x64,0x77,0x69,0x73,0x65,0x45,0x6c,0x65,
    0x6d,0x65,0x6e,0x74,0x77,0x69,0x73,0x65,0x49,0x4e,0x53,0x34,0x5f,0x49,0x4a,0x4e,
    0x53,0x5f,0x31,0x36,0x54,0x65,0x6e,0x73,0x6f,0x72,0x44,0x65,0x73,0x63,0x72,0x69,
    0x70,0x74,0x6f,0x72,0x49,0x4e,0x53,0x34,0x5f,0x49,0x4a,0x4e,0x53,0x5f,0x35,0x45,
    0x6d,0x62,0x65,0x64,0x49,0x4e,0x53,0x34,0x5f,0x49,0x4a,0x69,0x69,0x69,0x69,0x69,
    0x45,0x45,0x45,0x53,0x47,0x5f,0x4c,0x62,0x30,0x45,0x45,0x45,0x4e,0x53,0x5f,0x32,
    0x33,0x4d,0x65,0x72,0x67,0x65,0x5f,0x76,0x32,0x5f,0x6d,0x61,0x67,0x69,0x63,0x5f,
    0x64,0x69,0x76,0x69,0x73,0x69,0x6f,0x6e,0x49,0x4e,0x53,0x34,0x5f,0x49,0x4a,0x69,
    0x69,0x69,0x69,0x45,0x45,0x45,0x45,0x45,0x4e,0x53,0x5f,0x31,0x31,0x50,0x61,0x73,
    0x73,0x54,0x68,0x72,0x6f,0x75,0x67,0x68,0x49,0x69,0x45,0x45,0x4e,0x53,0x5f,0x38,
    0x52,0x69,0x67,0x68,0x74,0x50,0x61,0x64,0x49,0x69,0x69,0x4c,0x62,0x30,0x45,0x45,
    0x45,0x53,0x4f,0x5f,0x45,0x45,0x45,0x4e,0x53,0x34,0x5f,0x49,0x4a,0x4e,0x53,0x38,
    0x5f,0x49,0x4a,0x4c,0x69,0x30,0x45,0x45,0x45,0x45,0x4e,0x53,0x38,0x5f,0x49,0x4a,
    0x4c,0x69,0x31,0x45,0x4c,0x69,0x32,0x45,0x4c,0x69,0x33,0x45,0x4c,0x69,0x34,0x45,
    0x45,0x45,0x45,0x4e,0x53,0x38,0x5f,0x49,0x4a,0x4c,0x69,0x35,0x45,0x45,0x45,0x45,
    0x4e,0x53,0x38,0x5f,0x49,0x4a,0x4c,0x69,0x36,0x45,0x45,0x45,0x45,0x4e,0x53,0x38,
    0x5f,0x49,0x4a,0x4c,0x69,0x37,0x45,0x45,0x45,0x45,0x45,0x45,0x45,0x4e,0x53,0x34,
    0x5f,0x49,0x4a,0x4e,0x53,0x38,0x5f,0x49,0x4a,0x4c,0x69,0x31,0x45,0x4c,0x69,0x32,
    0x45,0x4c,0x69,0x33,0x45,0x4c,0x69,0x34,0x45,0x4c,0x69,0x35,0x45,0x45,0x45,0x45,
    0x53,0x54,0x5f,0x53,0x55,0x5f,0x4e,0x53,0x38,0x5f,0x49,0x4a,0x4c,0x69,0x38,0x45,
    0x45,0x45,0x45,0x4e,0x53,0x38,0x5f,0x49,0x4a,0x4c,0x69,0x39,0x45,0x45,0x45,0x45,
    0x45,0x45,0x45,0x4e,0x53,0x38,0x5f,0x49,0x4a,0x4c,0x69,0x38,0x45,0x4c,0x69,0x39,
    0x45,0x45,0x45,0x45,0x78,0x45,0x45,0x53,0x31,0x31,0x5f,0x45,0x45,0x45,0x4e,0x53,
    0x34,0x5f,0x49,0x4a,0x53,0x31,0x31,0x5f,0x45,0x45,0x45,0x4e,0x53,0x34,0x5f,0x49,
    0x4a,0x50,0x4b,0x44,0x46,0x31,0x36,0x5f,0x53,0x31,0x35,0x5f,0x45,0x45,0x45,0x4e,
    0x53,0x34,0x5f,0x49,0x4a,0x50,0x44,0x46,0x31,0x36,0x5f,0x45,0x45,0x45,0x4e,0x53,
    0x5f,0x33,0x31,0x42,0x6c,0x6f,0x63,0x6b,0x54,0x6f,0x43,0x54,0x69,0x6c,0x65,0x4d,
    0x61,0x70,0x5f,0x4d,0x30,0x30,0x5f,0x4e,0x30,0x5f,0x4d,0x30,0x31,0x41,0x64,0x61,
    0x70,0x74,0x49,0x4c,0x69,0x32,0x45,0x4c,0x69,0x31,0x32,0x38,0x45,0x76,0x45,0x45,
    0x53,0x37,0x5f,0x4c,0x69,0x36,0x34,0x45,0x4c,0x69,0x32,0x45,0x4c,0x69,0x31,0x32,
    0x38,0x45,0x4c,0x69,0x32,0x45,0x4c,0x69,0x32,0x45,0x53,0x39,0x5f,0x53,0x41,0x5f,
    0x53,0x42,0x5f,0x4c,0x69,0x31,0x45,0x4c,0x69,0x31,0x45,0x45,0x45,0x44,0x46,0x31,
    0x36,0x5f,0x44,0x46,0x31,0x36,0x5f,0x44,0x46,0x31,0x36,0x5f,0x53,0x31,0x41,0x5f,
    0x53,0x37,0x5f,0x45,0x45,0x76,0x50,0x4b,0x54,0x31,0x5f,0x50,0x4b,0x54,0x32,0x5f,
    0x50,0x54,0x33,0x5f,0x69,0x69,0x69,0x69,0x69,0x69,0x69,0x69,0x69,0x69,0x69,0x69,
    0x69,0x69,0x69,0x69,0x2e,0x75,0x73,0x65,0x73,0x5f,0x66,0x6c,0x61,0x74,0x5f,0x73,
    0x63,0x72,0x61,0x74,0x63,0x68,0x00,0x2e,0x6c,0x6c,0x76,0x6d,0x5f,0x61,0x64,0x64,
    0x72,0x73,0x69,0x67,0x00,0x5f,0x5a,0x4e,0x32,0x63,0x6b,0x32,0x37,0x6b,0x65,0x72,
    0x6e,0x65,0x6c,0x5f,0x65,0x6c,0x65,0x6d,0x65,0x6e,0x74,0x77,0x69,0x73,0x65,0x5f,
    0x66,0x6c,0x61,0x74,0x5f,0x61,0x72,0x67,0x49,0x4e,0x53,0x5f,0x31,0x36,0x74,0x65,
    0x6e,0x73,0x6f,0x72,0x5f,0x6f,0x70,0x65,0x72,0x61,0x74,0x69,0x6f,0x6e,0x36,0x64,
    0x65,0x76,0x69,0x63,0x65,0x32,0x31,0x44,0x65,0x76,0x69,0x63,0x65,0x45,0x6c,0x65,
    0x6d,0x65,0x6e,0x74,0x77,0x69,0x73,0x65,0x49,0x6d,0x70,0x6c,0x49,0x4e,0x53,0x5f,
    0x35,0x54,0x75,0x70,0x6c,0x65,0x49,0x4a,0x44,0x46,0x31,0x36,0x5f,0x44,0x46,0x31,
    0x36,0x5f,0x45,0x45,0x45,0x4e,0x53,0x34,0x5f,0x49,0x4a,0x44,0x46,0x31,0x36,0x5f,
    0x45,0x45,0x45,0x31,0x30,0x53,0x69,0x67,0x6d,0x6f,0x69,0x64,0x4d,0x75,0x6c,0x4c,
    0x69,0x34,0x45,0x4c,0x69,0x36,0x34,0x45,0x4c,0x69,0x32,0x45,0x4c,0x69,0x31,0x32,
    0x38,0x45,0x4c,0x69,0x32,0x45,0x4c,0x69,0x32,0x45,0x4e,0x53,0x5f,0x38,0x53,0x65,
    0x71,0x75,0x65,0x6e,0x63,0x65,0x49,0x4a,0x4c,0x69,0x31,0x45,0x4c,0x69,0x30,0x45,
    0x45,0x45,0x45,0x4e,0x53,0x38,0x5f,0x49,0x4a,0x4c,0x69,0x32,0x45,0x4c,0x69,0x32,
    0x45,0x45,0x45,0x45,0x4e,0x53,0x38,0x5f,0x49,0x4a,0x4c,0x69,0x32,0x45,0x45,0x45,
    0x45,0x45,0x45,0x4e,0x53,0x5f,0x31,0x39,0x47,0x72,0x69,0x64,0x77,0x69,0x73,0x65,
    0x45,0x6c,0x65,0x6d,0x65,0x6e,0x74,0x77,0x69,0x73,0x65,0x49,0x4e,0x53,0x34,0x5f,
    0x49,0x4a,0x4e,0x53,0x5f,0x31,0x36,0x54,0x65,0x6e,0x73,0x6f,0x72,0x44,0x65,0x73,
    0x63,0x72,0x69,0x70,0x74,0x6f,0x72,0x49,0x4e,0x53,0x34,0x5f,0x49,0x4a,0x4e,0x53,
    0x5f,0x35,0x45,0x6d,0x62,0x65,0x64,0x49,0x4e,0x53,0x34,0x5f,0x49,0x4a,0x69,0x69,
    0x69,0x69,0x69,0x45,0x45,0x45,0x53,0x47,0x5f,0x4c,0x62,0x30,0x45,0x45,0x45,0x4e,
    0x53,0x5f,0x32,0x33,0x4d,0x65,0x72,0x67,0x65,0x5f,0x76,0x32,0x5f,0x6d,0x61,0x67,
    0x69,0x63,0x5f,0x64,0x69,0x76,0x69,0x73,0x69,0x6f,0x6e,0x49,0x4e,0x53,0x34,0x5f,
    0x49,0x4a,0x69,0x69,0x69,0x69,0x45,0x45,0x45,0x45,0x45,0x4e,0x53,0x5f,0x31,0x31,
    0x50,0x61,0x73,0x73,0x54,0x68,0x72,0x6f,0x75,0x67,0x68,0x49,0x69,0x45,0x45,0x4e,
    0x53,0x5f,0x38,0x52,0x69,0x67,0x68,0x74,0x50,0x61,0x64,0x49,0x69,0x69,0x4c,0x62,
    0x30,0x45,0x45,0x45,0x53,0x4f,0x5f,0x45,0x45,0x45,0x4e,0x53,0x34,0x5f,0x49,0x4a,
    0x4e,0x53,0x38,0x5f,0x49,0x4a,0x4c,0x69,0x30,0x45,0x45,0x45,0x45,0x4e,0x53,0x38,
    0x5f,0x49,0x4a,0x4c,0x69,0x31,0x45,0x4c,0x69,0x32,0x45,0x4c,0x69,0x33,0x45,0x4c,
    0x69,0x34,0x45,0x45,0x45,0x45,0x4e,0x53,0x38,0x5f,0x49,0x4a,0x4c,0x69,0x35,0x45,
    0x45,0x45,0x45,0x4e,0x53,0x38,0x5f,0x49,0x4a,0x4c,0x69,0x36,0x45,0x45,0x45,0x45,
    0x4e,0x53,0x38,0x5f,0x49,0x4a,0x4c,0x69,0x37,0x45,0x45,0x45,0x45,0x45,0x45,0x45,
    0x4e,0x53,0x34,0x5f,0x49,0x4a,0x4e,0x53,0x38,0x5f,0x49,0x4a,0x4c,0x69,0x31,0x45,
    0x4c,0x69,0x32,0x45,0x4c,0x69,0x33,0x45,0x4c,0x69,0x34,0x45,0x4c,0x69,0x35,0x45,
    0x45,0x45,0x45,0x53,0x54,0x5f,0x53,0x55,0x5f,0x4e,0x53,0x38,0x5f,0x49,0x4a,0x4c,
    0x69,0x38,0x45,0x45,0x45,0x45,0x4e,0x53,0x38,0x5f,0x49,0x4a,0x4c,0x69,0x39,0x45,
    0x45,0x45,0x45,0x45,0x45,0x45,0x4e,0x53,0x38,0x5f,0x49,0x4a,0x4c,0x69,0x38,0x45,
    0x4c,0x69,0x39,0x45,0x45,0x45,0x45,0x78,0x45,0x45,0x53,0x31,0x31,0x5f,0x45,0x45,
    0x45,0x4e,0x53,0x34,0x5f,0x49,0x4a,0x53,0x31,0x31,0x5f,0x45,0x45,0x45,0x4e,0x53,
    0x34,0x5f,0x49,0x4a,0x50,0x4b,0x44,0x46,0x31,0x36,0x5f,0x53,0x31,0x35,0x5f,0x45,
    0x45,0x45,0x4e,0x53,0x34,0x5f,0x49,0x4a,0x50,0x44,0x46,0x31,0x36,0x5f,0x45,0x45,
    0x45,0x4e,0x53,0x5f,0x33,0x31,0x42,0x6c,0x6f,0x63,0x6b,0x54,0x6f,0x43,0x54,0x69,
    0x6c,0x65,0x4d,0x61,0x70,0x5f,0x4d,0x30,0x30,0x5f,0x4e,0x30,0x5f,0x4d,0x30,0x31,
    0x41,0x64,0x61,0x70,0x74,0x49,0x4c,0x69,0x32,0x45,0x4c,0x69,0x31,0x32,0x38,0x45,
    0x76,0x45,0x45,0x53,0x37,0x5f,0x4c,0x69,0x36,0x34,0x45,0x4c,0x69,0x32,0x45,0x4c,
    0x69,0x31,0x32,0x38,0x45,0x4c,0x69,0x32,0x45,0x4c,0x69,0x32,0x45,0x53,0x39,0x5f,
    0x53,0x41,0x5f,0x53,0x42,0x5f,0x4c,0x69,0x31,0x45,0x4c,0x69,0x31,0x45,0x45,0x45,
    0x44,0x46,0x31,0x36,0x5f,0x44,0x46,0x31,0x36,0x5f,0x44,0x46,0x31,0x36,0x5f,0x53,
    0x31,0x41,0x5f,0x53,0x37,0x5f,0x45,0x45,0x76,0x50,0x4b,0x54,0x31,0x5f,0x50,0x4b,
    0x54,0x32,0x5f,0x50,0x54,0x33,0x5f,0x69,0x69,0x69,0x69,0x69,0x69,0x69,0x69,0x69,
    0x69,0x69,0x69,0x69,0x69,0x69,0x69,0x2e,0x70,0x72,0x69,0x76,0x61,0x74,0x65,0x5f,
    0x73,0x65,0x67,0x5f,0x73,0x69,0x7a,0x65,0x00,0x2e,0x6e,0x6f,0x74,0x65,0x00,0x5f,
    0x5a,0x4e,0x32,0x63,0x6b,0x32,0x37,0x6b,0x65,0x72,0x6e,0x65,0x6c,0x5f,0x65,0x6c,
    0x65,0x6d,0x65,0x6e,0x74,0x77,0x69,0x73,0x65,0x5f,0x66,0x6c,0x61,0x74,0x5f,0x61,
    0x72,0x67,0x49,0x4e,0x53,0x5f,0x31,0x36,0x74,0x65,0x6e,0x73,0x6f,0x72,0x5f,0x6f,
    0x70,0x65,0x72,0x61,0x74,0x69,0x6f,0x6e,0x36,0x64,0x65,0x76,0x69,0x63,0x65,0x32,
    0x31,0x44,0x65,0x76,0x69,0x63,0x65,0x45,0x6c,0x65,0x6d,0x65,0x6e,0x74,0x77,0x69,
    0x73,0x65,0x49,0x6d,0x70,0x6c,0x49,0x4e,0x53,0x5f,0x35,0x54,0x75,0x70,0x6c,0x65,
    0x49,0x4a,0x44,0x46,0x31,0x36,0x5f,0x44,0x46,0x31,0x36,0x5f,0x45,0x45,0x45,0x4e,
    0x53,0x34,0x5f,0x49,0x4a,0x44,0x46,0x31,0x36,0x5f,0x45,0x45,0x45,0x31,0x30,0x53,
    0x69,0x67,0x6d,0x6f,0x69,0x64,0x4d,0x75,0x6c,0x4c,0x69,0x34,0x45,0x4c,0x69,0x36,
    0x34,0x45,0x4c,0x69,0x32,0x45,0x4c,0x69,0x31,0x32,0x38,0x45,0x4c,0x69,0x32,0x45,
    0x4c,0x69,0x32,0x45,0x4e,0x53,0x5f,0x38,0x53,0x65,0x71,0x75,0x65,0x6e,0x63,0x65,
    0x49,0x4a,0x4c,0x69,0x31,0x45,0x4c,0x69,0x30,0x45,0x45,0x45,0x45,0x4e,0x53,0x38,
    0x5f,0x49,0x4a,0x4c,0x69,0x32,0x45,0x4c,0x69,0x32,0x45,0x45,0x45,0x45,0x4e,0x53,
    0x38,0x5f,0x49,0x4a,0x4c,0x69,0x32,0x45,0x45,0x45,0x45,0x45,0x45,0x4e,0x53,0x5f,
    0x31,0x39,0x47,0x72,0x69,0x64,0x77,0x69,0x73,0x65,0x45,0x6c,0x65,0x6d,0x65,0x6e,
    0x74,0x77,0x69,0x73,0x65,0x49,0x4e,0x53,0x34,0x5f,0x49,0x4a,0x4e,0x53,0x5f,0x31,
    0x36,0x54,0x65,0x6e,0x73,0x6f,0x72,0x44,0x65,0x73,0x63,0x72,0x69,0x70,0x74,0x6f,
    0x72,0x49,0x4e,0x53,0x34,0x5f,0x49,0x4a,0x4e,0x53,0x5f,0x35,0x45,0x6d,0x62,0x65,
    0x64,0x49,0x4e,0x53,0x34,0x5f,0x49,0x4a,0x69,0x69,0x69,0x69,0x69,0x45,0x45,0x45,
    0x53,0x47,0x5f,0x4c,0x62,0x30,0x45,0x45,0x45,0x4e,0x53,0x5f,0x32,0x33,0x4d,0x65,
    0x72,0x67,0x65,0x5f,0x76,0x32,0x5f,0x6d,0x61,0x67,0x69,0x63,0x5f,0x64,0x69,0x76,
    0x69,0x73,0x69,0x6f,0x6e,0x49,0x4e,0x53,0x34,0x5f,0x49,0x4a,0x69,0x69,0x69,0x69,
    0x45,0x45,0x45,0x45,0x45,0x4e,0x53,0x5f,0x31,0x31,0x50,0x61,0x73,0x73,0x54,0x68,
    0x72,0x6f,0x75,0x67,0x68,0x49,0x69,0x45,0x45,0x4e,0x53,0x5f,0x38,0x52,0x69,0x67,
    0x68,0x74,0x50,0x61,0x64,0x49,0x69,0x69,0x4c,0x62,0x30,0x45,0x45,0x45,0x53,0x4f,
    0x5f,0x45,0x45,0x45,0x4e,0x53,0x34,0x5f,0x49,0x4a,0x4e,0x53,0x38,0x5f,0x49,0x4a,
    0x4c,0x69,0x30,0x45,0x45,0x45,0x45,0x4e,0x53,0x38,0x5f,0x49,0x4a,0x4c,0x69,0x31,
    0x45,0x4c,0x69,0x32,0x45,0x4c,0x69,0x33,0x45,0x4c,0x69,0x34,0x45,0x45,0x45,0x45,
    0x4e,0x53,0x38,0x5f,0x49,0x4a,0x4c,0x69,0x35,0x45,0x45,0x45,0x45,0x4e,0x53,0x38,
    0x5f,0x49,0x4a,0x4c,0x69,0x36,0x45,0x45,0x45,0x45,0x4e,0x53,0x38,0x5f,0x49,0x4a,
    0x4c,0x69,0x37,0x45,0x45,0x45,0x45,0x45,0x45,0x45,0x4e,0x53,0x34,0x5f,0x49,0x4a,
    0x4e,0x53,0x38,0x5f,0x49,0x4a,0x4c,0x69,0x31,0x45,0x4c,0x69,0x32,0x45,0x4c,0x69,
    0x33,0x45,0x4c,0x69,0x34,0x45,0x4c,0x69,0x35,0x45,0x45,0x45,0x45,0x53,0x54,0x5f,
    0x53,0x55,0x5f,0x4e,0x53,0x38,0x5f,0x49,0x4a,0x4c,0x69,0x38,0x45,0x45,0x45,0x45,
    0x4e,0x53,0x38,0x5f,0x49,0x4a,0x4c,0x69,0x39,0x45,0x45,0x45,0x45,0x45,0x45,0x45,
    0x4e,0x53,0x38,0x5f,0x49,0x4a,0x4c,0x69,0x38,0x45,0x4c,0x69,0x39,0x45,0x45,0x45,
    0x45,0x78,0x45,0x45,0x53,0x31,0x31,0x5f,0x45,0x45,0x45,0x4e,0x53,0x34,0x5f,0x49,
    0x4a,0x53,0x31,0x31,0x5f,0x45,0x45,0x45,0x4e,0x53,0x34,0x5f,0x49,0x4a,0x50,0x4b,
    0x44,0x46,0x31,0x36,0x5f,0x53,0x31,0x35,0x5f,0x45,0x45,0x45,0x4e,0x53,0x34,0x5f,
    0x49,0x4a,0x50,0x44,0x46,0x31,0x36,0x5f,0x45,0x45,0x45,0x4e,0x53,0x5f,0x33,0x31,
    0x42,0x6c,0x6f,0x63,0x6b,0x54,0x6f,0x43,0x54,0x69,0x6c,0x65,0x4d,0x61,0x70,0x5f,
    0x4d,0x30,0x30,0x5f,0x4e,0x30,0x5f,0x4d,0x30,0x31,0x41,0x64,0x61,0x70,0x74,0x49,
    0x4c,0x69,0x32,0x45,0x4c,0x69,0x31,0x32,0x38,0x45,0x76,0x45,0x45,0x53,0x37,0x5f,
    0x4c,0x69,0x36,0x34,0x45,0x4c,0x69,0x32,0x45,0x4c,0x69,0x31,0x32,0x38,0x45,0x4c,
    0x69,0x32,0x45,0x4c,0x69,0x32,0x45,0x53,0x39,0x5f,0x53,0x41,0x5f,0x53,0x42,0x5f,
    0x4c,0x69,0x31,0x45,0x4c,0x69,0x31,0x45,0x45,0x45,0x44,0x46,0x31,0x36,0x5f,0x44,
    0x46,0x31,0x36,0x5f,0x44,0x46,0x31,0x36,0x5f,0x53,0x31,0x41,0x5f,0x53,0x37,0x5f,
    0x45,0x45,0x76,0x50,0x4b,0x54,0x31,0x5f,0x50,0x4b,0x54,0x32,0x5f,0x50,0x54,0x33,
    0x5f,0x69,0x69,0x69,0x69,0x69,0x69,0x69,0x69,0x69,0x69,0x69,0x69,0x69,0x69,0x69,
    0x69,0x2e,0x6b,0x64,0x00,0x2e,0x72,0x6f,0x64,0x61,0x74,0x61,0x2e,0x5f,0x5a,0x54,
    0x56,0x53,0x64,0x00,0x5f,0x5f,0x68,0x69,0x70,0x5f,0x63,0x75,0x69,0x64,0x5f,0x61,
    0x65,0x36,0x37,0x34,0x32,0x66,0x39,0x64,0x62,0x34,0x39,0x35,0x35,0x30,0x64,0x00,
    0x5f,0x5a,0x4e,0x32,0x63,0x6b,0x32,0x37,0x6b,0x65,0x72,0x6e,0x65,0x6c,0x5f,0x65,
    0x6c,0x65,0x6d,0x65,0x6e,0x74,0x77,0x69,0x73,0x65,0x5f,0x66,0x6c,0x61,0x74,0x5f,
    0x61,0x72,0x67,0x49,0x4e,0x53,0x5f,0x31,0x36,0x74,0x65,0x6e,0x73,0x6f,0x72,0x5f,
    0x6f,0x70,0x65,0x72,0x61,0x74,0x69,0x6f,0x6e,0x36,0x64,0x65,0x76,0x69,0x63,0x65,
    0x32,0x31,0x44,0x65,0x76,0x69,0x63,0x65,0x45,0x6c,0x65,0x6d,0x65,0x6e,0x74,0x77,
    0x69,0x73,0x65,0x49,0x6d,0x70,0x6c,0x49,0x4e,0x53,0x5f,0x35,0x54,0x75,0x70,0x6c,
    0x65,0x49,0x4a,0x44,0x46,0x31,0x36,0x5f,0x44,0x46,0x31,0x36,0x5f,0x45,0x45,0x45,
    0x4e,0x53,0x34,0x5f,0x49,0x4a,0x44,0x46,0x31,0x36,0x5f,0x45,0x45,0x45,0x31,0x30,
    0x53,0x69,0x67,0x6d,0x6f,0x69,0x64,0x4d,0x75,0x6c,0x4c,0x69,0x34,0x45,0x4c,0x69,
    0x36,0x34,0x45,0x4c,0x69,0x32,0x45,0x4c,0x69,0x31,0x32,0x38,0x45,0x4c,0x69,0x32,
    0x45,0x4c,0x69,0x32,0x45,0x4e,0x53,0x5f,0x38,0x53,0x65,0x71,0x75,0x65,0x6e,0x63,
    0x65,0x49,0x4a,0x4c,0x69,0x31,0x45,0x4c,0x69,0x30,0x45,0x45,0x45,0x45,0x4e,0x53,
    0x38,0x5f,0x49,0x4a,0x4c,0x69,0x32,0x45,0x4c,0x69,0x32,0x45,0x45,0x45,0x45,0x4e,
    0x53,0x38,0x5f,0x49,0x4a,0x4c,0x69,0x32,0x45,0x45,0x45,0x45,0x45,0x45,0x4e,0x53,
    0x5f,0x31,0x39,0x47,0x72,0x69,0x64,0x77,0x69,0x73,0x65,0x45,0x6c,0x65,0x6d,0x65,
    0x6e,0x74,0x77,0x69,0x73,0x65,0x49,0x4e,0x53,0x34,0x5f,0x49,0x4a,0x4e,0x53,0x5f,
    0x31,0x36,0x54,0x65,0x6e,0x73,0x6f,0x72,0x44,0x65,0x73,0x63,0x72,0x69,0x70,0x74,
    0x6f,0x72,0x49,0x4e,0x53,0x34,0x5f,0x49,0x4a,0x4e,0x53,0x5f,0x35,0x45,0x6d,0x62,
    0x65,0x64,0x49,0x4e,0x53,0x34,0x5f,0x49,0x4a,0x69,0x69,0x69,0x69,0x69,0x45,0x45,
    0x45,0x53,0x47,0x5f,0x4c,0x62,0x30,0x45,0x45,0x45,0x4e,0x53,0x5f,0x32,0x33,0x4d,
    0x65,0x72,0x67,0x65,0x5f,0x76,0x32,0x5f,0x6d,0x61,0x67,0x69,0x63,0x5f,0x64,0x69,
    0x76,0x69,0x73,0x69,0x6f,0x6e,0x49,0x4e,0x53,0x34,0x5f,0x49,0x4a,0x69,0x69,0x69,
    0x69,0x45,0x45,0x45,0x45,0x45,0x4e,0x53,0x5f,0x31,0x31,0x50,0x61,0x73,0x73,0x54,
    0x68,0x72,0x6f,0x75,0x67,0x68,0x49,0x69,0x45,0x45,0x4e,0x53,0x5f,0x38,0x52,0x69,
    0x67,0x68,0x74,0x50,0x61,0x64,0x49,0x69,0x69,0x4c,0x62,0x30,0x45,0x45,0x45,0x53,
    0x4f,0x5f,0x45,0x45,0x45,0x4e,0x53,0x34,0x5f,0x49,0x4a,0x4e,0x53,0x38,0x5f,0x49,
    0x4a,0x4c,0x69,0x30,0x45,0x45,0x45,0x45,0x4e,0x53,0x38,0x5f,0x49,0x4a,0x4c,0x69,
    0x31,0x45,0x4c,0x69,0x32,0x45,0x4c,0x69,0x33,0x45,0x4c,0x69,0x34,0x45,0x45,0x45,
    0x45,0x4e,0x53,0x38,0x5f,0x49,0x4a,0x4c,0x69,0x35,0x45,0x45,0x45,0x45,0x4e,0x53,
    0x38,0x5f,0x49,0x4a,0x4c,0x69,0x36,0x45,0x45,0x45,0x45,0x4e,0x53,0x38,0x5f,0x49,
    0x4a,0x4c,0x69,0x37,0x45,0x45,0x45,0x45,0x45,0x45,0x45,0x4e,0x53,0x34,0x5f,0x49,
    0x4a,0x4e,0x53,0x38,0x5f,0x49,0x4a,0x4c,0x69,0x31,0x45,0x4c,0x69,0x32,0x45,0x4c,
    0x69,0x33,0x45,0x4c,0x69,0x34,0x45,0x4c,0x69,0x35,0x45,0x45,0x45,0x45,0x53,0x54,
    0x5f,0x53,0x55,0x5f,0x4e,0x53,0x38,0x5f,0x49,0x4a,0x4c,0x69,0x38,0x45,0x45,0x45,
    0x45,0x4e,0x53,0x38,0x5f,0x49,0x4a,0x4c,0x69,0x39,0x45,0x45,0x45,0x45,0x45,0x45,
    0x45,0x4e,0x53,0x38,0x5f,0x49,0x4a,0x4c,0x69,0x38,0x45,0x4c,0x69,0x39,0x45,0x45,
    0x45,0x45,0x78,0x45,0x45,0x53,0x31,0x31,0x5f,0x45,0x45,0x45,0x4e,0x53,0x34,0x5f,
    0x49,0x4a,0x53,0x31,0x31,0x5f,0x45,0x45,0x45,0x4e,0x53,0x34,0x5f,0x49,0x4a,0x50,
    0x4b,0x44,0x46,0x31,0x36,0x5f,0x53,0x31,0x35,0x5f,0x45,0x45,0x45,0x4e,0x53,0x34,
    0x5f,0x49,0x4a,0x50,0x44,0x46,0x31,0x36,0x5f,0x45,0x45,0x45,0x4e,0x53,0x5f,0x33,
    0x31,0x42,0x6c,0x6f,0x63,0x6b,0x54,0x6f,0x43,0x54,0x69,0x6c,0x65,0x4d,0x61,0x70,
    0x5f,0x4d,0x30,0x30,0x5f,0x4e,0x30,0x5f,0x4d,0x30,0x31,0x41,0x64,0x61,0x70,0x74,
    0x49,0x4c,0x69,0x32,0x45,0x4c,0x69,0x31,0x32,0x38,0x45,0x76,0x45,0x45,0x53,0x37,
    0x5f,0x4c,0x69,0x36,0x34,0x45,0x4c,0x69,0x32,0x45,0x4c,0x69,0x31,0x32,0x38,0x45,
    0x4c,0x69,0x32,0x45,0x4c,0x69,0x32,0x45,0x53,0x39,0x5f,0x53,0x41,0x5f,0x53,0x42,
    0x5f,0x4c,0x69,0x31,0x45,0x4c,0x69,0x31,0x45,0x45,0x45,0x44,0x46,0x31,0x36,0x5f,
    0x44,0x46,0x31,0x36,0x5f,0x44,0x46,0x31,0x36,0x5f,0x53,0x31,0x41,0x5f,0x53,0x37,
    0x5f,0x45,0x45,0x76,0x50,0x4b,0x54,0x31,0x5f,0x50,0x4b,0x54,0x32,0x5f,0x50,0x54,
    0x33,0x5f,0x69,0x69,0x69,0x69,0x69,0x69,0x69,0x69,0x69,0x69,0x69,0x69,0x69,0x69,
    0x69,0x69,0x2e,0x75,0x73,0x65,0x73,0x5f,0x76,0x63,0x63,0x00,0x2e,0x73,0x74,0x72,
    0x74,0x61,0x62,0x00,0x2e,0x73,0x79,0x6d,0x74,0x61,0x62,0x00,0x2e,0x41,0x4d,0x44,
    0x47,0x50,0x55,0x2e,0x63,0x73,0x64,0x61,0x74,0x61,0x00,0x2e,0x72,0x65,0x6c,0x61,
    0x2e,0x72,0x6f,0x64,0x61,0x74,0x61,0x00,0x2e,0x72,0x6f,0x64,0x61,0x74,0x61,0x2e,
    0x5f,0x5a,0x54,0x43,0x53,0x74,0x31,0x34,0x62,0x61,0x73,0x69,0x63,0x5f,0x69,0x6f,
    0x73,0x74,0x72,0x65,0x61,0x6d,0x49,0x77,0x53,0x74,0x31,0x31,0x63,0x68,0x61,0x72,
    0x5f,0x74,0x72,0x61,0x69,0x74,0x73,0x49,0x77,0x45,0x45,0x31,0x36,0x5f,0x53,0x74,
    0x31,0x33,0x62,0x61,0x73,0x69,0x63,0x5f,0x6f,0x73,0x74,0x72,0x65,0x61,0x6d,0x49,
    0x77,0x53,0x31,0x5f,0x45,0x00,0x2e,0x72,0x6f,0x64,0x61,0x74,0x61,0x2e,0x5f,0x5a,
    0x54,0x43,0x53,0x74,0x31,0x34,0x62,0x61,0x73,0x69,0x63,0x5f,0x69,0x6f,0x73,0x74,
    0x72,0x65,0x61,0x6d,0x49,0x77,0x53,0x74,0x31,0x31,0x63,0x68,0x61,0x72,0x5f,0x74,
    0x72,0x61,0x69,0x74,0x73,0x49,0x77,0x45,0x45,0x30,0x5f,0x53,0x74,0x31,0x33,0x62,
    0x61,0x73,0x69,0x63,0x5f,0x69,0x73,0x74,0x72,0x65,0x61,0x6d,0x49,0x77,0x53,0x31,
    0x5f,0x45,0x00,0x2e,0x72,0x6f,0x64,0x61,0x74,0x61,0x2e,0x5f,0x5a,0x54,0x56,0x53,
    0x74,0x31,0x34,0x62,0x61,0x73,0x69,0x63,0x5f,0x69,0x6f,0x73,0x74,0x72,0x65,0x61,
    0x6d,0x49,0x77,0x53,0x74,0x31,0x31,0x63,0x68,0x61,0x72,0x5f,0x74,0x72,0x61,0x69,
    0x74,0x73,0x49,0x77,0x45,0x45,0x00,0x2e,0x72,0x6f,0x64,0x61,0x74,0x61,0x2e,0x5f,
    0x5a,0x54,0x56,0x53,0x74,0x31,0x33,0x62,0x61,0x73,0x69,0x63,0x5f,0x6f,0x73,0x74,
    0x72,0x65,0x61,0x6d,0x49,0x77,0x53,0x74,0x31,0x31,0x63,0x68,0x61,0x72,0x5f,0x74,
    0x72,0x61,0x69,0x74,0x73,0x49,0x77,0x45,0x45,0x00,0x2e,0x72,0x6f,0x64,0x61,0x74,
    0x61,0x2e,0x5f,0x5a,0x54,0x56,0x53,0x74,0x31,0x33,0x62,0x61,0x73,0x69,0x63,0x5f,
    0x69,0x73,0x74,0x72,0x65,0x61,0x6d,0x49,0x77,0x53,0x74,0x31,0x31,0x63,0x68,0x61,
    0x72,0x5f,0x74,0x72,0x61,0x69,0x74,0x73,0x49,0x77,0x45,0x45,0x00,0x00,0x00,0x00,
    0x00,0x00,0x00,0x00,0x00,0x00,0x00,0x00,0x00,0x00,0x00,0x00,0x00,0x00,0x00,0x00,
    0x00,0x00,0x00,0x00,0x00,0x00,0x00,0x00,0x00,0x00,0x00,0x00,0x00,0x00,0x00,0x00,
    0x00,0x00,0x00,0x00,0x00,0x00,0x00,0x00,0x00,0x00,0x00,0x00,0x00,0x00,0x00,0x00,
    0x00,0x00,0x00,0x00,0x00,0x00,0x00,0x00,0x00,0x00,0x00,0x00,0x00,0x00,0x00,0x00,
    0x5b,0x23,0x00,0x00,0x03,0x00,0x00,0x00,0x00,0x00,0x00,0x00,0x00,0x00,0x00,0x00,
    0x00,0x00,0x00,0x00,0x00,0x00,0x00,0x00,0x51,0x52,0x00,0x00,0x00,0x00,0x00,0x00,
    0xbc,0x24,0x00,0x00,0x00,0x00,0x00,0x00,0x00,0x00,0x00,0x00,0x00,0x00,0x00,0x00,
    0x01,0x00,0x00,0x00,0x00,0x00,0x00,0x00,0x00,0x00,0x00,0x00,0x00,0x00,0x00,0x00,
    0x01,0x00,0x00,0x00,0x01,0x00,0x00,0x00,0x06,0x00,0x00,0x00,0x00,0x00,0x00,0x00,
    0x00,0x00,0x00,0x00,0x00,0x00,0x00,0x00,0x80,0x00,0x00,0x00,0x00,0x00,0x00,0x00,
    0x80,0x01,0x00,0x00,0x00,0x00,0x00,0x00,0x00,0x00,0x00,0x00,0x00,0x00,0x00,0x00,
    0x80,0x00,0x00,0x00,0x00,0x00,0x00,0x00,0x00,0x00,0x00,0x00,0x00,0x00,0x00,0x00,
    0xbf,0x09,0x00,0x00,0x11,0x00,0x00,0x00,0x00,0x00,0x00,0x00,0x00,0x00,0x00,0x00,
    0x00,0x00,0x00,0x00,0x00,0x00,0x00,0x00,0x70,0x4f,0x00,0x00,0x00,0x00,0x00,0x00,
    0x08,0x00,0x00,0x00,0x00,0x00,0x00,0x00,0x22,0x00,0x00,0x00,0x0d,0x00,0x00,0x00,
    0x04,0x00,0x00,0x00,0x00,0x00,0x00,0x00,0x04,0x00,0x00,0x00,0x00,0x00,0x00,0x00,
    0x66,0x13,0x00,0x00,0x01,0x00,0x00,0x00,0x06,0x02,0x00,0x00,0x00,0x00,0x00,0x00,
    0x00,0x00,0x00,0x00,0x00,0x00,0x00,0x00,0x00,0x02,0x00,0x00,0x00,0x00,0x00,0x00,
    0x10,0x3e,0x00,0x00,0x00,0x00,0x00,0x00,0x00,0x00,0x00,0x00,0x00,0x00,0x00,0x00,
    0x00,0x01,0x00,0x00,0x00,0x00,0x00,0x00,0x00,0x00,0x00,0x00,0x00,0x00,0x00,0x00,
    0x7f,0x23,0x00,0x00,0x01,0x00,0x00,0x00,0x02,0x00,0x00,0x00,0x00,0x00,0x00,0x00,
    0x00,0x00,0x00,0x00,0x00,0x00,0x00,0x00,0x40,0x40,0x00,0x00,0x00,0x00,0x00,0x00,
    0x40,0x00,0x00,0x00,0x00,0x00,0x00,0x00,0x00,0x00,0x00,0x00,0x00,0x00,0x00,0x00,
    0x40,0x00,0x00,0x00,0x00,0x00,0x00,0x00,0x00,0x00,0x00,0x00,0x00,0x00,0x00,0x00,
    0x7a,0x23,0x00,0x00,0x04,0x00,0x00,0x00,0x40,0x00,0x00,0x00,0x00,0x00,0x00,0x00,
    0x00,0x00,0x00,0x00,0x00,0x00,0x00,0x00,0x38,0x52,0x00,0x00,0x00,0x00,0x00,0x00,
    0x18,0x00,0x00,0x00,0x00,0x00,0x00,0x00,0x22,0x00,0x00,0x00,0x05,0x00,0x00,0x00,
    0x08,0x00,0x00,0x00,0x00,0x00,0x00,0x00,0x18,0x00,0x00,0x00,0x00,0x00,0x00,0x00,
    0x6b,0x23,0x00,0x00,0x01,0x00,0x00,0x00,0x00,0x00,0x00,0x00,0x00,0x00,0x00,0x00,
    0x00,0x00,0x00,0x00,0x00,0x00,0x00,0x00,0x80,0x40,0x00,0x00,0x00,0x00,0x00,0x00,
    0x00,0x00,0x00,0x00,0x00,0x00,0x00,0x00,0x00,0x00,0x00,0x00,0x00,0x00,0x00,0x00,
    0x01,0x00,0x00,0x00,0x00,0x00,0x00,0x00,0x00,0x00,0x00,0x00,0x00,0x00,0x00,0x00,
    0x15,0x00,0x00,0x00,0x01,0x00,0x00,0x00,0x00,0x00,0x00,0x00,0x00,0x00,0x00,0x00,
    0x00,0x00,0x00,0x00,0x00,0x00,0x00,0x00,0x80,0x40,0x00,0x00,0x00,0x00,0x00,0x00,
    0x00,0x00,0x00,0x00,0x00,0x00,0x00,0x00,0x00,0x00,0x00,0x00,0x00,0x00,0x00,0x00,
    0x01,0x00,0x00,0x00,0x00,0x00,0x00,0x00,0x00,0x00,0x00,0x00,0x00,0x00,0x00,0x00,
    0xbf,0x09,0x00,0x00,0x11,0x00,0x00,0x00,0x00,0x00,0x00,0x00,0x00,0x00,0x00,0x00,
    0x00,0x00,0x00,0x00,0x00,0x00,0x00,0x00,0x78,0x4f,0x00,0x00,0x00,0x00,0x00,0x00,
    0x08,0x00,0x00,0x00,0x00,0x00,0x00,0x00,0x22,0x00,0x00,0x00,0x0f,0x00,0x00,0x00,
    0x04,0x00,0x00,0x00,0x00,0x00,0x00,0x00,0x04,0x00,0x00,0x00,0x00,0x00,0x00,0x00,
    0xda,0x09,0x00,0x00,0x01,0x00,0x00,0x00,0x02,0x02,0x00,0x00,0x00,0x00,0x00,0x00,
    0x00,0x00,0x00,0x00,0x00,0x00,0x00,0x00,0x80,0x40,0x00,0x00,0x00,0x00,0x00,0x00,
    0x50,0x00,0x00,0x00,0x00,0x00,0x00,0x00,0x00,0x00,0x00,0x00,0x00,0x00,0x00,0x00,
    0x08,0x00,0x00,0x00,0x00,0x00,0x00,0x00,0x00,0x00,0x00,0x00,0x00,0x00,0x00,0x00,
    0xbf,0x09,0x00,0x00,0x11,0x00,0x00,0x00,0x00,0x00,0x00,0x00,0x00,0x00,0x00,0x00,
    0x00,0x00,0x00,0x00,0x00,0x00,0x00,0x00,0x80,0x4f,0x00,0x00,0x00,0x00,0x00,0x00,
    0x08,0x00,0x00,0x00,0x00,0x00,0x00,0x00,0x22,0x00,0x00,0x00,0x10,0x00,0x00,0x00,
    0x04,0x00,0x00,0x00,0x00,0x00,0x00,0x00,0x04,0x00,0x00,0x00,0x00,0x00,0x00,0x00,
    0x56,0x24,0x00,0x00,0x01,0x00,0x00,0x00,0x02,0x02,0x00,0x00,0x00,0x00,0x00,0x00,
    0x00,0x00,0x00,0x00,0x00,0x00,0x00,0x00,0xd0,0x40,0x00,0x00,0x00,0x00,0x00,0x00,
    0x50,0x00,0x00,0x00,0x00,0x00,0x00,0x00,0x00,0x00,0x00,0x00,0x00,0x00,0x00,0x00,
    0x08,0x00,0x00,0x00,0x00,0x00,0x00,0x00,0x00,0x00,0x00,0x00,0x00,0x00,0x00,0x00,
    0xbf,0x09,0x00,0x00,0x11,0x00,0x00,0x00,0x00,0x00,0x00,0x00,0x00,0x00,0x00,0x00,
    0x00,0x00,0x00,0x00,0x00,0x00,0x00,0x00,0x88,0x4f,0x00,0x00,0x00,0x00,0x00,0x00,
    0x08,0x00,0x00,0x00,0x00,0x00,0x00,0x00,0x22,0x00,0x00,0x00,0x11,0x00,0x00,0x00,
    0x04,0x00,0x00,0x00,0x00,0x00,0x00,0x00,0x04,0x00,0x00,0x00,0x00,0x00,0x00,0x00,
    0x92,0x16,0x00,0x00,0x01,0x00,0x00,0x00,0x02,0x02,0x00,0x00,0x00,0x00,0x00,0x00,
    0x00,0x00,0x00,0x00,0x00,0x00,0x00,0x00,0x20,0x41,0x00,0x00,0x00,0x00,0x00,0x00,
    0x50,0x00,0x00,0x00,0x00,0x00,0x00,0x00,0x00,0x00,0x00,0x00,0x00,0x00,0x00,0x00,
    0x08,0x00,0x00,0x00,0x00,0x00,0x00,0x00,0x00,0x00,0x00,0x00,0x00,0x00,0x00,0x00,
    0xbf,0x09,0x00,0x00,0x11,0x00,0x00,0x00,0x00,0x00,0x00,0x00,0x00,0x00,0x00,0x00,
    0x00,0x00,0x00,0x00,0x00,0x00,0x00,0x00,0x90,0x4f,0x00,0x00,0x00,0x00,0x00,0x00,
    0x08,0x00,0x00,0x00,0x00,0x00,0x00,0x00,0x22,0x00,0x00,0x00,0x12,0x00,0x00,0x00,
    0x04,0x00,0x00,0x00,0x00,0x00,0x00,0x00,0x04,0x00,0x00,0x00,0x00,0x00,0x00,0x00,
    0x89,0x24,0x00,0x00,0x01,0x00,0x00,0x00,0x02,0x02,0x00,0x00,0x00,0x00,0x00,0x00,
    0x00,0x00,0x00,0x00,0x00,0x00,0x00,0x00,0x70,0x41,0x00,0x00,0x00,0x00,0x00,0x00,
    0x50,0x00,0x00,0x00,0x00,0x00,0x00,0x00,0x00,0x00,0x00,0x00,0x00,0x00,0x00,0x00,
    0x08,0x00,0x00,0x00,0x00,0x00,0x00,0x00,0x00,0x00,0x00,0x00,0x00,0x00,0x00,0x00,
    0xbf,0x09,0x00,0x00,0x11,0x00,0x00,0x00,0x00,0x00,0x00,0x00,0x00,0x00,0x00,0x00,
    0x00,0x00,0x00,0x00,0x00,0x00,0x00,0x00,0x98,0x4f,0x00,0x00,0x00,0x00,0x00,0x00,
    0x08,0x00,0x00,0x00,0x00,0x00,0x00,0x00,0x22,0x00,0x00,0x00,0x13,0x00,0x00,0x00,
    0x04,0x00,0x00,0x00,0x00,0x00,0x00,0x00,0x04,0x00,0x00,0x00,0x00,0x00,0x00,0x00,
    0x14,0x20,0x00,0x00,0x01,0x00,0x00,0x00,0x02,0x02,0x00,0x00,0x00,0x00,0x00,0x00,
    0x00,0x00,0x00,0x00,0x00,0x00,0x00,0x00,0xc0,0x41,0x00,0x00,0x00,0x00,0x00,0x00,
    0xa0,0x00,0x00,0x00,0x00,0x00,0x00,0x00,0x00,0x00,0x00,0x00,0x00,0x00,0x00,0x00,
    0x08,0x00,0x00,0x00,0x00,0x00,0x00,0x00,0x00,0x00,0x00,0x00,0x00,0x00,0x00,0x00,
    0xbf,0x09,0x00,0x00,0x11,0x00,0x00,0x00,0x00,0x00,0x00,0x00,0x00,0x00,0x00,0x00,
    0x00,0x00,0x00,0x00,0x00,0x00,0x00,0x00,0xa0,0x4f,0x00,0x00,0x00,0x00,0x00,0x00,
    0x08,0x00,0x00,0x00,0x00,0x00,0x00,0x00,0x22,0x00,0x00,0x00,0x14,0x00,0x00,0x00,
    0x04,0x00,0x00,0x00,0x00,0x00,0x00,0x00,0x04,0x00,0x00,0x00,0x00,0x00,0x00,0x00,
    0x7f,0x16,0x00,0x00,0x01,0x00,0x00,0x00,0x02,0x02,0x00,0x00,0x00,0x00,0x00,0x00,
    0x00,0x00,0x00,0x00,0x00,0x00,0x00,0x00,0x60,0x42,0x00,0x00,0x00,0x00,0x00,0x00,
    0x50,0x00,0x00,0x00,0x00,0x00,0x00,0x00,0x00,0x00,0x00,0x00,0x00,0x00,0x00,0x00,
    0x08,0x00,0x00,0x00,0x00,0x00,0x00,0x00,0x00,0x00,0x00,0x00,0x00,0x00,0x00,0x00,
    0xbf,0x09,0x00,0x00,0x11,0x00,0x00,0x00,0x00,0x00,0x00,0x00,0x00,0x00,0x00,0x00,
    0x00,0x00,0x00,0x00,0x00,0x00,0x00,0x00,0xa8,0x4f,0x00,0x00,0x00,0x00,0x00,0x00,
    0x08,0x00,0x00,0x00,0x00,0x00,0x00,0x00,0x22,0x00,0x00,0x00,0x15,0x00,0x00,0x00,
    0x04,0x00,0x00,0x00,0x00,0x00,0x00,0x00,0x04,0x00,0x00,0x00,0x00,0x00,0x00,0x00,
    0xc6,0x09,0x00,0x00,0x01,0x00,0x00,0x00,0x02,0x02,0x00,0x00,0x00,0x00,0x00,0x00,
    0x00,0x00,0x00,0x00,0x00,0x00,0x00,0x00,0xb0,0x42,0x00,0x00,0x00,0x00,0x00,0x00,
    0x50,0x00,0x00,0x00,0x00,0x00,0x00,0x00,0x00,0x00,0x00,0x00,0x00,0x00,0x00,0x00,
    0x08,0x00,0x00,0x00,0x00,0x00,0x00,0x00,0x00,0x00,0x00,0x00,0x00,0x00,0x00,0x00,
    0xbf,0x09,0x00,0x00,0x11,0x00,0x00,0x00,0x00,0x00,0x00,0x00,0x00,0x00,0x00,0x00,
    0x00,0x00,0x00,0x00,0x00,0x00,0x00,0x00,0xb0,0x4f,0x00,0x00,0x00,0x00,0x00,0x00,
    0x08,0x00,0x00,0x00,0x00,0x00,0x00,0x00,0x22,0x00,0x00,0x00,0x16,0x00,0x00,0x00,
    0x04,0x00,0x00,0x00,0x00,0x00,0x00,0x00,0x04,0x00,0x00,0x00,0x00,0x00,0x00,0x00,
    0x22,0x24,0x00,0x00,0x01,0x00,0x00,0x00,0x02,0x02,0x00,0x00,0x00,0x00,0x00,0x00,
    0x00,0x00,0x00,0x00,0x00,0x00,0x00,0x00,0x00,0x43,0x00,0x00,0x00,0x00,0x00,0x00,
    0xa0,0x00,0x00,0x00,0x00,0x00,0x00,0x00,0x00,0x00,0x00,0x00,0x00,0x00,0x00,0x00,
    0x08,0x00,0x00,0x00,0x00,0x00,0x00,0x00,0x00,0x00,0x00,0x00,0x00,0x00,0x00,0x00,
    0xbf,0x09,0x00,0x00,0x11,0x00,0x00,0x00,0x00,0x00,0x00,0x00,0x00,0x00,0x00,0x00,
    0x00,0x00,0x00,0x00,0x00,0x00,0x00,0x00,0xb8,0x4f,0x00,0x00,0x00,0x00,0x00,0x00,
    0x08,0x00,0x00,0x00,0x00,0x00,0x00,0x00,0x22,0x00,0x00,0x00,0x17,0x00,0x00,0x00,
    0x04,0x00,0x00,0x00,0x00,0x00,0x00,0x00,0x04,0x00,0x00,0x00,0x00,0x00,0x00,0x00,
    0xd5,0x23,0x00,0x00,0x01,0x00,0x00,0x00,0x02,0x02,0x00,0x00,0x00,0x00,0x00,0x00,
    0x00,0x00,0x00,0x00,0x00,0x00,0x00,0x00,0xa0,0x43,0x00,0x00,0x00,0x00,0x00,0x00,
    0x50,0x00,0x00,0x00,0x00,0x00,0x00,0x00,0x00,0x00,0x00,0x00,0x00,0x00,0x00,0x00,
    0x08,0x00,0x00,0x00,0x00,0x00,0x00,0x00,0x00,0x00,0x00,0x00,0x00,0x00,0x00,0x00,
    0xbf,0x09,0x00,0x00,0x11,0x00,0x00,0x00,0x00,0x00,0x00,0x00,0x00,0x00,0x00,0x00,
    0x00,0x00,0x00,0x00,0x00,0x00,0x00,0x00,0xc0,0x4f,0x00,0x00,0x00,0x00,0x00,0x00,
    0x08,0x00,0x00,0x00,0x00,0x00,0x00,0x00,0x22,0x00,0x00,0x00,0x18,0x00,0x00,0x00,
    0x04,0x00,0x00,0x00,0x00,0x00,0x00,0x00,0x04,0x00,0x00,0x00,0x00,0x00,0x00,0x00,
    0x87,0x23,0x00,0x00,0x01,0x00,0x00,0x00,0x02,0x02,0x00,0x00,0x00,0x00,0x00,0x00,
    0x00,0x00,0x00,0x00,0x00,0x00,0x00,0x00,0xf0,0x43,0x00,0x00,0x00,0x00,0x00,0x00,
    0x50,0x00,0x00,0x00,0x00,0x00,0x00,0x00,0x00,0x00,0x00,0x00,0x00,0x00,0x00,0x00,
    0x08,0x00,0x00,0x00,0x00,0x00,0x00,0x00,0x00,0x00,0x00,0x00,0x00,0x00,0x00,0x00,
    0x10,0x00,0x00,0x00,0x08,0x00,0x00,0x00,0x03,0x00,0x00,0x00,0x00,0x00,0x00,0x00,
    0x00,0x00,0x00,0x00,0x00,0x00,0x00,0x00,0x40,0x44,0x00,0x00,0x00,0x00,0x00,0x00,
    0x01,0x00,0x00,0x00,0x00,0x00,0x00,0x00,0x00,0x00,0x00,0x00,0x00,0x00,0x00,0x00,
    0x01,0x00,0x00,0x00,0x00,0x00,0x00,0x00,0x00,0x00,0x00,0x00,0x00,0x00,0x00,0x00,
    0x07,0x00,0x00,0x00,0x01,0x00,0x00,0x00,0x30,0x00,0x00,0x00,0x00,0x00,0x00,0x00,
    0x00,0x00,0x00,0x00,0x00,0x00,0x00,0x00,0x40,0x44,0x00,0x00,0x00,0x00,0x00,0x00,
    0x19,0x00,0x00,0x00,0x00,0x00,0x00,0x00,0x00,0x00,0x00,0x00,0x00,0x00,0x00,0x00,
    0x01,0x00,0x00,0x00,0x00,0x00,0x00,0x00,0x01,0x00,0x00,0x00,0x00,0x00,0x00,0x00,
    0x56,0x13,0x00,0x00,0x01,0x00,0x00,0x00,0x00,0x00,0x00,0x00,0x00,0x00,0x00,0x00,
    0x00,0x00,0x00,0x00,0x00,0x00,0x00,0x00,0x59,0x44,0x00,0x00,0x00,0x00,0x00,0x00,
    0x00,0x00,0x00,0x00,0x00,0x00,0x00,0x00,0x00,0x00,0x00,0x00,0x00,0x00,0x00,0x00,
    0x01,0x00,0x00,0x00,0x00,0x00,0x00,0x00,0x00,0x00,0x00,0x00,0x00,0x00,0x00,0x00,
    0xf8,0x1c,0x00,0x00,0x07,0x00,0x00,0x00,0x02,0x00,0x00,0x00,0x00,0x00,0x00,0x00,
    0x00,0x00,0x00,0x00,0x00,0x00,0x00,0x00,0x5c,0x44,0x00,0x00,0x00,0x00,0x00,0x00,
    0x14,0x0b,0x00,0x00,0x00,0x00,0x00,0x00,0x00,0x00,0x00,0x00,0x00,0x00,0x00,0x00,
    0x04,0x00,0x00,0x00,0x00,0x00,0x00,0x00,0x00,0x00,0x00,0x00,0x00,0x00,0x00,0x00,
    0xc6,0x19,0x00,0x00,0x03,0x4c,0xff,0x6f,0x00,0x00,0x00,0x80,0x00,0x00,0x00,0x00,
    0x00,0x00,0x00,0x00,0x00,0x00,0x00,0x00,0x50,0x52,0x00,0x00,0x00,0x00,0x00,0x00,
    0x01,0x00,0x00,0x00,0x00,0x00,0x00,0x00,0x22,0x00,0x00,0x00,0x00,0x00,0x00,0x00,
    0x01,0x00,0x00,0x00,0x00,0x00,0x00,0x00,0x00,0x00,0x00,0x00,0x00,0x00,0x00,0x00,
    0x63,0x23,0x00,0x00,0x02,0x00,0x00,0x00,0x00,0x00,0x00,0x00,0x00,0x00,0x00,0x00,
    0x00,0x00,0x00,0x00,0x00,0x00,0x00,0x00,0xc8,0x4f,0x00,0x00,0x00,0x00,0x00,0x00,
    0x70,0x02,0x00,0x00,0x00,0x00,0x00,0x00,0x01,0x00,0x00,0x00,0x0d,0x00,0x00,0x00,
    0x08,0x00,0x00,0x00,0x00,0x00,0x00,0x00,0x18,0x00,0x00,0x00,0x00,0x00,0x00,0x00
});

} // namespace mlss::sigmoid_mul::hip::fp16::gfx1200
