/* Copyright (c) 2025 Advanced Micro Devices, Inc. All rights reserved. */
#pragma once

#include "shaders/shaders.hpp"

namespace mlss::conv::mxn::winograd::base::fp32::gfx1010
{
// 21_1/NAVI14_fp32_stride1.sp3
// Assembled for gfx10. It supports forward and backward convolutions for FP32 tensors with stride = 1.
constexpr StaticShaderType<21616> ConvWinogradElf_Gfx10_Fp32Stride1 =
{
    .m_binary = {
    0x7f, 0x45, 0x4c, 0x46, 0x02, 0x01, 0x01, 0x41, 0x00, 0x00, 0x00, 0x00, 0x00, 0x00, 0x00, 0x00, 0x01, 0x00, 0xe0,
    0x00, 0x01, 0x00, 0x00, 0x00, 0x00, 0x00, 0x00, 0x00, 0x00, 0x00, 0x00, 0x00, 0x00, 0x00, 0x00, 0x00, 0x00, 0x00,
    0x00, 0x00, 0xf0, 0x52, 0x00, 0x00, 0x00, 0x00, 0x00, 0x00, 0x35, 0x00, 0x00, 0x00, 0x40, 0x00, 0x00, 0x00, 0x00,
    0x00, 0x40, 0x00, 0x06, 0x00, 0x01, 0x00, 0x00, 0x2e, 0x73, 0x68, 0x73, 0x74, 0x72, 0x74, 0x61, 0x62, 0x00, 0x2e,
    0x74, 0x65, 0x78, 0x74, 0x00, 0x2e, 0x73, 0x74, 0x72, 0x74, 0x61, 0x62, 0x00, 0x2e, 0x73, 0x79, 0x6d, 0x74, 0x61,
    0x62, 0x00, 0x2e, 0x6e, 0x6f, 0x74, 0x65, 0x00, 0x04, 0x20, 0x80, 0xb0, 0x03, 0x00, 0xa0, 0xbf, 0x00, 0x03, 0x02,
    0x7e, 0x80, 0x03, 0x80, 0xbe, 0x80, 0x03, 0x81, 0xbe, 0x80, 0x03, 0x82, 0xbe, 0x80, 0x03, 0x83, 0xbe, 0x80, 0x02,
    0x76, 0x7f, 0xff, 0x03, 0xfc, 0xbe, 0xff, 0xff, 0x01, 0x00, 0xff, 0x03, 0xe1, 0xbe, 0xe0, 0xc1, 0x00, 0x00, 0xff,
    0x03, 0xe0, 0xbe, 0xe0, 0xc1, 0x00, 0x00, 0xff, 0x00, 0x7a, 0x37, 0xc0, 0x00, 0x00, 0x00, 0x01, 0x6a, 0x0f, 0xd7,
    0x00, 0x7b, 0x03, 0x00, 0x80, 0x03, 0xdb, 0xbe, 0x82, 0x02, 0x7c, 0x35, 0xbe, 0x6a, 0x0f, 0xd7, 0xff, 0x7c, 0x03,
    0x00, 0xc0, 0xff, 0x00, 0x00, 0x8c, 0x02, 0x8c, 0x7d, 0x05, 0x00, 0x86, 0xbf, 0x80, 0x02, 0x7a, 0x7f, 0xc1, 0x7c,
    0x7d, 0x03, 0x00, 0x00, 0x34, 0xd8, 0xbe, 0xbd, 0x00, 0x00, 0x00, 0x00, 0x8c, 0xbf, 0x00, 0x00, 0x8a, 0xbf, 0x01,
    0x05, 0x68, 0x7e, 0x34, 0x85, 0x34, 0x90, 0x34, 0x88, 0x34, 0x80, 0x34, 0x94, 0x5c, 0x87, 0x06, 0x04, 0xa8, 0xbe,
    0x14, 0x03, 0x10, 0xf4, 0x00, 0x00, 0x00, 0xfa, 0x14, 0x07, 0x08, 0xf4, 0x40, 0x00, 0x00, 0xfa, 0x14, 0x08, 0x04,
    0xf4, 0x50, 0x00, 0x00, 0xfa, 0x7f, 0xc0, 0x8c, 0xbf, 0x12, 0x86, 0x0d, 0xbf, 0x10, 0x00, 0x84, 0xbf, 0x15, 0xff,
    0x15, 0x87, 0xff, 0xff, 0x00, 0x00, 0x17, 0xff, 0x17, 0x87, 0xff, 0xff, 0x00, 0x00, 0x19, 0xff, 0x19, 0x87, 0xff,
    0xff, 0x00, 0x00, 0x1b, 0xff, 0x1b, 0x87, 0xff, 0xff, 0x00, 0x00, 0x0a, 0x05, 0x04, 0xf4, 0x00, 0x00, 0x00, 0xfa,
    0x8b, 0x05, 0x04, 0xf4, 0x00, 0x00, 0x00, 0xfa, 0x0c, 0x06, 0x04, 0xf4, 0x00, 0x00, 0x00, 0xfa, 0x8d, 0x06, 0x04,
    0xf4, 0x00, 0x00, 0x00, 0xfa, 0x12, 0x87, 0x0d, 0xbf, 0x02, 0x00, 0x84, 0xbf, 0x94, 0x08, 0x04, 0xf4, 0x58, 0x00,
    0x00, 0xfa, 0xf2, 0x03, 0xa4, 0xbe, 0x12, 0x88, 0x0d, 0xbf, 0x02, 0x00, 0x84, 0xbf, 0x14, 0x09, 0x00, 0xf4, 0x60,
    0x00, 0x00, 0xfa, 0x0e, 0x0f, 0x2a, 0x93, 0xc1, 0x90, 0x2e, 0x90, 0x2e, 0x2a, 0x2e, 0x87, 0x2a, 0x90, 0x2f, 0x90,
    0x2f, 0x0d, 0x2f, 0x93, 0x2e, 0x0d, 0x2c, 0x93, 0x2f, 0x90, 0x2e, 0x8f, 0x2f, 0x90, 0x2f, 0x90, 0x2e, 0x2c, 0x2c,
    0x80, 0x2f, 0x80, 0x2d, 0x82, 0x2c, 0x82, 0x41, 0x8f, 0x2a, 0x82, 0x44, 0x8f, 0x20, 0x21, 0x2b, 0x93, 0xc1, 0x90,
    0x2e, 0x90, 0x2e, 0x2b, 0x2e, 0x87, 0x2b, 0x90, 0x2f, 0x90, 0x2f, 0x10, 0x2f, 0x93, 0x2e, 0x10, 0x2c, 0x93, 0x2f,
    0x90, 0x2e, 0x8f, 0x2f, 0x90, 0x2f, 0x90, 0x2e, 0x2c, 0x2c, 0x80, 0x2f, 0x80, 0x2d, 0x82, 0x2c, 0x82, 0x42, 0x8f,
    0x2b, 0x82, 0x43, 0x8f, 0x12, 0x87, 0x0d, 0xbf, 0x07, 0x00, 0x84, 0xbf, 0x12, 0x86, 0x0d, 0xbf, 0x05, 0x00, 0x84,
    0xbf, 0x7f, 0xc0, 0x8c, 0xbf, 0x23, 0xff, 0x23, 0x87, 0xff, 0xff, 0x00, 0x00, 0x91, 0x08, 0x04, 0xf4, 0x00, 0x00,
    0x00, 0xfa, 0x12, 0xff, 0x12, 0x87, 0xff, 0xff, 0x00, 0x00, 0x12, 0x8d, 0x0d, 0xbf, 0x02, 0x00, 0x84, 0xbf, 0x14,
    0x0c, 0x0c, 0xf4, 0x68, 0x00, 0x00, 0xfa, 0x1c, 0x1d, 0x2a, 0x93, 0x2a, 0x82, 0x2a, 0x8f, 0x12, 0x82, 0x0d, 0xbf,
    0x10, 0x0d, 0x2b, 0x85, 0xc1, 0x90, 0x2c, 0x90, 0x2c, 0x2a, 0x2c, 0x87, 0x2a, 0x90, 0x2d, 0x90, 0x2d, 0x2b, 0x2d,
    0x93, 0x2c, 0x2b, 0x38, 0x93, 0x2d, 0x90, 0x2c, 0x8f, 0x2d, 0x90, 0x2d, 0x90, 0x2c, 0x38, 0x38, 0x80, 0x2d, 0x80,
    0x39, 0x82, 0x38, 0x03, 0xab, 0xbe, 0x12, 0x82, 0x0d, 0xbf, 0x2b, 0x2a, 0x2c, 0x85, 0x2a, 0x2b, 0x5a, 0x85, 0xff,
    0x02, 0x86, 0x7d, 0x00, 0x01, 0x00, 0x00, 0x81, 0xfb, 0x06, 0xbf, 0x2c, 0x44, 0x44, 0x85, 0x7f, 0xc0, 0x8c, 0xbf,
    0x15, 0xff, 0x15, 0x87, 0xff, 0xff, 0x00, 0x00, 0x17, 0xff, 0x17, 0x87, 0xff, 0xff, 0x00, 0x00, 0x19, 0xff, 0x19,
    0x87, 0xff, 0xff, 0x00, 0x00, 0x1b, 0xff, 0x1b, 0x87, 0xff, 0xff, 0x00, 0x00, 0x23, 0xff, 0x23, 0x87, 0xff, 0xff,
    0x00, 0x00, 0x12, 0x8d, 0x0d, 0xbf, 0x08, 0x00, 0x84, 0xbf, 0x14, 0x30, 0x14, 0x80, 0x15, 0x31, 0x15, 0x82, 0x16,
    0x32, 0x16, 0x80, 0x17, 0x33, 0x17, 0x82, 0x18, 0x34, 0x18, 0x80, 0x19, 0x35, 0x19, 0x82, 0x22, 0x36, 0x22, 0x80,
    0x23, 0x37, 0x23, 0x82, 0x80, 0x1e, 0x2c, 0x87, 0x20, 0x80, 0x2c, 0x82, 0x2c, 0x80, 0x2c, 0x91, 0x2c, 0x81, 0x2a,
    0x80, 0xff, 0x02, 0x04, 0x7e, 0x00, 0x00, 0x00, 0x80, 0x02, 0x00, 0x6a, 0xd5, 0x02, 0x55, 0x00, 0x00, 0x02, 0x05,
    0x54, 0x7e, 0x80, 0x1f, 0x2c, 0x8a, 0x21, 0x80, 0x2c, 0x82, 0x2c, 0x80, 0x2c, 0x91, 0x2c, 0x81, 0x2b, 0x80, 0xff,
    0x02, 0x04, 0x7e, 0x00, 0x00, 0x00, 0x80, 0x02, 0x00, 0x6a, 0xd5, 0x02, 0x57, 0x00, 0x00, 0x02, 0x05, 0x56, 0x7e,
    0x80, 0x2b, 0xcb, 0x80, 0x80, 0x2a, 0xca, 0x80, 0x1c, 0x82, 0x3c, 0x80, 0xff, 0x02, 0x04, 0x7e, 0x56, 0x55, 0x55,
    0x55, 0x02, 0x00, 0x6a, 0xd5, 0x02, 0x79, 0x00, 0x00, 0x02, 0x05, 0x78, 0x7e, 0x1d, 0x82, 0x3d, 0x80, 0xff, 0x02,
    0x04, 0x7e, 0x56, 0x55, 0x55, 0x55, 0x02, 0x00, 0x6a, 0xd5, 0x02, 0x7b, 0x00, 0x00, 0x02, 0x05, 0x7a, 0x7e, 0x02,
    0x00, 0x42, 0xd5, 0x83, 0x78, 0x08, 0x03, 0x02, 0x6a, 0x10, 0xd7, 0x02, 0x39, 0x00, 0x00, 0x02, 0x6a, 0x28, 0xd5,
    0x80, 0x00, 0xa9, 0x01, 0x02, 0x05, 0x58, 0x7e, 0x2c, 0x80, 0x2c, 0x87, 0x2c, 0x3c, 0x2c, 0x87, 0x3c, 0x2c, 0x3c,
    0x80, 0x01, 0x05, 0x5a, 0x7e, 0x2d, 0xc0, 0x30, 0x87, 0xff, 0x80, 0x30, 0x85, 0x00, 0x00, 0x08, 0x00, 0x12, 0x30,
    0x12, 0x88, 0x44, 0x81, 0x45, 0x8f, 0x80, 0x04, 0xc6, 0xbe, 0x12, 0x8c, 0x0d, 0xbf, 0x80, 0xc1, 0x2c, 0x85, 0x12,
    0x8b, 0x0d, 0xbf, 0x2c, 0x81, 0x2c, 0x85, 0x3d, 0x2c, 0x08, 0xbf, 0x08, 0x00, 0x84, 0xbf, 0x97, 0x1d, 0x92, 0xbe,
    0x94, 0x1d, 0x92, 0xbe, 0x93, 0x1b, 0x92, 0xbe, 0x45, 0x81, 0x45, 0x91, 0x46, 0x81, 0xc6, 0x91, 0x3d, 0x81, 0x3d,
    0x80, 0x3d, 0xc2, 0x3d, 0x87, 0x10, 0x00, 0x82, 0xbf, 0x0d, 0x81, 0x30, 0x87, 0x80, 0xff, 0x30, 0x85, 0x00, 0x00,
    0x00, 0x01, 0x12, 0x82, 0x0d, 0xbf, 0x80, 0x30, 0x30, 0x85, 0x12, 0x30, 0x12, 0x88, 0x30, 0x80, 0x06, 0xbf, 0x44,
    0x45, 0x45, 0x85, 0x44, 0x46, 0x46, 0x85, 0x80, 0x47, 0x47, 0x85, 0x2d, 0x88, 0x0c, 0xbf, 0x30, 0x80, 0x30, 0x85,
    0x30, 0x80, 0x06, 0xbf, 0x80, 0xff, 0x30, 0x85, 0x00, 0x00, 0x08, 0x00, 0x12, 0x30, 0x12, 0x8a, 0x03, 0x00, 0x48,
    0xd5, 0x01, 0x05, 0x19, 0x02, 0x81, 0x06, 0x6c, 0x2d, 0x2d, 0x88, 0x0c, 0xbf, 0xff, 0x80, 0x30, 0x85, 0x00, 0x00,
    0x00, 0x01, 0x30, 0xff, 0x30, 0x88, 0x00, 0x00, 0x10, 0x00, 0x12, 0x30, 0x30, 0x87, 0x80, 0x8f, 0x30, 0x85, 0xb6,
    0x00, 0x4a, 0xd5, 0x30, 0x06, 0xda, 0x06, 0x0c, 0x2a, 0x58, 0x93, 0x58, 0x81, 0xd8, 0x80, 0x58, 0x80, 0x58, 0x90,
    0x58, 0x81, 0x58, 0x80, 0xc1, 0x90, 0x2e, 0x90, 0x2e, 0x58, 0x2e, 0x87, 0x58, 0x90, 0x2f, 0x90, 0x2f, 0x2b, 0x2f,
    0x93, 0x2e, 0x2b, 0x58, 0x93, 0x2f, 0x90, 0x2e, 0x8f, 0x2f, 0x90, 0x2f, 0x90, 0x2e, 0x58, 0x58, 0x80, 0x2f, 0x80,
    0x59, 0x82, 0x58, 0x81, 0xd8, 0x80, 0x59, 0x80, 0xd9, 0x82, 0x58, 0x85, 0xd8, 0x90, 0x58, 0x81, 0x58, 0x80, 0x59,
    0x80, 0x59, 0x82, 0x08, 0x02, 0x08, 0x7e, 0x11, 0x02, 0x0a, 0x7e, 0x83, 0x02, 0x0c, 0x36, 0x82, 0x0c, 0x84, 0x7d,
    0x04, 0x0b, 0x08, 0x02, 0x81, 0x0c, 0x84, 0x7d, 0x80, 0x6c, 0x0f, 0x02, 0x12, 0x94, 0x0d, 0xbf, 0x04, 0x00, 0x84,
    0xbf, 0x05, 0x6a, 0x0f, 0xd7, 0xb6, 0x11, 0x01, 0x00, 0x80, 0x0c, 0x84, 0x7d, 0x07, 0x0b, 0x0e, 0x02, 0x2e, 0x00,
    0xc2, 0xd4, 0x83, 0x0c, 0x02, 0x00, 0xb4, 0x00, 0x48, 0xd5, 0x07, 0x01, 0x15, 0x02, 0xb4, 0x00, 0x43, 0xd5, 0x04,
    0x41, 0xd1, 0x06, 0x2b, 0x72, 0x12, 0x7e, 0x0a, 0x00, 0x1a, 0xd5, 0x09, 0x57, 0x00, 0x00, 0xff, 0x14, 0x16, 0x36,
    0x00, 0xff, 0xff, 0xff, 0xff, 0x14, 0x84, 0x7d, 0x00, 0x00, 0x00, 0x80, 0x0b, 0x0d, 0x16, 0x7e, 0x0b, 0x55, 0x6a,
    0x7f, 0xa0, 0x12, 0x10, 0x52, 0x0a, 0x23, 0x12, 0x7e, 0x0b, 0x00, 0x4b, 0xd5, 0x0b, 0x6b, 0xcf, 0x03, 0x0b, 0x00,
    0x4b, 0xd5, 0x09, 0x6b, 0x2f, 0x04, 0x0b, 0x6b, 0x17, 0x5a, 0x00, 0x00, 0x00, 0x9f, 0xff, 0x16, 0x16, 0x10, 0x00,
    0x00, 0x80, 0x5f, 0x80, 0x02, 0x12, 0x7e, 0x0b, 0x00, 0x8d, 0xd5, 0x0b, 0x01, 0x00, 0x20, 0xb5, 0x00, 0x46, 0xd7,
    0xb5, 0x13, 0x2d, 0x04, 0x09, 0x6a, 0x76, 0xd5, 0x0a, 0x6b, 0x27, 0x04, 0xb5, 0x6a, 0x29, 0xd5, 0xb5, 0x83, 0xa9,
    0x01, 0x09, 0x00, 0x6a, 0xd5, 0xb4, 0x6b, 0x03, 0x00, 0xb5, 0x6a, 0x0f, 0xd7, 0x09, 0x69, 0x03, 0x00, 0x09, 0x6a,
    0x28, 0xd5, 0x80, 0x00, 0xa9, 0x01, 0xa0, 0x10, 0x84, 0x7d, 0xb5, 0x13, 0x6a, 0x03, 0xb5, 0x00, 0x4e, 0xd5, 0x09,
    0x6b, 0x23, 0x04, 0xb3, 0x00, 0x42, 0xd5, 0xb5, 0x97, 0xd0, 0x06, 0x85, 0x0e, 0x68, 0x2d, 0xb4, 0x00, 0x43, 0xd5,
    0xb5, 0x03, 0xd1, 0x06, 0xb4, 0x00, 0x01, 0xd5, 0xb4, 0x03, 0xb9, 0x00, 0x2a, 0x72, 0x12, 0x7e, 0x0a, 0x00, 0x1a,
    0xd5, 0x09, 0x55, 0x00, 0x00, 0xff, 0x14, 0x16, 0x36, 0x00, 0xff, 0xff, 0xff, 0xff, 0x14, 0x84, 0x7d, 0x00, 0x00,
    0x00, 0x80, 0x0b, 0x0d, 0x16, 0x7e, 0x0b, 0x55, 0x6a, 0x7f, 0xa0, 0x12, 0x10, 0x52, 0x0a, 0x23, 0x12, 0x7e, 0x0b,
    0x00, 0x4b, 0xd5, 0x0b, 0x6b, 0xcf, 0x03, 0x0b, 0x00, 0x4b, 0xd5, 0x09, 0x6b, 0x2f, 0x04, 0x0b, 0x6b, 0x17, 0x5a,
    0x00, 0x00, 0x00, 0x9f, 0xff, 0x16, 0x16, 0x10, 0x00, 0x00, 0x80, 0x5f, 0x80, 0x02, 0x12, 0x7e, 0x0b, 0x00, 0x8d,
    0xd5, 0x0b, 0x01, 0x00, 0x20, 0xb5, 0x00, 0x46, 0xd7, 0xb5, 0x13, 0x2d, 0x04, 0x09, 0x6a, 0x76, 0xd5, 0x0a, 0x6b,
    0x27, 0x04, 0xb5, 0x6a, 0x29, 0xd5, 0xb5, 0x83, 0xa9, 0x01, 0x09, 0x00, 0x6a, 0xd5, 0xb4, 0x6b, 0x03, 0x00, 0xb5,
    0x6a, 0x0f, 0xd7, 0x09, 0x69, 0x03, 0x00, 0x09, 0x6a, 0x28, 0xd5, 0x80, 0x00, 0xa9, 0x01, 0xa0, 0x10, 0x84, 0x7d,
    0xb5, 0x13, 0x6a, 0x03, 0xb5, 0x00, 0x4e, 0xd5, 0x09, 0x6b, 0x23, 0x04, 0xb4, 0x00, 0x42, 0xd5, 0xb5, 0x95, 0xd0,
    0x06, 0x4c, 0x00, 0x60, 0xd7, 0xb3, 0x05, 0x01, 0x00, 0x4d, 0x00, 0x60, 0xd7, 0xb4, 0x05, 0x01, 0x00, 0x4e, 0x00,
    0x60, 0xd7, 0xb5, 0x05, 0x01, 0x00, 0x4f, 0x00, 0x60, 0xd7, 0xb4, 0x07, 0x01, 0x00, 0x50, 0x00, 0x60, 0xd7, 0xb5,
    0x07, 0x01, 0x00, 0xb3, 0x6a, 0x0f, 0xd7, 0xb3, 0x97, 0x00, 0x00, 0xb4, 0x6a, 0x0f, 0xd7, 0xb4, 0x95, 0x00, 0x00,
    0xfa, 0x02, 0x6a, 0x7f, 0xb5, 0x05, 0x00, 0xff, 0xfa, 0x02, 0x66, 0x7f, 0xb3, 0x05, 0x00, 0xff, 0xfa, 0x02, 0x68,
    0x7f, 0xb4, 0x05, 0x00, 0xff, 0xff, 0x03, 0xaa, 0xbe, 0x00, 0x00, 0x00, 0x80, 0xff, 0x03, 0xab, 0xbe, 0x00, 0x40,
    0x01, 0x31, 0xff, 0x03, 0xae, 0xbe, 0x00, 0x00, 0x00, 0x80, 0xff, 0x03, 0xaf, 0xbe, 0x00, 0x40, 0x01, 0x31, 0xff,
    0x02, 0x86, 0x7d, 0x00, 0x01, 0x00, 0x00, 0x06, 0x00, 0x87, 0xbf, 0xfa, 0x02, 0x6e, 0x3b, 0x01, 0xad, 0x00, 0xff,
    0xb7, 0x6a, 0x19, 0xd7, 0x81, 0x6e, 0x03, 0x00, 0xb7, 0x0b, 0x6e, 0x7f, 0x05, 0x00, 0x82, 0xbf, 0xfa, 0x02, 0x6e,
    0x3b, 0x01, 0x46, 0x00, 0xff, 0xb7, 0x6a, 0x10, 0xd7, 0x81, 0x6e, 0x03, 0x00, 0xb7, 0x0b, 0x6e, 0x7f, 0x81, 0x02,
    0x70, 0x7f, 0xfa, 0x02, 0x70, 0x3b, 0x01, 0xee, 0x00, 0xf4, 0xfa, 0x02, 0x70, 0x3b, 0x01, 0x44, 0x00, 0xf8, 0xb8,
    0x6a, 0x19, 0xd7, 0x81, 0x70, 0x03, 0x00, 0x81, 0x02, 0x72, 0x7f, 0xfa, 0x02, 0x72, 0x3b, 0x01, 0x6c, 0x00, 0xf2,
    0xfa, 0x02, 0x72, 0x3b, 0x01, 0xc6, 0x00, 0xf4, 0xb9, 0x6a, 0x19, 0xd7, 0x81, 0x72, 0x03, 0x00, 0xb8, 0x0b, 0x70,
    0x7f, 0xb9, 0x0b, 0x72, 0x7f, 0xbd, 0x00, 0x16, 0xd5, 0x82, 0xb8, 0x00, 0x00, 0x83, 0x02, 0x7c, 0x37, 0xbf, 0x00,
    0x48, 0xd5, 0x01, 0x09, 0x0d, 0x02, 0xaf, 0x00, 0x43, 0xd5, 0xbf, 0x09, 0xf9, 0x06, 0x84, 0x5e, 0x5f, 0x35, 0xa5,
    0x00, 0x43, 0xd5, 0xbd, 0x09, 0xf9, 0x06, 0x84, 0x4a, 0x4b, 0x35, 0xbd, 0x00, 0x48, 0xd5, 0x01, 0x05, 0x09, 0x02,
    0x81, 0x7a, 0x7d, 0x37, 0xc0, 0x00, 0x43, 0xd5, 0xbd, 0x21, 0xf9, 0x06, 0x86, 0x80, 0x81, 0x35, 0xa5, 0x81, 0x4b,
    0x3b, 0xff, 0x7a, 0x81, 0x17, 0x00, 0x04, 0x00, 0x00, 0xaf, 0x81, 0x5f, 0x3b, 0x5c, 0x80, 0x5c, 0x90, 0xff, 0x02,
    0x86, 0x7d, 0x00, 0x01, 0x00, 0x00, 0x40, 0x00, 0x87, 0xbf, 0x12, 0xff, 0x35, 0x87, 0x00, 0x00, 0x10, 0x01, 0x80,
    0x80, 0x35, 0x82, 0x81, 0x02, 0x80, 0x2d, 0xbc, 0x35, 0x34, 0x93, 0xbf, 0x34, 0xb4, 0x80, 0xc0, 0x00, 0x4a, 0xd5,
    0x34, 0x02, 0x02, 0x07, 0x81, 0x80, 0x7b, 0x37, 0xbe, 0x00, 0x48, 0xd5, 0xc0, 0x03, 0x05, 0x02, 0xbd, 0x7d, 0x7b,
    0x3b, 0xbf, 0x00, 0x48, 0xd5, 0xc0, 0x07, 0x05, 0x02, 0xbe, 0x00, 0x43, 0xd5, 0xbe, 0x05, 0xfd, 0x06, 0xff, 0x7a,
    0x7b, 0x17, 0x18, 0x01, 0x00, 0x00, 0xbf, 0x00, 0x48, 0xd5, 0xc0, 0x05, 0x05, 0x02, 0xbe, 0x00, 0x43, 0xd5, 0xbe,
    0x05, 0xf5, 0x06, 0xbe, 0x7f, 0x7d, 0x3b, 0xff, 0x80, 0x7f, 0x37, 0xf0, 0x00, 0x00, 0x00, 0xbe, 0x7f, 0x7d, 0x3b,
    0x84, 0x35, 0x34, 0x93, 0x86, 0x34, 0xb4, 0x80, 0xc0, 0x00, 0x48, 0xd5, 0x01, 0x69, 0x04, 0x02, 0xff, 0x80, 0x81,
    0x17, 0x40, 0x10, 0x00, 0x00, 0xff, 0x7c, 0x51, 0x3b, 0x14, 0x03, 0x00, 0x00, 0xff, 0x7c, 0x53, 0x3b, 0x1c, 0x03,
    0x00, 0x00, 0x88, 0x7c, 0x55, 0x3b, 0x12, 0x80, 0x0d, 0xbf, 0xc1, 0x80, 0xea, 0x85, 0xbe, 0x55, 0x4f, 0x03, 0xaa,
    0x7d, 0x55, 0x03, 0xa7, 0x00, 0x43, 0xd5, 0x84, 0x4e, 0x03, 0x07, 0xa8, 0x00, 0x43, 0xd5, 0x84, 0x50, 0x03, 0x07,
    0xa9, 0x00, 0x43, 0xd5, 0x84, 0x52, 0x03, 0x07, 0xaa, 0x00, 0x43, 0xd5, 0x84, 0x54, 0x03, 0x07, 0xff, 0x03, 0xb4,
    0xbe, 0x40, 0x10, 0x00, 0x00, 0x12, 0xff, 0x35, 0x87, 0x00, 0x00, 0x10, 0x01, 0xff, 0x34, 0x34, 0x85, 0x80, 0x00,
    0x00, 0x00, 0xab, 0x6a, 0x0f, 0xd7, 0xa7, 0x69, 0x00, 0x00, 0xac, 0x6a, 0x0f, 0xd7, 0xa8, 0x69, 0x00, 0x00, 0xad,
    0x6a, 0x0f, 0xd7, 0xa9, 0x69, 0x00, 0x00, 0xae, 0x6a, 0x0f, 0xd7, 0xaa, 0x69, 0x00, 0x00, 0x39, 0x00, 0x82, 0xbf,
    0x12, 0xff, 0xb5, 0x93, 0x14, 0x00, 0x01, 0x00, 0x81, 0x02, 0x80, 0x2d, 0xbc, 0x35, 0x34, 0x93, 0xbf, 0x34, 0xb4,
    0x80, 0xc0, 0x00, 0x4a, 0xd5, 0x34, 0x02, 0x02, 0x07, 0x81, 0x80, 0x7b, 0x37, 0xbe, 0x00, 0x48, 0xd5, 0xc0, 0x03,
    0x05, 0x02, 0xbf, 0x00, 0x48, 0xd5, 0xc0, 0x07, 0x05, 0x02, 0xbd, 0x7d, 0x7b, 0x3b, 0xbe, 0x00, 0x43, 0xd5, 0xbe,
    0x05, 0xfd, 0x06, 0xff, 0x7a, 0x7b, 0x17, 0x09, 0x01, 0x00, 0x00, 0xbf, 0x00, 0x48, 0xd5, 0xc0, 0x05, 0x05, 0x02,
    0xbe, 0x00, 0x43, 0xd5, 0xbe, 0x05, 0xf5, 0x06, 0xbe, 0x7f, 0x7d, 0x3b, 0xff, 0x80, 0x7f, 0x37, 0xf0, 0x00, 0x00,
    0x00, 0xbe, 0x7f, 0x7d, 0x39, 0x84, 0x35, 0x34, 0x93, 0x86, 0x34, 0xb4, 0x80, 0xc0, 0x00, 0x48, 0xd5, 0x01, 0x69,
    0x04, 0x02, 0xff, 0x80, 0x81, 0x17, 0x40, 0x10, 0x00, 0x00, 0xa7, 0x00, 0x43, 0xd5, 0x84, 0x7c, 0x03, 0x07, 0xff,
    0x7c, 0x51, 0x3b, 0x07, 0x03, 0x00, 0x00, 0xa8, 0x00, 0x43, 0xd5, 0x84, 0x50, 0x03, 0x07, 0xff, 0x7c, 0x53, 0x3b,
    0x0f, 0x03, 0x00, 0x00, 0xa9, 0x00, 0x43, 0xd5, 0x84, 0x52, 0x03, 0x07, 0x88, 0x7c, 0x55, 0x3b, 0xaa, 0x00, 0x43,
    0xd5, 0x84, 0x54, 0x03, 0x07, 0xff, 0x03, 0xb4, 0xbe, 0x40, 0x10, 0x00, 0x00, 0x12, 0x94, 0x0d, 0xbf, 0xff, 0x34,
    0x34, 0x85, 0x80, 0x00, 0x00, 0x00, 0xab, 0x6a, 0x0f, 0xd7, 0xa7, 0x69, 0x00, 0x00, 0xac, 0x6a, 0x0f, 0xd7, 0xa8,
    0x69, 0x00, 0x00, 0xad, 0x6a, 0x0f, 0xd7, 0xa9, 0x69, 0x00, 0x00, 0xae, 0x6a, 0x0f, 0xd7, 0xaa, 0x69, 0x00, 0x00,
    0xb3, 0x6a, 0x19, 0xd7, 0x4c, 0x66, 0x03, 0x00, 0x4b, 0x02, 0x7c, 0x7f, 0xb3, 0x7d, 0x03, 0x7d, 0xbd, 0x6a, 0x29,
    0xd5, 0x80, 0x00, 0xa9, 0x01, 0xb3, 0x00, 0x42, 0xd5, 0xbd, 0x97, 0xcc, 0x06, 0xb5, 0x00, 0x42, 0xd5, 0xbd, 0xa1,
    0xd4, 0x06, 0xb4, 0x00, 0x42, 0xd5, 0xbd, 0x9f, 0xd0, 0x06, 0x4a, 0x02, 0x7c, 0x7f, 0xb4, 0x7d, 0x03, 0x7d, 0xbd,
    0x6a, 0x29, 0xd5, 0x80, 0x00, 0xa9, 0x01, 0xb5, 0x6a, 0x0f, 0xd7, 0xb5, 0x7b, 0x03, 0x00, 0xb4, 0x00, 0x42, 0xd5,
    0xbd, 0x7d, 0xd3, 0x06, 0xb4, 0x6a, 0x19, 0xd7, 0x4d, 0x68, 0x03, 0x00, 0xb4, 0x7d, 0x03, 0x7d, 0xbd, 0x6a, 0x29,
    0xd5, 0x80, 0x00, 0xa9, 0x01, 0xb5, 0x6a, 0x0f, 0xd7, 0xb5, 0x7b, 0x03, 0x00, 0xb4, 0x00, 0x42, 0xd5, 0xbd, 0x95,
    0xd0, 0x06, 0xb5, 0x6a, 0x19, 0xd7, 0x4e, 0x6a, 0x03, 0x00, 0x80, 0x03, 0xbe, 0xbe, 0x1c, 0x03, 0xbf, 0xbe, 0x81,
    0x03, 0xc0, 0xbe, 0x80, 0x03, 0xd4, 0xbe, 0x10, 0x03, 0xd5, 0xbe, 0x55, 0x03, 0xd3, 0xbe, 0xc1, 0x5c, 0xdd, 0x80,
    0x5d, 0xa0, 0xdd, 0x80, 0x95, 0x1d, 0x92, 0xbe, 0x80, 0x03, 0xaf, 0xbe, 0x80, 0x03, 0xb3, 0xbe, 0x93, 0x03, 0xde,
    0xbe, 0x80, 0x03, 0xd2, 0xbe, 0x9a, 0x1d, 0x92, 0xbe, 0x7a, 0x0b, 0x26, 0xbb, 0xff, 0x02, 0x86, 0x7d, 0x00, 0x01,
    0x00, 0x00, 0x41, 0x00, 0x87, 0xbf, 0xe3, 0x05, 0x82, 0xbf, 0x00, 0x00, 0x80, 0xbf, 0x00, 0x00, 0x80, 0xbf, 0x00,
    0x00, 0x80, 0xbf, 0x00, 0x00, 0x80, 0xbf, 0x00, 0x00, 0x80, 0xbf, 0x00, 0x00, 0x80, 0xbf, 0x00, 0x00, 0x80, 0xbf,
    0x00, 0x00, 0x80, 0xbf, 0x00, 0x00, 0x80, 0xbf, 0x00, 0x00, 0x80, 0xbf, 0x00, 0x00, 0x80, 0xbf, 0x00, 0x00, 0x80,
    0xbf, 0x00, 0x00, 0x80, 0xbf, 0x00, 0x00, 0x80, 0xbf, 0x00, 0x00, 0x80, 0xbf, 0x00, 0x00, 0x80, 0xbf, 0x00, 0x00,
    0x80, 0xbf, 0x00, 0x00, 0x80, 0xbf, 0x00, 0x00, 0x80, 0xbf, 0x00, 0x00, 0x80, 0xbf, 0x00, 0x00, 0x80, 0xbf, 0x00,
    0x00, 0x80, 0xbf, 0x00, 0x00, 0x80, 0xbf, 0x00, 0x00, 0x80, 0xbf, 0x00, 0x00, 0x80, 0xbf, 0x00, 0x00, 0x80, 0xbf,
    0x00, 0x00, 0x80, 0xbf, 0x00, 0x00, 0x80, 0xbf, 0x00, 0x00, 0x80, 0xbf, 0x00, 0x00, 0x80, 0xbf, 0x00, 0x00, 0x80,
    0xbf, 0x00, 0x00, 0x80, 0xbf, 0x00, 0x00, 0x80, 0xbf, 0x00, 0x00, 0x80, 0xbf, 0x00, 0x00, 0x80, 0xbf, 0x00, 0x00,
    0x80, 0xbf, 0x00, 0x00, 0x80, 0xbf, 0x00, 0x00, 0x80, 0xbf, 0x00, 0x00, 0x80, 0xbf, 0x00, 0x00, 0x80, 0xbf, 0x00,
    0x00, 0x80, 0xbf, 0x00, 0x00, 0x80, 0xbf, 0x00, 0x00, 0x80, 0xbf, 0x00, 0x00, 0x80, 0xbf, 0x00, 0x00, 0x80, 0xbf,
    0x00, 0x00, 0x80, 0xbf, 0x00, 0x00, 0x80, 0xbf, 0x00, 0x00, 0x80, 0xbf, 0x00, 0x00, 0x80, 0xbf, 0x00, 0x00, 0x80,
    0xbf, 0x00, 0x00, 0x80, 0xbf, 0x00, 0x00, 0x80, 0xbf, 0x00, 0x00, 0x80, 0xbf, 0x00, 0x00, 0x80, 0xbf, 0x00, 0x00,
    0x80, 0xbf, 0x00, 0x00, 0x80, 0xbf, 0x00, 0x00, 0x80, 0xbf, 0x00, 0x00, 0x80, 0xbf, 0x00, 0x00, 0x80, 0xbf, 0x00,
    0x00, 0x80, 0xbf, 0x00, 0x00, 0x80, 0xbf, 0x00, 0x00, 0x80, 0xbf, 0x00, 0x00, 0x80, 0xbf, 0x00, 0x00, 0x80, 0xbf,
    0x00, 0x00, 0x80, 0xbf, 0x00, 0x00, 0x80, 0xbf, 0x00, 0x00, 0x80, 0xbf, 0x00, 0x00, 0x80, 0xbf, 0x00, 0x00, 0x80,
    0xbf, 0x00, 0x00, 0x80, 0xbf, 0x71, 0x00, 0x05, 0xd5, 0x73, 0xe3, 0x02, 0x18, 0x45, 0xab, 0x04, 0x56, 0x46, 0xab,
    0x06, 0x56, 0x47, 0xab, 0x08, 0x56, 0x48, 0xab, 0x0a, 0x56, 0x49, 0xab, 0x0c, 0x56, 0x4a, 0xab, 0x0e, 0x56, 0x4b,
    0xab, 0x10, 0x56, 0x4c, 0xab, 0x12, 0x56, 0x74, 0x00, 0x05, 0xd5, 0x72, 0xe9, 0x02, 0x18, 0x45, 0xad, 0x14, 0x56,
    0x46, 0xad, 0x16, 0x56, 0x47, 0xad, 0x18, 0x56, 0x48, 0xad, 0x1a, 0x56, 0x49, 0xad, 0x1c, 0x56, 0x4a, 0xad, 0x1e,
    0x56, 0x4b, 0xad, 0x20, 0x56, 0x4c, 0xad, 0x22, 0x56, 0x72, 0x00, 0x03, 0xd5, 0x73, 0xe5, 0x02, 0x18, 0x45, 0xaf,
    0x24, 0x56, 0x46, 0xaf, 0x26, 0x56, 0x47, 0xaf, 0x28, 0x56, 0x48, 0xaf, 0x2a, 0x56, 0x49, 0xaf, 0x2c, 0x56, 0x4a,
    0xaf, 0x2e, 0x56, 0x4b, 0xaf, 0x30, 0x56, 0x4c, 0xaf, 0x32, 0x56, 0x73, 0x00, 0x4b, 0xd5, 0x73, 0xe5, 0xc9, 0x85,
    0x45, 0xb1, 0x34, 0x56, 0x46, 0xb1, 0x36, 0x56, 0x47, 0xb1, 0x38, 0x56, 0x48, 0xb1, 0x3a, 0x56, 0x49, 0xb1, 0x3c,
    0x56, 0x4a, 0xb1, 0x3e, 0x56, 0x4b, 0xb1, 0x40, 0x56, 0x4c, 0xb1, 0x42, 0x56, 0xfa, 0x6e, 0xe3, 0x56, 0x71, 0x5a,
    0x00, 0xff, 0x45, 0xb3, 0x44, 0x56, 0x46, 0xb3, 0x46, 0x56, 0x47, 0xb3, 0x48, 0x56, 0x48, 0xb3, 0x4a, 0x56, 0x49,
    0xb3, 0x4c, 0x56, 0x4a, 0xb3, 0x4e, 0x56, 0x4b, 0xb3, 0x50, 0x56, 0x4c, 0xb3, 0x52, 0x56, 0xfa, 0x6e, 0xe5, 0x56,
    0x72, 0x5a, 0x00, 0xff, 0x45, 0xb5, 0x54, 0x56, 0x46, 0xb5, 0x56, 0x56, 0x47, 0xb5, 0x58, 0x56, 0x48, 0xb5, 0x5a,
    0x56, 0x49, 0xb5, 0x5c, 0x56, 0x4a, 0xb5, 0x5e, 0x56, 0x4b, 0xb5, 0x60, 0x56, 0x4c, 0xb5, 0x62, 0x56, 0xfa, 0x6e,
    0xe7, 0x56, 0x73, 0x5a, 0x00, 0xff, 0x45, 0xb7, 0x64, 0x56, 0x46, 0xb7, 0x66, 0x56, 0x47, 0xb7, 0x68, 0x56, 0x48,
    0xb7, 0x6a, 0x56, 0x49, 0xb7, 0x6c, 0x56, 0x4a, 0xb7, 0x6e, 0x56, 0x4b, 0xb7, 0x70, 0x56, 0x4c, 0xb7, 0x72, 0x56,
    0xfa, 0x6e, 0xe9, 0x56, 0x74, 0x5a, 0x00, 0xff, 0x45, 0xb9, 0x74, 0x56, 0x46, 0xb9, 0x76, 0x56, 0x47, 0xb9, 0x78,
    0x56, 0x48, 0xb9, 0x7a, 0x56, 0x49, 0xb9, 0x7c, 0x56, 0x4a, 0xb9, 0x7e, 0x56, 0x4b, 0xb9, 0x80, 0x56, 0x4c, 0xb9,
    0x82, 0x56, 0x00, 0x00, 0x34, 0xd8, 0xab, 0x69, 0x00, 0x00, 0x00, 0x73, 0xfc, 0xdb, 0xaf, 0x00, 0x00, 0x45, 0x00,
    0x00, 0x34, 0xd8, 0xac, 0x6a, 0x00, 0x00, 0x00, 0x74, 0xfc, 0xdb, 0xaf, 0x00, 0x00, 0x49, 0x00, 0x00, 0x34, 0xd8,
    0xad, 0x6b, 0x00, 0x00, 0x00, 0x71, 0xfc, 0xdb, 0xa5, 0x00, 0x00, 0x55, 0x00, 0x00, 0x34, 0xd8, 0xae, 0x6c, 0x00,
    0x00, 0x80, 0x71, 0xfc, 0xdb, 0xa5, 0x00, 0x00, 0x59, 0x00, 0x00, 0x8f, 0xbf, 0x5b, 0xff, 0x5b, 0x80, 0x00, 0x01,
    0x00, 0x00, 0x28, 0x45, 0x28, 0x80, 0x29, 0x80, 0x29, 0x82, 0x00, 0x10, 0x30, 0xe0, 0x95, 0x65, 0x0a, 0x80, 0x00,
    0x10, 0x30, 0xe0, 0x97, 0x67, 0x0a, 0x80, 0x00, 0x10, 0x30, 0xe0, 0x96, 0x66, 0x0a, 0x80, 0x00, 0x10, 0x30, 0xe0,
    0x98, 0x68, 0x0a, 0x80, 0x7c, 0x48, 0x8c, 0xbf, 0x01, 0x00, 0x8f, 0xbf, 0x9a, 0x1b, 0x92, 0xbe, 0x48, 0xc1, 0x48,
    0x80, 0x06, 0x00, 0x85, 0xbf, 0xbd, 0x0a, 0x26, 0xbb, 0x00, 0x00, 0x80, 0xbf, 0x00, 0x00, 0x80, 0xbf, 0x00, 0x00,
    0x80, 0xbf, 0x00, 0x00, 0x80, 0xbf, 0x00, 0x00, 0x80, 0xbf, 0x75, 0x00, 0x05, 0xd5, 0x77, 0xeb, 0x02, 0x18, 0x4d,
    0xbb, 0x04, 0x56, 0x4e, 0xbb, 0x06, 0x56, 0x4f, 0xbb, 0x08, 0x56, 0x50, 0xbb, 0x0a, 0x56, 0x51, 0xbb, 0x0c, 0x56,
    0x52, 0xbb, 0x0e, 0x56, 0x53, 0xbb, 0x10, 0x56, 0x54, 0xbb, 0x12, 0x56, 0x78, 0x00, 0x05, 0xd5, 0x76, 0xf1, 0x02,
    0x18, 0x4d, 0xbd, 0x14, 0x56, 0x4e, 0xbd, 0x16, 0x56, 0x4f, 0xbd, 0x18, 0x56, 0x50, 0xbd, 0x1a, 0x56, 0x51, 0xbd,
    0x1c, 0x56, 0x52, 0xbd, 0x1e, 0x56, 0x53, 0xbd, 0x20, 0x56, 0x54, 0xbd, 0x22, 0x56, 0x76, 0x00, 0x03, 0xd5, 0x77,
    0xed, 0x02, 0x18, 0x4d, 0xbf, 0x24, 0x56, 0x4e, 0xbf, 0x26, 0x56, 0x4f, 0xbf, 0x28, 0x56, 0x50, 0xbf, 0x2a, 0x56,
    0x51, 0xbf, 0x2c, 0x56, 0x52, 0xbf, 0x2e, 0x56, 0x53, 0xbf, 0x30, 0x56, 0x54, 0xbf, 0x32, 0x56, 0x77, 0x00, 0x4b,
    0xd5, 0x77, 0xe5, 0xd9, 0x85, 0x4d, 0xc1, 0x34, 0x56, 0x4e, 0xc1, 0x36, 0x56, 0x4f, 0xc1, 0x38, 0x56, 0x50, 0xc1,
    0x3a, 0x56, 0x51, 0xc1, 0x3c, 0x56, 0x52, 0xc1, 0x3e, 0x56, 0x53, 0xc1, 0x40, 0x56, 0x54, 0xc1, 0x42, 0x56, 0xfa,
    0x6e, 0xeb, 0x56, 0x75, 0x5a, 0x00, 0xff, 0x4d, 0xc3, 0x44, 0x56, 0x4e, 0xc3, 0x46, 0x56, 0x4f, 0xc3, 0x48, 0x56,
    0x50, 0xc3, 0x4a, 0x56, 0x51, 0xc3, 0x4c, 0x56, 0x52, 0xc3, 0x4e, 0x56, 0x53, 0xc3, 0x50, 0x56, 0x54, 0xc3, 0x52,
    0x56, 0xfa, 0x6e, 0xed, 0x56, 0x76, 0x5a, 0x00, 0xff, 0x4d, 0xc5, 0x54, 0x56, 0x4e, 0xc5, 0x56, 0x56, 0x4f, 0xc5,
    0x58, 0x56, 0x50, 0xc5, 0x5a, 0x56, 0x51, 0xc5, 0x5c, 0x56, 0x52, 0xc5, 0x5e, 0x56, 0x53, 0xc5, 0x60, 0x56, 0x54,
    0xc5, 0x62, 0x56, 0xfa, 0x6e, 0xef, 0x56, 0x77, 0x5a, 0x00, 0xff, 0x4d, 0xc7, 0x64, 0x56, 0x4e, 0xc7, 0x66, 0x56,
    0x4f, 0xc7, 0x68, 0x56, 0x50, 0xc7, 0x6a, 0x56, 0x51, 0xc7, 0x6c, 0x56, 0x52, 0xc7, 0x6e, 0x56, 0x53, 0xc7, 0x70,
    0x56, 0x54, 0xc7, 0x72, 0x56, 0xfa, 0x6e, 0xf1, 0x56, 0x78, 0x5a, 0x00, 0xff, 0x4d, 0xc9, 0x74, 0x56, 0x4e, 0xc9,
    0x76, 0x56, 0x4f, 0xc9, 0x78, 0x56, 0x50, 0xc9, 0x7a, 0x56, 0x51, 0xc9, 0x7c, 0x56, 0x52, 0xc9, 0x7e, 0x56, 0x53,
    0xc9, 0x80, 0x56, 0x54, 0xc9, 0x82, 0x56, 0x40, 0x20, 0x34, 0xd8, 0xa7, 0x6d, 0x00, 0x00, 0x00, 0x83, 0xfc, 0xdb,
    0xaf, 0x00, 0x00, 0x4d, 0x40, 0x20, 0x34, 0xd8, 0xa8, 0x6e, 0x00, 0x00, 0x00, 0x84, 0xfc, 0xdb, 0xaf, 0x00, 0x00,
    0x51, 0x40, 0x20, 0x34, 0xd8, 0xa9, 0x6f, 0x00, 0x00, 0x00, 0x81, 0xfc, 0xdb, 0xa5, 0x00, 0x00, 0x5d, 0x40, 0x20,
    0x34, 0xd8, 0xaa, 0x70, 0x00, 0x00, 0x80, 0x81, 0xfc, 0xdb, 0xa5, 0x00, 0x00, 0x61, 0x00, 0x00, 0x8f, 0xbf, 0x28,
    0x46, 0x28, 0x80, 0x29, 0x47, 0x29, 0x82, 0x00, 0x10, 0x30, 0xe0, 0x99, 0x69, 0x0a, 0x80, 0x00, 0x10, 0x30, 0xe0,
    0x9b, 0x6b, 0x0a, 0x80, 0x00, 0x10, 0x30, 0xe0, 0x9a, 0x6a, 0x0a, 0x80, 0x00, 0x10, 0x30, 0xe0, 0x9c, 0x6c, 0x0a,
    0x80, 0x7f, 0xc8, 0x8c, 0xbf, 0xc0, 0xff, 0xf8, 0xd8, 0x00, 0x00, 0x00, 0xbc, 0x01, 0x00, 0x8f, 0xbf, 0x9a, 0x1d,
    0x92, 0xbe, 0x48, 0xc1, 0x48, 0x80, 0x06, 0x00, 0x85, 0xbf, 0x45, 0x0a, 0x26, 0xbb, 0x00, 0x00, 0x80, 0xbf, 0x00,
    0x00, 0x80, 0xbf, 0x00, 0x00, 0x80, 0xbf, 0x00, 0x00, 0x80, 0xbf, 0x00, 0x00, 0x80, 0xbf, 0x79, 0x00, 0x05, 0xd5,
    0x7b, 0xf3, 0x02, 0x18, 0x45, 0xab, 0x04, 0x56, 0x46, 0xab, 0x06, 0x56, 0x47, 0xab, 0x08, 0x56, 0x48, 0xab, 0x0a,
    0x56, 0x49, 0xab, 0x0c, 0x56, 0x4a, 0xab, 0x0e, 0x56, 0x4b, 0xab, 0x10, 0x56, 0x4c, 0xab, 0x12, 0x56, 0x7c, 0x00,
    0x05, 0xd5, 0x7a, 0xf9, 0x02, 0x18, 0x45, 0xad, 0x14, 0x56, 0x46, 0xad, 0x16, 0x56, 0x47, 0xad, 0x18, 0x56, 0x48,
    0xad, 0x1a, 0x56, 0x49, 0xad, 0x1c, 0x56, 0x4a, 0xad, 0x1e, 0x56, 0x4b, 0xad, 0x20, 0x56, 0x4c, 0xad, 0x22, 0x56,
    0x7a, 0x00, 0x03, 0xd5, 0x7b, 0xf5, 0x02, 0x18, 0x45, 0xaf, 0x24, 0x56, 0x46, 0xaf, 0x26, 0x56, 0x47, 0xaf, 0x28,
    0x56, 0x48, 0xaf, 0x2a, 0x56, 0x49, 0xaf, 0x2c, 0x56, 0x4a, 0xaf, 0x2e, 0x56, 0x4b, 0xaf, 0x30, 0x56, 0x4c, 0xaf,
    0x32, 0x56, 0x7b, 0x00, 0x4b, 0xd5, 0x7b, 0xe5, 0xe9, 0x85, 0x45, 0xb1, 0x34, 0x56, 0x46, 0xb1, 0x36, 0x56, 0x47,
    0xb1, 0x38, 0x56, 0x48, 0xb1, 0x3a, 0x56, 0x49, 0xb1, 0x3c, 0x56, 0x4a, 0xb1, 0x3e, 0x56, 0x4b, 0xb1, 0x40, 0x56,
    0x4c, 0xb1, 0x42, 0x56, 0xfa, 0x6e, 0xf3, 0x56, 0x79, 0x5a, 0x00, 0xff, 0x45, 0xb3, 0x44, 0x56, 0x46, 0xb3, 0x46,
    0x56, 0x47, 0xb3, 0x48, 0x56, 0x48, 0xb3, 0x4a, 0x56, 0x49, 0xb3, 0x4c, 0x56, 0x4a, 0xb3, 0x4e, 0x56, 0x4b, 0xb3,
    0x50, 0x56, 0x4c, 0xb3, 0x52, 0x56, 0xfa, 0x6e, 0xf5, 0x56, 0x7a, 0x5a, 0x00, 0xff, 0x45, 0xb5, 0x54, 0x56, 0x46,
    0xb5, 0x56, 0x56, 0x47, 0xb5, 0x58, 0x56, 0x48, 0xb5, 0x5a, 0x56, 0x49, 0xb5, 0x5c, 0x56, 0x4a, 0xb5, 0x5e, 0x56,
    0x4b, 0xb5, 0x60, 0x56, 0x4c, 0xb5, 0x62, 0x56, 0xfa, 0x6e, 0xf7, 0x56, 0x7b, 0x5a, 0x00, 0xff, 0x45, 0xb7, 0x64,
    0x56, 0x46, 0xb7, 0x66, 0x56, 0x47, 0xb7, 0x68, 0x56, 0x48, 0xb7, 0x6a, 0x56, 0x49, 0xb7, 0x6c, 0x56, 0x4a, 0xb7,
    0x6e, 0x56, 0x4b, 0xb7, 0x70, 0x56, 0x4c, 0xb7, 0x72, 0x56, 0xfa, 0x6e, 0xf9, 0x56, 0x7c, 0x5a, 0x00, 0xff, 0x45,
    0xb9, 0x74, 0x56, 0x46, 0xb9, 0x76, 0x56, 0x47, 0xb9, 0x78, 0x56, 0x48, 0xb9, 0x7a, 0x56, 0x49, 0xb9, 0x7c, 0x56,
    0x4a, 0xb9, 0x7e, 0x56, 0x4b, 0xb9, 0x80, 0x56, 0x4c, 0xb9, 0x82, 0x56, 0x40, 0x20, 0x34, 0xd8, 0xab, 0x71, 0x00,
    0x00, 0x40, 0x93, 0xfc, 0xdb, 0xaf, 0x00, 0x00, 0x45, 0x40, 0x20, 0x34, 0xd8, 0xac, 0x72, 0x00, 0x00, 0x40, 0x94,
    0xfc, 0xdb, 0xaf, 0x00, 0x00, 0x49, 0x40, 0x20, 0x34, 0xd8, 0xad, 0x73, 0x00, 0x00, 0x40, 0x91, 0xfc, 0xdb, 0xa5,
    0x00, 0x00, 0x55, 0x40, 0x20, 0x34, 0xd8, 0xae, 0x74, 0x00, 0x00, 0xc0, 0x91, 0xfc, 0xdb, 0xa5, 0x00, 0x00, 0x59,
    0x00, 0x00, 0x8f, 0xbf, 0xff, 0x03, 0xfc, 0xbe, 0xc0, 0xff, 0x02, 0x00, 0x28, 0x45, 0x28, 0x80, 0x29, 0x80, 0x29,
    0x82, 0x00, 0x10, 0x30, 0xe0, 0x95, 0x6d, 0x0a, 0x80, 0x00, 0x10, 0x30, 0xe0, 0x97, 0x6f, 0x0a, 0x80, 0x00, 0x10,
    0x30, 0xe0, 0x96, 0x6e, 0x0a, 0x80, 0x00, 0x10, 0x30, 0xe0, 0x98, 0x70, 0x0a, 0x80, 0x7c, 0x48, 0x8c, 0xbf, 0x01,
    0x00, 0x8f, 0xbf, 0x9a, 0x1b, 0x92, 0xbe, 0x48, 0xc1, 0x48, 0x80, 0x06, 0x00, 0x85, 0xbf, 0xcd, 0x09, 0x26, 0xbb,
    0x00, 0x00, 0x80, 0xbf, 0x00, 0x00, 0x80, 0xbf, 0x00, 0x00, 0x80, 0xbf, 0x00, 0x00, 0x80, 0xbf, 0x00, 0x00, 0x80,
    0xbf, 0x7d, 0x00, 0x05, 0xd5, 0x7f, 0xfb, 0x02, 0x18, 0x4d, 0xbb, 0x04, 0x56, 0x4e, 0xbb, 0x06, 0x56, 0x4f, 0xbb,
    0x08, 0x56, 0x50, 0xbb, 0x0a, 0x56, 0x51, 0xbb, 0x0c, 0x56, 0x52, 0xbb, 0x0e, 0x56, 0x53, 0xbb, 0x10, 0x56, 0x54,
    0xbb, 0x12, 0x56, 0x80, 0x00, 0x05, 0xd5, 0x7e, 0x01, 0x03, 0x18, 0x4d, 0xbd, 0x14, 0x56, 0x4e, 0xbd, 0x16, 0x56,
    0x4f, 0xbd, 0x18, 0x56, 0x50, 0xbd, 0x1a, 0x56, 0x51, 0xbd, 0x1c, 0x56, 0x52, 0xbd, 0x1e, 0x56, 0x53, 0xbd, 0x20,
    0x56, 0x54, 0xbd, 0x22, 0x56, 0x7e, 0x00, 0x03, 0xd5, 0x7f, 0xfd, 0x02, 0x18, 0x4d, 0xbf, 0x24, 0x56, 0x4e, 0xbf,
    0x26, 0x56, 0x4f, 0xbf, 0x28, 0x56, 0x50, 0xbf, 0x2a, 0x56, 0x51, 0xbf, 0x2c, 0x56, 0x52, 0xbf, 0x2e, 0x56, 0x53,
    0xbf, 0x30, 0x56, 0x54, 0xbf, 0x32, 0x56, 0x7f, 0x00, 0x4b, 0xd5, 0x7f, 0xe5, 0xf9, 0x85, 0x4d, 0xc1, 0x34, 0x56,
    0x4e, 0xc1, 0x36, 0x56, 0x4f, 0xc1, 0x38, 0x56, 0x50, 0xc1, 0x3a, 0x56, 0x51, 0xc1, 0x3c, 0x56, 0x52, 0xc1, 0x3e,
    0x56, 0x53, 0xc1, 0x40, 0x56, 0x54, 0xc1, 0x42, 0x56, 0xfa, 0x6e, 0xfb, 0x56, 0x7d, 0x5a, 0x00, 0xff, 0x4d, 0xc3,
    0x44, 0x56, 0x4e, 0xc3, 0x46, 0x56, 0x4f, 0xc3, 0x48, 0x56, 0x50, 0xc3, 0x4a, 0x56, 0x51, 0xc3, 0x4c, 0x56, 0x52,
    0xc3, 0x4e, 0x56, 0x53, 0xc3, 0x50, 0x56, 0x54, 0xc3, 0x52, 0x56, 0xfa, 0x6e, 0xfd, 0x56, 0x7e, 0x5a, 0x00, 0xff,
    0x4d, 0xc5, 0x54, 0x56, 0x4e, 0xc5, 0x56, 0x56, 0x4f, 0xc5, 0x58, 0x56, 0x50, 0xc5, 0x5a, 0x56, 0x51, 0xc5, 0x5c,
    0x56, 0x52, 0xc5, 0x5e, 0x56, 0x53, 0xc5, 0x60, 0x56, 0x54, 0xc5, 0x62, 0x56, 0xfa, 0x6e, 0xff, 0x56, 0x7f, 0x5a,
    0x00, 0xff, 0x4d, 0xc7, 0x64, 0x56, 0x4e, 0xc7, 0x66, 0x56, 0x4f, 0xc7, 0x68, 0x56, 0x50, 0xc7, 0x6a, 0x56, 0x51,
    0xc7, 0x6c, 0x56, 0x52, 0xc7, 0x6e, 0x56, 0x53, 0xc7, 0x70, 0x56, 0x54, 0xc7, 0x72, 0x56, 0xfa, 0x6e, 0x01, 0x57,
    0x80, 0x5a, 0x00, 0xff, 0x4d, 0xc9, 0x74, 0x56, 0x4e, 0xc9, 0x76, 0x56, 0x4f, 0xc9, 0x78, 0x56, 0x50, 0xc9, 0x7a,
    0x56, 0x51, 0xc9, 0x7c, 0x56, 0x52, 0xc9, 0x7e, 0x56, 0x53, 0xc9, 0x80, 0x56, 0x54, 0xc9, 0x82, 0x56, 0x6a, 0x00,
    0xc2, 0xd4, 0xfe, 0xb6, 0x00, 0x00, 0xfd, 0xff, 0x86, 0xbf, 0x80, 0x40, 0x34, 0xd8, 0xa7, 0x75, 0x00, 0x00, 0x40,
    0xa3, 0xfc, 0xdb, 0xaf, 0x00, 0x00, 0x4d, 0x80, 0x40, 0x34, 0xd8, 0xa8, 0x76, 0x00, 0x00, 0x40, 0xa4, 0xfc, 0xdb,
    0xaf, 0x00, 0x00, 0x51, 0x80, 0x40, 0x34, 0xd8, 0xa9, 0x77, 0x00, 0x00, 0x40, 0xa1, 0xfc, 0xdb, 0xa5, 0x00, 0x00,
    0x5d, 0x80, 0x40, 0x34, 0xd8, 0xaa, 0x78, 0x00, 0x00, 0xc0, 0xa1, 0xfc, 0xdb, 0xa5, 0x00, 0x00, 0x61, 0x00, 0x00,
    0x8f, 0xbf, 0x28, 0x46, 0x28, 0x80, 0x29, 0x47, 0x29, 0x82, 0x00, 0x10, 0x30, 0xe0, 0x99, 0x71, 0x0a, 0x80, 0x00,
    0x10, 0x30, 0xe0, 0x9b, 0x73, 0x0a, 0x80, 0x00, 0x10, 0x30, 0xe0, 0x9a, 0x72, 0x0a, 0x80, 0x00, 0x10, 0x30, 0xe0,
    0x9c, 0x74, 0x0a, 0x80, 0x7f, 0xc8, 0x8c, 0xbf, 0x01, 0x00, 0x8f, 0xbf, 0x9a, 0x1d, 0x92, 0xbe, 0x48, 0xc1, 0x48,
    0x80, 0x05, 0x00, 0x85, 0xbf, 0x54, 0x09, 0x26, 0xbb, 0x00, 0x00, 0x80, 0xbf, 0x00, 0x00, 0x80, 0xbf, 0x00, 0x00,
    0x80, 0xbf, 0x00, 0x00, 0x80, 0xbf, 0x81, 0x00, 0x05, 0xd5, 0x83, 0x03, 0x03, 0x18, 0x45, 0xab, 0x04, 0x56, 0x46,
    0xab, 0x06, 0x56, 0x47, 0xab, 0x08, 0x56, 0x48, 0xab, 0x0a, 0x56, 0x49, 0xab, 0x0c, 0x56, 0x4a, 0xab, 0x0e, 0x56,
    0x4b, 0xab, 0x10, 0x56, 0x4c, 0xab, 0x12, 0x56, 0x84, 0x00, 0x05, 0xd5, 0x82, 0x09, 0x03, 0x18, 0x45, 0xad, 0x14,
    0x56, 0x46, 0xad, 0x16, 0x56, 0x47, 0xad, 0x18, 0x56, 0x48, 0xad, 0x1a, 0x56, 0x49, 0xad, 0x1c, 0x56, 0x4a, 0xad,
    0x1e, 0x56, 0x4b, 0xad, 0x20, 0x56, 0x4c, 0xad, 0x22, 0x56, 0x82, 0x00, 0x03, 0xd5, 0x83, 0x05, 0x03, 0x18, 0x45,
    0xaf, 0x24, 0x56, 0x46, 0xaf, 0x26, 0x56, 0x47, 0xaf, 0x28, 0x56, 0x48, 0xaf, 0x2a, 0x56, 0x49, 0xaf, 0x2c, 0x56,
    0x4a, 0xaf, 0x2e, 0x56, 0x4b, 0xaf, 0x30, 0x56, 0x4c, 0xaf, 0x32, 0x56, 0x83, 0x00, 0x4b, 0xd5, 0x83, 0xe5, 0x09,
    0x86, 0x45, 0xb1, 0x34, 0x56, 0x46, 0xb1, 0x36, 0x56, 0x47, 0xb1, 0x38, 0x56, 0x48, 0xb1, 0x3a, 0x56, 0x49, 0xb1,
    0x3c, 0x56, 0x4a, 0xb1, 0x3e, 0x56, 0x4b, 0xb1, 0x40, 0x56, 0x4c, 0xb1, 0x42, 0x56, 0xfa, 0x6e, 0x03, 0x57, 0x81,
    0x5a, 0x00, 0xff, 0x45, 0xb3, 0x44, 0x56, 0x46, 0xb3, 0x46, 0x56, 0x47, 0xb3, 0x48, 0x56, 0x48, 0xb3, 0x4a, 0x56,
    0x49, 0xb3, 0x4c, 0x56, 0x4a, 0xb3, 0x4e, 0x56, 0x4b, 0xb3, 0x50, 0x56, 0x4c, 0xb3, 0x52, 0x56, 0xfa, 0x6e, 0x05,
    0x57, 0x82, 0x5a, 0x00, 0xff, 0x45, 0xb5, 0x54, 0x56, 0x46, 0xb5, 0x56, 0x56, 0x47, 0xb5, 0x58, 0x56, 0x48, 0xb5,
    0x5a, 0x56, 0x49, 0xb5, 0x5c, 0x56, 0x4a, 0xb5, 0x5e, 0x56, 0x4b, 0xb5, 0x60, 0x56, 0x4c, 0xb5, 0x62, 0x56, 0xfa,
    0x6e, 0x07, 0x57, 0x83, 0x5a, 0x00, 0xff, 0x45, 0xb7, 0x64, 0x56, 0x46, 0xb7, 0x66, 0x56, 0x47, 0xb7, 0x68, 0x56,
    0x48, 0xb7, 0x6a, 0x56, 0x49, 0xb7, 0x6c, 0x56, 0x4a, 0xb7, 0x6e, 0x56, 0x4b, 0xb7, 0x70, 0x56, 0x4c, 0xb7, 0x72,
    0x56, 0xfa, 0x6e, 0x09, 0x57, 0x84, 0x5a, 0x00, 0xff, 0x45, 0xb9, 0x74, 0x56, 0x46, 0xb9, 0x76, 0x56, 0x47, 0xb9,
    0x78, 0x56, 0x48, 0xb9, 0x7a, 0x56, 0x49, 0xb9, 0x7c, 0x56, 0x4a, 0xb9, 0x7e, 0x56, 0x4b, 0xb9, 0x80, 0x56, 0x4c,
    0xb9, 0x82, 0x56, 0x80, 0x40, 0x34, 0xd8, 0xab, 0x79, 0x00, 0x00, 0x80, 0xb3, 0xfc, 0xdb, 0xaf, 0x00, 0x00, 0x45,
    0x80, 0x40, 0x34, 0xd8, 0xac, 0x7a, 0x00, 0x00, 0x80, 0xb4, 0xfc, 0xdb, 0xaf, 0x00, 0x00, 0x49, 0x80, 0x40, 0x34,
    0xd8, 0xad, 0x7b, 0x00, 0x00, 0x80, 0xb1, 0xfc, 0xdb, 0xa5, 0x00, 0x00, 0x55, 0x80, 0x40, 0x34, 0xd8, 0xae, 0x7c,
    0x00, 0x00, 0x00, 0xb2, 0xfc, 0xdb, 0xa5, 0x00, 0x00, 0x59, 0x00, 0x00, 0x8f, 0xbf, 0x28, 0x45, 0x28, 0x80, 0x29,
    0x80, 0x29, 0x82, 0x00, 0x10, 0x30, 0xe0, 0x95, 0x75, 0x0a, 0x80, 0x00, 0x10, 0x30, 0xe0, 0x97, 0x77, 0x0a, 0x80,
    0x00, 0x10, 0x30, 0xe0, 0x96, 0x76, 0x0a, 0x80, 0x00, 0x10, 0x30, 0xe0, 0x98, 0x78, 0x0a, 0x80, 0x7c, 0x48, 0x8c,
    0xbf, 0x01, 0x00, 0x8f, 0xbf, 0x9a, 0x1b, 0x92, 0xbe, 0x48, 0xc1, 0x48, 0x80, 0x08, 0x00, 0x85, 0xbf, 0xdf, 0x08,
    0x26, 0xbb, 0x00, 0x00, 0x80, 0xbf, 0x00, 0x00, 0x80, 0xbf, 0x00, 0x00, 0x80, 0xbf, 0x00, 0x00, 0x80, 0xbf, 0x00,
    0x00, 0x80, 0xbf, 0x00, 0x00, 0x80, 0xbf, 0x00, 0x00, 0x80, 0xbf, 0x85, 0x00, 0x05, 0xd5, 0x87, 0x0b, 0x03, 0x18,
    0x4d, 0xbb, 0x04, 0x56, 0x4e, 0xbb, 0x06, 0x56, 0x4f, 0xbb, 0x08, 0x56, 0x50, 0xbb, 0x0a, 0x56, 0x51, 0xbb, 0x0c,
    0x56, 0x52, 0xbb, 0x0e, 0x56, 0x53, 0xbb, 0x10, 0x56, 0x54, 0xbb, 0x12, 0x56, 0x88, 0x00, 0x05, 0xd5, 0x86, 0x11,
    0x03, 0x18, 0x4d, 0xbd, 0x14, 0x56, 0x4e, 0xbd, 0x16, 0x56, 0x4f, 0xbd, 0x18, 0x56, 0x50, 0xbd, 0x1a, 0x56, 0x51,
    0xbd, 0x1c, 0x56, 0x52, 0xbd, 0x1e, 0x56, 0x53, 0xbd, 0x20, 0x56, 0x54, 0xbd, 0x22, 0x56, 0x86, 0x00, 0x03, 0xd5,
    0x87, 0x0d, 0x03, 0x18, 0x4d, 0xbf, 0x24, 0x56, 0x4e, 0xbf, 0x26, 0x56, 0x4f, 0xbf, 0x28, 0x56, 0x50, 0xbf, 0x2a,
    0x56, 0x51, 0xbf, 0x2c, 0x56, 0x52, 0xbf, 0x2e, 0x56, 0x53, 0xbf, 0x30, 0x56, 0x54, 0xbf, 0x32, 0x56, 0x87, 0x00,
    0x4b, 0xd5, 0x87, 0xe5, 0x19, 0x86, 0x4d, 0xc1, 0x34, 0x56, 0x4e, 0xc1, 0x36, 0x56, 0x4f, 0xc1, 0x38, 0x56, 0x50,
    0xc1, 0x3a, 0x56, 0x51, 0xc1, 0x3c, 0x56, 0x52, 0xc1, 0x3e, 0x56, 0x53, 0xc1, 0x40, 0x56, 0x54, 0xc1, 0x42, 0x56,
    0xfa, 0x6e, 0x0b, 0x57, 0x85, 0x5a, 0x00, 0xff, 0x4d, 0xc3, 0x44, 0x56, 0x4e, 0xc3, 0x46, 0x56, 0x4f, 0xc3, 0x48,
    0x56, 0x50, 0xc3, 0x4a, 0x56, 0x51, 0xc3, 0x4c, 0x56, 0x52, 0xc3, 0x4e, 0x56, 0x53, 0xc3, 0x50, 0x56, 0x54, 0xc3,
    0x52, 0x56, 0xfa, 0x6e, 0x0d, 0x57, 0x86, 0x5a, 0x00, 0xff, 0x4d, 0xc5, 0x54, 0x56, 0x4e, 0xc5, 0x56, 0x56, 0x4f,
    0xc5, 0x58, 0x56, 0x50, 0xc5, 0x5a, 0x56, 0x51, 0xc5, 0x5c, 0x56, 0x52, 0xc5, 0x5e, 0x56, 0x53, 0xc5, 0x60, 0x56,
    0x54, 0xc5, 0x62, 0x56, 0xfa, 0x6e, 0x0f, 0x57, 0x87, 0x5a, 0x00, 0xff, 0x4d, 0xc7, 0x64, 0x56, 0x4e, 0xc7, 0x66,
    0x56, 0x4f, 0xc7, 0x68, 0x56, 0x50, 0xc7, 0x6a, 0x56, 0x51, 0xc7, 0x6c, 0x56, 0x52, 0xc7, 0x6e, 0x56, 0x53, 0xc7,
    0x70, 0x56, 0x54, 0xc7, 0x72, 0x56, 0xfa, 0x6e, 0x11, 0x57, 0x88, 0x5a, 0x00, 0xff, 0x4d, 0xc9, 0x74, 0x56, 0x4e,
    0xc9, 0x76, 0x56, 0x4f, 0xc9, 0x78, 0x56, 0x50, 0xc9, 0x7a, 0x56, 0x51, 0xc9, 0x7c, 0x56, 0x52, 0xc9, 0x7e, 0x56,
    0x53, 0xc9, 0x80, 0x56, 0x54, 0xc9, 0x82, 0x56, 0xc0, 0x60, 0x34, 0xd8, 0xa7, 0x7d, 0x00, 0x00, 0x00, 0x02, 0xfc,
    0xdb, 0xaf, 0x00, 0x00, 0x4d, 0xc0, 0x60, 0x34, 0xd8, 0xa8, 0x7e, 0x00, 0x00, 0x00, 0x03, 0xfc, 0xdb, 0xaf, 0x00,
    0x00, 0x51, 0xc0, 0x60, 0x34, 0xd8, 0xa9, 0x7f, 0x00, 0x00, 0x00, 0x00, 0xfc, 0xdb, 0xa5, 0x00, 0x00, 0x5d, 0xc0,
    0x60, 0x34, 0xd8, 0xaa, 0x80, 0x00, 0x00, 0x80, 0x00, 0xfc, 0xdb, 0xa5, 0x00, 0x00, 0x61, 0x00, 0x00, 0x8f, 0xbf,
    0x28, 0x46, 0x28, 0x80, 0x29, 0x47, 0x29, 0x82, 0x00, 0x10, 0x30, 0xe0, 0x99, 0x79, 0x0a, 0x80, 0x00, 0x10, 0x30,
    0xe0, 0x9b, 0x7b, 0x0a, 0x80, 0x00, 0x10, 0x30, 0xe0, 0x9a, 0x7a, 0x0a, 0x80, 0x00, 0x10, 0x30, 0xe0, 0x9c, 0x7c,
    0x0a, 0x80, 0x7f, 0xc8, 0x8c, 0xbf, 0xc4, 0xff, 0xf8, 0xd8, 0x00, 0x00, 0x00, 0xbc, 0x01, 0x00, 0x8f, 0xbf, 0x9a,
    0x1d, 0x92, 0xbe, 0x48, 0xc1, 0x48, 0x80, 0x06, 0x00, 0x85, 0xbf, 0x65, 0x08, 0x26, 0xbb, 0x00, 0x00, 0x80, 0xbf,
    0x00, 0x00, 0x80, 0xbf, 0x00, 0x00, 0x80, 0xbf, 0x00, 0x00, 0x80, 0xbf, 0x00, 0x00, 0x80, 0xbf, 0x89, 0x00, 0x05,
    0xd5, 0x8b, 0x13, 0x03, 0x18, 0x45, 0xab, 0x04, 0x56, 0x46, 0xab, 0x06, 0x56, 0x47, 0xab, 0x08, 0x56, 0x48, 0xab,
    0x0a, 0x56, 0x49, 0xab, 0x0c, 0x56, 0x4a, 0xab, 0x0e, 0x56, 0x4b, 0xab, 0x10, 0x56, 0x4c, 0xab, 0x12, 0x56, 0x8c,
    0x00, 0x05, 0xd5, 0x8a, 0x19, 0x03, 0x18, 0x45, 0xad, 0x14, 0x56, 0x46, 0xad, 0x16, 0x56, 0x47, 0xad, 0x18, 0x56,
    0x48, 0xad, 0x1a, 0x56, 0x49, 0xad, 0x1c, 0x56, 0x4a, 0xad, 0x1e, 0x56, 0x4b, 0xad, 0x20, 0x56, 0x4c, 0xad, 0x22,
    0x56, 0x8a, 0x00, 0x03, 0xd5, 0x8b, 0x15, 0x03, 0x18, 0x45, 0xaf, 0x24, 0x56, 0x46, 0xaf, 0x26, 0x56, 0x47, 0xaf,
    0x28, 0x56, 0x48, 0xaf, 0x2a, 0x56, 0x49, 0xaf, 0x2c, 0x56, 0x4a, 0xaf, 0x2e, 0x56, 0x4b, 0xaf, 0x30, 0x56, 0x4c,
    0xaf, 0x32, 0x56, 0x8b, 0x00, 0x4b, 0xd5, 0x8b, 0xe5, 0x29, 0x86, 0x45, 0xb1, 0x34, 0x56, 0x46, 0xb1, 0x36, 0x56,
    0x47, 0xb1, 0x38, 0x56, 0x48, 0xb1, 0x3a, 0x56, 0x49, 0xb1, 0x3c, 0x56, 0x4a, 0xb1, 0x3e, 0x56, 0x4b, 0xb1, 0x40,
    0x56, 0x4c, 0xb1, 0x42, 0x56, 0xfa, 0x6e, 0x13, 0x57, 0x89, 0x5a, 0x00, 0xff, 0x45, 0xb3, 0x44, 0x56, 0x46, 0xb3,
    0x46, 0x56, 0x47, 0xb3, 0x48, 0x56, 0x48, 0xb3, 0x4a, 0x56, 0x49, 0xb3, 0x4c, 0x56, 0x4a, 0xb3, 0x4e, 0x56, 0x4b,
    0xb3, 0x50, 0x56, 0x4c, 0xb3, 0x52, 0x56, 0xfa, 0x6e, 0x15, 0x57, 0x8a, 0x5a, 0x00, 0xff, 0x45, 0xb5, 0x54, 0x56,
    0x46, 0xb5, 0x56, 0x56, 0x47, 0xb5, 0x58, 0x56, 0x48, 0xb5, 0x5a, 0x56, 0x49, 0xb5, 0x5c, 0x56, 0x4a, 0xb5, 0x5e,
    0x56, 0x4b, 0xb5, 0x60, 0x56, 0x4c, 0xb5, 0x62, 0x56, 0xfa, 0x6e, 0x17, 0x57, 0x8b, 0x5a, 0x00, 0xff, 0x45, 0xb7,
    0x64, 0x56, 0x46, 0xb7, 0x66, 0x56, 0x47, 0xb7, 0x68, 0x56, 0x48, 0xb7, 0x6a, 0x56, 0x49, 0xb7, 0x6c, 0x56, 0x4a,
    0xb7, 0x6e, 0x56, 0x4b, 0xb7, 0x70, 0x56, 0x4c, 0xb7, 0x72, 0x56, 0xfa, 0x6e, 0x19, 0x57, 0x8c, 0x5a, 0x00, 0xff,
    0x45, 0xb9, 0x74, 0x56, 0x46, 0xb9, 0x76, 0x56, 0x47, 0xb9, 0x78, 0x56, 0x48, 0xb9, 0x7a, 0x56, 0x49, 0xb9, 0x7c,
    0x56, 0x4a, 0xb9, 0x7e, 0x56, 0x4b, 0xb9, 0x80, 0x56, 0x4c, 0xb9, 0x82, 0x56, 0xc0, 0x60, 0x34, 0xd8, 0xab, 0x81,
    0x00, 0x00, 0x40, 0x12, 0xfc, 0xdb, 0xaf, 0x00, 0x00, 0x45, 0xc0, 0x60, 0x34, 0xd8, 0xac, 0x82, 0x00, 0x00, 0x40,
    0x13, 0xfc, 0xdb, 0xaf, 0x00, 0x00, 0x49, 0xc0, 0x60, 0x34, 0xd8, 0xad, 0x83, 0x00, 0x00, 0x40, 0x10, 0xfc, 0xdb,
    0xa5, 0x00, 0x00, 0x55, 0xc0, 0x60, 0x34, 0xd8, 0xae, 0x84, 0x00, 0x00, 0xc0, 0x10, 0xfc, 0xdb, 0xa5, 0x00, 0x00,
    0x59, 0x00, 0x00, 0x8f, 0xbf, 0xff, 0x03, 0xfc, 0xbe, 0xc4, 0xff, 0x02, 0x00, 0x28, 0x45, 0x28, 0x80, 0x29, 0x80,
    0x29, 0x82, 0x00, 0x10, 0x30, 0xe0, 0x95, 0x7d, 0x0a, 0x80, 0x00, 0x10, 0x30, 0xe0, 0x97, 0x7f, 0x0a, 0x80, 0x00,
    0x10, 0x30, 0xe0, 0x96, 0x7e, 0x0a, 0x80, 0x00, 0x10, 0x30, 0xe0, 0x98, 0x80, 0x0a, 0x80, 0x7c, 0x48, 0x8c, 0xbf,
    0x01, 0x00, 0x8f, 0xbf, 0x9a, 0x1b, 0x92, 0xbe, 0x48, 0xc1, 0x48, 0x80, 0x06, 0x00, 0x85, 0xbf, 0xed, 0x07, 0x26,
    0xbb, 0x00, 0x00, 0x80, 0xbf, 0x00, 0x00, 0x80, 0xbf, 0x00, 0x00, 0x80, 0xbf, 0x00, 0x00, 0x80, 0xbf, 0x00, 0x00,
    0x80, 0xbf, 0x8d, 0x00, 0x05, 0xd5, 0x8f, 0x1b, 0x03, 0x18, 0x4d, 0xbb, 0x04, 0x56, 0x4e, 0xbb, 0x06, 0x56, 0x4f,
    0xbb, 0x08, 0x56, 0x50, 0xbb, 0x0a, 0x56, 0x51, 0xbb, 0x0c, 0x56, 0x52, 0xbb, 0x0e, 0x56, 0x53, 0xbb, 0x10, 0x56,
    0x54, 0xbb, 0x12, 0x56, 0x90, 0x00, 0x05, 0xd5, 0x8e, 0x21, 0x03, 0x18, 0x4d, 0xbd, 0x14, 0x56, 0x4e, 0xbd, 0x16,
    0x56, 0x4f, 0xbd, 0x18, 0x56, 0x50, 0xbd, 0x1a, 0x56, 0x51, 0xbd, 0x1c, 0x56, 0x52, 0xbd, 0x1e, 0x56, 0x53, 0xbd,
    0x20, 0x56, 0x54, 0xbd, 0x22, 0x56, 0x8e, 0x00, 0x03, 0xd5, 0x8f, 0x1d, 0x03, 0x18, 0x4d, 0xbf, 0x24, 0x56, 0x4e,
    0xbf, 0x26, 0x56, 0x4f, 0xbf, 0x28, 0x56, 0x50, 0xbf, 0x2a, 0x56, 0x51, 0xbf, 0x2c, 0x56, 0x52, 0xbf, 0x2e, 0x56,
    0x53, 0xbf, 0x30, 0x56, 0x54, 0xbf, 0x32, 0x56, 0x8f, 0x00, 0x4b, 0xd5, 0x8f, 0xe5, 0x39, 0x86, 0x4d, 0xc1, 0x34,
    0x56, 0x4e, 0xc1, 0x36, 0x56, 0x4f, 0xc1, 0x38, 0x56, 0x50, 0xc1, 0x3a, 0x56, 0x51, 0xc1, 0x3c, 0x56, 0x52, 0xc1,
    0x3e, 0x56, 0x53, 0xc1, 0x40, 0x56, 0x54, 0xc1, 0x42, 0x56, 0xfa, 0x6e, 0x1b, 0x57, 0x8d, 0x5a, 0x00, 0xff, 0x4d,
    0xc3, 0x44, 0x56, 0x4e, 0xc3, 0x46, 0x56, 0x4f, 0xc3, 0x48, 0x56, 0x50, 0xc3, 0x4a, 0x56, 0x51, 0xc3, 0x4c, 0x56,
    0x52, 0xc3, 0x4e, 0x56, 0x53, 0xc3, 0x50, 0x56, 0x54, 0xc3, 0x52, 0x56, 0xfa, 0x6e, 0x1d, 0x57, 0x8e, 0x5a, 0x00,
    0xff, 0x4d, 0xc5, 0x54, 0x56, 0x4e, 0xc5, 0x56, 0x56, 0x4f, 0xc5, 0x58, 0x56, 0x50, 0xc5, 0x5a, 0x56, 0x51, 0xc5,
    0x5c, 0x56, 0x52, 0xc5, 0x5e, 0x56, 0x53, 0xc5, 0x60, 0x56, 0x54, 0xc5, 0x62, 0x56, 0xfa, 0x6e, 0x1f, 0x57, 0x8f,
    0x5a, 0x00, 0xff, 0x4d, 0xc7, 0x64, 0x56, 0x4e, 0xc7, 0x66, 0x56, 0x4f, 0xc7, 0x68, 0x56, 0x50, 0xc7, 0x6a, 0x56,
    0x51, 0xc7, 0x6c, 0x56, 0x52, 0xc7, 0x6e, 0x56, 0x53, 0xc7, 0x70, 0x56, 0x54, 0xc7, 0x72, 0x56, 0xfa, 0x6e, 0x21,
    0x57, 0x90, 0x5a, 0x00, 0xff, 0x4d, 0xc9, 0x74, 0x56, 0x4e, 0xc9, 0x76, 0x56, 0x4f, 0xc9, 0x78, 0x56, 0x50, 0xc9,
    0x7a, 0x56, 0x51, 0xc9, 0x7c, 0x56, 0x52, 0xc9, 0x7e, 0x56, 0x53, 0xc9, 0x80, 0x56, 0x54, 0xc9, 0x82, 0x56, 0x6a,
    0x00, 0xc2, 0xd4, 0xfe, 0xb6, 0x00, 0x00, 0xfd, 0xff, 0x86, 0xbf, 0x00, 0x81, 0x34, 0xd8, 0xa7, 0x85, 0x00, 0x00,
    0x40, 0x22, 0xfc, 0xdb, 0xaf, 0x00, 0x00, 0x4d, 0x00, 0x81, 0x34, 0xd8, 0xa8, 0x86, 0x00, 0x00, 0x40, 0x23, 0xfc,
    0xdb, 0xaf, 0x00, 0x00, 0x51, 0x00, 0x81, 0x34, 0xd8, 0xa9, 0x87, 0x00, 0x00, 0x40, 0x20, 0xfc, 0xdb, 0xa5, 0x00,
    0x00, 0x5d, 0x00, 0x81, 0x34, 0xd8, 0xaa, 0x88, 0x00, 0x00, 0xc0, 0x20, 0xfc, 0xdb, 0xa5, 0x00, 0x00, 0x61, 0x00,
    0x00, 0x8f, 0xbf, 0x28, 0x46, 0x28, 0x80, 0x29, 0x47, 0x29, 0x82, 0x00, 0x10, 0x30, 0xe0, 0x99, 0x81, 0x0a, 0x80,
    0x00, 0x10, 0x30, 0xe0, 0x9b, 0x83, 0x0a, 0x80, 0x00, 0x10, 0x30, 0xe0, 0x9a, 0x82, 0x0a, 0x80, 0x00, 0x10, 0x30,
    0xe0, 0x9c, 0x84, 0x0a, 0x80, 0x7f, 0xc8, 0x8c, 0xbf, 0x01, 0x00, 0x8f, 0xbf, 0x9a, 0x1d, 0x92, 0xbe, 0x48, 0xc1,
    0x48, 0x80, 0x05, 0x00, 0x85, 0xbf, 0x74, 0x07, 0x26, 0xbb, 0x00, 0x00, 0x80, 0xbf, 0x00, 0x00, 0x80, 0xbf, 0x00,
    0x00, 0x80, 0xbf, 0x00, 0x00, 0x80, 0xbf, 0x91, 0x00, 0x05, 0xd5, 0x93, 0x23, 0x03, 0x18, 0x45, 0xab, 0x04, 0x56,
    0x46, 0xab, 0x06, 0x56, 0x47, 0xab, 0x08, 0x56, 0x48, 0xab, 0x0a, 0x56, 0x49, 0xab, 0x0c, 0x56, 0x4a, 0xab, 0x0e,
    0x56, 0x4b, 0xab, 0x10, 0x56, 0x4c, 0xab, 0x12, 0x56, 0x94, 0x00, 0x05, 0xd5, 0x92, 0x29, 0x03, 0x18, 0x45, 0xad,
    0x14, 0x56, 0x46, 0xad, 0x16, 0x56, 0x47, 0xad, 0x18, 0x56, 0x48, 0xad, 0x1a, 0x56, 0x49, 0xad, 0x1c, 0x56, 0x4a,
    0xad, 0x1e, 0x56, 0x4b, 0xad, 0x20, 0x56, 0x4c, 0xad, 0x22, 0x56, 0x92, 0x00, 0x03, 0xd5, 0x93, 0x25, 0x03, 0x18,
    0x45, 0xaf, 0x24, 0x56, 0x46, 0xaf, 0x26, 0x56, 0x47, 0xaf, 0x28, 0x56, 0x48, 0xaf, 0x2a, 0x56, 0x49, 0xaf, 0x2c,
    0x56, 0x4a, 0xaf, 0x2e, 0x56, 0x4b, 0xaf, 0x30, 0x56, 0x4c, 0xaf, 0x32, 0x56, 0x93, 0x00, 0x4b, 0xd5, 0x93, 0xe5,
    0x49, 0x86, 0x45, 0xb1, 0x34, 0x56, 0x46, 0xb1, 0x36, 0x56, 0x47, 0xb1, 0x38, 0x56, 0x48, 0xb1, 0x3a, 0x56, 0x49,
    0xb1, 0x3c, 0x56, 0x4a, 0xb1, 0x3e, 0x56, 0x4b, 0xb1, 0x40, 0x56, 0x4c, 0xb1, 0x42, 0x56, 0xfa, 0x6e, 0x23, 0x57,
    0x91, 0x5a, 0x00, 0xff, 0x45, 0xb3, 0x44, 0x56, 0x46, 0xb3, 0x46, 0x56, 0x47, 0xb3, 0x48, 0x56, 0x48, 0xb3, 0x4a,
    0x56, 0x49, 0xb3, 0x4c, 0x56, 0x4a, 0xb3, 0x4e, 0x56, 0x4b, 0xb3, 0x50, 0x56, 0x4c, 0xb3, 0x52, 0x56, 0xfa, 0x6e,
    0x25, 0x57, 0x92, 0x5a, 0x00, 0xff, 0x45, 0xb5, 0x54, 0x56, 0x46, 0xb5, 0x56, 0x56, 0x47, 0xb5, 0x58, 0x56, 0x48,
    0xb5, 0x5a, 0x56, 0x49, 0xb5, 0x5c, 0x56, 0x4a, 0xb5, 0x5e, 0x56, 0x4b, 0xb5, 0x60, 0x56, 0x4c, 0xb5, 0x62, 0x56,
    0xfa, 0x6e, 0x27, 0x57, 0x93, 0x5a, 0x00, 0xff, 0x45, 0xb7, 0x64, 0x56, 0x46, 0xb7, 0x66, 0x56, 0x47, 0xb7, 0x68,
    0x56, 0x48, 0xb7, 0x6a, 0x56, 0x49, 0xb7, 0x6c, 0x56, 0x4a, 0xb7, 0x6e, 0x56, 0x4b, 0xb7, 0x70, 0x56, 0x4c, 0xb7,
    0x72, 0x56, 0xfa, 0x6e, 0x29, 0x57, 0x94, 0x5a, 0x00, 0xff, 0x45, 0xb9, 0x74, 0x56, 0x46, 0xb9, 0x76, 0x56, 0x47,
    0xb9, 0x78, 0x56, 0x48, 0xb9, 0x7a, 0x56, 0x49, 0xb9, 0x7c, 0x56, 0x4a, 0xb9, 0x7e, 0x56, 0x4b, 0xb9, 0x80, 0x56,
    0x4c, 0xb9, 0x82, 0x56, 0x00, 0x81, 0x34, 0xd8, 0xab, 0x89, 0x00, 0x00, 0x80, 0x32, 0xfc, 0xdb, 0xaf, 0x00, 0x00,
    0x45, 0x00, 0x81, 0x34, 0xd8, 0xac, 0x8a, 0x00, 0x00, 0x80, 0x33, 0xfc, 0xdb, 0xaf, 0x00, 0x00, 0x49, 0x00, 0x81,
    0x34, 0xd8, 0xad, 0x8b, 0x00, 0x00, 0x80, 0x30, 0xfc, 0xdb, 0xa5, 0x00, 0x00, 0x55, 0x00, 0x81, 0x34, 0xd8, 0xae,
    0x8c, 0x00, 0x00, 0x00, 0x31, 0xfc, 0xdb, 0xa5, 0x00, 0x00, 0x59, 0x00, 0x00, 0x8f, 0xbf, 0x28, 0x45, 0x28, 0x80,
    0x29, 0x80, 0x29, 0x82, 0x00, 0x10, 0x30, 0xe0, 0x95, 0x85, 0x0a, 0x80, 0x00, 0x10, 0x30, 0xe0, 0x97, 0x87, 0x0a,
    0x80, 0x00, 0x10, 0x30, 0xe0, 0x96, 0x86, 0x0a, 0x80, 0x00, 0x10, 0x30, 0xe0, 0x98, 0x88, 0x0a, 0x80, 0x7c, 0x48,
    0x8c, 0xbf, 0x01, 0x00, 0x8f, 0xbf, 0x9a, 0x1b, 0x92, 0xbe, 0x48, 0xc1, 0x48, 0x80, 0x08, 0x00, 0x85, 0xbf, 0xff,
    0x06, 0x26, 0xbb, 0x00, 0x00, 0x80, 0xbf, 0x00, 0x00, 0x80, 0xbf, 0x00, 0x00, 0x80, 0xbf, 0x00, 0x00, 0x80, 0xbf,
    0x00, 0x00, 0x80, 0xbf, 0x00, 0x00, 0x80, 0xbf, 0x00, 0x00, 0x80, 0xbf, 0x65, 0x00, 0x05, 0xd5, 0x67, 0xcb, 0x02,
    0x18, 0x4d, 0xbb, 0x04, 0x56, 0x4e, 0xbb, 0x06, 0x56, 0x4f, 0xbb, 0x08, 0x56, 0x50, 0xbb, 0x0a, 0x56, 0x51, 0xbb,
    0x0c, 0x56, 0x52, 0xbb, 0x0e, 0x56, 0x53, 0xbb, 0x10, 0x56, 0x54, 0xbb, 0x12, 0x56, 0x68, 0x00, 0x05, 0xd5, 0x66,
    0xd1, 0x02, 0x18, 0x4d, 0xbd, 0x14, 0x56, 0x4e, 0xbd, 0x16, 0x56, 0x4f, 0xbd, 0x18, 0x56, 0x50, 0xbd, 0x1a, 0x56,
    0x51, 0xbd, 0x1c, 0x56, 0x52, 0xbd, 0x1e, 0x56, 0x53, 0xbd, 0x20, 0x56, 0x54, 0xbd, 0x22, 0x56, 0x66, 0x00, 0x03,
    0xd5, 0x67, 0xcd, 0x02, 0x18, 0x4d, 0xbf, 0x24, 0x56, 0x4e, 0xbf, 0x26, 0x56, 0x4f, 0xbf, 0x28, 0x56, 0x50, 0xbf,
    0x2a, 0x56, 0x51, 0xbf, 0x2c, 0x56, 0x52, 0xbf, 0x2e, 0x56, 0x53, 0xbf, 0x30, 0x56, 0x54, 0xbf, 0x32, 0x56, 0x67,
    0x00, 0x4b, 0xd5, 0x67, 0xe5, 0x99, 0x85, 0x4d, 0xc1, 0x34, 0x56, 0x4e, 0xc1, 0x36, 0x56, 0x4f, 0xc1, 0x38, 0x56,
    0x50, 0xc1, 0x3a, 0x56, 0x51, 0xc1, 0x3c, 0x56, 0x52, 0xc1, 0x3e, 0x56, 0x53, 0xc1, 0x40, 0x56, 0x54, 0xc1, 0x42,
    0x56, 0xfa, 0x6e, 0xcb, 0x56, 0x65, 0x5a, 0x00, 0xff, 0x4d, 0xc3, 0x44, 0x56, 0x4e, 0xc3, 0x46, 0x56, 0x4f, 0xc3,
    0x48, 0x56, 0x50, 0xc3, 0x4a, 0x56, 0x51, 0xc3, 0x4c, 0x56, 0x52, 0xc3, 0x4e, 0x56, 0x53, 0xc3, 0x50, 0x56, 0x54,
    0xc3, 0x52, 0x56, 0xfa, 0x6e, 0xcd, 0x56, 0x66, 0x5a, 0x00, 0xff, 0x4d, 0xc5, 0x54, 0x56, 0x4e, 0xc5, 0x56, 0x56,
    0x4f, 0xc5, 0x58, 0x56, 0x50, 0xc5, 0x5a, 0x56, 0x51, 0xc5, 0x5c, 0x56, 0x52, 0xc5, 0x5e, 0x56, 0x53, 0xc5, 0x60,
    0x56, 0x54, 0xc5, 0x62, 0x56, 0xfa, 0x6e, 0xcf, 0x56, 0x67, 0x5a, 0x00, 0xff, 0x4d, 0xc7, 0x64, 0x56, 0x4e, 0xc7,
    0x66, 0x56, 0x4f, 0xc7, 0x68, 0x56, 0x50, 0xc7, 0x6a, 0x56, 0x51, 0xc7, 0x6c, 0x56, 0x52, 0xc7, 0x6e, 0x56, 0x53,
    0xc7, 0x70, 0x56, 0x54, 0xc7, 0x72, 0x56, 0xfa, 0x6e, 0xd1, 0x56, 0x68, 0x5a, 0x00, 0xff, 0x4d, 0xc9, 0x74, 0x56,
    0x4e, 0xc9, 0x76, 0x56, 0x4f, 0xc9, 0x78, 0x56, 0x50, 0xc9, 0x7a, 0x56, 0x51, 0xc9, 0x7c, 0x56, 0x52, 0xc9, 0x7e,
    0x56, 0x53, 0xc9, 0x80, 0x56, 0x54, 0xc9, 0x82, 0x56, 0x40, 0xa1, 0x34, 0xd8, 0xa7, 0x8d, 0x00, 0x00, 0x80, 0x42,
    0xfc, 0xdb, 0xaf, 0x00, 0x00, 0x4d, 0x40, 0xa1, 0x34, 0xd8, 0xa8, 0x8e, 0x00, 0x00, 0x80, 0x43, 0xfc, 0xdb, 0xaf,
    0x00, 0x00, 0x51, 0x40, 0xa1, 0x34, 0xd8, 0xa9, 0x8f, 0x00, 0x00, 0x80, 0x40, 0xfc, 0xdb, 0xa5, 0x00, 0x00, 0x5d,
    0x40, 0xa1, 0x34, 0xd8, 0xaa, 0x90, 0x00, 0x00, 0x00, 0x41, 0xfc, 0xdb, 0xa5, 0x00, 0x00, 0x61, 0x00, 0x00, 0x8f,
    0xbf, 0x28, 0x46, 0x28, 0x80, 0x29, 0x47, 0x29, 0x82, 0x00, 0x10, 0x30, 0xe0, 0x99, 0x89, 0x0a, 0x80, 0x00, 0x10,
    0x30, 0xe0, 0x9b, 0x8b, 0x0a, 0x80, 0x00, 0x10, 0x30, 0xe0, 0x9a, 0x8a, 0x0a, 0x80, 0x00, 0x10, 0x30, 0xe0, 0x9c,
    0x8c, 0x0a, 0x80, 0x7f, 0xc8, 0x8c, 0xbf, 0xc8, 0xff, 0xf8, 0xd8, 0x00, 0x00, 0x00, 0xbc, 0x01, 0x00, 0x8f, 0xbf,
    0x9a, 0x1d, 0x92, 0xbe, 0x48, 0xc1, 0x48, 0x80, 0x06, 0x00, 0x85, 0xbf, 0x85, 0x06, 0x26, 0xbb, 0x00, 0x00, 0x80,
    0xbf, 0x00, 0x00, 0x80, 0xbf, 0x00, 0x00, 0x80, 0xbf, 0x00, 0x00, 0x80, 0xbf, 0x00, 0x00, 0x80, 0xbf, 0x69, 0x00,
    0x05, 0xd5, 0x6b, 0xd3, 0x02, 0x18, 0x45, 0xab, 0x04, 0x56, 0x46, 0xab, 0x06, 0x56, 0x47, 0xab, 0x08, 0x56, 0x48,
    0xab, 0x0a, 0x56, 0x49, 0xab, 0x0c, 0x56, 0x4a, 0xab, 0x0e, 0x56, 0x4b, 0xab, 0x10, 0x56, 0x4c, 0xab, 0x12, 0x56,
    0x6c, 0x00, 0x05, 0xd5, 0x6a, 0xd9, 0x02, 0x18, 0x45, 0xad, 0x14, 0x56, 0x46, 0xad, 0x16, 0x56, 0x47, 0xad, 0x18,
    0x56, 0x48, 0xad, 0x1a, 0x56, 0x49, 0xad, 0x1c, 0x56, 0x4a, 0xad, 0x1e, 0x56, 0x4b, 0xad, 0x20, 0x56, 0x4c, 0xad,
    0x22, 0x56, 0x6a, 0x00, 0x03, 0xd5, 0x6b, 0xd5, 0x02, 0x18, 0x45, 0xaf, 0x24, 0x56, 0x46, 0xaf, 0x26, 0x56, 0x47,
    0xaf, 0x28, 0x56, 0x48, 0xaf, 0x2a, 0x56, 0x49, 0xaf, 0x2c, 0x56, 0x4a, 0xaf, 0x2e, 0x56, 0x4b, 0xaf, 0x30, 0x56,
    0x4c, 0xaf, 0x32, 0x56, 0x6b, 0x00, 0x4b, 0xd5, 0x6b, 0xe5, 0xa9, 0x85, 0x45, 0xb1, 0x34, 0x56, 0x46, 0xb1, 0x36,
    0x56, 0x47, 0xb1, 0x38, 0x56, 0x48, 0xb1, 0x3a, 0x56, 0x49, 0xb1, 0x3c, 0x56, 0x4a, 0xb1, 0x3e, 0x56, 0x4b, 0xb1,
    0x40, 0x56, 0x4c, 0xb1, 0x42, 0x56, 0xfa, 0x6e, 0xd3, 0x56, 0x69, 0x5a, 0x00, 0xff, 0x45, 0xb3, 0x44, 0x56, 0x46,
    0xb3, 0x46, 0x56, 0x47, 0xb3, 0x48, 0x56, 0x48, 0xb3, 0x4a, 0x56, 0x49, 0xb3, 0x4c, 0x56, 0x4a, 0xb3, 0x4e, 0x56,
    0x4b, 0xb3, 0x50, 0x56, 0x4c, 0xb3, 0x52, 0x56, 0xfa, 0x6e, 0xd5, 0x56, 0x6a, 0x5a, 0x00, 0xff, 0x45, 0xb5, 0x54,
    0x56, 0x46, 0xb5, 0x56, 0x56, 0x47, 0xb5, 0x58, 0x56, 0x48, 0xb5, 0x5a, 0x56, 0x49, 0xb5, 0x5c, 0x56, 0x4a, 0xb5,
    0x5e, 0x56, 0x4b, 0xb5, 0x60, 0x56, 0x4c, 0xb5, 0x62, 0x56, 0xfa, 0x6e, 0xd7, 0x56, 0x6b, 0x5a, 0x00, 0xff, 0x45,
    0xb7, 0x64, 0x56, 0x46, 0xb7, 0x66, 0x56, 0x47, 0xb7, 0x68, 0x56, 0x48, 0xb7, 0x6a, 0x56, 0x49, 0xb7, 0x6c, 0x56,
    0x4a, 0xb7, 0x6e, 0x56, 0x4b, 0xb7, 0x70, 0x56, 0x4c, 0xb7, 0x72, 0x56, 0xfa, 0x6e, 0xd9, 0x56, 0x6c, 0x5a, 0x00,
    0xff, 0x45, 0xb9, 0x74, 0x56, 0x46, 0xb9, 0x76, 0x56, 0x47, 0xb9, 0x78, 0x56, 0x48, 0xb9, 0x7a, 0x56, 0x49, 0xb9,
    0x7c, 0x56, 0x4a, 0xb9, 0x7e, 0x56, 0x4b, 0xb9, 0x80, 0x56, 0x4c, 0xb9, 0x82, 0x56, 0x40, 0xa1, 0x34, 0xd8, 0xab,
    0x91, 0x00, 0x00, 0xc0, 0x52, 0xfc, 0xdb, 0xaf, 0x00, 0x00, 0x45, 0x40, 0xa1, 0x34, 0xd8, 0xac, 0x92, 0x00, 0x00,
    0xc0, 0x53, 0xfc, 0xdb, 0xaf, 0x00, 0x00, 0x49, 0x40, 0xa1, 0x34, 0xd8, 0xad, 0x93, 0x00, 0x00, 0xc0, 0x50, 0xfc,
    0xdb, 0xa5, 0x00, 0x00, 0x55, 0x40, 0xa1, 0x34, 0xd8, 0xae, 0x94, 0x00, 0x00, 0x40, 0x51, 0xfc, 0xdb, 0xa5, 0x00,
    0x00, 0x59, 0x00, 0x00, 0x8f, 0xbf, 0xff, 0x03, 0xfc, 0xbe, 0xc8, 0xff, 0x02, 0x00, 0x28, 0x45, 0x28, 0x80, 0x29,
    0x80, 0x29, 0x82, 0x00, 0x10, 0x30, 0xe0, 0x95, 0x8d, 0x0a, 0x80, 0x00, 0x10, 0x30, 0xe0, 0x97, 0x8f, 0x0a, 0x80,
    0x00, 0x10, 0x30, 0xe0, 0x96, 0x8e, 0x0a, 0x80, 0x00, 0x10, 0x30, 0xe0, 0x98, 0x90, 0x0a, 0x80, 0x7c, 0x48, 0x8c,
    0xbf, 0x01, 0x00, 0x8f, 0xbf, 0x9a, 0x1b, 0x92, 0xbe, 0x48, 0xc1, 0x48, 0x80, 0x06, 0x00, 0x85, 0xbf, 0x0d, 0x06,
    0x26, 0xbb, 0x00, 0x00, 0x80, 0xbf, 0x00, 0x00, 0x80, 0xbf, 0x00, 0x00, 0x80, 0xbf, 0x00, 0x00, 0x80, 0xbf, 0x00,
    0x00, 0x80, 0xbf, 0x6d, 0x00, 0x05, 0xd5, 0x6f, 0xdb, 0x02, 0x18, 0x4d, 0xbb, 0x04, 0x56, 0x4e, 0xbb, 0x06, 0x56,
    0x4f, 0xbb, 0x08, 0x56, 0x50, 0xbb, 0x0a, 0x56, 0x51, 0xbb, 0x0c, 0x56, 0x52, 0xbb, 0x0e, 0x56, 0x53, 0xbb, 0x10,
    0x56, 0x54, 0xbb, 0x12, 0x56, 0x70, 0x00, 0x05, 0xd5, 0x6e, 0xe1, 0x02, 0x18, 0x4d, 0xbd, 0x14, 0x56, 0x4e, 0xbd,
    0x16, 0x56, 0x4f, 0xbd, 0x18, 0x56, 0x50, 0xbd, 0x1a, 0x56, 0x51, 0xbd, 0x1c, 0x56, 0x52, 0xbd, 0x1e, 0x56, 0x53,
    0xbd, 0x20, 0x56, 0x54, 0xbd, 0x22, 0x56, 0x6e, 0x00, 0x03, 0xd5, 0x6f, 0xdd, 0x02, 0x18, 0x4d, 0xbf, 0x24, 0x56,
    0x4e, 0xbf, 0x26, 0x56, 0x4f, 0xbf, 0x28, 0x56, 0x50, 0xbf, 0x2a, 0x56, 0x51, 0xbf, 0x2c, 0x56, 0x52, 0xbf, 0x2e,
    0x56, 0x53, 0xbf, 0x30, 0x56, 0x54, 0xbf, 0x32, 0x56, 0x6f, 0x00, 0x4b, 0xd5, 0x6f, 0xe5, 0xb9, 0x85, 0x4d, 0xc1,
    0x34, 0x56, 0x4e, 0xc1, 0x36, 0x56, 0x4f, 0xc1, 0x38, 0x56, 0x50, 0xc1, 0x3a, 0x56, 0x51, 0xc1, 0x3c, 0x56, 0x52,
    0xc1, 0x3e, 0x56, 0x53, 0xc1, 0x40, 0x56, 0x54, 0xc1, 0x42, 0x56, 0xfa, 0x6e, 0xdb, 0x56, 0x6d, 0x5a, 0x00, 0xff,
    0x4d, 0xc3, 0x44, 0x56, 0x4e, 0xc3, 0x46, 0x56, 0x4f, 0xc3, 0x48, 0x56, 0x50, 0xc3, 0x4a, 0x56, 0x51, 0xc3, 0x4c,
    0x56, 0x52, 0xc3, 0x4e, 0x56, 0x53, 0xc3, 0x50, 0x56, 0x54, 0xc3, 0x52, 0x56, 0xfa, 0x6e, 0xdd, 0x56, 0x6e, 0x5a,
    0x00, 0xff, 0x4d, 0xc5, 0x54, 0x56, 0x4e, 0xc5, 0x56, 0x56, 0x4f, 0xc5, 0x58, 0x56, 0x50, 0xc5, 0x5a, 0x56, 0x51,
    0xc5, 0x5c, 0x56, 0x52, 0xc5, 0x5e, 0x56, 0x53, 0xc5, 0x60, 0x56, 0x54, 0xc5, 0x62, 0x56, 0xfa, 0x6e, 0xdf, 0x56,
    0x6f, 0x5a, 0x00, 0xff, 0x4d, 0xc7, 0x64, 0x56, 0x4e, 0xc7, 0x66, 0x56, 0x4f, 0xc7, 0x68, 0x56, 0x50, 0xc7, 0x6a,
    0x56, 0x51, 0xc7, 0x6c, 0x56, 0x52, 0xc7, 0x6e, 0x56, 0x53, 0xc7, 0x70, 0x56, 0x54, 0xc7, 0x72, 0x56, 0xfa, 0x6e,
    0xe1, 0x56, 0x70, 0x5a, 0x00, 0xff, 0x4d, 0xc9, 0x74, 0x56, 0x4e, 0xc9, 0x76, 0x56, 0x4f, 0xc9, 0x78, 0x56, 0x50,
    0xc9, 0x7a, 0x56, 0x51, 0xc9, 0x7c, 0x56, 0x52, 0xc9, 0x7e, 0x56, 0x53, 0xc9, 0x80, 0x56, 0x54, 0xc9, 0x82, 0x56,
    0x6a, 0x00, 0xc2, 0xd4, 0xfe, 0xb6, 0x00, 0x00, 0xfd, 0xff, 0x86, 0xbf, 0x00, 0x00, 0x34, 0xd8, 0xa7, 0x65, 0x00,
    0x00, 0xc0, 0x62, 0xfc, 0xdb, 0xaf, 0x00, 0x00, 0x4d, 0x00, 0x00, 0x34, 0xd8, 0xa8, 0x66, 0x00, 0x00, 0xc0, 0x63,
    0xfc, 0xdb, 0xaf, 0x00, 0x00, 0x51, 0x00, 0x00, 0x34, 0xd8, 0xa9, 0x67, 0x00, 0x00, 0xc0, 0x60, 0xfc, 0xdb, 0xa5,
    0x00, 0x00, 0x5d, 0x00, 0x00, 0x34, 0xd8, 0xaa, 0x68, 0x00, 0x00, 0x40, 0x61, 0xfc, 0xdb, 0xa5, 0x00, 0x00, 0x61,
    0x00, 0x00, 0x8f, 0xbf, 0x28, 0x46, 0x28, 0x80, 0x29, 0x47, 0x29, 0x82, 0x00, 0x10, 0x30, 0xe0, 0x99, 0x91, 0x0a,
    0x80, 0x00, 0x10, 0x30, 0xe0, 0x9b, 0x93, 0x0a, 0x80, 0x00, 0x10, 0x30, 0xe0, 0x9a, 0x92, 0x0a, 0x80, 0x00, 0x10,
    0x30, 0xe0, 0x9c, 0x94, 0x0a, 0x80, 0x7f, 0xc8, 0x8c, 0xbf, 0x01, 0x00, 0x8f, 0xbf, 0x9a, 0x1d, 0x92, 0xbe, 0x48,
    0xc1, 0x48, 0x80, 0x65, 0xfa, 0x85, 0xbf, 0x94, 0x05, 0x26, 0xbb, 0x63, 0xfa, 0x82, 0xbf, 0x00, 0x00, 0x80, 0xbf,
    0x00, 0x00, 0x80, 0xbf, 0x00, 0x00, 0x80, 0xbf, 0xfa, 0xe4, 0xe2, 0x06, 0x72, 0x80, 0x00, 0xff, 0x45, 0xab, 0x04,
    0x56, 0x46, 0xab, 0x06, 0x56, 0x47, 0xab, 0x08, 0x56, 0x48, 0xab, 0x0a, 0x56, 0x49, 0xab, 0x0c, 0x56, 0x4a, 0xab,
    0x0e, 0x56, 0x4b, 0xab, 0x10, 0x56, 0x4c, 0xab, 0x12, 0x56, 0xfa, 0x6e, 0xe3, 0x56, 0x72, 0xd8, 0x00, 0xff, 0x45,
    0xad, 0x14, 0x56, 0x46, 0xad, 0x16, 0x56, 0x47, 0xad, 0x18, 0x56, 0x01, 0x00, 0x8f, 0xbf, 0x48, 0xad, 0x1a, 0x56,
    0x49, 0xad, 0x1c, 0x56, 0x4a, 0xad, 0x1e, 0x56, 0x4b, 0xad, 0x20, 0x56, 0x4c, 0xad, 0x22, 0x56, 0xfa, 0xe8, 0x74,
    0x07, 0x74, 0x80, 0x00, 0xff, 0x45, 0xaf, 0x24, 0x56, 0x46, 0xaf, 0x26, 0x56, 0x47, 0xaf, 0x28, 0x56, 0x48, 0xaf,
    0x2a, 0x56, 0x49, 0xaf, 0x2c, 0x56, 0x4a, 0xaf, 0x2e, 0x56, 0x4b, 0xaf, 0x30, 0x56, 0x4c, 0xaf, 0x32, 0x56, 0xfa,
    0x6e, 0x75, 0x57, 0x74, 0xd8, 0x00, 0xff, 0x45, 0xb1, 0x34, 0x56, 0x46, 0xb1, 0x36, 0x56, 0x47, 0xb1, 0x38, 0x56,
    0x48, 0xb1, 0x3a, 0x56, 0x49, 0xb1, 0x3c, 0x56, 0x4a, 0xb1, 0x3e, 0x56, 0x4b, 0xb1, 0x40, 0x56, 0x4c, 0xb1, 0x42,
    0x56, 0xfa, 0xe6, 0xe8, 0x06, 0x73, 0x80, 0x00, 0xff, 0x45, 0xb3, 0x44, 0x56, 0x46, 0xb3, 0x46, 0x56, 0x47, 0xb3,
    0x48, 0x56, 0x48, 0xb3, 0x4a, 0x56, 0x49, 0xb3, 0x4c, 0x56, 0x4a, 0xb3, 0x4e, 0x56, 0x4b, 0xb3, 0x50, 0x56, 0x4c,
    0xb3, 0x52, 0x56, 0xfa, 0x6e, 0xe9, 0x56, 0x73, 0xd8, 0x00, 0xff, 0x45, 0xb5, 0x54, 0x56, 0x46, 0xb5, 0x56, 0x56,
    0x47, 0xb5, 0x58, 0x56, 0x48, 0xb5, 0x5a, 0x56, 0x49, 0xb5, 0x5c, 0x56, 0x4a, 0xb5, 0x5e, 0x56, 0x4b, 0xb5, 0x60,
    0x56, 0x4c, 0xb5, 0x62, 0x56, 0x71, 0xe9, 0xe6, 0x06, 0x45, 0xb7, 0x64, 0x56, 0x46, 0xb7, 0x66, 0x56, 0x47, 0xb7,
    0x68, 0x56, 0x48, 0xb7, 0x6a, 0x56, 0x49, 0xb7, 0x6c, 0x56, 0x4a, 0xb7, 0x6e, 0x56, 0x4b, 0xb7, 0x70, 0x56, 0x4c,
    0xb7, 0x72, 0x56, 0x72, 0x00, 0x03, 0xd5, 0xba, 0xe7, 0x02, 0x18, 0x45, 0xb9, 0x74, 0x56, 0x46, 0xb9, 0x76, 0x56,
    0x47, 0xb9, 0x78, 0x56, 0x48, 0xb9, 0x7a, 0x56, 0x49, 0xb9, 0x7c, 0x56, 0x4a, 0xb9, 0x7e, 0x56, 0x4b, 0xb9, 0x80,
    0x56, 0x4c, 0xb9, 0x82, 0x56, 0x73, 0x00, 0x03, 0xd5, 0xba, 0xe7, 0x02, 0x38, 0x00, 0x00, 0x34, 0xd8, 0xab, 0x69,
    0x00, 0x00, 0x00, 0x73, 0xfc, 0xdb, 0xaf, 0x00, 0x00, 0x45, 0x00, 0x00, 0x34, 0xd8, 0xac, 0x6a, 0x00, 0x00, 0x00,
    0x74, 0xfc, 0xdb, 0xaf, 0x00, 0x00, 0x49, 0x00, 0x00, 0x34, 0xd8, 0xad, 0x6b, 0x00, 0x00, 0x00, 0x71, 0xfc, 0xdb,
    0xa5, 0x00, 0x00, 0x55, 0x00, 0x00, 0x34, 0xd8, 0xae, 0x6c, 0x00, 0x00, 0x80, 0x71, 0xfc, 0xdb, 0xa5, 0x00, 0x00,
    0x59, 0x00, 0x00, 0x8f, 0xbf, 0x5b, 0xff, 0x5b, 0x80, 0x00, 0x01, 0x00, 0x00, 0x28, 0x45, 0x28, 0x80, 0x29, 0x80,
    0x29, 0x82, 0x00, 0x10, 0x30, 0xe0, 0x97, 0x67, 0x0a, 0x80, 0x00, 0x10, 0x30, 0xe0, 0x96, 0x66, 0x0a, 0x80, 0x00,
    0x10, 0x30, 0xe0, 0x98, 0x68, 0x0a, 0x80, 0x75, 0x48, 0x8c, 0xbf, 0x9a, 0x1b, 0x92, 0xbe, 0x48, 0xc1, 0x48, 0x80,
    0x07, 0x00, 0x85, 0xbf, 0x1e, 0x05, 0x26, 0xbb, 0x00, 0x00, 0x80, 0xbf, 0x00, 0x00, 0x80, 0xbf, 0x00, 0x00, 0x80,
    0xbf, 0x00, 0x00, 0x80, 0xbf, 0x00, 0x00, 0x80, 0xbf, 0x00, 0x00, 0x80, 0xbf, 0xfa, 0xec, 0xea, 0x06, 0x76, 0x80,
    0x00, 0xff, 0x4d, 0xbb, 0x04, 0x56, 0x4e, 0xbb, 0x06, 0x56, 0x4f, 0xbb, 0x08, 0x56, 0x50, 0xbb, 0x0a, 0x56, 0x51,
    0xbb, 0x0c, 0x56, 0x52, 0xbb, 0x0e, 0x56, 0x53, 0xbb, 0x10, 0x56, 0x54, 0xbb, 0x12, 0x56, 0xfa, 0x6e, 0xeb, 0x56,
    0x76, 0xd8, 0x00, 0xff, 0x4d, 0xbd, 0x14, 0x56, 0x4e, 0xbd, 0x16, 0x56, 0x4f, 0xbd, 0x18, 0x56, 0x01, 0x00, 0x8f,
    0xbf, 0x50, 0xbd, 0x1a, 0x56, 0x51, 0xbd, 0x1c, 0x56, 0x52, 0xbd, 0x1e, 0x56, 0x53, 0xbd, 0x20, 0x56, 0x54, 0xbd,
    0x22, 0x56, 0xfa, 0xf0, 0x74, 0x07, 0x78, 0x80, 0x00, 0xff, 0x4d, 0xbf, 0x24, 0x56, 0x4e, 0xbf, 0x26, 0x56, 0x4f,
    0xbf, 0x28, 0x56, 0x50, 0xbf, 0x2a, 0x56, 0x51, 0xbf, 0x2c, 0x56, 0x52, 0xbf, 0x2e, 0x56, 0x53, 0xbf, 0x30, 0x56,
    0x54, 0xbf, 0x32, 0x56, 0xfa, 0x6e, 0x75, 0x57, 0x78, 0xd8, 0x00, 0xff, 0x4d, 0xc1, 0x34, 0x56, 0x4e, 0xc1, 0x36,
    0x56, 0x4f, 0xc1, 0x38, 0x56, 0x50, 0xc1, 0x3a, 0x56, 0x51, 0xc1, 0x3c, 0x56, 0x52, 0xc1, 0x3e, 0x56, 0x53, 0xc1,
    0x40, 0x56, 0x54, 0xc1, 0x42, 0x56, 0xfa, 0xee, 0xf0, 0x06, 0x77, 0x80, 0x00, 0xff, 0x4d, 0xc3, 0x44, 0x56, 0x4e,
    0xc3, 0x46, 0x56, 0x4f, 0xc3, 0x48, 0x56, 0x50, 0xc3, 0x4a, 0x56, 0x51, 0xc3, 0x4c, 0x56, 0x52, 0xc3, 0x4e, 0x56,
    0x53, 0xc3, 0x50, 0x56, 0x54, 0xc3, 0x52, 0x56, 0xfa, 0x6e, 0xf1, 0x56, 0x77, 0xd8, 0x00, 0xff, 0x4d, 0xc5, 0x54,
    0x56, 0x4e, 0xc5, 0x56, 0x56, 0x4f, 0xc5, 0x58, 0x56, 0x50, 0xc5, 0x5a, 0x56, 0x51, 0xc5, 0x5c, 0x56, 0x52, 0xc5,
    0x5e, 0x56, 0x53, 0xc5, 0x60, 0x56, 0x54, 0xc5, 0x62, 0x56, 0x75, 0xf1, 0xee, 0x06, 0x4d, 0xc7, 0x64, 0x56, 0x4e,
    0xc7, 0x66, 0x56, 0x4f, 0xc7, 0x68, 0x56, 0x50, 0xc7, 0x6a, 0x56, 0x51, 0xc7, 0x6c, 0x56, 0x52, 0xc7, 0x6e, 0x56,
    0x53, 0xc7, 0x70, 0x56, 0x54, 0xc7, 0x72, 0x56, 0x76, 0x00, 0x03, 0xd5, 0xba, 0xef, 0x02, 0x18, 0x4d, 0xc9, 0x74,
    0x56, 0x4e, 0xc9, 0x76, 0x56, 0x4f, 0xc9, 0x78, 0x56, 0x50, 0xc9, 0x7a, 0x56, 0x51, 0xc9, 0x7c, 0x56, 0x52, 0xc9,
    0x7e, 0x56, 0x53, 0xc9, 0x80, 0x56, 0x54, 0xc9, 0x82, 0x56, 0x77, 0x00, 0x03, 0xd5, 0xba, 0xef, 0x02, 0x38, 0x40,
    0x20, 0x34, 0xd8, 0xa7, 0x6d, 0x00, 0x00, 0x00, 0x83, 0xfc, 0xdb, 0xaf, 0x00, 0x00, 0x4d, 0x40, 0x20, 0x34, 0xd8,
    0xa8, 0x6e, 0x00, 0x00, 0x00, 0x84, 0xfc, 0xdb, 0xaf, 0x00, 0x00, 0x51, 0x40, 0x20, 0x34, 0xd8, 0xa9, 0x6f, 0x00,
    0x00, 0x00, 0x81, 0xfc, 0xdb, 0xa5, 0x00, 0x00, 0x5d, 0x40, 0x20, 0x34, 0xd8, 0xaa, 0x70, 0x00, 0x00, 0x80, 0x81,
    0xfc, 0xdb, 0xa5, 0x00, 0x00, 0x61, 0x00, 0x00, 0x8f, 0xbf, 0x28, 0x46, 0x28, 0x80, 0x29, 0x47, 0x29, 0x82, 0x00,
    0x10, 0x30, 0xe0, 0x9b, 0x6b, 0x0a, 0x80, 0x00, 0x10, 0x30, 0xe0, 0x9a, 0x6a, 0x0a, 0x80, 0x00, 0x10, 0x30, 0xe0,
    0x9c, 0x6c, 0x0a, 0x80, 0x7f, 0xc8, 0x8c, 0xbf, 0xc0, 0xff, 0xf8, 0xd8, 0x00, 0x00, 0x00, 0xbc, 0x9a, 0x1d, 0x92,
    0xbe, 0x48, 0xc1, 0x48, 0x80, 0x07, 0x00, 0x85, 0xbf, 0xa6, 0x04, 0x26, 0xbb, 0x00, 0x00, 0x80, 0xbf, 0x00, 0x00,
    0x80, 0xbf, 0x00, 0x00, 0x80, 0xbf, 0x00, 0x00, 0x80, 0xbf, 0x00, 0x00, 0x80, 0xbf, 0x00, 0x00, 0x80, 0xbf, 0xfa,
    0xf4, 0xf2, 0x06, 0x7a, 0x80, 0x00, 0xff, 0x45, 0xab, 0x04, 0x56, 0x46, 0xab, 0x06, 0x56, 0x47, 0xab, 0x08, 0x56,
    0x48, 0xab, 0x0a, 0x56, 0x49, 0xab, 0x0c, 0x56, 0x4a, 0xab, 0x0e, 0x56, 0x4b, 0xab, 0x10, 0x56, 0x4c, 0xab, 0x12,
    0x56, 0xfa, 0x6e, 0xf3, 0x56, 0x7a, 0xd8, 0x00, 0xff, 0x45, 0xad, 0x14, 0x56, 0x46, 0xad, 0x16, 0x56, 0x47, 0xad,
    0x18, 0x56, 0x01, 0x00, 0x8f, 0xbf, 0x48, 0xad, 0x1a, 0x56, 0x49, 0xad, 0x1c, 0x56, 0x4a, 0xad, 0x1e, 0x56, 0x4b,
    0xad, 0x20, 0x56, 0x4c, 0xad, 0x22, 0x56, 0xfa, 0xf8, 0x74, 0x07, 0x7c, 0x80, 0x00, 0xff, 0x45, 0xaf, 0x24, 0x56,
    0x46, 0xaf, 0x26, 0x56, 0x47, 0xaf, 0x28, 0x56, 0x48, 0xaf, 0x2a, 0x56, 0x49, 0xaf, 0x2c, 0x56, 0x4a, 0xaf, 0x2e,
    0x56, 0x4b, 0xaf, 0x30, 0x56, 0x4c, 0xaf, 0x32, 0x56, 0xfa, 0x6e, 0x75, 0x57, 0x7c, 0xd8, 0x00, 0xff, 0x45, 0xb1,
    0x34, 0x56, 0x46, 0xb1, 0x36, 0x56, 0x47, 0xb1, 0x38, 0x56, 0x48, 0xb1, 0x3a, 0x56, 0x49, 0xb1, 0x3c, 0x56, 0x4a,
    0xb1, 0x3e, 0x56, 0x4b, 0xb1, 0x40, 0x56, 0x4c, 0xb1, 0x42, 0x56, 0xfa, 0xf6, 0xf8, 0x06, 0x7b, 0x80, 0x00, 0xff,
    0x45, 0xb3, 0x44, 0x56, 0x46, 0xb3, 0x46, 0x56, 0x47, 0xb3, 0x48, 0x56, 0x48, 0xb3, 0x4a, 0x56, 0x49, 0xb3, 0x4c,
    0x56, 0x4a, 0xb3, 0x4e, 0x56, 0x4b, 0xb3, 0x50, 0x56, 0x4c, 0xb3, 0x52, 0x56, 0xfa, 0x6e, 0xf9, 0x56, 0x7b, 0xd8,
    0x00, 0xff, 0x45, 0xb5, 0x54, 0x56, 0x46, 0xb5, 0x56, 0x56, 0x47, 0xb5, 0x58, 0x56, 0x48, 0xb5, 0x5a, 0x56, 0x49,
    0xb5, 0x5c, 0x56, 0x4a, 0xb5, 0x5e, 0x56, 0x4b, 0xb5, 0x60, 0x56, 0x4c, 0xb5, 0x62, 0x56, 0x79, 0xf9, 0xf6, 0x06,
    0x45, 0xb7, 0x64, 0x56, 0x46, 0xb7, 0x66, 0x56, 0x47, 0xb7, 0x68, 0x56, 0x48, 0xb7, 0x6a, 0x56, 0x49, 0xb7, 0x6c,
    0x56, 0x4a, 0xb7, 0x6e, 0x56, 0x4b, 0xb7, 0x70, 0x56, 0x4c, 0xb7, 0x72, 0x56, 0x7a, 0x00, 0x03, 0xd5, 0xba, 0xf7,
    0x02, 0x18, 0x45, 0xb9, 0x74, 0x56, 0x46, 0xb9, 0x76, 0x56, 0x47, 0xb9, 0x78, 0x56, 0x48, 0xb9, 0x7a, 0x56, 0x49,
    0xb9, 0x7c, 0x56, 0x4a, 0xb9, 0x7e, 0x56, 0x4b, 0xb9, 0x80, 0x56, 0x4c, 0xb9, 0x82, 0x56, 0x7b, 0x00, 0x03, 0xd5,
    0xba, 0xf7, 0x02, 0x38, 0x40, 0x20, 0x34, 0xd8, 0xab, 0x71, 0x00, 0x00, 0x40, 0x93, 0xfc, 0xdb, 0xaf, 0x00, 0x00,
    0x45, 0x40, 0x20, 0x34, 0xd8, 0xac, 0x72, 0x00, 0x00, 0x40, 0x94, 0xfc, 0xdb, 0xaf, 0x00, 0x00, 0x49, 0x40, 0x20,
    0x34, 0xd8, 0xad, 0x73, 0x00, 0x00, 0x40, 0x91, 0xfc, 0xdb, 0xa5, 0x00, 0x00, 0x55, 0x40, 0x20, 0x34, 0xd8, 0xae,
    0x74, 0x00, 0x00, 0xc0, 0x91, 0xfc, 0xdb, 0xa5, 0x00, 0x00, 0x59, 0x00, 0x00, 0x8f, 0xbf, 0xff, 0x03, 0xfc, 0xbe,
    0xc0, 0xff, 0x02, 0x00, 0x28, 0x45, 0x28, 0x80, 0x29, 0x80, 0x29, 0x82, 0x00, 0x10, 0x30, 0xe0, 0x97, 0x6f, 0x0a,
    0x80, 0x00, 0x10, 0x30, 0xe0, 0x96, 0x6e, 0x0a, 0x80, 0x00, 0x10, 0x30, 0xe0, 0x98, 0x70, 0x0a, 0x80, 0x75, 0x48,
    0x8c, 0xbf, 0x9a, 0x1b, 0x92, 0xbe, 0x48, 0xc1, 0x48, 0x80, 0x07, 0x00, 0x85, 0xbf, 0x2e, 0x04, 0x26, 0xbb, 0x00,
    0x00, 0x80, 0xbf, 0x00, 0x00, 0x80, 0xbf, 0x00, 0x00, 0x80, 0xbf, 0x00, 0x00, 0x80, 0xbf, 0x00, 0x00, 0x80, 0xbf,
    0x00, 0x00, 0x80, 0xbf, 0xfa, 0xfc, 0xfa, 0x06, 0x7e, 0x80, 0x00, 0xff, 0x4d, 0xbb, 0x04, 0x56, 0x4e, 0xbb, 0x06,
    0x56, 0x4f, 0xbb, 0x08, 0x56, 0x50, 0xbb, 0x0a, 0x56, 0x51, 0xbb, 0x0c, 0x56, 0x52, 0xbb, 0x0e, 0x56, 0x53, 0xbb,
    0x10, 0x56, 0x54, 0xbb, 0x12, 0x56, 0xfa, 0x6e, 0xfb, 0x56, 0x7e, 0xd8, 0x00, 0xff, 0x4d, 0xbd, 0x14, 0x56, 0x4e,
    0xbd, 0x16, 0x56, 0x4f, 0xbd, 0x18, 0x56, 0x01, 0x00, 0x8f, 0xbf, 0x50, 0xbd, 0x1a, 0x56, 0x51, 0xbd, 0x1c, 0x56,
    0x52, 0xbd, 0x1e, 0x56, 0x53, 0xbd, 0x20, 0x56, 0x54, 0xbd, 0x22, 0x56, 0xfa, 0x00, 0x75, 0x07, 0x80, 0x80, 0x00,
    0xff, 0x4d, 0xbf, 0x24, 0x56, 0x4e, 0xbf, 0x26, 0x56, 0x4f, 0xbf, 0x28, 0x56, 0x50, 0xbf, 0x2a, 0x56, 0x51, 0xbf,
    0x2c, 0x56, 0x52, 0xbf, 0x2e, 0x56, 0x53, 0xbf, 0x30, 0x56, 0x54, 0xbf, 0x32, 0x56, 0xfa, 0x6e, 0x75, 0x57, 0x80,
    0xd8, 0x00, 0xff, 0x4d, 0xc1, 0x34, 0x56, 0x4e, 0xc1, 0x36, 0x56, 0x4f, 0xc1, 0x38, 0x56, 0x50, 0xc1, 0x3a, 0x56,
    0x51, 0xc1, 0x3c, 0x56, 0x52, 0xc1, 0x3e, 0x56, 0x53, 0xc1, 0x40, 0x56, 0x54, 0xc1, 0x42, 0x56, 0xfa, 0xfe, 0x00,
    0x07, 0x7f, 0x80, 0x00, 0xff, 0x4d, 0xc3, 0x44, 0x56, 0x4e, 0xc3, 0x46, 0x56, 0x4f, 0xc3, 0x48, 0x56, 0x50, 0xc3,
    0x4a, 0x56, 0x51, 0xc3, 0x4c, 0x56, 0x52, 0xc3, 0x4e, 0x56, 0x53, 0xc3, 0x50, 0x56, 0x54, 0xc3, 0x52, 0x56, 0xfa,
    0x6e, 0x01, 0x57, 0x7f, 0xd8, 0x00, 0xff, 0x4d, 0xc5, 0x54, 0x56, 0x4e, 0xc5, 0x56, 0x56, 0x4f, 0xc5, 0x58, 0x56,
    0x50, 0xc5, 0x5a, 0x56, 0x51, 0xc5, 0x5c, 0x56, 0x52, 0xc5, 0x5e, 0x56, 0x53, 0xc5, 0x60, 0x56, 0x54, 0xc5, 0x62,
    0x56, 0x7d, 0x01, 0xff, 0x06, 0x4d, 0xc7, 0x64, 0x56, 0x4e, 0xc7, 0x66, 0x56, 0x4f, 0xc7, 0x68, 0x56, 0x50, 0xc7,
    0x6a, 0x56, 0x51, 0xc7, 0x6c, 0x56, 0x52, 0xc7, 0x6e, 0x56, 0x53, 0xc7, 0x70, 0x56, 0x54, 0xc7, 0x72, 0x56, 0x7e,
    0x00, 0x03, 0xd5, 0xba, 0xff, 0x02, 0x18, 0x4d, 0xc9, 0x74, 0x56, 0x4e, 0xc9, 0x76, 0x56, 0x4f, 0xc9, 0x78, 0x56,
    0x50, 0xc9, 0x7a, 0x56, 0x51, 0xc9, 0x7c, 0x56, 0x52, 0xc9, 0x7e, 0x56, 0x53, 0xc9, 0x80, 0x56, 0x54, 0xc9, 0x82,
    0x56, 0x7f, 0x00, 0x03, 0xd5, 0xba, 0xff, 0x02, 0x38, 0x6a, 0x00, 0xc2, 0xd4, 0xfe, 0xb6, 0x00, 0x00, 0xfd, 0xff,
    0x86, 0xbf, 0x80, 0x40, 0x34, 0xd8, 0xa7, 0x75, 0x00, 0x00, 0x40, 0xa3, 0xfc, 0xdb, 0xaf, 0x00, 0x00, 0x4d, 0x80,
    0x40, 0x34, 0xd8, 0xa8, 0x76, 0x00, 0x00, 0x40, 0xa4, 0xfc, 0xdb, 0xaf, 0x00, 0x00, 0x51, 0x80, 0x40, 0x34, 0xd8,
    0xa9, 0x77, 0x00, 0x00, 0x40, 0xa1, 0xfc, 0xdb, 0xa5, 0x00, 0x00, 0x5d, 0x80, 0x40, 0x34, 0xd8, 0xaa, 0x78, 0x00,
    0x00, 0xc0, 0xa1, 0xfc, 0xdb, 0xa5, 0x00, 0x00, 0x61, 0x00, 0x00, 0x8f, 0xbf, 0x28, 0x46, 0x28, 0x80, 0x29, 0x47,
    0x29, 0x82, 0x00, 0x10, 0x30, 0xe0, 0x9b, 0x73, 0x0a, 0x80, 0x00, 0x10, 0x30, 0xe0, 0x9a, 0x72, 0x0a, 0x80, 0x00,
    0x10, 0x30, 0xe0, 0x9c, 0x74, 0x0a, 0x80, 0x7f, 0xc8, 0x8c, 0xbf, 0x9a, 0x1d, 0x92, 0xbe, 0x48, 0xc1, 0x48, 0x80,
    0x06, 0x00, 0x85, 0xbf, 0xb5, 0x03, 0x26, 0xbb, 0x00, 0x00, 0x80, 0xbf, 0x00, 0x00, 0x80, 0xbf, 0x00, 0x00, 0x80,
    0xbf, 0x00, 0x00, 0x80, 0xbf, 0x00, 0x00, 0x80, 0xbf, 0xfa, 0x04, 0x03, 0x07, 0x82, 0x80, 0x00, 0xff, 0x45, 0xab,
    0x04, 0x56, 0x46, 0xab, 0x06, 0x56, 0x47, 0xab, 0x08, 0x56, 0x48, 0xab, 0x0a, 0x56, 0x49, 0xab, 0x0c, 0x56, 0x4a,
    0xab, 0x0e, 0x56, 0x4b, 0xab, 0x10, 0x56, 0x4c, 0xab, 0x12, 0x56, 0xfa, 0x6e, 0x03, 0x57, 0x82, 0xd8, 0x00, 0xff,
    0x45, 0xad, 0x14, 0x56, 0x46, 0xad, 0x16, 0x56, 0x47, 0xad, 0x18, 0x56, 0x01, 0x00, 0x8f, 0xbf, 0x48, 0xad, 0x1a,
    0x56, 0x49, 0xad, 0x1c, 0x56, 0x4a, 0xad, 0x1e, 0x56, 0x4b, 0xad, 0x20, 0x56, 0x4c, 0xad, 0x22, 0x56, 0xfa, 0x08,
    0x75, 0x07, 0x84, 0x80, 0x00, 0xff, 0x45, 0xaf, 0x24, 0x56, 0x46, 0xaf, 0x26, 0x56, 0x47, 0xaf, 0x28, 0x56, 0x48,
    0xaf, 0x2a, 0x56, 0x49, 0xaf, 0x2c, 0x56, 0x4a, 0xaf, 0x2e, 0x56, 0x4b, 0xaf, 0x30, 0x56, 0x4c, 0xaf, 0x32, 0x56,
    0xfa, 0x6e, 0x75, 0x57, 0x84, 0xd8, 0x00, 0xff, 0x45, 0xb1, 0x34, 0x56, 0x46, 0xb1, 0x36, 0x56, 0x47, 0xb1, 0x38,
    0x56, 0x48, 0xb1, 0x3a, 0x56, 0x49, 0xb1, 0x3c, 0x56, 0x4a, 0xb1, 0x3e, 0x56, 0x4b, 0xb1, 0x40, 0x56, 0x4c, 0xb1,
    0x42, 0x56, 0xfa, 0x06, 0x09, 0x07, 0x83, 0x80, 0x00, 0xff, 0x45, 0xb3, 0x44, 0x56, 0x46, 0xb3, 0x46, 0x56, 0x47,
    0xb3, 0x48, 0x56, 0x48, 0xb3, 0x4a, 0x56, 0x49, 0xb3, 0x4c, 0x56, 0x4a, 0xb3, 0x4e, 0x56, 0x4b, 0xb3, 0x50, 0x56,
    0x4c, 0xb3, 0x52, 0x56, 0xfa, 0x6e, 0x09, 0x57, 0x83, 0xd8, 0x00, 0xff, 0x45, 0xb5, 0x54, 0x56, 0x46, 0xb5, 0x56,
    0x56, 0x47, 0xb5, 0x58, 0x56, 0x48, 0xb5, 0x5a, 0x56, 0x49, 0xb5, 0x5c, 0x56, 0x4a, 0xb5, 0x5e, 0x56, 0x4b, 0xb5,
    0x60, 0x56, 0x4c, 0xb5, 0x62, 0x56, 0x81, 0x09, 0x07, 0x07, 0x45, 0xb7, 0x64, 0x56, 0x46, 0xb7, 0x66, 0x56, 0x47,
    0xb7, 0x68, 0x56, 0x48, 0xb7, 0x6a, 0x56, 0x49, 0xb7, 0x6c, 0x56, 0x4a, 0xb7, 0x6e, 0x56, 0x4b, 0xb7, 0x70, 0x56,
    0x4c, 0xb7, 0x72, 0x56, 0x82, 0x00, 0x03, 0xd5, 0xba, 0x07, 0x03, 0x18, 0x45, 0xb9, 0x74, 0x56, 0x46, 0xb9, 0x76,
    0x56, 0x47, 0xb9, 0x78, 0x56, 0x48, 0xb9, 0x7a, 0x56, 0x49, 0xb9, 0x7c, 0x56, 0x4a, 0xb9, 0x7e, 0x56, 0x4b, 0xb9,
    0x80, 0x56, 0x4c, 0xb9, 0x82, 0x56, 0x83, 0x00, 0x03, 0xd5, 0xba, 0x07, 0x03, 0x38, 0x80, 0x40, 0x34, 0xd8, 0xab,
    0x79, 0x00, 0x00, 0x80, 0xb3, 0xfc, 0xdb, 0xaf, 0x00, 0x00, 0x45, 0x80, 0x40, 0x34, 0xd8, 0xac, 0x7a, 0x00, 0x00,
    0x80, 0xb4, 0xfc, 0xdb, 0xaf, 0x00, 0x00, 0x49, 0x80, 0x40, 0x34, 0xd8, 0xad, 0x7b, 0x00, 0x00, 0x80, 0xb1, 0xfc,
    0xdb, 0xa5, 0x00, 0x00, 0x55, 0x80, 0x40, 0x34, 0xd8, 0xae, 0x7c, 0x00, 0x00, 0x00, 0xb2, 0xfc, 0xdb, 0xa5, 0x00,
    0x00, 0x59, 0x00, 0x00, 0x8f, 0xbf, 0x28, 0x45, 0x28, 0x80, 0x29, 0x80, 0x29, 0x82, 0x00, 0x10, 0x30, 0xe0, 0x97,
    0x77, 0x0a, 0x80, 0x00, 0x10, 0x30, 0xe0, 0x96, 0x76, 0x0a, 0x80, 0x00, 0x10, 0x30, 0xe0, 0x98, 0x78, 0x0a, 0x80,
    0x75, 0x48, 0x8c, 0xbf, 0x9a, 0x1b, 0x92, 0xbe, 0x48, 0xc1, 0x48, 0x80, 0x01, 0x00, 0x85, 0xbf, 0x40, 0x03, 0x26,
    0xbb, 0xfa, 0x0c, 0x0b, 0x07, 0x86, 0x80, 0x00, 0xff, 0x4d, 0xbb, 0x04, 0x56, 0x4e, 0xbb, 0x06, 0x56, 0x4f, 0xbb,
    0x08, 0x56, 0x50, 0xbb, 0x0a, 0x56, 0x51, 0xbb, 0x0c, 0x56, 0x52, 0xbb, 0x0e, 0x56, 0x53, 0xbb, 0x10, 0x56, 0x54,
    0xbb, 0x12, 0x56, 0xfa, 0x6e, 0x0b, 0x57, 0x86, 0xd8, 0x00, 0xff, 0x4d, 0xbd, 0x14, 0x56, 0x4e, 0xbd, 0x16, 0x56,
    0x4f, 0xbd, 0x18, 0x56, 0x01, 0x00, 0x8f, 0xbf, 0x50, 0xbd, 0x1a, 0x56, 0x51, 0xbd, 0x1c, 0x56, 0x52, 0xbd, 0x1e,
    0x56, 0x53, 0xbd, 0x20, 0x56, 0x54, 0xbd, 0x22, 0x56, 0xfa, 0x10, 0x75, 0x07, 0x88, 0x80, 0x00, 0xff, 0x4d, 0xbf,
    0x24, 0x56, 0x4e, 0xbf, 0x26, 0x56, 0x4f, 0xbf, 0x28, 0x56, 0x50, 0xbf, 0x2a, 0x56, 0x51, 0xbf, 0x2c, 0x56, 0x52,
    0xbf, 0x2e, 0x56, 0x53, 0xbf, 0x30, 0x56, 0x54, 0xbf, 0x32, 0x56, 0xfa, 0x6e, 0x75, 0x57, 0x88, 0xd8, 0x00, 0xff,
    0x4d, 0xc1, 0x34, 0x56, 0x4e, 0xc1, 0x36, 0x56, 0x4f, 0xc1, 0x38, 0x56, 0x50, 0xc1, 0x3a, 0x56, 0x51, 0xc1, 0x3c,
    0x56, 0x52, 0xc1, 0x3e, 0x56, 0x53, 0xc1, 0x40, 0x56, 0x54, 0xc1, 0x42, 0x56, 0xfa, 0x0e, 0x11, 0x07, 0x87, 0x80,
    0x00, 0xff, 0x4d, 0xc3, 0x44, 0x56, 0x4e, 0xc3, 0x46, 0x56, 0x4f, 0xc3, 0x48, 0x56, 0x50, 0xc3, 0x4a, 0x56, 0x51,
    0xc3, 0x4c, 0x56, 0x52, 0xc3, 0x4e, 0x56, 0x53, 0xc3, 0x50, 0x56, 0x54, 0xc3, 0x52, 0x56, 0xfa, 0x6e, 0x11, 0x57,
    0x87, 0xd8, 0x00, 0xff, 0x4d, 0xc5, 0x54, 0x56, 0x4e, 0xc5, 0x56, 0x56, 0x4f, 0xc5, 0x58, 0x56, 0x50, 0xc5, 0x5a,
    0x56, 0x51, 0xc5, 0x5c, 0x56, 0x52, 0xc5, 0x5e, 0x56, 0x53, 0xc5, 0x60, 0x56, 0x54, 0xc5, 0x62, 0x56, 0x85, 0x11,
    0x0f, 0x07, 0x4d, 0xc7, 0x64, 0x56, 0x4e, 0xc7, 0x66, 0x56, 0x4f, 0xc7, 0x68, 0x56, 0x50, 0xc7, 0x6a, 0x56, 0x51,
    0xc7, 0x6c, 0x56, 0x52, 0xc7, 0x6e, 0x56, 0x53, 0xc7, 0x70, 0x56, 0x54, 0xc7, 0x72, 0x56, 0x86, 0x00, 0x03, 0xd5,
    0xba, 0x0f, 0x03, 0x18, 0x4d, 0xc9, 0x74, 0x56, 0x4e, 0xc9, 0x76, 0x56, 0x4f, 0xc9, 0x78, 0x56, 0x50, 0xc9, 0x7a,
    0x56, 0x51, 0xc9, 0x7c, 0x56, 0x52, 0xc9, 0x7e, 0x56, 0x53, 0xc9, 0x80, 0x56, 0x54, 0xc9, 0x82, 0x56, 0x87, 0x00,
    0x03, 0xd5, 0xba, 0x0f, 0x03, 0x38, 0xc0, 0x60, 0x34, 0xd8, 0xa7, 0x7d, 0x00, 0x00, 0x00, 0x02, 0xfc, 0xdb, 0xaf,
    0x00, 0x00, 0x4d, 0xc0, 0x60, 0x34, 0xd8, 0xa8, 0x7e, 0x00, 0x00, 0x00, 0x03, 0xfc, 0xdb, 0xaf, 0x00, 0x00, 0x51,
    0xc0, 0x60, 0x34, 0xd8, 0xa9, 0x7f, 0x00, 0x00, 0x00, 0x00, 0xfc, 0xdb, 0xa5, 0x00, 0x00, 0x5d, 0xc0, 0x60, 0x34,
    0xd8, 0xaa, 0x80, 0x00, 0x00, 0x80, 0x00, 0xfc, 0xdb, 0xa5, 0x00, 0x00, 0x61, 0x00, 0x00, 0x8f, 0xbf, 0x28, 0x46,
    0x28, 0x80, 0x29, 0x47, 0x29, 0x82, 0x00, 0x10, 0x30, 0xe0, 0x9b, 0x7b, 0x0a, 0x80, 0x00, 0x10, 0x30, 0xe0, 0x9a,
    0x7a, 0x0a, 0x80, 0x00, 0x10, 0x30, 0xe0, 0x9c, 0x7c, 0x0a, 0x80, 0x7f, 0xc8, 0x8c, 0xbf, 0xc4, 0xff, 0xf8, 0xd8,
    0x00, 0x00, 0x00, 0xbc, 0x9a, 0x1d, 0x92, 0xbe, 0x48, 0xc1, 0x48, 0x80, 0x07, 0x00, 0x85, 0xbf, 0xce, 0x02, 0x26,
    0xbb, 0x00, 0x00, 0x80, 0xbf, 0x00, 0x00, 0x80, 0xbf, 0x00, 0x00, 0x80, 0xbf, 0x00, 0x00, 0x80, 0xbf, 0x00, 0x00,
    0x80, 0xbf, 0x00, 0x00, 0x80, 0xbf, 0xfa, 0x14, 0x13, 0x07, 0x8a, 0x80, 0x00, 0xff, 0x45, 0xab, 0x04, 0x56, 0x46,
    0xab, 0x06, 0x56, 0x47, 0xab, 0x08, 0x56, 0x48, 0xab, 0x0a, 0x56, 0x49, 0xab, 0x0c, 0x56, 0x4a, 0xab, 0x0e, 0x56,
    0x4b, 0xab, 0x10, 0x56, 0x4c, 0xab, 0x12, 0x56, 0xfa, 0x6e, 0x13, 0x57, 0x8a, 0xd8, 0x00, 0xff, 0x45, 0xad, 0x14,
    0x56, 0x46, 0xad, 0x16, 0x56, 0x47, 0xad, 0x18, 0x56, 0x01, 0x00, 0x8f, 0xbf, 0x48, 0xad, 0x1a, 0x56, 0x49, 0xad,
    0x1c, 0x56, 0x4a, 0xad, 0x1e, 0x56, 0x4b, 0xad, 0x20, 0x56, 0x4c, 0xad, 0x22, 0x56, 0xfa, 0x18, 0x75, 0x07, 0x8c,
    0x80, 0x00, 0xff, 0x45, 0xaf, 0x24, 0x56, 0x46, 0xaf, 0x26, 0x56, 0x47, 0xaf, 0x28, 0x56, 0x48, 0xaf, 0x2a, 0x56,
    0x49, 0xaf, 0x2c, 0x56, 0x4a, 0xaf, 0x2e, 0x56, 0x4b, 0xaf, 0x30, 0x56, 0x4c, 0xaf, 0x32, 0x56, 0xfa, 0x6e, 0x75,
    0x57, 0x8c, 0xd8, 0x00, 0xff, 0x45, 0xb1, 0x34, 0x56, 0x46, 0xb1, 0x36, 0x56, 0x47, 0xb1, 0x38, 0x56, 0x48, 0xb1,
    0x3a, 0x56, 0x49, 0xb1, 0x3c, 0x56, 0x4a, 0xb1, 0x3e, 0x56, 0x4b, 0xb1, 0x40, 0x56, 0x4c, 0xb1, 0x42, 0x56, 0xfa,
    0x16, 0x19, 0x07, 0x8b, 0x80, 0x00, 0xff, 0x45, 0xb3, 0x44, 0x56, 0x46, 0xb3, 0x46, 0x56, 0x47, 0xb3, 0x48, 0x56,
    0x48, 0xb3, 0x4a, 0x56, 0x49, 0xb3, 0x4c, 0x56, 0x4a, 0xb3, 0x4e, 0x56, 0x4b, 0xb3, 0x50, 0x56, 0x4c, 0xb3, 0x52,
    0x56, 0xfa, 0x6e, 0x19, 0x57, 0x8b, 0xd8, 0x00, 0xff, 0x45, 0xb5, 0x54, 0x56, 0x46, 0xb5, 0x56, 0x56, 0x47, 0xb5,
    0x58, 0x56, 0x48, 0xb5, 0x5a, 0x56, 0x49, 0xb5, 0x5c, 0x56, 0x4a, 0xb5, 0x5e, 0x56, 0x4b, 0xb5, 0x60, 0x56, 0x4c,
    0xb5, 0x62, 0x56, 0x89, 0x19, 0x17, 0x07, 0x45, 0xb7, 0x64, 0x56, 0x46, 0xb7, 0x66, 0x56, 0x47, 0xb7, 0x68, 0x56,
    0x48, 0xb7, 0x6a, 0x56, 0x49, 0xb7, 0x6c, 0x56, 0x4a, 0xb7, 0x6e, 0x56, 0x4b, 0xb7, 0x70, 0x56, 0x4c, 0xb7, 0x72,
    0x56, 0x8a, 0x00, 0x03, 0xd5, 0xba, 0x17, 0x03, 0x18, 0x45, 0xb9, 0x74, 0x56, 0x46, 0xb9, 0x76, 0x56, 0x47, 0xb9,
    0x78, 0x56, 0x48, 0xb9, 0x7a, 0x56, 0x49, 0xb9, 0x7c, 0x56, 0x4a, 0xb9, 0x7e, 0x56, 0x4b, 0xb9, 0x80, 0x56, 0x4c,
    0xb9, 0x82, 0x56, 0x8b, 0x00, 0x03, 0xd5, 0xba, 0x17, 0x03, 0x38, 0xc0, 0x60, 0x34, 0xd8, 0xab, 0x81, 0x00, 0x00,
    0x40, 0x12, 0xfc, 0xdb, 0xaf, 0x00, 0x00, 0x45, 0xc0, 0x60, 0x34, 0xd8, 0xac, 0x82, 0x00, 0x00, 0x40, 0x13, 0xfc,
    0xdb, 0xaf, 0x00, 0x00, 0x49, 0xc0, 0x60, 0x34, 0xd8, 0xad, 0x83, 0x00, 0x00, 0x40, 0x10, 0xfc, 0xdb, 0xa5, 0x00,
    0x00, 0x55, 0xc0, 0x60, 0x34, 0xd8, 0xae, 0x84, 0x00, 0x00, 0xc0, 0x10, 0xfc, 0xdb, 0xa5, 0x00, 0x00, 0x59, 0x00,
    0x00, 0x8f, 0xbf, 0xff, 0x03, 0xfc, 0xbe, 0xc4, 0xff, 0x02, 0x00, 0x28, 0x45, 0x28, 0x80, 0x29, 0x80, 0x29, 0x82,
    0x00, 0x10, 0x30, 0xe0, 0x97, 0x7f, 0x0a, 0x80, 0x00, 0x10, 0x30, 0xe0, 0x96, 0x7e, 0x0a, 0x80, 0x00, 0x10, 0x30,
    0xe0, 0x98, 0x80, 0x0a, 0x80, 0x75, 0x48, 0x8c, 0xbf, 0x9a, 0x1b, 0x92, 0xbe, 0x48, 0xc1, 0x48, 0x80, 0x07, 0x00,
    0x85, 0xbf, 0x56, 0x02, 0x26, 0xbb, 0x00, 0x00, 0x80, 0xbf, 0x00, 0x00, 0x80, 0xbf, 0x00, 0x00, 0x80, 0xbf, 0x00,
    0x00, 0x80, 0xbf, 0x00, 0x00, 0x80, 0xbf, 0x00, 0x00, 0x80, 0xbf, 0xfa, 0x1c, 0x1b, 0x07, 0x8e, 0x80, 0x00, 0xff,
    0x4d, 0xbb, 0x04, 0x56, 0x4e, 0xbb, 0x06, 0x56, 0x4f, 0xbb, 0x08, 0x56, 0x50, 0xbb, 0x0a, 0x56, 0x51, 0xbb, 0x0c,
    0x56, 0x52, 0xbb, 0x0e, 0x56, 0x53, 0xbb, 0x10, 0x56, 0x54, 0xbb, 0x12, 0x56, 0xfa, 0x6e, 0x1b, 0x57, 0x8e, 0xd8,
    0x00, 0xff, 0x4d, 0xbd, 0x14, 0x56, 0x4e, 0xbd, 0x16, 0x56, 0x4f, 0xbd, 0x18, 0x56, 0x01, 0x00, 0x8f, 0xbf, 0x50,
    0xbd, 0x1a, 0x56, 0x51, 0xbd, 0x1c, 0x56, 0x52, 0xbd, 0x1e, 0x56, 0x53, 0xbd, 0x20, 0x56, 0x54, 0xbd, 0x22, 0x56,
    0xfa, 0x20, 0x75, 0x07, 0x90, 0x80, 0x00, 0xff, 0x4d, 0xbf, 0x24, 0x56, 0x4e, 0xbf, 0x26, 0x56, 0x4f, 0xbf, 0x28,
    0x56, 0x50, 0xbf, 0x2a, 0x56, 0x51, 0xbf, 0x2c, 0x56, 0x52, 0xbf, 0x2e, 0x56, 0x53, 0xbf, 0x30, 0x56, 0x54, 0xbf,
    0x32, 0x56, 0xfa, 0x6e, 0x75, 0x57, 0x90, 0xd8, 0x00, 0xff, 0x4d, 0xc1, 0x34, 0x56, 0x4e, 0xc1, 0x36, 0x56, 0x4f,
    0xc1, 0x38, 0x56, 0x50, 0xc1, 0x3a, 0x56, 0x51, 0xc1, 0x3c, 0x56, 0x52, 0xc1, 0x3e, 0x56, 0x53, 0xc1, 0x40, 0x56,
    0x54, 0xc1, 0x42, 0x56, 0xfa, 0x1e, 0x21, 0x07, 0x8f, 0x80, 0x00, 0xff, 0x4d, 0xc3, 0x44, 0x56, 0x4e, 0xc3, 0x46,
    0x56, 0x4f, 0xc3, 0x48, 0x56, 0x50, 0xc3, 0x4a, 0x56, 0x51, 0xc3, 0x4c, 0x56, 0x52, 0xc3, 0x4e, 0x56, 0x53, 0xc3,
    0x50, 0x56, 0x54, 0xc3, 0x52, 0x56, 0xfa, 0x6e, 0x21, 0x57, 0x8f, 0xd8, 0x00, 0xff, 0x4d, 0xc5, 0x54, 0x56, 0x4e,
    0xc5, 0x56, 0x56, 0x4f, 0xc5, 0x58, 0x56, 0x50, 0xc5, 0x5a, 0x56, 0x51, 0xc5, 0x5c, 0x56, 0x52, 0xc5, 0x5e, 0x56,
    0x53, 0xc5, 0x60, 0x56, 0x54, 0xc5, 0x62, 0x56, 0x8d, 0x21, 0x1f, 0x07, 0x4d, 0xc7, 0x64, 0x56, 0x4e, 0xc7, 0x66,
    0x56, 0x4f, 0xc7, 0x68, 0x56, 0x50, 0xc7, 0x6a, 0x56, 0x51, 0xc7, 0x6c, 0x56, 0x52, 0xc7, 0x6e, 0x56, 0x53, 0xc7,
    0x70, 0x56, 0x54, 0xc7, 0x72, 0x56, 0x8e, 0x00, 0x03, 0xd5, 0xba, 0x1f, 0x03, 0x18, 0x4d, 0xc9, 0x74, 0x56, 0x4e,
    0xc9, 0x76, 0x56, 0x4f, 0xc9, 0x78, 0x56, 0x50, 0xc9, 0x7a, 0x56, 0x51, 0xc9, 0x7c, 0x56, 0x52, 0xc9, 0x7e, 0x56,
    0x53, 0xc9, 0x80, 0x56, 0x54, 0xc9, 0x82, 0x56, 0x8f, 0x00, 0x03, 0xd5, 0xba, 0x1f, 0x03, 0x38, 0x6a, 0x00, 0xc2,
    0xd4, 0xfe, 0xb6, 0x00, 0x00, 0xfd, 0xff, 0x86, 0xbf, 0x00, 0x81, 0x34, 0xd8, 0xa7, 0x85, 0x00, 0x00, 0x40, 0x22,
    0xfc, 0xdb, 0xaf, 0x00, 0x00, 0x4d, 0x00, 0x81, 0x34, 0xd8, 0xa8, 0x86, 0x00, 0x00, 0x40, 0x23, 0xfc, 0xdb, 0xaf,
    0x00, 0x00, 0x51, 0x00, 0x81, 0x34, 0xd8, 0xa9, 0x87, 0x00, 0x00, 0x40, 0x20, 0xfc, 0xdb, 0xa5, 0x00, 0x00, 0x5d,
    0x00, 0x81, 0x34, 0xd8, 0xaa, 0x88, 0x00, 0x00, 0xc0, 0x20, 0xfc, 0xdb, 0xa5, 0x00, 0x00, 0x61, 0x00, 0x00, 0x8f,
    0xbf, 0x28, 0x46, 0x28, 0x80, 0x29, 0x47, 0x29, 0x82, 0x00, 0x10, 0x30, 0xe0, 0x9b, 0x83, 0x0a, 0x80, 0x00, 0x10,
    0x30, 0xe0, 0x9a, 0x82, 0x0a, 0x80, 0x00, 0x10, 0x30, 0xe0, 0x9c, 0x84, 0x0a, 0x80, 0x7f, 0xc8, 0x8c, 0xbf, 0x9a,
    0x1d, 0x92, 0xbe, 0x48, 0xc1, 0x48, 0x80, 0x06, 0x00, 0x85, 0xbf, 0xdd, 0x01, 0x26, 0xbb, 0x00, 0x00, 0x80, 0xbf,
    0x00, 0x00, 0x80, 0xbf, 0x00, 0x00, 0x80, 0xbf, 0x00, 0x00, 0x80, 0xbf, 0x00, 0x00, 0x80, 0xbf, 0xfa, 0x24, 0x23,
    0x07, 0x92, 0x80, 0x00, 0xff, 0x45, 0xab, 0x04, 0x56, 0x46, 0xab, 0x06, 0x56, 0x47, 0xab, 0x08, 0x56, 0x48, 0xab,
    0x0a, 0x56, 0x49, 0xab, 0x0c, 0x56, 0x4a, 0xab, 0x0e, 0x56, 0x4b, 0xab, 0x10, 0x56, 0x4c, 0xab, 0x12, 0x56, 0xfa,
    0x6e, 0x23, 0x57, 0x92, 0xd8, 0x00, 0xff, 0x45, 0xad, 0x14, 0x56, 0x46, 0xad, 0x16, 0x56, 0x47, 0xad, 0x18, 0x56,
    0x01, 0x00, 0x8f, 0xbf, 0x48, 0xad, 0x1a, 0x56, 0x49, 0xad, 0x1c, 0x56, 0x4a, 0xad, 0x1e, 0x56, 0x4b, 0xad, 0x20,
    0x56, 0x4c, 0xad, 0x22, 0x56, 0xfa, 0x28, 0x75, 0x07, 0x94, 0x80, 0x00, 0xff, 0x45, 0xaf, 0x24, 0x56, 0x46, 0xaf,
    0x26, 0x56, 0x47, 0xaf, 0x28, 0x56, 0x48, 0xaf, 0x2a, 0x56, 0x49, 0xaf, 0x2c, 0x56, 0x4a, 0xaf, 0x2e, 0x56, 0x4b,
    0xaf, 0x30, 0x56, 0x4c, 0xaf, 0x32, 0x56, 0xfa, 0x6e, 0x75, 0x57, 0x94, 0xd8, 0x00, 0xff, 0x45, 0xb1, 0x34, 0x56,
    0x46, 0xb1, 0x36, 0x56, 0x47, 0xb1, 0x38, 0x56, 0x48, 0xb1, 0x3a, 0x56, 0x49, 0xb1, 0x3c, 0x56, 0x4a, 0xb1, 0x3e,
    0x56, 0x4b, 0xb1, 0x40, 0x56, 0x4c, 0xb1, 0x42, 0x56, 0xfa, 0x26, 0x29, 0x07, 0x93, 0x80, 0x00, 0xff, 0x45, 0xb3,
    0x44, 0x56, 0x46, 0xb3, 0x46, 0x56, 0x47, 0xb3, 0x48, 0x56, 0x48, 0xb3, 0x4a, 0x56, 0x49, 0xb3, 0x4c, 0x56, 0x4a,
    0xb3, 0x4e, 0x56, 0x4b, 0xb3, 0x50, 0x56, 0x4c, 0xb3, 0x52, 0x56, 0xfa, 0x6e, 0x29, 0x57, 0x93, 0xd8, 0x00, 0xff,
    0x45, 0xb5, 0x54, 0x56, 0x46, 0xb5, 0x56, 0x56, 0x47, 0xb5, 0x58, 0x56, 0x48, 0xb5, 0x5a, 0x56, 0x49, 0xb5, 0x5c,
    0x56, 0x4a, 0xb5, 0x5e, 0x56, 0x4b, 0xb5, 0x60, 0x56, 0x4c, 0xb5, 0x62, 0x56, 0x91, 0x29, 0x27, 0x07, 0x45, 0xb7,
    0x64, 0x56, 0x46, 0xb7, 0x66, 0x56, 0x47, 0xb7, 0x68, 0x56, 0x48, 0xb7, 0x6a, 0x56, 0x49, 0xb7, 0x6c, 0x56, 0x4a,
    0xb7, 0x6e, 0x56, 0x4b, 0xb7, 0x70, 0x56, 0x4c, 0xb7, 0x72, 0x56, 0x92, 0x00, 0x03, 0xd5, 0xba, 0x27, 0x03, 0x18,
    0x45, 0xb9, 0x74, 0x56, 0x46, 0xb9, 0x76, 0x56, 0x47, 0xb9, 0x78, 0x56, 0x48, 0xb9, 0x7a, 0x56, 0x49, 0xb9, 0x7c,
    0x56, 0x4a, 0xb9, 0x7e, 0x56, 0x4b, 0xb9, 0x80, 0x56, 0x4c, 0xb9, 0x82, 0x56, 0x93, 0x00, 0x03, 0xd5, 0xba, 0x27,
    0x03, 0x38, 0x00, 0x81, 0x34, 0xd8, 0xab, 0x89, 0x00, 0x00, 0x80, 0x32, 0xfc, 0xdb, 0xaf, 0x00, 0x00, 0x45, 0x00,
    0x81, 0x34, 0xd8, 0xac, 0x8a, 0x00, 0x00, 0x80, 0x33, 0xfc, 0xdb, 0xaf, 0x00, 0x00, 0x49, 0x00, 0x81, 0x34, 0xd8,
    0xad, 0x8b, 0x00, 0x00, 0x80, 0x30, 0xfc, 0xdb, 0xa5, 0x00, 0x00, 0x55, 0x00, 0x81, 0x34, 0xd8, 0xae, 0x8c, 0x00,
    0x00, 0x00, 0x31, 0xfc, 0xdb, 0xa5, 0x00, 0x00, 0x59, 0x00, 0x00, 0x8f, 0xbf, 0x28, 0x45, 0x28, 0x80, 0x29, 0x80,
    0x29, 0x82, 0x00, 0x10, 0x30, 0xe0, 0x97, 0x87, 0x0a, 0x80, 0x00, 0x10, 0x30, 0xe0, 0x96, 0x86, 0x0a, 0x80, 0x00,
    0x10, 0x30, 0xe0, 0x98, 0x88, 0x0a, 0x80, 0x75, 0x48, 0x8c, 0xbf, 0x9a, 0x1b, 0x92, 0xbe, 0x48, 0xc1, 0x48, 0x80,
    0x01, 0x00, 0x85, 0xbf, 0x68, 0x01, 0x26, 0xbb, 0xfa, 0xcc, 0xca, 0x06, 0x66, 0x80, 0x00, 0xff, 0x4d, 0xbb, 0x04,
    0x56, 0x4e, 0xbb, 0x06, 0x56, 0x4f, 0xbb, 0x08, 0x56, 0x50, 0xbb, 0x0a, 0x56, 0x51, 0xbb, 0x0c, 0x56, 0x52, 0xbb,
    0x0e, 0x56, 0x53, 0xbb, 0x10, 0x56, 0x54, 0xbb, 0x12, 0x56, 0xfa, 0x6e, 0xcb, 0x56, 0x66, 0xd8, 0x00, 0xff, 0x4d,
    0xbd, 0x14, 0x56, 0x4e, 0xbd, 0x16, 0x56, 0x4f, 0xbd, 0x18, 0x56, 0x01, 0x00, 0x8f, 0xbf, 0x50, 0xbd, 0x1a, 0x56,
    0x51, 0xbd, 0x1c, 0x56, 0x52, 0xbd, 0x1e, 0x56, 0x53, 0xbd, 0x20, 0x56, 0x54, 0xbd, 0x22, 0x56, 0xfa, 0xd0, 0x74,
    0x07, 0x68, 0x80, 0x00, 0xff, 0x4d, 0xbf, 0x24, 0x56, 0x4e, 0xbf, 0x26, 0x56, 0x4f, 0xbf, 0x28, 0x56, 0x50, 0xbf,
    0x2a, 0x56, 0x51, 0xbf, 0x2c, 0x56, 0x52, 0xbf, 0x2e, 0x56, 0x53, 0xbf, 0x30, 0x56, 0x54, 0xbf, 0x32, 0x56, 0xfa,
    0x6e, 0x75, 0x57, 0x68, 0xd8, 0x00, 0xff, 0x4d, 0xc1, 0x34, 0x56, 0x4e, 0xc1, 0x36, 0x56, 0x4f, 0xc1, 0x38, 0x56,
    0x50, 0xc1, 0x3a, 0x56, 0x51, 0xc1, 0x3c, 0x56, 0x52, 0xc1, 0x3e, 0x56, 0x53, 0xc1, 0x40, 0x56, 0x54, 0xc1, 0x42,
    0x56, 0xfa, 0xce, 0xd0, 0x06, 0x67, 0x80, 0x00, 0xff, 0x4d, 0xc3, 0x44, 0x56, 0x4e, 0xc3, 0x46, 0x56, 0x4f, 0xc3,
    0x48, 0x56, 0x50, 0xc3, 0x4a, 0x56, 0x51, 0xc3, 0x4c, 0x56, 0x52, 0xc3, 0x4e, 0x56, 0x53, 0xc3, 0x50, 0x56, 0x54,
    0xc3, 0x52, 0x56, 0xfa, 0x6e, 0xd1, 0x56, 0x67, 0xd8, 0x00, 0xff, 0x4d, 0xc5, 0x54, 0x56, 0x4e, 0xc5, 0x56, 0x56,
    0x4f, 0xc5, 0x58, 0x56, 0x50, 0xc5, 0x5a, 0x56, 0x51, 0xc5, 0x5c, 0x56, 0x52, 0xc5, 0x5e, 0x56, 0x53, 0xc5, 0x60,
    0x56, 0x54, 0xc5, 0x62, 0x56, 0x65, 0xd1, 0xce, 0x06, 0x4d, 0xc7, 0x64, 0x56, 0x4e, 0xc7, 0x66, 0x56, 0x4f, 0xc7,
    0x68, 0x56, 0x50, 0xc7, 0x6a, 0x56, 0x51, 0xc7, 0x6c, 0x56, 0x52, 0xc7, 0x6e, 0x56, 0x53, 0xc7, 0x70, 0x56, 0x54,
    0xc7, 0x72, 0x56, 0x66, 0x00, 0x03, 0xd5, 0xba, 0xcf, 0x02, 0x18, 0x4d, 0xc9, 0x74, 0x56, 0x4e, 0xc9, 0x76, 0x56,
    0x4f, 0xc9, 0x78, 0x56, 0x50, 0xc9, 0x7a, 0x56, 0x51, 0xc9, 0x7c, 0x56, 0x52, 0xc9, 0x7e, 0x56, 0x53, 0xc9, 0x80,
    0x56, 0x54, 0xc9, 0x82, 0x56, 0x67, 0x00, 0x03, 0xd5, 0xba, 0xcf, 0x02, 0x38, 0x40, 0xa1, 0x34, 0xd8, 0xa7, 0x8d,
    0x00, 0x00, 0x80, 0x42, 0xfc, 0xdb, 0xaf, 0x00, 0x00, 0x4d, 0x40, 0xa1, 0x34, 0xd8, 0xa8, 0x8e, 0x00, 0x00, 0x80,
    0x43, 0xfc, 0xdb, 0xaf, 0x00, 0x00, 0x51, 0x40, 0xa1, 0x34, 0xd8, 0xa9, 0x8f, 0x00, 0x00, 0x80, 0x40, 0xfc, 0xdb,
    0xa5, 0x00, 0x00, 0x5d, 0x40, 0xa1, 0x34, 0xd8, 0xaa, 0x90, 0x00, 0x00, 0x00, 0x41, 0xfc, 0xdb, 0xa5, 0x00, 0x00,
    0x61, 0x00, 0x00, 0x8f, 0xbf, 0x28, 0x46, 0x28, 0x80, 0x29, 0x47, 0x29, 0x82, 0x00, 0x10, 0x30, 0xe0, 0x9b, 0x8b,
    0x0a, 0x80, 0x00, 0x10, 0x30, 0xe0, 0x9a, 0x8a, 0x0a, 0x80, 0x00, 0x10, 0x30, 0xe0, 0x9c, 0x8c, 0x0a, 0x80, 0x7f,
    0xc8, 0x8c, 0xbf, 0xc8, 0xff, 0xf8, 0xd8, 0x00, 0x00, 0x00, 0xbc, 0x9a, 0x1d, 0x92, 0xbe, 0x48, 0xc1, 0x48, 0x80,
    0x07, 0x00, 0x85, 0xbf, 0xf6, 0x00, 0x26, 0xbb, 0x00, 0x00, 0x80, 0xbf, 0x00, 0x00, 0x80, 0xbf, 0x00, 0x00, 0x80,
    0xbf, 0x00, 0x00, 0x80, 0xbf, 0x00, 0x00, 0x80, 0xbf, 0x00, 0x00, 0x80, 0xbf, 0xfa, 0xd4, 0xd2, 0x06, 0x6a, 0x80,
    0x00, 0xff, 0x45, 0xab, 0x04, 0x56, 0x46, 0xab, 0x06, 0x56, 0x47, 0xab, 0x08, 0x56, 0x48, 0xab, 0x0a, 0x56, 0x49,
    0xab, 0x0c, 0x56, 0x4a, 0xab, 0x0e, 0x56, 0x4b, 0xab, 0x10, 0x56, 0x4c, 0xab, 0x12, 0x56, 0xfa, 0x6e, 0xd3, 0x56,
    0x6a, 0xd8, 0x00, 0xff, 0x45, 0xad, 0x14, 0x56, 0x46, 0xad, 0x16, 0x56, 0x47, 0xad, 0x18, 0x56, 0x01, 0x00, 0x8f,
    0xbf, 0x48, 0xad, 0x1a, 0x56, 0x49, 0xad, 0x1c, 0x56, 0x4a, 0xad, 0x1e, 0x56, 0x4b, 0xad, 0x20, 0x56, 0x4c, 0xad,
    0x22, 0x56, 0xfa, 0xd8, 0x74, 0x07, 0x6c, 0x80, 0x00, 0xff, 0x45, 0xaf, 0x24, 0x56, 0x46, 0xaf, 0x26, 0x56, 0x47,
    0xaf, 0x28, 0x56, 0x48, 0xaf, 0x2a, 0x56, 0x49, 0xaf, 0x2c, 0x56, 0x4a, 0xaf, 0x2e, 0x56, 0x4b, 0xaf, 0x30, 0x56,
    0x4c, 0xaf, 0x32, 0x56, 0xfa, 0x6e, 0x75, 0x57, 0x6c, 0xd8, 0x00, 0xff, 0x45, 0xb1, 0x34, 0x56, 0x46, 0xb1, 0x36,
    0x56, 0x47, 0xb1, 0x38, 0x56, 0x48, 0xb1, 0x3a, 0x56, 0x49, 0xb1, 0x3c, 0x56, 0x4a, 0xb1, 0x3e, 0x56, 0x4b, 0xb1,
    0x40, 0x56, 0x4c, 0xb1, 0x42, 0x56, 0xfa, 0xd6, 0xd8, 0x06, 0x6b, 0x80, 0x00, 0xff, 0x45, 0xb3, 0x44, 0x56, 0x46,
    0xb3, 0x46, 0x56, 0x47, 0xb3, 0x48, 0x56, 0x48, 0xb3, 0x4a, 0x56, 0x49, 0xb3, 0x4c, 0x56, 0x4a, 0xb3, 0x4e, 0x56,
    0x4b, 0xb3, 0x50, 0x56, 0x4c, 0xb3, 0x52, 0x56, 0xfa, 0x6e, 0xd9, 0x56, 0x6b, 0xd8, 0x00, 0xff, 0x45, 0xb5, 0x54,
    0x56, 0x46, 0xb5, 0x56, 0x56, 0x47, 0xb5, 0x58, 0x56, 0x48, 0xb5, 0x5a, 0x56, 0x49, 0xb5, 0x5c, 0x56, 0x4a, 0xb5,
    0x5e, 0x56, 0x4b, 0xb5, 0x60, 0x56, 0x4c, 0xb5, 0x62, 0x56, 0x69, 0xd9, 0xd6, 0x06, 0x45, 0xb7, 0x64, 0x56, 0x46,
    0xb7, 0x66, 0x56, 0x47, 0xb7, 0x68, 0x56, 0x48, 0xb7, 0x6a, 0x56, 0x49, 0xb7, 0x6c, 0x56, 0x4a, 0xb7, 0x6e, 0x56,
    0x4b, 0xb7, 0x70, 0x56, 0x4c, 0xb7, 0x72, 0x56, 0x6a, 0x00, 0x03, 0xd5, 0xba, 0xd7, 0x02, 0x18, 0x45, 0xb9, 0x74,
    0x56, 0x46, 0xb9, 0x76, 0x56, 0x47, 0xb9, 0x78, 0x56, 0x48, 0xb9, 0x7a, 0x56, 0x49, 0xb9, 0x7c, 0x56, 0x4a, 0xb9,
    0x7e, 0x56, 0x4b, 0xb9, 0x80, 0x56, 0x4c, 0xb9, 0x82, 0x56, 0x6b, 0x00, 0x03, 0xd5, 0xba, 0xd7, 0x02, 0x38, 0x40,
    0xa1, 0x34, 0xd8, 0xab, 0x91, 0x00, 0x00, 0xc0, 0x52, 0xfc, 0xdb, 0xaf, 0x00, 0x00, 0x45, 0x40, 0xa1, 0x34, 0xd8,
    0xac, 0x92, 0x00, 0x00, 0xc0, 0x53, 0xfc, 0xdb, 0xaf, 0x00, 0x00, 0x49, 0x40, 0xa1, 0x34, 0xd8, 0xad, 0x93, 0x00,
    0x00, 0xc0, 0x50, 0xfc, 0xdb, 0xa5, 0x00, 0x00, 0x55, 0x40, 0xa1, 0x34, 0xd8, 0xae, 0x94, 0x00, 0x00, 0x40, 0x51,
    0xfc, 0xdb, 0xa5, 0x00, 0x00, 0x59, 0x00, 0x00, 0x8f, 0xbf, 0xff, 0x03, 0xfc, 0xbe, 0xc8, 0xff, 0x02, 0x00, 0x28,
    0x45, 0x28, 0x80, 0x29, 0x80, 0x29, 0x82, 0x00, 0x10, 0x30, 0xe0, 0x97, 0x8f, 0x0a, 0x80, 0x00, 0x10, 0x30, 0xe0,
    0x96, 0x8e, 0x0a, 0x80, 0x00, 0x10, 0x30, 0xe0, 0x98, 0x90, 0x0a, 0x80, 0x75, 0x48, 0x8c, 0xbf, 0x9a, 0x1b, 0x92,
    0xbe, 0x48, 0xc1, 0x48, 0x80, 0x07, 0x00, 0x85, 0xbf, 0x7e, 0x00, 0x26, 0xbb, 0x00, 0x00, 0x80, 0xbf, 0x00, 0x00,
    0x80, 0xbf, 0x00, 0x00, 0x80, 0xbf, 0x00, 0x00, 0x80, 0xbf, 0x00, 0x00, 0x80, 0xbf, 0x00, 0x00, 0x80, 0xbf, 0xfa,
    0xdc, 0xda, 0x06, 0x6e, 0x80, 0x00, 0xff, 0x4d, 0xbb, 0x04, 0x56, 0x4e, 0xbb, 0x06, 0x56, 0x4f, 0xbb, 0x08, 0x56,
    0x50, 0xbb, 0x0a, 0x56, 0x51, 0xbb, 0x0c, 0x56, 0x52, 0xbb, 0x0e, 0x56, 0x53, 0xbb, 0x10, 0x56, 0x54, 0xbb, 0x12,
    0x56, 0xfa, 0x6e, 0xdb, 0x56, 0x6e, 0xd8, 0x00, 0xff, 0x4d, 0xbd, 0x14, 0x56, 0x4e, 0xbd, 0x16, 0x56, 0x4f, 0xbd,
    0x18, 0x56, 0x01, 0x00, 0x8f, 0xbf, 0x50, 0xbd, 0x1a, 0x56, 0x51, 0xbd, 0x1c, 0x56, 0x52, 0xbd, 0x1e, 0x56, 0x53,
    0xbd, 0x20, 0x56, 0x54, 0xbd, 0x22, 0x56, 0xfa, 0xe0, 0x74, 0x07, 0x70, 0x80, 0x00, 0xff, 0x4d, 0xbf, 0x24, 0x56,
    0x4e, 0xbf, 0x26, 0x56, 0x4f, 0xbf, 0x28, 0x56, 0x50, 0xbf, 0x2a, 0x56, 0x51, 0xbf, 0x2c, 0x56, 0x52, 0xbf, 0x2e,
    0x56, 0x53, 0xbf, 0x30, 0x56, 0x54, 0xbf, 0x32, 0x56, 0xfa, 0x6e, 0x75, 0x57, 0x70, 0xd8, 0x00, 0xff, 0x4d, 0xc1,
    0x34, 0x56, 0x4e, 0xc1, 0x36, 0x56, 0x4f, 0xc1, 0x38, 0x56, 0x50, 0xc1, 0x3a, 0x56, 0x51, 0xc1, 0x3c, 0x56, 0x52,
    0xc1, 0x3e, 0x56, 0x53, 0xc1, 0x40, 0x56, 0x54, 0xc1, 0x42, 0x56, 0xfa, 0xde, 0xe0, 0x06, 0x6f, 0x80, 0x00, 0xff,
    0x4d, 0xc3, 0x44, 0x56, 0x4e, 0xc3, 0x46, 0x56, 0x4f, 0xc3, 0x48, 0x56, 0x50, 0xc3, 0x4a, 0x56, 0x51, 0xc3, 0x4c,
    0x56, 0x52, 0xc3, 0x4e, 0x56, 0x53, 0xc3, 0x50, 0x56, 0x54, 0xc3, 0x52, 0x56, 0xfa, 0x6e, 0xe1, 0x56, 0x6f, 0xd8,
    0x00, 0xff, 0x4d, 0xc5, 0x54, 0x56, 0x4e, 0xc5, 0x56, 0x56, 0x4f, 0xc5, 0x58, 0x56, 0x50, 0xc5, 0x5a, 0x56, 0x51,
    0xc5, 0x5c, 0x56, 0x52, 0xc5, 0x5e, 0x56, 0x53, 0xc5, 0x60, 0x56, 0x54, 0xc5, 0x62, 0x56, 0x6d, 0xe1, 0xde, 0x06,
    0x4d, 0xc7, 0x64, 0x56, 0x4e, 0xc7, 0x66, 0x56, 0x4f, 0xc7, 0x68, 0x56, 0x50, 0xc7, 0x6a, 0x56, 0x51, 0xc7, 0x6c,
    0x56, 0x52, 0xc7, 0x6e, 0x56, 0x53, 0xc7, 0x70, 0x56, 0x54, 0xc7, 0x72, 0x56, 0x6e, 0x00, 0x03, 0xd5, 0xba, 0xdf,
    0x02, 0x18, 0x4d, 0xc9, 0x74, 0x56, 0x4e, 0xc9, 0x76, 0x56, 0x4f, 0xc9, 0x78, 0x56, 0x50, 0xc9, 0x7a, 0x56, 0x51,
    0xc9, 0x7c, 0x56, 0x52, 0xc9, 0x7e, 0x56, 0x53, 0xc9, 0x80, 0x56, 0x54, 0xc9, 0x82, 0x56, 0x6f, 0x00, 0x03, 0xd5,
    0xba, 0xdf, 0x02, 0x38, 0x6a, 0x00, 0xc2, 0xd4, 0xfe, 0xb6, 0x00, 0x00, 0xfd, 0xff, 0x86, 0xbf, 0x00, 0x00, 0x34,
    0xd8, 0xa7, 0x65, 0x00, 0x00, 0xc0, 0x62, 0xfc, 0xdb, 0xaf, 0x00, 0x00, 0x4d, 0x00, 0x00, 0x34, 0xd8, 0xa8, 0x66,
    0x00, 0x00, 0xc0, 0x63, 0xfc, 0xdb, 0xaf, 0x00, 0x00, 0x51, 0x00, 0x00, 0x34, 0xd8, 0xa9, 0x67, 0x00, 0x00, 0xc0,
    0x60, 0xfc, 0xdb, 0xa5, 0x00, 0x00, 0x5d, 0x00, 0x00, 0x34, 0xd8, 0xaa, 0x68, 0x00, 0x00, 0x40, 0x61, 0xfc, 0xdb,
    0xa5, 0x00, 0x00, 0x61, 0x00, 0x00, 0x8f, 0xbf, 0x28, 0x46, 0x28, 0x80, 0x29, 0x47, 0x29, 0x82, 0x00, 0x10, 0x30,
    0xe0, 0x9b, 0x93, 0x0a, 0x80, 0x00, 0x10, 0x30, 0xe0, 0x9a, 0x92, 0x0a, 0x80, 0x00, 0x10, 0x30, 0xe0, 0x9c, 0x94,
    0x0a, 0x80, 0x7f, 0xc8, 0x8c, 0xbf, 0x9a, 0x1d, 0x92, 0xbe, 0x48, 0xc1, 0x48, 0x80, 0x76, 0xfa, 0x85, 0xbf, 0x05,
    0x00, 0x26, 0xbb, 0x74, 0xfa, 0x82, 0xbf, 0x00, 0x00, 0x80, 0xbf, 0x00, 0x00, 0x80, 0xbf, 0x00, 0x00, 0x80, 0xbf,
    0x00, 0x00, 0x80, 0xbf, 0x00, 0x00, 0x00, 0x7e, 0x52, 0x80, 0x06, 0xbf, 0x06, 0x00, 0x84, 0xbf, 0xcc, 0x02, 0x82,
    0xbf, 0x12, 0x9a, 0x0d, 0xbf, 0x45, 0x46, 0x34, 0x85, 0x80, 0x47, 0x35, 0x85, 0x28, 0x34, 0xa8, 0x80, 0x29, 0x35,
    0xa9, 0x82, 0x5e, 0x80, 0x06, 0xbf, 0x05, 0x00, 0x84, 0xbf, 0xe4, 0x02, 0x85, 0xbf, 0x00, 0x00, 0x80, 0xbf, 0x00,
    0x00, 0x80, 0xbf, 0x00, 0x00, 0x80, 0xbf, 0x00, 0x00, 0x80, 0xbf, 0x52, 0x5e, 0xc8, 0x83, 0x52, 0x48, 0xd2, 0x80,
    0x5e, 0x48, 0xde, 0x80, 0x48, 0x81, 0xc8, 0x80, 0x26, 0x20, 0x80, 0xbe, 0x00, 0x00, 0x80, 0xbf, 0x00, 0x00, 0x80,
    0xbf, 0x00, 0x00, 0x80, 0xbf, 0x12, 0x91, 0x0d, 0xbf, 0xfd, 0x00, 0x85, 0xbf, 0x58, 0x11, 0x58, 0x80, 0x58, 0x80,
    0x06, 0xbf, 0xfa, 0x00, 0x85, 0xbf, 0x80, 0x03, 0xd9, 0xbe, 0x12, 0x90, 0x0d, 0xbf, 0xef, 0x00, 0x85, 0xbf, 0x10,
    0x9f, 0x57, 0x80, 0x57, 0x85, 0x57, 0x90, 0x58, 0x02, 0x7c, 0x7f, 0x57, 0x7c, 0x7d, 0x17, 0xbe, 0x6a, 0x0f, 0xd7,
    0x11, 0x7c, 0x03, 0x00, 0xbe, 0x6a, 0x10, 0xd7, 0xbe, 0x03, 0x01, 0x00, 0x11, 0x72, 0x82, 0x7f, 0xc2, 0x00, 0x1a,
    0xd5, 0xc1, 0x23, 0x00, 0x00, 0xff, 0x84, 0x87, 0x37, 0x00, 0xff, 0xff, 0xff, 0xff, 0x84, 0x85, 0x7d, 0x00, 0x00,
    0x00, 0x80, 0xc3, 0x0d, 0x86, 0x7f, 0xc3, 0x55, 0x7a, 0x7f, 0xa0, 0x82, 0x81, 0x53, 0xc2, 0x23, 0x82, 0x7f, 0xc3,
    0x00, 0x4b, 0xd5, 0xc3, 0x7b, 0xcf, 0x03, 0xc3, 0x00, 0x4b, 0xd5, 0xc1, 0x7b, 0x0f, 0x07, 0xc3, 0x7b, 0x87, 0x5b,
    0x00, 0x00, 0x00, 0x9f, 0xff, 0x86, 0x87, 0x11, 0x00, 0x00, 0x80, 0x5f, 0x80, 0x02, 0x82, 0x7f, 0xc3, 0x00, 0x8d,
    0xd5, 0xc3, 0x01, 0x00, 0x20, 0xbd, 0x00, 0x46, 0xd7, 0xbd, 0x13, 0x0d, 0x07, 0xc1, 0x6a, 0x76, 0xd5, 0xc2, 0x7b,
    0x07, 0x07, 0xbd, 0x6a, 0x29, 0xd5, 0xbd, 0x83, 0xa9, 0x01, 0xc1, 0x00, 0x6a, 0xd5, 0xbe, 0x7b, 0x03, 0x00, 0xbd,
    0x6a, 0x0f, 0xd7, 0xc1, 0x7d, 0x03, 0x00, 0xc1, 0x6a, 0x28, 0xd5, 0x80, 0x00, 0xa9, 0x01, 0xa0, 0x80, 0x85, 0x7d,
    0xbd, 0x83, 0x7b, 0x03, 0xbd, 0x00, 0x4e, 0xd5, 0xc1, 0x7b, 0x03, 0x07, 0xbd, 0x05, 0xac, 0x7e, 0xbd, 0x00, 0x0b,
    0xd5, 0xbd, 0x11, 0x00, 0x00, 0x57, 0x72, 0x82, 0x7f, 0xc2, 0x00, 0x1a, 0xd5, 0xc1, 0xaf, 0x00, 0x00, 0xff, 0x84,
    0x87, 0x37, 0x00, 0xff, 0xff, 0xff, 0xff, 0x84, 0x85, 0x7d, 0x00, 0x00, 0x00, 0x80, 0xc3, 0x0d, 0x86, 0x7f, 0xc3,
    0x55, 0x7c, 0x7f, 0xa0, 0x82, 0x81, 0x53, 0xc2, 0x23, 0x82, 0x7f, 0xc3, 0x00, 0x4b, 0xd5, 0xc3, 0x7d, 0xcf, 0x03,
    0xc3, 0x00, 0x4b, 0xd5, 0xc1, 0x7d, 0x0f, 0x07, 0xc3, 0x7d, 0x87, 0x5b, 0x00, 0x00, 0x00, 0x9f, 0xff, 0x86, 0x87,
    0x11, 0x00, 0x00, 0x80, 0x5f, 0x80, 0x02, 0x82, 0x7f, 0xc3, 0x00, 0x8d, 0xd5, 0xc3, 0x01, 0x00, 0x20, 0xbe, 0x00,
    0x46, 0xd7, 0xbe, 0x13, 0x0d, 0x07, 0xc1, 0x6a, 0x76, 0xd5, 0xc2, 0x7d, 0x07, 0x07, 0xbe, 0x6a, 0x29, 0xd5, 0xbe,
    0x83, 0xa9, 0x01, 0xc1, 0x00, 0x6a, 0xd5, 0xbd, 0x7d, 0x03, 0x00, 0xbe, 0x6a, 0x0f, 0xd7, 0xc1, 0x7b, 0x03, 0x00,
    0xc1, 0x6a, 0x28, 0xd5, 0x80, 0x00, 0xa9, 0x01, 0xa0, 0x80, 0x85, 0x7d, 0xbe, 0x83, 0x7d, 0x03, 0xbe, 0x00, 0x4e,
    0xd5, 0xc1, 0x7d, 0x03, 0x07, 0xbd, 0x05, 0x68, 0x7e, 0xbe, 0x05, 0xa8, 0x7e, 0x54, 0x57, 0x54, 0x93, 0x34, 0x54,
    0xd4, 0x80, 0xbe, 0x6a, 0x10, 0xd7, 0x08, 0x7c, 0x03, 0x00, 0xbe, 0x6a, 0x10, 0xd7, 0x11, 0x7c, 0x03, 0x00, 0xc0,
    0x00, 0x1b, 0xd5, 0x01, 0x7f, 0x01, 0x00, 0x6a, 0x00, 0xc2, 0xd4, 0xc0, 0x01, 0x01, 0x00, 0x81, 0x7c, 0x7d, 0x03,
    0x80, 0x4b, 0xba, 0x80, 0x80, 0x4a, 0xbb, 0x80, 0xc2, 0x00, 0x0b, 0xd5, 0xbe, 0x41, 0x01, 0x00, 0x3a, 0x72, 0x88,
    0x7f, 0xc5, 0x00, 0x1a, 0xd5, 0xc4, 0x75, 0x00, 0x00, 0xff, 0x8a, 0x8d, 0x37, 0x00, 0xff, 0xff, 0xff, 0xff, 0x8a,
    0x85, 0x7d, 0x00, 0x00, 0x00, 0x80, 0xc6, 0x0d, 0x8c, 0x7f, 0xc6, 0x55, 0x80, 0x7f, 0xa0, 0x88, 0x87, 0x53, 0xc5,
    0x23, 0x88, 0x7f, 0xc6, 0x00, 0x4b, 0xd5, 0xc6, 0x81, 0xcf, 0x03, 0xc6, 0x00, 0x4b, 0xd5, 0xc4, 0x81, 0x1b, 0x07,
    0xc6, 0x81, 0x8d, 0x5b, 0x00, 0x00, 0x00, 0x9f, 0xff, 0x8c, 0x8d, 0x11, 0x00, 0x00, 0x80, 0x5f, 0x80, 0x02, 0x88,
    0x7f, 0xc6, 0x00, 0x8d, 0xd5, 0xc6, 0x01, 0x00, 0x20, 0xc0, 0x00, 0x46, 0xd7, 0xc0, 0x13, 0x19, 0x07, 0xc4, 0x6a,
    0x76, 0xd5, 0xc5, 0x81, 0x13, 0x07, 0xc0, 0x6a, 0x29, 0xd5, 0xc0, 0x83, 0xa9, 0x01, 0xc4, 0x00, 0x6a, 0xd5, 0xc2,
    0x81, 0x03, 0x00, 0xc0, 0x6a, 0x0f, 0xd7, 0xc4, 0x85, 0x03, 0x00, 0xc4, 0x6a, 0x28, 0xd5, 0x80, 0x00, 0xa9, 0x01,
    0xa0, 0x86, 0x85, 0x7d, 0xc0, 0x89, 0x81, 0x03, 0xc0, 0x00, 0x4e, 0xd5, 0xc4, 0x81, 0x0f, 0x07, 0xc1, 0x00, 0x42,
    0xd5, 0xc0, 0x97, 0x08, 0x07, 0xc2, 0x00, 0x0b, 0xd5, 0xc0, 0x03, 0x01, 0x00, 0x3b, 0x72, 0x88, 0x7f, 0xc5, 0x00,
    0x1a, 0xd5, 0xc4, 0x77, 0x00, 0x00, 0xff, 0x8a, 0x8d, 0x37, 0x00, 0xff, 0xff, 0xff, 0xff, 0x8a, 0x85, 0x7d, 0x00,
    0x00, 0x00, 0x80, 0xc6, 0x0d, 0x8c, 0x7f, 0xc6, 0x55, 0x80, 0x7f, 0xa0, 0x88, 0x87, 0x53, 0xc5, 0x23, 0x88, 0x7f,
    0xc6, 0x00, 0x4b, 0xd5, 0xc6, 0x81, 0xcf, 0x03, 0xc6, 0x00, 0x4b, 0xd5, 0xc4, 0x81, 0x1b, 0x07, 0xc6, 0x81, 0x8d,
    0x5b, 0x00, 0x00, 0x00, 0x9f, 0xff, 0x8c, 0x8d, 0x11, 0x00, 0x00, 0x80, 0x5f, 0x80, 0x02, 0x88, 0x7f, 0xc6, 0x00,
    0x8d, 0xd5, 0xc6, 0x01, 0x00, 0x20, 0xc0, 0x00, 0x46, 0xd7, 0xc0, 0x13, 0x19, 0x07, 0xc4, 0x6a, 0x76, 0xd5, 0xc5,
    0x81, 0x13, 0x07, 0xc0, 0x6a, 0x29, 0xd5, 0xc0, 0x83, 0xa9, 0x01, 0xc4, 0x00, 0x6a, 0xd5, 0xc2, 0x81, 0x03, 0x00,
    0xc0, 0x6a, 0x0f, 0xd7, 0xc4, 0x85, 0x03, 0x00, 0xc4, 0x6a, 0x28, 0xd5, 0x80, 0x00, 0xa9, 0x01, 0xa0, 0x86, 0x85,
    0x7d, 0xc0, 0x89, 0x81, 0x03, 0xc0, 0x00, 0x4e, 0xd5, 0xc4, 0x81, 0x0f, 0x07, 0xc2, 0x00, 0x42, 0xd5, 0xc0, 0x95,
    0x08, 0x07, 0xc1, 0x05, 0x98, 0x7e, 0xc2, 0x05, 0x9a, 0x7e, 0xc0, 0x05, 0x9c, 0x7e, 0xb3, 0x6a, 0x0f, 0xd7, 0x4c,
    0x66, 0x03, 0x00, 0xc3, 0x6a, 0x28, 0xd5, 0x80, 0x00, 0xa9, 0x01, 0xb3, 0x00, 0x42, 0xd5, 0xc3, 0x97, 0xcc, 0x06,
    0xb5, 0x00, 0x42, 0xd5, 0xc3, 0xa1, 0xd4, 0x06, 0xb4, 0x00, 0x42, 0xd5, 0xc3, 0x9f, 0xd0, 0x06, 0x6a, 0x00, 0x86,
    0xd4, 0xb4, 0x01, 0x01, 0x00, 0xc3, 0x6a, 0x28, 0xd5, 0x80, 0x00, 0xa9, 0x01, 0xb5, 0x6a, 0x0f, 0xd7, 0xb5, 0x87,
    0x03, 0x00, 0xb4, 0x00, 0x42, 0xd5, 0xc3, 0x95, 0xd0, 0x06, 0xb4, 0x6a, 0x0f, 0xd7, 0x4d, 0x68, 0x03, 0x00, 0xc3,
    0x6a, 0x28, 0xd5, 0x80, 0x00, 0xa9, 0x01, 0xb5, 0x6a, 0x0f, 0xd7, 0xb5, 0x87, 0x03, 0x00, 0xb4, 0x00, 0x42, 0xd5,
    0xc3, 0x95, 0xd0, 0x06, 0xb5, 0x6a, 0x0f, 0xd7, 0x4e, 0x6a, 0x03, 0x00, 0x4c, 0x00, 0x60, 0xd7, 0xc1, 0x03, 0x01,
    0x00, 0x4d, 0x00, 0x60, 0xd7, 0xc2, 0x03, 0x01, 0x00, 0x4e, 0x00, 0x60, 0xd7, 0xc0, 0x03, 0x01, 0x00, 0x54, 0x56,
    0x55, 0x80, 0x55, 0x57, 0x0b, 0xbf, 0xff, 0x80, 0x34, 0x85, 0x00, 0x00, 0x02, 0x00, 0x55, 0x57, 0x55, 0x85, 0x12,
    0x34, 0x12, 0x88, 0x54, 0x85, 0x54, 0x8f, 0x55, 0x85, 0x55, 0x8f, 0x55, 0x10, 0xd5, 0x83, 0x08, 0x11, 0x06, 0xbf,
    0xff, 0x80, 0x34, 0x85, 0x00, 0x00, 0x02, 0x00, 0x12, 0x34, 0x12, 0x88, 0x12, 0x34, 0x12, 0x88, 0x90, 0x1d, 0x92,
    0xbe, 0x30, 0x00, 0x82, 0xbf, 0x54, 0x85, 0x54, 0x90, 0x54, 0x56, 0x55, 0x80, 0x55, 0x57, 0xd5, 0x80, 0x80, 0x03,
    0xd4, 0xbe, 0x55, 0x85, 0x55, 0x8f, 0x55, 0x10, 0xd5, 0x83, 0x91, 0x1d, 0x92, 0xbe, 0x0c, 0x00, 0x82, 0xbf, 0x92,
    0x1d, 0x92, 0xbe, 0x80, 0x03, 0xab, 0xbe, 0xc1, 0x03, 0xc9, 0xbe, 0xa8, 0x03, 0xd2, 0xbe, 0x24, 0x00, 0x82, 0xbf,
    0x53, 0xa0, 0x53, 0x80, 0x53, 0x55, 0x09, 0xbf, 0x21, 0x00, 0x84, 0xbf, 0x96, 0x1d, 0x92, 0xbe, 0x58, 0x11, 0xd8,
    0x80, 0x59, 0x80, 0xd9, 0x82, 0xf5, 0xfe, 0x85, 0xbf, 0xb3, 0x6a, 0x0f, 0xd7, 0x4c, 0x66, 0x03, 0x00, 0xbd, 0x6a,
    0x28, 0xd5, 0x80, 0x00, 0xa9, 0x01, 0xb3, 0x00, 0x42, 0xd5, 0xbd, 0x97, 0xcc, 0x06, 0xb5, 0x00, 0x42, 0xd5, 0xbd,
    0xa1, 0xd4, 0x06, 0xb4, 0x00, 0x42, 0xd5, 0xbd, 0x9f, 0xd0, 0x06, 0x6a, 0x00, 0x86, 0xd4, 0xb4, 0x01, 0x01, 0x00,
    0xbd, 0x6a, 0x28, 0xd5, 0x80, 0x00, 0xa9, 0x01, 0xb5, 0x6a, 0x0f, 0xd7, 0xb5, 0x7b, 0x03, 0x00, 0xb4, 0x00, 0x42,
    0xd5, 0xbd, 0x95, 0xd0, 0x06, 0xb4, 0x6a, 0x0f, 0xd7, 0x4d, 0x68, 0x03, 0x00, 0xbd, 0x6a, 0x28, 0xd5, 0x80, 0x00,
    0xa9, 0x01, 0xb5, 0x6a, 0x0f, 0xd7, 0xb5, 0x7b, 0x03, 0x00, 0xb4, 0x00, 0x42, 0xd5, 0xbd, 0x95, 0xd0, 0x06, 0xb5,
    0x6a, 0x0f, 0xd7, 0x4e, 0x6a, 0x03, 0x00, 0x54, 0x03, 0xd3, 0xbe, 0xff, 0x02, 0x86, 0x7d, 0x00, 0x01, 0x00, 0x00,
    0xff, 0x00, 0x86, 0xbf, 0xbd, 0x6a, 0x19, 0xd7, 0x4b, 0x66, 0x03, 0x00, 0xbe, 0x6a, 0x19, 0xd7, 0x4a, 0x68, 0x03,
    0x00, 0x12, 0x96, 0x0d, 0xbf, 0x42, 0x00, 0x84, 0xbf, 0x96, 0x1b, 0x92, 0xbe, 0x12, 0xff, 0xb4, 0x93, 0x14, 0x00,
    0x01, 0x00, 0x82, 0x7a, 0x85, 0x17, 0x82, 0x7c, 0x87, 0x17, 0xc5, 0x00, 0x6a, 0xd7, 0xc2, 0x87, 0x03, 0x00, 0xc2,
    0x00, 0x1b, 0xd5, 0x01, 0x03, 0x01, 0x00, 0x6a, 0x00, 0xc2, 0xd4, 0xc2, 0x03, 0x01, 0x00, 0xb5, 0x8b, 0x8b, 0x03,
    0x81, 0x02, 0x82, 0x2d, 0xc6, 0x00, 0x48, 0xd5, 0xc1, 0x69, 0x04, 0x02, 0x81, 0x02, 0x82, 0x2d, 0xc1, 0x00, 0x4a,
    0xd5, 0x81, 0x02, 0x06, 0x07, 0x82, 0x02, 0x84, 0x2d, 0xc2, 0x00, 0x4a, 0xd5, 0x81, 0x02, 0x0a, 0x07, 0x6a, 0x00,
    0xc2, 0xd4, 0x34, 0x00, 0x01, 0x00, 0xc2, 0x83, 0x83, 0x03, 0x81, 0x34, 0xb4, 0x80, 0x34, 0x82, 0x85, 0x2d, 0xc1,
    0x00, 0x4a, 0xd5, 0xa0, 0x84, 0x07, 0x07, 0xbf, 0x82, 0x83, 0x37, 0xc2, 0x6a, 0x0f, 0xd7, 0x90, 0x82, 0x03, 0x00,
    0xc3, 0x00, 0x1b, 0xd5, 0x01, 0x05, 0x01, 0x00, 0x6a, 0x00, 0xc2, 0xd4, 0xc3, 0x01, 0x01, 0x00, 0xc2, 0x83, 0x85,
    0x03, 0x8e, 0x8c, 0x87, 0x35, 0xc2, 0x00, 0x43, 0xd5, 0x84, 0x84, 0x0f, 0x07, 0xc1, 0x6a, 0x0f, 0xd7, 0x60, 0x84,
    0x03, 0x00, 0x00, 0x00, 0x34, 0xd8, 0xc1, 0xc5, 0x00, 0x00, 0xc3, 0x00, 0x61, 0xd7, 0x12, 0x00, 0x01, 0x00, 0xc3,
    0x00, 0x61, 0xd7, 0x55, 0x02, 0x01, 0x00, 0xc3, 0x00, 0x61, 0xd7, 0x54, 0x04, 0x01, 0x00, 0xc1, 0x00, 0x1b, 0xd5,
    0x01, 0x7f, 0x01, 0x00, 0x6a, 0x00, 0xc6, 0xd4, 0xc1, 0x07, 0x01, 0x00, 0xff, 0x02, 0x88, 0x7f, 0x00, 0x40, 0x00,
    0x00, 0xc1, 0x89, 0x83, 0x03, 0xc1, 0x00, 0x42, 0xd5, 0xc1, 0x09, 0x81, 0x01, 0x00, 0x01, 0x34, 0xd8, 0xc1, 0xc3,
    0x00, 0x00, 0x60, 0xff, 0x60, 0x80, 0x8c, 0x01, 0x00, 0x00, 0x60, 0xff, 0x06, 0xbf, 0xc0, 0xff, 0x00, 0x00, 0xff,
    0x60, 0x60, 0x85, 0xe0, 0xc1, 0x00, 0x00, 0xfa, 0x02, 0x7e, 0x7f, 0xb5, 0x00, 0x00, 0xff, 0xfa, 0x02, 0x7a, 0x7f,
    0xbd, 0x00, 0x00, 0xff, 0xfa, 0x02, 0x7c, 0x7f, 0xbe, 0x00, 0x00, 0xff, 0xbf, 0x05, 0xa2, 0x7e, 0xc0, 0x6a, 0x10,
    0xd7, 0xbf, 0xa3, 0x00, 0x00, 0xc0, 0x00, 0x69, 0xd5, 0xc0, 0x83, 0x00, 0x00, 0xc4, 0x00, 0x1b, 0xd5, 0x01, 0x07,
    0x01, 0x00, 0xc5, 0x00, 0x18, 0xd5, 0x80, 0x3e, 0x00, 0x00, 0xc4, 0x6a, 0x19, 0xd7, 0xc5, 0x89, 0x03, 0x00, 0xc5,
    0x00, 0x18, 0xd5, 0x80, 0x7c, 0x00, 0x00, 0xc1, 0x00, 0x42, 0xd5, 0xc5, 0x07, 0x11, 0x07, 0x12, 0xff, 0xb4, 0x93,
    0x14, 0x00, 0x01, 0x00, 0x82, 0x02, 0x86, 0x2d, 0x34, 0x86, 0x87, 0x37, 0xc1, 0x00, 0x42, 0xd5, 0xc3, 0x07, 0x05,
    0x07, 0xc2, 0x6a, 0x0f, 0xd7, 0x80, 0x7e, 0x00, 0x00, 0x80, 0x84, 0x85, 0x31, 0xc3, 0x6a, 0x0f, 0xd7, 0x80, 0x3c,
    0x00, 0x00, 0x80, 0x86, 0x87, 0x31, 0xc2, 0x00, 0x76, 0xd7, 0xc2, 0x87, 0x03, 0x00, 0x0f, 0x82, 0x36, 0x8f, 0x34,
    0x00, 0xc6, 0xd4, 0xbf, 0x19, 0x00, 0x00, 0xbd, 0x00, 0x42, 0xd5, 0xbd, 0x05, 0x05, 0x07, 0x38, 0x00, 0xc6, 0xd4,
    0xbd, 0x1f, 0x00, 0x00, 0xbd, 0x00, 0x42, 0xd5, 0x84, 0x7a, 0x03, 0x07, 0x38, 0x34, 0xb8, 0x88, 0xbe, 0x00, 0x42,
    0xd5, 0xbe, 0x05, 0x09, 0x07, 0x3a, 0x00, 0xc6, 0xd4, 0xbe, 0x1d, 0x00, 0x00, 0x38, 0x3a, 0xba, 0x88, 0x95, 0x00,
    0x43, 0xd5, 0xbe, 0x6d, 0xf4, 0x06, 0x95, 0x00, 0x01, 0xd5, 0x95, 0x83, 0xe9, 0x00, 0xbe, 0x6a, 0x0f, 0xd7, 0x81,
    0x7c, 0x03, 0x00, 0x3a, 0x00, 0xc6, 0xd4, 0xbe, 0x1d, 0x00, 0x00, 0x38, 0x3a, 0xba, 0x88, 0x96, 0x00, 0x43, 0xd5,
    0xbe, 0x6d, 0xf4, 0x06, 0x96, 0x00, 0x01, 0xd5, 0x96, 0x83, 0xe9, 0x00, 0xbe, 0x6a, 0x0f, 0xd7, 0x81, 0x7c, 0x03,
    0x00, 0x3a, 0x00, 0xc6, 0xd4, 0xbe, 0x1d, 0x00, 0x00, 0x38, 0x3a, 0xba, 0x88, 0x97, 0x00, 0x43, 0xd5, 0xbe, 0x6d,
    0xf4, 0x06, 0x97, 0x00, 0x01, 0xd5, 0x97, 0x83, 0xe9, 0x00, 0xbe, 0x6a, 0x0f, 0xd7, 0x81, 0x7c, 0x03, 0x00, 0x3a,
    0x00, 0xc6, 0xd4, 0xbe, 0x1d, 0x00, 0x00, 0x38, 0x3a, 0xba, 0x88, 0x98, 0x00, 0x43, 0xd5, 0xbe, 0x6d, 0xf4, 0x06,
    0x98, 0x00, 0x01, 0xd5, 0x98, 0x83, 0xe9, 0x00, 0x12, 0x94, 0x0d, 0xbf, 0x3c, 0x00, 0x84, 0xbf, 0xfa, 0x02, 0x7e,
    0x7f, 0xb5, 0xaa, 0x00, 0xff, 0xfa, 0x02, 0x7a, 0x7f, 0xb3, 0xaa, 0x00, 0xff, 0xfa, 0x02, 0x7c, 0x7f, 0xb4, 0xaa,
    0x00, 0xff, 0x34, 0x00, 0xc6, 0xd4, 0xbf, 0x19, 0x00, 0x00, 0xc0, 0x6a, 0x10, 0xd7, 0xbf, 0xa3, 0x00, 0x00, 0xc0,
    0x00, 0x69, 0xd5, 0xc0, 0x83, 0x00, 0x00, 0xbd, 0x6a, 0x10, 0xd7, 0xbd, 0x97, 0x00, 0x00, 0xbe, 0x6a, 0x10, 0xd7,
    0xbe, 0x95, 0x00, 0x00, 0xbd, 0x00, 0x42, 0xd5, 0xbd, 0x05, 0x05, 0x07, 0x38, 0x00, 0xc6, 0xd4, 0xbd, 0x1f, 0x00,
    0x00, 0xbd, 0x00, 0x42, 0xd5, 0x84, 0x7a, 0x03, 0x07, 0x38, 0x34, 0xb8, 0x88, 0xbe, 0x00, 0x42, 0xd5, 0xbe, 0x05,
    0x09, 0x07, 0x3a, 0x00, 0xc6, 0xd4, 0xbe, 0x1d, 0x00, 0x00, 0x38, 0x3a, 0xba, 0x88, 0x99, 0x00, 0x43, 0xd5, 0xbe,
    0x6d, 0xf4, 0x06, 0x99, 0x00, 0x01, 0xd5, 0x99, 0x83, 0xe9, 0x00, 0xbe, 0x6a, 0x0f, 0xd7, 0x81, 0x7c, 0x03, 0x00,
    0x3a, 0x00, 0xc6, 0xd4, 0xbe, 0x1d, 0x00, 0x00, 0x38, 0x3a, 0xba, 0x88, 0x9a, 0x00, 0x43, 0xd5, 0xbe, 0x6d, 0xf4,
    0x06, 0x9a, 0x00, 0x01, 0xd5, 0x9a, 0x83, 0xe9, 0x00, 0xbe, 0x6a, 0x0f, 0xd7, 0x81, 0x7c, 0x03, 0x00, 0x3a, 0x00,
    0xc6, 0xd4, 0xbe, 0x1d, 0x00, 0x00, 0x38, 0x3a, 0xba, 0x88, 0x9b, 0x00, 0x43, 0xd5, 0xbe, 0x6d, 0xf4, 0x06, 0x9b,
    0x00, 0x01, 0xd5, 0x9b, 0x83, 0xe9, 0x00, 0xbe, 0x6a, 0x0f, 0xd7, 0x81, 0x7c, 0x03, 0x00, 0x3a, 0x00, 0xc6, 0xd4,
    0xbe, 0x1d, 0x00, 0x00, 0x38, 0x3a, 0xba, 0x88, 0x9c, 0x00, 0x43, 0xd5, 0xbe, 0x6d, 0xf4, 0x06, 0x9c, 0x00, 0x01,
    0xd5, 0x9c, 0x83, 0xe9, 0x00, 0x1a, 0x00, 0x82, 0xbf, 0x12, 0x98, 0x0d, 0xbf, 0x44, 0x80, 0x34, 0x85, 0xbd, 0x6a,
    0x0f, 0xd7, 0x95, 0x69, 0x00, 0x00, 0x6a, 0x00, 0xc2, 0xd4, 0x95, 0x83, 0x01, 0x00, 0x99, 0x00, 0x01, 0xd5, 0xbd,
    0x83, 0xa9, 0x01, 0xbd, 0x6a, 0x0f, 0xd7, 0x96, 0x69, 0x00, 0x00, 0x6a, 0x00, 0xc2, 0xd4, 0x96, 0x83, 0x01, 0x00,
    0x9a, 0x00, 0x01, 0xd5, 0xbd, 0x83, 0xa9, 0x01, 0xbd, 0x6a, 0x0f, 0xd7, 0x97, 0x69, 0x00, 0x00, 0x6a, 0x00, 0xc2,
    0xd4, 0x97, 0x83, 0x01, 0x00, 0x9b, 0x00, 0x01, 0xd5, 0xbd, 0x83, 0xa9, 0x01, 0xbd, 0x6a, 0x0f, 0xd7, 0x98, 0x69,
    0x00, 0x00, 0x6a, 0x00, 0xc2, 0xd4, 0x98, 0x83, 0x01, 0x00, 0x9c, 0x00, 0x01, 0xd5, 0xbd, 0x83, 0xa9, 0x01, 0x12,
    0x92, 0x0d, 0xbf, 0x97, 0x00, 0x85, 0xbf, 0xc1, 0x90, 0x34, 0x90, 0x34, 0x41, 0x34, 0x87, 0x41, 0x90, 0x35, 0x90,
    0x35, 0x51, 0x35, 0x93, 0x34, 0x51, 0x28, 0x93, 0x35, 0x90, 0x34, 0x8f, 0x35, 0x90, 0x35, 0x90, 0x34, 0x28, 0x28,
    0x80, 0x35, 0x80, 0x29, 0x82, 0x28, 0x14, 0x28, 0x80, 0x29, 0x15, 0x29, 0x82, 0x7f, 0x00, 0x82, 0xbf, 0x12, 0x92,
    0x0d, 0xbf, 0x89, 0x00, 0x85, 0xbf, 0x12, 0xff, 0xb4, 0x93, 0x14, 0x00, 0x01, 0x00, 0xbd, 0x00, 0x48, 0xd5, 0x01,
    0x01, 0x09, 0x02, 0x82, 0x7a, 0x7b, 0x27, 0xbf, 0x00, 0x48, 0xd5, 0x01, 0x05, 0xd1, 0x00, 0xbd, 0x00, 0x43, 0xd5,
    0xbf, 0x07, 0xf5, 0x06, 0xbd, 0x00, 0x43, 0xd5, 0x3e, 0x06, 0xf5, 0x06, 0xbf, 0x6a, 0x10, 0xd7, 0x1d, 0x7a, 0x03,
    0x00, 0xbf, 0x6a, 0x10, 0xd7, 0xbf, 0x03, 0x01, 0x00, 0x12, 0xff, 0xb6, 0x93, 0x01, 0x00, 0x01, 0x00, 0x6a, 0x00,
    0xc2, 0xd4, 0x36, 0x02, 0x01, 0x00, 0xbd, 0x7f, 0x7b, 0x03, 0x34, 0x00, 0xc6, 0xd4, 0xbd, 0x3b, 0x00, 0x00, 0x82,
    0x7a, 0x7b, 0x35, 0x12, 0xff, 0xb6, 0x93, 0x18, 0x00, 0x01, 0x00, 0xc0, 0x00, 0x48, 0xd5, 0x01, 0x05, 0xd9, 0x00,
    0xc0, 0x00, 0x69, 0xd5, 0x44, 0x80, 0x03, 0x00, 0xbd, 0x6a, 0x0f, 0xd7, 0xbd, 0x81, 0x03, 0x00, 0xbe, 0x00, 0x69,
    0xd5, 0x5a, 0x6c, 0x03, 0x00, 0xbe, 0x6a, 0x0f, 0xd7, 0xbe, 0x7b, 0x03, 0x00, 0x1c, 0x3f, 0xb6, 0x80, 0x36, 0x83,
    0xb6, 0x80, 0x12, 0x80, 0x0d, 0xbf, 0x36, 0x3f, 0x36, 0x85, 0x36, 0x02, 0x80, 0x7f, 0x1d, 0x82, 0x39, 0x8f, 0x36,
    0x00, 0xc6, 0xd4, 0xc0, 0x39, 0x00, 0x00, 0x95, 0x00, 0x42, 0xd5, 0xc0, 0x73, 0xf8, 0x06, 0x36, 0x34, 0xb6, 0x88,
    0x95, 0x00, 0x01, 0xd5, 0x95, 0x83, 0xd9, 0x00, 0x95, 0x03, 0x2c, 0x7f, 0xc0, 0x6a, 0x0f, 0xd7, 0xc0, 0x03, 0x01,
    0x00, 0x36, 0x00, 0xc6, 0xd4, 0xc0, 0x39, 0x00, 0x00, 0x98, 0x00, 0x42, 0xd5, 0xc0, 0x73, 0xf8, 0x06, 0x36, 0x34,
    0xb6, 0x88, 0x98, 0x00, 0x01, 0xd5, 0x98, 0x83, 0xd9, 0x00, 0xc0, 0x6a, 0x0f, 0xd7, 0xc0, 0x03, 0x01, 0x00, 0x36,
    0x00, 0xc6, 0xd4, 0xc0, 0x39, 0x00, 0x00, 0x97, 0x00, 0x42, 0xd5, 0xc0, 0x73, 0xf8, 0x06, 0x36, 0x34, 0xb6, 0x88,
    0x97, 0x00, 0x01, 0xd5, 0x97, 0x83, 0xd9, 0x00, 0x5a, 0x83, 0x34, 0x8f, 0x12, 0xff, 0x35, 0x87, 0x00, 0x00, 0x10,
    0x01, 0x34, 0x80, 0x34, 0x85, 0xbd, 0x6a, 0x0f, 0xd7, 0x95, 0x69, 0x00, 0x00, 0x6a, 0x00, 0xc2, 0xd4, 0x95, 0x83,
    0x01, 0x00, 0x99, 0x00, 0x01, 0xd5, 0xbd, 0x83, 0xa9, 0x01, 0xbd, 0x6a, 0x0f, 0xd7, 0x96, 0x69, 0x00, 0x00, 0x6a,
    0x00, 0xc2, 0xd4, 0x96, 0x83, 0x01, 0x00, 0x9a, 0x00, 0x01, 0xd5, 0xbd, 0x83, 0xa9, 0x01, 0xbd, 0x6a, 0x0f, 0xd7,
    0x97, 0x69, 0x00, 0x00, 0x6a, 0x00, 0xc2, 0xd4, 0x97, 0x83, 0x01, 0x00, 0x9b, 0x00, 0x01, 0xd5, 0xbd, 0x83, 0xa9,
    0x01, 0xbd, 0x6a, 0x0f, 0xd7, 0x98, 0x69, 0x00, 0x00, 0x6a, 0x00, 0xc2, 0xd4, 0x98, 0x83, 0x01, 0x00, 0x9c, 0x00,
    0x01, 0xd5, 0xbd, 0x83, 0xa9, 0x01, 0xbd, 0x6a, 0x0f, 0xd7, 0xb6, 0xa7, 0x00, 0x00, 0x6a, 0x00, 0xc1, 0xd4, 0xbd,
    0x21, 0x00, 0x00, 0xc1, 0x2a, 0x2b, 0x03, 0xc1, 0x2c, 0x2d, 0x03, 0xc1, 0x2e, 0x2f, 0x03, 0xc1, 0x30, 0x31, 0x03,
    0x12, 0xff, 0x34, 0x87, 0x00, 0x00, 0x10, 0x01, 0x04, 0x00, 0x84, 0xbf, 0xbd, 0x6a, 0x0f, 0xd7, 0xbd, 0x11, 0x01,
    0x00, 0x6a, 0x00, 0xc1, 0xd4, 0xbd, 0x21, 0x00, 0x00, 0xc1, 0x32, 0x33, 0x03, 0xc1, 0x34, 0x35, 0x03, 0xc1, 0x36,
    0x37, 0x03, 0xc1, 0x38, 0x39, 0x03, 0xc1, 0x90, 0x34, 0x90, 0x34, 0x5a, 0x34, 0x87, 0x5a, 0x90, 0x35, 0x90, 0x35,
    0x53, 0x35, 0x93, 0x34, 0x53, 0x28, 0x93, 0x35, 0x90, 0x34, 0x8f, 0x35, 0x90, 0x35, 0x90, 0x34, 0x28, 0x28, 0x80,
    0x35, 0x80, 0x29, 0x82, 0x28, 0x16, 0x28, 0x80, 0x29, 0x17, 0x29, 0x82, 0xff, 0x03, 0xab, 0xbe, 0x00, 0x40, 0x01,
    0x31, 0xc1, 0x03, 0xc9, 0xbe, 0x12, 0xff, 0xb4, 0x93, 0x14, 0x00, 0x01, 0x00, 0x0d, 0x34, 0x52, 0x8f, 0x12, 0x94,
    0x0d, 0xbf, 0x80, 0xff, 0x34, 0x85, 0x00, 0x00, 0x00, 0x02, 0x0d, 0x80, 0x0d, 0xbf, 0x34, 0x80, 0x34, 0x85, 0x12,
    0x34, 0x12, 0x89, 0x36, 0xfd, 0x82, 0xbf, 0x00, 0x00, 0x80, 0xbf, 0x00, 0x00, 0x80, 0xbf, 0xff, 0x12, 0x34, 0x87,
    0x00, 0x00, 0x90, 0x00, 0x3e, 0x81, 0xbe, 0x82, 0x6c, 0xfe, 0x84, 0xbf, 0xff, 0x12, 0x34, 0x87, 0x00, 0x00, 0x90,
    0x00, 0x3d, 0x81, 0xbe, 0x82, 0x3f, 0x83, 0x3f, 0x80, 0x3f, 0x1c, 0x09, 0xbf, 0x66, 0xfe, 0x84, 0xbf, 0x80, 0x03,
    0xbf, 0xbe, 0x40, 0xfe, 0x82, 0xbf, 0x00, 0x00, 0x80, 0xbf, 0x00, 0x00, 0x80, 0xbf, 0x00, 0x00, 0x80, 0xbf, 0x00,
    0x00, 0x80, 0xbf, 0x00, 0x00, 0x80, 0xbf, 0x00, 0x00, 0x80, 0xbf, 0x00, 0x00, 0x80, 0xbf, 0x00, 0x00, 0x80, 0xbf,
    0x00, 0x00, 0x80, 0xbf, 0x00, 0x00, 0x80, 0xbf, 0x00, 0x00, 0x80, 0xbf, 0x00, 0x00, 0x80, 0xbf, 0x00, 0x00, 0x80,
    0xbf, 0x00, 0x00, 0x80, 0xbf, 0x00, 0x00, 0x80, 0xbf, 0x00, 0x00, 0x80, 0xbf, 0x00, 0x00, 0x80, 0xbf, 0x00, 0x00,
    0x80, 0xbf, 0x00, 0x00, 0x80, 0xbf, 0x00, 0x00, 0x80, 0xbf, 0xfa, 0x70, 0x09, 0x56, 0x04, 0x4e, 0x00, 0xfc, 0xfa,
    0x70, 0x0b, 0x56, 0x05, 0x4e, 0x00, 0xfc, 0xfa, 0x70, 0x05, 0x56, 0x02, 0x4e, 0x00, 0xfc, 0xfa, 0x70, 0x07, 0x56,
    0x03, 0x4e, 0x00, 0xfc, 0xfa, 0x06, 0x06, 0x06, 0x04, 0x40, 0x01, 0xff, 0xfa, 0x04, 0x04, 0x06, 0x05, 0x40, 0x01,
    0xff, 0x00, 0x00, 0x80, 0xbf, 0xfa, 0x72, 0x07, 0x56, 0x03, 0xb1, 0x00, 0xf6, 0xfa, 0x72, 0x05, 0x56, 0x02, 0xb1,
    0x00, 0xf6, 0x00, 0x00, 0x80, 0xbf, 0xfa, 0x04, 0x04, 0x06, 0x03, 0x41, 0x01, 0xff, 0xfa, 0x70, 0x11, 0x56, 0x08,
    0x4e, 0x00, 0xfc, 0xfa, 0x70, 0x13, 0x56, 0x09, 0x4e, 0x00, 0xfc, 0xfa, 0x70, 0x0d, 0x56, 0x06, 0x4e, 0x00, 0xfc,
    0xfa, 0x70, 0x0f, 0x56, 0x07, 0x4e, 0x00, 0xfc, 0xfa, 0x0e, 0x0e, 0x06, 0x08, 0x40, 0x01, 0xff, 0xfa, 0x0c, 0x0c,
    0x06, 0x09, 0x40, 0x01, 0xff, 0x00, 0x00, 0x80, 0xbf, 0xfa, 0x72, 0x0f, 0x56, 0x07, 0xb1, 0x00, 0xf6, 0xfa, 0x72,
    0x0d, 0x56, 0x06, 0xb1, 0x00, 0xf6, 0x00, 0x00, 0x80, 0xbf, 0xfa, 0x0c, 0x06, 0x06, 0x07, 0x41, 0x01, 0xff, 0xfa,
    0x70, 0x19, 0x56, 0x0c, 0x4e, 0x00, 0xfc, 0xfa, 0x70, 0x1b, 0x56, 0x0d, 0x4e, 0x00, 0xfc, 0xfa, 0x70, 0x15, 0x56,
    0x0a, 0x4e, 0x00, 0xfc, 0xfa, 0x70, 0x17, 0x56, 0x0b, 0x4e, 0x00, 0xfc, 0xfa, 0x16, 0x16, 0x06, 0x0c, 0x40, 0x01,
    0xff, 0xfa, 0x14, 0x14, 0x06, 0x0d, 0x40, 0x01, 0xff, 0x00, 0x00, 0x80, 0xbf, 0xfa, 0x72, 0x17, 0x56, 0x0b, 0xb1,
    0x00, 0xf6, 0xfa, 0x72, 0x15, 0x56, 0x0a, 0xb1, 0x00, 0xf6, 0x00, 0x00, 0x80, 0xbf, 0xfa, 0x14, 0x08, 0x06, 0x0b,
    0x41, 0x01, 0xff, 0xfa, 0x70, 0x21, 0x56, 0x10, 0x4e, 0x00, 0xfc, 0xfa, 0x70, 0x23, 0x56, 0x11, 0x4e, 0x00, 0xfc,
    0xfa, 0x70, 0x1d, 0x56, 0x0e, 0x4e, 0x00, 0xfc, 0xfa, 0x70, 0x1f, 0x56, 0x0f, 0x4e, 0x00, 0xfc, 0xfa, 0x1e, 0x1e,
    0x06, 0x10, 0x40, 0x01, 0xff, 0xfa, 0x1c, 0x1c, 0x06, 0x11, 0x40, 0x01, 0xff, 0x00, 0x00, 0x80, 0xbf, 0xfa, 0x72,
    0x1f, 0x56, 0x0f, 0xb1, 0x00, 0xf6, 0xfa, 0x72, 0x1d, 0x56, 0x0e, 0xb1, 0x00, 0xf6, 0x00, 0x00, 0x80, 0xbf, 0xfa,
    0x1c, 0x0a, 0x06, 0x0f, 0x41, 0x01, 0xff, 0xfa, 0x70, 0x29, 0x56, 0x14, 0x4e, 0x00, 0xfc, 0xfa, 0x70, 0x2b, 0x56,
    0x15, 0x4e, 0x00, 0xfc, 0xfa, 0x70, 0x25, 0x56, 0x12, 0x4e, 0x00, 0xfc, 0xfa, 0x70, 0x27, 0x56, 0x13, 0x4e, 0x00,
    0xfc, 0xfa, 0x26, 0x26, 0x06, 0x14, 0x40, 0x01, 0xff, 0xfa, 0x24, 0x24, 0x06, 0x15, 0x40, 0x01, 0xff, 0x00, 0x00,
    0x80, 0xbf, 0xfa, 0x72, 0x27, 0x56, 0x13, 0xb1, 0x00, 0xf6, 0xfa, 0x72, 0x25, 0x56, 0x12, 0xb1, 0x00, 0xf6, 0x00,
    0x00, 0x80, 0xbf, 0xfa, 0x24, 0x0c, 0x06, 0x13, 0x41, 0x01, 0xff, 0xfa, 0x70, 0x31, 0x56, 0x18, 0x4e, 0x00, 0xfc,
    0xfa, 0x70, 0x33, 0x56, 0x19, 0x4e, 0x00, 0xfc, 0xfa, 0x70, 0x2d, 0x56, 0x16, 0x4e, 0x00, 0xfc, 0xfa, 0x70, 0x2f,
    0x56, 0x17, 0x4e, 0x00, 0xfc, 0xfa, 0x2e, 0x2e, 0x06, 0x18, 0x40, 0x01, 0xff, 0xfa, 0x2c, 0x2c, 0x06, 0x19, 0x40,
    0x01, 0xff, 0x00, 0x00, 0x80, 0xbf, 0xfa, 0x72, 0x2f, 0x56, 0x17, 0xb1, 0x00, 0xf6, 0xfa, 0x72, 0x2d, 0x56, 0x16,
    0xb1, 0x00, 0xf6, 0x00, 0x00, 0x80, 0xbf, 0xfa, 0x2c, 0x0e, 0x06, 0x17, 0x41, 0x01, 0xff, 0xfa, 0x70, 0x39, 0x56,
    0x1c, 0x4e, 0x00, 0xfc, 0xfa, 0x70, 0x3b, 0x56, 0x1d, 0x4e, 0x00, 0xfc, 0xfa, 0x70, 0x35, 0x56, 0x1a, 0x4e, 0x00,
    0xfc, 0xfa, 0x70, 0x37, 0x56, 0x1b, 0x4e, 0x00, 0xfc, 0xfa, 0x36, 0x36, 0x06, 0x1c, 0x40, 0x01, 0xff, 0xfa, 0x34,
    0x34, 0x06, 0x1d, 0x40, 0x01, 0xff, 0x00, 0x00, 0x80, 0xbf, 0xfa, 0x72, 0x37, 0x56, 0x1b, 0xb1, 0x00, 0xf6, 0xfa,
    0x72, 0x35, 0x56, 0x1a, 0xb1, 0x00, 0xf6, 0x00, 0x00, 0x80, 0xbf, 0xfa, 0x34, 0x10, 0x06, 0x1b, 0x41, 0x01, 0xff,
    0xfa, 0x70, 0x41, 0x56, 0x20, 0x4e, 0x00, 0xfc, 0xfa, 0x70, 0x43, 0x56, 0x21, 0x4e, 0x00, 0xfc, 0xfa, 0x70, 0x3d,
    0x56, 0x1e, 0x4e, 0x00, 0xfc, 0xfa, 0x70, 0x3f, 0x56, 0x1f, 0x4e, 0x00, 0xfc, 0xfa, 0x3e, 0x3e, 0x06, 0x20, 0x40,
    0x01, 0xff, 0xfa, 0x3c, 0x3c, 0x06, 0x21, 0x40, 0x01, 0xff, 0x00, 0x00, 0x80, 0xbf, 0xfa, 0x72, 0x3f, 0x56, 0x1f,
    0xb1, 0x00, 0xf6, 0xfa, 0x72, 0x3d, 0x56, 0x1e, 0xb1, 0x00, 0xf6, 0x00, 0x00, 0x80, 0xbf, 0xfa, 0x3c, 0x12, 0x06,
    0x1f, 0x41, 0x01, 0xff, 0xfa, 0x70, 0x49, 0x56, 0x24, 0x4e, 0x00, 0xfc, 0xfa, 0x70, 0x4b, 0x56, 0x25, 0x4e, 0x00,
    0xfc, 0xfa, 0x70, 0x45, 0x56, 0x22, 0x4e, 0x00, 0xfc, 0xfa, 0x70, 0x47, 0x56, 0x23, 0x4e, 0x00, 0xfc, 0xfa, 0x46,
    0x46, 0x06, 0x24, 0x40, 0x01, 0xff, 0xfa, 0x44, 0x44, 0x06, 0x25, 0x40, 0x01, 0xff, 0x00, 0x00, 0x80, 0xbf, 0xfa,
    0x72, 0x47, 0x56, 0x23, 0xb1, 0x00, 0xf6, 0xfa, 0x72, 0x45, 0x56, 0x22, 0xb1, 0x00, 0xf6, 0x00, 0x00, 0x80, 0xbf,
    0xfa, 0x44, 0x14, 0x06, 0x23, 0x41, 0x01, 0xff, 0xfa, 0x70, 0x51, 0x56, 0x28, 0x4e, 0x00, 0xfc, 0xfa, 0x70, 0x53,
    0x56, 0x29, 0x4e, 0x00, 0xfc, 0xfa, 0x70, 0x4d, 0x56, 0x26, 0x4e, 0x00, 0xfc, 0xfa, 0x70, 0x4f, 0x56, 0x27, 0x4e,
    0x00, 0xfc, 0xfa, 0x4e, 0x4e, 0x06, 0x28, 0x40, 0x01, 0xff, 0xfa, 0x4c, 0x4c, 0x06, 0x29, 0x40, 0x01, 0xff, 0x00,
    0x00, 0x80, 0xbf, 0xfa, 0x72, 0x4f, 0x56, 0x27, 0xb1, 0x00, 0xf6, 0xfa, 0x72, 0x4d, 0x56, 0x26, 0xb1, 0x00, 0xf6,
    0x00, 0x00, 0x80, 0xbf, 0xfa, 0x4c, 0x16, 0x06, 0x27, 0x41, 0x01, 0xff, 0xfa, 0x70, 0x59, 0x56, 0x2c, 0x4e, 0x00,
    0xfc, 0xfa, 0x70, 0x5b, 0x56, 0x2d, 0x4e, 0x00, 0xfc, 0xfa, 0x70, 0x55, 0x56, 0x2a, 0x4e, 0x00, 0xfc, 0xfa, 0x70,
    0x57, 0x56, 0x2b, 0x4e, 0x00, 0xfc, 0xfa, 0x56, 0x56, 0x06, 0x2c, 0x40, 0x01, 0xff, 0xfa, 0x54, 0x54, 0x06, 0x2d,
    0x40, 0x01, 0xff, 0x00, 0x00, 0x80, 0xbf, 0xfa, 0x72, 0x57, 0x56, 0x2b, 0xb1, 0x00, 0xf6, 0xfa, 0x72, 0x55, 0x56,
    0x2a, 0xb1, 0x00, 0xf6, 0x00, 0x00, 0x80, 0xbf, 0xfa, 0x54, 0x18, 0x06, 0x2b, 0x41, 0x01, 0xff, 0xfa, 0x70, 0x61,
    0x56, 0x30, 0x4e, 0x00, 0xfc, 0xfa, 0x70, 0x63, 0x56, 0x31, 0x4e, 0x00, 0xfc, 0xfa, 0x70, 0x5d, 0x56, 0x2e, 0x4e,
    0x00, 0xfc, 0xfa, 0x70, 0x5f, 0x56, 0x2f, 0x4e, 0x00, 0xfc, 0xfa, 0x5e, 0x5e, 0x06, 0x30, 0x40, 0x01, 0xff, 0xfa,
    0x5c, 0x5c, 0x06, 0x31, 0x40, 0x01, 0xff, 0x00, 0x00, 0x80, 0xbf, 0xfa, 0x72, 0x5f, 0x56, 0x2f, 0xb1, 0x00, 0xf6,
    0xfa, 0x72, 0x5d, 0x56, 0x2e, 0xb1, 0x00, 0xf6, 0x00, 0x00, 0x80, 0xbf, 0xfa, 0x5c, 0x1a, 0x06, 0x2f, 0x41, 0x01,
    0xff, 0xfa, 0x70, 0x69, 0x56, 0x34, 0x4e, 0x00, 0xfc, 0xfa, 0x70, 0x6b, 0x56, 0x35, 0x4e, 0x00, 0xfc, 0xfa, 0x70,
    0x65, 0x56, 0x32, 0x4e, 0x00, 0xfc, 0xfa, 0x70, 0x67, 0x56, 0x33, 0x4e, 0x00, 0xfc, 0xfa, 0x66, 0x66, 0x06, 0x34,
    0x40, 0x01, 0xff, 0xfa, 0x64, 0x64, 0x06, 0x35, 0x40, 0x01, 0xff, 0x00, 0x00, 0x80, 0xbf, 0xfa, 0x72, 0x67, 0x56,
    0x33, 0xb1, 0x00, 0xf6, 0xfa, 0x72, 0x65, 0x56, 0x32, 0xb1, 0x00, 0xf6, 0x00, 0x00, 0x80, 0xbf, 0xfa, 0x64, 0x1c,
    0x06, 0x33, 0x41, 0x01, 0xff, 0xfa, 0x70, 0x71, 0x56, 0x38, 0x4e, 0x00, 0xfc, 0xfa, 0x70, 0x73, 0x56, 0x39, 0x4e,
    0x00, 0xfc, 0xfa, 0x70, 0x6d, 0x56, 0x36, 0x4e, 0x00, 0xfc, 0xfa, 0x70, 0x6f, 0x56, 0x37, 0x4e, 0x00, 0xfc, 0xfa,
    0x6e, 0x6e, 0x06, 0x38, 0x40, 0x01, 0xff, 0xfa, 0x6c, 0x6c, 0x06, 0x39, 0x40, 0x01, 0xff, 0x00, 0x00, 0x80, 0xbf,
    0xfa, 0x72, 0x6f, 0x56, 0x37, 0xb1, 0x00, 0xf6, 0xfa, 0x72, 0x6d, 0x56, 0x36, 0xb1, 0x00, 0xf6, 0x00, 0x00, 0x80,
    0xbf, 0xfa, 0x6c, 0x1e, 0x06, 0x37, 0x41, 0x01, 0xff, 0xfa, 0x70, 0x79, 0x56, 0x3c, 0x4e, 0x00, 0xfc, 0xfa, 0x70,
    0x7b, 0x56, 0x3d, 0x4e, 0x00, 0xfc, 0xfa, 0x70, 0x75, 0x56, 0x3a, 0x4e, 0x00, 0xfc, 0xfa, 0x70, 0x77, 0x56, 0x3b,
    0x4e, 0x00, 0xfc, 0xfa, 0x76, 0x76, 0x06, 0x3c, 0x40, 0x01, 0xff, 0xfa, 0x74, 0x74, 0x06, 0x3d, 0x40, 0x01, 0xff,
    0x00, 0x00, 0x80, 0xbf, 0xfa, 0x72, 0x77, 0x56, 0x3b, 0xb1, 0x00, 0xf6, 0xfa, 0x72, 0x75, 0x56, 0x3a, 0xb1, 0x00,
    0xf6, 0x00, 0x00, 0x80, 0xbf, 0xfa, 0x74, 0x20, 0x06, 0x3b, 0x41, 0x01, 0xff, 0xfa, 0x70, 0x81, 0x56, 0x40, 0x4e,
    0x00, 0xfc, 0xfa, 0x70, 0x83, 0x56, 0x41, 0x4e, 0x00, 0xfc, 0xfa, 0x70, 0x7d, 0x56, 0x3e, 0x4e, 0x00, 0xfc, 0xfa,
    0x70, 0x7f, 0x56, 0x3f, 0x4e, 0x00, 0xfc, 0xfa, 0x7e, 0x7e, 0x06, 0x40, 0x40, 0x01, 0xff, 0xfa, 0x7c, 0x7c, 0x06,
    0x41, 0x40, 0x01, 0xff, 0x00, 0x00, 0x80, 0xbf, 0xfa, 0x72, 0x7f, 0x56, 0x3f, 0xb1, 0x00, 0xf6, 0xfa, 0x72, 0x7d,
    0x56, 0x3e, 0xb1, 0x00, 0xf6, 0x00, 0x00, 0x80, 0xbf, 0xfa, 0x7c, 0x22, 0x06, 0x3f, 0x41, 0x01, 0xff, 0x70, 0x3f,
    0x8c, 0xbf, 0x37, 0x00, 0x60, 0xd7, 0xbb, 0x01, 0x01, 0x00, 0x02, 0x00, 0x03, 0xd5, 0x02, 0x6f, 0x00, 0x00, 0xbd,
    0x00, 0x08, 0xd5, 0x02, 0x49, 0x00, 0x00, 0x6a, 0x00, 0x01, 0xd4, 0x02, 0x01, 0x01, 0x00, 0x02, 0x7b, 0x05, 0x02,
    0x03, 0x00, 0x03, 0xd5, 0x03, 0x6f, 0x00, 0x00, 0xbd, 0x00, 0x08, 0xd5, 0x03, 0x49, 0x00, 0x00, 0x6a, 0x00, 0x01,
    0xd4, 0x03, 0x01, 0x01, 0x00, 0x03, 0x7b, 0x07, 0x02, 0x00, 0x10, 0x70, 0xe0, 0x9d, 0x02, 0x0b, 0x80, 0x00, 0x10,
    0x70, 0xe0, 0xa1, 0x03, 0x0b, 0x80, 0x00, 0x00, 0x00, 0x7e, 0x2c, 0x43, 0x2c, 0x80, 0x2d, 0x80, 0x2d, 0x82, 0x5d,
    0x81, 0xdd, 0x80, 0x80, 0x2f, 0x2f, 0x85, 0x37, 0x00, 0x60, 0xd7, 0xbb, 0x03, 0x01, 0x00, 0x04, 0x00, 0x03, 0xd5,
    0x04, 0x6f, 0x00, 0x00, 0xbd, 0x00, 0x08, 0xd5, 0x04, 0x49, 0x00, 0x00, 0x6a, 0x00, 0x01, 0xd4, 0x04, 0x01, 0x01,
    0x00, 0x04, 0x7b, 0x09, 0x02, 0x05, 0x00, 0x03, 0xd5, 0x05, 0x6f, 0x00, 0x00, 0xbd, 0x00, 0x08, 0xd5, 0x05, 0x49,
    0x00, 0x00, 0x6a, 0x00, 0x01, 0xd4, 0x05, 0x01, 0x01, 0x00, 0x05, 0x7b, 0x0b, 0x02, 0x00, 0x10, 0x70, 0xe0, 0x9d,
    0x04, 0x0b, 0x80, 0x00, 0x10, 0x70, 0xe0, 0xa1, 0x05, 0x0b, 0x80, 0x00, 0x00, 0x00, 0x7e, 0x2c, 0x43, 0x2c, 0x80,
    0x2d, 0x80, 0x2d, 0x82, 0x5d, 0x81, 0xdd, 0x80, 0x80, 0x2f, 0x2f, 0x85, 0x37, 0x00, 0x60, 0xd7, 0xbb, 0x05, 0x01,
    0x00, 0x06, 0x00, 0x03, 0xd5, 0x06, 0x6f, 0x00, 0x00, 0xbd, 0x00, 0x08, 0xd5, 0x06, 0x49, 0x00, 0x00, 0x6a, 0x00,
    0x01, 0xd4, 0x06, 0x01, 0x01, 0x00, 0x06, 0x7b, 0x0d, 0x02, 0x07, 0x00, 0x03, 0xd5, 0x07, 0x6f, 0x00, 0x00, 0xbd,
    0x00, 0x08, 0xd5, 0x07, 0x49, 0x00, 0x00, 0x6a, 0x00, 0x01, 0xd4, 0x07, 0x01, 0x01, 0x00, 0x07, 0x7b, 0x0f, 0x02,
    0x00, 0x10, 0x70, 0xe0, 0x9d, 0x06, 0x0b, 0x80, 0x00, 0x10, 0x70, 0xe0, 0xa1, 0x07, 0x0b, 0x80, 0x00, 0x00, 0x00,
    0x7e, 0x2c, 0x43, 0x2c, 0x80, 0x2d, 0x80, 0x2d, 0x82, 0x5d, 0x81, 0xdd, 0x80, 0x80, 0x2f, 0x2f, 0x85, 0x37, 0x00,
    0x60, 0xd7, 0xbb, 0x07, 0x01, 0x00, 0x08, 0x00, 0x03, 0xd5, 0x08, 0x6f, 0x00, 0x00, 0xbd, 0x00, 0x08, 0xd5, 0x08,
    0x49, 0x00, 0x00, 0x6a, 0x00, 0x01, 0xd4, 0x08, 0x01, 0x01, 0x00, 0x08, 0x7b, 0x11, 0x02, 0x09, 0x00, 0x03, 0xd5,
    0x09, 0x6f, 0x00, 0x00, 0xbd, 0x00, 0x08, 0xd5, 0x09, 0x49, 0x00, 0x00, 0x6a, 0x00, 0x01, 0xd4, 0x09, 0x01, 0x01,
    0x00, 0x09, 0x7b, 0x13, 0x02, 0x00, 0x10, 0x70, 0xe0, 0x9d, 0x08, 0x0b, 0x80, 0x00, 0x10, 0x70, 0xe0, 0xa1, 0x09,
    0x0b, 0x80, 0x00, 0x00, 0x00, 0x7e, 0x2c, 0x43, 0x2c, 0x80, 0x2d, 0x80, 0x2d, 0x82, 0x5d, 0x81, 0xdd, 0x80, 0x80,
    0x2f, 0x2f, 0x85, 0x43, 0x82, 0x34, 0x8f, 0x2c, 0x34, 0x2c, 0x80, 0x2d, 0x80, 0x2d, 0x82, 0x5d, 0x84, 0xdd, 0x80,
    0x80, 0x2f, 0x2f, 0x85, 0x37, 0x00, 0x60, 0xd7, 0xbb, 0x11, 0x01, 0x00, 0x0a, 0x00, 0x03, 0xd5, 0x0a, 0x6f, 0x00,
    0x00, 0xbd, 0x00, 0x08, 0xd5, 0x0a, 0x49, 0x00, 0x00, 0x6a, 0x00, 0x01, 0xd4, 0x0a, 0x01, 0x01, 0x00, 0x0a, 0x7b,
    0x15, 0x02, 0x0b, 0x00, 0x03, 0xd5, 0x0b, 0x6f, 0x00, 0x00, 0xbd, 0x00, 0x08, 0xd5, 0x0b, 0x49, 0x00, 0x00, 0x6a,
    0x00, 0x01, 0xd4, 0x0b, 0x01, 0x01, 0x00, 0x0b, 0x7b, 0x17, 0x02, 0x00, 0x10, 0x70, 0xe0, 0x9d, 0x0a, 0x0b, 0x80,
    0x00, 0x10, 0x70, 0xe0, 0xa1, 0x0b, 0x0b, 0x80, 0x00, 0x00, 0x00, 0x7e, 0x2c, 0x43, 0x2c, 0x80, 0x2d, 0x80, 0x2d,
    0x82, 0x5d, 0x81, 0xdd, 0x80, 0x80, 0x2f, 0x2f, 0x85, 0x37, 0x00, 0x60, 0xd7, 0xbb, 0x13, 0x01, 0x00, 0x0c, 0x00,
    0x03, 0xd5, 0x0c, 0x6f, 0x00, 0x00, 0xbd, 0x00, 0x08, 0xd5, 0x0c, 0x49, 0x00, 0x00, 0x6a, 0x00, 0x01, 0xd4, 0x0c,
    0x01, 0x01, 0x00, 0x0c, 0x7b, 0x19, 0x02, 0x0d, 0x00, 0x03, 0xd5, 0x0d, 0x6f, 0x00, 0x00, 0xbd, 0x00, 0x08, 0xd5,
    0x0d, 0x49, 0x00, 0x00, 0x6a, 0x00, 0x01, 0xd4, 0x0d, 0x01, 0x01, 0x00, 0x0d, 0x7b, 0x1b, 0x02, 0x00, 0x10, 0x70,
    0xe0, 0x9d, 0x0c, 0x0b, 0x80, 0x00, 0x10, 0x70, 0xe0, 0xa1, 0x0d, 0x0b, 0x80, 0x00, 0x00, 0x00, 0x7e, 0x2c, 0x43,
    0x2c, 0x80, 0x2d, 0x80, 0x2d, 0x82, 0x5d, 0x81, 0xdd, 0x80, 0x80, 0x2f, 0x2f, 0x85, 0x37, 0x00, 0x60, 0xd7, 0xbb,
    0x15, 0x01, 0x00, 0x0e, 0x00, 0x03, 0xd5, 0x0e, 0x6f, 0x00, 0x00, 0xbd, 0x00, 0x08, 0xd5, 0x0e, 0x49, 0x00, 0x00,
    0x6a, 0x00, 0x01, 0xd4, 0x0e, 0x01, 0x01, 0x00, 0x0e, 0x7b, 0x1d, 0x02, 0x0f, 0x00, 0x03, 0xd5, 0x0f, 0x6f, 0x00,
    0x00, 0xbd, 0x00, 0x08, 0xd5, 0x0f, 0x49, 0x00, 0x00, 0x6a, 0x00, 0x01, 0xd4, 0x0f, 0x01, 0x01, 0x00, 0x0f, 0x7b,
    0x1f, 0x02, 0x00, 0x10, 0x70, 0xe0, 0x9d, 0x0e, 0x0b, 0x80, 0x00, 0x10, 0x70, 0xe0, 0xa1, 0x0f, 0x0b, 0x80, 0x00,
    0x00, 0x00, 0x7e, 0x2c, 0x43, 0x2c, 0x80, 0x2d, 0x80, 0x2d, 0x82, 0x5d, 0x81, 0xdd, 0x80, 0x80, 0x2f, 0x2f, 0x85,
    0x37, 0x00, 0x60, 0xd7, 0xbb, 0x17, 0x01, 0x00, 0x10, 0x00, 0x03, 0xd5, 0x10, 0x6f, 0x00, 0x00, 0xbd, 0x00, 0x08,
    0xd5, 0x10, 0x49, 0x00, 0x00, 0x6a, 0x00, 0x01, 0xd4, 0x10, 0x01, 0x01, 0x00, 0x10, 0x7b, 0x21, 0x02, 0x11, 0x00,
    0x03, 0xd5, 0x11, 0x6f, 0x00, 0x00, 0xbd, 0x00, 0x08, 0xd5, 0x11, 0x49, 0x00, 0x00, 0x6a, 0x00, 0x01, 0xd4, 0x11,
    0x01, 0x01, 0x00, 0x11, 0x7b, 0x23, 0x02, 0x00, 0x10, 0x70, 0xe0, 0x9d, 0x10, 0x0b, 0x80, 0x00, 0x10, 0x70, 0xe0,
    0xa1, 0x11, 0x0b, 0x80, 0x00, 0x00, 0x00, 0x7e, 0x2c, 0x43, 0x2c, 0x80, 0x2d, 0x80, 0x2d, 0x82, 0x5d, 0x81, 0xdd,
    0x80, 0x80, 0x2f, 0x2f, 0x85, 0x2c, 0x34, 0x2c, 0x80, 0x2d, 0x80, 0x2d, 0x82, 0x34, 0x82, 0x34, 0x8f, 0x2c, 0x34,
    0x2c, 0x80, 0x2d, 0x80, 0x2d, 0x82, 0x5d, 0x94, 0xdd, 0x80, 0x80, 0x2f, 0x2f, 0x85, 0x80, 0x33, 0x33, 0x85, 0x30,
    0xff, 0x30, 0x80, 0x80, 0x00, 0x00, 0x00, 0x31, 0x80, 0x31, 0x82, 0x32, 0xff, 0xb2, 0x80, 0x80, 0x00, 0x00, 0x00,
    0x80, 0x33, 0x33, 0x85, 0x80, 0x02, 0x04, 0x7e, 0x80, 0x02, 0x06, 0x7e, 0x80, 0x02, 0x08, 0x7e, 0x80, 0x02, 0x0a,
    0x7e, 0x80, 0x02, 0x0c, 0x7e, 0x80, 0x02, 0x0e, 0x7e, 0x80, 0x02, 0x10, 0x7e, 0x80, 0x02, 0x12, 0x7e, 0x80, 0x02,
    0x14, 0x7e, 0x80, 0x02, 0x16, 0x7e, 0x80, 0x02, 0x18, 0x7e, 0x80, 0x02, 0x1a, 0x7e, 0x80, 0x02, 0x1c, 0x7e, 0x80,
    0x02, 0x1e, 0x7e, 0x80, 0x02, 0x20, 0x7e, 0x80, 0x02, 0x22, 0x7e, 0x80, 0x02, 0x24, 0x7e, 0x80, 0x02, 0x26, 0x7e,
    0x80, 0x02, 0x28, 0x7e, 0x80, 0x02, 0x2a, 0x7e, 0x80, 0x02, 0x2c, 0x7e, 0x80, 0x02, 0x2e, 0x7e, 0x80, 0x02, 0x30,
    0x7e, 0x80, 0x02, 0x32, 0x7e, 0x80, 0x02, 0x34, 0x7e, 0x80, 0x02, 0x36, 0x7e, 0x80, 0x02, 0x38, 0x7e, 0x80, 0x02,
    0x3a, 0x7e, 0x80, 0x02, 0x3c, 0x7e, 0x80, 0x02, 0x3e, 0x7e, 0x80, 0x02, 0x40, 0x7e, 0x80, 0x02, 0x42, 0x7e, 0x80,
    0x02, 0x44, 0x7e, 0x80, 0x02, 0x46, 0x7e, 0x80, 0x02, 0x48, 0x7e, 0x80, 0x02, 0x4a, 0x7e, 0x80, 0x02, 0x4c, 0x7e,
    0x80, 0x02, 0x4e, 0x7e, 0x80, 0x02, 0x50, 0x7e, 0x80, 0x02, 0x52, 0x7e, 0x80, 0x02, 0x54, 0x7e, 0x80, 0x02, 0x56,
    0x7e, 0x80, 0x02, 0x58, 0x7e, 0x80, 0x02, 0x5a, 0x7e, 0x80, 0x02, 0x5c, 0x7e, 0x80, 0x02, 0x5e, 0x7e, 0x80, 0x02,
    0x60, 0x7e, 0x80, 0x02, 0x62, 0x7e, 0x80, 0x02, 0x64, 0x7e, 0x80, 0x02, 0x66, 0x7e, 0x80, 0x02, 0x68, 0x7e, 0x80,
    0x02, 0x6a, 0x7e, 0x80, 0x02, 0x6c, 0x7e, 0x80, 0x02, 0x6e, 0x7e, 0x80, 0x02, 0x70, 0x7e, 0x80, 0x02, 0x72, 0x7e,
    0x80, 0x02, 0x74, 0x7e, 0x80, 0x02, 0x76, 0x7e, 0x80, 0x02, 0x78, 0x7e, 0x80, 0x02, 0x7a, 0x7e, 0x80, 0x02, 0x7c,
    0x7e, 0x80, 0x02, 0x7e, 0x7e, 0x80, 0x02, 0x80, 0x7e, 0x80, 0x02, 0x82, 0x7e, 0x12, 0xff, 0x12, 0x89, 0x00, 0x00,
    0x20, 0x00, 0x3c, 0x3d, 0x5e, 0x93, 0x5e, 0x0d, 0x5e, 0x93, 0x5d, 0x5c, 0x34, 0x80, 0x34, 0x80, 0x04, 0xbf, 0x96,
    0x00, 0x84, 0xbf, 0xff, 0x02, 0x3a, 0x37, 0x7f, 0x00, 0x00, 0x00, 0x81, 0x3a, 0x3b, 0x2d, 0x9d, 0x00, 0x4a, 0xd5,
    0x81, 0x02, 0x76, 0x06, 0x9e, 0x00, 0x1b, 0xd5, 0x01, 0x05, 0x01, 0x00, 0x9d, 0x00, 0x43, 0xd5, 0x9e, 0x21, 0x75,
    0x06, 0x82, 0x3a, 0x3b, 0x35, 0x9d, 0x6a, 0x0f, 0xd7, 0x9d, 0xc3, 0x00, 0x00, 0x83, 0x02, 0x3c, 0x37, 0x82, 0x3c,
    0x3d, 0x35, 0x9e, 0x6a, 0x0f, 0xd7, 0x9e, 0xc3, 0x00, 0x00, 0x00, 0x01, 0xd8, 0xd8, 0x9e, 0x00, 0x00, 0xbf, 0x00,
    0x00, 0xd8, 0xd8, 0x9d, 0x00, 0x00, 0x9d, 0x61, 0xff, 0x61, 0x80, 0x8c, 0x01, 0x00, 0x00, 0x61, 0xff, 0x06, 0xbf,
    0xc0, 0xff, 0x00, 0x00, 0xff, 0x61, 0x61, 0x85, 0xe0, 0xc1, 0x00, 0x00, 0x7f, 0xc0, 0x8c, 0xbf, 0x9d, 0x05, 0xbe,
    0x7e, 0x36, 0x00, 0x60, 0xd7, 0xbf, 0x01, 0x01, 0x00, 0x36, 0x92, 0x0d, 0xbf, 0x7d, 0x00, 0x85, 0xbf, 0x34, 0x00,
    0x60, 0xd7, 0xbf, 0x03, 0x01, 0x00, 0x35, 0x00, 0x60, 0xd7, 0xbf, 0x05, 0x01, 0x00, 0x5c, 0x35, 0x5d, 0x80, 0xc1,
    0x90, 0x37, 0x90, 0x37, 0x42, 0x37, 0x87, 0x42, 0x90, 0x38, 0x90, 0x38, 0x5f, 0x38, 0x93, 0x37, 0x5f, 0x2c, 0x93,
    0x38, 0x90, 0x37, 0x8f, 0x38, 0x90, 0x38, 0x90, 0x37, 0x2c, 0x2c, 0x80, 0x38, 0x80, 0x2d, 0x82, 0x2c, 0x18, 0x2c,
    0x80, 0x2d, 0x19, 0x2d, 0x82, 0x43, 0x5d, 0x37, 0x93, 0x2c, 0x37, 0x2c, 0x80, 0x2d, 0x80, 0x2d, 0x82, 0xff, 0x03,
    0xaf, 0xbe, 0x00, 0x40, 0x01, 0x31, 0x12, 0x87, 0x0d, 0xbf, 0xff, 0x80, 0x33, 0x85, 0x00, 0x40, 0x01, 0x31, 0x5d,
    0x82, 0x37, 0x8f, 0x22, 0x37, 0x30, 0x80, 0x23, 0x80, 0x31, 0x82, 0x34, 0x82, 0x38, 0x8f, 0x38, 0x37, 0xb2, 0x80,
    0x80, 0x33, 0x33, 0x85, 0x34, 0x35, 0xdd, 0x80, 0x5d, 0x81, 0xdd, 0x80, 0x5d, 0x5c, 0xdd, 0x80, 0x80, 0x2f, 0x2f,
    0x85, 0xbd, 0x00, 0x48, 0xd5, 0x9d, 0x21, 0x41, 0x02, 0xbe, 0x00, 0x48, 0xd5, 0x9d, 0x01, 0x41, 0x02, 0xbf, 0x00,
    0x1b, 0xd5, 0x01, 0x0f, 0x01, 0x00, 0xc0, 0x6a, 0x10, 0xd7, 0x87, 0x7e, 0x03, 0x00, 0xbf, 0x81, 0x7f, 0x27, 0xc0,
    0x00, 0x48, 0xd5, 0xbf, 0x03, 0x05, 0x02, 0xbf, 0x00, 0x48, 0xd5, 0xbf, 0x01, 0x05, 0x02, 0xfa, 0x02, 0x7a, 0x7f,
    0xbd, 0xff, 0x00, 0xff, 0xfa, 0x02, 0x7c, 0x7f, 0xbe, 0xff, 0x00, 0xff, 0xbd, 0x6a, 0x0f, 0xd7, 0xbd, 0x81, 0x03,
    0x00, 0xbe, 0x6a, 0x0f, 0xd7, 0xbe, 0x7f, 0x03, 0x00, 0xfa, 0x02, 0x7e, 0x7f, 0x9d, 0xaa, 0x00, 0xff, 0x34, 0x00,
    0xc6, 0xd4, 0xbf, 0x19, 0x00, 0x00, 0xbf, 0x6a, 0x10, 0xd7, 0xbf, 0xbf, 0x00, 0x00, 0xbf, 0x00, 0x69, 0xd5, 0xbf,
    0x85, 0x00, 0x00, 0xa1, 0x00, 0x42, 0xd5, 0xbd, 0x43, 0xf8, 0x06, 0x82, 0x42, 0x43, 0x35, 0xa1, 0x6a, 0x0f, 0xd7,
    0xa1, 0x7f, 0x03, 0x00, 0x3a, 0x00, 0xc6, 0xd4, 0xbe, 0x43, 0x00, 0x00, 0x3a, 0x34, 0xb8, 0x88, 0x36, 0x00, 0xc6,
    0xd4, 0xbd, 0x41, 0x00, 0x00, 0x38, 0x36, 0xb4, 0x88, 0xa1, 0x00, 0x01, 0xd5, 0xa1, 0x83, 0xd1, 0x00, 0xbd, 0x00,
    0x48, 0xd5, 0x9d, 0x21, 0x41, 0x02, 0xbe, 0x00, 0x48, 0xd5, 0x9d, 0x01, 0x41, 0x02, 0xbf, 0x00, 0x1b, 0xd5, 0x01,
    0x0f, 0x01, 0x00, 0xc0, 0x6a, 0x10, 0xd7, 0x87, 0x7e, 0x03, 0x00, 0xbf, 0x81, 0x7f, 0x27, 0xc0, 0x00, 0x48, 0xd5,
    0xbf, 0x03, 0x05, 0x02, 0xbf, 0x00, 0x48, 0xd5, 0xbf, 0x01, 0x05, 0x02, 0xfa, 0x02, 0x7a, 0x7f, 0xbd, 0x55, 0x00,
    0xff, 0xfa, 0x02, 0x7c, 0x7f, 0xbe, 0x55, 0x00, 0xff, 0xbd, 0x6a, 0x0f, 0xd7, 0xbd, 0x81, 0x03, 0x00, 0xbe, 0x6a,
    0x0f, 0xd7, 0xbe, 0x7f, 0x03, 0x00, 0xfa, 0x02, 0x7e, 0x7f, 0x9d, 0x00, 0x00, 0xff, 0x34, 0x00, 0xc6, 0xd4, 0xbf,
    0x19, 0x00, 0x00, 0xbf, 0x6a, 0x10, 0xd7, 0xbf, 0xbf, 0x00, 0x00, 0xbf, 0x00, 0x69, 0xd5, 0xbf, 0x85, 0x00, 0x00,
    0x9d, 0x00, 0x42, 0xd5, 0xbd, 0x43, 0xf8, 0x06, 0x82, 0x3a, 0x3b, 0x35, 0x9d, 0x6a, 0x0f, 0xd7, 0x9d, 0x7f, 0x03,
    0x00, 0x3a, 0x00, 0xc6, 0xd4, 0xbe, 0x43, 0x00, 0x00, 0x3a, 0x34, 0xb8, 0x88, 0x36, 0x00, 0xc6, 0xd4, 0xbd, 0x41,
    0x00, 0x00, 0x38, 0x36, 0xb4, 0x88, 0x9d, 0x00, 0x01, 0xd5, 0x9d, 0x83, 0xd1, 0x00, 0xbb, 0x00, 0x1b, 0xd5, 0x01,
    0x7f, 0x01, 0x00, 0x82, 0x76, 0x77, 0x35, 0x00, 0x00, 0x8a, 0xbf, 0x00, 0x10, 0x30, 0xe0, 0xbb, 0xbb, 0x0c, 0x80,
    0x20, 0xfa, 0x82, 0xbf, 0x00, 0x00, 0x81, 0xbf, 0x00, 0x00, 0x80, 0xbf, 0x00, 0x00, 0x80, 0xbf, 0x00, 0x00, 0x80,
    0xbf, 0x00, 0x00, 0x80, 0xbf, 0x00, 0x00, 0x80, 0xbf, 0x00, 0x00, 0x80, 0xbf, 0x00, 0x00, 0x80, 0xbf, 0x00, 0x00,
    0x80, 0xbf, 0x00, 0x00, 0x80, 0xbf, 0x00, 0x00, 0x80, 0xbf, 0x00, 0x00, 0x80, 0xbf, 0x00, 0x00, 0x80, 0xbf, 0x00,
    0x00, 0x80, 0xbf, 0x00, 0x00, 0x80, 0xbf, 0x00, 0x00, 0x80, 0xbf, 0x00, 0x00, 0x80, 0xbf, 0x00, 0x00, 0x80, 0xbf,
    0x00, 0x00, 0x80, 0xbf, 0x00, 0x00, 0x80, 0xbf, 0x00, 0x00, 0x80, 0xbf, 0x00, 0x00, 0x80, 0xbf, 0x00, 0x00, 0x80,
    0xbf, 0x00, 0x00, 0x80, 0xbf, 0x00, 0x00, 0x80, 0xbf, 0x00, 0x00, 0x80, 0xbf, 0x00, 0x00, 0x80, 0xbf, 0x00, 0x00,
    0x80, 0xbf, 0x00, 0x00, 0x80, 0xbf, 0x00, 0x00, 0x80, 0xbf, 0x00, 0x00, 0x80, 0xbf, 0x00, 0x00, 0x80, 0xbf, 0x00,
    0x00, 0x80, 0xbf, 0x00, 0x00, 0x80, 0xbf, 0x00, 0x00, 0x80, 0xbf, 0x00, 0x00, 0x80, 0xbf, 0x00, 0x00, 0x80, 0xbf,
    0x00, 0x00, 0x80, 0xbf, 0x00, 0x00, 0x80, 0xbf, 0x00, 0x00, 0x80, 0xbf, 0x00, 0x00, 0x80, 0xbf, 0x00, 0x00, 0x80,
    0xbf, 0x00, 0x00, 0x80, 0xbf, 0x00, 0x00, 0x80, 0xbf, 0x00, 0x00, 0x80, 0xbf, 0x00, 0x00, 0x80, 0xbf, 0x00, 0x00,
    0x80, 0xbf, 0x00, 0x00, 0x80, 0xbf, 0x00, 0x00, 0x80, 0xbf, 0x00, 0x00, 0x80, 0xbf, 0x00, 0x00, 0x80, 0xbf, 0x00,
    0x00, 0x80, 0xbf, 0x00, 0x00, 0x80, 0xbf, 0x00, 0x00, 0x80, 0xbf, 0x00, 0x00, 0x80, 0xbf, 0x00, 0x00, 0x80, 0xbf,
    0x00, 0x00, 0x80, 0xbf, 0x00, 0x00, 0x80, 0xbf, 0x00, 0x00, 0x80, 0xbf, 0x00, 0x00, 0x80, 0xbf, 0x00, 0x00, 0x80,
    0xbf, 0x00, 0x00, 0x80, 0xbf, 0x00, 0x00, 0x80, 0xbf, 0x00, 0x00, 0x80, 0xbf, 0x00, 0x00, 0x80, 0xbf, 0x00, 0x00,
    0x9f, 0xbf, 0x00, 0x00, 0x9f, 0xbf, 0x00, 0x00, 0x9f, 0xbf, 0x00, 0x00, 0x9f, 0xbf, 0x00, 0x00, 0x9f, 0xbf, 0x00,
    0x00, 0x00, 0x00, 0x00, 0x00, 0x00, 0x00, 0x00, 0x5f, 0x61, 0x6d, 0x64, 0x67, 0x70, 0x75, 0x5f, 0x63, 0x73, 0x5f,
    0x6d, 0x61, 0x69, 0x6e, 0x00, 0x00, 0x00, 0x00, 0x00, 0x00, 0x00, 0x00, 0x00, 0x00, 0x00, 0x00, 0x00, 0x00, 0x00,
    0x00, 0x00, 0x00, 0x00, 0x00, 0x00, 0x00, 0x00, 0x00, 0x00, 0x01, 0x00, 0x00, 0x00, 0x02, 0x00, 0x02, 0x00, 0x00,
    0x00, 0x00, 0x00, 0x00, 0x00, 0x00, 0x00, 0x60, 0x50, 0x00, 0x00, 0x00, 0x00, 0x00, 0x00, 0x07, 0x00, 0x00, 0x00,
    0xd3, 0x01, 0x00, 0x00, 0x20, 0x00, 0x00, 0x00, 0x41, 0x4d, 0x44, 0x47, 0x50, 0x55, 0x00, 0x00, 0x82, 0xae, 0x61,
    0x6d, 0x64, 0x70, 0x61, 0x6c, 0x2e, 0x76, 0x65, 0x72, 0x73, 0x69, 0x6f, 0x6e, 0x92, 0x02, 0x06, 0xb0, 0x61, 0x6d,
    0x64, 0x70, 0x61, 0x6c, 0x2e, 0x70, 0x69, 0x70, 0x65, 0x6c, 0x69, 0x6e, 0x65, 0x73, 0x91, 0x88, 0xa5, 0x2e, 0x6e,
    0x61, 0x6d, 0x65, 0xbc, 0x43, 0x6f, 0x6e, 0x76, 0x33, 0x78, 0x33, 0x45, 0x6c, 0x66, 0x5f, 0x47, 0x66, 0x78, 0x31,
    0x30, 0x5f, 0x46, 0x70, 0x33, 0x32, 0x53, 0x74, 0x72, 0x69, 0x64, 0x65, 0x31, 0xa5, 0x2e, 0x74, 0x79, 0x70, 0x65,
    0xa2, 0x43, 0x73, 0xb7, 0x2e, 0x69, 0x6e, 0x74, 0x65, 0x72, 0x6e, 0x61, 0x6c, 0x5f, 0x70, 0x69, 0x70, 0x65, 0x6c,
    0x69, 0x6e, 0x65, 0x5f, 0x68, 0x61, 0x73, 0x68, 0x92, 0xcf, 0xa3, 0x09, 0xd7, 0xd7, 0x3b, 0x6c, 0xbb, 0xf3, 0xcf,
    0xa3, 0x09, 0xd7, 0xd7, 0x3b, 0x6c, 0xbb, 0xf3, 0xa8, 0x2e, 0x73, 0x68, 0x61, 0x64, 0x65, 0x72, 0x73, 0x81, 0xa8,
    0x2e, 0x63, 0x6f, 0x6d, 0x70, 0x75, 0x74, 0x65, 0x82, 0xb0, 0x2e, 0x61, 0x70, 0x69, 0x5f, 0x73, 0x68, 0x61, 0x64,
    0x65, 0x72, 0x5f, 0x68, 0x61, 0x73, 0x68, 0x92, 0xcf, 0xfb, 0xb0, 0xb2, 0x5f, 0x97, 0x55, 0x1d, 0x92, 0xcf, 0xc0,
    0xdc, 0x09, 0xac, 0x34, 0x5c, 0xca, 0x45, 0xb1, 0x2e, 0x68, 0x61, 0x72, 0x64, 0x77, 0x61, 0x72, 0x65, 0x5f, 0x6d,
    0x61, 0x70, 0x70, 0x69, 0x6e, 0x67, 0x91, 0xa3, 0x2e, 0x63, 0x73, 0xb0, 0x2e, 0x68, 0x61, 0x72, 0x64, 0x77, 0x61,
    0x72, 0x65, 0x5f, 0x73, 0x74, 0x61, 0x67, 0x65, 0x73, 0x81, 0xa3, 0x2e, 0x63, 0x73, 0x86, 0xac, 0x2e, 0x65, 0x6e,
    0x74, 0x72, 0x79, 0x5f, 0x70, 0x6f, 0x69, 0x6e, 0x74, 0xaf, 0x5f, 0x61, 0x6d, 0x64, 0x67, 0x70, 0x75, 0x5f, 0x63,
    0x73, 0x5f, 0x6d, 0x61, 0x69, 0x6e, 0xa9, 0x2e, 0x6c, 0x64, 0x73, 0x5f, 0x73, 0x69, 0x7a, 0x65, 0xcd, 0x20, 0x00,
    0xab, 0x2e, 0x73, 0x67, 0x70, 0x72, 0x5f, 0x63, 0x6f, 0x75, 0x6e, 0x74, 0x62, 0xab, 0x2e, 0x76, 0x67, 0x70, 0x72,
    0x5f, 0x63, 0x6f, 0x75, 0x6e, 0x74, 0xcc, 0xc7, 0xb7, 0x2e, 0x74, 0x68, 0x72, 0x65, 0x61, 0x64, 0x67, 0x72, 0x6f,
    0x75, 0x70, 0x5f, 0x64, 0x69, 0x6d, 0x65, 0x6e, 0x73, 0x69, 0x6f, 0x6e, 0x73, 0x93, 0xcd, 0x01, 0x00, 0x01, 0x01,
    0xaf, 0x2e, 0x77, 0x61, 0x76, 0x65, 0x66, 0x72, 0x6f, 0x6e, 0x74, 0x5f, 0x73, 0x69, 0x7a, 0x65, 0x40, 0xaa, 0x2e,
    0x72, 0x65, 0x67, 0x69, 0x73, 0x74, 0x65, 0x72, 0x73, 0x8d, 0xcd, 0x2e, 0x12, 0xcd, 0x03, 0x31, 0xcd, 0x2e, 0x13,
    0xce, 0x00, 0x40, 0x08, 0x90, 0xcd, 0x2e, 0x28, 0x00, 0xcd, 0x2e, 0x2a, 0xce, 0x0f, 0x87, 0xdc, 0x2b, 0xcd, 0x2e,
    0x07, 0xce, 0x01, 0x00, 0x01, 0x00, 0xcd, 0x2e, 0x08, 0xce, 0x00, 0x01, 0x00, 0x01, 0xcd, 0x2e, 0x09, 0xce, 0x00,
    0x01, 0x00, 0x01, 0xcd, 0x2e, 0x42, 0x00, 0xcd, 0x2e, 0x43, 0x01, 0xcd, 0x2e, 0x44, 0x02, 0xcd, 0x2e, 0x45, 0x03,
    0xcd, 0x2e, 0x46, 0x04, 0xcd, 0x2e, 0x47, 0x05, 0xb0, 0x2e, 0x75, 0x73, 0x65, 0x72, 0x5f, 0x64, 0x61, 0x74, 0x61,
    0x5f, 0x6c, 0x69, 0x6d, 0x69, 0x74, 0x06, 0xb0, 0x2e, 0x73, 0x70, 0x69, 0x6c, 0x6c, 0x5f, 0x74, 0x68, 0x72, 0x65,
    0x73, 0x68, 0x6f, 0x6c, 0x64, 0xcd, 0xff, 0xff, 0x00, 0x00, 0x00, 0x00, 0x00, 0x00, 0x00, 0x00, 0x00, 0x00, 0x00,
    0x00, 0x00, 0x00, 0x00, 0x00, 0x00, 0x00, 0x00, 0x00, 0x00, 0x00, 0x00, 0x00, 0x00, 0x00, 0x00, 0x00, 0x00, 0x00,
    0x00, 0x00, 0x00, 0x00, 0x00, 0x00, 0x00, 0x00, 0x00, 0x00, 0x00, 0x00, 0x00, 0x00, 0x00, 0x00, 0x00, 0x00, 0x00,
    0x00, 0x00, 0x00, 0x00, 0x00, 0x00, 0x00, 0x00, 0x00, 0x00, 0x00, 0x00, 0x00, 0x00, 0x00, 0x00, 0x01, 0x00, 0x00,
    0x00, 0x03, 0x00, 0x00, 0x00, 0x00, 0x00, 0x00, 0x00, 0x00, 0x00, 0x00, 0x00, 0x00, 0x00, 0x00, 0x00, 0x00, 0x00,
    0x00, 0x00, 0x40, 0x00, 0x00, 0x00, 0x00, 0x00, 0x00, 0x00, 0x27, 0x00, 0x00, 0x00, 0x00, 0x00, 0x00, 0x00, 0x00,
    0x00, 0x00, 0x00, 0x00, 0x00, 0x00, 0x00, 0x00, 0x00, 0x00, 0x00, 0x00, 0x00, 0x00, 0x00, 0x00, 0x00, 0x00, 0x00,
    0x00, 0x00, 0x00, 0x00, 0x0b, 0x00, 0x00, 0x00, 0x01, 0x00, 0x00, 0x00, 0x06, 0x00, 0x00, 0x00, 0x00, 0x00, 0x00,
    0x00, 0x00, 0x00, 0x00, 0x00, 0x00, 0x00, 0x00, 0x00, 0x67, 0x00, 0x00, 0x00, 0x00, 0x00, 0x00, 0x00, 0x60, 0x50,
    0x00, 0x00, 0x00, 0x00, 0x00, 0x00, 0x00, 0x00, 0x00, 0x00, 0x00, 0x00, 0x00, 0x00, 0x00, 0x01, 0x00, 0x00, 0x00,
    0x00, 0x00, 0x00, 0x00, 0x00, 0x00, 0x00, 0x00, 0x00, 0x00, 0x00, 0x11, 0x00, 0x00, 0x00, 0x03, 0x00, 0x00, 0x00,
    0x00, 0x00, 0x00, 0x00, 0x00, 0x00, 0x00, 0x00, 0x00, 0x00, 0x00, 0x00, 0x00, 0x00, 0x00, 0x00, 0xc7, 0x50, 0x00,
    0x00, 0x00, 0x00, 0x00, 0x00, 0x11, 0x00, 0x00, 0x00, 0x00, 0x00, 0x00, 0x00, 0x00, 0x00, 0x00, 0x00, 0x00, 0x00,
    0x00, 0x00, 0x00, 0x00, 0x00, 0x00, 0x00, 0x00, 0x00, 0x00, 0x00, 0x00, 0x00, 0x00, 0x00, 0x00, 0x00, 0x00, 0x19,
    0x00, 0x00, 0x00, 0x02, 0x00, 0x00, 0x00, 0x00, 0x00, 0x00, 0x00, 0x00, 0x00, 0x00, 0x00, 0x00, 0x00, 0x00, 0x00,
    0x00, 0x00, 0x00, 0x00, 0xd8, 0x50, 0x00, 0x00, 0x00, 0x00, 0x00, 0x00, 0x30, 0x00, 0x00, 0x00, 0x00, 0x00, 0x00,
    0x00, 0x03, 0x00, 0x00, 0x00, 0x00, 0x00, 0x00, 0x00, 0x00, 0x00, 0x00, 0x00, 0x00, 0x00, 0x00, 0x00, 0x18, 0x00,
    0x00, 0x00, 0x00, 0x00, 0x00, 0x00, 0x21, 0x00, 0x00, 0x00, 0x07, 0x00, 0x00, 0x00, 0x00, 0x00, 0x00, 0x00, 0x00,
    0x00, 0x00, 0x00, 0x00, 0x00, 0x00, 0x00, 0x00, 0x00, 0x00, 0x00, 0x08, 0x51, 0x00, 0x00, 0x00, 0x00, 0x00, 0x00,
    0xe8, 0x01, 0x00, 0x00, 0x00, 0x00, 0x00, 0x00, 0x00, 0x00, 0x00, 0x00, 0x00, 0x00, 0x00, 0x00, 0x00, 0x00, 0x00,
    0x00, 0x00, 0x00, 0x00, 0x00, 0x00, 0x00, 0x00, 0x00, 0x00, 0x00, 0x00, 0x00,
    },
    .m_kernelName = {},
    .m_compilerVersion = {},
    .m_codeObjectVersion = 0,
    .m_isRelocatable = true,
    .m_shaderType = ShaderTypesFlags::UNKNOWN
};

// 21_1/NAVI14_fp32_ostride2.sp3
// Assembled for gfx10. It supports forward convolutions for FP32 tensors with stride = 2.
constexpr StaticShaderType<22452> ConvWinogradElf_Gfx10_Fp32Stride2Dec =
{
    .m_binary = {
    0x7f, 0x45, 0x4c, 0x46, 0x02, 0x01, 0x01, 0x41, 0x00, 0x00, 0x00, 0x00, 0x00, 0x00, 0x00, 0x00, 0x01, 0x00, 0xe0,
    0x00, 0x01, 0x00, 0x00, 0x00, 0x00, 0x00, 0x00, 0x00, 0x00, 0x00, 0x00, 0x00, 0x00, 0x00, 0x00, 0x00, 0x00, 0x00,
    0x00, 0x00, 0x34, 0x56, 0x00, 0x00, 0x00, 0x00, 0x00, 0x00, 0x35, 0x00, 0x00, 0x00, 0x40, 0x00, 0x00, 0x00, 0x00,
    0x00, 0x40, 0x00, 0x06, 0x00, 0x01, 0x00, 0x00, 0x2e, 0x73, 0x68, 0x73, 0x74, 0x72, 0x74, 0x61, 0x62, 0x00, 0x2e,
    0x74, 0x65, 0x78, 0x74, 0x00, 0x2e, 0x73, 0x74, 0x72, 0x74, 0x61, 0x62, 0x00, 0x2e, 0x73, 0x79, 0x6d, 0x74, 0x61,
    0x62, 0x00, 0x2e, 0x6e, 0x6f, 0x74, 0x65, 0x00, 0x04, 0x20, 0x80, 0xb0, 0x03, 0x00, 0xa0, 0xbf, 0x00, 0x03, 0x02,
    0x7e, 0x80, 0x03, 0x80, 0xbe, 0x80, 0x03, 0x81, 0xbe, 0x80, 0x03, 0x82, 0xbe, 0x80, 0x03, 0x83, 0xbe, 0x80, 0x02,
    0x76, 0x7f, 0xff, 0x03, 0xfc, 0xbe, 0xff, 0xff, 0x01, 0x00, 0xff, 0x03, 0xe1, 0xbe, 0xe0, 0xc1, 0x00, 0x00, 0xff,
    0x03, 0xe0, 0xbe, 0xe0, 0xc1, 0x00, 0x00, 0xff, 0x00, 0x7a, 0x37, 0xc0, 0x00, 0x00, 0x00, 0x01, 0x6a, 0x0f, 0xd7,
    0x00, 0x7b, 0x03, 0x00, 0x80, 0x03, 0xdb, 0xbe, 0x82, 0x02, 0x7c, 0x35, 0xbe, 0x6a, 0x0f, 0xd7, 0xff, 0x7c, 0x03,
    0x00, 0xc0, 0xff, 0x00, 0x00, 0x8c, 0x02, 0x8c, 0x7d, 0x05, 0x00, 0x86, 0xbf, 0x80, 0x02, 0x7a, 0x7f, 0xc1, 0x7c,
    0x7d, 0x03, 0x00, 0x00, 0x34, 0xd8, 0xbe, 0xbd, 0x00, 0x00, 0x00, 0x00, 0x8c, 0xbf, 0x00, 0x00, 0x8a, 0xbf, 0x01,
    0x05, 0x68, 0x7e, 0x34, 0x85, 0x34, 0x90, 0x34, 0x88, 0x34, 0x80, 0x34, 0x94, 0x5c, 0x87, 0x06, 0x04, 0xa8, 0xbe,
    0x14, 0x03, 0x10, 0xf4, 0x00, 0x00, 0x00, 0xfa, 0x14, 0x07, 0x08, 0xf4, 0x40, 0x00, 0x00, 0xfa, 0x14, 0x08, 0x04,
    0xf4, 0x50, 0x00, 0x00, 0xfa, 0x7f, 0xc0, 0x8c, 0xbf, 0x12, 0x86, 0x0d, 0xbf, 0x10, 0x00, 0x84, 0xbf, 0x15, 0xff,
    0x15, 0x87, 0xff, 0xff, 0x00, 0x00, 0x17, 0xff, 0x17, 0x87, 0xff, 0xff, 0x00, 0x00, 0x19, 0xff, 0x19, 0x87, 0xff,
    0xff, 0x00, 0x00, 0x1b, 0xff, 0x1b, 0x87, 0xff, 0xff, 0x00, 0x00, 0x0a, 0x05, 0x04, 0xf4, 0x00, 0x00, 0x00, 0xfa,
    0x8b, 0x05, 0x04, 0xf4, 0x00, 0x00, 0x00, 0xfa, 0x0c, 0x06, 0x04, 0xf4, 0x00, 0x00, 0x00, 0xfa, 0x8d, 0x06, 0x04,
    0xf4, 0x00, 0x00, 0x00, 0xfa, 0x12, 0x87, 0x0d, 0xbf, 0x02, 0x00, 0x84, 0xbf, 0x94, 0x08, 0x04, 0xf4, 0x58, 0x00,
    0x00, 0xfa, 0xf2, 0x03, 0xa4, 0xbe, 0x12, 0x88, 0x0d, 0xbf, 0x02, 0x00, 0x84, 0xbf, 0x14, 0x09, 0x00, 0xf4, 0x60,
    0x00, 0x00, 0xfa, 0x0e, 0x0f, 0x2a, 0x93, 0xc1, 0x90, 0x2e, 0x90, 0x2e, 0x2a, 0x2e, 0x87, 0x2a, 0x90, 0x2f, 0x90,
    0x2f, 0x0d, 0x2f, 0x93, 0x2e, 0x0d, 0x2c, 0x93, 0x2f, 0x90, 0x2e, 0x8f, 0x2f, 0x90, 0x2f, 0x90, 0x2e, 0x2c, 0x2c,
    0x80, 0x2f, 0x80, 0x2d, 0x82, 0x2c, 0x82, 0x41, 0x8f, 0x2a, 0x82, 0x44, 0x8f, 0x20, 0x21, 0x2b, 0x93, 0xc1, 0x90,
    0x2e, 0x90, 0x2e, 0x2b, 0x2e, 0x87, 0x2b, 0x90, 0x2f, 0x90, 0x2f, 0x10, 0x2f, 0x93, 0x2e, 0x10, 0x2c, 0x93, 0x2f,
    0x90, 0x2e, 0x8f, 0x2f, 0x90, 0x2f, 0x90, 0x2e, 0x2c, 0x2c, 0x80, 0x2f, 0x80, 0x2d, 0x82, 0x2c, 0x82, 0x42, 0x8f,
    0x2b, 0x82, 0x43, 0x8f, 0x12, 0x87, 0x0d, 0xbf, 0x07, 0x00, 0x84, 0xbf, 0x12, 0x86, 0x0d, 0xbf, 0x05, 0x00, 0x84,
    0xbf, 0x7f, 0xc0, 0x8c, 0xbf, 0x23, 0xff, 0x23, 0x87, 0xff, 0xff, 0x00, 0x00, 0x91, 0x08, 0x04, 0xf4, 0x00, 0x00,
    0x00, 0xfa, 0x12, 0xff, 0x12, 0x87, 0xff, 0xff, 0x00, 0x00, 0x12, 0x8d, 0x0d, 0xbf, 0x02, 0x00, 0x84, 0xbf, 0x14,
    0x0c, 0x0c, 0xf4, 0x68, 0x00, 0x00, 0xfa, 0x1c, 0x1d, 0x2a, 0x93, 0x2a, 0x82, 0x2a, 0x8f, 0x12, 0x82, 0x0d, 0xbf,
    0x10, 0x0d, 0x2b, 0x85, 0xc1, 0x90, 0x2c, 0x90, 0x2c, 0x2a, 0x2c, 0x87, 0x2a, 0x90, 0x2d, 0x90, 0x2d, 0x2b, 0x2d,
    0x93, 0x2c, 0x2b, 0x38, 0x93, 0x2d, 0x90, 0x2c, 0x8f, 0x2d, 0x90, 0x2d, 0x90, 0x2c, 0x38, 0x38, 0x80, 0x2d, 0x80,
    0x39, 0x82, 0x38, 0x03, 0xab, 0xbe, 0x12, 0x82, 0x0d, 0xbf, 0x2b, 0x2a, 0x2c, 0x85, 0x2a, 0x2b, 0x5a, 0x85, 0xff,
    0x02, 0x86, 0x7d, 0x00, 0x01, 0x00, 0x00, 0x81, 0xfb, 0x06, 0xbf, 0x2c, 0x44, 0x44, 0x85, 0x7f, 0xc0, 0x8c, 0xbf,
    0x15, 0xff, 0x15, 0x87, 0xff, 0xff, 0x00, 0x00, 0x17, 0xff, 0x17, 0x87, 0xff, 0xff, 0x00, 0x00, 0x19, 0xff, 0x19,
    0x87, 0xff, 0xff, 0x00, 0x00, 0x1b, 0xff, 0x1b, 0x87, 0xff, 0xff, 0x00, 0x00, 0x23, 0xff, 0x23, 0x87, 0xff, 0xff,
    0x00, 0x00, 0x12, 0x8d, 0x0d, 0xbf, 0x08, 0x00, 0x84, 0xbf, 0x14, 0x30, 0x14, 0x80, 0x15, 0x31, 0x15, 0x82, 0x16,
    0x32, 0x16, 0x80, 0x17, 0x33, 0x17, 0x82, 0x18, 0x34, 0x18, 0x80, 0x19, 0x35, 0x19, 0x82, 0x22, 0x36, 0x22, 0x80,
    0x23, 0x37, 0x23, 0x82, 0x80, 0x1e, 0x2c, 0x87, 0x20, 0x80, 0x2c, 0x82, 0x2c, 0x80, 0x2c, 0x91, 0x2c, 0x81, 0x2a,
    0x80, 0xff, 0x02, 0x04, 0x7e, 0x00, 0x00, 0x00, 0x80, 0x02, 0x00, 0x6a, 0xd5, 0x02, 0x55, 0x00, 0x00, 0x02, 0x05,
    0x54, 0x7e, 0x80, 0x1f, 0x2c, 0x8a, 0x21, 0x80, 0x2c, 0x82, 0x2c, 0x80, 0x2c, 0x91, 0x2c, 0x81, 0x2b, 0x80, 0xff,
    0x02, 0x04, 0x7e, 0x00, 0x00, 0x00, 0x80, 0x02, 0x00, 0x6a, 0xd5, 0x02, 0x57, 0x00, 0x00, 0x02, 0x05, 0x56, 0x7e,
    0x80, 0x2b, 0xcb, 0x80, 0x80, 0x2a, 0xca, 0x80, 0x1c, 0x82, 0x3c, 0x80, 0xff, 0x02, 0x04, 0x7e, 0x56, 0x55, 0x55,
    0x55, 0x02, 0x00, 0x6a, 0xd5, 0x02, 0x79, 0x00, 0x00, 0x02, 0x05, 0x78, 0x7e, 0x1d, 0x82, 0x3d, 0x80, 0xff, 0x02,
    0x04, 0x7e, 0x56, 0x55, 0x55, 0x55, 0x02, 0x00, 0x6a, 0xd5, 0x02, 0x7b, 0x00, 0x00, 0x02, 0x05, 0x7a, 0x7e, 0x02,
    0x00, 0x42, 0xd5, 0x83, 0x78, 0x08, 0x03, 0x02, 0x6a, 0x10, 0xd7, 0x02, 0x39, 0x00, 0x00, 0x02, 0x6a, 0x28, 0xd5,
    0x80, 0x00, 0xa9, 0x01, 0x02, 0x05, 0x58, 0x7e, 0x2c, 0x81, 0x2c, 0x87, 0x2c, 0x3c, 0x2c, 0x87, 0x3c, 0x2c, 0x3c,
    0x80, 0x01, 0x05, 0x5a, 0x7e, 0x2d, 0xc0, 0x30, 0x87, 0xff, 0x80, 0x30, 0x85, 0x00, 0x00, 0x08, 0x00, 0x12, 0x30,
    0x12, 0x88, 0x44, 0x81, 0x45, 0x8f, 0x80, 0x04, 0xc6, 0xbe, 0x97, 0x1d, 0x92, 0xbe, 0x94, 0x1d, 0x92, 0xbe, 0x93,
    0x1b, 0x92, 0xbe, 0x45, 0x81, 0x45, 0x91, 0x46, 0x81, 0xc6, 0x91, 0x3d, 0x81, 0x3d, 0x80, 0x3d, 0xc2, 0x3d, 0x87,
    0x10, 0x00, 0x82, 0xbf, 0x0d, 0x81, 0x30, 0x87, 0x80, 0xff, 0x30, 0x85, 0x00, 0x00, 0x00, 0x01, 0x12, 0x82, 0x0d,
    0xbf, 0x80, 0x30, 0x30, 0x85, 0x12, 0x30, 0x12, 0x88, 0x30, 0x80, 0x06, 0xbf, 0x44, 0x45, 0x45, 0x85, 0x44, 0x46,
    0x46, 0x85, 0x80, 0x47, 0x47, 0x85, 0x2d, 0x88, 0x0c, 0xbf, 0x30, 0x80, 0x30, 0x85, 0x30, 0x80, 0x06, 0xbf, 0x80,
    0xff, 0x30, 0x85, 0x00, 0x00, 0x08, 0x00, 0x12, 0x30, 0x12, 0x8a, 0x03, 0x00, 0x48, 0xd5, 0x01, 0x05, 0x19, 0x02,
    0x81, 0x06, 0x6c, 0x2d, 0x2d, 0x88, 0x0c, 0xbf, 0xff, 0x80, 0x30, 0x85, 0x00, 0x00, 0x00, 0x01, 0x30, 0xff, 0x30,
    0x88, 0x00, 0x00, 0x10, 0x00, 0x12, 0x30, 0x30, 0x87, 0x80, 0x8f, 0x30, 0x85, 0xb6, 0x00, 0x4a, 0xd5, 0x30, 0x06,
    0xda, 0x06, 0x0c, 0x2a, 0x58, 0x93, 0x58, 0x81, 0xd8, 0x80, 0x58, 0x80, 0x58, 0x90, 0x58, 0x81, 0x58, 0x80, 0xc1,
    0x90, 0x2e, 0x90, 0x2e, 0x58, 0x2e, 0x87, 0x58, 0x90, 0x2f, 0x90, 0x2f, 0x2b, 0x2f, 0x93, 0x2e, 0x2b, 0x58, 0x93,
    0x2f, 0x90, 0x2e, 0x8f, 0x2f, 0x90, 0x2f, 0x90, 0x2e, 0x58, 0x58, 0x80, 0x2f, 0x80, 0x59, 0x82, 0x58, 0x81, 0xd8,
    0x80, 0x59, 0x80, 0xd9, 0x82, 0x58, 0x85, 0xd8, 0x90, 0x58, 0x81, 0x58, 0x80, 0x59, 0x80, 0x59, 0x82, 0x08, 0x02,
    0x08, 0x7e, 0x11, 0x02, 0x0a, 0x7e, 0x83, 0x02, 0x0c, 0x36, 0x82, 0x0c, 0x84, 0x7d, 0x04, 0x0b, 0x08, 0x02, 0x81,
    0x0c, 0x84, 0x7d, 0x80, 0x6c, 0x0f, 0x02, 0x12, 0x94, 0x0d, 0xbf, 0x04, 0x00, 0x84, 0xbf, 0x05, 0x6a, 0x0f, 0xd7,
    0xb6, 0x11, 0x01, 0x00, 0x80, 0x0c, 0x84, 0x7d, 0x07, 0x0b, 0x0e, 0x02, 0x2e, 0x00, 0xc2, 0xd4, 0x83, 0x0c, 0x02,
    0x00, 0xb4, 0x00, 0x48, 0xd5, 0x07, 0x01, 0x15, 0x02, 0xb4, 0x00, 0x43, 0xd5, 0x04, 0x41, 0xd1, 0x06, 0x2b, 0x72,
    0x12, 0x7e, 0x0a, 0x00, 0x1a, 0xd5, 0x09, 0x57, 0x00, 0x00, 0xff, 0x14, 0x16, 0x36, 0x00, 0xff, 0xff, 0xff, 0xff,
    0x14, 0x84, 0x7d, 0x00, 0x00, 0x00, 0x80, 0x0b, 0x0d, 0x16, 0x7e, 0x0b, 0x55, 0x6a, 0x7f, 0xa0, 0x12, 0x10, 0x52,
    0x0a, 0x23, 0x12, 0x7e, 0x0b, 0x00, 0x4b, 0xd5, 0x0b, 0x6b, 0xcf, 0x03, 0x0b, 0x00, 0x4b, 0xd5, 0x09, 0x6b, 0x2f,
    0x04, 0x0b, 0x6b, 0x17, 0x5a, 0x00, 0x00, 0x00, 0x9f, 0xff, 0x16, 0x16, 0x10, 0x00, 0x00, 0x80, 0x5f, 0x80, 0x02,
    0x12, 0x7e, 0x0b, 0x00, 0x8d, 0xd5, 0x0b, 0x01, 0x00, 0x20, 0xb5, 0x00, 0x46, 0xd7, 0xb5, 0x13, 0x2d, 0x04, 0x09,
    0x6a, 0x76, 0xd5, 0x0a, 0x6b, 0x27, 0x04, 0xb5, 0x6a, 0x29, 0xd5, 0xb5, 0x83, 0xa9, 0x01, 0x09, 0x00, 0x6a, 0xd5,
    0xb4, 0x6b, 0x03, 0x00, 0xb5, 0x6a, 0x0f, 0xd7, 0x09, 0x69, 0x03, 0x00, 0x09, 0x6a, 0x28, 0xd5, 0x80, 0x00, 0xa9,
    0x01, 0xa0, 0x10, 0x84, 0x7d, 0xb5, 0x13, 0x6a, 0x03, 0xb5, 0x00, 0x4e, 0xd5, 0x09, 0x6b, 0x23, 0x04, 0xb3, 0x00,
    0x42, 0xd5, 0xb5, 0x97, 0xd0, 0x06, 0x85, 0x0e, 0x68, 0x2d, 0xb4, 0x00, 0x43, 0xd5, 0xb5, 0x03, 0xd1, 0x06, 0xb4,
    0x00, 0x01, 0xd5, 0xb4, 0x03, 0xb9, 0x00, 0x2a, 0x72, 0x12, 0x7e, 0x0a, 0x00, 0x1a, 0xd5, 0x09, 0x55, 0x00, 0x00,
    0xff, 0x14, 0x16, 0x36, 0x00, 0xff, 0xff, 0xff, 0xff, 0x14, 0x84, 0x7d, 0x00, 0x00, 0x00, 0x80, 0x0b, 0x0d, 0x16,
    0x7e, 0x0b, 0x55, 0x6a, 0x7f, 0xa0, 0x12, 0x10, 0x52, 0x0a, 0x23, 0x12, 0x7e, 0x0b, 0x00, 0x4b, 0xd5, 0x0b, 0x6b,
    0xcf, 0x03, 0x0b, 0x00, 0x4b, 0xd5, 0x09, 0x6b, 0x2f, 0x04, 0x0b, 0x6b, 0x17, 0x5a, 0x00, 0x00, 0x00, 0x9f, 0xff,
    0x16, 0x16, 0x10, 0x00, 0x00, 0x80, 0x5f, 0x80, 0x02, 0x12, 0x7e, 0x0b, 0x00, 0x8d, 0xd5, 0x0b, 0x01, 0x00, 0x20,
    0xb5, 0x00, 0x46, 0xd7, 0xb5, 0x13, 0x2d, 0x04, 0x09, 0x6a, 0x76, 0xd5, 0x0a, 0x6b, 0x27, 0x04, 0xb5, 0x6a, 0x29,
    0xd5, 0xb5, 0x83, 0xa9, 0x01, 0x09, 0x00, 0x6a, 0xd5, 0xb4, 0x6b, 0x03, 0x00, 0xb5, 0x6a, 0x0f, 0xd7, 0x09, 0x69,
    0x03, 0x00, 0x09, 0x6a, 0x28, 0xd5, 0x80, 0x00, 0xa9, 0x01, 0xa0, 0x10, 0x84, 0x7d, 0xb5, 0x13, 0x6a, 0x03, 0xb5,
    0x00, 0x4e, 0xd5, 0x09, 0x6b, 0x23, 0x04, 0xb4, 0x00, 0x42, 0xd5, 0xb5, 0x95, 0xd0, 0x06, 0x4c, 0x00, 0x60, 0xd7,
    0xb3, 0x05, 0x01, 0x00, 0x4d, 0x00, 0x60, 0xd7, 0xb4, 0x05, 0x01, 0x00, 0x4e, 0x00, 0x60, 0xd7, 0xb5, 0x05, 0x01,
    0x00, 0x4f, 0x00, 0x60, 0xd7, 0xb4, 0x07, 0x01, 0x00, 0x50, 0x00, 0x60, 0xd7, 0xb5, 0x07, 0x01, 0x00, 0xb3, 0x6a,
    0x0f, 0xd7, 0xb3, 0x97, 0x00, 0x00, 0xb4, 0x6a, 0x0f, 0xd7, 0xb4, 0x95, 0x00, 0x00, 0xfa, 0x02, 0x6a, 0x7f, 0xb5,
    0x05, 0x00, 0xff, 0xfa, 0x02, 0x66, 0x7f, 0xb3, 0x05, 0x00, 0xff, 0xfa, 0x02, 0x68, 0x7f, 0xb4, 0x05, 0x00, 0xff,
    0xff, 0x03, 0xaa, 0xbe, 0x00, 0x00, 0x00, 0x80, 0xff, 0x03, 0xab, 0xbe, 0x00, 0x40, 0x01, 0x31, 0xff, 0x03, 0xae,
    0xbe, 0x00, 0x00, 0x00, 0x80, 0xff, 0x03, 0xaf, 0xbe, 0x00, 0x40, 0x01, 0x31, 0xff, 0x02, 0x86, 0x7d, 0x00, 0x01,
    0x00, 0x00, 0x06, 0x00, 0x87, 0xbf, 0xfa, 0x02, 0x6e, 0x3b, 0x01, 0xad, 0x00, 0xff, 0xb7, 0x6a, 0x19, 0xd7, 0x81,
    0x6e, 0x03, 0x00, 0xb7, 0x0b, 0x6e, 0x7f, 0x05, 0x00, 0x82, 0xbf, 0xfa, 0x02, 0x6e, 0x3b, 0x01, 0x46, 0x00, 0xff,
    0xb7, 0x6a, 0x10, 0xd7, 0x81, 0x6e, 0x03, 0x00, 0xb7, 0x0b, 0x6e, 0x7f, 0x81, 0x02, 0x70, 0x7f, 0xfa, 0x02, 0x70,
    0x3b, 0x01, 0xee, 0x00, 0xf4, 0xfa, 0x02, 0x70, 0x3b, 0x01, 0x44, 0x00, 0xf8, 0xb8, 0x6a, 0x19, 0xd7, 0x81, 0x70,
    0x03, 0x00, 0x81, 0x02, 0x72, 0x7f, 0xfa, 0x02, 0x72, 0x3b, 0x01, 0x6c, 0x00, 0xf2, 0xfa, 0x02, 0x72, 0x3b, 0x01,
    0xc6, 0x00, 0xf4, 0xb9, 0x6a, 0x19, 0xd7, 0x81, 0x72, 0x03, 0x00, 0xb8, 0x0b, 0x70, 0x7f, 0xb9, 0x0b, 0x72, 0x7f,
    0xbd, 0x00, 0x16, 0xd5, 0x82, 0xb8, 0x00, 0x00, 0x83, 0x02, 0x7c, 0x37, 0xbf, 0x00, 0x48, 0xd5, 0x01, 0x09, 0x0d,
    0x02, 0xaf, 0x00, 0x43, 0xd5, 0xbf, 0x09, 0xf9, 0x06, 0x84, 0x5e, 0x5f, 0x35, 0xa5, 0x00, 0x43, 0xd5, 0xbd, 0x09,
    0xf9, 0x06, 0x84, 0x4a, 0x4b, 0x35, 0xbd, 0x00, 0x48, 0xd5, 0x01, 0x05, 0x09, 0x02, 0x81, 0x7a, 0x7d, 0x37, 0xc0,
    0x00, 0x43, 0xd5, 0xbd, 0x21, 0xf9, 0x06, 0x86, 0x80, 0x81, 0x35, 0xa5, 0x81, 0x4b, 0x3b, 0xff, 0x7a, 0x81, 0x17,
    0x00, 0x04, 0x00, 0x00, 0xaf, 0x81, 0x5f, 0x3b, 0x5c, 0x80, 0x5c, 0x90, 0xff, 0x02, 0x86, 0x7d, 0x00, 0x01, 0x00,
    0x00, 0x40, 0x00, 0x87, 0xbf, 0x12, 0xff, 0x35, 0x87, 0x00, 0x00, 0x10, 0x01, 0x80, 0x80, 0x35, 0x82, 0x81, 0x02,
    0x80, 0x2d, 0xbc, 0x35, 0x34, 0x93, 0xbf, 0x34, 0xb4, 0x80, 0xc0, 0x00, 0x4a, 0xd5, 0x34, 0x02, 0x02, 0x07, 0x81,
    0x80, 0x7b, 0x37, 0xbe, 0x00, 0x48, 0xd5, 0xc0, 0x03, 0x05, 0x02, 0xbd, 0x7d, 0x7b, 0x3b, 0xbf, 0x00, 0x48, 0xd5,
    0xc0, 0x07, 0x05, 0x02, 0xbe, 0x00, 0x43, 0xd5, 0xbe, 0x05, 0xfd, 0x06, 0xff, 0x7a, 0x7b, 0x17, 0x18, 0x01, 0x00,
    0x00, 0xbf, 0x00, 0x48, 0xd5, 0xc0, 0x05, 0x05, 0x02, 0xbe, 0x00, 0x43, 0xd5, 0xbe, 0x05, 0xf5, 0x06, 0xbe, 0x7f,
    0x7d, 0x3b, 0xff, 0x80, 0x7f, 0x37, 0xf0, 0x00, 0x00, 0x00, 0xbe, 0x7f, 0x7d, 0x3b, 0x84, 0x35, 0x34, 0x93, 0x86,
    0x34, 0xb4, 0x80, 0xc0, 0x00, 0x48, 0xd5, 0x01, 0x69, 0x04, 0x02, 0xff, 0x80, 0x81, 0x17, 0x40, 0x10, 0x00, 0x00,
    0xff, 0x7c, 0x51, 0x3b, 0x14, 0x03, 0x00, 0x00, 0xff, 0x7c, 0x53, 0x3b, 0x1c, 0x03, 0x00, 0x00, 0x88, 0x7c, 0x55,
    0x3b, 0x12, 0x80, 0x0d, 0xbf, 0xc1, 0x80, 0xea, 0x85, 0xbe, 0x55, 0x4f, 0x03, 0xaa, 0x7d, 0x55, 0x03, 0xa7, 0x00,
    0x43, 0xd5, 0x84, 0x4e, 0x03, 0x07, 0xa8, 0x00, 0x43, 0xd5, 0x84, 0x50, 0x03, 0x07, 0xa9, 0x00, 0x43, 0xd5, 0x84,
    0x52, 0x03, 0x07, 0xaa, 0x00, 0x43, 0xd5, 0x84, 0x54, 0x03, 0x07, 0xff, 0x03, 0xb4, 0xbe, 0x40, 0x10, 0x00, 0x00,
    0x12, 0xff, 0x35, 0x87, 0x00, 0x00, 0x10, 0x01, 0xff, 0x34, 0x34, 0x85, 0x80, 0x00, 0x00, 0x00, 0xab, 0x6a, 0x0f,
    0xd7, 0xa7, 0x69, 0x00, 0x00, 0xac, 0x6a, 0x0f, 0xd7, 0xa8, 0x69, 0x00, 0x00, 0xad, 0x6a, 0x0f, 0xd7, 0xa9, 0x69,
    0x00, 0x00, 0xae, 0x6a, 0x0f, 0xd7, 0xaa, 0x69, 0x00, 0x00, 0x39, 0x00, 0x82, 0xbf, 0x12, 0xff, 0xb5, 0x93, 0x14,
    0x00, 0x01, 0x00, 0x81, 0x02, 0x80, 0x2d, 0xbc, 0x35, 0x34, 0x93, 0xbf, 0x34, 0xb4, 0x80, 0xc0, 0x00, 0x4a, 0xd5,
    0x34, 0x02, 0x02, 0x07, 0x81, 0x80, 0x7b, 0x37, 0xbe, 0x00, 0x48, 0xd5, 0xc0, 0x03, 0x05, 0x02, 0xbf, 0x00, 0x48,
    0xd5, 0xc0, 0x07, 0x05, 0x02, 0xbd, 0x7d, 0x7b, 0x3b, 0xbe, 0x00, 0x43, 0xd5, 0xbe, 0x05, 0xfd, 0x06, 0xff, 0x7a,
    0x7b, 0x17, 0x09, 0x01, 0x00, 0x00, 0xbf, 0x00, 0x48, 0xd5, 0xc0, 0x05, 0x05, 0x02, 0xbe, 0x00, 0x43, 0xd5, 0xbe,
    0x05, 0xf5, 0x06, 0xbe, 0x7f, 0x7d, 0x3b, 0xff, 0x80, 0x7f, 0x37, 0xf0, 0x00, 0x00, 0x00, 0xbe, 0x7f, 0x7d, 0x39,
    0x84, 0x35, 0x34, 0x93, 0x86, 0x34, 0xb4, 0x80, 0xc0, 0x00, 0x48, 0xd5, 0x01, 0x69, 0x04, 0x02, 0xff, 0x80, 0x81,
    0x17, 0x40, 0x10, 0x00, 0x00, 0xa7, 0x00, 0x43, 0xd5, 0x84, 0x7c, 0x03, 0x07, 0xff, 0x7c, 0x51, 0x3b, 0x07, 0x03,
    0x00, 0x00, 0xa8, 0x00, 0x43, 0xd5, 0x84, 0x50, 0x03, 0x07, 0xff, 0x7c, 0x53, 0x3b, 0x0f, 0x03, 0x00, 0x00, 0xa9,
    0x00, 0x43, 0xd5, 0x84, 0x52, 0x03, 0x07, 0x88, 0x7c, 0x55, 0x3b, 0xaa, 0x00, 0x43, 0xd5, 0x84, 0x54, 0x03, 0x07,
    0xff, 0x03, 0xb4, 0xbe, 0x40, 0x10, 0x00, 0x00, 0x12, 0x94, 0x0d, 0xbf, 0xff, 0x34, 0x34, 0x85, 0x80, 0x00, 0x00,
    0x00, 0xab, 0x6a, 0x0f, 0xd7, 0xa7, 0x69, 0x00, 0x00, 0xac, 0x6a, 0x0f, 0xd7, 0xa8, 0x69, 0x00, 0x00, 0xad, 0x6a,
    0x0f, 0xd7, 0xa9, 0x69, 0x00, 0x00, 0xae, 0x6a, 0x0f, 0xd7, 0xaa, 0x69, 0x00, 0x00, 0xb3, 0x6a, 0x19, 0xd7, 0x4c,
    0x66, 0x03, 0x00, 0x4b, 0x02, 0x7c, 0x7f, 0xb3, 0x7d, 0x03, 0x7d, 0xbd, 0x6a, 0x29, 0xd5, 0x80, 0x00, 0xa9, 0x01,
    0xb3, 0x00, 0x42, 0xd5, 0xbd, 0x97, 0xcc, 0x06, 0xb5, 0x00, 0x42, 0xd5, 0xbd, 0xa1, 0xd4, 0x06, 0xb4, 0x00, 0x42,
    0xd5, 0xbd, 0x9f, 0xd0, 0x06, 0x4a, 0x02, 0x7c, 0x7f, 0xb4, 0x7d, 0x03, 0x7d, 0xbd, 0x6a, 0x29, 0xd5, 0x80, 0x00,
    0xa9, 0x01, 0xb5, 0x6a, 0x0f, 0xd7, 0xb5, 0x7b, 0x03, 0x00, 0xb4, 0x00, 0x42, 0xd5, 0xbd, 0x7d, 0xd3, 0x06, 0xb4,
    0x6a, 0x19, 0xd7, 0x4d, 0x68, 0x03, 0x00, 0xb4, 0x7d, 0x03, 0x7d, 0xbd, 0x6a, 0x29, 0xd5, 0x80, 0x00, 0xa9, 0x01,
    0xb5, 0x6a, 0x0f, 0xd7, 0xb5, 0x7b, 0x03, 0x00, 0xb4, 0x00, 0x42, 0xd5, 0xbd, 0x95, 0xd0, 0x06, 0xb5, 0x6a, 0x19,
    0xd7, 0x4e, 0x6a, 0x03, 0x00, 0x80, 0x03, 0xbe, 0xbe, 0x1c, 0x03, 0xbf, 0xbe, 0x81, 0x03, 0xc0, 0xbe, 0x80, 0x03,
    0xd4, 0xbe, 0x10, 0x03, 0xd5, 0xbe, 0x55, 0x03, 0xd3, 0xbe, 0xc1, 0x5c, 0xdd, 0x80, 0x5d, 0xa0, 0xdd, 0x80, 0x95,
    0x1d, 0x92, 0xbe, 0x80, 0x03, 0xaf, 0xbe, 0x80, 0x03, 0xb3, 0xbe, 0xbd, 0x6a, 0x0f, 0xd7, 0x82, 0x02, 0x02, 0x00,
    0xbd, 0x00, 0x48, 0xd5, 0xbd, 0x05, 0x05, 0x02, 0x6a, 0x00, 0xc5, 0xd4, 0xbd, 0x03, 0x01, 0x00, 0x6a, 0x04, 0x8a,
    0xbe, 0x93, 0x03, 0xde, 0xbe, 0x80, 0x03, 0xd2, 0xbe, 0x9a, 0x1d, 0x92, 0xbe, 0x39, 0x0c, 0x26, 0xbb, 0xff, 0x02,
    0x86, 0x7d, 0x00, 0x01, 0x00, 0x00, 0x41, 0x00, 0x87, 0xbf, 0x43, 0x06, 0x82, 0xbf, 0x00, 0x00, 0x80, 0xbf, 0x00,
    0x00, 0x80, 0xbf, 0x00, 0x00, 0x80, 0xbf, 0x00, 0x00, 0x80, 0xbf, 0x00, 0x00, 0x80, 0xbf, 0x00, 0x00, 0x80, 0xbf,
    0x00, 0x00, 0x80, 0xbf, 0x00, 0x00, 0x80, 0xbf, 0x00, 0x00, 0x80, 0xbf, 0x00, 0x00, 0x80, 0xbf, 0x00, 0x00, 0x80,
    0xbf, 0x00, 0x00, 0x80, 0xbf, 0x00, 0x00, 0x80, 0xbf, 0x00, 0x00, 0x80, 0xbf, 0x00, 0x00, 0x80, 0xbf, 0x00, 0x00,
    0x80, 0xbf, 0x00, 0x00, 0x80, 0xbf, 0x00, 0x00, 0x80, 0xbf, 0x00, 0x00, 0x80, 0xbf, 0x00, 0x00, 0x80, 0xbf, 0x00,
    0x00, 0x80, 0xbf, 0x00, 0x00, 0x80, 0xbf, 0x00, 0x00, 0x80, 0xbf, 0x00, 0x00, 0x80, 0xbf, 0x00, 0x00, 0x80, 0xbf,
    0x00, 0x00, 0x80, 0xbf, 0x00, 0x00, 0x80, 0xbf, 0x00, 0x00, 0x80, 0xbf, 0x00, 0x00, 0x80, 0xbf, 0x00, 0x00, 0x80,
    0xbf, 0x00, 0x00, 0x80, 0xbf, 0x00, 0x00, 0x80, 0xbf, 0x00, 0x00, 0x80, 0xbf, 0x00, 0x00, 0x80, 0xbf, 0x00, 0x00,
    0x80, 0xbf, 0x00, 0x00, 0x80, 0xbf, 0x00, 0x00, 0x80, 0xbf, 0x00, 0x00, 0x80, 0xbf, 0x00, 0x00, 0x80, 0xbf, 0x00,
    0x00, 0x80, 0xbf, 0x00, 0x00, 0x80, 0xbf, 0x00, 0x00, 0x80, 0xbf, 0x00, 0x00, 0x80, 0xbf, 0x00, 0x00, 0x80, 0xbf,
    0x00, 0x00, 0x80, 0xbf, 0x00, 0x00, 0x80, 0xbf, 0x00, 0x00, 0x80, 0xbf, 0x00, 0x00, 0x80, 0xbf, 0x00, 0x00, 0x80,
    0xbf, 0x00, 0x00, 0x80, 0xbf, 0x00, 0x00, 0x80, 0xbf, 0x00, 0x00, 0x80, 0xbf, 0x00, 0x00, 0x80, 0xbf, 0x00, 0x00,
    0x80, 0xbf, 0x00, 0x00, 0x80, 0xbf, 0x00, 0x00, 0x80, 0xbf, 0x00, 0x00, 0x80, 0xbf, 0x00, 0x00, 0x80, 0xbf, 0x00,
    0x00, 0x80, 0xbf, 0x00, 0x00, 0x80, 0xbf, 0x00, 0x00, 0x80, 0xbf, 0x00, 0x00, 0x80, 0xbf, 0x00, 0x00, 0x80, 0xbf,
    0x00, 0x00, 0x80, 0xbf, 0x00, 0x00, 0x80, 0xbf, 0x00, 0x00, 0x80, 0xbf, 0x00, 0x00, 0x80, 0xbf, 0x00, 0x00, 0x80,
    0xbf, 0x00, 0x00, 0x80, 0xbf, 0xfa, 0xe2, 0xe2, 0x02, 0x71, 0x41, 0x01, 0xff, 0x45, 0xab, 0x04, 0x56, 0x46, 0xab,
    0x06, 0x56, 0x47, 0xab, 0x08, 0x56, 0x48, 0xab, 0x0a, 0x56, 0x49, 0xab, 0x0c, 0x56, 0x4a, 0xab, 0x0e, 0x56, 0x4b,
    0xab, 0x10, 0x56, 0x4c, 0xab, 0x12, 0x56, 0xfa, 0xe4, 0xe4, 0x02, 0x72, 0x41, 0x01, 0xff, 0x45, 0xad, 0x14, 0x56,
    0x46, 0xad, 0x16, 0x56, 0x47, 0xad, 0x18, 0x56, 0x48, 0xad, 0x1a, 0x56, 0x49, 0xad, 0x1c, 0x56, 0x4a, 0xad, 0x1e,
    0x56, 0x4b, 0xad, 0x20, 0x56, 0x4c, 0xad, 0x22, 0x56, 0xfa, 0xe6, 0xe6, 0x02, 0x73, 0x41, 0x01, 0xff, 0x45, 0xaf,
    0x24, 0x56, 0x46, 0xaf, 0x26, 0x56, 0x47, 0xaf, 0x28, 0x56, 0x48, 0xaf, 0x2a, 0x56, 0x49, 0xaf, 0x2c, 0x56, 0x4a,
    0xaf, 0x2e, 0x56, 0x4b, 0xaf, 0x30, 0x56, 0x4c, 0xaf, 0x32, 0x56, 0xfa, 0xe8, 0xe8, 0x02, 0x74, 0x41, 0x01, 0xff,
    0x45, 0xb1, 0x34, 0x56, 0x46, 0xb1, 0x36, 0x56, 0x47, 0xb1, 0x38, 0x56, 0x48, 0xb1, 0x3a, 0x56, 0x49, 0xb1, 0x3c,
    0x56, 0x4a, 0xb1, 0x3e, 0x56, 0x4b, 0xb1, 0x40, 0x56, 0x4c, 0xb1, 0x42, 0x56, 0x71, 0x00, 0x05, 0xd5, 0x73, 0xe3,
    0x02, 0x18, 0x45, 0xb3, 0x44, 0x56, 0x46, 0xb3, 0x46, 0x56, 0x47, 0xb3, 0x48, 0x56, 0x48, 0xb3, 0x4a, 0x56, 0x49,
    0xb3, 0x4c, 0x56, 0x4a, 0xb3, 0x4e, 0x56, 0x4b, 0xb3, 0x50, 0x56, 0x4c, 0xb3, 0x52, 0x56, 0x74, 0x00, 0x05, 0xd5,
    0x72, 0xe9, 0x02, 0x18, 0x45, 0xb5, 0x54, 0x56, 0x46, 0xb5, 0x56, 0x56, 0x47, 0xb5, 0x58, 0x56, 0x48, 0xb5, 0x5a,
    0x56, 0x49, 0xb5, 0x5c, 0x56, 0x4a, 0xb5, 0x5e, 0x56, 0x4b, 0xb5, 0x60, 0x56, 0x4c, 0xb5, 0x62, 0x56, 0x72, 0x00,
    0x03, 0xd5, 0x73, 0xe5, 0x02, 0x18, 0x45, 0xb7, 0x64, 0x56, 0x46, 0xb7, 0x66, 0x56, 0x47, 0xb7, 0x68, 0x56, 0x48,
    0xb7, 0x6a, 0x56, 0x49, 0xb7, 0x6c, 0x56, 0x4a, 0xb7, 0x6e, 0x56, 0x4b, 0xb7, 0x70, 0x56, 0x4c, 0xb7, 0x72, 0x56,
    0x73, 0x00, 0x4b, 0xd5, 0x73, 0xe5, 0xc9, 0x85, 0x45, 0xb9, 0x74, 0x56, 0x46, 0xb9, 0x76, 0x56, 0x47, 0xb9, 0x78,
    0x56, 0x48, 0xb9, 0x7a, 0x56, 0x49, 0xb9, 0x7c, 0x56, 0x4a, 0xb9, 0x7e, 0x56, 0x4b, 0xb9, 0x80, 0x56, 0x4c, 0xb9,
    0x82, 0x56, 0xfa, 0x6e, 0xe3, 0x56, 0x71, 0x5a, 0x00, 0xff, 0xfa, 0x6e, 0xe5, 0x56, 0x72, 0x5a, 0x00, 0xff, 0xfa,
    0x6e, 0xe7, 0x56, 0x73, 0x5a, 0x00, 0xff, 0xfa, 0x6e, 0xe9, 0x56, 0x74, 0x5a, 0x00, 0xff, 0x00, 0x00, 0x34, 0xd8,
    0xab, 0x69, 0x00, 0x00, 0x00, 0x73, 0xfc, 0xdb, 0xaf, 0x00, 0x00, 0x45, 0x00, 0x00, 0x34, 0xd8, 0xac, 0x6a, 0x00,
    0x00, 0x00, 0x74, 0xfc, 0xdb, 0xaf, 0x00, 0x00, 0x49, 0x00, 0x00, 0x34, 0xd8, 0xad, 0x6b, 0x00, 0x00, 0x00, 0x71,
    0xfc, 0xdb, 0xa5, 0x00, 0x00, 0x55, 0x00, 0x00, 0x34, 0xd8, 0xae, 0x6c, 0x00, 0x00, 0x80, 0x71, 0xfc, 0xdb, 0xa5,
    0x00, 0x00, 0x59, 0x00, 0x00, 0x8f, 0xbf, 0x5b, 0xff, 0x5b, 0x80, 0x00, 0x01, 0x00, 0x00, 0x28, 0x45, 0x28, 0x80,
    0x29, 0x80, 0x29, 0x82, 0x00, 0x10, 0x30, 0xe0, 0x95, 0x65, 0x0a, 0x80, 0x00, 0x10, 0x30, 0xe0, 0x97, 0x67, 0x0a,
    0x80, 0x00, 0x10, 0x30, 0xe0, 0x96, 0x66, 0x0a, 0x80, 0x00, 0x10, 0x30, 0xe0, 0x98, 0x68, 0x0a, 0x80, 0x7c, 0x48,
    0x8c, 0xbf, 0x01, 0x00, 0x8f, 0xbf, 0x9a, 0x1b, 0x92, 0xbe, 0x48, 0xc1, 0x48, 0x80, 0x06, 0x00, 0x85, 0xbf, 0x75,
    0x0b, 0x26, 0xbb, 0x00, 0x00, 0x80, 0xbf, 0x00, 0x00, 0x80, 0xbf, 0x00, 0x00, 0x80, 0xbf, 0x00, 0x00, 0x80, 0xbf,
    0x00, 0x00, 0x80, 0xbf, 0xfa, 0xea, 0xea, 0x02, 0x75, 0x41, 0x01, 0xff, 0x4d, 0xbb, 0x04, 0x56, 0x4e, 0xbb, 0x06,
    0x56, 0x4f, 0xbb, 0x08, 0x56, 0x50, 0xbb, 0x0a, 0x56, 0x51, 0xbb, 0x0c, 0x56, 0x52, 0xbb, 0x0e, 0x56, 0x53, 0xbb,
    0x10, 0x56, 0x54, 0xbb, 0x12, 0x56, 0xfa, 0xec, 0xec, 0x02, 0x76, 0x41, 0x01, 0xff, 0x4d, 0xbd, 0x14, 0x56, 0x4e,
    0xbd, 0x16, 0x56, 0x4f, 0xbd, 0x18, 0x56, 0x50, 0xbd, 0x1a, 0x56, 0x51, 0xbd, 0x1c, 0x56, 0x52, 0xbd, 0x1e, 0x56,
    0x53, 0xbd, 0x20, 0x56, 0x54, 0xbd, 0x22, 0x56, 0xfa, 0xee, 0xee, 0x02, 0x77, 0x41, 0x01, 0xff, 0x4d, 0xbf, 0x24,
    0x56, 0x4e, 0xbf, 0x26, 0x56, 0x4f, 0xbf, 0x28, 0x56, 0x50, 0xbf, 0x2a, 0x56, 0x51, 0xbf, 0x2c, 0x56, 0x52, 0xbf,
    0x2e, 0x56, 0x53, 0xbf, 0x30, 0x56, 0x54, 0xbf, 0x32, 0x56, 0xfa, 0xf0, 0xf0, 0x02, 0x78, 0x41, 0x01, 0xff, 0x4d,
    0xc1, 0x34, 0x56, 0x4e, 0xc1, 0x36, 0x56, 0x4f, 0xc1, 0x38, 0x56, 0x50, 0xc1, 0x3a, 0x56, 0x51, 0xc1, 0x3c, 0x56,
    0x52, 0xc1, 0x3e, 0x56, 0x53, 0xc1, 0x40, 0x56, 0x54, 0xc1, 0x42, 0x56, 0x75, 0x00, 0x05, 0xd5, 0x77, 0xeb, 0x02,
    0x18, 0x4d, 0xc3, 0x44, 0x56, 0x4e, 0xc3, 0x46, 0x56, 0x4f, 0xc3, 0x48, 0x56, 0x50, 0xc3, 0x4a, 0x56, 0x51, 0xc3,
    0x4c, 0x56, 0x52, 0xc3, 0x4e, 0x56, 0x53, 0xc3, 0x50, 0x56, 0x54, 0xc3, 0x52, 0x56, 0x78, 0x00, 0x05, 0xd5, 0x76,
    0xf1, 0x02, 0x18, 0x4d, 0xc5, 0x54, 0x56, 0x4e, 0xc5, 0x56, 0x56, 0x4f, 0xc5, 0x58, 0x56, 0x50, 0xc5, 0x5a, 0x56,
    0x51, 0xc5, 0x5c, 0x56, 0x52, 0xc5, 0x5e, 0x56, 0x53, 0xc5, 0x60, 0x56, 0x54, 0xc5, 0x62, 0x56, 0x76, 0x00, 0x03,
    0xd5, 0x77, 0xed, 0x02, 0x18, 0x4d, 0xc7, 0x64, 0x56, 0x4e, 0xc7, 0x66, 0x56, 0x4f, 0xc7, 0x68, 0x56, 0x50, 0xc7,
    0x6a, 0x56, 0x51, 0xc7, 0x6c, 0x56, 0x52, 0xc7, 0x6e, 0x56, 0x53, 0xc7, 0x70, 0x56, 0x54, 0xc7, 0x72, 0x56, 0x77,
    0x00, 0x4b, 0xd5, 0x77, 0xe5, 0xd9, 0x85, 0x4d, 0xc9, 0x74, 0x56, 0x4e, 0xc9, 0x76, 0x56, 0x4f, 0xc9, 0x78, 0x56,
    0x50, 0xc9, 0x7a, 0x56, 0x51, 0xc9, 0x7c, 0x56, 0x52, 0xc9, 0x7e, 0x56, 0x53, 0xc9, 0x80, 0x56, 0x54, 0xc9, 0x82,
    0x56, 0xfa, 0x6e, 0xeb, 0x56, 0x75, 0x5a, 0x00, 0xff, 0xfa, 0x6e, 0xed, 0x56, 0x76, 0x5a, 0x00, 0xff, 0xfa, 0x6e,
    0xef, 0x56, 0x77, 0x5a, 0x00, 0xff, 0xfa, 0x6e, 0xf1, 0x56, 0x78, 0x5a, 0x00, 0xff, 0x40, 0x20, 0x34, 0xd8, 0xa7,
    0x6d, 0x00, 0x00, 0x00, 0x83, 0xfc, 0xdb, 0xaf, 0x00, 0x00, 0x4d, 0x40, 0x20, 0x34, 0xd8, 0xa8, 0x6e, 0x00, 0x00,
    0x00, 0x84, 0xfc, 0xdb, 0xaf, 0x00, 0x00, 0x51, 0x40, 0x20, 0x34, 0xd8, 0xa9, 0x6f, 0x00, 0x00, 0x00, 0x81, 0xfc,
    0xdb, 0xa5, 0x00, 0x00, 0x5d, 0x40, 0x20, 0x34, 0xd8, 0xaa, 0x70, 0x00, 0x00, 0x80, 0x81, 0xfc, 0xdb, 0xa5, 0x00,
    0x00, 0x61, 0x00, 0x00, 0x8f, 0xbf, 0x28, 0x46, 0x28, 0x80, 0x29, 0x47, 0x29, 0x82, 0x00, 0x10, 0x30, 0xe0, 0x99,
    0x69, 0x0a, 0x80, 0x00, 0x10, 0x30, 0xe0, 0x9b, 0x6b, 0x0a, 0x80, 0x00, 0x10, 0x30, 0xe0, 0x9a, 0x6a, 0x0a, 0x80,
    0x00, 0x10, 0x30, 0xe0, 0x9c, 0x6c, 0x0a, 0x80, 0x7f, 0xc8, 0x8c, 0xbf, 0xc0, 0xff, 0xf8, 0xd8, 0x00, 0x00, 0x00,
    0xbc, 0x01, 0x00, 0x8f, 0xbf, 0x9a, 0x1d, 0x92, 0xbe, 0x48, 0xc1, 0x48, 0x80, 0x06, 0x00, 0x85, 0xbf, 0xf5, 0x0a,
    0x26, 0xbb, 0x00, 0x00, 0x80, 0xbf, 0x00, 0x00, 0x80, 0xbf, 0x00, 0x00, 0x80, 0xbf, 0x00, 0x00, 0x80, 0xbf, 0x00,
    0x00, 0x80, 0xbf, 0xfa, 0xf2, 0xf2, 0x02, 0x79, 0x41, 0x01, 0xff, 0x45, 0xab, 0x04, 0x56, 0x46, 0xab, 0x06, 0x56,
    0x47, 0xab, 0x08, 0x56, 0x48, 0xab, 0x0a, 0x56, 0x49, 0xab, 0x0c, 0x56, 0x4a, 0xab, 0x0e, 0x56, 0x4b, 0xab, 0x10,
    0x56, 0x4c, 0xab, 0x12, 0x56, 0xfa, 0xf4, 0xf4, 0x02, 0x7a, 0x41, 0x01, 0xff, 0x45, 0xad, 0x14, 0x56, 0x46, 0xad,
    0x16, 0x56, 0x47, 0xad, 0x18, 0x56, 0x48, 0xad, 0x1a, 0x56, 0x49, 0xad, 0x1c, 0x56, 0x4a, 0xad, 0x1e, 0x56, 0x4b,
    0xad, 0x20, 0x56, 0x4c, 0xad, 0x22, 0x56, 0xfa, 0xf6, 0xf6, 0x02, 0x7b, 0x41, 0x01, 0xff, 0x45, 0xaf, 0x24, 0x56,
    0x46, 0xaf, 0x26, 0x56, 0x47, 0xaf, 0x28, 0x56, 0x48, 0xaf, 0x2a, 0x56, 0x49, 0xaf, 0x2c, 0x56, 0x4a, 0xaf, 0x2e,
    0x56, 0x4b, 0xaf, 0x30, 0x56, 0x4c, 0xaf, 0x32, 0x56, 0xfa, 0xf8, 0xf8, 0x02, 0x7c, 0x41, 0x01, 0xff, 0x45, 0xb1,
    0x34, 0x56, 0x46, 0xb1, 0x36, 0x56, 0x47, 0xb1, 0x38, 0x56, 0x48, 0xb1, 0x3a, 0x56, 0x49, 0xb1, 0x3c, 0x56, 0x4a,
    0xb1, 0x3e, 0x56, 0x4b, 0xb1, 0x40, 0x56, 0x4c, 0xb1, 0x42, 0x56, 0x79, 0x00, 0x05, 0xd5, 0x7b, 0xf3, 0x02, 0x18,
    0x45, 0xb3, 0x44, 0x56, 0x46, 0xb3, 0x46, 0x56, 0x47, 0xb3, 0x48, 0x56, 0x48, 0xb3, 0x4a, 0x56, 0x49, 0xb3, 0x4c,
    0x56, 0x4a, 0xb3, 0x4e, 0x56, 0x4b, 0xb3, 0x50, 0x56, 0x4c, 0xb3, 0x52, 0x56, 0x7c, 0x00, 0x05, 0xd5, 0x7a, 0xf9,
    0x02, 0x18, 0x45, 0xb5, 0x54, 0x56, 0x46, 0xb5, 0x56, 0x56, 0x47, 0xb5, 0x58, 0x56, 0x48, 0xb5, 0x5a, 0x56, 0x49,
    0xb5, 0x5c, 0x56, 0x4a, 0xb5, 0x5e, 0x56, 0x4b, 0xb5, 0x60, 0x56, 0x4c, 0xb5, 0x62, 0x56, 0x7a, 0x00, 0x03, 0xd5,
    0x7b, 0xf5, 0x02, 0x18, 0x45, 0xb7, 0x64, 0x56, 0x46, 0xb7, 0x66, 0x56, 0x47, 0xb7, 0x68, 0x56, 0x48, 0xb7, 0x6a,
    0x56, 0x49, 0xb7, 0x6c, 0x56, 0x4a, 0xb7, 0x6e, 0x56, 0x4b, 0xb7, 0x70, 0x56, 0x4c, 0xb7, 0x72, 0x56, 0x7b, 0x00,
    0x4b, 0xd5, 0x7b, 0xe5, 0xe9, 0x85, 0x45, 0xb9, 0x74, 0x56, 0x46, 0xb9, 0x76, 0x56, 0x47, 0xb9, 0x78, 0x56, 0x48,
    0xb9, 0x7a, 0x56, 0x49, 0xb9, 0x7c, 0x56, 0x4a, 0xb9, 0x7e, 0x56, 0x4b, 0xb9, 0x80, 0x56, 0x4c, 0xb9, 0x82, 0x56,
    0xfa, 0x6e, 0xf3, 0x56, 0x79, 0x5a, 0x00, 0xff, 0xfa, 0x6e, 0xf5, 0x56, 0x7a, 0x5a, 0x00, 0xff, 0xfa, 0x6e, 0xf7,
    0x56, 0x7b, 0x5a, 0x00, 0xff, 0xfa, 0x6e, 0xf9, 0x56, 0x7c, 0x5a, 0x00, 0xff, 0x40, 0x20, 0x34, 0xd8, 0xab, 0x71,
    0x00, 0x00, 0x40, 0x93, 0xfc, 0xdb, 0xaf, 0x00, 0x00, 0x45, 0x40, 0x20, 0x34, 0xd8, 0xac, 0x72, 0x00, 0x00, 0x40,
    0x94, 0xfc, 0xdb, 0xaf, 0x00, 0x00, 0x49, 0x40, 0x20, 0x34, 0xd8, 0xad, 0x73, 0x00, 0x00, 0x40, 0x91, 0xfc, 0xdb,
    0xa5, 0x00, 0x00, 0x55, 0x40, 0x20, 0x34, 0xd8, 0xae, 0x74, 0x00, 0x00, 0xc0, 0x91, 0xfc, 0xdb, 0xa5, 0x00, 0x00,
    0x59, 0x00, 0x00, 0x8f, 0xbf, 0xff, 0x03, 0xfc, 0xbe, 0xc0, 0xff, 0x02, 0x00, 0x28, 0x45, 0x28, 0x80, 0x29, 0x80,
    0x29, 0x82, 0x00, 0x10, 0x30, 0xe0, 0x95, 0x6d, 0x0a, 0x80, 0x00, 0x10, 0x30, 0xe0, 0x97, 0x6f, 0x0a, 0x80, 0x00,
    0x10, 0x30, 0xe0, 0x96, 0x6e, 0x0a, 0x80, 0x00, 0x10, 0x30, 0xe0, 0x98, 0x70, 0x0a, 0x80, 0x7c, 0x48, 0x8c, 0xbf,
    0x01, 0x00, 0x8f, 0xbf, 0x9a, 0x1b, 0x92, 0xbe, 0x48, 0xc1, 0x48, 0x80, 0x06, 0x00, 0x85, 0xbf, 0x75, 0x0a, 0x26,
    0xbb, 0x00, 0x00, 0x80, 0xbf, 0x00, 0x00, 0x80, 0xbf, 0x00, 0x00, 0x80, 0xbf, 0x00, 0x00, 0x80, 0xbf, 0x00, 0x00,
    0x80, 0xbf, 0xfa, 0xfa, 0xfa, 0x02, 0x7d, 0x41, 0x01, 0xff, 0x4d, 0xbb, 0x04, 0x56, 0x4e, 0xbb, 0x06, 0x56, 0x4f,
    0xbb, 0x08, 0x56, 0x50, 0xbb, 0x0a, 0x56, 0x51, 0xbb, 0x0c, 0x56, 0x52, 0xbb, 0x0e, 0x56, 0x53, 0xbb, 0x10, 0x56,
    0x54, 0xbb, 0x12, 0x56, 0xfa, 0xfc, 0xfc, 0x02, 0x7e, 0x41, 0x01, 0xff, 0x4d, 0xbd, 0x14, 0x56, 0x4e, 0xbd, 0x16,
    0x56, 0x4f, 0xbd, 0x18, 0x56, 0x50, 0xbd, 0x1a, 0x56, 0x51, 0xbd, 0x1c, 0x56, 0x52, 0xbd, 0x1e, 0x56, 0x53, 0xbd,
    0x20, 0x56, 0x54, 0xbd, 0x22, 0x56, 0xfa, 0xfe, 0xfe, 0x02, 0x7f, 0x41, 0x01, 0xff, 0x4d, 0xbf, 0x24, 0x56, 0x4e,
    0xbf, 0x26, 0x56, 0x4f, 0xbf, 0x28, 0x56, 0x50, 0xbf, 0x2a, 0x56, 0x51, 0xbf, 0x2c, 0x56, 0x52, 0xbf, 0x2e, 0x56,
    0x53, 0xbf, 0x30, 0x56, 0x54, 0xbf, 0x32, 0x56, 0xfa, 0x00, 0x01, 0x03, 0x80, 0x41, 0x01, 0xff, 0x4d, 0xc1, 0x34,
    0x56, 0x4e, 0xc1, 0x36, 0x56, 0x4f, 0xc1, 0x38, 0x56, 0x50, 0xc1, 0x3a, 0x56, 0x51, 0xc1, 0x3c, 0x56, 0x52, 0xc1,
    0x3e, 0x56, 0x53, 0xc1, 0x40, 0x56, 0x54, 0xc1, 0x42, 0x56, 0x7d, 0x00, 0x05, 0xd5, 0x7f, 0xfb, 0x02, 0x18, 0x4d,
    0xc3, 0x44, 0x56, 0x4e, 0xc3, 0x46, 0x56, 0x4f, 0xc3, 0x48, 0x56, 0x50, 0xc3, 0x4a, 0x56, 0x51, 0xc3, 0x4c, 0x56,
    0x52, 0xc3, 0x4e, 0x56, 0x53, 0xc3, 0x50, 0x56, 0x54, 0xc3, 0x52, 0x56, 0x80, 0x00, 0x05, 0xd5, 0x7e, 0x01, 0x03,
    0x18, 0x4d, 0xc5, 0x54, 0x56, 0x4e, 0xc5, 0x56, 0x56, 0x4f, 0xc5, 0x58, 0x56, 0x50, 0xc5, 0x5a, 0x56, 0x51, 0xc5,
    0x5c, 0x56, 0x52, 0xc5, 0x5e, 0x56, 0x53, 0xc5, 0x60, 0x56, 0x54, 0xc5, 0x62, 0x56, 0x7e, 0x00, 0x03, 0xd5, 0x7f,
    0xfd, 0x02, 0x18, 0x4d, 0xc7, 0x64, 0x56, 0x4e, 0xc7, 0x66, 0x56, 0x4f, 0xc7, 0x68, 0x56, 0x50, 0xc7, 0x6a, 0x56,
    0x51, 0xc7, 0x6c, 0x56, 0x52, 0xc7, 0x6e, 0x56, 0x53, 0xc7, 0x70, 0x56, 0x54, 0xc7, 0x72, 0x56, 0x7f, 0x00, 0x4b,
    0xd5, 0x7f, 0xe5, 0xf9, 0x85, 0x4d, 0xc9, 0x74, 0x56, 0x4e, 0xc9, 0x76, 0x56, 0x4f, 0xc9, 0x78, 0x56, 0x50, 0xc9,
    0x7a, 0x56, 0x51, 0xc9, 0x7c, 0x56, 0x52, 0xc9, 0x7e, 0x56, 0x53, 0xc9, 0x80, 0x56, 0x54, 0xc9, 0x82, 0x56, 0xfa,
    0x6e, 0xfb, 0x56, 0x7d, 0x5a, 0x00, 0xff, 0xfa, 0x6e, 0xfd, 0x56, 0x7e, 0x5a, 0x00, 0xff, 0xfa, 0x6e, 0xff, 0x56,
    0x7f, 0x5a, 0x00, 0xff, 0xfa, 0x6e, 0x01, 0x57, 0x80, 0x5a, 0x00, 0xff, 0x6a, 0x00, 0xc2, 0xd4, 0xfe, 0xb6, 0x00,
    0x00, 0xfd, 0xff, 0x86, 0xbf, 0x0a, 0x04, 0xea, 0xbe, 0x80, 0x40, 0x34, 0xd8, 0xa7, 0x75, 0x00, 0x00, 0x40, 0xa3,
    0xfc, 0xdb, 0xaf, 0x00, 0x00, 0x4d, 0x80, 0x40, 0x34, 0xd8, 0xa8, 0x76, 0x00, 0x00, 0x40, 0xa4, 0xfc, 0xdb, 0xaf,
    0x00, 0x00, 0x51, 0x80, 0x40, 0x34, 0xd8, 0xa9, 0x77, 0x00, 0x00, 0x40, 0xa1, 0xfc, 0xdb, 0xa5, 0x00, 0x00, 0x5d,
    0x80, 0x40, 0x34, 0xd8, 0xaa, 0x78, 0x00, 0x00, 0xc0, 0xa1, 0xfc, 0xdb, 0xa5, 0x00, 0x00, 0x61, 0x00, 0x00, 0x8f,
    0xbf, 0x28, 0x46, 0x28, 0x80, 0x29, 0x47, 0x29, 0x82, 0x00, 0x10, 0x30, 0xe0, 0x99, 0x71, 0x0a, 0x80, 0x00, 0x10,
    0x30, 0xe0, 0x9b, 0x73, 0x0a, 0x80, 0x00, 0x10, 0x30, 0xe0, 0x9a, 0x72, 0x0a, 0x80, 0x00, 0x10, 0x30, 0xe0, 0x9c,
    0x74, 0x0a, 0x80, 0x7f, 0xc8, 0x8c, 0xbf, 0x01, 0x00, 0x8f, 0xbf, 0x9a, 0x1d, 0x92, 0xbe, 0x48, 0xc1, 0x48, 0x80,
    0x04, 0x00, 0x85, 0xbf, 0xf3, 0x09, 0x26, 0xbb, 0x00, 0x00, 0x80, 0xbf, 0x00, 0x00, 0x80, 0xbf, 0x00, 0x00, 0x80,
    0xbf, 0xfa, 0x02, 0x03, 0x03, 0x81, 0x41, 0x01, 0xff, 0x45, 0xab, 0x04, 0x56, 0x46, 0xab, 0x06, 0x56, 0x47, 0xab,
    0x08, 0x56, 0x48, 0xab, 0x0a, 0x56, 0x49, 0xab, 0x0c, 0x56, 0x4a, 0xab, 0x0e, 0x56, 0x4b, 0xab, 0x10, 0x56, 0x4c,
    0xab, 0x12, 0x56, 0xfa, 0x04, 0x05, 0x03, 0x82, 0x41, 0x01, 0xff, 0x45, 0xad, 0x14, 0x56, 0x46, 0xad, 0x16, 0x56,
    0x47, 0xad, 0x18, 0x56, 0x48, 0xad, 0x1a, 0x56, 0x49, 0xad, 0x1c, 0x56, 0x4a, 0xad, 0x1e, 0x56, 0x4b, 0xad, 0x20,
    0x56, 0x4c, 0xad, 0x22, 0x56, 0xfa, 0x06, 0x07, 0x03, 0x83, 0x41, 0x01, 0xff, 0x45, 0xaf, 0x24, 0x56, 0x46, 0xaf,
    0x26, 0x56, 0x47, 0xaf, 0x28, 0x56, 0x48, 0xaf, 0x2a, 0x56, 0x49, 0xaf, 0x2c, 0x56, 0x4a, 0xaf, 0x2e, 0x56, 0x4b,
    0xaf, 0x30, 0x56, 0x4c, 0xaf, 0x32, 0x56, 0xfa, 0x08, 0x09, 0x03, 0x84, 0x41, 0x01, 0xff, 0x45, 0xb1, 0x34, 0x56,
    0x46, 0xb1, 0x36, 0x56, 0x47, 0xb1, 0x38, 0x56, 0x48, 0xb1, 0x3a, 0x56, 0x49, 0xb1, 0x3c, 0x56, 0x4a, 0xb1, 0x3e,
    0x56, 0x4b, 0xb1, 0x40, 0x56, 0x4c, 0xb1, 0x42, 0x56, 0x81, 0x00, 0x05, 0xd5, 0x83, 0x03, 0x03, 0x18, 0x45, 0xb3,
    0x44, 0x56, 0x46, 0xb3, 0x46, 0x56, 0x47, 0xb3, 0x48, 0x56, 0x48, 0xb3, 0x4a, 0x56, 0x49, 0xb3, 0x4c, 0x56, 0x4a,
    0xb3, 0x4e, 0x56, 0x4b, 0xb3, 0x50, 0x56, 0x4c, 0xb3, 0x52, 0x56, 0x84, 0x00, 0x05, 0xd5, 0x82, 0x09, 0x03, 0x18,
    0x45, 0xb5, 0x54, 0x56, 0x46, 0xb5, 0x56, 0x56, 0x47, 0xb5, 0x58, 0x56, 0x48, 0xb5, 0x5a, 0x56, 0x49, 0xb5, 0x5c,
    0x56, 0x4a, 0xb5, 0x5e, 0x56, 0x4b, 0xb5, 0x60, 0x56, 0x4c, 0xb5, 0x62, 0x56, 0x82, 0x00, 0x03, 0xd5, 0x83, 0x05,
    0x03, 0x18, 0x45, 0xb7, 0x64, 0x56, 0x46, 0xb7, 0x66, 0x56, 0x47, 0xb7, 0x68, 0x56, 0x48, 0xb7, 0x6a, 0x56, 0x49,
    0xb7, 0x6c, 0x56, 0x4a, 0xb7, 0x6e, 0x56, 0x4b, 0xb7, 0x70, 0x56, 0x4c, 0xb7, 0x72, 0x56, 0x83, 0x00, 0x4b, 0xd5,
    0x83, 0xe5, 0x09, 0x86, 0x45, 0xb9, 0x74, 0x56, 0x46, 0xb9, 0x76, 0x56, 0x47, 0xb9, 0x78, 0x56, 0x48, 0xb9, 0x7a,
    0x56, 0x49, 0xb9, 0x7c, 0x56, 0x4a, 0xb9, 0x7e, 0x56, 0x4b, 0xb9, 0x80, 0x56, 0x4c, 0xb9, 0x82, 0x56, 0xfa, 0x6e,
    0x03, 0x57, 0x81, 0x5a, 0x00, 0xff, 0xfa, 0x6e, 0x05, 0x57, 0x82, 0x5a, 0x00, 0xff, 0xfa, 0x6e, 0x07, 0x57, 0x83,
    0x5a, 0x00, 0xff, 0xfa, 0x6e, 0x09, 0x57, 0x84, 0x5a, 0x00, 0xff, 0x80, 0x40, 0x34, 0xd8, 0xab, 0x79, 0x00, 0x00,
    0x80, 0xb3, 0xfc, 0xdb, 0xaf, 0x00, 0x00, 0x45, 0x80, 0x40, 0x34, 0xd8, 0xac, 0x7a, 0x00, 0x00, 0x80, 0xb4, 0xfc,
    0xdb, 0xaf, 0x00, 0x00, 0x49, 0x80, 0x40, 0x34, 0xd8, 0xad, 0x7b, 0x00, 0x00, 0x80, 0xb1, 0xfc, 0xdb, 0xa5, 0x00,
    0x00, 0x55, 0x80, 0x40, 0x34, 0xd8, 0xae, 0x7c, 0x00, 0x00, 0x00, 0xb2, 0xfc, 0xdb, 0xa5, 0x00, 0x00, 0x59, 0x00,
    0x00, 0x8f, 0xbf, 0x28, 0x45, 0x28, 0x80, 0x29, 0x80, 0x29, 0x82, 0x00, 0x10, 0x30, 0xe0, 0x95, 0x75, 0x0a, 0x80,
    0x00, 0x10, 0x30, 0xe0, 0x97, 0x77, 0x0a, 0x80, 0x00, 0x10, 0x30, 0xe0, 0x96, 0x76, 0x0a, 0x80, 0x00, 0x10, 0x30,
    0xe0, 0x98, 0x78, 0x0a, 0x80, 0x7c, 0x48, 0x8c, 0xbf, 0x01, 0x00, 0x8f, 0xbf, 0x9a, 0x1b, 0x92, 0xbe, 0x48, 0xc1,
    0x48, 0x80, 0x08, 0x00, 0x85, 0xbf, 0x77, 0x09, 0x26, 0xbb, 0x00, 0x00, 0x80, 0xbf, 0x00, 0x00, 0x80, 0xbf, 0x00,
    0x00, 0x80, 0xbf, 0x00, 0x00, 0x80, 0xbf, 0x00, 0x00, 0x80, 0xbf, 0x00, 0x00, 0x80, 0xbf, 0x00, 0x00, 0x80, 0xbf,
    0xfa, 0x0a, 0x0b, 0x03, 0x85, 0x41, 0x01, 0xff, 0x4d, 0xbb, 0x04, 0x56, 0x4e, 0xbb, 0x06, 0x56, 0x4f, 0xbb, 0x08,
    0x56, 0x50, 0xbb, 0x0a, 0x56, 0x51, 0xbb, 0x0c, 0x56, 0x52, 0xbb, 0x0e, 0x56, 0x53, 0xbb, 0x10, 0x56, 0x54, 0xbb,
    0x12, 0x56, 0xfa, 0x0c, 0x0d, 0x03, 0x86, 0x41, 0x01, 0xff, 0x4d, 0xbd, 0x14, 0x56, 0x4e, 0xbd, 0x16, 0x56, 0x4f,
    0xbd, 0x18, 0x56, 0x50, 0xbd, 0x1a, 0x56, 0x51, 0xbd, 0x1c, 0x56, 0x52, 0xbd, 0x1e, 0x56, 0x53, 0xbd, 0x20, 0x56,
    0x54, 0xbd, 0x22, 0x56, 0xfa, 0x0e, 0x0f, 0x03, 0x87, 0x41, 0x01, 0xff, 0x4d, 0xbf, 0x24, 0x56, 0x4e, 0xbf, 0x26,
    0x56, 0x4f, 0xbf, 0x28, 0x56, 0x50, 0xbf, 0x2a, 0x56, 0x51, 0xbf, 0x2c, 0x56, 0x52, 0xbf, 0x2e, 0x56, 0x53, 0xbf,
    0x30, 0x56, 0x54, 0xbf, 0x32, 0x56, 0xfa, 0x10, 0x11, 0x03, 0x88, 0x41, 0x01, 0xff, 0x4d, 0xc1, 0x34, 0x56, 0x4e,
    0xc1, 0x36, 0x56, 0x4f, 0xc1, 0x38, 0x56, 0x50, 0xc1, 0x3a, 0x56, 0x51, 0xc1, 0x3c, 0x56, 0x52, 0xc1, 0x3e, 0x56,
    0x53, 0xc1, 0x40, 0x56, 0x54, 0xc1, 0x42, 0x56, 0x85, 0x00, 0x05, 0xd5, 0x87, 0x0b, 0x03, 0x18, 0x4d, 0xc3, 0x44,
    0x56, 0x4e, 0xc3, 0x46, 0x56, 0x4f, 0xc3, 0x48, 0x56, 0x50, 0xc3, 0x4a, 0x56, 0x51, 0xc3, 0x4c, 0x56, 0x52, 0xc3,
    0x4e, 0x56, 0x53, 0xc3, 0x50, 0x56, 0x54, 0xc3, 0x52, 0x56, 0x88, 0x00, 0x05, 0xd5, 0x86, 0x11, 0x03, 0x18, 0x4d,
    0xc5, 0x54, 0x56, 0x4e, 0xc5, 0x56, 0x56, 0x4f, 0xc5, 0x58, 0x56, 0x50, 0xc5, 0x5a, 0x56, 0x51, 0xc5, 0x5c, 0x56,
    0x52, 0xc5, 0x5e, 0x56, 0x53, 0xc5, 0x60, 0x56, 0x54, 0xc5, 0x62, 0x56, 0x86, 0x00, 0x03, 0xd5, 0x87, 0x0d, 0x03,
    0x18, 0x4d, 0xc7, 0x64, 0x56, 0x4e, 0xc7, 0x66, 0x56, 0x4f, 0xc7, 0x68, 0x56, 0x50, 0xc7, 0x6a, 0x56, 0x51, 0xc7,
    0x6c, 0x56, 0x52, 0xc7, 0x6e, 0x56, 0x53, 0xc7, 0x70, 0x56, 0x54, 0xc7, 0x72, 0x56, 0x87, 0x00, 0x4b, 0xd5, 0x87,
    0xe5, 0x19, 0x86, 0x4d, 0xc9, 0x74, 0x56, 0x4e, 0xc9, 0x76, 0x56, 0x4f, 0xc9, 0x78, 0x56, 0x50, 0xc9, 0x7a, 0x56,
    0x51, 0xc9, 0x7c, 0x56, 0x52, 0xc9, 0x7e, 0x56, 0x53, 0xc9, 0x80, 0x56, 0x54, 0xc9, 0x82, 0x56, 0xfa, 0x6e, 0x0b,
    0x57, 0x85, 0x5a, 0x00, 0xff, 0xfa, 0x6e, 0x0d, 0x57, 0x86, 0x5a, 0x00, 0xff, 0xfa, 0x6e, 0x0f, 0x57, 0x87, 0x5a,
    0x00, 0xff, 0xfa, 0x6e, 0x11, 0x57, 0x88, 0x5a, 0x00, 0xff, 0xc0, 0x60, 0x34, 0xd8, 0xa7, 0x7d, 0x00, 0x00, 0x00,
    0x02, 0xfc, 0xdb, 0xaf, 0x00, 0x00, 0x4d, 0xc0, 0x60, 0x34, 0xd8, 0xa8, 0x7e, 0x00, 0x00, 0x00, 0x03, 0xfc, 0xdb,
    0xaf, 0x00, 0x00, 0x51, 0xc0, 0x60, 0x34, 0xd8, 0xa9, 0x7f, 0x00, 0x00, 0x00, 0x00, 0xfc, 0xdb, 0xa5, 0x00, 0x00,
    0x5d, 0xc0, 0x60, 0x34, 0xd8, 0xaa, 0x80, 0x00, 0x00, 0x80, 0x00, 0xfc, 0xdb, 0xa5, 0x00, 0x00, 0x61, 0x00, 0x00,
    0x8f, 0xbf, 0x28, 0x46, 0x28, 0x80, 0x29, 0x47, 0x29, 0x82, 0x00, 0x10, 0x30, 0xe0, 0x99, 0x79, 0x0a, 0x80, 0x00,
    0x10, 0x30, 0xe0, 0x9b, 0x7b, 0x0a, 0x80, 0x00, 0x10, 0x30, 0xe0, 0x9a, 0x7a, 0x0a, 0x80, 0x00, 0x10, 0x30, 0xe0,
    0x9c, 0x7c, 0x0a, 0x80, 0x7f, 0xc8, 0x8c, 0xbf, 0xc4, 0xff, 0xf8, 0xd8, 0x00, 0x00, 0x00, 0xbc, 0x01, 0x00, 0x8f,
    0xbf, 0x9a, 0x1d, 0x92, 0xbe, 0x48, 0xc1, 0x48, 0x80, 0x06, 0x00, 0x85, 0xbf, 0xf5, 0x08, 0x26, 0xbb, 0x00, 0x00,
    0x80, 0xbf, 0x00, 0x00, 0x80, 0xbf, 0x00, 0x00, 0x80, 0xbf, 0x00, 0x00, 0x80, 0xbf, 0x00, 0x00, 0x80, 0xbf, 0xfa,
    0x12, 0x13, 0x03, 0x89, 0x41, 0x01, 0xff, 0x45, 0xab, 0x04, 0x56, 0x46, 0xab, 0x06, 0x56, 0x47, 0xab, 0x08, 0x56,
    0x48, 0xab, 0x0a, 0x56, 0x49, 0xab, 0x0c, 0x56, 0x4a, 0xab, 0x0e, 0x56, 0x4b, 0xab, 0x10, 0x56, 0x4c, 0xab, 0x12,
    0x56, 0xfa, 0x14, 0x15, 0x03, 0x8a, 0x41, 0x01, 0xff, 0x45, 0xad, 0x14, 0x56, 0x46, 0xad, 0x16, 0x56, 0x47, 0xad,
    0x18, 0x56, 0x48, 0xad, 0x1a, 0x56, 0x49, 0xad, 0x1c, 0x56, 0x4a, 0xad, 0x1e, 0x56, 0x4b, 0xad, 0x20, 0x56, 0x4c,
    0xad, 0x22, 0x56, 0xfa, 0x16, 0x17, 0x03, 0x8b, 0x41, 0x01, 0xff, 0x45, 0xaf, 0x24, 0x56, 0x46, 0xaf, 0x26, 0x56,
    0x47, 0xaf, 0x28, 0x56, 0x48, 0xaf, 0x2a, 0x56, 0x49, 0xaf, 0x2c, 0x56, 0x4a, 0xaf, 0x2e, 0x56, 0x4b, 0xaf, 0x30,
    0x56, 0x4c, 0xaf, 0x32, 0x56, 0xfa, 0x18, 0x19, 0x03, 0x8c, 0x41, 0x01, 0xff, 0x45, 0xb1, 0x34, 0x56, 0x46, 0xb1,
    0x36, 0x56, 0x47, 0xb1, 0x38, 0x56, 0x48, 0xb1, 0x3a, 0x56, 0x49, 0xb1, 0x3c, 0x56, 0x4a, 0xb1, 0x3e, 0x56, 0x4b,
    0xb1, 0x40, 0x56, 0x4c, 0xb1, 0x42, 0x56, 0x89, 0x00, 0x05, 0xd5, 0x8b, 0x13, 0x03, 0x18, 0x45, 0xb3, 0x44, 0x56,
    0x46, 0xb3, 0x46, 0x56, 0x47, 0xb3, 0x48, 0x56, 0x48, 0xb3, 0x4a, 0x56, 0x49, 0xb3, 0x4c, 0x56, 0x4a, 0xb3, 0x4e,
    0x56, 0x4b, 0xb3, 0x50, 0x56, 0x4c, 0xb3, 0x52, 0x56, 0x8c, 0x00, 0x05, 0xd5, 0x8a, 0x19, 0x03, 0x18, 0x45, 0xb5,
    0x54, 0x56, 0x46, 0xb5, 0x56, 0x56, 0x47, 0xb5, 0x58, 0x56, 0x48, 0xb5, 0x5a, 0x56, 0x49, 0xb5, 0x5c, 0x56, 0x4a,
    0xb5, 0x5e, 0x56, 0x4b, 0xb5, 0x60, 0x56, 0x4c, 0xb5, 0x62, 0x56, 0x8a, 0x00, 0x03, 0xd5, 0x8b, 0x15, 0x03, 0x18,
    0x45, 0xb7, 0x64, 0x56, 0x46, 0xb7, 0x66, 0x56, 0x47, 0xb7, 0x68, 0x56, 0x48, 0xb7, 0x6a, 0x56, 0x49, 0xb7, 0x6c,
    0x56, 0x4a, 0xb7, 0x6e, 0x56, 0x4b, 0xb7, 0x70, 0x56, 0x4c, 0xb7, 0x72, 0x56, 0x8b, 0x00, 0x4b, 0xd5, 0x8b, 0xe5,
    0x29, 0x86, 0x45, 0xb9, 0x74, 0x56, 0x46, 0xb9, 0x76, 0x56, 0x47, 0xb9, 0x78, 0x56, 0x48, 0xb9, 0x7a, 0x56, 0x49,
    0xb9, 0x7c, 0x56, 0x4a, 0xb9, 0x7e, 0x56, 0x4b, 0xb9, 0x80, 0x56, 0x4c, 0xb9, 0x82, 0x56, 0xfa, 0x6e, 0x13, 0x57,
    0x89, 0x5a, 0x00, 0xff, 0xfa, 0x6e, 0x15, 0x57, 0x8a, 0x5a, 0x00, 0xff, 0xfa, 0x6e, 0x17, 0x57, 0x8b, 0x5a, 0x00,
    0xff, 0xfa, 0x6e, 0x19, 0x57, 0x8c, 0x5a, 0x00, 0xff, 0xc0, 0x60, 0x34, 0xd8, 0xab, 0x81, 0x00, 0x00, 0x40, 0x12,
    0xfc, 0xdb, 0xaf, 0x00, 0x00, 0x45, 0xc0, 0x60, 0x34, 0xd8, 0xac, 0x82, 0x00, 0x00, 0x40, 0x13, 0xfc, 0xdb, 0xaf,
    0x00, 0x00, 0x49, 0xc0, 0x60, 0x34, 0xd8, 0xad, 0x83, 0x00, 0x00, 0x40, 0x10, 0xfc, 0xdb, 0xa5, 0x00, 0x00, 0x55,
    0xc0, 0x60, 0x34, 0xd8, 0xae, 0x84, 0x00, 0x00, 0xc0, 0x10, 0xfc, 0xdb, 0xa5, 0x00, 0x00, 0x59, 0x00, 0x00, 0x8f,
    0xbf, 0xff, 0x03, 0xfc, 0xbe, 0xc4, 0xff, 0x02, 0x00, 0x28, 0x45, 0x28, 0x80, 0x29, 0x80, 0x29, 0x82, 0x00, 0x10,
    0x30, 0xe0, 0x95, 0x7d, 0x0a, 0x80, 0x00, 0x10, 0x30, 0xe0, 0x97, 0x7f, 0x0a, 0x80, 0x00, 0x10, 0x30, 0xe0, 0x96,
    0x7e, 0x0a, 0x80, 0x00, 0x10, 0x30, 0xe0, 0x98, 0x80, 0x0a, 0x80, 0x7c, 0x48, 0x8c, 0xbf, 0x01, 0x00, 0x8f, 0xbf,
    0x9a, 0x1b, 0x92, 0xbe, 0x48, 0xc1, 0x48, 0x80, 0x06, 0x00, 0x85, 0xbf, 0x75, 0x08, 0x26, 0xbb, 0x00, 0x00, 0x80,
    0xbf, 0x00, 0x00, 0x80, 0xbf, 0x00, 0x00, 0x80, 0xbf, 0x00, 0x00, 0x80, 0xbf, 0x00, 0x00, 0x80, 0xbf, 0xfa, 0x1a,
    0x1b, 0x03, 0x8d, 0x41, 0x01, 0xff, 0x4d, 0xbb, 0x04, 0x56, 0x4e, 0xbb, 0x06, 0x56, 0x4f, 0xbb, 0x08, 0x56, 0x50,
    0xbb, 0x0a, 0x56, 0x51, 0xbb, 0x0c, 0x56, 0x52, 0xbb, 0x0e, 0x56, 0x53, 0xbb, 0x10, 0x56, 0x54, 0xbb, 0x12, 0x56,
    0xfa, 0x1c, 0x1d, 0x03, 0x8e, 0x41, 0x01, 0xff, 0x4d, 0xbd, 0x14, 0x56, 0x4e, 0xbd, 0x16, 0x56, 0x4f, 0xbd, 0x18,
    0x56, 0x50, 0xbd, 0x1a, 0x56, 0x51, 0xbd, 0x1c, 0x56, 0x52, 0xbd, 0x1e, 0x56, 0x53, 0xbd, 0x20, 0x56, 0x54, 0xbd,
    0x22, 0x56, 0xfa, 0x1e, 0x1f, 0x03, 0x8f, 0x41, 0x01, 0xff, 0x4d, 0xbf, 0x24, 0x56, 0x4e, 0xbf, 0x26, 0x56, 0x4f,
    0xbf, 0x28, 0x56, 0x50, 0xbf, 0x2a, 0x56, 0x51, 0xbf, 0x2c, 0x56, 0x52, 0xbf, 0x2e, 0x56, 0x53, 0xbf, 0x30, 0x56,
    0x54, 0xbf, 0x32, 0x56, 0xfa, 0x20, 0x21, 0x03, 0x90, 0x41, 0x01, 0xff, 0x4d, 0xc1, 0x34, 0x56, 0x4e, 0xc1, 0x36,
    0x56, 0x4f, 0xc1, 0x38, 0x56, 0x50, 0xc1, 0x3a, 0x56, 0x51, 0xc1, 0x3c, 0x56, 0x52, 0xc1, 0x3e, 0x56, 0x53, 0xc1,
    0x40, 0x56, 0x54, 0xc1, 0x42, 0x56, 0x8d, 0x00, 0x05, 0xd5, 0x8f, 0x1b, 0x03, 0x18, 0x4d, 0xc3, 0x44, 0x56, 0x4e,
    0xc3, 0x46, 0x56, 0x4f, 0xc3, 0x48, 0x56, 0x50, 0xc3, 0x4a, 0x56, 0x51, 0xc3, 0x4c, 0x56, 0x52, 0xc3, 0x4e, 0x56,
    0x53, 0xc3, 0x50, 0x56, 0x54, 0xc3, 0x52, 0x56, 0x90, 0x00, 0x05, 0xd5, 0x8e, 0x21, 0x03, 0x18, 0x4d, 0xc5, 0x54,
    0x56, 0x4e, 0xc5, 0x56, 0x56, 0x4f, 0xc5, 0x58, 0x56, 0x50, 0xc5, 0x5a, 0x56, 0x51, 0xc5, 0x5c, 0x56, 0x52, 0xc5,
    0x5e, 0x56, 0x53, 0xc5, 0x60, 0x56, 0x54, 0xc5, 0x62, 0x56, 0x8e, 0x00, 0x03, 0xd5, 0x8f, 0x1d, 0x03, 0x18, 0x4d,
    0xc7, 0x64, 0x56, 0x4e, 0xc7, 0x66, 0x56, 0x4f, 0xc7, 0x68, 0x56, 0x50, 0xc7, 0x6a, 0x56, 0x51, 0xc7, 0x6c, 0x56,
    0x52, 0xc7, 0x6e, 0x56, 0x53, 0xc7, 0x70, 0x56, 0x54, 0xc7, 0x72, 0x56, 0x8f, 0x00, 0x4b, 0xd5, 0x8f, 0xe5, 0x39,
    0x86, 0x4d, 0xc9, 0x74, 0x56, 0x4e, 0xc9, 0x76, 0x56, 0x4f, 0xc9, 0x78, 0x56, 0x50, 0xc9, 0x7a, 0x56, 0x51, 0xc9,
    0x7c, 0x56, 0x52, 0xc9, 0x7e, 0x56, 0x53, 0xc9, 0x80, 0x56, 0x54, 0xc9, 0x82, 0x56, 0xfa, 0x6e, 0x1b, 0x57, 0x8d,
    0x5a, 0x00, 0xff, 0xfa, 0x6e, 0x1d, 0x57, 0x8e, 0x5a, 0x00, 0xff, 0xfa, 0x6e, 0x1f, 0x57, 0x8f, 0x5a, 0x00, 0xff,
    0xfa, 0x6e, 0x21, 0x57, 0x90, 0x5a, 0x00, 0xff, 0x6a, 0x00, 0xc2, 0xd4, 0xfe, 0xb6, 0x00, 0x00, 0xfd, 0xff, 0x86,
    0xbf, 0x0a, 0x04, 0xea, 0xbe, 0x00, 0x81, 0x34, 0xd8, 0xa7, 0x85, 0x00, 0x00, 0x40, 0x22, 0xfc, 0xdb, 0xaf, 0x00,
    0x00, 0x4d, 0x00, 0x81, 0x34, 0xd8, 0xa8, 0x86, 0x00, 0x00, 0x40, 0x23, 0xfc, 0xdb, 0xaf, 0x00, 0x00, 0x51, 0x00,
    0x81, 0x34, 0xd8, 0xa9, 0x87, 0x00, 0x00, 0x40, 0x20, 0xfc, 0xdb, 0xa5, 0x00, 0x00, 0x5d, 0x00, 0x81, 0x34, 0xd8,
    0xaa, 0x88, 0x00, 0x00, 0xc0, 0x20, 0xfc, 0xdb, 0xa5, 0x00, 0x00, 0x61, 0x00, 0x00, 0x8f, 0xbf, 0x28, 0x46, 0x28,
    0x80, 0x29, 0x47, 0x29, 0x82, 0x00, 0x10, 0x30, 0xe0, 0x99, 0x81, 0x0a, 0x80, 0x00, 0x10, 0x30, 0xe0, 0x9b, 0x83,
    0x0a, 0x80, 0x00, 0x10, 0x30, 0xe0, 0x9a, 0x82, 0x0a, 0x80, 0x00, 0x10, 0x30, 0xe0, 0x9c, 0x84, 0x0a, 0x80, 0x7f,
    0xc8, 0x8c, 0xbf, 0x01, 0x00, 0x8f, 0xbf, 0x9a, 0x1d, 0x92, 0xbe, 0x48, 0xc1, 0x48, 0x80, 0x04, 0x00, 0x85, 0xbf,
    0xf3, 0x07, 0x26, 0xbb, 0x00, 0x00, 0x80, 0xbf, 0x00, 0x00, 0x80, 0xbf, 0x00, 0x00, 0x80, 0xbf, 0xfa, 0x22, 0x23,
    0x03, 0x91, 0x41, 0x01, 0xff, 0x45, 0xab, 0x04, 0x56, 0x46, 0xab, 0x06, 0x56, 0x47, 0xab, 0x08, 0x56, 0x48, 0xab,
    0x0a, 0x56, 0x49, 0xab, 0x0c, 0x56, 0x4a, 0xab, 0x0e, 0x56, 0x4b, 0xab, 0x10, 0x56, 0x4c, 0xab, 0x12, 0x56, 0xfa,
    0x24, 0x25, 0x03, 0x92, 0x41, 0x01, 0xff, 0x45, 0xad, 0x14, 0x56, 0x46, 0xad, 0x16, 0x56, 0x47, 0xad, 0x18, 0x56,
    0x48, 0xad, 0x1a, 0x56, 0x49, 0xad, 0x1c, 0x56, 0x4a, 0xad, 0x1e, 0x56, 0x4b, 0xad, 0x20, 0x56, 0x4c, 0xad, 0x22,
    0x56, 0xfa, 0x26, 0x27, 0x03, 0x93, 0x41, 0x01, 0xff, 0x45, 0xaf, 0x24, 0x56, 0x46, 0xaf, 0x26, 0x56, 0x47, 0xaf,
    0x28, 0x56, 0x48, 0xaf, 0x2a, 0x56, 0x49, 0xaf, 0x2c, 0x56, 0x4a, 0xaf, 0x2e, 0x56, 0x4b, 0xaf, 0x30, 0x56, 0x4c,
    0xaf, 0x32, 0x56, 0xfa, 0x28, 0x29, 0x03, 0x94, 0x41, 0x01, 0xff, 0x45, 0xb1, 0x34, 0x56, 0x46, 0xb1, 0x36, 0x56,
    0x47, 0xb1, 0x38, 0x56, 0x48, 0xb1, 0x3a, 0x56, 0x49, 0xb1, 0x3c, 0x56, 0x4a, 0xb1, 0x3e, 0x56, 0x4b, 0xb1, 0x40,
    0x56, 0x4c, 0xb1, 0x42, 0x56, 0x91, 0x00, 0x05, 0xd5, 0x93, 0x23, 0x03, 0x18, 0x45, 0xb3, 0x44, 0x56, 0x46, 0xb3,
    0x46, 0x56, 0x47, 0xb3, 0x48, 0x56, 0x48, 0xb3, 0x4a, 0x56, 0x49, 0xb3, 0x4c, 0x56, 0x4a, 0xb3, 0x4e, 0x56, 0x4b,
    0xb3, 0x50, 0x56, 0x4c, 0xb3, 0x52, 0x56, 0x94, 0x00, 0x05, 0xd5, 0x92, 0x29, 0x03, 0x18, 0x45, 0xb5, 0x54, 0x56,
    0x46, 0xb5, 0x56, 0x56, 0x47, 0xb5, 0x58, 0x56, 0x48, 0xb5, 0x5a, 0x56, 0x49, 0xb5, 0x5c, 0x56, 0x4a, 0xb5, 0x5e,
    0x56, 0x4b, 0xb5, 0x60, 0x56, 0x4c, 0xb5, 0x62, 0x56, 0x92, 0x00, 0x03, 0xd5, 0x93, 0x25, 0x03, 0x18, 0x45, 0xb7,
    0x64, 0x56, 0x46, 0xb7, 0x66, 0x56, 0x47, 0xb7, 0x68, 0x56, 0x48, 0xb7, 0x6a, 0x56, 0x49, 0xb7, 0x6c, 0x56, 0x4a,
    0xb7, 0x6e, 0x56, 0x4b, 0xb7, 0x70, 0x56, 0x4c, 0xb7, 0x72, 0x56, 0x93, 0x00, 0x4b, 0xd5, 0x93, 0xe5, 0x49, 0x86,
    0x45, 0xb9, 0x74, 0x56, 0x46, 0xb9, 0x76, 0x56, 0x47, 0xb9, 0x78, 0x56, 0x48, 0xb9, 0x7a, 0x56, 0x49, 0xb9, 0x7c,
    0x56, 0x4a, 0xb9, 0x7e, 0x56, 0x4b, 0xb9, 0x80, 0x56, 0x4c, 0xb9, 0x82, 0x56, 0xfa, 0x6e, 0x23, 0x57, 0x91, 0x5a,
    0x00, 0xff, 0xfa, 0x6e, 0x25, 0x57, 0x92, 0x5a, 0x00, 0xff, 0xfa, 0x6e, 0x27, 0x57, 0x93, 0x5a, 0x00, 0xff, 0xfa,
    0x6e, 0x29, 0x57, 0x94, 0x5a, 0x00, 0xff, 0x00, 0x81, 0x34, 0xd8, 0xab, 0x89, 0x00, 0x00, 0x80, 0x32, 0xfc, 0xdb,
    0xaf, 0x00, 0x00, 0x45, 0x00, 0x81, 0x34, 0xd8, 0xac, 0x8a, 0x00, 0x00, 0x80, 0x33, 0xfc, 0xdb, 0xaf, 0x00, 0x00,
    0x49, 0x00, 0x81, 0x34, 0xd8, 0xad, 0x8b, 0x00, 0x00, 0x80, 0x30, 0xfc, 0xdb, 0xa5, 0x00, 0x00, 0x55, 0x00, 0x81,
    0x34, 0xd8, 0xae, 0x8c, 0x00, 0x00, 0x00, 0x31, 0xfc, 0xdb, 0xa5, 0x00, 0x00, 0x59, 0x00, 0x00, 0x8f, 0xbf, 0x28,
    0x45, 0x28, 0x80, 0x29, 0x80, 0x29, 0x82, 0x00, 0x10, 0x30, 0xe0, 0x95, 0x85, 0x0a, 0x80, 0x00, 0x10, 0x30, 0xe0,
    0x97, 0x87, 0x0a, 0x80, 0x00, 0x10, 0x30, 0xe0, 0x96, 0x86, 0x0a, 0x80, 0x00, 0x10, 0x30, 0xe0, 0x98, 0x88, 0x0a,
    0x80, 0x7c, 0x48, 0x8c, 0xbf, 0x01, 0x00, 0x8f, 0xbf, 0x9a, 0x1b, 0x92, 0xbe, 0x48, 0xc1, 0x48, 0x80, 0x08, 0x00,
    0x85, 0xbf, 0x77, 0x07, 0x26, 0xbb, 0x00, 0x00, 0x80, 0xbf, 0x00, 0x00, 0x80, 0xbf, 0x00, 0x00, 0x80, 0xbf, 0x00,
    0x00, 0x80, 0xbf, 0x00, 0x00, 0x80, 0xbf, 0x00, 0x00, 0x80, 0xbf, 0x00, 0x00, 0x80, 0xbf, 0xfa, 0xca, 0xca, 0x02,
    0x65, 0x41, 0x01, 0xff, 0x4d, 0xbb, 0x04, 0x56, 0x4e, 0xbb, 0x06, 0x56, 0x4f, 0xbb, 0x08, 0x56, 0x50, 0xbb, 0x0a,
    0x56, 0x51, 0xbb, 0x0c, 0x56, 0x52, 0xbb, 0x0e, 0x56, 0x53, 0xbb, 0x10, 0x56, 0x54, 0xbb, 0x12, 0x56, 0xfa, 0xcc,
    0xcc, 0x02, 0x66, 0x41, 0x01, 0xff, 0x4d, 0xbd, 0x14, 0x56, 0x4e, 0xbd, 0x16, 0x56, 0x4f, 0xbd, 0x18, 0x56, 0x50,
    0xbd, 0x1a, 0x56, 0x51, 0xbd, 0x1c, 0x56, 0x52, 0xbd, 0x1e, 0x56, 0x53, 0xbd, 0x20, 0x56, 0x54, 0xbd, 0x22, 0x56,
    0xfa, 0xce, 0xce, 0x02, 0x67, 0x41, 0x01, 0xff, 0x4d, 0xbf, 0x24, 0x56, 0x4e, 0xbf, 0x26, 0x56, 0x4f, 0xbf, 0x28,
    0x56, 0x50, 0xbf, 0x2a, 0x56, 0x51, 0xbf, 0x2c, 0x56, 0x52, 0xbf, 0x2e, 0x56, 0x53, 0xbf, 0x30, 0x56, 0x54, 0xbf,
    0x32, 0x56, 0xfa, 0xd0, 0xd0, 0x02, 0x68, 0x41, 0x01, 0xff, 0x4d, 0xc1, 0x34, 0x56, 0x4e, 0xc1, 0x36, 0x56, 0x4f,
    0xc1, 0x38, 0x56, 0x50, 0xc1, 0x3a, 0x56, 0x51, 0xc1, 0x3c, 0x56, 0x52, 0xc1, 0x3e, 0x56, 0x53, 0xc1, 0x40, 0x56,
    0x54, 0xc1, 0x42, 0x56, 0x65, 0x00, 0x05, 0xd5, 0x67, 0xcb, 0x02, 0x18, 0x4d, 0xc3, 0x44, 0x56, 0x4e, 0xc3, 0x46,
    0x56, 0x4f, 0xc3, 0x48, 0x56, 0x50, 0xc3, 0x4a, 0x56, 0x51, 0xc3, 0x4c, 0x56, 0x52, 0xc3, 0x4e, 0x56, 0x53, 0xc3,
    0x50, 0x56, 0x54, 0xc3, 0x52, 0x56, 0x68, 0x00, 0x05, 0xd5, 0x66, 0xd1, 0x02, 0x18, 0x4d, 0xc5, 0x54, 0x56, 0x4e,
    0xc5, 0x56, 0x56, 0x4f, 0xc5, 0x58, 0x56, 0x50, 0xc5, 0x5a, 0x56, 0x51, 0xc5, 0x5c, 0x56, 0x52, 0xc5, 0x5e, 0x56,
    0x53, 0xc5, 0x60, 0x56, 0x54, 0xc5, 0x62, 0x56, 0x66, 0x00, 0x03, 0xd5, 0x67, 0xcd, 0x02, 0x18, 0x4d, 0xc7, 0x64,
    0x56, 0x4e, 0xc7, 0x66, 0x56, 0x4f, 0xc7, 0x68, 0x56, 0x50, 0xc7, 0x6a, 0x56, 0x51, 0xc7, 0x6c, 0x56, 0x52, 0xc7,
    0x6e, 0x56, 0x53, 0xc7, 0x70, 0x56, 0x54, 0xc7, 0x72, 0x56, 0x67, 0x00, 0x4b, 0xd5, 0x67, 0xe5, 0x99, 0x85, 0x4d,
    0xc9, 0x74, 0x56, 0x4e, 0xc9, 0x76, 0x56, 0x4f, 0xc9, 0x78, 0x56, 0x50, 0xc9, 0x7a, 0x56, 0x51, 0xc9, 0x7c, 0x56,
    0x52, 0xc9, 0x7e, 0x56, 0x53, 0xc9, 0x80, 0x56, 0x54, 0xc9, 0x82, 0x56, 0xfa, 0x6e, 0xcb, 0x56, 0x65, 0x5a, 0x00,
    0xff, 0xfa, 0x6e, 0xcd, 0x56, 0x66, 0x5a, 0x00, 0xff, 0xfa, 0x6e, 0xcf, 0x56, 0x67, 0x5a, 0x00, 0xff, 0xfa, 0x6e,
    0xd1, 0x56, 0x68, 0x5a, 0x00, 0xff, 0x40, 0xa1, 0x34, 0xd8, 0xa7, 0x8d, 0x00, 0x00, 0x80, 0x42, 0xfc, 0xdb, 0xaf,
    0x00, 0x00, 0x4d, 0x40, 0xa1, 0x34, 0xd8, 0xa8, 0x8e, 0x00, 0x00, 0x80, 0x43, 0xfc, 0xdb, 0xaf, 0x00, 0x00, 0x51,
    0x40, 0xa1, 0x34, 0xd8, 0xa9, 0x8f, 0x00, 0x00, 0x80, 0x40, 0xfc, 0xdb, 0xa5, 0x00, 0x00, 0x5d, 0x40, 0xa1, 0x34,
    0xd8, 0xaa, 0x90, 0x00, 0x00, 0x00, 0x41, 0xfc, 0xdb, 0xa5, 0x00, 0x00, 0x61, 0x00, 0x00, 0x8f, 0xbf, 0x28, 0x46,
    0x28, 0x80, 0x29, 0x47, 0x29, 0x82, 0x00, 0x10, 0x30, 0xe0, 0x99, 0x89, 0x0a, 0x80, 0x00, 0x10, 0x30, 0xe0, 0x9b,
    0x8b, 0x0a, 0x80, 0x00, 0x10, 0x30, 0xe0, 0x9a, 0x8a, 0x0a, 0x80, 0x00, 0x10, 0x30, 0xe0, 0x9c, 0x8c, 0x0a, 0x80,
    0x7f, 0xc8, 0x8c, 0xbf, 0xc8, 0xff, 0xf8, 0xd8, 0x00, 0x00, 0x00, 0xbc, 0x01, 0x00, 0x8f, 0xbf, 0x9a, 0x1d, 0x92,
    0xbe, 0x48, 0xc1, 0x48, 0x80, 0x06, 0x00, 0x85, 0xbf, 0xf5, 0x06, 0x26, 0xbb, 0x00, 0x00, 0x80, 0xbf, 0x00, 0x00,
    0x80, 0xbf, 0x00, 0x00, 0x80, 0xbf, 0x00, 0x00, 0x80, 0xbf, 0x00, 0x00, 0x80, 0xbf, 0xfa, 0xd2, 0xd2, 0x02, 0x69,
    0x41, 0x01, 0xff, 0x45, 0xab, 0x04, 0x56, 0x46, 0xab, 0x06, 0x56, 0x47, 0xab, 0x08, 0x56, 0x48, 0xab, 0x0a, 0x56,
    0x49, 0xab, 0x0c, 0x56, 0x4a, 0xab, 0x0e, 0x56, 0x4b, 0xab, 0x10, 0x56, 0x4c, 0xab, 0x12, 0x56, 0xfa, 0xd4, 0xd4,
    0x02, 0x6a, 0x41, 0x01, 0xff, 0x45, 0xad, 0x14, 0x56, 0x46, 0xad, 0x16, 0x56, 0x47, 0xad, 0x18, 0x56, 0x48, 0xad,
    0x1a, 0x56, 0x49, 0xad, 0x1c, 0x56, 0x4a, 0xad, 0x1e, 0x56, 0x4b, 0xad, 0x20, 0x56, 0x4c, 0xad, 0x22, 0x56, 0xfa,
    0xd6, 0xd6, 0x02, 0x6b, 0x41, 0x01, 0xff, 0x45, 0xaf, 0x24, 0x56, 0x46, 0xaf, 0x26, 0x56, 0x47, 0xaf, 0x28, 0x56,
    0x48, 0xaf, 0x2a, 0x56, 0x49, 0xaf, 0x2c, 0x56, 0x4a, 0xaf, 0x2e, 0x56, 0x4b, 0xaf, 0x30, 0x56, 0x4c, 0xaf, 0x32,
    0x56, 0xfa, 0xd8, 0xd8, 0x02, 0x6c, 0x41, 0x01, 0xff, 0x45, 0xb1, 0x34, 0x56, 0x46, 0xb1, 0x36, 0x56, 0x47, 0xb1,
    0x38, 0x56, 0x48, 0xb1, 0x3a, 0x56, 0x49, 0xb1, 0x3c, 0x56, 0x4a, 0xb1, 0x3e, 0x56, 0x4b, 0xb1, 0x40, 0x56, 0x4c,
    0xb1, 0x42, 0x56, 0x69, 0x00, 0x05, 0xd5, 0x6b, 0xd3, 0x02, 0x18, 0x45, 0xb3, 0x44, 0x56, 0x46, 0xb3, 0x46, 0x56,
    0x47, 0xb3, 0x48, 0x56, 0x48, 0xb3, 0x4a, 0x56, 0x49, 0xb3, 0x4c, 0x56, 0x4a, 0xb3, 0x4e, 0x56, 0x4b, 0xb3, 0x50,
    0x56, 0x4c, 0xb3, 0x52, 0x56, 0x6c, 0x00, 0x05, 0xd5, 0x6a, 0xd9, 0x02, 0x18, 0x45, 0xb5, 0x54, 0x56, 0x46, 0xb5,
    0x56, 0x56, 0x47, 0xb5, 0x58, 0x56, 0x48, 0xb5, 0x5a, 0x56, 0x49, 0xb5, 0x5c, 0x56, 0x4a, 0xb5, 0x5e, 0x56, 0x4b,
    0xb5, 0x60, 0x56, 0x4c, 0xb5, 0x62, 0x56, 0x6a, 0x00, 0x03, 0xd5, 0x6b, 0xd5, 0x02, 0x18, 0x45, 0xb7, 0x64, 0x56,
    0x46, 0xb7, 0x66, 0x56, 0x47, 0xb7, 0x68, 0x56, 0x48, 0xb7, 0x6a, 0x56, 0x49, 0xb7, 0x6c, 0x56, 0x4a, 0xb7, 0x6e,
    0x56, 0x4b, 0xb7, 0x70, 0x56, 0x4c, 0xb7, 0x72, 0x56, 0x6b, 0x00, 0x4b, 0xd5, 0x6b, 0xe5, 0xa9, 0x85, 0x45, 0xb9,
    0x74, 0x56, 0x46, 0xb9, 0x76, 0x56, 0x47, 0xb9, 0x78, 0x56, 0x48, 0xb9, 0x7a, 0x56, 0x49, 0xb9, 0x7c, 0x56, 0x4a,
    0xb9, 0x7e, 0x56, 0x4b, 0xb9, 0x80, 0x56, 0x4c, 0xb9, 0x82, 0x56, 0xfa, 0x6e, 0xd3, 0x56, 0x69, 0x5a, 0x00, 0xff,
    0xfa, 0x6e, 0xd5, 0x56, 0x6a, 0x5a, 0x00, 0xff, 0xfa, 0x6e, 0xd7, 0x56, 0x6b, 0x5a, 0x00, 0xff, 0xfa, 0x6e, 0xd9,
    0x56, 0x6c, 0x5a, 0x00, 0xff, 0x40, 0xa1, 0x34, 0xd8, 0xab, 0x91, 0x00, 0x00, 0xc0, 0x52, 0xfc, 0xdb, 0xaf, 0x00,
    0x00, 0x45, 0x40, 0xa1, 0x34, 0xd8, 0xac, 0x92, 0x00, 0x00, 0xc0, 0x53, 0xfc, 0xdb, 0xaf, 0x00, 0x00, 0x49, 0x40,
    0xa1, 0x34, 0xd8, 0xad, 0x93, 0x00, 0x00, 0xc0, 0x50, 0xfc, 0xdb, 0xa5, 0x00, 0x00, 0x55, 0x40, 0xa1, 0x34, 0xd8,
    0xae, 0x94, 0x00, 0x00, 0x40, 0x51, 0xfc, 0xdb, 0xa5, 0x00, 0x00, 0x59, 0x00, 0x00, 0x8f, 0xbf, 0xff, 0x03, 0xfc,
    0xbe, 0xc8, 0xff, 0x02, 0x00, 0x28, 0x45, 0x28, 0x80, 0x29, 0x80, 0x29, 0x82, 0x00, 0x10, 0x30, 0xe0, 0x95, 0x8d,
    0x0a, 0x80, 0x00, 0x10, 0x30, 0xe0, 0x97, 0x8f, 0x0a, 0x80, 0x00, 0x10, 0x30, 0xe0, 0x96, 0x8e, 0x0a, 0x80, 0x00,
    0x10, 0x30, 0xe0, 0x98, 0x90, 0x0a, 0x80, 0x7c, 0x48, 0x8c, 0xbf, 0x01, 0x00, 0x8f, 0xbf, 0x9a, 0x1b, 0x92, 0xbe,
    0x48, 0xc1, 0x48, 0x80, 0x06, 0x00, 0x85, 0xbf, 0x75, 0x06, 0x26, 0xbb, 0x00, 0x00, 0x80, 0xbf, 0x00, 0x00, 0x80,
    0xbf, 0x00, 0x00, 0x80, 0xbf, 0x00, 0x00, 0x80, 0xbf, 0x00, 0x00, 0x80, 0xbf, 0xfa, 0xda, 0xda, 0x02, 0x6d, 0x41,
    0x01, 0xff, 0x4d, 0xbb, 0x04, 0x56, 0x4e, 0xbb, 0x06, 0x56, 0x4f, 0xbb, 0x08, 0x56, 0x50, 0xbb, 0x0a, 0x56, 0x51,
    0xbb, 0x0c, 0x56, 0x52, 0xbb, 0x0e, 0x56, 0x53, 0xbb, 0x10, 0x56, 0x54, 0xbb, 0x12, 0x56, 0xfa, 0xdc, 0xdc, 0x02,
    0x6e, 0x41, 0x01, 0xff, 0x4d, 0xbd, 0x14, 0x56, 0x4e, 0xbd, 0x16, 0x56, 0x4f, 0xbd, 0x18, 0x56, 0x50, 0xbd, 0x1a,
    0x56, 0x51, 0xbd, 0x1c, 0x56, 0x52, 0xbd, 0x1e, 0x56, 0x53, 0xbd, 0x20, 0x56, 0x54, 0xbd, 0x22, 0x56, 0xfa, 0xde,
    0xde, 0x02, 0x6f, 0x41, 0x01, 0xff, 0x4d, 0xbf, 0x24, 0x56, 0x4e, 0xbf, 0x26, 0x56, 0x4f, 0xbf, 0x28, 0x56, 0x50,
    0xbf, 0x2a, 0x56, 0x51, 0xbf, 0x2c, 0x56, 0x52, 0xbf, 0x2e, 0x56, 0x53, 0xbf, 0x30, 0x56, 0x54, 0xbf, 0x32, 0x56,
    0xfa, 0xe0, 0xe0, 0x02, 0x70, 0x41, 0x01, 0xff, 0x4d, 0xc1, 0x34, 0x56, 0x4e, 0xc1, 0x36, 0x56, 0x4f, 0xc1, 0x38,
    0x56, 0x50, 0xc1, 0x3a, 0x56, 0x51, 0xc1, 0x3c, 0x56, 0x52, 0xc1, 0x3e, 0x56, 0x53, 0xc1, 0x40, 0x56, 0x54, 0xc1,
    0x42, 0x56, 0x6d, 0x00, 0x05, 0xd5, 0x6f, 0xdb, 0x02, 0x18, 0x4d, 0xc3, 0x44, 0x56, 0x4e, 0xc3, 0x46, 0x56, 0x4f,
    0xc3, 0x48, 0x56, 0x50, 0xc3, 0x4a, 0x56, 0x51, 0xc3, 0x4c, 0x56, 0x52, 0xc3, 0x4e, 0x56, 0x53, 0xc3, 0x50, 0x56,
    0x54, 0xc3, 0x52, 0x56, 0x70, 0x00, 0x05, 0xd5, 0x6e, 0xe1, 0x02, 0x18, 0x4d, 0xc5, 0x54, 0x56, 0x4e, 0xc5, 0x56,
    0x56, 0x4f, 0xc5, 0x58, 0x56, 0x50, 0xc5, 0x5a, 0x56, 0x51, 0xc5, 0x5c, 0x56, 0x52, 0xc5, 0x5e, 0x56, 0x53, 0xc5,
    0x60, 0x56, 0x54, 0xc5, 0x62, 0x56, 0x6e, 0x00, 0x03, 0xd5, 0x6f, 0xdd, 0x02, 0x18, 0x4d, 0xc7, 0x64, 0x56, 0x4e,
    0xc7, 0x66, 0x56, 0x4f, 0xc7, 0x68, 0x56, 0x50, 0xc7, 0x6a, 0x56, 0x51, 0xc7, 0x6c, 0x56, 0x52, 0xc7, 0x6e, 0x56,
    0x53, 0xc7, 0x70, 0x56, 0x54, 0xc7, 0x72, 0x56, 0x6f, 0x00, 0x4b, 0xd5, 0x6f, 0xe5, 0xb9, 0x85, 0x4d, 0xc9, 0x74,
    0x56, 0x4e, 0xc9, 0x76, 0x56, 0x4f, 0xc9, 0x78, 0x56, 0x50, 0xc9, 0x7a, 0x56, 0x51, 0xc9, 0x7c, 0x56, 0x52, 0xc9,
    0x7e, 0x56, 0x53, 0xc9, 0x80, 0x56, 0x54, 0xc9, 0x82, 0x56, 0xfa, 0x6e, 0xdb, 0x56, 0x6d, 0x5a, 0x00, 0xff, 0xfa,
    0x6e, 0xdd, 0x56, 0x6e, 0x5a, 0x00, 0xff, 0xfa, 0x6e, 0xdf, 0x56, 0x6f, 0x5a, 0x00, 0xff, 0xfa, 0x6e, 0xe1, 0x56,
    0x70, 0x5a, 0x00, 0xff, 0x6a, 0x00, 0xc2, 0xd4, 0xfe, 0xb6, 0x00, 0x00, 0xfd, 0xff, 0x86, 0xbf, 0x0a, 0x04, 0xea,
    0xbe, 0x00, 0x00, 0x34, 0xd8, 0xa7, 0x65, 0x00, 0x00, 0xc0, 0x62, 0xfc, 0xdb, 0xaf, 0x00, 0x00, 0x4d, 0x00, 0x00,
    0x34, 0xd8, 0xa8, 0x66, 0x00, 0x00, 0xc0, 0x63, 0xfc, 0xdb, 0xaf, 0x00, 0x00, 0x51, 0x00, 0x00, 0x34, 0xd8, 0xa9,
    0x67, 0x00, 0x00, 0xc0, 0x60, 0xfc, 0xdb, 0xa5, 0x00, 0x00, 0x5d, 0x00, 0x00, 0x34, 0xd8, 0xaa, 0x68, 0x00, 0x00,
    0x40, 0x61, 0xfc, 0xdb, 0xa5, 0x00, 0x00, 0x61, 0x00, 0x00, 0x8f, 0xbf, 0x28, 0x46, 0x28, 0x80, 0x29, 0x47, 0x29,
    0x82, 0x00, 0x10, 0x30, 0xe0, 0x99, 0x91, 0x0a, 0x80, 0x00, 0x10, 0x30, 0xe0, 0x9b, 0x93, 0x0a, 0x80, 0x00, 0x10,
    0x30, 0xe0, 0x9a, 0x92, 0x0a, 0x80, 0x00, 0x10, 0x30, 0xe0, 0x9c, 0x94, 0x0a, 0x80, 0x7f, 0xc8, 0x8c, 0xbf, 0x01,
    0x00, 0x8f, 0xbf, 0x9a, 0x1d, 0x92, 0xbe, 0x48, 0xc1, 0x48, 0x80, 0x04, 0xfa, 0x85, 0xbf, 0xf3, 0x05, 0x26, 0xbb,
    0x02, 0xfa, 0x82, 0xbf, 0x00, 0x00, 0x80, 0xbf, 0x00, 0x00, 0x80, 0xbf, 0xfa, 0xe2, 0xe2, 0x02, 0x71, 0x41, 0x01,
    0xff, 0x45, 0xab, 0x04, 0x56, 0x46, 0xab, 0x06, 0x56, 0x47, 0xab, 0x08, 0x56, 0x48, 0xab, 0x0a, 0x56, 0x49, 0xab,
    0x0c, 0x56, 0x4a, 0xab, 0x0e, 0x56, 0x4b, 0xab, 0x10, 0x56, 0x4c, 0xab, 0x12, 0x56, 0xfa, 0xe4, 0xe4, 0x02, 0x72,
    0x41, 0x01, 0xff, 0x45, 0xad, 0x14, 0x56, 0x46, 0xad, 0x16, 0x56, 0x47, 0xad, 0x18, 0x56, 0x01, 0x00, 0x8f, 0xbf,
    0x48, 0xad, 0x1a, 0x56, 0x49, 0xad, 0x1c, 0x56, 0x4a, 0xad, 0x1e, 0x56, 0x4b, 0xad, 0x20, 0x56, 0x4c, 0xad, 0x22,
    0x56, 0xfa, 0xe6, 0xe6, 0x02, 0x73, 0x41, 0x01, 0xff, 0x45, 0xaf, 0x24, 0x56, 0x46, 0xaf, 0x26, 0x56, 0x47, 0xaf,
    0x28, 0x56, 0x48, 0xaf, 0x2a, 0x56, 0x49, 0xaf, 0x2c, 0x56, 0x4a, 0xaf, 0x2e, 0x56, 0x4b, 0xaf, 0x30, 0x56, 0x4c,
    0xaf, 0x32, 0x56, 0xfa, 0xe8, 0xe8, 0x02, 0x74, 0x41, 0x01, 0xff, 0x45, 0xb1, 0x34, 0x56, 0x46, 0xb1, 0x36, 0x56,
    0x47, 0xb1, 0x38, 0x56, 0x48, 0xb1, 0x3a, 0x56, 0x49, 0xb1, 0x3c, 0x56, 0x4a, 0xb1, 0x3e, 0x56, 0x4b, 0xb1, 0x40,
    0x56, 0x4c, 0xb1, 0x42, 0x56, 0xfa, 0xe4, 0xe2, 0x06, 0x72, 0x80, 0x00, 0xff, 0x45, 0xb3, 0x44, 0x56, 0x46, 0xb3,
    0x46, 0x56, 0x47, 0xb3, 0x48, 0x56, 0x48, 0xb3, 0x4a, 0x56, 0x49, 0xb3, 0x4c, 0x56, 0x4a, 0xb3, 0x4e, 0x56, 0x4b,
    0xb3, 0x50, 0x56, 0x4c, 0xb3, 0x52, 0x56, 0xfa, 0x6e, 0xe3, 0x56, 0x72, 0xd8, 0x00, 0xff, 0x45, 0xb5, 0x54, 0x56,
    0x46, 0xb5, 0x56, 0x56, 0x47, 0xb5, 0x58, 0x56, 0x48, 0xb5, 0x5a, 0x56, 0x49, 0xb5, 0x5c, 0x56, 0x4a, 0xb5, 0x5e,
    0x56, 0x4b, 0xb5, 0x60, 0x56, 0x4c, 0xb5, 0x62, 0x56, 0xfa, 0xe8, 0x74, 0x07, 0x74, 0x80, 0x00, 0xff, 0x45, 0xb7,
    0x64, 0x56, 0x46, 0xb7, 0x66, 0x56, 0x47, 0xb7, 0x68, 0x56, 0x48, 0xb7, 0x6a, 0x56, 0x49, 0xb7, 0x6c, 0x56, 0x4a,
    0xb7, 0x6e, 0x56, 0x4b, 0xb7, 0x70, 0x56, 0x4c, 0xb7, 0x72, 0x56, 0xfa, 0x6e, 0x75, 0x57, 0x74, 0xd8, 0x00, 0xff,
    0x45, 0xb9, 0x74, 0x56, 0x46, 0xb9, 0x76, 0x56, 0x47, 0xb9, 0x78, 0x56, 0x48, 0xb9, 0x7a, 0x56, 0x49, 0xb9, 0x7c,
    0x56, 0x4a, 0xb9, 0x7e, 0x56, 0x4b, 0xb9, 0x80, 0x56, 0x4c, 0xb9, 0x82, 0x56, 0xfa, 0xe6, 0xe8, 0x06, 0x73, 0x80,
    0x00, 0xff, 0xfa, 0x6e, 0xe9, 0x56, 0x73, 0xd8, 0x00, 0xff, 0x71, 0xe9, 0xe6, 0x06, 0x72, 0x00, 0x03, 0xd5, 0xba,
    0xe7, 0x02, 0x18, 0x73, 0x00, 0x03, 0xd5, 0xba, 0xe7, 0x02, 0x38, 0x00, 0x00, 0x34, 0xd8, 0xab, 0x69, 0x00, 0x00,
    0x00, 0x73, 0xfc, 0xdb, 0xaf, 0x00, 0x00, 0x45, 0x00, 0x00, 0x34, 0xd8, 0xac, 0x6a, 0x00, 0x00, 0x00, 0x74, 0xfc,
    0xdb, 0xaf, 0x00, 0x00, 0x49, 0x00, 0x00, 0x34, 0xd8, 0xad, 0x6b, 0x00, 0x00, 0x00, 0x71, 0xfc, 0xdb, 0xa5, 0x00,
    0x00, 0x55, 0x00, 0x00, 0x34, 0xd8, 0xae, 0x6c, 0x00, 0x00, 0x80, 0x71, 0xfc, 0xdb, 0xa5, 0x00, 0x00, 0x59, 0x00,
    0x00, 0x8f, 0xbf, 0x5b, 0xff, 0x5b, 0x80, 0x00, 0x01, 0x00, 0x00, 0x28, 0x45, 0x28, 0x80, 0x29, 0x80, 0x29, 0x82,
    0x00, 0x10, 0x30, 0xe0, 0x97, 0x67, 0x0a, 0x80, 0x00, 0x10, 0x30, 0xe0, 0x96, 0x66, 0x0a, 0x80, 0x00, 0x10, 0x30,
    0xe0, 0x98, 0x68, 0x0a, 0x80, 0x75, 0x48, 0x8c, 0xbf, 0x9a, 0x1b, 0x92, 0xbe, 0x48, 0xc1, 0x48, 0x80, 0x07, 0x00,
    0x85, 0xbf, 0x76, 0x05, 0x26, 0xbb, 0x00, 0x00, 0x80, 0xbf, 0x00, 0x00, 0x80, 0xbf, 0x00, 0x00, 0x80, 0xbf, 0x00,
    0x00, 0x80, 0xbf, 0x00, 0x00, 0x80, 0xbf, 0x00, 0x00, 0x80, 0xbf, 0xfa, 0xea, 0xea, 0x02, 0x75, 0x41, 0x01, 0xff,
    0x4d, 0xbb, 0x04, 0x56, 0x4e, 0xbb, 0x06, 0x56, 0x4f, 0xbb, 0x08, 0x56, 0x50, 0xbb, 0x0a, 0x56, 0x51, 0xbb, 0x0c,
    0x56, 0x52, 0xbb, 0x0e, 0x56, 0x53, 0xbb, 0x10, 0x56, 0x54, 0xbb, 0x12, 0x56, 0xfa, 0xec, 0xec, 0x02, 0x76, 0x41,
    0x01, 0xff, 0x4d, 0xbd, 0x14, 0x56, 0x4e, 0xbd, 0x16, 0x56, 0x4f, 0xbd, 0x18, 0x56, 0x01, 0x00, 0x8f, 0xbf, 0x50,
    0xbd, 0x1a, 0x56, 0x51, 0xbd, 0x1c, 0x56, 0x52, 0xbd, 0x1e, 0x56, 0x53, 0xbd, 0x20, 0x56, 0x54, 0xbd, 0x22, 0x56,
    0xfa, 0xee, 0xee, 0x02, 0x77, 0x41, 0x01, 0xff, 0x4d, 0xbf, 0x24, 0x56, 0x4e, 0xbf, 0x26, 0x56, 0x4f, 0xbf, 0x28,
    0x56, 0x50, 0xbf, 0x2a, 0x56, 0x51, 0xbf, 0x2c, 0x56, 0x52, 0xbf, 0x2e, 0x56, 0x53, 0xbf, 0x30, 0x56, 0x54, 0xbf,
    0x32, 0x56, 0xfa, 0xf0, 0xf0, 0x02, 0x78, 0x41, 0x01, 0xff, 0x4d, 0xc1, 0x34, 0x56, 0x4e, 0xc1, 0x36, 0x56, 0x4f,
    0xc1, 0x38, 0x56, 0x50, 0xc1, 0x3a, 0x56, 0x51, 0xc1, 0x3c, 0x56, 0x52, 0xc1, 0x3e, 0x56, 0x53, 0xc1, 0x40, 0x56,
    0x54, 0xc1, 0x42, 0x56, 0xfa, 0xec, 0xea, 0x06, 0x76, 0x80, 0x00, 0xff, 0x4d, 0xc3, 0x44, 0x56, 0x4e, 0xc3, 0x46,
    0x56, 0x4f, 0xc3, 0x48, 0x56, 0x50, 0xc3, 0x4a, 0x56, 0x51, 0xc3, 0x4c, 0x56, 0x52, 0xc3, 0x4e, 0x56, 0x53, 0xc3,
    0x50, 0x56, 0x54, 0xc3, 0x52, 0x56, 0xfa, 0x6e, 0xeb, 0x56, 0x76, 0xd8, 0x00, 0xff, 0x4d, 0xc5, 0x54, 0x56, 0x4e,
    0xc5, 0x56, 0x56, 0x4f, 0xc5, 0x58, 0x56, 0x50, 0xc5, 0x5a, 0x56, 0x51, 0xc5, 0x5c, 0x56, 0x52, 0xc5, 0x5e, 0x56,
    0x53, 0xc5, 0x60, 0x56, 0x54, 0xc5, 0x62, 0x56, 0xfa, 0xf0, 0x74, 0x07, 0x78, 0x80, 0x00, 0xff, 0x4d, 0xc7, 0x64,
    0x56, 0x4e, 0xc7, 0x66, 0x56, 0x4f, 0xc7, 0x68, 0x56, 0x50, 0xc7, 0x6a, 0x56, 0x51, 0xc7, 0x6c, 0x56, 0x52, 0xc7,
    0x6e, 0x56, 0x53, 0xc7, 0x70, 0x56, 0x54, 0xc7, 0x72, 0x56, 0xfa, 0x6e, 0x75, 0x57, 0x78, 0xd8, 0x00, 0xff, 0x4d,
    0xc9, 0x74, 0x56, 0x4e, 0xc9, 0x76, 0x56, 0x4f, 0xc9, 0x78, 0x56, 0x50, 0xc9, 0x7a, 0x56, 0x51, 0xc9, 0x7c, 0x56,
    0x52, 0xc9, 0x7e, 0x56, 0x53, 0xc9, 0x80, 0x56, 0x54, 0xc9, 0x82, 0x56, 0xfa, 0xee, 0xf0, 0x06, 0x77, 0x80, 0x00,
    0xff, 0xfa, 0x6e, 0xf1, 0x56, 0x77, 0xd8, 0x00, 0xff, 0x75, 0xf1, 0xee, 0x06, 0x76, 0x00, 0x03, 0xd5, 0xba, 0xef,
    0x02, 0x18, 0x77, 0x00, 0x03, 0xd5, 0xba, 0xef, 0x02, 0x38, 0x40, 0x20, 0x34, 0xd8, 0xa7, 0x6d, 0x00, 0x00, 0x00,
    0x83, 0xfc, 0xdb, 0xaf, 0x00, 0x00, 0x4d, 0x40, 0x20, 0x34, 0xd8, 0xa8, 0x6e, 0x00, 0x00, 0x00, 0x84, 0xfc, 0xdb,
    0xaf, 0x00, 0x00, 0x51, 0x40, 0x20, 0x34, 0xd8, 0xa9, 0x6f, 0x00, 0x00, 0x00, 0x81, 0xfc, 0xdb, 0xa5, 0x00, 0x00,
    0x5d, 0x40, 0x20, 0x34, 0xd8, 0xaa, 0x70, 0x00, 0x00, 0x80, 0x81, 0xfc, 0xdb, 0xa5, 0x00, 0x00, 0x61, 0x00, 0x00,
    0x8f, 0xbf, 0x28, 0x46, 0x28, 0x80, 0x29, 0x47, 0x29, 0x82, 0x00, 0x10, 0x30, 0xe0, 0x9b, 0x6b, 0x0a, 0x80, 0x00,
    0x10, 0x30, 0xe0, 0x9a, 0x6a, 0x0a, 0x80, 0x00, 0x10, 0x30, 0xe0, 0x9c, 0x6c, 0x0a, 0x80, 0x7f, 0xc8, 0x8c, 0xbf,
    0xc0, 0xff, 0xf8, 0xd8, 0x00, 0x00, 0x00, 0xbc, 0x9a, 0x1d, 0x92, 0xbe, 0x48, 0xc1, 0x48, 0x80, 0x07, 0x00, 0x85,
    0xbf, 0xf6, 0x04, 0x26, 0xbb, 0x00, 0x00, 0x80, 0xbf, 0x00, 0x00, 0x80, 0xbf, 0x00, 0x00, 0x80, 0xbf, 0x00, 0x00,
    0x80, 0xbf, 0x00, 0x00, 0x80, 0xbf, 0x00, 0x00, 0x80, 0xbf, 0xfa, 0xf2, 0xf2, 0x02, 0x79, 0x41, 0x01, 0xff, 0x45,
    0xab, 0x04, 0x56, 0x46, 0xab, 0x06, 0x56, 0x47, 0xab, 0x08, 0x56, 0x48, 0xab, 0x0a, 0x56, 0x49, 0xab, 0x0c, 0x56,
    0x4a, 0xab, 0x0e, 0x56, 0x4b, 0xab, 0x10, 0x56, 0x4c, 0xab, 0x12, 0x56, 0xfa, 0xf4, 0xf4, 0x02, 0x7a, 0x41, 0x01,
    0xff, 0x45, 0xad, 0x14, 0x56, 0x46, 0xad, 0x16, 0x56, 0x47, 0xad, 0x18, 0x56, 0x01, 0x00, 0x8f, 0xbf, 0x48, 0xad,
    0x1a, 0x56, 0x49, 0xad, 0x1c, 0x56, 0x4a, 0xad, 0x1e, 0x56, 0x4b, 0xad, 0x20, 0x56, 0x4c, 0xad, 0x22, 0x56, 0xfa,
    0xf6, 0xf6, 0x02, 0x7b, 0x41, 0x01, 0xff, 0x45, 0xaf, 0x24, 0x56, 0x46, 0xaf, 0x26, 0x56, 0x47, 0xaf, 0x28, 0x56,
    0x48, 0xaf, 0x2a, 0x56, 0x49, 0xaf, 0x2c, 0x56, 0x4a, 0xaf, 0x2e, 0x56, 0x4b, 0xaf, 0x30, 0x56, 0x4c, 0xaf, 0x32,
    0x56, 0xfa, 0xf8, 0xf8, 0x02, 0x7c, 0x41, 0x01, 0xff, 0x45, 0xb1, 0x34, 0x56, 0x46, 0xb1, 0x36, 0x56, 0x47, 0xb1,
    0x38, 0x56, 0x48, 0xb1, 0x3a, 0x56, 0x49, 0xb1, 0x3c, 0x56, 0x4a, 0xb1, 0x3e, 0x56, 0x4b, 0xb1, 0x40, 0x56, 0x4c,
    0xb1, 0x42, 0x56, 0xfa, 0xf4, 0xf2, 0x06, 0x7a, 0x80, 0x00, 0xff, 0x45, 0xb3, 0x44, 0x56, 0x46, 0xb3, 0x46, 0x56,
    0x47, 0xb3, 0x48, 0x56, 0x48, 0xb3, 0x4a, 0x56, 0x49, 0xb3, 0x4c, 0x56, 0x4a, 0xb3, 0x4e, 0x56, 0x4b, 0xb3, 0x50,
    0x56, 0x4c, 0xb3, 0x52, 0x56, 0xfa, 0x6e, 0xf3, 0x56, 0x7a, 0xd8, 0x00, 0xff, 0x45, 0xb5, 0x54, 0x56, 0x46, 0xb5,
    0x56, 0x56, 0x47, 0xb5, 0x58, 0x56, 0x48, 0xb5, 0x5a, 0x56, 0x49, 0xb5, 0x5c, 0x56, 0x4a, 0xb5, 0x5e, 0x56, 0x4b,
    0xb5, 0x60, 0x56, 0x4c, 0xb5, 0x62, 0x56, 0xfa, 0xf8, 0x74, 0x07, 0x7c, 0x80, 0x00, 0xff, 0x45, 0xb7, 0x64, 0x56,
    0x46, 0xb7, 0x66, 0x56, 0x47, 0xb7, 0x68, 0x56, 0x48, 0xb7, 0x6a, 0x56, 0x49, 0xb7, 0x6c, 0x56, 0x4a, 0xb7, 0x6e,
    0x56, 0x4b, 0xb7, 0x70, 0x56, 0x4c, 0xb7, 0x72, 0x56, 0xfa, 0x6e, 0x75, 0x57, 0x7c, 0xd8, 0x00, 0xff, 0x45, 0xb9,
    0x74, 0x56, 0x46, 0xb9, 0x76, 0x56, 0x47, 0xb9, 0x78, 0x56, 0x48, 0xb9, 0x7a, 0x56, 0x49, 0xb9, 0x7c, 0x56, 0x4a,
    0xb9, 0x7e, 0x56, 0x4b, 0xb9, 0x80, 0x56, 0x4c, 0xb9, 0x82, 0x56, 0xfa, 0xf6, 0xf8, 0x06, 0x7b, 0x80, 0x00, 0xff,
    0xfa, 0x6e, 0xf9, 0x56, 0x7b, 0xd8, 0x00, 0xff, 0x79, 0xf9, 0xf6, 0x06, 0x7a, 0x00, 0x03, 0xd5, 0xba, 0xf7, 0x02,
    0x18, 0x7b, 0x00, 0x03, 0xd5, 0xba, 0xf7, 0x02, 0x38, 0x40, 0x20, 0x34, 0xd8, 0xab, 0x71, 0x00, 0x00, 0x40, 0x93,
    0xfc, 0xdb, 0xaf, 0x00, 0x00, 0x45, 0x40, 0x20, 0x34, 0xd8, 0xac, 0x72, 0x00, 0x00, 0x40, 0x94, 0xfc, 0xdb, 0xaf,
    0x00, 0x00, 0x49, 0x40, 0x20, 0x34, 0xd8, 0xad, 0x73, 0x00, 0x00, 0x40, 0x91, 0xfc, 0xdb, 0xa5, 0x00, 0x00, 0x55,
    0x40, 0x20, 0x34, 0xd8, 0xae, 0x74, 0x00, 0x00, 0xc0, 0x91, 0xfc, 0xdb, 0xa5, 0x00, 0x00, 0x59, 0x00, 0x00, 0x8f,
    0xbf, 0xff, 0x03, 0xfc, 0xbe, 0xc0, 0xff, 0x02, 0x00, 0x28, 0x45, 0x28, 0x80, 0x29, 0x80, 0x29, 0x82, 0x00, 0x10,
    0x30, 0xe0, 0x97, 0x6f, 0x0a, 0x80, 0x00, 0x10, 0x30, 0xe0, 0x96, 0x6e, 0x0a, 0x80, 0x00, 0x10, 0x30, 0xe0, 0x98,
    0x70, 0x0a, 0x80, 0x75, 0x48, 0x8c, 0xbf, 0x9a, 0x1b, 0x92, 0xbe, 0x48, 0xc1, 0x48, 0x80, 0x07, 0x00, 0x85, 0xbf,
    0x76, 0x04, 0x26, 0xbb, 0x00, 0x00, 0x80, 0xbf, 0x00, 0x00, 0x80, 0xbf, 0x00, 0x00, 0x80, 0xbf, 0x00, 0x00, 0x80,
    0xbf, 0x00, 0x00, 0x80, 0xbf, 0x00, 0x00, 0x80, 0xbf, 0xfa, 0xfa, 0xfa, 0x02, 0x7d, 0x41, 0x01, 0xff, 0x4d, 0xbb,
    0x04, 0x56, 0x4e, 0xbb, 0x06, 0x56, 0x4f, 0xbb, 0x08, 0x56, 0x50, 0xbb, 0x0a, 0x56, 0x51, 0xbb, 0x0c, 0x56, 0x52,
    0xbb, 0x0e, 0x56, 0x53, 0xbb, 0x10, 0x56, 0x54, 0xbb, 0x12, 0x56, 0xfa, 0xfc, 0xfc, 0x02, 0x7e, 0x41, 0x01, 0xff,
    0x4d, 0xbd, 0x14, 0x56, 0x4e, 0xbd, 0x16, 0x56, 0x4f, 0xbd, 0x18, 0x56, 0x01, 0x00, 0x8f, 0xbf, 0x50, 0xbd, 0x1a,
    0x56, 0x51, 0xbd, 0x1c, 0x56, 0x52, 0xbd, 0x1e, 0x56, 0x53, 0xbd, 0x20, 0x56, 0x54, 0xbd, 0x22, 0x56, 0xfa, 0xfe,
    0xfe, 0x02, 0x7f, 0x41, 0x01, 0xff, 0x4d, 0xbf, 0x24, 0x56, 0x4e, 0xbf, 0x26, 0x56, 0x4f, 0xbf, 0x28, 0x56, 0x50,
    0xbf, 0x2a, 0x56, 0x51, 0xbf, 0x2c, 0x56, 0x52, 0xbf, 0x2e, 0x56, 0x53, 0xbf, 0x30, 0x56, 0x54, 0xbf, 0x32, 0x56,
    0xfa, 0x00, 0x01, 0x03, 0x80, 0x41, 0x01, 0xff, 0x4d, 0xc1, 0x34, 0x56, 0x4e, 0xc1, 0x36, 0x56, 0x4f, 0xc1, 0x38,
    0x56, 0x50, 0xc1, 0x3a, 0x56, 0x51, 0xc1, 0x3c, 0x56, 0x52, 0xc1, 0x3e, 0x56, 0x53, 0xc1, 0x40, 0x56, 0x54, 0xc1,
    0x42, 0x56, 0xfa, 0xfc, 0xfa, 0x06, 0x7e, 0x80, 0x00, 0xff, 0x4d, 0xc3, 0x44, 0x56, 0x4e, 0xc3, 0x46, 0x56, 0x4f,
    0xc3, 0x48, 0x56, 0x50, 0xc3, 0x4a, 0x56, 0x51, 0xc3, 0x4c, 0x56, 0x52, 0xc3, 0x4e, 0x56, 0x53, 0xc3, 0x50, 0x56,
    0x54, 0xc3, 0x52, 0x56, 0xfa, 0x6e, 0xfb, 0x56, 0x7e, 0xd8, 0x00, 0xff, 0x4d, 0xc5, 0x54, 0x56, 0x4e, 0xc5, 0x56,
    0x56, 0x4f, 0xc5, 0x58, 0x56, 0x50, 0xc5, 0x5a, 0x56, 0x51, 0xc5, 0x5c, 0x56, 0x52, 0xc5, 0x5e, 0x56, 0x53, 0xc5,
    0x60, 0x56, 0x54, 0xc5, 0x62, 0x56, 0xfa, 0x00, 0x75, 0x07, 0x80, 0x80, 0x00, 0xff, 0x4d, 0xc7, 0x64, 0x56, 0x4e,
    0xc7, 0x66, 0x56, 0x4f, 0xc7, 0x68, 0x56, 0x50, 0xc7, 0x6a, 0x56, 0x51, 0xc7, 0x6c, 0x56, 0x52, 0xc7, 0x6e, 0x56,
    0x53, 0xc7, 0x70, 0x56, 0x54, 0xc7, 0x72, 0x56, 0xfa, 0x6e, 0x75, 0x57, 0x80, 0xd8, 0x00, 0xff, 0x4d, 0xc9, 0x74,
    0x56, 0x4e, 0xc9, 0x76, 0x56, 0x4f, 0xc9, 0x78, 0x56, 0x50, 0xc9, 0x7a, 0x56, 0x51, 0xc9, 0x7c, 0x56, 0x52, 0xc9,
    0x7e, 0x56, 0x53, 0xc9, 0x80, 0x56, 0x54, 0xc9, 0x82, 0x56, 0xfa, 0xfe, 0x00, 0x07, 0x7f, 0x80, 0x00, 0xff, 0xfa,
    0x6e, 0x01, 0x57, 0x7f, 0xd8, 0x00, 0xff, 0x7d, 0x01, 0xff, 0x06, 0x7e, 0x00, 0x03, 0xd5, 0xba, 0xff, 0x02, 0x18,
    0x7f, 0x00, 0x03, 0xd5, 0xba, 0xff, 0x02, 0x38, 0x6a, 0x00, 0xc2, 0xd4, 0xfe, 0xb6, 0x00, 0x00, 0xfd, 0xff, 0x86,
    0xbf, 0x0a, 0x04, 0xea, 0xbe, 0x80, 0x40, 0x34, 0xd8, 0xa7, 0x75, 0x00, 0x00, 0x40, 0xa3, 0xfc, 0xdb, 0xaf, 0x00,
    0x00, 0x4d, 0x80, 0x40, 0x34, 0xd8, 0xa8, 0x76, 0x00, 0x00, 0x40, 0xa4, 0xfc, 0xdb, 0xaf, 0x00, 0x00, 0x51, 0x80,
    0x40, 0x34, 0xd8, 0xa9, 0x77, 0x00, 0x00, 0x40, 0xa1, 0xfc, 0xdb, 0xa5, 0x00, 0x00, 0x5d, 0x80, 0x40, 0x34, 0xd8,
    0xaa, 0x78, 0x00, 0x00, 0xc0, 0xa1, 0xfc, 0xdb, 0xa5, 0x00, 0x00, 0x61, 0x00, 0x00, 0x8f, 0xbf, 0x28, 0x46, 0x28,
    0x80, 0x29, 0x47, 0x29, 0x82, 0x00, 0x10, 0x30, 0xe0, 0x9b, 0x73, 0x0a, 0x80, 0x00, 0x10, 0x30, 0xe0, 0x9a, 0x72,
    0x0a, 0x80, 0x00, 0x10, 0x30, 0xe0, 0x9c, 0x74, 0x0a, 0x80, 0x7f, 0xc8, 0x8c, 0xbf, 0x9a, 0x1d, 0x92, 0xbe, 0x48,
    0xc1, 0x48, 0x80, 0x05, 0x00, 0x85, 0xbf, 0xf4, 0x03, 0x26, 0xbb, 0x00, 0x00, 0x80, 0xbf, 0x00, 0x00, 0x80, 0xbf,
    0x00, 0x00, 0x80, 0xbf, 0x00, 0x00, 0x80, 0xbf, 0xfa, 0x02, 0x03, 0x03, 0x81, 0x41, 0x01, 0xff, 0x45, 0xab, 0x04,
    0x56, 0x46, 0xab, 0x06, 0x56, 0x47, 0xab, 0x08, 0x56, 0x48, 0xab, 0x0a, 0x56, 0x49, 0xab, 0x0c, 0x56, 0x4a, 0xab,
    0x0e, 0x56, 0x4b, 0xab, 0x10, 0x56, 0x4c, 0xab, 0x12, 0x56, 0xfa, 0x04, 0x05, 0x03, 0x82, 0x41, 0x01, 0xff, 0x45,
    0xad, 0x14, 0x56, 0x46, 0xad, 0x16, 0x56, 0x47, 0xad, 0x18, 0x56, 0x01, 0x00, 0x8f, 0xbf, 0x48, 0xad, 0x1a, 0x56,
    0x49, 0xad, 0x1c, 0x56, 0x4a, 0xad, 0x1e, 0x56, 0x4b, 0xad, 0x20, 0x56, 0x4c, 0xad, 0x22, 0x56, 0xfa, 0x06, 0x07,
    0x03, 0x83, 0x41, 0x01, 0xff, 0x45, 0xaf, 0x24, 0x56, 0x46, 0xaf, 0x26, 0x56, 0x47, 0xaf, 0x28, 0x56, 0x48, 0xaf,
    0x2a, 0x56, 0x49, 0xaf, 0x2c, 0x56, 0x4a, 0xaf, 0x2e, 0x56, 0x4b, 0xaf, 0x30, 0x56, 0x4c, 0xaf, 0x32, 0x56, 0xfa,
    0x08, 0x09, 0x03, 0x84, 0x41, 0x01, 0xff, 0x45, 0xb1, 0x34, 0x56, 0x46, 0xb1, 0x36, 0x56, 0x47, 0xb1, 0x38, 0x56,
    0x48, 0xb1, 0x3a, 0x56, 0x49, 0xb1, 0x3c, 0x56, 0x4a, 0xb1, 0x3e, 0x56, 0x4b, 0xb1, 0x40, 0x56, 0x4c, 0xb1, 0x42,
    0x56, 0xfa, 0x04, 0x03, 0x07, 0x82, 0x80, 0x00, 0xff, 0x45, 0xb3, 0x44, 0x56, 0x46, 0xb3, 0x46, 0x56, 0x47, 0xb3,
    0x48, 0x56, 0x48, 0xb3, 0x4a, 0x56, 0x49, 0xb3, 0x4c, 0x56, 0x4a, 0xb3, 0x4e, 0x56, 0x4b, 0xb3, 0x50, 0x56, 0x4c,
    0xb3, 0x52, 0x56, 0xfa, 0x6e, 0x03, 0x57, 0x82, 0xd8, 0x00, 0xff, 0x45, 0xb5, 0x54, 0x56, 0x46, 0xb5, 0x56, 0x56,
    0x47, 0xb5, 0x58, 0x56, 0x48, 0xb5, 0x5a, 0x56, 0x49, 0xb5, 0x5c, 0x56, 0x4a, 0xb5, 0x5e, 0x56, 0x4b, 0xb5, 0x60,
    0x56, 0x4c, 0xb5, 0x62, 0x56, 0xfa, 0x08, 0x75, 0x07, 0x84, 0x80, 0x00, 0xff, 0x45, 0xb7, 0x64, 0x56, 0x46, 0xb7,
    0x66, 0x56, 0x47, 0xb7, 0x68, 0x56, 0x48, 0xb7, 0x6a, 0x56, 0x49, 0xb7, 0x6c, 0x56, 0x4a, 0xb7, 0x6e, 0x56, 0x4b,
    0xb7, 0x70, 0x56, 0x4c, 0xb7, 0x72, 0x56, 0xfa, 0x6e, 0x75, 0x57, 0x84, 0xd8, 0x00, 0xff, 0x45, 0xb9, 0x74, 0x56,
    0x46, 0xb9, 0x76, 0x56, 0x47, 0xb9, 0x78, 0x56, 0x48, 0xb9, 0x7a, 0x56, 0x49, 0xb9, 0x7c, 0x56, 0x4a, 0xb9, 0x7e,
    0x56, 0x4b, 0xb9, 0x80, 0x56, 0x4c, 0xb9, 0x82, 0x56, 0xfa, 0x06, 0x09, 0x07, 0x83, 0x80, 0x00, 0xff, 0xfa, 0x6e,
    0x09, 0x57, 0x83, 0xd8, 0x00, 0xff, 0x81, 0x09, 0x07, 0x07, 0x82, 0x00, 0x03, 0xd5, 0xba, 0x07, 0x03, 0x18, 0x83,
    0x00, 0x03, 0xd5, 0xba, 0x07, 0x03, 0x38, 0x80, 0x40, 0x34, 0xd8, 0xab, 0x79, 0x00, 0x00, 0x80, 0xb3, 0xfc, 0xdb,
    0xaf, 0x00, 0x00, 0x45, 0x80, 0x40, 0x34, 0xd8, 0xac, 0x7a, 0x00, 0x00, 0x80, 0xb4, 0xfc, 0xdb, 0xaf, 0x00, 0x00,
    0x49, 0x80, 0x40, 0x34, 0xd8, 0xad, 0x7b, 0x00, 0x00, 0x80, 0xb1, 0xfc, 0xdb, 0xa5, 0x00, 0x00, 0x55, 0x80, 0x40,
    0x34, 0xd8, 0xae, 0x7c, 0x00, 0x00, 0x00, 0xb2, 0xfc, 0xdb, 0xa5, 0x00, 0x00, 0x59, 0x00, 0x00, 0x8f, 0xbf, 0x28,
    0x45, 0x28, 0x80, 0x29, 0x80, 0x29, 0x82, 0x00, 0x10, 0x30, 0xe0, 0x97, 0x77, 0x0a, 0x80, 0x00, 0x10, 0x30, 0xe0,
    0x96, 0x76, 0x0a, 0x80, 0x00, 0x10, 0x30, 0xe0, 0x98, 0x78, 0x0a, 0x80, 0x75, 0x48, 0x8c, 0xbf, 0x9a, 0x1b, 0x92,
    0xbe, 0x48, 0xc1, 0x48, 0x80, 0x01, 0x00, 0x85, 0xbf, 0x78, 0x03, 0x26, 0xbb, 0xfa, 0x0a, 0x0b, 0x03, 0x85, 0x41,
    0x01, 0xff, 0x4d, 0xbb, 0x04, 0x56, 0x4e, 0xbb, 0x06, 0x56, 0x4f, 0xbb, 0x08, 0x56, 0x50, 0xbb, 0x0a, 0x56, 0x51,
    0xbb, 0x0c, 0x56, 0x52, 0xbb, 0x0e, 0x56, 0x53, 0xbb, 0x10, 0x56, 0x54, 0xbb, 0x12, 0x56, 0xfa, 0x0c, 0x0d, 0x03,
    0x86, 0x41, 0x01, 0xff, 0x4d, 0xbd, 0x14, 0x56, 0x4e, 0xbd, 0x16, 0x56, 0x4f, 0xbd, 0x18, 0x56, 0x01, 0x00, 0x8f,
    0xbf, 0x50, 0xbd, 0x1a, 0x56, 0x51, 0xbd, 0x1c, 0x56, 0x52, 0xbd, 0x1e, 0x56, 0x53, 0xbd, 0x20, 0x56, 0x54, 0xbd,
    0x22, 0x56, 0xfa, 0x0e, 0x0f, 0x03, 0x87, 0x41, 0x01, 0xff, 0x4d, 0xbf, 0x24, 0x56, 0x4e, 0xbf, 0x26, 0x56, 0x4f,
    0xbf, 0x28, 0x56, 0x50, 0xbf, 0x2a, 0x56, 0x51, 0xbf, 0x2c, 0x56, 0x52, 0xbf, 0x2e, 0x56, 0x53, 0xbf, 0x30, 0x56,
    0x54, 0xbf, 0x32, 0x56, 0xfa, 0x10, 0x11, 0x03, 0x88, 0x41, 0x01, 0xff, 0x4d, 0xc1, 0x34, 0x56, 0x4e, 0xc1, 0x36,
    0x56, 0x4f, 0xc1, 0x38, 0x56, 0x50, 0xc1, 0x3a, 0x56, 0x51, 0xc1, 0x3c, 0x56, 0x52, 0xc1, 0x3e, 0x56, 0x53, 0xc1,
    0x40, 0x56, 0x54, 0xc1, 0x42, 0x56, 0xfa, 0x0c, 0x0b, 0x07, 0x86, 0x80, 0x00, 0xff, 0x4d, 0xc3, 0x44, 0x56, 0x4e,
    0xc3, 0x46, 0x56, 0x4f, 0xc3, 0x48, 0x56, 0x50, 0xc3, 0x4a, 0x56, 0x51, 0xc3, 0x4c, 0x56, 0x52, 0xc3, 0x4e, 0x56,
    0x53, 0xc3, 0x50, 0x56, 0x54, 0xc3, 0x52, 0x56, 0xfa, 0x6e, 0x0b, 0x57, 0x86, 0xd8, 0x00, 0xff, 0x4d, 0xc5, 0x54,
    0x56, 0x4e, 0xc5, 0x56, 0x56, 0x4f, 0xc5, 0x58, 0x56, 0x50, 0xc5, 0x5a, 0x56, 0x51, 0xc5, 0x5c, 0x56, 0x52, 0xc5,
    0x5e, 0x56, 0x53, 0xc5, 0x60, 0x56, 0x54, 0xc5, 0x62, 0x56, 0xfa, 0x10, 0x75, 0x07, 0x88, 0x80, 0x00, 0xff, 0x4d,
    0xc7, 0x64, 0x56, 0x4e, 0xc7, 0x66, 0x56, 0x4f, 0xc7, 0x68, 0x56, 0x50, 0xc7, 0x6a, 0x56, 0x51, 0xc7, 0x6c, 0x56,
    0x52, 0xc7, 0x6e, 0x56, 0x53, 0xc7, 0x70, 0x56, 0x54, 0xc7, 0x72, 0x56, 0xfa, 0x6e, 0x75, 0x57, 0x88, 0xd8, 0x00,
    0xff, 0x4d, 0xc9, 0x74, 0x56, 0x4e, 0xc9, 0x76, 0x56, 0x4f, 0xc9, 0x78, 0x56, 0x50, 0xc9, 0x7a, 0x56, 0x51, 0xc9,
    0x7c, 0x56, 0x52, 0xc9, 0x7e, 0x56, 0x53, 0xc9, 0x80, 0x56, 0x54, 0xc9, 0x82, 0x56, 0xfa, 0x0e, 0x11, 0x07, 0x87,
    0x80, 0x00, 0xff, 0xfa, 0x6e, 0x11, 0x57, 0x87, 0xd8, 0x00, 0xff, 0x85, 0x11, 0x0f, 0x07, 0x86, 0x00, 0x03, 0xd5,
    0xba, 0x0f, 0x03, 0x18, 0x87, 0x00, 0x03, 0xd5, 0xba, 0x0f, 0x03, 0x38, 0xc0, 0x60, 0x34, 0xd8, 0xa7, 0x7d, 0x00,
    0x00, 0x00, 0x02, 0xfc, 0xdb, 0xaf, 0x00, 0x00, 0x4d, 0xc0, 0x60, 0x34, 0xd8, 0xa8, 0x7e, 0x00, 0x00, 0x00, 0x03,
    0xfc, 0xdb, 0xaf, 0x00, 0x00, 0x51, 0xc0, 0x60, 0x34, 0xd8, 0xa9, 0x7f, 0x00, 0x00, 0x00, 0x00, 0xfc, 0xdb, 0xa5,
    0x00, 0x00, 0x5d, 0xc0, 0x60, 0x34, 0xd8, 0xaa, 0x80, 0x00, 0x00, 0x80, 0x00, 0xfc, 0xdb, 0xa5, 0x00, 0x00, 0x61,
    0x00, 0x00, 0x8f, 0xbf, 0x28, 0x46, 0x28, 0x80, 0x29, 0x47, 0x29, 0x82, 0x00, 0x10, 0x30, 0xe0, 0x9b, 0x7b, 0x0a,
    0x80, 0x00, 0x10, 0x30, 0xe0, 0x9a, 0x7a, 0x0a, 0x80, 0x00, 0x10, 0x30, 0xe0, 0x9c, 0x7c, 0x0a, 0x80, 0x7f, 0xc8,
    0x8c, 0xbf, 0xc4, 0xff, 0xf8, 0xd8, 0x00, 0x00, 0x00, 0xbc, 0x9a, 0x1d, 0x92, 0xbe, 0x48, 0xc1, 0x48, 0x80, 0x07,
    0x00, 0x85, 0xbf, 0xfe, 0x02, 0x26, 0xbb, 0x00, 0x00, 0x80, 0xbf, 0x00, 0x00, 0x80, 0xbf, 0x00, 0x00, 0x80, 0xbf,
    0x00, 0x00, 0x80, 0xbf, 0x00, 0x00, 0x80, 0xbf, 0x00, 0x00, 0x80, 0xbf, 0xfa, 0x12, 0x13, 0x03, 0x89, 0x41, 0x01,
    0xff, 0x45, 0xab, 0x04, 0x56, 0x46, 0xab, 0x06, 0x56, 0x47, 0xab, 0x08, 0x56, 0x48, 0xab, 0x0a, 0x56, 0x49, 0xab,
    0x0c, 0x56, 0x4a, 0xab, 0x0e, 0x56, 0x4b, 0xab, 0x10, 0x56, 0x4c, 0xab, 0x12, 0x56, 0xfa, 0x14, 0x15, 0x03, 0x8a,
    0x41, 0x01, 0xff, 0x45, 0xad, 0x14, 0x56, 0x46, 0xad, 0x16, 0x56, 0x47, 0xad, 0x18, 0x56, 0x01, 0x00, 0x8f, 0xbf,
    0x48, 0xad, 0x1a, 0x56, 0x49, 0xad, 0x1c, 0x56, 0x4a, 0xad, 0x1e, 0x56, 0x4b, 0xad, 0x20, 0x56, 0x4c, 0xad, 0x22,
    0x56, 0xfa, 0x16, 0x17, 0x03, 0x8b, 0x41, 0x01, 0xff, 0x45, 0xaf, 0x24, 0x56, 0x46, 0xaf, 0x26, 0x56, 0x47, 0xaf,
    0x28, 0x56, 0x48, 0xaf, 0x2a, 0x56, 0x49, 0xaf, 0x2c, 0x56, 0x4a, 0xaf, 0x2e, 0x56, 0x4b, 0xaf, 0x30, 0x56, 0x4c,
    0xaf, 0x32, 0x56, 0xfa, 0x18, 0x19, 0x03, 0x8c, 0x41, 0x01, 0xff, 0x45, 0xb1, 0x34, 0x56, 0x46, 0xb1, 0x36, 0x56,
    0x47, 0xb1, 0x38, 0x56, 0x48, 0xb1, 0x3a, 0x56, 0x49, 0xb1, 0x3c, 0x56, 0x4a, 0xb1, 0x3e, 0x56, 0x4b, 0xb1, 0x40,
    0x56, 0x4c, 0xb1, 0x42, 0x56, 0xfa, 0x14, 0x13, 0x07, 0x8a, 0x80, 0x00, 0xff, 0x45, 0xb3, 0x44, 0x56, 0x46, 0xb3,
    0x46, 0x56, 0x47, 0xb3, 0x48, 0x56, 0x48, 0xb3, 0x4a, 0x56, 0x49, 0xb3, 0x4c, 0x56, 0x4a, 0xb3, 0x4e, 0x56, 0x4b,
    0xb3, 0x50, 0x56, 0x4c, 0xb3, 0x52, 0x56, 0xfa, 0x6e, 0x13, 0x57, 0x8a, 0xd8, 0x00, 0xff, 0x45, 0xb5, 0x54, 0x56,
    0x46, 0xb5, 0x56, 0x56, 0x47, 0xb5, 0x58, 0x56, 0x48, 0xb5, 0x5a, 0x56, 0x49, 0xb5, 0x5c, 0x56, 0x4a, 0xb5, 0x5e,
    0x56, 0x4b, 0xb5, 0x60, 0x56, 0x4c, 0xb5, 0x62, 0x56, 0xfa, 0x18, 0x75, 0x07, 0x8c, 0x80, 0x00, 0xff, 0x45, 0xb7,
    0x64, 0x56, 0x46, 0xb7, 0x66, 0x56, 0x47, 0xb7, 0x68, 0x56, 0x48, 0xb7, 0x6a, 0x56, 0x49, 0xb7, 0x6c, 0x56, 0x4a,
    0xb7, 0x6e, 0x56, 0x4b, 0xb7, 0x70, 0x56, 0x4c, 0xb7, 0x72, 0x56, 0xfa, 0x6e, 0x75, 0x57, 0x8c, 0xd8, 0x00, 0xff,
    0x45, 0xb9, 0x74, 0x56, 0x46, 0xb9, 0x76, 0x56, 0x47, 0xb9, 0x78, 0x56, 0x48, 0xb9, 0x7a, 0x56, 0x49, 0xb9, 0x7c,
    0x56, 0x4a, 0xb9, 0x7e, 0x56, 0x4b, 0xb9, 0x80, 0x56, 0x4c, 0xb9, 0x82, 0x56, 0xfa, 0x16, 0x19, 0x07, 0x8b, 0x80,
    0x00, 0xff, 0xfa, 0x6e, 0x19, 0x57, 0x8b, 0xd8, 0x00, 0xff, 0x89, 0x19, 0x17, 0x07, 0x8a, 0x00, 0x03, 0xd5, 0xba,
    0x17, 0x03, 0x18, 0x8b, 0x00, 0x03, 0xd5, 0xba, 0x17, 0x03, 0x38, 0xc0, 0x60, 0x34, 0xd8, 0xab, 0x81, 0x00, 0x00,
    0x40, 0x12, 0xfc, 0xdb, 0xaf, 0x00, 0x00, 0x45, 0xc0, 0x60, 0x34, 0xd8, 0xac, 0x82, 0x00, 0x00, 0x40, 0x13, 0xfc,
    0xdb, 0xaf, 0x00, 0x00, 0x49, 0xc0, 0x60, 0x34, 0xd8, 0xad, 0x83, 0x00, 0x00, 0x40, 0x10, 0xfc, 0xdb, 0xa5, 0x00,
    0x00, 0x55, 0xc0, 0x60, 0x34, 0xd8, 0xae, 0x84, 0x00, 0x00, 0xc0, 0x10, 0xfc, 0xdb, 0xa5, 0x00, 0x00, 0x59, 0x00,
    0x00, 0x8f, 0xbf, 0xff, 0x03, 0xfc, 0xbe, 0xc4, 0xff, 0x02, 0x00, 0x28, 0x45, 0x28, 0x80, 0x29, 0x80, 0x29, 0x82,
    0x00, 0x10, 0x30, 0xe0, 0x97, 0x7f, 0x0a, 0x80, 0x00, 0x10, 0x30, 0xe0, 0x96, 0x7e, 0x0a, 0x80, 0x00, 0x10, 0x30,
    0xe0, 0x98, 0x80, 0x0a, 0x80, 0x75, 0x48, 0x8c, 0xbf, 0x9a, 0x1b, 0x92, 0xbe, 0x48, 0xc1, 0x48, 0x80, 0x07, 0x00,
    0x85, 0xbf, 0x7e, 0x02, 0x26, 0xbb, 0x00, 0x00, 0x80, 0xbf, 0x00, 0x00, 0x80, 0xbf, 0x00, 0x00, 0x80, 0xbf, 0x00,
    0x00, 0x80, 0xbf, 0x00, 0x00, 0x80, 0xbf, 0x00, 0x00, 0x80, 0xbf, 0xfa, 0x1a, 0x1b, 0x03, 0x8d, 0x41, 0x01, 0xff,
    0x4d, 0xbb, 0x04, 0x56, 0x4e, 0xbb, 0x06, 0x56, 0x4f, 0xbb, 0x08, 0x56, 0x50, 0xbb, 0x0a, 0x56, 0x51, 0xbb, 0x0c,
    0x56, 0x52, 0xbb, 0x0e, 0x56, 0x53, 0xbb, 0x10, 0x56, 0x54, 0xbb, 0x12, 0x56, 0xfa, 0x1c, 0x1d, 0x03, 0x8e, 0x41,
    0x01, 0xff, 0x4d, 0xbd, 0x14, 0x56, 0x4e, 0xbd, 0x16, 0x56, 0x4f, 0xbd, 0x18, 0x56, 0x01, 0x00, 0x8f, 0xbf, 0x50,
    0xbd, 0x1a, 0x56, 0x51, 0xbd, 0x1c, 0x56, 0x52, 0xbd, 0x1e, 0x56, 0x53, 0xbd, 0x20, 0x56, 0x54, 0xbd, 0x22, 0x56,
    0xfa, 0x1e, 0x1f, 0x03, 0x8f, 0x41, 0x01, 0xff, 0x4d, 0xbf, 0x24, 0x56, 0x4e, 0xbf, 0x26, 0x56, 0x4f, 0xbf, 0x28,
    0x56, 0x50, 0xbf, 0x2a, 0x56, 0x51, 0xbf, 0x2c, 0x56, 0x52, 0xbf, 0x2e, 0x56, 0x53, 0xbf, 0x30, 0x56, 0x54, 0xbf,
    0x32, 0x56, 0xfa, 0x20, 0x21, 0x03, 0x90, 0x41, 0x01, 0xff, 0x4d, 0xc1, 0x34, 0x56, 0x4e, 0xc1, 0x36, 0x56, 0x4f,
    0xc1, 0x38, 0x56, 0x50, 0xc1, 0x3a, 0x56, 0x51, 0xc1, 0x3c, 0x56, 0x52, 0xc1, 0x3e, 0x56, 0x53, 0xc1, 0x40, 0x56,
    0x54, 0xc1, 0x42, 0x56, 0xfa, 0x1c, 0x1b, 0x07, 0x8e, 0x80, 0x00, 0xff, 0x4d, 0xc3, 0x44, 0x56, 0x4e, 0xc3, 0x46,
    0x56, 0x4f, 0xc3, 0x48, 0x56, 0x50, 0xc3, 0x4a, 0x56, 0x51, 0xc3, 0x4c, 0x56, 0x52, 0xc3, 0x4e, 0x56, 0x53, 0xc3,
    0x50, 0x56, 0x54, 0xc3, 0x52, 0x56, 0xfa, 0x6e, 0x1b, 0x57, 0x8e, 0xd8, 0x00, 0xff, 0x4d, 0xc5, 0x54, 0x56, 0x4e,
    0xc5, 0x56, 0x56, 0x4f, 0xc5, 0x58, 0x56, 0x50, 0xc5, 0x5a, 0x56, 0x51, 0xc5, 0x5c, 0x56, 0x52, 0xc5, 0x5e, 0x56,
    0x53, 0xc5, 0x60, 0x56, 0x54, 0xc5, 0x62, 0x56, 0xfa, 0x20, 0x75, 0x07, 0x90, 0x80, 0x00, 0xff, 0x4d, 0xc7, 0x64,
    0x56, 0x4e, 0xc7, 0x66, 0x56, 0x4f, 0xc7, 0x68, 0x56, 0x50, 0xc7, 0x6a, 0x56, 0x51, 0xc7, 0x6c, 0x56, 0x52, 0xc7,
    0x6e, 0x56, 0x53, 0xc7, 0x70, 0x56, 0x54, 0xc7, 0x72, 0x56, 0xfa, 0x6e, 0x75, 0x57, 0x90, 0xd8, 0x00, 0xff, 0x4d,
    0xc9, 0x74, 0x56, 0x4e, 0xc9, 0x76, 0x56, 0x4f, 0xc9, 0x78, 0x56, 0x50, 0xc9, 0x7a, 0x56, 0x51, 0xc9, 0x7c, 0x56,
    0x52, 0xc9, 0x7e, 0x56, 0x53, 0xc9, 0x80, 0x56, 0x54, 0xc9, 0x82, 0x56, 0xfa, 0x1e, 0x21, 0x07, 0x8f, 0x80, 0x00,
    0xff, 0xfa, 0x6e, 0x21, 0x57, 0x8f, 0xd8, 0x00, 0xff, 0x8d, 0x21, 0x1f, 0x07, 0x8e, 0x00, 0x03, 0xd5, 0xba, 0x1f,
    0x03, 0x18, 0x8f, 0x00, 0x03, 0xd5, 0xba, 0x1f, 0x03, 0x38, 0x6a, 0x00, 0xc2, 0xd4, 0xfe, 0xb6, 0x00, 0x00, 0xfd,
    0xff, 0x86, 0xbf, 0x0a, 0x04, 0xea, 0xbe, 0x00, 0x81, 0x34, 0xd8, 0xa7, 0x85, 0x00, 0x00, 0x40, 0x22, 0xfc, 0xdb,
    0xaf, 0x00, 0x00, 0x4d, 0x00, 0x81, 0x34, 0xd8, 0xa8, 0x86, 0x00, 0x00, 0x40, 0x23, 0xfc, 0xdb, 0xaf, 0x00, 0x00,
    0x51, 0x00, 0x81, 0x34, 0xd8, 0xa9, 0x87, 0x00, 0x00, 0x40, 0x20, 0xfc, 0xdb, 0xa5, 0x00, 0x00, 0x5d, 0x00, 0x81,
    0x34, 0xd8, 0xaa, 0x88, 0x00, 0x00, 0xc0, 0x20, 0xfc, 0xdb, 0xa5, 0x00, 0x00, 0x61, 0x00, 0x00, 0x8f, 0xbf, 0x28,
    0x46, 0x28, 0x80, 0x29, 0x47, 0x29, 0x82, 0x00, 0x10, 0x30, 0xe0, 0x9b, 0x83, 0x0a, 0x80, 0x00, 0x10, 0x30, 0xe0,
    0x9a, 0x82, 0x0a, 0x80, 0x00, 0x10, 0x30, 0xe0, 0x9c, 0x84, 0x0a, 0x80, 0x7f, 0xc8, 0x8c, 0xbf, 0x9a, 0x1d, 0x92,
    0xbe, 0x48, 0xc1, 0x48, 0x80, 0x05, 0x00, 0x85, 0xbf, 0xfc, 0x01, 0x26, 0xbb, 0x00, 0x00, 0x80, 0xbf, 0x00, 0x00,
    0x80, 0xbf, 0x00, 0x00, 0x80, 0xbf, 0x00, 0x00, 0x80, 0xbf, 0xfa, 0x22, 0x23, 0x03, 0x91, 0x41, 0x01, 0xff, 0x45,
    0xab, 0x04, 0x56, 0x46, 0xab, 0x06, 0x56, 0x47, 0xab, 0x08, 0x56, 0x48, 0xab, 0x0a, 0x56, 0x49, 0xab, 0x0c, 0x56,
    0x4a, 0xab, 0x0e, 0x56, 0x4b, 0xab, 0x10, 0x56, 0x4c, 0xab, 0x12, 0x56, 0xfa, 0x24, 0x25, 0x03, 0x92, 0x41, 0x01,
    0xff, 0x45, 0xad, 0x14, 0x56, 0x46, 0xad, 0x16, 0x56, 0x47, 0xad, 0x18, 0x56, 0x01, 0x00, 0x8f, 0xbf, 0x48, 0xad,
    0x1a, 0x56, 0x49, 0xad, 0x1c, 0x56, 0x4a, 0xad, 0x1e, 0x56, 0x4b, 0xad, 0x20, 0x56, 0x4c, 0xad, 0x22, 0x56, 0xfa,
    0x26, 0x27, 0x03, 0x93, 0x41, 0x01, 0xff, 0x45, 0xaf, 0x24, 0x56, 0x46, 0xaf, 0x26, 0x56, 0x47, 0xaf, 0x28, 0x56,
    0x48, 0xaf, 0x2a, 0x56, 0x49, 0xaf, 0x2c, 0x56, 0x4a, 0xaf, 0x2e, 0x56, 0x4b, 0xaf, 0x30, 0x56, 0x4c, 0xaf, 0x32,
    0x56, 0xfa, 0x28, 0x29, 0x03, 0x94, 0x41, 0x01, 0xff, 0x45, 0xb1, 0x34, 0x56, 0x46, 0xb1, 0x36, 0x56, 0x47, 0xb1,
    0x38, 0x56, 0x48, 0xb1, 0x3a, 0x56, 0x49, 0xb1, 0x3c, 0x56, 0x4a, 0xb1, 0x3e, 0x56, 0x4b, 0xb1, 0x40, 0x56, 0x4c,
    0xb1, 0x42, 0x56, 0xfa, 0x24, 0x23, 0x07, 0x92, 0x80, 0x00, 0xff, 0x45, 0xb3, 0x44, 0x56, 0x46, 0xb3, 0x46, 0x56,
    0x47, 0xb3, 0x48, 0x56, 0x48, 0xb3, 0x4a, 0x56, 0x49, 0xb3, 0x4c, 0x56, 0x4a, 0xb3, 0x4e, 0x56, 0x4b, 0xb3, 0x50,
    0x56, 0x4c, 0xb3, 0x52, 0x56, 0xfa, 0x6e, 0x23, 0x57, 0x92, 0xd8, 0x00, 0xff, 0x45, 0xb5, 0x54, 0x56, 0x46, 0xb5,
    0x56, 0x56, 0x47, 0xb5, 0x58, 0x56, 0x48, 0xb5, 0x5a, 0x56, 0x49, 0xb5, 0x5c, 0x56, 0x4a, 0xb5, 0x5e, 0x56, 0x4b,
    0xb5, 0x60, 0x56, 0x4c, 0xb5, 0x62, 0x56, 0xfa, 0x28, 0x75, 0x07, 0x94, 0x80, 0x00, 0xff, 0x45, 0xb7, 0x64, 0x56,
    0x46, 0xb7, 0x66, 0x56, 0x47, 0xb7, 0x68, 0x56, 0x48, 0xb7, 0x6a, 0x56, 0x49, 0xb7, 0x6c, 0x56, 0x4a, 0xb7, 0x6e,
    0x56, 0x4b, 0xb7, 0x70, 0x56, 0x4c, 0xb7, 0x72, 0x56, 0xfa, 0x6e, 0x75, 0x57, 0x94, 0xd8, 0x00, 0xff, 0x45, 0xb9,
    0x74, 0x56, 0x46, 0xb9, 0x76, 0x56, 0x47, 0xb9, 0x78, 0x56, 0x48, 0xb9, 0x7a, 0x56, 0x49, 0xb9, 0x7c, 0x56, 0x4a,
    0xb9, 0x7e, 0x56, 0x4b, 0xb9, 0x80, 0x56, 0x4c, 0xb9, 0x82, 0x56, 0xfa, 0x26, 0x29, 0x07, 0x93, 0x80, 0x00, 0xff,
    0xfa, 0x6e, 0x29, 0x57, 0x93, 0xd8, 0x00, 0xff, 0x91, 0x29, 0x27, 0x07, 0x92, 0x00, 0x03, 0xd5, 0xba, 0x27, 0x03,
    0x18, 0x93, 0x00, 0x03, 0xd5, 0xba, 0x27, 0x03, 0x38, 0x00, 0x81, 0x34, 0xd8, 0xab, 0x89, 0x00, 0x00, 0x80, 0x32,
    0xfc, 0xdb, 0xaf, 0x00, 0x00, 0x45, 0x00, 0x81, 0x34, 0xd8, 0xac, 0x8a, 0x00, 0x00, 0x80, 0x33, 0xfc, 0xdb, 0xaf,
    0x00, 0x00, 0x49, 0x00, 0x81, 0x34, 0xd8, 0xad, 0x8b, 0x00, 0x00, 0x80, 0x30, 0xfc, 0xdb, 0xa5, 0x00, 0x00, 0x55,
    0x00, 0x81, 0x34, 0xd8, 0xae, 0x8c, 0x00, 0x00, 0x00, 0x31, 0xfc, 0xdb, 0xa5, 0x00, 0x00, 0x59, 0x00, 0x00, 0x8f,
    0xbf, 0x28, 0x45, 0x28, 0x80, 0x29, 0x80, 0x29, 0x82, 0x00, 0x10, 0x30, 0xe0, 0x97, 0x87, 0x0a, 0x80, 0x00, 0x10,
    0x30, 0xe0, 0x96, 0x86, 0x0a, 0x80, 0x00, 0x10, 0x30, 0xe0, 0x98, 0x88, 0x0a, 0x80, 0x75, 0x48, 0x8c, 0xbf, 0x9a,
    0x1b, 0x92, 0xbe, 0x48, 0xc1, 0x48, 0x80, 0x01, 0x00, 0x85, 0xbf, 0x80, 0x01, 0x26, 0xbb, 0xfa, 0xca, 0xca, 0x02,
    0x65, 0x41, 0x01, 0xff, 0x4d, 0xbb, 0x04, 0x56, 0x4e, 0xbb, 0x06, 0x56, 0x4f, 0xbb, 0x08, 0x56, 0x50, 0xbb, 0x0a,
    0x56, 0x51, 0xbb, 0x0c, 0x56, 0x52, 0xbb, 0x0e, 0x56, 0x53, 0xbb, 0x10, 0x56, 0x54, 0xbb, 0x12, 0x56, 0xfa, 0xcc,
    0xcc, 0x02, 0x66, 0x41, 0x01, 0xff, 0x4d, 0xbd, 0x14, 0x56, 0x4e, 0xbd, 0x16, 0x56, 0x4f, 0xbd, 0x18, 0x56, 0x01,
    0x00, 0x8f, 0xbf, 0x50, 0xbd, 0x1a, 0x56, 0x51, 0xbd, 0x1c, 0x56, 0x52, 0xbd, 0x1e, 0x56, 0x53, 0xbd, 0x20, 0x56,
    0x54, 0xbd, 0x22, 0x56, 0xfa, 0xce, 0xce, 0x02, 0x67, 0x41, 0x01, 0xff, 0x4d, 0xbf, 0x24, 0x56, 0x4e, 0xbf, 0x26,
    0x56, 0x4f, 0xbf, 0x28, 0x56, 0x50, 0xbf, 0x2a, 0x56, 0x51, 0xbf, 0x2c, 0x56, 0x52, 0xbf, 0x2e, 0x56, 0x53, 0xbf,
    0x30, 0x56, 0x54, 0xbf, 0x32, 0x56, 0xfa, 0xd0, 0xd0, 0x02, 0x68, 0x41, 0x01, 0xff, 0x4d, 0xc1, 0x34, 0x56, 0x4e,
    0xc1, 0x36, 0x56, 0x4f, 0xc1, 0x38, 0x56, 0x50, 0xc1, 0x3a, 0x56, 0x51, 0xc1, 0x3c, 0x56, 0x52, 0xc1, 0x3e, 0x56,
    0x53, 0xc1, 0x40, 0x56, 0x54, 0xc1, 0x42, 0x56, 0xfa, 0xcc, 0xca, 0x06, 0x66, 0x80, 0x00, 0xff, 0x4d, 0xc3, 0x44,
    0x56, 0x4e, 0xc3, 0x46, 0x56, 0x4f, 0xc3, 0x48, 0x56, 0x50, 0xc3, 0x4a, 0x56, 0x51, 0xc3, 0x4c, 0x56, 0x52, 0xc3,
    0x4e, 0x56, 0x53, 0xc3, 0x50, 0x56, 0x54, 0xc3, 0x52, 0x56, 0xfa, 0x6e, 0xcb, 0x56, 0x66, 0xd8, 0x00, 0xff, 0x4d,
    0xc5, 0x54, 0x56, 0x4e, 0xc5, 0x56, 0x56, 0x4f, 0xc5, 0x58, 0x56, 0x50, 0xc5, 0x5a, 0x56, 0x51, 0xc5, 0x5c, 0x56,
    0x52, 0xc5, 0x5e, 0x56, 0x53, 0xc5, 0x60, 0x56, 0x54, 0xc5, 0x62, 0x56, 0xfa, 0xd0, 0x74, 0x07, 0x68, 0x80, 0x00,
    0xff, 0x4d, 0xc7, 0x64, 0x56, 0x4e, 0xc7, 0x66, 0x56, 0x4f, 0xc7, 0x68, 0x56, 0x50, 0xc7, 0x6a, 0x56, 0x51, 0xc7,
    0x6c, 0x56, 0x52, 0xc7, 0x6e, 0x56, 0x53, 0xc7, 0x70, 0x56, 0x54, 0xc7, 0x72, 0x56, 0xfa, 0x6e, 0x75, 0x57, 0x68,
    0xd8, 0x00, 0xff, 0x4d, 0xc9, 0x74, 0x56, 0x4e, 0xc9, 0x76, 0x56, 0x4f, 0xc9, 0x78, 0x56, 0x50, 0xc9, 0x7a, 0x56,
    0x51, 0xc9, 0x7c, 0x56, 0x52, 0xc9, 0x7e, 0x56, 0x53, 0xc9, 0x80, 0x56, 0x54, 0xc9, 0x82, 0x56, 0xfa, 0xce, 0xd0,
    0x06, 0x67, 0x80, 0x00, 0xff, 0xfa, 0x6e, 0xd1, 0x56, 0x67, 0xd8, 0x00, 0xff, 0x65, 0xd1, 0xce, 0x06, 0x66, 0x00,
    0x03, 0xd5, 0xba, 0xcf, 0x02, 0x18, 0x67, 0x00, 0x03, 0xd5, 0xba, 0xcf, 0x02, 0x38, 0x40, 0xa1, 0x34, 0xd8, 0xa7,
    0x8d, 0x00, 0x00, 0x80, 0x42, 0xfc, 0xdb, 0xaf, 0x00, 0x00, 0x4d, 0x40, 0xa1, 0x34, 0xd8, 0xa8, 0x8e, 0x00, 0x00,
    0x80, 0x43, 0xfc, 0xdb, 0xaf, 0x00, 0x00, 0x51, 0x40, 0xa1, 0x34, 0xd8, 0xa9, 0x8f, 0x00, 0x00, 0x80, 0x40, 0xfc,
    0xdb, 0xa5, 0x00, 0x00, 0x5d, 0x40, 0xa1, 0x34, 0xd8, 0xaa, 0x90, 0x00, 0x00, 0x00, 0x41, 0xfc, 0xdb, 0xa5, 0x00,
    0x00, 0x61, 0x00, 0x00, 0x8f, 0xbf, 0x28, 0x46, 0x28, 0x80, 0x29, 0x47, 0x29, 0x82, 0x00, 0x10, 0x30, 0xe0, 0x9b,
    0x8b, 0x0a, 0x80, 0x00, 0x10, 0x30, 0xe0, 0x9a, 0x8a, 0x0a, 0x80, 0x00, 0x10, 0x30, 0xe0, 0x9c, 0x8c, 0x0a, 0x80,
    0x7f, 0xc8, 0x8c, 0xbf, 0xc8, 0xff, 0xf8, 0xd8, 0x00, 0x00, 0x00, 0xbc, 0x9a, 0x1d, 0x92, 0xbe, 0x48, 0xc1, 0x48,
    0x80, 0x07, 0x00, 0x85, 0xbf, 0x06, 0x01, 0x26, 0xbb, 0x00, 0x00, 0x80, 0xbf, 0x00, 0x00, 0x80, 0xbf, 0x00, 0x00,
    0x80, 0xbf, 0x00, 0x00, 0x80, 0xbf, 0x00, 0x00, 0x80, 0xbf, 0x00, 0x00, 0x80, 0xbf, 0xfa, 0xd2, 0xd2, 0x02, 0x69,
    0x41, 0x01, 0xff, 0x45, 0xab, 0x04, 0x56, 0x46, 0xab, 0x06, 0x56, 0x47, 0xab, 0x08, 0x56, 0x48, 0xab, 0x0a, 0x56,
    0x49, 0xab, 0x0c, 0x56, 0x4a, 0xab, 0x0e, 0x56, 0x4b, 0xab, 0x10, 0x56, 0x4c, 0xab, 0x12, 0x56, 0xfa, 0xd4, 0xd4,
    0x02, 0x6a, 0x41, 0x01, 0xff, 0x45, 0xad, 0x14, 0x56, 0x46, 0xad, 0x16, 0x56, 0x47, 0xad, 0x18, 0x56, 0x01, 0x00,
    0x8f, 0xbf, 0x48, 0xad, 0x1a, 0x56, 0x49, 0xad, 0x1c, 0x56, 0x4a, 0xad, 0x1e, 0x56, 0x4b, 0xad, 0x20, 0x56, 0x4c,
    0xad, 0x22, 0x56, 0xfa, 0xd6, 0xd6, 0x02, 0x6b, 0x41, 0x01, 0xff, 0x45, 0xaf, 0x24, 0x56, 0x46, 0xaf, 0x26, 0x56,
    0x47, 0xaf, 0x28, 0x56, 0x48, 0xaf, 0x2a, 0x56, 0x49, 0xaf, 0x2c, 0x56, 0x4a, 0xaf, 0x2e, 0x56, 0x4b, 0xaf, 0x30,
    0x56, 0x4c, 0xaf, 0x32, 0x56, 0xfa, 0xd8, 0xd8, 0x02, 0x6c, 0x41, 0x01, 0xff, 0x45, 0xb1, 0x34, 0x56, 0x46, 0xb1,
    0x36, 0x56, 0x47, 0xb1, 0x38, 0x56, 0x48, 0xb1, 0x3a, 0x56, 0x49, 0xb1, 0x3c, 0x56, 0x4a, 0xb1, 0x3e, 0x56, 0x4b,
    0xb1, 0x40, 0x56, 0x4c, 0xb1, 0x42, 0x56, 0xfa, 0xd4, 0xd2, 0x06, 0x6a, 0x80, 0x00, 0xff, 0x45, 0xb3, 0x44, 0x56,
    0x46, 0xb3, 0x46, 0x56, 0x47, 0xb3, 0x48, 0x56, 0x48, 0xb3, 0x4a, 0x56, 0x49, 0xb3, 0x4c, 0x56, 0x4a, 0xb3, 0x4e,
    0x56, 0x4b, 0xb3, 0x50, 0x56, 0x4c, 0xb3, 0x52, 0x56, 0xfa, 0x6e, 0xd3, 0x56, 0x6a, 0xd8, 0x00, 0xff, 0x45, 0xb5,
    0x54, 0x56, 0x46, 0xb5, 0x56, 0x56, 0x47, 0xb5, 0x58, 0x56, 0x48, 0xb5, 0x5a, 0x56, 0x49, 0xb5, 0x5c, 0x56, 0x4a,
    0xb5, 0x5e, 0x56, 0x4b, 0xb5, 0x60, 0x56, 0x4c, 0xb5, 0x62, 0x56, 0xfa, 0xd8, 0x74, 0x07, 0x6c, 0x80, 0x00, 0xff,
    0x45, 0xb7, 0x64, 0x56, 0x46, 0xb7, 0x66, 0x56, 0x47, 0xb7, 0x68, 0x56, 0x48, 0xb7, 0x6a, 0x56, 0x49, 0xb7, 0x6c,
    0x56, 0x4a, 0xb7, 0x6e, 0x56, 0x4b, 0xb7, 0x70, 0x56, 0x4c, 0xb7, 0x72, 0x56, 0xfa, 0x6e, 0x75, 0x57, 0x6c, 0xd8,
    0x00, 0xff, 0x45, 0xb9, 0x74, 0x56, 0x46, 0xb9, 0x76, 0x56, 0x47, 0xb9, 0x78, 0x56, 0x48, 0xb9, 0x7a, 0x56, 0x49,
    0xb9, 0x7c, 0x56, 0x4a, 0xb9, 0x7e, 0x56, 0x4b, 0xb9, 0x80, 0x56, 0x4c, 0xb9, 0x82, 0x56, 0xfa, 0xd6, 0xd8, 0x06,
    0x6b, 0x80, 0x00, 0xff, 0xfa, 0x6e, 0xd9, 0x56, 0x6b, 0xd8, 0x00, 0xff, 0x69, 0xd9, 0xd6, 0x06, 0x6a, 0x00, 0x03,
    0xd5, 0xba, 0xd7, 0x02, 0x18, 0x6b, 0x00, 0x03, 0xd5, 0xba, 0xd7, 0x02, 0x38, 0x40, 0xa1, 0x34, 0xd8, 0xab, 0x91,
    0x00, 0x00, 0xc0, 0x52, 0xfc, 0xdb, 0xaf, 0x00, 0x00, 0x45, 0x40, 0xa1, 0x34, 0xd8, 0xac, 0x92, 0x00, 0x00, 0xc0,
    0x53, 0xfc, 0xdb, 0xaf, 0x00, 0x00, 0x49, 0x40, 0xa1, 0x34, 0xd8, 0xad, 0x93, 0x00, 0x00, 0xc0, 0x50, 0xfc, 0xdb,
    0xa5, 0x00, 0x00, 0x55, 0x40, 0xa1, 0x34, 0xd8, 0xae, 0x94, 0x00, 0x00, 0x40, 0x51, 0xfc, 0xdb, 0xa5, 0x00, 0x00,
    0x59, 0x00, 0x00, 0x8f, 0xbf, 0xff, 0x03, 0xfc, 0xbe, 0xc8, 0xff, 0x02, 0x00, 0x28, 0x45, 0x28, 0x80, 0x29, 0x80,
    0x29, 0x82, 0x00, 0x10, 0x30, 0xe0, 0x97, 0x8f, 0x0a, 0x80, 0x00, 0x10, 0x30, 0xe0, 0x96, 0x8e, 0x0a, 0x80, 0x00,
    0x10, 0x30, 0xe0, 0x98, 0x90, 0x0a, 0x80, 0x75, 0x48, 0x8c, 0xbf, 0x9a, 0x1b, 0x92, 0xbe, 0x48, 0xc1, 0x48, 0x80,
    0x07, 0x00, 0x85, 0xbf, 0x86, 0x00, 0x26, 0xbb, 0x00, 0x00, 0x80, 0xbf, 0x00, 0x00, 0x80, 0xbf, 0x00, 0x00, 0x80,
    0xbf, 0x00, 0x00, 0x80, 0xbf, 0x00, 0x00, 0x80, 0xbf, 0x00, 0x00, 0x80, 0xbf, 0xfa, 0xda, 0xda, 0x02, 0x6d, 0x41,
    0x01, 0xff, 0x4d, 0xbb, 0x04, 0x56, 0x4e, 0xbb, 0x06, 0x56, 0x4f, 0xbb, 0x08, 0x56, 0x50, 0xbb, 0x0a, 0x56, 0x51,
    0xbb, 0x0c, 0x56, 0x52, 0xbb, 0x0e, 0x56, 0x53, 0xbb, 0x10, 0x56, 0x54, 0xbb, 0x12, 0x56, 0xfa, 0xdc, 0xdc, 0x02,
    0x6e, 0x41, 0x01, 0xff, 0x4d, 0xbd, 0x14, 0x56, 0x4e, 0xbd, 0x16, 0x56, 0x4f, 0xbd, 0x18, 0x56, 0x01, 0x00, 0x8f,
    0xbf, 0x50, 0xbd, 0x1a, 0x56, 0x51, 0xbd, 0x1c, 0x56, 0x52, 0xbd, 0x1e, 0x56, 0x53, 0xbd, 0x20, 0x56, 0x54, 0xbd,
    0x22, 0x56, 0xfa, 0xde, 0xde, 0x02, 0x6f, 0x41, 0x01, 0xff, 0x4d, 0xbf, 0x24, 0x56, 0x4e, 0xbf, 0x26, 0x56, 0x4f,
    0xbf, 0x28, 0x56, 0x50, 0xbf, 0x2a, 0x56, 0x51, 0xbf, 0x2c, 0x56, 0x52, 0xbf, 0x2e, 0x56, 0x53, 0xbf, 0x30, 0x56,
    0x54, 0xbf, 0x32, 0x56, 0xfa, 0xe0, 0xe0, 0x02, 0x70, 0x41, 0x01, 0xff, 0x4d, 0xc1, 0x34, 0x56, 0x4e, 0xc1, 0x36,
    0x56, 0x4f, 0xc1, 0x38, 0x56, 0x50, 0xc1, 0x3a, 0x56, 0x51, 0xc1, 0x3c, 0x56, 0x52, 0xc1, 0x3e, 0x56, 0x53, 0xc1,
    0x40, 0x56, 0x54, 0xc1, 0x42, 0x56, 0xfa, 0xdc, 0xda, 0x06, 0x6e, 0x80, 0x00, 0xff, 0x4d, 0xc3, 0x44, 0x56, 0x4e,
    0xc3, 0x46, 0x56, 0x4f, 0xc3, 0x48, 0x56, 0x50, 0xc3, 0x4a, 0x56, 0x51, 0xc3, 0x4c, 0x56, 0x52, 0xc3, 0x4e, 0x56,
    0x53, 0xc3, 0x50, 0x56, 0x54, 0xc3, 0x52, 0x56, 0xfa, 0x6e, 0xdb, 0x56, 0x6e, 0xd8, 0x00, 0xff, 0x4d, 0xc5, 0x54,
    0x56, 0x4e, 0xc5, 0x56, 0x56, 0x4f, 0xc5, 0x58, 0x56, 0x50, 0xc5, 0x5a, 0x56, 0x51, 0xc5, 0x5c, 0x56, 0x52, 0xc5,
    0x5e, 0x56, 0x53, 0xc5, 0x60, 0x56, 0x54, 0xc5, 0x62, 0x56, 0xfa, 0xe0, 0x74, 0x07, 0x70, 0x80, 0x00, 0xff, 0x4d,
    0xc7, 0x64, 0x56, 0x4e, 0xc7, 0x66, 0x56, 0x4f, 0xc7, 0x68, 0x56, 0x50, 0xc7, 0x6a, 0x56, 0x51, 0xc7, 0x6c, 0x56,
    0x52, 0xc7, 0x6e, 0x56, 0x53, 0xc7, 0x70, 0x56, 0x54, 0xc7, 0x72, 0x56, 0xfa, 0x6e, 0x75, 0x57, 0x70, 0xd8, 0x00,
    0xff, 0x4d, 0xc9, 0x74, 0x56, 0x4e, 0xc9, 0x76, 0x56, 0x4f, 0xc9, 0x78, 0x56, 0x50, 0xc9, 0x7a, 0x56, 0x51, 0xc9,
    0x7c, 0x56, 0x52, 0xc9, 0x7e, 0x56, 0x53, 0xc9, 0x80, 0x56, 0x54, 0xc9, 0x82, 0x56, 0xfa, 0xde, 0xe0, 0x06, 0x6f,
    0x80, 0x00, 0xff, 0xfa, 0x6e, 0xe1, 0x56, 0x6f, 0xd8, 0x00, 0xff, 0x6d, 0xe1, 0xde, 0x06, 0x6e, 0x00, 0x03, 0xd5,
    0xba, 0xdf, 0x02, 0x18, 0x6f, 0x00, 0x03, 0xd5, 0xba, 0xdf, 0x02, 0x38, 0x6a, 0x00, 0xc2, 0xd4, 0xfe, 0xb6, 0x00,
    0x00, 0xfd, 0xff, 0x86, 0xbf, 0x0a, 0x04, 0xea, 0xbe, 0x00, 0x00, 0x34, 0xd8, 0xa7, 0x65, 0x00, 0x00, 0xc0, 0x62,
    0xfc, 0xdb, 0xaf, 0x00, 0x00, 0x4d, 0x00, 0x00, 0x34, 0xd8, 0xa8, 0x66, 0x00, 0x00, 0xc0, 0x63, 0xfc, 0xdb, 0xaf,
    0x00, 0x00, 0x51, 0x00, 0x00, 0x34, 0xd8, 0xa9, 0x67, 0x00, 0x00, 0xc0, 0x60, 0xfc, 0xdb, 0xa5, 0x00, 0x00, 0x5d,
    0x00, 0x00, 0x34, 0xd8, 0xaa, 0x68, 0x00, 0x00, 0x40, 0x61, 0xfc, 0xdb, 0xa5, 0x00, 0x00, 0x61, 0x00, 0x00, 0x8f,
    0xbf, 0x28, 0x46, 0x28, 0x80, 0x29, 0x47, 0x29, 0x82, 0x00, 0x10, 0x30, 0xe0, 0x9b, 0x93, 0x0a, 0x80, 0x00, 0x10,
    0x30, 0xe0, 0x9a, 0x92, 0x0a, 0x80, 0x00, 0x10, 0x30, 0xe0, 0x9c, 0x94, 0x0a, 0x80, 0x7f, 0xc8, 0x8c, 0xbf, 0x9a,
    0x1d, 0x92, 0xbe, 0x48, 0xc1, 0x48, 0x80, 0x15, 0xfa, 0x85, 0xbf, 0x04, 0x00, 0x26, 0xbb, 0x13, 0xfa, 0x82, 0xbf,
    0x00, 0x00, 0x80, 0xbf, 0x00, 0x00, 0x80, 0xbf, 0x00, 0x00, 0x80, 0xbf, 0x00, 0x00, 0x00, 0x7e, 0x52, 0x80, 0x06,
    0xbf, 0x06, 0x00, 0x84, 0xbf, 0xd4, 0x02, 0x82, 0xbf, 0x12, 0x9a, 0x0d, 0xbf, 0x45, 0x46, 0x34, 0x85, 0x80, 0x47,
    0x35, 0x85, 0x28, 0x34, 0xa8, 0x80, 0x29, 0x35, 0xa9, 0x82, 0x5e, 0x80, 0x06, 0xbf, 0x05, 0x00, 0x84, 0xbf, 0xf4,
    0x02, 0x85, 0xbf, 0x00, 0x00, 0x80, 0xbf, 0x00, 0x00, 0x80, 0xbf, 0x00, 0x00, 0x80, 0xbf, 0x00, 0x00, 0x80, 0xbf,
    0x52, 0x5e, 0xc8, 0x83, 0x52, 0x48, 0xd2, 0x80, 0x5e, 0x48, 0xde, 0x80, 0x48, 0x81, 0xc8, 0x80, 0x26, 0x20, 0x80,
    0xbe, 0x00, 0x00, 0x80, 0xbf, 0x00, 0x00, 0x80, 0xbf, 0x00, 0x00, 0x80, 0xbf, 0x12, 0x91, 0x0d, 0xbf, 0xfd, 0x00,
    0x85, 0xbf, 0x58, 0x11, 0x58, 0x80, 0x58, 0x80, 0x06, 0xbf, 0xfa, 0x00, 0x85, 0xbf, 0x80, 0x03, 0xd9, 0xbe, 0x12,
    0x90, 0x0d, 0xbf, 0xef, 0x00, 0x85, 0xbf, 0x10, 0x9f, 0x57, 0x80, 0x57, 0x85, 0x57, 0x90, 0x58, 0x02, 0x7c, 0x7f,
    0x57, 0x7c, 0x7d, 0x17, 0xbe, 0x6a, 0x0f, 0xd7, 0x11, 0x7c, 0x03, 0x00, 0xbe, 0x6a, 0x10, 0xd7, 0xbe, 0x03, 0x01,
    0x00, 0x11, 0x72, 0x82, 0x7f, 0xc2, 0x00, 0x1a, 0xd5, 0xc1, 0x23, 0x00, 0x00, 0xff, 0x84, 0x87, 0x37, 0x00, 0xff,
    0xff, 0xff, 0xff, 0x84, 0x85, 0x7d, 0x00, 0x00, 0x00, 0x80, 0xc3, 0x0d, 0x86, 0x7f, 0xc3, 0x55, 0x7a, 0x7f, 0xa0,
    0x82, 0x81, 0x53, 0xc2, 0x23, 0x82, 0x7f, 0xc3, 0x00, 0x4b, 0xd5, 0xc3, 0x7b, 0xcf, 0x03, 0xc3, 0x00, 0x4b, 0xd5,
    0xc1, 0x7b, 0x0f, 0x07, 0xc3, 0x7b, 0x87, 0x5b, 0x00, 0x00, 0x00, 0x9f, 0xff, 0x86, 0x87, 0x11, 0x00, 0x00, 0x80,
    0x5f, 0x80, 0x02, 0x82, 0x7f, 0xc3, 0x00, 0x8d, 0xd5, 0xc3, 0x01, 0x00, 0x20, 0xbd, 0x00, 0x46, 0xd7, 0xbd, 0x13,
    0x0d, 0x07, 0xc1, 0x6a, 0x76, 0xd5, 0xc2, 0x7b, 0x07, 0x07, 0xbd, 0x6a, 0x29, 0xd5, 0xbd, 0x83, 0xa9, 0x01, 0xc1,
    0x00, 0x6a, 0xd5, 0xbe, 0x7b, 0x03, 0x00, 0xbd, 0x6a, 0x0f, 0xd7, 0xc1, 0x7d, 0x03, 0x00, 0xc1, 0x6a, 0x28, 0xd5,
    0x80, 0x00, 0xa9, 0x01, 0xa0, 0x80, 0x85, 0x7d, 0xbd, 0x83, 0x7b, 0x03, 0xbd, 0x00, 0x4e, 0xd5, 0xc1, 0x7b, 0x03,
    0x07, 0xbd, 0x05, 0xac, 0x7e, 0xbd, 0x00, 0x0b, 0xd5, 0xbd, 0x11, 0x00, 0x00, 0x57, 0x72, 0x82, 0x7f, 0xc2, 0x00,
    0x1a, 0xd5, 0xc1, 0xaf, 0x00, 0x00, 0xff, 0x84, 0x87, 0x37, 0x00, 0xff, 0xff, 0xff, 0xff, 0x84, 0x85, 0x7d, 0x00,
    0x00, 0x00, 0x80, 0xc3, 0x0d, 0x86, 0x7f, 0xc3, 0x55, 0x7c, 0x7f, 0xa0, 0x82, 0x81, 0x53, 0xc2, 0x23, 0x82, 0x7f,
    0xc3, 0x00, 0x4b, 0xd5, 0xc3, 0x7d, 0xcf, 0x03, 0xc3, 0x00, 0x4b, 0xd5, 0xc1, 0x7d, 0x0f, 0x07, 0xc3, 0x7d, 0x87,
    0x5b, 0x00, 0x00, 0x00, 0x9f, 0xff, 0x86, 0x87, 0x11, 0x00, 0x00, 0x80, 0x5f, 0x80, 0x02, 0x82, 0x7f, 0xc3, 0x00,
    0x8d, 0xd5, 0xc3, 0x01, 0x00, 0x20, 0xbe, 0x00, 0x46, 0xd7, 0xbe, 0x13, 0x0d, 0x07, 0xc1, 0x6a, 0x76, 0xd5, 0xc2,
    0x7d, 0x07, 0x07, 0xbe, 0x6a, 0x29, 0xd5, 0xbe, 0x83, 0xa9, 0x01, 0xc1, 0x00, 0x6a, 0xd5, 0xbd, 0x7d, 0x03, 0x00,
    0xbe, 0x6a, 0x0f, 0xd7, 0xc1, 0x7b, 0x03, 0x00, 0xc1, 0x6a, 0x28, 0xd5, 0x80, 0x00, 0xa9, 0x01, 0xa0, 0x80, 0x85,
    0x7d, 0xbe, 0x83, 0x7d, 0x03, 0xbe, 0x00, 0x4e, 0xd5, 0xc1, 0x7d, 0x03, 0x07, 0xbd, 0x05, 0x68, 0x7e, 0xbe, 0x05,
    0xa8, 0x7e, 0x54, 0x57, 0x54, 0x93, 0x34, 0x54, 0xd4, 0x80, 0xbe, 0x6a, 0x10, 0xd7, 0x08, 0x7c, 0x03, 0x00, 0xbe,
    0x6a, 0x10, 0xd7, 0x11, 0x7c, 0x03, 0x00, 0xc0, 0x00, 0x1b, 0xd5, 0x01, 0x7f, 0x01, 0x00, 0x6a, 0x00, 0xc2, 0xd4,
    0xc0, 0x01, 0x01, 0x00, 0x81, 0x7c, 0x7d, 0x03, 0x80, 0x4b, 0xba, 0x80, 0x80, 0x4a, 0xbb, 0x80, 0xc2, 0x00, 0x0b,
    0xd5, 0xbe, 0x41, 0x01, 0x00, 0x3a, 0x72, 0x88, 0x7f, 0xc5, 0x00, 0x1a, 0xd5, 0xc4, 0x75, 0x00, 0x00, 0xff, 0x8a,
    0x8d, 0x37, 0x00, 0xff, 0xff, 0xff, 0xff, 0x8a, 0x85, 0x7d, 0x00, 0x00, 0x00, 0x80, 0xc6, 0x0d, 0x8c, 0x7f, 0xc6,
    0x55, 0x80, 0x7f, 0xa0, 0x88, 0x87, 0x53, 0xc5, 0x23, 0x88, 0x7f, 0xc6, 0x00, 0x4b, 0xd5, 0xc6, 0x81, 0xcf, 0x03,
    0xc6, 0x00, 0x4b, 0xd5, 0xc4, 0x81, 0x1b, 0x07, 0xc6, 0x81, 0x8d, 0x5b, 0x00, 0x00, 0x00, 0x9f, 0xff, 0x8c, 0x8d,
    0x11, 0x00, 0x00, 0x80, 0x5f, 0x80, 0x02, 0x88, 0x7f, 0xc6, 0x00, 0x8d, 0xd5, 0xc6, 0x01, 0x00, 0x20, 0xc0, 0x00,
    0x46, 0xd7, 0xc0, 0x13, 0x19, 0x07, 0xc4, 0x6a, 0x76, 0xd5, 0xc5, 0x81, 0x13, 0x07, 0xc0, 0x6a, 0x29, 0xd5, 0xc0,
    0x83, 0xa9, 0x01, 0xc4, 0x00, 0x6a, 0xd5, 0xc2, 0x81, 0x03, 0x00, 0xc0, 0x6a, 0x0f, 0xd7, 0xc4, 0x85, 0x03, 0x00,
    0xc4, 0x6a, 0x28, 0xd5, 0x80, 0x00, 0xa9, 0x01, 0xa0, 0x86, 0x85, 0x7d, 0xc0, 0x89, 0x81, 0x03, 0xc0, 0x00, 0x4e,
    0xd5, 0xc4, 0x81, 0x0f, 0x07, 0xc1, 0x00, 0x42, 0xd5, 0xc0, 0x97, 0x08, 0x07, 0xc2, 0x00, 0x0b, 0xd5, 0xc0, 0x03,
    0x01, 0x00, 0x3b, 0x72, 0x88, 0x7f, 0xc5, 0x00, 0x1a, 0xd5, 0xc4, 0x77, 0x00, 0x00, 0xff, 0x8a, 0x8d, 0x37, 0x00,
    0xff, 0xff, 0xff, 0xff, 0x8a, 0x85, 0x7d, 0x00, 0x00, 0x00, 0x80, 0xc6, 0x0d, 0x8c, 0x7f, 0xc6, 0x55, 0x80, 0x7f,
    0xa0, 0x88, 0x87, 0x53, 0xc5, 0x23, 0x88, 0x7f, 0xc6, 0x00, 0x4b, 0xd5, 0xc6, 0x81, 0xcf, 0x03, 0xc6, 0x00, 0x4b,
    0xd5, 0xc4, 0x81, 0x1b, 0x07, 0xc6, 0x81, 0x8d, 0x5b, 0x00, 0x00, 0x00, 0x9f, 0xff, 0x8c, 0x8d, 0x11, 0x00, 0x00,
    0x80, 0x5f, 0x80, 0x02, 0x88, 0x7f, 0xc6, 0x00, 0x8d, 0xd5, 0xc6, 0x01, 0x00, 0x20, 0xc0, 0x00, 0x46, 0xd7, 0xc0,
    0x13, 0x19, 0x07, 0xc4, 0x6a, 0x76, 0xd5, 0xc5, 0x81, 0x13, 0x07, 0xc0, 0x6a, 0x29, 0xd5, 0xc0, 0x83, 0xa9, 0x01,
    0xc4, 0x00, 0x6a, 0xd5, 0xc2, 0x81, 0x03, 0x00, 0xc0, 0x6a, 0x0f, 0xd7, 0xc4, 0x85, 0x03, 0x00, 0xc4, 0x6a, 0x28,
    0xd5, 0x80, 0x00, 0xa9, 0x01, 0xa0, 0x86, 0x85, 0x7d, 0xc0, 0x89, 0x81, 0x03, 0xc0, 0x00, 0x4e, 0xd5, 0xc4, 0x81,
    0x0f, 0x07, 0xc2, 0x00, 0x42, 0xd5, 0xc0, 0x95, 0x08, 0x07, 0xc1, 0x05, 0x98, 0x7e, 0xc2, 0x05, 0x9a, 0x7e, 0xc0,
    0x05, 0x9c, 0x7e, 0xb3, 0x6a, 0x0f, 0xd7, 0x4c, 0x66, 0x03, 0x00, 0xc3, 0x6a, 0x28, 0xd5, 0x80, 0x00, 0xa9, 0x01,
    0xb3, 0x00, 0x42, 0xd5, 0xc3, 0x97, 0xcc, 0x06, 0xb5, 0x00, 0x42, 0xd5, 0xc3, 0xa1, 0xd4, 0x06, 0xb4, 0x00, 0x42,
    0xd5, 0xc3, 0x9f, 0xd0, 0x06, 0x6a, 0x00, 0x86, 0xd4, 0xb4, 0x01, 0x01, 0x00, 0xc3, 0x6a, 0x28, 0xd5, 0x80, 0x00,
    0xa9, 0x01, 0xb5, 0x6a, 0x0f, 0xd7, 0xb5, 0x87, 0x03, 0x00, 0xb4, 0x00, 0x42, 0xd5, 0xc3, 0x95, 0xd0, 0x06, 0xb4,
    0x6a, 0x0f, 0xd7, 0x4d, 0x68, 0x03, 0x00, 0xc3, 0x6a, 0x28, 0xd5, 0x80, 0x00, 0xa9, 0x01, 0xb5, 0x6a, 0x0f, 0xd7,
    0xb5, 0x87, 0x03, 0x00, 0xb4, 0x00, 0x42, 0xd5, 0xc3, 0x95, 0xd0, 0x06, 0xb5, 0x6a, 0x0f, 0xd7, 0x4e, 0x6a, 0x03,
    0x00, 0x4c, 0x00, 0x60, 0xd7, 0xc1, 0x03, 0x01, 0x00, 0x4d, 0x00, 0x60, 0xd7, 0xc2, 0x03, 0x01, 0x00, 0x4e, 0x00,
    0x60, 0xd7, 0xc0, 0x03, 0x01, 0x00, 0x54, 0x56, 0x55, 0x80, 0x55, 0x57, 0x0b, 0xbf, 0xff, 0x80, 0x34, 0x85, 0x00,
    0x00, 0x02, 0x00, 0x55, 0x57, 0x55, 0x85, 0x12, 0x34, 0x12, 0x88, 0x54, 0x85, 0x54, 0x8f, 0x55, 0x85, 0x55, 0x8f,
    0x55, 0x10, 0xd5, 0x83, 0x08, 0x11, 0x06, 0xbf, 0xff, 0x80, 0x34, 0x85, 0x00, 0x00, 0x02, 0x00, 0x12, 0x34, 0x12,
    0x88, 0x12, 0x34, 0x12, 0x88, 0x90, 0x1d, 0x92, 0xbe, 0x30, 0x00, 0x82, 0xbf, 0x54, 0x85, 0x54, 0x90, 0x54, 0x56,
    0x55, 0x80, 0x55, 0x57, 0xd5, 0x80, 0x80, 0x03, 0xd4, 0xbe, 0x55, 0x85, 0x55, 0x8f, 0x55, 0x10, 0xd5, 0x83, 0x91,
    0x1d, 0x92, 0xbe, 0x0c, 0x00, 0x82, 0xbf, 0x92, 0x1d, 0x92, 0xbe, 0x80, 0x03, 0xab, 0xbe, 0xc1, 0x03, 0xc9, 0xbe,
    0xa8, 0x03, 0xd2, 0xbe, 0x24, 0x00, 0x82, 0xbf, 0x53, 0xa0, 0x53, 0x80, 0x53, 0x55, 0x09, 0xbf, 0x21, 0x00, 0x84,
    0xbf, 0x96, 0x1d, 0x92, 0xbe, 0x58, 0x11, 0xd8, 0x80, 0x59, 0x80, 0xd9, 0x82, 0xf5, 0xfe, 0x85, 0xbf, 0xb3, 0x6a,
    0x0f, 0xd7, 0x4c, 0x66, 0x03, 0x00, 0xbd, 0x6a, 0x28, 0xd5, 0x80, 0x00, 0xa9, 0x01, 0xb3, 0x00, 0x42, 0xd5, 0xbd,
    0x97, 0xcc, 0x06, 0xb5, 0x00, 0x42, 0xd5, 0xbd, 0xa1, 0xd4, 0x06, 0xb4, 0x00, 0x42, 0xd5, 0xbd, 0x9f, 0xd0, 0x06,
    0x6a, 0x00, 0x86, 0xd4, 0xb4, 0x01, 0x01, 0x00, 0xbd, 0x6a, 0x28, 0xd5, 0x80, 0x00, 0xa9, 0x01, 0xb5, 0x6a, 0x0f,
    0xd7, 0xb5, 0x7b, 0x03, 0x00, 0xb4, 0x00, 0x42, 0xd5, 0xbd, 0x95, 0xd0, 0x06, 0xb4, 0x6a, 0x0f, 0xd7, 0x4d, 0x68,
    0x03, 0x00, 0xbd, 0x6a, 0x28, 0xd5, 0x80, 0x00, 0xa9, 0x01, 0xb5, 0x6a, 0x0f, 0xd7, 0xb5, 0x7b, 0x03, 0x00, 0xb4,
    0x00, 0x42, 0xd5, 0xbd, 0x95, 0xd0, 0x06, 0xb5, 0x6a, 0x0f, 0xd7, 0x4e, 0x6a, 0x03, 0x00, 0x54, 0x03, 0xd3, 0xbe,
    0xff, 0x02, 0x86, 0x7d, 0x00, 0x01, 0x00, 0x00, 0x00, 0x01, 0x86, 0xbf, 0xbd, 0x6a, 0x19, 0xd7, 0x4b, 0x66, 0x03,
    0x00, 0xbe, 0x6a, 0x19, 0xd7, 0x4a, 0x68, 0x03, 0x00, 0x12, 0x96, 0x0d, 0xbf, 0x42, 0x00, 0x84, 0xbf, 0x96, 0x1b,
    0x92, 0xbe, 0x12, 0xff, 0xb4, 0x93, 0x14, 0x00, 0x01, 0x00, 0x82, 0x7a, 0x85, 0x17, 0x82, 0x7c, 0x87, 0x17, 0xc5,
    0x00, 0x6a, 0xd7, 0xc2, 0x87, 0x03, 0x00, 0xc2, 0x00, 0x1b, 0xd5, 0x01, 0x03, 0x01, 0x00, 0x6a, 0x00, 0xc2, 0xd4,
    0xc2, 0x03, 0x01, 0x00, 0xb5, 0x8b, 0x8b, 0x03, 0x81, 0x02, 0x82, 0x2d, 0xc6, 0x00, 0x48, 0xd5, 0xc1, 0x69, 0x04,
    0x02, 0x81, 0x02, 0x82, 0x2d, 0xc1, 0x00, 0x4a, 0xd5, 0x81, 0x02, 0x06, 0x07, 0x82, 0x02, 0x84, 0x2d, 0xc2, 0x00,
    0x4a, 0xd5, 0x81, 0x02, 0x0a, 0x07, 0x6a, 0x00, 0xc2, 0xd4, 0x34, 0x00, 0x01, 0x00, 0xc2, 0x83, 0x83, 0x03, 0x81,
    0x34, 0xb4, 0x80, 0x34, 0x82, 0x85, 0x2d, 0xc1, 0x00, 0x4a, 0xd5, 0xa0, 0x84, 0x07, 0x07, 0xbf, 0x82, 0x83, 0x37,
    0xc2, 0x6a, 0x0f, 0xd7, 0x90, 0x82, 0x03, 0x00, 0xc3, 0x00, 0x1b, 0xd5, 0x01, 0x05, 0x01, 0x00, 0x6a, 0x00, 0xc2,
    0xd4, 0xc3, 0x01, 0x01, 0x00, 0xc2, 0x83, 0x85, 0x03, 0x8e, 0x8c, 0x87, 0x35, 0xc2, 0x00, 0x43, 0xd5, 0x84, 0x84,
    0x0f, 0x07, 0xc1, 0x6a, 0x0f, 0xd7, 0x60, 0x84, 0x03, 0x00, 0x00, 0x00, 0x34, 0xd8, 0xc1, 0xc5, 0x00, 0x00, 0xc3,
    0x00, 0x61, 0xd7, 0x12, 0x00, 0x01, 0x00, 0xc3, 0x00, 0x61, 0xd7, 0x55, 0x02, 0x01, 0x00, 0xc3, 0x00, 0x61, 0xd7,
    0x54, 0x04, 0x01, 0x00, 0xc1, 0x00, 0x1b, 0xd5, 0x01, 0x7f, 0x01, 0x00, 0x6a, 0x00, 0xc6, 0xd4, 0xc1, 0x07, 0x01,
    0x00, 0xff, 0x02, 0x88, 0x7f, 0x00, 0x40, 0x00, 0x00, 0xc1, 0x89, 0x83, 0x03, 0xc1, 0x00, 0x42, 0xd5, 0xc1, 0x09,
    0x81, 0x01, 0x00, 0x01, 0x34, 0xd8, 0xc1, 0xc3, 0x00, 0x00, 0x60, 0xff, 0x60, 0x80, 0x8c, 0x01, 0x00, 0x00, 0x60,
    0xff, 0x06, 0xbf, 0xc0, 0xff, 0x00, 0x00, 0xff, 0x60, 0x60, 0x85, 0xe0, 0xc1, 0x00, 0x00, 0xfa, 0x02, 0x7e, 0x7f,
    0xb5, 0x00, 0x00, 0xff, 0xfa, 0x02, 0x7a, 0x7f, 0xbd, 0x00, 0x00, 0xff, 0xfa, 0x02, 0x7c, 0x7f, 0xbe, 0x00, 0x00,
    0xff, 0xbf, 0x05, 0xa2, 0x7e, 0xc0, 0x6a, 0x10, 0xd7, 0xbf, 0xa3, 0x00, 0x00, 0xc0, 0x00, 0x69, 0xd5, 0xc0, 0x83,
    0x00, 0x00, 0xc3, 0x00, 0x43, 0xd5, 0x85, 0x02, 0x0a, 0x02, 0x86, 0x02, 0x88, 0x37, 0xc4, 0x6a, 0x0f, 0xd7, 0x84,
    0x88, 0x03, 0x00, 0xc4, 0x00, 0x4a, 0xd5, 0x84, 0x86, 0x13, 0x07, 0xc4, 0x00, 0x48, 0xd5, 0xc4, 0x03, 0x0d, 0x02,
    0xc5, 0x00, 0x18, 0xd5, 0x80, 0x3e, 0x00, 0x00, 0xc4, 0x6a, 0x19, 0xd7, 0xc5, 0x89, 0x03, 0x00, 0xc5, 0x00, 0x18,
    0xd5, 0x80, 0x7c, 0x00, 0x00, 0xc1, 0x00, 0x42, 0xd5, 0xc5, 0x07, 0x11, 0x07, 0xc2, 0x6a, 0x0f, 0xd7, 0x80, 0x7e,
    0x00, 0x00, 0x80, 0x84, 0x85, 0x31, 0xc3, 0x6a, 0x0f, 0xd7, 0x80, 0x3c, 0x00, 0x00, 0x80, 0x86, 0x87, 0x31, 0xc2,
    0x00, 0x76, 0xd7, 0xc2, 0x87, 0x03, 0x00, 0x0f, 0x82, 0x36, 0x8f, 0x34, 0x00, 0xc6, 0xd4, 0xbf, 0x19, 0x00, 0x00,
    0xbd, 0x00, 0x42, 0xd5, 0xbd, 0x09, 0x05, 0x07, 0x38, 0x00, 0xc6, 0xd4, 0xbd, 0x1f, 0x00, 0x00, 0xbd, 0x00, 0x42,
    0xd5, 0x84, 0x7a, 0x03, 0x07, 0x38, 0x34, 0xb8, 0x88, 0xbe, 0x00, 0x42, 0xd5, 0xbe, 0x09, 0x09, 0x07, 0x3a, 0x00,
    0xc6, 0xd4, 0xbe, 0x1d, 0x00, 0x00, 0x38, 0x3a, 0xba, 0x88, 0x95, 0x00, 0x43, 0xd5, 0xbe, 0x6d, 0xf4, 0x06, 0x95,
    0x00, 0x01, 0xd5, 0x95, 0x83, 0xe9, 0x00, 0xbe, 0x6a, 0x0f, 0xd7, 0x82, 0x7c, 0x03, 0x00, 0x3a, 0x00, 0xc6, 0xd4,
    0xbe, 0x1d, 0x00, 0x00, 0x38, 0x3a, 0xba, 0x88, 0x96, 0x00, 0x43, 0xd5, 0xbe, 0x6d, 0xf4, 0x06, 0x96, 0x00, 0x01,
    0xd5, 0x96, 0x83, 0xe9, 0x00, 0xbe, 0x6a, 0x0f, 0xd7, 0x82, 0x7c, 0x03, 0x00, 0x3a, 0x00, 0xc6, 0xd4, 0xbe, 0x1d,
    0x00, 0x00, 0x38, 0x3a, 0xba, 0x88, 0x97, 0x00, 0x43, 0xd5, 0xbe, 0x6d, 0xf4, 0x06, 0x97, 0x00, 0x01, 0xd5, 0x97,
    0x83, 0xe9, 0x00, 0xbe, 0x6a, 0x0f, 0xd7, 0x82, 0x7c, 0x03, 0x00, 0x3a, 0x00, 0xc6, 0xd4, 0xbe, 0x1d, 0x00, 0x00,
    0x38, 0x3a, 0xba, 0x88, 0x98, 0x00, 0x43, 0xd5, 0xbe, 0x6d, 0xf4, 0x06, 0x98, 0x00, 0x01, 0xd5, 0x98, 0x83, 0xe9,
    0x00, 0x12, 0x94, 0x0d, 0xbf, 0x3c, 0x00, 0x84, 0xbf, 0xfa, 0x02, 0x7e, 0x7f, 0xb5, 0xaa, 0x00, 0xff, 0xfa, 0x02,
    0x7a, 0x7f, 0xb3, 0xaa, 0x00, 0xff, 0xfa, 0x02, 0x7c, 0x7f, 0xb4, 0xaa, 0x00, 0xff, 0x34, 0x00, 0xc6, 0xd4, 0xbf,
    0x19, 0x00, 0x00, 0xc0, 0x6a, 0x10, 0xd7, 0xbf, 0xa3, 0x00, 0x00, 0xc0, 0x00, 0x69, 0xd5, 0xc0, 0x83, 0x00, 0x00,
    0xbd, 0x6a, 0x10, 0xd7, 0xbd, 0x97, 0x00, 0x00, 0xbe, 0x6a, 0x10, 0xd7, 0xbe, 0x95, 0x00, 0x00, 0xbd, 0x00, 0x42,
    0xd5, 0xbd, 0x09, 0x05, 0x07, 0x38, 0x00, 0xc6, 0xd4, 0xbd, 0x1f, 0x00, 0x00, 0xbd, 0x00, 0x42, 0xd5, 0x84, 0x7a,
    0x03, 0x07, 0x38, 0x34, 0xb8, 0x88, 0xbe, 0x00, 0x42, 0xd5, 0xbe, 0x09, 0x09, 0x07, 0x3a, 0x00, 0xc6, 0xd4, 0xbe,
    0x1d, 0x00, 0x00, 0x38, 0x3a, 0xba, 0x88, 0x99, 0x00, 0x43, 0xd5, 0xbe, 0x6d, 0xf4, 0x06, 0x99, 0x00, 0x01, 0xd5,
    0x99, 0x83, 0xe9, 0x00, 0xbe, 0x6a, 0x0f, 0xd7, 0x82, 0x7c, 0x03, 0x00, 0x3a, 0x00, 0xc6, 0xd4, 0xbe, 0x1d, 0x00,
    0x00, 0x38, 0x3a, 0xba, 0x88, 0x9a, 0x00, 0x43, 0xd5, 0xbe, 0x6d, 0xf4, 0x06, 0x9a, 0x00, 0x01, 0xd5, 0x9a, 0x83,
    0xe9, 0x00, 0xbe, 0x6a, 0x0f, 0xd7, 0x82, 0x7c, 0x03, 0x00, 0x3a, 0x00, 0xc6, 0xd4, 0xbe, 0x1d, 0x00, 0x00, 0x38,
    0x3a, 0xba, 0x88, 0x9b, 0x00, 0x43, 0xd5, 0xbe, 0x6d, 0xf4, 0x06, 0x9b, 0x00, 0x01, 0xd5, 0x9b, 0x83, 0xe9, 0x00,
    0xbe, 0x6a, 0x0f, 0xd7, 0x82, 0x7c, 0x03, 0x00, 0x3a, 0x00, 0xc6, 0xd4, 0xbe, 0x1d, 0x00, 0x00, 0x38, 0x3a, 0xba,
    0x88, 0x9c, 0x00, 0x43, 0xd5, 0xbe, 0x6d, 0xf4, 0x06, 0x9c, 0x00, 0x01, 0xd5, 0x9c, 0x83, 0xe9, 0x00, 0x1a, 0x00,
    0x82, 0xbf, 0x12, 0x98, 0x0d, 0xbf, 0x44, 0x80, 0x34, 0x85, 0xbd, 0x6a, 0x0f, 0xd7, 0x95, 0x69, 0x00, 0x00, 0x6a,
    0x00, 0xc2, 0xd4, 0x95, 0x83, 0x01, 0x00, 0x99, 0x00, 0x01, 0xd5, 0xbd, 0x83, 0xa9, 0x01, 0xbd, 0x6a, 0x0f, 0xd7,
    0x96, 0x69, 0x00, 0x00, 0x6a, 0x00, 0xc2, 0xd4, 0x96, 0x83, 0x01, 0x00, 0x9a, 0x00, 0x01, 0xd5, 0xbd, 0x83, 0xa9,
    0x01, 0xbd, 0x6a, 0x0f, 0xd7, 0x97, 0x69, 0x00, 0x00, 0x6a, 0x00, 0xc2, 0xd4, 0x97, 0x83, 0x01, 0x00, 0x9b, 0x00,
    0x01, 0xd5, 0xbd, 0x83, 0xa9, 0x01, 0xbd, 0x6a, 0x0f, 0xd7, 0x98, 0x69, 0x00, 0x00, 0x6a, 0x00, 0xc2, 0xd4, 0x98,
    0x83, 0x01, 0x00, 0x9c, 0x00, 0x01, 0xd5, 0xbd, 0x83, 0xa9, 0x01, 0x12, 0x92, 0x0d, 0xbf, 0x9a, 0x00, 0x85, 0xbf,
    0xc1, 0x90, 0x34, 0x90, 0x34, 0x41, 0x34, 0x87, 0x41, 0x90, 0x35, 0x90, 0x35, 0x51, 0x35, 0x93, 0x34, 0x51, 0x28,
    0x93, 0x35, 0x90, 0x34, 0x8f, 0x35, 0x90, 0x35, 0x90, 0x34, 0x28, 0x28, 0x80, 0x35, 0x80, 0x29, 0x82, 0x28, 0x14,
    0x28, 0x80, 0x29, 0x15, 0x29, 0x82, 0x82, 0x00, 0x82, 0xbf, 0x12, 0x92, 0x0d, 0xbf, 0x8c, 0x00, 0x85, 0xbf, 0xbf,
    0x00, 0x43, 0xd5, 0x85, 0x02, 0x0a, 0x02, 0x81, 0x02, 0x7a, 0x35, 0xbf, 0x00, 0x4a, 0xd5, 0x84, 0x7e, 0xf7, 0x06,
    0xbd, 0x00, 0x48, 0xd5, 0xbf, 0x05, 0x09, 0x02, 0x82, 0x7a, 0x7b, 0x27, 0xbf, 0x00, 0x48, 0xd5, 0x01, 0x03, 0x05,
    0x02, 0xbd, 0x00, 0x43, 0xd5, 0x82, 0x7a, 0xff, 0x06, 0xbd, 0x00, 0x43, 0xd5, 0x3e, 0x06, 0xf5, 0x06, 0xbf, 0x6a,
    0x10, 0xd7, 0x1d, 0x7a, 0x03, 0x00, 0xbf, 0x6a, 0x10, 0xd7, 0xbf, 0x03, 0x01, 0x00, 0x12, 0xff, 0xb6, 0x93, 0x01,
    0x00, 0x01, 0x00, 0x6a, 0x00, 0xc2, 0xd4, 0x36, 0x02, 0x01, 0x00, 0xbd, 0x7f, 0x7b, 0x03, 0x34, 0x00, 0xc6, 0xd4,
    0xbd, 0x3b, 0x00, 0x00, 0x82, 0x7a, 0x7b, 0x35, 0x12, 0xff, 0xb6, 0x93, 0x18, 0x00, 0x01, 0x00, 0xc0, 0x00, 0x48,
    0xd5, 0x01, 0x05, 0xd9, 0x00, 0xc0, 0x00, 0x69, 0xd5, 0x44, 0x80, 0x03, 0x00, 0xbd, 0x6a, 0x0f, 0xd7, 0xbd, 0x81,
    0x03, 0x00, 0xbe, 0x00, 0x69, 0xd5, 0x5a, 0x6c, 0x03, 0x00, 0xbe, 0x6a, 0x0f, 0xd7, 0xbe, 0x7b, 0x03, 0x00, 0x1c,
    0x3f, 0xb6, 0x80, 0x36, 0x85, 0xb6, 0x80, 0x12, 0x80, 0x0d, 0xbf, 0x36, 0x3f, 0x36, 0x85, 0x36, 0x02, 0x80, 0x7f,
    0x1d, 0x82, 0x39, 0x8f, 0x36, 0x00, 0xc6, 0xd4, 0xc0, 0x39, 0x00, 0x00, 0x95, 0x00, 0x42, 0xd5, 0xc0, 0x73, 0xf8,
    0x06, 0x36, 0x34, 0xb6, 0x88, 0x95, 0x00, 0x01, 0xd5, 0x95, 0x83, 0xd9, 0x00, 0x95, 0x03, 0x2c, 0x7f, 0xc0, 0x6a,
    0x0f, 0xd7, 0xc0, 0x05, 0x01, 0x00, 0x36, 0x00, 0xc6, 0xd4, 0xc0, 0x39, 0x00, 0x00, 0x98, 0x00, 0x42, 0xd5, 0xc0,
    0x73, 0xf8, 0x06, 0x36, 0x34, 0xb6, 0x88, 0x98, 0x00, 0x01, 0xd5, 0x98, 0x83, 0xd9, 0x00, 0xc0, 0x6a, 0x0f, 0xd7,
    0xc0, 0x05, 0x01, 0x00, 0x36, 0x00, 0xc6, 0xd4, 0xc0, 0x39, 0x00, 0x00, 0x97, 0x00, 0x42, 0xd5, 0xc0, 0x73, 0xf8,
    0x06, 0x36, 0x34, 0xb6, 0x88, 0x97, 0x00, 0x01, 0xd5, 0x97, 0x83, 0xd9, 0x00, 0x5a, 0x83, 0x34, 0x8f, 0x12, 0xff,
    0x35, 0x87, 0x00, 0x00, 0x10, 0x01, 0x34, 0x80, 0x34, 0x85, 0xbd, 0x6a, 0x0f, 0xd7, 0x95, 0x69, 0x00, 0x00, 0x6a,
    0x00, 0xc2, 0xd4, 0x95, 0x83, 0x01, 0x00, 0x99, 0x00, 0x01, 0xd5, 0xbd, 0x83, 0xa9, 0x01, 0xbd, 0x6a, 0x0f, 0xd7,
    0x96, 0x69, 0x00, 0x00, 0x6a, 0x00, 0xc2, 0xd4, 0x96, 0x83, 0x01, 0x00, 0x9a, 0x00, 0x01, 0xd5, 0xbd, 0x83, 0xa9,
    0x01, 0xbd, 0x6a, 0x0f, 0xd7, 0x97, 0x69, 0x00, 0x00, 0x6a, 0x00, 0xc2, 0xd4, 0x97, 0x83, 0x01, 0x00, 0x9b, 0x00,
    0x01, 0xd5, 0xbd, 0x83, 0xa9, 0x01, 0xbd, 0x6a, 0x0f, 0xd7, 0x98, 0x69, 0x00, 0x00, 0x6a, 0x00, 0xc2, 0xd4, 0x98,
    0x83, 0x01, 0x00, 0x9c, 0x00, 0x01, 0xd5, 0xbd, 0x83, 0xa9, 0x01, 0xbd, 0x6a, 0x0f, 0xd7, 0xb6, 0xa7, 0x00, 0x00,
    0x6a, 0x00, 0xc1, 0xd4, 0xbd, 0x21, 0x00, 0x00, 0xc1, 0x2a, 0x2b, 0x03, 0xc1, 0x2c, 0x2d, 0x03, 0xc1, 0x2e, 0x2f,
    0x03, 0xc1, 0x30, 0x31, 0x03, 0x12, 0xff, 0x34, 0x87, 0x00, 0x00, 0x10, 0x01, 0x04, 0x00, 0x84, 0xbf, 0xbd, 0x6a,
    0x0f, 0xd7, 0xbd, 0x11, 0x01, 0x00, 0x6a, 0x00, 0xc1, 0xd4, 0xbd, 0x21, 0x00, 0x00, 0xc1, 0x32, 0x33, 0x03, 0xc1,
    0x34, 0x35, 0x03, 0xc1, 0x36, 0x37, 0x03, 0xc1, 0x38, 0x39, 0x03, 0xc1, 0x90, 0x34, 0x90, 0x34, 0x5a, 0x34, 0x87,
    0x5a, 0x90, 0x35, 0x90, 0x35, 0x53, 0x35, 0x93, 0x34, 0x53, 0x28, 0x93, 0x35, 0x90, 0x34, 0x8f, 0x35, 0x90, 0x35,
    0x90, 0x34, 0x28, 0x28, 0x80, 0x35, 0x80, 0x29, 0x82, 0x28, 0x16, 0x28, 0x80, 0x29, 0x17, 0x29, 0x82, 0xff, 0x03,
    0xab, 0xbe, 0x00, 0x40, 0x01, 0x31, 0xc1, 0x03, 0xc9, 0xbe, 0x12, 0xff, 0xb4, 0x93, 0x14, 0x00, 0x01, 0x00, 0x0d,
    0x34, 0x52, 0x8f, 0x12, 0x94, 0x0d, 0xbf, 0x80, 0xff, 0x34, 0x85, 0x00, 0x00, 0x00, 0x02, 0x0d, 0x80, 0x0d, 0xbf,
    0x34, 0x80, 0x34, 0x85, 0x12, 0x34, 0x12, 0x89, 0x0a, 0x04, 0xea, 0xbe, 0x31, 0xfd, 0x82, 0xbf, 0x00, 0x00, 0x80,
    0xbf, 0x00, 0x00, 0x80, 0xbf, 0x00, 0x00, 0x80, 0xbf, 0x00, 0x00, 0x80, 0xbf, 0x00, 0x00, 0x80, 0xbf, 0xff, 0x12,
    0x34, 0x87, 0x00, 0x00, 0x90, 0x00, 0x3e, 0x81, 0xbe, 0x82, 0x64, 0xfe, 0x84, 0xbf, 0xff, 0x12, 0x34, 0x87, 0x00,
    0x00, 0x90, 0x00, 0x3d, 0x81, 0xbe, 0x82, 0x3f, 0x86, 0x3f, 0x80, 0x3f, 0x1c, 0x09, 0xbf, 0x5e, 0xfe, 0x84, 0xbf,
    0x81, 0x03, 0xbf, 0xbe, 0x3f, 0x1c, 0x09, 0xbf, 0x40, 0x81, 0x40, 0x82, 0x40, 0x81, 0x08, 0xbf, 0x59, 0xfe, 0x84,
    0xbf, 0x80, 0x03, 0xc0, 0xbe, 0x80, 0x03, 0xbf, 0xbe, 0x32, 0xfe, 0x82, 0xbf, 0x00, 0x00, 0x80, 0xbf, 0x00, 0x00,
    0x80, 0xbf, 0x00, 0x00, 0x80, 0xbf, 0x00, 0x00, 0x80, 0xbf, 0x00, 0x00, 0x80, 0xbf, 0x00, 0x00, 0x80, 0xbf, 0x00,
    0x00, 0x80, 0xbf, 0x00, 0x00, 0x80, 0xbf, 0x00, 0x00, 0x80, 0xbf, 0x00, 0x00, 0x80, 0xbf, 0x00, 0x00, 0x80, 0xbf,
    0x00, 0x00, 0x80, 0xbf, 0x00, 0x00, 0x80, 0xbf, 0x00, 0x00, 0x80, 0xbf, 0x00, 0x00, 0x80, 0xbf, 0x00, 0x00, 0x80,
    0xbf, 0x00, 0x00, 0x80, 0xbf, 0x00, 0x00, 0x80, 0xbf, 0x00, 0x00, 0x80, 0xbf, 0x00, 0x00, 0x80, 0xbf, 0x00, 0x00,
    0x80, 0xbf, 0x00, 0x00, 0x80, 0xbf, 0xfa, 0x70, 0x09, 0x56, 0x04, 0x4e, 0x00, 0xfc, 0xfa, 0x70, 0x0b, 0x56, 0x05,
    0x4e, 0x00, 0xfc, 0xfa, 0x70, 0x05, 0x56, 0x02, 0x4e, 0x00, 0xfc, 0xfa, 0x70, 0x07, 0x56, 0x03, 0x4e, 0x00, 0xfc,
    0xfa, 0x06, 0x06, 0x06, 0x04, 0x40, 0x01, 0xff, 0xfa, 0x04, 0x04, 0x06, 0x05, 0x40, 0x01, 0xff, 0x00, 0x00, 0x80,
    0xbf, 0xfa, 0x72, 0x07, 0x56, 0x03, 0xb1, 0x00, 0xf6, 0xfa, 0x72, 0x05, 0x56, 0x02, 0xb1, 0x00, 0xf6, 0x00, 0x00,
    0x80, 0xbf, 0xfa, 0x04, 0x04, 0x06, 0x03, 0x41, 0x01, 0xff, 0xfa, 0x70, 0x11, 0x56, 0x08, 0x4e, 0x00, 0xfc, 0xfa,
    0x70, 0x13, 0x56, 0x09, 0x4e, 0x00, 0xfc, 0xfa, 0x70, 0x0d, 0x56, 0x06, 0x4e, 0x00, 0xfc, 0xfa, 0x70, 0x0f, 0x56,
    0x07, 0x4e, 0x00, 0xfc, 0xfa, 0x0e, 0x0e, 0x06, 0x08, 0x40, 0x01, 0xff, 0xfa, 0x0c, 0x0c, 0x06, 0x09, 0x40, 0x01,
    0xff, 0x00, 0x00, 0x80, 0xbf, 0xfa, 0x72, 0x0f, 0x56, 0x07, 0xb1, 0x00, 0xf6, 0xfa, 0x72, 0x0d, 0x56, 0x06, 0xb1,
    0x00, 0xf6, 0x00, 0x00, 0x80, 0xbf, 0xfa, 0x0c, 0x06, 0x06, 0x07, 0x41, 0x01, 0xff, 0xfa, 0x70, 0x19, 0x56, 0x0c,
    0x4e, 0x00, 0xfc, 0xfa, 0x70, 0x1b, 0x56, 0x0d, 0x4e, 0x00, 0xfc, 0xfa, 0x70, 0x15, 0x56, 0x0a, 0x4e, 0x00, 0xfc,
    0xfa, 0x70, 0x17, 0x56, 0x0b, 0x4e, 0x00, 0xfc, 0xfa, 0x16, 0x16, 0x06, 0x0c, 0x40, 0x01, 0xff, 0xfa, 0x14, 0x14,
    0x06, 0x0d, 0x40, 0x01, 0xff, 0x00, 0x00, 0x80, 0xbf, 0xfa, 0x72, 0x17, 0x56, 0x0b, 0xb1, 0x00, 0xf6, 0xfa, 0x72,
    0x15, 0x56, 0x0a, 0xb1, 0x00, 0xf6, 0x00, 0x00, 0x80, 0xbf, 0xfa, 0x14, 0x08, 0x06, 0x0b, 0x41, 0x01, 0xff, 0xfa,
    0x70, 0x21, 0x56, 0x10, 0x4e, 0x00, 0xfc, 0xfa, 0x70, 0x23, 0x56, 0x11, 0x4e, 0x00, 0xfc, 0xfa, 0x70, 0x1d, 0x56,
    0x0e, 0x4e, 0x00, 0xfc, 0xfa, 0x70, 0x1f, 0x56, 0x0f, 0x4e, 0x00, 0xfc, 0xfa, 0x1e, 0x1e, 0x06, 0x10, 0x40, 0x01,
    0xff, 0xfa, 0x1c, 0x1c, 0x06, 0x11, 0x40, 0x01, 0xff, 0x00, 0x00, 0x80, 0xbf, 0xfa, 0x72, 0x1f, 0x56, 0x0f, 0xb1,
    0x00, 0xf6, 0xfa, 0x72, 0x1d, 0x56, 0x0e, 0xb1, 0x00, 0xf6, 0x00, 0x00, 0x80, 0xbf, 0xfa, 0x1c, 0x0a, 0x06, 0x0f,
    0x41, 0x01, 0xff, 0xfa, 0x70, 0x29, 0x56, 0x14, 0x4e, 0x00, 0xfc, 0xfa, 0x70, 0x2b, 0x56, 0x15, 0x4e, 0x00, 0xfc,
    0xfa, 0x70, 0x25, 0x56, 0x12, 0x4e, 0x00, 0xfc, 0xfa, 0x70, 0x27, 0x56, 0x13, 0x4e, 0x00, 0xfc, 0xfa, 0x26, 0x26,
    0x06, 0x14, 0x40, 0x01, 0xff, 0xfa, 0x24, 0x24, 0x06, 0x15, 0x40, 0x01, 0xff, 0x00, 0x00, 0x80, 0xbf, 0xfa, 0x72,
    0x27, 0x56, 0x13, 0xb1, 0x00, 0xf6, 0xfa, 0x72, 0x25, 0x56, 0x12, 0xb1, 0x00, 0xf6, 0x00, 0x00, 0x80, 0xbf, 0xfa,
    0x24, 0x0c, 0x06, 0x13, 0x41, 0x01, 0xff, 0xfa, 0x70, 0x31, 0x56, 0x18, 0x4e, 0x00, 0xfc, 0xfa, 0x70, 0x33, 0x56,
    0x19, 0x4e, 0x00, 0xfc, 0xfa, 0x70, 0x2d, 0x56, 0x16, 0x4e, 0x00, 0xfc, 0xfa, 0x70, 0x2f, 0x56, 0x17, 0x4e, 0x00,
    0xfc, 0xfa, 0x2e, 0x2e, 0x06, 0x18, 0x40, 0x01, 0xff, 0xfa, 0x2c, 0x2c, 0x06, 0x19, 0x40, 0x01, 0xff, 0x00, 0x00,
    0x80, 0xbf, 0xfa, 0x72, 0x2f, 0x56, 0x17, 0xb1, 0x00, 0xf6, 0xfa, 0x72, 0x2d, 0x56, 0x16, 0xb1, 0x00, 0xf6, 0x00,
    0x00, 0x80, 0xbf, 0xfa, 0x2c, 0x0e, 0x06, 0x17, 0x41, 0x01, 0xff, 0xfa, 0x70, 0x39, 0x56, 0x1c, 0x4e, 0x00, 0xfc,
    0xfa, 0x70, 0x3b, 0x56, 0x1d, 0x4e, 0x00, 0xfc, 0xfa, 0x70, 0x35, 0x56, 0x1a, 0x4e, 0x00, 0xfc, 0xfa, 0x70, 0x37,
    0x56, 0x1b, 0x4e, 0x00, 0xfc, 0xfa, 0x36, 0x36, 0x06, 0x1c, 0x40, 0x01, 0xff, 0xfa, 0x34, 0x34, 0x06, 0x1d, 0x40,
    0x01, 0xff, 0x00, 0x00, 0x80, 0xbf, 0xfa, 0x72, 0x37, 0x56, 0x1b, 0xb1, 0x00, 0xf6, 0xfa, 0x72, 0x35, 0x56, 0x1a,
    0xb1, 0x00, 0xf6, 0x00, 0x00, 0x80, 0xbf, 0xfa, 0x34, 0x10, 0x06, 0x1b, 0x41, 0x01, 0xff, 0xfa, 0x70, 0x41, 0x56,
    0x20, 0x4e, 0x00, 0xfc, 0xfa, 0x70, 0x43, 0x56, 0x21, 0x4e, 0x00, 0xfc, 0xfa, 0x70, 0x3d, 0x56, 0x1e, 0x4e, 0x00,
    0xfc, 0xfa, 0x70, 0x3f, 0x56, 0x1f, 0x4e, 0x00, 0xfc, 0xfa, 0x3e, 0x3e, 0x06, 0x20, 0x40, 0x01, 0xff, 0xfa, 0x3c,
    0x3c, 0x06, 0x21, 0x40, 0x01, 0xff, 0x00, 0x00, 0x80, 0xbf, 0xfa, 0x72, 0x3f, 0x56, 0x1f, 0xb1, 0x00, 0xf6, 0xfa,
    0x72, 0x3d, 0x56, 0x1e, 0xb1, 0x00, 0xf6, 0x00, 0x00, 0x80, 0xbf, 0xfa, 0x3c, 0x12, 0x06, 0x1f, 0x41, 0x01, 0xff,
    0xfa, 0x70, 0x49, 0x56, 0x24, 0x4e, 0x00, 0xfc, 0xfa, 0x70, 0x4b, 0x56, 0x25, 0x4e, 0x00, 0xfc, 0xfa, 0x70, 0x45,
    0x56, 0x22, 0x4e, 0x00, 0xfc, 0xfa, 0x70, 0x47, 0x56, 0x23, 0x4e, 0x00, 0xfc, 0xfa, 0x46, 0x46, 0x06, 0x24, 0x40,
    0x01, 0xff, 0xfa, 0x44, 0x44, 0x06, 0x25, 0x40, 0x01, 0xff, 0x00, 0x00, 0x80, 0xbf, 0xfa, 0x72, 0x47, 0x56, 0x23,
    0xb1, 0x00, 0xf6, 0xfa, 0x72, 0x45, 0x56, 0x22, 0xb1, 0x00, 0xf6, 0x00, 0x00, 0x80, 0xbf, 0xfa, 0x44, 0x14, 0x06,
    0x23, 0x41, 0x01, 0xff, 0xfa, 0x70, 0x51, 0x56, 0x28, 0x4e, 0x00, 0xfc, 0xfa, 0x70, 0x53, 0x56, 0x29, 0x4e, 0x00,
    0xfc, 0xfa, 0x70, 0x4d, 0x56, 0x26, 0x4e, 0x00, 0xfc, 0xfa, 0x70, 0x4f, 0x56, 0x27, 0x4e, 0x00, 0xfc, 0xfa, 0x4e,
    0x4e, 0x06, 0x28, 0x40, 0x01, 0xff, 0xfa, 0x4c, 0x4c, 0x06, 0x29, 0x40, 0x01, 0xff, 0x00, 0x00, 0x80, 0xbf, 0xfa,
    0x72, 0x4f, 0x56, 0x27, 0xb1, 0x00, 0xf6, 0xfa, 0x72, 0x4d, 0x56, 0x26, 0xb1, 0x00, 0xf6, 0x00, 0x00, 0x80, 0xbf,
    0xfa, 0x4c, 0x16, 0x06, 0x27, 0x41, 0x01, 0xff, 0xfa, 0x70, 0x59, 0x56, 0x2c, 0x4e, 0x00, 0xfc, 0xfa, 0x70, 0x5b,
    0x56, 0x2d, 0x4e, 0x00, 0xfc, 0xfa, 0x70, 0x55, 0x56, 0x2a, 0x4e, 0x00, 0xfc, 0xfa, 0x70, 0x57, 0x56, 0x2b, 0x4e,
    0x00, 0xfc, 0xfa, 0x56, 0x56, 0x06, 0x2c, 0x40, 0x01, 0xff, 0xfa, 0x54, 0x54, 0x06, 0x2d, 0x40, 0x01, 0xff, 0x00,
    0x00, 0x80, 0xbf, 0xfa, 0x72, 0x57, 0x56, 0x2b, 0xb1, 0x00, 0xf6, 0xfa, 0x72, 0x55, 0x56, 0x2a, 0xb1, 0x00, 0xf6,
    0x00, 0x00, 0x80, 0xbf, 0xfa, 0x54, 0x18, 0x06, 0x2b, 0x41, 0x01, 0xff, 0xfa, 0x70, 0x61, 0x56, 0x30, 0x4e, 0x00,
    0xfc, 0xfa, 0x70, 0x63, 0x56, 0x31, 0x4e, 0x00, 0xfc, 0xfa, 0x70, 0x5d, 0x56, 0x2e, 0x4e, 0x00, 0xfc, 0xfa, 0x70,
    0x5f, 0x56, 0x2f, 0x4e, 0x00, 0xfc, 0xfa, 0x5e, 0x5e, 0x06, 0x30, 0x40, 0x01, 0xff, 0xfa, 0x5c, 0x5c, 0x06, 0x31,
    0x40, 0x01, 0xff, 0x00, 0x00, 0x80, 0xbf, 0xfa, 0x72, 0x5f, 0x56, 0x2f, 0xb1, 0x00, 0xf6, 0xfa, 0x72, 0x5d, 0x56,
    0x2e, 0xb1, 0x00, 0xf6, 0x00, 0x00, 0x80, 0xbf, 0xfa, 0x5c, 0x1a, 0x06, 0x2f, 0x41, 0x01, 0xff, 0xfa, 0x70, 0x69,
    0x56, 0x34, 0x4e, 0x00, 0xfc, 0xfa, 0x70, 0x6b, 0x56, 0x35, 0x4e, 0x00, 0xfc, 0xfa, 0x70, 0x65, 0x56, 0x32, 0x4e,
    0x00, 0xfc, 0xfa, 0x70, 0x67, 0x56, 0x33, 0x4e, 0x00, 0xfc, 0xfa, 0x66, 0x66, 0x06, 0x34, 0x40, 0x01, 0xff, 0xfa,
    0x64, 0x64, 0x06, 0x35, 0x40, 0x01, 0xff, 0x00, 0x00, 0x80, 0xbf, 0xfa, 0x72, 0x67, 0x56, 0x33, 0xb1, 0x00, 0xf6,
    0xfa, 0x72, 0x65, 0x56, 0x32, 0xb1, 0x00, 0xf6, 0x00, 0x00, 0x80, 0xbf, 0xfa, 0x64, 0x1c, 0x06, 0x33, 0x41, 0x01,
    0xff, 0xfa, 0x70, 0x71, 0x56, 0x38, 0x4e, 0x00, 0xfc, 0xfa, 0x70, 0x73, 0x56, 0x39, 0x4e, 0x00, 0xfc, 0xfa, 0x70,
    0x6d, 0x56, 0x36, 0x4e, 0x00, 0xfc, 0xfa, 0x70, 0x6f, 0x56, 0x37, 0x4e, 0x00, 0xfc, 0xfa, 0x6e, 0x6e, 0x06, 0x38,
    0x40, 0x01, 0xff, 0xfa, 0x6c, 0x6c, 0x06, 0x39, 0x40, 0x01, 0xff, 0x00, 0x00, 0x80, 0xbf, 0xfa, 0x72, 0x6f, 0x56,
    0x37, 0xb1, 0x00, 0xf6, 0xfa, 0x72, 0x6d, 0x56, 0x36, 0xb1, 0x00, 0xf6, 0x00, 0x00, 0x80, 0xbf, 0xfa, 0x6c, 0x1e,
    0x06, 0x37, 0x41, 0x01, 0xff, 0xfa, 0x70, 0x79, 0x56, 0x3c, 0x4e, 0x00, 0xfc, 0xfa, 0x70, 0x7b, 0x56, 0x3d, 0x4e,
    0x00, 0xfc, 0xfa, 0x70, 0x75, 0x56, 0x3a, 0x4e, 0x00, 0xfc, 0xfa, 0x70, 0x77, 0x56, 0x3b, 0x4e, 0x00, 0xfc, 0xfa,
    0x76, 0x76, 0x06, 0x3c, 0x40, 0x01, 0xff, 0xfa, 0x74, 0x74, 0x06, 0x3d, 0x40, 0x01, 0xff, 0x00, 0x00, 0x80, 0xbf,
    0xfa, 0x72, 0x77, 0x56, 0x3b, 0xb1, 0x00, 0xf6, 0xfa, 0x72, 0x75, 0x56, 0x3a, 0xb1, 0x00, 0xf6, 0x00, 0x00, 0x80,
    0xbf, 0xfa, 0x74, 0x20, 0x06, 0x3b, 0x41, 0x01, 0xff, 0xfa, 0x70, 0x81, 0x56, 0x40, 0x4e, 0x00, 0xfc, 0xfa, 0x70,
    0x83, 0x56, 0x41, 0x4e, 0x00, 0xfc, 0xfa, 0x70, 0x7d, 0x56, 0x3e, 0x4e, 0x00, 0xfc, 0xfa, 0x70, 0x7f, 0x56, 0x3f,
    0x4e, 0x00, 0xfc, 0xfa, 0x7e, 0x7e, 0x06, 0x40, 0x40, 0x01, 0xff, 0xfa, 0x7c, 0x7c, 0x06, 0x41, 0x40, 0x01, 0xff,
    0x00, 0x00, 0x80, 0xbf, 0xfa, 0x72, 0x7f, 0x56, 0x3f, 0xb1, 0x00, 0xf6, 0xfa, 0x72, 0x7d, 0x56, 0x3e, 0xb1, 0x00,
    0xf6, 0x00, 0x00, 0x80, 0xbf, 0xfa, 0x7c, 0x22, 0x06, 0x3f, 0x41, 0x01, 0xff, 0x70, 0x3f, 0x8c, 0xbf, 0x37, 0x00,
    0x60, 0xd7, 0xbb, 0x01, 0x01, 0x00, 0x02, 0x00, 0x03, 0xd5, 0x02, 0x6f, 0x00, 0x00, 0xbd, 0x00, 0x08, 0xd5, 0x02,
    0x49, 0x00, 0x00, 0x6a, 0x00, 0x01, 0xd4, 0x02, 0x01, 0x01, 0x00, 0x02, 0x7b, 0x05, 0x02, 0x03, 0x00, 0x03, 0xd5,
    0x03, 0x6f, 0x00, 0x00, 0xbd, 0x00, 0x08, 0xd5, 0x03, 0x49, 0x00, 0x00, 0x6a, 0x00, 0x01, 0xd4, 0x03, 0x01, 0x01,
    0x00, 0x03, 0x7b, 0x07, 0x02, 0x00, 0x10, 0x70, 0xe0, 0x9d, 0x02, 0x0b, 0x80, 0x00, 0x10, 0x70, 0xe0, 0xa1, 0x03,
    0x0b, 0x80, 0x00, 0x00, 0x00, 0x7e, 0x2c, 0x43, 0x2c, 0x80, 0x2d, 0x80, 0x2d, 0x82, 0x5d, 0x81, 0xdd, 0x80, 0x80,
    0x2f, 0x2f, 0x85, 0x37, 0x00, 0x60, 0xd7, 0xbb, 0x03, 0x01, 0x00, 0x04, 0x00, 0x03, 0xd5, 0x04, 0x6f, 0x00, 0x00,
    0xbd, 0x00, 0x08, 0xd5, 0x04, 0x49, 0x00, 0x00, 0x6a, 0x00, 0x01, 0xd4, 0x04, 0x01, 0x01, 0x00, 0x04, 0x7b, 0x09,
    0x02, 0x05, 0x00, 0x03, 0xd5, 0x05, 0x6f, 0x00, 0x00, 0xbd, 0x00, 0x08, 0xd5, 0x05, 0x49, 0x00, 0x00, 0x6a, 0x00,
    0x01, 0xd4, 0x05, 0x01, 0x01, 0x00, 0x05, 0x7b, 0x0b, 0x02, 0x00, 0x10, 0x70, 0xe0, 0x9d, 0x04, 0x0b, 0x80, 0x00,
    0x10, 0x70, 0xe0, 0xa1, 0x05, 0x0b, 0x80, 0x00, 0x00, 0x00, 0x7e, 0x2c, 0x43, 0x2c, 0x80, 0x2d, 0x80, 0x2d, 0x82,
    0x5d, 0x81, 0xdd, 0x80, 0x80, 0x2f, 0x2f, 0x85, 0x37, 0x00, 0x60, 0xd7, 0xbb, 0x05, 0x01, 0x00, 0x06, 0x00, 0x03,
    0xd5, 0x06, 0x6f, 0x00, 0x00, 0xbd, 0x00, 0x08, 0xd5, 0x06, 0x49, 0x00, 0x00, 0x6a, 0x00, 0x01, 0xd4, 0x06, 0x01,
    0x01, 0x00, 0x06, 0x7b, 0x0d, 0x02, 0x07, 0x00, 0x03, 0xd5, 0x07, 0x6f, 0x00, 0x00, 0xbd, 0x00, 0x08, 0xd5, 0x07,
    0x49, 0x00, 0x00, 0x6a, 0x00, 0x01, 0xd4, 0x07, 0x01, 0x01, 0x00, 0x07, 0x7b, 0x0f, 0x02, 0x00, 0x10, 0x70, 0xe0,
    0x9d, 0x06, 0x0b, 0x80, 0x00, 0x10, 0x70, 0xe0, 0xa1, 0x07, 0x0b, 0x80, 0x00, 0x00, 0x00, 0x7e, 0x2c, 0x43, 0x2c,
    0x80, 0x2d, 0x80, 0x2d, 0x82, 0x5d, 0x81, 0xdd, 0x80, 0x80, 0x2f, 0x2f, 0x85, 0x37, 0x00, 0x60, 0xd7, 0xbb, 0x07,
    0x01, 0x00, 0x08, 0x00, 0x03, 0xd5, 0x08, 0x6f, 0x00, 0x00, 0xbd, 0x00, 0x08, 0xd5, 0x08, 0x49, 0x00, 0x00, 0x6a,
    0x00, 0x01, 0xd4, 0x08, 0x01, 0x01, 0x00, 0x08, 0x7b, 0x11, 0x02, 0x09, 0x00, 0x03, 0xd5, 0x09, 0x6f, 0x00, 0x00,
    0xbd, 0x00, 0x08, 0xd5, 0x09, 0x49, 0x00, 0x00, 0x6a, 0x00, 0x01, 0xd4, 0x09, 0x01, 0x01, 0x00, 0x09, 0x7b, 0x13,
    0x02, 0x00, 0x10, 0x70, 0xe0, 0x9d, 0x08, 0x0b, 0x80, 0x00, 0x10, 0x70, 0xe0, 0xa1, 0x09, 0x0b, 0x80, 0x00, 0x00,
    0x00, 0x7e, 0x2c, 0x43, 0x2c, 0x80, 0x2d, 0x80, 0x2d, 0x82, 0x5d, 0x81, 0xdd, 0x80, 0x80, 0x2f, 0x2f, 0x85, 0x43,
    0x82, 0x34, 0x8f, 0x2c, 0x34, 0x2c, 0x80, 0x2d, 0x80, 0x2d, 0x82, 0x5d, 0x84, 0xdd, 0x80, 0x80, 0x2f, 0x2f, 0x85,
    0x37, 0x00, 0x60, 0xd7, 0xbb, 0x11, 0x01, 0x00, 0x0a, 0x00, 0x03, 0xd5, 0x0a, 0x6f, 0x00, 0x00, 0xbd, 0x00, 0x08,
    0xd5, 0x0a, 0x49, 0x00, 0x00, 0x6a, 0x00, 0x01, 0xd4, 0x0a, 0x01, 0x01, 0x00, 0x0a, 0x7b, 0x15, 0x02, 0x0b, 0x00,
    0x03, 0xd5, 0x0b, 0x6f, 0x00, 0x00, 0xbd, 0x00, 0x08, 0xd5, 0x0b, 0x49, 0x00, 0x00, 0x6a, 0x00, 0x01, 0xd4, 0x0b,
    0x01, 0x01, 0x00, 0x0b, 0x7b, 0x17, 0x02, 0x00, 0x10, 0x70, 0xe0, 0x9d, 0x0a, 0x0b, 0x80, 0x00, 0x10, 0x70, 0xe0,
    0xa1, 0x0b, 0x0b, 0x80, 0x00, 0x00, 0x00, 0x7e, 0x2c, 0x43, 0x2c, 0x80, 0x2d, 0x80, 0x2d, 0x82, 0x5d, 0x81, 0xdd,
    0x80, 0x80, 0x2f, 0x2f, 0x85, 0x37, 0x00, 0x60, 0xd7, 0xbb, 0x13, 0x01, 0x00, 0x0c, 0x00, 0x03, 0xd5, 0x0c, 0x6f,
    0x00, 0x00, 0xbd, 0x00, 0x08, 0xd5, 0x0c, 0x49, 0x00, 0x00, 0x6a, 0x00, 0x01, 0xd4, 0x0c, 0x01, 0x01, 0x00, 0x0c,
    0x7b, 0x19, 0x02, 0x0d, 0x00, 0x03, 0xd5, 0x0d, 0x6f, 0x00, 0x00, 0xbd, 0x00, 0x08, 0xd5, 0x0d, 0x49, 0x00, 0x00,
    0x6a, 0x00, 0x01, 0xd4, 0x0d, 0x01, 0x01, 0x00, 0x0d, 0x7b, 0x1b, 0x02, 0x00, 0x10, 0x70, 0xe0, 0x9d, 0x0c, 0x0b,
    0x80, 0x00, 0x10, 0x70, 0xe0, 0xa1, 0x0d, 0x0b, 0x80, 0x00, 0x00, 0x00, 0x7e, 0x2c, 0x43, 0x2c, 0x80, 0x2d, 0x80,
    0x2d, 0x82, 0x5d, 0x81, 0xdd, 0x80, 0x80, 0x2f, 0x2f, 0x85, 0x37, 0x00, 0x60, 0xd7, 0xbb, 0x15, 0x01, 0x00, 0x0e,
    0x00, 0x03, 0xd5, 0x0e, 0x6f, 0x00, 0x00, 0xbd, 0x00, 0x08, 0xd5, 0x0e, 0x49, 0x00, 0x00, 0x6a, 0x00, 0x01, 0xd4,
    0x0e, 0x01, 0x01, 0x00, 0x0e, 0x7b, 0x1d, 0x02, 0x0f, 0x00, 0x03, 0xd5, 0x0f, 0x6f, 0x00, 0x00, 0xbd, 0x00, 0x08,
    0xd5, 0x0f, 0x49, 0x00, 0x00, 0x6a, 0x00, 0x01, 0xd4, 0x0f, 0x01, 0x01, 0x00, 0x0f, 0x7b, 0x1f, 0x02, 0x00, 0x10,
    0x70, 0xe0, 0x9d, 0x0e, 0x0b, 0x80, 0x00, 0x10, 0x70, 0xe0, 0xa1, 0x0f, 0x0b, 0x80, 0x00, 0x00, 0x00, 0x7e, 0x2c,
    0x43, 0x2c, 0x80, 0x2d, 0x80, 0x2d, 0x82, 0x5d, 0x81, 0xdd, 0x80, 0x80, 0x2f, 0x2f, 0x85, 0x37, 0x00, 0x60, 0xd7,
    0xbb, 0x17, 0x01, 0x00, 0x10, 0x00, 0x03, 0xd5, 0x10, 0x6f, 0x00, 0x00, 0xbd, 0x00, 0x08, 0xd5, 0x10, 0x49, 0x00,
    0x00, 0x6a, 0x00, 0x01, 0xd4, 0x10, 0x01, 0x01, 0x00, 0x10, 0x7b, 0x21, 0x02, 0x11, 0x00, 0x03, 0xd5, 0x11, 0x6f,
    0x00, 0x00, 0xbd, 0x00, 0x08, 0xd5, 0x11, 0x49, 0x00, 0x00, 0x6a, 0x00, 0x01, 0xd4, 0x11, 0x01, 0x01, 0x00, 0x11,
    0x7b, 0x23, 0x02, 0x00, 0x10, 0x70, 0xe0, 0x9d, 0x10, 0x0b, 0x80, 0x00, 0x10, 0x70, 0xe0, 0xa1, 0x11, 0x0b, 0x80,
    0x00, 0x00, 0x00, 0x7e, 0x2c, 0x43, 0x2c, 0x80, 0x2d, 0x80, 0x2d, 0x82, 0x5d, 0x81, 0xdd, 0x80, 0x80, 0x2f, 0x2f,
    0x85, 0x2c, 0x34, 0x2c, 0x80, 0x2d, 0x80, 0x2d, 0x82, 0x34, 0x82, 0x34, 0x8f, 0x2c, 0x34, 0x2c, 0x80, 0x2d, 0x80,
    0x2d, 0x82, 0x5d, 0x94, 0xdd, 0x80, 0x80, 0x2f, 0x2f, 0x85, 0x80, 0x33, 0x33, 0x85, 0x30, 0xff, 0x30, 0x80, 0x80,
    0x00, 0x00, 0x00, 0x31, 0x80, 0x31, 0x82, 0x32, 0xff, 0xb2, 0x80, 0x80, 0x00, 0x00, 0x00, 0x80, 0x33, 0x33, 0x85,
    0x80, 0x02, 0x04, 0x7e, 0x80, 0x02, 0x06, 0x7e, 0x80, 0x02, 0x08, 0x7e, 0x80, 0x02, 0x0a, 0x7e, 0x80, 0x02, 0x0c,
    0x7e, 0x80, 0x02, 0x0e, 0x7e, 0x80, 0x02, 0x10, 0x7e, 0x80, 0x02, 0x12, 0x7e, 0x80, 0x02, 0x14, 0x7e, 0x80, 0x02,
    0x16, 0x7e, 0x80, 0x02, 0x18, 0x7e, 0x80, 0x02, 0x1a, 0x7e, 0x80, 0x02, 0x1c, 0x7e, 0x80, 0x02, 0x1e, 0x7e, 0x80,
    0x02, 0x20, 0x7e, 0x80, 0x02, 0x22, 0x7e, 0x80, 0x02, 0x24, 0x7e, 0x80, 0x02, 0x26, 0x7e, 0x80, 0x02, 0x28, 0x7e,
    0x80, 0x02, 0x2a, 0x7e, 0x80, 0x02, 0x2c, 0x7e, 0x80, 0x02, 0x2e, 0x7e, 0x80, 0x02, 0x30, 0x7e, 0x80, 0x02, 0x32,
    0x7e, 0x80, 0x02, 0x34, 0x7e, 0x80, 0x02, 0x36, 0x7e, 0x80, 0x02, 0x38, 0x7e, 0x80, 0x02, 0x3a, 0x7e, 0x80, 0x02,
    0x3c, 0x7e, 0x80, 0x02, 0x3e, 0x7e, 0x80, 0x02, 0x40, 0x7e, 0x80, 0x02, 0x42, 0x7e, 0x80, 0x02, 0x44, 0x7e, 0x80,
    0x02, 0x46, 0x7e, 0x80, 0x02, 0x48, 0x7e, 0x80, 0x02, 0x4a, 0x7e, 0x80, 0x02, 0x4c, 0x7e, 0x80, 0x02, 0x4e, 0x7e,
    0x80, 0x02, 0x50, 0x7e, 0x80, 0x02, 0x52, 0x7e, 0x80, 0x02, 0x54, 0x7e, 0x80, 0x02, 0x56, 0x7e, 0x80, 0x02, 0x58,
    0x7e, 0x80, 0x02, 0x5a, 0x7e, 0x80, 0x02, 0x5c, 0x7e, 0x80, 0x02, 0x5e, 0x7e, 0x80, 0x02, 0x60, 0x7e, 0x80, 0x02,
    0x62, 0x7e, 0x80, 0x02, 0x64, 0x7e, 0x80, 0x02, 0x66, 0x7e, 0x80, 0x02, 0x68, 0x7e, 0x80, 0x02, 0x6a, 0x7e, 0x80,
    0x02, 0x6c, 0x7e, 0x80, 0x02, 0x6e, 0x7e, 0x80, 0x02, 0x70, 0x7e, 0x80, 0x02, 0x72, 0x7e, 0x80, 0x02, 0x74, 0x7e,
    0x80, 0x02, 0x76, 0x7e, 0x80, 0x02, 0x78, 0x7e, 0x80, 0x02, 0x7a, 0x7e, 0x80, 0x02, 0x7c, 0x7e, 0x80, 0x02, 0x7e,
    0x7e, 0x80, 0x02, 0x80, 0x7e, 0x80, 0x02, 0x82, 0x7e, 0x12, 0xff, 0x12, 0x89, 0x00, 0x00, 0x20, 0x00, 0x3c, 0x3d,
    0x5e, 0x93, 0x5e, 0x0d, 0x5e, 0x93, 0x5d, 0x5c, 0x34, 0x80, 0x34, 0x80, 0x04, 0xbf, 0x96, 0x00, 0x84, 0xbf, 0xff,
    0x02, 0x3a, 0x37, 0x7f, 0x00, 0x00, 0x00, 0x81, 0x3a, 0x3b, 0x2d, 0x9d, 0x00, 0x4a, 0xd5, 0x81, 0x02, 0x76, 0x06,
    0x9e, 0x00, 0x1b, 0xd5, 0x01, 0x05, 0x01, 0x00, 0x9d, 0x00, 0x43, 0xd5, 0x9e, 0x21, 0x75, 0x06, 0x82, 0x3a, 0x3b,
    0x35, 0x9d, 0x6a, 0x0f, 0xd7, 0x9d, 0xc3, 0x00, 0x00, 0x83, 0x02, 0x3c, 0x37, 0x82, 0x3c, 0x3d, 0x35, 0x9e, 0x6a,
    0x0f, 0xd7, 0x9e, 0xc3, 0x00, 0x00, 0x00, 0x01, 0xd8, 0xd8, 0x9e, 0x00, 0x00, 0xbf, 0x00, 0x00, 0xd8, 0xd8, 0x9d,
    0x00, 0x00, 0x9d, 0x61, 0xff, 0x61, 0x80, 0x8c, 0x01, 0x00, 0x00, 0x61, 0xff, 0x06, 0xbf, 0xc0, 0xff, 0x00, 0x00,
    0xff, 0x61, 0x61, 0x85, 0xe0, 0xc1, 0x00, 0x00, 0x7f, 0xc0, 0x8c, 0xbf, 0x9d, 0x05, 0xbe, 0x7e, 0x36, 0x00, 0x60,
    0xd7, 0xbf, 0x01, 0x01, 0x00, 0x36, 0x92, 0x0d, 0xbf, 0x7e, 0x00, 0x85, 0xbf, 0x34, 0x00, 0x60, 0xd7, 0xbf, 0x03,
    0x01, 0x00, 0x35, 0x00, 0x60, 0xd7, 0xbf, 0x05, 0x01, 0x00, 0x5c, 0x35, 0x5d, 0x80, 0xc1, 0x90, 0x37, 0x90, 0x37,
    0x42, 0x37, 0x87, 0x42, 0x90, 0x38, 0x90, 0x38, 0x5f, 0x38, 0x93, 0x37, 0x5f, 0x2c, 0x93, 0x38, 0x90, 0x37, 0x8f,
    0x38, 0x90, 0x38, 0x90, 0x37, 0x2c, 0x2c, 0x80, 0x38, 0x80, 0x2d, 0x82, 0x2c, 0x18, 0x2c, 0x80, 0x2d, 0x19, 0x2d,
    0x82, 0x43, 0x5d, 0x37, 0x93, 0x2c, 0x37, 0x2c, 0x80, 0x2d, 0x80, 0x2d, 0x82, 0xff, 0x03, 0xaf, 0xbe, 0x00, 0x40,
    0x01, 0x31, 0x12, 0x87, 0x0d, 0xbf, 0xff, 0x80, 0x33, 0x85, 0x00, 0x40, 0x01, 0x31, 0x5d, 0x82, 0x37, 0x8f, 0x22,
    0x37, 0x30, 0x80, 0x23, 0x80, 0x31, 0x82, 0x34, 0x82, 0x38, 0x8f, 0x38, 0x37, 0xb2, 0x80, 0x80, 0x33, 0x33, 0x85,
    0x34, 0x35, 0xdd, 0x80, 0x5d, 0x81, 0xdd, 0x80, 0x5d, 0x5c, 0xdd, 0x80, 0x80, 0x2f, 0x2f, 0x85, 0xbd, 0x00, 0x48,
    0xd5, 0x9d, 0x21, 0x41, 0x02, 0xbe, 0x00, 0x48, 0xd5, 0x9d, 0x01, 0x41, 0x02, 0xbf, 0x00, 0x1b, 0xd5, 0x01, 0x0f,
    0x01, 0x00, 0xc0, 0x6a, 0x10, 0xd7, 0x87, 0x7e, 0x03, 0x00, 0xbf, 0x81, 0x7f, 0x27, 0xc0, 0x00, 0x48, 0xd5, 0xbf,
    0x03, 0x05, 0x02, 0xbf, 0x00, 0x48, 0xd5, 0xbf, 0x01, 0x05, 0x02, 0xfa, 0x02, 0x7a, 0x7f, 0xbd, 0xff, 0x00, 0xff,
    0xfa, 0x02, 0x7c, 0x7f, 0xbe, 0xff, 0x00, 0xff, 0xbd, 0x6a, 0x0f, 0xd7, 0xbd, 0x81, 0x03, 0x00, 0xbe, 0x6a, 0x0f,
    0xd7, 0xbe, 0x7f, 0x03, 0x00, 0xfa, 0x02, 0x7e, 0x7f, 0x9d, 0xaa, 0x00, 0xff, 0x34, 0x00, 0xc6, 0xd4, 0xbf, 0x19,
    0x00, 0x00, 0xbf, 0x6a, 0x10, 0xd7, 0xbf, 0xbf, 0x00, 0x00, 0xbf, 0x00, 0x69, 0xd5, 0xbf, 0x85, 0x00, 0x00, 0xa1,
    0x00, 0x42, 0xd5, 0xbd, 0x43, 0xf8, 0x06, 0x82, 0x42, 0x43, 0x35, 0xa1, 0x6a, 0x0f, 0xd7, 0xa1, 0x7f, 0x03, 0x00,
    0x3a, 0x00, 0xc6, 0xd4, 0xbe, 0x43, 0x00, 0x00, 0x3a, 0x34, 0xb8, 0x88, 0x36, 0x00, 0xc6, 0xd4, 0xbd, 0x41, 0x00,
    0x00, 0x38, 0x36, 0xb4, 0x88, 0xa1, 0x00, 0x01, 0xd5, 0xa1, 0x83, 0xd1, 0x00, 0xbd, 0x00, 0x48, 0xd5, 0x9d, 0x21,
    0x41, 0x02, 0xbe, 0x00, 0x48, 0xd5, 0x9d, 0x01, 0x41, 0x02, 0xbf, 0x00, 0x1b, 0xd5, 0x01, 0x0f, 0x01, 0x00, 0xc0,
    0x6a, 0x10, 0xd7, 0x87, 0x7e, 0x03, 0x00, 0xbf, 0x81, 0x7f, 0x27, 0xc0, 0x00, 0x48, 0xd5, 0xbf, 0x03, 0x05, 0x02,
    0xbf, 0x00, 0x48, 0xd5, 0xbf, 0x01, 0x05, 0x02, 0xfa, 0x02, 0x7a, 0x7f, 0xbd, 0x55, 0x00, 0xff, 0xfa, 0x02, 0x7c,
    0x7f, 0xbe, 0x55, 0x00, 0xff, 0xbd, 0x6a, 0x0f, 0xd7, 0xbd, 0x81, 0x03, 0x00, 0xbe, 0x6a, 0x0f, 0xd7, 0xbe, 0x7f,
    0x03, 0x00, 0xfa, 0x02, 0x7e, 0x7f, 0x9d, 0x00, 0x00, 0xff, 0x34, 0x00, 0xc6, 0xd4, 0xbf, 0x19, 0x00, 0x00, 0xbf,
    0x6a, 0x10, 0xd7, 0xbf, 0xbf, 0x00, 0x00, 0xbf, 0x00, 0x69, 0xd5, 0xbf, 0x85, 0x00, 0x00, 0x9d, 0x00, 0x42, 0xd5,
    0xbd, 0x43, 0xf8, 0x06, 0x82, 0x3a, 0x3b, 0x35, 0x9d, 0x6a, 0x0f, 0xd7, 0x9d, 0x7f, 0x03, 0x00, 0x3a, 0x00, 0xc6,
    0xd4, 0xbe, 0x43, 0x00, 0x00, 0x3a, 0x34, 0xb8, 0x88, 0x36, 0x00, 0xc6, 0xd4, 0xbd, 0x41, 0x00, 0x00, 0x38, 0x36,
    0xb4, 0x88, 0x9d, 0x00, 0x01, 0xd5, 0x9d, 0x83, 0xd1, 0x00, 0xbb, 0x00, 0x1b, 0xd5, 0x01, 0x7f, 0x01, 0x00, 0x82,
    0x76, 0x77, 0x35, 0x00, 0x00, 0x8a, 0xbf, 0x00, 0x10, 0x30, 0xe0, 0xbb, 0xbb, 0x0c, 0x80, 0x0a, 0x04, 0xea, 0xbe,
    0x0f, 0xfa, 0x82, 0xbf, 0x00, 0x00, 0x81, 0xbf, 0x00, 0x00, 0x80, 0xbf, 0x00, 0x00, 0x80, 0xbf, 0x00, 0x00, 0x80,
    0xbf, 0x00, 0x00, 0x80, 0xbf, 0x00, 0x00, 0x80, 0xbf, 0x00, 0x00, 0x80, 0xbf, 0x00, 0x00, 0x80, 0xbf, 0x00, 0x00,
    0x80, 0xbf, 0x00, 0x00, 0x80, 0xbf, 0x00, 0x00, 0x80, 0xbf, 0x00, 0x00, 0x80, 0xbf, 0x00, 0x00, 0x80, 0xbf, 0x00,
    0x00, 0x80, 0xbf, 0x00, 0x00, 0x80, 0xbf, 0x00, 0x00, 0x80, 0xbf, 0x00, 0x00, 0x80, 0xbf, 0x00, 0x00, 0x80, 0xbf,
    0x00, 0x00, 0x80, 0xbf, 0x00, 0x00, 0x80, 0xbf, 0x00, 0x00, 0x80, 0xbf, 0x00, 0x00, 0x80, 0xbf, 0x00, 0x00, 0x80,
    0xbf, 0x00, 0x00, 0x80, 0xbf, 0x00, 0x00, 0x80, 0xbf, 0x00, 0x00, 0x80, 0xbf, 0x00, 0x00, 0x80, 0xbf, 0x00, 0x00,
    0x80, 0xbf, 0x00, 0x00, 0x80, 0xbf, 0x00, 0x00, 0x80, 0xbf, 0x00, 0x00, 0x80, 0xbf, 0x00, 0x00, 0x80, 0xbf, 0x00,
    0x00, 0x80, 0xbf, 0x00, 0x00, 0x80, 0xbf, 0x00, 0x00, 0x80, 0xbf, 0x00, 0x00, 0x80, 0xbf, 0x00, 0x00, 0x80, 0xbf,
    0x00, 0x00, 0x80, 0xbf, 0x00, 0x00, 0x80, 0xbf, 0x00, 0x00, 0x80, 0xbf, 0x00, 0x00, 0x80, 0xbf, 0x00, 0x00, 0x80,
    0xbf, 0x00, 0x00, 0x80, 0xbf, 0x00, 0x00, 0x80, 0xbf, 0x00, 0x00, 0x80, 0xbf, 0x00, 0x00, 0x80, 0xbf, 0x00, 0x00,
    0x80, 0xbf, 0x00, 0x00, 0x80, 0xbf, 0x00, 0x00, 0x80, 0xbf, 0x00, 0x00, 0x80, 0xbf, 0x00, 0x00, 0x80, 0xbf, 0x00,
    0x00, 0x80, 0xbf, 0x00, 0x00, 0x80, 0xbf, 0x00, 0x00, 0x80, 0xbf, 0x00, 0x00, 0x80, 0xbf, 0x00, 0x00, 0x80, 0xbf,
    0x00, 0x00, 0x80, 0xbf, 0x00, 0x00, 0x80, 0xbf, 0x00, 0x00, 0x80, 0xbf, 0x00, 0x00, 0x80, 0xbf, 0x00, 0x00, 0x80,
    0xbf, 0x00, 0x00, 0x80, 0xbf, 0x00, 0x00, 0x80, 0xbf, 0x00, 0x00, 0x80, 0xbf, 0x00, 0x00, 0x80, 0xbf, 0x00, 0x00,
    0x9f, 0xbf, 0x00, 0x00, 0x9f, 0xbf, 0x00, 0x00, 0x9f, 0xbf, 0x00, 0x00, 0x9f, 0xbf, 0x00, 0x00, 0x9f, 0xbf, 0x00,
    0x00, 0x00, 0x00, 0x00, 0x5f, 0x61, 0x6d, 0x64, 0x67, 0x70, 0x75, 0x5f, 0x63, 0x73, 0x5f, 0x6d, 0x61, 0x69, 0x6e,
    0x00, 0x00, 0x00, 0x00, 0x00, 0x00, 0x00, 0x00, 0x00, 0x00, 0x00, 0x00, 0x00, 0x00, 0x00, 0x00, 0x00, 0x00, 0x00,
    0x00, 0x00, 0x00, 0x00, 0x00, 0x00, 0x01, 0x00, 0x00, 0x00, 0x02, 0x00, 0x02, 0x00, 0x00, 0x00, 0x00, 0x00, 0x00,
    0x00, 0x00, 0x00, 0xa0, 0x53, 0x00, 0x00, 0x00, 0x00, 0x00, 0x00, 0x07, 0x00, 0x00, 0x00, 0xd6, 0x01, 0x00, 0x00,
    0x20, 0x00, 0x00, 0x00, 0x41, 0x4d, 0x44, 0x47, 0x50, 0x55, 0x00, 0x00, 0x82, 0xae, 0x61, 0x6d, 0x64, 0x70, 0x61,
    0x6c, 0x2e, 0x76, 0x65, 0x72, 0x73, 0x69, 0x6f, 0x6e, 0x92, 0x02, 0x06, 0xb0, 0x61, 0x6d, 0x64, 0x70, 0x61, 0x6c,
    0x2e, 0x70, 0x69, 0x70, 0x65, 0x6c, 0x69, 0x6e, 0x65, 0x73, 0x91, 0x88, 0xa5, 0x2e, 0x6e, 0x61, 0x6d, 0x65, 0xbf,
    0x43, 0x6f, 0x6e, 0x76, 0x33, 0x78, 0x33, 0x45, 0x6c, 0x66, 0x5f, 0x47, 0x66, 0x78, 0x31, 0x30, 0x5f, 0x46, 0x70,
    0x33, 0x32, 0x53, 0x74, 0x72, 0x69, 0x64, 0x65, 0x32, 0x44, 0x65, 0x63, 0xa5, 0x2e, 0x74, 0x79, 0x70, 0x65, 0xa2,
    0x43, 0x73, 0xb7, 0x2e, 0x69, 0x6e, 0x74, 0x65, 0x72, 0x6e, 0x61, 0x6c, 0x5f, 0x70, 0x69, 0x70, 0x65, 0x6c, 0x69,
    0x6e, 0x65, 0x5f, 0x68, 0x61, 0x73, 0x68, 0x92, 0xcf, 0x0f, 0x06, 0xc7, 0x22, 0x6c, 0xf4, 0x63, 0xdf, 0xcf, 0x0f,
    0x06, 0xc7, 0x22, 0x6c, 0xf4, 0x63, 0xdf, 0xa8, 0x2e, 0x73, 0x68, 0x61, 0x64, 0x65, 0x72, 0x73, 0x81, 0xa8, 0x2e,
    0x63, 0x6f, 0x6d, 0x70, 0x75, 0x74, 0x65, 0x82, 0xb0, 0x2e, 0x61, 0x70, 0x69, 0x5f, 0x73, 0x68, 0x61, 0x64, 0x65,
    0x72, 0x5f, 0x68, 0x61, 0x73, 0x68, 0x92, 0xcf, 0xaa, 0xf0, 0xda, 0x5c, 0xfb, 0x5b, 0xa0, 0x18, 0xcf, 0xc6, 0x04,
    0xb9, 0x83, 0xf4, 0x5d, 0x67, 0x3a, 0xb1, 0x2e, 0x68, 0x61, 0x72, 0x64, 0x77, 0x61, 0x72, 0x65, 0x5f, 0x6d, 0x61,
    0x70, 0x70, 0x69, 0x6e, 0x67, 0x91, 0xa3, 0x2e, 0x63, 0x73, 0xb0, 0x2e, 0x68, 0x61, 0x72, 0x64, 0x77, 0x61, 0x72,
    0x65, 0x5f, 0x73, 0x74, 0x61, 0x67, 0x65, 0x73, 0x81, 0xa3, 0x2e, 0x63, 0x73, 0x86, 0xac, 0x2e, 0x65, 0x6e, 0x74,
    0x72, 0x79, 0x5f, 0x70, 0x6f, 0x69, 0x6e, 0x74, 0xaf, 0x5f, 0x61, 0x6d, 0x64, 0x67, 0x70, 0x75, 0x5f, 0x63, 0x73,
    0x5f, 0x6d, 0x61, 0x69, 0x6e, 0xa9, 0x2e, 0x6c, 0x64, 0x73, 0x5f, 0x73, 0x69, 0x7a, 0x65, 0xcd, 0x20, 0x00, 0xab,
    0x2e, 0x73, 0x67, 0x70, 0x72, 0x5f, 0x63, 0x6f, 0x75, 0x6e, 0x74, 0x62, 0xab, 0x2e, 0x76, 0x67, 0x70, 0x72, 0x5f,
    0x63, 0x6f, 0x75, 0x6e, 0x74, 0xcc, 0xc7, 0xb7, 0x2e, 0x74, 0x68, 0x72, 0x65, 0x61, 0x64, 0x67, 0x72, 0x6f, 0x75,
    0x70, 0x5f, 0x64, 0x69, 0x6d, 0x65, 0x6e, 0x73, 0x69, 0x6f, 0x6e, 0x73, 0x93, 0xcd, 0x01, 0x00, 0x01, 0x01, 0xaf,
    0x2e, 0x77, 0x61, 0x76, 0x65, 0x66, 0x72, 0x6f, 0x6e, 0x74, 0x5f, 0x73, 0x69, 0x7a, 0x65, 0x40, 0xaa, 0x2e, 0x72,
    0x65, 0x67, 0x69, 0x73, 0x74, 0x65, 0x72, 0x73, 0x8d, 0xcd, 0x2e, 0x12, 0xcd, 0x03, 0x31, 0xcd, 0x2e, 0x13, 0xce,
    0x00, 0x40, 0x08, 0x90, 0xcd, 0x2e, 0x28, 0x00, 0xcd, 0x2e, 0x2a, 0xce, 0xf5, 0x3c, 0xcb, 0x1d, 0xcd, 0x2e, 0x07,
    0xce, 0x01, 0x00, 0x01, 0x00, 0xcd, 0x2e, 0x08, 0xce, 0x00, 0x01, 0x00, 0x01, 0xcd, 0x2e, 0x09, 0xce, 0x00, 0x01,
    0x00, 0x01, 0xcd, 0x2e, 0x42, 0x00, 0xcd, 0x2e, 0x43, 0x01, 0xcd, 0x2e, 0x44, 0x02, 0xcd, 0x2e, 0x45, 0x03, 0xcd,
    0x2e, 0x46, 0x04, 0xcd, 0x2e, 0x47, 0x05, 0xb0, 0x2e, 0x75, 0x73, 0x65, 0x72, 0x5f, 0x64, 0x61, 0x74, 0x61, 0x5f,
    0x6c, 0x69, 0x6d, 0x69, 0x74, 0x06, 0xb0, 0x2e, 0x73, 0x70, 0x69, 0x6c, 0x6c, 0x5f, 0x74, 0x68, 0x72, 0x65, 0x73,
    0x68, 0x6f, 0x6c, 0x64, 0xcd, 0xff, 0xff, 0x00, 0x00, 0x00, 0x00, 0x00, 0x00, 0x00, 0x00, 0x00, 0x00, 0x00, 0x00,
    0x00, 0x00, 0x00, 0x00, 0x00, 0x00, 0x00, 0x00, 0x00, 0x00, 0x00, 0x00, 0x00, 0x00, 0x00, 0x00, 0x00, 0x00, 0x00,
    0x00, 0x00, 0x00, 0x00, 0x00, 0x00, 0x00, 0x00, 0x00, 0x00, 0x00, 0x00, 0x00, 0x00, 0x00, 0x00, 0x00, 0x00, 0x00,
    0x00, 0x00, 0x00, 0x00, 0x00, 0x00, 0x00, 0x00, 0x00, 0x00, 0x00, 0x00, 0x00, 0x00, 0x00, 0x00, 0x01, 0x00, 0x00,
    0x00, 0x03, 0x00, 0x00, 0x00, 0x00, 0x00, 0x00, 0x00, 0x00, 0x00, 0x00, 0x00, 0x00, 0x00, 0x00, 0x00, 0x00, 0x00,
    0x00, 0x00, 0x40, 0x00, 0x00, 0x00, 0x00, 0x00, 0x00, 0x00, 0x27, 0x00, 0x00, 0x00, 0x00, 0x00, 0x00, 0x00, 0x00,
    0x00, 0x00, 0x00, 0x00, 0x00, 0x00, 0x00, 0x00, 0x00, 0x00, 0x00, 0x00, 0x00, 0x00, 0x00, 0x00, 0x00, 0x00, 0x00,
    0x00, 0x00, 0x00, 0x00, 0x0b, 0x00, 0x00, 0x00, 0x01, 0x00, 0x00, 0x00, 0x06, 0x00, 0x00, 0x00, 0x00, 0x00, 0x00,
    0x00, 0x00, 0x00, 0x00, 0x00, 0x00, 0x00, 0x00, 0x00, 0x67, 0x00, 0x00, 0x00, 0x00, 0x00, 0x00, 0x00, 0xa0, 0x53,
    0x00, 0x00, 0x00, 0x00, 0x00, 0x00, 0x00, 0x00, 0x00, 0x00, 0x00, 0x00, 0x00, 0x00, 0x00, 0x01, 0x00, 0x00, 0x00,
    0x00, 0x00, 0x00, 0x00, 0x00, 0x00, 0x00, 0x00, 0x00, 0x00, 0x00, 0x11, 0x00, 0x00, 0x00, 0x03, 0x00, 0x00, 0x00,
    0x00, 0x00, 0x00, 0x00, 0x00, 0x00, 0x00, 0x00, 0x00, 0x00, 0x00, 0x00, 0x00, 0x00, 0x00, 0x00, 0x07, 0x54, 0x00,
    0x00, 0x00, 0x00, 0x00, 0x00, 0x11, 0x00, 0x00, 0x00, 0x00, 0x00, 0x00, 0x00, 0x00, 0x00, 0x00, 0x00, 0x00, 0x00,
    0x00, 0x00, 0x00, 0x00, 0x00, 0x00, 0x00, 0x00, 0x00, 0x00, 0x00, 0x00, 0x00, 0x00, 0x00, 0x00, 0x00, 0x00, 0x19,
    0x00, 0x00, 0x00, 0x02, 0x00, 0x00, 0x00, 0x00, 0x00, 0x00, 0x00, 0x00, 0x00, 0x00, 0x00, 0x00, 0x00, 0x00, 0x00,
    0x00, 0x00, 0x00, 0x00, 0x18, 0x54, 0x00, 0x00, 0x00, 0x00, 0x00, 0x00, 0x30, 0x00, 0x00, 0x00, 0x00, 0x00, 0x00,
    0x00, 0x03, 0x00, 0x00, 0x00, 0x00, 0x00, 0x00, 0x00, 0x00, 0x00, 0x00, 0x00, 0x00, 0x00, 0x00, 0x00, 0x18, 0x00,
    0x00, 0x00, 0x00, 0x00, 0x00, 0x00, 0x21, 0x00, 0x00, 0x00, 0x07, 0x00, 0x00, 0x00, 0x00, 0x00, 0x00, 0x00, 0x00,
    0x00, 0x00, 0x00, 0x00, 0x00, 0x00, 0x00, 0x00, 0x00, 0x00, 0x00, 0x48, 0x54, 0x00, 0x00, 0x00, 0x00, 0x00, 0x00,
    0xec, 0x01, 0x00, 0x00, 0x00, 0x00, 0x00, 0x00, 0x00, 0x00, 0x00, 0x00, 0x00, 0x00, 0x00, 0x00, 0x00, 0x00, 0x00,
    0x00, 0x00, 0x00, 0x00, 0x00, 0x00, 0x00, 0x00, 0x00, 0x00, 0x00, 0x00, 0x00,
    },
    .m_kernelName = {},
    .m_compilerVersion = {},
    .m_codeObjectVersion = 0,
    .m_isRelocatable = true,
    .m_shaderType = ShaderTypesFlags::UNKNOWN
};

// 21_1/NAVI14_fp32_dstride2.sp3
// Assembled for gfx10. It supports backward convolutions for FP32 tensors with stride = 2.
constexpr StaticShaderType<22292> ConvWinogradElf_Gfx10_Fp32Stride2Dil =
{
    .m_binary = {
    0x7f, 0x45, 0x4c, 0x46, 0x02, 0x01, 0x01, 0x41, 0x00, 0x00, 0x00, 0x00, 0x00, 0x00, 0x00, 0x00, 0x01, 0x00, 0xe0,
    0x00, 0x01, 0x00, 0x00, 0x00, 0x00, 0x00, 0x00, 0x00, 0x00, 0x00, 0x00, 0x00, 0x00, 0x00, 0x00, 0x00, 0x00, 0x00,
    0x00, 0x00, 0x94, 0x55, 0x00, 0x00, 0x00, 0x00, 0x00, 0x00, 0x35, 0x00, 0x00, 0x00, 0x40, 0x00, 0x00, 0x00, 0x00,
    0x00, 0x40, 0x00, 0x06, 0x00, 0x01, 0x00, 0x00, 0x2e, 0x73, 0x68, 0x73, 0x74, 0x72, 0x74, 0x61, 0x62, 0x00, 0x2e,
    0x74, 0x65, 0x78, 0x74, 0x00, 0x2e, 0x73, 0x74, 0x72, 0x74, 0x61, 0x62, 0x00, 0x2e, 0x73, 0x79, 0x6d, 0x74, 0x61,
    0x62, 0x00, 0x2e, 0x6e, 0x6f, 0x74, 0x65, 0x00, 0x04, 0x20, 0x80, 0xb0, 0x03, 0x00, 0xa0, 0xbf, 0x00, 0x03, 0x02,
    0x7e, 0x80, 0x03, 0x80, 0xbe, 0x80, 0x03, 0x81, 0xbe, 0x80, 0x03, 0x82, 0xbe, 0x80, 0x03, 0x83, 0xbe, 0x80, 0x02,
    0x76, 0x7f, 0xff, 0x03, 0xfc, 0xbe, 0xff, 0xff, 0x01, 0x00, 0xff, 0x03, 0xe1, 0xbe, 0xe0, 0xc1, 0x00, 0x00, 0xff,
    0x03, 0xe0, 0xbe, 0xe0, 0xc1, 0x00, 0x00, 0xff, 0x00, 0x7a, 0x37, 0xc0, 0x00, 0x00, 0x00, 0x01, 0x6a, 0x0f, 0xd7,
    0x00, 0x7b, 0x03, 0x00, 0x80, 0x03, 0xdb, 0xbe, 0x82, 0x02, 0x7c, 0x35, 0xbe, 0x6a, 0x0f, 0xd7, 0xff, 0x7c, 0x03,
    0x00, 0xc0, 0xff, 0x00, 0x00, 0x8c, 0x02, 0x8c, 0x7d, 0x05, 0x00, 0x86, 0xbf, 0x80, 0x02, 0x7a, 0x7f, 0xc1, 0x7c,
    0x7d, 0x03, 0x00, 0x00, 0x34, 0xd8, 0xbe, 0xbd, 0x00, 0x00, 0x00, 0x00, 0x8c, 0xbf, 0x00, 0x00, 0x8a, 0xbf, 0x01,
    0x05, 0x68, 0x7e, 0x34, 0x85, 0x34, 0x90, 0x34, 0x88, 0x34, 0x80, 0x34, 0x94, 0x5c, 0x87, 0x06, 0x04, 0xa8, 0xbe,
    0x14, 0x03, 0x10, 0xf4, 0x00, 0x00, 0x00, 0xfa, 0x14, 0x07, 0x08, 0xf4, 0x40, 0x00, 0x00, 0xfa, 0x14, 0x08, 0x04,
    0xf4, 0x50, 0x00, 0x00, 0xfa, 0x7f, 0xc0, 0x8c, 0xbf, 0x12, 0x86, 0x0d, 0xbf, 0x10, 0x00, 0x84, 0xbf, 0x15, 0xff,
    0x15, 0x87, 0xff, 0xff, 0x00, 0x00, 0x17, 0xff, 0x17, 0x87, 0xff, 0xff, 0x00, 0x00, 0x19, 0xff, 0x19, 0x87, 0xff,
    0xff, 0x00, 0x00, 0x1b, 0xff, 0x1b, 0x87, 0xff, 0xff, 0x00, 0x00, 0x0a, 0x05, 0x04, 0xf4, 0x00, 0x00, 0x00, 0xfa,
    0x8b, 0x05, 0x04, 0xf4, 0x00, 0x00, 0x00, 0xfa, 0x0c, 0x06, 0x04, 0xf4, 0x00, 0x00, 0x00, 0xfa, 0x8d, 0x06, 0x04,
    0xf4, 0x00, 0x00, 0x00, 0xfa, 0x12, 0x87, 0x0d, 0xbf, 0x02, 0x00, 0x84, 0xbf, 0x94, 0x08, 0x04, 0xf4, 0x58, 0x00,
    0x00, 0xfa, 0xf2, 0x03, 0xa4, 0xbe, 0x12, 0x88, 0x0d, 0xbf, 0x02, 0x00, 0x84, 0xbf, 0x14, 0x09, 0x00, 0xf4, 0x60,
    0x00, 0x00, 0xfa, 0x0e, 0x0f, 0x2a, 0x93, 0xc1, 0x90, 0x2e, 0x90, 0x2e, 0x2a, 0x2e, 0x87, 0x2a, 0x90, 0x2f, 0x90,
    0x2f, 0x0d, 0x2f, 0x93, 0x2e, 0x0d, 0x2c, 0x93, 0x2f, 0x90, 0x2e, 0x8f, 0x2f, 0x90, 0x2f, 0x90, 0x2e, 0x2c, 0x2c,
    0x80, 0x2f, 0x80, 0x2d, 0x82, 0x2c, 0x82, 0x41, 0x8f, 0x2a, 0x82, 0x44, 0x8f, 0x20, 0x21, 0x2b, 0x93, 0xc1, 0x90,
    0x2e, 0x90, 0x2e, 0x2b, 0x2e, 0x87, 0x2b, 0x90, 0x2f, 0x90, 0x2f, 0x10, 0x2f, 0x93, 0x2e, 0x10, 0x2c, 0x93, 0x2f,
    0x90, 0x2e, 0x8f, 0x2f, 0x90, 0x2f, 0x90, 0x2e, 0x2c, 0x2c, 0x80, 0x2f, 0x80, 0x2d, 0x82, 0x2c, 0x82, 0x42, 0x8f,
    0x2b, 0x82, 0x43, 0x8f, 0x12, 0x87, 0x0d, 0xbf, 0x07, 0x00, 0x84, 0xbf, 0x12, 0x86, 0x0d, 0xbf, 0x05, 0x00, 0x84,
    0xbf, 0x7f, 0xc0, 0x8c, 0xbf, 0x23, 0xff, 0x23, 0x87, 0xff, 0xff, 0x00, 0x00, 0x91, 0x08, 0x04, 0xf4, 0x00, 0x00,
    0x00, 0xfa, 0x12, 0xff, 0x12, 0x87, 0xff, 0xff, 0x00, 0x00, 0x12, 0x8d, 0x0d, 0xbf, 0x02, 0x00, 0x84, 0xbf, 0x14,
    0x0c, 0x0c, 0xf4, 0x68, 0x00, 0x00, 0xfa, 0x1c, 0x1d, 0x2a, 0x93, 0x2a, 0x82, 0x2a, 0x8f, 0x12, 0x82, 0x0d, 0xbf,
    0x10, 0x0d, 0x2b, 0x85, 0xc1, 0x90, 0x2c, 0x90, 0x2c, 0x2a, 0x2c, 0x87, 0x2a, 0x90, 0x2d, 0x90, 0x2d, 0x2b, 0x2d,
    0x93, 0x2c, 0x2b, 0x38, 0x93, 0x2d, 0x90, 0x2c, 0x8f, 0x2d, 0x90, 0x2d, 0x90, 0x2c, 0x38, 0x38, 0x80, 0x2d, 0x80,
    0x39, 0x82, 0x38, 0x03, 0xab, 0xbe, 0x12, 0x82, 0x0d, 0xbf, 0x2b, 0x2a, 0x2c, 0x85, 0x2a, 0x2b, 0x5a, 0x85, 0xff,
    0x02, 0x86, 0x7d, 0x00, 0x01, 0x00, 0x00, 0x81, 0xfb, 0x06, 0xbf, 0x2c, 0x44, 0x44, 0x85, 0x7f, 0xc0, 0x8c, 0xbf,
    0x15, 0xff, 0x15, 0x87, 0xff, 0xff, 0x00, 0x00, 0x17, 0xff, 0x17, 0x87, 0xff, 0xff, 0x00, 0x00, 0x19, 0xff, 0x19,
    0x87, 0xff, 0xff, 0x00, 0x00, 0x1b, 0xff, 0x1b, 0x87, 0xff, 0xff, 0x00, 0x00, 0x23, 0xff, 0x23, 0x87, 0xff, 0xff,
    0x00, 0x00, 0x12, 0x8d, 0x0d, 0xbf, 0x08, 0x00, 0x84, 0xbf, 0x14, 0x30, 0x14, 0x80, 0x15, 0x31, 0x15, 0x82, 0x16,
    0x32, 0x16, 0x80, 0x17, 0x33, 0x17, 0x82, 0x18, 0x34, 0x18, 0x80, 0x19, 0x35, 0x19, 0x82, 0x22, 0x36, 0x22, 0x80,
    0x23, 0x37, 0x23, 0x82, 0x81, 0x1e, 0x2c, 0x87, 0x20, 0x81, 0x2c, 0x82, 0x2c, 0x81, 0x2c, 0x91, 0x2c, 0x81, 0x2a,
    0x80, 0xff, 0x02, 0x04, 0x7e, 0x00, 0x00, 0x00, 0x80, 0x02, 0x00, 0x6a, 0xd5, 0x02, 0x55, 0x00, 0x00, 0x02, 0x05,
    0x54, 0x7e, 0x81, 0x1f, 0x2c, 0x8a, 0x21, 0x81, 0x2c, 0x82, 0x2c, 0x81, 0x2c, 0x91, 0x2c, 0x81, 0x2b, 0x80, 0xff,
    0x02, 0x04, 0x7e, 0x00, 0x00, 0x00, 0x80, 0x02, 0x00, 0x6a, 0xd5, 0x02, 0x57, 0x00, 0x00, 0x02, 0x05, 0x56, 0x7e,
    0x80, 0x2b, 0xcb, 0x80, 0x80, 0x2a, 0xca, 0x80, 0x1c, 0x82, 0x3c, 0x80, 0xff, 0x02, 0x04, 0x7e, 0x56, 0x55, 0x55,
    0x55, 0x02, 0x00, 0x6a, 0xd5, 0x02, 0x79, 0x00, 0x00, 0x02, 0x05, 0x78, 0x7e, 0x1d, 0x82, 0x3d, 0x80, 0xff, 0x02,
    0x04, 0x7e, 0x56, 0x55, 0x55, 0x55, 0x02, 0x00, 0x6a, 0xd5, 0x02, 0x7b, 0x00, 0x00, 0x02, 0x05, 0x7a, 0x7e, 0x02,
    0x00, 0x42, 0xd5, 0x83, 0x78, 0x08, 0x03, 0x02, 0x6a, 0x10, 0xd7, 0x02, 0x39, 0x00, 0x00, 0x02, 0x6a, 0x28, 0xd5,
    0x80, 0x00, 0xa9, 0x01, 0x02, 0x05, 0x58, 0x7e, 0x2c, 0x81, 0x2c, 0x87, 0x2c, 0x3c, 0x2c, 0x87, 0x3c, 0x2c, 0x3c,
    0x80, 0x01, 0x05, 0x5a, 0x7e, 0x2d, 0xc0, 0x30, 0x87, 0xff, 0x80, 0x30, 0x85, 0x00, 0x00, 0x08, 0x00, 0x12, 0x30,
    0x12, 0x88, 0x44, 0x81, 0x45, 0x8f, 0x80, 0x04, 0xc6, 0xbe, 0x97, 0x1d, 0x92, 0xbe, 0x44, 0x03, 0xc5, 0xbe, 0x44,
    0x03, 0xc6, 0xbe, 0x80, 0x03, 0xc7, 0xbe, 0x3d, 0x81, 0x3d, 0x80, 0x3d, 0xc2, 0x3d, 0x87, 0x10, 0x00, 0x82, 0xbf,
    0x0d, 0x81, 0x30, 0x87, 0x80, 0xff, 0x30, 0x85, 0x00, 0x00, 0x00, 0x01, 0x12, 0x82, 0x0d, 0xbf, 0x80, 0x30, 0x30,
    0x85, 0x12, 0x30, 0x12, 0x88, 0x30, 0x80, 0x06, 0xbf, 0x44, 0x45, 0x45, 0x85, 0x44, 0x46, 0x46, 0x85, 0x80, 0x47,
    0x47, 0x85, 0x2d, 0x88, 0x0c, 0xbf, 0x30, 0x80, 0x30, 0x85, 0x30, 0x80, 0x06, 0xbf, 0x80, 0xff, 0x30, 0x85, 0x00,
    0x00, 0x08, 0x00, 0x12, 0x30, 0x12, 0x8a, 0x03, 0x00, 0x48, 0xd5, 0x01, 0x05, 0x19, 0x02, 0x81, 0x06, 0x6c, 0x2d,
    0x2d, 0x88, 0x0c, 0xbf, 0xff, 0x80, 0x30, 0x85, 0x00, 0x00, 0x00, 0x01, 0x30, 0xff, 0x30, 0x88, 0x00, 0x00, 0x10,
    0x00, 0x12, 0x30, 0x30, 0x87, 0x80, 0x8f, 0x30, 0x85, 0xb6, 0x00, 0x4a, 0xd5, 0x30, 0x06, 0xda, 0x06, 0x03, 0x00,
    0x48, 0xd5, 0x2d, 0x10, 0x05, 0x02, 0x03, 0x00, 0x1d, 0xd5, 0x03, 0x03, 0x01, 0x00, 0x03, 0x6d, 0x6d, 0x2d, 0x0c,
    0x2a, 0x58, 0x93, 0x58, 0x81, 0xd8, 0x80, 0x58, 0x80, 0x58, 0x90, 0x58, 0x81, 0x58, 0x80, 0xc1, 0x90, 0x2e, 0x90,
    0x2e, 0x58, 0x2e, 0x87, 0x58, 0x90, 0x2f, 0x90, 0x2f, 0x2b, 0x2f, 0x93, 0x2e, 0x2b, 0x58, 0x93, 0x2f, 0x90, 0x2e,
    0x8f, 0x2f, 0x90, 0x2f, 0x90, 0x2e, 0x58, 0x58, 0x80, 0x2f, 0x80, 0x59, 0x82, 0x58, 0x81, 0xd8, 0x80, 0x59, 0x80,
    0xd9, 0x82, 0x58, 0x85, 0xd8, 0x90, 0x58, 0x81, 0x58, 0x80, 0x59, 0x80, 0x59, 0x82, 0x08, 0x02, 0x08, 0x7e, 0x11,
    0x02, 0x0a, 0x7e, 0x83, 0x02, 0x0c, 0x36, 0x82, 0x0c, 0x84, 0x7d, 0x04, 0x0b, 0x08, 0x02, 0x81, 0x0c, 0x84, 0x7d,
    0x80, 0x6c, 0x0f, 0x02, 0x12, 0x94, 0x0d, 0xbf, 0x04, 0x00, 0x84, 0xbf, 0x05, 0x6a, 0x0f, 0xd7, 0xb6, 0x11, 0x01,
    0x00, 0x80, 0x0c, 0x84, 0x7d, 0x07, 0x0b, 0x0e, 0x02, 0x2e, 0x00, 0xc2, 0xd4, 0x83, 0x0c, 0x02, 0x00, 0xb4, 0x00,
    0x48, 0xd5, 0x07, 0x01, 0x15, 0x02, 0xb4, 0x00, 0x43, 0xd5, 0x04, 0x41, 0xd1, 0x06, 0x2b, 0x72, 0x12, 0x7e, 0x0a,
    0x00, 0x1a, 0xd5, 0x09, 0x57, 0x00, 0x00, 0xff, 0x14, 0x16, 0x36, 0x00, 0xff, 0xff, 0xff, 0xff, 0x14, 0x84, 0x7d,
    0x00, 0x00, 0x00, 0x80, 0x0b, 0x0d, 0x16, 0x7e, 0x0b, 0x55, 0x6a, 0x7f, 0xa0, 0x12, 0x10, 0x52, 0x0a, 0x23, 0x12,
    0x7e, 0x0b, 0x00, 0x4b, 0xd5, 0x0b, 0x6b, 0xcf, 0x03, 0x0b, 0x00, 0x4b, 0xd5, 0x09, 0x6b, 0x2f, 0x04, 0x0b, 0x6b,
    0x17, 0x5a, 0x00, 0x00, 0x00, 0x9f, 0xff, 0x16, 0x16, 0x10, 0x00, 0x00, 0x80, 0x5f, 0x80, 0x02, 0x12, 0x7e, 0x0b,
    0x00, 0x8d, 0xd5, 0x0b, 0x01, 0x00, 0x20, 0xb5, 0x00, 0x46, 0xd7, 0xb5, 0x13, 0x2d, 0x04, 0x09, 0x6a, 0x76, 0xd5,
    0x0a, 0x6b, 0x27, 0x04, 0xb5, 0x6a, 0x29, 0xd5, 0xb5, 0x83, 0xa9, 0x01, 0x09, 0x00, 0x6a, 0xd5, 0xb4, 0x6b, 0x03,
    0x00, 0xb5, 0x6a, 0x0f, 0xd7, 0x09, 0x69, 0x03, 0x00, 0x09, 0x6a, 0x28, 0xd5, 0x80, 0x00, 0xa9, 0x01, 0xa0, 0x10,
    0x84, 0x7d, 0xb5, 0x13, 0x6a, 0x03, 0xb5, 0x00, 0x4e, 0xd5, 0x09, 0x6b, 0x23, 0x04, 0xb3, 0x00, 0x42, 0xd5, 0xb5,
    0x97, 0xd0, 0x06, 0x85, 0x0e, 0x68, 0x2d, 0xb4, 0x00, 0x43, 0xd5, 0xb5, 0x03, 0xd1, 0x06, 0xb4, 0x00, 0x01, 0xd5,
    0xb4, 0x03, 0xb9, 0x00, 0x2a, 0x72, 0x12, 0x7e, 0x0a, 0x00, 0x1a, 0xd5, 0x09, 0x55, 0x00, 0x00, 0xff, 0x14, 0x16,
    0x36, 0x00, 0xff, 0xff, 0xff, 0xff, 0x14, 0x84, 0x7d, 0x00, 0x00, 0x00, 0x80, 0x0b, 0x0d, 0x16, 0x7e, 0x0b, 0x55,
    0x6a, 0x7f, 0xa0, 0x12, 0x10, 0x52, 0x0a, 0x23, 0x12, 0x7e, 0x0b, 0x00, 0x4b, 0xd5, 0x0b, 0x6b, 0xcf, 0x03, 0x0b,
    0x00, 0x4b, 0xd5, 0x09, 0x6b, 0x2f, 0x04, 0x0b, 0x6b, 0x17, 0x5a, 0x00, 0x00, 0x00, 0x9f, 0xff, 0x16, 0x16, 0x10,
    0x00, 0x00, 0x80, 0x5f, 0x80, 0x02, 0x12, 0x7e, 0x0b, 0x00, 0x8d, 0xd5, 0x0b, 0x01, 0x00, 0x20, 0xb5, 0x00, 0x46,
    0xd7, 0xb5, 0x13, 0x2d, 0x04, 0x09, 0x6a, 0x76, 0xd5, 0x0a, 0x6b, 0x27, 0x04, 0xb5, 0x6a, 0x29, 0xd5, 0xb5, 0x83,
    0xa9, 0x01, 0x09, 0x00, 0x6a, 0xd5, 0xb4, 0x6b, 0x03, 0x00, 0xb5, 0x6a, 0x0f, 0xd7, 0x09, 0x69, 0x03, 0x00, 0x09,
    0x6a, 0x28, 0xd5, 0x80, 0x00, 0xa9, 0x01, 0xa0, 0x10, 0x84, 0x7d, 0xb5, 0x13, 0x6a, 0x03, 0xb5, 0x00, 0x4e, 0xd5,
    0x09, 0x6b, 0x23, 0x04, 0xb4, 0x00, 0x42, 0xd5, 0xb5, 0x95, 0xd0, 0x06, 0x4c, 0x00, 0x60, 0xd7, 0xb3, 0x05, 0x01,
    0x00, 0x4d, 0x00, 0x60, 0xd7, 0xb4, 0x05, 0x01, 0x00, 0x4e, 0x00, 0x60, 0xd7, 0xb5, 0x05, 0x01, 0x00, 0x4f, 0x00,
    0x60, 0xd7, 0xb4, 0x07, 0x01, 0x00, 0x50, 0x00, 0x60, 0xd7, 0xb5, 0x07, 0x01, 0x00, 0xb3, 0x6a, 0x0f, 0xd7, 0xb3,
    0x97, 0x00, 0x00, 0xb4, 0x6a, 0x0f, 0xd7, 0xb4, 0x95, 0x00, 0x00, 0xfa, 0x02, 0x6a, 0x7f, 0xb5, 0x05, 0x00, 0xff,
    0xfa, 0x02, 0x66, 0x7f, 0xb3, 0x05, 0x00, 0xff, 0xfa, 0x02, 0x68, 0x7f, 0xb4, 0x05, 0x00, 0xff, 0xff, 0x03, 0xaa,
    0xbe, 0x00, 0x00, 0x00, 0x80, 0xff, 0x03, 0xab, 0xbe, 0x00, 0x40, 0x01, 0x31, 0xff, 0x03, 0xae, 0xbe, 0x00, 0x00,
    0x00, 0x80, 0xff, 0x03, 0xaf, 0xbe, 0x00, 0x40, 0x01, 0x31, 0xff, 0x02, 0x86, 0x7d, 0x00, 0x01, 0x00, 0x00, 0x06,
    0x00, 0x87, 0xbf, 0xfa, 0x02, 0x6e, 0x3b, 0x01, 0xad, 0x00, 0xff, 0xb7, 0x6a, 0x19, 0xd7, 0x81, 0x6e, 0x03, 0x00,
    0xb7, 0x0b, 0x6e, 0x7f, 0x05, 0x00, 0x82, 0xbf, 0xfa, 0x02, 0x6e, 0x3b, 0x01, 0x46, 0x00, 0xff, 0xb7, 0x6a, 0x10,
    0xd7, 0x81, 0x6e, 0x03, 0x00, 0xb7, 0x0b, 0x6e, 0x7f, 0x81, 0x02, 0x70, 0x7f, 0xfa, 0x02, 0x70, 0x3b, 0x01, 0xee,
    0x00, 0xf4, 0xfa, 0x02, 0x70, 0x3b, 0x01, 0x44, 0x00, 0xf8, 0xb8, 0x6a, 0x19, 0xd7, 0x81, 0x70, 0x03, 0x00, 0x81,
    0x02, 0x72, 0x7f, 0xfa, 0x02, 0x72, 0x3b, 0x01, 0x6c, 0x00, 0xf2, 0xfa, 0x02, 0x72, 0x3b, 0x01, 0xc6, 0x00, 0xf4,
    0xb9, 0x6a, 0x19, 0xd7, 0x81, 0x72, 0x03, 0x00, 0xb8, 0x0b, 0x70, 0x7f, 0xb9, 0x0b, 0x72, 0x7f, 0xbd, 0x00, 0x16,
    0xd5, 0x82, 0xb8, 0x00, 0x00, 0x83, 0x02, 0x7c, 0x37, 0xbf, 0x00, 0x48, 0xd5, 0x01, 0x09, 0x0d, 0x02, 0xaf, 0x00,
    0x43, 0xd5, 0xbf, 0x09, 0xf9, 0x06, 0x84, 0x5e, 0x5f, 0x35, 0xa5, 0x00, 0x43, 0xd5, 0xbd, 0x09, 0xf9, 0x06, 0x84,
    0x4a, 0x4b, 0x35, 0xbd, 0x00, 0x48, 0xd5, 0x01, 0x05, 0x09, 0x02, 0x81, 0x7a, 0x7d, 0x37, 0xc0, 0x00, 0x43, 0xd5,
    0xbd, 0x21, 0xf9, 0x06, 0x86, 0x80, 0x81, 0x35, 0xa5, 0x81, 0x4b, 0x3b, 0xff, 0x7a, 0x81, 0x17, 0x00, 0x04, 0x00,
    0x00, 0xaf, 0x81, 0x5f, 0x3b, 0x5c, 0x81, 0x5c, 0x90, 0xff, 0x02, 0x86, 0x7d, 0x00, 0x01, 0x00, 0x00, 0x40, 0x00,
    0x87, 0xbf, 0x12, 0xff, 0x35, 0x87, 0x00, 0x00, 0x10, 0x01, 0x80, 0x80, 0x35, 0x82, 0x81, 0x02, 0x80, 0x2d, 0xbc,
    0x35, 0x34, 0x93, 0xbf, 0x34, 0xb4, 0x80, 0xc0, 0x00, 0x4a, 0xd5, 0x34, 0x02, 0x02, 0x07, 0x81, 0x80, 0x7b, 0x37,
    0xbe, 0x00, 0x48, 0xd5, 0xc0, 0x03, 0x05, 0x02, 0xbd, 0x7d, 0x7b, 0x3b, 0xbf, 0x00, 0x48, 0xd5, 0xc0, 0x07, 0x05,
    0x02, 0xbe, 0x00, 0x43, 0xd5, 0xbe, 0x05, 0xfd, 0x06, 0xff, 0x7a, 0x7b, 0x17, 0x18, 0x01, 0x00, 0x00, 0xbf, 0x00,
    0x48, 0xd5, 0xc0, 0x05, 0x05, 0x02, 0xbe, 0x00, 0x43, 0xd5, 0xbe, 0x05, 0xf5, 0x06, 0xbe, 0x7f, 0x7d, 0x3b, 0xff,
    0x80, 0x7f, 0x37, 0xf0, 0x00, 0x00, 0x00, 0xbe, 0x7f, 0x7d, 0x3b, 0x84, 0x35, 0x34, 0x93, 0x86, 0x34, 0xb4, 0x80,
    0xc0, 0x00, 0x48, 0xd5, 0x01, 0x69, 0x04, 0x02, 0xff, 0x80, 0x81, 0x17, 0x40, 0x10, 0x00, 0x00, 0xff, 0x7c, 0x51,
    0x3b, 0x14, 0x03, 0x00, 0x00, 0xff, 0x7c, 0x53, 0x3b, 0x1c, 0x03, 0x00, 0x00, 0x88, 0x7c, 0x55, 0x3b, 0x12, 0x80,
    0x0d, 0xbf, 0xc1, 0x80, 0xea, 0x85, 0xbe, 0x55, 0x4f, 0x03, 0xaa, 0x7d, 0x55, 0x03, 0xa7, 0x00, 0x43, 0xd5, 0x84,
    0x4e, 0x03, 0x07, 0xa8, 0x00, 0x43, 0xd5, 0x84, 0x50, 0x03, 0x07, 0xa9, 0x00, 0x43, 0xd5, 0x84, 0x52, 0x03, 0x07,
    0xaa, 0x00, 0x43, 0xd5, 0x84, 0x54, 0x03, 0x07, 0xff, 0x03, 0xb4, 0xbe, 0x40, 0x10, 0x00, 0x00, 0x12, 0xff, 0x35,
    0x87, 0x00, 0x00, 0x10, 0x01, 0xff, 0x34, 0x34, 0x85, 0x80, 0x00, 0x00, 0x00, 0xab, 0x6a, 0x0f, 0xd7, 0xa7, 0x69,
    0x00, 0x00, 0xac, 0x6a, 0x0f, 0xd7, 0xa8, 0x69, 0x00, 0x00, 0xad, 0x6a, 0x0f, 0xd7, 0xa9, 0x69, 0x00, 0x00, 0xae,
    0x6a, 0x0f, 0xd7, 0xaa, 0x69, 0x00, 0x00, 0x39, 0x00, 0x82, 0xbf, 0x12, 0xff, 0xb5, 0x93, 0x14, 0x00, 0x01, 0x00,
    0x81, 0x02, 0x80, 0x2d, 0xbc, 0x35, 0x34, 0x93, 0xbf, 0x34, 0xb4, 0x80, 0xc0, 0x00, 0x4a, 0xd5, 0x34, 0x02, 0x02,
    0x07, 0x81, 0x80, 0x7b, 0x37, 0xbe, 0x00, 0x48, 0xd5, 0xc0, 0x03, 0x05, 0x02, 0xbf, 0x00, 0x48, 0xd5, 0xc0, 0x07,
    0x05, 0x02, 0xbd, 0x7d, 0x7b, 0x3b, 0xbe, 0x00, 0x43, 0xd5, 0xbe, 0x05, 0xfd, 0x06, 0xff, 0x7a, 0x7b, 0x17, 0x09,
    0x01, 0x00, 0x00, 0xbf, 0x00, 0x48, 0xd5, 0xc0, 0x05, 0x05, 0x02, 0xbe, 0x00, 0x43, 0xd5, 0xbe, 0x05, 0xf5, 0x06,
    0xbe, 0x7f, 0x7d, 0x3b, 0xff, 0x80, 0x7f, 0x37, 0xf0, 0x00, 0x00, 0x00, 0xbe, 0x7f, 0x7d, 0x39, 0x84, 0x35, 0x34,
    0x93, 0x86, 0x34, 0xb4, 0x80, 0xc0, 0x00, 0x48, 0xd5, 0x01, 0x69, 0x04, 0x02, 0xff, 0x80, 0x81, 0x17, 0x40, 0x10,
    0x00, 0x00, 0xa7, 0x00, 0x43, 0xd5, 0x84, 0x7c, 0x03, 0x07, 0xff, 0x7c, 0x51, 0x3b, 0x07, 0x03, 0x00, 0x00, 0xa8,
    0x00, 0x43, 0xd5, 0x84, 0x50, 0x03, 0x07, 0xff, 0x7c, 0x53, 0x3b, 0x0f, 0x03, 0x00, 0x00, 0xa9, 0x00, 0x43, 0xd5,
    0x84, 0x52, 0x03, 0x07, 0x88, 0x7c, 0x55, 0x3b, 0xaa, 0x00, 0x43, 0xd5, 0x84, 0x54, 0x03, 0x07, 0xff, 0x03, 0xb4,
    0xbe, 0x40, 0x10, 0x00, 0x00, 0x12, 0x94, 0x0d, 0xbf, 0xff, 0x34, 0x34, 0x85, 0x80, 0x00, 0x00, 0x00, 0xab, 0x6a,
    0x0f, 0xd7, 0xa7, 0x69, 0x00, 0x00, 0xac, 0x6a, 0x0f, 0xd7, 0xa8, 0x69, 0x00, 0x00, 0xad, 0x6a, 0x0f, 0xd7, 0xa9,
    0x69, 0x00, 0x00, 0xae, 0x6a, 0x0f, 0xd7, 0xaa, 0x69, 0x00, 0x00, 0xb3, 0x6a, 0x19, 0xd7, 0x4c, 0x66, 0x03, 0x00,
    0x4b, 0x02, 0x7c, 0x7f, 0xb3, 0x7d, 0x03, 0x7d, 0xbd, 0x6a, 0x29, 0xd5, 0x80, 0x00, 0xa9, 0x01, 0xb3, 0x00, 0x42,
    0xd5, 0xbd, 0x97, 0xcc, 0x06, 0xb5, 0x00, 0x42, 0xd5, 0xbd, 0xa1, 0xd4, 0x06, 0xb4, 0x00, 0x42, 0xd5, 0xbd, 0x9f,
    0xd0, 0x06, 0x4a, 0x02, 0x7c, 0x7f, 0xb4, 0x7d, 0x03, 0x7d, 0xbd, 0x6a, 0x29, 0xd5, 0x80, 0x00, 0xa9, 0x01, 0xb5,
    0x6a, 0x0f, 0xd7, 0xb5, 0x7b, 0x03, 0x00, 0xb4, 0x00, 0x42, 0xd5, 0xbd, 0x7d, 0xd3, 0x06, 0xb4, 0x6a, 0x19, 0xd7,
    0x4d, 0x68, 0x03, 0x00, 0xb4, 0x7d, 0x03, 0x7d, 0xbd, 0x6a, 0x29, 0xd5, 0x80, 0x00, 0xa9, 0x01, 0xb5, 0x6a, 0x0f,
    0xd7, 0xb5, 0x7b, 0x03, 0x00, 0xb4, 0x00, 0x42, 0xd5, 0xbd, 0x95, 0xd0, 0x06, 0xb5, 0x6a, 0x19, 0xd7, 0x4e, 0x6a,
    0x03, 0x00, 0x80, 0x03, 0xbe, 0xbe, 0x1c, 0x03, 0xbf, 0xbe, 0x81, 0x03, 0xc0, 0xbe, 0x80, 0x03, 0xd4, 0xbe, 0x10,
    0x03, 0xd5, 0xbe, 0x55, 0x03, 0xd3, 0xbe, 0xc1, 0x5c, 0xdd, 0x80, 0x5d, 0x90, 0xdd, 0x80, 0x95, 0x1d, 0x92, 0xbe,
    0x80, 0x03, 0xaf, 0xbe, 0x80, 0x03, 0xb3, 0xbe, 0xbd, 0x6a, 0x0f, 0xd7, 0x82, 0x02, 0x02, 0x00, 0xbd, 0x00, 0x48,
    0xd5, 0xbd, 0x05, 0x05, 0x02, 0x6a, 0x00, 0xc5, 0xd4, 0xbd, 0x03, 0x01, 0x00, 0x6a, 0x04, 0x8a, 0xbe, 0x93, 0x03,
    0xde, 0xbe, 0x80, 0x03, 0xd2, 0xbe, 0x9a, 0x1d, 0x92, 0xbe, 0xd5, 0x0b, 0x26, 0xbb, 0xff, 0x02, 0x86, 0x7d, 0x00,
    0x01, 0x00, 0x00, 0x41, 0x00, 0x87, 0xbf, 0xde, 0x05, 0x82, 0xbf, 0x00, 0x00, 0x80, 0xbf, 0x00, 0x00, 0x80, 0xbf,
    0x00, 0x00, 0x80, 0xbf, 0x00, 0x00, 0x80, 0xbf, 0x00, 0x00, 0x80, 0xbf, 0x00, 0x00, 0x80, 0xbf, 0x00, 0x00, 0x80,
    0xbf, 0x00, 0x00, 0x80, 0xbf, 0x00, 0x00, 0x80, 0xbf, 0x00, 0x00, 0x80, 0xbf, 0x00, 0x00, 0x80, 0xbf, 0x00, 0x00,
    0x80, 0xbf, 0x00, 0x00, 0x80, 0xbf, 0x00, 0x00, 0x80, 0xbf, 0x00, 0x00, 0x80, 0xbf, 0x00, 0x00, 0x80, 0xbf, 0x00,
    0x00, 0x80, 0xbf, 0x00, 0x00, 0x80, 0xbf, 0x00, 0x00, 0x80, 0xbf, 0x00, 0x00, 0x80, 0xbf, 0x00, 0x00, 0x80, 0xbf,
    0x00, 0x00, 0x80, 0xbf, 0x00, 0x00, 0x80, 0xbf, 0x00, 0x00, 0x80, 0xbf, 0x00, 0x00, 0x80, 0xbf, 0x00, 0x00, 0x80,
    0xbf, 0x00, 0x00, 0x80, 0xbf, 0x00, 0x00, 0x80, 0xbf, 0x00, 0x00, 0x80, 0xbf, 0x00, 0x00, 0x80, 0xbf, 0x00, 0x00,
    0x80, 0xbf, 0x00, 0x00, 0x80, 0xbf, 0x00, 0x00, 0x80, 0xbf, 0x00, 0x00, 0x80, 0xbf, 0x00, 0x00, 0x80, 0xbf, 0x00,
    0x00, 0x80, 0xbf, 0x00, 0x00, 0x80, 0xbf, 0x00, 0x00, 0x80, 0xbf, 0x00, 0x00, 0x80, 0xbf, 0x00, 0x00, 0x80, 0xbf,
    0x00, 0x00, 0x80, 0xbf, 0x00, 0x00, 0x80, 0xbf, 0x00, 0x00, 0x80, 0xbf, 0x00, 0x00, 0x80, 0xbf, 0x00, 0x00, 0x80,
    0xbf, 0x00, 0x00, 0x80, 0xbf, 0x00, 0x00, 0x80, 0xbf, 0x00, 0x00, 0x80, 0xbf, 0x00, 0x00, 0x80, 0xbf, 0x00, 0x00,
    0x80, 0xbf, 0x00, 0x00, 0x80, 0xbf, 0x00, 0x00, 0x80, 0xbf, 0x00, 0x00, 0x80, 0xbf, 0x00, 0x00, 0x80, 0xbf, 0x00,
    0x00, 0x80, 0xbf, 0x00, 0x00, 0x80, 0xbf, 0x00, 0x00, 0x80, 0xbf, 0x00, 0x00, 0x80, 0xbf, 0x00, 0x00, 0x80, 0xbf,
    0x00, 0x00, 0x80, 0xbf, 0x00, 0x00, 0x80, 0xbf, 0x00, 0x00, 0x80, 0xbf, 0x00, 0x00, 0x80, 0xbf, 0x00, 0x00, 0x80,
    0xbf, 0x00, 0x00, 0x80, 0xbf, 0x71, 0x00, 0x05, 0xd5, 0x73, 0xe3, 0x02, 0x18, 0x45, 0xab, 0x04, 0x56, 0x46, 0xab,
    0x06, 0x56, 0x47, 0xab, 0x08, 0x56, 0x48, 0xab, 0x0a, 0x56, 0x49, 0xab, 0x0c, 0x56, 0x4a, 0xab, 0x0e, 0x56, 0x4b,
    0xab, 0x10, 0x56, 0x4c, 0xab, 0x12, 0x56, 0x74, 0x00, 0x05, 0xd5, 0x72, 0xe9, 0x02, 0x18, 0x45, 0xad, 0x14, 0x56,
    0x46, 0xad, 0x16, 0x56, 0x47, 0xad, 0x18, 0x56, 0x48, 0xad, 0x1a, 0x56, 0x49, 0xad, 0x1c, 0x56, 0x4a, 0xad, 0x1e,
    0x56, 0x4b, 0xad, 0x20, 0x56, 0x4c, 0xad, 0x22, 0x56, 0x72, 0x00, 0x03, 0xd5, 0x73, 0xe5, 0x02, 0x18, 0x45, 0xaf,
    0x24, 0x56, 0x46, 0xaf, 0x26, 0x56, 0x47, 0xaf, 0x28, 0x56, 0x48, 0xaf, 0x2a, 0x56, 0x49, 0xaf, 0x2c, 0x56, 0x4a,
    0xaf, 0x2e, 0x56, 0x4b, 0xaf, 0x30, 0x56, 0x4c, 0xaf, 0x32, 0x56, 0x73, 0x00, 0x4b, 0xd5, 0x73, 0xe5, 0xc9, 0x85,
    0x45, 0xb1, 0x34, 0x56, 0x46, 0xb1, 0x36, 0x56, 0x47, 0xb1, 0x38, 0x56, 0x48, 0xb1, 0x3a, 0x56, 0x49, 0xb1, 0x3c,
    0x56, 0x4a, 0xb1, 0x3e, 0x56, 0x4b, 0xb1, 0x40, 0x56, 0x4c, 0xb1, 0x42, 0x56, 0xfa, 0x6e, 0xe3, 0x56, 0x71, 0x5a,
    0x00, 0xff, 0x45, 0xb3, 0x44, 0x56, 0x46, 0xb3, 0x46, 0x56, 0x47, 0xb3, 0x48, 0x56, 0x48, 0xb3, 0x4a, 0x56, 0x49,
    0xb3, 0x4c, 0x56, 0x4a, 0xb3, 0x4e, 0x56, 0x4b, 0xb3, 0x50, 0x56, 0x4c, 0xb3, 0x52, 0x56, 0xfa, 0x6e, 0xe5, 0x56,
    0x72, 0x5a, 0x00, 0xff, 0x45, 0xb5, 0x54, 0x56, 0x46, 0xb5, 0x56, 0x56, 0x47, 0xb5, 0x58, 0x56, 0x48, 0xb5, 0x5a,
    0x56, 0x49, 0xb5, 0x5c, 0x56, 0x4a, 0xb5, 0x5e, 0x56, 0x4b, 0xb5, 0x60, 0x56, 0x4c, 0xb5, 0x62, 0x56, 0xfa, 0x6e,
    0xe7, 0x56, 0x73, 0x5a, 0x00, 0xff, 0x45, 0xb7, 0x64, 0x56, 0x46, 0xb7, 0x66, 0x56, 0x47, 0xb7, 0x68, 0x56, 0x48,
    0xb7, 0x6a, 0x56, 0x49, 0xb7, 0x6c, 0x56, 0x4a, 0xb7, 0x6e, 0x56, 0x4b, 0xb7, 0x70, 0x56, 0x4c, 0xb7, 0x72, 0x56,
    0xfa, 0x6e, 0xe9, 0x56, 0x74, 0x5a, 0x00, 0xff, 0x45, 0xb9, 0x74, 0x56, 0x46, 0xb9, 0x76, 0x56, 0x47, 0xb9, 0x78,
    0x56, 0x48, 0xb9, 0x7a, 0x56, 0x49, 0xb9, 0x7c, 0x56, 0x4a, 0xb9, 0x7e, 0x56, 0x4b, 0xb9, 0x80, 0x56, 0x4c, 0xb9,
    0x82, 0x56, 0x00, 0x00, 0x34, 0xd8, 0xab, 0x69, 0x00, 0x00, 0x00, 0x73, 0xfc, 0xdb, 0xaf, 0x00, 0x00, 0x45, 0x00,
    0x00, 0x34, 0xd8, 0xac, 0x6a, 0x00, 0x00, 0x00, 0x74, 0xfc, 0xdb, 0xaf, 0x00, 0x00, 0x49, 0x00, 0x00, 0x34, 0xd8,
    0xad, 0x6b, 0x00, 0x00, 0x00, 0x71, 0xfc, 0xdb, 0xa5, 0x00, 0x00, 0x55, 0x00, 0x00, 0x34, 0xd8, 0xae, 0x6c, 0x00,
    0x00, 0x80, 0x71, 0xfc, 0xdb, 0xa5, 0x00, 0x00, 0x59, 0x00, 0x00, 0x8f, 0xbf, 0x5b, 0xff, 0x5b, 0x80, 0x00, 0x01,
    0x00, 0x00, 0x28, 0x45, 0x28, 0x80, 0x29, 0x80, 0x29, 0x82, 0x00, 0x10, 0x30, 0xe0, 0x95, 0x65, 0x0a, 0x80, 0x00,
    0x10, 0x30, 0xe0, 0x97, 0x67, 0x0a, 0x80, 0x00, 0x10, 0x30, 0xe0, 0x96, 0x66, 0x0a, 0x80, 0x00, 0x10, 0x30, 0xe0,
    0x98, 0x68, 0x0a, 0x80, 0x7c, 0x48, 0x8c, 0xbf, 0x01, 0x00, 0x8f, 0xbf, 0x9a, 0x1b, 0x92, 0xbe, 0x48, 0xc1, 0x48,
    0x80, 0x06, 0x00, 0x85, 0xbf, 0x1d, 0x0b, 0x26, 0xbb, 0x00, 0x00, 0x80, 0xbf, 0x00, 0x00, 0x80, 0xbf, 0x00, 0x00,
    0x80, 0xbf, 0x00, 0x00, 0x80, 0xbf, 0x00, 0x00, 0x80, 0xbf, 0x75, 0x00, 0x05, 0xd5, 0x77, 0xeb, 0x02, 0x18, 0x4d,
    0xbb, 0x04, 0x56, 0x4e, 0xbb, 0x06, 0x56, 0x4f, 0xbb, 0x08, 0x56, 0x50, 0xbb, 0x0a, 0x56, 0x51, 0xbb, 0x0c, 0x56,
    0x52, 0xbb, 0x0e, 0x56, 0x53, 0xbb, 0x10, 0x56, 0x54, 0xbb, 0x12, 0x56, 0x78, 0x00, 0x05, 0xd5, 0x76, 0xf1, 0x02,
    0x18, 0x4d, 0xbd, 0x14, 0x56, 0x4e, 0xbd, 0x16, 0x56, 0x4f, 0xbd, 0x18, 0x56, 0x50, 0xbd, 0x1a, 0x56, 0x51, 0xbd,
    0x1c, 0x56, 0x52, 0xbd, 0x1e, 0x56, 0x53, 0xbd, 0x20, 0x56, 0x54, 0xbd, 0x22, 0x56, 0x76, 0x00, 0x03, 0xd5, 0x77,
    0xed, 0x02, 0x18, 0x4d, 0xbf, 0x24, 0x56, 0x4e, 0xbf, 0x26, 0x56, 0x4f, 0xbf, 0x28, 0x56, 0x50, 0xbf, 0x2a, 0x56,
    0x51, 0xbf, 0x2c, 0x56, 0x52, 0xbf, 0x2e, 0x56, 0x53, 0xbf, 0x30, 0x56, 0x54, 0xbf, 0x32, 0x56, 0x77, 0x00, 0x4b,
    0xd5, 0x77, 0xe5, 0xd9, 0x85, 0x4d, 0xc1, 0x34, 0x56, 0x4e, 0xc1, 0x36, 0x56, 0x4f, 0xc1, 0x38, 0x56, 0x50, 0xc1,
    0x3a, 0x56, 0x51, 0xc1, 0x3c, 0x56, 0x52, 0xc1, 0x3e, 0x56, 0x53, 0xc1, 0x40, 0x56, 0x54, 0xc1, 0x42, 0x56, 0xfa,
    0x6e, 0xeb, 0x56, 0x75, 0x5a, 0x00, 0xff, 0x4d, 0xc3, 0x44, 0x56, 0x4e, 0xc3, 0x46, 0x56, 0x4f, 0xc3, 0x48, 0x56,
    0x50, 0xc3, 0x4a, 0x56, 0x51, 0xc3, 0x4c, 0x56, 0x52, 0xc3, 0x4e, 0x56, 0x53, 0xc3, 0x50, 0x56, 0x54, 0xc3, 0x52,
    0x56, 0xfa, 0x6e, 0xed, 0x56, 0x76, 0x5a, 0x00, 0xff, 0x4d, 0xc5, 0x54, 0x56, 0x4e, 0xc5, 0x56, 0x56, 0x4f, 0xc5,
    0x58, 0x56, 0x50, 0xc5, 0x5a, 0x56, 0x51, 0xc5, 0x5c, 0x56, 0x52, 0xc5, 0x5e, 0x56, 0x53, 0xc5, 0x60, 0x56, 0x54,
    0xc5, 0x62, 0x56, 0xfa, 0x6e, 0xef, 0x56, 0x77, 0x5a, 0x00, 0xff, 0x4d, 0xc7, 0x64, 0x56, 0x4e, 0xc7, 0x66, 0x56,
    0x4f, 0xc7, 0x68, 0x56, 0x50, 0xc7, 0x6a, 0x56, 0x51, 0xc7, 0x6c, 0x56, 0x52, 0xc7, 0x6e, 0x56, 0x53, 0xc7, 0x70,
    0x56, 0x54, 0xc7, 0x72, 0x56, 0xfa, 0x6e, 0xf1, 0x56, 0x78, 0x5a, 0x00, 0xff, 0x4d, 0xc9, 0x74, 0x56, 0x4e, 0xc9,
    0x76, 0x56, 0x4f, 0xc9, 0x78, 0x56, 0x50, 0xc9, 0x7a, 0x56, 0x51, 0xc9, 0x7c, 0x56, 0x52, 0xc9, 0x7e, 0x56, 0x53,
    0xc9, 0x80, 0x56, 0x54, 0xc9, 0x82, 0x56, 0x40, 0x20, 0x34, 0xd8, 0xa7, 0x6d, 0x00, 0x00, 0x00, 0x83, 0xfc, 0xdb,
    0xaf, 0x00, 0x00, 0x4d, 0x40, 0x20, 0x34, 0xd8, 0xa8, 0x6e, 0x00, 0x00, 0x00, 0x84, 0xfc, 0xdb, 0xaf, 0x00, 0x00,
    0x51, 0x40, 0x20, 0x34, 0xd8, 0xa9, 0x6f, 0x00, 0x00, 0x00, 0x81, 0xfc, 0xdb, 0xa5, 0x00, 0x00, 0x5d, 0x40, 0x20,
    0x34, 0xd8, 0xaa, 0x70, 0x00, 0x00, 0x80, 0x81, 0xfc, 0xdb, 0xa5, 0x00, 0x00, 0x61, 0x00, 0x00, 0x8f, 0xbf, 0x28,
    0x46, 0x28, 0x80, 0x29, 0x47, 0x29, 0x82, 0x00, 0x10, 0x30, 0xe0, 0x99, 0x69, 0x0a, 0x80, 0x00, 0x10, 0x30, 0xe0,
    0x9b, 0x6b, 0x0a, 0x80, 0x00, 0x10, 0x30, 0xe0, 0x9a, 0x6a, 0x0a, 0x80, 0x00, 0x10, 0x30, 0xe0, 0x9c, 0x6c, 0x0a,
    0x80, 0x7f, 0xc8, 0x8c, 0xbf, 0xc0, 0xff, 0xf8, 0xd8, 0x00, 0x00, 0x00, 0xbc, 0x01, 0x00, 0x8f, 0xbf, 0x9a, 0x1d,
    0x92, 0xbe, 0x48, 0xc1, 0x48, 0x80, 0x06, 0x00, 0x85, 0xbf, 0xa5, 0x0a, 0x26, 0xbb, 0x00, 0x00, 0x80, 0xbf, 0x00,
    0x00, 0x80, 0xbf, 0x00, 0x00, 0x80, 0xbf, 0x00, 0x00, 0x80, 0xbf, 0x00, 0x00, 0x80, 0xbf, 0x79, 0x00, 0x05, 0xd5,
    0x7b, 0xf3, 0x02, 0x18, 0x45, 0xab, 0x04, 0x56, 0x46, 0xab, 0x06, 0x56, 0x47, 0xab, 0x08, 0x56, 0x48, 0xab, 0x0a,
    0x56, 0x49, 0xab, 0x0c, 0x56, 0x4a, 0xab, 0x0e, 0x56, 0x4b, 0xab, 0x10, 0x56, 0x4c, 0xab, 0x12, 0x56, 0x7c, 0x00,
    0x05, 0xd5, 0x7a, 0xf9, 0x02, 0x18, 0x45, 0xad, 0x14, 0x56, 0x46, 0xad, 0x16, 0x56, 0x47, 0xad, 0x18, 0x56, 0x48,
    0xad, 0x1a, 0x56, 0x49, 0xad, 0x1c, 0x56, 0x4a, 0xad, 0x1e, 0x56, 0x4b, 0xad, 0x20, 0x56, 0x4c, 0xad, 0x22, 0x56,
    0x7a, 0x00, 0x03, 0xd5, 0x7b, 0xf5, 0x02, 0x18, 0x45, 0xaf, 0x24, 0x56, 0x46, 0xaf, 0x26, 0x56, 0x47, 0xaf, 0x28,
    0x56, 0x48, 0xaf, 0x2a, 0x56, 0x49, 0xaf, 0x2c, 0x56, 0x4a, 0xaf, 0x2e, 0x56, 0x4b, 0xaf, 0x30, 0x56, 0x4c, 0xaf,
    0x32, 0x56, 0x7b, 0x00, 0x4b, 0xd5, 0x7b, 0xe5, 0xe9, 0x85, 0x45, 0xb1, 0x34, 0x56, 0x46, 0xb1, 0x36, 0x56, 0x47,
    0xb1, 0x38, 0x56, 0x48, 0xb1, 0x3a, 0x56, 0x49, 0xb1, 0x3c, 0x56, 0x4a, 0xb1, 0x3e, 0x56, 0x4b, 0xb1, 0x40, 0x56,
    0x4c, 0xb1, 0x42, 0x56, 0xfa, 0x6e, 0xf3, 0x56, 0x79, 0x5a, 0x00, 0xff, 0x45, 0xb3, 0x44, 0x56, 0x46, 0xb3, 0x46,
    0x56, 0x47, 0xb3, 0x48, 0x56, 0x48, 0xb3, 0x4a, 0x56, 0x49, 0xb3, 0x4c, 0x56, 0x4a, 0xb3, 0x4e, 0x56, 0x4b, 0xb3,
    0x50, 0x56, 0x4c, 0xb3, 0x52, 0x56, 0xfa, 0x6e, 0xf5, 0x56, 0x7a, 0x5a, 0x00, 0xff, 0x45, 0xb5, 0x54, 0x56, 0x46,
    0xb5, 0x56, 0x56, 0x47, 0xb5, 0x58, 0x56, 0x48, 0xb5, 0x5a, 0x56, 0x49, 0xb5, 0x5c, 0x56, 0x4a, 0xb5, 0x5e, 0x56,
    0x4b, 0xb5, 0x60, 0x56, 0x4c, 0xb5, 0x62, 0x56, 0xfa, 0x6e, 0xf7, 0x56, 0x7b, 0x5a, 0x00, 0xff, 0x45, 0xb7, 0x64,
    0x56, 0x46, 0xb7, 0x66, 0x56, 0x47, 0xb7, 0x68, 0x56, 0x48, 0xb7, 0x6a, 0x56, 0x49, 0xb7, 0x6c, 0x56, 0x4a, 0xb7,
    0x6e, 0x56, 0x4b, 0xb7, 0x70, 0x56, 0x4c, 0xb7, 0x72, 0x56, 0xfa, 0x6e, 0xf9, 0x56, 0x7c, 0x5a, 0x00, 0xff, 0x45,
    0xb9, 0x74, 0x56, 0x46, 0xb9, 0x76, 0x56, 0x47, 0xb9, 0x78, 0x56, 0x48, 0xb9, 0x7a, 0x56, 0x49, 0xb9, 0x7c, 0x56,
    0x4a, 0xb9, 0x7e, 0x56, 0x4b, 0xb9, 0x80, 0x56, 0x4c, 0xb9, 0x82, 0x56, 0x40, 0x20, 0x34, 0xd8, 0xab, 0x71, 0x00,
    0x00, 0x40, 0x93, 0xfc, 0xdb, 0xaf, 0x00, 0x00, 0x45, 0x40, 0x20, 0x34, 0xd8, 0xac, 0x72, 0x00, 0x00, 0x40, 0x94,
    0xfc, 0xdb, 0xaf, 0x00, 0x00, 0x49, 0x40, 0x20, 0x34, 0xd8, 0xad, 0x73, 0x00, 0x00, 0x40, 0x91, 0xfc, 0xdb, 0xa5,
    0x00, 0x00, 0x55, 0x40, 0x20, 0x34, 0xd8, 0xae, 0x74, 0x00, 0x00, 0xc0, 0x91, 0xfc, 0xdb, 0xa5, 0x00, 0x00, 0x59,
    0x00, 0x00, 0x8f, 0xbf, 0xff, 0x03, 0xfc, 0xbe, 0xc0, 0xff, 0x02, 0x00, 0x28, 0x45, 0x28, 0x80, 0x29, 0x80, 0x29,
    0x82, 0x00, 0x10, 0x30, 0xe0, 0x95, 0x6d, 0x0a, 0x80, 0x00, 0x10, 0x30, 0xe0, 0x97, 0x6f, 0x0a, 0x80, 0x00, 0x10,
    0x30, 0xe0, 0x96, 0x6e, 0x0a, 0x80, 0x00, 0x10, 0x30, 0xe0, 0x98, 0x70, 0x0a, 0x80, 0x7c, 0x48, 0x8c, 0xbf, 0x01,
    0x00, 0x8f, 0xbf, 0x9a, 0x1b, 0x92, 0xbe, 0x48, 0xc1, 0x48, 0x80, 0x06, 0x00, 0x85, 0xbf, 0x2d, 0x0a, 0x26, 0xbb,
    0x00, 0x00, 0x80, 0xbf, 0x00, 0x00, 0x80, 0xbf, 0x00, 0x00, 0x80, 0xbf, 0x00, 0x00, 0x80, 0xbf, 0x00, 0x00, 0x80,
    0xbf, 0x7d, 0x00, 0x05, 0xd5, 0x7f, 0xfb, 0x02, 0x18, 0x4d, 0xbb, 0x04, 0x56, 0x4e, 0xbb, 0x06, 0x56, 0x4f, 0xbb,
    0x08, 0x56, 0x50, 0xbb, 0x0a, 0x56, 0x51, 0xbb, 0x0c, 0x56, 0x52, 0xbb, 0x0e, 0x56, 0x53, 0xbb, 0x10, 0x56, 0x54,
    0xbb, 0x12, 0x56, 0x80, 0x00, 0x05, 0xd5, 0x7e, 0x01, 0x03, 0x18, 0x4d, 0xbd, 0x14, 0x56, 0x4e, 0xbd, 0x16, 0x56,
    0x4f, 0xbd, 0x18, 0x56, 0x50, 0xbd, 0x1a, 0x56, 0x51, 0xbd, 0x1c, 0x56, 0x52, 0xbd, 0x1e, 0x56, 0x53, 0xbd, 0x20,
    0x56, 0x54, 0xbd, 0x22, 0x56, 0x7e, 0x00, 0x03, 0xd5, 0x7f, 0xfd, 0x02, 0x18, 0x4d, 0xbf, 0x24, 0x56, 0x4e, 0xbf,
    0x26, 0x56, 0x4f, 0xbf, 0x28, 0x56, 0x50, 0xbf, 0x2a, 0x56, 0x51, 0xbf, 0x2c, 0x56, 0x52, 0xbf, 0x2e, 0x56, 0x53,
    0xbf, 0x30, 0x56, 0x54, 0xbf, 0x32, 0x56, 0x7f, 0x00, 0x4b, 0xd5, 0x7f, 0xe5, 0xf9, 0x85, 0x4d, 0xc1, 0x34, 0x56,
    0x4e, 0xc1, 0x36, 0x56, 0x4f, 0xc1, 0x38, 0x56, 0x50, 0xc1, 0x3a, 0x56, 0x51, 0xc1, 0x3c, 0x56, 0x52, 0xc1, 0x3e,
    0x56, 0x53, 0xc1, 0x40, 0x56, 0x54, 0xc1, 0x42, 0x56, 0xfa, 0x6e, 0xfb, 0x56, 0x7d, 0x5a, 0x00, 0xff, 0x4d, 0xc3,
    0x44, 0x56, 0x4e, 0xc3, 0x46, 0x56, 0x4f, 0xc3, 0x48, 0x56, 0x50, 0xc3, 0x4a, 0x56, 0x51, 0xc3, 0x4c, 0x56, 0x52,
    0xc3, 0x4e, 0x56, 0x53, 0xc3, 0x50, 0x56, 0x54, 0xc3, 0x52, 0x56, 0xfa, 0x6e, 0xfd, 0x56, 0x7e, 0x5a, 0x00, 0xff,
    0x4d, 0xc5, 0x54, 0x56, 0x4e, 0xc5, 0x56, 0x56, 0x4f, 0xc5, 0x58, 0x56, 0x50, 0xc5, 0x5a, 0x56, 0x51, 0xc5, 0x5c,
    0x56, 0x52, 0xc5, 0x5e, 0x56, 0x53, 0xc5, 0x60, 0x56, 0x54, 0xc5, 0x62, 0x56, 0xfa, 0x6e, 0xff, 0x56, 0x7f, 0x5a,
    0x00, 0xff, 0x4d, 0xc7, 0x64, 0x56, 0x4e, 0xc7, 0x66, 0x56, 0x4f, 0xc7, 0x68, 0x56, 0x50, 0xc7, 0x6a, 0x56, 0x51,
    0xc7, 0x6c, 0x56, 0x52, 0xc7, 0x6e, 0x56, 0x53, 0xc7, 0x70, 0x56, 0x54, 0xc7, 0x72, 0x56, 0xfa, 0x6e, 0x01, 0x57,
    0x80, 0x5a, 0x00, 0xff, 0x4d, 0xc9, 0x74, 0x56, 0x4e, 0xc9, 0x76, 0x56, 0x4f, 0xc9, 0x78, 0x56, 0x50, 0xc9, 0x7a,
    0x56, 0x51, 0xc9, 0x7c, 0x56, 0x52, 0xc9, 0x7e, 0x56, 0x53, 0xc9, 0x80, 0x56, 0x54, 0xc9, 0x82, 0x56, 0x6a, 0x00,
    0xc2, 0xd4, 0xfe, 0xb6, 0x00, 0x00, 0xfd, 0xff, 0x86, 0xbf, 0x80, 0x40, 0x34, 0xd8, 0xa7, 0x75, 0x00, 0x00, 0x40,
    0xa3, 0xfc, 0xdb, 0xaf, 0x00, 0x00, 0x4d, 0x80, 0x40, 0x34, 0xd8, 0xa8, 0x76, 0x00, 0x00, 0x40, 0xa4, 0xfc, 0xdb,
    0xaf, 0x00, 0x00, 0x51, 0x80, 0x40, 0x34, 0xd8, 0xa9, 0x77, 0x00, 0x00, 0x40, 0xa1, 0xfc, 0xdb, 0xa5, 0x00, 0x00,
    0x5d, 0x80, 0x40, 0x34, 0xd8, 0xaa, 0x78, 0x00, 0x00, 0xc0, 0xa1, 0xfc, 0xdb, 0xa5, 0x00, 0x00, 0x61, 0x00, 0x00,
    0x8f, 0xbf, 0x28, 0x46, 0x28, 0x80, 0x29, 0x47, 0x29, 0x82, 0x00, 0x10, 0x30, 0xe0, 0x99, 0x71, 0x0a, 0x80, 0x00,
    0x10, 0x30, 0xe0, 0x9b, 0x73, 0x0a, 0x80, 0x00, 0x10, 0x30, 0xe0, 0x9a, 0x72, 0x0a, 0x80, 0x00, 0x10, 0x30, 0xe0,
    0x9c, 0x74, 0x0a, 0x80, 0x7f, 0xc8, 0x8c, 0xbf, 0x01, 0x00, 0x8f, 0xbf, 0x9a, 0x1d, 0x92, 0xbe, 0x48, 0xc1, 0x48,
    0x80, 0x05, 0x00, 0x85, 0xbf, 0xb4, 0x09, 0x26, 0xbb, 0x00, 0x00, 0x80, 0xbf, 0x00, 0x00, 0x80, 0xbf, 0x00, 0x00,
    0x80, 0xbf, 0x00, 0x00, 0x80, 0xbf, 0x81, 0x00, 0x05, 0xd5, 0x83, 0x03, 0x03, 0x18, 0x45, 0xab, 0x04, 0x56, 0x46,
    0xab, 0x06, 0x56, 0x47, 0xab, 0x08, 0x56, 0x48, 0xab, 0x0a, 0x56, 0x49, 0xab, 0x0c, 0x56, 0x4a, 0xab, 0x0e, 0x56,
    0x4b, 0xab, 0x10, 0x56, 0x4c, 0xab, 0x12, 0x56, 0x84, 0x00, 0x05, 0xd5, 0x82, 0x09, 0x03, 0x18, 0x45, 0xad, 0x14,
    0x56, 0x46, 0xad, 0x16, 0x56, 0x47, 0xad, 0x18, 0x56, 0x48, 0xad, 0x1a, 0x56, 0x49, 0xad, 0x1c, 0x56, 0x4a, 0xad,
    0x1e, 0x56, 0x4b, 0xad, 0x20, 0x56, 0x4c, 0xad, 0x22, 0x56, 0x82, 0x00, 0x03, 0xd5, 0x83, 0x05, 0x03, 0x18, 0x45,
    0xaf, 0x24, 0x56, 0x46, 0xaf, 0x26, 0x56, 0x47, 0xaf, 0x28, 0x56, 0x48, 0xaf, 0x2a, 0x56, 0x49, 0xaf, 0x2c, 0x56,
    0x4a, 0xaf, 0x2e, 0x56, 0x4b, 0xaf, 0x30, 0x56, 0x4c, 0xaf, 0x32, 0x56, 0x83, 0x00, 0x4b, 0xd5, 0x83, 0xe5, 0x09,
    0x86, 0x45, 0xb1, 0x34, 0x56, 0x46, 0xb1, 0x36, 0x56, 0x47, 0xb1, 0x38, 0x56, 0x48, 0xb1, 0x3a, 0x56, 0x49, 0xb1,
    0x3c, 0x56, 0x4a, 0xb1, 0x3e, 0x56, 0x4b, 0xb1, 0x40, 0x56, 0x4c, 0xb1, 0x42, 0x56, 0xfa, 0x6e, 0x03, 0x57, 0x81,
    0x5a, 0x00, 0xff, 0x45, 0xb3, 0x44, 0x56, 0x46, 0xb3, 0x46, 0x56, 0x47, 0xb3, 0x48, 0x56, 0x48, 0xb3, 0x4a, 0x56,
    0x49, 0xb3, 0x4c, 0x56, 0x4a, 0xb3, 0x4e, 0x56, 0x4b, 0xb3, 0x50, 0x56, 0x4c, 0xb3, 0x52, 0x56, 0xfa, 0x6e, 0x05,
    0x57, 0x82, 0x5a, 0x00, 0xff, 0x45, 0xb5, 0x54, 0x56, 0x46, 0xb5, 0x56, 0x56, 0x47, 0xb5, 0x58, 0x56, 0x48, 0xb5,
    0x5a, 0x56, 0x49, 0xb5, 0x5c, 0x56, 0x4a, 0xb5, 0x5e, 0x56, 0x4b, 0xb5, 0x60, 0x56, 0x4c, 0xb5, 0x62, 0x56, 0xfa,
    0x6e, 0x07, 0x57, 0x83, 0x5a, 0x00, 0xff, 0x45, 0xb7, 0x64, 0x56, 0x46, 0xb7, 0x66, 0x56, 0x47, 0xb7, 0x68, 0x56,
    0x48, 0xb7, 0x6a, 0x56, 0x49, 0xb7, 0x6c, 0x56, 0x4a, 0xb7, 0x6e, 0x56, 0x4b, 0xb7, 0x70, 0x56, 0x4c, 0xb7, 0x72,
    0x56, 0xfa, 0x6e, 0x09, 0x57, 0x84, 0x5a, 0x00, 0xff, 0x45, 0xb9, 0x74, 0x56, 0x46, 0xb9, 0x76, 0x56, 0x47, 0xb9,
    0x78, 0x56, 0x48, 0xb9, 0x7a, 0x56, 0x49, 0xb9, 0x7c, 0x56, 0x4a, 0xb9, 0x7e, 0x56, 0x4b, 0xb9, 0x80, 0x56, 0x4c,
    0xb9, 0x82, 0x56, 0x80, 0x40, 0x34, 0xd8, 0xab, 0x79, 0x00, 0x00, 0x80, 0xb3, 0xfc, 0xdb, 0xaf, 0x00, 0x00, 0x45,
    0x80, 0x40, 0x34, 0xd8, 0xac, 0x7a, 0x00, 0x00, 0x80, 0xb4, 0xfc, 0xdb, 0xaf, 0x00, 0x00, 0x49, 0x80, 0x40, 0x34,
    0xd8, 0xad, 0x7b, 0x00, 0x00, 0x80, 0xb1, 0xfc, 0xdb, 0xa5, 0x00, 0x00, 0x55, 0x80, 0x40, 0x34, 0xd8, 0xae, 0x7c,
    0x00, 0x00, 0x00, 0xb2, 0xfc, 0xdb, 0xa5, 0x00, 0x00, 0x59, 0x00, 0x00, 0x8f, 0xbf, 0x28, 0x45, 0x28, 0x80, 0x29,
    0x80, 0x29, 0x82, 0x00, 0x10, 0x30, 0xe0, 0x95, 0x75, 0x0a, 0x80, 0x00, 0x10, 0x30, 0xe0, 0x97, 0x77, 0x0a, 0x80,
    0x00, 0x10, 0x30, 0xe0, 0x96, 0x76, 0x0a, 0x80, 0x00, 0x10, 0x30, 0xe0, 0x98, 0x78, 0x0a, 0x80, 0x7c, 0x48, 0x8c,
    0xbf, 0x01, 0x00, 0x8f, 0xbf, 0x9a, 0x1b, 0x92, 0xbe, 0x48, 0xc1, 0x48, 0x80, 0x08, 0x00, 0x85, 0xbf, 0x3f, 0x09,
    0x26, 0xbb, 0x00, 0x00, 0x80, 0xbf, 0x00, 0x00, 0x80, 0xbf, 0x00, 0x00, 0x80, 0xbf, 0x00, 0x00, 0x80, 0xbf, 0x00,
    0x00, 0x80, 0xbf, 0x00, 0x00, 0x80, 0xbf, 0x00, 0x00, 0x80, 0xbf, 0x85, 0x00, 0x05, 0xd5, 0x87, 0x0b, 0x03, 0x18,
    0x4d, 0xbb, 0x04, 0x56, 0x4e, 0xbb, 0x06, 0x56, 0x4f, 0xbb, 0x08, 0x56, 0x50, 0xbb, 0x0a, 0x56, 0x51, 0xbb, 0x0c,
    0x56, 0x52, 0xbb, 0x0e, 0x56, 0x53, 0xbb, 0x10, 0x56, 0x54, 0xbb, 0x12, 0x56, 0x88, 0x00, 0x05, 0xd5, 0x86, 0x11,
    0x03, 0x18, 0x4d, 0xbd, 0x14, 0x56, 0x4e, 0xbd, 0x16, 0x56, 0x4f, 0xbd, 0x18, 0x56, 0x50, 0xbd, 0x1a, 0x56, 0x51,
    0xbd, 0x1c, 0x56, 0x52, 0xbd, 0x1e, 0x56, 0x53, 0xbd, 0x20, 0x56, 0x54, 0xbd, 0x22, 0x56, 0x86, 0x00, 0x03, 0xd5,
    0x87, 0x0d, 0x03, 0x18, 0x4d, 0xbf, 0x24, 0x56, 0x4e, 0xbf, 0x26, 0x56, 0x4f, 0xbf, 0x28, 0x56, 0x50, 0xbf, 0x2a,
    0x56, 0x51, 0xbf, 0x2c, 0x56, 0x52, 0xbf, 0x2e, 0x56, 0x53, 0xbf, 0x30, 0x56, 0x54, 0xbf, 0x32, 0x56, 0x87, 0x00,
    0x4b, 0xd5, 0x87, 0xe5, 0x19, 0x86, 0x4d, 0xc1, 0x34, 0x56, 0x4e, 0xc1, 0x36, 0x56, 0x4f, 0xc1, 0x38, 0x56, 0x50,
    0xc1, 0x3a, 0x56, 0x51, 0xc1, 0x3c, 0x56, 0x52, 0xc1, 0x3e, 0x56, 0x53, 0xc1, 0x40, 0x56, 0x54, 0xc1, 0x42, 0x56,
    0xfa, 0x6e, 0x0b, 0x57, 0x85, 0x5a, 0x00, 0xff, 0x4d, 0xc3, 0x44, 0x56, 0x4e, 0xc3, 0x46, 0x56, 0x4f, 0xc3, 0x48,
    0x56, 0x50, 0xc3, 0x4a, 0x56, 0x51, 0xc3, 0x4c, 0x56, 0x52, 0xc3, 0x4e, 0x56, 0x53, 0xc3, 0x50, 0x56, 0x54, 0xc3,
    0x52, 0x56, 0xfa, 0x6e, 0x0d, 0x57, 0x86, 0x5a, 0x00, 0xff, 0x4d, 0xc5, 0x54, 0x56, 0x4e, 0xc5, 0x56, 0x56, 0x4f,
    0xc5, 0x58, 0x56, 0x50, 0xc5, 0x5a, 0x56, 0x51, 0xc5, 0x5c, 0x56, 0x52, 0xc5, 0x5e, 0x56, 0x53, 0xc5, 0x60, 0x56,
    0x54, 0xc5, 0x62, 0x56, 0xfa, 0x6e, 0x0f, 0x57, 0x87, 0x5a, 0x00, 0xff, 0x4d, 0xc7, 0x64, 0x56, 0x4e, 0xc7, 0x66,
    0x56, 0x4f, 0xc7, 0x68, 0x56, 0x50, 0xc7, 0x6a, 0x56, 0x51, 0xc7, 0x6c, 0x56, 0x52, 0xc7, 0x6e, 0x56, 0x53, 0xc7,
    0x70, 0x56, 0x54, 0xc7, 0x72, 0x56, 0xfa, 0x6e, 0x11, 0x57, 0x88, 0x5a, 0x00, 0xff, 0x4d, 0xc9, 0x74, 0x56, 0x4e,
    0xc9, 0x76, 0x56, 0x4f, 0xc9, 0x78, 0x56, 0x50, 0xc9, 0x7a, 0x56, 0x51, 0xc9, 0x7c, 0x56, 0x52, 0xc9, 0x7e, 0x56,
    0x53, 0xc9, 0x80, 0x56, 0x54, 0xc9, 0x82, 0x56, 0xc0, 0x60, 0x34, 0xd8, 0xa7, 0x7d, 0x00, 0x00, 0x00, 0x02, 0xfc,
    0xdb, 0xaf, 0x00, 0x00, 0x4d, 0xc0, 0x60, 0x34, 0xd8, 0xa8, 0x7e, 0x00, 0x00, 0x00, 0x03, 0xfc, 0xdb, 0xaf, 0x00,
    0x00, 0x51, 0xc0, 0x60, 0x34, 0xd8, 0xa9, 0x7f, 0x00, 0x00, 0x00, 0x00, 0xfc, 0xdb, 0xa5, 0x00, 0x00, 0x5d, 0xc0,
    0x60, 0x34, 0xd8, 0xaa, 0x80, 0x00, 0x00, 0x80, 0x00, 0xfc, 0xdb, 0xa5, 0x00, 0x00, 0x61, 0x00, 0x00, 0x8f, 0xbf,
    0x28, 0x46, 0x28, 0x80, 0x29, 0x47, 0x29, 0x82, 0x00, 0x10, 0x30, 0xe0, 0x99, 0x79, 0x0a, 0x80, 0x00, 0x10, 0x30,
    0xe0, 0x9b, 0x7b, 0x0a, 0x80, 0x00, 0x10, 0x30, 0xe0, 0x9a, 0x7a, 0x0a, 0x80, 0x00, 0x10, 0x30, 0xe0, 0x9c, 0x7c,
    0x0a, 0x80, 0x7f, 0xc8, 0x8c, 0xbf, 0xc4, 0xff, 0xf8, 0xd8, 0x00, 0x00, 0x00, 0xbc, 0x01, 0x00, 0x8f, 0xbf, 0x9a,
    0x1d, 0x92, 0xbe, 0x48, 0xc1, 0x48, 0x80, 0x06, 0x00, 0x85, 0xbf, 0xc5, 0x08, 0x26, 0xbb, 0x00, 0x00, 0x80, 0xbf,
    0x00, 0x00, 0x80, 0xbf, 0x00, 0x00, 0x80, 0xbf, 0x00, 0x00, 0x80, 0xbf, 0x00, 0x00, 0x80, 0xbf, 0x89, 0x00, 0x05,
    0xd5, 0x8b, 0x13, 0x03, 0x18, 0x45, 0xab, 0x04, 0x56, 0x46, 0xab, 0x06, 0x56, 0x47, 0xab, 0x08, 0x56, 0x48, 0xab,
    0x0a, 0x56, 0x49, 0xab, 0x0c, 0x56, 0x4a, 0xab, 0x0e, 0x56, 0x4b, 0xab, 0x10, 0x56, 0x4c, 0xab, 0x12, 0x56, 0x8c,
    0x00, 0x05, 0xd5, 0x8a, 0x19, 0x03, 0x18, 0x45, 0xad, 0x14, 0x56, 0x46, 0xad, 0x16, 0x56, 0x47, 0xad, 0x18, 0x56,
    0x48, 0xad, 0x1a, 0x56, 0x49, 0xad, 0x1c, 0x56, 0x4a, 0xad, 0x1e, 0x56, 0x4b, 0xad, 0x20, 0x56, 0x4c, 0xad, 0x22,
    0x56, 0x8a, 0x00, 0x03, 0xd5, 0x8b, 0x15, 0x03, 0x18, 0x45, 0xaf, 0x24, 0x56, 0x46, 0xaf, 0x26, 0x56, 0x47, 0xaf,
    0x28, 0x56, 0x48, 0xaf, 0x2a, 0x56, 0x49, 0xaf, 0x2c, 0x56, 0x4a, 0xaf, 0x2e, 0x56, 0x4b, 0xaf, 0x30, 0x56, 0x4c,
    0xaf, 0x32, 0x56, 0x8b, 0x00, 0x4b, 0xd5, 0x8b, 0xe5, 0x29, 0x86, 0x45, 0xb1, 0x34, 0x56, 0x46, 0xb1, 0x36, 0x56,
    0x47, 0xb1, 0x38, 0x56, 0x48, 0xb1, 0x3a, 0x56, 0x49, 0xb1, 0x3c, 0x56, 0x4a, 0xb1, 0x3e, 0x56, 0x4b, 0xb1, 0x40,
    0x56, 0x4c, 0xb1, 0x42, 0x56, 0xfa, 0x6e, 0x13, 0x57, 0x89, 0x5a, 0x00, 0xff, 0x45, 0xb3, 0x44, 0x56, 0x46, 0xb3,
    0x46, 0x56, 0x47, 0xb3, 0x48, 0x56, 0x48, 0xb3, 0x4a, 0x56, 0x49, 0xb3, 0x4c, 0x56, 0x4a, 0xb3, 0x4e, 0x56, 0x4b,
    0xb3, 0x50, 0x56, 0x4c, 0xb3, 0x52, 0x56, 0xfa, 0x6e, 0x15, 0x57, 0x8a, 0x5a, 0x00, 0xff, 0x45, 0xb5, 0x54, 0x56,
    0x46, 0xb5, 0x56, 0x56, 0x47, 0xb5, 0x58, 0x56, 0x48, 0xb5, 0x5a, 0x56, 0x49, 0xb5, 0x5c, 0x56, 0x4a, 0xb5, 0x5e,
    0x56, 0x4b, 0xb5, 0x60, 0x56, 0x4c, 0xb5, 0x62, 0x56, 0xfa, 0x6e, 0x17, 0x57, 0x8b, 0x5a, 0x00, 0xff, 0x45, 0xb7,
    0x64, 0x56, 0x46, 0xb7, 0x66, 0x56, 0x47, 0xb7, 0x68, 0x56, 0x48, 0xb7, 0x6a, 0x56, 0x49, 0xb7, 0x6c, 0x56, 0x4a,
    0xb7, 0x6e, 0x56, 0x4b, 0xb7, 0x70, 0x56, 0x4c, 0xb7, 0x72, 0x56, 0xfa, 0x6e, 0x19, 0x57, 0x8c, 0x5a, 0x00, 0xff,
    0x45, 0xb9, 0x74, 0x56, 0x46, 0xb9, 0x76, 0x56, 0x47, 0xb9, 0x78, 0x56, 0x48, 0xb9, 0x7a, 0x56, 0x49, 0xb9, 0x7c,
    0x56, 0x4a, 0xb9, 0x7e, 0x56, 0x4b, 0xb9, 0x80, 0x56, 0x4c, 0xb9, 0x82, 0x56, 0xc0, 0x60, 0x34, 0xd8, 0xab, 0x81,
    0x00, 0x00, 0x40, 0x12, 0xfc, 0xdb, 0xaf, 0x00, 0x00, 0x45, 0xc0, 0x60, 0x34, 0xd8, 0xac, 0x82, 0x00, 0x00, 0x40,
    0x13, 0xfc, 0xdb, 0xaf, 0x00, 0x00, 0x49, 0xc0, 0x60, 0x34, 0xd8, 0xad, 0x83, 0x00, 0x00, 0x40, 0x10, 0xfc, 0xdb,
    0xa5, 0x00, 0x00, 0x55, 0xc0, 0x60, 0x34, 0xd8, 0xae, 0x84, 0x00, 0x00, 0xc0, 0x10, 0xfc, 0xdb, 0xa5, 0x00, 0x00,
    0x59, 0x00, 0x00, 0x8f, 0xbf, 0xff, 0x03, 0xfc, 0xbe, 0xc4, 0xff, 0x02, 0x00, 0x28, 0x45, 0x28, 0x80, 0x29, 0x80,
    0x29, 0x82, 0x00, 0x10, 0x30, 0xe0, 0x95, 0x7d, 0x0a, 0x80, 0x00, 0x10, 0x30, 0xe0, 0x97, 0x7f, 0x0a, 0x80, 0x00,
    0x10, 0x30, 0xe0, 0x96, 0x7e, 0x0a, 0x80, 0x00, 0x10, 0x30, 0xe0, 0x98, 0x80, 0x0a, 0x80, 0x7c, 0x48, 0x8c, 0xbf,
    0x01, 0x00, 0x8f, 0xbf, 0x9a, 0x1b, 0x92, 0xbe, 0x48, 0xc1, 0x48, 0x80, 0x06, 0x00, 0x85, 0xbf, 0x4d, 0x08, 0x26,
    0xbb, 0x00, 0x00, 0x80, 0xbf, 0x00, 0x00, 0x80, 0xbf, 0x00, 0x00, 0x80, 0xbf, 0x00, 0x00, 0x80, 0xbf, 0x00, 0x00,
    0x80, 0xbf, 0x8d, 0x00, 0x05, 0xd5, 0x8f, 0x1b, 0x03, 0x18, 0x4d, 0xbb, 0x04, 0x56, 0x4e, 0xbb, 0x06, 0x56, 0x4f,
    0xbb, 0x08, 0x56, 0x50, 0xbb, 0x0a, 0x56, 0x51, 0xbb, 0x0c, 0x56, 0x52, 0xbb, 0x0e, 0x56, 0x53, 0xbb, 0x10, 0x56,
    0x54, 0xbb, 0x12, 0x56, 0x90, 0x00, 0x05, 0xd5, 0x8e, 0x21, 0x03, 0x18, 0x4d, 0xbd, 0x14, 0x56, 0x4e, 0xbd, 0x16,
    0x56, 0x4f, 0xbd, 0x18, 0x56, 0x50, 0xbd, 0x1a, 0x56, 0x51, 0xbd, 0x1c, 0x56, 0x52, 0xbd, 0x1e, 0x56, 0x53, 0xbd,
    0x20, 0x56, 0x54, 0xbd, 0x22, 0x56, 0x8e, 0x00, 0x03, 0xd5, 0x8f, 0x1d, 0x03, 0x18, 0x4d, 0xbf, 0x24, 0x56, 0x4e,
    0xbf, 0x26, 0x56, 0x4f, 0xbf, 0x28, 0x56, 0x50, 0xbf, 0x2a, 0x56, 0x51, 0xbf, 0x2c, 0x56, 0x52, 0xbf, 0x2e, 0x56,
    0x53, 0xbf, 0x30, 0x56, 0x54, 0xbf, 0x32, 0x56, 0x8f, 0x00, 0x4b, 0xd5, 0x8f, 0xe5, 0x39, 0x86, 0x4d, 0xc1, 0x34,
    0x56, 0x4e, 0xc1, 0x36, 0x56, 0x4f, 0xc1, 0x38, 0x56, 0x50, 0xc1, 0x3a, 0x56, 0x51, 0xc1, 0x3c, 0x56, 0x52, 0xc1,
    0x3e, 0x56, 0x53, 0xc1, 0x40, 0x56, 0x54, 0xc1, 0x42, 0x56, 0xfa, 0x6e, 0x1b, 0x57, 0x8d, 0x5a, 0x00, 0xff, 0x4d,
    0xc3, 0x44, 0x56, 0x4e, 0xc3, 0x46, 0x56, 0x4f, 0xc3, 0x48, 0x56, 0x50, 0xc3, 0x4a, 0x56, 0x51, 0xc3, 0x4c, 0x56,
    0x52, 0xc3, 0x4e, 0x56, 0x53, 0xc3, 0x50, 0x56, 0x54, 0xc3, 0x52, 0x56, 0xfa, 0x6e, 0x1d, 0x57, 0x8e, 0x5a, 0x00,
    0xff, 0x4d, 0xc5, 0x54, 0x56, 0x4e, 0xc5, 0x56, 0x56, 0x4f, 0xc5, 0x58, 0x56, 0x50, 0xc5, 0x5a, 0x56, 0x51, 0xc5,
    0x5c, 0x56, 0x52, 0xc5, 0x5e, 0x56, 0x53, 0xc5, 0x60, 0x56, 0x54, 0xc5, 0x62, 0x56, 0xfa, 0x6e, 0x1f, 0x57, 0x8f,
    0x5a, 0x00, 0xff, 0x4d, 0xc7, 0x64, 0x56, 0x4e, 0xc7, 0x66, 0x56, 0x4f, 0xc7, 0x68, 0x56, 0x50, 0xc7, 0x6a, 0x56,
    0x51, 0xc7, 0x6c, 0x56, 0x52, 0xc7, 0x6e, 0x56, 0x53, 0xc7, 0x70, 0x56, 0x54, 0xc7, 0x72, 0x56, 0xfa, 0x6e, 0x21,
    0x57, 0x90, 0x5a, 0x00, 0xff, 0x4d, 0xc9, 0x74, 0x56, 0x4e, 0xc9, 0x76, 0x56, 0x4f, 0xc9, 0x78, 0x56, 0x50, 0xc9,
    0x7a, 0x56, 0x51, 0xc9, 0x7c, 0x56, 0x52, 0xc9, 0x7e, 0x56, 0x53, 0xc9, 0x80, 0x56, 0x54, 0xc9, 0x82, 0x56, 0x6a,
    0x00, 0xc2, 0xd4, 0xfe, 0xb6, 0x00, 0x00, 0xfd, 0xff, 0x86, 0xbf, 0x00, 0x81, 0x34, 0xd8, 0xa7, 0x85, 0x00, 0x00,
    0x40, 0x22, 0xfc, 0xdb, 0xaf, 0x00, 0x00, 0x4d, 0x00, 0x81, 0x34, 0xd8, 0xa8, 0x86, 0x00, 0x00, 0x40, 0x23, 0xfc,
    0xdb, 0xaf, 0x00, 0x00, 0x51, 0x00, 0x81, 0x34, 0xd8, 0xa9, 0x87, 0x00, 0x00, 0x40, 0x20, 0xfc, 0xdb, 0xa5, 0x00,
    0x00, 0x5d, 0x00, 0x81, 0x34, 0xd8, 0xaa, 0x88, 0x00, 0x00, 0xc0, 0x20, 0xfc, 0xdb, 0xa5, 0x00, 0x00, 0x61, 0x00,
    0x00, 0x8f, 0xbf, 0x28, 0x46, 0x28, 0x80, 0x29, 0x47, 0x29, 0x82, 0x00, 0x10, 0x30, 0xe0, 0x99, 0x81, 0x0a, 0x80,
    0x00, 0x10, 0x30, 0xe0, 0x9b, 0x83, 0x0a, 0x80, 0x00, 0x10, 0x30, 0xe0, 0x9a, 0x82, 0x0a, 0x80, 0x00, 0x10, 0x30,
    0xe0, 0x9c, 0x84, 0x0a, 0x80, 0x7f, 0xc8, 0x8c, 0xbf, 0x01, 0x00, 0x8f, 0xbf, 0x9a, 0x1d, 0x92, 0xbe, 0x48, 0xc1,
    0x48, 0x80, 0x05, 0x00, 0x85, 0xbf, 0xd4, 0x07, 0x26, 0xbb, 0x00, 0x00, 0x80, 0xbf, 0x00, 0x00, 0x80, 0xbf, 0x00,
    0x00, 0x80, 0xbf, 0x00, 0x00, 0x80, 0xbf, 0x91, 0x00, 0x05, 0xd5, 0x93, 0x23, 0x03, 0x18, 0x45, 0xab, 0x04, 0x56,
    0x46, 0xab, 0x06, 0x56, 0x47, 0xab, 0x08, 0x56, 0x48, 0xab, 0x0a, 0x56, 0x49, 0xab, 0x0c, 0x56, 0x4a, 0xab, 0x0e,
    0x56, 0x4b, 0xab, 0x10, 0x56, 0x4c, 0xab, 0x12, 0x56, 0x94, 0x00, 0x05, 0xd5, 0x92, 0x29, 0x03, 0x18, 0x45, 0xad,
    0x14, 0x56, 0x46, 0xad, 0x16, 0x56, 0x47, 0xad, 0x18, 0x56, 0x48, 0xad, 0x1a, 0x56, 0x49, 0xad, 0x1c, 0x56, 0x4a,
    0xad, 0x1e, 0x56, 0x4b, 0xad, 0x20, 0x56, 0x4c, 0xad, 0x22, 0x56, 0x92, 0x00, 0x03, 0xd5, 0x93, 0x25, 0x03, 0x18,
    0x45, 0xaf, 0x24, 0x56, 0x46, 0xaf, 0x26, 0x56, 0x47, 0xaf, 0x28, 0x56, 0x48, 0xaf, 0x2a, 0x56, 0x49, 0xaf, 0x2c,
    0x56, 0x4a, 0xaf, 0x2e, 0x56, 0x4b, 0xaf, 0x30, 0x56, 0x4c, 0xaf, 0x32, 0x56, 0x93, 0x00, 0x4b, 0xd5, 0x93, 0xe5,
    0x49, 0x86, 0x45, 0xb1, 0x34, 0x56, 0x46, 0xb1, 0x36, 0x56, 0x47, 0xb1, 0x38, 0x56, 0x48, 0xb1, 0x3a, 0x56, 0x49,
    0xb1, 0x3c, 0x56, 0x4a, 0xb1, 0x3e, 0x56, 0x4b, 0xb1, 0x40, 0x56, 0x4c, 0xb1, 0x42, 0x56, 0xfa, 0x6e, 0x23, 0x57,
    0x91, 0x5a, 0x00, 0xff, 0x45, 0xb3, 0x44, 0x56, 0x46, 0xb3, 0x46, 0x56, 0x47, 0xb3, 0x48, 0x56, 0x48, 0xb3, 0x4a,
    0x56, 0x49, 0xb3, 0x4c, 0x56, 0x4a, 0xb3, 0x4e, 0x56, 0x4b, 0xb3, 0x50, 0x56, 0x4c, 0xb3, 0x52, 0x56, 0xfa, 0x6e,
    0x25, 0x57, 0x92, 0x5a, 0x00, 0xff, 0x45, 0xb5, 0x54, 0x56, 0x46, 0xb5, 0x56, 0x56, 0x47, 0xb5, 0x58, 0x56, 0x48,
    0xb5, 0x5a, 0x56, 0x49, 0xb5, 0x5c, 0x56, 0x4a, 0xb5, 0x5e, 0x56, 0x4b, 0xb5, 0x60, 0x56, 0x4c, 0xb5, 0x62, 0x56,
    0xfa, 0x6e, 0x27, 0x57, 0x93, 0x5a, 0x00, 0xff, 0x45, 0xb7, 0x64, 0x56, 0x46, 0xb7, 0x66, 0x56, 0x47, 0xb7, 0x68,
    0x56, 0x48, 0xb7, 0x6a, 0x56, 0x49, 0xb7, 0x6c, 0x56, 0x4a, 0xb7, 0x6e, 0x56, 0x4b, 0xb7, 0x70, 0x56, 0x4c, 0xb7,
    0x72, 0x56, 0xfa, 0x6e, 0x29, 0x57, 0x94, 0x5a, 0x00, 0xff, 0x45, 0xb9, 0x74, 0x56, 0x46, 0xb9, 0x76, 0x56, 0x47,
    0xb9, 0x78, 0x56, 0x48, 0xb9, 0x7a, 0x56, 0x49, 0xb9, 0x7c, 0x56, 0x4a, 0xb9, 0x7e, 0x56, 0x4b, 0xb9, 0x80, 0x56,
    0x4c, 0xb9, 0x82, 0x56, 0x00, 0x81, 0x34, 0xd8, 0xab, 0x89, 0x00, 0x00, 0x80, 0x32, 0xfc, 0xdb, 0xaf, 0x00, 0x00,
    0x45, 0x00, 0x81, 0x34, 0xd8, 0xac, 0x8a, 0x00, 0x00, 0x80, 0x33, 0xfc, 0xdb, 0xaf, 0x00, 0x00, 0x49, 0x00, 0x81,
    0x34, 0xd8, 0xad, 0x8b, 0x00, 0x00, 0x80, 0x30, 0xfc, 0xdb, 0xa5, 0x00, 0x00, 0x55, 0x00, 0x81, 0x34, 0xd8, 0xae,
    0x8c, 0x00, 0x00, 0x00, 0x31, 0xfc, 0xdb, 0xa5, 0x00, 0x00, 0x59, 0x00, 0x00, 0x8f, 0xbf, 0x28, 0x45, 0x28, 0x80,
    0x29, 0x80, 0x29, 0x82, 0x00, 0x10, 0x30, 0xe0, 0x95, 0x85, 0x0a, 0x80, 0x00, 0x10, 0x30, 0xe0, 0x97, 0x87, 0x0a,
    0x80, 0x00, 0x10, 0x30, 0xe0, 0x96, 0x86, 0x0a, 0x80, 0x00, 0x10, 0x30, 0xe0, 0x98, 0x88, 0x0a, 0x80, 0x7c, 0x48,
    0x8c, 0xbf, 0x01, 0x00, 0x8f, 0xbf, 0x9a, 0x1b, 0x92, 0xbe, 0x48, 0xc1, 0x48, 0x80, 0x08, 0x00, 0x85, 0xbf, 0x5f,
    0x07, 0x26, 0xbb, 0x00, 0x00, 0x80, 0xbf, 0x00, 0x00, 0x80, 0xbf, 0x00, 0x00, 0x80, 0xbf, 0x00, 0x00, 0x80, 0xbf,
    0x00, 0x00, 0x80, 0xbf, 0x00, 0x00, 0x80, 0xbf, 0x00, 0x00, 0x80, 0xbf, 0x65, 0x00, 0x05, 0xd5, 0x67, 0xcb, 0x02,
    0x18, 0x4d, 0xbb, 0x04, 0x56, 0x4e, 0xbb, 0x06, 0x56, 0x4f, 0xbb, 0x08, 0x56, 0x50, 0xbb, 0x0a, 0x56, 0x51, 0xbb,
    0x0c, 0x56, 0x52, 0xbb, 0x0e, 0x56, 0x53, 0xbb, 0x10, 0x56, 0x54, 0xbb, 0x12, 0x56, 0x68, 0x00, 0x05, 0xd5, 0x66,
    0xd1, 0x02, 0x18, 0x4d, 0xbd, 0x14, 0x56, 0x4e, 0xbd, 0x16, 0x56, 0x4f, 0xbd, 0x18, 0x56, 0x50, 0xbd, 0x1a, 0x56,
    0x51, 0xbd, 0x1c, 0x56, 0x52, 0xbd, 0x1e, 0x56, 0x53, 0xbd, 0x20, 0x56, 0x54, 0xbd, 0x22, 0x56, 0x66, 0x00, 0x03,
    0xd5, 0x67, 0xcd, 0x02, 0x18, 0x4d, 0xbf, 0x24, 0x56, 0x4e, 0xbf, 0x26, 0x56, 0x4f, 0xbf, 0x28, 0x56, 0x50, 0xbf,
    0x2a, 0x56, 0x51, 0xbf, 0x2c, 0x56, 0x52, 0xbf, 0x2e, 0x56, 0x53, 0xbf, 0x30, 0x56, 0x54, 0xbf, 0x32, 0x56, 0x67,
    0x00, 0x4b, 0xd5, 0x67, 0xe5, 0x99, 0x85, 0x4d, 0xc1, 0x34, 0x56, 0x4e, 0xc1, 0x36, 0x56, 0x4f, 0xc1, 0x38, 0x56,
    0x50, 0xc1, 0x3a, 0x56, 0x51, 0xc1, 0x3c, 0x56, 0x52, 0xc1, 0x3e, 0x56, 0x53, 0xc1, 0x40, 0x56, 0x54, 0xc1, 0x42,
    0x56, 0xfa, 0x6e, 0xcb, 0x56, 0x65, 0x5a, 0x00, 0xff, 0x4d, 0xc3, 0x44, 0x56, 0x4e, 0xc3, 0x46, 0x56, 0x4f, 0xc3,
    0x48, 0x56, 0x50, 0xc3, 0x4a, 0x56, 0x51, 0xc3, 0x4c, 0x56, 0x52, 0xc3, 0x4e, 0x56, 0x53, 0xc3, 0x50, 0x56, 0x54,
    0xc3, 0x52, 0x56, 0xfa, 0x6e, 0xcd, 0x56, 0x66, 0x5a, 0x00, 0xff, 0x4d, 0xc5, 0x54, 0x56, 0x4e, 0xc5, 0x56, 0x56,
    0x4f, 0xc5, 0x58, 0x56, 0x50, 0xc5, 0x5a, 0x56, 0x51, 0xc5, 0x5c, 0x56, 0x52, 0xc5, 0x5e, 0x56, 0x53, 0xc5, 0x60,
    0x56, 0x54, 0xc5, 0x62, 0x56, 0xfa, 0x6e, 0xcf, 0x56, 0x67, 0x5a, 0x00, 0xff, 0x4d, 0xc7, 0x64, 0x56, 0x4e, 0xc7,
    0x66, 0x56, 0x4f, 0xc7, 0x68, 0x56, 0x50, 0xc7, 0x6a, 0x56, 0x51, 0xc7, 0x6c, 0x56, 0x52, 0xc7, 0x6e, 0x56, 0x53,
    0xc7, 0x70, 0x56, 0x54, 0xc7, 0x72, 0x56, 0xfa, 0x6e, 0xd1, 0x56, 0x68, 0x5a, 0x00, 0xff, 0x4d, 0xc9, 0x74, 0x56,
    0x4e, 0xc9, 0x76, 0x56, 0x4f, 0xc9, 0x78, 0x56, 0x50, 0xc9, 0x7a, 0x56, 0x51, 0xc9, 0x7c, 0x56, 0x52, 0xc9, 0x7e,
    0x56, 0x53, 0xc9, 0x80, 0x56, 0x54, 0xc9, 0x82, 0x56, 0x40, 0xa1, 0x34, 0xd8, 0xa7, 0x8d, 0x00, 0x00, 0x80, 0x42,
    0xfc, 0xdb, 0xaf, 0x00, 0x00, 0x4d, 0x40, 0xa1, 0x34, 0xd8, 0xa8, 0x8e, 0x00, 0x00, 0x80, 0x43, 0xfc, 0xdb, 0xaf,
    0x00, 0x00, 0x51, 0x40, 0xa1, 0x34, 0xd8, 0xa9, 0x8f, 0x00, 0x00, 0x80, 0x40, 0xfc, 0xdb, 0xa5, 0x00, 0x00, 0x5d,
    0x40, 0xa1, 0x34, 0xd8, 0xaa, 0x90, 0x00, 0x00, 0x00, 0x41, 0xfc, 0xdb, 0xa5, 0x00, 0x00, 0x61, 0x00, 0x00, 0x8f,
    0xbf, 0x28, 0x46, 0x28, 0x80, 0x29, 0x47, 0x29, 0x82, 0x00, 0x10, 0x30, 0xe0, 0x99, 0x89, 0x0a, 0x80, 0x00, 0x10,
    0x30, 0xe0, 0x9b, 0x8b, 0x0a, 0x80, 0x00, 0x10, 0x30, 0xe0, 0x9a, 0x8a, 0x0a, 0x80, 0x00, 0x10, 0x30, 0xe0, 0x9c,
    0x8c, 0x0a, 0x80, 0x7f, 0xc8, 0x8c, 0xbf, 0xc8, 0xff, 0xf8, 0xd8, 0x00, 0x00, 0x00, 0xbc, 0x01, 0x00, 0x8f, 0xbf,
    0x9a, 0x1d, 0x92, 0xbe, 0x48, 0xc1, 0x48, 0x80, 0x06, 0x00, 0x85, 0xbf, 0xe5, 0x06, 0x26, 0xbb, 0x00, 0x00, 0x80,
    0xbf, 0x00, 0x00, 0x80, 0xbf, 0x00, 0x00, 0x80, 0xbf, 0x00, 0x00, 0x80, 0xbf, 0x00, 0x00, 0x80, 0xbf, 0x69, 0x00,
    0x05, 0xd5, 0x6b, 0xd3, 0x02, 0x18, 0x45, 0xab, 0x04, 0x56, 0x46, 0xab, 0x06, 0x56, 0x47, 0xab, 0x08, 0x56, 0x48,
    0xab, 0x0a, 0x56, 0x49, 0xab, 0x0c, 0x56, 0x4a, 0xab, 0x0e, 0x56, 0x4b, 0xab, 0x10, 0x56, 0x4c, 0xab, 0x12, 0x56,
    0x6c, 0x00, 0x05, 0xd5, 0x6a, 0xd9, 0x02, 0x18, 0x45, 0xad, 0x14, 0x56, 0x46, 0xad, 0x16, 0x56, 0x47, 0xad, 0x18,
    0x56, 0x48, 0xad, 0x1a, 0x56, 0x49, 0xad, 0x1c, 0x56, 0x4a, 0xad, 0x1e, 0x56, 0x4b, 0xad, 0x20, 0x56, 0x4c, 0xad,
    0x22, 0x56, 0x6a, 0x00, 0x03, 0xd5, 0x6b, 0xd5, 0x02, 0x18, 0x45, 0xaf, 0x24, 0x56, 0x46, 0xaf, 0x26, 0x56, 0x47,
    0xaf, 0x28, 0x56, 0x48, 0xaf, 0x2a, 0x56, 0x49, 0xaf, 0x2c, 0x56, 0x4a, 0xaf, 0x2e, 0x56, 0x4b, 0xaf, 0x30, 0x56,
    0x4c, 0xaf, 0x32, 0x56, 0x6b, 0x00, 0x4b, 0xd5, 0x6b, 0xe5, 0xa9, 0x85, 0x45, 0xb1, 0x34, 0x56, 0x46, 0xb1, 0x36,
    0x56, 0x47, 0xb1, 0x38, 0x56, 0x48, 0xb1, 0x3a, 0x56, 0x49, 0xb1, 0x3c, 0x56, 0x4a, 0xb1, 0x3e, 0x56, 0x4b, 0xb1,
    0x40, 0x56, 0x4c, 0xb1, 0x42, 0x56, 0xfa, 0x6e, 0xd3, 0x56, 0x69, 0x5a, 0x00, 0xff, 0x45, 0xb3, 0x44, 0x56, 0x46,
    0xb3, 0x46, 0x56, 0x47, 0xb3, 0x48, 0x56, 0x48, 0xb3, 0x4a, 0x56, 0x49, 0xb3, 0x4c, 0x56, 0x4a, 0xb3, 0x4e, 0x56,
    0x4b, 0xb3, 0x50, 0x56, 0x4c, 0xb3, 0x52, 0x56, 0xfa, 0x6e, 0xd5, 0x56, 0x6a, 0x5a, 0x00, 0xff, 0x45, 0xb5, 0x54,
    0x56, 0x46, 0xb5, 0x56, 0x56, 0x47, 0xb5, 0x58, 0x56, 0x48, 0xb5, 0x5a, 0x56, 0x49, 0xb5, 0x5c, 0x56, 0x4a, 0xb5,
    0x5e, 0x56, 0x4b, 0xb5, 0x60, 0x56, 0x4c, 0xb5, 0x62, 0x56, 0xfa, 0x6e, 0xd7, 0x56, 0x6b, 0x5a, 0x00, 0xff, 0x45,
    0xb7, 0x64, 0x56, 0x46, 0xb7, 0x66, 0x56, 0x47, 0xb7, 0x68, 0x56, 0x48, 0xb7, 0x6a, 0x56, 0x49, 0xb7, 0x6c, 0x56,
    0x4a, 0xb7, 0x6e, 0x56, 0x4b, 0xb7, 0x70, 0x56, 0x4c, 0xb7, 0x72, 0x56, 0xfa, 0x6e, 0xd9, 0x56, 0x6c, 0x5a, 0x00,
    0xff, 0x45, 0xb9, 0x74, 0x56, 0x46, 0xb9, 0x76, 0x56, 0x47, 0xb9, 0x78, 0x56, 0x48, 0xb9, 0x7a, 0x56, 0x49, 0xb9,
    0x7c, 0x56, 0x4a, 0xb9, 0x7e, 0x56, 0x4b, 0xb9, 0x80, 0x56, 0x4c, 0xb9, 0x82, 0x56, 0x40, 0xa1, 0x34, 0xd8, 0xab,
    0x91, 0x00, 0x00, 0xc0, 0x52, 0xfc, 0xdb, 0xaf, 0x00, 0x00, 0x45, 0x40, 0xa1, 0x34, 0xd8, 0xac, 0x92, 0x00, 0x00,
    0xc0, 0x53, 0xfc, 0xdb, 0xaf, 0x00, 0x00, 0x49, 0x40, 0xa1, 0x34, 0xd8, 0xad, 0x93, 0x00, 0x00, 0xc0, 0x50, 0xfc,
    0xdb, 0xa5, 0x00, 0x00, 0x55, 0x40, 0xa1, 0x34, 0xd8, 0xae, 0x94, 0x00, 0x00, 0x40, 0x51, 0xfc, 0xdb, 0xa5, 0x00,
    0x00, 0x59, 0x00, 0x00, 0x8f, 0xbf, 0xff, 0x03, 0xfc, 0xbe, 0xc8, 0xff, 0x02, 0x00, 0x28, 0x45, 0x28, 0x80, 0x29,
    0x80, 0x29, 0x82, 0x00, 0x10, 0x30, 0xe0, 0x95, 0x8d, 0x0a, 0x80, 0x00, 0x10, 0x30, 0xe0, 0x97, 0x8f, 0x0a, 0x80,
    0x00, 0x10, 0x30, 0xe0, 0x96, 0x8e, 0x0a, 0x80, 0x00, 0x10, 0x30, 0xe0, 0x98, 0x90, 0x0a, 0x80, 0x7c, 0x48, 0x8c,
    0xbf, 0x01, 0x00, 0x8f, 0xbf, 0x9a, 0x1b, 0x92, 0xbe, 0x48, 0xc1, 0x48, 0x80, 0x06, 0x00, 0x85, 0xbf, 0x6d, 0x06,
    0x26, 0xbb, 0x00, 0x00, 0x80, 0xbf, 0x00, 0x00, 0x80, 0xbf, 0x00, 0x00, 0x80, 0xbf, 0x00, 0x00, 0x80, 0xbf, 0x00,
    0x00, 0x80, 0xbf, 0x6d, 0x00, 0x05, 0xd5, 0x6f, 0xdb, 0x02, 0x18, 0x4d, 0xbb, 0x04, 0x56, 0x4e, 0xbb, 0x06, 0x56,
    0x4f, 0xbb, 0x08, 0x56, 0x50, 0xbb, 0x0a, 0x56, 0x51, 0xbb, 0x0c, 0x56, 0x52, 0xbb, 0x0e, 0x56, 0x53, 0xbb, 0x10,
    0x56, 0x54, 0xbb, 0x12, 0x56, 0x70, 0x00, 0x05, 0xd5, 0x6e, 0xe1, 0x02, 0x18, 0x4d, 0xbd, 0x14, 0x56, 0x4e, 0xbd,
    0x16, 0x56, 0x4f, 0xbd, 0x18, 0x56, 0x50, 0xbd, 0x1a, 0x56, 0x51, 0xbd, 0x1c, 0x56, 0x52, 0xbd, 0x1e, 0x56, 0x53,
    0xbd, 0x20, 0x56, 0x54, 0xbd, 0x22, 0x56, 0x6e, 0x00, 0x03, 0xd5, 0x6f, 0xdd, 0x02, 0x18, 0x4d, 0xbf, 0x24, 0x56,
    0x4e, 0xbf, 0x26, 0x56, 0x4f, 0xbf, 0x28, 0x56, 0x50, 0xbf, 0x2a, 0x56, 0x51, 0xbf, 0x2c, 0x56, 0x52, 0xbf, 0x2e,
    0x56, 0x53, 0xbf, 0x30, 0x56, 0x54, 0xbf, 0x32, 0x56, 0x6f, 0x00, 0x4b, 0xd5, 0x6f, 0xe5, 0xb9, 0x85, 0x4d, 0xc1,
    0x34, 0x56, 0x4e, 0xc1, 0x36, 0x56, 0x4f, 0xc1, 0x38, 0x56, 0x50, 0xc1, 0x3a, 0x56, 0x51, 0xc1, 0x3c, 0x56, 0x52,
    0xc1, 0x3e, 0x56, 0x53, 0xc1, 0x40, 0x56, 0x54, 0xc1, 0x42, 0x56, 0xfa, 0x6e, 0xdb, 0x56, 0x6d, 0x5a, 0x00, 0xff,
    0x4d, 0xc3, 0x44, 0x56, 0x4e, 0xc3, 0x46, 0x56, 0x4f, 0xc3, 0x48, 0x56, 0x50, 0xc3, 0x4a, 0x56, 0x51, 0xc3, 0x4c,
    0x56, 0x52, 0xc3, 0x4e, 0x56, 0x53, 0xc3, 0x50, 0x56, 0x54, 0xc3, 0x52, 0x56, 0xfa, 0x6e, 0xdd, 0x56, 0x6e, 0x5a,
    0x00, 0xff, 0x4d, 0xc5, 0x54, 0x56, 0x4e, 0xc5, 0x56, 0x56, 0x4f, 0xc5, 0x58, 0x56, 0x50, 0xc5, 0x5a, 0x56, 0x51,
    0xc5, 0x5c, 0x56, 0x52, 0xc5, 0x5e, 0x56, 0x53, 0xc5, 0x60, 0x56, 0x54, 0xc5, 0x62, 0x56, 0xfa, 0x6e, 0xdf, 0x56,
    0x6f, 0x5a, 0x00, 0xff, 0x4d, 0xc7, 0x64, 0x56, 0x4e, 0xc7, 0x66, 0x56, 0x4f, 0xc7, 0x68, 0x56, 0x50, 0xc7, 0x6a,
    0x56, 0x51, 0xc7, 0x6c, 0x56, 0x52, 0xc7, 0x6e, 0x56, 0x53, 0xc7, 0x70, 0x56, 0x54, 0xc7, 0x72, 0x56, 0xfa, 0x6e,
    0xe1, 0x56, 0x70, 0x5a, 0x00, 0xff, 0x4d, 0xc9, 0x74, 0x56, 0x4e, 0xc9, 0x76, 0x56, 0x4f, 0xc9, 0x78, 0x56, 0x50,
    0xc9, 0x7a, 0x56, 0x51, 0xc9, 0x7c, 0x56, 0x52, 0xc9, 0x7e, 0x56, 0x53, 0xc9, 0x80, 0x56, 0x54, 0xc9, 0x82, 0x56,
    0x6a, 0x00, 0xc2, 0xd4, 0xfe, 0xb6, 0x00, 0x00, 0xfd, 0xff, 0x86, 0xbf, 0x00, 0x00, 0x34, 0xd8, 0xa7, 0x65, 0x00,
    0x00, 0xc0, 0x62, 0xfc, 0xdb, 0xaf, 0x00, 0x00, 0x4d, 0x00, 0x00, 0x34, 0xd8, 0xa8, 0x66, 0x00, 0x00, 0xc0, 0x63,
    0xfc, 0xdb, 0xaf, 0x00, 0x00, 0x51, 0x00, 0x00, 0x34, 0xd8, 0xa9, 0x67, 0x00, 0x00, 0xc0, 0x60, 0xfc, 0xdb, 0xa5,
    0x00, 0x00, 0x5d, 0x00, 0x00, 0x34, 0xd8, 0xaa, 0x68, 0x00, 0x00, 0x40, 0x61, 0xfc, 0xdb, 0xa5, 0x00, 0x00, 0x61,
    0x00, 0x00, 0x8f, 0xbf, 0x28, 0x46, 0x28, 0x80, 0x29, 0x47, 0x29, 0x82, 0x00, 0x10, 0x30, 0xe0, 0x99, 0x91, 0x0a,
    0x80, 0x00, 0x10, 0x30, 0xe0, 0x9b, 0x93, 0x0a, 0x80, 0x00, 0x10, 0x30, 0xe0, 0x9a, 0x92, 0x0a, 0x80, 0x00, 0x10,
    0x30, 0xe0, 0x9c, 0x94, 0x0a, 0x80, 0x7f, 0xc8, 0x8c, 0xbf, 0x01, 0x00, 0x8f, 0xbf, 0x9a, 0x1d, 0x92, 0xbe, 0x48,
    0xc1, 0x48, 0x80, 0x65, 0xfa, 0x85, 0xbf, 0xf4, 0x05, 0x26, 0xbb, 0x63, 0xfa, 0x82, 0xbf, 0x00, 0x00, 0x80, 0xbf,
    0x00, 0x00, 0x80, 0xbf, 0x00, 0x00, 0x80, 0xbf, 0xfa, 0xe2, 0xe2, 0x02, 0x71, 0x41, 0x01, 0xff, 0x45, 0xab, 0x04,
    0x56, 0x46, 0xab, 0x06, 0x56, 0x47, 0xab, 0x08, 0x56, 0x48, 0xab, 0x0a, 0x56, 0x49, 0xab, 0x0c, 0x56, 0x4a, 0xab,
    0x0e, 0x56, 0x4b, 0xab, 0x10, 0x56, 0x4c, 0xab, 0x12, 0x56, 0xfa, 0xe4, 0xe4, 0x02, 0x72, 0x41, 0x01, 0xff, 0x45,
    0xad, 0x14, 0x56, 0x46, 0xad, 0x16, 0x56, 0x47, 0xad, 0x18, 0x56, 0x01, 0x00, 0x8f, 0xbf, 0x48, 0xad, 0x1a, 0x56,
    0x49, 0xad, 0x1c, 0x56, 0x4a, 0xad, 0x1e, 0x56, 0x4b, 0xad, 0x20, 0x56, 0x4c, 0xad, 0x22, 0x56, 0xfa, 0xe6, 0xe6,
    0x02, 0x73, 0x41, 0x01, 0xff, 0x45, 0xaf, 0x24, 0x56, 0x46, 0xaf, 0x26, 0x56, 0x47, 0xaf, 0x28, 0x56, 0x48, 0xaf,
    0x2a, 0x56, 0x49, 0xaf, 0x2c, 0x56, 0x4a, 0xaf, 0x2e, 0x56, 0x4b, 0xaf, 0x30, 0x56, 0x4c, 0xaf, 0x32, 0x56, 0xfa,
    0xe8, 0xe8, 0x02, 0x74, 0x41, 0x01, 0xff, 0x45, 0xb1, 0x34, 0x56, 0x46, 0xb1, 0x36, 0x56, 0x47, 0xb1, 0x38, 0x56,
    0x48, 0xb1, 0x3a, 0x56, 0x49, 0xb1, 0x3c, 0x56, 0x4a, 0xb1, 0x3e, 0x56, 0x4b, 0xb1, 0x40, 0x56, 0x4c, 0xb1, 0x42,
    0x56, 0xfa, 0xe4, 0xe2, 0x06, 0x72, 0x80, 0x00, 0xff, 0x45, 0xb3, 0x44, 0x56, 0x46, 0xb3, 0x46, 0x56, 0x47, 0xb3,
    0x48, 0x56, 0x48, 0xb3, 0x4a, 0x56, 0x49, 0xb3, 0x4c, 0x56, 0x4a, 0xb3, 0x4e, 0x56, 0x4b, 0xb3, 0x50, 0x56, 0x4c,
    0xb3, 0x52, 0x56, 0xfa, 0x6e, 0xe3, 0x56, 0x72, 0xd8, 0x00, 0xff, 0x45, 0xb5, 0x54, 0x56, 0x46, 0xb5, 0x56, 0x56,
    0x47, 0xb5, 0x58, 0x56, 0x48, 0xb5, 0x5a, 0x56, 0x49, 0xb5, 0x5c, 0x56, 0x4a, 0xb5, 0x5e, 0x56, 0x4b, 0xb5, 0x60,
    0x56, 0x4c, 0xb5, 0x62, 0x56, 0xfa, 0xe8, 0x74, 0x07, 0x74, 0x80, 0x00, 0xff, 0x45, 0xb7, 0x64, 0x56, 0x46, 0xb7,
    0x66, 0x56, 0x47, 0xb7, 0x68, 0x56, 0x48, 0xb7, 0x6a, 0x56, 0x49, 0xb7, 0x6c, 0x56, 0x4a, 0xb7, 0x6e, 0x56, 0x4b,
    0xb7, 0x70, 0x56, 0x4c, 0xb7, 0x72, 0x56, 0xfa, 0x6e, 0x75, 0x57, 0x74, 0xd8, 0x00, 0xff, 0x45, 0xb9, 0x74, 0x56,
    0x46, 0xb9, 0x76, 0x56, 0x47, 0xb9, 0x78, 0x56, 0x48, 0xb9, 0x7a, 0x56, 0x49, 0xb9, 0x7c, 0x56, 0x4a, 0xb9, 0x7e,
    0x56, 0x4b, 0xb9, 0x80, 0x56, 0x4c, 0xb9, 0x82, 0x56, 0xfa, 0xe6, 0xe8, 0x06, 0x73, 0x80, 0x00, 0xff, 0xfa, 0x6e,
    0xe9, 0x56, 0x73, 0xd8, 0x00, 0xff, 0x71, 0xe9, 0xe6, 0x06, 0x72, 0x00, 0x03, 0xd5, 0xba, 0xe7, 0x02, 0x18, 0x73,
    0x00, 0x03, 0xd5, 0xba, 0xe7, 0x02, 0x38, 0x00, 0x00, 0x34, 0xd8, 0xab, 0x69, 0x00, 0x00, 0x00, 0x73, 0xfc, 0xdb,
    0xaf, 0x00, 0x00, 0x45, 0x00, 0x00, 0x34, 0xd8, 0xac, 0x6a, 0x00, 0x00, 0x00, 0x74, 0xfc, 0xdb, 0xaf, 0x00, 0x00,
    0x49, 0x00, 0x00, 0x34, 0xd8, 0xad, 0x6b, 0x00, 0x00, 0x00, 0x71, 0xfc, 0xdb, 0xa5, 0x00, 0x00, 0x55, 0x00, 0x00,
    0x34, 0xd8, 0xae, 0x6c, 0x00, 0x00, 0x80, 0x71, 0xfc, 0xdb, 0xa5, 0x00, 0x00, 0x59, 0x00, 0x00, 0x8f, 0xbf, 0x5b,
    0xff, 0x5b, 0x80, 0x00, 0x01, 0x00, 0x00, 0x28, 0x45, 0x28, 0x80, 0x29, 0x80, 0x29, 0x82, 0x00, 0x10, 0x30, 0xe0,
    0x97, 0x67, 0x0a, 0x80, 0x00, 0x10, 0x30, 0xe0, 0x96, 0x66, 0x0a, 0x80, 0x00, 0x10, 0x30, 0xe0, 0x98, 0x68, 0x0a,
    0x80, 0x75, 0x48, 0x8c, 0xbf, 0x9a, 0x1b, 0x92, 0xbe, 0x48, 0xc1, 0x48, 0x80, 0x07, 0x00, 0x85, 0xbf, 0x76, 0x05,
    0x26, 0xbb, 0x00, 0x00, 0x80, 0xbf, 0x00, 0x00, 0x80, 0xbf, 0x00, 0x00, 0x80, 0xbf, 0x00, 0x00, 0x80, 0xbf, 0x00,
    0x00, 0x80, 0xbf, 0x00, 0x00, 0x80, 0xbf, 0xfa, 0xea, 0xea, 0x02, 0x75, 0x41, 0x01, 0xff, 0x4d, 0xbb, 0x04, 0x56,
    0x4e, 0xbb, 0x06, 0x56, 0x4f, 0xbb, 0x08, 0x56, 0x50, 0xbb, 0x0a, 0x56, 0x51, 0xbb, 0x0c, 0x56, 0x52, 0xbb, 0x0e,
    0x56, 0x53, 0xbb, 0x10, 0x56, 0x54, 0xbb, 0x12, 0x56, 0xfa, 0xec, 0xec, 0x02, 0x76, 0x41, 0x01, 0xff, 0x4d, 0xbd,
    0x14, 0x56, 0x4e, 0xbd, 0x16, 0x56, 0x4f, 0xbd, 0x18, 0x56, 0x01, 0x00, 0x8f, 0xbf, 0x50, 0xbd, 0x1a, 0x56, 0x51,
    0xbd, 0x1c, 0x56, 0x52, 0xbd, 0x1e, 0x56, 0x53, 0xbd, 0x20, 0x56, 0x54, 0xbd, 0x22, 0x56, 0xfa, 0xee, 0xee, 0x02,
    0x77, 0x41, 0x01, 0xff, 0x4d, 0xbf, 0x24, 0x56, 0x4e, 0xbf, 0x26, 0x56, 0x4f, 0xbf, 0x28, 0x56, 0x50, 0xbf, 0x2a,
    0x56, 0x51, 0xbf, 0x2c, 0x56, 0x52, 0xbf, 0x2e, 0x56, 0x53, 0xbf, 0x30, 0x56, 0x54, 0xbf, 0x32, 0x56, 0xfa, 0xf0,
    0xf0, 0x02, 0x78, 0x41, 0x01, 0xff, 0x4d, 0xc1, 0x34, 0x56, 0x4e, 0xc1, 0x36, 0x56, 0x4f, 0xc1, 0x38, 0x56, 0x50,
    0xc1, 0x3a, 0x56, 0x51, 0xc1, 0x3c, 0x56, 0x52, 0xc1, 0x3e, 0x56, 0x53, 0xc1, 0x40, 0x56, 0x54, 0xc1, 0x42, 0x56,
    0xfa, 0xec, 0xea, 0x06, 0x76, 0x80, 0x00, 0xff, 0x4d, 0xc3, 0x44, 0x56, 0x4e, 0xc3, 0x46, 0x56, 0x4f, 0xc3, 0x48,
    0x56, 0x50, 0xc3, 0x4a, 0x56, 0x51, 0xc3, 0x4c, 0x56, 0x52, 0xc3, 0x4e, 0x56, 0x53, 0xc3, 0x50, 0x56, 0x54, 0xc3,
    0x52, 0x56, 0xfa, 0x6e, 0xeb, 0x56, 0x76, 0xd8, 0x00, 0xff, 0x4d, 0xc5, 0x54, 0x56, 0x4e, 0xc5, 0x56, 0x56, 0x4f,
    0xc5, 0x58, 0x56, 0x50, 0xc5, 0x5a, 0x56, 0x51, 0xc5, 0x5c, 0x56, 0x52, 0xc5, 0x5e, 0x56, 0x53, 0xc5, 0x60, 0x56,
    0x54, 0xc5, 0x62, 0x56, 0xfa, 0xf0, 0x74, 0x07, 0x78, 0x80, 0x00, 0xff, 0x4d, 0xc7, 0x64, 0x56, 0x4e, 0xc7, 0x66,
    0x56, 0x4f, 0xc7, 0x68, 0x56, 0x50, 0xc7, 0x6a, 0x56, 0x51, 0xc7, 0x6c, 0x56, 0x52, 0xc7, 0x6e, 0x56, 0x53, 0xc7,
    0x70, 0x56, 0x54, 0xc7, 0x72, 0x56, 0xfa, 0x6e, 0x75, 0x57, 0x78, 0xd8, 0x00, 0xff, 0x4d, 0xc9, 0x74, 0x56, 0x4e,
    0xc9, 0x76, 0x56, 0x4f, 0xc9, 0x78, 0x56, 0x50, 0xc9, 0x7a, 0x56, 0x51, 0xc9, 0x7c, 0x56, 0x52, 0xc9, 0x7e, 0x56,
    0x53, 0xc9, 0x80, 0x56, 0x54, 0xc9, 0x82, 0x56, 0xfa, 0xee, 0xf0, 0x06, 0x77, 0x80, 0x00, 0xff, 0xfa, 0x6e, 0xf1,
    0x56, 0x77, 0xd8, 0x00, 0xff, 0x75, 0xf1, 0xee, 0x06, 0x76, 0x00, 0x03, 0xd5, 0xba, 0xef, 0x02, 0x18, 0x77, 0x00,
    0x03, 0xd5, 0xba, 0xef, 0x02, 0x38, 0x40, 0x20, 0x34, 0xd8, 0xa7, 0x6d, 0x00, 0x00, 0x00, 0x83, 0xfc, 0xdb, 0xaf,
    0x00, 0x00, 0x4d, 0x40, 0x20, 0x34, 0xd8, 0xa8, 0x6e, 0x00, 0x00, 0x00, 0x84, 0xfc, 0xdb, 0xaf, 0x00, 0x00, 0x51,
    0x40, 0x20, 0x34, 0xd8, 0xa9, 0x6f, 0x00, 0x00, 0x00, 0x81, 0xfc, 0xdb, 0xa5, 0x00, 0x00, 0x5d, 0x40, 0x20, 0x34,
    0xd8, 0xaa, 0x70, 0x00, 0x00, 0x80, 0x81, 0xfc, 0xdb, 0xa5, 0x00, 0x00, 0x61, 0x00, 0x00, 0x8f, 0xbf, 0x28, 0x46,
    0x28, 0x80, 0x29, 0x47, 0x29, 0x82, 0x00, 0x10, 0x30, 0xe0, 0x9b, 0x6b, 0x0a, 0x80, 0x00, 0x10, 0x30, 0xe0, 0x9a,
    0x6a, 0x0a, 0x80, 0x00, 0x10, 0x30, 0xe0, 0x9c, 0x6c, 0x0a, 0x80, 0x7f, 0xc8, 0x8c, 0xbf, 0xc0, 0xff, 0xf8, 0xd8,
    0x00, 0x00, 0x00, 0xbc, 0x9a, 0x1d, 0x92, 0xbe, 0x48, 0xc1, 0x48, 0x80, 0x07, 0x00, 0x85, 0xbf, 0xf6, 0x04, 0x26,
    0xbb, 0x00, 0x00, 0x80, 0xbf, 0x00, 0x00, 0x80, 0xbf, 0x00, 0x00, 0x80, 0xbf, 0x00, 0x00, 0x80, 0xbf, 0x00, 0x00,
    0x80, 0xbf, 0x00, 0x00, 0x80, 0xbf, 0xfa, 0xf2, 0xf2, 0x02, 0x79, 0x41, 0x01, 0xff, 0x45, 0xab, 0x04, 0x56, 0x46,
    0xab, 0x06, 0x56, 0x47, 0xab, 0x08, 0x56, 0x48, 0xab, 0x0a, 0x56, 0x49, 0xab, 0x0c, 0x56, 0x4a, 0xab, 0x0e, 0x56,
    0x4b, 0xab, 0x10, 0x56, 0x4c, 0xab, 0x12, 0x56, 0xfa, 0xf4, 0xf4, 0x02, 0x7a, 0x41, 0x01, 0xff, 0x45, 0xad, 0x14,
    0x56, 0x46, 0xad, 0x16, 0x56, 0x47, 0xad, 0x18, 0x56, 0x01, 0x00, 0x8f, 0xbf, 0x48, 0xad, 0x1a, 0x56, 0x49, 0xad,
    0x1c, 0x56, 0x4a, 0xad, 0x1e, 0x56, 0x4b, 0xad, 0x20, 0x56, 0x4c, 0xad, 0x22, 0x56, 0xfa, 0xf6, 0xf6, 0x02, 0x7b,
    0x41, 0x01, 0xff, 0x45, 0xaf, 0x24, 0x56, 0x46, 0xaf, 0x26, 0x56, 0x47, 0xaf, 0x28, 0x56, 0x48, 0xaf, 0x2a, 0x56,
    0x49, 0xaf, 0x2c, 0x56, 0x4a, 0xaf, 0x2e, 0x56, 0x4b, 0xaf, 0x30, 0x56, 0x4c, 0xaf, 0x32, 0x56, 0xfa, 0xf8, 0xf8,
    0x02, 0x7c, 0x41, 0x01, 0xff, 0x45, 0xb1, 0x34, 0x56, 0x46, 0xb1, 0x36, 0x56, 0x47, 0xb1, 0x38, 0x56, 0x48, 0xb1,
    0x3a, 0x56, 0x49, 0xb1, 0x3c, 0x56, 0x4a, 0xb1, 0x3e, 0x56, 0x4b, 0xb1, 0x40, 0x56, 0x4c, 0xb1, 0x42, 0x56, 0xfa,
    0xf4, 0xf2, 0x06, 0x7a, 0x80, 0x00, 0xff, 0x45, 0xb3, 0x44, 0x56, 0x46, 0xb3, 0x46, 0x56, 0x47, 0xb3, 0x48, 0x56,
    0x48, 0xb3, 0x4a, 0x56, 0x49, 0xb3, 0x4c, 0x56, 0x4a, 0xb3, 0x4e, 0x56, 0x4b, 0xb3, 0x50, 0x56, 0x4c, 0xb3, 0x52,
    0x56, 0xfa, 0x6e, 0xf3, 0x56, 0x7a, 0xd8, 0x00, 0xff, 0x45, 0xb5, 0x54, 0x56, 0x46, 0xb5, 0x56, 0x56, 0x47, 0xb5,
    0x58, 0x56, 0x48, 0xb5, 0x5a, 0x56, 0x49, 0xb5, 0x5c, 0x56, 0x4a, 0xb5, 0x5e, 0x56, 0x4b, 0xb5, 0x60, 0x56, 0x4c,
    0xb5, 0x62, 0x56, 0xfa, 0xf8, 0x74, 0x07, 0x7c, 0x80, 0x00, 0xff, 0x45, 0xb7, 0x64, 0x56, 0x46, 0xb7, 0x66, 0x56,
    0x47, 0xb7, 0x68, 0x56, 0x48, 0xb7, 0x6a, 0x56, 0x49, 0xb7, 0x6c, 0x56, 0x4a, 0xb7, 0x6e, 0x56, 0x4b, 0xb7, 0x70,
    0x56, 0x4c, 0xb7, 0x72, 0x56, 0xfa, 0x6e, 0x75, 0x57, 0x7c, 0xd8, 0x00, 0xff, 0x45, 0xb9, 0x74, 0x56, 0x46, 0xb9,
    0x76, 0x56, 0x47, 0xb9, 0x78, 0x56, 0x48, 0xb9, 0x7a, 0x56, 0x49, 0xb9, 0x7c, 0x56, 0x4a, 0xb9, 0x7e, 0x56, 0x4b,
    0xb9, 0x80, 0x56, 0x4c, 0xb9, 0x82, 0x56, 0xfa, 0xf6, 0xf8, 0x06, 0x7b, 0x80, 0x00, 0xff, 0xfa, 0x6e, 0xf9, 0x56,
    0x7b, 0xd8, 0x00, 0xff, 0x79, 0xf9, 0xf6, 0x06, 0x7a, 0x00, 0x03, 0xd5, 0xba, 0xf7, 0x02, 0x18, 0x7b, 0x00, 0x03,
    0xd5, 0xba, 0xf7, 0x02, 0x38, 0x40, 0x20, 0x34, 0xd8, 0xab, 0x71, 0x00, 0x00, 0x40, 0x93, 0xfc, 0xdb, 0xaf, 0x00,
    0x00, 0x45, 0x40, 0x20, 0x34, 0xd8, 0xac, 0x72, 0x00, 0x00, 0x40, 0x94, 0xfc, 0xdb, 0xaf, 0x00, 0x00, 0x49, 0x40,
    0x20, 0x34, 0xd8, 0xad, 0x73, 0x00, 0x00, 0x40, 0x91, 0xfc, 0xdb, 0xa5, 0x00, 0x00, 0x55, 0x40, 0x20, 0x34, 0xd8,
    0xae, 0x74, 0x00, 0x00, 0xc0, 0x91, 0xfc, 0xdb, 0xa5, 0x00, 0x00, 0x59, 0x00, 0x00, 0x8f, 0xbf, 0xff, 0x03, 0xfc,
    0xbe, 0xc0, 0xff, 0x02, 0x00, 0x28, 0x45, 0x28, 0x80, 0x29, 0x80, 0x29, 0x82, 0x00, 0x10, 0x30, 0xe0, 0x97, 0x6f,
    0x0a, 0x80, 0x00, 0x10, 0x30, 0xe0, 0x96, 0x6e, 0x0a, 0x80, 0x00, 0x10, 0x30, 0xe0, 0x98, 0x70, 0x0a, 0x80, 0x75,
    0x48, 0x8c, 0xbf, 0x9a, 0x1b, 0x92, 0xbe, 0x48, 0xc1, 0x48, 0x80, 0x07, 0x00, 0x85, 0xbf, 0x76, 0x04, 0x26, 0xbb,
    0x00, 0x00, 0x80, 0xbf, 0x00, 0x00, 0x80, 0xbf, 0x00, 0x00, 0x80, 0xbf, 0x00, 0x00, 0x80, 0xbf, 0x00, 0x00, 0x80,
    0xbf, 0x00, 0x00, 0x80, 0xbf, 0xfa, 0xfa, 0xfa, 0x02, 0x7d, 0x41, 0x01, 0xff, 0x4d, 0xbb, 0x04, 0x56, 0x4e, 0xbb,
    0x06, 0x56, 0x4f, 0xbb, 0x08, 0x56, 0x50, 0xbb, 0x0a, 0x56, 0x51, 0xbb, 0x0c, 0x56, 0x52, 0xbb, 0x0e, 0x56, 0x53,
    0xbb, 0x10, 0x56, 0x54, 0xbb, 0x12, 0x56, 0xfa, 0xfc, 0xfc, 0x02, 0x7e, 0x41, 0x01, 0xff, 0x4d, 0xbd, 0x14, 0x56,
    0x4e, 0xbd, 0x16, 0x56, 0x4f, 0xbd, 0x18, 0x56, 0x01, 0x00, 0x8f, 0xbf, 0x50, 0xbd, 0x1a, 0x56, 0x51, 0xbd, 0x1c,
    0x56, 0x52, 0xbd, 0x1e, 0x56, 0x53, 0xbd, 0x20, 0x56, 0x54, 0xbd, 0x22, 0x56, 0xfa, 0xfe, 0xfe, 0x02, 0x7f, 0x41,
    0x01, 0xff, 0x4d, 0xbf, 0x24, 0x56, 0x4e, 0xbf, 0x26, 0x56, 0x4f, 0xbf, 0x28, 0x56, 0x50, 0xbf, 0x2a, 0x56, 0x51,
    0xbf, 0x2c, 0x56, 0x52, 0xbf, 0x2e, 0x56, 0x53, 0xbf, 0x30, 0x56, 0x54, 0xbf, 0x32, 0x56, 0xfa, 0x00, 0x01, 0x03,
    0x80, 0x41, 0x01, 0xff, 0x4d, 0xc1, 0x34, 0x56, 0x4e, 0xc1, 0x36, 0x56, 0x4f, 0xc1, 0x38, 0x56, 0x50, 0xc1, 0x3a,
    0x56, 0x51, 0xc1, 0x3c, 0x56, 0x52, 0xc1, 0x3e, 0x56, 0x53, 0xc1, 0x40, 0x56, 0x54, 0xc1, 0x42, 0x56, 0xfa, 0xfc,
    0xfa, 0x06, 0x7e, 0x80, 0x00, 0xff, 0x4d, 0xc3, 0x44, 0x56, 0x4e, 0xc3, 0x46, 0x56, 0x4f, 0xc3, 0x48, 0x56, 0x50,
    0xc3, 0x4a, 0x56, 0x51, 0xc3, 0x4c, 0x56, 0x52, 0xc3, 0x4e, 0x56, 0x53, 0xc3, 0x50, 0x56, 0x54, 0xc3, 0x52, 0x56,
    0xfa, 0x6e, 0xfb, 0x56, 0x7e, 0xd8, 0x00, 0xff, 0x4d, 0xc5, 0x54, 0x56, 0x4e, 0xc5, 0x56, 0x56, 0x4f, 0xc5, 0x58,
    0x56, 0x50, 0xc5, 0x5a, 0x56, 0x51, 0xc5, 0x5c, 0x56, 0x52, 0xc5, 0x5e, 0x56, 0x53, 0xc5, 0x60, 0x56, 0x54, 0xc5,
    0x62, 0x56, 0xfa, 0x00, 0x75, 0x07, 0x80, 0x80, 0x00, 0xff, 0x4d, 0xc7, 0x64, 0x56, 0x4e, 0xc7, 0x66, 0x56, 0x4f,
    0xc7, 0x68, 0x56, 0x50, 0xc7, 0x6a, 0x56, 0x51, 0xc7, 0x6c, 0x56, 0x52, 0xc7, 0x6e, 0x56, 0x53, 0xc7, 0x70, 0x56,
    0x54, 0xc7, 0x72, 0x56, 0xfa, 0x6e, 0x75, 0x57, 0x80, 0xd8, 0x00, 0xff, 0x4d, 0xc9, 0x74, 0x56, 0x4e, 0xc9, 0x76,
    0x56, 0x4f, 0xc9, 0x78, 0x56, 0x50, 0xc9, 0x7a, 0x56, 0x51, 0xc9, 0x7c, 0x56, 0x52, 0xc9, 0x7e, 0x56, 0x53, 0xc9,
    0x80, 0x56, 0x54, 0xc9, 0x82, 0x56, 0xfa, 0xfe, 0x00, 0x07, 0x7f, 0x80, 0x00, 0xff, 0xfa, 0x6e, 0x01, 0x57, 0x7f,
    0xd8, 0x00, 0xff, 0x7d, 0x01, 0xff, 0x06, 0x7e, 0x00, 0x03, 0xd5, 0xba, 0xff, 0x02, 0x18, 0x7f, 0x00, 0x03, 0xd5,
    0xba, 0xff, 0x02, 0x38, 0x6a, 0x00, 0xc2, 0xd4, 0xfe, 0xb6, 0x00, 0x00, 0xfd, 0xff, 0x86, 0xbf, 0x0a, 0x04, 0xea,
    0xbe, 0x80, 0x40, 0x34, 0xd8, 0xa7, 0x75, 0x00, 0x00, 0x40, 0xa3, 0xfc, 0xdb, 0xaf, 0x00, 0x00, 0x4d, 0x80, 0x40,
    0x34, 0xd8, 0xa8, 0x76, 0x00, 0x00, 0x40, 0xa4, 0xfc, 0xdb, 0xaf, 0x00, 0x00, 0x51, 0x80, 0x40, 0x34, 0xd8, 0xa9,
    0x77, 0x00, 0x00, 0x40, 0xa1, 0xfc, 0xdb, 0xa5, 0x00, 0x00, 0x5d, 0x80, 0x40, 0x34, 0xd8, 0xaa, 0x78, 0x00, 0x00,
    0xc0, 0xa1, 0xfc, 0xdb, 0xa5, 0x00, 0x00, 0x61, 0x00, 0x00, 0x8f, 0xbf, 0x28, 0x46, 0x28, 0x80, 0x29, 0x47, 0x29,
    0x82, 0x00, 0x10, 0x30, 0xe0, 0x9b, 0x73, 0x0a, 0x80, 0x00, 0x10, 0x30, 0xe0, 0x9a, 0x72, 0x0a, 0x80, 0x00, 0x10,
    0x30, 0xe0, 0x9c, 0x74, 0x0a, 0x80, 0x7f, 0xc8, 0x8c, 0xbf, 0x9a, 0x1d, 0x92, 0xbe, 0x48, 0xc1, 0x48, 0x80, 0x05,
    0x00, 0x85, 0xbf, 0xf4, 0x03, 0x26, 0xbb, 0x00, 0x00, 0x80, 0xbf, 0x00, 0x00, 0x80, 0xbf, 0x00, 0x00, 0x80, 0xbf,
    0x00, 0x00, 0x80, 0xbf, 0xfa, 0x02, 0x03, 0x03, 0x81, 0x41, 0x01, 0xff, 0x45, 0xab, 0x04, 0x56, 0x46, 0xab, 0x06,
    0x56, 0x47, 0xab, 0x08, 0x56, 0x48, 0xab, 0x0a, 0x56, 0x49, 0xab, 0x0c, 0x56, 0x4a, 0xab, 0x0e, 0x56, 0x4b, 0xab,
    0x10, 0x56, 0x4c, 0xab, 0x12, 0x56, 0xfa, 0x04, 0x05, 0x03, 0x82, 0x41, 0x01, 0xff, 0x45, 0xad, 0x14, 0x56, 0x46,
    0xad, 0x16, 0x56, 0x47, 0xad, 0x18, 0x56, 0x01, 0x00, 0x8f, 0xbf, 0x48, 0xad, 0x1a, 0x56, 0x49, 0xad, 0x1c, 0x56,
    0x4a, 0xad, 0x1e, 0x56, 0x4b, 0xad, 0x20, 0x56, 0x4c, 0xad, 0x22, 0x56, 0xfa, 0x06, 0x07, 0x03, 0x83, 0x41, 0x01,
    0xff, 0x45, 0xaf, 0x24, 0x56, 0x46, 0xaf, 0x26, 0x56, 0x47, 0xaf, 0x28, 0x56, 0x48, 0xaf, 0x2a, 0x56, 0x49, 0xaf,
    0x2c, 0x56, 0x4a, 0xaf, 0x2e, 0x56, 0x4b, 0xaf, 0x30, 0x56, 0x4c, 0xaf, 0x32, 0x56, 0xfa, 0x08, 0x09, 0x03, 0x84,
    0x41, 0x01, 0xff, 0x45, 0xb1, 0x34, 0x56, 0x46, 0xb1, 0x36, 0x56, 0x47, 0xb1, 0x38, 0x56, 0x48, 0xb1, 0x3a, 0x56,
    0x49, 0xb1, 0x3c, 0x56, 0x4a, 0xb1, 0x3e, 0x56, 0x4b, 0xb1, 0x40, 0x56, 0x4c, 0xb1, 0x42, 0x56, 0xfa, 0x04, 0x03,
    0x07, 0x82, 0x80, 0x00, 0xff, 0x45, 0xb3, 0x44, 0x56, 0x46, 0xb3, 0x46, 0x56, 0x47, 0xb3, 0x48, 0x56, 0x48, 0xb3,
    0x4a, 0x56, 0x49, 0xb3, 0x4c, 0x56, 0x4a, 0xb3, 0x4e, 0x56, 0x4b, 0xb3, 0x50, 0x56, 0x4c, 0xb3, 0x52, 0x56, 0xfa,
    0x6e, 0x03, 0x57, 0x82, 0xd8, 0x00, 0xff, 0x45, 0xb5, 0x54, 0x56, 0x46, 0xb5, 0x56, 0x56, 0x47, 0xb5, 0x58, 0x56,
    0x48, 0xb5, 0x5a, 0x56, 0x49, 0xb5, 0x5c, 0x56, 0x4a, 0xb5, 0x5e, 0x56, 0x4b, 0xb5, 0x60, 0x56, 0x4c, 0xb5, 0x62,
    0x56, 0xfa, 0x08, 0x75, 0x07, 0x84, 0x80, 0x00, 0xff, 0x45, 0xb7, 0x64, 0x56, 0x46, 0xb7, 0x66, 0x56, 0x47, 0xb7,
    0x68, 0x56, 0x48, 0xb7, 0x6a, 0x56, 0x49, 0xb7, 0x6c, 0x56, 0x4a, 0xb7, 0x6e, 0x56, 0x4b, 0xb7, 0x70, 0x56, 0x4c,
    0xb7, 0x72, 0x56, 0xfa, 0x6e, 0x75, 0x57, 0x84, 0xd8, 0x00, 0xff, 0x45, 0xb9, 0x74, 0x56, 0x46, 0xb9, 0x76, 0x56,
    0x47, 0xb9, 0x78, 0x56, 0x48, 0xb9, 0x7a, 0x56, 0x49, 0xb9, 0x7c, 0x56, 0x4a, 0xb9, 0x7e, 0x56, 0x4b, 0xb9, 0x80,
    0x56, 0x4c, 0xb9, 0x82, 0x56, 0xfa, 0x06, 0x09, 0x07, 0x83, 0x80, 0x00, 0xff, 0xfa, 0x6e, 0x09, 0x57, 0x83, 0xd8,
    0x00, 0xff, 0x81, 0x09, 0x07, 0x07, 0x82, 0x00, 0x03, 0xd5, 0xba, 0x07, 0x03, 0x18, 0x83, 0x00, 0x03, 0xd5, 0xba,
    0x07, 0x03, 0x38, 0x80, 0x40, 0x34, 0xd8, 0xab, 0x79, 0x00, 0x00, 0x80, 0xb3, 0xfc, 0xdb, 0xaf, 0x00, 0x00, 0x45,
    0x80, 0x40, 0x34, 0xd8, 0xac, 0x7a, 0x00, 0x00, 0x80, 0xb4, 0xfc, 0xdb, 0xaf, 0x00, 0x00, 0x49, 0x80, 0x40, 0x34,
    0xd8, 0xad, 0x7b, 0x00, 0x00, 0x80, 0xb1, 0xfc, 0xdb, 0xa5, 0x00, 0x00, 0x55, 0x80, 0x40, 0x34, 0xd8, 0xae, 0x7c,
    0x00, 0x00, 0x00, 0xb2, 0xfc, 0xdb, 0xa5, 0x00, 0x00, 0x59, 0x00, 0x00, 0x8f, 0xbf, 0x28, 0x45, 0x28, 0x80, 0x29,
    0x80, 0x29, 0x82, 0x00, 0x10, 0x30, 0xe0, 0x97, 0x77, 0x0a, 0x80, 0x00, 0x10, 0x30, 0xe0, 0x96, 0x76, 0x0a, 0x80,
    0x00, 0x10, 0x30, 0xe0, 0x98, 0x78, 0x0a, 0x80, 0x75, 0x48, 0x8c, 0xbf, 0x9a, 0x1b, 0x92, 0xbe, 0x48, 0xc1, 0x48,
    0x80, 0x01, 0x00, 0x85, 0xbf, 0x78, 0x03, 0x26, 0xbb, 0xfa, 0x0a, 0x0b, 0x03, 0x85, 0x41, 0x01, 0xff, 0x4d, 0xbb,
    0x04, 0x56, 0x4e, 0xbb, 0x06, 0x56, 0x4f, 0xbb, 0x08, 0x56, 0x50, 0xbb, 0x0a, 0x56, 0x51, 0xbb, 0x0c, 0x56, 0x52,
    0xbb, 0x0e, 0x56, 0x53, 0xbb, 0x10, 0x56, 0x54, 0xbb, 0x12, 0x56, 0xfa, 0x0c, 0x0d, 0x03, 0x86, 0x41, 0x01, 0xff,
    0x4d, 0xbd, 0x14, 0x56, 0x4e, 0xbd, 0x16, 0x56, 0x4f, 0xbd, 0x18, 0x56, 0x01, 0x00, 0x8f, 0xbf, 0x50, 0xbd, 0x1a,
    0x56, 0x51, 0xbd, 0x1c, 0x56, 0x52, 0xbd, 0x1e, 0x56, 0x53, 0xbd, 0x20, 0x56, 0x54, 0xbd, 0x22, 0x56, 0xfa, 0x0e,
    0x0f, 0x03, 0x87, 0x41, 0x01, 0xff, 0x4d, 0xbf, 0x24, 0x56, 0x4e, 0xbf, 0x26, 0x56, 0x4f, 0xbf, 0x28, 0x56, 0x50,
    0xbf, 0x2a, 0x56, 0x51, 0xbf, 0x2c, 0x56, 0x52, 0xbf, 0x2e, 0x56, 0x53, 0xbf, 0x30, 0x56, 0x54, 0xbf, 0x32, 0x56,
    0xfa, 0x10, 0x11, 0x03, 0x88, 0x41, 0x01, 0xff, 0x4d, 0xc1, 0x34, 0x56, 0x4e, 0xc1, 0x36, 0x56, 0x4f, 0xc1, 0x38,
    0x56, 0x50, 0xc1, 0x3a, 0x56, 0x51, 0xc1, 0x3c, 0x56, 0x52, 0xc1, 0x3e, 0x56, 0x53, 0xc1, 0x40, 0x56, 0x54, 0xc1,
    0x42, 0x56, 0xfa, 0x0c, 0x0b, 0x07, 0x86, 0x80, 0x00, 0xff, 0x4d, 0xc3, 0x44, 0x56, 0x4e, 0xc3, 0x46, 0x56, 0x4f,
    0xc3, 0x48, 0x56, 0x50, 0xc3, 0x4a, 0x56, 0x51, 0xc3, 0x4c, 0x56, 0x52, 0xc3, 0x4e, 0x56, 0x53, 0xc3, 0x50, 0x56,
    0x54, 0xc3, 0x52, 0x56, 0xfa, 0x6e, 0x0b, 0x57, 0x86, 0xd8, 0x00, 0xff, 0x4d, 0xc5, 0x54, 0x56, 0x4e, 0xc5, 0x56,
    0x56, 0x4f, 0xc5, 0x58, 0x56, 0x50, 0xc5, 0x5a, 0x56, 0x51, 0xc5, 0x5c, 0x56, 0x52, 0xc5, 0x5e, 0x56, 0x53, 0xc5,
    0x60, 0x56, 0x54, 0xc5, 0x62, 0x56, 0xfa, 0x10, 0x75, 0x07, 0x88, 0x80, 0x00, 0xff, 0x4d, 0xc7, 0x64, 0x56, 0x4e,
    0xc7, 0x66, 0x56, 0x4f, 0xc7, 0x68, 0x56, 0x50, 0xc7, 0x6a, 0x56, 0x51, 0xc7, 0x6c, 0x56, 0x52, 0xc7, 0x6e, 0x56,
    0x53, 0xc7, 0x70, 0x56, 0x54, 0xc7, 0x72, 0x56, 0xfa, 0x6e, 0x75, 0x57, 0x88, 0xd8, 0x00, 0xff, 0x4d, 0xc9, 0x74,
    0x56, 0x4e, 0xc9, 0x76, 0x56, 0x4f, 0xc9, 0x78, 0x56, 0x50, 0xc9, 0x7a, 0x56, 0x51, 0xc9, 0x7c, 0x56, 0x52, 0xc9,
    0x7e, 0x56, 0x53, 0xc9, 0x80, 0x56, 0x54, 0xc9, 0x82, 0x56, 0xfa, 0x0e, 0x11, 0x07, 0x87, 0x80, 0x00, 0xff, 0xfa,
    0x6e, 0x11, 0x57, 0x87, 0xd8, 0x00, 0xff, 0x85, 0x11, 0x0f, 0x07, 0x86, 0x00, 0x03, 0xd5, 0xba, 0x0f, 0x03, 0x18,
    0x87, 0x00, 0x03, 0xd5, 0xba, 0x0f, 0x03, 0x38, 0xc0, 0x60, 0x34, 0xd8, 0xa7, 0x7d, 0x00, 0x00, 0x00, 0x02, 0xfc,
    0xdb, 0xaf, 0x00, 0x00, 0x4d, 0xc0, 0x60, 0x34, 0xd8, 0xa8, 0x7e, 0x00, 0x00, 0x00, 0x03, 0xfc, 0xdb, 0xaf, 0x00,
    0x00, 0x51, 0xc0, 0x60, 0x34, 0xd8, 0xa9, 0x7f, 0x00, 0x00, 0x00, 0x00, 0xfc, 0xdb, 0xa5, 0x00, 0x00, 0x5d, 0xc0,
    0x60, 0x34, 0xd8, 0xaa, 0x80, 0x00, 0x00, 0x80, 0x00, 0xfc, 0xdb, 0xa5, 0x00, 0x00, 0x61, 0x00, 0x00, 0x8f, 0xbf,
    0x28, 0x46, 0x28, 0x80, 0x29, 0x47, 0x29, 0x82, 0x00, 0x10, 0x30, 0xe0, 0x9b, 0x7b, 0x0a, 0x80, 0x00, 0x10, 0x30,
    0xe0, 0x9a, 0x7a, 0x0a, 0x80, 0x00, 0x10, 0x30, 0xe0, 0x9c, 0x7c, 0x0a, 0x80, 0x7f, 0xc8, 0x8c, 0xbf, 0xc4, 0xff,
    0xf8, 0xd8, 0x00, 0x00, 0x00, 0xbc, 0x9a, 0x1d, 0x92, 0xbe, 0x48, 0xc1, 0x48, 0x80, 0x07, 0x00, 0x85, 0xbf, 0xfe,
    0x02, 0x26, 0xbb, 0x00, 0x00, 0x80, 0xbf, 0x00, 0x00, 0x80, 0xbf, 0x00, 0x00, 0x80, 0xbf, 0x00, 0x00, 0x80, 0xbf,
    0x00, 0x00, 0x80, 0xbf, 0x00, 0x00, 0x80, 0xbf, 0xfa, 0x12, 0x13, 0x03, 0x89, 0x41, 0x01, 0xff, 0x45, 0xab, 0x04,
    0x56, 0x46, 0xab, 0x06, 0x56, 0x47, 0xab, 0x08, 0x56, 0x48, 0xab, 0x0a, 0x56, 0x49, 0xab, 0x0c, 0x56, 0x4a, 0xab,
    0x0e, 0x56, 0x4b, 0xab, 0x10, 0x56, 0x4c, 0xab, 0x12, 0x56, 0xfa, 0x14, 0x15, 0x03, 0x8a, 0x41, 0x01, 0xff, 0x45,
    0xad, 0x14, 0x56, 0x46, 0xad, 0x16, 0x56, 0x47, 0xad, 0x18, 0x56, 0x01, 0x00, 0x8f, 0xbf, 0x48, 0xad, 0x1a, 0x56,
    0x49, 0xad, 0x1c, 0x56, 0x4a, 0xad, 0x1e, 0x56, 0x4b, 0xad, 0x20, 0x56, 0x4c, 0xad, 0x22, 0x56, 0xfa, 0x16, 0x17,
    0x03, 0x8b, 0x41, 0x01, 0xff, 0x45, 0xaf, 0x24, 0x56, 0x46, 0xaf, 0x26, 0x56, 0x47, 0xaf, 0x28, 0x56, 0x48, 0xaf,
    0x2a, 0x56, 0x49, 0xaf, 0x2c, 0x56, 0x4a, 0xaf, 0x2e, 0x56, 0x4b, 0xaf, 0x30, 0x56, 0x4c, 0xaf, 0x32, 0x56, 0xfa,
    0x18, 0x19, 0x03, 0x8c, 0x41, 0x01, 0xff, 0x45, 0xb1, 0x34, 0x56, 0x46, 0xb1, 0x36, 0x56, 0x47, 0xb1, 0x38, 0x56,
    0x48, 0xb1, 0x3a, 0x56, 0x49, 0xb1, 0x3c, 0x56, 0x4a, 0xb1, 0x3e, 0x56, 0x4b, 0xb1, 0x40, 0x56, 0x4c, 0xb1, 0x42,
    0x56, 0xfa, 0x14, 0x13, 0x07, 0x8a, 0x80, 0x00, 0xff, 0x45, 0xb3, 0x44, 0x56, 0x46, 0xb3, 0x46, 0x56, 0x47, 0xb3,
    0x48, 0x56, 0x48, 0xb3, 0x4a, 0x56, 0x49, 0xb3, 0x4c, 0x56, 0x4a, 0xb3, 0x4e, 0x56, 0x4b, 0xb3, 0x50, 0x56, 0x4c,
    0xb3, 0x52, 0x56, 0xfa, 0x6e, 0x13, 0x57, 0x8a, 0xd8, 0x00, 0xff, 0x45, 0xb5, 0x54, 0x56, 0x46, 0xb5, 0x56, 0x56,
    0x47, 0xb5, 0x58, 0x56, 0x48, 0xb5, 0x5a, 0x56, 0x49, 0xb5, 0x5c, 0x56, 0x4a, 0xb5, 0x5e, 0x56, 0x4b, 0xb5, 0x60,
    0x56, 0x4c, 0xb5, 0x62, 0x56, 0xfa, 0x18, 0x75, 0x07, 0x8c, 0x80, 0x00, 0xff, 0x45, 0xb7, 0x64, 0x56, 0x46, 0xb7,
    0x66, 0x56, 0x47, 0xb7, 0x68, 0x56, 0x48, 0xb7, 0x6a, 0x56, 0x49, 0xb7, 0x6c, 0x56, 0x4a, 0xb7, 0x6e, 0x56, 0x4b,
    0xb7, 0x70, 0x56, 0x4c, 0xb7, 0x72, 0x56, 0xfa, 0x6e, 0x75, 0x57, 0x8c, 0xd8, 0x00, 0xff, 0x45, 0xb9, 0x74, 0x56,
    0x46, 0xb9, 0x76, 0x56, 0x47, 0xb9, 0x78, 0x56, 0x48, 0xb9, 0x7a, 0x56, 0x49, 0xb9, 0x7c, 0x56, 0x4a, 0xb9, 0x7e,
    0x56, 0x4b, 0xb9, 0x80, 0x56, 0x4c, 0xb9, 0x82, 0x56, 0xfa, 0x16, 0x19, 0x07, 0x8b, 0x80, 0x00, 0xff, 0xfa, 0x6e,
    0x19, 0x57, 0x8b, 0xd8, 0x00, 0xff, 0x89, 0x19, 0x17, 0x07, 0x8a, 0x00, 0x03, 0xd5, 0xba, 0x17, 0x03, 0x18, 0x8b,
    0x00, 0x03, 0xd5, 0xba, 0x17, 0x03, 0x38, 0xc0, 0x60, 0x34, 0xd8, 0xab, 0x81, 0x00, 0x00, 0x40, 0x12, 0xfc, 0xdb,
    0xaf, 0x00, 0x00, 0x45, 0xc0, 0x60, 0x34, 0xd8, 0xac, 0x82, 0x00, 0x00, 0x40, 0x13, 0xfc, 0xdb, 0xaf, 0x00, 0x00,
    0x49, 0xc0, 0x60, 0x34, 0xd8, 0xad, 0x83, 0x00, 0x00, 0x40, 0x10, 0xfc, 0xdb, 0xa5, 0x00, 0x00, 0x55, 0xc0, 0x60,
    0x34, 0xd8, 0xae, 0x84, 0x00, 0x00, 0xc0, 0x10, 0xfc, 0xdb, 0xa5, 0x00, 0x00, 0x59, 0x00, 0x00, 0x8f, 0xbf, 0xff,
    0x03, 0xfc, 0xbe, 0xc4, 0xff, 0x02, 0x00, 0x28, 0x45, 0x28, 0x80, 0x29, 0x80, 0x29, 0x82, 0x00, 0x10, 0x30, 0xe0,
    0x97, 0x7f, 0x0a, 0x80, 0x00, 0x10, 0x30, 0xe0, 0x96, 0x7e, 0x0a, 0x80, 0x00, 0x10, 0x30, 0xe0, 0x98, 0x80, 0x0a,
    0x80, 0x75, 0x48, 0x8c, 0xbf, 0x9a, 0x1b, 0x92, 0xbe, 0x48, 0xc1, 0x48, 0x80, 0x07, 0x00, 0x85, 0xbf, 0x7e, 0x02,
    0x26, 0xbb, 0x00, 0x00, 0x80, 0xbf, 0x00, 0x00, 0x80, 0xbf, 0x00, 0x00, 0x80, 0xbf, 0x00, 0x00, 0x80, 0xbf, 0x00,
    0x00, 0x80, 0xbf, 0x00, 0x00, 0x80, 0xbf, 0xfa, 0x1a, 0x1b, 0x03, 0x8d, 0x41, 0x01, 0xff, 0x4d, 0xbb, 0x04, 0x56,
    0x4e, 0xbb, 0x06, 0x56, 0x4f, 0xbb, 0x08, 0x56, 0x50, 0xbb, 0x0a, 0x56, 0x51, 0xbb, 0x0c, 0x56, 0x52, 0xbb, 0x0e,
    0x56, 0x53, 0xbb, 0x10, 0x56, 0x54, 0xbb, 0x12, 0x56, 0xfa, 0x1c, 0x1d, 0x03, 0x8e, 0x41, 0x01, 0xff, 0x4d, 0xbd,
    0x14, 0x56, 0x4e, 0xbd, 0x16, 0x56, 0x4f, 0xbd, 0x18, 0x56, 0x01, 0x00, 0x8f, 0xbf, 0x50, 0xbd, 0x1a, 0x56, 0x51,
    0xbd, 0x1c, 0x56, 0x52, 0xbd, 0x1e, 0x56, 0x53, 0xbd, 0x20, 0x56, 0x54, 0xbd, 0x22, 0x56, 0xfa, 0x1e, 0x1f, 0x03,
    0x8f, 0x41, 0x01, 0xff, 0x4d, 0xbf, 0x24, 0x56, 0x4e, 0xbf, 0x26, 0x56, 0x4f, 0xbf, 0x28, 0x56, 0x50, 0xbf, 0x2a,
    0x56, 0x51, 0xbf, 0x2c, 0x56, 0x52, 0xbf, 0x2e, 0x56, 0x53, 0xbf, 0x30, 0x56, 0x54, 0xbf, 0x32, 0x56, 0xfa, 0x20,
    0x21, 0x03, 0x90, 0x41, 0x01, 0xff, 0x4d, 0xc1, 0x34, 0x56, 0x4e, 0xc1, 0x36, 0x56, 0x4f, 0xc1, 0x38, 0x56, 0x50,
    0xc1, 0x3a, 0x56, 0x51, 0xc1, 0x3c, 0x56, 0x52, 0xc1, 0x3e, 0x56, 0x53, 0xc1, 0x40, 0x56, 0x54, 0xc1, 0x42, 0x56,
    0xfa, 0x1c, 0x1b, 0x07, 0x8e, 0x80, 0x00, 0xff, 0x4d, 0xc3, 0x44, 0x56, 0x4e, 0xc3, 0x46, 0x56, 0x4f, 0xc3, 0x48,
    0x56, 0x50, 0xc3, 0x4a, 0x56, 0x51, 0xc3, 0x4c, 0x56, 0x52, 0xc3, 0x4e, 0x56, 0x53, 0xc3, 0x50, 0x56, 0x54, 0xc3,
    0x52, 0x56, 0xfa, 0x6e, 0x1b, 0x57, 0x8e, 0xd8, 0x00, 0xff, 0x4d, 0xc5, 0x54, 0x56, 0x4e, 0xc5, 0x56, 0x56, 0x4f,
    0xc5, 0x58, 0x56, 0x50, 0xc5, 0x5a, 0x56, 0x51, 0xc5, 0x5c, 0x56, 0x52, 0xc5, 0x5e, 0x56, 0x53, 0xc5, 0x60, 0x56,
    0x54, 0xc5, 0x62, 0x56, 0xfa, 0x20, 0x75, 0x07, 0x90, 0x80, 0x00, 0xff, 0x4d, 0xc7, 0x64, 0x56, 0x4e, 0xc7, 0x66,
    0x56, 0x4f, 0xc7, 0x68, 0x56, 0x50, 0xc7, 0x6a, 0x56, 0x51, 0xc7, 0x6c, 0x56, 0x52, 0xc7, 0x6e, 0x56, 0x53, 0xc7,
    0x70, 0x56, 0x54, 0xc7, 0x72, 0x56, 0xfa, 0x6e, 0x75, 0x57, 0x90, 0xd8, 0x00, 0xff, 0x4d, 0xc9, 0x74, 0x56, 0x4e,
    0xc9, 0x76, 0x56, 0x4f, 0xc9, 0x78, 0x56, 0x50, 0xc9, 0x7a, 0x56, 0x51, 0xc9, 0x7c, 0x56, 0x52, 0xc9, 0x7e, 0x56,
    0x53, 0xc9, 0x80, 0x56, 0x54, 0xc9, 0x82, 0x56, 0xfa, 0x1e, 0x21, 0x07, 0x8f, 0x80, 0x00, 0xff, 0xfa, 0x6e, 0x21,
    0x57, 0x8f, 0xd8, 0x00, 0xff, 0x8d, 0x21, 0x1f, 0x07, 0x8e, 0x00, 0x03, 0xd5, 0xba, 0x1f, 0x03, 0x18, 0x8f, 0x00,
    0x03, 0xd5, 0xba, 0x1f, 0x03, 0x38, 0x6a, 0x00, 0xc2, 0xd4, 0xfe, 0xb6, 0x00, 0x00, 0xfd, 0xff, 0x86, 0xbf, 0x0a,
    0x04, 0xea, 0xbe, 0x00, 0x81, 0x34, 0xd8, 0xa7, 0x85, 0x00, 0x00, 0x40, 0x22, 0xfc, 0xdb, 0xaf, 0x00, 0x00, 0x4d,
    0x00, 0x81, 0x34, 0xd8, 0xa8, 0x86, 0x00, 0x00, 0x40, 0x23, 0xfc, 0xdb, 0xaf, 0x00, 0x00, 0x51, 0x00, 0x81, 0x34,
    0xd8, 0xa9, 0x87, 0x00, 0x00, 0x40, 0x20, 0xfc, 0xdb, 0xa5, 0x00, 0x00, 0x5d, 0x00, 0x81, 0x34, 0xd8, 0xaa, 0x88,
    0x00, 0x00, 0xc0, 0x20, 0xfc, 0xdb, 0xa5, 0x00, 0x00, 0x61, 0x00, 0x00, 0x8f, 0xbf, 0x28, 0x46, 0x28, 0x80, 0x29,
    0x47, 0x29, 0x82, 0x00, 0x10, 0x30, 0xe0, 0x9b, 0x83, 0x0a, 0x80, 0x00, 0x10, 0x30, 0xe0, 0x9a, 0x82, 0x0a, 0x80,
    0x00, 0x10, 0x30, 0xe0, 0x9c, 0x84, 0x0a, 0x80, 0x7f, 0xc8, 0x8c, 0xbf, 0x9a, 0x1d, 0x92, 0xbe, 0x48, 0xc1, 0x48,
    0x80, 0x05, 0x00, 0x85, 0xbf, 0xfc, 0x01, 0x26, 0xbb, 0x00, 0x00, 0x80, 0xbf, 0x00, 0x00, 0x80, 0xbf, 0x00, 0x00,
    0x80, 0xbf, 0x00, 0x00, 0x80, 0xbf, 0xfa, 0x22, 0x23, 0x03, 0x91, 0x41, 0x01, 0xff, 0x45, 0xab, 0x04, 0x56, 0x46,
    0xab, 0x06, 0x56, 0x47, 0xab, 0x08, 0x56, 0x48, 0xab, 0x0a, 0x56, 0x49, 0xab, 0x0c, 0x56, 0x4a, 0xab, 0x0e, 0x56,
    0x4b, 0xab, 0x10, 0x56, 0x4c, 0xab, 0x12, 0x56, 0xfa, 0x24, 0x25, 0x03, 0x92, 0x41, 0x01, 0xff, 0x45, 0xad, 0x14,
    0x56, 0x46, 0xad, 0x16, 0x56, 0x47, 0xad, 0x18, 0x56, 0x01, 0x00, 0x8f, 0xbf, 0x48, 0xad, 0x1a, 0x56, 0x49, 0xad,
    0x1c, 0x56, 0x4a, 0xad, 0x1e, 0x56, 0x4b, 0xad, 0x20, 0x56, 0x4c, 0xad, 0x22, 0x56, 0xfa, 0x26, 0x27, 0x03, 0x93,
    0x41, 0x01, 0xff, 0x45, 0xaf, 0x24, 0x56, 0x46, 0xaf, 0x26, 0x56, 0x47, 0xaf, 0x28, 0x56, 0x48, 0xaf, 0x2a, 0x56,
    0x49, 0xaf, 0x2c, 0x56, 0x4a, 0xaf, 0x2e, 0x56, 0x4b, 0xaf, 0x30, 0x56, 0x4c, 0xaf, 0x32, 0x56, 0xfa, 0x28, 0x29,
    0x03, 0x94, 0x41, 0x01, 0xff, 0x45, 0xb1, 0x34, 0x56, 0x46, 0xb1, 0x36, 0x56, 0x47, 0xb1, 0x38, 0x56, 0x48, 0xb1,
    0x3a, 0x56, 0x49, 0xb1, 0x3c, 0x56, 0x4a, 0xb1, 0x3e, 0x56, 0x4b, 0xb1, 0x40, 0x56, 0x4c, 0xb1, 0x42, 0x56, 0xfa,
    0x24, 0x23, 0x07, 0x92, 0x80, 0x00, 0xff, 0x45, 0xb3, 0x44, 0x56, 0x46, 0xb3, 0x46, 0x56, 0x47, 0xb3, 0x48, 0x56,
    0x48, 0xb3, 0x4a, 0x56, 0x49, 0xb3, 0x4c, 0x56, 0x4a, 0xb3, 0x4e, 0x56, 0x4b, 0xb3, 0x50, 0x56, 0x4c, 0xb3, 0x52,
    0x56, 0xfa, 0x6e, 0x23, 0x57, 0x92, 0xd8, 0x00, 0xff, 0x45, 0xb5, 0x54, 0x56, 0x46, 0xb5, 0x56, 0x56, 0x47, 0xb5,
    0x58, 0x56, 0x48, 0xb5, 0x5a, 0x56, 0x49, 0xb5, 0x5c, 0x56, 0x4a, 0xb5, 0x5e, 0x56, 0x4b, 0xb5, 0x60, 0x56, 0x4c,
    0xb5, 0x62, 0x56, 0xfa, 0x28, 0x75, 0x07, 0x94, 0x80, 0x00, 0xff, 0x45, 0xb7, 0x64, 0x56, 0x46, 0xb7, 0x66, 0x56,
    0x47, 0xb7, 0x68, 0x56, 0x48, 0xb7, 0x6a, 0x56, 0x49, 0xb7, 0x6c, 0x56, 0x4a, 0xb7, 0x6e, 0x56, 0x4b, 0xb7, 0x70,
    0x56, 0x4c, 0xb7, 0x72, 0x56, 0xfa, 0x6e, 0x75, 0x57, 0x94, 0xd8, 0x00, 0xff, 0x45, 0xb9, 0x74, 0x56, 0x46, 0xb9,
    0x76, 0x56, 0x47, 0xb9, 0x78, 0x56, 0x48, 0xb9, 0x7a, 0x56, 0x49, 0xb9, 0x7c, 0x56, 0x4a, 0xb9, 0x7e, 0x56, 0x4b,
    0xb9, 0x80, 0x56, 0x4c, 0xb9, 0x82, 0x56, 0xfa, 0x26, 0x29, 0x07, 0x93, 0x80, 0x00, 0xff, 0xfa, 0x6e, 0x29, 0x57,
    0x93, 0xd8, 0x00, 0xff, 0x91, 0x29, 0x27, 0x07, 0x92, 0x00, 0x03, 0xd5, 0xba, 0x27, 0x03, 0x18, 0x93, 0x00, 0x03,
    0xd5, 0xba, 0x27, 0x03, 0x38, 0x00, 0x81, 0x34, 0xd8, 0xab, 0x89, 0x00, 0x00, 0x80, 0x32, 0xfc, 0xdb, 0xaf, 0x00,
    0x00, 0x45, 0x00, 0x81, 0x34, 0xd8, 0xac, 0x8a, 0x00, 0x00, 0x80, 0x33, 0xfc, 0xdb, 0xaf, 0x00, 0x00, 0x49, 0x00,
    0x81, 0x34, 0xd8, 0xad, 0x8b, 0x00, 0x00, 0x80, 0x30, 0xfc, 0xdb, 0xa5, 0x00, 0x00, 0x55, 0x00, 0x81, 0x34, 0xd8,
    0xae, 0x8c, 0x00, 0x00, 0x00, 0x31, 0xfc, 0xdb, 0xa5, 0x00, 0x00, 0x59, 0x00, 0x00, 0x8f, 0xbf, 0x28, 0x45, 0x28,
    0x80, 0x29, 0x80, 0x29, 0x82, 0x00, 0x10, 0x30, 0xe0, 0x97, 0x87, 0x0a, 0x80, 0x00, 0x10, 0x30, 0xe0, 0x96, 0x86,
    0x0a, 0x80, 0x00, 0x10, 0x30, 0xe0, 0x98, 0x88, 0x0a, 0x80, 0x75, 0x48, 0x8c, 0xbf, 0x9a, 0x1b, 0x92, 0xbe, 0x48,
    0xc1, 0x48, 0x80, 0x01, 0x00, 0x85, 0xbf, 0x80, 0x01, 0x26, 0xbb, 0xfa, 0xca, 0xca, 0x02, 0x65, 0x41, 0x01, 0xff,
    0x4d, 0xbb, 0x04, 0x56, 0x4e, 0xbb, 0x06, 0x56, 0x4f, 0xbb, 0x08, 0x56, 0x50, 0xbb, 0x0a, 0x56, 0x51, 0xbb, 0x0c,
    0x56, 0x52, 0xbb, 0x0e, 0x56, 0x53, 0xbb, 0x10, 0x56, 0x54, 0xbb, 0x12, 0x56, 0xfa, 0xcc, 0xcc, 0x02, 0x66, 0x41,
    0x01, 0xff, 0x4d, 0xbd, 0x14, 0x56, 0x4e, 0xbd, 0x16, 0x56, 0x4f, 0xbd, 0x18, 0x56, 0x01, 0x00, 0x8f, 0xbf, 0x50,
    0xbd, 0x1a, 0x56, 0x51, 0xbd, 0x1c, 0x56, 0x52, 0xbd, 0x1e, 0x56, 0x53, 0xbd, 0x20, 0x56, 0x54, 0xbd, 0x22, 0x56,
    0xfa, 0xce, 0xce, 0x02, 0x67, 0x41, 0x01, 0xff, 0x4d, 0xbf, 0x24, 0x56, 0x4e, 0xbf, 0x26, 0x56, 0x4f, 0xbf, 0x28,
    0x56, 0x50, 0xbf, 0x2a, 0x56, 0x51, 0xbf, 0x2c, 0x56, 0x52, 0xbf, 0x2e, 0x56, 0x53, 0xbf, 0x30, 0x56, 0x54, 0xbf,
    0x32, 0x56, 0xfa, 0xd0, 0xd0, 0x02, 0x68, 0x41, 0x01, 0xff, 0x4d, 0xc1, 0x34, 0x56, 0x4e, 0xc1, 0x36, 0x56, 0x4f,
    0xc1, 0x38, 0x56, 0x50, 0xc1, 0x3a, 0x56, 0x51, 0xc1, 0x3c, 0x56, 0x52, 0xc1, 0x3e, 0x56, 0x53, 0xc1, 0x40, 0x56,
    0x54, 0xc1, 0x42, 0x56, 0xfa, 0xcc, 0xca, 0x06, 0x66, 0x80, 0x00, 0xff, 0x4d, 0xc3, 0x44, 0x56, 0x4e, 0xc3, 0x46,
    0x56, 0x4f, 0xc3, 0x48, 0x56, 0x50, 0xc3, 0x4a, 0x56, 0x51, 0xc3, 0x4c, 0x56, 0x52, 0xc3, 0x4e, 0x56, 0x53, 0xc3,
    0x50, 0x56, 0x54, 0xc3, 0x52, 0x56, 0xfa, 0x6e, 0xcb, 0x56, 0x66, 0xd8, 0x00, 0xff, 0x4d, 0xc5, 0x54, 0x56, 0x4e,
    0xc5, 0x56, 0x56, 0x4f, 0xc5, 0x58, 0x56, 0x50, 0xc5, 0x5a, 0x56, 0x51, 0xc5, 0x5c, 0x56, 0x52, 0xc5, 0x5e, 0x56,
    0x53, 0xc5, 0x60, 0x56, 0x54, 0xc5, 0x62, 0x56, 0xfa, 0xd0, 0x74, 0x07, 0x68, 0x80, 0x00, 0xff, 0x4d, 0xc7, 0x64,
    0x56, 0x4e, 0xc7, 0x66, 0x56, 0x4f, 0xc7, 0x68, 0x56, 0x50, 0xc7, 0x6a, 0x56, 0x51, 0xc7, 0x6c, 0x56, 0x52, 0xc7,
    0x6e, 0x56, 0x53, 0xc7, 0x70, 0x56, 0x54, 0xc7, 0x72, 0x56, 0xfa, 0x6e, 0x75, 0x57, 0x68, 0xd8, 0x00, 0xff, 0x4d,
    0xc9, 0x74, 0x56, 0x4e, 0xc9, 0x76, 0x56, 0x4f, 0xc9, 0x78, 0x56, 0x50, 0xc9, 0x7a, 0x56, 0x51, 0xc9, 0x7c, 0x56,
    0x52, 0xc9, 0x7e, 0x56, 0x53, 0xc9, 0x80, 0x56, 0x54, 0xc9, 0x82, 0x56, 0xfa, 0xce, 0xd0, 0x06, 0x67, 0x80, 0x00,
    0xff, 0xfa, 0x6e, 0xd1, 0x56, 0x67, 0xd8, 0x00, 0xff, 0x65, 0xd1, 0xce, 0x06, 0x66, 0x00, 0x03, 0xd5, 0xba, 0xcf,
    0x02, 0x18, 0x67, 0x00, 0x03, 0xd5, 0xba, 0xcf, 0x02, 0x38, 0x40, 0xa1, 0x34, 0xd8, 0xa7, 0x8d, 0x00, 0x00, 0x80,
    0x42, 0xfc, 0xdb, 0xaf, 0x00, 0x00, 0x4d, 0x40, 0xa1, 0x34, 0xd8, 0xa8, 0x8e, 0x00, 0x00, 0x80, 0x43, 0xfc, 0xdb,
    0xaf, 0x00, 0x00, 0x51, 0x40, 0xa1, 0x34, 0xd8, 0xa9, 0x8f, 0x00, 0x00, 0x80, 0x40, 0xfc, 0xdb, 0xa5, 0x00, 0x00,
    0x5d, 0x40, 0xa1, 0x34, 0xd8, 0xaa, 0x90, 0x00, 0x00, 0x00, 0x41, 0xfc, 0xdb, 0xa5, 0x00, 0x00, 0x61, 0x00, 0x00,
    0x8f, 0xbf, 0x28, 0x46, 0x28, 0x80, 0x29, 0x47, 0x29, 0x82, 0x00, 0x10, 0x30, 0xe0, 0x9b, 0x8b, 0x0a, 0x80, 0x00,
    0x10, 0x30, 0xe0, 0x9a, 0x8a, 0x0a, 0x80, 0x00, 0x10, 0x30, 0xe0, 0x9c, 0x8c, 0x0a, 0x80, 0x7f, 0xc8, 0x8c, 0xbf,
    0xc8, 0xff, 0xf8, 0xd8, 0x00, 0x00, 0x00, 0xbc, 0x9a, 0x1d, 0x92, 0xbe, 0x48, 0xc1, 0x48, 0x80, 0x07, 0x00, 0x85,
    0xbf, 0x06, 0x01, 0x26, 0xbb, 0x00, 0x00, 0x80, 0xbf, 0x00, 0x00, 0x80, 0xbf, 0x00, 0x00, 0x80, 0xbf, 0x00, 0x00,
    0x80, 0xbf, 0x00, 0x00, 0x80, 0xbf, 0x00, 0x00, 0x80, 0xbf, 0xfa, 0xd2, 0xd2, 0x02, 0x69, 0x41, 0x01, 0xff, 0x45,
    0xab, 0x04, 0x56, 0x46, 0xab, 0x06, 0x56, 0x47, 0xab, 0x08, 0x56, 0x48, 0xab, 0x0a, 0x56, 0x49, 0xab, 0x0c, 0x56,
    0x4a, 0xab, 0x0e, 0x56, 0x4b, 0xab, 0x10, 0x56, 0x4c, 0xab, 0x12, 0x56, 0xfa, 0xd4, 0xd4, 0x02, 0x6a, 0x41, 0x01,
    0xff, 0x45, 0xad, 0x14, 0x56, 0x46, 0xad, 0x16, 0x56, 0x47, 0xad, 0x18, 0x56, 0x01, 0x00, 0x8f, 0xbf, 0x48, 0xad,
    0x1a, 0x56, 0x49, 0xad, 0x1c, 0x56, 0x4a, 0xad, 0x1e, 0x56, 0x4b, 0xad, 0x20, 0x56, 0x4c, 0xad, 0x22, 0x56, 0xfa,
    0xd6, 0xd6, 0x02, 0x6b, 0x41, 0x01, 0xff, 0x45, 0xaf, 0x24, 0x56, 0x46, 0xaf, 0x26, 0x56, 0x47, 0xaf, 0x28, 0x56,
    0x48, 0xaf, 0x2a, 0x56, 0x49, 0xaf, 0x2c, 0x56, 0x4a, 0xaf, 0x2e, 0x56, 0x4b, 0xaf, 0x30, 0x56, 0x4c, 0xaf, 0x32,
    0x56, 0xfa, 0xd8, 0xd8, 0x02, 0x6c, 0x41, 0x01, 0xff, 0x45, 0xb1, 0x34, 0x56, 0x46, 0xb1, 0x36, 0x56, 0x47, 0xb1,
    0x38, 0x56, 0x48, 0xb1, 0x3a, 0x56, 0x49, 0xb1, 0x3c, 0x56, 0x4a, 0xb1, 0x3e, 0x56, 0x4b, 0xb1, 0x40, 0x56, 0x4c,
    0xb1, 0x42, 0x56, 0xfa, 0xd4, 0xd2, 0x06, 0x6a, 0x80, 0x00, 0xff, 0x45, 0xb3, 0x44, 0x56, 0x46, 0xb3, 0x46, 0x56,
    0x47, 0xb3, 0x48, 0x56, 0x48, 0xb3, 0x4a, 0x56, 0x49, 0xb3, 0x4c, 0x56, 0x4a, 0xb3, 0x4e, 0x56, 0x4b, 0xb3, 0x50,
    0x56, 0x4c, 0xb3, 0x52, 0x56, 0xfa, 0x6e, 0xd3, 0x56, 0x6a, 0xd8, 0x00, 0xff, 0x45, 0xb5, 0x54, 0x56, 0x46, 0xb5,
    0x56, 0x56, 0x47, 0xb5, 0x58, 0x56, 0x48, 0xb5, 0x5a, 0x56, 0x49, 0xb5, 0x5c, 0x56, 0x4a, 0xb5, 0x5e, 0x56, 0x4b,
    0xb5, 0x60, 0x56, 0x4c, 0xb5, 0x62, 0x56, 0xfa, 0xd8, 0x74, 0x07, 0x6c, 0x80, 0x00, 0xff, 0x45, 0xb7, 0x64, 0x56,
    0x46, 0xb7, 0x66, 0x56, 0x47, 0xb7, 0x68, 0x56, 0x48, 0xb7, 0x6a, 0x56, 0x49, 0xb7, 0x6c, 0x56, 0x4a, 0xb7, 0x6e,
    0x56, 0x4b, 0xb7, 0x70, 0x56, 0x4c, 0xb7, 0x72, 0x56, 0xfa, 0x6e, 0x75, 0x57, 0x6c, 0xd8, 0x00, 0xff, 0x45, 0xb9,
    0x74, 0x56, 0x46, 0xb9, 0x76, 0x56, 0x47, 0xb9, 0x78, 0x56, 0x48, 0xb9, 0x7a, 0x56, 0x49, 0xb9, 0x7c, 0x56, 0x4a,
    0xb9, 0x7e, 0x56, 0x4b, 0xb9, 0x80, 0x56, 0x4c, 0xb9, 0x82, 0x56, 0xfa, 0xd6, 0xd8, 0x06, 0x6b, 0x80, 0x00, 0xff,
    0xfa, 0x6e, 0xd9, 0x56, 0x6b, 0xd8, 0x00, 0xff, 0x69, 0xd9, 0xd6, 0x06, 0x6a, 0x00, 0x03, 0xd5, 0xba, 0xd7, 0x02,
    0x18, 0x6b, 0x00, 0x03, 0xd5, 0xba, 0xd7, 0x02, 0x38, 0x40, 0xa1, 0x34, 0xd8, 0xab, 0x91, 0x00, 0x00, 0xc0, 0x52,
    0xfc, 0xdb, 0xaf, 0x00, 0x00, 0x45, 0x40, 0xa1, 0x34, 0xd8, 0xac, 0x92, 0x00, 0x00, 0xc0, 0x53, 0xfc, 0xdb, 0xaf,
    0x00, 0x00, 0x49, 0x40, 0xa1, 0x34, 0xd8, 0xad, 0x93, 0x00, 0x00, 0xc0, 0x50, 0xfc, 0xdb, 0xa5, 0x00, 0x00, 0x55,
    0x40, 0xa1, 0x34, 0xd8, 0xae, 0x94, 0x00, 0x00, 0x40, 0x51, 0xfc, 0xdb, 0xa5, 0x00, 0x00, 0x59, 0x00, 0x00, 0x8f,
    0xbf, 0xff, 0x03, 0xfc, 0xbe, 0xc8, 0xff, 0x02, 0x00, 0x28, 0x45, 0x28, 0x80, 0x29, 0x80, 0x29, 0x82, 0x00, 0x10,
    0x30, 0xe0, 0x97, 0x8f, 0x0a, 0x80, 0x00, 0x10, 0x30, 0xe0, 0x96, 0x8e, 0x0a, 0x80, 0x00, 0x10, 0x30, 0xe0, 0x98,
    0x90, 0x0a, 0x80, 0x75, 0x48, 0x8c, 0xbf, 0x9a, 0x1b, 0x92, 0xbe, 0x48, 0xc1, 0x48, 0x80, 0x07, 0x00, 0x85, 0xbf,
    0x86, 0x00, 0x26, 0xbb, 0x00, 0x00, 0x80, 0xbf, 0x00, 0x00, 0x80, 0xbf, 0x00, 0x00, 0x80, 0xbf, 0x00, 0x00, 0x80,
    0xbf, 0x00, 0x00, 0x80, 0xbf, 0x00, 0x00, 0x80, 0xbf, 0xfa, 0xda, 0xda, 0x02, 0x6d, 0x41, 0x01, 0xff, 0x4d, 0xbb,
    0x04, 0x56, 0x4e, 0xbb, 0x06, 0x56, 0x4f, 0xbb, 0x08, 0x56, 0x50, 0xbb, 0x0a, 0x56, 0x51, 0xbb, 0x0c, 0x56, 0x52,
    0xbb, 0x0e, 0x56, 0x53, 0xbb, 0x10, 0x56, 0x54, 0xbb, 0x12, 0x56, 0xfa, 0xdc, 0xdc, 0x02, 0x6e, 0x41, 0x01, 0xff,
    0x4d, 0xbd, 0x14, 0x56, 0x4e, 0xbd, 0x16, 0x56, 0x4f, 0xbd, 0x18, 0x56, 0x01, 0x00, 0x8f, 0xbf, 0x50, 0xbd, 0x1a,
    0x56, 0x51, 0xbd, 0x1c, 0x56, 0x52, 0xbd, 0x1e, 0x56, 0x53, 0xbd, 0x20, 0x56, 0x54, 0xbd, 0x22, 0x56, 0xfa, 0xde,
    0xde, 0x02, 0x6f, 0x41, 0x01, 0xff, 0x4d, 0xbf, 0x24, 0x56, 0x4e, 0xbf, 0x26, 0x56, 0x4f, 0xbf, 0x28, 0x56, 0x50,
    0xbf, 0x2a, 0x56, 0x51, 0xbf, 0x2c, 0x56, 0x52, 0xbf, 0x2e, 0x56, 0x53, 0xbf, 0x30, 0x56, 0x54, 0xbf, 0x32, 0x56,
    0xfa, 0xe0, 0xe0, 0x02, 0x70, 0x41, 0x01, 0xff, 0x4d, 0xc1, 0x34, 0x56, 0x4e, 0xc1, 0x36, 0x56, 0x4f, 0xc1, 0x38,
    0x56, 0x50, 0xc1, 0x3a, 0x56, 0x51, 0xc1, 0x3c, 0x56, 0x52, 0xc1, 0x3e, 0x56, 0x53, 0xc1, 0x40, 0x56, 0x54, 0xc1,
    0x42, 0x56, 0xfa, 0xdc, 0xda, 0x06, 0x6e, 0x80, 0x00, 0xff, 0x4d, 0xc3, 0x44, 0x56, 0x4e, 0xc3, 0x46, 0x56, 0x4f,
    0xc3, 0x48, 0x56, 0x50, 0xc3, 0x4a, 0x56, 0x51, 0xc3, 0x4c, 0x56, 0x52, 0xc3, 0x4e, 0x56, 0x53, 0xc3, 0x50, 0x56,
    0x54, 0xc3, 0x52, 0x56, 0xfa, 0x6e, 0xdb, 0x56, 0x6e, 0xd8, 0x00, 0xff, 0x4d, 0xc5, 0x54, 0x56, 0x4e, 0xc5, 0x56,
    0x56, 0x4f, 0xc5, 0x58, 0x56, 0x50, 0xc5, 0x5a, 0x56, 0x51, 0xc5, 0x5c, 0x56, 0x52, 0xc5, 0x5e, 0x56, 0x53, 0xc5,
    0x60, 0x56, 0x54, 0xc5, 0x62, 0x56, 0xfa, 0xe0, 0x74, 0x07, 0x70, 0x80, 0x00, 0xff, 0x4d, 0xc7, 0x64, 0x56, 0x4e,
    0xc7, 0x66, 0x56, 0x4f, 0xc7, 0x68, 0x56, 0x50, 0xc7, 0x6a, 0x56, 0x51, 0xc7, 0x6c, 0x56, 0x52, 0xc7, 0x6e, 0x56,
    0x53, 0xc7, 0x70, 0x56, 0x54, 0xc7, 0x72, 0x56, 0xfa, 0x6e, 0x75, 0x57, 0x70, 0xd8, 0x00, 0xff, 0x4d, 0xc9, 0x74,
    0x56, 0x4e, 0xc9, 0x76, 0x56, 0x4f, 0xc9, 0x78, 0x56, 0x50, 0xc9, 0x7a, 0x56, 0x51, 0xc9, 0x7c, 0x56, 0x52, 0xc9,
    0x7e, 0x56, 0x53, 0xc9, 0x80, 0x56, 0x54, 0xc9, 0x82, 0x56, 0xfa, 0xde, 0xe0, 0x06, 0x6f, 0x80, 0x00, 0xff, 0xfa,
    0x6e, 0xe1, 0x56, 0x6f, 0xd8, 0x00, 0xff, 0x6d, 0xe1, 0xde, 0x06, 0x6e, 0x00, 0x03, 0xd5, 0xba, 0xdf, 0x02, 0x18,
    0x6f, 0x00, 0x03, 0xd5, 0xba, 0xdf, 0x02, 0x38, 0x6a, 0x00, 0xc2, 0xd4, 0xfe, 0xb6, 0x00, 0x00, 0xfd, 0xff, 0x86,
    0xbf, 0x0a, 0x04, 0xea, 0xbe, 0x00, 0x00, 0x34, 0xd8, 0xa7, 0x65, 0x00, 0x00, 0xc0, 0x62, 0xfc, 0xdb, 0xaf, 0x00,
    0x00, 0x4d, 0x00, 0x00, 0x34, 0xd8, 0xa8, 0x66, 0x00, 0x00, 0xc0, 0x63, 0xfc, 0xdb, 0xaf, 0x00, 0x00, 0x51, 0x00,
    0x00, 0x34, 0xd8, 0xa9, 0x67, 0x00, 0x00, 0xc0, 0x60, 0xfc, 0xdb, 0xa5, 0x00, 0x00, 0x5d, 0x00, 0x00, 0x34, 0xd8,
    0xaa, 0x68, 0x00, 0x00, 0x40, 0x61, 0xfc, 0xdb, 0xa5, 0x00, 0x00, 0x61, 0x00, 0x00, 0x8f, 0xbf, 0x28, 0x46, 0x28,
    0x80, 0x29, 0x47, 0x29, 0x82, 0x00, 0x10, 0x30, 0xe0, 0x9b, 0x93, 0x0a, 0x80, 0x00, 0x10, 0x30, 0xe0, 0x9a, 0x92,
    0x0a, 0x80, 0x00, 0x10, 0x30, 0xe0, 0x9c, 0x94, 0x0a, 0x80, 0x7f, 0xc8, 0x8c, 0xbf, 0x9a, 0x1d, 0x92, 0xbe, 0x48,
    0xc1, 0x48, 0x80, 0x15, 0xfa, 0x85, 0xbf, 0x04, 0x00, 0x26, 0xbb, 0x13, 0xfa, 0x82, 0xbf, 0x00, 0x00, 0x80, 0xbf,
    0x00, 0x00, 0x80, 0xbf, 0x00, 0x00, 0x80, 0xbf, 0x00, 0x00, 0x00, 0x7e, 0x52, 0x80, 0x06, 0xbf, 0x06, 0x00, 0x84,
    0xbf, 0xd4, 0x02, 0x82, 0xbf, 0x12, 0x9a, 0x0d, 0xbf, 0x45, 0x46, 0x34, 0x85, 0x80, 0x47, 0x35, 0x85, 0x28, 0x34,
    0xa8, 0x80, 0x29, 0x35, 0xa9, 0x82, 0x5e, 0x80, 0x06, 0xbf, 0x05, 0x00, 0x84, 0xbf, 0xf4, 0x02, 0x85, 0xbf, 0x00,
    0x00, 0x80, 0xbf, 0x00, 0x00, 0x80, 0xbf, 0x00, 0x00, 0x80, 0xbf, 0x00, 0x00, 0x80, 0xbf, 0x52, 0x5e, 0xc8, 0x83,
    0x52, 0x48, 0xd2, 0x80, 0x5e, 0x48, 0xde, 0x80, 0x48, 0x81, 0xc8, 0x80, 0x26, 0x20, 0x80, 0xbe, 0x00, 0x00, 0x80,
    0xbf, 0x00, 0x00, 0x80, 0xbf, 0x00, 0x00, 0x80, 0xbf, 0x12, 0x91, 0x0d, 0xbf, 0xfd, 0x00, 0x85, 0xbf, 0x58, 0x11,
    0x58, 0x80, 0x58, 0x80, 0x06, 0xbf, 0xfa, 0x00, 0x85, 0xbf, 0x80, 0x03, 0xd9, 0xbe, 0x12, 0x90, 0x0d, 0xbf, 0xef,
    0x00, 0x85, 0xbf, 0x10, 0x8f, 0x57, 0x80, 0x57, 0x84, 0x57, 0x90, 0x58, 0x02, 0x7c, 0x7f, 0x57, 0x7c, 0x7d, 0x17,
    0xbe, 0x6a, 0x0f, 0xd7, 0x11, 0x7c, 0x03, 0x00, 0xbe, 0x6a, 0x10, 0xd7, 0xbe, 0x03, 0x01, 0x00, 0x11, 0x72, 0x82,
    0x7f, 0xc2, 0x00, 0x1a, 0xd5, 0xc1, 0x23, 0x00, 0x00, 0xff, 0x84, 0x87, 0x37, 0x00, 0xff, 0xff, 0xff, 0xff, 0x84,
    0x85, 0x7d, 0x00, 0x00, 0x00, 0x80, 0xc3, 0x0d, 0x86, 0x7f, 0xc3, 0x55, 0x7a, 0x7f, 0xa0, 0x82, 0x81, 0x53, 0xc2,
    0x23, 0x82, 0x7f, 0xc3, 0x00, 0x4b, 0xd5, 0xc3, 0x7b, 0xcf, 0x03, 0xc3, 0x00, 0x4b, 0xd5, 0xc1, 0x7b, 0x0f, 0x07,
    0xc3, 0x7b, 0x87, 0x5b, 0x00, 0x00, 0x00, 0x9f, 0xff, 0x86, 0x87, 0x11, 0x00, 0x00, 0x80, 0x5f, 0x80, 0x02, 0x82,
    0x7f, 0xc3, 0x00, 0x8d, 0xd5, 0xc3, 0x01, 0x00, 0x20, 0xbd, 0x00, 0x46, 0xd7, 0xbd, 0x13, 0x0d, 0x07, 0xc1, 0x6a,
    0x76, 0xd5, 0xc2, 0x7b, 0x07, 0x07, 0xbd, 0x6a, 0x29, 0xd5, 0xbd, 0x83, 0xa9, 0x01, 0xc1, 0x00, 0x6a, 0xd5, 0xbe,
    0x7b, 0x03, 0x00, 0xbd, 0x6a, 0x0f, 0xd7, 0xc1, 0x7d, 0x03, 0x00, 0xc1, 0x6a, 0x28, 0xd5, 0x80, 0x00, 0xa9, 0x01,
    0xa0, 0x80, 0x85, 0x7d, 0xbd, 0x83, 0x7b, 0x03, 0xbd, 0x00, 0x4e, 0xd5, 0xc1, 0x7b, 0x03, 0x07, 0xbd, 0x05, 0xac,
    0x7e, 0xbd, 0x00, 0x0b, 0xd5, 0xbd, 0x11, 0x00, 0x00, 0x57, 0x72, 0x82, 0x7f, 0xc2, 0x00, 0x1a, 0xd5, 0xc1, 0xaf,
    0x00, 0x00, 0xff, 0x84, 0x87, 0x37, 0x00, 0xff, 0xff, 0xff, 0xff, 0x84, 0x85, 0x7d, 0x00, 0x00, 0x00, 0x80, 0xc3,
    0x0d, 0x86, 0x7f, 0xc3, 0x55, 0x7c, 0x7f, 0xa0, 0x82, 0x81, 0x53, 0xc2, 0x23, 0x82, 0x7f, 0xc3, 0x00, 0x4b, 0xd5,
    0xc3, 0x7d, 0xcf, 0x03, 0xc3, 0x00, 0x4b, 0xd5, 0xc1, 0x7d, 0x0f, 0x07, 0xc3, 0x7d, 0x87, 0x5b, 0x00, 0x00, 0x00,
    0x9f, 0xff, 0x86, 0x87, 0x11, 0x00, 0x00, 0x80, 0x5f, 0x80, 0x02, 0x82, 0x7f, 0xc3, 0x00, 0x8d, 0xd5, 0xc3, 0x01,
    0x00, 0x20, 0xbe, 0x00, 0x46, 0xd7, 0xbe, 0x13, 0x0d, 0x07, 0xc1, 0x6a, 0x76, 0xd5, 0xc2, 0x7d, 0x07, 0x07, 0xbe,
    0x6a, 0x29, 0xd5, 0xbe, 0x83, 0xa9, 0x01, 0xc1, 0x00, 0x6a, 0xd5, 0xbd, 0x7d, 0x03, 0x00, 0xbe, 0x6a, 0x0f, 0xd7,
    0xc1, 0x7b, 0x03, 0x00, 0xc1, 0x6a, 0x28, 0xd5, 0x80, 0x00, 0xa9, 0x01, 0xa0, 0x80, 0x85, 0x7d, 0xbe, 0x83, 0x7d,
    0x03, 0xbe, 0x00, 0x4e, 0xd5, 0xc1, 0x7d, 0x03, 0x07, 0xbd, 0x05, 0x68, 0x7e, 0xbe, 0x05, 0xa8, 0x7e, 0x54, 0x57,
    0x54, 0x93, 0x34, 0x54, 0xd4, 0x80, 0xbe, 0x6a, 0x10, 0xd7, 0x08, 0x7c, 0x03, 0x00, 0xbe, 0x6a, 0x10, 0xd7, 0x11,
    0x7c, 0x03, 0x00, 0xc0, 0x00, 0x1b, 0xd5, 0x01, 0x7f, 0x01, 0x00, 0x6a, 0x00, 0xc2, 0xd4, 0xc0, 0x01, 0x01, 0x00,
    0x81, 0x7c, 0x7d, 0x03, 0x80, 0x4b, 0xba, 0x80, 0x80, 0x4a, 0xbb, 0x80, 0xc2, 0x00, 0x0b, 0xd5, 0xbe, 0x41, 0x01,
    0x00, 0x3a, 0x72, 0x88, 0x7f, 0xc5, 0x00, 0x1a, 0xd5, 0xc4, 0x75, 0x00, 0x00, 0xff, 0x8a, 0x8d, 0x37, 0x00, 0xff,
    0xff, 0xff, 0xff, 0x8a, 0x85, 0x7d, 0x00, 0x00, 0x00, 0x80, 0xc6, 0x0d, 0x8c, 0x7f, 0xc6, 0x55, 0x80, 0x7f, 0xa0,
    0x88, 0x87, 0x53, 0xc5, 0x23, 0x88, 0x7f, 0xc6, 0x00, 0x4b, 0xd5, 0xc6, 0x81, 0xcf, 0x03, 0xc6, 0x00, 0x4b, 0xd5,
    0xc4, 0x81, 0x1b, 0x07, 0xc6, 0x81, 0x8d, 0x5b, 0x00, 0x00, 0x00, 0x9f, 0xff, 0x8c, 0x8d, 0x11, 0x00, 0x00, 0x80,
    0x5f, 0x80, 0x02, 0x88, 0x7f, 0xc6, 0x00, 0x8d, 0xd5, 0xc6, 0x01, 0x00, 0x20, 0xc0, 0x00, 0x46, 0xd7, 0xc0, 0x13,
    0x19, 0x07, 0xc4, 0x6a, 0x76, 0xd5, 0xc5, 0x81, 0x13, 0x07, 0xc0, 0x6a, 0x29, 0xd5, 0xc0, 0x83, 0xa9, 0x01, 0xc4,
    0x00, 0x6a, 0xd5, 0xc2, 0x81, 0x03, 0x00, 0xc0, 0x6a, 0x0f, 0xd7, 0xc4, 0x85, 0x03, 0x00, 0xc4, 0x6a, 0x28, 0xd5,
    0x80, 0x00, 0xa9, 0x01, 0xa0, 0x86, 0x85, 0x7d, 0xc0, 0x89, 0x81, 0x03, 0xc0, 0x00, 0x4e, 0xd5, 0xc4, 0x81, 0x0f,
    0x07, 0xc1, 0x00, 0x42, 0xd5, 0xc0, 0x97, 0x08, 0x07, 0xc2, 0x00, 0x0b, 0xd5, 0xc0, 0x03, 0x01, 0x00, 0x3b, 0x72,
    0x88, 0x7f, 0xc5, 0x00, 0x1a, 0xd5, 0xc4, 0x77, 0x00, 0x00, 0xff, 0x8a, 0x8d, 0x37, 0x00, 0xff, 0xff, 0xff, 0xff,
    0x8a, 0x85, 0x7d, 0x00, 0x00, 0x00, 0x80, 0xc6, 0x0d, 0x8c, 0x7f, 0xc6, 0x55, 0x80, 0x7f, 0xa0, 0x88, 0x87, 0x53,
    0xc5, 0x23, 0x88, 0x7f, 0xc6, 0x00, 0x4b, 0xd5, 0xc6, 0x81, 0xcf, 0x03, 0xc6, 0x00, 0x4b, 0xd5, 0xc4, 0x81, 0x1b,
    0x07, 0xc6, 0x81, 0x8d, 0x5b, 0x00, 0x00, 0x00, 0x9f, 0xff, 0x8c, 0x8d, 0x11, 0x00, 0x00, 0x80, 0x5f, 0x80, 0x02,
    0x88, 0x7f, 0xc6, 0x00, 0x8d, 0xd5, 0xc6, 0x01, 0x00, 0x20, 0xc0, 0x00, 0x46, 0xd7, 0xc0, 0x13, 0x19, 0x07, 0xc4,
    0x6a, 0x76, 0xd5, 0xc5, 0x81, 0x13, 0x07, 0xc0, 0x6a, 0x29, 0xd5, 0xc0, 0x83, 0xa9, 0x01, 0xc4, 0x00, 0x6a, 0xd5,
    0xc2, 0x81, 0x03, 0x00, 0xc0, 0x6a, 0x0f, 0xd7, 0xc4, 0x85, 0x03, 0x00, 0xc4, 0x6a, 0x28, 0xd5, 0x80, 0x00, 0xa9,
    0x01, 0xa0, 0x86, 0x85, 0x7d, 0xc0, 0x89, 0x81, 0x03, 0xc0, 0x00, 0x4e, 0xd5, 0xc4, 0x81, 0x0f, 0x07, 0xc2, 0x00,
    0x42, 0xd5, 0xc0, 0x95, 0x08, 0x07, 0xc1, 0x05, 0x98, 0x7e, 0xc2, 0x05, 0x9a, 0x7e, 0xc0, 0x05, 0x9c, 0x7e, 0xb3,
    0x6a, 0x0f, 0xd7, 0x4c, 0x66, 0x03, 0x00, 0xc3, 0x6a, 0x28, 0xd5, 0x80, 0x00, 0xa9, 0x01, 0xb3, 0x00, 0x42, 0xd5,
    0xc3, 0x97, 0xcc, 0x06, 0xb5, 0x00, 0x42, 0xd5, 0xc3, 0xa1, 0xd4, 0x06, 0xb4, 0x00, 0x42, 0xd5, 0xc3, 0x9f, 0xd0,
    0x06, 0x6a, 0x00, 0x86, 0xd4, 0xb4, 0x01, 0x01, 0x00, 0xc3, 0x6a, 0x28, 0xd5, 0x80, 0x00, 0xa9, 0x01, 0xb5, 0x6a,
    0x0f, 0xd7, 0xb5, 0x87, 0x03, 0x00, 0xb4, 0x00, 0x42, 0xd5, 0xc3, 0x95, 0xd0, 0x06, 0xb4, 0x6a, 0x0f, 0xd7, 0x4d,
    0x68, 0x03, 0x00, 0xc3, 0x6a, 0x28, 0xd5, 0x80, 0x00, 0xa9, 0x01, 0xb5, 0x6a, 0x0f, 0xd7, 0xb5, 0x87, 0x03, 0x00,
    0xb4, 0x00, 0x42, 0xd5, 0xc3, 0x95, 0xd0, 0x06, 0xb5, 0x6a, 0x0f, 0xd7, 0x4e, 0x6a, 0x03, 0x00, 0x4c, 0x00, 0x60,
    0xd7, 0xc1, 0x03, 0x01, 0x00, 0x4d, 0x00, 0x60, 0xd7, 0xc2, 0x03, 0x01, 0x00, 0x4e, 0x00, 0x60, 0xd7, 0xc0, 0x03,
    0x01, 0x00, 0x54, 0x56, 0x55, 0x80, 0x55, 0x57, 0x0b, 0xbf, 0xff, 0x80, 0x34, 0x85, 0x00, 0x00, 0x02, 0x00, 0x55,
    0x57, 0x55, 0x85, 0x12, 0x34, 0x12, 0x88, 0x54, 0x84, 0x54, 0x8f, 0x55, 0x84, 0x55, 0x8f, 0x55, 0x10, 0xd5, 0x83,
    0x08, 0x11, 0x06, 0xbf, 0xff, 0x80, 0x34, 0x85, 0x00, 0x00, 0x02, 0x00, 0x12, 0x34, 0x12, 0x88, 0x12, 0x34, 0x12,
    0x88, 0x90, 0x1d, 0x92, 0xbe, 0x30, 0x00, 0x82, 0xbf, 0x54, 0x84, 0x54, 0x90, 0x54, 0x56, 0x55, 0x80, 0x55, 0x57,
    0xd5, 0x80, 0x80, 0x03, 0xd4, 0xbe, 0x55, 0x84, 0x55, 0x8f, 0x55, 0x10, 0xd5, 0x83, 0x91, 0x1d, 0x92, 0xbe, 0x0c,
    0x00, 0x82, 0xbf, 0x92, 0x1d, 0x92, 0xbe, 0x80, 0x03, 0xab, 0xbe, 0xc1, 0x03, 0xc9, 0xbe, 0xa8, 0x03, 0xd2, 0xbe,
    0x24, 0x00, 0x82, 0xbf, 0x53, 0x90, 0x53, 0x80, 0x53, 0x55, 0x09, 0xbf, 0x21, 0x00, 0x84, 0xbf, 0x96, 0x1d, 0x92,
    0xbe, 0x58, 0x11, 0xd8, 0x80, 0x59, 0x80, 0xd9, 0x82, 0xf5, 0xfe, 0x85, 0xbf, 0xb3, 0x6a, 0x0f, 0xd7, 0x4c, 0x66,
    0x03, 0x00, 0xbd, 0x6a, 0x28, 0xd5, 0x80, 0x00, 0xa9, 0x01, 0xb3, 0x00, 0x42, 0xd5, 0xbd, 0x97, 0xcc, 0x06, 0xb5,
    0x00, 0x42, 0xd5, 0xbd, 0xa1, 0xd4, 0x06, 0xb4, 0x00, 0x42, 0xd5, 0xbd, 0x9f, 0xd0, 0x06, 0x6a, 0x00, 0x86, 0xd4,
    0xb4, 0x01, 0x01, 0x00, 0xbd, 0x6a, 0x28, 0xd5, 0x80, 0x00, 0xa9, 0x01, 0xb5, 0x6a, 0x0f, 0xd7, 0xb5, 0x7b, 0x03,
    0x00, 0xb4, 0x00, 0x42, 0xd5, 0xbd, 0x95, 0xd0, 0x06, 0xb4, 0x6a, 0x0f, 0xd7, 0x4d, 0x68, 0x03, 0x00, 0xbd, 0x6a,
    0x28, 0xd5, 0x80, 0x00, 0xa9, 0x01, 0xb5, 0x6a, 0x0f, 0xd7, 0xb5, 0x7b, 0x03, 0x00, 0xb4, 0x00, 0x42, 0xd5, 0xbd,
    0x95, 0xd0, 0x06, 0xb5, 0x6a, 0x0f, 0xd7, 0x4e, 0x6a, 0x03, 0x00, 0x54, 0x03, 0xd3, 0xbe, 0xff, 0x02, 0x86, 0x7d,
    0x00, 0x01, 0x00, 0x00, 0xff, 0x00, 0x86, 0xbf, 0xbd, 0x6a, 0x19, 0xd7, 0x4b, 0x66, 0x03, 0x00, 0xbe, 0x6a, 0x19,
    0xd7, 0x4a, 0x68, 0x03, 0x00, 0x12, 0x96, 0x0d, 0xbf, 0x42, 0x00, 0x84, 0xbf, 0x96, 0x1b, 0x92, 0xbe, 0x12, 0xff,
    0xb4, 0x93, 0x14, 0x00, 0x01, 0x00, 0x82, 0x7a, 0x85, 0x17, 0x82, 0x7c, 0x87, 0x17, 0xc5, 0x00, 0x6a, 0xd7, 0xc2,
    0x87, 0x03, 0x00, 0xc2, 0x00, 0x1b, 0xd5, 0x01, 0x03, 0x01, 0x00, 0x6a, 0x00, 0xc2, 0xd4, 0xc2, 0x03, 0x01, 0x00,
    0xb5, 0x8b, 0x8b, 0x03, 0x81, 0x02, 0x82, 0x2d, 0xc6, 0x00, 0x48, 0xd5, 0xc1, 0x69, 0x04, 0x02, 0x81, 0x02, 0x82,
    0x2d, 0xc1, 0x00, 0x4a, 0xd5, 0x81, 0x02, 0x06, 0x07, 0x82, 0x02, 0x84, 0x2d, 0xc2, 0x00, 0x4a, 0xd5, 0x81, 0x02,
    0x0a, 0x07, 0x6a, 0x00, 0xc2, 0xd4, 0x34, 0x00, 0x01, 0x00, 0xc2, 0x83, 0x83, 0x03, 0x81, 0x34, 0xb4, 0x80, 0x34,
    0x82, 0x85, 0x2d, 0xc1, 0x00, 0x4a, 0xd5, 0xa0, 0x84, 0x07, 0x07, 0xbf, 0x82, 0x83, 0x37, 0xc2, 0x6a, 0x0f, 0xd7,
    0x90, 0x82, 0x03, 0x00, 0xc3, 0x00, 0x1b, 0xd5, 0x01, 0x05, 0x01, 0x00, 0x6a, 0x00, 0xc2, 0xd4, 0xc3, 0x01, 0x01,
    0x00, 0xc2, 0x83, 0x85, 0x03, 0x8e, 0x8c, 0x87, 0x35, 0xc2, 0x00, 0x43, 0xd5, 0x84, 0x84, 0x0f, 0x07, 0xc1, 0x6a,
    0x0f, 0xd7, 0x60, 0x84, 0x03, 0x00, 0x00, 0x00, 0x34, 0xd8, 0xc1, 0xc5, 0x00, 0x00, 0xc3, 0x00, 0x61, 0xd7, 0x12,
    0x00, 0x01, 0x00, 0xc3, 0x00, 0x61, 0xd7, 0x55, 0x02, 0x01, 0x00, 0xc3, 0x00, 0x61, 0xd7, 0x54, 0x04, 0x01, 0x00,
    0xc1, 0x00, 0x1b, 0xd5, 0x01, 0x7f, 0x01, 0x00, 0x6a, 0x00, 0xc6, 0xd4, 0xc1, 0x07, 0x01, 0x00, 0xff, 0x02, 0x88,
    0x7f, 0x00, 0x40, 0x00, 0x00, 0xc1, 0x89, 0x83, 0x03, 0xc1, 0x00, 0x42, 0xd5, 0xc1, 0x09, 0x81, 0x01, 0x00, 0x01,
    0x34, 0xd8, 0xc1, 0xc3, 0x00, 0x00, 0x60, 0xff, 0x60, 0x80, 0x8c, 0x01, 0x00, 0x00, 0x60, 0xff, 0x06, 0xbf, 0xc0,
    0xff, 0x00, 0x00, 0xff, 0x60, 0x60, 0x85, 0xe0, 0xc1, 0x00, 0x00, 0xfa, 0x02, 0x7e, 0x7f, 0xb5, 0x00, 0x00, 0xff,
    0xfa, 0x02, 0x7a, 0x7f, 0xbd, 0x00, 0x00, 0xff, 0xfa, 0x02, 0x7c, 0x7f, 0xbe, 0x00, 0x00, 0xff, 0xbf, 0x05, 0xa2,
    0x7e, 0xc0, 0x6a, 0x10, 0xd7, 0xbf, 0xa3, 0x00, 0x00, 0xc0, 0x00, 0x69, 0xd5, 0xc0, 0x83, 0x00, 0x00, 0xc4, 0x00,
    0x1b, 0xd5, 0x01, 0x07, 0x01, 0x00, 0xc5, 0x00, 0x18, 0xd5, 0x81, 0x3e, 0x00, 0x00, 0xc4, 0x6a, 0x19, 0xd7, 0xc5,
    0x89, 0x03, 0x00, 0xc5, 0x00, 0x18, 0xd5, 0x81, 0x7c, 0x00, 0x00, 0xc1, 0x00, 0x42, 0xd5, 0xc5, 0x07, 0x11, 0x07,
    0x12, 0xff, 0xb4, 0x93, 0x14, 0x00, 0x01, 0x00, 0x82, 0x02, 0x86, 0x2d, 0x34, 0x86, 0x87, 0x37, 0xc1, 0x00, 0x42,
    0xd5, 0xc3, 0x07, 0x05, 0x07, 0xc2, 0x6a, 0x0f, 0xd7, 0x81, 0x7e, 0x00, 0x00, 0x81, 0x84, 0x85, 0x31, 0xc3, 0x6a,
    0x0f, 0xd7, 0x81, 0x3c, 0x00, 0x00, 0x81, 0x86, 0x87, 0x31, 0xc2, 0x00, 0x76, 0xd7, 0xc2, 0x87, 0x03, 0x00, 0x0f,
    0x82, 0x36, 0x8f, 0x34, 0x00, 0xc6, 0xd4, 0xbf, 0x19, 0x00, 0x00, 0xbd, 0x00, 0x42, 0xd5, 0xbd, 0x05, 0x05, 0x07,
    0x38, 0x00, 0xc6, 0xd4, 0xbd, 0x1f, 0x00, 0x00, 0xbd, 0x00, 0x42, 0xd5, 0x84, 0x7a, 0x03, 0x07, 0x38, 0x34, 0xb8,
    0x88, 0xbe, 0x00, 0x42, 0xd5, 0xbe, 0x05, 0x09, 0x07, 0x3a, 0x00, 0xc6, 0xd4, 0xbe, 0x1d, 0x00, 0x00, 0x38, 0x3a,
    0xba, 0x88, 0x95, 0x00, 0x43, 0xd5, 0xbe, 0x6d, 0xf4, 0x06, 0x95, 0x00, 0x01, 0xd5, 0x95, 0x83, 0xe9, 0x00, 0xbe,
    0x6a, 0x0f, 0xd7, 0x81, 0x7c, 0x03, 0x00, 0x3a, 0x00, 0xc6, 0xd4, 0xbe, 0x1d, 0x00, 0x00, 0x38, 0x3a, 0xba, 0x88,
    0x96, 0x00, 0x43, 0xd5, 0xbe, 0x6d, 0xf4, 0x06, 0x96, 0x00, 0x01, 0xd5, 0x96, 0x83, 0xe9, 0x00, 0xbe, 0x6a, 0x0f,
    0xd7, 0x81, 0x7c, 0x03, 0x00, 0x3a, 0x00, 0xc6, 0xd4, 0xbe, 0x1d, 0x00, 0x00, 0x38, 0x3a, 0xba, 0x88, 0x97, 0x00,
    0x43, 0xd5, 0xbe, 0x6d, 0xf4, 0x06, 0x97, 0x00, 0x01, 0xd5, 0x97, 0x83, 0xe9, 0x00, 0xbe, 0x6a, 0x0f, 0xd7, 0x81,
    0x7c, 0x03, 0x00, 0x3a, 0x00, 0xc6, 0xd4, 0xbe, 0x1d, 0x00, 0x00, 0x38, 0x3a, 0xba, 0x88, 0x98, 0x00, 0x43, 0xd5,
    0xbe, 0x6d, 0xf4, 0x06, 0x98, 0x00, 0x01, 0xd5, 0x98, 0x83, 0xe9, 0x00, 0x12, 0x94, 0x0d, 0xbf, 0x3c, 0x00, 0x84,
    0xbf, 0xfa, 0x02, 0x7e, 0x7f, 0xb5, 0xaa, 0x00, 0xff, 0xfa, 0x02, 0x7a, 0x7f, 0xb3, 0xaa, 0x00, 0xff, 0xfa, 0x02,
    0x7c, 0x7f, 0xb4, 0xaa, 0x00, 0xff, 0x34, 0x00, 0xc6, 0xd4, 0xbf, 0x19, 0x00, 0x00, 0xc0, 0x6a, 0x10, 0xd7, 0xbf,
    0xa3, 0x00, 0x00, 0xc0, 0x00, 0x69, 0xd5, 0xc0, 0x83, 0x00, 0x00, 0xbd, 0x6a, 0x10, 0xd7, 0xbd, 0x97, 0x00, 0x00,
    0xbe, 0x6a, 0x10, 0xd7, 0xbe, 0x95, 0x00, 0x00, 0xbd, 0x00, 0x42, 0xd5, 0xbd, 0x05, 0x05, 0x07, 0x38, 0x00, 0xc6,
    0xd4, 0xbd, 0x1f, 0x00, 0x00, 0xbd, 0x00, 0x42, 0xd5, 0x84, 0x7a, 0x03, 0x07, 0x38, 0x34, 0xb8, 0x88, 0xbe, 0x00,
    0x42, 0xd5, 0xbe, 0x05, 0x09, 0x07, 0x3a, 0x00, 0xc6, 0xd4, 0xbe, 0x1d, 0x00, 0x00, 0x38, 0x3a, 0xba, 0x88, 0x99,
    0x00, 0x43, 0xd5, 0xbe, 0x6d, 0xf4, 0x06, 0x99, 0x00, 0x01, 0xd5, 0x99, 0x83, 0xe9, 0x00, 0xbe, 0x6a, 0x0f, 0xd7,
    0x81, 0x7c, 0x03, 0x00, 0x3a, 0x00, 0xc6, 0xd4, 0xbe, 0x1d, 0x00, 0x00, 0x38, 0x3a, 0xba, 0x88, 0x9a, 0x00, 0x43,
    0xd5, 0xbe, 0x6d, 0xf4, 0x06, 0x9a, 0x00, 0x01, 0xd5, 0x9a, 0x83, 0xe9, 0x00, 0xbe, 0x6a, 0x0f, 0xd7, 0x81, 0x7c,
    0x03, 0x00, 0x3a, 0x00, 0xc6, 0xd4, 0xbe, 0x1d, 0x00, 0x00, 0x38, 0x3a, 0xba, 0x88, 0x9b, 0x00, 0x43, 0xd5, 0xbe,
    0x6d, 0xf4, 0x06, 0x9b, 0x00, 0x01, 0xd5, 0x9b, 0x83, 0xe9, 0x00, 0xbe, 0x6a, 0x0f, 0xd7, 0x81, 0x7c, 0x03, 0x00,
    0x3a, 0x00, 0xc6, 0xd4, 0xbe, 0x1d, 0x00, 0x00, 0x38, 0x3a, 0xba, 0x88, 0x9c, 0x00, 0x43, 0xd5, 0xbe, 0x6d, 0xf4,
    0x06, 0x9c, 0x00, 0x01, 0xd5, 0x9c, 0x83, 0xe9, 0x00, 0x1a, 0x00, 0x82, 0xbf, 0x12, 0x98, 0x0d, 0xbf, 0x44, 0x80,
    0x34, 0x85, 0xbd, 0x6a, 0x0f, 0xd7, 0x95, 0x69, 0x00, 0x00, 0x6a, 0x00, 0xc2, 0xd4, 0x95, 0x83, 0x01, 0x00, 0x99,
    0x00, 0x01, 0xd5, 0xbd, 0x83, 0xa9, 0x01, 0xbd, 0x6a, 0x0f, 0xd7, 0x96, 0x69, 0x00, 0x00, 0x6a, 0x00, 0xc2, 0xd4,
    0x96, 0x83, 0x01, 0x00, 0x9a, 0x00, 0x01, 0xd5, 0xbd, 0x83, 0xa9, 0x01, 0xbd, 0x6a, 0x0f, 0xd7, 0x97, 0x69, 0x00,
    0x00, 0x6a, 0x00, 0xc2, 0xd4, 0x97, 0x83, 0x01, 0x00, 0x9b, 0x00, 0x01, 0xd5, 0xbd, 0x83, 0xa9, 0x01, 0xbd, 0x6a,
    0x0f, 0xd7, 0x98, 0x69, 0x00, 0x00, 0x6a, 0x00, 0xc2, 0xd4, 0x98, 0x83, 0x01, 0x00, 0x9c, 0x00, 0x01, 0xd5, 0xbd,
    0x83, 0xa9, 0x01, 0x12, 0x92, 0x0d, 0xbf, 0x9a, 0x00, 0x85, 0xbf, 0xc1, 0x90, 0x34, 0x90, 0x34, 0x41, 0x34, 0x87,
    0x41, 0x90, 0x35, 0x90, 0x35, 0x51, 0x35, 0x93, 0x34, 0x51, 0x28, 0x93, 0x35, 0x90, 0x34, 0x8f, 0x35, 0x90, 0x35,
    0x90, 0x34, 0x28, 0x28, 0x80, 0x35, 0x80, 0x29, 0x82, 0x28, 0x14, 0x28, 0x80, 0x29, 0x15, 0x29, 0x82, 0x82, 0x00,
    0x82, 0xbf, 0x12, 0x92, 0x0d, 0xbf, 0x8c, 0x00, 0x85, 0xbf, 0xbf, 0x00, 0x43, 0xd5, 0x85, 0x02, 0x0a, 0x02, 0x81,
    0x02, 0x7a, 0x35, 0xbf, 0x00, 0x4a, 0xd5, 0x84, 0x7e, 0xf7, 0x06, 0xbd, 0x00, 0x48, 0xd5, 0xbf, 0x05, 0x09, 0x02,
    0x82, 0x7a, 0x7b, 0x27, 0xbf, 0x00, 0x48, 0xd5, 0x01, 0x03, 0x05, 0x02, 0xbd, 0x00, 0x43, 0xd5, 0x82, 0x7a, 0xff,
    0x06, 0xbd, 0x00, 0x43, 0xd5, 0x3e, 0x06, 0xf5, 0x06, 0xbf, 0x6a, 0x10, 0xd7, 0x1d, 0x7a, 0x03, 0x00, 0xbf, 0x6a,
    0x10, 0xd7, 0xbf, 0x03, 0x01, 0x00, 0x12, 0xff, 0xb6, 0x93, 0x01, 0x00, 0x01, 0x00, 0x6a, 0x00, 0xc2, 0xd4, 0x36,
    0x02, 0x01, 0x00, 0xbd, 0x7f, 0x7b, 0x03, 0x34, 0x00, 0xc6, 0xd4, 0xbd, 0x3b, 0x00, 0x00, 0x82, 0x7a, 0x7b, 0x35,
    0x12, 0xff, 0xb6, 0x93, 0x18, 0x00, 0x01, 0x00, 0xc0, 0x00, 0x48, 0xd5, 0x01, 0x05, 0xd9, 0x00, 0xc0, 0x00, 0x69,
    0xd5, 0x44, 0x80, 0x03, 0x00, 0xbd, 0x6a, 0x0f, 0xd7, 0xbd, 0x81, 0x03, 0x00, 0xbe, 0x00, 0x69, 0xd5, 0x5a, 0x6c,
    0x03, 0x00, 0xbe, 0x6a, 0x0f, 0xd7, 0xbe, 0x7b, 0x03, 0x00, 0x1c, 0x3f, 0xb6, 0x80, 0x36, 0x85, 0xb6, 0x80, 0x12,
    0x80, 0x0d, 0xbf, 0x36, 0x3f, 0x36, 0x85, 0x36, 0x02, 0x80, 0x7f, 0x1d, 0x82, 0x39, 0x8f, 0x36, 0x00, 0xc6, 0xd4,
    0xc0, 0x39, 0x00, 0x00, 0x95, 0x00, 0x42, 0xd5, 0xc0, 0x73, 0xf8, 0x06, 0x36, 0x34, 0xb6, 0x88, 0x95, 0x00, 0x01,
    0xd5, 0x95, 0x83, 0xd9, 0x00, 0x95, 0x03, 0x2c, 0x7f, 0xc0, 0x6a, 0x0f, 0xd7, 0xc0, 0x05, 0x01, 0x00, 0x36, 0x00,
    0xc6, 0xd4, 0xc0, 0x39, 0x00, 0x00, 0x98, 0x00, 0x42, 0xd5, 0xc0, 0x73, 0xf8, 0x06, 0x36, 0x34, 0xb6, 0x88, 0x98,
    0x00, 0x01, 0xd5, 0x98, 0x83, 0xd9, 0x00, 0xc0, 0x6a, 0x0f, 0xd7, 0xc0, 0x05, 0x01, 0x00, 0x36, 0x00, 0xc6, 0xd4,
    0xc0, 0x39, 0x00, 0x00, 0x97, 0x00, 0x42, 0xd5, 0xc0, 0x73, 0xf8, 0x06, 0x36, 0x34, 0xb6, 0x88, 0x97, 0x00, 0x01,
    0xd5, 0x97, 0x83, 0xd9, 0x00, 0x5a, 0x83, 0x34, 0x8f, 0x12, 0xff, 0x35, 0x87, 0x00, 0x00, 0x10, 0x01, 0x34, 0x80,
    0x34, 0x85, 0xbd, 0x6a, 0x0f, 0xd7, 0x95, 0x69, 0x00, 0x00, 0x6a, 0x00, 0xc2, 0xd4, 0x95, 0x83, 0x01, 0x00, 0x99,
    0x00, 0x01, 0xd5, 0xbd, 0x83, 0xa9, 0x01, 0xbd, 0x6a, 0x0f, 0xd7, 0x96, 0x69, 0x00, 0x00, 0x6a, 0x00, 0xc2, 0xd4,
    0x96, 0x83, 0x01, 0x00, 0x9a, 0x00, 0x01, 0xd5, 0xbd, 0x83, 0xa9, 0x01, 0xbd, 0x6a, 0x0f, 0xd7, 0x97, 0x69, 0x00,
    0x00, 0x6a, 0x00, 0xc2, 0xd4, 0x97, 0x83, 0x01, 0x00, 0x9b, 0x00, 0x01, 0xd5, 0xbd, 0x83, 0xa9, 0x01, 0xbd, 0x6a,
    0x0f, 0xd7, 0x98, 0x69, 0x00, 0x00, 0x6a, 0x00, 0xc2, 0xd4, 0x98, 0x83, 0x01, 0x00, 0x9c, 0x00, 0x01, 0xd5, 0xbd,
    0x83, 0xa9, 0x01, 0xbd, 0x6a, 0x0f, 0xd7, 0xb6, 0xa7, 0x00, 0x00, 0x6a, 0x00, 0xc1, 0xd4, 0xbd, 0x21, 0x00, 0x00,
    0xc1, 0x2a, 0x2b, 0x03, 0xc1, 0x2c, 0x2d, 0x03, 0xc1, 0x2e, 0x2f, 0x03, 0xc1, 0x30, 0x31, 0x03, 0x12, 0xff, 0x34,
    0x87, 0x00, 0x00, 0x10, 0x01, 0x04, 0x00, 0x84, 0xbf, 0xbd, 0x6a, 0x0f, 0xd7, 0xbd, 0x11, 0x01, 0x00, 0x6a, 0x00,
    0xc1, 0xd4, 0xbd, 0x21, 0x00, 0x00, 0xc1, 0x32, 0x33, 0x03, 0xc1, 0x34, 0x35, 0x03, 0xc1, 0x36, 0x37, 0x03, 0xc1,
    0x38, 0x39, 0x03, 0xc1, 0x90, 0x34, 0x90, 0x34, 0x5a, 0x34, 0x87, 0x5a, 0x90, 0x35, 0x90, 0x35, 0x53, 0x35, 0x93,
    0x34, 0x53, 0x28, 0x93, 0x35, 0x90, 0x34, 0x8f, 0x35, 0x90, 0x35, 0x90, 0x34, 0x28, 0x28, 0x80, 0x35, 0x80, 0x29,
    0x82, 0x28, 0x16, 0x28, 0x80, 0x29, 0x17, 0x29, 0x82, 0xff, 0x03, 0xab, 0xbe, 0x00, 0x40, 0x01, 0x31, 0xc1, 0x03,
    0xc9, 0xbe, 0x12, 0xff, 0xb4, 0x93, 0x14, 0x00, 0x01, 0x00, 0x0d, 0x34, 0x52, 0x8f, 0x12, 0x94, 0x0d, 0xbf, 0x80,
    0xff, 0x34, 0x85, 0x00, 0x00, 0x00, 0x02, 0x0d, 0x80, 0x0d, 0xbf, 0x34, 0x80, 0x34, 0x85, 0x12, 0x34, 0x12, 0x89,
    0x0a, 0x04, 0xea, 0xbe, 0x32, 0xfd, 0x82, 0xbf, 0x00, 0x00, 0x80, 0xbf, 0x00, 0x00, 0x80, 0xbf, 0x00, 0x00, 0x80,
    0xbf, 0x00, 0x00, 0x80, 0xbf, 0x00, 0x00, 0x80, 0xbf, 0x00, 0x00, 0x80, 0xbf, 0xff, 0x12, 0x34, 0x87, 0x00, 0x00,
    0x90, 0x00, 0x3e, 0x81, 0xbe, 0x82, 0x64, 0xfe, 0x84, 0xbf, 0xff, 0x12, 0x34, 0x87, 0x00, 0x00, 0x90, 0x00, 0x3d,
    0x81, 0xbe, 0x82, 0x3f, 0x86, 0x3f, 0x80, 0x3f, 0x1c, 0x09, 0xbf, 0x5e, 0xfe, 0x84, 0xbf, 0x81, 0x03, 0xbf, 0xbe,
    0x3f, 0x1c, 0x09, 0xbf, 0x40, 0x81, 0x40, 0x82, 0x40, 0x81, 0x08, 0xbf, 0x59, 0xfe, 0x84, 0xbf, 0x80, 0x03, 0xc0,
    0xbe, 0x80, 0x03, 0xbf, 0xbe, 0x32, 0xfe, 0x82, 0xbf, 0x00, 0x00, 0x80, 0xbf, 0x00, 0x00, 0x80, 0xbf, 0x00, 0x00,
    0x80, 0xbf, 0x00, 0x00, 0x80, 0xbf, 0x00, 0x00, 0x80, 0xbf, 0x00, 0x00, 0x80, 0xbf, 0x00, 0x00, 0x80, 0xbf, 0x00,
    0x00, 0x80, 0xbf, 0x00, 0x00, 0x80, 0xbf, 0x00, 0x00, 0x80, 0xbf, 0x00, 0x00, 0x80, 0xbf, 0x00, 0x00, 0x80, 0xbf,
    0x00, 0x00, 0x80, 0xbf, 0x00, 0x00, 0x80, 0xbf, 0x00, 0x00, 0x80, 0xbf, 0x00, 0x00, 0x80, 0xbf, 0x00, 0x00, 0x80,
    0xbf, 0x00, 0x00, 0x80, 0xbf, 0x00, 0x00, 0x80, 0xbf, 0x00, 0x00, 0x80, 0xbf, 0x00, 0x00, 0x80, 0xbf, 0x00, 0x00,
    0x80, 0xbf, 0xfa, 0x70, 0x09, 0x56, 0x04, 0x4e, 0x00, 0xfc, 0xfa, 0x70, 0x0b, 0x56, 0x05, 0x4e, 0x00, 0xfc, 0xfa,
    0x70, 0x05, 0x56, 0x02, 0x4e, 0x00, 0xfc, 0xfa, 0x70, 0x07, 0x56, 0x03, 0x4e, 0x00, 0xfc, 0xfa, 0x06, 0x06, 0x06,
    0x04, 0x40, 0x01, 0xff, 0xfa, 0x04, 0x04, 0x06, 0x05, 0x40, 0x01, 0xff, 0x00, 0x00, 0x80, 0xbf, 0xfa, 0x72, 0x07,
    0x56, 0x03, 0xb1, 0x00, 0xf6, 0xfa, 0x72, 0x05, 0x56, 0x02, 0xb1, 0x00, 0xf6, 0x00, 0x00, 0x80, 0xbf, 0xfa, 0x04,
    0x04, 0x06, 0x03, 0x41, 0x01, 0xff, 0xfa, 0x70, 0x11, 0x56, 0x08, 0x4e, 0x00, 0xfc, 0xfa, 0x70, 0x13, 0x56, 0x09,
    0x4e, 0x00, 0xfc, 0xfa, 0x70, 0x0d, 0x56, 0x06, 0x4e, 0x00, 0xfc, 0xfa, 0x70, 0x0f, 0x56, 0x07, 0x4e, 0x00, 0xfc,
    0xfa, 0x0e, 0x0e, 0x06, 0x08, 0x40, 0x01, 0xff, 0xfa, 0x0c, 0x0c, 0x06, 0x09, 0x40, 0x01, 0xff, 0x00, 0x00, 0x80,
    0xbf, 0xfa, 0x72, 0x0f, 0x56, 0x07, 0xb1, 0x00, 0xf6, 0xfa, 0x72, 0x0d, 0x56, 0x06, 0xb1, 0x00, 0xf6, 0x00, 0x00,
    0x80, 0xbf, 0xfa, 0x0c, 0x06, 0x06, 0x07, 0x41, 0x01, 0xff, 0xfa, 0x70, 0x19, 0x56, 0x0c, 0x4e, 0x00, 0xfc, 0xfa,
    0x70, 0x1b, 0x56, 0x0d, 0x4e, 0x00, 0xfc, 0xfa, 0x70, 0x15, 0x56, 0x0a, 0x4e, 0x00, 0xfc, 0xfa, 0x70, 0x17, 0x56,
    0x0b, 0x4e, 0x00, 0xfc, 0xfa, 0x16, 0x16, 0x06, 0x0c, 0x40, 0x01, 0xff, 0xfa, 0x14, 0x14, 0x06, 0x0d, 0x40, 0x01,
    0xff, 0x00, 0x00, 0x80, 0xbf, 0xfa, 0x72, 0x17, 0x56, 0x0b, 0xb1, 0x00, 0xf6, 0xfa, 0x72, 0x15, 0x56, 0x0a, 0xb1,
    0x00, 0xf6, 0x00, 0x00, 0x80, 0xbf, 0xfa, 0x14, 0x08, 0x06, 0x0b, 0x41, 0x01, 0xff, 0xfa, 0x70, 0x21, 0x56, 0x10,
    0x4e, 0x00, 0xfc, 0xfa, 0x70, 0x23, 0x56, 0x11, 0x4e, 0x00, 0xfc, 0xfa, 0x70, 0x1d, 0x56, 0x0e, 0x4e, 0x00, 0xfc,
    0xfa, 0x70, 0x1f, 0x56, 0x0f, 0x4e, 0x00, 0xfc, 0xfa, 0x1e, 0x1e, 0x06, 0x10, 0x40, 0x01, 0xff, 0xfa, 0x1c, 0x1c,
    0x06, 0x11, 0x40, 0x01, 0xff, 0x00, 0x00, 0x80, 0xbf, 0xfa, 0x72, 0x1f, 0x56, 0x0f, 0xb1, 0x00, 0xf6, 0xfa, 0x72,
    0x1d, 0x56, 0x0e, 0xb1, 0x00, 0xf6, 0x00, 0x00, 0x80, 0xbf, 0xfa, 0x1c, 0x0a, 0x06, 0x0f, 0x41, 0x01, 0xff, 0xfa,
    0x70, 0x29, 0x56, 0x14, 0x4e, 0x00, 0xfc, 0xfa, 0x70, 0x2b, 0x56, 0x15, 0x4e, 0x00, 0xfc, 0xfa, 0x70, 0x25, 0x56,
    0x12, 0x4e, 0x00, 0xfc, 0xfa, 0x70, 0x27, 0x56, 0x13, 0x4e, 0x00, 0xfc, 0xfa, 0x26, 0x26, 0x06, 0x14, 0x40, 0x01,
    0xff, 0xfa, 0x24, 0x24, 0x06, 0x15, 0x40, 0x01, 0xff, 0x00, 0x00, 0x80, 0xbf, 0xfa, 0x72, 0x27, 0x56, 0x13, 0xb1,
    0x00, 0xf6, 0xfa, 0x72, 0x25, 0x56, 0x12, 0xb1, 0x00, 0xf6, 0x00, 0x00, 0x80, 0xbf, 0xfa, 0x24, 0x0c, 0x06, 0x13,
    0x41, 0x01, 0xff, 0xfa, 0x70, 0x31, 0x56, 0x18, 0x4e, 0x00, 0xfc, 0xfa, 0x70, 0x33, 0x56, 0x19, 0x4e, 0x00, 0xfc,
    0xfa, 0x70, 0x2d, 0x56, 0x16, 0x4e, 0x00, 0xfc, 0xfa, 0x70, 0x2f, 0x56, 0x17, 0x4e, 0x00, 0xfc, 0xfa, 0x2e, 0x2e,
    0x06, 0x18, 0x40, 0x01, 0xff, 0xfa, 0x2c, 0x2c, 0x06, 0x19, 0x40, 0x01, 0xff, 0x00, 0x00, 0x80, 0xbf, 0xfa, 0x72,
    0x2f, 0x56, 0x17, 0xb1, 0x00, 0xf6, 0xfa, 0x72, 0x2d, 0x56, 0x16, 0xb1, 0x00, 0xf6, 0x00, 0x00, 0x80, 0xbf, 0xfa,
    0x2c, 0x0e, 0x06, 0x17, 0x41, 0x01, 0xff, 0xfa, 0x70, 0x39, 0x56, 0x1c, 0x4e, 0x00, 0xfc, 0xfa, 0x70, 0x3b, 0x56,
    0x1d, 0x4e, 0x00, 0xfc, 0xfa, 0x70, 0x35, 0x56, 0x1a, 0x4e, 0x00, 0xfc, 0xfa, 0x70, 0x37, 0x56, 0x1b, 0x4e, 0x00,
    0xfc, 0xfa, 0x36, 0x36, 0x06, 0x1c, 0x40, 0x01, 0xff, 0xfa, 0x34, 0x34, 0x06, 0x1d, 0x40, 0x01, 0xff, 0x00, 0x00,
    0x80, 0xbf, 0xfa, 0x72, 0x37, 0x56, 0x1b, 0xb1, 0x00, 0xf6, 0xfa, 0x72, 0x35, 0x56, 0x1a, 0xb1, 0x00, 0xf6, 0x00,
    0x00, 0x80, 0xbf, 0xfa, 0x34, 0x10, 0x06, 0x1b, 0x41, 0x01, 0xff, 0xfa, 0x70, 0x41, 0x56, 0x20, 0x4e, 0x00, 0xfc,
    0xfa, 0x70, 0x43, 0x56, 0x21, 0x4e, 0x00, 0xfc, 0xfa, 0x70, 0x3d, 0x56, 0x1e, 0x4e, 0x00, 0xfc, 0xfa, 0x70, 0x3f,
    0x56, 0x1f, 0x4e, 0x00, 0xfc, 0xfa, 0x3e, 0x3e, 0x06, 0x20, 0x40, 0x01, 0xff, 0xfa, 0x3c, 0x3c, 0x06, 0x21, 0x40,
    0x01, 0xff, 0x00, 0x00, 0x80, 0xbf, 0xfa, 0x72, 0x3f, 0x56, 0x1f, 0xb1, 0x00, 0xf6, 0xfa, 0x72, 0x3d, 0x56, 0x1e,
    0xb1, 0x00, 0xf6, 0x00, 0x00, 0x80, 0xbf, 0xfa, 0x3c, 0x12, 0x06, 0x1f, 0x41, 0x01, 0xff, 0xfa, 0x70, 0x49, 0x56,
    0x24, 0x4e, 0x00, 0xfc, 0xfa, 0x70, 0x4b, 0x56, 0x25, 0x4e, 0x00, 0xfc, 0xfa, 0x70, 0x45, 0x56, 0x22, 0x4e, 0x00,
    0xfc, 0xfa, 0x70, 0x47, 0x56, 0x23, 0x4e, 0x00, 0xfc, 0xfa, 0x46, 0x46, 0x06, 0x24, 0x40, 0x01, 0xff, 0xfa, 0x44,
    0x44, 0x06, 0x25, 0x40, 0x01, 0xff, 0x00, 0x00, 0x80, 0xbf, 0xfa, 0x72, 0x47, 0x56, 0x23, 0xb1, 0x00, 0xf6, 0xfa,
    0x72, 0x45, 0x56, 0x22, 0xb1, 0x00, 0xf6, 0x00, 0x00, 0x80, 0xbf, 0xfa, 0x44, 0x14, 0x06, 0x23, 0x41, 0x01, 0xff,
    0xfa, 0x70, 0x51, 0x56, 0x28, 0x4e, 0x00, 0xfc, 0xfa, 0x70, 0x53, 0x56, 0x29, 0x4e, 0x00, 0xfc, 0xfa, 0x70, 0x4d,
    0x56, 0x26, 0x4e, 0x00, 0xfc, 0xfa, 0x70, 0x4f, 0x56, 0x27, 0x4e, 0x00, 0xfc, 0xfa, 0x4e, 0x4e, 0x06, 0x28, 0x40,
    0x01, 0xff, 0xfa, 0x4c, 0x4c, 0x06, 0x29, 0x40, 0x01, 0xff, 0x00, 0x00, 0x80, 0xbf, 0xfa, 0x72, 0x4f, 0x56, 0x27,
    0xb1, 0x00, 0xf6, 0xfa, 0x72, 0x4d, 0x56, 0x26, 0xb1, 0x00, 0xf6, 0x00, 0x00, 0x80, 0xbf, 0xfa, 0x4c, 0x16, 0x06,
    0x27, 0x41, 0x01, 0xff, 0xfa, 0x70, 0x59, 0x56, 0x2c, 0x4e, 0x00, 0xfc, 0xfa, 0x70, 0x5b, 0x56, 0x2d, 0x4e, 0x00,
    0xfc, 0xfa, 0x70, 0x55, 0x56, 0x2a, 0x4e, 0x00, 0xfc, 0xfa, 0x70, 0x57, 0x56, 0x2b, 0x4e, 0x00, 0xfc, 0xfa, 0x56,
    0x56, 0x06, 0x2c, 0x40, 0x01, 0xff, 0xfa, 0x54, 0x54, 0x06, 0x2d, 0x40, 0x01, 0xff, 0x00, 0x00, 0x80, 0xbf, 0xfa,
    0x72, 0x57, 0x56, 0x2b, 0xb1, 0x00, 0xf6, 0xfa, 0x72, 0x55, 0x56, 0x2a, 0xb1, 0x00, 0xf6, 0x00, 0x00, 0x80, 0xbf,
    0xfa, 0x54, 0x18, 0x06, 0x2b, 0x41, 0x01, 0xff, 0xfa, 0x70, 0x61, 0x56, 0x30, 0x4e, 0x00, 0xfc, 0xfa, 0x70, 0x63,
    0x56, 0x31, 0x4e, 0x00, 0xfc, 0xfa, 0x70, 0x5d, 0x56, 0x2e, 0x4e, 0x00, 0xfc, 0xfa, 0x70, 0x5f, 0x56, 0x2f, 0x4e,
    0x00, 0xfc, 0xfa, 0x5e, 0x5e, 0x06, 0x30, 0x40, 0x01, 0xff, 0xfa, 0x5c, 0x5c, 0x06, 0x31, 0x40, 0x01, 0xff, 0x00,
    0x00, 0x80, 0xbf, 0xfa, 0x72, 0x5f, 0x56, 0x2f, 0xb1, 0x00, 0xf6, 0xfa, 0x72, 0x5d, 0x56, 0x2e, 0xb1, 0x00, 0xf6,
    0x00, 0x00, 0x80, 0xbf, 0xfa, 0x5c, 0x1a, 0x06, 0x2f, 0x41, 0x01, 0xff, 0xfa, 0x70, 0x69, 0x56, 0x34, 0x4e, 0x00,
    0xfc, 0xfa, 0x70, 0x6b, 0x56, 0x35, 0x4e, 0x00, 0xfc, 0xfa, 0x70, 0x65, 0x56, 0x32, 0x4e, 0x00, 0xfc, 0xfa, 0x70,
    0x67, 0x56, 0x33, 0x4e, 0x00, 0xfc, 0xfa, 0x66, 0x66, 0x06, 0x34, 0x40, 0x01, 0xff, 0xfa, 0x64, 0x64, 0x06, 0x35,
    0x40, 0x01, 0xff, 0x00, 0x00, 0x80, 0xbf, 0xfa, 0x72, 0x67, 0x56, 0x33, 0xb1, 0x00, 0xf6, 0xfa, 0x72, 0x65, 0x56,
    0x32, 0xb1, 0x00, 0xf6, 0x00, 0x00, 0x80, 0xbf, 0xfa, 0x64, 0x1c, 0x06, 0x33, 0x41, 0x01, 0xff, 0xfa, 0x70, 0x71,
    0x56, 0x38, 0x4e, 0x00, 0xfc, 0xfa, 0x70, 0x73, 0x56, 0x39, 0x4e, 0x00, 0xfc, 0xfa, 0x70, 0x6d, 0x56, 0x36, 0x4e,
    0x00, 0xfc, 0xfa, 0x70, 0x6f, 0x56, 0x37, 0x4e, 0x00, 0xfc, 0xfa, 0x6e, 0x6e, 0x06, 0x38, 0x40, 0x01, 0xff, 0xfa,
    0x6c, 0x6c, 0x06, 0x39, 0x40, 0x01, 0xff, 0x00, 0x00, 0x80, 0xbf, 0xfa, 0x72, 0x6f, 0x56, 0x37, 0xb1, 0x00, 0xf6,
    0xfa, 0x72, 0x6d, 0x56, 0x36, 0xb1, 0x00, 0xf6, 0x00, 0x00, 0x80, 0xbf, 0xfa, 0x6c, 0x1e, 0x06, 0x37, 0x41, 0x01,
    0xff, 0xfa, 0x70, 0x79, 0x56, 0x3c, 0x4e, 0x00, 0xfc, 0xfa, 0x70, 0x7b, 0x56, 0x3d, 0x4e, 0x00, 0xfc, 0xfa, 0x70,
    0x75, 0x56, 0x3a, 0x4e, 0x00, 0xfc, 0xfa, 0x70, 0x77, 0x56, 0x3b, 0x4e, 0x00, 0xfc, 0xfa, 0x76, 0x76, 0x06, 0x3c,
    0x40, 0x01, 0xff, 0xfa, 0x74, 0x74, 0x06, 0x3d, 0x40, 0x01, 0xff, 0x00, 0x00, 0x80, 0xbf, 0xfa, 0x72, 0x77, 0x56,
    0x3b, 0xb1, 0x00, 0xf6, 0xfa, 0x72, 0x75, 0x56, 0x3a, 0xb1, 0x00, 0xf6, 0x00, 0x00, 0x80, 0xbf, 0xfa, 0x74, 0x20,
    0x06, 0x3b, 0x41, 0x01, 0xff, 0xfa, 0x70, 0x81, 0x56, 0x40, 0x4e, 0x00, 0xfc, 0xfa, 0x70, 0x83, 0x56, 0x41, 0x4e,
    0x00, 0xfc, 0xfa, 0x70, 0x7d, 0x56, 0x3e, 0x4e, 0x00, 0xfc, 0xfa, 0x70, 0x7f, 0x56, 0x3f, 0x4e, 0x00, 0xfc, 0xfa,
    0x7e, 0x7e, 0x06, 0x40, 0x40, 0x01, 0xff, 0xfa, 0x7c, 0x7c, 0x06, 0x41, 0x40, 0x01, 0xff, 0x00, 0x00, 0x80, 0xbf,
    0xfa, 0x72, 0x7f, 0x56, 0x3f, 0xb1, 0x00, 0xf6, 0xfa, 0x72, 0x7d, 0x56, 0x3e, 0xb1, 0x00, 0xf6, 0x00, 0x00, 0x80,
    0xbf, 0xfa, 0x7c, 0x22, 0x06, 0x3f, 0x41, 0x01, 0xff, 0x70, 0x3f, 0x8c, 0xbf, 0x2c, 0x04, 0xb6, 0xbe, 0x2f, 0x03,
    0xb5, 0xbe, 0xbd, 0x00, 0x48, 0xd5, 0x12, 0x2a, 0x05, 0x02, 0xbd, 0x6a, 0x10, 0xd7, 0xbd, 0x03, 0x01, 0x00, 0x9f,
    0x3b, 0x83, 0x03, 0xa0, 0x3d, 0x85, 0x03, 0xa3, 0x43, 0x87, 0x03, 0xa4, 0x45, 0x89, 0x03, 0x34, 0x00, 0x60, 0xd7,
    0xbb, 0x01, 0x01, 0x00, 0x02, 0x00, 0x03, 0xd5, 0x02, 0x69, 0x00, 0x00, 0xbd, 0x00, 0x08, 0xd5, 0x02, 0x49, 0x00,
    0x00, 0x6a, 0x00, 0x01, 0xd4, 0x02, 0x01, 0x01, 0x00, 0x02, 0x7b, 0x05, 0x02, 0x03, 0x00, 0x03, 0xd5, 0x03, 0x69,
    0x00, 0x00, 0xbd, 0x00, 0x08, 0xd5, 0x03, 0x49, 0x00, 0x00, 0x6a, 0x00, 0x01, 0xd4, 0x03, 0x01, 0x01, 0x00, 0x03,
    0x7b, 0x07, 0x02, 0x00, 0x10, 0x70, 0xe0, 0xc1, 0x02, 0x0b, 0x80, 0x00, 0x10, 0x70, 0xe0, 0xc3, 0x03, 0x0b, 0x80,
    0x04, 0x00, 0x03, 0xd5, 0x04, 0x69, 0x00, 0x00, 0xbd, 0x00, 0x08, 0xd5, 0x04, 0x49, 0x00, 0x00, 0x6a, 0x00, 0x01,
    0xd4, 0x04, 0x01, 0x01, 0x00, 0x04, 0x7b, 0x09, 0x02, 0x05, 0x00, 0x03, 0xd5, 0x05, 0x69, 0x00, 0x00, 0xbd, 0x00,
    0x08, 0xd5, 0x05, 0x49, 0x00, 0x00, 0x6a, 0x00, 0x01, 0xd4, 0x05, 0x01, 0x01, 0x00, 0x05, 0x7b, 0x0b, 0x02, 0x00,
    0x10, 0x70, 0xe0, 0xc2, 0x04, 0x0b, 0x80, 0x00, 0x10, 0x70, 0xe0, 0xc4, 0x05, 0x0b, 0x80, 0x00, 0x00, 0x00, 0x7e,
    0x2c, 0x43, 0x2c, 0x80, 0x2d, 0x80, 0x2d, 0x82, 0x5d, 0x81, 0xdd, 0x80, 0x80, 0x2f, 0x2f, 0x85, 0x34, 0x00, 0x60,
    0xd7, 0xbb, 0x03, 0x01, 0x00, 0x06, 0x00, 0x03, 0xd5, 0x06, 0x69, 0x00, 0x00, 0xbd, 0x00, 0x08, 0xd5, 0x06, 0x49,
    0x00, 0x00, 0x6a, 0x00, 0x01, 0xd4, 0x06, 0x01, 0x01, 0x00, 0x06, 0x7b, 0x0d, 0x02, 0x07, 0x00, 0x03, 0xd5, 0x07,
    0x69, 0x00, 0x00, 0xbd, 0x00, 0x08, 0xd5, 0x07, 0x49, 0x00, 0x00, 0x6a, 0x00, 0x01, 0xd4, 0x07, 0x01, 0x01, 0x00,
    0x07, 0x7b, 0x0f, 0x02, 0x00, 0x10, 0x70, 0xe0, 0xc1, 0x06, 0x0b, 0x80, 0x00, 0x10, 0x70, 0xe0, 0xc3, 0x07, 0x0b,
    0x80, 0x08, 0x00, 0x03, 0xd5, 0x08, 0x69, 0x00, 0x00, 0xbd, 0x00, 0x08, 0xd5, 0x08, 0x49, 0x00, 0x00, 0x6a, 0x00,
    0x01, 0xd4, 0x08, 0x01, 0x01, 0x00, 0x08, 0x7b, 0x11, 0x02, 0x09, 0x00, 0x03, 0xd5, 0x09, 0x69, 0x00, 0x00, 0xbd,
    0x00, 0x08, 0xd5, 0x09, 0x49, 0x00, 0x00, 0x6a, 0x00, 0x01, 0xd4, 0x09, 0x01, 0x01, 0x00, 0x09, 0x7b, 0x13, 0x02,
    0x00, 0x10, 0x70, 0xe0, 0xc2, 0x08, 0x0b, 0x80, 0x00, 0x10, 0x70, 0xe0, 0xc4, 0x09, 0x0b, 0x80, 0x00, 0x00, 0x00,
    0x7e, 0x2c, 0x43, 0x2c, 0x80, 0x2d, 0x80, 0x2d, 0x82, 0x5d, 0x81, 0xdd, 0x80, 0x80, 0x2f, 0x2f, 0x85, 0x43, 0x81,
    0x34, 0x8f, 0x2c, 0x34, 0x2c, 0x80, 0x2d, 0x80, 0x2d, 0x82, 0x5d, 0x82, 0xdd, 0x80, 0x80, 0x2f, 0x2f, 0x85, 0x34,
    0x00, 0x60, 0xd7, 0xbb, 0x09, 0x01, 0x00, 0x0a, 0x00, 0x03, 0xd5, 0x0a, 0x69, 0x00, 0x00, 0xbd, 0x00, 0x08, 0xd5,
    0x0a, 0x49, 0x00, 0x00, 0x6a, 0x00, 0x01, 0xd4, 0x0a, 0x01, 0x01, 0x00, 0x0a, 0x7b, 0x15, 0x02, 0x0b, 0x00, 0x03,
    0xd5, 0x0b, 0x69, 0x00, 0x00, 0xbd, 0x00, 0x08, 0xd5, 0x0b, 0x49, 0x00, 0x00, 0x6a, 0x00, 0x01, 0xd4, 0x0b, 0x01,
    0x01, 0x00, 0x0b, 0x7b, 0x17, 0x02, 0x00, 0x10, 0x70, 0xe0, 0xc1, 0x0a, 0x0b, 0x80, 0x00, 0x10, 0x70, 0xe0, 0xc3,
    0x0b, 0x0b, 0x80, 0x0c, 0x00, 0x03, 0xd5, 0x0c, 0x69, 0x00, 0x00, 0xbd, 0x00, 0x08, 0xd5, 0x0c, 0x49, 0x00, 0x00,
    0x6a, 0x00, 0x01, 0xd4, 0x0c, 0x01, 0x01, 0x00, 0x0c, 0x7b, 0x19, 0x02, 0x0d, 0x00, 0x03, 0xd5, 0x0d, 0x69, 0x00,
    0x00, 0xbd, 0x00, 0x08, 0xd5, 0x0d, 0x49, 0x00, 0x00, 0x6a, 0x00, 0x01, 0xd4, 0x0d, 0x01, 0x01, 0x00, 0x0d, 0x7b,
    0x1b, 0x02, 0x00, 0x10, 0x70, 0xe0, 0xc2, 0x0c, 0x0b, 0x80, 0x00, 0x10, 0x70, 0xe0, 0xc4, 0x0d, 0x0b, 0x80, 0x00,
    0x00, 0x00, 0x7e, 0x2c, 0x43, 0x2c, 0x80, 0x2d, 0x80, 0x2d, 0x82, 0x5d, 0x81, 0xdd, 0x80, 0x80, 0x2f, 0x2f, 0x85,
    0x34, 0x00, 0x60, 0xd7, 0xbb, 0x0b, 0x01, 0x00, 0x0e, 0x00, 0x03, 0xd5, 0x0e, 0x69, 0x00, 0x00, 0xbd, 0x00, 0x08,
    0xd5, 0x0e, 0x49, 0x00, 0x00, 0x6a, 0x00, 0x01, 0xd4, 0x0e, 0x01, 0x01, 0x00, 0x0e, 0x7b, 0x1d, 0x02, 0x0f, 0x00,
    0x03, 0xd5, 0x0f, 0x69, 0x00, 0x00, 0xbd, 0x00, 0x08, 0xd5, 0x0f, 0x49, 0x00, 0x00, 0x6a, 0x00, 0x01, 0xd4, 0x0f,
    0x01, 0x01, 0x00, 0x0f, 0x7b, 0x1f, 0x02, 0x00, 0x10, 0x70, 0xe0, 0xc1, 0x0e, 0x0b, 0x80, 0x00, 0x10, 0x70, 0xe0,
    0xc3, 0x0f, 0x0b, 0x80, 0x10, 0x00, 0x03, 0xd5, 0x10, 0x69, 0x00, 0x00, 0xbd, 0x00, 0x08, 0xd5, 0x10, 0x49, 0x00,
    0x00, 0x6a, 0x00, 0x01, 0xd4, 0x10, 0x01, 0x01, 0x00, 0x10, 0x7b, 0x21, 0x02, 0x11, 0x00, 0x03, 0xd5, 0x11, 0x69,
    0x00, 0x00, 0xbd, 0x00, 0x08, 0xd5, 0x11, 0x49, 0x00, 0x00, 0x6a, 0x00, 0x01, 0xd4, 0x11, 0x01, 0x01, 0x00, 0x11,
    0x7b, 0x23, 0x02, 0x00, 0x10, 0x70, 0xe0, 0xc2, 0x10, 0x0b, 0x80, 0x00, 0x10, 0x70, 0xe0, 0xc4, 0x11, 0x0b, 0x80,
    0x00, 0x00, 0x00, 0x7e, 0x2c, 0x43, 0x2c, 0x80, 0x2d, 0x80, 0x2d, 0x82, 0x5d, 0x81, 0xdd, 0x80, 0x80, 0x2f, 0x2f,
    0x85, 0x43, 0x81, 0x34, 0x8f, 0x2c, 0x34, 0x2c, 0x80, 0x2d, 0x80, 0x2d, 0x82, 0x34, 0x82, 0x34, 0x8f, 0x2c, 0x34,
    0x2c, 0x80, 0x2d, 0x80, 0x2d, 0x82, 0x5d, 0x8a, 0xdd, 0x80, 0x80, 0x2f, 0x2f, 0x85, 0x12, 0x95, 0x0d, 0xbf, 0x2f,
    0x35, 0x2f, 0x85, 0x2c, 0x36, 0x2c, 0x85, 0x2d, 0x37, 0x2d, 0x85, 0x80, 0x90, 0x35, 0x85, 0xc0, 0x80, 0x36, 0x85,
    0x5d, 0x35, 0x5d, 0x80, 0x30, 0x36, 0x30, 0x80, 0x31, 0x80, 0x31, 0x82, 0x32, 0x36, 0xb2, 0x80, 0x80, 0x33, 0x33,
    0x85, 0x80, 0x02, 0x04, 0x7e, 0x80, 0x02, 0x06, 0x7e, 0x80, 0x02, 0x08, 0x7e, 0x80, 0x02, 0x0a, 0x7e, 0x80, 0x02,
    0x0c, 0x7e, 0x80, 0x02, 0x0e, 0x7e, 0x80, 0x02, 0x10, 0x7e, 0x80, 0x02, 0x12, 0x7e, 0x80, 0x02, 0x14, 0x7e, 0x80,
    0x02, 0x16, 0x7e, 0x80, 0x02, 0x18, 0x7e, 0x80, 0x02, 0x1a, 0x7e, 0x80, 0x02, 0x1c, 0x7e, 0x80, 0x02, 0x1e, 0x7e,
    0x80, 0x02, 0x20, 0x7e, 0x80, 0x02, 0x22, 0x7e, 0x80, 0x02, 0x24, 0x7e, 0x80, 0x02, 0x26, 0x7e, 0x80, 0x02, 0x28,
    0x7e, 0x80, 0x02, 0x2a, 0x7e, 0x80, 0x02, 0x2c, 0x7e, 0x80, 0x02, 0x2e, 0x7e, 0x80, 0x02, 0x30, 0x7e, 0x80, 0x02,
    0x32, 0x7e, 0x80, 0x02, 0x34, 0x7e, 0x80, 0x02, 0x36, 0x7e, 0x80, 0x02, 0x38, 0x7e, 0x80, 0x02, 0x3a, 0x7e, 0x80,
    0x02, 0x3c, 0x7e, 0x80, 0x02, 0x3e, 0x7e, 0x80, 0x02, 0x40, 0x7e, 0x80, 0x02, 0x42, 0x7e, 0x80, 0x02, 0x44, 0x7e,
    0x80, 0x02, 0x46, 0x7e, 0x80, 0x02, 0x48, 0x7e, 0x80, 0x02, 0x4a, 0x7e, 0x80, 0x02, 0x4c, 0x7e, 0x80, 0x02, 0x4e,
    0x7e, 0x80, 0x02, 0x50, 0x7e, 0x80, 0x02, 0x52, 0x7e, 0x80, 0x02, 0x54, 0x7e, 0x80, 0x02, 0x56, 0x7e, 0x80, 0x02,
    0x58, 0x7e, 0x80, 0x02, 0x5a, 0x7e, 0x80, 0x02, 0x5c, 0x7e, 0x80, 0x02, 0x5e, 0x7e, 0x80, 0x02, 0x60, 0x7e, 0x80,
    0x02, 0x62, 0x7e, 0x80, 0x02, 0x64, 0x7e, 0x80, 0x02, 0x66, 0x7e, 0x80, 0x02, 0x68, 0x7e, 0x80, 0x02, 0x6a, 0x7e,
    0x80, 0x02, 0x6c, 0x7e, 0x80, 0x02, 0x6e, 0x7e, 0x80, 0x02, 0x70, 0x7e, 0x80, 0x02, 0x72, 0x7e, 0x80, 0x02, 0x74,
    0x7e, 0x80, 0x02, 0x76, 0x7e, 0x80, 0x02, 0x78, 0x7e, 0x80, 0x02, 0x7a, 0x7e, 0x80, 0x02, 0x7c, 0x7e, 0x80, 0x02,
    0x7e, 0x7e, 0x80, 0x02, 0x80, 0x7e, 0x80, 0x02, 0x82, 0x7e, 0x12, 0xff, 0x12, 0x89, 0x00, 0x00, 0x20, 0x00, 0x12,
    0x95, 0x0c, 0xbf, 0x3c, 0x80, 0x5e, 0x82, 0x5e, 0x81, 0x5e, 0x90, 0x5e, 0x3d, 0x5e, 0x93, 0x5e, 0x81, 0x5e, 0x90,
    0x5e, 0x0d, 0x5e, 0x93, 0x5e, 0x80, 0x06, 0xbf, 0xa7, 0xfd, 0x85, 0xbf, 0x5d, 0x5c, 0x34, 0x80, 0x34, 0x80, 0x04,
    0xbf, 0xd6, 0x00, 0x84, 0xbf, 0xff, 0x02, 0x3a, 0x37, 0x7f, 0x00, 0x00, 0x00, 0x81, 0x3a, 0x3b, 0x2d, 0x9d, 0x00,
    0x4a, 0xd5, 0x81, 0x02, 0x76, 0x06, 0x9e, 0x00, 0x1b, 0xd5, 0x01, 0x05, 0x01, 0x00, 0x9d, 0x00, 0x43, 0xd5, 0x9e,
    0x21, 0x75, 0x06, 0x82, 0x3a, 0x3b, 0x35, 0x9d, 0x6a, 0x0f, 0xd7, 0x9d, 0xc3, 0x00, 0x00, 0x83, 0x02, 0x3c, 0x37,
    0x82, 0x3c, 0x3d, 0x35, 0x9e, 0x6a, 0x0f, 0xd7, 0x9e, 0xc3, 0x00, 0x00, 0x00, 0x01, 0xd8, 0xd8, 0x9e, 0x00, 0x00,
    0xbf, 0x00, 0x00, 0xd8, 0xd8, 0x9d, 0x00, 0x00, 0x9d, 0x61, 0xff, 0x61, 0x80, 0x8c, 0x01, 0x00, 0x00, 0x61, 0xff,
    0x06, 0xbf, 0xc0, 0xff, 0x00, 0x00, 0xff, 0x61, 0x61, 0x85, 0xe0, 0xc1, 0x00, 0x00, 0x7f, 0xc0, 0x8c, 0xbf, 0x9d,
    0x05, 0xbe, 0x7e, 0x36, 0x00, 0x60, 0xd7, 0xbf, 0x01, 0x01, 0x00, 0x36, 0x92, 0x0d, 0xbf, 0xbe, 0x00, 0x85, 0xbf,
    0x34, 0x00, 0x60, 0xd7, 0xbf, 0x03, 0x01, 0x00, 0x35, 0x00, 0x60, 0xd7, 0xbf, 0x05, 0x01, 0x00, 0x5c, 0x35, 0x5d,
    0x80, 0xc1, 0x90, 0x37, 0x90, 0x37, 0x42, 0x37, 0x87, 0x42, 0x90, 0x38, 0x90, 0x38, 0x5f, 0x38, 0x93, 0x37, 0x5f,
    0x2c, 0x93, 0x38, 0x90, 0x37, 0x8f, 0x38, 0x90, 0x38, 0x90, 0x37, 0x2c, 0x2c, 0x80, 0x38, 0x80, 0x2d, 0x82, 0x2c,
    0x18, 0x2c, 0x80, 0x2d, 0x19, 0x2d, 0x82, 0x43, 0x5d, 0x37, 0x93, 0x2c, 0x37, 0x2c, 0x80, 0x2d, 0x80, 0x2d, 0x82,
    0xff, 0x03, 0xaf, 0xbe, 0x00, 0x40, 0x01, 0x31, 0x12, 0x87, 0x0d, 0xbf, 0xff, 0x80, 0x33, 0x85, 0x00, 0x40, 0x01,
    0x31, 0x5d, 0x82, 0x37, 0x8f, 0x22, 0x37, 0x30, 0x80, 0x23, 0x80, 0x31, 0x82, 0x34, 0x82, 0x38, 0x8f, 0x38, 0x37,
    0xb2, 0x80, 0x80, 0x33, 0x33, 0x85, 0x34, 0x35, 0xdd, 0x80, 0x5d, 0x81, 0xdd, 0x80, 0x5d, 0x5c, 0xdd, 0x80, 0x80,
    0x2f, 0x2f, 0x85, 0xbd, 0x00, 0x48, 0xd5, 0x9d, 0x21, 0x41, 0x02, 0xbe, 0x00, 0x48, 0xd5, 0x9d, 0x01, 0x41, 0x02,
    0xbf, 0x00, 0x1b, 0xd5, 0x01, 0x0f, 0x01, 0x00, 0xc0, 0x6a, 0x10, 0xd7, 0x87, 0x7e, 0x03, 0x00, 0xbf, 0x81, 0x7f,
    0x27, 0xc0, 0x00, 0x48, 0xd5, 0xbf, 0x03, 0x05, 0x02, 0xbf, 0x00, 0x48, 0xd5, 0xbf, 0x01, 0x05, 0x02, 0xfa, 0x02,
    0x7a, 0x7f, 0xbd, 0xff, 0x00, 0xff, 0xfa, 0x02, 0x7c, 0x7f, 0xbe, 0xff, 0x00, 0xff, 0xbd, 0x6a, 0x0f, 0xd7, 0xbd,
    0x81, 0x03, 0x00, 0xbe, 0x6a, 0x0f, 0xd7, 0xbe, 0x7f, 0x03, 0x00, 0xfa, 0x02, 0x7e, 0x7f, 0x9d, 0xaa, 0x00, 0xff,
    0x34, 0x00, 0xc6, 0xd4, 0xbf, 0x19, 0x00, 0x00, 0xbf, 0x6a, 0x10, 0xd7, 0xbf, 0xbf, 0x00, 0x00, 0xbf, 0x00, 0x69,
    0xd5, 0xbf, 0x85, 0x00, 0x00, 0x81, 0x7c, 0x7d, 0x35, 0x81, 0x1f, 0x36, 0x87, 0xbe, 0x6a, 0x0f, 0xd7, 0x36, 0x7c,
    0x03, 0x00, 0x81, 0x7a, 0x7b, 0x35, 0x81, 0x1e, 0x36, 0x87, 0xbd, 0x6a, 0x19, 0xd7, 0x36, 0x7a, 0x03, 0x00, 0xa1,
    0x00, 0x42, 0xd5, 0xbd, 0x43, 0xf8, 0x06, 0x82, 0x42, 0x43, 0x35, 0xa1, 0x6a, 0x0f, 0xd7, 0xa1, 0x7f, 0x03, 0x00,
    0xa2, 0x6a, 0x19, 0xd7, 0x84, 0x42, 0x03, 0x00, 0xa3, 0x00, 0x42, 0xd5, 0x84, 0x42, 0x84, 0x06, 0xa4, 0x00, 0x42,
    0xd5, 0x84, 0x42, 0x88, 0x06, 0x3a, 0x00, 0xc6, 0xd4, 0xbe, 0x43, 0x00, 0x00, 0x3a, 0x34, 0xb8, 0x88, 0xbe, 0x6a,
    0x19, 0xd7, 0x81, 0x7c, 0x03, 0x00, 0x3a, 0x00, 0xc6, 0xd4, 0xbe, 0x43, 0x00, 0x00, 0x3a, 0x34, 0xba, 0x88, 0x36,
    0x00, 0xc6, 0xd4, 0xbd, 0x41, 0x00, 0x00, 0x38, 0x36, 0xb4, 0x88, 0xa1, 0x00, 0x01, 0xd5, 0xa1, 0x83, 0xd1, 0x00,
    0x3a, 0x36, 0xb4, 0x88, 0xa2, 0x00, 0x01, 0xd5, 0xa2, 0x83, 0xd1, 0x00, 0xbd, 0x6a, 0x0f, 0xd7, 0x81, 0x7a, 0x03,
    0x00, 0x36, 0x00, 0xc6, 0xd4, 0xbd, 0x41, 0x00, 0x00, 0x38, 0x36, 0xb4, 0x88, 0xa3, 0x00, 0x01, 0xd5, 0xa3, 0x83,
    0xd1, 0x00, 0x3a, 0x36, 0xb4, 0x88, 0xa4, 0x00, 0x01, 0xd5, 0xa4, 0x83, 0xd1, 0x00, 0xbd, 0x00, 0x48, 0xd5, 0x9d,
    0x21, 0x41, 0x02, 0xbe, 0x00, 0x48, 0xd5, 0x9d, 0x01, 0x41, 0x02, 0xbf, 0x00, 0x1b, 0xd5, 0x01, 0x0f, 0x01, 0x00,
    0xc0, 0x6a, 0x10, 0xd7, 0x87, 0x7e, 0x03, 0x00, 0xbf, 0x81, 0x7f, 0x27, 0xc0, 0x00, 0x48, 0xd5, 0xbf, 0x03, 0x05,
    0x02, 0xbf, 0x00, 0x48, 0xd5, 0xbf, 0x01, 0x05, 0x02, 0xfa, 0x02, 0x7a, 0x7f, 0xbd, 0x55, 0x00, 0xff, 0xfa, 0x02,
    0x7c, 0x7f, 0xbe, 0x55, 0x00, 0xff, 0xbd, 0x6a, 0x0f, 0xd7, 0xbd, 0x81, 0x03, 0x00, 0xbe, 0x6a, 0x0f, 0xd7, 0xbe,
    0x7f, 0x03, 0x00, 0xfa, 0x02, 0x7e, 0x7f, 0x9d, 0x00, 0x00, 0xff, 0x34, 0x00, 0xc6, 0xd4, 0xbf, 0x19, 0x00, 0x00,
    0xbf, 0x6a, 0x10, 0xd7, 0xbf, 0xbf, 0x00, 0x00, 0xbf, 0x00, 0x69, 0xd5, 0xbf, 0x85, 0x00, 0x00, 0x81, 0x7c, 0x7d,
    0x35, 0x81, 0x1f, 0x36, 0x87, 0xbe, 0x6a, 0x0f, 0xd7, 0x36, 0x7c, 0x03, 0x00, 0x81, 0x7a, 0x7b, 0x35, 0x81, 0x1e,
    0x36, 0x87, 0xbd, 0x6a, 0x19, 0xd7, 0x36, 0x7a, 0x03, 0x00, 0x9d, 0x00, 0x42, 0xd5, 0xbd, 0x43, 0xf8, 0x06, 0x82,
    0x3a, 0x3b, 0x35, 0x9d, 0x6a, 0x0f, 0xd7, 0x9d, 0x7f, 0x03, 0x00, 0x9e, 0x6a, 0x19, 0xd7, 0x84, 0x3a, 0x03, 0x00,
    0x9f, 0x00, 0x42, 0xd5, 0x84, 0x42, 0x74, 0x06, 0xa0, 0x00, 0x42, 0xd5, 0x84, 0x42, 0x78, 0x06, 0x3a, 0x00, 0xc6,
    0xd4, 0xbe, 0x43, 0x00, 0x00, 0x3a, 0x34, 0xb8, 0x88, 0xbe, 0x6a, 0x19, 0xd7, 0x81, 0x7c, 0x03, 0x00, 0x3a, 0x00,
    0xc6, 0xd4, 0xbe, 0x43, 0x00, 0x00, 0x3a, 0x34, 0xba, 0x88, 0x36, 0x00, 0xc6, 0xd4, 0xbd, 0x41, 0x00, 0x00, 0x38,
    0x36, 0xb4, 0x88, 0x9d, 0x00, 0x01, 0xd5, 0x9d, 0x83, 0xd1, 0x00, 0x3a, 0x36, 0xb4, 0x88, 0x9e, 0x00, 0x01, 0xd5,
    0x9e, 0x83, 0xd1, 0x00, 0xbd, 0x6a, 0x0f, 0xd7, 0x81, 0x7a, 0x03, 0x00, 0x36, 0x00, 0xc6, 0xd4, 0xbd, 0x41, 0x00,
    0x00, 0x38, 0x36, 0xb4, 0x88, 0x9f, 0x00, 0x01, 0xd5, 0x9f, 0x83, 0xd1, 0x00, 0x3a, 0x36, 0xb4, 0x88, 0xa0, 0x00,
    0x01, 0xd5, 0xa0, 0x83, 0xd1, 0x00, 0xbb, 0x00, 0x1b, 0xd5, 0x01, 0x7f, 0x01, 0x00, 0x82, 0x76, 0x77, 0x35, 0x00,
    0x00, 0x8a, 0xbf, 0x00, 0x10, 0x30, 0xe0, 0xbb, 0xbb, 0x0c, 0x80, 0x0a, 0x04, 0xea, 0xbe, 0xd6, 0xf9, 0x82, 0xbf,
    0x00, 0x00, 0x81, 0xbf, 0x00, 0x00, 0x80, 0xbf, 0x00, 0x00, 0x80, 0xbf, 0x00, 0x00, 0x80, 0xbf, 0x00, 0x00, 0x80,
    0xbf, 0x00, 0x00, 0x80, 0xbf, 0x00, 0x00, 0x80, 0xbf, 0x00, 0x00, 0x80, 0xbf, 0x00, 0x00, 0x80, 0xbf, 0x00, 0x00,
    0x80, 0xbf, 0x00, 0x00, 0x80, 0xbf, 0x00, 0x00, 0x80, 0xbf, 0x00, 0x00, 0x80, 0xbf, 0x00, 0x00, 0x80, 0xbf, 0x00,
    0x00, 0x80, 0xbf, 0x00, 0x00, 0x80, 0xbf, 0x00, 0x00, 0x80, 0xbf, 0x00, 0x00, 0x80, 0xbf, 0x00, 0x00, 0x80, 0xbf,
    0x00, 0x00, 0x80, 0xbf, 0x00, 0x00, 0x80, 0xbf, 0x00, 0x00, 0x80, 0xbf, 0x00, 0x00, 0x80, 0xbf, 0x00, 0x00, 0x80,
    0xbf, 0x00, 0x00, 0x80, 0xbf, 0x00, 0x00, 0x80, 0xbf, 0x00, 0x00, 0x80, 0xbf, 0x00, 0x00, 0x80, 0xbf, 0x00, 0x00,
    0x80, 0xbf, 0x00, 0x00, 0x80, 0xbf, 0x00, 0x00, 0x80, 0xbf, 0x00, 0x00, 0x80, 0xbf, 0x00, 0x00, 0x80, 0xbf, 0x00,
    0x00, 0x80, 0xbf, 0x00, 0x00, 0x80, 0xbf, 0x00, 0x00, 0x80, 0xbf, 0x00, 0x00, 0x80, 0xbf, 0x00, 0x00, 0x80, 0xbf,
    0x00, 0x00, 0x80, 0xbf, 0x00, 0x00, 0x80, 0xbf, 0x00, 0x00, 0x80, 0xbf, 0x00, 0x00, 0x80, 0xbf, 0x00, 0x00, 0x80,
    0xbf, 0x00, 0x00, 0x80, 0xbf, 0x00, 0x00, 0x80, 0xbf, 0x00, 0x00, 0x80, 0xbf, 0x00, 0x00, 0x80, 0xbf, 0x00, 0x00,
    0x80, 0xbf, 0x00, 0x00, 0x80, 0xbf, 0x00, 0x00, 0x80, 0xbf, 0x00, 0x00, 0x80, 0xbf, 0x00, 0x00, 0x80, 0xbf, 0x00,
    0x00, 0x80, 0xbf, 0x00, 0x00, 0x80, 0xbf, 0x00, 0x00, 0x80, 0xbf, 0x00, 0x00, 0x80, 0xbf, 0x00, 0x00, 0x80, 0xbf,
    0x00, 0x00, 0x80, 0xbf, 0x00, 0x00, 0x80, 0xbf, 0x00, 0x00, 0x80, 0xbf, 0x00, 0x00, 0x80, 0xbf, 0x00, 0x00, 0x80,
    0xbf, 0x00, 0x00, 0x80, 0xbf, 0x00, 0x00, 0x80, 0xbf, 0x00, 0x00, 0x80, 0xbf, 0x00, 0x00, 0x9f, 0xbf, 0x00, 0x00,
    0x9f, 0xbf, 0x00, 0x00, 0x9f, 0xbf, 0x00, 0x00, 0x9f, 0xbf, 0x00, 0x00, 0x9f, 0xbf, 0x00, 0x5f, 0x61, 0x6d, 0x64,
    0x67, 0x70, 0x75, 0x5f, 0x63, 0x73, 0x5f, 0x6d, 0x61, 0x69, 0x6e, 0x00, 0x00, 0x00, 0x00, 0x00, 0x00, 0x00, 0x00,
    0x00, 0x00, 0x00, 0x00, 0x00, 0x00, 0x00, 0x00, 0x00, 0x00, 0x00, 0x00, 0x00, 0x00, 0x00, 0x00, 0x00, 0x01, 0x00,
    0x00, 0x00, 0x02, 0x00, 0x02, 0x00, 0x00, 0x00, 0x00, 0x00, 0x00, 0x00, 0x00, 0x00, 0x00, 0x53, 0x00, 0x00, 0x00,
    0x00, 0x00, 0x00, 0x07, 0x00, 0x00, 0x00, 0xd6, 0x01, 0x00, 0x00, 0x20, 0x00, 0x00, 0x00, 0x41, 0x4d, 0x44, 0x47,
    0x50, 0x55, 0x00, 0x00, 0x82, 0xae, 0x61, 0x6d, 0x64, 0x70, 0x61, 0x6c, 0x2e, 0x76, 0x65, 0x72, 0x73, 0x69, 0x6f,
    0x6e, 0x92, 0x02, 0x06, 0xb0, 0x61, 0x6d, 0x64, 0x70, 0x61, 0x6c, 0x2e, 0x70, 0x69, 0x70, 0x65, 0x6c, 0x69, 0x6e,
    0x65, 0x73, 0x91, 0x88, 0xa5, 0x2e, 0x6e, 0x61, 0x6d, 0x65, 0xbf, 0x43, 0x6f, 0x6e, 0x76, 0x33, 0x78, 0x33, 0x45,
    0x6c, 0x66, 0x5f, 0x47, 0x66, 0x78, 0x31, 0x30, 0x5f, 0x46, 0x70, 0x33, 0x32, 0x53, 0x74, 0x72, 0x69, 0x64, 0x65,
    0x32, 0x44, 0x69, 0x6c, 0xa5, 0x2e, 0x74, 0x79, 0x70, 0x65, 0xa2, 0x43, 0x73, 0xb7, 0x2e, 0x69, 0x6e, 0x74, 0x65,
    0x72, 0x6e, 0x61, 0x6c, 0x5f, 0x70, 0x69, 0x70, 0x65, 0x6c, 0x69, 0x6e, 0x65, 0x5f, 0x68, 0x61, 0x73, 0x68, 0x92,
    0xcf, 0x44, 0xab, 0xb1, 0x65, 0x41, 0xd8, 0xaf, 0x1f, 0xcf, 0x44, 0xab, 0xb1, 0x65, 0x41, 0xd8, 0xaf, 0x1f, 0xa8,
    0x2e, 0x73, 0x68, 0x61, 0x64, 0x65, 0x72, 0x73, 0x81, 0xa8, 0x2e, 0x63, 0x6f, 0x6d, 0x70, 0x75, 0x74, 0x65, 0x82,
    0xb0, 0x2e, 0x61, 0x70, 0x69, 0x5f, 0x73, 0x68, 0x61, 0x64, 0x65, 0x72, 0x5f, 0x68, 0x61, 0x73, 0x68, 0x92, 0xcf,
    0x17, 0xdf, 0xe6, 0xdf, 0x74, 0x97, 0x8c, 0x63, 0xcf, 0x56, 0x07, 0x49, 0xc0, 0x30, 0x3c, 0x3d, 0x06, 0xb1, 0x2e,
    0x68, 0x61, 0x72, 0x64, 0x77, 0x61, 0x72, 0x65, 0x5f, 0x6d, 0x61, 0x70, 0x70, 0x69, 0x6e, 0x67, 0x91, 0xa3, 0x2e,
    0x63, 0x73, 0xb0, 0x2e, 0x68, 0x61, 0x72, 0x64, 0x77, 0x61, 0x72, 0x65, 0x5f, 0x73, 0x74, 0x61, 0x67, 0x65, 0x73,
    0x81, 0xa3, 0x2e, 0x63, 0x73, 0x86, 0xac, 0x2e, 0x65, 0x6e, 0x74, 0x72, 0x79, 0x5f, 0x70, 0x6f, 0x69, 0x6e, 0x74,
    0xaf, 0x5f, 0x61, 0x6d, 0x64, 0x67, 0x70, 0x75, 0x5f, 0x63, 0x73, 0x5f, 0x6d, 0x61, 0x69, 0x6e, 0xa9, 0x2e, 0x6c,
    0x64, 0x73, 0x5f, 0x73, 0x69, 0x7a, 0x65, 0xcd, 0x20, 0x00, 0xab, 0x2e, 0x73, 0x67, 0x70, 0x72, 0x5f, 0x63, 0x6f,
    0x75, 0x6e, 0x74, 0x62, 0xab, 0x2e, 0x76, 0x67, 0x70, 0x72, 0x5f, 0x63, 0x6f, 0x75, 0x6e, 0x74, 0xcc, 0xc7, 0xb7,
    0x2e, 0x74, 0x68, 0x72, 0x65, 0x61, 0x64, 0x67, 0x72, 0x6f, 0x75, 0x70, 0x5f, 0x64, 0x69, 0x6d, 0x65, 0x6e, 0x73,
    0x69, 0x6f, 0x6e, 0x73, 0x93, 0xcd, 0x01, 0x00, 0x01, 0x01, 0xaf, 0x2e, 0x77, 0x61, 0x76, 0x65, 0x66, 0x72, 0x6f,
    0x6e, 0x74, 0x5f, 0x73, 0x69, 0x7a, 0x65, 0x40, 0xaa, 0x2e, 0x72, 0x65, 0x67, 0x69, 0x73, 0x74, 0x65, 0x72, 0x73,
    0x8d, 0xcd, 0x2e, 0x12, 0xcd, 0x03, 0x31, 0xcd, 0x2e, 0x13, 0xce, 0x00, 0x40, 0x08, 0x90, 0xcd, 0x2e, 0x28, 0x00,
    0xcd, 0x2e, 0x2a, 0xce, 0x83, 0xeb, 0x5d, 0x80, 0xcd, 0x2e, 0x07, 0xce, 0x01, 0x00, 0x01, 0x00, 0xcd, 0x2e, 0x08,
    0xce, 0x00, 0x01, 0x00, 0x01, 0xcd, 0x2e, 0x09, 0xce, 0x00, 0x01, 0x00, 0x01, 0xcd, 0x2e, 0x42, 0x00, 0xcd, 0x2e,
    0x43, 0x01, 0xcd, 0x2e, 0x44, 0x02, 0xcd, 0x2e, 0x45, 0x03, 0xcd, 0x2e, 0x46, 0x04, 0xcd, 0x2e, 0x47, 0x05, 0xb0,
    0x2e, 0x75, 0x73, 0x65, 0x72, 0x5f, 0x64, 0x61, 0x74, 0x61, 0x5f, 0x6c, 0x69, 0x6d, 0x69, 0x74, 0x06, 0xb0, 0x2e,
    0x73, 0x70, 0x69, 0x6c, 0x6c, 0x5f, 0x74, 0x68, 0x72, 0x65, 0x73, 0x68, 0x6f, 0x6c, 0x64, 0xcd, 0xff, 0xff, 0x00,
    0x00, 0x00, 0x00, 0x00, 0x00, 0x00, 0x00, 0x00, 0x00, 0x00, 0x00, 0x00, 0x00, 0x00, 0x00, 0x00, 0x00, 0x00, 0x00,
    0x00, 0x00, 0x00, 0x00, 0x00, 0x00, 0x00, 0x00, 0x00, 0x00, 0x00, 0x00, 0x00, 0x00, 0x00, 0x00, 0x00, 0x00, 0x00,
    0x00, 0x00, 0x00, 0x00, 0x00, 0x00, 0x00, 0x00, 0x00, 0x00, 0x00, 0x00, 0x00, 0x00, 0x00, 0x00, 0x00, 0x00, 0x00,
    0x00, 0x00, 0x00, 0x00, 0x00, 0x00, 0x00, 0x00, 0x01, 0x00, 0x00, 0x00, 0x03, 0x00, 0x00, 0x00, 0x00, 0x00, 0x00,
    0x00, 0x00, 0x00, 0x00, 0x00, 0x00, 0x00, 0x00, 0x00, 0x00, 0x00, 0x00, 0x00, 0x40, 0x00, 0x00, 0x00, 0x00, 0x00,
    0x00, 0x00, 0x27, 0x00, 0x00, 0x00, 0x00, 0x00, 0x00, 0x00, 0x00, 0x00, 0x00, 0x00, 0x00, 0x00, 0x00, 0x00, 0x00,
    0x00, 0x00, 0x00, 0x00, 0x00, 0x00, 0x00, 0x00, 0x00, 0x00, 0x00, 0x00, 0x00, 0x00, 0x00, 0x0b, 0x00, 0x00, 0x00,
    0x01, 0x00, 0x00, 0x00, 0x06, 0x00, 0x00, 0x00, 0x00, 0x00, 0x00, 0x00, 0x00, 0x00, 0x00, 0x00, 0x00, 0x00, 0x00,
    0x00, 0x67, 0x00, 0x00, 0x00, 0x00, 0x00, 0x00, 0x00, 0x00, 0x53, 0x00, 0x00, 0x00, 0x00, 0x00, 0x00, 0x00, 0x00,
    0x00, 0x00, 0x00, 0x00, 0x00, 0x00, 0x00, 0x01, 0x00, 0x00, 0x00, 0x00, 0x00, 0x00, 0x00, 0x00, 0x00, 0x00, 0x00,
    0x00, 0x00, 0x00, 0x11, 0x00, 0x00, 0x00, 0x03, 0x00, 0x00, 0x00, 0x00, 0x00, 0x00, 0x00, 0x00, 0x00, 0x00, 0x00,
    0x00, 0x00, 0x00, 0x00, 0x00, 0x00, 0x00, 0x00, 0x67, 0x53, 0x00, 0x00, 0x00, 0x00, 0x00, 0x00, 0x11, 0x00, 0x00,
    0x00, 0x00, 0x00, 0x00, 0x00, 0x00, 0x00, 0x00, 0x00, 0x00, 0x00, 0x00, 0x00, 0x00, 0x00, 0x00, 0x00, 0x00, 0x00,
    0x00, 0x00, 0x00, 0x00, 0x00, 0x00, 0x00, 0x00, 0x00, 0x00, 0x19, 0x00, 0x00, 0x00, 0x02, 0x00, 0x00, 0x00, 0x00,
    0x00, 0x00, 0x00, 0x00, 0x00, 0x00, 0x00, 0x00, 0x00, 0x00, 0x00, 0x00, 0x00, 0x00, 0x00, 0x78, 0x53, 0x00, 0x00,
    0x00, 0x00, 0x00, 0x00, 0x30, 0x00, 0x00, 0x00, 0x00, 0x00, 0x00, 0x00, 0x03, 0x00, 0x00, 0x00, 0x00, 0x00, 0x00,
    0x00, 0x00, 0x00, 0x00, 0x00, 0x00, 0x00, 0x00, 0x00, 0x18, 0x00, 0x00, 0x00, 0x00, 0x00, 0x00, 0x00, 0x21, 0x00,
    0x00, 0x00, 0x07, 0x00, 0x00, 0x00, 0x00, 0x00, 0x00, 0x00, 0x00, 0x00, 0x00, 0x00, 0x00, 0x00, 0x00, 0x00, 0x00,
    0x00, 0x00, 0x00, 0xa8, 0x53, 0x00, 0x00, 0x00, 0x00, 0x00, 0x00, 0xec, 0x01, 0x00, 0x00, 0x00, 0x00, 0x00, 0x00,
    0x00, 0x00, 0x00, 0x00, 0x00, 0x00, 0x00, 0x00, 0x00, 0x00, 0x00, 0x00, 0x00, 0x00, 0x00, 0x00, 0x00, 0x00, 0x00,
    0x00, 0x00, 0x00, 0x00, 0x00,
    },
    .m_kernelName = {},
    .m_compilerVersion = {},
    .m_codeObjectVersion = 0,
    .m_isRelocatable = true,
    .m_shaderType = ShaderTypesFlags::UNKNOWN
};

} // namespace mlss::conv::mxn::winograd::base::fp32::gfx1010
