/* Copyright (c) 2025 Advanced Micro Devices, Inc. All rights reserved. */
#pragma once

#include "shaders/shaders.hpp"

namespace mlss::conv::mxn::misa::fp16::gfx1100
{
    constexpr StaticShaderType<13176> MisaConv_Bias_Relu_gfx11 =
        {
            .m_binary = {
        0x7f,0x45,0x4c,0x46,0x02,0x01,0x01,0x40,0x02,0x00,0x00,0x00,0x00,0x00,0x00,0x00,
        0x01,0x00,0xe0,0x00,0x01,0x00,0x00,0x00,0x00,0x00,0x00,0x00,0x00,0x00,0x00,0x00,
        0x00,0x00,0x00,0x00,0x00,0x00,0x00,0x00,0xb8,0x31,0x00,0x00,0x00,0x00,0x00,0x00,
        0x41,0x00,0x00,0x00,0x40,0x00,0x00,0x00,0x00,0x00,0x40,0x00,0x07,0x00,0x01,0x00,
        0x00,0x00,0x00,0x00,0x00,0x00,0x00,0x00,0x00,0x00,0x00,0x00,0x00,0x00,0x00,0x00,
        0x00,0x00,0x00,0x00,0x00,0x00,0x00,0x00,0x00,0x00,0x00,0x00,0x00,0x00,0x00,0x00,
        0x00,0x00,0x00,0x00,0x00,0x00,0x00,0x00,0x00,0x00,0x00,0x00,0x00,0x00,0x00,0x00,
        0x00,0x00,0x00,0x00,0x00,0x00,0x00,0x00,0x00,0x00,0x00,0x00,0x00,0x00,0x00,0x00,
        0x00,0x00,0x00,0x00,0x00,0x00,0x00,0x00,0x00,0x00,0x00,0x00,0x00,0x00,0x00,0x00,
        0x00,0x00,0x00,0x00,0x00,0x00,0x00,0x00,0x00,0x00,0x00,0x00,0x00,0x00,0x00,0x00,
        0x00,0x00,0x00,0x00,0x00,0x00,0x00,0x00,0x00,0x00,0x00,0x00,0x00,0x00,0x00,0x00,
        0x00,0x00,0x00,0x00,0x00,0x00,0x00,0x00,0x00,0x00,0x00,0x00,0x00,0x00,0x00,0x00,
        0x00,0x00,0x00,0x00,0x00,0x00,0x00,0x00,0x00,0x00,0x00,0x00,0x00,0x00,0x00,0x00,
        0x00,0x00,0x00,0x00,0x00,0x00,0x00,0x00,0x00,0x00,0x00,0x00,0x00,0x00,0x00,0x00,
        0x00,0x00,0x00,0x00,0x00,0x00,0x00,0x00,0x00,0x00,0x00,0x00,0x00,0x00,0x00,0x00,
        0x00,0x00,0x00,0x00,0x00,0x00,0x00,0x00,0x00,0x00,0x00,0x00,0x00,0x00,0x00,0x00,
        0x00,0x07,0x04,0xf4,0x00,0x00,0x00,0xf8,0x00,0x08,0x04,0xf4,0x08,0x00,0x00,0xf8,
        0x00,0x09,0x04,0xf4,0x10,0x00,0x00,0xf8,0x00,0x0a,0x04,0xf4,0x18,0x00,0x00,0xf8,
        0x00,0x02,0x10,0xf4,0x20,0x00,0x00,0xf8,0x00,0x06,0x08,0xf4,0x60,0x00,0x00,0xf8,
        0x00,0x0d,0x00,0xf4,0x70,0x00,0x00,0xf8,0x00,0x0b,0x0c,0xf4,0x74,0x00,0x00,0xf8,
        0x00,0x03,0xec,0x7e,0x9f,0xec,0xde,0x36,0x85,0xec,0xec,0x32,0x83,0xec,0xd4,0x36,
        0x00,0x03,0xec,0x7e,0x9f,0xec,0xda,0x36,0xff,0x00,0x87,0xbe,0xff,0xff,0x00,0x00,
        0x80,0x00,0xc4,0xbe,0x07,0xfc,0x89,0xbf,0x0e,0x07,0x04,0xf4,0x00,0x00,0x00,0xf8,
        0x10,0x08,0x04,0xf4,0x00,0x00,0x00,0xf8,0x12,0x09,0x04,0xf4,0x00,0x00,0x00,0xf8,
        0x14,0x0a,0x04,0xf4,0x00,0x00,0x00,0xf8,0x07,0xfc,0x89,0xbf,0x1d,0xff,0x1d,0x8b,
        0xff,0xff,0x00,0x00,0x21,0xff,0x21,0x8b,0xff,0xff,0x00,0x00,0x25,0xff,0x25,0x8b,
        0xff,0xff,0x00,0x00,0x29,0xff,0x29,0x8b,0xff,0xff,0x00,0x00,0x34,0xff,0x35,0x93,
        0x10,0x00,0x08,0x00,0x34,0xff,0x36,0x93,0x08,0x00,0x08,0x00,0x34,0xff,0x34,0x8b,
        0xff,0x00,0x00,0x00,0x18,0x90,0x39,0x85,0x18,0x07,0x18,0x8b,0x19,0x90,0x3a,0x85,
        0x19,0x07,0x19,0x8b,0x1a,0x90,0x3b,0x85,0x1a,0x07,0x1a,0x8b,0x1b,0x90,0x3c,0x85,
        0x1b,0x07,0x1b,0x8b,0x32,0xff,0x4b,0x93,0x00,0x00,0x08,0x00,0x2c,0x0c,0xc8,0x96,
        0x48,0x0c,0x48,0x80,0x48,0x4b,0x37,0x85,0x2c,0x0b,0xc8,0x96,0x48,0x0b,0x48,0x80,
        0x48,0x4b,0x38,0x85,0x2c,0x04,0xc8,0x96,0x48,0x04,0x48,0x80,0x48,0x4b,0x4d,0x85,
        0x0d,0x4d,0x48,0x96,0x04,0x48,0xcc,0x80,0x37,0x38,0x48,0x96,0x1b,0x3c,0x49,0x96,
        0x48,0x49,0x48,0x96,0x48,0x81,0x48,0x84,0x48,0x00,0xa2,0xbe,0xff,0x00,0xa3,0xbe,
        0x00,0x00,0x02,0x30,0x48,0x4c,0x48,0x96,0x20,0x48,0x20,0x80,0x21,0x80,0x21,0x82,
        0x10,0x0a,0x48,0x96,0x48,0x4d,0x4a,0x96,0x48,0x4d,0xcb,0x96,0x1c,0x4a,0x1c,0x80,
        0x1d,0x4b,0x1d,0x82,0x14,0x0a,0x48,0x96,0x48,0x4d,0x4a,0x96,0x48,0x4d,0xcb,0x96,
        0x24,0x4a,0x24,0x80,0x25,0x4b,0x25,0x82,0x37,0x83,0x4a,0x85,0x38,0x83,0x4b,0x85,
        0x4a,0x4c,0x48,0x96,0x11,0x48,0x48,0x96,0x1c,0x48,0x1c,0x80,0x1d,0x80,0x1d,0x82,
        0x4b,0x4c,0x48,0x96,0x15,0x48,0x48,0x96,0x24,0x48,0x24,0x80,0x25,0x80,0x25,0x82,
        0x02,0xff,0x3e,0x96,0x80,0x00,0x00,0x00,0x03,0xa0,0x3d,0x96,0x37,0x83,0x0c,0x85,
        0x32,0xff,0x4b,0x93,0x08,0x00,0x08,0x00,0x79,0x00,0x2d,0xd7,0x2d,0xd4,0x02,0x00,
        0x79,0xd5,0xf2,0x4a,0x4b,0xf2,0xf4,0x32,0x79,0x00,0x2c,0xd7,0x0c,0xf4,0x02,0x00,
        0x6a,0xf3,0xd2,0x4c,0x33,0xff,0x4b,0x93,0x08,0x00,0x08,0x00,0x79,0x00,0x2d,0xd7,
        0x31,0xf4,0x02,0x00,0x79,0xf5,0xf2,0x4a,0x4b,0xf2,0xd6,0x32,0x79,0x00,0x2c,0xd7,
        0x1b,0xd6,0x02,0x00,0x7a,0xf3,0xd8,0x4c,0x19,0xd8,0xb0,0x16,0x3a,0xd6,0xae,0x16,
        0x1b,0x3c,0x48,0x96,0x48,0x37,0x05,0x96,0x87,0x00,0xec,0x32,0x76,0x05,0x90,0x7e,
        0x48,0xa0,0x4b,0x96,0x3d,0x82,0x4c,0x96,0x82,0x0b,0x2a,0x96,0xff,0x00,0xab,0xbe,
        0x00,0x00,0x02,0x30,0x4b,0x4c,0x4a,0x80,0x9f,0x00,0xec,0x36,0x76,0x00,0x2c,0xd7,
        0x76,0x05,0x01,0x00,0x00,0x00,0x48,0xe0,0x76,0x73,0x4a,0x4a,0x20,0x00,0x48,0xe0,
        0x76,0x74,0x4a,0x4a,0x1b,0x3c,0x48,0x96,0x48,0x37,0x48,0x96,0x48,0x81,0x3f,0x84,
        0x3d,0xde,0xf6,0x4a,0x84,0xd4,0xec,0x30,0x7a,0x00,0x2c,0xd7,0x3f,0xf6,0x02,0x00,
        0x3f,0xa0,0x3f,0x96,0x76,0xf5,0xd0,0x4a,0x80,0x02,0x86,0x7e,0x80,0x02,0x88,0x7e,
        0x80,0x02,0x8a,0x7e,0x80,0x02,0x8c,0x7e,0x00,0x00,0x5c,0xe0,0x68,0x43,0x48,0x44,
        0x80,0x00,0xc3,0xbe,0x10,0x0a,0x1e,0x96,0xff,0x00,0x9f,0xbe,0x00,0x00,0x02,0x30,
        0x08,0x90,0x08,0x84,0x80,0x02,0xce,0x7e,0x80,0x00,0x81,0xbe,0x7b,0x00,0x55,0xd6,
        0x3e,0x02,0xb4,0x05,0x32,0xff,0x4b,0x93,0x18,0x00,0x08,0x00,0x79,0x00,0x2d,0xd7,
        0x2f,0xf6,0x02,0x00,0x79,0xf7,0xf2,0x4a,0x4b,0xf2,0xf4,0x32,0x79,0x00,0x2c,0xd7,
        0x0f,0xf4,0x02,0x00,0x7b,0xf3,0xec,0x4c,0x32,0xff,0x4b,0x93,0x10,0x00,0x08,0x00,
        0x79,0x00,0x2d,0xd7,0x2e,0xf4,0x02,0x00,0x79,0xf5,0xf2,0x4a,0x4b,0xf2,0xdc,0x32,
        0x79,0x00,0x2c,0xd7,0x0e,0xdc,0x02,0x00,0x7a,0xf3,0xee,0x4c,0x76,0x00,0x05,0xd7,
        0x18,0xec,0x02,0x00,0x76,0x00,0x03,0xd7,0x76,0xb1,0x02,0x00,0x1a,0xec,0xf0,0x4e,
        0x76,0x00,0x04,0xd7,0x76,0x35,0x00,0x00,0x77,0x00,0x05,0xd7,0x39,0xee,0x02,0x00,
        0x77,0x00,0x03,0xd7,0x77,0xaf,0x02,0x00,0x3b,0xee,0xf2,0x4e,0x77,0x00,0x04,0xd7,
        0x77,0x77,0x00,0x00,0x7b,0x00,0x2c,0xd7,0x10,0xdc,0x02,0x00,0x7a,0x00,0x2c,0xd7,
        0x11,0xd2,0x02,0x00,0x79,0x00,0x2c,0xd7,0x12,0xf2,0x02,0x00,0x78,0x00,0x2c,0xd7,
        0x13,0xf0,0x02,0x00,0x5b,0x00,0x55,0xd6,0x7b,0xf5,0xe6,0x05,0x78,0xb7,0xb6,0x4a,
        0x0c,0xd2,0x98,0x7c,0x7a,0x00,0x01,0xd5,0x80,0x02,0xa9,0x01,0x0a,0xdc,0x98,0x7c,
        0x79,0x00,0x01,0xd5,0x80,0x02,0xa9,0x01,0x5f,0x00,0x56,0xd6,0x77,0x21,0xd9,0x05,
        0x67,0x00,0x56,0xd6,0x79,0x01,0x9d,0x05,0x7a,0xf3,0xf2,0x36,0x08,0xbe,0x98,0x7c,
        0x80,0xf2,0xc6,0x02,0x09,0xbe,0x78,0x7c,0x80,0xc6,0xc6,0x02,0xa0,0x00,0x81,0xbe,
        0x7b,0x00,0x55,0xd6,0x3e,0x02,0xb4,0x05,0x32,0xff,0x4b,0x93,0x18,0x00,0x08,0x00,
        0x79,0x00,0x2d,0xd7,0x2f,0xf6,0x02,0x00,0x79,0xf7,0xf2,0x4a,0x4b,0xf2,0xf4,0x32,
        0x79,0x00,0x2c,0xd7,0x0f,0xf4,0x02,0x00,0x7b,0xf3,0xec,0x4c,0x32,0xff,0x4b,0x93,
        0x10,0x00,0x08,0x00,0x79,0x00,0x2d,0xd7,0x2e,0xf4,0x02,0x00,0x79,0xf5,0xf2,0x4a,
        0x4b,0xf2,0xdc,0x32,0x79,0x00,0x2c,0xd7,0x0e,0xdc,0x02,0x00,0x7a,0xf3,0xee,0x4c,
        0x76,0x00,0x05,0xd7,0x18,0xec,0x02,0x00,0x76,0x00,0x03,0xd7,0x76,0xb1,0x02,0x00,
        0x1a,0xec,0xf0,0x4e,0x76,0x00,0x04,0xd7,0x76,0x35,0x00,0x00,0x77,0x00,0x05,0xd7,
        0x39,0xee,0x02,0x00,0x77,0x00,0x03,0xd7,0x77,0xaf,0x02,0x00,0x3b,0xee,0xf2,0x4e,
        0x77,0x00,0x04,0xd7,0x77,0x77,0x00,0x00,0x7b,0x00,0x2c,0xd7,0x10,0xdc,0x02,0x00,
        0x7a,0x00,0x2c,0xd7,0x11,0xd2,0x02,0x00,0x79,0x00,0x2c,0xd7,0x12,0xf2,0x02,0x00,
        0x78,0x00,0x2c,0xd7,0x13,0xf0,0x02,0x00,0x5c,0x00,0x55,0xd6,0x7b,0xf5,0xe6,0x05,
        0x78,0xb9,0xb8,0x4a,0x0c,0xd2,0x98,0x7c,0x7a,0x00,0x01,0xd5,0x80,0x02,0xa9,0x01,
        0x0a,0xdc,0x98,0x7c,0x79,0x00,0x01,0xd5,0x80,0x02,0xa9,0x01,0x60,0x00,0x56,0xd6,
        0x77,0x21,0xd9,0x05,0x67,0x00,0x56,0xd6,0x79,0x03,0x9d,0x05,0x7a,0xf3,0xf2,0x36,
        0x08,0xc0,0x98,0x7c,0x80,0xf2,0xc8,0x02,0x09,0xc0,0x78,0x7c,0x80,0xc8,0xc8,0x02,
        0xc0,0x00,0x81,0xbe,0x7b,0x00,0x55,0xd6,0x3e,0x02,0xb4,0x05,0x32,0xff,0x4b,0x93,
        0x18,0x00,0x08,0x00,0x79,0x00,0x2d,0xd7,0x2f,0xf6,0x02,0x00,0x79,0xf7,0xf2,0x4a,
        0x4b,0xf2,0xf4,0x32,0x79,0x00,0x2c,0xd7,0x0f,0xf4,0x02,0x00,0x7b,0xf3,0xec,0x4c,
        0x32,0xff,0x4b,0x93,0x10,0x00,0x08,0x00,0x79,0x00,0x2d,0xd7,0x2e,0xf4,0x02,0x00,
        0x79,0xf5,0xf2,0x4a,0x4b,0xf2,0xdc,0x32,0x79,0x00,0x2c,0xd7,0x0e,0xdc,0x02,0x00,
        0x7a,0xf3,0xee,0x4c,0x76,0x00,0x05,0xd7,0x18,0xec,0x02,0x00,0x76,0x00,0x03,0xd7,
        0x76,0xb1,0x02,0x00,0x1a,0xec,0xf0,0x4e,0x76,0x00,0x04,0xd7,0x76,0x35,0x00,0x00,
        0x77,0x00,0x05,0xd7,0x39,0xee,0x02,0x00,0x77,0x00,0x03,0xd7,0x77,0xaf,0x02,0x00,
        0x3b,0xee,0xf2,0x4e,0x77,0x00,0x04,0xd7,0x77,0x77,0x00,0x00,0x7b,0x00,0x2c,0xd7,
        0x10,0xdc,0x02,0x00,0x7a,0x00,0x2c,0xd7,0x11,0xd2,0x02,0x00,0x79,0x00,0x2c,0xd7,
        0x12,0xf2,0x02,0x00,0x78,0x00,0x2c,0xd7,0x13,0xf0,0x02,0x00,0x5d,0x00,0x55,0xd6,
        0x7b,0xf5,0xe6,0x05,0x78,0xbb,0xba,0x4a,0x0c,0xd2,0x98,0x7c,0x7a,0x00,0x01,0xd5,
        0x80,0x02,0xa9,0x01,0x0a,0xdc,0x98,0x7c,0x79,0x00,0x01,0xd5,0x80,0x02,0xa9,0x01,
        0x61,0x00,0x56,0xd6,0x77,0x21,0xd9,0x05,0x67,0x00,0x56,0xd6,0x79,0x05,0x9d,0x05,
        0x7a,0xf3,0xf2,0x36,0x08,0xc2,0x98,0x7c,0x80,0xf2,0xca,0x02,0x09,0xc2,0x78,0x7c,
        0x80,0xca,0xca,0x02,0xff,0x00,0x81,0xbe,0x60,0x00,0x00,0x00,0x7b,0x00,0x55,0xd6,
        0x3e,0x02,0xb4,0x05,0x32,0xff,0x4b,0x93,0x18,0x00,0x08,0x00,0x79,0x00,0x2d,0xd7,
        0x2f,0xf6,0x02,0x00,0x79,0xf7,0xf2,0x4a,0x4b,0xf2,0xf4,0x32,0x79,0x00,0x2c,0xd7,
        0x0f,0xf4,0x02,0x00,0x7b,0xf3,0xec,0x4c,0x32,0xff,0x4b,0x93,0x10,0x00,0x08,0x00,
        0x79,0x00,0x2d,0xd7,0x2e,0xf4,0x02,0x00,0x79,0xf5,0xf2,0x4a,0x4b,0xf2,0xdc,0x32,
        0x79,0x00,0x2c,0xd7,0x0e,0xdc,0x02,0x00,0x7a,0xf3,0xee,0x4c,0x76,0x00,0x05,0xd7,
        0x18,0xec,0x02,0x00,0x76,0x00,0x03,0xd7,0x76,0xb1,0x02,0x00,0x1a,0xec,0xf0,0x4e,
        0x76,0x00,0x04,0xd7,0x76,0x35,0x00,0x00,0x77,0x00,0x05,0xd7,0x39,0xee,0x02,0x00,
        0x77,0x00,0x03,0xd7,0x77,0xaf,0x02,0x00,0x3b,0xee,0xf2,0x4e,0x77,0x00,0x04,0xd7,
        0x77,0x77,0x00,0x00,0x7b,0x00,0x2c,0xd7,0x10,0xdc,0x02,0x00,0x7a,0x00,0x2c,0xd7,
        0x11,0xd2,0x02,0x00,0x79,0x00,0x2c,0xd7,0x12,0xf2,0x02,0x00,0x78,0x00,0x2c,0xd7,
        0x13,0xf0,0x02,0x00,0x5e,0x00,0x55,0xd6,0x7b,0xf5,0xe6,0x05,0x78,0xbd,0xbc,0x4a,
        0x0c,0xd2,0x98,0x7c,0x7a,0x00,0x01,0xd5,0x80,0x02,0xa9,0x01,0x0a,0xdc,0x98,0x7c,
        0x79,0x00,0x01,0xd5,0x80,0x02,0xa9,0x01,0x62,0x00,0x56,0xd6,0x77,0x21,0xd9,0x05,
        0x67,0x00,0x56,0xd6,0x79,0x07,0x9d,0x05,0x7a,0xf3,0xf2,0x36,0x08,0xc4,0x98,0x7c,
        0x80,0xf2,0xcc,0x02,0x09,0xc4,0x78,0x7c,0x80,0xcc,0xcc,0x02,0x80,0x02,0x8e,0x7e,
        0x80,0x02,0x90,0x7e,0x80,0x02,0x92,0x7e,0x80,0x02,0x94,0x7e,0x80,0x02,0x96,0x7e,
        0x80,0x02,0x98,0x7e,0x80,0x02,0x9a,0x7e,0x80,0x02,0x9c,0x7e,0x80,0x02,0x9e,0x7e,
        0x80,0x02,0xa0,0x7e,0x80,0x02,0xa2,0x7e,0x80,0x02,0xa4,0x7e,0x80,0x02,0xa6,0x7e,
        0x80,0x02,0xa8,0x7e,0x80,0x02,0xaa,0x7e,0x80,0x02,0xac,0x7e,0x81,0xc6,0x96,0x7d,
        0x00,0x00,0x5c,0xe0,0x5b,0x47,0x47,0x43,0xc1,0x01,0xfe,0xbe,0x81,0xc8,0x96,0x7d,
        0x00,0x00,0x5c,0xe0,0x5c,0x4b,0x47,0x43,0xc1,0x01,0xfe,0xbe,0x81,0xca,0x96,0x7d,
        0x00,0x00,0x5c,0xe0,0x5d,0x4f,0x47,0x43,0xc1,0x01,0xfe,0xbe,0x81,0xcc,0x96,0x7d,
        0x00,0x00,0x5c,0xe0,0x5e,0x53,0x47,0x43,0xc1,0x01,0xfe,0xbe,0x00,0x03,0xf6,0x7e,
        0x85,0xf6,0xec,0x32,0x8f,0xf6,0xee,0x36,0x83,0xec,0xe2,0x36,0x82,0xec,0xe4,0x32,
        0x81,0xee,0xf2,0x36,0x81,0xee,0xf0,0x32,0x71,0x00,0x56,0xd6,0x71,0x09,0xdd,0x05,
        0x79,0x00,0x56,0xd6,0x79,0x07,0xe1,0x05,0x72,0x00,0x56,0xd6,0x72,0x09,0xe5,0x05,
        0x00,0x03,0xf6,0x7e,0x8f,0xf6,0xf2,0x36,0x84,0xf6,0xf0,0x32,0x81,0xf0,0xf0,0x36,
        0x85,0xf6,0xec,0x32,0x83,0xec,0xee,0x36,0x82,0xec,0xec,0x32,0x80,0xec,0xec,0x36,
        0x6e,0x00,0x56,0xd6,0x77,0x09,0xe5,0x05,0x83,0xf0,0xf0,0x30,0x70,0x00,0x56,0xd6,
        0x76,0x09,0xe1,0x05,0x84,0xe4,0xb0,0x30,0x83,0xde,0xf0,0x30,0x76,0x00,0x0b,0xd6,
        0x6a,0xff,0xe1,0x05,0x00,0x01,0x00,0x00,0x81,0xec,0xae,0x30,0x84,0xe2,0xb4,0x30,
        0x83,0xda,0xf0,0x30,0x76,0x00,0x0b,0xd6,0x6a,0xff,0xe1,0x05,0x00,0x04,0x00,0x00,
        0x81,0xec,0xb2,0x30,0xff,0xb4,0xb4,0x4a,0x00,0x08,0x00,0x00,0xff,0xb2,0xb2,0x4a,
        0x00,0x08,0x00,0x00,0x6e,0x03,0xe2,0x7e,0x70,0x03,0xe4,0x7e,0x3d,0xe4,0xe4,0x4a,
        0x83,0xe4,0xec,0x32,0x6e,0x00,0x2c,0xd7,0x15,0xec,0x02,0x00,0x0a,0x0e,0x42,0x96,
        0x32,0xff,0x46,0x93,0x18,0x00,0x08,0x00,0x32,0xff,0x45,0x93,0x10,0x00,0x08,0x00,
        0x0f,0x42,0x42,0x96,0xc1,0x00,0xa6,0xbe,0xff,0x00,0xa7,0xbe,0x00,0x00,0x02,0x30,
        0x38,0xe4,0x98,0x7c,0x70,0x00,0x01,0xd5,0x80,0x02,0xa9,0x01,0xc0,0x00,0xc0,0xbe,
        0x19,0x36,0x36,0x96,0x19,0x1b,0x1b,0x96,0x19,0xd8,0xd8,0x16,0x6a,0x00,0x25,0xd7,
        0x80,0x6c,0x00,0x00,0x1b,0x36,0xc1,0x80,0x0c,0x34,0xbb,0x80,0x6d,0x00,0x25,0xd7,
        0x80,0x68,0x00,0x00,0xf7,0x13,0x89,0xbf,0xff,0x00,0xea,0xbe,0xff,0xff,0x00,0x00,
        0x48,0x00,0x60,0xd7,0x73,0x01,0x01,0x00,0x48,0x02,0xec,0x7e,0x48,0x00,0x60,0xd7,
        0x73,0x11,0x01,0x00,0x49,0x00,0x60,0xd7,0x73,0x03,0x01,0x00,0x49,0x02,0xee,0x7e,
        0x49,0x00,0x60,0xd7,0x73,0x13,0x01,0x00,0x4a,0x00,0x60,0xd7,0x73,0x05,0x01,0x00,
        0x4a,0x02,0xf0,0x7e,0x4a,0x00,0x60,0xd7,0x73,0x15,0x01,0x00,0x4b,0x00,0x60,0xd7,
        0x73,0x07,0x01,0x00,0x4b,0x02,0xf2,0x7e,0x4b,0x00,0x60,0xd7,0x73,0x17,0x01,0x00,
        0x4c,0x00,0x60,0xd7,0x73,0x09,0x01,0x00,0x4c,0x02,0xf4,0x7e,0x4c,0x00,0x60,0xd7,
        0x73,0x19,0x01,0x00,0x4d,0x00,0x60,0xd7,0x73,0x0b,0x01,0x00,0x4d,0x02,0xf6,0x7e,
        0x4d,0x00,0x60,0xd7,0x73,0x1b,0x01,0x00,0x4e,0x00,0x60,0xd7,0x73,0x0d,0x01,0x00,
        0x4e,0x02,0xf8,0x7e,0x4e,0x00,0x60,0xd7,0x73,0x1d,0x01,0x00,0x4f,0x00,0x60,0xd7,
        0x73,0x0f,0x01,0x00,0x4f,0x02,0xfa,0x7e,0x4f,0x00,0x60,0xd7,0x73,0x1f,0x01,0x00,
        0x48,0xec,0xec,0x02,0x49,0xee,0xee,0x02,0x4a,0xf0,0xf0,0x02,0x4b,0xf2,0xf2,0x02,
        0x4c,0xf4,0xf4,0x02,0x4d,0xf6,0xf6,0x02,0x4e,0xf8,0xf8,0x02,0x4f,0xfa,0xfa,0x02,
        0x76,0x17,0xec,0x7e,0x77,0x17,0xee,0x7e,0x78,0x17,0xf0,0x7e,0x79,0x17,0xf2,0x7e,
        0x7a,0x17,0xf4,0x7e,0x7b,0x17,0xf6,0x7e,0x7c,0x17,0xf8,0x7e,0x7d,0x17,0xfa,0x7e,
        0x76,0x03,0x00,0x7e,0x77,0x03,0x02,0x7e,0x78,0x03,0x04,0x7e,0x79,0x03,0x06,0x7e,
        0x7a,0x03,0x08,0x7e,0x7b,0x03,0x0a,0x7e,0x7c,0x03,0x0c,0x7e,0x7d,0x03,0x0e,0x7e,
        0x76,0x03,0x10,0x7e,0x77,0x03,0x12,0x7e,0x78,0x03,0x14,0x7e,0x79,0x03,0x16,0x7e,
        0x7a,0x03,0x18,0x7e,0x7b,0x03,0x1a,0x7e,0x7c,0x03,0x1c,0x7e,0x7d,0x03,0x1e,0x7e,
        0x48,0x00,0x60,0xd7,0x74,0x01,0x01,0x00,0x48,0x02,0xec,0x7e,0x48,0x00,0x60,0xd7,
        0x74,0x11,0x01,0x00,0x49,0x00,0x60,0xd7,0x74,0x03,0x01,0x00,0x49,0x02,0xee,0x7e,
        0x49,0x00,0x60,0xd7,0x74,0x13,0x01,0x00,0x4a,0x00,0x60,0xd7,0x74,0x05,0x01,0x00,
        0x4a,0x02,0xf0,0x7e,0x4a,0x00,0x60,0xd7,0x74,0x15,0x01,0x00,0x4b,0x00,0x60,0xd7,
        0x74,0x07,0x01,0x00,0x4b,0x02,0xf2,0x7e,0x4b,0x00,0x60,0xd7,0x74,0x17,0x01,0x00,
        0x4c,0x00,0x60,0xd7,0x74,0x09,0x01,0x00,0x4c,0x02,0xf4,0x7e,0x4c,0x00,0x60,0xd7,
        0x74,0x19,0x01,0x00,0x4d,0x00,0x60,0xd7,0x74,0x0b,0x01,0x00,0x4d,0x02,0xf6,0x7e,
        0x4d,0x00,0x60,0xd7,0x74,0x1b,0x01,0x00,0x4e,0x00,0x60,0xd7,0x74,0x0d,0x01,0x00,
        0x4e,0x02,0xf8,0x7e,0x4e,0x00,0x60,0xd7,0x74,0x1d,0x01,0x00,0x4f,0x00,0x60,0xd7,
        0x74,0x0f,0x01,0x00,0x4f,0x02,0xfa,0x7e,0x4f,0x00,0x60,0xd7,0x74,0x1f,0x01,0x00,
        0x48,0xec,0xec,0x02,0x49,0xee,0xee,0x02,0x4a,0xf0,0xf0,0x02,0x4b,0xf2,0xf2,0x02,
        0x4c,0xf4,0xf4,0x02,0x4d,0xf6,0xf6,0x02,0x4e,0xf8,0xf8,0x02,0x4f,0xfa,0xfa,0x02,
        0x76,0x17,0xec,0x7e,0x77,0x17,0xee,0x7e,0x78,0x17,0xf0,0x7e,0x79,0x17,0xf2,0x7e,
        0x7a,0x17,0xf4,0x7e,0x7b,0x17,0xf6,0x7e,0x7c,0x17,0xf8,0x7e,0x7d,0x17,0xfa,0x7e,
        0x76,0x03,0x20,0x7e,0x77,0x03,0x22,0x7e,0x78,0x03,0x24,0x7e,0x79,0x03,0x26,0x7e,
        0x7a,0x03,0x28,0x7e,0x7b,0x03,0x2a,0x7e,0x7c,0x03,0x2c,0x7e,0x7d,0x03,0x2e,0x7e,
        0x76,0x03,0x30,0x7e,0x77,0x03,0x32,0x7e,0x78,0x03,0x34,0x7e,0x79,0x03,0x36,0x7e,
        0x7a,0x03,0x38,0x7e,0x7b,0x03,0x3a,0x7e,0x7c,0x03,0x3c,0x7e,0x7d,0x03,0x3e,0x7e,
        0xf7,0x13,0x89,0xbf,0x00,0x00,0x7c,0xdb,0x57,0x43,0x00,0x00,0xf7,0x03,0x89,0xbf,
        0x00,0x00,0x7c,0xdb,0x59,0x47,0x00,0x00,0x00,0x02,0x7c,0xdb,0x59,0x4b,0x00,0x00,
        0x00,0x04,0x7c,0xdb,0x59,0x4f,0x00,0x00,0x00,0x06,0x7c,0xdb,0x59,0x53,0x00,0x00,
        0x3b,0xd2,0x98,0x7c,0x40,0xd0,0xd0,0x4a,0x3b,0xda,0xf0,0x02,0x77,0x00,0x01,0xd5,
        0x19,0x00,0xa9,0x01,0x69,0xf1,0xd2,0x4c,0x6c,0xef,0xf2,0x4a,0x1b,0xf2,0x98,0x7c,
        0x80,0xf2,0xf2,0x02,0x7a,0x00,0x01,0xd5,0x3a,0x00,0xa9,0x01,0x41,0xf2,0x98,0x7c,
        0x41,0xd4,0xec,0x02,0x77,0x00,0x01,0xd5,0x3a,0x00,0xa9,0x01,0x79,0xed,0xf2,0x4c,
        0x7a,0x00,0x55,0xd6,0x7a,0xef,0xd6,0x00,0x79,0xd9,0xf6,0x4c,0x6b,0xf5,0xd6,0x4a,
        0x79,0x03,0xd8,0x7e,0x76,0x00,0x09,0xd5,0x7b,0x27,0x00,0x00,0x77,0x00,0x0b,0xd5,
        0x7a,0x25,0x00,0x00,0x78,0x00,0x09,0xd5,0x78,0x23,0x00,0x00,0xff,0xf6,0xf6,0x36,
        0xff,0xff,0x00,0x00,0x76,0xef,0xec,0x4a,0x76,0xf1,0xf2,0x4c,0x0c,0xd2,0x98,0x7c,
        0x7a,0x00,0x56,0xd6,0x7a,0x21,0xed,0x05,0x78,0x00,0x01,0xd5,0x80,0x02,0xa9,0x01,
        0x79,0xb7,0xb6,0x4a,0x79,0xb9,0xb8,0x4a,0x79,0xbb,0xba,0x4a,0x79,0xbd,0xbc,0x4a,
        0x76,0x00,0x10,0xd6,0x67,0x01,0x05,0x02,0x5f,0x40,0x0a,0xcc,0x7a,0xbf,0x02,0x18,
        0x78,0xed,0xc6,0x36,0x76,0x00,0x10,0xd6,0x67,0x03,0x05,0x02,0x60,0x40,0x0a,0xcc,
        0x7a,0xc1,0x02,0x18,0x78,0xed,0xc8,0x36,0x76,0x00,0x10,0xd6,0x67,0x05,0x05,0x02,
        0x61,0x40,0x0a,0xcc,0x7a,0xc3,0x02,0x18,0x78,0xed,0xca,0x36,0x76,0x00,0x10,0xd6,
        0x67,0x07,0x05,0x02,0x62,0x40,0x0a,0xcc,0x7a,0xc5,0x02,0x18,0x78,0xed,0xcc,0x36,
        0x76,0x00,0x10,0xd6,0x67,0x05,0x05,0x02,0x08,0xbe,0x98,0x7c,0x80,0xc6,0xc6,0x02,
        0x77,0x00,0x10,0xd6,0x67,0x07,0x05,0x02,0x08,0xc0,0x98,0x7c,0x80,0xc8,0xc8,0x02,
        0x76,0xf1,0xca,0x36,0x09,0xbe,0x78,0x7c,0x80,0xc6,0xc6,0x02,0x77,0xf1,0xcc,0x36,
        0x09,0xc0,0x78,0x7c,0x80,0xc8,0xc8,0x02,0x08,0xc2,0x98,0x7c,0x80,0xca,0xca,0x02,
        0x08,0xc4,0x98,0x7c,0x80,0xcc,0xcc,0x02,0x09,0xc2,0x78,0x7c,0x80,0xca,0xca,0x02,
        0x09,0xc4,0x78,0x7c,0x80,0xcc,0xcc,0x02,0x07,0xfc,0x89,0xbf,0x00,0x00,0xbd,0xbf,
        0x00,0x00,0xfc,0xdb,0x5a,0x00,0x00,0x32,0x00,0x08,0xfc,0xdb,0x5a,0x00,0x00,0x36,
        0x00,0x00,0xfc,0xdb,0x58,0x00,0x00,0x21,0x00,0x02,0xfc,0xdb,0x58,0x00,0x00,0x25,
        0x00,0x01,0xfc,0xdb,0x58,0x00,0x00,0x29,0x00,0x03,0xfc,0xdb,0x58,0x00,0x00,0x2d,
        0x05,0xa0,0x86,0x81,0x06,0x80,0x02,0xbf,0xcb,0x00,0xa1,0xbf,0x00,0x00,0x5c,0xe0,
        0x68,0x43,0x48,0x44,0x80,0x02,0x8e,0x7e,0x80,0x02,0x90,0x7e,0x80,0x02,0x92,0x7e,
        0x80,0x02,0x94,0x7e,0x80,0x02,0x96,0x7e,0x80,0x02,0x98,0x7e,0x80,0x02,0x9a,0x7e,
        0x80,0x02,0x9c,0x7e,0x80,0x02,0x9e,0x7e,0x80,0x02,0xa0,0x7e,0x80,0x02,0xa2,0x7e,
        0x80,0x02,0xa4,0x7e,0x80,0x02,0xa6,0x7e,0x80,0x02,0xa8,0x7e,0x80,0x02,0xaa,0x7e,
        0x80,0x02,0xac,0x7e,0x81,0xc6,0x96,0x7d,0x00,0x00,0x5c,0xe0,0x5b,0x47,0x47,0x43,
        0xc1,0x01,0xfe,0xbe,0x81,0xc8,0x96,0x7d,0x00,0x00,0x5c,0xe0,0x5c,0x4b,0x47,0x43,
        0xc1,0x01,0xfe,0xbe,0x81,0xca,0x96,0x7d,0x00,0x00,0x5c,0xe0,0x5d,0x4f,0x47,0x43,
        0xc1,0x01,0xfe,0xbe,0x81,0xcc,0x96,0x7d,0x00,0x00,0x5c,0xe0,0x5e,0x53,0x47,0x43,
        0xc1,0x01,0xfe,0xbe,0x00,0x04,0xfc,0xdb,0x5a,0x00,0x00,0x3a,0x00,0x0c,0xfc,0xdb,
        0x5a,0x00,0x00,0x3e,0x47,0xfc,0x89,0xbf,0x00,0x40,0x40,0xcc,0x21,0x65,0x02,0x1c,
        0x27,0xfc,0x89,0xbf,0x10,0x40,0x40,0xcc,0x29,0x65,0x42,0x1c,0x00,0x10,0xfc,0xdb,
        0x5a,0x00,0x00,0x32,0x00,0x18,0xfc,0xdb,0x5a,0x00,0x00,0x36,0x27,0xfc,0x89,0xbf,
        0x08,0x40,0x40,0xcc,0x21,0x75,0x22,0x1c,0x00,0x04,0xfc,0xdb,0x58,0x00,0x00,0x21,
        0x00,0x06,0xfc,0xdb,0x58,0x00,0x00,0x25,0x18,0x40,0x40,0xcc,0x29,0x75,0x62,0x1c,
        0x00,0x05,0xfc,0xdb,0x58,0x00,0x00,0x29,0x00,0x07,0xfc,0xdb,0x58,0x00,0x00,0x2d,
        0x00,0x14,0xfc,0xdb,0x5a,0x00,0x00,0x3a,0x00,0x1c,0xfc,0xdb,0x5a,0x00,0x00,0x3e,
        0x47,0xfc,0x89,0xbf,0x00,0x40,0x40,0xcc,0x21,0x65,0x02,0x1c,0x27,0xfc,0x89,0xbf,
        0x10,0x40,0x40,0xcc,0x29,0x65,0x42,0x1c,0x07,0xfc,0x89,0xbf,0xf7,0x13,0x89,0xbf,
        0x00,0x00,0xbd,0xbf,0x00,0x00,0x7c,0xdb,0x57,0x43,0x00,0x00,0xf7,0x03,0x89,0xbf,
        0x00,0x00,0x7c,0xdb,0x59,0x47,0x00,0x00,0x00,0x02,0x7c,0xdb,0x59,0x4b,0x00,0x00,
        0x00,0x04,0x7c,0xdb,0x59,0x4f,0x00,0x00,0x00,0x06,0x7c,0xdb,0x59,0x53,0x00,0x00,
        0x08,0x40,0x40,0xcc,0x21,0x75,0x22,0x1c,0x18,0x40,0x40,0xcc,0x29,0x75,0x62,0x1c,
        0x06,0xa0,0x86,0x81,0x06,0x80,0x02,0xbf,0x61,0x00,0xa1,0xbf,0x3b,0xd2,0x98,0x7c,
        0x40,0xd0,0xd0,0x4a,0x3b,0xda,0xf0,0x02,0x77,0x00,0x01,0xd5,0x19,0x00,0xa9,0x01,
        0x69,0xf1,0xd2,0x4c,0x6c,0xef,0xf2,0x4a,0x1b,0xf2,0x98,0x7c,0x80,0xf2,0xf2,0x02,
        0x7a,0x00,0x01,0xd5,0x3a,0x00,0xa9,0x01,0x41,0xf2,0x98,0x7c,0x41,0xd4,0xec,0x02,
        0x77,0x00,0x01,0xd5,0x3a,0x00,0xa9,0x01,0x79,0xed,0xf2,0x4c,0x7a,0x00,0x55,0xd6,
        0x7a,0xef,0xd6,0x00,0x79,0xd9,0xf6,0x4c,0x6b,0xf5,0xd6,0x4a,0x79,0x03,0xd8,0x7e,
        0x76,0x00,0x09,0xd5,0x7b,0x27,0x00,0x00,0x77,0x00,0x0b,0xd5,0x7a,0x25,0x00,0x00,
        0x78,0x00,0x09,0xd5,0x78,0x23,0x00,0x00,0xff,0xf6,0xf6,0x36,0xff,0xff,0x00,0x00,
        0x76,0xef,0xec,0x4a,0x76,0xf1,0xf2,0x4c,0x0c,0xd2,0x98,0x7c,0x7a,0x00,0x56,0xd6,
        0x7a,0x21,0xed,0x05,0x78,0x00,0x01,0xd5,0x80,0x02,0xa9,0x01,0x79,0xb7,0xb6,0x4a,
        0x79,0xb9,0xb8,0x4a,0x79,0xbb,0xba,0x4a,0x79,0xbd,0xbc,0x4a,0x76,0x00,0x10,0xd6,
        0x67,0x01,0x05,0x02,0x5f,0x40,0x0a,0xcc,0x7a,0xbf,0x02,0x18,0x78,0xed,0xc6,0x36,
        0x76,0x00,0x10,0xd6,0x67,0x03,0x05,0x02,0x60,0x40,0x0a,0xcc,0x7a,0xc1,0x02,0x18,
        0x78,0xed,0xc8,0x36,0x76,0x00,0x10,0xd6,0x67,0x05,0x05,0x02,0x61,0x40,0x0a,0xcc,
        0x7a,0xc3,0x02,0x18,0x78,0xed,0xca,0x36,0x76,0x00,0x10,0xd6,0x67,0x07,0x05,0x02,
        0x62,0x40,0x0a,0xcc,0x7a,0xc5,0x02,0x18,0x78,0xed,0xcc,0x36,0x76,0x00,0x10,0xd6,
        0x67,0x05,0x05,0x02,0x08,0xbe,0x98,0x7c,0x80,0xc6,0xc6,0x02,0x77,0x00,0x10,0xd6,
        0x67,0x07,0x05,0x02,0x08,0xc0,0x98,0x7c,0x80,0xc8,0xc8,0x02,0x76,0xf1,0xca,0x36,
        0x09,0xbe,0x78,0x7c,0x80,0xc6,0xc6,0x02,0x77,0xf1,0xcc,0x36,0x09,0xc0,0x78,0x7c,
        0x80,0xc8,0xc8,0x02,0x08,0xc2,0x98,0x7c,0x80,0xca,0xca,0x02,0x08,0xc4,0x98,0x7c,
        0x80,0xcc,0xcc,0x02,0x09,0xc2,0x78,0x7c,0x80,0xca,0xca,0x02,0x09,0xc4,0x78,0x7c,
        0x80,0xcc,0xcc,0x02,0x07,0xfc,0x89,0xbf,0x00,0x00,0xbd,0xbf,0x00,0x00,0xfc,0xdb,
        0x5a,0x00,0x00,0x32,0x00,0x08,0xfc,0xdb,0x5a,0x00,0x00,0x36,0x00,0x00,0xfc,0xdb,
        0x58,0x00,0x00,0x21,0x00,0x02,0xfc,0xdb,0x58,0x00,0x00,0x25,0x00,0x01,0xfc,0xdb,
        0x58,0x00,0x00,0x29,0x00,0x03,0xfc,0xdb,0x58,0x00,0x00,0x2d,0x43,0xff,0xa0,0xbf,
        0x07,0xfc,0x89,0xbf,0x00,0x00,0xbd,0xbf,0x00,0x00,0xfc,0xdb,0x5a,0x00,0x00,0x32,
        0x00,0x08,0xfc,0xdb,0x5a,0x00,0x00,0x36,0x00,0x00,0xfc,0xdb,0x58,0x00,0x00,0x21,
        0x00,0x02,0xfc,0xdb,0x58,0x00,0x00,0x25,0x00,0x01,0xfc,0xdb,0x58,0x00,0x00,0x29,
        0x00,0x03,0xfc,0xdb,0x58,0x00,0x00,0x2d,0x00,0x04,0xfc,0xdb,0x5a,0x00,0x00,0x3a,
        0x00,0x0c,0xfc,0xdb,0x5a,0x00,0x00,0x3e,0x47,0xfc,0x89,0xbf,0x00,0x40,0x40,0xcc,
        0x21,0x65,0x02,0x1c,0x27,0xfc,0x89,0xbf,0x10,0x40,0x40,0xcc,0x29,0x65,0x42,0x1c,
        0x00,0x10,0xfc,0xdb,0x5a,0x00,0x00,0x32,0x00,0x18,0xfc,0xdb,0x5a,0x00,0x00,0x36,
        0x27,0xfc,0x89,0xbf,0x08,0x40,0x40,0xcc,0x21,0x75,0x22,0x1c,0x00,0x04,0xfc,0xdb,
        0x58,0x00,0x00,0x21,0x00,0x06,0xfc,0xdb,0x58,0x00,0x00,0x25,0x18,0x40,0x40,0xcc,
        0x29,0x75,0x62,0x1c,0x00,0x05,0xfc,0xdb,0x58,0x00,0x00,0x29,0x00,0x07,0xfc,0xdb,
        0x58,0x00,0x00,0x2d,0x00,0x14,0xfc,0xdb,0x5a,0x00,0x00,0x3a,0x00,0x1c,0xfc,0xdb,
        0x5a,0x00,0x00,0x3e,0x47,0xfc,0x89,0xbf,0x00,0x40,0x40,0xcc,0x21,0x65,0x02,0x1c,
        0x27,0xfc,0x89,0xbf,0x10,0x40,0x40,0xcc,0x29,0x65,0x42,0x1c,0x07,0xfc,0x89,0xbf,
        0x08,0x40,0x40,0xcc,0x21,0x75,0x22,0x1c,0x18,0x40,0x40,0xcc,0x29,0x75,0x62,0x1c,
        0x80,0x00,0x81,0xbe,0x15,0x82,0x15,0x96,0x3e,0xe2,0xda,0x4a,0x76,0x00,0x2d,0xd7,
        0x2f,0xda,0x02,0x00,0x76,0xdb,0xec,0x4a,0x46,0xec,0xf2,0x32,0x76,0x00,0x2c,0xd7,
        0x0f,0xf2,0x02,0x00,0x6d,0xed,0xb2,0x4c,0x76,0x00,0x2d,0xd7,0x2e,0xf2,0x02,0x00,
        0x76,0xf3,0xec,0x4a,0x45,0xec,0xae,0x32,0x76,0x00,0x2c,0xd7,0x0e,0xae,0x02,0x00,
        0x79,0xed,0xb0,0x4c,0x5b,0x00,0x0b,0xd6,0x17,0xb2,0xba,0x05,0x42,0xda,0x98,0x7c,
        0x76,0x00,0x2c,0xd7,0x14,0xae,0x02,0x00,0x77,0x00,0x2c,0xd7,0x16,0xb0,0x02,0x00,
        0x80,0xe0,0xde,0x02,0x5b,0x00,0x55,0xd6,0x76,0xef,0x6e,0x05,0x80,0x00,0x28,0x7c,
        0x00,0x00,0x01,0xd5,0x00,0x01,0xa9,0x01,0x80,0x02,0x28,0x7c,0x01,0x00,0x01,0xd5,
        0x01,0x01,0xa9,0x01,0x80,0x04,0x28,0x7c,0x02,0x00,0x01,0xd5,0x02,0x01,0xa9,0x01,
        0x80,0x06,0x28,0x7c,0x03,0x00,0x01,0xd5,0x03,0x01,0xa9,0x01,0x80,0x08,0x28,0x7c,
        0x04,0x00,0x01,0xd5,0x04,0x01,0xa9,0x01,0x80,0x0a,0x28,0x7c,0x05,0x00,0x01,0xd5,
        0x05,0x01,0xa9,0x01,0x80,0x0c,0x28,0x7c,0x06,0x00,0x01,0xd5,0x06,0x01,0xa9,0x01,
        0x80,0x0e,0x28,0x7c,0x07,0x00,0x01,0xd5,0x07,0x01,0xa9,0x01,0x00,0x03,0x00,0x5e,
        0x02,0x07,0x02,0x5e,0x04,0x0b,0x04,0x5e,0x06,0x0f,0x06,0x5e,0x81,0xde,0x96,0x7d,
        0x00,0x00,0x74,0xe0,0x5b,0x00,0x49,0x01,0xc1,0x01,0xfe,0xbe,0xc0,0xe2,0xf6,0x4a,
        0x3e,0xf6,0xda,0x4a,0x76,0x00,0x2d,0xd7,0x2f,0xda,0x02,0x00,0x76,0xdb,0xec,0x4a,
        0x46,0xec,0xf2,0x32,0x76,0x00,0x2c,0xd7,0x0f,0xf2,0x02,0x00,0x6d,0xed,0xb2,0x4c,
        0x76,0x00,0x2d,0xd7,0x2e,0xf2,0x02,0x00,0x76,0xf3,0xec,0x4a,0x45,0xec,0xae,0x32,
        0x76,0x00,0x2c,0xd7,0x0e,0xae,0x02,0x00,0x79,0xed,0xb0,0x4c,0x5b,0x00,0x0b,0xd6,
        0x17,0xb2,0xba,0x05,0x42,0xda,0x98,0x7c,0x76,0x00,0x2c,0xd7,0x14,0xae,0x02,0x00,
        0x77,0x00,0x2c,0xd7,0x16,0xb0,0x02,0x00,0x80,0xe0,0xde,0x02,0x5b,0x00,0x55,0xd6,
        0x76,0xef,0x6e,0x05,0x80,0x10,0x28,0x7c,0x08,0x00,0x01,0xd5,0x08,0x01,0xa9,0x01,
        0x80,0x12,0x28,0x7c,0x09,0x00,0x01,0xd5,0x09,0x01,0xa9,0x01,0x80,0x14,0x28,0x7c,
        0x0a,0x00,0x01,0xd5,0x0a,0x01,0xa9,0x01,0x80,0x16,0x28,0x7c,0x0b,0x00,0x01,0xd5,
        0x0b,0x01,0xa9,0x01,0x80,0x18,0x28,0x7c,0x0c,0x00,0x01,0xd5,0x0c,0x01,0xa9,0x01,
        0x80,0x1a,0x28,0x7c,0x0d,0x00,0x01,0xd5,0x0d,0x01,0xa9,0x01,0x80,0x1c,0x28,0x7c,
        0x0e,0x00,0x01,0xd5,0x0e,0x01,0xa9,0x01,0x80,0x1e,0x28,0x7c,0x0f,0x00,0x01,0xd5,
        0x0f,0x01,0xa9,0x01,0x08,0x13,0x10,0x5e,0x0a,0x17,0x12,0x5e,0x0c,0x1b,0x14,0x5e,
        0x0e,0x1f,0x16,0x5e,0x81,0xde,0x96,0x7d,0x00,0x00,0x74,0xe0,0x5b,0x08,0x49,0x01,
        0xc1,0x01,0xfe,0xbe,0x90,0xe4,0xe4,0x4a,0x15,0x01,0x01,0x80,0x38,0xe4,0x98,0x7c,
        0x70,0x00,0x01,0xd5,0x80,0x02,0xa9,0x01,0x3e,0xe2,0xda,0x4a,0x76,0x00,0x2d,0xd7,
        0x2f,0xda,0x02,0x00,0x76,0xdb,0xec,0x4a,0x46,0xec,0xf2,0x32,0x76,0x00,0x2c,0xd7,
        0x0f,0xf2,0x02,0x00,0x6d,0xed,0xb2,0x4c,0x76,0x00,0x2d,0xd7,0x2e,0xf2,0x02,0x00,
        0x76,0xf3,0xec,0x4a,0x45,0xec,0xae,0x32,0x76,0x00,0x2c,0xd7,0x0e,0xae,0x02,0x00,
        0x79,0xed,0xb0,0x4c,0x5b,0x00,0x0b,0xd6,0x17,0xb2,0xba,0x05,0x42,0xda,0x98,0x7c,
        0x76,0x00,0x2c,0xd7,0x14,0xae,0x02,0x00,0x77,0x00,0x2c,0xd7,0x16,0xb0,0x02,0x00,
        0x80,0xe0,0xde,0x02,0x5b,0x00,0x55,0xd6,0x76,0xef,0x6e,0x05,0x80,0x20,0x28,0x7c,
        0x10,0x00,0x01,0xd5,0x10,0x01,0xa9,0x01,0x80,0x22,0x28,0x7c,0x11,0x00,0x01,0xd5,
        0x11,0x01,0xa9,0x01,0x80,0x24,0x28,0x7c,0x12,0x00,0x01,0xd5,0x12,0x01,0xa9,0x01,
        0x80,0x26,0x28,0x7c,0x13,0x00,0x01,0xd5,0x13,0x01,0xa9,0x01,0x80,0x28,0x28,0x7c,
        0x14,0x00,0x01,0xd5,0x14,0x01,0xa9,0x01,0x80,0x2a,0x28,0x7c,0x15,0x00,0x01,0xd5,
        0x15,0x01,0xa9,0x01,0x80,0x2c,0x28,0x7c,0x16,0x00,0x01,0xd5,0x16,0x01,0xa9,0x01,
        0x80,0x2e,0x28,0x7c,0x17,0x00,0x01,0xd5,0x17,0x01,0xa9,0x01,0x10,0x23,0x20,0x5e,
        0x12,0x27,0x22,0x5e,0x14,0x2b,0x24,0x5e,0x16,0x2f,0x26,0x5e,0x81,0xde,0x96,0x7d,
        0x00,0x00,0x74,0xe0,0x5b,0x10,0x49,0x01,0xc1,0x01,0xfe,0xbe,0xc0,0xe2,0xf6,0x4a,
        0x3e,0xf6,0xda,0x4a,0x76,0x00,0x2d,0xd7,0x2f,0xda,0x02,0x00,0x76,0xdb,0xec,0x4a,
        0x46,0xec,0xf2,0x32,0x76,0x00,0x2c,0xd7,0x0f,0xf2,0x02,0x00,0x6d,0xed,0xb2,0x4c,
        0x76,0x00,0x2d,0xd7,0x2e,0xf2,0x02,0x00,0x76,0xf3,0xec,0x4a,0x45,0xec,0xae,0x32,
        0x76,0x00,0x2c,0xd7,0x0e,0xae,0x02,0x00,0x79,0xed,0xb0,0x4c,0x5b,0x00,0x0b,0xd6,
        0x17,0xb2,0xba,0x05,0x42,0xda,0x98,0x7c,0x76,0x00,0x2c,0xd7,0x14,0xae,0x02,0x00,
        0x77,0x00,0x2c,0xd7,0x16,0xb0,0x02,0x00,0x80,0xe0,0xde,0x02,0x5b,0x00,0x55,0xd6,
        0x76,0xef,0x6e,0x05,0x80,0x30,0x28,0x7c,0x18,0x00,0x01,0xd5,0x18,0x01,0xa9,0x01,
        0x80,0x32,0x28,0x7c,0x19,0x00,0x01,0xd5,0x19,0x01,0xa9,0x01,0x80,0x34,0x28,0x7c,
        0x1a,0x00,0x01,0xd5,0x1a,0x01,0xa9,0x01,0x80,0x36,0x28,0x7c,0x1b,0x00,0x01,0xd5,
        0x1b,0x01,0xa9,0x01,0x80,0x38,0x28,0x7c,0x1c,0x00,0x01,0xd5,0x1c,0x01,0xa9,0x01,
        0x80,0x3a,0x28,0x7c,0x1d,0x00,0x01,0xd5,0x1d,0x01,0xa9,0x01,0x80,0x3c,0x28,0x7c,
        0x1e,0x00,0x01,0xd5,0x1e,0x01,0xa9,0x01,0x80,0x3e,0x28,0x7c,0x1f,0x00,0x01,0xd5,
        0x1f,0x01,0xa9,0x01,0x18,0x33,0x30,0x5e,0x1a,0x37,0x32,0x5e,0x1c,0x3b,0x34,0x5e,
        0x1e,0x3f,0x36,0x5e,0x81,0xde,0x96,0x7d,0x00,0x00,0x74,0xe0,0x5b,0x18,0x49,0x01,
        0xc1,0x01,0xfe,0xbe,0x00,0x00,0xb0,0xbf,0x00,0x00,0x00,0x00,0x00,0x00,0x00,0x00,
        0x00,0x00,0x00,0x00,0x00,0x00,0x00,0x00,0x00,0x00,0x00,0x00,0x00,0x00,0x00,0x00,
        0x00,0x00,0x00,0x00,0x00,0x00,0x00,0x00,0x00,0x00,0x00,0x00,0x00,0x00,0x00,0x00,
        0x00,0x00,0x00,0x00,0x00,0x00,0x00,0x00,0x00,0x00,0x00,0x00,0x00,0x00,0x00,0x00,
        0x00,0x28,0x00,0x00,0x00,0x00,0x00,0x00,0x00,0x00,0x00,0x00,0x00,0x00,0x00,0x00,
        0x00,0x00,0x00,0x00,0x00,0x00,0x00,0x00,0x00,0x00,0x00,0x00,0x00,0x00,0x00,0x00,
        0x00,0x00,0x00,0x00,0x00,0x00,0x00,0x00,0x00,0x00,0x00,0x00,0x00,0x00,0x00,0x00,
        0x0f,0x00,0x0c,0x40,0x84,0x03,0x00,0x00,0x08,0x04,0x00,0x00,0x00,0x00,0x00,0x00,
        0x07,0x00,0x00,0x00,0x44,0x0b,0x00,0x00,0x20,0x00,0x00,0x00,0x41,0x4d,0x44,0x47,
        0x50,0x55,0x00,0x00,0x82,0xae,0x61,0x6d,0x64,0x68,0x73,0x61,0x2e,0x6b,0x65,0x72,
        0x6e,0x65,0x6c,0x73,0x91,0x8c,0xa5,0x2e,0x61,0x72,0x67,0x73,0xdc,0x00,0x21,0x87,
        0xae,0x2e,0x61,0x64,0x64,0x72,0x65,0x73,0x73,0x5f,0x73,0x70,0x61,0x63,0x65,0xa6,
        0x67,0x6c,0x6f,0x62,0x61,0x6c,0xa9,0x2e,0x69,0x73,0x5f,0x63,0x6f,0x6e,0x73,0x74,
        0xc3,0xa5,0x2e,0x6e,0x61,0x6d,0x65,0xa4,0x70,0x5f,0x69,0x6e,0xa7,0x2e,0x6f,0x66,
        0x66,0x73,0x65,0x74,0x00,0xa5,0x2e,0x73,0x69,0x7a,0x65,0x08,0xab,0x2e,0x76,0x61,
        0x6c,0x75,0x65,0x5f,0x6b,0x69,0x6e,0x64,0xad,0x67,0x6c,0x6f,0x62,0x61,0x6c,0x5f,
        0x62,0x75,0x66,0x66,0x65,0x72,0xab,0x2e,0x76,0x61,0x6c,0x75,0x65,0x5f,0x74,0x79,
        0x70,0x65,0xa3,0x66,0x33,0x32,0x87,0xae,0x2e,0x61,0x64,0x64,0x72,0x65,0x73,0x73,
        0x5f,0x73,0x70,0x61,0x63,0x65,0xa6,0x67,0x6c,0x6f,0x62,0x61,0x6c,0xa9,0x2e,0x69,
        0x73,0x5f,0x63,0x6f,0x6e,0x73,0x74,0xc3,0xa5,0x2e,0x6e,0x61,0x6d,0x65,0xa5,0x70,
        0x5f,0x77,0x65,0x69,0xa7,0x2e,0x6f,0x66,0x66,0x73,0x65,0x74,0x08,0xa5,0x2e,0x73,
        0x69,0x7a,0x65,0x08,0xab,0x2e,0x76,0x61,0x6c,0x75,0x65,0x5f,0x6b,0x69,0x6e,0x64,
        0xad,0x67,0x6c,0x6f,0x62,0x61,0x6c,0x5f,0x62,0x75,0x66,0x66,0x65,0x72,0xab,0x2e,
        0x76,0x61,0x6c,0x75,0x65,0x5f,0x74,0x79,0x70,0x65,0xa3,0x66,0x33,0x32,0x87,0xae,
        0x2e,0x61,0x64,0x64,0x72,0x65,0x73,0x73,0x5f,0x73,0x70,0x61,0x63,0x65,0xa6,0x67,
        0x6c,0x6f,0x62,0x61,0x6c,0xa9,0x2e,0x69,0x73,0x5f,0x63,0x6f,0x6e,0x73,0x74,0xc2,
        0xa5,0x2e,0x6e,0x61,0x6d,0x65,0xa5,0x70,0x5f,0x6f,0x75,0x74,0xa7,0x2e,0x6f,0x66,
        0x66,0x73,0x65,0x74,0x10,0xa5,0x2e,0x73,0x69,0x7a,0x65,0x08,0xab,0x2e,0x76,0x61,
        0x6c,0x75,0x65,0x5f,0x6b,0x69,0x6e,0x64,0xad,0x67,0x6c,0x6f,0x62,0x61,0x6c,0x5f,
        0x62,0x75,0x66,0x66,0x65,0x72,0xab,0x2e,0x76,0x61,0x6c,0x75,0x65,0x5f,0x74,0x79,
        0x70,0x65,0xa3,0x66,0x33,0x32,0x87,0xae,0x2e,0x61,0x64,0x64,0x72,0x65,0x73,0x73,
        0x5f,0x73,0x70,0x61,0x63,0x65,0xa6,0x67,0x6c,0x6f,0x62,0x61,0x6c,0xa9,0x2e,0x69,
        0x73,0x5f,0x63,0x6f,0x6e,0x73,0x74,0xc3,0xa5,0x2e,0x6e,0x61,0x6d,0x65,0xa6,0x70,
        0x5f,0x62,0x69,0x61,0x73,0xa7,0x2e,0x6f,0x66,0x66,0x73,0x65,0x74,0x18,0xa5,0x2e,
        0x73,0x69,0x7a,0x65,0x08,0xab,0x2e,0x76,0x61,0x6c,0x75,0x65,0x5f,0x6b,0x69,0x6e,
        0x64,0xad,0x67,0x6c,0x6f,0x62,0x61,0x6c,0x5f,0x62,0x75,0x66,0x66,0x65,0x72,0xab,
        0x2e,0x76,0x61,0x6c,0x75,0x65,0x5f,0x74,0x79,0x70,0x65,0xa3,0x66,0x33,0x32,0x85,
        0xa5,0x2e,0x6e,0x61,0x6d,0x65,0xa2,0x68,0x69,0xa7,0x2e,0x6f,0x66,0x66,0x73,0x65,
        0x74,0x20,0xa5,0x2e,0x73,0x69,0x7a,0x65,0x04,0xab,0x2e,0x76,0x61,0x6c,0x75,0x65,
        0x5f,0x6b,0x69,0x6e,0x64,0xa8,0x62,0x79,0x5f,0x76,0x61,0x6c,0x75,0x65,0xab,0x2e,
        0x76,0x61,0x6c,0x75,0x65,0x5f,0x74,0x79,0x70,0x65,0xa3,0x69,0x33,0x32,0x85,0xa5,
        0x2e,0x6e,0x61,0x6d,0x65,0xa2,0x77,0x69,0xa7,0x2e,0x6f,0x66,0x66,0x73,0x65,0x74,
        0x24,0xa5,0x2e,0x73,0x69,0x7a,0x65,0x04,0xab,0x2e,0x76,0x61,0x6c,0x75,0x65,0x5f,
        0x6b,0x69,0x6e,0x64,0xa8,0x62,0x79,0x5f,0x76,0x61,0x6c,0x75,0x65,0xab,0x2e,0x76,
        0x61,0x6c,0x75,0x65,0x5f,0x74,0x79,0x70,0x65,0xa3,0x69,0x33,0x32,0x85,0xa5,0x2e,
        0x6e,0x61,0x6d,0x65,0xa1,0x6e,0xa7,0x2e,0x6f,0x66,0x66,0x73,0x65,0x74,0x28,0xa5,
        0x2e,0x73,0x69,0x7a,0x65,0x04,0xab,0x2e,0x76,0x61,0x6c,0x75,0x65,0x5f,0x6b,0x69,
        0x6e,0x64,0xa8,0x62,0x79,0x5f,0x76,0x61,0x6c,0x75,0x65,0xab,0x2e,0x76,0x61,0x6c,
        0x75,0x65,0x5f,0x74,0x79,0x70,0x65,0xa3,0x69,0x33,0x32,0x85,0xa5,0x2e,0x6e,0x61,
        0x6d,0x65,0xa1,0x6b,0xa7,0x2e,0x6f,0x66,0x66,0x73,0x65,0x74,0x2c,0xa5,0x2e,0x73,
        0x69,0x7a,0x65,0x04,0xab,0x2e,0x76,0x61,0x6c,0x75,0x65,0x5f,0x6b,0x69,0x6e,0x64,
        0xa8,0x62,0x79,0x5f,0x76,0x61,0x6c,0x75,0x65,0xab,0x2e,0x76,0x61,0x6c,0x75,0x65,
        0x5f,0x74,0x79,0x70,0x65,0xa3,0x69,0x33,0x32,0x85,0xa5,0x2e,0x6e,0x61,0x6d,0x65,
        0xa1,0x63,0xa7,0x2e,0x6f,0x66,0x66,0x73,0x65,0x74,0x30,0xa5,0x2e,0x73,0x69,0x7a,
        0x65,0x04,0xab,0x2e,0x76,0x61,0x6c,0x75,0x65,0x5f,0x6b,0x69,0x6e,0x64,0xa8,0x62,
        0x79,0x5f,0x76,0x61,0x6c,0x75,0x65,0xab,0x2e,0x76,0x61,0x6c,0x75,0x65,0x5f,0x74,
        0x79,0x70,0x65,0xa3,0x69,0x33,0x32,0x85,0xa5,0x2e,0x6e,0x61,0x6d,0x65,0xa1,0x67,
        0xa7,0x2e,0x6f,0x66,0x66,0x73,0x65,0x74,0x34,0xa5,0x2e,0x73,0x69,0x7a,0x65,0x04,
        0xab,0x2e,0x76,0x61,0x6c,0x75,0x65,0x5f,0x6b,0x69,0x6e,0x64,0xa8,0x62,0x79,0x5f,
        0x76,0x61,0x6c,0x75,0x65,0xab,0x2e,0x76,0x61,0x6c,0x75,0x65,0x5f,0x74,0x79,0x70,
        0x65,0xa3,0x69,0x33,0x32,0x85,0xa5,0x2e,0x6e,0x61,0x6d,0x65,0xa2,0x68,0x6f,0xa7,
        0x2e,0x6f,0x66,0x66,0x73,0x65,0x74,0x38,0xa5,0x2e,0x73,0x69,0x7a,0x65,0x04,0xab,
        0x2e,0x76,0x61,0x6c,0x75,0x65,0x5f,0x6b,0x69,0x6e,0x64,0xa8,0x62,0x79,0x5f,0x76,
        0x61,0x6c,0x75,0x65,0xab,0x2e,0x76,0x61,0x6c,0x75,0x65,0x5f,0x74,0x79,0x70,0x65,
        0xa3,0x69,0x33,0x32,0x85,0xa5,0x2e,0x6e,0x61,0x6d,0x65,0xa2,0x77,0x6f,0xa7,0x2e,
        0x6f,0x66,0x66,0x73,0x65,0x74,0x3c,0xa5,0x2e,0x73,0x69,0x7a,0x65,0x04,0xab,0x2e,
        0x76,0x61,0x6c,0x75,0x65,0x5f,0x6b,0x69,0x6e,0x64,0xa8,0x62,0x79,0x5f,0x76,0x61,
        0x6c,0x75,0x65,0xab,0x2e,0x76,0x61,0x6c,0x75,0x65,0x5f,0x74,0x79,0x70,0x65,0xa3,
        0x69,0x33,0x32,0x85,0xa5,0x2e,0x6e,0x61,0x6d,0x65,0xab,0x69,0x6e,0x5f,0x73,0x74,
        0x72,0x69,0x64,0x65,0x5f,0x6e,0xa7,0x2e,0x6f,0x66,0x66,0x73,0x65,0x74,0x40,0xa5,
        0x2e,0x73,0x69,0x7a,0x65,0x04,0xab,0x2e,0x76,0x61,0x6c,0x75,0x65,0x5f,0x6b,0x69,
        0x6e,0x64,0xa8,0x62,0x79,0x5f,0x76,0x61,0x6c,0x75,0x65,0xab,0x2e,0x76,0x61,0x6c,
        0x75,0x65,0x5f,0x74,0x79,0x70,0x65,0xa3,0x69,0x33,0x32,0x85,0xa5,0x2e,0x6e,0x61,
        0x6d,0x65,0xab,0x69,0x6e,0x5f,0x73,0x74,0x72,0x69,0x64,0x65,0x5f,0x63,0xa7,0x2e,
        0x6f,0x66,0x66,0x73,0x65,0x74,0x44,0xa5,0x2e,0x73,0x69,0x7a,0x65,0x04,0xab,0x2e,
        0x76,0x61,0x6c,0x75,0x65,0x5f,0x6b,0x69,0x6e,0x64,0xa8,0x62,0x79,0x5f,0x76,0x61,
        0x6c,0x75,0x65,0xab,0x2e,0x76,0x61,0x6c,0x75,0x65,0x5f,0x74,0x79,0x70,0x65,0xa3,
        0x69,0x33,0x32,0x85,0xa5,0x2e,0x6e,0x61,0x6d,0x65,0xab,0x69,0x6e,0x5f,0x73,0x74,
        0x72,0x69,0x64,0x65,0x5f,0x68,0xa7,0x2e,0x6f,0x66,0x66,0x73,0x65,0x74,0x48,0xa5,
        0x2e,0x73,0x69,0x7a,0x65,0x04,0xab,0x2e,0x76,0x61,0x6c,0x75,0x65,0x5f,0x6b,0x69,
        0x6e,0x64,0xa8,0x62,0x79,0x5f,0x76,0x61,0x6c,0x75,0x65,0xab,0x2e,0x76,0x61,0x6c,
        0x75,0x65,0x5f,0x74,0x79,0x70,0x65,0xa3,0x69,0x33,0x32,0x85,0xa5,0x2e,0x6e,0x61,
        0x6d,0x65,0xab,0x69,0x6e,0x5f,0x73,0x74,0x72,0x69,0x64,0x65,0x5f,0x77,0xa7,0x2e,
        0x6f,0x66,0x66,0x73,0x65,0x74,0x4c,0xa5,0x2e,0x73,0x69,0x7a,0x65,0x04,0xab,0x2e,
        0x76,0x61,0x6c,0x75,0x65,0x5f,0x6b,0x69,0x6e,0x64,0xa8,0x62,0x79,0x5f,0x76,0x61,
        0x6c,0x75,0x65,0xab,0x2e,0x76,0x61,0x6c,0x75,0x65,0x5f,0x74,0x79,0x70,0x65,0xa3,
        0x69,0x33,0x32,0x85,0xa5,0x2e,0x6e,0x61,0x6d,0x65,0xac,0x6f,0x75,0x74,0x5f,0x73,
        0x74,0x72,0x69,0x64,0x65,0x5f,0x6e,0xa7,0x2e,0x6f,0x66,0x66,0x73,0x65,0x74,0x50,
        0xa5,0x2e,0x73,0x69,0x7a,0x65,0x04,0xab,0x2e,0x76,0x61,0x6c,0x75,0x65,0x5f,0x6b,
        0x69,0x6e,0x64,0xa8,0x62,0x79,0x5f,0x76,0x61,0x6c,0x75,0x65,0xab,0x2e,0x76,0x61,
        0x6c,0x75,0x65,0x5f,0x74,0x79,0x70,0x65,0xa3,0x69,0x33,0x32,0x85,0xa5,0x2e,0x6e,
        0x61,0x6d,0x65,0xac,0x6f,0x75,0x74,0x5f,0x73,0x74,0x72,0x69,0x64,0x65,0x5f,0x6b,
        0xa7,0x2e,0x6f,0x66,0x66,0x73,0x65,0x74,0x54,0xa5,0x2e,0x73,0x69,0x7a,0x65,0x04,
        0xab,0x2e,0x76,0x61,0x6c,0x75,0x65,0x5f,0x6b,0x69,0x6e,0x64,0xa8,0x62,0x79,0x5f,
        0x76,0x61,0x6c,0x75,0x65,0xab,0x2e,0x76,0x61,0x6c,0x75,0x65,0x5f,0x74,0x79,0x70,
        0x65,0xa3,0x69,0x33,0x32,0x85,0xa5,0x2e,0x6e,0x61,0x6d,0x65,0xac,0x6f,0x75,0x74,
        0x5f,0x73,0x74,0x72,0x69,0x64,0x65,0x5f,0x68,0xa7,0x2e,0x6f,0x66,0x66,0x73,0x65,
        0x74,0x58,0xa5,0x2e,0x73,0x69,0x7a,0x65,0x04,0xab,0x2e,0x76,0x61,0x6c,0x75,0x65,
        0x5f,0x6b,0x69,0x6e,0x64,0xa8,0x62,0x79,0x5f,0x76,0x61,0x6c,0x75,0x65,0xab,0x2e,
        0x76,0x61,0x6c,0x75,0x65,0x5f,0x74,0x79,0x70,0x65,0xa3,0x69,0x33,0x32,0x85,0xa5,
        0x2e,0x6e,0x61,0x6d,0x65,0xac,0x6f,0x75,0x74,0x5f,0x73,0x74,0x72,0x69,0x64,0x65,
        0x5f,0x77,0xa7,0x2e,0x6f,0x66,0x66,0x73,0x65,0x74,0x5c,0xa5,0x2e,0x73,0x69,0x7a,
        0x65,0x04,0xab,0x2e,0x76,0x61,0x6c,0x75,0x65,0x5f,0x6b,0x69,0x6e,0x64,0xa8,0x62,
        0x79,0x5f,0x76,0x61,0x6c,0x75,0x65,0xab,0x2e,0x76,0x61,0x6c,0x75,0x65,0x5f,0x74,
        0x79,0x70,0x65,0xa3,0x69,0x33,0x32,0x85,0xa5,0x2e,0x6e,0x61,0x6d,0x65,0xa9,0x73,
        0x74,0x72,0x69,0x64,0x65,0x5f,0x68,0x77,0xa7,0x2e,0x6f,0x66,0x66,0x73,0x65,0x74,
        0x60,0xa5,0x2e,0x73,0x69,0x7a,0x65,0x04,0xab,0x2e,0x76,0x61,0x6c,0x75,0x65,0x5f,
        0x6b,0x69,0x6e,0x64,0xa8,0x62,0x79,0x5f,0x76,0x61,0x6c,0x75,0x65,0xab,0x2e,0x76,
        0x61,0x6c,0x75,0x65,0x5f,0x74,0x79,0x70,0x65,0xa3,0x69,0x33,0x32,0x85,0xa5,0x2e,
        0x6e,0x61,0x6d,0x65,0xab,0x64,0x69,0x6c,0x61,0x74,0x69,0x6f,0x6e,0x5f,0x68,0x77,
        0xa7,0x2e,0x6f,0x66,0x66,0x73,0x65,0x74,0x64,0xa5,0x2e,0x73,0x69,0x7a,0x65,0x04,
        0xab,0x2e,0x76,0x61,0x6c,0x75,0x65,0x5f,0x6b,0x69,0x6e,0x64,0xa8,0x62,0x79,0x5f,
        0x76,0x61,0x6c,0x75,0x65,0xab,0x2e,0x76,0x61,0x6c,0x75,0x65,0x5f,0x74,0x79,0x70,
        0x65,0xa3,0x69,0x33,0x32,0x85,0xa5,0x2e,0x6e,0x61,0x6d,0x65,0xa6,0x70,0x61,0x64,
        0x5f,0x68,0x77,0xa7,0x2e,0x6f,0x66,0x66,0x73,0x65,0x74,0x68,0xa5,0x2e,0x73,0x69,
        0x7a,0x65,0x04,0xab,0x2e,0x76,0x61,0x6c,0x75,0x65,0x5f,0x6b,0x69,0x6e,0x64,0xa8,
        0x62,0x79,0x5f,0x76,0x61,0x6c,0x75,0x65,0xab,0x2e,0x76,0x61,0x6c,0x75,0x65,0x5f,
        0x74,0x79,0x70,0x65,0xa3,0x69,0x33,0x32,0x85,0xa5,0x2e,0x6e,0x61,0x6d,0x65,0xa6,
        0x77,0x65,0x69,0x5f,0x68,0x77,0xa7,0x2e,0x6f,0x66,0x66,0x73,0x65,0x74,0x6c,0xa5,
        0x2e,0x73,0x69,0x7a,0x65,0x04,0xab,0x2e,0x76,0x61,0x6c,0x75,0x65,0x5f,0x6b,0x69,
        0x6e,0x64,0xa8,0x62,0x79,0x5f,0x76,0x61,0x6c,0x75,0x65,0xab,0x2e,0x76,0x61,0x6c,
        0x75,0x65,0x5f,0x74,0x79,0x70,0x65,0xa3,0x69,0x33,0x32,0x85,0xa5,0x2e,0x6e,0x61,
        0x6d,0x65,0xac,0x6d,0x6f,0x76,0x65,0x5f,0x73,0x6c,0x69,0x63,0x65,0x5f,0x6b,0xa7,
        0x2e,0x6f,0x66,0x66,0x73,0x65,0x74,0x70,0xa5,0x2e,0x73,0x69,0x7a,0x65,0x04,0xab,
        0x2e,0x76,0x61,0x6c,0x75,0x65,0x5f,0x6b,0x69,0x6e,0x64,0xa8,0x62,0x79,0x5f,0x76,
        0x61,0x6c,0x75,0x65,0xab,0x2e,0x76,0x61,0x6c,0x75,0x65,0x5f,0x74,0x79,0x70,0x65,
        0xa3,0x69,0x33,0x32,0x85,0xa5,0x2e,0x6e,0x61,0x6d,0x65,0xa7,0x6d,0x61,0x67,0x69,
        0x63,0x5f,0x30,0xa7,0x2e,0x6f,0x66,0x66,0x73,0x65,0x74,0x74,0xa5,0x2e,0x73,0x69,
        0x7a,0x65,0x04,0xab,0x2e,0x76,0x61,0x6c,0x75,0x65,0x5f,0x6b,0x69,0x6e,0x64,0xa8,
        0x62,0x79,0x5f,0x76,0x61,0x6c,0x75,0x65,0xab,0x2e,0x76,0x61,0x6c,0x75,0x65,0x5f,
        0x74,0x79,0x70,0x65,0xa3,0x69,0x33,0x32,0x85,0xa5,0x2e,0x6e,0x61,0x6d,0x65,0xa7,
        0x6d,0x61,0x67,0x69,0x63,0x5f,0x31,0xa7,0x2e,0x6f,0x66,0x66,0x73,0x65,0x74,0x78,
        0xa5,0x2e,0x73,0x69,0x7a,0x65,0x04,0xab,0x2e,0x76,0x61,0x6c,0x75,0x65,0x5f,0x6b,
        0x69,0x6e,0x64,0xa8,0x62,0x79,0x5f,0x76,0x61,0x6c,0x75,0x65,0xab,0x2e,0x76,0x61,
        0x6c,0x75,0x65,0x5f,0x74,0x79,0x70,0x65,0xa3,0x69,0x33,0x32,0x85,0xa5,0x2e,0x6e,
        0x61,0x6d,0x65,0xa7,0x6d,0x61,0x67,0x69,0x63,0x5f,0x32,0xa7,0x2e,0x6f,0x66,0x66,
        0x73,0x65,0x74,0x7c,0xa5,0x2e,0x73,0x69,0x7a,0x65,0x04,0xab,0x2e,0x76,0x61,0x6c,
        0x75,0x65,0x5f,0x6b,0x69,0x6e,0x64,0xa8,0x62,0x79,0x5f,0x76,0x61,0x6c,0x75,0x65,
        0xab,0x2e,0x76,0x61,0x6c,0x75,0x65,0x5f,0x74,0x79,0x70,0x65,0xa3,0x69,0x33,0x32,
        0x85,0xa5,0x2e,0x6e,0x61,0x6d,0x65,0xa7,0x6d,0x61,0x67,0x69,0x63,0x5f,0x33,0xa7,
        0x2e,0x6f,0x66,0x66,0x73,0x65,0x74,0xcc,0x80,0xa5,0x2e,0x73,0x69,0x7a,0x65,0x04,
        0xab,0x2e,0x76,0x61,0x6c,0x75,0x65,0x5f,0x6b,0x69,0x6e,0x64,0xa8,0x62,0x79,0x5f,
        0x76,0x61,0x6c,0x75,0x65,0xab,0x2e,0x76,0x61,0x6c,0x75,0x65,0x5f,0x74,0x79,0x70,
        0x65,0xa3,0x69,0x33,0x32,0x85,0xa5,0x2e,0x6e,0x61,0x6d,0x65,0xa7,0x6d,0x61,0x67,
        0x69,0x63,0x5f,0x34,0xa7,0x2e,0x6f,0x66,0x66,0x73,0x65,0x74,0xcc,0x84,0xa5,0x2e,
        0x73,0x69,0x7a,0x65,0x04,0xab,0x2e,0x76,0x61,0x6c,0x75,0x65,0x5f,0x6b,0x69,0x6e,
        0x64,0xa8,0x62,0x79,0x5f,0x76,0x61,0x6c,0x75,0x65,0xab,0x2e,0x76,0x61,0x6c,0x75,
        0x65,0x5f,0x74,0x79,0x70,0x65,0xa3,0x69,0x33,0x32,0x85,0xa5,0x2e,0x6e,0x61,0x6d,
        0x65,0xa7,0x6d,0x61,0x67,0x69,0x63,0x5f,0x35,0xa7,0x2e,0x6f,0x66,0x66,0x73,0x65,
        0x74,0xcc,0x88,0xa5,0x2e,0x73,0x69,0x7a,0x65,0x04,0xab,0x2e,0x76,0x61,0x6c,0x75,
        0x65,0x5f,0x6b,0x69,0x6e,0x64,0xa8,0x62,0x79,0x5f,0x76,0x61,0x6c,0x75,0x65,0xab,
        0x2e,0x76,0x61,0x6c,0x75,0x65,0x5f,0x74,0x79,0x70,0x65,0xa3,0x69,0x33,0x32,0x85,
        0xa5,0x2e,0x6e,0x61,0x6d,0x65,0xac,0x73,0x68,0x69,0x66,0x74,0x5f,0x70,0x61,0x63,
        0x6b,0x5f,0x30,0xa7,0x2e,0x6f,0x66,0x66,0x73,0x65,0x74,0xcc,0x8c,0xa5,0x2e,0x73,
        0x69,0x7a,0x65,0x04,0xab,0x2e,0x76,0x61,0x6c,0x75,0x65,0x5f,0x6b,0x69,0x6e,0x64,
        0xa8,0x62,0x79,0x5f,0x76,0x61,0x6c,0x75,0x65,0xab,0x2e,0x76,0x61,0x6c,0x75,0x65,
        0x5f,0x74,0x79,0x70,0x65,0xa3,0x69,0x33,0x32,0x85,0xa5,0x2e,0x6e,0x61,0x6d,0x65,
        0xac,0x73,0x68,0x69,0x66,0x74,0x5f,0x70,0x61,0x63,0x6b,0x5f,0x31,0xa7,0x2e,0x6f,
        0x66,0x66,0x73,0x65,0x74,0xcc,0x90,0xa5,0x2e,0x73,0x69,0x7a,0x65,0x04,0xab,0x2e,
        0x76,0x61,0x6c,0x75,0x65,0x5f,0x6b,0x69,0x6e,0x64,0xa8,0x62,0x79,0x5f,0x76,0x61,
        0x6c,0x75,0x65,0xab,0x2e,0x76,0x61,0x6c,0x75,0x65,0x5f,0x74,0x79,0x70,0x65,0xa3,
        0x69,0x33,0x32,0xb9,0x2e,0x67,0x72,0x6f,0x75,0x70,0x5f,0x73,0x65,0x67,0x6d,0x65,
        0x6e,0x74,0x5f,0x66,0x69,0x78,0x65,0x64,0x5f,0x73,0x69,0x7a,0x65,0xcd,0x28,0x00,
        0xb6,0x2e,0x6b,0x65,0x72,0x6e,0x61,0x72,0x67,0x5f,0x73,0x65,0x67,0x6d,0x65,0x6e,
        0x74,0x5f,0x61,0x6c,0x69,0x67,0x6e,0x08,0xb5,0x2e,0x6b,0x65,0x72,0x6e,0x61,0x72,
        0x67,0x5f,0x73,0x65,0x67,0x6d,0x65,0x6e,0x74,0x5f,0x73,0x69,0x7a,0x65,0xcc,0x98,
        0xb8,0x2e,0x6d,0x61,0x78,0x5f,0x66,0x6c,0x61,0x74,0x5f,0x77,0x6f,0x72,0x6b,0x67,
        0x72,0x6f,0x75,0x70,0x5f,0x73,0x69,0x7a,0x65,0xcc,0x80,0xa5,0x2e,0x6e,0x61,0x6d,
        0x65,0xd9,0x6a,0x63,0x6f,0x6e,0x76,0x5f,0x66,0x77,0x64,0x5f,0x72,0x65,0x6c,0x75,
        0x5f,0x62,0x69,0x61,0x73,0x5f,0x67,0x74,0x63,0x77,0x33,0x5f,0x6e,0x68,0x77,0x63,
        0x5f,0x66,0x70,0x31,0x36,0x78,0x38,0x5f,0x65,0x78,0x31,0x5f,0x62,0x74,0x33,0x32,
        0x78,0x31,0x32,0x38,0x78,0x33,0x32,0x5f,0x77,0x72,0x32,0x78,0x32,0x5f,0x77,0x6e,
        0x31,0x78,0x34,0x5f,0x74,0x61,0x31,0x78,0x38,0x78,0x31,0x78,0x31,0x5f,0x31,0x78,
        0x34,0x78,0x31,0x78,0x33,0x32,0x5f,0x74,0x62,0x31,0x78,0x38,0x78,0x34,0x78,0x31,
        0x5f,0x31,0x78,0x34,0x78,0x31,0x78,0x33,0x32,0x5f,0x6d,0x62,0x30,0xbb,0x2e,0x70,
        0x72,0x69,0x76,0x61,0x74,0x65,0x5f,0x73,0x65,0x67,0x6d,0x65,0x6e,0x74,0x5f,0x66,
        0x69,0x78,0x65,0x64,0x5f,0x73,0x69,0x7a,0x65,0x00,0xb4,0x2e,0x72,0x65,0x71,0x64,
        0x5f,0x77,0x6f,0x72,0x6b,0x67,0x72,0x6f,0x75,0x70,0x5f,0x73,0x69,0x7a,0x65,0x93,
        0xcc,0x80,0x01,0x01,0xab,0x2e,0x73,0x67,0x70,0x72,0x5f,0x63,0x6f,0x75,0x6e,0x74,
        0x56,0xa7,0x2e,0x73,0x79,0x6d,0x62,0x6f,0x6c,0xd9,0x6d,0x63,0x6f,0x6e,0x76,0x5f,
        0x66,0x77,0x64,0x5f,0x72,0x65,0x6c,0x75,0x5f,0x62,0x69,0x61,0x73,0x5f,0x67,0x74,
        0x63,0x77,0x33,0x5f,0x6e,0x68,0x77,0x63,0x5f,0x66,0x70,0x31,0x36,0x78,0x38,0x5f,
        0x65,0x78,0x31,0x5f,0x62,0x74,0x33,0x32,0x78,0x31,0x32,0x38,0x78,0x33,0x32,0x5f,
        0x77,0x72,0x32,0x78,0x32,0x5f,0x77,0x6e,0x31,0x78,0x34,0x5f,0x74,0x61,0x31,0x78,
        0x38,0x78,0x31,0x78,0x31,0x5f,0x31,0x78,0x34,0x78,0x31,0x78,0x33,0x32,0x5f,0x74,
        0x62,0x31,0x78,0x38,0x78,0x34,0x78,0x31,0x5f,0x31,0x78,0x34,0x78,0x31,0x78,0x33,
        0x32,0x5f,0x6d,0x62,0x30,0x2e,0x6b,0x64,0xab,0x2e,0x76,0x67,0x70,0x72,0x5f,0x63,
        0x6f,0x75,0x6e,0x74,0x7e,0xaf,0x2e,0x77,0x61,0x76,0x65,0x66,0x72,0x6f,0x6e,0x74,
        0x5f,0x73,0x69,0x7a,0x65,0x20,0xae,0x61,0x6d,0x64,0x68,0x73,0x61,0x2e,0x76,0x65,
        0x72,0x73,0x69,0x6f,0x6e,0x92,0x01,0x00,0x00,0x00,0x00,0x00,0x00,0x00,0x00,0x00,
        0x00,0x00,0x00,0x00,0x00,0x00,0x00,0x00,0x00,0x00,0x00,0x00,0x00,0x00,0x00,0x00,
        0x4c,0x05,0x00,0x00,0x00,0x00,0xf1,0xff,0x00,0x00,0x00,0x00,0x00,0x00,0x00,0x00,
        0x00,0x00,0x00,0x00,0x00,0x00,0x00,0x00,0xf4,0x05,0x00,0x00,0x00,0x00,0xf1,0xff,
        0x21,0x00,0x00,0x00,0x00,0x00,0x00,0x00,0x00,0x00,0x00,0x00,0x00,0x00,0x00,0x00,
        0xd6,0x05,0x00,0x00,0x00,0x00,0xf1,0xff,0x32,0x00,0x00,0x00,0x00,0x00,0x00,0x00,
        0x00,0x00,0x00,0x00,0x00,0x00,0x00,0x00,0xf8,0x05,0x00,0x00,0x00,0x00,0xf1,0xff,
        0x43,0x00,0x00,0x00,0x00,0x00,0x00,0x00,0x00,0x00,0x00,0x00,0x00,0x00,0x00,0x00,
        0xda,0x05,0x00,0x00,0x00,0x00,0xf1,0xff,0x47,0x00,0x00,0x00,0x00,0x00,0x00,0x00,
        0x00,0x00,0x00,0x00,0x00,0x00,0x00,0x00,0xd2,0x01,0x00,0x00,0x00,0x00,0xf1,0xff,
        0x57,0x00,0x00,0x00,0x00,0x00,0x00,0x00,0x00,0x00,0x00,0x00,0x00,0x00,0x00,0x00,
        0xdd,0x01,0x00,0x00,0x00,0x00,0xf1,0xff,0x58,0x00,0x00,0x00,0x00,0x00,0x00,0x00,
        0x00,0x00,0x00,0x00,0x00,0x00,0x00,0x00,0xbc,0x01,0x00,0x00,0x00,0x00,0xf1,0xff,
        0x59,0x00,0x00,0x00,0x00,0x00,0x00,0x00,0x00,0x00,0x00,0x00,0x00,0x00,0x00,0x00,
        0xc7,0x01,0x00,0x00,0x00,0x00,0xf1,0xff,0x5a,0x00,0x00,0x00,0x00,0x00,0x00,0x00,
        0x00,0x00,0x00,0x00,0x00,0x00,0x00,0x00,0x9d,0x01,0x00,0x00,0x00,0x00,0xf1,0xff,
        0x5b,0x00,0x00,0x00,0x00,0x00,0x00,0x00,0x00,0x00,0x00,0x00,0x00,0x00,0x00,0x00,
        0x03,0x01,0x00,0x00,0x00,0x00,0xf1,0xff,0x5f,0x00,0x00,0x00,0x00,0x00,0x00,0x00,
        0x00,0x00,0x00,0x00,0x00,0x00,0x00,0x00,0x24,0x04,0x00,0x00,0x00,0x00,0xf1,0xff,
        0x63,0x00,0x00,0x00,0x00,0x00,0x00,0x00,0x00,0x00,0x00,0x00,0x00,0x00,0x00,0x00,
        0x84,0x02,0x00,0x00,0x00,0x00,0xf1,0xff,0x67,0x00,0x00,0x00,0x00,0x00,0x00,0x00,
        0x00,0x00,0x00,0x00,0x00,0x00,0x00,0x00,0xa5,0x01,0x00,0x00,0x00,0x00,0xf1,0xff,
        0x68,0x00,0x00,0x00,0x00,0x00,0x00,0x00,0x00,0x00,0x00,0x00,0x00,0x00,0x00,0x00,
        0x43,0x05,0x00,0x00,0x00,0x00,0xf1,0xff,0x69,0x00,0x00,0x00,0x00,0x00,0x00,0x00,
        0x00,0x00,0x00,0x00,0x00,0x00,0x00,0x00,0x4e,0x04,0x00,0x00,0x00,0x00,0xf1,0xff,
        0x6a,0x00,0x00,0x00,0x00,0x00,0x00,0x00,0x00,0x00,0x00,0x00,0x00,0x00,0x00,0x00,
        0x06,0x00,0x00,0x00,0x00,0x00,0xf1,0xff,0x6b,0x00,0x00,0x00,0x00,0x00,0x00,0x00,
        0x00,0x00,0x00,0x00,0x00,0x00,0x00,0x00,0x29,0x00,0x00,0x00,0x00,0x00,0xf1,0xff,
        0x6c,0x00,0x00,0x00,0x00,0x00,0x00,0x00,0x00,0x00,0x00,0x00,0x00,0x00,0x00,0x00,
        0xad,0x05,0x00,0x00,0x00,0x00,0xf1,0xff,0x6d,0x00,0x00,0x00,0x00,0x00,0x00,0x00,
        0x00,0x00,0x00,0x00,0x00,0x00,0x00,0x00,0x6e,0x02,0x00,0x00,0x00,0x00,0xf1,0xff,
        0x6e,0x00,0x00,0x00,0x00,0x00,0x00,0x00,0x00,0x00,0x00,0x00,0x00,0x00,0x00,0x00,
        0xc7,0x02,0x00,0x00,0x00,0x00,0xf1,0xff,0x6f,0x00,0x00,0x00,0x00,0x00,0x00,0x00,
        0x00,0x00,0x00,0x00,0x00,0x00,0x00,0x00,0xfa,0x00,0x00,0x00,0x00,0x00,0xf1,0xff,
        0x6e,0x00,0x00,0x00,0x00,0x00,0x00,0x00,0x00,0x00,0x00,0x00,0x00,0x00,0x00,0x00,
        0xcc,0x04,0x00,0x00,0x00,0x00,0xf1,0xff,0x70,0x00,0x00,0x00,0x00,0x00,0x00,0x00,
        0x00,0x00,0x00,0x00,0x00,0x00,0x00,0x00,0x76,0x02,0x00,0x00,0x00,0x00,0xf1,0xff,
        0x71,0x00,0x00,0x00,0x00,0x00,0x00,0x00,0x00,0x00,0x00,0x00,0x00,0x00,0x00,0x00,
        0xb4,0x02,0x00,0x00,0x00,0x00,0xf1,0xff,0x72,0x00,0x00,0x00,0x00,0x00,0x00,0x00,
        0x00,0x00,0x00,0x00,0x00,0x00,0x00,0x00,0xdf,0x02,0x00,0x00,0x00,0x00,0xf1,0xff,
        0x6e,0x00,0x00,0x00,0x00,0x00,0x00,0x00,0x00,0x00,0x00,0x00,0x00,0x00,0x00,0x00,
        0xbe,0x02,0x00,0x00,0x00,0x00,0xf1,0xff,0x72,0x00,0x00,0x00,0x00,0x00,0x00,0x00,
        0x00,0x00,0x00,0x00,0x00,0x00,0x00,0x00,0x07,0x03,0x00,0x00,0x00,0x00,0xf1,0xff,
        0x70,0x00,0x00,0x00,0x00,0x00,0x00,0x00,0x00,0x00,0x00,0x00,0x00,0x00,0x00,0x00,
        0xa3,0x05,0x00,0x00,0x00,0x00,0xf1,0xff,0x6d,0x00,0x00,0x00,0x00,0x00,0x00,0x00,
        0x00,0x00,0x00,0x00,0x00,0x00,0x00,0x00,0x19,0x04,0x00,0x00,0x00,0x00,0xf1,0xff,
        0x6f,0x00,0x00,0x00,0x00,0x00,0x00,0x00,0x00,0x00,0x00,0x00,0x00,0x00,0x00,0x00,
        0x5e,0x02,0x00,0x00,0x00,0x00,0xf1,0xff,0x57,0x00,0x00,0x00,0x00,0x00,0x00,0x00,
        0x00,0x00,0x00,0x00,0x00,0x00,0x00,0x00,0x44,0x02,0x00,0x00,0x00,0x00,0xf1,0xff,
        0x58,0x00,0x00,0x00,0x00,0x00,0x00,0x00,0x00,0x00,0x00,0x00,0x00,0x00,0x00,0x00,
        0x20,0x02,0x00,0x00,0x00,0x00,0xf1,0xff,0x59,0x00,0x00,0x00,0x00,0x00,0x00,0x00,
        0x00,0x00,0x00,0x00,0x00,0x00,0x00,0x00,0x94,0x01,0x00,0x00,0x00,0x00,0xf1,0xff,
        0x5b,0x00,0x00,0x00,0x00,0x00,0x00,0x00,0x00,0x00,0x00,0x00,0x00,0x00,0x00,0x00,
        0x60,0x00,0x00,0x00,0x00,0x00,0xf1,0xff,0x6a,0x00,0x00,0x00,0x00,0x00,0x00,0x00,
        0x00,0x00,0x00,0x00,0x00,0x00,0x00,0x00,0x83,0x05,0x00,0x00,0x00,0x00,0xf1,0xff,
        0x6d,0x00,0x00,0x00,0x00,0x00,0x00,0x00,0x00,0x00,0x00,0x00,0x00,0x00,0x00,0x00,
        0x3b,0x04,0x00,0x00,0x00,0x00,0xf1,0xff,0x73,0x00,0x00,0x00,0x00,0x00,0x00,0x00,
        0x00,0x00,0x00,0x00,0x00,0x00,0x00,0x00,0x14,0x02,0x00,0x00,0x00,0x00,0xf1,0xff,
        0x76,0x00,0x00,0x00,0x00,0x00,0x00,0x00,0x00,0x00,0x00,0x00,0x00,0x00,0x00,0x00,
        0xef,0x05,0x00,0x00,0x00,0x00,0xf1,0xff,0x00,0x00,0x00,0x00,0x00,0x00,0x00,0x00,
        0x00,0x00,0x00,0x00,0x00,0x00,0x00,0x00,0x32,0x00,0x00,0x00,0x00,0x00,0xf1,0xff,
        0x02,0x00,0x00,0x00,0x00,0x00,0x00,0x00,0x00,0x00,0x00,0x00,0x00,0x00,0x00,0x00,
        0x0f,0x00,0x00,0x00,0x00,0x00,0xf1,0xff,0x03,0x00,0x00,0x00,0x00,0x00,0x00,0x00,
        0x00,0x00,0x00,0x00,0x00,0x00,0x00,0x00,0x01,0x00,0x00,0x00,0x00,0x00,0xf1,0xff,
        0x04,0x00,0x00,0x00,0x00,0x00,0x00,0x00,0x00,0x00,0x00,0x00,0x00,0x00,0x00,0x00,
        0xad,0x02,0x00,0x00,0x00,0x00,0xf1,0xff,0x05,0x00,0x00,0x00,0x00,0x00,0x00,0x00,
        0x00,0x00,0x00,0x00,0x00,0x00,0x00,0x00,0xf1,0x01,0x00,0x00,0x00,0x00,0xf1,0xff,
        0x06,0x00,0x00,0x00,0x00,0x00,0x00,0x00,0x00,0x00,0x00,0x00,0x00,0x00,0x00,0x00,
        0x32,0x04,0x00,0x00,0x00,0x00,0xf1,0xff,0x07,0x00,0x00,0x00,0x00,0x00,0x00,0x00,
        0x00,0x00,0x00,0x00,0x00,0x00,0x00,0x00,0x46,0x03,0x00,0x00,0x00,0x00,0xf1,0xff,
        0x08,0x00,0x00,0x00,0x00,0x00,0x00,0x00,0x00,0x00,0x00,0x00,0x00,0x00,0x00,0x00,
        0x41,0x03,0x00,0x00,0x00,0x00,0xf1,0xff,0x09,0x00,0x00,0x00,0x00,0x00,0x00,0x00,
        0x00,0x00,0x00,0x00,0x00,0x00,0x00,0x00,0x80,0x02,0x00,0x00,0x00,0x00,0xf1,0xff,
        0x0a,0x00,0x00,0x00,0x00,0x00,0x00,0x00,0x00,0x00,0x00,0x00,0x00,0x00,0x00,0x00,
        0xe6,0x02,0x00,0x00,0x00,0x00,0xf1,0xff,0x0b,0x00,0x00,0x00,0x00,0x00,0x00,0x00,
        0x00,0x00,0x00,0x00,0x00,0x00,0x00,0x00,0x50,0x05,0x00,0x00,0x00,0x00,0xf1,0xff,
        0x0c,0x00,0x00,0x00,0x00,0x00,0x00,0x00,0x00,0x00,0x00,0x00,0x00,0x00,0x00,0x00,
        0x2e,0x04,0x00,0x00,0x00,0x00,0xf1,0xff,0x0d,0x00,0x00,0x00,0x00,0x00,0x00,0x00,
        0x00,0x00,0x00,0x00,0x00,0x00,0x00,0x00,0x59,0x02,0x00,0x00,0x00,0x00,0xf1,0xff,
        0x0e,0x00,0x00,0x00,0x00,0x00,0x00,0x00,0x00,0x00,0x00,0x00,0x00,0x00,0x00,0x00,
        0x35,0x02,0x00,0x00,0x00,0x00,0xf1,0xff,0x0f,0x00,0x00,0x00,0x00,0x00,0x00,0x00,
        0x00,0x00,0x00,0x00,0x00,0x00,0x00,0x00,0x9f,0x02,0x00,0x00,0x00,0x00,0xf1,0xff,
        0x10,0x00,0x00,0x00,0x00,0x00,0x00,0x00,0x00,0x00,0x00,0x00,0x00,0x00,0x00,0x00,
        0x75,0x05,0x00,0x00,0x00,0x00,0xf1,0xff,0x11,0x00,0x00,0x00,0x00,0x00,0x00,0x00,
        0x00,0x00,0x00,0x00,0x00,0x00,0x00,0x00,0x89,0x03,0x00,0x00,0x00,0x00,0xf1,0xff,
        0x12,0x00,0x00,0x00,0x00,0x00,0x00,0x00,0x00,0x00,0x00,0x00,0x00,0x00,0x00,0x00,
        0xd6,0x00,0x00,0x00,0x00,0x00,0xf1,0xff,0x13,0x00,0x00,0x00,0x00,0x00,0x00,0x00,
        0x00,0x00,0x00,0x00,0x00,0x00,0x00,0x00,0x90,0x02,0x00,0x00,0x00,0x00,0xf1,0xff,
        0x14,0x00,0x00,0x00,0x00,0x00,0x00,0x00,0x00,0x00,0x00,0x00,0x00,0x00,0x00,0x00,
        0x14,0x03,0x00,0x00,0x00,0x00,0xf1,0xff,0x15,0x00,0x00,0x00,0x00,0x00,0x00,0x00,
        0x00,0x00,0x00,0x00,0x00,0x00,0x00,0x00,0x6f,0x03,0x00,0x00,0x00,0x00,0xf1,0xff,
        0x16,0x00,0x00,0x00,0x00,0x00,0x00,0x00,0x00,0x00,0x00,0x00,0x00,0x00,0x00,0x00,
        0xbc,0x00,0x00,0x00,0x00,0x00,0xf1,0xff,0x17,0x00,0x00,0x00,0x00,0x00,0x00,0x00,
        0x00,0x00,0x00,0x00,0x00,0x00,0x00,0x00,0x8b,0x00,0x00,0x00,0x00,0x00,0xf1,0xff,
        0x18,0x00,0x00,0x00,0x00,0x00,0x00,0x00,0x00,0x00,0x00,0x00,0x00,0x00,0x00,0x00,
        0x74,0x00,0x00,0x00,0x00,0x00,0xf1,0xff,0x19,0x00,0x00,0x00,0x00,0x00,0x00,0x00,
        0x00,0x00,0x00,0x00,0x00,0x00,0x00,0x00,0x97,0x00,0x00,0x00,0x00,0x00,0xf1,0xff,
        0x1a,0x00,0x00,0x00,0x00,0x00,0x00,0x00,0x00,0x00,0x00,0x00,0x00,0x00,0x00,0x00,
        0x82,0x00,0x00,0x00,0x00,0x00,0xf1,0xff,0x1b,0x00,0x00,0x00,0x00,0x00,0x00,0x00,
        0x00,0x00,0x00,0x00,0x00,0x00,0x00,0x00,0x67,0x02,0x00,0x00,0x00,0x00,0xf1,0xff,
        0x1c,0x00,0x00,0x00,0x00,0x00,0x00,0x00,0x00,0x00,0x00,0x00,0x00,0x00,0x00,0x00,
        0x4b,0x03,0x00,0x00,0x00,0x00,0xf1,0xff,0x20,0x00,0x00,0x00,0x00,0x00,0x00,0x00,
        0x00,0x00,0x00,0x00,0x00,0x00,0x00,0x00,0xf2,0x00,0x00,0x00,0x00,0x00,0xf1,0xff,
        0x24,0x00,0x00,0x00,0x00,0x00,0x00,0x00,0x00,0x00,0x00,0x00,0x00,0x00,0x00,0x00,
        0xe8,0x01,0x00,0x00,0x00,0x00,0xf1,0xff,0x28,0x00,0x00,0x00,0x00,0x00,0x00,0x00,
        0x00,0x00,0x00,0x00,0x00,0x00,0x00,0x00,0xbb,0x06,0x00,0x00,0x00,0x00,0xf1,0xff,
        0x2c,0x00,0x00,0x00,0x00,0x00,0x00,0x00,0x00,0x00,0x00,0x00,0x00,0x00,0x00,0x00,
        0x37,0x06,0x00,0x00,0x00,0x00,0xf1,0xff,0x2d,0x00,0x00,0x00,0x00,0x00,0x00,0x00,
        0x00,0x00,0x00,0x00,0x00,0x00,0x00,0x00,0x1e,0x06,0x00,0x00,0x00,0x00,0xf1,0xff,
        0x2e,0x00,0x00,0x00,0x00,0x00,0x00,0x00,0x00,0x00,0x00,0x00,0x00,0x00,0x00,0x00,
        0x14,0x06,0x00,0x00,0x00,0x00,0xf1,0xff,0x2f,0x00,0x00,0x00,0x00,0x00,0x00,0x00,
        0x00,0x00,0x00,0x00,0x00,0x00,0x00,0x00,0x0a,0x06,0x00,0x00,0x00,0x00,0xf1,0xff,
        0x30,0x00,0x00,0x00,0x00,0x00,0x00,0x00,0x00,0x00,0x00,0x00,0x00,0x00,0x00,0x00,
        0x00,0x06,0x00,0x00,0x00,0x00,0xf1,0xff,0x31,0x00,0x00,0x00,0x00,0x00,0x00,0x00,
        0x00,0x00,0x00,0x00,0x00,0x00,0x00,0x00,0xac,0x06,0x00,0x00,0x00,0x00,0xf1,0xff,
        0x32,0x00,0x00,0x00,0x00,0x00,0x00,0x00,0x00,0x00,0x00,0x00,0x00,0x00,0x00,0x00,
        0x28,0x06,0x00,0x00,0x00,0x00,0xf1,0xff,0x33,0x00,0x00,0x00,0x00,0x00,0x00,0x00,
        0x00,0x00,0x00,0x00,0x00,0x00,0x00,0x00,0x32,0x03,0x00,0x00,0x00,0x00,0xf1,0xff,
        0x34,0x00,0x00,0x00,0x00,0x00,0x00,0x00,0x00,0x00,0x00,0x00,0x00,0x00,0x00,0x00,
        0x18,0x00,0x00,0x00,0x00,0x00,0xf1,0xff,0x35,0x00,0x00,0x00,0x00,0x00,0x00,0x00,
        0x00,0x00,0x00,0x00,0x00,0x00,0x00,0x00,0x3b,0x00,0x00,0x00,0x00,0x00,0xf1,0xff,
        0x36,0x00,0x00,0x00,0x00,0x00,0x00,0x00,0x00,0x00,0x00,0x00,0x00,0x00,0x00,0x00,
        0x54,0x05,0x00,0x00,0x00,0x00,0xf1,0xff,0x34,0x00,0x00,0x00,0x00,0x00,0x00,0x00,
        0x00,0x00,0x00,0x00,0x00,0x00,0x00,0x00,0x06,0x02,0x00,0x00,0x00,0x00,0xf1,0xff,
        0x37,0x00,0x00,0x00,0x00,0x00,0x00,0x00,0x00,0x00,0x00,0x00,0x00,0x00,0x00,0x00,
        0xf8,0x01,0x00,0x00,0x00,0x00,0xf1,0xff,0x38,0x00,0x00,0x00,0x00,0x00,0x00,0x00,
        0x00,0x00,0x00,0x00,0x00,0x00,0x00,0x00,0x7e,0x03,0x00,0x00,0x00,0x00,0xf1,0xff,
        0x39,0x00,0x00,0x00,0x00,0x00,0x00,0x00,0x00,0x00,0x00,0x00,0x00,0x00,0x00,0x00,
        0xcb,0x00,0x00,0x00,0x00,0x00,0xf1,0xff,0x18,0x00,0x00,0x00,0x00,0x00,0x00,0x00,
        0x00,0x00,0x00,0x00,0x00,0x00,0x00,0x00,0x62,0x03,0x00,0x00,0x00,0x00,0xf1,0xff,
        0x3a,0x00,0x00,0x00,0x00,0x00,0x00,0x00,0x00,0x00,0x00,0x00,0x00,0x00,0x00,0x00,
        0xaf,0x00,0x00,0x00,0x00,0x00,0xf1,0xff,0x19,0x00,0x00,0x00,0x00,0x00,0x00,0x00,
        0x00,0x00,0x00,0x00,0x00,0x00,0x00,0x00,0x97,0x03,0x00,0x00,0x00,0x00,0xf1,0xff,
        0x3b,0x00,0x00,0x00,0x00,0x00,0x00,0x00,0x00,0x00,0x00,0x00,0x00,0x00,0x00,0x00,
        0xe4,0x00,0x00,0x00,0x00,0x00,0xf1,0xff,0x1a,0x00,0x00,0x00,0x00,0x00,0x00,0x00,
        0x00,0x00,0x00,0x00,0x00,0x00,0x00,0x00,0x14,0x00,0x00,0x00,0x00,0x00,0xf1,0xff,
        0x3c,0x00,0x00,0x00,0x00,0x00,0x00,0x00,0x00,0x00,0x00,0x00,0x00,0x00,0x00,0x00,
        0x37,0x00,0x00,0x00,0x00,0x00,0xf1,0xff,0x1b,0x00,0x00,0x00,0x00,0x00,0x00,0x00,
        0x00,0x00,0x00,0x00,0x00,0x00,0x00,0x00,0xd0,0x02,0x00,0x00,0x00,0x00,0xf1,0xff,
        0x3d,0x00,0x00,0x00,0x00,0x00,0x00,0x00,0x00,0x00,0x00,0x00,0x00,0x00,0x00,0x00,
        0xb6,0x05,0x00,0x00,0x00,0x00,0xf1,0xff,0x3e,0x00,0x00,0x00,0x00,0x00,0x00,0x00,
        0x00,0x00,0x00,0x00,0x00,0x00,0x00,0x00,0x23,0x03,0x00,0x00,0x00,0x00,0xf1,0xff,
        0x3f,0x00,0x00,0x00,0x00,0x00,0x00,0x00,0x00,0x00,0x00,0x00,0x00,0x00,0x00,0x00,
        0xea,0x02,0x00,0x00,0x00,0x00,0xf1,0xff,0x40,0x00,0x00,0x00,0x00,0x00,0x00,0x00,
        0x00,0x00,0x00,0x00,0x00,0x00,0x00,0x00,0x4c,0x00,0x00,0x00,0x00,0x00,0xf1,0xff,
        0x41,0x00,0x00,0x00,0x00,0x00,0x00,0x00,0x00,0x00,0x00,0x00,0x00,0x00,0x00,0x00,
        0x93,0x05,0x00,0x00,0x00,0x00,0xf1,0xff,0x1a,0x00,0x00,0x00,0x00,0x00,0x00,0x00,
        0x00,0x00,0x00,0x00,0x00,0x00,0x00,0x00,0x65,0x05,0x00,0x00,0x00,0x00,0xf1,0xff,
        0x3b,0x00,0x00,0x00,0x00,0x00,0x00,0x00,0x00,0x00,0x00,0x00,0x00,0x00,0x00,0x00,
        0x3a,0x02,0x00,0x00,0x00,0x00,0xf1,0xff,0x42,0x00,0x00,0x00,0x00,0x00,0x00,0x00,
        0x00,0x00,0x00,0x00,0x00,0x00,0x00,0x00,0x88,0x01,0x00,0x00,0x00,0x00,0xf1,0xff,
        0x43,0x00,0x00,0x00,0x00,0x00,0x00,0x00,0x00,0x00,0x00,0x00,0x00,0x00,0x00,0x00,
        0xae,0x01,0x00,0x00,0x00,0x00,0xf1,0xff,0x44,0x00,0x00,0x00,0x00,0x00,0x00,0x00,
        0x00,0x00,0x00,0x00,0x00,0x00,0x00,0x00,0xa0,0x00,0x00,0x00,0x00,0x00,0xf1,0xff,
        0x10,0x00,0x00,0x00,0x00,0x00,0x00,0x00,0x00,0x00,0x00,0x00,0x00,0x00,0x00,0x00,
        0x53,0x03,0x00,0x00,0x00,0x00,0xf1,0xff,0x13,0x00,0x00,0x00,0x00,0x00,0x00,0x00,
        0x00,0x00,0x00,0x00,0x00,0x00,0x00,0x00,0x4e,0x02,0x00,0x00,0x00,0x00,0xf1,0xff,
        0x45,0x00,0x00,0x00,0x00,0x00,0x00,0x00,0x00,0x00,0x00,0x00,0x00,0x00,0x00,0x00,
        0x2a,0x02,0x00,0x00,0x00,0x00,0xf1,0xff,0x46,0x00,0x00,0x00,0x00,0x00,0x00,0x00,
        0x00,0x00,0x00,0x00,0x00,0x00,0x00,0x00,0x1a,0x02,0x00,0x00,0x00,0x00,0xf1,0xff,
        0x48,0x00,0x00,0x00,0x00,0x00,0x00,0x00,0x00,0x00,0x00,0x00,0x00,0x00,0x00,0x00,
        0x58,0x04,0x00,0x00,0x00,0x00,0x02,0x00,0x28,0x0f,0x00,0x00,0x00,0x00,0x00,0x00,
        0x00,0x00,0x00,0x00,0x00,0x00,0x00,0x00,0x12,0x01,0x00,0x00,0x00,0x00,0x02,0x00,
        0xfc,0x0b,0x00,0x00,0x00,0x00,0x00,0x00,0x00,0x00,0x00,0x00,0x00,0x00,0x00,0x00,
        0x9f,0x03,0x00,0x00,0x00,0x00,0x02,0x00,0xf0,0x0e,0x00,0x00,0x00,0x00,0x00,0x00,
        0x00,0x00,0x00,0x00,0x00,0x00,0x00,0x00,0x41,0x06,0x00,0x00,0x12,0x03,0x02,0x00,
        0x00,0x00,0x00,0x00,0x00,0x00,0x00,0x00,0x00,0x00,0x00,0x00,0x00,0x00,0x00,0x00,
        0xd5,0x04,0x00,0x00,0x11,0x00,0x03,0x00,0x00,0x00,0x00,0x00,0x00,0x00,0x00,0x00,
        0x40,0x00,0x00,0x00,0x00,0x00,0x00,0x00,0x10,0x00,0x00,0x00,0x00,0x00,0x00,0x00,
        0x05,0x00,0x00,0x00,0x6e,0x00,0x00,0x00,0x10,0x00,0x00,0x00,0x00,0x00,0x00,0x00,
        0x00,0x73,0x5f,0x62,0x7a,0x00,0x76,0x5f,0x67,0x74,0x63,0x5f,0x69,0x79,0x00,0x73,
        0x5f,0x62,0x79,0x00,0x73,0x5f,0x79,0x00,0x73,0x5f,0x6d,0x6f,0x76,0x65,0x5f,0x73,
        0x6c,0x69,0x63,0x65,0x5f,0x6b,0x5f,0x79,0x00,0x76,0x5f,0x67,0x74,0x63,0x5f,0x69,
        0x78,0x00,0x73,0x5f,0x62,0x78,0x00,0x73,0x5f,0x78,0x00,0x73,0x5f,0x6d,0x6f,0x76,
        0x65,0x5f,0x73,0x6c,0x69,0x63,0x65,0x5f,0x6b,0x5f,0x78,0x00,0x73,0x5f,0x64,0x69,
        0x66,0x66,0x5f,0x69,0x6e,0x5f,0x69,0x77,0x69,0x5f,0x6f,0x76,0x66,0x5f,0x78,0x00,
        0x76,0x5f,0x64,0x69,0x66,0x66,0x5f,0x69,0x6e,0x5f,0x69,0x77,0x69,0x5f,0x61,0x63,
        0x63,0x5f,0x78,0x00,0x73,0x5f,0x64,0x69,0x6c,0x61,0x74,0x69,0x6f,0x6e,0x5f,0x68,
        0x77,0x00,0x73,0x5f,0x77,0x65,0x69,0x5f,0x68,0x77,0x00,0x73,0x5f,0x73,0x74,0x72,
        0x69,0x64,0x65,0x5f,0x68,0x77,0x00,0x73,0x5f,0x70,0x61,0x64,0x5f,0x68,0x77,0x00,
        0x73,0x5f,0x78,0x5f,0x64,0x69,0x6c,0x61,0x74,0x69,0x6f,0x6e,0x5f,0x77,0x00,0x73,
        0x5f,0x64,0x69,0x6c,0x61,0x74,0x69,0x6f,0x6e,0x5f,0x77,0x00,0x73,0x5f,0x6f,0x75,
        0x74,0x5f,0x73,0x74,0x72,0x69,0x64,0x65,0x5f,0x77,0x00,0x73,0x5f,0x73,0x74,0x72,
        0x69,0x64,0x65,0x5f,0x77,0x00,0x73,0x5f,0x69,0x6e,0x5f,0x73,0x74,0x72,0x69,0x64,
        0x65,0x5f,0x77,0x00,0x73,0x5f,0x70,0x61,0x64,0x5f,0x77,0x00,0x2e,0x74,0x65,0x78,
        0x74,0x00,0x73,0x5f,0x70,0x5f,0x6f,0x75,0x74,0x00,0x76,0x5f,0x63,0x6f,0x5f,0x73,
        0x73,0x74,0x00,0x76,0x5f,0x69,0x6e,0x5f,0x69,0x5f,0x68,0x77,0x5f,0x6c,0x69,0x73,
        0x74,0x00,0x63,0x6f,0x6e,0x76,0x5f,0x66,0x77,0x64,0x5f,0x72,0x65,0x6c,0x75,0x5f,
        0x62,0x69,0x61,0x73,0x5f,0x67,0x74,0x63,0x77,0x33,0x5f,0x6e,0x68,0x77,0x63,0x5f,
        0x66,0x70,0x31,0x36,0x78,0x38,0x5f,0x65,0x78,0x31,0x5f,0x62,0x74,0x33,0x32,0x78,
        0x31,0x32,0x38,0x78,0x33,0x32,0x5f,0x77,0x72,0x32,0x78,0x32,0x5f,0x77,0x6e,0x31,
        0x78,0x34,0x5f,0x74,0x61,0x31,0x78,0x38,0x78,0x31,0x78,0x31,0x5f,0x31,0x78,0x34,
        0x78,0x31,0x78,0x33,0x32,0x5f,0x74,0x62,0x31,0x78,0x38,0x78,0x34,0x78,0x31,0x5f,
        0x31,0x78,0x34,0x78,0x31,0x78,0x33,0x32,0x5f,0x6d,0x62,0x30,0x5f,0x6c,0x6f,0x6f,
        0x70,0x5f,0x73,0x74,0x61,0x72,0x74,0x00,0x73,0x5f,0x69,0x6e,0x5f,0x6f,0x66,0x66,
        0x73,0x65,0x74,0x00,0x76,0x5f,0x6f,0x75,0x74,0x5f,0x6f,0x73,0x00,0x76,0x5f,0x69,
        0x6e,0x5f,0x6f,0x73,0x00,0x76,0x5f,0x77,0x65,0x69,0x5f,0x6f,0x73,0x00,0x73,0x5f,
        0x77,0x65,0x69,0x5f,0x62,0x61,0x73,0x65,0x5f,0x6f,0x73,0x00,0x76,0x5f,0x73,0x73,
        0x74,0x5f,0x62,0x5f,0x6f,0x73,0x00,0x76,0x5f,0x73,0x6c,0x64,0x5f,0x62,0x5f,0x6f,
        0x73,0x00,0x76,0x5f,0x73,0x73,0x74,0x5f,0x61,0x5f,0x6f,0x73,0x00,0x76,0x5f,0x73,
        0x6c,0x64,0x5f,0x61,0x5f,0x6f,0x73,0x00,0x73,0x5f,0x70,0x5f,0x62,0x69,0x61,0x73,
        0x00,0x73,0x5f,0x6b,0x69,0x74,0x72,0x00,0x73,0x5f,0x6b,0x5f,0x70,0x65,0x72,0x5f,
        0x67,0x72,0x6f,0x75,0x70,0x00,0x73,0x5f,0x63,0x5f,0x70,0x65,0x72,0x5f,0x67,0x72,
        0x6f,0x75,0x70,0x00,0x76,0x5f,0x74,0x6d,0x70,0x00,0x73,0x5f,0x74,0x6d,0x70,0x00,
        0x76,0x5f,0x6f,0x75,0x74,0x5f,0x69,0x77,0x6f,0x00,0x73,0x5f,0x73,0x68,0x69,0x66,
        0x74,0x5f,0x77,0x6f,0x00,0x73,0x5f,0x77,0x6f,0x00,0x73,0x5f,0x6e,0x5f,0x68,0x6f,
        0x5f,0x77,0x6f,0x00,0x76,0x5f,0x6f,0x75,0x74,0x5f,0x69,0x68,0x6f,0x00,0x73,0x5f,
        0x73,0x68,0x69,0x66,0x74,0x5f,0x68,0x6f,0x00,0x73,0x5f,0x68,0x6f,0x00,0x76,0x5f,
        0x6f,0x75,0x74,0x5f,0x69,0x6e,0x00,0x73,0x5f,0x70,0x5f,0x69,0x6e,0x00,0x76,0x5f,
        0x69,0x6e,0x5f,0x69,0x6e,0x00,0x76,0x5f,0x67,0x65,0x6d,0x6d,0x5f,0x69,0x6e,0x00,
        0x73,0x5f,0x6e,0x00,0x76,0x5f,0x69,0x6e,0x5f,0x66,0x6c,0x61,0x67,0x5f,0x6e,0x00,
        0x73,0x5f,0x6f,0x75,0x74,0x5f,0x73,0x74,0x72,0x69,0x64,0x65,0x5f,0x6e,0x00,0x73,
        0x5f,0x69,0x6e,0x5f,0x73,0x74,0x72,0x69,0x64,0x65,0x5f,0x6e,0x00,0x73,0x5f,0x6b,
        0x6e,0x75,0x6d,0x00,0x76,0x5f,0x67,0x65,0x6d,0x6d,0x5f,0x69,0x6d,0x00,0x76,0x5f,
        0x6f,0x75,0x74,0x5f,0x69,0x6b,0x00,0x76,0x5f,0x77,0x65,0x69,0x5f,0x69,0x6b,0x00,
        0x73,0x5f,0x62,0x6c,0x6f,0x63,0x6b,0x5f,0x67,0x74,0x63,0x5f,0x69,0x6b,0x00,0x76,
        0x5f,0x6f,0x75,0x74,0x5f,0x6f,0x73,0x5f,0x6b,0x00,0x73,0x5f,0x6d,0x6f,0x76,0x65,
        0x5f,0x73,0x6c,0x69,0x63,0x65,0x5f,0x6b,0x5f,0x73,0x74,0x72,0x69,0x64,0x65,0x5f,
        0x67,0x65,0x6d,0x6d,0x5f,0x6b,0x00,0x76,0x5f,0x6f,0x75,0x74,0x5f,0x66,0x6c,0x61,
        0x67,0x5f,0x6b,0x00,0x73,0x5f,0x6f,0x75,0x74,0x5f,0x73,0x74,0x72,0x69,0x64,0x65,
        0x5f,0x6b,0x00,0x73,0x5f,0x77,0x65,0x69,0x5f,0x73,0x74,0x72,0x69,0x64,0x65,0x5f,
        0x6b,0x00,0x73,0x5f,0x6d,0x6f,0x76,0x65,0x5f,0x73,0x6c,0x69,0x63,0x65,0x5f,0x6b,
        0x00,0x73,0x5f,0x77,0x69,0x00,0x73,0x5f,0x68,0x69,0x00,0x73,0x5f,0x70,0x5f,0x77,
        0x65,0x69,0x00,0x73,0x5f,0x79,0x5f,0x64,0x69,0x6c,0x61,0x74,0x69,0x6f,0x6e,0x5f,
        0x68,0x00,0x73,0x5f,0x64,0x69,0x6c,0x61,0x74,0x69,0x6f,0x6e,0x5f,0x68,0x00,0x73,
        0x5f,0x6f,0x75,0x74,0x5f,0x73,0x74,0x72,0x69,0x64,0x65,0x5f,0x68,0x00,0x73,0x5f,
        0x73,0x74,0x72,0x69,0x64,0x65,0x5f,0x68,0x00,0x73,0x5f,0x69,0x6e,0x5f,0x73,0x74,
        0x72,0x69,0x64,0x65,0x5f,0x68,0x00,0x73,0x5f,0x70,0x61,0x64,0x5f,0x68,0x00,0x63,
        0x6f,0x6e,0x76,0x5f,0x66,0x77,0x64,0x5f,0x72,0x65,0x6c,0x75,0x5f,0x62,0x69,0x61,
        0x73,0x5f,0x67,0x74,0x63,0x77,0x33,0x5f,0x6e,0x68,0x77,0x63,0x5f,0x66,0x70,0x31,
        0x36,0x78,0x38,0x5f,0x65,0x78,0x31,0x5f,0x62,0x74,0x33,0x32,0x78,0x31,0x32,0x38,
        0x78,0x33,0x32,0x5f,0x77,0x72,0x32,0x78,0x32,0x5f,0x77,0x6e,0x31,0x78,0x34,0x5f,
        0x74,0x61,0x31,0x78,0x38,0x78,0x31,0x78,0x31,0x5f,0x31,0x78,0x34,0x78,0x31,0x78,
        0x33,0x32,0x5f,0x74,0x62,0x31,0x78,0x38,0x78,0x34,0x78,0x31,0x5f,0x31,0x78,0x34,
        0x78,0x31,0x78,0x33,0x32,0x5f,0x6d,0x62,0x30,0x5f,0x6c,0x6f,0x6f,0x70,0x5f,0x66,
        0x69,0x6e,0x69,0x73,0x68,0x69,0x6e,0x67,0x00,0x76,0x5f,0x6f,0x75,0x74,0x5f,0x66,
        0x6c,0x61,0x67,0x00,0x76,0x5f,0x69,0x6e,0x5f,0x66,0x6c,0x61,0x67,0x00,0x73,0x5f,
        0x67,0x00,0x73,0x5f,0x30,0x78,0x66,0x66,0x66,0x66,0x00,0x76,0x5f,0x62,0x69,0x61,
        0x73,0x5f,0x76,0x61,0x6c,0x75,0x65,0x00,0x2e,0x6e,0x6f,0x74,0x65,0x00,0x76,0x5f,
        0x67,0x74,0x63,0x5f,0x69,0x63,0x65,0x00,0x63,0x6f,0x6e,0x76,0x5f,0x66,0x77,0x64,
        0x5f,0x72,0x65,0x6c,0x75,0x5f,0x62,0x69,0x61,0x73,0x5f,0x67,0x74,0x63,0x77,0x33,
        0x5f,0x6e,0x68,0x77,0x63,0x5f,0x66,0x70,0x31,0x36,0x78,0x38,0x5f,0x65,0x78,0x31,
        0x5f,0x62,0x74,0x33,0x32,0x78,0x31,0x32,0x38,0x78,0x33,0x32,0x5f,0x77,0x72,0x32,
        0x78,0x32,0x5f,0x77,0x6e,0x31,0x78,0x34,0x5f,0x74,0x61,0x31,0x78,0x38,0x78,0x31,
        0x78,0x31,0x5f,0x31,0x78,0x34,0x78,0x31,0x78,0x33,0x32,0x5f,0x74,0x62,0x31,0x78,
        0x38,0x78,0x34,0x78,0x31,0x5f,0x31,0x78,0x34,0x78,0x31,0x78,0x33,0x32,0x5f,0x6d,
        0x62,0x30,0x5f,0x6c,0x6f,0x6f,0x70,0x5f,0x65,0x6e,0x64,0x00,0x76,0x5f,0x63,0x6f,
        0x5f,0x73,0x6c,0x64,0x00,0x63,0x6f,0x6e,0x76,0x5f,0x66,0x77,0x64,0x5f,0x72,0x65,
        0x6c,0x75,0x5f,0x62,0x69,0x61,0x73,0x5f,0x67,0x74,0x63,0x77,0x33,0x5f,0x6e,0x68,
        0x77,0x63,0x5f,0x66,0x70,0x31,0x36,0x78,0x38,0x5f,0x65,0x78,0x31,0x5f,0x62,0x74,
        0x33,0x32,0x78,0x31,0x32,0x38,0x78,0x33,0x32,0x5f,0x77,0x72,0x32,0x78,0x32,0x5f,
        0x77,0x6e,0x31,0x78,0x34,0x5f,0x74,0x61,0x31,0x78,0x38,0x78,0x31,0x78,0x31,0x5f,
        0x31,0x78,0x34,0x78,0x31,0x78,0x33,0x32,0x5f,0x74,0x62,0x31,0x78,0x38,0x78,0x34,
        0x78,0x31,0x5f,0x31,0x78,0x34,0x78,0x31,0x78,0x33,0x32,0x5f,0x6d,0x62,0x30,0x2e,
        0x6b,0x64,0x00,0x76,0x5f,0x67,0x74,0x63,0x5f,0x69,0x63,0x00,0x76,0x5f,0x63,0x00,
        0x73,0x5f,0x63,0x00,0x73,0x5f,0x6d,0x6f,0x76,0x65,0x5f,0x73,0x6c,0x69,0x63,0x65,
        0x5f,0x6b,0x5f,0x63,0x00,0x73,0x5f,0x64,0x69,0x66,0x66,0x5f,0x69,0x6e,0x5f,0x6f,
        0x76,0x66,0x5f,0x63,0x00,0x73,0x5f,0x69,0x6e,0x5f,0x73,0x74,0x72,0x69,0x64,0x65,
        0x5f,0x63,0x00,0x76,0x5f,0x64,0x69,0x66,0x66,0x5f,0x69,0x6e,0x5f,0x61,0x63,0x63,
        0x5f,0x63,0x00,0x73,0x5f,0x64,0x69,0x66,0x66,0x5f,0x69,0x6e,0x5f,0x61,0x63,0x63,
        0x5f,0x63,0x00,0x76,0x5f,0x6f,0x75,0x74,0x5f,0x69,0x6e,0x62,0x00,0x76,0x5f,0x69,
        0x6e,0x5f,0x69,0x6e,0x62,0x00,0x73,0x5f,0x62,0x6c,0x6f,0x63,0x6b,0x5f,0x67,0x74,
        0x63,0x5f,0x69,0x6e,0x62,0x00,0x2e,0x73,0x74,0x72,0x74,0x61,0x62,0x00,0x2e,0x73,
        0x79,0x6d,0x74,0x61,0x62,0x00,0x76,0x5f,0x62,0x00,0x76,0x5f,0x67,0x6c,0x64,0x5f,
        0x62,0x00,0x2e,0x72,0x65,0x6c,0x61,0x2e,0x72,0x6f,0x64,0x61,0x74,0x61,0x00,0x73,
        0x5f,0x6b,0x61,0x00,0x76,0x5f,0x61,0x00,0x76,0x5f,0x67,0x6c,0x64,0x5f,0x61,0x00,
        0x73,0x5f,0x6d,0x61,0x67,0x69,0x63,0x5f,0x35,0x00,0x73,0x5f,0x6d,0x61,0x67,0x69,
        0x63,0x5f,0x34,0x00,0x73,0x5f,0x6d,0x61,0x67,0x69,0x63,0x5f,0x33,0x00,0x73,0x5f,
        0x6d,0x61,0x67,0x69,0x63,0x5f,0x32,0x00,0x73,0x5f,0x73,0x68,0x69,0x66,0x74,0x5f,
        0x70,0x61,0x63,0x6b,0x5f,0x31,0x00,0x73,0x5f,0x6d,0x61,0x67,0x69,0x63,0x5f,0x31,
        0x00,0x63,0x6f,0x6e,0x76,0x5f,0x66,0x77,0x64,0x5f,0x72,0x65,0x6c,0x75,0x5f,0x62,
        0x69,0x61,0x73,0x5f,0x67,0x74,0x63,0x77,0x33,0x5f,0x6e,0x68,0x77,0x63,0x5f,0x66,
        0x70,0x31,0x36,0x78,0x38,0x5f,0x65,0x78,0x31,0x5f,0x62,0x74,0x33,0x32,0x78,0x31,
        0x32,0x38,0x78,0x33,0x32,0x5f,0x77,0x72,0x32,0x78,0x32,0x5f,0x77,0x6e,0x31,0x78,
        0x34,0x5f,0x74,0x61,0x31,0x78,0x38,0x78,0x31,0x78,0x31,0x5f,0x31,0x78,0x34,0x78,
        0x31,0x78,0x33,0x32,0x5f,0x74,0x62,0x31,0x78,0x38,0x78,0x34,0x78,0x31,0x5f,0x31,
        0x78,0x34,0x78,0x31,0x78,0x33,0x32,0x5f,0x6d,0x62,0x30,0x00,0x73,0x5f,0x73,0x68,
        0x69,0x66,0x74,0x5f,0x70,0x61,0x63,0x6b,0x5f,0x30,0x00,0x73,0x5f,0x6d,0x61,0x67,
        0x69,0x63,0x5f,0x30,0x00,0x00,0x00,0x00,0x00,0x00,0x00,0x00,0x00,0x00,0x00,0x00,
        0x00,0x00,0x00,0x00,0x00,0x00,0x00,0x00,0x00,0x00,0x00,0x00,0x00,0x00,0x00,0x00,
        0x00,0x00,0x00,0x00,0x00,0x00,0x00,0x00,0x00,0x00,0x00,0x00,0x00,0x00,0x00,0x00,
        0x00,0x00,0x00,0x00,0x00,0x00,0x00,0x00,0x00,0x00,0x00,0x00,0x00,0x00,0x00,0x00,
        0x00,0x00,0x00,0x00,0x00,0x00,0x00,0x00,0xc6,0x05,0x00,0x00,0x03,0x00,0x00,0x00,
        0x00,0x00,0x00,0x00,0x00,0x00,0x00,0x00,0x00,0x00,0x00,0x00,0x00,0x00,0x00,0x00,
        0xf0,0x2a,0x00,0x00,0x00,0x00,0x00,0x00,0xc5,0x06,0x00,0x00,0x00,0x00,0x00,0x00,
        0x00,0x00,0x00,0x00,0x00,0x00,0x00,0x00,0x01,0x00,0x00,0x00,0x00,0x00,0x00,0x00,
        0x00,0x00,0x00,0x00,0x00,0x00,0x00,0x00,0xec,0x00,0x00,0x00,0x01,0x00,0x00,0x00,
        0x06,0x00,0x00,0x00,0x00,0x00,0x00,0x00,0x00,0x00,0x00,0x00,0x00,0x00,0x00,0x00,
        0x00,0x01,0x00,0x00,0x00,0x00,0x00,0x00,0x88,0x13,0x00,0x00,0x00,0x00,0x00,0x00,
        0x00,0x00,0x00,0x00,0x00,0x00,0x00,0x00,0x00,0x01,0x00,0x00,0x00,0x00,0x00,0x00,
        0x00,0x00,0x00,0x00,0x00,0x00,0x00,0x00,0xe7,0x05,0x00,0x00,0x01,0x00,0x00,0x00,
        0x02,0x00,0x00,0x00,0x00,0x00,0x00,0x00,0x00,0x00,0x00,0x00,0x00,0x00,0x00,0x00,
        0xc0,0x14,0x00,0x00,0x00,0x00,0x00,0x00,0x40,0x00,0x00,0x00,0x00,0x00,0x00,0x00,
        0x00,0x00,0x00,0x00,0x00,0x00,0x00,0x00,0x40,0x00,0x00,0x00,0x00,0x00,0x00,0x00,
        0x00,0x00,0x00,0x00,0x00,0x00,0x00,0x00,0xe2,0x05,0x00,0x00,0x04,0x00,0x00,0x00,
        0x40,0x00,0x00,0x00,0x00,0x00,0x00,0x00,0x00,0x00,0x00,0x00,0x00,0x00,0x00,0x00,
        0xd8,0x2a,0x00,0x00,0x00,0x00,0x00,0x00,0x18,0x00,0x00,0x00,0x00,0x00,0x00,0x00,
        0x06,0x00,0x00,0x00,0x03,0x00,0x00,0x00,0x08,0x00,0x00,0x00,0x00,0x00,0x00,0x00,
        0x18,0x00,0x00,0x00,0x00,0x00,0x00,0x00,0x48,0x04,0x00,0x00,0x07,0x00,0x00,0x00,
        0x02,0x00,0x00,0x00,0x00,0x00,0x00,0x00,0x00,0x00,0x00,0x00,0x00,0x00,0x00,0x00,
        0x00,0x15,0x00,0x00,0x00,0x00,0x00,0x00,0x58,0x0b,0x00,0x00,0x00,0x00,0x00,0x00,
        0x00,0x00,0x00,0x00,0x00,0x00,0x00,0x00,0x04,0x00,0x00,0x00,0x00,0x00,0x00,0x00,
        0x00,0x00,0x00,0x00,0x00,0x00,0x00,0x00,0xce,0x05,0x00,0x00,0x02,0x00,0x00,0x00,
        0x00,0x00,0x00,0x00,0x00,0x00,0x00,0x00,0x00,0x00,0x00,0x00,0x00,0x00,0x00,0x00,
        0x58,0x20,0x00,0x00,0x00,0x00,0x00,0x00,0x80,0x0a,0x00,0x00,0x00,0x00,0x00,0x00,
        0x01,0x00,0x00,0x00,0x6e,0x00,0x00,0x00,0x08,0x00,0x00,0x00,0x00,0x00,0x00,0x00,
        0x18,0x00,0x00,0x00,0x00,0x00,0x00,0x00
            },
            .m_kernelName = {},
            .m_compilerVersion = {},
            .m_codeObjectVersion = 0,
            .m_isRelocatable = true,
            .m_shaderType = ShaderTypesFlags::UNKNOWN
        };
        
        constexpr StaticShaderType<12496> MisaConv_Relu_gfx11 =
        {
            .m_binary = {
        0x7f,0x45,0x4c,0x46,0x02,0x01,0x01,0x40,0x02,0x00,0x00,0x00,0x00,0x00,0x00,0x00,
        0x01,0x00,0xe0,0x00,0x01,0x00,0x00,0x00,0x00,0x00,0x00,0x00,0x00,0x00,0x00,0x00,
        0x00,0x00,0x00,0x00,0x00,0x00,0x00,0x00,0x10,0x2f,0x00,0x00,0x00,0x00,0x00,0x00,
        0x41,0x00,0x00,0x00,0x40,0x00,0x00,0x00,0x00,0x00,0x40,0x00,0x07,0x00,0x01,0x00,
        0x00,0x00,0x00,0x00,0x00,0x00,0x00,0x00,0x00,0x00,0x00,0x00,0x00,0x00,0x00,0x00,
        0x00,0x00,0x00,0x00,0x00,0x00,0x00,0x00,0x00,0x00,0x00,0x00,0x00,0x00,0x00,0x00,
        0x00,0x00,0x00,0x00,0x00,0x00,0x00,0x00,0x00,0x00,0x00,0x00,0x00,0x00,0x00,0x00,
        0x00,0x00,0x00,0x00,0x00,0x00,0x00,0x00,0x00,0x00,0x00,0x00,0x00,0x00,0x00,0x00,
        0x00,0x00,0x00,0x00,0x00,0x00,0x00,0x00,0x00,0x00,0x00,0x00,0x00,0x00,0x00,0x00,
        0x00,0x00,0x00,0x00,0x00,0x00,0x00,0x00,0x00,0x00,0x00,0x00,0x00,0x00,0x00,0x00,
        0x00,0x00,0x00,0x00,0x00,0x00,0x00,0x00,0x00,0x00,0x00,0x00,0x00,0x00,0x00,0x00,
        0x00,0x00,0x00,0x00,0x00,0x00,0x00,0x00,0x00,0x00,0x00,0x00,0x00,0x00,0x00,0x00,
        0x00,0x00,0x00,0x00,0x00,0x00,0x00,0x00,0x00,0x00,0x00,0x00,0x00,0x00,0x00,0x00,
        0x00,0x00,0x00,0x00,0x00,0x00,0x00,0x00,0x00,0x00,0x00,0x00,0x00,0x00,0x00,0x00,
        0x00,0x00,0x00,0x00,0x00,0x00,0x00,0x00,0x00,0x00,0x00,0x00,0x00,0x00,0x00,0x00,
        0x00,0x00,0x00,0x00,0x00,0x00,0x00,0x00,0x00,0x00,0x00,0x00,0x00,0x00,0x00,0x00,
        0x00,0x07,0x04,0xf4,0x00,0x00,0x00,0xf8,0x00,0x08,0x04,0xf4,0x08,0x00,0x00,0xf8,
        0x00,0x09,0x04,0xf4,0x10,0x00,0x00,0xf8,0x00,0x02,0x10,0xf4,0x20,0x00,0x00,0xf8,
        0x00,0x06,0x08,0xf4,0x60,0x00,0x00,0xf8,0x00,0x0c,0x00,0xf4,0x70,0x00,0x00,0xf8,
        0x00,0x0a,0x0c,0xf4,0x74,0x00,0x00,0xf8,0x00,0x03,0xe8,0x7e,0x9f,0xe8,0xde,0x36,
        0x85,0xe8,0xe8,0x32,0x83,0xe8,0xd4,0x36,0x00,0x03,0xe8,0x7e,0x9f,0xe8,0xda,0x36,
        0xff,0x00,0x87,0xbe,0xff,0xff,0x00,0x00,0x80,0x00,0xc0,0xbe,0x07,0xfc,0x89,0xbf,
        0x0e,0x07,0x04,0xf4,0x00,0x00,0x00,0xf8,0x10,0x08,0x04,0xf4,0x00,0x00,0x00,0xf8,
        0x12,0x09,0x04,0xf4,0x00,0x00,0x00,0xf8,0x07,0xfc,0x89,0xbf,0x1d,0xff,0x1d,0x8b,
        0xff,0xff,0x00,0x00,0x21,0xff,0x21,0x8b,0xff,0xff,0x00,0x00,0x25,0xff,0x25,0x8b,
        0xff,0xff,0x00,0x00,0x30,0xff,0x31,0x93,0x10,0x00,0x08,0x00,0x30,0xff,0x32,0x93,
        0x08,0x00,0x08,0x00,0x30,0xff,0x30,0x8b,0xff,0x00,0x00,0x00,0x18,0x90,0x35,0x85,
        0x18,0x07,0x18,0x8b,0x19,0x90,0x36,0x85,0x19,0x07,0x19,0x8b,0x1a,0x90,0x37,0x85,
        0x1a,0x07,0x1a,0x8b,0x1b,0x90,0x38,0x85,0x1b,0x07,0x1b,0x8b,0x2e,0xff,0x47,0x93,
        0x00,0x00,0x08,0x00,0x28,0x0c,0xc4,0x96,0x44,0x0c,0x44,0x80,0x44,0x47,0x33,0x85,
        0x28,0x0b,0xc4,0x96,0x44,0x0b,0x44,0x80,0x44,0x47,0x34,0x85,0x28,0x04,0xc4,0x96,
        0x44,0x04,0x44,0x80,0x44,0x47,0x49,0x85,0x0d,0x49,0x44,0x96,0x04,0x44,0xc8,0x80,
        0x33,0x34,0x44,0x96,0x1b,0x38,0x45,0x96,0x44,0x45,0x44,0x96,0x44,0x81,0x44,0x84,
        0x44,0x00,0xa2,0xbe,0xff,0x00,0xa3,0xbe,0x00,0x00,0x02,0x30,0x44,0x48,0x44,0x96,
        0x20,0x44,0x20,0x80,0x21,0x80,0x21,0x82,0x10,0x0a,0x44,0x96,0x44,0x49,0x46,0x96,
        0x44,0x49,0xc7,0x96,0x1c,0x46,0x1c,0x80,0x1d,0x47,0x1d,0x82,0x14,0x0a,0x44,0x96,
        0x44,0x49,0x46,0x96,0x44,0x49,0xc7,0x96,0x24,0x46,0x24,0x80,0x25,0x47,0x25,0x82,
        0x33,0x83,0x46,0x85,0x34,0x83,0x47,0x85,0x46,0x48,0x44,0x96,0x11,0x44,0x44,0x96,
        0x1c,0x44,0x1c,0x80,0x1d,0x80,0x1d,0x82,0x47,0x48,0x44,0x96,0x15,0x44,0x44,0x96,
        0x24,0x44,0x24,0x80,0x25,0x80,0x25,0x82,0x02,0xff,0x3a,0x96,0x80,0x00,0x00,0x00,
        0x03,0xa0,0x39,0x96,0x33,0x83,0x0c,0x85,0x2e,0xff,0x47,0x93,0x08,0x00,0x08,0x00,
        0x77,0x00,0x2d,0xd7,0x29,0xd4,0x02,0x00,0x77,0xd5,0xee,0x4a,0x47,0xee,0xf0,0x32,
        0x77,0x00,0x2c,0xd7,0x0c,0xf0,0x02,0x00,0x6a,0xef,0xd2,0x4c,0x2f,0xff,0x47,0x93,
        0x08,0x00,0x08,0x00,0x77,0x00,0x2d,0xd7,0x2d,0xf0,0x02,0x00,0x77,0xf1,0xee,0x4a,
        0x47,0xee,0xd6,0x32,0x77,0x00,0x2c,0xd7,0x1b,0xd6,0x02,0x00,0x78,0xef,0xd8,0x4c,
        0x19,0xd8,0xb0,0x16,0x36,0xd6,0xae,0x16,0x1b,0x38,0x44,0x96,0x44,0x33,0x05,0x96,
        0x1b,0x38,0x44,0x96,0x44,0x33,0x44,0x96,0x44,0x81,0x3b,0x84,0x39,0xde,0xf2,0x4a,
        0x84,0xd4,0xe8,0x30,0x78,0x00,0x2c,0xd7,0x3b,0xf2,0x02,0x00,0x3b,0xa0,0x3b,0x96,
        0x74,0xf1,0xd0,0x4a,0x80,0x02,0x86,0x7e,0x80,0x02,0x88,0x7e,0x80,0x02,0x8a,0x7e,
        0x80,0x02,0x8c,0x7e,0x00,0x00,0x5c,0xe0,0x68,0x43,0x48,0x40,0x80,0x00,0xbf,0xbe,
        0x10,0x0a,0x1e,0x96,0xff,0x00,0x9f,0xbe,0x00,0x00,0x02,0x30,0x08,0x90,0x08,0x84,
        0x80,0x02,0xce,0x7e,0x80,0x00,0x81,0xbe,0x79,0x00,0x55,0xd6,0x3a,0x02,0xb4,0x05,
        0x2e,0xff,0x47,0x93,0x18,0x00,0x08,0x00,0x77,0x00,0x2d,0xd7,0x2b,0xf2,0x02,0x00,
        0x77,0xf3,0xee,0x4a,0x47,0xee,0xf0,0x32,0x77,0x00,0x2c,0xd7,0x0f,0xf0,0x02,0x00,
        0x79,0xef,0xe8,0x4c,0x2e,0xff,0x47,0x93,0x10,0x00,0x08,0x00,0x77,0x00,0x2d,0xd7,
        0x2a,0xf0,0x02,0x00,0x77,0xf1,0xee,0x4a,0x47,0xee,0xdc,0x32,0x77,0x00,0x2c,0xd7,
        0x0e,0xdc,0x02,0x00,0x78,0xef,0xea,0x4c,0x74,0x00,0x05,0xd7,0x18,0xe8,0x02,0x00,
        0x74,0x00,0x03,0xd7,0x74,0xb1,0x02,0x00,0x1a,0xe8,0xec,0x4e,0x74,0x00,0x04,0xd7,
        0x74,0x35,0x00,0x00,0x75,0x00,0x05,0xd7,0x35,0xea,0x02,0x00,0x75,0x00,0x03,0xd7,
        0x75,0xaf,0x02,0x00,0x37,0xea,0xee,0x4e,0x75,0x00,0x04,0xd7,0x75,0x6f,0x00,0x00,
        0x79,0x00,0x2c,0xd7,0x10,0xdc,0x02,0x00,0x78,0x00,0x2c,0xd7,0x11,0xd2,0x02,0x00,
        0x77,0x00,0x2c,0xd7,0x12,0xee,0x02,0x00,0x76,0x00,0x2c,0xd7,0x13,0xec,0x02,0x00,
        0x5b,0x00,0x55,0xd6,0x79,0xf1,0xde,0x05,0x76,0xb7,0xb6,0x4a,0x0c,0xd2,0x98,0x7c,
        0x78,0x00,0x01,0xd5,0x80,0x02,0xa9,0x01,0x0a,0xdc,0x98,0x7c,0x77,0x00,0x01,0xd5,
        0x80,0x02,0xa9,0x01,0x5f,0x00,0x56,0xd6,0x75,0x21,0xd1,0x05,0x67,0x00,0x56,0xd6,
        0x77,0x01,0x9d,0x05,0x78,0xef,0xee,0x36,0x08,0xbe,0x98,0x7c,0x80,0xee,0xc6,0x02,
        0x09,0xbe,0x78,0x7c,0x80,0xc6,0xc6,0x02,0xa0,0x00,0x81,0xbe,0x79,0x00,0x55,0xd6,
        0x3a,0x02,0xb4,0x05,0x2e,0xff,0x47,0x93,0x18,0x00,0x08,0x00,0x77,0x00,0x2d,0xd7,
        0x2b,0xf2,0x02,0x00,0x77,0xf3,0xee,0x4a,0x47,0xee,0xf0,0x32,0x77,0x00,0x2c,0xd7,
        0x0f,0xf0,0x02,0x00,0x79,0xef,0xe8,0x4c,0x2e,0xff,0x47,0x93,0x10,0x00,0x08,0x00,
        0x77,0x00,0x2d,0xd7,0x2a,0xf0,0x02,0x00,0x77,0xf1,0xee,0x4a,0x47,0xee,0xdc,0x32,
        0x77,0x00,0x2c,0xd7,0x0e,0xdc,0x02,0x00,0x78,0xef,0xea,0x4c,0x74,0x00,0x05,0xd7,
        0x18,0xe8,0x02,0x00,0x74,0x00,0x03,0xd7,0x74,0xb1,0x02,0x00,0x1a,0xe8,0xec,0x4e,
        0x74,0x00,0x04,0xd7,0x74,0x35,0x00,0x00,0x75,0x00,0x05,0xd7,0x35,0xea,0x02,0x00,
        0x75,0x00,0x03,0xd7,0x75,0xaf,0x02,0x00,0x37,0xea,0xee,0x4e,0x75,0x00,0x04,0xd7,
        0x75,0x6f,0x00,0x00,0x79,0x00,0x2c,0xd7,0x10,0xdc,0x02,0x00,0x78,0x00,0x2c,0xd7,
        0x11,0xd2,0x02,0x00,0x77,0x00,0x2c,0xd7,0x12,0xee,0x02,0x00,0x76,0x00,0x2c,0xd7,
        0x13,0xec,0x02,0x00,0x5c,0x00,0x55,0xd6,0x79,0xf1,0xde,0x05,0x76,0xb9,0xb8,0x4a,
        0x0c,0xd2,0x98,0x7c,0x78,0x00,0x01,0xd5,0x80,0x02,0xa9,0x01,0x0a,0xdc,0x98,0x7c,
        0x77,0x00,0x01,0xd5,0x80,0x02,0xa9,0x01,0x60,0x00,0x56,0xd6,0x75,0x21,0xd1,0x05,
        0x67,0x00,0x56,0xd6,0x77,0x03,0x9d,0x05,0x78,0xef,0xee,0x36,0x08,0xc0,0x98,0x7c,
        0x80,0xee,0xc8,0x02,0x09,0xc0,0x78,0x7c,0x80,0xc8,0xc8,0x02,0xc0,0x00,0x81,0xbe,
        0x79,0x00,0x55,0xd6,0x3a,0x02,0xb4,0x05,0x2e,0xff,0x47,0x93,0x18,0x00,0x08,0x00,
        0x77,0x00,0x2d,0xd7,0x2b,0xf2,0x02,0x00,0x77,0xf3,0xee,0x4a,0x47,0xee,0xf0,0x32,
        0x77,0x00,0x2c,0xd7,0x0f,0xf0,0x02,0x00,0x79,0xef,0xe8,0x4c,0x2e,0xff,0x47,0x93,
        0x10,0x00,0x08,0x00,0x77,0x00,0x2d,0xd7,0x2a,0xf0,0x02,0x00,0x77,0xf1,0xee,0x4a,
        0x47,0xee,0xdc,0x32,0x77,0x00,0x2c,0xd7,0x0e,0xdc,0x02,0x00,0x78,0xef,0xea,0x4c,
        0x74,0x00,0x05,0xd7,0x18,0xe8,0x02,0x00,0x74,0x00,0x03,0xd7,0x74,0xb1,0x02,0x00,
        0x1a,0xe8,0xec,0x4e,0x74,0x00,0x04,0xd7,0x74,0x35,0x00,0x00,0x75,0x00,0x05,0xd7,
        0x35,0xea,0x02,0x00,0x75,0x00,0x03,0xd7,0x75,0xaf,0x02,0x00,0x37,0xea,0xee,0x4e,
        0x75,0x00,0x04,0xd7,0x75,0x6f,0x00,0x00,0x79,0x00,0x2c,0xd7,0x10,0xdc,0x02,0x00,
        0x78,0x00,0x2c,0xd7,0x11,0xd2,0x02,0x00,0x77,0x00,0x2c,0xd7,0x12,0xee,0x02,0x00,
        0x76,0x00,0x2c,0xd7,0x13,0xec,0x02,0x00,0x5d,0x00,0x55,0xd6,0x79,0xf1,0xde,0x05,
        0x76,0xbb,0xba,0x4a,0x0c,0xd2,0x98,0x7c,0x78,0x00,0x01,0xd5,0x80,0x02,0xa9,0x01,
        0x0a,0xdc,0x98,0x7c,0x77,0x00,0x01,0xd5,0x80,0x02,0xa9,0x01,0x61,0x00,0x56,0xd6,
        0x75,0x21,0xd1,0x05,0x67,0x00,0x56,0xd6,0x77,0x05,0x9d,0x05,0x78,0xef,0xee,0x36,
        0x08,0xc2,0x98,0x7c,0x80,0xee,0xca,0x02,0x09,0xc2,0x78,0x7c,0x80,0xca,0xca,0x02,
        0xff,0x00,0x81,0xbe,0x60,0x00,0x00,0x00,0x79,0x00,0x55,0xd6,0x3a,0x02,0xb4,0x05,
        0x2e,0xff,0x47,0x93,0x18,0x00,0x08,0x00,0x77,0x00,0x2d,0xd7,0x2b,0xf2,0x02,0x00,
        0x77,0xf3,0xee,0x4a,0x47,0xee,0xf0,0x32,0x77,0x00,0x2c,0xd7,0x0f,0xf0,0x02,0x00,
        0x79,0xef,0xe8,0x4c,0x2e,0xff,0x47,0x93,0x10,0x00,0x08,0x00,0x77,0x00,0x2d,0xd7,
        0x2a,0xf0,0x02,0x00,0x77,0xf1,0xee,0x4a,0x47,0xee,0xdc,0x32,0x77,0x00,0x2c,0xd7,
        0x0e,0xdc,0x02,0x00,0x78,0xef,0xea,0x4c,0x74,0x00,0x05,0xd7,0x18,0xe8,0x02,0x00,
        0x74,0x00,0x03,0xd7,0x74,0xb1,0x02,0x00,0x1a,0xe8,0xec,0x4e,0x74,0x00,0x04,0xd7,
        0x74,0x35,0x00,0x00,0x75,0x00,0x05,0xd7,0x35,0xea,0x02,0x00,0x75,0x00,0x03,0xd7,
        0x75,0xaf,0x02,0x00,0x37,0xea,0xee,0x4e,0x75,0x00,0x04,0xd7,0x75,0x6f,0x00,0x00,
        0x79,0x00,0x2c,0xd7,0x10,0xdc,0x02,0x00,0x78,0x00,0x2c,0xd7,0x11,0xd2,0x02,0x00,
        0x77,0x00,0x2c,0xd7,0x12,0xee,0x02,0x00,0x76,0x00,0x2c,0xd7,0x13,0xec,0x02,0x00,
        0x5e,0x00,0x55,0xd6,0x79,0xf1,0xde,0x05,0x76,0xbd,0xbc,0x4a,0x0c,0xd2,0x98,0x7c,
        0x78,0x00,0x01,0xd5,0x80,0x02,0xa9,0x01,0x0a,0xdc,0x98,0x7c,0x77,0x00,0x01,0xd5,
        0x80,0x02,0xa9,0x01,0x62,0x00,0x56,0xd6,0x75,0x21,0xd1,0x05,0x67,0x00,0x56,0xd6,
        0x77,0x07,0x9d,0x05,0x78,0xef,0xee,0x36,0x08,0xc4,0x98,0x7c,0x80,0xee,0xcc,0x02,
        0x09,0xc4,0x78,0x7c,0x80,0xcc,0xcc,0x02,0x80,0x02,0x8e,0x7e,0x80,0x02,0x90,0x7e,
        0x80,0x02,0x92,0x7e,0x80,0x02,0x94,0x7e,0x80,0x02,0x96,0x7e,0x80,0x02,0x98,0x7e,
        0x80,0x02,0x9a,0x7e,0x80,0x02,0x9c,0x7e,0x80,0x02,0x9e,0x7e,0x80,0x02,0xa0,0x7e,
        0x80,0x02,0xa2,0x7e,0x80,0x02,0xa4,0x7e,0x80,0x02,0xa6,0x7e,0x80,0x02,0xa8,0x7e,
        0x80,0x02,0xaa,0x7e,0x80,0x02,0xac,0x7e,0x81,0xc6,0x96,0x7d,0x00,0x00,0x5c,0xe0,
        0x5b,0x47,0x47,0x3f,0xc1,0x01,0xfe,0xbe,0x81,0xc8,0x96,0x7d,0x00,0x00,0x5c,0xe0,
        0x5c,0x4b,0x47,0x3f,0xc1,0x01,0xfe,0xbe,0x81,0xca,0x96,0x7d,0x00,0x00,0x5c,0xe0,
        0x5d,0x4f,0x47,0x3f,0xc1,0x01,0xfe,0xbe,0x81,0xcc,0x96,0x7d,0x00,0x00,0x5c,0xe0,
        0x5e,0x53,0x47,0x3f,0xc1,0x01,0xfe,0xbe,0x00,0x03,0xf2,0x7e,0x85,0xf2,0xe8,0x32,
        0x8f,0xf2,0xea,0x36,0x83,0xe8,0xe2,0x36,0x82,0xe8,0xe4,0x32,0x81,0xea,0xee,0x36,
        0x81,0xea,0xec,0x32,0x71,0x00,0x56,0xd6,0x71,0x09,0xd5,0x05,0x77,0x00,0x56,0xd6,
        0x77,0x07,0xd9,0x05,0x72,0x00,0x56,0xd6,0x72,0x09,0xdd,0x05,0x00,0x03,0xf2,0x7e,
        0x8f,0xf2,0xee,0x36,0x84,0xf2,0xec,0x32,0x81,0xec,0xec,0x36,0x85,0xf2,0xe8,0x32,
        0x83,0xe8,0xea,0x36,0x82,0xe8,0xe8,0x32,0x80,0xe8,0xe8,0x36,0x6e,0x00,0x56,0xd6,
        0x75,0x09,0xdd,0x05,0x83,0xec,0xec,0x30,0x70,0x00,0x56,0xd6,0x74,0x09,0xd9,0x05,
        0x84,0xe4,0xb0,0x30,0x83,0xde,0xec,0x30,0x74,0x00,0x0b,0xd6,0x6a,0xff,0xd9,0x05,
        0x00,0x01,0x00,0x00,0x81,0xe8,0xae,0x30,0x84,0xe2,0xb4,0x30,0x83,0xda,0xec,0x30,
        0x74,0x00,0x0b,0xd6,0x6a,0xff,0xd9,0x05,0x00,0x04,0x00,0x00,0x81,0xe8,0xb2,0x30,
        0xff,0xb4,0xb4,0x4a,0x00,0x08,0x00,0x00,0xff,0xb2,0xb2,0x4a,0x00,0x08,0x00,0x00,
        0x6e,0x03,0xe2,0x7e,0x70,0x03,0xe4,0x7e,0x39,0xe4,0xe4,0x4a,0x83,0xe4,0xe8,0x32,
        0x6e,0x00,0x2c,0xd7,0x15,0xe8,0x02,0x00,0x0a,0x0e,0x3e,0x96,0x2e,0xff,0x42,0x93,
        0x18,0x00,0x08,0x00,0x2e,0xff,0x41,0x93,0x10,0x00,0x08,0x00,0x0f,0x3e,0x3e,0x96,
        0xc1,0x00,0xa6,0xbe,0xff,0x00,0xa7,0xbe,0x00,0x00,0x02,0x30,0x34,0xe4,0x98,0x7c,
        0x70,0x00,0x01,0xd5,0x80,0x02,0xa9,0x01,0xc0,0x00,0xbc,0xbe,0x19,0x32,0x32,0x96,
        0x19,0x1b,0x1b,0x96,0x19,0xd8,0xd8,0x16,0x6a,0x00,0x25,0xd7,0x80,0x64,0x00,0x00,
        0x1b,0x32,0xbd,0x80,0x0c,0x30,0xb7,0x80,0x6d,0x00,0x25,0xd7,0x80,0x60,0x00,0x00,
        0x80,0x02,0x00,0x7e,0x80,0x02,0x02,0x7e,0x80,0x02,0x04,0x7e,0x80,0x02,0x06,0x7e,
        0x80,0x02,0x08,0x7e,0x80,0x02,0x0a,0x7e,0x80,0x02,0x0c,0x7e,0x80,0x02,0x0e,0x7e,
        0x80,0x02,0x10,0x7e,0x80,0x02,0x12,0x7e,0x80,0x02,0x14,0x7e,0x80,0x02,0x16,0x7e,
        0x80,0x02,0x18,0x7e,0x80,0x02,0x1a,0x7e,0x80,0x02,0x1c,0x7e,0x80,0x02,0x1e,0x7e,
        0x80,0x02,0x20,0x7e,0x80,0x02,0x22,0x7e,0x80,0x02,0x24,0x7e,0x80,0x02,0x26,0x7e,
        0x80,0x02,0x28,0x7e,0x80,0x02,0x2a,0x7e,0x80,0x02,0x2c,0x7e,0x80,0x02,0x2e,0x7e,
        0x80,0x02,0x30,0x7e,0x80,0x02,0x32,0x7e,0x80,0x02,0x34,0x7e,0x80,0x02,0x36,0x7e,
        0x80,0x02,0x38,0x7e,0x80,0x02,0x3a,0x7e,0x80,0x02,0x3c,0x7e,0x80,0x02,0x3e,0x7e,
        0xf7,0x13,0x89,0xbf,0x00,0x00,0x7c,0xdb,0x57,0x43,0x00,0x00,0xf7,0x03,0x89,0xbf,
        0x00,0x00,0x7c,0xdb,0x59,0x47,0x00,0x00,0x00,0x02,0x7c,0xdb,0x59,0x4b,0x00,0x00,
        0x00,0x04,0x7c,0xdb,0x59,0x4f,0x00,0x00,0x00,0x06,0x7c,0xdb,0x59,0x53,0x00,0x00,
        0x37,0xd2,0x98,0x7c,0x3c,0xd0,0xd0,0x4a,0x37,0xda,0xec,0x02,0x75,0x00,0x01,0xd5,
        0x19,0x00,0xa9,0x01,0x69,0xed,0xd2,0x4c,0x6c,0xeb,0xee,0x4a,0x1b,0xee,0x98,0x7c,
        0x80,0xee,0xee,0x02,0x78,0x00,0x01,0xd5,0x36,0x00,0xa9,0x01,0x3d,0xee,0x98,0x7c,
        0x3d,0xd4,0xe8,0x02,0x75,0x00,0x01,0xd5,0x36,0x00,0xa9,0x01,0x77,0xe9,0xee,0x4c,
        0x78,0x00,0x55,0xd6,0x78,0xeb,0xc6,0x00,0x77,0xd9,0xf2,0x4c,0x6b,0xf1,0xd6,0x4a,
        0x77,0x03,0xd8,0x7e,0x74,0x00,0x09,0xd5,0x79,0x27,0x00,0x00,0x75,0x00,0x0b,0xd5,
        0x78,0x25,0x00,0x00,0x76,0x00,0x09,0xd5,0x76,0x23,0x00,0x00,0xff,0xf2,0xf2,0x36,
        0xff,0xff,0x00,0x00,0x74,0xeb,0xe8,0x4a,0x74,0xed,0xee,0x4c,0x0c,0xd2,0x98,0x7c,
        0x78,0x00,0x56,0xd6,0x78,0x21,0xe5,0x05,0x76,0x00,0x01,0xd5,0x80,0x02,0xa9,0x01,
        0x77,0xb7,0xb6,0x4a,0x77,0xb9,0xb8,0x4a,0x77,0xbb,0xba,0x4a,0x77,0xbd,0xbc,0x4a,
        0x74,0x00,0x10,0xd6,0x67,0x01,0x05,0x02,0x5f,0x40,0x0a,0xcc,0x78,0xbf,0x02,0x18,
        0x76,0xe9,0xc6,0x36,0x74,0x00,0x10,0xd6,0x67,0x03,0x05,0x02,0x60,0x40,0x0a,0xcc,
        0x78,0xc1,0x02,0x18,0x76,0xe9,0xc8,0x36,0x74,0x00,0x10,0xd6,0x67,0x05,0x05,0x02,
        0x61,0x40,0x0a,0xcc,0x78,0xc3,0x02,0x18,0x76,0xe9,0xca,0x36,0x74,0x00,0x10,0xd6,
        0x67,0x07,0x05,0x02,0x62,0x40,0x0a,0xcc,0x78,0xc5,0x02,0x18,0x76,0xe9,0xcc,0x36,
        0x74,0x00,0x10,0xd6,0x67,0x05,0x05,0x02,0x08,0xbe,0x98,0x7c,0x80,0xc6,0xc6,0x02,
        0x75,0x00,0x10,0xd6,0x67,0x07,0x05,0x02,0x08,0xc0,0x98,0x7c,0x80,0xc8,0xc8,0x02,
        0x74,0xed,0xca,0x36,0x09,0xbe,0x78,0x7c,0x80,0xc6,0xc6,0x02,0x75,0xed,0xcc,0x36,
        0x09,0xc0,0x78,0x7c,0x80,0xc8,0xc8,0x02,0x08,0xc2,0x98,0x7c,0x80,0xca,0xca,0x02,
        0x08,0xc4,0x98,0x7c,0x80,0xcc,0xcc,0x02,0x09,0xc2,0x78,0x7c,0x80,0xca,0xca,0x02,
        0x09,0xc4,0x78,0x7c,0x80,0xcc,0xcc,0x02,0x07,0xfc,0x89,0xbf,0x00,0x00,0xbd,0xbf,
        0x00,0x00,0xfc,0xdb,0x5a,0x00,0x00,0x32,0x00,0x08,0xfc,0xdb,0x5a,0x00,0x00,0x36,
        0x00,0x00,0xfc,0xdb,0x58,0x00,0x00,0x21,0x00,0x02,0xfc,0xdb,0x58,0x00,0x00,0x25,
        0x00,0x01,0xfc,0xdb,0x58,0x00,0x00,0x29,0x00,0x03,0xfc,0xdb,0x58,0x00,0x00,0x2d,
        0x05,0xa0,0x86,0x81,0x06,0x80,0x02,0xbf,0xcb,0x00,0xa1,0xbf,0x00,0x00,0x5c,0xe0,
        0x68,0x43,0x48,0x40,0x80,0x02,0x8e,0x7e,0x80,0x02,0x90,0x7e,0x80,0x02,0x92,0x7e,
        0x80,0x02,0x94,0x7e,0x80,0x02,0x96,0x7e,0x80,0x02,0x98,0x7e,0x80,0x02,0x9a,0x7e,
        0x80,0x02,0x9c,0x7e,0x80,0x02,0x9e,0x7e,0x80,0x02,0xa0,0x7e,0x80,0x02,0xa2,0x7e,
        0x80,0x02,0xa4,0x7e,0x80,0x02,0xa6,0x7e,0x80,0x02,0xa8,0x7e,0x80,0x02,0xaa,0x7e,
        0x80,0x02,0xac,0x7e,0x81,0xc6,0x96,0x7d,0x00,0x00,0x5c,0xe0,0x5b,0x47,0x47,0x3f,
        0xc1,0x01,0xfe,0xbe,0x81,0xc8,0x96,0x7d,0x00,0x00,0x5c,0xe0,0x5c,0x4b,0x47,0x3f,
        0xc1,0x01,0xfe,0xbe,0x81,0xca,0x96,0x7d,0x00,0x00,0x5c,0xe0,0x5d,0x4f,0x47,0x3f,
        0xc1,0x01,0xfe,0xbe,0x81,0xcc,0x96,0x7d,0x00,0x00,0x5c,0xe0,0x5e,0x53,0x47,0x3f,
        0xc1,0x01,0xfe,0xbe,0x00,0x04,0xfc,0xdb,0x5a,0x00,0x00,0x3a,0x00,0x0c,0xfc,0xdb,
        0x5a,0x00,0x00,0x3e,0x47,0xfc,0x89,0xbf,0x00,0x40,0x40,0xcc,0x21,0x65,0x02,0x1c,
        0x27,0xfc,0x89,0xbf,0x10,0x40,0x40,0xcc,0x29,0x65,0x42,0x1c,0x00,0x10,0xfc,0xdb,
        0x5a,0x00,0x00,0x32,0x00,0x18,0xfc,0xdb,0x5a,0x00,0x00,0x36,0x27,0xfc,0x89,0xbf,
        0x08,0x40,0x40,0xcc,0x21,0x75,0x22,0x1c,0x00,0x04,0xfc,0xdb,0x58,0x00,0x00,0x21,
        0x00,0x06,0xfc,0xdb,0x58,0x00,0x00,0x25,0x18,0x40,0x40,0xcc,0x29,0x75,0x62,0x1c,
        0x00,0x05,0xfc,0xdb,0x58,0x00,0x00,0x29,0x00,0x07,0xfc,0xdb,0x58,0x00,0x00,0x2d,
        0x00,0x14,0xfc,0xdb,0x5a,0x00,0x00,0x3a,0x00,0x1c,0xfc,0xdb,0x5a,0x00,0x00,0x3e,
        0x47,0xfc,0x89,0xbf,0x00,0x40,0x40,0xcc,0x21,0x65,0x02,0x1c,0x27,0xfc,0x89,0xbf,
        0x10,0x40,0x40,0xcc,0x29,0x65,0x42,0x1c,0x07,0xfc,0x89,0xbf,0xf7,0x13,0x89,0xbf,
        0x00,0x00,0xbd,0xbf,0x00,0x00,0x7c,0xdb,0x57,0x43,0x00,0x00,0xf7,0x03,0x89,0xbf,
        0x00,0x00,0x7c,0xdb,0x59,0x47,0x00,0x00,0x00,0x02,0x7c,0xdb,0x59,0x4b,0x00,0x00,
        0x00,0x04,0x7c,0xdb,0x59,0x4f,0x00,0x00,0x00,0x06,0x7c,0xdb,0x59,0x53,0x00,0x00,
        0x08,0x40,0x40,0xcc,0x21,0x75,0x22,0x1c,0x18,0x40,0x40,0xcc,0x29,0x75,0x62,0x1c,
        0x06,0xa0,0x86,0x81,0x06,0x80,0x02,0xbf,0x61,0x00,0xa1,0xbf,0x37,0xd2,0x98,0x7c,
        0x3c,0xd0,0xd0,0x4a,0x37,0xda,0xec,0x02,0x75,0x00,0x01,0xd5,0x19,0x00,0xa9,0x01,
        0x69,0xed,0xd2,0x4c,0x6c,0xeb,0xee,0x4a,0x1b,0xee,0x98,0x7c,0x80,0xee,0xee,0x02,
        0x78,0x00,0x01,0xd5,0x36,0x00,0xa9,0x01,0x3d,0xee,0x98,0x7c,0x3d,0xd4,0xe8,0x02,
        0x75,0x00,0x01,0xd5,0x36,0x00,0xa9,0x01,0x77,0xe9,0xee,0x4c,0x78,0x00,0x55,0xd6,
        0x78,0xeb,0xc6,0x00,0x77,0xd9,0xf2,0x4c,0x6b,0xf1,0xd6,0x4a,0x77,0x03,0xd8,0x7e,
        0x74,0x00,0x09,0xd5,0x79,0x27,0x00,0x00,0x75,0x00,0x0b,0xd5,0x78,0x25,0x00,0x00,
        0x76,0x00,0x09,0xd5,0x76,0x23,0x00,0x00,0xff,0xf2,0xf2,0x36,0xff,0xff,0x00,0x00,
        0x74,0xeb,0xe8,0x4a,0x74,0xed,0xee,0x4c,0x0c,0xd2,0x98,0x7c,0x78,0x00,0x56,0xd6,
        0x78,0x21,0xe5,0x05,0x76,0x00,0x01,0xd5,0x80,0x02,0xa9,0x01,0x77,0xb7,0xb6,0x4a,
        0x77,0xb9,0xb8,0x4a,0x77,0xbb,0xba,0x4a,0x77,0xbd,0xbc,0x4a,0x74,0x00,0x10,0xd6,
        0x67,0x01,0x05,0x02,0x5f,0x40,0x0a,0xcc,0x78,0xbf,0x02,0x18,0x76,0xe9,0xc6,0x36,
        0x74,0x00,0x10,0xd6,0x67,0x03,0x05,0x02,0x60,0x40,0x0a,0xcc,0x78,0xc1,0x02,0x18,
        0x76,0xe9,0xc8,0x36,0x74,0x00,0x10,0xd6,0x67,0x05,0x05,0x02,0x61,0x40,0x0a,0xcc,
        0x78,0xc3,0x02,0x18,0x76,0xe9,0xca,0x36,0x74,0x00,0x10,0xd6,0x67,0x07,0x05,0x02,
        0x62,0x40,0x0a,0xcc,0x78,0xc5,0x02,0x18,0x76,0xe9,0xcc,0x36,0x74,0x00,0x10,0xd6,
        0x67,0x05,0x05,0x02,0x08,0xbe,0x98,0x7c,0x80,0xc6,0xc6,0x02,0x75,0x00,0x10,0xd6,
        0x67,0x07,0x05,0x02,0x08,0xc0,0x98,0x7c,0x80,0xc8,0xc8,0x02,0x74,0xed,0xca,0x36,
        0x09,0xbe,0x78,0x7c,0x80,0xc6,0xc6,0x02,0x75,0xed,0xcc,0x36,0x09,0xc0,0x78,0x7c,
        0x80,0xc8,0xc8,0x02,0x08,0xc2,0x98,0x7c,0x80,0xca,0xca,0x02,0x08,0xc4,0x98,0x7c,
        0x80,0xcc,0xcc,0x02,0x09,0xc2,0x78,0x7c,0x80,0xca,0xca,0x02,0x09,0xc4,0x78,0x7c,
        0x80,0xcc,0xcc,0x02,0x07,0xfc,0x89,0xbf,0x00,0x00,0xbd,0xbf,0x00,0x00,0xfc,0xdb,
        0x5a,0x00,0x00,0x32,0x00,0x08,0xfc,0xdb,0x5a,0x00,0x00,0x36,0x00,0x00,0xfc,0xdb,
        0x58,0x00,0x00,0x21,0x00,0x02,0xfc,0xdb,0x58,0x00,0x00,0x25,0x00,0x01,0xfc,0xdb,
        0x58,0x00,0x00,0x29,0x00,0x03,0xfc,0xdb,0x58,0x00,0x00,0x2d,0x43,0xff,0xa0,0xbf,
        0x07,0xfc,0x89,0xbf,0x00,0x00,0xbd,0xbf,0x00,0x00,0xfc,0xdb,0x5a,0x00,0x00,0x32,
        0x00,0x08,0xfc,0xdb,0x5a,0x00,0x00,0x36,0x00,0x00,0xfc,0xdb,0x58,0x00,0x00,0x21,
        0x00,0x02,0xfc,0xdb,0x58,0x00,0x00,0x25,0x00,0x01,0xfc,0xdb,0x58,0x00,0x00,0x29,
        0x00,0x03,0xfc,0xdb,0x58,0x00,0x00,0x2d,0x00,0x04,0xfc,0xdb,0x5a,0x00,0x00,0x3a,
        0x00,0x0c,0xfc,0xdb,0x5a,0x00,0x00,0x3e,0x47,0xfc,0x89,0xbf,0x00,0x40,0x40,0xcc,
        0x21,0x65,0x02,0x1c,0x27,0xfc,0x89,0xbf,0x10,0x40,0x40,0xcc,0x29,0x65,0x42,0x1c,
        0x00,0x10,0xfc,0xdb,0x5a,0x00,0x00,0x32,0x00,0x18,0xfc,0xdb,0x5a,0x00,0x00,0x36,
        0x27,0xfc,0x89,0xbf,0x08,0x40,0x40,0xcc,0x21,0x75,0x22,0x1c,0x00,0x04,0xfc,0xdb,
        0x58,0x00,0x00,0x21,0x00,0x06,0xfc,0xdb,0x58,0x00,0x00,0x25,0x18,0x40,0x40,0xcc,
        0x29,0x75,0x62,0x1c,0x00,0x05,0xfc,0xdb,0x58,0x00,0x00,0x29,0x00,0x07,0xfc,0xdb,
        0x58,0x00,0x00,0x2d,0x00,0x14,0xfc,0xdb,0x5a,0x00,0x00,0x3a,0x00,0x1c,0xfc,0xdb,
        0x5a,0x00,0x00,0x3e,0x47,0xfc,0x89,0xbf,0x00,0x40,0x40,0xcc,0x21,0x65,0x02,0x1c,
        0x27,0xfc,0x89,0xbf,0x10,0x40,0x40,0xcc,0x29,0x65,0x42,0x1c,0x07,0xfc,0x89,0xbf,
        0x08,0x40,0x40,0xcc,0x21,0x75,0x22,0x1c,0x18,0x40,0x40,0xcc,0x29,0x75,0x62,0x1c,
        0x80,0x00,0x81,0xbe,0x15,0x82,0x15,0x96,0x3a,0xe2,0xda,0x4a,0x74,0x00,0x2d,0xd7,
        0x2b,0xda,0x02,0x00,0x74,0xdb,0xe8,0x4a,0x42,0xe8,0xee,0x32,0x74,0x00,0x2c,0xd7,
        0x0f,0xee,0x02,0x00,0x6d,0xe9,0xb2,0x4c,0x74,0x00,0x2d,0xd7,0x2a,0xee,0x02,0x00,
        0x74,0xef,0xe8,0x4a,0x41,0xe8,0xae,0x32,0x74,0x00,0x2c,0xd7,0x0e,0xae,0x02,0x00,
        0x77,0xe9,0xb0,0x4c,0x5b,0x00,0x0b,0xd6,0x17,0xb2,0xba,0x05,0x3e,0xda,0x98,0x7c,
        0x74,0x00,0x2c,0xd7,0x14,0xae,0x02,0x00,0x75,0x00,0x2c,0xd7,0x16,0xb0,0x02,0x00,
        0x80,0xe0,0xde,0x02,0x5b,0x00,0x55,0xd6,0x74,0xeb,0x6e,0x05,0x80,0x00,0x28,0x7c,
        0x00,0x00,0x01,0xd5,0x00,0x01,0xa9,0x01,0x80,0x02,0x28,0x7c,0x01,0x00,0x01,0xd5,
        0x01,0x01,0xa9,0x01,0x80,0x04,0x28,0x7c,0x02,0x00,0x01,0xd5,0x02,0x01,0xa9,0x01,
        0x80,0x06,0x28,0x7c,0x03,0x00,0x01,0xd5,0x03,0x01,0xa9,0x01,0x80,0x08,0x28,0x7c,
        0x04,0x00,0x01,0xd5,0x04,0x01,0xa9,0x01,0x80,0x0a,0x28,0x7c,0x05,0x00,0x01,0xd5,
        0x05,0x01,0xa9,0x01,0x80,0x0c,0x28,0x7c,0x06,0x00,0x01,0xd5,0x06,0x01,0xa9,0x01,
        0x80,0x0e,0x28,0x7c,0x07,0x00,0x01,0xd5,0x07,0x01,0xa9,0x01,0x00,0x03,0x00,0x5e,
        0x02,0x07,0x02,0x5e,0x04,0x0b,0x04,0x5e,0x06,0x0f,0x06,0x5e,0x81,0xde,0x96,0x7d,
        0x00,0x00,0x74,0xe0,0x5b,0x00,0x49,0x01,0xc1,0x01,0xfe,0xbe,0xc0,0xe2,0xf2,0x4a,
        0x3a,0xf2,0xda,0x4a,0x74,0x00,0x2d,0xd7,0x2b,0xda,0x02,0x00,0x74,0xdb,0xe8,0x4a,
        0x42,0xe8,0xee,0x32,0x74,0x00,0x2c,0xd7,0x0f,0xee,0x02,0x00,0x6d,0xe9,0xb2,0x4c,
        0x74,0x00,0x2d,0xd7,0x2a,0xee,0x02,0x00,0x74,0xef,0xe8,0x4a,0x41,0xe8,0xae,0x32,
        0x74,0x00,0x2c,0xd7,0x0e,0xae,0x02,0x00,0x77,0xe9,0xb0,0x4c,0x5b,0x00,0x0b,0xd6,
        0x17,0xb2,0xba,0x05,0x3e,0xda,0x98,0x7c,0x74,0x00,0x2c,0xd7,0x14,0xae,0x02,0x00,
        0x75,0x00,0x2c,0xd7,0x16,0xb0,0x02,0x00,0x80,0xe0,0xde,0x02,0x5b,0x00,0x55,0xd6,
        0x74,0xeb,0x6e,0x05,0x80,0x10,0x28,0x7c,0x08,0x00,0x01,0xd5,0x08,0x01,0xa9,0x01,
        0x80,0x12,0x28,0x7c,0x09,0x00,0x01,0xd5,0x09,0x01,0xa9,0x01,0x80,0x14,0x28,0x7c,
        0x0a,0x00,0x01,0xd5,0x0a,0x01,0xa9,0x01,0x80,0x16,0x28,0x7c,0x0b,0x00,0x01,0xd5,
        0x0b,0x01,0xa9,0x01,0x80,0x18,0x28,0x7c,0x0c,0x00,0x01,0xd5,0x0c,0x01,0xa9,0x01,
        0x80,0x1a,0x28,0x7c,0x0d,0x00,0x01,0xd5,0x0d,0x01,0xa9,0x01,0x80,0x1c,0x28,0x7c,
        0x0e,0x00,0x01,0xd5,0x0e,0x01,0xa9,0x01,0x80,0x1e,0x28,0x7c,0x0f,0x00,0x01,0xd5,
        0x0f,0x01,0xa9,0x01,0x08,0x13,0x10,0x5e,0x0a,0x17,0x12,0x5e,0x0c,0x1b,0x14,0x5e,
        0x0e,0x1f,0x16,0x5e,0x81,0xde,0x96,0x7d,0x00,0x00,0x74,0xe0,0x5b,0x08,0x49,0x01,
        0xc1,0x01,0xfe,0xbe,0x90,0xe4,0xe4,0x4a,0x15,0x01,0x01,0x80,0x34,0xe4,0x98,0x7c,
        0x70,0x00,0x01,0xd5,0x80,0x02,0xa9,0x01,0x3a,0xe2,0xda,0x4a,0x74,0x00,0x2d,0xd7,
        0x2b,0xda,0x02,0x00,0x74,0xdb,0xe8,0x4a,0x42,0xe8,0xee,0x32,0x74,0x00,0x2c,0xd7,
        0x0f,0xee,0x02,0x00,0x6d,0xe9,0xb2,0x4c,0x74,0x00,0x2d,0xd7,0x2a,0xee,0x02,0x00,
        0x74,0xef,0xe8,0x4a,0x41,0xe8,0xae,0x32,0x74,0x00,0x2c,0xd7,0x0e,0xae,0x02,0x00,
        0x77,0xe9,0xb0,0x4c,0x5b,0x00,0x0b,0xd6,0x17,0xb2,0xba,0x05,0x3e,0xda,0x98,0x7c,
        0x74,0x00,0x2c,0xd7,0x14,0xae,0x02,0x00,0x75,0x00,0x2c,0xd7,0x16,0xb0,0x02,0x00,
        0x80,0xe0,0xde,0x02,0x5b,0x00,0x55,0xd6,0x74,0xeb,0x6e,0x05,0x80,0x20,0x28,0x7c,
        0x10,0x00,0x01,0xd5,0x10,0x01,0xa9,0x01,0x80,0x22,0x28,0x7c,0x11,0x00,0x01,0xd5,
        0x11,0x01,0xa9,0x01,0x80,0x24,0x28,0x7c,0x12,0x00,0x01,0xd5,0x12,0x01,0xa9,0x01,
        0x80,0x26,0x28,0x7c,0x13,0x00,0x01,0xd5,0x13,0x01,0xa9,0x01,0x80,0x28,0x28,0x7c,
        0x14,0x00,0x01,0xd5,0x14,0x01,0xa9,0x01,0x80,0x2a,0x28,0x7c,0x15,0x00,0x01,0xd5,
        0x15,0x01,0xa9,0x01,0x80,0x2c,0x28,0x7c,0x16,0x00,0x01,0xd5,0x16,0x01,0xa9,0x01,
        0x80,0x2e,0x28,0x7c,0x17,0x00,0x01,0xd5,0x17,0x01,0xa9,0x01,0x10,0x23,0x20,0x5e,
        0x12,0x27,0x22,0x5e,0x14,0x2b,0x24,0x5e,0x16,0x2f,0x26,0x5e,0x81,0xde,0x96,0x7d,
        0x00,0x00,0x74,0xe0,0x5b,0x10,0x49,0x01,0xc1,0x01,0xfe,0xbe,0xc0,0xe2,0xf2,0x4a,
        0x3a,0xf2,0xda,0x4a,0x74,0x00,0x2d,0xd7,0x2b,0xda,0x02,0x00,0x74,0xdb,0xe8,0x4a,
        0x42,0xe8,0xee,0x32,0x74,0x00,0x2c,0xd7,0x0f,0xee,0x02,0x00,0x6d,0xe9,0xb2,0x4c,
        0x74,0x00,0x2d,0xd7,0x2a,0xee,0x02,0x00,0x74,0xef,0xe8,0x4a,0x41,0xe8,0xae,0x32,
        0x74,0x00,0x2c,0xd7,0x0e,0xae,0x02,0x00,0x77,0xe9,0xb0,0x4c,0x5b,0x00,0x0b,0xd6,
        0x17,0xb2,0xba,0x05,0x3e,0xda,0x98,0x7c,0x74,0x00,0x2c,0xd7,0x14,0xae,0x02,0x00,
        0x75,0x00,0x2c,0xd7,0x16,0xb0,0x02,0x00,0x80,0xe0,0xde,0x02,0x5b,0x00,0x55,0xd6,
        0x74,0xeb,0x6e,0x05,0x80,0x30,0x28,0x7c,0x18,0x00,0x01,0xd5,0x18,0x01,0xa9,0x01,
        0x80,0x32,0x28,0x7c,0x19,0x00,0x01,0xd5,0x19,0x01,0xa9,0x01,0x80,0x34,0x28,0x7c,
        0x1a,0x00,0x01,0xd5,0x1a,0x01,0xa9,0x01,0x80,0x36,0x28,0x7c,0x1b,0x00,0x01,0xd5,
        0x1b,0x01,0xa9,0x01,0x80,0x38,0x28,0x7c,0x1c,0x00,0x01,0xd5,0x1c,0x01,0xa9,0x01,
        0x80,0x3a,0x28,0x7c,0x1d,0x00,0x01,0xd5,0x1d,0x01,0xa9,0x01,0x80,0x3c,0x28,0x7c,
        0x1e,0x00,0x01,0xd5,0x1e,0x01,0xa9,0x01,0x80,0x3e,0x28,0x7c,0x1f,0x00,0x01,0xd5,
        0x1f,0x01,0xa9,0x01,0x18,0x33,0x30,0x5e,0x1a,0x37,0x32,0x5e,0x1c,0x3b,0x34,0x5e,
        0x1e,0x3f,0x36,0x5e,0x81,0xde,0x96,0x7d,0x00,0x00,0x74,0xe0,0x5b,0x18,0x49,0x01,
        0xc1,0x01,0xfe,0xbe,0x00,0x00,0xb0,0xbf,0x00,0x00,0x00,0x00,0x00,0x00,0x00,0x00,
        0x00,0x00,0x00,0x00,0x00,0x00,0x00,0x00,0x00,0x00,0x00,0x00,0x00,0x00,0x00,0x00,
        0x00,0x28,0x00,0x00,0x00,0x00,0x00,0x00,0x00,0x00,0x00,0x00,0x00,0x00,0x00,0x00,
        0x00,0x00,0x00,0x00,0x00,0x00,0x00,0x00,0x00,0x00,0x00,0x00,0x00,0x00,0x00,0x00,
        0x00,0x00,0x00,0x00,0x00,0x00,0x00,0x00,0x00,0x00,0x00,0x00,0x00,0x00,0x00,0x00,
        0x0f,0x00,0x0c,0x40,0x84,0x03,0x00,0x00,0x08,0x04,0x00,0x00,0x00,0x00,0x00,0x00,
        0x07,0x00,0x00,0x00,0x3a,0x0b,0x00,0x00,0x20,0x00,0x00,0x00,0x41,0x4d,0x44,0x47,
        0x50,0x55,0x00,0x00,0x82,0xae,0x61,0x6d,0x64,0x68,0x73,0x61,0x2e,0x6b,0x65,0x72,
        0x6e,0x65,0x6c,0x73,0x91,0x8c,0xa5,0x2e,0x61,0x72,0x67,0x73,0xdc,0x00,0x21,0x87,
        0xae,0x2e,0x61,0x64,0x64,0x72,0x65,0x73,0x73,0x5f,0x73,0x70,0x61,0x63,0x65,0xa6,
        0x67,0x6c,0x6f,0x62,0x61,0x6c,0xa9,0x2e,0x69,0x73,0x5f,0x63,0x6f,0x6e,0x73,0x74,
        0xc3,0xa5,0x2e,0x6e,0x61,0x6d,0x65,0xa4,0x70,0x5f,0x69,0x6e,0xa7,0x2e,0x6f,0x66,
        0x66,0x73,0x65,0x74,0x00,0xa5,0x2e,0x73,0x69,0x7a,0x65,0x08,0xab,0x2e,0x76,0x61,
        0x6c,0x75,0x65,0x5f,0x6b,0x69,0x6e,0x64,0xad,0x67,0x6c,0x6f,0x62,0x61,0x6c,0x5f,
        0x62,0x75,0x66,0x66,0x65,0x72,0xab,0x2e,0x76,0x61,0x6c,0x75,0x65,0x5f,0x74,0x79,
        0x70,0x65,0xa3,0x66,0x33,0x32,0x87,0xae,0x2e,0x61,0x64,0x64,0x72,0x65,0x73,0x73,
        0x5f,0x73,0x70,0x61,0x63,0x65,0xa6,0x67,0x6c,0x6f,0x62,0x61,0x6c,0xa9,0x2e,0x69,
        0x73,0x5f,0x63,0x6f,0x6e,0x73,0x74,0xc3,0xa5,0x2e,0x6e,0x61,0x6d,0x65,0xa5,0x70,
        0x5f,0x77,0x65,0x69,0xa7,0x2e,0x6f,0x66,0x66,0x73,0x65,0x74,0x08,0xa5,0x2e,0x73,
        0x69,0x7a,0x65,0x08,0xab,0x2e,0x76,0x61,0x6c,0x75,0x65,0x5f,0x6b,0x69,0x6e,0x64,
        0xad,0x67,0x6c,0x6f,0x62,0x61,0x6c,0x5f,0x62,0x75,0x66,0x66,0x65,0x72,0xab,0x2e,
        0x76,0x61,0x6c,0x75,0x65,0x5f,0x74,0x79,0x70,0x65,0xa3,0x66,0x33,0x32,0x87,0xae,
        0x2e,0x61,0x64,0x64,0x72,0x65,0x73,0x73,0x5f,0x73,0x70,0x61,0x63,0x65,0xa6,0x67,
        0x6c,0x6f,0x62,0x61,0x6c,0xa9,0x2e,0x69,0x73,0x5f,0x63,0x6f,0x6e,0x73,0x74,0xc2,
        0xa5,0x2e,0x6e,0x61,0x6d,0x65,0xa5,0x70,0x5f,0x6f,0x75,0x74,0xa7,0x2e,0x6f,0x66,
        0x66,0x73,0x65,0x74,0x10,0xa5,0x2e,0x73,0x69,0x7a,0x65,0x08,0xab,0x2e,0x76,0x61,
        0x6c,0x75,0x65,0x5f,0x6b,0x69,0x6e,0x64,0xad,0x67,0x6c,0x6f,0x62,0x61,0x6c,0x5f,
        0x62,0x75,0x66,0x66,0x65,0x72,0xab,0x2e,0x76,0x61,0x6c,0x75,0x65,0x5f,0x74,0x79,
        0x70,0x65,0xa3,0x66,0x33,0x32,0x87,0xae,0x2e,0x61,0x64,0x64,0x72,0x65,0x73,0x73,
        0x5f,0x73,0x70,0x61,0x63,0x65,0xa6,0x67,0x6c,0x6f,0x62,0x61,0x6c,0xa9,0x2e,0x69,
        0x73,0x5f,0x63,0x6f,0x6e,0x73,0x74,0xc3,0xa5,0x2e,0x6e,0x61,0x6d,0x65,0xa6,0x70,
        0x5f,0x62,0x69,0x61,0x73,0xa7,0x2e,0x6f,0x66,0x66,0x73,0x65,0x74,0x18,0xa5,0x2e,
        0x73,0x69,0x7a,0x65,0x08,0xab,0x2e,0x76,0x61,0x6c,0x75,0x65,0x5f,0x6b,0x69,0x6e,
        0x64,0xad,0x67,0x6c,0x6f,0x62,0x61,0x6c,0x5f,0x62,0x75,0x66,0x66,0x65,0x72,0xab,
        0x2e,0x76,0x61,0x6c,0x75,0x65,0x5f,0x74,0x79,0x70,0x65,0xa3,0x66,0x33,0x32,0x85,
        0xa5,0x2e,0x6e,0x61,0x6d,0x65,0xa2,0x68,0x69,0xa7,0x2e,0x6f,0x66,0x66,0x73,0x65,
        0x74,0x20,0xa5,0x2e,0x73,0x69,0x7a,0x65,0x04,0xab,0x2e,0x76,0x61,0x6c,0x75,0x65,
        0x5f,0x6b,0x69,0x6e,0x64,0xa8,0x62,0x79,0x5f,0x76,0x61,0x6c,0x75,0x65,0xab,0x2e,
        0x76,0x61,0x6c,0x75,0x65,0x5f,0x74,0x79,0x70,0x65,0xa3,0x69,0x33,0x32,0x85,0xa5,
        0x2e,0x6e,0x61,0x6d,0x65,0xa2,0x77,0x69,0xa7,0x2e,0x6f,0x66,0x66,0x73,0x65,0x74,
        0x24,0xa5,0x2e,0x73,0x69,0x7a,0x65,0x04,0xab,0x2e,0x76,0x61,0x6c,0x75,0x65,0x5f,
        0x6b,0x69,0x6e,0x64,0xa8,0x62,0x79,0x5f,0x76,0x61,0x6c,0x75,0x65,0xab,0x2e,0x76,
        0x61,0x6c,0x75,0x65,0x5f,0x74,0x79,0x70,0x65,0xa3,0x69,0x33,0x32,0x85,0xa5,0x2e,
        0x6e,0x61,0x6d,0x65,0xa1,0x6e,0xa7,0x2e,0x6f,0x66,0x66,0x73,0x65,0x74,0x28,0xa5,
        0x2e,0x73,0x69,0x7a,0x65,0x04,0xab,0x2e,0x76,0x61,0x6c,0x75,0x65,0x5f,0x6b,0x69,
        0x6e,0x64,0xa8,0x62,0x79,0x5f,0x76,0x61,0x6c,0x75,0x65,0xab,0x2e,0x76,0x61,0x6c,
        0x75,0x65,0x5f,0x74,0x79,0x70,0x65,0xa3,0x69,0x33,0x32,0x85,0xa5,0x2e,0x6e,0x61,
        0x6d,0x65,0xa1,0x6b,0xa7,0x2e,0x6f,0x66,0x66,0x73,0x65,0x74,0x2c,0xa5,0x2e,0x73,
        0x69,0x7a,0x65,0x04,0xab,0x2e,0x76,0x61,0x6c,0x75,0x65,0x5f,0x6b,0x69,0x6e,0x64,
        0xa8,0x62,0x79,0x5f,0x76,0x61,0x6c,0x75,0x65,0xab,0x2e,0x76,0x61,0x6c,0x75,0x65,
        0x5f,0x74,0x79,0x70,0x65,0xa3,0x69,0x33,0x32,0x85,0xa5,0x2e,0x6e,0x61,0x6d,0x65,
        0xa1,0x63,0xa7,0x2e,0x6f,0x66,0x66,0x73,0x65,0x74,0x30,0xa5,0x2e,0x73,0x69,0x7a,
        0x65,0x04,0xab,0x2e,0x76,0x61,0x6c,0x75,0x65,0x5f,0x6b,0x69,0x6e,0x64,0xa8,0x62,
        0x79,0x5f,0x76,0x61,0x6c,0x75,0x65,0xab,0x2e,0x76,0x61,0x6c,0x75,0x65,0x5f,0x74,
        0x79,0x70,0x65,0xa3,0x69,0x33,0x32,0x85,0xa5,0x2e,0x6e,0x61,0x6d,0x65,0xa1,0x67,
        0xa7,0x2e,0x6f,0x66,0x66,0x73,0x65,0x74,0x34,0xa5,0x2e,0x73,0x69,0x7a,0x65,0x04,
        0xab,0x2e,0x76,0x61,0x6c,0x75,0x65,0x5f,0x6b,0x69,0x6e,0x64,0xa8,0x62,0x79,0x5f,
        0x76,0x61,0x6c,0x75,0x65,0xab,0x2e,0x76,0x61,0x6c,0x75,0x65,0x5f,0x74,0x79,0x70,
        0x65,0xa3,0x69,0x33,0x32,0x85,0xa5,0x2e,0x6e,0x61,0x6d,0x65,0xa2,0x68,0x6f,0xa7,
        0x2e,0x6f,0x66,0x66,0x73,0x65,0x74,0x38,0xa5,0x2e,0x73,0x69,0x7a,0x65,0x04,0xab,
        0x2e,0x76,0x61,0x6c,0x75,0x65,0x5f,0x6b,0x69,0x6e,0x64,0xa8,0x62,0x79,0x5f,0x76,
        0x61,0x6c,0x75,0x65,0xab,0x2e,0x76,0x61,0x6c,0x75,0x65,0x5f,0x74,0x79,0x70,0x65,
        0xa3,0x69,0x33,0x32,0x85,0xa5,0x2e,0x6e,0x61,0x6d,0x65,0xa2,0x77,0x6f,0xa7,0x2e,
        0x6f,0x66,0x66,0x73,0x65,0x74,0x3c,0xa5,0x2e,0x73,0x69,0x7a,0x65,0x04,0xab,0x2e,
        0x76,0x61,0x6c,0x75,0x65,0x5f,0x6b,0x69,0x6e,0x64,0xa8,0x62,0x79,0x5f,0x76,0x61,
        0x6c,0x75,0x65,0xab,0x2e,0x76,0x61,0x6c,0x75,0x65,0x5f,0x74,0x79,0x70,0x65,0xa3,
        0x69,0x33,0x32,0x85,0xa5,0x2e,0x6e,0x61,0x6d,0x65,0xab,0x69,0x6e,0x5f,0x73,0x74,
        0x72,0x69,0x64,0x65,0x5f,0x6e,0xa7,0x2e,0x6f,0x66,0x66,0x73,0x65,0x74,0x40,0xa5,
        0x2e,0x73,0x69,0x7a,0x65,0x04,0xab,0x2e,0x76,0x61,0x6c,0x75,0x65,0x5f,0x6b,0x69,
        0x6e,0x64,0xa8,0x62,0x79,0x5f,0x76,0x61,0x6c,0x75,0x65,0xab,0x2e,0x76,0x61,0x6c,
        0x75,0x65,0x5f,0x74,0x79,0x70,0x65,0xa3,0x69,0x33,0x32,0x85,0xa5,0x2e,0x6e,0x61,
        0x6d,0x65,0xab,0x69,0x6e,0x5f,0x73,0x74,0x72,0x69,0x64,0x65,0x5f,0x63,0xa7,0x2e,
        0x6f,0x66,0x66,0x73,0x65,0x74,0x44,0xa5,0x2e,0x73,0x69,0x7a,0x65,0x04,0xab,0x2e,
        0x76,0x61,0x6c,0x75,0x65,0x5f,0x6b,0x69,0x6e,0x64,0xa8,0x62,0x79,0x5f,0x76,0x61,
        0x6c,0x75,0x65,0xab,0x2e,0x76,0x61,0x6c,0x75,0x65,0x5f,0x74,0x79,0x70,0x65,0xa3,
        0x69,0x33,0x32,0x85,0xa5,0x2e,0x6e,0x61,0x6d,0x65,0xab,0x69,0x6e,0x5f,0x73,0x74,
        0x72,0x69,0x64,0x65,0x5f,0x68,0xa7,0x2e,0x6f,0x66,0x66,0x73,0x65,0x74,0x48,0xa5,
        0x2e,0x73,0x69,0x7a,0x65,0x04,0xab,0x2e,0x76,0x61,0x6c,0x75,0x65,0x5f,0x6b,0x69,
        0x6e,0x64,0xa8,0x62,0x79,0x5f,0x76,0x61,0x6c,0x75,0x65,0xab,0x2e,0x76,0x61,0x6c,
        0x75,0x65,0x5f,0x74,0x79,0x70,0x65,0xa3,0x69,0x33,0x32,0x85,0xa5,0x2e,0x6e,0x61,
        0x6d,0x65,0xab,0x69,0x6e,0x5f,0x73,0x74,0x72,0x69,0x64,0x65,0x5f,0x77,0xa7,0x2e,
        0x6f,0x66,0x66,0x73,0x65,0x74,0x4c,0xa5,0x2e,0x73,0x69,0x7a,0x65,0x04,0xab,0x2e,
        0x76,0x61,0x6c,0x75,0x65,0x5f,0x6b,0x69,0x6e,0x64,0xa8,0x62,0x79,0x5f,0x76,0x61,
        0x6c,0x75,0x65,0xab,0x2e,0x76,0x61,0x6c,0x75,0x65,0x5f,0x74,0x79,0x70,0x65,0xa3,
        0x69,0x33,0x32,0x85,0xa5,0x2e,0x6e,0x61,0x6d,0x65,0xac,0x6f,0x75,0x74,0x5f,0x73,
        0x74,0x72,0x69,0x64,0x65,0x5f,0x6e,0xa7,0x2e,0x6f,0x66,0x66,0x73,0x65,0x74,0x50,
        0xa5,0x2e,0x73,0x69,0x7a,0x65,0x04,0xab,0x2e,0x76,0x61,0x6c,0x75,0x65,0x5f,0x6b,
        0x69,0x6e,0x64,0xa8,0x62,0x79,0x5f,0x76,0x61,0x6c,0x75,0x65,0xab,0x2e,0x76,0x61,
        0x6c,0x75,0x65,0x5f,0x74,0x79,0x70,0x65,0xa3,0x69,0x33,0x32,0x85,0xa5,0x2e,0x6e,
        0x61,0x6d,0x65,0xac,0x6f,0x75,0x74,0x5f,0x73,0x74,0x72,0x69,0x64,0x65,0x5f,0x6b,
        0xa7,0x2e,0x6f,0x66,0x66,0x73,0x65,0x74,0x54,0xa5,0x2e,0x73,0x69,0x7a,0x65,0x04,
        0xab,0x2e,0x76,0x61,0x6c,0x75,0x65,0x5f,0x6b,0x69,0x6e,0x64,0xa8,0x62,0x79,0x5f,
        0x76,0x61,0x6c,0x75,0x65,0xab,0x2e,0x76,0x61,0x6c,0x75,0x65,0x5f,0x74,0x79,0x70,
        0x65,0xa3,0x69,0x33,0x32,0x85,0xa5,0x2e,0x6e,0x61,0x6d,0x65,0xac,0x6f,0x75,0x74,
        0x5f,0x73,0x74,0x72,0x69,0x64,0x65,0x5f,0x68,0xa7,0x2e,0x6f,0x66,0x66,0x73,0x65,
        0x74,0x58,0xa5,0x2e,0x73,0x69,0x7a,0x65,0x04,0xab,0x2e,0x76,0x61,0x6c,0x75,0x65,
        0x5f,0x6b,0x69,0x6e,0x64,0xa8,0x62,0x79,0x5f,0x76,0x61,0x6c,0x75,0x65,0xab,0x2e,
        0x76,0x61,0x6c,0x75,0x65,0x5f,0x74,0x79,0x70,0x65,0xa3,0x69,0x33,0x32,0x85,0xa5,
        0x2e,0x6e,0x61,0x6d,0x65,0xac,0x6f,0x75,0x74,0x5f,0x73,0x74,0x72,0x69,0x64,0x65,
        0x5f,0x77,0xa7,0x2e,0x6f,0x66,0x66,0x73,0x65,0x74,0x5c,0xa5,0x2e,0x73,0x69,0x7a,
        0x65,0x04,0xab,0x2e,0x76,0x61,0x6c,0x75,0x65,0x5f,0x6b,0x69,0x6e,0x64,0xa8,0x62,
        0x79,0x5f,0x76,0x61,0x6c,0x75,0x65,0xab,0x2e,0x76,0x61,0x6c,0x75,0x65,0x5f,0x74,
        0x79,0x70,0x65,0xa3,0x69,0x33,0x32,0x85,0xa5,0x2e,0x6e,0x61,0x6d,0x65,0xa9,0x73,
        0x74,0x72,0x69,0x64,0x65,0x5f,0x68,0x77,0xa7,0x2e,0x6f,0x66,0x66,0x73,0x65,0x74,
        0x60,0xa5,0x2e,0x73,0x69,0x7a,0x65,0x04,0xab,0x2e,0x76,0x61,0x6c,0x75,0x65,0x5f,
        0x6b,0x69,0x6e,0x64,0xa8,0x62,0x79,0x5f,0x76,0x61,0x6c,0x75,0x65,0xab,0x2e,0x76,
        0x61,0x6c,0x75,0x65,0x5f,0x74,0x79,0x70,0x65,0xa3,0x69,0x33,0x32,0x85,0xa5,0x2e,
        0x6e,0x61,0x6d,0x65,0xab,0x64,0x69,0x6c,0x61,0x74,0x69,0x6f,0x6e,0x5f,0x68,0x77,
        0xa7,0x2e,0x6f,0x66,0x66,0x73,0x65,0x74,0x64,0xa5,0x2e,0x73,0x69,0x7a,0x65,0x04,
        0xab,0x2e,0x76,0x61,0x6c,0x75,0x65,0x5f,0x6b,0x69,0x6e,0x64,0xa8,0x62,0x79,0x5f,
        0x76,0x61,0x6c,0x75,0x65,0xab,0x2e,0x76,0x61,0x6c,0x75,0x65,0x5f,0x74,0x79,0x70,
        0x65,0xa3,0x69,0x33,0x32,0x85,0xa5,0x2e,0x6e,0x61,0x6d,0x65,0xa6,0x70,0x61,0x64,
        0x5f,0x68,0x77,0xa7,0x2e,0x6f,0x66,0x66,0x73,0x65,0x74,0x68,0xa5,0x2e,0x73,0x69,
        0x7a,0x65,0x04,0xab,0x2e,0x76,0x61,0x6c,0x75,0x65,0x5f,0x6b,0x69,0x6e,0x64,0xa8,
        0x62,0x79,0x5f,0x76,0x61,0x6c,0x75,0x65,0xab,0x2e,0x76,0x61,0x6c,0x75,0x65,0x5f,
        0x74,0x79,0x70,0x65,0xa3,0x69,0x33,0x32,0x85,0xa5,0x2e,0x6e,0x61,0x6d,0x65,0xa6,
        0x77,0x65,0x69,0x5f,0x68,0x77,0xa7,0x2e,0x6f,0x66,0x66,0x73,0x65,0x74,0x6c,0xa5,
        0x2e,0x73,0x69,0x7a,0x65,0x04,0xab,0x2e,0x76,0x61,0x6c,0x75,0x65,0x5f,0x6b,0x69,
        0x6e,0x64,0xa8,0x62,0x79,0x5f,0x76,0x61,0x6c,0x75,0x65,0xab,0x2e,0x76,0x61,0x6c,
        0x75,0x65,0x5f,0x74,0x79,0x70,0x65,0xa3,0x69,0x33,0x32,0x85,0xa5,0x2e,0x6e,0x61,
        0x6d,0x65,0xac,0x6d,0x6f,0x76,0x65,0x5f,0x73,0x6c,0x69,0x63,0x65,0x5f,0x6b,0xa7,
        0x2e,0x6f,0x66,0x66,0x73,0x65,0x74,0x70,0xa5,0x2e,0x73,0x69,0x7a,0x65,0x04,0xab,
        0x2e,0x76,0x61,0x6c,0x75,0x65,0x5f,0x6b,0x69,0x6e,0x64,0xa8,0x62,0x79,0x5f,0x76,
        0x61,0x6c,0x75,0x65,0xab,0x2e,0x76,0x61,0x6c,0x75,0x65,0x5f,0x74,0x79,0x70,0x65,
        0xa3,0x69,0x33,0x32,0x85,0xa5,0x2e,0x6e,0x61,0x6d,0x65,0xa7,0x6d,0x61,0x67,0x69,
        0x63,0x5f,0x30,0xa7,0x2e,0x6f,0x66,0x66,0x73,0x65,0x74,0x74,0xa5,0x2e,0x73,0x69,
        0x7a,0x65,0x04,0xab,0x2e,0x76,0x61,0x6c,0x75,0x65,0x5f,0x6b,0x69,0x6e,0x64,0xa8,
        0x62,0x79,0x5f,0x76,0x61,0x6c,0x75,0x65,0xab,0x2e,0x76,0x61,0x6c,0x75,0x65,0x5f,
        0x74,0x79,0x70,0x65,0xa3,0x69,0x33,0x32,0x85,0xa5,0x2e,0x6e,0x61,0x6d,0x65,0xa7,
        0x6d,0x61,0x67,0x69,0x63,0x5f,0x31,0xa7,0x2e,0x6f,0x66,0x66,0x73,0x65,0x74,0x78,
        0xa5,0x2e,0x73,0x69,0x7a,0x65,0x04,0xab,0x2e,0x76,0x61,0x6c,0x75,0x65,0x5f,0x6b,
        0x69,0x6e,0x64,0xa8,0x62,0x79,0x5f,0x76,0x61,0x6c,0x75,0x65,0xab,0x2e,0x76,0x61,
        0x6c,0x75,0x65,0x5f,0x74,0x79,0x70,0x65,0xa3,0x69,0x33,0x32,0x85,0xa5,0x2e,0x6e,
        0x61,0x6d,0x65,0xa7,0x6d,0x61,0x67,0x69,0x63,0x5f,0x32,0xa7,0x2e,0x6f,0x66,0x66,
        0x73,0x65,0x74,0x7c,0xa5,0x2e,0x73,0x69,0x7a,0x65,0x04,0xab,0x2e,0x76,0x61,0x6c,
        0x75,0x65,0x5f,0x6b,0x69,0x6e,0x64,0xa8,0x62,0x79,0x5f,0x76,0x61,0x6c,0x75,0x65,
        0xab,0x2e,0x76,0x61,0x6c,0x75,0x65,0x5f,0x74,0x79,0x70,0x65,0xa3,0x69,0x33,0x32,
        0x85,0xa5,0x2e,0x6e,0x61,0x6d,0x65,0xa7,0x6d,0x61,0x67,0x69,0x63,0x5f,0x33,0xa7,
        0x2e,0x6f,0x66,0x66,0x73,0x65,0x74,0xcc,0x80,0xa5,0x2e,0x73,0x69,0x7a,0x65,0x04,
        0xab,0x2e,0x76,0x61,0x6c,0x75,0x65,0x5f,0x6b,0x69,0x6e,0x64,0xa8,0x62,0x79,0x5f,
        0x76,0x61,0x6c,0x75,0x65,0xab,0x2e,0x76,0x61,0x6c,0x75,0x65,0x5f,0x74,0x79,0x70,
        0x65,0xa3,0x69,0x33,0x32,0x85,0xa5,0x2e,0x6e,0x61,0x6d,0x65,0xa7,0x6d,0x61,0x67,
        0x69,0x63,0x5f,0x34,0xa7,0x2e,0x6f,0x66,0x66,0x73,0x65,0x74,0xcc,0x84,0xa5,0x2e,
        0x73,0x69,0x7a,0x65,0x04,0xab,0x2e,0x76,0x61,0x6c,0x75,0x65,0x5f,0x6b,0x69,0x6e,
        0x64,0xa8,0x62,0x79,0x5f,0x76,0x61,0x6c,0x75,0x65,0xab,0x2e,0x76,0x61,0x6c,0x75,
        0x65,0x5f,0x74,0x79,0x70,0x65,0xa3,0x69,0x33,0x32,0x85,0xa5,0x2e,0x6e,0x61,0x6d,
        0x65,0xa7,0x6d,0x61,0x67,0x69,0x63,0x5f,0x35,0xa7,0x2e,0x6f,0x66,0x66,0x73,0x65,
        0x74,0xcc,0x88,0xa5,0x2e,0x73,0x69,0x7a,0x65,0x04,0xab,0x2e,0x76,0x61,0x6c,0x75,
        0x65,0x5f,0x6b,0x69,0x6e,0x64,0xa8,0x62,0x79,0x5f,0x76,0x61,0x6c,0x75,0x65,0xab,
        0x2e,0x76,0x61,0x6c,0x75,0x65,0x5f,0x74,0x79,0x70,0x65,0xa3,0x69,0x33,0x32,0x85,
        0xa5,0x2e,0x6e,0x61,0x6d,0x65,0xac,0x73,0x68,0x69,0x66,0x74,0x5f,0x70,0x61,0x63,
        0x6b,0x5f,0x30,0xa7,0x2e,0x6f,0x66,0x66,0x73,0x65,0x74,0xcc,0x8c,0xa5,0x2e,0x73,
        0x69,0x7a,0x65,0x04,0xab,0x2e,0x76,0x61,0x6c,0x75,0x65,0x5f,0x6b,0x69,0x6e,0x64,
        0xa8,0x62,0x79,0x5f,0x76,0x61,0x6c,0x75,0x65,0xab,0x2e,0x76,0x61,0x6c,0x75,0x65,
        0x5f,0x74,0x79,0x70,0x65,0xa3,0x69,0x33,0x32,0x85,0xa5,0x2e,0x6e,0x61,0x6d,0x65,
        0xac,0x73,0x68,0x69,0x66,0x74,0x5f,0x70,0x61,0x63,0x6b,0x5f,0x31,0xa7,0x2e,0x6f,
        0x66,0x66,0x73,0x65,0x74,0xcc,0x90,0xa5,0x2e,0x73,0x69,0x7a,0x65,0x04,0xab,0x2e,
        0x76,0x61,0x6c,0x75,0x65,0x5f,0x6b,0x69,0x6e,0x64,0xa8,0x62,0x79,0x5f,0x76,0x61,
        0x6c,0x75,0x65,0xab,0x2e,0x76,0x61,0x6c,0x75,0x65,0x5f,0x74,0x79,0x70,0x65,0xa3,
        0x69,0x33,0x32,0xb9,0x2e,0x67,0x72,0x6f,0x75,0x70,0x5f,0x73,0x65,0x67,0x6d,0x65,
        0x6e,0x74,0x5f,0x66,0x69,0x78,0x65,0x64,0x5f,0x73,0x69,0x7a,0x65,0xcd,0x28,0x00,
        0xb6,0x2e,0x6b,0x65,0x72,0x6e,0x61,0x72,0x67,0x5f,0x73,0x65,0x67,0x6d,0x65,0x6e,
        0x74,0x5f,0x61,0x6c,0x69,0x67,0x6e,0x08,0xb5,0x2e,0x6b,0x65,0x72,0x6e,0x61,0x72,
        0x67,0x5f,0x73,0x65,0x67,0x6d,0x65,0x6e,0x74,0x5f,0x73,0x69,0x7a,0x65,0xcc,0x98,
        0xb8,0x2e,0x6d,0x61,0x78,0x5f,0x66,0x6c,0x61,0x74,0x5f,0x77,0x6f,0x72,0x6b,0x67,
        0x72,0x6f,0x75,0x70,0x5f,0x73,0x69,0x7a,0x65,0xcc,0x80,0xa5,0x2e,0x6e,0x61,0x6d,
        0x65,0xd9,0x65,0x63,0x6f,0x6e,0x76,0x5f,0x66,0x77,0x64,0x5f,0x72,0x65,0x6c,0x75,
        0x5f,0x67,0x74,0x63,0x77,0x33,0x5f,0x6e,0x68,0x77,0x63,0x5f,0x66,0x70,0x31,0x36,
        0x78,0x38,0x5f,0x65,0x78,0x31,0x5f,0x62,0x74,0x33,0x32,0x78,0x31,0x32,0x38,0x78,
        0x33,0x32,0x5f,0x77,0x72,0x32,0x78,0x32,0x5f,0x77,0x6e,0x31,0x78,0x34,0x5f,0x74,
        0x61,0x31,0x78,0x38,0x78,0x31,0x78,0x31,0x5f,0x31,0x78,0x34,0x78,0x31,0x78,0x33,
        0x32,0x5f,0x74,0x62,0x31,0x78,0x38,0x78,0x34,0x78,0x31,0x5f,0x31,0x78,0x34,0x78,
        0x31,0x78,0x33,0x32,0x5f,0x6d,0x62,0x30,0xbb,0x2e,0x70,0x72,0x69,0x76,0x61,0x74,
        0x65,0x5f,0x73,0x65,0x67,0x6d,0x65,0x6e,0x74,0x5f,0x66,0x69,0x78,0x65,0x64,0x5f,
        0x73,0x69,0x7a,0x65,0x00,0xb4,0x2e,0x72,0x65,0x71,0x64,0x5f,0x77,0x6f,0x72,0x6b,
        0x67,0x72,0x6f,0x75,0x70,0x5f,0x73,0x69,0x7a,0x65,0x93,0xcc,0x80,0x01,0x01,0xab,
        0x2e,0x73,0x67,0x70,0x72,0x5f,0x63,0x6f,0x75,0x6e,0x74,0x52,0xa7,0x2e,0x73,0x79,
        0x6d,0x62,0x6f,0x6c,0xd9,0x68,0x63,0x6f,0x6e,0x76,0x5f,0x66,0x77,0x64,0x5f,0x72,
        0x65,0x6c,0x75,0x5f,0x67,0x74,0x63,0x77,0x33,0x5f,0x6e,0x68,0x77,0x63,0x5f,0x66,
        0x70,0x31,0x36,0x78,0x38,0x5f,0x65,0x78,0x31,0x5f,0x62,0x74,0x33,0x32,0x78,0x31,
        0x32,0x38,0x78,0x33,0x32,0x5f,0x77,0x72,0x32,0x78,0x32,0x5f,0x77,0x6e,0x31,0x78,
        0x34,0x5f,0x74,0x61,0x31,0x78,0x38,0x78,0x31,0x78,0x31,0x5f,0x31,0x78,0x34,0x78,
        0x31,0x78,0x33,0x32,0x5f,0x74,0x62,0x31,0x78,0x38,0x78,0x34,0x78,0x31,0x5f,0x31,
        0x78,0x34,0x78,0x31,0x78,0x33,0x32,0x5f,0x6d,0x62,0x30,0x2e,0x6b,0x64,0xab,0x2e,
        0x76,0x67,0x70,0x72,0x5f,0x63,0x6f,0x75,0x6e,0x74,0x7c,0xaf,0x2e,0x77,0x61,0x76,
        0x65,0x66,0x72,0x6f,0x6e,0x74,0x5f,0x73,0x69,0x7a,0x65,0x20,0xae,0x61,0x6d,0x64,
        0x68,0x73,0x61,0x2e,0x76,0x65,0x72,0x73,0x69,0x6f,0x6e,0x92,0x01,0x00,0x00,0x00,
        0x00,0x00,0x00,0x00,0x00,0x00,0x00,0x00,0x00,0x00,0x00,0x00,0x00,0x00,0x00,0x00,
        0x00,0x00,0x00,0x00,0x00,0x00,0x00,0x00,0x22,0x05,0x00,0x00,0x00,0x00,0xf1,0xff,
        0x00,0x00,0x00,0x00,0x00,0x00,0x00,0x00,0x00,0x00,0x00,0x00,0x00,0x00,0x00,0x00,
        0xca,0x05,0x00,0x00,0x00,0x00,0xf1,0xff,0x21,0x00,0x00,0x00,0x00,0x00,0x00,0x00,
        0x00,0x00,0x00,0x00,0x00,0x00,0x00,0x00,0xac,0x05,0x00,0x00,0x00,0x00,0xf1,0xff,
        0x32,0x00,0x00,0x00,0x00,0x00,0x00,0x00,0x00,0x00,0x00,0x00,0x00,0x00,0x00,0x00,
        0xce,0x05,0x00,0x00,0x00,0x00,0xf1,0xff,0x43,0x00,0x00,0x00,0x00,0x00,0x00,0x00,
        0x00,0x00,0x00,0x00,0x00,0x00,0x00,0x00,0xb0,0x05,0x00,0x00,0x00,0x00,0xf1,0xff,
        0x47,0x00,0x00,0x00,0x00,0x00,0x00,0x00,0x00,0x00,0x00,0x00,0x00,0x00,0x00,0x00,
        0xcd,0x01,0x00,0x00,0x00,0x00,0xf1,0xff,0x57,0x00,0x00,0x00,0x00,0x00,0x00,0x00,
        0x00,0x00,0x00,0x00,0x00,0x00,0x00,0x00,0xd8,0x01,0x00,0x00,0x00,0x00,0xf1,0xff,
        0x58,0x00,0x00,0x00,0x00,0x00,0x00,0x00,0x00,0x00,0x00,0x00,0x00,0x00,0x00,0x00,
        0xb7,0x01,0x00,0x00,0x00,0x00,0xf1,0xff,0x59,0x00,0x00,0x00,0x00,0x00,0x00,0x00,
        0x00,0x00,0x00,0x00,0x00,0x00,0x00,0x00,0xc2,0x01,0x00,0x00,0x00,0x00,0xf1,0xff,
        0x5a,0x00,0x00,0x00,0x00,0x00,0x00,0x00,0x00,0x00,0x00,0x00,0x00,0x00,0x00,0x00,
        0x98,0x01,0x00,0x00,0x00,0x00,0xf1,0xff,0x5b,0x00,0x00,0x00,0x00,0x00,0x00,0x00,
        0x00,0x00,0x00,0x00,0x00,0x00,0x00,0x00,0x03,0x01,0x00,0x00,0x00,0x00,0xf1,0xff,
        0x5f,0x00,0x00,0x00,0x00,0x00,0x00,0x00,0x00,0x00,0x00,0x00,0x00,0x00,0x00,0x00,
        0x11,0x04,0x00,0x00,0x00,0x00,0xf1,0xff,0x63,0x00,0x00,0x00,0x00,0x00,0x00,0x00,
        0x00,0x00,0x00,0x00,0x00,0x00,0x00,0x00,0x76,0x02,0x00,0x00,0x00,0x00,0xf1,0xff,
        0x67,0x00,0x00,0x00,0x00,0x00,0x00,0x00,0x00,0x00,0x00,0x00,0x00,0x00,0x00,0x00,
        0xa0,0x01,0x00,0x00,0x00,0x00,0xf1,0xff,0x68,0x00,0x00,0x00,0x00,0x00,0x00,0x00,
        0x00,0x00,0x00,0x00,0x00,0x00,0x00,0x00,0x19,0x05,0x00,0x00,0x00,0x00,0xf1,0xff,
        0x69,0x00,0x00,0x00,0x00,0x00,0x00,0x00,0x00,0x00,0x00,0x00,0x00,0x00,0x00,0x00,
        0x2e,0x04,0x00,0x00,0x00,0x00,0xf1,0xff,0x6a,0x00,0x00,0x00,0x00,0x00,0x00,0x00,
        0x00,0x00,0x00,0x00,0x00,0x00,0x00,0x00,0x06,0x00,0x00,0x00,0x00,0x00,0xf1,0xff,
        0x6b,0x00,0x00,0x00,0x00,0x00,0x00,0x00,0x00,0x00,0x00,0x00,0x00,0x00,0x00,0x00,
        0x29,0x00,0x00,0x00,0x00,0x00,0xf1,0xff,0x6c,0x00,0x00,0x00,0x00,0x00,0x00,0x00,
        0x00,0x00,0x00,0x00,0x00,0x00,0x00,0x00,0x83,0x05,0x00,0x00,0x00,0x00,0xf1,0xff,
        0x6d,0x00,0x00,0x00,0x00,0x00,0x00,0x00,0x00,0x00,0x00,0x00,0x00,0x00,0x00,0x00,
        0x60,0x02,0x00,0x00,0x00,0x00,0xf1,0xff,0x6e,0x00,0x00,0x00,0x00,0x00,0x00,0x00,
        0x00,0x00,0x00,0x00,0x00,0x00,0x00,0x00,0xb9,0x02,0x00,0x00,0x00,0x00,0xf1,0xff,
        0x6f,0x00,0x00,0x00,0x00,0x00,0x00,0x00,0x00,0x00,0x00,0x00,0x00,0x00,0x00,0x00,
        0xfa,0x00,0x00,0x00,0x00,0x00,0xf1,0xff,0x6e,0x00,0x00,0x00,0x00,0x00,0x00,0x00,
        0x00,0x00,0x00,0x00,0x00,0x00,0x00,0x00,0xa7,0x04,0x00,0x00,0x00,0x00,0xf1,0xff,
        0x70,0x00,0x00,0x00,0x00,0x00,0x00,0x00,0x00,0x00,0x00,0x00,0x00,0x00,0x00,0x00,
        0x68,0x02,0x00,0x00,0x00,0x00,0xf1,0xff,0x71,0x00,0x00,0x00,0x00,0x00,0x00,0x00,
        0x00,0x00,0x00,0x00,0x00,0x00,0x00,0x00,0xa6,0x02,0x00,0x00,0x00,0x00,0xf1,0xff,
        0x72,0x00,0x00,0x00,0x00,0x00,0x00,0x00,0x00,0x00,0x00,0x00,0x00,0x00,0x00,0x00,
        0xd1,0x02,0x00,0x00,0x00,0x00,0xf1,0xff,0x6e,0x00,0x00,0x00,0x00,0x00,0x00,0x00,
        0x00,0x00,0x00,0x00,0x00,0x00,0x00,0x00,0xb0,0x02,0x00,0x00,0x00,0x00,0xf1,0xff,
        0x72,0x00,0x00,0x00,0x00,0x00,0x00,0x00,0x00,0x00,0x00,0x00,0x00,0x00,0x00,0x00,
        0xf9,0x02,0x00,0x00,0x00,0x00,0xf1,0xff,0x70,0x00,0x00,0x00,0x00,0x00,0x00,0x00,
        0x00,0x00,0x00,0x00,0x00,0x00,0x00,0x00,0x79,0x05,0x00,0x00,0x00,0x00,0xf1,0xff,
        0x6d,0x00,0x00,0x00,0x00,0x00,0x00,0x00,0x00,0x00,0x00,0x00,0x00,0x00,0x00,0x00,
        0x06,0x04,0x00,0x00,0x00,0x00,0xf1,0xff,0x6f,0x00,0x00,0x00,0x00,0x00,0x00,0x00,
        0x00,0x00,0x00,0x00,0x00,0x00,0x00,0x00,0x50,0x02,0x00,0x00,0x00,0x00,0xf1,0xff,
        0x57,0x00,0x00,0x00,0x00,0x00,0x00,0x00,0x00,0x00,0x00,0x00,0x00,0x00,0x00,0x00,
        0x36,0x02,0x00,0x00,0x00,0x00,0xf1,0xff,0x58,0x00,0x00,0x00,0x00,0x00,0x00,0x00,
        0x00,0x00,0x00,0x00,0x00,0x00,0x00,0x00,0x12,0x02,0x00,0x00,0x00,0x00,0xf1,0xff,
        0x59,0x00,0x00,0x00,0x00,0x00,0x00,0x00,0x00,0x00,0x00,0x00,0x00,0x00,0x00,0x00,
        0x8f,0x01,0x00,0x00,0x00,0x00,0xf1,0xff,0x5b,0x00,0x00,0x00,0x00,0x00,0x00,0x00,
        0x00,0x00,0x00,0x00,0x00,0x00,0x00,0x00,0x60,0x00,0x00,0x00,0x00,0x00,0xf1,0xff,
        0x6a,0x00,0x00,0x00,0x00,0x00,0x00,0x00,0x00,0x00,0x00,0x00,0x00,0x00,0x00,0x00,
        0x59,0x05,0x00,0x00,0x00,0x00,0xf1,0xff,0x6d,0x00,0x00,0x00,0x00,0x00,0x00,0x00,
        0x00,0x00,0x00,0x00,0x00,0x00,0x00,0x00,0x06,0x02,0x00,0x00,0x00,0x00,0xf1,0xff,
        0x74,0x00,0x00,0x00,0x00,0x00,0x00,0x00,0x00,0x00,0x00,0x00,0x00,0x00,0x00,0x00,
        0xc5,0x05,0x00,0x00,0x00,0x00,0xf1,0xff,0x00,0x00,0x00,0x00,0x00,0x00,0x00,0x00,
        0x00,0x00,0x00,0x00,0x00,0x00,0x00,0x00,0x32,0x00,0x00,0x00,0x00,0x00,0xf1,0xff,
        0x02,0x00,0x00,0x00,0x00,0x00,0x00,0x00,0x00,0x00,0x00,0x00,0x00,0x00,0x00,0x00,
        0x0f,0x00,0x00,0x00,0x00,0x00,0xf1,0xff,0x03,0x00,0x00,0x00,0x00,0x00,0x00,0x00,
        0x00,0x00,0x00,0x00,0x00,0x00,0x00,0x00,0x01,0x00,0x00,0x00,0x00,0x00,0xf1,0xff,
        0x04,0x00,0x00,0x00,0x00,0x00,0x00,0x00,0x00,0x00,0x00,0x00,0x00,0x00,0x00,0x00,
        0x9f,0x02,0x00,0x00,0x00,0x00,0xf1,0xff,0x05,0x00,0x00,0x00,0x00,0x00,0x00,0x00,
        0x00,0x00,0x00,0x00,0x00,0x00,0x00,0x00,0xe3,0x01,0x00,0x00,0x00,0x00,0xf1,0xff,
        0x06,0x00,0x00,0x00,0x00,0x00,0x00,0x00,0x00,0x00,0x00,0x00,0x00,0x00,0x00,0x00,
        0x1f,0x04,0x00,0x00,0x00,0x00,0xf1,0xff,0x07,0x00,0x00,0x00,0x00,0x00,0x00,0x00,
        0x00,0x00,0x00,0x00,0x00,0x00,0x00,0x00,0x38,0x03,0x00,0x00,0x00,0x00,0xf1,0xff,
        0x08,0x00,0x00,0x00,0x00,0x00,0x00,0x00,0x00,0x00,0x00,0x00,0x00,0x00,0x00,0x00,
        0x33,0x03,0x00,0x00,0x00,0x00,0xf1,0xff,0x09,0x00,0x00,0x00,0x00,0x00,0x00,0x00,
        0x00,0x00,0x00,0x00,0x00,0x00,0x00,0x00,0x72,0x02,0x00,0x00,0x00,0x00,0xf1,0xff,
        0x0a,0x00,0x00,0x00,0x00,0x00,0x00,0x00,0x00,0x00,0x00,0x00,0x00,0x00,0x00,0x00,
        0xd8,0x02,0x00,0x00,0x00,0x00,0xf1,0xff,0x0b,0x00,0x00,0x00,0x00,0x00,0x00,0x00,
        0x00,0x00,0x00,0x00,0x00,0x00,0x00,0x00,0x26,0x05,0x00,0x00,0x00,0x00,0xf1,0xff,
        0x0c,0x00,0x00,0x00,0x00,0x00,0x00,0x00,0x00,0x00,0x00,0x00,0x00,0x00,0x00,0x00,
        0x1b,0x04,0x00,0x00,0x00,0x00,0xf1,0xff,0x0d,0x00,0x00,0x00,0x00,0x00,0x00,0x00,
        0x00,0x00,0x00,0x00,0x00,0x00,0x00,0x00,0x4b,0x02,0x00,0x00,0x00,0x00,0xf1,0xff,
        0x0e,0x00,0x00,0x00,0x00,0x00,0x00,0x00,0x00,0x00,0x00,0x00,0x00,0x00,0x00,0x00,
        0x27,0x02,0x00,0x00,0x00,0x00,0xf1,0xff,0x0f,0x00,0x00,0x00,0x00,0x00,0x00,0x00,
        0x00,0x00,0x00,0x00,0x00,0x00,0x00,0x00,0x91,0x02,0x00,0x00,0x00,0x00,0xf1,0xff,
        0x10,0x00,0x00,0x00,0x00,0x00,0x00,0x00,0x00,0x00,0x00,0x00,0x00,0x00,0x00,0x00,
        0x4b,0x05,0x00,0x00,0x00,0x00,0xf1,0xff,0x11,0x00,0x00,0x00,0x00,0x00,0x00,0x00,
        0x00,0x00,0x00,0x00,0x00,0x00,0x00,0x00,0x7b,0x03,0x00,0x00,0x00,0x00,0xf1,0xff,
        0x12,0x00,0x00,0x00,0x00,0x00,0x00,0x00,0x00,0x00,0x00,0x00,0x00,0x00,0x00,0x00,
        0xd6,0x00,0x00,0x00,0x00,0x00,0xf1,0xff,0x13,0x00,0x00,0x00,0x00,0x00,0x00,0x00,
        0x00,0x00,0x00,0x00,0x00,0x00,0x00,0x00,0x82,0x02,0x00,0x00,0x00,0x00,0xf1,0xff,
        0x14,0x00,0x00,0x00,0x00,0x00,0x00,0x00,0x00,0x00,0x00,0x00,0x00,0x00,0x00,0x00,
        0x06,0x03,0x00,0x00,0x00,0x00,0xf1,0xff,0x15,0x00,0x00,0x00,0x00,0x00,0x00,0x00,
        0x00,0x00,0x00,0x00,0x00,0x00,0x00,0x00,0x61,0x03,0x00,0x00,0x00,0x00,0xf1,0xff,
        0x16,0x00,0x00,0x00,0x00,0x00,0x00,0x00,0x00,0x00,0x00,0x00,0x00,0x00,0x00,0x00,
        0xbc,0x00,0x00,0x00,0x00,0x00,0xf1,0xff,0x17,0x00,0x00,0x00,0x00,0x00,0x00,0x00,
        0x00,0x00,0x00,0x00,0x00,0x00,0x00,0x00,0x8b,0x00,0x00,0x00,0x00,0x00,0xf1,0xff,
        0x18,0x00,0x00,0x00,0x00,0x00,0x00,0x00,0x00,0x00,0x00,0x00,0x00,0x00,0x00,0x00,
        0x74,0x00,0x00,0x00,0x00,0x00,0xf1,0xff,0x19,0x00,0x00,0x00,0x00,0x00,0x00,0x00,
        0x00,0x00,0x00,0x00,0x00,0x00,0x00,0x00,0x97,0x00,0x00,0x00,0x00,0x00,0xf1,0xff,
        0x1a,0x00,0x00,0x00,0x00,0x00,0x00,0x00,0x00,0x00,0x00,0x00,0x00,0x00,0x00,0x00,
        0x82,0x00,0x00,0x00,0x00,0x00,0xf1,0xff,0x1b,0x00,0x00,0x00,0x00,0x00,0x00,0x00,
        0x00,0x00,0x00,0x00,0x00,0x00,0x00,0x00,0x59,0x02,0x00,0x00,0x00,0x00,0xf1,0xff,
        0x1c,0x00,0x00,0x00,0x00,0x00,0x00,0x00,0x00,0x00,0x00,0x00,0x00,0x00,0x00,0x00,
        0x3d,0x03,0x00,0x00,0x00,0x00,0xf1,0xff,0x20,0x00,0x00,0x00,0x00,0x00,0x00,0x00,
        0x00,0x00,0x00,0x00,0x00,0x00,0x00,0x00,0xf2,0x00,0x00,0x00,0x00,0x00,0xf1,0xff,
        0x24,0x00,0x00,0x00,0x00,0x00,0x00,0x00,0x00,0x00,0x00,0x00,0x00,0x00,0x00,0x00,
        0x8c,0x06,0x00,0x00,0x00,0x00,0xf1,0xff,0x28,0x00,0x00,0x00,0x00,0x00,0x00,0x00,
        0x00,0x00,0x00,0x00,0x00,0x00,0x00,0x00,0x0d,0x06,0x00,0x00,0x00,0x00,0xf1,0xff,
        0x29,0x00,0x00,0x00,0x00,0x00,0x00,0x00,0x00,0x00,0x00,0x00,0x00,0x00,0x00,0x00,
        0xf4,0x05,0x00,0x00,0x00,0x00,0xf1,0xff,0x2a,0x00,0x00,0x00,0x00,0x00,0x00,0x00,
        0x00,0x00,0x00,0x00,0x00,0x00,0x00,0x00,0xea,0x05,0x00,0x00,0x00,0x00,0xf1,0xff,
        0x2b,0x00,0x00,0x00,0x00,0x00,0x00,0x00,0x00,0x00,0x00,0x00,0x00,0x00,0x00,0x00,
        0xe0,0x05,0x00,0x00,0x00,0x00,0xf1,0xff,0x2c,0x00,0x00,0x00,0x00,0x00,0x00,0x00,
        0x00,0x00,0x00,0x00,0x00,0x00,0x00,0x00,0xd6,0x05,0x00,0x00,0x00,0x00,0xf1,0xff,
        0x2d,0x00,0x00,0x00,0x00,0x00,0x00,0x00,0x00,0x00,0x00,0x00,0x00,0x00,0x00,0x00,
        0x7d,0x06,0x00,0x00,0x00,0x00,0xf1,0xff,0x2e,0x00,0x00,0x00,0x00,0x00,0x00,0x00,
        0x00,0x00,0x00,0x00,0x00,0x00,0x00,0x00,0xfe,0x05,0x00,0x00,0x00,0x00,0xf1,0xff,
        0x2f,0x00,0x00,0x00,0x00,0x00,0x00,0x00,0x00,0x00,0x00,0x00,0x00,0x00,0x00,0x00,
        0x24,0x03,0x00,0x00,0x00,0x00,0xf1,0xff,0x30,0x00,0x00,0x00,0x00,0x00,0x00,0x00,
        0x00,0x00,0x00,0x00,0x00,0x00,0x00,0x00,0x18,0x00,0x00,0x00,0x00,0x00,0xf1,0xff,
        0x31,0x00,0x00,0x00,0x00,0x00,0x00,0x00,0x00,0x00,0x00,0x00,0x00,0x00,0x00,0x00,
        0x3b,0x00,0x00,0x00,0x00,0x00,0xf1,0xff,0x32,0x00,0x00,0x00,0x00,0x00,0x00,0x00,
        0x00,0x00,0x00,0x00,0x00,0x00,0x00,0x00,0x2a,0x05,0x00,0x00,0x00,0x00,0xf1,0xff,
        0x30,0x00,0x00,0x00,0x00,0x00,0x00,0x00,0x00,0x00,0x00,0x00,0x00,0x00,0x00,0x00,
        0xf8,0x01,0x00,0x00,0x00,0x00,0xf1,0xff,0x33,0x00,0x00,0x00,0x00,0x00,0x00,0x00,
        0x00,0x00,0x00,0x00,0x00,0x00,0x00,0x00,0xea,0x01,0x00,0x00,0x00,0x00,0xf1,0xff,
        0x34,0x00,0x00,0x00,0x00,0x00,0x00,0x00,0x00,0x00,0x00,0x00,0x00,0x00,0x00,0x00,
        0x70,0x03,0x00,0x00,0x00,0x00,0xf1,0xff,0x35,0x00,0x00,0x00,0x00,0x00,0x00,0x00,
        0x00,0x00,0x00,0x00,0x00,0x00,0x00,0x00,0xcb,0x00,0x00,0x00,0x00,0x00,0xf1,0xff,
        0x18,0x00,0x00,0x00,0x00,0x00,0x00,0x00,0x00,0x00,0x00,0x00,0x00,0x00,0x00,0x00,
        0x54,0x03,0x00,0x00,0x00,0x00,0xf1,0xff,0x36,0x00,0x00,0x00,0x00,0x00,0x00,0x00,
        0x00,0x00,0x00,0x00,0x00,0x00,0x00,0x00,0xaf,0x00,0x00,0x00,0x00,0x00,0xf1,0xff,
        0x19,0x00,0x00,0x00,0x00,0x00,0x00,0x00,0x00,0x00,0x00,0x00,0x00,0x00,0x00,0x00,
        0x89,0x03,0x00,0x00,0x00,0x00,0xf1,0xff,0x37,0x00,0x00,0x00,0x00,0x00,0x00,0x00,
        0x00,0x00,0x00,0x00,0x00,0x00,0x00,0x00,0xe4,0x00,0x00,0x00,0x00,0x00,0xf1,0xff,
        0x1a,0x00,0x00,0x00,0x00,0x00,0x00,0x00,0x00,0x00,0x00,0x00,0x00,0x00,0x00,0x00,
        0x14,0x00,0x00,0x00,0x00,0x00,0xf1,0xff,0x38,0x00,0x00,0x00,0x00,0x00,0x00,0x00,
        0x00,0x00,0x00,0x00,0x00,0x00,0x00,0x00,0x37,0x00,0x00,0x00,0x00,0x00,0xf1,0xff,
        0x1b,0x00,0x00,0x00,0x00,0x00,0x00,0x00,0x00,0x00,0x00,0x00,0x00,0x00,0x00,0x00,
        0xc2,0x02,0x00,0x00,0x00,0x00,0xf1,0xff,0x39,0x00,0x00,0x00,0x00,0x00,0x00,0x00,
        0x00,0x00,0x00,0x00,0x00,0x00,0x00,0x00,0x8c,0x05,0x00,0x00,0x00,0x00,0xf1,0xff,
        0x3a,0x00,0x00,0x00,0x00,0x00,0x00,0x00,0x00,0x00,0x00,0x00,0x00,0x00,0x00,0x00,
        0x15,0x03,0x00,0x00,0x00,0x00,0xf1,0xff,0x3b,0x00,0x00,0x00,0x00,0x00,0x00,0x00,
        0x00,0x00,0x00,0x00,0x00,0x00,0x00,0x00,0xdc,0x02,0x00,0x00,0x00,0x00,0xf1,0xff,
        0x3c,0x00,0x00,0x00,0x00,0x00,0x00,0x00,0x00,0x00,0x00,0x00,0x00,0x00,0x00,0x00,
        0x4c,0x00,0x00,0x00,0x00,0x00,0xf1,0xff,0x3d,0x00,0x00,0x00,0x00,0x00,0x00,0x00,
        0x00,0x00,0x00,0x00,0x00,0x00,0x00,0x00,0x69,0x05,0x00,0x00,0x00,0x00,0xf1,0xff,
        0x1a,0x00,0x00,0x00,0x00,0x00,0x00,0x00,0x00,0x00,0x00,0x00,0x00,0x00,0x00,0x00,
        0x3b,0x05,0x00,0x00,0x00,0x00,0xf1,0xff,0x37,0x00,0x00,0x00,0x00,0x00,0x00,0x00,
        0x00,0x00,0x00,0x00,0x00,0x00,0x00,0x00,0x2c,0x02,0x00,0x00,0x00,0x00,0xf1,0xff,
        0x3e,0x00,0x00,0x00,0x00,0x00,0x00,0x00,0x00,0x00,0x00,0x00,0x00,0x00,0x00,0x00,
        0x83,0x01,0x00,0x00,0x00,0x00,0xf1,0xff,0x3f,0x00,0x00,0x00,0x00,0x00,0x00,0x00,
        0x00,0x00,0x00,0x00,0x00,0x00,0x00,0x00,0xa9,0x01,0x00,0x00,0x00,0x00,0xf1,0xff,
        0x40,0x00,0x00,0x00,0x00,0x00,0x00,0x00,0x00,0x00,0x00,0x00,0x00,0x00,0x00,0x00,
        0xa0,0x00,0x00,0x00,0x00,0x00,0xf1,0xff,0x10,0x00,0x00,0x00,0x00,0x00,0x00,0x00,
        0x00,0x00,0x00,0x00,0x00,0x00,0x00,0x00,0x45,0x03,0x00,0x00,0x00,0x00,0xf1,0xff,
        0x13,0x00,0x00,0x00,0x00,0x00,0x00,0x00,0x00,0x00,0x00,0x00,0x00,0x00,0x00,0x00,
        0x40,0x02,0x00,0x00,0x00,0x00,0xf1,0xff,0x41,0x00,0x00,0x00,0x00,0x00,0x00,0x00,
        0x00,0x00,0x00,0x00,0x00,0x00,0x00,0x00,0x1c,0x02,0x00,0x00,0x00,0x00,0xf1,0xff,
        0x42,0x00,0x00,0x00,0x00,0x00,0x00,0x00,0x00,0x00,0x00,0x00,0x00,0x00,0x00,0x00,
        0x0c,0x02,0x00,0x00,0x00,0x00,0xf1,0xff,0x44,0x00,0x00,0x00,0x00,0x00,0x00,0x00,
        0x00,0x00,0x00,0x00,0x00,0x00,0x00,0x00,0x38,0x04,0x00,0x00,0x00,0x00,0x02,0x00,
        0x08,0x0d,0x00,0x00,0x00,0x00,0x00,0x00,0x00,0x00,0x00,0x00,0x00,0x00,0x00,0x00,
        0x12,0x01,0x00,0x00,0x00,0x00,0x02,0x00,0xdc,0x09,0x00,0x00,0x00,0x00,0x00,0x00,
        0x00,0x00,0x00,0x00,0x00,0x00,0x00,0x00,0x91,0x03,0x00,0x00,0x00,0x00,0x02,0x00,
        0xd0,0x0c,0x00,0x00,0x00,0x00,0x00,0x00,0x00,0x00,0x00,0x00,0x00,0x00,0x00,0x00,
        0x17,0x06,0x00,0x00,0x12,0x03,0x02,0x00,0x00,0x00,0x00,0x00,0x00,0x00,0x00,0x00,
        0x00,0x00,0x00,0x00,0x00,0x00,0x00,0x00,0xb0,0x04,0x00,0x00,0x11,0x00,0x03,0x00,
        0x00,0x00,0x00,0x00,0x00,0x00,0x00,0x00,0x40,0x00,0x00,0x00,0x00,0x00,0x00,0x00,
        0x10,0x00,0x00,0x00,0x00,0x00,0x00,0x00,0x05,0x00,0x00,0x00,0x6c,0x00,0x00,0x00,
        0x10,0x00,0x00,0x00,0x00,0x00,0x00,0x00,0x00,0x73,0x5f,0x62,0x7a,0x00,0x76,0x5f,
        0x67,0x74,0x63,0x5f,0x69,0x79,0x00,0x73,0x5f,0x62,0x79,0x00,0x73,0x5f,0x79,0x00,
        0x73,0x5f,0x6d,0x6f,0x76,0x65,0x5f,0x73,0x6c,0x69,0x63,0x65,0x5f,0x6b,0x5f,0x79,
        0x00,0x76,0x5f,0x67,0x74,0x63,0x5f,0x69,0x78,0x00,0x73,0x5f,0x62,0x78,0x00,0x73,
        0x5f,0x78,0x00,0x73,0x5f,0x6d,0x6f,0x76,0x65,0x5f,0x73,0x6c,0x69,0x63,0x65,0x5f,
        0x6b,0x5f,0x78,0x00,0x73,0x5f,0x64,0x69,0x66,0x66,0x5f,0x69,0x6e,0x5f,0x69,0x77,
        0x69,0x5f,0x6f,0x76,0x66,0x5f,0x78,0x00,0x76,0x5f,0x64,0x69,0x66,0x66,0x5f,0x69,
        0x6e,0x5f,0x69,0x77,0x69,0x5f,0x61,0x63,0x63,0x5f,0x78,0x00,0x73,0x5f,0x64,0x69,
        0x6c,0x61,0x74,0x69,0x6f,0x6e,0x5f,0x68,0x77,0x00,0x73,0x5f,0x77,0x65,0x69,0x5f,
        0x68,0x77,0x00,0x73,0x5f,0x73,0x74,0x72,0x69,0x64,0x65,0x5f,0x68,0x77,0x00,0x73,
        0x5f,0x70,0x61,0x64,0x5f,0x68,0x77,0x00,0x73,0x5f,0x78,0x5f,0x64,0x69,0x6c,0x61,
        0x74,0x69,0x6f,0x6e,0x5f,0x77,0x00,0x73,0x5f,0x64,0x69,0x6c,0x61,0x74,0x69,0x6f,
        0x6e,0x5f,0x77,0x00,0x73,0x5f,0x6f,0x75,0x74,0x5f,0x73,0x74,0x72,0x69,0x64,0x65,
        0x5f,0x77,0x00,0x73,0x5f,0x73,0x74,0x72,0x69,0x64,0x65,0x5f,0x77,0x00,0x73,0x5f,
        0x69,0x6e,0x5f,0x73,0x74,0x72,0x69,0x64,0x65,0x5f,0x77,0x00,0x73,0x5f,0x70,0x61,
        0x64,0x5f,0x77,0x00,0x2e,0x74,0x65,0x78,0x74,0x00,0x73,0x5f,0x70,0x5f,0x6f,0x75,
        0x74,0x00,0x76,0x5f,0x63,0x6f,0x5f,0x73,0x73,0x74,0x00,0x76,0x5f,0x69,0x6e,0x5f,
        0x69,0x5f,0x68,0x77,0x5f,0x6c,0x69,0x73,0x74,0x00,0x63,0x6f,0x6e,0x76,0x5f,0x66,
        0x77,0x64,0x5f,0x72,0x65,0x6c,0x75,0x5f,0x67,0x74,0x63,0x77,0x33,0x5f,0x6e,0x68,
        0x77,0x63,0x5f,0x66,0x70,0x31,0x36,0x78,0x38,0x5f,0x65,0x78,0x31,0x5f,0x62,0x74,
        0x33,0x32,0x78,0x31,0x32,0x38,0x78,0x33,0x32,0x5f,0x77,0x72,0x32,0x78,0x32,0x5f,
        0x77,0x6e,0x31,0x78,0x34,0x5f,0x74,0x61,0x31,0x78,0x38,0x78,0x31,0x78,0x31,0x5f,
        0x31,0x78,0x34,0x78,0x31,0x78,0x33,0x32,0x5f,0x74,0x62,0x31,0x78,0x38,0x78,0x34,
        0x78,0x31,0x5f,0x31,0x78,0x34,0x78,0x31,0x78,0x33,0x32,0x5f,0x6d,0x62,0x30,0x5f,
        0x6c,0x6f,0x6f,0x70,0x5f,0x73,0x74,0x61,0x72,0x74,0x00,0x73,0x5f,0x69,0x6e,0x5f,
        0x6f,0x66,0x66,0x73,0x65,0x74,0x00,0x76,0x5f,0x6f,0x75,0x74,0x5f,0x6f,0x73,0x00,
        0x76,0x5f,0x69,0x6e,0x5f,0x6f,0x73,0x00,0x76,0x5f,0x77,0x65,0x69,0x5f,0x6f,0x73,
        0x00,0x73,0x5f,0x77,0x65,0x69,0x5f,0x62,0x61,0x73,0x65,0x5f,0x6f,0x73,0x00,0x76,
        0x5f,0x73,0x73,0x74,0x5f,0x62,0x5f,0x6f,0x73,0x00,0x76,0x5f,0x73,0x6c,0x64,0x5f,
        0x62,0x5f,0x6f,0x73,0x00,0x76,0x5f,0x73,0x73,0x74,0x5f,0x61,0x5f,0x6f,0x73,0x00,
        0x76,0x5f,0x73,0x6c,0x64,0x5f,0x61,0x5f,0x6f,0x73,0x00,0x73,0x5f,0x6b,0x69,0x74,
        0x72,0x00,0x73,0x5f,0x6b,0x5f,0x70,0x65,0x72,0x5f,0x67,0x72,0x6f,0x75,0x70,0x00,
        0x73,0x5f,0x63,0x5f,0x70,0x65,0x72,0x5f,0x67,0x72,0x6f,0x75,0x70,0x00,0x76,0x5f,
        0x74,0x6d,0x70,0x00,0x73,0x5f,0x74,0x6d,0x70,0x00,0x76,0x5f,0x6f,0x75,0x74,0x5f,
        0x69,0x77,0x6f,0x00,0x73,0x5f,0x73,0x68,0x69,0x66,0x74,0x5f,0x77,0x6f,0x00,0x73,
        0x5f,0x77,0x6f,0x00,0x73,0x5f,0x6e,0x5f,0x68,0x6f,0x5f,0x77,0x6f,0x00,0x76,0x5f,
        0x6f,0x75,0x74,0x5f,0x69,0x68,0x6f,0x00,0x73,0x5f,0x73,0x68,0x69,0x66,0x74,0x5f,
        0x68,0x6f,0x00,0x73,0x5f,0x68,0x6f,0x00,0x76,0x5f,0x6f,0x75,0x74,0x5f,0x69,0x6e,
        0x00,0x73,0x5f,0x70,0x5f,0x69,0x6e,0x00,0x76,0x5f,0x69,0x6e,0x5f,0x69,0x6e,0x00,
        0x76,0x5f,0x67,0x65,0x6d,0x6d,0x5f,0x69,0x6e,0x00,0x73,0x5f,0x6e,0x00,0x76,0x5f,
        0x69,0x6e,0x5f,0x66,0x6c,0x61,0x67,0x5f,0x6e,0x00,0x73,0x5f,0x6f,0x75,0x74,0x5f,
        0x73,0x74,0x72,0x69,0x64,0x65,0x5f,0x6e,0x00,0x73,0x5f,0x69,0x6e,0x5f,0x73,0x74,
        0x72,0x69,0x64,0x65,0x5f,0x6e,0x00,0x73,0x5f,0x6b,0x6e,0x75,0x6d,0x00,0x76,0x5f,
        0x67,0x65,0x6d,0x6d,0x5f,0x69,0x6d,0x00,0x76,0x5f,0x6f,0x75,0x74,0x5f,0x69,0x6b,
        0x00,0x76,0x5f,0x77,0x65,0x69,0x5f,0x69,0x6b,0x00,0x73,0x5f,0x62,0x6c,0x6f,0x63,
        0x6b,0x5f,0x67,0x74,0x63,0x5f,0x69,0x6b,0x00,0x76,0x5f,0x6f,0x75,0x74,0x5f,0x6f,
        0x73,0x5f,0x6b,0x00,0x73,0x5f,0x6d,0x6f,0x76,0x65,0x5f,0x73,0x6c,0x69,0x63,0x65,
        0x5f,0x6b,0x5f,0x73,0x74,0x72,0x69,0x64,0x65,0x5f,0x67,0x65,0x6d,0x6d,0x5f,0x6b,
        0x00,0x76,0x5f,0x6f,0x75,0x74,0x5f,0x66,0x6c,0x61,0x67,0x5f,0x6b,0x00,0x73,0x5f,
        0x6f,0x75,0x74,0x5f,0x73,0x74,0x72,0x69,0x64,0x65,0x5f,0x6b,0x00,0x73,0x5f,0x77,
        0x65,0x69,0x5f,0x73,0x74,0x72,0x69,0x64,0x65,0x5f,0x6b,0x00,0x73,0x5f,0x6d,0x6f,
        0x76,0x65,0x5f,0x73,0x6c,0x69,0x63,0x65,0x5f,0x6b,0x00,0x73,0x5f,0x77,0x69,0x00,
        0x73,0x5f,0x68,0x69,0x00,0x73,0x5f,0x70,0x5f,0x77,0x65,0x69,0x00,0x73,0x5f,0x79,
        0x5f,0x64,0x69,0x6c,0x61,0x74,0x69,0x6f,0x6e,0x5f,0x68,0x00,0x73,0x5f,0x64,0x69,
        0x6c,0x61,0x74,0x69,0x6f,0x6e,0x5f,0x68,0x00,0x73,0x5f,0x6f,0x75,0x74,0x5f,0x73,
        0x74,0x72,0x69,0x64,0x65,0x5f,0x68,0x00,0x73,0x5f,0x73,0x74,0x72,0x69,0x64,0x65,
        0x5f,0x68,0x00,0x73,0x5f,0x69,0x6e,0x5f,0x73,0x74,0x72,0x69,0x64,0x65,0x5f,0x68,
        0x00,0x73,0x5f,0x70,0x61,0x64,0x5f,0x68,0x00,0x63,0x6f,0x6e,0x76,0x5f,0x66,0x77,
        0x64,0x5f,0x72,0x65,0x6c,0x75,0x5f,0x67,0x74,0x63,0x77,0x33,0x5f,0x6e,0x68,0x77,
        0x63,0x5f,0x66,0x70,0x31,0x36,0x78,0x38,0x5f,0x65,0x78,0x31,0x5f,0x62,0x74,0x33,
        0x32,0x78,0x31,0x32,0x38,0x78,0x33,0x32,0x5f,0x77,0x72,0x32,0x78,0x32,0x5f,0x77,
        0x6e,0x31,0x78,0x34,0x5f,0x74,0x61,0x31,0x78,0x38,0x78,0x31,0x78,0x31,0x5f,0x31,
        0x78,0x34,0x78,0x31,0x78,0x33,0x32,0x5f,0x74,0x62,0x31,0x78,0x38,0x78,0x34,0x78,
        0x31,0x5f,0x31,0x78,0x34,0x78,0x31,0x78,0x33,0x32,0x5f,0x6d,0x62,0x30,0x5f,0x6c,
        0x6f,0x6f,0x70,0x5f,0x66,0x69,0x6e,0x69,0x73,0x68,0x69,0x6e,0x67,0x00,0x76,0x5f,
        0x6f,0x75,0x74,0x5f,0x66,0x6c,0x61,0x67,0x00,0x76,0x5f,0x69,0x6e,0x5f,0x66,0x6c,
        0x61,0x67,0x00,0x73,0x5f,0x67,0x00,0x73,0x5f,0x30,0x78,0x66,0x66,0x66,0x66,0x00,
        0x2e,0x6e,0x6f,0x74,0x65,0x00,0x76,0x5f,0x67,0x74,0x63,0x5f,0x69,0x63,0x65,0x00,
        0x63,0x6f,0x6e,0x76,0x5f,0x66,0x77,0x64,0x5f,0x72,0x65,0x6c,0x75,0x5f,0x67,0x74,
        0x63,0x77,0x33,0x5f,0x6e,0x68,0x77,0x63,0x5f,0x66,0x70,0x31,0x36,0x78,0x38,0x5f,
        0x65,0x78,0x31,0x5f,0x62,0x74,0x33,0x32,0x78,0x31,0x32,0x38,0x78,0x33,0x32,0x5f,
        0x77,0x72,0x32,0x78,0x32,0x5f,0x77,0x6e,0x31,0x78,0x34,0x5f,0x74,0x61,0x31,0x78,
        0x38,0x78,0x31,0x78,0x31,0x5f,0x31,0x78,0x34,0x78,0x31,0x78,0x33,0x32,0x5f,0x74,
        0x62,0x31,0x78,0x38,0x78,0x34,0x78,0x31,0x5f,0x31,0x78,0x34,0x78,0x31,0x78,0x33,
        0x32,0x5f,0x6d,0x62,0x30,0x5f,0x6c,0x6f,0x6f,0x70,0x5f,0x65,0x6e,0x64,0x00,0x76,
        0x5f,0x63,0x6f,0x5f,0x73,0x6c,0x64,0x00,0x63,0x6f,0x6e,0x76,0x5f,0x66,0x77,0x64,
        0x5f,0x72,0x65,0x6c,0x75,0x5f,0x67,0x74,0x63,0x77,0x33,0x5f,0x6e,0x68,0x77,0x63,
        0x5f,0x66,0x70,0x31,0x36,0x78,0x38,0x5f,0x65,0x78,0x31,0x5f,0x62,0x74,0x33,0x32,
        0x78,0x31,0x32,0x38,0x78,0x33,0x32,0x5f,0x77,0x72,0x32,0x78,0x32,0x5f,0x77,0x6e,
        0x31,0x78,0x34,0x5f,0x74,0x61,0x31,0x78,0x38,0x78,0x31,0x78,0x31,0x5f,0x31,0x78,
        0x34,0x78,0x31,0x78,0x33,0x32,0x5f,0x74,0x62,0x31,0x78,0x38,0x78,0x34,0x78,0x31,
        0x5f,0x31,0x78,0x34,0x78,0x31,0x78,0x33,0x32,0x5f,0x6d,0x62,0x30,0x2e,0x6b,0x64,
        0x00,0x76,0x5f,0x67,0x74,0x63,0x5f,0x69,0x63,0x00,0x76,0x5f,0x63,0x00,0x73,0x5f,
        0x63,0x00,0x73,0x5f,0x6d,0x6f,0x76,0x65,0x5f,0x73,0x6c,0x69,0x63,0x65,0x5f,0x6b,
        0x5f,0x63,0x00,0x73,0x5f,0x64,0x69,0x66,0x66,0x5f,0x69,0x6e,0x5f,0x6f,0x76,0x66,
        0x5f,0x63,0x00,0x73,0x5f,0x69,0x6e,0x5f,0x73,0x74,0x72,0x69,0x64,0x65,0x5f,0x63,
        0x00,0x76,0x5f,0x64,0x69,0x66,0x66,0x5f,0x69,0x6e,0x5f,0x61,0x63,0x63,0x5f,0x63,
        0x00,0x73,0x5f,0x64,0x69,0x66,0x66,0x5f,0x69,0x6e,0x5f,0x61,0x63,0x63,0x5f,0x63,
        0x00,0x76,0x5f,0x6f,0x75,0x74,0x5f,0x69,0x6e,0x62,0x00,0x76,0x5f,0x69,0x6e,0x5f,
        0x69,0x6e,0x62,0x00,0x73,0x5f,0x62,0x6c,0x6f,0x63,0x6b,0x5f,0x67,0x74,0x63,0x5f,
        0x69,0x6e,0x62,0x00,0x2e,0x73,0x74,0x72,0x74,0x61,0x62,0x00,0x2e,0x73,0x79,0x6d,
        0x74,0x61,0x62,0x00,0x76,0x5f,0x62,0x00,0x76,0x5f,0x67,0x6c,0x64,0x5f,0x62,0x00,
        0x2e,0x72,0x65,0x6c,0x61,0x2e,0x72,0x6f,0x64,0x61,0x74,0x61,0x00,0x73,0x5f,0x6b,
        0x61,0x00,0x76,0x5f,0x61,0x00,0x76,0x5f,0x67,0x6c,0x64,0x5f,0x61,0x00,0x73,0x5f,
        0x6d,0x61,0x67,0x69,0x63,0x5f,0x35,0x00,0x73,0x5f,0x6d,0x61,0x67,0x69,0x63,0x5f,
        0x34,0x00,0x73,0x5f,0x6d,0x61,0x67,0x69,0x63,0x5f,0x33,0x00,0x73,0x5f,0x6d,0x61,
        0x67,0x69,0x63,0x5f,0x32,0x00,0x73,0x5f,0x73,0x68,0x69,0x66,0x74,0x5f,0x70,0x61,
        0x63,0x6b,0x5f,0x31,0x00,0x73,0x5f,0x6d,0x61,0x67,0x69,0x63,0x5f,0x31,0x00,0x63,
        0x6f,0x6e,0x76,0x5f,0x66,0x77,0x64,0x5f,0x72,0x65,0x6c,0x75,0x5f,0x67,0x74,0x63,
        0x77,0x33,0x5f,0x6e,0x68,0x77,0x63,0x5f,0x66,0x70,0x31,0x36,0x78,0x38,0x5f,0x65,
        0x78,0x31,0x5f,0x62,0x74,0x33,0x32,0x78,0x31,0x32,0x38,0x78,0x33,0x32,0x5f,0x77,
        0x72,0x32,0x78,0x32,0x5f,0x77,0x6e,0x31,0x78,0x34,0x5f,0x74,0x61,0x31,0x78,0x38,
        0x78,0x31,0x78,0x31,0x5f,0x31,0x78,0x34,0x78,0x31,0x78,0x33,0x32,0x5f,0x74,0x62,
        0x31,0x78,0x38,0x78,0x34,0x78,0x31,0x5f,0x31,0x78,0x34,0x78,0x31,0x78,0x33,0x32,
        0x5f,0x6d,0x62,0x30,0x00,0x73,0x5f,0x73,0x68,0x69,0x66,0x74,0x5f,0x70,0x61,0x63,
        0x6b,0x5f,0x30,0x00,0x73,0x5f,0x6d,0x61,0x67,0x69,0x63,0x5f,0x30,0x00,0x00,0x00,
        0x00,0x00,0x00,0x00,0x00,0x00,0x00,0x00,0x00,0x00,0x00,0x00,0x00,0x00,0x00,0x00,
        0x00,0x00,0x00,0x00,0x00,0x00,0x00,0x00,0x00,0x00,0x00,0x00,0x00,0x00,0x00,0x00,
        0x00,0x00,0x00,0x00,0x00,0x00,0x00,0x00,0x00,0x00,0x00,0x00,0x00,0x00,0x00,0x00,
        0x00,0x00,0x00,0x00,0x00,0x00,0x00,0x00,0x00,0x00,0x00,0x00,0x00,0x00,0x00,0x00,
        0x9c,0x05,0x00,0x00,0x03,0x00,0x00,0x00,0x00,0x00,0x00,0x00,0x00,0x00,0x00,0x00,
        0x00,0x00,0x00,0x00,0x00,0x00,0x00,0x00,0x78,0x28,0x00,0x00,0x00,0x00,0x00,0x00,
        0x96,0x06,0x00,0x00,0x00,0x00,0x00,0x00,0x00,0x00,0x00,0x00,0x00,0x00,0x00,0x00,
        0x01,0x00,0x00,0x00,0x00,0x00,0x00,0x00,0x00,0x00,0x00,0x00,0x00,0x00,0x00,0x00,
        0xec,0x00,0x00,0x00,0x01,0x00,0x00,0x00,0x06,0x00,0x00,0x00,0x00,0x00,0x00,0x00,
        0x00,0x00,0x00,0x00,0x00,0x00,0x00,0x00,0x00,0x01,0x00,0x00,0x00,0x00,0x00,0x00,
        0x68,0x11,0x00,0x00,0x00,0x00,0x00,0x00,0x00,0x00,0x00,0x00,0x00,0x00,0x00,0x00,
        0x00,0x01,0x00,0x00,0x00,0x00,0x00,0x00,0x00,0x00,0x00,0x00,0x00,0x00,0x00,0x00,
        0xbd,0x05,0x00,0x00,0x01,0x00,0x00,0x00,0x02,0x00,0x00,0x00,0x00,0x00,0x00,0x00,
        0x00,0x00,0x00,0x00,0x00,0x00,0x00,0x00,0x80,0x12,0x00,0x00,0x00,0x00,0x00,0x00,
        0x40,0x00,0x00,0x00,0x00,0x00,0x00,0x00,0x00,0x00,0x00,0x00,0x00,0x00,0x00,0x00,
        0x40,0x00,0x00,0x00,0x00,0x00,0x00,0x00,0x00,0x00,0x00,0x00,0x00,0x00,0x00,0x00,
        0xb8,0x05,0x00,0x00,0x04,0x00,0x00,0x00,0x40,0x00,0x00,0x00,0x00,0x00,0x00,0x00,
        0x00,0x00,0x00,0x00,0x00,0x00,0x00,0x00,0x60,0x28,0x00,0x00,0x00,0x00,0x00,0x00,
        0x18,0x00,0x00,0x00,0x00,0x00,0x00,0x00,0x06,0x00,0x00,0x00,0x03,0x00,0x00,0x00,
        0x08,0x00,0x00,0x00,0x00,0x00,0x00,0x00,0x18,0x00,0x00,0x00,0x00,0x00,0x00,0x00,
        0x28,0x04,0x00,0x00,0x07,0x00,0x00,0x00,0x02,0x00,0x00,0x00,0x00,0x00,0x00,0x00,
        0x00,0x00,0x00,0x00,0x00,0x00,0x00,0x00,0xc0,0x12,0x00,0x00,0x00,0x00,0x00,0x00,
        0x50,0x0b,0x00,0x00,0x00,0x00,0x00,0x00,0x00,0x00,0x00,0x00,0x00,0x00,0x00,0x00,
        0x04,0x00,0x00,0x00,0x00,0x00,0x00,0x00,0x00,0x00,0x00,0x00,0x00,0x00,0x00,0x00,
        0xa4,0x05,0x00,0x00,0x02,0x00,0x00,0x00,0x00,0x00,0x00,0x00,0x00,0x00,0x00,0x00,
        0x00,0x00,0x00,0x00,0x00,0x00,0x00,0x00,0x10,0x1e,0x00,0x00,0x00,0x00,0x00,0x00,
        0x50,0x0a,0x00,0x00,0x00,0x00,0x00,0x00,0x01,0x00,0x00,0x00,0x6c,0x00,0x00,0x00,
        0x08,0x00,0x00,0x00,0x00,0x00,0x00,0x00,0x18,0x00,0x00,0x00,0x00,0x00,0x00,0x00
            },
            .m_kernelName = {},
            .m_compilerVersion = {},
            .m_codeObjectVersion = 0,
            .m_isRelocatable = true,
            .m_shaderType = ShaderTypesFlags::UNKNOWN
        };
        
        constexpr StaticShaderType<12760> MisaConv_Bias_gfx11 =
        {
            .m_binary = {
        0x7f,0x45,0x4c,0x46,0x02,0x01,0x01,0x40,0x02,0x00,0x00,0x00,0x00,0x00,0x00,0x00,
        0x01,0x00,0xe0,0x00,0x01,0x00,0x00,0x00,0x00,0x00,0x00,0x00,0x00,0x00,0x00,0x00,
        0x00,0x00,0x00,0x00,0x00,0x00,0x00,0x00,0x18,0x30,0x00,0x00,0x00,0x00,0x00,0x00,
        0x41,0x00,0x00,0x00,0x40,0x00,0x00,0x00,0x00,0x00,0x40,0x00,0x07,0x00,0x01,0x00,
        0x00,0x00,0x00,0x00,0x00,0x00,0x00,0x00,0x00,0x00,0x00,0x00,0x00,0x00,0x00,0x00,
        0x00,0x00,0x00,0x00,0x00,0x00,0x00,0x00,0x00,0x00,0x00,0x00,0x00,0x00,0x00,0x00,
        0x00,0x00,0x00,0x00,0x00,0x00,0x00,0x00,0x00,0x00,0x00,0x00,0x00,0x00,0x00,0x00,
        0x00,0x00,0x00,0x00,0x00,0x00,0x00,0x00,0x00,0x00,0x00,0x00,0x00,0x00,0x00,0x00,
        0x00,0x00,0x00,0x00,0x00,0x00,0x00,0x00,0x00,0x00,0x00,0x00,0x00,0x00,0x00,0x00,
        0x00,0x00,0x00,0x00,0x00,0x00,0x00,0x00,0x00,0x00,0x00,0x00,0x00,0x00,0x00,0x00,
        0x00,0x00,0x00,0x00,0x00,0x00,0x00,0x00,0x00,0x00,0x00,0x00,0x00,0x00,0x00,0x00,
        0x00,0x00,0x00,0x00,0x00,0x00,0x00,0x00,0x00,0x00,0x00,0x00,0x00,0x00,0x00,0x00,
        0x00,0x00,0x00,0x00,0x00,0x00,0x00,0x00,0x00,0x00,0x00,0x00,0x00,0x00,0x00,0x00,
        0x00,0x00,0x00,0x00,0x00,0x00,0x00,0x00,0x00,0x00,0x00,0x00,0x00,0x00,0x00,0x00,
        0x00,0x00,0x00,0x00,0x00,0x00,0x00,0x00,0x00,0x00,0x00,0x00,0x00,0x00,0x00,0x00,
        0x00,0x00,0x00,0x00,0x00,0x00,0x00,0x00,0x00,0x00,0x00,0x00,0x00,0x00,0x00,0x00,
        0x00,0x07,0x04,0xf4,0x00,0x00,0x00,0xf8,0x00,0x08,0x04,0xf4,0x08,0x00,0x00,0xf8,
        0x00,0x09,0x04,0xf4,0x10,0x00,0x00,0xf8,0x00,0x0a,0x04,0xf4,0x18,0x00,0x00,0xf8,
        0x00,0x02,0x10,0xf4,0x20,0x00,0x00,0xf8,0x00,0x06,0x08,0xf4,0x60,0x00,0x00,0xf8,
        0x00,0x0d,0x00,0xf4,0x70,0x00,0x00,0xf8,0x00,0x0b,0x0c,0xf4,0x74,0x00,0x00,0xf8,
        0x00,0x03,0xec,0x7e,0x9f,0xec,0xde,0x36,0x85,0xec,0xec,0x32,0x83,0xec,0xd4,0x36,
        0x00,0x03,0xec,0x7e,0x9f,0xec,0xda,0x36,0xff,0x00,0x87,0xbe,0xff,0xff,0x00,0x00,
        0x80,0x00,0xc4,0xbe,0x07,0xfc,0x89,0xbf,0x0e,0x07,0x04,0xf4,0x00,0x00,0x00,0xf8,
        0x10,0x08,0x04,0xf4,0x00,0x00,0x00,0xf8,0x12,0x09,0x04,0xf4,0x00,0x00,0x00,0xf8,
        0x14,0x0a,0x04,0xf4,0x00,0x00,0x00,0xf8,0x07,0xfc,0x89,0xbf,0x1d,0xff,0x1d,0x8b,
        0xff,0xff,0x00,0x00,0x21,0xff,0x21,0x8b,0xff,0xff,0x00,0x00,0x25,0xff,0x25,0x8b,
        0xff,0xff,0x00,0x00,0x29,0xff,0x29,0x8b,0xff,0xff,0x00,0x00,0x34,0xff,0x35,0x93,
        0x10,0x00,0x08,0x00,0x34,0xff,0x36,0x93,0x08,0x00,0x08,0x00,0x34,0xff,0x34,0x8b,
        0xff,0x00,0x00,0x00,0x18,0x90,0x39,0x85,0x18,0x07,0x18,0x8b,0x19,0x90,0x3a,0x85,
        0x19,0x07,0x19,0x8b,0x1a,0x90,0x3b,0x85,0x1a,0x07,0x1a,0x8b,0x1b,0x90,0x3c,0x85,
        0x1b,0x07,0x1b,0x8b,0x32,0xff,0x4b,0x93,0x00,0x00,0x08,0x00,0x2c,0x0c,0xc8,0x96,
        0x48,0x0c,0x48,0x80,0x48,0x4b,0x37,0x85,0x2c,0x0b,0xc8,0x96,0x48,0x0b,0x48,0x80,
        0x48,0x4b,0x38,0x85,0x2c,0x04,0xc8,0x96,0x48,0x04,0x48,0x80,0x48,0x4b,0x4d,0x85,
        0x0d,0x4d,0x48,0x96,0x04,0x48,0xcc,0x80,0x37,0x38,0x48,0x96,0x1b,0x3c,0x49,0x96,
        0x48,0x49,0x48,0x96,0x48,0x81,0x48,0x84,0x48,0x00,0xa2,0xbe,0xff,0x00,0xa3,0xbe,
        0x00,0x00,0x02,0x30,0x48,0x4c,0x48,0x96,0x20,0x48,0x20,0x80,0x21,0x80,0x21,0x82,
        0x10,0x0a,0x48,0x96,0x48,0x4d,0x4a,0x96,0x48,0x4d,0xcb,0x96,0x1c,0x4a,0x1c,0x80,
        0x1d,0x4b,0x1d,0x82,0x14,0x0a,0x48,0x96,0x48,0x4d,0x4a,0x96,0x48,0x4d,0xcb,0x96,
        0x24,0x4a,0x24,0x80,0x25,0x4b,0x25,0x82,0x37,0x83,0x4a,0x85,0x38,0x83,0x4b,0x85,
        0x4a,0x4c,0x48,0x96,0x11,0x48,0x48,0x96,0x1c,0x48,0x1c,0x80,0x1d,0x80,0x1d,0x82,
        0x4b,0x4c,0x48,0x96,0x15,0x48,0x48,0x96,0x24,0x48,0x24,0x80,0x25,0x80,0x25,0x82,
        0x02,0xff,0x3e,0x96,0x80,0x00,0x00,0x00,0x03,0xa0,0x3d,0x96,0x37,0x83,0x0c,0x85,
        0x32,0xff,0x4b,0x93,0x08,0x00,0x08,0x00,0x79,0x00,0x2d,0xd7,0x2d,0xd4,0x02,0x00,
        0x79,0xd5,0xf2,0x4a,0x4b,0xf2,0xf4,0x32,0x79,0x00,0x2c,0xd7,0x0c,0xf4,0x02,0x00,
        0x6a,0xf3,0xd2,0x4c,0x33,0xff,0x4b,0x93,0x08,0x00,0x08,0x00,0x79,0x00,0x2d,0xd7,
        0x31,0xf4,0x02,0x00,0x79,0xf5,0xf2,0x4a,0x4b,0xf2,0xd6,0x32,0x79,0x00,0x2c,0xd7,
        0x1b,0xd6,0x02,0x00,0x7a,0xf3,0xd8,0x4c,0x19,0xd8,0xb0,0x16,0x3a,0xd6,0xae,0x16,
        0x1b,0x3c,0x48,0x96,0x48,0x37,0x05,0x96,0x87,0x00,0xec,0x32,0x76,0x05,0x90,0x7e,
        0x48,0xa0,0x4b,0x96,0x3d,0x82,0x4c,0x96,0x82,0x0b,0x2a,0x96,0xff,0x00,0xab,0xbe,
        0x00,0x00,0x02,0x30,0x4b,0x4c,0x4a,0x80,0x9f,0x00,0xec,0x36,0x76,0x00,0x2c,0xd7,
        0x76,0x05,0x01,0x00,0x00,0x00,0x48,0xe0,0x76,0x73,0x4a,0x4a,0x20,0x00,0x48,0xe0,
        0x76,0x74,0x4a,0x4a,0x1b,0x3c,0x48,0x96,0x48,0x37,0x48,0x96,0x48,0x81,0x3f,0x84,
        0x3d,0xde,0xf6,0x4a,0x84,0xd4,0xec,0x30,0x7a,0x00,0x2c,0xd7,0x3f,0xf6,0x02,0x00,
        0x3f,0xa0,0x3f,0x96,0x76,0xf5,0xd0,0x4a,0x80,0x02,0x86,0x7e,0x80,0x02,0x88,0x7e,
        0x80,0x02,0x8a,0x7e,0x80,0x02,0x8c,0x7e,0x00,0x00,0x5c,0xe0,0x68,0x43,0x48,0x44,
        0x80,0x00,0xc3,0xbe,0x10,0x0a,0x1e,0x96,0xff,0x00,0x9f,0xbe,0x00,0x00,0x02,0x30,
        0x08,0x90,0x08,0x84,0x80,0x02,0xce,0x7e,0x80,0x00,0x81,0xbe,0x7b,0x00,0x55,0xd6,
        0x3e,0x02,0xb4,0x05,0x32,0xff,0x4b,0x93,0x18,0x00,0x08,0x00,0x79,0x00,0x2d,0xd7,
        0x2f,0xf6,0x02,0x00,0x79,0xf7,0xf2,0x4a,0x4b,0xf2,0xf4,0x32,0x79,0x00,0x2c,0xd7,
        0x0f,0xf4,0x02,0x00,0x7b,0xf3,0xec,0x4c,0x32,0xff,0x4b,0x93,0x10,0x00,0x08,0x00,
        0x79,0x00,0x2d,0xd7,0x2e,0xf4,0x02,0x00,0x79,0xf5,0xf2,0x4a,0x4b,0xf2,0xdc,0x32,
        0x79,0x00,0x2c,0xd7,0x0e,0xdc,0x02,0x00,0x7a,0xf3,0xee,0x4c,0x76,0x00,0x05,0xd7,
        0x18,0xec,0x02,0x00,0x76,0x00,0x03,0xd7,0x76,0xb1,0x02,0x00,0x1a,0xec,0xf0,0x4e,
        0x76,0x00,0x04,0xd7,0x76,0x35,0x00,0x00,0x77,0x00,0x05,0xd7,0x39,0xee,0x02,0x00,
        0x77,0x00,0x03,0xd7,0x77,0xaf,0x02,0x00,0x3b,0xee,0xf2,0x4e,0x77,0x00,0x04,0xd7,
        0x77,0x77,0x00,0x00,0x7b,0x00,0x2c,0xd7,0x10,0xdc,0x02,0x00,0x7a,0x00,0x2c,0xd7,
        0x11,0xd2,0x02,0x00,0x79,0x00,0x2c,0xd7,0x12,0xf2,0x02,0x00,0x78,0x00,0x2c,0xd7,
        0x13,0xf0,0x02,0x00,0x5b,0x00,0x55,0xd6,0x7b,0xf5,0xe6,0x05,0x78,0xb7,0xb6,0x4a,
        0x0c,0xd2,0x98,0x7c,0x7a,0x00,0x01,0xd5,0x80,0x02,0xa9,0x01,0x0a,0xdc,0x98,0x7c,
        0x79,0x00,0x01,0xd5,0x80,0x02,0xa9,0x01,0x5f,0x00,0x56,0xd6,0x77,0x21,0xd9,0x05,
        0x67,0x00,0x56,0xd6,0x79,0x01,0x9d,0x05,0x7a,0xf3,0xf2,0x36,0x08,0xbe,0x98,0x7c,
        0x80,0xf2,0xc6,0x02,0x09,0xbe,0x78,0x7c,0x80,0xc6,0xc6,0x02,0xa0,0x00,0x81,0xbe,
        0x7b,0x00,0x55,0xd6,0x3e,0x02,0xb4,0x05,0x32,0xff,0x4b,0x93,0x18,0x00,0x08,0x00,
        0x79,0x00,0x2d,0xd7,0x2f,0xf6,0x02,0x00,0x79,0xf7,0xf2,0x4a,0x4b,0xf2,0xf4,0x32,
        0x79,0x00,0x2c,0xd7,0x0f,0xf4,0x02,0x00,0x7b,0xf3,0xec,0x4c,0x32,0xff,0x4b,0x93,
        0x10,0x00,0x08,0x00,0x79,0x00,0x2d,0xd7,0x2e,0xf4,0x02,0x00,0x79,0xf5,0xf2,0x4a,
        0x4b,0xf2,0xdc,0x32,0x79,0x00,0x2c,0xd7,0x0e,0xdc,0x02,0x00,0x7a,0xf3,0xee,0x4c,
        0x76,0x00,0x05,0xd7,0x18,0xec,0x02,0x00,0x76,0x00,0x03,0xd7,0x76,0xb1,0x02,0x00,
        0x1a,0xec,0xf0,0x4e,0x76,0x00,0x04,0xd7,0x76,0x35,0x00,0x00,0x77,0x00,0x05,0xd7,
        0x39,0xee,0x02,0x00,0x77,0x00,0x03,0xd7,0x77,0xaf,0x02,0x00,0x3b,0xee,0xf2,0x4e,
        0x77,0x00,0x04,0xd7,0x77,0x77,0x00,0x00,0x7b,0x00,0x2c,0xd7,0x10,0xdc,0x02,0x00,
        0x7a,0x00,0x2c,0xd7,0x11,0xd2,0x02,0x00,0x79,0x00,0x2c,0xd7,0x12,0xf2,0x02,0x00,
        0x78,0x00,0x2c,0xd7,0x13,0xf0,0x02,0x00,0x5c,0x00,0x55,0xd6,0x7b,0xf5,0xe6,0x05,
        0x78,0xb9,0xb8,0x4a,0x0c,0xd2,0x98,0x7c,0x7a,0x00,0x01,0xd5,0x80,0x02,0xa9,0x01,
        0x0a,0xdc,0x98,0x7c,0x79,0x00,0x01,0xd5,0x80,0x02,0xa9,0x01,0x60,0x00,0x56,0xd6,
        0x77,0x21,0xd9,0x05,0x67,0x00,0x56,0xd6,0x79,0x03,0x9d,0x05,0x7a,0xf3,0xf2,0x36,
        0x08,0xc0,0x98,0x7c,0x80,0xf2,0xc8,0x02,0x09,0xc0,0x78,0x7c,0x80,0xc8,0xc8,0x02,
        0xc0,0x00,0x81,0xbe,0x7b,0x00,0x55,0xd6,0x3e,0x02,0xb4,0x05,0x32,0xff,0x4b,0x93,
        0x18,0x00,0x08,0x00,0x79,0x00,0x2d,0xd7,0x2f,0xf6,0x02,0x00,0x79,0xf7,0xf2,0x4a,
        0x4b,0xf2,0xf4,0x32,0x79,0x00,0x2c,0xd7,0x0f,0xf4,0x02,0x00,0x7b,0xf3,0xec,0x4c,
        0x32,0xff,0x4b,0x93,0x10,0x00,0x08,0x00,0x79,0x00,0x2d,0xd7,0x2e,0xf4,0x02,0x00,
        0x79,0xf5,0xf2,0x4a,0x4b,0xf2,0xdc,0x32,0x79,0x00,0x2c,0xd7,0x0e,0xdc,0x02,0x00,
        0x7a,0xf3,0xee,0x4c,0x76,0x00,0x05,0xd7,0x18,0xec,0x02,0x00,0x76,0x00,0x03,0xd7,
        0x76,0xb1,0x02,0x00,0x1a,0xec,0xf0,0x4e,0x76,0x00,0x04,0xd7,0x76,0x35,0x00,0x00,
        0x77,0x00,0x05,0xd7,0x39,0xee,0x02,0x00,0x77,0x00,0x03,0xd7,0x77,0xaf,0x02,0x00,
        0x3b,0xee,0xf2,0x4e,0x77,0x00,0x04,0xd7,0x77,0x77,0x00,0x00,0x7b,0x00,0x2c,0xd7,
        0x10,0xdc,0x02,0x00,0x7a,0x00,0x2c,0xd7,0x11,0xd2,0x02,0x00,0x79,0x00,0x2c,0xd7,
        0x12,0xf2,0x02,0x00,0x78,0x00,0x2c,0xd7,0x13,0xf0,0x02,0x00,0x5d,0x00,0x55,0xd6,
        0x7b,0xf5,0xe6,0x05,0x78,0xbb,0xba,0x4a,0x0c,0xd2,0x98,0x7c,0x7a,0x00,0x01,0xd5,
        0x80,0x02,0xa9,0x01,0x0a,0xdc,0x98,0x7c,0x79,0x00,0x01,0xd5,0x80,0x02,0xa9,0x01,
        0x61,0x00,0x56,0xd6,0x77,0x21,0xd9,0x05,0x67,0x00,0x56,0xd6,0x79,0x05,0x9d,0x05,
        0x7a,0xf3,0xf2,0x36,0x08,0xc2,0x98,0x7c,0x80,0xf2,0xca,0x02,0x09,0xc2,0x78,0x7c,
        0x80,0xca,0xca,0x02,0xff,0x00,0x81,0xbe,0x60,0x00,0x00,0x00,0x7b,0x00,0x55,0xd6,
        0x3e,0x02,0xb4,0x05,0x32,0xff,0x4b,0x93,0x18,0x00,0x08,0x00,0x79,0x00,0x2d,0xd7,
        0x2f,0xf6,0x02,0x00,0x79,0xf7,0xf2,0x4a,0x4b,0xf2,0xf4,0x32,0x79,0x00,0x2c,0xd7,
        0x0f,0xf4,0x02,0x00,0x7b,0xf3,0xec,0x4c,0x32,0xff,0x4b,0x93,0x10,0x00,0x08,0x00,
        0x79,0x00,0x2d,0xd7,0x2e,0xf4,0x02,0x00,0x79,0xf5,0xf2,0x4a,0x4b,0xf2,0xdc,0x32,
        0x79,0x00,0x2c,0xd7,0x0e,0xdc,0x02,0x00,0x7a,0xf3,0xee,0x4c,0x76,0x00,0x05,0xd7,
        0x18,0xec,0x02,0x00,0x76,0x00,0x03,0xd7,0x76,0xb1,0x02,0x00,0x1a,0xec,0xf0,0x4e,
        0x76,0x00,0x04,0xd7,0x76,0x35,0x00,0x00,0x77,0x00,0x05,0xd7,0x39,0xee,0x02,0x00,
        0x77,0x00,0x03,0xd7,0x77,0xaf,0x02,0x00,0x3b,0xee,0xf2,0x4e,0x77,0x00,0x04,0xd7,
        0x77,0x77,0x00,0x00,0x7b,0x00,0x2c,0xd7,0x10,0xdc,0x02,0x00,0x7a,0x00,0x2c,0xd7,
        0x11,0xd2,0x02,0x00,0x79,0x00,0x2c,0xd7,0x12,0xf2,0x02,0x00,0x78,0x00,0x2c,0xd7,
        0x13,0xf0,0x02,0x00,0x5e,0x00,0x55,0xd6,0x7b,0xf5,0xe6,0x05,0x78,0xbd,0xbc,0x4a,
        0x0c,0xd2,0x98,0x7c,0x7a,0x00,0x01,0xd5,0x80,0x02,0xa9,0x01,0x0a,0xdc,0x98,0x7c,
        0x79,0x00,0x01,0xd5,0x80,0x02,0xa9,0x01,0x62,0x00,0x56,0xd6,0x77,0x21,0xd9,0x05,
        0x67,0x00,0x56,0xd6,0x79,0x07,0x9d,0x05,0x7a,0xf3,0xf2,0x36,0x08,0xc4,0x98,0x7c,
        0x80,0xf2,0xcc,0x02,0x09,0xc4,0x78,0x7c,0x80,0xcc,0xcc,0x02,0x80,0x02,0x8e,0x7e,
        0x80,0x02,0x90,0x7e,0x80,0x02,0x92,0x7e,0x80,0x02,0x94,0x7e,0x80,0x02,0x96,0x7e,
        0x80,0x02,0x98,0x7e,0x80,0x02,0x9a,0x7e,0x80,0x02,0x9c,0x7e,0x80,0x02,0x9e,0x7e,
        0x80,0x02,0xa0,0x7e,0x80,0x02,0xa2,0x7e,0x80,0x02,0xa4,0x7e,0x80,0x02,0xa6,0x7e,
        0x80,0x02,0xa8,0x7e,0x80,0x02,0xaa,0x7e,0x80,0x02,0xac,0x7e,0x81,0xc6,0x96,0x7d,
        0x00,0x00,0x5c,0xe0,0x5b,0x47,0x47,0x43,0xc1,0x01,0xfe,0xbe,0x81,0xc8,0x96,0x7d,
        0x00,0x00,0x5c,0xe0,0x5c,0x4b,0x47,0x43,0xc1,0x01,0xfe,0xbe,0x81,0xca,0x96,0x7d,
        0x00,0x00,0x5c,0xe0,0x5d,0x4f,0x47,0x43,0xc1,0x01,0xfe,0xbe,0x81,0xcc,0x96,0x7d,
        0x00,0x00,0x5c,0xe0,0x5e,0x53,0x47,0x43,0xc1,0x01,0xfe,0xbe,0x00,0x03,0xf6,0x7e,
        0x85,0xf6,0xec,0x32,0x8f,0xf6,0xee,0x36,0x83,0xec,0xe2,0x36,0x82,0xec,0xe4,0x32,
        0x81,0xee,0xf2,0x36,0x81,0xee,0xf0,0x32,0x71,0x00,0x56,0xd6,0x71,0x09,0xdd,0x05,
        0x79,0x00,0x56,0xd6,0x79,0x07,0xe1,0x05,0x72,0x00,0x56,0xd6,0x72,0x09,0xe5,0x05,
        0x00,0x03,0xf6,0x7e,0x8f,0xf6,0xf2,0x36,0x84,0xf6,0xf0,0x32,0x81,0xf0,0xf0,0x36,
        0x85,0xf6,0xec,0x32,0x83,0xec,0xee,0x36,0x82,0xec,0xec,0x32,0x80,0xec,0xec,0x36,
        0x6e,0x00,0x56,0xd6,0x77,0x09,0xe5,0x05,0x83,0xf0,0xf0,0x30,0x70,0x00,0x56,0xd6,
        0x76,0x09,0xe1,0x05,0x84,0xe4,0xb0,0x30,0x83,0xde,0xf0,0x30,0x76,0x00,0x0b,0xd6,
        0x6a,0xff,0xe1,0x05,0x00,0x01,0x00,0x00,0x81,0xec,0xae,0x30,0x84,0xe2,0xb4,0x30,
        0x83,0xda,0xf0,0x30,0x76,0x00,0x0b,0xd6,0x6a,0xff,0xe1,0x05,0x00,0x04,0x00,0x00,
        0x81,0xec,0xb2,0x30,0xff,0xb4,0xb4,0x4a,0x00,0x08,0x00,0x00,0xff,0xb2,0xb2,0x4a,
        0x00,0x08,0x00,0x00,0x6e,0x03,0xe2,0x7e,0x70,0x03,0xe4,0x7e,0x3d,0xe4,0xe4,0x4a,
        0x83,0xe4,0xec,0x32,0x6e,0x00,0x2c,0xd7,0x15,0xec,0x02,0x00,0x0a,0x0e,0x42,0x96,
        0x32,0xff,0x46,0x93,0x18,0x00,0x08,0x00,0x32,0xff,0x45,0x93,0x10,0x00,0x08,0x00,
        0x0f,0x42,0x42,0x96,0xc1,0x00,0xa6,0xbe,0xff,0x00,0xa7,0xbe,0x00,0x00,0x02,0x30,
        0x38,0xe4,0x98,0x7c,0x70,0x00,0x01,0xd5,0x80,0x02,0xa9,0x01,0xc0,0x00,0xc0,0xbe,
        0x19,0x36,0x36,0x96,0x19,0x1b,0x1b,0x96,0x19,0xd8,0xd8,0x16,0x6a,0x00,0x25,0xd7,
        0x80,0x6c,0x00,0x00,0x1b,0x36,0xc1,0x80,0x0c,0x34,0xbb,0x80,0x6d,0x00,0x25,0xd7,
        0x80,0x68,0x00,0x00,0xf7,0x13,0x89,0xbf,0xff,0x00,0xea,0xbe,0xff,0xff,0x00,0x00,
        0x48,0x00,0x60,0xd7,0x73,0x01,0x01,0x00,0x48,0x02,0xec,0x7e,0x48,0x00,0x60,0xd7,
        0x73,0x11,0x01,0x00,0x49,0x00,0x60,0xd7,0x73,0x03,0x01,0x00,0x49,0x02,0xee,0x7e,
        0x49,0x00,0x60,0xd7,0x73,0x13,0x01,0x00,0x4a,0x00,0x60,0xd7,0x73,0x05,0x01,0x00,
        0x4a,0x02,0xf0,0x7e,0x4a,0x00,0x60,0xd7,0x73,0x15,0x01,0x00,0x4b,0x00,0x60,0xd7,
        0x73,0x07,0x01,0x00,0x4b,0x02,0xf2,0x7e,0x4b,0x00,0x60,0xd7,0x73,0x17,0x01,0x00,
        0x4c,0x00,0x60,0xd7,0x73,0x09,0x01,0x00,0x4c,0x02,0xf4,0x7e,0x4c,0x00,0x60,0xd7,
        0x73,0x19,0x01,0x00,0x4d,0x00,0x60,0xd7,0x73,0x0b,0x01,0x00,0x4d,0x02,0xf6,0x7e,
        0x4d,0x00,0x60,0xd7,0x73,0x1b,0x01,0x00,0x4e,0x00,0x60,0xd7,0x73,0x0d,0x01,0x00,
        0x4e,0x02,0xf8,0x7e,0x4e,0x00,0x60,0xd7,0x73,0x1d,0x01,0x00,0x4f,0x00,0x60,0xd7,
        0x73,0x0f,0x01,0x00,0x4f,0x02,0xfa,0x7e,0x4f,0x00,0x60,0xd7,0x73,0x1f,0x01,0x00,
        0x48,0xec,0xec,0x02,0x49,0xee,0xee,0x02,0x4a,0xf0,0xf0,0x02,0x4b,0xf2,0xf2,0x02,
        0x4c,0xf4,0xf4,0x02,0x4d,0xf6,0xf6,0x02,0x4e,0xf8,0xf8,0x02,0x4f,0xfa,0xfa,0x02,
        0x76,0x17,0xec,0x7e,0x77,0x17,0xee,0x7e,0x78,0x17,0xf0,0x7e,0x79,0x17,0xf2,0x7e,
        0x7a,0x17,0xf4,0x7e,0x7b,0x17,0xf6,0x7e,0x7c,0x17,0xf8,0x7e,0x7d,0x17,0xfa,0x7e,
        0x76,0x03,0x00,0x7e,0x77,0x03,0x02,0x7e,0x78,0x03,0x04,0x7e,0x79,0x03,0x06,0x7e,
        0x7a,0x03,0x08,0x7e,0x7b,0x03,0x0a,0x7e,0x7c,0x03,0x0c,0x7e,0x7d,0x03,0x0e,0x7e,
        0x76,0x03,0x10,0x7e,0x77,0x03,0x12,0x7e,0x78,0x03,0x14,0x7e,0x79,0x03,0x16,0x7e,
        0x7a,0x03,0x18,0x7e,0x7b,0x03,0x1a,0x7e,0x7c,0x03,0x1c,0x7e,0x7d,0x03,0x1e,0x7e,
        0x48,0x00,0x60,0xd7,0x74,0x01,0x01,0x00,0x48,0x02,0xec,0x7e,0x48,0x00,0x60,0xd7,
        0x74,0x11,0x01,0x00,0x49,0x00,0x60,0xd7,0x74,0x03,0x01,0x00,0x49,0x02,0xee,0x7e,
        0x49,0x00,0x60,0xd7,0x74,0x13,0x01,0x00,0x4a,0x00,0x60,0xd7,0x74,0x05,0x01,0x00,
        0x4a,0x02,0xf0,0x7e,0x4a,0x00,0x60,0xd7,0x74,0x15,0x01,0x00,0x4b,0x00,0x60,0xd7,
        0x74,0x07,0x01,0x00,0x4b,0x02,0xf2,0x7e,0x4b,0x00,0x60,0xd7,0x74,0x17,0x01,0x00,
        0x4c,0x00,0x60,0xd7,0x74,0x09,0x01,0x00,0x4c,0x02,0xf4,0x7e,0x4c,0x00,0x60,0xd7,
        0x74,0x19,0x01,0x00,0x4d,0x00,0x60,0xd7,0x74,0x0b,0x01,0x00,0x4d,0x02,0xf6,0x7e,
        0x4d,0x00,0x60,0xd7,0x74,0x1b,0x01,0x00,0x4e,0x00,0x60,0xd7,0x74,0x0d,0x01,0x00,
        0x4e,0x02,0xf8,0x7e,0x4e,0x00,0x60,0xd7,0x74,0x1d,0x01,0x00,0x4f,0x00,0x60,0xd7,
        0x74,0x0f,0x01,0x00,0x4f,0x02,0xfa,0x7e,0x4f,0x00,0x60,0xd7,0x74,0x1f,0x01,0x00,
        0x48,0xec,0xec,0x02,0x49,0xee,0xee,0x02,0x4a,0xf0,0xf0,0x02,0x4b,0xf2,0xf2,0x02,
        0x4c,0xf4,0xf4,0x02,0x4d,0xf6,0xf6,0x02,0x4e,0xf8,0xf8,0x02,0x4f,0xfa,0xfa,0x02,
        0x76,0x17,0xec,0x7e,0x77,0x17,0xee,0x7e,0x78,0x17,0xf0,0x7e,0x79,0x17,0xf2,0x7e,
        0x7a,0x17,0xf4,0x7e,0x7b,0x17,0xf6,0x7e,0x7c,0x17,0xf8,0x7e,0x7d,0x17,0xfa,0x7e,
        0x76,0x03,0x20,0x7e,0x77,0x03,0x22,0x7e,0x78,0x03,0x24,0x7e,0x79,0x03,0x26,0x7e,
        0x7a,0x03,0x28,0x7e,0x7b,0x03,0x2a,0x7e,0x7c,0x03,0x2c,0x7e,0x7d,0x03,0x2e,0x7e,
        0x76,0x03,0x30,0x7e,0x77,0x03,0x32,0x7e,0x78,0x03,0x34,0x7e,0x79,0x03,0x36,0x7e,
        0x7a,0x03,0x38,0x7e,0x7b,0x03,0x3a,0x7e,0x7c,0x03,0x3c,0x7e,0x7d,0x03,0x3e,0x7e,
        0xf7,0x13,0x89,0xbf,0x00,0x00,0x7c,0xdb,0x57,0x43,0x00,0x00,0xf7,0x03,0x89,0xbf,
        0x00,0x00,0x7c,0xdb,0x59,0x47,0x00,0x00,0x00,0x02,0x7c,0xdb,0x59,0x4b,0x00,0x00,
        0x00,0x04,0x7c,0xdb,0x59,0x4f,0x00,0x00,0x00,0x06,0x7c,0xdb,0x59,0x53,0x00,0x00,
        0x3b,0xd2,0x98,0x7c,0x40,0xd0,0xd0,0x4a,0x3b,0xda,0xf0,0x02,0x77,0x00,0x01,0xd5,
        0x19,0x00,0xa9,0x01,0x69,0xf1,0xd2,0x4c,0x6c,0xef,0xf2,0x4a,0x1b,0xf2,0x98,0x7c,
        0x80,0xf2,0xf2,0x02,0x7a,0x00,0x01,0xd5,0x3a,0x00,0xa9,0x01,0x41,0xf2,0x98,0x7c,
        0x41,0xd4,0xec,0x02,0x77,0x00,0x01,0xd5,0x3a,0x00,0xa9,0x01,0x79,0xed,0xf2,0x4c,
        0x7a,0x00,0x55,0xd6,0x7a,0xef,0xd6,0x00,0x79,0xd9,0xf6,0x4c,0x6b,0xf5,0xd6,0x4a,
        0x79,0x03,0xd8,0x7e,0x76,0x00,0x09,0xd5,0x7b,0x27,0x00,0x00,0x77,0x00,0x0b,0xd5,
        0x7a,0x25,0x00,0x00,0x78,0x00,0x09,0xd5,0x78,0x23,0x00,0x00,0xff,0xf6,0xf6,0x36,
        0xff,0xff,0x00,0x00,0x76,0xef,0xec,0x4a,0x76,0xf1,0xf2,0x4c,0x0c,0xd2,0x98,0x7c,
        0x7a,0x00,0x56,0xd6,0x7a,0x21,0xed,0x05,0x78,0x00,0x01,0xd5,0x80,0x02,0xa9,0x01,
        0x79,0xb7,0xb6,0x4a,0x79,0xb9,0xb8,0x4a,0x79,0xbb,0xba,0x4a,0x79,0xbd,0xbc,0x4a,
        0x76,0x00,0x10,0xd6,0x67,0x01,0x05,0x02,0x5f,0x40,0x0a,0xcc,0x7a,0xbf,0x02,0x18,
        0x78,0xed,0xc6,0x36,0x76,0x00,0x10,0xd6,0x67,0x03,0x05,0x02,0x60,0x40,0x0a,0xcc,
        0x7a,0xc1,0x02,0x18,0x78,0xed,0xc8,0x36,0x76,0x00,0x10,0xd6,0x67,0x05,0x05,0x02,
        0x61,0x40,0x0a,0xcc,0x7a,0xc3,0x02,0x18,0x78,0xed,0xca,0x36,0x76,0x00,0x10,0xd6,
        0x67,0x07,0x05,0x02,0x62,0x40,0x0a,0xcc,0x7a,0xc5,0x02,0x18,0x78,0xed,0xcc,0x36,
        0x76,0x00,0x10,0xd6,0x67,0x05,0x05,0x02,0x08,0xbe,0x98,0x7c,0x80,0xc6,0xc6,0x02,
        0x77,0x00,0x10,0xd6,0x67,0x07,0x05,0x02,0x08,0xc0,0x98,0x7c,0x80,0xc8,0xc8,0x02,
        0x76,0xf1,0xca,0x36,0x09,0xbe,0x78,0x7c,0x80,0xc6,0xc6,0x02,0x77,0xf1,0xcc,0x36,
        0x09,0xc0,0x78,0x7c,0x80,0xc8,0xc8,0x02,0x08,0xc2,0x98,0x7c,0x80,0xca,0xca,0x02,
        0x08,0xc4,0x98,0x7c,0x80,0xcc,0xcc,0x02,0x09,0xc2,0x78,0x7c,0x80,0xca,0xca,0x02,
        0x09,0xc4,0x78,0x7c,0x80,0xcc,0xcc,0x02,0x07,0xfc,0x89,0xbf,0x00,0x00,0xbd,0xbf,
        0x00,0x00,0xfc,0xdb,0x5a,0x00,0x00,0x32,0x00,0x08,0xfc,0xdb,0x5a,0x00,0x00,0x36,
        0x00,0x00,0xfc,0xdb,0x58,0x00,0x00,0x21,0x00,0x02,0xfc,0xdb,0x58,0x00,0x00,0x25,
        0x00,0x01,0xfc,0xdb,0x58,0x00,0x00,0x29,0x00,0x03,0xfc,0xdb,0x58,0x00,0x00,0x2d,
        0x05,0xa0,0x86,0x81,0x06,0x80,0x02,0xbf,0xcb,0x00,0xa1,0xbf,0x00,0x00,0x5c,0xe0,
        0x68,0x43,0x48,0x44,0x80,0x02,0x8e,0x7e,0x80,0x02,0x90,0x7e,0x80,0x02,0x92,0x7e,
        0x80,0x02,0x94,0x7e,0x80,0x02,0x96,0x7e,0x80,0x02,0x98,0x7e,0x80,0x02,0x9a,0x7e,
        0x80,0x02,0x9c,0x7e,0x80,0x02,0x9e,0x7e,0x80,0x02,0xa0,0x7e,0x80,0x02,0xa2,0x7e,
        0x80,0x02,0xa4,0x7e,0x80,0x02,0xa6,0x7e,0x80,0x02,0xa8,0x7e,0x80,0x02,0xaa,0x7e,
        0x80,0x02,0xac,0x7e,0x81,0xc6,0x96,0x7d,0x00,0x00,0x5c,0xe0,0x5b,0x47,0x47,0x43,
        0xc1,0x01,0xfe,0xbe,0x81,0xc8,0x96,0x7d,0x00,0x00,0x5c,0xe0,0x5c,0x4b,0x47,0x43,
        0xc1,0x01,0xfe,0xbe,0x81,0xca,0x96,0x7d,0x00,0x00,0x5c,0xe0,0x5d,0x4f,0x47,0x43,
        0xc1,0x01,0xfe,0xbe,0x81,0xcc,0x96,0x7d,0x00,0x00,0x5c,0xe0,0x5e,0x53,0x47,0x43,
        0xc1,0x01,0xfe,0xbe,0x00,0x04,0xfc,0xdb,0x5a,0x00,0x00,0x3a,0x00,0x0c,0xfc,0xdb,
        0x5a,0x00,0x00,0x3e,0x47,0xfc,0x89,0xbf,0x00,0x40,0x40,0xcc,0x21,0x65,0x02,0x1c,
        0x27,0xfc,0x89,0xbf,0x10,0x40,0x40,0xcc,0x29,0x65,0x42,0x1c,0x00,0x10,0xfc,0xdb,
        0x5a,0x00,0x00,0x32,0x00,0x18,0xfc,0xdb,0x5a,0x00,0x00,0x36,0x27,0xfc,0x89,0xbf,
        0x08,0x40,0x40,0xcc,0x21,0x75,0x22,0x1c,0x00,0x04,0xfc,0xdb,0x58,0x00,0x00,0x21,
        0x00,0x06,0xfc,0xdb,0x58,0x00,0x00,0x25,0x18,0x40,0x40,0xcc,0x29,0x75,0x62,0x1c,
        0x00,0x05,0xfc,0xdb,0x58,0x00,0x00,0x29,0x00,0x07,0xfc,0xdb,0x58,0x00,0x00,0x2d,
        0x00,0x14,0xfc,0xdb,0x5a,0x00,0x00,0x3a,0x00,0x1c,0xfc,0xdb,0x5a,0x00,0x00,0x3e,
        0x47,0xfc,0x89,0xbf,0x00,0x40,0x40,0xcc,0x21,0x65,0x02,0x1c,0x27,0xfc,0x89,0xbf,
        0x10,0x40,0x40,0xcc,0x29,0x65,0x42,0x1c,0x07,0xfc,0x89,0xbf,0xf7,0x13,0x89,0xbf,
        0x00,0x00,0xbd,0xbf,0x00,0x00,0x7c,0xdb,0x57,0x43,0x00,0x00,0xf7,0x03,0x89,0xbf,
        0x00,0x00,0x7c,0xdb,0x59,0x47,0x00,0x00,0x00,0x02,0x7c,0xdb,0x59,0x4b,0x00,0x00,
        0x00,0x04,0x7c,0xdb,0x59,0x4f,0x00,0x00,0x00,0x06,0x7c,0xdb,0x59,0x53,0x00,0x00,
        0x08,0x40,0x40,0xcc,0x21,0x75,0x22,0x1c,0x18,0x40,0x40,0xcc,0x29,0x75,0x62,0x1c,
        0x06,0xa0,0x86,0x81,0x06,0x80,0x02,0xbf,0x61,0x00,0xa1,0xbf,0x3b,0xd2,0x98,0x7c,
        0x40,0xd0,0xd0,0x4a,0x3b,0xda,0xf0,0x02,0x77,0x00,0x01,0xd5,0x19,0x00,0xa9,0x01,
        0x69,0xf1,0xd2,0x4c,0x6c,0xef,0xf2,0x4a,0x1b,0xf2,0x98,0x7c,0x80,0xf2,0xf2,0x02,
        0x7a,0x00,0x01,0xd5,0x3a,0x00,0xa9,0x01,0x41,0xf2,0x98,0x7c,0x41,0xd4,0xec,0x02,
        0x77,0x00,0x01,0xd5,0x3a,0x00,0xa9,0x01,0x79,0xed,0xf2,0x4c,0x7a,0x00,0x55,0xd6,
        0x7a,0xef,0xd6,0x00,0x79,0xd9,0xf6,0x4c,0x6b,0xf5,0xd6,0x4a,0x79,0x03,0xd8,0x7e,
        0x76,0x00,0x09,0xd5,0x7b,0x27,0x00,0x00,0x77,0x00,0x0b,0xd5,0x7a,0x25,0x00,0x00,
        0x78,0x00,0x09,0xd5,0x78,0x23,0x00,0x00,0xff,0xf6,0xf6,0x36,0xff,0xff,0x00,0x00,
        0x76,0xef,0xec,0x4a,0x76,0xf1,0xf2,0x4c,0x0c,0xd2,0x98,0x7c,0x7a,0x00,0x56,0xd6,
        0x7a,0x21,0xed,0x05,0x78,0x00,0x01,0xd5,0x80,0x02,0xa9,0x01,0x79,0xb7,0xb6,0x4a,
        0x79,0xb9,0xb8,0x4a,0x79,0xbb,0xba,0x4a,0x79,0xbd,0xbc,0x4a,0x76,0x00,0x10,0xd6,
        0x67,0x01,0x05,0x02,0x5f,0x40,0x0a,0xcc,0x7a,0xbf,0x02,0x18,0x78,0xed,0xc6,0x36,
        0x76,0x00,0x10,0xd6,0x67,0x03,0x05,0x02,0x60,0x40,0x0a,0xcc,0x7a,0xc1,0x02,0x18,
        0x78,0xed,0xc8,0x36,0x76,0x00,0x10,0xd6,0x67,0x05,0x05,0x02,0x61,0x40,0x0a,0xcc,
        0x7a,0xc3,0x02,0x18,0x78,0xed,0xca,0x36,0x76,0x00,0x10,0xd6,0x67,0x07,0x05,0x02,
        0x62,0x40,0x0a,0xcc,0x7a,0xc5,0x02,0x18,0x78,0xed,0xcc,0x36,0x76,0x00,0x10,0xd6,
        0x67,0x05,0x05,0x02,0x08,0xbe,0x98,0x7c,0x80,0xc6,0xc6,0x02,0x77,0x00,0x10,0xd6,
        0x67,0x07,0x05,0x02,0x08,0xc0,0x98,0x7c,0x80,0xc8,0xc8,0x02,0x76,0xf1,0xca,0x36,
        0x09,0xbe,0x78,0x7c,0x80,0xc6,0xc6,0x02,0x77,0xf1,0xcc,0x36,0x09,0xc0,0x78,0x7c,
        0x80,0xc8,0xc8,0x02,0x08,0xc2,0x98,0x7c,0x80,0xca,0xca,0x02,0x08,0xc4,0x98,0x7c,
        0x80,0xcc,0xcc,0x02,0x09,0xc2,0x78,0x7c,0x80,0xca,0xca,0x02,0x09,0xc4,0x78,0x7c,
        0x80,0xcc,0xcc,0x02,0x07,0xfc,0x89,0xbf,0x00,0x00,0xbd,0xbf,0x00,0x00,0xfc,0xdb,
        0x5a,0x00,0x00,0x32,0x00,0x08,0xfc,0xdb,0x5a,0x00,0x00,0x36,0x00,0x00,0xfc,0xdb,
        0x58,0x00,0x00,0x21,0x00,0x02,0xfc,0xdb,0x58,0x00,0x00,0x25,0x00,0x01,0xfc,0xdb,
        0x58,0x00,0x00,0x29,0x00,0x03,0xfc,0xdb,0x58,0x00,0x00,0x2d,0x43,0xff,0xa0,0xbf,
        0x07,0xfc,0x89,0xbf,0x00,0x00,0xbd,0xbf,0x00,0x00,0xfc,0xdb,0x5a,0x00,0x00,0x32,
        0x00,0x08,0xfc,0xdb,0x5a,0x00,0x00,0x36,0x00,0x00,0xfc,0xdb,0x58,0x00,0x00,0x21,
        0x00,0x02,0xfc,0xdb,0x58,0x00,0x00,0x25,0x00,0x01,0xfc,0xdb,0x58,0x00,0x00,0x29,
        0x00,0x03,0xfc,0xdb,0x58,0x00,0x00,0x2d,0x00,0x04,0xfc,0xdb,0x5a,0x00,0x00,0x3a,
        0x00,0x0c,0xfc,0xdb,0x5a,0x00,0x00,0x3e,0x47,0xfc,0x89,0xbf,0x00,0x40,0x40,0xcc,
        0x21,0x65,0x02,0x1c,0x27,0xfc,0x89,0xbf,0x10,0x40,0x40,0xcc,0x29,0x65,0x42,0x1c,
        0x00,0x10,0xfc,0xdb,0x5a,0x00,0x00,0x32,0x00,0x18,0xfc,0xdb,0x5a,0x00,0x00,0x36,
        0x27,0xfc,0x89,0xbf,0x08,0x40,0x40,0xcc,0x21,0x75,0x22,0x1c,0x00,0x04,0xfc,0xdb,
        0x58,0x00,0x00,0x21,0x00,0x06,0xfc,0xdb,0x58,0x00,0x00,0x25,0x18,0x40,0x40,0xcc,
        0x29,0x75,0x62,0x1c,0x00,0x05,0xfc,0xdb,0x58,0x00,0x00,0x29,0x00,0x07,0xfc,0xdb,
        0x58,0x00,0x00,0x2d,0x00,0x14,0xfc,0xdb,0x5a,0x00,0x00,0x3a,0x00,0x1c,0xfc,0xdb,
        0x5a,0x00,0x00,0x3e,0x47,0xfc,0x89,0xbf,0x00,0x40,0x40,0xcc,0x21,0x65,0x02,0x1c,
        0x27,0xfc,0x89,0xbf,0x10,0x40,0x40,0xcc,0x29,0x65,0x42,0x1c,0x07,0xfc,0x89,0xbf,
        0x08,0x40,0x40,0xcc,0x21,0x75,0x22,0x1c,0x18,0x40,0x40,0xcc,0x29,0x75,0x62,0x1c,
        0x80,0x00,0x81,0xbe,0x15,0x82,0x15,0x96,0x3e,0xe2,0xda,0x4a,0x76,0x00,0x2d,0xd7,
        0x2f,0xda,0x02,0x00,0x76,0xdb,0xec,0x4a,0x46,0xec,0xf2,0x32,0x76,0x00,0x2c,0xd7,
        0x0f,0xf2,0x02,0x00,0x6d,0xed,0xb2,0x4c,0x76,0x00,0x2d,0xd7,0x2e,0xf2,0x02,0x00,
        0x76,0xf3,0xec,0x4a,0x45,0xec,0xae,0x32,0x76,0x00,0x2c,0xd7,0x0e,0xae,0x02,0x00,
        0x79,0xed,0xb0,0x4c,0x5b,0x00,0x0b,0xd6,0x17,0xb2,0xba,0x05,0x42,0xda,0x98,0x7c,
        0x76,0x00,0x2c,0xd7,0x14,0xae,0x02,0x00,0x77,0x00,0x2c,0xd7,0x16,0xb0,0x02,0x00,
        0x80,0xe0,0xde,0x02,0x5b,0x00,0x55,0xd6,0x76,0xef,0x6e,0x05,0x00,0x03,0x00,0x5e,
        0x02,0x07,0x02,0x5e,0x04,0x0b,0x04,0x5e,0x06,0x0f,0x06,0x5e,0x81,0xde,0x96,0x7d,
        0x00,0x00,0x74,0xe0,0x5b,0x00,0x49,0x01,0xc1,0x01,0xfe,0xbe,0xc0,0xe2,0xf6,0x4a,
        0x3e,0xf6,0xda,0x4a,0x76,0x00,0x2d,0xd7,0x2f,0xda,0x02,0x00,0x76,0xdb,0xec,0x4a,
        0x46,0xec,0xf2,0x32,0x76,0x00,0x2c,0xd7,0x0f,0xf2,0x02,0x00,0x6d,0xed,0xb2,0x4c,
        0x76,0x00,0x2d,0xd7,0x2e,0xf2,0x02,0x00,0x76,0xf3,0xec,0x4a,0x45,0xec,0xae,0x32,
        0x76,0x00,0x2c,0xd7,0x0e,0xae,0x02,0x00,0x79,0xed,0xb0,0x4c,0x5b,0x00,0x0b,0xd6,
        0x17,0xb2,0xba,0x05,0x42,0xda,0x98,0x7c,0x76,0x00,0x2c,0xd7,0x14,0xae,0x02,0x00,
        0x77,0x00,0x2c,0xd7,0x16,0xb0,0x02,0x00,0x80,0xe0,0xde,0x02,0x5b,0x00,0x55,0xd6,
        0x76,0xef,0x6e,0x05,0x08,0x13,0x10,0x5e,0x0a,0x17,0x12,0x5e,0x0c,0x1b,0x14,0x5e,
        0x0e,0x1f,0x16,0x5e,0x81,0xde,0x96,0x7d,0x00,0x00,0x74,0xe0,0x5b,0x08,0x49,0x01,
        0xc1,0x01,0xfe,0xbe,0x90,0xe4,0xe4,0x4a,0x15,0x01,0x01,0x80,0x38,0xe4,0x98,0x7c,
        0x70,0x00,0x01,0xd5,0x80,0x02,0xa9,0x01,0x3e,0xe2,0xda,0x4a,0x76,0x00,0x2d,0xd7,
        0x2f,0xda,0x02,0x00,0x76,0xdb,0xec,0x4a,0x46,0xec,0xf2,0x32,0x76,0x00,0x2c,0xd7,
        0x0f,0xf2,0x02,0x00,0x6d,0xed,0xb2,0x4c,0x76,0x00,0x2d,0xd7,0x2e,0xf2,0x02,0x00,
        0x76,0xf3,0xec,0x4a,0x45,0xec,0xae,0x32,0x76,0x00,0x2c,0xd7,0x0e,0xae,0x02,0x00,
        0x79,0xed,0xb0,0x4c,0x5b,0x00,0x0b,0xd6,0x17,0xb2,0xba,0x05,0x42,0xda,0x98,0x7c,
        0x76,0x00,0x2c,0xd7,0x14,0xae,0x02,0x00,0x77,0x00,0x2c,0xd7,0x16,0xb0,0x02,0x00,
        0x80,0xe0,0xde,0x02,0x5b,0x00,0x55,0xd6,0x76,0xef,0x6e,0x05,0x10,0x23,0x20,0x5e,
        0x12,0x27,0x22,0x5e,0x14,0x2b,0x24,0x5e,0x16,0x2f,0x26,0x5e,0x81,0xde,0x96,0x7d,
        0x00,0x00,0x74,0xe0,0x5b,0x10,0x49,0x01,0xc1,0x01,0xfe,0xbe,0xc0,0xe2,0xf6,0x4a,
        0x3e,0xf6,0xda,0x4a,0x76,0x00,0x2d,0xd7,0x2f,0xda,0x02,0x00,0x76,0xdb,0xec,0x4a,
        0x46,0xec,0xf2,0x32,0x76,0x00,0x2c,0xd7,0x0f,0xf2,0x02,0x00,0x6d,0xed,0xb2,0x4c,
        0x76,0x00,0x2d,0xd7,0x2e,0xf2,0x02,0x00,0x76,0xf3,0xec,0x4a,0x45,0xec,0xae,0x32,
        0x76,0x00,0x2c,0xd7,0x0e,0xae,0x02,0x00,0x79,0xed,0xb0,0x4c,0x5b,0x00,0x0b,0xd6,
        0x17,0xb2,0xba,0x05,0x42,0xda,0x98,0x7c,0x76,0x00,0x2c,0xd7,0x14,0xae,0x02,0x00,
        0x77,0x00,0x2c,0xd7,0x16,0xb0,0x02,0x00,0x80,0xe0,0xde,0x02,0x5b,0x00,0x55,0xd6,
        0x76,0xef,0x6e,0x05,0x18,0x33,0x30,0x5e,0x1a,0x37,0x32,0x5e,0x1c,0x3b,0x34,0x5e,
        0x1e,0x3f,0x36,0x5e,0x81,0xde,0x96,0x7d,0x00,0x00,0x74,0xe0,0x5b,0x18,0x49,0x01,
        0xc1,0x01,0xfe,0xbe,0x00,0x00,0xb0,0xbf,0x00,0x00,0x00,0x00,0x00,0x00,0x00,0x00,
        0x00,0x00,0x00,0x00,0x00,0x00,0x00,0x00,0x00,0x00,0x00,0x00,0x00,0x00,0x00,0x00,
        0x00,0x00,0x00,0x00,0x00,0x00,0x00,0x00,0x00,0x00,0x00,0x00,0x00,0x00,0x00,0x00,
        0x00,0x00,0x00,0x00,0x00,0x00,0x00,0x00,0x00,0x00,0x00,0x00,0x00,0x00,0x00,0x00,
        0x00,0x28,0x00,0x00,0x00,0x00,0x00,0x00,0x00,0x00,0x00,0x00,0x00,0x00,0x00,0x00,
        0x00,0x00,0x00,0x00,0x00,0x00,0x00,0x00,0x00,0x00,0x00,0x00,0x00,0x00,0x00,0x00,
        0x00,0x00,0x00,0x00,0x00,0x00,0x00,0x00,0x00,0x00,0x00,0x00,0x00,0x00,0x00,0x00,
        0x0f,0x00,0x0c,0x40,0x84,0x03,0x00,0x00,0x08,0x04,0x00,0x00,0x00,0x00,0x00,0x00,
        0x07,0x00,0x00,0x00,0x3a,0x0b,0x00,0x00,0x20,0x00,0x00,0x00,0x41,0x4d,0x44,0x47,
        0x50,0x55,0x00,0x00,0x82,0xae,0x61,0x6d,0x64,0x68,0x73,0x61,0x2e,0x6b,0x65,0x72,
        0x6e,0x65,0x6c,0x73,0x91,0x8c,0xa5,0x2e,0x61,0x72,0x67,0x73,0xdc,0x00,0x21,0x87,
        0xae,0x2e,0x61,0x64,0x64,0x72,0x65,0x73,0x73,0x5f,0x73,0x70,0x61,0x63,0x65,0xa6,
        0x67,0x6c,0x6f,0x62,0x61,0x6c,0xa9,0x2e,0x69,0x73,0x5f,0x63,0x6f,0x6e,0x73,0x74,
        0xc3,0xa5,0x2e,0x6e,0x61,0x6d,0x65,0xa4,0x70,0x5f,0x69,0x6e,0xa7,0x2e,0x6f,0x66,
        0x66,0x73,0x65,0x74,0x00,0xa5,0x2e,0x73,0x69,0x7a,0x65,0x08,0xab,0x2e,0x76,0x61,
        0x6c,0x75,0x65,0x5f,0x6b,0x69,0x6e,0x64,0xad,0x67,0x6c,0x6f,0x62,0x61,0x6c,0x5f,
        0x62,0x75,0x66,0x66,0x65,0x72,0xab,0x2e,0x76,0x61,0x6c,0x75,0x65,0x5f,0x74,0x79,
        0x70,0x65,0xa3,0x66,0x33,0x32,0x87,0xae,0x2e,0x61,0x64,0x64,0x72,0x65,0x73,0x73,
        0x5f,0x73,0x70,0x61,0x63,0x65,0xa6,0x67,0x6c,0x6f,0x62,0x61,0x6c,0xa9,0x2e,0x69,
        0x73,0x5f,0x63,0x6f,0x6e,0x73,0x74,0xc3,0xa5,0x2e,0x6e,0x61,0x6d,0x65,0xa5,0x70,
        0x5f,0x77,0x65,0x69,0xa7,0x2e,0x6f,0x66,0x66,0x73,0x65,0x74,0x08,0xa5,0x2e,0x73,
        0x69,0x7a,0x65,0x08,0xab,0x2e,0x76,0x61,0x6c,0x75,0x65,0x5f,0x6b,0x69,0x6e,0x64,
        0xad,0x67,0x6c,0x6f,0x62,0x61,0x6c,0x5f,0x62,0x75,0x66,0x66,0x65,0x72,0xab,0x2e,
        0x76,0x61,0x6c,0x75,0x65,0x5f,0x74,0x79,0x70,0x65,0xa3,0x66,0x33,0x32,0x87,0xae,
        0x2e,0x61,0x64,0x64,0x72,0x65,0x73,0x73,0x5f,0x73,0x70,0x61,0x63,0x65,0xa6,0x67,
        0x6c,0x6f,0x62,0x61,0x6c,0xa9,0x2e,0x69,0x73,0x5f,0x63,0x6f,0x6e,0x73,0x74,0xc2,
        0xa5,0x2e,0x6e,0x61,0x6d,0x65,0xa5,0x70,0x5f,0x6f,0x75,0x74,0xa7,0x2e,0x6f,0x66,
        0x66,0x73,0x65,0x74,0x10,0xa5,0x2e,0x73,0x69,0x7a,0x65,0x08,0xab,0x2e,0x76,0x61,
        0x6c,0x75,0x65,0x5f,0x6b,0x69,0x6e,0x64,0xad,0x67,0x6c,0x6f,0x62,0x61,0x6c,0x5f,
        0x62,0x75,0x66,0x66,0x65,0x72,0xab,0x2e,0x76,0x61,0x6c,0x75,0x65,0x5f,0x74,0x79,
        0x70,0x65,0xa3,0x66,0x33,0x32,0x87,0xae,0x2e,0x61,0x64,0x64,0x72,0x65,0x73,0x73,
        0x5f,0x73,0x70,0x61,0x63,0x65,0xa6,0x67,0x6c,0x6f,0x62,0x61,0x6c,0xa9,0x2e,0x69,
        0x73,0x5f,0x63,0x6f,0x6e,0x73,0x74,0xc3,0xa5,0x2e,0x6e,0x61,0x6d,0x65,0xa6,0x70,
        0x5f,0x62,0x69,0x61,0x73,0xa7,0x2e,0x6f,0x66,0x66,0x73,0x65,0x74,0x18,0xa5,0x2e,
        0x73,0x69,0x7a,0x65,0x08,0xab,0x2e,0x76,0x61,0x6c,0x75,0x65,0x5f,0x6b,0x69,0x6e,
        0x64,0xad,0x67,0x6c,0x6f,0x62,0x61,0x6c,0x5f,0x62,0x75,0x66,0x66,0x65,0x72,0xab,
        0x2e,0x76,0x61,0x6c,0x75,0x65,0x5f,0x74,0x79,0x70,0x65,0xa3,0x66,0x33,0x32,0x85,
        0xa5,0x2e,0x6e,0x61,0x6d,0x65,0xa2,0x68,0x69,0xa7,0x2e,0x6f,0x66,0x66,0x73,0x65,
        0x74,0x20,0xa5,0x2e,0x73,0x69,0x7a,0x65,0x04,0xab,0x2e,0x76,0x61,0x6c,0x75,0x65,
        0x5f,0x6b,0x69,0x6e,0x64,0xa8,0x62,0x79,0x5f,0x76,0x61,0x6c,0x75,0x65,0xab,0x2e,
        0x76,0x61,0x6c,0x75,0x65,0x5f,0x74,0x79,0x70,0x65,0xa3,0x69,0x33,0x32,0x85,0xa5,
        0x2e,0x6e,0x61,0x6d,0x65,0xa2,0x77,0x69,0xa7,0x2e,0x6f,0x66,0x66,0x73,0x65,0x74,
        0x24,0xa5,0x2e,0x73,0x69,0x7a,0x65,0x04,0xab,0x2e,0x76,0x61,0x6c,0x75,0x65,0x5f,
        0x6b,0x69,0x6e,0x64,0xa8,0x62,0x79,0x5f,0x76,0x61,0x6c,0x75,0x65,0xab,0x2e,0x76,
        0x61,0x6c,0x75,0x65,0x5f,0x74,0x79,0x70,0x65,0xa3,0x69,0x33,0x32,0x85,0xa5,0x2e,
        0x6e,0x61,0x6d,0x65,0xa1,0x6e,0xa7,0x2e,0x6f,0x66,0x66,0x73,0x65,0x74,0x28,0xa5,
        0x2e,0x73,0x69,0x7a,0x65,0x04,0xab,0x2e,0x76,0x61,0x6c,0x75,0x65,0x5f,0x6b,0x69,
        0x6e,0x64,0xa8,0x62,0x79,0x5f,0x76,0x61,0x6c,0x75,0x65,0xab,0x2e,0x76,0x61,0x6c,
        0x75,0x65,0x5f,0x74,0x79,0x70,0x65,0xa3,0x69,0x33,0x32,0x85,0xa5,0x2e,0x6e,0x61,
        0x6d,0x65,0xa1,0x6b,0xa7,0x2e,0x6f,0x66,0x66,0x73,0x65,0x74,0x2c,0xa5,0x2e,0x73,
        0x69,0x7a,0x65,0x04,0xab,0x2e,0x76,0x61,0x6c,0x75,0x65,0x5f,0x6b,0x69,0x6e,0x64,
        0xa8,0x62,0x79,0x5f,0x76,0x61,0x6c,0x75,0x65,0xab,0x2e,0x76,0x61,0x6c,0x75,0x65,
        0x5f,0x74,0x79,0x70,0x65,0xa3,0x69,0x33,0x32,0x85,0xa5,0x2e,0x6e,0x61,0x6d,0x65,
        0xa1,0x63,0xa7,0x2e,0x6f,0x66,0x66,0x73,0x65,0x74,0x30,0xa5,0x2e,0x73,0x69,0x7a,
        0x65,0x04,0xab,0x2e,0x76,0x61,0x6c,0x75,0x65,0x5f,0x6b,0x69,0x6e,0x64,0xa8,0x62,
        0x79,0x5f,0x76,0x61,0x6c,0x75,0x65,0xab,0x2e,0x76,0x61,0x6c,0x75,0x65,0x5f,0x74,
        0x79,0x70,0x65,0xa3,0x69,0x33,0x32,0x85,0xa5,0x2e,0x6e,0x61,0x6d,0x65,0xa1,0x67,
        0xa7,0x2e,0x6f,0x66,0x66,0x73,0x65,0x74,0x34,0xa5,0x2e,0x73,0x69,0x7a,0x65,0x04,
        0xab,0x2e,0x76,0x61,0x6c,0x75,0x65,0x5f,0x6b,0x69,0x6e,0x64,0xa8,0x62,0x79,0x5f,
        0x76,0x61,0x6c,0x75,0x65,0xab,0x2e,0x76,0x61,0x6c,0x75,0x65,0x5f,0x74,0x79,0x70,
        0x65,0xa3,0x69,0x33,0x32,0x85,0xa5,0x2e,0x6e,0x61,0x6d,0x65,0xa2,0x68,0x6f,0xa7,
        0x2e,0x6f,0x66,0x66,0x73,0x65,0x74,0x38,0xa5,0x2e,0x73,0x69,0x7a,0x65,0x04,0xab,
        0x2e,0x76,0x61,0x6c,0x75,0x65,0x5f,0x6b,0x69,0x6e,0x64,0xa8,0x62,0x79,0x5f,0x76,
        0x61,0x6c,0x75,0x65,0xab,0x2e,0x76,0x61,0x6c,0x75,0x65,0x5f,0x74,0x79,0x70,0x65,
        0xa3,0x69,0x33,0x32,0x85,0xa5,0x2e,0x6e,0x61,0x6d,0x65,0xa2,0x77,0x6f,0xa7,0x2e,
        0x6f,0x66,0x66,0x73,0x65,0x74,0x3c,0xa5,0x2e,0x73,0x69,0x7a,0x65,0x04,0xab,0x2e,
        0x76,0x61,0x6c,0x75,0x65,0x5f,0x6b,0x69,0x6e,0x64,0xa8,0x62,0x79,0x5f,0x76,0x61,
        0x6c,0x75,0x65,0xab,0x2e,0x76,0x61,0x6c,0x75,0x65,0x5f,0x74,0x79,0x70,0x65,0xa3,
        0x69,0x33,0x32,0x85,0xa5,0x2e,0x6e,0x61,0x6d,0x65,0xab,0x69,0x6e,0x5f,0x73,0x74,
        0x72,0x69,0x64,0x65,0x5f,0x6e,0xa7,0x2e,0x6f,0x66,0x66,0x73,0x65,0x74,0x40,0xa5,
        0x2e,0x73,0x69,0x7a,0x65,0x04,0xab,0x2e,0x76,0x61,0x6c,0x75,0x65,0x5f,0x6b,0x69,
        0x6e,0x64,0xa8,0x62,0x79,0x5f,0x76,0x61,0x6c,0x75,0x65,0xab,0x2e,0x76,0x61,0x6c,
        0x75,0x65,0x5f,0x74,0x79,0x70,0x65,0xa3,0x69,0x33,0x32,0x85,0xa5,0x2e,0x6e,0x61,
        0x6d,0x65,0xab,0x69,0x6e,0x5f,0x73,0x74,0x72,0x69,0x64,0x65,0x5f,0x63,0xa7,0x2e,
        0x6f,0x66,0x66,0x73,0x65,0x74,0x44,0xa5,0x2e,0x73,0x69,0x7a,0x65,0x04,0xab,0x2e,
        0x76,0x61,0x6c,0x75,0x65,0x5f,0x6b,0x69,0x6e,0x64,0xa8,0x62,0x79,0x5f,0x76,0x61,
        0x6c,0x75,0x65,0xab,0x2e,0x76,0x61,0x6c,0x75,0x65,0x5f,0x74,0x79,0x70,0x65,0xa3,
        0x69,0x33,0x32,0x85,0xa5,0x2e,0x6e,0x61,0x6d,0x65,0xab,0x69,0x6e,0x5f,0x73,0x74,
        0x72,0x69,0x64,0x65,0x5f,0x68,0xa7,0x2e,0x6f,0x66,0x66,0x73,0x65,0x74,0x48,0xa5,
        0x2e,0x73,0x69,0x7a,0x65,0x04,0xab,0x2e,0x76,0x61,0x6c,0x75,0x65,0x5f,0x6b,0x69,
        0x6e,0x64,0xa8,0x62,0x79,0x5f,0x76,0x61,0x6c,0x75,0x65,0xab,0x2e,0x76,0x61,0x6c,
        0x75,0x65,0x5f,0x74,0x79,0x70,0x65,0xa3,0x69,0x33,0x32,0x85,0xa5,0x2e,0x6e,0x61,
        0x6d,0x65,0xab,0x69,0x6e,0x5f,0x73,0x74,0x72,0x69,0x64,0x65,0x5f,0x77,0xa7,0x2e,
        0x6f,0x66,0x66,0x73,0x65,0x74,0x4c,0xa5,0x2e,0x73,0x69,0x7a,0x65,0x04,0xab,0x2e,
        0x76,0x61,0x6c,0x75,0x65,0x5f,0x6b,0x69,0x6e,0x64,0xa8,0x62,0x79,0x5f,0x76,0x61,
        0x6c,0x75,0x65,0xab,0x2e,0x76,0x61,0x6c,0x75,0x65,0x5f,0x74,0x79,0x70,0x65,0xa3,
        0x69,0x33,0x32,0x85,0xa5,0x2e,0x6e,0x61,0x6d,0x65,0xac,0x6f,0x75,0x74,0x5f,0x73,
        0x74,0x72,0x69,0x64,0x65,0x5f,0x6e,0xa7,0x2e,0x6f,0x66,0x66,0x73,0x65,0x74,0x50,
        0xa5,0x2e,0x73,0x69,0x7a,0x65,0x04,0xab,0x2e,0x76,0x61,0x6c,0x75,0x65,0x5f,0x6b,
        0x69,0x6e,0x64,0xa8,0x62,0x79,0x5f,0x76,0x61,0x6c,0x75,0x65,0xab,0x2e,0x76,0x61,
        0x6c,0x75,0x65,0x5f,0x74,0x79,0x70,0x65,0xa3,0x69,0x33,0x32,0x85,0xa5,0x2e,0x6e,
        0x61,0x6d,0x65,0xac,0x6f,0x75,0x74,0x5f,0x73,0x74,0x72,0x69,0x64,0x65,0x5f,0x6b,
        0xa7,0x2e,0x6f,0x66,0x66,0x73,0x65,0x74,0x54,0xa5,0x2e,0x73,0x69,0x7a,0x65,0x04,
        0xab,0x2e,0x76,0x61,0x6c,0x75,0x65,0x5f,0x6b,0x69,0x6e,0x64,0xa8,0x62,0x79,0x5f,
        0x76,0x61,0x6c,0x75,0x65,0xab,0x2e,0x76,0x61,0x6c,0x75,0x65,0x5f,0x74,0x79,0x70,
        0x65,0xa3,0x69,0x33,0x32,0x85,0xa5,0x2e,0x6e,0x61,0x6d,0x65,0xac,0x6f,0x75,0x74,
        0x5f,0x73,0x74,0x72,0x69,0x64,0x65,0x5f,0x68,0xa7,0x2e,0x6f,0x66,0x66,0x73,0x65,
        0x74,0x58,0xa5,0x2e,0x73,0x69,0x7a,0x65,0x04,0xab,0x2e,0x76,0x61,0x6c,0x75,0x65,
        0x5f,0x6b,0x69,0x6e,0x64,0xa8,0x62,0x79,0x5f,0x76,0x61,0x6c,0x75,0x65,0xab,0x2e,
        0x76,0x61,0x6c,0x75,0x65,0x5f,0x74,0x79,0x70,0x65,0xa3,0x69,0x33,0x32,0x85,0xa5,
        0x2e,0x6e,0x61,0x6d,0x65,0xac,0x6f,0x75,0x74,0x5f,0x73,0x74,0x72,0x69,0x64,0x65,
        0x5f,0x77,0xa7,0x2e,0x6f,0x66,0x66,0x73,0x65,0x74,0x5c,0xa5,0x2e,0x73,0x69,0x7a,
        0x65,0x04,0xab,0x2e,0x76,0x61,0x6c,0x75,0x65,0x5f,0x6b,0x69,0x6e,0x64,0xa8,0x62,
        0x79,0x5f,0x76,0x61,0x6c,0x75,0x65,0xab,0x2e,0x76,0x61,0x6c,0x75,0x65,0x5f,0x74,
        0x79,0x70,0x65,0xa3,0x69,0x33,0x32,0x85,0xa5,0x2e,0x6e,0x61,0x6d,0x65,0xa9,0x73,
        0x74,0x72,0x69,0x64,0x65,0x5f,0x68,0x77,0xa7,0x2e,0x6f,0x66,0x66,0x73,0x65,0x74,
        0x60,0xa5,0x2e,0x73,0x69,0x7a,0x65,0x04,0xab,0x2e,0x76,0x61,0x6c,0x75,0x65,0x5f,
        0x6b,0x69,0x6e,0x64,0xa8,0x62,0x79,0x5f,0x76,0x61,0x6c,0x75,0x65,0xab,0x2e,0x76,
        0x61,0x6c,0x75,0x65,0x5f,0x74,0x79,0x70,0x65,0xa3,0x69,0x33,0x32,0x85,0xa5,0x2e,
        0x6e,0x61,0x6d,0x65,0xab,0x64,0x69,0x6c,0x61,0x74,0x69,0x6f,0x6e,0x5f,0x68,0x77,
        0xa7,0x2e,0x6f,0x66,0x66,0x73,0x65,0x74,0x64,0xa5,0x2e,0x73,0x69,0x7a,0x65,0x04,
        0xab,0x2e,0x76,0x61,0x6c,0x75,0x65,0x5f,0x6b,0x69,0x6e,0x64,0xa8,0x62,0x79,0x5f,
        0x76,0x61,0x6c,0x75,0x65,0xab,0x2e,0x76,0x61,0x6c,0x75,0x65,0x5f,0x74,0x79,0x70,
        0x65,0xa3,0x69,0x33,0x32,0x85,0xa5,0x2e,0x6e,0x61,0x6d,0x65,0xa6,0x70,0x61,0x64,
        0x5f,0x68,0x77,0xa7,0x2e,0x6f,0x66,0x66,0x73,0x65,0x74,0x68,0xa5,0x2e,0x73,0x69,
        0x7a,0x65,0x04,0xab,0x2e,0x76,0x61,0x6c,0x75,0x65,0x5f,0x6b,0x69,0x6e,0x64,0xa8,
        0x62,0x79,0x5f,0x76,0x61,0x6c,0x75,0x65,0xab,0x2e,0x76,0x61,0x6c,0x75,0x65,0x5f,
        0x74,0x79,0x70,0x65,0xa3,0x69,0x33,0x32,0x85,0xa5,0x2e,0x6e,0x61,0x6d,0x65,0xa6,
        0x77,0x65,0x69,0x5f,0x68,0x77,0xa7,0x2e,0x6f,0x66,0x66,0x73,0x65,0x74,0x6c,0xa5,
        0x2e,0x73,0x69,0x7a,0x65,0x04,0xab,0x2e,0x76,0x61,0x6c,0x75,0x65,0x5f,0x6b,0x69,
        0x6e,0x64,0xa8,0x62,0x79,0x5f,0x76,0x61,0x6c,0x75,0x65,0xab,0x2e,0x76,0x61,0x6c,
        0x75,0x65,0x5f,0x74,0x79,0x70,0x65,0xa3,0x69,0x33,0x32,0x85,0xa5,0x2e,0x6e,0x61,
        0x6d,0x65,0xac,0x6d,0x6f,0x76,0x65,0x5f,0x73,0x6c,0x69,0x63,0x65,0x5f,0x6b,0xa7,
        0x2e,0x6f,0x66,0x66,0x73,0x65,0x74,0x70,0xa5,0x2e,0x73,0x69,0x7a,0x65,0x04,0xab,
        0x2e,0x76,0x61,0x6c,0x75,0x65,0x5f,0x6b,0x69,0x6e,0x64,0xa8,0x62,0x79,0x5f,0x76,
        0x61,0x6c,0x75,0x65,0xab,0x2e,0x76,0x61,0x6c,0x75,0x65,0x5f,0x74,0x79,0x70,0x65,
        0xa3,0x69,0x33,0x32,0x85,0xa5,0x2e,0x6e,0x61,0x6d,0x65,0xa7,0x6d,0x61,0x67,0x69,
        0x63,0x5f,0x30,0xa7,0x2e,0x6f,0x66,0x66,0x73,0x65,0x74,0x74,0xa5,0x2e,0x73,0x69,
        0x7a,0x65,0x04,0xab,0x2e,0x76,0x61,0x6c,0x75,0x65,0x5f,0x6b,0x69,0x6e,0x64,0xa8,
        0x62,0x79,0x5f,0x76,0x61,0x6c,0x75,0x65,0xab,0x2e,0x76,0x61,0x6c,0x75,0x65,0x5f,
        0x74,0x79,0x70,0x65,0xa3,0x69,0x33,0x32,0x85,0xa5,0x2e,0x6e,0x61,0x6d,0x65,0xa7,
        0x6d,0x61,0x67,0x69,0x63,0x5f,0x31,0xa7,0x2e,0x6f,0x66,0x66,0x73,0x65,0x74,0x78,
        0xa5,0x2e,0x73,0x69,0x7a,0x65,0x04,0xab,0x2e,0x76,0x61,0x6c,0x75,0x65,0x5f,0x6b,
        0x69,0x6e,0x64,0xa8,0x62,0x79,0x5f,0x76,0x61,0x6c,0x75,0x65,0xab,0x2e,0x76,0x61,
        0x6c,0x75,0x65,0x5f,0x74,0x79,0x70,0x65,0xa3,0x69,0x33,0x32,0x85,0xa5,0x2e,0x6e,
        0x61,0x6d,0x65,0xa7,0x6d,0x61,0x67,0x69,0x63,0x5f,0x32,0xa7,0x2e,0x6f,0x66,0x66,
        0x73,0x65,0x74,0x7c,0xa5,0x2e,0x73,0x69,0x7a,0x65,0x04,0xab,0x2e,0x76,0x61,0x6c,
        0x75,0x65,0x5f,0x6b,0x69,0x6e,0x64,0xa8,0x62,0x79,0x5f,0x76,0x61,0x6c,0x75,0x65,
        0xab,0x2e,0x76,0x61,0x6c,0x75,0x65,0x5f,0x74,0x79,0x70,0x65,0xa3,0x69,0x33,0x32,
        0x85,0xa5,0x2e,0x6e,0x61,0x6d,0x65,0xa7,0x6d,0x61,0x67,0x69,0x63,0x5f,0x33,0xa7,
        0x2e,0x6f,0x66,0x66,0x73,0x65,0x74,0xcc,0x80,0xa5,0x2e,0x73,0x69,0x7a,0x65,0x04,
        0xab,0x2e,0x76,0x61,0x6c,0x75,0x65,0x5f,0x6b,0x69,0x6e,0x64,0xa8,0x62,0x79,0x5f,
        0x76,0x61,0x6c,0x75,0x65,0xab,0x2e,0x76,0x61,0x6c,0x75,0x65,0x5f,0x74,0x79,0x70,
        0x65,0xa3,0x69,0x33,0x32,0x85,0xa5,0x2e,0x6e,0x61,0x6d,0x65,0xa7,0x6d,0x61,0x67,
        0x69,0x63,0x5f,0x34,0xa7,0x2e,0x6f,0x66,0x66,0x73,0x65,0x74,0xcc,0x84,0xa5,0x2e,
        0x73,0x69,0x7a,0x65,0x04,0xab,0x2e,0x76,0x61,0x6c,0x75,0x65,0x5f,0x6b,0x69,0x6e,
        0x64,0xa8,0x62,0x79,0x5f,0x76,0x61,0x6c,0x75,0x65,0xab,0x2e,0x76,0x61,0x6c,0x75,
        0x65,0x5f,0x74,0x79,0x70,0x65,0xa3,0x69,0x33,0x32,0x85,0xa5,0x2e,0x6e,0x61,0x6d,
        0x65,0xa7,0x6d,0x61,0x67,0x69,0x63,0x5f,0x35,0xa7,0x2e,0x6f,0x66,0x66,0x73,0x65,
        0x74,0xcc,0x88,0xa5,0x2e,0x73,0x69,0x7a,0x65,0x04,0xab,0x2e,0x76,0x61,0x6c,0x75,
        0x65,0x5f,0x6b,0x69,0x6e,0x64,0xa8,0x62,0x79,0x5f,0x76,0x61,0x6c,0x75,0x65,0xab,
        0x2e,0x76,0x61,0x6c,0x75,0x65,0x5f,0x74,0x79,0x70,0x65,0xa3,0x69,0x33,0x32,0x85,
        0xa5,0x2e,0x6e,0x61,0x6d,0x65,0xac,0x73,0x68,0x69,0x66,0x74,0x5f,0x70,0x61,0x63,
        0x6b,0x5f,0x30,0xa7,0x2e,0x6f,0x66,0x66,0x73,0x65,0x74,0xcc,0x8c,0xa5,0x2e,0x73,
        0x69,0x7a,0x65,0x04,0xab,0x2e,0x76,0x61,0x6c,0x75,0x65,0x5f,0x6b,0x69,0x6e,0x64,
        0xa8,0x62,0x79,0x5f,0x76,0x61,0x6c,0x75,0x65,0xab,0x2e,0x76,0x61,0x6c,0x75,0x65,
        0x5f,0x74,0x79,0x70,0x65,0xa3,0x69,0x33,0x32,0x85,0xa5,0x2e,0x6e,0x61,0x6d,0x65,
        0xac,0x73,0x68,0x69,0x66,0x74,0x5f,0x70,0x61,0x63,0x6b,0x5f,0x31,0xa7,0x2e,0x6f,
        0x66,0x66,0x73,0x65,0x74,0xcc,0x90,0xa5,0x2e,0x73,0x69,0x7a,0x65,0x04,0xab,0x2e,
        0x76,0x61,0x6c,0x75,0x65,0x5f,0x6b,0x69,0x6e,0x64,0xa8,0x62,0x79,0x5f,0x76,0x61,
        0x6c,0x75,0x65,0xab,0x2e,0x76,0x61,0x6c,0x75,0x65,0x5f,0x74,0x79,0x70,0x65,0xa3,
        0x69,0x33,0x32,0xb9,0x2e,0x67,0x72,0x6f,0x75,0x70,0x5f,0x73,0x65,0x67,0x6d,0x65,
        0x6e,0x74,0x5f,0x66,0x69,0x78,0x65,0x64,0x5f,0x73,0x69,0x7a,0x65,0xcd,0x28,0x00,
        0xb6,0x2e,0x6b,0x65,0x72,0x6e,0x61,0x72,0x67,0x5f,0x73,0x65,0x67,0x6d,0x65,0x6e,
        0x74,0x5f,0x61,0x6c,0x69,0x67,0x6e,0x08,0xb5,0x2e,0x6b,0x65,0x72,0x6e,0x61,0x72,
        0x67,0x5f,0x73,0x65,0x67,0x6d,0x65,0x6e,0x74,0x5f,0x73,0x69,0x7a,0x65,0xcc,0x98,
        0xb8,0x2e,0x6d,0x61,0x78,0x5f,0x66,0x6c,0x61,0x74,0x5f,0x77,0x6f,0x72,0x6b,0x67,
        0x72,0x6f,0x75,0x70,0x5f,0x73,0x69,0x7a,0x65,0xcc,0x80,0xa5,0x2e,0x6e,0x61,0x6d,
        0x65,0xd9,0x65,0x63,0x6f,0x6e,0x76,0x5f,0x66,0x77,0x64,0x5f,0x62,0x69,0x61,0x73,
        0x5f,0x67,0x74,0x63,0x77,0x33,0x5f,0x6e,0x68,0x77,0x63,0x5f,0x66,0x70,0x31,0x36,
        0x78,0x38,0x5f,0x65,0x78,0x31,0x5f,0x62,0x74,0x33,0x32,0x78,0x31,0x32,0x38,0x78,
        0x33,0x32,0x5f,0x77,0x72,0x32,0x78,0x32,0x5f,0x77,0x6e,0x31,0x78,0x34,0x5f,0x74,
        0x61,0x31,0x78,0x38,0x78,0x31,0x78,0x31,0x5f,0x31,0x78,0x34,0x78,0x31,0x78,0x33,
        0x32,0x5f,0x74,0x62,0x31,0x78,0x38,0x78,0x34,0x78,0x31,0x5f,0x31,0x78,0x34,0x78,
        0x31,0x78,0x33,0x32,0x5f,0x6d,0x62,0x30,0xbb,0x2e,0x70,0x72,0x69,0x76,0x61,0x74,
        0x65,0x5f,0x73,0x65,0x67,0x6d,0x65,0x6e,0x74,0x5f,0x66,0x69,0x78,0x65,0x64,0x5f,
        0x73,0x69,0x7a,0x65,0x00,0xb4,0x2e,0x72,0x65,0x71,0x64,0x5f,0x77,0x6f,0x72,0x6b,
        0x67,0x72,0x6f,0x75,0x70,0x5f,0x73,0x69,0x7a,0x65,0x93,0xcc,0x80,0x01,0x01,0xab,
        0x2e,0x73,0x67,0x70,0x72,0x5f,0x63,0x6f,0x75,0x6e,0x74,0x56,0xa7,0x2e,0x73,0x79,
        0x6d,0x62,0x6f,0x6c,0xd9,0x68,0x63,0x6f,0x6e,0x76,0x5f,0x66,0x77,0x64,0x5f,0x62,
        0x69,0x61,0x73,0x5f,0x67,0x74,0x63,0x77,0x33,0x5f,0x6e,0x68,0x77,0x63,0x5f,0x66,
        0x70,0x31,0x36,0x78,0x38,0x5f,0x65,0x78,0x31,0x5f,0x62,0x74,0x33,0x32,0x78,0x31,
        0x32,0x38,0x78,0x33,0x32,0x5f,0x77,0x72,0x32,0x78,0x32,0x5f,0x77,0x6e,0x31,0x78,
        0x34,0x5f,0x74,0x61,0x31,0x78,0x38,0x78,0x31,0x78,0x31,0x5f,0x31,0x78,0x34,0x78,
        0x31,0x78,0x33,0x32,0x5f,0x74,0x62,0x31,0x78,0x38,0x78,0x34,0x78,0x31,0x5f,0x31,
        0x78,0x34,0x78,0x31,0x78,0x33,0x32,0x5f,0x6d,0x62,0x30,0x2e,0x6b,0x64,0xab,0x2e,
        0x76,0x67,0x70,0x72,0x5f,0x63,0x6f,0x75,0x6e,0x74,0x7e,0xaf,0x2e,0x77,0x61,0x76,
        0x65,0x66,0x72,0x6f,0x6e,0x74,0x5f,0x73,0x69,0x7a,0x65,0x20,0xae,0x61,0x6d,0x64,
        0x68,0x73,0x61,0x2e,0x76,0x65,0x72,0x73,0x69,0x6f,0x6e,0x92,0x01,0x00,0x00,0x00,
        0x00,0x00,0x00,0x00,0x00,0x00,0x00,0x00,0x00,0x00,0x00,0x00,0x00,0x00,0x00,0x00,
        0x00,0x00,0x00,0x00,0x00,0x00,0x00,0x00,0x38,0x05,0x00,0x00,0x00,0x00,0xf1,0xff,
        0x00,0x00,0x00,0x00,0x00,0x00,0x00,0x00,0x00,0x00,0x00,0x00,0x00,0x00,0x00,0x00,
        0xe0,0x05,0x00,0x00,0x00,0x00,0xf1,0xff,0x21,0x00,0x00,0x00,0x00,0x00,0x00,0x00,
        0x00,0x00,0x00,0x00,0x00,0x00,0x00,0x00,0xc2,0x05,0x00,0x00,0x00,0x00,0xf1,0xff,
        0x32,0x00,0x00,0x00,0x00,0x00,0x00,0x00,0x00,0x00,0x00,0x00,0x00,0x00,0x00,0x00,
        0xe4,0x05,0x00,0x00,0x00,0x00,0xf1,0xff,0x43,0x00,0x00,0x00,0x00,0x00,0x00,0x00,
        0x00,0x00,0x00,0x00,0x00,0x00,0x00,0x00,0xc6,0x05,0x00,0x00,0x00,0x00,0xf1,0xff,
        0x47,0x00,0x00,0x00,0x00,0x00,0x00,0x00,0x00,0x00,0x00,0x00,0x00,0x00,0x00,0x00,
        0xcd,0x01,0x00,0x00,0x00,0x00,0xf1,0xff,0x57,0x00,0x00,0x00,0x00,0x00,0x00,0x00,
        0x00,0x00,0x00,0x00,0x00,0x00,0x00,0x00,0xd8,0x01,0x00,0x00,0x00,0x00,0xf1,0xff,
        0x58,0x00,0x00,0x00,0x00,0x00,0x00,0x00,0x00,0x00,0x00,0x00,0x00,0x00,0x00,0x00,
        0xb7,0x01,0x00,0x00,0x00,0x00,0xf1,0xff,0x59,0x00,0x00,0x00,0x00,0x00,0x00,0x00,
        0x00,0x00,0x00,0x00,0x00,0x00,0x00,0x00,0xc2,0x01,0x00,0x00,0x00,0x00,0xf1,0xff,
        0x5a,0x00,0x00,0x00,0x00,0x00,0x00,0x00,0x00,0x00,0x00,0x00,0x00,0x00,0x00,0x00,
        0x98,0x01,0x00,0x00,0x00,0x00,0xf1,0xff,0x5b,0x00,0x00,0x00,0x00,0x00,0x00,0x00,
        0x00,0x00,0x00,0x00,0x00,0x00,0x00,0x00,0x03,0x01,0x00,0x00,0x00,0x00,0xf1,0xff,
        0x5f,0x00,0x00,0x00,0x00,0x00,0x00,0x00,0x00,0x00,0x00,0x00,0x00,0x00,0x00,0x00,
        0x1a,0x04,0x00,0x00,0x00,0x00,0xf1,0xff,0x63,0x00,0x00,0x00,0x00,0x00,0x00,0x00,
        0x00,0x00,0x00,0x00,0x00,0x00,0x00,0x00,0x7f,0x02,0x00,0x00,0x00,0x00,0xf1,0xff,
        0x67,0x00,0x00,0x00,0x00,0x00,0x00,0x00,0x00,0x00,0x00,0x00,0x00,0x00,0x00,0x00,
        0xa0,0x01,0x00,0x00,0x00,0x00,0xf1,0xff,0x68,0x00,0x00,0x00,0x00,0x00,0x00,0x00,
        0x00,0x00,0x00,0x00,0x00,0x00,0x00,0x00,0x2f,0x05,0x00,0x00,0x00,0x00,0xf1,0xff,
        0x69,0x00,0x00,0x00,0x00,0x00,0x00,0x00,0x00,0x00,0x00,0x00,0x00,0x00,0x00,0x00,
        0x44,0x04,0x00,0x00,0x00,0x00,0xf1,0xff,0x6a,0x00,0x00,0x00,0x00,0x00,0x00,0x00,
        0x00,0x00,0x00,0x00,0x00,0x00,0x00,0x00,0x06,0x00,0x00,0x00,0x00,0x00,0xf1,0xff,
        0x6b,0x00,0x00,0x00,0x00,0x00,0x00,0x00,0x00,0x00,0x00,0x00,0x00,0x00,0x00,0x00,
        0x29,0x00,0x00,0x00,0x00,0x00,0xf1,0xff,0x6c,0x00,0x00,0x00,0x00,0x00,0x00,0x00,
        0x00,0x00,0x00,0x00,0x00,0x00,0x00,0x00,0x99,0x05,0x00,0x00,0x00,0x00,0xf1,0xff,
        0x6d,0x00,0x00,0x00,0x00,0x00,0x00,0x00,0x00,0x00,0x00,0x00,0x00,0x00,0x00,0x00,
        0x69,0x02,0x00,0x00,0x00,0x00,0xf1,0xff,0x6e,0x00,0x00,0x00,0x00,0x00,0x00,0x00,
        0x00,0x00,0x00,0x00,0x00,0x00,0x00,0x00,0xc2,0x02,0x00,0x00,0x00,0x00,0xf1,0xff,
        0x6f,0x00,0x00,0x00,0x00,0x00,0x00,0x00,0x00,0x00,0x00,0x00,0x00,0x00,0x00,0x00,
        0xfa,0x00,0x00,0x00,0x00,0x00,0xf1,0xff,0x6e,0x00,0x00,0x00,0x00,0x00,0x00,0x00,
        0x00,0x00,0x00,0x00,0x00,0x00,0x00,0x00,0xbd,0x04,0x00,0x00,0x00,0x00,0xf1,0xff,
        0x70,0x00,0x00,0x00,0x00,0x00,0x00,0x00,0x00,0x00,0x00,0x00,0x00,0x00,0x00,0x00,
        0x71,0x02,0x00,0x00,0x00,0x00,0xf1,0xff,0x71,0x00,0x00,0x00,0x00,0x00,0x00,0x00,
        0x00,0x00,0x00,0x00,0x00,0x00,0x00,0x00,0xaf,0x02,0x00,0x00,0x00,0x00,0xf1,0xff,
        0x72,0x00,0x00,0x00,0x00,0x00,0x00,0x00,0x00,0x00,0x00,0x00,0x00,0x00,0x00,0x00,
        0xda,0x02,0x00,0x00,0x00,0x00,0xf1,0xff,0x6e,0x00,0x00,0x00,0x00,0x00,0x00,0x00,
        0x00,0x00,0x00,0x00,0x00,0x00,0x00,0x00,0xb9,0x02,0x00,0x00,0x00,0x00,0xf1,0xff,
        0x72,0x00,0x00,0x00,0x00,0x00,0x00,0x00,0x00,0x00,0x00,0x00,0x00,0x00,0x00,0x00,
        0x02,0x03,0x00,0x00,0x00,0x00,0xf1,0xff,0x70,0x00,0x00,0x00,0x00,0x00,0x00,0x00,
        0x00,0x00,0x00,0x00,0x00,0x00,0x00,0x00,0x8f,0x05,0x00,0x00,0x00,0x00,0xf1,0xff,
        0x6d,0x00,0x00,0x00,0x00,0x00,0x00,0x00,0x00,0x00,0x00,0x00,0x00,0x00,0x00,0x00,
        0x0f,0x04,0x00,0x00,0x00,0x00,0xf1,0xff,0x6f,0x00,0x00,0x00,0x00,0x00,0x00,0x00,
        0x00,0x00,0x00,0x00,0x00,0x00,0x00,0x00,0x59,0x02,0x00,0x00,0x00,0x00,0xf1,0xff,
        0x57,0x00,0x00,0x00,0x00,0x00,0x00,0x00,0x00,0x00,0x00,0x00,0x00,0x00,0x00,0x00,
        0x3f,0x02,0x00,0x00,0x00,0x00,0xf1,0xff,0x58,0x00,0x00,0x00,0x00,0x00,0x00,0x00,
        0x00,0x00,0x00,0x00,0x00,0x00,0x00,0x00,0x1b,0x02,0x00,0x00,0x00,0x00,0xf1,0xff,
        0x59,0x00,0x00,0x00,0x00,0x00,0x00,0x00,0x00,0x00,0x00,0x00,0x00,0x00,0x00,0x00,
        0x8f,0x01,0x00,0x00,0x00,0x00,0xf1,0xff,0x5b,0x00,0x00,0x00,0x00,0x00,0x00,0x00,
        0x00,0x00,0x00,0x00,0x00,0x00,0x00,0x00,0x60,0x00,0x00,0x00,0x00,0x00,0xf1,0xff,
        0x6a,0x00,0x00,0x00,0x00,0x00,0x00,0x00,0x00,0x00,0x00,0x00,0x00,0x00,0x00,0x00,
        0x6f,0x05,0x00,0x00,0x00,0x00,0xf1,0xff,0x6d,0x00,0x00,0x00,0x00,0x00,0x00,0x00,
        0x00,0x00,0x00,0x00,0x00,0x00,0x00,0x00,0x31,0x04,0x00,0x00,0x00,0x00,0xf1,0xff,
        0x73,0x00,0x00,0x00,0x00,0x00,0x00,0x00,0x00,0x00,0x00,0x00,0x00,0x00,0x00,0x00,
        0x0f,0x02,0x00,0x00,0x00,0x00,0xf1,0xff,0x76,0x00,0x00,0x00,0x00,0x00,0x00,0x00,
        0x00,0x00,0x00,0x00,0x00,0x00,0x00,0x00,0xdb,0x05,0x00,0x00,0x00,0x00,0xf1,0xff,
        0x00,0x00,0x00,0x00,0x00,0x00,0x00,0x00,0x00,0x00,0x00,0x00,0x00,0x00,0x00,0x00,
        0x32,0x00,0x00,0x00,0x00,0x00,0xf1,0xff,0x02,0x00,0x00,0x00,0x00,0x00,0x00,0x00,
        0x00,0x00,0x00,0x00,0x00,0x00,0x00,0x00,0x0f,0x00,0x00,0x00,0x00,0x00,0xf1,0xff,
        0x03,0x00,0x00,0x00,0x00,0x00,0x00,0x00,0x00,0x00,0x00,0x00,0x00,0x00,0x00,0x00,
        0x01,0x00,0x00,0x00,0x00,0x00,0xf1,0xff,0x04,0x00,0x00,0x00,0x00,0x00,0x00,0x00,
        0x00,0x00,0x00,0x00,0x00,0x00,0x00,0x00,0xa8,0x02,0x00,0x00,0x00,0x00,0xf1,0xff,
        0x05,0x00,0x00,0x00,0x00,0x00,0x00,0x00,0x00,0x00,0x00,0x00,0x00,0x00,0x00,0x00,
        0xec,0x01,0x00,0x00,0x00,0x00,0xf1,0xff,0x06,0x00,0x00,0x00,0x00,0x00,0x00,0x00,
        0x00,0x00,0x00,0x00,0x00,0x00,0x00,0x00,0x28,0x04,0x00,0x00,0x00,0x00,0xf1,0xff,
        0x07,0x00,0x00,0x00,0x00,0x00,0x00,0x00,0x00,0x00,0x00,0x00,0x00,0x00,0x00,0x00,
        0x41,0x03,0x00,0x00,0x00,0x00,0xf1,0xff,0x08,0x00,0x00,0x00,0x00,0x00,0x00,0x00,
        0x00,0x00,0x00,0x00,0x00,0x00,0x00,0x00,0x3c,0x03,0x00,0x00,0x00,0x00,0xf1,0xff,
        0x09,0x00,0x00,0x00,0x00,0x00,0x00,0x00,0x00,0x00,0x00,0x00,0x00,0x00,0x00,0x00,
        0x7b,0x02,0x00,0x00,0x00,0x00,0xf1,0xff,0x0a,0x00,0x00,0x00,0x00,0x00,0x00,0x00,
        0x00,0x00,0x00,0x00,0x00,0x00,0x00,0x00,0xe1,0x02,0x00,0x00,0x00,0x00,0xf1,0xff,
        0x0b,0x00,0x00,0x00,0x00,0x00,0x00,0x00,0x00,0x00,0x00,0x00,0x00,0x00,0x00,0x00,
        0x3c,0x05,0x00,0x00,0x00,0x00,0xf1,0xff,0x0c,0x00,0x00,0x00,0x00,0x00,0x00,0x00,
        0x00,0x00,0x00,0x00,0x00,0x00,0x00,0x00,0x24,0x04,0x00,0x00,0x00,0x00,0xf1,0xff,
        0x0d,0x00,0x00,0x00,0x00,0x00,0x00,0x00,0x00,0x00,0x00,0x00,0x00,0x00,0x00,0x00,
        0x54,0x02,0x00,0x00,0x00,0x00,0xf1,0xff,0x0e,0x00,0x00,0x00,0x00,0x00,0x00,0x00,
        0x00,0x00,0x00,0x00,0x00,0x00,0x00,0x00,0x30,0x02,0x00,0x00,0x00,0x00,0xf1,0xff,
        0x0f,0x00,0x00,0x00,0x00,0x00,0x00,0x00,0x00,0x00,0x00,0x00,0x00,0x00,0x00,0x00,
        0x9a,0x02,0x00,0x00,0x00,0x00,0xf1,0xff,0x10,0x00,0x00,0x00,0x00,0x00,0x00,0x00,
        0x00,0x00,0x00,0x00,0x00,0x00,0x00,0x00,0x61,0x05,0x00,0x00,0x00,0x00,0xf1,0xff,
        0x11,0x00,0x00,0x00,0x00,0x00,0x00,0x00,0x00,0x00,0x00,0x00,0x00,0x00,0x00,0x00,
        0x84,0x03,0x00,0x00,0x00,0x00,0xf1,0xff,0x12,0x00,0x00,0x00,0x00,0x00,0x00,0x00,
        0x00,0x00,0x00,0x00,0x00,0x00,0x00,0x00,0xd6,0x00,0x00,0x00,0x00,0x00,0xf1,0xff,
        0x13,0x00,0x00,0x00,0x00,0x00,0x00,0x00,0x00,0x00,0x00,0x00,0x00,0x00,0x00,0x00,
        0x8b,0x02,0x00,0x00,0x00,0x00,0xf1,0xff,0x14,0x00,0x00,0x00,0x00,0x00,0x00,0x00,
        0x00,0x00,0x00,0x00,0x00,0x00,0x00,0x00,0x0f,0x03,0x00,0x00,0x00,0x00,0xf1,0xff,
        0x15,0x00,0x00,0x00,0x00,0x00,0x00,0x00,0x00,0x00,0x00,0x00,0x00,0x00,0x00,0x00,
        0x6a,0x03,0x00,0x00,0x00,0x00,0xf1,0xff,0x16,0x00,0x00,0x00,0x00,0x00,0x00,0x00,
        0x00,0x00,0x00,0x00,0x00,0x00,0x00,0x00,0xbc,0x00,0x00,0x00,0x00,0x00,0xf1,0xff,
        0x17,0x00,0x00,0x00,0x00,0x00,0x00,0x00,0x00,0x00,0x00,0x00,0x00,0x00,0x00,0x00,
        0x8b,0x00,0x00,0x00,0x00,0x00,0xf1,0xff,0x18,0x00,0x00,0x00,0x00,0x00,0x00,0x00,
        0x00,0x00,0x00,0x00,0x00,0x00,0x00,0x00,0x74,0x00,0x00,0x00,0x00,0x00,0xf1,0xff,
        0x19,0x00,0x00,0x00,0x00,0x00,0x00,0x00,0x00,0x00,0x00,0x00,0x00,0x00,0x00,0x00,
        0x97,0x00,0x00,0x00,0x00,0x00,0xf1,0xff,0x1a,0x00,0x00,0x00,0x00,0x00,0x00,0x00,
        0x00,0x00,0x00,0x00,0x00,0x00,0x00,0x00,0x82,0x00,0x00,0x00,0x00,0x00,0xf1,0xff,
        0x1b,0x00,0x00,0x00,0x00,0x00,0x00,0x00,0x00,0x00,0x00,0x00,0x00,0x00,0x00,0x00,
        0x62,0x02,0x00,0x00,0x00,0x00,0xf1,0xff,0x1c,0x00,0x00,0x00,0x00,0x00,0x00,0x00,
        0x00,0x00,0x00,0x00,0x00,0x00,0x00,0x00,0x46,0x03,0x00,0x00,0x00,0x00,0xf1,0xff,
        0x20,0x00,0x00,0x00,0x00,0x00,0x00,0x00,0x00,0x00,0x00,0x00,0x00,0x00,0x00,0x00,
        0xf2,0x00,0x00,0x00,0x00,0x00,0xf1,0xff,0x24,0x00,0x00,0x00,0x00,0x00,0x00,0x00,
        0x00,0x00,0x00,0x00,0x00,0x00,0x00,0x00,0xe3,0x01,0x00,0x00,0x00,0x00,0xf1,0xff,
        0x28,0x00,0x00,0x00,0x00,0x00,0x00,0x00,0x00,0x00,0x00,0x00,0x00,0x00,0x00,0x00,
        0xa2,0x06,0x00,0x00,0x00,0x00,0xf1,0xff,0x2c,0x00,0x00,0x00,0x00,0x00,0x00,0x00,
        0x00,0x00,0x00,0x00,0x00,0x00,0x00,0x00,0x23,0x06,0x00,0x00,0x00,0x00,0xf1,0xff,
        0x2d,0x00,0x00,0x00,0x00,0x00,0x00,0x00,0x00,0x00,0x00,0x00,0x00,0x00,0x00,0x00,
        0x0a,0x06,0x00,0x00,0x00,0x00,0xf1,0xff,0x2e,0x00,0x00,0x00,0x00,0x00,0x00,0x00,
        0x00,0x00,0x00,0x00,0x00,0x00,0x00,0x00,0x00,0x06,0x00,0x00,0x00,0x00,0xf1,0xff,
        0x2f,0x00,0x00,0x00,0x00,0x00,0x00,0x00,0x00,0x00,0x00,0x00,0x00,0x00,0x00,0x00,
        0xf6,0x05,0x00,0x00,0x00,0x00,0xf1,0xff,0x30,0x00,0x00,0x00,0x00,0x00,0x00,0x00,
        0x00,0x00,0x00,0x00,0x00,0x00,0x00,0x00,0xec,0x05,0x00,0x00,0x00,0x00,0xf1,0xff,
        0x31,0x00,0x00,0x00,0x00,0x00,0x00,0x00,0x00,0x00,0x00,0x00,0x00,0x00,0x00,0x00,
        0x93,0x06,0x00,0x00,0x00,0x00,0xf1,0xff,0x32,0x00,0x00,0x00,0x00,0x00,0x00,0x00,
        0x00,0x00,0x00,0x00,0x00,0x00,0x00,0x00,0x14,0x06,0x00,0x00,0x00,0x00,0xf1,0xff,
        0x33,0x00,0x00,0x00,0x00,0x00,0x00,0x00,0x00,0x00,0x00,0x00,0x00,0x00,0x00,0x00,
        0x2d,0x03,0x00,0x00,0x00,0x00,0xf1,0xff,0x34,0x00,0x00,0x00,0x00,0x00,0x00,0x00,
        0x00,0x00,0x00,0x00,0x00,0x00,0x00,0x00,0x18,0x00,0x00,0x00,0x00,0x00,0xf1,0xff,
        0x35,0x00,0x00,0x00,0x00,0x00,0x00,0x00,0x00,0x00,0x00,0x00,0x00,0x00,0x00,0x00,
        0x3b,0x00,0x00,0x00,0x00,0x00,0xf1,0xff,0x36,0x00,0x00,0x00,0x00,0x00,0x00,0x00,
        0x00,0x00,0x00,0x00,0x00,0x00,0x00,0x00,0x40,0x05,0x00,0x00,0x00,0x00,0xf1,0xff,
        0x34,0x00,0x00,0x00,0x00,0x00,0x00,0x00,0x00,0x00,0x00,0x00,0x00,0x00,0x00,0x00,
        0x01,0x02,0x00,0x00,0x00,0x00,0xf1,0xff,0x37,0x00,0x00,0x00,0x00,0x00,0x00,0x00,
        0x00,0x00,0x00,0x00,0x00,0x00,0x00,0x00,0xf3,0x01,0x00,0x00,0x00,0x00,0xf1,0xff,
        0x38,0x00,0x00,0x00,0x00,0x00,0x00,0x00,0x00,0x00,0x00,0x00,0x00,0x00,0x00,0x00,
        0x79,0x03,0x00,0x00,0x00,0x00,0xf1,0xff,0x39,0x00,0x00,0x00,0x00,0x00,0x00,0x00,
        0x00,0x00,0x00,0x00,0x00,0x00,0x00,0x00,0xcb,0x00,0x00,0x00,0x00,0x00,0xf1,0xff,
        0x18,0x00,0x00,0x00,0x00,0x00,0x00,0x00,0x00,0x00,0x00,0x00,0x00,0x00,0x00,0x00,
        0x5d,0x03,0x00,0x00,0x00,0x00,0xf1,0xff,0x3a,0x00,0x00,0x00,0x00,0x00,0x00,0x00,
        0x00,0x00,0x00,0x00,0x00,0x00,0x00,0x00,0xaf,0x00,0x00,0x00,0x00,0x00,0xf1,0xff,
        0x19,0x00,0x00,0x00,0x00,0x00,0x00,0x00,0x00,0x00,0x00,0x00,0x00,0x00,0x00,0x00,
        0x92,0x03,0x00,0x00,0x00,0x00,0xf1,0xff,0x3b,0x00,0x00,0x00,0x00,0x00,0x00,0x00,
        0x00,0x00,0x00,0x00,0x00,0x00,0x00,0x00,0xe4,0x00,0x00,0x00,0x00,0x00,0xf1,0xff,
        0x1a,0x00,0x00,0x00,0x00,0x00,0x00,0x00,0x00,0x00,0x00,0x00,0x00,0x00,0x00,0x00,
        0x14,0x00,0x00,0x00,0x00,0x00,0xf1,0xff,0x3c,0x00,0x00,0x00,0x00,0x00,0x00,0x00,
        0x00,0x00,0x00,0x00,0x00,0x00,0x00,0x00,0x37,0x00,0x00,0x00,0x00,0x00,0xf1,0xff,
        0x1b,0x00,0x00,0x00,0x00,0x00,0x00,0x00,0x00,0x00,0x00,0x00,0x00,0x00,0x00,0x00,
        0xcb,0x02,0x00,0x00,0x00,0x00,0xf1,0xff,0x3d,0x00,0x00,0x00,0x00,0x00,0x00,0x00,
        0x00,0x00,0x00,0x00,0x00,0x00,0x00,0x00,0xa2,0x05,0x00,0x00,0x00,0x00,0xf1,0xff,
        0x3e,0x00,0x00,0x00,0x00,0x00,0x00,0x00,0x00,0x00,0x00,0x00,0x00,0x00,0x00,0x00,
        0x1e,0x03,0x00,0x00,0x00,0x00,0xf1,0xff,0x3f,0x00,0x00,0x00,0x00,0x00,0x00,0x00,
        0x00,0x00,0x00,0x00,0x00,0x00,0x00,0x00,0xe5,0x02,0x00,0x00,0x00,0x00,0xf1,0xff,
        0x40,0x00,0x00,0x00,0x00,0x00,0x00,0x00,0x00,0x00,0x00,0x00,0x00,0x00,0x00,0x00,
        0x4c,0x00,0x00,0x00,0x00,0x00,0xf1,0xff,0x41,0x00,0x00,0x00,0x00,0x00,0x00,0x00,
        0x00,0x00,0x00,0x00,0x00,0x00,0x00,0x00,0x7f,0x05,0x00,0x00,0x00,0x00,0xf1,0xff,
        0x1a,0x00,0x00,0x00,0x00,0x00,0x00,0x00,0x00,0x00,0x00,0x00,0x00,0x00,0x00,0x00,
        0x51,0x05,0x00,0x00,0x00,0x00,0xf1,0xff,0x3b,0x00,0x00,0x00,0x00,0x00,0x00,0x00,
        0x00,0x00,0x00,0x00,0x00,0x00,0x00,0x00,0x35,0x02,0x00,0x00,0x00,0x00,0xf1,0xff,
        0x42,0x00,0x00,0x00,0x00,0x00,0x00,0x00,0x00,0x00,0x00,0x00,0x00,0x00,0x00,0x00,
        0x83,0x01,0x00,0x00,0x00,0x00,0xf1,0xff,0x43,0x00,0x00,0x00,0x00,0x00,0x00,0x00,
        0x00,0x00,0x00,0x00,0x00,0x00,0x00,0x00,0xa9,0x01,0x00,0x00,0x00,0x00,0xf1,0xff,
        0x44,0x00,0x00,0x00,0x00,0x00,0x00,0x00,0x00,0x00,0x00,0x00,0x00,0x00,0x00,0x00,
        0xa0,0x00,0x00,0x00,0x00,0x00,0xf1,0xff,0x10,0x00,0x00,0x00,0x00,0x00,0x00,0x00,
        0x00,0x00,0x00,0x00,0x00,0x00,0x00,0x00,0x4e,0x03,0x00,0x00,0x00,0x00,0xf1,0xff,
        0x13,0x00,0x00,0x00,0x00,0x00,0x00,0x00,0x00,0x00,0x00,0x00,0x00,0x00,0x00,0x00,
        0x49,0x02,0x00,0x00,0x00,0x00,0xf1,0xff,0x45,0x00,0x00,0x00,0x00,0x00,0x00,0x00,
        0x00,0x00,0x00,0x00,0x00,0x00,0x00,0x00,0x25,0x02,0x00,0x00,0x00,0x00,0xf1,0xff,
        0x46,0x00,0x00,0x00,0x00,0x00,0x00,0x00,0x00,0x00,0x00,0x00,0x00,0x00,0x00,0x00,
        0x15,0x02,0x00,0x00,0x00,0x00,0xf1,0xff,0x48,0x00,0x00,0x00,0x00,0x00,0x00,0x00,
        0x00,0x00,0x00,0x00,0x00,0x00,0x00,0x00,0x4e,0x04,0x00,0x00,0x00,0x00,0x02,0x00,
        0x28,0x0f,0x00,0x00,0x00,0x00,0x00,0x00,0x00,0x00,0x00,0x00,0x00,0x00,0x00,0x00,
        0x12,0x01,0x00,0x00,0x00,0x00,0x02,0x00,0xfc,0x0b,0x00,0x00,0x00,0x00,0x00,0x00,
        0x00,0x00,0x00,0x00,0x00,0x00,0x00,0x00,0x9a,0x03,0x00,0x00,0x00,0x00,0x02,0x00,
        0xf0,0x0e,0x00,0x00,0x00,0x00,0x00,0x00,0x00,0x00,0x00,0x00,0x00,0x00,0x00,0x00,
        0x2d,0x06,0x00,0x00,0x12,0x03,0x02,0x00,0x00,0x00,0x00,0x00,0x00,0x00,0x00,0x00,
        0x00,0x00,0x00,0x00,0x00,0x00,0x00,0x00,0xc6,0x04,0x00,0x00,0x11,0x00,0x03,0x00,
        0x00,0x00,0x00,0x00,0x00,0x00,0x00,0x00,0x40,0x00,0x00,0x00,0x00,0x00,0x00,0x00,
        0x10,0x00,0x00,0x00,0x00,0x00,0x00,0x00,0x05,0x00,0x00,0x00,0x6e,0x00,0x00,0x00,
        0x10,0x00,0x00,0x00,0x00,0x00,0x00,0x00,0x00,0x73,0x5f,0x62,0x7a,0x00,0x76,0x5f,
        0x67,0x74,0x63,0x5f,0x69,0x79,0x00,0x73,0x5f,0x62,0x79,0x00,0x73,0x5f,0x79,0x00,
        0x73,0x5f,0x6d,0x6f,0x76,0x65,0x5f,0x73,0x6c,0x69,0x63,0x65,0x5f,0x6b,0x5f,0x79,
        0x00,0x76,0x5f,0x67,0x74,0x63,0x5f,0x69,0x78,0x00,0x73,0x5f,0x62,0x78,0x00,0x73,
        0x5f,0x78,0x00,0x73,0x5f,0x6d,0x6f,0x76,0x65,0x5f,0x73,0x6c,0x69,0x63,0x65,0x5f,
        0x6b,0x5f,0x78,0x00,0x73,0x5f,0x64,0x69,0x66,0x66,0x5f,0x69,0x6e,0x5f,0x69,0x77,
        0x69,0x5f,0x6f,0x76,0x66,0x5f,0x78,0x00,0x76,0x5f,0x64,0x69,0x66,0x66,0x5f,0x69,
        0x6e,0x5f,0x69,0x77,0x69,0x5f,0x61,0x63,0x63,0x5f,0x78,0x00,0x73,0x5f,0x64,0x69,
        0x6c,0x61,0x74,0x69,0x6f,0x6e,0x5f,0x68,0x77,0x00,0x73,0x5f,0x77,0x65,0x69,0x5f,
        0x68,0x77,0x00,0x73,0x5f,0x73,0x74,0x72,0x69,0x64,0x65,0x5f,0x68,0x77,0x00,0x73,
        0x5f,0x70,0x61,0x64,0x5f,0x68,0x77,0x00,0x73,0x5f,0x78,0x5f,0x64,0x69,0x6c,0x61,
        0x74,0x69,0x6f,0x6e,0x5f,0x77,0x00,0x73,0x5f,0x64,0x69,0x6c,0x61,0x74,0x69,0x6f,
        0x6e,0x5f,0x77,0x00,0x73,0x5f,0x6f,0x75,0x74,0x5f,0x73,0x74,0x72,0x69,0x64,0x65,
        0x5f,0x77,0x00,0x73,0x5f,0x73,0x74,0x72,0x69,0x64,0x65,0x5f,0x77,0x00,0x73,0x5f,
        0x69,0x6e,0x5f,0x73,0x74,0x72,0x69,0x64,0x65,0x5f,0x77,0x00,0x73,0x5f,0x70,0x61,
        0x64,0x5f,0x77,0x00,0x2e,0x74,0x65,0x78,0x74,0x00,0x73,0x5f,0x70,0x5f,0x6f,0x75,
        0x74,0x00,0x76,0x5f,0x63,0x6f,0x5f,0x73,0x73,0x74,0x00,0x76,0x5f,0x69,0x6e,0x5f,
        0x69,0x5f,0x68,0x77,0x5f,0x6c,0x69,0x73,0x74,0x00,0x63,0x6f,0x6e,0x76,0x5f,0x66,
        0x77,0x64,0x5f,0x62,0x69,0x61,0x73,0x5f,0x67,0x74,0x63,0x77,0x33,0x5f,0x6e,0x68,
        0x77,0x63,0x5f,0x66,0x70,0x31,0x36,0x78,0x38,0x5f,0x65,0x78,0x31,0x5f,0x62,0x74,
        0x33,0x32,0x78,0x31,0x32,0x38,0x78,0x33,0x32,0x5f,0x77,0x72,0x32,0x78,0x32,0x5f,
        0x77,0x6e,0x31,0x78,0x34,0x5f,0x74,0x61,0x31,0x78,0x38,0x78,0x31,0x78,0x31,0x5f,
        0x31,0x78,0x34,0x78,0x31,0x78,0x33,0x32,0x5f,0x74,0x62,0x31,0x78,0x38,0x78,0x34,
        0x78,0x31,0x5f,0x31,0x78,0x34,0x78,0x31,0x78,0x33,0x32,0x5f,0x6d,0x62,0x30,0x5f,
        0x6c,0x6f,0x6f,0x70,0x5f,0x73,0x74,0x61,0x72,0x74,0x00,0x73,0x5f,0x69,0x6e,0x5f,
        0x6f,0x66,0x66,0x73,0x65,0x74,0x00,0x76,0x5f,0x6f,0x75,0x74,0x5f,0x6f,0x73,0x00,
        0x76,0x5f,0x69,0x6e,0x5f,0x6f,0x73,0x00,0x76,0x5f,0x77,0x65,0x69,0x5f,0x6f,0x73,
        0x00,0x73,0x5f,0x77,0x65,0x69,0x5f,0x62,0x61,0x73,0x65,0x5f,0x6f,0x73,0x00,0x76,
        0x5f,0x73,0x73,0x74,0x5f,0x62,0x5f,0x6f,0x73,0x00,0x76,0x5f,0x73,0x6c,0x64,0x5f,
        0x62,0x5f,0x6f,0x73,0x00,0x76,0x5f,0x73,0x73,0x74,0x5f,0x61,0x5f,0x6f,0x73,0x00,
        0x76,0x5f,0x73,0x6c,0x64,0x5f,0x61,0x5f,0x6f,0x73,0x00,0x73,0x5f,0x70,0x5f,0x62,
        0x69,0x61,0x73,0x00,0x73,0x5f,0x6b,0x69,0x74,0x72,0x00,0x73,0x5f,0x6b,0x5f,0x70,
        0x65,0x72,0x5f,0x67,0x72,0x6f,0x75,0x70,0x00,0x73,0x5f,0x63,0x5f,0x70,0x65,0x72,
        0x5f,0x67,0x72,0x6f,0x75,0x70,0x00,0x76,0x5f,0x74,0x6d,0x70,0x00,0x73,0x5f,0x74,
        0x6d,0x70,0x00,0x76,0x5f,0x6f,0x75,0x74,0x5f,0x69,0x77,0x6f,0x00,0x73,0x5f,0x73,
        0x68,0x69,0x66,0x74,0x5f,0x77,0x6f,0x00,0x73,0x5f,0x77,0x6f,0x00,0x73,0x5f,0x6e,
        0x5f,0x68,0x6f,0x5f,0x77,0x6f,0x00,0x76,0x5f,0x6f,0x75,0x74,0x5f,0x69,0x68,0x6f,
        0x00,0x73,0x5f,0x73,0x68,0x69,0x66,0x74,0x5f,0x68,0x6f,0x00,0x73,0x5f,0x68,0x6f,
        0x00,0x76,0x5f,0x6f,0x75,0x74,0x5f,0x69,0x6e,0x00,0x73,0x5f,0x70,0x5f,0x69,0x6e,
        0x00,0x76,0x5f,0x69,0x6e,0x5f,0x69,0x6e,0x00,0x76,0x5f,0x67,0x65,0x6d,0x6d,0x5f,
        0x69,0x6e,0x00,0x73,0x5f,0x6e,0x00,0x76,0x5f,0x69,0x6e,0x5f,0x66,0x6c,0x61,0x67,
        0x5f,0x6e,0x00,0x73,0x5f,0x6f,0x75,0x74,0x5f,0x73,0x74,0x72,0x69,0x64,0x65,0x5f,
        0x6e,0x00,0x73,0x5f,0x69,0x6e,0x5f,0x73,0x74,0x72,0x69,0x64,0x65,0x5f,0x6e,0x00,
        0x73,0x5f,0x6b,0x6e,0x75,0x6d,0x00,0x76,0x5f,0x67,0x65,0x6d,0x6d,0x5f,0x69,0x6d,
        0x00,0x76,0x5f,0x6f,0x75,0x74,0x5f,0x69,0x6b,0x00,0x76,0x5f,0x77,0x65,0x69,0x5f,
        0x69,0x6b,0x00,0x73,0x5f,0x62,0x6c,0x6f,0x63,0x6b,0x5f,0x67,0x74,0x63,0x5f,0x69,
        0x6b,0x00,0x76,0x5f,0x6f,0x75,0x74,0x5f,0x6f,0x73,0x5f,0x6b,0x00,0x73,0x5f,0x6d,
        0x6f,0x76,0x65,0x5f,0x73,0x6c,0x69,0x63,0x65,0x5f,0x6b,0x5f,0x73,0x74,0x72,0x69,
        0x64,0x65,0x5f,0x67,0x65,0x6d,0x6d,0x5f,0x6b,0x00,0x76,0x5f,0x6f,0x75,0x74,0x5f,
        0x66,0x6c,0x61,0x67,0x5f,0x6b,0x00,0x73,0x5f,0x6f,0x75,0x74,0x5f,0x73,0x74,0x72,
        0x69,0x64,0x65,0x5f,0x6b,0x00,0x73,0x5f,0x77,0x65,0x69,0x5f,0x73,0x74,0x72,0x69,
        0x64,0x65,0x5f,0x6b,0x00,0x73,0x5f,0x6d,0x6f,0x76,0x65,0x5f,0x73,0x6c,0x69,0x63,
        0x65,0x5f,0x6b,0x00,0x73,0x5f,0x77,0x69,0x00,0x73,0x5f,0x68,0x69,0x00,0x73,0x5f,
        0x70,0x5f,0x77,0x65,0x69,0x00,0x73,0x5f,0x79,0x5f,0x64,0x69,0x6c,0x61,0x74,0x69,
        0x6f,0x6e,0x5f,0x68,0x00,0x73,0x5f,0x64,0x69,0x6c,0x61,0x74,0x69,0x6f,0x6e,0x5f,
        0x68,0x00,0x73,0x5f,0x6f,0x75,0x74,0x5f,0x73,0x74,0x72,0x69,0x64,0x65,0x5f,0x68,
        0x00,0x73,0x5f,0x73,0x74,0x72,0x69,0x64,0x65,0x5f,0x68,0x00,0x73,0x5f,0x69,0x6e,
        0x5f,0x73,0x74,0x72,0x69,0x64,0x65,0x5f,0x68,0x00,0x73,0x5f,0x70,0x61,0x64,0x5f,
        0x68,0x00,0x63,0x6f,0x6e,0x76,0x5f,0x66,0x77,0x64,0x5f,0x62,0x69,0x61,0x73,0x5f,
        0x67,0x74,0x63,0x77,0x33,0x5f,0x6e,0x68,0x77,0x63,0x5f,0x66,0x70,0x31,0x36,0x78,
        0x38,0x5f,0x65,0x78,0x31,0x5f,0x62,0x74,0x33,0x32,0x78,0x31,0x32,0x38,0x78,0x33,
        0x32,0x5f,0x77,0x72,0x32,0x78,0x32,0x5f,0x77,0x6e,0x31,0x78,0x34,0x5f,0x74,0x61,
        0x31,0x78,0x38,0x78,0x31,0x78,0x31,0x5f,0x31,0x78,0x34,0x78,0x31,0x78,0x33,0x32,
        0x5f,0x74,0x62,0x31,0x78,0x38,0x78,0x34,0x78,0x31,0x5f,0x31,0x78,0x34,0x78,0x31,
        0x78,0x33,0x32,0x5f,0x6d,0x62,0x30,0x5f,0x6c,0x6f,0x6f,0x70,0x5f,0x66,0x69,0x6e,
        0x69,0x73,0x68,0x69,0x6e,0x67,0x00,0x76,0x5f,0x6f,0x75,0x74,0x5f,0x66,0x6c,0x61,
        0x67,0x00,0x76,0x5f,0x69,0x6e,0x5f,0x66,0x6c,0x61,0x67,0x00,0x73,0x5f,0x67,0x00,
        0x73,0x5f,0x30,0x78,0x66,0x66,0x66,0x66,0x00,0x76,0x5f,0x62,0x69,0x61,0x73,0x5f,
        0x76,0x61,0x6c,0x75,0x65,0x00,0x2e,0x6e,0x6f,0x74,0x65,0x00,0x76,0x5f,0x67,0x74,
        0x63,0x5f,0x69,0x63,0x65,0x00,0x63,0x6f,0x6e,0x76,0x5f,0x66,0x77,0x64,0x5f,0x62,
        0x69,0x61,0x73,0x5f,0x67,0x74,0x63,0x77,0x33,0x5f,0x6e,0x68,0x77,0x63,0x5f,0x66,
        0x70,0x31,0x36,0x78,0x38,0x5f,0x65,0x78,0x31,0x5f,0x62,0x74,0x33,0x32,0x78,0x31,
        0x32,0x38,0x78,0x33,0x32,0x5f,0x77,0x72,0x32,0x78,0x32,0x5f,0x77,0x6e,0x31,0x78,
        0x34,0x5f,0x74,0x61,0x31,0x78,0x38,0x78,0x31,0x78,0x31,0x5f,0x31,0x78,0x34,0x78,
        0x31,0x78,0x33,0x32,0x5f,0x74,0x62,0x31,0x78,0x38,0x78,0x34,0x78,0x31,0x5f,0x31,
        0x78,0x34,0x78,0x31,0x78,0x33,0x32,0x5f,0x6d,0x62,0x30,0x5f,0x6c,0x6f,0x6f,0x70,
        0x5f,0x65,0x6e,0x64,0x00,0x76,0x5f,0x63,0x6f,0x5f,0x73,0x6c,0x64,0x00,0x63,0x6f,
        0x6e,0x76,0x5f,0x66,0x77,0x64,0x5f,0x62,0x69,0x61,0x73,0x5f,0x67,0x74,0x63,0x77,
        0x33,0x5f,0x6e,0x68,0x77,0x63,0x5f,0x66,0x70,0x31,0x36,0x78,0x38,0x5f,0x65,0x78,
        0x31,0x5f,0x62,0x74,0x33,0x32,0x78,0x31,0x32,0x38,0x78,0x33,0x32,0x5f,0x77,0x72,
        0x32,0x78,0x32,0x5f,0x77,0x6e,0x31,0x78,0x34,0x5f,0x74,0x61,0x31,0x78,0x38,0x78,
        0x31,0x78,0x31,0x5f,0x31,0x78,0x34,0x78,0x31,0x78,0x33,0x32,0x5f,0x74,0x62,0x31,
        0x78,0x38,0x78,0x34,0x78,0x31,0x5f,0x31,0x78,0x34,0x78,0x31,0x78,0x33,0x32,0x5f,
        0x6d,0x62,0x30,0x2e,0x6b,0x64,0x00,0x76,0x5f,0x67,0x74,0x63,0x5f,0x69,0x63,0x00,
        0x76,0x5f,0x63,0x00,0x73,0x5f,0x63,0x00,0x73,0x5f,0x6d,0x6f,0x76,0x65,0x5f,0x73,
        0x6c,0x69,0x63,0x65,0x5f,0x6b,0x5f,0x63,0x00,0x73,0x5f,0x64,0x69,0x66,0x66,0x5f,
        0x69,0x6e,0x5f,0x6f,0x76,0x66,0x5f,0x63,0x00,0x73,0x5f,0x69,0x6e,0x5f,0x73,0x74,
        0x72,0x69,0x64,0x65,0x5f,0x63,0x00,0x76,0x5f,0x64,0x69,0x66,0x66,0x5f,0x69,0x6e,
        0x5f,0x61,0x63,0x63,0x5f,0x63,0x00,0x73,0x5f,0x64,0x69,0x66,0x66,0x5f,0x69,0x6e,
        0x5f,0x61,0x63,0x63,0x5f,0x63,0x00,0x76,0x5f,0x6f,0x75,0x74,0x5f,0x69,0x6e,0x62,
        0x00,0x76,0x5f,0x69,0x6e,0x5f,0x69,0x6e,0x62,0x00,0x73,0x5f,0x62,0x6c,0x6f,0x63,
        0x6b,0x5f,0x67,0x74,0x63,0x5f,0x69,0x6e,0x62,0x00,0x2e,0x73,0x74,0x72,0x74,0x61,
        0x62,0x00,0x2e,0x73,0x79,0x6d,0x74,0x61,0x62,0x00,0x76,0x5f,0x62,0x00,0x76,0x5f,
        0x67,0x6c,0x64,0x5f,0x62,0x00,0x2e,0x72,0x65,0x6c,0x61,0x2e,0x72,0x6f,0x64,0x61,
        0x74,0x61,0x00,0x73,0x5f,0x6b,0x61,0x00,0x76,0x5f,0x61,0x00,0x76,0x5f,0x67,0x6c,
        0x64,0x5f,0x61,0x00,0x73,0x5f,0x6d,0x61,0x67,0x69,0x63,0x5f,0x35,0x00,0x73,0x5f,
        0x6d,0x61,0x67,0x69,0x63,0x5f,0x34,0x00,0x73,0x5f,0x6d,0x61,0x67,0x69,0x63,0x5f,
        0x33,0x00,0x73,0x5f,0x6d,0x61,0x67,0x69,0x63,0x5f,0x32,0x00,0x73,0x5f,0x73,0x68,
        0x69,0x66,0x74,0x5f,0x70,0x61,0x63,0x6b,0x5f,0x31,0x00,0x73,0x5f,0x6d,0x61,0x67,
        0x69,0x63,0x5f,0x31,0x00,0x63,0x6f,0x6e,0x76,0x5f,0x66,0x77,0x64,0x5f,0x62,0x69,
        0x61,0x73,0x5f,0x67,0x74,0x63,0x77,0x33,0x5f,0x6e,0x68,0x77,0x63,0x5f,0x66,0x70,
        0x31,0x36,0x78,0x38,0x5f,0x65,0x78,0x31,0x5f,0x62,0x74,0x33,0x32,0x78,0x31,0x32,
        0x38,0x78,0x33,0x32,0x5f,0x77,0x72,0x32,0x78,0x32,0x5f,0x77,0x6e,0x31,0x78,0x34,
        0x5f,0x74,0x61,0x31,0x78,0x38,0x78,0x31,0x78,0x31,0x5f,0x31,0x78,0x34,0x78,0x31,
        0x78,0x33,0x32,0x5f,0x74,0x62,0x31,0x78,0x38,0x78,0x34,0x78,0x31,0x5f,0x31,0x78,
        0x34,0x78,0x31,0x78,0x33,0x32,0x5f,0x6d,0x62,0x30,0x00,0x73,0x5f,0x73,0x68,0x69,
        0x66,0x74,0x5f,0x70,0x61,0x63,0x6b,0x5f,0x30,0x00,0x73,0x5f,0x6d,0x61,0x67,0x69,
        0x63,0x5f,0x30,0x00,0x00,0x00,0x00,0x00,0x00,0x00,0x00,0x00,0x00,0x00,0x00,0x00,
        0x00,0x00,0x00,0x00,0x00,0x00,0x00,0x00,0x00,0x00,0x00,0x00,0x00,0x00,0x00,0x00,
        0x00,0x00,0x00,0x00,0x00,0x00,0x00,0x00,0x00,0x00,0x00,0x00,0x00,0x00,0x00,0x00,
        0x00,0x00,0x00,0x00,0x00,0x00,0x00,0x00,0x00,0x00,0x00,0x00,0x00,0x00,0x00,0x00,
        0x00,0x00,0x00,0x00,0x00,0x00,0x00,0x00,0xb2,0x05,0x00,0x00,0x03,0x00,0x00,0x00,
        0x00,0x00,0x00,0x00,0x00,0x00,0x00,0x00,0x00,0x00,0x00,0x00,0x00,0x00,0x00,0x00,
        0x68,0x29,0x00,0x00,0x00,0x00,0x00,0x00,0xac,0x06,0x00,0x00,0x00,0x00,0x00,0x00,
        0x00,0x00,0x00,0x00,0x00,0x00,0x00,0x00,0x01,0x00,0x00,0x00,0x00,0x00,0x00,0x00,
        0x00,0x00,0x00,0x00,0x00,0x00,0x00,0x00,0xec,0x00,0x00,0x00,0x01,0x00,0x00,0x00,
        0x06,0x00,0x00,0x00,0x00,0x00,0x00,0x00,0x00,0x00,0x00,0x00,0x00,0x00,0x00,0x00,
        0x00,0x01,0x00,0x00,0x00,0x00,0x00,0x00,0x08,0x12,0x00,0x00,0x00,0x00,0x00,0x00,
        0x00,0x00,0x00,0x00,0x00,0x00,0x00,0x00,0x00,0x01,0x00,0x00,0x00,0x00,0x00,0x00,
        0x00,0x00,0x00,0x00,0x00,0x00,0x00,0x00,0xd3,0x05,0x00,0x00,0x01,0x00,0x00,0x00,
        0x02,0x00,0x00,0x00,0x00,0x00,0x00,0x00,0x00,0x00,0x00,0x00,0x00,0x00,0x00,0x00,
        0x40,0x13,0x00,0x00,0x00,0x00,0x00,0x00,0x40,0x00,0x00,0x00,0x00,0x00,0x00,0x00,
        0x00,0x00,0x00,0x00,0x00,0x00,0x00,0x00,0x40,0x00,0x00,0x00,0x00,0x00,0x00,0x00,
        0x00,0x00,0x00,0x00,0x00,0x00,0x00,0x00,0xce,0x05,0x00,0x00,0x04,0x00,0x00,0x00,
        0x40,0x00,0x00,0x00,0x00,0x00,0x00,0x00,0x00,0x00,0x00,0x00,0x00,0x00,0x00,0x00,
        0x50,0x29,0x00,0x00,0x00,0x00,0x00,0x00,0x18,0x00,0x00,0x00,0x00,0x00,0x00,0x00,
        0x06,0x00,0x00,0x00,0x03,0x00,0x00,0x00,0x08,0x00,0x00,0x00,0x00,0x00,0x00,0x00,
        0x18,0x00,0x00,0x00,0x00,0x00,0x00,0x00,0x3e,0x04,0x00,0x00,0x07,0x00,0x00,0x00,
        0x02,0x00,0x00,0x00,0x00,0x00,0x00,0x00,0x00,0x00,0x00,0x00,0x00,0x00,0x00,0x00,
        0x80,0x13,0x00,0x00,0x00,0x00,0x00,0x00,0x50,0x0b,0x00,0x00,0x00,0x00,0x00,0x00,
        0x00,0x00,0x00,0x00,0x00,0x00,0x00,0x00,0x04,0x00,0x00,0x00,0x00,0x00,0x00,0x00,
        0x00,0x00,0x00,0x00,0x00,0x00,0x00,0x00,0xba,0x05,0x00,0x00,0x02,0x00,0x00,0x00,
        0x00,0x00,0x00,0x00,0x00,0x00,0x00,0x00,0x00,0x00,0x00,0x00,0x00,0x00,0x00,0x00,
        0xd0,0x1e,0x00,0x00,0x00,0x00,0x00,0x00,0x80,0x0a,0x00,0x00,0x00,0x00,0x00,0x00,
        0x01,0x00,0x00,0x00,0x6e,0x00,0x00,0x00,0x08,0x00,0x00,0x00,0x00,0x00,0x00,0x00,
        0x18,0x00,0x00,0x00,0x00,0x00,0x00,0x00
            },
            .m_kernelName = {},
            .m_compilerVersion = {},
            .m_codeObjectVersion = 0,
            .m_isRelocatable = true,
            .m_shaderType = ShaderTypesFlags::UNKNOWN
        };
        
        constexpr StaticShaderType<12848> MisaConv_gfx11 =
        {
            .m_binary = {
        0x7f,0x45,0x4c,0x46,0x02,0x01,0x01,0x40,0x02,0x00,0x00,0x00,0x00,0x00,0x00,0x00,
        0x01,0x00,0xe0,0x00,0x01,0x00,0x00,0x00,0x00,0x00,0x00,0x00,0x00,0x00,0x00,0x00,
        0x00,0x00,0x00,0x00,0x00,0x00,0x00,0x00,0x70,0x30,0x00,0x00,0x00,0x00,0x00,0x00,
        0x41,0x00,0x00,0x00,0x40,0x00,0x00,0x00,0x00,0x00,0x40,0x00,0x07,0x00,0x01,0x00,
        0x00,0x00,0x00,0x00,0x00,0x00,0x00,0x00,0x00,0x00,0x00,0x00,0x00,0x00,0x00,0x00,
        0x00,0x00,0x00,0x00,0x00,0x00,0x00,0x00,0x00,0x00,0x00,0x00,0x00,0x00,0x00,0x00,
        0x00,0x00,0x00,0x00,0x00,0x00,0x00,0x00,0x00,0x00,0x00,0x00,0x00,0x00,0x00,0x00,
        0x00,0x00,0x00,0x00,0x00,0x00,0x00,0x00,0x00,0x00,0x00,0x00,0x00,0x00,0x00,0x00,
        0x00,0x00,0x00,0x00,0x00,0x00,0x00,0x00,0x00,0x00,0x00,0x00,0x00,0x00,0x00,0x00,
        0x00,0x00,0x00,0x00,0x00,0x00,0x00,0x00,0x00,0x00,0x00,0x00,0x00,0x00,0x00,0x00,
        0x00,0x00,0x00,0x00,0x00,0x00,0x00,0x00,0x00,0x00,0x00,0x00,0x00,0x00,0x00,0x00,
        0x00,0x00,0x00,0x00,0x00,0x00,0x00,0x00,0x00,0x00,0x00,0x00,0x00,0x00,0x00,0x00,
        0x00,0x00,0x00,0x00,0x00,0x00,0x00,0x00,0x00,0x00,0x00,0x00,0x00,0x00,0x00,0x00,
        0x00,0x00,0x00,0x00,0x00,0x00,0x00,0x00,0x00,0x00,0x00,0x00,0x00,0x00,0x00,0x00,
        0x00,0x00,0x00,0x00,0x00,0x00,0x00,0x00,0x00,0x00,0x00,0x00,0x00,0x00,0x00,0x00,
        0x00,0x00,0x00,0x00,0x00,0x00,0x00,0x00,0x00,0x00,0x00,0x00,0x00,0x00,0x00,0x00,
        0x00,0x07,0x04,0xf4,0x00,0x00,0x00,0xf8,0x00,0x08,0x04,0xf4,0x08,0x00,0x00,0xf8,
        0x00,0x09,0x04,0xf4,0x10,0x00,0x00,0xf8,0x00,0x02,0x10,0xf4,0x20,0x00,0x00,0xf8,
        0x00,0x06,0x08,0xf4,0x60,0x00,0x00,0xf8,0x00,0x0c,0x00,0xf4,0x70,0x00,0x00,0xf8,
        0x00,0x0a,0x0c,0xf4,0x74,0x00,0x00,0xf8,0x00,0x03,0xf4,0x7e,0x9f,0xf4,0xec,0x36,
        0x85,0xf4,0xf4,0x32,0x83,0xf4,0xe2,0x36,0x00,0x03,0xf4,0x7e,0x9f,0xf4,0xe8,0x36,
        0xff,0x00,0x87,0xbe,0xff,0xff,0x00,0x00,0x80,0x00,0xc0,0xbe,0x07,0xfc,0x89,0xbf,
        0x0e,0x07,0x04,0xf4,0x00,0x00,0x00,0xf8,0x10,0x08,0x04,0xf4,0x00,0x00,0x00,0xf8,
        0x12,0x09,0x04,0xf4,0x00,0x00,0x00,0xf8,0x07,0xfc,0x89,0xbf,0x1d,0xff,0x1d,0x8b,
        0xff,0xff,0x00,0x00,0x21,0xff,0x21,0x8b,0xff,0xff,0x00,0x00,0x25,0xff,0x25,0x8b,
        0xff,0xff,0x00,0x00,0x30,0xff,0x31,0x93,0x10,0x00,0x08,0x00,0x30,0xff,0x32,0x93,
        0x08,0x00,0x08,0x00,0x30,0xff,0x30,0x8b,0xff,0x00,0x00,0x00,0x18,0x90,0x35,0x85,
        0x18,0x07,0x18,0x8b,0x19,0x90,0x36,0x85,0x19,0x07,0x19,0x8b,0x1a,0x90,0x37,0x85,
        0x1a,0x07,0x1a,0x8b,0x1b,0x90,0x38,0x85,0x1b,0x07,0x1b,0x8b,0x2e,0xff,0x47,0x93,
        0x00,0x00,0x08,0x00,0x28,0x0c,0xc4,0x96,0x44,0x0c,0x44,0x80,0x44,0x47,0x33,0x85,
        0x28,0x0b,0xc4,0x96,0x44,0x0b,0x44,0x80,0x44,0x47,0x34,0x85,0x28,0x04,0xc4,0x96,
        0x44,0x04,0x44,0x80,0x44,0x47,0x49,0x85,0x0d,0x49,0x44,0x96,0x04,0x44,0xc8,0x80,
        0x33,0x34,0x44,0x96,0x1b,0x38,0x45,0x96,0x44,0x45,0x44,0x96,0x44,0x81,0x44,0x84,
        0x44,0x00,0xa2,0xbe,0xff,0x00,0xa3,0xbe,0x00,0x00,0x02,0x30,0x44,0x48,0x44,0x96,
        0x20,0x44,0x20,0x80,0x21,0x80,0x21,0x82,0x10,0x0a,0x44,0x96,0x44,0x49,0x46,0x96,
        0x44,0x49,0xc7,0x96,0x1c,0x46,0x1c,0x80,0x1d,0x47,0x1d,0x82,0x14,0x0a,0x44,0x96,
        0x44,0x49,0x46,0x96,0x44,0x49,0xc7,0x96,0x24,0x46,0x24,0x80,0x25,0x47,0x25,0x82,
        0x33,0x83,0x46,0x85,0x34,0x83,0x47,0x85,0x46,0x48,0x44,0x96,0x11,0x44,0x44,0x96,
        0x1c,0x44,0x1c,0x80,0x1d,0x80,0x1d,0x82,0x47,0x48,0x44,0x96,0x15,0x44,0x44,0x96,
        0x24,0x44,0x24,0x80,0x25,0x80,0x25,0x82,0x02,0xff,0x3a,0x96,0xa0,0x00,0x00,0x00,
        0x03,0xa0,0x39,0x96,0x33,0x83,0x0c,0x85,0x2e,0xff,0x47,0x93,0x08,0x00,0x08,0x00,
        0x7d,0x00,0x2d,0xd7,0x29,0xe2,0x02,0x00,0x7d,0xe3,0xfa,0x4a,0x47,0xfa,0xfc,0x32,
        0x7d,0x00,0x2c,0xd7,0x0c,0xfc,0x02,0x00,0x71,0xfb,0xe0,0x4c,0x2f,0xff,0x47,0x93,
        0x08,0x00,0x08,0x00,0x7d,0x00,0x2d,0xd7,0x2d,0xfc,0x02,0x00,0x7d,0xfd,0xfa,0x4a,
        0x47,0xfa,0xe4,0x32,0x7d,0x00,0x2c,0xd7,0x1b,0xe4,0x02,0x00,0x7e,0xfb,0xe6,0x4c,
        0x19,0xe6,0xb8,0x16,0x36,0xe4,0xb6,0x16,0x1b,0x38,0x44,0x96,0x44,0x33,0x05,0x96,
        0x1b,0x38,0x44,0x96,0x44,0x33,0x44,0x96,0x44,0x81,0x3b,0x84,0x39,0xec,0xfe,0x4a,
        0x84,0xe2,0xf4,0x30,0x7e,0x00,0x2c,0xd7,0x3b,0xfe,0x02,0x00,0x3b,0xa0,0x3b,0x96,
        0x7a,0xfd,0xde,0x4a,0x80,0x02,0x86,0x7e,0x80,0x02,0x88,0x7e,0x80,0x02,0x8a,0x7e,
        0x80,0x02,0x8c,0x7e,0x00,0x00,0x5c,0xe0,0x6f,0x43,0x48,0x40,0x80,0x00,0xbf,0xbe,
        0x10,0x0a,0x1e,0x96,0xff,0x00,0x9f,0xbe,0x00,0x00,0x02,0x30,0x08,0x90,0x08,0x84,
        0x80,0x02,0xdc,0x7e,0x80,0x00,0x81,0xbe,0x7f,0x00,0x55,0xd6,0x3a,0x02,0xd0,0x05,
        0x2e,0xff,0x47,0x93,0x18,0x00,0x08,0x00,0x7d,0x00,0x2d,0xd7,0x2b,0xfe,0x02,0x00,
        0x7d,0xff,0xfa,0x4a,0x47,0xfa,0xfc,0x32,0x7d,0x00,0x2c,0xd7,0x0f,0xfc,0x02,0x00,
        0x7f,0xfb,0xf4,0x4c,0x2e,0xff,0x47,0x93,0x10,0x00,0x08,0x00,0x7d,0x00,0x2d,0xd7,
        0x2a,0xfc,0x02,0x00,0x7d,0xfd,0xfa,0x4a,0x47,0xfa,0xea,0x32,0x7d,0x00,0x2c,0xd7,
        0x0e,0xea,0x02,0x00,0x7e,0xfb,0xf6,0x4c,0x7a,0x00,0x05,0xd7,0x18,0xf4,0x02,0x00,
        0x7a,0x00,0x03,0xd7,0x7a,0xb9,0x02,0x00,0x1a,0xf4,0xf8,0x4e,0x7a,0x00,0x04,0xd7,
        0x7a,0x35,0x00,0x00,0x7b,0x00,0x05,0xd7,0x35,0xf6,0x02,0x00,0x7b,0x00,0x03,0xd7,
        0x7b,0xb7,0x02,0x00,0x37,0xf6,0xfa,0x4e,0x7b,0x00,0x04,0xd7,0x7b,0x6f,0x00,0x00,
        0x7f,0x00,0x2c,0xd7,0x10,0xea,0x02,0x00,0x7e,0x00,0x2c,0xd7,0x11,0xe0,0x02,0x00,
        0x7d,0x00,0x2c,0xd7,0x12,0xfa,0x02,0x00,0x7c,0x00,0x2c,0xd7,0x13,0xf8,0x02,0x00,
        0x5f,0x00,0x55,0xd6,0x7f,0xfd,0xf6,0x05,0x7c,0xbf,0xbe,0x4a,0x0c,0xe0,0x98,0x7c,
        0x7e,0x00,0x01,0xd5,0x80,0x02,0xa9,0x01,0x0a,0xea,0x98,0x7c,0x7d,0x00,0x01,0xd5,
        0x80,0x02,0xa9,0x01,0x64,0x00,0x56,0xd6,0x7b,0x21,0xe9,0x05,0x6e,0x00,0x56,0xd6,
        0x7d,0x01,0xb9,0x05,0x7e,0xfb,0xfa,0x36,0x08,0xc8,0x98,0x7c,0x80,0xfa,0xd2,0x02,
        0x09,0xc8,0x78,0x7c,0x80,0xd2,0xd2,0x02,0xa0,0x00,0x81,0xbe,0x7f,0x00,0x55,0xd6,
        0x3a,0x02,0xd0,0x05,0x2e,0xff,0x47,0x93,0x18,0x00,0x08,0x00,0x7d,0x00,0x2d,0xd7,
        0x2b,0xfe,0x02,0x00,0x7d,0xff,0xfa,0x4a,0x47,0xfa,0xfc,0x32,0x7d,0x00,0x2c,0xd7,
        0x0f,0xfc,0x02,0x00,0x7f,0xfb,0xf4,0x4c,0x2e,0xff,0x47,0x93,0x10,0x00,0x08,0x00,
        0x7d,0x00,0x2d,0xd7,0x2a,0xfc,0x02,0x00,0x7d,0xfd,0xfa,0x4a,0x47,0xfa,0xea,0x32,
        0x7d,0x00,0x2c,0xd7,0x0e,0xea,0x02,0x00,0x7e,0xfb,0xf6,0x4c,0x7a,0x00,0x05,0xd7,
        0x18,0xf4,0x02,0x00,0x7a,0x00,0x03,0xd7,0x7a,0xb9,0x02,0x00,0x1a,0xf4,0xf8,0x4e,
        0x7a,0x00,0x04,0xd7,0x7a,0x35,0x00,0x00,0x7b,0x00,0x05,0xd7,0x35,0xf6,0x02,0x00,
        0x7b,0x00,0x03,0xd7,0x7b,0xb7,0x02,0x00,0x37,0xf6,0xfa,0x4e,0x7b,0x00,0x04,0xd7,
        0x7b,0x6f,0x00,0x00,0x7f,0x00,0x2c,0xd7,0x10,0xea,0x02,0x00,0x7e,0x00,0x2c,0xd7,
        0x11,0xe0,0x02,0x00,0x7d,0x00,0x2c,0xd7,0x12,0xfa,0x02,0x00,0x7c,0x00,0x2c,0xd7,
        0x13,0xf8,0x02,0x00,0x60,0x00,0x55,0xd6,0x7f,0xfd,0xf6,0x05,0x7c,0xc1,0xc0,0x4a,
        0x0c,0xe0,0x98,0x7c,0x7e,0x00,0x01,0xd5,0x80,0x02,0xa9,0x01,0x0a,0xea,0x98,0x7c,
        0x7d,0x00,0x01,0xd5,0x80,0x02,0xa9,0x01,0x65,0x00,0x56,0xd6,0x7b,0x21,0xe9,0x05,
        0x6e,0x00,0x56,0xd6,0x7d,0x03,0xb9,0x05,0x7e,0xfb,0xfa,0x36,0x08,0xca,0x98,0x7c,
        0x80,0xfa,0xd4,0x02,0x09,0xca,0x78,0x7c,0x80,0xd4,0xd4,0x02,0xc0,0x00,0x81,0xbe,
        0x7f,0x00,0x55,0xd6,0x3a,0x02,0xd0,0x05,0x2e,0xff,0x47,0x93,0x18,0x00,0x08,0x00,
        0x7d,0x00,0x2d,0xd7,0x2b,0xfe,0x02,0x00,0x7d,0xff,0xfa,0x4a,0x47,0xfa,0xfc,0x32,
        0x7d,0x00,0x2c,0xd7,0x0f,0xfc,0x02,0x00,0x7f,0xfb,0xf4,0x4c,0x2e,0xff,0x47,0x93,
        0x10,0x00,0x08,0x00,0x7d,0x00,0x2d,0xd7,0x2a,0xfc,0x02,0x00,0x7d,0xfd,0xfa,0x4a,
        0x47,0xfa,0xea,0x32,0x7d,0x00,0x2c,0xd7,0x0e,0xea,0x02,0x00,0x7e,0xfb,0xf6,0x4c,
        0x7a,0x00,0x05,0xd7,0x18,0xf4,0x02,0x00,0x7a,0x00,0x03,0xd7,0x7a,0xb9,0x02,0x00,
        0x1a,0xf4,0xf8,0x4e,0x7a,0x00,0x04,0xd7,0x7a,0x35,0x00,0x00,0x7b,0x00,0x05,0xd7,
        0x35,0xf6,0x02,0x00,0x7b,0x00,0x03,0xd7,0x7b,0xb7,0x02,0x00,0x37,0xf6,0xfa,0x4e,
        0x7b,0x00,0x04,0xd7,0x7b,0x6f,0x00,0x00,0x7f,0x00,0x2c,0xd7,0x10,0xea,0x02,0x00,
        0x7e,0x00,0x2c,0xd7,0x11,0xe0,0x02,0x00,0x7d,0x00,0x2c,0xd7,0x12,0xfa,0x02,0x00,
        0x7c,0x00,0x2c,0xd7,0x13,0xf8,0x02,0x00,0x61,0x00,0x55,0xd6,0x7f,0xfd,0xf6,0x05,
        0x7c,0xc3,0xc2,0x4a,0x0c,0xe0,0x98,0x7c,0x7e,0x00,0x01,0xd5,0x80,0x02,0xa9,0x01,
        0x0a,0xea,0x98,0x7c,0x7d,0x00,0x01,0xd5,0x80,0x02,0xa9,0x01,0x66,0x00,0x56,0xd6,
        0x7b,0x21,0xe9,0x05,0x6e,0x00,0x56,0xd6,0x7d,0x05,0xb9,0x05,0x7e,0xfb,0xfa,0x36,
        0x08,0xcc,0x98,0x7c,0x80,0xfa,0xd6,0x02,0x09,0xcc,0x78,0x7c,0x80,0xd6,0xd6,0x02,
        0xff,0x00,0x81,0xbe,0x60,0x00,0x00,0x00,0x7f,0x00,0x55,0xd6,0x3a,0x02,0xd0,0x05,
        0x2e,0xff,0x47,0x93,0x18,0x00,0x08,0x00,0x7d,0x00,0x2d,0xd7,0x2b,0xfe,0x02,0x00,
        0x7d,0xff,0xfa,0x4a,0x47,0xfa,0xfc,0x32,0x7d,0x00,0x2c,0xd7,0x0f,0xfc,0x02,0x00,
        0x7f,0xfb,0xf4,0x4c,0x2e,0xff,0x47,0x93,0x10,0x00,0x08,0x00,0x7d,0x00,0x2d,0xd7,
        0x2a,0xfc,0x02,0x00,0x7d,0xfd,0xfa,0x4a,0x47,0xfa,0xea,0x32,0x7d,0x00,0x2c,0xd7,
        0x0e,0xea,0x02,0x00,0x7e,0xfb,0xf6,0x4c,0x7a,0x00,0x05,0xd7,0x18,0xf4,0x02,0x00,
        0x7a,0x00,0x03,0xd7,0x7a,0xb9,0x02,0x00,0x1a,0xf4,0xf8,0x4e,0x7a,0x00,0x04,0xd7,
        0x7a,0x35,0x00,0x00,0x7b,0x00,0x05,0xd7,0x35,0xf6,0x02,0x00,0x7b,0x00,0x03,0xd7,
        0x7b,0xb7,0x02,0x00,0x37,0xf6,0xfa,0x4e,0x7b,0x00,0x04,0xd7,0x7b,0x6f,0x00,0x00,
        0x7f,0x00,0x2c,0xd7,0x10,0xea,0x02,0x00,0x7e,0x00,0x2c,0xd7,0x11,0xe0,0x02,0x00,
        0x7d,0x00,0x2c,0xd7,0x12,0xfa,0x02,0x00,0x7c,0x00,0x2c,0xd7,0x13,0xf8,0x02,0x00,
        0x62,0x00,0x55,0xd6,0x7f,0xfd,0xf6,0x05,0x7c,0xc5,0xc4,0x4a,0x0c,0xe0,0x98,0x7c,
        0x7e,0x00,0x01,0xd5,0x80,0x02,0xa9,0x01,0x0a,0xea,0x98,0x7c,0x7d,0x00,0x01,0xd5,
        0x80,0x02,0xa9,0x01,0x67,0x00,0x56,0xd6,0x7b,0x21,0xe9,0x05,0x6e,0x00,0x56,0xd6,
        0x7d,0x07,0xb9,0x05,0x7e,0xfb,0xfa,0x36,0x08,0xce,0x98,0x7c,0x80,0xfa,0xd8,0x02,
        0x09,0xce,0x78,0x7c,0x80,0xd8,0xd8,0x02,0xff,0x00,0x81,0xbe,0x80,0x00,0x00,0x00,
        0x7f,0x00,0x55,0xd6,0x3a,0x02,0xd0,0x05,0x2e,0xff,0x47,0x93,0x18,0x00,0x08,0x00,
        0x7d,0x00,0x2d,0xd7,0x2b,0xfe,0x02,0x00,0x7d,0xff,0xfa,0x4a,0x47,0xfa,0xfc,0x32,
        0x7d,0x00,0x2c,0xd7,0x0f,0xfc,0x02,0x00,0x7f,0xfb,0xf4,0x4c,0x2e,0xff,0x47,0x93,
        0x10,0x00,0x08,0x00,0x7d,0x00,0x2d,0xd7,0x2a,0xfc,0x02,0x00,0x7d,0xfd,0xfa,0x4a,
        0x47,0xfa,0xea,0x32,0x7d,0x00,0x2c,0xd7,0x0e,0xea,0x02,0x00,0x7e,0xfb,0xf6,0x4c,
        0x7a,0x00,0x05,0xd7,0x18,0xf4,0x02,0x00,0x7a,0x00,0x03,0xd7,0x7a,0xb9,0x02,0x00,
        0x1a,0xf4,0xf8,0x4e,0x7a,0x00,0x04,0xd7,0x7a,0x35,0x00,0x00,0x7b,0x00,0x05,0xd7,
        0x35,0xf6,0x02,0x00,0x7b,0x00,0x03,0xd7,0x7b,0xb7,0x02,0x00,0x37,0xf6,0xfa,0x4e,
        0x7b,0x00,0x04,0xd7,0x7b,0x6f,0x00,0x00,0x7f,0x00,0x2c,0xd7,0x10,0xea,0x02,0x00,
        0x7e,0x00,0x2c,0xd7,0x11,0xe0,0x02,0x00,0x7d,0x00,0x2c,0xd7,0x12,0xfa,0x02,0x00,
        0x7c,0x00,0x2c,0xd7,0x13,0xf8,0x02,0x00,0x63,0x00,0x55,0xd6,0x7f,0xfd,0xf6,0x05,
        0x7c,0xc7,0xc6,0x4a,0x0c,0xe0,0x98,0x7c,0x7e,0x00,0x01,0xd5,0x80,0x02,0xa9,0x01,
        0x0a,0xea,0x98,0x7c,0x7d,0x00,0x01,0xd5,0x80,0x02,0xa9,0x01,0x68,0x00,0x56,0xd6,
        0x7b,0x21,0xe9,0x05,0x6e,0x00,0x56,0xd6,0x7d,0x09,0xb9,0x05,0x7e,0xfb,0xfa,0x36,
        0x08,0xd0,0x98,0x7c,0x80,0xfa,0xda,0x02,0x09,0xd0,0x78,0x7c,0x80,0xda,0xda,0x02,
        0x80,0x02,0x8e,0x7e,0x80,0x02,0x90,0x7e,0x80,0x02,0x92,0x7e,0x80,0x02,0x94,0x7e,
        0x80,0x02,0x96,0x7e,0x80,0x02,0x98,0x7e,0x80,0x02,0x9a,0x7e,0x80,0x02,0x9c,0x7e,
        0x80,0x02,0x9e,0x7e,0x80,0x02,0xa0,0x7e,0x80,0x02,0xa2,0x7e,0x80,0x02,0xa4,0x7e,
        0x80,0x02,0xa6,0x7e,0x80,0x02,0xa8,0x7e,0x80,0x02,0xaa,0x7e,0x80,0x02,0xac,0x7e,
        0x80,0x02,0xae,0x7e,0x80,0x02,0xb0,0x7e,0x80,0x02,0xb2,0x7e,0x80,0x02,0xb4,0x7e,
        0x81,0xd2,0x96,0x7d,0x00,0x00,0x5c,0xe0,0x5f,0x47,0x47,0x3f,0xc1,0x01,0xfe,0xbe,
        0x81,0xd4,0x96,0x7d,0x00,0x00,0x5c,0xe0,0x60,0x4b,0x47,0x3f,0xc1,0x01,0xfe,0xbe,
        0x81,0xd6,0x96,0x7d,0x00,0x00,0x5c,0xe0,0x61,0x4f,0x47,0x3f,0xc1,0x01,0xfe,0xbe,
        0x81,0xd8,0x96,0x7d,0x00,0x00,0x5c,0xe0,0x62,0x53,0x47,0x3f,0xc1,0x01,0xfe,0xbe,
        0x81,0xda,0x96,0x7d,0x00,0x00,0x5c,0xe0,0x63,0x57,0x47,0x3f,0xc1,0x01,0xfe,0xbe,
        0x00,0x03,0xfe,0x7e,0x85,0xfe,0xf4,0x32,0x8f,0xfe,0xf6,0x36,0x81,0xf4,0xf0,0x36,
        0x81,0xf4,0xf2,0x32,0x81,0xf6,0xfa,0x36,0x81,0xf6,0xf8,0x32,0x78,0x00,0x56,0xd6,
        0x78,0x09,0xed,0x05,0x7d,0x00,0x56,0xd6,0x7d,0x07,0xf1,0x05,0x79,0x00,0x56,0xd6,
        0x79,0x09,0xf5,0x05,0x00,0x03,0xfe,0x7e,0x8f,0xfe,0xfa,0x36,0x84,0xfe,0xf8,0x32,
        0x81,0xf8,0xf8,0x36,0x85,0xfe,0xf4,0x32,0x81,0xf4,0xf6,0x36,0x81,0xf4,0xf4,0x32,
        0x81,0xf4,0xf4,0x36,0x75,0x00,0x56,0xd6,0x7b,0x09,0xf5,0x05,0x83,0xf8,0xf8,0x30,
        0x77,0x00,0x56,0xd6,0x7a,0x09,0xf1,0x05,0x84,0xf2,0xb8,0x30,0x83,0xec,0xf8,0x30,
        0x7a,0x00,0x0b,0xd6,0x71,0xff,0xf1,0x05,0x00,0x01,0x00,0x00,0x81,0xf4,0xb6,0x30,
        0x84,0xf0,0xbc,0x30,0x83,0xe8,0xf8,0x30,0x7a,0x00,0x0b,0xd6,0x71,0xff,0xf1,0x05,
        0x00,0x05,0x00,0x00,0x81,0xf4,0xba,0x30,0xff,0xbc,0xbc,0x4a,0x00,0x08,0x00,0x00,
        0xff,0xba,0xba,0x4a,0x00,0x08,0x00,0x00,0x75,0x03,0xf0,0x7e,0x77,0x03,0xf2,0x7e,
        0x39,0xf2,0xf2,0x4a,0x83,0xf2,0xf4,0x32,0x75,0x00,0x2c,0xd7,0x15,0xf4,0x02,0x00,
        0x0a,0x0e,0x3e,0x96,0x2e,0xff,0x42,0x93,0x18,0x00,0x08,0x00,0x2e,0xff,0x41,0x93,
        0x10,0x00,0x08,0x00,0x0f,0x3e,0x3e,0x96,0xc1,0x00,0xa6,0xbe,0xff,0x00,0xa7,0xbe,
        0x00,0x00,0x02,0x30,0x34,0xf2,0x98,0x7c,0x77,0x00,0x01,0xd5,0x80,0x02,0xa9,0x01,
        0xc0,0x00,0xbc,0xbe,0x19,0x32,0x32,0x96,0x19,0x1b,0x1b,0x96,0x19,0xe6,0xe6,0x16,
        0x71,0x00,0x25,0xd7,0x80,0x64,0x00,0x00,0x1b,0x32,0xbd,0x80,0x0c,0x30,0xb7,0x80,
        0x74,0x00,0x25,0xd7,0x80,0x60,0x00,0x00,0x80,0x02,0x00,0x7e,0x80,0x02,0x02,0x7e,
        0x80,0x02,0x04,0x7e,0x80,0x02,0x06,0x7e,0x80,0x02,0x08,0x7e,0x80,0x02,0x0a,0x7e,
        0x80,0x02,0x0c,0x7e,0x80,0x02,0x0e,0x7e,0x80,0x02,0x10,0x7e,0x80,0x02,0x12,0x7e,
        0x80,0x02,0x14,0x7e,0x80,0x02,0x16,0x7e,0x80,0x02,0x18,0x7e,0x80,0x02,0x1a,0x7e,
        0x80,0x02,0x1c,0x7e,0x80,0x02,0x1e,0x7e,0x80,0x02,0x20,0x7e,0x80,0x02,0x22,0x7e,
        0x80,0x02,0x24,0x7e,0x80,0x02,0x26,0x7e,0x80,0x02,0x28,0x7e,0x80,0x02,0x2a,0x7e,
        0x80,0x02,0x2c,0x7e,0x80,0x02,0x2e,0x7e,0x80,0x02,0x30,0x7e,0x80,0x02,0x32,0x7e,
        0x80,0x02,0x34,0x7e,0x80,0x02,0x36,0x7e,0x80,0x02,0x38,0x7e,0x80,0x02,0x3a,0x7e,
        0x80,0x02,0x3c,0x7e,0x80,0x02,0x3e,0x7e,0x80,0x02,0x40,0x7e,0x80,0x02,0x42,0x7e,
        0x80,0x02,0x44,0x7e,0x80,0x02,0x46,0x7e,0x80,0x02,0x48,0x7e,0x80,0x02,0x4a,0x7e,
        0x80,0x02,0x4c,0x7e,0x80,0x02,0x4e,0x7e,0xf7,0x17,0x89,0xbf,0x00,0x00,0x7c,0xdb,
        0x5b,0x43,0x00,0x00,0xf7,0x03,0x89,0xbf,0x00,0x00,0x7c,0xdb,0x5d,0x47,0x00,0x00,
        0x00,0x02,0x7c,0xdb,0x5d,0x4b,0x00,0x00,0x00,0x04,0x7c,0xdb,0x5d,0x4f,0x00,0x00,
        0x00,0x06,0x7c,0xdb,0x5d,0x53,0x00,0x00,0x00,0x08,0x7c,0xdb,0x5d,0x57,0x00,0x00,
        0x37,0xe0,0x98,0x7c,0x3c,0xde,0xde,0x4a,0x37,0xe8,0xf8,0x02,0x7b,0x00,0x01,0xd5,
        0x19,0x00,0xa9,0x01,0x70,0xf9,0xe0,0x4c,0x73,0xf7,0xfa,0x4a,0x1b,0xfa,0x98,0x7c,
        0x80,0xfa,0xfa,0x02,0x7e,0x00,0x01,0xd5,0x36,0x00,0xa9,0x01,0x3d,0xfa,0x98,0x7c,
        0x3d,0xe2,0xf4,0x02,0x7b,0x00,0x01,0xd5,0x36,0x00,0xa9,0x01,0x7d,0xf5,0xfa,0x4c,
        0x7e,0x00,0x55,0xd6,0x7e,0xf7,0xc6,0x00,0x7d,0xe7,0xfe,0x4c,0x72,0xfd,0xe4,0x4a,
        0x7d,0x03,0xe6,0x7e,0x7a,0x00,0x09,0xd5,0x7f,0x27,0x00,0x00,0x7b,0x00,0x0b,0xd5,
        0x7e,0x25,0x00,0x00,0x7c,0x00,0x09,0xd5,0x7c,0x23,0x00,0x00,0xff,0xfe,0xfe,0x36,
        0xff,0xff,0x00,0x00,0x7a,0xf7,0xf4,0x4a,0x7a,0xf9,0xfa,0x4c,0x0c,0xe0,0x98,0x7c,
        0x7e,0x00,0x56,0xd6,0x7e,0x21,0xfd,0x05,0x7c,0x00,0x01,0xd5,0x80,0x02,0xa9,0x01,
        0x7d,0xbf,0xbe,0x4a,0x7d,0xc1,0xc0,0x4a,0x7d,0xc3,0xc2,0x4a,0x7d,0xc5,0xc4,0x4a,
        0x7d,0xc7,0xc6,0x4a,0x7a,0x00,0x10,0xd6,0x6e,0x01,0x05,0x02,0x64,0x40,0x0a,0xcc,
        0x7e,0xc9,0x02,0x18,0x7c,0xf5,0xd2,0x36,0x7a,0x00,0x10,0xd6,0x6e,0x03,0x05,0x02,
        0x65,0x40,0x0a,0xcc,0x7e,0xcb,0x02,0x18,0x7c,0xf5,0xd4,0x36,0x7a,0x00,0x10,0xd6,
        0x6e,0x05,0x05,0x02,0x66,0x40,0x0a,0xcc,0x7e,0xcd,0x02,0x18,0x7c,0xf5,0xd6,0x36,
        0x7a,0x00,0x10,0xd6,0x6e,0x07,0x05,0x02,0x67,0x40,0x0a,0xcc,0x7e,0xcf,0x02,0x18,
        0x7c,0xf5,0xd8,0x36,0x7a,0x00,0x10,0xd6,0x6e,0x09,0x05,0x02,0x68,0x40,0x0a,0xcc,
        0x7e,0xd1,0x02,0x18,0x7c,0xf5,0xda,0x36,0x7a,0x00,0x10,0xd6,0x6e,0x05,0x05,0x02,
        0x08,0xc8,0x98,0x7c,0x80,0xd2,0xd2,0x02,0x7b,0x00,0x10,0xd6,0x6e,0x07,0x05,0x02,
        0x08,0xca,0x98,0x7c,0x80,0xd4,0xd4,0x02,0x7a,0xf9,0xd6,0x36,0x09,0xc8,0x78,0x7c,
        0x80,0xd2,0xd2,0x02,0x7b,0xf9,0xd8,0x36,0x09,0xca,0x78,0x7c,0x80,0xd4,0xd4,0x02,
        0x7a,0x00,0x10,0xd6,0x6e,0x09,0x05,0x02,0x08,0xcc,0x98,0x7c,0x80,0xd6,0xd6,0x02,
        0x08,0xce,0x98,0x7c,0x80,0xd8,0xd8,0x02,0x7a,0xf9,0xda,0x36,0x09,0xcc,0x78,0x7c,
        0x80,0xd6,0xd6,0x02,0x09,0xce,0x78,0x7c,0x80,0xd8,0xd8,0x02,0x08,0xd0,0x98,0x7c,
        0x80,0xda,0xda,0x02,0x09,0xd0,0x78,0x7c,0x80,0xda,0xda,0x02,0x07,0xfc,0x89,0xbf,
        0x00,0x00,0xbd,0xbf,0x00,0x00,0xfc,0xdb,0x5e,0x00,0x00,0x32,0x00,0x0a,0xfc,0xdb,
        0x5e,0x00,0x00,0x36,0x00,0x00,0xfc,0xdb,0x5c,0x00,0x00,0x29,0x00,0x02,0xfc,0xdb,
        0x5c,0x00,0x00,0x2d,0x05,0xa0,0x86,0x81,0x06,0x80,0x02,0xbf,0xf6,0x00,0xa1,0xbf,
        0x00,0x00,0x5c,0xe0,0x6f,0x43,0x48,0x40,0x80,0x02,0x8e,0x7e,0x80,0x02,0x90,0x7e,
        0x80,0x02,0x92,0x7e,0x80,0x02,0x94,0x7e,0x80,0x02,0x96,0x7e,0x80,0x02,0x98,0x7e,
        0x80,0x02,0x9a,0x7e,0x80,0x02,0x9c,0x7e,0x80,0x02,0x9e,0x7e,0x80,0x02,0xa0,0x7e,
        0x80,0x02,0xa2,0x7e,0x80,0x02,0xa4,0x7e,0x80,0x02,0xa6,0x7e,0x80,0x02,0xa8,0x7e,
        0x80,0x02,0xaa,0x7e,0x80,0x02,0xac,0x7e,0x80,0x02,0xae,0x7e,0x80,0x02,0xb0,0x7e,
        0x80,0x02,0xb2,0x7e,0x80,0x02,0xb4,0x7e,0x81,0xd2,0x96,0x7d,0x00,0x00,0x5c,0xe0,
        0x5f,0x47,0x47,0x3f,0xc1,0x01,0xfe,0xbe,0x81,0xd4,0x96,0x7d,0x00,0x00,0x5c,0xe0,
        0x60,0x4b,0x47,0x3f,0xc1,0x01,0xfe,0xbe,0x81,0xd6,0x96,0x7d,0x00,0x00,0x5c,0xe0,
        0x61,0x4f,0x47,0x3f,0xc1,0x01,0xfe,0xbe,0x81,0xd8,0x96,0x7d,0x00,0x00,0x5c,0xe0,
        0x62,0x53,0x47,0x3f,0xc1,0x01,0xfe,0xbe,0x81,0xda,0x96,0x7d,0x00,0x00,0x5c,0xe0,
        0x63,0x57,0x47,0x3f,0xc1,0x01,0xfe,0xbe,0x00,0x02,0xfc,0xdb,0x5e,0x00,0x00,0x3a,
        0x00,0x0c,0xfc,0xdb,0x5e,0x00,0x00,0x3e,0x27,0xfc,0x89,0xbf,0x00,0x40,0x40,0xcc,
        0x29,0x65,0x02,0x1c,0x00,0x04,0xfc,0xdb,0x5e,0x00,0x00,0x32,0x00,0x0e,0xfc,0xdb,
        0x5e,0x00,0x00,0x36,0x27,0xfc,0x89,0xbf,0x08,0x40,0x40,0xcc,0x29,0x75,0x22,0x1c,
        0x00,0x06,0xfc,0xdb,0x5e,0x00,0x00,0x3a,0x00,0x10,0xfc,0xdb,0x5e,0x00,0x00,0x3e,
        0x27,0xfc,0x89,0xbf,0x10,0x40,0x40,0xcc,0x29,0x65,0x42,0x1c,0x00,0x08,0xfc,0xdb,
        0x5e,0x00,0x00,0x32,0x00,0x12,0xfc,0xdb,0x5e,0x00,0x00,0x36,0x27,0xfc,0x89,0xbf,
        0x18,0x40,0x40,0xcc,0x29,0x75,0x62,0x1c,0x00,0x14,0xfc,0xdb,0x5e,0x00,0x00,0x3a,
        0x00,0x1e,0xfc,0xdb,0x5e,0x00,0x00,0x3e,0x27,0xfc,0x89,0xbf,0x20,0x40,0x40,0xcc,
        0x29,0x65,0x82,0x1c,0x00,0x04,0xfc,0xdb,0x5c,0x00,0x00,0x29,0x00,0x06,0xfc,0xdb,
        0x5c,0x00,0x00,0x2d,0x00,0x16,0xfc,0xdb,0x5e,0x00,0x00,0x32,0x00,0x20,0xfc,0xdb,
        0x5e,0x00,0x00,0x36,0x27,0xfc,0x89,0xbf,0x00,0x40,0x40,0xcc,0x29,0x75,0x02,0x1c,
        0x00,0x18,0xfc,0xdb,0x5e,0x00,0x00,0x3a,0x00,0x22,0xfc,0xdb,0x5e,0x00,0x00,0x3e,
        0x27,0xfc,0x89,0xbf,0x08,0x40,0x40,0xcc,0x29,0x65,0x22,0x1c,0x00,0x1a,0xfc,0xdb,
        0x5e,0x00,0x00,0x32,0x00,0x24,0xfc,0xdb,0x5e,0x00,0x00,0x36,0x27,0xfc,0x89,0xbf,
        0x10,0x40,0x40,0xcc,0x29,0x75,0x42,0x1c,0x00,0x1c,0xfc,0xdb,0x5e,0x00,0x00,0x3a,
        0x00,0x26,0xfc,0xdb,0x5e,0x00,0x00,0x3e,0x27,0xfc,0x89,0xbf,0x18,0x40,0x40,0xcc,
        0x29,0x65,0x62,0x1c,0x07,0xfc,0x89,0xbf,0xf7,0x17,0x89,0xbf,0x00,0x00,0xbd,0xbf,
        0x00,0x00,0x7c,0xdb,0x5b,0x43,0x00,0x00,0xf7,0x03,0x89,0xbf,0x00,0x00,0x7c,0xdb,
        0x5d,0x47,0x00,0x00,0x00,0x02,0x7c,0xdb,0x5d,0x4b,0x00,0x00,0x00,0x04,0x7c,0xdb,
        0x5d,0x4f,0x00,0x00,0x00,0x06,0x7c,0xdb,0x5d,0x53,0x00,0x00,0x00,0x08,0x7c,0xdb,
        0x5d,0x57,0x00,0x00,0x20,0x40,0x40,0xcc,0x29,0x75,0x82,0x1c,0x06,0xa0,0x86,0x81,
        0x06,0x80,0x02,0xbf,0x6a,0x00,0xa1,0xbf,0x37,0xe0,0x98,0x7c,0x3c,0xde,0xde,0x4a,
        0x37,0xe8,0xf8,0x02,0x7b,0x00,0x01,0xd5,0x19,0x00,0xa9,0x01,0x70,0xf9,0xe0,0x4c,
        0x73,0xf7,0xfa,0x4a,0x1b,0xfa,0x98,0x7c,0x80,0xfa,0xfa,0x02,0x7e,0x00,0x01,0xd5,
        0x36,0x00,0xa9,0x01,0x3d,0xfa,0x98,0x7c,0x3d,0xe2,0xf4,0x02,0x7b,0x00,0x01,0xd5,
        0x36,0x00,0xa9,0x01,0x7d,0xf5,0xfa,0x4c,0x7e,0x00,0x55,0xd6,0x7e,0xf7,0xc6,0x00,
        0x7d,0xe7,0xfe,0x4c,0x72,0xfd,0xe4,0x4a,0x7d,0x03,0xe6,0x7e,0x7a,0x00,0x09,0xd5,
        0x7f,0x27,0x00,0x00,0x7b,0x00,0x0b,0xd5,0x7e,0x25,0x00,0x00,0x7c,0x00,0x09,0xd5,
        0x7c,0x23,0x00,0x00,0xff,0xfe,0xfe,0x36,0xff,0xff,0x00,0x00,0x7a,0xf7,0xf4,0x4a,
        0x7a,0xf9,0xfa,0x4c,0x0c,0xe0,0x98,0x7c,0x7e,0x00,0x56,0xd6,0x7e,0x21,0xfd,0x05,
        0x7c,0x00,0x01,0xd5,0x80,0x02,0xa9,0x01,0x7d,0xbf,0xbe,0x4a,0x7d,0xc1,0xc0,0x4a,
        0x7d,0xc3,0xc2,0x4a,0x7d,0xc5,0xc4,0x4a,0x7d,0xc7,0xc6,0x4a,0x7a,0x00,0x10,0xd6,
        0x6e,0x01,0x05,0x02,0x64,0x40,0x0a,0xcc,0x7e,0xc9,0x02,0x18,0x7c,0xf5,0xd2,0x36,
        0x7a,0x00,0x10,0xd6,0x6e,0x03,0x05,0x02,0x65,0x40,0x0a,0xcc,0x7e,0xcb,0x02,0x18,
        0x7c,0xf5,0xd4,0x36,0x7a,0x00,0x10,0xd6,0x6e,0x05,0x05,0x02,0x66,0x40,0x0a,0xcc,
        0x7e,0xcd,0x02,0x18,0x7c,0xf5,0xd6,0x36,0x7a,0x00,0x10,0xd6,0x6e,0x07,0x05,0x02,
        0x67,0x40,0x0a,0xcc,0x7e,0xcf,0x02,0x18,0x7c,0xf5,0xd8,0x36,0x7a,0x00,0x10,0xd6,
        0x6e,0x09,0x05,0x02,0x68,0x40,0x0a,0xcc,0x7e,0xd1,0x02,0x18,0x7c,0xf5,0xda,0x36,
        0x7a,0x00,0x10,0xd6,0x6e,0x05,0x05,0x02,0x08,0xc8,0x98,0x7c,0x80,0xd2,0xd2,0x02,
        0x7b,0x00,0x10,0xd6,0x6e,0x07,0x05,0x02,0x08,0xca,0x98,0x7c,0x80,0xd4,0xd4,0x02,
        0x7a,0xf9,0xd6,0x36,0x09,0xc8,0x78,0x7c,0x80,0xd2,0xd2,0x02,0x7b,0xf9,0xd8,0x36,
        0x09,0xca,0x78,0x7c,0x80,0xd4,0xd4,0x02,0x7a,0x00,0x10,0xd6,0x6e,0x09,0x05,0x02,
        0x08,0xcc,0x98,0x7c,0x80,0xd6,0xd6,0x02,0x08,0xce,0x98,0x7c,0x80,0xd8,0xd8,0x02,
        0x7a,0xf9,0xda,0x36,0x09,0xcc,0x78,0x7c,0x80,0xd6,0xd6,0x02,0x09,0xce,0x78,0x7c,
        0x80,0xd8,0xd8,0x02,0x08,0xd0,0x98,0x7c,0x80,0xda,0xda,0x02,0x09,0xd0,0x78,0x7c,
        0x80,0xda,0xda,0x02,0x07,0xfc,0x89,0xbf,0x00,0x00,0xbd,0xbf,0x00,0x00,0xfc,0xdb,
        0x5e,0x00,0x00,0x32,0x00,0x0a,0xfc,0xdb,0x5e,0x00,0x00,0x36,0x00,0x00,0xfc,0xdb,
        0x5c,0x00,0x00,0x29,0x00,0x02,0xfc,0xdb,0x5c,0x00,0x00,0x2d,0x14,0xff,0xa0,0xbf,
        0x07,0xfc,0x89,0xbf,0x00,0x00,0xbd,0xbf,0x00,0x00,0xfc,0xdb,0x5e,0x00,0x00,0x32,
        0x00,0x0a,0xfc,0xdb,0x5e,0x00,0x00,0x36,0x00,0x00,0xfc,0xdb,0x5c,0x00,0x00,0x29,
        0x00,0x02,0xfc,0xdb,0x5c,0x00,0x00,0x2d,0x00,0x02,0xfc,0xdb,0x5e,0x00,0x00,0x3a,
        0x00,0x0c,0xfc,0xdb,0x5e,0x00,0x00,0x3e,0x27,0xfc,0x89,0xbf,0x00,0x40,0x40,0xcc,
        0x29,0x65,0x02,0x1c,0x00,0x04,0xfc,0xdb,0x5e,0x00,0x00,0x32,0x00,0x0e,0xfc,0xdb,
        0x5e,0x00,0x00,0x36,0x27,0xfc,0x89,0xbf,0x08,0x40,0x40,0xcc,0x29,0x75,0x22,0x1c,
        0x00,0x06,0xfc,0xdb,0x5e,0x00,0x00,0x3a,0x00,0x10,0xfc,0xdb,0x5e,0x00,0x00,0x3e,
        0x27,0xfc,0x89,0xbf,0x10,0x40,0x40,0xcc,0x29,0x65,0x42,0x1c,0x00,0x08,0xfc,0xdb,
        0x5e,0x00,0x00,0x32,0x00,0x12,0xfc,0xdb,0x5e,0x00,0x00,0x36,0x27,0xfc,0x89,0xbf,
        0x18,0x40,0x40,0xcc,0x29,0x75,0x62,0x1c,0x00,0x14,0xfc,0xdb,0x5e,0x00,0x00,0x3a,
        0x00,0x1e,0xfc,0xdb,0x5e,0x00,0x00,0x3e,0x27,0xfc,0x89,0xbf,0x20,0x40,0x40,0xcc,
        0x29,0x65,0x82,0x1c,0x00,0x04,0xfc,0xdb,0x5c,0x00,0x00,0x29,0x00,0x06,0xfc,0xdb,
        0x5c,0x00,0x00,0x2d,0x00,0x16,0xfc,0xdb,0x5e,0x00,0x00,0x32,0x00,0x20,0xfc,0xdb,
        0x5e,0x00,0x00,0x36,0x27,0xfc,0x89,0xbf,0x00,0x40,0x40,0xcc,0x29,0x75,0x02,0x1c,
        0x00,0x18,0xfc,0xdb,0x5e,0x00,0x00,0x3a,0x00,0x22,0xfc,0xdb,0x5e,0x00,0x00,0x3e,
        0x27,0xfc,0x89,0xbf,0x08,0x40,0x40,0xcc,0x29,0x65,0x22,0x1c,0x00,0x1a,0xfc,0xdb,
        0x5e,0x00,0x00,0x32,0x00,0x24,0xfc,0xdb,0x5e,0x00,0x00,0x36,0x27,0xfc,0x89,0xbf,
        0x10,0x40,0x40,0xcc,0x29,0x75,0x42,0x1c,0x00,0x1c,0xfc,0xdb,0x5e,0x00,0x00,0x3a,
        0x00,0x26,0xfc,0xdb,0x5e,0x00,0x00,0x3e,0x27,0xfc,0x89,0xbf,0x18,0x40,0x40,0xcc,
        0x29,0x65,0x62,0x1c,0x07,0xfc,0x89,0xbf,0x20,0x40,0x40,0xcc,0x29,0x75,0x82,0x1c,
        0x80,0x00,0x81,0xbe,0x15,0x84,0x15,0x96,0x3a,0xf0,0xe8,0x4a,0x7a,0x00,0x2d,0xd7,
        0x2b,0xe8,0x02,0x00,0x7a,0xe9,0xf4,0x4a,0x42,0xf4,0xfa,0x32,0x7a,0x00,0x2c,0xd7,
        0x0f,0xfa,0x02,0x00,0x74,0xf5,0xba,0x4c,0x7a,0x00,0x2d,0xd7,0x2a,0xfa,0x02,0x00,
        0x7a,0xfb,0xf4,0x4a,0x41,0xf4,0xb6,0x32,0x7a,0x00,0x2c,0xd7,0x0e,0xb6,0x02,0x00,
        0x7d,0xf5,0xb8,0x4c,0x5f,0x00,0x0b,0xd6,0x17,0xba,0xd6,0x05,0x3e,0xe8,0x98,0x7c,
        0x7a,0x00,0x2c,0xd7,0x14,0xb6,0x02,0x00,0x7b,0x00,0x2c,0xd7,0x16,0xb8,0x02,0x00,
        0x80,0xee,0xec,0x02,0x5f,0x00,0x55,0xd6,0x7a,0xf7,0x7e,0x05,0x00,0x03,0x00,0x5e,
        0x02,0x07,0x02,0x5e,0x04,0x0b,0x04,0x5e,0x06,0x0f,0x06,0x5e,0x81,0xec,0x96,0x7d,
        0x00,0x00,0x74,0xe0,0x5f,0x00,0x49,0x01,0xc1,0x01,0xfe,0xbe,0xa0,0xf0,0xfe,0x4a,
        0x3a,0xfe,0xe8,0x4a,0x7a,0x00,0x2d,0xd7,0x2b,0xe8,0x02,0x00,0x7a,0xe9,0xf4,0x4a,
        0x42,0xf4,0xfa,0x32,0x7a,0x00,0x2c,0xd7,0x0f,0xfa,0x02,0x00,0x74,0xf5,0xba,0x4c,
        0x7a,0x00,0x2d,0xd7,0x2a,0xfa,0x02,0x00,0x7a,0xfb,0xf4,0x4a,0x41,0xf4,0xb6,0x32,
        0x7a,0x00,0x2c,0xd7,0x0e,0xb6,0x02,0x00,0x7d,0xf5,0xb8,0x4c,0x5f,0x00,0x0b,0xd6,
        0x17,0xba,0xd6,0x05,0x3e,0xe8,0x98,0x7c,0x7a,0x00,0x2c,0xd7,0x14,0xb6,0x02,0x00,
        0x7b,0x00,0x2c,0xd7,0x16,0xb8,0x02,0x00,0x80,0xee,0xec,0x02,0x5f,0x00,0x55,0xd6,
        0x7a,0xf7,0x7e,0x05,0x08,0x13,0x10,0x5e,0x0a,0x17,0x12,0x5e,0x0c,0x1b,0x14,0x5e,
        0x0e,0x1f,0x16,0x5e,0x81,0xec,0x96,0x7d,0x00,0x00,0x74,0xe0,0x5f,0x08,0x49,0x01,
        0xc1,0x01,0xfe,0xbe,0xa0,0xfe,0xfe,0x4a,0x3a,0xfe,0xe8,0x4a,0x7a,0x00,0x2d,0xd7,
        0x2b,0xe8,0x02,0x00,0x7a,0xe9,0xf4,0x4a,0x42,0xf4,0xfa,0x32,0x7a,0x00,0x2c,0xd7,
        0x0f,0xfa,0x02,0x00,0x74,0xf5,0xba,0x4c,0x7a,0x00,0x2d,0xd7,0x2a,0xfa,0x02,0x00,
        0x7a,0xfb,0xf4,0x4a,0x41,0xf4,0xb6,0x32,0x7a,0x00,0x2c,0xd7,0x0e,0xb6,0x02,0x00,
        0x7d,0xf5,0xb8,0x4c,0x5f,0x00,0x0b,0xd6,0x17,0xba,0xd6,0x05,0x3e,0xe8,0x98,0x7c,
        0x7a,0x00,0x2c,0xd7,0x14,0xb6,0x02,0x00,0x7b,0x00,0x2c,0xd7,0x16,0xb8,0x02,0x00,
        0x80,0xee,0xec,0x02,0x5f,0x00,0x55,0xd6,0x7a,0xf7,0x7e,0x05,0x10,0x23,0x20,0x5e,
        0x12,0x27,0x22,0x5e,0x14,0x2b,0x24,0x5e,0x16,0x2f,0x26,0x5e,0x81,0xec,0x96,0x7d,
        0x00,0x00,0x74,0xe0,0x5f,0x10,0x49,0x01,0xc1,0x01,0xfe,0xbe,0xa0,0xfe,0xfe,0x4a,
        0x3a,0xfe,0xe8,0x4a,0x7a,0x00,0x2d,0xd7,0x2b,0xe8,0x02,0x00,0x7a,0xe9,0xf4,0x4a,
        0x42,0xf4,0xfa,0x32,0x7a,0x00,0x2c,0xd7,0x0f,0xfa,0x02,0x00,0x74,0xf5,0xba,0x4c,
        0x7a,0x00,0x2d,0xd7,0x2a,0xfa,0x02,0x00,0x7a,0xfb,0xf4,0x4a,0x41,0xf4,0xb6,0x32,
        0x7a,0x00,0x2c,0xd7,0x0e,0xb6,0x02,0x00,0x7d,0xf5,0xb8,0x4c,0x5f,0x00,0x0b,0xd6,
        0x17,0xba,0xd6,0x05,0x3e,0xe8,0x98,0x7c,0x7a,0x00,0x2c,0xd7,0x14,0xb6,0x02,0x00,
        0x7b,0x00,0x2c,0xd7,0x16,0xb8,0x02,0x00,0x80,0xee,0xec,0x02,0x5f,0x00,0x55,0xd6,
        0x7a,0xf7,0x7e,0x05,0x18,0x33,0x30,0x5e,0x1a,0x37,0x32,0x5e,0x1c,0x3b,0x34,0x5e,
        0x1e,0x3f,0x36,0x5e,0x81,0xec,0x96,0x7d,0x00,0x00,0x74,0xe0,0x5f,0x18,0x49,0x01,
        0xc1,0x01,0xfe,0xbe,0xa0,0xfe,0xfe,0x4a,0x3a,0xfe,0xe8,0x4a,0x7a,0x00,0x2d,0xd7,
        0x2b,0xe8,0x02,0x00,0x7a,0xe9,0xf4,0x4a,0x42,0xf4,0xfa,0x32,0x7a,0x00,0x2c,0xd7,
        0x0f,0xfa,0x02,0x00,0x74,0xf5,0xba,0x4c,0x7a,0x00,0x2d,0xd7,0x2a,0xfa,0x02,0x00,
        0x7a,0xfb,0xf4,0x4a,0x41,0xf4,0xb6,0x32,0x7a,0x00,0x2c,0xd7,0x0e,0xb6,0x02,0x00,
        0x7d,0xf5,0xb8,0x4c,0x5f,0x00,0x0b,0xd6,0x17,0xba,0xd6,0x05,0x3e,0xe8,0x98,0x7c,
        0x7a,0x00,0x2c,0xd7,0x14,0xb6,0x02,0x00,0x7b,0x00,0x2c,0xd7,0x16,0xb8,0x02,0x00,
        0x80,0xee,0xec,0x02,0x5f,0x00,0x55,0xd6,0x7a,0xf7,0x7e,0x05,0x20,0x43,0x40,0x5e,
        0x22,0x47,0x42,0x5e,0x24,0x4b,0x44,0x5e,0x26,0x4f,0x46,0x5e,0x81,0xec,0x96,0x7d,
        0x00,0x00,0x74,0xe0,0x5f,0x20,0x49,0x01,0xc1,0x01,0xfe,0xbe,0x00,0x00,0xb0,0xbf,
        0x00,0x00,0x00,0x00,0x00,0x00,0x00,0x00,0x00,0x00,0x00,0x00,0x00,0x00,0x00,0x00,
        0x00,0x00,0x00,0x00,0x00,0x00,0x00,0x00,0x00,0x00,0x00,0x00,0x00,0x00,0x00,0x00,
        0x00,0x30,0x00,0x00,0x00,0x00,0x00,0x00,0x00,0x00,0x00,0x00,0x00,0x00,0x00,0x00,
        0x00,0x00,0x00,0x00,0x00,0x00,0x00,0x00,0x00,0x00,0x00,0x00,0x00,0x00,0x00,0x00,
        0x00,0x00,0x00,0x00,0x00,0x00,0x00,0x00,0x00,0x00,0x00,0x00,0x00,0x00,0x00,0x00,
        0x10,0x00,0x0c,0x40,0x84,0x03,0x00,0x00,0x08,0x04,0x00,0x00,0x00,0x00,0x00,0x00,
        0x07,0x00,0x00,0x00,0x31,0x0b,0x00,0x00,0x20,0x00,0x00,0x00,0x41,0x4d,0x44,0x47,
        0x50,0x55,0x00,0x00,0x82,0xae,0x61,0x6d,0x64,0x68,0x73,0x61,0x2e,0x6b,0x65,0x72,
        0x6e,0x65,0x6c,0x73,0x91,0x8c,0xa5,0x2e,0x61,0x72,0x67,0x73,0xdc,0x00,0x21,0x87,
        0xae,0x2e,0x61,0x64,0x64,0x72,0x65,0x73,0x73,0x5f,0x73,0x70,0x61,0x63,0x65,0xa6,
        0x67,0x6c,0x6f,0x62,0x61,0x6c,0xa9,0x2e,0x69,0x73,0x5f,0x63,0x6f,0x6e,0x73,0x74,
        0xc3,0xa5,0x2e,0x6e,0x61,0x6d,0x65,0xa4,0x70,0x5f,0x69,0x6e,0xa7,0x2e,0x6f,0x66,
        0x66,0x73,0x65,0x74,0x00,0xa5,0x2e,0x73,0x69,0x7a,0x65,0x08,0xab,0x2e,0x76,0x61,
        0x6c,0x75,0x65,0x5f,0x6b,0x69,0x6e,0x64,0xad,0x67,0x6c,0x6f,0x62,0x61,0x6c,0x5f,
        0x62,0x75,0x66,0x66,0x65,0x72,0xab,0x2e,0x76,0x61,0x6c,0x75,0x65,0x5f,0x74,0x79,
        0x70,0x65,0xa3,0x66,0x33,0x32,0x87,0xae,0x2e,0x61,0x64,0x64,0x72,0x65,0x73,0x73,
        0x5f,0x73,0x70,0x61,0x63,0x65,0xa6,0x67,0x6c,0x6f,0x62,0x61,0x6c,0xa9,0x2e,0x69,
        0x73,0x5f,0x63,0x6f,0x6e,0x73,0x74,0xc3,0xa5,0x2e,0x6e,0x61,0x6d,0x65,0xa5,0x70,
        0x5f,0x77,0x65,0x69,0xa7,0x2e,0x6f,0x66,0x66,0x73,0x65,0x74,0x08,0xa5,0x2e,0x73,
        0x69,0x7a,0x65,0x08,0xab,0x2e,0x76,0x61,0x6c,0x75,0x65,0x5f,0x6b,0x69,0x6e,0x64,
        0xad,0x67,0x6c,0x6f,0x62,0x61,0x6c,0x5f,0x62,0x75,0x66,0x66,0x65,0x72,0xab,0x2e,
        0x76,0x61,0x6c,0x75,0x65,0x5f,0x74,0x79,0x70,0x65,0xa3,0x66,0x33,0x32,0x87,0xae,
        0x2e,0x61,0x64,0x64,0x72,0x65,0x73,0x73,0x5f,0x73,0x70,0x61,0x63,0x65,0xa6,0x67,
        0x6c,0x6f,0x62,0x61,0x6c,0xa9,0x2e,0x69,0x73,0x5f,0x63,0x6f,0x6e,0x73,0x74,0xc2,
        0xa5,0x2e,0x6e,0x61,0x6d,0x65,0xa5,0x70,0x5f,0x6f,0x75,0x74,0xa7,0x2e,0x6f,0x66,
        0x66,0x73,0x65,0x74,0x10,0xa5,0x2e,0x73,0x69,0x7a,0x65,0x08,0xab,0x2e,0x76,0x61,
        0x6c,0x75,0x65,0x5f,0x6b,0x69,0x6e,0x64,0xad,0x67,0x6c,0x6f,0x62,0x61,0x6c,0x5f,
        0x62,0x75,0x66,0x66,0x65,0x72,0xab,0x2e,0x76,0x61,0x6c,0x75,0x65,0x5f,0x74,0x79,
        0x70,0x65,0xa3,0x66,0x33,0x32,0x87,0xae,0x2e,0x61,0x64,0x64,0x72,0x65,0x73,0x73,
        0x5f,0x73,0x70,0x61,0x63,0x65,0xa6,0x67,0x6c,0x6f,0x62,0x61,0x6c,0xa9,0x2e,0x69,
        0x73,0x5f,0x63,0x6f,0x6e,0x73,0x74,0xc3,0xa5,0x2e,0x6e,0x61,0x6d,0x65,0xa6,0x70,
        0x5f,0x62,0x69,0x61,0x73,0xa7,0x2e,0x6f,0x66,0x66,0x73,0x65,0x74,0x18,0xa5,0x2e,
        0x73,0x69,0x7a,0x65,0x08,0xab,0x2e,0x76,0x61,0x6c,0x75,0x65,0x5f,0x6b,0x69,0x6e,
        0x64,0xad,0x67,0x6c,0x6f,0x62,0x61,0x6c,0x5f,0x62,0x75,0x66,0x66,0x65,0x72,0xab,
        0x2e,0x76,0x61,0x6c,0x75,0x65,0x5f,0x74,0x79,0x70,0x65,0xa3,0x66,0x33,0x32,0x85,
        0xa5,0x2e,0x6e,0x61,0x6d,0x65,0xa2,0x68,0x69,0xa7,0x2e,0x6f,0x66,0x66,0x73,0x65,
        0x74,0x20,0xa5,0x2e,0x73,0x69,0x7a,0x65,0x04,0xab,0x2e,0x76,0x61,0x6c,0x75,0x65,
        0x5f,0x6b,0x69,0x6e,0x64,0xa8,0x62,0x79,0x5f,0x76,0x61,0x6c,0x75,0x65,0xab,0x2e,
        0x76,0x61,0x6c,0x75,0x65,0x5f,0x74,0x79,0x70,0x65,0xa3,0x69,0x33,0x32,0x85,0xa5,
        0x2e,0x6e,0x61,0x6d,0x65,0xa2,0x77,0x69,0xa7,0x2e,0x6f,0x66,0x66,0x73,0x65,0x74,
        0x24,0xa5,0x2e,0x73,0x69,0x7a,0x65,0x04,0xab,0x2e,0x76,0x61,0x6c,0x75,0x65,0x5f,
        0x6b,0x69,0x6e,0x64,0xa8,0x62,0x79,0x5f,0x76,0x61,0x6c,0x75,0x65,0xab,0x2e,0x76,
        0x61,0x6c,0x75,0x65,0x5f,0x74,0x79,0x70,0x65,0xa3,0x69,0x33,0x32,0x85,0xa5,0x2e,
        0x6e,0x61,0x6d,0x65,0xa1,0x6e,0xa7,0x2e,0x6f,0x66,0x66,0x73,0x65,0x74,0x28,0xa5,
        0x2e,0x73,0x69,0x7a,0x65,0x04,0xab,0x2e,0x76,0x61,0x6c,0x75,0x65,0x5f,0x6b,0x69,
        0x6e,0x64,0xa8,0x62,0x79,0x5f,0x76,0x61,0x6c,0x75,0x65,0xab,0x2e,0x76,0x61,0x6c,
        0x75,0x65,0x5f,0x74,0x79,0x70,0x65,0xa3,0x69,0x33,0x32,0x85,0xa5,0x2e,0x6e,0x61,
        0x6d,0x65,0xa1,0x6b,0xa7,0x2e,0x6f,0x66,0x66,0x73,0x65,0x74,0x2c,0xa5,0x2e,0x73,
        0x69,0x7a,0x65,0x04,0xab,0x2e,0x76,0x61,0x6c,0x75,0x65,0x5f,0x6b,0x69,0x6e,0x64,
        0xa8,0x62,0x79,0x5f,0x76,0x61,0x6c,0x75,0x65,0xab,0x2e,0x76,0x61,0x6c,0x75,0x65,
        0x5f,0x74,0x79,0x70,0x65,0xa3,0x69,0x33,0x32,0x85,0xa5,0x2e,0x6e,0x61,0x6d,0x65,
        0xa1,0x63,0xa7,0x2e,0x6f,0x66,0x66,0x73,0x65,0x74,0x30,0xa5,0x2e,0x73,0x69,0x7a,
        0x65,0x04,0xab,0x2e,0x76,0x61,0x6c,0x75,0x65,0x5f,0x6b,0x69,0x6e,0x64,0xa8,0x62,
        0x79,0x5f,0x76,0x61,0x6c,0x75,0x65,0xab,0x2e,0x76,0x61,0x6c,0x75,0x65,0x5f,0x74,
        0x79,0x70,0x65,0xa3,0x69,0x33,0x32,0x85,0xa5,0x2e,0x6e,0x61,0x6d,0x65,0xa1,0x67,
        0xa7,0x2e,0x6f,0x66,0x66,0x73,0x65,0x74,0x34,0xa5,0x2e,0x73,0x69,0x7a,0x65,0x04,
        0xab,0x2e,0x76,0x61,0x6c,0x75,0x65,0x5f,0x6b,0x69,0x6e,0x64,0xa8,0x62,0x79,0x5f,
        0x76,0x61,0x6c,0x75,0x65,0xab,0x2e,0x76,0x61,0x6c,0x75,0x65,0x5f,0x74,0x79,0x70,
        0x65,0xa3,0x69,0x33,0x32,0x85,0xa5,0x2e,0x6e,0x61,0x6d,0x65,0xa2,0x68,0x6f,0xa7,
        0x2e,0x6f,0x66,0x66,0x73,0x65,0x74,0x38,0xa5,0x2e,0x73,0x69,0x7a,0x65,0x04,0xab,
        0x2e,0x76,0x61,0x6c,0x75,0x65,0x5f,0x6b,0x69,0x6e,0x64,0xa8,0x62,0x79,0x5f,0x76,
        0x61,0x6c,0x75,0x65,0xab,0x2e,0x76,0x61,0x6c,0x75,0x65,0x5f,0x74,0x79,0x70,0x65,
        0xa3,0x69,0x33,0x32,0x85,0xa5,0x2e,0x6e,0x61,0x6d,0x65,0xa2,0x77,0x6f,0xa7,0x2e,
        0x6f,0x66,0x66,0x73,0x65,0x74,0x3c,0xa5,0x2e,0x73,0x69,0x7a,0x65,0x04,0xab,0x2e,
        0x76,0x61,0x6c,0x75,0x65,0x5f,0x6b,0x69,0x6e,0x64,0xa8,0x62,0x79,0x5f,0x76,0x61,
        0x6c,0x75,0x65,0xab,0x2e,0x76,0x61,0x6c,0x75,0x65,0x5f,0x74,0x79,0x70,0x65,0xa3,
        0x69,0x33,0x32,0x85,0xa5,0x2e,0x6e,0x61,0x6d,0x65,0xab,0x69,0x6e,0x5f,0x73,0x74,
        0x72,0x69,0x64,0x65,0x5f,0x6e,0xa7,0x2e,0x6f,0x66,0x66,0x73,0x65,0x74,0x40,0xa5,
        0x2e,0x73,0x69,0x7a,0x65,0x04,0xab,0x2e,0x76,0x61,0x6c,0x75,0x65,0x5f,0x6b,0x69,
        0x6e,0x64,0xa8,0x62,0x79,0x5f,0x76,0x61,0x6c,0x75,0x65,0xab,0x2e,0x76,0x61,0x6c,
        0x75,0x65,0x5f,0x74,0x79,0x70,0x65,0xa3,0x69,0x33,0x32,0x85,0xa5,0x2e,0x6e,0x61,
        0x6d,0x65,0xab,0x69,0x6e,0x5f,0x73,0x74,0x72,0x69,0x64,0x65,0x5f,0x63,0xa7,0x2e,
        0x6f,0x66,0x66,0x73,0x65,0x74,0x44,0xa5,0x2e,0x73,0x69,0x7a,0x65,0x04,0xab,0x2e,
        0x76,0x61,0x6c,0x75,0x65,0x5f,0x6b,0x69,0x6e,0x64,0xa8,0x62,0x79,0x5f,0x76,0x61,
        0x6c,0x75,0x65,0xab,0x2e,0x76,0x61,0x6c,0x75,0x65,0x5f,0x74,0x79,0x70,0x65,0xa3,
        0x69,0x33,0x32,0x85,0xa5,0x2e,0x6e,0x61,0x6d,0x65,0xab,0x69,0x6e,0x5f,0x73,0x74,
        0x72,0x69,0x64,0x65,0x5f,0x68,0xa7,0x2e,0x6f,0x66,0x66,0x73,0x65,0x74,0x48,0xa5,
        0x2e,0x73,0x69,0x7a,0x65,0x04,0xab,0x2e,0x76,0x61,0x6c,0x75,0x65,0x5f,0x6b,0x69,
        0x6e,0x64,0xa8,0x62,0x79,0x5f,0x76,0x61,0x6c,0x75,0x65,0xab,0x2e,0x76,0x61,0x6c,
        0x75,0x65,0x5f,0x74,0x79,0x70,0x65,0xa3,0x69,0x33,0x32,0x85,0xa5,0x2e,0x6e,0x61,
        0x6d,0x65,0xab,0x69,0x6e,0x5f,0x73,0x74,0x72,0x69,0x64,0x65,0x5f,0x77,0xa7,0x2e,
        0x6f,0x66,0x66,0x73,0x65,0x74,0x4c,0xa5,0x2e,0x73,0x69,0x7a,0x65,0x04,0xab,0x2e,
        0x76,0x61,0x6c,0x75,0x65,0x5f,0x6b,0x69,0x6e,0x64,0xa8,0x62,0x79,0x5f,0x76,0x61,
        0x6c,0x75,0x65,0xab,0x2e,0x76,0x61,0x6c,0x75,0x65,0x5f,0x74,0x79,0x70,0x65,0xa3,
        0x69,0x33,0x32,0x85,0xa5,0x2e,0x6e,0x61,0x6d,0x65,0xac,0x6f,0x75,0x74,0x5f,0x73,
        0x74,0x72,0x69,0x64,0x65,0x5f,0x6e,0xa7,0x2e,0x6f,0x66,0x66,0x73,0x65,0x74,0x50,
        0xa5,0x2e,0x73,0x69,0x7a,0x65,0x04,0xab,0x2e,0x76,0x61,0x6c,0x75,0x65,0x5f,0x6b,
        0x69,0x6e,0x64,0xa8,0x62,0x79,0x5f,0x76,0x61,0x6c,0x75,0x65,0xab,0x2e,0x76,0x61,
        0x6c,0x75,0x65,0x5f,0x74,0x79,0x70,0x65,0xa3,0x69,0x33,0x32,0x85,0xa5,0x2e,0x6e,
        0x61,0x6d,0x65,0xac,0x6f,0x75,0x74,0x5f,0x73,0x74,0x72,0x69,0x64,0x65,0x5f,0x6b,
        0xa7,0x2e,0x6f,0x66,0x66,0x73,0x65,0x74,0x54,0xa5,0x2e,0x73,0x69,0x7a,0x65,0x04,
        0xab,0x2e,0x76,0x61,0x6c,0x75,0x65,0x5f,0x6b,0x69,0x6e,0x64,0xa8,0x62,0x79,0x5f,
        0x76,0x61,0x6c,0x75,0x65,0xab,0x2e,0x76,0x61,0x6c,0x75,0x65,0x5f,0x74,0x79,0x70,
        0x65,0xa3,0x69,0x33,0x32,0x85,0xa5,0x2e,0x6e,0x61,0x6d,0x65,0xac,0x6f,0x75,0x74,
        0x5f,0x73,0x74,0x72,0x69,0x64,0x65,0x5f,0x68,0xa7,0x2e,0x6f,0x66,0x66,0x73,0x65,
        0x74,0x58,0xa5,0x2e,0x73,0x69,0x7a,0x65,0x04,0xab,0x2e,0x76,0x61,0x6c,0x75,0x65,
        0x5f,0x6b,0x69,0x6e,0x64,0xa8,0x62,0x79,0x5f,0x76,0x61,0x6c,0x75,0x65,0xab,0x2e,
        0x76,0x61,0x6c,0x75,0x65,0x5f,0x74,0x79,0x70,0x65,0xa3,0x69,0x33,0x32,0x85,0xa5,
        0x2e,0x6e,0x61,0x6d,0x65,0xac,0x6f,0x75,0x74,0x5f,0x73,0x74,0x72,0x69,0x64,0x65,
        0x5f,0x77,0xa7,0x2e,0x6f,0x66,0x66,0x73,0x65,0x74,0x5c,0xa5,0x2e,0x73,0x69,0x7a,
        0x65,0x04,0xab,0x2e,0x76,0x61,0x6c,0x75,0x65,0x5f,0x6b,0x69,0x6e,0x64,0xa8,0x62,
        0x79,0x5f,0x76,0x61,0x6c,0x75,0x65,0xab,0x2e,0x76,0x61,0x6c,0x75,0x65,0x5f,0x74,
        0x79,0x70,0x65,0xa3,0x69,0x33,0x32,0x85,0xa5,0x2e,0x6e,0x61,0x6d,0x65,0xa9,0x73,
        0x74,0x72,0x69,0x64,0x65,0x5f,0x68,0x77,0xa7,0x2e,0x6f,0x66,0x66,0x73,0x65,0x74,
        0x60,0xa5,0x2e,0x73,0x69,0x7a,0x65,0x04,0xab,0x2e,0x76,0x61,0x6c,0x75,0x65,0x5f,
        0x6b,0x69,0x6e,0x64,0xa8,0x62,0x79,0x5f,0x76,0x61,0x6c,0x75,0x65,0xab,0x2e,0x76,
        0x61,0x6c,0x75,0x65,0x5f,0x74,0x79,0x70,0x65,0xa3,0x69,0x33,0x32,0x85,0xa5,0x2e,
        0x6e,0x61,0x6d,0x65,0xab,0x64,0x69,0x6c,0x61,0x74,0x69,0x6f,0x6e,0x5f,0x68,0x77,
        0xa7,0x2e,0x6f,0x66,0x66,0x73,0x65,0x74,0x64,0xa5,0x2e,0x73,0x69,0x7a,0x65,0x04,
        0xab,0x2e,0x76,0x61,0x6c,0x75,0x65,0x5f,0x6b,0x69,0x6e,0x64,0xa8,0x62,0x79,0x5f,
        0x76,0x61,0x6c,0x75,0x65,0xab,0x2e,0x76,0x61,0x6c,0x75,0x65,0x5f,0x74,0x79,0x70,
        0x65,0xa3,0x69,0x33,0x32,0x85,0xa5,0x2e,0x6e,0x61,0x6d,0x65,0xa6,0x70,0x61,0x64,
        0x5f,0x68,0x77,0xa7,0x2e,0x6f,0x66,0x66,0x73,0x65,0x74,0x68,0xa5,0x2e,0x73,0x69,
        0x7a,0x65,0x04,0xab,0x2e,0x76,0x61,0x6c,0x75,0x65,0x5f,0x6b,0x69,0x6e,0x64,0xa8,
        0x62,0x79,0x5f,0x76,0x61,0x6c,0x75,0x65,0xab,0x2e,0x76,0x61,0x6c,0x75,0x65,0x5f,
        0x74,0x79,0x70,0x65,0xa3,0x69,0x33,0x32,0x85,0xa5,0x2e,0x6e,0x61,0x6d,0x65,0xa6,
        0x77,0x65,0x69,0x5f,0x68,0x77,0xa7,0x2e,0x6f,0x66,0x66,0x73,0x65,0x74,0x6c,0xa5,
        0x2e,0x73,0x69,0x7a,0x65,0x04,0xab,0x2e,0x76,0x61,0x6c,0x75,0x65,0x5f,0x6b,0x69,
        0x6e,0x64,0xa8,0x62,0x79,0x5f,0x76,0x61,0x6c,0x75,0x65,0xab,0x2e,0x76,0x61,0x6c,
        0x75,0x65,0x5f,0x74,0x79,0x70,0x65,0xa3,0x69,0x33,0x32,0x85,0xa5,0x2e,0x6e,0x61,
        0x6d,0x65,0xac,0x6d,0x6f,0x76,0x65,0x5f,0x73,0x6c,0x69,0x63,0x65,0x5f,0x6b,0xa7,
        0x2e,0x6f,0x66,0x66,0x73,0x65,0x74,0x70,0xa5,0x2e,0x73,0x69,0x7a,0x65,0x04,0xab,
        0x2e,0x76,0x61,0x6c,0x75,0x65,0x5f,0x6b,0x69,0x6e,0x64,0xa8,0x62,0x79,0x5f,0x76,
        0x61,0x6c,0x75,0x65,0xab,0x2e,0x76,0x61,0x6c,0x75,0x65,0x5f,0x74,0x79,0x70,0x65,
        0xa3,0x69,0x33,0x32,0x85,0xa5,0x2e,0x6e,0x61,0x6d,0x65,0xa7,0x6d,0x61,0x67,0x69,
        0x63,0x5f,0x30,0xa7,0x2e,0x6f,0x66,0x66,0x73,0x65,0x74,0x74,0xa5,0x2e,0x73,0x69,
        0x7a,0x65,0x04,0xab,0x2e,0x76,0x61,0x6c,0x75,0x65,0x5f,0x6b,0x69,0x6e,0x64,0xa8,
        0x62,0x79,0x5f,0x76,0x61,0x6c,0x75,0x65,0xab,0x2e,0x76,0x61,0x6c,0x75,0x65,0x5f,
        0x74,0x79,0x70,0x65,0xa3,0x69,0x33,0x32,0x85,0xa5,0x2e,0x6e,0x61,0x6d,0x65,0xa7,
        0x6d,0x61,0x67,0x69,0x63,0x5f,0x31,0xa7,0x2e,0x6f,0x66,0x66,0x73,0x65,0x74,0x78,
        0xa5,0x2e,0x73,0x69,0x7a,0x65,0x04,0xab,0x2e,0x76,0x61,0x6c,0x75,0x65,0x5f,0x6b,
        0x69,0x6e,0x64,0xa8,0x62,0x79,0x5f,0x76,0x61,0x6c,0x75,0x65,0xab,0x2e,0x76,0x61,
        0x6c,0x75,0x65,0x5f,0x74,0x79,0x70,0x65,0xa3,0x69,0x33,0x32,0x85,0xa5,0x2e,0x6e,
        0x61,0x6d,0x65,0xa7,0x6d,0x61,0x67,0x69,0x63,0x5f,0x32,0xa7,0x2e,0x6f,0x66,0x66,
        0x73,0x65,0x74,0x7c,0xa5,0x2e,0x73,0x69,0x7a,0x65,0x04,0xab,0x2e,0x76,0x61,0x6c,
        0x75,0x65,0x5f,0x6b,0x69,0x6e,0x64,0xa8,0x62,0x79,0x5f,0x76,0x61,0x6c,0x75,0x65,
        0xab,0x2e,0x76,0x61,0x6c,0x75,0x65,0x5f,0x74,0x79,0x70,0x65,0xa3,0x69,0x33,0x32,
        0x85,0xa5,0x2e,0x6e,0x61,0x6d,0x65,0xa7,0x6d,0x61,0x67,0x69,0x63,0x5f,0x33,0xa7,
        0x2e,0x6f,0x66,0x66,0x73,0x65,0x74,0xcc,0x80,0xa5,0x2e,0x73,0x69,0x7a,0x65,0x04,
        0xab,0x2e,0x76,0x61,0x6c,0x75,0x65,0x5f,0x6b,0x69,0x6e,0x64,0xa8,0x62,0x79,0x5f,
        0x76,0x61,0x6c,0x75,0x65,0xab,0x2e,0x76,0x61,0x6c,0x75,0x65,0x5f,0x74,0x79,0x70,
        0x65,0xa3,0x69,0x33,0x32,0x85,0xa5,0x2e,0x6e,0x61,0x6d,0x65,0xa7,0x6d,0x61,0x67,
        0x69,0x63,0x5f,0x34,0xa7,0x2e,0x6f,0x66,0x66,0x73,0x65,0x74,0xcc,0x84,0xa5,0x2e,
        0x73,0x69,0x7a,0x65,0x04,0xab,0x2e,0x76,0x61,0x6c,0x75,0x65,0x5f,0x6b,0x69,0x6e,
        0x64,0xa8,0x62,0x79,0x5f,0x76,0x61,0x6c,0x75,0x65,0xab,0x2e,0x76,0x61,0x6c,0x75,
        0x65,0x5f,0x74,0x79,0x70,0x65,0xa3,0x69,0x33,0x32,0x85,0xa5,0x2e,0x6e,0x61,0x6d,
        0x65,0xa7,0x6d,0x61,0x67,0x69,0x63,0x5f,0x35,0xa7,0x2e,0x6f,0x66,0x66,0x73,0x65,
        0x74,0xcc,0x88,0xa5,0x2e,0x73,0x69,0x7a,0x65,0x04,0xab,0x2e,0x76,0x61,0x6c,0x75,
        0x65,0x5f,0x6b,0x69,0x6e,0x64,0xa8,0x62,0x79,0x5f,0x76,0x61,0x6c,0x75,0x65,0xab,
        0x2e,0x76,0x61,0x6c,0x75,0x65,0x5f,0x74,0x79,0x70,0x65,0xa3,0x69,0x33,0x32,0x85,
        0xa5,0x2e,0x6e,0x61,0x6d,0x65,0xac,0x73,0x68,0x69,0x66,0x74,0x5f,0x70,0x61,0x63,
        0x6b,0x5f,0x30,0xa7,0x2e,0x6f,0x66,0x66,0x73,0x65,0x74,0xcc,0x8c,0xa5,0x2e,0x73,
        0x69,0x7a,0x65,0x04,0xab,0x2e,0x76,0x61,0x6c,0x75,0x65,0x5f,0x6b,0x69,0x6e,0x64,
        0xa8,0x62,0x79,0x5f,0x76,0x61,0x6c,0x75,0x65,0xab,0x2e,0x76,0x61,0x6c,0x75,0x65,
        0x5f,0x74,0x79,0x70,0x65,0xa3,0x69,0x33,0x32,0x85,0xa5,0x2e,0x6e,0x61,0x6d,0x65,
        0xac,0x73,0x68,0x69,0x66,0x74,0x5f,0x70,0x61,0x63,0x6b,0x5f,0x31,0xa7,0x2e,0x6f,
        0x66,0x66,0x73,0x65,0x74,0xcc,0x90,0xa5,0x2e,0x73,0x69,0x7a,0x65,0x04,0xab,0x2e,
        0x76,0x61,0x6c,0x75,0x65,0x5f,0x6b,0x69,0x6e,0x64,0xa8,0x62,0x79,0x5f,0x76,0x61,
        0x6c,0x75,0x65,0xab,0x2e,0x76,0x61,0x6c,0x75,0x65,0x5f,0x74,0x79,0x70,0x65,0xa3,
        0x69,0x33,0x32,0xb9,0x2e,0x67,0x72,0x6f,0x75,0x70,0x5f,0x73,0x65,0x67,0x6d,0x65,
        0x6e,0x74,0x5f,0x66,0x69,0x78,0x65,0x64,0x5f,0x73,0x69,0x7a,0x65,0xcd,0x30,0x00,
        0xb6,0x2e,0x6b,0x65,0x72,0x6e,0x61,0x72,0x67,0x5f,0x73,0x65,0x67,0x6d,0x65,0x6e,
        0x74,0x5f,0x61,0x6c,0x69,0x67,0x6e,0x08,0xb5,0x2e,0x6b,0x65,0x72,0x6e,0x61,0x72,
        0x67,0x5f,0x73,0x65,0x67,0x6d,0x65,0x6e,0x74,0x5f,0x73,0x69,0x7a,0x65,0xcc,0x98,
        0xb8,0x2e,0x6d,0x61,0x78,0x5f,0x66,0x6c,0x61,0x74,0x5f,0x77,0x6f,0x72,0x6b,0x67,
        0x72,0x6f,0x75,0x70,0x5f,0x73,0x69,0x7a,0x65,0xcc,0x80,0xa5,0x2e,0x6e,0x61,0x6d,
        0x65,0xd9,0x60,0x63,0x6f,0x6e,0x76,0x5f,0x66,0x77,0x64,0x5f,0x67,0x74,0x63,0x77,
        0x33,0x5f,0x6e,0x68,0x77,0x63,0x5f,0x66,0x70,0x31,0x36,0x78,0x38,0x5f,0x65,0x78,
        0x31,0x5f,0x62,0x74,0x33,0x32,0x78,0x31,0x36,0x30,0x78,0x33,0x32,0x5f,0x77,0x72,
        0x31,0x78,0x35,0x5f,0x77,0x6e,0x32,0x78,0x32,0x5f,0x74,0x61,0x31,0x78,0x38,0x78,
        0x31,0x78,0x31,0x5f,0x31,0x78,0x34,0x78,0x31,0x78,0x33,0x32,0x5f,0x74,0x62,0x31,
        0x78,0x38,0x78,0x35,0x78,0x31,0x5f,0x31,0x78,0x34,0x78,0x31,0x78,0x33,0x32,0x5f,
        0x6d,0x62,0x30,0xbb,0x2e,0x70,0x72,0x69,0x76,0x61,0x74,0x65,0x5f,0x73,0x65,0x67,
        0x6d,0x65,0x6e,0x74,0x5f,0x66,0x69,0x78,0x65,0x64,0x5f,0x73,0x69,0x7a,0x65,0x00,
        0xb4,0x2e,0x72,0x65,0x71,0x64,0x5f,0x77,0x6f,0x72,0x6b,0x67,0x72,0x6f,0x75,0x70,
        0x5f,0x73,0x69,0x7a,0x65,0x93,0xcc,0x80,0x01,0x01,0xab,0x2e,0x73,0x67,0x70,0x72,
        0x5f,0x63,0x6f,0x75,0x6e,0x74,0x52,0xa7,0x2e,0x73,0x79,0x6d,0x62,0x6f,0x6c,0xd9,
        0x63,0x63,0x6f,0x6e,0x76,0x5f,0x66,0x77,0x64,0x5f,0x67,0x74,0x63,0x77,0x33,0x5f,
        0x6e,0x68,0x77,0x63,0x5f,0x66,0x70,0x31,0x36,0x78,0x38,0x5f,0x65,0x78,0x31,0x5f,
        0x62,0x74,0x33,0x32,0x78,0x31,0x36,0x30,0x78,0x33,0x32,0x5f,0x77,0x72,0x31,0x78,
        0x35,0x5f,0x77,0x6e,0x32,0x78,0x32,0x5f,0x74,0x61,0x31,0x78,0x38,0x78,0x31,0x78,
        0x31,0x5f,0x31,0x78,0x34,0x78,0x31,0x78,0x33,0x32,0x5f,0x74,0x62,0x31,0x78,0x38,
        0x78,0x35,0x78,0x31,0x5f,0x31,0x78,0x34,0x78,0x31,0x78,0x33,0x32,0x5f,0x6d,0x62,
        0x30,0x2e,0x6b,0x64,0xab,0x2e,0x76,0x67,0x70,0x72,0x5f,0x63,0x6f,0x75,0x6e,0x74,
        0xcc,0x82,0xaf,0x2e,0x77,0x61,0x76,0x65,0x66,0x72,0x6f,0x6e,0x74,0x5f,0x73,0x69,
        0x7a,0x65,0x20,0xae,0x61,0x6d,0x64,0x68,0x73,0x61,0x2e,0x76,0x65,0x72,0x73,0x69,
        0x6f,0x6e,0x92,0x01,0x00,0x00,0x00,0x00,0x00,0x00,0x00,0x00,0x00,0x00,0x00,0x00,
        0x00,0x00,0x00,0x00,0x00,0x00,0x00,0x00,0x00,0x00,0x00,0x00,0x00,0x00,0x00,0x00,
        0x0e,0x05,0x00,0x00,0x00,0x00,0xf1,0xff,0x00,0x00,0x00,0x00,0x00,0x00,0x00,0x00,
        0x00,0x00,0x00,0x00,0x00,0x00,0x00,0x00,0xb6,0x05,0x00,0x00,0x00,0x00,0xf1,0xff,
        0x29,0x00,0x00,0x00,0x00,0x00,0x00,0x00,0x00,0x00,0x00,0x00,0x00,0x00,0x00,0x00,
        0x98,0x05,0x00,0x00,0x00,0x00,0xf1,0xff,0x32,0x00,0x00,0x00,0x00,0x00,0x00,0x00,
        0x00,0x00,0x00,0x00,0x00,0x00,0x00,0x00,0xba,0x05,0x00,0x00,0x00,0x00,0xf1,0xff,
        0x43,0x00,0x00,0x00,0x00,0x00,0x00,0x00,0x00,0x00,0x00,0x00,0x00,0x00,0x00,0x00,
        0x9c,0x05,0x00,0x00,0x00,0x00,0xf1,0xff,0x47,0x00,0x00,0x00,0x00,0x00,0x00,0x00,
        0x00,0x00,0x00,0x00,0x00,0x00,0x00,0x00,0xc8,0x01,0x00,0x00,0x00,0x00,0xf1,0xff,
        0x5b,0x00,0x00,0x00,0x00,0x00,0x00,0x00,0x00,0x00,0x00,0x00,0x00,0x00,0x00,0x00,
        0xd3,0x01,0x00,0x00,0x00,0x00,0xf1,0xff,0x5c,0x00,0x00,0x00,0x00,0x00,0x00,0x00,
        0x00,0x00,0x00,0x00,0x00,0x00,0x00,0x00,0xb2,0x01,0x00,0x00,0x00,0x00,0xf1,0xff,
        0x5d,0x00,0x00,0x00,0x00,0x00,0x00,0x00,0x00,0x00,0x00,0x00,0x00,0x00,0x00,0x00,
        0xbd,0x01,0x00,0x00,0x00,0x00,0xf1,0xff,0x5e,0x00,0x00,0x00,0x00,0x00,0x00,0x00,
        0x00,0x00,0x00,0x00,0x00,0x00,0x00,0x00,0x93,0x01,0x00,0x00,0x00,0x00,0xf1,0xff,
        0x5f,0x00,0x00,0x00,0x00,0x00,0x00,0x00,0x00,0x00,0x00,0x00,0x00,0x00,0x00,0x00,
        0x03,0x01,0x00,0x00,0x00,0x00,0xf1,0xff,0x64,0x00,0x00,0x00,0x00,0x00,0x00,0x00,
        0x00,0x00,0x00,0x00,0x00,0x00,0x00,0x00,0x07,0x04,0x00,0x00,0x00,0x00,0xf1,0xff,
        0x69,0x00,0x00,0x00,0x00,0x00,0x00,0x00,0x00,0x00,0x00,0x00,0x00,0x00,0x00,0x00,
        0x71,0x02,0x00,0x00,0x00,0x00,0xf1,0xff,0x6e,0x00,0x00,0x00,0x00,0x00,0x00,0x00,
        0x00,0x00,0x00,0x00,0x00,0x00,0x00,0x00,0x9b,0x01,0x00,0x00,0x00,0x00,0xf1,0xff,
        0x6f,0x00,0x00,0x00,0x00,0x00,0x00,0x00,0x00,0x00,0x00,0x00,0x00,0x00,0x00,0x00,
        0x05,0x05,0x00,0x00,0x00,0x00,0xf1,0xff,0x70,0x00,0x00,0x00,0x00,0x00,0x00,0x00,
        0x00,0x00,0x00,0x00,0x00,0x00,0x00,0x00,0x24,0x04,0x00,0x00,0x00,0x00,0xf1,0xff,
        0x71,0x00,0x00,0x00,0x00,0x00,0x00,0x00,0x00,0x00,0x00,0x00,0x00,0x00,0x00,0x00,
        0x06,0x00,0x00,0x00,0x00,0x00,0xf1,0xff,0x72,0x00,0x00,0x00,0x00,0x00,0x00,0x00,
        0x00,0x00,0x00,0x00,0x00,0x00,0x00,0x00,0x29,0x00,0x00,0x00,0x00,0x00,0xf1,0xff,
        0x73,0x00,0x00,0x00,0x00,0x00,0x00,0x00,0x00,0x00,0x00,0x00,0x00,0x00,0x00,0x00,
        0x6f,0x05,0x00,0x00,0x00,0x00,0xf1,0xff,0x74,0x00,0x00,0x00,0x00,0x00,0x00,0x00,
        0x00,0x00,0x00,0x00,0x00,0x00,0x00,0x00,0x5b,0x02,0x00,0x00,0x00,0x00,0xf1,0xff,
        0x75,0x00,0x00,0x00,0x00,0x00,0x00,0x00,0x00,0x00,0x00,0x00,0x00,0x00,0x00,0x00,
        0xb4,0x02,0x00,0x00,0x00,0x00,0xf1,0xff,0x76,0x00,0x00,0x00,0x00,0x00,0x00,0x00,
        0x00,0x00,0x00,0x00,0x00,0x00,0x00,0x00,0xfa,0x00,0x00,0x00,0x00,0x00,0xf1,0xff,
        0x75,0x00,0x00,0x00,0x00,0x00,0x00,0x00,0x00,0x00,0x00,0x00,0x00,0x00,0x00,0x00,
        0x98,0x04,0x00,0x00,0x00,0x00,0xf1,0xff,0x77,0x00,0x00,0x00,0x00,0x00,0x00,0x00,
        0x00,0x00,0x00,0x00,0x00,0x00,0x00,0x00,0x63,0x02,0x00,0x00,0x00,0x00,0xf1,0xff,
        0x78,0x00,0x00,0x00,0x00,0x00,0x00,0x00,0x00,0x00,0x00,0x00,0x00,0x00,0x00,0x00,
        0xa1,0x02,0x00,0x00,0x00,0x00,0xf1,0xff,0x79,0x00,0x00,0x00,0x00,0x00,0x00,0x00,
        0x00,0x00,0x00,0x00,0x00,0x00,0x00,0x00,0xcc,0x02,0x00,0x00,0x00,0x00,0xf1,0xff,
        0x75,0x00,0x00,0x00,0x00,0x00,0x00,0x00,0x00,0x00,0x00,0x00,0x00,0x00,0x00,0x00,
        0xab,0x02,0x00,0x00,0x00,0x00,0xf1,0xff,0x79,0x00,0x00,0x00,0x00,0x00,0x00,0x00,
        0x00,0x00,0x00,0x00,0x00,0x00,0x00,0x00,0xf4,0x02,0x00,0x00,0x00,0x00,0xf1,0xff,
        0x77,0x00,0x00,0x00,0x00,0x00,0x00,0x00,0x00,0x00,0x00,0x00,0x00,0x00,0x00,0x00,
        0x65,0x05,0x00,0x00,0x00,0x00,0xf1,0xff,0x74,0x00,0x00,0x00,0x00,0x00,0x00,0x00,
        0x00,0x00,0x00,0x00,0x00,0x00,0x00,0x00,0xfc,0x03,0x00,0x00,0x00,0x00,0xf1,0xff,
        0x76,0x00,0x00,0x00,0x00,0x00,0x00,0x00,0x00,0x00,0x00,0x00,0x00,0x00,0x00,0x00,
        0x4b,0x02,0x00,0x00,0x00,0x00,0xf1,0xff,0x5b,0x00,0x00,0x00,0x00,0x00,0x00,0x00,
        0x00,0x00,0x00,0x00,0x00,0x00,0x00,0x00,0x31,0x02,0x00,0x00,0x00,0x00,0xf1,0xff,
        0x5c,0x00,0x00,0x00,0x00,0x00,0x00,0x00,0x00,0x00,0x00,0x00,0x00,0x00,0x00,0x00,
        0x0d,0x02,0x00,0x00,0x00,0x00,0xf1,0xff,0x5d,0x00,0x00,0x00,0x00,0x00,0x00,0x00,
        0x00,0x00,0x00,0x00,0x00,0x00,0x00,0x00,0x8a,0x01,0x00,0x00,0x00,0x00,0xf1,0xff,
        0x5f,0x00,0x00,0x00,0x00,0x00,0x00,0x00,0x00,0x00,0x00,0x00,0x00,0x00,0x00,0x00,
        0x60,0x00,0x00,0x00,0x00,0x00,0xf1,0xff,0x71,0x00,0x00,0x00,0x00,0x00,0x00,0x00,
        0x00,0x00,0x00,0x00,0x00,0x00,0x00,0x00,0x45,0x05,0x00,0x00,0x00,0x00,0xf1,0xff,
        0x74,0x00,0x00,0x00,0x00,0x00,0x00,0x00,0x00,0x00,0x00,0x00,0x00,0x00,0x00,0x00,
        0x01,0x02,0x00,0x00,0x00,0x00,0xf1,0xff,0x7a,0x00,0x00,0x00,0x00,0x00,0x00,0x00,
        0x00,0x00,0x00,0x00,0x00,0x00,0x00,0x00,0xb1,0x05,0x00,0x00,0x00,0x00,0xf1,0xff,
        0x00,0x00,0x00,0x00,0x00,0x00,0x00,0x00,0x00,0x00,0x00,0x00,0x00,0x00,0x00,0x00,
        0x32,0x00,0x00,0x00,0x00,0x00,0xf1,0xff,0x02,0x00,0x00,0x00,0x00,0x00,0x00,0x00,
        0x00,0x00,0x00,0x00,0x00,0x00,0x00,0x00,0x0f,0x00,0x00,0x00,0x00,0x00,0xf1,0xff,
        0x03,0x00,0x00,0x00,0x00,0x00,0x00,0x00,0x00,0x00,0x00,0x00,0x00,0x00,0x00,0x00,
        0x01,0x00,0x00,0x00,0x00,0x00,0xf1,0xff,0x04,0x00,0x00,0x00,0x00,0x00,0x00,0x00,
        0x00,0x00,0x00,0x00,0x00,0x00,0x00,0x00,0x9a,0x02,0x00,0x00,0x00,0x00,0xf1,0xff,
        0x05,0x00,0x00,0x00,0x00,0x00,0x00,0x00,0x00,0x00,0x00,0x00,0x00,0x00,0x00,0x00,
        0xde,0x01,0x00,0x00,0x00,0x00,0xf1,0xff,0x06,0x00,0x00,0x00,0x00,0x00,0x00,0x00,
        0x00,0x00,0x00,0x00,0x00,0x00,0x00,0x00,0x15,0x04,0x00,0x00,0x00,0x00,0xf1,0xff,
        0x07,0x00,0x00,0x00,0x00,0x00,0x00,0x00,0x00,0x00,0x00,0x00,0x00,0x00,0x00,0x00,
        0x33,0x03,0x00,0x00,0x00,0x00,0xf1,0xff,0x08,0x00,0x00,0x00,0x00,0x00,0x00,0x00,
        0x00,0x00,0x00,0x00,0x00,0x00,0x00,0x00,0x2e,0x03,0x00,0x00,0x00,0x00,0xf1,0xff,
        0x09,0x00,0x00,0x00,0x00,0x00,0x00,0x00,0x00,0x00,0x00,0x00,0x00,0x00,0x00,0x00,
        0x6d,0x02,0x00,0x00,0x00,0x00,0xf1,0xff,0x0a,0x00,0x00,0x00,0x00,0x00,0x00,0x00,
        0x00,0x00,0x00,0x00,0x00,0x00,0x00,0x00,0xd3,0x02,0x00,0x00,0x00,0x00,0xf1,0xff,
        0x0b,0x00,0x00,0x00,0x00,0x00,0x00,0x00,0x00,0x00,0x00,0x00,0x00,0x00,0x00,0x00,
        0x12,0x05,0x00,0x00,0x00,0x00,0xf1,0xff,0x0c,0x00,0x00,0x00,0x00,0x00,0x00,0x00,
        0x00,0x00,0x00,0x00,0x00,0x00,0x00,0x00,0x11,0x04,0x00,0x00,0x00,0x00,0xf1,0xff,
        0x0d,0x00,0x00,0x00,0x00,0x00,0x00,0x00,0x00,0x00,0x00,0x00,0x00,0x00,0x00,0x00,
        0x46,0x02,0x00,0x00,0x00,0x00,0xf1,0xff,0x0e,0x00,0x00,0x00,0x00,0x00,0x00,0x00,
        0x00,0x00,0x00,0x00,0x00,0x00,0x00,0x00,0x22,0x02,0x00,0x00,0x00,0x00,0xf1,0xff,
        0x0f,0x00,0x00,0x00,0x00,0x00,0x00,0x00,0x00,0x00,0x00,0x00,0x00,0x00,0x00,0x00,
        0x8c,0x02,0x00,0x00,0x00,0x00,0xf1,0xff,0x10,0x00,0x00,0x00,0x00,0x00,0x00,0x00,
        0x00,0x00,0x00,0x00,0x00,0x00,0x00,0x00,0x37,0x05,0x00,0x00,0x00,0x00,0xf1,0xff,
        0x11,0x00,0x00,0x00,0x00,0x00,0x00,0x00,0x00,0x00,0x00,0x00,0x00,0x00,0x00,0x00,
        0x76,0x03,0x00,0x00,0x00,0x00,0xf1,0xff,0x12,0x00,0x00,0x00,0x00,0x00,0x00,0x00,
        0x00,0x00,0x00,0x00,0x00,0x00,0x00,0x00,0xd6,0x00,0x00,0x00,0x00,0x00,0xf1,0xff,
        0x13,0x00,0x00,0x00,0x00,0x00,0x00,0x00,0x00,0x00,0x00,0x00,0x00,0x00,0x00,0x00,
        0x7d,0x02,0x00,0x00,0x00,0x00,0xf1,0xff,0x14,0x00,0x00,0x00,0x00,0x00,0x00,0x00,
        0x00,0x00,0x00,0x00,0x00,0x00,0x00,0x00,0x01,0x03,0x00,0x00,0x00,0x00,0xf1,0xff,
        0x15,0x00,0x00,0x00,0x00,0x00,0x00,0x00,0x00,0x00,0x00,0x00,0x00,0x00,0x00,0x00,
        0x5c,0x03,0x00,0x00,0x00,0x00,0xf1,0xff,0x16,0x00,0x00,0x00,0x00,0x00,0x00,0x00,
        0x00,0x00,0x00,0x00,0x00,0x00,0x00,0x00,0xbc,0x00,0x00,0x00,0x00,0x00,0xf1,0xff,
        0x17,0x00,0x00,0x00,0x00,0x00,0x00,0x00,0x00,0x00,0x00,0x00,0x00,0x00,0x00,0x00,
        0x8b,0x00,0x00,0x00,0x00,0x00,0xf1,0xff,0x18,0x00,0x00,0x00,0x00,0x00,0x00,0x00,
        0x00,0x00,0x00,0x00,0x00,0x00,0x00,0x00,0x74,0x00,0x00,0x00,0x00,0x00,0xf1,0xff,
        0x19,0x00,0x00,0x00,0x00,0x00,0x00,0x00,0x00,0x00,0x00,0x00,0x00,0x00,0x00,0x00,
        0x97,0x00,0x00,0x00,0x00,0x00,0xf1,0xff,0x1a,0x00,0x00,0x00,0x00,0x00,0x00,0x00,
        0x00,0x00,0x00,0x00,0x00,0x00,0x00,0x00,0x82,0x00,0x00,0x00,0x00,0x00,0xf1,0xff,
        0x1b,0x00,0x00,0x00,0x00,0x00,0x00,0x00,0x00,0x00,0x00,0x00,0x00,0x00,0x00,0x00,
        0x54,0x02,0x00,0x00,0x00,0x00,0xf1,0xff,0x1c,0x00,0x00,0x00,0x00,0x00,0x00,0x00,
        0x00,0x00,0x00,0x00,0x00,0x00,0x00,0x00,0x38,0x03,0x00,0x00,0x00,0x00,0xf1,0xff,
        0x20,0x00,0x00,0x00,0x00,0x00,0x00,0x00,0x00,0x00,0x00,0x00,0x00,0x00,0x00,0x00,
        0xf2,0x00,0x00,0x00,0x00,0x00,0xf1,0xff,0x24,0x00,0x00,0x00,0x00,0x00,0x00,0x00,
        0x00,0x00,0x00,0x00,0x00,0x00,0x00,0x00,0x73,0x06,0x00,0x00,0x00,0x00,0xf1,0xff,
        0x28,0x00,0x00,0x00,0x00,0x00,0x00,0x00,0x00,0x00,0x00,0x00,0x00,0x00,0x00,0x00,
        0xf9,0x05,0x00,0x00,0x00,0x00,0xf1,0xff,0x29,0x00,0x00,0x00,0x00,0x00,0x00,0x00,
        0x00,0x00,0x00,0x00,0x00,0x00,0x00,0x00,0xe0,0x05,0x00,0x00,0x00,0x00,0xf1,0xff,
        0x2a,0x00,0x00,0x00,0x00,0x00,0x00,0x00,0x00,0x00,0x00,0x00,0x00,0x00,0x00,0x00,
        0xd6,0x05,0x00,0x00,0x00,0x00,0xf1,0xff,0x2b,0x00,0x00,0x00,0x00,0x00,0x00,0x00,
        0x00,0x00,0x00,0x00,0x00,0x00,0x00,0x00,0xcc,0x05,0x00,0x00,0x00,0x00,0xf1,0xff,
        0x2c,0x00,0x00,0x00,0x00,0x00,0x00,0x00,0x00,0x00,0x00,0x00,0x00,0x00,0x00,0x00,
        0xc2,0x05,0x00,0x00,0x00,0x00,0xf1,0xff,0x2d,0x00,0x00,0x00,0x00,0x00,0x00,0x00,
        0x00,0x00,0x00,0x00,0x00,0x00,0x00,0x00,0x64,0x06,0x00,0x00,0x00,0x00,0xf1,0xff,
        0x2e,0x00,0x00,0x00,0x00,0x00,0x00,0x00,0x00,0x00,0x00,0x00,0x00,0x00,0x00,0x00,
        0xea,0x05,0x00,0x00,0x00,0x00,0xf1,0xff,0x2f,0x00,0x00,0x00,0x00,0x00,0x00,0x00,
        0x00,0x00,0x00,0x00,0x00,0x00,0x00,0x00,0x1f,0x03,0x00,0x00,0x00,0x00,0xf1,0xff,
        0x30,0x00,0x00,0x00,0x00,0x00,0x00,0x00,0x00,0x00,0x00,0x00,0x00,0x00,0x00,0x00,
        0x18,0x00,0x00,0x00,0x00,0x00,0xf1,0xff,0x31,0x00,0x00,0x00,0x00,0x00,0x00,0x00,
        0x00,0x00,0x00,0x00,0x00,0x00,0x00,0x00,0x3b,0x00,0x00,0x00,0x00,0x00,0xf1,0xff,
        0x32,0x00,0x00,0x00,0x00,0x00,0x00,0x00,0x00,0x00,0x00,0x00,0x00,0x00,0x00,0x00,
        0x16,0x05,0x00,0x00,0x00,0x00,0xf1,0xff,0x30,0x00,0x00,0x00,0x00,0x00,0x00,0x00,
        0x00,0x00,0x00,0x00,0x00,0x00,0x00,0x00,0xf3,0x01,0x00,0x00,0x00,0x00,0xf1,0xff,
        0x33,0x00,0x00,0x00,0x00,0x00,0x00,0x00,0x00,0x00,0x00,0x00,0x00,0x00,0x00,0x00,
        0xe5,0x01,0x00,0x00,0x00,0x00,0xf1,0xff,0x34,0x00,0x00,0x00,0x00,0x00,0x00,0x00,
        0x00,0x00,0x00,0x00,0x00,0x00,0x00,0x00,0x6b,0x03,0x00,0x00,0x00,0x00,0xf1,0xff,
        0x35,0x00,0x00,0x00,0x00,0x00,0x00,0x00,0x00,0x00,0x00,0x00,0x00,0x00,0x00,0x00,
        0xcb,0x00,0x00,0x00,0x00,0x00,0xf1,0xff,0x18,0x00,0x00,0x00,0x00,0x00,0x00,0x00,
        0x00,0x00,0x00,0x00,0x00,0x00,0x00,0x00,0x4f,0x03,0x00,0x00,0x00,0x00,0xf1,0xff,
        0x36,0x00,0x00,0x00,0x00,0x00,0x00,0x00,0x00,0x00,0x00,0x00,0x00,0x00,0x00,0x00,
        0xaf,0x00,0x00,0x00,0x00,0x00,0xf1,0xff,0x19,0x00,0x00,0x00,0x00,0x00,0x00,0x00,
        0x00,0x00,0x00,0x00,0x00,0x00,0x00,0x00,0x84,0x03,0x00,0x00,0x00,0x00,0xf1,0xff,
        0x37,0x00,0x00,0x00,0x00,0x00,0x00,0x00,0x00,0x00,0x00,0x00,0x00,0x00,0x00,0x00,
        0xe4,0x00,0x00,0x00,0x00,0x00,0xf1,0xff,0x1a,0x00,0x00,0x00,0x00,0x00,0x00,0x00,
        0x00,0x00,0x00,0x00,0x00,0x00,0x00,0x00,0x14,0x00,0x00,0x00,0x00,0x00,0xf1,0xff,
        0x38,0x00,0x00,0x00,0x00,0x00,0x00,0x00,0x00,0x00,0x00,0x00,0x00,0x00,0x00,0x00,
        0x37,0x00,0x00,0x00,0x00,0x00,0xf1,0xff,0x1b,0x00,0x00,0x00,0x00,0x00,0x00,0x00,
        0x00,0x00,0x00,0x00,0x00,0x00,0x00,0x00,0xbd,0x02,0x00,0x00,0x00,0x00,0xf1,0xff,
        0x39,0x00,0x00,0x00,0x00,0x00,0x00,0x00,0x00,0x00,0x00,0x00,0x00,0x00,0x00,0x00,
        0x78,0x05,0x00,0x00,0x00,0x00,0xf1,0xff,0x3a,0x00,0x00,0x00,0x00,0x00,0x00,0x00,
        0x00,0x00,0x00,0x00,0x00,0x00,0x00,0x00,0x10,0x03,0x00,0x00,0x00,0x00,0xf1,0xff,
        0x3b,0x00,0x00,0x00,0x00,0x00,0x00,0x00,0x00,0x00,0x00,0x00,0x00,0x00,0x00,0x00,
        0xd7,0x02,0x00,0x00,0x00,0x00,0xf1,0xff,0x3c,0x00,0x00,0x00,0x00,0x00,0x00,0x00,
        0x00,0x00,0x00,0x00,0x00,0x00,0x00,0x00,0x4c,0x00,0x00,0x00,0x00,0x00,0xf1,0xff,
        0x3d,0x00,0x00,0x00,0x00,0x00,0x00,0x00,0x00,0x00,0x00,0x00,0x00,0x00,0x00,0x00,
        0x55,0x05,0x00,0x00,0x00,0x00,0xf1,0xff,0x1a,0x00,0x00,0x00,0x00,0x00,0x00,0x00,
        0x00,0x00,0x00,0x00,0x00,0x00,0x00,0x00,0x27,0x05,0x00,0x00,0x00,0x00,0xf1,0xff,
        0x37,0x00,0x00,0x00,0x00,0x00,0x00,0x00,0x00,0x00,0x00,0x00,0x00,0x00,0x00,0x00,
        0x27,0x02,0x00,0x00,0x00,0x00,0xf1,0xff,0x3e,0x00,0x00,0x00,0x00,0x00,0x00,0x00,
        0x00,0x00,0x00,0x00,0x00,0x00,0x00,0x00,0x7e,0x01,0x00,0x00,0x00,0x00,0xf1,0xff,
        0x3f,0x00,0x00,0x00,0x00,0x00,0x00,0x00,0x00,0x00,0x00,0x00,0x00,0x00,0x00,0x00,
        0xa4,0x01,0x00,0x00,0x00,0x00,0xf1,0xff,0x40,0x00,0x00,0x00,0x00,0x00,0x00,0x00,
        0x00,0x00,0x00,0x00,0x00,0x00,0x00,0x00,0xa0,0x00,0x00,0x00,0x00,0x00,0xf1,0xff,
        0x10,0x00,0x00,0x00,0x00,0x00,0x00,0x00,0x00,0x00,0x00,0x00,0x00,0x00,0x00,0x00,
        0x40,0x03,0x00,0x00,0x00,0x00,0xf1,0xff,0x13,0x00,0x00,0x00,0x00,0x00,0x00,0x00,
        0x00,0x00,0x00,0x00,0x00,0x00,0x00,0x00,0x3b,0x02,0x00,0x00,0x00,0x00,0xf1,0xff,
        0x41,0x00,0x00,0x00,0x00,0x00,0x00,0x00,0x00,0x00,0x00,0x00,0x00,0x00,0x00,0x00,
        0x17,0x02,0x00,0x00,0x00,0x00,0xf1,0xff,0x42,0x00,0x00,0x00,0x00,0x00,0x00,0x00,
        0x00,0x00,0x00,0x00,0x00,0x00,0x00,0x00,0x07,0x02,0x00,0x00,0x00,0x00,0xf1,0xff,
        0x44,0x00,0x00,0x00,0x00,0x00,0x00,0x00,0x00,0x00,0x00,0x00,0x00,0x00,0x00,0x00,
        0x2e,0x04,0x00,0x00,0x00,0x00,0x02,0x00,0x18,0x0f,0x00,0x00,0x00,0x00,0x00,0x00,
        0x00,0x00,0x00,0x00,0x00,0x00,0x00,0x00,0x12,0x01,0x00,0x00,0x00,0x00,0x02,0x00,
        0x40,0x0b,0x00,0x00,0x00,0x00,0x00,0x00,0x00,0x00,0x00,0x00,0x00,0x00,0x00,0x00,
        0x8c,0x03,0x00,0x00,0x00,0x00,0x02,0x00,0xf0,0x0e,0x00,0x00,0x00,0x00,0x00,0x00,
        0x00,0x00,0x00,0x00,0x00,0x00,0x00,0x00,0x03,0x06,0x00,0x00,0x12,0x03,0x02,0x00,
        0x00,0x00,0x00,0x00,0x00,0x00,0x00,0x00,0x00,0x00,0x00,0x00,0x00,0x00,0x00,0x00,
        0xa1,0x04,0x00,0x00,0x11,0x00,0x03,0x00,0x00,0x00,0x00,0x00,0x00,0x00,0x00,0x00,
        0x40,0x00,0x00,0x00,0x00,0x00,0x00,0x00,0x10,0x00,0x00,0x00,0x00,0x00,0x00,0x00,
        0x05,0x00,0x00,0x00,0x6c,0x00,0x00,0x00,0x10,0x00,0x00,0x00,0x00,0x00,0x00,0x00,
        0x00,0x73,0x5f,0x62,0x7a,0x00,0x76,0x5f,0x67,0x74,0x63,0x5f,0x69,0x79,0x00,0x73,
        0x5f,0x62,0x79,0x00,0x73,0x5f,0x79,0x00,0x73,0x5f,0x6d,0x6f,0x76,0x65,0x5f,0x73,
        0x6c,0x69,0x63,0x65,0x5f,0x6b,0x5f,0x79,0x00,0x76,0x5f,0x67,0x74,0x63,0x5f,0x69,
        0x78,0x00,0x73,0x5f,0x62,0x78,0x00,0x73,0x5f,0x78,0x00,0x73,0x5f,0x6d,0x6f,0x76,
        0x65,0x5f,0x73,0x6c,0x69,0x63,0x65,0x5f,0x6b,0x5f,0x78,0x00,0x73,0x5f,0x64,0x69,
        0x66,0x66,0x5f,0x69,0x6e,0x5f,0x69,0x77,0x69,0x5f,0x6f,0x76,0x66,0x5f,0x78,0x00,
        0x76,0x5f,0x64,0x69,0x66,0x66,0x5f,0x69,0x6e,0x5f,0x69,0x77,0x69,0x5f,0x61,0x63,
        0x63,0x5f,0x78,0x00,0x73,0x5f,0x64,0x69,0x6c,0x61,0x74,0x69,0x6f,0x6e,0x5f,0x68,
        0x77,0x00,0x73,0x5f,0x77,0x65,0x69,0x5f,0x68,0x77,0x00,0x73,0x5f,0x73,0x74,0x72,
        0x69,0x64,0x65,0x5f,0x68,0x77,0x00,0x73,0x5f,0x70,0x61,0x64,0x5f,0x68,0x77,0x00,
        0x73,0x5f,0x78,0x5f,0x64,0x69,0x6c,0x61,0x74,0x69,0x6f,0x6e,0x5f,0x77,0x00,0x73,
        0x5f,0x64,0x69,0x6c,0x61,0x74,0x69,0x6f,0x6e,0x5f,0x77,0x00,0x73,0x5f,0x6f,0x75,
        0x74,0x5f,0x73,0x74,0x72,0x69,0x64,0x65,0x5f,0x77,0x00,0x73,0x5f,0x73,0x74,0x72,
        0x69,0x64,0x65,0x5f,0x77,0x00,0x73,0x5f,0x69,0x6e,0x5f,0x73,0x74,0x72,0x69,0x64,
        0x65,0x5f,0x77,0x00,0x73,0x5f,0x70,0x61,0x64,0x5f,0x77,0x00,0x2e,0x74,0x65,0x78,
        0x74,0x00,0x73,0x5f,0x70,0x5f,0x6f,0x75,0x74,0x00,0x76,0x5f,0x63,0x6f,0x5f,0x73,
        0x73,0x74,0x00,0x76,0x5f,0x69,0x6e,0x5f,0x69,0x5f,0x68,0x77,0x5f,0x6c,0x69,0x73,
        0x74,0x00,0x63,0x6f,0x6e,0x76,0x5f,0x66,0x77,0x64,0x5f,0x67,0x74,0x63,0x77,0x33,
        0x5f,0x6e,0x68,0x77,0x63,0x5f,0x66,0x70,0x31,0x36,0x78,0x38,0x5f,0x65,0x78,0x31,
        0x5f,0x62,0x74,0x33,0x32,0x78,0x31,0x36,0x30,0x78,0x33,0x32,0x5f,0x77,0x72,0x31,
        0x78,0x35,0x5f,0x77,0x6e,0x32,0x78,0x32,0x5f,0x74,0x61,0x31,0x78,0x38,0x78,0x31,
        0x78,0x31,0x5f,0x31,0x78,0x34,0x78,0x31,0x78,0x33,0x32,0x5f,0x74,0x62,0x31,0x78,
        0x38,0x78,0x35,0x78,0x31,0x5f,0x31,0x78,0x34,0x78,0x31,0x78,0x33,0x32,0x5f,0x6d,
        0x62,0x30,0x5f,0x6c,0x6f,0x6f,0x70,0x5f,0x73,0x74,0x61,0x72,0x74,0x00,0x73,0x5f,
        0x69,0x6e,0x5f,0x6f,0x66,0x66,0x73,0x65,0x74,0x00,0x76,0x5f,0x6f,0x75,0x74,0x5f,
        0x6f,0x73,0x00,0x76,0x5f,0x69,0x6e,0x5f,0x6f,0x73,0x00,0x76,0x5f,0x77,0x65,0x69,
        0x5f,0x6f,0x73,0x00,0x73,0x5f,0x77,0x65,0x69,0x5f,0x62,0x61,0x73,0x65,0x5f,0x6f,
        0x73,0x00,0x76,0x5f,0x73,0x73,0x74,0x5f,0x62,0x5f,0x6f,0x73,0x00,0x76,0x5f,0x73,
        0x6c,0x64,0x5f,0x62,0x5f,0x6f,0x73,0x00,0x76,0x5f,0x73,0x73,0x74,0x5f,0x61,0x5f,
        0x6f,0x73,0x00,0x76,0x5f,0x73,0x6c,0x64,0x5f,0x61,0x5f,0x6f,0x73,0x00,0x73,0x5f,
        0x6b,0x69,0x74,0x72,0x00,0x73,0x5f,0x6b,0x5f,0x70,0x65,0x72,0x5f,0x67,0x72,0x6f,
        0x75,0x70,0x00,0x73,0x5f,0x63,0x5f,0x70,0x65,0x72,0x5f,0x67,0x72,0x6f,0x75,0x70,
        0x00,0x76,0x5f,0x74,0x6d,0x70,0x00,0x73,0x5f,0x74,0x6d,0x70,0x00,0x76,0x5f,0x6f,
        0x75,0x74,0x5f,0x69,0x77,0x6f,0x00,0x73,0x5f,0x73,0x68,0x69,0x66,0x74,0x5f,0x77,
        0x6f,0x00,0x73,0x5f,0x77,0x6f,0x00,0x73,0x5f,0x6e,0x5f,0x68,0x6f,0x5f,0x77,0x6f,
        0x00,0x76,0x5f,0x6f,0x75,0x74,0x5f,0x69,0x68,0x6f,0x00,0x73,0x5f,0x73,0x68,0x69,
        0x66,0x74,0x5f,0x68,0x6f,0x00,0x73,0x5f,0x68,0x6f,0x00,0x76,0x5f,0x6f,0x75,0x74,
        0x5f,0x69,0x6e,0x00,0x73,0x5f,0x70,0x5f,0x69,0x6e,0x00,0x76,0x5f,0x69,0x6e,0x5f,
        0x69,0x6e,0x00,0x76,0x5f,0x67,0x65,0x6d,0x6d,0x5f,0x69,0x6e,0x00,0x73,0x5f,0x6e,
        0x00,0x76,0x5f,0x69,0x6e,0x5f,0x66,0x6c,0x61,0x67,0x5f,0x6e,0x00,0x73,0x5f,0x6f,
        0x75,0x74,0x5f,0x73,0x74,0x72,0x69,0x64,0x65,0x5f,0x6e,0x00,0x73,0x5f,0x69,0x6e,
        0x5f,0x73,0x74,0x72,0x69,0x64,0x65,0x5f,0x6e,0x00,0x73,0x5f,0x6b,0x6e,0x75,0x6d,
        0x00,0x76,0x5f,0x67,0x65,0x6d,0x6d,0x5f,0x69,0x6d,0x00,0x76,0x5f,0x6f,0x75,0x74,
        0x5f,0x69,0x6b,0x00,0x76,0x5f,0x77,0x65,0x69,0x5f,0x69,0x6b,0x00,0x73,0x5f,0x62,
        0x6c,0x6f,0x63,0x6b,0x5f,0x67,0x74,0x63,0x5f,0x69,0x6b,0x00,0x76,0x5f,0x6f,0x75,
        0x74,0x5f,0x6f,0x73,0x5f,0x6b,0x00,0x73,0x5f,0x6d,0x6f,0x76,0x65,0x5f,0x73,0x6c,
        0x69,0x63,0x65,0x5f,0x6b,0x5f,0x73,0x74,0x72,0x69,0x64,0x65,0x5f,0x67,0x65,0x6d,
        0x6d,0x5f,0x6b,0x00,0x76,0x5f,0x6f,0x75,0x74,0x5f,0x66,0x6c,0x61,0x67,0x5f,0x6b,
        0x00,0x73,0x5f,0x6f,0x75,0x74,0x5f,0x73,0x74,0x72,0x69,0x64,0x65,0x5f,0x6b,0x00,
        0x73,0x5f,0x77,0x65,0x69,0x5f,0x73,0x74,0x72,0x69,0x64,0x65,0x5f,0x6b,0x00,0x73,
        0x5f,0x6d,0x6f,0x76,0x65,0x5f,0x73,0x6c,0x69,0x63,0x65,0x5f,0x6b,0x00,0x73,0x5f,
        0x77,0x69,0x00,0x73,0x5f,0x68,0x69,0x00,0x73,0x5f,0x70,0x5f,0x77,0x65,0x69,0x00,
        0x73,0x5f,0x79,0x5f,0x64,0x69,0x6c,0x61,0x74,0x69,0x6f,0x6e,0x5f,0x68,0x00,0x73,
        0x5f,0x64,0x69,0x6c,0x61,0x74,0x69,0x6f,0x6e,0x5f,0x68,0x00,0x73,0x5f,0x6f,0x75,
        0x74,0x5f,0x73,0x74,0x72,0x69,0x64,0x65,0x5f,0x68,0x00,0x73,0x5f,0x73,0x74,0x72,
        0x69,0x64,0x65,0x5f,0x68,0x00,0x73,0x5f,0x69,0x6e,0x5f,0x73,0x74,0x72,0x69,0x64,
        0x65,0x5f,0x68,0x00,0x73,0x5f,0x70,0x61,0x64,0x5f,0x68,0x00,0x63,0x6f,0x6e,0x76,
        0x5f,0x66,0x77,0x64,0x5f,0x67,0x74,0x63,0x77,0x33,0x5f,0x6e,0x68,0x77,0x63,0x5f,
        0x66,0x70,0x31,0x36,0x78,0x38,0x5f,0x65,0x78,0x31,0x5f,0x62,0x74,0x33,0x32,0x78,
        0x31,0x36,0x30,0x78,0x33,0x32,0x5f,0x77,0x72,0x31,0x78,0x35,0x5f,0x77,0x6e,0x32,
        0x78,0x32,0x5f,0x74,0x61,0x31,0x78,0x38,0x78,0x31,0x78,0x31,0x5f,0x31,0x78,0x34,
        0x78,0x31,0x78,0x33,0x32,0x5f,0x74,0x62,0x31,0x78,0x38,0x78,0x35,0x78,0x31,0x5f,
        0x31,0x78,0x34,0x78,0x31,0x78,0x33,0x32,0x5f,0x6d,0x62,0x30,0x5f,0x6c,0x6f,0x6f,
        0x70,0x5f,0x66,0x69,0x6e,0x69,0x73,0x68,0x69,0x6e,0x67,0x00,0x76,0x5f,0x6f,0x75,
        0x74,0x5f,0x66,0x6c,0x61,0x67,0x00,0x76,0x5f,0x69,0x6e,0x5f,0x66,0x6c,0x61,0x67,
        0x00,0x73,0x5f,0x67,0x00,0x73,0x5f,0x30,0x78,0x66,0x66,0x66,0x66,0x00,0x2e,0x6e,
        0x6f,0x74,0x65,0x00,0x76,0x5f,0x67,0x74,0x63,0x5f,0x69,0x63,0x65,0x00,0x63,0x6f,
        0x6e,0x76,0x5f,0x66,0x77,0x64,0x5f,0x67,0x74,0x63,0x77,0x33,0x5f,0x6e,0x68,0x77,
        0x63,0x5f,0x66,0x70,0x31,0x36,0x78,0x38,0x5f,0x65,0x78,0x31,0x5f,0x62,0x74,0x33,
        0x32,0x78,0x31,0x36,0x30,0x78,0x33,0x32,0x5f,0x77,0x72,0x31,0x78,0x35,0x5f,0x77,
        0x6e,0x32,0x78,0x32,0x5f,0x74,0x61,0x31,0x78,0x38,0x78,0x31,0x78,0x31,0x5f,0x31,
        0x78,0x34,0x78,0x31,0x78,0x33,0x32,0x5f,0x74,0x62,0x31,0x78,0x38,0x78,0x35,0x78,
        0x31,0x5f,0x31,0x78,0x34,0x78,0x31,0x78,0x33,0x32,0x5f,0x6d,0x62,0x30,0x5f,0x6c,
        0x6f,0x6f,0x70,0x5f,0x65,0x6e,0x64,0x00,0x76,0x5f,0x63,0x6f,0x5f,0x73,0x6c,0x64,
        0x00,0x63,0x6f,0x6e,0x76,0x5f,0x66,0x77,0x64,0x5f,0x67,0x74,0x63,0x77,0x33,0x5f,
        0x6e,0x68,0x77,0x63,0x5f,0x66,0x70,0x31,0x36,0x78,0x38,0x5f,0x65,0x78,0x31,0x5f,
        0x62,0x74,0x33,0x32,0x78,0x31,0x36,0x30,0x78,0x33,0x32,0x5f,0x77,0x72,0x31,0x78,
        0x35,0x5f,0x77,0x6e,0x32,0x78,0x32,0x5f,0x74,0x61,0x31,0x78,0x38,0x78,0x31,0x78,
        0x31,0x5f,0x31,0x78,0x34,0x78,0x31,0x78,0x33,0x32,0x5f,0x74,0x62,0x31,0x78,0x38,
        0x78,0x35,0x78,0x31,0x5f,0x31,0x78,0x34,0x78,0x31,0x78,0x33,0x32,0x5f,0x6d,0x62,
        0x30,0x2e,0x6b,0x64,0x00,0x76,0x5f,0x67,0x74,0x63,0x5f,0x69,0x63,0x00,0x76,0x5f,
        0x63,0x00,0x73,0x5f,0x63,0x00,0x73,0x5f,0x6d,0x6f,0x76,0x65,0x5f,0x73,0x6c,0x69,
        0x63,0x65,0x5f,0x6b,0x5f,0x63,0x00,0x73,0x5f,0x64,0x69,0x66,0x66,0x5f,0x69,0x6e,
        0x5f,0x6f,0x76,0x66,0x5f,0x63,0x00,0x73,0x5f,0x69,0x6e,0x5f,0x73,0x74,0x72,0x69,
        0x64,0x65,0x5f,0x63,0x00,0x76,0x5f,0x64,0x69,0x66,0x66,0x5f,0x69,0x6e,0x5f,0x61,
        0x63,0x63,0x5f,0x63,0x00,0x73,0x5f,0x64,0x69,0x66,0x66,0x5f,0x69,0x6e,0x5f,0x61,
        0x63,0x63,0x5f,0x63,0x00,0x76,0x5f,0x6f,0x75,0x74,0x5f,0x69,0x6e,0x62,0x00,0x76,
        0x5f,0x69,0x6e,0x5f,0x69,0x6e,0x62,0x00,0x73,0x5f,0x62,0x6c,0x6f,0x63,0x6b,0x5f,
        0x67,0x74,0x63,0x5f,0x69,0x6e,0x62,0x00,0x2e,0x73,0x74,0x72,0x74,0x61,0x62,0x00,
        0x2e,0x73,0x79,0x6d,0x74,0x61,0x62,0x00,0x76,0x5f,0x62,0x00,0x76,0x5f,0x67,0x6c,
        0x64,0x5f,0x62,0x00,0x2e,0x72,0x65,0x6c,0x61,0x2e,0x72,0x6f,0x64,0x61,0x74,0x61,
        0x00,0x73,0x5f,0x6b,0x61,0x00,0x76,0x5f,0x61,0x00,0x76,0x5f,0x67,0x6c,0x64,0x5f,
        0x61,0x00,0x73,0x5f,0x6d,0x61,0x67,0x69,0x63,0x5f,0x35,0x00,0x73,0x5f,0x6d,0x61,
        0x67,0x69,0x63,0x5f,0x34,0x00,0x73,0x5f,0x6d,0x61,0x67,0x69,0x63,0x5f,0x33,0x00,
        0x73,0x5f,0x6d,0x61,0x67,0x69,0x63,0x5f,0x32,0x00,0x73,0x5f,0x73,0x68,0x69,0x66,
        0x74,0x5f,0x70,0x61,0x63,0x6b,0x5f,0x31,0x00,0x73,0x5f,0x6d,0x61,0x67,0x69,0x63,
        0x5f,0x31,0x00,0x63,0x6f,0x6e,0x76,0x5f,0x66,0x77,0x64,0x5f,0x67,0x74,0x63,0x77,
        0x33,0x5f,0x6e,0x68,0x77,0x63,0x5f,0x66,0x70,0x31,0x36,0x78,0x38,0x5f,0x65,0x78,
        0x31,0x5f,0x62,0x74,0x33,0x32,0x78,0x31,0x36,0x30,0x78,0x33,0x32,0x5f,0x77,0x72,
        0x31,0x78,0x35,0x5f,0x77,0x6e,0x32,0x78,0x32,0x5f,0x74,0x61,0x31,0x78,0x38,0x78,
        0x31,0x78,0x31,0x5f,0x31,0x78,0x34,0x78,0x31,0x78,0x33,0x32,0x5f,0x74,0x62,0x31,
        0x78,0x38,0x78,0x35,0x78,0x31,0x5f,0x31,0x78,0x34,0x78,0x31,0x78,0x33,0x32,0x5f,
        0x6d,0x62,0x30,0x00,0x73,0x5f,0x73,0x68,0x69,0x66,0x74,0x5f,0x70,0x61,0x63,0x6b,
        0x5f,0x30,0x00,0x73,0x5f,0x6d,0x61,0x67,0x69,0x63,0x5f,0x30,0x00,0x00,0x00,0x00,
        0x00,0x00,0x00,0x00,0x00,0x00,0x00,0x00,0x00,0x00,0x00,0x00,0x00,0x00,0x00,0x00,
        0x00,0x00,0x00,0x00,0x00,0x00,0x00,0x00,0x00,0x00,0x00,0x00,0x00,0x00,0x00,0x00,
        0x00,0x00,0x00,0x00,0x00,0x00,0x00,0x00,0x00,0x00,0x00,0x00,0x00,0x00,0x00,0x00,
        0x00,0x00,0x00,0x00,0x00,0x00,0x00,0x00,0x00,0x00,0x00,0x00,0x00,0x00,0x00,0x00,
        0x88,0x05,0x00,0x00,0x03,0x00,0x00,0x00,0x00,0x00,0x00,0x00,0x00,0x00,0x00,0x00,
        0x00,0x00,0x00,0x00,0x00,0x00,0x00,0x00,0xf0,0x29,0x00,0x00,0x00,0x00,0x00,0x00,
        0x7d,0x06,0x00,0x00,0x00,0x00,0x00,0x00,0x00,0x00,0x00,0x00,0x00,0x00,0x00,0x00,
        0x01,0x00,0x00,0x00,0x00,0x00,0x00,0x00,0x00,0x00,0x00,0x00,0x00,0x00,0x00,0x00,
        0xec,0x00,0x00,0x00,0x01,0x00,0x00,0x00,0x06,0x00,0x00,0x00,0x00,0x00,0x00,0x00,
        0x00,0x00,0x00,0x00,0x00,0x00,0x00,0x00,0x00,0x01,0x00,0x00,0x00,0x00,0x00,0x00,
        0xe0,0x12,0x00,0x00,0x00,0x00,0x00,0x00,0x00,0x00,0x00,0x00,0x00,0x00,0x00,0x00,
        0x00,0x01,0x00,0x00,0x00,0x00,0x00,0x00,0x00,0x00,0x00,0x00,0x00,0x00,0x00,0x00,
        0xa9,0x05,0x00,0x00,0x01,0x00,0x00,0x00,0x02,0x00,0x00,0x00,0x00,0x00,0x00,0x00,
        0x00,0x00,0x00,0x00,0x00,0x00,0x00,0x00,0x00,0x14,0x00,0x00,0x00,0x00,0x00,0x00,
        0x40,0x00,0x00,0x00,0x00,0x00,0x00,0x00,0x00,0x00,0x00,0x00,0x00,0x00,0x00,0x00,
        0x40,0x00,0x00,0x00,0x00,0x00,0x00,0x00,0x00,0x00,0x00,0x00,0x00,0x00,0x00,0x00,
        0xa4,0x05,0x00,0x00,0x04,0x00,0x00,0x00,0x40,0x00,0x00,0x00,0x00,0x00,0x00,0x00,
        0x00,0x00,0x00,0x00,0x00,0x00,0x00,0x00,0xd8,0x29,0x00,0x00,0x00,0x00,0x00,0x00,
        0x18,0x00,0x00,0x00,0x00,0x00,0x00,0x00,0x06,0x00,0x00,0x00,0x03,0x00,0x00,0x00,
        0x08,0x00,0x00,0x00,0x00,0x00,0x00,0x00,0x18,0x00,0x00,0x00,0x00,0x00,0x00,0x00,
        0x1e,0x04,0x00,0x00,0x07,0x00,0x00,0x00,0x02,0x00,0x00,0x00,0x00,0x00,0x00,0x00,
        0x00,0x00,0x00,0x00,0x00,0x00,0x00,0x00,0x40,0x14,0x00,0x00,0x00,0x00,0x00,0x00,
        0x48,0x0b,0x00,0x00,0x00,0x00,0x00,0x00,0x00,0x00,0x00,0x00,0x00,0x00,0x00,0x00,
        0x04,0x00,0x00,0x00,0x00,0x00,0x00,0x00,0x00,0x00,0x00,0x00,0x00,0x00,0x00,0x00,
        0x90,0x05,0x00,0x00,0x02,0x00,0x00,0x00,0x00,0x00,0x00,0x00,0x00,0x00,0x00,0x00,
        0x00,0x00,0x00,0x00,0x00,0x00,0x00,0x00,0x88,0x1f,0x00,0x00,0x00,0x00,0x00,0x00,
        0x50,0x0a,0x00,0x00,0x00,0x00,0x00,0x00,0x01,0x00,0x00,0x00,0x6c,0x00,0x00,0x00,
        0x08,0x00,0x00,0x00,0x00,0x00,0x00,0x00,0x18,0x00,0x00,0x00,0x00,0x00,0x00,0x00
            },
            .m_kernelName = {},
            .m_compilerVersion = {},
            .m_codeObjectVersion = 0,
            .m_isRelocatable = true,
            .m_shaderType = ShaderTypesFlags::UNKNOWN
        };
        
} // namespace mlss::conv::mxn::misa::fp16::gfx1100
