/* Copyright (c) 2025 Advanced Micro Devices, Inc. All rights reserved. */
#pragma once

#include "shaders/shaders.hpp"

namespace mlss::conv::one_by_one::hip::wmma::fp16::gfx1201
{
constexpr StaticShaderType<54056> Gemm2d_64x128x32_NN_Elf =
{
    .m_binary = {
0x7f,0x45,0x4c,0x46,0x02,0x01,0x01,0x40,0x03,0x00,0x00,0x00,0x00,0x00,0x00,0x00,
0x01,0x00,0xe0,0x00,0x01,0x00,0x00,0x00,0x00,0x00,0x00,0x00,0x00,0x00,0x00,0x00,
0x00,0x00,0x00,0x00,0x00,0x00,0x00,0x00,0x28,0xd0,0x00,0x00,0x00,0x00,0x00,0x00,
0x41,0x00,0x00,0x00,0x40,0x00,0x00,0x00,0x00,0x00,0x40,0x00,0x0c,0x00,0x01,0x00,
0x00,0x00,0x00,0x00,0x00,0x00,0x00,0x00,0x00,0x00,0x00,0x00,0x00,0x00,0x00,0x00,
0x00,0x00,0x00,0x00,0x00,0x00,0x00,0x00,0x00,0x00,0x00,0x00,0x00,0x00,0x00,0x00,
0x00,0x00,0x00,0x00,0x00,0x00,0x00,0x00,0x00,0x00,0x00,0x00,0x00,0x00,0x00,0x00,
0x00,0x00,0x00,0x00,0x00,0x00,0x00,0x00,0x00,0x00,0x00,0x00,0x00,0x00,0x00,0x00,
0x00,0x00,0x00,0x00,0x00,0x00,0x00,0x00,0x00,0x00,0x00,0x00,0x00,0x00,0x00,0x00,
0x00,0x00,0x00,0x00,0x00,0x00,0x00,0x00,0x00,0x00,0x00,0x00,0x00,0x00,0x00,0x00,
0x00,0x00,0x00,0x00,0x00,0x00,0x00,0x00,0x00,0x00,0x00,0x00,0x00,0x00,0x00,0x00,
0x00,0x00,0x00,0x00,0x00,0x00,0x00,0x00,0x00,0x00,0x00,0x00,0x00,0x00,0x00,0x00,
0x00,0x00,0x00,0x00,0x00,0x00,0x00,0x00,0x00,0x00,0x00,0x00,0x00,0x00,0x00,0x00,
0x00,0x00,0x00,0x00,0x00,0x00,0x00,0x00,0x00,0x00,0x00,0x00,0x00,0x00,0x00,0x00,
0x00,0x00,0x00,0x00,0x00,0x00,0x00,0x00,0x00,0x00,0x00,0x00,0x00,0x00,0x00,0x00,
0x00,0x00,0x00,0x00,0x00,0x00,0x00,0x00,0x00,0x00,0x00,0x00,0x00,0x00,0x00,0x00,
0x00,0x07,0x08,0xf4,0x00,0x00,0x00,0xf8,0x0d,0x86,0x21,0x84,0x0e,0x87,0x2e,0x84,
0x07,0xfc,0x89,0xbf,0x21,0x1c,0x09,0xbf,0xc1,0x80,0x02,0x98,0x2e,0x1d,0x09,0xbf,
0xc1,0x80,0x03,0x98,0x99,0x04,0x87,0xbf,0x02,0x03,0x02,0x8c,0x7e,0x02,0x6a,0x8b,
0xef,0x30,0xa4,0xbf,0x01,0x00,0x85,0xbf,0x00,0x01,0x0c,0xf4,0x10,0x00,0x00,0xf8,
0x00,0x05,0x0c,0xf4,0x30,0x00,0x00,0xf8,0x02,0x00,0x10,0xd6,0x00,0x15,0x29,0x02,
0x01,0x00,0x10,0xd6,0x00,0x0b,0x15,0x02,0x59,0x00,0x1f,0xd7,0xc1,0x00,0x01,0x00,
0x1c,0x1e,0x10,0x96,0xff,0x00,0xab,0xbe,0x00,0x40,0x00,0x31,0x07,0xfc,0x89,0xbf,
0x83,0x00,0x04,0xf4,0x00,0x00,0x00,0xf8,0x82,0x01,0x04,0xf4,0x00,0x00,0x00,0xf8,
0x80,0x03,0x00,0xf4,0x64,0x00,0x00,0xf8,0x80,0x00,0x85,0xbe,0x0f,0x15,0x04,0x96,
0xff,0x00,0x00,0x36,0xff,0x03,0x00,0x00,0x04,0x81,0x8c,0x84,0x0f,0x14,0x04,0x96,
0x86,0x04,0xb4,0x30,0x81,0xb2,0xba,0x32,0x83,0xb2,0xc0,0x30,0x2b,0x00,0xa7,0xbe,
0x81,0xb2,0xbe,0x36,0x5a,0x01,0x06,0x4a,0x21,0xba,0xb8,0x4a,0x02,0x00,0x87,0xbf,
0x85,0x06,0xbc,0x32,0x07,0xfc,0x89,0xbf,0x02,0x0c,0x24,0x80,0x03,0x0d,0x0c,0x82,
0x04,0x81,0x82,0x84,0x0c,0xff,0x25,0x8b,0xff,0xff,0x00,0x00,0x06,0x02,0x28,0x80,
0x07,0x03,0x02,0x82,0x21,0xc0,0x03,0x81,0x02,0xff,0x29,0x8b,0xff,0xff,0x00,0x00,
0x03,0x1c,0x0b,0xbf,0x01,0x05,0x0c,0x7e,0xc1,0x80,0x02,0x98,0x2e,0xff,0x03,0x81,
0x80,0x00,0x00,0x00,0x84,0xb2,0x02,0x30,0x03,0x1d,0x0b,0xbf,0xc1,0x80,0x04,0x98,
0x0e,0xff,0x03,0x8b,0xff,0xff,0x00,0x00,0x02,0x04,0x02,0x8b,0x00,0x00,0x0b,0xd6,
0x02,0x07,0x00,0x04,0x5e,0x05,0x06,0x7e,0x06,0x85,0x30,0x84,0x10,0x81,0x2a,0x84,
0x02,0xc1,0x1f,0x8d,0x85,0x00,0xb6,0x32,0x03,0x1d,0x07,0x96,0x90,0x02,0x90,0x36,
0x92,0x00,0x87,0xbf,0x5b,0x05,0x06,0x7e,0x03,0x84,0x0c,0x84,0x02,0x7e,0x04,0x8b,
0x0c,0xb8,0x04,0x4a,0x80,0xff,0x04,0x98,0x00,0x00,0x00,0x80,0x07,0x83,0x06,0x84,
0x04,0xc0,0x06,0x38,0x06,0x2e,0x06,0x81,0x00,0x7c,0xfe,0xd6,0x02,0x3d,0x20,0x05,
0x06,0x1d,0x07,0x81,0x02,0x00,0x87,0xbf,0x01,0x00,0x46,0xd6,0x06,0x02,0x0d,0x04,
0x07,0x1d,0x0d,0x81,0x02,0x00,0x46,0xd6,0x07,0x02,0x0d,0x04,0x0d,0x1d,0x06,0x81,
0x1d,0x81,0x15,0x84,0x06,0x1d,0x07,0x81,0x05,0x00,0x46,0xd6,0x06,0x02,0x0d,0x04,
0x07,0x1d,0x06,0x81,0x00,0x00,0x46,0xd6,0x00,0x03,0x11,0x00,0x06,0x1d,0x04,0x81,
0x04,0x00,0x46,0xd6,0x0d,0x02,0x0d,0x04,0x15,0x1e,0x26,0x96,0x08,0x00,0x46,0xd6,
0x04,0x02,0x0d,0x04,0x04,0x1d,0x04,0x81,0x06,0x00,0x46,0xd6,0x07,0x02,0x0d,0x04,
0x07,0x00,0x46,0xd6,0x06,0x02,0x0d,0x04,0x01,0x00,0x85,0xbf,0x00,0x00,0x5c,0xe0,
0x00,0x40,0x4a,0x80,0x10,0x00,0x5c,0xe0,0x00,0x44,0x4a,0x80,0x00,0x00,0x46,0xd6,
0x04,0x02,0x0d,0x04,0x07,0x00,0x85,0xbf,0x00,0x00,0x54,0xe0,0x01,0x55,0x49,0x80,
0x00,0x00,0x54,0xe0,0x02,0x57,0x49,0x80,0x00,0x00,0x54,0xe0,0x04,0x51,0x49,0x80,
0x00,0x00,0x54,0xe0,0x05,0x53,0x49,0x80,0x00,0x00,0x54,0xe0,0x06,0x4d,0x49,0x80,
0x00,0x00,0x54,0xe0,0x07,0x4f,0x49,0x80,0x00,0x00,0x54,0xe0,0x08,0x49,0x49,0x80,
0x00,0x00,0x54,0xe0,0x00,0x4b,0x49,0x80,0xc0,0x0b,0x00,0xf4,0x50,0x00,0x00,0xf8,
0x85,0x08,0x04,0xf4,0x00,0x00,0x00,0xf8,0x04,0x0b,0x04,0xf4,0x00,0x00,0x00,0xf8,
0x05,0x00,0x8b,0xbe,0x05,0x00,0x84,0xbe,0x05,0x00,0x86,0xbe,0x05,0x00,0x87,0xbe,
0x05,0x00,0x88,0xbe,0x05,0x00,0x89,0xbe,0x05,0x00,0x8a,0xbe,0x0b,0x00,0x10,0xca,
0x04,0x00,0x38,0x3f,0x0a,0x00,0x10,0xca,0x09,0x00,0x3c,0x3e,0x08,0x00,0x10,0xca,
0x07,0x00,0x3a,0x3c,0x06,0x00,0x10,0xca,0x05,0x00,0x38,0x3a,0x1e,0xa0,0x0a,0xbf,
0x03,0x00,0x87,0xbf,0x38,0x01,0x10,0xca,0x3d,0x01,0x34,0x30,0xc1,0x80,0x00,0x98,
0x38,0x01,0x10,0xca,0x3d,0x01,0x2c,0x28,0x38,0x01,0x10,0xca,0x3d,0x01,0x24,0x20,
0x38,0x01,0x10,0xca,0x3d,0x01,0x1c,0x18,0x38,0x01,0x10,0xca,0x3d,0x01,0x14,0x10,
0x38,0x01,0x10,0xca,0x3d,0x01,0x0c,0x08,0x38,0x01,0x10,0xca,0x3d,0x01,0x04,0x00,
0x39,0x01,0x10,0xca,0x3a,0x01,0x32,0x31,0x3f,0x03,0x6e,0x7e,0x3b,0x01,0x10,0xca,
0x3c,0x01,0x34,0x33,0x39,0x01,0x10,0xca,0x3e,0x01,0x36,0x29,0x3b,0x01,0x10,0xca,
0x3a,0x01,0x2a,0x2b,0x3f,0x01,0x10,0xca,0x3c,0x01,0x2c,0x2f,0x39,0x01,0x10,0xca,
0x3e,0x01,0x2e,0x21,0x3b,0x01,0x10,0xca,0x3a,0x01,0x22,0x23,0x3f,0x01,0x10,0xca,
0x3c,0x01,0x24,0x27,0x39,0x01,0x10,0xca,0x3e,0x01,0x26,0x19,0x3b,0x01,0x10,0xca,
0x3a,0x01,0x1a,0x1b,0x3f,0x01,0x10,0xca,0x3c,0x01,0x1c,0x1f,0x39,0x01,0x10,0xca,
0x3e,0x01,0x1e,0x11,0x3b,0x01,0x10,0xca,0x3a,0x01,0x12,0x13,0x3f,0x01,0x10,0xca,
0x3c,0x01,0x14,0x17,0x39,0x01,0x10,0xca,0x3e,0x01,0x16,0x09,0x3b,0x01,0x10,0xca,
0x3a,0x01,0x0a,0x0b,0x3f,0x01,0x10,0xca,0x3c,0x01,0x0c,0x0f,0x39,0x01,0x10,0xca,
0x3e,0x01,0x0e,0x01,0x3b,0x01,0x10,0xca,0x3a,0x01,0x02,0x03,0x3f,0x01,0x10,0xca,
0x3c,0x01,0x04,0x07,0x3e,0x03,0x0c,0x7e,0x1f,0x00,0x00,0x8c,0x09,0x00,0x87,0xbf,
0x7e,0x00,0x6a,0x8b,0xa0,0x00,0x80,0xbe,0x93,0x01,0xa4,0xbf,0x0c,0xba,0x00,0x4a,
0xff,0xb2,0x04,0x16,0x40,0x01,0x00,0x00,0xf7,0x1b,0x89,0xbf,0x04,0x00,0x44,0xd6,
0x57,0xab,0xfe,0x03,0x00,0x01,0x04,0x05,0xf7,0x13,0x89,0xbf,0x05,0x00,0x44,0xd6,
0x53,0xa3,0xfe,0x03,0x00,0x01,0x04,0x05,0x01,0x00,0x44,0xd6,0x53,0xa3,0xfe,0x03,
0x02,0x03,0x06,0x07,0x61,0x00,0x2c,0xd7,0xff,0x00,0x02,0x00,0x50,0x00,0x00,0x00,
0x51,0x00,0x46,0xd6,0x03,0x08,0x09,0x04,0xf7,0x0b,0x89,0xbf,0x06,0x00,0x44,0xd6,
0x4f,0x9b,0xfe,0x03,0x00,0x01,0x04,0x05,0xf7,0x03,0x89,0xbf,0x07,0x00,0x44,0xd6,
0x4b,0x93,0xfe,0x03,0x00,0x01,0x04,0x05,0x00,0x00,0x44,0xd6,0x57,0xab,0xfe,0x03,
0x02,0x03,0x06,0x07,0x02,0x00,0x44,0xd6,0x4f,0x9b,0xfe,0x03,0x02,0x03,0x06,0x07,
0x82,0xb2,0x12,0x30,0x62,0x00,0x44,0xd6,0x58,0xad,0xfe,0x03,0x00,0x01,0x04,0x05,
0x03,0x00,0x46,0xd6,0x5f,0x0b,0x85,0x05,0x63,0x00,0x44,0xd6,0x54,0xa5,0xfe,0x03,
0x00,0x01,0x04,0x05,0x64,0x00,0x44,0xd6,0x50,0x9d,0xfe,0x03,0x00,0x01,0x04,0x05,
0x65,0x00,0x44,0xd6,0x4c,0x95,0xfe,0x03,0x00,0x01,0x04,0x05,0x03,0x83,0x07,0x84,
0x00,0x50,0x7c,0xdb,0x03,0x40,0x00,0x00,0x10,0x50,0x7c,0xdb,0x03,0x44,0x00,0x00,
0x03,0x00,0x44,0xd6,0x4b,0x93,0xfe,0x03,0x02,0x03,0x06,0x07,0x42,0x00,0x56,0xd6,
0x5f,0x0b,0xfd,0x03,0x50,0x00,0x00,0x00,0x66,0x00,0x44,0xd6,0x58,0xad,0xfe,0x03,
0x02,0x03,0x06,0x07,0x00,0x00,0x7c,0xdb,0x51,0x04,0x00,0x00,0x50,0x00,0x7c,0xdb,
0x51,0x00,0x00,0x00,0x80,0x02,0x00,0x7e,0x84,0xbe,0x10,0x30,0x8f,0xb2,0x14,0x36,
0xff,0x12,0x86,0x16,0x50,0x00,0x00,0x00,0x67,0x00,0x44,0xd6,0x54,0xa5,0xfe,0x03,
0x02,0x03,0x06,0x07,0x00,0x03,0x06,0x7e,0x00,0x03,0x02,0x7e,0x0a,0xb5,0x80,0x38,
0x30,0x14,0x82,0x38,0x00,0x01,0x22,0xca,0x81,0x10,0x44,0x05,0x00,0x03,0x04,0x7e,
0x00,0x03,0x08,0x7e,0x00,0x03,0x0c,0x7e,0x00,0x03,0x0e,0x7e,0x00,0x03,0x10,0x7e,
0x00,0x03,0x12,0x7e,0x00,0x03,0x14,0x7e,0x00,0x03,0x16,0x7e,0x00,0x03,0x18,0x7e,
0x00,0x03,0x1a,0x7e,0x00,0x03,0x1c,0x7e,0x00,0x03,0x1e,0x7e,0x00,0x03,0x20,0x7e,
0x00,0x03,0x22,0x7e,0x00,0x03,0x24,0x7e,0x00,0x03,0x26,0x7e,0x00,0x03,0x28,0x7e,
0x00,0x03,0x2a,0x7e,0x00,0x03,0x2c,0x7e,0x00,0x03,0x2e,0x7e,0x00,0x03,0x30,0x7e,
0x00,0x03,0x32,0x7e,0x00,0x03,0x34,0x7e,0x00,0x03,0x36,0x7e,0x00,0x03,0x38,0x7e,
0x00,0x03,0x3a,0x7e,0x00,0x03,0x3c,0x7e,0x00,0x03,0x3e,0x7e,0x00,0x03,0x40,0x7e,
0x00,0x03,0x42,0x7e,0x00,0x03,0x44,0x7e,0x00,0x03,0x46,0x7e,0x00,0x03,0x48,0x7e,
0x00,0x03,0x4a,0x7e,0x00,0x03,0x4c,0x7e,0x00,0x03,0x4e,0x7e,0x00,0x03,0x50,0x7e,
0x00,0x03,0x52,0x7e,0x00,0x03,0x54,0x7e,0x00,0x03,0x56,0x7e,0x00,0x03,0x58,0x7e,
0x00,0x03,0x5a,0x7e,0x00,0x03,0x5c,0x7e,0x00,0x03,0x5e,0x7e,0x00,0x03,0x60,0x7e,
0x00,0x03,0x62,0x7e,0x00,0x03,0x64,0x7e,0x00,0x03,0x66,0x7e,0x00,0x03,0x68,0x7e,
0x00,0x03,0x6a,0x7e,0x00,0x03,0x6c,0x7e,0x00,0x03,0x6e,0x7e,0x00,0x03,0x70,0x7e,
0x00,0x03,0x72,0x7e,0x00,0x03,0x74,0x7e,0x00,0x03,0x76,0x7e,0x00,0x03,0x78,0x7e,
0x00,0x03,0x7a,0x7e,0x00,0x03,0x7c,0x7e,0x00,0x03,0x7e,0x7e,0x68,0x00,0x44,0xd6,
0x50,0x9d,0xfe,0x03,0x02,0x03,0x06,0x07,0x69,0x00,0x44,0xd6,0x4c,0x95,0xfe,0x03,
0x02,0x03,0x06,0x07,0x1e,0x85,0x01,0x85,0x1e,0x81,0x04,0x84,0x00,0x50,0x06,0xb0,
0x07,0x81,0x07,0x84,0xa0,0x00,0x7c,0xdb,0x51,0x62,0x00,0x00,0xf0,0x00,0x7c,0xdb,
0x51,0x66,0x00,0x00,0x5b,0x05,0x12,0x7e,0x05,0x81,0x08,0x81,0x5e,0x05,0x16,0x7e,
0x08,0x01,0x09,0xbf,0x07,0xfc,0x89,0xbf,0x45,0x00,0x46,0xd6,0x09,0x08,0x71,0x05,
0xc1,0x80,0x09,0x98,0x05,0x81,0x0a,0x8b,0x46,0x00,0x01,0xd5,0x80,0x02,0x25,0x00,
0x05,0xff,0x85,0x93,0x00,0x00,0x01,0x00,0x45,0x00,0x2c,0xd7,0x04,0x8a,0x02,0x00,
0x05,0xff,0x0d,0x8b,0x00,0x28,0x00,0x00,0x0a,0x80,0x06,0xbf,0x9f,0x8c,0x8c,0x30,
0x06,0xff,0x0a,0x98,0x00,0x64,0x00,0x00,0xff,0x06,0x05,0x98,0x00,0x64,0x00,0x00,
0xff,0x80,0x09,0x98,0x00,0x28,0x00,0x00,0x0b,0x83,0x0b,0x84,0x45,0x00,0x55,0xd6,
0x46,0x8b,0x0a,0x05,0x00,0x0b,0x0b,0x81,0x46,0xc1,0x8c,0x38,0x0b,0x1d,0x0b,0x96,
0x00,0x00,0xbd,0xbf,0xd0,0x8a,0x8e,0x4a,0x0b,0x2e,0x0b,0x81,0x09,0x00,0x87,0xbf,
0x0b,0x1d,0x0e,0x81,0x01,0x00,0x85,0xbf,0x00,0x00,0x5c,0xe0,0x47,0xb2,0x4a,0x80,
0x00,0x00,0x5c,0xe0,0x45,0xb6,0x4a,0x80,0x45,0x00,0x46,0xd6,0x0b,0x02,0x19,0x05,
0x0e,0x1d,0x0b,0x81,0x47,0x00,0x46,0xd6,0x0e,0x02,0x19,0x05,0x0b,0x1d,0x0e,0x81,
0x49,0x00,0x46,0xd6,0x0b,0x02,0x19,0x05,0x0e,0x1d,0x0b,0x81,0x4a,0x00,0x46,0xd6,
0x0e,0x02,0x19,0x05,0x0b,0x1d,0x0e,0x81,0x4b,0x00,0x46,0xd6,0x0b,0x02,0x19,0x05,
0x0e,0x1d,0x0b,0x81,0x4c,0x00,0x46,0xd6,0x0e,0x02,0x19,0x05,0x0b,0x1d,0x0e,0x81,
0x4d,0x00,0x46,0xd6,0x0b,0x02,0x19,0x05,0x4e,0x00,0x46,0xd6,0x0e,0x02,0x19,0x05,
0x07,0x00,0x85,0xbf,0x00,0x00,0x54,0xe0,0x45,0x45,0x49,0x80,0x00,0x00,0x54,0xe0,
0x47,0xba,0x49,0x80,0x00,0x00,0x54,0xe0,0x49,0xbc,0x49,0x80,0x00,0x00,0x54,0xe0,
0x4a,0xbe,0x49,0x80,0x00,0x00,0x54,0xe0,0x4b,0xc0,0x49,0x80,0x00,0x00,0x54,0xe0,
0x4c,0xc2,0x49,0x80,0x00,0x00,0x54,0xe0,0x4d,0xc4,0x49,0x80,0x00,0x00,0x54,0xe0,
0x4e,0xc6,0x49,0x80,0xaa,0x7c,0xfe,0xd6,0xff,0x82,0x2a,0x00,0x50,0x00,0x00,0x00,
0x47,0x00,0x0b,0xd6,0xff,0x80,0x36,0x00,0x50,0x00,0x00,0x00,0x00,0x00,0xfc,0xdb,
0x47,0x00,0x00,0x49,0x10,0x00,0xfc,0xdb,0x47,0x00,0x00,0x4d,0x00,0x00,0xfc,0xdb,
0xaa,0x00,0x00,0x51,0x10,0x00,0xfc,0xdb,0xaa,0x00,0x00,0x55,0x20,0x00,0xfc,0xdb,
0xaa,0x00,0x00,0x62,0x30,0x00,0xfc,0xdb,0xaa,0x00,0x00,0x66,0x20,0x00,0xfc,0xdb,
0x47,0x00,0x00,0x6a,0x30,0x00,0xfc,0xdb,0x47,0x00,0x00,0x6e,0x10,0x05,0xfc,0xdb,
0x47,0x00,0x00,0x76,0x00,0x05,0xfc,0xdb,0x47,0x00,0x00,0x72,0x30,0x05,0xfc,0xdb,
0x47,0x00,0x00,0x7e,0x20,0x05,0xfc,0xdb,0x47,0x00,0x00,0x7a,0x10,0x0a,0xfc,0xdb,
0x47,0x00,0x00,0x86,0x00,0x0a,0xfc,0xdb,0x47,0x00,0x00,0x82,0x10,0x0f,0xfc,0xdb,
0x47,0x00,0x00,0x8e,0x00,0x0f,0xfc,0xdb,0x47,0x00,0x00,0x8a,0x30,0x0a,0xfc,0xdb,
0x47,0x00,0x00,0x96,0x20,0x0a,0xfc,0xdb,0x47,0x00,0x00,0x92,0x10,0x05,0xfc,0xdb,
0xaa,0x00,0x00,0x9e,0x00,0x05,0xfc,0xdb,0xaa,0x00,0x00,0x9a,0x30,0x0f,0xfc,0xdb,
0x47,0x00,0x00,0xa6,0x20,0x0f,0xfc,0xdb,0x47,0x00,0x00,0xa2,0x30,0x05,0xfc,0xdb,
0xaa,0x00,0x00,0xae,0x20,0x05,0xfc,0xdb,0xaa,0x00,0x00,0xaa,0x47,0xfd,0x89,0xbf,
0x38,0x40,0x40,0xcc,0x51,0x93,0xe2,0x1c,0x07,0xfd,0x89,0xbf,0x01,0x00,0x87,0xbf,
0x38,0x40,0x40,0xcc,0x62,0xd5,0xe2,0x1c,0xe7,0xfc,0x89,0xbf,0x30,0x40,0x40,0xcc,
0x51,0xe5,0xc2,0x1c,0xa7,0xfc,0x89,0xbf,0x28,0x40,0x40,0xcc,0x51,0x05,0xa3,0x1c,
0x87,0xfc,0x89,0xbf,0x20,0x40,0x40,0xcc,0x51,0x15,0x83,0x1c,0x30,0x40,0x40,0xcc,
0x62,0xf5,0xc2,0x1c,0x67,0xfc,0x89,0xbf,0x28,0x40,0x40,0xcc,0x62,0x25,0xa3,0x1c,
0x47,0xfc,0x89,0xbf,0x18,0x40,0x40,0xcc,0x9a,0x93,0x62,0x1c,0x10,0x40,0x40,0xcc,
0x9a,0xe5,0x42,0x1c,0x08,0x40,0x40,0xcc,0x9a,0x05,0x23,0x1c,0x00,0x40,0x40,0xcc,
0x9a,0x15,0x03,0x1c,0x27,0xfc,0x89,0xbf,0x20,0x40,0x40,0xcc,0x62,0x45,0x83,0x1c,
0x07,0xfc,0x89,0xbf,0x18,0x40,0x40,0xcc,0xaa,0xd5,0x62,0x1c,0x10,0x40,0x40,0xcc,
0xaa,0xf5,0x42,0x1c,0x08,0x40,0x40,0xcc,0xaa,0x25,0x23,0x1c,0x00,0x40,0x40,0xcc,
0xaa,0x45,0x03,0x1c,0x47,0x00,0x55,0xd6,0x07,0x12,0x0c,0x05,0xf7,0x1b,0x89,0xbf,
0x49,0x00,0x44,0xd6,0xba,0x8b,0xfe,0x03,0x02,0x03,0x06,0x07,0x55,0x00,0x44,0xd6,
0xba,0x8b,0xfe,0x03,0x00,0x01,0x04,0x05,0xf7,0x13,0x89,0xbf,0x56,0x00,0x44,0xd6,
0xbe,0x79,0xff,0x03,0x00,0x01,0x04,0x05,0xf7,0x0b,0x89,0xbf,0x57,0x00,0x44,0xd6,
0xc2,0x81,0xff,0x03,0x00,0x01,0x04,0x05,0xf7,0x03,0x89,0xbf,0x58,0x00,0x44,0xd6,
0xc6,0x89,0xff,0x03,0x00,0x01,0x04,0x05,0x45,0x00,0x55,0xd6,0x05,0xc2,0x12,0x05,
0xc0,0x84,0x84,0x4a,0x4a,0x00,0x44,0xd6,0xbe,0x79,0xff,0x03,0x02,0x03,0x06,0x07,
0x4b,0x00,0x44,0xd6,0xc2,0x81,0xff,0x03,0x02,0x03,0x06,0x07,0x4c,0x00,0x44,0xd6,
0xc6,0x89,0xff,0x03,0x02,0x03,0x06,0x07,0x4d,0x00,0x44,0xd6,0xbb,0x8d,0xfe,0x03,
0x00,0x01,0x04,0x05,0x4e,0x00,0x44,0xd6,0xbf,0x7b,0xff,0x03,0x00,0x01,0x04,0x05,
0x4f,0x00,0x44,0xd6,0xc3,0x83,0xff,0x03,0x00,0x01,0x04,0x05,0x50,0x00,0x44,0xd6,
0xc7,0x8b,0xff,0x03,0x00,0x01,0x04,0x05,0x00,0xa0,0x00,0x81,0x51,0x00,0x44,0xd6,
0xbb,0x8d,0xfe,0x03,0x02,0x03,0x06,0x07,0x52,0x00,0x44,0xd6,0xbf,0x7b,0xff,0x03,
0x02,0x03,0x06,0x07,0x53,0x00,0x44,0xd6,0xc3,0x83,0xff,0x03,0x02,0x03,0x06,0x07,
0x54,0x00,0x44,0xd6,0xc7,0x8b,0xff,0x03,0x02,0x03,0x06,0x07,0x01,0x08,0x07,0xbf,
0x08,0x00,0x85,0xbe,0x00,0x00,0x7c,0xdb,0x47,0x55,0x00,0x00,0x50,0x00,0x7c,0xdb,
0x47,0x49,0x00,0x00,0xa0,0x00,0x7c,0xdb,0x47,0x4d,0x00,0x00,0xf0,0x00,0x7c,0xdb,
0x47,0x51,0x00,0x00,0x00,0x00,0x7c,0xdb,0x45,0xb2,0x00,0x00,0x10,0x00,0x7c,0xdb,
0x45,0xb6,0x00,0x00,0x07,0xff,0xa2,0xbf,0x1e,0x9f,0x00,0x8b,0xa9,0x04,0x87,0xbf,
0x00,0x80,0x06,0xbf,0xc1,0x80,0x01,0x98,0x02,0x01,0x01,0x8b,0x09,0x00,0x87,0xbf,
0x7e,0x01,0x6a,0x8b,0x01,0x03,0xa4,0xbf,0x02,0x7e,0x01,0x8b,0x00,0x1e,0x31,0x98,
0x09,0x00,0x87,0xbf,0x31,0x80,0x06,0xbf,0xfc,0x02,0xa2,0xbf,0xf7,0x27,0x89,0xbf,
0x0c,0xba,0x80,0x4a,0x8f,0xb2,0x82,0x36,0x42,0x00,0x46,0xd6,0x59,0x05,0xb9,0x00,
0xf7,0x23,0x89,0xbf,0x85,0xbe,0x8c,0x30,0xff,0xb2,0x8e,0x16,0x40,0x01,0x00,0x00,
0x40,0x00,0x2c,0xd7,0xff,0x80,0x02,0x00,0x50,0x00,0x00,0x00,0xf7,0x07,0x89,0xbf,
0x30,0x82,0x94,0x38,0x1e,0xff,0x00,0x8b,0xe0,0xff,0xff,0xff,0x02,0x7e,0x01,0x8b,
0x81,0x84,0x86,0x38,0x82,0x84,0x88,0x38,0x83,0x84,0x8a,0x38,0x41,0xb5,0x92,0x38,
0x50,0x00,0x04,0xb0,0x00,0x80,0x32,0x98,0x46,0x00,0x55,0xd6,0x40,0x8d,0xfe,0x03,
0x00,0x50,0x00,0x00,0x40,0x7c,0xfe,0xd6,0x4a,0x09,0xfc,0x03,0x00,0x50,0x00,0x00,
0x47,0x00,0x46,0xd6,0x03,0x08,0x1d,0x05,0x32,0x81,0x03,0x84,0x1d,0x84,0x98,0x7c,
0x00,0x00,0x4c,0xd4,0x1d,0x86,0x02,0x00,0x01,0x00,0x4c,0xd4,0x1d,0x88,0x02,0x00,
0x02,0x00,0x4c,0xd4,0x1d,0x8a,0x02,0x00,0xff,0x92,0x92,0x16,0x50,0x00,0x00,0x00,
0x32,0x90,0x82,0x38,0x48,0x00,0x56,0xd6,0x5f,0x0b,0x0d,0x00,0x80,0x00,0xb3,0xbe,
0x1e,0x81,0x34,0x84,0x5b,0x05,0x08,0x7e,0x33,0x82,0x94,0x4a,0x32,0x33,0x35,0x81,
0xf7,0x03,0x89,0xbf,0x12,0x01,0x87,0xbf,0x4b,0x00,0x46,0xd6,0x04,0x08,0x71,0x05,
0x81,0x94,0x98,0x4a,0x04,0x83,0x04,0x84,0x82,0x94,0x9a,0x4a,0x03,0x00,0x4c,0xd4,
0x1e,0x94,0x02,0x00,0x35,0x04,0x35,0x81,0x04,0x00,0x4c,0xd4,0x1c,0x96,0x02,0x00,
0x83,0x94,0x9c,0x4a,0x84,0x94,0x9e,0x4a,0x05,0x00,0x4c,0xd4,0x1e,0x98,0x02,0x00,
0x85,0x94,0xa0,0x4a,0x06,0x00,0x4c,0xd4,0x1e,0x9a,0x02,0x00,0x03,0x04,0x03,0x8b,
0x86,0x94,0xa2,0x4a,0x07,0x00,0x4c,0xd4,0x1e,0x9c,0x02,0x00,0x08,0x00,0x4c,0xd4,
0x1e,0x9e,0x02,0x00,0x4f,0x00,0x01,0xd5,0xff,0x00,0x0d,0x00,0x00,0x00,0x00,0x80,
0x05,0x04,0x03,0x8b,0x87,0x94,0xa4,0x4a,0x09,0x00,0x4c,0xd4,0x1e,0xa0,0x02,0x00,
0x50,0x00,0x01,0xd5,0xff,0x00,0x0d,0x00,0x00,0x00,0x00,0x80,0x06,0x04,0x03,0x8b,
0x88,0x94,0xa6,0x4a,0x0a,0x00,0x4c,0xd4,0x1e,0xa2,0x02,0x00,0x51,0x00,0x01,0xd5,
0xff,0x00,0x0d,0x00,0x00,0x00,0x00,0x80,0x07,0x04,0x03,0x8b,0x89,0x94,0xa8,0x4a,
0x0b,0x00,0x4c,0xd4,0x1e,0xa4,0x02,0x00,0x52,0x00,0x01,0xd5,0xff,0x00,0x0d,0x00,
0x00,0x00,0x00,0x80,0x08,0x04,0x03,0x8b,0x8a,0x94,0xaa,0x4a,0x0c,0x00,0x4c,0xd4,
0x1e,0xa6,0x02,0x00,0x53,0x00,0x01,0xd5,0xff,0x00,0x0d,0x00,0x00,0x00,0x00,0x80,
0x09,0x04,0x03,0x8b,0x8b,0x94,0xac,0x4a,0x0d,0x00,0x4c,0xd4,0x1e,0xa8,0x02,0x00,
0x54,0x00,0x01,0xd5,0xff,0x00,0x0d,0x00,0x00,0x00,0x00,0x80,0x0a,0x04,0x03,0x8b,
0x8c,0x94,0xae,0x4a,0x0e,0x00,0x4c,0xd4,0x1e,0xaa,0x02,0x00,0x55,0x00,0x01,0xd5,
0xff,0x00,0x0d,0x00,0x00,0x00,0x00,0x80,0x0b,0x04,0x03,0x8b,0x8d,0x94,0xb0,0x4a,
0x10,0x00,0x4c,0xd4,0x1e,0xac,0x02,0x00,0x56,0x00,0x01,0xd5,0xff,0x00,0x0d,0x00,
0x00,0x00,0x00,0x80,0x0c,0x04,0x03,0x8b,0x8e,0x94,0xba,0x4a,0x11,0x00,0x4c,0xd4,
0x1e,0xae,0x02,0x00,0x57,0x00,0x01,0xd5,0xff,0x00,0x0d,0x00,0x00,0x00,0x00,0x80,
0x0d,0x04,0x03,0x8b,0x8f,0x94,0x94,0x4a,0x12,0x00,0x4c,0xd4,0x1e,0xb0,0x02,0x00,
0x58,0x00,0x01,0xd5,0xff,0x00,0x0d,0x00,0x00,0x00,0x00,0x80,0x0e,0x04,0x03,0x8b,
0x13,0x00,0x4c,0xd4,0x1e,0xba,0x02,0x00,0x5d,0x00,0x01,0xd5,0xff,0x00,0x0d,0x00,
0x00,0x00,0x00,0x80,0x10,0x04,0x03,0x8b,0x14,0x00,0x4c,0xd4,0x1e,0x94,0x02,0x00,
0x5e,0x00,0x01,0xd5,0xff,0x00,0x0d,0x00,0x00,0x00,0x00,0x80,0x11,0x04,0x03,0x8b,
0x4b,0x00,0x2c,0xd7,0x34,0x96,0x02,0x00,0x5f,0x00,0x01,0xd5,0xff,0x00,0x0d,0x00,
0x00,0x00,0x00,0x80,0x12,0x04,0x03,0x8b,0x35,0x1d,0x36,0x96,0x60,0x00,0x01,0xd5,
0xff,0x00,0x0d,0x00,0x00,0x00,0x00,0x80,0x13,0x04,0x03,0x8b,0x36,0x86,0x98,0x4a,
0x61,0x00,0x01,0xd5,0xff,0x00,0x0d,0x00,0x00,0x00,0x00,0x80,0x14,0x04,0x03,0x8b,
0x35,0x1e,0x0a,0xbf,0x62,0x00,0x01,0xd5,0xff,0x00,0x0d,0x00,0x00,0x00,0x00,0x80,
0xc1,0x80,0x03,0x98,0x4f,0x00,0x55,0xd6,0x4f,0x97,0x22,0x05,0x6a,0x03,0x06,0x8b,
0x50,0x00,0x55,0xd6,0x50,0x97,0x22,0x05,0x51,0x00,0x55,0xd6,0x51,0x97,0x22,0x05,
0x52,0x00,0x55,0xd6,0x52,0x97,0x22,0x05,0x53,0x00,0x55,0xd6,0x53,0x97,0x22,0x05,
0x54,0x00,0x55,0xd6,0x54,0x97,0x22,0x05,0x55,0x00,0x55,0xd6,0x55,0x97,0x22,0x05,
0x56,0x00,0x55,0xd6,0x56,0x97,0x22,0x05,0x57,0x00,0x55,0xd6,0x57,0x97,0x22,0x05,
0x58,0x00,0x55,0xd6,0x58,0x97,0x22,0x05,0x5d,0x00,0x55,0xd6,0x5d,0x97,0x22,0x05,
0x5e,0x00,0x55,0xd6,0x5e,0x97,0x22,0x05,0x5f,0x00,0x55,0xd6,0x5f,0x97,0x22,0x05,
0x60,0x00,0x55,0xd6,0x60,0x97,0x22,0x05,0x61,0x00,0x55,0xd6,0x61,0x97,0x22,0x05,
0x4b,0x00,0x55,0xd6,0x62,0x97,0x22,0x05,0x62,0x00,0x01,0xd5,0xff,0x00,0x19,0x00,
0x00,0x00,0x00,0x80,0x00,0x03,0x06,0x8b,0x35,0x81,0x04,0x81,0x36,0x1d,0x05,0x81,
0x63,0x00,0x01,0xd5,0xff,0x00,0x19,0x00,0x00,0x00,0x00,0x80,0x01,0x03,0x06,0x8b,
0x02,0x03,0x03,0x8b,0x04,0x1e,0x0a,0xbf,0x36,0x88,0x9a,0x4a,0x36,0x8a,0x9c,0x4a,
0x64,0x00,0x01,0xd5,0xff,0x00,0x19,0x00,0x00,0x00,0x00,0x80,0x65,0x00,0x01,0xd5,
0xff,0x00,0x0d,0x00,0x00,0x00,0x00,0x80,0xc1,0x80,0x03,0x98,0x36,0x84,0x94,0x4a,
0x6a,0x03,0x06,0x8b,0x0f,0x00,0x85,0xbf,0x00,0x00,0x48,0xe0,0x4f,0x4f,0x4a,0x80,
0x02,0x00,0x48,0xe0,0x50,0x50,0x4a,0x80,0x04,0x00,0x48,0xe0,0x51,0x51,0x4a,0x80,
0x06,0x00,0x48,0xe0,0x52,0x52,0x4a,0x80,0x08,0x00,0x48,0xe0,0x53,0x53,0x4a,0x80,
0x0a,0x00,0x48,0xe0,0x54,0x54,0x4a,0x80,0x0c,0x00,0x48,0xe0,0x55,0x55,0x4a,0x80,
0x0e,0x00,0x48,0xe0,0x56,0x56,0x4a,0x80,0x10,0x00,0x48,0xe0,0x57,0x57,0x4a,0x80,
0x12,0x00,0x48,0xe0,0x58,0x58,0x4a,0x80,0x14,0x00,0x48,0xe0,0x5d,0x5d,0x4a,0x80,
0x16,0x00,0x48,0xe0,0x5e,0x5e,0x4a,0x80,0x18,0x00,0x48,0xe0,0x5f,0x5f,0x4a,0x80,
0x1a,0x00,0x48,0xe0,0x60,0x60,0x4a,0x80,0x1c,0x00,0x48,0xe0,0x61,0x61,0x4a,0x80,
0x1e,0x00,0x48,0xe0,0x4b,0x6a,0x4a,0x80,0x4b,0x00,0x46,0xd6,0x4c,0x03,0x8d,0x05,
0x4c,0x00,0x46,0xd6,0x4d,0x03,0x91,0x05,0x4d,0x00,0x46,0xd6,0x4e,0x03,0x95,0x05,
0x4e,0x00,0x01,0xd5,0xff,0x00,0x19,0x00,0x00,0x00,0x00,0x80,0x00,0x03,0x06,0x8b,
0x35,0x82,0x04,0x81,0x05,0x84,0xcc,0x4a,0x05,0x86,0xce,0x4a,0x05,0x88,0xd0,0x4a,
0x05,0x8a,0xd2,0x4a,0x05,0x1d,0x05,0x81,0x4a,0x00,0x46,0xd6,0x4a,0x03,0x89,0x05,
0x62,0x00,0x01,0xd5,0xff,0x00,0x19,0x00,0x00,0x00,0x00,0x80,0x01,0x03,0x06,0x8b,
0x02,0x03,0x03,0x8b,0x04,0x1e,0x0a,0xbf,0x64,0x00,0x01,0xd5,0xff,0x00,0x0d,0x00,
0x00,0x00,0x00,0x80,0xc1,0x80,0x03,0x98,0x63,0x00,0x01,0xd5,0xff,0x00,0x19,0x00,
0x00,0x00,0x00,0x80,0x6a,0x03,0x06,0x8b,0x4e,0x00,0x46,0xd6,0x66,0x03,0x39,0x05,
0x66,0x00,0x01,0xd5,0xff,0x00,0x19,0x00,0x00,0x00,0x00,0x80,0x00,0x03,0x06,0x8b,
0x35,0x83,0x04,0x81,0x05,0x84,0xca,0x4a,0x05,0x86,0xd6,0x4a,0x05,0x88,0xd8,0x4a,
0x05,0x8a,0xda,0x4a,0x05,0x1d,0x05,0x81,0x62,0x00,0x46,0xd6,0x67,0x03,0x89,0x05,
0x67,0x00,0x01,0xd5,0xff,0x00,0x19,0x00,0x00,0x00,0x00,0x80,0x01,0x03,0x06,0x8b,
0x02,0x03,0x03,0x8b,0x04,0x1e,0x0a,0xbf,0x64,0x00,0x46,0xd6,0x69,0x03,0x91,0x05,
0x69,0x00,0x01,0xd5,0xff,0x00,0x0d,0x00,0x00,0x00,0x00,0x80,0xc1,0x80,0x03,0x98,
0x63,0x00,0x46,0xd6,0x68,0x03,0x8d,0x05,0x68,0x00,0x01,0xd5,0xff,0x00,0x19,0x00,
0x00,0x00,0x00,0x80,0x6a,0x03,0x06,0x8b,0x07,0x00,0x85,0xbf,0x00,0x00,0x48,0xe0,
0x4a,0x72,0x49,0x80,0x00,0x00,0x48,0xe0,0x4b,0x73,0x49,0x80,0x00,0x00,0x48,0xe0,
0x4c,0x74,0x49,0x80,0x00,0x00,0x48,0xe0,0x4d,0x75,0x49,0x80,0x00,0x00,0x48,0xe0,
0x4e,0x76,0x49,0x80,0x00,0x00,0x48,0xe0,0x62,0x62,0x49,0x80,0x00,0x00,0x48,0xe0,
0x63,0x63,0x49,0x80,0x00,0x00,0x48,0xe0,0x64,0x64,0x49,0x80,0x4e,0x00,0x01,0xd5,
0xff,0x00,0x19,0x00,0x00,0x00,0x00,0x80,0x00,0x03,0x06,0x8b,0x35,0x84,0x04,0x81,
0x05,0x84,0xdc,0x4a,0x05,0x86,0xde,0x4a,0x05,0x88,0xe0,0x4a,0x05,0x8a,0xe2,0x4a,
0x05,0x1d,0x05,0x81,0x4a,0x00,0x46,0xd6,0x65,0x03,0x99,0x05,0x65,0x00,0x01,0xd5,
0xff,0x00,0x19,0x00,0x00,0x00,0x00,0x80,0x01,0x03,0x06,0x8b,0x02,0x03,0x03,0x8b,
0x04,0x1e,0x0a,0xbf,0x4b,0x00,0x46,0xd6,0x6b,0x03,0x9d,0x05,0x67,0x00,0x01,0xd5,
0xff,0x00,0x0d,0x00,0x00,0x00,0x00,0x80,0xc1,0x80,0x03,0x98,0x66,0x00,0x01,0xd5,
0xff,0x00,0x19,0x00,0x00,0x00,0x00,0x80,0x6a,0x03,0x06,0x8b,0x4d,0x00,0x46,0xd6,
0x6d,0x03,0xa5,0x05,0x6d,0x00,0x01,0xd5,0xff,0x00,0x19,0x00,0x00,0x00,0x00,0x80,
0x00,0x03,0x06,0x8b,0x35,0x85,0x04,0x81,0x4c,0x00,0x46,0xd6,0x6c,0x03,0xa1,0x05,
0x05,0x84,0xd0,0x4a,0x05,0x86,0xd2,0x4a,0x05,0x88,0xd6,0x4a,0x05,0x8a,0xd8,0x4a,
0x05,0x1d,0x05,0x81,0x4e,0x00,0x46,0xd6,0x6e,0x03,0x39,0x05,0x6e,0x00,0x01,0xd5,
0xff,0x00,0x19,0x00,0x00,0x00,0x00,0x80,0x01,0x03,0x06,0x8b,0x02,0x03,0x03,0x8b,
0x04,0x1e,0x0a,0xbf,0x65,0x00,0x46,0xd6,0x6f,0x03,0x95,0x05,0x66,0x00,0x46,0xd6,
0x70,0x03,0x99,0x05,0x70,0x00,0x01,0xd5,0xff,0x00,0x0d,0x00,0x00,0x00,0x00,0x80,
0xc1,0x80,0x03,0x98,0x67,0x00,0x46,0xd6,0x71,0x03,0x9d,0x05,0x6f,0x00,0x01,0xd5,
0xff,0x00,0x19,0x00,0x00,0x00,0x00,0x80,0x6a,0x03,0x06,0x8b,0x07,0x00,0x85,0xbf,
0x00,0x00,0x48,0xe0,0x4a,0x7a,0x49,0x80,0x00,0x00,0x48,0xe0,0x4b,0x7b,0x49,0x80,
0x00,0x00,0x48,0xe0,0x4c,0x7c,0x49,0x80,0x00,0x00,0x48,0xe0,0x4d,0x7d,0x49,0x80,
0x00,0x00,0x48,0xe0,0x4e,0x7e,0x49,0x80,0x00,0x00,0x48,0xe0,0x65,0x65,0x49,0x80,
0x00,0x00,0x48,0xe0,0x66,0x66,0x49,0x80,0x00,0x00,0x48,0xe0,0x67,0x67,0x49,0x80,
0x4e,0x00,0x01,0xd5,0xff,0x00,0x19,0x00,0x00,0x00,0x00,0x80,0x00,0x03,0x06,0x8b,
0x35,0x86,0x04,0x81,0x05,0x84,0xe2,0x4a,0x05,0x86,0xee,0x4a,0x05,0x88,0xf0,0x4a,
0x05,0x8a,0xf2,0x4a,0x05,0x1d,0x05,0x81,0x4a,0x00,0x46,0xd6,0x68,0x03,0xb5,0x05,
0x68,0x00,0x01,0xd5,0xff,0x00,0x19,0x00,0x00,0x00,0x00,0x80,0x01,0x03,0x06,0x8b,
0x02,0x03,0x03,0x8b,0x04,0x1e,0x0a,0xbf,0x4c,0x00,0x46,0xd6,0x6b,0x03,0xbd,0x05,
0x6b,0x00,0x01,0xd5,0xff,0x00,0x0d,0x00,0x00,0x00,0x00,0x80,0xc1,0x80,0x03,0x98,
0x4b,0x00,0x46,0xd6,0x69,0x03,0xb9,0x05,0x6a,0x03,0x04,0x8b,0x4d,0x00,0x46,0xd6,
0x6c,0x03,0xc1,0x05,0x69,0x00,0x01,0xd5,0xff,0x00,0x19,0x00,0x00,0x00,0x00,0x80,
0x70,0x00,0x01,0xd5,0xff,0x00,0x11,0x00,0x00,0x00,0x00,0x80,0x00,0x03,0x04,0x8b,
0x35,0x87,0x35,0x81,0x05,0x84,0xd8,0x4a,0x05,0x86,0xda,0x4a,0x05,0x88,0xdc,0x4a,
0x05,0x8a,0xde,0x4a,0x05,0x1d,0x05,0x81,0x4e,0x00,0x46,0xd6,0x71,0x03,0x39,0x05,
0x71,0x00,0x01,0xd5,0xff,0x00,0x11,0x00,0x00,0x00,0x00,0x80,0x01,0x03,0x04,0x8b,
0x02,0x03,0x03,0x8b,0x35,0x1e,0x0a,0xbf,0x69,0x00,0x46,0xd6,0x78,0x03,0xa5,0x05,
0x78,0x00,0x01,0xd5,0xff,0x00,0x0d,0x00,0x00,0x00,0x00,0x80,0xc1,0x80,0x03,0x98,
0x68,0x00,0x46,0xd6,0x77,0x03,0xa1,0x05,0x77,0x00,0x01,0xd5,0xff,0x00,0x11,0x00,
0x00,0x00,0x00,0x80,0x6a,0x03,0x04,0x8b,0x6b,0x00,0x46,0xd6,0x79,0x03,0xad,0x05,
0x03,0x00,0x85,0xbf,0x00,0x00,0x48,0xe0,0x4a,0x82,0x49,0x80,0x00,0x00,0x48,0xe0,
0x4b,0x83,0x49,0x80,0x00,0x00,0x48,0xe0,0x4c,0x84,0x49,0x80,0x00,0x00,0x48,0xe0,
0x4d,0x85,0x49,0x80,0x4d,0x00,0x01,0xd5,0xff,0x00,0x11,0x00,0x00,0x00,0x00,0x80,
0x00,0x03,0x04,0x8b,0x03,0x00,0x85,0xbf,0x00,0x00,0x48,0xe0,0x4e,0x86,0x49,0x80,
0x00,0x00,0x48,0xe0,0x68,0x68,0x49,0x80,0x00,0x00,0x48,0xe0,0x69,0x69,0x49,0x80,
0x00,0x00,0x48,0xe0,0x6b,0x6b,0x49,0x80,0x4e,0x00,0x01,0xd5,0xff,0x00,0x11,0x00,
0x00,0x00,0x00,0x80,0x01,0x03,0x04,0x8b,0x02,0x03,0x03,0x8b,0x05,0x84,0xf2,0x4a,
0x05,0x88,0x00,0x4b,0x05,0x8a,0x02,0x4b,0x4a,0x00,0x46,0xd6,0x6c,0x03,0xc1,0x05,
0x4b,0x00,0x46,0xd6,0x6d,0x03,0xc5,0x05,0x6c,0x00,0x01,0xd5,0xff,0x00,0x11,0x00,
0x00,0x00,0x00,0x80,0x6d,0x00,0x01,0xd5,0xff,0x00,0x0d,0x00,0x00,0x00,0x00,0x80,
0x05,0x86,0xfe,0x4a,0x4c,0x00,0x46,0xd6,0x6e,0x03,0xdd,0x05,0x6e,0x00,0x46,0xd6,
0x6f,0x03,0xe1,0x05,0x4d,0x00,0x46,0xd6,0x79,0x03,0x35,0x05,0x6c,0x00,0x46,0xd6,
0x80,0x03,0xb1,0x05,0x6d,0x00,0x46,0xd6,0x81,0x03,0xb5,0x05,0x4e,0x00,0x46,0xd6,
0x7f,0x03,0x39,0x05,0x07,0x00,0x85,0xbf,0x00,0x00,0x48,0xe0,0x4a,0x6f,0x49,0x80,
0x00,0x00,0x48,0xe0,0x4b,0x70,0x49,0x80,0x00,0x00,0x48,0xe0,0x4c,0x71,0x49,0x80,
0x00,0x00,0x48,0xe0,0x6e,0x6e,0x49,0x80,0x00,0x00,0x48,0xe0,0x4d,0x77,0x49,0x80,
0x00,0x00,0x48,0xe0,0x4e,0x78,0x49,0x80,0x00,0x00,0x48,0xe0,0x6c,0x6c,0x49,0x80,
0x00,0x00,0x48,0xe0,0x6d,0x6d,0x49,0x80,0xc0,0x90,0x90,0x4a,0x33,0xa0,0x33,0x81,
0x09,0x00,0x87,0xbf,0x33,0x31,0x0a,0xbf,0xf7,0xbb,0x89,0xbf,0x4a,0x00,0x44,0xd6,
0x50,0x9f,0xfe,0x03,0x00,0x01,0x04,0x05,0xf7,0xb3,0x89,0xbf,0x4b,0x00,0x44,0xd6,
0x52,0xa3,0xfe,0x03,0x00,0x01,0x04,0x05,0xf7,0xab,0x89,0xbf,0x4c,0x00,0x44,0xd6,
0x54,0xa7,0xfe,0x03,0x00,0x01,0x04,0x05,0xf7,0xa3,0x89,0xbf,0x4d,0x00,0x44,0xd6,
0x56,0xab,0xfe,0x03,0x00,0x01,0x04,0x05,0xf7,0x9b,0x89,0xbf,0x4e,0x00,0x44,0xd6,
0x58,0xaf,0xfe,0x03,0x00,0x01,0x04,0x05,0xf7,0x93,0x89,0xbf,0x4f,0x00,0x44,0xd6,
0x5e,0xbb,0xfe,0x03,0x00,0x01,0x04,0x05,0xf7,0x8b,0x89,0xbf,0x50,0x00,0x44,0xd6,
0x60,0xbf,0xfe,0x03,0x00,0x01,0x04,0x05,0xf7,0x83,0x89,0xbf,0x51,0x00,0x44,0xd6,
0x6a,0xc3,0xfe,0x03,0x00,0x01,0x04,0x05,0x00,0x00,0x7c,0xdb,0x46,0x4a,0x00,0x00,
0x10,0x00,0x7c,0xdb,0x46,0x4e,0x00,0x00,0xf7,0x6f,0x89,0xbf,0x4a,0x00,0x44,0xd6,
0x76,0xe5,0xfe,0x03,0x00,0x01,0x04,0x05,0xf7,0x6b,0x89,0xbf,0x4e,0x00,0x44,0xd6,
0x62,0xe7,0xfe,0x03,0x00,0x01,0x04,0x05,0xf7,0x67,0x89,0xbf,0x52,0x00,0x44,0xd6,
0x63,0xe9,0xfe,0x03,0x00,0x01,0x04,0x05,0xf7,0x63,0x89,0xbf,0x5d,0x00,0x44,0xd6,
0x64,0xeb,0xfe,0x03,0x00,0x01,0x04,0x05,0xf7,0x4f,0x89,0xbf,0x4b,0x00,0x44,0xd6,
0x7e,0xf5,0xfe,0x03,0x00,0x01,0x04,0x05,0xf7,0x4b,0x89,0xbf,0x4f,0x00,0x44,0xd6,
0x65,0xf7,0xfe,0x03,0x00,0x01,0x04,0x05,0xf7,0x47,0x89,0xbf,0x53,0x00,0x44,0xd6,
0x66,0xf9,0xfe,0x03,0x00,0x01,0x04,0x05,0xf7,0x43,0x89,0xbf,0x5e,0x00,0x44,0xd6,
0x67,0xfb,0xfe,0x03,0x00,0x01,0x04,0x05,0xf7,0x2f,0x89,0xbf,0x4c,0x00,0x44,0xd6,
0x86,0x05,0xff,0x03,0x00,0x01,0x04,0x05,0xf7,0x2b,0x89,0xbf,0x50,0x00,0x44,0xd6,
0x68,0x07,0xff,0x03,0x00,0x01,0x04,0x05,0xf7,0x27,0x89,0xbf,0x54,0x00,0x44,0xd6,
0x69,0x09,0xff,0x03,0x00,0x01,0x04,0x05,0xf7,0x23,0x89,0xbf,0x5f,0x00,0x44,0xd6,
0x6b,0x0b,0xff,0x03,0x00,0x01,0x04,0x05,0xf7,0x0f,0x89,0xbf,0x4d,0x00,0x44,0xd6,
0x77,0xdf,0xfe,0x03,0x00,0x01,0x04,0x05,0xf7,0x0b,0x89,0xbf,0x51,0x00,0x44,0xd6,
0x78,0xe1,0xfe,0x03,0x00,0x01,0x04,0x05,0xf7,0x07,0x89,0xbf,0x55,0x00,0x44,0xd6,
0x6c,0xe3,0xfe,0x03,0x00,0x01,0x04,0x05,0xf7,0x03,0x89,0xbf,0x60,0x00,0x44,0xd6,
0x6d,0xdd,0xfe,0x03,0x00,0x01,0x04,0x05,0x00,0x00,0x7c,0xdb,0x47,0x4a,0x00,0x00,
0x50,0x00,0x7c,0xdb,0x47,0x4e,0x00,0x00,0xa0,0x00,0x7c,0xdb,0x47,0x52,0x00,0x00,
0xf0,0x00,0x7c,0xdb,0x47,0x5d,0x00,0x00,0x07,0xfc,0x89,0xbf,0x00,0x00,0xbd,0xbf,
0x00,0x00,0xfc,0xdb,0x40,0x00,0x00,0x4a,0x10,0x00,0xfc,0xdb,0x40,0x00,0x00,0x4e,
0x20,0x00,0xfc,0xdb,0x40,0x00,0x00,0x5d,0x30,0x00,0xfc,0xdb,0x40,0x00,0x00,0x61,
0x00,0x00,0xfc,0xdb,0x49,0x00,0x00,0x65,0x10,0x00,0xfc,0xdb,0x49,0x00,0x00,0x69,
0x20,0x00,0xfc,0xdb,0x49,0x00,0x00,0x6d,0x30,0x00,0xfc,0xdb,0x49,0x00,0x00,0x71,
0x10,0x05,0xfc,0xdb,0x49,0x00,0x00,0x79,0x00,0x05,0xfc,0xdb,0x49,0x00,0x00,0x75,
0x10,0x0a,0xfc,0xdb,0x49,0x00,0x00,0x81,0x00,0x0a,0xfc,0xdb,0x49,0x00,0x00,0x7d,
0x10,0x0f,0xfc,0xdb,0x49,0x00,0x00,0x89,0x00,0x0f,0xfc,0xdb,0x49,0x00,0x00,0x85,
0x10,0x05,0xfc,0xdb,0x40,0x00,0x00,0x91,0x00,0x05,0xfc,0xdb,0x40,0x00,0x00,0x8d,
0x30,0x05,0xfc,0xdb,0x49,0x00,0x00,0x99,0x20,0x05,0xfc,0xdb,0x49,0x00,0x00,0x95,
0x30,0x0a,0xfc,0xdb,0x49,0x00,0x00,0xa1,0x20,0x0a,0xfc,0xdb,0x49,0x00,0x00,0x9d,
0x30,0x0f,0xfc,0xdb,0x49,0x00,0x00,0xa9,0x20,0x0f,0xfc,0xdb,0x49,0x00,0x00,0xa5,
0x30,0x05,0xfc,0xdb,0x40,0x00,0x00,0xb1,0x20,0x05,0xfc,0xdb,0x40,0x00,0x00,0xad,
0x27,0xfd,0x89,0xbf,0x38,0x40,0x40,0xcc,0x4a,0xcb,0xe2,0x1c,0xe7,0xfc,0x89,0xbf,
0x30,0x40,0x40,0xcc,0x4a,0xeb,0xc2,0x1c,0x02,0x00,0x87,0xbf,0x38,0x40,0x40,0xcc,
0x5d,0xdb,0xe2,0x1c,0xc7,0xfc,0x89,0xbf,0x28,0x40,0x40,0xcc,0x4a,0xfb,0xa2,0x1c,
0xa7,0xfc,0x89,0xbf,0x20,0x40,0x40,0xcc,0x4a,0x0b,0x83,0x1c,0x87,0xfc,0x89,0xbf,
0x18,0x40,0x40,0xcc,0x8d,0xcb,0x62,0x1c,0x10,0x40,0x40,0xcc,0x8d,0xeb,0x42,0x1c,
0x08,0x40,0x40,0xcc,0x8d,0xfb,0x22,0x1c,0x00,0x40,0x40,0xcc,0x8d,0x0b,0x03,0x1c,
0x67,0xfc,0x89,0xbf,0x30,0x40,0x40,0xcc,0x5d,0x2b,0xc3,0x1c,0x47,0xfc,0x89,0xbf,
0x28,0x40,0x40,0xcc,0x5d,0x3b,0xa3,0x1c,0x27,0xfc,0x89,0xbf,0x20,0x40,0x40,0xcc,
0x5d,0x4b,0x83,0x1c,0x07,0xfc,0x89,0xbf,0x18,0x40,0x40,0xcc,0xad,0xdb,0x62,0x1c,
0x10,0x40,0x40,0xcc,0xad,0x2b,0x43,0x1c,0x08,0x40,0x40,0xcc,0xad,0x3b,0x23,0x1c,
0x00,0x40,0x40,0xcc,0xad,0x4b,0x03,0x1c,0x32,0xfd,0xa2,0xbf,0x00,0x00,0x12,0xd4,
0x18,0x00,0x01,0x00,0xf7,0x27,0x89,0xbf,0x80,0x00,0x20,0xca,0x2e,0xb4,0x40,0x6d,
0x41,0x00,0x01,0xd5,0x80,0x02,0x7d,0x00,0x01,0x00,0x49,0xd4,0x8f,0xb2,0x02,0x00,
0x7e,0x00,0x6a,0x8b,0x03,0x00,0x87,0xbf,0x40,0x00,0x57,0xd6,0x59,0x1f,0x01,0x05,
0x80,0x00,0x10,0xca,0x80,0x00,0x72,0x74,0x00,0x00,0x4d,0xd4,0x81,0x82,0x02,0x00,
0x80,0x00,0x10,0xca,0x80,0x00,0x6a,0x72,0x80,0x00,0x10,0xca,0x80,0x00,0x70,0x6c,
0x80,0x00,0x10,0xca,0x80,0x00,0x70,0x75,0x80,0x00,0x10,0xca,0x80,0x00,0x62,0x65,
0x80,0x00,0x10,0xca,0x80,0x00,0x66,0x69,0x80,0x00,0x10,0xca,0x80,0x00,0x6a,0x6f,
0x80,0x00,0x10,0xca,0x80,0x00,0x5c,0x6e,0x80,0x00,0x10,0xca,0x80,0x00,0x68,0x63,
0x80,0x00,0x10,0xca,0x80,0x00,0x5c,0x67,0x80,0x00,0x10,0xca,0x80,0x00,0x64,0x5f,
0x80,0x00,0x10,0xca,0x80,0x00,0x5a,0x61,0x80,0x00,0x10,0xca,0x80,0x00,0x5e,0x5b,
0xf7,0x1b,0x89,0xbf,0x80,0x00,0x10,0xca,0x80,0x00,0x56,0x60,0xf7,0x03,0x89,0xbf,
0x80,0x02,0x98,0x7e,0x80,0x02,0xac,0x7e,0x80,0x02,0xb0,0x7e,0x1d,0x1c,0x05,0x96,
0x30,0x21,0x06,0x81,0x80,0x00,0x83,0xbe,0xbf,0x05,0xa4,0xbf,0x0f,0x16,0x02,0x96,
0x41,0x00,0x01,0xd5,0x80,0x02,0x05,0x00,0x02,0x81,0x82,0x84,0xb0,0x80,0x96,0x38,
0x07,0xfc,0x89,0xbf,0x2c,0x02,0x08,0x80,0x2d,0x03,0x01,0x82,0x81,0x2f,0x02,0x8b,
0x01,0xff,0x09,0x8b,0xff,0xff,0x00,0x00,0x2f,0x88,0x0d,0xbf,0x06,0x82,0xac,0x38,
0xc1,0x80,0x07,0x98,0x02,0x81,0x06,0xbf,0x18,0x14,0x82,0x7e,0xc1,0x80,0x0d,0x98,
0x53,0x00,0x01,0xd5,0x56,0x01,0x1d,0x00,0x42,0x00,0x01,0xd5,0x40,0x01,0x35,0x00,
0x82,0xac,0xaa,0x38,0x84,0xac,0xa8,0x38,0x86,0xac,0xa4,0x38,0x88,0xac,0xa2,0x38,
0x8a,0xac,0xa0,0x38,0x8c,0xac,0x9e,0x38,0x8e,0xac,0x9c,0x38,0x90,0x80,0x9a,0x38,
0xa0,0x80,0x98,0x38,0x90,0xac,0x94,0x38,0x92,0xac,0x92,0x38,0x94,0xac,0x90,0x38,
0x96,0xac,0x8e,0x38,0x98,0xac,0x8c,0x38,0x9a,0xac,0x8a,0x38,0x9c,0xac,0x88,0x38,
0x9e,0xac,0x86,0x38,0x0d,0x7e,0x01,0x8b,0x81,0x1d,0x0c,0x98,0x05,0x81,0x0a,0x84,
0x7e,0x00,0x6a,0x8b,0xff,0x00,0x8b,0xbe,0x00,0x40,0x00,0x31,0x89,0x03,0xa4,0xbf,
0x1c,0xac,0x98,0x7c,0x57,0x00,0x01,0xd5,0x55,0x01,0x1d,0x00,0x00,0x00,0x4c,0xd4,
0x0c,0x84,0x02,0x00,0x01,0x00,0x4c,0xd4,0x1c,0xaa,0x02,0x00,0x60,0x00,0x2c,0xd7,
0x53,0x19,0x00,0x00,0x6a,0x07,0x04,0x8c,0x61,0x00,0x2c,0xd7,0x57,0x19,0x00,0x00,
0x57,0x00,0x01,0xd5,0x54,0x01,0x1d,0x00,0x01,0x07,0x03,0x8c,0x00,0x04,0x01,0x8b,
0x02,0x00,0x4c,0xd4,0x1c,0xa4,0x02,0x00,0x58,0x00,0x01,0xd5,0xff,0x00,0x05,0x00,
0x00,0x00,0x00,0x80,0x00,0x03,0x01,0x8b,0x60,0x85,0xb4,0x4a,0x5c,0x00,0x01,0xd5,
0xff,0x00,0x05,0x00,0x00,0x00,0x00,0x80,0x01,0x00,0x4c,0xd4,0x1c,0xa8,0x02,0x00,
0x61,0x85,0xb6,0x4a,0x62,0x00,0x2c,0xd7,0x57,0x19,0x00,0x00,0x57,0x00,0x01,0xd5,
0x52,0x01,0x1d,0x00,0x02,0x07,0x0e,0x8c,0x01,0x07,0x10,0x8c,0x58,0x00,0x46,0xd6,
0x5a,0x03,0x61,0x05,0x00,0x10,0x01,0x8b,0x5a,0x00,0x46,0xd6,0x5b,0x03,0x71,0x05,
0x5b,0x00,0x01,0xd5,0xff,0x00,0x05,0x00,0x00,0x00,0x00,0x80,0x00,0x0e,0x01,0x8b,
0x63,0x00,0x2c,0xd7,0x57,0x19,0x00,0x00,0x5e,0x00,0x01,0xd5,0xff,0x00,0x05,0x00,
0x00,0x00,0x00,0x80,0x01,0x00,0x4c,0xd4,0x1c,0xa2,0x02,0x00,0x62,0x85,0xae,0x4a,
0x5c,0x00,0x01,0xd5,0x51,0x01,0x1d,0x00,0x6a,0x00,0x01,0xd5,0x4d,0x01,0x35,0x00,
0x73,0x00,0x01,0xd5,0x4c,0x01,0x35,0x00,0x01,0x07,0x11,0x8c,0x01,0x00,0x4c,0xd4,
0x1c,0xa0,0x02,0x00,0x63,0x85,0xba,0x4a,0x5b,0x00,0x46,0xd6,0x57,0x03,0x6d,0x05,
0x57,0x00,0x01,0xd5,0x4f,0x01,0x1d,0x00,0x00,0x11,0x02,0x8b,0x01,0x07,0x12,0x8c,
0x64,0x00,0x2c,0xd7,0x5c,0x19,0x00,0x00,0x5c,0x00,0x01,0xd5,0x50,0x01,0x1d,0x00,
0x5d,0x00,0x46,0xd6,0x5d,0x03,0x79,0x05,0x5e,0x00,0x01,0xd5,0xff,0x00,0x09,0x00,
0x00,0x00,0x00,0x80,0x66,0x00,0x2c,0xd7,0x57,0x19,0x00,0x00,0x57,0x00,0x01,0xd5,
0x4e,0x01,0x1d,0x00,0x01,0x00,0x4c,0xd4,0x1c,0x9e,0x02,0x00,0x00,0x12,0x02,0x8b,
0x65,0x00,0x2c,0xd7,0x5c,0x19,0x00,0x00,0x67,0x00,0x01,0xd5,0xff,0x00,0x09,0x00,
0x00,0x00,0x00,0x80,0x02,0x00,0x4c,0xd4,0x1c,0x9c,0x02,0x00,0x68,0x00,0x2c,0xd7,
0x57,0x19,0x00,0x00,0x01,0x07,0x14,0x8c,0x66,0x85,0xae,0x4a,0x00,0x14,0x01,0x8b,
0x02,0x07,0x13,0x8c,0x69,0x00,0x01,0xd5,0xff,0x00,0x05,0x00,0x00,0x00,0x00,0x80,
0x00,0x13,0x01,0x8b,0x65,0x85,0xbe,0x4a,0x6c,0x00,0x01,0xd5,0xff,0x00,0x05,0x00,
0x00,0x00,0x00,0x80,0x01,0x00,0x4c,0xd4,0x0c,0xd4,0x02,0x00,0x68,0x85,0xd6,0x4a,
0x64,0x85,0xb8,0x4a,0x5f,0x00,0x46,0xd6,0x5f,0x03,0x9d,0x05,0x67,0x00,0x46,0xd6,
0x57,0x03,0xa5,0x05,0x01,0x04,0x02,0x8b,0x69,0x00,0x46,0xd6,0x6b,0x03,0xb1,0x05,
0x6c,0x00,0x01,0xd5,0xff,0x00,0x09,0x00,0x00,0x00,0x00,0x80,0x01,0x03,0x02,0x8b,
0x61,0xd5,0xda,0x4a,0x6e,0x00,0x01,0xd5,0xff,0x00,0x09,0x00,0x00,0x00,0x00,0x80,
0x01,0x10,0x02,0x8b,0x60,0xd5,0xd6,0x4a,0x70,0x00,0x01,0xd5,0xff,0x00,0x09,0x00,
0x00,0x00,0x00,0x80,0x01,0x0e,0x02,0x8b,0x62,0xd5,0xde,0x4a,0x72,0x00,0x01,0xd5,
0xff,0x00,0x09,0x00,0x00,0x00,0x00,0x80,0x01,0x11,0x02,0x8b,0x5c,0x00,0x46,0xd6,
0x5c,0x03,0x79,0x05,0x63,0xd5,0xe2,0x4a,0x07,0x00,0x85,0xbf,0x00,0x00,0x48,0xe0,
0x58,0x57,0x42,0x80,0x00,0x00,0x48,0xe0,0x5a,0x5a,0x42,0x80,0x00,0x00,0x48,0xe0,
0x5b,0x5b,0x42,0x80,0x00,0x00,0x48,0xe0,0x5d,0x5e,0x42,0x80,0x00,0x00,0x48,0xe0,
0x5c,0x58,0x42,0x80,0x00,0x00,0x48,0xe0,0x5f,0x5c,0x42,0x80,0x00,0x00,0x48,0xe0,
0x67,0x5d,0x42,0x80,0x00,0x00,0x48,0xe0,0x69,0x5f,0x42,0x80,0x69,0x00,0x46,0xd6,
0x6d,0x03,0xb9,0x05,0x6e,0x00,0x01,0xd5,0xff,0x00,0x09,0x00,0x00,0x00,0x00,0x80,
0x01,0x12,0x02,0x8b,0x67,0x00,0x46,0xd6,0x6b,0x03,0xb1,0x05,0x6b,0x00,0x46,0xd6,
0x6f,0x03,0xc1,0x05,0x70,0x00,0x01,0xd5,0xff,0x00,0x09,0x00,0x00,0x00,0x00,0x80,
0x01,0x14,0x02,0x8b,0x6c,0x00,0x46,0xd6,0x71,0x03,0xc9,0x05,0x72,0x00,0x01,0xd5,
0xff,0x00,0x09,0x00,0x00,0x00,0x00,0x80,0x01,0x13,0x02,0x8b,0x64,0xd5,0xda,0x4a,
0x75,0x00,0x01,0xd5,0xff,0x00,0x09,0x00,0x00,0x00,0x00,0x80,0x02,0x00,0x4c,0xd4,
0x0c,0xe6,0x02,0x00,0x65,0xd5,0xde,0x4a,0x66,0xd5,0xe2,0x4a,0x68,0xd5,0xe8,0x4a,
0x6d,0x00,0x46,0xd6,0x6d,0x03,0xb9,0x05,0x02,0x04,0x16,0x8b,0x6e,0x00,0x46,0xd6,
0x6f,0x03,0xc1,0x05,0x6f,0x00,0x46,0xd6,0x71,0x03,0xc9,0x05,0x72,0x00,0x01,0xd5,
0xff,0x00,0x59,0x00,0x00,0x00,0x00,0x80,0x02,0x03,0x16,0x8b,0x70,0x00,0x46,0xd6,
0x74,0x03,0xd5,0x05,0x75,0x00,0x01,0xd5,0xff,0x00,0x59,0x00,0x00,0x00,0x00,0x80,
0x02,0x10,0x16,0x8b,0x60,0xe7,0xe2,0x4a,0x61,0xe7,0xe8,0x4a,0x62,0xe7,0xec,0x4a,
0x77,0x00,0x01,0xd5,0xff,0x00,0x59,0x00,0x00,0x00,0x00,0x80,0x02,0x0e,0x16,0x8b,
0x56,0x00,0x01,0xd5,0x4b,0x01,0x35,0x00,0x71,0x00,0x46,0xd6,0x71,0x03,0xc9,0x05,
0x72,0x00,0x46,0xd6,0x74,0x03,0xd5,0x05,0x74,0x00,0x46,0xd6,0x76,0x03,0xdd,0x05,
0x76,0x00,0x01,0xd5,0xff,0x00,0x59,0x00,0x00,0x00,0x00,0x80,0x02,0x11,0x16,0x8b,
0x0c,0xac,0x98,0x7c,0x78,0x00,0x01,0xd5,0xff,0x00,0x59,0x00,0x00,0x00,0x00,0x80,
0x02,0x12,0x16,0x8b,0x63,0xe7,0xea,0x4a,0x7a,0x00,0x01,0xd5,0xff,0x00,0x59,0x00,
0x00,0x00,0x00,0x80,0x02,0x14,0x16,0x8b,0x64,0xe7,0xee,0x4a,0x66,0xe7,0xf6,0x4a,
0x7c,0x00,0x01,0xd5,0xff,0x00,0x59,0x00,0x00,0x00,0x00,0x80,0x02,0x13,0x16,0x8b,
0x6a,0x03,0x03,0x8b,0x65,0xe7,0xf2,0x4a,0x68,0xe7,0xfa,0x4a,0x7e,0x00,0x01,0xd5,
0xff,0x00,0x59,0x00,0x00,0x00,0x00,0x80,0x75,0x00,0x46,0xd6,0x75,0x03,0xd9,0x05,
0x76,0x00,0x46,0xd6,0x77,0x03,0xe1,0x05,0x78,0x00,0x46,0xd6,0x7b,0x03,0xf1,0x05,
0x7b,0x00,0x01,0xd5,0xff,0x00,0x0d,0x00,0x00,0x00,0x00,0x80,0x6a,0x10,0x03,0x8b,
0x77,0x00,0x46,0xd6,0x79,0x03,0xe9,0x05,0x7c,0x00,0x01,0xd5,0xff,0x00,0x0d,0x00,
0x00,0x00,0x00,0x80,0x6a,0x0e,0x03,0x8b,0x79,0x00,0x46,0xd6,0x7d,0x03,0xf9,0x05,
0x7d,0x00,0x01,0xd5,0xff,0x00,0x0d,0x00,0x00,0x00,0x00,0x80,0x6a,0x11,0x03,0x8b,
0x0f,0x00,0x85,0xbf,0x00,0x00,0x48,0xe0,0x67,0x67,0x42,0x80,0x00,0x00,0x48,0xe0,
0x69,0x69,0x42,0x80,0x00,0x00,0x48,0xe0,0x6b,0x6b,0x42,0x80,0x00,0x00,0x48,0xe0,
0x6c,0x6c,0x42,0x80,0x00,0x00,0x48,0xe0,0x6d,0x6d,0x42,0x80,0x00,0x00,0x48,0xe0,
0x6e,0x6e,0x42,0x80,0x00,0x00,0x48,0xe0,0x6f,0x6f,0x42,0x80,0x00,0x00,0x48,0xe0,
0x70,0x70,0x42,0x80,0x00,0x00,0x48,0xe0,0x71,0x7e,0x42,0x80,0x00,0x00,0x48,0xe0,
0x72,0x7f,0x42,0x80,0x00,0x00,0x48,0xe0,0x74,0x80,0x42,0x80,0x00,0x00,0x48,0xe0,
0x75,0x81,0x42,0x80,0x00,0x00,0x48,0xe0,0x76,0x82,0x42,0x80,0x00,0x00,0x48,0xe0,
0x77,0x77,0x42,0x80,0x00,0x00,0x48,0xe0,0x78,0x78,0x42,0x80,0x00,0x00,0x48,0xe0,
0x79,0x79,0x42,0x80,0x71,0x00,0x01,0xd5,0xff,0x00,0x0d,0x00,0x00,0x00,0x00,0x80,
0x6a,0x12,0x03,0x8b,0x6a,0x04,0x04,0x8b,0x72,0x00,0x01,0xd5,0xff,0x00,0x0d,0x00,
0x00,0x00,0x00,0x80,0x6a,0x14,0x03,0x8b,0x60,0xad,0xc0,0x4a,0x74,0x00,0x01,0xd5,
0xff,0x00,0x0d,0x00,0x00,0x00,0x00,0x80,0x6a,0x13,0x03,0x8b,0x7a,0x00,0x01,0xd5,
0xff,0x00,0x11,0x00,0x00,0x00,0x00,0x80,0x75,0x00,0x01,0xd5,0xff,0x00,0x0d,0x00,
0x00,0x00,0x00,0x80,0x03,0x00,0x4c,0xd4,0x1c,0x94,0x02,0x00,0x65,0xad,0xca,0x4a,
0x61,0xad,0xc2,0x4a,0x62,0xad,0xc4,0x4a,0x63,0xad,0xc6,0x4a,0x03,0x07,0x0e,0x8c,
0x03,0x00,0x4c,0xd4,0x1c,0x92,0x02,0x00,0x64,0xad,0xc8,0x4a,0x66,0xad,0xcc,0x4a,
0x68,0xad,0xd0,0x4a,0x60,0x00,0x46,0xd6,0x60,0x03,0xe9,0x05,0x65,0x00,0x46,0xd6,
0x65,0x03,0xc9,0x05,0x72,0x00,0x01,0xd5,0x49,0x01,0x1d,0x00,0x03,0x07,0x11,0x8c,
0x03,0x00,0x4c,0xd4,0x1c,0x90,0x02,0x00,0x61,0x00,0x46,0xd6,0x61,0x03,0xed,0x05,
0x62,0x00,0x46,0xd6,0x62,0x03,0xf1,0x05,0x63,0x00,0x46,0xd6,0x63,0x03,0xf5,0x05,
0x64,0x00,0x46,0xd6,0x64,0x03,0xc5,0x05,0x66,0x00,0x46,0xd6,0x66,0x03,0xd1,0x05,
0x68,0x00,0x46,0xd6,0x68,0x03,0xd5,0x05,0x71,0x00,0x01,0xd5,0x4a,0x01,0x1d,0x00,
0x07,0x00,0x85,0xbf,0x00,0x00,0x48,0xe0,0x60,0x60,0x42,0x80,0x00,0x00,0x48,0xe0,
0x61,0x61,0x42,0x80,0x00,0x00,0x48,0xe0,0x62,0x62,0x42,0x80,0x00,0x00,0x48,0xe0,
0x63,0x63,0x42,0x80,0x00,0x00,0x48,0xe0,0x64,0x64,0x42,0x80,0x00,0x00,0x48,0xe0,
0x65,0x7a,0x42,0x80,0x00,0x00,0x48,0xe0,0x66,0x66,0x42,0x80,0x00,0x00,0x48,0xe0,
0x68,0x68,0x42,0x80,0x65,0x00,0x2c,0xd7,0x72,0x19,0x00,0x00,0x72,0x00,0x01,0xd5,
0x48,0x01,0x1d,0x00,0x03,0x07,0x10,0x8c,0x71,0x00,0x2c,0xd7,0x71,0x19,0x00,0x00,
0x00,0x10,0x03,0x8b,0x00,0x0e,0x04,0x8b,0x83,0x00,0x01,0xd5,0xff,0x00,0x0d,0x00,
0x00,0x00,0x00,0x80,0x03,0x00,0x4c,0xd4,0x1c,0x8e,0x02,0x00,0x72,0x00,0x2c,0xd7,
0x72,0x19,0x00,0x00,0x75,0x00,0x01,0xd5,0xff,0x00,0x11,0x00,0x00,0x00,0x00,0x80,
0x00,0x11,0x04,0x8b,0x71,0x85,0xe8,0x4a,0x03,0x07,0x12,0x8c,0x03,0x00,0x4c,0xd4,
0x1c,0x8c,0x02,0x00,0x65,0x85,0xec,0x4a,0x7b,0x00,0x01,0xd5,0xff,0x00,0x11,0x00,
0x00,0x00,0x00,0x80,0x72,0x85,0xfa,0x4a,0x84,0x00,0x01,0xd5,0x46,0x01,0x1d,0x00,
0x03,0x07,0x13,0x8c,0x03,0x00,0x4c,0xd4,0x1c,0x8a,0x02,0x00,0x7c,0x00,0x01,0xd5,
0x47,0x01,0x1d,0x00,0x00,0x12,0x04,0x8b,0x86,0x00,0x01,0xd5,0x44,0x01,0x1d,0x00,
0x74,0x00,0x46,0xd6,0x74,0x03,0xd5,0x05,0x75,0x00,0x46,0xd6,0x76,0x03,0xed,0x05,
0x76,0x00,0x46,0xd6,0x7d,0x03,0x0d,0x06,0x83,0x00,0x01,0xd5,0x45,0x01,0x1d,0x00,
0x7b,0x00,0x2c,0xd7,0x84,0x19,0x00,0x00,0x84,0x00,0x01,0xd5,0xff,0x00,0x11,0x00,
0x00,0x00,0x00,0x80,0x00,0x13,0x04,0x8b,0x88,0x00,0x01,0xd5,0x43,0x01,0x1d,0x00,
0x03,0x07,0x14,0x8c,0x03,0x00,0x4c,0xd4,0x1c,0x88,0x02,0x00,0x87,0x00,0x01,0xd5,
0xff,0x00,0x11,0x00,0x00,0x00,0x00,0x80,0x00,0x14,0x04,0x8b,0x7c,0x00,0x2c,0xd7,
0x7c,0x19,0x00,0x00,0x86,0x00,0x2c,0xd7,0x86,0x19,0x00,0x00,0x83,0x00,0x2c,0xd7,
0x83,0x19,0x00,0x00,0x8a,0x00,0x01,0xd5,0xff,0x00,0x11,0x00,0x00,0x00,0x00,0x80,
0x04,0x00,0x4c,0xd4,0x1c,0x86,0x02,0x00,0x88,0x00,0x2c,0xd7,0x88,0x19,0x00,0x00,
0x03,0x07,0x16,0x8c,0x7b,0x85,0x0a,0x4b,0x00,0x16,0x03,0x8b,0x7c,0x85,0xfa,0x4a,
0x8c,0x00,0x01,0xd5,0xff,0x00,0x0d,0x00,0x00,0x00,0x00,0x80,0x04,0x07,0x03,0x8c,
0x86,0x85,0x16,0x4b,0x00,0x03,0x00,0x8b,0x83,0x85,0x12,0x4b,0x88,0x85,0x1a,0x4b,
0x8e,0x00,0x01,0xd5,0xff,0x00,0x01,0x00,0x00,0x00,0x00,0x80,0x01,0x0e,0x00,0x8b,
0x7d,0x00,0x46,0xd6,0x7d,0x03,0x11,0x06,0x84,0x00,0x46,0xd6,0x85,0x03,0x1d,0x06,
0x87,0x00,0x46,0xd6,0x8b,0x03,0x31,0x06,0x8b,0x00,0x01,0xd5,0xff,0x00,0x01,0x00,
0x00,0x00,0x00,0x80,0x01,0x11,0x00,0x8b,0x85,0x00,0x46,0xd6,0x89,0x03,0x29,0x06,
0x71,0xd5,0x14,0x4b,0x89,0x00,0x46,0xd6,0x8d,0x03,0x39,0x06,0x8d,0x00,0x01,0xd5,
0xff,0x00,0x01,0x00,0x00,0x00,0x00,0x80,0x01,0x10,0x00,0x8b,0x65,0xd5,0x18,0x4b,
0x8f,0x00,0x01,0xd5,0xff,0x00,0x01,0x00,0x00,0x00,0x00,0x80,0x01,0x12,0x00,0x8b,
0x72,0xd5,0x1c,0x4b,0x07,0x00,0x85,0xbf,0x00,0x00,0x48,0xe0,0x74,0x90,0x42,0x80,
0x00,0x00,0x48,0xe0,0x75,0x91,0x42,0x80,0x00,0x00,0x48,0xe0,0x76,0x92,0x42,0x80,
0x00,0x00,0x48,0xe0,0x7d,0x7d,0x42,0x80,0x00,0x00,0x48,0xe0,0x84,0x84,0x42,0x80,
0x00,0x00,0x48,0xe0,0x85,0x85,0x42,0x80,0x00,0x00,0x48,0xe0,0x87,0x87,0x42,0x80,
0x00,0x00,0x48,0xe0,0x89,0x89,0x42,0x80,0x74,0x00,0x46,0xd6,0x8a,0x03,0x2d,0x06,
0x8b,0x00,0x01,0xd5,0xff,0x00,0x01,0x00,0x00,0x00,0x00,0x80,0x01,0x13,0x00,0x8b,
0x75,0x00,0x46,0xd6,0x8c,0x03,0x35,0x06,0x8d,0x00,0x01,0xd5,0xff,0x00,0x01,0x00,
0x00,0x00,0x00,0x80,0x01,0x14,0x00,0x8b,0x76,0x00,0x46,0xd6,0x8e,0x03,0x3d,0x06,
0x8f,0x00,0x01,0xd5,0xff,0x00,0x01,0x00,0x00,0x00,0x00,0x80,0x01,0x16,0x00,0x8b,
0x7c,0xd5,0x14,0x4b,0x7b,0xd5,0x18,0x4b,0x83,0xd5,0x1c,0x4b,0x94,0x00,0x01,0xd5,
0xff,0x00,0x01,0x00,0x00,0x00,0x00,0x80,0x01,0x03,0x00,0x8b,0x86,0xd5,0x26,0x4b,
0x95,0x00,0x01,0xd5,0xff,0x00,0x01,0x00,0x00,0x00,0x00,0x80,0x02,0x0e,0x00,0x8b,
0x88,0xd5,0xd4,0x4a,0x8a,0x00,0x46,0xd6,0x8a,0x03,0x2d,0x06,0x8b,0x00,0x46,0xd6,
0x8c,0x03,0x35,0x06,0x8c,0x00,0x46,0xd6,0x8e,0x03,0x3d,0x06,0x8f,0x00,0x01,0xd5,
0xff,0x00,0x01,0x00,0x00,0x00,0x00,0x80,0x02,0x11,0x00,0x8b,0x71,0xe7,0x1c,0x4b,
0x8d,0x00,0x46,0xd6,0x93,0x03,0x51,0x06,0x94,0x00,0x01,0xd5,0xff,0x00,0x01,0x00,
0x00,0x00,0x00,0x80,0x02,0x10,0x00,0x8b,0x65,0xe7,0x26,0x4b,0x96,0x00,0x01,0xd5,
0xff,0x00,0x01,0x00,0x00,0x00,0x00,0x80,0x02,0x12,0x00,0x8b,0x6a,0x00,0x46,0xd6,
0x6a,0x03,0x55,0x06,0x72,0xe7,0x2a,0x4b,0x07,0x00,0x85,0xbf,0x00,0x00,0x48,0xe0,
0x74,0x97,0x42,0x80,0x00,0x00,0x48,0xe0,0x75,0x98,0x42,0x80,0x00,0x00,0x48,0xe0,
0x76,0x99,0x42,0x80,0x00,0x00,0x48,0xe0,0x8a,0x8a,0x42,0x80,0x00,0x00,0x48,0xe0,
0x8b,0x8b,0x42,0x80,0x00,0x00,0x48,0xe0,0x8c,0x8c,0x42,0x80,0x00,0x00,0x48,0xe0,
0x8d,0x8d,0x42,0x80,0x00,0x00,0x48,0xe0,0x6a,0x9a,0x42,0x80,0x6a,0x00,0x46,0xd6,
0x8e,0x03,0x3d,0x06,0x8e,0x00,0x01,0xd5,0xff,0x00,0x01,0x00,0x00,0x00,0x00,0x80,
0x02,0x13,0x00,0x8b,0x74,0x00,0x46,0xd6,0x93,0x03,0x51,0x06,0x93,0x00,0x01,0xd5,
0xff,0x00,0x01,0x00,0x00,0x00,0x00,0x80,0x02,0x14,0x00,0x8b,0x75,0x00,0x46,0xd6,
0x95,0x03,0x59,0x06,0x95,0x00,0x01,0xd5,0xff,0x00,0x01,0x00,0x00,0x00,0x00,0x80,
0x02,0x16,0x00,0x8b,0x7c,0xe7,0xec,0x4a,0x7b,0xe7,0x1e,0x4b,0x83,0xe7,0x28,0x4b,
0x9b,0x00,0x01,0xd5,0xff,0x00,0x01,0x00,0x00,0x00,0x00,0x80,0x02,0x03,0x00,0x8b,
0x86,0xe7,0x2c,0x4b,0x9c,0x00,0x01,0xd5,0xff,0x00,0x01,0x00,0x00,0x00,0x00,0x80,
0x6a,0x0e,0x00,0x8b,0x88,0xe7,0xe6,0x4a,0x76,0x00,0x46,0xd6,0x76,0x03,0x39,0x06,
0x8e,0x00,0x46,0xd6,0x8f,0x03,0x4d,0x06,0x8f,0x00,0x46,0xd6,0x94,0x03,0x55,0x06,
0x71,0xad,0xe2,0x4a,0x94,0x00,0x01,0xd5,0xff,0x00,0x01,0x00,0x00,0x00,0x00,0x80,
0x6a,0x11,0x00,0x8b,0x93,0x00,0x46,0xd6,0x96,0x03,0x6d,0x06,0x95,0x00,0x01,0xd5,
0xff,0x00,0x01,0x00,0x00,0x00,0x00,0x80,0x6a,0x10,0x00,0x8b,0x73,0x00,0x46,0xd6,
0x73,0x03,0x71,0x06,0x07,0x00,0x85,0xbf,0x00,0x00,0x48,0xe0,0x6a,0x96,0x42,0x80,
0x00,0x00,0x48,0xe0,0x74,0x9b,0x42,0x80,0x00,0x00,0x48,0xe0,0x75,0x9c,0x42,0x80,
0x00,0x00,0x48,0xe0,0x76,0x9d,0x42,0x80,0x00,0x00,0x48,0xe0,0x8e,0x8e,0x42,0x80,
0x00,0x00,0x48,0xe0,0x8f,0x8f,0x42,0x80,0x00,0x00,0x48,0xe0,0x93,0x93,0x42,0x80,
0x00,0x00,0x48,0xe0,0x73,0x9e,0x42,0x80,0x6a,0x00,0x46,0xd6,0x71,0x03,0x51,0x06,
0x72,0xad,0xe2,0x4a,0x72,0x00,0x01,0xd5,0xff,0x00,0x01,0x00,0x00,0x00,0x00,0x80,
0x6a,0x12,0x00,0x8b,0x65,0xad,0xca,0x4a,0x74,0x00,0x01,0xd5,0xff,0x00,0x01,0x00,
0x00,0x00,0x00,0x80,0x6a,0x13,0x00,0x8b,0x7c,0xad,0xe6,0x4a,0x76,0x00,0x01,0xd5,
0xff,0x00,0x01,0x00,0x00,0x00,0x00,0x80,0x6a,0x14,0x00,0x8b,0x7b,0xad,0xea,0x4a,
0x7c,0x00,0x01,0xd5,0xff,0x00,0x01,0x00,0x00,0x00,0x00,0x80,0x6a,0x16,0x00,0x8b,
0x83,0xad,0xf6,0x4a,0x86,0xad,0x06,0x4b,0x86,0x00,0x01,0xd5,0xff,0x00,0x01,0x00,
0x00,0x00,0x00,0x80,0x65,0x00,0x46,0xd6,0x65,0x03,0x55,0x06,0x71,0x00,0x46,0xd6,
0x71,0x03,0xc9,0x05,0x72,0x00,0x46,0xd6,0x73,0x03,0xd1,0x05,0x6a,0x03,0x00,0x8b,
0x73,0x00,0x46,0xd6,0x75,0x03,0xd9,0x05,0x74,0x00,0x46,0xd6,0x7b,0x03,0xf1,0x05,
0x75,0x00,0x46,0xd6,0x83,0x03,0x19,0x06,0x88,0xad,0xac,0x4a,0x76,0x00,0x01,0xd5,
0xff,0x00,0x01,0x00,0x00,0x00,0x00,0x80,0x06,0x00,0x85,0xbf,0x00,0x00,0x48,0xe0,
0x6a,0x7b,0x42,0x80,0x00,0x00,0x48,0xe0,0x65,0x7c,0x42,0x80,0x00,0x00,0x48,0xe0,
0x71,0x83,0x42,0x80,0x00,0x00,0x48,0xe0,0x72,0x86,0x42,0x80,0x00,0x00,0x48,0xe0,
0x73,0x88,0x42,0x80,0x00,0x00,0x48,0xe0,0x74,0x94,0x42,0x80,0x00,0x00,0x48,0xe0,
0x75,0x95,0x42,0x80,0x56,0x00,0x46,0xd6,0x56,0x03,0xd9,0x05,0x00,0x00,0x48,0xe0,
0x56,0x76,0x42,0x80,0xf7,0xfb,0x89,0xbf,0x56,0x00,0x44,0xd6,0x5a,0xaf,0xfe,0x03,
0x00,0x01,0x04,0x05,0xf7,0xf3,0x89,0xbf,0x57,0x00,0x44,0xd6,0x5e,0xb7,0xfe,0x03,
0x00,0x01,0x04,0x05,0xb2,0x01,0x87,0xbf,0x72,0x40,0x10,0xcc,0x41,0xad,0x02,0x10,
0xf7,0xeb,0x89,0xbf,0x56,0x00,0x44,0xd6,0x5c,0xb1,0xfe,0x03,0x00,0x01,0x04,0x05,
0x73,0x40,0x10,0xcc,0x41,0xaf,0x02,0x10,0xf7,0xe3,0x89,0xbf,0x57,0x00,0x44,0xd6,
0x5f,0xbb,0xfe,0x03,0x00,0x01,0x04,0x05,0x03,0x00,0x87,0xbf,0x74,0x40,0x10,0xcc,
0x41,0xad,0x02,0x10,0xf7,0xdb,0x89,0xbf,0x58,0x00,0x44,0xd6,0x69,0xcf,0xfe,0x03,
0x00,0x01,0x04,0x05,0xf7,0xd3,0x89,0xbf,0x5a,0x00,0x44,0xd6,0x6c,0xd7,0xfe,0x03,
0x00,0x01,0x04,0x05,0xf7,0xcb,0x89,0xbf,0x5b,0x00,0x44,0xd6,0x6e,0xdb,0xfe,0x03,
0x00,0x01,0x04,0x05,0x6d,0x40,0x10,0xcc,0x41,0xaf,0x02,0x10,0xf7,0xc3,0x89,0xbf,
0x56,0x00,0x44,0xd6,0x70,0xdf,0xfe,0x03,0x00,0x01,0x04,0x05,0xf7,0xbb,0x89,0xbf,
0x57,0x00,0x44,0xd6,0x7f,0xfd,0xfe,0x03,0x00,0x01,0x04,0x05,0x75,0x40,0x10,0xcc,
0x41,0xb1,0x02,0x10,0x71,0x40,0x10,0xcc,0x41,0xb5,0x02,0x10,0x6c,0x40,0x10,0xcc,
0x41,0xb7,0x02,0x10,0xf7,0xb3,0x89,0xbf,0x58,0x00,0x44,0xd6,0x81,0x01,0xff,0x03,
0x00,0x01,0x04,0x05,0xf7,0xab,0x89,0xbf,0x5a,0x00,0x44,0xd6,0x77,0x05,0xff,0x03,
0x00,0x01,0x04,0x05,0xf7,0xa3,0x89,0xbf,0x5b,0x00,0x44,0xd6,0x79,0xf1,0xfe,0x03,
0x00,0x01,0x04,0x05,0x6b,0x40,0x10,0xcc,0x41,0xad,0x02,0x10,0x70,0x40,0x10,0xcc,
0x41,0xaf,0x02,0x10,0x6f,0x40,0x10,0xcc,0x41,0xb1,0x02,0x10,0x69,0x40,0x10,0xcc,
0x41,0xb5,0x02,0x10,0x65,0x40,0x10,0xcc,0x41,0xb7,0x02,0x10,0xf7,0x9b,0x89,0xbf,
0x56,0x00,0x44,0xd6,0x61,0xc1,0xfe,0x03,0x00,0x01,0x04,0x05,0xf7,0x93,0x89,0xbf,
0x57,0x00,0x44,0xd6,0x63,0xc5,0xfe,0x03,0x00,0x01,0x04,0x05,0xf7,0x8b,0x89,0xbf,
0x58,0x00,0x44,0xd6,0x7a,0xc9,0xfe,0x03,0x00,0x01,0x04,0x05,0x6e,0x40,0x10,0xcc,
0x41,0xad,0x02,0x10,0xf7,0x83,0x89,0xbf,0x5a,0x00,0x44,0xd6,0x68,0xcd,0xfe,0x03,
0x00,0x01,0x04,0x05,0x6a,0x40,0x10,0xcc,0x41,0xaf,0x02,0x10,0x66,0x40,0x10,0xcc,
0x41,0xb1,0x02,0x10,0x03,0x00,0x87,0xbf,0x62,0x40,0x10,0xcc,0x41,0xb5,0x02,0x10,
0xf7,0x7b,0x89,0xbf,0x5b,0x00,0x44,0xd6,0x91,0x21,0xff,0x03,0x00,0x01,0x04,0x05,
0xf7,0x73,0x89,0xbf,0x56,0x00,0x44,0xd6,0x7d,0x25,0xff,0x03,0x00,0x01,0x04,0x05,
0xf7,0x6b,0x89,0xbf,0x57,0x00,0x44,0xd6,0x85,0x09,0xff,0x03,0x00,0x01,0x04,0x05,
0x67,0x40,0x10,0xcc,0x41,0xb7,0x02,0x10,0xf7,0x63,0x89,0xbf,0x58,0x00,0x44,0xd6,
0x89,0x0f,0xff,0x03,0x00,0x01,0x04,0x05,0x68,0x40,0x10,0xcc,0x41,0xad,0x02,0x10,
0x63,0x40,0x10,0xcc,0x41,0xaf,0x02,0x10,0x03,0x00,0x87,0xbf,0x5d,0x40,0x10,0xcc,
0x41,0xb1,0x02,0x10,0xf7,0x5b,0x89,0xbf,0x5a,0x00,0x44,0xd6,0x98,0x2f,0xff,0x03,
0x00,0x01,0x04,0x05,0xf7,0x53,0x89,0xbf,0x5b,0x00,0x44,0xd6,0x8a,0x33,0xff,0x03,
0x00,0x01,0x04,0x05,0xf7,0x4b,0x89,0xbf,0x56,0x00,0x44,0xd6,0x8c,0x17,0xff,0x03,
0x00,0x01,0x04,0x05,0x64,0x40,0x10,0xcc,0x41,0xb5,0x02,0x10,0xf7,0x43,0x89,0xbf,
0x57,0x00,0x44,0xd6,0x9a,0x1b,0xff,0x03,0x00,0x01,0x04,0x05,0x61,0x40,0x10,0xcc,
0x41,0xb7,0x02,0x10,0x5f,0x40,0x10,0xcc,0x41,0xad,0x02,0x10,0x03,0x00,0x87,0xbf,
0x5c,0x40,0x10,0xcc,0x41,0xaf,0x02,0x10,0xf7,0x3b,0x89,0xbf,0x58,0x00,0x44,0xd6,
0x9b,0x2d,0xff,0x03,0x00,0x01,0x04,0x05,0xf7,0x33,0x89,0xbf,0x5a,0x00,0x44,0xd6,
0x9d,0x39,0xff,0x03,0x00,0x01,0x04,0x05,0xf7,0x2b,0x89,0xbf,0x5b,0x00,0x44,0xd6,
0x8f,0x1d,0xff,0x03,0x00,0x01,0x04,0x05,0x60,0x40,0x10,0xcc,0x41,0xb1,0x02,0x10,
0xf7,0x23,0x89,0xbf,0x56,0x00,0x44,0xd6,0x9e,0x27,0xff,0x03,0x00,0x01,0x04,0x05,
0x5e,0x40,0x10,0xcc,0x41,0xb5,0x02,0x10,0x5b,0x40,0x10,0xcc,0x41,0xb7,0x02,0x10,
0x03,0x00,0x87,0xbf,0x5a,0x40,0x10,0xcc,0x41,0xad,0x02,0x10,0xf7,0x1b,0x89,0xbf,
0x57,0x00,0x44,0xd6,0x7c,0xf7,0xfe,0x03,0x00,0x01,0x04,0x05,0xf7,0x13,0x89,0xbf,
0x77,0x00,0x44,0xd6,0x86,0x07,0xff,0x03,0x00,0x01,0x04,0x05,0xf7,0x0b,0x89,0xbf,
0x78,0x00,0x44,0xd6,0x94,0x11,0xff,0x03,0x00,0x01,0x04,0x05,0xf7,0x07,0x89,0xbf,
0x79,0x00,0x35,0xd5,0x95,0x83,0x02,0x00,0x58,0x40,0x10,0xcc,0x41,0xaf,0x02,0x10,
0x57,0x40,0x10,0xcc,0x41,0xef,0x02,0x10,0x56,0x40,0x10,0xcc,0x41,0xf1,0x02,0x10,
0x04,0x00,0x87,0xbf,0x77,0x00,0x11,0xd7,0x79,0x01,0x01,0x00,0x01,0x00,0xa5,0xbf,
0x04,0x02,0xa0,0xbf,0x4a,0x00,0x01,0xd5,0x4a,0x01,0x1d,0x00,0x55,0x00,0x01,0xd5,
0x55,0x01,0x1d,0x00,0x49,0x00,0x01,0xd5,0x49,0x01,0x1d,0x00,0x54,0x00,0x01,0xd5,
0x54,0x01,0x1d,0x00,0x48,0x00,0x01,0xd5,0x48,0x01,0x1d,0x00,0x52,0x00,0x01,0xd5,
0x52,0x01,0x1d,0x00,0x47,0x00,0x01,0xd5,0x47,0x01,0x1d,0x00,0x51,0x00,0x01,0xd5,
0x51,0x01,0x1d,0x00,0x50,0x00,0x01,0xd5,0x50,0x01,0x1d,0x00,0x4f,0x00,0x01,0xd5,
0x4f,0x01,0x1d,0x00,0x4e,0x00,0x01,0xd5,0x4e,0x01,0x1d,0x00,0x46,0x00,0x01,0xd5,
0x46,0x01,0x1d,0x00,0x45,0x00,0x01,0xd5,0x45,0x01,0x1d,0x00,0x44,0x00,0x01,0xd5,
0x44,0x01,0x1d,0x00,0x43,0x00,0x01,0xd5,0x43,0x01,0x1d,0x00,0x53,0x00,0x2c,0xd7,
0x53,0x19,0x00,0x00,0x4a,0x00,0x2c,0xd7,0x4a,0x19,0x00,0x00,0x55,0x00,0x2c,0xd7,
0x55,0x19,0x00,0x00,0x49,0x00,0x2c,0xd7,0x49,0x19,0x00,0x00,0x54,0x00,0x2c,0xd7,
0x54,0x19,0x00,0x00,0x48,0x00,0x2c,0xd7,0x48,0x19,0x00,0x00,0x52,0x00,0x2c,0xd7,
0x52,0x19,0x00,0x00,0x4d,0x00,0x01,0xd5,0x4d,0x01,0x35,0x00,0x4c,0x00,0x01,0xd5,
0x4c,0x01,0x35,0x00,0x4b,0x00,0x01,0xd5,0x4b,0x01,0x35,0x00,0x47,0x00,0x2c,0xd7,
0x47,0x19,0x00,0x00,0x51,0x00,0x2c,0xd7,0x51,0x19,0x00,0x00,0x50,0x00,0x2c,0xd7,
0x50,0x19,0x00,0x00,0x4f,0x00,0x2c,0xd7,0x4f,0x19,0x00,0x00,0x4e,0x00,0x2c,0xd7,
0x4e,0x19,0x00,0x00,0x46,0x00,0x2c,0xd7,0x46,0x19,0x00,0x00,0x45,0x00,0x2c,0xd7,
0x45,0x19,0x00,0x00,0x44,0x00,0x2c,0xd7,0x44,0x19,0x00,0x00,0x43,0x00,0x2c,0xd7,
0x43,0x19,0x00,0x00,0x56,0x00,0x47,0xd6,0x53,0x85,0x06,0x02,0x5f,0x00,0x47,0xd6,
0x53,0x9b,0x06,0x02,0x67,0x00,0x47,0xd6,0x53,0x99,0x06,0x02,0x53,0x00,0x47,0xd6,
0x53,0x97,0x06,0x02,0x6f,0x00,0x47,0xd6,0x4a,0x85,0x06,0x02,0xf7,0x03,0x89,0xbf,
0x76,0x00,0x47,0xd6,0x4a,0x9b,0x06,0x02,0x57,0x00,0x47,0xd6,0x55,0x85,0x06,0x02,
0x60,0x00,0x47,0xd6,0x55,0x9b,0x06,0x02,0x68,0x00,0x47,0xd6,0x55,0x99,0x06,0x02,
0x55,0x00,0x47,0xd6,0x55,0x97,0x06,0x02,0x70,0x00,0x47,0xd6,0x49,0x85,0x06,0x02,
0x77,0x00,0x47,0xd6,0x49,0x9b,0x06,0x02,0x58,0x00,0x47,0xd6,0x54,0x85,0x06,0x02,
0x61,0x00,0x47,0xd6,0x54,0x9b,0x06,0x02,0x69,0x00,0x47,0xd6,0x54,0x99,0x06,0x02,
0x54,0x00,0x47,0xd6,0x54,0x97,0x06,0x02,0x71,0x00,0x47,0xd6,0x48,0x85,0x06,0x02,
0x78,0x00,0x47,0xd6,0x48,0x9b,0x06,0x02,0x5a,0x00,0x47,0xd6,0x52,0x85,0x06,0x02,
0x62,0x00,0x47,0xd6,0x52,0x9b,0x06,0x02,0x6a,0x00,0x47,0xd6,0x52,0x99,0x06,0x02,
0x52,0x00,0x47,0xd6,0x52,0x97,0x06,0x02,0x72,0x00,0x47,0xd6,0x47,0x85,0x06,0x02,
0x79,0x00,0x47,0xd6,0x47,0x9b,0x06,0x02,0x5b,0x00,0x47,0xd6,0x51,0x85,0x06,0x02,
0x5c,0x00,0x47,0xd6,0x50,0x85,0x06,0x02,0x5d,0x00,0x47,0xd6,0x4f,0x85,0x06,0x02,
0x5e,0x00,0x47,0xd6,0x4e,0x85,0x06,0x02,0x63,0x00,0x47,0xd6,0x51,0x9b,0x06,0x02,
0x64,0x00,0x47,0xd6,0x50,0x9b,0x06,0x02,0x65,0x00,0x47,0xd6,0x4f,0x9b,0x06,0x02,
0x66,0x00,0x47,0xd6,0x4e,0x9b,0x06,0x02,0x6b,0x00,0x47,0xd6,0x51,0x99,0x06,0x02,
0x6c,0x00,0x47,0xd6,0x50,0x99,0x06,0x02,0x6d,0x00,0x47,0xd6,0x4f,0x99,0x06,0x02,
0x6e,0x00,0x47,0xd6,0x4e,0x99,0x06,0x02,0x51,0x00,0x47,0xd6,0x51,0x97,0x06,0x02,
0x50,0x00,0x47,0xd6,0x50,0x97,0x06,0x02,0x4f,0x00,0x47,0xd6,0x4f,0x97,0x06,0x02,
0x4e,0x00,0x47,0xd6,0x4e,0x97,0x06,0x02,0x73,0x00,0x47,0xd6,0x46,0x85,0x06,0x02,
0x74,0x00,0x47,0xd6,0x45,0x85,0x06,0x02,0x75,0x00,0x47,0xd6,0x44,0x85,0x06,0x02,
0x42,0x00,0x47,0xd6,0x43,0x85,0x06,0x02,0x7a,0x00,0x47,0xd6,0x46,0x9b,0x06,0x02,
0x7b,0x00,0x47,0xd6,0x45,0x9b,0x06,0x02,0x7c,0x00,0x47,0xd6,0x44,0x9b,0x06,0x02,
0x4d,0x00,0x47,0xd6,0x43,0x9b,0x06,0x02,0x1f,0x00,0x85,0xbf,0x00,0x00,0x48,0xe0,
0x56,0x56,0x42,0x80,0x00,0x00,0x48,0xe0,0x57,0x57,0x42,0x80,0x00,0x00,0x48,0xe0,
0x58,0x58,0x42,0x80,0x00,0x00,0x48,0xe0,0x5a,0x5a,0x42,0x80,0x00,0x00,0x48,0xe0,
0x5b,0x5b,0x42,0x80,0x00,0x00,0x48,0xe0,0x5c,0x5c,0x42,0x80,0x00,0x00,0x48,0xe0,
0x5d,0x5d,0x42,0x80,0x00,0x00,0x48,0xe0,0x5e,0x5e,0x42,0x80,0x00,0x00,0x48,0xe0,
0x5f,0x5f,0x42,0x80,0x00,0x00,0x48,0xe0,0x60,0x60,0x42,0x80,0x00,0x00,0x48,0xe0,
0x61,0x61,0x42,0x80,0x00,0x00,0x48,0xe0,0x62,0x62,0x42,0x80,0x00,0x00,0x48,0xe0,
0x63,0x63,0x42,0x80,0x00,0x00,0x48,0xe0,0x64,0x64,0x42,0x80,0x00,0x00,0x48,0xe0,
0x65,0x65,0x42,0x80,0x00,0x00,0x48,0xe0,0x66,0x66,0x42,0x80,0x00,0x00,0x48,0xe0,
0x67,0x67,0x42,0x80,0x00,0x00,0x48,0xe0,0x68,0x68,0x42,0x80,0x00,0x00,0x48,0xe0,
0x69,0x69,0x42,0x80,0x00,0x00,0x48,0xe0,0x6a,0x6a,0x42,0x80,0x00,0x00,0x48,0xe0,
0x6b,0x6b,0x42,0x80,0x00,0x00,0x48,0xe0,0x6c,0x6c,0x42,0x80,0x00,0x00,0x48,0xe0,
0x6d,0x6d,0x42,0x80,0x00,0x00,0x48,0xe0,0x6e,0x6e,0x42,0x80,0x00,0x00,0x48,0xe0,
0x53,0x53,0x42,0x80,0x00,0x00,0x48,0xe0,0x55,0x55,0x42,0x80,0x00,0x00,0x48,0xe0,
0x54,0x54,0x42,0x80,0x00,0x00,0x48,0xe0,0x52,0x52,0x42,0x80,0x00,0x00,0x48,0xe0,
0x51,0x51,0x42,0x80,0x00,0x00,0x48,0xe0,0x50,0x50,0x42,0x80,0x00,0x00,0x48,0xe0,
0x4f,0x4f,0x42,0x80,0x00,0x00,0x48,0xe0,0x4e,0x4e,0x42,0x80,0x0f,0x00,0x85,0xbf,
0x00,0x00,0x48,0xe0,0x6f,0x6f,0x42,0x80,0x00,0x00,0x48,0xe0,0x70,0x70,0x42,0x80,
0x00,0x00,0x48,0xe0,0x71,0x71,0x42,0x80,0x00,0x00,0x48,0xe0,0x72,0x72,0x42,0x80,
0x00,0x00,0x48,0xe0,0x73,0x73,0x42,0x80,0x00,0x00,0x48,0xe0,0x74,0x74,0x42,0x80,
0x00,0x00,0x48,0xe0,0x75,0x75,0x42,0x80,0x00,0x00,0x48,0xe0,0x42,0x42,0x42,0x80,
0x00,0x00,0x48,0xe0,0x76,0x7d,0x42,0x80,0x00,0x00,0x48,0xe0,0x77,0x77,0x42,0x80,
0x00,0x00,0x48,0xe0,0x78,0x78,0x42,0x80,0x00,0x00,0x48,0xe0,0x79,0x79,0x42,0x80,
0x00,0x00,0x48,0xe0,0x7a,0x7a,0x42,0x80,0x00,0x00,0x48,0xe0,0x7b,0x7b,0x42,0x80,
0x00,0x00,0x48,0xe0,0x7c,0x7c,0x42,0x80,0x00,0x00,0x48,0xe0,0x4d,0x4d,0x42,0x80,
0x76,0x00,0x47,0xd6,0x4a,0x99,0x06,0x02,0x4a,0x00,0x47,0xd6,0x4a,0x97,0x06,0x02,
0x7e,0x00,0x47,0xd6,0x49,0x99,0x06,0x02,0x49,0x00,0x47,0xd6,0x49,0x97,0x06,0x02,
0x7f,0x00,0x47,0xd6,0x48,0x99,0x06,0x02,0x48,0x00,0x47,0xd6,0x48,0x97,0x06,0x02,
0x80,0x00,0x47,0xd6,0x47,0x99,0x06,0x02,0x47,0x00,0x47,0xd6,0x47,0x97,0x06,0x02,
0x81,0x00,0x47,0xd6,0x46,0x99,0x06,0x02,0x82,0x00,0x47,0xd6,0x45,0x99,0x06,0x02,
0x83,0x00,0x47,0xd6,0x44,0x99,0x06,0x02,0x4c,0x00,0x47,0xd6,0x43,0x99,0x06,0x02,
0x46,0x00,0x47,0xd6,0x46,0x97,0x06,0x02,0x45,0x00,0x47,0xd6,0x45,0x97,0x06,0x02,
0x44,0x00,0x47,0xd6,0x44,0x97,0x06,0x02,0x0e,0x00,0x85,0xbf,0x00,0x00,0x48,0xe0,
0x76,0x84,0x42,0x80,0x00,0x00,0x48,0xe0,0x7e,0x7e,0x42,0x80,0x00,0x00,0x48,0xe0,
0x7f,0x7f,0x42,0x80,0x00,0x00,0x48,0xe0,0x80,0x80,0x42,0x80,0x00,0x00,0x48,0xe0,
0x81,0x81,0x42,0x80,0x00,0x00,0x48,0xe0,0x82,0x82,0x42,0x80,0x00,0x00,0x48,0xe0,
0x83,0x83,0x42,0x80,0x00,0x00,0x48,0xe0,0x4c,0x4c,0x42,0x80,0x00,0x00,0x48,0xe0,
0x4a,0x4a,0x42,0x80,0x00,0x00,0x48,0xe0,0x49,0x49,0x42,0x80,0x00,0x00,0x48,0xe0,
0x48,0x48,0x42,0x80,0x00,0x00,0x48,0xe0,0x47,0x47,0x42,0x80,0x00,0x00,0x48,0xe0,
0x46,0x46,0x42,0x80,0x00,0x00,0x48,0xe0,0x45,0x45,0x42,0x80,0x00,0x00,0x48,0xe0,
0x44,0x44,0x42,0x80,0x43,0x00,0x47,0xd6,0x43,0x97,0x06,0x02,0x00,0x00,0x48,0xe0,
0x43,0x76,0x42,0x80,0xf7,0xfb,0x89,0xbf,0x43,0x00,0x44,0xd6,0x57,0xad,0xfe,0x03,
0x00,0x01,0x04,0x05,0xf7,0xf3,0x89,0xbf,0x4b,0x00,0x44,0xd6,0x5a,0xb1,0xfe,0x03,
0x00,0x01,0x04,0x05,0xf7,0xdb,0x89,0xbf,0x58,0x00,0x44,0xd6,0x60,0xbf,0xfe,0x03,
0x00,0x01,0x04,0x05,0x56,0x00,0x44,0xd6,0x5c,0xb7,0xfe,0x03,0x00,0x01,0x04,0x05,
0xf7,0xd3,0x89,0xbf,0x5a,0x00,0x44,0xd6,0x62,0xc3,0xfe,0x03,0x00,0x01,0x04,0x05,
0x57,0x00,0x44,0xd6,0x5e,0xbb,0xfe,0x03,0x00,0x01,0x04,0x05,0xf7,0xcb,0x89,0xbf,
0x5b,0x00,0x44,0xd6,0x64,0xc7,0xfe,0x03,0x00,0x01,0x04,0x05,0xf7,0xc3,0x89,0xbf,
0x5c,0x00,0x44,0xd6,0x66,0xcb,0xfe,0x03,0x00,0x01,0x04,0x05,0xf7,0xbb,0x89,0xbf,
0x5d,0x00,0x44,0xd6,0x68,0xcf,0xfe,0x03,0x00,0x01,0x04,0x05,0xf7,0xb3,0x89,0xbf,
0x5e,0x00,0x44,0xd6,0x6a,0xd3,0xfe,0x03,0x00,0x01,0x04,0x05,0xf7,0xab,0x89,0xbf,
0x5f,0x00,0x44,0xd6,0x6c,0xd7,0xfe,0x03,0x00,0x01,0x04,0x05,0xf7,0xa3,0x89,0xbf,
0x60,0x00,0x44,0xd6,0x6e,0xdb,0xfe,0x03,0x00,0x01,0x04,0x05,0xf7,0x9b,0x89,0xbf,
0x53,0x00,0x44,0xd6,0x55,0xa7,0xfe,0x03,0x00,0x01,0x04,0x05,0xf7,0x93,0x89,0xbf,
0x52,0x00,0x44,0xd6,0x52,0xa9,0xfe,0x03,0x00,0x01,0x04,0x05,0xf7,0x8b,0x89,0xbf,
0x50,0x00,0x44,0xd6,0x50,0xa3,0xfe,0x03,0x00,0x01,0x04,0x05,0xf7,0x83,0x89,0xbf,
0x4e,0x00,0x44,0xd6,0x4e,0x9f,0xfe,0x03,0x00,0x01,0x04,0x05,0xf7,0x7b,0x89,0xbf,
0x4f,0x00,0x44,0xd6,0x70,0xdf,0xfe,0x03,0x00,0x01,0x04,0x05,0xf7,0x73,0x89,0xbf,
0x51,0x00,0x44,0xd6,0x72,0xe3,0xfe,0x03,0x00,0x01,0x04,0x05,0xf7,0x6b,0x89,0xbf,
0x54,0x00,0x44,0xd6,0x74,0xe7,0xfe,0x03,0x00,0x01,0x04,0x05,0xf7,0x63,0x89,0xbf,
0x42,0x00,0x44,0xd6,0x42,0xeb,0xfe,0x03,0x00,0x01,0x04,0x05,0xf7,0x5b,0x89,0xbf,
0x55,0x00,0x44,0xd6,0x77,0xfb,0xfe,0x03,0x00,0x01,0x04,0x05,0xf7,0x53,0x89,0xbf,
0x61,0x00,0x44,0xd6,0x79,0xf1,0xfe,0x03,0x00,0x01,0x04,0x05,0xf7,0x4b,0x89,0xbf,
0x77,0x00,0x44,0xd6,0x7b,0xf5,0xfe,0x03,0x00,0x01,0x04,0x05,0xf7,0x43,0x89,0xbf,
0x4d,0x00,0x44,0xd6,0x4d,0xf9,0xfe,0x03,0x00,0x01,0x04,0x05,0xf7,0x3b,0x89,0xbf,
0x78,0x00,0x44,0xd6,0x7e,0x09,0xff,0x03,0x00,0x01,0x04,0x05,0xf7,0x33,0x89,0xbf,
0x79,0x00,0x44,0xd6,0x80,0xff,0xfe,0x03,0x00,0x01,0x04,0x05,0xf7,0x2b,0x89,0xbf,
0x7a,0x00,0x44,0xd6,0x82,0x03,0xff,0x03,0x00,0x01,0x04,0x05,0xf7,0x23,0x89,0xbf,
0x4c,0x00,0x44,0xd6,0x4c,0x07,0xff,0x03,0x00,0x01,0x04,0x05,0xf7,0x1b,0x89,0xbf,
0x49,0x00,0x44,0xd6,0x49,0x95,0xfe,0x03,0x00,0x01,0x04,0x05,0xf7,0x13,0x89,0xbf,
0x47,0x00,0x44,0xd6,0x47,0x91,0xfe,0x03,0x00,0x01,0x04,0x05,0xf7,0x0b,0x89,0xbf,
0x45,0x00,0x44,0xd6,0x45,0x8d,0xfe,0x03,0x00,0x01,0x04,0x05,0xf7,0x07,0x89,0xbf,
0x44,0x83,0x88,0x6a,0x72,0x40,0x10,0xcc,0x41,0x87,0x02,0x10,0x73,0x40,0x10,0xcc,
0x41,0x97,0x02,0x10,0x74,0x40,0x10,0xcc,0x41,0xad,0x02,0x10,0x6d,0x40,0x10,0xcc,
0x41,0xaf,0x02,0x10,0x75,0x40,0x10,0xcc,0x41,0xb1,0x02,0x10,0x71,0x40,0x10,0xcc,
0x41,0xb5,0x02,0x10,0x6c,0x40,0x10,0xcc,0x41,0xb7,0x02,0x10,0x6b,0x40,0x10,0xcc,
0x41,0xb9,0x02,0x10,0x70,0x40,0x10,0xcc,0x41,0xbb,0x02,0x10,0x6f,0x40,0x10,0xcc,
0x41,0xbd,0x02,0x10,0x69,0x40,0x10,0xcc,0x41,0xbf,0x02,0x10,0x65,0x40,0x10,0xcc,
0x41,0xc1,0x02,0x10,0x6e,0x40,0x10,0xcc,0x41,0xa7,0x02,0x10,0x6a,0x40,0x10,0xcc,
0x41,0xa5,0x02,0x10,0x66,0x40,0x10,0xcc,0x41,0xa1,0x02,0x10,0x62,0x40,0x10,0xcc,
0x41,0x9d,0x02,0x10,0x67,0x40,0x10,0xcc,0x41,0x9f,0x02,0x10,0x68,0x40,0x10,0xcc,
0x41,0xa3,0x02,0x10,0x63,0x40,0x10,0xcc,0x41,0xa9,0x02,0x10,0x5d,0x40,0x10,0xcc,
0x41,0x85,0x02,0x10,0x64,0x40,0x10,0xcc,0x41,0xab,0x02,0x10,0x61,0x40,0x10,0xcc,
0x41,0xc3,0x02,0x10,0x5f,0x40,0x10,0xcc,0x41,0xef,0x02,0x10,0x5c,0x40,0x10,0xcc,
0x41,0x9b,0x02,0x10,0x60,0x40,0x10,0xcc,0x41,0xf1,0x02,0x10,0x5e,0x40,0x10,0xcc,
0x41,0xf3,0x02,0x10,0x5b,0x40,0x10,0xcc,0x41,0xf5,0x02,0x10,0x5a,0x40,0x10,0xcc,
0x41,0x99,0x02,0x10,0x58,0x40,0x10,0xcc,0x41,0x93,0x02,0x10,0x57,0x40,0x10,0xcc,
0x41,0x8f,0x02,0x10,0x56,0x40,0x10,0xcc,0x41,0x8b,0x02,0x10,0x77,0x00,0x11,0xd7,
0x44,0x01,0x01,0x00,0xf7,0x03,0x89,0xbf,0x76,0x83,0x82,0x6a,0x01,0x00,0x87,0xbf,
0x4c,0x00,0x11,0xd7,0x77,0x83,0x02,0x00,0x43,0x40,0x21,0xcc,0x3c,0x2f,0xd0,0x05,
0x42,0x60,0x21,0xcc,0x39,0x2f,0xc8,0x05,0x45,0x40,0x21,0xcc,0x30,0x2f,0xd4,0x05,
0x41,0x40,0x21,0xcc,0x38,0x2f,0xc8,0x05,0x38,0x40,0x21,0xcc,0x3a,0x2f,0xcc,0x05,
0x43,0x03,0x60,0x7e,0x42,0x40,0x22,0xcc,0x3a,0x2f,0xcc,0x05,0x3a,0x40,0x21,0xcc,
0x3e,0x2f,0xb4,0x05,0x3e,0x60,0x21,0xcc,0x3d,0x2f,0xd0,0x05,0x44,0x60,0x21,0xcc,
0x3b,0x2f,0xcc,0x05,0x30,0x60,0x22,0xcc,0x3d,0x2f,0xd0,0x05,0x3d,0x40,0x21,0xcc,
0x34,0x2f,0xb0,0x05,0x34,0x40,0x21,0xcc,0x32,0x2f,0xc4,0x05,0x3a,0x60,0x22,0xcc,
0x3f,0x2f,0xb4,0x05,0x3f,0x60,0x21,0xcc,0x33,0x2f,0xc4,0x05,0x38,0x60,0x22,0xcc,
0x3b,0x2f,0xcc,0x05,0x3b,0x60,0x21,0xcc,0x31,0x2f,0xd4,0x05,0x34,0x60,0x22,0xcc,
0x33,0x2f,0xc4,0x05,0x33,0x40,0x21,0xcc,0x28,0x2f,0xc0,0x05,0x28,0x40,0x21,0xcc,
0x36,0x2f,0xac,0x05,0x36,0x60,0x21,0xcc,0x35,0x2f,0xb0,0x05,0x3b,0x40,0x22,0xcc,
0x32,0x2f,0xc4,0x05,0x46,0x60,0x21,0xcc,0x2b,0x2f,0xbc,0x05,0x24,0x40,0x21,0xcc,
0x24,0x2f,0x98,0x05,0x28,0x60,0x22,0xcc,0x37,0x2f,0xac,0x05,0x37,0x40,0x21,0xcc,
0x2c,0x2f,0xa4,0x05,0x41,0x03,0x78,0x7e,0x2c,0x40,0x21,0xcc,0x2a,0x2f,0xbc,0x05,
0x1c,0x40,0x21,0xcc,0x1c,0x2f,0x8c,0x05,0x14,0x40,0x21,0xcc,0x14,0x2f,0x7c,0x05,
0x33,0x03,0x64,0x7e,0x3c,0x60,0x22,0xcc,0x39,0x2f,0xc8,0x05,0x45,0x03,0x72,0x7e,
0x2c,0x60,0x22,0xcc,0x2b,0x2f,0xbc,0x05,0x2b,0x40,0x21,0xcc,0x20,0x2f,0xb8,0x05,
0x32,0x60,0x22,0xcc,0x29,0x2f,0xc0,0x05,0x20,0x40,0x21,0xcc,0x2e,0x2f,0x94,0x05,
0x39,0x60,0x22,0xcc,0x31,0x2f,0xd4,0x05,0x3d,0x03,0x62,0x7e,0x2e,0x60,0x21,0xcc,
0x2d,0x2f,0xa4,0x05,0x24,0x03,0x8e,0x7e,0x20,0x60,0x22,0xcc,0x2f,0x2f,0x94,0x05,
0x2f,0x40,0x21,0xcc,0x22,0x2f,0xa8,0x05,0x31,0x60,0x22,0xcc,0x35,0x2f,0xb0,0x05,
0x35,0x60,0x21,0xcc,0x29,0x2f,0xc0,0x05,0x37,0x03,0x52,0x7e,0x47,0x60,0x22,0xcc,
0x25,0x2f,0x98,0x05,0x2f,0x60,0x22,0xcc,0x23,0x2f,0xa8,0x05,0x0c,0x40,0x21,0xcc,
0x0c,0x2f,0x6c,0x05,0x35,0x40,0x22,0xcc,0x2a,0x2f,0xbc,0x05,0x2b,0x03,0x54,0x7e,
0x29,0x60,0x22,0xcc,0x2d,0x2f,0xa4,0x05,0x2d,0x60,0x21,0xcc,0x21,0x2f,0xb8,0x05,
0x1c,0x03,0x90,0x7e,0x0c,0x03,0x96,0x7e,0x2a,0x60,0x22,0xcc,0x21,0x2f,0xb8,0x05,
0x21,0x40,0x21,0xcc,0x18,0x2f,0x9c,0x05,0x18,0x40,0x21,0xcc,0x26,0x2f,0x88,0x05,
0x2d,0x40,0x22,0xcc,0x22,0x2f,0xa8,0x05,0x22,0x60,0x21,0xcc,0x23,0x2f,0xa8,0x05,
0x26,0x60,0x21,0xcc,0x25,0x2f,0x98,0x05,0x23,0x60,0x21,0xcc,0x19,0x2f,0x9c,0x05,
0x21,0x03,0x4a,0x7e,0x18,0x60,0x22,0xcc,0x27,0x2f,0x88,0x05,0x27,0x40,0x21,0xcc,
0x1a,0x2f,0xa0,0x05,0x48,0x60,0x22,0xcc,0x1d,0x2f,0x8c,0x05,0x23,0x40,0x22,0xcc,
0x1a,0x2f,0xa0,0x05,0x25,0x60,0x22,0xcc,0x19,0x2f,0x9c,0x05,0x19,0x60,0x21,0xcc,
0x1b,0x2f,0xa0,0x05,0x27,0x60,0x22,0xcc,0x1b,0x2f,0xa0,0x05,0x1a,0x40,0x21,0xcc,
0x10,0x2f,0x90,0x05,0x10,0x40,0x21,0xcc,0x1e,0x2f,0x74,0x05,0x1b,0x60,0x21,0xcc,
0x11,0x2f,0x90,0x05,0x1e,0x60,0x21,0xcc,0x1d,0x2f,0x8c,0x05,0x4b,0x60,0x22,0xcc,
0x0d,0x2f,0x6c,0x05,0x1a,0x03,0x3a,0x7e,0x10,0x60,0x22,0xcc,0x1f,0x2f,0x74,0x05,
0x1f,0x40,0x21,0xcc,0x12,0x2f,0x84,0x05,0x1b,0x40,0x22,0xcc,0x12,0x2f,0x84,0x05,
0x12,0x40,0x21,0xcc,0x08,0x2f,0x80,0x05,0x14,0x03,0x92,0x7e,0x1d,0x60,0x22,0xcc,
0x11,0x2f,0x90,0x05,0x11,0x60,0x21,0xcc,0x13,0x2f,0x84,0x05,0x1f,0x60,0x22,0xcc,
0x13,0x2f,0x84,0x05,0x12,0x03,0x94,0x7e,0x08,0x40,0x21,0xcc,0x16,0x2f,0x70,0x05,
0x13,0x60,0x21,0xcc,0x09,0x2f,0x80,0x05,0x16,0x60,0x21,0xcc,0x15,0x2f,0x7c,0x05,
0x49,0x60,0x22,0xcc,0x15,0x2f,0x7c,0x05,0x4a,0x60,0x22,0xcc,0x09,0x2f,0x80,0x05,
0x09,0x40,0x21,0xcc,0x00,0x2f,0x60,0x05,0x08,0x60,0x22,0xcc,0x17,0x2f,0x70,0x05,
0x17,0x40,0x21,0xcc,0x0a,0x2f,0x78,0x05,0x15,0x60,0x21,0xcc,0x0d,0x2f,0x6c,0x05,
0x00,0x40,0x21,0xcc,0x0e,0x2f,0x68,0x05,0x09,0x03,0x1a,0x7e,0x04,0x40,0x21,0xcc,
0x04,0x2f,0x58,0x05,0x13,0x40,0x22,0xcc,0x0a,0x2f,0x78,0x05,0x0a,0x60,0x21,0xcc,
0x0b,0x2f,0x78,0x05,0x17,0x60,0x22,0xcc,0x0b,0x2f,0x78,0x05,0x0b,0x60,0x21,0xcc,
0x01,0x2f,0x60,0x05,0x00,0x60,0x22,0xcc,0x0f,0x2f,0x68,0x05,0x0e,0x40,0x21,0xcc,
0x02,0x2f,0x5c,0x05,0x0d,0x60,0x22,0xcc,0x01,0x2f,0x60,0x05,0x04,0x03,0x1e,0x7e,
0x01,0x40,0x21,0xcc,0x06,0x2f,0x30,0x05,0x0b,0x40,0x22,0xcc,0x02,0x2f,0x5c,0x05,
0x06,0x60,0x21,0xcc,0x03,0x2f,0x5c,0x05,0x0e,0x60,0x22,0xcc,0x03,0x2f,0x5c,0x05,
0x02,0x60,0x21,0xcc,0x05,0x2f,0x58,0x05,0x0f,0x60,0x22,0xcc,0x05,0x2f,0x58,0x05,
0x01,0x60,0x22,0xcc,0x07,0x2f,0x30,0x05,0x1a,0x14,0x06,0x7e,0x1b,0x14,0x0a,0x7e,
0x19,0x85,0x04,0xbf,0x35,0x0f,0xa2,0xbf,0x19,0x87,0x04,0xbf,0x34,0x0f,0xa2,0xbf,
0x19,0x88,0x04,0xbf,0x33,0x0f,0xa2,0xbf,0x19,0x89,0x04,0xbf,0x32,0x0f,0xa2,0xbf,
0x3a,0x01,0x10,0xca,0x30,0x01,0x4c,0x4e,0x38,0x01,0x10,0xca,0x31,0x01,0x50,0x4c,
0x3c,0x01,0x10,0xca,0x39,0x01,0x50,0x07,0x28,0x01,0x10,0xca,0x29,0x01,0x54,0x52,
0x34,0x01,0x10,0xca,0x47,0x01,0x5a,0x4f,0x20,0x01,0x10,0xca,0x32,0x01,0x52,0x56,
0x2c,0x01,0x10,0xca,0x2a,0x01,0x56,0x54,0x18,0x01,0x10,0xca,0x2f,0x01,0x58,0x5b,
0x10,0x01,0x10,0xca,0x25,0x01,0x5c,0x5f,0x48,0x01,0x10,0xca,0x27,0x01,0x5c,0x5e,
0x08,0x01,0x10,0xca,0x49,0x01,0x62,0x67,0x1f,0x01,0x10,0xca,0x1d,0x01,0x60,0x61,
0x00,0x01,0x10,0xca,0x4b,0x01,0x72,0x73,0x17,0x01,0x10,0xca,0x4a,0x01,0x6c,0x6b,
0x01,0x01,0x10,0xca,0x0f,0x01,0x74,0x74,0x0e,0x03,0xee,0x7e,0x0d,0x03,0xf2,0x7e,
0x19,0x89,0x06,0xbf,0x70,0x20,0xa1,0xbf,0x41,0x0b,0x0e,0x6a,0x91,0x00,0x87,0xbf,
0x07,0x17,0x0e,0x7e,0x00,0x02,0x13,0xd4,0xff,0x0e,0x02,0x00,0x00,0x00,0x20,0x3f,
0x91,0x04,0x87,0xbf,0x00,0x20,0x81,0xbe,0x7e,0x01,0x00,0x8d,0x4c,0x03,0x03,0xd5,
0x07,0x0f,0x02,0x00,0x4d,0x01,0x13,0xd6,0x07,0xe9,0xfd,0x03,0x00,0x00,0x80,0x42,
0x12,0x01,0x87,0xbf,0xff,0x98,0x28,0x7c,0x50,0xac,0xae,0xc2,0x4c,0x9b,0x98,0x02,
0x91,0x00,0x87,0xbf,0xff,0x98,0x98,0x10,0x3b,0xaa,0xb8,0x3f,0x4c,0x4b,0x98,0x7e,
0xff,0x0f,0x88,0xbf,0xff,0x98,0x9a,0x10,0xa4,0x4e,0x4b,0x11,0x91,0x00,0x87,0xbf,
0x4c,0x9b,0x98,0x02,0xf2,0x98,0x98,0x06,0x01,0x00,0x87,0xbf,0x4c,0x55,0x98,0x7e,
0xff,0x0f,0x88,0xbf,0x4c,0x00,0x13,0xd6,0x4c,0xeb,0xc9,0x03,0x00,0x30,0x80,0xbe,
0x07,0x0f,0x98,0x10,0xff,0x00,0x81,0xbe,0x3d,0xc7,0xba,0xbb,0x81,0x04,0x87,0xbf,
0x01,0x98,0x9a,0x5a,0xc9,0x08,0xa9,0x3c,0x91,0x00,0x87,0xbf,0x4c,0x9b,0x9a,0x5a,
0x4e,0x1c,0x5c,0xbd,0x4c,0x9b,0x9a,0x5a,0x82,0x83,0x08,0x3e,0x91,0x00,0x87,0xbf,
0x4c,0x9b,0x9a,0x5a,0x99,0xaa,0xaa,0xbe,0x4d,0x01,0x08,0xd5,0x07,0x9b,0x02,0x00,
0x01,0x00,0x87,0xbf,0x4c,0x04,0x13,0xd6,0x4c,0x9b,0x1e,0x04,0x7e,0x00,0x7e,0x8c,
0x42,0x0b,0x9a,0x6a,0x91,0x00,0x87,0xbf,0x4d,0x17,0x9a,0x7e,0x00,0x02,0x13,0xd4,
0xff,0x9a,0x02,0x00,0x00,0x00,0x20,0x3f,0x91,0x04,0x87,0xbf,0x00,0x20,0x81,0xbe,
0x7e,0x01,0x00,0x8d,0x4e,0x03,0x03,0xd5,0x4d,0x9b,0x02,0x00,0x4f,0x01,0x13,0xd6,
0x4d,0xe9,0xfd,0x03,0x00,0x00,0x80,0x42,0x12,0x01,0x87,0xbf,0xff,0x9c,0x28,0x7c,
0x50,0xac,0xae,0xc2,0x4e,0x9f,0x9c,0x02,0x91,0x00,0x87,0xbf,0xff,0x9c,0x9c,0x10,
0x3b,0xaa,0xb8,0x3f,0x4e,0x4b,0x9c,0x7e,0xff,0x0f,0x88,0xbf,0xff,0x9c,0x9e,0x10,
0xa4,0x4e,0x4b,0x11,0x91,0x00,0x87,0xbf,0x4e,0x9f,0x9c,0x02,0xf2,0x9c,0x9c,0x06,
0x01,0x00,0x87,0xbf,0x4e,0x55,0x9c,0x7e,0xff,0x0f,0x88,0xbf,0x4e,0x00,0x13,0xd6,
0x4e,0xeb,0xc9,0x03,0x00,0x30,0x80,0xbe,0x4d,0x9b,0x9c,0x10,0xff,0x00,0x81,0xbe,
0x3d,0xc7,0xba,0xbb,0x81,0x04,0x87,0xbf,0x01,0x9c,0x9e,0x5a,0xc9,0x08,0xa9,0x3c,
0x91,0x00,0x87,0xbf,0x4e,0x9f,0x9e,0x5a,0x4e,0x1c,0x5c,0xbd,0x4e,0x9f,0x9e,0x5a,
0x82,0x83,0x08,0x3e,0x91,0x00,0x87,0xbf,0x4e,0x9f,0x9e,0x5a,0x99,0xaa,0xaa,0xbe,
0x4f,0x01,0x08,0xd5,0x4d,0x9f,0x02,0x00,0x01,0x00,0x87,0xbf,0x4e,0x04,0x13,0xd6,
0x4e,0x9f,0x36,0x05,0x7e,0x00,0x7e,0x8c,0x90,0x84,0x9e,0x32,0x91,0x00,0x87,0xbf,
0x4f,0x0b,0x9e,0x6a,0x4f,0x17,0xc6,0x7e,0x91,0x00,0x87,0xbf,0x00,0x02,0x13,0xd4,
0xff,0xc6,0x02,0x00,0x00,0x00,0x20,0x3f,0x00,0x20,0x81,0xbe,0x09,0x00,0x87,0xbf,
0x7e,0x01,0x00,0x8d,0x4f,0x03,0x03,0xd5,0x63,0xc7,0x02,0x00,0x50,0x01,0x13,0xd6,
0x63,0xe9,0xfd,0x03,0x00,0x00,0x80,0x42,0x12,0x01,0x87,0xbf,0xff,0x9e,0x28,0x7c,
0x50,0xac,0xae,0xc2,0x4f,0xa1,0x9e,0x02,0x91,0x00,0x87,0xbf,0xff,0x9e,0x9e,0x10,
0x3b,0xaa,0xb8,0x3f,0x4f,0x4b,0x9e,0x7e,0xff,0x0f,0x88,0xbf,0xff,0x9e,0xa0,0x10,
0xa4,0x4e,0x4b,0x11,0x91,0x00,0x87,0xbf,0x4f,0xa1,0x9e,0x02,0xf2,0x9e,0x9e,0x06,
0x01,0x00,0x87,0xbf,0x4f,0x55,0x9e,0x7e,0xff,0x0f,0x88,0xbf,0x64,0x00,0x13,0xd6,
0x4f,0xeb,0xc9,0x03,0x00,0x30,0x80,0xbe,0x63,0xc7,0x9e,0x10,0xff,0x00,0x81,0xbe,
0x3d,0xc7,0xba,0xbb,0x81,0x04,0x87,0xbf,0x01,0x9e,0xa0,0x5a,0xc9,0x08,0xa9,0x3c,
0x91,0x00,0x87,0xbf,0x4f,0xa1,0xa0,0x5a,0x4e,0x1c,0x5c,0xbd,0x4f,0xa1,0xa0,0x5a,
0x82,0x83,0x08,0x3e,0x91,0x00,0x87,0xbf,0x4f,0xa1,0xa0,0x5a,0x99,0xaa,0xaa,0xbe,
0x50,0x01,0x08,0xd5,0x63,0xa1,0x02,0x00,0x01,0x00,0x87,0xbf,0x64,0x04,0x13,0xd6,
0x4f,0xa1,0x8e,0x05,0x7e,0x00,0x7e,0x8c,0x44,0x0b,0x9e,0x6a,0x91,0x00,0x87,0xbf,
0x4f,0x17,0xca,0x7e,0x00,0x02,0x13,0xd4,0xff,0xca,0x02,0x00,0x00,0x00,0x20,0x3f,
0x91,0x04,0x87,0xbf,0x00,0x20,0x81,0xbe,0x7e,0x01,0x00,0x8d,0x4f,0x03,0x03,0xd5,
0x65,0xcb,0x02,0x00,0x50,0x01,0x13,0xd6,0x65,0xe9,0xfd,0x03,0x00,0x00,0x80,0x42,
0x12,0x01,0x87,0xbf,0xff,0x9e,0x28,0x7c,0x50,0xac,0xae,0xc2,0x4f,0xa1,0x9e,0x02,
0x91,0x00,0x87,0xbf,0xff,0x9e,0x9e,0x10,0x3b,0xaa,0xb8,0x3f,0x4f,0x4b,0x9e,0x7e,
0xff,0x0f,0x88,0xbf,0xff,0x9e,0xa0,0x10,0xa4,0x4e,0x4b,0x11,0x91,0x00,0x87,0xbf,
0x4f,0xa1,0x9e,0x02,0xf2,0x9e,0x9e,0x06,0x01,0x00,0x87,0xbf,0x4f,0x55,0x9e,0x7e,
0xff,0x0f,0x88,0xbf,0x66,0x00,0x13,0xd6,0x4f,0xeb,0xc9,0x03,0x00,0x30,0x80,0xbe,
0x65,0xcb,0x9e,0x10,0xff,0x00,0x81,0xbe,0x3d,0xc7,0xba,0xbb,0x81,0x04,0x87,0xbf,
0x01,0x9e,0xa0,0x5a,0xc9,0x08,0xa9,0x3c,0x91,0x00,0x87,0xbf,0x4f,0xa1,0xa0,0x5a,
0x4e,0x1c,0x5c,0xbd,0x4f,0xa1,0xa0,0x5a,0x82,0x83,0x08,0x3e,0x91,0x00,0x87,0xbf,
0x4f,0xa1,0xa0,0x5a,0x99,0xaa,0xaa,0xbe,0x50,0x01,0x08,0xd5,0x65,0xa1,0x02,0x00,
0x01,0x00,0x87,0xbf,0x66,0x04,0x13,0xd6,0x4f,0xa1,0x96,0x05,0x7e,0x00,0x7e,0x8c,
0x43,0x0b,0x9e,0x6a,0x91,0x00,0x87,0xbf,0x4f,0x17,0xd0,0x7e,0x00,0x02,0x13,0xd4,
0xff,0xd0,0x02,0x00,0x00,0x00,0x20,0x3f,0x91,0x04,0x87,0xbf,0x00,0x20,0x81,0xbe,
0x7e,0x01,0x00,0x8d,0x4f,0x03,0x03,0xd5,0x68,0xd1,0x02,0x00,0x50,0x01,0x13,0xd6,
0x68,0xe9,0xfd,0x03,0x00,0x00,0x80,0x42,0x12,0x01,0x87,0xbf,0xff,0x9e,0x28,0x7c,
0x50,0xac,0xae,0xc2,0x4f,0xa1,0x9e,0x02,0x91,0x00,0x87,0xbf,0xff,0x9e,0x9e,0x10,
0x3b,0xaa,0xb8,0x3f,0x4f,0x4b,0x9e,0x7e,0xff,0x0f,0x88,0xbf,0xff,0x9e,0xa0,0x10,
0xa4,0x4e,0x4b,0x11,0x91,0x00,0x87,0xbf,0x4f,0xa1,0x9e,0x02,0xf2,0x9e,0x9e,0x06,
0x01,0x00,0x87,0xbf,0x4f,0x55,0x9e,0x7e,0xff,0x0f,0x88,0xbf,0x69,0x00,0x13,0xd6,
0x4f,0xeb,0xc9,0x03,0x00,0x30,0x80,0xbe,0x68,0xd1,0x9e,0x10,0xff,0x00,0x81,0xbe,
0x3d,0xc7,0xba,0xbb,0x81,0x04,0x87,0xbf,0x01,0x9e,0xa0,0x5a,0xc9,0x08,0xa9,0x3c,
0x91,0x00,0x87,0xbf,0x4f,0xa1,0xa0,0x5a,0x4e,0x1c,0x5c,0xbd,0x4f,0xa1,0xa0,0x5a,
0x82,0x83,0x08,0x3e,0x91,0x00,0x87,0xbf,0x4f,0xa1,0xa0,0x5a,0x99,0xaa,0xaa,0xbe,
0x50,0x01,0x08,0xd5,0x68,0xa1,0x02,0x00,0x01,0x00,0x87,0xbf,0x69,0x04,0x13,0xd6,
0x4f,0xa1,0xa2,0x05,0x7e,0x00,0x7e,0x8c,0x3e,0x0b,0x9e,0x6a,0x91,0x00,0x87,0xbf,
0x4f,0x17,0xd4,0x7e,0x00,0x02,0x13,0xd4,0xff,0xd4,0x02,0x00,0x00,0x00,0x20,0x3f,
0x91,0x04,0x87,0xbf,0x00,0x20,0x81,0xbe,0x7e,0x01,0x00,0x8d,0x4f,0x03,0x03,0xd5,
0x6a,0xd5,0x02,0x00,0x50,0x01,0x13,0xd6,0x6a,0xe9,0xfd,0x03,0x00,0x00,0x80,0x42,
0x12,0x01,0x87,0xbf,0xff,0x9e,0x28,0x7c,0x50,0xac,0xae,0xc2,0x4f,0xa1,0x9e,0x02,
0x91,0x00,0x87,0xbf,0xff,0x9e,0x9e,0x10,0x3b,0xaa,0xb8,0x3f,0x4f,0x4b,0x9e,0x7e,
0xff,0x0f,0x88,0xbf,0xff,0x9e,0xa0,0x10,0xa4,0x4e,0x4b,0x11,0x91,0x00,0x87,0xbf,
0x4f,0xa1,0x9e,0x02,0xf2,0x9e,0x9e,0x06,0x01,0x00,0x87,0xbf,0x4f,0x55,0x9e,0x7e,
0xff,0x0f,0x88,0xbf,0x6d,0x00,0x13,0xd6,0x4f,0xeb,0xc9,0x03,0x00,0x30,0x80,0xbe,
0x6a,0xd5,0x9e,0x10,0xff,0x00,0x81,0xbe,0x3d,0xc7,0xba,0xbb,0x81,0x04,0x87,0xbf,
0x01,0x9e,0xa0,0x5a,0xc9,0x08,0xa9,0x3c,0x91,0x00,0x87,0xbf,0x4f,0xa1,0xa0,0x5a,
0x4e,0x1c,0x5c,0xbd,0x4f,0xa1,0xa0,0x5a,0x82,0x83,0x08,0x3e,0x91,0x00,0x87,0xbf,
0x4f,0xa1,0xa0,0x5a,0x99,0xaa,0xaa,0xbe,0x50,0x01,0x08,0xd5,0x6a,0xa1,0x02,0x00,
0x01,0x00,0x87,0xbf,0x6d,0x04,0x13,0xd6,0x4f,0xa1,0xaa,0x05,0x7e,0x00,0x7e,0x8c,
0x3a,0x0b,0x9e,0x6a,0x91,0x00,0x87,0xbf,0x4f,0x17,0xdc,0x7e,0x00,0x02,0x13,0xd4,
0xff,0xdc,0x02,0x00,0x00,0x00,0x20,0x3f,0x91,0x04,0x87,0xbf,0x00,0x20,0x81,0xbe,
0x7e,0x01,0x00,0x8d,0x4f,0x03,0x03,0xd5,0x6e,0xdd,0x02,0x00,0x50,0x01,0x13,0xd6,
0x6e,0xe9,0xfd,0x03,0x00,0x00,0x80,0x42,0x12,0x01,0x87,0xbf,0xff,0x9e,0x28,0x7c,
0x50,0xac,0xae,0xc2,0x4f,0xa1,0x9e,0x02,0x91,0x00,0x87,0xbf,0xff,0x9e,0x9e,0x10,
0x3b,0xaa,0xb8,0x3f,0x4f,0x4b,0x9e,0x7e,0xff,0x0f,0x88,0xbf,0xff,0x9e,0xa0,0x10,
0xa4,0x4e,0x4b,0x11,0x91,0x00,0x87,0xbf,0x4f,0xa1,0x9e,0x02,0xf2,0x9e,0x9e,0x06,
0x01,0x00,0x87,0xbf,0x4f,0x55,0x9e,0x7e,0xff,0x0f,0x88,0xbf,0x6f,0x00,0x13,0xd6,
0x4f,0xeb,0xc9,0x03,0x00,0x30,0x80,0xbe,0x6e,0xdd,0x9e,0x10,0xff,0x00,0x81,0xbe,
0x3d,0xc7,0xba,0xbb,0x81,0x04,0x87,0xbf,0x01,0x9e,0xa0,0x5a,0xc9,0x08,0xa9,0x3c,
0x91,0x00,0x87,0xbf,0x4f,0xa1,0xa0,0x5a,0x4e,0x1c,0x5c,0xbd,0x4f,0xa1,0xa0,0x5a,
0x82,0x83,0x08,0x3e,0x91,0x00,0x87,0xbf,0x4f,0xa1,0xa0,0x5a,0x99,0xaa,0xaa,0xbe,
0x50,0x01,0x08,0xd5,0x6e,0xa1,0x02,0x00,0x01,0x00,0x87,0xbf,0x6f,0x04,0x13,0xd6,
0x4f,0xa1,0xba,0x05,0x7e,0x00,0x7e,0x8c,0x90,0x74,0x9e,0x32,0x91,0x00,0x87,0xbf,
0x4f,0x0b,0x9e,0x6a,0x4f,0x17,0xe0,0x7e,0x91,0x00,0x87,0xbf,0x00,0x02,0x13,0xd4,
0xff,0xe0,0x02,0x00,0x00,0x00,0x20,0x3f,0x00,0x20,0x81,0xbe,0x09,0x00,0x87,0xbf,
0x7e,0x01,0x00,0x8d,0x4f,0x03,0x03,0xd5,0x70,0xe1,0x02,0x00,0x50,0x01,0x13,0xd6,
0x70,0xe9,0xfd,0x03,0x00,0x00,0x80,0x42,0x12,0x01,0x87,0xbf,0xff,0x9e,0x28,0x7c,
0x50,0xac,0xae,0xc2,0x4f,0xa1,0x9e,0x02,0x91,0x00,0x87,0xbf,0xff,0x9e,0x9e,0x10,
0x3b,0xaa,0xb8,0x3f,0x4f,0x4b,0x9e,0x7e,0xff,0x0f,0x88,0xbf,0xff,0x9e,0xa0,0x10,
0xa4,0x4e,0x4b,0x11,0x91,0x00,0x87,0xbf,0x4f,0xa1,0x9e,0x02,0xf2,0x9e,0x9e,0x06,
0x01,0x00,0x87,0xbf,0x4f,0x55,0x9e,0x7e,0xff,0x0f,0x88,0xbf,0x71,0x00,0x13,0xd6,
0x4f,0xeb,0xc9,0x03,0x00,0x30,0x80,0xbe,0x70,0xe1,0x9e,0x10,0xff,0x00,0x81,0xbe,
0x3d,0xc7,0xba,0xbb,0x81,0x04,0x87,0xbf,0x01,0x9e,0xa0,0x5a,0xc9,0x08,0xa9,0x3c,
0x91,0x00,0x87,0xbf,0x4f,0xa1,0xa0,0x5a,0x4e,0x1c,0x5c,0xbd,0x4f,0xa1,0xa0,0x5a,
0x82,0x83,0x08,0x3e,0x91,0x00,0x87,0xbf,0x4f,0xa1,0xa0,0x5a,0x99,0xaa,0xaa,0xbe,
0x50,0x01,0x08,0xd5,0x70,0xa1,0x02,0x00,0x01,0x00,0x87,0xbf,0x71,0x04,0x13,0xd6,
0x4f,0xa1,0xc2,0x05,0x7e,0x00,0x7e,0x8c,0x45,0x0b,0x9e,0x6a,0x91,0x00,0x87,0xbf,
0x4f,0x17,0x9e,0x7e,0x00,0x02,0x13,0xd4,0xff,0x9e,0x02,0x00,0x00,0x00,0x20,0x3f,
0x91,0x04,0x87,0xbf,0x00,0x20,0x81,0xbe,0x7e,0x01,0x00,0x8d,0x50,0x03,0x03,0xd5,
0x4f,0x9f,0x02,0x00,0x51,0x01,0x13,0xd6,0x4f,0xe9,0xfd,0x03,0x00,0x00,0x80,0x42,
0x12,0x01,0x87,0xbf,0xff,0xa0,0x28,0x7c,0x50,0xac,0xae,0xc2,0x50,0xa3,0xa0,0x02,
0x91,0x00,0x87,0xbf,0xff,0xa0,0xa0,0x10,0x3b,0xaa,0xb8,0x3f,0x50,0x4b,0xa0,0x7e,
0xff,0x0f,0x88,0xbf,0xff,0xa0,0xa2,0x10,0xa4,0x4e,0x4b,0x11,0x91,0x00,0x87,0xbf,
0x50,0xa3,0xa0,0x02,0xf2,0xa0,0xa0,0x06,0x01,0x00,0x87,0xbf,0x50,0x55,0xa0,0x7e,
0xff,0x0f,0x88,0xbf,0x50,0x00,0x13,0xd6,0x50,0xeb,0xc9,0x03,0x00,0x30,0x80,0xbe,
0x4f,0x9f,0xa0,0x10,0xff,0x00,0x81,0xbe,0x3d,0xc7,0xba,0xbb,0x81,0x04,0x87,0xbf,
0x01,0xa0,0xa2,0x5a,0xc9,0x08,0xa9,0x3c,0x91,0x00,0x87,0xbf,0x50,0xa3,0xa2,0x5a,
0x4e,0x1c,0x5c,0xbd,0x50,0xa3,0xa2,0x5a,0x82,0x83,0x08,0x3e,0x91,0x00,0x87,0xbf,
0x50,0xa3,0xa2,0x5a,0x99,0xaa,0xaa,0xbe,0x51,0x01,0x08,0xd5,0x4f,0xa3,0x02,0x00,
0x01,0x00,0x87,0xbf,0x50,0x04,0x13,0xd6,0x50,0xa3,0x3e,0x05,0x7e,0x00,0x7e,0x8c,
0x3b,0x0b,0xa2,0x6a,0x91,0x00,0x87,0xbf,0x51,0x17,0xa2,0x7e,0x00,0x02,0x13,0xd4,
0xff,0xa2,0x02,0x00,0x00,0x00,0x20,0x3f,0x91,0x04,0x87,0xbf,0x00,0x20,0x81,0xbe,
0x7e,0x01,0x00,0x8d,0x52,0x03,0x03,0xd5,0x51,0xa3,0x02,0x00,0x53,0x01,0x13,0xd6,
0x51,0xe9,0xfd,0x03,0x00,0x00,0x80,0x42,0x12,0x01,0x87,0xbf,0xff,0xa4,0x28,0x7c,
0x50,0xac,0xae,0xc2,0x52,0xa7,0xa4,0x02,0x91,0x00,0x87,0xbf,0xff,0xa4,0xa4,0x10,
0x3b,0xaa,0xb8,0x3f,0x52,0x4b,0xa4,0x7e,0xff,0x0f,0x88,0xbf,0xff,0xa4,0xa6,0x10,
0xa4,0x4e,0x4b,0x11,0x91,0x00,0x87,0xbf,0x52,0xa7,0xa4,0x02,0xf2,0xa4,0xa4,0x06,
0x01,0x00,0x87,0xbf,0x52,0x55,0xa4,0x7e,0xff,0x0f,0x88,0xbf,0x52,0x00,0x13,0xd6,
0x52,0xeb,0xc9,0x03,0x00,0x30,0x80,0xbe,0x51,0xa3,0xa4,0x10,0xff,0x00,0x81,0xbe,
0x3d,0xc7,0xba,0xbb,0x81,0x04,0x87,0xbf,0x01,0xa4,0xa6,0x5a,0xc9,0x08,0xa9,0x3c,
0x91,0x00,0x87,0xbf,0x52,0xa7,0xa6,0x5a,0x4e,0x1c,0x5c,0xbd,0x52,0xa7,0xa6,0x5a,
0x82,0x83,0x08,0x3e,0x91,0x00,0x87,0xbf,0x52,0xa7,0xa6,0x5a,0x99,0xaa,0xaa,0xbe,
0x53,0x01,0x08,0xd5,0x51,0xa7,0x02,0x00,0x01,0x00,0x87,0xbf,0x52,0x04,0x13,0xd6,
0x52,0xa7,0x46,0x05,0x7e,0x00,0x7e,0x8c,0x90,0x76,0xa6,0x32,0x91,0x00,0x87,0xbf,
0x53,0x0b,0xa6,0x6a,0x53,0x17,0xec,0x7e,0x91,0x00,0x87,0xbf,0x00,0x02,0x13,0xd4,
0xff,0xec,0x02,0x00,0x00,0x00,0x20,0x3f,0x00,0x20,0x81,0xbe,0x09,0x00,0x87,0xbf,
0x7e,0x01,0x00,0x8d,0x53,0x03,0x03,0xd5,0x76,0xed,0x02,0x00,0x54,0x01,0x13,0xd6,
0x76,0xe9,0xfd,0x03,0x00,0x00,0x80,0x42,0x12,0x01,0x87,0xbf,0xff,0xa6,0x28,0x7c,
0x50,0xac,0xae,0xc2,0x53,0xa9,0xa6,0x02,0x91,0x00,0x87,0xbf,0xff,0xa6,0xa6,0x10,
0x3b,0xaa,0xb8,0x3f,0x53,0x4b,0xa6,0x7e,0xff,0x0f,0x88,0xbf,0xff,0xa6,0xa8,0x10,
0xa4,0x4e,0x4b,0x11,0x91,0x00,0x87,0xbf,0x53,0xa9,0xa6,0x02,0xf2,0xa6,0xa6,0x06,
0x01,0x00,0x87,0xbf,0x53,0x55,0xa6,0x7e,0xff,0x0f,0x88,0xbf,0x78,0x00,0x13,0xd6,
0x53,0xeb,0xc9,0x03,0x00,0x30,0x80,0xbe,0x76,0xed,0xa6,0x10,0xff,0x00,0x81,0xbe,
0x3d,0xc7,0xba,0xbb,0x81,0x04,0x87,0xbf,0x01,0xa6,0xa8,0x5a,0xc9,0x08,0xa9,0x3c,
0x91,0x00,0x87,0xbf,0x53,0xa9,0xa8,0x5a,0x4e,0x1c,0x5c,0xbd,0x53,0xa9,0xa8,0x5a,
0x82,0x83,0x08,0x3e,0x91,0x00,0x87,0xbf,0x53,0xa9,0xa8,0x5a,0x99,0xaa,0xaa,0xbe,
0x54,0x01,0x08,0xd5,0x76,0xa9,0x02,0x00,0x01,0x00,0x87,0xbf,0x78,0x04,0x13,0xd6,
0x53,0xa9,0xda,0x05,0x7e,0x00,0x7e,0x8c,0x3f,0x0b,0xa6,0x6a,0x91,0x00,0x87,0xbf,
0x53,0x17,0xf4,0x7e,0x00,0x02,0x13,0xd4,0xff,0xf4,0x02,0x00,0x00,0x00,0x20,0x3f,
0x91,0x04,0x87,0xbf,0x00,0x20,0x81,0xbe,0x7e,0x01,0x00,0x8d,0x53,0x03,0x03,0xd5,
0x7a,0xf5,0x02,0x00,0x54,0x01,0x13,0xd6,0x7a,0xe9,0xfd,0x03,0x00,0x00,0x80,0x42,
0x12,0x01,0x87,0xbf,0xff,0xa6,0x28,0x7c,0x50,0xac,0xae,0xc2,0x53,0xa9,0xa6,0x02,
0x91,0x00,0x87,0xbf,0xff,0xa6,0xa6,0x10,0x3b,0xaa,0xb8,0x3f,0x53,0x4b,0xa6,0x7e,
0xff,0x0f,0x88,0xbf,0xff,0xa6,0xa8,0x10,0xa4,0x4e,0x4b,0x11,0x91,0x00,0x87,0xbf,
0x53,0xa9,0xa6,0x02,0xf2,0xa6,0xa6,0x06,0x01,0x00,0x87,0xbf,0x53,0x55,0xa6,0x7e,
0xff,0x0f,0x88,0xbf,0x7b,0x00,0x13,0xd6,0x53,0xeb,0xc9,0x03,0x00,0x30,0x80,0xbe,
0x7a,0xf5,0xa6,0x10,0xff,0x00,0x81,0xbe,0x3d,0xc7,0xba,0xbb,0x81,0x04,0x87,0xbf,
0x01,0xa6,0xa8,0x5a,0xc9,0x08,0xa9,0x3c,0x91,0x00,0x87,0xbf,0x53,0xa9,0xa8,0x5a,
0x4e,0x1c,0x5c,0xbd,0x53,0xa9,0xa8,0x5a,0x82,0x83,0x08,0x3e,0x91,0x00,0x87,0xbf,
0x53,0xa9,0xa8,0x5a,0x99,0xaa,0xaa,0xbe,0x54,0x01,0x08,0xd5,0x7a,0xa9,0x02,0x00,
0x01,0x00,0x87,0xbf,0x7b,0x04,0x13,0xd6,0x53,0xa9,0xea,0x05,0x7e,0x00,0x7e,0x8c,
0x3d,0x0b,0xa6,0x6a,0x91,0x00,0x87,0xbf,0x53,0x17,0xf8,0x7e,0x00,0x02,0x13,0xd4,
0xff,0xf8,0x02,0x00,0x00,0x00,0x20,0x3f,0x91,0x04,0x87,0xbf,0x00,0x20,0x81,0xbe,
0x7e,0x01,0x00,0x8d,0x53,0x03,0x03,0xd5,0x7c,0xf9,0x02,0x00,0x54,0x01,0x13,0xd6,
0x7c,0xe9,0xfd,0x03,0x00,0x00,0x80,0x42,0x12,0x01,0x87,0xbf,0xff,0xa6,0x28,0x7c,
0x50,0xac,0xae,0xc2,0x53,0xa9,0xa6,0x02,0x91,0x00,0x87,0xbf,0xff,0xa6,0xa6,0x10,
0x3b,0xaa,0xb8,0x3f,0x53,0x4b,0xa6,0x7e,0xff,0x0f,0x88,0xbf,0xff,0xa6,0xa8,0x10,
0xa4,0x4e,0x4b,0x11,0x91,0x00,0x87,0xbf,0x53,0xa9,0xa6,0x02,0xf2,0xa6,0xa6,0x06,
0x01,0x00,0x87,0xbf,0x53,0x55,0xa6,0x7e,0xff,0x0f,0x88,0xbf,0x7d,0x00,0x13,0xd6,
0x53,0xeb,0xc9,0x03,0x00,0x30,0x80,0xbe,0x7c,0xf9,0xa6,0x10,0xff,0x00,0x81,0xbe,
0x3d,0xc7,0xba,0xbb,0x81,0x04,0x87,0xbf,0x01,0xa6,0xa8,0x5a,0xc9,0x08,0xa9,0x3c,
0x91,0x00,0x87,0xbf,0x53,0xa9,0xa8,0x5a,0x4e,0x1c,0x5c,0xbd,0x53,0xa9,0xa8,0x5a,
0x82,0x83,0x08,0x3e,0x91,0x00,0x87,0xbf,0x53,0xa9,0xa8,0x5a,0x99,0xaa,0xaa,0xbe,
0x54,0x01,0x08,0xd5,0x7c,0xa9,0x02,0x00,0x01,0x00,0x87,0xbf,0x7d,0x04,0x13,0xd6,
0x53,0xa9,0xf2,0x05,0x7e,0x00,0x7e,0x8c,0x36,0x0b,0xa6,0x6a,0x91,0x00,0x87,0xbf,
0x53,0x17,0xfc,0x7e,0x00,0x02,0x13,0xd4,0xff,0xfc,0x02,0x00,0x00,0x00,0x20,0x3f,
0x91,0x04,0x87,0xbf,0x00,0x20,0x81,0xbe,0x7e,0x01,0x00,0x8d,0x53,0x03,0x03,0xd5,
0x7e,0xfd,0x02,0x00,0x54,0x01,0x13,0xd6,0x7e,0xe9,0xfd,0x03,0x00,0x00,0x80,0x42,
0x12,0x01,0x87,0xbf,0xff,0xa6,0x28,0x7c,0x50,0xac,0xae,0xc2,0x53,0xa9,0xa6,0x02,
0x91,0x00,0x87,0xbf,0xff,0xa6,0xa6,0x10,0x3b,0xaa,0xb8,0x3f,0x53,0x4b,0xa6,0x7e,
0xff,0x0f,0x88,0xbf,0xff,0xa6,0xa8,0x10,0xa4,0x4e,0x4b,0x11,0x91,0x00,0x87,0xbf,
0x53,0xa9,0xa6,0x02,0xf2,0xa6,0xa6,0x06,0x01,0x00,0x87,0xbf,0x53,0x55,0xa6,0x7e,
0xff,0x0f,0x88,0xbf,0x7f,0x00,0x13,0xd6,0x53,0xeb,0xc9,0x03,0x00,0x30,0x80,0xbe,
0x7e,0xfd,0xa6,0x10,0xff,0x00,0x81,0xbe,0x3d,0xc7,0xba,0xbb,0x81,0x04,0x87,0xbf,
0x01,0xa6,0xa8,0x5a,0xc9,0x08,0xa9,0x3c,0x91,0x00,0x87,0xbf,0x53,0xa9,0xa8,0x5a,
0x4e,0x1c,0x5c,0xbd,0x53,0xa9,0xa8,0x5a,0x82,0x83,0x08,0x3e,0x91,0x00,0x87,0xbf,
0x53,0xa9,0xa8,0x5a,0x99,0xaa,0xaa,0xbe,0x54,0x01,0x08,0xd5,0x7e,0xa9,0x02,0x00,
0x01,0x00,0x87,0xbf,0x7f,0x04,0x13,0xd6,0x53,0xa9,0xfa,0x05,0x7e,0x00,0x7e,0x8c,
0x28,0x0b,0xa6,0x6a,0x91,0x00,0x87,0xbf,0x80,0x00,0x8b,0xd5,0x53,0x01,0x00,0x00,
0x00,0x02,0x13,0xd4,0xff,0x00,0x03,0x00,0x00,0x00,0x20,0x3f,0x91,0x04,0x87,0xbf,
0x00,0x20,0x81,0xbe,0x7e,0x01,0x00,0x8d,0x53,0x03,0x03,0xd5,0x80,0x01,0x03,0x00,
0x54,0x01,0x13,0xd6,0x80,0xe9,0xfd,0x03,0x00,0x00,0x80,0x42,0x12,0x01,0x87,0xbf,
0xff,0xa6,0x28,0x7c,0x50,0xac,0xae,0xc2,0x53,0xa9,0xa6,0x02,0x91,0x00,0x87,0xbf,
0xff,0xa6,0xa6,0x10,0x3b,0xaa,0xb8,0x3f,0x53,0x4b,0xa6,0x7e,0xff,0x0f,0x88,0xbf,
0xff,0xa6,0xa8,0x10,0xa4,0x4e,0x4b,0x11,0x91,0x00,0x87,0xbf,0x53,0xa9,0xa6,0x02,
0xf2,0xa6,0xa6,0x06,0x01,0x00,0x87,0xbf,0x53,0x55,0xa6,0x7e,0xff,0x0f,0x88,0xbf,
0x81,0x00,0x13,0xd6,0x53,0xeb,0xc9,0x03,0x00,0x30,0x80,0xbe,0x80,0x01,0xa7,0x10,
0xff,0x00,0x81,0xbe,0x3d,0xc7,0xba,0xbb,0x81,0x04,0x87,0xbf,0x01,0xa6,0xa8,0x5a,
0xc9,0x08,0xa9,0x3c,0x91,0x00,0x87,0xbf,0x53,0xa9,0xa8,0x5a,0x4e,0x1c,0x5c,0xbd,
0x53,0xa9,0xa8,0x5a,0x82,0x83,0x08,0x3e,0x91,0x00,0x87,0xbf,0x53,0xa9,0xa8,0x5a,
0x99,0xaa,0xaa,0xbe,0x54,0x01,0x08,0xd5,0x80,0xa9,0x02,0x00,0x01,0x00,0x87,0xbf,
0x81,0x04,0x13,0xd6,0x53,0xa9,0x02,0x06,0x7e,0x00,0x7e,0x8c,0x90,0x50,0xa6,0x32,
0x91,0x00,0x87,0xbf,0x53,0x0b,0xa6,0x6a,0x82,0x00,0x8b,0xd5,0x53,0x01,0x00,0x00,
0x91,0x00,0x87,0xbf,0x00,0x02,0x13,0xd4,0xff,0x04,0x03,0x00,0x00,0x00,0x20,0x3f,
0x00,0x20,0x81,0xbe,0x09,0x00,0x87,0xbf,0x7e,0x01,0x00,0x8d,0x53,0x03,0x03,0xd5,
0x82,0x05,0x03,0x00,0x54,0x01,0x13,0xd6,0x82,0xe9,0xfd,0x03,0x00,0x00,0x80,0x42,
0x12,0x01,0x87,0xbf,0xff,0xa6,0x28,0x7c,0x50,0xac,0xae,0xc2,0x53,0xa9,0xa6,0x02,
0x91,0x00,0x87,0xbf,0xff,0xa6,0xa6,0x10,0x3b,0xaa,0xb8,0x3f,0x53,0x4b,0xa6,0x7e,
0xff,0x0f,0x88,0xbf,0xff,0xa6,0xa8,0x10,0xa4,0x4e,0x4b,0x11,0x91,0x00,0x87,0xbf,
0x53,0xa9,0xa6,0x02,0xf2,0xa6,0xa6,0x06,0x01,0x00,0x87,0xbf,0x53,0x55,0xa6,0x7e,
0xff,0x0f,0x88,0xbf,0x83,0x00,0x13,0xd6,0x53,0xeb,0xc9,0x03,0x00,0x30,0x80,0xbe,
0x82,0x05,0xa7,0x10,0xff,0x00,0x81,0xbe,0x3d,0xc7,0xba,0xbb,0x81,0x04,0x87,0xbf,
0x01,0xa6,0xa8,0x5a,0xc9,0x08,0xa9,0x3c,0x91,0x00,0x87,0xbf,0x53,0xa9,0xa8,0x5a,
0x4e,0x1c,0x5c,0xbd,0x53,0xa9,0xa8,0x5a,0x82,0x83,0x08,0x3e,0x91,0x00,0x87,0xbf,
0x53,0xa9,0xa8,0x5a,0x99,0xaa,0xaa,0xbe,0x54,0x01,0x08,0xd5,0x82,0xa9,0x02,0x00,
0x01,0x00,0x87,0xbf,0x83,0x04,0x13,0xd6,0x53,0xa9,0x0a,0x06,0x7e,0x00,0x7e,0x8c,
0x33,0x0b,0xa6,0x6a,0x91,0x00,0x87,0xbf,0x53,0x17,0xa6,0x7e,0x00,0x02,0x13,0xd4,
0xff,0xa6,0x02,0x00,0x00,0x00,0x20,0x3f,0x91,0x04,0x87,0xbf,0x00,0x20,0x81,0xbe,
0x7e,0x01,0x00,0x8d,0x54,0x03,0x03,0xd5,0x53,0xa7,0x02,0x00,0x55,0x01,0x13,0xd6,
0x53,0xe9,0xfd,0x03,0x00,0x00,0x80,0x42,0x12,0x01,0x87,0xbf,0xff,0xa8,0x28,0x7c,
0x50,0xac,0xae,0xc2,0x54,0xab,0xa8,0x02,0x91,0x00,0x87,0xbf,0xff,0xa8,0xa8,0x10,
0x3b,0xaa,0xb8,0x3f,0x54,0x4b,0xa8,0x7e,0xff,0x0f,0x88,0xbf,0xff,0xa8,0xaa,0x10,
0xa4,0x4e,0x4b,0x11,0x91,0x00,0x87,0xbf,0x54,0xab,0xa8,0x02,0xf2,0xa8,0xa8,0x06,
0x01,0x00,0x87,0xbf,0x54,0x55,0xa8,0x7e,0xff,0x0f,0x88,0xbf,0x54,0x00,0x13,0xd6,
0x54,0xeb,0xc9,0x03,0x00,0x30,0x80,0xbe,0x53,0xa7,0xa8,0x10,0xff,0x00,0x81,0xbe,
0x3d,0xc7,0xba,0xbb,0x81,0x04,0x87,0xbf,0x01,0xa8,0xaa,0x5a,0xc9,0x08,0xa9,0x3c,
0x91,0x00,0x87,0xbf,0x54,0xab,0xaa,0x5a,0x4e,0x1c,0x5c,0xbd,0x54,0xab,0xaa,0x5a,
0x82,0x83,0x08,0x3e,0x91,0x00,0x87,0xbf,0x54,0xab,0xaa,0x5a,0x99,0xaa,0xaa,0xbe,
0x55,0x01,0x08,0xd5,0x53,0xab,0x02,0x00,0x01,0x00,0x87,0xbf,0x54,0x04,0x13,0xd6,
0x54,0xab,0x4e,0x05,0x7e,0x00,0x7e,0x8c,0x35,0x0b,0xaa,0x6a,0x91,0x00,0x87,0xbf,
0x55,0x17,0xaa,0x7e,0x00,0x02,0x13,0xd4,0xff,0xaa,0x02,0x00,0x00,0x00,0x20,0x3f,
0x91,0x04,0x87,0xbf,0x00,0x20,0x81,0xbe,0x7e,0x01,0x00,0x8d,0x56,0x03,0x03,0xd5,
0x55,0xab,0x02,0x00,0x57,0x01,0x13,0xd6,0x55,0xe9,0xfd,0x03,0x00,0x00,0x80,0x42,
0x12,0x01,0x87,0xbf,0xff,0xac,0x28,0x7c,0x50,0xac,0xae,0xc2,0x56,0xaf,0xac,0x02,
0x91,0x00,0x87,0xbf,0xff,0xac,0xac,0x10,0x3b,0xaa,0xb8,0x3f,0x56,0x4b,0xac,0x7e,
0xff,0x0f,0x88,0xbf,0xff,0xac,0xae,0x10,0xa4,0x4e,0x4b,0x11,0x91,0x00,0x87,0xbf,
0x56,0xaf,0xac,0x02,0xf2,0xac,0xac,0x06,0x01,0x00,0x87,0xbf,0x56,0x55,0xac,0x7e,
0xff,0x0f,0x88,0xbf,0x56,0x00,0x13,0xd6,0x56,0xeb,0xc9,0x03,0x00,0x30,0x80,0xbe,
0x55,0xab,0xac,0x10,0xff,0x00,0x81,0xbe,0x3d,0xc7,0xba,0xbb,0x81,0x04,0x87,0xbf,
0x01,0xac,0xae,0x5a,0xc9,0x08,0xa9,0x3c,0x91,0x00,0x87,0xbf,0x56,0xaf,0xae,0x5a,
0x4e,0x1c,0x5c,0xbd,0x56,0xaf,0xae,0x5a,0x82,0x83,0x08,0x3e,0x91,0x00,0x87,0xbf,
0x56,0xaf,0xae,0x5a,0x99,0xaa,0xaa,0xbe,0x57,0x01,0x08,0xd5,0x55,0xaf,0x02,0x00,
0x01,0x00,0x87,0xbf,0x56,0x04,0x13,0xd6,0x56,0xaf,0x56,0x05,0x7e,0x00,0x7e,0x8c,
0x90,0x6a,0xae,0x32,0x91,0x00,0x87,0xbf,0x57,0x0b,0xae,0x6a,0x84,0x00,0x8b,0xd5,
0x57,0x01,0x00,0x00,0x91,0x00,0x87,0xbf,0x00,0x02,0x13,0xd4,0xff,0x08,0x03,0x00,
0x00,0x00,0x20,0x3f,0x00,0x20,0x81,0xbe,0x09,0x00,0x87,0xbf,0x7e,0x01,0x00,0x8d,
0x57,0x03,0x03,0xd5,0x84,0x09,0x03,0x00,0x58,0x01,0x13,0xd6,0x84,0xe9,0xfd,0x03,
0x00,0x00,0x80,0x42,0x12,0x01,0x87,0xbf,0xff,0xae,0x28,0x7c,0x50,0xac,0xae,0xc2,
0x57,0xb1,0xae,0x02,0x91,0x00,0x87,0xbf,0xff,0xae,0xae,0x10,0x3b,0xaa,0xb8,0x3f,
0x57,0x4b,0xae,0x7e,0xff,0x0f,0x88,0xbf,0xff,0xae,0xb0,0x10,0xa4,0x4e,0x4b,0x11,
0x91,0x00,0x87,0xbf,0x57,0xb1,0xae,0x02,0xf2,0xae,0xae,0x06,0x01,0x00,0x87,0xbf,
0x57,0x55,0xae,0x7e,0xff,0x0f,0x88,0xbf,0x85,0x00,0x13,0xd6,0x57,0xeb,0xc9,0x03,
0x00,0x30,0x80,0xbe,0x84,0x09,0xaf,0x10,0xff,0x00,0x81,0xbe,0x3d,0xc7,0xba,0xbb,
0x81,0x04,0x87,0xbf,0x01,0xae,0xb0,0x5a,0xc9,0x08,0xa9,0x3c,0x91,0x00,0x87,0xbf,
0x57,0xb1,0xb0,0x5a,0x4e,0x1c,0x5c,0xbd,0x57,0xb1,0xb0,0x5a,0x82,0x83,0x08,0x3e,
0x91,0x00,0x87,0xbf,0x57,0xb1,0xb0,0x5a,0x99,0xaa,0xaa,0xbe,0x58,0x01,0x08,0xd5,
0x84,0xb1,0x02,0x00,0x01,0x00,0x87,0xbf,0x85,0x04,0x13,0xd6,0x57,0xb1,0x12,0x06,
0x7e,0x00,0x7e,0x8c,0x46,0x0b,0xae,0x6a,0x91,0x00,0x87,0xbf,0x86,0x00,0x8b,0xd5,
0x57,0x01,0x00,0x00,0x00,0x02,0x13,0xd4,0xff,0x0c,0x03,0x00,0x00,0x00,0x20,0x3f,
0x91,0x04,0x87,0xbf,0x00,0x20,0x81,0xbe,0x7e,0x01,0x00,0x8d,0x57,0x03,0x03,0xd5,
0x86,0x0d,0x03,0x00,0x58,0x01,0x13,0xd6,0x86,0xe9,0xfd,0x03,0x00,0x00,0x80,0x42,
0x12,0x01,0x87,0xbf,0xff,0xae,0x28,0x7c,0x50,0xac,0xae,0xc2,0x57,0xb1,0xae,0x02,
0x91,0x00,0x87,0xbf,0xff,0xae,0xae,0x10,0x3b,0xaa,0xb8,0x3f,0x57,0x4b,0xae,0x7e,
0xff,0x0f,0x88,0xbf,0xff,0xae,0xb0,0x10,0xa4,0x4e,0x4b,0x11,0x91,0x00,0x87,0xbf,
0x57,0xb1,0xae,0x02,0xf2,0xae,0xae,0x06,0x01,0x00,0x87,0xbf,0x57,0x55,0xae,0x7e,
0xff,0x0f,0x88,0xbf,0x87,0x00,0x13,0xd6,0x57,0xeb,0xc9,0x03,0x00,0x30,0x80,0xbe,
0x86,0x0d,0xaf,0x10,0xff,0x00,0x81,0xbe,0x3d,0xc7,0xba,0xbb,0x81,0x04,0x87,0xbf,
0x01,0xae,0xb0,0x5a,0xc9,0x08,0xa9,0x3c,0x91,0x00,0x87,0xbf,0x57,0xb1,0xb0,0x5a,
0x4e,0x1c,0x5c,0xbd,0x57,0xb1,0xb0,0x5a,0x82,0x83,0x08,0x3e,0x91,0x00,0x87,0xbf,
0x57,0xb1,0xb0,0x5a,0x99,0xaa,0xaa,0xbe,0x58,0x01,0x08,0xd5,0x86,0xb1,0x02,0x00,
0x01,0x00,0x87,0xbf,0x87,0x04,0x13,0xd6,0x57,0xb1,0x1a,0x06,0x7e,0x00,0x7e,0x8c,
0x37,0x0b,0xae,0x6a,0x91,0x00,0x87,0xbf,0x88,0x00,0x8b,0xd5,0x57,0x01,0x00,0x00,
0x00,0x02,0x13,0xd4,0xff,0x10,0x03,0x00,0x00,0x00,0x20,0x3f,0x91,0x04,0x87,0xbf,
0x00,0x20,0x81,0xbe,0x7e,0x01,0x00,0x8d,0x57,0x03,0x03,0xd5,0x88,0x11,0x03,0x00,
0x58,0x01,0x13,0xd6,0x88,0xe9,0xfd,0x03,0x00,0x00,0x80,0x42,0x12,0x01,0x87,0xbf,
0xff,0xae,0x28,0x7c,0x50,0xac,0xae,0xc2,0x57,0xb1,0xae,0x02,0x91,0x00,0x87,0xbf,
0xff,0xae,0xae,0x10,0x3b,0xaa,0xb8,0x3f,0x57,0x4b,0xae,0x7e,0xff,0x0f,0x88,0xbf,
0xff,0xae,0xb0,0x10,0xa4,0x4e,0x4b,0x11,0x91,0x00,0x87,0xbf,0x57,0xb1,0xae,0x02,
0xf2,0xae,0xae,0x06,0x01,0x00,0x87,0xbf,0x57,0x55,0xae,0x7e,0xff,0x0f,0x88,0xbf,
0x89,0x00,0x13,0xd6,0x57,0xeb,0xc9,0x03,0x00,0x30,0x80,0xbe,0x88,0x11,0xaf,0x10,
0xff,0x00,0x81,0xbe,0x3d,0xc7,0xba,0xbb,0x81,0x04,0x87,0xbf,0x01,0xae,0xb0,0x5a,
0xc9,0x08,0xa9,0x3c,0x91,0x00,0x87,0xbf,0x57,0xb1,0xb0,0x5a,0x4e,0x1c,0x5c,0xbd,
0x57,0xb1,0xb0,0x5a,0x82,0x83,0x08,0x3e,0x91,0x00,0x87,0xbf,0x57,0xb1,0xb0,0x5a,
0x99,0xaa,0xaa,0xbe,0x58,0x01,0x08,0xd5,0x88,0xb1,0x02,0x00,0x01,0x00,0x87,0xbf,
0x89,0x04,0x13,0xd6,0x57,0xb1,0x22,0x06,0x7e,0x00,0x7e,0x8c,0x2e,0x0b,0xae,0x6a,
0x91,0x00,0x87,0xbf,0x8a,0x00,0x8b,0xd5,0x57,0x01,0x00,0x00,0x00,0x02,0x13,0xd4,
0xff,0x14,0x03,0x00,0x00,0x00,0x20,0x3f,0x91,0x04,0x87,0xbf,0x00,0x20,0x81,0xbe,
0x7e,0x01,0x00,0x8d,0x57,0x03,0x03,0xd5,0x8a,0x15,0x03,0x00,0x58,0x01,0x13,0xd6,
0x8a,0xe9,0xfd,0x03,0x00,0x00,0x80,0x42,0x12,0x01,0x87,0xbf,0xff,0xae,0x28,0x7c,
0x50,0xac,0xae,0xc2,0x57,0xb1,0xae,0x02,0x91,0x00,0x87,0xbf,0xff,0xae,0xae,0x10,
0x3b,0xaa,0xb8,0x3f,0x57,0x4b,0xae,0x7e,0xff,0x0f,0x88,0xbf,0xff,0xae,0xb0,0x10,
0xa4,0x4e,0x4b,0x11,0x91,0x00,0x87,0xbf,0x57,0xb1,0xae,0x02,0xf2,0xae,0xae,0x06,
0x01,0x00,0x87,0xbf,0x57,0x55,0xae,0x7e,0xff,0x0f,0x88,0xbf,0x8b,0x00,0x13,0xd6,
0x57,0xeb,0xc9,0x03,0x00,0x30,0x80,0xbe,0x8a,0x15,0xaf,0x10,0xff,0x00,0x81,0xbe,
0x3d,0xc7,0xba,0xbb,0x81,0x04,0x87,0xbf,0x01,0xae,0xb0,0x5a,0xc9,0x08,0xa9,0x3c,
0x91,0x00,0x87,0xbf,0x57,0xb1,0xb0,0x5a,0x4e,0x1c,0x5c,0xbd,0x57,0xb1,0xb0,0x5a,
0x82,0x83,0x08,0x3e,0x91,0x00,0x87,0xbf,0x57,0xb1,0xb0,0x5a,0x99,0xaa,0xaa,0xbe,
0x58,0x01,0x08,0xd5,0x8a,0xb1,0x02,0x00,0x01,0x00,0x87,0xbf,0x8b,0x04,0x13,0xd6,
0x57,0xb1,0x2a,0x06,0x7e,0x00,0x7e,0x8c,0x20,0x0b,0xae,0x6a,0x91,0x00,0x87,0xbf,
0x8c,0x00,0x8b,0xd5,0x57,0x01,0x00,0x00,0x00,0x02,0x13,0xd4,0xff,0x18,0x03,0x00,
0x00,0x00,0x20,0x3f,0x91,0x04,0x87,0xbf,0x00,0x20,0x81,0xbe,0x7e,0x01,0x00,0x8d,
0x57,0x03,0x03,0xd5,0x8c,0x19,0x03,0x00,0x58,0x01,0x13,0xd6,0x8c,0xe9,0xfd,0x03,
0x00,0x00,0x80,0x42,0x12,0x01,0x87,0xbf,0xff,0xae,0x28,0x7c,0x50,0xac,0xae,0xc2,
0x57,0xb1,0xae,0x02,0x91,0x00,0x87,0xbf,0xff,0xae,0xae,0x10,0x3b,0xaa,0xb8,0x3f,
0x57,0x4b,0xae,0x7e,0xff,0x0f,0x88,0xbf,0xff,0xae,0xb0,0x10,0xa4,0x4e,0x4b,0x11,
0x91,0x00,0x87,0xbf,0x57,0xb1,0xae,0x02,0xf2,0xae,0xae,0x06,0x01,0x00,0x87,0xbf,
0x57,0x55,0xae,0x7e,0xff,0x0f,0x88,0xbf,0x8d,0x00,0x13,0xd6,0x57,0xeb,0xc9,0x03,
0x00,0x30,0x80,0xbe,0x8c,0x19,0xaf,0x10,0xff,0x00,0x81,0xbe,0x3d,0xc7,0xba,0xbb,
0x81,0x04,0x87,0xbf,0x01,0xae,0xb0,0x5a,0xc9,0x08,0xa9,0x3c,0x91,0x00,0x87,0xbf,
0x57,0xb1,0xb0,0x5a,0x4e,0x1c,0x5c,0xbd,0x57,0xb1,0xb0,0x5a,0x82,0x83,0x08,0x3e,
0x91,0x00,0x87,0xbf,0x57,0xb1,0xb0,0x5a,0x99,0xaa,0xaa,0xbe,0x58,0x01,0x08,0xd5,
0x8c,0xb1,0x02,0x00,0x01,0x00,0x87,0xbf,0x8d,0x04,0x13,0xd6,0x57,0xb1,0x32,0x06,
0x7e,0x00,0x7e,0x8c,0x90,0x40,0xae,0x32,0x91,0x00,0x87,0xbf,0x57,0x0b,0xae,0x6a,
0x8e,0x00,0x8b,0xd5,0x57,0x01,0x00,0x00,0x91,0x00,0x87,0xbf,0x00,0x02,0x13,0xd4,
0xff,0x1c,0x03,0x00,0x00,0x00,0x20,0x3f,0x00,0x20,0x81,0xbe,0x09,0x00,0x87,0xbf,
0x7e,0x01,0x00,0x8d,0x57,0x03,0x03,0xd5,0x8e,0x1d,0x03,0x00,0x58,0x01,0x13,0xd6,
0x8e,0xe9,0xfd,0x03,0x00,0x00,0x80,0x42,0x12,0x01,0x87,0xbf,0xff,0xae,0x28,0x7c,
0x50,0xac,0xae,0xc2,0x57,0xb1,0xae,0x02,0x91,0x00,0x87,0xbf,0xff,0xae,0xae,0x10,
0x3b,0xaa,0xb8,0x3f,0x57,0x4b,0xae,0x7e,0xff,0x0f,0x88,0xbf,0xff,0xae,0xb0,0x10,
0xa4,0x4e,0x4b,0x11,0x91,0x00,0x87,0xbf,0x57,0xb1,0xae,0x02,0xf2,0xae,0xae,0x06,
0x01,0x00,0x87,0xbf,0x57,0x55,0xae,0x7e,0xff,0x0f,0x88,0xbf,0x8f,0x00,0x13,0xd6,
0x57,0xeb,0xc9,0x03,0x00,0x30,0x80,0xbe,0x8e,0x1d,0xaf,0x10,0xff,0x00,0x81,0xbe,
0x3d,0xc7,0xba,0xbb,0x81,0x04,0x87,0xbf,0x01,0xae,0xb0,0x5a,0xc9,0x08,0xa9,0x3c,
0x91,0x00,0x87,0xbf,0x57,0xb1,0xb0,0x5a,0x4e,0x1c,0x5c,0xbd,0x57,0xb1,0xb0,0x5a,
0x82,0x83,0x08,0x3e,0x91,0x00,0x87,0xbf,0x57,0xb1,0xb0,0x5a,0x99,0xaa,0xaa,0xbe,
0x58,0x01,0x08,0xd5,0x8e,0xb1,0x02,0x00,0x01,0x00,0x87,0xbf,0x8f,0x04,0x13,0xd6,
0x57,0xb1,0x3a,0x06,0x7e,0x00,0x7e,0x8c,0x2b,0x0b,0xae,0x6a,0x91,0x00,0x87,0xbf,
0x57,0x17,0xae,0x7e,0x00,0x02,0x13,0xd4,0xff,0xae,0x02,0x00,0x00,0x00,0x20,0x3f,
0x91,0x04,0x87,0xbf,0x00,0x20,0x81,0xbe,0x7e,0x01,0x00,0x8d,0x58,0x03,0x03,0xd5,
0x57,0xaf,0x02,0x00,0x5a,0x01,0x13,0xd6,0x57,0xe9,0xfd,0x03,0x00,0x00,0x80,0x42,
0x12,0x01,0x87,0xbf,0xff,0xb0,0x28,0x7c,0x50,0xac,0xae,0xc2,0x58,0xb5,0xb0,0x02,
0x91,0x00,0x87,0xbf,0xff,0xb0,0xb0,0x10,0x3b,0xaa,0xb8,0x3f,0x58,0x4b,0xb0,0x7e,
0xff,0x0f,0x88,0xbf,0xff,0xb0,0xb4,0x10,0xa4,0x4e,0x4b,0x11,0x91,0x00,0x87,0xbf,
0x58,0xb5,0xb0,0x02,0xf2,0xb0,0xb0,0x06,0x01,0x00,0x87,0xbf,0x58,0x55,0xb0,0x7e,
0xff,0x0f,0x88,0xbf,0x58,0x00,0x13,0xd6,0x58,0xeb,0xc9,0x03,0x00,0x30,0x80,0xbe,
0x57,0xaf,0xb0,0x10,0xff,0x00,0x81,0xbe,0x3d,0xc7,0xba,0xbb,0x81,0x04,0x87,0xbf,
0x01,0xb0,0xb4,0x5a,0xc9,0x08,0xa9,0x3c,0x91,0x00,0x87,0xbf,0x58,0xb5,0xb4,0x5a,
0x4e,0x1c,0x5c,0xbd,0x58,0xb5,0xb4,0x5a,0x82,0x83,0x08,0x3e,0x91,0x00,0x87,0xbf,
0x58,0xb5,0xb4,0x5a,0x99,0xaa,0xaa,0xbe,0x5a,0x01,0x08,0xd5,0x57,0xb5,0x02,0x00,
0x01,0x00,0x87,0xbf,0x58,0x04,0x13,0xd6,0x58,0xb5,0x5e,0x05,0x7e,0x00,0x7e,0x8c,
0x2d,0x0b,0xb4,0x6a,0x91,0x00,0x87,0xbf,0x5a,0x17,0xb4,0x7e,0x00,0x02,0x13,0xd4,
0xff,0xb4,0x02,0x00,0x00,0x00,0x20,0x3f,0x91,0x04,0x87,0xbf,0x00,0x20,0x81,0xbe,
0x7e,0x01,0x00,0x8d,0x5b,0x03,0x03,0xd5,0x5a,0xb5,0x02,0x00,0x5c,0x01,0x13,0xd6,
0x5a,0xe9,0xfd,0x03,0x00,0x00,0x80,0x42,0x12,0x01,0x87,0xbf,0xff,0xb6,0x28,0x7c,
0x50,0xac,0xae,0xc2,0x5b,0xb9,0xb6,0x02,0x91,0x00,0x87,0xbf,0xff,0xb6,0xb6,0x10,
0x3b,0xaa,0xb8,0x3f,0x5b,0x4b,0xb6,0x7e,0xff,0x0f,0x88,0xbf,0xff,0xb6,0xb8,0x10,
0xa4,0x4e,0x4b,0x11,0x91,0x00,0x87,0xbf,0x5b,0xb9,0xb6,0x02,0xf2,0xb6,0xb6,0x06,
0x01,0x00,0x87,0xbf,0x5b,0x55,0xb6,0x7e,0xff,0x0f,0x88,0xbf,0x5b,0x00,0x13,0xd6,
0x5b,0xeb,0xc9,0x03,0x00,0x30,0x80,0xbe,0x5a,0xb5,0xb6,0x10,0xff,0x00,0x81,0xbe,
0x3d,0xc7,0xba,0xbb,0x81,0x04,0x87,0xbf,0x01,0xb6,0xb8,0x5a,0xc9,0x08,0xa9,0x3c,
0x91,0x00,0x87,0xbf,0x5b,0xb9,0xb8,0x5a,0x4e,0x1c,0x5c,0xbd,0x5b,0xb9,0xb8,0x5a,
0x82,0x83,0x08,0x3e,0x91,0x00,0x87,0xbf,0x5b,0xb9,0xb8,0x5a,0x99,0xaa,0xaa,0xbe,
0x5c,0x01,0x08,0xd5,0x5a,0xb9,0x02,0x00,0x01,0x00,0x87,0xbf,0x5b,0x04,0x13,0xd6,
0x5b,0xb9,0x6a,0x05,0x7e,0x00,0x7e,0x8c,0x90,0x5a,0xb8,0x32,0x91,0x00,0x87,0xbf,
0x5c,0x0b,0xb8,0x6a,0x90,0x00,0x8b,0xd5,0x5c,0x01,0x00,0x00,0x91,0x00,0x87,0xbf,
0x00,0x02,0x13,0xd4,0xff,0x20,0x03,0x00,0x00,0x00,0x20,0x3f,0x00,0x20,0x81,0xbe,
0x09,0x00,0x87,0xbf,0x7e,0x01,0x00,0x8d,0x5c,0x03,0x03,0xd5,0x90,0x21,0x03,0x00,
0x5d,0x01,0x13,0xd6,0x90,0xe9,0xfd,0x03,0x00,0x00,0x80,0x42,0x12,0x01,0x87,0xbf,
0xff,0xb8,0x28,0x7c,0x50,0xac,0xae,0xc2,0x5c,0xbb,0xb8,0x02,0x91,0x00,0x87,0xbf,
0xff,0xb8,0xb8,0x10,0x3b,0xaa,0xb8,0x3f,0x5c,0x4b,0xb8,0x7e,0xff,0x0f,0x88,0xbf,
0xff,0xb8,0xba,0x10,0xa4,0x4e,0x4b,0x11,0x91,0x00,0x87,0xbf,0x5c,0xbb,0xb8,0x02,
0xf2,0xb8,0xb8,0x06,0x01,0x00,0x87,0xbf,0x5c,0x55,0xb8,0x7e,0xff,0x0f,0x88,0xbf,
0x91,0x00,0x13,0xd6,0x5c,0xeb,0xc9,0x03,0x00,0x30,0x80,0xbe,0x90,0x21,0xb9,0x10,
0xff,0x00,0x81,0xbe,0x3d,0xc7,0xba,0xbb,0x81,0x04,0x87,0xbf,0x01,0xb8,0xba,0x5a,
0xc9,0x08,0xa9,0x3c,0x91,0x00,0x87,0xbf,0x5c,0xbb,0xba,0x5a,0x4e,0x1c,0x5c,0xbd,
0x5c,0xbb,0xba,0x5a,0x82,0x83,0x08,0x3e,0x91,0x00,0x87,0xbf,0x5c,0xbb,0xba,0x5a,
0x99,0xaa,0xaa,0xbe,0x5d,0x01,0x08,0xd5,0x90,0xbb,0x02,0x00,0x01,0x00,0x87,0xbf,
0x91,0x04,0x13,0xd6,0x5c,0xbb,0x42,0x06,0x7e,0x00,0x7e,0x8c,0x22,0x0b,0xb8,0x6a,
0x91,0x00,0x87,0xbf,0x92,0x00,0x8b,0xd5,0x5c,0x01,0x00,0x00,0x00,0x02,0x13,0xd4,
0xff,0x24,0x03,0x00,0x00,0x00,0x20,0x3f,0x91,0x04,0x87,0xbf,0x00,0x20,0x81,0xbe,
0x7e,0x01,0x00,0x8d,0x5c,0x03,0x03,0xd5,0x92,0x25,0x03,0x00,0x5d,0x01,0x13,0xd6,
0x92,0xe9,0xfd,0x03,0x00,0x00,0x80,0x42,0x12,0x01,0x87,0xbf,0xff,0xb8,0x28,0x7c,
0x50,0xac,0xae,0xc2,0x5c,0xbb,0xb8,0x02,0x91,0x00,0x87,0xbf,0xff,0xb8,0xb8,0x10,
0x3b,0xaa,0xb8,0x3f,0x5c,0x4b,0xb8,0x7e,0xff,0x0f,0x88,0xbf,0xff,0xb8,0xba,0x10,
0xa4,0x4e,0x4b,0x11,0x91,0x00,0x87,0xbf,0x5c,0xbb,0xb8,0x02,0xf2,0xb8,0xb8,0x06,
0x01,0x00,0x87,0xbf,0x5c,0x55,0xb8,0x7e,0xff,0x0f,0x88,0xbf,0x93,0x00,0x13,0xd6,
0x5c,0xeb,0xc9,0x03,0x00,0x30,0x80,0xbe,0x92,0x25,0xb9,0x10,0xff,0x00,0x81,0xbe,
0x3d,0xc7,0xba,0xbb,0x81,0x04,0x87,0xbf,0x01,0xb8,0xba,0x5a,0xc9,0x08,0xa9,0x3c,
0x91,0x00,0x87,0xbf,0x5c,0xbb,0xba,0x5a,0x4e,0x1c,0x5c,0xbd,0x5c,0xbb,0xba,0x5a,
0x82,0x83,0x08,0x3e,0x91,0x00,0x87,0xbf,0x5c,0xbb,0xba,0x5a,0x99,0xaa,0xaa,0xbe,
0x5d,0x01,0x08,0xd5,0x92,0xbb,0x02,0x00,0x01,0x00,0x87,0xbf,0x93,0x04,0x13,0xd6,
0x5c,0xbb,0x4a,0x06,0x7e,0x00,0x7e,0x8c,0x24,0x0b,0xb8,0x6a,0x91,0x00,0x87,0xbf,
0x94,0x00,0x8b,0xd5,0x5c,0x01,0x00,0x00,0x00,0x02,0x13,0xd4,0xff,0x28,0x03,0x00,
0x00,0x00,0x20,0x3f,0x91,0x04,0x87,0xbf,0x00,0x20,0x81,0xbe,0x7e,0x01,0x00,0x8d,
0x5c,0x03,0x03,0xd5,0x94,0x29,0x03,0x00,0x5d,0x01,0x13,0xd6,0x94,0xe9,0xfd,0x03,
0x00,0x00,0x80,0x42,0x12,0x01,0x87,0xbf,0xff,0xb8,0x28,0x7c,0x50,0xac,0xae,0xc2,
0x5c,0xbb,0xb8,0x02,0x91,0x00,0x87,0xbf,0xff,0xb8,0xb8,0x10,0x3b,0xaa,0xb8,0x3f,
0x5c,0x4b,0xb8,0x7e,0xff,0x0f,0x88,0xbf,0xff,0xb8,0xba,0x10,0xa4,0x4e,0x4b,0x11,
0x91,0x00,0x87,0xbf,0x5c,0xbb,0xb8,0x02,0xf2,0xb8,0xb8,0x06,0x01,0x00,0x87,0xbf,
0x5c,0x55,0xb8,0x7e,0xff,0x0f,0x88,0xbf,0x95,0x00,0x13,0xd6,0x5c,0xeb,0xc9,0x03,
0x00,0x30,0x80,0xbe,0x94,0x29,0xb9,0x10,0xff,0x00,0x81,0xbe,0x3d,0xc7,0xba,0xbb,
0x81,0x04,0x87,0xbf,0x01,0xb8,0xba,0x5a,0xc9,0x08,0xa9,0x3c,0x91,0x00,0x87,0xbf,
0x5c,0xbb,0xba,0x5a,0x4e,0x1c,0x5c,0xbd,0x5c,0xbb,0xba,0x5a,0x82,0x83,0x08,0x3e,
0x91,0x00,0x87,0xbf,0x5c,0xbb,0xba,0x5a,0x99,0xaa,0xaa,0xbe,0x5d,0x01,0x08,0xd5,
0x94,0xbb,0x02,0x00,0x01,0x00,0x87,0xbf,0x95,0x04,0x13,0xd6,0x5c,0xbb,0x52,0x06,
0x7e,0x00,0x7e,0x8c,0x26,0x0b,0xb8,0x6a,0x91,0x00,0x87,0xbf,0x96,0x00,0x8b,0xd5,
0x5c,0x01,0x00,0x00,0x00,0x02,0x13,0xd4,0xff,0x2c,0x03,0x00,0x00,0x00,0x20,0x3f,
0x91,0x04,0x87,0xbf,0x00,0x20,0x81,0xbe,0x7e,0x01,0x00,0x8d,0x5c,0x03,0x03,0xd5,
0x96,0x2d,0x03,0x00,0x5d,0x01,0x13,0xd6,0x96,0xe9,0xfd,0x03,0x00,0x00,0x80,0x42,
0x12,0x01,0x87,0xbf,0xff,0xb8,0x28,0x7c,0x50,0xac,0xae,0xc2,0x5c,0xbb,0xb8,0x02,
0x91,0x00,0x87,0xbf,0xff,0xb8,0xb8,0x10,0x3b,0xaa,0xb8,0x3f,0x5c,0x4b,0xb8,0x7e,
0xff,0x0f,0x88,0xbf,0xff,0xb8,0xba,0x10,0xa4,0x4e,0x4b,0x11,0x91,0x00,0x87,0xbf,
0x5c,0xbb,0xb8,0x02,0xf2,0xb8,0xb8,0x06,0x01,0x00,0x87,0xbf,0x5c,0x55,0xb8,0x7e,
0xff,0x0f,0x88,0xbf,0x97,0x00,0x13,0xd6,0x5c,0xeb,0xc9,0x03,0x00,0x30,0x80,0xbe,
0x96,0x2d,0xb9,0x10,0xff,0x00,0x81,0xbe,0x3d,0xc7,0xba,0xbb,0x81,0x04,0x87,0xbf,
0x01,0xb8,0xba,0x5a,0xc9,0x08,0xa9,0x3c,0x91,0x00,0x87,0xbf,0x5c,0xbb,0xba,0x5a,
0x4e,0x1c,0x5c,0xbd,0x5c,0xbb,0xba,0x5a,0x82,0x83,0x08,0x3e,0x91,0x00,0x87,0xbf,
0x5c,0xbb,0xba,0x5a,0x99,0xaa,0xaa,0xbe,0x5d,0x01,0x08,0xd5,0x96,0xbb,0x02,0x00,
0x01,0x00,0x87,0xbf,0x97,0x04,0x13,0xd6,0x5c,0xbb,0x5a,0x06,0x7e,0x00,0x7e,0x8c,
0x18,0x0b,0xb8,0x6a,0x91,0x00,0x87,0xbf,0x98,0x00,0x8b,0xd5,0x5c,0x01,0x00,0x00,
0x00,0x02,0x13,0xd4,0xff,0x30,0x03,0x00,0x00,0x00,0x20,0x3f,0x91,0x04,0x87,0xbf,
0x00,0x20,0x81,0xbe,0x7e,0x01,0x00,0x8d,0x5c,0x03,0x03,0xd5,0x98,0x31,0x03,0x00,
0x5d,0x01,0x13,0xd6,0x98,0xe9,0xfd,0x03,0x00,0x00,0x80,0x42,0x12,0x01,0x87,0xbf,
0xff,0xb8,0x28,0x7c,0x50,0xac,0xae,0xc2,0x5c,0xbb,0xb8,0x02,0x91,0x00,0x87,0xbf,
0xff,0xb8,0xb8,0x10,0x3b,0xaa,0xb8,0x3f,0x5c,0x4b,0xb8,0x7e,0xff,0x0f,0x88,0xbf,
0xff,0xb8,0xba,0x10,0xa4,0x4e,0x4b,0x11,0x91,0x00,0x87,0xbf,0x5c,0xbb,0xb8,0x02,
0xf2,0xb8,0xb8,0x06,0x01,0x00,0x87,0xbf,0x5c,0x55,0xb8,0x7e,0xff,0x0f,0x88,0xbf,
0x99,0x00,0x13,0xd6,0x5c,0xeb,0xc9,0x03,0x00,0x30,0x80,0xbe,0x98,0x31,0xb9,0x10,
0xff,0x00,0x81,0xbe,0x3d,0xc7,0xba,0xbb,0x81,0x04,0x87,0xbf,0x01,0xb8,0xba,0x5a,
0xc9,0x08,0xa9,0x3c,0x91,0x00,0x87,0xbf,0x5c,0xbb,0xba,0x5a,0x4e,0x1c,0x5c,0xbd,
0x5c,0xbb,0xba,0x5a,0x82,0x83,0x08,0x3e,0x91,0x00,0x87,0xbf,0x5c,0xbb,0xba,0x5a,
0x99,0xaa,0xaa,0xbe,0x5d,0x01,0x08,0xd5,0x98,0xbb,0x02,0x00,0x01,0x00,0x87,0xbf,
0x99,0x04,0x13,0xd6,0x5c,0xbb,0x62,0x06,0x7e,0x00,0x7e,0x8c,0x90,0x30,0xb8,0x32,
0x91,0x00,0x87,0xbf,0x5c,0x0b,0xb8,0x6a,0x9a,0x00,0x8b,0xd5,0x5c,0x01,0x00,0x00,
0x91,0x00,0x87,0xbf,0x00,0x02,0x13,0xd4,0xff,0x34,0x03,0x00,0x00,0x00,0x20,0x3f,
0x00,0x20,0x81,0xbe,0x09,0x00,0x87,0xbf,0x7e,0x01,0x00,0x8d,0x5c,0x03,0x03,0xd5,
0x9a,0x35,0x03,0x00,0x5d,0x01,0x13,0xd6,0x9a,0xe9,0xfd,0x03,0x00,0x00,0x80,0x42,
0x12,0x01,0x87,0xbf,0xff,0xb8,0x28,0x7c,0x50,0xac,0xae,0xc2,0x5c,0xbb,0xb8,0x02,
0x91,0x00,0x87,0xbf,0xff,0xb8,0xb8,0x10,0x3b,0xaa,0xb8,0x3f,0x5c,0x4b,0xb8,0x7e,
0xff,0x0f,0x88,0xbf,0xff,0xb8,0xba,0x10,0xa4,0x4e,0x4b,0x11,0x91,0x00,0x87,0xbf,
0x5c,0xbb,0xb8,0x02,0xf2,0xb8,0xb8,0x06,0x01,0x00,0x87,0xbf,0x5c,0x55,0xb8,0x7e,
0xff,0x0f,0x88,0xbf,0x9b,0x00,0x13,0xd6,0x5c,0xeb,0xc9,0x03,0x00,0x30,0x80,0xbe,
0x9a,0x35,0xb9,0x10,0xff,0x00,0x81,0xbe,0x3d,0xc7,0xba,0xbb,0x81,0x04,0x87,0xbf,
0x01,0xb8,0xba,0x5a,0xc9,0x08,0xa9,0x3c,0x91,0x00,0x87,0xbf,0x5c,0xbb,0xba,0x5a,
0x4e,0x1c,0x5c,0xbd,0x5c,0xbb,0xba,0x5a,0x82,0x83,0x08,0x3e,0x91,0x00,0x87,0xbf,
0x5c,0xbb,0xba,0x5a,0x99,0xaa,0xaa,0xbe,0x5d,0x01,0x08,0xd5,0x9a,0xbb,0x02,0x00,
0x01,0x00,0x87,0xbf,0x9b,0x04,0x13,0xd6,0x5c,0xbb,0x6a,0x06,0x7e,0x00,0x7e,0x8c,
0x21,0x0b,0xb8,0x6a,0x91,0x00,0x87,0xbf,0x5c,0x17,0xb8,0x7e,0x00,0x02,0x13,0xd4,
0xff,0xb8,0x02,0x00,0x00,0x00,0x20,0x3f,0x91,0x04,0x87,0xbf,0x00,0x20,0x81,0xbe,
0x7e,0x01,0x00,0x8d,0x5d,0x03,0x03,0xd5,0x5c,0xb9,0x02,0x00,0x5e,0x01,0x13,0xd6,
0x5c,0xe9,0xfd,0x03,0x00,0x00,0x80,0x42,0x12,0x01,0x87,0xbf,0xff,0xba,0x28,0x7c,
0x50,0xac,0xae,0xc2,0x5d,0xbd,0xba,0x02,0x91,0x00,0x87,0xbf,0xff,0xba,0xba,0x10,
0x3b,0xaa,0xb8,0x3f,0x5d,0x4b,0xba,0x7e,0xff,0x0f,0x88,0xbf,0xff,0xba,0xbc,0x10,
0xa4,0x4e,0x4b,0x11,0x91,0x00,0x87,0xbf,0x5d,0xbd,0xba,0x02,0xf2,0xba,0xba,0x06,
0x01,0x00,0x87,0xbf,0x5d,0x55,0xba,0x7e,0xff,0x0f,0x88,0xbf,0x5d,0x00,0x13,0xd6,
0x5d,0xeb,0xc9,0x03,0x00,0x30,0x80,0xbe,0x5c,0xb9,0xba,0x10,0xff,0x00,0x81,0xbe,
0x3d,0xc7,0xba,0xbb,0x81,0x04,0x87,0xbf,0x01,0xba,0xbc,0x5a,0xc9,0x08,0xa9,0x3c,
0x91,0x00,0x87,0xbf,0x5d,0xbd,0xbc,0x5a,0x4e,0x1c,0x5c,0xbd,0x5d,0xbd,0xbc,0x5a,
0x82,0x83,0x08,0x3e,0x91,0x00,0x87,0xbf,0x5d,0xbd,0xbc,0x5a,0x99,0xaa,0xaa,0xbe,
0x5e,0x01,0x08,0xd5,0x5c,0xbd,0x02,0x00,0x01,0x00,0x87,0xbf,0x5d,0x04,0x13,0xd6,
0x5d,0xbd,0x72,0x05,0x7e,0x00,0x7e,0x8c,0x23,0x0b,0xbc,0x6a,0x91,0x00,0x87,0xbf,
0x5e,0x17,0xbc,0x7e,0x00,0x02,0x13,0xd4,0xff,0xbc,0x02,0x00,0x00,0x00,0x20,0x3f,
0x91,0x04,0x87,0xbf,0x00,0x20,0x81,0xbe,0x7e,0x01,0x00,0x8d,0x5f,0x03,0x03,0xd5,
0x5e,0xbd,0x02,0x00,0x60,0x01,0x13,0xd6,0x5e,0xe9,0xfd,0x03,0x00,0x00,0x80,0x42,
0x12,0x01,0x87,0xbf,0xff,0xbe,0x28,0x7c,0x50,0xac,0xae,0xc2,0x5f,0xc1,0xbe,0x02,
0x91,0x00,0x87,0xbf,0xff,0xbe,0xbe,0x10,0x3b,0xaa,0xb8,0x3f,0x5f,0x4b,0xbe,0x7e,
0xff,0x0f,0x88,0xbf,0xff,0xbe,0xc0,0x10,0xa4,0x4e,0x4b,0x11,0x91,0x00,0x87,0xbf,
0x5f,0xc1,0xbe,0x02,0xf2,0xbe,0xbe,0x06,0x01,0x00,0x87,0xbf,0x5f,0x55,0xbe,0x7e,
0xff,0x0f,0x88,0xbf,0x5f,0x00,0x13,0xd6,0x5f,0xeb,0xc9,0x03,0x00,0x30,0x80,0xbe,
0x5e,0xbd,0xbe,0x10,0xff,0x00,0x81,0xbe,0x3d,0xc7,0xba,0xbb,0x81,0x04,0x87,0xbf,
0x01,0xbe,0xc0,0x5a,0xc9,0x08,0xa9,0x3c,0x91,0x00,0x87,0xbf,0x5f,0xc1,0xc0,0x5a,
0x4e,0x1c,0x5c,0xbd,0x5f,0xc1,0xc0,0x5a,0x82,0x83,0x08,0x3e,0x91,0x00,0x87,0xbf,
0x5f,0xc1,0xc0,0x5a,0x99,0xaa,0xaa,0xbe,0x60,0x01,0x08,0xd5,0x5e,0xc1,0x02,0x00,
0x01,0x00,0x87,0xbf,0x5f,0x04,0x13,0xd6,0x5f,0xc1,0x7a,0x05,0x7e,0x00,0x7e,0x8c,
0x90,0x46,0xc0,0x32,0x91,0x00,0x87,0xbf,0x60,0x0b,0xc0,0x6a,0x9c,0x00,0x8b,0xd5,
0x60,0x01,0x00,0x00,0x91,0x00,0x87,0xbf,0x00,0x02,0x13,0xd4,0xff,0x38,0x03,0x00,
0x00,0x00,0x20,0x3f,0x00,0x20,0x81,0xbe,0x09,0x00,0x87,0xbf,0x7e,0x01,0x00,0x8d,
0x60,0x03,0x03,0xd5,0x9c,0x39,0x03,0x00,0x61,0x01,0x13,0xd6,0x9c,0xe9,0xfd,0x03,
0x00,0x00,0x80,0x42,0x12,0x01,0x87,0xbf,0xff,0xc0,0x28,0x7c,0x50,0xac,0xae,0xc2,
0x60,0xc3,0xc0,0x02,0x91,0x00,0x87,0xbf,0xff,0xc0,0xc0,0x10,0x3b,0xaa,0xb8,0x3f,
0x60,0x4b,0xc0,0x7e,0xff,0x0f,0x88,0xbf,0xff,0xc0,0xc2,0x10,0xa4,0x4e,0x4b,0x11,
0x91,0x00,0x87,0xbf,0x60,0xc3,0xc0,0x02,0xf2,0xc0,0xc0,0x06,0x01,0x00,0x87,0xbf,
0x60,0x55,0xc0,0x7e,0xff,0x0f,0x88,0xbf,0x9d,0x00,0x13,0xd6,0x60,0xeb,0xc9,0x03,
0x00,0x30,0x80,0xbe,0x9c,0x39,0xc1,0x10,0xff,0x00,0x81,0xbe,0x3d,0xc7,0xba,0xbb,
0x81,0x04,0x87,0xbf,0x01,0xc0,0xc2,0x5a,0xc9,0x08,0xa9,0x3c,0x91,0x00,0x87,0xbf,
0x60,0xc3,0xc2,0x5a,0x4e,0x1c,0x5c,0xbd,0x60,0xc3,0xc2,0x5a,0x82,0x83,0x08,0x3e,
0x91,0x00,0x87,0xbf,0x60,0xc3,0xc2,0x5a,0x99,0xaa,0xaa,0xbe,0x61,0x01,0x08,0xd5,
0x9c,0xc3,0x02,0x00,0x01,0x00,0x87,0xbf,0x9d,0x04,0x13,0xd6,0x60,0xc3,0x72,0x06,
0x7e,0x00,0x7e,0x8c,0x19,0x0b,0xc0,0x6a,0x91,0x00,0x87,0xbf,0x9e,0x00,0x8b,0xd5,
0x60,0x01,0x00,0x00,0x00,0x02,0x13,0xd4,0xff,0x3c,0x03,0x00,0x00,0x00,0x20,0x3f,
0x91,0x04,0x87,0xbf,0x00,0x20,0x81,0xbe,0x7e,0x01,0x00,0x8d,0x60,0x03,0x03,0xd5,
0x9e,0x3d,0x03,0x00,0x61,0x01,0x13,0xd6,0x9e,0xe9,0xfd,0x03,0x00,0x00,0x80,0x42,
0x12,0x01,0x87,0xbf,0xff,0xc0,0x28,0x7c,0x50,0xac,0xae,0xc2,0x60,0xc3,0xc0,0x02,
0x91,0x00,0x87,0xbf,0xff,0xc0,0xc0,0x10,0x3b,0xaa,0xb8,0x3f,0x60,0x4b,0xc0,0x7e,
0xff,0x0f,0x88,0xbf,0xff,0xc0,0xc2,0x10,0xa4,0x4e,0x4b,0x11,0x91,0x00,0x87,0xbf,
0x60,0xc3,0xc0,0x02,0xf2,0xc0,0xc0,0x06,0x01,0x00,0x87,0xbf,0x60,0x55,0xc0,0x7e,
0xff,0x0f,0x88,0xbf,0x9f,0x00,0x13,0xd6,0x60,0xeb,0xc9,0x03,0x00,0x30,0x80,0xbe,
0x9e,0x3d,0xc1,0x10,0xff,0x00,0x81,0xbe,0x3d,0xc7,0xba,0xbb,0x81,0x04,0x87,0xbf,
0x01,0xc0,0xc2,0x5a,0xc9,0x08,0xa9,0x3c,0x91,0x00,0x87,0xbf,0x60,0xc3,0xc2,0x5a,
0x4e,0x1c,0x5c,0xbd,0x60,0xc3,0xc2,0x5a,0x82,0x83,0x08,0x3e,0x91,0x00,0x87,0xbf,
0x60,0xc3,0xc2,0x5a,0x99,0xaa,0xaa,0xbe,0x61,0x01,0x08,0xd5,0x9e,0xc3,0x02,0x00,
0x01,0x00,0x87,0xbf,0x9f,0x04,0x13,0xd6,0x60,0xc3,0x7a,0x06,0x7e,0x00,0x7e,0x8c,
0x1c,0x0b,0xc0,0x6a,0x91,0x00,0x87,0xbf,0xa0,0x00,0x8b,0xd5,0x60,0x01,0x00,0x00,
0x00,0x02,0x13,0xd4,0xff,0x40,0x03,0x00,0x00,0x00,0x20,0x3f,0x91,0x04,0x87,0xbf,
0x00,0x20,0x81,0xbe,0x7e,0x01,0x00,0x8d,0x60,0x03,0x03,0xd5,0xa0,0x41,0x03,0x00,
0x61,0x01,0x13,0xd6,0xa0,0xe9,0xfd,0x03,0x00,0x00,0x80,0x42,0x12,0x01,0x87,0xbf,
0xff,0xc0,0x28,0x7c,0x50,0xac,0xae,0xc2,0x60,0xc3,0xc0,0x02,0x91,0x00,0x87,0xbf,
0xff,0xc0,0xc0,0x10,0x3b,0xaa,0xb8,0x3f,0x60,0x4b,0xc0,0x7e,0xff,0x0f,0x88,0xbf,
0xff,0xc0,0xc2,0x10,0xa4,0x4e,0x4b,0x11,0x91,0x00,0x87,0xbf,0x60,0xc3,0xc0,0x02,
0xf2,0xc0,0xc0,0x06,0x01,0x00,0x87,0xbf,0x60,0x55,0xc0,0x7e,0xff,0x0f,0x88,0xbf,
0xa1,0x00,0x13,0xd6,0x60,0xeb,0xc9,0x03,0x00,0x30,0x80,0xbe,0xa0,0x41,0xc1,0x10,
0xff,0x00,0x81,0xbe,0x3d,0xc7,0xba,0xbb,0x81,0x04,0x87,0xbf,0x01,0xc0,0xc2,0x5a,
0xc9,0x08,0xa9,0x3c,0x91,0x00,0x87,0xbf,0x60,0xc3,0xc2,0x5a,0x4e,0x1c,0x5c,0xbd,
0x60,0xc3,0xc2,0x5a,0x82,0x83,0x08,0x3e,0x91,0x00,0x87,0xbf,0x60,0xc3,0xc2,0x5a,
0x99,0xaa,0xaa,0xbe,0x61,0x01,0x08,0xd5,0xa0,0xc3,0x02,0x00,0x01,0x00,0x87,0xbf,
0xa1,0x04,0x13,0xd6,0x60,0xc3,0x82,0x06,0x7e,0x00,0x7e,0x8c,0x1e,0x0b,0xc0,0x6a,
0x91,0x00,0x87,0xbf,0xa2,0x00,0x8b,0xd5,0x60,0x01,0x00,0x00,0x00,0x02,0x13,0xd4,
0xff,0x44,0x03,0x00,0x00,0x00,0x20,0x3f,0x91,0x04,0x87,0xbf,0x00,0x20,0x81,0xbe,
0x7e,0x01,0x00,0x8d,0x60,0x03,0x03,0xd5,0xa2,0x45,0x03,0x00,0x61,0x01,0x13,0xd6,
0xa2,0xe9,0xfd,0x03,0x00,0x00,0x80,0x42,0x12,0x01,0x87,0xbf,0xff,0xc0,0x28,0x7c,
0x50,0xac,0xae,0xc2,0x60,0xc3,0xc0,0x02,0x91,0x00,0x87,0xbf,0xff,0xc0,0xc0,0x10,
0x3b,0xaa,0xb8,0x3f,0x60,0x4b,0xc0,0x7e,0xff,0x0f,0x88,0xbf,0xff,0xc0,0xc2,0x10,
0xa4,0x4e,0x4b,0x11,0x91,0x00,0x87,0xbf,0x60,0xc3,0xc0,0x02,0xf2,0xc0,0xc0,0x06,
0x01,0x00,0x87,0xbf,0x60,0x55,0xc0,0x7e,0xff,0x0f,0x88,0xbf,0xa3,0x00,0x13,0xd6,
0x60,0xeb,0xc9,0x03,0x00,0x30,0x80,0xbe,0xa2,0x45,0xc1,0x10,0xff,0x00,0x81,0xbe,
0x3d,0xc7,0xba,0xbb,0x81,0x04,0x87,0xbf,0x01,0xc0,0xc2,0x5a,0xc9,0x08,0xa9,0x3c,
0x91,0x00,0x87,0xbf,0x60,0xc3,0xc2,0x5a,0x4e,0x1c,0x5c,0xbd,0x60,0xc3,0xc2,0x5a,
0x82,0x83,0x08,0x3e,0x91,0x00,0x87,0xbf,0x60,0xc3,0xc2,0x5a,0x99,0xaa,0xaa,0xbe,
0x61,0x01,0x08,0xd5,0xa2,0xc3,0x02,0x00,0x01,0x00,0x87,0xbf,0xa3,0x04,0x13,0xd6,
0x60,0xc3,0x8a,0x06,0x7e,0x00,0x7e,0x8c,0x10,0x0b,0xc0,0x6a,0x91,0x00,0x87,0xbf,
0xa4,0x00,0x8b,0xd5,0x60,0x01,0x00,0x00,0x00,0x02,0x13,0xd4,0xff,0x48,0x03,0x00,
0x00,0x00,0x20,0x3f,0x91,0x04,0x87,0xbf,0x00,0x20,0x81,0xbe,0x7e,0x01,0x00,0x8d,
0x60,0x03,0x03,0xd5,0xa4,0x49,0x03,0x00,0x61,0x01,0x13,0xd6,0xa4,0xe9,0xfd,0x03,
0x00,0x00,0x80,0x42,0x12,0x01,0x87,0xbf,0xff,0xc0,0x28,0x7c,0x50,0xac,0xae,0xc2,
0x60,0xc3,0xc0,0x02,0x91,0x00,0x87,0xbf,0xff,0xc0,0xc0,0x10,0x3b,0xaa,0xb8,0x3f,
0x60,0x4b,0xc0,0x7e,0xff,0x0f,0x88,0xbf,0xff,0xc0,0xc2,0x10,0xa4,0x4e,0x4b,0x11,
0x91,0x00,0x87,0xbf,0x60,0xc3,0xc0,0x02,0xf2,0xc0,0xc0,0x06,0x01,0x00,0x87,0xbf,
0x60,0x55,0xc0,0x7e,0xff,0x0f,0x88,0xbf,0xa5,0x00,0x13,0xd6,0x60,0xeb,0xc9,0x03,
0x00,0x30,0x80,0xbe,0xa4,0x49,0xc1,0x10,0xff,0x00,0x81,0xbe,0x3d,0xc7,0xba,0xbb,
0x81,0x04,0x87,0xbf,0x01,0xc0,0xc2,0x5a,0xc9,0x08,0xa9,0x3c,0x91,0x00,0x87,0xbf,
0x60,0xc3,0xc2,0x5a,0x4e,0x1c,0x5c,0xbd,0x60,0xc3,0xc2,0x5a,0x82,0x83,0x08,0x3e,
0x91,0x00,0x87,0xbf,0x60,0xc3,0xc2,0x5a,0x99,0xaa,0xaa,0xbe,0x61,0x01,0x08,0xd5,
0xa4,0xc3,0x02,0x00,0x01,0x00,0x87,0xbf,0xa5,0x04,0x13,0xd6,0x60,0xc3,0x92,0x06,
0x7e,0x00,0x7e,0x8c,0x90,0x20,0xc0,0x32,0x91,0x00,0x87,0xbf,0x60,0x0b,0xc0,0x6a,
0xa6,0x00,0x8b,0xd5,0x60,0x01,0x00,0x00,0x91,0x00,0x87,0xbf,0x00,0x02,0x13,0xd4,
0xff,0x4c,0x03,0x00,0x00,0x00,0x20,0x3f,0x00,0x20,0x81,0xbe,0x09,0x00,0x87,0xbf,
0x7e,0x01,0x00,0x8d,0x60,0x03,0x03,0xd5,0xa6,0x4d,0x03,0x00,0x61,0x01,0x13,0xd6,
0xa6,0xe9,0xfd,0x03,0x00,0x00,0x80,0x42,0x12,0x01,0x87,0xbf,0xff,0xc0,0x28,0x7c,
0x50,0xac,0xae,0xc2,0x60,0xc3,0xc0,0x02,0x91,0x00,0x87,0xbf,0xff,0xc0,0xc0,0x10,
0x3b,0xaa,0xb8,0x3f,0x60,0x4b,0xc0,0x7e,0xff,0x0f,0x88,0xbf,0xff,0xc0,0xc2,0x10,
0xa4,0x4e,0x4b,0x11,0x91,0x00,0x87,0xbf,0x60,0xc3,0xc0,0x02,0xf2,0xc0,0xc0,0x06,
0x01,0x00,0x87,0xbf,0x60,0x55,0xc0,0x7e,0xff,0x0f,0x88,0xbf,0xa7,0x00,0x13,0xd6,
0x60,0xeb,0xc9,0x03,0x00,0x30,0x80,0xbe,0xa6,0x4d,0xc1,0x10,0xff,0x00,0x81,0xbe,
0x3d,0xc7,0xba,0xbb,0x81,0x04,0x87,0xbf,0x01,0xc0,0xc2,0x5a,0xc9,0x08,0xa9,0x3c,
0x91,0x00,0x87,0xbf,0x60,0xc3,0xc2,0x5a,0x4e,0x1c,0x5c,0xbd,0x60,0xc3,0xc2,0x5a,
0x82,0x83,0x08,0x3e,0x91,0x00,0x87,0xbf,0x60,0xc3,0xc2,0x5a,0x99,0xaa,0xaa,0xbe,
0x61,0x01,0x08,0xd5,0xa6,0xc3,0x02,0x00,0x01,0x00,0x87,0xbf,0xa7,0x04,0x13,0xd6,
0x60,0xc3,0x9a,0x06,0x7e,0x00,0x7e,0x8c,0x1a,0x0b,0xc0,0x6a,0x91,0x00,0x87,0xbf,
0x60,0x17,0xc0,0x7e,0x00,0x02,0x13,0xd4,0xff,0xc0,0x02,0x00,0x00,0x00,0x20,0x3f,
0x91,0x04,0x87,0xbf,0x00,0x20,0x81,0xbe,0x7e,0x01,0x00,0x8d,0x61,0x03,0x03,0xd5,
0x60,0xc1,0x02,0x00,0x62,0x01,0x13,0xd6,0x60,0xe9,0xfd,0x03,0x00,0x00,0x80,0x42,
0x12,0x01,0x87,0xbf,0xff,0xc2,0x28,0x7c,0x50,0xac,0xae,0xc2,0x61,0xc5,0xc2,0x02,
0x91,0x00,0x87,0xbf,0xff,0xc2,0xc2,0x10,0x3b,0xaa,0xb8,0x3f,0x61,0x4b,0xc2,0x7e,
0xff,0x0f,0x88,0xbf,0xff,0xc2,0xc4,0x10,0xa4,0x4e,0x4b,0x11,0x91,0x00,0x87,0xbf,
0x61,0xc5,0xc2,0x02,0xf2,0xc2,0xc2,0x06,0x01,0x00,0x87,0xbf,0x61,0x55,0xc2,0x7e,
0xff,0x0f,0x88,0xbf,0x61,0x00,0x13,0xd6,0x61,0xeb,0xc9,0x03,0x00,0x30,0x80,0xbe,
0x60,0xc1,0xc2,0x10,0xff,0x00,0x81,0xbe,0x3d,0xc7,0xba,0xbb,0x81,0x04,0x87,0xbf,
0x01,0xc2,0xc4,0x5a,0xc9,0x08,0xa9,0x3c,0x91,0x00,0x87,0xbf,0x61,0xc5,0xc4,0x5a,
0x4e,0x1c,0x5c,0xbd,0x61,0xc5,0xc4,0x5a,0x82,0x83,0x08,0x3e,0x91,0x00,0x87,0xbf,
0x61,0xc5,0xc4,0x5a,0x99,0xaa,0xaa,0xbe,0x62,0x01,0x08,0xd5,0x60,0xc5,0x02,0x00,
0x01,0x00,0x87,0xbf,0x61,0x04,0x13,0xd6,0x61,0xc5,0x82,0x05,0x7e,0x00,0x7e,0x8c,
0x1b,0x0b,0xc4,0x6a,0x91,0x00,0x87,0xbf,0x62,0x17,0xc4,0x7e,0x00,0x02,0x13,0xd4,
0xff,0xc4,0x02,0x00,0x00,0x00,0x20,0x3f,0x91,0x04,0x87,0xbf,0x00,0x20,0x81,0xbe,
0x7e,0x01,0x00,0x8d,0x67,0x03,0x03,0xd5,0x62,0xc5,0x02,0x00,0x6b,0x01,0x13,0xd6,
0x62,0xe9,0xfd,0x03,0x00,0x00,0x80,0x42,0x12,0x01,0x87,0xbf,0xff,0xce,0x28,0x7c,
0x50,0xac,0xae,0xc2,0x67,0xd7,0xce,0x02,0x91,0x00,0x87,0xbf,0xff,0xce,0xce,0x10,
0x3b,0xaa,0xb8,0x3f,0x67,0x4b,0xce,0x7e,0xff,0x0f,0x88,0xbf,0xff,0xce,0xd6,0x10,
0xa4,0x4e,0x4b,0x11,0x91,0x00,0x87,0xbf,0x67,0xd7,0xce,0x02,0xf2,0xce,0xce,0x06,
0x01,0x00,0x87,0xbf,0x67,0x55,0xce,0x7e,0xff,0x0f,0x88,0xbf,0x67,0x00,0x13,0xd6,
0x67,0xeb,0xc9,0x03,0x00,0x30,0x80,0xbe,0x62,0xc5,0xce,0x10,0xff,0x00,0x81,0xbe,
0x3d,0xc7,0xba,0xbb,0x81,0x04,0x87,0xbf,0x01,0xce,0xd6,0x5a,0xc9,0x08,0xa9,0x3c,
0x91,0x00,0x87,0xbf,0x67,0xd7,0xd6,0x5a,0x4e,0x1c,0x5c,0xbd,0x67,0xd7,0xd6,0x5a,
0x82,0x83,0x08,0x3e,0x91,0x00,0x87,0xbf,0x67,0xd7,0xd6,0x5a,0x99,0xaa,0xaa,0xbe,
0x6b,0x01,0x08,0xd5,0x62,0xd7,0x02,0x00,0x01,0x00,0x87,0xbf,0x67,0x04,0x13,0xd6,
0x67,0xd7,0x8a,0x05,0x7e,0x00,0x7e,0x8c,0x90,0x36,0xd6,0x32,0x91,0x00,0x87,0xbf,
0x6b,0x0b,0xd6,0x6a,0xa8,0x00,0x8b,0xd5,0x6b,0x01,0x00,0x00,0x91,0x00,0x87,0xbf,
0x00,0x02,0x13,0xd4,0xff,0x50,0x03,0x00,0x00,0x00,0x20,0x3f,0x00,0x20,0x81,0xbe,
0x09,0x00,0x87,0xbf,0x7e,0x01,0x00,0x8d,0x6b,0x03,0x03,0xd5,0xa8,0x51,0x03,0x00,
0x6c,0x01,0x13,0xd6,0xa8,0xe9,0xfd,0x03,0x00,0x00,0x80,0x42,0x12,0x01,0x87,0xbf,
0xff,0xd6,0x28,0x7c,0x50,0xac,0xae,0xc2,0x6b,0xd9,0xd6,0x02,0x91,0x00,0x87,0xbf,
0xff,0xd6,0xd6,0x10,0x3b,0xaa,0xb8,0x3f,0x6b,0x4b,0xd6,0x7e,0xff,0x0f,0x88,0xbf,
0xff,0xd6,0xd8,0x10,0xa4,0x4e,0x4b,0x11,0x91,0x00,0x87,0xbf,0x6b,0xd9,0xd6,0x02,
0xf2,0xd6,0xd6,0x06,0x01,0x00,0x87,0xbf,0x6b,0x55,0xd6,0x7e,0xff,0x0f,0x88,0xbf,
0xa9,0x00,0x13,0xd6,0x6b,0xeb,0xc9,0x03,0x00,0x30,0x80,0xbe,0xa8,0x51,0xd7,0x10,
0xff,0x00,0x81,0xbe,0x3d,0xc7,0xba,0xbb,0x81,0x04,0x87,0xbf,0x01,0xd6,0xd8,0x5a,
0xc9,0x08,0xa9,0x3c,0x91,0x00,0x87,0xbf,0x6b,0xd9,0xd8,0x5a,0x4e,0x1c,0x5c,0xbd,
0x6b,0xd9,0xd8,0x5a,0x82,0x83,0x08,0x3e,0x91,0x00,0x87,0xbf,0x6b,0xd9,0xd8,0x5a,
0x99,0xaa,0xaa,0xbe,0x6c,0x01,0x08,0xd5,0xa8,0xd9,0x02,0x00,0x01,0x00,0x87,0xbf,
0xa9,0x04,0x13,0xd6,0x6b,0xd9,0xa2,0x06,0x7e,0x00,0x7e,0x8c,0x11,0x0b,0xd6,0x6a,
0x91,0x00,0x87,0xbf,0xaa,0x00,0x8b,0xd5,0x6b,0x01,0x00,0x00,0x00,0x02,0x13,0xd4,
0xff,0x54,0x03,0x00,0x00,0x00,0x20,0x3f,0x91,0x04,0x87,0xbf,0x00,0x20,0x81,0xbe,
0x7e,0x01,0x00,0x8d,0x6b,0x03,0x03,0xd5,0xaa,0x55,0x03,0x00,0x6c,0x01,0x13,0xd6,
0xaa,0xe9,0xfd,0x03,0x00,0x00,0x80,0x42,0x12,0x01,0x87,0xbf,0xff,0xd6,0x28,0x7c,
0x50,0xac,0xae,0xc2,0x6b,0xd9,0xd6,0x02,0x91,0x00,0x87,0xbf,0xff,0xd6,0xd6,0x10,
0x3b,0xaa,0xb8,0x3f,0x6b,0x4b,0xd6,0x7e,0xff,0x0f,0x88,0xbf,0xff,0xd6,0xd8,0x10,
0xa4,0x4e,0x4b,0x11,0x91,0x00,0x87,0xbf,0x6b,0xd9,0xd6,0x02,0xf2,0xd6,0xd6,0x06,
0x01,0x00,0x87,0xbf,0x6b,0x55,0xd6,0x7e,0xff,0x0f,0x88,0xbf,0xab,0x00,0x13,0xd6,
0x6b,0xeb,0xc9,0x03,0x00,0x30,0x80,0xbe,0xaa,0x55,0xd7,0x10,0xff,0x00,0x81,0xbe,
0x3d,0xc7,0xba,0xbb,0x81,0x04,0x87,0xbf,0x01,0xd6,0xd8,0x5a,0xc9,0x08,0xa9,0x3c,
0x91,0x00,0x87,0xbf,0x6b,0xd9,0xd8,0x5a,0x4e,0x1c,0x5c,0xbd,0x6b,0xd9,0xd8,0x5a,
0x82,0x83,0x08,0x3e,0x91,0x00,0x87,0xbf,0x6b,0xd9,0xd8,0x5a,0x99,0xaa,0xaa,0xbe,
0x6c,0x01,0x08,0xd5,0xaa,0xd9,0x02,0x00,0x01,0x00,0x87,0xbf,0xab,0x04,0x13,0xd6,
0x6b,0xd9,0xaa,0x06,0x7e,0x00,0x7e,0x8c,0x14,0x0b,0xd6,0x6a,0x91,0x00,0x87,0xbf,
0xac,0x00,0x8b,0xd5,0x6b,0x01,0x00,0x00,0x00,0x02,0x13,0xd4,0xff,0x58,0x03,0x00,
0x00,0x00,0x20,0x3f,0x91,0x04,0x87,0xbf,0x00,0x20,0x81,0xbe,0x7e,0x01,0x00,0x8d,
0x6b,0x03,0x03,0xd5,0xac,0x59,0x03,0x00,0x6c,0x01,0x13,0xd6,0xac,0xe9,0xfd,0x03,
0x00,0x00,0x80,0x42,0x12,0x01,0x87,0xbf,0xff,0xd6,0x28,0x7c,0x50,0xac,0xae,0xc2,
0x6b,0xd9,0xd6,0x02,0x91,0x00,0x87,0xbf,0xff,0xd6,0xd6,0x10,0x3b,0xaa,0xb8,0x3f,
0x6b,0x4b,0xd6,0x7e,0xff,0x0f,0x88,0xbf,0xff,0xd6,0xd8,0x10,0xa4,0x4e,0x4b,0x11,
0x91,0x00,0x87,0xbf,0x6b,0xd9,0xd6,0x02,0xf2,0xd6,0xd6,0x06,0x01,0x00,0x87,0xbf,
0x6b,0x55,0xd6,0x7e,0xff,0x0f,0x88,0xbf,0xad,0x00,0x13,0xd6,0x6b,0xeb,0xc9,0x03,
0x00,0x30,0x80,0xbe,0xac,0x59,0xd7,0x10,0xff,0x00,0x81,0xbe,0x3d,0xc7,0xba,0xbb,
0x81,0x04,0x87,0xbf,0x01,0xd6,0xd8,0x5a,0xc9,0x08,0xa9,0x3c,0x91,0x00,0x87,0xbf,
0x6b,0xd9,0xd8,0x5a,0x4e,0x1c,0x5c,0xbd,0x6b,0xd9,0xd8,0x5a,0x82,0x83,0x08,0x3e,
0x91,0x00,0x87,0xbf,0x6b,0xd9,0xd8,0x5a,0x99,0xaa,0xaa,0xbe,0x6c,0x01,0x08,0xd5,
0xac,0xd9,0x02,0x00,0x01,0x00,0x87,0xbf,0xad,0x04,0x13,0xd6,0x6b,0xd9,0xb2,0x06,
0x7e,0x00,0x7e,0x8c,0x16,0x0b,0xd6,0x6a,0x91,0x00,0x87,0xbf,0xae,0x00,0x8b,0xd5,
0x6b,0x01,0x00,0x00,0x00,0x02,0x13,0xd4,0xff,0x5c,0x03,0x00,0x00,0x00,0x20,0x3f,
0x91,0x04,0x87,0xbf,0x00,0x20,0x81,0xbe,0x7e,0x01,0x00,0x8d,0x6b,0x03,0x03,0xd5,
0xae,0x5d,0x03,0x00,0x6c,0x01,0x13,0xd6,0xae,0xe9,0xfd,0x03,0x00,0x00,0x80,0x42,
0x12,0x01,0x87,0xbf,0xff,0xd6,0x28,0x7c,0x50,0xac,0xae,0xc2,0x6b,0xd9,0xd6,0x02,
0x91,0x00,0x87,0xbf,0xff,0xd6,0xd6,0x10,0x3b,0xaa,0xb8,0x3f,0x6b,0x4b,0xd6,0x7e,
0xff,0x0f,0x88,0xbf,0xff,0xd6,0xd8,0x10,0xa4,0x4e,0x4b,0x11,0x91,0x00,0x87,0xbf,
0x6b,0xd9,0xd6,0x02,0xf2,0xd6,0xd6,0x06,0x01,0x00,0x87,0xbf,0x6b,0x55,0xd6,0x7e,
0xff,0x0f,0x88,0xbf,0xaf,0x00,0x13,0xd6,0x6b,0xeb,0xc9,0x03,0x00,0x30,0x80,0xbe,
0xae,0x5d,0xd7,0x10,0xff,0x00,0x81,0xbe,0x3d,0xc7,0xba,0xbb,0x81,0x04,0x87,0xbf,
0x01,0xd6,0xd8,0x5a,0xc9,0x08,0xa9,0x3c,0x91,0x00,0x87,0xbf,0x6b,0xd9,0xd8,0x5a,
0x4e,0x1c,0x5c,0xbd,0x6b,0xd9,0xd8,0x5a,0x82,0x83,0x08,0x3e,0x91,0x00,0x87,0xbf,
0x6b,0xd9,0xd8,0x5a,0x99,0xaa,0xaa,0xbe,0x6c,0x01,0x08,0xd5,0xae,0xd9,0x02,0x00,
0x01,0x00,0x87,0xbf,0xaf,0x04,0x13,0xd6,0x6b,0xd9,0xba,0x06,0x7e,0x00,0x7e,0x8c,
0x08,0x0b,0xd6,0x6a,0x91,0x00,0x87,0xbf,0xb0,0x00,0x8b,0xd5,0x6b,0x01,0x00,0x00,
0x00,0x02,0x13,0xd4,0xff,0x60,0x03,0x00,0x00,0x00,0x20,0x3f,0x91,0x04,0x87,0xbf,
0x00,0x20,0x81,0xbe,0x7e,0x01,0x00,0x8d,0x6b,0x03,0x03,0xd5,0xb0,0x61,0x03,0x00,
0x6c,0x01,0x13,0xd6,0xb0,0xe9,0xfd,0x03,0x00,0x00,0x80,0x42,0x12,0x01,0x87,0xbf,
0xff,0xd6,0x28,0x7c,0x50,0xac,0xae,0xc2,0x6b,0xd9,0xd6,0x02,0x91,0x00,0x87,0xbf,
0xff,0xd6,0xd6,0x10,0x3b,0xaa,0xb8,0x3f,0x6b,0x4b,0xd6,0x7e,0xff,0x0f,0x88,0xbf,
0xff,0xd6,0xd8,0x10,0xa4,0x4e,0x4b,0x11,0x91,0x00,0x87,0xbf,0x6b,0xd9,0xd6,0x02,
0xf2,0xd6,0xd6,0x06,0x01,0x00,0x87,0xbf,0x6b,0x55,0xd6,0x7e,0xff,0x0f,0x88,0xbf,
0xb1,0x00,0x13,0xd6,0x6b,0xeb,0xc9,0x03,0x00,0x30,0x80,0xbe,0xb0,0x61,0xd7,0x10,
0xff,0x00,0x81,0xbe,0x3d,0xc7,0xba,0xbb,0x81,0x04,0x87,0xbf,0x01,0xd6,0xd8,0x5a,
0xc9,0x08,0xa9,0x3c,0x91,0x00,0x87,0xbf,0x6b,0xd9,0xd8,0x5a,0x4e,0x1c,0x5c,0xbd,
0x6b,0xd9,0xd8,0x5a,0x82,0x83,0x08,0x3e,0x91,0x00,0x87,0xbf,0x6b,0xd9,0xd8,0x5a,
0x99,0xaa,0xaa,0xbe,0x6c,0x01,0x08,0xd5,0xb0,0xd9,0x02,0x00,0x01,0x00,0x87,0xbf,
0xb1,0x04,0x13,0xd6,0x6b,0xd9,0xc2,0x06,0x7e,0x00,0x7e,0x8c,0x90,0x10,0xd6,0x32,
0x91,0x00,0x87,0xbf,0x6b,0x0b,0xd6,0x6a,0xb2,0x00,0x8b,0xd5,0x6b,0x01,0x00,0x00,
0x91,0x00,0x87,0xbf,0x00,0x02,0x13,0xd4,0xff,0x64,0x03,0x00,0x00,0x00,0x20,0x3f,
0x00,0x20,0x81,0xbe,0x09,0x00,0x87,0xbf,0x7e,0x01,0x00,0x8d,0x6b,0x03,0x03,0xd5,
0xb2,0x65,0x03,0x00,0x6c,0x01,0x13,0xd6,0xb2,0xe9,0xfd,0x03,0x00,0x00,0x80,0x42,
0x12,0x01,0x87,0xbf,0xff,0xd6,0x28,0x7c,0x50,0xac,0xae,0xc2,0x6b,0xd9,0xd6,0x02,
0x91,0x00,0x87,0xbf,0xff,0xd6,0xd6,0x10,0x3b,0xaa,0xb8,0x3f,0x6b,0x4b,0xd6,0x7e,
0xff,0x0f,0x88,0xbf,0xff,0xd6,0xd8,0x10,0xa4,0x4e,0x4b,0x11,0x91,0x00,0x87,0xbf,
0x6b,0xd9,0xd6,0x02,0xf2,0xd6,0xd6,0x06,0x01,0x00,0x87,0xbf,0x6b,0x55,0xd6,0x7e,
0xff,0x0f,0x88,0xbf,0xb3,0x00,0x13,0xd6,0x6b,0xeb,0xc9,0x03,0x00,0x30,0x80,0xbe,
0xb2,0x65,0xd7,0x10,0xff,0x00,0x81,0xbe,0x3d,0xc7,0xba,0xbb,0x81,0x04,0x87,0xbf,
0x01,0xd6,0xd8,0x5a,0xc9,0x08,0xa9,0x3c,0x91,0x00,0x87,0xbf,0x6b,0xd9,0xd8,0x5a,
0x4e,0x1c,0x5c,0xbd,0x6b,0xd9,0xd8,0x5a,0x82,0x83,0x08,0x3e,0x91,0x00,0x87,0xbf,
0x6b,0xd9,0xd8,0x5a,0x99,0xaa,0xaa,0xbe,0x6c,0x01,0x08,0xd5,0xb2,0xd9,0x02,0x00,
0x01,0x00,0x87,0xbf,0xb3,0x04,0x13,0xd6,0x6b,0xd9,0xca,0x06,0x7e,0x00,0x7e,0x8c,
0x12,0x0b,0xd6,0x6a,0x91,0x00,0x87,0xbf,0x6b,0x17,0xd6,0x7e,0x00,0x02,0x13,0xd4,
0xff,0xd6,0x02,0x00,0x00,0x00,0x20,0x3f,0x91,0x04,0x87,0xbf,0x00,0x20,0x81,0xbe,
0x7e,0x01,0x00,0x8d,0x6c,0x03,0x03,0xd5,0x6b,0xd7,0x02,0x00,0x72,0x01,0x13,0xd6,
0x6b,0xe9,0xfd,0x03,0x00,0x00,0x80,0x42,0x12,0x01,0x87,0xbf,0xff,0xd8,0x28,0x7c,
0x50,0xac,0xae,0xc2,0x6c,0xe5,0xd8,0x02,0x91,0x00,0x87,0xbf,0xff,0xd8,0xd8,0x10,
0x3b,0xaa,0xb8,0x3f,0x6c,0x4b,0xd8,0x7e,0xff,0x0f,0x88,0xbf,0xff,0xd8,0xe4,0x10,
0xa4,0x4e,0x4b,0x11,0x91,0x00,0x87,0xbf,0x6c,0xe5,0xd8,0x02,0xf2,0xd8,0xd8,0x06,
0x01,0x00,0x87,0xbf,0x6c,0x55,0xd8,0x7e,0xff,0x0f,0x88,0xbf,0x6c,0x00,0x13,0xd6,
0x6c,0xeb,0xc9,0x03,0x00,0x30,0x80,0xbe,0x6b,0xd7,0xd8,0x10,0xff,0x00,0x81,0xbe,
0x3d,0xc7,0xba,0xbb,0x81,0x04,0x87,0xbf,0x01,0xd8,0xe4,0x5a,0xc9,0x08,0xa9,0x3c,
0x91,0x00,0x87,0xbf,0x6c,0xe5,0xe4,0x5a,0x4e,0x1c,0x5c,0xbd,0x6c,0xe5,0xe4,0x5a,
0x82,0x83,0x08,0x3e,0x91,0x00,0x87,0xbf,0x6c,0xe5,0xe4,0x5a,0x99,0xaa,0xaa,0xbe,
0x72,0x01,0x08,0xd5,0x6b,0xe5,0x02,0x00,0x01,0x00,0x87,0xbf,0x6c,0x04,0x13,0xd6,
0x6c,0xe5,0xae,0x05,0x7e,0x00,0x7e,0x8c,0x13,0x0b,0xe4,0x6a,0x91,0x00,0x87,0xbf,
0x72,0x17,0xe4,0x7e,0x00,0x02,0x13,0xd4,0xff,0xe4,0x02,0x00,0x00,0x00,0x20,0x3f,
0x91,0x04,0x87,0xbf,0x00,0x20,0x81,0xbe,0x7e,0x01,0x00,0x8d,0x73,0x03,0x03,0xd5,
0x72,0xe5,0x02,0x00,0x74,0x01,0x13,0xd6,0x72,0xe9,0xfd,0x03,0x00,0x00,0x80,0x42,
0x12,0x01,0x87,0xbf,0xff,0xe6,0x28,0x7c,0x50,0xac,0xae,0xc2,0x73,0xe9,0xe6,0x02,
0x91,0x00,0x87,0xbf,0xff,0xe6,0xe6,0x10,0x3b,0xaa,0xb8,0x3f,0x73,0x4b,0xe6,0x7e,
0xff,0x0f,0x88,0xbf,0xff,0xe6,0xe8,0x10,0xa4,0x4e,0x4b,0x11,0x91,0x00,0x87,0xbf,
0x73,0xe9,0xe6,0x02,0xf2,0xe6,0xe6,0x06,0x01,0x00,0x87,0xbf,0x73,0x55,0xe6,0x7e,
0xff,0x0f,0x88,0xbf,0x73,0x00,0x13,0xd6,0x73,0xeb,0xc9,0x03,0x00,0x30,0x80,0xbe,
0x72,0xe5,0xe6,0x10,0xff,0x00,0x81,0xbe,0x3d,0xc7,0xba,0xbb,0x81,0x04,0x87,0xbf,
0x01,0xe6,0xe8,0x5a,0xc9,0x08,0xa9,0x3c,0x91,0x00,0x87,0xbf,0x73,0xe9,0xe8,0x5a,
0x4e,0x1c,0x5c,0xbd,0x73,0xe9,0xe8,0x5a,0x82,0x83,0x08,0x3e,0x91,0x00,0x87,0xbf,
0x73,0xe9,0xe8,0x5a,0x99,0xaa,0xaa,0xbe,0x74,0x01,0x08,0xd5,0x72,0xe9,0x02,0x00,
0x01,0x00,0x87,0xbf,0x73,0x04,0x13,0xd6,0x73,0xe9,0xca,0x05,0x7e,0x00,0x7e,0x8c,
0x90,0x26,0xe8,0x32,0x91,0x00,0x87,0xbf,0x74,0x0b,0xe8,0x6a,0x74,0x17,0xe8,0x7e,
0x91,0x00,0x87,0xbf,0x00,0x02,0x13,0xd4,0xff,0xe8,0x02,0x00,0x00,0x00,0x20,0x3f,
0x00,0x20,0x81,0xbe,0x09,0x00,0x87,0xbf,0x7e,0x01,0x00,0x8d,0x75,0x03,0x03,0xd5,
0x74,0xe9,0x02,0x00,0x77,0x01,0x13,0xd6,0x74,0xe9,0xfd,0x03,0x00,0x00,0x80,0x42,
0x12,0x01,0x87,0xbf,0xff,0xea,0x28,0x7c,0x50,0xac,0xae,0xc2,0x75,0xef,0xea,0x02,
0x91,0x00,0x87,0xbf,0xff,0xea,0xea,0x10,0x3b,0xaa,0xb8,0x3f,0x75,0x4b,0xea,0x7e,
0xff,0x0f,0x88,0xbf,0xff,0xea,0xee,0x10,0xa4,0x4e,0x4b,0x11,0x91,0x00,0x87,0xbf,
0x75,0xef,0xea,0x02,0xf2,0xea,0xea,0x06,0x01,0x00,0x87,0xbf,0x75,0x55,0xea,0x7e,
0xff,0x0f,0x88,0xbf,0xb4,0x00,0x13,0xd6,0x75,0xeb,0xc9,0x03,0x00,0x30,0x80,0xbe,
0x74,0xe9,0xea,0x10,0xff,0x00,0x81,0xbe,0x3d,0xc7,0xba,0xbb,0x81,0x04,0x87,0xbf,
0x01,0xea,0xee,0x5a,0xc9,0x08,0xa9,0x3c,0x91,0x00,0x87,0xbf,0x75,0xef,0xee,0x5a,
0x4e,0x1c,0x5c,0xbd,0x75,0xef,0xee,0x5a,0x82,0x83,0x08,0x3e,0x91,0x00,0x87,0xbf,
0x75,0xef,0xee,0x5a,0x99,0xaa,0xaa,0xbe,0x77,0x01,0x08,0xd5,0x74,0xef,0x02,0x00,
0x01,0x00,0x87,0xbf,0xb4,0x04,0x13,0xd6,0x75,0xef,0xd2,0x05,0x7e,0x00,0x7e,0x8c,
0x0a,0x0b,0xea,0x6a,0x91,0x00,0x87,0xbf,0xb5,0x00,0x8b,0xd5,0x75,0x01,0x00,0x00,
0x00,0x02,0x13,0xd4,0xff,0x6a,0x03,0x00,0x00,0x00,0x20,0x3f,0x91,0x04,0x87,0xbf,
0x00,0x20,0x81,0xbe,0x7e,0x01,0x00,0x8d,0x75,0x03,0x03,0xd5,0xb5,0x6b,0x03,0x00,
0x77,0x01,0x13,0xd6,0xb5,0xe9,0xfd,0x03,0x00,0x00,0x80,0x42,0x12,0x01,0x87,0xbf,
0xff,0xea,0x28,0x7c,0x50,0xac,0xae,0xc2,0x75,0xef,0xea,0x02,0x91,0x00,0x87,0xbf,
0xff,0xea,0xea,0x10,0x3b,0xaa,0xb8,0x3f,0x75,0x4b,0xea,0x7e,0xff,0x0f,0x88,0xbf,
0xff,0xea,0xee,0x10,0xa4,0x4e,0x4b,0x11,0x91,0x00,0x87,0xbf,0x75,0xef,0xea,0x02,
0xf2,0xea,0xea,0x06,0x01,0x00,0x87,0xbf,0x75,0x55,0xea,0x7e,0xff,0x0f,0x88,0xbf,
0xb6,0x00,0x13,0xd6,0x75,0xeb,0xc9,0x03,0x00,0x30,0x80,0xbe,0xb5,0x6b,0xeb,0x10,
0xff,0x00,0x81,0xbe,0x3d,0xc7,0xba,0xbb,0x81,0x04,0x87,0xbf,0x01,0xea,0xee,0x5a,
0xc9,0x08,0xa9,0x3c,0x91,0x00,0x87,0xbf,0x75,0xef,0xee,0x5a,0x4e,0x1c,0x5c,0xbd,
0x75,0xef,0xee,0x5a,0x82,0x83,0x08,0x3e,0x91,0x00,0x87,0xbf,0x75,0xef,0xee,0x5a,
0x99,0xaa,0xaa,0xbe,0x77,0x01,0x08,0xd5,0xb5,0xef,0x02,0x00,0x01,0x00,0x87,0xbf,
0xb6,0x04,0x13,0xd6,0x75,0xef,0xd6,0x06,0x7e,0x00,0x7e,0x8c,0x0c,0x0b,0xea,0x6a,
0x91,0x00,0x87,0xbf,0xb7,0x00,0x8b,0xd5,0x75,0x01,0x00,0x00,0x00,0x02,0x13,0xd4,
0xff,0x6e,0x03,0x00,0x00,0x00,0x20,0x3f,0x91,0x04,0x87,0xbf,0x00,0x20,0x81,0xbe,
0x7e,0x01,0x00,0x8d,0x75,0x03,0x03,0xd5,0xb7,0x6f,0x03,0x00,0x77,0x01,0x13,0xd6,
0xb7,0xe9,0xfd,0x03,0x00,0x00,0x80,0x42,0x12,0x01,0x87,0xbf,0xff,0xea,0x28,0x7c,
0x50,0xac,0xae,0xc2,0x75,0xef,0xea,0x02,0x91,0x00,0x87,0xbf,0xff,0xea,0xea,0x10,
0x3b,0xaa,0xb8,0x3f,0x75,0x4b,0xea,0x7e,0xff,0x0f,0x88,0xbf,0xff,0xea,0xee,0x10,
0xa4,0x4e,0x4b,0x11,0x91,0x00,0x87,0xbf,0x75,0xef,0xea,0x02,0xf2,0xea,0xea,0x06,
0x01,0x00,0x87,0xbf,0x75,0x55,0xea,0x7e,0xff,0x0f,0x88,0xbf,0xb8,0x00,0x13,0xd6,
0x75,0xeb,0xc9,0x03,0x00,0x30,0x80,0xbe,0xb7,0x6f,0xeb,0x10,0xff,0x00,0x81,0xbe,
0x3d,0xc7,0xba,0xbb,0x81,0x04,0x87,0xbf,0x01,0xea,0xee,0x5a,0xc9,0x08,0xa9,0x3c,
0x91,0x00,0x87,0xbf,0x75,0xef,0xee,0x5a,0x4e,0x1c,0x5c,0xbd,0x75,0xef,0xee,0x5a,
0x82,0x83,0x08,0x3e,0x91,0x00,0x87,0xbf,0x75,0xef,0xee,0x5a,0x99,0xaa,0xaa,0xbe,
0x77,0x01,0x08,0xd5,0xb7,0xef,0x02,0x00,0x01,0x00,0x87,0xbf,0xb8,0x04,0x13,0xd6,
0x75,0xef,0xde,0x06,0x7e,0x00,0x7e,0x8c,0x15,0x0b,0xea,0x6a,0x91,0x00,0x87,0xbf,
0xb9,0x00,0x8b,0xd5,0x75,0x01,0x00,0x00,0x00,0x02,0x13,0xd4,0xff,0x72,0x03,0x00,
0x00,0x00,0x20,0x3f,0x91,0x04,0x87,0xbf,0x00,0x20,0x81,0xbe,0x7e,0x01,0x00,0x8d,
0x75,0x03,0x03,0xd5,0xb9,0x73,0x03,0x00,0x77,0x01,0x13,0xd6,0xb9,0xe9,0xfd,0x03,
0x00,0x00,0x80,0x42,0x12,0x01,0x87,0xbf,0xff,0xea,0x28,0x7c,0x50,0xac,0xae,0xc2,
0x75,0xef,0xea,0x02,0x91,0x00,0x87,0xbf,0xff,0xea,0xea,0x10,0x3b,0xaa,0xb8,0x3f,
0x75,0x4b,0xea,0x7e,0xff,0x0f,0x88,0xbf,0xff,0xea,0xee,0x10,0xa4,0x4e,0x4b,0x11,
0x91,0x00,0x87,0xbf,0x75,0xef,0xea,0x02,0xf2,0xea,0xea,0x06,0x01,0x00,0x87,0xbf,
0x75,0x55,0xea,0x7e,0xff,0x0f,0x88,0xbf,0xba,0x00,0x13,0xd6,0x75,0xeb,0xc9,0x03,
0x00,0x30,0x80,0xbe,0xb9,0x73,0xeb,0x10,0xff,0x00,0x81,0xbe,0x3d,0xc7,0xba,0xbb,
0x81,0x04,0x87,0xbf,0x01,0xea,0xee,0x5a,0xc9,0x08,0xa9,0x3c,0x91,0x00,0x87,0xbf,
0x75,0xef,0xee,0x5a,0x4e,0x1c,0x5c,0xbd,0x75,0xef,0xee,0x5a,0x82,0x83,0x08,0x3e,
0x91,0x00,0x87,0xbf,0x75,0xef,0xee,0x5a,0x99,0xaa,0xaa,0xbe,0x77,0x01,0x08,0xd5,
0xb9,0xef,0x02,0x00,0x01,0x00,0x87,0xbf,0xba,0x04,0x13,0xd6,0x75,0xef,0xe6,0x06,
0x7e,0x00,0x7e,0x8c,0x00,0x0b,0xea,0x6a,0x91,0x00,0x87,0xbf,0xbb,0x00,0x8b,0xd5,
0x75,0x01,0x00,0x00,0x00,0x02,0x13,0xd4,0xff,0x76,0x03,0x00,0x00,0x00,0x20,0x3f,
0x91,0x04,0x87,0xbf,0x00,0x20,0x81,0xbe,0x7e,0x01,0x00,0x8d,0x75,0x03,0x03,0xd5,
0xbb,0x77,0x03,0x00,0x77,0x01,0x13,0xd6,0xbb,0xe9,0xfd,0x03,0x00,0x00,0x80,0x42,
0x12,0x01,0x87,0xbf,0xff,0xea,0x28,0x7c,0x50,0xac,0xae,0xc2,0x75,0xef,0xea,0x02,
0x91,0x00,0x87,0xbf,0xff,0xea,0xea,0x10,0x3b,0xaa,0xb8,0x3f,0x75,0x4b,0xea,0x7e,
0xff,0x0f,0x88,0xbf,0xff,0xea,0xee,0x10,0xa4,0x4e,0x4b,0x11,0x91,0x00,0x87,0xbf,
0x75,0xef,0xea,0x02,0xf2,0xea,0xea,0x06,0x01,0x00,0x87,0xbf,0x75,0x55,0xea,0x7e,
0xff,0x0f,0x88,0xbf,0xbc,0x00,0x13,0xd6,0x75,0xeb,0xc9,0x03,0x00,0x30,0x80,0xbe,
0xbb,0x77,0xeb,0x10,0xff,0x00,0x81,0xbe,0x3d,0xc7,0xba,0xbb,0x81,0x04,0x87,0xbf,
0x01,0xea,0xee,0x5a,0xc9,0x08,0xa9,0x3c,0x91,0x00,0x87,0xbf,0x75,0xef,0xee,0x5a,
0x4e,0x1c,0x5c,0xbd,0x75,0xef,0xee,0x5a,0x82,0x83,0x08,0x3e,0x91,0x00,0x87,0xbf,
0x75,0xef,0xee,0x5a,0x99,0xaa,0xaa,0xbe,0x77,0x01,0x08,0xd5,0xbb,0xef,0x02,0x00,
0x01,0x00,0x87,0xbf,0xbc,0x04,0x13,0xd6,0x75,0xef,0xee,0x06,0x7e,0x00,0x7e,0x8c,
0x90,0x00,0xea,0x32,0x91,0x00,0x87,0xbf,0x75,0x0b,0xea,0x6a,0xbd,0x00,0x8b,0xd5,
0x75,0x01,0x00,0x00,0x91,0x00,0x87,0xbf,0x00,0x02,0x13,0xd4,0xff,0x7a,0x03,0x00,
0x00,0x00,0x20,0x3f,0x00,0x20,0x81,0xbe,0x09,0x00,0x87,0xbf,0x7e,0x01,0x00,0x8d,
0x75,0x03,0x03,0xd5,0xbd,0x7b,0x03,0x00,0x77,0x01,0x13,0xd6,0xbd,0xe9,0xfd,0x03,
0x00,0x00,0x80,0x42,0x12,0x01,0x87,0xbf,0xff,0xea,0x28,0x7c,0x50,0xac,0xae,0xc2,
0x75,0xef,0xea,0x02,0x91,0x00,0x87,0xbf,0xff,0xea,0xea,0x10,0x3b,0xaa,0xb8,0x3f,
0x75,0x4b,0xea,0x7e,0xff,0x0f,0x88,0xbf,0xff,0xea,0xee,0x10,0xa4,0x4e,0x4b,0x11,
0x91,0x00,0x87,0xbf,0x75,0xef,0xea,0x02,0xf2,0xea,0xea,0x06,0x01,0x00,0x87,0xbf,
0x75,0x55,0xea,0x7e,0xff,0x0f,0x88,0xbf,0xbe,0x00,0x13,0xd6,0x75,0xeb,0xc9,0x03,
0x00,0x30,0x80,0xbe,0xbd,0x7b,0xeb,0x10,0xff,0x00,0x81,0xbe,0x3d,0xc7,0xba,0xbb,
0x81,0x04,0x87,0xbf,0x01,0xea,0xee,0x5a,0xc9,0x08,0xa9,0x3c,0x91,0x00,0x87,0xbf,
0x75,0xef,0xee,0x5a,0x4e,0x1c,0x5c,0xbd,0x75,0xef,0xee,0x5a,0x82,0x83,0x08,0x3e,
0x91,0x00,0x87,0xbf,0x75,0xef,0xee,0x5a,0x99,0xaa,0xaa,0xbe,0x77,0x01,0x08,0xd5,
0xbd,0xef,0x02,0x00,0x01,0x00,0x87,0xbf,0xbe,0x04,0x13,0xd6,0x75,0xef,0xf6,0x06,
0x7e,0x00,0x7e,0x8c,0x09,0x0b,0xea,0x6a,0x91,0x00,0x87,0xbf,0x75,0x17,0xea,0x7e,
0x00,0x02,0x13,0xd4,0xff,0xea,0x02,0x00,0x00,0x00,0x20,0x3f,0x91,0x04,0x87,0xbf,
0x00,0x20,0x81,0xbe,0x7e,0x01,0x00,0x8d,0x77,0x03,0x03,0xd5,0x75,0xeb,0x02,0x00,
0x79,0x01,0x13,0xd6,0x75,0xe9,0xfd,0x03,0x00,0x00,0x80,0x42,0x12,0x01,0x87,0xbf,
0xff,0xee,0x28,0x7c,0x50,0xac,0xae,0xc2,0x77,0xf3,0xee,0x02,0x91,0x00,0x87,0xbf,
0xff,0xee,0xee,0x10,0x3b,0xaa,0xb8,0x3f,0x77,0x4b,0xee,0x7e,0xff,0x0f,0x88,0xbf,
0xff,0xee,0xf2,0x10,0xa4,0x4e,0x4b,0x11,0x91,0x00,0x87,0xbf,0x77,0xf3,0xee,0x02,
0xf2,0xee,0xee,0x06,0x01,0x00,0x87,0xbf,0x77,0x55,0xee,0x7e,0xff,0x0f,0x88,0xbf,
0x77,0x00,0x13,0xd6,0x77,0xeb,0xc9,0x03,0x00,0x30,0x80,0xbe,0x75,0xeb,0xee,0x10,
0xff,0x00,0x81,0xbe,0x3d,0xc7,0xba,0xbb,0x81,0x04,0x87,0xbf,0x01,0xee,0xf2,0x5a,
0xc9,0x08,0xa9,0x3c,0x91,0x00,0x87,0xbf,0x77,0xf3,0xf2,0x5a,0x4e,0x1c,0x5c,0xbd,
0x77,0xf3,0xf2,0x5a,0x82,0x83,0x08,0x3e,0x91,0x00,0x87,0xbf,0x77,0xf3,0xf2,0x5a,
0x99,0xaa,0xaa,0xbe,0x79,0x01,0x08,0xd5,0x75,0xf3,0x02,0x00,0x01,0x00,0x87,0xbf,
0x77,0x04,0x13,0xd6,0x77,0xf3,0xd6,0x05,0x7e,0x00,0x7e,0x8c,0x0b,0x0b,0xf2,0x6a,
0x91,0x00,0x87,0xbf,0x79,0x17,0xf2,0x7e,0x00,0x02,0x13,0xd4,0xff,0xf2,0x02,0x00,
0x00,0x00,0x20,0x3f,0x91,0x04,0x87,0xbf,0x00,0x20,0x81,0xbe,0x7e,0x01,0x00,0x8d,
0xbf,0x03,0x03,0xd5,0x79,0xf3,0x02,0x00,0xc0,0x01,0x13,0xd6,0x79,0xe9,0xfd,0x03,
0x00,0x00,0x80,0x42,0x12,0x01,0x87,0xbf,0xff,0x7e,0x29,0x7c,0x50,0xac,0xae,0xc2,
0xbf,0x81,0x7f,0x03,0x91,0x00,0x87,0xbf,0xff,0x7e,0x7f,0x11,0x3b,0xaa,0xb8,0x3f,
0xbf,0x4b,0x7e,0x7f,0xff,0x0f,0x88,0xbf,0xff,0x7e,0x81,0x11,0xa4,0x4e,0x4b,0x11,
0x91,0x00,0x87,0xbf,0xbf,0x81,0x7f,0x03,0xf2,0x7e,0x7f,0x07,0x01,0x00,0x87,0xbf,
0xbf,0x55,0x7e,0x7f,0xff,0x0f,0x88,0xbf,0xbf,0x00,0x13,0xd6,0xbf,0xeb,0xc9,0x03,
0x00,0x30,0x80,0xbe,0x79,0xf3,0x7e,0x11,0xff,0x00,0x81,0xbe,0x3d,0xc7,0xba,0xbb,
0x81,0x04,0x87,0xbf,0x01,0x7e,0x81,0x5b,0xc9,0x08,0xa9,0x3c,0x91,0x00,0x87,0xbf,
0xbf,0x81,0x81,0x5b,0x4e,0x1c,0x5c,0xbd,0xbf,0x81,0x81,0x5b,0x82,0x83,0x08,0x3e,
0x91,0x00,0x87,0xbf,0xbf,0x81,0x81,0x5b,0x99,0xaa,0xaa,0xbe,0xc0,0x01,0x08,0xd5,
0x79,0x81,0x03,0x00,0x01,0x00,0x87,0xbf,0xbf,0x04,0x13,0xd6,0xbf,0x81,0xe7,0x05,
0x7e,0x00,0x7e,0x8c,0x90,0x16,0x80,0x33,0x91,0x00,0x87,0xbf,0xc0,0x00,0x35,0xd5,
0xc0,0x0b,0x02,0x00,0xc0,0x00,0x8b,0xd5,0xc0,0x01,0x00,0x00,0x91,0x00,0x87,0xbf,
0x00,0x02,0x13,0xd4,0xff,0x80,0x03,0x00,0x00,0x00,0x20,0x3f,0x00,0x20,0x81,0xbe,
0x09,0x00,0x87,0xbf,0x7e,0x01,0x00,0x8d,0xc1,0x03,0x03,0xd5,0xc0,0x81,0x03,0x00,
0xc2,0x01,0x13,0xd6,0xc0,0xe9,0xfd,0x03,0x00,0x00,0x80,0x42,0x12,0x01,0x87,0xbf,
0xff,0x82,0x29,0x7c,0x50,0xac,0xae,0xc2,0xc1,0x85,0x83,0x03,0x91,0x00,0x87,0xbf,
0xff,0x82,0x83,0x11,0x3b,0xaa,0xb8,0x3f,0xc1,0x4b,0x82,0x7f,0xff,0x0f,0x88,0xbf,
0xff,0x82,0x85,0x11,0xa4,0x4e,0x4b,0x11,0x91,0x00,0x87,0xbf,0xc1,0x85,0x83,0x03,
0xf2,0x82,0x83,0x07,0x01,0x00,0x87,0xbf,0xc1,0x55,0x82,0x7f,0xff,0x0f,0x88,0xbf,
0xc1,0x00,0x13,0xd6,0xc1,0xeb,0xc9,0x03,0x00,0x30,0x80,0xbe,0xc0,0x81,0x83,0x11,
0xff,0x00,0x81,0xbe,0x3d,0xc7,0xba,0xbb,0x81,0x04,0x87,0xbf,0x01,0x82,0x85,0x5b,
0xc9,0x08,0xa9,0x3c,0x91,0x00,0x87,0xbf,0xc1,0x85,0x85,0x5b,0x4e,0x1c,0x5c,0xbd,
0xc1,0x85,0x85,0x5b,0x82,0x83,0x08,0x3e,0x91,0x00,0x87,0xbf,0xc1,0x85,0x85,0x5b,
0x99,0xaa,0xaa,0xbe,0xc2,0x01,0x08,0xd5,0xc0,0x85,0x03,0x00,0x01,0x00,0x87,0xbf,
0xc1,0x04,0x13,0xd6,0xc1,0x85,0x03,0x07,0x7e,0x00,0x7e,0x8c,0xc2,0x00,0x35,0xd5,
0x06,0x0b,0x02,0x00,0x91,0x00,0x87,0xbf,0xc2,0x00,0x8b,0xd5,0xc2,0x01,0x00,0x00,
0x00,0x02,0x13,0xd4,0xff,0x84,0x03,0x00,0x00,0x00,0x20,0x3f,0x91,0x04,0x87,0xbf,
0x00,0x20,0x81,0xbe,0x7e,0x01,0x00,0x8d,0xc3,0x03,0x03,0xd5,0xc2,0x85,0x03,0x00,
0xc4,0x01,0x13,0xd6,0xc2,0xe9,0xfd,0x03,0x00,0x00,0x80,0x42,0x12,0x01,0x87,0xbf,
0xff,0x86,0x29,0x7c,0x50,0xac,0xae,0xc2,0xc3,0x89,0x87,0x03,0x91,0x00,0x87,0xbf,
0xff,0x86,0x87,0x11,0x3b,0xaa,0xb8,0x3f,0xc3,0x4b,0x86,0x7f,0xff,0x0f,0x88,0xbf,
0xff,0x86,0x89,0x11,0xa4,0x4e,0x4b,0x11,0x91,0x00,0x87,0xbf,0xc3,0x89,0x87,0x03,
0xf2,0x86,0x87,0x07,0x01,0x00,0x87,0xbf,0xc3,0x55,0x86,0x7f,0xff,0x0f,0x88,0xbf,
0xc3,0x00,0x13,0xd6,0xc3,0xeb,0xc9,0x03,0x00,0x30,0x80,0xbe,0xc2,0x85,0x87,0x11,
0xff,0x00,0x81,0xbe,0x3d,0xc7,0xba,0xbb,0x81,0x04,0x87,0xbf,0x01,0x86,0x89,0x5b,
0xc9,0x08,0xa9,0x3c,0x91,0x00,0x87,0xbf,0xc3,0x89,0x89,0x5b,0x4e,0x1c,0x5c,0xbd,
0xc3,0x89,0x89,0x5b,0x82,0x83,0x08,0x3e,0x91,0x00,0x87,0xbf,0xc3,0x89,0x89,0x5b,
0x99,0xaa,0xaa,0xbe,0xc4,0x01,0x08,0xd5,0xc2,0x89,0x03,0x00,0x01,0x00,0x87,0xbf,
0xc3,0x04,0x13,0xd6,0xc3,0x89,0x0b,0x07,0x7e,0x00,0x7e,0x8c,0xc4,0x00,0x35,0xd5,
0x04,0x0b,0x02,0x00,0x91,0x00,0x87,0xbf,0xc5,0x00,0x8b,0xd5,0xc4,0x01,0x00,0x00,
0x00,0x02,0x13,0xd4,0xff,0x8a,0x03,0x00,0x00,0x00,0x20,0x3f,0x91,0x04,0x87,0xbf,
0x00,0x20,0x81,0xbe,0x7e,0x01,0x00,0x8d,0xc4,0x03,0x03,0xd5,0xc5,0x8b,0x03,0x00,
0xc6,0x01,0x13,0xd6,0xc5,0xe9,0xfd,0x03,0x00,0x00,0x80,0x42,0x12,0x01,0x87,0xbf,
0xff,0x88,0x29,0x7c,0x50,0xac,0xae,0xc2,0xc4,0x8d,0x89,0x03,0x91,0x00,0x87,0xbf,
0xff,0x88,0x89,0x11,0x3b,0xaa,0xb8,0x3f,0xc4,0x4b,0x88,0x7f,0xff,0x0f,0x88,0xbf,
0xff,0x88,0x8d,0x11,0xa4,0x4e,0x4b,0x11,0x91,0x00,0x87,0xbf,0xc4,0x8d,0x89,0x03,
0xf2,0x88,0x89,0x07,0x01,0x00,0x87,0xbf,0xc4,0x55,0x88,0x7f,0xff,0x0f,0x88,0xbf,
0xc7,0x00,0x13,0xd6,0xc4,0xeb,0xc9,0x03,0x00,0x30,0x80,0xbe,0xc5,0x8b,0x89,0x11,
0xff,0x00,0x81,0xbe,0x3d,0xc7,0xba,0xbb,0x81,0x04,0x87,0xbf,0x01,0x88,0x8d,0x5b,
0xc9,0x08,0xa9,0x3c,0x91,0x00,0x87,0xbf,0xc4,0x8d,0x8d,0x5b,0x4e,0x1c,0x5c,0xbd,
0xc4,0x8d,0x8d,0x5b,0x82,0x83,0x08,0x3e,0x91,0x00,0x87,0xbf,0xc4,0x8d,0x8d,0x5b,
0x99,0xaa,0xaa,0xbe,0xc6,0x01,0x08,0xd5,0xc5,0x8d,0x03,0x00,0x01,0x00,0x87,0xbf,
0xc7,0x04,0x13,0xd6,0xc4,0x8d,0x17,0x07,0x7e,0x00,0x7e,0x8c,0xc4,0x00,0x35,0xd5,
0x02,0x0b,0x02,0x00,0x91,0x00,0x87,0xbf,0xc8,0x00,0x8b,0xd5,0xc4,0x01,0x00,0x00,
0x00,0x02,0x13,0xd4,0xff,0x90,0x03,0x00,0x00,0x00,0x20,0x3f,0x91,0x04,0x87,0xbf,
0x00,0x20,0x81,0xbe,0x7e,0x01,0x00,0x8d,0xc4,0x03,0x03,0xd5,0xc8,0x91,0x03,0x00,
0xc6,0x01,0x13,0xd6,0xc8,0xe9,0xfd,0x03,0x00,0x00,0x80,0x42,0x12,0x01,0x87,0xbf,
0xff,0x88,0x29,0x7c,0x50,0xac,0xae,0xc2,0xc4,0x8d,0x89,0x03,0x91,0x00,0x87,0xbf,
0xff,0x88,0x89,0x11,0x3b,0xaa,0xb8,0x3f,0xc4,0x4b,0x88,0x7f,0xff,0x0f,0x88,0xbf,
0xff,0x88,0x8d,0x11,0xa4,0x4e,0x4b,0x11,0x91,0x00,0x87,0xbf,0xc4,0x8d,0x89,0x03,
0xf2,0x88,0x89,0x07,0x01,0x00,0x87,0xbf,0xc4,0x55,0x88,0x7f,0xff,0x0f,0x88,0xbf,
0xc9,0x00,0x13,0xd6,0xc4,0xeb,0xc9,0x03,0x00,0x30,0x80,0xbe,0xc8,0x91,0x89,0x11,
0xff,0x00,0x81,0xbe,0x3d,0xc7,0xba,0xbb,0x81,0x04,0x87,0xbf,0x01,0x88,0x8d,0x5b,
0xc9,0x08,0xa9,0x3c,0x91,0x00,0x87,0xbf,0xc4,0x8d,0x8d,0x5b,0x4e,0x1c,0x5c,0xbd,
0xc4,0x8d,0x8d,0x5b,0x82,0x83,0x08,0x3e,0x91,0x00,0x87,0xbf,0xc4,0x8d,0x8d,0x5b,
0x99,0xaa,0xaa,0xbe,0xc6,0x01,0x08,0xd5,0xc8,0x8d,0x03,0x00,0x01,0x00,0x87,0xbf,
0xc9,0x04,0x13,0xd6,0xc4,0x8d,0x23,0x07,0x7e,0x00,0x7e,0x8c,0xc4,0x00,0x35,0xd5,
0x01,0x0b,0x02,0x00,0x91,0x00,0x87,0xbf,0xca,0x00,0x8b,0xd5,0xc4,0x01,0x00,0x00,
0x00,0x02,0x13,0xd4,0xff,0x94,0x03,0x00,0x00,0x00,0x20,0x3f,0x91,0x04,0x87,0xbf,
0x00,0x20,0x81,0xbe,0x7e,0x01,0x00,0x8d,0xc4,0x03,0x03,0xd5,0xca,0x95,0x03,0x00,
0xc6,0x01,0x13,0xd6,0xca,0xe9,0xfd,0x03,0x00,0x00,0x80,0x42,0x12,0x01,0x87,0xbf,
0xff,0x88,0x29,0x7c,0x50,0xac,0xae,0xc2,0xc4,0x8d,0x89,0x03,0x91,0x00,0x87,0xbf,
0xff,0x88,0x89,0x11,0x3b,0xaa,0xb8,0x3f,0xc4,0x4b,0x88,0x7f,0xff,0x0f,0x88,0xbf,
0xff,0x88,0x8d,0x11,0xa4,0x4e,0x4b,0x11,0x91,0x00,0x87,0xbf,0xc4,0x8d,0x89,0x03,
0xf2,0x88,0x89,0x07,0x01,0x00,0x87,0xbf,0xc4,0x55,0x88,0x7f,0xff,0x0f,0x88,0xbf,
0xcb,0x00,0x13,0xd6,0xc4,0xeb,0xc9,0x03,0x00,0x30,0x80,0xbe,0xca,0x95,0x89,0x11,
0xff,0x00,0x81,0xbe,0x3d,0xc7,0xba,0xbb,0x81,0x04,0x87,0xbf,0x01,0x88,0x8d,0x5b,
0xc9,0x08,0xa9,0x3c,0x91,0x00,0x87,0xbf,0xc4,0x8d,0x8d,0x5b,0x4e,0x1c,0x5c,0xbd,
0xc4,0x8d,0x8d,0x5b,0x82,0x83,0x08,0x3e,0x91,0x00,0x87,0xbf,0xc4,0x8d,0x8d,0x5b,
0x99,0xaa,0xaa,0xbe,0xc6,0x01,0x08,0xd5,0xca,0x8d,0x03,0x00,0x01,0x00,0x87,0xbf,
0xcb,0x04,0x13,0xd6,0xc4,0x8d,0x2b,0x07,0x7e,0x00,0x7e,0x8c,0x90,0x02,0x88,0x33,
0x91,0x00,0x87,0xbf,0xc4,0x00,0x35,0xd5,0xc4,0x0b,0x02,0x00,0xc4,0x00,0x8b,0xd5,
0xc4,0x01,0x00,0x00,0x91,0x00,0x87,0xbf,0x00,0x02,0x13,0xd4,0xff,0x88,0x03,0x00,
0x00,0x00,0x20,0x3f,0x00,0x20,0x81,0xbe,0x09,0x00,0x87,0xbf,0x7e,0x01,0x00,0x8d,
0xc6,0x03,0x03,0xd5,0xc4,0x89,0x03,0x00,0xcc,0x01,0x13,0xd6,0xc4,0xe9,0xfd,0x03,
0x00,0x00,0x80,0x42,0x12,0x01,0x87,0xbf,0xff,0x8c,0x29,0x7c,0x50,0xac,0xae,0xc2,
0xc6,0x99,0x8d,0x03,0x91,0x00,0x87,0xbf,0xff,0x8c,0x8d,0x11,0x3b,0xaa,0xb8,0x3f,
0xc6,0x4b,0x8c,0x7f,0xff,0x0f,0x88,0xbf,0xff,0x8c,0x99,0x11,0xa4,0x4e,0x4b,0x11,
0x91,0x00,0x87,0xbf,0xc6,0x99,0x8d,0x03,0xf2,0x8c,0x8d,0x07,0x01,0x00,0x87,0xbf,
0xc6,0x55,0x8c,0x7f,0xff,0x0f,0x88,0xbf,0xc6,0x00,0x13,0xd6,0xc6,0xeb,0xc9,0x03,
0x00,0x30,0x80,0xbe,0xc4,0x89,0x8d,0x11,0xff,0x00,0x81,0xbe,0x3d,0xc7,0xba,0xbb,
0x81,0x04,0x87,0xbf,0x01,0x8c,0x99,0x5b,0xc9,0x08,0xa9,0x3c,0x91,0x00,0x87,0xbf,
0xc6,0x99,0x99,0x5b,0x4e,0x1c,0x5c,0xbd,0xc6,0x99,0x99,0x5b,0x82,0x83,0x08,0x3e,
0x91,0x00,0x87,0xbf,0xc6,0x99,0x99,0x5b,0x99,0xaa,0xaa,0xbe,0xcc,0x01,0x08,0xd5,
0xc4,0x99,0x03,0x00,0x01,0x00,0x87,0xbf,0xc6,0x04,0x13,0xd6,0xc6,0x99,0x13,0x07,
0x7e,0x00,0x7e,0x8c,0x75,0x00,0x12,0xd6,0xff,0xee,0xd6,0x05,0xff,0xff,0xff,0x7f,
0x77,0x00,0x12,0xd6,0xff,0x82,0x03,0x07,0xff,0xff,0xff,0x7f,0xc0,0x00,0x12,0xd6,
0xff,0x8e,0x17,0x07,0xff,0xff,0xff,0x7f,0xc1,0x00,0x12,0xd6,0xff,0x86,0x0b,0x07,
0xff,0xff,0xff,0x7f,0xc2,0x00,0x12,0xd6,0xff,0x96,0x2b,0x07,0xff,0xff,0xff,0x7f,
0x6b,0x00,0x12,0xd6,0xff,0xd8,0xae,0x05,0xff,0xff,0xff,0x7f,0xb4,0x00,0x12,0xd6,
0xff,0x68,0xd3,0x05,0xff,0xff,0xff,0x7f,0xb7,0x00,0x12,0xd6,0xff,0x70,0xdf,0x06,
0xff,0xff,0xff,0x7f,0xb8,0x00,0x12,0xd6,0xff,0xe6,0xca,0x05,0xff,0xff,0xff,0x7f,
0x73,0x00,0x12,0xd6,0xff,0x78,0xef,0x06,0xff,0xff,0xff,0x7f,0x60,0x00,0x12,0xd6,
0xff,0xc2,0x82,0x05,0xff,0xff,0xff,0x7f,0x61,0x00,0x12,0xd6,0xff,0x52,0xa3,0x06,
0xff,0xff,0xff,0x7f,0xa9,0x00,0x12,0xd6,0xff,0x5a,0xb3,0x06,0xff,0xff,0xff,0x7f,
0xac,0x00,0x12,0xd6,0xff,0xce,0x8a,0x05,0xff,0xff,0xff,0x7f,0x67,0x00,0x12,0xd6,
0xff,0x62,0xc3,0x06,0xff,0xff,0xff,0x7f,0x5c,0x00,0x12,0xd6,0xff,0xba,0x72,0x05,
0xff,0xff,0xff,0x7f,0x5d,0x00,0x12,0xd6,0xff,0x3a,0x73,0x06,0xff,0xff,0xff,0x7f,
0x9d,0x00,0x12,0xd6,0xff,0x42,0x83,0x06,0xff,0xff,0xff,0x7f,0xa0,0x00,0x12,0xd6,
0xff,0xbe,0x7a,0x05,0xff,0xff,0xff,0x7f,0x5f,0x00,0x12,0xd6,0xff,0x4a,0x93,0x06,
0xff,0xff,0xff,0x7f,0x57,0x00,0x12,0xd6,0xff,0xb0,0x5e,0x05,0xff,0xff,0xff,0x7f,
0x58,0x00,0x12,0xd6,0xff,0x22,0x43,0x06,0xff,0xff,0xff,0x7f,0x91,0x00,0x12,0xd6,
0xff,0x2a,0x53,0x06,0xff,0xff,0xff,0x7f,0x94,0x00,0x12,0xd6,0xff,0xb6,0x6a,0x05,
0xff,0xff,0xff,0x7f,0x5b,0x00,0x12,0xd6,0xff,0x32,0x63,0x06,0xff,0xff,0xff,0x7f,
0x53,0x00,0x12,0xd6,0xff,0xa8,0x4e,0x05,0xff,0xff,0xff,0x7f,0x54,0x00,0x12,0xd6,
0xff,0x0a,0x13,0x06,0xff,0xff,0xff,0x7f,0x85,0x00,0x12,0xd6,0xff,0x12,0x23,0x06,
0xff,0xff,0xff,0x7f,0x88,0x00,0x12,0xd6,0xff,0xac,0x56,0x05,0xff,0xff,0xff,0x7f,
0x56,0x00,0x12,0xd6,0xff,0x1a,0x33,0x06,0xff,0xff,0xff,0x7f,0x4f,0x00,0x12,0xd6,
0xff,0xa0,0x3e,0x05,0xff,0xff,0xff,0x7f,0x76,0x00,0x12,0xd6,0xff,0xf0,0xda,0x05,
0xff,0xff,0xff,0x7f,0x7c,0x00,0x12,0xd6,0xff,0xfa,0xf2,0x05,0xff,0xff,0xff,0x7f,
0x7d,0x00,0x12,0xd6,0xff,0xa4,0x46,0x05,0xff,0xff,0xff,0x7f,0x52,0x00,0x12,0xd6,
0xff,0x02,0x03,0x06,0xff,0xff,0xff,0x7f,0x07,0x00,0x12,0xd6,0xff,0x98,0x1e,0x04,
0xff,0xff,0xff,0x7f,0x4c,0x00,0x12,0xd6,0xff,0xc8,0x8e,0x05,0xff,0xff,0xff,0x7f,
0x63,0x00,0x12,0xd6,0xff,0xd2,0xa2,0x05,0xff,0xff,0xff,0x7f,0x64,0x00,0x12,0xd6,
0xff,0x9c,0x36,0x05,0xff,0xff,0xff,0x7f,0x4e,0x00,0x12,0xd6,0xff,0xde,0xba,0x05,
0xff,0xff,0xff,0x7f,0xbf,0x00,0x12,0xd6,0xff,0x7e,0xe7,0x05,0xff,0xff,0xff,0x7f,
0x79,0x00,0x21,0xcc,0x75,0x07,0x02,0x12,0x77,0x00,0x21,0xcc,0x77,0x07,0x02,0x12,
0x75,0x00,0x21,0xcc,0xc0,0x07,0x02,0x12,0xc0,0x00,0x12,0xd6,0xff,0x92,0x23,0x07,
0xff,0xff,0xff,0x7f,0x74,0x00,0x21,0xcc,0xc2,0x07,0x02,0x12,0x6c,0x00,0x21,0xcc,
0x6b,0x07,0x02,0x12,0x6b,0x00,0x21,0xcc,0xb4,0x07,0x02,0x12,0xb4,0x00,0x12,0xd6,
0xff,0x6c,0xd7,0x06,0xff,0xff,0xff,0x7f,0x72,0x00,0x21,0xcc,0xb7,0x07,0x02,0x12,
0xb5,0x00,0x12,0xd6,0xff,0x74,0xe7,0x06,0xff,0xff,0xff,0x7f,0x73,0x00,0x21,0xcc,
0x73,0x07,0x02,0x12,0xa8,0x00,0x12,0xd6,0xff,0x7c,0xf7,0x06,0xff,0xff,0xff,0x7f,
0x60,0x00,0x21,0xcc,0x60,0x07,0x02,0x12,0x61,0x00,0x21,0xcc,0x61,0x07,0x02,0x12,
0xaa,0x00,0x12,0xd6,0xff,0x56,0xab,0x06,0xff,0xff,0xff,0x7f,0x62,0x00,0x21,0xcc,
0xa9,0x07,0x02,0x12,0xa9,0x00,0x12,0xd6,0xff,0x5e,0xbb,0x06,0xff,0xff,0xff,0x7f,
0x67,0x00,0x21,0xcc,0x67,0x07,0x02,0x12,0x9c,0x00,0x12,0xd6,0xff,0x66,0xcb,0x06,
0xff,0xff,0xff,0x7f,0x5c,0x00,0x21,0xcc,0x5c,0x07,0x02,0x12,0x5d,0x00,0x21,0xcc,
0x5d,0x07,0x02,0x12,0x9e,0x00,0x12,0xd6,0xff,0x3e,0x7b,0x06,0xff,0xff,0xff,0x7f,
0x5e,0x00,0x21,0xcc,0x9d,0x07,0x02,0x12,0x9d,0x00,0x12,0xd6,0xff,0x46,0x8b,0x06,
0xff,0xff,0xff,0x7f,0x5f,0x00,0x21,0xcc,0x5f,0x07,0x02,0x12,0x90,0x00,0x12,0xd6,
0xff,0x4e,0x9b,0x06,0xff,0xff,0xff,0x7f,0x57,0x00,0x21,0xcc,0x57,0x07,0x02,0x12,
0x58,0x00,0x21,0xcc,0x58,0x07,0x02,0x12,0x92,0x00,0x12,0xd6,0xff,0x26,0x4b,0x06,
0xff,0xff,0xff,0x7f,0x5a,0x00,0x21,0xcc,0x91,0x07,0x02,0x12,0x91,0x00,0x12,0xd6,
0xff,0x2e,0x5b,0x06,0xff,0xff,0xff,0x7f,0x5b,0x00,0x21,0xcc,0x5b,0x07,0x02,0x12,
0x84,0x00,0x12,0xd6,0xff,0x36,0x6b,0x06,0xff,0xff,0xff,0x7f,0x53,0x00,0x21,0xcc,
0x53,0x07,0x02,0x12,0x54,0x00,0x21,0xcc,0x54,0x07,0x02,0x12,0x86,0x00,0x12,0xd6,
0xff,0x0e,0x1b,0x06,0xff,0xff,0xff,0x7f,0x55,0x00,0x21,0xcc,0x85,0x07,0x02,0x12,
0x85,0x00,0x12,0xd6,0xff,0x16,0x2b,0x06,0xff,0xff,0xff,0x7f,0x56,0x00,0x21,0xcc,
0x56,0x07,0x02,0x12,0x78,0x00,0x12,0xd6,0xff,0x1e,0x3b,0x06,0xff,0xff,0xff,0x7f,
0x50,0x00,0x21,0xcc,0x4f,0x07,0x02,0x12,0x4f,0x00,0x21,0xcc,0x76,0x07,0x02,0x12,
0x76,0x00,0x12,0xd6,0xff,0xf6,0xea,0x05,0xff,0xff,0xff,0x7f,0x51,0x00,0x21,0xcc,
0x7c,0x07,0x02,0x12,0x7a,0x00,0x12,0xd6,0xff,0xfe,0xfa,0x05,0xff,0xff,0xff,0x7f,
0x52,0x00,0x21,0xcc,0x52,0x07,0x02,0x12,0x7b,0x00,0x12,0xd6,0xff,0x06,0x0b,0x06,
0xff,0xff,0xff,0x7f,0x07,0x00,0x21,0xcc,0x07,0x07,0x02,0x12,0x4c,0x00,0x21,0xcc,
0x4c,0x07,0x02,0x12,0x65,0x00,0x12,0xd6,0xff,0xcc,0x96,0x05,0xff,0xff,0xff,0x7f,
0x4d,0x00,0x21,0xcc,0x63,0x07,0x02,0x12,0x63,0x00,0x12,0xd6,0xff,0xda,0xaa,0x05,
0xff,0xff,0xff,0x7f,0x4e,0x00,0x21,0xcc,0x4e,0x07,0x02,0x12,0x66,0x00,0x12,0xd6,
0xff,0x8c,0x13,0x07,0xff,0xff,0xff,0x7f,0x68,0x00,0x12,0xd6,0xff,0xe2,0xc2,0x05,
0xff,0xff,0xff,0x7f,0x79,0x00,0x22,0xcc,0xbf,0x07,0x02,0x12,0x77,0x00,0x22,0xcc,
0xc1,0x07,0x02,0x12,0x75,0x00,0x22,0xcc,0xc0,0x07,0x02,0x12,0x74,0x00,0x22,0xcc,
0x66,0x07,0x02,0x12,0x6c,0x00,0x22,0xcc,0xb8,0x07,0x02,0x12,0x6b,0x00,0x22,0xcc,
0xb4,0x07,0x02,0x12,0x72,0x00,0x22,0xcc,0xb5,0x07,0x02,0x12,0x73,0x00,0x22,0xcc,
0xa8,0x07,0x02,0x12,0x60,0x00,0x22,0xcc,0xac,0x07,0x02,0x12,0x61,0x00,0x22,0xcc,
0xaa,0x07,0x02,0x12,0x62,0x00,0x22,0xcc,0xa9,0x07,0x02,0x12,0x67,0x00,0x22,0xcc,
0x9c,0x07,0x02,0x12,0x5c,0x00,0x22,0xcc,0xa0,0x07,0x02,0x12,0x5d,0x00,0x22,0xcc,
0x9e,0x07,0x02,0x12,0x5e,0x00,0x22,0xcc,0x9d,0x07,0x02,0x12,0x5f,0x00,0x22,0xcc,
0x90,0x07,0x02,0x12,0x57,0x00,0x22,0xcc,0x94,0x07,0x02,0x12,0x58,0x00,0x22,0xcc,
0x92,0x07,0x02,0x12,0x5a,0x00,0x22,0xcc,0x91,0x07,0x02,0x12,0x5b,0x00,0x22,0xcc,
0x84,0x07,0x02,0x12,0x53,0x00,0x22,0xcc,0x88,0x07,0x02,0x12,0x54,0x00,0x22,0xcc,
0x86,0x07,0x02,0x12,0x55,0x00,0x22,0xcc,0x85,0x07,0x02,0x12,0x56,0x00,0x22,0xcc,
0x78,0x07,0x02,0x12,0x50,0x00,0x22,0xcc,0x7d,0x07,0x02,0x12,0x4f,0x00,0x22,0xcc,
0x76,0x07,0x02,0x12,0x51,0x00,0x22,0xcc,0x7a,0x07,0x02,0x12,0x52,0x00,0x22,0xcc,
0x7b,0x07,0x02,0x12,0x07,0x00,0x22,0xcc,0x64,0x07,0x02,0x12,0x4c,0x00,0x22,0xcc,
0x65,0x07,0x02,0x12,0x4d,0x00,0x22,0xcc,0x63,0x07,0x02,0x12,0x4e,0x00,0x22,0xcc,
0x68,0x07,0x02,0x12,0x04,0x00,0xa5,0xbf,0x87,0x03,0xa0,0xbf,0x9b,0x08,0xa0,0xbf,
0xf8,0x04,0xa0,0xbf,0x85,0x03,0xa0,0xbf,0x41,0x0b,0x0e,0x6a,0x42,0x0b,0x98,0x6a,
0x90,0x84,0x9a,0x32,0x44,0x0b,0x9c,0x6a,0x43,0x0b,0x9e,0x6a,0x07,0x17,0x0e,0x7e,
0x4c,0x17,0x98,0x7e,0x4d,0x0b,0x9a,0x6a,0x4e,0x17,0x9c,0x7e,0x3e,0x0b,0xa0,0x6a,
0x14,0x02,0x87,0xbf,0xff,0x0e,0xc6,0xc8,0xff,0x98,0x4c,0x07,0x3b,0xaa,0xb8,0x3f,
0x4d,0x17,0x9a,0x7e,0x4f,0x17,0x9e,0x7e,0xc4,0x01,0x87,0xbf,0x50,0x17,0xa0,0x7e,
0xff,0x9c,0x9c,0x10,0x3b,0xaa,0xb8,0x3f,0x4c,0x4b,0x98,0x7e,0xff,0x9a,0x9a,0x10,
0x3b,0xaa,0xb8,0x3f,0xff,0x9e,0xc6,0xc8,0xff,0xa0,0x50,0x4f,0x3b,0xaa,0xb8,0x3f,
0xa3,0x01,0x87,0xbf,0x4e,0x4b,0x9c,0x7e,0x90,0x74,0xa4,0x32,0x4d,0x4b,0x9a,0x7e,
0x02,0x00,0x87,0xbf,0x4f,0x4b,0x9e,0x7e,0x50,0x4b,0xa0,0x7e,0xff,0x00,0x80,0xbe,
0x18,0x72,0x31,0x3f,0x4c,0x15,0x98,0x7e,0x52,0x0b,0xa4,0x6a,0x3a,0x0b,0xa2,0x6a,
0x07,0x4b,0x0e,0x7e,0x4e,0x15,0x9c,0x7e,0xf2,0x98,0x98,0x64,0x4d,0x15,0x9a,0x7e,
0x4f,0x15,0x9e,0x7e,0x52,0x17,0xa4,0x7e,0xf2,0x9c,0x9c,0x64,0x4c,0x17,0x98,0x7e,
0xf2,0x9a,0x9a,0x64,0xf2,0x9e,0x9e,0x64,0x50,0x15,0xa0,0x7e,0x4e,0x17,0x9c,0x7e,
0x4c,0x4f,0x98,0x7e,0x4d,0x17,0x9a,0x7e,0x4f,0x17,0x9e,0x7e,0x51,0x17,0xa2,0x7e,
0x4e,0x4f,0x9c,0x7e,0xf2,0xa0,0xa0,0x64,0x4d,0x4f,0x9a,0x7e,0x4f,0x4f,0x9e,0x7e,
0x07,0x15,0x0e,0x7e,0x90,0x76,0xa6,0x32,0x4c,0x00,0x21,0xcc,0x4c,0x01,0x00,0x02,
0x50,0x17,0xa0,0x7e,0x36,0x0b,0xaa,0x6a,0xf2,0x0e,0x0e,0x64,0x4e,0x00,0x21,0xcc,
0x4e,0x01,0x00,0x02,0x53,0x0b,0xa6,0x6a,0x4c,0x00,0x22,0xcc,0x4d,0x01,0x00,0x02,
0xff,0xa4,0x9a,0x10,0x3b,0xaa,0xb8,0x3f,0x45,0x0b,0xa4,0x6a,0x4e,0x00,0x22,0xcc,
0x4f,0x01,0x00,0x02,0x50,0x4f,0x9e,0x7e,0x07,0x17,0x0e,0x7e,0x4d,0x4b,0x9a,0x7e,
0x52,0x17,0xa4,0x7e,0xff,0xa2,0xa2,0x10,0x3b,0xaa,0xb8,0x3f,0x4c,0x40,0x10,0xcc,
0x03,0x99,0x02,0x10,0x07,0x4f,0x0e,0x7e,0x4e,0x40,0x10,0xcc,0x03,0x9d,0x02,0x10,
0xff,0xa4,0xa0,0x10,0x3b,0xaa,0xb8,0x3f,0x51,0x4b,0xa2,0x7e,0x3b,0x0b,0xa4,0x6a,
0x4f,0x00,0x21,0xcc,0x4f,0x01,0x00,0x02,0x4d,0x15,0x9a,0x7e,0x50,0x4b,0xa0,0x7e,
0x90,0x50,0xac,0x32,0x52,0x17,0xa4,0x7e,0x07,0x00,0x21,0xcc,0x07,0x01,0x00,0x02,
0xf2,0x9a,0x9a,0x64,0x55,0x17,0xaa,0x7e,0x51,0x15,0xa2,0x7e,0x90,0x6a,0xae,0x32,
0x07,0x07,0x0e,0x6a,0x4d,0x17,0x9a,0x7e,0x50,0x15,0xa0,0x7e,0xf2,0xa2,0xa2,0x64,
0x33,0x0b,0xb0,0x6a,0x07,0x00,0x11,0xd7,0x07,0x99,0x02,0x00,0x4c,0x00,0x16,0xd6,
0x4e,0x99,0x42,0x02,0xf2,0xa0,0xa0,0x64,0x51,0x17,0xa2,0x7e,0x57,0x0b,0xae,0x6a,
0x58,0x17,0xb0,0x7e,0x2d,0x0b,0xb8,0x6a,0x50,0x17,0xa0,0x7e,0x51,0x4f,0xa2,0x7e,
0x57,0x17,0xae,0x7e,0x2e,0x0b,0xb6,0x6a,0x5c,0x17,0xb8,0x7e,0x50,0x4f,0xa0,0x7e,
0x90,0x5a,0xba,0x32,0xff,0xae,0xae,0x10,0x3b,0xaa,0xb8,0x3f,0x24,0x0b,0xbc,0x6a,
0xff,0xb8,0xb8,0x10,0x3b,0xaa,0xb8,0x3f,0x90,0x30,0xbe,0x32,0x4f,0x00,0x22,0xcc,
0x51,0x01,0x00,0x02,0x4d,0x4f,0xa2,0x7e,0xff,0xa4,0x9a,0x10,0x3b,0xaa,0xb8,0x3f,
0x53,0x17,0xa4,0x7e,0x3f,0x0b,0xa6,0x6a,0x4f,0x40,0x10,0xcc,0x03,0x9f,0x02,0x10,
0x50,0x00,0x21,0xcc,0x50,0x01,0x00,0x02,0x4d,0x4b,0xa8,0x7e,0xff,0xa4,0xa4,0x10,
0x3b,0xaa,0xb8,0x3f,0x53,0x17,0xa6,0x7e,0x4d,0x00,0x16,0xd6,0x4f,0x9d,0x42,0x02,
0x4e,0x00,0x21,0xcc,0x51,0x01,0x00,0x02,0x50,0x07,0xa0,0x6a,0x52,0x4b,0xa2,0x7e,
0xff,0xa6,0xa4,0x10,0x3b,0xaa,0xb8,0x3f,0x3d,0x0b,0xa6,0x6a,0x4e,0x07,0x9c,0x6a,
0x54,0x15,0xa8,0x7e,0x5d,0x0b,0xba,0x6a,0x52,0x4b,0xa4,0x7e,0x53,0x17,0xa6,0x7e,
0x4e,0x00,0x16,0xd6,0x4e,0x9f,0x42,0x02,0xf2,0xa8,0xa8,0x64,0x51,0x15,0xa2,0x7e,
0x28,0x0b,0x9e,0x6a,0xff,0xa6,0xa6,0x10,0x3b,0xaa,0xb8,0x3f,0x5d,0x17,0xba,0x7e,
0x54,0x17,0xa8,0x7e,0xf2,0xa2,0xa2,0x64,0x52,0x15,0xa4,0x7e,0x53,0x4b,0xa6,0x7e,
0x4f,0x17,0x9e,0x7e,0x54,0x4f,0xa8,0x7e,0x51,0x17,0xa2,0x7e,0xf2,0xa4,0xa4,0x64,
0x5c,0x4b,0xb8,0x7e,0xff,0x9e,0x9e,0x10,0x3b,0xaa,0xb8,0x3f,0xff,0xba,0xba,0x10,
0x3b,0xaa,0xb8,0x3f,0x51,0x4f,0xa2,0x7e,0x52,0x17,0xa4,0x7e,0x53,0x15,0xa6,0x7e,
0x4f,0x4b,0x9e,0x7e,0x54,0x00,0x21,0xcc,0x54,0x01,0x00,0x02,0x18,0x0b,0xc0,0x6a,
0x52,0x4f,0xa4,0x7e,0xf2,0xa6,0xa6,0x64,0x5c,0x15,0xb8,0x7e,0x90,0x46,0xc2,0x32,
0x54,0x00,0x22,0xcc,0x51,0x01,0x00,0x02,0x16,0x0b,0xcc,0x6a,0x53,0x17,0xa2,0x7e,
0x56,0x0b,0xa6,0x6a,0x35,0x0b,0xac,0x6a,0x4f,0x15,0x9e,0x7e,0x52,0x00,0x21,0xcc,
0x52,0x01,0x00,0x02,0x51,0x4f,0xa2,0x7e,0x53,0x17,0xa6,0x7e,0x56,0x17,0xac,0x7e,
0xff,0xaa,0xaa,0x10,0x3b,0xaa,0xb8,0x3f,0xf2,0x9e,0x9e,0x64,0x54,0x40,0x10,0xcc,
0x03,0xa9,0x02,0x10,0x14,0x02,0x87,0xbf,0xff,0xa6,0xc6,0xc8,0xff,0xac,0x56,0x53,
0x3b,0xaa,0xb8,0x3f,0x55,0x4b,0xaa,0x7e,0x13,0x03,0x87,0xbf,0x4f,0x17,0x9e,0x7e,
0x52,0x00,0x22,0xcc,0x51,0x01,0x00,0x02,0x03,0x00,0x87,0xbf,0x53,0x4b,0xa6,0x7e,
0xff,0xb0,0xa2,0x10,0x3b,0xaa,0xb8,0x3f,0x56,0x4b,0xac,0x7e,0x4f,0x4f,0xb0,0x7e,
0x52,0x40,0x10,0xcc,0x03,0xa5,0x02,0x10,0x50,0x00,0x11,0xd7,0x50,0xa9,0x02,0x00,
0x51,0x4b,0xa2,0x7e,0x55,0x15,0xaa,0x7e,0x61,0x0b,0xc2,0x6a,0x66,0x17,0xcc,0x7e,
0x53,0x15,0x9e,0x7e,0x57,0x4b,0xa6,0x7e,0xf2,0xaa,0xaa,0x64,0x56,0x15,0xac,0x7e,
0x90,0x10,0xd0,0x32,0xf2,0x9e,0xae,0x64,0x4f,0x00,0x16,0xd6,0x52,0xa9,0x42,0x02,
0x55,0x17,0xaa,0x7e,0x51,0x15,0xa2,0x7e,0xf2,0xac,0xac,0x64,0x57,0x17,0xa8,0x7e,
0x53,0x15,0xa6,0x7e,0x55,0x4f,0xaa,0x7e,0x46,0x0b,0xae,0x6a,0xf2,0xa2,0xa2,0x64,
0x56,0x17,0xac,0x7e,0xf2,0xa6,0xa6,0x64,0x54,0x4f,0xa8,0x7e,0x57,0x17,0xae,0x7e,
0x51,0x17,0xa2,0x7e,0x56,0x4f,0xac,0x7e,0x53,0x17,0xa6,0x7e,0x55,0x00,0x21,0xcc,
0x55,0x01,0x00,0x02,0xff,0xae,0xae,0x10,0x3b,0xaa,0xb8,0x3f,0x51,0x4f,0xb4,0x7e,
0x68,0x0b,0xd0,0x6a,0x53,0x4f,0xa6,0x7e,0x55,0x00,0x22,0xcc,0x58,0x01,0x00,0x02,
0x37,0x0b,0xb0,0x6a,0x57,0x4b,0xae,0x7e,0x54,0x00,0x21,0xcc,0x54,0x01,0x00,0x02,
0x90,0x20,0xc6,0x32,0x55,0x40,0x10,0xcc,0x03,0xab,0x02,0x10,0x58,0x17,0xb0,0x7e,
0x5a,0x00,0x21,0xcc,0x5a,0x01,0x00,0x02,0x54,0x07,0xa8,0x6a,0x68,0x17,0xd0,0x7e,
0x51,0x00,0x16,0xd6,0x55,0xa5,0x42,0x02,0xff,0xb0,0xb0,0x10,0x3b,0xaa,0xb8,0x3f,
0x52,0x00,0x21,0xcc,0x56,0x01,0x00,0x02,0x63,0x0b,0xc6,0x6a,0x14,0x0b,0xca,0x6a,
0x08,0x0b,0xce,0x6a,0x58,0x4b,0xac,0x7e,0x5b,0x17,0xb0,0x7e,0x52,0x00,0x22,0xcc,
0x53,0x01,0x00,0x02,0x57,0x15,0xa6,0x7e,0x20,0x0b,0xb6,0x6a,0x63,0x17,0xc6,0x7e,
0xff,0xb0,0xae,0x10,0x3b,0xaa,0xb8,0x3f,0x5a,0x07,0xb0,0x6a,0x5a,0x40,0x10,0xcc,
0x03,0xa5,0x02,0x10,0xf2,0xa6,0xa6,0x64,0x56,0x15,0xac,0x7e,0x52,0x00,0x16,0xd6,
0x54,0xab,0x42,0x02,0x57,0x4b,0xae,0x7e,0x65,0x17,0xca,0x7e,0x53,0x17,0xa8,0x7e,
0x53,0x00,0x11,0xd7,0x58,0xb5,0x02,0x00,0x90,0x40,0xb0,0x32,0xf2,0xac,0xaa,0x64,
0x5b,0x17,0xac,0x7e,0x2b,0x0b,0xb6,0x6a,0x54,0x4f,0xa8,0x7e,0x58,0x0b,0xb0,0x6a,
0x55,0x17,0xaa,0x7e,0xff,0xac,0xac,0x10,0x3b,0xaa,0xb8,0x3f,0x5b,0x17,0xb6,0x7e,
0x57,0x15,0xae,0x7e,0x58,0x17,0xb0,0x7e,0x55,0x4f,0xaa,0x7e,0x56,0x4b,0xac,0x7e,
0xff,0xb6,0xb6,0x10,0x3b,0xaa,0xb8,0x3f,0xf2,0xae,0xae,0x64,0xff,0xb0,0xb0,0x10,
0x3b,0xaa,0xb8,0x3f,0x54,0x00,0x21,0xcc,0x54,0x01,0x00,0x02,0x15,0x0b,0xd4,0x6a,
0x5b,0x4b,0xb6,0x7e,0x57,0x17,0xae,0x7e,0x58,0x4b,0xb0,0x7e,0x54,0x00,0x22,0xcc,
0x55,0x01,0x00,0x02,0x56,0x15,0xac,0x7e,0x5d,0x4b,0xaa,0x7e,0x57,0x4f,0xae,0x7e,
0x90,0x00,0xd8,0x32,0x5d,0x40,0x10,0xcc,0x03,0xa9,0x02,0x10,0xf2,0xac,0xac,0x64,
0x5b,0x15,0xb6,0x7e,0x67,0x17,0xce,0x7e,0x58,0x15,0xb0,0x7e,0x6a,0x17,0xd4,0x7e,
0x56,0x17,0xac,0x7e,0xf2,0xb6,0xb6,0x64,0x55,0x15,0xaa,0x7e,0xf2,0xb0,0xb0,0x64,
0x57,0x00,0x21,0xcc,0x57,0x01,0x00,0x02,0x56,0x4f,0xac,0x7e,0xff,0xca,0xc6,0xc8,
0xff,0xd4,0x6a,0x65,0x3b,0xaa,0xb8,0x3f,0x03,0x00,0x87,0xbf,0x58,0x17,0xa8,0x7e,
0x5b,0x17,0xb0,0x7e,0xf2,0xb8,0xb6,0x64,0xf2,0xaa,0xaa,0x64,0x22,0x0b,0xb8,0x6a,
0x6c,0x0b,0xd8,0x6a,0x58,0x4f,0xb0,0x7e,0x5b,0x17,0xb6,0x7e,0x57,0x00,0x22,0xcc,
0x56,0x01,0x00,0x02,0x54,0x4f,0xac,0x7e,0x54,0x00,0x16,0xd6,0x5d,0xb5,0x42,0x02,
0x5c,0x17,0xb8,0x7e,0x5b,0x4f,0xb4,0x7e,0x55,0x17,0xb6,0x7e,0x57,0x40,0x10,0xcc,
0x03,0xaf,0x02,0x10,0x65,0x4b,0xca,0x7e,0xff,0xb8,0xb8,0x10,0x3b,0xaa,0xb8,0x3f,
0x58,0x00,0x21,0xcc,0x58,0x01,0x00,0x02,0x5b,0x4f,0xb6,0x7e,0x55,0x00,0x16,0xd6,
0x57,0xbb,0x42,0x02,0x26,0x0b,0xba,0x6a,0x56,0x00,0x21,0xcc,0x56,0x01,0x00,0x02,
0x5a,0x00,0x21,0xcc,0x5a,0x01,0x00,0x02,0x5c,0x4b,0xb8,0x7e,0x58,0x07,0xb0,0x6a,
0x5d,0x17,0xba,0x7e,0x56,0x07,0xac,0x6a,0x6c,0x17,0xd8,0x7e,0x5a,0x00,0x22,0xcc,
0x5b,0x01,0x00,0x02,0x5e,0x17,0xb6,0x7e,0xff,0xba,0xba,0x10,0x3b,0xaa,0xb8,0x3f,
0x5f,0x0b,0xbc,0x6a,0x60,0x17,0xbe,0x7e,0x5a,0x40,0x10,0xcc,0x03,0xb5,0x02,0x10,
0xff,0xb6,0xb6,0x10,0x3b,0xaa,0xb8,0x3f,0x5d,0x4b,0xba,0x7e,0x5e,0x17,0xbc,0x7e,
0xff,0xbe,0xbe,0x10,0x3b,0xaa,0xb8,0x3f,0x5c,0x15,0xb8,0x7e,0x5b,0x4b,0xb6,0x7e,
0x56,0x00,0x16,0xd6,0x56,0xaf,0x42,0x02,0xff,0xbc,0xbc,0x10,0x3b,0xaa,0xb8,0x3f,
0x5f,0x4b,0xbe,0x7e,0x57,0x00,0x11,0xd7,0x58,0xb5,0x02,0x00,0x21,0x0b,0xb0,0x6a,
0xf2,0xb8,0xb8,0x64,0x5d,0x15,0xba,0x7e,0x5e,0x4b,0xbc,0x7e,0x23,0x0b,0xc0,0x6a,
0x5b,0x15,0xb6,0x7e,0x58,0x17,0xb0,0x7e,0x5c,0x17,0xb8,0x7e,0xf2,0xba,0xba,0x64,
0x5f,0x15,0xbe,0x7e,0xf2,0xb6,0xb6,0x64,0xff,0xb0,0xb0,0x10,0x3b,0xaa,0xb8,0x3f,
0x5c,0x4f,0xb8,0x7e,0x5d,0x17,0xba,0x7e,0x5e,0x15,0xbc,0x7e,0xf2,0xbe,0xbe,0x64,
0x5b,0x17,0xb6,0x7e,0x58,0x4b,0xb0,0x7e,0x5d,0x4f,0xba,0x7e,0xf2,0xbc,0xbc,0x64,
0x5f,0x17,0xbe,0x7e,0x5b,0x4f,0xb6,0x7e,0x5c,0x00,0x21,0xcc,0x5c,0x01,0x00,0x02,
0x60,0x17,0xc0,0x7e,0x5e,0x17,0xbc,0x7e,0x5f,0x4f,0xbe,0x7e,0xff,0xcc,0xcc,0x10,
0x3b,0xaa,0xb8,0x3f,0x58,0x15,0xb0,0x7e,0x5d,0x00,0x21,0xcc,0x5d,0x01,0x00,0x02,
0x5e,0x4f,0xbc,0x7e,0xff,0xc0,0xc0,0x10,0x3b,0xaa,0xb8,0x3f,0x5c,0x00,0x22,0xcc,
0x5b,0x01,0x00,0x02,0xf2,0xb0,0xb0,0x64,0x61,0x17,0xb6,0x7e,0x66,0x4b,0xcc,0x7e,
0x5d,0x00,0x22,0xcc,0x5f,0x01,0x00,0x02,0x60,0x4b,0xbe,0x7e,0x58,0x17,0xb0,0x7e,
0xff,0xb6,0xb6,0x10,0x3b,0xaa,0xb8,0x3f,0x5e,0x00,0x21,0xcc,0x5e,0x01,0x00,0x02,
0x19,0x0b,0xc0,0x6a,0x5c,0x40,0x10,0xcc,0x03,0xb9,0x02,0x10,0x58,0x4f,0xc2,0x7e,
0x5b,0x4b,0xc4,0x7e,0x5d,0x40,0x10,0xcc,0x03,0xbb,0x02,0x10,0x5e,0x07,0xbc,0x6a,
0x5f,0x15,0xbe,0x7e,0x60,0x17,0xc0,0x7e,0x58,0x00,0x16,0xd6,0x5c,0xb5,0x42,0x02,
0x5a,0x00,0x16,0xd6,0x5d,0xb9,0x42,0x02,0x5b,0x00,0x16,0xd6,0x5e,0xbb,0x42,0x02,
0xf2,0xbe,0xb8,0x64,0xff,0xc0,0xbc,0x10,0x3b,0xaa,0xb8,0x3f,0x5f,0x00,0x21,0xcc,
0x61,0x01,0x00,0x02,0x62,0x15,0xc0,0x7e,0x1e,0x0b,0xc2,0x6a,0x5c,0x17,0xb8,0x7e,
0x10,0x0b,0xc4,0x6a,0xff,0xd0,0xd0,0x10,0x3b,0xaa,0xb8,0x3f,0xf2,0xc0,0xc0,0x64,
0x61,0x17,0xc2,0x7e,0x5c,0x4f,0xb8,0x7e,0x62,0x17,0xc4,0x7e,0x1c,0x0b,0xba,0x6a,
0x60,0x17,0xc0,0x7e,0xff,0xc2,0xc2,0x10,0x3b,0xaa,0xb8,0x3f,0x5e,0x4b,0xbc,0x7e,
0xff,0xc4,0xc4,0x10,0x3b,0xaa,0xb8,0x3f,0x5d,0x17,0xba,0x7e,0x60,0x4f,0xc0,0x7e,
0x61,0x4b,0xc2,0x7e,0x5c,0x00,0x21,0xcc,0x5c,0x01,0x00,0x02,0x62,0x4b,0xc4,0x7e,
0x5f,0x07,0xbe,0x6a,0xff,0xce,0xc6,0xc8,0xff,0xd8,0x6c,0x67,0x3b,0xaa,0xb8,0x3f,
0x5e,0x15,0xbc,0x7e,0x65,0x15,0xca,0x7e,0x66,0x15,0xcc,0x7e,0x17,0x03,0x87,0xbf,
0x5c,0x00,0x22,0xcc,0x60,0x01,0x00,0x02,0x61,0x15,0xc0,0x7e,0xff,0xc6,0xc2,0x10,
0x3b,0xaa,0xb8,0x3f,0x1a,0x0b,0xc6,0x6a,0x62,0x15,0xc4,0x7e,0x64,0x40,0x10,0xcc,
0x03,0xb9,0x02,0x10,0xf2,0xbc,0xbc,0x64,0xf2,0xc0,0xc0,0x64,0x63,0x17,0xc6,0x7e,
0xff,0xba,0xba,0x10,0x3b,0xaa,0xb8,0x3f,0xf2,0xc4,0xb8,0x64,0x5e,0x17,0xbc,0x7e,
0x60,0x17,0xc0,0x7e,0xff,0xc6,0xc4,0x10,0x3b,0xaa,0xb8,0x3f,0x5d,0x4b,0xba,0x7e,
0x5c,0x17,0xb8,0x7e,0x5e,0x4f,0xbc,0x7e,0x60,0x4f,0xc0,0x7e,0x61,0x4b,0xc2,0x7e,
0x67,0x4b,0xce,0x7e,0x5c,0x4f,0xc6,0x7e,0x5c,0x00,0x11,0xd7,0x5f,0xc9,0x02,0x00,
0xf2,0xca,0xca,0x64,0xf2,0xcc,0xcc,0x64,0x5d,0x15,0xba,0x7e,0x00,0x0b,0xd6,0x6a,
0x5e,0x00,0x21,0xcc,0x5e,0x01,0x00,0x02,0x60,0x00,0x21,0xcc,0x60,0x01,0x00,0x02,
0x61,0x15,0xc2,0x7e,0xf2,0xba,0xba,0x64,0x67,0x15,0xce,0x7e,0x65,0x17,0xca,0x7e,
0x60,0x00,0x22,0xcc,0x63,0x01,0x00,0x02,0xf2,0xc2,0xc2,0x64,0x5d,0x17,0xba,0x7e,
0x66,0x17,0xcc,0x7e,0xf2,0xce,0xce,0x64,0x60,0x40,0x10,0xcc,0x03,0xc1,0x02,0x10,
0x61,0x17,0xc2,0x7e,0x5d,0x4f,0xba,0x7e,0x65,0x4f,0xca,0x7e,0x66,0x4f,0xcc,0x7e,
0x67,0x17,0xce,0x7e,0x61,0x4f,0xc2,0x7e,0x6b,0x17,0xd6,0x7e,0x01,0x0b,0xe0,0x6a,
0x6a,0x4b,0xd4,0x7e,0x90,0x16,0xda,0x32,0x5e,0x00,0x22,0xcc,0x5d,0x01,0x00,0x02,
0x62,0x4b,0xba,0x7e,0x1b,0x0b,0xc4,0x6a,0x66,0x00,0x21,0xcc,0x66,0x01,0x00,0x02,
0x07,0x00,0x87,0xbf,0x61,0x00,0x21,0xcc,0x61,0x01,0x00,0x02,0x5e,0x40,0x10,0xcc,
0x03,0xbd,0x02,0x10,0x70,0x17,0xe0,0x7e,0x62,0x17,0xbe,0x7e,0x90,0x36,0xc4,0x32,
0x61,0x07,0xc2,0x6a,0x24,0x02,0x87,0xbf,0xff,0xd6,0xc6,0xc8,0xff,0xe0,0x70,0x6b,
0x3b,0xaa,0xb8,0x3f,0x5d,0x15,0xba,0x7e,0x62,0x0b,0xc4,0x6a,0xff,0xbe,0xbe,0x10,
0x3b,0xaa,0xb8,0x3f,0x04,0x00,0x87,0xbf,0x6b,0x4b,0xd6,0x7e,0x6a,0x15,0xd4,0x7e,
0xf2,0xba,0xc6,0x64,0x62,0x17,0xc4,0x7e,0x5f,0x4b,0xbe,0x7e,0x5d,0x00,0x16,0xd6,
0x5e,0xc9,0x42,0x02,0x11,0x0b,0xc8,0x6a,0x63,0x17,0xc6,0x7e,0xff,0xc4,0xc4,0x10,
0x3b,0xaa,0xb8,0x3f,0x5e,0x00,0x16,0xd6,0x60,0xbd,0x42,0x02,0xf2,0xd4,0xd4,0x64,
0x64,0x17,0xc8,0x7e,0x63,0x4f,0xc6,0x7e,0x62,0x4b,0xc4,0x7e,0x5f,0x15,0xbe,0x7e,
0x6b,0x15,0xd6,0x7e,0xff,0xc8,0xc8,0x10,0x3b,0xaa,0xb8,0x3f,0x6a,0x17,0xd4,0x7e,
0x6d,0x0b,0xda,0x6a,0xf2,0xbe,0xbe,0x64,0xf2,0xd6,0xd6,0x64,0x64,0x4b,0xc8,0x7e,
0x63,0x00,0x21,0xcc,0x63,0x01,0x00,0x02,0x62,0x15,0xc4,0x7e,0x5f,0x17,0xbe,0x7e,
0x6b,0x17,0xd6,0x7e,0x6d,0x17,0xda,0x7e,0x63,0x07,0xc6,0x6a,0xf2,0xc4,0xc4,0x64,
0x5f,0x4f,0xbe,0x7e,0x6b,0x4f,0xd6,0x7e,0x64,0x15,0xc8,0x7e,0x70,0x4b,0xe0,0x7e,
0x62,0x17,0xc4,0x7e,0x12,0x01,0x87,0xbf,0xf2,0xc8,0xc8,0x64,0x62,0x4f,0xc4,0x7e,
0x5f,0x00,0x21,0xcc,0x5f,0x01,0x00,0x02,0xc2,0x00,0x87,0xbf,0x64,0x17,0xc8,0x7e,
0xff,0x0f,0x88,0xbf,0x70,0x15,0xe0,0x7e,0x64,0x4f,0xc8,0x7e,0xf2,0xe0,0xe0,0x64,
0x5f,0x00,0x22,0xcc,0x62,0x01,0x00,0x02,0x68,0x4b,0xc4,0x7e,0x12,0x01,0x87,0xbf,
0x70,0x17,0xe0,0x7e,0x68,0x40,0x10,0xcc,0x03,0xbf,0x02,0x10,0x5f,0x00,0x16,0xd6,
0x61,0xc1,0x42,0x02,0x16,0x02,0x87,0xbf,0x64,0x00,0x21,0xcc,0x64,0x01,0x00,0x02,
0x70,0x4f,0xe0,0x7e,0x13,0x03,0x87,0xbf,0x60,0x00,0x11,0xd7,0x63,0xd1,0x02,0x00,
0x62,0x15,0xc2,0x7e,0x67,0x4f,0xc4,0x7e,0x64,0x00,0x22,0xcc,0x65,0x01,0x00,0x02,
0x13,0x0b,0xca,0x6a,0x90,0x26,0xce,0x32,0xf2,0xc2,0xc2,0x64,0x14,0x02,0x87,0xbf,
0x63,0x40,0x10,0xcc,0x03,0xc9,0x02,0x10,0x65,0x17,0xca,0x7e,0x12,0x0b,0xc8,0x6a,
0x94,0x02,0x87,0xbf,0x61,0x17,0xc2,0x7e,0x66,0x00,0x22,0xcc,0x62,0x01,0x00,0x02,
0x67,0x0b,0xc4,0x6a,0x14,0x02,0x87,0xbf,0x64,0x17,0xc8,0x7e,0x61,0x4f,0xce,0x7e,
0xff,0xca,0xc2,0x10,0x3b,0xaa,0xb8,0x3f,0x03,0x00,0x87,0xbf,0x62,0x17,0xc4,0x7e,
0x65,0x40,0x10,0xcc,0x03,0xcd,0x02,0x10,0x0a,0x0b,0xcc,0x6a,0xff,0xc8,0xc8,0x10,
0x3b,0xaa,0xb8,0x3f,0x61,0x4b,0xd2,0x7e,0x61,0x00,0x16,0xd6,0x63,0xd1,0x42,0x02,
0xff,0xc4,0xd0,0x10,0x3b,0xaa,0xb8,0x3f,0x62,0x00,0x16,0xd6,0x65,0xc7,0x42,0x02,
0x66,0x17,0xc6,0x7e,0x66,0x00,0x21,0xcc,0x67,0x01,0x00,0x02,0x0c,0x0b,0xce,0x6a,
0x68,0x4b,0xd0,0x7e,0x64,0x4b,0xc8,0x7e,0x17,0x01,0x87,0xbf,0x69,0x15,0xd2,0x7e,
0x67,0x17,0xce,0x7e,0x66,0x07,0xcc,0x6a,0x93,0x01,0x87,0xbf,0xf2,0xd2,0xd2,0x64,
0xff,0xce,0xce,0x10,0x3b,0xaa,0xb8,0x3f,0x96,0x02,0x87,0xbf,0x68,0x15,0xd0,0x7e,
0x64,0x15,0xc8,0x7e,0x14,0x02,0x87,0xbf,0x69,0x17,0xd2,0x7e,0x67,0x4b,0xce,0x7e,
0x93,0x01,0x87,0xbf,0xf2,0xd0,0xd0,0x64,0xf2,0xc8,0xc8,0x64,0x13,0x01,0x87,0xbf,
0x69,0x4f,0xd2,0x7e,0x68,0x17,0xd0,0x7e,0x02,0x00,0x87,0xbf,0x64,0x17,0xc8,0x7e,
0xff,0x0f,0x88,0xbf,0x67,0x15,0xce,0x7e,0x68,0x4f,0xd0,0x7e,0x64,0x4f,0xc8,0x7e,
0x69,0x00,0x21,0xcc,0x69,0x01,0x00,0x02,0x92,0x00,0x87,0xbf,0xf2,0xce,0xce,0x64,
0x67,0x17,0xce,0x7e,0xff,0x0f,0x88,0xbf,0x69,0x00,0x22,0xcc,0x68,0x01,0x00,0x02,
0x6c,0x4b,0xd0,0x7e,0x0b,0x0b,0xd8,0x6a,0x64,0x00,0x21,0xcc,0x64,0x01,0x00,0x02,
0x67,0x4f,0xce,0x7e,0x69,0x40,0x10,0xcc,0x03,0xd3,0x02,0x10,0x33,0x03,0x87,0xbf,
0x6c,0x17,0xd8,0x7e,0xff,0xc6,0xc6,0x10,0x3b,0xaa,0xb8,0x3f,0x64,0x07,0xc8,0x6a,
0x68,0x15,0xd0,0x7e,0x14,0x02,0x87,0xbf,0xff,0xd8,0xd8,0x10,0x3b,0xaa,0xb8,0x3f,
0x63,0x4b,0xc6,0x7e,0x12,0x01,0x87,0xbf,0xf2,0xd0,0xd0,0x64,0x6c,0x4b,0xde,0x7e,
0x6c,0x00,0x11,0xd7,0x64,0xd3,0x02,0x00,0xc2,0x00,0x87,0xbf,0x68,0x17,0xd0,0x7e,
0xff,0x0f,0x88,0xbf,0x63,0x15,0xc6,0x7e,0x68,0x4f,0xd0,0x7e,0xf2,0xc6,0xc6,0x64,
0xc1,0x00,0x87,0xbf,0x63,0x17,0xc6,0x7e,0xff,0x0f,0x88,0xbf,0x68,0x00,0x21,0xcc,
0x68,0x01,0x00,0x02,0x63,0x4f,0xc6,0x7e,0x68,0x07,0xd0,0x6a,0xff,0x0f,0x88,0xbf,
0x63,0x00,0x21,0xcc,0x63,0x01,0x00,0x02,0x31,0x01,0x87,0xbf,0x63,0x00,0x22,0xcc,
0x67,0x01,0x00,0x02,0x6a,0x4f,0xce,0x7e,0x09,0x0b,0xd4,0x6a,0x63,0x40,0x10,0xcc,
0x03,0xc7,0x02,0x10,0x02,0x00,0x87,0xbf,0x6a,0x17,0xd4,0x7e,0xff,0x0f,0x88,0xbf,
0x6e,0x00,0x21,0xcc,0x67,0x01,0x00,0x02,0xff,0xd4,0xd4,0x10,0x3b,0xaa,0xb8,0x3f,
0x67,0x00,0x16,0xd6,0x66,0xcb,0x42,0x02,0x6f,0x15,0xcc,0x7e,0x04,0x0b,0xde,0x6a,
0x6e,0x00,0x22,0xcc,0x6b,0x01,0x00,0x02,0x6b,0x00,0x16,0xd6,0x63,0xd3,0x42,0x02,
0x6a,0x4b,0xd4,0x7e,0xf2,0xcc,0xcc,0x64,0x6f,0x17,0xde,0x7e,0x69,0x40,0x10,0xcc,
0x03,0xdd,0x02,0x10,0x90,0x02,0xdc,0x32,0x14,0x02,0x87,0xbf,0x66,0x17,0xcc,0x7e,
0xff,0xde,0xde,0x10,0x3b,0xaa,0xb8,0x3f,0x14,0x02,0x87,0xbf,0x72,0x00,0x16,0xd6,
0x69,0xc7,0x42,0x02,0x6e,0x0b,0xdc,0x6a,0x05,0x00,0x87,0xbf,0x6a,0x15,0xca,0x7e,
0x06,0x0b,0xd4,0x6a,0x6f,0x4b,0xde,0x7e,0x66,0x4f,0xcc,0x7e,0x6e,0x17,0xdc,0x7e,
0xff,0xda,0xda,0x10,0x3b,0xaa,0xb8,0x3f,0x6a,0x17,0xd4,0x7e,0xf2,0xca,0xca,0x64,
0x73,0x00,0x16,0xd6,0x68,0xd3,0x42,0x02,0xff,0xdc,0xdc,0x10,0x3b,0xaa,0xb8,0x3f,
0x6d,0x4b,0xc8,0x7e,0x02,0x0b,0xda,0x6a,0xff,0xd4,0xd4,0x10,0x3b,0xaa,0xb8,0x3f,
0x6f,0x15,0xde,0x7e,0x6e,0x4b,0xdc,0x7e,0x65,0x17,0xca,0x7e,0x6d,0x17,0xda,0x7e,
0x6a,0x4b,0xd4,0x7e,0xf2,0xde,0xde,0x64,0x63,0x00,0x21,0xcc,0x66,0x01,0x00,0x02,
0x64,0x15,0xc8,0x7e,0xff,0xda,0xda,0x10,0x3b,0xaa,0xb8,0x3f,0x65,0x4f,0xca,0x7e,
0x6f,0x17,0xde,0x7e,0x6e,0x15,0xdc,0x7e,0xf2,0xc8,0xc8,0x64,0x6d,0x4b,0xda,0x7e,
0x6a,0x15,0xd4,0x7e,0x6f,0x4f,0xde,0x7e,0xf2,0xdc,0xdc,0x64,0x64,0x17,0xc8,0x7e,
0x23,0x02,0x87,0xbf,0xf2,0xd4,0xd4,0x64,0x65,0x00,0x21,0xcc,0x65,0x01,0x00,0x02,
0x6e,0x17,0xdc,0x7e,0x94,0x03,0x87,0xbf,0x64,0x4f,0xc8,0x7e,0x6d,0x15,0xda,0x7e,
0x6a,0x17,0xd4,0x7e,0x65,0x07,0xca,0x6a,0x6e,0x4f,0xdc,0x7e,0x93,0x01,0x87,0xbf,
0xf2,0xda,0xda,0x64,0x6a,0x4f,0xd4,0x7e,0x17,0x01,0x87,0xbf,0x63,0x00,0x22,0xcc,
0x64,0x01,0x00,0x02,0x6d,0x17,0xda,0x7e,0xff,0x0f,0x88,0xbf,0x64,0x00,0x21,0xcc,
0x6e,0x01,0x00,0x02,0x63,0x40,0x10,0xcc,0x03,0xc7,0x02,0x10,0x6d,0x4f,0xda,0x7e,
0x66,0x00,0x21,0xcc,0x6a,0x01,0x00,0x02,0x93,0x01,0x87,0xbf,0x64,0x07,0xc8,0x6a,
0x79,0x00,0x11,0xd7,0x65,0xc7,0x02,0x00,0x43,0x01,0x87,0xbf,0x66,0x00,0x22,0xcc,
0x6f,0x01,0x00,0x02,0xff,0x0f,0x88,0xbf,0x6a,0x00,0x21,0xcc,0x6d,0x01,0x00,0x02,
0x66,0x40,0x10,0xcc,0x03,0xcd,0x02,0x10,0x6a,0x00,0x22,0xcc,0x70,0x01,0x00,0x02,
0x12,0x01,0x87,0xbf,0x77,0x00,0x16,0xd6,0x66,0xc7,0x42,0x02,0x6a,0x40,0x10,0xcc,
0x03,0xd5,0x02,0x10,0x01,0x00,0x87,0xbf,0x75,0x00,0x16,0xd6,0x6a,0xcd,0x42,0x02,
0x74,0x00,0x16,0xd6,0x64,0xd5,0x42,0x02,0x71,0x01,0xa6,0xbf,0xff,0x84,0x0e,0x36,
0xff,0x7f,0xff,0x7f,0x4c,0x00,0x11,0xd7,0x3e,0x75,0x02,0x00,0x4d,0x01,0x32,0xd5,
0x41,0xe5,0x01,0x00,0x4f,0x01,0x32,0xd5,0x44,0xe5,0x01,0x00,0x90,0x74,0xa2,0x32,
0x07,0x40,0x0f,0xcc,0x07,0xe5,0x01,0x08,0xff,0x98,0x98,0x36,0xff,0x7f,0xff,0x7f,
0x50,0x01,0x32,0xd5,0x43,0xe5,0x01,0x00,0x4d,0xa9,0x9a,0x7e,0x4f,0xa9,0x9e,0x7e,
0x90,0x0e,0xa4,0x32,0x4c,0x40,0x0f,0xcc,0x4c,0xe5,0x01,0x08,0x53,0x01,0x32,0xd5,
0x51,0xe5,0x01,0x00,0x07,0xa9,0x0e,0x7e,0x90,0x84,0x9c,0x32,0x52,0xa9,0xa4,0x7e,
0x90,0x98,0xa8,0x32,0xff,0x76,0xaa,0x36,0xff,0x7f,0xff,0x7f,0x50,0xa9,0xa0,0x7e,
0x53,0xa9,0xa6,0x7e,0x4c,0xa9,0xac,0x7e,0x54,0xa9,0xa8,0x7e,0x41,0x9b,0x9a,0x6a,
0x44,0x9f,0x9e,0x6a,0x42,0x0f,0x0e,0x6a,0x4e,0xa5,0x98,0x6a,0x4e,0x01,0x32,0xd5,
0x45,0xe5,0x01,0x00,0x52,0x40,0x0f,0xcc,0x55,0xe5,0x01,0x08,0x43,0xa1,0xa0,0x6a,
0x07,0x00,0x11,0xd7,0x4d,0x0f,0x02,0x00,0x4c,0x00,0x11,0xd7,0x4c,0x9f,0x02,0x00,
0x3a,0xa9,0x9e,0x6a,0x90,0xa4,0x9a,0x32,0x3e,0xad,0xa8,0x6a,0x51,0xa7,0xa2,0x6a,
0x4e,0xa9,0xa6,0x7e,0x4e,0x00,0x11,0xd7,0x36,0x51,0x02,0x00,0x4d,0xa9,0xaa,0x7e,
0x56,0x01,0x32,0xd5,0x3f,0xe5,0x01,0x00,0x52,0xa9,0xa4,0x7e,0x4d,0x00,0x11,0xd7,
0x50,0xa9,0x02,0x00,0xff,0x9c,0xa0,0x36,0xff,0x7f,0xff,0x7f,0x90,0x76,0xa8,0x32,
0x56,0xa9,0xac,0x7e,0x4e,0x00,0x11,0xd7,0x4f,0xa3,0x02,0x00,0x4f,0x01,0x32,0xd5,
0x3d,0xe5,0x01,0x00,0x50,0x40,0x0f,0xcc,0x50,0xe5,0x01,0x08,0x45,0xa7,0xa2,0x6a,
0x54,0xab,0xa6,0x6a,0x3b,0xa5,0xa4,0x6a,0x4f,0xa9,0xa8,0x7e,0x50,0xa9,0xaa,0x7e,
0x90,0x50,0xae,0x32,0xff,0x6a,0xb0,0x36,0xff,0x7f,0xff,0x7f,0x90,0xa0,0x9e,0x32,
0x3f,0xad,0xac,0x6a,0x50,0x00,0x11,0xd7,0x51,0xa5,0x02,0x00,0x51,0x01,0x32,0xd5,
0x57,0xe5,0x01,0x00,0x52,0x40,0x0f,0xcc,0x58,0xe5,0x01,0x08,0x4f,0xa9,0xb4,0x7e,
0x4f,0x00,0x11,0xd7,0x53,0xad,0x02,0x00,0x3d,0xa9,0xa6,0x6a,0x36,0xab,0xa8,0x6a,
0x51,0xa9,0xac,0x7e,0x90,0xa4,0xb0,0x32,0x5b,0x00,0x11,0xd7,0x2e,0x41,0x02,0x00,
0x55,0x01,0x32,0xd5,0x33,0xe5,0x01,0x00,0x51,0x00,0x11,0xd7,0x53,0xa9,0x02,0x00,
0x52,0xa9,0xa4,0x7e,0x58,0xa9,0xa6,0x7e,0xff,0xb6,0xb0,0x36,0xff,0x7f,0xff,0x7f,
0x55,0xa9,0xaa,0x7e,0x54,0x01,0x32,0xd5,0x46,0xe5,0x01,0x00,0x57,0xad,0xac,0x6a,
0x90,0x6a,0xae,0x32,0x58,0x40,0x0f,0xcc,0x58,0xe5,0x01,0x08,0x90,0x40,0xb8,0x32,
0x54,0xa9,0xa8,0x7e,0x5b,0x01,0x32,0xd5,0x37,0xe5,0x01,0x00,0x57,0xa7,0xae,0x6a,
0x90,0xb0,0xa6,0x32,0x35,0xa5,0xba,0x6a,0x52,0x01,0x32,0xd5,0x5c,0xe5,0x01,0x00,
0x33,0xab,0xaa,0x6a,0x5b,0xa9,0xb6,0x7e,0x53,0xa9,0xbc,0x7e,0xff,0x5a,0xbe,0x36,
0xff,0x7f,0xff,0x7f,0x58,0xa9,0xb0,0x7e,0x52,0xa9,0xc0,0x7e,0x28,0xb5,0xb4,0x6a,
0x46,0xa9,0xa8,0x6a,0x53,0x00,0x11,0xd7,0x55,0xbb,0x02,0x00,0x55,0x40,0x0f,0xcc,
0x5f,0xe5,0x01,0x08,0x5d,0x00,0x11,0xd7,0x26,0x31,0x02,0x00,0x52,0x00,0x11,0xd7,
0x5a,0xad,0x02,0x00,0x54,0x00,0x11,0xd7,0x57,0xa9,0x02,0x00,0x37,0xb7,0xac,0x6a,
0x57,0x01,0x32,0xd5,0x2b,0xe5,0x01,0x00,0x20,0xbd,0xb4,0x6a,0x90,0xaa,0xb6,0x32,
0x2e,0xb1,0xb0,0x6a,0x5c,0xc1,0xb8,0x6a,0x5f,0x01,0x32,0xd5,0x22,0xe5,0x01,0x00,
0x57,0xa9,0xae,0x7e,0x5b,0xa9,0xb6,0x7e,0x55,0xa9,0xbc,0x7e,0x55,0x00,0x11,0xd7,
0x56,0xb1,0x02,0x00,0xff,0xba,0xb0,0x36,0xff,0x7f,0xff,0x7f,0x56,0x00,0x11,0xd7,
0x5a,0xb9,0x02,0x00,0x5f,0xa9,0xb8,0x7e,0x90,0x5a,0xb4,0x32,0x5d,0x01,0x32,0xd5,
0x24,0xe5,0x01,0x00,0x58,0x40,0x0f,0xcc,0x58,0xe5,0x01,0x08,0x2b,0xaf,0xae,0x6a,
0x90,0x30,0xc0,0x32,0x5a,0xb7,0xb4,0x6a,0x2d,0xbd,0xb6,0x6a,0x5d,0xa9,0xba,0x7e,
0x90,0xb0,0xbc,0x32,0x58,0xa9,0xbe,0x7e,0x22,0xb9,0xb0,0x6a,0xff,0x46,0xb8,0x36,
0xff,0x7f,0xff,0x7f,0x57,0x00,0x11,0xd7,0x57,0xb7,0x02,0x00,0x5b,0x01,0x32,0xd5,
0x60,0xe5,0x01,0x00,0x5e,0xa9,0xbc,0x7e,0x58,0x00,0x11,0xd7,0x5a,0xb1,0x02,0x00,
0x5c,0x40,0x0f,0xcc,0x5c,0xe5,0x01,0x08,0x24,0xbb,0xb4,0x6a,0x5b,0xa9,0xb6,0x7e,
0x26,0xbf,0xba,0x6a,0x5f,0x01,0x32,0xd5,0x21,0xe5,0x01,0x00,0x90,0xb8,0xc2,0x32,
0x62,0x00,0x11,0xd7,0x1e,0x21,0x02,0x00,0x5c,0xa9,0xb8,0x7e,0x5a,0x00,0x11,0xd7,
0x5a,0xbb,0x02,0x00,0x5f,0xa9,0xba,0x7e,0x61,0xa9,0xbe,0x7e,0x61,0x01,0x32,0xd5,
0x19,0xe5,0x01,0x00,0x18,0xbd,0xbc,0x6a,0xff,0xc4,0xc4,0x36,0xff,0x7f,0xff,0x7f,
0x60,0xb7,0xb6,0x6a,0x90,0x46,0xc0,0x32,0x61,0xa9,0xc2,0x7e,0x63,0x01,0x32,0xd5,
0x1c,0xe5,0x01,0x00,0x62,0x40,0x0f,0xcc,0x62,0xe5,0x01,0x08,0x5b,0x00,0x11,0xd7,
0x5e,0xb7,0x02,0x00,0x60,0xbf,0xbc,0x6a,0x21,0xbb,0xba,0x6a,0x63,0xa9,0xc0,0x7e,
0x90,0x20,0xc6,0x32,0x90,0xc4,0xbe,0x32,0x23,0xb9,0xb8,0x6a,0x19,0xc3,0xc2,0x6a,
0x62,0xa9,0xc4,0x7e,0x64,0x01,0x32,0xd5,0x63,0xe5,0x01,0x00,0xff,0x36,0xca,0x36,
0xff,0x7f,0xff,0x7f,0x5c,0x00,0x11,0xd7,0x5d,0xb9,0x02,0x00,0x5d,0x00,0x11,0xd7,
0x5e,0xc3,0x02,0x00,0x5f,0xa9,0xbe,0x7e,0x64,0xa9,0xc2,0x7e,0x64,0x40,0x0f,0xcc,
0x65,0xe5,0x01,0x08,0x1c,0xc1,0xbc,0x6a,0x65,0x00,0x11,0xd7,0x16,0x11,0x02,0x00,
0x1e,0xc5,0xc4,0x6a,0x67,0x01,0x32,0xd5,0x11,0xe5,0x01,0x00,0x90,0xc8,0xcc,0x32,
0x60,0x01,0x32,0xd5,0x1a,0xe5,0x01,0x00,0x64,0xa9,0xc8,0x7e,0x5e,0x00,0x11,0xd7,
0x5e,0xc5,0x02,0x00,0xff,0xca,0xc4,0x36,0xff,0x7f,0xff,0x7f,0x63,0xc3,0xc2,0x6a,
0x66,0xa9,0xc6,0x7e,0x67,0xa9,0xca,0x7e,0x66,0x01,0x32,0xd5,0x14,0xe5,0x01,0x00,
0x10,0xbf,0xbe,0x6a,0x60,0xa9,0xc0,0x7e,0x90,0x36,0xce,0x32,0x62,0x40,0x0f,0xcc,
0x62,0xe5,0x01,0x08,0x66,0xa9,0xcc,0x7e,0x5f,0x00,0x11,0xd7,0x5f,0xc3,0x02,0x00,
0x1b,0xc9,0xc8,0x6a,0x67,0xc7,0xc2,0x6a,0x11,0xcb,0xc6,0x6a,0x90,0x10,0xce,0x32,
0x90,0xc4,0xd0,0x32,0x1a,0xc1,0xc0,0x6a,0xff,0x26,0xca,0x36,0xff,0x7f,0xff,0x7f,
0x61,0x00,0x11,0xd7,0x61,0xc7,0x02,0x00,0x14,0xcd,0xc6,0x6a,0x62,0xa9,0xc4,0x7e,
0x66,0x01,0x32,0xd5,0x67,0xe5,0x01,0x00,0x69,0x00,0x11,0xd7,0x15,0x01,0x02,0x00,
0x60,0x00,0x11,0xd7,0x60,0xc9,0x02,0x00,0x68,0xa9,0xc8,0x7e,0x65,0x40,0x0f,0xcc,
0x65,0xe5,0x01,0x08,0x68,0x01,0x32,0xd5,0x12,0xe5,0x01,0x00,0x66,0xa9,0xcc,0x7e,
0xff,0xd2,0xd2,0x36,0xff,0x7f,0xff,0x7f,0x6b,0x01,0x32,0xd5,0x0a,0xe5,0x01,0x00,
0x90,0xca,0xd4,0x32,0x68,0xa9,0xd0,0x7e,0x65,0xa9,0xca,0x7e,0x16,0xc5,0xc4,0x6a,
0x69,0x40,0x0f,0xcc,0x69,0xe5,0x01,0x08,0x08,0xc9,0xc8,0x6a,0x6a,0xa9,0xd4,0x7e,
0x6b,0xa9,0xd6,0x7e,0x67,0xcd,0xcc,0x6a,0x67,0x01,0x32,0xd5,0x0c,0xe5,0x01,0x00,
0x90,0xd2,0xda,0x32,0x62,0x00,0x11,0xd7,0x63,0xc5,0x02,0x00,0x69,0xa9,0xc6,0x7e,
0x69,0x00,0x11,0xd7,0x02,0x03,0x02,0x00,0x90,0x26,0xd8,0x32,0x12,0xd1,0xd0,0x6a,
0x13,0xcb,0xca,0x6a,0x67,0xa9,0xdc,0x7e,0x6d,0xa9,0xda,0x7e,0x67,0x00,0x11,0xd7,
0x64,0xcd,0x02,0x00,0xff,0x16,0xc8,0x36,0xff,0x7f,0xff,0x7f,0xff,0xd2,0xd2,0x36,
0xff,0x7f,0xff,0x7f,0x6c,0xd5,0xd4,0x6a,0x0a,0xd7,0xd6,0x6a,0x6c,0x00,0x11,0xd7,
0x68,0xcb,0x02,0x00,0x90,0x00,0xca,0x32,0x64,0x40,0x0f,0xcc,0x64,0xe5,0x01,0x08,
0x69,0x40,0x0f,0xcc,0x69,0xe5,0x01,0x08,0x90,0x02,0xe0,0x32,0x6b,0x00,0x11,0xd7,
0x6a,0xd7,0x02,0x00,0x0c,0xdd,0xcc,0x6a,0x00,0xdb,0xd0,0x6a,0x6a,0x01,0x32,0xd5,
0x65,0xe5,0x01,0x00,0x6d,0x01,0x32,0xd5,0x09,0xe5,0x01,0x00,0x90,0xc8,0xdc,0x32,
0x71,0x01,0x32,0xd5,0x06,0xe5,0x01,0x00,0x72,0x01,0x32,0xd5,0x04,0xe5,0x01,0x00,
0x90,0xd2,0xe6,0x32,0x74,0x01,0x32,0xd5,0x70,0xe5,0x01,0x00,0x6a,0xa9,0xd4,0x7e,
0x6d,0xa9,0xda,0x7e,0x6e,0xa9,0xdc,0x7e,0x64,0xa9,0xc8,0x7e,0x71,0xa9,0xe2,0x7e,
0x72,0xa9,0xea,0x7e,0x73,0xa9,0xe6,0x7e,0x69,0xa9,0xd2,0x7e,0x74,0xa9,0xe8,0x7e,
0x15,0xc7,0xc6,0x6a,0x90,0x16,0xde,0x32,0x0b,0xc9,0xc8,0x6a,0x03,0x00,0x87,0xbf,
0x72,0x00,0x11,0xd7,0x66,0xc7,0x02,0x00,0x65,0xd5,0xc6,0x6a,0x09,0xdb,0xca,0x6a,
0x6f,0xdd,0xcc,0x6a,0x06,0xe3,0xd4,0x6a,0x04,0xeb,0xda,0x6a,0x01,0xe7,0xdc,0x6a,
0x02,0xd3,0xd2,0x6a,0x70,0xe9,0xde,0x6a,0x73,0x00,0x11,0xd7,0x68,0xc7,0x02,0x00,
0x79,0x00,0x11,0xd7,0x65,0xc9,0x02,0x00,0x77,0x00,0x11,0xd7,0x66,0xd5,0x02,0x00,
0x75,0x00,0x11,0xd7,0x6d,0xd3,0x02,0x00,0x74,0x00,0x11,0xd7,0x6e,0xdf,0x02,0x00,
0xa1,0x03,0xa6,0xbf,0x19,0x85,0x02,0xbf,0x2a,0x01,0xa1,0xbf,0x4e,0x00,0x11,0xd7,
0x3e,0x75,0x02,0x00,0x90,0x74,0x9e,0x32,0x51,0x00,0x16,0xd6,0x3f,0x77,0x42,0x02,
0x4d,0x00,0x48,0xd6,0x03,0x87,0x16,0x04,0x52,0x00,0x11,0xd7,0x36,0x51,0x02,0x00,
0x4e,0x00,0x0e,0xcc,0x03,0x9d,0x16,0x14,0x4f,0x00,0x48,0xd6,0x03,0x9f,0x16,0x04,
0x51,0x00,0x0e,0xcc,0x03,0xa3,0x16,0x14,0x4d,0x00,0x61,0xd6,0x4d,0xe5,0x01,0x02,
0x53,0x00,0x48,0xd6,0x03,0x7b,0x16,0x04,0x4e,0x40,0x11,0xcc,0x4e,0xe5,0x01,0x08,
0x4f,0x00,0x61,0xd6,0x4f,0xe5,0x01,0x02,0x51,0x40,0x11,0xcc,0x51,0xe5,0x01,0x08,
0x54,0x00,0x11,0xd7,0x33,0x6b,0x02,0x00,0x55,0x00,0x16,0xd6,0x46,0x6b,0x42,0x02,
0x4e,0x40,0x12,0xcc,0x4e,0x01,0x01,0x18,0x53,0x00,0x61,0xd6,0x53,0xe5,0x01,0x02,
0x57,0x00,0x11,0xd7,0x2e,0x41,0x02,0x00,0x54,0x00,0x0e,0xcc,0x03,0xa9,0x16,0x14,
0x55,0x00,0x0e,0xcc,0x03,0xab,0x16,0x14,0x4d,0x00,0x11,0xd7,0x4d,0x9d,0x02,0x00,
0x4e,0x00,0x16,0xd6,0x4f,0x9d,0x42,0x02,0x4f,0x40,0x12,0xcc,0x51,0x01,0x01,0x18,
0x51,0x00,0x0e,0xcc,0x03,0xa5,0x16,0x14,0x90,0x50,0xa4,0x32,0x54,0x40,0x11,0xcc,
0x54,0xe5,0x01,0x08,0x55,0x40,0x11,0xcc,0x55,0xe5,0x01,0x08,0x58,0x00,0x11,0xd7,
0x2b,0x5b,0x02,0x00,0x51,0x40,0x11,0xcc,0x51,0xe5,0x01,0x08,0x52,0x00,0x48,0xd6,
0x03,0xa5,0x16,0x04,0x5a,0x00,0x16,0xd6,0x22,0x5b,0x42,0x02,0x5c,0x00,0x11,0xd7,
0x26,0x31,0x02,0x00,0x58,0x00,0x0e,0xcc,0x03,0xb1,0x16,0x14,0x56,0x40,0x12,0xcc,
0x51,0x01,0x01,0x18,0x52,0x00,0x61,0xd6,0x52,0xe5,0x01,0x02,0x5a,0x00,0x0e,0xcc,
0x03,0xb5,0x16,0x14,0x5d,0x00,0x11,0xd7,0x21,0x47,0x02,0x00,0x5e,0x00,0x16,0xd6,
0x19,0x47,0x42,0x02,0x51,0x00,0x11,0xd7,0x53,0xad,0x02,0x00,0x52,0x00,0x16,0xd6,
0x52,0xad,0x42,0x02,0x56,0x00,0x0e,0xcc,0x03,0xaf,0x16,0x14,0x53,0x40,0x12,0xcc,
0x54,0x01,0x01,0x18,0x54,0x40,0x12,0xcc,0x55,0x01,0x01,0x18,0x90,0x40,0xaa,0x32,
0x57,0x00,0x48,0xd6,0x03,0x6f,0x16,0x04,0x56,0x40,0x11,0xcc,0x56,0xe5,0x01,0x08,
0x5d,0x00,0x0e,0xcc,0x03,0xbb,0x16,0x14,0x5e,0x00,0x0e,0xcc,0x03,0xbd,0x16,0x14,
0x55,0x00,0x48,0xd6,0x03,0xab,0x16,0x04,0x57,0x00,0x61,0xd6,0x57,0xe5,0x01,0x02,
0x56,0x40,0x12,0xcc,0x56,0x01,0x01,0x18,0x60,0x00,0x11,0xd7,0x1e,0x21,0x02,0x00,
0x61,0x00,0x11,0xd7,0x1a,0x37,0x02,0x00,0x5b,0x00,0x61,0xd6,0x55,0xe5,0x01,0x02,
0x62,0x00,0x16,0xd6,0x11,0x37,0x42,0x02,0x55,0x00,0x11,0xd7,0x57,0xad,0x02,0x00,
0x57,0x40,0x11,0xcc,0x58,0xe5,0x01,0x08,0x58,0x40,0x11,0xcc,0x5a,0xe5,0x01,0x08,
0x5a,0x00,0x0e,0xcc,0x03,0xb9,0x16,0x14,0x56,0x00,0x16,0xd6,0x5b,0xad,0x42,0x02,
0x90,0x30,0xb6,0x32,0x5c,0x00,0x48,0xd6,0x03,0x49,0x16,0x04,0x64,0x00,0x11,0xd7,
0x16,0x11,0x02,0x00,0x5a,0x40,0x11,0xcc,0x5a,0xe5,0x01,0x08,0x61,0x00,0x0e,0xcc,
0x03,0xc3,0x16,0x14,0x5b,0x00,0x48,0xd6,0x03,0xb7,0x16,0x04,0x5c,0x00,0x61,0xd6,
0x5c,0xe5,0x01,0x02,0x62,0x00,0x0e,0xcc,0x03,0xc5,0x16,0x14,0x5f,0x40,0x12,0xcc,
0x5a,0x01,0x01,0x18,0x61,0x40,0x11,0xcc,0x61,0xe5,0x01,0x08,0x5b,0x00,0x61,0xd6,
0x5b,0xe5,0x01,0x02,0x66,0x00,0x11,0xd7,0x12,0x27,0x02,0x00,0x62,0x40,0x11,0xcc,
0x62,0xe5,0x01,0x08,0x5a,0x00,0x11,0xd7,0x5c,0xbf,0x02,0x00,0x5c,0x40,0x11,0xcc,
0x5d,0xe5,0x01,0x08,0x5d,0x40,0x11,0xcc,0x5e,0xe5,0x01,0x08,0x5e,0x00,0x0e,0xcc,
0x03,0xc1,0x16,0x14,0x5b,0x00,0x16,0xd6,0x5b,0xbf,0x42,0x02,0x90,0x20,0xbe,0x32,
0x60,0x00,0x48,0xd6,0x03,0x39,0x16,0x04,0x67,0x00,0x16,0xd6,0x0a,0x27,0x42,0x02,
0x5e,0x40,0x11,0xcc,0x5e,0xe5,0x01,0x08,0x66,0x00,0x0e,0xcc,0x03,0xcd,0x16,0x14,
0x5f,0x00,0x48,0xd6,0x03,0xbf,0x16,0x04,0x60,0x00,0x61,0xd6,0x60,0xe5,0x01,0x02,
0x68,0x00,0x0e,0xcc,0x03,0xcf,0x16,0x14,0x63,0x40,0x12,0xcc,0x5e,0x01,0x01,0x18,
0x07,0x00,0x11,0xd7,0x41,0x85,0x02,0x00,0x5f,0x00,0x61,0xd6,0x5f,0xe5,0x01,0x02,
0x4c,0x00,0x16,0xd6,0x44,0x85,0x42,0x02,0x50,0x00,0x11,0xd7,0x45,0x77,0x02,0x00,
0x5e,0x00,0x11,0xd7,0x60,0xc7,0x02,0x00,0x60,0x00,0x0e,0xcc,0x03,0xc9,0x16,0x14,
0x5f,0x00,0x16,0xd6,0x5f,0xc7,0x42,0x02,0x63,0x00,0x48,0xd6,0x03,0x29,0x16,0x04,
0x90,0x10,0xc8,0x32,0x90,0x02,0xd2,0x32,0x65,0x40,0x11,0xcc,0x60,0xe5,0x01,0x08,
0x60,0x40,0x12,0xcc,0x61,0x01,0x01,0x18,0x61,0x40,0x12,0xcc,0x62,0x01,0x01,0x18,
0x62,0x00,0x61,0xd6,0x63,0xe5,0x01,0x02,0x63,0x00,0x48,0xd6,0x03,0xc9,0x16,0x04,
0x64,0x40,0x12,0xcc,0x65,0x01,0x01,0x18,0x65,0x00,0x11,0xd7,0x15,0x01,0x02,0x00,
0x07,0x00,0x0e,0xcc,0x03,0x0f,0x16,0x14,0x4c,0x00,0x0e,0xcc,0x03,0x99,0x16,0x14,
0x63,0x00,0x61,0xd6,0x63,0xe5,0x01,0x02,0x62,0x00,0x11,0xd7,0x62,0xc9,0x02,0x00,
0x65,0x00,0x0e,0xcc,0x03,0xcb,0x16,0x14,0x50,0x00,0x0e,0xcc,0x03,0xa1,0x16,0x14,
0x6a,0x00,0x48,0xd6,0x03,0x09,0x16,0x04,0x67,0x00,0x16,0xd6,0x63,0xc9,0x42,0x02,
0x63,0x00,0x48,0xd6,0x03,0x19,0x16,0x04,0x64,0x40,0x11,0xcc,0x65,0xe5,0x01,0x08,
0x65,0x40,0x11,0xcc,0x66,0xe5,0x01,0x08,0x66,0x40,0x11,0xcc,0x68,0xe5,0x01,0x08,
0x90,0x00,0xd0,0x32,0x63,0x00,0x61,0xd6,0x63,0xe5,0x01,0x02,0x64,0x40,0x12,0xcc,
0x64,0x01,0x01,0x18,0x6c,0x40,0x12,0xcc,0x65,0x01,0x01,0x18,0x6b,0x40,0x12,0xcc,
0x66,0x01,0x01,0x18,0x66,0x00,0x11,0xd7,0x02,0x03,0x02,0x00,0x65,0x00,0x48,0xd6,
0x03,0xd1,0x16,0x04,0x72,0x00,0x11,0xd7,0x63,0xc9,0x02,0x00,0x63,0x00,0x11,0xd7,
0x09,0x17,0x02,0x00,0x68,0x00,0x16,0xd6,0x06,0x17,0x42,0x02,0x66,0x00,0x0e,0xcc,
0x03,0xcd,0x16,0x14,0x69,0x00,0x48,0xd6,0x03,0xd3,0x16,0x04,0x07,0x40,0x11,0xcc,
0x07,0xe5,0x01,0x08,0x63,0x00,0x0e,0xcc,0x03,0xc7,0x16,0x14,0x68,0x00,0x0e,0xcc,
0x03,0xd1,0x16,0x14,0x66,0x40,0x11,0xcc,0x66,0xe5,0x01,0x08,0x4c,0x40,0x11,0xcc,
0x4c,0xe5,0x01,0x08,0x50,0x40,0x11,0xcc,0x50,0xe5,0x01,0x08,0x65,0x00,0x61,0xd6,
0x65,0xe5,0x01,0x02,0x63,0x40,0x11,0xcc,0x63,0xe5,0x01,0x08,0x68,0x40,0x11,0xcc,
0x68,0xe5,0x01,0x08,0x6a,0x00,0x61,0xd6,0x6a,0xe5,0x01,0x02,0x66,0x40,0x12,0xcc,
0x66,0x01,0x01,0x18,0x69,0x00,0x61,0xd6,0x69,0xe5,0x01,0x02,0x07,0x40,0x12,0xcc,
0x07,0x01,0x01,0x18,0x4c,0x40,0x12,0xcc,0x4c,0x01,0x01,0x18,0x50,0x40,0x12,0xcc,
0x50,0x01,0x01,0x18,0x57,0x40,0x12,0xcc,0x57,0x01,0x01,0x18,0x58,0x40,0x12,0xcc,
0x58,0x01,0x01,0x18,0x5c,0x40,0x12,0xcc,0x5c,0x01,0x01,0x18,0x5d,0x40,0x12,0xcc,
0x5d,0x01,0x01,0x18,0x73,0x00,0x16,0xd6,0x65,0xc9,0x42,0x02,0x79,0x40,0x12,0xcc,
0x63,0x01,0x01,0x18,0x77,0x40,0x12,0xcc,0x68,0x01,0x01,0x18,0x75,0x00,0x11,0xd7,
0x6a,0xcd,0x02,0x00,0x74,0x00,0x16,0xd6,0x69,0xcd,0x42,0x02,0x01,0x00,0xa5,0xbf,
0x75,0x02,0xa0,0xbf,0x90,0x84,0x0e,0x32,0x4c,0x00,0x8b,0xd5,0x41,0x01,0x00,0x20,
0x4d,0x00,0x8b,0xd5,0x42,0x01,0x00,0x20,0x4e,0x00,0x8b,0xd5,0x44,0x01,0x00,0x20,
0x4f,0x00,0x8b,0xd5,0x43,0x01,0x00,0x20,0x07,0x00,0x8b,0xd5,0x07,0x01,0x00,0x20,
0x14,0x02,0x87,0xbf,0xff,0x98,0xc6,0xc8,0xff,0x9a,0x4c,0x4c,0x3b,0xaa,0xb8,0x3f,
0xff,0x9c,0x9c,0x10,0x3b,0xaa,0xb8,0x3f,0x50,0x00,0x8b,0xd5,0x3e,0x01,0x00,0x20,
0x14,0x02,0x87,0xbf,0xff,0x0e,0x0e,0x10,0x3b,0xaa,0xb8,0x3f,0x4c,0x4b,0x98,0x7e,
0x4d,0x4b,0x9a,0x7e,0x51,0x00,0x8b,0xd5,0x3a,0x01,0x00,0x20,0x90,0x74,0xa4,0x32,
0x07,0x4b,0x0e,0x7e,0xff,0x9e,0xc6,0xc8,0xff,0xa0,0x50,0x4f,0x3b,0xaa,0xb8,0x3f,
0x54,0x00,0x8b,0xd5,0x3b,0x01,0x00,0x20,0xa3,0x03,0x87,0xbf,0x52,0x00,0x8b,0xd5,
0x52,0x01,0x00,0x20,0xff,0xa2,0xa2,0x10,0x3b,0xaa,0xb8,0x3f,0x4c,0x15,0x98,0x7e,
0x36,0x03,0x87,0xbf,0x4d,0x15,0x9a,0x7e,0x4f,0x4b,0x9e,0x7e,0xff,0xa4,0xa4,0x10,
0x3b,0xaa,0xb8,0x3f,0x07,0x15,0x0e,0x7e,0x50,0x4b,0xa0,0x7e,0x51,0x4b,0xa2,0x7e,
0xf2,0x98,0x98,0x64,0xf2,0x9a,0x9a,0x64,0xf2,0x0e,0xa6,0x64,0x52,0x4b,0xa4,0x7e,
0x90,0x76,0xaa,0x32,0x4c,0xa9,0x0e,0x7e,0x4d,0xa9,0x98,0x7e,0x53,0xa9,0x9a,0x7e,
0x53,0x00,0x8b,0xd5,0x45,0x01,0x00,0x20,0x4f,0x15,0x9e,0x7e,0x50,0x15,0xa0,0x7e,
0x51,0x15,0xa2,0x7e,0x14,0x02,0x87,0xbf,0xff,0xa8,0xc6,0xc8,0xff,0xa6,0x52,0x54,
0x3b,0xaa,0xb8,0x3f,0xf2,0x9e,0x9e,0x64,0x14,0x02,0x87,0xbf,0xf2,0xa0,0xa0,0x64,
0xf2,0xa2,0xa2,0x64,0x04,0x00,0x87,0xbf,0x54,0x4b,0xa8,0x7e,0x53,0x4b,0xa6,0x7e,
0x55,0x00,0x8b,0xd5,0x55,0x01,0x00,0x20,0x90,0x50,0xac,0x32,0x4f,0xa9,0xc6,0x7e,
0x52,0x15,0x9e,0x7e,0x50,0xa9,0xc8,0x7e,0x51,0xa9,0xca,0x7e,0x51,0x00,0x8b,0xd5,
0x3f,0x01,0x00,0x20,0x56,0x00,0x8b,0xd5,0x56,0x01,0x00,0x20,0xff,0xaa,0xa0,0x10,
0x3b,0xaa,0xb8,0x3f,0xf2,0x9e,0x9e,0x64,0x53,0x15,0xa4,0x7e,0x54,0x15,0xa6,0x7e,
0x58,0x00,0x8b,0xd5,0x35,0x01,0x00,0x20,0x50,0x4b,0xa8,0x7e,0xff,0xa2,0xa0,0x10,
0x3b,0xaa,0xb8,0x3f,0x51,0x00,0x8b,0xd5,0x3d,0x01,0x00,0x20,0x4f,0xa9,0xcc,0x7e,
0xf2,0xa4,0x9e,0x64,0xf2,0xa6,0xa4,0x64,0x50,0x4b,0xa6,0x7e,0xff,0xa2,0xa2,0x10,
0x3b,0xaa,0xb8,0x3f,0x55,0x00,0x8b,0xd5,0x36,0x01,0x00,0x20,0x5a,0x00,0x8b,0xd5,
0x2e,0x01,0x00,0x20,0x52,0xa9,0xa0,0x7e,0x54,0x15,0xa4,0x7e,0x51,0x4b,0xa8,0x7e,
0xff,0xaa,0xa2,0x10,0x3b,0xaa,0xb8,0x3f,0x55,0x00,0x8b,0xd5,0x28,0x01,0x00,0x20,
0x90,0x40,0xb6,0x32,0xf2,0xa4,0xa4,0x64,0x53,0x15,0xa6,0x7e,0x51,0x4b,0xae,0x7e,
0xff,0xaa,0xaa,0x10,0x3b,0xaa,0xb8,0x3f,0x5b,0x00,0x8b,0xd5,0x5b,0x01,0x00,0x20,
0x52,0xa9,0xa2,0x7e,0xf2,0xa6,0xa4,0x64,0x54,0x15,0xa6,0x7e,0x55,0x4b,0xa8,0x7e,
0xff,0xac,0xaa,0x10,0x3b,0xaa,0xb8,0x3f,0x56,0x00,0x8b,0xd5,0x33,0x01,0x00,0x20,
0x90,0x5a,0xba,0x32,0xf2,0xa6,0xa6,0x64,0x57,0x15,0xae,0x7e,0x55,0x4b,0xaa,0x7e,
0xff,0xac,0xac,0x10,0x3b,0xaa,0xb8,0x3f,0x5d,0x00,0x8b,0xd5,0x5d,0x01,0x00,0x20,
0x53,0xa9,0xd0,0x7e,0xf2,0xae,0xa6,0x64,0x54,0x15,0xa8,0x7e,0x56,0x4b,0xac,0x7e,
0xff,0xb0,0xae,0x10,0x3b,0xaa,0xb8,0x3f,0x90,0x6a,0xb0,0x32,0x53,0xa9,0xd2,0x7e,
0xf2,0xa8,0xa6,0x64,0x55,0x15,0xa8,0x7e,0x57,0x4b,0xaa,0x7e,0x57,0x00,0x8b,0xd5,
0x58,0x01,0x00,0x20,0x58,0x00,0x8b,0xd5,0x46,0x01,0x00,0x20,0x53,0xa9,0xd4,0x7e,
0x56,0x15,0xa6,0x7e,0xf2,0xa8,0xa8,0x64,0x33,0x03,0x87,0xbf,0xff,0xae,0xc6,0xc8,
0xff,0xb0,0x56,0x56,0x3b,0xaa,0xb8,0x3f,0x58,0x00,0x8b,0xd5,0x37,0x01,0x00,0x20,
0x5c,0x00,0x8b,0xd5,0x2d,0x01,0x00,0x20,0x55,0x15,0xaa,0x7e,0x54,0xa9,0xda,0x7e,
0x90,0x30,0xbe,0x32,0xff,0xb0,0xb0,0x10,0x3b,0xaa,0xb8,0x3f,0x5e,0x00,0x8b,0xd5,
0x26,0x01,0x00,0x20,0xf2,0xaa,0xa8,0x64,0x60,0x00,0x8b,0xd5,0x21,0x01,0x00,0x20,
0x5f,0x00,0x8b,0xd5,0x5f,0x01,0x00,0x20,0x58,0x4b,0xaa,0x7e,0xff,0xb4,0xb0,0x10,
0x3b,0xaa,0xb8,0x3f,0x57,0x4b,0xae,0x7e,0x5a,0x00,0x8b,0xd5,0x20,0x01,0x00,0x20,
0x61,0x00,0x8b,0xd5,0x23,0x01,0x00,0x20,0xff,0xba,0xba,0x10,0x3b,0xaa,0xb8,0x3f,
0x58,0x4b,0xb0,0x7e,0x62,0x00,0x8b,0xd5,0x10,0x01,0x00,0x20,0x90,0x20,0xce,0x32,
0x90,0x36,0xd6,0x32,0x6c,0x00,0x8b,0xd5,0x1b,0x01,0x00,0x20,0x72,0x00,0x8b,0xd5,
0x12,0x01,0x00,0x20,0x57,0x15,0xae,0x7e,0x90,0x10,0xe6,0x32,0x6b,0x00,0x8b,0xd5,
0x6b,0x01,0x00,0x20,0x75,0x00,0x8b,0xd5,0x0a,0x01,0x00,0x20,0x74,0x00,0x8b,0xd5,
0x13,0x01,0x00,0x20,0xf2,0xae,0xae,0x64,0x73,0x00,0x8b,0xd5,0x73,0x01,0x00,0x20,
0x79,0x00,0x8b,0xd5,0x15,0x01,0x00,0x20,0x77,0x00,0x8b,0xd5,0x0c,0x01,0x00,0x20,
0xff,0xe8,0xe8,0x10,0x3b,0xaa,0xb8,0x3f,0x57,0xa9,0xdc,0x7e,0x58,0x15,0xae,0x7e,
0xff,0xb6,0xb0,0x10,0x3b,0xaa,0xb8,0x3f,0x5b,0x00,0x8b,0xd5,0x2b,0x01,0x00,0x20,
0xff,0xb4,0xb4,0x10,0x3b,0xaa,0xb8,0x3f,0x84,0x00,0x8b,0xd5,0x09,0x01,0x00,0x20,
0xf2,0xae,0xae,0x64,0x58,0x4b,0xb0,0x7e,0xff,0xb6,0xb6,0x10,0x3b,0xaa,0xb8,0x3f,
0x5a,0x4b,0xb4,0x7e,0x85,0x00,0x8b,0xd5,0x0b,0x01,0x00,0x20,0x57,0xa9,0xde,0x7e,
0xff,0xee,0xee,0x10,0x3b,0xaa,0xb8,0x3f,0x5b,0x4b,0xb6,0x7e,0xff,0xbe,0xbe,0x10,
0x3b,0xaa,0xb8,0x3f,0x74,0x4b,0xe8,0x7e,0x86,0x00,0x8b,0xd5,0x00,0x01,0x00,0x20,
0x58,0x15,0xae,0x7e,0x5d,0x4b,0xb0,0x7e,0x5d,0x00,0x8b,0xd5,0x24,0x01,0x00,0x20,
0xff,0xb8,0xb8,0x10,0x3b,0xaa,0xb8,0x3f,0x5a,0x15,0xb4,0x7e,0xf2,0xae,0xae,0x64,
0x5b,0x15,0xb6,0x7e,0xff,0xba,0xba,0x10,0x3b,0xaa,0xb8,0x3f,0x5c,0x4b,0xb8,0x7e,
0xf2,0xb4,0xb4,0x64,0x57,0xa9,0xe2,0x7e,0xf2,0xb6,0xb6,0x64,0x5d,0x4b,0xba,0x7e,
0xff,0x08,0xc7,0xc8,0xff,0x0a,0x85,0x84,0x3b,0xaa,0xb8,0x3f,0x5a,0xa9,0xe0,0x7e,
0x5a,0x00,0x8b,0xd5,0x22,0x01,0x00,0x20,0x5b,0xa9,0xae,0x7e,0x5c,0x15,0xb8,0x7e,
0x77,0x4b,0xee,0x7e,0x85,0x4b,0x0a,0x7f,0xff,0xb4,0xb4,0x10,0x3b,0xaa,0xb8,0x3f,
0x5d,0x15,0xba,0x7e,0xf2,0xb8,0xb8,0x64,0x89,0x00,0x8b,0xd5,0x04,0x01,0x00,0x20,
0xff,0x0c,0x0d,0x11,0x3b,0xaa,0xb8,0x3f,0x74,0x15,0xe8,0x7e,0xf2,0xba,0xba,0x64,
0x5c,0xa9,0xb6,0x7e,0xff,0x12,0xc7,0xc8,0xff,0xbc,0x5c,0x89,0x3b,0xaa,0xb8,0x3f,
0x5e,0x00,0x8b,0xd5,0x18,0x01,0x00,0x20,0x03,0x00,0x87,0xbf,0x5d,0xa9,0xec,0x7e,
0x5f,0x4b,0xba,0x7e,0xff,0xc0,0xbe,0x10,0x3b,0xaa,0xb8,0x3f,0x90,0x46,0xc0,0x32,
0x5c,0x4b,0xb8,0x7e,0x84,0x4b,0x08,0x7f,0x86,0x4b,0x0c,0x7f,0x5f,0x4b,0xbe,0x7e,
0x60,0x00,0x8b,0xd5,0x60,0x01,0x00,0x20,0xf2,0xe8,0xe8,0x64,0x77,0x15,0xee,0x7e,
0x5d,0x15,0xba,0x7e,0x90,0x16,0x04,0x33,0x90,0x00,0x06,0x33,0x5c,0x15,0xb8,0x7e,
0x87,0x00,0xd4,0xd5,0x74,0x01,0x00,0x00,0xf2,0xba,0xba,0x64,0x5f,0x15,0xbe,0x7e,
0x82,0x00,0x8b,0xd5,0x82,0x01,0x00,0x20,0xf2,0xb8,0xb8,0x64,0x83,0x00,0x8b,0xd5,
0x83,0x01,0x00,0x20,0x5d,0xa9,0xf6,0x7e,0x5d,0x00,0x8b,0xd5,0x1c,0x01,0x00,0x20,
0xff,0xc0,0xc0,0x10,0x3b,0xaa,0xb8,0x3f,0x5c,0xa9,0xf0,0x7e,0xf2,0xee,0xe8,0x64,
0x77,0x00,0x8a,0xd5,0x84,0x01,0x00,0x00,0xff,0xba,0xba,0x10,0x3b,0xaa,0xb8,0x3f,
0x60,0x4b,0xc0,0x7e,0x84,0x00,0x8a,0xd5,0x86,0x01,0x00,0x00,0x86,0x00,0x8b,0xd5,
0x06,0x01,0x00,0x20,0x8a,0x00,0x8b,0xd5,0x02,0x01,0x00,0x20,0x5d,0x4b,0xba,0x7e,
0x8b,0x00,0x8b,0xd5,0x01,0x01,0x00,0x20,0xff,0x04,0xc7,0xc8,0xff,0x06,0x83,0x82,
0x3b,0xaa,0xb8,0x3f,0xff,0x0c,0x0d,0x11,0x3b,0xaa,0xb8,0x3f,0x4e,0x4b,0x9c,0x7e,
0x03,0x00,0x87,0xbf,0xff,0x16,0x17,0x11,0x3b,0xaa,0xb8,0x3f,0x60,0x15,0xc0,0x7e,
0x56,0x4b,0xac,0x7e,0x5a,0x4b,0xb4,0x7e,0x5d,0x15,0xba,0x7e,0x82,0x4b,0x04,0x7f,
0xf2,0xc0,0xc0,0x64,0x83,0x4b,0x06,0x7f,0x86,0x4b,0x0c,0x7f,0xf2,0xba,0xba,0x64,
0x89,0x4b,0x12,0x7f,0x60,0xa9,0xf8,0x7e,0xff,0xc4,0xc0,0x10,0x3b,0xaa,0xb8,0x3f,
0x62,0x00,0x8b,0xd5,0x67,0x01,0x00,0x20,0x67,0x00,0x8b,0xd5,0x1a,0x01,0x00,0x20,
0xff,0xc2,0xb8,0x10,0x3b,0xaa,0xb8,0x3f,0x61,0x00,0x8b,0xd5,0x19,0x01,0x00,0x20,
0xff,0xbc,0xbc,0x10,0x3b,0xaa,0xb8,0x3f,0xff,0xc4,0xc4,0x10,0x3b,0xaa,0xb8,0x3f,
0x5d,0xa9,0xfa,0x7e,0xff,0xce,0xce,0x10,0x3b,0xaa,0xb8,0x3f,0xff,0xc2,0xc2,0x10,
0x3b,0xaa,0xb8,0x3f,0x5e,0x4b,0xbc,0x7e,0x62,0x4b,0xc4,0x7e,0x5c,0x4b,0xb8,0x7e,
0x67,0x4b,0xce,0x7e,0x8b,0x4b,0x16,0x7f,0x4e,0x15,0x9c,0x7e,0x56,0x15,0xac,0x7e,
0x55,0x15,0xaa,0x7e,0x58,0x15,0xb0,0x7e,0x5a,0x15,0xb4,0x7e,0x5e,0x15,0xbc,0x7e,
0x62,0x15,0xc4,0x7e,0x5c,0x15,0xb8,0x7e,0x67,0x15,0xce,0x7e,0x82,0x00,0x8a,0xd5,
0x82,0x01,0x00,0x00,0xf2,0xbc,0xbc,0x64,0xf2,0xc4,0xc4,0x64,0x83,0x00,0x8a,0xd5,
0x83,0x01,0x00,0x00,0xf2,0xce,0xce,0x64,0x86,0x00,0x8a,0xd5,0x86,0x01,0x00,0x00,
0x5e,0xa9,0xf4,0x7e,0xf2,0xbe,0xbc,0x64,0x61,0x4b,0xbe,0x7e,0x61,0x00,0x8b,0xd5,
0x1e,0x01,0x00,0x20,0x80,0x00,0xd4,0xd5,0x62,0x01,0x00,0x00,0x67,0xa9,0xc4,0x7e,
0x89,0x00,0x8a,0xd5,0x89,0x01,0x00,0x00,0x8b,0x00,0x8a,0xd5,0x8b,0x01,0x00,0x00,
0xff,0xc2,0xc2,0x10,0x3b,0xaa,0xb8,0x3f,0xf2,0x9c,0x9c,0x64,0xf2,0xa6,0xa6,0x64,
0xf2,0xac,0xac,0x64,0x5f,0x15,0xbe,0x7e,0x61,0x4b,0xc2,0x7e,0xf2,0xaa,0xaa,0x64,
0xf2,0xb0,0xb0,0x64,0xf2,0xb4,0xb4,0x64,0xf2,0xb8,0xb8,0x64,0xf2,0xbe,0xbe,0x64,
0xff,0xe4,0xe4,0x10,0x3b,0xaa,0xb8,0x3f,0xf2,0xee,0xee,0x64,0x82,0x00,0x32,0xd5,
0xf2,0x04,0x03,0x00,0x84,0x00,0x32,0xd5,0xf2,0x08,0x03,0x00,0x61,0x15,0xc2,0x7e,
0xff,0xe6,0xe6,0x10,0x3b,0xaa,0xb8,0x3f,0x83,0x00,0x32,0xd5,0xf2,0x06,0x03,0x00,
0x86,0x00,0x32,0xd5,0xf2,0x0c,0x03,0x00,0x89,0x00,0x32,0xd5,0xf2,0x12,0x03,0x00,
0xf2,0xc2,0xc2,0x64,0x73,0x4b,0xe6,0x7e,0x8b,0x00,0x32,0xd5,0xf2,0x16,0x03,0x00,
0x4e,0xa9,0x9c,0x7e,0x4f,0xa9,0x9e,0x7e,0x61,0xa9,0xfc,0x7e,0xff,0xd6,0xc2,0x10,
0x3b,0xaa,0xb8,0x3f,0x60,0x4b,0xc0,0x7e,0x6b,0x00,0x8b,0xd5,0x11,0x01,0x00,0x20,
0xff,0xea,0xea,0x10,0x3b,0xaa,0xb8,0x3f,0x52,0xa9,0xa4,0x7e,0x61,0x4b,0xc2,0x7e,
0x73,0x15,0xe6,0x7e,0x53,0xa9,0xa6,0x7e,0x75,0x4b,0xea,0x7e,0x54,0xa9,0xa8,0x7e,
0x56,0xa9,0xac,0x7e,0x60,0x15,0xc0,0x7e,0xf2,0xe6,0xe6,0x64,0x55,0xa9,0xaa,0x7e,
0x58,0xa9,0xb0,0x7e,0x61,0x15,0xc2,0x7e,0xf2,0xc0,0xba,0x64,0xff,0xd8,0xc0,0x10,
0x3b,0xaa,0xb8,0x3f,0x6c,0x00,0x8b,0xd5,0x14,0x01,0x00,0x20,0x75,0x15,0xea,0x7e,
0xff,0xf2,0xf2,0x10,0x3b,0xaa,0xb8,0x3f,0x5d,0xa9,0xfe,0x7e,0xff,0xd6,0xba,0x10,
0x3b,0xaa,0xb8,0x3f,0xff,0xd8,0xd6,0x10,0x3b,0xaa,0xb8,0x3f,0x6c,0x00,0x8b,0xd5,
0x16,0x01,0x00,0x20,0x79,0x4b,0xf2,0x7e,0xf2,0xea,0xea,0x64,0x60,0x4b,0xc0,0x7e,
0x6b,0x4b,0xd6,0x7e,0xff,0xd8,0xd8,0x10,0x3b,0xaa,0xb8,0x3f,0x5d,0x4b,0xba,0x7e,
0x88,0x00,0xd4,0xd5,0x75,0x01,0x00,0x00,0xf2,0xc2,0xc2,0x64,0x5a,0xa9,0xb4,0x7e,
0x6c,0x4b,0xce,0x7e,0x6c,0x00,0x8b,0xd5,0x08,0x01,0x00,0x20,0x79,0x15,0xf2,0x7e,
0x60,0x15,0xc0,0x7e,0x6b,0x15,0xd6,0x7e,0x5e,0xa9,0xbc,0x7e,0xff,0xd8,0xd8,0x10,
0x3b,0xaa,0xb8,0x3f,0xf2,0xf2,0xea,0x64,0x79,0x00,0x8a,0xd5,0x85,0x01,0x00,0x00,
0xf2,0xd6,0xd6,0x64,0x90,0x02,0x0a,0x33,0x6c,0x4b,0xd8,0x7e,0x5d,0x15,0xba,0x7e,
0x67,0x15,0xce,0x7e,0x81,0x00,0xd4,0xd5,0x6b,0x01,0x00,0x00,0x72,0x4b,0xd6,0x7e,
0x90,0x26,0xe4,0x32,0x85,0x00,0x8b,0xd5,0x85,0x01,0x00,0x20,0xff,0x14,0x15,0x11,
0x3b,0xaa,0xb8,0x3f,0xf2,0xc0,0xc0,0x64,0xf2,0xba,0xba,0x64,0x72,0x00,0x8b,0xd5,
0x72,0x01,0x00,0x20,0xff,0x0a,0x0b,0x11,0x3b,0xaa,0xb8,0x3f,0x8a,0x4b,0x14,0x7f,
0x6c,0x15,0xd8,0x7e,0x6b,0x15,0xd6,0x7e,0xff,0xe4,0xe4,0x10,0x3b,0xaa,0xb8,0x3f,
0x85,0x4b,0x0a,0x7f,0xf2,0xce,0xce,0x64,0xf2,0xd8,0xd8,0x64,0xf2,0xd6,0xd6,0x64,
0x72,0x4b,0xe4,0x7e,0xf2,0xf2,0xf2,0x64,0x8a,0x00,0x8a,0xd5,0x8a,0x01,0x00,0x00,
0x5c,0xa9,0xb8,0x7e,0x5f,0xa9,0xbe,0x7e,0x60,0xa9,0xc0,0x7e,0x85,0x00,0x8a,0xd5,
0x85,0x01,0x00,0x00,0x8a,0x00,0x32,0xd5,0xf2,0x14,0x03,0x00,0x61,0xa9,0xc2,0x7e,
0x5d,0xa9,0xba,0x7e,0x72,0x15,0xe4,0x7e,0x85,0x00,0x32,0xd5,0xf2,0x0a,0x03,0x00,
0x67,0xa9,0xce,0x7e,0x6b,0xa9,0xd6,0x7e,0x77,0xa9,0xee,0x7e,0xf2,0xe4,0xe4,0x64,
0x79,0xa9,0xf2,0x7e,0x82,0x00,0xd4,0xd5,0x82,0x01,0x00,0x00,0x86,0x00,0xd4,0xd5,
0x86,0x01,0x00,0x00,0x89,0x00,0xd4,0xd5,0x89,0x01,0x00,0x00,0x72,0xa9,0xe4,0x7e,
0x8a,0x00,0xd4,0xd5,0x8a,0x01,0x00,0x00,0x8b,0x00,0xd4,0xd5,0x8b,0x01,0x00,0x00,
0x85,0x00,0xd4,0xd5,0x85,0x01,0x00,0x00,0x8c,0x00,0xd4,0xd5,0x74,0x01,0x00,0x00,
0x8d,0x00,0xd4,0xd5,0x75,0x01,0x00,0x00,0x84,0x00,0xd4,0xd5,0x84,0x01,0x00,0x00,
0x83,0x00,0xd4,0xd5,0x83,0x01,0x00,0x00,0x8e,0x00,0xd4,0xd5,0x6c,0x01,0x00,0x00,
0x8f,0x00,0xd4,0xd5,0x73,0x01,0x00,0x00,0x79,0x00,0x11,0xd7,0x77,0xf3,0x02,0x00,
0x77,0x00,0x11,0xd7,0x82,0x0d,0x03,0x00,0x75,0x00,0x11,0xd7,0x89,0x15,0x03,0x00,
0x74,0x00,0x11,0xd7,0x8b,0x0b,0x03,0x00,0x6c,0x00,0x11,0xd7,0x6b,0x0f,0x03,0x00,
0x6b,0x00,0x11,0xd7,0x72,0x11,0x03,0x00,0x72,0x00,0x11,0xd7,0x8c,0x1b,0x03,0x00,
0x73,0x00,0x11,0xd7,0x84,0x07,0x03,0x00,0x60,0x00,0x11,0xd7,0x62,0xc1,0x02,0x00,
0x61,0x00,0x11,0xd7,0x61,0xbb,0x02,0x00,0x62,0x00,0x11,0xd7,0x81,0xcf,0x02,0x00,
0x67,0x00,0x11,0xd7,0x8e,0x1f,0x03,0x00,0x5c,0x00,0x11,0xd7,0x5e,0xb9,0x02,0x00,
0x5d,0x00,0x11,0xd7,0x7c,0xbf,0x02,0x00,0x5e,0x00,0x11,0xd7,0x7d,0xfd,0x02,0x00,
0x5f,0x00,0x11,0xd7,0x7f,0x01,0x03,0x00,0x57,0x00,0x11,0xd7,0x57,0xb7,0x02,0x00,
0x58,0x00,0x11,0xd7,0x58,0xb5,0x02,0x00,0x5a,0x00,0x11,0xd7,0x76,0xf1,0x02,0x00,
0x5b,0x00,0x11,0xd7,0x7a,0xf7,0x02,0x00,0x53,0x00,0x11,0xd7,0x53,0xa9,0x02,0x00,
0x54,0x00,0x11,0xd7,0x56,0xdd,0x02,0x00,0x55,0x00,0x11,0xd7,0x55,0xdf,0x02,0x00,
0x56,0x00,0x11,0xd7,0x70,0xe3,0x02,0x00,0x50,0x00,0x11,0xd7,0x4f,0xa1,0x02,0x00,
0x4f,0x00,0x11,0xd7,0x51,0xa5,0x02,0x00,0x51,0x00,0x11,0xd7,0x68,0xd3,0x02,0x00,
0x52,0x00,0x11,0xd7,0x6a,0xdb,0x02,0x00,0x07,0x00,0x11,0xd7,0x07,0x99,0x02,0x00,
0x4c,0x00,0x11,0xd7,0x4d,0x9d,0x02,0x00,0x4d,0x00,0x11,0xd7,0x63,0xc9,0x02,0x00,
0x4e,0x00,0x11,0xd7,0x65,0xcd,0x02,0x00,0x66,0x09,0xa6,0xbf,0x19,0x83,0x04,0xbf,
0xac,0x00,0xa2,0xbf,0x19,0x83,0x02,0xbf,0xab,0x00,0xa1,0xbf,0x07,0x00,0x11,0xd7,
0x3e,0x75,0x02,0x00,0x90,0x74,0x9e,0x32,0x51,0x00,0x11,0xd7,0x36,0x51,0x02,0x00,
0x4c,0x00,0x11,0xd7,0x41,0x85,0x02,0x00,0x4d,0x00,0x16,0xd6,0x44,0x85,0x42,0x02,
0x4e,0x00,0x48,0xd6,0x43,0x07,0x16,0x04,0x50,0x00,0x0e,0xcc,0x07,0x07,0x16,0x0c,
0x4f,0x00,0x48,0xd6,0x4f,0x07,0x16,0x04,0x52,0x00,0x11,0xd7,0x45,0x77,0x02,0x00,
0x53,0x00,0x16,0xd6,0x3f,0x77,0x42,0x02,0x54,0x00,0x48,0xd6,0x3d,0x07,0x16,0x04,
0x55,0x00,0x0e,0xcc,0x51,0x07,0x16,0x0c,0x90,0x50,0xac,0x32,0x07,0x00,0x0e,0xcc,
0x4c,0x07,0x16,0x0c,0x4c,0x00,0x0e,0xcc,0x4d,0x07,0x16,0x0c,0x4d,0x00,0x11,0xd7,
0x4e,0xa1,0x02,0x00,0x4e,0x00,0x16,0xd6,0x4f,0xa1,0x42,0x02,0x50,0x00,0x0e,0xcc,
0x52,0x07,0x16,0x0c,0x4f,0x00,0x0e,0xcc,0x53,0x07,0x16,0x0c,0x51,0x00,0x11,0xd7,
0x54,0xab,0x02,0x00,0x52,0x00,0x11,0xd7,0x2e,0x41,0x02,0x00,0x53,0x00,0x48,0xd6,
0x56,0x07,0x16,0x04,0x54,0x00,0x11,0xd7,0x33,0x6b,0x02,0x00,0x56,0x00,0x16,0xd6,
0x46,0x6b,0x42,0x02,0x57,0x00,0x48,0xd6,0x37,0x07,0x16,0x04,0x58,0x00,0x0e,0xcc,
0x52,0x07,0x16,0x0c,0x52,0x00,0x16,0xd6,0x53,0xab,0x42,0x02,0x90,0x40,0xb4,0x32,
0x53,0x00,0x0e,0xcc,0x54,0x07,0x16,0x0c,0x54,0x00,0x0e,0xcc,0x56,0x07,0x16,0x0c,
0x56,0x00,0x11,0xd7,0x26,0x31,0x02,0x00,0x55,0x00,0x11,0xd7,0x57,0xb1,0x02,0x00,
0x57,0x00,0x48,0xd6,0x5a,0x07,0x16,0x04,0x5a,0x00,0x11,0xd7,0x2b,0x5b,0x02,0x00,
0x5b,0x00,0x16,0xd6,0x22,0x5b,0x42,0x02,0x5c,0x00,0x48,0xd6,0x24,0x07,0x16,0x04,
0x5d,0x00,0x0e,0xcc,0x56,0x07,0x16,0x0c,0x90,0x30,0xbc,0x32,0x56,0x00,0x16,0xd6,
0x57,0xb1,0x42,0x02,0x57,0x00,0x0e,0xcc,0x5a,0x07,0x16,0x0c,0x58,0x00,0x0e,0xcc,
0x5b,0x07,0x16,0x0c,0x5a,0x00,0x11,0xd7,0x5c,0xbb,0x02,0x00,0x5b,0x00,0x11,0xd7,
0x1e,0x21,0x02,0x00,0x5c,0x00,0x48,0xd6,0x5e,0x07,0x16,0x04,0x5f,0x00,0x16,0xd6,
0x19,0x47,0x42,0x02,0x5e,0x00,0x11,0xd7,0x21,0x47,0x02,0x00,0x60,0x00,0x48,0xd6,
0x1c,0x07,0x16,0x04,0x61,0x00,0x0e,0xcc,0x5b,0x07,0x16,0x0c,0x5b,0x00,0x16,0xd6,
0x5c,0xbb,0x42,0x02,0x90,0x20,0xc4,0x32,0x5d,0x00,0x0e,0xcc,0x5f,0x07,0x16,0x0c,
0x5f,0x00,0x11,0xd7,0x16,0x11,0x02,0x00,0x5c,0x00,0x0e,0xcc,0x5e,0x07,0x16,0x0c,
0x5e,0x00,0x11,0xd7,0x60,0xc3,0x02,0x00,0x60,0x00,0x48,0xd6,0x62,0x07,0x16,0x04,
0x62,0x00,0x11,0xd7,0x1a,0x37,0x02,0x00,0x63,0x00,0x16,0xd6,0x11,0x37,0x42,0x02,
0x64,0x00,0x48,0xd6,0x14,0x07,0x16,0x04,0x65,0x00,0x0e,0xcc,0x5f,0x07,0x16,0x0c,
0x90,0x10,0xcc,0x32,0x5f,0x00,0x16,0xd6,0x60,0xc3,0x42,0x02,0x60,0x00,0x0e,0xcc,
0x62,0x07,0x16,0x0c,0x61,0x00,0x0e,0xcc,0x63,0x07,0x16,0x0c,0x62,0x00,0x11,0xd7,
0x64,0xcb,0x02,0x00,0x63,0x00,0x11,0xd7,0x15,0x01,0x02,0x00,0x64,0x00,0x48,0xd6,
0x66,0x07,0x16,0x04,0x66,0x00,0x11,0xd7,0x12,0x27,0x02,0x00,0x68,0x00,0x16,0xd6,
0x0a,0x27,0x42,0x02,0x69,0x00,0x48,0xd6,0x0c,0x07,0x16,0x04,0x63,0x00,0x0e,0xcc,
0x63,0x07,0x16,0x0c,0x90,0x00,0xd4,0x32,0x67,0x00,0x16,0xd6,0x64,0xcb,0x42,0x02,
0x6c,0x00,0x0e,0xcc,0x66,0x07,0x16,0x0c,0x65,0x00,0x11,0xd7,0x02,0x03,0x02,0x00,
0x90,0x02,0xcc,0x32,0x6b,0x00,0x0e,0xcc,0x68,0x07,0x16,0x0c,0x72,0x00,0x11,0xd7,
0x69,0xc7,0x02,0x00,0x64,0x00,0x48,0xd6,0x6a,0x07,0x16,0x04,0x68,0x00,0x11,0xd7,
0x09,0x17,0x02,0x00,0x69,0x00,0x16,0xd6,0x06,0x17,0x42,0x02,0x6a,0x00,0x48,0xd6,
0x04,0x07,0x16,0x04,0x65,0x00,0x0e,0xcc,0x65,0x07,0x16,0x0c,0x66,0x00,0x48,0xd6,
0x66,0x07,0x16,0x04,0x73,0x00,0x16,0xd6,0x64,0xc7,0x42,0x02,0x79,0x00,0x0e,0xcc,
0x68,0x07,0x16,0x0c,0x77,0x00,0x0e,0xcc,0x69,0x07,0x16,0x0c,0x75,0x00,0x11,0xd7,
0x6a,0xcb,0x02,0x00,0x74,0x00,0x16,0xd6,0x66,0xcb,0x42,0x02,0x02,0x00,0xa5,0xbf,
0xdd,0x02,0xa0,0xbf,0xdd,0x02,0xa0,0xbf,0x41,0x17,0x0e,0x7e,0x90,0x84,0x9a,0x32,
0x42,0x17,0x98,0x7e,0x44,0x17,0x9c,0x7e,0x43,0x17,0xa0,0x7e,0xff,0x0e,0x0e,0x10,
0x3b,0xaa,0xb8,0x3f,0x4d,0x17,0x9e,0x7e,0xff,0x98,0x98,0x10,0x3b,0xaa,0xb8,0x3f,
0x3e,0x17,0xa2,0x7e,0x3a,0x17,0xa4,0x7e,0x07,0x4b,0x0e,0x7e,0xff,0x9e,0xc6,0xc8,
0xff,0x9c,0x4e,0x4f,0x3b,0xaa,0xb8,0x3f,0x4c,0x4b,0x98,0x7e,0xff,0xa0,0xc6,0xc8,
0xff,0xa2,0x50,0x50,0x3b,0xaa,0xb8,0x3f,0x12,0x01,0x87,0xbf,0x4f,0x4b,0x9e,0x7e,
0x4e,0x4b,0x9c,0x7e,0x80,0x82,0x08,0x7c,0x02,0x00,0x87,0xbf,0x50,0x4b,0xa0,0x7e,
0x07,0x15,0x0e,0x7e,0x90,0x74,0xa6,0x32,0x51,0x4b,0xa2,0x7e,0x4c,0x15,0x98,0x7e,
0x3b,0x17,0xaa,0x7e,0x07,0x00,0x48,0xd6,0x07,0x07,0x0e,0x84,0xff,0xa4,0xa4,0x10,
0x3b,0xaa,0xb8,0x3f,0x4f,0x15,0x9e,0x7e,0x4c,0x00,0x48,0xd6,0x4c,0x07,0x0e,0x84,
0x4e,0x15,0x9c,0x7e,0x41,0x0f,0x0e,0x02,0x80,0x84,0x08,0x7c,0x4f,0x00,0x48,0xd6,
0x4f,0x07,0x0e,0x84,0x53,0x17,0xa8,0x7e,0x4e,0x00,0x48,0xd6,0x4e,0x07,0x0e,0x84,
0x51,0x15,0xa2,0x7e,0x42,0x99,0x98,0x02,0x80,0x9a,0x08,0x7c,0x28,0x17,0xac,0x7e,
0x90,0x50,0xae,0x32,0x35,0x17,0xb4,0x7e,0x20,0x17,0xb6,0x7e,0x4d,0x9f,0x9a,0x02,
0x50,0x15,0x9e,0x7e,0x80,0x88,0x08,0x7c,0x52,0x4b,0xa0,0x7e,0xff,0xac,0xac,0x10,
0x3b,0xaa,0xb8,0x3f,0x57,0x17,0xb0,0x7e,0x4f,0x00,0x48,0xd6,0x4f,0x07,0x0e,0x84,
0x44,0x9d,0x9c,0x02,0x80,0x86,0x08,0x7c,0xff,0xa8,0xa4,0x10,0x3b,0xaa,0xb8,0x3f,
0x45,0x17,0xa8,0x7e,0x90,0x40,0xb8,0x32,0x2d,0x17,0xbc,0x7e,0x43,0x9f,0xc6,0x02,
0x52,0x4b,0xa4,0x7e,0x4f,0x00,0x48,0xd6,0x51,0x07,0x0e,0x84,0x50,0x15,0xa0,0x7e,
0x80,0x7c,0x08,0x7c,0x5c,0x17,0xba,0x7e,0x90,0x30,0xc0,0x32,0x18,0x17,0xbe,0x7e,
0x23,0x17,0xc4,0x7e,0x3e,0x9f,0xc8,0x02,0x4f,0x00,0x48,0xd6,0x50,0x07,0x0e,0x84,
0x52,0x15,0xa0,0x7e,0x80,0x74,0x08,0x7c,0x60,0x17,0xc2,0x7e,0x10,0x17,0xce,0x7e,
0x90,0x20,0xd6,0x32,0x90,0x10,0xe6,0x32,0x3a,0x9f,0xca,0x02,0x4f,0x00,0x48,0xd6,
0x50,0x07,0x0e,0x84,0x80,0xa6,0x08,0x7c,0x6b,0x17,0xd8,0x7e,0x73,0x17,0xea,0x7e,
0x1b,0x17,0xe4,0x7e,0x90,0x26,0xee,0x32,0x53,0x9f,0xcc,0x02,0x80,0x8a,0x08,0x7c,
0xff,0xa8,0xa8,0x10,0x3b,0xaa,0xb8,0x3f,0x3d,0x17,0xa6,0x7e,0x77,0x17,0xf2,0x7e,
0x08,0x17,0xe8,0x7e,0x8b,0x00,0x8b,0xd5,0x02,0x01,0x00,0x00,0x54,0x4b,0xa2,0x7e,
0xff,0xaa,0xc6,0xc8,0xff,0xa6,0x52,0x54,0x3b,0xaa,0xb8,0x3f,0x90,0x76,0xaa,0x32,
0x90,0x16,0x0e,0x33,0x89,0x00,0x8b,0xd5,0x06,0x01,0x00,0x00,0xc4,0x03,0x87,0xbf,
0x54,0x4b,0xa4,0x7e,0x53,0x4b,0xa6,0x7e,0x55,0x17,0xa8,0x7e,0x86,0x00,0x8b,0xd5,
0x0b,0x01,0x00,0x00,0x51,0x15,0xa0,0x7e,0x8d,0x00,0x8b,0xd5,0x01,0x01,0x00,0x00,
0x90,0x02,0x18,0x33,0xff,0xa8,0xa2,0x10,0x3b,0xaa,0xb8,0x3f,0x3f,0x17,0xa8,0x7e,
0x4f,0x00,0x48,0xd6,0x50,0x07,0x0e,0x84,0x52,0x15,0xa0,0x7e,0x53,0x15,0xa6,0x7e,
0x51,0x4b,0xa2,0x7e,0xff,0xa8,0xa4,0x10,0x3b,0xaa,0xb8,0x3f,0x36,0x17,0xa8,0x7e,
0x45,0x9f,0x9e,0x02,0x50,0x00,0x48,0xd6,0x50,0x07,0x0e,0x84,0x80,0x76,0x08,0x7c,
0x52,0x4b,0xa4,0x7e,0xff,0xa8,0xa8,0x10,0x3b,0xaa,0xb8,0x3f,0x53,0x00,0x48,0xd6,
0x53,0x07,0x0e,0x84,0xff,0x0c,0xc7,0xc8,0xff,0x1a,0x8d,0x86,0x3b,0xaa,0xb8,0x3f,
0x51,0x15,0xa2,0x7e,0x3b,0xa1,0xa0,0x02,0x54,0x4b,0xa8,0x7e,0x80,0xaa,0x08,0x7c,
0xff,0xb6,0xb6,0x10,0x3b,0xaa,0xb8,0x3f,0x51,0x00,0x48,0xd6,0x51,0x07,0x0e,0x84,
0x52,0x15,0xa4,0x7e,0x86,0x4b,0x0c,0x7f,0x8d,0x4b,0x1a,0x7f,0x8e,0x00,0x8b,0xd5,
0x8c,0x01,0x00,0x00,0x55,0xa3,0xa2,0x02,0x52,0x00,0x48,0xd6,0x52,0x07,0x0e,0x84,
0x56,0x4b,0xaa,0x7e,0xff,0xb0,0xac,0x10,0x3b,0xaa,0xb8,0x3f,0x33,0x17,0xb0,0x7e,
0x80,0x7e,0x08,0x7c,0x54,0x15,0xa8,0x7e,0x86,0x00,0x8a,0xd5,0x86,0x01,0x00,0x00,
0x56,0x4b,0xac,0x7e,0xff,0xb0,0xb0,0x10,0x3b,0xaa,0xb8,0x3f,0x3f,0xa5,0xa4,0x02,
0x80,0x7a,0x08,0x7c,0x86,0x00,0x48,0xd6,0x86,0x07,0x0e,0x84,0x07,0x00,0x11,0xd7,
0x07,0x99,0x02,0x00,0x4c,0x00,0x44,0xd6,0x4e,0x9b,0xfe,0x03,0x00,0x01,0x04,0x05,
0x4d,0x00,0x11,0xd7,0x63,0xc9,0x02,0x00,0x3d,0xa7,0xd0,0x02,0x53,0x00,0x48,0xd6,
0x54,0x07,0x0e,0x84,0x55,0x15,0xa8,0x7e,0x58,0x4b,0xaa,0x7e,0xff,0xb4,0xb0,0x10,
0x3b,0xaa,0xb8,0x3f,0x90,0x6a,0xb4,0x32,0x80,0x6c,0x08,0x7c,0x4e,0x00,0x44,0xd6,
0x66,0xcb,0xfe,0x03,0x00,0x01,0x04,0x05,0xff,0xbe,0xbe,0x10,0x3b,0xaa,0xb8,0x3f,
0xff,0xce,0xce,0x10,0x3b,0xaa,0xb8,0x3f,0xff,0xf2,0xf2,0x10,0x3b,0xaa,0xb8,0x3f,
0x36,0xa7,0xd2,0x02,0x53,0x00,0x48,0xd6,0x54,0x07,0x0e,0x84,0x56,0x15,0xa8,0x7e,
0x58,0x4b,0xac,0x7e,0x5a,0x17,0xb0,0x7e,0x80,0x50,0x08,0x7c,0xff,0x16,0x17,0x11,
0x3b,0xaa,0xb8,0x3f,0x28,0xa7,0xd4,0x02,0x53,0x00,0x48,0xd6,0x54,0x07,0x0e,0x84,
0x55,0x15,0xa8,0x7e,0xff,0xb0,0xaa,0x10,0x3b,0xaa,0xb8,0x3f,0x46,0x17,0xb0,0x7e,
0x80,0xae,0x08,0x7c,0x8b,0x4b,0x16,0x7f,0x03,0x00,0x87,0xbf,0x55,0x4b,0xaa,0x7e,
0x57,0xa7,0xda,0x02,0x53,0x00,0x48,0xd6,0x54,0x07,0x0e,0x84,0x56,0x15,0xa8,0x7e,
0xff,0xb0,0xac,0x10,0x3b,0xaa,0xb8,0x3f,0x37,0x17,0xae,0x7e,0x80,0x66,0x08,0x7c,
0x2e,0x17,0xb0,0x7e,0x54,0x00,0x48,0xd6,0x54,0x07,0x0e,0x84,0x56,0x4b,0xac,0x7e,
0xff,0xae,0xae,0x10,0x3b,0xaa,0xb8,0x3f,0x33,0xa7,0xa6,0x02,0x80,0x6a,0x08,0x7c,
0x55,0x15,0xaa,0x7e,0xff,0xb0,0xb0,0x10,0x3b,0xaa,0xb8,0x3f,0x57,0x4b,0xae,0x7e,
0x50,0x00,0x11,0xd7,0x4f,0xa1,0x02,0x00,0x35,0xa9,0xa8,0x02,0x55,0x00,0x48,0xd6,
0x55,0x07,0x0e,0x84,0x56,0x15,0xac,0x7e,0x58,0x4b,0xb0,0x7e,0x80,0xb4,0x08,0x7c,
0x4f,0x00,0x44,0xd6,0x52,0xa3,0xfe,0x03,0x00,0x01,0x04,0x05,0x13,0x03,0x87,0xbf,
0x56,0x00,0x48,0xd6,0x56,0x07,0x0e,0x84,0x57,0x15,0xae,0x7e,0x5a,0xab,0xaa,0x02,
0x5b,0x4b,0xb4,0x7e,0xff,0xba,0xb6,0x10,0x3b,0xaa,0xb8,0x3f,0x2b,0x17,0xba,0x7e,
0x80,0x8c,0x08,0x7c,0x57,0x00,0x48,0xd6,0x57,0x07,0x0e,0x84,0x58,0x15,0xb0,0x7e,
0x5b,0x4b,0xb6,0x7e,0xff,0xba,0xd2,0xc8,0x46,0xad,0x56,0x5d,0x3b,0xaa,0xb8,0x3f,
0x80,0x6e,0x08,0x7c,0x51,0x00,0x11,0xd7,0x68,0xd3,0x02,0x00,0x37,0xaf,0xdc,0x02,
0x57,0x00,0x48,0xd6,0x58,0x07,0x0e,0x84,0x5a,0x15,0xb0,0x7e,0x5d,0x4b,0xb4,0x7e,
0xff,0xbc,0xba,0x10,0x3b,0xaa,0xb8,0x3f,0x90,0x5a,0xbc,0x32,0x80,0x5c,0x08,0x7c,
0x52,0x00,0x44,0xd6,0x6d,0xd5,0xfe,0x03,0x00,0x01,0x04,0x05,0x2e,0xaf,0xde,0x02,
0x57,0x00,0x48,0xd6,0x58,0x07,0x0e,0x84,0x5b,0x15,0xb0,0x7e,0x5d,0x4b,0xb6,0x7e,
0x5e,0x17,0xba,0x7e,0x80,0x40,0x08,0x7c,0x20,0xaf,0xe0,0x02,0x57,0x00,0x48,0xd6,
0x58,0x07,0x0e,0x84,0x5a,0x15,0xb0,0x7e,0xff,0xba,0xb4,0x10,0x3b,0xaa,0xb8,0x3f,
0x22,0x17,0xba,0x7e,0x80,0xb8,0x08,0x7c,0x03,0x00,0x87,0xbf,0x5a,0x4b,0xb4,0x7e,
0x5c,0xaf,0xe2,0x02,0x57,0x00,0x48,0xd6,0x58,0x07,0x0e,0x84,0x5b,0x15,0xb0,0x7e,
0xff,0xba,0xb6,0x10,0x3b,0xaa,0xb8,0x3f,0x80,0x56,0x08,0x7c,0x24,0x17,0xb8,0x7e,
0x26,0x17,0xba,0x7e,0x58,0x00,0x48,0xd6,0x58,0x07,0x0e,0x84,0x5b,0x4b,0xb6,0x7e,
0x2b,0xaf,0xae,0x02,0x80,0x5a,0x08,0x7c,0x5a,0x15,0xb4,0x7e,0xff,0xba,0xba,0x10,
0x3b,0xaa,0xb8,0x3f,0x53,0x00,0x11,0xd7,0x53,0xa9,0x02,0x00,0x54,0x00,0x44,0xd6,
0x56,0xab,0xfe,0x03,0x00,0x01,0x04,0x05,0x2d,0xb1,0xb0,0x02,0x5a,0x00,0x48,0xd6,
0x5a,0x07,0x0e,0x84,0x80,0xbc,0x08,0x7c,0x5b,0x15,0xb6,0x7e,0x5d,0x4b,0xba,0x7e,
0x55,0x00,0x11,0xd7,0x6e,0xdf,0x02,0x00,0x5e,0xb5,0xb4,0x02,0x03,0x00,0x87,0xbf,
0x5b,0x00,0x48,0xd6,0x5b,0x07,0x0e,0x84,0x80,0x44,0x08,0x7c,0xff,0xb8,0xb8,0x10,
0x3b,0xaa,0xb8,0x3f,0x5f,0x4b,0xbc,0x7e,0xff,0xc2,0xbe,0x10,0x3b,0xaa,0xb8,0x3f,
0x21,0x17,0xc2,0x7e,0x22,0xb7,0xb6,0x02,0x5c,0x4b,0xb8,0x7e,0x5d,0x15,0xba,0x7e,
0x5f,0x4b,0xbe,0x7e,0xff,0xc2,0xc2,0x10,0x3b,0xaa,0xb8,0x3f,0x80,0x48,0x08,0x7c,
0x57,0x00,0x11,0xd7,0x57,0xb1,0x02,0x00,0x56,0x00,0x44,0xd6,0x71,0xe1,0xfe,0x03,
0x00,0x01,0x04,0x05,0x96,0x00,0x87,0xbf,0x5c,0x15,0xb8,0x7e,0x5c,0x00,0x48,0xd6,
0x5c,0x07,0x0e,0x84,0x01,0x00,0x87,0xbf,0x24,0xb9,0xec,0x02,0x5c,0x00,0x48,0xd6,
0x5d,0x07,0x0e,0x84,0x5e,0x15,0xba,0x7e,0x61,0x4b,0xbc,0x7e,0xff,0xc4,0xc2,0x10,
0x3b,0xaa,0xb8,0x3f,0x90,0x46,0xc4,0x32,0x80,0x4c,0x08,0x7c,0x26,0xb9,0xf0,0x02,
0x5c,0x00,0x48,0xd6,0x5d,0x07,0x0e,0x84,0x5f,0x15,0xba,0x7e,0x61,0x4b,0xbe,0x7e,
0x62,0x17,0xc2,0x7e,0x80,0x30,0x08,0x7c,0x18,0xb9,0xf4,0x02,0x5c,0x00,0x48,0xd6,
0x5d,0x07,0x0e,0x84,0x5e,0x15,0xba,0x7e,0xff,0xc2,0xbc,0x10,0x3b,0xaa,0xb8,0x3f,
0x19,0x17,0xc2,0x7e,0x80,0xc0,0x08,0x7c,0x03,0x00,0x87,0xbf,0x5e,0x4b,0xbc,0x7e,
0x60,0xb9,0xf6,0x02,0x5c,0x00,0x48,0xd6,0x5d,0x07,0x0e,0x84,0x5f,0x15,0xba,0x7e,
0xff,0xc2,0xbe,0x10,0x3b,0xaa,0xb8,0x3f,0x80,0x42,0x08,0x7c,0x1e,0x17,0xc2,0x7e,
0x1c,0x17,0xc0,0x7e,0x5d,0x00,0x48,0xd6,0x5d,0x07,0x0e,0x84,0x5f,0x4b,0xbe,0x7e,
0x03,0x00,0x87,0xbf,0x21,0xb9,0x46,0xca,0xff,0xc2,0x60,0x5c,0x3b,0xaa,0xb8,0x3f,
0x80,0x46,0x08,0x7c,0x5e,0x15,0xbc,0x7e,0x58,0x00,0x44,0xd6,0x5b,0xb5,0xfe,0x03,
0x00,0x01,0x04,0x05,0x5a,0x00,0x11,0xd7,0x76,0xf1,0x02,0x00,0x61,0x4b,0xc2,0x7e,
0x23,0xbb,0xba,0x02,0x5e,0x00,0x48,0xd6,0x5e,0x07,0x0e,0x84,0x46,0x02,0x87,0xbf,
0x5f,0x15,0xbe,0x7e,0x80,0xc4,0x08,0x7c,0x5b,0x00,0x44,0xd6,0x7b,0xf5,0xfe,0x03,
0x00,0x01,0x04,0x05,0x5c,0x00,0x11,0xd7,0x5c,0xbb,0x02,0x00,0x5f,0x00,0x48,0xd6,
0x5f,0x07,0x0e,0x84,0x62,0xbd,0xbc,0x02,0x80,0x32,0x08,0x7c,0xff,0xc0,0xc0,0x10,
0x3b,0xaa,0xb8,0x3f,0x67,0x4b,0xc4,0x7e,0xff,0xd8,0xce,0x10,0x3b,0xaa,0xb8,0x3f,
0x61,0x15,0xc2,0x7e,0x19,0xbf,0xbe,0x02,0x60,0x4b,0xc0,0x7e,0x80,0x38,0x08,0x7c,
0x67,0x4b,0xce,0x7e,0x1a,0x17,0xd8,0x7e,0x5d,0x00,0x44,0xd6,0x5f,0xbd,0xfe,0x03,
0x00,0x01,0x04,0x05,0xff,0x0f,0x88,0xbf,0x60,0x15,0xc0,0x7e,0x91,0x00,0x87,0xbf,
0x60,0x00,0x48,0xd6,0x60,0x07,0x0e,0x84,0x1c,0xc1,0xf8,0x02,0x60,0x00,0x48,0xd6,
0x61,0x07,0x0e,0x84,0x62,0x15,0xc2,0x7e,0x80,0x3c,0x08,0x7c,0x93,0x01,0x87,0xbf,
0x1e,0xc1,0xfa,0x02,0x60,0x00,0x48,0xd6,0x61,0x07,0x0e,0x84,0x67,0x15,0xc2,0x7e,
0x80,0x20,0x08,0x7c,0x93,0x01,0x87,0xbf,0x10,0xc1,0xfc,0x02,0x60,0x00,0x48,0xd6,
0x61,0x07,0x0e,0x84,0x80,0xd6,0x08,0x7c,0xc2,0x01,0x87,0xbf,0x6b,0xc1,0xfe,0x02,
0x14,0x17,0xd6,0x7e,0xff,0xd8,0xd8,0x10,0x3b,0xaa,0xb8,0x3f,0x80,0x34,0x08,0x7c,
0xff,0xd6,0xd6,0x10,0x3b,0xaa,0xb8,0x3f,0xb3,0x01,0x87,0xbf,0x6c,0x4b,0xc4,0x7e,
0xff,0xe4,0xd8,0x10,0x3b,0xaa,0xb8,0x3f,0x90,0x36,0xe4,0x32,0x6b,0x4b,0xd6,0x7e,
0x92,0x00,0x87,0xbf,0x6c,0x4b,0xce,0x7e,0x72,0x17,0xd8,0x7e,0x17,0x01,0x87,0xbf,
0x62,0x15,0xc2,0x7e,0xff,0xd8,0xc4,0x10,0x3b,0xaa,0xb8,0x3f,0x11,0x17,0xd8,0x7e,
0xff,0x0f,0x88,0xbf,0x6b,0x15,0xd6,0x7e,0x60,0x00,0x48,0xd6,0x61,0x07,0x0e,0x84,
0x62,0x4b,0xc2,0x7e,0x67,0x15,0xc4,0x7e,0x03,0x00,0x87,0xbf,0x6b,0x00,0x48,0xd6,
0x6b,0x07,0x0e,0x84,0xff,0xd8,0xce,0x10,0x3b,0xaa,0xb8,0x3f,0x1a,0xc1,0xc0,0x02,
0x80,0x36,0x08,0x7c,0x62,0x00,0x48,0xd6,0x62,0x07,0x0e,0x84,0x16,0x17,0xd8,0x7e,
0x67,0x4b,0xce,0x7e,0x96,0x01,0x87,0xbf,0x61,0x15,0xc2,0x7e,0x1b,0xc5,0xc4,0x02,
0x80,0xe4,0x08,0x7c,0x03,0x00,0x87,0xbf,0x61,0x00,0x48,0xd6,0x61,0x07,0x0e,0x84,
0xff,0x0f,0x88,0xbf,0x67,0x15,0xce,0x7e,0x72,0xc3,0xc2,0x02,0x80,0x22,0x08,0x7c,
0xff,0xe8,0xe4,0x10,0x3b,0xaa,0xb8,0x3f,0x04,0x00,0x87,0xbf,0x67,0x00,0x48,0xd6,
0x67,0x07,0x0e,0x84,0xff,0xea,0xe8,0x10,0x3b,0xaa,0xb8,0x3f,0x12,0x17,0xea,0x7e,
0x5e,0x00,0x11,0xd7,0x7c,0xfb,0x02,0x00,0x72,0x4b,0xe4,0x7e,0x11,0xcf,0xce,0x02,
0x80,0x28,0x08,0x7c,0x74,0x4b,0xe8,0x7e,0x42,0x03,0x87,0xbf,0x61,0x00,0x44,0xd6,
0x67,0xc3,0xfe,0x03,0x00,0x01,0x04,0x05,0x14,0xd7,0x00,0x03,0x80,0x2c,0x08,0x7c,
0xff,0xd8,0xd8,0x10,0x3b,0xaa,0xb8,0x3f,0x72,0x15,0xe4,0x7e,0xff,0x0f,0x88,0xbf,
0x74,0x15,0xe8,0x7e,0x6c,0x4b,0xd8,0x7e,0xff,0x0f,0x88,0xbf,0x6c,0x15,0xd8,0x7e,
0xb1,0x01,0x87,0xbf,0x6b,0x00,0x48,0xd6,0x6c,0x07,0x0e,0x84,0xff,0xea,0xd8,0x10,
0x3b,0xaa,0xb8,0x3f,0x13,0x17,0xea,0x7e,0x16,0xd7,0x02,0x03,0x13,0x01,0x87,0xbf,
0x6c,0x4b,0xd8,0x7e,0xff,0xea,0xea,0x10,0x3b,0xaa,0xb8,0x3f,0x6b,0x00,0x48,0xd6,
0x72,0x07,0x0e,0x84,0x72,0x00,0x48,0xd6,0x74,0x07,0x0e,0x84,0x80,0x10,0x08,0x7c,
0x5f,0x00,0x44,0xd6,0x7f,0xfd,0xfe,0x03,0x00,0x01,0x04,0x05,0x75,0x4b,0xe8,0x7e,
0x79,0x4b,0xea,0x7e,0x0a,0x17,0xf2,0x7e,0x08,0xd7,0x04,0x03,0x6c,0x15,0xd6,0x7e,
0x80,0xe6,0x08,0x7c,0x94,0x01,0x87,0xbf,0xff,0xf2,0xd8,0x10,0x3b,0xaa,0xb8,0x3f,
0x6b,0x00,0x48,0xd6,0x6b,0x07,0x0e,0x84,0x73,0xe5,0x06,0x03,0x16,0x02,0x87,0xbf,
0x74,0x15,0xe6,0x7e,0x6c,0x4b,0xd8,0x7e,0x80,0x24,0x08,0x7c,0x75,0x15,0xe8,0x7e,
0x0c,0x17,0xe4,0x7e,0x73,0x00,0x48,0xd6,0x73,0x07,0x0e,0x84,0x15,0x17,0xea,0x7e,
0x12,0xd7,0xd6,0x02,0x80,0x26,0x08,0x7c,0x74,0x00,0x48,0xd6,0x74,0x07,0x0e,0x84,
0x60,0x00,0x11,0xd7,0x60,0xc5,0x02,0x00,0x6c,0x15,0xd8,0x7e,0xff,0xea,0xea,0x10,
0x3b,0xaa,0xb8,0x3f,0x13,0xe7,0xe6,0x02,0x80,0xee,0x08,0x7c,0x62,0x00,0x11,0xd7,
0x80,0x03,0x03,0x00,0x6c,0x00,0x48,0xd6,0x6c,0x07,0x0e,0x84,0x75,0x4b,0xea,0x7e,
0x67,0x00,0x44,0xd6,0x83,0x05,0xff,0x03,0x00,0x01,0x04,0x05,0x77,0xe9,0x08,0x03,
0x80,0x14,0x08,0x7c,0xff,0xe4,0xe4,0x10,0x3b,0xaa,0xb8,0x3f,0x00,0x17,0xe8,0x7e,
0x90,0x00,0xee,0x32,0x0a,0xd9,0x0a,0x03,0x14,0x03,0x87,0xbf,0x72,0x4b,0xe4,0x7e,
0x75,0x15,0xea,0x7e,0x80,0x18,0x08,0x7c,0x09,0x17,0xd8,0x7e,0x77,0x17,0xf2,0x7e,
0x14,0x01,0x87,0xbf,0x75,0x00,0x48,0xd6,0x75,0x07,0x0e,0x84,0xff,0xd8,0xc6,0xc8,
0xff,0xf2,0x78,0x6c,0x3b,0xaa,0xb8,0x3f,0x15,0x01,0x87,0xbf,0x72,0x15,0xe4,0x7e,
0x79,0x4b,0xf2,0x7e,0x91,0x00,0x87,0xbf,0x72,0x00,0x48,0xd6,0x72,0x07,0x0e,0x84,
0x0c,0xe5,0xe4,0x02,0x80,0x2a,0x08,0x7c,0xff,0x0f,0x88,0xbf,0x79,0x15,0xf2,0x7e,
0x15,0xeb,0x10,0x03,0x75,0x00,0x8b,0xd5,0x87,0x01,0x00,0x00,0xff,0xe8,0xe8,0x10,
0x3b,0xaa,0xb8,0x3f,0x80,0x00,0x08,0x7c,0x79,0x00,0x48,0xd6,0x79,0x07,0x0e,0x84,
0x14,0x02,0x87,0xbf,0xff,0xea,0xea,0x10,0x3b,0xaa,0xb8,0x3f,0x74,0x4b,0xe8,0x7e,
0xff,0x0f,0x88,0xbf,0x74,0x15,0xe8,0x7e,0x91,0x00,0x87,0xbf,0x74,0x00,0x48,0xd6,
0x74,0x07,0x0e,0x84,0x00,0xe9,0x14,0x03,0x75,0x4b,0xe8,0x7e,0xff,0x12,0xeb,0x10,
0x3b,0xaa,0xb8,0x3f,0x89,0x00,0x8b,0xd5,0x04,0x01,0x00,0x00,0x6c,0x4b,0xd8,0x7e,
0x80,0x12,0x08,0x7c,0x13,0x01,0x87,0xbf,0x75,0x4b,0xea,0x7e,0xff,0x12,0x13,0x11,
0x3b,0xaa,0xb8,0x3f,0x17,0x01,0x87,0xbf,0x74,0x15,0xe8,0x7e,0x89,0x4b,0x12,0x7f,
0x17,0x01,0x87,0xbf,0x6c,0x15,0xd8,0x7e,0x74,0x00,0x48,0xd6,0x74,0x07,0x0e,0x84,
0xff,0x0f,0x88,0xbf,0x75,0x15,0xea,0x7e,0x6c,0x00,0x48,0xd6,0x6c,0x07,0x0e,0x84,
0xa2,0x00,0x87,0xbf,0x75,0x00,0x48,0xd6,0x75,0x07,0x0e,0x84,0x89,0x00,0x8a,0xd5,
0x89,0x01,0x00,0x00,0x89,0x00,0x48,0xd6,0x89,0x07,0x0e,0x84,0x04,0x00,0x87,0xbf,
0x09,0xd9,0xd8,0x02,0x80,0x16,0x08,0x7c,0x0b,0x0d,0x0d,0x03,0x6a,0x00,0x04,0xd4,
0x80,0x0e,0x03,0x00,0x87,0xe9,0xe8,0x02,0x80,0x0c,0x08,0x7c,0x87,0x00,0x8a,0xd5,
0x8b,0x01,0x00,0x00,0x8b,0x00,0x8a,0xd5,0x8d,0x01,0x00,0x00,0x06,0xeb,0xea,0x02,
0x80,0x08,0x08,0x7c,0x14,0x02,0x87,0xbf,0x87,0x00,0x48,0xd6,0x87,0x07,0x0e,0x84,
0x8b,0x00,0x48,0xd6,0x8b,0x07,0x0e,0x84,0x04,0x13,0x13,0x03,0x80,0x04,0x08,0x7c,
0xd4,0x01,0x87,0xbf,0x02,0x0f,0x0f,0x03,0x80,0x02,0x08,0x7c,0xff,0x1c,0x1d,0x11,
0x3b,0xaa,0xb8,0x3f,0x72,0x00,0x11,0xd7,0x72,0x11,0x03,0x00,0x01,0x17,0x17,0x03,
0x8e,0x4b,0x1c,0x7f,0x6a,0x00,0x04,0xd4,0x80,0x18,0x03,0x00,0xff,0x0f,0x88,0xbf,
0x8d,0x00,0x8a,0xd5,0x8e,0x01,0x00,0x00,0x91,0x00,0x87,0xbf,0x8d,0x00,0x48,0xd6,
0x8d,0x07,0x0e,0x84,0x8c,0x1b,0x19,0x03,0x80,0xee,0x08,0x7c,0x77,0xf3,0x1a,0x03,
0x79,0x00,0x11,0xd7,0x6c,0x0d,0x03,0x00,0x77,0x00,0x44,0xd6,0x75,0xe9,0xfe,0x03,
0x00,0x01,0x04,0x05,0x75,0x00,0x11,0xd7,0x89,0x0f,0x03,0x00,0x74,0x00,0x44,0xd6,
0x8c,0x17,0xff,0x03,0x00,0x01,0x04,0x05,0x6c,0x00,0x11,0xd7,0x6b,0xe7,0x02,0x00,
0x6b,0x00,0x44,0xd6,0x85,0x09,0xff,0x03,0x00,0x01,0x04,0x05,0x73,0x00,0x44,0xd6,
0x8d,0x15,0xff,0x03,0x00,0x01,0x04,0x05,0xda,0x05,0xa6,0xbf,0x19,0x81,0x02,0xbf,
0xa9,0x03,0xa1,0xbf,0x90,0x84,0x0e,0x32,0x41,0x17,0x98,0x7e,0x80,0x82,0x08,0x7c,
0x42,0x17,0x9a,0x7e,0x44,0x17,0xa0,0x7e,0x07,0x17,0x9c,0x7e,0xff,0x98,0xd2,0xc8,
0x41,0x0b,0x4e,0x4c,0x3b,0xaa,0xb8,0x3f,0x24,0x02,0x87,0xbf,0xff,0x9a,0x9a,0x10,
0x3b,0xaa,0xb8,0x3f,0x43,0x17,0xa2,0x7e,0xff,0x9c,0x9c,0x10,0x3b,0xaa,0xb8,0x3f,
0x04,0x00,0x87,0xbf,0x4c,0x4b,0x98,0x7e,0xff,0xa0,0xa0,0x10,0x3b,0xaa,0xb8,0x3f,
0x4d,0x4b,0x9a,0x7e,0xff,0xa2,0xa2,0x10,0x3b,0xaa,0xb8,0x3f,0x4e,0x4b,0x9c,0x7e,
0x01,0x00,0x04,0xd4,0x80,0x0e,0x02,0x00,0x3e,0x17,0xa4,0x7e,0x50,0x4b,0xa0,0x7e,
0x51,0x4b,0xa2,0x7e,0x00,0x00,0x04,0xd4,0x80,0x84,0x02,0x00,0x4c,0x15,0x98,0x7e,
0x54,0x00,0x01,0xd5,0x07,0x0b,0x06,0x00,0x4d,0x15,0x9a,0x7e,0x45,0x17,0xae,0x7e,
0x4e,0x15,0x9c,0x7e,0x07,0x00,0x48,0xd6,0x4c,0x07,0x0e,0x84,0xff,0xa4,0xa4,0x10,
0x3b,0xaa,0xb8,0x3f,0x4c,0x00,0x48,0xd6,0x4d,0x07,0x0e,0x84,0x53,0x00,0x01,0xd5,
0x42,0x0b,0x02,0x00,0x4d,0x00,0x48,0xd6,0x4e,0x07,0x0e,0x84,0x05,0x0f,0x0e,0x02,
0x50,0x15,0x9c,0x7e,0x51,0x15,0xa0,0x7e,0x90,0x74,0xa2,0x32,0x4d,0x00,0x01,0xd5,
0x05,0x9b,0x06,0x00,0x07,0x9f,0x0e,0x6a,0x3a,0x17,0x9e,0x7e,0x52,0x4b,0xa4,0x7e,
0x4c,0x00,0x01,0xd5,0x05,0x99,0x02,0x00,0x4d,0xa9,0x9a,0x6a,0x51,0x17,0xa8,0x7e,
0xff,0x9e,0x9e,0x10,0x3b,0xaa,0xb8,0x3f,0x4e,0x00,0x48,0xd6,0x4e,0x07,0x0e,0x84,
0x80,0x88,0x08,0x7c,0x50,0x00,0x48,0xd6,0x50,0x07,0x0e,0x84,0xff,0xa8,0xa8,0x10,
0x3b,0xaa,0xb8,0x3f,0x4f,0x4b,0x9e,0x7e,0x52,0x15,0xa4,0x7e,0x00,0x00,0x04,0xd4,
0x80,0x86,0x02,0x00,0x4c,0xa7,0x98,0x6a,0x44,0x0b,0x52,0xca,0x05,0x9d,0x4e,0x53,
0x80,0x7c,0x08,0x7c,0x52,0x00,0x48,0xd6,0x52,0x07,0x0e,0x84,0x55,0x00,0x01,0xd5,
0x43,0x0b,0x02,0x00,0x50,0x00,0x01,0xd5,0x05,0xa1,0x02,0x00,0x05,0x00,0x87,0xbf,
0x4f,0x15,0x9e,0x7e,0x54,0x4b,0xa8,0x7e,0x05,0xa5,0xa4,0x02,0x4e,0xa7,0x9c,0x6a,
0x50,0xab,0xc6,0x6a,0x4f,0x00,0x48,0xd6,0x4f,0x07,0x0e,0x84,0x3e,0x0b,0xac,0x02,
0x80,0x74,0x08,0x7c,0x90,0x76,0xaa,0x32,0x00,0x00,0x04,0xd4,0x80,0x6c,0x02,0x00,
0x2b,0x17,0xc0,0x7e,0x54,0x15,0xa6,0x7e,0x05,0x9f,0x9e,0x02,0x52,0xad,0xc8,0x6a,
0x55,0x17,0xac,0x7e,0xff,0xae,0xa0,0x10,0x3b,0xaa,0xb8,0x3f,0x3b,0x17,0xa4,0x7e,
0x3a,0x0b,0xa8,0x02,0x53,0x00,0x48,0xd6,0x53,0x07,0x0e,0x84,0x80,0xa2,0x08,0x7c,
0x50,0x4b,0xa0,0x7e,0xff,0xa4,0xa4,0x10,0x3b,0xaa,0xb8,0x3f,0x4f,0xa9,0xca,0x6a,
0x3f,0x17,0xa8,0x7e,0x5b,0x00,0x01,0xd5,0x36,0x0b,0x02,0x00,0x33,0x17,0xb8,0x7e,
0x21,0x17,0xd6,0x7e,0x1a,0x17,0xe8,0x7e,0x90,0x26,0x02,0x33,0x90,0x16,0x12,0x33,
0x50,0x15,0x9e,0x7e,0x51,0x0b,0xa0,0x02,0x05,0xa7,0xa2,0x02,0x52,0x4b,0xa4,0x7e,
0xff,0xac,0xa6,0x10,0x3b,0xaa,0xb8,0x3f,0x4f,0x00,0x48,0xd6,0x4f,0x07,0x0e,0x84,
0x80,0x8a,0x08,0x7c,0x51,0xa1,0xcc,0x6a,0x36,0x17,0xac,0x7e,0x53,0x4b,0xa6,0x7e,
0x82,0x00,0x8b,0xd5,0x81,0x01,0x00,0x00,0x45,0x0b,0xa0,0x02,0x05,0x9f,0x9e,0x02,
0x52,0x15,0xa4,0x7e,0x80,0x76,0x08,0x7c,0x8d,0x00,0x8b,0xd5,0x01,0x01,0x00,0x00,
0x8a,0x00,0x8b,0xd5,0x89,0x01,0x00,0x00,0x4f,0xa1,0x9e,0x6a,0x51,0x00,0x48,0xd6,
0x52,0x07,0x0e,0x84,0xff,0xa8,0xa8,0x10,0x3b,0xaa,0xb8,0x3f,0x53,0x15,0xa0,0x7e,
0x3b,0x0b,0xa6,0x02,0x8c,0x00,0x8b,0xd5,0x04,0x01,0x00,0x00,0x05,0xa3,0xa2,0x02,
0x54,0x4b,0xa4,0x7e,0x3d,0x17,0xa8,0x7e,0x57,0x00,0x48,0xd6,0x50,0x07,0x0e,0x84,
0x80,0xaa,0x08,0x7c,0xff,0xac,0xac,0x10,0x3b,0xaa,0xb8,0x3f,0x51,0xa7,0xa0,0x6a,
0xff,0xa8,0xa8,0x10,0x3b,0xaa,0xb8,0x3f,0x07,0x00,0x11,0xd7,0x07,0x99,0x02,0x00,
0x55,0x0b,0xa2,0x02,0x05,0xaf,0xa6,0x02,0x56,0x4b,0xaa,0x7e,0x54,0x4b,0xa8,0x7e,
0x28,0x17,0xac,0x7e,0x52,0x15,0xa4,0x7e,0x80,0x7e,0x08,0x7c,0x53,0xa3,0xa2,0x6a,
0x90,0x50,0xae,0x32,0x50,0x00,0x11,0xd7,0x4f,0xa1,0x02,0x00,0x52,0x00,0x48,0xd6,
0x52,0x07,0x0e,0x84,0x4c,0x00,0x11,0xd7,0x4d,0x9d,0x02,0x00,0x55,0x15,0xaa,0x7e,
0x54,0x15,0xa6,0x7e,0x57,0x17,0xb0,0x7e,0x05,0xa5,0xa4,0x02,0x4d,0x00,0x11,0xd7,
0x63,0xc9,0x02,0x00,0x55,0x00,0x48,0xd6,0x55,0x07,0x0e,0x84,0x53,0x00,0x48,0xd6,
0x53,0x07,0x0e,0x84,0x3f,0x0b,0xa8,0x02,0x80,0x7a,0x08,0x7c,0x4e,0x00,0x11,0xd7,
0x65,0xcd,0x02,0x00,0x55,0x00,0x01,0xd5,0x05,0xab,0x02,0x00,0xff,0x1a,0x1b,0x11,
0x3b,0xaa,0xb8,0x3f,0x05,0xa7,0xa6,0x02,0x3d,0x0b,0xb4,0x02,0x54,0x02,0x87,0xbf,
0x55,0xb7,0xd2,0x6a,0x35,0x17,0xaa,0x7e,0xff,0xac,0xac,0x10,0x3b,0xaa,0xb8,0x3f,
0x80,0x50,0x08,0x7c,0x53,0xb5,0xd0,0x6a,0xff,0xaa,0xaa,0x10,0x3b,0xaa,0xb8,0x3f,
0x94,0x00,0x87,0xbf,0x56,0x4b,0xac,0x7e,0x55,0x4b,0xaa,0x7e,0xff,0x0f,0x88,0xbf,
0x56,0x15,0xac,0x7e,0x55,0x15,0xaa,0x7e,0x32,0x02,0x87,0xbf,0x53,0x00,0x48,0xd6,
0x56,0x07,0x0e,0x84,0xff,0xb0,0xb0,0x10,0x3b,0xaa,0xb8,0x3f,0x90,0x6a,0xac,0x32,
0x55,0x00,0x48,0xd6,0x55,0x07,0x0e,0x84,0x14,0x02,0x87,0xbf,0x05,0xa7,0xa6,0x02,
0x58,0x4b,0xb0,0x7e,0x23,0x01,0x87,0xbf,0x56,0x17,0xb6,0x7e,0x00,0x00,0x04,0xd4,
0x80,0xac,0x02,0x00,0xff,0xb6,0xb6,0x10,0x3b,0xaa,0xb8,0x3f,0xb2,0x00,0x87,0xbf,
0x56,0x00,0x01,0xd5,0x56,0x0b,0x02,0x00,0xff,0x0f,0x88,0xbf,0x58,0x15,0xb0,0x7e,
0x58,0x00,0x48,0xd6,0x58,0x07,0x0e,0x84,0x28,0x0b,0xb4,0x02,0x80,0xae,0x08,0x7c,
0x02,0x00,0x87,0xbf,0x53,0xb5,0xd4,0x6a,0x57,0x0b,0xa6,0x02,0x05,0xb1,0xae,0x02,
0x52,0xa9,0xa4,0x6a,0x80,0x66,0x08,0x7c,0xff,0xb8,0xa8,0x10,0x3b,0xaa,0xb8,0x3f,
0x5b,0x4b,0xb0,0x7e,0x57,0xa7,0xda,0x6a,0x46,0x17,0xb4,0x7e,0x33,0x0b,0xa6,0x02,
0x54,0x4b,0xa8,0x7e,0x2e,0x17,0xb8,0x7e,0x4f,0x00,0x11,0xd7,0x51,0xa5,0x02,0x00,
0xff,0xb4,0xae,0x10,0x3b,0xaa,0xb8,0x3f,0x37,0x17,0xb4,0x7e,0x51,0x00,0x11,0xd7,
0x68,0xd3,0x02,0x00,0x58,0x15,0xb0,0x7e,0xff,0xb8,0xb8,0x10,0x3b,0xaa,0xb8,0x3f,
0x57,0x4b,0xae,0x7e,0xff,0xb4,0xb4,0x10,0x3b,0xaa,0xb8,0x3f,0x54,0x15,0xa8,0x7e,
0x58,0x00,0x48,0xd6,0x58,0x07,0x0e,0x84,0x52,0x00,0x11,0xd7,0x6a,0xdb,0x02,0x00,
0x94,0x01,0x87,0xbf,0x5a,0x4b,0xb4,0x7e,0x54,0x00,0x48,0xd6,0x54,0x07,0x0e,0x84,
0x23,0x03,0x87,0xbf,0x58,0x00,0x01,0xd5,0x05,0xb1,0x02,0x00,0x00,0x00,0x04,0xd4,
0x80,0x6e,0x02,0x00,0x57,0x15,0xae,0x7e,0x24,0x02,0x87,0xbf,0x05,0xa9,0xa8,0x02,
0x80,0x6a,0x08,0x7c,0x5e,0x00,0x01,0xd5,0x37,0x0b,0x02,0x00,0x43,0x01,0x87,0xbf,
0x54,0xa7,0xa6,0x6a,0x35,0x0b,0xb6,0x02,0x05,0xab,0xaa,0x02,0x80,0x8c,0x08,0x7c,
0x55,0xb7,0xa8,0x6a,0x58,0xad,0xaa,0x6a,0x56,0x00,0x48,0xd6,0x57,0x07,0x0e,0x84,
0x5c,0x4b,0xae,0x7e,0x90,0x40,0xb6,0x32,0x5a,0x15,0xb0,0x7e,0x20,0x17,0xb4,0x7e,
0x05,0xad,0xac,0x02,0x53,0x00,0x11,0xd7,0x53,0xa9,0x02,0x00,0x5b,0x17,0xba,0x7e,
0x58,0x00,0x48,0xd6,0x58,0x07,0x0e,0x84,0x95,0x01,0x87,0xbf,0x57,0x15,0xae,0x7e,
0xff,0xba,0xba,0x10,0x3b,0xaa,0xb8,0x3f,0x23,0x02,0x87,0xbf,0x58,0x00,0x01,0xd5,
0x05,0xb1,0x02,0x00,0x00,0x00,0x04,0xd4,0x80,0x4c,0x02,0x00,0x57,0x00,0x48,0xd6,
0x57,0x07,0x0e,0x84,0x46,0x0b,0xb8,0x02,0x80,0x5c,0x08,0x7c,0x5d,0x4b,0xba,0x7e,
0x58,0xbd,0xdc,0x6a,0x2d,0x17,0xb0,0x7e,0x90,0x5a,0xbc,0x32,0x05,0xaf,0xae,0x02,
0x2e,0x0b,0xbe,0x02,0x80,0x40,0x08,0x7c,0xff,0xb4,0xb4,0x10,0x3b,0xaa,0xb8,0x3f,
0x56,0xb9,0xac,0x6a,0x67,0x00,0x01,0xd5,0x26,0x0b,0x02,0x00,0x5d,0x15,0xb8,0x7e,
0x20,0x0b,0xba,0x02,0x5a,0x4b,0xb4,0x7e,0x57,0xbf,0xde,0x6a,0xff,0xc0,0xae,0x10,
0x3b,0xaa,0xb8,0x3f,0x5c,0x00,0x48,0xd6,0x5c,0x07,0x0e,0x84,0x5e,0x17,0xbe,0x7e,
0x90,0x30,0xc0,0x32,0x54,0x00,0x11,0xd7,0x55,0xad,0x02,0x00,0x57,0x4b,0xae,0x7e,
0x55,0x00,0x11,0xd7,0x6e,0xdf,0x02,0x00,0x26,0x01,0x87,0xbf,0x5a,0x15,0xb4,0x7e,
0x60,0x17,0xc2,0x7e,0x5a,0x00,0x48,0xd6,0x5a,0x07,0x0e,0x84,0xd2,0x01,0x87,0xbf,
0xff,0xc2,0xc2,0x10,0x3b,0xaa,0xb8,0x3f,0xff,0x0f,0x88,0xbf,0x57,0x15,0xae,0x7e,
0x05,0xb5,0xb4,0x02,0x80,0xb6,0x08,0x7c,0x57,0x00,0x48,0xd6,0x57,0x07,0x0e,0x84,
0x61,0x4b,0xc2,0x7e,0xc3,0x01,0x87,0xbf,0x5a,0xbb,0xe0,0x6a,0x22,0x17,0xba,0x7e,
0xff,0xb0,0xb0,0x10,0x3b,0xaa,0xb8,0x3f,0x5b,0x0b,0x52,0xca,0x05,0xb9,0x5a,0x5a,
0xff,0xbe,0xc6,0xc8,0xff,0xba,0x5c,0x5c,0x3b,0xaa,0xb8,0x3f,0xa3,0x01,0x87,0xbf,
0x58,0x4b,0xb0,0x7e,0x80,0x56,0x08,0x7c,0x5b,0xb5,0xe2,0x6a,0x03,0x00,0x87,0xbf,
0x5c,0x4b,0xb8,0x7e,0x5d,0x4b,0xb6,0x7e,0x24,0x17,0xba,0x7e,0x2b,0x0b,0x52,0xca,
0x05,0xaf,0x56,0x5a,0x80,0x5a,0x08,0x7c,0x26,0x17,0xbe,0x7e,0x37,0x03,0x87,0xbf,
0x58,0x15,0xb0,0x7e,0xff,0xba,0xba,0x10,0x3b,0xaa,0xb8,0x3f,0x57,0xb5,0xae,0x6a,
0x5c,0x15,0xb4,0x7e,0x2d,0x0b,0x46,0xca,0xff,0xbe,0x5e,0x5c,0x3b,0xaa,0xb8,0x3f,
0x58,0x00,0x48,0xd6,0x58,0x07,0x0e,0x84,0x5b,0x15,0xb6,0x7e,0x04,0x00,0x87,0xbf,
0x5a,0x00,0x48,0xd6,0x5a,0x07,0x0e,0x84,0x5d,0x4b,0xba,0x7e,0x61,0x15,0xc2,0x7e,
0x05,0xb1,0xb0,0x02,0x80,0xbc,0x08,0x7c,0x5b,0x00,0x48,0xd6,0x5b,0x07,0x0e,0x84,
0x56,0x00,0x11,0xd7,0x70,0xe3,0x02,0x00,0x61,0x00,0x48,0xd6,0x61,0x07,0x0e,0x84,
0x58,0xb9,0xb0,0x6a,0x5e,0x0b,0xb8,0x02,0x5f,0x4b,0xbc,0x7e,0x18,0x17,0xbe,0x7e,
0x05,0xb5,0xb4,0x02,0x80,0x44,0x08,0x7c,0x57,0x00,0x11,0xd7,0x57,0xb1,0x02,0x00,
0x44,0x02,0x87,0xbf,0xff,0xbe,0xbe,0x10,0x3b,0xaa,0xb8,0x3f,0x05,0xb7,0xb6,0x02,
0x5a,0xb9,0xb4,0x6a,0x5d,0x15,0xb8,0x7e,0x5f,0x4b,0xbe,0x7e,0x22,0x0b,0xba,0x02,
0x5e,0x15,0xbc,0x7e,0x80,0x48,0x08,0x7c,0x5c,0x00,0x48,0xd6,0x5c,0x07,0x0e,0x84,
0x14,0x02,0x87,0xbf,0x5b,0xbb,0xb6,0x6a,0x5e,0x00,0x48,0xd6,0x5e,0x07,0x0e,0x84,
0x24,0x0b,0x46,0xca,0xff,0xd6,0x5c,0x62,0x3b,0xaa,0xb8,0x3f,0x94,0x02,0x87,0xbf,
0x05,0xb9,0xb8,0x02,0x5f,0x15,0xbe,0x7e,0x04,0x00,0x87,0xbf,0x5e,0x00,0x01,0xd5,
0x05,0xbd,0x02,0x00,0x80,0x30,0x08,0x7c,0x1e,0x17,0xd6,0x7e,0x5c,0xc5,0xec,0x6a,
0x5c,0x00,0x48,0xd6,0x5f,0x07,0x0e,0x84,0x90,0x46,0xbe,0x32,0x5e,0xcf,0xf0,0x6a,
0x18,0x0b,0x46,0xca,0xff,0xd6,0x6a,0x62,0x3b,0xaa,0xb8,0x3f,0x14,0x02,0x87,0xbf,
0x05,0xb9,0xb8,0x02,0x5f,0x17,0xce,0x7e,0x80,0xc0,0x08,0x7c,0x5d,0x4b,0xba,0x7e,
0x23,0x17,0xbc,0x7e,0x5c,0xc5,0xf4,0x6a,0xff,0xce,0xd2,0xc8,0x60,0x0b,0x5c,0x67,
0x3b,0xaa,0xb8,0x3f,0x05,0xc3,0xc0,0x02,0x19,0x17,0xc4,0x7e,0x00,0x00,0x04,0xd4,
0x80,0xbe,0x02,0x00,0x04,0x00,0x87,0xbf,0x67,0x4b,0xc2,0x7e,0x80,0x42,0x08,0x7c,
0x60,0xb9,0xf6,0x6a,0xff,0xc4,0xc0,0x10,0x3b,0xaa,0xb8,0x3f,0x1c,0x17,0xc4,0x7e,
0x5d,0x15,0xba,0x7e,0x5f,0x00,0x01,0xd5,0x5f,0x0b,0x02,0x00,0x58,0x00,0x11,0xd7,
0x5a,0xb7,0x02,0x00,0x60,0x4b,0xc0,0x7e,0xff,0xc4,0xc4,0x10,0x3b,0xaa,0xb8,0x3f,
0x61,0x15,0xc2,0x7e,0x5d,0x00,0x48,0xd6,0x5d,0x07,0x0e,0x84,0xff,0xbc,0xbc,0x10,
0x3b,0xaa,0xb8,0x3f,0x5a,0x00,0x11,0xd7,0x76,0xf1,0x02,0x00,0x62,0x4b,0xc4,0x7e,
0x61,0x00,0x48,0xd6,0x61,0x07,0x0e,0x84,0x05,0xbb,0xba,0x02,0x5e,0x4b,0xbc,0x7e,
0x60,0x15,0xc0,0x7e,0x5b,0x00,0x11,0xd7,0x7a,0xf7,0x02,0x00,0x61,0x00,0x01,0xd5,
0x05,0xc3,0x02,0x00,0x00,0x00,0x04,0xd4,0x80,0x38,0x02,0x00,0x94,0x01,0x87,0xbf,
0x60,0x00,0x48,0xd6,0x60,0x07,0x0e,0x84,0x61,0xbf,0xbe,0x6a,0x62,0x15,0xc2,0x7e,
0xa5,0x01,0x87,0xbf,0x5e,0x15,0xbc,0x7e,0x72,0x00,0x01,0xd5,0x1c,0x0b,0x02,0x00,
0x61,0x00,0x48,0xd6,0x61,0x07,0x0e,0x84,0x13,0x01,0x87,0xbf,0x5e,0x00,0x48,0xd6,
0x5e,0x07,0x0e,0x84,0x61,0x00,0x01,0xd5,0x05,0xc3,0x02,0x00,0x51,0x02,0x87,0xbf,
0x61,0xe5,0xfa,0x6a,0xff,0xe8,0xc2,0x10,0x3b,0xaa,0xb8,0x3f,0x16,0x17,0xe8,0x7e,
0x21,0x0b,0xb8,0x02,0x80,0x46,0x08,0x7c,0x61,0x4b,0xc2,0x7e,0x32,0x01,0x87,0xbf,
0x5d,0xb9,0xb8,0x6a,0x23,0x0b,0x52,0xca,0x05,0xbd,0x5e,0x67,0x80,0x32,0x08,0x7c,
0x5e,0xcf,0xba,0x6a,0x6b,0x4b,0xbc,0x7e,0x10,0x17,0xce,0x7e,0x90,0x20,0xd6,0x32,
0x19,0x0b,0xc4,0x02,0x05,0xc1,0xc0,0x02,0x80,0x3c,0x08,0x7c,0xff,0xce,0xce,0x10,
0x3b,0xaa,0xb8,0x3f,0x6b,0x17,0xd8,0x7e,0x00,0x00,0x04,0xd4,0x80,0xd6,0x02,0x00,
0x60,0xc5,0xf8,0x6a,0x5e,0x15,0xbc,0x7e,0x67,0x4b,0xce,0x7e,0xff,0xd8,0xd2,0xc8,
0x1e,0x0b,0x72,0x6c,0x3b,0xaa,0xb8,0x3f,0x61,0x15,0xc2,0x7e,0x23,0x02,0x87,0xbf,
0x5e,0x00,0x48,0xd6,0x5e,0x07,0x0e,0x84,0x6b,0x00,0x01,0xd5,0x6b,0x0b,0x02,0x00,
0x6c,0x4b,0xd8,0x7e,0x1b,0x17,0xc4,0x7e,0x5c,0x00,0x11,0xd7,0x5c,0xbb,0x02,0x00,
0x05,0xbd,0xbc,0x02,0x06,0x00,0x87,0xbf,0x67,0x15,0xc0,0x7e,0x80,0x20,0x08,0x7c,
0x90,0x36,0xce,0x32,0x5d,0x00,0x11,0xd7,0x5f,0xf9,0x02,0x00,0x5e,0xe7,0xbc,0x6a,
0x60,0x00,0x48,0xd6,0x60,0x07,0x0e,0x84,0x6c,0x15,0xd8,0x7e,0x10,0x0b,0xe6,0x02,
0x67,0x17,0xe4,0x7e,0x5e,0x00,0x11,0xd7,0x7d,0xbd,0x02,0x00,0x05,0xc1,0xc0,0x02,
0x6c,0x00,0x48,0xd6,0x6c,0x07,0x0e,0x84,0x80,0x34,0x08,0x7c,0xff,0xe4,0xe4,0x10,
0x3b,0xaa,0xb8,0x3f,0x14,0x02,0x87,0xbf,0x60,0xe7,0xfc,0x6a,0x6c,0x00,0x01,0xd5,
0x05,0xd9,0x02,0x00,0x60,0x00,0x48,0xd6,0x61,0x07,0x0e,0x84,0xa4,0x01,0x87,0xbf,
0x72,0x4b,0xe4,0x7e,0x00,0x00,0x04,0xd4,0x80,0x36,0x02,0x00,0x6c,0xd7,0xfe,0x6a,
0x93,0x01,0x87,0xbf,0x1a,0x0b,0x52,0xca,0x05,0xc1,0x60,0x6b,0x73,0x00,0x01,0xd5,
0x1b,0x0b,0x02,0x00,0x80,0xce,0x08,0x7c,0x14,0x02,0x87,0xbf,0x5f,0x00,0x11,0xd7,
0x7e,0xff,0x02,0x00,0x60,0xd7,0xc0,0x6a,0xff,0xe8,0xd6,0x10,0x3b,0xaa,0xb8,0x3f,
0x35,0x02,0x87,0xbf,0x72,0x15,0xd8,0x7e,0x14,0x17,0xe4,0x7e,0x67,0x0b,0xce,0x02,
0x6b,0x4b,0xd6,0x7e,0x93,0x01,0x87,0xbf,0x6c,0x00,0x48,0xd6,0x6c,0x07,0x0e,0x84,
0xff,0xe4,0xe4,0x10,0x3b,0xaa,0xb8,0x3f,0x12,0x01,0x87,0xbf,0x05,0xd9,0xd8,0x02,
0x72,0x4b,0xe4,0x7e,0x80,0x22,0x08,0x7c,0xff,0x0f,0x88,0xbf,0x6b,0x15,0xd6,0x7e,
0x6c,0xcf,0xce,0x6a,0x08,0x17,0xd8,0x7e,0x11,0x0b,0xea,0x02,0xc4,0x01,0x87,0xbf,
0x6b,0x00,0x48,0xd6,0x6b,0x07,0x0e,0x84,0xff,0xc4,0xc4,0x10,0x3b,0xaa,0xb8,0x3f,
0x72,0x15,0xe4,0x7e,0xff,0xd8,0xd8,0x10,0x3b,0xaa,0xb8,0x3f,0x62,0x4b,0xc4,0x7e,
0x12,0x01,0x87,0xbf,0x72,0x00,0x48,0xd6,0x72,0x07,0x0e,0x84,0x6c,0x4b,0xd8,0x7e,
0xff,0x0f,0x88,0xbf,0x62,0x15,0xc2,0x7e,0x11,0x17,0xc4,0x7e,0x6c,0x15,0xd8,0x7e,
0x93,0x01,0x87,0xbf,0x61,0x00,0x48,0xd6,0x61,0x07,0x0e,0x84,0xff,0xc4,0xc4,0x10,
0x3b,0xaa,0xb8,0x3f,0x93,0x01,0x87,0xbf,0x6c,0x00,0x48,0xd6,0x6c,0x07,0x0e,0x84,
0x61,0x00,0x01,0xd5,0x05,0xc3,0x02,0x00,0x23,0x01,0x87,0xbf,0x62,0x4b,0xc4,0x7e,
0x00,0x00,0x04,0xd4,0x80,0x28,0x02,0x00,0x61,0xe7,0xc2,0x6a,0x90,0x10,0xe6,0x32,
0x23,0x02,0x87,0xbf,0x77,0x00,0x01,0xd5,0x14,0x0b,0x02,0x00,0x72,0x00,0x01,0xd5,
0x05,0xe5,0x02,0x00,0x60,0x00,0x11,0xd7,0x60,0xc3,0x02,0x00,0x94,0x02,0x87,0xbf,
0x73,0x17,0xe8,0x7e,0x62,0x15,0xc4,0x7e,0x04,0x00,0x87,0xbf,0x80,0x00,0x35,0xd5,
0x72,0xef,0x02,0x00,0x12,0x17,0xe4,0x7e,0x13,0x17,0xee,0x7e,0xff,0xe8,0xe8,0x10,
0x3b,0xaa,0xb8,0x3f,0x62,0x00,0x48,0xd6,0x62,0x07,0x0e,0x84,0x00,0x00,0x04,0xd4,
0x80,0xe6,0x02,0x00,0x14,0x02,0x87,0xbf,0xff,0xe4,0xc6,0xc8,0xff,0xee,0x76,0x72,
0x3b,0xaa,0xb8,0x3f,0x74,0x4b,0xe8,0x7e,0xa3,0x01,0x87,0xbf,0x05,0xc5,0xc4,0x02,
0x80,0x2c,0x08,0x7c,0x72,0x4b,0xe4,0x7e,0x77,0x4b,0xee,0x7e,0x73,0x00,0x01,0xd5,
0x73,0x0b,0x02,0x00,0x62,0xeb,0xc4,0x6a,0x16,0x0b,0xea,0x02,0x05,0xd7,0xd6,0x02,
0x80,0x10,0x08,0x7c,0x74,0x15,0xe8,0x7e,0x61,0x00,0x11,0xd7,0x67,0xc5,0x02,0x00,
0x24,0x02,0x87,0xbf,0x83,0x00,0x35,0xd5,0x6b,0xeb,0x02,0x00,0x72,0x15,0xd6,0x7e,
0x74,0x00,0x48,0xd6,0x74,0x07,0x0e,0x84,0x08,0x0b,0x52,0xca,0x05,0xd9,0x6c,0x79,
0x80,0x24,0x08,0x7c,0x14,0x02,0x87,0xbf,0x6b,0x00,0x48,0xd6,0x6b,0x07,0x0e,0x84,
0x74,0x00,0x01,0xd5,0x05,0xe9,0x02,0x00,0x0a,0x17,0xe4,0x7e,0x84,0x00,0x35,0xd5,
0x6c,0xf3,0x02,0x00,0xff,0x04,0xd9,0x10,0x3b,0xaa,0xb8,0x3f,0x0c,0x17,0xea,0x7e,
0x85,0x00,0x35,0xd5,0x74,0xe7,0x02,0x00,0x77,0x15,0xe6,0x7e,0x12,0x0b,0x52,0xca,
0x05,0xd7,0x6a,0x74,0x80,0x26,0x08,0x7c,0x6c,0x4b,0xd8,0x7e,0xb3,0x01,0x87,0xbf,
0x73,0x00,0x48,0xd6,0x73,0x07,0x0e,0x84,0xff,0xe4,0xc6,0xc8,0xff,0xea,0x74,0x72,
0x3b,0xaa,0xb8,0x3f,0x6b,0xe9,0xd6,0x6a,0x13,0x0b,0x52,0xca,0x05,0xe7,0x72,0x74,
0x15,0x17,0xee,0x7e,0x04,0x00,0x87,0xbf,0x72,0x4b,0xe4,0x7e,0x75,0x4b,0xea,0x7e,
0x00,0x17,0xf2,0x7e,0x73,0xe9,0xe6,0x6a,0xff,0xee,0xe8,0x10,0x3b,0xaa,0xb8,0x3f,
0x6c,0x15,0xd8,0x7e,0x6a,0x00,0x04,0xd4,0x80,0x02,0x03,0x00,0xff,0xf2,0xf2,0x10,
0x3b,0xaa,0xb8,0x3f,0x90,0x00,0x04,0x33,0x74,0x4b,0xe8,0x7e,0x6c,0x00,0x48,0xd6,
0x6c,0x07,0x0e,0x84,0x72,0x15,0xe4,0x7e,0x75,0x15,0xea,0x7e,0x79,0x4b,0xf2,0x7e,
0x81,0x0b,0xee,0x02,0x05,0xd9,0xd8,0x02,0x72,0x00,0x48,0xd6,0x72,0x07,0x0e,0x84,
0x80,0x14,0x08,0x7c,0x75,0x00,0x48,0xd6,0x75,0x07,0x0e,0x84,0x00,0x00,0x04,0xd4,
0x80,0x18,0x02,0x00,0x74,0x15,0xe8,0x7e,0x87,0x00,0x8b,0xd5,0x82,0x01,0x00,0x00,
0x0a,0x0b,0x52,0xca,0x05,0xe5,0x72,0x81,0x04,0x00,0x87,0xbf,0x86,0x00,0x01,0xd5,
0x0c,0x0b,0x02,0x00,0x75,0x00,0x01,0xd5,0x05,0xeb,0x02,0x00,0x88,0x00,0x35,0xd5,
0x6c,0xef,0x02,0x00,0x6c,0x00,0x48,0xd6,0x74,0x07,0x0e,0x84,0xff,0x0e,0xe9,0x10,
0x3b,0xaa,0xb8,0x3f,0x79,0x15,0xee,0x7e,0x09,0x17,0xf2,0x7e,0x72,0x00,0x35,0xd5,
0x72,0x03,0x03,0x00,0x81,0x00,0x35,0xd5,0x75,0x0d,0x03,0x00,0x74,0x4b,0xe8,0x7e,
0x86,0x00,0x8b,0xd5,0x0b,0x01,0x00,0x00,0xff,0xf2,0xf2,0x10,0x3b,0xaa,0xb8,0x3f,
0x80,0x2a,0x08,0x7c,0x77,0x00,0x48,0xd6,0x77,0x07,0x0e,0x84,0x00,0x00,0x04,0xd4,
0x80,0x16,0x02,0x00,0xff,0x0c,0x0d,0x11,0x3b,0xaa,0xb8,0x3f,0x79,0x4b,0xf2,0x7e,
0x15,0x0b,0xea,0x02,0x05,0xd9,0xd8,0x02,0x80,0x00,0x08,0x7c,0x74,0x15,0xe8,0x7e,
0x86,0x4b,0x0c,0x7f,0x62,0x00,0x11,0xd7,0x80,0x07,0x03,0x00,0x8b,0x00,0x35,0xd5,
0x6c,0xeb,0x02,0x00,0x00,0x0b,0x0e,0x03,0x05,0xef,0xee,0x02,0x6c,0x00,0x48,0xd6,
0x74,0x07,0x0e,0x84,0x6a,0x00,0x04,0xd4,0x80,0x04,0x03,0x00,0xff,0x14,0xe9,0x10,
0x3b,0xaa,0xb8,0x3f,0x79,0x15,0xea,0x7e,0x87,0x00,0x35,0xd5,0x77,0x0f,0x03,0x00,
0x79,0x00,0x8a,0xd5,0x86,0x01,0x00,0x00,0x82,0x0b,0x52,0xca,0x05,0xd9,0x6c,0x77,
0x74,0x4b,0xe8,0x7e,0x75,0x00,0x48,0xd6,0x75,0x07,0x0e,0x84,0x80,0x12,0x08,0x7c,
0x86,0x00,0x8b,0xd5,0x06,0x01,0x00,0x00,0x79,0x00,0x48,0xd6,0x79,0x07,0x0e,0x84,
0x8a,0x00,0x01,0xd5,0x0b,0x0b,0x02,0x00,0x67,0x00,0x11,0xd7,0x84,0x0b,0x03,0x00,
0x09,0x0b,0x04,0x03,0x05,0xeb,0x46,0xca,0xff,0x0c,0x87,0x75,0x3b,0xaa,0xb8,0x3f,
0x79,0x00,0x01,0xd5,0x05,0xf3,0x02,0x00,0x74,0x15,0xe8,0x7e,0x6a,0x00,0x04,0xd4,
0x80,0x12,0x03,0x00,0x04,0x00,0x87,0xbf,0x75,0x00,0x35,0xd5,0x75,0x05,0x03,0x00,
0x86,0x4b,0x04,0x7f,0xff,0x18,0x0d,0x11,0x3b,0xaa,0xb8,0x3f,0x90,0x02,0x18,0x33,
0x79,0x00,0x35,0xd5,0x79,0x15,0x03,0x00,0x74,0x00,0x48,0xd6,0x74,0x07,0x0e,0x84,
0x8a,0x00,0x8b,0xd5,0x02,0x01,0x00,0x00,0x89,0x0b,0x12,0x03,0x8e,0x00,0x8b,0xd5,
0x8c,0x01,0x00,0x00,0x86,0x4b,0x0c,0x7f,0x05,0xe9,0xe8,0x02,0xff,0x14,0x15,0x11,
0x3b,0xaa,0xb8,0x3f,0x82,0x00,0x8a,0xd5,0x82,0x01,0x00,0x00,0xff,0x1c,0x1d,0x11,
0x3b,0xaa,0xb8,0x3f,0x80,0x0c,0x08,0x7c,0x74,0x00,0x35,0xd5,0x74,0x13,0x03,0x00,
0x8a,0x4b,0x14,0x7f,0x8d,0x4b,0x12,0x7f,0x8e,0x4b,0x1a,0x7f,0x86,0x00,0x8a,0xd5,
0x86,0x01,0x00,0x00,0x82,0x00,0x48,0xd6,0x82,0x07,0x0e,0x84,0x00,0x00,0x04,0xd4,
0x80,0x08,0x02,0x00,0x06,0x0b,0x1c,0x03,0x01,0x00,0x04,0xd4,0x80,0x18,0x03,0x00,
0x86,0x00,0x48,0xd6,0x86,0x07,0x0e,0x84,0x05,0x05,0x05,0x03,0x8a,0x00,0x8a,0xd5,
0x8a,0x01,0x00,0x00,0x89,0x00,0x8a,0xd5,0x89,0x01,0x00,0x00,0x8d,0x00,0x8a,0xd5,
0x8d,0x01,0x00,0x00,0x8f,0x00,0x01,0xd5,0x04,0x0b,0x02,0x00,0x86,0x00,0x01,0xd5,
0x05,0x0d,0x03,0x00,0x8a,0x00,0x48,0xd6,0x8a,0x07,0x0e,0x84,0x80,0x04,0x08,0x7c,
0x89,0x00,0x48,0xd6,0x89,0x07,0x0e,0x84,0x00,0x00,0x04,0xd4,0x80,0x02,0x02,0x00,
0x8d,0x00,0x48,0xd6,0x8d,0x07,0x0e,0x84,0x8c,0x00,0x01,0xd5,0x8c,0x0b,0x06,0x00,
0x02,0x0b,0x20,0x03,0x05,0x15,0x15,0x03,0x91,0x00,0x01,0xd5,0x01,0x0b,0x02,0x00,
0x89,0x00,0x01,0xd5,0x05,0x13,0x03,0x00,0x8d,0x00,0x01,0xd5,0x05,0x1b,0x07,0x00,
0x82,0x00,0x35,0xd5,0x82,0x1d,0x03,0x00,0x86,0x00,0x35,0xd5,0x86,0x1f,0x03,0x00,
0x8a,0x00,0x35,0xd5,0x8a,0x21,0x03,0x00,0x89,0x00,0x35,0xd5,0x89,0x23,0x03,0x00,
0x8c,0x00,0x35,0xd5,0x8d,0x19,0x03,0x00,0x8d,0x00,0x35,0xd5,0x6c,0xef,0x02,0x00,
0x79,0x00,0x11,0xd7,0x75,0xf3,0x02,0x00,0x77,0x00,0x11,0xd7,0x74,0x05,0x03,0x00,
0x75,0x00,0x11,0xd7,0x86,0x15,0x03,0x00,0x74,0x00,0x11,0xd7,0x89,0x19,0x03,0x00,
0x6c,0x00,0x11,0xd7,0x6b,0xe7,0x02,0x00,0x6b,0x00,0x11,0xd7,0x88,0xe5,0x02,0x00,
0x72,0x00,0x11,0xd7,0x81,0x17,0x03,0x00,0x73,0x00,0x11,0xd7,0x87,0x1b,0x03,0x00,
0x01,0x00,0xa5,0xbf,0x2f,0x02,0xa0,0xbf,0x19,0x81,0x07,0xbf,0x0d,0x02,0xa2,0xbf,
0x80,0x06,0x04,0x7c,0x00,0x00,0x02,0xd4,0x80,0x0a,0x02,0x00,0x91,0x04,0x87,0xbf,
0x6a,0x00,0x00,0x8b,0x7e,0x00,0x6a,0x91,0x80,0x00,0x80,0xbe,0x88,0x01,0xa3,0xbf,
0x90,0x84,0x0e,0x32,0x05,0x85,0x0c,0x7c,0x90,0x76,0x3e,0x32,0x90,0x74,0x3a,0x32,
0x90,0x26,0x94,0x32,0xff,0x06,0x1a,0x02,0x00,0x3c,0x00,0x00,0x05,0x0f,0x0c,0x7c,
0xff,0x06,0x0e,0x02,0x00,0x3c,0x00,0x00,0x41,0x0b,0x06,0x7c,0xb2,0x01,0x87,0xbf,
0x07,0x00,0x11,0xd7,0x0d,0x0f,0x02,0x00,0xff,0x06,0x1c,0x02,0x00,0x3c,0x00,0x00,
0x44,0x0b,0x06,0x7c,0x07,0x40,0x10,0xcc,0x07,0x85,0x02,0x18,0xb3,0x01,0x87,0xbf,
0x0e,0x83,0x1c,0x6a,0xff,0x06,0x1e,0x02,0x00,0x3c,0x00,0x00,0x43,0x0b,0x06,0x7c,
0x3c,0x00,0x11,0xd7,0x0e,0x0f,0x02,0x00,0xb3,0x01,0x87,0xbf,0x0f,0x89,0x1e,0x6a,
0xff,0x06,0x1a,0x02,0x00,0x3c,0x00,0x00,0x3e,0x0b,0x06,0x7c,0x38,0x00,0x16,0xd6,
0x0f,0x0f,0x42,0x02,0x03,0x00,0x87,0xbf,0x0d,0x87,0x1a,0x6a,0xff,0x06,0x2e,0x02,
0x00,0x3c,0x00,0x00,0x05,0x75,0x0c,0x7c,0xff,0x06,0x0e,0x02,0x00,0x3c,0x00,0x00,
0x05,0x77,0x0c,0x7c,0xff,0x06,0x1c,0x02,0x00,0x3c,0x00,0x00,0x05,0x3f,0x0c,0x7c,
0xff,0x06,0x1e,0x02,0x00,0x3c,0x00,0x00,0x05,0x3b,0x0c,0x7c,0x42,0x02,0x87,0xbf,
0x0e,0x00,0x11,0xd7,0x0e,0x1f,0x02,0x00,0xff,0x06,0x3a,0x02,0x00,0x3c,0x00,0x00,
0x45,0x0b,0x06,0x7c,0x17,0x7d,0x1e,0x6a,0x0e,0x40,0x10,0xcc,0x0e,0x77,0x02,0x18,
0x44,0x02,0x87,0xbf,0x07,0x00,0x11,0xd7,0x07,0x3b,0x02,0x00,0xff,0x06,0x3e,0x02,
0x00,0x3c,0x00,0x00,0x3f,0x0b,0x06,0x7c,0x30,0x00,0x11,0xd7,0x0d,0x1f,0x02,0x00,
0x07,0x40,0x10,0xcc,0x07,0x75,0x02,0x18,0xb4,0x01,0x87,0xbf,0x1f,0x8b,0x2e,0x6a,
0xff,0x06,0x3a,0x02,0x00,0x3c,0x00,0x00,0x3d,0x0b,0x06,0x7c,0x39,0x00,0x11,0xd7,
0x17,0x1d,0x02,0x00,0x43,0x02,0x87,0xbf,0x1d,0x7f,0x1a,0x6a,0xff,0x06,0x3e,0x02,
0x00,0x3c,0x00,0x00,0x36,0x0b,0x06,0x7c,0x90,0x50,0x3a,0x32,0x34,0x00,0x16,0xd6,
0x0d,0x1d,0x42,0x02,0xc4,0x01,0x87,0xbf,0x1f,0x7b,0x1e,0x6a,0xff,0x06,0x2e,0x02,
0x00,0x3c,0x00,0x00,0x05,0x51,0x0c,0x7c,0x90,0x6a,0x3e,0x32,0x17,0x6d,0x2e,0x6a,
0xff,0x06,0x4a,0x02,0x00,0x3c,0x00,0x00,0x05,0x6b,0x0c,0x7c,0x03,0x00,0x87,0xbf,
0x31,0x00,0x11,0xd7,0x0f,0x2f,0x02,0x00,0x90,0x5a,0x2e,0x32,0xff,0x06,0x4e,0x02,
0x00,0x3c,0x00,0x00,0x05,0x3f,0x0c,0x7c,0x90,0x40,0x1e,0x32,0xff,0x06,0x3e,0x02,
0x00,0x3c,0x00,0x00,0x05,0x3b,0x0c,0x7c,0xb2,0x01,0x87,0xbf,0x1f,0x00,0x11,0xd7,
0x27,0x3f,0x02,0x00,0xff,0x06,0x3a,0x02,0x00,0x3c,0x00,0x00,0x33,0x0b,0x06,0x7c,
0x1f,0x40,0x10,0xcc,0x1f,0x6b,0x02,0x18,0xb3,0x01,0x87,0xbf,0x1d,0x00,0x11,0xd7,
0x25,0x3b,0x02,0x00,0xff,0x06,0x52,0x02,0x00,0x3c,0x00,0x00,0x46,0x0b,0x06,0x7c,
0x4c,0x40,0x10,0xcc,0x1d,0x51,0x02,0x18,0xb3,0x01,0x87,0xbf,0x29,0x67,0x4a,0x6a,
0xff,0x06,0x4e,0x02,0x00,0x3c,0x00,0x00,0x37,0x0b,0x06,0x7c,0x32,0x00,0x11,0xd7,
0x25,0x3f,0x02,0x00,0xb3,0x01,0x87,0xbf,0x27,0x8d,0x4e,0x6a,0xff,0x06,0x1a,0x02,
0x00,0x3c,0x00,0x00,0x2e,0x0b,0x06,0x7c,0x2c,0x00,0x16,0xd6,0x27,0x3f,0x42,0x02,
0x33,0x01,0x87,0xbf,0x0d,0x6f,0x1a,0x6a,0xff,0x06,0x1c,0x02,0x00,0x3c,0x00,0x00,
0x05,0x41,0x0c,0x7c,0x0e,0x5d,0x1c,0x6a,0xff,0x06,0x3a,0x02,0x00,0x3c,0x00,0x00,
0x05,0x5b,0x0c,0x7c,0x53,0x01,0x87,0xbf,0x29,0x00,0x11,0xd7,0x0d,0x1d,0x02,0x00,
0xff,0x06,0x3e,0x02,0x00,0x3c,0x00,0x00,0x05,0x2f,0x0c,0x7c,0xff,0x06,0x2e,0x02,
0x00,0x3c,0x00,0x00,0x05,0x1f,0x0c,0x7c,0x17,0x00,0x11,0xd7,0x1f,0x2f,0x02,0x00,
0xff,0x06,0x1e,0x02,0x00,0x3c,0x00,0x00,0x2b,0x0b,0x06,0x7c,0x93,0x01,0x87,0xbf,
0x17,0x40,0x10,0xcc,0x17,0x5b,0x02,0x18,0x0f,0x00,0x11,0xd7,0x1d,0x1f,0x02,0x00,
0xff,0x06,0x4a,0x02,0x00,0x3c,0x00,0x00,0x22,0x0b,0x06,0x7c,0x93,0x01,0x87,0xbf,
0x4d,0x40,0x10,0xcc,0x0f,0x41,0x02,0x18,0x25,0x57,0x3a,0x6a,0xff,0x06,0x3e,0x02,
0x00,0x3c,0x00,0x00,0x24,0x0b,0x06,0x7c,0x93,0x01,0x87,0xbf,0x2a,0x00,0x11,0xd7,
0x1d,0x2f,0x02,0x00,0x1f,0x45,0x1a,0x6a,0xff,0x06,0x4a,0x02,0x00,0x3c,0x00,0x00,
0x26,0x0b,0x06,0x7c,0x90,0x46,0x3e,0x32,0x90,0x30,0x3a,0x32,0x34,0x01,0x87,0xbf,
0x25,0x49,0x1c,0x6a,0xff,0x06,0x1e,0x02,0x00,0x3c,0x00,0x00,0x05,0x31,0x0c,0x7c,
0x0f,0x4d,0x1e,0x6a,0xff,0x06,0x4a,0x02,0x00,0x3c,0x00,0x00,0x05,0x47,0x0c,0x7c,
0x03,0x00,0x87,0xbf,0x47,0x00,0x11,0xd7,0x0e,0x1f,0x02,0x00,0x90,0x20,0x1e,0x32,
0xff,0x06,0x4e,0x02,0x00,0x3c,0x00,0x00,0x05,0x3f,0x0c,0x7c,0xff,0x06,0x3e,0x02,
0x00,0x3c,0x00,0x00,0x05,0x3b,0x0c,0x7c,0xb2,0x01,0x87,0xbf,0x1f,0x00,0x11,0xd7,
0x27,0x3f,0x02,0x00,0xff,0x06,0x3a,0x02,0x00,0x3c,0x00,0x00,0x21,0x0b,0x06,0x7c,
0x1f,0x40,0x10,0xcc,0x1f,0x47,0x02,0x18,0xb3,0x01,0x87,0xbf,0x1d,0x00,0x11,0xd7,
0x25,0x3b,0x02,0x00,0xff,0x06,0x5e,0x02,0x00,0x3c,0x00,0x00,0x19,0x0b,0x06,0x7c,
0x4e,0x40,0x10,0xcc,0x1d,0x31,0x02,0x18,0x03,0x00,0x87,0xbf,0x2f,0x43,0x4a,0x6a,
0xff,0x06,0x4e,0x02,0x00,0x3c,0x00,0x00,0x1c,0x0b,0x06,0x7c,0x2f,0x00,0x16,0xd6,
0x0d,0x2f,0x42,0x02,0x90,0x36,0x2e,0x32,0x25,0x00,0x11,0xd7,0x25,0x3f,0x02,0x00,
0x27,0x33,0x4e,0x6a,0xff,0x06,0x1a,0x02,0x00,0x3c,0x00,0x00,0x1e,0x0b,0x06,0x7c,
0x93,0x01,0x87,0xbf,0x27,0x00,0x16,0xd6,0x27,0x3f,0x42,0x02,0x0d,0x39,0x1a,0x6a,
0xff,0x06,0x1c,0x02,0x00,0x3c,0x00,0x00,0x05,0x21,0x0c,0x7c,0x02,0x00,0x87,0xbf,
0x0e,0x3d,0x1c,0x6a,0xff,0x06,0x3a,0x02,0x00,0x3c,0x00,0x00,0x05,0x37,0x0c,0x7c,
0xff,0x06,0x3e,0x02,0x00,0x3c,0x00,0x00,0x05,0x2f,0x0c,0x7c,0xff,0x06,0x2e,0x02,
0x00,0x3c,0x00,0x00,0x05,0x1f,0x0c,0x7c,0xb2,0x01,0x87,0xbf,0x17,0x00,0x11,0xd7,
0x1f,0x2f,0x02,0x00,0xff,0x06,0x1e,0x02,0x00,0x3c,0x00,0x00,0x1a,0x0b,0x06,0x7c,
0x17,0x40,0x10,0xcc,0x17,0x37,0x02,0x18,0xb3,0x01,0x87,0xbf,0x0f,0x00,0x11,0xd7,
0x1d,0x1f,0x02,0x00,0xff,0x06,0x90,0x02,0x00,0x3c,0x00,0x00,0x11,0x0b,0x06,0x7c,
0x4f,0x40,0x10,0xcc,0x0f,0x21,0x02,0x18,0x03,0x00,0x87,0xbf,0x48,0x35,0x3a,0x6a,
0xff,0x06,0x3e,0x02,0x00,0x3c,0x00,0x00,0x14,0x0b,0x06,0x7c,0x48,0x00,0x11,0xd7,
0x0d,0x1d,0x02,0x00,0x90,0x10,0x1e,0x32,0x1d,0x00,0x11,0xd7,0x1d,0x2f,0x02,0x00,
0x1f,0x23,0x1a,0x6a,0xff,0x06,0x92,0x02,0x00,0x3c,0x00,0x00,0x16,0x0b,0x06,0x7c,
0x32,0x01,0x87,0xbf,0x49,0x29,0x1c,0x6a,0xff,0x06,0x3e,0x02,0x00,0x3c,0x00,0x00,
0x05,0x11,0x0c,0x7c,0x1f,0x2d,0xa0,0x6a,0xff,0x06,0x92,0x02,0x00,0x3c,0x00,0x00,
0x05,0x1f,0x0c,0x7c,0x1f,0x00,0x16,0xd6,0x0d,0x2f,0x42,0x02,0xff,0x06,0x1e,0x02,
0x00,0x3c,0x00,0x00,0x05,0x27,0x0c,0x7c,0x42,0x02,0x87,0xbf,0x0f,0x00,0x11,0xd7,
0x49,0x1f,0x02,0x00,0xff,0x06,0x96,0x02,0x00,0x3c,0x00,0x00,0x05,0x95,0x0c,0x7c,
0x49,0x00,0x11,0xd7,0x0e,0xa1,0x02,0x00,0x50,0x40,0x10,0xcc,0x0f,0x11,0x02,0x18,
0xff,0x06,0x94,0x02,0x00,0x3c,0x00,0x00,0x12,0x0b,0x06,0x7c,0xb2,0x01,0x87,0xbf,
0x4a,0x00,0x11,0xd7,0x4b,0x95,0x02,0x00,0xff,0x06,0xa2,0x02,0x00,0x3c,0x00,0x00,
0x0a,0x0b,0x06,0x7c,0x0e,0x40,0x10,0xcc,0x4a,0x27,0x02,0x18,0xb3,0x01,0x87,0xbf,
0x51,0x25,0x1a,0x6a,0xff,0x06,0x1e,0x02,0x00,0x3c,0x00,0x00,0x0c,0x0b,0x06,0x7c,
0x4a,0x00,0x11,0xd7,0x0d,0x1d,0x02,0x00,0xc3,0x01,0x87,0xbf,0x0f,0x15,0x1a,0x6a,
0xff,0x06,0x2e,0x02,0x00,0x3c,0x00,0x00,0x15,0x0b,0x06,0x7c,0x90,0x00,0x1e,0x32,
0x17,0x19,0xa2,0x6a,0xff,0x06,0x96,0x02,0x00,0x3c,0x00,0x00,0x05,0x01,0x0c,0x7c,
0x90,0x16,0x2e,0x32,0xb3,0x01,0x87,0xbf,0x4b,0x2b,0x96,0x6a,0xff,0x06,0xa4,0x02,
0x00,0x3c,0x00,0x00,0x05,0x1f,0x0c,0x7c,0x4b,0x00,0x11,0xd7,0x51,0x97,0x02,0x00,
0xff,0x06,0x1e,0x02,0x00,0x3c,0x00,0x00,0x09,0x0b,0x06,0x7c,0xff,0x06,0xa6,0x02,
0x00,0x3c,0x00,0x00,0x05,0x17,0x0c,0x7c,0xff,0x06,0xa8,0x02,0x00,0x3c,0x00,0x00,
0x05,0x2f,0x0c,0x7c,0x17,0x00,0x16,0xd6,0x0d,0x1d,0x42,0x02,0x0d,0x00,0x11,0xd7,
0x52,0x1f,0x02,0x00,0x53,0x13,0x1c,0x6a,0x90,0x02,0xa6,0x32,0xff,0x06,0xaa,0x02,
0x00,0x3c,0x00,0x00,0x06,0x0b,0x06,0x7c,0x02,0x00,0x87,0xbf,0x0f,0x00,0x11,0xd7,
0x54,0xab,0x02,0x00,0xff,0x06,0xa2,0x02,0x00,0x3c,0x00,0x00,0x04,0x0b,0x06,0x7c,
0xff,0x06,0xa4,0x02,0x00,0x3c,0x00,0x00,0x02,0x0b,0x06,0x7c,0xff,0x06,0xa8,0x02,
0x00,0x3c,0x00,0x00,0x05,0x03,0x0c,0x7c,0xff,0x06,0xaa,0x02,0x00,0x3c,0x00,0x00,
0x05,0xa7,0x0c,0x7c,0x05,0x40,0x10,0xcc,0x0f,0x17,0x02,0x18,0x51,0x0d,0x1e,0x6a,
0x52,0x09,0xa2,0x6a,0x54,0x05,0xa4,0x6a,0xff,0x06,0x06,0x02,0x00,0x3c,0x00,0x00,
0x01,0x00,0x87,0xbf,0x53,0x00,0x11,0xd7,0x55,0x07,0x02,0x00,0x03,0x40,0x10,0xcc,
0x0d,0x01,0x02,0x18,0x0d,0x00,0x11,0xd7,0x0e,0x0b,0x02,0x00,0x0e,0x00,0x16,0xd6,
0x0f,0x0b,0x42,0x02,0x0f,0x00,0x11,0xd7,0x51,0xa5,0x02,0x00,0x05,0x40,0x10,0xcc,
0x53,0x03,0x02,0x18,0x03,0x00,0xa0,0xbf,0x9f,0xee,0xa5,0xbf,0x22,0xf2,0xa0,0xbf,
0xc1,0x00,0x80,0xbe,0x09,0x00,0x87,0xbf,0x7e,0x00,0x6a,0x91,0x70,0x00,0xa4,0xbf,
0x80,0x82,0x06,0x72,0x05,0x40,0x12,0xcc,0x42,0x01,0x01,0x18,0x80,0x88,0x0e,0x72,
0x80,0x86,0x1a,0x72,0x80,0x7c,0x1c,0x72,0x80,0x8a,0x1e,0x72,0x17,0x40,0x12,0xcc,
0x3b,0x01,0x01,0x18,0x3c,0x00,0x11,0xd7,0x03,0x0b,0x02,0x00,0x38,0x00,0x16,0xd6,
0x07,0x0b,0x42,0x02,0x30,0x00,0x11,0xd7,0x0d,0x1d,0x02,0x00,0x80,0x7e,0x06,0x72,
0x39,0x00,0x11,0xd7,0x0f,0x2f,0x02,0x00,0x80,0x7a,0x0a,0x72,0x80,0x6c,0x1a,0x72,
0x80,0x66,0x1c,0x72,0x0f,0x40,0x12,0xcc,0x35,0x01,0x01,0x18,0x80,0x8c,0x3a,0x72,
0x34,0x00,0x16,0xd6,0x03,0x2f,0x42,0x02,0x31,0x00,0x11,0xd7,0x05,0x1b,0x02,0x00,
0x80,0x6e,0x06,0x72,0x32,0x00,0x11,0xd7,0x0e,0x1f,0x02,0x00,0x80,0x5c,0x0a,0x72,
0x80,0x56,0x1a,0x72,0x0e,0x40,0x12,0xcc,0x2d,0x01,0x01,0x18,0x2c,0x00,0x16,0xd6,
0x1d,0x1f,0x42,0x02,0x80,0x44,0x1e,0x72,0x29,0x00,0x11,0xd7,0x03,0x0b,0x02,0x00,
0x80,0x42,0x06,0x72,0x2a,0x00,0x11,0xd7,0x0d,0x1d,0x02,0x00,0x05,0x40,0x12,0xcc,
0x23,0x01,0x01,0x18,0x80,0x32,0x1a,0x72,0x80,0x48,0x2e,0x72,0x80,0x4c,0x3a,0x72,
0x2f,0x00,0x16,0xd6,0x0f,0x1d,0x42,0x02,0x4e,0x40,0x12,0xcc,0x18,0x01,0x01,0x18,
0x80,0x38,0x1c,0x72,0x80,0x3c,0x1e,0x72,0x18,0x40,0x12,0xcc,0x1b,0x01,0x01,0x18,
0x25,0x00,0x11,0xd7,0x03,0x0b,0x02,0x00,0x27,0x00,0x16,0xd6,0x0d,0x0b,0x42,0x02,
0x80,0x22,0x06,0x72,0x80,0x28,0x0a,0x72,0x80,0x2c,0x1a,0x72,0x47,0x00,0x11,0xd7,
0x17,0x3b,0x02,0x00,0x80,0x34,0x2e,0x72,0x48,0x00,0x11,0xd7,0x0e,0x1f,0x02,0x00,
0x80,0x24,0x1c,0x72,0x0f,0x40,0x12,0xcc,0x13,0x01,0x01,0x18,0x80,0x14,0x14,0x72,
0x1f,0x00,0x16,0xd6,0x03,0x31,0x42,0x02,0x49,0x00,0x11,0xd7,0x05,0x1b,0x02,0x00,
0x50,0x40,0x12,0xcc,0x08,0x01,0x01,0x18,0x80,0x18,0x06,0x72,0x80,0x2a,0x0a,0x72,
0x80,0x12,0x10,0x72,0x09,0x40,0x12,0xcc,0x0b,0x01,0x01,0x18,0x80,0x0c,0x0c,0x72,
0x80,0x08,0x08,0x72,0x80,0x04,0x04,0x72,0x07,0x40,0x12,0xcc,0x3a,0x01,0x01,0x18,
0x4c,0x40,0x12,0xcc,0x28,0x01,0x01,0x18,0x4d,0x40,0x12,0xcc,0x20,0x01,0x01,0x18,
0x4f,0x40,0x12,0xcc,0x10,0x01,0x01,0x18,0x1d,0x00,0x11,0xd7,0x17,0x31,0x02,0x00,
0x4a,0x00,0x11,0xd7,0x0e,0x1f,0x02,0x00,0x17,0x00,0x16,0xd6,0x0a,0x1f,0x42,0x02,
0x4b,0x00,0x11,0xd7,0x03,0x0b,0x02,0x00,0x03,0x40,0x12,0xcc,0x00,0x01,0x01,0x18,
0x0d,0x00,0x11,0xd7,0x08,0x13,0x02,0x00,0x0e,0x00,0x16,0xd6,0x06,0x13,0x42,0x02,
0x0f,0x00,0x11,0xd7,0x04,0x05,0x02,0x00,0x05,0x40,0x12,0xcc,0x01,0x01,0x01,0x18,
0x01,0x00,0x87,0xbf,0x07,0x01,0x10,0xca,0x05,0x01,0x00,0x3a,0x4c,0x03,0x50,0x7e,
0x4d,0x03,0x40,0x7e,0x4e,0x03,0x30,0x7e,0x4f,0x03,0x20,0x7e,0x50,0x03,0x10,0x7e,
0x03,0x03,0x00,0x7e,0x3a,0x01,0x10,0xca,0x30,0x01,0x4c,0x4e,0x38,0x01,0x10,0xca,
0x31,0x01,0x50,0x4c,0x3c,0x01,0x10,0xca,0x39,0x01,0x50,0x07,0x28,0x01,0x10,0xca,
0x29,0x01,0x54,0x52,0x34,0x01,0x10,0xca,0x47,0x01,0x5a,0x4f,0x20,0x01,0x10,0xca,
0x32,0x01,0x52,0x56,0x2c,0x01,0x10,0xca,0x2a,0x01,0x56,0x54,0x18,0x01,0x10,0xca,
0x2f,0x01,0x58,0x5b,0x10,0x01,0x10,0xca,0x25,0x01,0x5c,0x5f,0x48,0x01,0x10,0xca,
0x27,0x01,0x5c,0x5e,0x08,0x01,0x10,0xca,0x49,0x01,0x62,0x67,0x1f,0x01,0x10,0xca,
0x1d,0x01,0x60,0x61,0x00,0x01,0x10,0xca,0x4b,0x01,0x72,0x73,0x17,0x01,0x10,0xca,
0x4a,0x01,0x6c,0x6b,0x01,0x01,0x10,0xca,0x0f,0x01,0x74,0x74,0x0e,0x03,0xee,0x7e,
0x0d,0x03,0xf2,0x7e,0x8f,0xb2,0x92,0x7c,0x05,0x0f,0x00,0x96,0x80,0x00,0x81,0xbe,
0x90,0x0e,0x3a,0x32,0x00,0x81,0x80,0x84,0x00,0x00,0x01,0xd5,0x80,0x02,0xa9,0x01,
0x90,0xa0,0x3c,0x32,0x90,0xa6,0x3e,0x32,0x90,0xae,0x40,0x32,0x90,0x98,0x32,0x32,
0x06,0x00,0x44,0x38,0x90,0x9e,0x34,0x32,0x07,0xfc,0x89,0xbf,0x22,0x00,0x08,0x80,
0x90,0xa8,0x36,0x32,0x90,0xb0,0x38,0x32,0x24,0x00,0x2c,0xd7,0x22,0x3b,0x00,0x00,
0x90,0x9a,0x2a,0x32,0x90,0xa2,0x2c,0x32,0x90,0xaa,0x2e,0x32,0x90,0xb4,0x30,0x32,
0x90,0x9c,0x22,0x32,0x90,0xa4,0x24,0x32,0x90,0xac,0x26,0x32,0x24,0x81,0x42,0x4a,
0x90,0xb6,0x28,0x32,0x90,0xb8,0x1a,0x32,0x90,0xc0,0x1c,0x32,0x90,0xd8,0x1e,0x32,
0x90,0xf2,0x20,0x32,0x90,0xba,0x12,0x32,0x90,0xc2,0x14,0x32,0x90,0xd6,0x16,0x32,
0x90,0xee,0x18,0x32,0x90,0xbc,0x08,0x32,0x90,0xc4,0x0a,0x32,0x90,0xe4,0x0c,0x32,
0x90,0xea,0x10,0x32,0x90,0xbe,0x00,0x32,0x90,0xce,0x02,0x32,0x90,0xe6,0x04,0x32,
0x90,0xe8,0x06,0x32,0x23,0x01,0x00,0x82,0x05,0x81,0x0a,0x84,0x00,0xff,0x09,0x8b,
0xff,0xff,0x00,0x00,0xff,0x00,0x8b,0xbe,0x00,0x40,0x00,0x31,0x7e,0x1f,0x6a,0x91,
0xc1,0x00,0x80,0xbe,0x9a,0x02,0xa4,0xbf,0x90,0x80,0x46,0x38,0x03,0x00,0x4c,0xd4,
0x1c,0x44,0x02,0x00,0x1d,0x80,0x98,0x7c,0xa0,0x80,0x4a,0x38,0xb0,0x80,0x4c,0x38,
0x01,0x00,0x4c,0xd4,0x1d,0x46,0x02,0x00,0x82,0x44,0x56,0x38,0x6a,0x03,0x00,0x8b,
0x24,0x47,0x50,0x4a,0x27,0x00,0x01,0xd5,0xff,0x00,0x01,0x00,0x00,0x00,0x00,0x80,
0x03,0x01,0x02,0x8b,0x00,0x00,0x4c,0xd4,0x1d,0x4a,0x02,0x00,0x29,0x00,0x01,0xd5,
0xff,0x00,0x09,0x00,0x00,0x00,0x00,0x80,0x02,0x00,0x4c,0xd4,0x1d,0x4c,0x02,0x00,
0x2d,0x00,0x2c,0xd7,0x2b,0x3b,0x00,0x00,0x24,0x4b,0x54,0x4a,0x03,0x00,0x04,0x8b,
0x24,0x4d,0x48,0x4a,0x03,0x02,0x03,0x8b,0x2c,0x00,0x01,0xd5,0xff,0x00,0x11,0x00,
0x00,0x00,0x00,0x80,0x2e,0x00,0x01,0xd5,0xff,0x00,0x0d,0x00,0x00,0x00,0x00,0x80,
0x03,0x00,0x4c,0xd4,0x1c,0x56,0x02,0x00,0x27,0x00,0x46,0xd6,0x21,0x03,0x9d,0x04,
0x28,0x00,0x46,0xd6,0x28,0x03,0xa5,0x04,0x29,0x00,0x46,0xd6,0x2a,0x03,0xb1,0x04,
0x2d,0x81,0x54,0x4a,0x6a,0x03,0x04,0x8b,0x24,0x00,0x46,0xd6,0x24,0x03,0xb9,0x04,
0x2b,0x00,0x01,0xd5,0xff,0x00,0x11,0x00,0x00,0x00,0x00,0x80,0x03,0x00,0x85,0xbf,
0x00,0x00,0x64,0xe0,0x27,0x07,0x42,0x80,0x00,0x00,0x64,0xe0,0x28,0x50,0x42,0x80,
0x00,0x00,0x64,0xe0,0x29,0x53,0x42,0x80,0x00,0x00,0x64,0xe0,0x24,0x57,0x42,0x80,
0x01,0x03,0x04,0x8b,0x2d,0x47,0x4e,0x4a,0x28,0x00,0x01,0xd5,0xff,0x00,0x11,0x00,
0x00,0x00,0x00,0x80,0x24,0x00,0x46,0xd6,0x2a,0x03,0xad,0x04,0x84,0x44,0x56,0x38,
0x00,0x03,0x04,0x8b,0x02,0x03,0x03,0x8b,0x2d,0x4b,0x52,0x4a,0x2e,0x00,0x01,0xd5,
0xff,0x00,0x0d,0x00,0x00,0x00,0x00,0x80,0x03,0x00,0x4c,0xd4,0x1c,0x56,0x02,0x00,
0x2a,0x00,0x01,0xd5,0xff,0x00,0x11,0x00,0x00,0x00,0x00,0x80,0x2d,0x4d,0x58,0x4a,
0x15,0x5a,0x5a,0x4a,0x27,0x00,0x46,0xd6,0x27,0x03,0xa1,0x04,0x6a,0x03,0x04,0x8b,
0x28,0x00,0x46,0xd6,0x29,0x03,0xa9,0x04,0x2b,0x00,0x01,0xd5,0xff,0x00,0x11,0x00,
0x00,0x00,0x00,0x80,0x2d,0x81,0x54,0x4a,0x29,0x00,0x46,0xd6,0x2c,0x03,0xb9,0x04,
0x03,0x00,0x85,0xbf,0x00,0x00,0x64,0xe0,0x24,0x1d,0x42,0x80,0x00,0x00,0x64,0xe0,
0x27,0x1e,0x42,0x80,0x00,0x00,0x64,0xe0,0x28,0x1f,0x42,0x80,0x00,0x00,0x64,0xe0,
0x29,0x20,0x42,0x80,0x01,0x03,0x04,0x8b,0x24,0x00,0x46,0xd6,0x2a,0x03,0xad,0x04,
0x86,0x44,0x56,0x38,0x28,0x00,0x01,0xd5,0xff,0x00,0x11,0x00,0x00,0x00,0x00,0x80,
0x00,0x03,0x04,0x8b,0x02,0x03,0x03,0x8b,0x2d,0x47,0x4e,0x4a,0x2e,0x00,0x01,0xd5,
0xff,0x00,0x0d,0x00,0x00,0x00,0x00,0x80,0x03,0x00,0x4c,0xd4,0x1c,0x56,0x02,0x00,
0x2d,0x4b,0x52,0x4a,0x2a,0x00,0x01,0xd5,0xff,0x00,0x11,0x00,0x00,0x00,0x00,0x80,
0x2d,0x4d,0x58,0x4a,0x15,0x5a,0x5a,0x4a,0x6a,0x03,0x04,0x8b,0x27,0x00,0x46,0xd6,
0x27,0x03,0xa1,0x04,0x28,0x00,0x46,0xd6,0x29,0x03,0xa9,0x04,0x2b,0x00,0x01,0xd5,
0xff,0x00,0x11,0x00,0x00,0x00,0x00,0x80,0x2d,0x81,0x54,0x4a,0x29,0x00,0x46,0xd6,
0x2c,0x03,0xb9,0x04,0x03,0x00,0x85,0xbf,0x00,0x00,0x64,0xe0,0x24,0x4c,0x42,0x80,
0x00,0x00,0x64,0xe0,0x27,0x4f,0x42,0x80,0x00,0x00,0x64,0xe0,0x28,0x54,0x42,0x80,
0x00,0x00,0x64,0xe0,0x29,0x58,0x42,0x80,0x01,0x03,0x04,0x8b,0x24,0x00,0x46,0xd6,
0x2a,0x03,0xad,0x04,0x88,0x44,0x56,0x38,0x28,0x00,0x01,0xd5,0xff,0x00,0x11,0x00,
0x00,0x00,0x00,0x80,0x00,0x03,0x04,0x8b,0x02,0x03,0x03,0x8b,0x2d,0x47,0x4e,0x4a,
0x2e,0x00,0x01,0xd5,0xff,0x00,0x0d,0x00,0x00,0x00,0x00,0x80,0x03,0x00,0x4c,0xd4,
0x1c,0x56,0x02,0x00,0x2d,0x4b,0x52,0x4a,0x2a,0x00,0x01,0xd5,0xff,0x00,0x11,0x00,
0x00,0x00,0x00,0x80,0x2d,0x4d,0x58,0x4a,0x15,0x5a,0x5a,0x4a,0x6a,0x03,0x04,0x8b,
0x27,0x00,0x46,0xd6,0x27,0x03,0xa1,0x04,0x28,0x00,0x46,0xd6,0x29,0x03,0xa9,0x04,
0x2b,0x00,0x01,0xd5,0xff,0x00,0x11,0x00,0x00,0x00,0x00,0x80,0x2d,0x81,0x54,0x4a,
0x29,0x00,0x46,0xd6,0x2c,0x03,0xb9,0x04,0x03,0x00,0x85,0xbf,0x00,0x00,0x64,0xe0,
0x24,0x19,0x42,0x80,0x00,0x00,0x64,0xe0,0x27,0x1a,0x42,0x80,0x00,0x00,0x64,0xe0,
0x28,0x1b,0x42,0x80,0x00,0x00,0x64,0xe0,0x29,0x1c,0x42,0x80,0x01,0x03,0x04,0x8b,
0x24,0x00,0x46,0xd6,0x2a,0x03,0xad,0x04,0x8a,0x44,0x56,0x38,0x28,0x00,0x01,0xd5,
0xff,0x00,0x11,0x00,0x00,0x00,0x00,0x80,0x00,0x03,0x04,0x8b,0x02,0x03,0x03,0x8b,
0x2d,0x47,0x4e,0x4a,0x2e,0x00,0x01,0xd5,0xff,0x00,0x0d,0x00,0x00,0x00,0x00,0x80,
0x03,0x00,0x4c,0xd4,0x1c,0x56,0x02,0x00,0x2d,0x4b,0x52,0x4a,0x2a,0x00,0x01,0xd5,
0xff,0x00,0x11,0x00,0x00,0x00,0x00,0x80,0x2d,0x4d,0x58,0x4a,0x15,0x5a,0x5a,0x4a,
0x6a,0x03,0x04,0x8b,0x27,0x00,0x46,0xd6,0x27,0x03,0xa1,0x04,0x28,0x00,0x46,0xd6,
0x29,0x03,0xa9,0x04,0x2b,0x00,0x01,0xd5,0xff,0x00,0x11,0x00,0x00,0x00,0x00,0x80,
0x2d,0x81,0x54,0x4a,0x29,0x00,0x46,0xd6,0x2c,0x03,0xb9,0x04,0x03,0x00,0x85,0xbf,
0x00,0x00,0x64,0xe0,0x24,0x4d,0x42,0x80,0x00,0x00,0x64,0xe0,0x27,0x51,0x42,0x80,
0x00,0x00,0x64,0xe0,0x28,0x55,0x42,0x80,0x00,0x00,0x64,0xe0,0x29,0x5a,0x42,0x80,
0x01,0x03,0x04,0x8b,0x24,0x00,0x46,0xd6,0x2a,0x03,0xad,0x04,0x8c,0x44,0x56,0x38,
0x28,0x00,0x01,0xd5,0xff,0x00,0x11,0x00,0x00,0x00,0x00,0x80,0x00,0x03,0x04,0x8b,
0x02,0x03,0x03,0x8b,0x2d,0x47,0x4e,0x4a,0x2e,0x00,0x01,0xd5,0xff,0x00,0x0d,0x00,
0x00,0x00,0x00,0x80,0x03,0x00,0x4c,0xd4,0x1c,0x56,0x02,0x00,0x2d,0x4b,0x52,0x4a,
0x2a,0x00,0x01,0xd5,0xff,0x00,0x11,0x00,0x00,0x00,0x00,0x80,0x2d,0x4d,0x58,0x4a,
0x15,0x5a,0x5a,0x4a,0x6a,0x03,0x04,0x8b,0x27,0x00,0x46,0xd6,0x27,0x03,0xa1,0x04,
0x28,0x00,0x46,0xd6,0x29,0x03,0xa9,0x04,0x2b,0x00,0x01,0xd5,0xff,0x00,0x11,0x00,
0x00,0x00,0x00,0x80,0x2d,0x81,0x54,0x4a,0x29,0x00,0x46,0xd6,0x2c,0x03,0xb9,0x04,
0x03,0x00,0x85,0xbf,0x00,0x00,0x64,0xe0,0x24,0x15,0x42,0x80,0x00,0x00,0x64,0xe0,
0x27,0x16,0x42,0x80,0x00,0x00,0x64,0xe0,0x28,0x17,0x42,0x80,0x00,0x00,0x64,0xe0,
0x29,0x18,0x42,0x80,0x01,0x03,0x04,0x8b,0x24,0x00,0x46,0xd6,0x2a,0x03,0xad,0x04,
0x8e,0x44,0x56,0x38,0x28,0x00,0x01,0xd5,0xff,0x00,0x11,0x00,0x00,0x00,0x00,0x80,
0x00,0x03,0x04,0x8b,0x02,0x03,0x03,0x8b,0x2d,0x47,0x4e,0x4a,0x2e,0x00,0x01,0xd5,
0xff,0x00,0x0d,0x00,0x00,0x00,0x00,0x80,0x03,0x00,0x4c,0xd4,0x1c,0x56,0x02,0x00,
0x2d,0x4b,0x52,0x4a,0x2a,0x00,0x01,0xd5,0xff,0x00,0x11,0x00,0x00,0x00,0x00,0x80,
0x2d,0x4d,0x58,0x4a,0x15,0x5a,0x5a,0x4a,0x6a,0x03,0x04,0x8b,0x27,0x00,0x46,0xd6,
0x27,0x03,0xa1,0x04,0x28,0x00,0x46,0xd6,0x29,0x03,0xa9,0x04,0x2b,0x00,0x01,0xd5,
0xff,0x00,0x11,0x00,0x00,0x00,0x00,0x80,0x2d,0x81,0x54,0x4a,0x29,0x00,0x46,0xd6,
0x2c,0x03,0xb9,0x04,0x03,0x00,0x85,0xbf,0x00,0x00,0x64,0xe0,0x24,0x4e,0x42,0x80,
0x00,0x00,0x64,0xe0,0x27,0x52,0x42,0x80,0x00,0x00,0x64,0xe0,0x28,0x56,0x42,0x80,
0x00,0x00,0x64,0xe0,0x29,0x5b,0x42,0x80,0x01,0x03,0x04,0x8b,0x24,0x00,0x46,0xd6,
0x2a,0x03,0xad,0x04,0x90,0x44,0x56,0x38,0x28,0x00,0x01,0xd5,0xff,0x00,0x11,0x00,
0x00,0x00,0x00,0x80,0x00,0x03,0x04,0x8b,0x02,0x03,0x03,0x8b,0x2d,0x47,0x4e,0x4a,
0x2e,0x00,0x01,0xd5,0xff,0x00,0x0d,0x00,0x00,0x00,0x00,0x80,0x03,0x00,0x4c,0xd4,
0x1c,0x56,0x02,0x00,0x2d,0x4b,0x52,0x4a,0x2a,0x00,0x01,0xd5,0xff,0x00,0x11,0x00,
0x00,0x00,0x00,0x80,0x2d,0x4d,0x58,0x4a,0x15,0x5a,0x5a,0x4a,0x6a,0x03,0x04,0x8b,
0x27,0x00,0x46,0xd6,0x27,0x03,0xa1,0x04,0x28,0x00,0x46,0xd6,0x29,0x03,0xa9,0x04,
0x2b,0x00,0x01,0xd5,0xff,0x00,0x11,0x00,0x00,0x00,0x00,0x80,0x2d,0x81,0x54,0x4a,
0x29,0x00,0x46,0xd6,0x2c,0x03,0xb9,0x04,0x03,0x00,0x85,0xbf,0x00,0x00,0x64,0xe0,
0x24,0x11,0x42,0x80,0x00,0x00,0x64,0xe0,0x27,0x12,0x42,0x80,0x00,0x00,0x64,0xe0,
0x28,0x13,0x42,0x80,0x00,0x00,0x64,0xe0,0x29,0x14,0x42,0x80,0x01,0x03,0x04,0x8b,
0x24,0x00,0x46,0xd6,0x2a,0x03,0xad,0x04,0x92,0x44,0x56,0x38,0x28,0x00,0x01,0xd5,
0xff,0x00,0x11,0x00,0x00,0x00,0x00,0x80,0x00,0x03,0x04,0x8b,0x02,0x03,0x03,0x8b,
0x2d,0x47,0x4e,0x4a,0x2e,0x00,0x01,0xd5,0xff,0x00,0x0d,0x00,0x00,0x00,0x00,0x80,
0x03,0x00,0x4c,0xd4,0x1c,0x56,0x02,0x00,0x2d,0x4b,0x52,0x4a,0x2a,0x00,0x01,0xd5,
0xff,0x00,0x11,0x00,0x00,0x00,0x00,0x80,0x2d,0x4d,0x58,0x4a,0x15,0x5a,0x5a,0x4a,
0x6a,0x03,0x04,0x8b,0x27,0x00,0x46,0xd6,0x27,0x03,0xa1,0x04,0x28,0x00,0x46,0xd6,
0x29,0x03,0xa9,0x04,0x2b,0x00,0x01,0xd5,0xff,0x00,0x11,0x00,0x00,0x00,0x00,0x80,
0x2d,0x81,0x54,0x4a,0x29,0x00,0x46,0xd6,0x2c,0x03,0xb9,0x04,0x03,0x00,0x85,0xbf,
0x00,0x00,0x64,0xe0,0x24,0x5c,0x42,0x80,0x00,0x00,0x64,0xe0,0x27,0x60,0x42,0x80,
0x00,0x00,0x64,0xe0,0x28,0x6c,0x42,0x80,0x00,0x00,0x64,0xe0,0x29,0x79,0x42,0x80,
0x01,0x03,0x04,0x8b,0x24,0x00,0x46,0xd6,0x2a,0x03,0xad,0x04,0x94,0x44,0x56,0x38,
0x28,0x00,0x01,0xd5,0xff,0x00,0x11,0x00,0x00,0x00,0x00,0x80,0x00,0x03,0x04,0x8b,
0x02,0x03,0x03,0x8b,0x2d,0x47,0x4e,0x4a,0x2e,0x00,0x01,0xd5,0xff,0x00,0x0d,0x00,
0x00,0x00,0x00,0x80,0x03,0x00,0x4c,0xd4,0x1c,0x56,0x02,0x00,0x2d,0x4b,0x52,0x4a,
0x2a,0x00,0x01,0xd5,0xff,0x00,0x11,0x00,0x00,0x00,0x00,0x80,0x2d,0x4d,0x58,0x4a,
0x15,0x5a,0x5a,0x4a,0x6a,0x03,0x04,0x8b,0x27,0x00,0x46,0xd6,0x27,0x03,0xa1,0x04,
0x28,0x00,0x46,0xd6,0x29,0x03,0xa9,0x04,0x2b,0x00,0x01,0xd5,0xff,0x00,0x11,0x00,
0x00,0x00,0x00,0x80,0x2d,0x81,0x54,0x4a,0x29,0x00,0x46,0xd6,0x2c,0x03,0xb9,0x04,
0x03,0x00,0x85,0xbf,0x00,0x00,0x64,0xe0,0x24,0x0d,0x42,0x80,0x00,0x00,0x64,0xe0,
0x27,0x0e,0x42,0x80,0x00,0x00,0x64,0xe0,0x28,0x0f,0x42,0x80,0x00,0x00,0x64,0xe0,
0x29,0x10,0x42,0x80,0x01,0x03,0x04,0x8b,0x24,0x00,0x46,0xd6,0x2a,0x03,0xad,0x04,
0x28,0x00,0x01,0xd5,0xff,0x00,0x11,0x00,0x00,0x00,0x00,0x80,0x00,0x03,0x04,0x8b,
0x2d,0x47,0x4e,0x4a,0x02,0x03,0x03,0x8b,0x00,0x00,0x64,0xe0,0x24,0x5d,0x42,0x80,
0x96,0x44,0x48,0x38,0x2d,0x4b,0x52,0x4a,0x2a,0x00,0x01,0xd5,0xff,0x00,0x11,0x00,
0x00,0x00,0x00,0x80,0x2d,0x4d,0x56,0x4a,0x2c,0x00,0x01,0xd5,0xff,0x00,0x0d,0x00,
0x00,0x00,0x00,0x80,0x03,0x00,0x4c,0xd4,0x1c,0x48,0x02,0x00,0x27,0x00,0x46,0xd6,
0x27,0x03,0xa1,0x04,0x28,0x00,0x46,0xd6,0x29,0x03,0xa9,0x04,0x15,0x5a,0x54,0x4a,
0x29,0x00,0x46,0xd6,0x2b,0x03,0xb1,0x04,0x6a,0x03,0x04,0x8b,0x98,0x44,0x56,0x38,
0x02,0x00,0x85,0xbf,0x00,0x00,0x64,0xe0,0x27,0x61,0x42,0x80,0x00,0x00,0x64,0xe0,
0x28,0x6b,0x42,0x80,0x00,0x00,0x64,0xe0,0x29,0x77,0x42,0x80,0x27,0x00,0x01,0xd5,
0xff,0x00,0x11,0x00,0x00,0x00,0x00,0x80,0x01,0x03,0x04,0x8b,0x15,0x54,0x5c,0x4a,
0x29,0x00,0x01,0xd5,0xff,0x00,0x11,0x00,0x00,0x00,0x00,0x80,0x00,0x03,0x04,0x8b,
0x2a,0x81,0x48,0x4a,0x2d,0x00,0x01,0xd5,0xff,0x00,0x11,0x00,0x00,0x00,0x00,0x80,
0x04,0x00,0x4c,0xd4,0x1c,0x56,0x02,0x00,0x02,0x03,0x03,0x8b,0x2a,0x47,0x50,0x4a,
0x2a,0x4b,0x58,0x4a,0x2b,0x00,0x01,0xd5,0xff,0x00,0x0d,0x00,0x00,0x00,0x00,0x80,
0x6a,0x04,0x03,0x8b,0x2a,0x4d,0x54,0x4a,0x2e,0x81,0x5e,0x4a,0x30,0x00,0x01,0xd5,
0xff,0x00,0x0d,0x00,0x00,0x00,0x00,0x80,0x24,0x00,0x46,0xd6,0x24,0x03,0x9d,0x04,
0x27,0x00,0x46,0xd6,0x28,0x03,0xa5,0x04,0x28,0x00,0x46,0xd6,0x2c,0x03,0xb5,0x04,
0x29,0x00,0x46,0xd6,0x2a,0x03,0xad,0x04,0x01,0x04,0x03,0x8b,0x2a,0x00,0x46,0xd6,
0x2f,0x03,0xc1,0x04,0x04,0x00,0x85,0xbf,0x00,0x00,0x64,0xe0,0x24,0x09,0x42,0x80,
0x00,0x00,0x64,0xe0,0x27,0x0a,0x42,0x80,0x00,0x00,0x64,0xe0,0x28,0x0b,0x42,0x80,
0x00,0x00,0x64,0xe0,0x29,0x0c,0x42,0x80,0x00,0x00,0x64,0xe0,0x2a,0x5e,0x42,0x80,
0x27,0x00,0x01,0xd5,0xff,0x00,0x0d,0x00,0x00,0x00,0x00,0x80,0x00,0x04,0x03,0x8b,
0x9a,0x44,0x54,0x38,0x2e,0x47,0x48,0x4a,0x29,0x00,0x01,0xd5,0xff,0x00,0x0d,0x00,
0x00,0x00,0x00,0x80,0x02,0x04,0x03,0x8b,0x2e,0x4b,0x50,0x4a,0x2e,0x4d,0x56,0x4a,
0x2c,0x00,0x01,0xd5,0xff,0x00,0x0d,0x00,0x00,0x00,0x00,0x80,0x03,0x00,0x4c,0xd4,
0x1c,0x54,0x02,0x00,0x15,0x5c,0x5a,0x4a,0x24,0x00,0x46,0xd6,0x24,0x03,0x9d,0x04,
0x27,0x00,0x46,0xd6,0x28,0x03,0xa5,0x04,0x28,0x00,0x46,0xd6,0x2b,0x03,0xb1,0x04,
0x6a,0x03,0x04,0x8b,0x2d,0x81,0x52,0x4a,0x2a,0x00,0x01,0xd5,0xff,0x00,0x11,0x00,
0x00,0x00,0x00,0x80,0x01,0x03,0x04,0x8b,0x02,0x00,0x85,0xbf,0x00,0x00,0x64,0xe0,
0x24,0x62,0x42,0x80,0x00,0x00,0x64,0xe0,0x27,0x72,0x42,0x80,0x00,0x00,0x64,0xe0,
0x28,0x75,0x42,0x80,0x9c,0x44,0x50,0x38,0x2d,0x47,0x56,0x4a,0x2c,0x00,0x01,0xd5,
0xff,0x00,0x11,0x00,0x00,0x00,0x00,0x80,0x00,0x03,0x04,0x8b,0x24,0x00,0x46,0xd6,
0x29,0x03,0xa9,0x04,0x2a,0x00,0x01,0xd5,0xff,0x00,0x11,0x00,0x00,0x00,0x00,0x80,
0x04,0x00,0x4c,0xd4,0x1c,0x50,0x02,0x00,0x27,0x00,0x46,0xd6,0x2b,0x03,0xb1,0x04,
0x15,0x5a,0x56,0x4a,0x02,0x03,0x03,0x8b,0x2d,0x4b,0x52,0x4a,0x2c,0x00,0x01,0xd5,
0xff,0x00,0x0d,0x00,0x00,0x00,0x00,0x80,0x6a,0x04,0x03,0x8b,0x2d,0x4d,0x50,0x4a,
0x2b,0x81,0x5a,0x4a,0x2e,0x00,0x01,0xd5,0xff,0x00,0x0d,0x00,0x00,0x00,0x00,0x80,
0x01,0x04,0x03,0x8b,0x01,0x00,0x85,0xbf,0x00,0x00,0x64,0xe0,0x24,0x04,0x42,0x80,
0x00,0x00,0x64,0xe0,0x27,0x05,0x42,0x80,0x24,0x00,0x46,0xd6,0x29,0x03,0xa9,0x04,
0x2b,0x47,0x52,0x4a,0x2a,0x00,0x01,0xd5,0xff,0x00,0x0d,0x00,0x00,0x00,0x00,0x80,
0x9e,0x44,0x44,0x38,0x27,0x00,0x46,0xd6,0x28,0x03,0xb1,0x04,0x00,0x04,0x03,0x8b,
0x28,0x00,0x46,0xd6,0x2d,0x03,0xb9,0x04,0x2d,0x00,0x01,0xd5,0xff,0x00,0x0d,0x00,
0x00,0x00,0x00,0x80,0x02,0x04,0x03,0x8b,0x2b,0x4b,0x58,0x4a,0x02,0x00,0x85,0xbf,
0x00,0x00,0x64,0xe0,0x24,0x06,0x42,0x80,0x00,0x00,0x64,0xe0,0x27,0x08,0x42,0x80,
0x00,0x00,0x64,0xe0,0x28,0x5f,0x42,0x80,0x24,0x00,0x46,0xd6,0x29,0x03,0xa9,0x04,
0x29,0x00,0x01,0xd5,0xff,0x00,0x0d,0x00,0x00,0x00,0x00,0x80,0x03,0x00,0x4c,0xd4,
0x1c,0x44,0x02,0x00,0x2b,0x4d,0x50,0x4a,0x15,0x56,0x54,0x4a,0x27,0x00,0x46,0xd6,
0x2c,0x03,0xb5,0x04,0x01,0x00,0x85,0xbf,0x00,0x00,0x64,0xe0,0x24,0x67,0x42,0x80,
0x00,0x00,0x64,0xe0,0x27,0x73,0x42,0x80,0x00,0x03,0x00,0x8b,0x22,0x00,0x46,0xd6,
0x28,0x03,0xa5,0x04,0x6a,0x03,0x04,0x8b,0x29,0x00,0x01,0xd5,0xff,0x00,0x01,0x00,
0x00,0x00,0x00,0x80,0x02,0x03,0x00,0x8b,0x01,0x03,0x01,0x8b,0x2a,0x81,0x48,0x4a,
0x27,0x00,0x01,0xd5,0xff,0x00,0x11,0x00,0x00,0x00,0x00,0x80,0x2a,0x47,0x46,0x4a,
0x2a,0x4b,0x4a,0x4a,0x2a,0x4d,0x4c,0x4a,0x2a,0x00,0x01,0xd5,0xff,0x00,0x01,0x00,
0x00,0x00,0x00,0x80,0x28,0x00,0x01,0xd5,0xff,0x00,0x05,0x00,0x00,0x00,0x00,0x80,
0x24,0x00,0x46,0xd6,0x24,0x03,0x9d,0x04,0x00,0x00,0x64,0xe0,0x22,0x74,0x42,0x80,
0x25,0x00,0x46,0xd6,0x25,0x03,0xa5,0x04,0x22,0x00,0x46,0xd6,0x26,0x03,0xa9,0x04,
0x23,0x00,0x46,0xd6,0x23,0x03,0xa1,0x04,0x80,0x00,0x80,0xbe,0x03,0x00,0x85,0xbf,
0x00,0x00,0x64,0xe0,0x24,0x00,0x42,0x80,0x00,0x00,0x64,0xe0,0x23,0x01,0x42,0x80,
0x00,0x00,0x64,0xe0,0x25,0x02,0x42,0x80,0x00,0x00,0x64,0xe0,0x22,0x03,0x42,0x80,
0x7e,0x00,0x6a,0x91,0xae,0x00,0xa4,0xbf,0x15,0x42,0x44,0x4a,0x81,0x42,0x42,0x30,
0x03,0x00,0x85,0xbf,0x00,0x00,0x64,0xe0,0x21,0x07,0x42,0x80,0x20,0x00,0x64,0xe0,
0x21,0x50,0x42,0x80,0x40,0x00,0x64,0xe0,0x21,0x53,0x42,0x80,0x60,0x00,0x64,0xe0,
0x21,0x57,0x42,0x80,0x81,0x44,0x46,0x30,0x15,0x44,0x44,0x4a,0x03,0x00,0x85,0xbf,
0x00,0x00,0x64,0xe0,0x23,0x1d,0x42,0x80,0x20,0x00,0x64,0xe0,0x23,0x1e,0x42,0x80,
0x40,0x00,0x64,0xe0,0x23,0x1f,0x42,0x80,0x60,0x00,0x64,0xe0,0x23,0x20,0x42,0x80,
0x15,0x44,0x42,0x4a,0x81,0x44,0x0e,0x30,0x03,0x00,0x85,0xbf,0x00,0x00,0x64,0xe0,
0x07,0x4c,0x42,0x80,0x20,0x00,0x64,0xe0,0x07,0x4f,0x42,0x80,0x40,0x00,0x64,0xe0,
0x07,0x54,0x42,0x80,0x60,0x00,0x64,0xe0,0x07,0x58,0x42,0x80,0x15,0x42,0x3c,0x4a,
0x81,0x42,0x3a,0x30,0x03,0x00,0x85,0xbf,0x00,0x00,0x64,0xe0,0x1d,0x19,0x42,0x80,
0x20,0x00,0x64,0xe0,0x1d,0x1a,0x42,0x80,0x40,0x00,0x64,0xe0,0x1d,0x1b,0x42,0x80,
0x60,0x00,0x64,0xe0,0x1d,0x1c,0x42,0x80,0x81,0x3c,0x0e,0x30,0x15,0x3c,0x3c,0x4a,
0x03,0x00,0x85,0xbf,0x00,0x00,0x64,0xe0,0x07,0x4d,0x42,0x80,0x20,0x00,0x64,0xe0,
0x07,0x51,0x42,0x80,0x40,0x00,0x64,0xe0,0x07,0x55,0x42,0x80,0x60,0x00,0x64,0xe0,
0x07,0x5a,0x42,0x80,0x15,0x3c,0x34,0x4a,0x81,0x3c,0x32,0x30,0x03,0x00,0x85,0xbf,
0x00,0x00,0x64,0xe0,0x19,0x15,0x42,0x80,0x20,0x00,0x64,0xe0,0x19,0x16,0x42,0x80,
0x40,0x00,0x64,0xe0,0x19,0x17,0x42,0x80,0x60,0x00,0x64,0xe0,0x19,0x18,0x42,0x80,
0x81,0x34,0x0e,0x30,0x15,0x34,0x34,0x4a,0x03,0x00,0x85,0xbf,0x00,0x00,0x64,0xe0,
0x07,0x4e,0x42,0x80,0x20,0x00,0x64,0xe0,0x07,0x52,0x42,0x80,0x40,0x00,0x64,0xe0,
0x07,0x56,0x42,0x80,0x60,0x00,0x64,0xe0,0x07,0x5b,0x42,0x80,0x15,0x34,0x2c,0x4a,
0x81,0x34,0x2a,0x30,0x03,0x00,0x85,0xbf,0x00,0x00,0x64,0xe0,0x15,0x11,0x42,0x80,
0x20,0x00,0x64,0xe0,0x15,0x12,0x42,0x80,0x40,0x00,0x64,0xe0,0x15,0x13,0x42,0x80,
0x60,0x00,0x64,0xe0,0x15,0x14,0x42,0x80,0x81,0x2c,0x0e,0x30,0x15,0x2c,0x2c,0x4a,
0x03,0x00,0x85,0xbf,0x00,0x00,0x64,0xe0,0x07,0x5c,0x42,0x80,0x20,0x00,0x64,0xe0,
0x07,0x60,0x42,0x80,0x40,0x00,0x64,0xe0,0x07,0x6c,0x42,0x80,0x60,0x00,0x64,0xe0,
0x07,0x79,0x42,0x80,0x15,0x2c,0x24,0x4a,0x81,0x2c,0x22,0x30,0x03,0x00,0x85,0xbf,
0x00,0x00,0x64,0xe0,0x11,0x0d,0x42,0x80,0x20,0x00,0x64,0xe0,0x11,0x0e,0x42,0x80,
0x40,0x00,0x64,0xe0,0x11,0x0f,0x42,0x80,0x60,0x00,0x64,0xe0,0x11,0x10,0x42,0x80,
0x81,0x24,0x0e,0x30,0x15,0x24,0x24,0x4a,0x03,0x00,0x85,0xbf,0x00,0x00,0x64,0xe0,
0x07,0x5d,0x42,0x80,0x20,0x00,0x64,0xe0,0x07,0x61,0x42,0x80,0x40,0x00,0x64,0xe0,
0x07,0x6b,0x42,0x80,0x60,0x00,0x64,0xe0,0x07,0x77,0x42,0x80,0x15,0x24,0x1c,0x4a,
0x81,0x24,0x1a,0x30,0x03,0x00,0x85,0xbf,0x00,0x00,0x64,0xe0,0x0d,0x09,0x42,0x80,
0x20,0x00,0x64,0xe0,0x0d,0x0a,0x42,0x80,0x40,0x00,0x64,0xe0,0x0d,0x0b,0x42,0x80,
0x60,0x00,0x64,0xe0,0x0d,0x0c,0x42,0x80,0x81,0x1c,0x0e,0x30,0x15,0x1c,0x1c,0x4a,
0x03,0x00,0x85,0xbf,0x00,0x00,0x64,0xe0,0x07,0x5e,0x42,0x80,0x20,0x00,0x64,0xe0,
0x07,0x62,0x42,0x80,0x40,0x00,0x64,0xe0,0x07,0x72,0x42,0x80,0x60,0x00,0x64,0xe0,
0x07,0x75,0x42,0x80,0x15,0x1c,0x14,0x4a,0x81,0x1c,0x12,0x30,0x03,0x00,0x85,0xbf,
0x00,0x00,0x64,0xe0,0x09,0x04,0x42,0x80,0x20,0x00,0x64,0xe0,0x09,0x05,0x42,0x80,
0x40,0x00,0x64,0xe0,0x09,0x06,0x42,0x80,0x60,0x00,0x64,0xe0,0x09,0x08,0x42,0x80,
0x81,0x14,0x0e,0x30,0x04,0x00,0x47,0xd6,0x0a,0x2b,0x04,0x02,0x07,0x00,0x85,0xbf,
0x00,0x00,0x64,0xe0,0x07,0x5f,0x42,0x80,0x20,0x00,0x64,0xe0,0x07,0x67,0x42,0x80,
0x40,0x00,0x64,0xe0,0x07,0x73,0x42,0x80,0x60,0x00,0x64,0xe0,0x07,0x74,0x42,0x80,
0x00,0x00,0x64,0xe0,0x04,0x00,0x42,0x80,0x20,0x00,0x64,0xe0,0x04,0x01,0x42,0x80,
0x40,0x00,0x64,0xe0,0x04,0x02,0x42,0x80,0x60,0x00,0x64,0xe0,0x04,0x03,0x42,0x80,
0x00,0x00,0x80,0xbf,0x03,0x00,0xb6,0xbf,0x00,0x00,0xb0,0xbf,0x00,0x00,0x9f,0xbf,
0x00,0x00,0x9f,0xbf,0x00,0x00,0x9f,0xbf,0x00,0x00,0x9f,0xbf,0x00,0x00,0x9f,0xbf,
0x00,0x00,0x9f,0xbf,0x00,0x00,0x9f,0xbf,0x00,0x00,0x9f,0xbf,0x00,0x00,0x9f,0xbf,
0x00,0x00,0x9f,0xbf,0x00,0x00,0x9f,0xbf,0x00,0x00,0x9f,0xbf,0x00,0x00,0x9f,0xbf,
0x00,0x00,0x9f,0xbf,0x00,0x00,0x9f,0xbf,0x00,0x00,0x9f,0xbf,0x00,0x00,0x9f,0xbf,
0x00,0x00,0x9f,0xbf,0x00,0x00,0x9f,0xbf,0x00,0x00,0x9f,0xbf,0x00,0x00,0x9f,0xbf,
0x00,0x00,0x9f,0xbf,0x00,0x00,0x9f,0xbf,0x00,0x00,0x9f,0xbf,0x00,0x00,0x9f,0xbf,
0x00,0x00,0x9f,0xbf,0x00,0x00,0x9f,0xbf,0x00,0x00,0x9f,0xbf,0x00,0x00,0x9f,0xbf,
0x00,0x00,0x9f,0xbf,0x00,0x00,0x9f,0xbf,0x00,0x00,0x9f,0xbf,0x00,0x00,0x9f,0xbf,
0x00,0x00,0x9f,0xbf,0x00,0x00,0x9f,0xbf,0x00,0x00,0x9f,0xbf,0x00,0x00,0x9f,0xbf,
0x00,0x00,0x9f,0xbf,0x00,0x00,0x9f,0xbf,0x00,0x00,0x9f,0xbf,0x00,0x00,0x9f,0xbf,
0x00,0x00,0x9f,0xbf,0x00,0x00,0x9f,0xbf,0x00,0x00,0x9f,0xbf,0x00,0x00,0x9f,0xbf,
0x00,0x00,0x9f,0xbf,0x00,0x00,0x9f,0xbf,0x00,0x00,0x9f,0xbf,0x00,0x00,0x9f,0xbf,
0x00,0x00,0x9f,0xbf,0x00,0x00,0x9f,0xbf,0x00,0x00,0x9f,0xbf,0x00,0x00,0x9f,0xbf,
0x00,0x00,0x9f,0xbf,0x00,0x00,0x9f,0xbf,0x00,0x00,0x9f,0xbf,0x00,0x00,0x9f,0xbf,
0x00,0x00,0x9f,0xbf,0x00,0x00,0x9f,0xbf,0x00,0x00,0x9f,0xbf,0x00,0x00,0x9f,0xbf,
0x00,0x00,0x9f,0xbf,0x00,0x00,0x9f,0xbf,0x00,0x00,0x9f,0xbf,0x00,0x00,0x9f,0xbf,
0x00,0x00,0x9f,0xbf,0x00,0x00,0x9f,0xbf,0x00,0x00,0x9f,0xbf,0x00,0x00,0x9f,0xbf,
0x00,0x00,0x9f,0xbf,0x00,0x00,0x9f,0xbf,0x00,0x00,0x9f,0xbf,0x00,0x00,0x9f,0xbf,
0x00,0x00,0x9f,0xbf,0x00,0x00,0x9f,0xbf,0x00,0x00,0x9f,0xbf,0x00,0x00,0x9f,0xbf,
0x00,0x00,0x9f,0xbf,0x00,0x00,0x9f,0xbf,0x00,0x00,0x9f,0xbf,0x00,0x00,0x9f,0xbf,
0x00,0x00,0x9f,0xbf,0x00,0x00,0x9f,0xbf,0x00,0x00,0x9f,0xbf,0x00,0x00,0x9f,0xbf,
0x00,0x00,0x9f,0xbf,0x00,0x00,0x9f,0xbf,0x00,0x00,0x9f,0xbf,0x00,0x00,0x9f,0xbf,
0x00,0x00,0x9f,0xbf,0x00,0x00,0x9f,0xbf,0x00,0x00,0x9f,0xbf,0x00,0x00,0x9f,0xbf,
0x00,0x00,0x9f,0xbf,0x00,0x00,0x9f,0xbf,0x00,0x00,0x9f,0xbf,0x00,0x00,0x9f,0xbf,
0x00,0x78,0x00,0x00,0x00,0x00,0x00,0x00,0x58,0x01,0x00,0x00,0x00,0x00,0x00,0x00,
0x00,0x00,0x00,0x00,0x00,0x00,0x00,0x00,0x00,0x00,0x00,0x00,0x00,0x00,0x00,0x00,
0x00,0x00,0x00,0x00,0x00,0x00,0x00,0x00,0x00,0x00,0x00,0x00,0x00,0x00,0x00,0x00,
0x19,0x00,0xaf,0x40,0x9a,0x0b,0x00,0x00,0x08,0x04,0x00,0x00,0x00,0x00,0x00,0x00,
0x00,0x63,0x6c,0x61,0x6e,0x67,0x20,0x76,0x65,0x72,0x73,0x69,0x6f,0x6e,0x20,0x31,
0x39,0x2e,0x30,0x2e,0x30,0x67,0x69,0x74,0x00,0x00,0x00,0x00,0x07,0x00,0x00,0x00,
0xd7,0x07,0x00,0x00,0x20,0x00,0x00,0x00,0x41,0x4d,0x44,0x47,0x50,0x55,0x00,0x00,
0x83,0xae,0x61,0x6d,0x64,0x68,0x73,0x61,0x2e,0x6b,0x65,0x72,0x6e,0x65,0x6c,0x73,
0x91,0xde,0x00,0x12,0xa5,0x2e,0x61,0x72,0x67,0x73,0xdc,0x00,0x1e,0x83,0xa7,0x2e,
0x6f,0x66,0x66,0x73,0x65,0x74,0x00,0xa5,0x2e,0x73,0x69,0x7a,0x65,0x04,0xab,0x2e,
0x76,0x61,0x6c,0x75,0x65,0x5f,0x6b,0x69,0x6e,0x64,0xa8,0x62,0x79,0x5f,0x76,0x61,
0x6c,0x75,0x65,0x83,0xa7,0x2e,0x6f,0x66,0x66,0x73,0x65,0x74,0x04,0xa5,0x2e,0x73,
0x69,0x7a,0x65,0x04,0xab,0x2e,0x76,0x61,0x6c,0x75,0x65,0x5f,0x6b,0x69,0x6e,0x64,
0xa8,0x62,0x79,0x5f,0x76,0x61,0x6c,0x75,0x65,0x83,0xa7,0x2e,0x6f,0x66,0x66,0x73,
0x65,0x74,0x08,0xa5,0x2e,0x73,0x69,0x7a,0x65,0x04,0xab,0x2e,0x76,0x61,0x6c,0x75,
0x65,0x5f,0x6b,0x69,0x6e,0x64,0xa8,0x62,0x79,0x5f,0x76,0x61,0x6c,0x75,0x65,0x85,
0xae,0x2e,0x61,0x63,0x74,0x75,0x61,0x6c,0x5f,0x61,0x63,0x63,0x65,0x73,0x73,0xa9,
0x72,0x65,0x61,0x64,0x5f,0x6f,0x6e,0x6c,0x79,0xae,0x2e,0x61,0x64,0x64,0x72,0x65,
0x73,0x73,0x5f,0x73,0x70,0x61,0x63,0x65,0xa6,0x67,0x6c,0x6f,0x62,0x61,0x6c,0xa7,
0x2e,0x6f,0x66,0x66,0x73,0x65,0x74,0x10,0xa5,0x2e,0x73,0x69,0x7a,0x65,0x08,0xab,
0x2e,0x76,0x61,0x6c,0x75,0x65,0x5f,0x6b,0x69,0x6e,0x64,0xad,0x67,0x6c,0x6f,0x62,
0x61,0x6c,0x5f,0x62,0x75,0x66,0x66,0x65,0x72,0x85,0xae,0x2e,0x61,0x63,0x74,0x75,
0x61,0x6c,0x5f,0x61,0x63,0x63,0x65,0x73,0x73,0xa9,0x72,0x65,0x61,0x64,0x5f,0x6f,
0x6e,0x6c,0x79,0xae,0x2e,0x61,0x64,0x64,0x72,0x65,0x73,0x73,0x5f,0x73,0x70,0x61,
0x63,0x65,0xa6,0x67,0x6c,0x6f,0x62,0x61,0x6c,0xa7,0x2e,0x6f,0x66,0x66,0x73,0x65,
0x74,0x18,0xa5,0x2e,0x73,0x69,0x7a,0x65,0x08,0xab,0x2e,0x76,0x61,0x6c,0x75,0x65,
0x5f,0x6b,0x69,0x6e,0x64,0xad,0x67,0x6c,0x6f,0x62,0x61,0x6c,0x5f,0x62,0x75,0x66,
0x66,0x65,0x72,0x85,0xae,0x2e,0x61,0x63,0x74,0x75,0x61,0x6c,0x5f,0x61,0x63,0x63,
0x65,0x73,0x73,0xa9,0x72,0x65,0x61,0x64,0x5f,0x6f,0x6e,0x6c,0x79,0xae,0x2e,0x61,
0x64,0x64,0x72,0x65,0x73,0x73,0x5f,0x73,0x70,0x61,0x63,0x65,0xa6,0x67,0x6c,0x6f,
0x62,0x61,0x6c,0xa7,0x2e,0x6f,0x66,0x66,0x73,0x65,0x74,0x20,0xa5,0x2e,0x73,0x69,
0x7a,0x65,0x08,0xab,0x2e,0x76,0x61,0x6c,0x75,0x65,0x5f,0x6b,0x69,0x6e,0x64,0xad,
0x67,0x6c,0x6f,0x62,0x61,0x6c,0x5f,0x62,0x75,0x66,0x66,0x65,0x72,0x84,0xae,0x2e,
0x61,0x64,0x64,0x72,0x65,0x73,0x73,0x5f,0x73,0x70,0x61,0x63,0x65,0xa6,0x67,0x6c,
0x6f,0x62,0x61,0x6c,0xa7,0x2e,0x6f,0x66,0x66,0x73,0x65,0x74,0x28,0xa5,0x2e,0x73,
0x69,0x7a,0x65,0x08,0xab,0x2e,0x76,0x61,0x6c,0x75,0x65,0x5f,0x6b,0x69,0x6e,0x64,
0xad,0x67,0x6c,0x6f,0x62,0x61,0x6c,0x5f,0x62,0x75,0x66,0x66,0x65,0x72,0x83,0xa7,
0x2e,0x6f,0x66,0x66,0x73,0x65,0x74,0x30,0xa5,0x2e,0x73,0x69,0x7a,0x65,0x04,0xab,
0x2e,0x76,0x61,0x6c,0x75,0x65,0x5f,0x6b,0x69,0x6e,0x64,0xa8,0x62,0x79,0x5f,0x76,
0x61,0x6c,0x75,0x65,0x83,0xa7,0x2e,0x6f,0x66,0x66,0x73,0x65,0x74,0x34,0xa5,0x2e,
0x73,0x69,0x7a,0x65,0x04,0xab,0x2e,0x76,0x61,0x6c,0x75,0x65,0x5f,0x6b,0x69,0x6e,
0x64,0xa8,0x62,0x79,0x5f,0x76,0x61,0x6c,0x75,0x65,0x83,0xa7,0x2e,0x6f,0x66,0x66,
0x73,0x65,0x74,0x38,0xa5,0x2e,0x73,0x69,0x7a,0x65,0x04,0xab,0x2e,0x76,0x61,0x6c,
0x75,0x65,0x5f,0x6b,0x69,0x6e,0x64,0xa8,0x62,0x79,0x5f,0x76,0x61,0x6c,0x75,0x65,
0x83,0xa7,0x2e,0x6f,0x66,0x66,0x73,0x65,0x74,0x3c,0xa5,0x2e,0x73,0x69,0x7a,0x65,
0x04,0xab,0x2e,0x76,0x61,0x6c,0x75,0x65,0x5f,0x6b,0x69,0x6e,0x64,0xa8,0x62,0x79,
0x5f,0x76,0x61,0x6c,0x75,0x65,0x83,0xa7,0x2e,0x6f,0x66,0x66,0x73,0x65,0x74,0x40,
0xa5,0x2e,0x73,0x69,0x7a,0x65,0x04,0xab,0x2e,0x76,0x61,0x6c,0x75,0x65,0x5f,0x6b,
0x69,0x6e,0x64,0xa8,0x62,0x79,0x5f,0x76,0x61,0x6c,0x75,0x65,0x83,0xa7,0x2e,0x6f,
0x66,0x66,0x73,0x65,0x74,0x44,0xa5,0x2e,0x73,0x69,0x7a,0x65,0x04,0xab,0x2e,0x76,
0x61,0x6c,0x75,0x65,0x5f,0x6b,0x69,0x6e,0x64,0xa8,0x62,0x79,0x5f,0x76,0x61,0x6c,
0x75,0x65,0x83,0xa7,0x2e,0x6f,0x66,0x66,0x73,0x65,0x74,0x48,0xa5,0x2e,0x73,0x69,
0x7a,0x65,0x04,0xab,0x2e,0x76,0x61,0x6c,0x75,0x65,0x5f,0x6b,0x69,0x6e,0x64,0xa8,
0x62,0x79,0x5f,0x76,0x61,0x6c,0x75,0x65,0x83,0xa7,0x2e,0x6f,0x66,0x66,0x73,0x65,
0x74,0x4c,0xa5,0x2e,0x73,0x69,0x7a,0x65,0x04,0xab,0x2e,0x76,0x61,0x6c,0x75,0x65,
0x5f,0x6b,0x69,0x6e,0x64,0xa8,0x62,0x79,0x5f,0x76,0x61,0x6c,0x75,0x65,0x83,0xa7,
0x2e,0x6f,0x66,0x66,0x73,0x65,0x74,0x50,0xa5,0x2e,0x73,0x69,0x7a,0x65,0x01,0xab,
0x2e,0x76,0x61,0x6c,0x75,0x65,0x5f,0x6b,0x69,0x6e,0x64,0xa8,0x62,0x79,0x5f,0x76,
0x61,0x6c,0x75,0x65,0x83,0xa7,0x2e,0x6f,0x66,0x66,0x73,0x65,0x74,0x51,0xa5,0x2e,
0x73,0x69,0x7a,0x65,0x01,0xab,0x2e,0x76,0x61,0x6c,0x75,0x65,0x5f,0x6b,0x69,0x6e,
0x64,0xa8,0x62,0x79,0x5f,0x76,0x61,0x6c,0x75,0x65,0x83,0xa7,0x2e,0x6f,0x66,0x66,
0x73,0x65,0x74,0x58,0xa5,0x2e,0x73,0x69,0x7a,0x65,0x04,0xab,0x2e,0x76,0x61,0x6c,
0x75,0x65,0x5f,0x6b,0x69,0x6e,0x64,0xb4,0x68,0x69,0x64,0x64,0x65,0x6e,0x5f,0x62,
0x6c,0x6f,0x63,0x6b,0x5f,0x63,0x6f,0x75,0x6e,0x74,0x5f,0x78,0x83,0xa7,0x2e,0x6f,
0x66,0x66,0x73,0x65,0x74,0x5c,0xa5,0x2e,0x73,0x69,0x7a,0x65,0x04,0xab,0x2e,0x76,
0x61,0x6c,0x75,0x65,0x5f,0x6b,0x69,0x6e,0x64,0xb4,0x68,0x69,0x64,0x64,0x65,0x6e,
0x5f,0x62,0x6c,0x6f,0x63,0x6b,0x5f,0x63,0x6f,0x75,0x6e,0x74,0x5f,0x79,0x83,0xa7,
0x2e,0x6f,0x66,0x66,0x73,0x65,0x74,0x60,0xa5,0x2e,0x73,0x69,0x7a,0x65,0x04,0xab,
0x2e,0x76,0x61,0x6c,0x75,0x65,0x5f,0x6b,0x69,0x6e,0x64,0xb4,0x68,0x69,0x64,0x64,
0x65,0x6e,0x5f,0x62,0x6c,0x6f,0x63,0x6b,0x5f,0x63,0x6f,0x75,0x6e,0x74,0x5f,0x7a,
0x83,0xa7,0x2e,0x6f,0x66,0x66,0x73,0x65,0x74,0x64,0xa5,0x2e,0x73,0x69,0x7a,0x65,
0x02,0xab,0x2e,0x76,0x61,0x6c,0x75,0x65,0x5f,0x6b,0x69,0x6e,0x64,0xb3,0x68,0x69,
0x64,0x64,0x65,0x6e,0x5f,0x67,0x72,0x6f,0x75,0x70,0x5f,0x73,0x69,0x7a,0x65,0x5f,
0x78,0x83,0xa7,0x2e,0x6f,0x66,0x66,0x73,0x65,0x74,0x66,0xa5,0x2e,0x73,0x69,0x7a,
0x65,0x02,0xab,0x2e,0x76,0x61,0x6c,0x75,0x65,0x5f,0x6b,0x69,0x6e,0x64,0xb3,0x68,
0x69,0x64,0x64,0x65,0x6e,0x5f,0x67,0x72,0x6f,0x75,0x70,0x5f,0x73,0x69,0x7a,0x65,
0x5f,0x79,0x83,0xa7,0x2e,0x6f,0x66,0x66,0x73,0x65,0x74,0x68,0xa5,0x2e,0x73,0x69,
0x7a,0x65,0x02,0xab,0x2e,0x76,0x61,0x6c,0x75,0x65,0x5f,0x6b,0x69,0x6e,0x64,0xb3,
0x68,0x69,0x64,0x64,0x65,0x6e,0x5f,0x67,0x72,0x6f,0x75,0x70,0x5f,0x73,0x69,0x7a,
0x65,0x5f,0x7a,0x83,0xa7,0x2e,0x6f,0x66,0x66,0x73,0x65,0x74,0x6a,0xa5,0x2e,0x73,
0x69,0x7a,0x65,0x02,0xab,0x2e,0x76,0x61,0x6c,0x75,0x65,0x5f,0x6b,0x69,0x6e,0x64,
0xb2,0x68,0x69,0x64,0x64,0x65,0x6e,0x5f,0x72,0x65,0x6d,0x61,0x69,0x6e,0x64,0x65,
0x72,0x5f,0x78,0x83,0xa7,0x2e,0x6f,0x66,0x66,0x73,0x65,0x74,0x6c,0xa5,0x2e,0x73,
0x69,0x7a,0x65,0x02,0xab,0x2e,0x76,0x61,0x6c,0x75,0x65,0x5f,0x6b,0x69,0x6e,0x64,
0xb2,0x68,0x69,0x64,0x64,0x65,0x6e,0x5f,0x72,0x65,0x6d,0x61,0x69,0x6e,0x64,0x65,
0x72,0x5f,0x79,0x83,0xa7,0x2e,0x6f,0x66,0x66,0x73,0x65,0x74,0x6e,0xa5,0x2e,0x73,
0x69,0x7a,0x65,0x02,0xab,0x2e,0x76,0x61,0x6c,0x75,0x65,0x5f,0x6b,0x69,0x6e,0x64,
0xb2,0x68,0x69,0x64,0x64,0x65,0x6e,0x5f,0x72,0x65,0x6d,0x61,0x69,0x6e,0x64,0x65,
0x72,0x5f,0x7a,0x83,0xa7,0x2e,0x6f,0x66,0x66,0x73,0x65,0x74,0xcc,0x80,0xa5,0x2e,
0x73,0x69,0x7a,0x65,0x08,0xab,0x2e,0x76,0x61,0x6c,0x75,0x65,0x5f,0x6b,0x69,0x6e,
0x64,0xb6,0x68,0x69,0x64,0x64,0x65,0x6e,0x5f,0x67,0x6c,0x6f,0x62,0x61,0x6c,0x5f,
0x6f,0x66,0x66,0x73,0x65,0x74,0x5f,0x78,0x83,0xa7,0x2e,0x6f,0x66,0x66,0x73,0x65,
0x74,0xcc,0x88,0xa5,0x2e,0x73,0x69,0x7a,0x65,0x08,0xab,0x2e,0x76,0x61,0x6c,0x75,
0x65,0x5f,0x6b,0x69,0x6e,0x64,0xb6,0x68,0x69,0x64,0x64,0x65,0x6e,0x5f,0x67,0x6c,
0x6f,0x62,0x61,0x6c,0x5f,0x6f,0x66,0x66,0x73,0x65,0x74,0x5f,0x79,0x83,0xa7,0x2e,
0x6f,0x66,0x66,0x73,0x65,0x74,0xcc,0x90,0xa5,0x2e,0x73,0x69,0x7a,0x65,0x08,0xab,
0x2e,0x76,0x61,0x6c,0x75,0x65,0x5f,0x6b,0x69,0x6e,0x64,0xb6,0x68,0x69,0x64,0x64,
0x65,0x6e,0x5f,0x67,0x6c,0x6f,0x62,0x61,0x6c,0x5f,0x6f,0x66,0x66,0x73,0x65,0x74,
0x5f,0x7a,0x83,0xa7,0x2e,0x6f,0x66,0x66,0x73,0x65,0x74,0xcc,0x98,0xa5,0x2e,0x73,
0x69,0x7a,0x65,0x02,0xab,0x2e,0x76,0x61,0x6c,0x75,0x65,0x5f,0x6b,0x69,0x6e,0x64,
0xb0,0x68,0x69,0x64,0x64,0x65,0x6e,0x5f,0x67,0x72,0x69,0x64,0x5f,0x64,0x69,0x6d,
0x73,0xb9,0x2e,0x67,0x72,0x6f,0x75,0x70,0x5f,0x73,0x65,0x67,0x6d,0x65,0x6e,0x74,
0x5f,0x66,0x69,0x78,0x65,0x64,0x5f,0x73,0x69,0x7a,0x65,0xcd,0x78,0x00,0xb6,0x2e,
0x6b,0x65,0x72,0x6e,0x61,0x72,0x67,0x5f,0x73,0x65,0x67,0x6d,0x65,0x6e,0x74,0x5f,
0x61,0x6c,0x69,0x67,0x6e,0x08,0xb5,0x2e,0x6b,0x65,0x72,0x6e,0x61,0x72,0x67,0x5f,
0x73,0x65,0x67,0x6d,0x65,0x6e,0x74,0x5f,0x73,0x69,0x7a,0x65,0xcd,0x01,0x58,0xa9,
0x2e,0x6c,0x61,0x6e,0x67,0x75,0x61,0x67,0x65,0xa8,0x4f,0x70,0x65,0x6e,0x43,0x4c,
0x20,0x43,0xb1,0x2e,0x6c,0x61,0x6e,0x67,0x75,0x61,0x67,0x65,0x5f,0x76,0x65,0x72,
0x73,0x69,0x6f,0x6e,0x92,0x02,0x00,0xb8,0x2e,0x6d,0x61,0x78,0x5f,0x66,0x6c,0x61,
0x74,0x5f,0x77,0x6f,0x72,0x6b,0x67,0x72,0x6f,0x75,0x70,0x5f,0x73,0x69,0x7a,0x65,
0xcc,0x80,0xa5,0x2e,0x6e,0x61,0x6d,0x65,0xd9,0x2e,0x5f,0x5a,0x39,0x67,0x65,0x6d,
0x6d,0x5f,0x77,0x6d,0x6d,0x61,0x6a,0x6a,0x6a,0x50,0x50,0x4b,0x44,0x46,0x31,0x36,
0x5f,0x53,0x31,0x5f,0x53,0x31,0x5f,0x50,0x50,0x44,0x46,0x31,0x36,0x5f,0x6a,0x6a,
0x6a,0x66,0x66,0x6a,0x66,0x66,0x62,0x62,0xbb,0x2e,0x70,0x72,0x69,0x76,0x61,0x74,
0x65,0x5f,0x73,0x65,0x67,0x6d,0x65,0x6e,0x74,0x5f,0x66,0x69,0x78,0x65,0x64,0x5f,
0x73,0x69,0x7a,0x65,0x00,0xab,0x2e,0x73,0x67,0x70,0x72,0x5f,0x63,0x6f,0x75,0x6e,
0x74,0x39,0xb1,0x2e,0x73,0x67,0x70,0x72,0x5f,0x73,0x70,0x69,0x6c,0x6c,0x5f,0x63,
0x6f,0x75,0x6e,0x74,0x00,0xa7,0x2e,0x73,0x79,0x6d,0x62,0x6f,0x6c,0xd9,0x31,0x5f,
0x5a,0x39,0x67,0x65,0x6d,0x6d,0x5f,0x77,0x6d,0x6d,0x61,0x6a,0x6a,0x6a,0x50,0x50,
0x4b,0x44,0x46,0x31,0x36,0x5f,0x53,0x31,0x5f,0x53,0x31,0x5f,0x50,0x50,0x44,0x46,
0x31,0x36,0x5f,0x6a,0x6a,0x6a,0x66,0x66,0x6a,0x66,0x66,0x62,0x62,0x2e,0x6b,0x64,
0xb8,0x2e,0x75,0x6e,0x69,0x66,0x6f,0x72,0x6d,0x5f,0x77,0x6f,0x72,0x6b,0x5f,0x67,
0x72,0x6f,0x75,0x70,0x5f,0x73,0x69,0x7a,0x65,0x01,0xb3,0x2e,0x75,0x73,0x65,0x73,
0x5f,0x64,0x79,0x6e,0x61,0x6d,0x69,0x63,0x5f,0x73,0x74,0x61,0x63,0x6b,0xc2,0xab,
0x2e,0x76,0x67,0x70,0x72,0x5f,0x63,0x6f,0x75,0x6e,0x74,0xcc,0xcd,0xb1,0x2e,0x76,
0x67,0x70,0x72,0x5f,0x73,0x70,0x69,0x6c,0x6c,0x5f,0x63,0x6f,0x75,0x6e,0x74,0x00,
0xaf,0x2e,0x77,0x61,0x76,0x65,0x66,0x72,0x6f,0x6e,0x74,0x5f,0x73,0x69,0x7a,0x65,
0x20,0xb9,0x2e,0x77,0x6f,0x72,0x6b,0x67,0x72,0x6f,0x75,0x70,0x5f,0x70,0x72,0x6f,
0x63,0x65,0x73,0x73,0x6f,0x72,0x5f,0x6d,0x6f,0x64,0x65,0x00,0xad,0x61,0x6d,0x64,
0x68,0x73,0x61,0x2e,0x74,0x61,0x72,0x67,0x65,0x74,0xba,0x61,0x6d,0x64,0x67,0x63,
0x6e,0x2d,0x61,0x6d,0x64,0x2d,0x61,0x6d,0x64,0x68,0x73,0x61,0x2d,0x2d,0x67,0x66,
0x78,0x31,0x31,0x30,0x30,0xae,0x61,0x6d,0x64,0x68,0x73,0x61,0x2e,0x76,0x65,0x72,
0x73,0x69,0x6f,0x6e,0x92,0x01,0x02,0x00,0x00,0x00,0x00,0x00,0x00,0x00,0x00,0x00,
0x00,0x00,0x00,0x00,0x00,0x00,0x00,0x00,0x00,0x00,0x00,0x00,0x00,0x00,0x00,0x00,
0x6b,0x00,0x00,0x00,0x12,0x03,0x02,0x00,0x00,0x00,0x00,0x00,0x00,0x00,0x00,0x00,
0xfc,0xc3,0x00,0x00,0x00,0x00,0x00,0x00,0x39,0x00,0x00,0x00,0x11,0x03,0x03,0x00,
0x00,0x00,0x00,0x00,0x00,0x00,0x00,0x00,0x40,0x00,0x00,0x00,0x00,0x00,0x00,0x00,
0xc6,0x00,0x00,0x00,0x11,0x00,0x06,0x00,0x00,0x00,0x00,0x00,0x00,0x00,0x00,0x00,
0x01,0x00,0x00,0x00,0x00,0x00,0x00,0x00,0x10,0x00,0x00,0x00,0x00,0x00,0x00,0x00,
0x05,0x00,0x00,0x00,0x01,0x00,0x00,0x00,0x10,0x00,0x00,0x00,0x00,0x00,0x00,0x00,
0x03,0x00,0x2e,0x74,0x65,0x78,0x74,0x00,0x2e,0x63,0x6f,0x6d,0x6d,0x65,0x6e,0x74,
0x00,0x2e,0x62,0x73,0x73,0x00,0x2e,0x6e,0x6f,0x74,0x65,0x2e,0x47,0x4e,0x55,0x2d,
0x73,0x74,0x61,0x63,0x6b,0x00,0x2e,0x6c,0x6c,0x76,0x6d,0x5f,0x61,0x64,0x64,0x72,
0x73,0x69,0x67,0x00,0x2e,0x6e,0x6f,0x74,0x65,0x00,0x5f,0x5a,0x39,0x67,0x65,0x6d,
0x6d,0x5f,0x77,0x6d,0x6d,0x61,0x6a,0x6a,0x6a,0x50,0x50,0x4b,0x44,0x46,0x31,0x36,
0x5f,0x53,0x31,0x5f,0x53,0x31,0x5f,0x50,0x50,0x44,0x46,0x31,0x36,0x5f,0x6a,0x6a,
0x6a,0x66,0x66,0x6a,0x66,0x66,0x62,0x62,0x2e,0x6b,0x64,0x00,0x5f,0x5a,0x39,0x67,
0x65,0x6d,0x6d,0x5f,0x77,0x6d,0x6d,0x61,0x6a,0x6a,0x6a,0x50,0x50,0x4b,0x44,0x46,
0x31,0x36,0x5f,0x53,0x31,0x5f,0x53,0x31,0x5f,0x50,0x50,0x44,0x46,0x31,0x36,0x5f,
0x6a,0x6a,0x6a,0x66,0x66,0x6a,0x66,0x66,0x62,0x62,0x00,0x2e,0x73,0x74,0x72,0x74,
0x61,0x62,0x00,0x2e,0x73,0x79,0x6d,0x74,0x61,0x62,0x00,0x2e,0x41,0x4d,0x44,0x47,
0x50,0x55,0x2e,0x63,0x73,0x64,0x61,0x74,0x61,0x00,0x2e,0x72,0x65,0x6c,0x61,0x2e,
0x72,0x6f,0x64,0x61,0x74,0x61,0x00,0x5f,0x5f,0x68,0x69,0x70,0x5f,0x63,0x75,0x69,
0x64,0x5f,0x66,0x64,0x35,0x39,0x39,0x61,0x62,0x36,0x62,0x64,0x35,0x38,0x30,0x62,
0x62,0x30,0x00,0x00,0x00,0x00,0x00,0x00,0x00,0x00,0x00,0x00,0x00,0x00,0x00,0x00,
0x00,0x00,0x00,0x00,0x00,0x00,0x00,0x00,0x00,0x00,0x00,0x00,0x00,0x00,0x00,0x00,
0x00,0x00,0x00,0x00,0x00,0x00,0x00,0x00,0x00,0x00,0x00,0x00,0x00,0x00,0x00,0x00,
0x00,0x00,0x00,0x00,0x00,0x00,0x00,0x00,0x00,0x00,0x00,0x00,0x00,0x00,0x00,0x00,
0x00,0x00,0x00,0x00,0x00,0x00,0x00,0x00,0x9a,0x00,0x00,0x00,0x03,0x00,0x00,0x00,
0x00,0x00,0x00,0x00,0x00,0x00,0x00,0x00,0x00,0x00,0x00,0x00,0x00,0x00,0x00,0x00,
0x41,0xcf,0x00,0x00,0x00,0x00,0x00,0x00,0xe2,0x00,0x00,0x00,0x00,0x00,0x00,0x00,
0x00,0x00,0x00,0x00,0x00,0x00,0x00,0x00,0x01,0x00,0x00,0x00,0x00,0x00,0x00,0x00,
0x00,0x00,0x00,0x00,0x00,0x00,0x00,0x00,0x01,0x00,0x00,0x00,0x01,0x00,0x00,0x00,
0x06,0x00,0x00,0x00,0x00,0x00,0x00,0x00,0x00,0x00,0x00,0x00,0x00,0x00,0x00,0x00,
0x00,0x01,0x00,0x00,0x00,0x00,0x00,0x00,0x80,0xc5,0x00,0x00,0x00,0x00,0x00,0x00,
0x00,0x00,0x00,0x00,0x00,0x00,0x00,0x00,0x00,0x01,0x00,0x00,0x00,0x00,0x00,0x00,
0x00,0x00,0x00,0x00,0x00,0x00,0x00,0x00,0xbe,0x00,0x00,0x00,0x01,0x00,0x00,0x00,
0x02,0x00,0x00,0x00,0x00,0x00,0x00,0x00,0x00,0x00,0x00,0x00,0x00,0x00,0x00,0x00,
0x80,0xc6,0x00,0x00,0x00,0x00,0x00,0x00,0x40,0x00,0x00,0x00,0x00,0x00,0x00,0x00,
0x00,0x00,0x00,0x00,0x00,0x00,0x00,0x00,0x40,0x00,0x00,0x00,0x00,0x00,0x00,0x00,
0x00,0x00,0x00,0x00,0x00,0x00,0x00,0x00,0xb9,0x00,0x00,0x00,0x04,0x00,0x00,0x00,
0x40,0x00,0x00,0x00,0x00,0x00,0x00,0x00,0x00,0x00,0x00,0x00,0x00,0x00,0x00,0x00,
0x28,0xcf,0x00,0x00,0x00,0x00,0x00,0x00,0x18,0x00,0x00,0x00,0x00,0x00,0x00,0x00,
0x0b,0x00,0x00,0x00,0x03,0x00,0x00,0x00,0x08,0x00,0x00,0x00,0x00,0x00,0x00,0x00,
0x18,0x00,0x00,0x00,0x00,0x00,0x00,0x00,0xaa,0x00,0x00,0x00,0x01,0x00,0x00,0x00,
0x00,0x00,0x00,0x00,0x00,0x00,0x00,0x00,0x00,0x00,0x00,0x00,0x00,0x00,0x00,0x00,
0xc0,0xc6,0x00,0x00,0x00,0x00,0x00,0x00,0x00,0x00,0x00,0x00,0x00,0x00,0x00,0x00,
0x00,0x00,0x00,0x00,0x00,0x00,0x00,0x00,0x01,0x00,0x00,0x00,0x00,0x00,0x00,0x00,
0x00,0x00,0x00,0x00,0x00,0x00,0x00,0x00,0x10,0x00,0x00,0x00,0x08,0x00,0x00,0x00,
0x03,0x00,0x00,0x00,0x00,0x00,0x00,0x00,0x00,0x00,0x00,0x00,0x00,0x00,0x00,0x00,
0xc0,0xc6,0x00,0x00,0x00,0x00,0x00,0x00,0x01,0x00,0x00,0x00,0x00,0x00,0x00,0x00,
0x00,0x00,0x00,0x00,0x00,0x00,0x00,0x00,0x01,0x00,0x00,0x00,0x00,0x00,0x00,0x00,
0x00,0x00,0x00,0x00,0x00,0x00,0x00,0x00,0x07,0x00,0x00,0x00,0x01,0x00,0x00,0x00,
0x30,0x00,0x00,0x00,0x00,0x00,0x00,0x00,0x00,0x00,0x00,0x00,0x00,0x00,0x00,0x00,
0xc0,0xc6,0x00,0x00,0x00,0x00,0x00,0x00,0x19,0x00,0x00,0x00,0x00,0x00,0x00,0x00,
0x00,0x00,0x00,0x00,0x00,0x00,0x00,0x00,0x01,0x00,0x00,0x00,0x00,0x00,0x00,0x00,
0x01,0x00,0x00,0x00,0x00,0x00,0x00,0x00,0x15,0x00,0x00,0x00,0x01,0x00,0x00,0x00,
0x00,0x00,0x00,0x00,0x00,0x00,0x00,0x00,0x00,0x00,0x00,0x00,0x00,0x00,0x00,0x00,
0xd9,0xc6,0x00,0x00,0x00,0x00,0x00,0x00,0x00,0x00,0x00,0x00,0x00,0x00,0x00,0x00,
0x00,0x00,0x00,0x00,0x00,0x00,0x00,0x00,0x01,0x00,0x00,0x00,0x00,0x00,0x00,0x00,
0x00,0x00,0x00,0x00,0x00,0x00,0x00,0x00,0x33,0x00,0x00,0x00,0x07,0x00,0x00,0x00,
0x02,0x00,0x00,0x00,0x00,0x00,0x00,0x00,0x00,0x00,0x00,0x00,0x00,0x00,0x00,0x00,
0xdc,0xc6,0x00,0x00,0x00,0x00,0x00,0x00,0xec,0x07,0x00,0x00,0x00,0x00,0x00,0x00,
0x00,0x00,0x00,0x00,0x00,0x00,0x00,0x00,0x04,0x00,0x00,0x00,0x00,0x00,0x00,0x00,
0x00,0x00,0x00,0x00,0x00,0x00,0x00,0x00,0x25,0x00,0x00,0x00,0x03,0x4c,0xff,0x6f,
0x00,0x00,0x00,0x80,0x00,0x00,0x00,0x00,0x00,0x00,0x00,0x00,0x00,0x00,0x00,0x00,
0x40,0xcf,0x00,0x00,0x00,0x00,0x00,0x00,0x01,0x00,0x00,0x00,0x00,0x00,0x00,0x00,
0x0b,0x00,0x00,0x00,0x00,0x00,0x00,0x00,0x01,0x00,0x00,0x00,0x00,0x00,0x00,0x00,
0x00,0x00,0x00,0x00,0x00,0x00,0x00,0x00,0xa2,0x00,0x00,0x00,0x02,0x00,0x00,0x00,
0x00,0x00,0x00,0x00,0x00,0x00,0x00,0x00,0x00,0x00,0x00,0x00,0x00,0x00,0x00,0x00,
0xc8,0xce,0x00,0x00,0x00,0x00,0x00,0x00,0x60,0x00,0x00,0x00,0x00,0x00,0x00,0x00,
0x01,0x00,0x00,0x00,0x01,0x00,0x00,0x00,0x08,0x00,0x00,0x00,0x00,0x00,0x00,0x00,
0x18,0x00,0x00,0x00,0x00,0x00,0x00,0x00 }
};

constexpr StaticShaderType<53672> Gemm2d_64x128x32_NT_Elf =
{
    .m_binary = {
0x7f,0x45,0x4c,0x46,0x02,0x01,0x01,0x40,0x03,0x00,0x00,0x00,0x00,0x00,0x00,0x00,
0x01,0x00,0xe0,0x00,0x01,0x00,0x00,0x00,0x00,0x00,0x00,0x00,0x00,0x00,0x00,0x00,
0x00,0x00,0x00,0x00,0x00,0x00,0x00,0x00,0xa8,0xce,0x00,0x00,0x00,0x00,0x00,0x00,
0x41,0x00,0x00,0x00,0x40,0x00,0x00,0x00,0x00,0x00,0x40,0x00,0x0c,0x00,0x01,0x00,
0x00,0x00,0x00,0x00,0x00,0x00,0x00,0x00,0x00,0x00,0x00,0x00,0x00,0x00,0x00,0x00,
0x00,0x00,0x00,0x00,0x00,0x00,0x00,0x00,0x00,0x00,0x00,0x00,0x00,0x00,0x00,0x00,
0x00,0x00,0x00,0x00,0x00,0x00,0x00,0x00,0x00,0x00,0x00,0x00,0x00,0x00,0x00,0x00,
0x00,0x00,0x00,0x00,0x00,0x00,0x00,0x00,0x00,0x00,0x00,0x00,0x00,0x00,0x00,0x00,
0x00,0x00,0x00,0x00,0x00,0x00,0x00,0x00,0x00,0x00,0x00,0x00,0x00,0x00,0x00,0x00,
0x00,0x00,0x00,0x00,0x00,0x00,0x00,0x00,0x00,0x00,0x00,0x00,0x00,0x00,0x00,0x00,
0x00,0x00,0x00,0x00,0x00,0x00,0x00,0x00,0x00,0x00,0x00,0x00,0x00,0x00,0x00,0x00,
0x00,0x00,0x00,0x00,0x00,0x00,0x00,0x00,0x00,0x00,0x00,0x00,0x00,0x00,0x00,0x00,
0x00,0x00,0x00,0x00,0x00,0x00,0x00,0x00,0x00,0x00,0x00,0x00,0x00,0x00,0x00,0x00,
0x00,0x00,0x00,0x00,0x00,0x00,0x00,0x00,0x00,0x00,0x00,0x00,0x00,0x00,0x00,0x00,
0x00,0x00,0x00,0x00,0x00,0x00,0x00,0x00,0x00,0x00,0x00,0x00,0x00,0x00,0x00,0x00,
0x00,0x00,0x00,0x00,0x00,0x00,0x00,0x00,0x00,0x00,0x00,0x00,0x00,0x00,0x00,0x00,
0x00,0x06,0x08,0xf4,0x00,0x00,0x00,0xf8,0x0d,0x86,0x2a,0x84,0x0e,0x87,0x2b,0x84,
0x07,0xfc,0x89,0xbf,0x2a,0x18,0x09,0xbf,0xc1,0x80,0x02,0x98,0x2b,0x19,0x09,0xbf,
0xc1,0x80,0x03,0x98,0x99,0x04,0x87,0xbf,0x02,0x03,0x02,0x8c,0x7e,0x02,0x6a,0x8b,
0x82,0x30,0xa4,0xbf,0x01,0x00,0x85,0xbf,0x00,0x01,0x0c,0xf4,0x10,0x00,0x00,0xf8,
0x00,0x04,0x0c,0xf4,0x30,0x00,0x00,0xf8,0x02,0x00,0x10,0xd6,0x00,0x15,0x29,0x02,
0x59,0x00,0x1f,0xd7,0xc1,0x00,0x01,0x00,0xff,0x00,0xa7,0xbe,0x00,0x40,0x00,0x31,
0x07,0xfc,0x89,0xbf,0x83,0x00,0x04,0xf4,0x00,0x00,0x00,0xf8,0x82,0x01,0x04,0xf4,
0x00,0x00,0x00,0xf8,0x80,0x03,0x00,0xf4,0x64,0x00,0x00,0xf8,0x80,0x00,0x85,0xbe,
0x0f,0x11,0x04,0x96,0xff,0x00,0x02,0x36,0xff,0x03,0x00,0x00,0x04,0x81,0x8c,0x84,
0x0f,0x10,0x04,0x96,0x00,0x00,0x10,0xd6,0x00,0x0b,0x15,0x02,0x81,0xb2,0xbc,0x32,
0x27,0x00,0x9f,0xbe,0x01,0x00,0x87,0xbf,0x2a,0xbc,0xba,0x4a,0x07,0xfc,0x89,0xbf,
0x02,0x0c,0x1c,0x80,0x03,0x0d,0x0c,0x82,0x04,0x81,0x82,0x84,0x0c,0xff,0x1d,0x8b,
0xff,0xff,0x00,0x00,0x06,0x02,0x24,0x80,0x07,0x03,0x02,0x82,0x2a,0xc0,0x03,0x81,
0x02,0xff,0x25,0x8b,0xff,0xff,0x00,0x00,0x03,0x18,0x0b,0xbf,0x00,0x05,0x0e,0x7e,
0xc1,0x80,0x02,0x98,0x2b,0xff,0x03,0x81,0x80,0x00,0x00,0x00,0x18,0x1a,0x06,0x96,
0x03,0x19,0x0b,0xbf,0xc1,0x80,0x04,0x98,0x0e,0xff,0x03,0x8b,0xff,0xff,0x00,0x00,
0x07,0x85,0x2d,0x84,0x01,0x00,0x0b,0xd6,0x02,0x07,0x04,0x04,0x05,0x00,0x87,0xbe,
0x9e,0xb2,0x06,0x36,0x02,0x04,0x02,0x8b,0x06,0x81,0x26,0x84,0x85,0x02,0xb4,0x32,
0x84,0xb2,0x02,0x30,0x2b,0x06,0xb6,0x4a,0x02,0xc1,0x21,0x8d,0x93,0x01,0x87,0xbf,
0x5a,0x05,0x06,0x7e,0x90,0x02,0xb0,0x36,0x02,0x00,0x87,0xbf,0x03,0x00,0x46,0xd6,
0x03,0x0a,0x6d,0x05,0x03,0x84,0x03,0x84,0x02,0x7e,0x04,0x8b,0x03,0xba,0x08,0x4a,
0x80,0xff,0x04,0x98,0x00,0x00,0x00,0x80,0x00,0x7c,0xfe,0xd6,0x03,0x35,0x60,0x05,
0x04,0x90,0x06,0x8c,0x42,0x01,0x87,0xbf,0x01,0x00,0x2c,0xd7,0x04,0x35,0x00,0x00,
0x19,0x81,0x1b,0x84,0x1a,0xa0,0x0a,0xbf,0x1b,0x1a,0x1e,0x96,0x81,0x00,0x06,0x30,
0x00,0x00,0x47,0xd6,0x00,0x35,0x04,0x02,0x93,0x01,0x87,0xbf,0x01,0x00,0x47,0xd6,
0x01,0xb1,0x06,0x02,0x04,0x06,0x08,0x4a,0x06,0x06,0x06,0x4a,0x14,0x02,0x87,0xbf,
0x04,0x00,0x0a,0x4a,0x04,0x02,0x0c,0x4a,0x06,0x02,0x02,0x4a,0x06,0x00,0x00,0x4a,
0x01,0x00,0x85,0xbf,0x00,0x00,0x5c,0xe0,0x04,0x48,0x47,0x80,0x00,0x00,0x5c,0xe0,
0x03,0x4c,0x47,0x80,0x01,0x00,0x85,0xbf,0x00,0x00,0x5c,0xe0,0x06,0x50,0x49,0x80,
0x00,0x00,0x5c,0xe0,0x01,0x54,0x49,0x80,0x01,0x00,0x85,0xbf,0x00,0x00,0x5c,0xe0,
0x05,0x40,0x47,0x80,0x00,0x00,0x5c,0xe0,0x00,0x44,0x47,0x80,0x00,0x0b,0x00,0xf4,
0x50,0x00,0x00,0xf8,0x85,0x08,0x04,0xf4,0x00,0x00,0x00,0xf8,0x04,0x0a,0x04,0xf4,
0x00,0x00,0x00,0xf8,0x05,0x00,0x8b,0xbe,0x05,0x00,0x84,0xbe,0x05,0x00,0x86,0xbe,
0x05,0x00,0x88,0xbe,0x05,0x00,0x89,0xbe,0x05,0x00,0x8a,0xbe,0x0b,0x00,0x10,0xca,
0x04,0x00,0x38,0x3f,0x05,0x00,0x10,0xca,0x0a,0x00,0x3e,0x39,0x09,0x00,0x10,0xca,
0x08,0x00,0x3c,0x3d,0x07,0x00,0x10,0xca,0x06,0x00,0x3a,0x3b,0x03,0x00,0x87,0xbf,
0x38,0x01,0x10,0xca,0x39,0x01,0x28,0x28,0x38,0x01,0x10,0xca,0x39,0x01,0x20,0x20,
0x38,0x01,0x10,0xca,0x39,0x01,0x18,0x18,0x38,0x01,0x10,0xca,0x39,0x01,0x10,0x10,
0x38,0x03,0x10,0x7e,0xc1,0x80,0x00,0x98,0x86,0x04,0xb8,0x30,0x38,0x01,0x10,0xca,
0x3b,0x01,0x32,0x30,0x39,0x01,0x10,0xca,0x38,0x01,0x00,0x09,0x3a,0x01,0x24,0xca,
0x81,0xb2,0x5e,0x2a,0x39,0x01,0x10,0xca,0x3a,0x01,0x32,0x31,0x3c,0x01,0x10,0xca,
0x3d,0x01,0x34,0x34,0x3c,0x03,0x58,0x7e,0x3e,0x01,0x10,0xca,0x3f,0x01,0x36,0x36,
0x3e,0x01,0x10,0xca,0x3b,0x01,0x2a,0x2e,0x3a,0x01,0x10,0xca,0x3d,0x01,0x2c,0x22,
0x3c,0x01,0x10,0xca,0x3f,0x01,0x2e,0x24,0x3e,0x01,0x10,0xca,0x3b,0x01,0x22,0x26,
0x3a,0x01,0x10,0xca,0x3d,0x01,0x24,0x1a,0x3c,0x01,0x10,0xca,0x3f,0x01,0x26,0x1c,
0x3e,0x01,0x10,0xca,0x3b,0x01,0x1a,0x1e,0x3a,0x01,0x10,0xca,0x3d,0x01,0x1c,0x12,
0x3c,0x01,0x10,0xca,0x3f,0x01,0x1e,0x14,0x3e,0x01,0x10,0xca,0x3b,0x01,0x12,0x16,
0x3a,0x01,0x10,0xca,0x3d,0x01,0x14,0x0a,0x3c,0x01,0x10,0xca,0x3f,0x01,0x16,0x0c,
0x3e,0x01,0x10,0xca,0x3b,0x01,0x0a,0x0e,0x3a,0x01,0x10,0xca,0x3d,0x01,0x0c,0x02,
0x3c,0x01,0x10,0xca,0x3f,0x01,0x0e,0x04,0x3e,0x01,0x10,0xca,0x39,0x01,0x00,0x06,
0x3b,0x03,0x06,0x7e,0x3d,0x03,0x0a,0x7e,0x3f,0x03,0x0e,0x7e,0x21,0x00,0x00,0x8c,
0x09,0x00,0x87,0xbf,0x7e,0x00,0x6a,0x8b,0x21,0x01,0xa4,0xbf,0x03,0xbc,0x06,0x4a,
0x85,0xbe,0x00,0x30,0x1a,0x85,0x00,0x85,0x1a,0x81,0x01,0x84,0x00,0x50,0x04,0xb0,
0x91,0x00,0x87,0xbf,0x01,0x7c,0xfe,0xd6,0xff,0x06,0x02,0x04,0x50,0x00,0x00,0x00,
0x60,0x7c,0xfe,0xd6,0xff,0x06,0x02,0x04,0xa0,0x00,0x00,0x00,0x8f,0xb2,0x00,0x36,
0xf7,0x0f,0x89,0xbf,0x00,0x50,0x7c,0xdb,0x01,0x50,0x00,0x00,0xf7,0x0b,0x89,0xbf,
0x10,0x50,0x7c,0xdb,0x01,0x54,0x00,0x00,0x00,0x00,0x7c,0xdb,0x60,0x48,0x00,0x00,
0x10,0x00,0x7c,0xdb,0x60,0x4c,0x00,0x00,0x00,0xb9,0x90,0x38,0x2d,0x00,0x92,0x38,
0x80,0x02,0x00,0x7e,0x81,0x06,0x08,0x30,0x84,0xbe,0x04,0x30,0x4d,0x00,0x2c,0xd7,
0xff,0x06,0x02,0x00,0x50,0x00,0x00,0x00,0x04,0x00,0x87,0xbf,0x00,0x01,0x20,0xca,
0x81,0xb6,0x4a,0x05,0x00,0x03,0x06,0x7e,0x4e,0x00,0x2c,0xd7,0xff,0x08,0x02,0x00,
0x50,0x00,0x00,0x00,0x4b,0x00,0x56,0xd6,0x5f,0x0b,0xfd,0x03,0x50,0x00,0x00,0x00,
0x00,0x01,0x22,0xca,0x81,0x04,0x4c,0x01,0x00,0x03,0x0e,0x7e,0x00,0x03,0x04,0x7e,
0x00,0x03,0x08,0x7e,0x00,0x03,0x0c,0x7e,0x00,0x03,0x10,0x7e,0x00,0x03,0x12,0x7e,
0x00,0x03,0x14,0x7e,0x00,0x03,0x16,0x7e,0x00,0x03,0x18,0x7e,0x00,0x03,0x1a,0x7e,
0x00,0x03,0x1c,0x7e,0x00,0x03,0x1e,0x7e,0x00,0x03,0x20,0x7e,0x00,0x03,0x22,0x7e,
0x00,0x03,0x24,0x7e,0x00,0x03,0x26,0x7e,0x00,0x03,0x28,0x7e,0x00,0x03,0x2a,0x7e,
0x00,0x03,0x2c,0x7e,0x00,0x03,0x2e,0x7e,0x00,0x03,0x30,0x7e,0x00,0x03,0x32,0x7e,
0x00,0x03,0x34,0x7e,0x00,0x03,0x36,0x7e,0x00,0x03,0x38,0x7e,0x00,0x03,0x3a,0x7e,
0x00,0x03,0x3c,0x7e,0x00,0x03,0x3e,0x7e,0x00,0x03,0x40,0x7e,0x00,0x03,0x42,0x7e,
0x00,0x03,0x44,0x7e,0x00,0x03,0x46,0x7e,0x00,0x03,0x48,0x7e,0x00,0x03,0x4a,0x7e,
0x00,0x03,0x4c,0x7e,0x00,0x03,0x4e,0x7e,0x00,0x03,0x50,0x7e,0x00,0x03,0x52,0x7e,
0x00,0x03,0x54,0x7e,0x00,0x03,0x56,0x7e,0x00,0x03,0x58,0x7e,0x00,0x03,0x5a,0x7e,
0x00,0x03,0x5c,0x7e,0x00,0x03,0x5e,0x7e,0x00,0x03,0x60,0x7e,0x00,0x03,0x62,0x7e,
0x00,0x03,0x64,0x7e,0x00,0x03,0x66,0x7e,0x00,0x03,0x68,0x7e,0x00,0x03,0x6a,0x7e,
0x00,0x03,0x6c,0x7e,0x00,0x03,0x6e,0x7e,0x00,0x03,0x70,0x7e,0x00,0x03,0x72,0x7e,
0x00,0x03,0x74,0x7e,0x00,0x03,0x76,0x7e,0x00,0x03,0x78,0x7e,0x00,0x03,0x7a,0x7e,
0x00,0x03,0x7c,0x7e,0x00,0x03,0x7e,0x7e,0xf7,0x07,0x89,0xbf,0x50,0x00,0x7c,0xdb,
0x60,0x40,0x00,0x00,0xf7,0x03,0x89,0xbf,0x60,0x00,0x7c,0xdb,0x60,0x44,0x00,0x00,
0x05,0x81,0x06,0x81,0x5a,0x05,0x12,0x7e,0x06,0x00,0x09,0xbf,0x07,0xfc,0x89,0xbf,
0xc1,0x80,0x0a,0x98,0x05,0xff,0x87,0x93,0x00,0x00,0x01,0x00,0x05,0x81,0x05,0x8b,
0x07,0xff,0x0b,0x8b,0x00,0x28,0x00,0x00,0x05,0x80,0x06,0xbf,0x40,0x00,0x46,0xd6,
0x09,0x08,0x75,0x05,0x04,0xff,0x08,0x98,0x00,0x64,0x00,0x00,0xff,0x04,0x07,0x98,
0x00,0x64,0x00,0x00,0xff,0x80,0x05,0x98,0x00,0x28,0x00,0x00,0x09,0x85,0x09,0x84,
0x42,0x00,0x01,0xd5,0x80,0x02,0x29,0x00,0x09,0xb6,0x82,0x4a,0x09,0x94,0x86,0x4a,
0x40,0x00,0x2c,0xd7,0x01,0x80,0x02,0x00,0x00,0x00,0xbd,0xbf,0x9f,0x84,0x84,0x30,
0x41,0x00,0x2c,0xd7,0x01,0x82,0x02,0x00,0x43,0x00,0x2c,0xd7,0x01,0x86,0x02,0x00,
0x93,0x01,0x87,0xbf,0x40,0x00,0x55,0xd6,0x42,0x81,0x2e,0x05,0x41,0x00,0x55,0xd6,
0x42,0x83,0x2e,0x05,0x93,0x01,0x87,0xbf,0x42,0x00,0x55,0xd6,0x42,0x87,0x2e,0x05,
0xd0,0x80,0x86,0x4a,0x93,0x01,0x87,0xbf,0xd0,0x82,0x88,0x4a,0xd0,0x84,0x8a,0x4a,
0x01,0x00,0x85,0xbf,0x00,0x00,0x5c,0xe0,0x43,0xb0,0x49,0x80,0x00,0x00,0x5c,0xe0,
0x40,0xb4,0x49,0x80,0x03,0x00,0x85,0xbf,0x00,0x00,0x5c,0xe0,0x44,0xb8,0x47,0x80,
0x00,0x00,0x5c,0xe0,0x41,0xbc,0x47,0x80,0x00,0x00,0x5c,0xe0,0x45,0xc0,0x47,0x80,
0x00,0x00,0x5c,0xe0,0x42,0xc4,0x47,0x80,0xa8,0x7c,0xfe,0xd6,0xff,0x92,0x22,0x00,
0x50,0x00,0x00,0x00,0x57,0x00,0x0b,0xd6,0xff,0x90,0x2e,0x00,0x50,0x00,0x00,0x00,
0x00,0x00,0xfc,0xdb,0x57,0x00,0x00,0x40,0x10,0x00,0xfc,0xdb,0x57,0x00,0x00,0x44,
0x00,0x00,0xfc,0xdb,0xa8,0x00,0x00,0x4f,0x10,0x00,0xfc,0xdb,0xa8,0x00,0x00,0x53,
0x20,0x00,0xfc,0xdb,0xa8,0x00,0x00,0x60,0x30,0x00,0xfc,0xdb,0xa8,0x00,0x00,0x64,
0x20,0x00,0xfc,0xdb,0x57,0x00,0x00,0x68,0x30,0x00,0xfc,0xdb,0x57,0x00,0x00,0x6c,
0x10,0x05,0xfc,0xdb,0x57,0x00,0x00,0x74,0x00,0x05,0xfc,0xdb,0x57,0x00,0x00,0x70,
0x30,0x05,0xfc,0xdb,0x57,0x00,0x00,0x7c,0x20,0x05,0xfc,0xdb,0x57,0x00,0x00,0x78,
0x10,0x0a,0xfc,0xdb,0x57,0x00,0x00,0x84,0x00,0x0a,0xfc,0xdb,0x57,0x00,0x00,0x80,
0x10,0x0f,0xfc,0xdb,0x57,0x00,0x00,0x8c,0x00,0x0f,0xfc,0xdb,0x57,0x00,0x00,0x88,
0x30,0x0a,0xfc,0xdb,0x57,0x00,0x00,0x94,0x20,0x0a,0xfc,0xdb,0x57,0x00,0x00,0x90,
0x10,0x05,0xfc,0xdb,0xa8,0x00,0x00,0x9c,0x00,0x05,0xfc,0xdb,0xa8,0x00,0x00,0x98,
0x30,0x0f,0xfc,0xdb,0x57,0x00,0x00,0xa4,0x20,0x0f,0xfc,0xdb,0x57,0x00,0x00,0xa0,
0x30,0x05,0xfc,0xdb,0xa8,0x00,0x00,0xac,0x20,0x05,0xfc,0xdb,0xa8,0x00,0x00,0xa8,
0x47,0xfd,0x89,0xbf,0x38,0x40,0x40,0xcc,0x4f,0x81,0xe2,0x1c,0x07,0xfd,0x89,0xbf,
0x01,0x00,0x87,0xbf,0x38,0x40,0x40,0xcc,0x60,0xd1,0xe2,0x1c,0xe7,0xfc,0x89,0xbf,
0x30,0x40,0x40,0xcc,0x4f,0xe1,0xc2,0x1c,0xa7,0xfc,0x89,0xbf,0x28,0x40,0x40,0xcc,
0x4f,0x01,0xa3,0x1c,0x87,0xfc,0x89,0xbf,0x20,0x40,0x40,0xcc,0x4f,0x11,0x83,0x1c,
0x30,0x40,0x40,0xcc,0x60,0xf1,0xc2,0x1c,0x67,0xfc,0x89,0xbf,0x28,0x40,0x40,0xcc,
0x60,0x21,0xa3,0x1c,0x47,0xfc,0x89,0xbf,0x18,0x40,0x40,0xcc,0x98,0x81,0x62,0x1c,
0x10,0x40,0x40,0xcc,0x98,0xe1,0x42,0x1c,0x08,0x40,0x40,0xcc,0x98,0x01,0x23,0x1c,
0x00,0x40,0x40,0xcc,0x98,0x11,0x03,0x1c,0x27,0xfc,0x89,0xbf,0x20,0x40,0x40,0xcc,
0x60,0x41,0x83,0x1c,0x07,0xfc,0x89,0xbf,0x18,0x40,0x40,0xcc,0xa8,0xd1,0x62,0x1c,
0x10,0x40,0x40,0xcc,0xa8,0xf1,0x42,0x1c,0x08,0x40,0x40,0xcc,0xa8,0x21,0x23,0x1c,
0x00,0x40,0x40,0xcc,0xa8,0x41,0x03,0x1c,0x40,0x00,0x55,0xd6,0x07,0x9a,0x32,0x05,
0x41,0x00,0x55,0xd6,0x05,0x9c,0x32,0x05,0xc0,0x96,0x96,0x4a,0x00,0x06,0x07,0xbf,
0x06,0x00,0x85,0xbe,0xf7,0x17,0x89,0xbf,0x00,0x00,0x7c,0xdb,0x40,0xb0,0x00,0x00,
0xf7,0x13,0x89,0xbf,0x10,0x00,0x7c,0xdb,0x40,0xb4,0x00,0x00,0xf7,0x0f,0x89,0xbf,
0x00,0x00,0x7c,0xdb,0x41,0xb8,0x00,0x00,0xf7,0x0b,0x89,0xbf,0x10,0x00,0x7c,0xdb,
0x41,0xbc,0x00,0x00,0xf7,0x07,0x89,0xbf,0x50,0x00,0x7c,0xdb,0x41,0xc0,0x00,0x00,
0xf7,0x03,0x89,0xbf,0x60,0x00,0x7c,0xdb,0x41,0xc4,0x00,0x00,0x4c,0xff,0xa2,0xbf,
0x1a,0x9f,0x00,0x8b,0xa9,0x04,0x87,0xbf,0x00,0x80,0x06,0xbf,0xc1,0x80,0x01,0x98,
0x02,0x01,0x01,0x8b,0x09,0x00,0x87,0xbf,0x7e,0x01,0x6a,0x8b,0xb9,0x02,0xa4,0xbf,
0x02,0x7e,0x01,0x8b,0x00,0x1a,0x2e,0x98,0x09,0x00,0x87,0xbf,0x2e,0x80,0x06,0xbf,
0xb4,0x02,0xa2,0xbf,0xf7,0x07,0x89,0xbf,0x03,0xbc,0x86,0x4a,0xf7,0x03,0x89,0xbf,
0x8f,0xb2,0x88,0x36,0x85,0xbe,0x84,0x30,0x1a,0xff,0x00,0x8b,0xe0,0xff,0xff,0xff,
0x50,0x00,0x01,0xb0,0x45,0x00,0x2c,0xd7,0xff,0x86,0x02,0x00,0x50,0x00,0x00,0x00,
0x2d,0x88,0x8c,0x38,0x02,0x7e,0x02,0x8b,0x44,0xb9,0x88,0x38,0x00,0x80,0x00,0x98,
0x40,0x7c,0xfe,0xd6,0xff,0x86,0x0a,0x05,0xa0,0x00,0x00,0x00,0x80,0x00,0xaf,0xbe,
0x04,0x00,0x87,0xbf,0x43,0x00,0x55,0xd6,0x45,0x85,0xfe,0x03,0x00,0x50,0x00,0x00,
0x41,0x7c,0xfe,0xd6,0x46,0x03,0xfc,0x03,0x00,0x50,0x00,0x00,0x00,0x81,0x01,0x84,
0xff,0x88,0x84,0x16,0x50,0x00,0x00,0x00,0x44,0x00,0x56,0xd6,0x5f,0x0b,0x05,0x00,
0x00,0xb0,0x8a,0x38,0x1a,0x81,0x30,0x84,0x5a,0x05,0x00,0x7e,0x22,0x01,0x87,0xbf,
0x2f,0x8a,0x8c,0x4a,0x2f,0xa0,0x2f,0x81,0x47,0x00,0x46,0xd6,0x00,0x08,0x75,0x05,
0x02,0x00,0x87,0xbf,0x81,0x8c,0x90,0x4a,0x82,0x8c,0x92,0x4a,0x1a,0x8c,0x98,0x7c,
0x83,0x8c,0x94,0x4a,0x06,0x00,0x4c,0xd4,0x18,0x8e,0x02,0x00,0x07,0x00,0x4c,0xd4,
0x1a,0x90,0x02,0x00,0x84,0x8c,0x96,0x4a,0x08,0x00,0x4c,0xd4,0x1a,0x92,0x02,0x00,
0x85,0x8c,0x98,0x4a,0x6a,0x06,0x31,0x8b,0x09,0x00,0x4c,0xd4,0x1a,0x94,0x02,0x00,
0x86,0x8c,0x9a,0x4a,0x49,0x00,0x01,0xd5,0xff,0x00,0xc5,0x00,0x00,0x00,0x00,0x80,
0x07,0x06,0x31,0x8b,0x0a,0x00,0x4c,0xd4,0x1a,0x96,0x02,0x00,0x87,0x8c,0x9c,0x4a,
0x4a,0x00,0x01,0xd5,0xff,0x00,0xc5,0x00,0x00,0x00,0x00,0x80,0x08,0x06,0x31,0x8b,
0x0b,0x00,0x4c,0xd4,0x1a,0x98,0x02,0x00,0x88,0x8c,0x9e,0x4a,0x4b,0x00,0x01,0xd5,
0xff,0x00,0xc5,0x00,0x00,0x00,0x00,0x80,0x09,0x06,0x31,0x8b,0x0c,0x00,0x4c,0xd4,
0x1a,0x9a,0x02,0x00,0x89,0x8c,0xa0,0x4a,0x4c,0x00,0x01,0xd5,0xff,0x00,0xc5,0x00,
0x00,0x00,0x00,0x80,0x0a,0x06,0x31,0x8b,0x0d,0x00,0x4c,0xd4,0x1a,0x9c,0x02,0x00,
0x8a,0x8c,0xa2,0x4a,0x4d,0x00,0x01,0xd5,0xff,0x00,0xc5,0x00,0x00,0x00,0x00,0x80,
0x0b,0x06,0x31,0x8b,0x0e,0x00,0x4c,0xd4,0x1a,0x9e,0x02,0x00,0x8b,0x8c,0xa4,0x4a,
0x4e,0x00,0x01,0xd5,0xff,0x00,0xc5,0x00,0x00,0x00,0x00,0x80,0x0c,0x06,0x31,0x8b,
0x10,0x00,0x4c,0xd4,0x1a,0xa0,0x02,0x00,0x8c,0x8c,0xa6,0x4a,0x4f,0x00,0x01,0xd5,
0xff,0x00,0xc5,0x00,0x00,0x00,0x00,0x80,0x0d,0x06,0x31,0x8b,0x05,0x00,0x4c,0xd4,
0x1a,0xa2,0x02,0x00,0x8d,0x8c,0xa8,0x4a,0x50,0x00,0x01,0xd5,0xff,0x00,0xc5,0x00,
0x00,0x00,0x00,0x80,0x0e,0x06,0x31,0x8b,0x04,0x00,0x4c,0xd4,0x1a,0xa4,0x02,0x00,
0x8e,0x8c,0xaa,0x4a,0x8f,0x8c,0x8c,0x4a,0x51,0x00,0x01,0xd5,0xff,0x00,0xc5,0x00,
0x00,0x00,0x00,0x80,0x10,0x06,0x31,0x8b,0x03,0x00,0x4c,0xd4,0x1a,0xa6,0x02,0x00,
0x56,0x00,0x46,0xd6,0x00,0x0a,0x6d,0x05,0x52,0x00,0x01,0xd5,0xff,0x00,0xc5,0x00,
0x00,0x00,0x00,0x80,0x05,0x06,0x31,0x8b,0x02,0x00,0x4c,0xd4,0x1a,0xa8,0x02,0x00,
0x53,0x00,0x01,0xd5,0xff,0x00,0xc5,0x00,0x00,0x00,0x00,0x80,0x04,0x06,0x31,0x8b,
0x01,0x00,0x4c,0xd4,0x1a,0xaa,0x02,0x00,0x00,0x00,0x4c,0xd4,0x1a,0x8c,0x02,0x00,
0x54,0x00,0x01,0xd5,0xff,0x00,0xc5,0x00,0x00,0x00,0x00,0x80,0x03,0x06,0x31,0x8b,
0x11,0x00,0x4c,0xd4,0x19,0xac,0x02,0x00,0x55,0x00,0x01,0xd5,0xff,0x00,0xc5,0x00,
0x00,0x00,0x00,0x80,0x02,0x06,0x31,0x8b,0x46,0x00,0x2c,0xd7,0x30,0xac,0x02,0x00,
0x81,0xac,0x90,0x38,0x56,0x00,0x01,0xd5,0xff,0x00,0xc5,0x00,0x00,0x00,0x00,0x80,
0x01,0x06,0x31,0x8b,0x00,0x06,0x06,0x8b,0x47,0x00,0x2c,0xd7,0x30,0x8e,0x02,0x00,
0x58,0x00,0x01,0xd5,0xff,0x00,0x19,0x00,0x00,0x00,0x00,0x80,0x6a,0x11,0x06,0x8b,
0x57,0x00,0x01,0xd5,0xff,0x00,0xc5,0x00,0x00,0x00,0x00,0x80,0x5e,0x00,0x01,0xd5,
0xff,0x00,0x19,0x00,0x00,0x00,0x00,0x80,0x07,0x11,0x06,0x8b,0x09,0x00,0x87,0xbf,
0x5f,0x00,0x01,0xd5,0xff,0x00,0x19,0x00,0x00,0x00,0x00,0x80,0x08,0x11,0x06,0x8b,
0x49,0x00,0x55,0xd6,0x49,0x8f,0x12,0x05,0x60,0x00,0x01,0xd5,0xff,0x00,0x19,0x00,
0x00,0x00,0x00,0x80,0x09,0x11,0x06,0x8b,0x4a,0x00,0x55,0xd6,0x4a,0x8f,0x12,0x05,
0x61,0x00,0x01,0xd5,0xff,0x00,0x19,0x00,0x00,0x00,0x00,0x80,0x0a,0x11,0x06,0x8b,
0x4b,0x00,0x55,0xd6,0x4b,0x8f,0x12,0x05,0x62,0x00,0x01,0xd5,0xff,0x00,0x19,0x00,
0x00,0x00,0x00,0x80,0x0b,0x11,0x06,0x8b,0x4c,0x00,0x55,0xd6,0x4c,0x8f,0x12,0x05,
0x63,0x00,0x01,0xd5,0xff,0x00,0x19,0x00,0x00,0x00,0x00,0x80,0x0c,0x11,0x06,0x8b,
0x4d,0x00,0x55,0xd6,0x4d,0x8f,0x12,0x05,0x64,0x00,0x01,0xd5,0xff,0x00,0x19,0x00,
0x00,0x00,0x00,0x80,0x0d,0x11,0x06,0x8b,0x4e,0x00,0x55,0xd6,0x4e,0x8f,0x12,0x05,
0x65,0x00,0x01,0xd5,0xff,0x00,0x19,0x00,0x00,0x00,0x00,0x80,0x0e,0x11,0x06,0x8b,
0x4f,0x00,0x55,0xd6,0x4f,0x8f,0x12,0x05,0x66,0x00,0x01,0xd5,0xff,0x00,0x19,0x00,
0x00,0x00,0x00,0x80,0x10,0x11,0x06,0x8b,0x50,0x00,0x55,0xd6,0x50,0x8f,0x12,0x05,
0x67,0x00,0x01,0xd5,0xff,0x00,0x19,0x00,0x00,0x00,0x00,0x80,0x05,0x11,0x06,0x8b,
0x51,0x00,0x55,0xd6,0x51,0x8f,0x12,0x05,0x68,0x00,0x01,0xd5,0xff,0x00,0x19,0x00,
0x00,0x00,0x00,0x80,0x04,0x11,0x06,0x8b,0x52,0x00,0x55,0xd6,0x52,0x8f,0x12,0x05,
0x69,0x00,0x01,0xd5,0xff,0x00,0x19,0x00,0x00,0x00,0x00,0x80,0x03,0x11,0x06,0x8b,
0x53,0x00,0x55,0xd6,0x53,0x8f,0x12,0x05,0x6a,0x00,0x01,0xd5,0xff,0x00,0x19,0x00,
0x00,0x00,0x00,0x80,0x02,0x11,0x06,0x8b,0x54,0x00,0x55,0xd6,0x54,0x8f,0x12,0x05,
0x6b,0x00,0x01,0xd5,0xff,0x00,0x19,0x00,0x00,0x00,0x00,0x80,0x01,0x11,0x06,0x8b,
0x55,0x00,0x55,0xd6,0x55,0x8f,0x12,0x05,0x6c,0x00,0x01,0xd5,0xff,0x00,0x19,0x00,
0x00,0x00,0x00,0x80,0x00,0x11,0x06,0x8b,0x56,0x00,0x55,0xd6,0x56,0x8f,0x12,0x05,
0x6d,0x00,0x01,0xd5,0xff,0x00,0x19,0x00,0x00,0x00,0x00,0x80,0x06,0x00,0x4c,0xd4,
0x19,0x90,0x02,0x00,0x57,0x00,0x55,0xd6,0x57,0x8f,0x12,0x05,0x47,0x00,0x55,0xd6,
0x58,0x8f,0x12,0x05,0x58,0x00,0x55,0xd6,0x5e,0x8d,0x12,0x05,0x5e,0x00,0x55,0xd6,
0x5f,0x8d,0x12,0x05,0x07,0x06,0x07,0x8b,0x5f,0x00,0x55,0xd6,0x60,0x8d,0x12,0x05,
0x60,0x00,0x55,0xd6,0x61,0x8d,0x12,0x05,0x61,0x00,0x55,0xd6,0x62,0x8d,0x12,0x05,
0x62,0x00,0x55,0xd6,0x63,0x8d,0x12,0x05,0x63,0x00,0x55,0xd6,0x64,0x8d,0x12,0x05,
0x64,0x00,0x55,0xd6,0x65,0x8d,0x12,0x05,0x65,0x00,0x55,0xd6,0x66,0x8d,0x12,0x05,
0x66,0x00,0x55,0xd6,0x67,0x8d,0x12,0x05,0x67,0x00,0x55,0xd6,0x68,0x8d,0x12,0x05,
0x68,0x00,0x55,0xd6,0x69,0x8d,0x12,0x05,0x69,0x00,0x55,0xd6,0x6a,0x8d,0x12,0x05,
0x6a,0x00,0x55,0xd6,0x6b,0x8d,0x12,0x05,0x6b,0x00,0x55,0xd6,0x6c,0x8d,0x12,0x05,
0x46,0x00,0x55,0xd6,0x6d,0x8d,0x12,0x05,0x6d,0x00,0x01,0xd5,0xff,0x00,0x1d,0x00,
0x00,0x00,0x00,0x80,0x08,0x06,0x07,0x8b,0x48,0x00,0x2c,0xd7,0x30,0x90,0x02,0x00,
0x6e,0x00,0x01,0xd5,0xff,0x00,0x1d,0x00,0x00,0x00,0x00,0x80,0x09,0x06,0x07,0x8b,
0x6a,0x06,0x11,0x8b,0x6f,0x00,0x01,0xd5,0xff,0x00,0x1d,0x00,0x00,0x00,0x00,0x80,
0x0a,0x06,0x07,0x8b,0x6c,0x00,0x01,0xd5,0xff,0x00,0x45,0x00,0x00,0x00,0x00,0x80,
0x70,0x00,0x01,0xd5,0xff,0x00,0x1d,0x00,0x00,0x00,0x00,0x80,0x0b,0x06,0x07,0x8b,
0x05,0x06,0x05,0x8b,0x71,0x00,0x01,0xd5,0xff,0x00,0x1d,0x00,0x00,0x00,0x00,0x80,
0x0c,0x06,0x07,0x8b,0x04,0x06,0x04,0x8b,0x72,0x00,0x01,0xd5,0xff,0x00,0x1d,0x00,
0x00,0x00,0x00,0x80,0x0d,0x06,0x07,0x8b,0x03,0x06,0x03,0x8b,0x73,0x00,0x01,0xd5,
0xff,0x00,0x1d,0x00,0x00,0x00,0x00,0x80,0x0e,0x06,0x07,0x8b,0x02,0x06,0x02,0x8b,
0x74,0x00,0x01,0xd5,0xff,0x00,0x1d,0x00,0x00,0x00,0x00,0x80,0x10,0x06,0x07,0x8b,
0x01,0x06,0x01,0x8b,0x00,0x06,0x00,0x8b,0x75,0x00,0x01,0xd5,0xff,0x00,0x1d,0x00,
0x00,0x00,0x00,0x80,0x76,0x00,0x01,0xd5,0xff,0x00,0x15,0x00,0x00,0x00,0x00,0x80,
0x77,0x00,0x01,0xd5,0xff,0x00,0x11,0x00,0x00,0x00,0x00,0x80,0x78,0x00,0x01,0xd5,
0xff,0x00,0x0d,0x00,0x00,0x00,0x00,0x80,0x79,0x00,0x01,0xd5,0xff,0x00,0x09,0x00,
0x00,0x00,0x00,0x80,0x7a,0x00,0x01,0xd5,0xff,0x00,0x05,0x00,0x00,0x00,0x00,0x80,
0x7b,0x00,0x01,0xd5,0xff,0x00,0x01,0x00,0x00,0x00,0x00,0x80,0x0f,0x00,0x85,0xbf,
0x00,0x00,0x48,0xe0,0x49,0x7c,0x49,0x80,0x02,0x00,0x48,0xe0,0x4a,0x4a,0x49,0x80,
0x04,0x00,0x48,0xe0,0x4b,0x4b,0x49,0x80,0x06,0x00,0x48,0xe0,0x4c,0x4c,0x49,0x80,
0x08,0x00,0x48,0xe0,0x4d,0x4d,0x49,0x80,0x0a,0x00,0x48,0xe0,0x4e,0x4e,0x49,0x80,
0x0c,0x00,0x48,0xe0,0x4f,0x49,0x49,0x80,0x0e,0x00,0x48,0xe0,0x50,0x4f,0x49,0x80,
0x10,0x00,0x48,0xe0,0x51,0x50,0x49,0x80,0x12,0x00,0x48,0xe0,0x52,0x51,0x49,0x80,
0x14,0x00,0x48,0xe0,0x53,0x52,0x49,0x80,0x16,0x00,0x48,0xe0,0x54,0x53,0x49,0x80,
0x18,0x00,0x48,0xe0,0x55,0x54,0x49,0x80,0x1a,0x00,0x48,0xe0,0x56,0x55,0x49,0x80,
0x1c,0x00,0x48,0xe0,0x57,0x56,0x49,0x80,0x1e,0x00,0x48,0xe0,0x47,0x57,0x49,0x80,
0x0f,0x00,0x85,0xbf,0x00,0x00,0x48,0xe0,0x58,0x58,0x47,0x80,0x02,0x00,0x48,0xe0,
0x5e,0x5e,0x47,0x80,0x04,0x00,0x48,0xe0,0x5f,0x5f,0x47,0x80,0x06,0x00,0x48,0xe0,
0x60,0x60,0x47,0x80,0x08,0x00,0x48,0xe0,0x61,0x61,0x47,0x80,0x0a,0x00,0x48,0xe0,
0x62,0x62,0x47,0x80,0x0c,0x00,0x48,0xe0,0x63,0x63,0x47,0x80,0x0e,0x00,0x48,0xe0,
0x64,0x64,0x47,0x80,0x10,0x00,0x48,0xe0,0x65,0x65,0x47,0x80,0x12,0x00,0x48,0xe0,
0x66,0x66,0x47,0x80,0x14,0x00,0x48,0xe0,0x67,0x67,0x47,0x80,0x16,0x00,0x48,0xe0,
0x68,0x68,0x47,0x80,0x18,0x00,0x48,0xe0,0x69,0x69,0x47,0x80,0x1a,0x00,0x48,0xe0,
0x6a,0x6a,0x47,0x80,0x1c,0x00,0x48,0xe0,0x6b,0x6b,0x47,0x80,0x1e,0x00,0x48,0xe0,
0x46,0x7d,0x47,0x80,0x46,0x00,0x55,0xd6,0x6c,0x91,0x12,0x05,0x47,0x00,0x55,0xd6,
0x6d,0x91,0x12,0x05,0x6c,0x00,0x55,0xd6,0x6e,0x91,0x12,0x05,0x6d,0x00,0x55,0xd6,
0x6f,0x91,0x12,0x05,0x6e,0x00,0x55,0xd6,0x70,0x91,0x12,0x05,0x6f,0x00,0x55,0xd6,
0x71,0x91,0x12,0x05,0x70,0x00,0x55,0xd6,0x72,0x91,0x12,0x05,0x71,0x00,0x55,0xd6,
0x73,0x91,0x12,0x05,0x72,0x00,0x55,0xd6,0x74,0x91,0x12,0x05,0x73,0x00,0x55,0xd6,
0x75,0x91,0x12,0x05,0x74,0x00,0x55,0xd6,0x76,0x91,0x12,0x05,0x75,0x00,0x55,0xd6,
0x77,0x91,0x12,0x05,0x76,0x00,0x55,0xd6,0x78,0x91,0x12,0x05,0x77,0x00,0x55,0xd6,
0x79,0x91,0x12,0x05,0x78,0x00,0x55,0xd6,0x7a,0x91,0x12,0x05,0x48,0x00,0x55,0xd6,
0x7b,0x91,0x12,0x05,0x0f,0x00,0x85,0xbf,0x00,0x00,0x48,0xe0,0x46,0x79,0x47,0x80,
0x02,0x00,0x48,0xe0,0x47,0x7a,0x47,0x80,0x04,0x00,0x48,0xe0,0x6c,0x6c,0x47,0x80,
0x06,0x00,0x48,0xe0,0x6d,0x6d,0x47,0x80,0x08,0x00,0x48,0xe0,0x6e,0x6e,0x47,0x80,
0x0a,0x00,0x48,0xe0,0x6f,0x6f,0x47,0x80,0x0c,0x00,0x48,0xe0,0x70,0x70,0x47,0x80,
0x0e,0x00,0x48,0xe0,0x71,0x71,0x47,0x80,0x1c,0x00,0x48,0xe0,0x78,0x78,0x47,0x80,
0x1e,0x00,0x48,0xe0,0x48,0x7b,0x47,0x80,0x14,0x00,0x48,0xe0,0x74,0x74,0x47,0x80,
0x16,0x00,0x48,0xe0,0x75,0x75,0x47,0x80,0x18,0x00,0x48,0xe0,0x76,0x76,0x47,0x80,
0x1a,0x00,0x48,0xe0,0x77,0x77,0x47,0x80,0x10,0x00,0x48,0xe0,0x72,0x72,0x47,0x80,
0x12,0x00,0x48,0xe0,0x73,0x73,0x47,0x80,0xc0,0x88,0x88,0x4a,0x2f,0x2e,0x0a,0xbf,
0xf7,0xbb,0x89,0xbf,0x46,0x00,0x44,0xd6,0x4a,0xf9,0xfe,0x03,0x00,0x01,0x04,0x05,
0xf7,0xb3,0x89,0xbf,0x47,0x00,0x44,0xd6,0x4c,0x97,0xfe,0x03,0x00,0x01,0x04,0x05,
0xf7,0xab,0x89,0xbf,0x48,0x00,0x44,0xd6,0x4e,0x9b,0xfe,0x03,0x00,0x01,0x04,0x05,
0xf7,0xa3,0x89,0xbf,0x49,0x00,0x44,0xd6,0x4f,0x93,0xfe,0x03,0x00,0x01,0x04,0x05,
0xf7,0x9b,0x89,0xbf,0x4a,0x00,0x44,0xd6,0x51,0xa1,0xfe,0x03,0x00,0x01,0x04,0x05,
0xf7,0x93,0x89,0xbf,0x4b,0x00,0x44,0xd6,0x53,0xa5,0xfe,0x03,0x00,0x01,0x04,0x05,
0xf7,0x8b,0x89,0xbf,0x4c,0x00,0x44,0xd6,0x55,0xa9,0xfe,0x03,0x00,0x01,0x04,0x05,
0xf7,0x83,0x89,0xbf,0x4d,0x00,0x44,0xd6,0x57,0xad,0xfe,0x03,0x00,0x01,0x04,0x05,
0xf7,0x7b,0x89,0xbf,0x4e,0x00,0x44,0xd6,0x5e,0xb1,0xfe,0x03,0x00,0x01,0x04,0x05,
0xf7,0x73,0x89,0xbf,0x4f,0x00,0x44,0xd6,0x60,0xbf,0xfe,0x03,0x00,0x01,0x04,0x05,
0xf7,0x6b,0x89,0xbf,0x50,0x00,0x44,0xd6,0x62,0xc3,0xfe,0x03,0x00,0x01,0x04,0x05,
0xf7,0x63,0x89,0xbf,0x51,0x00,0x44,0xd6,0x64,0xc7,0xfe,0x03,0x00,0x01,0x04,0x05,
0xf7,0x5b,0x89,0xbf,0x52,0x00,0x44,0xd6,0x66,0xcb,0xfe,0x03,0x00,0x01,0x04,0x05,
0xf7,0x53,0x89,0xbf,0x53,0x00,0x44,0xd6,0x68,0xcf,0xfe,0x03,0x00,0x01,0x04,0x05,
0xf7,0x4b,0x89,0xbf,0x54,0x00,0x44,0xd6,0x6a,0xd3,0xfe,0x03,0x00,0x01,0x04,0x05,
0xf7,0x43,0x89,0xbf,0x55,0x00,0x44,0xd6,0x7d,0xd7,0xfe,0x03,0x00,0x01,0x04,0x05,
0xf7,0x3b,0x89,0xbf,0x5e,0x00,0x44,0xd6,0x7a,0xf3,0xfe,0x03,0x00,0x01,0x04,0x05,
0xf7,0x33,0x89,0xbf,0x5f,0x00,0x44,0xd6,0x6d,0xd9,0xfe,0x03,0x00,0x01,0x04,0x05,
0xf7,0x2b,0x89,0xbf,0x60,0x00,0x44,0xd6,0x6f,0xdd,0xfe,0x03,0x00,0x01,0x04,0x05,
0xf7,0x23,0x89,0xbf,0x61,0x00,0x44,0xd6,0x71,0xe1,0xfe,0x03,0x00,0x01,0x04,0x05,
0xf7,0x1b,0x89,0xbf,0x65,0x00,0x44,0xd6,0x7b,0xf1,0xfe,0x03,0x00,0x01,0x04,0x05,
0xf7,0x13,0x89,0xbf,0x63,0x00,0x44,0xd6,0x75,0xe9,0xfe,0x03,0x00,0x01,0x04,0x05,
0xf7,0x0b,0x89,0xbf,0x64,0x00,0x44,0xd6,0x77,0xed,0xfe,0x03,0x00,0x01,0x04,0x05,
0xf7,0x03,0x89,0xbf,0x62,0x00,0x44,0xd6,0x73,0xe5,0xfe,0x03,0x00,0x01,0x04,0x05,
0x00,0x00,0x7c,0xdb,0x43,0x46,0x00,0x00,0x10,0x00,0x7c,0xdb,0x43,0x4a,0x00,0x00,
0x00,0x00,0x7c,0xdb,0x40,0x4e,0x00,0x00,0x10,0x00,0x7c,0xdb,0x40,0x52,0x00,0x00,
0x50,0x00,0x7c,0xdb,0x40,0x5e,0x00,0x00,0x60,0x00,0x7c,0xdb,0x40,0x62,0x00,0x00,
0x07,0xfc,0x89,0xbf,0x00,0x00,0xbd,0xbf,0x00,0x00,0xfc,0xdb,0x41,0x00,0x00,0x46,
0x10,0x00,0xfc,0xdb,0x41,0x00,0x00,0x4a,0x20,0x00,0xfc,0xdb,0x41,0x00,0x00,0x4e,
0x30,0x00,0xfc,0xdb,0x41,0x00,0x00,0x52,0x00,0x00,0xfc,0xdb,0x42,0x00,0x00,0x5e,
0x10,0x00,0xfc,0xdb,0x42,0x00,0x00,0x62,0x20,0x00,0xfc,0xdb,0x42,0x00,0x00,0x66,
0x30,0x00,0xfc,0xdb,0x42,0x00,0x00,0x6a,0x10,0x05,0xfc,0xdb,0x42,0x00,0x00,0x72,
0x00,0x05,0xfc,0xdb,0x42,0x00,0x00,0x6e,0x10,0x0a,0xfc,0xdb,0x42,0x00,0x00,0x7a,
0x00,0x0a,0xfc,0xdb,0x42,0x00,0x00,0x76,0x10,0x0f,0xfc,0xdb,0x42,0x00,0x00,0x82,
0x00,0x0f,0xfc,0xdb,0x42,0x00,0x00,0x7e,0x10,0x05,0xfc,0xdb,0x41,0x00,0x00,0x8a,
0x00,0x05,0xfc,0xdb,0x41,0x00,0x00,0x86,0x30,0x05,0xfc,0xdb,0x42,0x00,0x00,0x92,
0x20,0x05,0xfc,0xdb,0x42,0x00,0x00,0x8e,0x30,0x0a,0xfc,0xdb,0x42,0x00,0x00,0x9a,
0x20,0x0a,0xfc,0xdb,0x42,0x00,0x00,0x96,0x30,0x0f,0xfc,0xdb,0x42,0x00,0x00,0xa2,
0x20,0x0f,0xfc,0xdb,0x42,0x00,0x00,0x9e,0x30,0x05,0xfc,0xdb,0x41,0x00,0x00,0xaa,
0x20,0x05,0xfc,0xdb,0x41,0x00,0x00,0xa6,0x27,0xfd,0x89,0xbf,0x38,0x40,0x40,0xcc,
0x46,0xbd,0xe2,0x1c,0xe7,0xfc,0x89,0xbf,0x30,0x40,0x40,0xcc,0x46,0xdd,0xc2,0x1c,
0x02,0x00,0x87,0xbf,0x38,0x40,0x40,0xcc,0x4e,0xcd,0xe2,0x1c,0xc7,0xfc,0x89,0xbf,
0x28,0x40,0x40,0xcc,0x46,0xed,0xa2,0x1c,0xa7,0xfc,0x89,0xbf,0x20,0x40,0x40,0xcc,
0x46,0xfd,0x82,0x1c,0x87,0xfc,0x89,0xbf,0x18,0x40,0x40,0xcc,0x86,0xbd,0x62,0x1c,
0x10,0x40,0x40,0xcc,0x86,0xdd,0x42,0x1c,0x08,0x40,0x40,0xcc,0x86,0xed,0x22,0x1c,
0x00,0x40,0x40,0xcc,0x86,0xfd,0x02,0x1c,0x67,0xfc,0x89,0xbf,0x30,0x40,0x40,0xcc,
0x4e,0x1d,0xc3,0x1c,0x47,0xfc,0x89,0xbf,0x28,0x40,0x40,0xcc,0x4e,0x2d,0xa3,0x1c,
0x27,0xfc,0x89,0xbf,0x20,0x40,0x40,0xcc,0x4e,0x3d,0x83,0x1c,0x07,0xfc,0x89,0xbf,
0x18,0x40,0x40,0xcc,0xa6,0xcd,0x62,0x1c,0x10,0x40,0x40,0xcc,0xa6,0x1d,0x43,0x1c,
0x08,0x40,0x40,0xcc,0xa6,0x2d,0x23,0x1c,0x00,0x40,0x40,0xcc,0xa6,0x3d,0x03,0x1c,
0x6d,0xfd,0xa2,0xbf,0x00,0x00,0x12,0xd4,0x14,0x00,0x01,0x00,0xf7,0x07,0x89,0xbf,
0x80,0x00,0x20,0xca,0x2b,0xb8,0x40,0x6d,0x41,0x00,0x01,0xd5,0x80,0x02,0x85,0x00,
0x01,0x00,0x49,0xd4,0x8f,0xb2,0x02,0x00,0x7e,0x00,0x6a,0x8b,0x03,0x00,0x87,0xbf,
0x40,0x00,0x57,0xd6,0x59,0x1f,0x01,0x05,0x80,0x00,0x10,0xca,0x80,0x00,0x72,0x74,
0x00,0x00,0x4d,0xd4,0x81,0x82,0x02,0x00,0x80,0x00,0x10,0xca,0x80,0x00,0x6a,0x72,
0x80,0x00,0x10,0xca,0x80,0x00,0x70,0x6c,0x80,0x00,0x10,0xca,0x80,0x00,0x70,0x75,
0x80,0x00,0x10,0xca,0x80,0x00,0x62,0x65,0x80,0x00,0x10,0xca,0x80,0x00,0x66,0x69,
0x80,0x00,0x10,0xca,0x80,0x00,0x6a,0x6f,0x80,0x00,0x10,0xca,0x80,0x00,0x5c,0x6e,
0x80,0x00,0x10,0xca,0x80,0x00,0x68,0x63,0x80,0x00,0x10,0xca,0x80,0x00,0x5c,0x67,
0x80,0x00,0x10,0xca,0x80,0x00,0x64,0x5f,0x80,0x00,0x10,0xca,0x80,0x00,0x5a,0x61,
0x80,0x00,0x10,0xca,0x80,0x00,0x5e,0x5b,0x80,0x00,0x10,0xca,0x80,0x00,0x56,0x60,
0x80,0x02,0x98,0x7e,0x80,0x02,0xac,0x7e,0x80,0x02,0xb0,0x7e,0x19,0x18,0x05,0x96,
0x2d,0x2a,0x06,0x81,0x80,0x00,0x83,0xbe,0xbd,0x05,0xa4,0xbf,0x0f,0x12,0x02,0x96,
0x41,0x00,0x01,0xd5,0x80,0x02,0x05,0x00,0x02,0x81,0x82,0x84,0x90,0x80,0x9c,0x38,
0x07,0xfc,0x89,0xbf,0x28,0x02,0x08,0x80,0x29,0x03,0x01,0x82,0x81,0x2c,0x02,0x8b,
0x06,0x82,0xac,0x38,0x01,0xff,0x09,0x8b,0xff,0xff,0x00,0x00,0x2c,0x88,0x0d,0xbf,
0x14,0x14,0x82,0x7e,0xc1,0x80,0x07,0x98,0x02,0x81,0x06,0xbf,0x43,0x00,0x01,0xd5,
0x56,0x01,0x1d,0x00,0xc1,0x80,0x0d,0x98,0x82,0xac,0xaa,0x38,0x0d,0x7e,0x01,0x8b,
0x81,0x19,0x0c,0x98,0x42,0x00,0x01,0xd5,0x40,0x01,0x35,0x00,0x4b,0x00,0x2c,0xd7,
0x43,0x19,0x00,0x00,0x84,0xac,0xa8,0x38,0x86,0xac,0xa6,0x38,0x88,0xac,0xa4,0x38,
0x8a,0xac,0xa2,0x38,0x8c,0xac,0xa0,0x38,0x8e,0xac,0x9e,0x38,0xa0,0x80,0x9a,0x38,
0xb0,0x80,0x98,0x38,0x90,0xac,0x94,0x38,0x92,0xac,0x92,0x38,0x94,0xac,0x90,0x38,
0xf7,0x03,0x89,0xbf,0x96,0xac,0x8e,0x38,0x98,0xac,0x8c,0x38,0x9a,0xac,0x8a,0x38,
0x9c,0xac,0x88,0x38,0x9e,0xac,0x86,0x38,0x05,0x81,0x0a,0x84,0x7e,0x00,0x6a,0x8b,
0xff,0x00,0x8b,0xbe,0x00,0x40,0x00,0x31,0x86,0x03,0xa4,0xbf,0x00,0x00,0x4c,0xd4,
0x18,0xac,0x02,0x00,0x0c,0x84,0x98,0x7c,0x56,0x00,0x01,0xd5,0x55,0x01,0x1d,0x00,
0x58,0x00,0x01,0xd5,0x54,0x01,0x1d,0x00,0x5b,0x00,0x01,0xd5,0x53,0x01,0x1d,0x00,
0x00,0x07,0x03,0x8c,0x4b,0x85,0xae,0x4a,0x6a,0x03,0x00,0x8b,0x56,0x00,0x2c,0xd7,
0x56,0x19,0x00,0x00,0x5a,0x00,0x01,0xd5,0xff,0x00,0x01,0x00,0x00,0x00,0x00,0x80,
0x00,0x00,0x4c,0xd4,0x18,0xaa,0x02,0x00,0x58,0x00,0x2c,0xd7,0x58,0x19,0x00,0x00,
0x5b,0x00,0x2c,0xd7,0x5b,0x19,0x00,0x00,0x61,0x00,0x01,0xd5,0x51,0x01,0x1d,0x00,
0x57,0x00,0x46,0xd6,0x57,0x03,0x69,0x05,0x00,0x07,0x0e,0x8c,0x00,0x00,0x4c,0xd4,
0x18,0xa8,0x02,0x00,0x6a,0x0e,0x01,0x8b,0x56,0x85,0xb4,0x4a,0x5c,0x00,0x01,0xd5,
0xff,0x00,0x05,0x00,0x00,0x00,0x00,0x80,0x58,0x85,0xba,0x4a,0x00,0x07,0x04,0x8c,
0x00,0x00,0x4c,0xd4,0x18,0xa6,0x02,0x00,0x6a,0x04,0x01,0x8b,0x5b,0x85,0xc0,0x4a,
0x5f,0x00,0x01,0xd5,0xff,0x00,0x05,0x00,0x00,0x00,0x00,0x80,0x5e,0x00,0x01,0xd5,
0x52,0x01,0x1d,0x00,0x00,0x07,0x10,0x8c,0x5a,0x00,0x46,0xd6,0x5a,0x03,0x71,0x05,
0x6a,0x10,0x00,0x8b,0x5c,0x00,0x46,0xd6,0x5d,0x03,0x7d,0x05,0x62,0x00,0x01,0xd5,
0xff,0x00,0x01,0x00,0x00,0x00,0x00,0x80,0x00,0x00,0x4c,0xd4,0x18,0xa4,0x02,0x00,
0x5d,0x00,0x2c,0xd7,0x61,0x19,0x00,0x00,0x61,0x00,0x01,0xd5,0x50,0x01,0x1d,0x00,
0x64,0x00,0x01,0xd5,0x4f,0x01,0x1d,0x00,0x5f,0x00,0x46,0xd6,0x60,0x03,0x89,0x05,
0x00,0x07,0x11,0x8c,0x00,0x00,0x4c,0xd4,0x18,0xa2,0x02,0x00,0x6a,0x11,0x01,0x8b,
0x5e,0x00,0x2c,0xd7,0x5e,0x19,0x00,0x00,0x62,0x00,0x01,0xd5,0xff,0x00,0x05,0x00,
0x00,0x00,0x00,0x80,0x61,0x00,0x2c,0xd7,0x61,0x19,0x00,0x00,0x00,0x07,0x12,0x8c,
0x00,0x00,0x4c,0xd4,0x18,0xa0,0x02,0x00,0x6a,0x12,0x01,0x8b,0x68,0x00,0x01,0xd5,
0x4e,0x01,0x35,0x00,0x65,0x00,0x01,0xd5,0xff,0x00,0x05,0x00,0x00,0x00,0x00,0x80,
0x01,0x00,0x4c,0xd4,0x18,0x9e,0x02,0x00,0x00,0x07,0x14,0x8c,0x64,0x00,0x2c,0xd7,
0x64,0x19,0x00,0x00,0x6a,0x14,0x00,0x8b,0x5e,0x85,0xc0,0x4a,0x01,0x07,0x1a,0x8c,
0x67,0x00,0x01,0xd5,0xff,0x00,0x01,0x00,0x00,0x00,0x00,0x80,0x6a,0x1a,0x00,0x8b,
0x5d,0x85,0xc6,0x4a,0x6a,0x00,0x01,0xd5,0xff,0x00,0x01,0x00,0x00,0x00,0x00,0x80,
0x00,0x00,0x4c,0xd4,0x0c,0xd0,0x02,0x00,0x61,0x85,0xcc,0x4a,0x64,0x85,0xd2,0x4a,
0x60,0x00,0x46,0xd6,0x60,0x03,0x89,0x05,0x62,0x00,0x46,0xd6,0x63,0x03,0x95,0x05,
0x00,0x03,0x01,0x8b,0x63,0x00,0x46,0xd6,0x66,0x03,0x9d,0x05,0x67,0x00,0x01,0xd5,
0xff,0x00,0x05,0x00,0x00,0x00,0x00,0x80,0x00,0x0e,0x01,0x8b,0x65,0x00,0x46,0xd6,
0x69,0x03,0xa9,0x05,0x6a,0x00,0x01,0xd5,0xff,0x00,0x05,0x00,0x00,0x00,0x00,0x80,
0x00,0x04,0x01,0x8b,0x4b,0xd1,0xcc,0x4a,0x56,0xd1,0xd2,0x4a,0x58,0xd1,0xd6,0x4a,
0x6c,0x00,0x01,0xd5,0xff,0x00,0x05,0x00,0x00,0x00,0x00,0x80,0x00,0x10,0x01,0x8b,
0x5b,0xd1,0xda,0x4a,0x6e,0x00,0x01,0xd5,0xff,0x00,0x05,0x00,0x00,0x00,0x00,0x80,
0x00,0x11,0x01,0x8b,0x66,0x00,0x46,0xd6,0x66,0x03,0x9d,0x05,0x67,0x00,0x46,0xd6,
0x69,0x03,0xa9,0x05,0x69,0x00,0x46,0xd6,0x6b,0x03,0xb1,0x05,0x6c,0x00,0x01,0xd5,
0xff,0x00,0x05,0x00,0x00,0x00,0x00,0x80,0x00,0x12,0x01,0x8b,0x71,0x00,0x01,0xd5,
0x4d,0x01,0x35,0x00,0x6a,0x00,0x46,0xd6,0x6d,0x03,0xb9,0x05,0x6e,0x00,0x01,0xd5,
0xff,0x00,0x05,0x00,0x00,0x00,0x00,0x80,0x00,0x14,0x01,0x8b,0x5e,0xd1,0xd6,0x4a,
0x70,0x00,0x01,0xd5,0xff,0x00,0x05,0x00,0x00,0x00,0x00,0x80,0x00,0x1a,0x01,0x8b,
0x5d,0xd1,0xda,0x4a,0x73,0x00,0x01,0xd5,0xff,0x00,0x05,0x00,0x00,0x00,0x00,0x80,
0x01,0x00,0x4c,0xd4,0x0c,0xe2,0x02,0x00,0x61,0xd1,0xde,0x4a,0x64,0xd1,0xe4,0x4a,
0x6b,0x00,0x46,0xd6,0x6b,0x03,0xb1,0x05,0x6c,0x00,0x46,0xd6,0x6d,0x03,0xb9,0x05,
0x01,0x03,0x02,0x8b,0x6d,0x00,0x46,0xd6,0x6f,0x03,0xc1,0x05,0x70,0x00,0x01,0xd5,
0xff,0x00,0x09,0x00,0x00,0x00,0x00,0x80,0x01,0x0e,0x02,0x8b,0x6e,0x00,0x46,0xd6,
0x72,0x03,0xcd,0x05,0x73,0x00,0x01,0xd5,0xff,0x00,0x09,0x00,0x00,0x00,0x00,0x80,
0x01,0x04,0x02,0x8b,0x4b,0xe3,0xde,0x4a,0x58,0xe3,0xe8,0x4a,0x75,0x00,0x01,0xd5,
0xff,0x00,0x09,0x00,0x00,0x00,0x00,0x80,0x01,0x10,0x02,0x8b,0x56,0xe3,0xe4,0x4a,
0x5b,0xe3,0xec,0x4a,0x77,0x00,0x01,0xd5,0xff,0x00,0x09,0x00,0x00,0x00,0x00,0x80,
0x01,0x11,0x02,0x8b,0x0f,0x00,0x85,0xbf,0x00,0x00,0x48,0xe0,0x57,0x57,0x42,0x80,
0x00,0x00,0x48,0xe0,0x5a,0x5a,0x42,0x80,0x00,0x00,0x48,0xe0,0x5c,0x5c,0x42,0x80,
0x00,0x00,0x48,0xe0,0x5f,0x5f,0x42,0x80,0x00,0x00,0x48,0xe0,0x60,0x60,0x42,0x80,
0x00,0x00,0x48,0xe0,0x62,0x62,0x42,0x80,0x00,0x00,0x48,0xe0,0x63,0x63,0x42,0x80,
0x00,0x00,0x48,0xe0,0x65,0x65,0x42,0x80,0x00,0x00,0x48,0xe0,0x66,0x66,0x42,0x80,
0x00,0x00,0x48,0xe0,0x67,0x67,0x42,0x80,0x00,0x00,0x48,0xe0,0x69,0x69,0x42,0x80,
0x00,0x00,0x48,0xe0,0x6a,0x6a,0x42,0x80,0x00,0x00,0x48,0xe0,0x6b,0x6b,0x42,0x80,
0x00,0x00,0x48,0xe0,0x6c,0x6c,0x42,0x80,0x00,0x00,0x48,0xe0,0x6d,0x78,0x42,0x80,
0x00,0x00,0x48,0xe0,0x6e,0x6e,0x42,0x80,0x6d,0x00,0x46,0xd6,0x6f,0x03,0xc1,0x05,
0x70,0x00,0x46,0xd6,0x74,0x03,0xd5,0x05,0x74,0x00,0x01,0xd5,0xff,0x00,0x09,0x00,
0x00,0x00,0x00,0x80,0x01,0x12,0x02,0x8b,0x7c,0x00,0x01,0xd5,0x4c,0x01,0x35,0x00,
0x6f,0x00,0x46,0xd6,0x72,0x03,0xcd,0x05,0x72,0x00,0x46,0xd6,0x76,0x03,0xdd,0x05,
0x76,0x00,0x01,0xd5,0xff,0x00,0x09,0x00,0x00,0x00,0x00,0x80,0x01,0x14,0x02,0x8b,
0x5e,0xe3,0xe6,0x4a,0x79,0x00,0x01,0xd5,0xff,0x00,0x09,0x00,0x00,0x00,0x00,0x80,
0x01,0x1a,0x02,0x8b,0x5d,0xe3,0xea,0x4a,0x7b,0x00,0x01,0xd5,0xff,0x00,0x09,0x00,
0x00,0x00,0x00,0x80,0x02,0x00,0x4c,0xd4,0x0c,0xf8,0x02,0x00,0x61,0xe3,0xee,0x4a,
0x64,0xe3,0xf4,0x4a,0x73,0x00,0x46,0xd6,0x73,0x03,0xd1,0x05,0x74,0x00,0x46,0xd6,
0x75,0x03,0xd9,0x05,0x02,0x03,0x03,0x8b,0x75,0x00,0x46,0xd6,0x77,0x03,0xe5,0x05,
0x76,0x00,0x46,0xd6,0x7a,0x03,0xed,0x05,0x07,0x00,0x85,0xbf,0x00,0x00,0x48,0xe0,
0x6d,0x77,0x42,0x80,0x00,0x00,0x48,0xe0,0x6f,0x6f,0x42,0x80,0x00,0x00,0x48,0xe0,
0x70,0x70,0x42,0x80,0x00,0x00,0x48,0xe0,0x72,0x79,0x42,0x80,0x00,0x00,0x48,0xe0,
0x73,0x7a,0x42,0x80,0x00,0x00,0x48,0xe0,0x74,0x7b,0x42,0x80,0x00,0x00,0x48,0xe0,
0x75,0x7d,0x42,0x80,0x00,0x00,0x48,0xe0,0x76,0x7e,0x42,0x80,0x72,0x00,0x01,0xd5,
0xff,0x00,0x0d,0x00,0x00,0x00,0x00,0x80,0x02,0x0e,0x03,0x8b,0x4b,0xf9,0xda,0x4a,
0x73,0x00,0x01,0xd5,0xff,0x00,0x0d,0x00,0x00,0x00,0x00,0x80,0x02,0x04,0x03,0x8b,
0x56,0xf9,0xac,0x4a,0x74,0x00,0x01,0xd5,0xff,0x00,0x0d,0x00,0x00,0x00,0x00,0x80,
0x02,0x10,0x03,0x8b,0x58,0xf9,0xb0,0x4a,0x75,0x00,0x01,0xd5,0xff,0x00,0x0d,0x00,
0x00,0x00,0x00,0x80,0x02,0x11,0x03,0x8b,0x6d,0x00,0x46,0xd6,0x6d,0x03,0xc9,0x05,
0x76,0x00,0x01,0xd5,0xff,0x00,0x0d,0x00,0x00,0x00,0x00,0x80,0x02,0x12,0x03,0x8b,
0x56,0x00,0x46,0xd6,0x56,0x03,0xcd,0x05,0x72,0x00,0x01,0xd5,0xff,0x00,0x0d,0x00,
0x00,0x00,0x00,0x80,0x02,0x14,0x03,0x8b,0x58,0x00,0x46,0xd6,0x58,0x03,0xd1,0x05,
0x73,0x00,0x01,0xd5,0xff,0x00,0x0d,0x00,0x00,0x00,0x00,0x80,0x02,0x1a,0x03,0x8b,
0x5b,0xf9,0xb6,0x4a,0x74,0x00,0x01,0xd5,0xff,0x00,0x0d,0x00,0x00,0x00,0x00,0x80,
0x03,0x00,0x4c,0xd4,0x18,0x94,0x02,0x00,0x5d,0xf9,0xba,0x4a,0x64,0xf9,0xc8,0x4a,
0x5b,0x00,0x46,0xd6,0x5b,0x03,0xd5,0x05,0x61,0xf9,0xc2,0x4a,0x03,0x07,0x10,0x8c,
0x03,0x00,0x4c,0xd4,0x18,0x92,0x02,0x00,0x75,0x00,0x01,0xd5,0x4a,0x01,0x1d,0x00,
0x5d,0x00,0x46,0xd6,0x5d,0x03,0xc9,0x05,0x72,0x00,0x01,0xd5,0x49,0x01,0x1d,0x00,
0x64,0x00,0x46,0xd6,0x64,0x03,0xd1,0x05,0x03,0x07,0x11,0x8c,0x03,0x00,0x4c,0xd4,
0x18,0x90,0x02,0x00,0x74,0x00,0x01,0xd5,0x48,0x01,0x1d,0x00,0x61,0x00,0x46,0xd6,
0x61,0x03,0xcd,0x05,0x73,0x00,0x2c,0xd7,0x75,0x19,0x00,0x00,0x72,0x00,0x2c,0xd7,
0x72,0x19,0x00,0x00,0x03,0x07,0x0e,0x8c,0x74,0x00,0x2c,0xd7,0x74,0x19,0x00,0x00,
0x6a,0x0e,0x03,0x8b,0x5e,0xf9,0xbc,0x4a,0x83,0x00,0x01,0xd5,0xff,0x00,0x0d,0x00,
0x00,0x00,0x00,0x80,0x03,0x00,0x4c,0xd4,0x18,0x8e,0x02,0x00,0x6a,0x10,0x04,0x8b,
0x84,0x00,0x01,0xd5,0x46,0x01,0x1d,0x00,0x75,0x00,0x01,0xd5,0xff,0x00,0x11,0x00,
0x00,0x00,0x00,0x80,0x6a,0x11,0x04,0x8b,0x03,0x07,0x12,0x8c,0x03,0x00,0x4c,0xd4,
0x18,0x8c,0x02,0x00,0x5e,0x00,0x46,0xd6,0x5e,0x03,0xd9,0x05,0x07,0x00,0x85,0xbf,
0x00,0x00,0x48,0xe0,0x6d,0x7f,0x42,0x80,0x00,0x00,0x48,0xe0,0x56,0x56,0x42,0x80,
0x00,0x00,0x48,0xe0,0x58,0x58,0x42,0x80,0x00,0x00,0x48,0xe0,0x5b,0x5b,0x42,0x80,
0x00,0x00,0x48,0xe0,0x5e,0x5e,0x42,0x80,0x00,0x00,0x48,0xe0,0x5d,0x5d,0x42,0x80,
0x00,0x00,0x48,0xe0,0x61,0x61,0x42,0x80,0x00,0x00,0x48,0xe0,0x64,0x64,0x42,0x80,
0x73,0x85,0xda,0x4a,0x72,0x85,0xec,0x4a,0x81,0x00,0x01,0xd5,0xff,0x00,0x11,0x00,
0x00,0x00,0x00,0x80,0x74,0x85,0x04,0x4b,0x03,0x07,0x14,0x8c,0x03,0x00,0x4c,0xd4,
0x18,0x8a,0x02,0x00,0x80,0x00,0x01,0xd5,0x47,0x01,0x1d,0x00,0x6a,0x12,0x04,0x8b,
0x86,0x00,0x01,0xd5,0x44,0x01,0x1d,0x00,0x6d,0x00,0x46,0xd6,0x6d,0x03,0xd5,0x05,
0x75,0x00,0x46,0xd6,0x76,0x03,0x05,0x06,0x76,0x00,0x46,0xd6,0x82,0x03,0x0d,0x06,
0x83,0x00,0x01,0xd5,0x45,0x01,0x1d,0x00,0x81,0x00,0x2c,0xd7,0x84,0x19,0x00,0x00,
0x84,0x00,0x01,0xd5,0xff,0x00,0x11,0x00,0x00,0x00,0x00,0x80,0x6a,0x14,0x04,0x8b,
0x88,0x00,0x01,0xd5,0x43,0x01,0x1d,0x00,0x03,0x07,0x1a,0x8c,0x87,0x00,0x01,0xd5,
0xff,0x00,0x11,0x00,0x00,0x00,0x00,0x80,0x03,0x00,0x4c,0xd4,0x18,0x88,0x02,0x00,
0x6a,0x1a,0x04,0x8b,0x80,0x00,0x2c,0xd7,0x80,0x19,0x00,0x00,0x86,0x00,0x2c,0xd7,
0x86,0x19,0x00,0x00,0x83,0x00,0x2c,0xd7,0x83,0x19,0x00,0x00,0x8a,0x00,0x01,0xd5,
0xff,0x00,0x11,0x00,0x00,0x00,0x00,0x80,0x04,0x00,0x4c,0xd4,0x18,0x86,0x02,0x00,
0x88,0x00,0x2c,0xd7,0x88,0x19,0x00,0x00,0x03,0x07,0x03,0x8c,0x81,0x85,0x0a,0x4b,
0x6a,0x03,0x1c,0x8b,0x04,0x07,0x04,0x8c,0x80,0x85,0x04,0x4b,0x86,0x85,0x16,0x4b,
0x8c,0x00,0x01,0xd5,0xff,0x00,0x71,0x00,0x00,0x00,0x00,0x80,0x6a,0x04,0x1c,0x8b,
0x83,0x85,0x12,0x4b,0x88,0x85,0x1a,0x4b,0x8e,0x00,0x01,0xd5,0xff,0x00,0x71,0x00,
0x00,0x00,0x00,0x80,0x00,0x10,0x1c,0x8b,0x82,0x00,0x46,0xd6,0x82,0x03,0x11,0x06,
0x84,0x00,0x46,0xd6,0x85,0x03,0x1d,0x06,0x87,0x00,0x46,0xd6,0x8b,0x03,0x31,0x06,
0x8b,0x00,0x01,0xd5,0xff,0x00,0x71,0x00,0x00,0x00,0x00,0x80,0x00,0x11,0x1c,0x8b,
0x85,0x00,0x46,0xd6,0x89,0x03,0x29,0x06,0x73,0xd1,0x14,0x4b,0x89,0x00,0x46,0xd6,
0x8d,0x03,0x39,0x06,0x8d,0x00,0x01,0xd5,0xff,0x00,0x71,0x00,0x00,0x00,0x00,0x80,
0x00,0x0e,0x1c,0x8b,0x72,0xd1,0x18,0x4b,0x8f,0x00,0x01,0xd5,0xff,0x00,0x71,0x00,
0x00,0x00,0x00,0x80,0x00,0x12,0x1c,0x8b,0x74,0xd1,0x1c,0x4b,0x07,0x00,0x85,0xbf,
0x00,0x00,0x48,0xe0,0x6d,0x90,0x42,0x80,0x00,0x00,0x48,0xe0,0x75,0x91,0x42,0x80,
0x00,0x00,0x48,0xe0,0x76,0x92,0x42,0x80,0x00,0x00,0x48,0xe0,0x82,0x82,0x42,0x80,
0x00,0x00,0x48,0xe0,0x84,0x84,0x42,0x80,0x00,0x00,0x48,0xe0,0x85,0x85,0x42,0x80,
0x00,0x00,0x48,0xe0,0x87,0x87,0x42,0x80,0x00,0x00,0x48,0xe0,0x89,0x89,0x42,0x80,
0x6d,0x00,0x46,0xd6,0x8a,0x03,0x2d,0x06,0x8b,0x00,0x01,0xd5,0xff,0x00,0x71,0x00,
0x00,0x00,0x00,0x80,0x00,0x14,0x1c,0x8b,0x75,0x00,0x46,0xd6,0x8c,0x03,0x35,0x06,
0x8d,0x00,0x01,0xd5,0xff,0x00,0x71,0x00,0x00,0x00,0x00,0x80,0x00,0x1a,0x1c,0x8b,
0x76,0x00,0x46,0xd6,0x8e,0x03,0x3d,0x06,0x80,0xd1,0x14,0x4b,0x81,0xd1,0x18,0x4b,
0x83,0xd1,0x1c,0x4b,0x8f,0x00,0x01,0xd5,0xff,0x00,0x71,0x00,0x00,0x00,0x00,0x80,
0x00,0x03,0x1c,0x8b,0x00,0x04,0x00,0x8b,0x86,0xd1,0x26,0x4b,0x94,0x00,0x01,0xd5,
0xff,0x00,0x71,0x00,0x00,0x00,0x00,0x80,0x95,0x00,0x01,0xd5,0xff,0x00,0x01,0x00,
0x00,0x00,0x00,0x80,0x01,0x10,0x00,0x8b,0x88,0xd1,0xd0,0x4a,0x8a,0x00,0x46,0xd6,
0x8a,0x03,0x2d,0x06,0x8b,0x00,0x46,0xd6,0x8c,0x03,0x35,0x06,0x8c,0x00,0x46,0xd6,
0x8e,0x03,0x3d,0x06,0x8f,0x00,0x01,0xd5,0xff,0x00,0x01,0x00,0x00,0x00,0x00,0x80,
0x01,0x11,0x00,0x8b,0x73,0xe3,0x1c,0x4b,0x8d,0x00,0x46,0xd6,0x93,0x03,0x51,0x06,
0x94,0x00,0x01,0xd5,0xff,0x00,0x01,0x00,0x00,0x00,0x00,0x80,0x01,0x0e,0x00,0x8b,
0x72,0xe3,0x26,0x4b,0x96,0x00,0x01,0xd5,0xff,0x00,0x01,0x00,0x00,0x00,0x00,0x80,
0x01,0x12,0x00,0x8b,0x68,0x00,0x46,0xd6,0x68,0x03,0x55,0x06,0x74,0xe3,0x2a,0x4b,
0x07,0x00,0x85,0xbf,0x00,0x00,0x48,0xe0,0x6d,0x97,0x42,0x80,0x00,0x00,0x48,0xe0,
0x75,0x98,0x42,0x80,0x00,0x00,0x48,0xe0,0x76,0x99,0x42,0x80,0x00,0x00,0x48,0xe0,
0x8a,0x8a,0x42,0x80,0x00,0x00,0x48,0xe0,0x8b,0x8b,0x42,0x80,0x00,0x00,0x48,0xe0,
0x8c,0x8c,0x42,0x80,0x00,0x00,0x48,0xe0,0x8d,0x8d,0x42,0x80,0x00,0x00,0x48,0xe0,
0x68,0x9a,0x42,0x80,0x68,0x00,0x46,0xd6,0x8e,0x03,0x3d,0x06,0x8e,0x00,0x01,0xd5,
0xff,0x00,0x01,0x00,0x00,0x00,0x00,0x80,0x01,0x14,0x00,0x8b,0x6d,0x00,0x46,0xd6,
0x93,0x03,0x51,0x06,0x93,0x00,0x01,0xd5,0xff,0x00,0x01,0x00,0x00,0x00,0x00,0x80,
0x01,0x1a,0x00,0x8b,0x75,0x00,0x46,0xd6,0x95,0x03,0x59,0x06,0x95,0x00,0x01,0xd5,
0xff,0x00,0x01,0x00,0x00,0x00,0x00,0x80,0x01,0x03,0x00,0x8b,0x80,0xe3,0xec,0x4a,
0x81,0xe3,0x1e,0x4b,0x83,0xe3,0x28,0x4b,0x9b,0x00,0x01,0xd5,0xff,0x00,0x01,0x00,
0x00,0x00,0x00,0x80,0x01,0x04,0x00,0x8b,0x76,0x00,0x46,0xd6,0x76,0x03,0x39,0x06,
0x9c,0x00,0x01,0xd5,0xff,0x00,0x01,0x00,0x00,0x00,0x00,0x80,0x02,0x10,0x00,0x8b,
0x8e,0x00,0x46,0xd6,0x8f,0x03,0x4d,0x06,0x8f,0x00,0x46,0xd6,0x94,0x03,0x55,0x06,
0x94,0x00,0x01,0xd5,0xff,0x00,0x01,0x00,0x00,0x00,0x00,0x80,0x02,0x11,0x00,0x8b,
0x86,0xe3,0x2c,0x4b,0x88,0xe3,0xe2,0x4a,0x72,0xf9,0xe4,0x4a,0x95,0x00,0x01,0xd5,
0xff,0x00,0x01,0x00,0x00,0x00,0x00,0x80,0x02,0x0e,0x00,0x8b,0x93,0x00,0x46,0xd6,
0x96,0x03,0x6d,0x06,0x71,0x00,0x46,0xd6,0x71,0x03,0x71,0x06,0x07,0x00,0x85,0xbf,
0x00,0x00,0x48,0xe0,0x68,0x96,0x42,0x80,0x00,0x00,0x48,0xe0,0x6d,0x9b,0x42,0x80,
0x00,0x00,0x48,0xe0,0x75,0x9c,0x42,0x80,0x00,0x00,0x48,0xe0,0x76,0x9d,0x42,0x80,
0x00,0x00,0x48,0xe0,0x8e,0x8e,0x42,0x80,0x00,0x00,0x48,0xe0,0x8f,0x8f,0x42,0x80,
0x00,0x00,0x48,0xe0,0x93,0x93,0x42,0x80,0x00,0x00,0x48,0xe0,0x71,0x9e,0x42,0x80,
0x6d,0x00,0x46,0xd6,0x72,0x03,0x55,0x06,0x72,0x00,0x01,0xd5,0xff,0x00,0x01,0x00,
0x00,0x00,0x00,0x80,0x02,0x12,0x00,0x8b,0x73,0xf9,0xe6,0x4a,0x74,0xf9,0xe2,0x4a,
0x74,0x00,0x01,0xd5,0xff,0x00,0x01,0x00,0x00,0x00,0x00,0x80,0x02,0x14,0x00,0x8b,
0x81,0xf9,0xea,0x4a,0x76,0x00,0x01,0xd5,0xff,0x00,0x01,0x00,0x00,0x00,0x00,0x80,
0x02,0x1a,0x00,0x8b,0x68,0x00,0x46,0xd6,0x73,0x03,0x51,0x06,0x80,0xf9,0xe6,0x4a,
0x81,0x00,0x01,0xd5,0xff,0x00,0x01,0x00,0x00,0x00,0x00,0x80,0x02,0x03,0x00,0x8b,
0x83,0xf9,0x00,0x4b,0x86,0xf9,0x06,0x4b,0x86,0x00,0x01,0xd5,0xff,0x00,0x01,0x00,
0x00,0x00,0x00,0x80,0x71,0x00,0x46,0xd6,0x71,0x03,0xc9,0x05,0x72,0x00,0x46,0xd6,
0x73,0x03,0xd1,0x05,0x02,0x04,0x00,0x8b,0x73,0x00,0x46,0xd6,0x75,0x03,0xd9,0x05,
0x74,0x00,0x46,0xd6,0x80,0x03,0x05,0x06,0x75,0x00,0x46,0xd6,0x83,0x03,0x19,0x06,
0x88,0xf9,0xec,0x4a,0x7c,0x00,0x01,0xd5,0xff,0x00,0x01,0x00,0x00,0x00,0x00,0x80,
0x06,0x00,0x85,0xbf,0x00,0x00,0x48,0xe0,0x68,0x80,0x42,0x80,0x00,0x00,0x48,0xe0,
0x6d,0x81,0x42,0x80,0x00,0x00,0x48,0xe0,0x71,0x83,0x42,0x80,0x00,0x00,0x48,0xe0,
0x72,0x86,0x42,0x80,0x00,0x00,0x48,0xe0,0x73,0x88,0x42,0x80,0x00,0x00,0x48,0xe0,
0x74,0x94,0x42,0x80,0x00,0x00,0x48,0xe0,0x75,0x95,0x42,0x80,0x68,0x00,0x46,0xd6,
0x76,0x03,0xf1,0x05,0x00,0x00,0x48,0xe0,0x68,0x76,0x42,0x80,0xf7,0xfb,0x89,0xbf,
0x57,0x00,0x44,0xd6,0x5a,0xaf,0xfe,0x03,0x00,0x01,0x04,0x05,0xf7,0xf3,0x89,0xbf,
0x5a,0x00,0x44,0xd6,0x5f,0xb9,0xfe,0x03,0x00,0x01,0x04,0x05,0xf7,0xdb,0x89,0xbf,
0x5c,0x00,0x44,0xd6,0x67,0xcd,0xfe,0x03,0x00,0x01,0x04,0x05,0xf7,0xd3,0x89,0xbf,
0x5f,0x00,0x44,0xd6,0x6a,0xd3,0xfe,0x03,0x00,0x01,0x04,0x05,0x72,0x40,0x10,0xcc,
0x41,0xaf,0x02,0x10,0x57,0x00,0x44,0xd6,0x62,0xc1,0xfe,0x03,0x00,0x01,0x04,0x05,
0x73,0x40,0x10,0xcc,0x41,0xb5,0x02,0x10,0x5a,0x00,0x44,0xd6,0x65,0xc7,0xfe,0x03,
0x00,0x01,0x04,0x05,0xf7,0xcb,0x89,0xbf,0x60,0x00,0x44,0xd6,0x6c,0xd7,0xfe,0x03,
0x00,0x01,0x04,0x05,0x75,0x40,0x10,0xcc,0x41,0xb9,0x02,0x10,0x74,0x40,0x10,0xcc,
0x41,0xaf,0x02,0x10,0xf7,0xc3,0x89,0xbf,0x57,0x00,0x44,0xd6,0x6e,0xf1,0xfe,0x03,
0x00,0x01,0x04,0x05,0x6d,0x40,0x10,0xcc,0x41,0xb5,0x02,0x10,0x71,0x40,0x10,0xcc,
0x41,0xbf,0x02,0x10,0x6c,0x40,0x10,0xcc,0x41,0xc1,0x02,0x10,0x04,0x00,0x87,0xbf,
0x6b,0x40,0x10,0xcc,0x41,0xaf,0x02,0x10,0xf7,0xbb,0x89,0xbf,0x5a,0x00,0x44,0xd6,
0x6f,0xef,0xfe,0x03,0x00,0x01,0x04,0x05,0xf7,0xb3,0x89,0xbf,0x5c,0x00,0x44,0xd6,
0x79,0xe1,0xfe,0x03,0x00,0x01,0x04,0x05,0xf7,0xab,0x89,0xbf,0x5f,0x00,0x44,0xd6,
0x7b,0xf5,0xfe,0x03,0x00,0x01,0x04,0x05,0x70,0x40,0x10,0xcc,0x41,0xb5,0x02,0x10,
0xf7,0xa3,0x89,0xbf,0x60,0x00,0x44,0xd6,0x7e,0xfb,0xfe,0x03,0x00,0x01,0x04,0x05,
0x6f,0x40,0x10,0xcc,0x41,0xb9,0x02,0x10,0x69,0x40,0x10,0xcc,0x41,0xbf,0x02,0x10,
0x03,0x00,0x87,0xbf,0x65,0x40,0x10,0xcc,0x41,0xc1,0x02,0x10,0xf7,0x9b,0x89,0xbf,
0x56,0x00,0x44,0xd6,0x56,0xff,0xfe,0x03,0x00,0x01,0x04,0x05,0xf7,0x93,0x89,0xbf,
0x57,0x00,0x44,0xd6,0x5b,0xb1,0xfe,0x03,0x00,0x01,0x04,0x05,0xf7,0x8b,0x89,0xbf,
0x58,0x00,0x44,0xd6,0x5d,0xbd,0xfe,0x03,0x00,0x01,0x04,0x05,0x6e,0x40,0x10,0xcc,
0x41,0xad,0x02,0x10,0xf7,0x83,0x89,0xbf,0x5a,0x00,0x44,0xd6,0x64,0xc3,0xfe,0x03,
0x00,0x01,0x04,0x05,0x6a,0x40,0x10,0xcc,0x41,0xaf,0x02,0x10,0x66,0x40,0x10,0xcc,
0x41,0xb1,0x02,0x10,0x03,0x00,0x87,0xbf,0x62,0x40,0x10,0xcc,0x41,0xb5,0x02,0x10,
0xf7,0x7b,0x89,0xbf,0x5b,0x00,0x44,0xd6,0x91,0x21,0xff,0x03,0x00,0x01,0x04,0x05,
0xf7,0x73,0x89,0xbf,0x56,0x00,0x44,0xd6,0x82,0x25,0xff,0x03,0x00,0x01,0x04,0x05,
0xf7,0x6b,0x89,0xbf,0x57,0x00,0x44,0xd6,0x85,0x09,0xff,0x03,0x00,0x01,0x04,0x05,
0x67,0x40,0x10,0xcc,0x41,0xb7,0x02,0x10,0xf7,0x63,0x89,0xbf,0x58,0x00,0x44,0xd6,
0x89,0x0f,0xff,0x03,0x00,0x01,0x04,0x05,0x68,0x40,0x10,0xcc,0x41,0xad,0x02,0x10,
0x63,0x40,0x10,0xcc,0x41,0xaf,0x02,0x10,0x03,0x00,0x87,0xbf,0x5d,0x40,0x10,0xcc,
0x41,0xb1,0x02,0x10,0xf7,0x5b,0x89,0xbf,0x5a,0x00,0x44,0xd6,0x98,0x2f,0xff,0x03,
0x00,0x01,0x04,0x05,0xf7,0x53,0x89,0xbf,0x5b,0x00,0x44,0xd6,0x8a,0x33,0xff,0x03,
0x00,0x01,0x04,0x05,0xf7,0x4b,0x89,0xbf,0x56,0x00,0x44,0xd6,0x8c,0x17,0xff,0x03,
0x00,0x01,0x04,0x05,0x64,0x40,0x10,0xcc,0x41,0xb5,0x02,0x10,0xf7,0x43,0x89,0xbf,
0x57,0x00,0x44,0xd6,0x9a,0x1b,0xff,0x03,0x00,0x01,0x04,0x05,0x61,0x40,0x10,0xcc,
0x41,0xb7,0x02,0x10,0x5f,0x40,0x10,0xcc,0x41,0xad,0x02,0x10,0x03,0x00,0x87,0xbf,
0x5c,0x40,0x10,0xcc,0x41,0xaf,0x02,0x10,0xf7,0x3b,0x89,0xbf,0x58,0x00,0x44,0xd6,
0x9b,0x2d,0xff,0x03,0x00,0x01,0x04,0x05,0xf7,0x33,0x89,0xbf,0x5a,0x00,0x44,0xd6,
0x9d,0x39,0xff,0x03,0x00,0x01,0x04,0x05,0xf7,0x2b,0x89,0xbf,0x5b,0x00,0x44,0xd6,
0x8f,0x1d,0xff,0x03,0x00,0x01,0x04,0x05,0x60,0x40,0x10,0xcc,0x41,0xb1,0x02,0x10,
0xf7,0x23,0x89,0xbf,0x56,0x00,0x44,0xd6,0x9e,0x27,0xff,0x03,0x00,0x01,0x04,0x05,
0x5e,0x40,0x10,0xcc,0x41,0xb5,0x02,0x10,0x5b,0x40,0x10,0xcc,0x41,0xb7,0x02,0x10,
0x03,0x00,0x87,0xbf,0x5a,0x40,0x10,0xcc,0x41,0xad,0x02,0x10,0xf7,0x1b,0x89,0xbf,
0x57,0x00,0x44,0xd6,0x81,0x01,0xff,0x03,0x00,0x01,0x04,0x05,0xf7,0x13,0x89,0xbf,
0x77,0x00,0x44,0xd6,0x86,0x07,0xff,0x03,0x00,0x01,0x04,0x05,0xf7,0x0b,0x89,0xbf,
0x78,0x00,0x44,0xd6,0x94,0x11,0xff,0x03,0x00,0x01,0x04,0x05,0xf7,0x07,0x89,0xbf,
0x79,0x00,0x35,0xd5,0x95,0x83,0x02,0x00,0x58,0x40,0x10,0xcc,0x41,0xaf,0x02,0x10,
0x57,0x40,0x10,0xcc,0x41,0xef,0x02,0x10,0x56,0x40,0x10,0xcc,0x41,0xf1,0x02,0x10,
0x04,0x00,0x87,0xbf,0x77,0x00,0x11,0xd7,0x79,0x01,0x01,0x00,0x01,0x00,0xa5,0xbf,
0x02,0x02,0xa0,0xbf,0x4a,0x00,0x01,0xd5,0x4a,0x01,0x1d,0x00,0x55,0x00,0x01,0xd5,
0x55,0x01,0x1d,0x00,0x49,0x00,0x01,0xd5,0x49,0x01,0x1d,0x00,0x54,0x00,0x01,0xd5,
0x54,0x01,0x1d,0x00,0x48,0x00,0x01,0xd5,0x48,0x01,0x1d,0x00,0x53,0x00,0x01,0xd5,
0x53,0x01,0x1d,0x00,0x47,0x00,0x01,0xd5,0x47,0x01,0x1d,0x00,0x52,0x00,0x01,0xd5,
0x52,0x01,0x1d,0x00,0x51,0x00,0x01,0xd5,0x51,0x01,0x1d,0x00,0x50,0x00,0x01,0xd5,
0x50,0x01,0x1d,0x00,0x4f,0x00,0x01,0xd5,0x4f,0x01,0x1d,0x00,0x46,0x00,0x01,0xd5,
0x46,0x01,0x1d,0x00,0x45,0x00,0x01,0xd5,0x45,0x01,0x1d,0x00,0x44,0x00,0x01,0xd5,
0x44,0x01,0x1d,0x00,0x43,0x00,0x01,0xd5,0x43,0x01,0x1d,0x00,0x4a,0x00,0x2c,0xd7,
0x4a,0x19,0x00,0x00,0x55,0x00,0x2c,0xd7,0x55,0x19,0x00,0x00,0x49,0x00,0x2c,0xd7,
0x49,0x19,0x00,0x00,0x54,0x00,0x2c,0xd7,0x54,0x19,0x00,0x00,0x48,0x00,0x2c,0xd7,
0x48,0x19,0x00,0x00,0x53,0x00,0x2c,0xd7,0x53,0x19,0x00,0x00,0x4e,0x00,0x01,0xd5,
0x4e,0x01,0x35,0x00,0x4d,0x00,0x01,0xd5,0x4d,0x01,0x35,0x00,0x4c,0x00,0x01,0xd5,
0x4c,0x01,0x35,0x00,0x47,0x00,0x2c,0xd7,0x47,0x19,0x00,0x00,0x52,0x00,0x2c,0xd7,
0x52,0x19,0x00,0x00,0x51,0x00,0x2c,0xd7,0x51,0x19,0x00,0x00,0x50,0x00,0x2c,0xd7,
0x50,0x19,0x00,0x00,0x4f,0x00,0x2c,0xd7,0x4f,0x19,0x00,0x00,0x46,0x00,0x2c,0xd7,
0x46,0x19,0x00,0x00,0x45,0x00,0x2c,0xd7,0x45,0x19,0x00,0x00,0x44,0x00,0x2c,0xd7,
0x44,0x19,0x00,0x00,0x43,0x00,0x2c,0xd7,0x43,0x19,0x00,0x00,0x56,0x00,0x47,0xd6,
0x4b,0x85,0x06,0x02,0x5f,0x00,0x47,0xd6,0x4b,0x9d,0x06,0x02,0x67,0x00,0x47,0xd6,
0x4b,0x9b,0x06,0x02,0x4b,0x00,0x47,0xd6,0x4b,0x99,0x06,0x02,0x6f,0x00,0x47,0xd6,
0x4a,0x85,0x06,0x02,0xf7,0x03,0x89,0xbf,0x76,0x00,0x47,0xd6,0x4a,0x9d,0x06,0x02,
0x57,0x00,0x47,0xd6,0x55,0x85,0x06,0x02,0x60,0x00,0x47,0xd6,0x55,0x9d,0x06,0x02,
0x68,0x00,0x47,0xd6,0x55,0x9b,0x06,0x02,0x55,0x00,0x47,0xd6,0x55,0x99,0x06,0x02,
0x70,0x00,0x47,0xd6,0x49,0x85,0x06,0x02,0x77,0x00,0x47,0xd6,0x49,0x9d,0x06,0x02,
0x58,0x00,0x47,0xd6,0x54,0x85,0x06,0x02,0x61,0x00,0x47,0xd6,0x54,0x9d,0x06,0x02,
0x69,0x00,0x47,0xd6,0x54,0x9b,0x06,0x02,0x54,0x00,0x47,0xd6,0x54,0x99,0x06,0x02,
0x71,0x00,0x47,0xd6,0x48,0x85,0x06,0x02,0x78,0x00,0x47,0xd6,0x48,0x9d,0x06,0x02,
0x5a,0x00,0x47,0xd6,0x53,0x85,0x06,0x02,0x62,0x00,0x47,0xd6,0x53,0x9d,0x06,0x02,
0x6a,0x00,0x47,0xd6,0x53,0x9b,0x06,0x02,0x53,0x00,0x47,0xd6,0x53,0x99,0x06,0x02,
0x72,0x00,0x47,0xd6,0x47,0x85,0x06,0x02,0x79,0x00,0x47,0xd6,0x47,0x9d,0x06,0x02,
0x5b,0x00,0x47,0xd6,0x52,0x85,0x06,0x02,0x5c,0x00,0x47,0xd6,0x51,0x85,0x06,0x02,
0x5d,0x00,0x47,0xd6,0x50,0x85,0x06,0x02,0x5e,0x00,0x47,0xd6,0x4f,0x85,0x06,0x02,
0x63,0x00,0x47,0xd6,0x52,0x9d,0x06,0x02,0x64,0x00,0x47,0xd6,0x51,0x9d,0x06,0x02,
0x65,0x00,0x47,0xd6,0x50,0x9d,0x06,0x02,0x66,0x00,0x47,0xd6,0x4f,0x9d,0x06,0x02,
0x6b,0x00,0x47,0xd6,0x52,0x9b,0x06,0x02,0x6c,0x00,0x47,0xd6,0x51,0x9b,0x06,0x02,
0x6d,0x00,0x47,0xd6,0x50,0x9b,0x06,0x02,0x6e,0x00,0x47,0xd6,0x4f,0x9b,0x06,0x02,
0x52,0x00,0x47,0xd6,0x52,0x99,0x06,0x02,0x51,0x00,0x47,0xd6,0x51,0x99,0x06,0x02,
0x50,0x00,0x47,0xd6,0x50,0x99,0x06,0x02,0x4f,0x00,0x47,0xd6,0x4f,0x99,0x06,0x02,
0x73,0x00,0x47,0xd6,0x46,0x85,0x06,0x02,0x74,0x00,0x47,0xd6,0x45,0x85,0x06,0x02,
0x75,0x00,0x47,0xd6,0x44,0x85,0x06,0x02,0x42,0x00,0x47,0xd6,0x43,0x85,0x06,0x02,
0x7a,0x00,0x47,0xd6,0x46,0x9d,0x06,0x02,0x7b,0x00,0x47,0xd6,0x45,0x9d,0x06,0x02,
0x7c,0x00,0x47,0xd6,0x44,0x9d,0x06,0x02,0x4e,0x00,0x47,0xd6,0x43,0x9d,0x06,0x02,
0x1f,0x00,0x85,0xbf,0x00,0x00,0x48,0xe0,0x56,0x56,0x42,0x80,0x00,0x00,0x48,0xe0,
0x57,0x57,0x42,0x80,0x00,0x00,0x48,0xe0,0x58,0x58,0x42,0x80,0x00,0x00,0x48,0xe0,
0x5a,0x5a,0x42,0x80,0x00,0x00,0x48,0xe0,0x5b,0x5b,0x42,0x80,0x00,0x00,0x48,0xe0,
0x5c,0x5c,0x42,0x80,0x00,0x00,0x48,0xe0,0x5d,0x5d,0x42,0x80,0x00,0x00,0x48,0xe0,
0x5e,0x5e,0x42,0x80,0x00,0x00,0x48,0xe0,0x5f,0x5f,0x42,0x80,0x00,0x00,0x48,0xe0,
0x60,0x60,0x42,0x80,0x00,0x00,0x48,0xe0,0x61,0x61,0x42,0x80,0x00,0x00,0x48,0xe0,
0x62,0x62,0x42,0x80,0x00,0x00,0x48,0xe0,0x63,0x63,0x42,0x80,0x00,0x00,0x48,0xe0,
0x64,0x64,0x42,0x80,0x00,0x00,0x48,0xe0,0x65,0x65,0x42,0x80,0x00,0x00,0x48,0xe0,
0x66,0x66,0x42,0x80,0x00,0x00,0x48,0xe0,0x67,0x67,0x42,0x80,0x00,0x00,0x48,0xe0,
0x68,0x68,0x42,0x80,0x00,0x00,0x48,0xe0,0x69,0x69,0x42,0x80,0x00,0x00,0x48,0xe0,
0x6a,0x6a,0x42,0x80,0x00,0x00,0x48,0xe0,0x6b,0x6b,0x42,0x80,0x00,0x00,0x48,0xe0,
0x6c,0x6c,0x42,0x80,0x00,0x00,0x48,0xe0,0x6d,0x6d,0x42,0x80,0x00,0x00,0x48,0xe0,
0x6e,0x6e,0x42,0x80,0x00,0x00,0x48,0xe0,0x4b,0x4b,0x42,0x80,0x00,0x00,0x48,0xe0,
0x55,0x55,0x42,0x80,0x00,0x00,0x48,0xe0,0x54,0x54,0x42,0x80,0x00,0x00,0x48,0xe0,
0x53,0x53,0x42,0x80,0x00,0x00,0x48,0xe0,0x52,0x52,0x42,0x80,0x00,0x00,0x48,0xe0,
0x51,0x51,0x42,0x80,0x00,0x00,0x48,0xe0,0x50,0x50,0x42,0x80,0x00,0x00,0x48,0xe0,
0x4f,0x4f,0x42,0x80,0x0f,0x00,0x85,0xbf,0x00,0x00,0x48,0xe0,0x6f,0x6f,0x42,0x80,
0x00,0x00,0x48,0xe0,0x70,0x70,0x42,0x80,0x00,0x00,0x48,0xe0,0x71,0x71,0x42,0x80,
0x00,0x00,0x48,0xe0,0x72,0x72,0x42,0x80,0x00,0x00,0x48,0xe0,0x73,0x73,0x42,0x80,
0x00,0x00,0x48,0xe0,0x74,0x74,0x42,0x80,0x00,0x00,0x48,0xe0,0x75,0x75,0x42,0x80,
0x00,0x00,0x48,0xe0,0x42,0x42,0x42,0x80,0x00,0x00,0x48,0xe0,0x76,0x7d,0x42,0x80,
0x00,0x00,0x48,0xe0,0x77,0x77,0x42,0x80,0x00,0x00,0x48,0xe0,0x78,0x78,0x42,0x80,
0x00,0x00,0x48,0xe0,0x79,0x79,0x42,0x80,0x00,0x00,0x48,0xe0,0x7a,0x7a,0x42,0x80,
0x00,0x00,0x48,0xe0,0x7b,0x7b,0x42,0x80,0x00,0x00,0x48,0xe0,0x7c,0x7c,0x42,0x80,
0x00,0x00,0x48,0xe0,0x4e,0x4e,0x42,0x80,0x76,0x00,0x47,0xd6,0x4a,0x9b,0x06,0x02,
0x4a,0x00,0x47,0xd6,0x4a,0x99,0x06,0x02,0x7e,0x00,0x47,0xd6,0x49,0x9b,0x06,0x02,
0x49,0x00,0x47,0xd6,0x49,0x99,0x06,0x02,0x7f,0x00,0x47,0xd6,0x48,0x9b,0x06,0x02,
0x48,0x00,0x47,0xd6,0x48,0x99,0x06,0x02,0x80,0x00,0x47,0xd6,0x47,0x9b,0x06,0x02,
0x47,0x00,0x47,0xd6,0x47,0x99,0x06,0x02,0x81,0x00,0x47,0xd6,0x46,0x9b,0x06,0x02,
0x82,0x00,0x47,0xd6,0x45,0x9b,0x06,0x02,0x83,0x00,0x47,0xd6,0x44,0x9b,0x06,0x02,
0x4d,0x00,0x47,0xd6,0x43,0x9b,0x06,0x02,0x46,0x00,0x47,0xd6,0x46,0x99,0x06,0x02,
0x45,0x00,0x47,0xd6,0x45,0x99,0x06,0x02,0x44,0x00,0x47,0xd6,0x44,0x99,0x06,0x02,
0x0e,0x00,0x85,0xbf,0x00,0x00,0x48,0xe0,0x76,0x84,0x42,0x80,0x00,0x00,0x48,0xe0,
0x7e,0x7e,0x42,0x80,0x00,0x00,0x48,0xe0,0x7f,0x7f,0x42,0x80,0x00,0x00,0x48,0xe0,
0x80,0x80,0x42,0x80,0x00,0x00,0x48,0xe0,0x81,0x81,0x42,0x80,0x00,0x00,0x48,0xe0,
0x82,0x82,0x42,0x80,0x00,0x00,0x48,0xe0,0x83,0x83,0x42,0x80,0x00,0x00,0x48,0xe0,
0x4d,0x4d,0x42,0x80,0x00,0x00,0x48,0xe0,0x4a,0x4a,0x42,0x80,0x00,0x00,0x48,0xe0,
0x49,0x49,0x42,0x80,0x00,0x00,0x48,0xe0,0x48,0x48,0x42,0x80,0x00,0x00,0x48,0xe0,
0x47,0x47,0x42,0x80,0x00,0x00,0x48,0xe0,0x46,0x46,0x42,0x80,0x00,0x00,0x48,0xe0,
0x45,0x45,0x42,0x80,0x00,0x00,0x48,0xe0,0x44,0x44,0x42,0x80,0x43,0x00,0x47,0xd6,
0x43,0x99,0x06,0x02,0x00,0x00,0x48,0xe0,0x43,0x76,0x42,0x80,0xf7,0xfb,0x89,0xbf,
0x43,0x00,0x44,0xd6,0x57,0xad,0xfe,0x03,0x00,0x01,0x04,0x05,0xf7,0xf3,0x89,0xbf,
0x4c,0x00,0x44,0xd6,0x5a,0xb1,0xfe,0x03,0x00,0x01,0x04,0x05,0xf7,0xdb,0x89,0xbf,
0x58,0x00,0x44,0xd6,0x60,0xbf,0xfe,0x03,0x00,0x01,0x04,0x05,0x56,0x00,0x44,0xd6,
0x5c,0xb7,0xfe,0x03,0x00,0x01,0x04,0x05,0xf7,0xd3,0x89,0xbf,0x5a,0x00,0x44,0xd6,
0x62,0xc3,0xfe,0x03,0x00,0x01,0x04,0x05,0x57,0x00,0x44,0xd6,0x5e,0xbb,0xfe,0x03,
0x00,0x01,0x04,0x05,0xf7,0xcb,0x89,0xbf,0x5b,0x00,0x44,0xd6,0x64,0xc7,0xfe,0x03,
0x00,0x01,0x04,0x05,0xf7,0xc3,0x89,0xbf,0x5c,0x00,0x44,0xd6,0x66,0xcb,0xfe,0x03,
0x00,0x01,0x04,0x05,0xf7,0xbb,0x89,0xbf,0x5d,0x00,0x44,0xd6,0x68,0xcf,0xfe,0x03,
0x00,0x01,0x04,0x05,0xf7,0xb3,0x89,0xbf,0x5e,0x00,0x44,0xd6,0x6a,0xd3,0xfe,0x03,
0x00,0x01,0x04,0x05,0xf7,0xab,0x89,0xbf,0x5f,0x00,0x44,0xd6,0x6c,0xd7,0xfe,0x03,
0x00,0x01,0x04,0x05,0xf7,0xa3,0x89,0xbf,0x60,0x00,0x44,0xd6,0x6e,0xdb,0xfe,0x03,
0x00,0x01,0x04,0x05,0xf7,0x9b,0x89,0xbf,0x4b,0x00,0x44,0xd6,0x55,0x97,0xfe,0x03,
0x00,0x01,0x04,0x05,0xf7,0x93,0x89,0xbf,0x53,0x00,0x44,0xd6,0x53,0xa9,0xfe,0x03,
0x00,0x01,0x04,0x05,0xf7,0x8b,0x89,0xbf,0x51,0x00,0x44,0xd6,0x51,0xa5,0xfe,0x03,
0x00,0x01,0x04,0x05,0xf7,0x83,0x89,0xbf,0x4f,0x00,0x44,0xd6,0x4f,0xa1,0xfe,0x03,
0x00,0x01,0x04,0x05,0xf7,0x7b,0x89,0xbf,0x50,0x00,0x44,0xd6,0x70,0xdf,0xfe,0x03,
0x00,0x01,0x04,0x05,0xf7,0x73,0x89,0xbf,0x52,0x00,0x44,0xd6,0x72,0xe3,0xfe,0x03,
0x00,0x01,0x04,0x05,0xf7,0x6b,0x89,0xbf,0x54,0x00,0x44,0xd6,0x74,0xe7,0xfe,0x03,
0x00,0x01,0x04,0x05,0xf7,0x63,0x89,0xbf,0x42,0x00,0x44,0xd6,0x42,0xeb,0xfe,0x03,
0x00,0x01,0x04,0x05,0xf7,0x5b,0x89,0xbf,0x55,0x00,0x44,0xd6,0x77,0xfb,0xfe,0x03,
0x00,0x01,0x04,0x05,0xf7,0x53,0x89,0xbf,0x61,0x00,0x44,0xd6,0x79,0xf1,0xfe,0x03,
0x00,0x01,0x04,0x05,0xf7,0x4b,0x89,0xbf,0x77,0x00,0x44,0xd6,0x7b,0xf5,0xfe,0x03,
0x00,0x01,0x04,0x05,0xf7,0x43,0x89,0xbf,0x4e,0x00,0x44,0xd6,0x4e,0xf9,0xfe,0x03,
0x00,0x01,0x04,0x05,0xf7,0x3b,0x89,0xbf,0x78,0x00,0x44,0xd6,0x7e,0x09,0xff,0x03,
0x00,0x01,0x04,0x05,0xf7,0x33,0x89,0xbf,0x79,0x00,0x44,0xd6,0x80,0xff,0xfe,0x03,
0x00,0x01,0x04,0x05,0xf7,0x2b,0x89,0xbf,0x7a,0x00,0x44,0xd6,0x82,0x03,0xff,0x03,
0x00,0x01,0x04,0x05,0xf7,0x23,0x89,0xbf,0x4d,0x00,0x44,0xd6,0x4d,0x07,0xff,0x03,
0x00,0x01,0x04,0x05,0xf7,0x1b,0x89,0xbf,0x49,0x00,0x44,0xd6,0x49,0x95,0xfe,0x03,
0x00,0x01,0x04,0x05,0xf7,0x13,0x89,0xbf,0x47,0x00,0x44,0xd6,0x47,0x91,0xfe,0x03,
0x00,0x01,0x04,0x05,0xf7,0x0b,0x89,0xbf,0x45,0x00,0x44,0xd6,0x45,0x8d,0xfe,0x03,
0x00,0x01,0x04,0x05,0xf7,0x07,0x89,0xbf,0x44,0x83,0x88,0x6a,0x72,0x40,0x10,0xcc,
0x41,0x87,0x02,0x10,0x73,0x40,0x10,0xcc,0x41,0x99,0x02,0x10,0x74,0x40,0x10,0xcc,
0x41,0xad,0x02,0x10,0x6d,0x40,0x10,0xcc,0x41,0xaf,0x02,0x10,0x75,0x40,0x10,0xcc,
0x41,0xb1,0x02,0x10,0x71,0x40,0x10,0xcc,0x41,0xb5,0x02,0x10,0x6c,0x40,0x10,0xcc,
0x41,0xb7,0x02,0x10,0x6b,0x40,0x10,0xcc,0x41,0xb9,0x02,0x10,0x70,0x40,0x10,0xcc,
0x41,0xbb,0x02,0x10,0x6f,0x40,0x10,0xcc,0x41,0xbd,0x02,0x10,0x69,0x40,0x10,0xcc,
0x41,0xbf,0x02,0x10,0x65,0x40,0x10,0xcc,0x41,0xc1,0x02,0x10,0x6e,0x40,0x10,0xcc,
0x41,0x97,0x02,0x10,0x6a,0x40,0x10,0xcc,0x41,0xa7,0x02,0x10,0x66,0x40,0x10,0xcc,
0x41,0xa3,0x02,0x10,0x62,0x40,0x10,0xcc,0x41,0x9f,0x02,0x10,0x67,0x40,0x10,0xcc,
0x41,0xa1,0x02,0x10,0x68,0x40,0x10,0xcc,0x41,0xa5,0x02,0x10,0x63,0x40,0x10,0xcc,
0x41,0xa9,0x02,0x10,0x5d,0x40,0x10,0xcc,0x41,0x85,0x02,0x10,0x64,0x40,0x10,0xcc,
0x41,0xab,0x02,0x10,0x61,0x40,0x10,0xcc,0x41,0xc3,0x02,0x10,0x5f,0x40,0x10,0xcc,
0x41,0xef,0x02,0x10,0x5c,0x40,0x10,0xcc,0x41,0x9d,0x02,0x10,0x60,0x40,0x10,0xcc,
0x41,0xf1,0x02,0x10,0x5e,0x40,0x10,0xcc,0x41,0xf3,0x02,0x10,0x5b,0x40,0x10,0xcc,
0x41,0xf5,0x02,0x10,0x5a,0x40,0x10,0xcc,0x41,0x9b,0x02,0x10,0x58,0x40,0x10,0xcc,
0x41,0x93,0x02,0x10,0x57,0x40,0x10,0xcc,0x41,0x8f,0x02,0x10,0x56,0x40,0x10,0xcc,
0x41,0x8b,0x02,0x10,0x77,0x00,0x11,0xd7,0x44,0x01,0x01,0x00,0xf7,0x03,0x89,0xbf,
0x76,0x83,0x82,0x6a,0x01,0x00,0x87,0xbf,0x4c,0x00,0x11,0xd7,0x77,0x83,0x02,0x00,
0x43,0x40,0x21,0xcc,0x3c,0x27,0xd0,0x05,0x42,0x60,0x21,0xcc,0x39,0x27,0xc8,0x05,
0xf7,0x03,0x89,0xbf,0x45,0x40,0x21,0xcc,0x30,0x27,0xd4,0x05,0x41,0x40,0x21,0xcc,
0x38,0x27,0xc8,0x05,0x38,0x40,0x21,0xcc,0x3a,0x27,0xcc,0x05,0x43,0x03,0x60,0x7e,
0x42,0x40,0x22,0xcc,0x3a,0x27,0xcc,0x05,0x3a,0x40,0x21,0xcc,0x3e,0x27,0xb4,0x05,
0x3e,0x60,0x21,0xcc,0x3d,0x27,0xd0,0x05,0x44,0x60,0x21,0xcc,0x3b,0x27,0xcc,0x05,
0x30,0x60,0x22,0xcc,0x3d,0x27,0xd0,0x05,0x3d,0x40,0x21,0xcc,0x34,0x27,0xb0,0x05,
0x34,0x40,0x21,0xcc,0x32,0x27,0xc4,0x05,0x3a,0x60,0x22,0xcc,0x3f,0x27,0xb4,0x05,
0x3f,0x60,0x21,0xcc,0x33,0x27,0xc4,0x05,0x38,0x60,0x22,0xcc,0x3b,0x27,0xcc,0x05,
0x3b,0x60,0x21,0xcc,0x31,0x27,0xd4,0x05,0x34,0x60,0x22,0xcc,0x33,0x27,0xc4,0x05,
0x33,0x40,0x21,0xcc,0x28,0x27,0xc0,0x05,0x28,0x40,0x21,0xcc,0x36,0x27,0xac,0x05,
0x36,0x60,0x21,0xcc,0x35,0x27,0xb0,0x05,0x3b,0x40,0x22,0xcc,0x32,0x27,0xc4,0x05,
0x46,0x60,0x21,0xcc,0x2b,0x27,0xbc,0x05,0x24,0x40,0x21,0xcc,0x24,0x27,0x98,0x05,
0x28,0x60,0x22,0xcc,0x37,0x27,0xac,0x05,0x37,0x40,0x21,0xcc,0x2c,0x27,0xa4,0x05,
0x41,0x03,0x78,0x7e,0x2c,0x40,0x21,0xcc,0x2a,0x27,0xbc,0x05,0x1c,0x40,0x21,0xcc,
0x1c,0x27,0x8c,0x05,0x14,0x40,0x21,0xcc,0x14,0x27,0x7c,0x05,0x33,0x03,0x64,0x7e,
0x3c,0x60,0x22,0xcc,0x39,0x27,0xc8,0x05,0x45,0x03,0x72,0x7e,0x2c,0x60,0x22,0xcc,
0x2b,0x27,0xbc,0x05,0x2b,0x40,0x21,0xcc,0x20,0x27,0xb8,0x05,0x32,0x60,0x22,0xcc,
0x29,0x27,0xc0,0x05,0x20,0x40,0x21,0xcc,0x2e,0x27,0x94,0x05,0x39,0x60,0x22,0xcc,
0x31,0x27,0xd4,0x05,0x3d,0x03,0x62,0x7e,0x2e,0x60,0x21,0xcc,0x2d,0x27,0xa4,0x05,
0x24,0x03,0x8e,0x7e,0x20,0x60,0x22,0xcc,0x2f,0x27,0x94,0x05,0x2f,0x40,0x21,0xcc,
0x22,0x27,0xa8,0x05,0x31,0x60,0x22,0xcc,0x35,0x27,0xb0,0x05,0x35,0x60,0x21,0xcc,
0x29,0x27,0xc0,0x05,0x37,0x03,0x52,0x7e,0x47,0x60,0x22,0xcc,0x25,0x27,0x98,0x05,
0x2f,0x60,0x22,0xcc,0x23,0x27,0xa8,0x05,0x0c,0x40,0x21,0xcc,0x0c,0x27,0x6c,0x05,
0x35,0x40,0x22,0xcc,0x2a,0x27,0xbc,0x05,0x2b,0x03,0x54,0x7e,0x29,0x60,0x22,0xcc,
0x2d,0x27,0xa4,0x05,0x2d,0x60,0x21,0xcc,0x21,0x27,0xb8,0x05,0x1c,0x03,0x90,0x7e,
0x0c,0x03,0x96,0x7e,0x2a,0x60,0x22,0xcc,0x21,0x27,0xb8,0x05,0x21,0x40,0x21,0xcc,
0x18,0x27,0x9c,0x05,0x18,0x40,0x21,0xcc,0x26,0x27,0x88,0x05,0x2d,0x40,0x22,0xcc,
0x22,0x27,0xa8,0x05,0x22,0x60,0x21,0xcc,0x23,0x27,0xa8,0x05,0x26,0x60,0x21,0xcc,
0x25,0x27,0x98,0x05,0x23,0x60,0x21,0xcc,0x19,0x27,0x9c,0x05,0x21,0x03,0x4a,0x7e,
0x18,0x60,0x22,0xcc,0x27,0x27,0x88,0x05,0x27,0x40,0x21,0xcc,0x1a,0x27,0xa0,0x05,
0x48,0x60,0x22,0xcc,0x1d,0x27,0x8c,0x05,0x23,0x40,0x22,0xcc,0x1a,0x27,0xa0,0x05,
0x25,0x60,0x22,0xcc,0x19,0x27,0x9c,0x05,0x19,0x60,0x21,0xcc,0x1b,0x27,0xa0,0x05,
0x27,0x60,0x22,0xcc,0x1b,0x27,0xa0,0x05,0x1a,0x40,0x21,0xcc,0x10,0x27,0x90,0x05,
0x10,0x40,0x21,0xcc,0x1e,0x27,0x74,0x05,0x1b,0x60,0x21,0xcc,0x11,0x27,0x90,0x05,
0x1e,0x60,0x21,0xcc,0x1d,0x27,0x8c,0x05,0x4b,0x60,0x22,0xcc,0x0d,0x27,0x6c,0x05,
0x1a,0x03,0x3a,0x7e,0x10,0x60,0x22,0xcc,0x1f,0x27,0x74,0x05,0x1f,0x40,0x21,0xcc,
0x12,0x27,0x84,0x05,0x1b,0x40,0x22,0xcc,0x12,0x27,0x84,0x05,0x12,0x40,0x21,0xcc,
0x08,0x27,0x80,0x05,0x14,0x03,0x92,0x7e,0x1d,0x60,0x22,0xcc,0x11,0x27,0x90,0x05,
0x11,0x60,0x21,0xcc,0x13,0x27,0x84,0x05,0x1f,0x60,0x22,0xcc,0x13,0x27,0x84,0x05,
0x12,0x03,0x94,0x7e,0x08,0x40,0x21,0xcc,0x16,0x27,0x70,0x05,0x13,0x60,0x21,0xcc,
0x09,0x27,0x80,0x05,0x16,0x60,0x21,0xcc,0x15,0x27,0x7c,0x05,0x49,0x60,0x22,0xcc,
0x15,0x27,0x7c,0x05,0x4a,0x60,0x22,0xcc,0x09,0x27,0x80,0x05,0x09,0x40,0x21,0xcc,
0x00,0x27,0x60,0x05,0x08,0x60,0x22,0xcc,0x17,0x27,0x70,0x05,0x17,0x40,0x21,0xcc,
0x0a,0x27,0x78,0x05,0x15,0x60,0x21,0xcc,0x0d,0x27,0x6c,0x05,0x00,0x40,0x21,0xcc,
0x0e,0x27,0x68,0x05,0x09,0x03,0x1a,0x7e,0x04,0x40,0x21,0xcc,0x04,0x27,0x58,0x05,
0x13,0x40,0x22,0xcc,0x0a,0x27,0x78,0x05,0x0a,0x60,0x21,0xcc,0x0b,0x27,0x78,0x05,
0x17,0x60,0x22,0xcc,0x0b,0x27,0x78,0x05,0x0b,0x60,0x21,0xcc,0x01,0x27,0x60,0x05,
0x00,0x60,0x22,0xcc,0x0f,0x27,0x68,0x05,0x0e,0x40,0x21,0xcc,0x02,0x27,0x5c,0x05,
0x0d,0x60,0x22,0xcc,0x01,0x27,0x60,0x05,0x04,0x03,0x1e,0x7e,0x01,0x40,0x21,0xcc,
0x06,0x27,0x30,0x05,0x0b,0x40,0x22,0xcc,0x02,0x27,0x5c,0x05,0x06,0x60,0x21,0xcc,
0x03,0x27,0x5c,0x05,0x0e,0x60,0x22,0xcc,0x03,0x27,0x5c,0x05,0x02,0x60,0x21,0xcc,
0x05,0x27,0x58,0x05,0x0f,0x60,0x22,0xcc,0x05,0x27,0x58,0x05,0x01,0x60,0x22,0xcc,
0x07,0x27,0x30,0x05,0x16,0x14,0x06,0x7e,0x17,0x14,0x0a,0x7e,0x15,0x85,0x04,0xbf,
0x35,0x0f,0xa2,0xbf,0x15,0x87,0x04,0xbf,0x34,0x0f,0xa2,0xbf,0x15,0x88,0x04,0xbf,
0x33,0x0f,0xa2,0xbf,0x15,0x89,0x04,0xbf,0x32,0x0f,0xa2,0xbf,0x3a,0x01,0x10,0xca,
0x30,0x01,0x4c,0x4e,0x38,0x01,0x10,0xca,0x31,0x01,0x50,0x4c,0x3c,0x01,0x10,0xca,
0x47,0x01,0x5a,0x07,0x28,0x01,0x10,0xca,0x39,0x01,0x4e,0x52,0x34,0x01,0x10,0xca,
0x29,0x01,0x54,0x50,0x20,0x01,0x10,0xca,0x32,0x01,0x52,0x56,0x2c,0x01,0x10,0xca,
0x2a,0x01,0x56,0x54,0x18,0x01,0x10,0xca,0x2f,0x01,0x58,0x5b,0x10,0x01,0x10,0xca,
0x25,0x01,0x5c,0x5f,0x48,0x01,0x10,0xca,0x27,0x01,0x5c,0x5e,0x08,0x01,0x10,0xca,
0x1f,0x01,0x60,0x66,0x49,0x01,0x10,0xca,0x00,0x01,0x72,0x62,0x1d,0x01,0x10,0xca,
0x4a,0x01,0x68,0x60,0x4b,0x01,0x10,0xca,0x0d,0x01,0x76,0x72,0x17,0x03,0xd0,0x7e,
0x01,0x01,0x10,0xca,0x0f,0x01,0x74,0x74,0x0e,0x03,0xec,0x7e,0x15,0x89,0x06,0xbf,
0x62,0x20,0xa1,0xbf,0x41,0x0b,0x0e,0x6a,0x91,0x00,0x87,0xbf,0x07,0x17,0x0e,0x7e,
0x00,0x02,0x13,0xd4,0xff,0x0e,0x02,0x00,0x00,0x00,0x20,0x3f,0x91,0x04,0x87,0xbf,
0x00,0x20,0x81,0xbe,0x7e,0x01,0x00,0x8d,0x4c,0x03,0x03,0xd5,0x07,0x0f,0x02,0x00,
0x4d,0x01,0x13,0xd6,0x07,0xe9,0xfd,0x03,0x00,0x00,0x80,0x42,0x12,0x01,0x87,0xbf,
0xff,0x98,0x28,0x7c,0x50,0xac,0xae,0xc2,0x4c,0x9b,0x98,0x02,0x91,0x00,0x87,0xbf,
0xff,0x98,0x98,0x10,0x3b,0xaa,0xb8,0x3f,0x4c,0x4b,0x98,0x7e,0xff,0x0f,0x88,0xbf,
0xff,0x98,0x9a,0x10,0xa4,0x4e,0x4b,0x11,0x91,0x00,0x87,0xbf,0x4c,0x9b,0x98,0x02,
0xf2,0x98,0x98,0x06,0x01,0x00,0x87,0xbf,0x4c,0x55,0x98,0x7e,0xff,0x0f,0x88,0xbf,
0x4c,0x00,0x13,0xd6,0x4c,0xeb,0xc9,0x03,0x00,0x30,0x80,0xbe,0x07,0x0f,0x98,0x10,
0xff,0x00,0x81,0xbe,0x3d,0xc7,0xba,0xbb,0x81,0x04,0x87,0xbf,0x01,0x98,0x9a,0x5a,
0xc9,0x08,0xa9,0x3c,0x91,0x00,0x87,0xbf,0x4c,0x9b,0x9a,0x5a,0x4e,0x1c,0x5c,0xbd,
0x4c,0x9b,0x9a,0x5a,0x82,0x83,0x08,0x3e,0x91,0x00,0x87,0xbf,0x4c,0x9b,0x9a,0x5a,
0x99,0xaa,0xaa,0xbe,0x4d,0x01,0x08,0xd5,0x07,0x9b,0x02,0x00,0x01,0x00,0x87,0xbf,
0x4c,0x04,0x13,0xd6,0x4c,0x9b,0x1e,0x04,0x7e,0x00,0x7e,0x8c,0x42,0x0b,0x9a,0x6a,
0x91,0x00,0x87,0xbf,0x4d,0x17,0x9a,0x7e,0x00,0x02,0x13,0xd4,0xff,0x9a,0x02,0x00,
0x00,0x00,0x20,0x3f,0x91,0x04,0x87,0xbf,0x00,0x20,0x81,0xbe,0x7e,0x01,0x00,0x8d,
0x4e,0x03,0x03,0xd5,0x4d,0x9b,0x02,0x00,0x4f,0x01,0x13,0xd6,0x4d,0xe9,0xfd,0x03,
0x00,0x00,0x80,0x42,0x12,0x01,0x87,0xbf,0xff,0x9c,0x28,0x7c,0x50,0xac,0xae,0xc2,
0x4e,0x9f,0x9c,0x02,0x91,0x00,0x87,0xbf,0xff,0x9c,0x9c,0x10,0x3b,0xaa,0xb8,0x3f,
0x4e,0x4b,0x9c,0x7e,0xff,0x0f,0x88,0xbf,0xff,0x9c,0x9e,0x10,0xa4,0x4e,0x4b,0x11,
0x91,0x00,0x87,0xbf,0x4e,0x9f,0x9c,0x02,0xf2,0x9c,0x9c,0x06,0x01,0x00,0x87,0xbf,
0x4e,0x55,0x9c,0x7e,0xff,0x0f,0x88,0xbf,0x4e,0x00,0x13,0xd6,0x4e,0xeb,0xc9,0x03,
0x00,0x30,0x80,0xbe,0x4d,0x9b,0x9c,0x10,0xff,0x00,0x81,0xbe,0x3d,0xc7,0xba,0xbb,
0x81,0x04,0x87,0xbf,0x01,0x9c,0x9e,0x5a,0xc9,0x08,0xa9,0x3c,0x91,0x00,0x87,0xbf,
0x4e,0x9f,0x9e,0x5a,0x4e,0x1c,0x5c,0xbd,0x4e,0x9f,0x9e,0x5a,0x82,0x83,0x08,0x3e,
0x91,0x00,0x87,0xbf,0x4e,0x9f,0x9e,0x5a,0x99,0xaa,0xaa,0xbe,0x4f,0x01,0x08,0xd5,
0x4d,0x9f,0x02,0x00,0x01,0x00,0x87,0xbf,0x4e,0x04,0x13,0xd6,0x4e,0x9f,0x36,0x05,
0x7e,0x00,0x7e,0x8c,0x90,0x84,0x9e,0x32,0x91,0x00,0x87,0xbf,0x4f,0x0b,0x9e,0x6a,
0x4f,0x17,0xc6,0x7e,0x91,0x00,0x87,0xbf,0x00,0x02,0x13,0xd4,0xff,0xc6,0x02,0x00,
0x00,0x00,0x20,0x3f,0x00,0x20,0x81,0xbe,0x09,0x00,0x87,0xbf,0x7e,0x01,0x00,0x8d,
0x4f,0x03,0x03,0xd5,0x63,0xc7,0x02,0x00,0x50,0x01,0x13,0xd6,0x63,0xe9,0xfd,0x03,
0x00,0x00,0x80,0x42,0x12,0x01,0x87,0xbf,0xff,0x9e,0x28,0x7c,0x50,0xac,0xae,0xc2,
0x4f,0xa1,0x9e,0x02,0x91,0x00,0x87,0xbf,0xff,0x9e,0x9e,0x10,0x3b,0xaa,0xb8,0x3f,
0x4f,0x4b,0x9e,0x7e,0xff,0x0f,0x88,0xbf,0xff,0x9e,0xa0,0x10,0xa4,0x4e,0x4b,0x11,
0x91,0x00,0x87,0xbf,0x4f,0xa1,0x9e,0x02,0xf2,0x9e,0x9e,0x06,0x01,0x00,0x87,0xbf,
0x4f,0x55,0x9e,0x7e,0xff,0x0f,0x88,0xbf,0x64,0x00,0x13,0xd6,0x4f,0xeb,0xc9,0x03,
0x00,0x30,0x80,0xbe,0x63,0xc7,0x9e,0x10,0xff,0x00,0x81,0xbe,0x3d,0xc7,0xba,0xbb,
0x81,0x04,0x87,0xbf,0x01,0x9e,0xa0,0x5a,0xc9,0x08,0xa9,0x3c,0x91,0x00,0x87,0xbf,
0x4f,0xa1,0xa0,0x5a,0x4e,0x1c,0x5c,0xbd,0x4f,0xa1,0xa0,0x5a,0x82,0x83,0x08,0x3e,
0x91,0x00,0x87,0xbf,0x4f,0xa1,0xa0,0x5a,0x99,0xaa,0xaa,0xbe,0x50,0x01,0x08,0xd5,
0x63,0xa1,0x02,0x00,0x01,0x00,0x87,0xbf,0x64,0x04,0x13,0xd6,0x4f,0xa1,0x8e,0x05,
0x7e,0x00,0x7e,0x8c,0x44,0x0b,0x9e,0x6a,0x91,0x00,0x87,0xbf,0x4f,0x17,0xca,0x7e,
0x00,0x02,0x13,0xd4,0xff,0xca,0x02,0x00,0x00,0x00,0x20,0x3f,0x91,0x04,0x87,0xbf,
0x00,0x20,0x81,0xbe,0x7e,0x01,0x00,0x8d,0x4f,0x03,0x03,0xd5,0x65,0xcb,0x02,0x00,
0x50,0x01,0x13,0xd6,0x65,0xe9,0xfd,0x03,0x00,0x00,0x80,0x42,0x12,0x01,0x87,0xbf,
0xff,0x9e,0x28,0x7c,0x50,0xac,0xae,0xc2,0x4f,0xa1,0x9e,0x02,0x91,0x00,0x87,0xbf,
0xff,0x9e,0x9e,0x10,0x3b,0xaa,0xb8,0x3f,0x4f,0x4b,0x9e,0x7e,0xff,0x0f,0x88,0xbf,
0xff,0x9e,0xa0,0x10,0xa4,0x4e,0x4b,0x11,0x91,0x00,0x87,0xbf,0x4f,0xa1,0x9e,0x02,
0xf2,0x9e,0x9e,0x06,0x01,0x00,0x87,0xbf,0x4f,0x55,0x9e,0x7e,0xff,0x0f,0x88,0xbf,
0x67,0x00,0x13,0xd6,0x4f,0xeb,0xc9,0x03,0x00,0x30,0x80,0xbe,0x65,0xcb,0x9e,0x10,
0xff,0x00,0x81,0xbe,0x3d,0xc7,0xba,0xbb,0x81,0x04,0x87,0xbf,0x01,0x9e,0xa0,0x5a,
0xc9,0x08,0xa9,0x3c,0x91,0x00,0x87,0xbf,0x4f,0xa1,0xa0,0x5a,0x4e,0x1c,0x5c,0xbd,
0x4f,0xa1,0xa0,0x5a,0x82,0x83,0x08,0x3e,0x91,0x00,0x87,0xbf,0x4f,0xa1,0xa0,0x5a,
0x99,0xaa,0xaa,0xbe,0x50,0x01,0x08,0xd5,0x65,0xa1,0x02,0x00,0x01,0x00,0x87,0xbf,
0x67,0x04,0x13,0xd6,0x4f,0xa1,0x96,0x05,0x7e,0x00,0x7e,0x8c,0x43,0x0b,0x9e,0x6a,
0x91,0x00,0x87,0xbf,0x4f,0x17,0xd4,0x7e,0x00,0x02,0x13,0xd4,0xff,0xd4,0x02,0x00,
0x00,0x00,0x20,0x3f,0x91,0x04,0x87,0xbf,0x00,0x20,0x81,0xbe,0x7e,0x01,0x00,0x8d,
0x4f,0x03,0x03,0xd5,0x6a,0xd5,0x02,0x00,0x50,0x01,0x13,0xd6,0x6a,0xe9,0xfd,0x03,
0x00,0x00,0x80,0x42,0x12,0x01,0x87,0xbf,0xff,0x9e,0x28,0x7c,0x50,0xac,0xae,0xc2,
0x4f,0xa1,0x9e,0x02,0x91,0x00,0x87,0xbf,0xff,0x9e,0x9e,0x10,0x3b,0xaa,0xb8,0x3f,
0x4f,0x4b,0x9e,0x7e,0xff,0x0f,0x88,0xbf,0xff,0x9e,0xa0,0x10,0xa4,0x4e,0x4b,0x11,
0x91,0x00,0x87,0xbf,0x4f,0xa1,0x9e,0x02,0xf2,0x9e,0x9e,0x06,0x01,0x00,0x87,0xbf,
0x4f,0x55,0x9e,0x7e,0xff,0x0f,0x88,0xbf,0x6b,0x00,0x13,0xd6,0x4f,0xeb,0xc9,0x03,
0x00,0x30,0x80,0xbe,0x6a,0xd5,0x9e,0x10,0xff,0x00,0x81,0xbe,0x3d,0xc7,0xba,0xbb,
0x81,0x04,0x87,0xbf,0x01,0x9e,0xa0,0x5a,0xc9,0x08,0xa9,0x3c,0x91,0x00,0x87,0xbf,
0x4f,0xa1,0xa0,0x5a,0x4e,0x1c,0x5c,0xbd,0x4f,0xa1,0xa0,0x5a,0x82,0x83,0x08,0x3e,
0x91,0x00,0x87,0xbf,0x4f,0xa1,0xa0,0x5a,0x99,0xaa,0xaa,0xbe,0x50,0x01,0x08,0xd5,
0x6a,0xa1,0x02,0x00,0x01,0x00,0x87,0xbf,0x6b,0x04,0x13,0xd6,0x4f,0xa1,0xaa,0x05,
0x7e,0x00,0x7e,0x8c,0x3e,0x0b,0x9e,0x6a,0x91,0x00,0x87,0xbf,0x4f,0x17,0xd8,0x7e,
0x00,0x02,0x13,0xd4,0xff,0xd8,0x02,0x00,0x00,0x00,0x20,0x3f,0x91,0x04,0x87,0xbf,
0x00,0x20,0x81,0xbe,0x7e,0x01,0x00,0x8d,0x4f,0x03,0x03,0xd5,0x6c,0xd9,0x02,0x00,
0x50,0x01,0x13,0xd6,0x6c,0xe9,0xfd,0x03,0x00,0x00,0x80,0x42,0x12,0x01,0x87,0xbf,
0xff,0x9e,0x28,0x7c,0x50,0xac,0xae,0xc2,0x4f,0xa1,0x9e,0x02,0x91,0x00,0x87,0xbf,
0xff,0x9e,0x9e,0x10,0x3b,0xaa,0xb8,0x3f,0x4f,0x4b,0x9e,0x7e,0xff,0x0f,0x88,0xbf,
0xff,0x9e,0xa0,0x10,0xa4,0x4e,0x4b,0x11,0x91,0x00,0x87,0xbf,0x4f,0xa1,0x9e,0x02,
0xf2,0x9e,0x9e,0x06,0x01,0x00,0x87,0xbf,0x4f,0x55,0x9e,0x7e,0xff,0x0f,0x88,0xbf,
0x6d,0x00,0x13,0xd6,0x4f,0xeb,0xc9,0x03,0x00,0x30,0x80,0xbe,0x6c,0xd9,0x9e,0x10,
0xff,0x00,0x81,0xbe,0x3d,0xc7,0xba,0xbb,0x81,0x04,0x87,0xbf,0x01,0x9e,0xa0,0x5a,
0xc9,0x08,0xa9,0x3c,0x91,0x00,0x87,0xbf,0x4f,0xa1,0xa0,0x5a,0x4e,0x1c,0x5c,0xbd,
0x4f,0xa1,0xa0,0x5a,0x82,0x83,0x08,0x3e,0x91,0x00,0x87,0xbf,0x4f,0xa1,0xa0,0x5a,
0x99,0xaa,0xaa,0xbe,0x50,0x01,0x08,0xd5,0x6c,0xa1,0x02,0x00,0x01,0x00,0x87,0xbf,
0x6d,0x04,0x13,0xd6,0x4f,0xa1,0xb2,0x05,0x7e,0x00,0x7e,0x8c,0x3a,0x0b,0x9e,0x6a,
0x91,0x00,0x87,0xbf,0x4f,0x17,0xdc,0x7e,0x00,0x02,0x13,0xd4,0xff,0xdc,0x02,0x00,
0x00,0x00,0x20,0x3f,0x91,0x04,0x87,0xbf,0x00,0x20,0x81,0xbe,0x7e,0x01,0x00,0x8d,
0x4f,0x03,0x03,0xd5,0x6e,0xdd,0x02,0x00,0x50,0x01,0x13,0xd6,0x6e,0xe9,0xfd,0x03,
0x00,0x00,0x80,0x42,0x12,0x01,0x87,0xbf,0xff,0x9e,0x28,0x7c,0x50,0xac,0xae,0xc2,
0x4f,0xa1,0x9e,0x02,0x91,0x00,0x87,0xbf,0xff,0x9e,0x9e,0x10,0x3b,0xaa,0xb8,0x3f,
0x4f,0x4b,0x9e,0x7e,0xff,0x0f,0x88,0xbf,0xff,0x9e,0xa0,0x10,0xa4,0x4e,0x4b,0x11,
0x91,0x00,0x87,0xbf,0x4f,0xa1,0x9e,0x02,0xf2,0x9e,0x9e,0x06,0x01,0x00,0x87,0xbf,
0x4f,0x55,0x9e,0x7e,0xff,0x0f,0x88,0xbf,0x6f,0x00,0x13,0xd6,0x4f,0xeb,0xc9,0x03,
0x00,0x30,0x80,0xbe,0x6e,0xdd,0x9e,0x10,0xff,0x00,0x81,0xbe,0x3d,0xc7,0xba,0xbb,
0x81,0x04,0x87,0xbf,0x01,0x9e,0xa0,0x5a,0xc9,0x08,0xa9,0x3c,0x91,0x00,0x87,0xbf,
0x4f,0xa1,0xa0,0x5a,0x4e,0x1c,0x5c,0xbd,0x4f,0xa1,0xa0,0x5a,0x82,0x83,0x08,0x3e,
0x91,0x00,0x87,0xbf,0x4f,0xa1,0xa0,0x5a,0x99,0xaa,0xaa,0xbe,0x50,0x01,0x08,0xd5,
0x6e,0xa1,0x02,0x00,0x01,0x00,0x87,0xbf,0x6f,0x04,0x13,0xd6,0x4f,0xa1,0xba,0x05,
0x7e,0x00,0x7e,0x8c,0x90,0x74,0x9e,0x32,0x91,0x00,0x87,0xbf,0x4f,0x0b,0x9e,0x6a,
0x4f,0x17,0xe0,0x7e,0x91,0x00,0x87,0xbf,0x00,0x02,0x13,0xd4,0xff,0xe0,0x02,0x00,
0x00,0x00,0x20,0x3f,0x00,0x20,0x81,0xbe,0x09,0x00,0x87,0xbf,0x7e,0x01,0x00,0x8d,
0x4f,0x03,0x03,0xd5,0x70,0xe1,0x02,0x00,0x50,0x01,0x13,0xd6,0x70,0xe9,0xfd,0x03,
0x00,0x00,0x80,0x42,0x12,0x01,0x87,0xbf,0xff,0x9e,0x28,0x7c,0x50,0xac,0xae,0xc2,
0x4f,0xa1,0x9e,0x02,0x91,0x00,0x87,0xbf,0xff,0x9e,0x9e,0x10,0x3b,0xaa,0xb8,0x3f,
0x4f,0x4b,0x9e,0x7e,0xff,0x0f,0x88,0xbf,0xff,0x9e,0xa0,0x10,0xa4,0x4e,0x4b,0x11,
0x91,0x00,0x87,0xbf,0x4f,0xa1,0x9e,0x02,0xf2,0x9e,0x9e,0x06,0x01,0x00,0x87,0xbf,
0x4f,0x55,0x9e,0x7e,0xff,0x0f,0x88,0xbf,0x71,0x00,0x13,0xd6,0x4f,0xeb,0xc9,0x03,
0x00,0x30,0x80,0xbe,0x70,0xe1,0x9e,0x10,0xff,0x00,0x81,0xbe,0x3d,0xc7,0xba,0xbb,
0x81,0x04,0x87,0xbf,0x01,0x9e,0xa0,0x5a,0xc9,0x08,0xa9,0x3c,0x91,0x00,0x87,0xbf,
0x4f,0xa1,0xa0,0x5a,0x4e,0x1c,0x5c,0xbd,0x4f,0xa1,0xa0,0x5a,0x82,0x83,0x08,0x3e,
0x91,0x00,0x87,0xbf,0x4f,0xa1,0xa0,0x5a,0x99,0xaa,0xaa,0xbe,0x50,0x01,0x08,0xd5,
0x70,0xa1,0x02,0x00,0x01,0x00,0x87,0xbf,0x71,0x04,0x13,0xd6,0x4f,0xa1,0xc2,0x05,
0x7e,0x00,0x7e,0x8c,0x45,0x0b,0x9e,0x6a,0x91,0x00,0x87,0xbf,0x4f,0x17,0x9e,0x7e,
0x00,0x02,0x13,0xd4,0xff,0x9e,0x02,0x00,0x00,0x00,0x20,0x3f,0x91,0x04,0x87,0xbf,
0x00,0x20,0x81,0xbe,0x7e,0x01,0x00,0x8d,0x50,0x03,0x03,0xd5,0x4f,0x9f,0x02,0x00,
0x51,0x01,0x13,0xd6,0x4f,0xe9,0xfd,0x03,0x00,0x00,0x80,0x42,0x12,0x01,0x87,0xbf,
0xff,0xa0,0x28,0x7c,0x50,0xac,0xae,0xc2,0x50,0xa3,0xa0,0x02,0x91,0x00,0x87,0xbf,
0xff,0xa0,0xa0,0x10,0x3b,0xaa,0xb8,0x3f,0x50,0x4b,0xa0,0x7e,0xff,0x0f,0x88,0xbf,
0xff,0xa0,0xa2,0x10,0xa4,0x4e,0x4b,0x11,0x91,0x00,0x87,0xbf,0x50,0xa3,0xa0,0x02,
0xf2,0xa0,0xa0,0x06,0x01,0x00,0x87,0xbf,0x50,0x55,0xa0,0x7e,0xff,0x0f,0x88,0xbf,
0x50,0x00,0x13,0xd6,0x50,0xeb,0xc9,0x03,0x00,0x30,0x80,0xbe,0x4f,0x9f,0xa0,0x10,
0xff,0x00,0x81,0xbe,0x3d,0xc7,0xba,0xbb,0x81,0x04,0x87,0xbf,0x01,0xa0,0xa2,0x5a,
0xc9,0x08,0xa9,0x3c,0x91,0x00,0x87,0xbf,0x50,0xa3,0xa2,0x5a,0x4e,0x1c,0x5c,0xbd,
0x50,0xa3,0xa2,0x5a,0x82,0x83,0x08,0x3e,0x91,0x00,0x87,0xbf,0x50,0xa3,0xa2,0x5a,
0x99,0xaa,0xaa,0xbe,0x51,0x01,0x08,0xd5,0x4f,0xa3,0x02,0x00,0x01,0x00,0x87,0xbf,
0x50,0x04,0x13,0xd6,0x50,0xa3,0x3e,0x05,0x7e,0x00,0x7e,0x8c,0x3b,0x0b,0xa2,0x6a,
0x91,0x00,0x87,0xbf,0x51,0x17,0xa2,0x7e,0x00,0x02,0x13,0xd4,0xff,0xa2,0x02,0x00,
0x00,0x00,0x20,0x3f,0x91,0x04,0x87,0xbf,0x00,0x20,0x81,0xbe,0x7e,0x01,0x00,0x8d,
0x52,0x03,0x03,0xd5,0x51,0xa3,0x02,0x00,0x53,0x01,0x13,0xd6,0x51,0xe9,0xfd,0x03,
0x00,0x00,0x80,0x42,0x12,0x01,0x87,0xbf,0xff,0xa4,0x28,0x7c,0x50,0xac,0xae,0xc2,
0x52,0xa7,0xa4,0x02,0x91,0x00,0x87,0xbf,0xff,0xa4,0xa4,0x10,0x3b,0xaa,0xb8,0x3f,
0x52,0x4b,0xa4,0x7e,0xff,0x0f,0x88,0xbf,0xff,0xa4,0xa6,0x10,0xa4,0x4e,0x4b,0x11,
0x91,0x00,0x87,0xbf,0x52,0xa7,0xa4,0x02,0xf2,0xa4,0xa4,0x06,0x01,0x00,0x87,0xbf,
0x52,0x55,0xa4,0x7e,0xff,0x0f,0x88,0xbf,0x52,0x00,0x13,0xd6,0x52,0xeb,0xc9,0x03,
0x00,0x30,0x80,0xbe,0x51,0xa3,0xa4,0x10,0xff,0x00,0x81,0xbe,0x3d,0xc7,0xba,0xbb,
0x81,0x04,0x87,0xbf,0x01,0xa4,0xa6,0x5a,0xc9,0x08,0xa9,0x3c,0x91,0x00,0x87,0xbf,
0x52,0xa7,0xa6,0x5a,0x4e,0x1c,0x5c,0xbd,0x52,0xa7,0xa6,0x5a,0x82,0x83,0x08,0x3e,
0x91,0x00,0x87,0xbf,0x52,0xa7,0xa6,0x5a,0x99,0xaa,0xaa,0xbe,0x53,0x01,0x08,0xd5,
0x51,0xa7,0x02,0x00,0x01,0x00,0x87,0xbf,0x52,0x04,0x13,0xd6,0x52,0xa7,0x46,0x05,
0x7e,0x00,0x7e,0x8c,0x90,0x76,0xa6,0x32,0x91,0x00,0x87,0xbf,0x53,0x0b,0xa6,0x6a,
0x53,0x17,0xf0,0x7e,0x91,0x00,0x87,0xbf,0x00,0x02,0x13,0xd4,0xff,0xf0,0x02,0x00,
0x00,0x00,0x20,0x3f,0x00,0x20,0x81,0xbe,0x09,0x00,0x87,0xbf,0x7e,0x01,0x00,0x8d,
0x53,0x03,0x03,0xd5,0x78,0xf1,0x02,0x00,0x54,0x01,0x13,0xd6,0x78,0xe9,0xfd,0x03,
0x00,0x00,0x80,0x42,0x12,0x01,0x87,0xbf,0xff,0xa6,0x28,0x7c,0x50,0xac,0xae,0xc2,
0x53,0xa9,0xa6,0x02,0x91,0x00,0x87,0xbf,0xff,0xa6,0xa6,0x10,0x3b,0xaa,0xb8,0x3f,
0x53,0x4b,0xa6,0x7e,0xff,0x0f,0x88,0xbf,0xff,0xa6,0xa8,0x10,0xa4,0x4e,0x4b,0x11,
0x91,0x00,0x87,0xbf,0x53,0xa9,0xa6,0x02,0xf2,0xa6,0xa6,0x06,0x01,0x00,0x87,0xbf,
0x53,0x55,0xa6,0x7e,0xff,0x0f,0x88,0xbf,0x79,0x00,0x13,0xd6,0x53,0xeb,0xc9,0x03,
0x00,0x30,0x80,0xbe,0x78,0xf1,0xa6,0x10,0xff,0x00,0x81,0xbe,0x3d,0xc7,0xba,0xbb,
0x81,0x04,0x87,0xbf,0x01,0xa6,0xa8,0x5a,0xc9,0x08,0xa9,0x3c,0x91,0x00,0x87,0xbf,
0x53,0xa9,0xa8,0x5a,0x4e,0x1c,0x5c,0xbd,0x53,0xa9,0xa8,0x5a,0x82,0x83,0x08,0x3e,
0x91,0x00,0x87,0xbf,0x53,0xa9,0xa8,0x5a,0x99,0xaa,0xaa,0xbe,0x54,0x01,0x08,0xd5,
0x78,0xa9,0x02,0x00,0x01,0x00,0x87,0xbf,0x79,0x04,0x13,0xd6,0x53,0xa9,0xe2,0x05,
0x7e,0x00,0x7e,0x8c,0x3f,0x0b,0xa6,0x6a,0x91,0x00,0x87,0xbf,0x53,0x17,0xf4,0x7e,
0x00,0x02,0x13,0xd4,0xff,0xf4,0x02,0x00,0x00,0x00,0x20,0x3f,0x91,0x04,0x87,0xbf,
0x00,0x20,0x81,0xbe,0x7e,0x01,0x00,0x8d,0x53,0x03,0x03,0xd5,0x7a,0xf5,0x02,0x00,
0x54,0x01,0x13,0xd6,0x7a,0xe9,0xfd,0x03,0x00,0x00,0x80,0x42,0x12,0x01,0x87,0xbf,
0xff,0xa6,0x28,0x7c,0x50,0xac,0xae,0xc2,0x53,0xa9,0xa6,0x02,0x91,0x00,0x87,0xbf,
0xff,0xa6,0xa6,0x10,0x3b,0xaa,0xb8,0x3f,0x53,0x4b,0xa6,0x7e,0xff,0x0f,0x88,0xbf,
0xff,0xa6,0xa8,0x10,0xa4,0x4e,0x4b,0x11,0x91,0x00,0x87,0xbf,0x53,0xa9,0xa6,0x02,
0xf2,0xa6,0xa6,0x06,0x01,0x00,0x87,0xbf,0x53,0x55,0xa6,0x7e,0xff,0x0f,0x88,0xbf,
0x7b,0x00,0x13,0xd6,0x53,0xeb,0xc9,0x03,0x00,0x30,0x80,0xbe,0x7a,0xf5,0xa6,0x10,
0xff,0x00,0x81,0xbe,0x3d,0xc7,0xba,0xbb,0x81,0x04,0x87,0xbf,0x01,0xa6,0xa8,0x5a,
0xc9,0x08,0xa9,0x3c,0x91,0x00,0x87,0xbf,0x53,0xa9,0xa8,0x5a,0x4e,0x1c,0x5c,0xbd,
0x53,0xa9,0xa8,0x5a,0x82,0x83,0x08,0x3e,0x91,0x00,0x87,0xbf,0x53,0xa9,0xa8,0x5a,
0x99,0xaa,0xaa,0xbe,0x54,0x01,0x08,0xd5,0x7a,0xa9,0x02,0x00,0x01,0x00,0x87,0xbf,
0x7b,0x04,0x13,0xd6,0x53,0xa9,0xea,0x05,0x7e,0x00,0x7e,0x8c,0x3d,0x0b,0xa6,0x6a,
0x91,0x00,0x87,0xbf,0x53,0x17,0xf8,0x7e,0x00,0x02,0x13,0xd4,0xff,0xf8,0x02,0x00,
0x00,0x00,0x20,0x3f,0x91,0x04,0x87,0xbf,0x00,0x20,0x81,0xbe,0x7e,0x01,0x00,0x8d,
0x53,0x03,0x03,0xd5,0x7c,0xf9,0x02,0x00,0x54,0x01,0x13,0xd6,0x7c,0xe9,0xfd,0x03,
0x00,0x00,0x80,0x42,0x12,0x01,0x87,0xbf,0xff,0xa6,0x28,0x7c,0x50,0xac,0xae,0xc2,
0x53,0xa9,0xa6,0x02,0x91,0x00,0x87,0xbf,0xff,0xa6,0xa6,0x10,0x3b,0xaa,0xb8,0x3f,
0x53,0x4b,0xa6,0x7e,0xff,0x0f,0x88,0xbf,0xff,0xa6,0xa8,0x10,0xa4,0x4e,0x4b,0x11,
0x91,0x00,0x87,0xbf,0x53,0xa9,0xa6,0x02,0xf2,0xa6,0xa6,0x06,0x01,0x00,0x87,0xbf,
0x53,0x55,0xa6,0x7e,0xff,0x0f,0x88,0xbf,0x7d,0x00,0x13,0xd6,0x53,0xeb,0xc9,0x03,
0x00,0x30,0x80,0xbe,0x7c,0xf9,0xa6,0x10,0xff,0x00,0x81,0xbe,0x3d,0xc7,0xba,0xbb,
0x81,0x04,0x87,0xbf,0x01,0xa6,0xa8,0x5a,0xc9,0x08,0xa9,0x3c,0x91,0x00,0x87,0xbf,
0x53,0xa9,0xa8,0x5a,0x4e,0x1c,0x5c,0xbd,0x53,0xa9,0xa8,0x5a,0x82,0x83,0x08,0x3e,
0x91,0x00,0x87,0xbf,0x53,0xa9,0xa8,0x5a,0x99,0xaa,0xaa,0xbe,0x54,0x01,0x08,0xd5,
0x7c,0xa9,0x02,0x00,0x01,0x00,0x87,0xbf,0x7d,0x04,0x13,0xd6,0x53,0xa9,0xf2,0x05,
0x7e,0x00,0x7e,0x8c,0x36,0x0b,0xa6,0x6a,0x91,0x00,0x87,0xbf,0x53,0x17,0xfc,0x7e,
0x00,0x02,0x13,0xd4,0xff,0xfc,0x02,0x00,0x00,0x00,0x20,0x3f,0x91,0x04,0x87,0xbf,
0x00,0x20,0x81,0xbe,0x7e,0x01,0x00,0x8d,0x53,0x03,0x03,0xd5,0x7e,0xfd,0x02,0x00,
0x54,0x01,0x13,0xd6,0x7e,0xe9,0xfd,0x03,0x00,0x00,0x80,0x42,0x12,0x01,0x87,0xbf,
0xff,0xa6,0x28,0x7c,0x50,0xac,0xae,0xc2,0x53,0xa9,0xa6,0x02,0x91,0x00,0x87,0xbf,
0xff,0xa6,0xa6,0x10,0x3b,0xaa,0xb8,0x3f,0x53,0x4b,0xa6,0x7e,0xff,0x0f,0x88,0xbf,
0xff,0xa6,0xa8,0x10,0xa4,0x4e,0x4b,0x11,0x91,0x00,0x87,0xbf,0x53,0xa9,0xa6,0x02,
0xf2,0xa6,0xa6,0x06,0x01,0x00,0x87,0xbf,0x53,0x55,0xa6,0x7e,0xff,0x0f,0x88,0xbf,
0x7f,0x00,0x13,0xd6,0x53,0xeb,0xc9,0x03,0x00,0x30,0x80,0xbe,0x7e,0xfd,0xa6,0x10,
0xff,0x00,0x81,0xbe,0x3d,0xc7,0xba,0xbb,0x81,0x04,0x87,0xbf,0x01,0xa6,0xa8,0x5a,
0xc9,0x08,0xa9,0x3c,0x91,0x00,0x87,0xbf,0x53,0xa9,0xa8,0x5a,0x4e,0x1c,0x5c,0xbd,
0x53,0xa9,0xa8,0x5a,0x82,0x83,0x08,0x3e,0x91,0x00,0x87,0xbf,0x53,0xa9,0xa8,0x5a,
0x99,0xaa,0xaa,0xbe,0x54,0x01,0x08,0xd5,0x7e,0xa9,0x02,0x00,0x01,0x00,0x87,0xbf,
0x7f,0x04,0x13,0xd6,0x53,0xa9,0xfa,0x05,0x7e,0x00,0x7e,0x8c,0x28,0x0b,0xa6,0x6a,
0x91,0x00,0x87,0xbf,0x80,0x00,0x8b,0xd5,0x53,0x01,0x00,0x00,0x00,0x02,0x13,0xd4,
0xff,0x00,0x03,0x00,0x00,0x00,0x20,0x3f,0x91,0x04,0x87,0xbf,0x00,0x20,0x81,0xbe,
0x7e,0x01,0x00,0x8d,0x53,0x03,0x03,0xd5,0x80,0x01,0x03,0x00,0x54,0x01,0x13,0xd6,
0x80,0xe9,0xfd,0x03,0x00,0x00,0x80,0x42,0x12,0x01,0x87,0xbf,0xff,0xa6,0x28,0x7c,
0x50,0xac,0xae,0xc2,0x53,0xa9,0xa6,0x02,0x91,0x00,0x87,0xbf,0xff,0xa6,0xa6,0x10,
0x3b,0xaa,0xb8,0x3f,0x53,0x4b,0xa6,0x7e,0xff,0x0f,0x88,0xbf,0xff,0xa6,0xa8,0x10,
0xa4,0x4e,0x4b,0x11,0x91,0x00,0x87,0xbf,0x53,0xa9,0xa6,0x02,0xf2,0xa6,0xa6,0x06,
0x01,0x00,0x87,0xbf,0x53,0x55,0xa6,0x7e,0xff,0x0f,0x88,0xbf,0x81,0x00,0x13,0xd6,
0x53,0xeb,0xc9,0x03,0x00,0x30,0x80,0xbe,0x80,0x01,0xa7,0x10,0xff,0x00,0x81,0xbe,
0x3d,0xc7,0xba,0xbb,0x81,0x04,0x87,0xbf,0x01,0xa6,0xa8,0x5a,0xc9,0x08,0xa9,0x3c,
0x91,0x00,0x87,0xbf,0x53,0xa9,0xa8,0x5a,0x4e,0x1c,0x5c,0xbd,0x53,0xa9,0xa8,0x5a,
0x82,0x83,0x08,0x3e,0x91,0x00,0x87,0xbf,0x53,0xa9,0xa8,0x5a,0x99,0xaa,0xaa,0xbe,
0x54,0x01,0x08,0xd5,0x80,0xa9,0x02,0x00,0x01,0x00,0x87,0xbf,0x81,0x04,0x13,0xd6,
0x53,0xa9,0x02,0x06,0x7e,0x00,0x7e,0x8c,0x90,0x50,0xa6,0x32,0x91,0x00,0x87,0xbf,
0x53,0x0b,0xa6,0x6a,0x82,0x00,0x8b,0xd5,0x53,0x01,0x00,0x00,0x91,0x00,0x87,0xbf,
0x00,0x02,0x13,0xd4,0xff,0x04,0x03,0x00,0x00,0x00,0x20,0x3f,0x00,0x20,0x81,0xbe,
0x09,0x00,0x87,0xbf,0x7e,0x01,0x00,0x8d,0x53,0x03,0x03,0xd5,0x82,0x05,0x03,0x00,
0x54,0x01,0x13,0xd6,0x82,0xe9,0xfd,0x03,0x00,0x00,0x80,0x42,0x12,0x01,0x87,0xbf,
0xff,0xa6,0x28,0x7c,0x50,0xac,0xae,0xc2,0x53,0xa9,0xa6,0x02,0x91,0x00,0x87,0xbf,
0xff,0xa6,0xa6,0x10,0x3b,0xaa,0xb8,0x3f,0x53,0x4b,0xa6,0x7e,0xff,0x0f,0x88,0xbf,
0xff,0xa6,0xa8,0x10,0xa4,0x4e,0x4b,0x11,0x91,0x00,0x87,0xbf,0x53,0xa9,0xa6,0x02,
0xf2,0xa6,0xa6,0x06,0x01,0x00,0x87,0xbf,0x53,0x55,0xa6,0x7e,0xff,0x0f,0x88,0xbf,
0x83,0x00,0x13,0xd6,0x53,0xeb,0xc9,0x03,0x00,0x30,0x80,0xbe,0x82,0x05,0xa7,0x10,
0xff,0x00,0x81,0xbe,0x3d,0xc7,0xba,0xbb,0x81,0x04,0x87,0xbf,0x01,0xa6,0xa8,0x5a,
0xc9,0x08,0xa9,0x3c,0x91,0x00,0x87,0xbf,0x53,0xa9,0xa8,0x5a,0x4e,0x1c,0x5c,0xbd,
0x53,0xa9,0xa8,0x5a,0x82,0x83,0x08,0x3e,0x91,0x00,0x87,0xbf,0x53,0xa9,0xa8,0x5a,
0x99,0xaa,0xaa,0xbe,0x54,0x01,0x08,0xd5,0x82,0xa9,0x02,0x00,0x01,0x00,0x87,0xbf,
0x83,0x04,0x13,0xd6,0x53,0xa9,0x0a,0x06,0x7e,0x00,0x7e,0x8c,0x33,0x0b,0xa6,0x6a,
0x91,0x00,0x87,0xbf,0x53,0x17,0xa6,0x7e,0x00,0x02,0x13,0xd4,0xff,0xa6,0x02,0x00,
0x00,0x00,0x20,0x3f,0x91,0x04,0x87,0xbf,0x00,0x20,0x81,0xbe,0x7e,0x01,0x00,0x8d,
0x54,0x03,0x03,0xd5,0x53,0xa7,0x02,0x00,0x55,0x01,0x13,0xd6,0x53,0xe9,0xfd,0x03,
0x00,0x00,0x80,0x42,0x12,0x01,0x87,0xbf,0xff,0xa8,0x28,0x7c,0x50,0xac,0xae,0xc2,
0x54,0xab,0xa8,0x02,0x91,0x00,0x87,0xbf,0xff,0xa8,0xa8,0x10,0x3b,0xaa,0xb8,0x3f,
0x54,0x4b,0xa8,0x7e,0xff,0x0f,0x88,0xbf,0xff,0xa8,0xaa,0x10,0xa4,0x4e,0x4b,0x11,
0x91,0x00,0x87,0xbf,0x54,0xab,0xa8,0x02,0xf2,0xa8,0xa8,0x06,0x01,0x00,0x87,0xbf,
0x54,0x55,0xa8,0x7e,0xff,0x0f,0x88,0xbf,0x54,0x00,0x13,0xd6,0x54,0xeb,0xc9,0x03,
0x00,0x30,0x80,0xbe,0x53,0xa7,0xa8,0x10,0xff,0x00,0x81,0xbe,0x3d,0xc7,0xba,0xbb,
0x81,0x04,0x87,0xbf,0x01,0xa8,0xaa,0x5a,0xc9,0x08,0xa9,0x3c,0x91,0x00,0x87,0xbf,
0x54,0xab,0xaa,0x5a,0x4e,0x1c,0x5c,0xbd,0x54,0xab,0xaa,0x5a,0x82,0x83,0x08,0x3e,
0x91,0x00,0x87,0xbf,0x54,0xab,0xaa,0x5a,0x99,0xaa,0xaa,0xbe,0x55,0x01,0x08,0xd5,
0x53,0xab,0x02,0x00,0x01,0x00,0x87,0xbf,0x54,0x04,0x13,0xd6,0x54,0xab,0x4e,0x05,
0x7e,0x00,0x7e,0x8c,0x35,0x0b,0xaa,0x6a,0x91,0x00,0x87,0xbf,0x55,0x17,0xaa,0x7e,
0x00,0x02,0x13,0xd4,0xff,0xaa,0x02,0x00,0x00,0x00,0x20,0x3f,0x91,0x04,0x87,0xbf,
0x00,0x20,0x81,0xbe,0x7e,0x01,0x00,0x8d,0x56,0x03,0x03,0xd5,0x55,0xab,0x02,0x00,
0x57,0x01,0x13,0xd6,0x55,0xe9,0xfd,0x03,0x00,0x00,0x80,0x42,0x12,0x01,0x87,0xbf,
0xff,0xac,0x28,0x7c,0x50,0xac,0xae,0xc2,0x56,0xaf,0xac,0x02,0x91,0x00,0x87,0xbf,
0xff,0xac,0xac,0x10,0x3b,0xaa,0xb8,0x3f,0x56,0x4b,0xac,0x7e,0xff,0x0f,0x88,0xbf,
0xff,0xac,0xae,0x10,0xa4,0x4e,0x4b,0x11,0x91,0x00,0x87,0xbf,0x56,0xaf,0xac,0x02,
0xf2,0xac,0xac,0x06,0x01,0x00,0x87,0xbf,0x56,0x55,0xac,0x7e,0xff,0x0f,0x88,0xbf,
0x56,0x00,0x13,0xd6,0x56,0xeb,0xc9,0x03,0x00,0x30,0x80,0xbe,0x55,0xab,0xac,0x10,
0xff,0x00,0x81,0xbe,0x3d,0xc7,0xba,0xbb,0x81,0x04,0x87,0xbf,0x01,0xac,0xae,0x5a,
0xc9,0x08,0xa9,0x3c,0x91,0x00,0x87,0xbf,0x56,0xaf,0xae,0x5a,0x4e,0x1c,0x5c,0xbd,
0x56,0xaf,0xae,0x5a,0x82,0x83,0x08,0x3e,0x91,0x00,0x87,0xbf,0x56,0xaf,0xae,0x5a,
0x99,0xaa,0xaa,0xbe,0x57,0x01,0x08,0xd5,0x55,0xaf,0x02,0x00,0x01,0x00,0x87,0xbf,
0x56,0x04,0x13,0xd6,0x56,0xaf,0x56,0x05,0x7e,0x00,0x7e,0x8c,0x90,0x6a,0xae,0x32,
0x91,0x00,0x87,0xbf,0x57,0x0b,0xae,0x6a,0x84,0x00,0x8b,0xd5,0x57,0x01,0x00,0x00,
0x91,0x00,0x87,0xbf,0x00,0x02,0x13,0xd4,0xff,0x08,0x03,0x00,0x00,0x00,0x20,0x3f,
0x00,0x20,0x81,0xbe,0x09,0x00,0x87,0xbf,0x7e,0x01,0x00,0x8d,0x57,0x03,0x03,0xd5,
0x84,0x09,0x03,0x00,0x58,0x01,0x13,0xd6,0x84,0xe9,0xfd,0x03,0x00,0x00,0x80,0x42,
0x12,0x01,0x87,0xbf,0xff,0xae,0x28,0x7c,0x50,0xac,0xae,0xc2,0x57,0xb1,0xae,0x02,
0x91,0x00,0x87,0xbf,0xff,0xae,0xae,0x10,0x3b,0xaa,0xb8,0x3f,0x57,0x4b,0xae,0x7e,
0xff,0x0f,0x88,0xbf,0xff,0xae,0xb0,0x10,0xa4,0x4e,0x4b,0x11,0x91,0x00,0x87,0xbf,
0x57,0xb1,0xae,0x02,0xf2,0xae,0xae,0x06,0x01,0x00,0x87,0xbf,0x57,0x55,0xae,0x7e,
0xff,0x0f,0x88,0xbf,0x85,0x00,0x13,0xd6,0x57,0xeb,0xc9,0x03,0x00,0x30,0x80,0xbe,
0x84,0x09,0xaf,0x10,0xff,0x00,0x81,0xbe,0x3d,0xc7,0xba,0xbb,0x81,0x04,0x87,0xbf,
0x01,0xae,0xb0,0x5a,0xc9,0x08,0xa9,0x3c,0x91,0x00,0x87,0xbf,0x57,0xb1,0xb0,0x5a,
0x4e,0x1c,0x5c,0xbd,0x57,0xb1,0xb0,0x5a,0x82,0x83,0x08,0x3e,0x91,0x00,0x87,0xbf,
0x57,0xb1,0xb0,0x5a,0x99,0xaa,0xaa,0xbe,0x58,0x01,0x08,0xd5,0x84,0xb1,0x02,0x00,
0x01,0x00,0x87,0xbf,0x85,0x04,0x13,0xd6,0x57,0xb1,0x12,0x06,0x7e,0x00,0x7e,0x8c,
0x46,0x0b,0xae,0x6a,0x91,0x00,0x87,0xbf,0x86,0x00,0x8b,0xd5,0x57,0x01,0x00,0x00,
0x00,0x02,0x13,0xd4,0xff,0x0c,0x03,0x00,0x00,0x00,0x20,0x3f,0x91,0x04,0x87,0xbf,
0x00,0x20,0x81,0xbe,0x7e,0x01,0x00,0x8d,0x57,0x03,0x03,0xd5,0x86,0x0d,0x03,0x00,
0x58,0x01,0x13,0xd6,0x86,0xe9,0xfd,0x03,0x00,0x00,0x80,0x42,0x12,0x01,0x87,0xbf,
0xff,0xae,0x28,0x7c,0x50,0xac,0xae,0xc2,0x57,0xb1,0xae,0x02,0x91,0x00,0x87,0xbf,
0xff,0xae,0xae,0x10,0x3b,0xaa,0xb8,0x3f,0x57,0x4b,0xae,0x7e,0xff,0x0f,0x88,0xbf,
0xff,0xae,0xb0,0x10,0xa4,0x4e,0x4b,0x11,0x91,0x00,0x87,0xbf,0x57,0xb1,0xae,0x02,
0xf2,0xae,0xae,0x06,0x01,0x00,0x87,0xbf,0x57,0x55,0xae,0x7e,0xff,0x0f,0x88,0xbf,
0x87,0x00,0x13,0xd6,0x57,0xeb,0xc9,0x03,0x00,0x30,0x80,0xbe,0x86,0x0d,0xaf,0x10,
0xff,0x00,0x81,0xbe,0x3d,0xc7,0xba,0xbb,0x81,0x04,0x87,0xbf,0x01,0xae,0xb0,0x5a,
0xc9,0x08,0xa9,0x3c,0x91,0x00,0x87,0xbf,0x57,0xb1,0xb0,0x5a,0x4e,0x1c,0x5c,0xbd,
0x57,0xb1,0xb0,0x5a,0x82,0x83,0x08,0x3e,0x91,0x00,0x87,0xbf,0x57,0xb1,0xb0,0x5a,
0x99,0xaa,0xaa,0xbe,0x58,0x01,0x08,0xd5,0x86,0xb1,0x02,0x00,0x01,0x00,0x87,0xbf,
0x87,0x04,0x13,0xd6,0x57,0xb1,0x1a,0x06,0x7e,0x00,0x7e,0x8c,0x37,0x0b,0xae,0x6a,
0x91,0x00,0x87,0xbf,0x88,0x00,0x8b,0xd5,0x57,0x01,0x00,0x00,0x00,0x02,0x13,0xd4,
0xff,0x10,0x03,0x00,0x00,0x00,0x20,0x3f,0x91,0x04,0x87,0xbf,0x00,0x20,0x81,0xbe,
0x7e,0x01,0x00,0x8d,0x57,0x03,0x03,0xd5,0x88,0x11,0x03,0x00,0x58,0x01,0x13,0xd6,
0x88,0xe9,0xfd,0x03,0x00,0x00,0x80,0x42,0x12,0x01,0x87,0xbf,0xff,0xae,0x28,0x7c,
0x50,0xac,0xae,0xc2,0x57,0xb1,0xae,0x02,0x91,0x00,0x87,0xbf,0xff,0xae,0xae,0x10,
0x3b,0xaa,0xb8,0x3f,0x57,0x4b,0xae,0x7e,0xff,0x0f,0x88,0xbf,0xff,0xae,0xb0,0x10,
0xa4,0x4e,0x4b,0x11,0x91,0x00,0x87,0xbf,0x57,0xb1,0xae,0x02,0xf2,0xae,0xae,0x06,
0x01,0x00,0x87,0xbf,0x57,0x55,0xae,0x7e,0xff,0x0f,0x88,0xbf,0x89,0x00,0x13,0xd6,
0x57,0xeb,0xc9,0x03,0x00,0x30,0x80,0xbe,0x88,0x11,0xaf,0x10,0xff,0x00,0x81,0xbe,
0x3d,0xc7,0xba,0xbb,0x81,0x04,0x87,0xbf,0x01,0xae,0xb0,0x5a,0xc9,0x08,0xa9,0x3c,
0x91,0x00,0x87,0xbf,0x57,0xb1,0xb0,0x5a,0x4e,0x1c,0x5c,0xbd,0x57,0xb1,0xb0,0x5a,
0x82,0x83,0x08,0x3e,0x91,0x00,0x87,0xbf,0x57,0xb1,0xb0,0x5a,0x99,0xaa,0xaa,0xbe,
0x58,0x01,0x08,0xd5,0x88,0xb1,0x02,0x00,0x01,0x00,0x87,0xbf,0x89,0x04,0x13,0xd6,
0x57,0xb1,0x22,0x06,0x7e,0x00,0x7e,0x8c,0x2e,0x0b,0xae,0x6a,0x91,0x00,0x87,0xbf,
0x8a,0x00,0x8b,0xd5,0x57,0x01,0x00,0x00,0x00,0x02,0x13,0xd4,0xff,0x14,0x03,0x00,
0x00,0x00,0x20,0x3f,0x91,0x04,0x87,0xbf,0x00,0x20,0x81,0xbe,0x7e,0x01,0x00,0x8d,
0x57,0x03,0x03,0xd5,0x8a,0x15,0x03,0x00,0x58,0x01,0x13,0xd6,0x8a,0xe9,0xfd,0x03,
0x00,0x00,0x80,0x42,0x12,0x01,0x87,0xbf,0xff,0xae,0x28,0x7c,0x50,0xac,0xae,0xc2,
0x57,0xb1,0xae,0x02,0x91,0x00,0x87,0xbf,0xff,0xae,0xae,0x10,0x3b,0xaa,0xb8,0x3f,
0x57,0x4b,0xae,0x7e,0xff,0x0f,0x88,0xbf,0xff,0xae,0xb0,0x10,0xa4,0x4e,0x4b,0x11,
0x91,0x00,0x87,0xbf,0x57,0xb1,0xae,0x02,0xf2,0xae,0xae,0x06,0x01,0x00,0x87,0xbf,
0x57,0x55,0xae,0x7e,0xff,0x0f,0x88,0xbf,0x8b,0x00,0x13,0xd6,0x57,0xeb,0xc9,0x03,
0x00,0x30,0x80,0xbe,0x8a,0x15,0xaf,0x10,0xff,0x00,0x81,0xbe,0x3d,0xc7,0xba,0xbb,
0x81,0x04,0x87,0xbf,0x01,0xae,0xb0,0x5a,0xc9,0x08,0xa9,0x3c,0x91,0x00,0x87,0xbf,
0x57,0xb1,0xb0,0x5a,0x4e,0x1c,0x5c,0xbd,0x57,0xb1,0xb0,0x5a,0x82,0x83,0x08,0x3e,
0x91,0x00,0x87,0xbf,0x57,0xb1,0xb0,0x5a,0x99,0xaa,0xaa,0xbe,0x58,0x01,0x08,0xd5,
0x8a,0xb1,0x02,0x00,0x01,0x00,0x87,0xbf,0x8b,0x04,0x13,0xd6,0x57,0xb1,0x2a,0x06,
0x7e,0x00,0x7e,0x8c,0x20,0x0b,0xae,0x6a,0x91,0x00,0x87,0xbf,0x8c,0x00,0x8b,0xd5,
0x57,0x01,0x00,0x00,0x00,0x02,0x13,0xd4,0xff,0x18,0x03,0x00,0x00,0x00,0x20,0x3f,
0x91,0x04,0x87,0xbf,0x00,0x20,0x81,0xbe,0x7e,0x01,0x00,0x8d,0x57,0x03,0x03,0xd5,
0x8c,0x19,0x03,0x00,0x58,0x01,0x13,0xd6,0x8c,0xe9,0xfd,0x03,0x00,0x00,0x80,0x42,
0x12,0x01,0x87,0xbf,0xff,0xae,0x28,0x7c,0x50,0xac,0xae,0xc2,0x57,0xb1,0xae,0x02,
0x91,0x00,0x87,0xbf,0xff,0xae,0xae,0x10,0x3b,0xaa,0xb8,0x3f,0x57,0x4b,0xae,0x7e,
0xff,0x0f,0x88,0xbf,0xff,0xae,0xb0,0x10,0xa4,0x4e,0x4b,0x11,0x91,0x00,0x87,0xbf,
0x57,0xb1,0xae,0x02,0xf2,0xae,0xae,0x06,0x01,0x00,0x87,0xbf,0x57,0x55,0xae,0x7e,
0xff,0x0f,0x88,0xbf,0x8d,0x00,0x13,0xd6,0x57,0xeb,0xc9,0x03,0x00,0x30,0x80,0xbe,
0x8c,0x19,0xaf,0x10,0xff,0x00,0x81,0xbe,0x3d,0xc7,0xba,0xbb,0x81,0x04,0x87,0xbf,
0x01,0xae,0xb0,0x5a,0xc9,0x08,0xa9,0x3c,0x91,0x00,0x87,0xbf,0x57,0xb1,0xb0,0x5a,
0x4e,0x1c,0x5c,0xbd,0x57,0xb1,0xb0,0x5a,0x82,0x83,0x08,0x3e,0x91,0x00,0x87,0xbf,
0x57,0xb1,0xb0,0x5a,0x99,0xaa,0xaa,0xbe,0x58,0x01,0x08,0xd5,0x8c,0xb1,0x02,0x00,
0x01,0x00,0x87,0xbf,0x8d,0x04,0x13,0xd6,0x57,0xb1,0x32,0x06,0x7e,0x00,0x7e,0x8c,
0x90,0x40,0xae,0x32,0x91,0x00,0x87,0xbf,0x57,0x0b,0xae,0x6a,0x8e,0x00,0x8b,0xd5,
0x57,0x01,0x00,0x00,0x91,0x00,0x87,0xbf,0x00,0x02,0x13,0xd4,0xff,0x1c,0x03,0x00,
0x00,0x00,0x20,0x3f,0x00,0x20,0x81,0xbe,0x09,0x00,0x87,0xbf,0x7e,0x01,0x00,0x8d,
0x57,0x03,0x03,0xd5,0x8e,0x1d,0x03,0x00,0x58,0x01,0x13,0xd6,0x8e,0xe9,0xfd,0x03,
0x00,0x00,0x80,0x42,0x12,0x01,0x87,0xbf,0xff,0xae,0x28,0x7c,0x50,0xac,0xae,0xc2,
0x57,0xb1,0xae,0x02,0x91,0x00,0x87,0xbf,0xff,0xae,0xae,0x10,0x3b,0xaa,0xb8,0x3f,
0x57,0x4b,0xae,0x7e,0xff,0x0f,0x88,0xbf,0xff,0xae,0xb0,0x10,0xa4,0x4e,0x4b,0x11,
0x91,0x00,0x87,0xbf,0x57,0xb1,0xae,0x02,0xf2,0xae,0xae,0x06,0x01,0x00,0x87,0xbf,
0x57,0x55,0xae,0x7e,0xff,0x0f,0x88,0xbf,0x8f,0x00,0x13,0xd6,0x57,0xeb,0xc9,0x03,
0x00,0x30,0x80,0xbe,0x8e,0x1d,0xaf,0x10,0xff,0x00,0x81,0xbe,0x3d,0xc7,0xba,0xbb,
0x81,0x04,0x87,0xbf,0x01,0xae,0xb0,0x5a,0xc9,0x08,0xa9,0x3c,0x91,0x00,0x87,0xbf,
0x57,0xb1,0xb0,0x5a,0x4e,0x1c,0x5c,0xbd,0x57,0xb1,0xb0,0x5a,0x82,0x83,0x08,0x3e,
0x91,0x00,0x87,0xbf,0x57,0xb1,0xb0,0x5a,0x99,0xaa,0xaa,0xbe,0x58,0x01,0x08,0xd5,
0x8e,0xb1,0x02,0x00,0x01,0x00,0x87,0xbf,0x8f,0x04,0x13,0xd6,0x57,0xb1,0x3a,0x06,
0x7e,0x00,0x7e,0x8c,0x2b,0x0b,0xae,0x6a,0x91,0x00,0x87,0xbf,0x57,0x17,0xae,0x7e,
0x00,0x02,0x13,0xd4,0xff,0xae,0x02,0x00,0x00,0x00,0x20,0x3f,0x91,0x04,0x87,0xbf,
0x00,0x20,0x81,0xbe,0x7e,0x01,0x00,0x8d,0x58,0x03,0x03,0xd5,0x57,0xaf,0x02,0x00,
0x5a,0x01,0x13,0xd6,0x57,0xe9,0xfd,0x03,0x00,0x00,0x80,0x42,0x12,0x01,0x87,0xbf,
0xff,0xb0,0x28,0x7c,0x50,0xac,0xae,0xc2,0x58,0xb5,0xb0,0x02,0x91,0x00,0x87,0xbf,
0xff,0xb0,0xb0,0x10,0x3b,0xaa,0xb8,0x3f,0x58,0x4b,0xb0,0x7e,0xff,0x0f,0x88,0xbf,
0xff,0xb0,0xb4,0x10,0xa4,0x4e,0x4b,0x11,0x91,0x00,0x87,0xbf,0x58,0xb5,0xb0,0x02,
0xf2,0xb0,0xb0,0x06,0x01,0x00,0x87,0xbf,0x58,0x55,0xb0,0x7e,0xff,0x0f,0x88,0xbf,
0x58,0x00,0x13,0xd6,0x58,0xeb,0xc9,0x03,0x00,0x30,0x80,0xbe,0x57,0xaf,0xb0,0x10,
0xff,0x00,0x81,0xbe,0x3d,0xc7,0xba,0xbb,0x81,0x04,0x87,0xbf,0x01,0xb0,0xb4,0x5a,
0xc9,0x08,0xa9,0x3c,0x91,0x00,0x87,0xbf,0x58,0xb5,0xb4,0x5a,0x4e,0x1c,0x5c,0xbd,
0x58,0xb5,0xb4,0x5a,0x82,0x83,0x08,0x3e,0x91,0x00,0x87,0xbf,0x58,0xb5,0xb4,0x5a,
0x99,0xaa,0xaa,0xbe,0x5a,0x01,0x08,0xd5,0x57,0xb5,0x02,0x00,0x01,0x00,0x87,0xbf,
0x58,0x04,0x13,0xd6,0x58,0xb5,0x5e,0x05,0x7e,0x00,0x7e,0x8c,0x2d,0x0b,0xb4,0x6a,
0x91,0x00,0x87,0xbf,0x5a,0x17,0xb4,0x7e,0x00,0x02,0x13,0xd4,0xff,0xb4,0x02,0x00,
0x00,0x00,0x20,0x3f,0x91,0x04,0x87,0xbf,0x00,0x20,0x81,0xbe,0x7e,0x01,0x00,0x8d,
0x5b,0x03,0x03,0xd5,0x5a,0xb5,0x02,0x00,0x5c,0x01,0x13,0xd6,0x5a,0xe9,0xfd,0x03,
0x00,0x00,0x80,0x42,0x12,0x01,0x87,0xbf,0xff,0xb6,0x28,0x7c,0x50,0xac,0xae,0xc2,
0x5b,0xb9,0xb6,0x02,0x91,0x00,0x87,0xbf,0xff,0xb6,0xb6,0x10,0x3b,0xaa,0xb8,0x3f,
0x5b,0x4b,0xb6,0x7e,0xff,0x0f,0x88,0xbf,0xff,0xb6,0xb8,0x10,0xa4,0x4e,0x4b,0x11,
0x91,0x00,0x87,0xbf,0x5b,0xb9,0xb6,0x02,0xf2,0xb6,0xb6,0x06,0x01,0x00,0x87,0xbf,
0x5b,0x55,0xb6,0x7e,0xff,0x0f,0x88,0xbf,0x5b,0x00,0x13,0xd6,0x5b,0xeb,0xc9,0x03,
0x00,0x30,0x80,0xbe,0x5a,0xb5,0xb6,0x10,0xff,0x00,0x81,0xbe,0x3d,0xc7,0xba,0xbb,
0x81,0x04,0x87,0xbf,0x01,0xb6,0xb8,0x5a,0xc9,0x08,0xa9,0x3c,0x91,0x00,0x87,0xbf,
0x5b,0xb9,0xb8,0x5a,0x4e,0x1c,0x5c,0xbd,0x5b,0xb9,0xb8,0x5a,0x82,0x83,0x08,0x3e,
0x91,0x00,0x87,0xbf,0x5b,0xb9,0xb8,0x5a,0x99,0xaa,0xaa,0xbe,0x5c,0x01,0x08,0xd5,
0x5a,0xb9,0x02,0x00,0x01,0x00,0x87,0xbf,0x5b,0x04,0x13,0xd6,0x5b,0xb9,0x6a,0x05,
0x7e,0x00,0x7e,0x8c,0x90,0x5a,0xb8,0x32,0x91,0x00,0x87,0xbf,0x5c,0x0b,0xb8,0x6a,
0x90,0x00,0x8b,0xd5,0x5c,0x01,0x00,0x00,0x91,0x00,0x87,0xbf,0x00,0x02,0x13,0xd4,
0xff,0x20,0x03,0x00,0x00,0x00,0x20,0x3f,0x00,0x20,0x81,0xbe,0x09,0x00,0x87,0xbf,
0x7e,0x01,0x00,0x8d,0x5c,0x03,0x03,0xd5,0x90,0x21,0x03,0x00,0x5d,0x01,0x13,0xd6,
0x90,0xe9,0xfd,0x03,0x00,0x00,0x80,0x42,0x12,0x01,0x87,0xbf,0xff,0xb8,0x28,0x7c,
0x50,0xac,0xae,0xc2,0x5c,0xbb,0xb8,0x02,0x91,0x00,0x87,0xbf,0xff,0xb8,0xb8,0x10,
0x3b,0xaa,0xb8,0x3f,0x5c,0x4b,0xb8,0x7e,0xff,0x0f,0x88,0xbf,0xff,0xb8,0xba,0x10,
0xa4,0x4e,0x4b,0x11,0x91,0x00,0x87,0xbf,0x5c,0xbb,0xb8,0x02,0xf2,0xb8,0xb8,0x06,
0x01,0x00,0x87,0xbf,0x5c,0x55,0xb8,0x7e,0xff,0x0f,0x88,0xbf,0x91,0x00,0x13,0xd6,
0x5c,0xeb,0xc9,0x03,0x00,0x30,0x80,0xbe,0x90,0x21,0xb9,0x10,0xff,0x00,0x81,0xbe,
0x3d,0xc7,0xba,0xbb,0x81,0x04,0x87,0xbf,0x01,0xb8,0xba,0x5a,0xc9,0x08,0xa9,0x3c,
0x91,0x00,0x87,0xbf,0x5c,0xbb,0xba,0x5a,0x4e,0x1c,0x5c,0xbd,0x5c,0xbb,0xba,0x5a,
0x82,0x83,0x08,0x3e,0x91,0x00,0x87,0xbf,0x5c,0xbb,0xba,0x5a,0x99,0xaa,0xaa,0xbe,
0x5d,0x01,0x08,0xd5,0x90,0xbb,0x02,0x00,0x01,0x00,0x87,0xbf,0x91,0x04,0x13,0xd6,
0x5c,0xbb,0x42,0x06,0x7e,0x00,0x7e,0x8c,0x22,0x0b,0xb8,0x6a,0x91,0x00,0x87,0xbf,
0x92,0x00,0x8b,0xd5,0x5c,0x01,0x00,0x00,0x00,0x02,0x13,0xd4,0xff,0x24,0x03,0x00,
0x00,0x00,0x20,0x3f,0x91,0x04,0x87,0xbf,0x00,0x20,0x81,0xbe,0x7e,0x01,0x00,0x8d,
0x5c,0x03,0x03,0xd5,0x92,0x25,0x03,0x00,0x5d,0x01,0x13,0xd6,0x92,0xe9,0xfd,0x03,
0x00,0x00,0x80,0x42,0x12,0x01,0x87,0xbf,0xff,0xb8,0x28,0x7c,0x50,0xac,0xae,0xc2,
0x5c,0xbb,0xb8,0x02,0x91,0x00,0x87,0xbf,0xff,0xb8,0xb8,0x10,0x3b,0xaa,0xb8,0x3f,
0x5c,0x4b,0xb8,0x7e,0xff,0x0f,0x88,0xbf,0xff,0xb8,0xba,0x10,0xa4,0x4e,0x4b,0x11,
0x91,0x00,0x87,0xbf,0x5c,0xbb,0xb8,0x02,0xf2,0xb8,0xb8,0x06,0x01,0x00,0x87,0xbf,
0x5c,0x55,0xb8,0x7e,0xff,0x0f,0x88,0xbf,0x93,0x00,0x13,0xd6,0x5c,0xeb,0xc9,0x03,
0x00,0x30,0x80,0xbe,0x92,0x25,0xb9,0x10,0xff,0x00,0x81,0xbe,0x3d,0xc7,0xba,0xbb,
0x81,0x04,0x87,0xbf,0x01,0xb8,0xba,0x5a,0xc9,0x08,0xa9,0x3c,0x91,0x00,0x87,0xbf,
0x5c,0xbb,0xba,0x5a,0x4e,0x1c,0x5c,0xbd,0x5c,0xbb,0xba,0x5a,0x82,0x83,0x08,0x3e,
0x91,0x00,0x87,0xbf,0x5c,0xbb,0xba,0x5a,0x99,0xaa,0xaa,0xbe,0x5d,0x01,0x08,0xd5,
0x92,0xbb,0x02,0x00,0x01,0x00,0x87,0xbf,0x93,0x04,0x13,0xd6,0x5c,0xbb,0x4a,0x06,
0x7e,0x00,0x7e,0x8c,0x24,0x0b,0xb8,0x6a,0x91,0x00,0x87,0xbf,0x94,0x00,0x8b,0xd5,
0x5c,0x01,0x00,0x00,0x00,0x02,0x13,0xd4,0xff,0x28,0x03,0x00,0x00,0x00,0x20,0x3f,
0x91,0x04,0x87,0xbf,0x00,0x20,0x81,0xbe,0x7e,0x01,0x00,0x8d,0x5c,0x03,0x03,0xd5,
0x94,0x29,0x03,0x00,0x5d,0x01,0x13,0xd6,0x94,0xe9,0xfd,0x03,0x00,0x00,0x80,0x42,
0x12,0x01,0x87,0xbf,0xff,0xb8,0x28,0x7c,0x50,0xac,0xae,0xc2,0x5c,0xbb,0xb8,0x02,
0x91,0x00,0x87,0xbf,0xff,0xb8,0xb8,0x10,0x3b,0xaa,0xb8,0x3f,0x5c,0x4b,0xb8,0x7e,
0xff,0x0f,0x88,0xbf,0xff,0xb8,0xba,0x10,0xa4,0x4e,0x4b,0x11,0x91,0x00,0x87,0xbf,
0x5c,0xbb,0xb8,0x02,0xf2,0xb8,0xb8,0x06,0x01,0x00,0x87,0xbf,0x5c,0x55,0xb8,0x7e,
0xff,0x0f,0x88,0xbf,0x95,0x00,0x13,0xd6,0x5c,0xeb,0xc9,0x03,0x00,0x30,0x80,0xbe,
0x94,0x29,0xb9,0x10,0xff,0x00,0x81,0xbe,0x3d,0xc7,0xba,0xbb,0x81,0x04,0x87,0xbf,
0x01,0xb8,0xba,0x5a,0xc9,0x08,0xa9,0x3c,0x91,0x00,0x87,0xbf,0x5c,0xbb,0xba,0x5a,
0x4e,0x1c,0x5c,0xbd,0x5c,0xbb,0xba,0x5a,0x82,0x83,0x08,0x3e,0x91,0x00,0x87,0xbf,
0x5c,0xbb,0xba,0x5a,0x99,0xaa,0xaa,0xbe,0x5d,0x01,0x08,0xd5,0x94,0xbb,0x02,0x00,
0x01,0x00,0x87,0xbf,0x95,0x04,0x13,0xd6,0x5c,0xbb,0x52,0x06,0x7e,0x00,0x7e,0x8c,
0x26,0x0b,0xb8,0x6a,0x91,0x00,0x87,0xbf,0x96,0x00,0x8b,0xd5,0x5c,0x01,0x00,0x00,
0x00,0x02,0x13,0xd4,0xff,0x2c,0x03,0x00,0x00,0x00,0x20,0x3f,0x91,0x04,0x87,0xbf,
0x00,0x20,0x81,0xbe,0x7e,0x01,0x00,0x8d,0x5c,0x03,0x03,0xd5,0x96,0x2d,0x03,0x00,
0x5d,0x01,0x13,0xd6,0x96,0xe9,0xfd,0x03,0x00,0x00,0x80,0x42,0x12,0x01,0x87,0xbf,
0xff,0xb8,0x28,0x7c,0x50,0xac,0xae,0xc2,0x5c,0xbb,0xb8,0x02,0x91,0x00,0x87,0xbf,
0xff,0xb8,0xb8,0x10,0x3b,0xaa,0xb8,0x3f,0x5c,0x4b,0xb8,0x7e,0xff,0x0f,0x88,0xbf,
0xff,0xb8,0xba,0x10,0xa4,0x4e,0x4b,0x11,0x91,0x00,0x87,0xbf,0x5c,0xbb,0xb8,0x02,
0xf2,0xb8,0xb8,0x06,0x01,0x00,0x87,0xbf,0x5c,0x55,0xb8,0x7e,0xff,0x0f,0x88,0xbf,
0x97,0x00,0x13,0xd6,0x5c,0xeb,0xc9,0x03,0x00,0x30,0x80,0xbe,0x96,0x2d,0xb9,0x10,
0xff,0x00,0x81,0xbe,0x3d,0xc7,0xba,0xbb,0x81,0x04,0x87,0xbf,0x01,0xb8,0xba,0x5a,
0xc9,0x08,0xa9,0x3c,0x91,0x00,0x87,0xbf,0x5c,0xbb,0xba,0x5a,0x4e,0x1c,0x5c,0xbd,
0x5c,0xbb,0xba,0x5a,0x82,0x83,0x08,0x3e,0x91,0x00,0x87,0xbf,0x5c,0xbb,0xba,0x5a,
0x99,0xaa,0xaa,0xbe,0x5d,0x01,0x08,0xd5,0x96,0xbb,0x02,0x00,0x01,0x00,0x87,0xbf,
0x97,0x04,0x13,0xd6,0x5c,0xbb,0x5a,0x06,0x7e,0x00,0x7e,0x8c,0x18,0x0b,0xb8,0x6a,
0x91,0x00,0x87,0xbf,0x98,0x00,0x8b,0xd5,0x5c,0x01,0x00,0x00,0x00,0x02,0x13,0xd4,
0xff,0x30,0x03,0x00,0x00,0x00,0x20,0x3f,0x91,0x04,0x87,0xbf,0x00,0x20,0x81,0xbe,
0x7e,0x01,0x00,0x8d,0x5c,0x03,0x03,0xd5,0x98,0x31,0x03,0x00,0x5d,0x01,0x13,0xd6,
0x98,0xe9,0xfd,0x03,0x00,0x00,0x80,0x42,0x12,0x01,0x87,0xbf,0xff,0xb8,0x28,0x7c,
0x50,0xac,0xae,0xc2,0x5c,0xbb,0xb8,0x02,0x91,0x00,0x87,0xbf,0xff,0xb8,0xb8,0x10,
0x3b,0xaa,0xb8,0x3f,0x5c,0x4b,0xb8,0x7e,0xff,0x0f,0x88,0xbf,0xff,0xb8,0xba,0x10,
0xa4,0x4e,0x4b,0x11,0x91,0x00,0x87,0xbf,0x5c,0xbb,0xb8,0x02,0xf2,0xb8,0xb8,0x06,
0x01,0x00,0x87,0xbf,0x5c,0x55,0xb8,0x7e,0xff,0x0f,0x88,0xbf,0x99,0x00,0x13,0xd6,
0x5c,0xeb,0xc9,0x03,0x00,0x30,0x80,0xbe,0x98,0x31,0xb9,0x10,0xff,0x00,0x81,0xbe,
0x3d,0xc7,0xba,0xbb,0x81,0x04,0x87,0xbf,0x01,0xb8,0xba,0x5a,0xc9,0x08,0xa9,0x3c,
0x91,0x00,0x87,0xbf,0x5c,0xbb,0xba,0x5a,0x4e,0x1c,0x5c,0xbd,0x5c,0xbb,0xba,0x5a,
0x82,0x83,0x08,0x3e,0x91,0x00,0x87,0xbf,0x5c,0xbb,0xba,0x5a,0x99,0xaa,0xaa,0xbe,
0x5d,0x01,0x08,0xd5,0x98,0xbb,0x02,0x00,0x01,0x00,0x87,0xbf,0x99,0x04,0x13,0xd6,
0x5c,0xbb,0x62,0x06,0x7e,0x00,0x7e,0x8c,0x90,0x30,0xb8,0x32,0x91,0x00,0x87,0xbf,
0x5c,0x0b,0xb8,0x6a,0x9a,0x00,0x8b,0xd5,0x5c,0x01,0x00,0x00,0x91,0x00,0x87,0xbf,
0x00,0x02,0x13,0xd4,0xff,0x34,0x03,0x00,0x00,0x00,0x20,0x3f,0x00,0x20,0x81,0xbe,
0x09,0x00,0x87,0xbf,0x7e,0x01,0x00,0x8d,0x5c,0x03,0x03,0xd5,0x9a,0x35,0x03,0x00,
0x5d,0x01,0x13,0xd6,0x9a,0xe9,0xfd,0x03,0x00,0x00,0x80,0x42,0x12,0x01,0x87,0xbf,
0xff,0xb8,0x28,0x7c,0x50,0xac,0xae,0xc2,0x5c,0xbb,0xb8,0x02,0x91,0x00,0x87,0xbf,
0xff,0xb8,0xb8,0x10,0x3b,0xaa,0xb8,0x3f,0x5c,0x4b,0xb8,0x7e,0xff,0x0f,0x88,0xbf,
0xff,0xb8,0xba,0x10,0xa4,0x4e,0x4b,0x11,0x91,0x00,0x87,0xbf,0x5c,0xbb,0xb8,0x02,
0xf2,0xb8,0xb8,0x06,0x01,0x00,0x87,0xbf,0x5c,0x55,0xb8,0x7e,0xff,0x0f,0x88,0xbf,
0x9b,0x00,0x13,0xd6,0x5c,0xeb,0xc9,0x03,0x00,0x30,0x80,0xbe,0x9a,0x35,0xb9,0x10,
0xff,0x00,0x81,0xbe,0x3d,0xc7,0xba,0xbb,0x81,0x04,0x87,0xbf,0x01,0xb8,0xba,0x5a,
0xc9,0x08,0xa9,0x3c,0x91,0x00,0x87,0xbf,0x5c,0xbb,0xba,0x5a,0x4e,0x1c,0x5c,0xbd,
0x5c,0xbb,0xba,0x5a,0x82,0x83,0x08,0x3e,0x91,0x00,0x87,0xbf,0x5c,0xbb,0xba,0x5a,
0x99,0xaa,0xaa,0xbe,0x5d,0x01,0x08,0xd5,0x9a,0xbb,0x02,0x00,0x01,0x00,0x87,0xbf,
0x9b,0x04,0x13,0xd6,0x5c,0xbb,0x6a,0x06,0x7e,0x00,0x7e,0x8c,0x21,0x0b,0xb8,0x6a,
0x91,0x00,0x87,0xbf,0x5c,0x17,0xb8,0x7e,0x00,0x02,0x13,0xd4,0xff,0xb8,0x02,0x00,
0x00,0x00,0x20,0x3f,0x91,0x04,0x87,0xbf,0x00,0x20,0x81,0xbe,0x7e,0x01,0x00,0x8d,
0x5d,0x03,0x03,0xd5,0x5c,0xb9,0x02,0x00,0x5e,0x01,0x13,0xd6,0x5c,0xe9,0xfd,0x03,
0x00,0x00,0x80,0x42,0x12,0x01,0x87,0xbf,0xff,0xba,0x28,0x7c,0x50,0xac,0xae,0xc2,
0x5d,0xbd,0xba,0x02,0x91,0x00,0x87,0xbf,0xff,0xba,0xba,0x10,0x3b,0xaa,0xb8,0x3f,
0x5d,0x4b,0xba,0x7e,0xff,0x0f,0x88,0xbf,0xff,0xba,0xbc,0x10,0xa4,0x4e,0x4b,0x11,
0x91,0x00,0x87,0xbf,0x5d,0xbd,0xba,0x02,0xf2,0xba,0xba,0x06,0x01,0x00,0x87,0xbf,
0x5d,0x55,0xba,0x7e,0xff,0x0f,0x88,0xbf,0x5d,0x00,0x13,0xd6,0x5d,0xeb,0xc9,0x03,
0x00,0x30,0x80,0xbe,0x5c,0xb9,0xba,0x10,0xff,0x00,0x81,0xbe,0x3d,0xc7,0xba,0xbb,
0x81,0x04,0x87,0xbf,0x01,0xba,0xbc,0x5a,0xc9,0x08,0xa9,0x3c,0x91,0x00,0x87,0xbf,
0x5d,0xbd,0xbc,0x5a,0x4e,0x1c,0x5c,0xbd,0x5d,0xbd,0xbc,0x5a,0x82,0x83,0x08,0x3e,
0x91,0x00,0x87,0xbf,0x5d,0xbd,0xbc,0x5a,0x99,0xaa,0xaa,0xbe,0x5e,0x01,0x08,0xd5,
0x5c,0xbd,0x02,0x00,0x01,0x00,0x87,0xbf,0x5d,0x04,0x13,0xd6,0x5d,0xbd,0x72,0x05,
0x7e,0x00,0x7e,0x8c,0x23,0x0b,0xbc,0x6a,0x91,0x00,0x87,0xbf,0x5e,0x17,0xbc,0x7e,
0x00,0x02,0x13,0xd4,0xff,0xbc,0x02,0x00,0x00,0x00,0x20,0x3f,0x91,0x04,0x87,0xbf,
0x00,0x20,0x81,0xbe,0x7e,0x01,0x00,0x8d,0x5f,0x03,0x03,0xd5,0x5e,0xbd,0x02,0x00,
0x60,0x01,0x13,0xd6,0x5e,0xe9,0xfd,0x03,0x00,0x00,0x80,0x42,0x12,0x01,0x87,0xbf,
0xff,0xbe,0x28,0x7c,0x50,0xac,0xae,0xc2,0x5f,0xc1,0xbe,0x02,0x91,0x00,0x87,0xbf,
0xff,0xbe,0xbe,0x10,0x3b,0xaa,0xb8,0x3f,0x5f,0x4b,0xbe,0x7e,0xff,0x0f,0x88,0xbf,
0xff,0xbe,0xc0,0x10,0xa4,0x4e,0x4b,0x11,0x91,0x00,0x87,0xbf,0x5f,0xc1,0xbe,0x02,
0xf2,0xbe,0xbe,0x06,0x01,0x00,0x87,0xbf,0x5f,0x55,0xbe,0x7e,0xff,0x0f,0x88,0xbf,
0x5f,0x00,0x13,0xd6,0x5f,0xeb,0xc9,0x03,0x00,0x30,0x80,0xbe,0x5e,0xbd,0xbe,0x10,
0xff,0x00,0x81,0xbe,0x3d,0xc7,0xba,0xbb,0x81,0x04,0x87,0xbf,0x01,0xbe,0xc0,0x5a,
0xc9,0x08,0xa9,0x3c,0x91,0x00,0x87,0xbf,0x5f,0xc1,0xc0,0x5a,0x4e,0x1c,0x5c,0xbd,
0x5f,0xc1,0xc0,0x5a,0x82,0x83,0x08,0x3e,0x91,0x00,0x87,0xbf,0x5f,0xc1,0xc0,0x5a,
0x99,0xaa,0xaa,0xbe,0x60,0x01,0x08,0xd5,0x5e,0xc1,0x02,0x00,0x01,0x00,0x87,0xbf,
0x5f,0x04,0x13,0xd6,0x5f,0xc1,0x7a,0x05,0x7e,0x00,0x7e,0x8c,0x90,0x46,0xc0,0x32,
0x91,0x00,0x87,0xbf,0x60,0x0b,0xc0,0x6a,0x9c,0x00,0x8b,0xd5,0x60,0x01,0x00,0x00,
0x91,0x00,0x87,0xbf,0x00,0x02,0x13,0xd4,0xff,0x38,0x03,0x00,0x00,0x00,0x20,0x3f,
0x00,0x20,0x81,0xbe,0x09,0x00,0x87,0xbf,0x7e,0x01,0x00,0x8d,0x60,0x03,0x03,0xd5,
0x9c,0x39,0x03,0x00,0x61,0x01,0x13,0xd6,0x9c,0xe9,0xfd,0x03,0x00,0x00,0x80,0x42,
0x12,0x01,0x87,0xbf,0xff,0xc0,0x28,0x7c,0x50,0xac,0xae,0xc2,0x60,0xc3,0xc0,0x02,
0x91,0x00,0x87,0xbf,0xff,0xc0,0xc0,0x10,0x3b,0xaa,0xb8,0x3f,0x60,0x4b,0xc0,0x7e,
0xff,0x0f,0x88,0xbf,0xff,0xc0,0xc2,0x10,0xa4,0x4e,0x4b,0x11,0x91,0x00,0x87,0xbf,
0x60,0xc3,0xc0,0x02,0xf2,0xc0,0xc0,0x06,0x01,0x00,0x87,0xbf,0x60,0x55,0xc0,0x7e,
0xff,0x0f,0x88,0xbf,0x9d,0x00,0x13,0xd6,0x60,0xeb,0xc9,0x03,0x00,0x30,0x80,0xbe,
0x9c,0x39,0xc1,0x10,0xff,0x00,0x81,0xbe,0x3d,0xc7,0xba,0xbb,0x81,0x04,0x87,0xbf,
0x01,0xc0,0xc2,0x5a,0xc9,0x08,0xa9,0x3c,0x91,0x00,0x87,0xbf,0x60,0xc3,0xc2,0x5a,
0x4e,0x1c,0x5c,0xbd,0x60,0xc3,0xc2,0x5a,0x82,0x83,0x08,0x3e,0x91,0x00,0x87,0xbf,
0x60,0xc3,0xc2,0x5a,0x99,0xaa,0xaa,0xbe,0x61,0x01,0x08,0xd5,0x9c,0xc3,0x02,0x00,
0x01,0x00,0x87,0xbf,0x9d,0x04,0x13,0xd6,0x60,0xc3,0x72,0x06,0x7e,0x00,0x7e,0x8c,
0x19,0x0b,0xc0,0x6a,0x91,0x00,0x87,0xbf,0x9e,0x00,0x8b,0xd5,0x60,0x01,0x00,0x00,
0x00,0x02,0x13,0xd4,0xff,0x3c,0x03,0x00,0x00,0x00,0x20,0x3f,0x91,0x04,0x87,0xbf,
0x00,0x20,0x81,0xbe,0x7e,0x01,0x00,0x8d,0x60,0x03,0x03,0xd5,0x9e,0x3d,0x03,0x00,
0x61,0x01,0x13,0xd6,0x9e,0xe9,0xfd,0x03,0x00,0x00,0x80,0x42,0x12,0x01,0x87,0xbf,
0xff,0xc0,0x28,0x7c,0x50,0xac,0xae,0xc2,0x60,0xc3,0xc0,0x02,0x91,0x00,0x87,0xbf,
0xff,0xc0,0xc0,0x10,0x3b,0xaa,0xb8,0x3f,0x60,0x4b,0xc0,0x7e,0xff,0x0f,0x88,0xbf,
0xff,0xc0,0xc2,0x10,0xa4,0x4e,0x4b,0x11,0x91,0x00,0x87,0xbf,0x60,0xc3,0xc0,0x02,
0xf2,0xc0,0xc0,0x06,0x01,0x00,0x87,0xbf,0x60,0x55,0xc0,0x7e,0xff,0x0f,0x88,0xbf,
0x9f,0x00,0x13,0xd6,0x60,0xeb,0xc9,0x03,0x00,0x30,0x80,0xbe,0x9e,0x3d,0xc1,0x10,
0xff,0x00,0x81,0xbe,0x3d,0xc7,0xba,0xbb,0x81,0x04,0x87,0xbf,0x01,0xc0,0xc2,0x5a,
0xc9,0x08,0xa9,0x3c,0x91,0x00,0x87,0xbf,0x60,0xc3,0xc2,0x5a,0x4e,0x1c,0x5c,0xbd,
0x60,0xc3,0xc2,0x5a,0x82,0x83,0x08,0x3e,0x91,0x00,0x87,0xbf,0x60,0xc3,0xc2,0x5a,
0x99,0xaa,0xaa,0xbe,0x61,0x01,0x08,0xd5,0x9e,0xc3,0x02,0x00,0x01,0x00,0x87,0xbf,
0x9f,0x04,0x13,0xd6,0x60,0xc3,0x7a,0x06,0x7e,0x00,0x7e,0x8c,0x1c,0x0b,0xc0,0x6a,
0x91,0x00,0x87,0xbf,0xa0,0x00,0x8b,0xd5,0x60,0x01,0x00,0x00,0x00,0x02,0x13,0xd4,
0xff,0x40,0x03,0x00,0x00,0x00,0x20,0x3f,0x91,0x04,0x87,0xbf,0x00,0x20,0x81,0xbe,
0x7e,0x01,0x00,0x8d,0x60,0x03,0x03,0xd5,0xa0,0x41,0x03,0x00,0x61,0x01,0x13,0xd6,
0xa0,0xe9,0xfd,0x03,0x00,0x00,0x80,0x42,0x12,0x01,0x87,0xbf,0xff,0xc0,0x28,0x7c,
0x50,0xac,0xae,0xc2,0x60,0xc3,0xc0,0x02,0x91,0x00,0x87,0xbf,0xff,0xc0,0xc0,0x10,
0x3b,0xaa,0xb8,0x3f,0x60,0x4b,0xc0,0x7e,0xff,0x0f,0x88,0xbf,0xff,0xc0,0xc2,0x10,
0xa4,0x4e,0x4b,0x11,0x91,0x00,0x87,0xbf,0x60,0xc3,0xc0,0x02,0xf2,0xc0,0xc0,0x06,
0x01,0x00,0x87,0xbf,0x60,0x55,0xc0,0x7e,0xff,0x0f,0x88,0xbf,0xa1,0x00,0x13,0xd6,
0x60,0xeb,0xc9,0x03,0x00,0x30,0x80,0xbe,0xa0,0x41,0xc1,0x10,0xff,0x00,0x81,0xbe,
0x3d,0xc7,0xba,0xbb,0x81,0x04,0x87,0xbf,0x01,0xc0,0xc2,0x5a,0xc9,0x08,0xa9,0x3c,
0x91,0x00,0x87,0xbf,0x60,0xc3,0xc2,0x5a,0x4e,0x1c,0x5c,0xbd,0x60,0xc3,0xc2,0x5a,
0x82,0x83,0x08,0x3e,0x91,0x00,0x87,0xbf,0x60,0xc3,0xc2,0x5a,0x99,0xaa,0xaa,0xbe,
0x61,0x01,0x08,0xd5,0xa0,0xc3,0x02,0x00,0x01,0x00,0x87,0xbf,0xa1,0x04,0x13,0xd6,
0x60,0xc3,0x82,0x06,0x7e,0x00,0x7e,0x8c,0x1e,0x0b,0xc0,0x6a,0x91,0x00,0x87,0xbf,
0xa2,0x00,0x8b,0xd5,0x60,0x01,0x00,0x00,0x00,0x02,0x13,0xd4,0xff,0x44,0x03,0x00,
0x00,0x00,0x20,0x3f,0x91,0x04,0x87,0xbf,0x00,0x20,0x81,0xbe,0x7e,0x01,0x00,0x8d,
0x60,0x03,0x03,0xd5,0xa2,0x45,0x03,0x00,0x61,0x01,0x13,0xd6,0xa2,0xe9,0xfd,0x03,
0x00,0x00,0x80,0x42,0x12,0x01,0x87,0xbf,0xff,0xc0,0x28,0x7c,0x50,0xac,0xae,0xc2,
0x60,0xc3,0xc0,0x02,0x91,0x00,0x87,0xbf,0xff,0xc0,0xc0,0x10,0x3b,0xaa,0xb8,0x3f,
0x60,0x4b,0xc0,0x7e,0xff,0x0f,0x88,0xbf,0xff,0xc0,0xc2,0x10,0xa4,0x4e,0x4b,0x11,
0x91,0x00,0x87,0xbf,0x60,0xc3,0xc0,0x02,0xf2,0xc0,0xc0,0x06,0x01,0x00,0x87,0xbf,
0x60,0x55,0xc0,0x7e,0xff,0x0f,0x88,0xbf,0xa3,0x00,0x13,0xd6,0x60,0xeb,0xc9,0x03,
0x00,0x30,0x80,0xbe,0xa2,0x45,0xc1,0x10,0xff,0x00,0x81,0xbe,0x3d,0xc7,0xba,0xbb,
0x81,0x04,0x87,0xbf,0x01,0xc0,0xc2,0x5a,0xc9,0x08,0xa9,0x3c,0x91,0x00,0x87,0xbf,
0x60,0xc3,0xc2,0x5a,0x4e,0x1c,0x5c,0xbd,0x60,0xc3,0xc2,0x5a,0x82,0x83,0x08,0x3e,
0x91,0x00,0x87,0xbf,0x60,0xc3,0xc2,0x5a,0x99,0xaa,0xaa,0xbe,0x61,0x01,0x08,0xd5,
0xa2,0xc3,0x02,0x00,0x01,0x00,0x87,0xbf,0xa3,0x04,0x13,0xd6,0x60,0xc3,0x8a,0x06,
0x7e,0x00,0x7e,0x8c,0x10,0x0b,0xc0,0x6a,0x91,0x00,0x87,0xbf,0xa4,0x00,0x8b,0xd5,
0x60,0x01,0x00,0x00,0x00,0x02,0x13,0xd4,0xff,0x48,0x03,0x00,0x00,0x00,0x20,0x3f,
0x91,0x04,0x87,0xbf,0x00,0x20,0x81,0xbe,0x7e,0x01,0x00,0x8d,0x60,0x03,0x03,0xd5,
0xa4,0x49,0x03,0x00,0x61,0x01,0x13,0xd6,0xa4,0xe9,0xfd,0x03,0x00,0x00,0x80,0x42,
0x12,0x01,0x87,0xbf,0xff,0xc0,0x28,0x7c,0x50,0xac,0xae,0xc2,0x60,0xc3,0xc0,0x02,
0x91,0x00,0x87,0xbf,0xff,0xc0,0xc0,0x10,0x3b,0xaa,0xb8,0x3f,0x60,0x4b,0xc0,0x7e,
0xff,0x0f,0x88,0xbf,0xff,0xc0,0xc2,0x10,0xa4,0x4e,0x4b,0x11,0x91,0x00,0x87,0xbf,
0x60,0xc3,0xc0,0x02,0xf2,0xc0,0xc0,0x06,0x01,0x00,0x87,0xbf,0x60,0x55,0xc0,0x7e,
0xff,0x0f,0x88,0xbf,0xa5,0x00,0x13,0xd6,0x60,0xeb,0xc9,0x03,0x00,0x30,0x80,0xbe,
0xa4,0x49,0xc1,0x10,0xff,0x00,0x81,0xbe,0x3d,0xc7,0xba,0xbb,0x81,0x04,0x87,0xbf,
0x01,0xc0,0xc2,0x5a,0xc9,0x08,0xa9,0x3c,0x91,0x00,0x87,0xbf,0x60,0xc3,0xc2,0x5a,
0x4e,0x1c,0x5c,0xbd,0x60,0xc3,0xc2,0x5a,0x82,0x83,0x08,0x3e,0x91,0x00,0x87,0xbf,
0x60,0xc3,0xc2,0x5a,0x99,0xaa,0xaa,0xbe,0x61,0x01,0x08,0xd5,0xa4,0xc3,0x02,0x00,
0x01,0x00,0x87,0xbf,0xa5,0x04,0x13,0xd6,0x60,0xc3,0x92,0x06,0x7e,0x00,0x7e,0x8c,
0x90,0x20,0xc0,0x32,0x91,0x00,0x87,0xbf,0x60,0x0b,0xc0,0x6a,0xa6,0x00,0x8b,0xd5,
0x60,0x01,0x00,0x00,0x91,0x00,0x87,0xbf,0x00,0x02,0x13,0xd4,0xff,0x4c,0x03,0x00,
0x00,0x00,0x20,0x3f,0x00,0x20,0x81,0xbe,0x09,0x00,0x87,0xbf,0x7e,0x01,0x00,0x8d,
0x60,0x03,0x03,0xd5,0xa6,0x4d,0x03,0x00,0x61,0x01,0x13,0xd6,0xa6,0xe9,0xfd,0x03,
0x00,0x00,0x80,0x42,0x12,0x01,0x87,0xbf,0xff,0xc0,0x28,0x7c,0x50,0xac,0xae,0xc2,
0x60,0xc3,0xc0,0x02,0x91,0x00,0x87,0xbf,0xff,0xc0,0xc0,0x10,0x3b,0xaa,0xb8,0x3f,
0x60,0x4b,0xc0,0x7e,0xff,0x0f,0x88,0xbf,0xff,0xc0,0xc2,0x10,0xa4,0x4e,0x4b,0x11,
0x91,0x00,0x87,0xbf,0x60,0xc3,0xc0,0x02,0xf2,0xc0,0xc0,0x06,0x01,0x00,0x87,0xbf,
0x60,0x55,0xc0,0x7e,0xff,0x0f,0x88,0xbf,0xa7,0x00,0x13,0xd6,0x60,0xeb,0xc9,0x03,
0x00,0x30,0x80,0xbe,0xa6,0x4d,0xc1,0x10,0xff,0x00,0x81,0xbe,0x3d,0xc7,0xba,0xbb,
0x81,0x04,0x87,0xbf,0x01,0xc0,0xc2,0x5a,0xc9,0x08,0xa9,0x3c,0x91,0x00,0x87,0xbf,
0x60,0xc3,0xc2,0x5a,0x4e,0x1c,0x5c,0xbd,0x60,0xc3,0xc2,0x5a,0x82,0x83,0x08,0x3e,
0x91,0x00,0x87,0xbf,0x60,0xc3,0xc2,0x5a,0x99,0xaa,0xaa,0xbe,0x61,0x01,0x08,0xd5,
0xa6,0xc3,0x02,0x00,0x01,0x00,0x87,0xbf,0xa7,0x04,0x13,0xd6,0x60,0xc3,0x9a,0x06,
0x7e,0x00,0x7e,0x8c,0x1a,0x0b,0xc0,0x6a,0x91,0x00,0x87,0xbf,0x60,0x17,0xc0,0x7e,
0x00,0x02,0x13,0xd4,0xff,0xc0,0x02,0x00,0x00,0x00,0x20,0x3f,0x91,0x04,0x87,0xbf,
0x00,0x20,0x81,0xbe,0x7e,0x01,0x00,0x8d,0x61,0x03,0x03,0xd5,0x60,0xc1,0x02,0x00,
0x62,0x01,0x13,0xd6,0x60,0xe9,0xfd,0x03,0x00,0x00,0x80,0x42,0x12,0x01,0x87,0xbf,
0xff,0xc2,0x28,0x7c,0x50,0xac,0xae,0xc2,0x61,0xc5,0xc2,0x02,0x91,0x00,0x87,0xbf,
0xff,0xc2,0xc2,0x10,0x3b,0xaa,0xb8,0x3f,0x61,0x4b,0xc2,0x7e,0xff,0x0f,0x88,0xbf,
0xff,0xc2,0xc4,0x10,0xa4,0x4e,0x4b,0x11,0x91,0x00,0x87,0xbf,0x61,0xc5,0xc2,0x02,
0xf2,0xc2,0xc2,0x06,0x01,0x00,0x87,0xbf,0x61,0x55,0xc2,0x7e,0xff,0x0f,0x88,0xbf,
0x61,0x00,0x13,0xd6,0x61,0xeb,0xc9,0x03,0x00,0x30,0x80,0xbe,0x60,0xc1,0xc2,0x10,
0xff,0x00,0x81,0xbe,0x3d,0xc7,0xba,0xbb,0x81,0x04,0x87,0xbf,0x01,0xc2,0xc4,0x5a,
0xc9,0x08,0xa9,0x3c,0x91,0x00,0x87,0xbf,0x61,0xc5,0xc4,0x5a,0x4e,0x1c,0x5c,0xbd,
0x61,0xc5,0xc4,0x5a,0x82,0x83,0x08,0x3e,0x91,0x00,0x87,0xbf,0x61,0xc5,0xc4,0x5a,
0x99,0xaa,0xaa,0xbe,0x62,0x01,0x08,0xd5,0x60,0xc5,0x02,0x00,0x01,0x00,0x87,0xbf,
0x61,0x04,0x13,0xd6,0x61,0xc5,0x82,0x05,0x7e,0x00,0x7e,0x8c,0x1b,0x0b,0xc4,0x6a,
0x91,0x00,0x87,0xbf,0x62,0x17,0xc4,0x7e,0x00,0x02,0x13,0xd4,0xff,0xc4,0x02,0x00,
0x00,0x00,0x20,0x3f,0x91,0x04,0x87,0xbf,0x00,0x20,0x81,0xbe,0x7e,0x01,0x00,0x8d,
0x66,0x03,0x03,0xd5,0x62,0xc5,0x02,0x00,0x68,0x01,0x13,0xd6,0x62,0xe9,0xfd,0x03,
0x00,0x00,0x80,0x42,0x12,0x01,0x87,0xbf,0xff,0xcc,0x28,0x7c,0x50,0xac,0xae,0xc2,
0x66,0xd1,0xcc,0x02,0x91,0x00,0x87,0xbf,0xff,0xcc,0xcc,0x10,0x3b,0xaa,0xb8,0x3f,
0x66,0x4b,0xcc,0x7e,0xff,0x0f,0x88,0xbf,0xff,0xcc,0xd0,0x10,0xa4,0x4e,0x4b,0x11,
0x91,0x00,0x87,0xbf,0x66,0xd1,0xcc,0x02,0xf2,0xcc,0xcc,0x06,0x01,0x00,0x87,0xbf,
0x66,0x55,0xcc,0x7e,0xff,0x0f,0x88,0xbf,0x66,0x00,0x13,0xd6,0x66,0xeb,0xc9,0x03,
0x00,0x30,0x80,0xbe,0x62,0xc5,0xcc,0x10,0xff,0x00,0x81,0xbe,0x3d,0xc7,0xba,0xbb,
0x81,0x04,0x87,0xbf,0x01,0xcc,0xd0,0x5a,0xc9,0x08,0xa9,0x3c,0x91,0x00,0x87,0xbf,
0x66,0xd1,0xd0,0x5a,0x4e,0x1c,0x5c,0xbd,0x66,0xd1,0xd0,0x5a,0x82,0x83,0x08,0x3e,
0x91,0x00,0x87,0xbf,0x66,0xd1,0xd0,0x5a,0x99,0xaa,0xaa,0xbe,0x68,0x01,0x08,0xd5,
0x62,0xd1,0x02,0x00,0x01,0x00,0x87,0xbf,0x66,0x04,0x13,0xd6,0x66,0xd1,0x8a,0x05,
0x7e,0x00,0x7e,0x8c,0x90,0x36,0xd0,0x32,0x91,0x00,0x87,0xbf,0x68,0x0b,0xd0,0x6a,
0xa8,0x00,0x8b,0xd5,0x68,0x01,0x00,0x00,0x91,0x00,0x87,0xbf,0x00,0x02,0x13,0xd4,
0xff,0x50,0x03,0x00,0x00,0x00,0x20,0x3f,0x00,0x20,0x81,0xbe,0x09,0x00,0x87,0xbf,
0x7e,0x01,0x00,0x8d,0x68,0x03,0x03,0xd5,0xa8,0x51,0x03,0x00,0x69,0x01,0x13,0xd6,
0xa8,0xe9,0xfd,0x03,0x00,0x00,0x80,0x42,0x12,0x01,0x87,0xbf,0xff,0xd0,0x28,0x7c,
0x50,0xac,0xae,0xc2,0x68,0xd3,0xd0,0x02,0x91,0x00,0x87,0xbf,0xff,0xd0,0xd0,0x10,
0x3b,0xaa,0xb8,0x3f,0x68,0x4b,0xd0,0x7e,0xff,0x0f,0x88,0xbf,0xff,0xd0,0xd2,0x10,
0xa4,0x4e,0x4b,0x11,0x91,0x00,0x87,0xbf,0x68,0xd3,0xd0,0x02,0xf2,0xd0,0xd0,0x06,
0x01,0x00,0x87,0xbf,0x68,0x55,0xd0,0x7e,0xff,0x0f,0x88,0xbf,0xa9,0x00,0x13,0xd6,
0x68,0xeb,0xc9,0x03,0x00,0x30,0x80,0xbe,0xa8,0x51,0xd1,0x10,0xff,0x00,0x81,0xbe,
0x3d,0xc7,0xba,0xbb,0x81,0x04,0x87,0xbf,0x01,0xd0,0xd2,0x5a,0xc9,0x08,0xa9,0x3c,
0x91,0x00,0x87,0xbf,0x68,0xd3,0xd2,0x5a,0x4e,0x1c,0x5c,0xbd,0x68,0xd3,0xd2,0x5a,
0x82,0x83,0x08,0x3e,0x91,0x00,0x87,0xbf,0x68,0xd3,0xd2,0x5a,0x99,0xaa,0xaa,0xbe,
0x69,0x01,0x08,0xd5,0xa8,0xd3,0x02,0x00,0x01,0x00,0x87,0xbf,0xa9,0x04,0x13,0xd6,
0x68,0xd3,0xa2,0x06,0x7e,0x00,0x7e,0x8c,0x11,0x0b,0xd0,0x6a,0x91,0x00,0x87,0xbf,
0xaa,0x00,0x8b,0xd5,0x68,0x01,0x00,0x00,0x00,0x02,0x13,0xd4,0xff,0x54,0x03,0x00,
0x00,0x00,0x20,0x3f,0x91,0x04,0x87,0xbf,0x00,0x20,0x81,0xbe,0x7e,0x01,0x00,0x8d,
0x68,0x03,0x03,0xd5,0xaa,0x55,0x03,0x00,0x69,0x01,0x13,0xd6,0xaa,0xe9,0xfd,0x03,
0x00,0x00,0x80,0x42,0x12,0x01,0x87,0xbf,0xff,0xd0,0x28,0x7c,0x50,0xac,0xae,0xc2,
0x68,0xd3,0xd0,0x02,0x91,0x00,0x87,0xbf,0xff,0xd0,0xd0,0x10,0x3b,0xaa,0xb8,0x3f,
0x68,0x4b,0xd0,0x7e,0xff,0x0f,0x88,0xbf,0xff,0xd0,0xd2,0x10,0xa4,0x4e,0x4b,0x11,
0x91,0x00,0x87,0xbf,0x68,0xd3,0xd0,0x02,0xf2,0xd0,0xd0,0x06,0x01,0x00,0x87,0xbf,
0x68,0x55,0xd0,0x7e,0xff,0x0f,0x88,0xbf,0xab,0x00,0x13,0xd6,0x68,0xeb,0xc9,0x03,
0x00,0x30,0x80,0xbe,0xaa,0x55,0xd1,0x10,0xff,0x00,0x81,0xbe,0x3d,0xc7,0xba,0xbb,
0x81,0x04,0x87,0xbf,0x01,0xd0,0xd2,0x5a,0xc9,0x08,0xa9,0x3c,0x91,0x00,0x87,0xbf,
0x68,0xd3,0xd2,0x5a,0x4e,0x1c,0x5c,0xbd,0x68,0xd3,0xd2,0x5a,0x82,0x83,0x08,0x3e,
0x91,0x00,0x87,0xbf,0x68,0xd3,0xd2,0x5a,0x99,0xaa,0xaa,0xbe,0x69,0x01,0x08,0xd5,
0xaa,0xd3,0x02,0x00,0x01,0x00,0x87,0xbf,0xab,0x04,0x13,0xd6,0x68,0xd3,0xaa,0x06,
0x7e,0x00,0x7e,0x8c,0x14,0x0b,0xd0,0x6a,0x91,0x00,0x87,0xbf,0xac,0x00,0x8b,0xd5,
0x68,0x01,0x00,0x00,0x00,0x02,0x13,0xd4,0xff,0x58,0x03,0x00,0x00,0x00,0x20,0x3f,
0x91,0x04,0x87,0xbf,0x00,0x20,0x81,0xbe,0x7e,0x01,0x00,0x8d,0x68,0x03,0x03,0xd5,
0xac,0x59,0x03,0x00,0x69,0x01,0x13,0xd6,0xac,0xe9,0xfd,0x03,0x00,0x00,0x80,0x42,
0x12,0x01,0x87,0xbf,0xff,0xd0,0x28,0x7c,0x50,0xac,0xae,0xc2,0x68,0xd3,0xd0,0x02,
0x91,0x00,0x87,0xbf,0xff,0xd0,0xd0,0x10,0x3b,0xaa,0xb8,0x3f,0x68,0x4b,0xd0,0x7e,
0xff,0x0f,0x88,0xbf,0xff,0xd0,0xd2,0x10,0xa4,0x4e,0x4b,0x11,0x91,0x00,0x87,0xbf,
0x68,0xd3,0xd0,0x02,0xf2,0xd0,0xd0,0x06,0x01,0x00,0x87,0xbf,0x68,0x55,0xd0,0x7e,
0xff,0x0f,0x88,0xbf,0xad,0x00,0x13,0xd6,0x68,0xeb,0xc9,0x03,0x00,0x30,0x80,0xbe,
0xac,0x59,0xd1,0x10,0xff,0x00,0x81,0xbe,0x3d,0xc7,0xba,0xbb,0x81,0x04,0x87,0xbf,
0x01,0xd0,0xd2,0x5a,0xc9,0x08,0xa9,0x3c,0x91,0x00,0x87,0xbf,0x68,0xd3,0xd2,0x5a,
0x4e,0x1c,0x5c,0xbd,0x68,0xd3,0xd2,0x5a,0x82,0x83,0x08,0x3e,0x91,0x00,0x87,0xbf,
0x68,0xd3,0xd2,0x5a,0x99,0xaa,0xaa,0xbe,0x69,0x01,0x08,0xd5,0xac,0xd3,0x02,0x00,
0x01,0x00,0x87,0xbf,0xad,0x04,0x13,0xd6,0x68,0xd3,0xb2,0x06,0x7e,0x00,0x7e,0x8c,
0x16,0x0b,0xd0,0x6a,0x91,0x00,0x87,0xbf,0xae,0x00,0x8b,0xd5,0x68,0x01,0x00,0x00,
0x00,0x02,0x13,0xd4,0xff,0x5c,0x03,0x00,0x00,0x00,0x20,0x3f,0x91,0x04,0x87,0xbf,
0x00,0x20,0x81,0xbe,0x7e,0x01,0x00,0x8d,0x68,0x03,0x03,0xd5,0xae,0x5d,0x03,0x00,
0x69,0x01,0x13,0xd6,0xae,0xe9,0xfd,0x03,0x00,0x00,0x80,0x42,0x12,0x01,0x87,0xbf,
0xff,0xd0,0x28,0x7c,0x50,0xac,0xae,0xc2,0x68,0xd3,0xd0,0x02,0x91,0x00,0x87,0xbf,
0xff,0xd0,0xd0,0x10,0x3b,0xaa,0xb8,0x3f,0x68,0x4b,0xd0,0x7e,0xff,0x0f,0x88,0xbf,
0xff,0xd0,0xd2,0x10,0xa4,0x4e,0x4b,0x11,0x91,0x00,0x87,0xbf,0x68,0xd3,0xd0,0x02,
0xf2,0xd0,0xd0,0x06,0x01,0x00,0x87,0xbf,0x68,0x55,0xd0,0x7e,0xff,0x0f,0x88,0xbf,
0xaf,0x00,0x13,0xd6,0x68,0xeb,0xc9,0x03,0x00,0x30,0x80,0xbe,0xae,0x5d,0xd1,0x10,
0xff,0x00,0x81,0xbe,0x3d,0xc7,0xba,0xbb,0x81,0x04,0x87,0xbf,0x01,0xd0,0xd2,0x5a,
0xc9,0x08,0xa9,0x3c,0x91,0x00,0x87,0xbf,0x68,0xd3,0xd2,0x5a,0x4e,0x1c,0x5c,0xbd,
0x68,0xd3,0xd2,0x5a,0x82,0x83,0x08,0x3e,0x91,0x00,0x87,0xbf,0x68,0xd3,0xd2,0x5a,
0x99,0xaa,0xaa,0xbe,0x69,0x01,0x08,0xd5,0xae,0xd3,0x02,0x00,0x01,0x00,0x87,0xbf,
0xaf,0x04,0x13,0xd6,0x68,0xd3,0xba,0x06,0x7e,0x00,0x7e,0x8c,0x08,0x0b,0xd0,0x6a,
0x91,0x00,0x87,0xbf,0xb0,0x00,0x8b,0xd5,0x68,0x01,0x00,0x00,0x00,0x02,0x13,0xd4,
0xff,0x60,0x03,0x00,0x00,0x00,0x20,0x3f,0x91,0x04,0x87,0xbf,0x00,0x20,0x81,0xbe,
0x7e,0x01,0x00,0x8d,0x68,0x03,0x03,0xd5,0xb0,0x61,0x03,0x00,0x69,0x01,0x13,0xd6,
0xb0,0xe9,0xfd,0x03,0x00,0x00,0x80,0x42,0x12,0x01,0x87,0xbf,0xff,0xd0,0x28,0x7c,
0x50,0xac,0xae,0xc2,0x68,0xd3,0xd0,0x02,0x91,0x00,0x87,0xbf,0xff,0xd0,0xd0,0x10,
0x3b,0xaa,0xb8,0x3f,0x68,0x4b,0xd0,0x7e,0xff,0x0f,0x88,0xbf,0xff,0xd0,0xd2,0x10,
0xa4,0x4e,0x4b,0x11,0x91,0x00,0x87,0xbf,0x68,0xd3,0xd0,0x02,0xf2,0xd0,0xd0,0x06,
0x01,0x00,0x87,0xbf,0x68,0x55,0xd0,0x7e,0xff,0x0f,0x88,0xbf,0xb1,0x00,0x13,0xd6,
0x68,0xeb,0xc9,0x03,0x00,0x30,0x80,0xbe,0xb0,0x61,0xd1,0x10,0xff,0x00,0x81,0xbe,
0x3d,0xc7,0xba,0xbb,0x81,0x04,0x87,0xbf,0x01,0xd0,0xd2,0x5a,0xc9,0x08,0xa9,0x3c,
0x91,0x00,0x87,0xbf,0x68,0xd3,0xd2,0x5a,0x4e,0x1c,0x5c,0xbd,0x68,0xd3,0xd2,0x5a,
0x82,0x83,0x08,0x3e,0x91,0x00,0x87,0xbf,0x68,0xd3,0xd2,0x5a,0x99,0xaa,0xaa,0xbe,
0x69,0x01,0x08,0xd5,0xb0,0xd3,0x02,0x00,0x01,0x00,0x87,0xbf,0xb1,0x04,0x13,0xd6,
0x68,0xd3,0xc2,0x06,0x7e,0x00,0x7e,0x8c,0x90,0x10,0xd0,0x32,0x91,0x00,0x87,0xbf,
0x68,0x0b,0xd0,0x6a,0xb2,0x00,0x8b,0xd5,0x68,0x01,0x00,0x00,0x91,0x00,0x87,0xbf,
0x00,0x02,0x13,0xd4,0xff,0x64,0x03,0x00,0x00,0x00,0x20,0x3f,0x00,0x20,0x81,0xbe,
0x09,0x00,0x87,0xbf,0x7e,0x01,0x00,0x8d,0x68,0x03,0x03,0xd5,0xb2,0x65,0x03,0x00,
0x69,0x01,0x13,0xd6,0xb2,0xe9,0xfd,0x03,0x00,0x00,0x80,0x42,0x12,0x01,0x87,0xbf,
0xff,0xd0,0x28,0x7c,0x50,0xac,0xae,0xc2,0x68,0xd3,0xd0,0x02,0x91,0x00,0x87,0xbf,
0xff,0xd0,0xd0,0x10,0x3b,0xaa,0xb8,0x3f,0x68,0x4b,0xd0,0x7e,0xff,0x0f,0x88,0xbf,
0xff,0xd0,0xd2,0x10,0xa4,0x4e,0x4b,0x11,0x91,0x00,0x87,0xbf,0x68,0xd3,0xd0,0x02,
0xf2,0xd0,0xd0,0x06,0x01,0x00,0x87,0xbf,0x68,0x55,0xd0,0x7e,0xff,0x0f,0x88,0xbf,
0xb3,0x00,0x13,0xd6,0x68,0xeb,0xc9,0x03,0x00,0x30,0x80,0xbe,0xb2,0x65,0xd1,0x10,
0xff,0x00,0x81,0xbe,0x3d,0xc7,0xba,0xbb,0x81,0x04,0x87,0xbf,0x01,0xd0,0xd2,0x5a,
0xc9,0x08,0xa9,0x3c,0x91,0x00,0x87,0xbf,0x68,0xd3,0xd2,0x5a,0x4e,0x1c,0x5c,0xbd,
0x68,0xd3,0xd2,0x5a,0x82,0x83,0x08,0x3e,0x91,0x00,0x87,0xbf,0x68,0xd3,0xd2,0x5a,
0x99,0xaa,0xaa,0xbe,0x69,0x01,0x08,0xd5,0xb2,0xd3,0x02,0x00,0x01,0x00,0x87,0xbf,
0xb3,0x04,0x13,0xd6,0x68,0xd3,0xca,0x06,0x7e,0x00,0x7e,0x8c,0x12,0x0b,0xd0,0x6a,
0x91,0x00,0x87,0xbf,0x68,0x17,0xd0,0x7e,0x00,0x02,0x13,0xd4,0xff,0xd0,0x02,0x00,
0x00,0x00,0x20,0x3f,0x91,0x04,0x87,0xbf,0x00,0x20,0x81,0xbe,0x7e,0x01,0x00,0x8d,
0x69,0x03,0x03,0xd5,0x68,0xd1,0x02,0x00,0x72,0x01,0x13,0xd6,0x68,0xe9,0xfd,0x03,
0x00,0x00,0x80,0x42,0x12,0x01,0x87,0xbf,0xff,0xd2,0x28,0x7c,0x50,0xac,0xae,0xc2,
0x69,0xe5,0xd2,0x02,0x91,0x00,0x87,0xbf,0xff,0xd2,0xd2,0x10,0x3b,0xaa,0xb8,0x3f,
0x69,0x4b,0xd2,0x7e,0xff,0x0f,0x88,0xbf,0xff,0xd2,0xe4,0x10,0xa4,0x4e,0x4b,0x11,
0x91,0x00,0x87,0xbf,0x69,0xe5,0xd2,0x02,0xf2,0xd2,0xd2,0x06,0x01,0x00,0x87,0xbf,
0x69,0x55,0xd2,0x7e,0xff,0x0f,0x88,0xbf,0x69,0x00,0x13,0xd6,0x69,0xeb,0xc9,0x03,
0x00,0x30,0x80,0xbe,0x68,0xd1,0xd2,0x10,0xff,0x00,0x81,0xbe,0x3d,0xc7,0xba,0xbb,
0x81,0x04,0x87,0xbf,0x01,0xd2,0xe4,0x5a,0xc9,0x08,0xa9,0x3c,0x91,0x00,0x87,0xbf,
0x69,0xe5,0xe4,0x5a,0x4e,0x1c,0x5c,0xbd,0x69,0xe5,0xe4,0x5a,0x82,0x83,0x08,0x3e,
0x91,0x00,0x87,0xbf,0x69,0xe5,0xe4,0x5a,0x99,0xaa,0xaa,0xbe,0x72,0x01,0x08,0xd5,
0x68,0xe5,0x02,0x00,0x01,0x00,0x87,0xbf,0x69,0x04,0x13,0xd6,0x69,0xe5,0xa2,0x05,
0x7e,0x00,0x7e,0x8c,0x13,0x0b,0xe4,0x6a,0x91,0x00,0x87,0xbf,0x72,0x17,0xe4,0x7e,
0x00,0x02,0x13,0xd4,0xff,0xe4,0x02,0x00,0x00,0x00,0x20,0x3f,0x91,0x04,0x87,0xbf,
0x00,0x20,0x81,0xbe,0x7e,0x01,0x00,0x8d,0x73,0x03,0x03,0xd5,0x72,0xe5,0x02,0x00,
0x74,0x01,0x13,0xd6,0x72,0xe9,0xfd,0x03,0x00,0x00,0x80,0x42,0x12,0x01,0x87,0xbf,
0xff,0xe6,0x28,0x7c,0x50,0xac,0xae,0xc2,0x73,0xe9,0xe6,0x02,0x91,0x00,0x87,0xbf,
0xff,0xe6,0xe6,0x10,0x3b,0xaa,0xb8,0x3f,0x73,0x4b,0xe6,0x7e,0xff,0x0f,0x88,0xbf,
0xff,0xe6,0xe8,0x10,0xa4,0x4e,0x4b,0x11,0x91,0x00,0x87,0xbf,0x73,0xe9,0xe6,0x02,
0xf2,0xe6,0xe6,0x06,0x01,0x00,0x87,0xbf,0x73,0x55,0xe6,0x7e,0xff,0x0f,0x88,0xbf,
0x73,0x00,0x13,0xd6,0x73,0xeb,0xc9,0x03,0x00,0x30,0x80,0xbe,0x72,0xe5,0xe6,0x10,
0xff,0x00,0x81,0xbe,0x3d,0xc7,0xba,0xbb,0x81,0x04,0x87,0xbf,0x01,0xe6,0xe8,0x5a,
0xc9,0x08,0xa9,0x3c,0x91,0x00,0x87,0xbf,0x73,0xe9,0xe8,0x5a,0x4e,0x1c,0x5c,0xbd,
0x73,0xe9,0xe8,0x5a,0x82,0x83,0x08,0x3e,0x91,0x00,0x87,0xbf,0x73,0xe9,0xe8,0x5a,
0x99,0xaa,0xaa,0xbe,0x74,0x01,0x08,0xd5,0x72,0xe9,0x02,0x00,0x01,0x00,0x87,0xbf,
0x73,0x04,0x13,0xd6,0x73,0xe9,0xca,0x05,0x7e,0x00,0x7e,0x8c,0x90,0x26,0xe8,0x32,
0x91,0x00,0x87,0xbf,0x74,0x0b,0xe8,0x6a,0x74,0x17,0xe8,0x7e,0x91,0x00,0x87,0xbf,
0x00,0x02,0x13,0xd4,0xff,0xe8,0x02,0x00,0x00,0x00,0x20,0x3f,0x00,0x20,0x81,0xbe,
0x09,0x00,0x87,0xbf,0x7e,0x01,0x00,0x8d,0x75,0x03,0x03,0xd5,0x74,0xe9,0x02,0x00,
0x76,0x01,0x13,0xd6,0x74,0xe9,0xfd,0x03,0x00,0x00,0x80,0x42,0x12,0x01,0x87,0xbf,
0xff,0xea,0x28,0x7c,0x50,0xac,0xae,0xc2,0x75,0xed,0xea,0x02,0x91,0x00,0x87,0xbf,
0xff,0xea,0xea,0x10,0x3b,0xaa,0xb8,0x3f,0x75,0x4b,0xea,0x7e,0xff,0x0f,0x88,0xbf,
0xff,0xea,0xec,0x10,0xa4,0x4e,0x4b,0x11,0x91,0x00,0x87,0xbf,0x75,0xed,0xea,0x02,
0xf2,0xea,0xea,0x06,0x01,0x00,0x87,0xbf,0x75,0x55,0xea,0x7e,0xff,0x0f,0x88,0xbf,
0xb4,0x00,0x13,0xd6,0x75,0xeb,0xc9,0x03,0x00,0x30,0x80,0xbe,0x74,0xe9,0xea,0x10,
0xff,0x00,0x81,0xbe,0x3d,0xc7,0xba,0xbb,0x81,0x04,0x87,0xbf,0x01,0xea,0xec,0x5a,
0xc9,0x08,0xa9,0x3c,0x91,0x00,0x87,0xbf,0x75,0xed,0xec,0x5a,0x4e,0x1c,0x5c,0xbd,
0x75,0xed,0xec,0x5a,0x82,0x83,0x08,0x3e,0x91,0x00,0x87,0xbf,0x75,0xed,0xec,0x5a,
0x99,0xaa,0xaa,0xbe,0x76,0x01,0x08,0xd5,0x74,0xed,0x02,0x00,0x01,0x00,0x87,0xbf,
0xb4,0x04,0x13,0xd6,0x75,0xed,0xd2,0x05,0x7e,0x00,0x7e,0x8c,0x0a,0x0b,0xea,0x6a,
0x91,0x00,0x87,0xbf,0xb5,0x00,0x8b,0xd5,0x75,0x01,0x00,0x00,0x00,0x02,0x13,0xd4,
0xff,0x6a,0x03,0x00,0x00,0x00,0x20,0x3f,0x91,0x04,0x87,0xbf,0x00,0x20,0x81,0xbe,
0x7e,0x01,0x00,0x8d,0x75,0x03,0x03,0xd5,0xb5,0x6b,0x03,0x00,0x76,0x01,0x13,0xd6,
0xb5,0xe9,0xfd,0x03,0x00,0x00,0x80,0x42,0x12,0x01,0x87,0xbf,0xff,0xea,0x28,0x7c,
0x50,0xac,0xae,0xc2,0x75,0xed,0xea,0x02,0x91,0x00,0x87,0xbf,0xff,0xea,0xea,0x10,
0x3b,0xaa,0xb8,0x3f,0x75,0x4b,0xea,0x7e,0xff,0x0f,0x88,0xbf,0xff,0xea,0xec,0x10,
0xa4,0x4e,0x4b,0x11,0x91,0x00,0x87,0xbf,0x75,0xed,0xea,0x02,0xf2,0xea,0xea,0x06,
0x01,0x00,0x87,0xbf,0x75,0x55,0xea,0x7e,0xff,0x0f,0x88,0xbf,0xb6,0x00,0x13,0xd6,
0x75,0xeb,0xc9,0x03,0x00,0x30,0x80,0xbe,0xb5,0x6b,0xeb,0x10,0xff,0x00,0x81,0xbe,
0x3d,0xc7,0xba,0xbb,0x81,0x04,0x87,0xbf,0x01,0xea,0xec,0x5a,0xc9,0x08,0xa9,0x3c,
0x91,0x00,0x87,0xbf,0x75,0xed,0xec,0x5a,0x4e,0x1c,0x5c,0xbd,0x75,0xed,0xec,0x5a,
0x82,0x83,0x08,0x3e,0x91,0x00,0x87,0xbf,0x75,0xed,0xec,0x5a,0x99,0xaa,0xaa,0xbe,
0x76,0x01,0x08,0xd5,0xb5,0xed,0x02,0x00,0x01,0x00,0x87,0xbf,0xb6,0x04,0x13,0xd6,
0x75,0xed,0xd6,0x06,0x7e,0x00,0x7e,0x8c,0x0c,0x0b,0xea,0x6a,0x91,0x00,0x87,0xbf,
0xb7,0x00,0x8b,0xd5,0x75,0x01,0x00,0x00,0x00,0x02,0x13,0xd4,0xff,0x6e,0x03,0x00,
0x00,0x00,0x20,0x3f,0x91,0x04,0x87,0xbf,0x00,0x20,0x81,0xbe,0x7e,0x01,0x00,0x8d,
0x75,0x03,0x03,0xd5,0xb7,0x6f,0x03,0x00,0x76,0x01,0x13,0xd6,0xb7,0xe9,0xfd,0x03,
0x00,0x00,0x80,0x42,0x12,0x01,0x87,0xbf,0xff,0xea,0x28,0x7c,0x50,0xac,0xae,0xc2,
0x75,0xed,0xea,0x02,0x91,0x00,0x87,0xbf,0xff,0xea,0xea,0x10,0x3b,0xaa,0xb8,0x3f,
0x75,0x4b,0xea,0x7e,0xff,0x0f,0x88,0xbf,0xff,0xea,0xec,0x10,0xa4,0x4e,0x4b,0x11,
0x91,0x00,0x87,0xbf,0x75,0xed,0xea,0x02,0xf2,0xea,0xea,0x06,0x01,0x00,0x87,0xbf,
0x75,0x55,0xea,0x7e,0xff,0x0f,0x88,0xbf,0xb8,0x00,0x13,0xd6,0x75,0xeb,0xc9,0x03,
0x00,0x30,0x80,0xbe,0xb7,0x6f,0xeb,0x10,0xff,0x00,0x81,0xbe,0x3d,0xc7,0xba,0xbb,
0x81,0x04,0x87,0xbf,0x01,0xea,0xec,0x5a,0xc9,0x08,0xa9,0x3c,0x91,0x00,0x87,0xbf,
0x75,0xed,0xec,0x5a,0x4e,0x1c,0x5c,0xbd,0x75,0xed,0xec,0x5a,0x82,0x83,0x08,0x3e,
0x91,0x00,0x87,0xbf,0x75,0xed,0xec,0x5a,0x99,0xaa,0xaa,0xbe,0x76,0x01,0x08,0xd5,
0xb7,0xed,0x02,0x00,0x01,0x00,0x87,0xbf,0xb8,0x04,0x13,0xd6,0x75,0xed,0xde,0x06,
0x7e,0x00,0x7e,0x8c,0x15,0x0b,0xea,0x6a,0x91,0x00,0x87,0xbf,0xb9,0x00,0x8b,0xd5,
0x75,0x01,0x00,0x00,0x00,0x02,0x13,0xd4,0xff,0x72,0x03,0x00,0x00,0x00,0x20,0x3f,
0x91,0x04,0x87,0xbf,0x00,0x20,0x81,0xbe,0x7e,0x01,0x00,0x8d,0x75,0x03,0x03,0xd5,
0xb9,0x73,0x03,0x00,0x76,0x01,0x13,0xd6,0xb9,0xe9,0xfd,0x03,0x00,0x00,0x80,0x42,
0x12,0x01,0x87,0xbf,0xff,0xea,0x28,0x7c,0x50,0xac,0xae,0xc2,0x75,0xed,0xea,0x02,
0x91,0x00,0x87,0xbf,0xff,0xea,0xea,0x10,0x3b,0xaa,0xb8,0x3f,0x75,0x4b,0xea,0x7e,
0xff,0x0f,0x88,0xbf,0xff,0xea,0xec,0x10,0xa4,0x4e,0x4b,0x11,0x91,0x00,0x87,0xbf,
0x75,0xed,0xea,0x02,0xf2,0xea,0xea,0x06,0x01,0x00,0x87,0xbf,0x75,0x55,0xea,0x7e,
0xff,0x0f,0x88,0xbf,0xba,0x00,0x13,0xd6,0x75,0xeb,0xc9,0x03,0x00,0x30,0x80,0xbe,
0xb9,0x73,0xeb,0x10,0xff,0x00,0x81,0xbe,0x3d,0xc7,0xba,0xbb,0x81,0x04,0x87,0xbf,
0x01,0xea,0xec,0x5a,0xc9,0x08,0xa9,0x3c,0x91,0x00,0x87,0xbf,0x75,0xed,0xec,0x5a,
0x4e,0x1c,0x5c,0xbd,0x75,0xed,0xec,0x5a,0x82,0x83,0x08,0x3e,0x91,0x00,0x87,0xbf,
0x75,0xed,0xec,0x5a,0x99,0xaa,0xaa,0xbe,0x76,0x01,0x08,0xd5,0xb9,0xed,0x02,0x00,
0x01,0x00,0x87,0xbf,0xba,0x04,0x13,0xd6,0x75,0xed,0xe6,0x06,0x7e,0x00,0x7e,0x8c,
0x00,0x0b,0xea,0x6a,0x91,0x00,0x87,0xbf,0xbb,0x00,0x8b,0xd5,0x75,0x01,0x00,0x00,
0x00,0x02,0x13,0xd4,0xff,0x76,0x03,0x00,0x00,0x00,0x20,0x3f,0x91,0x04,0x87,0xbf,
0x00,0x20,0x81,0xbe,0x7e,0x01,0x00,0x8d,0x75,0x03,0x03,0xd5,0xbb,0x77,0x03,0x00,
0x76,0x01,0x13,0xd6,0xbb,0xe9,0xfd,0x03,0x00,0x00,0x80,0x42,0x12,0x01,0x87,0xbf,
0xff,0xea,0x28,0x7c,0x50,0xac,0xae,0xc2,0x75,0xed,0xea,0x02,0x91,0x00,0x87,0xbf,
0xff,0xea,0xea,0x10,0x3b,0xaa,0xb8,0x3f,0x75,0x4b,0xea,0x7e,0xff,0x0f,0x88,0xbf,
0xff,0xea,0xec,0x10,0xa4,0x4e,0x4b,0x11,0x91,0x00,0x87,0xbf,0x75,0xed,0xea,0x02,
0xf2,0xea,0xea,0x06,0x01,0x00,0x87,0xbf,0x75,0x55,0xea,0x7e,0xff,0x0f,0x88,0xbf,
0xbc,0x00,0x13,0xd6,0x75,0xeb,0xc9,0x03,0x00,0x30,0x80,0xbe,0xbb,0x77,0xeb,0x10,
0xff,0x00,0x81,0xbe,0x3d,0xc7,0xba,0xbb,0x81,0x04,0x87,0xbf,0x01,0xea,0xec,0x5a,
0xc9,0x08,0xa9,0x3c,0x91,0x00,0x87,0xbf,0x75,0xed,0xec,0x5a,0x4e,0x1c,0x5c,0xbd,
0x75,0xed,0xec,0x5a,0x82,0x83,0x08,0x3e,0x91,0x00,0x87,0xbf,0x75,0xed,0xec,0x5a,
0x99,0xaa,0xaa,0xbe,0x76,0x01,0x08,0xd5,0xbb,0xed,0x02,0x00,0x01,0x00,0x87,0xbf,
0xbc,0x04,0x13,0xd6,0x75,0xed,0xee,0x06,0x7e,0x00,0x7e,0x8c,0x90,0x00,0xea,0x32,
0x91,0x00,0x87,0xbf,0x75,0x0b,0xea,0x6a,0xbd,0x00,0x8b,0xd5,0x75,0x01,0x00,0x00,
0x91,0x00,0x87,0xbf,0x00,0x02,0x13,0xd4,0xff,0x7a,0x03,0x00,0x00,0x00,0x20,0x3f,
0x00,0x20,0x81,0xbe,0x09,0x00,0x87,0xbf,0x7e,0x01,0x00,0x8d,0x75,0x03,0x03,0xd5,
0xbd,0x7b,0x03,0x00,0x76,0x01,0x13,0xd6,0xbd,0xe9,0xfd,0x03,0x00,0x00,0x80,0x42,
0x12,0x01,0x87,0xbf,0xff,0xea,0x28,0x7c,0x50,0xac,0xae,0xc2,0x75,0xed,0xea,0x02,
0x91,0x00,0x87,0xbf,0xff,0xea,0xea,0x10,0x3b,0xaa,0xb8,0x3f,0x75,0x4b,0xea,0x7e,
0xff,0x0f,0x88,0xbf,0xff,0xea,0xec,0x10,0xa4,0x4e,0x4b,0x11,0x91,0x00,0x87,0xbf,
0x75,0xed,0xea,0x02,0xf2,0xea,0xea,0x06,0x01,0x00,0x87,0xbf,0x75,0x55,0xea,0x7e,
0xff,0x0f,0x88,0xbf,0xbe,0x00,0x13,0xd6,0x75,0xeb,0xc9,0x03,0x00,0x30,0x80,0xbe,
0xbd,0x7b,0xeb,0x10,0xff,0x00,0x81,0xbe,0x3d,0xc7,0xba,0xbb,0x81,0x04,0x87,0xbf,
0x01,0xea,0xec,0x5a,0xc9,0x08,0xa9,0x3c,0x91,0x00,0x87,0xbf,0x75,0xed,0xec,0x5a,
0x4e,0x1c,0x5c,0xbd,0x75,0xed,0xec,0x5a,0x82,0x83,0x08,0x3e,0x91,0x00,0x87,0xbf,
0x75,0xed,0xec,0x5a,0x99,0xaa,0xaa,0xbe,0x76,0x01,0x08,0xd5,0xbd,0xed,0x02,0x00,
0x01,0x00,0x87,0xbf,0xbe,0x04,0x13,0xd6,0x75,0xed,0xf6,0x06,0x7e,0x00,0x7e,0x8c,
0x09,0x0b,0xea,0x6a,0x91,0x00,0x87,0xbf,0x75,0x17,0xea,0x7e,0x00,0x02,0x13,0xd4,
0xff,0xea,0x02,0x00,0x00,0x00,0x20,0x3f,0x91,0x04,0x87,0xbf,0x00,0x20,0x81,0xbe,
0x7e,0x01,0x00,0x8d,0x76,0x03,0x03,0xd5,0x75,0xeb,0x02,0x00,0x77,0x01,0x13,0xd6,
0x75,0xe9,0xfd,0x03,0x00,0x00,0x80,0x42,0x12,0x01,0x87,0xbf,0xff,0xec,0x28,0x7c,
0x50,0xac,0xae,0xc2,0x76,0xef,0xec,0x02,0x91,0x00,0x87,0xbf,0xff,0xec,0xec,0x10,
0x3b,0xaa,0xb8,0x3f,0x76,0x4b,0xec,0x7e,0xff,0x0f,0x88,0xbf,0xff,0xec,0xee,0x10,
0xa4,0x4e,0x4b,0x11,0x91,0x00,0x87,0xbf,0x76,0xef,0xec,0x02,0xf2,0xec,0xec,0x06,
0x01,0x00,0x87,0xbf,0x76,0x55,0xec,0x7e,0xff,0x0f,0x88,0xbf,0x76,0x00,0x13,0xd6,
0x76,0xeb,0xc9,0x03,0x00,0x30,0x80,0xbe,0x75,0xeb,0xec,0x10,0xff,0x00,0x81,0xbe,
0x3d,0xc7,0xba,0xbb,0x81,0x04,0x87,0xbf,0x01,0xec,0xee,0x5a,0xc9,0x08,0xa9,0x3c,
0x91,0x00,0x87,0xbf,0x76,0xef,0xee,0x5a,0x4e,0x1c,0x5c,0xbd,0x76,0xef,0xee,0x5a,
0x82,0x83,0x08,0x3e,0x91,0x00,0x87,0xbf,0x76,0xef,0xee,0x5a,0x99,0xaa,0xaa,0xbe,
0x77,0x01,0x08,0xd5,0x75,0xef,0x02,0x00,0x01,0x00,0x87,0xbf,0x76,0x04,0x13,0xd6,
0x76,0xef,0xd6,0x05,0x7e,0x00,0x7e,0x8c,0x0b,0x0b,0xee,0x6a,0x91,0x00,0x87,0xbf,
0x77,0x17,0xee,0x7e,0x00,0x02,0x13,0xd4,0xff,0xee,0x02,0x00,0x00,0x00,0x20,0x3f,
0x91,0x04,0x87,0xbf,0x00,0x20,0x81,0xbe,0x7e,0x01,0x00,0x8d,0xbf,0x03,0x03,0xd5,
0x77,0xef,0x02,0x00,0xc0,0x01,0x13,0xd6,0x77,0xe9,0xfd,0x03,0x00,0x00,0x80,0x42,
0x12,0x01,0x87,0xbf,0xff,0x7e,0x29,0x7c,0x50,0xac,0xae,0xc2,0xbf,0x81,0x7f,0x03,
0x91,0x00,0x87,0xbf,0xff,0x7e,0x7f,0x11,0x3b,0xaa,0xb8,0x3f,0xbf,0x4b,0x7e,0x7f,
0xff,0x0f,0x88,0xbf,0xff,0x7e,0x81,0x11,0xa4,0x4e,0x4b,0x11,0x91,0x00,0x87,0xbf,
0xbf,0x81,0x7f,0x03,0xf2,0x7e,0x7f,0x07,0x01,0x00,0x87,0xbf,0xbf,0x55,0x7e,0x7f,
0xff,0x0f,0x88,0xbf,0xbf,0x00,0x13,0xd6,0xbf,0xeb,0xc9,0x03,0x00,0x30,0x80,0xbe,
0x77,0xef,0x7e,0x11,0xff,0x00,0x81,0xbe,0x3d,0xc7,0xba,0xbb,0x81,0x04,0x87,0xbf,
0x01,0x7e,0x81,0x5b,0xc9,0x08,0xa9,0x3c,0x91,0x00,0x87,0xbf,0xbf,0x81,0x81,0x5b,
0x4e,0x1c,0x5c,0xbd,0xbf,0x81,0x81,0x5b,0x82,0x83,0x08,0x3e,0x91,0x00,0x87,0xbf,
0xbf,0x81,0x81,0x5b,0x99,0xaa,0xaa,0xbe,0xc0,0x01,0x08,0xd5,0x77,0x81,0x03,0x00,
0x01,0x00,0x87,0xbf,0xbf,0x04,0x13,0xd6,0xbf,0x81,0xdf,0x05,0x7e,0x00,0x7e,0x8c,
0x90,0x16,0x80,0x33,0x91,0x00,0x87,0xbf,0xc0,0x00,0x35,0xd5,0xc0,0x0b,0x02,0x00,
0xc0,0x00,0x8b,0xd5,0xc0,0x01,0x00,0x00,0x91,0x00,0x87,0xbf,0x00,0x02,0x13,0xd4,
0xff,0x80,0x03,0x00,0x00,0x00,0x20,0x3f,0x00,0x20,0x81,0xbe,0x09,0x00,0x87,0xbf,
0x7e,0x01,0x00,0x8d,0xc1,0x03,0x03,0xd5,0xc0,0x81,0x03,0x00,0xc2,0x01,0x13,0xd6,
0xc0,0xe9,0xfd,0x03,0x00,0x00,0x80,0x42,0x12,0x01,0x87,0xbf,0xff,0x82,0x29,0x7c,
0x50,0xac,0xae,0xc2,0xc1,0x85,0x83,0x03,0x91,0x00,0x87,0xbf,0xff,0x82,0x83,0x11,
0x3b,0xaa,0xb8,0x3f,0xc1,0x4b,0x82,0x7f,0xff,0x0f,0x88,0xbf,0xff,0x82,0x85,0x11,
0xa4,0x4e,0x4b,0x11,0x91,0x00,0x87,0xbf,0xc1,0x85,0x83,0x03,0xf2,0x82,0x83,0x07,
0x01,0x00,0x87,0xbf,0xc1,0x55,0x82,0x7f,0xff,0x0f,0x88,0xbf,0xc1,0x00,0x13,0xd6,
0xc1,0xeb,0xc9,0x03,0x00,0x30,0x80,0xbe,0xc0,0x81,0x83,0x11,0xff,0x00,0x81,0xbe,
0x3d,0xc7,0xba,0xbb,0x81,0x04,0x87,0xbf,0x01,0x82,0x85,0x5b,0xc9,0x08,0xa9,0x3c,
0x91,0x00,0x87,0xbf,0xc1,0x85,0x85,0x5b,0x4e,0x1c,0x5c,0xbd,0xc1,0x85,0x85,0x5b,
0x82,0x83,0x08,0x3e,0x91,0x00,0x87,0xbf,0xc1,0x85,0x85,0x5b,0x99,0xaa,0xaa,0xbe,
0xc2,0x01,0x08,0xd5,0xc0,0x85,0x03,0x00,0x01,0x00,0x87,0xbf,0xc1,0x04,0x13,0xd6,
0xc1,0x85,0x03,0x07,0x7e,0x00,0x7e,0x8c,0xc2,0x00,0x35,0xd5,0x06,0x0b,0x02,0x00,
0x91,0x00,0x87,0xbf,0xc2,0x00,0x8b,0xd5,0xc2,0x01,0x00,0x00,0x00,0x02,0x13,0xd4,
0xff,0x84,0x03,0x00,0x00,0x00,0x20,0x3f,0x91,0x04,0x87,0xbf,0x00,0x20,0x81,0xbe,
0x7e,0x01,0x00,0x8d,0xc3,0x03,0x03,0xd5,0xc2,0x85,0x03,0x00,0xc4,0x01,0x13,0xd6,
0xc2,0xe9,0xfd,0x03,0x00,0x00,0x80,0x42,0x12,0x01,0x87,0xbf,0xff,0x86,0x29,0x7c,
0x50,0xac,0xae,0xc2,0xc3,0x89,0x87,0x03,0x91,0x00,0x87,0xbf,0xff,0x86,0x87,0x11,
0x3b,0xaa,0xb8,0x3f,0xc3,0x4b,0x86,0x7f,0xff,0x0f,0x88,0xbf,0xff,0x86,0x89,0x11,
0xa4,0x4e,0x4b,0x11,0x91,0x00,0x87,0xbf,0xc3,0x89,0x87,0x03,0xf2,0x86,0x87,0x07,
0x01,0x00,0x87,0xbf,0xc3,0x55,0x86,0x7f,0xff,0x0f,0x88,0xbf,0xc3,0x00,0x13,0xd6,
0xc3,0xeb,0xc9,0x03,0x00,0x30,0x80,0xbe,0xc2,0x85,0x87,0x11,0xff,0x00,0x81,0xbe,
0x3d,0xc7,0xba,0xbb,0x81,0x04,0x87,0xbf,0x01,0x86,0x89,0x5b,0xc9,0x08,0xa9,0x3c,
0x91,0x00,0x87,0xbf,0xc3,0x89,0x89,0x5b,0x4e,0x1c,0x5c,0xbd,0xc3,0x89,0x89,0x5b,
0x82,0x83,0x08,0x3e,0x91,0x00,0x87,0xbf,0xc3,0x89,0x89,0x5b,0x99,0xaa,0xaa,0xbe,
0xc4,0x01,0x08,0xd5,0xc2,0x89,0x03,0x00,0x01,0x00,0x87,0xbf,0xc3,0x04,0x13,0xd6,
0xc3,0x89,0x0b,0x07,0x7e,0x00,0x7e,0x8c,0xc4,0x00,0x35,0xd5,0x04,0x0b,0x02,0x00,
0x91,0x00,0x87,0xbf,0xc5,0x00,0x8b,0xd5,0xc4,0x01,0x00,0x00,0x00,0x02,0x13,0xd4,
0xff,0x8a,0x03,0x00,0x00,0x00,0x20,0x3f,0x91,0x04,0x87,0xbf,0x00,0x20,0x81,0xbe,
0x7e,0x01,0x00,0x8d,0xc4,0x03,0x03,0xd5,0xc5,0x8b,0x03,0x00,0xc6,0x01,0x13,0xd6,
0xc5,0xe9,0xfd,0x03,0x00,0x00,0x80,0x42,0x12,0x01,0x87,0xbf,0xff,0x88,0x29,0x7c,
0x50,0xac,0xae,0xc2,0xc4,0x8d,0x89,0x03,0x91,0x00,0x87,0xbf,0xff,0x88,0x89,0x11,
0x3b,0xaa,0xb8,0x3f,0xc4,0x4b,0x88,0x7f,0xff,0x0f,0x88,0xbf,0xff,0x88,0x8d,0x11,
0xa4,0x4e,0x4b,0x11,0x91,0x00,0x87,0xbf,0xc4,0x8d,0x89,0x03,0xf2,0x88,0x89,0x07,
0x01,0x00,0x87,0xbf,0xc4,0x55,0x88,0x7f,0xff,0x0f,0x88,0xbf,0xc7,0x00,0x13,0xd6,
0xc4,0xeb,0xc9,0x03,0x00,0x30,0x80,0xbe,0xc5,0x8b,0x89,0x11,0xff,0x00,0x81,0xbe,
0x3d,0xc7,0xba,0xbb,0x81,0x04,0x87,0xbf,0x01,0x88,0x8d,0x5b,0xc9,0x08,0xa9,0x3c,
0x91,0x00,0x87,0xbf,0xc4,0x8d,0x8d,0x5b,0x4e,0x1c,0x5c,0xbd,0xc4,0x8d,0x8d,0x5b,
0x82,0x83,0x08,0x3e,0x91,0x00,0x87,0xbf,0xc4,0x8d,0x8d,0x5b,0x99,0xaa,0xaa,0xbe,
0xc6,0x01,0x08,0xd5,0xc5,0x8d,0x03,0x00,0x01,0x00,0x87,0xbf,0xc7,0x04,0x13,0xd6,
0xc4,0x8d,0x17,0x07,0x7e,0x00,0x7e,0x8c,0xc4,0x00,0x35,0xd5,0x02,0x0b,0x02,0x00,
0x91,0x00,0x87,0xbf,0xc8,0x00,0x8b,0xd5,0xc4,0x01,0x00,0x00,0x00,0x02,0x13,0xd4,
0xff,0x90,0x03,0x00,0x00,0x00,0x20,0x3f,0x91,0x04,0x87,0xbf,0x00,0x20,0x81,0xbe,
0x7e,0x01,0x00,0x8d,0xc4,0x03,0x03,0xd5,0xc8,0x91,0x03,0x00,0xc6,0x01,0x13,0xd6,
0xc8,0xe9,0xfd,0x03,0x00,0x00,0x80,0x42,0x12,0x01,0x87,0xbf,0xff,0x88,0x29,0x7c,
0x50,0xac,0xae,0xc2,0xc4,0x8d,0x89,0x03,0x91,0x00,0x87,0xbf,0xff,0x88,0x89,0x11,
0x3b,0xaa,0xb8,0x3f,0xc4,0x4b,0x88,0x7f,0xff,0x0f,0x88,0xbf,0xff,0x88,0x8d,0x11,
0xa4,0x4e,0x4b,0x11,0x91,0x00,0x87,0xbf,0xc4,0x8d,0x89,0x03,0xf2,0x88,0x89,0x07,
0x01,0x00,0x87,0xbf,0xc4,0x55,0x88,0x7f,0xff,0x0f,0x88,0xbf,0xc9,0x00,0x13,0xd6,
0xc4,0xeb,0xc9,0x03,0x00,0x30,0x80,0xbe,0xc8,0x91,0x89,0x11,0xff,0x00,0x81,0xbe,
0x3d,0xc7,0xba,0xbb,0x81,0x04,0x87,0xbf,0x01,0x88,0x8d,0x5b,0xc9,0x08,0xa9,0x3c,
0x91,0x00,0x87,0xbf,0xc4,0x8d,0x8d,0x5b,0x4e,0x1c,0x5c,0xbd,0xc4,0x8d,0x8d,0x5b,
0x82,0x83,0x08,0x3e,0x91,0x00,0x87,0xbf,0xc4,0x8d,0x8d,0x5b,0x99,0xaa,0xaa,0xbe,
0xc6,0x01,0x08,0xd5,0xc8,0x8d,0x03,0x00,0x01,0x00,0x87,0xbf,0xc9,0x04,0x13,0xd6,
0xc4,0x8d,0x23,0x07,0x7e,0x00,0x7e,0x8c,0xc4,0x00,0x35,0xd5,0x01,0x0b,0x02,0x00,
0x91,0x00,0x87,0xbf,0xca,0x00,0x8b,0xd5,0xc4,0x01,0x00,0x00,0x00,0x02,0x13,0xd4,
0xff,0x94,0x03,0x00,0x00,0x00,0x20,0x3f,0x91,0x04,0x87,0xbf,0x00,0x20,0x81,0xbe,
0x7e,0x01,0x00,0x8d,0xc4,0x03,0x03,0xd5,0xca,0x95,0x03,0x00,0xc6,0x01,0x13,0xd6,
0xca,0xe9,0xfd,0x03,0x00,0x00,0x80,0x42,0x12,0x01,0x87,0xbf,0xff,0x88,0x29,0x7c,
0x50,0xac,0xae,0xc2,0xc4,0x8d,0x89,0x03,0x91,0x00,0x87,0xbf,0xff,0x88,0x89,0x11,
0x3b,0xaa,0xb8,0x3f,0xc4,0x4b,0x88,0x7f,0xff,0x0f,0x88,0xbf,0xff,0x88,0x8d,0x11,
0xa4,0x4e,0x4b,0x11,0x91,0x00,0x87,0xbf,0xc4,0x8d,0x89,0x03,0xf2,0x88,0x89,0x07,
0x01,0x00,0x87,0xbf,0xc4,0x55,0x88,0x7f,0xff,0x0f,0x88,0xbf,0xcb,0x00,0x13,0xd6,
0xc4,0xeb,0xc9,0x03,0x00,0x30,0x80,0xbe,0xca,0x95,0x89,0x11,0xff,0x00,0x81,0xbe,
0x3d,0xc7,0xba,0xbb,0x81,0x04,0x87,0xbf,0x01,0x88,0x8d,0x5b,0xc9,0x08,0xa9,0x3c,
0x91,0x00,0x87,0xbf,0xc4,0x8d,0x8d,0x5b,0x4e,0x1c,0x5c,0xbd,0xc4,0x8d,0x8d,0x5b,
0x82,0x83,0x08,0x3e,0x91,0x00,0x87,0xbf,0xc4,0x8d,0x8d,0x5b,0x99,0xaa,0xaa,0xbe,
0xc6,0x01,0x08,0xd5,0xca,0x8d,0x03,0x00,0x01,0x00,0x87,0xbf,0xcb,0x04,0x13,0xd6,
0xc4,0x8d,0x2b,0x07,0x7e,0x00,0x7e,0x8c,0x90,0x02,0x88,0x33,0x91,0x00,0x87,0xbf,
0xc4,0x00,0x35,0xd5,0xc4,0x0b,0x02,0x00,0xc4,0x00,0x8b,0xd5,0xc4,0x01,0x00,0x00,
0x91,0x00,0x87,0xbf,0x00,0x02,0x13,0xd4,0xff,0x88,0x03,0x00,0x00,0x00,0x20,0x3f,
0x00,0x20,0x81,0xbe,0x09,0x00,0x87,0xbf,0x7e,0x01,0x00,0x8d,0xc6,0x03,0x03,0xd5,
0xc4,0x89,0x03,0x00,0xcc,0x01,0x13,0xd6,0xc4,0xe9,0xfd,0x03,0x00,0x00,0x80,0x42,
0x12,0x01,0x87,0xbf,0xff,0x8c,0x29,0x7c,0x50,0xac,0xae,0xc2,0xc6,0x99,0x8d,0x03,
0x91,0x00,0x87,0xbf,0xff,0x8c,0x8d,0x11,0x3b,0xaa,0xb8,0x3f,0xc6,0x4b,0x8c,0x7f,
0xff,0x0f,0x88,0xbf,0xff,0x8c,0x99,0x11,0xa4,0x4e,0x4b,0x11,0x91,0x00,0x87,0xbf,
0xc6,0x99,0x8d,0x03,0xf2,0x8c,0x8d,0x07,0x01,0x00,0x87,0xbf,0xc6,0x55,0x8c,0x7f,
0xff,0x0f,0x88,0xbf,0xc6,0x00,0x13,0xd6,0xc6,0xeb,0xc9,0x03,0x00,0x30,0x80,0xbe,
0xc4,0x89,0x8d,0x11,0xff,0x00,0x81,0xbe,0x3d,0xc7,0xba,0xbb,0x81,0x04,0x87,0xbf,
0x01,0x8c,0x99,0x5b,0xc9,0x08,0xa9,0x3c,0x91,0x00,0x87,0xbf,0xc6,0x99,0x99,0x5b,
0x4e,0x1c,0x5c,0xbd,0xc6,0x99,0x99,0x5b,0x82,0x83,0x08,0x3e,0x91,0x00,0x87,0xbf,
0xc6,0x99,0x99,0x5b,0x99,0xaa,0xaa,0xbe,0xcc,0x01,0x08,0xd5,0xc4,0x99,0x03,0x00,
0x01,0x00,0x87,0xbf,0xc6,0x04,0x13,0xd6,0xc6,0x99,0x13,0x07,0x7e,0x00,0x7e,0x8c,
0x75,0x00,0x12,0xd6,0xff,0xec,0xd6,0x05,0xff,0xff,0xff,0x7f,0x76,0x00,0x12,0xd6,
0xff,0x82,0x03,0x07,0xff,0xff,0xff,0x7f,0xc0,0x00,0x12,0xd6,0xff,0x8e,0x17,0x07,
0xff,0xff,0xff,0x7f,0xc1,0x00,0x12,0xd6,0xff,0x86,0x0b,0x07,0xff,0xff,0xff,0x7f,
0xc2,0x00,0x12,0xd6,0xff,0x96,0x2b,0x07,0xff,0xff,0xff,0x7f,0x68,0x00,0x12,0xd6,
0xff,0xd2,0xa2,0x05,0xff,0xff,0xff,0x7f,0xb4,0x00,0x12,0xd6,0xff,0x68,0xd3,0x05,
0xff,0xff,0xff,0x7f,0xb7,0x00,0x12,0xd6,0xff,0x70,0xdf,0x06,0xff,0xff,0xff,0x7f,
0xb8,0x00,0x12,0xd6,0xff,0xe6,0xca,0x05,0xff,0xff,0xff,0x7f,0x73,0x00,0x12,0xd6,
0xff,0x78,0xef,0x06,0xff,0xff,0xff,0x7f,0x60,0x00,0x12,0xd6,0xff,0xc2,0x82,0x05,
0xff,0xff,0xff,0x7f,0x61,0x00,0x12,0xd6,0xff,0x52,0xa3,0x06,0xff,0xff,0xff,0x7f,
0xa9,0x00,0x12,0xd6,0xff,0x5a,0xb3,0x06,0xff,0xff,0xff,0x7f,0xac,0x00,0x12,0xd6,
0xff,0xcc,0x8a,0x05,0xff,0xff,0xff,0x7f,0x66,0x00,0x12,0xd6,0xff,0x62,0xc3,0x06,
0xff,0xff,0xff,0x7f,0x5c,0x00,0x12,0xd6,0xff,0xba,0x72,0x05,0xff,0xff,0xff,0x7f,
0x5d,0x00,0x12,0xd6,0xff,0x3a,0x73,0x06,0xff,0xff,0xff,0x7f,0x9d,0x00,0x12,0xd6,
0xff,0x42,0x83,0x06,0xff,0xff,0xff,0x7f,0xa0,0x00,0x12,0xd6,0xff,0xbe,0x7a,0x05,
0xff,0xff,0xff,0x7f,0x5f,0x00,0x12,0xd6,0xff,0x4a,0x93,0x06,0xff,0xff,0xff,0x7f,
0x57,0x00,0x12,0xd6,0xff,0xb0,0x5e,0x05,0xff,0xff,0xff,0x7f,0x58,0x00,0x12,0xd6,
0xff,0x22,0x43,0x06,0xff,0xff,0xff,0x7f,0x91,0x00,0x12,0xd6,0xff,0x2a,0x53,0x06,
0xff,0xff,0xff,0x7f,0x94,0x00,0x12,0xd6,0xff,0xb6,0x6a,0x05,0xff,0xff,0xff,0x7f,
0x5b,0x00,0x12,0xd6,0xff,0x32,0x63,0x06,0xff,0xff,0xff,0x7f,0x53,0x00,0x12,0xd6,
0xff,0xa8,0x4e,0x05,0xff,0xff,0xff,0x7f,0x54,0x00,0x12,0xd6,0xff,0x0a,0x13,0x06,
0xff,0xff,0xff,0x7f,0x85,0x00,0x12,0xd6,0xff,0x12,0x23,0x06,0xff,0xff,0xff,0x7f,
0x88,0x00,0x12,0xd6,0xff,0xac,0x56,0x05,0xff,0xff,0xff,0x7f,0x56,0x00,0x12,0xd6,
0xff,0x1a,0x33,0x06,0xff,0xff,0xff,0x7f,0x4f,0x00,0x12,0xd6,0xff,0xa0,0x3e,0x05,
0xff,0xff,0xff,0x7f,0x50,0x00,0x12,0xd6,0xff,0xf2,0xe2,0x05,0xff,0xff,0xff,0x7f,
0x79,0x00,0x12,0xd6,0xff,0xfa,0xf2,0x05,0xff,0xff,0xff,0x7f,0x7c,0x00,0x12,0xd6,
0xff,0xa4,0x46,0x05,0xff,0xff,0xff,0x7f,0x52,0x00,0x12,0xd6,0xff,0x02,0x03,0x06,
0xff,0xff,0xff,0x7f,0x07,0x00,0x12,0xd6,0xff,0x98,0x1e,0x04,0xff,0xff,0xff,0x7f,
0x4c,0x00,0x12,0xd6,0xff,0xc8,0x8e,0x05,0xff,0xff,0xff,0x7f,0x63,0x00,0x12,0xd6,
0xff,0xd6,0xaa,0x05,0xff,0xff,0xff,0x7f,0x64,0x00,0x12,0xd6,0xff,0x9c,0x36,0x05,
0xff,0xff,0xff,0x7f,0x4e,0x00,0x12,0xd6,0xff,0xde,0xba,0x05,0xff,0xff,0xff,0x7f,
0xbf,0x00,0x12,0xd6,0xff,0x7e,0xdf,0x05,0xff,0xff,0xff,0x7f,0x77,0x00,0x21,0xcc,
0x75,0x07,0x02,0x12,0x76,0x00,0x21,0xcc,0x76,0x07,0x02,0x12,0x75,0x00,0x21,0xcc,
0xc0,0x07,0x02,0x12,0xc0,0x00,0x12,0xd6,0xff,0x92,0x23,0x07,0xff,0xff,0xff,0x7f,
0x74,0x00,0x21,0xcc,0xc2,0x07,0x02,0x12,0x69,0x00,0x21,0xcc,0x68,0x07,0x02,0x12,
0x68,0x00,0x21,0xcc,0xb4,0x07,0x02,0x12,0xb4,0x00,0x12,0xd6,0xff,0x6c,0xd7,0x06,
0xff,0xff,0xff,0x7f,0x72,0x00,0x21,0xcc,0xb7,0x07,0x02,0x12,0xb5,0x00,0x12,0xd6,
0xff,0x74,0xe7,0x06,0xff,0xff,0xff,0x7f,0x73,0x00,0x21,0xcc,0x73,0x07,0x02,0x12,
0xa8,0x00,0x12,0xd6,0xff,0x7c,0xf7,0x06,0xff,0xff,0xff,0x7f,0x60,0x00,0x21,0xcc,
0x60,0x07,0x02,0x12,0x61,0x00,0x21,0xcc,0x61,0x07,0x02,0x12,0xaa,0x00,0x12,0xd6,
0xff,0x56,0xab,0x06,0xff,0xff,0xff,0x7f,0x62,0x00,0x21,0xcc,0xa9,0x07,0x02,0x12,
0xa9,0x00,0x12,0xd6,0xff,0x5e,0xbb,0x06,0xff,0xff,0xff,0x7f,0x66,0x00,0x21,0xcc,
0x66,0x07,0x02,0x12,0x9c,0x00,0x12,0xd6,0xff,0x66,0xcb,0x06,0xff,0xff,0xff,0x7f,
0x5c,0x00,0x21,0xcc,0x5c,0x07,0x02,0x12,0x5d,0x00,0x21,0xcc,0x5d,0x07,0x02,0x12,
0x9e,0x00,0x12,0xd6,0xff,0x3e,0x7b,0x06,0xff,0xff,0xff,0x7f,0x5e,0x00,0x21,0xcc,
0x9d,0x07,0x02,0x12,0x9d,0x00,0x12,0xd6,0xff,0x46,0x8b,0x06,0xff,0xff,0xff,0x7f,
0x5f,0x00,0x21,0xcc,0x5f,0x07,0x02,0x12,0x90,0x00,0x12,0xd6,0xff,0x4e,0x9b,0x06,
0xff,0xff,0xff,0x7f,0x57,0x00,0x21,0xcc,0x57,0x07,0x02,0x12,0x58,0x00,0x21,0xcc,
0x58,0x07,0x02,0x12,0x92,0x00,0x12,0xd6,0xff,0x26,0x4b,0x06,0xff,0xff,0xff,0x7f,
0x5a,0x00,0x21,0xcc,0x91,0x07,0x02,0x12,0x91,0x00,0x12,0xd6,0xff,0x2e,0x5b,0x06,
0xff,0xff,0xff,0x7f,0x5b,0x00,0x21,0xcc,0x5b,0x07,0x02,0x12,0x84,0x00,0x12,0xd6,
0xff,0x36,0x6b,0x06,0xff,0xff,0xff,0x7f,0x53,0x00,0x21,0xcc,0x53,0x07,0x02,0x12,
0x54,0x00,0x21,0xcc,0x54,0x07,0x02,0x12,0x86,0x00,0x12,0xd6,0xff,0x0e,0x1b,0x06,
0xff,0xff,0xff,0x7f,0x55,0x00,0x21,0xcc,0x85,0x07,0x02,0x12,0x85,0x00,0x12,0xd6,
0xff,0x16,0x2b,0x06,0xff,0xff,0xff,0x7f,0x56,0x00,0x21,0xcc,0x56,0x07,0x02,0x12,
0x78,0x00,0x12,0xd6,0xff,0x1e,0x3b,0x06,0xff,0xff,0xff,0x7f,0x4f,0x00,0x21,0xcc,
0x4f,0x07,0x02,0x12,0x50,0x00,0x21,0xcc,0x50,0x07,0x02,0x12,0x7a,0x00,0x12,0xd6,
0xff,0xf6,0xea,0x05,0xff,0xff,0xff,0x7f,0x51,0x00,0x21,0xcc,0x79,0x07,0x02,0x12,
0x79,0x00,0x12,0xd6,0xff,0xfe,0xfa,0x05,0xff,0xff,0xff,0x7f,0x52,0x00,0x21,0xcc,
0x52,0x07,0x02,0x12,0x7b,0x00,0x12,0xd6,0xff,0x06,0x0b,0x06,0xff,0xff,0xff,0x7f,
0x07,0x00,0x21,0xcc,0x07,0x07,0x02,0x12,0x4c,0x00,0x21,0xcc,0x4c,0x07,0x02,0x12,
0x65,0x00,0x12,0xd6,0xff,0xce,0x96,0x05,0xff,0xff,0xff,0x7f,0x4d,0x00,0x21,0xcc,
0x63,0x07,0x02,0x12,0x63,0x00,0x12,0xd6,0xff,0xda,0xb2,0x05,0xff,0xff,0xff,0x7f,
0x4e,0x00,0x21,0xcc,0x4e,0x07,0x02,0x12,0x67,0x00,0x12,0xd6,0xff,0x8c,0x13,0x07,
0xff,0xff,0xff,0x7f,0x6a,0x00,0x12,0xd6,0xff,0xe2,0xc2,0x05,0xff,0xff,0xff,0x7f,
0x77,0x00,0x22,0xcc,0xbf,0x07,0x02,0x12,0x76,0x00,0x22,0xcc,0xc1,0x07,0x02,0x12,
0x75,0x00,0x22,0xcc,0xc0,0x07,0x02,0x12,0x74,0x00,0x22,0xcc,0x67,0x07,0x02,0x12,
0x69,0x00,0x22,0xcc,0xb8,0x07,0x02,0x12,0x68,0x00,0x22,0xcc,0xb4,0x07,0x02,0x12,
0x72,0x00,0x22,0xcc,0xb5,0x07,0x02,0x12,0x73,0x00,0x22,0xcc,0xa8,0x07,0x02,0x12,
0x60,0x00,0x22,0xcc,0xac,0x07,0x02,0x12,0x61,0x00,0x22,0xcc,0xaa,0x07,0x02,0x12,
0x62,0x00,0x22,0xcc,0xa9,0x07,0x02,0x12,0x66,0x00,0x22,0xcc,0x9c,0x07,0x02,0x12,
0x5c,0x00,0x22,0xcc,0xa0,0x07,0x02,0x12,0x5d,0x00,0x22,0xcc,0x9e,0x07,0x02,0x12,
0x5e,0x00,0x22,0xcc,0x9d,0x07,0x02,0x12,0x5f,0x00,0x22,0xcc,0x90,0x07,0x02,0x12,
0x57,0x00,0x22,0xcc,0x94,0x07,0x02,0x12,0x58,0x00,0x22,0xcc,0x92,0x07,0x02,0x12,
0x5a,0x00,0x22,0xcc,0x91,0x07,0x02,0x12,0x5b,0x00,0x22,0xcc,0x84,0x07,0x02,0x12,
0x53,0x00,0x22,0xcc,0x88,0x07,0x02,0x12,0x54,0x00,0x22,0xcc,0x86,0x07,0x02,0x12,
0x55,0x00,0x22,0xcc,0x85,0x07,0x02,0x12,0x56,0x00,0x22,0xcc,0x78,0x07,0x02,0x12,
0x4f,0x00,0x22,0xcc,0x7c,0x07,0x02,0x12,0x50,0x00,0x22,0xcc,0x7a,0x07,0x02,0x12,
0x51,0x00,0x22,0xcc,0x79,0x07,0x02,0x12,0x52,0x00,0x22,0xcc,0x7b,0x07,0x02,0x12,
0x07,0x00,0x22,0xcc,0x64,0x07,0x02,0x12,0x4c,0x00,0x22,0xcc,0x65,0x07,0x02,0x12,
0x4d,0x00,0x22,0xcc,0x63,0x07,0x02,0x12,0x4e,0x00,0x22,0xcc,0x6a,0x07,0x02,0x12,
0x04,0x00,0xa5,0xbf,0x8d,0x03,0xa0,0xbf,0xa2,0x08,0xa0,0xbf,0xfe,0x04,0xa0,0xbf,
0x8b,0x03,0xa0,0xbf,0x41,0x0b,0x0e,0x6a,0x42,0x0b,0x98,0x6a,0x90,0x84,0x9a,0x32,
0x44,0x0b,0x9c,0x6a,0x43,0x0b,0x9e,0x6a,0x07,0x17,0x0e,0x7e,0x4c,0x17,0x98,0x7e,
0x4d,0x0b,0x9a,0x6a,0x4e,0x17,0x9c,0x7e,0x3e,0x0b,0xa0,0x6a,0x14,0x02,0x87,0xbf,
0xff,0x0e,0xc6,0xc8,0xff,0x98,0x4c,0x07,0x3b,0xaa,0xb8,0x3f,0x4d,0x17,0x9a,0x7e,
0x4f,0x17,0x9e,0x7e,0xc4,0x01,0x87,0xbf,0x50,0x17,0xa0,0x7e,0xff,0x9c,0x9c,0x10,
0x3b,0xaa,0xb8,0x3f,0x4c,0x4b,0x98,0x7e,0xff,0x9a,0x9a,0x10,0x3b,0xaa,0xb8,0x3f,
0xff,0x9e,0xc6,0xc8,0xff,0xa0,0x50,0x4f,0x3b,0xaa,0xb8,0x3f,0xa3,0x01,0x87,0xbf,
0x4e,0x4b,0x9c,0x7e,0x90,0x74,0xa4,0x32,0x4d,0x4b,0x9a,0x7e,0x02,0x00,0x87,0xbf,
0x4f,0x4b,0x9e,0x7e,0x50,0x4b,0xa0,0x7e,0xff,0x00,0x80,0xbe,0x18,0x72,0x31,0x3f,
0x4c,0x15,0x98,0x7e,0x52,0x0b,0xa4,0x6a,0x3a,0x0b,0xa2,0x6a,0x07,0x4b,0x0e,0x7e,
0x4e,0x15,0x9c,0x7e,0xf2,0x98,0x98,0x64,0x4d,0x15,0x9a,0x7e,0x4f,0x15,0x9e,0x7e,
0x52,0x17,0xa4,0x7e,0xf2,0x9c,0x9c,0x64,0x4c,0x17,0x98,0x7e,0xf2,0x9a,0x9a,0x64,
0xf2,0x9e,0x9e,0x64,0x50,0x15,0xa0,0x7e,0x4e,0x17,0x9c,0x7e,0x4c,0x4f,0x98,0x7e,
0x4d,0x17,0x9a,0x7e,0x4f,0x17,0x9e,0x7e,0x51,0x17,0xa2,0x7e,0x4e,0x4f,0x9c,0x7e,
0xf2,0xa0,0xa0,0x64,0x4d,0x4f,0x9a,0x7e,0x4f,0x4f,0x9e,0x7e,0x07,0x15,0x0e,0x7e,
0x90,0x76,0xa6,0x32,0x4c,0x00,0x21,0xcc,0x4c,0x01,0x00,0x02,0x50,0x17,0xa0,0x7e,
0x36,0x0b,0xaa,0x6a,0xf2,0x0e,0x0e,0x64,0x4e,0x00,0x21,0xcc,0x4e,0x01,0x00,0x02,
0x53,0x0b,0xa6,0x6a,0x4c,0x00,0x22,0xcc,0x4d,0x01,0x00,0x02,0xff,0xa4,0x9a,0x10,
0x3b,0xaa,0xb8,0x3f,0x45,0x0b,0xa4,0x6a,0x4e,0x00,0x22,0xcc,0x4f,0x01,0x00,0x02,
0x50,0x4f,0x9e,0x7e,0x07,0x17,0x0e,0x7e,0x4d,0x4b,0x9a,0x7e,0x52,0x17,0xa4,0x7e,
0xff,0xa2,0xa2,0x10,0x3b,0xaa,0xb8,0x3f,0x4c,0x40,0x10,0xcc,0x03,0x99,0x02,0x10,
0x07,0x4f,0x0e,0x7e,0x4e,0x40,0x10,0xcc,0x03,0x9d,0x02,0x10,0xff,0xa4,0xa0,0x10,
0x3b,0xaa,0xb8,0x3f,0x51,0x4b,0xa2,0x7e,0x3b,0x0b,0xa4,0x6a,0x4f,0x00,0x21,0xcc,
0x4f,0x01,0x00,0x02,0x4d,0x15,0x9a,0x7e,0x50,0x4b,0xa0,0x7e,0x90,0x50,0xac,0x32,
0x52,0x17,0xa4,0x7e,0x07,0x00,0x21,0xcc,0x07,0x01,0x00,0x02,0xf2,0x9a,0x9a,0x64,
0x55,0x17,0xaa,0x7e,0x51,0x15,0xa2,0x7e,0x90,0x6a,0xae,0x32,0x07,0x07,0x0e,0x6a,
0x4d,0x17,0x9a,0x7e,0x50,0x15,0xa0,0x7e,0xf2,0xa2,0xa2,0x64,0x33,0x0b,0xb0,0x6a,
0x07,0x00,0x11,0xd7,0x07,0x99,0x02,0x00,0x4c,0x00,0x16,0xd6,0x4e,0x99,0x42,0x02,
0xf2,0xa0,0xa0,0x64,0x51,0x17,0xa2,0x7e,0x57,0x0b,0xae,0x6a,0x58,0x17,0xb0,0x7e,
0x2d,0x0b,0xb8,0x6a,0x50,0x17,0xa0,0x7e,0x51,0x4f,0xa2,0x7e,0x57,0x17,0xae,0x7e,
0x2e,0x0b,0xb6,0x6a,0x5c,0x17,0xb8,0x7e,0x50,0x4f,0xa0,0x7e,0x90,0x5a,0xba,0x32,
0xff,0xae,0xae,0x10,0x3b,0xaa,0xb8,0x3f,0x24,0x0b,0xbc,0x6a,0xff,0xb8,0xb8,0x10,
0x3b,0xaa,0xb8,0x3f,0x90,0x30,0xbe,0x32,0x4f,0x00,0x22,0xcc,0x51,0x01,0x00,0x02,
0x4d,0x4f,0xa2,0x7e,0xff,0xa4,0x9a,0x10,0x3b,0xaa,0xb8,0x3f,0x53,0x17,0xa4,0x7e,
0x3f,0x0b,0xa6,0x6a,0x4f,0x40,0x10,0xcc,0x03,0x9f,0x02,0x10,0x50,0x00,0x21,0xcc,
0x50,0x01,0x00,0x02,0x4d,0x4b,0xa8,0x7e,0xff,0xa4,0xa4,0x10,0x3b,0xaa,0xb8,0x3f,
0x53,0x17,0xa6,0x7e,0x4d,0x00,0x16,0xd6,0x4f,0x9d,0x42,0x02,0x4e,0x00,0x21,0xcc,
0x51,0x01,0x00,0x02,0x50,0x07,0xa0,0x6a,0x52,0x4b,0xa2,0x7e,0xff,0xa6,0xa4,0x10,
0x3b,0xaa,0xb8,0x3f,0x3d,0x0b,0xa6,0x6a,0x4e,0x07,0x9c,0x6a,0x54,0x15,0xa8,0x7e,
0x5d,0x0b,0xba,0x6a,0x52,0x4b,0xa4,0x7e,0x53,0x17,0xa6,0x7e,0x4e,0x00,0x16,0xd6,
0x4e,0x9f,0x42,0x02,0xf2,0xa8,0xa8,0x64,0x51,0x15,0xa2,0x7e,0x28,0x0b,0x9e,0x6a,
0xff,0xa6,0xa6,0x10,0x3b,0xaa,0xb8,0x3f,0x5d,0x17,0xba,0x7e,0x54,0x17,0xa8,0x7e,
0xf2,0xa2,0xa2,0x64,0x52,0x15,0xa4,0x7e,0x53,0x4b,0xa6,0x7e,0x4f,0x17,0x9e,0x7e,
0x54,0x4f,0xa8,0x7e,0x51,0x17,0xa2,0x7e,0xf2,0xa4,0xa4,0x64,0x5c,0x4b,0xb8,0x7e,
0xff,0x9e,0x9e,0x10,0x3b,0xaa,0xb8,0x3f,0xff,0xba,0xba,0x10,0x3b,0xaa,0xb8,0x3f,
0x51,0x4f,0xa2,0x7e,0x52,0x17,0xa4,0x7e,0x53,0x15,0xa6,0x7e,0x4f,0x4b,0x9e,0x7e,
0x54,0x00,0x21,0xcc,0x54,0x01,0x00,0x02,0x18,0x0b,0xc0,0x6a,0x52,0x4f,0xa4,0x7e,
0xf2,0xa6,0xa6,0x64,0x5c,0x15,0xb8,0x7e,0x90,0x46,0xc2,0x32,0x54,0x00,0x22,0xcc,
0x51,0x01,0x00,0x02,0x16,0x0b,0xcc,0x6a,0x53,0x17,0xa2,0x7e,0x56,0x0b,0xa6,0x6a,
0x35,0x0b,0xac,0x6a,0x4f,0x15,0x9e,0x7e,0x52,0x00,0x21,0xcc,0x52,0x01,0x00,0x02,
0x51,0x4f,0xa2,0x7e,0x53,0x17,0xa6,0x7e,0x56,0x17,0xac,0x7e,0xff,0xaa,0xaa,0x10,
0x3b,0xaa,0xb8,0x3f,0xf2,0x9e,0x9e,0x64,0x54,0x40,0x10,0xcc,0x03,0xa9,0x02,0x10,
0x14,0x02,0x87,0xbf,0xff,0xa6,0xc6,0xc8,0xff,0xac,0x56,0x53,0x3b,0xaa,0xb8,0x3f,
0x55,0x4b,0xaa,0x7e,0x13,0x03,0x87,0xbf,0x4f,0x17,0x9e,0x7e,0x52,0x00,0x22,0xcc,
0x51,0x01,0x00,0x02,0x03,0x00,0x87,0xbf,0x53,0x4b,0xa6,0x7e,0xff,0xb0,0xa2,0x10,
0x3b,0xaa,0xb8,0x3f,0x56,0x4b,0xac,0x7e,0x4f,0x4f,0xb0,0x7e,0x52,0x40,0x10,0xcc,
0x03,0xa5,0x02,0x10,0x61,0x0b,0xc2,0x6a,0x51,0x4b,0xa2,0x7e,0x55,0x15,0xaa,0x7e,
0x66,0x17,0xcc,0x7e,0x90,0x10,0xd0,0x32,0x53,0x15,0x9e,0x7e,0x57,0x4b,0xa6,0x7e,
0xf2,0xaa,0xaa,0x64,0x56,0x15,0xac,0x7e,0x68,0x0b,0xd0,0x6a,0xf2,0x9e,0xae,0x64,
0x4f,0x00,0x11,0xd7,0x50,0xa9,0x02,0x00,0x55,0x17,0xaa,0x7e,0x50,0x00,0x16,0xd6,
0x52,0xa9,0x42,0x02,0x51,0x15,0xa2,0x7e,0x57,0x17,0xa8,0x7e,0xf2,0xac,0xac,0x64,
0x55,0x4f,0xaa,0x7e,0x53,0x15,0xa6,0x7e,0x46,0x0b,0xae,0x6a,0xf2,0xa2,0xa2,0x64,
0x56,0x17,0xac,0x7e,0x54,0x4f,0xa8,0x7e,0xf2,0xa6,0xa6,0x64,0x57,0x17,0xae,0x7e,
0x51,0x17,0xa2,0x7e,0x56,0x4f,0xac,0x7e,0x55,0x00,0x21,0xcc,0x55,0x01,0x00,0x02,
0x53,0x17,0xa6,0x7e,0xff,0xae,0xae,0x10,0x3b,0xaa,0xb8,0x3f,0x51,0x4f,0xb4,0x7e,
0x90,0x20,0xc6,0x32,0x55,0x00,0x22,0xcc,0x58,0x01,0x00,0x02,0x37,0x0b,0xb0,0x6a,
0x53,0x4f,0xa6,0x7e,0x57,0x4b,0xae,0x7e,0x54,0x00,0x21,0xcc,0x54,0x01,0x00,0x02,
0x55,0x40,0x10,0xcc,0x03,0xab,0x02,0x10,0x58,0x17,0xb0,0x7e,0x68,0x17,0xd0,0x7e,
0x5a,0x00,0x21,0xcc,0x5a,0x01,0x00,0x02,0x54,0x07,0xa8,0x6a,0x51,0x00,0x16,0xd6,
0x55,0xa5,0x42,0x02,0xff,0xb0,0xb0,0x10,0x3b,0xaa,0xb8,0x3f,0x52,0x00,0x21,0xcc,
0x56,0x01,0x00,0x02,0x63,0x0b,0xc6,0x6a,0x14,0x0b,0xca,0x6a,0x08,0x0b,0xce,0x6a,
0x58,0x4b,0xac,0x7e,0x5b,0x17,0xb0,0x7e,0x52,0x00,0x22,0xcc,0x53,0x01,0x00,0x02,
0x57,0x15,0xa6,0x7e,0x20,0x0b,0xb6,0x6a,0x63,0x17,0xc6,0x7e,0xff,0xb0,0xae,0x10,
0x3b,0xaa,0xb8,0x3f,0x5a,0x07,0xb0,0x6a,0x5a,0x40,0x10,0xcc,0x03,0xa5,0x02,0x10,
0xf2,0xa6,0xa6,0x64,0x56,0x15,0xac,0x7e,0x52,0x00,0x16,0xd6,0x54,0xab,0x42,0x02,
0x57,0x4b,0xae,0x7e,0x65,0x17,0xca,0x7e,0x53,0x17,0xa8,0x7e,0x53,0x00,0x11,0xd7,
0x58,0xb5,0x02,0x00,0x90,0x40,0xb0,0x32,0xf2,0xac,0xaa,0x64,0x5b,0x17,0xac,0x7e,
0x2b,0x0b,0xb6,0x6a,0x54,0x4f,0xa8,0x7e,0x58,0x0b,0xb0,0x6a,0x55,0x17,0xaa,0x7e,
0xff,0xac,0xac,0x10,0x3b,0xaa,0xb8,0x3f,0x5b,0x17,0xb6,0x7e,0x57,0x15,0xae,0x7e,
0x58,0x17,0xb0,0x7e,0x55,0x4f,0xaa,0x7e,0x56,0x4b,0xac,0x7e,0xff,0xb6,0xb6,0x10,
0x3b,0xaa,0xb8,0x3f,0xf2,0xae,0xae,0x64,0xff,0xb0,0xb0,0x10,0x3b,0xaa,0xb8,0x3f,
0x54,0x00,0x21,0xcc,0x54,0x01,0x00,0x02,0x15,0x0b,0xd4,0x6a,0x5b,0x4b,0xb6,0x7e,
0x57,0x17,0xae,0x7e,0x58,0x4b,0xb0,0x7e,0x54,0x00,0x22,0xcc,0x55,0x01,0x00,0x02,
0x56,0x15,0xac,0x7e,0x5d,0x4b,0xaa,0x7e,0x57,0x4f,0xae,0x7e,0x90,0x00,0xd8,0x32,
0x5d,0x40,0x10,0xcc,0x03,0xa9,0x02,0x10,0xf2,0xac,0xac,0x64,0x5b,0x15,0xb6,0x7e,
0x67,0x17,0xce,0x7e,0x58,0x15,0xb0,0x7e,0x6a,0x17,0xd4,0x7e,0x56,0x17,0xac,0x7e,
0xf2,0xb6,0xb6,0x64,0x55,0x15,0xaa,0x7e,0xf2,0xb0,0xb0,0x64,0x57,0x00,0x21,0xcc,
0x57,0x01,0x00,0x02,0x56,0x4f,0xac,0x7e,0xff,0xca,0xc6,0xc8,0xff,0xd4,0x6a,0x65,
0x3b,0xaa,0xb8,0x3f,0x03,0x00,0x87,0xbf,0x58,0x17,0xa8,0x7e,0x5b,0x17,0xb0,0x7e,
0xf2,0xb8,0xb6,0x64,0xf2,0xaa,0xaa,0x64,0x22,0x0b,0xb8,0x6a,0x6c,0x0b,0xd8,0x6a,
0x58,0x4f,0xb0,0x7e,0x5b,0x17,0xb6,0x7e,0x57,0x00,0x22,0xcc,0x56,0x01,0x00,0x02,
0x54,0x4f,0xac,0x7e,0x54,0x00,0x16,0xd6,0x5d,0xb5,0x42,0x02,0x5c,0x17,0xb8,0x7e,
0x5b,0x4f,0xb4,0x7e,0x55,0x17,0xb6,0x7e,0x57,0x40,0x10,0xcc,0x03,0xaf,0x02,0x10,
0x65,0x4b,0xca,0x7e,0xff,0xb8,0xb8,0x10,0x3b,0xaa,0xb8,0x3f,0x58,0x00,0x21,0xcc,
0x58,0x01,0x00,0x02,0x5b,0x4f,0xb6,0x7e,0x55,0x00,0x16,0xd6,0x57,0xbb,0x42,0x02,
0x26,0x0b,0xba,0x6a,0x56,0x00,0x21,0xcc,0x56,0x01,0x00,0x02,0x5a,0x00,0x21,0xcc,
0x5a,0x01,0x00,0x02,0x5c,0x4b,0xb8,0x7e,0x58,0x07,0xb0,0x6a,0x5d,0x17,0xba,0x7e,
0x56,0x07,0xac,0x6a,0x6c,0x17,0xd8,0x7e,0x5a,0x00,0x22,0xcc,0x5b,0x01,0x00,0x02,
0x5e,0x17,0xb6,0x7e,0xff,0xba,0xba,0x10,0x3b,0xaa,0xb8,0x3f,0x5f,0x0b,0xbc,0x6a,
0x60,0x17,0xbe,0x7e,0x5a,0x40,0x10,0xcc,0x03,0xb5,0x02,0x10,0xff,0xb6,0xb6,0x10,
0x3b,0xaa,0xb8,0x3f,0x5d,0x4b,0xba,0x7e,0x5e,0x17,0xbc,0x7e,0xff,0xbe,0xbe,0x10,
0x3b,0xaa,0xb8,0x3f,0x5c,0x15,0xb8,0x7e,0x5b,0x4b,0xb6,0x7e,0x56,0x00,0x16,0xd6,
0x56,0xaf,0x42,0x02,0xff,0xbc,0xbc,0x10,0x3b,0xaa,0xb8,0x3f,0x5f,0x4b,0xbe,0x7e,
0x57,0x00,0x11,0xd7,0x58,0xb5,0x02,0x00,0x21,0x0b,0xb0,0x6a,0xf2,0xb8,0xb8,0x64,
0x5d,0x15,0xba,0x7e,0x5e,0x4b,0xbc,0x7e,0x23,0x0b,0xc0,0x6a,0x5b,0x15,0xb6,0x7e,
0x58,0x17,0xb0,0x7e,0x5c,0x17,0xb8,0x7e,0xf2,0xba,0xba,0x64,0x5f,0x15,0xbe,0x7e,
0xf2,0xb6,0xb6,0x64,0xff,0xb0,0xb0,0x10,0x3b,0xaa,0xb8,0x3f,0x5c,0x4f,0xb8,0x7e,
0x5d,0x17,0xba,0x7e,0x5e,0x15,0xbc,0x7e,0xf2,0xbe,0xbe,0x64,0x5b,0x17,0xb6,0x7e,
0x58,0x4b,0xb0,0x7e,0x5d,0x4f,0xba,0x7e,0xf2,0xbc,0xbc,0x64,0x5f,0x17,0xbe,0x7e,
0x5b,0x4f,0xb6,0x7e,0x5c,0x00,0x21,0xcc,0x5c,0x01,0x00,0x02,0x60,0x17,0xc0,0x7e,
0x5e,0x17,0xbc,0x7e,0x5f,0x4f,0xbe,0x7e,0xff,0xcc,0xcc,0x10,0x3b,0xaa,0xb8,0x3f,
0x58,0x15,0xb0,0x7e,0x5d,0x00,0x21,0xcc,0x5d,0x01,0x00,0x02,0x5e,0x4f,0xbc,0x7e,
0xff,0xc0,0xc0,0x10,0x3b,0xaa,0xb8,0x3f,0x5c,0x00,0x22,0xcc,0x5b,0x01,0x00,0x02,
0xf2,0xb0,0xb0,0x64,0x61,0x17,0xb6,0x7e,0x66,0x4b,0xcc,0x7e,0x5d,0x00,0x22,0xcc,
0x5f,0x01,0x00,0x02,0x60,0x4b,0xbe,0x7e,0x58,0x17,0xb0,0x7e,0xff,0xb6,0xb6,0x10,
0x3b,0xaa,0xb8,0x3f,0x5e,0x00,0x21,0xcc,0x5e,0x01,0x00,0x02,0x19,0x0b,0xc0,0x6a,
0x5c,0x40,0x10,0xcc,0x03,0xb9,0x02,0x10,0x58,0x4f,0xc2,0x7e,0x5b,0x4b,0xc4,0x7e,
0x5d,0x40,0x10,0xcc,0x03,0xbb,0x02,0x10,0x5e,0x07,0xbc,0x6a,0x5f,0x15,0xbe,0x7e,
0x60,0x17,0xc0,0x7e,0x58,0x00,0x16,0xd6,0x5c,0xb5,0x42,0x02,0x5a,0x00,0x16,0xd6,
0x5d,0xb9,0x42,0x02,0x5b,0x00,0x16,0xd6,0x5e,0xbb,0x42,0x02,0xf2,0xbe,0xb8,0x64,
0xff,0xc0,0xbc,0x10,0x3b,0xaa,0xb8,0x3f,0x5f,0x00,0x21,0xcc,0x61,0x01,0x00,0x02,
0x62,0x15,0xc0,0x7e,0x1e,0x0b,0xc2,0x6a,0x5c,0x17,0xb8,0x7e,0x10,0x0b,0xc4,0x6a,
0xff,0xd0,0xd0,0x10,0x3b,0xaa,0xb8,0x3f,0xf2,0xc0,0xc0,0x64,0x61,0x17,0xc2,0x7e,
0x5c,0x4f,0xb8,0x7e,0x62,0x17,0xc4,0x7e,0x1c,0x0b,0xba,0x6a,0x60,0x17,0xc0,0x7e,
0xff,0xc2,0xc2,0x10,0x3b,0xaa,0xb8,0x3f,0x5e,0x4b,0xbc,0x7e,0xff,0xc4,0xc4,0x10,
0x3b,0xaa,0xb8,0x3f,0x5d,0x17,0xba,0x7e,0x60,0x4f,0xc0,0x7e,0x61,0x4b,0xc2,0x7e,
0x5c,0x00,0x21,0xcc,0x5c,0x01,0x00,0x02,0x62,0x4b,0xc4,0x7e,0x5f,0x07,0xbe,0x6a,
0xff,0xce,0xc6,0xc8,0xff,0xd8,0x6c,0x67,0x3b,0xaa,0xb8,0x3f,0x5e,0x15,0xbc,0x7e,
0x65,0x15,0xca,0x7e,0x66,0x15,0xcc,0x7e,0x17,0x03,0x87,0xbf,0x5c,0x00,0x22,0xcc,
0x60,0x01,0x00,0x02,0x61,0x15,0xc0,0x7e,0xff,0xc6,0xc2,0x10,0x3b,0xaa,0xb8,0x3f,
0x1a,0x0b,0xc6,0x6a,0x62,0x15,0xc4,0x7e,0x64,0x40,0x10,0xcc,0x03,0xb9,0x02,0x10,
0xf2,0xbc,0xbc,0x64,0xf2,0xc0,0xc0,0x64,0x63,0x17,0xc6,0x7e,0xff,0xba,0xba,0x10,
0x3b,0xaa,0xb8,0x3f,0xf2,0xc4,0xb8,0x64,0x5e,0x17,0xbc,0x7e,0x60,0x17,0xc0,0x7e,
0xff,0xc6,0xc4,0x10,0x3b,0xaa,0xb8,0x3f,0x5d,0x4b,0xba,0x7e,0x5c,0x17,0xb8,0x7e,
0x5e,0x4f,0xbc,0x7e,0x60,0x4f,0xc0,0x7e,0x61,0x4b,0xc2,0x7e,0x67,0x4b,0xce,0x7e,
0x5c,0x4f,0xc6,0x7e,0x5c,0x00,0x11,0xd7,0x5f,0xc9,0x02,0x00,0xf2,0xca,0xca,0x64,
0xf2,0xcc,0xcc,0x64,0x5d,0x15,0xba,0x7e,0x90,0x16,0xda,0x32,0x5e,0x00,0x21,0xcc,
0x5e,0x01,0x00,0x02,0x60,0x00,0x21,0xcc,0x60,0x01,0x00,0x02,0x61,0x15,0xc2,0x7e,
0xf2,0xba,0xba,0x64,0x67,0x15,0xce,0x7e,0x65,0x17,0xca,0x7e,0x60,0x00,0x22,0xcc,
0x63,0x01,0x00,0x02,0xf2,0xc2,0xc2,0x64,0x5d,0x17,0xba,0x7e,0x66,0x17,0xcc,0x7e,
0xf2,0xce,0xce,0x64,0x60,0x40,0x10,0xcc,0x03,0xc1,0x02,0x10,0x61,0x17,0xc2,0x7e,
0x5d,0x4f,0xba,0x7e,0x65,0x4f,0xca,0x7e,0x66,0x4f,0xcc,0x7e,0x67,0x17,0xce,0x7e,
0x61,0x4f,0xc2,0x7e,0x6d,0x0b,0xda,0x6a,0x01,0x0b,0xe0,0x6a,0x00,0x0b,0xd6,0x6a,
0x6a,0x4b,0xd4,0x7e,0x5e,0x00,0x22,0xcc,0x5d,0x01,0x00,0x02,0x62,0x4b,0xba,0x7e,
0x1b,0x0b,0xc4,0x6a,0x66,0x00,0x21,0xcc,0x66,0x01,0x00,0x02,0x07,0x00,0x87,0xbf,
0x61,0x00,0x21,0xcc,0x61,0x01,0x00,0x02,0x5e,0x40,0x10,0xcc,0x03,0xbd,0x02,0x10,
0x6d,0x17,0xda,0x7e,0x62,0x17,0xbe,0x7e,0x90,0x36,0xc4,0x32,0x61,0x07,0xc2,0x6a,
0x70,0x17,0xe0,0x7e,0x5d,0x15,0xba,0x7e,0xff,0xbe,0xbe,0x10,0x3b,0xaa,0xb8,0x3f,
0x62,0x0b,0xc4,0x6a,0x6b,0x17,0xd6,0x7e,0x6a,0x15,0xd4,0x7e,0xf2,0xba,0xc6,0x64,
0x5f,0x4b,0xbe,0x7e,0x62,0x17,0xc4,0x7e,0x5d,0x00,0x16,0xd6,0x5e,0xc9,0x42,0x02,
0x11,0x0b,0xc8,0x6a,0x63,0x17,0xc6,0x7e,0x5e,0x00,0x16,0xd6,0x60,0xbd,0x42,0x02,
0xff,0xc4,0xc4,0x10,0x3b,0xaa,0xb8,0x3f,0xf2,0xd4,0xd4,0x64,0x64,0x17,0xc8,0x7e,
0x63,0x4f,0xc6,0x7e,0x5f,0x15,0xbe,0x7e,0x62,0x4b,0xc4,0x7e,0x6a,0x17,0xd4,0x7e,
0xff,0xc8,0xc8,0x10,0x3b,0xaa,0xb8,0x3f,0xff,0xe0,0xe0,0x10,0x3b,0xaa,0xb8,0x3f,
0xf2,0xbe,0xbe,0x64,0x93,0x03,0x87,0xbf,0x64,0x4b,0xc8,0x7e,0x63,0x00,0x21,0xcc,
0x63,0x01,0x00,0x02,0x12,0x03,0x87,0xbf,0x5f,0x17,0xbe,0x7e,0x62,0x15,0xc4,0x7e,
0x70,0x4b,0xe0,0x7e,0x93,0x01,0x87,0xbf,0x63,0x07,0xc6,0x6a,0x5f,0x4f,0xbe,0x7e,
0x92,0x03,0x87,0xbf,0xf2,0xc4,0xc4,0x64,0x64,0x15,0xc8,0x7e,0x02,0x00,0x87,0xbf,
0x62,0x17,0xc4,0x7e,0xff,0x0f,0x88,0xbf,0x70,0x15,0xe0,0x7e,0xf2,0xc8,0xc8,0x64,
0x5f,0x00,0x21,0xcc,0x5f,0x01,0x00,0x02,0x62,0x4f,0xc4,0x7e,0x93,0x01,0x87,0xbf,
0xf2,0xe0,0xe0,0x64,0x64,0x17,0xc8,0x7e,0x12,0x01,0x87,0xbf,0x70,0x17,0xe0,0x7e,
0x64,0x4f,0xc8,0x7e,0xff,0x0f,0x88,0xbf,0x5f,0x00,0x22,0xcc,0x62,0x01,0x00,0x02,
0x68,0x4b,0xc4,0x7e,0x70,0x4f,0xe0,0x7e,0xb1,0x01,0x87,0xbf,0x68,0x40,0x10,0xcc,
0x03,0xbf,0x02,0x10,0x5f,0x00,0x16,0xd6,0x61,0xc1,0x42,0x02,0x64,0x00,0x21,0xcc,
0x64,0x01,0x00,0x02,0x60,0x00,0x11,0xd7,0x63,0xd1,0x02,0x00,0xff,0x0f,0x88,0xbf,
0x62,0x15,0xc2,0x7e,0x67,0x4f,0xc4,0x7e,0x64,0x00,0x22,0xcc,0x65,0x01,0x00,0x02,
0x13,0x0b,0xca,0x6a,0x90,0x26,0xce,0x32,0xf2,0xc2,0xc2,0x64,0x14,0x02,0x87,0xbf,
0x63,0x40,0x10,0xcc,0x03,0xc9,0x02,0x10,0x65,0x17,0xca,0x7e,0x12,0x0b,0xc8,0x6a,
0x94,0x02,0x87,0xbf,0x61,0x17,0xc2,0x7e,0x66,0x00,0x22,0xcc,0x62,0x01,0x00,0x02,
0x67,0x0b,0xc4,0x6a,0x14,0x02,0x87,0xbf,0x64,0x17,0xc8,0x7e,0x61,0x4f,0xce,0x7e,
0xff,0xca,0xc2,0x10,0x3b,0xaa,0xb8,0x3f,0x03,0x00,0x87,0xbf,0x62,0x17,0xc4,0x7e,
0x65,0x40,0x10,0xcc,0x03,0xcd,0x02,0x10,0x0a,0x0b,0xcc,0x6a,0xff,0xc8,0xc8,0x10,
0x3b,0xaa,0xb8,0x3f,0x61,0x4b,0xd2,0x7e,0x61,0x00,0x16,0xd6,0x63,0xd1,0x42,0x02,
0xff,0xc4,0xd0,0x10,0x3b,0xaa,0xb8,0x3f,0x62,0x00,0x16,0xd6,0x65,0xc7,0x42,0x02,
0x66,0x17,0xc6,0x7e,0x66,0x00,0x21,0xcc,0x67,0x01,0x00,0x02,0x0c,0x0b,0xce,0x6a,
0x68,0x4b,0xd0,0x7e,0x64,0x4b,0xc8,0x7e,0xff,0xc6,0xc6,0x10,0x3b,0xaa,0xb8,0x3f,
0x69,0x15,0xd2,0x7e,0x67,0x17,0xce,0x7e,0x66,0x07,0xcc,0x6a,0x93,0x01,0x87,0xbf,
0xf2,0xd2,0xd2,0x64,0xff,0xce,0xce,0x10,0x3b,0xaa,0xb8,0x3f,0x16,0x02,0x87,0xbf,
0x68,0x15,0xd0,0x7e,0x66,0x00,0x16,0xd6,0x66,0xcb,0x42,0x02,0xc5,0x01,0x87,0xbf,
0x64,0x15,0xc8,0x7e,0x69,0x17,0xd2,0x7e,0x67,0x4b,0xce,0x7e,0xf2,0xd0,0xd0,0x64,
0xf2,0xc8,0xc8,0x64,0x13,0x01,0x87,0xbf,0x69,0x4f,0xd2,0x7e,0x68,0x17,0xd0,0x7e,
0x02,0x00,0x87,0xbf,0x64,0x17,0xc8,0x7e,0xff,0x0f,0x88,0xbf,0x67,0x15,0xce,0x7e,
0x68,0x4f,0xd0,0x7e,0x64,0x4f,0xc8,0x7e,0x69,0x00,0x21,0xcc,0x69,0x01,0x00,0x02,
0x92,0x00,0x87,0xbf,0xf2,0xce,0xce,0x64,0x67,0x17,0xce,0x7e,0xff,0x0f,0x88,0xbf,
0x69,0x00,0x22,0xcc,0x68,0x01,0x00,0x02,0x6c,0x4b,0xd0,0x7e,0x64,0x00,0x21,0xcc,
0x64,0x01,0x00,0x02,0x67,0x4f,0xce,0x7e,0xa2,0x01,0x87,0xbf,0x6c,0x40,0x10,0xcc,
0x03,0xd3,0x02,0x10,0x09,0x0b,0xd2,0x6a,0x64,0x07,0xc8,0x6a,0xff,0x0f,0x88,0xbf,
0x68,0x15,0xd0,0x7e,0x69,0x17,0xd2,0x7e,0x12,0x01,0x87,0xbf,0xf2,0xd0,0xd0,0x64,
0xff,0xd2,0xd2,0x10,0x3b,0xaa,0xb8,0x3f,0x12,0x01,0x87,0xbf,0x68,0x17,0xd0,0x7e,
0x69,0x4b,0xdc,0x7e,0x69,0x00,0x11,0xd7,0x64,0xd9,0x02,0x00,0xc2,0x03,0x87,0xbf,
0x68,0x4f,0xde,0x7e,0xff,0xda,0xd0,0x10,0x3b,0xaa,0xb8,0x3f,0x63,0x4b,0xc6,0x7e,
0x02,0x0b,0xda,0x6a,0x6e,0x15,0xca,0x7e,0x90,0x02,0xdc,0x32,0x68,0x4b,0xc8,0x7e,
0x93,0x01,0x87,0xbf,0x6d,0x17,0xda,0x7e,0xf2,0xca,0xca,0x64,0x26,0x02,0x87,0xbf,
0x63,0x15,0xc6,0x7e,0x6e,0x0b,0xdc,0x6a,0xff,0xda,0xda,0x10,0x3b,0xaa,0xb8,0x3f,
0x14,0x02,0x87,0xbf,0x65,0x17,0xca,0x7e,0xf2,0xc6,0xc6,0x64,0x04,0x00,0x87,0xbf,
0x6e,0x17,0xdc,0x7e,0xff,0xd6,0xd6,0x10,0x3b,0xaa,0xb8,0x3f,0x6d,0x4b,0xda,0x7e,
0x64,0x15,0xc8,0x7e,0x63,0x17,0xc6,0x7e,0xff,0xdc,0xdc,0x10,0x3b,0xaa,0xb8,0x3f,
0x6b,0x4b,0xd6,0x7e,0x65,0x4f,0xca,0x7e,0xf2,0xc8,0xc8,0x64,0x63,0x4f,0xc6,0x7e,
0x6e,0x4b,0xdc,0x7e,0x6d,0x15,0xda,0x7e,0xa2,0x01,0x87,0xbf,0x64,0x17,0xc8,0x7e,
0x6b,0x15,0xd6,0x7e,0xf2,0xda,0xda,0x64,0x93,0x03,0x87,0xbf,0x64,0x4f,0xc8,0x7e,
0x63,0x00,0x21,0xcc,0x63,0x01,0x00,0x02,0x36,0x02,0x87,0xbf,0x6e,0x15,0xdc,0x7e,
0x65,0x00,0x21,0xcc,0x65,0x01,0x00,0x02,0x6d,0x17,0xda,0x7e,0x63,0x00,0x22,0xcc,
0x67,0x01,0x00,0x02,0x6a,0x4f,0xce,0x7e,0xf2,0xd6,0xd4,0x64,0x0b,0x0b,0xd6,0x6a,
0xf2,0xdc,0xdc,0x64,0x63,0x40,0x10,0xcc,0x03,0xc7,0x02,0x10,0x6d,0x4f,0xda,0x7e,
0x6a,0x17,0xd4,0x7e,0x6b,0x17,0xd6,0x7e,0x6e,0x17,0xdc,0x7e,0x68,0x00,0x16,0xd6,
0x63,0xd9,0x42,0x02,0x67,0x00,0x21,0xcc,0x67,0x01,0x00,0x02,0x6a,0x4f,0xd4,0x7e,
0xff,0xd6,0xd6,0x10,0x3b,0xaa,0xb8,0x3f,0x06,0x0b,0xd8,0x6a,0x6e,0x4f,0xdc,0x7e,
0x65,0x07,0xca,0x6a,0x13,0x01,0x87,0xbf,0x6b,0x4b,0xd6,0x7e,0x6c,0x17,0xd8,0x7e,
0x17,0x01,0x87,0xbf,0x67,0x00,0x22,0xcc,0x6a,0x01,0x00,0x02,0xff,0xd8,0xd8,0x10,
0x3b,0xaa,0xb8,0x3f,0x02,0x00,0x87,0xbf,0x67,0x40,0x10,0xcc,0x03,0xcf,0x02,0x10,
0xff,0x0f,0x88,0xbf,0x6b,0x15,0xd4,0x7e,0x6b,0x00,0x21,0xcc,0x6f,0x01,0x00,0x02,
0x04,0x0b,0xde,0x6a,0x6c,0x4b,0xd8,0x7e,0x72,0x00,0x16,0xd6,0x67,0xc7,0x42,0x02,
0xf2,0xd4,0xd4,0x64,0x6b,0x07,0xd6,0x6a,0x6f,0x17,0xde,0x7e,0x93,0x01,0x87,0xbf,
0x6a,0x17,0xd4,0x7e,0x73,0x00,0x16,0xd6,0x6b,0xcf,0x42,0x02,0x93,0x02,0x87,0xbf,
0xff,0xde,0xde,0x10,0x3b,0xaa,0xb8,0x3f,0x6c,0x15,0xd8,0x7e,0x14,0x01,0x87,0xbf,
0x6a,0x4f,0xd4,0x7e,0x6f,0x4b,0xde,0x7e,0x91,0x00,0x87,0xbf,0xf2,0xd8,0xd8,0x64,
0x6c,0x17,0xd8,0x7e,0xff,0x0f,0x88,0xbf,0x63,0x00,0x21,0xcc,0x6a,0x01,0x00,0x02,
0x6f,0x15,0xde,0x7e,0x6c,0x4f,0xd8,0x7e,0xa2,0x01,0x87,0xbf,0x63,0x00,0x22,0xcc,
0x64,0x01,0x00,0x02,0x64,0x00,0x21,0xcc,0x6e,0x01,0x00,0x02,0xf2,0xde,0xde,0x64,
0x93,0x01,0x87,0xbf,0x63,0x40,0x10,0xcc,0x03,0xc7,0x02,0x10,0x64,0x07,0xc8,0x6a,
0x93,0x02,0x87,0xbf,0x6f,0x17,0xde,0x7e,0x6a,0x00,0x21,0xcc,0x6c,0x01,0x00,0x02,
0x6c,0x00,0x21,0xcc,0x6d,0x01,0x00,0x02,0x77,0x00,0x11,0xd7,0x65,0xc7,0x02,0x00,
0x14,0x01,0x87,0xbf,0x6f,0x4f,0xde,0x7e,0x6c,0x00,0x22,0xcc,0x70,0x01,0x00,0x02,
0x41,0x01,0x87,0xbf,0x6c,0x40,0x10,0xcc,0x03,0xd9,0x02,0x10,0xff,0x0f,0x88,0xbf,
0x6a,0x00,0x22,0xcc,0x6f,0x01,0x00,0x02,0x74,0x00,0x16,0xd6,0x64,0xd9,0x42,0x02,
0x6a,0x40,0x10,0xcc,0x03,0xd5,0x02,0x10,0x01,0x00,0x87,0xbf,0x76,0x00,0x16,0xd6,
0x6a,0xc7,0x42,0x02,0x75,0x00,0x16,0xd6,0x6c,0xd5,0x42,0x02,0x71,0x01,0xa6,0xbf,
0xff,0x84,0x0e,0x36,0xff,0x7f,0xff,0x7f,0x4c,0x00,0x11,0xd7,0x3e,0x75,0x02,0x00,
0x4d,0x01,0x32,0xd5,0x41,0xe5,0x01,0x00,0x4f,0x01,0x32,0xd5,0x44,0xe5,0x01,0x00,
0x90,0x74,0xa2,0x32,0x07,0x40,0x0f,0xcc,0x07,0xe5,0x01,0x08,0xff,0x98,0x98,0x36,
0xff,0x7f,0xff,0x7f,0x50,0x01,0x32,0xd5,0x43,0xe5,0x01,0x00,0x4d,0xa9,0x9a,0x7e,
0x4f,0xa9,0x9e,0x7e,0x90,0x0e,0xa4,0x32,0x4c,0x40,0x0f,0xcc,0x4c,0xe5,0x01,0x08,
0x53,0x01,0x32,0xd5,0x51,0xe5,0x01,0x00,0x07,0xa9,0x0e,0x7e,0x90,0x84,0x9c,0x32,
0x52,0xa9,0xa4,0x7e,0x90,0x98,0xa8,0x32,0xff,0x76,0xaa,0x36,0xff,0x7f,0xff,0x7f,
0x50,0xa9,0xa0,0x7e,0x53,0xa9,0xa6,0x7e,0x4c,0xa9,0xac,0x7e,0x54,0xa9,0xa8,0x7e,
0x41,0x9b,0x9a,0x6a,0x44,0x9f,0x9e,0x6a,0x42,0x0f,0x0e,0x6a,0x4e,0xa5,0x98,0x6a,
0x4e,0x01,0x32,0xd5,0x45,0xe5,0x01,0x00,0x52,0x40,0x0f,0xcc,0x55,0xe5,0x01,0x08,
0x43,0xa1,0xa0,0x6a,0x07,0x00,0x11,0xd7,0x4d,0x0f,0x02,0x00,0x4c,0x00,0x11,0xd7,
0x4c,0x9f,0x02,0x00,0x3a,0xa9,0x9e,0x6a,0x90,0xa4,0x9a,0x32,0x3e,0xad,0xa8,0x6a,
0x51,0xa7,0xa2,0x6a,0x4e,0xa9,0xa6,0x7e,0x4e,0x00,0x11,0xd7,0x36,0x51,0x02,0x00,
0x56,0x01,0x32,0xd5,0x3f,0xe5,0x01,0x00,0x4d,0xa9,0xaa,0x7e,0x52,0xa9,0xa4,0x7e,
0x4d,0x00,0x11,0xd7,0x50,0xa9,0x02,0x00,0xff,0x9c,0xa0,0x36,0xff,0x7f,0xff,0x7f,
0x56,0xa9,0xac,0x7e,0x90,0x76,0xa8,0x32,0x4e,0x00,0x11,0xd7,0x4f,0xa3,0x02,0x00,
0x4f,0x01,0x32,0xd5,0x3d,0xe5,0x01,0x00,0x50,0x40,0x0f,0xcc,0x50,0xe5,0x01,0x08,
0x45,0xa7,0xa2,0x6a,0x54,0xab,0xa6,0x6a,0x3b,0xa5,0xa4,0x6a,0x4f,0xa9,0xa8,0x7e,
0x90,0xa0,0x9e,0x32,0x50,0xa9,0xaa,0x7e,0x3f,0xad,0xa0,0x6a,0x90,0x50,0xac,0x32,
0xff,0x6a,0xae,0x36,0xff,0x7f,0xff,0x7f,0x4f,0xa9,0xb0,0x7e,0x4f,0x00,0x11,0xd7,
0x51,0xa5,0x02,0x00,0x50,0x00,0x11,0xd7,0x53,0xa1,0x02,0x00,0x51,0x01,0x32,0xd5,
0x56,0xe5,0x01,0x00,0x52,0x40,0x0f,0xcc,0x57,0xe5,0x01,0x08,0x3d,0xa9,0xa6,0x6a,
0x36,0xab,0xa8,0x6a,0x5b,0x00,0x11,0xd7,0x2e,0x41,0x02,0x00,0x51,0xa9,0xae,0x7e,
0x90,0xa4,0xb4,0x32,0x55,0x01,0x32,0xd5,0x33,0xe5,0x01,0x00,0x51,0x00,0x11,0xd7,
0x53,0xa9,0x02,0x00,0x52,0xa9,0xa4,0x7e,0x54,0x01,0x32,0xd5,0x46,0xe5,0x01,0x00,
0x5a,0xa9,0xa6,0x7e,0xff,0xb6,0xb4,0x36,0xff,0x7f,0xff,0x7f,0x55,0xa9,0xaa,0x7e,
0x90,0x40,0xb8,0x32,0x56,0xaf,0xac,0x6a,0x90,0x6a,0xae,0x32,0x5a,0x40,0x0f,0xcc,
0x5a,0xe5,0x01,0x08,0x54,0xa9,0xa8,0x7e,0x5b,0x01,0x32,0xd5,0x37,0xe5,0x01,0x00,
0x35,0xa5,0xba,0x6a,0x57,0xa7,0xae,0x6a,0x90,0xb4,0xa6,0x32,0x52,0x01,0x32,0xd5,
0x5c,0xe5,0x01,0x00,0x33,0xab,0xaa,0x6a,0x5b,0xa9,0xb6,0x7e,0xff,0x5a,0xbe,0x36,
0xff,0x7f,0xff,0x7f,0x53,0xa9,0xbc,0x7e,0x5a,0xa9,0xb4,0x7e,0x52,0xa9,0xc0,0x7e,
0x28,0xb1,0xb0,0x6a,0x46,0xa9,0xa8,0x6a,0x53,0x00,0x11,0xd7,0x55,0xbb,0x02,0x00,
0x55,0x40,0x0f,0xcc,0x5f,0xe5,0x01,0x08,0x5d,0x00,0x11,0xd7,0x26,0x31,0x02,0x00,
0x52,0x00,0x11,0xd7,0x58,0xad,0x02,0x00,0x54,0x00,0x11,0xd7,0x57,0xa9,0x02,0x00,
0x37,0xb7,0xac,0x6a,0x57,0x01,0x32,0xd5,0x2b,0xe5,0x01,0x00,0x20,0xbd,0xb0,0x6a,
0x90,0xaa,0xb6,0x32,0x2e,0xb5,0xb4,0x6a,0x5c,0xc1,0xb8,0x6a,0x5f,0x01,0x32,0xd5,
0x22,0xe5,0x01,0x00,0x57,0xa9,0xae,0x7e,0x5b,0xa9,0xb6,0x7e,0x55,0xa9,0xbc,0x7e,
0x55,0x00,0x11,0xd7,0x56,0xb5,0x02,0x00,0xff,0xba,0xb4,0x36,0xff,0x7f,0xff,0x7f,
0x56,0x00,0x11,0xd7,0x58,0xb9,0x02,0x00,0x5f,0xa9,0xb8,0x7e,0x90,0x5a,0xb0,0x32,
0x5d,0x01,0x32,0xd5,0x24,0xe5,0x01,0x00,0x5a,0x40,0x0f,0xcc,0x5a,0xe5,0x01,0x08,
0x2b,0xaf,0xae,0x6a,0x90,0x30,0xbe,0x32,0x58,0xb7,0xb0,0x6a,0x2d,0xbd,0xb6,0x6a,
0x5d,0xa9,0xba,0x7e,0x90,0xb4,0xbc,0x32,0x5a,0xa9,0xb4,0x7e,0x22,0xb9,0xb8,0x6a,
0xff,0x46,0xc0,0x36,0xff,0x7f,0xff,0x7f,0x57,0x00,0x11,0xd7,0x57,0xb7,0x02,0x00,
0x5b,0x01,0x32,0xd5,0x5f,0xe5,0x01,0x00,0x5e,0xa9,0xbc,0x7e,0x58,0x00,0x11,0xd7,
0x58,0xb9,0x02,0x00,0x5c,0x40,0x0f,0xcc,0x60,0xe5,0x01,0x08,0x24,0xbb,0xba,0x6a,
0x5b,0xa9,0xb6,0x7e,0x26,0xb5,0xb4,0x6a,0x60,0x01,0x32,0xd5,0x21,0xe5,0x01,0x00,
0x90,0xb8,0xc2,0x32,0x62,0x00,0x11,0xd7,0x1e,0x21,0x02,0x00,0x5c,0xa9,0xb8,0x7e,
0x5a,0x00,0x11,0xd7,0x5d,0xb5,0x02,0x00,0x60,0xa9,0xba,0x7e,0x61,0xa9,0xc0,0x7e,
0x61,0x01,0x32,0xd5,0x19,0xe5,0x01,0x00,0x18,0xbd,0xbc,0x6a,0xff,0xc4,0xc4,0x36,
0xff,0x7f,0xff,0x7f,0x5f,0xb7,0xb6,0x6a,0x90,0x46,0xbe,0x32,0x61,0xa9,0xc2,0x7e,
0x63,0x01,0x32,0xd5,0x1c,0xe5,0x01,0x00,0x62,0x40,0x0f,0xcc,0x62,0xe5,0x01,0x08,
0x5b,0x00,0x11,0xd7,0x5e,0xb7,0x02,0x00,0x5f,0xc1,0xbc,0x6a,0x21,0xbb,0xba,0x6a,
0x63,0xa9,0xc0,0x7e,0x90,0x20,0xc6,0x32,0x90,0xc4,0xbe,0x32,0x23,0xb9,0xb8,0x6a,
0x19,0xc3,0xc2,0x6a,0x62,0xa9,0xc4,0x7e,0x64,0x01,0x32,0xd5,0x63,0xe5,0x01,0x00,
0xff,0x36,0xca,0x36,0xff,0x7f,0xff,0x7f,0x5c,0x00,0x11,0xd7,0x5d,0xb9,0x02,0x00,
0x5d,0x00,0x11,0xd7,0x5e,0xc3,0x02,0x00,0x5f,0xa9,0xbe,0x7e,0x64,0xa9,0xc2,0x7e,
0x64,0x40,0x0f,0xcc,0x65,0xe5,0x01,0x08,0x1c,0xc1,0xbc,0x6a,0x65,0x00,0x11,0xd7,
0x16,0x11,0x02,0x00,0x1e,0xc5,0xc4,0x6a,0x67,0x01,0x32,0xd5,0x11,0xe5,0x01,0x00,
0x90,0xc8,0xcc,0x32,0x60,0x01,0x32,0xd5,0x1a,0xe5,0x01,0x00,0x64,0xa9,0xc8,0x7e,
0x5e,0x00,0x11,0xd7,0x5e,0xc5,0x02,0x00,0xff,0xca,0xc4,0x36,0xff,0x7f,0xff,0x7f,
0x63,0xc3,0xc2,0x6a,0x66,0xa9,0xc6,0x7e,0x67,0xa9,0xca,0x7e,0x10,0xbf,0xbe,0x6a,
0x90,0x36,0xce,0x32,0x60,0xa9,0xc0,0x7e,0x66,0x01,0x32,0xd5,0x14,0xe5,0x01,0x00,
0x62,0x40,0x0f,0xcc,0x62,0xe5,0x01,0x08,0x5f,0x00,0x11,0xd7,0x5f,0xc3,0x02,0x00,
0x69,0x00,0x11,0xd7,0x15,0x01,0x02,0x00,0x1b,0xc9,0xc8,0x6a,0x67,0xc7,0xc2,0x6a,
0x11,0xcb,0xc6,0x6a,0xff,0x26,0xca,0x36,0xff,0x7f,0xff,0x7f,0x66,0xa9,0xcc,0x7e,
0x1a,0xc1,0xc0,0x6a,0x90,0xc4,0xd0,0x32,0xff,0xd2,0xd2,0x36,0xff,0x7f,0xff,0x7f,
0x65,0x40,0x0f,0xcc,0x65,0xe5,0x01,0x08,0x90,0x10,0xce,0x32,0x60,0x00,0x11,0xd7,
0x60,0xc9,0x02,0x00,0x68,0xa9,0xc8,0x7e,0x68,0x01,0x32,0xd5,0x12,0xe5,0x01,0x00,
0x90,0xca,0xd4,0x32,0x6b,0x01,0x32,0xd5,0x0a,0xe5,0x01,0x00,0x6c,0x40,0x0f,0xcc,
0x69,0xe5,0x01,0x08,0x61,0x00,0x11,0xd7,0x61,0xc7,0x02,0x00,0x14,0xcd,0xc6,0x6a,
0x6a,0xa9,0xd4,0x7e,0x66,0x01,0x32,0xd5,0x67,0xe5,0x01,0x00,0x68,0xa9,0xd0,0x7e,
0x65,0xa9,0xca,0x7e,0x6b,0xa9,0xd2,0x7e,0x90,0x26,0xd6,0x32,0x90,0xd8,0xda,0x32,
0x66,0xa9,0xcc,0x7e,0x62,0xa9,0xc4,0x7e,0x08,0xc9,0xc8,0x6a,0x6b,0xd5,0xd4,0x6a,
0x6d,0xa9,0xd6,0x7e,0x12,0xd1,0xd0,0x6a,0x13,0xcb,0xca,0x6a,0x0a,0xd3,0xda,0x6a,
0x90,0x02,0xe0,0x32,0x71,0x01,0x32,0xd5,0x06,0xe5,0x01,0x00,0x67,0xcd,0xcc,0x6a,
0x69,0x00,0x11,0xd7,0x68,0xcb,0x02,0x00,0x68,0x00,0x11,0xd7,0x6a,0xdb,0x02,0x00,
0x16,0xc5,0xc4,0x6a,0x00,0xd7,0xd4,0x6a,0x6b,0x00,0x11,0xd7,0x02,0x03,0x02,0x00,
0x66,0x00,0x11,0xd7,0x64,0xcd,0x02,0x00,0xff,0x16,0xc8,0x36,0xff,0x7f,0xff,0x7f,
0x67,0x01,0x32,0xd5,0x0c,0xe5,0x01,0x00,0x90,0x00,0xca,0x32,0xff,0xd6,0xd6,0x36,
0xff,0x7f,0xff,0x7f,0x62,0x00,0x11,0xd7,0x63,0xc5,0x02,0x00,0x64,0x40,0x0f,0xcc,
0x64,0xe5,0x01,0x08,0x67,0xa9,0xce,0x7e,0x6c,0xa9,0xc6,0x7e,0x6b,0x40,0x0f,0xcc,
0x6b,0xe5,0x01,0x08,0x6c,0x01,0x32,0xd5,0x65,0xe5,0x01,0x00,0x6d,0x01,0x32,0xd5,
0x09,0xe5,0x01,0x00,0x90,0xc8,0xdc,0x32,0x72,0x01,0x32,0xd5,0x04,0xe5,0x01,0x00,
0x90,0xd6,0xe6,0x32,0x74,0x01,0x32,0xd5,0x70,0xe5,0x01,0x00,0x6c,0xa9,0xd8,0x7e,
0x6d,0xa9,0xda,0x7e,0x6e,0xa9,0xdc,0x7e,0x64,0xa9,0xc8,0x7e,0x71,0xa9,0xe2,0x7e,
0x72,0xa9,0xea,0x7e,0x73,0xa9,0xe6,0x7e,0x6b,0xa9,0xd6,0x7e,0x74,0xa9,0xe8,0x7e,
0x0c,0xcf,0xce,0x6a,0x15,0xc7,0xc6,0x6a,0x90,0x16,0xde,0x32,0x0b,0xc9,0xc8,0x6a,
0x03,0x00,0x87,0xbf,0x72,0x00,0x11,0xd7,0x67,0xc7,0x02,0x00,0x65,0xd9,0xc6,0x6a,
0x09,0xdb,0xca,0x6a,0x6f,0xdd,0xce,0x6a,0x06,0xe3,0xd8,0x6a,0x04,0xeb,0xda,0x6a,
0x01,0xe7,0xdc,0x6a,0x02,0xd7,0xd6,0x6a,0x70,0xe9,0xde,0x6a,0x73,0x00,0x11,0xd7,
0x6a,0xc7,0x02,0x00,0x77,0x00,0x11,0xd7,0x65,0xc9,0x02,0x00,0x76,0x00,0x11,0xd7,
0x67,0xd9,0x02,0x00,0x75,0x00,0x11,0xd7,0x6d,0xd7,0x02,0x00,0x74,0x00,0x11,0xd7,
0x6e,0xdf,0x02,0x00,0xa2,0x03,0xa6,0xbf,0x15,0x85,0x02,0xbf,0x2a,0x01,0xa1,0xbf,
0x4e,0x00,0x11,0xd7,0x3e,0x75,0x02,0x00,0x90,0x74,0x9e,0x32,0x50,0x00,0x11,0xd7,
0x45,0x77,0x02,0x00,0x51,0x00,0x16,0xd6,0x3f,0x77,0x42,0x02,0x4d,0x00,0x48,0xd6,
0x03,0x87,0x16,0x04,0x4e,0x00,0x0e,0xcc,0x03,0x9d,0x16,0x14,0x4f,0x00,0x48,0xd6,
0x03,0x9f,0x16,0x04,0x50,0x00,0x0e,0xcc,0x03,0xa1,0x16,0x14,0x51,0x00,0x0e,0xcc,
0x03,0xa3,0x16,0x14,0x4d,0x00,0x61,0xd6,0x4d,0xe5,0x01,0x02,0x4e,0x40,0x11,0xcc,
0x4e,0xe5,0x01,0x08,0x4f,0x00,0x61,0xd6,0x4f,0xe5,0x01,0x02,0x50,0x40,0x11,0xcc,
0x50,0xe5,0x01,0x08,0x51,0x40,0x11,0xcc,0x51,0xe5,0x01,0x08,0x52,0x00,0x11,0xd7,
0x36,0x51,0x02,0x00,0x4e,0x40,0x12,0xcc,0x4e,0x01,0x01,0x18,0x53,0x00,0x48,0xd6,
0x03,0x7b,0x16,0x04,0x54,0x00,0x11,0xd7,0x33,0x6b,0x02,0x00,0x55,0x00,0x16,0xd6,
0x46,0x6b,0x42,0x02,0x57,0x00,0x11,0xd7,0x2e,0x41,0x02,0x00,0x4d,0x00,0x11,0xd7,
0x4d,0x9d,0x02,0x00,0x4e,0x00,0x16,0xd6,0x4f,0x9d,0x42,0x02,0x4f,0x40,0x12,0xcc,
0x50,0x01,0x01,0x18,0x50,0x40,0x12,0xcc,0x51,0x01,0x01,0x18,0x51,0x00,0x0e,0xcc,
0x03,0xa5,0x16,0x14,0x90,0x50,0xa4,0x32,0x53,0x00,0x61,0xd6,0x53,0xe5,0x01,0x02,
0x54,0x00,0x0e,0xcc,0x03,0xa9,0x16,0x14,0x55,0x00,0x0e,0xcc,0x03,0xab,0x16,0x14,
0x51,0x40,0x11,0xcc,0x51,0xe5,0x01,0x08,0x52,0x00,0x48,0xd6,0x03,0xa5,0x16,0x04,
0x58,0x00,0x11,0xd7,0x2b,0x5b,0x02,0x00,0x54,0x40,0x11,0xcc,0x54,0xe5,0x01,0x08,
0x55,0x40,0x11,0xcc,0x55,0xe5,0x01,0x08,0x56,0x40,0x12,0xcc,0x51,0x01,0x01,0x18,
0x52,0x00,0x61,0xd6,0x52,0xe5,0x01,0x02,0x5a,0x00,0x16,0xd6,0x22,0x5b,0x42,0x02,
0x58,0x00,0x0e,0xcc,0x03,0xb1,0x16,0x14,0x5c,0x00,0x11,0xd7,0x26,0x31,0x02,0x00,
0x51,0x00,0x11,0xd7,0x53,0xad,0x02,0x00,0x52,0x00,0x16,0xd6,0x52,0xad,0x42,0x02,
0x56,0x00,0x0e,0xcc,0x03,0xaf,0x16,0x14,0x53,0x40,0x12,0xcc,0x54,0x01,0x01,0x18,
0x54,0x40,0x12,0xcc,0x55,0x01,0x01,0x18,0x90,0x40,0xaa,0x32,0x57,0x00,0x48,0xd6,
0x03,0x6f,0x16,0x04,0x56,0x40,0x11,0xcc,0x56,0xe5,0x01,0x08,0x5a,0x00,0x0e,0xcc,
0x03,0xb5,0x16,0x14,0x5d,0x00,0x11,0xd7,0x21,0x47,0x02,0x00,0x55,0x00,0x48,0xd6,
0x03,0xab,0x16,0x04,0x57,0x00,0x61,0xd6,0x57,0xe5,0x01,0x02,0x56,0x40,0x12,0xcc,
0x56,0x01,0x01,0x18,0x5e,0x00,0x16,0xd6,0x19,0x47,0x42,0x02,0x5d,0x00,0x0e,0xcc,
0x03,0xbb,0x16,0x14,0x5b,0x00,0x61,0xd6,0x55,0xe5,0x01,0x02,0x60,0x00,0x11,0xd7,
0x1e,0x21,0x02,0x00,0x55,0x00,0x11,0xd7,0x57,0xad,0x02,0x00,0x57,0x40,0x11,0xcc,
0x58,0xe5,0x01,0x08,0x58,0x40,0x11,0xcc,0x5a,0xe5,0x01,0x08,0x5a,0x00,0x0e,0xcc,
0x03,0xb9,0x16,0x14,0x56,0x00,0x16,0xd6,0x5b,0xad,0x42,0x02,0x90,0x30,0xb6,0x32,
0x5c,0x00,0x48,0xd6,0x03,0x49,0x16,0x04,0x5e,0x00,0x0e,0xcc,0x03,0xbd,0x16,0x14,
0x5a,0x40,0x11,0xcc,0x5a,0xe5,0x01,0x08,0x61,0x00,0x11,0xd7,0x1a,0x37,0x02,0x00,
0x5b,0x00,0x48,0xd6,0x03,0xb7,0x16,0x04,0x5c,0x00,0x61,0xd6,0x5c,0xe5,0x01,0x02,
0x62,0x00,0x16,0xd6,0x11,0x37,0x42,0x02,0x5f,0x40,0x12,0xcc,0x5a,0x01,0x01,0x18,
0x64,0x00,0x11,0xd7,0x16,0x11,0x02,0x00,0x5b,0x00,0x61,0xd6,0x5b,0xe5,0x01,0x02,
0x61,0x00,0x0e,0xcc,0x03,0xc3,0x16,0x14,0x62,0x00,0x0e,0xcc,0x03,0xc5,0x16,0x14,
0x5a,0x00,0x11,0xd7,0x5c,0xbf,0x02,0x00,0x5c,0x40,0x11,0xcc,0x5d,0xe5,0x01,0x08,
0x5d,0x40,0x11,0xcc,0x5e,0xe5,0x01,0x08,0x5e,0x00,0x0e,0xcc,0x03,0xc1,0x16,0x14,
0x5b,0x00,0x16,0xd6,0x5b,0xbf,0x42,0x02,0x90,0x20,0xbe,0x32,0x60,0x00,0x48,0xd6,
0x03,0x39,0x16,0x04,0x61,0x40,0x11,0xcc,0x61,0xe5,0x01,0x08,0x5e,0x40,0x11,0xcc,
0x5e,0xe5,0x01,0x08,0x62,0x40,0x11,0xcc,0x62,0xe5,0x01,0x08,0x5f,0x00,0x48,0xd6,
0x03,0xbf,0x16,0x04,0x60,0x00,0x61,0xd6,0x60,0xe5,0x01,0x02,0x67,0x00,0x16,0xd6,
0x0a,0x27,0x42,0x02,0x63,0x40,0x12,0xcc,0x5e,0x01,0x01,0x18,0x66,0x00,0x11,0xd7,
0x12,0x27,0x02,0x00,0x5f,0x00,0x61,0xd6,0x5f,0xe5,0x01,0x02,0x90,0x00,0xd4,0x32,
0x67,0x00,0x0e,0xcc,0x03,0xcf,0x16,0x14,0x5e,0x00,0x11,0xd7,0x60,0xc7,0x02,0x00,
0x60,0x00,0x0e,0xcc,0x03,0xc9,0x16,0x14,0x5f,0x00,0x16,0xd6,0x5f,0xc7,0x42,0x02,
0x63,0x00,0x48,0xd6,0x03,0x29,0x16,0x04,0x90,0x10,0xc8,0x32,0x68,0x00,0x0e,0xcc,
0x03,0xcd,0x16,0x14,0x65,0x40,0x11,0xcc,0x60,0xe5,0x01,0x08,0x60,0x40,0x12,0xcc,
0x61,0x01,0x01,0x18,0x61,0x40,0x12,0xcc,0x62,0x01,0x01,0x18,0x62,0x00,0x61,0xd6,
0x63,0xe5,0x01,0x02,0x63,0x00,0x48,0xd6,0x03,0xc9,0x16,0x04,0x64,0x40,0x12,0xcc,
0x65,0x01,0x01,0x18,0x65,0x00,0x11,0xd7,0x15,0x01,0x02,0x00,0x67,0x40,0x11,0xcc,
0x67,0xe5,0x01,0x08,0x07,0x00,0x11,0xd7,0x41,0x85,0x02,0x00,0x63,0x00,0x61,0xd6,
0x63,0xe5,0x01,0x02,0x62,0x00,0x11,0xd7,0x62,0xc9,0x02,0x00,0x65,0x00,0x0e,0xcc,
0x03,0xcb,0x16,0x14,0x4c,0x00,0x16,0xd6,0x44,0x85,0x42,0x02,0x90,0x02,0xd6,0x32,
0x66,0x00,0x16,0xd6,0x63,0xc9,0x42,0x02,0x63,0x00,0x48,0xd6,0x03,0x19,0x16,0x04,
0x64,0x40,0x11,0xcc,0x65,0xe5,0x01,0x08,0x65,0x40,0x11,0xcc,0x68,0xe5,0x01,0x08,
0x68,0x40,0x12,0xcc,0x67,0x01,0x01,0x18,0x67,0x00,0x11,0xd7,0x02,0x03,0x02,0x00,
0x63,0x00,0x61,0xd6,0x63,0xe5,0x01,0x02,0x64,0x40,0x12,0xcc,0x64,0x01,0x01,0x18,
0x69,0x40,0x12,0xcc,0x65,0x01,0x01,0x18,0x65,0x00,0x48,0xd6,0x03,0xd5,0x16,0x04,
0x6a,0x00,0x16,0xd6,0x06,0x17,0x42,0x02,0x67,0x00,0x0e,0xcc,0x03,0xcf,0x16,0x14,
0x72,0x00,0x11,0xd7,0x63,0xc9,0x02,0x00,0x63,0x00,0x11,0xd7,0x09,0x17,0x02,0x00,
0x07,0x00,0x0e,0xcc,0x03,0x0f,0x16,0x14,0x4c,0x00,0x0e,0xcc,0x03,0x99,0x16,0x14,
0x6a,0x00,0x0e,0xcc,0x03,0xd5,0x16,0x14,0x6c,0x00,0x48,0xd6,0x03,0x09,0x16,0x04,
0x63,0x00,0x0e,0xcc,0x03,0xc7,0x16,0x14,0x67,0x40,0x11,0xcc,0x67,0xe5,0x01,0x08,
0x6b,0x00,0x48,0xd6,0x03,0xd7,0x16,0x04,0x07,0x40,0x11,0xcc,0x07,0xe5,0x01,0x08,
0x4c,0x40,0x11,0xcc,0x4c,0xe5,0x01,0x08,0x65,0x00,0x61,0xd6,0x65,0xe5,0x01,0x02,
0x63,0x40,0x11,0xcc,0x63,0xe5,0x01,0x08,0x6a,0x40,0x11,0xcc,0x6a,0xe5,0x01,0x08,
0x6c,0x00,0x61,0xd6,0x6c,0xe5,0x01,0x02,0x67,0x40,0x12,0xcc,0x67,0x01,0x01,0x18,
0x6b,0x00,0x61,0xd6,0x6b,0xe5,0x01,0x02,0x07,0x40,0x12,0xcc,0x07,0x01,0x01,0x18,
0x4c,0x40,0x12,0xcc,0x4c,0x01,0x01,0x18,0x57,0x40,0x12,0xcc,0x57,0x01,0x01,0x18,
0x58,0x40,0x12,0xcc,0x58,0x01,0x01,0x18,0x5c,0x40,0x12,0xcc,0x5c,0x01,0x01,0x18,
0x5d,0x40,0x12,0xcc,0x5d,0x01,0x01,0x18,0x73,0x00,0x16,0xd6,0x65,0xc9,0x42,0x02,
0x77,0x40,0x12,0xcc,0x63,0x01,0x01,0x18,0x76,0x40,0x12,0xcc,0x6a,0x01,0x01,0x18,
0x75,0x00,0x11,0xd7,0x6c,0xcf,0x02,0x00,0x74,0x00,0x16,0xd6,0x6b,0xcf,0x42,0x02,
0x01,0x00,0xa5,0xbf,0x76,0x02,0xa0,0xbf,0x90,0x84,0x0e,0x32,0x4c,0x00,0x8b,0xd5,
0x41,0x01,0x00,0x20,0x4d,0x00,0x8b,0xd5,0x42,0x01,0x00,0x20,0x4e,0x00,0x8b,0xd5,
0x44,0x01,0x00,0x20,0x4f,0x00,0x8b,0xd5,0x43,0x01,0x00,0x20,0x07,0x00,0x8b,0xd5,
0x07,0x01,0x00,0x20,0x14,0x02,0x87,0xbf,0xff,0x98,0xc6,0xc8,0xff,0x9a,0x4c,0x4c,
0x3b,0xaa,0xb8,0x3f,0xff,0x9c,0x9c,0x10,0x3b,0xaa,0xb8,0x3f,0x50,0x00,0x8b,0xd5,
0x3e,0x01,0x00,0x20,0x14,0x02,0x87,0xbf,0xff,0x0e,0x0e,0x10,0x3b,0xaa,0xb8,0x3f,
0x4c,0x4b,0x98,0x7e,0x4d,0x4b,0x9a,0x7e,0x51,0x00,0x8b,0xd5,0x3a,0x01,0x00,0x20,
0x90,0x74,0xa4,0x32,0x07,0x4b,0x0e,0x7e,0xff,0x9e,0xc6,0xc8,0xff,0xa0,0x50,0x4f,
0x3b,0xaa,0xb8,0x3f,0x54,0x00,0x8b,0xd5,0x3b,0x01,0x00,0x20,0xa3,0x03,0x87,0xbf,
0x52,0x00,0x8b,0xd5,0x52,0x01,0x00,0x20,0xff,0xa2,0xa2,0x10,0x3b,0xaa,0xb8,0x3f,
0x4c,0x15,0x98,0x7e,0x36,0x03,0x87,0xbf,0x4d,0x15,0x9a,0x7e,0x4f,0x4b,0x9e,0x7e,
0xff,0xa4,0xa4,0x10,0x3b,0xaa,0xb8,0x3f,0x07,0x15,0x0e,0x7e,0x50,0x4b,0xa0,0x7e,
0x51,0x4b,0xa2,0x7e,0xf2,0x98,0x98,0x64,0xf2,0x9a,0x9a,0x64,0xf2,0x0e,0xa6,0x64,
0x52,0x4b,0xa4,0x7e,0x90,0x76,0xaa,0x32,0x4c,0xa9,0x0e,0x7e,0x4d,0xa9,0x98,0x7e,
0x53,0xa9,0x9a,0x7e,0x53,0x00,0x8b,0xd5,0x45,0x01,0x00,0x20,0x4f,0x15,0x9e,0x7e,
0x50,0x15,0xa0,0x7e,0x51,0x15,0xa2,0x7e,0x14,0x02,0x87,0xbf,0xff,0xa8,0xc6,0xc8,
0xff,0xa6,0x52,0x54,0x3b,0xaa,0xb8,0x3f,0xf2,0x9e,0x9e,0x64,0x14,0x02,0x87,0xbf,
0xf2,0xa0,0xa0,0x64,0xf2,0xa2,0xa2,0x64,0x04,0x00,0x87,0xbf,0x54,0x4b,0xa8,0x7e,
0x53,0x4b,0xa6,0x7e,0x55,0x00,0x8b,0xd5,0x55,0x01,0x00,0x20,0x90,0x50,0xac,0x32,
0x4f,0xa9,0xc6,0x7e,0x52,0x15,0x9e,0x7e,0x50,0xa9,0xc8,0x7e,0x51,0xa9,0xca,0x7e,
0x51,0x00,0x8b,0xd5,0x3f,0x01,0x00,0x20,0x56,0x00,0x8b,0xd5,0x56,0x01,0x00,0x20,
0xff,0xaa,0xa0,0x10,0x3b,0xaa,0xb8,0x3f,0xf2,0x9e,0x9e,0x64,0x53,0x15,0xa4,0x7e,
0x54,0x15,0xa6,0x7e,0x58,0x00,0x8b,0xd5,0x35,0x01,0x00,0x20,0x50,0x4b,0xa8,0x7e,
0xff,0xa2,0xa0,0x10,0x3b,0xaa,0xb8,0x3f,0x51,0x00,0x8b,0xd5,0x3d,0x01,0x00,0x20,
0x4f,0xa9,0xce,0x7e,0xf2,0xa4,0x9e,0x64,0xf2,0xa6,0xa4,0x64,0x50,0x4b,0xa6,0x7e,
0xff,0xa2,0xa2,0x10,0x3b,0xaa,0xb8,0x3f,0x55,0x00,0x8b,0xd5,0x36,0x01,0x00,0x20,
0x5a,0x00,0x8b,0xd5,0x2e,0x01,0x00,0x20,0x52,0xa9,0xa0,0x7e,0x54,0x15,0xa4,0x7e,
0x51,0x4b,0xa8,0x7e,0xff,0xaa,0xa2,0x10,0x3b,0xaa,0xb8,0x3f,0x55,0x00,0x8b,0xd5,
0x28,0x01,0x00,0x20,0x90,0x40,0xb6,0x32,0xf2,0xa4,0xa4,0x64,0x53,0x15,0xa6,0x7e,
0x51,0x4b,0xae,0x7e,0xff,0xaa,0xaa,0x10,0x3b,0xaa,0xb8,0x3f,0x5b,0x00,0x8b,0xd5,
0x5b,0x01,0x00,0x20,0x52,0xa9,0xa2,0x7e,0xf2,0xa6,0xa4,0x64,0x54,0x15,0xa6,0x7e,
0x55,0x4b,0xa8,0x7e,0xff,0xac,0xaa,0x10,0x3b,0xaa,0xb8,0x3f,0x56,0x00,0x8b,0xd5,
0x33,0x01,0x00,0x20,0x90,0x5a,0xba,0x32,0xf2,0xa6,0xa6,0x64,0x57,0x15,0xae,0x7e,
0x55,0x4b,0xaa,0x7e,0xff,0xac,0xac,0x10,0x3b,0xaa,0xb8,0x3f,0x5d,0x00,0x8b,0xd5,
0x5d,0x01,0x00,0x20,0x53,0xa9,0xd4,0x7e,0xf2,0xae,0xa6,0x64,0x54,0x15,0xa8,0x7e,
0x56,0x4b,0xac,0x7e,0xff,0xb0,0xae,0x10,0x3b,0xaa,0xb8,0x3f,0x90,0x6a,0xb0,0x32,
0x53,0xa9,0xd6,0x7e,0xf2,0xa8,0xa6,0x64,0x55,0x15,0xa8,0x7e,0x57,0x4b,0xaa,0x7e,
0x57,0x00,0x8b,0xd5,0x58,0x01,0x00,0x20,0x58,0x00,0x8b,0xd5,0x46,0x01,0x00,0x20,
0x53,0xa9,0xd8,0x7e,0x56,0x15,0xa6,0x7e,0xf2,0xa8,0xa8,0x64,0x33,0x03,0x87,0xbf,
0xff,0xae,0xc6,0xc8,0xff,0xb0,0x56,0x56,0x3b,0xaa,0xb8,0x3f,0x58,0x00,0x8b,0xd5,
0x37,0x01,0x00,0x20,0x5c,0x00,0x8b,0xd5,0x2d,0x01,0x00,0x20,0x55,0x15,0xaa,0x7e,
0x54,0xa9,0xda,0x7e,0x90,0x30,0xbe,0x32,0xff,0xb0,0xb0,0x10,0x3b,0xaa,0xb8,0x3f,
0x5e,0x00,0x8b,0xd5,0x26,0x01,0x00,0x20,0xf2,0xaa,0xa8,0x64,0x60,0x00,0x8b,0xd5,
0x21,0x01,0x00,0x20,0x5f,0x00,0x8b,0xd5,0x5f,0x01,0x00,0x20,0x58,0x4b,0xaa,0x7e,
0xff,0xb4,0xb0,0x10,0x3b,0xaa,0xb8,0x3f,0x57,0x4b,0xae,0x7e,0x5a,0x00,0x8b,0xd5,
0x20,0x01,0x00,0x20,0x61,0x00,0x8b,0xd5,0x23,0x01,0x00,0x20,0xff,0xba,0xba,0x10,
0x3b,0xaa,0xb8,0x3f,0x58,0x4b,0xb0,0x7e,0x90,0x36,0xd0,0x32,0x62,0x00,0x8b,0xd5,
0x10,0x01,0x00,0x20,0x90,0x20,0xcc,0x32,0x69,0x00,0x8b,0xd5,0x1b,0x01,0x00,0x20,
0x90,0x10,0xe6,0x32,0x57,0x15,0xae,0x7e,0x68,0x00,0x8b,0xd5,0x68,0x01,0x00,0x20,
0x77,0x00,0x8b,0xd5,0x15,0x01,0x00,0x20,0x72,0x00,0x8b,0xd5,0x12,0x01,0x00,0x20,
0x73,0x00,0x8b,0xd5,0x73,0x01,0x00,0x20,0xf2,0xae,0xae,0x64,0x74,0x00,0x8b,0xd5,
0x13,0x01,0x00,0x20,0x75,0x00,0x8b,0xd5,0x0a,0x01,0x00,0x20,0x85,0x00,0x8b,0xd5,
0x0b,0x01,0x00,0x20,0x76,0x00,0x8b,0xd5,0x0c,0x01,0x00,0x20,0x57,0xa9,0xdc,0x7e,
0x58,0x15,0xae,0x7e,0xff,0xb6,0xb0,0x10,0x3b,0xaa,0xb8,0x3f,0x5b,0x00,0x8b,0xd5,
0x2b,0x01,0x00,0x20,0xff,0xb4,0xb4,0x10,0x3b,0xaa,0xb8,0x3f,0xff,0xe8,0xc6,0xc8,
0xff,0xea,0x74,0x74,0x3b,0xaa,0xb8,0x3f,0x04,0x00,0x87,0xbf,0x58,0x4b,0xb0,0x7e,
0xf2,0xae,0xae,0x64,0xff,0xb6,0xb6,0x10,0x3b,0xaa,0xb8,0x3f,0x5a,0x4b,0xb4,0x7e,
0x75,0x4b,0xea,0x7e,0x90,0x00,0x06,0x33,0x57,0xa9,0xde,0x7e,0x5b,0x4b,0xb6,0x7e,
0xff,0xbe,0xbe,0x10,0x3b,0xaa,0xb8,0x3f,0x74,0x4b,0xe8,0x7e,0x58,0x15,0xae,0x7e,
0x5d,0x4b,0xb0,0x7e,0x5d,0x00,0x8b,0xd5,0x24,0x01,0x00,0x20,0xff,0xb8,0xb8,0x10,
0x3b,0xaa,0xb8,0x3f,0x5a,0x15,0xb4,0x7e,0xf2,0xae,0xae,0x64,0x75,0x15,0xea,0x7e,
0xff,0xba,0xba,0x10,0x3b,0xaa,0xb8,0x3f,0x5c,0x4b,0xb8,0x7e,0xf2,0xb4,0xb4,0x64,
0x5b,0x15,0xb6,0x7e,0x57,0xa9,0xe2,0x7e,0x5d,0x4b,0xba,0x7e,0xf2,0xea,0xea,0x64,
0x5a,0xa9,0xe0,0x7e,0x5a,0x00,0x8b,0xd5,0x22,0x01,0x00,0x20,0xf2,0xb6,0xb6,0x64,
0x84,0x00,0x8b,0xd5,0x09,0x01,0x00,0x20,0x5c,0x15,0xb8,0x7e,0x86,0x00,0x8b,0xd5,
0x00,0x01,0x00,0x20,0xff,0xb4,0xb4,0x10,0x3b,0xaa,0xb8,0x3f,0x5b,0xa9,0xae,0x7e,
0x5d,0x15,0xba,0x7e,0xf2,0xb8,0xb8,0x64,0x83,0x00,0x8b,0xd5,0x83,0x01,0x00,0x20,
0xff,0xec,0xec,0x10,0x3b,0xaa,0xb8,0x3f,0x88,0x00,0xd4,0xd5,0x75,0x01,0x00,0x00,
0xf2,0xba,0xba,0x64,0x5c,0xa9,0xb6,0x7e,0xff,0x06,0xc7,0xc8,0xff,0xbc,0x5c,0x83,
0x3b,0xaa,0xb8,0x3f,0x5e,0x00,0x8b,0xd5,0x18,0x01,0x00,0x20,0x03,0x00,0x87,0xbf,
0x5d,0xa9,0xf0,0x7e,0x5f,0x4b,0xba,0x7e,0xff,0xc0,0xbe,0x10,0x3b,0xaa,0xb8,0x3f,
0x5c,0x4b,0xb8,0x7e,0x90,0x46,0xc0,0x32,0x76,0x4b,0xec,0x7e,0x89,0x00,0x8b,0xd5,
0x04,0x01,0x00,0x20,0x5f,0x4b,0xbe,0x7e,0xff,0x08,0x09,0x11,0x3b,0xaa,0xb8,0x3f,
0x60,0x00,0x8b,0xd5,0x60,0x01,0x00,0x20,0x74,0x15,0xe8,0x7e,0xff,0x12,0x13,0x11,
0x3b,0xaa,0xb8,0x3f,0x5d,0x15,0xba,0x7e,0x5c,0x15,0xb8,0x7e,0x84,0x4b,0x08,0x7f,
0xf2,0xe8,0xe8,0x64,0x76,0x15,0xec,0x7e,0xf2,0xba,0xba,0x64,0xf2,0xb8,0xb8,0x64,
0x5f,0x15,0xbe,0x7e,0x90,0x16,0x04,0x33,0x87,0x00,0xd4,0xd5,0x74,0x01,0x00,0x00,
0x5d,0xa9,0xf6,0x7e,0x5c,0xa9,0xf2,0x7e,0xff,0xc2,0xb8,0x10,0x3b,0xaa,0xb8,0x3f,
0x61,0x00,0x8b,0xd5,0x19,0x01,0x00,0x20,0xff,0xbc,0xbc,0x10,0x3b,0xaa,0xb8,0x3f,
0x5d,0x00,0x8b,0xd5,0x1c,0x01,0x00,0x20,0xff,0xc0,0xc0,0x10,0x3b,0xaa,0xb8,0x3f,
0x82,0x00,0x8b,0xd5,0x82,0x01,0x00,0x20,0xff,0xc2,0xc2,0x10,0x3b,0xaa,0xb8,0x3f,
0x5e,0x4b,0xbc,0x7e,0xff,0xba,0xba,0x10,0x3b,0xaa,0xb8,0x3f,0x60,0x4b,0xc0,0x7e,
0xf2,0xec,0xe8,0x64,0x76,0x00,0x8a,0xd5,0x84,0x01,0x00,0x00,0x8a,0x00,0x8b,0xd5,
0x02,0x01,0x00,0x20,0x5d,0x4b,0xba,0x7e,0x8b,0x00,0x8b,0xd5,0x01,0x01,0x00,0x20,
0xff,0x04,0x05,0x11,0x3b,0xaa,0xb8,0x3f,0x4e,0x4b,0x9c,0x7e,0x5e,0x15,0xbc,0x7e,
0xb3,0x01,0x87,0xbf,0xff,0x14,0xc7,0xc8,0xff,0x16,0x8b,0x8a,0x3b,0xaa,0xb8,0x3f,
0x60,0x15,0xc0,0x7e,0x56,0x4b,0xac,0x7e,0xf2,0xbc,0xbc,0x64,0x07,0x00,0x87,0xbf,
0x5d,0x15,0xba,0x7e,0x5a,0x4b,0xb4,0x7e,0xf2,0xc0,0xc0,0x64,0xff,0xe6,0xe6,0x10,
0x3b,0xaa,0xb8,0x3f,0x5e,0xa9,0xf4,0x7e,0xf2,0xbe,0xbc,0x64,0x61,0x4b,0xbe,0x7e,
0x61,0x00,0x8b,0xd5,0x1e,0x01,0x00,0x20,0x60,0xa9,0xf8,0x7e,0xff,0xc4,0xc0,0x10,
0x3b,0xaa,0xb8,0x3f,0xf2,0xba,0xba,0x64,0x62,0x00,0x8b,0xd5,0x66,0x01,0x00,0x20,
0xff,0xc2,0xc2,0x10,0x3b,0xaa,0xb8,0x3f,0x66,0x00,0x8b,0xd5,0x1a,0x01,0x00,0x20,
0x60,0x4b,0xc0,0x7e,0x5d,0xa9,0xfa,0x7e,0xff,0xee,0xee,0x10,0x3b,0xaa,0xb8,0x3f,
0x61,0x4b,0xc2,0x7e,0x73,0x4b,0xe6,0x7e,0x82,0x4b,0x04,0x7f,0x83,0x4b,0x06,0x7f,
0x77,0x4b,0xee,0x7e,0x89,0x4b,0x12,0x7f,0x8a,0x4b,0x14,0x7f,0x60,0x15,0xc0,0x7e,
0x8b,0x4b,0x16,0x7f,0x4e,0x15,0x9c,0x7e,0x61,0x15,0xc2,0x7e,0x56,0x15,0xac,0x7e,
0xf2,0xc0,0xba,0x64,0xff,0xd2,0xc0,0x10,0x3b,0xaa,0xb8,0x3f,0x69,0x00,0x8b,0xd5,
0x14,0x01,0x00,0x20,0xf2,0xc2,0xc2,0x64,0x77,0x15,0xee,0x7e,0x5d,0xa9,0xfe,0x7e,
0x60,0x4b,0xc0,0x7e,0x55,0x15,0xaa,0x7e,0x61,0xa9,0xfc,0x7e,0xff,0xd0,0xc2,0x10,
0x3b,0xaa,0xb8,0x3f,0x68,0x00,0x8b,0xd5,0x11,0x01,0x00,0x20,0xff,0xc4,0xc4,0x10,
0x3b,0xaa,0xb8,0x3f,0xf2,0xee,0xea,0x64,0xff,0xe4,0xe4,0x10,0x3b,0xaa,0xb8,0x3f,
0x5c,0x4b,0xb8,0x7e,0xff,0xd0,0xc6,0xc8,0xff,0xd2,0x68,0x5d,0x3b,0xaa,0xb8,0x3f,
0x69,0x00,0x8b,0xd5,0x16,0x01,0x00,0x20,0xff,0xcc,0xcc,0x10,0x3b,0xaa,0xb8,0x3f,
0x62,0x4b,0xc4,0x7e,0x61,0x4b,0xc2,0x7e,0x68,0x4b,0xd0,0x7e,0xff,0xd2,0xd2,0x10,
0x3b,0xaa,0xb8,0x3f,0x66,0x4b,0xcc,0x7e,0x5d,0x4b,0xba,0x7e,0x58,0x15,0xb0,0x7e,
0x5a,0x15,0xb4,0x7e,0x5c,0x15,0xb8,0x7e,0xff,0x0a,0x0b,0x11,0x3b,0xaa,0xb8,0x3f,
0x62,0x15,0xc4,0x7e,0x5f,0x15,0xbe,0x7e,0x68,0x15,0xd0,0x7e,0x60,0x15,0xc0,0x7e,
0x66,0x15,0xcc,0x7e,0xf2,0xc4,0xc4,0x64,0x85,0x4b,0x0a,0x7f,0xf2,0xd0,0xd0,0x64,
0x61,0x15,0xc2,0x7e,0xf2,0xcc,0xcc,0x64,0x80,0x00,0xd4,0xd5,0x62,0x01,0x00,0x00,
0x5d,0x15,0xba,0x7e,0x81,0x00,0xd4,0xd5,0x68,0x01,0x00,0x00,0x72,0x4b,0xd0,0x7e,
0x66,0xa9,0xc4,0x7e,0x69,0x4b,0xcc,0x7e,0x69,0x00,0x8b,0xd5,0x08,0x01,0x00,0x20,
0x90,0x26,0xe4,0x32,0x77,0x00,0x8a,0xd5,0x85,0x01,0x00,0x00,0x90,0x02,0x0a,0x33,
0x73,0x15,0xe6,0x7e,0xff,0xd2,0xd2,0x10,0x3b,0xaa,0xb8,0x3f,0x72,0x00,0x8b,0xd5,
0x72,0x01,0x00,0x20,0x68,0x15,0xd0,0x7e,0x85,0x00,0x8b,0xd5,0x85,0x01,0x00,0x20,
0xff,0x0c,0x0d,0x11,0x3b,0xaa,0xb8,0x3f,0x69,0x4b,0xd2,0x7e,0xff,0xe4,0xe4,0x10,
0x3b,0xaa,0xb8,0x3f,0x66,0x15,0xcc,0x7e,0xff,0x0a,0x0b,0x11,0x3b,0xaa,0xb8,0x3f,
0x86,0x4b,0x0c,0x7f,0x82,0x00,0x8a,0xd5,0x82,0x01,0x00,0x00,0x72,0x4b,0xe4,0x7e,
0x83,0x00,0x8a,0xd5,0x83,0x01,0x00,0x00,0x85,0x4b,0x0a,0x7f,0x89,0x00,0x8a,0xd5,
0x89,0x01,0x00,0x00,0x69,0x15,0xd2,0x7e,0x8a,0x00,0x8a,0xd5,0x8a,0x01,0x00,0x00,
0x8b,0x00,0x8a,0xd5,0x8b,0x01,0x00,0x00,0xf2,0x9c,0x9c,0x64,0x84,0x00,0x8a,0xd5,
0x86,0x01,0x00,0x00,0x86,0x00,0x8b,0xd5,0x06,0x01,0x00,0x20,0x72,0x15,0xe4,0x7e,
0xf2,0xa6,0xa6,0x64,0x85,0x00,0x8a,0xd5,0x85,0x01,0x00,0x00,0xf2,0xac,0xac,0x64,
0xff,0x0c,0x0d,0x11,0x3b,0xaa,0xb8,0x3f,0xf2,0xaa,0xaa,0x64,0xf2,0xb0,0xb0,0x64,
0xf2,0xb4,0xb4,0x64,0xf2,0xb8,0xb8,0x64,0x86,0x4b,0x0c,0x7f,0xf2,0xbe,0xbe,0x64,
0xf2,0xc0,0xc0,0x64,0xf2,0xc2,0xc2,0x64,0xf2,0xba,0xba,0x64,0xf2,0xcc,0xcc,0x64,
0xf2,0xd2,0xd2,0x64,0xf2,0xd0,0xd0,0x64,0xf2,0xe6,0xe6,0x64,0xf2,0xe4,0xe4,0x64,
0x86,0x00,0x8a,0xd5,0x86,0x01,0x00,0x00,0xf2,0xec,0xec,0x64,0xf2,0xee,0xee,0x64,
0x82,0x00,0x32,0xd5,0xf2,0x04,0x03,0x00,0x84,0x00,0x32,0xd5,0xf2,0x08,0x03,0x00,
0x83,0x00,0x32,0xd5,0xf2,0x06,0x03,0x00,0x86,0x00,0x32,0xd5,0xf2,0x0c,0x03,0x00,
0x89,0x00,0x32,0xd5,0xf2,0x12,0x03,0x00,0x8a,0x00,0x32,0xd5,0xf2,0x14,0x03,0x00,
0x8b,0x00,0x32,0xd5,0xf2,0x16,0x03,0x00,0x85,0x00,0x32,0xd5,0xf2,0x0a,0x03,0x00,
0x4e,0xa9,0x9c,0x7e,0x4f,0xa9,0x9e,0x7e,0x52,0xa9,0xa4,0x7e,0x53,0xa9,0xa6,0x7e,
0x54,0xa9,0xa8,0x7e,0x56,0xa9,0xac,0x7e,0x55,0xa9,0xaa,0x7e,0x58,0xa9,0xb0,0x7e,
0x5a,0xa9,0xb4,0x7e,0x5e,0xa9,0xbc,0x7e,0x5c,0xa9,0xb8,0x7e,0x5f,0xa9,0xbe,0x7e,
0x60,0xa9,0xc0,0x7e,0x61,0xa9,0xc2,0x7e,0x5d,0xa9,0xba,0x7e,0x66,0xa9,0xcc,0x7e,
0x68,0xa9,0xd0,0x7e,0x72,0xa9,0xe4,0x7e,0x76,0xa9,0xec,0x7e,0x77,0xa9,0xee,0x7e,
0x82,0x00,0xd4,0xd5,0x82,0x01,0x00,0x00,0x86,0x00,0xd4,0xd5,0x86,0x01,0x00,0x00,
0x89,0x00,0xd4,0xd5,0x89,0x01,0x00,0x00,0x8a,0x00,0xd4,0xd5,0x8a,0x01,0x00,0x00,
0x8b,0x00,0xd4,0xd5,0x8b,0x01,0x00,0x00,0x85,0x00,0xd4,0xd5,0x85,0x01,0x00,0x00,
0x8c,0x00,0xd4,0xd5,0x74,0x01,0x00,0x00,0x8d,0x00,0xd4,0xd5,0x75,0x01,0x00,0x00,
0x84,0x00,0xd4,0xd5,0x84,0x01,0x00,0x00,0x83,0x00,0xd4,0xd5,0x83,0x01,0x00,0x00,
0x8e,0x00,0xd4,0xd5,0x69,0x01,0x00,0x00,0x8f,0x00,0xd4,0xd5,0x73,0x01,0x00,0x00,
0x77,0x00,0x11,0xd7,0x76,0xef,0x02,0x00,0x76,0x00,0x11,0xd7,0x82,0x0d,0x03,0x00,
0x75,0x00,0x11,0xd7,0x89,0x15,0x03,0x00,0x74,0x00,0x11,0xd7,0x8b,0x0b,0x03,0x00,
0x69,0x00,0x11,0xd7,0x68,0x0f,0x03,0x00,0x68,0x00,0x11,0xd7,0x72,0x11,0x03,0x00,
0x72,0x00,0x11,0xd7,0x8c,0x1b,0x03,0x00,0x73,0x00,0x11,0xd7,0x84,0x07,0x03,0x00,
0x60,0x00,0x11,0xd7,0x62,0xc1,0x02,0x00,0x61,0x00,0x11,0xd7,0x61,0xbb,0x02,0x00,
0x62,0x00,0x11,0xd7,0x81,0xcd,0x02,0x00,0x66,0x00,0x11,0xd7,0x8e,0x1f,0x03,0x00,
0x5c,0x00,0x11,0xd7,0x5e,0xb9,0x02,0x00,0x5d,0x00,0x11,0xd7,0x7c,0xbf,0x02,0x00,
0x5e,0x00,0x11,0xd7,0x7d,0xfd,0x02,0x00,0x5f,0x00,0x11,0xd7,0x7f,0x01,0x03,0x00,
0x57,0x00,0x11,0xd7,0x57,0xb7,0x02,0x00,0x58,0x00,0x11,0xd7,0x58,0xb5,0x02,0x00,
0x5a,0x00,0x11,0xd7,0x78,0xf3,0x02,0x00,0x5b,0x00,0x11,0xd7,0x7a,0xf7,0x02,0x00,
0x53,0x00,0x11,0xd7,0x53,0xa9,0x02,0x00,0x54,0x00,0x11,0xd7,0x56,0xdd,0x02,0x00,
0x55,0x00,0x11,0xd7,0x55,0xdf,0x02,0x00,0x56,0x00,0x11,0xd7,0x70,0xe3,0x02,0x00,
0x4f,0x00,0x11,0xd7,0x4f,0xa1,0x02,0x00,0x50,0x00,0x11,0xd7,0x51,0xa5,0x02,0x00,
0x51,0x00,0x11,0xd7,0x6a,0xd7,0x02,0x00,0x52,0x00,0x11,0xd7,0x6c,0xdb,0x02,0x00,
0x07,0x00,0x11,0xd7,0x07,0x99,0x02,0x00,0x4c,0x00,0x11,0xd7,0x4d,0x9d,0x02,0x00,
0x4d,0x00,0x11,0xd7,0x63,0xc9,0x02,0x00,0x4e,0x00,0x11,0xd7,0x65,0xcf,0x02,0x00,
0x51,0x09,0xa6,0xbf,0x15,0x83,0x04,0xbf,0xac,0x00,0xa2,0xbf,0x15,0x83,0x02,0xbf,
0xab,0x00,0xa1,0xbf,0x07,0x00,0x11,0xd7,0x3e,0x75,0x02,0x00,0x90,0x74,0x9e,0x32,
0x51,0x00,0x11,0xd7,0x36,0x51,0x02,0x00,0x4c,0x00,0x11,0xd7,0x41,0x85,0x02,0x00,
0x4d,0x00,0x16,0xd6,0x44,0x85,0x42,0x02,0x4e,0x00,0x48,0xd6,0x43,0x07,0x16,0x04,
0x50,0x00,0x0e,0xcc,0x07,0x07,0x16,0x0c,0x4f,0x00,0x48,0xd6,0x4f,0x07,0x16,0x04,
0x52,0x00,0x11,0xd7,0x45,0x77,0x02,0x00,0x53,0x00,0x16,0xd6,0x3f,0x77,0x42,0x02,
0x54,0x00,0x48,0xd6,0x3d,0x07,0x16,0x04,0x55,0x00,0x0e,0xcc,0x51,0x07,0x16,0x0c,
0x90,0x50,0xac,0x32,0x07,0x00,0x0e,0xcc,0x4c,0x07,0x16,0x0c,0x4c,0x00,0x0e,0xcc,
0x4d,0x07,0x16,0x0c,0x4d,0x00,0x11,0xd7,0x4e,0xa1,0x02,0x00,0x4e,0x00,0x16,0xd6,
0x4f,0xa1,0x42,0x02,0x4f,0x00,0x0e,0xcc,0x52,0x07,0x16,0x0c,0x50,0x00,0x0e,0xcc,
0x53,0x07,0x16,0x0c,0x51,0x00,0x11,0xd7,0x54,0xab,0x02,0x00,0x52,0x00,0x11,0xd7,
0x2e,0x41,0x02,0x00,0x53,0x00,0x48,0xd6,0x56,0x07,0x16,0x04,0x54,0x00,0x11,0xd7,
0x33,0x6b,0x02,0x00,0x56,0x00,0x16,0xd6,0x46,0x6b,0x42,0x02,0x57,0x00,0x48,0xd6,
0x37,0x07,0x16,0x04,0x58,0x00,0x0e,0xcc,0x52,0x07,0x16,0x0c,0x52,0x00,0x16,0xd6,
0x53,0xab,0x42,0x02,0x90,0x40,0xb4,0x32,0x53,0x00,0x0e,0xcc,0x54,0x07,0x16,0x0c,
0x54,0x00,0x0e,0xcc,0x56,0x07,0x16,0x0c,0x56,0x00,0x11,0xd7,0x26,0x31,0x02,0x00,
0x55,0x00,0x11,0xd7,0x57,0xb1,0x02,0x00,0x57,0x00,0x48,0xd6,0x5a,0x07,0x16,0x04,
0x5a,0x00,0x11,0xd7,0x2b,0x5b,0x02,0x00,0x5b,0x00,0x16,0xd6,0x22,0x5b,0x42,0x02,
0x5c,0x00,0x48,0xd6,0x24,0x07,0x16,0x04,0x5d,0x00,0x0e,0xcc,0x56,0x07,0x16,0x0c,
0x90,0x30,0xbc,0x32,0x56,0x00,0x16,0xd6,0x57,0xb1,0x42,0x02,0x57,0x00,0x0e,0xcc,
0x5a,0x07,0x16,0x0c,0x58,0x00,0x0e,0xcc,0x5b,0x07,0x16,0x0c,0x5a,0x00,0x11,0xd7,
0x5c,0xbb,0x02,0x00,0x5b,0x00,0x11,0xd7,0x1e,0x21,0x02,0x00,0x5c,0x00,0x48,0xd6,
0x5e,0x07,0x16,0x04,0x5f,0x00,0x16,0xd6,0x19,0x47,0x42,0x02,0x5e,0x00,0x11,0xd7,
0x21,0x47,0x02,0x00,0x60,0x00,0x48,0xd6,0x1c,0x07,0x16,0x04,0x61,0x00,0x0e,0xcc,
0x5b,0x07,0x16,0x0c,0x5b,0x00,0x16,0xd6,0x5c,0xbb,0x42,0x02,0x90,0x20,0xc4,0x32,
0x5d,0x00,0x0e,0xcc,0x5f,0x07,0x16,0x0c,0x5f,0x00,0x11,0xd7,0x16,0x11,0x02,0x00,
0x5c,0x00,0x0e,0xcc,0x5e,0x07,0x16,0x0c,0x5e,0x00,0x11,0xd7,0x60,0xc3,0x02,0x00,
0x60,0x00,0x48,0xd6,0x62,0x07,0x16,0x04,0x62,0x00,0x11,0xd7,0x1a,0x37,0x02,0x00,
0x63,0x00,0x16,0xd6,0x11,0x37,0x42,0x02,0x64,0x00,0x48,0xd6,0x14,0x07,0x16,0x04,
0x65,0x00,0x0e,0xcc,0x5f,0x07,0x16,0x0c,0x90,0x10,0xcc,0x32,0x5f,0x00,0x16,0xd6,
0x60,0xc3,0x42,0x02,0x60,0x00,0x0e,0xcc,0x62,0x07,0x16,0x0c,0x61,0x00,0x0e,0xcc,
0x63,0x07,0x16,0x0c,0x62,0x00,0x11,0xd7,0x64,0xcb,0x02,0x00,0x63,0x00,0x11,0xd7,
0x15,0x01,0x02,0x00,0x64,0x00,0x48,0xd6,0x66,0x07,0x16,0x04,0x67,0x00,0x11,0xd7,
0x12,0x27,0x02,0x00,0x6a,0x00,0x48,0xd6,0x0c,0x07,0x16,0x04,0x90,0x00,0xd6,0x32,
0x63,0x00,0x0e,0xcc,0x63,0x07,0x16,0x0c,0x66,0x00,0x16,0xd6,0x64,0xcb,0x42,0x02,
0x69,0x00,0x0e,0xcc,0x67,0x07,0x16,0x0c,0x65,0x00,0x11,0xd7,0x02,0x03,0x02,0x00,
0x90,0x02,0xce,0x32,0x68,0x00,0x16,0xd6,0x0a,0x27,0x42,0x02,0x72,0x00,0x11,0xd7,
0x6a,0xc7,0x02,0x00,0x64,0x00,0x48,0xd6,0x6b,0x07,0x16,0x04,0x6a,0x00,0x11,0xd7,
0x09,0x17,0x02,0x00,0x6b,0x00,0x16,0xd6,0x06,0x17,0x42,0x02,0x6c,0x00,0x48,0xd6,
0x04,0x07,0x16,0x04,0x65,0x00,0x0e,0xcc,0x65,0x07,0x16,0x0c,0x67,0x00,0x48,0xd6,
0x67,0x07,0x16,0x04,0x68,0x00,0x0e,0xcc,0x68,0x07,0x16,0x0c,0x73,0x00,0x16,0xd6,
0x64,0xc7,0x42,0x02,0x77,0x00,0x0e,0xcc,0x6a,0x07,0x16,0x0c,0x76,0x00,0x0e,0xcc,
0x6b,0x07,0x16,0x0c,0x75,0x00,0x11,0xd7,0x6c,0xcb,0x02,0x00,0x74,0x00,0x16,0xd6,
0x67,0xcb,0x42,0x02,0x02,0x00,0xa5,0xbf,0xe3,0x02,0xa0,0xbf,0xe3,0x02,0xa0,0xbf,
0x41,0x17,0x0e,0x7e,0x90,0x84,0x9a,0x32,0x42,0x17,0x98,0x7e,0x44,0x17,0x9c,0x7e,
0x43,0x17,0xa0,0x7e,0xff,0x0e,0x0e,0x10,0x3b,0xaa,0xb8,0x3f,0x4d,0x17,0x9e,0x7e,
0xff,0x98,0x98,0x10,0x3b,0xaa,0xb8,0x3f,0x3e,0x17,0xa2,0x7e,0x3a,0x17,0xa4,0x7e,
0x07,0x4b,0x0e,0x7e,0xff,0x9e,0xc6,0xc8,0xff,0x9c,0x4e,0x4f,0x3b,0xaa,0xb8,0x3f,
0x4c,0x4b,0x98,0x7e,0xff,0xa0,0xc6,0xc8,0xff,0xa2,0x50,0x50,0x3b,0xaa,0xb8,0x3f,
0x12,0x01,0x87,0xbf,0x4f,0x4b,0x9e,0x7e,0x4e,0x4b,0x9c,0x7e,0x80,0x82,0x08,0x7c,
0x02,0x00,0x87,0xbf,0x50,0x4b,0xa0,0x7e,0x07,0x15,0x0e,0x7e,0x90,0x74,0xa6,0x32,
0x51,0x4b,0xa2,0x7e,0x4c,0x15,0x98,0x7e,0x3b,0x17,0xaa,0x7e,0x07,0x00,0x48,0xd6,
0x07,0x07,0x0e,0x84,0xff,0xa4,0xa4,0x10,0x3b,0xaa,0xb8,0x3f,0x4f,0x15,0x9e,0x7e,
0x4c,0x00,0x48,0xd6,0x4c,0x07,0x0e,0x84,0x4e,0x15,0x9c,0x7e,0x41,0x0f,0x0e,0x02,
0x80,0x84,0x08,0x7c,0x4f,0x00,0x48,0xd6,0x4f,0x07,0x0e,0x84,0x53,0x17,0xa8,0x7e,
0x4e,0x00,0x48,0xd6,0x4e,0x07,0x0e,0x84,0x51,0x15,0xa2,0x7e,0x42,0x99,0x98,0x02,
0x80,0x9a,0x08,0x7c,0x28,0x17,0xac,0x7e,0x90,0x50,0xae,0x32,0x90,0x40,0xb8,0x32,
0x35,0x17,0xb4,0x7e,0x4d,0x9f,0x9a,0x02,0x50,0x15,0x9e,0x7e,0x80,0x88,0x08,0x7c,
0x52,0x4b,0xa0,0x7e,0xff,0xac,0xac,0x10,0x3b,0xaa,0xb8,0x3f,0x57,0x17,0xb0,0x7e,
0x4f,0x00,0x48,0xd6,0x4f,0x07,0x0e,0x84,0x44,0x9d,0x9c,0x02,0x80,0x86,0x08,0x7c,
0xff,0xa8,0xa4,0x10,0x3b,0xaa,0xb8,0x3f,0x45,0x17,0xa8,0x7e,0x5c,0x17,0xba,0x7e,
0x20,0x17,0xb6,0x7e,0x43,0x9f,0xc6,0x02,0x52,0x4b,0xa4,0x7e,0x4f,0x00,0x48,0xd6,
0x51,0x07,0x0e,0x84,0x50,0x15,0xa0,0x7e,0x80,0x7c,0x08,0x7c,0x2d,0x17,0xbc,0x7e,
0x18,0x17,0xbe,0x7e,0x90,0x30,0xc0,0x32,0x23,0x17,0xc4,0x7e,0x3e,0x9f,0xc8,0x02,
0x4f,0x00,0x48,0xd6,0x50,0x07,0x0e,0x84,0x52,0x15,0xa0,0x7e,0x80,0x74,0x08,0x7c,
0x60,0x17,0xc2,0x7e,0x10,0x17,0xcc,0x7e,0x90,0x20,0xd0,0x32,0x1b,0x17,0xe4,0x7e,
0x3a,0x9f,0xca,0x02,0x4f,0x00,0x48,0xd6,0x50,0x07,0x0e,0x84,0x80,0xa6,0x08,0x7c,
0xff,0xa8,0xa8,0x10,0x3b,0xaa,0xb8,0x3f,0x68,0x17,0xd2,0x7e,0x90,0x10,0xe6,0x32,
0x08,0x17,0xe8,0x7e,0x53,0x9f,0xce,0x02,0x54,0x4b,0xa2,0x7e,0x80,0x8a,0x08,0x7c,
0x3d,0x17,0xa6,0x7e,0x73,0x17,0xea,0x7e,0x90,0x26,0xec,0x32,0x86,0x00,0x8b,0xd5,
0x0b,0x01,0x00,0x00,0x90,0x16,0x0e,0x33,0x8b,0x00,0x8b,0xd5,0x02,0x01,0x00,0x00,
0x89,0x00,0x8b,0xd5,0x06,0x01,0x00,0x00,0x76,0x17,0xee,0x7e,0x51,0x15,0xa0,0x7e,
0x90,0x02,0x18,0x33,0x8d,0x00,0x8b,0xd5,0x01,0x01,0x00,0x00,0x07,0x00,0x11,0xd7,
0x07,0x99,0x02,0x00,0x4c,0x00,0x44,0xd6,0x4e,0x9b,0xfe,0x03,0x00,0x01,0x04,0x05,
0x4f,0x00,0x48,0xd6,0x50,0x07,0x0e,0x84,0xff,0xaa,0xa8,0x10,0x3b,0xaa,0xb8,0x3f,
0x90,0x76,0xaa,0x32,0x8e,0x00,0x8b,0xd5,0x8c,0x01,0x00,0x00,0x4e,0x00,0x44,0xd6,
0x67,0xcb,0xfe,0x03,0x00,0x01,0x04,0x05,0x45,0x9f,0x9e,0x02,0x54,0x4b,0xa4,0x7e,
0x55,0x17,0xa8,0x7e,0xff,0xa6,0xa6,0x10,0x3b,0xaa,0xb8,0x3f,0x80,0x76,0x08,0x7c,
0xff,0xb6,0xb6,0x10,0x3b,0xaa,0xb8,0x3f,0xff,0xbe,0xbe,0x10,0x3b,0xaa,0xb8,0x3f,
0xff,0xa8,0xa2,0x10,0x3b,0xaa,0xb8,0x3f,0x3f,0x17,0xa8,0x7e,0x53,0x4b,0xa6,0x7e,
0x4d,0x00,0x11,0xd7,0x63,0xc9,0x02,0x00,0x52,0x15,0xa0,0x7e,0x51,0x4b,0xa2,0x7e,
0xff,0xa8,0xa4,0x10,0x3b,0xaa,0xb8,0x3f,0x36,0x17,0xa8,0x7e,0xff,0xcc,0xcc,0x10,
0x3b,0xaa,0xb8,0x3f,0x50,0x00,0x48,0xd6,0x50,0x07,0x0e,0x84,0xff,0xee,0xee,0x10,
0x3b,0xaa,0xb8,0x3f,0x52,0x4b,0xa4,0x7e,0x53,0x15,0xa6,0x7e,0xff,0x16,0xc7,0xc8,
0xff,0x1c,0x8f,0x8b,0x3b,0xaa,0xb8,0x3f,0x96,0x01,0x87,0xbf,0x51,0x15,0xa2,0x7e,
0x53,0x00,0x48,0xd6,0x53,0x07,0x0e,0x84,0x93,0x01,0x87,0xbf,0x8b,0x4b,0x16,0x7f,
0x8e,0x4b,0x1c,0x7f,0xa2,0x03,0x87,0xbf,0x51,0x00,0x48,0xd6,0x51,0x07,0x0e,0x84,
0x3b,0xa1,0xa0,0x02,0x52,0x15,0xa4,0x7e,0x80,0xaa,0x08,0x7c,0x02,0x00,0x87,0xbf,
0x52,0x00,0x48,0xd6,0x52,0x07,0x0e,0x84,0x55,0xa3,0xa2,0x02,0x80,0x7e,0x08,0x7c,
0x56,0x4b,0xaa,0x7e,0x4f,0x00,0x11,0xd7,0x4f,0xa1,0x02,0x00,0x3f,0xa5,0xa4,0x02,
0x80,0x7a,0x08,0x7c,0x3d,0xa7,0xd4,0x02,0x80,0x6c,0x08,0x7c,0xff,0xa8,0xa8,0x10,
0x3b,0xaa,0xb8,0x3f,0xb1,0x00,0x87,0xbf,0x54,0x4b,0xa8,0x7e,0xff,0x0f,0x88,0xbf,
0x54,0x15,0xa8,0x7e,0x53,0x00,0x48,0xd6,0x54,0x07,0x0e,0x84,0x55,0x15,0xa8,0x7e,
0x12,0x01,0x87,0xbf,0x36,0xa7,0xd6,0x02,0x53,0x00,0x48,0xd6,0x54,0x07,0x0e,0x84,
0x80,0x50,0x08,0x7c,0x42,0x01,0x87,0xbf,0x28,0xa7,0xd8,0x02,0x80,0xae,0x08,0x7c,
0xff,0xb0,0xac,0x10,0x3b,0xaa,0xb8,0x3f,0x33,0x17,0xb0,0x7e,0x56,0x4b,0xac,0x7e,
0xff,0x0f,0x88,0xbf,0x56,0x15,0xa8,0x7e,0x91,0x00,0x87,0xbf,0x53,0x00,0x48,0xd6,
0x54,0x07,0x0e,0x84,0x57,0xa7,0xda,0x02,0x80,0x66,0x08,0x7c,0xff,0xb0,0xb0,0x10,
0x3b,0xaa,0xb8,0x3f,0x37,0x17,0xae,0x7e,0xb2,0x01,0x87,0xbf,0x58,0x4b,0xaa,0x7e,
0xff,0xb4,0xb0,0x10,0x3b,0xaa,0xb8,0x3f,0x90,0x6a,0xb4,0x32,0xff,0xae,0xae,0x10,
0x3b,0xaa,0xb8,0x3f,0x50,0x00,0x44,0xd6,0x52,0xa3,0xfe,0x03,0x00,0x01,0x04,0x05,
0x94,0x01,0x87,0xbf,0x58,0x4b,0xac,0x7e,0x5a,0x17,0xb0,0x7e,0x93,0x03,0x87,0xbf,
0x57,0x4b,0xae,0x7e,0x55,0x15,0xa8,0x7e,0xa2,0x01,0x87,0xbf,0xff,0xb0,0xaa,0x10,
0x3b,0xaa,0xb8,0x3f,0x46,0x17,0xb0,0x7e,0x53,0x00,0x48,0xd6,0x54,0x07,0x0e,0x84,
0x16,0x02,0x87,0xbf,0x56,0x15,0xa8,0x7e,0x55,0x4b,0xaa,0x7e,0x96,0x01,0x87,0xbf,
0x57,0x15,0xae,0x7e,0x33,0xa7,0xa6,0x02,0x23,0x02,0x87,0xbf,0x54,0x00,0x48,0xd6,
0x54,0x07,0x0e,0x84,0x80,0x6a,0x08,0x7c,0x57,0x00,0x48,0xd6,0x57,0x07,0x0e,0x84,
0xff,0x0f,0x88,0xbf,0x55,0x15,0xaa,0x7e,0x35,0xa9,0xa8,0x02,0x80,0xb4,0x08,0x7c,
0x93,0x00,0x87,0xbf,0x55,0x00,0x48,0xd6,0x55,0x07,0x0e,0x84,0x5a,0xab,0xaa,0x02,
0x5b,0x4b,0xb4,0x7e,0xff,0xba,0xb6,0x10,0x3b,0xaa,0xb8,0x3f,0x2b,0x17,0xba,0x7e,
0xff,0xb0,0xac,0x10,0x3b,0xaa,0xb8,0x3f,0x80,0x8c,0x08,0x7c,0x2e,0x17,0xb0,0x7e,
0x5b,0x4b,0xb6,0x7e,0xff,0xba,0xba,0x10,0x3b,0xaa,0xb8,0x3f,0x56,0x4b,0xac,0x7e,
0x51,0x00,0x11,0xd7,0x6a,0xd7,0x02,0x00,0x52,0x00,0x44,0xd6,0x6d,0xd9,0xfe,0x03,
0x00,0x01,0x04,0x05,0xff,0x0f,0x88,0xbf,0x56,0x15,0xac,0x7e,0x91,0x00,0x87,0xbf,
0x56,0x00,0x48,0xd6,0x56,0x07,0x0e,0x84,0x46,0xad,0xac,0x02,0x80,0x6e,0x08,0x7c,
0x37,0xaf,0xdc,0x02,0x80,0x5c,0x08,0x7c,0xff,0xb0,0xb0,0x10,0x3b,0xaa,0xb8,0x3f,
0xb1,0x00,0x87,0xbf,0x58,0x4b,0xb0,0x7e,0xff,0x0f,0x88,0xbf,0x58,0x15,0xb0,0x7e,
0x57,0x00,0x48,0xd6,0x58,0x07,0x0e,0x84,0x5a,0x15,0xb0,0x7e,0x5d,0x4b,0xb4,0x7e,
0xff,0xbc,0xba,0x10,0x3b,0xaa,0xb8,0x3f,0x90,0x5a,0xbc,0x32,0x2e,0xaf,0xde,0x02,
0x57,0x00,0x48,0xd6,0x58,0x07,0x0e,0x84,0x5b,0x15,0xb0,0x7e,0x80,0x40,0x08,0x7c,
0x5d,0x4b,0xb6,0x7e,0x5e,0x17,0xba,0x7e,0x53,0x00,0x11,0xd7,0x53,0xa9,0x02,0x00,
0x20,0xaf,0xe0,0x02,0x57,0x00,0x48,0xd6,0x58,0x07,0x0e,0x84,0x5a,0x15,0xb0,0x7e,
0x80,0xb8,0x08,0x7c,0x93,0x01,0x87,0xbf,0x5c,0xaf,0xe2,0x02,0x57,0x00,0x48,0xd6,
0x58,0x07,0x0e,0x84,0x80,0x56,0x08,0x7c,0xff,0xba,0xb4,0x10,0x3b,0xaa,0xb8,0x3f,
0x22,0x17,0xba,0x7e,0x5b,0x15,0xb0,0x7e,0x24,0x17,0xb8,0x7e,0x2b,0xaf,0xae,0x02,
0x5a,0x4b,0xb4,0x7e,0xff,0xba,0xb6,0x10,0x3b,0xaa,0xb8,0x3f,0x26,0x17,0xba,0x7e,
0xff,0xb8,0xb8,0x10,0x3b,0xaa,0xb8,0x3f,0x58,0x00,0x48,0xd6,0x58,0x07,0x0e,0x84,
0x80,0x5a,0x08,0x7c,0x5b,0x4b,0xb6,0x7e,0xff,0xba,0xba,0x10,0x3b,0xaa,0xb8,0x3f,
0x5c,0x4b,0xb8,0x7e,0x54,0x00,0x44,0xd6,0x56,0xab,0xfe,0x03,0x00,0x01,0x04,0x05,
0x5a,0x15,0xb4,0x7e,0x2d,0xb1,0xb0,0x02,0x5d,0x4b,0xba,0x7e,0x80,0xbc,0x08,0x7c,
0x55,0x00,0x11,0xd7,0x6e,0xdf,0x02,0x00,0x5a,0x00,0x48,0xd6,0x5a,0x07,0x0e,0x84,
0x5b,0x15,0xb6,0x7e,0x56,0x00,0x44,0xd6,0x71,0xe1,0xfe,0x03,0x00,0x01,0x04,0x05,
0x5c,0x15,0xb8,0x7e,0x14,0x02,0x87,0xbf,0x5e,0xb5,0xb4,0x02,0x5b,0x00,0x48,0xd6,
0x5b,0x07,0x0e,0x84,0x5f,0x4b,0xbc,0x7e,0x80,0x44,0x08,0x7c,0xff,0xc2,0xbe,0x10,
0x3b,0xaa,0xb8,0x3f,0x21,0x17,0xc2,0x7e,0x5c,0x00,0x48,0xd6,0x5c,0x07,0x0e,0x84,
0x5d,0x15,0xba,0x7e,0x22,0xb7,0xb6,0x02,0x80,0x48,0x08,0x7c,0x5f,0x4b,0xbe,0x7e,
0xff,0xc2,0xc2,0x10,0x3b,0xaa,0xb8,0x3f,0x57,0x00,0x11,0xd7,0x57,0xb1,0x02,0x00,
0x24,0xb9,0xf0,0x02,0x5c,0x00,0x48,0xd6,0x5d,0x07,0x0e,0x84,0x5e,0x15,0xba,0x7e,
0x80,0x4c,0x08,0x7c,0x61,0x4b,0xbc,0x7e,0x58,0x00,0x44,0xd6,0x5b,0xb5,0xfe,0x03,
0x00,0x01,0x04,0x05,0x26,0xb9,0xf2,0x02,0x5c,0x00,0x48,0xd6,0x5d,0x07,0x0e,0x84,
0x80,0x30,0x08,0x7c,0xff,0xc4,0xc2,0x10,0x3b,0xaa,0xb8,0x3f,0x90,0x46,0xc4,0x32,
0x5f,0x15,0xba,0x7e,0x18,0xb9,0xf4,0x02,0x94,0x01,0x87,0xbf,0x61,0x4b,0xbe,0x7e,
0x62,0x17,0xc2,0x7e,0x33,0x02,0x87,0xbf,0x5c,0x00,0x48,0xd6,0x5d,0x07,0x0e,0x84,
0x5e,0x15,0xba,0x7e,0x80,0xc0,0x08,0x7c,0xff,0xc2,0xbc,0x10,0x3b,0xaa,0xb8,0x3f,
0x19,0x17,0xc2,0x7e,0x5a,0x00,0x11,0xd7,0x78,0xf3,0x02,0x00,0x60,0xb9,0xf6,0x02,
0x5c,0x00,0x48,0xd6,0x5d,0x07,0x0e,0x84,0x5e,0x4b,0xbc,0x7e,0x5f,0x15,0xba,0x7e,
0x1c,0x17,0xc0,0x7e,0x80,0x42,0x08,0x7c,0xff,0xc2,0xbe,0x10,0x3b,0xaa,0xb8,0x3f,
0x1e,0x17,0xc2,0x7e,0x5d,0x00,0x48,0xd6,0x5d,0x07,0x0e,0x84,0x5b,0x00,0x44,0xd6,
0x7b,0xf5,0xfe,0x03,0x00,0x01,0x04,0x05,0x21,0xb9,0xb8,0x02,0x5f,0x4b,0xbe,0x7e,
0x80,0x46,0x08,0x7c,0xff,0xc0,0xc0,0x10,0x3b,0xaa,0xb8,0x3f,0x5e,0x15,0xbc,0x7e,
0x23,0xbb,0xba,0x02,0x13,0x01,0x87,0xbf,0x60,0x4b,0xc0,0x7e,0x5e,0x00,0x48,0xd6,
0x5e,0x07,0x0e,0x84,0x80,0xc4,0x08,0x7c,0xff,0xc2,0xc2,0x10,0x3b,0xaa,0xb8,0x3f,
0x36,0x02,0x87,0xbf,0x5f,0x15,0xbe,0x7e,0x5c,0x00,0x11,0xd7,0x5c,0xbb,0x02,0x00,
0x62,0xbd,0xbc,0x02,0x61,0x4b,0xc2,0x7e,0x13,0x03,0x87,0xbf,0x5f,0x00,0x48,0xd6,
0x5f,0x07,0x0e,0x84,0x60,0x15,0xc0,0x7e,0x66,0x4b,0xc4,0x7e,0x80,0x32,0x08,0x7c,
0xff,0xd2,0xcc,0x10,0x3b,0xaa,0xb8,0x3f,0x1a,0x17,0xd2,0x7e,0x60,0x00,0x48,0xd6,
0x60,0x07,0x0e,0x84,0x19,0xbf,0xbe,0x02,0x06,0x00,0x87,0xbf,0x61,0x15,0xc2,0x7e,
0x80,0x38,0x08,0x7c,0x66,0x4b,0xcc,0x7e,0xff,0xd2,0xd2,0x10,0x3b,0xaa,0xb8,0x3f,
0x5d,0x00,0x44,0xd6,0x5f,0xbd,0xfe,0x03,0x00,0x01,0x04,0x05,0x1c,0xc1,0xf8,0x02,
0x60,0x00,0x48,0xd6,0x61,0x07,0x0e,0x84,0x62,0x15,0xc2,0x7e,0x80,0x3c,0x08,0x7c,
0x69,0x4b,0xc4,0x7e,0x93,0x01,0x87,0xbf,0x1e,0xc1,0xfa,0x02,0x60,0x00,0x48,0xd6,
0x61,0x07,0x0e,0x84,0x80,0x20,0x08,0x7c,0xff,0xe4,0xd2,0x10,0x3b,0xaa,0xb8,0x3f,
0x90,0x36,0xe4,0x32,0x66,0x15,0xc2,0x7e,0x10,0xc1,0xfc,0x02,0x94,0x01,0x87,0xbf,
0x69,0x4b,0xcc,0x7e,0x72,0x17,0xd2,0x7e,0x33,0x02,0x87,0xbf,0x60,0x00,0x48,0xd6,
0x61,0x07,0x0e,0x84,0x62,0x15,0xc2,0x7e,0x80,0xd0,0x08,0x7c,0xff,0xd2,0xc4,0x10,
0x3b,0xaa,0xb8,0x3f,0x11,0x17,0xd2,0x7e,0x5e,0x00,0x11,0xd7,0x7c,0xfb,0x02,0x00,
0x68,0xc1,0xfe,0x02,0x60,0x00,0x48,0xd6,0x61,0x07,0x0e,0x84,0x62,0x4b,0xc2,0x7e,
0x66,0x15,0xc4,0x7e,0xff,0xd2,0xcc,0x10,0x3b,0xaa,0xb8,0x3f,0x80,0x34,0x08,0x7c,
0x14,0x17,0xd0,0x7e,0x16,0x17,0xd2,0x7e,0x62,0x00,0x48,0xd6,0x62,0x07,0x0e,0x84,
0x66,0x4b,0xcc,0x7e,0x1a,0xc1,0xc0,0x02,0x80,0x36,0x08,0x7c,0xff,0xd2,0xd2,0x10,
0x3b,0xaa,0xb8,0x3f,0x61,0x15,0xc2,0x7e,0x5f,0x00,0x44,0xd6,0x7f,0xfd,0xfe,0x03,
0x00,0x01,0x04,0x05,0x1b,0xc5,0xc4,0x02,0x80,0xe4,0x08,0x7c,0xc4,0x01,0x87,0xbf,
0x61,0x00,0x48,0xd6,0x61,0x07,0x0e,0x84,0xff,0xd0,0xd0,0x10,0x3b,0xaa,0xb8,0x3f,
0x66,0x15,0xcc,0x7e,0x69,0x4b,0xd2,0x7e,0x72,0xc3,0xc2,0x02,0x13,0x01,0x87,0xbf,
0x68,0x4b,0xd0,0x7e,0x66,0x00,0x48,0xd6,0x66,0x07,0x0e,0x84,0x80,0x22,0x08,0x7c,
0xff,0xe8,0xe4,0x10,0x3b,0xaa,0xb8,0x3f,0xff,0xea,0xe8,0x10,0x3b,0xaa,0xb8,0x3f,
0x12,0x17,0xea,0x7e,0x11,0xcd,0xcc,0x02,0xa6,0x02,0x87,0xbf,0x69,0x15,0xd2,0x7e,
0x80,0x28,0x08,0x7c,0x68,0x15,0xd0,0x7e,0x74,0x4b,0xe8,0x7e,0x91,0x00,0x87,0xbf,
0x68,0x00,0x48,0xd6,0x68,0x07,0x0e,0x84,0x14,0xd1,0x00,0x03,0x68,0x00,0x48,0xd6,
0x69,0x07,0x0e,0x84,0xff,0xea,0xd2,0x10,0x3b,0xaa,0xb8,0x3f,0x13,0x17,0xea,0x7e,
0xff,0x0f,0x88,0xbf,0x74,0x15,0xe8,0x7e,0x80,0x2c,0x08,0x7c,0x60,0x00,0x11,0xd7,
0x60,0xc5,0x02,0x00,0x69,0x4b,0xd2,0x7e,0xff,0xea,0xea,0x10,0x3b,0xaa,0xb8,0x3f,
0x72,0x4b,0xe4,0x7e,0x16,0xd1,0x02,0x03,0x80,0x10,0x08,0x7c,0x61,0x00,0x44,0xd6,
0x66,0xc3,0xfe,0x03,0x00,0x01,0x04,0x05,0xff,0x0f,0x88,0xbf,0x72,0x15,0xe4,0x7e,
0x01,0x00,0x87,0xbf,0x68,0x00,0x48,0xd6,0x72,0x07,0x0e,0x84,0x72,0x00,0x48,0xd6,
0x74,0x07,0x0e,0x84,0x75,0x4b,0xe8,0x7e,0x77,0x4b,0xea,0x7e,0x0a,0x17,0xee,0x7e,
0x08,0xd1,0x04,0x03,0x69,0x15,0xd0,0x7e,0x80,0xe6,0x08,0x7c,0x94,0x01,0x87,0xbf,
0xff,0xee,0xd2,0x10,0x3b,0xaa,0xb8,0x3f,0x68,0x00,0x48,0xd6,0x68,0x07,0x0e,0x84,
0x73,0xe5,0x06,0x03,0x0c,0x17,0xe4,0x7e,0x74,0x15,0xe6,0x7e,0x80,0x24,0x08,0x7c,
0x75,0x15,0xe8,0x7e,0x69,0x4b,0xd2,0x7e,0x15,0x17,0xea,0x7e,0x73,0x00,0x48,0xd6,
0x73,0x07,0x0e,0x84,0x12,0xd1,0xd0,0x02,0x80,0x26,0x08,0x7c,0x44,0x02,0x87,0xbf,
0xff,0xe4,0xc6,0xc8,0xff,0xea,0x74,0x72,0x3b,0xaa,0xb8,0x3f,0x74,0x00,0x48,0xd6,
0x74,0x07,0x0e,0x84,0x62,0x00,0x11,0xd7,0x80,0x03,0x03,0x00,0x13,0xe7,0xe6,0x02,
0x72,0x4b,0xe4,0x7e,0x69,0x15,0xd2,0x7e,0x80,0xec,0x08,0x7c,0x75,0x4b,0xea,0x7e,
0x66,0x00,0x44,0xd6,0x83,0x05,0xff,0x03,0x00,0x01,0x04,0x05,0x43,0x03,0x87,0xbf,
0x69,0x00,0x48,0xd6,0x69,0x07,0x0e,0x84,0x76,0xe9,0x08,0x03,0x00,0x17,0xe8,0x7e,
0x80,0x14,0x08,0x7c,0x72,0x15,0xe4,0x7e,0x90,0x00,0xec,0x32,0x24,0x02,0x87,0xbf,
0xff,0xe8,0xd2,0xc8,0x0a,0xd3,0x84,0x74,0x3b,0xaa,0xb8,0x3f,0x09,0x17,0xd2,0x7e,
0x72,0x00,0x48,0xd6,0x72,0x07,0x0e,0x84,0x75,0x15,0xea,0x7e,0x80,0x18,0x08,0x7c,
0x74,0x4b,0xe8,0x7e,0xff,0xd2,0xd2,0x10,0x3b,0xaa,0xb8,0x3f,0x76,0x17,0xee,0x7e,
0x75,0x00,0x48,0xd6,0x75,0x07,0x0e,0x84,0x0c,0xe5,0xe4,0x02,0x80,0x2a,0x08,0x7c,
0x69,0x4b,0xd2,0x7e,0x03,0x00,0x87,0xbf,0xff,0xee,0xd2,0xc8,0x15,0xeb,0x88,0x77,
0x3b,0xaa,0xb8,0x3f,0x75,0x00,0x8b,0xd5,0x87,0x01,0x00,0x00,0xff,0x0c,0x0d,0x11,
0x3b,0xaa,0xb8,0x3f,0x74,0x15,0xe8,0x7e,0x80,0x00,0x08,0x7c,0x77,0x4b,0xee,0x7e,
0xff,0xea,0xea,0x10,0x3b,0xaa,0xb8,0x3f,0x86,0x4b,0x0c,0x7f,0x74,0x00,0x48,0xd6,
0x74,0x07,0x0e,0x84,0x69,0x15,0xd2,0x7e,0x72,0x00,0x11,0xd7,0x72,0x11,0x03,0x00,
0x93,0x01,0x87,0xbf,0x00,0xe9,0x14,0x03,0x69,0x00,0x48,0xd6,0x69,0x07,0x0e,0x84,
0x75,0x4b,0xe8,0x7e,0xff,0x12,0xeb,0x10,0x3b,0xaa,0xb8,0x3f,0x06,0x00,0x87,0xbf,
0x86,0x00,0x8a,0xd5,0x86,0x01,0x00,0x00,0x80,0x12,0x08,0x7c,0x89,0x00,0x8b,0xd5,
0x04,0x01,0x00,0x00,0x77,0x15,0xee,0x7e,0x75,0x4b,0xea,0x7e,0x86,0x00,0x48,0xd6,
0x86,0x07,0x0e,0x84,0x09,0xd3,0xd2,0x02,0x80,0x16,0x08,0x7c,0xff,0x12,0x13,0x11,
0x3b,0xaa,0xb8,0x3f,0x74,0x15,0xe8,0x7e,0x77,0x00,0x48,0xd6,0x77,0x07,0x0e,0x84,
0x0b,0x0d,0x0d,0x03,0x14,0x03,0x87,0xbf,0x89,0x4b,0x12,0x7f,0x75,0x15,0xea,0x7e,
0x74,0x00,0x48,0xd6,0x74,0x07,0x0e,0x84,0x6a,0x00,0x04,0xd4,0x80,0x0e,0x03,0x00,
0xff,0x1a,0x1b,0x11,0x3b,0xaa,0xb8,0x3f,0x14,0x02,0x87,0xbf,0x75,0x00,0x48,0xd6,
0x75,0x07,0x0e,0x84,0x87,0xe9,0xe8,0x02,0x13,0x03,0x87,0xbf,0x8d,0x4b,0x1a,0x7f,
0x89,0x00,0x8a,0xd5,0x89,0x01,0x00,0x00,0x80,0x0c,0x08,0x7c,0x87,0x00,0x8a,0xd5,
0x8b,0x01,0x00,0x00,0x33,0x02,0x87,0xbf,0x89,0x00,0x48,0xd6,0x89,0x07,0x0e,0x84,
0x06,0xeb,0xea,0x02,0x80,0x08,0x08,0x7c,0x87,0x00,0x48,0xd6,0x87,0x07,0x0e,0x84,
0x45,0x02,0x87,0xbf,0x8b,0x00,0x8a,0xd5,0x8d,0x01,0x00,0x00,0x8d,0x00,0x8a,0xd5,
0x8e,0x01,0x00,0x00,0x04,0x13,0x13,0x03,0x80,0x04,0x08,0x7c,0x8b,0x00,0x48,0xd6,
0x8b,0x07,0x0e,0x84,0x34,0x02,0x87,0xbf,0x8d,0x00,0x48,0xd6,0x8d,0x07,0x0e,0x84,
0x02,0x0f,0x0f,0x03,0x80,0x02,0x08,0x7c,0x01,0x17,0x17,0x03,0x6a,0x00,0x04,0xd4,
0x80,0x18,0x03,0x00,0x8c,0x1b,0x19,0x03,0x80,0xec,0x08,0x7c,0x76,0xef,0x1a,0x03,
0x77,0x00,0x11,0xd7,0x69,0x0d,0x03,0x00,0x76,0x00,0x44,0xd6,0x75,0xe9,0xfe,0x03,
0x00,0x01,0x04,0x05,0x75,0x00,0x11,0xd7,0x89,0x0f,0x03,0x00,0x74,0x00,0x44,0xd6,
0x8c,0x17,0xff,0x03,0x00,0x01,0x04,0x05,0x69,0x00,0x11,0xd7,0x68,0xe7,0x02,0x00,
0x68,0x00,0x44,0xd6,0x85,0x09,0xff,0x03,0x00,0x01,0x04,0x05,0x73,0x00,0x44,0xd6,
0x8d,0x15,0xff,0x03,0x00,0x01,0x04,0x05,0xbf,0x05,0xa6,0xbf,0x15,0x81,0x02,0xbf,
0x8e,0x03,0xa1,0xbf,0x90,0x84,0x0e,0x32,0x41,0x17,0x98,0x7e,0x80,0x82,0x08,0x7c,
0x42,0x17,0x9a,0x7e,0x44,0x17,0xa0,0x7e,0x07,0x17,0x9c,0x7e,0xff,0x98,0xd2,0xc8,
0x41,0x0b,0x4e,0x4c,0x3b,0xaa,0xb8,0x3f,0x24,0x02,0x87,0xbf,0xff,0x9a,0x9a,0x10,
0x3b,0xaa,0xb8,0x3f,0x43,0x17,0xa2,0x7e,0xff,0x9c,0x9c,0x10,0x3b,0xaa,0xb8,0x3f,
0x04,0x00,0x87,0xbf,0x4c,0x4b,0x98,0x7e,0xff,0xa0,0xa0,0x10,0x3b,0xaa,0xb8,0x3f,
0x4d,0x4b,0x9a,0x7e,0xff,0xa2,0xa2,0x10,0x3b,0xaa,0xb8,0x3f,0x4e,0x4b,0x9c,0x7e,
0x01,0x00,0x04,0xd4,0x80,0x0e,0x02,0x00,0x3e,0x17,0xa4,0x7e,0x50,0x4b,0xa0,0x7e,
0x51,0x4b,0xa2,0x7e,0x00,0x00,0x04,0xd4,0x80,0x84,0x02,0x00,0x4c,0x15,0x98,0x7e,
0x54,0x00,0x01,0xd5,0x07,0x0b,0x06,0x00,0x4d,0x15,0x9a,0x7e,0x45,0x17,0xae,0x7e,
0x4e,0x15,0x9c,0x7e,0x07,0x00,0x48,0xd6,0x4c,0x07,0x0e,0x84,0xff,0xa4,0xa4,0x10,
0x3b,0xaa,0xb8,0x3f,0x4c,0x00,0x48,0xd6,0x4d,0x07,0x0e,0x84,0x53,0x00,0x01,0xd5,
0x42,0x0b,0x02,0x00,0x4d,0x00,0x48,0xd6,0x4e,0x07,0x0e,0x84,0x05,0x0f,0x0e,0x02,
0x50,0x15,0x9c,0x7e,0x51,0x15,0xa0,0x7e,0x90,0x74,0xa2,0x32,0x4d,0x00,0x01,0xd5,
0x05,0x9b,0x06,0x00,0x07,0x9f,0x0e,0x6a,0x3a,0x17,0x9e,0x7e,0x52,0x4b,0xa4,0x7e,
0x4c,0x00,0x01,0xd5,0x05,0x99,0x02,0x00,0x4d,0xa9,0x9a,0x6a,0x51,0x17,0xa8,0x7e,
0xff,0x9e,0x9e,0x10,0x3b,0xaa,0xb8,0x3f,0x4e,0x00,0x48,0xd6,0x4e,0x07,0x0e,0x84,
0x80,0x88,0x08,0x7c,0x50,0x00,0x48,0xd6,0x50,0x07,0x0e,0x84,0xff,0xa8,0xa8,0x10,
0x3b,0xaa,0xb8,0x3f,0x4f,0x4b,0x9e,0x7e,0x52,0x15,0xa4,0x7e,0x00,0x00,0x04,0xd4,
0x80,0x86,0x02,0x00,0x4c,0xa7,0x98,0x6a,0x44,0x0b,0x52,0xca,0x05,0x9d,0x4e,0x53,
0x80,0x7c,0x08,0x7c,0x52,0x00,0x48,0xd6,0x52,0x07,0x0e,0x84,0x55,0x00,0x01,0xd5,
0x43,0x0b,0x02,0x00,0x50,0x00,0x01,0xd5,0x05,0xa1,0x02,0x00,0x05,0x00,0x87,0xbf,
0x4f,0x15,0x9e,0x7e,0x54,0x4b,0xa8,0x7e,0x05,0xa5,0xa4,0x02,0x4e,0xa7,0x9c,0x6a,
0x50,0xab,0xc6,0x6a,0x4f,0x00,0x48,0xd6,0x4f,0x07,0x0e,0x84,0x3e,0x0b,0xac,0x02,
0x80,0x74,0x08,0x7c,0x90,0x76,0xaa,0x32,0x00,0x00,0x04,0xd4,0x80,0x6c,0x02,0x00,
0x2b,0x17,0xc0,0x7e,0x54,0x15,0xa6,0x7e,0x05,0x9f,0x9e,0x02,0x52,0xad,0xc8,0x6a,
0x55,0x17,0xac,0x7e,0xff,0xae,0xa0,0x10,0x3b,0xaa,0xb8,0x3f,0x3b,0x17,0xa4,0x7e,
0x3a,0x0b,0xa8,0x02,0x53,0x00,0x48,0xd6,0x53,0x07,0x0e,0x84,0x80,0xa2,0x08,0x7c,
0x50,0x4b,0xa0,0x7e,0xff,0xa4,0xa4,0x10,0x3b,0xaa,0xb8,0x3f,0x4f,0xa9,0xca,0x6a,
0x3f,0x17,0xa8,0x7e,0x5b,0x00,0x01,0xd5,0x36,0x0b,0x02,0x00,0x33,0x17,0xb8,0x7e,
0x21,0x17,0xd0,0x7e,0x1a,0x17,0xe8,0x7e,0x90,0x26,0x02,0x33,0x8d,0x00,0x8b,0xd5,
0x01,0x01,0x00,0x00,0x50,0x15,0x9e,0x7e,0x51,0x0b,0xa0,0x02,0x05,0xa7,0xa2,0x02,
0x52,0x4b,0xa4,0x7e,0xff,0xac,0xa6,0x10,0x3b,0xaa,0xb8,0x3f,0x4f,0x00,0x48,0xd6,
0x4f,0x07,0x0e,0x84,0x80,0x8a,0x08,0x7c,0x51,0xa1,0xce,0x6a,0x36,0x17,0xac,0x7e,
0x53,0x4b,0xa6,0x7e,0x82,0x00,0x8b,0xd5,0x81,0x01,0x00,0x00,0x45,0x0b,0xa0,0x02,
0x05,0x9f,0x9e,0x02,0x52,0x15,0xa4,0x7e,0x80,0x76,0x08,0x7c,0x90,0x16,0x12,0x33,
0x8c,0x00,0x8b,0xd5,0x04,0x01,0x00,0x00,0x4f,0xa1,0x9e,0x6a,0x51,0x00,0x48,0xd6,
0x52,0x07,0x0e,0x84,0xff,0xa8,0xa8,0x10,0x3b,0xaa,0xb8,0x3f,0x53,0x15,0xa0,0x7e,
0x3b,0x0b,0xa6,0x02,0x8a,0x00,0x8b,0xd5,0x89,0x01,0x00,0x00,0x05,0xa3,0xa2,0x02,
0x54,0x4b,0xa4,0x7e,0x3d,0x17,0xa8,0x7e,0x57,0x00,0x48,0xd6,0x50,0x07,0x0e,0x84,
0x80,0xaa,0x08,0x7c,0xff,0xac,0xac,0x10,0x3b,0xaa,0xb8,0x3f,0x51,0xa7,0xa0,0x6a,
0xff,0xa8,0xa8,0x10,0x3b,0xaa,0xb8,0x3f,0x07,0x00,0x11,0xd7,0x07,0x99,0x02,0x00,
0x55,0x0b,0xa2,0x02,0x05,0xaf,0xa6,0x02,0x56,0x4b,0xaa,0x7e,0x54,0x4b,0xa8,0x7e,
0x28,0x17,0xac,0x7e,0x52,0x15,0xa4,0x7e,0x80,0x7e,0x08,0x7c,0x53,0xa3,0xa2,0x6a,
0x90,0x50,0xae,0x32,0x4f,0x00,0x11,0xd7,0x4f,0xa1,0x02,0x00,0x52,0x00,0x48,0xd6,
0x52,0x07,0x0e,0x84,0x4c,0x00,0x11,0xd7,0x4d,0x9d,0x02,0x00,0x55,0x15,0xaa,0x7e,
0x54,0x15,0xa6,0x7e,0x57,0x17,0xb0,0x7e,0x05,0xa5,0xa4,0x02,0x4d,0x00,0x11,0xd7,
0x63,0xc9,0x02,0x00,0x55,0x00,0x48,0xd6,0x55,0x07,0x0e,0x84,0x53,0x00,0x48,0xd6,
0x53,0x07,0x0e,0x84,0x3f,0x0b,0xa8,0x02,0x80,0x7a,0x08,0x7c,0x4e,0x00,0x11,0xd7,
0x65,0xcf,0x02,0x00,0x55,0x00,0x01,0xd5,0x05,0xab,0x02,0x00,0xff,0x1a,0x1b,0x11,
0x3b,0xaa,0xb8,0x3f,0x05,0xa7,0xa6,0x02,0x3d,0x0b,0xb4,0x02,0x54,0x02,0x87,0xbf,
0x55,0xb7,0xd6,0x6a,0x35,0x17,0xaa,0x7e,0xff,0xac,0xac,0x10,0x3b,0xaa,0xb8,0x3f,
0x80,0x50,0x08,0x7c,0x53,0xb5,0xd4,0x6a,0xff,0xaa,0xaa,0x10,0x3b,0xaa,0xb8,0x3f,
0x94,0x00,0x87,0xbf,0x56,0x4b,0xac,0x7e,0x55,0x4b,0xaa,0x7e,0xff,0x0f,0x88,0xbf,
0x56,0x15,0xac,0x7e,0x55,0x15,0xaa,0x7e,0x32,0x02,0x87,0xbf,0x53,0x00,0x48,0xd6,
0x56,0x07,0x0e,0x84,0xff,0xb0,0xb0,0x10,0x3b,0xaa,0xb8,0x3f,0x90,0x6a,0xac,0x32,
0x55,0x00,0x48,0xd6,0x55,0x07,0x0e,0x84,0x14,0x02,0x87,0xbf,0x05,0xa7,0xa6,0x02,
0x58,0x4b,0xb0,0x7e,0x23,0x01,0x87,0xbf,0x56,0x17,0xb6,0x7e,0x00,0x00,0x04,0xd4,
0x80,0xac,0x02,0x00,0xff,0xb6,0xb6,0x10,0x3b,0xaa,0xb8,0x3f,0xb2,0x00,0x87,0xbf,
0x56,0x00,0x01,0xd5,0x56,0x0b,0x02,0x00,0xff,0x0f,0x88,0xbf,0x58,0x15,0xb0,0x7e,
0x58,0x00,0x48,0xd6,0x58,0x07,0x0e,0x84,0x28,0x0b,0xb4,0x02,0x80,0xae,0x08,0x7c,
0x02,0x00,0x87,0xbf,0x53,0xb5,0xd8,0x6a,0x57,0x0b,0xa6,0x02,0x05,0xb1,0xae,0x02,
0x52,0xa9,0xa4,0x6a,0x80,0x66,0x08,0x7c,0xff,0xb8,0xa8,0x10,0x3b,0xaa,0xb8,0x3f,
0x5b,0x4b,0xb0,0x7e,0x57,0xa7,0xda,0x6a,0x46,0x17,0xb4,0x7e,0x33,0x0b,0xa6,0x02,
0x54,0x4b,0xa8,0x7e,0x2e,0x17,0xb8,0x7e,0x50,0x00,0x11,0xd7,0x51,0xa5,0x02,0x00,
0xff,0xb4,0xae,0x10,0x3b,0xaa,0xb8,0x3f,0x37,0x17,0xb4,0x7e,0x51,0x00,0x11,0xd7,
0x6a,0xd7,0x02,0x00,0x58,0x15,0xb0,0x7e,0xff,0xb8,0xb8,0x10,0x3b,0xaa,0xb8,0x3f,
0x57,0x4b,0xae,0x7e,0xff,0xb4,0xb4,0x10,0x3b,0xaa,0xb8,0x3f,0x54,0x15,0xa8,0x7e,
0x58,0x00,0x48,0xd6,0x58,0x07,0x0e,0x84,0x52,0x00,0x11,0xd7,0x6c,0xdb,0x02,0x00,
0x94,0x01,0x87,0xbf,0x5a,0x4b,0xb4,0x7e,0x54,0x00,0x48,0xd6,0x54,0x07,0x0e,0x84,
0x23,0x03,0x87,0xbf,0x58,0x00,0x01,0xd5,0x05,0xb1,0x02,0x00,0x00,0x00,0x04,0xd4,
0x80,0x6e,0x02,0x00,0x57,0x15,0xae,0x7e,0x24,0x02,0x87,0xbf,0x05,0xa9,0xa8,0x02,
0x80,0x6a,0x08,0x7c,0x5e,0x00,0x01,0xd5,0x37,0x0b,0x02,0x00,0x43,0x01,0x87,0xbf,
0x54,0xa7,0xa6,0x6a,0x35,0x0b,0xb6,0x02,0x05,0xab,0xaa,0x02,0x80,0x8c,0x08,0x7c,
0x55,0xb7,0xa8,0x6a,0x58,0xad,0xaa,0x6a,0x56,0x00,0x48,0xd6,0x57,0x07,0x0e,0x84,
0x5c,0x4b,0xae,0x7e,0x90,0x40,0xb6,0x32,0x5a,0x15,0xb0,0x7e,0x20,0x17,0xb4,0x7e,
0x05,0xad,0xac,0x02,0x53,0x00,0x11,0xd7,0x53,0xa9,0x02,0x00,0x5b,0x17,0xba,0x7e,
0x58,0x00,0x48,0xd6,0x58,0x07,0x0e,0x84,0x95,0x01,0x87,0xbf,0x57,0x15,0xae,0x7e,
0xff,0xba,0xba,0x10,0x3b,0xaa,0xb8,0x3f,0x23,0x02,0x87,0xbf,0x58,0x00,0x01,0xd5,
0x05,0xb1,0x02,0x00,0x00,0x00,0x04,0xd4,0x80,0x4c,0x02,0x00,0x57,0x00,0x48,0xd6,
0x57,0x07,0x0e,0x84,0x46,0x0b,0xb8,0x02,0x80,0x5c,0x08,0x7c,0x5d,0x4b,0xba,0x7e,
0x58,0xbd,0xdc,0x6a,0x2d,0x17,0xb0,0x7e,0x90,0x5a,0xbc,0x32,0x05,0xaf,0xae,0x02,
0x2e,0x0b,0xbe,0x02,0x80,0x40,0x08,0x7c,0xff,0xb4,0xb4,0x10,0x3b,0xaa,0xb8,0x3f,
0x56,0xb9,0xac,0x6a,0x66,0x00,0x01,0xd5,0x26,0x0b,0x02,0x00,0x5d,0x15,0xb8,0x7e,
0x20,0x0b,0xba,0x02,0x5a,0x4b,0xb4,0x7e,0x57,0xbf,0xde,0x6a,0xff,0xc0,0xae,0x10,
0x3b,0xaa,0xb8,0x3f,0x5c,0x00,0x48,0xd6,0x5c,0x07,0x0e,0x84,0x5e,0x17,0xbe,0x7e,
0x90,0x30,0xc0,0x32,0x54,0x00,0x11,0xd7,0x55,0xad,0x02,0x00,0x57,0x4b,0xae,0x7e,
0x55,0x00,0x11,0xd7,0x6e,0xdf,0x02,0x00,0x26,0x01,0x87,0xbf,0x5a,0x15,0xb4,0x7e,
0x60,0x17,0xc2,0x7e,0x5a,0x00,0x48,0xd6,0x5a,0x07,0x0e,0x84,0xd2,0x01,0x87,0xbf,
0xff,0xc2,0xc2,0x10,0x3b,0xaa,0xb8,0x3f,0xff,0x0f,0x88,0xbf,0x57,0x15,0xae,0x7e,
0x05,0xb5,0xb4,0x02,0x80,0xb6,0x08,0x7c,0x57,0x00,0x48,0xd6,0x57,0x07,0x0e,0x84,
0x61,0x4b,0xc2,0x7e,0xc3,0x01,0x87,0xbf,0x5a,0xbb,0xe0,0x6a,0x22,0x17,0xba,0x7e,
0xff,0xb0,0xb0,0x10,0x3b,0xaa,0xb8,0x3f,0x5b,0x0b,0x52,0xca,0x05,0xb9,0x5a,0x5a,
0xff,0xbe,0xc6,0xc8,0xff,0xba,0x5c,0x5c,0x3b,0xaa,0xb8,0x3f,0xa3,0x01,0x87,0xbf,
0x58,0x4b,0xb0,0x7e,0x80,0x56,0x08,0x7c,0x5b,0xb5,0xe2,0x6a,0x03,0x00,0x87,0xbf,
0x5c,0x4b,0xb8,0x7e,0x5d,0x4b,0xb6,0x7e,0x24,0x17,0xba,0x7e,0x2b,0x0b,0x52,0xca,
0x05,0xaf,0x56,0x5a,0x80,0x5a,0x08,0x7c,0x26,0x17,0xbe,0x7e,0x37,0x03,0x87,0xbf,
0x58,0x15,0xb0,0x7e,0xff,0xba,0xba,0x10,0x3b,0xaa,0xb8,0x3f,0x57,0xb5,0xae,0x6a,
0x5c,0x15,0xb4,0x7e,0x2d,0x0b,0x46,0xca,0xff,0xbe,0x5e,0x5c,0x3b,0xaa,0xb8,0x3f,
0x58,0x00,0x48,0xd6,0x58,0x07,0x0e,0x84,0x5b,0x15,0xb6,0x7e,0x04,0x00,0x87,0xbf,
0x5a,0x00,0x48,0xd6,0x5a,0x07,0x0e,0x84,0x5d,0x4b,0xba,0x7e,0x61,0x15,0xc2,0x7e,
0x05,0xb1,0xb0,0x02,0x80,0xbc,0x08,0x7c,0x5b,0x00,0x48,0xd6,0x5b,0x07,0x0e,0x84,
0x56,0x00,0x11,0xd7,0x70,0xe3,0x02,0x00,0x61,0x00,0x48,0xd6,0x61,0x07,0x0e,0x84,
0x58,0xb9,0xb0,0x6a,0x5e,0x0b,0xb8,0x02,0x5f,0x4b,0xbc,0x7e,0x18,0x17,0xbe,0x7e,
0x05,0xb5,0xb4,0x02,0x80,0x44,0x08,0x7c,0x57,0x00,0x11,0xd7,0x57,0xb1,0x02,0x00,
0x04,0x00,0x87,0xbf,0xff,0xbe,0xbe,0x10,0x3b,0xaa,0xb8,0x3f,0x05,0xb7,0xb6,0x02,
0x5a,0xb9,0xb4,0x6a,0x5d,0x15,0xb8,0x7e,0x22,0x0b,0xba,0x02,0x5f,0x4b,0xbe,0x7e,
0x80,0x48,0x08,0x7c,0x5e,0x15,0xbc,0x7e,0x5c,0x00,0x48,0xd6,0x5c,0x07,0x0e,0x84,
0x5b,0xbb,0xb6,0x6a,0xff,0xd0,0xd2,0xc8,0x24,0x0b,0x62,0x5d,0x3b,0xaa,0xb8,0x3f,
0x14,0x02,0x87,0xbf,0x5e,0x00,0x48,0xd6,0x5e,0x07,0x0e,0x84,0x05,0xb9,0xb8,0x02,
0x80,0x30,0x08,0x7c,0x05,0x00,0x87,0xbf,0x5f,0x15,0xbe,0x7e,0x5d,0x4b,0xba,0x7e,
0x5e,0x00,0x01,0xd5,0x05,0xbd,0x02,0x00,0x5c,0xc5,0xf0,0x6a,0x18,0x0b,0xc4,0x02,
0x5c,0x00,0x48,0xd6,0x5f,0x07,0x0e,0x84,0x90,0x46,0xbe,0x32,0x5e,0xcd,0xf2,0x6a,
0x23,0x17,0xbc,0x7e,0x1e,0x17,0xd0,0x7e,0x05,0xb9,0xb8,0x02,0x80,0xc0,0x08,0x7c,
0x5d,0x15,0xba,0x7e,0x5f,0x17,0xcc,0x7e,0x00,0x00,0x04,0xd4,0x80,0xbe,0x02,0x00,
0x5c,0xc5,0xf4,0x6a,0x60,0x0b,0xb8,0x02,0x05,0xc3,0xc0,0x02,0x5d,0x00,0x48,0xd6,
0x5d,0x07,0x0e,0x84,0x80,0x42,0x08,0x7c,0xff,0xbc,0xbc,0x10,0x3b,0xaa,0xb8,0x3f,
0xff,0xcc,0xcc,0x10,0x3b,0xaa,0xb8,0x3f,0x19,0x17,0xc4,0x7e,0x60,0xb9,0xf6,0x6a,
0x05,0xbb,0xba,0x02,0x5e,0x4b,0xbc,0x7e,0x66,0x4b,0xc2,0x7e,0x21,0x0b,0xb8,0x02,
0xff,0xc4,0xc0,0x10,0x3b,0xaa,0xb8,0x3f,0x1c,0x17,0xc4,0x7e,0x80,0x46,0x08,0x7c,
0xff,0xd0,0xd0,0x10,0x3b,0xaa,0xb8,0x3f,0x5d,0xb9,0xb8,0x6a,0x60,0x4b,0xc0,0x7e,
0xff,0xc4,0xc4,0x10,0x3b,0xaa,0xb8,0x3f,0x5e,0x15,0xbc,0x7e,0x61,0x15,0xc2,0x7e,
0x23,0x0b,0xcc,0x02,0x5f,0x00,0x01,0xd5,0x5f,0x0b,0x02,0x00,0x62,0x4b,0xc4,0x7e,
0x5e,0x00,0x48,0xd6,0x5e,0x07,0x0e,0x84,0x61,0x00,0x48,0xd6,0x61,0x07,0x0e,0x84,
0x58,0x00,0x11,0xd7,0x5a,0xb7,0x02,0x00,0x60,0x15,0xc0,0x7e,0x5a,0x00,0x11,0xd7,
0x78,0xf3,0x02,0x00,0x05,0xbd,0xbc,0x02,0x61,0x00,0x01,0xd5,0x05,0xc3,0x02,0x00,
0x80,0x32,0x08,0x7c,0x60,0x00,0x48,0xd6,0x60,0x07,0x0e,0x84,0x00,0x00,0x04,0xd4,
0x80,0x38,0x02,0x00,0x5e,0xcd,0xba,0x6a,0x10,0x17,0xcc,0x7e,0x68,0x4b,0xbc,0x7e,
0x90,0x20,0xd0,0x32,0x61,0xbf,0xbe,0x6a,0x62,0x15,0xc2,0x7e,0xff,0xcc,0xcc,0x10,
0x3b,0xaa,0xb8,0x3f,0x19,0x0b,0xc4,0x02,0x68,0x17,0xd2,0x7e,0x05,0xc1,0xc0,0x02,
0x61,0x00,0x48,0xd6,0x61,0x07,0x0e,0x84,0x66,0x4b,0xcc,0x7e,0x72,0x00,0x01,0xd5,
0x1c,0x0b,0x02,0x00,0xff,0xd2,0xd2,0x10,0x3b,0xaa,0xb8,0x3f,0x60,0xc5,0xf8,0x6a,
0x61,0x00,0x01,0xd5,0x05,0xc3,0x02,0x00,0x5e,0x15,0xbc,0x7e,0x1b,0x17,0xc4,0x7e,
0x69,0x4b,0xd2,0x7e,0x80,0x3c,0x08,0x7c,0x61,0xe5,0xfa,0x6a,0x66,0x15,0xc0,0x7e,
0x90,0x36,0xcc,0x32,0xff,0xe8,0xc2,0x10,0x3b,0xaa,0xb8,0x3f,0x5e,0x00,0x48,0xd6,
0x5e,0x07,0x0e,0x84,0xff,0xc4,0xc4,0x10,0x3b,0xaa,0xb8,0x3f,0x00,0x00,0x04,0xd4,
0x80,0xd0,0x02,0x00,0x66,0x17,0xe4,0x7e,0x69,0x15,0xd2,0x7e,0x61,0x4b,0xc2,0x7e,
0x1e,0x0b,0x52,0xca,0x05,0xbd,0x5e,0x73,0x93,0x01,0x87,0xbf,0xff,0xe4,0xe4,0x10,
0x3b,0xaa,0xb8,0x3f,0x69,0x00,0x48,0xd6,0x69,0x07,0x0e,0x84,0x60,0x00,0x48,0xd6,
0x60,0x07,0x0e,0x84,0x80,0x20,0x08,0x7c,0x62,0x4b,0xc4,0x7e,0x72,0x4b,0xe4,0x7e,
0x68,0x00,0x01,0xd5,0x68,0x0b,0x02,0x00,0x69,0x00,0x01,0xd5,0x05,0xd3,0x02,0x00,
0x5e,0xe7,0xbc,0x6a,0x10,0x0b,0x52,0xca,0x05,0xc1,0x60,0x73,0x61,0x15,0xc2,0x7e,
0xb4,0x02,0x87,0xbf,0x69,0xd1,0xfe,0x6a,0x00,0x00,0x04,0xd4,0x80,0x36,0x02,0x00,
0x80,0x34,0x08,0x7c,0x72,0x15,0xd2,0x7e,0x14,0x17,0xe4,0x7e,0x60,0xe7,0xfc,0x6a,
0x60,0x00,0x48,0xd6,0x61,0x07,0x0e,0x84,0x62,0x15,0xc2,0x7e,0x11,0x17,0xc4,0x7e,
0xff,0xe4,0xe4,0x10,0x3b,0xaa,0xb8,0x3f,0x73,0x00,0x01,0xd5,0x1b,0x0b,0x02,0x00,
0x1a,0x0b,0xd0,0x02,0x61,0x00,0x48,0xd6,0x61,0x07,0x0e,0x84,0x05,0xc1,0xc0,0x02,
0x72,0x4b,0xe4,0x7e,0xff,0xc4,0xc4,0x10,0x3b,0xaa,0xb8,0x3f,0x80,0xcc,0x08,0x7c,
0x61,0x00,0x01,0xd5,0x05,0xc3,0x02,0x00,0x69,0x00,0x48,0xd6,0x69,0x07,0x0e,0x84,
0x16,0x17,0xe8,0x7e,0x62,0x4b,0xc4,0x7e,0x66,0x0b,0xcc,0x02,0x61,0xe7,0xc2,0x6a,
0x90,0x10,0xe6,0x32,0x72,0x15,0xe4,0x7e,0x05,0xd3,0xd2,0x02,0x60,0xd1,0xc0,0x6a,
0xff,0xe8,0xd0,0x10,0x3b,0xaa,0xb8,0x3f,0x73,0x17,0xe8,0x7e,0x72,0x00,0x48,0xd6,
0x72,0x07,0x0e,0x84,0x00,0x00,0x04,0xd4,0x80,0x28,0x02,0x00,0x69,0xcd,0xcc,0x6a,
0x08,0x17,0xd2,0x7e,0x68,0x4b,0xd0,0x7e,0xff,0xe8,0xe8,0x10,0x3b,0xaa,0xb8,0x3f,
0x76,0x00,0x01,0xd5,0x14,0x0b,0x02,0x00,0x72,0x00,0x01,0xd5,0x05,0xe5,0x02,0x00,
0x62,0x15,0xc4,0x7e,0xff,0xd2,0xd2,0x10,0x3b,0xaa,0xb8,0x3f,0x74,0x4b,0xe8,0x7e,
0x80,0x22,0x08,0x7c,0x80,0x00,0x35,0xd5,0x72,0xed,0x02,0x00,0x12,0x17,0xe4,0x7e,
0x62,0x00,0x48,0xd6,0x62,0x07,0x0e,0x84,0x69,0x4b,0xd2,0x7e,0x68,0x15,0xd0,0x7e,
0x13,0x17,0xec,0x7e,0xff,0xe4,0xd2,0xc8,0x11,0x0b,0x74,0x72,0x3b,0xaa,0xb8,0x3f,
0x05,0xc5,0xc4,0x02,0x04,0x00,0x87,0xbf,0x68,0x00,0x48,0xd6,0x68,0x07,0x0e,0x84,
0x80,0x2c,0x08,0x7c,0x74,0x15,0xe8,0x7e,0x72,0x4b,0xe4,0x7e,0xff,0xec,0xec,0x10,
0x3b,0xaa,0xb8,0x3f,0x62,0xeb,0xc4,0x6a,0x69,0x15,0xd2,0x7e,0x16,0x0b,0x52,0xca,
0x05,0xd1,0x68,0x75,0x74,0x00,0x48,0xd6,0x74,0x07,0x0e,0x84,0x00,0x00,0x04,0xd4,
0x80,0xe6,0x02,0x00,0x76,0x4b,0xec,0x7e,0x69,0x00,0x48,0xd6,0x69,0x07,0x0e,0x84,
0x80,0x10,0x08,0x7c,0x83,0x00,0x35,0xd5,0x68,0xeb,0x02,0x00,0x73,0x00,0x01,0xd5,
0x73,0x0b,0x02,0x00,0x74,0x00,0x01,0xd5,0x05,0xe9,0x02,0x00,0x72,0x15,0xd0,0x7e,
0x08,0x0b,0xee,0x02,0x05,0xd3,0xd2,0x02,0x80,0x24,0x08,0x7c,0x85,0x00,0x35,0xd5,
0x74,0xe7,0x02,0x00,0x68,0x00,0x48,0xd6,0x68,0x07,0x0e,0x84,0x76,0x15,0xe6,0x7e,
0x84,0x00,0x35,0xd5,0x69,0xef,0x02,0x00,0xff,0x04,0xd3,0x10,0x3b,0xaa,0xb8,0x3f,
0x0a,0x17,0xe4,0x7e,0x12,0x0b,0xe8,0x02,0x0c,0x17,0xea,0x7e,0x05,0xd1,0xd0,0x02,
0x73,0x00,0x48,0xd6,0x73,0x07,0x0e,0x84,0x80,0x26,0x08,0x7c,0x69,0x4b,0xd2,0x7e,
0xff,0xe4,0xc6,0xc8,0xff,0xea,0x74,0x72,0x3b,0xaa,0xb8,0x3f,0x68,0xe9,0xd0,0x6a,
0x13,0x0b,0x52,0xca,0x05,0xe7,0x72,0x74,0x15,0x17,0xec,0x7e,0x04,0x00,0x87,0xbf,
0x72,0x4b,0xe4,0x7e,0x75,0x4b,0xea,0x7e,0x00,0x17,0xee,0x7e,0x73,0xe9,0xe6,0x6a,
0xff,0xec,0xe8,0x10,0x3b,0xaa,0xb8,0x3f,0x69,0x15,0xd2,0x7e,0x6a,0x00,0x04,0xd4,
0x80,0x02,0x03,0x00,0xff,0xee,0xee,0x10,0x3b,0xaa,0xb8,0x3f,0x90,0x00,0x04,0x33,
0x74,0x4b,0xe8,0x7e,0x69,0x00,0x48,0xd6,0x69,0x07,0x0e,0x84,0x72,0x15,0xe4,0x7e,
0x75,0x15,0xea,0x7e,0x77,0x4b,0xee,0x7e,0x81,0x0b,0xec,0x02,0x05,0xd3,0xd2,0x02,
0x72,0x00,0x48,0xd6,0x72,0x07,0x0e,0x84,0x80,0x14,0x08,0x7c,0x75,0x00,0x48,0xd6,
0x75,0x07,0x0e,0x84,0x00,0x00,0x04,0xd4,0x80,0x18,0x02,0x00,0x74,0x15,0xe8,0x7e,
0x87,0x00,0x8b,0xd5,0x82,0x01,0x00,0x00,0x0a,0x0b,0x52,0xca,0x05,0xe5,0x72,0x81,
0x04,0x00,0x87,0xbf,0x86,0x00,0x01,0xd5,0x0c,0x0b,0x02,0x00,0x75,0x00,0x01,0xd5,
0x05,0xeb,0x02,0x00,0x88,0x00,0x35,0xd5,0x69,0xed,0x02,0x00,0x69,0x00,0x48,0xd6,
0x74,0x07,0x0e,0x84,0xff,0x0e,0xe9,0x10,0x3b,0xaa,0xb8,0x3f,0x77,0x15,0xec,0x7e,
0x09,0x17,0xee,0x7e,0x72,0x00,0x35,0xd5,0x72,0x03,0x03,0x00,0x81,0x00,0x35,0xd5,
0x75,0x0d,0x03,0x00,0x74,0x4b,0xe8,0x7e,0x86,0x00,0x8b,0xd5,0x0b,0x01,0x00,0x00,
0xff,0xee,0xee,0x10,0x3b,0xaa,0xb8,0x3f,0x80,0x2a,0x08,0x7c,0x76,0x00,0x48,0xd6,
0x76,0x07,0x0e,0x84,0x00,0x00,0x04,0xd4,0x80,0x16,0x02,0x00,0xff,0x0c,0x0d,0x11,
0x3b,0xaa,0xb8,0x3f,0x77,0x4b,0xee,0x7e,0x15,0x0b,0xea,0x02,0x05,0xd3,0xd2,0x02,
0x80,0x00,0x08,0x7c,0x74,0x15,0xe8,0x7e,0x86,0x4b,0x0c,0x7f,0x60,0x00,0x11,0xd7,
0x60,0xc3,0x02,0x00,0x8b,0x00,0x35,0xd5,0x69,0xeb,0x02,0x00,0x00,0x0b,0x52,0xca,
0x05,0xed,0x76,0x87,0x69,0x00,0x48,0xd6,0x74,0x07,0x0e,0x84,0x6a,0x00,0x04,0xd4,
0x80,0x04,0x03,0x00,0xff,0x14,0xe9,0x10,0x3b,0xaa,0xb8,0x3f,0x77,0x15,0xea,0x7e,
0x87,0x00,0x35,0xd5,0x76,0x0f,0x03,0x00,0x05,0x00,0x87,0xbf,0x77,0x00,0x8a,0xd5,
0x86,0x01,0x00,0x00,0x82,0x0b,0xec,0x02,0x05,0xd3,0xd2,0x02,0x74,0x4b,0xe8,0x7e,
0x75,0x00,0x48,0xd6,0x75,0x07,0x0e,0x84,0x80,0x12,0x08,0x7c,0x86,0x00,0x8b,0xd5,
0x06,0x01,0x00,0x00,0x77,0x00,0x48,0xd6,0x77,0x07,0x0e,0x84,0x8a,0x00,0x01,0xd5,
0x0b,0x0b,0x02,0x00,0x61,0x00,0x11,0xd7,0x66,0xc5,0x02,0x00,0x09,0x0b,0x04,0x03,
0x05,0xeb,0x46,0xca,0xff,0x0c,0x87,0x75,0x3b,0xaa,0xb8,0x3f,0x77,0x00,0x01,0xd5,
0x05,0xef,0x02,0x00,0x74,0x15,0xe8,0x7e,0x6a,0x00,0x04,0xd4,0x80,0x12,0x03,0x00,
0x04,0x00,0x87,0xbf,0x75,0x00,0x35,0xd5,0x75,0x05,0x03,0x00,0x86,0x4b,0x04,0x7f,
0xff,0x18,0x0d,0x11,0x3b,0xaa,0xb8,0x3f,0x90,0x02,0x18,0x33,0x89,0x0b,0x12,0x03,
0x77,0x00,0x35,0xd5,0x77,0x15,0x03,0x00,0x74,0x00,0x48,0xd6,0x74,0x07,0x0e,0x84,
0x8a,0x00,0x8b,0xd5,0x02,0x01,0x00,0x00,0x8e,0x00,0x8b,0xd5,0x8c,0x01,0x00,0x00,
0x86,0x4b,0x0c,0x7f,0x00,0x00,0x04,0xd4,0x80,0x08,0x02,0x00,0x05,0xe9,0xe8,0x02,
0xff,0x14,0x15,0x11,0x3b,0xaa,0xb8,0x3f,0xff,0x1c,0x1d,0x11,0x3b,0xaa,0xb8,0x3f,
0x82,0x00,0x8a,0xd5,0x82,0x01,0x00,0x00,0x80,0x0c,0x08,0x7c,0x74,0x00,0x35,0xd5,
0x74,0x13,0x03,0x00,0x8a,0x4b,0x14,0x7f,0x8d,0x4b,0x12,0x7f,0x8e,0x4b,0x1a,0x7f,
0x86,0x00,0x8a,0xd5,0x86,0x01,0x00,0x00,0x82,0x00,0x48,0xd6,0x82,0x07,0x0e,0x84,
0x06,0x0b,0x1c,0x03,0x8f,0x00,0x01,0xd5,0x04,0x0b,0x02,0x00,0x01,0x00,0x04,0xd4,
0x80,0x18,0x03,0x00,0x86,0x00,0x48,0xd6,0x86,0x07,0x0e,0x84,0x05,0x05,0x05,0x03,
0x8a,0x00,0x8a,0xd5,0x8a,0x01,0x00,0x00,0x89,0x00,0x8a,0xd5,0x89,0x01,0x00,0x00,
0x8d,0x00,0x8a,0xd5,0x8d,0x01,0x00,0x00,0x86,0x00,0x01,0xd5,0x05,0x0d,0x03,0x00,
0x80,0x04,0x08,0x7c,0x8a,0x00,0x48,0xd6,0x8a,0x07,0x0e,0x84,0x89,0x00,0x48,0xd6,
0x89,0x07,0x0e,0x84,0x00,0x00,0x04,0xd4,0x80,0x02,0x02,0x00,0x8d,0x00,0x48,0xd6,
0x8d,0x07,0x0e,0x84,0x02,0x0b,0x20,0x03,0x05,0x15,0x15,0x03,0x8c,0x00,0x01,0xd5,
0x8c,0x0b,0x06,0x00,0x91,0x00,0x01,0xd5,0x01,0x0b,0x02,0x00,0x89,0x00,0x01,0xd5,
0x05,0x13,0x03,0x00,0x8d,0x00,0x01,0xd5,0x05,0x1b,0x07,0x00,0x82,0x00,0x35,0xd5,
0x82,0x1d,0x03,0x00,0x86,0x00,0x35,0xd5,0x86,0x1f,0x03,0x00,0x8a,0x00,0x35,0xd5,
0x8a,0x21,0x03,0x00,0x89,0x00,0x35,0xd5,0x89,0x23,0x03,0x00,0x8c,0x00,0x35,0xd5,
0x8d,0x19,0x03,0x00,0x8d,0x00,0x35,0xd5,0x69,0xed,0x02,0x00,0x77,0x00,0x11,0xd7,
0x75,0xef,0x02,0x00,0x76,0x00,0x11,0xd7,0x74,0x05,0x03,0x00,0x75,0x00,0x11,0xd7,
0x86,0x15,0x03,0x00,0x74,0x00,0x11,0xd7,0x89,0x19,0x03,0x00,0x69,0x00,0x11,0xd7,
0x68,0xe7,0x02,0x00,0x68,0x00,0x11,0xd7,0x88,0xe5,0x02,0x00,0x72,0x00,0x11,0xd7,
0x81,0x17,0x03,0x00,0x73,0x00,0x11,0xd7,0x87,0x1b,0x03,0x00,0x62,0x00,0x11,0xd7,
0x80,0x07,0x03,0x00,0x66,0x00,0x11,0xd7,0x84,0x0b,0x03,0x00,0x5c,0x00,0x11,0xd7,
0x5c,0xbb,0x02,0x00,0x5d,0x00,0x11,0xd7,0x5f,0xf9,0x02,0x00,0x5e,0x00,0x11,0xd7,
0x7d,0xbd,0x02,0x00,0x5f,0x00,0x11,0xd7,0x7e,0xff,0x02,0x00,0x5b,0x00,0x11,0xd7,
0x7a,0xf7,0x02,0x00,0x01,0x00,0xa5,0xbf,0x2f,0x02,0xa0,0xbf,0x15,0x81,0x07,0xbf,
0x0d,0x02,0xa2,0xbf,0x80,0x06,0x04,0x7c,0x00,0x00,0x02,0xd4,0x80,0x0a,0x02,0x00,
0x91,0x04,0x87,0xbf,0x6a,0x00,0x00,0x8b,0x7e,0x00,0x6a,0x91,0x80,0x00,0x80,0xbe,
0x88,0x01,0xa3,0xbf,0x90,0x84,0x0e,0x32,0x05,0x85,0x0c,0x7c,0x90,0x76,0x3e,0x32,
0x90,0x74,0x3a,0x32,0x90,0x26,0x94,0x32,0xff,0x06,0x1a,0x02,0x00,0x3c,0x00,0x00,
0x05,0x0f,0x0c,0x7c,0xff,0x06,0x0e,0x02,0x00,0x3c,0x00,0x00,0x41,0x0b,0x06,0x7c,
0xb2,0x01,0x87,0xbf,0x07,0x00,0x11,0xd7,0x0d,0x0f,0x02,0x00,0xff,0x06,0x1c,0x02,
0x00,0x3c,0x00,0x00,0x44,0x0b,0x06,0x7c,0x07,0x40,0x10,0xcc,0x07,0x85,0x02,0x18,
0xb3,0x01,0x87,0xbf,0x0e,0x83,0x1c,0x6a,0xff,0x06,0x1e,0x02,0x00,0x3c,0x00,0x00,
0x43,0x0b,0x06,0x7c,0x3c,0x00,0x11,0xd7,0x0e,0x0f,0x02,0x00,0xb3,0x01,0x87,0xbf,
0x0f,0x89,0x1e,0x6a,0xff,0x06,0x1a,0x02,0x00,0x3c,0x00,0x00,0x3e,0x0b,0x06,0x7c,
0x38,0x00,0x16,0xd6,0x0f,0x0f,0x42,0x02,0x03,0x00,0x87,0xbf,0x0d,0x87,0x1a,0x6a,
0xff,0x06,0x2e,0x02,0x00,0x3c,0x00,0x00,0x05,0x75,0x0c,0x7c,0xff,0x06,0x0e,0x02,
0x00,0x3c,0x00,0x00,0x05,0x77,0x0c,0x7c,0xff,0x06,0x1c,0x02,0x00,0x3c,0x00,0x00,
0x05,0x3f,0x0c,0x7c,0xff,0x06,0x1e,0x02,0x00,0x3c,0x00,0x00,0x05,0x3b,0x0c,0x7c,
0x42,0x02,0x87,0xbf,0x0e,0x00,0x11,0xd7,0x0e,0x1f,0x02,0x00,0xff,0x06,0x3a,0x02,
0x00,0x3c,0x00,0x00,0x45,0x0b,0x06,0x7c,0x17,0x7d,0x1e,0x6a,0x0e,0x40,0x10,0xcc,
0x0e,0x77,0x02,0x18,0x44,0x02,0x87,0xbf,0x07,0x00,0x11,0xd7,0x07,0x3b,0x02,0x00,
0xff,0x06,0x3e,0x02,0x00,0x3c,0x00,0x00,0x3f,0x0b,0x06,0x7c,0x30,0x00,0x11,0xd7,
0x0d,0x1f,0x02,0x00,0x07,0x40,0x10,0xcc,0x07,0x75,0x02,0x18,0xb4,0x01,0x87,0xbf,
0x1f,0x8b,0x2e,0x6a,0xff,0x06,0x3a,0x02,0x00,0x3c,0x00,0x00,0x3d,0x0b,0x06,0x7c,
0x39,0x00,0x11,0xd7,0x17,0x1d,0x02,0x00,0x43,0x02,0x87,0xbf,0x1d,0x7f,0x1a,0x6a,
0xff,0x06,0x3e,0x02,0x00,0x3c,0x00,0x00,0x36,0x0b,0x06,0x7c,0x90,0x50,0x3a,0x32,
0x34,0x00,0x16,0xd6,0x0d,0x1d,0x42,0x02,0xc4,0x01,0x87,0xbf,0x1f,0x7b,0x1e,0x6a,
0xff,0x06,0x2e,0x02,0x00,0x3c,0x00,0x00,0x05,0x51,0x0c,0x7c,0x90,0x6a,0x3e,0x32,
0x17,0x6d,0x2e,0x6a,0xff,0x06,0x4a,0x02,0x00,0x3c,0x00,0x00,0x05,0x6b,0x0c,0x7c,
0x03,0x00,0x87,0xbf,0x31,0x00,0x11,0xd7,0x0f,0x2f,0x02,0x00,0x90,0x5a,0x2e,0x32,
0xff,0x06,0x4e,0x02,0x00,0x3c,0x00,0x00,0x05,0x3f,0x0c,0x7c,0x90,0x40,0x1e,0x32,
0xff,0x06,0x3e,0x02,0x00,0x3c,0x00,0x00,0x05,0x3b,0x0c,0x7c,0xb2,0x01,0x87,0xbf,
0x1f,0x00,0x11,0xd7,0x27,0x3f,0x02,0x00,0xff,0x06,0x3a,0x02,0x00,0x3c,0x00,0x00,
0x33,0x0b,0x06,0x7c,0x1f,0x40,0x10,0xcc,0x1f,0x6b,0x02,0x18,0xb3,0x01,0x87,0xbf,
0x1d,0x00,0x11,0xd7,0x25,0x3b,0x02,0x00,0xff,0x06,0x52,0x02,0x00,0x3c,0x00,0x00,
0x46,0x0b,0x06,0x7c,0x4c,0x40,0x10,0xcc,0x1d,0x51,0x02,0x18,0xb3,0x01,0x87,0xbf,
0x29,0x67,0x4a,0x6a,0xff,0x06,0x4e,0x02,0x00,0x3c,0x00,0x00,0x37,0x0b,0x06,0x7c,
0x32,0x00,0x11,0xd7,0x25,0x3f,0x02,0x00,0xb3,0x01,0x87,0xbf,0x27,0x8d,0x4e,0x6a,
0xff,0x06,0x1a,0x02,0x00,0x3c,0x00,0x00,0x2e,0x0b,0x06,0x7c,0x2c,0x00,0x16,0xd6,
0x27,0x3f,0x42,0x02,0x33,0x01,0x87,0xbf,0x0d,0x6f,0x1a,0x6a,0xff,0x06,0x1c,0x02,
0x00,0x3c,0x00,0x00,0x05,0x41,0x0c,0x7c,0x0e,0x5d,0x1c,0x6a,0xff,0x06,0x3a,0x02,
0x00,0x3c,0x00,0x00,0x05,0x5b,0x0c,0x7c,0x53,0x01,0x87,0xbf,0x29,0x00,0x11,0xd7,
0x0d,0x1d,0x02,0x00,0xff,0x06,0x3e,0x02,0x00,0x3c,0x00,0x00,0x05,0x2f,0x0c,0x7c,
0xff,0x06,0x2e,0x02,0x00,0x3c,0x00,0x00,0x05,0x1f,0x0c,0x7c,0x17,0x00,0x11,0xd7,
0x1f,0x2f,0x02,0x00,0xff,0x06,0x1e,0x02,0x00,0x3c,0x00,0x00,0x2b,0x0b,0x06,0x7c,
0x93,0x01,0x87,0xbf,0x17,0x40,0x10,0xcc,0x17,0x5b,0x02,0x18,0x0f,0x00,0x11,0xd7,
0x1d,0x1f,0x02,0x00,0xff,0x06,0x4a,0x02,0x00,0x3c,0x00,0x00,0x22,0x0b,0x06,0x7c,
0x93,0x01,0x87,0xbf,0x4d,0x40,0x10,0xcc,0x0f,0x41,0x02,0x18,0x25,0x57,0x3a,0x6a,
0xff,0x06,0x3e,0x02,0x00,0x3c,0x00,0x00,0x24,0x0b,0x06,0x7c,0x93,0x01,0x87,0xbf,
0x2a,0x00,0x11,0xd7,0x1d,0x2f,0x02,0x00,0x1f,0x45,0x1a,0x6a,0xff,0x06,0x4a,0x02,
0x00,0x3c,0x00,0x00,0x26,0x0b,0x06,0x7c,0x90,0x46,0x3e,0x32,0x90,0x30,0x3a,0x32,
0x34,0x01,0x87,0xbf,0x25,0x49,0x1c,0x6a,0xff,0x06,0x1e,0x02,0x00,0x3c,0x00,0x00,
0x05,0x31,0x0c,0x7c,0x0f,0x4d,0x1e,0x6a,0xff,0x06,0x4a,0x02,0x00,0x3c,0x00,0x00,
0x05,0x47,0x0c,0x7c,0x03,0x00,0x87,0xbf,0x47,0x00,0x11,0xd7,0x0e,0x1f,0x02,0x00,
0x90,0x20,0x1e,0x32,0xff,0x06,0x4e,0x02,0x00,0x3c,0x00,0x00,0x05,0x3f,0x0c,0x7c,
0xff,0x06,0x3e,0x02,0x00,0x3c,0x00,0x00,0x05,0x3b,0x0c,0x7c,0xb2,0x01,0x87,0xbf,
0x1f,0x00,0x11,0xd7,0x27,0x3f,0x02,0x00,0xff,0x06,0x3a,0x02,0x00,0x3c,0x00,0x00,
0x21,0x0b,0x06,0x7c,0x1f,0x40,0x10,0xcc,0x1f,0x47,0x02,0x18,0xb3,0x01,0x87,0xbf,
0x1d,0x00,0x11,0xd7,0x25,0x3b,0x02,0x00,0xff,0x06,0x5e,0x02,0x00,0x3c,0x00,0x00,
0x19,0x0b,0x06,0x7c,0x4e,0x40,0x10,0xcc,0x1d,0x31,0x02,0x18,0x03,0x00,0x87,0xbf,
0x2f,0x43,0x4a,0x6a,0xff,0x06,0x4e,0x02,0x00,0x3c,0x00,0x00,0x1c,0x0b,0x06,0x7c,
0x2f,0x00,0x16,0xd6,0x0d,0x2f,0x42,0x02,0x90,0x36,0x2e,0x32,0x25,0x00,0x11,0xd7,
0x25,0x3f,0x02,0x00,0x27,0x33,0x4e,0x6a,0xff,0x06,0x1a,0x02,0x00,0x3c,0x00,0x00,
0x1e,0x0b,0x06,0x7c,0x93,0x01,0x87,0xbf,0x27,0x00,0x16,0xd6,0x27,0x3f,0x42,0x02,
0x0d,0x39,0x1a,0x6a,0xff,0x06,0x1c,0x02,0x00,0x3c,0x00,0x00,0x05,0x21,0x0c,0x7c,
0x02,0x00,0x87,0xbf,0x0e,0x3d,0x1c,0x6a,0xff,0x06,0x3a,0x02,0x00,0x3c,0x00,0x00,
0x05,0x37,0x0c,0x7c,0xff,0x06,0x3e,0x02,0x00,0x3c,0x00,0x00,0x05,0x2f,0x0c,0x7c,
0xff,0x06,0x2e,0x02,0x00,0x3c,0x00,0x00,0x05,0x1f,0x0c,0x7c,0xb2,0x01,0x87,0xbf,
0x17,0x00,0x11,0xd7,0x1f,0x2f,0x02,0x00,0xff,0x06,0x1e,0x02,0x00,0x3c,0x00,0x00,
0x1a,0x0b,0x06,0x7c,0x17,0x40,0x10,0xcc,0x17,0x37,0x02,0x18,0xb3,0x01,0x87,0xbf,
0x0f,0x00,0x11,0xd7,0x1d,0x1f,0x02,0x00,0xff,0x06,0x90,0x02,0x00,0x3c,0x00,0x00,
0x11,0x0b,0x06,0x7c,0x4f,0x40,0x10,0xcc,0x0f,0x21,0x02,0x18,0x03,0x00,0x87,0xbf,
0x48,0x35,0x3a,0x6a,0xff,0x06,0x3e,0x02,0x00,0x3c,0x00,0x00,0x14,0x0b,0x06,0x7c,
0x48,0x00,0x11,0xd7,0x0d,0x1d,0x02,0x00,0x90,0x10,0x1e,0x32,0x1d,0x00,0x11,0xd7,
0x1d,0x2f,0x02,0x00,0x1f,0x23,0x1a,0x6a,0xff,0x06,0x92,0x02,0x00,0x3c,0x00,0x00,
0x16,0x0b,0x06,0x7c,0x32,0x01,0x87,0xbf,0x49,0x29,0x1c,0x6a,0xff,0x06,0x3e,0x02,
0x00,0x3c,0x00,0x00,0x05,0x11,0x0c,0x7c,0x1f,0x2d,0xa0,0x6a,0xff,0x06,0x92,0x02,
0x00,0x3c,0x00,0x00,0x05,0x1f,0x0c,0x7c,0x1f,0x00,0x16,0xd6,0x0d,0x2f,0x42,0x02,
0xff,0x06,0x1e,0x02,0x00,0x3c,0x00,0x00,0x05,0x27,0x0c,0x7c,0x42,0x02,0x87,0xbf,
0x0f,0x00,0x11,0xd7,0x49,0x1f,0x02,0x00,0xff,0x06,0x96,0x02,0x00,0x3c,0x00,0x00,
0x05,0x95,0x0c,0x7c,0x49,0x00,0x11,0xd7,0x0e,0xa1,0x02,0x00,0x50,0x40,0x10,0xcc,
0x0f,0x11,0x02,0x18,0xff,0x06,0x94,0x02,0x00,0x3c,0x00,0x00,0x12,0x0b,0x06,0x7c,
0xb2,0x01,0x87,0xbf,0x4a,0x00,0x11,0xd7,0x4b,0x95,0x02,0x00,0xff,0x06,0xa2,0x02,
0x00,0x3c,0x00,0x00,0x0a,0x0b,0x06,0x7c,0x0e,0x40,0x10,0xcc,0x4a,0x27,0x02,0x18,
0xb3,0x01,0x87,0xbf,0x51,0x25,0x1a,0x6a,0xff,0x06,0x1e,0x02,0x00,0x3c,0x00,0x00,
0x0c,0x0b,0x06,0x7c,0x4a,0x00,0x11,0xd7,0x0d,0x1d,0x02,0x00,0xc3,0x01,0x87,0xbf,
0x0f,0x15,0x1a,0x6a,0xff,0x06,0x2e,0x02,0x00,0x3c,0x00,0x00,0x15,0x0b,0x06,0x7c,
0x90,0x00,0x1e,0x32,0x17,0x19,0xa2,0x6a,0xff,0x06,0x96,0x02,0x00,0x3c,0x00,0x00,
0x05,0x01,0x0c,0x7c,0x90,0x16,0x2e,0x32,0xb3,0x01,0x87,0xbf,0x4b,0x2b,0x96,0x6a,
0xff,0x06,0xa4,0x02,0x00,0x3c,0x00,0x00,0x05,0x1f,0x0c,0x7c,0x4b,0x00,0x11,0xd7,
0x51,0x97,0x02,0x00,0xff,0x06,0x1e,0x02,0x00,0x3c,0x00,0x00,0x09,0x0b,0x06,0x7c,
0xff,0x06,0xa6,0x02,0x00,0x3c,0x00,0x00,0x05,0x17,0x0c,0x7c,0xff,0x06,0xa8,0x02,
0x00,0x3c,0x00,0x00,0x05,0x2f,0x0c,0x7c,0x17,0x00,0x16,0xd6,0x0d,0x1d,0x42,0x02,
0x0d,0x00,0x11,0xd7,0x52,0x1f,0x02,0x00,0x53,0x13,0x1c,0x6a,0x90,0x02,0xa6,0x32,
0xff,0x06,0xaa,0x02,0x00,0x3c,0x00,0x00,0x06,0x0b,0x06,0x7c,0x02,0x00,0x87,0xbf,
0x0f,0x00,0x11,0xd7,0x54,0xab,0x02,0x00,0xff,0x06,0xa2,0x02,0x00,0x3c,0x00,0x00,
0x04,0x0b,0x06,0x7c,0xff,0x06,0xa4,0x02,0x00,0x3c,0x00,0x00,0x02,0x0b,0x06,0x7c,
0xff,0x06,0xa8,0x02,0x00,0x3c,0x00,0x00,0x05,0x03,0x0c,0x7c,0xff,0x06,0xaa,0x02,
0x00,0x3c,0x00,0x00,0x05,0xa7,0x0c,0x7c,0x05,0x40,0x10,0xcc,0x0f,0x17,0x02,0x18,
0x51,0x0d,0x1e,0x6a,0x52,0x09,0xa2,0x6a,0x54,0x05,0xa4,0x6a,0xff,0x06,0x06,0x02,
0x00,0x3c,0x00,0x00,0x01,0x00,0x87,0xbf,0x53,0x00,0x11,0xd7,0x55,0x07,0x02,0x00,
0x03,0x40,0x10,0xcc,0x0d,0x01,0x02,0x18,0x0d,0x00,0x11,0xd7,0x0e,0x0b,0x02,0x00,
0x0e,0x00,0x16,0xd6,0x0f,0x0b,0x42,0x02,0x0f,0x00,0x11,0xd7,0x51,0xa5,0x02,0x00,
0x05,0x40,0x10,0xcc,0x53,0x03,0x02,0x18,0x03,0x00,0xa0,0xbf,0xad,0xee,0xa5,0xbf,
0x36,0xf2,0xa0,0xbf,0xc1,0x00,0x80,0xbe,0x09,0x00,0x87,0xbf,0x7e,0x00,0x6a,0x91,
0x70,0x00,0xa4,0xbf,0x80,0x82,0x06,0x72,0x05,0x40,0x12,0xcc,0x42,0x01,0x01,0x18,
0x80,0x88,0x0e,0x72,0x80,0x86,0x1a,0x72,0x80,0x7c,0x1c,0x72,0x80,0x8a,0x1e,0x72,
0x17,0x40,0x12,0xcc,0x3b,0x01,0x01,0x18,0x3c,0x00,0x11,0xd7,0x03,0x0b,0x02,0x00,
0x38,0x00,0x16,0xd6,0x07,0x0b,0x42,0x02,0x30,0x00,0x11,0xd7,0x0d,0x1d,0x02,0x00,
0x80,0x7e,0x06,0x72,0x39,0x00,0x11,0xd7,0x0f,0x2f,0x02,0x00,0x80,0x7a,0x0a,0x72,
0x80,0x6c,0x1a,0x72,0x80,0x66,0x1c,0x72,0x0f,0x40,0x12,0xcc,0x35,0x01,0x01,0x18,
0x80,0x8c,0x3a,0x72,0x34,0x00,0x16,0xd6,0x03,0x2f,0x42,0x02,0x31,0x00,0x11,0xd7,
0x05,0x1b,0x02,0x00,0x80,0x6e,0x06,0x72,0x32,0x00,0x11,0xd7,0x0e,0x1f,0x02,0x00,
0x80,0x5c,0x0a,0x72,0x80,0x56,0x1a,0x72,0x0e,0x40,0x12,0xcc,0x2d,0x01,0x01,0x18,
0x2c,0x00,0x16,0xd6,0x1d,0x1f,0x42,0x02,0x80,0x44,0x1e,0x72,0x29,0x00,0x11,0xd7,
0x03,0x0b,0x02,0x00,0x80,0x42,0x06,0x72,0x2a,0x00,0x11,0xd7,0x0d,0x1d,0x02,0x00,
0x05,0x40,0x12,0xcc,0x23,0x01,0x01,0x18,0x80,0x32,0x1a,0x72,0x80,0x48,0x2e,0x72,
0x80,0x4c,0x3a,0x72,0x2f,0x00,0x16,0xd6,0x0f,0x1d,0x42,0x02,0x4e,0x40,0x12,0xcc,
0x18,0x01,0x01,0x18,0x80,0x38,0x1c,0x72,0x80,0x3c,0x1e,0x72,0x18,0x40,0x12,0xcc,
0x1b,0x01,0x01,0x18,0x25,0x00,0x11,0xd7,0x03,0x0b,0x02,0x00,0x27,0x00,0x16,0xd6,
0x0d,0x0b,0x42,0x02,0x80,0x22,0x06,0x72,0x80,0x28,0x0a,0x72,0x80,0x2c,0x1a,0x72,
0x47,0x00,0x11,0xd7,0x17,0x3b,0x02,0x00,0x80,0x34,0x2e,0x72,0x48,0x00,0x11,0xd7,
0x0e,0x1f,0x02,0x00,0x80,0x24,0x1c,0x72,0x0f,0x40,0x12,0xcc,0x13,0x01,0x01,0x18,
0x80,0x14,0x14,0x72,0x1f,0x00,0x16,0xd6,0x03,0x31,0x42,0x02,0x49,0x00,0x11,0xd7,
0x05,0x1b,0x02,0x00,0x50,0x40,0x12,0xcc,0x08,0x01,0x01,0x18,0x80,0x18,0x06,0x72,
0x80,0x2a,0x0a,0x72,0x80,0x12,0x10,0x72,0x09,0x40,0x12,0xcc,0x0b,0x01,0x01,0x18,
0x80,0x0c,0x0c,0x72,0x80,0x08,0x08,0x72,0x80,0x04,0x04,0x72,0x07,0x40,0x12,0xcc,
0x3a,0x01,0x01,0x18,0x4c,0x40,0x12,0xcc,0x28,0x01,0x01,0x18,0x4d,0x40,0x12,0xcc,
0x20,0x01,0x01,0x18,0x4f,0x40,0x12,0xcc,0x10,0x01,0x01,0x18,0x1d,0x00,0x11,0xd7,
0x17,0x31,0x02,0x00,0x4a,0x00,0x11,0xd7,0x0e,0x1f,0x02,0x00,0x17,0x00,0x16,0xd6,
0x0a,0x1f,0x42,0x02,0x4b,0x00,0x11,0xd7,0x03,0x0b,0x02,0x00,0x03,0x40,0x12,0xcc,
0x00,0x01,0x01,0x18,0x0d,0x00,0x11,0xd7,0x08,0x13,0x02,0x00,0x0e,0x00,0x16,0xd6,
0x06,0x13,0x42,0x02,0x0f,0x00,0x11,0xd7,0x04,0x05,0x02,0x00,0x05,0x40,0x12,0xcc,
0x01,0x01,0x01,0x18,0x01,0x00,0x87,0xbf,0x07,0x01,0x10,0xca,0x05,0x01,0x00,0x3a,
0x4c,0x03,0x50,0x7e,0x4d,0x03,0x40,0x7e,0x4e,0x03,0x30,0x7e,0x4f,0x03,0x20,0x7e,
0x50,0x03,0x10,0x7e,0x03,0x03,0x00,0x7e,0x3a,0x01,0x10,0xca,0x30,0x01,0x4c,0x4e,
0x38,0x01,0x10,0xca,0x31,0x01,0x50,0x4c,0x3c,0x01,0x10,0xca,0x47,0x01,0x5a,0x07,
0x28,0x01,0x10,0xca,0x39,0x01,0x4e,0x52,0x34,0x01,0x10,0xca,0x29,0x01,0x54,0x50,
0x20,0x01,0x10,0xca,0x32,0x01,0x52,0x56,0x2c,0x01,0x10,0xca,0x2a,0x01,0x56,0x54,
0x18,0x01,0x10,0xca,0x2f,0x01,0x58,0x5b,0x10,0x01,0x10,0xca,0x25,0x01,0x5c,0x5f,
0x48,0x01,0x10,0xca,0x27,0x01,0x5c,0x5e,0x08,0x01,0x10,0xca,0x1f,0x01,0x60,0x66,
0x49,0x01,0x10,0xca,0x00,0x01,0x72,0x62,0x1d,0x01,0x10,0xca,0x4a,0x01,0x68,0x60,
0x4b,0x01,0x10,0xca,0x0d,0x01,0x76,0x72,0x17,0x03,0xd0,0x7e,0x01,0x01,0x10,0xca,
0x0f,0x01,0x74,0x74,0x0e,0x03,0xec,0x7e,0x8f,0xb2,0x92,0x7c,0x05,0x0f,0x00,0x96,
0x80,0x00,0x81,0xbe,0x90,0x80,0x0a,0x38,0x00,0x81,0x80,0x84,0x00,0x00,0x01,0xd5,
0x80,0x02,0xa9,0x01,0xa0,0x80,0x02,0x38,0x90,0x0e,0x4c,0x32,0x90,0x98,0x4a,0x32,
0x90,0x9a,0x44,0x32,0x06,0x00,0x4e,0x38,0xb0,0x80,0x00,0x38,0x07,0xfc,0x89,0xbf,
0x22,0x00,0x0c,0x80,0x90,0x9c,0x48,0x32,0x90,0x9e,0x46,0x32,0x16,0x00,0x2c,0xd7,
0x27,0x33,0x00,0x00,0x90,0xa0,0x42,0x32,0x90,0xa2,0x40,0x32,0x90,0xa4,0x3e,0x32,
0x90,0xa6,0x3c,0x32,0x90,0xa8,0x38,0x32,0x90,0xaa,0x36,0x32,0x90,0xac,0x34,0x32,
0x1b,0x2c,0x30,0x4a,0x90,0xae,0x32,0x32,0x90,0xb0,0x2e,0x32,0x90,0xb4,0x2a,0x32,
0x90,0xb6,0x26,0x32,0x90,0x4e,0x3a,0x38,0x90,0xb8,0x28,0x32,0x90,0xba,0x24,0x32,
0x90,0xbc,0x22,0x32,0x90,0xbe,0x20,0x32,0x90,0xc0,0x1e,0x32,0x90,0xc2,0x1c,0x32,
0x90,0xc4,0x1a,0x32,0x90,0xcc,0x18,0x32,0x90,0xd2,0x16,0x32,0x90,0xd0,0x14,0x32,
0x90,0xe4,0x12,0x32,0x90,0xe6,0x10,0x32,0x90,0xee,0x0c,0x32,0x90,0xec,0x08,0x32,
0x90,0xea,0x06,0x32,0x90,0xe8,0x04,0x32,0x23,0x01,0x00,0x82,0x05,0x81,0x0e,0x84,
0x00,0xff,0x0d,0x8b,0xff,0xff,0x00,0x00,0xff,0x00,0x8f,0xbe,0x00,0x40,0x00,0x31,
0x7e,0x21,0x6a,0x91,0xc1,0x00,0x80,0xbe,0x9a,0x02,0xa4,0xbf,0x82,0x4e,0x50,0x38,
0x02,0x00,0x4c,0xd4,0x19,0x80,0x02,0x00,0x03,0x00,0x4c,0xd4,0x18,0x4e,0x02,0x00,
0x84,0x4e,0x56,0x38,0x16,0x81,0x52,0x4a,0x04,0x00,0x4c,0xd4,0x18,0x50,0x02,0x00,
0x18,0x81,0x54,0x4a,0x02,0x03,0x05,0x8b,0x1b,0x30,0x5a,0x4a,0x28,0x00,0x01,0xd5,
0xff,0x00,0x15,0x00,0x00,0x00,0x00,0x80,0x02,0x04,0x05,0x8b,0x86,0x4e,0x5c,0x38,
0x2c,0x00,0x01,0xd5,0xff,0x00,0x15,0x00,0x00,0x00,0x00,0x80,0x05,0x00,0x4c,0xd4,
0x18,0x56,0x02,0x00,0x28,0x00,0x46,0xd6,0x29,0x03,0xa1,0x04,0x2d,0x81,0x56,0x4a,
0x06,0x00,0x4c,0xd4,0x18,0x5c,0x02,0x00,0x29,0x00,0x46,0xd6,0x2a,0x03,0xb1,0x04,
0x02,0x05,0x07,0x8b,0x00,0x00,0x64,0xe0,0x28,0x07,0x43,0x80,0x2c,0x00,0x01,0xd5,
0xff,0x00,0x1d,0x00,0x00,0x00,0x00,0x80,0x1b,0x5a,0x54,0x4a,0x00,0x00,0x64,0xe0,
0x29,0x26,0x43,0x80,0x88,0x4e,0x52,0x38,0x02,0x06,0x07,0x8b,0x28,0x00,0x46,0xd6,
0x2b,0x03,0xb1,0x04,0x2a,0x81,0x5c,0x4a,0x2f,0x00,0x01,0xd5,0xff,0x00,0x1d,0x00,
0x00,0x00,0x00,0x80,0x1b,0x54,0x58,0x4a,0x07,0x00,0x4c,0xd4,0x18,0x52,0x02,0x00,
0x00,0x00,0x64,0xe0,0x28,0x4c,0x43,0x80,0x8a,0x4e,0x50,0x38,0x2b,0x00,0x46,0xd6,
0x2e,0x03,0xbd,0x04,0x1b,0x58,0x52,0x4a,0x02,0x07,0x09,0x8b,0x8c,0x4e,0x5e,0x38,
0x08,0x00,0x4c,0xd4,0x18,0x50,0x02,0x00,0x28,0x00,0x01,0xd5,0xff,0x00,0x25,0x00,
0x00,0x00,0x00,0x80,0x8e,0x4e,0x64,0x38,0x00,0x00,0x64,0xe0,0x2b,0x25,0x43,0x80,
0x2c,0x81,0x56,0x4a,0x02,0x08,0x09,0x8b,0x29,0x81,0x5c,0x4a,0x30,0x00,0x01,0xd5,
0xff,0x00,0x25,0x00,0x00,0x00,0x00,0x80,0x1b,0x52,0x62,0x4a,0x09,0x00,0x4c,0xd4,
0x18,0x5e,0x02,0x00,0x0a,0x00,0x4c,0xd4,0x18,0x64,0x02,0x00,0x01,0x00,0x4c,0xd4,
0x19,0x0a,0x02,0x00,0x28,0x00,0x46,0xd6,0x2b,0x03,0xa1,0x04,0x2b,0x00,0x46,0xd6,
0x2e,0x03,0xc1,0x04,0x1b,0x62,0x5c,0x4a,0x02,0x09,0x0b,0x8b,0x31,0x81,0x5e,0x4a,
0x30,0x00,0x01,0xd5,0xff,0x00,0x2d,0x00,0x00,0x00,0x00,0x80,0x02,0x0a,0x0b,0x8b,
0x2e,0x81,0x64,0x4a,0x33,0x00,0x01,0xd5,0xff,0x00,0x2d,0x00,0x00,0x00,0x00,0x80,
0x01,0x03,0x0b,0x8b,0x16,0x0b,0x68,0x4a,0x35,0x00,0x01,0xd5,0xff,0x00,0x2d,0x00,
0x00,0x00,0x00,0x80,0x01,0x04,0x0b,0x8b,0x01,0x00,0x85,0xbf,0x00,0x00,0x64,0xe0,
0x28,0x4d,0x43,0x80,0x00,0x00,0x64,0xe0,0x2b,0x22,0x43,0x80,0x28,0x00,0x46,0xd6,
0x2f,0x03,0xc1,0x04,0x2b,0x00,0x46,0xd6,0x32,0x03,0xcd,0x04,0x18,0x0b,0x60,0x4a,
0x32,0x00,0x01,0xd5,0xff,0x00,0x2d,0x00,0x00,0x00,0x00,0x80,0x01,0x05,0x0b,0x8b,
0x2f,0x00,0x46,0xd6,0x34,0x03,0xd5,0x04,0x2d,0x0b,0x66,0x4a,0x34,0x00,0x01,0xd5,
0xff,0x00,0x2d,0x00,0x00,0x00,0x00,0x80,0x01,0x06,0x0b,0x8b,0x02,0x00,0x85,0xbf,
0x00,0x00,0x64,0xe0,0x28,0x4e,0x43,0x80,0x00,0x00,0x64,0xe0,0x2b,0x24,0x43,0x80,
0x00,0x00,0x64,0xe0,0x2f,0x4f,0x43,0x80,0x28,0x00,0x46,0xd6,0x30,0x03,0xc9,0x04,
0x30,0x00,0x01,0xd5,0xff,0x00,0x2d,0x00,0x00,0x00,0x00,0x80,0x01,0x07,0x0b,0x8b,
0x2b,0x00,0x46,0xd6,0x33,0x03,0xd1,0x04,0x2a,0x0b,0x5e,0x4a,0x2c,0x0b,0x64,0x4a,
0x33,0x00,0x01,0xd5,0xff,0x00,0x2d,0x00,0x00,0x00,0x00,0x80,0x01,0x08,0x0b,0x8b,
0x29,0x0b,0x68,0x4a,0x35,0x00,0x01,0xd5,0xff,0x00,0x2d,0x00,0x00,0x00,0x00,0x80,
0x00,0x00,0x4c,0xd4,0x19,0x02,0x02,0x00,0x01,0x09,0x0b,0x8b,0x01,0x00,0x85,0xbf,
0x00,0x00,0x64,0xe0,0x28,0x23,0x43,0x80,0x00,0x00,0x64,0xe0,0x2b,0x50,0x43,0x80,
0x28,0x00,0x46,0xd6,0x2f,0x03,0xc1,0x04,0x2b,0x00,0x46,0xd6,0x32,0x03,0xcd,0x04,
0x31,0x0b,0x60,0x4a,0x32,0x00,0x01,0xd5,0xff,0x00,0x2d,0x00,0x00,0x00,0x00,0x80,
0x01,0x0a,0x0b,0x8b,0x2f,0x00,0x46,0xd6,0x34,0x03,0xd5,0x04,0x2e,0x0b,0x66,0x4a,
0x34,0x00,0x01,0xd5,0xff,0x00,0x2d,0x00,0x00,0x00,0x00,0x80,0x00,0x03,0x0b,0x8b,
0x02,0x00,0x85,0xbf,0x00,0x00,0x64,0xe0,0x28,0x21,0x43,0x80,0x00,0x00,0x64,0xe0,
0x2b,0x51,0x43,0x80,0x00,0x00,0x64,0xe0,0x2f,0x20,0x43,0x80,0x28,0x00,0x46,0xd6,
0x30,0x03,0xc9,0x04,0x30,0x00,0x01,0xd5,0xff,0x00,0x2d,0x00,0x00,0x00,0x00,0x80,
0x00,0x04,0x0b,0x8b,0x2b,0x00,0x46,0xd6,0x33,0x03,0xd1,0x04,0x16,0x03,0x5e,0x4a,
0x18,0x03,0x64,0x4a,0x33,0x00,0x01,0xd5,0xff,0x00,0x2d,0x00,0x00,0x00,0x00,0x80,
0x00,0x05,0x0b,0x8b,0x2d,0x03,0x68,0x4a,0x35,0x00,0x01,0xd5,0xff,0x00,0x2d,0x00,
0x00,0x00,0x00,0x80,0x00,0x06,0x0b,0x8b,0x01,0x00,0x85,0xbf,0x00,0x00,0x64,0xe0,
0x28,0x52,0x43,0x80,0x00,0x00,0x64,0xe0,0x2b,0x1f,0x43,0x80,0x28,0x00,0x46,0xd6,
0x2f,0x03,0xc1,0x04,0x2b,0x00,0x46,0xd6,0x32,0x03,0xcd,0x04,0x2a,0x03,0x60,0x4a,
0x32,0x00,0x01,0xd5,0xff,0x00,0x2d,0x00,0x00,0x00,0x00,0x80,0x00,0x07,0x0b,0x8b,
0x2f,0x00,0x46,0xd6,0x34,0x03,0xd5,0x04,0x2c,0x03,0x66,0x4a,0x34,0x00,0x01,0xd5,
0xff,0x00,0x2d,0x00,0x00,0x00,0x00,0x80,0x00,0x08,0x0b,0x8b,0x02,0x00,0x85,0xbf,
0x00,0x00,0x64,0xe0,0x28,0x53,0x43,0x80,0x00,0x00,0x64,0xe0,0x2b,0x1e,0x43,0x80,
0x00,0x00,0x64,0xe0,0x2f,0x54,0x43,0x80,0x28,0x00,0x46,0xd6,0x30,0x03,0xc9,0x04,
0x30,0x00,0x01,0xd5,0xff,0x00,0x2d,0x00,0x00,0x00,0x00,0x80,0x00,0x09,0x0b,0x8b,
0x19,0x00,0x98,0x7c,0x2b,0x00,0x46,0xd6,0x33,0x03,0xd1,0x04,0x29,0x03,0x5e,0x4a,
0x33,0x00,0x01,0xd5,0xff,0x00,0x2d,0x00,0x00,0x00,0x00,0x80,0x00,0x0a,0x0b,0x8b,
0x31,0x03,0x64,0x4a,0x2e,0x03,0x68,0x4a,0x35,0x00,0x01,0xd5,0xff,0x00,0x2d,0x00,
0x00,0x00,0x00,0x80,0x6a,0x03,0x03,0x8b,0x01,0x00,0x85,0xbf,0x00,0x00,0x64,0xe0,
0x28,0x1c,0x43,0x80,0x00,0x00,0x64,0xe0,0x2b,0x55,0x43,0x80,0x28,0x00,0x46,0xd6,
0x2f,0x03,0xc1,0x04,0x2b,0x00,0x46,0xd6,0x32,0x03,0xcd,0x04,0x32,0x00,0x01,0xd5,
0xff,0x00,0x0d,0x00,0x00,0x00,0x00,0x80,0x6a,0x04,0x03,0x8b,0x2f,0x00,0x46,0xd6,
0x34,0x03,0xd5,0x04,0x16,0x01,0x60,0x4a,0x34,0x00,0x01,0xd5,0xff,0x00,0x0d,0x00,
0x00,0x00,0x00,0x80,0x6a,0x05,0x03,0x8b,0x18,0x01,0x66,0x4a,0x02,0x00,0x85,0xbf,
0x00,0x00,0x64,0xe0,0x28,0x1b,0x43,0x80,0x00,0x00,0x64,0xe0,0x2b,0x56,0x43,0x80,
0x00,0x00,0x64,0xe0,0x2f,0x1a,0x43,0x80,0x2f,0x00,0x01,0xd5,0xff,0x00,0x0d,0x00,
0x00,0x00,0x00,0x80,0x6a,0x06,0x03,0x8b,0x28,0x00,0x46,0xd6,0x30,0x03,0xc9,0x04,
0x30,0x00,0x01,0xd5,0xff,0x00,0x0d,0x00,0x00,0x00,0x00,0x80,0x6a,0x07,0x03,0x8b,
0x2c,0x01,0x58,0x4a,0x32,0x00,0x01,0xd5,0xff,0x00,0x0d,0x00,0x00,0x00,0x00,0x80,
0x2b,0x00,0x46,0xd6,0x33,0x03,0xd1,0x04,0x2d,0x01,0x5a,0x4a,0x2a,0x01,0x54,0x4a,
0x6a,0x08,0x03,0x8b,0x01,0x00,0x85,0xbf,0x00,0x00,0x64,0xe0,0x28,0x57,0x43,0x80,
0x00,0x00,0x64,0xe0,0x2b,0x19,0x43,0x80,0x2b,0x00,0x46,0xd6,0x2c,0x03,0xc9,0x04,
0x2c,0x00,0x01,0xd5,0xff,0x00,0x0d,0x00,0x00,0x00,0x00,0x80,0x6a,0x09,0x03,0x8b,
0x28,0x00,0x46,0xd6,0x2d,0x03,0xbd,0x04,0x29,0x01,0x52,0x4a,0x2a,0x00,0x46,0xd6,
0x2a,0x03,0xc1,0x04,0x31,0x01,0x5a,0x4a,0x2f,0x00,0x01,0xd5,0xff,0x00,0x0d,0x00,
0x00,0x00,0x00,0x80,0x02,0x00,0x85,0xbf,0x00,0x00,0x64,0xe0,0x28,0x58,0x43,0x80,
0x00,0x00,0x64,0xe0,0x2a,0x17,0x43,0x80,0x00,0x00,0x64,0xe0,0x2b,0x5a,0x43,0x80,
0x28,0x00,0x46,0xd6,0x29,0x03,0xb1,0x04,0x2b,0x00,0x2c,0xd7,0x1d,0x33,0x00,0x00,
0x29,0x00,0x46,0xd6,0x2d,0x03,0xbd,0x04,0x01,0x00,0x85,0xbf,0x00,0x00,0x64,0xe0,
0x28,0x15,0x43,0x80,0x00,0x00,0x64,0xe0,0x29,0x5b,0x43,0x80,0x92,0x4e,0x50,0x38,
0x6a,0x0a,0x03,0x8b,0x2e,0x01,0x54,0x4a,0x2c,0x00,0x01,0xd5,0xff,0x00,0x0d,0x00,
0x00,0x00,0x00,0x80,0x03,0x00,0x4c,0xd4,0x18,0x3a,0x02,0x00,0x04,0x00,0x4c,0xd4,
0x18,0x50,0x02,0x00,0x94,0x4e,0x5c,0x38,0x14,0x02,0x87,0xbf,0x29,0x00,0x46,0xd6,
0x2a,0x03,0xb1,0x04,0x02,0x03,0x05,0x8b,0x1b,0x56,0x54,0x4a,0x28,0x00,0x01,0xd5,
0xff,0x00,0x15,0x00,0x00,0x00,0x00,0x80,0x02,0x04,0x05,0x8b,0x2b,0x81,0x58,0x4a,
0x2f,0x00,0x01,0xd5,0xff,0x00,0x15,0x00,0x00,0x00,0x00,0x80,0x05,0x00,0x4c,0xd4,
0x18,0x5c,0x02,0x00,0x2a,0x81,0x5a,0x4a,0x00,0x00,0x64,0xe0,0x29,0x13,0x43,0x80,
0x1b,0x54,0x52,0x4a,0x28,0x00,0x46,0xd6,0x2c,0x03,0xa1,0x04,0x02,0x05,0x06,0x8b,
0x2c,0x00,0x46,0xd6,0x2d,0x03,0xbd,0x04,0x2f,0x00,0x01,0xd5,0xff,0x00,0x19,0x00,
0x00,0x00,0x00,0x80,0x29,0x81,0x5c,0x4a,0x96,0x4e,0x5a,0x38,0x01,0x00,0x85,0xbf,
0x00,0x00,0x64,0xe0,0x28,0x5c,0x43,0x80,0x00,0x00,0x64,0xe0,0x2c,0x14,0x43,0x80,
0x1b,0x52,0x60,0x4a,0x28,0x00,0x46,0xd6,0x2e,0x03,0xbd,0x04,0x06,0x00,0x4c,0xd4,
0x18,0x5a,0x02,0x00,0x98,0x4e,0x5c,0x38,0xd4,0x04,0x87,0xbf,0x1b,0x60,0x5e,0x4a,
0x30,0x81,0x58,0x4a,0x00,0x00,0x64,0xe0,0x28,0x5d,0x43,0x80,0x9a,0x4e,0x50,0x38,
0x02,0x06,0x07,0x8b,0x2d,0x00,0x01,0xd5,0xff,0x00,0x1d,0x00,0x00,0x00,0x00,0x80,
0x07,0x00,0x4c,0xd4,0x18,0x5c,0x02,0x00,0x03,0x00,0x87,0xbf,0x08,0x00,0x4c,0xd4,
0x18,0x50,0x02,0x00,0x9c,0x4e,0x50,0x38,0x1b,0x5e,0x5c,0x4a,0x9e,0x4e,0x4e,0x38,
0x02,0x07,0x09,0x8b,0x02,0x08,0x0a,0x8b,0x31,0x00,0x01,0xd5,0xff,0x00,0x25,0x00,
0x00,0x00,0x00,0x80,0x09,0x00,0x4c,0xd4,0x18,0x50,0x02,0x00,0x1b,0x5c,0x66,0x4a,
0x28,0x00,0x01,0xd5,0xff,0x00,0x29,0x00,0x00,0x00,0x00,0x80,0x2c,0x00,0x46,0xd6,
0x2c,0x03,0xb5,0x04,0x2f,0x81,0x5a,0x4a,0x02,0x09,0x0a,0x8b,0x2e,0x81,0x64,0x4a,
0x35,0x00,0x01,0xd5,0xff,0x00,0x29,0x00,0x00,0x00,0x00,0x80,0x0a,0x00,0x4c,0xd4,
0x18,0x4e,0x02,0x00,0x1b,0x66,0x6c,0x4a,0x33,0x81,0x68,0x4a,0x27,0x00,0x46,0xd6,
0x2d,0x03,0xc5,0x04,0x28,0x00,0x46,0xd6,0x32,0x03,0xa1,0x04,0x02,0x0a,0x02,0x8b,
0x36,0x81,0x62,0x4a,0x32,0x00,0x01,0xd5,0xff,0x00,0x09,0x00,0x00,0x00,0x00,0x80,
0x2d,0x00,0x46,0xd6,0x34,0x03,0xd5,0x04,0x01,0x03,0x02,0x8b,0x03,0x00,0x85,0xbf,
0x00,0x00,0x64,0xe0,0x2c,0x12,0x43,0x80,0x00,0x00,0x64,0xe0,0x27,0x5e,0x43,0x80,
0x00,0x00,0x64,0xe0,0x28,0x11,0x43,0x80,0x00,0x00,0x64,0xe0,0x2d,0x5f,0x43,0x80,
0x2c,0x00,0x01,0xd5,0xff,0x00,0x09,0x00,0x00,0x00,0x00,0x80,0x01,0x04,0x02,0x8b,
0x27,0x00,0x46,0xd6,0x31,0x03,0xc9,0x04,0x31,0x00,0x01,0xd5,0xff,0x00,0x09,0x00,
0x00,0x00,0x00,0x80,0x01,0x05,0x02,0x8b,0x2b,0x0b,0x50,0x4a,0x2a,0x0b,0x5a,0x4a,
0x29,0x0b,0x64,0x4a,0x34,0x00,0x01,0xd5,0xff,0x00,0x09,0x00,0x00,0x00,0x00,0x80,
0x01,0x06,0x02,0x8b,0x30,0x0b,0x6a,0x4a,0x37,0x00,0x01,0xd5,0xff,0x00,0x09,0x00,
0x00,0x00,0x00,0x80,0x01,0x07,0x02,0x8b,0x00,0x00,0x64,0xe0,0x27,0x10,0x43,0x80,
0x27,0x00,0x46,0xd6,0x28,0x03,0xb1,0x04,0x28,0x00,0x46,0xd6,0x2d,0x03,0xc5,0x04,
0x2c,0x00,0x46,0xd6,0x32,0x03,0xd1,0x04,0x2f,0x0b,0x62,0x4a,0x32,0x00,0x01,0xd5,
0xff,0x00,0x09,0x00,0x00,0x00,0x00,0x80,0x2d,0x00,0x46,0xd6,0x35,0x03,0xdd,0x04,
0x01,0x08,0x02,0x8b,0x03,0x00,0x85,0xbf,0x00,0x00,0x64,0xe0,0x27,0x60,0x43,0x80,
0x00,0x00,0x64,0xe0,0x28,0x0f,0x43,0x80,0x00,0x00,0x64,0xe0,0x2c,0x61,0x43,0x80,
0x00,0x00,0x64,0xe0,0x2d,0x0e,0x43,0x80,0x2c,0x00,0x01,0xd5,0xff,0x00,0x09,0x00,
0x00,0x00,0x00,0x80,0x01,0x09,0x02,0x8b,0x01,0x0a,0x01,0x8b,0x27,0x00,0x46,0xd6,
0x31,0x03,0xc9,0x04,0x2e,0x0b,0x50,0x4a,0x33,0x0b,0x5a,0x4a,0x31,0x00,0x01,0xd5,
0xff,0x00,0x09,0x00,0x00,0x00,0x00,0x80,0x34,0x00,0x01,0xd5,0xff,0x00,0x05,0x00,
0x00,0x00,0x00,0x80,0x00,0x03,0x01,0x8b,0x36,0x0b,0x64,0x4a,0x2b,0x03,0x6a,0x4a,
0x37,0x00,0x01,0xd5,0xff,0x00,0x05,0x00,0x00,0x00,0x00,0x80,0x00,0x00,0x64,0xe0,
0x27,0x62,0x43,0x80,0x27,0x00,0x46,0xd6,0x28,0x03,0xb1,0x04,0x00,0x04,0x01,0x8b,
0x28,0x00,0x46,0xd6,0x2d,0x03,0xc5,0x04,0x2c,0x00,0x46,0xd6,0x32,0x03,0xd1,0x04,
0x2a,0x03,0x62,0x4a,0x32,0x00,0x01,0xd5,0xff,0x00,0x05,0x00,0x00,0x00,0x00,0x80,
0x2d,0x00,0x46,0xd6,0x35,0x03,0xdd,0x04,0x00,0x05,0x01,0x8b,0x03,0x00,0x85,0xbf,
0x00,0x00,0x64,0xe0,0x27,0x0d,0x43,0x80,0x00,0x00,0x64,0xe0,0x28,0x66,0x43,0x80,
0x00,0x00,0x64,0xe0,0x2c,0x0c,0x43,0x80,0x00,0x00,0x64,0xe0,0x2d,0x69,0x43,0x80,
0x2c,0x00,0x01,0xd5,0xff,0x00,0x05,0x00,0x00,0x00,0x00,0x80,0x00,0x06,0x01,0x8b,
0x27,0x00,0x46,0xd6,0x31,0x03,0xc9,0x04,0x31,0x00,0x01,0xd5,0xff,0x00,0x05,0x00,
0x00,0x00,0x00,0x80,0x00,0x07,0x01,0x8b,0x29,0x03,0x50,0x4a,0x30,0x03,0x5a,0x4a,
0x34,0x00,0x01,0xd5,0xff,0x00,0x05,0x00,0x00,0x00,0x00,0x80,0x00,0x08,0x01,0x8b,
0x2f,0x03,0x64,0x4a,0x2e,0x03,0x6a,0x4a,0x37,0x00,0x01,0xd5,0xff,0x00,0x05,0x00,
0x00,0x00,0x00,0x80,0x00,0x00,0x64,0xe0,0x27,0x0b,0x43,0x80,0x27,0x00,0x46,0xd6,
0x28,0x03,0xb1,0x04,0x28,0x00,0x46,0xd6,0x2d,0x03,0xc5,0x04,0x00,0x09,0x01,0x8b,
0x2c,0x00,0x46,0xd6,0x32,0x03,0xd1,0x04,0x2d,0x00,0x46,0xd6,0x35,0x03,0xdd,0x04,
0x33,0x03,0x62,0x4a,0x32,0x00,0x01,0xd5,0xff,0x00,0x05,0x00,0x00,0x00,0x00,0x80,
0x00,0x0a,0x00,0x8b,0x03,0x00,0x85,0xbf,0x00,0x00,0x64,0xe0,0x27,0x68,0x43,0x80,
0x00,0x00,0x64,0xe0,0x28,0x0a,0x43,0x80,0x00,0x00,0x64,0xe0,0x2c,0x72,0x43,0x80,
0x00,0x00,0x64,0xe0,0x2d,0x09,0x43,0x80,0x2c,0x00,0x01,0xd5,0xff,0x00,0x01,0x00,
0x00,0x00,0x00,0x80,0x6a,0x03,0x00,0x8b,0x27,0x00,0x46,0xd6,0x31,0x03,0xc9,0x04,
0x2d,0x00,0x01,0xd5,0xff,0x00,0x01,0x00,0x00,0x00,0x00,0x80,0x6a,0x04,0x00,0x8b,
0x36,0x03,0x50,0x4a,0x2b,0x01,0x56,0x4a,0x31,0x00,0x01,0xd5,0xff,0x00,0x01,0x00,
0x00,0x00,0x00,0x80,0x6a,0x05,0x00,0x8b,0x2a,0x01,0x54,0x4a,0x29,0x01,0x52,0x4a,
0x32,0x00,0x01,0xd5,0xff,0x00,0x01,0x00,0x00,0x00,0x00,0x80,0x00,0x00,0x64,0xe0,
0x27,0x73,0x43,0x80,0x27,0x00,0x46,0xd6,0x28,0x03,0xb1,0x04,0x6a,0x06,0x00,0x8b,
0x28,0x00,0x46,0xd6,0x2b,0x03,0xb5,0x04,0x2a,0x00,0x46,0xd6,0x2a,0x03,0xc5,0x04,
0x30,0x01,0x56,0x4a,0x2c,0x00,0x01,0xd5,0xff,0x00,0x01,0x00,0x00,0x00,0x00,0x80,
0x29,0x00,0x46,0xd6,0x29,0x03,0xc9,0x04,0x6a,0x07,0x00,0x8b,0x03,0x00,0x85,0xbf,
0x00,0x00,0x64,0xe0,0x27,0x08,0x43,0x80,0x00,0x00,0x64,0xe0,0x28,0x77,0x43,0x80,
0x00,0x00,0x64,0xe0,0x2a,0x06,0x43,0x80,0x00,0x00,0x64,0xe0,0x29,0x76,0x43,0x80,
0x29,0x00,0x01,0xd5,0xff,0x00,0x01,0x00,0x00,0x00,0x00,0x80,0x6a,0x08,0x00,0x8b,
0x27,0x00,0x46,0xd6,0x2b,0x03,0xb1,0x04,0x2b,0x00,0x01,0xd5,0xff,0x00,0x01,0x00,
0x00,0x00,0x00,0x80,0x6a,0x09,0x00,0x8b,0x2f,0x01,0x50,0x4a,0x2d,0x00,0x01,0xd5,
0xff,0x00,0x01,0x00,0x00,0x00,0x00,0x80,0x6a,0x0a,0x00,0x8b,0x2e,0x01,0x54,0x4a,
0x36,0x01,0x5c,0x4a,0x2f,0x00,0x01,0xd5,0xff,0x00,0x01,0x00,0x00,0x00,0x00,0x80,
0x33,0x01,0x58,0x4a,0x28,0x00,0x46,0xd6,0x28,0x03,0xa5,0x04,0x00,0x00,0x64,0xe0,
0x27,0x04,0x43,0x80,0x29,0x00,0x46,0xd6,0x2a,0x03,0xad,0x04,0x27,0x00,0x46,0xd6,
0x2e,0x03,0xbd,0x04,0x2a,0x00,0x46,0xd6,0x2c,0x03,0xb5,0x04,0x80,0x00,0x80,0xbe,
0x03,0x00,0x85,0xbf,0x00,0x00,0x64,0xe0,0x28,0x75,0x43,0x80,0x00,0x00,0x64,0xe0,
0x29,0x03,0x43,0x80,0x00,0x00,0x64,0xe0,0x2a,0x74,0x43,0x80,0x00,0x00,0x64,0xe0,
0x27,0x02,0x43,0x80,0x7e,0x00,0x6a,0x91,0x1c,0x01,0xa4,0xbf,0x1b,0x30,0x4e,0x4a,
0x29,0x00,0x47,0xd6,0x16,0x81,0x06,0x02,0x2a,0x00,0x47,0xd6,0x18,0x81,0x06,0x02,
0x2c,0x00,0x47,0xd6,0x16,0x0b,0x06,0x02,0x2d,0x00,0x47,0xd6,0x18,0x0b,0x06,0x02,
0x1b,0x4e,0x50,0x4a,0x00,0x00,0x64,0xe0,0x29,0x07,0x43,0x80,0x07,0x00,0x47,0xd6,
0x27,0x81,0x06,0x02,0x00,0x00,0x64,0xe0,0x2a,0x26,0x43,0x80,0x26,0x00,0x47,0xd6,
0x27,0x0b,0x06,0x02,0x1b,0x50,0x56,0x4a,0x2a,0x00,0x47,0xd6,0x28,0x81,0x06,0x02,
0x00,0x00,0x64,0xe0,0x07,0x4c,0x43,0x80,0x2e,0x00,0x47,0xd6,0x28,0x0b,0x06,0x02,
0x1d,0x00,0x2c,0xd7,0x1d,0x33,0x00,0x00,0x1b,0x56,0x52,0x4a,0x2f,0x00,0x47,0xd6,
0x2b,0x81,0x06,0x02,0x00,0x00,0x64,0xe0,0x2a,0x25,0x43,0x80,0x25,0x00,0x47,0xd6,
0x2b,0x0b,0x06,0x02,0x1b,0x52,0x0e,0x4a,0x30,0x00,0x47,0xd6,0x29,0x81,0x06,0x02,
0x00,0x00,0x64,0xe0,0x2f,0x4d,0x43,0x80,0x31,0x00,0x47,0xd6,0x29,0x0b,0x06,0x02,
0x1b,0x0e,0x54,0x4a,0x2f,0x00,0x47,0xd6,0x07,0x81,0x06,0x02,0x00,0x00,0x64,0xe0,
0x30,0x22,0x43,0x80,0x22,0x00,0x47,0xd6,0x07,0x0b,0x06,0x02,0x32,0x00,0x47,0xd6,
0x2a,0x81,0x06,0x02,0x00,0x00,0x64,0xe0,0x2f,0x4e,0x43,0x80,0x2f,0x00,0x47,0xd6,
0x2a,0x0b,0x06,0x02,0x06,0x00,0x85,0xbf,0x00,0x00,0x64,0xe0,0x32,0x24,0x43,0x80,
0x00,0x00,0x64,0xe0,0x2c,0x4f,0x43,0x80,0x00,0x00,0x64,0xe0,0x2d,0x23,0x43,0x80,
0x00,0x00,0x64,0xe0,0x26,0x50,0x43,0x80,0x00,0x00,0x64,0xe0,0x2e,0x21,0x43,0x80,
0x00,0x00,0x64,0xe0,0x25,0x51,0x43,0x80,0x00,0x00,0x64,0xe0,0x31,0x20,0x43,0x80,
0x20,0x00,0x47,0xd6,0x16,0x03,0x06,0x02,0x21,0x00,0x47,0xd6,0x18,0x03,0x06,0x02,
0x23,0x00,0x47,0xd6,0x27,0x03,0x06,0x02,0x04,0x00,0x85,0xbf,0x00,0x00,0x64,0xe0,
0x22,0x52,0x43,0x80,0x00,0x00,0x64,0xe0,0x2f,0x1f,0x43,0x80,0x00,0x00,0x64,0xe0,
0x20,0x53,0x43,0x80,0x00,0x00,0x64,0xe0,0x21,0x1e,0x43,0x80,0x00,0x00,0x64,0xe0,
0x23,0x54,0x43,0x80,0x1e,0x00,0x47,0xd6,0x28,0x03,0x06,0x02,0x1f,0x00,0x47,0xd6,
0x2b,0x03,0x06,0x02,0x20,0x00,0x47,0xd6,0x29,0x03,0x06,0x02,0x21,0x00,0x47,0xd6,
0x07,0x03,0x06,0x02,0x03,0x00,0x85,0xbf,0x00,0x00,0x64,0xe0,0x1e,0x1c,0x43,0x80,
0x00,0x00,0x64,0xe0,0x1f,0x55,0x43,0x80,0x00,0x00,0x64,0xe0,0x20,0x1b,0x43,0x80,
0x00,0x00,0x64,0xe0,0x21,0x56,0x43,0x80,0x1b,0x00,0x47,0xd6,0x2a,0x03,0x06,0x02,
0x1b,0x3a,0x38,0x4a,0x16,0x00,0x47,0xd6,0x16,0x01,0x06,0x02,0x18,0x00,0x47,0xd6,
0x18,0x01,0x06,0x02,0x02,0x00,0x85,0xbf,0x00,0x00,0x64,0xe0,0x1b,0x1a,0x43,0x80,
0x00,0x00,0x64,0xe0,0x16,0x57,0x43,0x80,0x00,0x00,0x64,0xe0,0x18,0x19,0x43,0x80,
0x1b,0x38,0x2c,0x4a,0x1e,0x00,0x47,0xd6,0x27,0x01,0x06,0x02,0x18,0x00,0x47,0xd6,
0x28,0x01,0x06,0x02,0x19,0x00,0x47,0xd6,0x2b,0x01,0x06,0x02,0x1a,0x00,0x47,0xd6,
0x29,0x01,0x06,0x02,0x1b,0x2c,0x36,0x4a,0x00,0x00,0x64,0xe0,0x1e,0x58,0x43,0x80,
0x07,0x00,0x47,0xd6,0x07,0x01,0x06,0x02,0x02,0x00,0x85,0xbf,0x00,0x00,0x64,0xe0,
0x18,0x17,0x43,0x80,0x00,0x00,0x64,0xe0,0x19,0x5a,0x43,0x80,0x00,0x00,0x64,0xe0,
0x1a,0x15,0x43,0x80,0x17,0x00,0x47,0xd6,0x1d,0x81,0x06,0x02,0x1b,0x36,0x2a,0x4a,
0x18,0x00,0x47,0xd6,0x1c,0x81,0x06,0x02,0x00,0x00,0x64,0xe0,0x07,0x5b,0x43,0x80,
0x07,0x00,0x47,0xd6,0x2a,0x01,0x06,0x02,0x1a,0x00,0x47,0xd6,0x16,0x81,0x06,0x02,
0x1b,0x2a,0x32,0x4a,0x03,0x00,0x85,0xbf,0x00,0x00,0x64,0xe0,0x07,0x13,0x43,0x80,
0x00,0x00,0x64,0xe0,0x17,0x5c,0x43,0x80,0x00,0x00,0x64,0xe0,0x18,0x14,0x43,0x80,
0x00,0x00,0x64,0xe0,0x1a,0x5d,0x43,0x80,0x1b,0x32,0x0e,0x4a,0x13,0x00,0x47,0xd6,
0x1b,0x81,0x06,0x02,0x14,0x00,0x47,0xd6,0x15,0x81,0x06,0x02,0x17,0x00,0x47,0xd6,
0x19,0x81,0x06,0x02,0x04,0x00,0x87,0xbf,0x1b,0x0e,0x34,0x4a,0x18,0x00,0x47,0xd6,
0x07,0x81,0x06,0x02,0x03,0x00,0x85,0xbf,0x00,0x00,0x64,0xe0,0x13,0x12,0x43,0x80,
0x00,0x00,0x64,0xe0,0x14,0x5e,0x43,0x80,0x00,0x00,0x64,0xe0,0x17,0x11,0x43,0x80,
0x00,0x00,0x64,0xe0,0x18,0x5f,0x43,0x80,0x12,0x00,0x47,0xd6,0x1d,0x0b,0x06,0x02,
0x11,0x00,0x47,0xd6,0x1a,0x81,0x06,0x02,0x13,0x00,0x47,0xd6,0x1c,0x0b,0x06,0x02,
0x14,0x00,0x47,0xd6,0x16,0x0b,0x06,0x02,0x17,0x00,0x47,0xd6,0x1b,0x0b,0x06,0x02,
0x04,0x00,0x85,0xbf,0x00,0x00,0x64,0xe0,0x11,0x10,0x43,0x80,0x00,0x00,0x64,0xe0,
0x12,0x60,0x43,0x80,0x00,0x00,0x64,0xe0,0x13,0x0f,0x43,0x80,0x00,0x00,0x64,0xe0,
0x14,0x61,0x43,0x80,0x00,0x00,0x64,0xe0,0x17,0x0e,0x43,0x80,0x0e,0x00,0x47,0xd6,
0x15,0x0b,0x06,0x02,0x0f,0x00,0x47,0xd6,0x19,0x0b,0x06,0x02,0x10,0x00,0x47,0xd6,
0x07,0x0b,0x06,0x02,0x05,0x00,0x47,0xd6,0x1a,0x0b,0x06,0x02,0x11,0x00,0x47,0xd6,
0x1d,0x03,0x06,0x02,0x04,0x00,0x85,0xbf,0x00,0x00,0x64,0xe0,0x0e,0x62,0x43,0x80,
0x00,0x00,0x64,0xe0,0x0f,0x0d,0x43,0x80,0x00,0x00,0x64,0xe0,0x10,0x66,0x43,0x80,
0x00,0x00,0x64,0xe0,0x05,0x0c,0x43,0x80,0x00,0x00,0x64,0xe0,0x11,0x69,0x43,0x80,
0x05,0x00,0x47,0xd6,0x1c,0x03,0x06,0x02,0x0c,0x00,0x47,0xd6,0x16,0x03,0x06,0x02,
0x0d,0x00,0x47,0xd6,0x1b,0x03,0x06,0x02,0x0e,0x00,0x47,0xd6,0x15,0x03,0x06,0x02,
0x0f,0x00,0x47,0xd6,0x19,0x03,0x06,0x02,0x04,0x00,0x85,0xbf,0x00,0x00,0x64,0xe0,
0x05,0x0b,0x43,0x80,0x00,0x00,0x64,0xe0,0x0c,0x68,0x43,0x80,0x00,0x00,0x64,0xe0,
0x0d,0x0a,0x43,0x80,0x00,0x00,0x64,0xe0,0x0e,0x72,0x43,0x80,0x00,0x00,0x64,0xe0,
0x0f,0x09,0x43,0x80,0x05,0x00,0x47,0xd6,0x07,0x03,0x06,0x02,0x01,0x00,0x47,0xd6,
0x1a,0x03,0x06,0x02,0x09,0x00,0x47,0xd6,0x1d,0x01,0x06,0x02,0x0a,0x00,0x47,0xd6,
0x1c,0x01,0x06,0x02,0x0b,0x00,0x47,0xd6,0x16,0x01,0x06,0x02,0x04,0x00,0x85,0xbf,
0x00,0x00,0x64,0xe0,0x05,0x73,0x43,0x80,0x00,0x00,0x64,0xe0,0x01,0x08,0x43,0x80,
0x00,0x00,0x64,0xe0,0x09,0x77,0x43,0x80,0x00,0x00,0x64,0xe0,0x0a,0x06,0x43,0x80,
0x00,0x00,0x64,0xe0,0x0b,0x76,0x43,0x80,0x01,0x00,0x47,0xd6,0x1b,0x01,0x06,0x02,
0x05,0x00,0x47,0xd6,0x15,0x01,0x06,0x02,0x06,0x00,0x47,0xd6,0x19,0x01,0x06,0x02,
0x07,0x00,0x47,0xd6,0x07,0x01,0x06,0x02,0x00,0x00,0x47,0xd6,0x1a,0x01,0x06,0x02,
0x04,0x00,0x85,0xbf,0x00,0x00,0x64,0xe0,0x01,0x04,0x43,0x80,0x00,0x00,0x64,0xe0,
0x05,0x75,0x43,0x80,0x00,0x00,0x64,0xe0,0x06,0x03,0x43,0x80,0x00,0x00,0x64,0xe0,
0x07,0x74,0x43,0x80,0x00,0x00,0x64,0xe0,0x00,0x02,0x43,0x80,0x00,0x00,0x80,0xbf,
0x03,0x00,0xb6,0xbf,0x00,0x00,0xb0,0xbf,0x00,0x00,0x9f,0xbf,0x00,0x00,0x9f,0xbf,
0x00,0x00,0x9f,0xbf,0x00,0x00,0x9f,0xbf,0x00,0x00,0x9f,0xbf,0x00,0x00,0x9f,0xbf,
0x00,0x00,0x9f,0xbf,0x00,0x00,0x9f,0xbf,0x00,0x00,0x9f,0xbf,0x00,0x00,0x9f,0xbf,
0x00,0x00,0x9f,0xbf,0x00,0x00,0x9f,0xbf,0x00,0x00,0x9f,0xbf,0x00,0x00,0x9f,0xbf,
0x00,0x00,0x9f,0xbf,0x00,0x00,0x9f,0xbf,0x00,0x00,0x9f,0xbf,0x00,0x00,0x9f,0xbf,
0x00,0x00,0x9f,0xbf,0x00,0x00,0x9f,0xbf,0x00,0x00,0x9f,0xbf,0x00,0x00,0x9f,0xbf,
0x00,0x00,0x9f,0xbf,0x00,0x00,0x9f,0xbf,0x00,0x00,0x9f,0xbf,0x00,0x00,0x9f,0xbf,
0x00,0x00,0x9f,0xbf,0x00,0x00,0x9f,0xbf,0x00,0x00,0x9f,0xbf,0x00,0x00,0x9f,0xbf,
0x00,0x00,0x9f,0xbf,0x00,0x00,0x9f,0xbf,0x00,0x00,0x9f,0xbf,0x00,0x00,0x9f,0xbf,
0x00,0x00,0x9f,0xbf,0x00,0x00,0x9f,0xbf,0x00,0x00,0x9f,0xbf,0x00,0x00,0x9f,0xbf,
0x00,0x00,0x9f,0xbf,0x00,0x00,0x9f,0xbf,0x00,0x00,0x9f,0xbf,0x00,0x00,0x9f,0xbf,
0x00,0x00,0x9f,0xbf,0x00,0x00,0x9f,0xbf,0x00,0x00,0x9f,0xbf,0x00,0x00,0x9f,0xbf,
0x00,0x00,0x9f,0xbf,0x00,0x00,0x9f,0xbf,0x00,0x00,0x9f,0xbf,0x00,0x00,0x9f,0xbf,
0x00,0x00,0x9f,0xbf,0x00,0x00,0x9f,0xbf,0x00,0x00,0x9f,0xbf,0x00,0x00,0x9f,0xbf,
0x00,0x00,0x9f,0xbf,0x00,0x00,0x9f,0xbf,0x00,0x00,0x9f,0xbf,0x00,0x00,0x9f,0xbf,
0x00,0x00,0x9f,0xbf,0x00,0x00,0x9f,0xbf,0x00,0x00,0x9f,0xbf,0x00,0x00,0x9f,0xbf,
0x00,0x00,0x9f,0xbf,0x00,0x00,0x9f,0xbf,0x00,0x00,0x9f,0xbf,0x00,0x00,0x9f,0xbf,
0x00,0x00,0x9f,0xbf,0x00,0x00,0x9f,0xbf,0x00,0x00,0x9f,0xbf,0x00,0x00,0x9f,0xbf,
0x00,0x00,0x9f,0xbf,0x00,0x00,0x9f,0xbf,0x00,0x00,0x9f,0xbf,0x00,0x00,0x9f,0xbf,
0x00,0x00,0x9f,0xbf,0x00,0x00,0x9f,0xbf,0x00,0x00,0x9f,0xbf,0x00,0x00,0x9f,0xbf,
0x00,0x00,0x9f,0xbf,0x00,0x00,0x9f,0xbf,0x00,0x00,0x9f,0xbf,0x00,0x00,0x9f,0xbf,
0x00,0x00,0x9f,0xbf,0x00,0x00,0x9f,0xbf,0x00,0x00,0x9f,0xbf,0x00,0x00,0x9f,0xbf,
0x00,0x00,0x9f,0xbf,0x00,0x00,0x9f,0xbf,0x00,0x00,0x9f,0xbf,0x00,0x00,0x9f,0xbf,
0x00,0x00,0x9f,0xbf,0x00,0x00,0x9f,0xbf,0x00,0x00,0x9f,0xbf,0x00,0x00,0x9f,0xbf,
0x00,0x00,0x9f,0xbf,0x00,0x00,0x9f,0xbf,0x00,0x00,0x9f,0xbf,0x00,0x00,0x9f,0xbf,
0x00,0x00,0x9f,0xbf,0x00,0x00,0x9f,0xbf,0x00,0x00,0x9f,0xbf,0x00,0x00,0x9f,0xbf,
0x00,0x00,0x9f,0xbf,0x00,0x00,0x9f,0xbf,0x00,0x00,0x9f,0xbf,0x00,0x00,0x9f,0xbf,
0x00,0x00,0x9f,0xbf,0x00,0x00,0x9f,0xbf,0x00,0x00,0x9f,0xbf,0x00,0x00,0x9f,0xbf,
0x00,0x78,0x00,0x00,0x00,0x00,0x00,0x00,0x58,0x01,0x00,0x00,0x00,0x00,0x00,0x00,
0x00,0x00,0x00,0x00,0x00,0x00,0x00,0x00,0x00,0x00,0x00,0x00,0x00,0x00,0x00,0x00,
0x00,0x00,0x00,0x00,0x00,0x00,0x00,0x00,0x00,0x00,0x00,0x00,0x00,0x00,0x00,0x00,
0x19,0x00,0xaf,0x40,0x9a,0x0b,0x00,0x00,0x08,0x04,0x00,0x00,0x00,0x00,0x00,0x00,
0x00,0x63,0x6c,0x61,0x6e,0x67,0x20,0x76,0x65,0x72,0x73,0x69,0x6f,0x6e,0x20,0x31,
0x39,0x2e,0x30,0x2e,0x30,0x67,0x69,0x74,0x00,0x00,0x00,0x00,0x07,0x00,0x00,0x00,
0xd7,0x07,0x00,0x00,0x20,0x00,0x00,0x00,0x41,0x4d,0x44,0x47,0x50,0x55,0x00,0x00,
0x83,0xae,0x61,0x6d,0x64,0x68,0x73,0x61,0x2e,0x6b,0x65,0x72,0x6e,0x65,0x6c,0x73,
0x91,0xde,0x00,0x12,0xa5,0x2e,0x61,0x72,0x67,0x73,0xdc,0x00,0x1e,0x83,0xa7,0x2e,
0x6f,0x66,0x66,0x73,0x65,0x74,0x00,0xa5,0x2e,0x73,0x69,0x7a,0x65,0x04,0xab,0x2e,
0x76,0x61,0x6c,0x75,0x65,0x5f,0x6b,0x69,0x6e,0x64,0xa8,0x62,0x79,0x5f,0x76,0x61,
0x6c,0x75,0x65,0x83,0xa7,0x2e,0x6f,0x66,0x66,0x73,0x65,0x74,0x04,0xa5,0x2e,0x73,
0x69,0x7a,0x65,0x04,0xab,0x2e,0x76,0x61,0x6c,0x75,0x65,0x5f,0x6b,0x69,0x6e,0x64,
0xa8,0x62,0x79,0x5f,0x76,0x61,0x6c,0x75,0x65,0x83,0xa7,0x2e,0x6f,0x66,0x66,0x73,
0x65,0x74,0x08,0xa5,0x2e,0x73,0x69,0x7a,0x65,0x04,0xab,0x2e,0x76,0x61,0x6c,0x75,
0x65,0x5f,0x6b,0x69,0x6e,0x64,0xa8,0x62,0x79,0x5f,0x76,0x61,0x6c,0x75,0x65,0x85,
0xae,0x2e,0x61,0x63,0x74,0x75,0x61,0x6c,0x5f,0x61,0x63,0x63,0x65,0x73,0x73,0xa9,
0x72,0x65,0x61,0x64,0x5f,0x6f,0x6e,0x6c,0x79,0xae,0x2e,0x61,0x64,0x64,0x72,0x65,
0x73,0x73,0x5f,0x73,0x70,0x61,0x63,0x65,0xa6,0x67,0x6c,0x6f,0x62,0x61,0x6c,0xa7,
0x2e,0x6f,0x66,0x66,0x73,0x65,0x74,0x10,0xa5,0x2e,0x73,0x69,0x7a,0x65,0x08,0xab,
0x2e,0x76,0x61,0x6c,0x75,0x65,0x5f,0x6b,0x69,0x6e,0x64,0xad,0x67,0x6c,0x6f,0x62,
0x61,0x6c,0x5f,0x62,0x75,0x66,0x66,0x65,0x72,0x85,0xae,0x2e,0x61,0x63,0x74,0x75,
0x61,0x6c,0x5f,0x61,0x63,0x63,0x65,0x73,0x73,0xa9,0x72,0x65,0x61,0x64,0x5f,0x6f,
0x6e,0x6c,0x79,0xae,0x2e,0x61,0x64,0x64,0x72,0x65,0x73,0x73,0x5f,0x73,0x70,0x61,
0x63,0x65,0xa6,0x67,0x6c,0x6f,0x62,0x61,0x6c,0xa7,0x2e,0x6f,0x66,0x66,0x73,0x65,
0x74,0x18,0xa5,0x2e,0x73,0x69,0x7a,0x65,0x08,0xab,0x2e,0x76,0x61,0x6c,0x75,0x65,
0x5f,0x6b,0x69,0x6e,0x64,0xad,0x67,0x6c,0x6f,0x62,0x61,0x6c,0x5f,0x62,0x75,0x66,
0x66,0x65,0x72,0x85,0xae,0x2e,0x61,0x63,0x74,0x75,0x61,0x6c,0x5f,0x61,0x63,0x63,
0x65,0x73,0x73,0xa9,0x72,0x65,0x61,0x64,0x5f,0x6f,0x6e,0x6c,0x79,0xae,0x2e,0x61,
0x64,0x64,0x72,0x65,0x73,0x73,0x5f,0x73,0x70,0x61,0x63,0x65,0xa6,0x67,0x6c,0x6f,
0x62,0x61,0x6c,0xa7,0x2e,0x6f,0x66,0x66,0x73,0x65,0x74,0x20,0xa5,0x2e,0x73,0x69,
0x7a,0x65,0x08,0xab,0x2e,0x76,0x61,0x6c,0x75,0x65,0x5f,0x6b,0x69,0x6e,0x64,0xad,
0x67,0x6c,0x6f,0x62,0x61,0x6c,0x5f,0x62,0x75,0x66,0x66,0x65,0x72,0x84,0xae,0x2e,
0x61,0x64,0x64,0x72,0x65,0x73,0x73,0x5f,0x73,0x70,0x61,0x63,0x65,0xa6,0x67,0x6c,
0x6f,0x62,0x61,0x6c,0xa7,0x2e,0x6f,0x66,0x66,0x73,0x65,0x74,0x28,0xa5,0x2e,0x73,
0x69,0x7a,0x65,0x08,0xab,0x2e,0x76,0x61,0x6c,0x75,0x65,0x5f,0x6b,0x69,0x6e,0x64,
0xad,0x67,0x6c,0x6f,0x62,0x61,0x6c,0x5f,0x62,0x75,0x66,0x66,0x65,0x72,0x83,0xa7,
0x2e,0x6f,0x66,0x66,0x73,0x65,0x74,0x30,0xa5,0x2e,0x73,0x69,0x7a,0x65,0x04,0xab,
0x2e,0x76,0x61,0x6c,0x75,0x65,0x5f,0x6b,0x69,0x6e,0x64,0xa8,0x62,0x79,0x5f,0x76,
0x61,0x6c,0x75,0x65,0x83,0xa7,0x2e,0x6f,0x66,0x66,0x73,0x65,0x74,0x34,0xa5,0x2e,
0x73,0x69,0x7a,0x65,0x04,0xab,0x2e,0x76,0x61,0x6c,0x75,0x65,0x5f,0x6b,0x69,0x6e,
0x64,0xa8,0x62,0x79,0x5f,0x76,0x61,0x6c,0x75,0x65,0x83,0xa7,0x2e,0x6f,0x66,0x66,
0x73,0x65,0x74,0x38,0xa5,0x2e,0x73,0x69,0x7a,0x65,0x04,0xab,0x2e,0x76,0x61,0x6c,
0x75,0x65,0x5f,0x6b,0x69,0x6e,0x64,0xa8,0x62,0x79,0x5f,0x76,0x61,0x6c,0x75,0x65,
0x83,0xa7,0x2e,0x6f,0x66,0x66,0x73,0x65,0x74,0x3c,0xa5,0x2e,0x73,0x69,0x7a,0x65,
0x04,0xab,0x2e,0x76,0x61,0x6c,0x75,0x65,0x5f,0x6b,0x69,0x6e,0x64,0xa8,0x62,0x79,
0x5f,0x76,0x61,0x6c,0x75,0x65,0x83,0xa7,0x2e,0x6f,0x66,0x66,0x73,0x65,0x74,0x40,
0xa5,0x2e,0x73,0x69,0x7a,0x65,0x04,0xab,0x2e,0x76,0x61,0x6c,0x75,0x65,0x5f,0x6b,
0x69,0x6e,0x64,0xa8,0x62,0x79,0x5f,0x76,0x61,0x6c,0x75,0x65,0x83,0xa7,0x2e,0x6f,
0x66,0x66,0x73,0x65,0x74,0x44,0xa5,0x2e,0x73,0x69,0x7a,0x65,0x04,0xab,0x2e,0x76,
0x61,0x6c,0x75,0x65,0x5f,0x6b,0x69,0x6e,0x64,0xa8,0x62,0x79,0x5f,0x76,0x61,0x6c,
0x75,0x65,0x83,0xa7,0x2e,0x6f,0x66,0x66,0x73,0x65,0x74,0x48,0xa5,0x2e,0x73,0x69,
0x7a,0x65,0x04,0xab,0x2e,0x76,0x61,0x6c,0x75,0x65,0x5f,0x6b,0x69,0x6e,0x64,0xa8,
0x62,0x79,0x5f,0x76,0x61,0x6c,0x75,0x65,0x83,0xa7,0x2e,0x6f,0x66,0x66,0x73,0x65,
0x74,0x4c,0xa5,0x2e,0x73,0x69,0x7a,0x65,0x04,0xab,0x2e,0x76,0x61,0x6c,0x75,0x65,
0x5f,0x6b,0x69,0x6e,0x64,0xa8,0x62,0x79,0x5f,0x76,0x61,0x6c,0x75,0x65,0x83,0xa7,
0x2e,0x6f,0x66,0x66,0x73,0x65,0x74,0x50,0xa5,0x2e,0x73,0x69,0x7a,0x65,0x01,0xab,
0x2e,0x76,0x61,0x6c,0x75,0x65,0x5f,0x6b,0x69,0x6e,0x64,0xa8,0x62,0x79,0x5f,0x76,
0x61,0x6c,0x75,0x65,0x83,0xa7,0x2e,0x6f,0x66,0x66,0x73,0x65,0x74,0x51,0xa5,0x2e,
0x73,0x69,0x7a,0x65,0x01,0xab,0x2e,0x76,0x61,0x6c,0x75,0x65,0x5f,0x6b,0x69,0x6e,
0x64,0xa8,0x62,0x79,0x5f,0x76,0x61,0x6c,0x75,0x65,0x83,0xa7,0x2e,0x6f,0x66,0x66,
0x73,0x65,0x74,0x58,0xa5,0x2e,0x73,0x69,0x7a,0x65,0x04,0xab,0x2e,0x76,0x61,0x6c,
0x75,0x65,0x5f,0x6b,0x69,0x6e,0x64,0xb4,0x68,0x69,0x64,0x64,0x65,0x6e,0x5f,0x62,
0x6c,0x6f,0x63,0x6b,0x5f,0x63,0x6f,0x75,0x6e,0x74,0x5f,0x78,0x83,0xa7,0x2e,0x6f,
0x66,0x66,0x73,0x65,0x74,0x5c,0xa5,0x2e,0x73,0x69,0x7a,0x65,0x04,0xab,0x2e,0x76,
0x61,0x6c,0x75,0x65,0x5f,0x6b,0x69,0x6e,0x64,0xb4,0x68,0x69,0x64,0x64,0x65,0x6e,
0x5f,0x62,0x6c,0x6f,0x63,0x6b,0x5f,0x63,0x6f,0x75,0x6e,0x74,0x5f,0x79,0x83,0xa7,
0x2e,0x6f,0x66,0x66,0x73,0x65,0x74,0x60,0xa5,0x2e,0x73,0x69,0x7a,0x65,0x04,0xab,
0x2e,0x76,0x61,0x6c,0x75,0x65,0x5f,0x6b,0x69,0x6e,0x64,0xb4,0x68,0x69,0x64,0x64,
0x65,0x6e,0x5f,0x62,0x6c,0x6f,0x63,0x6b,0x5f,0x63,0x6f,0x75,0x6e,0x74,0x5f,0x7a,
0x83,0xa7,0x2e,0x6f,0x66,0x66,0x73,0x65,0x74,0x64,0xa5,0x2e,0x73,0x69,0x7a,0x65,
0x02,0xab,0x2e,0x76,0x61,0x6c,0x75,0x65,0x5f,0x6b,0x69,0x6e,0x64,0xb3,0x68,0x69,
0x64,0x64,0x65,0x6e,0x5f,0x67,0x72,0x6f,0x75,0x70,0x5f,0x73,0x69,0x7a,0x65,0x5f,
0x78,0x83,0xa7,0x2e,0x6f,0x66,0x66,0x73,0x65,0x74,0x66,0xa5,0x2e,0x73,0x69,0x7a,
0x65,0x02,0xab,0x2e,0x76,0x61,0x6c,0x75,0x65,0x5f,0x6b,0x69,0x6e,0x64,0xb3,0x68,
0x69,0x64,0x64,0x65,0x6e,0x5f,0x67,0x72,0x6f,0x75,0x70,0x5f,0x73,0x69,0x7a,0x65,
0x5f,0x79,0x83,0xa7,0x2e,0x6f,0x66,0x66,0x73,0x65,0x74,0x68,0xa5,0x2e,0x73,0x69,
0x7a,0x65,0x02,0xab,0x2e,0x76,0x61,0x6c,0x75,0x65,0x5f,0x6b,0x69,0x6e,0x64,0xb3,
0x68,0x69,0x64,0x64,0x65,0x6e,0x5f,0x67,0x72,0x6f,0x75,0x70,0x5f,0x73,0x69,0x7a,
0x65,0x5f,0x7a,0x83,0xa7,0x2e,0x6f,0x66,0x66,0x73,0x65,0x74,0x6a,0xa5,0x2e,0x73,
0x69,0x7a,0x65,0x02,0xab,0x2e,0x76,0x61,0x6c,0x75,0x65,0x5f,0x6b,0x69,0x6e,0x64,
0xb2,0x68,0x69,0x64,0x64,0x65,0x6e,0x5f,0x72,0x65,0x6d,0x61,0x69,0x6e,0x64,0x65,
0x72,0x5f,0x78,0x83,0xa7,0x2e,0x6f,0x66,0x66,0x73,0x65,0x74,0x6c,0xa5,0x2e,0x73,
0x69,0x7a,0x65,0x02,0xab,0x2e,0x76,0x61,0x6c,0x75,0x65,0x5f,0x6b,0x69,0x6e,0x64,
0xb2,0x68,0x69,0x64,0x64,0x65,0x6e,0x5f,0x72,0x65,0x6d,0x61,0x69,0x6e,0x64,0x65,
0x72,0x5f,0x79,0x83,0xa7,0x2e,0x6f,0x66,0x66,0x73,0x65,0x74,0x6e,0xa5,0x2e,0x73,
0x69,0x7a,0x65,0x02,0xab,0x2e,0x76,0x61,0x6c,0x75,0x65,0x5f,0x6b,0x69,0x6e,0x64,
0xb2,0x68,0x69,0x64,0x64,0x65,0x6e,0x5f,0x72,0x65,0x6d,0x61,0x69,0x6e,0x64,0x65,
0x72,0x5f,0x7a,0x83,0xa7,0x2e,0x6f,0x66,0x66,0x73,0x65,0x74,0xcc,0x80,0xa5,0x2e,
0x73,0x69,0x7a,0x65,0x08,0xab,0x2e,0x76,0x61,0x6c,0x75,0x65,0x5f,0x6b,0x69,0x6e,
0x64,0xb6,0x68,0x69,0x64,0x64,0x65,0x6e,0x5f,0x67,0x6c,0x6f,0x62,0x61,0x6c,0x5f,
0x6f,0x66,0x66,0x73,0x65,0x74,0x5f,0x78,0x83,0xa7,0x2e,0x6f,0x66,0x66,0x73,0x65,
0x74,0xcc,0x88,0xa5,0x2e,0x73,0x69,0x7a,0x65,0x08,0xab,0x2e,0x76,0x61,0x6c,0x75,
0x65,0x5f,0x6b,0x69,0x6e,0x64,0xb6,0x68,0x69,0x64,0x64,0x65,0x6e,0x5f,0x67,0x6c,
0x6f,0x62,0x61,0x6c,0x5f,0x6f,0x66,0x66,0x73,0x65,0x74,0x5f,0x79,0x83,0xa7,0x2e,
0x6f,0x66,0x66,0x73,0x65,0x74,0xcc,0x90,0xa5,0x2e,0x73,0x69,0x7a,0x65,0x08,0xab,
0x2e,0x76,0x61,0x6c,0x75,0x65,0x5f,0x6b,0x69,0x6e,0x64,0xb6,0x68,0x69,0x64,0x64,
0x65,0x6e,0x5f,0x67,0x6c,0x6f,0x62,0x61,0x6c,0x5f,0x6f,0x66,0x66,0x73,0x65,0x74,
0x5f,0x7a,0x83,0xa7,0x2e,0x6f,0x66,0x66,0x73,0x65,0x74,0xcc,0x98,0xa5,0x2e,0x73,
0x69,0x7a,0x65,0x02,0xab,0x2e,0x76,0x61,0x6c,0x75,0x65,0x5f,0x6b,0x69,0x6e,0x64,
0xb0,0x68,0x69,0x64,0x64,0x65,0x6e,0x5f,0x67,0x72,0x69,0x64,0x5f,0x64,0x69,0x6d,
0x73,0xb9,0x2e,0x67,0x72,0x6f,0x75,0x70,0x5f,0x73,0x65,0x67,0x6d,0x65,0x6e,0x74,
0x5f,0x66,0x69,0x78,0x65,0x64,0x5f,0x73,0x69,0x7a,0x65,0xcd,0x78,0x00,0xb6,0x2e,
0x6b,0x65,0x72,0x6e,0x61,0x72,0x67,0x5f,0x73,0x65,0x67,0x6d,0x65,0x6e,0x74,0x5f,
0x61,0x6c,0x69,0x67,0x6e,0x08,0xb5,0x2e,0x6b,0x65,0x72,0x6e,0x61,0x72,0x67,0x5f,
0x73,0x65,0x67,0x6d,0x65,0x6e,0x74,0x5f,0x73,0x69,0x7a,0x65,0xcd,0x01,0x58,0xa9,
0x2e,0x6c,0x61,0x6e,0x67,0x75,0x61,0x67,0x65,0xa8,0x4f,0x70,0x65,0x6e,0x43,0x4c,
0x20,0x43,0xb1,0x2e,0x6c,0x61,0x6e,0x67,0x75,0x61,0x67,0x65,0x5f,0x76,0x65,0x72,
0x73,0x69,0x6f,0x6e,0x92,0x02,0x00,0xb8,0x2e,0x6d,0x61,0x78,0x5f,0x66,0x6c,0x61,
0x74,0x5f,0x77,0x6f,0x72,0x6b,0x67,0x72,0x6f,0x75,0x70,0x5f,0x73,0x69,0x7a,0x65,
0xcc,0x80,0xa5,0x2e,0x6e,0x61,0x6d,0x65,0xd9,0x2e,0x5f,0x5a,0x39,0x67,0x65,0x6d,
0x6d,0x5f,0x77,0x6d,0x6d,0x61,0x6a,0x6a,0x6a,0x50,0x50,0x4b,0x44,0x46,0x31,0x36,
0x5f,0x53,0x31,0x5f,0x53,0x31,0x5f,0x50,0x50,0x44,0x46,0x31,0x36,0x5f,0x6a,0x6a,
0x6a,0x66,0x66,0x6a,0x66,0x66,0x62,0x62,0xbb,0x2e,0x70,0x72,0x69,0x76,0x61,0x74,
0x65,0x5f,0x73,0x65,0x67,0x6d,0x65,0x6e,0x74,0x5f,0x66,0x69,0x78,0x65,0x64,0x5f,
0x73,0x69,0x7a,0x65,0x00,0xab,0x2e,0x73,0x67,0x70,0x72,0x5f,0x63,0x6f,0x75,0x6e,
0x74,0x34,0xb1,0x2e,0x73,0x67,0x70,0x72,0x5f,0x73,0x70,0x69,0x6c,0x6c,0x5f,0x63,
0x6f,0x75,0x6e,0x74,0x00,0xa7,0x2e,0x73,0x79,0x6d,0x62,0x6f,0x6c,0xd9,0x31,0x5f,
0x5a,0x39,0x67,0x65,0x6d,0x6d,0x5f,0x77,0x6d,0x6d,0x61,0x6a,0x6a,0x6a,0x50,0x50,
0x4b,0x44,0x46,0x31,0x36,0x5f,0x53,0x31,0x5f,0x53,0x31,0x5f,0x50,0x50,0x44,0x46,
0x31,0x36,0x5f,0x6a,0x6a,0x6a,0x66,0x66,0x6a,0x66,0x66,0x62,0x62,0x2e,0x6b,0x64,
0xb8,0x2e,0x75,0x6e,0x69,0x66,0x6f,0x72,0x6d,0x5f,0x77,0x6f,0x72,0x6b,0x5f,0x67,
0x72,0x6f,0x75,0x70,0x5f,0x73,0x69,0x7a,0x65,0x01,0xb3,0x2e,0x75,0x73,0x65,0x73,
0x5f,0x64,0x79,0x6e,0x61,0x6d,0x69,0x63,0x5f,0x73,0x74,0x61,0x63,0x6b,0xc2,0xab,
0x2e,0x76,0x67,0x70,0x72,0x5f,0x63,0x6f,0x75,0x6e,0x74,0xcc,0xcd,0xb1,0x2e,0x76,
0x67,0x70,0x72,0x5f,0x73,0x70,0x69,0x6c,0x6c,0x5f,0x63,0x6f,0x75,0x6e,0x74,0x00,
0xaf,0x2e,0x77,0x61,0x76,0x65,0x66,0x72,0x6f,0x6e,0x74,0x5f,0x73,0x69,0x7a,0x65,
0x20,0xb9,0x2e,0x77,0x6f,0x72,0x6b,0x67,0x72,0x6f,0x75,0x70,0x5f,0x70,0x72,0x6f,
0x63,0x65,0x73,0x73,0x6f,0x72,0x5f,0x6d,0x6f,0x64,0x65,0x00,0xad,0x61,0x6d,0x64,
0x68,0x73,0x61,0x2e,0x74,0x61,0x72,0x67,0x65,0x74,0xba,0x61,0x6d,0x64,0x67,0x63,
0x6e,0x2d,0x61,0x6d,0x64,0x2d,0x61,0x6d,0x64,0x68,0x73,0x61,0x2d,0x2d,0x67,0x66,
0x78,0x31,0x31,0x30,0x30,0xae,0x61,0x6d,0x64,0x68,0x73,0x61,0x2e,0x76,0x65,0x72,
0x73,0x69,0x6f,0x6e,0x92,0x01,0x02,0x00,0x00,0x00,0x00,0x00,0x00,0x00,0x00,0x00,
0x00,0x00,0x00,0x00,0x00,0x00,0x00,0x00,0x00,0x00,0x00,0x00,0x00,0x00,0x00,0x00,
0x6b,0x00,0x00,0x00,0x12,0x03,0x02,0x00,0x00,0x00,0x00,0x00,0x00,0x00,0x00,0x00,
0x48,0xc2,0x00,0x00,0x00,0x00,0x00,0x00,0x39,0x00,0x00,0x00,0x11,0x03,0x03,0x00,
0x00,0x00,0x00,0x00,0x00,0x00,0x00,0x00,0x40,0x00,0x00,0x00,0x00,0x00,0x00,0x00,
0xc6,0x00,0x00,0x00,0x11,0x00,0x06,0x00,0x00,0x00,0x00,0x00,0x00,0x00,0x00,0x00,
0x01,0x00,0x00,0x00,0x00,0x00,0x00,0x00,0x10,0x00,0x00,0x00,0x00,0x00,0x00,0x00,
0x05,0x00,0x00,0x00,0x01,0x00,0x00,0x00,0x10,0x00,0x00,0x00,0x00,0x00,0x00,0x00,
0x03,0x00,0x2e,0x74,0x65,0x78,0x74,0x00,0x2e,0x63,0x6f,0x6d,0x6d,0x65,0x6e,0x74,
0x00,0x2e,0x62,0x73,0x73,0x00,0x2e,0x6e,0x6f,0x74,0x65,0x2e,0x47,0x4e,0x55,0x2d,
0x73,0x74,0x61,0x63,0x6b,0x00,0x2e,0x6c,0x6c,0x76,0x6d,0x5f,0x61,0x64,0x64,0x72,
0x73,0x69,0x67,0x00,0x2e,0x6e,0x6f,0x74,0x65,0x00,0x5f,0x5a,0x39,0x67,0x65,0x6d,
0x6d,0x5f,0x77,0x6d,0x6d,0x61,0x6a,0x6a,0x6a,0x50,0x50,0x4b,0x44,0x46,0x31,0x36,
0x5f,0x53,0x31,0x5f,0x53,0x31,0x5f,0x50,0x50,0x44,0x46,0x31,0x36,0x5f,0x6a,0x6a,
0x6a,0x66,0x66,0x6a,0x66,0x66,0x62,0x62,0x2e,0x6b,0x64,0x00,0x5f,0x5a,0x39,0x67,
0x65,0x6d,0x6d,0x5f,0x77,0x6d,0x6d,0x61,0x6a,0x6a,0x6a,0x50,0x50,0x4b,0x44,0x46,
0x31,0x36,0x5f,0x53,0x31,0x5f,0x53,0x31,0x5f,0x50,0x50,0x44,0x46,0x31,0x36,0x5f,
0x6a,0x6a,0x6a,0x66,0x66,0x6a,0x66,0x66,0x62,0x62,0x00,0x2e,0x73,0x74,0x72,0x74,
0x61,0x62,0x00,0x2e,0x73,0x79,0x6d,0x74,0x61,0x62,0x00,0x2e,0x41,0x4d,0x44,0x47,
0x50,0x55,0x2e,0x63,0x73,0x64,0x61,0x74,0x61,0x00,0x2e,0x72,0x65,0x6c,0x61,0x2e,
0x72,0x6f,0x64,0x61,0x74,0x61,0x00,0x5f,0x5f,0x68,0x69,0x70,0x5f,0x63,0x75,0x69,
0x64,0x5f,0x35,0x64,0x62,0x66,0x37,0x63,0x65,0x32,0x30,0x35,0x63,0x37,0x61,0x34,
0x34,0x00,0x00,0x00,0x00,0x00,0x00,0x00,0x00,0x00,0x00,0x00,0x00,0x00,0x00,0x00,
0x00,0x00,0x00,0x00,0x00,0x00,0x00,0x00,0x00,0x00,0x00,0x00,0x00,0x00,0x00,0x00,
0x00,0x00,0x00,0x00,0x00,0x00,0x00,0x00,0x00,0x00,0x00,0x00,0x00,0x00,0x00,0x00,
0x00,0x00,0x00,0x00,0x00,0x00,0x00,0x00,0x00,0x00,0x00,0x00,0x00,0x00,0x00,0x00,
0x00,0x00,0x00,0x00,0x00,0x00,0x00,0x00,0x9a,0x00,0x00,0x00,0x03,0x00,0x00,0x00,
0x00,0x00,0x00,0x00,0x00,0x00,0x00,0x00,0x00,0x00,0x00,0x00,0x00,0x00,0x00,0x00,
0xc1,0xcd,0x00,0x00,0x00,0x00,0x00,0x00,0xe1,0x00,0x00,0x00,0x00,0x00,0x00,0x00,
0x00,0x00,0x00,0x00,0x00,0x00,0x00,0x00,0x01,0x00,0x00,0x00,0x00,0x00,0x00,0x00,
0x00,0x00,0x00,0x00,0x00,0x00,0x00,0x00,0x01,0x00,0x00,0x00,0x01,0x00,0x00,0x00,
0x06,0x00,0x00,0x00,0x00,0x00,0x00,0x00,0x00,0x00,0x00,0x00,0x00,0x00,0x00,0x00,
0x00,0x01,0x00,0x00,0x00,0x00,0x00,0x00,0x00,0xc4,0x00,0x00,0x00,0x00,0x00,0x00,
0x00,0x00,0x00,0x00,0x00,0x00,0x00,0x00,0x00,0x01,0x00,0x00,0x00,0x00,0x00,0x00,
0x00,0x00,0x00,0x00,0x00,0x00,0x00,0x00,0xbe,0x00,0x00,0x00,0x01,0x00,0x00,0x00,
0x02,0x00,0x00,0x00,0x00,0x00,0x00,0x00,0x00,0x00,0x00,0x00,0x00,0x00,0x00,0x00,
0x00,0xc5,0x00,0x00,0x00,0x00,0x00,0x00,0x40,0x00,0x00,0x00,0x00,0x00,0x00,0x00,
0x00,0x00,0x00,0x00,0x00,0x00,0x00,0x00,0x40,0x00,0x00,0x00,0x00,0x00,0x00,0x00,
0x00,0x00,0x00,0x00,0x00,0x00,0x00,0x00,0xb9,0x00,0x00,0x00,0x04,0x00,0x00,0x00,
0x40,0x00,0x00,0x00,0x00,0x00,0x00,0x00,0x00,0x00,0x00,0x00,0x00,0x00,0x00,0x00,
0xa8,0xcd,0x00,0x00,0x00,0x00,0x00,0x00,0x18,0x00,0x00,0x00,0x00,0x00,0x00,0x00,
0x0b,0x00,0x00,0x00,0x03,0x00,0x00,0x00,0x08,0x00,0x00,0x00,0x00,0x00,0x00,0x00,
0x18,0x00,0x00,0x00,0x00,0x00,0x00,0x00,0xaa,0x00,0x00,0x00,0x01,0x00,0x00,0x00,
0x00,0x00,0x00,0x00,0x00,0x00,0x00,0x00,0x00,0x00,0x00,0x00,0x00,0x00,0x00,0x00,
0x40,0xc5,0x00,0x00,0x00,0x00,0x00,0x00,0x00,0x00,0x00,0x00,0x00,0x00,0x00,0x00,
0x00,0x00,0x00,0x00,0x00,0x00,0x00,0x00,0x01,0x00,0x00,0x00,0x00,0x00,0x00,0x00,
0x00,0x00,0x00,0x00,0x00,0x00,0x00,0x00,0x10,0x00,0x00,0x00,0x08,0x00,0x00,0x00,
0x03,0x00,0x00,0x00,0x00,0x00,0x00,0x00,0x00,0x00,0x00,0x00,0x00,0x00,0x00,0x00,
0x40,0xc5,0x00,0x00,0x00,0x00,0x00,0x00,0x01,0x00,0x00,0x00,0x00,0x00,0x00,0x00,
0x00,0x00,0x00,0x00,0x00,0x00,0x00,0x00,0x01,0x00,0x00,0x00,0x00,0x00,0x00,0x00,
0x00,0x00,0x00,0x00,0x00,0x00,0x00,0x00,0x07,0x00,0x00,0x00,0x01,0x00,0x00,0x00,
0x30,0x00,0x00,0x00,0x00,0x00,0x00,0x00,0x00,0x00,0x00,0x00,0x00,0x00,0x00,0x00,
0x40,0xc5,0x00,0x00,0x00,0x00,0x00,0x00,0x19,0x00,0x00,0x00,0x00,0x00,0x00,0x00,
0x00,0x00,0x00,0x00,0x00,0x00,0x00,0x00,0x01,0x00,0x00,0x00,0x00,0x00,0x00,0x00,
0x01,0x00,0x00,0x00,0x00,0x00,0x00,0x00,0x15,0x00,0x00,0x00,0x01,0x00,0x00,0x00,
0x00,0x00,0x00,0x00,0x00,0x00,0x00,0x00,0x00,0x00,0x00,0x00,0x00,0x00,0x00,0x00,
0x59,0xc5,0x00,0x00,0x00,0x00,0x00,0x00,0x00,0x00,0x00,0x00,0x00,0x00,0x00,0x00,
0x00,0x00,0x00,0x00,0x00,0x00,0x00,0x00,0x01,0x00,0x00,0x00,0x00,0x00,0x00,0x00,
0x00,0x00,0x00,0x00,0x00,0x00,0x00,0x00,0x33,0x00,0x00,0x00,0x07,0x00,0x00,0x00,
0x02,0x00,0x00,0x00,0x00,0x00,0x00,0x00,0x00,0x00,0x00,0x00,0x00,0x00,0x00,0x00,
0x5c,0xc5,0x00,0x00,0x00,0x00,0x00,0x00,0xec,0x07,0x00,0x00,0x00,0x00,0x00,0x00,
0x00,0x00,0x00,0x00,0x00,0x00,0x00,0x00,0x04,0x00,0x00,0x00,0x00,0x00,0x00,0x00,
0x00,0x00,0x00,0x00,0x00,0x00,0x00,0x00,0x25,0x00,0x00,0x00,0x03,0x4c,0xff,0x6f,
0x00,0x00,0x00,0x80,0x00,0x00,0x00,0x00,0x00,0x00,0x00,0x00,0x00,0x00,0x00,0x00,
0xc0,0xcd,0x00,0x00,0x00,0x00,0x00,0x00,0x01,0x00,0x00,0x00,0x00,0x00,0x00,0x00,
0x0b,0x00,0x00,0x00,0x00,0x00,0x00,0x00,0x01,0x00,0x00,0x00,0x00,0x00,0x00,0x00,
0x00,0x00,0x00,0x00,0x00,0x00,0x00,0x00,0xa2,0x00,0x00,0x00,0x02,0x00,0x00,0x00,
0x00,0x00,0x00,0x00,0x00,0x00,0x00,0x00,0x00,0x00,0x00,0x00,0x00,0x00,0x00,0x00,
0x48,0xcd,0x00,0x00,0x00,0x00,0x00,0x00,0x60,0x00,0x00,0x00,0x00,0x00,0x00,0x00,
0x01,0x00,0x00,0x00,0x01,0x00,0x00,0x00,0x08,0x00,0x00,0x00,0x00,0x00,0x00,0x00,
0x18,0x00,0x00,0x00,0x00,0x00,0x00,0x00 }
};

constexpr StaticShaderType<20264> Gemm2d_NN_16x128x16_RocWmma_F16_Elf =
{
    .m_binary = {
0x7f,0x45,0x4c,0x46,0x02,0x01,0x01,0x40,0x03,0x00,0x00,0x00,0x00,0x00,0x00,0x00,
0x01,0x00,0xe0,0x00,0x01,0x00,0x00,0x00,0x00,0x00,0x00,0x00,0x00,0x00,0x00,0x00,
0x00,0x00,0x00,0x00,0x00,0x00,0x00,0x00,0x28,0x4c,0x00,0x00,0x00,0x00,0x00,0x00,
0x41,0x00,0x00,0x00,0x40,0x00,0x00,0x00,0x00,0x00,0x40,0x00,0x0c,0x00,0x01,0x00,
0x00,0x00,0x00,0x00,0x00,0x00,0x00,0x00,0x00,0x00,0x00,0x00,0x00,0x00,0x00,0x00,
0x00,0x00,0x00,0x00,0x00,0x00,0x00,0x00,0x00,0x00,0x00,0x00,0x00,0x00,0x00,0x00,
0x00,0x00,0x00,0x00,0x00,0x00,0x00,0x00,0x00,0x00,0x00,0x00,0x00,0x00,0x00,0x00,
0x00,0x00,0x00,0x00,0x00,0x00,0x00,0x00,0x00,0x00,0x00,0x00,0x00,0x00,0x00,0x00,
0x00,0x00,0x00,0x00,0x00,0x00,0x00,0x00,0x00,0x00,0x00,0x00,0x00,0x00,0x00,0x00,
0x00,0x00,0x00,0x00,0x00,0x00,0x00,0x00,0x00,0x00,0x00,0x00,0x00,0x00,0x00,0x00,
0x00,0x00,0x00,0x00,0x00,0x00,0x00,0x00,0x00,0x00,0x00,0x00,0x00,0x00,0x00,0x00,
0x00,0x00,0x00,0x00,0x00,0x00,0x00,0x00,0x00,0x00,0x00,0x00,0x00,0x00,0x00,0x00,
0x00,0x00,0x00,0x00,0x00,0x00,0x00,0x00,0x00,0x00,0x00,0x00,0x00,0x00,0x00,0x00,
0x00,0x00,0x00,0x00,0x00,0x00,0x00,0x00,0x00,0x00,0x00,0x00,0x00,0x00,0x00,0x00,
0x00,0x00,0x00,0x00,0x00,0x00,0x00,0x00,0x00,0x00,0x00,0x00,0x00,0x00,0x00,0x00,
0x00,0x00,0x00,0x00,0x00,0x00,0x00,0x00,0x00,0x00,0x00,0x00,0x00,0x00,0x00,0x00,
0x00,0x09,0x08,0xf4,0x00,0x00,0x00,0xf8,0x80,0x00,0x95,0xbe,0x07,0xfc,0x89,0xbf,
0x24,0x8f,0x02,0x8b,0xb9,0x04,0x87,0xbf,0x02,0x80,0x07,0xbf,0xc1,0x80,0x02,0x98,
0x24,0x9f,0x03,0x86,0x03,0x9c,0x03,0x85,0x99,0x04,0x87,0xbf,0x24,0x03,0x03,0x81,
0x03,0x84,0x03,0x86,0x02,0x80,0x07,0xbf,0x03,0x80,0x21,0x82,0x09,0x00,0x87,0xbf,
0x0d,0x21,0x03,0xbf,0xe3,0x0f,0xa2,0xbf,0x03,0x00,0x85,0xbf,0x00,0x01,0x0c,0xf4,
0x10,0x00,0x00,0xf8,0x00,0x06,0x0c,0xf4,0x30,0x00,0x00,0xf8,0x00,0x03,0x00,0xf4,
0x50,0x00,0x00,0xf8,0x80,0x08,0x00,0xf4,0x58,0x00,0x00,0xf8,0x3d,0x00,0x10,0xd6,
0x00,0x15,0x29,0x02,0x81,0x00,0x02,0x32,0x83,0x00,0x04,0x30,0x03,0x00,0x10,0xd6,
0x00,0x05,0x0d,0x02,0x80,0x00,0x22,0xca,0x85,0x00,0x04,0x38,0x14,0x02,0x87,0xbf,
0x88,0x02,0x72,0x36,0x98,0x04,0x02,0x36,0x86,0x7a,0x04,0x30,0x25,0x24,0x10,0x96,
0x24,0x26,0x11,0x96,0xff,0x00,0x0c,0x36,0xff,0x03,0x00,0x00,0x3c,0x00,0x10,0xd6,
0x00,0x0b,0x15,0x02,0x3a,0x7c,0xfe,0xd6,0x03,0x4b,0x04,0x04,0x3b,0x00,0x57,0xd6,
0xff,0x0a,0x06,0x04,0x80,0x03,0x00,0x00,0x07,0xfc,0x89,0xbf,0x82,0x00,0x04,0xf4,
0x00,0x00,0x00,0xf8,0x03,0x01,0x04,0xf4,0x00,0x00,0x00,0xf8,0x0f,0x18,0x14,0x96,
0x85,0x01,0x04,0xf4,0x00,0x00,0x00,0xf8,0x04,0x02,0x04,0xf4,0x00,0x00,0x00,0xf8,
0x14,0x81,0x8a,0x84,0x81,0x0c,0x12,0x8b,0xff,0x0c,0x0c,0x8b,0x00,0x01,0x00,0x00,
0x0f,0x19,0x14,0x96,0x1c,0x14,0x02,0x7e,0x8f,0x00,0x7c,0x36,0x84,0x00,0x08,0x30,
0x00,0x00,0x56,0xd6,0x00,0x0d,0x19,0x04,0x1e,0x14,0x8c,0x7e,0x1f,0x14,0x8e,0x7e,
0x85,0x7a,0x80,0x30,0xff,0x08,0x82,0x36,0xf0,0x00,0x00,0x00,0xff,0x00,0x00,0x36,
0x0f,0x04,0x00,0x00,0x80,0x8c,0x0a,0x7c,0x3f,0x00,0x1f,0xd7,0xc1,0x00,0x01,0x00,
0x0d,0x26,0x16,0x96,0x07,0xfc,0x89,0xbf,0x02,0x0a,0x28,0x80,0x03,0x0b,0x0a,0x82,
0x14,0x81,0x82,0x84,0x0a,0xff,0x29,0x8b,0xff,0xff,0x00,0x00,0x04,0x02,0x2c,0x80,
0x05,0x03,0x02,0x82,0x25,0xff,0x03,0x8b,0x7f,0x00,0x00,0x00,0x02,0xff,0x2d,0x8b,
0xff,0xff,0x00,0x00,0x03,0x80,0x07,0xbf,0x10,0x0f,0x14,0x96,0xc1,0x80,0x03,0x98,
0x25,0x9f,0x02,0x86,0x81,0x00,0x8a,0x30,0x02,0x99,0x02,0x85,0x1b,0x14,0x00,0x7e,
0x25,0x02,0x04,0x81,0x41,0x73,0x08,0x38,0x04,0x87,0x04,0x86,0x03,0x80,0x07,0xbf,
0x00,0x17,0x90,0x7e,0x04,0x80,0x1c,0x82,0x14,0x81,0x84,0x84,0x25,0x81,0x38,0x84,
0x0f,0x1a,0x14,0x96,0x06,0x04,0x34,0x80,0x07,0x05,0x03,0x82,0x14,0x81,0x84,0x84,
0x03,0xff,0x35,0x8b,0xff,0xff,0x00,0x00,0x08,0x04,0x30,0x80,0x09,0x05,0x03,0x82,
0x11,0x81,0x2a,0x84,0x03,0xff,0x31,0x8b,0xff,0xff,0x00,0x00,0x0e,0x1c,0x04,0xbf,
0x03,0x00,0x05,0xd4,0x80,0x8e,0x02,0x00,0xc1,0x80,0x39,0x98,0x26,0x84,0x3a,0x85,
0x26,0x8f,0x3b,0x8b,0x25,0x84,0x3c,0x84,0x26,0x8f,0x08,0xbf,0x8f,0x7e,0x84,0x36,
0xc1,0x80,0x3d,0x98,0x25,0x83,0x14,0x84,0x3a,0x81,0xbe,0x8a,0x3b,0x80,0x06,0xbf,
0x43,0x00,0x46,0xd6,0x0e,0x10,0x09,0x04,0xc1,0x80,0x3f,0x98,0x26,0xd0,0x40,0x8b,
0x10,0x81,0x32,0x84,0x12,0x81,0x06,0xbf,0x81,0x08,0x88,0x30,0xc1,0x80,0x41,0x98,
0x02,0x00,0x05,0xd4,0x80,0x02,0x02,0x00,0x41,0x7e,0x04,0x8b,0x81,0x25,0x42,0x98,
0x0c,0x80,0x07,0xbf,0x46,0x17,0x92,0x7e,0xc1,0x80,0x43,0x98,0x4a,0x00,0x11,0xd7,
0x01,0x03,0x02,0x00,0x43,0x7e,0x04,0x8b,0x81,0x24,0x44,0x98,0x6a,0x03,0x45,0x8c,
0x00,0xff,0x12,0x80,0x58,0x00,0x00,0x00,0x01,0x80,0x13,0x82,0x0e,0x87,0x49,0x84,
0xff,0x00,0xab,0xbe,0x00,0x40,0x00,0x31,0x49,0x80,0x00,0x4a,0x22,0x26,0x0a,0x96,
0x16,0x84,0x00,0x84,0xff,0x00,0xa3,0xbe,0x3d,0xc7,0xba,0xbb,0xff,0x00,0xa7,0xbe,
0x18,0x72,0x31,0x3f,0x4b,0x00,0x56,0xd6,0x00,0x03,0x81,0x02,0x2b,0x00,0xaf,0xbe,
0x2b,0x00,0xb3,0xbe,0x2b,0x00,0xb7,0xbe,0x38,0x26,0x2e,0x96,0x32,0x00,0xb6,0xbe,
0x0a,0x84,0x46,0x84,0x25,0x85,0x47,0x84,0x26,0x81,0x48,0x84,0x14,0x81,0x9e,0x84,
0x49,0x3c,0x49,0x81,0x00,0x90,0x4a,0x81,0x04,0x00,0xa0,0xbf,0x0d,0x22,0x0d,0x81,
0x4a,0x46,0x4a,0x81,0x0d,0x21,0x03,0xbf,0x3e,0x0f,0xa2,0xbf,0x7e,0x39,0x6a,0x91,
0xfa,0xff,0xa4,0xbf,0xc9,0x12,0x00,0xf4,0x04,0x00,0x00,0xf8,0x0d,0x84,0x00,0x84,
0x4b,0x03,0x98,0x7e,0x00,0x24,0x0a,0xbf,0x00,0x26,0x14,0x96,0xc1,0x80,0x03,0x98,
0x00,0x90,0x01,0x81,0x43,0x03,0x9a,0x7e,0x01,0x24,0x0b,0xbf,0x49,0x00,0xcc,0xbe,
0xc1,0x80,0x4d,0x98,0x14,0x81,0x80,0x84,0x0e,0x00,0xce,0xbe,0x28,0x00,0x4f,0x80,
0x29,0x01,0x50,0x82,0x03,0xc1,0x51,0x8d,0x07,0xfc,0x89,0xbf,0x4b,0x87,0x52,0x84,
0x4b,0x88,0x53,0x84,0x06,0x00,0xa0,0xbf,0x53,0x9a,0x9a,0x4a,0x53,0x98,0x98,0x4a,
0x4b,0x4e,0x4e,0x81,0x4c,0x52,0x4c,0x81,0x4e,0x1c,0x03,0xbf,0xdf,0xff,0xa2,0xbf,
0x4e,0x87,0x00,0x84,0xa9,0x04,0x87,0xbf,0x00,0x25,0x09,0xbf,0xc1,0x80,0x01,0x98,
0x51,0x01,0x01,0x8c,0x09,0x00,0x87,0xbf,0x7e,0x01,0x6a,0x8b,0xf2,0xff,0xa4,0xbf,
0x15,0x00,0x94,0xbe,0x00,0xff,0x01,0x81,0x80,0x00,0x00,0x00,0x15,0x00,0x96,0xbe,
0x15,0x00,0x97,0xbe,0x15,0x00,0x98,0xbe,0x15,0x00,0x99,0xbe,0x15,0x00,0x9a,0xbe,
0x15,0x00,0x9b,0xbe,0x14,0x00,0x10,0xca,0x15,0x00,0x08,0x08,0x01,0x25,0x0b,0xbf,
0x16,0x00,0x10,0xca,0x17,0x00,0x0a,0x0a,0x18,0x00,0x10,0xca,0x19,0x00,0x0c,0x0c,
0x1a,0x00,0x10,0xca,0x1b,0x00,0x0e,0x0e,0xc1,0x80,0x01,0x98,0x08,0x01,0x10,0xca,
0x09,0x01,0x00,0x00,0x4d,0x01,0x06,0x8b,0x3c,0x05,0x06,0x7e,0x0a,0x01,0x10,0xca,
0x0b,0x01,0x02,0x02,0x0c,0x01,0x10,0xca,0x0d,0x01,0x04,0x04,0x0e,0x01,0x10,0xca,
0x0f,0x01,0x06,0x06,0x3d,0x06,0x01,0x8b,0x09,0x00,0x87,0xbf,0x7e,0x01,0x6a,0x91,
0x04,0x01,0xa4,0xbf,0x4e,0x00,0x46,0xd6,0x03,0x04,0xf5,0x04,0x15,0x00,0x97,0xbe,
0x15,0x00,0x94,0xbe,0x15,0x00,0x96,0xbe,0xc9,0x01,0x87,0xbf,0x17,0x00,0x10,0xca,
0x16,0x00,0x2a,0x2b,0x4e,0x05,0x02,0x7e,0x15,0x00,0x10,0xca,0x14,0x00,0x28,0x29,
0x00,0x00,0x56,0xd6,0x4e,0x09,0xf9,0x04,0x01,0x80,0x07,0xbf,0x0c,0x00,0xa2,0xbf,
0xa1,0x00,0x87,0xbf,0x01,0x7c,0xfe,0xd6,0x00,0x4d,0xe4,0x04,0x38,0x03,0x04,0x7e,
0x01,0x00,0x3c,0xd7,0x81,0x02,0x02,0x00,0x11,0x01,0x87,0xbf,0x01,0x6a,0x00,0xd7,
0x4f,0x02,0x02,0x00,0x50,0x04,0x04,0x40,0x00,0x00,0x5e,0xdc,0x01,0x00,0x7c,0x28,
0x85,0x9c,0x02,0x30,0x15,0x00,0x81,0xbe,0x99,0x04,0x87,0xbf,0x00,0x81,0x84,0x84,
0x2c,0x04,0x01,0x80,0xa1,0x00,0x87,0xbf,0x3a,0x03,0x6e,0x4a,0x2d,0x05,0x04,0x82,
0x0f,0x00,0x3c,0xd7,0x81,0x6e,0x02,0x00,0x11,0x01,0x87,0xbf,0x02,0x6a,0x00,0xd7,
0x01,0x1e,0x02,0x00,0x04,0x20,0x06,0x40,0x4e,0x05,0x02,0x7e,0x93,0x01,0x87,0xbf,
0x04,0x6a,0x00,0xd7,0x02,0x3d,0x00,0x00,0x1f,0x06,0x0a,0x40,0xd3,0x00,0x87,0xbf,
0x01,0x80,0x07,0xbf,0x01,0x00,0x85,0xbf,0x00,0x00,0x5e,0xdc,0x02,0x00,0x7c,0x2c,
0x00,0x00,0x5e,0xdc,0x04,0x00,0x7c,0x30,0x88,0x9c,0x04,0x30,0x4f,0x00,0x58,0xd6,
0x02,0x83,0xe6,0x04,0x05,0x00,0xa2,0xbf,0x01,0x00,0x87,0xbf,0x81,0x9e,0x04,0x30,
0xf7,0x0b,0x89,0xbf,0x10,0x20,0x7c,0xdb,0x02,0x28,0x00,0x00,0x11,0x7c,0xfe,0xd6,
0x00,0x4d,0xe4,0x04,0x38,0x03,0x24,0x7e,0x80,0x00,0x20,0xca,0x01,0x77,0x50,0x01,
0x51,0x6a,0x00,0xd7,0x2c,0x1e,0x02,0x00,0x2d,0x20,0xa4,0x40,0x44,0x02,0x87,0xbf,
0x11,0x00,0x3c,0xd7,0x81,0x22,0x02,0x00,0x80,0x00,0x10,0xca,0x80,0x00,0x02,0x00,
0x80,0x00,0x10,0xca,0x80,0x00,0x04,0x02,0x80,0x00,0x10,0xca,0x80,0x00,0x06,0x04,
0x53,0x6a,0x00,0xd7,0x28,0x22,0x02,0x00,0x80,0x00,0x10,0xca,0x80,0x00,0x08,0x06,
0x80,0x00,0x10,0xca,0x80,0x00,0x0a,0x08,0x80,0x00,0x10,0xca,0x80,0x00,0x0c,0x0a,
0x80,0x00,0x10,0xca,0x80,0x00,0x0e,0x0c,0x80,0x00,0x22,0xca,0x81,0xa0,0x12,0x0e,
0x29,0x24,0xa8,0x40,0x03,0x88,0x09,0x84,0x80,0x00,0x81,0xbe,0x80,0x00,0x87,0xbe,
0x10,0x20,0x08,0xb0,0x10,0x22,0x0b,0xb0,0x00,0x10,0x05,0xb0,0x4a,0x00,0x84,0xbe,
0x4c,0x00,0x94,0xbe,0x09,0x81,0x09,0x84,0xf7,0x07,0x89,0xbf,0x00,0x00,0x7c,0xdb,
0x13,0x2c,0x00,0x00,0xf7,0x03,0x89,0xbf,0x00,0x08,0x7c,0xdb,0x13,0x30,0x00,0x00,
0x07,0xfc,0x89,0xbf,0x00,0x00,0x7c,0xbc,0x00,0x00,0xbd,0xbf,0x1c,0x00,0xa0,0xbf,
0x34,0x03,0x40,0x7e,0x35,0x03,0x44,0x7e,0x36,0x03,0x48,0x7e,0x37,0x03,0x4c,0x7e,
0x34,0x00,0x46,0xd6,0x50,0x03,0x2d,0x00,0x14,0x3c,0x14,0x81,0x04,0x90,0x04,0x81,
0x01,0x00,0x85,0xbe,0x47,0xfc,0x89,0xbf,0x08,0x40,0x40,0xcc,0x20,0x21,0x22,0x1c,
0x07,0xfc,0x89,0xbf,0x00,0x40,0x40,0xcc,0x20,0x31,0x02,0x1c,0x0b,0x00,0x81,0xbe,
0x08,0x00,0x8b,0xbe,0x0a,0x00,0x88,0xbe,0x3e,0x07,0x07,0xbf,0xf7,0x07,0x89,0xbf,
0x00,0x00,0x7c,0xdb,0x34,0x2c,0x00,0x00,0xf7,0x03,0x89,0xbf,0x00,0x08,0x7c,0xdb,
0x34,0x30,0x00,0x00,0x07,0xfc,0x89,0xbf,0x00,0x00,0xbd,0xbf,0x79,0x00,0xa1,0xbf,
0x07,0x81,0x07,0x81,0x0b,0x00,0x8a,0xbe,0x07,0x3a,0x09,0xbf,0x05,0x00,0x8b,0xbe,
0x1a,0x00,0xa2,0xbf,0x4e,0x05,0x0a,0x7e,0x01,0x00,0x87,0xbf,0x05,0x80,0x07,0xbf,
0x08,0x00,0xa2,0xbf,0x15,0x00,0x85,0xbe,0x99,0x04,0x87,0xbf,0x04,0x81,0x90,0x84,
0x10,0x6a,0x00,0xd7,0x53,0x21,0x00,0x00,0x11,0xa8,0x22,0x40,0x00,0x00,0x5e,0xdc,
0x10,0x00,0x7c,0x28,0x14,0x81,0x90,0x84,0x29,0x01,0x87,0xbf,0x10,0x6a,0x00,0xd7,
0x51,0x21,0x00,0x00,0x11,0xa4,0x22,0x40,0x12,0x6a,0x00,0xd7,0x10,0x3d,0x00,0x00,
0x02,0x00,0x87,0xbf,0x1f,0x22,0x26,0x40,0x01,0x00,0x85,0xbf,0x00,0x00,0x5e,0xdc,
0x10,0x00,0x7c,0x2c,0x00,0x00,0x5e,0xdc,0x12,0x00,0x7c,0x30,0x81,0x80,0x20,0x30,
0x13,0x00,0x55,0xd6,0x08,0x12,0x10,0x05,0x4e,0x05,0x0a,0x7e,0x03,0x00,0x87,0xbf,
0x11,0x00,0x55,0xd6,0x01,0x20,0x16,0x05,0x00,0x00,0xf0,0xd8,0x11,0x00,0x00,0x10,
0x00,0x02,0xf0,0xd8,0x11,0x00,0x00,0x12,0x00,0x04,0xf0,0xd8,0x11,0x00,0x00,0x14,
0x00,0x06,0xf0,0xd8,0x11,0x00,0x00,0x16,0x20,0x00,0xf0,0xd8,0x11,0x00,0x00,0x18,
0x20,0x02,0xf0,0xd8,0x11,0x00,0x00,0x1a,0x20,0x04,0xf0,0xd8,0x11,0x00,0x00,0x1c,
0x20,0x06,0xf0,0xd8,0x11,0x00,0x00,0x1e,0x05,0x80,0x07,0xbf,0x00,0x00,0xfc,0xdb,
0x13,0x00,0x00,0x34,0x87,0xfc,0x89,0xbf,0x00,0x01,0x9c,0xda,0x11,0x00,0x00,0x10,
0x87,0xfc,0x89,0xbf,0x00,0x03,0x9c,0xda,0x11,0x00,0x00,0x12,0x87,0xfc,0x89,0xbf,
0x00,0x05,0x9c,0xda,0x11,0x00,0x00,0x14,0x87,0xfc,0x89,0xbf,0x00,0x07,0x9c,0xda,
0x11,0x00,0x00,0x16,0x87,0xfc,0x89,0xbf,0x20,0x01,0x9c,0xda,0x11,0x00,0x00,0x18,
0x87,0xfc,0x89,0xbf,0x20,0x03,0x9c,0xda,0x11,0x00,0x00,0x1a,0x87,0xfc,0x89,0xbf,
0x20,0x05,0x9c,0xda,0x11,0x00,0x00,0x1c,0x87,0xfc,0x89,0xbf,0x20,0x07,0x9c,0xda,
0x11,0x00,0x00,0x1e,0x87,0xfc,0x89,0xbf,0x1f,0x40,0xd4,0xd8,0x34,0x00,0x00,0x21,
0x1f,0x40,0xd4,0xd8,0x35,0x00,0x00,0x23,0x1f,0x40,0xd4,0xd8,0x36,0x00,0x00,0x25,
0x1f,0x40,0xd4,0xd8,0x37,0x00,0x00,0x27,0xb7,0xfc,0x89,0xbf,0x1f,0x40,0xd4,0xd8,
0x10,0x00,0x00,0x11,0xb7,0xfc,0x89,0xbf,0x1f,0x40,0xd4,0xd8,0x12,0x00,0x00,0x13,
0xb7,0xfc,0x89,0xbf,0x1f,0x40,0xd4,0xd8,0x14,0x00,0x00,0x15,0xb7,0xfc,0x89,0xbf,
0x1f,0x40,0xd4,0xd8,0x16,0x00,0x00,0x17,0xb7,0xfc,0x89,0xbf,0x1f,0x40,0xd4,0xd8,
0x18,0x00,0x00,0x19,0xb7,0xfc,0x89,0xbf,0x1f,0x40,0xd4,0xd8,0x1a,0x00,0x00,0x1b,
0xb7,0xfc,0x89,0xbf,0x1f,0x40,0xd4,0xd8,0x1c,0x00,0x00,0x1d,0xb7,0xfc,0x89,0xbf,
0x1f,0x40,0xd4,0xd8,0x1e,0x00,0x00,0x1f,0x71,0xff,0xa2,0xbf,0x20,0x00,0x46,0xd6,
0x4f,0x03,0x29,0x00,0xf7,0x0b,0x89,0xbf,0x00,0x00,0x7c,0xdb,0x20,0x28,0x00,0x00,
0x6b,0xff,0xa0,0xbf,0x00,0x80,0x20,0x4a,0x03,0x0d,0x03,0x81,0x3f,0x06,0x01,0x8b,
0x06,0xc1,0x14,0x8d,0x7e,0x01,0x6a,0x8b,0x03,0x84,0x16,0x84,0x81,0x02,0xa4,0xbf,
0x06,0x7e,0x00,0x8b,0x3b,0x26,0x03,0x98,0x09,0x00,0x87,0xbf,0x03,0x81,0x04,0xbf,
0x7c,0x02,0xa2,0xbf,0x16,0x84,0x28,0x4a,0x42,0x21,0x26,0x38,0x06,0x7e,0x00,0x8b,
0x40,0x80,0x04,0x98,0x16,0x84,0x24,0x38,0x33,0x00,0x2c,0xd7,0x48,0x28,0x02,0x00,
0x90,0x26,0x64,0x38,0x04,0x81,0x01,0x81,0x04,0x82,0x05,0x81,0x04,0x83,0x06,0x81,
0x04,0x84,0x07,0x81,0x04,0x85,0x08,0x81,0x04,0x86,0x09,0x81,0x04,0x87,0x0a,0x81,
0x04,0x88,0x0b,0x81,0x04,0x89,0x0c,0x81,0x04,0x8a,0x0f,0x81,0x04,0x8b,0x10,0x81,
0x04,0x8c,0x11,0x81,0x04,0x8d,0x17,0x81,0x04,0x8e,0x18,0x81,0x04,0x8f,0x19,0x81,
0x38,0x04,0x1a,0x96,0x38,0x01,0x01,0x96,0x38,0x05,0x05,0x96,0x38,0x06,0x06,0x96,
0x38,0x07,0x07,0x96,0x38,0x08,0x08,0x96,0x38,0x09,0x09,0x96,0x38,0x0a,0x0a,0x96,
0x38,0x0b,0x0b,0x96,0x38,0x0c,0x0c,0x96,0x38,0x0f,0x0f,0x96,0x38,0x10,0x10,0x96,
0x38,0x11,0x11,0x96,0x38,0x17,0x17,0x96,0x38,0x18,0x18,0x96,0x38,0x19,0x19,0x96,
0x81,0x84,0x22,0x30,0x24,0x24,0x98,0x7c,0x00,0x00,0x4c,0xd4,0x25,0x26,0x02,0x00,
0x1a,0x98,0x24,0x4a,0x1a,0x9a,0x26,0x4a,0x01,0x9a,0x28,0x4a,0x01,0x98,0x2a,0x4a,
0x05,0x9a,0x2c,0x4a,0x05,0x98,0x2e,0x4a,0x06,0x9a,0x30,0x4a,0x06,0x98,0x32,0x4a,
0x07,0x9a,0x34,0x4a,0x07,0x98,0x36,0x4a,0x08,0x9a,0x38,0x4a,0x08,0x98,0x3a,0x4a,
0x09,0x9a,0x3c,0x4a,0x09,0x98,0x3e,0x4a,0x0a,0x9a,0x40,0x4a,0x0a,0x98,0x42,0x4a,
0x0b,0x9a,0x44,0x4a,0x0b,0x98,0x46,0x4a,0x0c,0x9a,0x48,0x4a,0x0c,0x98,0x4a,0x4a,
0x0f,0x9a,0x4c,0x4a,0x0f,0x98,0x4e,0x4a,0x10,0x9a,0x50,0x4a,0x10,0x98,0x52,0x4a,
0x11,0x9a,0x54,0x4a,0x11,0x98,0x56,0x4a,0x17,0x9a,0x58,0x4a,0x17,0x98,0x5a,0x4a,
0x18,0x9a,0x5c,0x4a,0x18,0x98,0x5e,0x4a,0x19,0x9a,0x60,0x4a,0x19,0x98,0x62,0x4a,
0x01,0x00,0x4c,0xd4,0x25,0x64,0x02,0x00,0x32,0x00,0x46,0xd6,0x04,0x02,0xcd,0x04,
0x80,0x00,0x85,0xbe,0x99,0x04,0x87,0xbf,0x04,0x05,0x18,0x81,0x18,0x26,0x0a,0xbf,
0xc1,0x80,0x06,0x98,0x18,0x81,0x07,0x81,0x6a,0x06,0x08,0x8b,0x07,0x26,0x0a,0xbf,
0x33,0x00,0x01,0xd5,0xff,0x00,0x21,0x00,0x00,0x00,0x00,0x80,0xc1,0x80,0x07,0x98,
0x18,0x82,0x08,0x81,0x6a,0x07,0x09,0x8b,0x08,0x26,0x0a,0xbf,0x34,0x00,0x01,0xd5,
0xff,0x00,0x25,0x00,0x00,0x00,0x00,0x80,0xc1,0x80,0x08,0x98,0x18,0x83,0x09,0x81,
0x6a,0x08,0x0a,0x8b,0x09,0x26,0x0a,0xbf,0x35,0x00,0x01,0xd5,0xff,0x00,0x29,0x00,
0x00,0x00,0x00,0x80,0xc1,0x80,0x09,0x98,0x18,0x84,0x0a,0x81,0x6a,0x09,0x0b,0x8b,
0x0a,0x26,0x0a,0xbf,0x36,0x00,0x01,0xd5,0xff,0x00,0x2d,0x00,0x00,0x00,0x00,0x80,
0xc1,0x80,0x0a,0x98,0x18,0x85,0x0b,0x81,0x6a,0x0a,0x0c,0x8b,0x0b,0x26,0x0a,0xbf,
0x37,0x00,0x01,0xd5,0xff,0x00,0x31,0x00,0x00,0x00,0x00,0x80,0xc1,0x80,0x0b,0x98,
0x18,0x86,0x0c,0x81,0x6a,0x0b,0x0f,0x8b,0x0c,0x26,0x0a,0xbf,0x4e,0x00,0x01,0xd5,
0xff,0x00,0x3d,0x00,0x00,0x00,0x00,0x80,0xc1,0x80,0x0c,0x98,0x18,0x87,0x0f,0x81,
0x6a,0x0c,0x10,0x8b,0x0f,0x26,0x0a,0xbf,0x33,0x65,0x66,0x4a,0x34,0x65,0x68,0x4a,
0x35,0x65,0x6a,0x4a,0x36,0x65,0x6c,0x4a,0x37,0x65,0x6e,0x4a,0x4e,0x65,0x9c,0x4a,
0x4f,0x00,0x01,0xd5,0xff,0x00,0x41,0x00,0x00,0x00,0x00,0x80,0xc1,0x80,0x0f,0x98,
0x18,0x88,0x10,0x81,0x6a,0x0f,0x11,0x8b,0x10,0x26,0x0a,0xbf,0x05,0x00,0x85,0xbf,
0x00,0x00,0x48,0xe0,0x33,0x33,0x4a,0x80,0x02,0x00,0x48,0xe0,0x34,0x34,0x4a,0x80,
0x04,0x00,0x48,0xe0,0x35,0x35,0x4a,0x80,0x06,0x00,0x48,0xe0,0x36,0x36,0x4a,0x80,
0x08,0x00,0x48,0xe0,0x37,0x37,0x4a,0x80,0x0a,0x00,0x48,0xe0,0x4e,0x50,0x4a,0x80,
0x4f,0x65,0x9c,0x4a,0x4f,0x00,0x01,0xd5,0xff,0x00,0x45,0x00,0x00,0x00,0x00,0x80,
0xc1,0x80,0x10,0x98,0x18,0x89,0x11,0x81,0x6a,0x10,0x17,0x8b,0x11,0x26,0x0a,0xbf,
0x0c,0x00,0x48,0xe0,0x4e,0x51,0x4a,0x80,0x4f,0x65,0x9c,0x4a,0x4f,0x00,0x01,0xd5,
0xff,0x00,0x5d,0x00,0x00,0x00,0x00,0x80,0xc1,0x80,0x11,0x98,0x18,0x8a,0x17,0x81,
0x6a,0x11,0x19,0x8b,0x17,0x26,0x0a,0xbf,0x0e,0x00,0x48,0xe0,0x4e,0x52,0x4a,0x80,
0x4f,0x65,0x9c,0x4a,0x4f,0x00,0x01,0xd5,0xff,0x00,0x65,0x00,0x00,0x00,0x00,0x80,
0xc1,0x80,0x17,0x98,0x18,0x8b,0x19,0x81,0x6a,0x17,0x1a,0x8b,0x19,0x26,0x0a,0xbf,
0x10,0x00,0x48,0xe0,0x4e,0x53,0x4a,0x80,0x4f,0x65,0x9c,0x4a,0x4f,0x00,0x01,0xd5,
0xff,0x00,0x69,0x00,0x00,0x00,0x00,0x80,0xc1,0x80,0x19,0x98,0x18,0x8c,0x1a,0x81,
0x6a,0x19,0x1b,0x8b,0x1a,0x26,0x0a,0xbf,0x12,0x00,0x48,0xe0,0x4e,0x54,0x4a,0x80,
0x4f,0x65,0x9c,0x4a,0x4f,0x00,0x01,0xd5,0xff,0x00,0x6d,0x00,0x00,0x00,0x00,0x80,
0xc1,0x80,0x1a,0x98,0x18,0x8d,0x1b,0x81,0x6a,0x1a,0x54,0x8b,0x1b,0x26,0x0a,0xbf,
0x14,0x00,0x48,0xe0,0x4e,0x55,0x4a,0x80,0x4f,0x65,0x9c,0x4a,0x4f,0x00,0x01,0xd5,
0xff,0x00,0x51,0x01,0x00,0x00,0x00,0x80,0xc1,0x80,0x1b,0x98,0x18,0x8e,0x54,0x81,
0x6a,0x1b,0x55,0x8b,0x54,0x26,0x0a,0xbf,0x16,0x00,0x48,0xe0,0x4e,0x56,0x4a,0x80,
0x4f,0x65,0x9c,0x4a,0x4f,0x00,0x01,0xd5,0xff,0x00,0x55,0x01,0x00,0x00,0x00,0x80,
0xc1,0x80,0x54,0x98,0x18,0x8f,0x18,0x81,0x6a,0x54,0x55,0x8b,0x18,0x26,0x0a,0xbf,
0x18,0x00,0x48,0xe0,0x4e,0x57,0x4a,0x80,0x4f,0x65,0x9c,0x4a,0x4f,0x00,0x01,0xd5,
0xff,0x00,0x55,0x01,0x00,0x00,0x00,0x80,0xc1,0x80,0x18,0x98,0x00,0x06,0x55,0x8b,
0x00,0x07,0x56,0x8b,0x00,0x08,0x57,0x8b,0x58,0x00,0x01,0xd5,0xff,0x00,0x55,0x01,
0x00,0x00,0x00,0x80,0x00,0x09,0x58,0x8b,0x01,0x06,0x06,0x8b,0x59,0x00,0x01,0xd5,
0xff,0x00,0x59,0x01,0x00,0x00,0x00,0x80,0x00,0x0a,0x59,0x8b,0x00,0x0b,0x5a,0x8b,
0x00,0x0c,0x5b,0x8b,0x00,0x0f,0x5c,0x8b,0x00,0x10,0x5d,0x8b,0x00,0x11,0x5e,0x8b,
0x00,0x17,0x5f,0x8b,0x00,0x19,0x60,0x8b,0x00,0x1a,0x61,0x8b,0x00,0x1b,0x62,0x8b,
0x00,0x54,0x63,0x8b,0x01,0x07,0x07,0x8b,0x01,0x08,0x08,0x8b,0x01,0x09,0x09,0x8b,
0x01,0x0a,0x0a,0x8b,0x01,0x0b,0x0b,0x8b,0x01,0x0c,0x0c,0x8b,0x01,0x0f,0x0f,0x8b,
0x01,0x10,0x10,0x8b,0x01,0x11,0x11,0x8b,0x01,0x17,0x17,0x8b,0x01,0x19,0x19,0x8b,
0x01,0x1a,0x1a,0x8b,0x01,0x1b,0x1b,0x8b,0x01,0x54,0x54,0x8b,0x5a,0x00,0x01,0xd5,
0xff,0x00,0x5d,0x01,0x00,0x00,0x00,0x80,0x6a,0x18,0x64,0x8b,0x5b,0x00,0x01,0xd5,
0xff,0x00,0x61,0x01,0x00,0x00,0x00,0x80,0x00,0x18,0x55,0x8b,0x67,0x00,0x01,0xd5,
0xff,0x00,0x19,0x00,0x00,0x00,0x00,0x80,0x01,0x18,0x06,0x8b,0x5c,0x00,0x01,0xd5,
0xff,0x00,0x65,0x01,0x00,0x00,0x00,0x80,0x5d,0x00,0x01,0xd5,0xff,0x00,0x69,0x01,
0x00,0x00,0x00,0x80,0x5e,0x00,0x01,0xd5,0xff,0x00,0x6d,0x01,0x00,0x00,0x00,0x80,
0x5f,0x00,0x01,0xd5,0xff,0x00,0x71,0x01,0x00,0x00,0x00,0x80,0x60,0x00,0x01,0xd5,
0xff,0x00,0x75,0x01,0x00,0x00,0x00,0x80,0x61,0x00,0x01,0xd5,0xff,0x00,0x79,0x01,
0x00,0x00,0x00,0x80,0x62,0x00,0x01,0xd5,0xff,0x00,0x7d,0x01,0x00,0x00,0x00,0x80,
0x63,0x00,0x01,0xd5,0xff,0x00,0x81,0x01,0x00,0x00,0x00,0x80,0x64,0x00,0x01,0xd5,
0xff,0x00,0x85,0x01,0x00,0x00,0x00,0x80,0x65,0x00,0x01,0xd5,0xff,0x00,0x89,0x01,
0x00,0x00,0x00,0x80,0x66,0x00,0x01,0xd5,0xff,0x00,0x8d,0x01,0x00,0x00,0x00,0x80,
0x68,0x00,0x01,0xd5,0xff,0x00,0x1d,0x00,0x00,0x00,0x00,0x80,0x69,0x00,0x01,0xd5,
0xff,0x00,0x21,0x00,0x00,0x00,0x00,0x80,0x6a,0x00,0x01,0xd5,0xff,0x00,0x25,0x00,
0x00,0x00,0x00,0x80,0x6b,0x00,0x01,0xd5,0xff,0x00,0x29,0x00,0x00,0x00,0x00,0x80,
0x6c,0x00,0x01,0xd5,0xff,0x00,0x2d,0x00,0x00,0x00,0x00,0x80,0x6d,0x00,0x01,0xd5,
0xff,0x00,0x31,0x00,0x00,0x00,0x00,0x80,0x6e,0x00,0x01,0xd5,0xff,0x00,0x3d,0x00,
0x00,0x00,0x00,0x80,0x6f,0x00,0x01,0xd5,0xff,0x00,0x41,0x00,0x00,0x00,0x00,0x80,
0x70,0x00,0x01,0xd5,0xff,0x00,0x45,0x00,0x00,0x00,0x00,0x80,0x71,0x00,0x01,0xd5,
0xff,0x00,0x5d,0x00,0x00,0x00,0x00,0x80,0x72,0x00,0x01,0xd5,0xff,0x00,0x65,0x00,
0x00,0x00,0x00,0x80,0x73,0x00,0x01,0xd5,0xff,0x00,0x69,0x00,0x00,0x00,0x00,0x80,
0x74,0x00,0x01,0xd5,0xff,0x00,0x6d,0x00,0x00,0x00,0x00,0x80,0x75,0x00,0x01,0xd5,
0xff,0x00,0x51,0x01,0x00,0x00,0x00,0x80,0x1a,0x00,0x48,0xe0,0x4e,0x76,0x4a,0x80,
0x4f,0x65,0x9c,0x4a,0x4f,0x00,0x01,0xd5,0xff,0x00,0x91,0x01,0x00,0x00,0x00,0x80,
0x77,0x00,0x01,0xd5,0xff,0x00,0x55,0x01,0x00,0x00,0x00,0x80,0x78,0x00,0x01,0xd5,
0xff,0x00,0x19,0x00,0x00,0x00,0x00,0x80,0x11,0xb1,0xb0,0x38,0x11,0xb3,0xb2,0x38,
0x11,0xb5,0xb4,0x38,0x11,0xb7,0xb6,0x38,0x11,0xb9,0xb8,0x38,0x11,0xbb,0xba,0x38,
0x11,0xbd,0xbc,0x38,0x11,0xbf,0xbe,0x38,0x11,0xc1,0xc0,0x38,0x11,0xc3,0xc2,0x38,
0x11,0xc5,0xc4,0x38,0x11,0xc7,0xc6,0x38,0x11,0xc9,0xc8,0x38,0x11,0xcb,0xca,0x38,
0x11,0xcd,0xcc,0x38,0x11,0xcf,0xce,0x38,0x11,0xd1,0xd0,0x38,0x11,0xd3,0xd2,0x38,
0x11,0xd5,0xd4,0x38,0x11,0xd7,0xd6,0x38,0x11,0xd9,0xd8,0x38,0x11,0xdb,0xda,0x38,
0x11,0xdd,0xdc,0x38,0x11,0xdf,0xde,0x38,0x11,0xe1,0xe0,0x38,0x11,0xe3,0xe2,0x38,
0x11,0xe5,0xe4,0x38,0x11,0xe7,0xe6,0x38,0x11,0xe9,0xe8,0x38,0x11,0xeb,0xea,0x38,
0x1c,0x00,0x48,0xe0,0x4e,0x79,0x4a,0x80,0x4f,0x65,0x9c,0x4a,0x11,0xef,0x9e,0x38,
0x11,0xf1,0xee,0x38,0x58,0x27,0xb0,0x4a,0x59,0x29,0xb2,0x4a,0x5a,0x2d,0xb4,0x4a,
0x5b,0x31,0xb6,0x4a,0x5c,0x35,0xb8,0x4a,0x5d,0x39,0xba,0x4a,0x5e,0x3d,0xbc,0x4a,
0x5f,0x41,0xbe,0x4a,0x60,0x45,0xc0,0x4a,0x61,0x49,0xc2,0x4a,0x62,0x4d,0xc4,0x4a,
0x63,0x51,0xc6,0x4a,0x64,0x55,0xc8,0x4a,0x65,0x59,0xca,0x4a,0x66,0x5d,0xcc,0x4a,
0x67,0x25,0xce,0x4a,0x68,0x2b,0xd0,0x4a,0x69,0x2f,0xd2,0x4a,0x6a,0x33,0xd4,0x4a,
0x6b,0x37,0xd6,0x4a,0x6c,0x3b,0xd8,0x4a,0x6d,0x3f,0xda,0x4a,0x6e,0x43,0xdc,0x4a,
0x6f,0x47,0xde,0x4a,0x70,0x4b,0xe0,0x4a,0x71,0x4f,0xe2,0x4a,0x72,0x53,0xe4,0x4a,
0x73,0x57,0xe6,0x4a,0x74,0x5b,0xe8,0x4a,0x75,0x5f,0xea,0x4a,0x1e,0x00,0x48,0xe0,
0x4e,0x78,0x4a,0x80,0x4f,0x61,0x9c,0x4a,0x77,0x63,0x9e,0x4a,0x1f,0x00,0x85,0xbf,
0x00,0x00,0x48,0xe0,0x58,0x77,0x4b,0x80,0x00,0x00,0x48,0xe0,0x59,0x59,0x4b,0x80,
0x00,0x00,0x48,0xe0,0x5a,0x5a,0x4b,0x80,0x00,0x00,0x48,0xe0,0x5b,0x5b,0x4b,0x80,
0x00,0x00,0x48,0xe0,0x5c,0x58,0x4b,0x80,0x00,0x00,0x48,0xe0,0x5d,0x5c,0x4b,0x80,
0x00,0x00,0x48,0xe0,0x5e,0x5d,0x4b,0x80,0x00,0x00,0x48,0xe0,0x5f,0x5e,0x4b,0x80,
0x00,0x00,0x48,0xe0,0x60,0x5f,0x4b,0x80,0x00,0x00,0x48,0xe0,0x61,0x60,0x4b,0x80,
0x00,0x00,0x48,0xe0,0x62,0x61,0x4b,0x80,0x00,0x00,0x48,0xe0,0x63,0x62,0x4b,0x80,
0x00,0x00,0x48,0xe0,0x64,0x63,0x4b,0x80,0x00,0x00,0x48,0xe0,0x65,0x64,0x4b,0x80,
0x00,0x00,0x48,0xe0,0x66,0x65,0x4b,0x80,0x00,0x00,0x48,0xe0,0x67,0x66,0x4b,0x80,
0x00,0x00,0x48,0xe0,0x68,0x67,0x4b,0x80,0x00,0x00,0x48,0xe0,0x69,0x68,0x4b,0x80,
0x00,0x00,0x48,0xe0,0x6a,0x69,0x4b,0x80,0x00,0x00,0x48,0xe0,0x6b,0x6a,0x4b,0x80,
0x00,0x00,0x48,0xe0,0x6c,0x6b,0x4b,0x80,0x00,0x00,0x48,0xe0,0x6d,0x6c,0x4b,0x80,
0x00,0x00,0x48,0xe0,0x6e,0x6d,0x4b,0x80,0x00,0x00,0x48,0xe0,0x6f,0x6e,0x4b,0x80,
0x00,0x00,0x48,0xe0,0x70,0x6f,0x4b,0x80,0x00,0x00,0x48,0xe0,0x71,0x70,0x4b,0x80,
0x00,0x00,0x48,0xe0,0x72,0x71,0x4b,0x80,0x00,0x00,0x48,0xe0,0x73,0x72,0x4b,0x80,
0x00,0x00,0x48,0xe0,0x74,0x73,0x4b,0x80,0x00,0x00,0x48,0xe0,0x75,0x74,0x4b,0x80,
0x00,0x00,0x48,0xe0,0x4e,0x75,0x4b,0x80,0x00,0x00,0x48,0xe0,0x4f,0x7a,0x4b,0x80,
0xa0,0x64,0x64,0x4a,0x47,0x28,0x28,0x4a,0x47,0x2a,0x2a,0x4a,0x47,0x2c,0x2c,0x4a,
0x47,0x2e,0x2e,0x4a,0x47,0x30,0x30,0x4a,0x47,0x32,0x32,0x4a,0x47,0x34,0x34,0x4a,
0x47,0x36,0x36,0x4a,0x47,0x38,0x38,0x4a,0x47,0x3a,0x3a,0x4a,0x47,0x3c,0x3c,0x4a,
0x47,0x3e,0x3e,0x4a,0x47,0x40,0x40,0x4a,0x47,0x42,0x42,0x4a,0x47,0x44,0x44,0x4a,
0x47,0x46,0x46,0x4a,0x47,0x48,0x48,0x4a,0x47,0x4a,0x4a,0x4a,0x47,0x4c,0x4c,0x4a,
0x47,0x4e,0x4e,0x4a,0x47,0x50,0x50,0x4a,0x47,0x52,0x52,0x4a,0x47,0x54,0x54,0x4a,
0x47,0x56,0x56,0x4a,0x47,0x58,0x58,0x4a,0x47,0x5a,0x5a,0x4a,0x47,0x5c,0x5c,0x4a,
0x47,0x5e,0x5e,0x4a,0x47,0x24,0x24,0x4a,0x47,0x26,0x26,0x4a,0x47,0x60,0x60,0x4a,
0x47,0x62,0x62,0x4a,0x05,0x90,0x05,0x81,0x09,0x00,0x87,0xbf,0x05,0x03,0x04,0xbf,
0xf7,0xbb,0x89,0xbf,0x4e,0x00,0x44,0xd6,0x34,0x67,0xfe,0x03,0x00,0x01,0x04,0x05,
0xf7,0xb3,0x89,0xbf,0x4f,0x00,0x44,0xd6,0x36,0x6b,0xfe,0x03,0x00,0x01,0x04,0x05,
0xf7,0xab,0x89,0xbf,0x50,0x00,0x44,0xd6,0x50,0x6f,0xfe,0x03,0x00,0x01,0x04,0x05,
0xf7,0xa3,0x89,0xbf,0x51,0x00,0x44,0xd6,0x52,0xa3,0xfe,0x03,0x00,0x01,0x04,0x05,
0xf7,0x9b,0x89,0xbf,0x52,0x00,0x44,0xd6,0x54,0xa7,0xfe,0x03,0x00,0x01,0x04,0x05,
0xf7,0x93,0x89,0xbf,0x53,0x00,0x44,0xd6,0x56,0xab,0xfe,0x03,0x00,0x01,0x04,0x05,
0xf7,0x8b,0x89,0xbf,0x54,0x00,0x44,0xd6,0x76,0xaf,0xfe,0x03,0x00,0x01,0x04,0x05,
0xf7,0x7b,0x89,0xbf,0x56,0x00,0x44,0xd6,0x59,0xef,0xfe,0x03,0x00,0x01,0x04,0x05,
0xf7,0x73,0x89,0xbf,0x57,0x00,0x44,0xd6,0x5b,0xb5,0xfe,0x03,0x00,0x01,0x04,0x05,
0xf7,0x6b,0x89,0xbf,0x58,0x00,0x44,0xd6,0x5c,0xb1,0xfe,0x03,0x00,0x01,0x04,0x05,
0xf7,0x63,0x89,0xbf,0x59,0x00,0x44,0xd6,0x5e,0xbb,0xfe,0x03,0x00,0x01,0x04,0x05,
0xf7,0x5b,0x89,0xbf,0x5a,0x00,0x44,0xd6,0x60,0xbf,0xfe,0x03,0x00,0x01,0x04,0x05,
0xf7,0x53,0x89,0xbf,0x5b,0x00,0x44,0xd6,0x62,0xc3,0xfe,0x03,0x00,0x01,0x04,0x05,
0xf7,0x4b,0x89,0xbf,0x5c,0x00,0x44,0xd6,0x64,0xc7,0xfe,0x03,0x00,0x01,0x04,0x05,
0xf7,0x3f,0x89,0xbf,0x5e,0x00,0x44,0xd6,0x67,0xcd,0xfe,0x03,0x00,0x01,0x04,0x05,
0xf7,0x37,0x89,0xbf,0x5f,0x00,0x44,0xd6,0x69,0xd1,0xfe,0x03,0x00,0x01,0x04,0x05,
0xf7,0x2f,0x89,0xbf,0x60,0x00,0x44,0xd6,0x6b,0xd5,0xfe,0x03,0x00,0x01,0x04,0x05,
0xf7,0x27,0x89,0xbf,0x61,0x00,0x44,0xd6,0x6d,0xd9,0xfe,0x03,0x00,0x01,0x04,0x05,
0xf7,0x1f,0x89,0xbf,0x62,0x00,0x44,0xd6,0x6f,0xdd,0xfe,0x03,0x00,0x01,0x04,0x05,
0xf7,0x17,0x89,0xbf,0x63,0x00,0x44,0xd6,0x71,0xe1,0xfe,0x03,0x00,0x01,0x04,0x05,
0x55,0x00,0x44,0xd6,0x78,0xf3,0xfe,0x03,0x00,0x01,0x04,0x05,0xf7,0x0f,0x89,0xbf,
0x64,0x00,0x44,0xd6,0x73,0xe5,0xfe,0x03,0x00,0x01,0x04,0x05,0xf7,0x07,0x89,0xbf,
0x5d,0x00,0x44,0xd6,0x75,0xcb,0xfe,0x03,0x00,0x01,0x04,0x05,0xf7,0x03,0x89,0xbf,
0x65,0x00,0x44,0xd6,0x7a,0xe9,0xfe,0x03,0x00,0x01,0x04,0x05,0x12,0x01,0x87,0xbf,
0x08,0x40,0x40,0xcc,0x4e,0xad,0x22,0x1c,0x00,0x40,0x40,0xcc,0x4e,0xbd,0x02,0x1c,
0xd4,0xfd,0xa2,0xbf,0x80,0x00,0x10,0xca,0x80,0x00,0x1c,0x1a,0x00,0x00,0x49,0xd4,
0x8f,0x7e,0x02,0x00,0x10,0x00,0x57,0xd6,0x3f,0x1f,0x41,0x04,0x80,0x00,0x10,0xca,
0x80,0x00,0x1a,0x1e,0x80,0x00,0x10,0xca,0x80,0x00,0x20,0x1c,0x80,0x00,0x10,0xca,
0x80,0x00,0x1e,0x20,0x7e,0x02,0x6a,0x91,0x8f,0x01,0xa4,0xbf,0x11,0x00,0x01,0xd5,
0x80,0x02,0x01,0x00,0x14,0x41,0x00,0x8c,0xa9,0x00,0x87,0xbf,0x7e,0x00,0x6a,0x8b,
0xc1,0x00,0x80,0xbe,0x16,0x22,0x24,0x38,0x90,0x20,0x22,0x38,0x02,0x00,0x87,0xbf,
0x18,0x00,0x01,0xd5,0x12,0x01,0x0d,0x01,0x82,0x24,0x26,0x38,0x84,0x24,0x28,0x38,
0x86,0x24,0x2a,0x38,0x88,0x24,0x34,0x38,0x8a,0x24,0x36,0x38,0x8c,0x24,0x38,0x38,
0x8e,0x24,0x24,0x38,0x19,0x00,0x01,0xd5,0x13,0x01,0x0d,0x01,0x17,0x00,0x01,0xd5,
0x14,0x01,0x0d,0x01,0x16,0x00,0x01,0xd5,0x15,0x01,0x0d,0x01,0x15,0x00,0x01,0xd5,
0x1a,0x01,0x0d,0x01,0x14,0x00,0x01,0xd5,0x1b,0x01,0x0d,0x01,0x13,0x00,0x01,0xd5,
0x1c,0x01,0x0d,0x01,0x12,0x00,0x01,0xd5,0x12,0x01,0x0d,0x01,0x83,0x00,0xa4,0xbf,
0x1a,0x00,0x2c,0xd7,0x18,0x4b,0x00,0x00,0x1b,0x00,0x2c,0xd7,0x19,0x4b,0x00,0x00,
0x1c,0x00,0x2c,0xd7,0x17,0x4b,0x00,0x00,0x1d,0x00,0x2c,0xd7,0x16,0x4b,0x00,0x00,
0x1e,0x00,0x2c,0xd7,0x15,0x4b,0x00,0x00,0x1f,0x00,0x2c,0xd7,0x14,0x4b,0x00,0x00,
0x20,0x00,0x2c,0xd7,0x13,0x4b,0x00,0x00,0x21,0x00,0x2c,0xd7,0x12,0x4b,0x00,0x00,
0x22,0x00,0x47,0xd6,0x1a,0x21,0x06,0x02,0x23,0x00,0x47,0xd6,0x1b,0x21,0x06,0x02,
0x24,0x00,0x47,0xd6,0x1c,0x21,0x06,0x02,0x25,0x00,0x47,0xd6,0x1d,0x21,0x06,0x02,
0x26,0x00,0x47,0xd6,0x1e,0x21,0x06,0x02,0x27,0x00,0x47,0xd6,0x1f,0x21,0x06,0x02,
0x28,0x00,0x47,0xd6,0x20,0x21,0x06,0x02,0x29,0x00,0x47,0xd6,0x21,0x21,0x06,0x02,
0x1a,0x00,0x47,0xd6,0x1a,0x23,0x06,0x02,0x1b,0x00,0x47,0xd6,0x1b,0x23,0x06,0x02,
0x1c,0x00,0x47,0xd6,0x1c,0x23,0x06,0x02,0x1d,0x00,0x47,0xd6,0x1d,0x23,0x06,0x02,
0x1e,0x00,0x47,0xd6,0x1e,0x23,0x06,0x02,0x1f,0x00,0x47,0xd6,0x1f,0x23,0x06,0x02,
0x20,0x00,0x47,0xd6,0x20,0x23,0x06,0x02,0x21,0x00,0x47,0xd6,0x21,0x23,0x06,0x02,
0x0f,0x00,0x85,0xbf,0x00,0x00,0x48,0xe0,0x22,0x22,0x4c,0x80,0x00,0x00,0x48,0xe0,
0x23,0x23,0x4c,0x80,0x00,0x00,0x48,0xe0,0x24,0x24,0x4c,0x80,0x00,0x00,0x48,0xe0,
0x25,0x25,0x4c,0x80,0x00,0x00,0x48,0xe0,0x26,0x26,0x4c,0x80,0x00,0x00,0x48,0xe0,
0x27,0x27,0x4c,0x80,0x00,0x00,0x48,0xe0,0x28,0x28,0x4c,0x80,0x00,0x00,0x48,0xe0,
0x29,0x29,0x4c,0x80,0x00,0x00,0x48,0xe0,0x1a,0x1a,0x4c,0x80,0x00,0x00,0x48,0xe0,
0x1b,0x1b,0x4c,0x80,0x00,0x00,0x48,0xe0,0x1c,0x1c,0x4c,0x80,0x00,0x00,0x48,0xe0,
0x1d,0x1d,0x4c,0x80,0x00,0x00,0x48,0xe0,0x1e,0x1e,0x4c,0x80,0x00,0x00,0x48,0xe0,
0x1f,0x1f,0x4c,0x80,0x00,0x00,0x48,0xe0,0x20,0x20,0x4c,0x80,0x00,0x00,0x48,0xe0,
0x21,0x21,0x4c,0x80,0xf7,0x3b,0x89,0xbf,0x22,0x00,0x44,0xd6,0x23,0x45,0xfe,0x03,
0x00,0x01,0x04,0x05,0xf7,0x33,0x89,0xbf,0x23,0x00,0x44,0xd6,0x25,0x49,0xfe,0x03,
0x00,0x01,0x04,0x05,0xf7,0x2b,0x89,0xbf,0x24,0x00,0x44,0xd6,0x27,0x4d,0xfe,0x03,
0x00,0x01,0x04,0x05,0xf7,0x23,0x89,0xbf,0x25,0x00,0x44,0xd6,0x29,0x51,0xfe,0x03,
0x00,0x01,0x04,0x05,0xf7,0x1b,0x89,0xbf,0x1a,0x00,0x44,0xd6,0x1b,0x35,0xfe,0x03,
0x00,0x01,0x04,0x05,0x1b,0x40,0x10,0xcc,0x4a,0x45,0x02,0x18,0xf7,0x13,0x89,0xbf,
0x1c,0x00,0x44,0xd6,0x1d,0x39,0xfe,0x03,0x00,0x01,0x04,0x05,0xf7,0x0b,0x89,0xbf,
0x1d,0x00,0x44,0xd6,0x1f,0x3d,0xfe,0x03,0x00,0x01,0x04,0x05,0x1f,0x40,0x10,0xcc,
0x4a,0x4b,0x02,0x18,0xf7,0x03,0x89,0xbf,0x26,0x00,0x44,0xd6,0x21,0x41,0xfe,0x03,
0x00,0x01,0x04,0x05,0x21,0x40,0x10,0xcc,0x4a,0x47,0x02,0x18,0x20,0x40,0x10,0xcc,
0x4a,0x49,0x02,0x18,0x1a,0x40,0x10,0xcc,0x4a,0x35,0x02,0x18,0x1e,0x40,0x10,0xcc,
0x4a,0x39,0x02,0x18,0x1d,0x40,0x10,0xcc,0x4a,0x3b,0x02,0x18,0x1c,0x40,0x10,0xcc,
0x4a,0x4d,0x02,0x18,0x03,0x00,0xa5,0xbf,0xeb,0x00,0xa0,0xbf,0x7e,0x00,0x6a,0x91,
0xe9,0x00,0xa4,0xbf,0x1a,0x00,0x01,0xd5,0x10,0x01,0x05,0x01,0x44,0x30,0x98,0x7c,
0x18,0x00,0x2c,0xd7,0x18,0x85,0x00,0x00,0x00,0x00,0x4c,0xd4,0x44,0x32,0x02,0x00,
0x19,0x00,0x2c,0xd7,0x19,0x85,0x00,0x00,0x01,0x00,0x4c,0xd4,0x44,0x2e,0x02,0x00,
0x17,0x00,0x2c,0xd7,0x17,0x85,0x00,0x00,0x03,0x00,0x4c,0xd4,0x44,0x2c,0x02,0x00,
0x16,0x00,0x2c,0xd7,0x16,0x85,0x00,0x00,0x04,0x00,0x4c,0xd4,0x44,0x2a,0x02,0x00,
0x15,0x00,0x2c,0xd7,0x15,0x85,0x00,0x00,0x05,0x00,0x4c,0xd4,0x44,0x28,0x02,0x00,
0x14,0x00,0x2c,0xd7,0x14,0x85,0x00,0x00,0x06,0x00,0x4c,0xd4,0x44,0x26,0x02,0x00,
0x11,0x00,0x01,0xd5,0x11,0x01,0x05,0x01,0x13,0x00,0x2c,0xd7,0x13,0x85,0x00,0x00,
0x07,0x00,0x4c,0xd4,0x44,0x24,0x02,0x00,0x12,0x00,0x2c,0xd7,0x12,0x85,0x00,0x00,
0x08,0x00,0x4c,0xd4,0x42,0x34,0x02,0x00,0x09,0x00,0x4c,0xd4,0x42,0x22,0x02,0x00,
0x18,0x35,0x36,0x4a,0x19,0x35,0x38,0x4a,0x17,0x35,0x3a,0x4a,0x08,0x6a,0x0a,0x8b,
0x08,0x00,0x0b,0x8b,0x16,0x35,0x3c,0x4a,0x15,0x35,0x3e,0x4a,0x14,0x35,0x40,0x4a,
0x13,0x35,0x42,0x4a,0x12,0x35,0x34,0x4a,0x18,0x23,0x30,0x4a,0x19,0x23,0x32,0x4a,
0x17,0x23,0x2e,0x4a,0x16,0x23,0x2c,0x4a,0x15,0x23,0x2a,0x4a,0x14,0x23,0x28,0x4a,
0x13,0x23,0x26,0x4a,0x12,0x23,0x22,0x4a,0x08,0x01,0x0c,0x8b,0x12,0x00,0x01,0xd5,
0xff,0x00,0x29,0x00,0x00,0x00,0x00,0x80,0x08,0x03,0x0f,0x8b,0x22,0x00,0x01,0xd5,
0xff,0x00,0x2d,0x00,0x00,0x00,0x00,0x80,0x08,0x04,0x10,0x8b,0x08,0x05,0x11,0x8b,
0x08,0x06,0x17,0x8b,0x08,0x07,0x08,0x8b,0x09,0x6a,0x18,0x8b,0x09,0x00,0x00,0x8b,
0x09,0x01,0x01,0x8b,0x09,0x03,0x03,0x8b,0x09,0x04,0x04,0x8b,0x09,0x05,0x05,0x8b,
0x09,0x06,0x06,0x8b,0x09,0x07,0x07,0x8b,0x23,0x00,0x01,0xd5,0xff,0x00,0x31,0x00,
0x00,0x00,0x00,0x80,0x24,0x00,0x01,0xd5,0xff,0x00,0x3d,0x00,0x00,0x00,0x00,0x80,
0x25,0x00,0x01,0xd5,0xff,0x00,0x41,0x00,0x00,0x00,0x00,0x80,0x26,0x00,0x01,0xd5,
0xff,0x00,0x45,0x00,0x00,0x00,0x00,0x80,0x27,0x00,0x01,0xd5,0xff,0x00,0x5d,0x00,
0x00,0x00,0x00,0x80,0x28,0x00,0x01,0xd5,0xff,0x00,0x21,0x00,0x00,0x00,0x00,0x80,
0x29,0x00,0x01,0xd5,0xff,0x00,0x61,0x00,0x00,0x00,0x00,0x80,0x2a,0x00,0x01,0xd5,
0xff,0x00,0x01,0x00,0x00,0x00,0x00,0x80,0x2b,0x00,0x01,0xd5,0xff,0x00,0x05,0x00,
0x00,0x00,0x00,0x80,0x2c,0x00,0x01,0xd5,0xff,0x00,0x0d,0x00,0x00,0x00,0x00,0x80,
0x2d,0x00,0x01,0xd5,0xff,0x00,0x11,0x00,0x00,0x00,0x00,0x80,0x2e,0x00,0x01,0xd5,
0xff,0x00,0x15,0x00,0x00,0x00,0x00,0x80,0x2f,0x00,0x01,0xd5,0xff,0x00,0x19,0x00,
0x00,0x00,0x00,0x80,0x30,0x00,0x01,0xd5,0xff,0x00,0x1d,0x00,0x00,0x00,0x00,0x80,
0x12,0x00,0x46,0xd6,0x1b,0x03,0x49,0x04,0x1b,0x00,0x46,0xd6,0x1c,0x03,0x89,0x04,
0x1c,0x00,0x46,0xd6,0x1d,0x03,0x8d,0x04,0x1d,0x00,0x46,0xd6,0x1e,0x03,0x91,0x04,
0x1e,0x00,0x46,0xd6,0x1f,0x03,0x95,0x04,0x1f,0x00,0x46,0xd6,0x20,0x03,0x99,0x04,
0x20,0x00,0x46,0xd6,0x21,0x03,0x9d,0x04,0x1a,0x00,0x46,0xd6,0x1a,0x03,0xa1,0x04,
0x18,0x00,0x46,0xd6,0x18,0x03,0xa5,0x04,0x19,0x00,0x46,0xd6,0x19,0x03,0xa9,0x04,
0x17,0x00,0x46,0xd6,0x17,0x03,0xad,0x04,0x16,0x00,0x46,0xd6,0x16,0x03,0xb1,0x04,
0x15,0x00,0x46,0xd6,0x15,0x03,0xb5,0x04,0x14,0x00,0x46,0xd6,0x14,0x03,0xb9,0x04,
0x13,0x00,0x46,0xd6,0x13,0x03,0xbd,0x04,0x11,0x00,0x46,0xd6,0x11,0x03,0xc1,0x04,
0x0f,0x00,0x85,0xbf,0x00,0x00,0x48,0xe0,0x12,0x12,0x4c,0x80,0x00,0x00,0x48,0xe0,
0x1b,0x1b,0x4c,0x80,0x00,0x00,0x48,0xe0,0x1c,0x1c,0x4c,0x80,0x00,0x00,0x48,0xe0,
0x1d,0x1d,0x4c,0x80,0x00,0x00,0x48,0xe0,0x1e,0x1e,0x4c,0x80,0x00,0x00,0x48,0xe0,
0x1f,0x1f,0x4c,0x80,0x00,0x00,0x48,0xe0,0x20,0x20,0x4c,0x80,0x00,0x00,0x48,0xe0,
0x1a,0x1a,0x4c,0x80,0x00,0x00,0x48,0xe0,0x18,0x18,0x4c,0x80,0x00,0x00,0x48,0xe0,
0x19,0x19,0x4c,0x80,0x00,0x00,0x48,0xe0,0x17,0x17,0x4c,0x80,0x00,0x00,0x48,0xe0,
0x16,0x16,0x4c,0x80,0x00,0x00,0x48,0xe0,0x15,0x15,0x4c,0x80,0x00,0x00,0x48,0xe0,
0x14,0x14,0x4c,0x80,0x00,0x00,0x48,0xe0,0x13,0x13,0x4c,0x80,0x00,0x00,0x48,0xe0,
0x11,0x11,0x4c,0x80,0xf7,0x3b,0x89,0xbf,0x12,0x00,0x44,0xd6,0x1b,0x25,0xfe,0x03,
0x00,0x01,0x04,0x05,0xf7,0x33,0x89,0xbf,0x1c,0x00,0x44,0xd6,0x1d,0x39,0xfe,0x03,
0x00,0x01,0x04,0x05,0xf7,0x2b,0x89,0xbf,0x1d,0x00,0x44,0xd6,0x1f,0x3d,0xfe,0x03,
0x00,0x01,0x04,0x05,0x1b,0x40,0x10,0xcc,0x4a,0x25,0x02,0x18,0xf7,0x23,0x89,0xbf,
0x1a,0x00,0x44,0xd6,0x1a,0x41,0xfe,0x03,0x00,0x01,0x04,0x05,0x21,0x40,0x10,0xcc,
0x4a,0x39,0x02,0x18,0xf7,0x1b,0x89,0xbf,0x18,0x00,0x44,0xd6,0x19,0x31,0xfe,0x03,
0x00,0x01,0x04,0x05,0x20,0x40,0x10,0xcc,0x4a,0x3b,0x02,0x18,0xf7,0x13,0x89,0xbf,
0x16,0x00,0x44,0xd6,0x16,0x2f,0xfe,0x03,0x00,0x01,0x04,0x05,0x1f,0x40,0x10,0xcc,
0x4a,0x35,0x02,0x18,0xf7,0x0b,0x89,0xbf,0x14,0x00,0x44,0xd6,0x14,0x2b,0xfe,0x03,
0x00,0x01,0x04,0x05,0x1a,0x40,0x10,0xcc,0x4a,0x31,0x02,0x18,0xf7,0x03,0x89,0xbf,
0x11,0x00,0x44,0xd6,0x11,0x27,0xfe,0x03,0x00,0x01,0x04,0x05,0x1e,0x40,0x10,0xcc,
0x4a,0x2d,0x02,0x18,0x1d,0x40,0x10,0xcc,0x4a,0x29,0x02,0x18,0x03,0x00,0x87,0xbf,
0x1c,0x40,0x10,0xcc,0x4a,0x23,0x02,0x18,0x11,0x40,0x20,0xcc,0x08,0x91,0x6e,0x04,
0x08,0x60,0x20,0xcc,0x09,0x91,0x6e,0x04,0x09,0x40,0x20,0xcc,0x0a,0x91,0x86,0x04,
0x0a,0x60,0x20,0xcc,0x0b,0x91,0x86,0x04,0x0b,0x40,0x20,0xcc,0x0c,0x91,0x82,0x04,
0x0c,0x60,0x20,0xcc,0x0d,0x91,0x82,0x04,0x0d,0x40,0x20,0xcc,0x0e,0x91,0x7e,0x04,
0x0e,0x60,0x20,0xcc,0x0f,0x91,0x7e,0x04,0x00,0x40,0x20,0xcc,0x00,0x91,0x6a,0x04,
0x01,0x60,0x20,0xcc,0x01,0x91,0x6a,0x04,0x02,0x40,0x20,0xcc,0x02,0x91,0x7a,0x04,
0x03,0x60,0x20,0xcc,0x03,0x91,0x7a,0x04,0x04,0x40,0x20,0xcc,0x04,0x91,0x76,0x04,
0x05,0x60,0x20,0xcc,0x05,0x91,0x76,0x04,0x06,0x40,0x20,0xcc,0x06,0x91,0x72,0x04,
0x07,0x60,0x20,0xcc,0x07,0x91,0x72,0x04,0x1d,0x85,0x04,0xbf,0xaa,0x03,0xa2,0xbf,
0x1d,0x87,0x04,0xbf,0xa9,0x03,0xa2,0xbf,0x1d,0x88,0x04,0xbf,0xa8,0x03,0xa2,0xbf,
0x1d,0x89,0x04,0xbf,0xa7,0x03,0xa2,0xbf,0x0e,0x01,0x10,0xca,0x0d,0x01,0x12,0x0f,
0x0c,0x01,0x10,0xca,0x0b,0x01,0x14,0x13,0x0a,0x01,0x10,0xca,0x09,0x01,0x16,0x15,
0x08,0x01,0x10,0xca,0x11,0x01,0x18,0x17,0x07,0x01,0x10,0xca,0x05,0x01,0x1a,0x1b,
0x06,0x01,0x10,0xca,0x04,0x01,0x1c,0x19,0x03,0x01,0x10,0xca,0x02,0x01,0x1e,0x1d,
0x01,0x01,0x10,0xca,0x00,0x01,0x20,0x1f,0x1d,0x89,0x06,0xbf,0x58,0x08,0xa1,0xbf,
0x11,0x15,0x1e,0x7e,0x91,0x00,0x87,0xbf,0x0f,0x8f,0x1e,0x6a,0x0f,0x17,0x1e,0x7e,
0x91,0x00,0x87,0xbf,0x00,0x02,0x13,0xd4,0xff,0x1e,0x02,0x00,0x00,0x00,0x20,0x3f,
0x00,0x20,0x81,0xbe,0x09,0x00,0x87,0xbf,0x7e,0x01,0x00,0x8d,0x12,0x03,0x03,0xd5,
0x0f,0x1f,0x02,0x00,0x13,0x01,0x13,0xd6,0x0f,0xe9,0xfd,0x03,0x00,0x00,0x80,0x42,
0x12,0x01,0x87,0xbf,0xff,0x24,0x28,0x7c,0x50,0xac,0xae,0xc2,0x12,0x27,0x24,0x02,
0x91,0x00,0x87,0xbf,0xff,0x24,0x24,0x10,0x3b,0xaa,0xb8,0x3f,0x12,0x4b,0x24,0x7e,
0xff,0x0f,0x88,0xbf,0xff,0x24,0x26,0x10,0xa4,0x4e,0x4b,0x11,0x91,0x00,0x87,0xbf,
0x12,0x27,0x24,0x02,0xf2,0x24,0x24,0x06,0x01,0x00,0x87,0xbf,0x12,0x55,0x24,0x7e,
0xff,0x0f,0x88,0xbf,0x12,0x00,0x13,0xd6,0x12,0xeb,0xc9,0x03,0x00,0x30,0x80,0xbe,
0x0f,0x1f,0x24,0x10,0x91,0x00,0x87,0xbf,0x23,0x24,0x26,0x5a,0xc9,0x08,0xa9,0x3c,
0x12,0x27,0x26,0x5a,0x4e,0x1c,0x5c,0xbd,0x91,0x00,0x87,0xbf,0x12,0x27,0x26,0x5a,
0x82,0x83,0x08,0x3e,0x12,0x27,0x26,0x5a,0x99,0xaa,0xaa,0xbe,0x91,0x00,0x87,0xbf,
0x13,0x01,0x08,0xd5,0x0f,0x27,0x02,0x00,0x12,0x04,0x13,0xd6,0x12,0x27,0x3e,0x04,
0x7e,0x00,0x7e,0x8c,0x08,0x15,0x26,0x7e,0x91,0x00,0x87,0xbf,0x13,0x8f,0x26,0x6a,
0x13,0x17,0x26,0x7e,0x91,0x00,0x87,0xbf,0x00,0x02,0x13,0xd4,0xff,0x26,0x02,0x00,
0x00,0x00,0x20,0x3f,0x00,0x20,0x81,0xbe,0x09,0x00,0x87,0xbf,0x7e,0x01,0x00,0x8d,
0x14,0x03,0x03,0xd5,0x13,0x27,0x02,0x00,0x15,0x01,0x13,0xd6,0x13,0xe9,0xfd,0x03,
0x00,0x00,0x80,0x42,0x12,0x01,0x87,0xbf,0xff,0x28,0x28,0x7c,0x50,0xac,0xae,0xc2,
0x14,0x2b,0x28,0x02,0x91,0x00,0x87,0xbf,0xff,0x28,0x28,0x10,0x3b,0xaa,0xb8,0x3f,
0x14,0x4b,0x28,0x7e,0xff,0x0f,0x88,0xbf,0xff,0x28,0x2a,0x10,0xa4,0x4e,0x4b,0x11,
0x91,0x00,0x87,0xbf,0x14,0x2b,0x28,0x02,0xf2,0x28,0x28,0x06,0x01,0x00,0x87,0xbf,
0x14,0x55,0x28,0x7e,0xff,0x0f,0x88,0xbf,0x14,0x00,0x13,0xd6,0x14,0xeb,0xc9,0x03,
0x00,0x30,0x80,0xbe,0x13,0x27,0x28,0x10,0x91,0x00,0x87,0xbf,0x23,0x28,0x2a,0x5a,
0xc9,0x08,0xa9,0x3c,0x14,0x2b,0x2a,0x5a,0x4e,0x1c,0x5c,0xbd,0x91,0x00,0x87,0xbf,
0x14,0x2b,0x2a,0x5a,0x82,0x83,0x08,0x3e,0x14,0x2b,0x2a,0x5a,0x99,0xaa,0xaa,0xbe,
0x91,0x00,0x87,0xbf,0x15,0x01,0x08,0xd5,0x13,0x2b,0x02,0x00,0x14,0x04,0x13,0xd6,
0x14,0x2b,0x4e,0x04,0x7e,0x00,0x7e,0x8c,0x09,0x15,0x2a,0x7e,0x91,0x00,0x87,0xbf,
0x15,0x8f,0x2a,0x6a,0x15,0x17,0x2a,0x7e,0x91,0x00,0x87,0xbf,0x00,0x02,0x13,0xd4,
0xff,0x2a,0x02,0x00,0x00,0x00,0x20,0x3f,0x00,0x20,0x81,0xbe,0x09,0x00,0x87,0xbf,
0x7e,0x01,0x00,0x8d,0x16,0x03,0x03,0xd5,0x15,0x2b,0x02,0x00,0x17,0x01,0x13,0xd6,
0x15,0xe9,0xfd,0x03,0x00,0x00,0x80,0x42,0x12,0x01,0x87,0xbf,0xff,0x2c,0x28,0x7c,
0x50,0xac,0xae,0xc2,0x16,0x2f,0x2c,0x02,0x91,0x00,0x87,0xbf,0xff,0x2c,0x2c,0x10,
0x3b,0xaa,0xb8,0x3f,0x16,0x4b,0x2c,0x7e,0xff,0x0f,0x88,0xbf,0xff,0x2c,0x2e,0x10,
0xa4,0x4e,0x4b,0x11,0x91,0x00,0x87,0xbf,0x16,0x2f,0x2c,0x02,0xf2,0x2c,0x2c,0x06,
0x01,0x00,0x87,0xbf,0x16,0x55,0x2c,0x7e,0xff,0x0f,0x88,0xbf,0x16,0x00,0x13,0xd6,
0x16,0xeb,0xc9,0x03,0x00,0x30,0x80,0xbe,0x15,0x2b,0x2c,0x10,0x91,0x00,0x87,0xbf,
0x23,0x2c,0x2e,0x5a,0xc9,0x08,0xa9,0x3c,0x16,0x2f,0x2e,0x5a,0x4e,0x1c,0x5c,0xbd,
0x91,0x00,0x87,0xbf,0x16,0x2f,0x2e,0x5a,0x82,0x83,0x08,0x3e,0x16,0x2f,0x2e,0x5a,
0x99,0xaa,0xaa,0xbe,0x91,0x00,0x87,0xbf,0x17,0x01,0x08,0xd5,0x15,0x2f,0x02,0x00,
0x16,0x04,0x13,0xd6,0x16,0x2f,0x56,0x04,0x7e,0x00,0x7e,0x8c,0x0a,0x15,0x2e,0x7e,
0x91,0x00,0x87,0xbf,0x17,0x8f,0x2e,0x6a,0x17,0x17,0x2e,0x7e,0x91,0x00,0x87,0xbf,
0x00,0x02,0x13,0xd4,0xff,0x2e,0x02,0x00,0x00,0x00,0x20,0x3f,0x00,0x20,0x81,0xbe,
0x09,0x00,0x87,0xbf,0x7e,0x01,0x00,0x8d,0x18,0x03,0x03,0xd5,0x17,0x2f,0x02,0x00,
0x19,0x01,0x13,0xd6,0x17,0xe9,0xfd,0x03,0x00,0x00,0x80,0x42,0x12,0x01,0x87,0xbf,
0xff,0x30,0x28,0x7c,0x50,0xac,0xae,0xc2,0x18,0x33,0x30,0x02,0x91,0x00,0x87,0xbf,
0xff,0x30,0x30,0x10,0x3b,0xaa,0xb8,0x3f,0x18,0x4b,0x30,0x7e,0xff,0x0f,0x88,0xbf,
0xff,0x30,0x32,0x10,0xa4,0x4e,0x4b,0x11,0x91,0x00,0x87,0xbf,0x18,0x33,0x30,0x02,
0xf2,0x30,0x30,0x06,0x01,0x00,0x87,0xbf,0x18,0x55,0x30,0x7e,0xff,0x0f,0x88,0xbf,
0x18,0x00,0x13,0xd6,0x18,0xeb,0xc9,0x03,0x00,0x30,0x80,0xbe,0x17,0x2f,0x30,0x10,
0x91,0x00,0x87,0xbf,0x23,0x30,0x32,0x5a,0xc9,0x08,0xa9,0x3c,0x18,0x33,0x32,0x5a,
0x4e,0x1c,0x5c,0xbd,0x91,0x00,0x87,0xbf,0x18,0x33,0x32,0x5a,0x82,0x83,0x08,0x3e,
0x18,0x33,0x32,0x5a,0x99,0xaa,0xaa,0xbe,0x91,0x00,0x87,0xbf,0x19,0x01,0x08,0xd5,
0x17,0x33,0x02,0x00,0x18,0x04,0x13,0xd6,0x18,0x33,0x5e,0x04,0x7e,0x00,0x7e,0x8c,
0x0b,0x15,0x32,0x7e,0x91,0x00,0x87,0xbf,0x19,0x8f,0x32,0x6a,0x19,0x17,0x32,0x7e,
0x91,0x00,0x87,0xbf,0x00,0x02,0x13,0xd4,0xff,0x32,0x02,0x00,0x00,0x00,0x20,0x3f,
0x00,0x20,0x81,0xbe,0x09,0x00,0x87,0xbf,0x7e,0x01,0x00,0x8d,0x1a,0x03,0x03,0xd5,
0x19,0x33,0x02,0x00,0x1b,0x01,0x13,0xd6,0x19,0xe9,0xfd,0x03,0x00,0x00,0x80,0x42,
0x12,0x01,0x87,0xbf,0xff,0x34,0x28,0x7c,0x50,0xac,0xae,0xc2,0x1a,0x37,0x34,0x02,
0x91,0x00,0x87,0xbf,0xff,0x34,0x34,0x10,0x3b,0xaa,0xb8,0x3f,0x1a,0x4b,0x34,0x7e,
0xff,0x0f,0x88,0xbf,0xff,0x34,0x36,0x10,0xa4,0x4e,0x4b,0x11,0x91,0x00,0x87,0xbf,
0x1a,0x37,0x34,0x02,0xf2,0x34,0x34,0x06,0x01,0x00,0x87,0xbf,0x1a,0x55,0x34,0x7e,
0xff,0x0f,0x88,0xbf,0x1a,0x00,0x13,0xd6,0x1a,0xeb,0xc9,0x03,0x00,0x30,0x80,0xbe,
0x19,0x33,0x34,0x10,0x91,0x00,0x87,0xbf,0x23,0x34,0x36,0x5a,0xc9,0x08,0xa9,0x3c,
0x1a,0x37,0x36,0x5a,0x4e,0x1c,0x5c,0xbd,0x91,0x00,0x87,0xbf,0x1a,0x37,0x36,0x5a,
0x82,0x83,0x08,0x3e,0x1a,0x37,0x36,0x5a,0x99,0xaa,0xaa,0xbe,0x91,0x00,0x87,0xbf,
0x1b,0x01,0x08,0xd5,0x19,0x37,0x02,0x00,0x1a,0x04,0x13,0xd6,0x1a,0x37,0x66,0x04,
0x7e,0x00,0x7e,0x8c,0x0c,0x15,0x36,0x7e,0x91,0x00,0x87,0xbf,0x1b,0x8f,0x36,0x6a,
0x1b,0x17,0x36,0x7e,0x91,0x00,0x87,0xbf,0x00,0x02,0x13,0xd4,0xff,0x36,0x02,0x00,
0x00,0x00,0x20,0x3f,0x00,0x20,0x81,0xbe,0x09,0x00,0x87,0xbf,0x7e,0x01,0x00,0x8d,
0x1c,0x03,0x03,0xd5,0x1b,0x37,0x02,0x00,0x1d,0x01,0x13,0xd6,0x1b,0xe9,0xfd,0x03,
0x00,0x00,0x80,0x42,0x12,0x01,0x87,0xbf,0xff,0x38,0x28,0x7c,0x50,0xac,0xae,0xc2,
0x1c,0x3b,0x38,0x02,0x91,0x00,0x87,0xbf,0xff,0x38,0x38,0x10,0x3b,0xaa,0xb8,0x3f,
0x1c,0x4b,0x38,0x7e,0xff,0x0f,0x88,0xbf,0xff,0x38,0x3a,0x10,0xa4,0x4e,0x4b,0x11,
0x91,0x00,0x87,0xbf,0x1c,0x3b,0x38,0x02,0xf2,0x38,0x38,0x06,0x01,0x00,0x87,0xbf,
0x1c,0x55,0x38,0x7e,0xff,0x0f,0x88,0xbf,0x1c,0x00,0x13,0xd6,0x1c,0xeb,0xc9,0x03,
0x00,0x30,0x80,0xbe,0x1b,0x37,0x38,0x10,0x91,0x00,0x87,0xbf,0x23,0x38,0x3a,0x5a,
0xc9,0x08,0xa9,0x3c,0x1c,0x3b,0x3a,0x5a,0x4e,0x1c,0x5c,0xbd,0x91,0x00,0x87,0xbf,
0x1c,0x3b,0x3a,0x5a,0x82,0x83,0x08,0x3e,0x1c,0x3b,0x3a,0x5a,0x99,0xaa,0xaa,0xbe,
0x91,0x00,0x87,0xbf,0x1d,0x01,0x08,0xd5,0x1b,0x3b,0x02,0x00,0x1c,0x04,0x13,0xd6,
0x1c,0x3b,0x6e,0x04,0x7e,0x00,0x7e,0x8c,0x0d,0x15,0x3a,0x7e,0x91,0x00,0x87,0xbf,
0x1d,0x8f,0x3a,0x6a,0x1d,0x17,0x3a,0x7e,0x91,0x00,0x87,0xbf,0x00,0x02,0x13,0xd4,
0xff,0x3a,0x02,0x00,0x00,0x00,0x20,0x3f,0x00,0x20,0x81,0xbe,0x09,0x00,0x87,0xbf,
0x7e,0x01,0x00,0x8d,0x1e,0x03,0x03,0xd5,0x1d,0x3b,0x02,0x00,0x1f,0x01,0x13,0xd6,
0x1d,0xe9,0xfd,0x03,0x00,0x00,0x80,0x42,0x12,0x01,0x87,0xbf,0xff,0x3c,0x28,0x7c,
0x50,0xac,0xae,0xc2,0x1e,0x3f,0x3c,0x02,0x91,0x00,0x87,0xbf,0xff,0x3c,0x3c,0x10,
0x3b,0xaa,0xb8,0x3f,0x1e,0x4b,0x3c,0x7e,0xff,0x0f,0x88,0xbf,0xff,0x3c,0x3e,0x10,
0xa4,0x4e,0x4b,0x11,0x91,0x00,0x87,0xbf,0x1e,0x3f,0x3c,0x02,0xf2,0x3c,0x3c,0x06,
0x01,0x00,0x87,0xbf,0x1e,0x55,0x3c,0x7e,0xff,0x0f,0x88,0xbf,0x1e,0x00,0x13,0xd6,
0x1e,0xeb,0xc9,0x03,0x00,0x30,0x80,0xbe,0x1d,0x3b,0x3c,0x10,0x91,0x00,0x87,0xbf,
0x23,0x3c,0x3e,0x5a,0xc9,0x08,0xa9,0x3c,0x1e,0x3f,0x3e,0x5a,0x4e,0x1c,0x5c,0xbd,
0x91,0x00,0x87,0xbf,0x1e,0x3f,0x3e,0x5a,0x82,0x83,0x08,0x3e,0x1e,0x3f,0x3e,0x5a,
0x99,0xaa,0xaa,0xbe,0x91,0x00,0x87,0xbf,0x1f,0x01,0x08,0xd5,0x1d,0x3f,0x02,0x00,
0x1e,0x04,0x13,0xd6,0x1e,0x3f,0x76,0x04,0x7e,0x00,0x7e,0x8c,0x0e,0x15,0x3e,0x7e,
0x91,0x00,0x87,0xbf,0x1f,0x8f,0x3e,0x6a,0x1f,0x17,0x3e,0x7e,0x91,0x00,0x87,0xbf,
0x00,0x02,0x13,0xd4,0xff,0x3e,0x02,0x00,0x00,0x00,0x20,0x3f,0x00,0x20,0x81,0xbe,
0x09,0x00,0x87,0xbf,0x7e,0x01,0x00,0x8d,0x20,0x03,0x03,0xd5,0x1f,0x3f,0x02,0x00,
0x21,0x01,0x13,0xd6,0x1f,0xe9,0xfd,0x03,0x00,0x00,0x80,0x42,0x12,0x01,0x87,0xbf,
0xff,0x40,0x28,0x7c,0x50,0xac,0xae,0xc2,0x20,0x43,0x40,0x02,0x91,0x00,0x87,0xbf,
0xff,0x40,0x40,0x10,0x3b,0xaa,0xb8,0x3f,0x20,0x4b,0x40,0x7e,0xff,0x0f,0x88,0xbf,
0xff,0x40,0x42,0x10,0xa4,0x4e,0x4b,0x11,0x91,0x00,0x87,0xbf,0x20,0x43,0x40,0x02,
0xf2,0x40,0x40,0x06,0x01,0x00,0x87,0xbf,0x20,0x55,0x40,0x7e,0xff,0x0f,0x88,0xbf,
0x20,0x00,0x13,0xd6,0x20,0xeb,0xc9,0x03,0x00,0x30,0x80,0xbe,0x1f,0x3f,0x40,0x10,
0x91,0x00,0x87,0xbf,0x23,0x40,0x42,0x5a,0xc9,0x08,0xa9,0x3c,0x20,0x43,0x42,0x5a,
0x4e,0x1c,0x5c,0xbd,0x91,0x00,0x87,0xbf,0x20,0x43,0x42,0x5a,0x82,0x83,0x08,0x3e,
0x20,0x43,0x42,0x5a,0x99,0xaa,0xaa,0xbe,0x91,0x00,0x87,0xbf,0x21,0x01,0x08,0xd5,
0x1f,0x43,0x02,0x00,0x20,0x04,0x13,0xd6,0x20,0x43,0x7e,0x04,0x7e,0x00,0x7e,0x8c,
0x00,0x15,0x42,0x7e,0x91,0x00,0x87,0xbf,0x21,0x8f,0x42,0x6a,0x21,0x17,0x42,0x7e,
0x91,0x00,0x87,0xbf,0x00,0x02,0x13,0xd4,0xff,0x42,0x02,0x00,0x00,0x00,0x20,0x3f,
0x00,0x20,0x81,0xbe,0x09,0x00,0x87,0xbf,0x7e,0x01,0x00,0x8d,0x22,0x03,0x03,0xd5,
0x21,0x43,0x02,0x00,0x23,0x01,0x13,0xd6,0x21,0xe9,0xfd,0x03,0x00,0x00,0x80,0x42,
0x12,0x01,0x87,0xbf,0xff,0x44,0x28,0x7c,0x50,0xac,0xae,0xc2,0x22,0x47,0x44,0x02,
0x91,0x00,0x87,0xbf,0xff,0x44,0x44,0x10,0x3b,0xaa,0xb8,0x3f,0x22,0x4b,0x44,0x7e,
0xff,0x0f,0x88,0xbf,0xff,0x44,0x46,0x10,0xa4,0x4e,0x4b,0x11,0x91,0x00,0x87,0xbf,
0x22,0x47,0x44,0x02,0xf2,0x44,0x44,0x06,0x01,0x00,0x87,0xbf,0x22,0x55,0x44,0x7e,
0xff,0x0f,0x88,0xbf,0x22,0x00,0x13,0xd6,0x22,0xeb,0xc9,0x03,0x00,0x30,0x80,0xbe,
0x21,0x43,0x44,0x10,0x91,0x00,0x87,0xbf,0x23,0x44,0x46,0x5a,0xc9,0x08,0xa9,0x3c,
0x22,0x47,0x46,0x5a,0x4e,0x1c,0x5c,0xbd,0x91,0x00,0x87,0xbf,0x22,0x47,0x46,0x5a,
0x82,0x83,0x08,0x3e,0x22,0x47,0x46,0x5a,0x99,0xaa,0xaa,0xbe,0x91,0x00,0x87,0xbf,
0x23,0x01,0x08,0xd5,0x21,0x47,0x02,0x00,0x22,0x04,0x13,0xd6,0x22,0x47,0x86,0x04,
0x7e,0x00,0x7e,0x8c,0x01,0x15,0x46,0x7e,0x91,0x00,0x87,0xbf,0x23,0x8f,0x46,0x6a,
0x23,0x17,0x46,0x7e,0x91,0x00,0x87,0xbf,0x00,0x02,0x13,0xd4,0xff,0x46,0x02,0x00,
0x00,0x00,0x20,0x3f,0x00,0x20,0x81,0xbe,0x09,0x00,0x87,0xbf,0x7e,0x01,0x00,0x8d,
0x24,0x03,0x03,0xd5,0x23,0x47,0x02,0x00,0x25,0x01,0x13,0xd6,0x23,0xe9,0xfd,0x03,
0x00,0x00,0x80,0x42,0x12,0x01,0x87,0xbf,0xff,0x48,0x28,0x7c,0x50,0xac,0xae,0xc2,
0x24,0x4b,0x48,0x02,0x91,0x00,0x87,0xbf,0xff,0x48,0x48,0x10,0x3b,0xaa,0xb8,0x3f,
0x24,0x4b,0x48,0x7e,0xff,0x0f,0x88,0xbf,0xff,0x48,0x4a,0x10,0xa4,0x4e,0x4b,0x11,
0x91,0x00,0x87,0xbf,0x24,0x4b,0x48,0x02,0xf2,0x48,0x48,0x06,0x01,0x00,0x87,0xbf,
0x24,0x55,0x48,0x7e,0xff,0x0f,0x88,0xbf,0x24,0x00,0x13,0xd6,0x24,0xeb,0xc9,0x03,
0x00,0x30,0x80,0xbe,0x23,0x47,0x48,0x10,0x91,0x00,0x87,0xbf,0x23,0x48,0x4a,0x5a,
0xc9,0x08,0xa9,0x3c,0x24,0x4b,0x4a,0x5a,0x4e,0x1c,0x5c,0xbd,0x91,0x00,0x87,0xbf,
0x24,0x4b,0x4a,0x5a,0x82,0x83,0x08,0x3e,0x24,0x4b,0x4a,0x5a,0x99,0xaa,0xaa,0xbe,
0x91,0x00,0x87,0xbf,0x25,0x01,0x08,0xd5,0x23,0x4b,0x02,0x00,0x24,0x04,0x13,0xd6,
0x24,0x4b,0x8e,0x04,0x7e,0x00,0x7e,0x8c,0x02,0x15,0x4a,0x7e,0x91,0x00,0x87,0xbf,
0x25,0x8f,0x4a,0x6a,0x25,0x17,0x4a,0x7e,0x91,0x00,0x87,0xbf,0x00,0x02,0x13,0xd4,
0xff,0x4a,0x02,0x00,0x00,0x00,0x20,0x3f,0x00,0x20,0x81,0xbe,0x09,0x00,0x87,0xbf,
0x7e,0x01,0x00,0x8d,0x26,0x03,0x03,0xd5,0x25,0x4b,0x02,0x00,0x27,0x01,0x13,0xd6,
0x25,0xe9,0xfd,0x03,0x00,0x00,0x80,0x42,0x12,0x01,0x87,0xbf,0xff,0x4c,0x28,0x7c,
0x50,0xac,0xae,0xc2,0x26,0x4f,0x4c,0x02,0x91,0x00,0x87,0xbf,0xff,0x4c,0x4c,0x10,
0x3b,0xaa,0xb8,0x3f,0x26,0x4b,0x4c,0x7e,0xff,0x0f,0x88,0xbf,0xff,0x4c,0x4e,0x10,
0xa4,0x4e,0x4b,0x11,0x91,0x00,0x87,0xbf,0x26,0x4f,0x4c,0x02,0xf2,0x4c,0x4c,0x06,
0x01,0x00,0x87,0xbf,0x26,0x55,0x4c,0x7e,0xff,0x0f,0x88,0xbf,0x26,0x00,0x13,0xd6,
0x26,0xeb,0xc9,0x03,0x00,0x30,0x80,0xbe,0x25,0x4b,0x4c,0x10,0x91,0x00,0x87,0xbf,
0x23,0x4c,0x4e,0x5a,0xc9,0x08,0xa9,0x3c,0x26,0x4f,0x4e,0x5a,0x4e,0x1c,0x5c,0xbd,
0x91,0x00,0x87,0xbf,0x26,0x4f,0x4e,0x5a,0x82,0x83,0x08,0x3e,0x26,0x4f,0x4e,0x5a,
0x99,0xaa,0xaa,0xbe,0x91,0x00,0x87,0xbf,0x27,0x01,0x08,0xd5,0x25,0x4f,0x02,0x00,
0x26,0x04,0x13,0xd6,0x26,0x4f,0x96,0x04,0x7e,0x00,0x7e,0x8c,0x03,0x15,0x4e,0x7e,
0x91,0x00,0x87,0xbf,0x27,0x8f,0x4e,0x6a,0x27,0x17,0x4e,0x7e,0x91,0x00,0x87,0xbf,
0x00,0x02,0x13,0xd4,0xff,0x4e,0x02,0x00,0x00,0x00,0x20,0x3f,0x00,0x20,0x81,0xbe,
0x09,0x00,0x87,0xbf,0x7e,0x01,0x00,0x8d,0x28,0x03,0x03,0xd5,0x27,0x4f,0x02,0x00,
0x29,0x01,0x13,0xd6,0x27,0xe9,0xfd,0x03,0x00,0x00,0x80,0x42,0x12,0x01,0x87,0xbf,
0xff,0x50,0x28,0x7c,0x50,0xac,0xae,0xc2,0x28,0x53,0x50,0x02,0x91,0x00,0x87,0xbf,
0xff,0x50,0x50,0x10,0x3b,0xaa,0xb8,0x3f,0x28,0x4b,0x50,0x7e,0xff,0x0f,0x88,0xbf,
0xff,0x50,0x52,0x10,0xa4,0x4e,0x4b,0x11,0x91,0x00,0x87,0xbf,0x28,0x53,0x50,0x02,
0xf2,0x50,0x50,0x06,0x01,0x00,0x87,0xbf,0x28,0x55,0x50,0x7e,0xff,0x0f,0x88,0xbf,
0x28,0x00,0x13,0xd6,0x28,0xeb,0xc9,0x03,0x00,0x30,0x80,0xbe,0x27,0x4f,0x50,0x10,
0x91,0x00,0x87,0xbf,0x23,0x50,0x52,0x5a,0xc9,0x08,0xa9,0x3c,0x28,0x53,0x52,0x5a,
0x4e,0x1c,0x5c,0xbd,0x91,0x00,0x87,0xbf,0x28,0x53,0x52,0x5a,0x82,0x83,0x08,0x3e,
0x28,0x53,0x52,0x5a,0x99,0xaa,0xaa,0xbe,0x91,0x00,0x87,0xbf,0x29,0x01,0x08,0xd5,
0x27,0x53,0x02,0x00,0x28,0x04,0x13,0xd6,0x28,0x53,0x9e,0x04,0x7e,0x00,0x7e,0x8c,
0x04,0x15,0x52,0x7e,0x91,0x00,0x87,0xbf,0x29,0x8f,0x52,0x6a,0x29,0x17,0x52,0x7e,
0x91,0x00,0x87,0xbf,0x00,0x02,0x13,0xd4,0xff,0x52,0x02,0x00,0x00,0x00,0x20,0x3f,
0x00,0x20,0x81,0xbe,0x09,0x00,0x87,0xbf,0x7e,0x01,0x00,0x8d,0x2a,0x03,0x03,0xd5,
0x29,0x53,0x02,0x00,0x2b,0x01,0x13,0xd6,0x29,0xe9,0xfd,0x03,0x00,0x00,0x80,0x42,
0x12,0x01,0x87,0xbf,0xff,0x54,0x28,0x7c,0x50,0xac,0xae,0xc2,0x2a,0x57,0x54,0x02,
0x91,0x00,0x87,0xbf,0xff,0x54,0x54,0x10,0x3b,0xaa,0xb8,0x3f,0x2a,0x4b,0x54,0x7e,
0xff,0x0f,0x88,0xbf,0xff,0x54,0x56,0x10,0xa4,0x4e,0x4b,0x11,0x91,0x00,0x87,0xbf,
0x2a,0x57,0x54,0x02,0xf2,0x54,0x54,0x06,0x01,0x00,0x87,0xbf,0x2a,0x55,0x54,0x7e,
0xff,0x0f,0x88,0xbf,0x2a,0x00,0x13,0xd6,0x2a,0xeb,0xc9,0x03,0x00,0x30,0x80,0xbe,
0x29,0x53,0x54,0x10,0x91,0x00,0x87,0xbf,0x23,0x54,0x56,0x5a,0xc9,0x08,0xa9,0x3c,
0x2a,0x57,0x56,0x5a,0x4e,0x1c,0x5c,0xbd,0x91,0x00,0x87,0xbf,0x2a,0x57,0x56,0x5a,
0x82,0x83,0x08,0x3e,0x2a,0x57,0x56,0x5a,0x99,0xaa,0xaa,0xbe,0x91,0x00,0x87,0xbf,
0x2b,0x01,0x08,0xd5,0x29,0x57,0x02,0x00,0x2a,0x04,0x13,0xd6,0x2a,0x57,0xa6,0x04,
0x7e,0x00,0x7e,0x8c,0x05,0x15,0x56,0x7e,0x91,0x00,0x87,0xbf,0x2b,0x8f,0x56,0x6a,
0x2b,0x17,0x56,0x7e,0x91,0x00,0x87,0xbf,0x00,0x02,0x13,0xd4,0xff,0x56,0x02,0x00,
0x00,0x00,0x20,0x3f,0x00,0x20,0x81,0xbe,0x09,0x00,0x87,0xbf,0x7e,0x01,0x00,0x8d,
0x2c,0x03,0x03,0xd5,0x2b,0x57,0x02,0x00,0x2d,0x01,0x13,0xd6,0x2b,0xe9,0xfd,0x03,
0x00,0x00,0x80,0x42,0x12,0x01,0x87,0xbf,0xff,0x58,0x28,0x7c,0x50,0xac,0xae,0xc2,
0x2c,0x5b,0x58,0x02,0x91,0x00,0x87,0xbf,0xff,0x58,0x58,0x10,0x3b,0xaa,0xb8,0x3f,
0x2c,0x4b,0x58,0x7e,0xff,0x0f,0x88,0xbf,0xff,0x58,0x5a,0x10,0xa4,0x4e,0x4b,0x11,
0x91,0x00,0x87,0xbf,0x2c,0x5b,0x58,0x02,0xf2,0x58,0x58,0x06,0x01,0x00,0x87,0xbf,
0x2c,0x55,0x58,0x7e,0xff,0x0f,0x88,0xbf,0x2c,0x00,0x13,0xd6,0x2c,0xeb,0xc9,0x03,
0x00,0x30,0x80,0xbe,0x2b,0x57,0x58,0x10,0x91,0x00,0x87,0xbf,0x23,0x58,0x5a,0x5a,
0xc9,0x08,0xa9,0x3c,0x2c,0x5b,0x5a,0x5a,0x4e,0x1c,0x5c,0xbd,0x91,0x00,0x87,0xbf,
0x2c,0x5b,0x5a,0x5a,0x82,0x83,0x08,0x3e,0x2c,0x5b,0x5a,0x5a,0x99,0xaa,0xaa,0xbe,
0x91,0x00,0x87,0xbf,0x2d,0x01,0x08,0xd5,0x2b,0x5b,0x02,0x00,0x2c,0x04,0x13,0xd6,
0x2c,0x5b,0xae,0x04,0x7e,0x00,0x7e,0x8c,0x06,0x15,0x5a,0x7e,0x91,0x00,0x87,0xbf,
0x2d,0x8f,0x5a,0x6a,0x2d,0x17,0x5a,0x7e,0x91,0x00,0x87,0xbf,0x00,0x02,0x13,0xd4,
0xff,0x5a,0x02,0x00,0x00,0x00,0x20,0x3f,0x00,0x20,0x81,0xbe,0x09,0x00,0x87,0xbf,
0x7e,0x01,0x00,0x8d,0x2e,0x03,0x03,0xd5,0x2d,0x5b,0x02,0x00,0x2f,0x01,0x13,0xd6,
0x2d,0xe9,0xfd,0x03,0x00,0x00,0x80,0x42,0x12,0x01,0x87,0xbf,0xff,0x5c,0x28,0x7c,
0x50,0xac,0xae,0xc2,0x2e,0x5f,0x5c,0x02,0x91,0x00,0x87,0xbf,0xff,0x5c,0x5c,0x10,
0x3b,0xaa,0xb8,0x3f,0x2e,0x4b,0x5c,0x7e,0xff,0x0f,0x88,0xbf,0xff,0x5c,0x5e,0x10,
0xa4,0x4e,0x4b,0x11,0x91,0x00,0x87,0xbf,0x2e,0x5f,0x5c,0x02,0xf2,0x5c,0x5c,0x06,
0x01,0x00,0x87,0xbf,0x2e,0x55,0x5c,0x7e,0xff,0x0f,0x88,0xbf,0x2f,0x00,0x13,0xd6,
0x2e,0xeb,0xc9,0x03,0x00,0x30,0x80,0xbe,0x2d,0x5b,0x5c,0x10,0x91,0x00,0x87,0xbf,
0x23,0x5c,0x5e,0x5a,0xc9,0x08,0xa9,0x3c,0x2e,0x5f,0x5e,0x5a,0x4e,0x1c,0x5c,0xbd,
0x91,0x00,0x87,0xbf,0x2e,0x5f,0x5e,0x5a,0x82,0x83,0x08,0x3e,0x2e,0x5f,0x5e,0x5a,
0x99,0xaa,0xaa,0xbe,0x91,0x00,0x87,0xbf,0x2f,0x01,0x08,0xd5,0x2d,0x5f,0x02,0x00,
0x2f,0x04,0x13,0xd6,0x2e,0x5f,0xb6,0x04,0x7e,0x00,0x7e,0x8c,0x07,0x15,0x5c,0x7e,
0x91,0x00,0x87,0xbf,0x2e,0x8f,0x5c,0x6a,0x2e,0x17,0x5c,0x7e,0x91,0x00,0x87,0xbf,
0x00,0x02,0x13,0xd4,0xff,0x5c,0x02,0x00,0x00,0x00,0x20,0x3f,0x00,0x20,0x81,0xbe,
0x09,0x00,0x87,0xbf,0x7e,0x01,0x00,0x8d,0x30,0x03,0x03,0xd5,0x2e,0x5d,0x02,0x00,
0x31,0x01,0x13,0xd6,0x2e,0xe9,0xfd,0x03,0x00,0x00,0x80,0x42,0x12,0x01,0x87,0xbf,
0xff,0x60,0x28,0x7c,0x50,0xac,0xae,0xc2,0x30,0x63,0x60,0x02,0x91,0x00,0x87,0xbf,
0xff,0x60,0x60,0x10,0x3b,0xaa,0xb8,0x3f,0x30,0x4b,0x60,0x7e,0xff,0x0f,0x88,0xbf,
0xff,0x60,0x62,0x10,0xa4,0x4e,0x4b,0x11,0x91,0x00,0x87,0xbf,0x30,0x63,0x60,0x02,
0xf2,0x60,0x60,0x06,0x01,0x00,0x87,0xbf,0x30,0x55,0x60,0x7e,0xff,0x0f,0x88,0xbf,
0x30,0x00,0x13,0xd6,0x30,0xeb,0xc9,0x03,0x00,0x30,0x80,0xbe,0x2e,0x5d,0x60,0x10,
0x91,0x00,0x87,0xbf,0x23,0x60,0x62,0x5a,0xc9,0x08,0xa9,0x3c,0x30,0x63,0x62,0x5a,
0x4e,0x1c,0x5c,0xbd,0x91,0x00,0x87,0xbf,0x30,0x63,0x62,0x5a,0x82,0x83,0x08,0x3e,
0x30,0x63,0x62,0x5a,0x99,0xaa,0xaa,0xbe,0x91,0x00,0x87,0xbf,0x31,0x01,0x08,0xd5,
0x2e,0x63,0x02,0x00,0x30,0x04,0x13,0xd6,0x30,0x63,0xba,0x04,0x7e,0x00,0x7e,0x8c,
0x2d,0x00,0x12,0xd6,0xff,0x5e,0xb6,0x04,0xff,0xff,0xff,0x7f,0x2b,0x00,0x12,0xd6,
0xff,0x58,0xae,0x04,0xff,0xff,0xff,0x7f,0x29,0x00,0x12,0xd6,0xff,0x54,0xa6,0x04,
0xff,0xff,0xff,0x7f,0x27,0x00,0x12,0xd6,0xff,0x50,0x9e,0x04,0xff,0xff,0xff,0x7f,
0x25,0x00,0x12,0xd6,0xff,0x4c,0x96,0x04,0xff,0xff,0xff,0x7f,0x23,0x00,0x12,0xd6,
0xff,0x48,0x8e,0x04,0xff,0xff,0xff,0x7f,0x21,0x00,0x12,0xd6,0xff,0x44,0x86,0x04,
0xff,0xff,0xff,0x7f,0x22,0x00,0x12,0xd6,0xff,0x40,0x7e,0x04,0xff,0xff,0xff,0x7f,
0x24,0x00,0x12,0xd6,0xff,0x3c,0x76,0x04,0xff,0xff,0xff,0x7f,0x1b,0x00,0x12,0xd6,
0xff,0x38,0x6e,0x04,0xff,0xff,0xff,0x7f,0x26,0x00,0x12,0xd6,0xff,0x34,0x66,0x04,
0xff,0xff,0xff,0x7f,0x17,0x00,0x12,0xd6,0xff,0x30,0x5e,0x04,0xff,0xff,0xff,0x7f,
0x16,0x00,0x12,0xd6,0xff,0x2c,0x56,0x04,0xff,0xff,0xff,0x7f,0x18,0x00,0x12,0xd6,
0xff,0x28,0x4e,0x04,0xff,0xff,0xff,0x7f,0x28,0x00,0x12,0xd6,0xff,0x24,0x3e,0x04,
0xff,0xff,0xff,0x7f,0x2a,0x00,0x12,0xd6,0xff,0x60,0xba,0x04,0xff,0xff,0xff,0x7f,
0x2d,0x93,0x32,0x10,0x2b,0x93,0x34,0x10,0x29,0x93,0x38,0x10,0x27,0x93,0x3a,0x10,
0x25,0x93,0x3c,0x10,0x23,0x93,0x3e,0x10,0x21,0x93,0x40,0x10,0x22,0x93,0x1e,0x10,
0x24,0x93,0x24,0x10,0x1b,0x93,0x26,0x10,0x26,0x93,0x28,0x10,0x17,0x93,0x2a,0x10,
0x16,0x93,0x2c,0x10,0x18,0x93,0x2e,0x10,0x28,0x93,0x30,0x10,0x2a,0x93,0x36,0x10,
0x04,0x00,0xa5,0xbf,0xdb,0x00,0xa0,0xbf,0x39,0x02,0xa0,0xbf,0x3b,0x01,0xa0,0xbf,
0xd9,0x00,0xa0,0xbf,0x11,0x15,0x1e,0x7e,0x08,0x15,0x24,0x7e,0x09,0x15,0x26,0x7e,
0x0a,0x15,0x28,0x7e,0x0b,0x15,0x2a,0x7e,0x0c,0x15,0x2c,0x7e,0x0d,0x15,0x2e,0x7e,
0x0e,0x15,0x30,0x7e,0x00,0x15,0x32,0x7e,0x01,0x15,0x34,0x7e,0x02,0x15,0x36,0x7e,
0x03,0x15,0x38,0x7e,0x04,0x15,0x3a,0x7e,0x05,0x15,0x3c,0x7e,0x06,0x15,0x3e,0x7e,
0x07,0x15,0x40,0x7e,0x0f,0x8f,0x1e,0x6a,0x12,0x8f,0x24,0x6a,0x13,0x8f,0x26,0x6a,
0x14,0x8f,0x28,0x6a,0x15,0x8f,0x2a,0x6a,0x16,0x8f,0x2c,0x6a,0x17,0x8f,0x2e,0x6a,
0x18,0x8f,0x30,0x6a,0x19,0x8f,0x32,0x6a,0x1a,0x8f,0x34,0x6a,0x1b,0x8f,0x36,0x6a,
0x1c,0x8f,0x38,0x6a,0x1d,0x8f,0x3a,0x6a,0x1e,0x8f,0x3c,0x6a,0x1f,0x8f,0x3e,0x6a,
0x20,0x8f,0x40,0x6a,0x0f,0x17,0x1e,0x7e,0x12,0x17,0x24,0x7e,0x13,0x17,0x26,0x7e,
0x14,0x17,0x28,0x7e,0x15,0x17,0x2a,0x7e,0x16,0x17,0x2c,0x7e,0x17,0x17,0x2e,0x7e,
0x18,0x17,0x30,0x7e,0x19,0x17,0x32,0x7e,0x1a,0x17,0x34,0x7e,0x1b,0x17,0x36,0x7e,
0x1c,0x17,0x38,0x7e,0x1d,0x17,0x3a,0x7e,0x1e,0x17,0x3c,0x7e,0x1f,0x17,0x3e,0x7e,
0x20,0x17,0x40,0x7e,0xff,0x1e,0xc6,0xc8,0xff,0x24,0x12,0x0f,0x3b,0xaa,0xb8,0x3f,
0xff,0x26,0xc6,0xc8,0xff,0x28,0x14,0x13,0x3b,0xaa,0xb8,0x3f,0xff,0x2a,0xc6,0xc8,
0xff,0x2c,0x16,0x15,0x3b,0xaa,0xb8,0x3f,0xff,0x2e,0xc6,0xc8,0xff,0x30,0x18,0x17,
0x3b,0xaa,0xb8,0x3f,0xff,0x32,0xc6,0xc8,0xff,0x34,0x1a,0x19,0x3b,0xaa,0xb8,0x3f,
0xff,0x36,0xc6,0xc8,0xff,0x38,0x1c,0x1b,0x3b,0xaa,0xb8,0x3f,0xff,0x3a,0xc6,0xc8,
0xff,0x3c,0x1e,0x1d,0x3b,0xaa,0xb8,0x3f,0xff,0x3e,0xc6,0xc8,0xff,0x40,0x20,0x1f,
0x3b,0xaa,0xb8,0x3f,0x0f,0x4b,0x1e,0x7e,0x12,0x4b,0x24,0x7e,0x13,0x4b,0x26,0x7e,
0x14,0x4b,0x28,0x7e,0x15,0x4b,0x2a,0x7e,0x16,0x4b,0x2c,0x7e,0x17,0x4b,0x2e,0x7e,
0x18,0x4b,0x30,0x7e,0x19,0x4b,0x32,0x7e,0x1a,0x4b,0x34,0x7e,0x1b,0x4b,0x36,0x7e,
0x1c,0x4b,0x38,0x7e,0x1d,0x4b,0x3a,0x7e,0x1e,0x4b,0x3c,0x7e,0x1f,0x4b,0x3e,0x7e,
0x20,0x4b,0x40,0x7e,0x0f,0x15,0x1e,0x7e,0x12,0x15,0x24,0x7e,0x13,0x15,0x26,0x7e,
0x14,0x15,0x28,0x7e,0x15,0x15,0x2a,0x7e,0x16,0x15,0x2c,0x7e,0x17,0x15,0x2e,0x7e,
0x18,0x15,0x30,0x7e,0x19,0x15,0x32,0x7e,0x1a,0x15,0x34,0x7e,0x1b,0x15,0x36,0x7e,
0x1c,0x15,0x38,0x7e,0x1d,0x15,0x3a,0x7e,0x1e,0x15,0x3c,0x7e,0x1f,0x15,0x3e,0x7e,
0x20,0x15,0x40,0x7e,0xf2,0x1e,0x1e,0x64,0xf2,0x24,0x24,0x64,0xf2,0x26,0x26,0x64,
0xf2,0x28,0x28,0x64,0xf2,0x2a,0x2a,0x64,0xf2,0x2c,0x2c,0x64,0xf2,0x2e,0x2e,0x64,
0xf2,0x30,0x30,0x64,0xf2,0x32,0x32,0x64,0xf2,0x34,0x34,0x64,0xf2,0x36,0x36,0x64,
0xf2,0x38,0x38,0x64,0xf2,0x3a,0x3a,0x64,0xf2,0x3c,0x3c,0x64,0xf2,0x3e,0x3e,0x64,
0xf2,0x40,0x40,0x64,0x0f,0x17,0x1e,0x7e,0x12,0x17,0x24,0x7e,0x13,0x17,0x26,0x7e,
0x14,0x17,0x28,0x7e,0x15,0x17,0x2a,0x7e,0x16,0x17,0x2c,0x7e,0x17,0x17,0x2e,0x7e,
0x18,0x17,0x30,0x7e,0x19,0x17,0x32,0x7e,0x1a,0x17,0x34,0x7e,0x1b,0x17,0x36,0x7e,
0x1c,0x17,0x38,0x7e,0x1d,0x17,0x3a,0x7e,0x1e,0x17,0x3c,0x7e,0x1f,0x17,0x3e,0x7e,
0x20,0x17,0x40,0x7e,0x0f,0x4f,0x1e,0x7e,0x12,0x4f,0x24,0x7e,0x13,0x4f,0x26,0x7e,
0x14,0x4f,0x28,0x7e,0x15,0x4f,0x2a,0x7e,0x16,0x4f,0x2c,0x7e,0x17,0x4f,0x2e,0x7e,
0x18,0x4f,0x30,0x7e,0x19,0x4f,0x32,0x7e,0x1a,0x4f,0x34,0x7e,0x1b,0x4f,0x36,0x7e,
0x1c,0x4f,0x38,0x7e,0x1d,0x4f,0x3a,0x7e,0x1e,0x4f,0x3c,0x7e,0x1f,0x4f,0x3e,0x7e,
0x20,0x4f,0x40,0x7e,0x0f,0x00,0x21,0xcc,0x0f,0x4f,0x00,0x02,0x12,0x00,0x21,0xcc,
0x12,0x4f,0x00,0x02,0x13,0x00,0x21,0xcc,0x13,0x4f,0x00,0x02,0x14,0x00,0x21,0xcc,
0x14,0x4f,0x00,0x02,0x15,0x00,0x21,0xcc,0x15,0x4f,0x00,0x02,0x16,0x00,0x21,0xcc,
0x16,0x4f,0x00,0x02,0x17,0x00,0x21,0xcc,0x17,0x4f,0x00,0x02,0x18,0x00,0x21,0xcc,
0x18,0x4f,0x00,0x02,0x19,0x00,0x21,0xcc,0x19,0x4f,0x00,0x02,0x1a,0x00,0x21,0xcc,
0x1a,0x4f,0x00,0x02,0x1b,0x00,0x21,0xcc,0x1b,0x4f,0x00,0x02,0x1c,0x00,0x21,0xcc,
0x1c,0x4f,0x00,0x02,0x1d,0x00,0x21,0xcc,0x1d,0x4f,0x00,0x02,0x1e,0x00,0x21,0xcc,
0x1e,0x4f,0x00,0x02,0x1f,0x00,0x21,0xcc,0x1f,0x4f,0x00,0x02,0x20,0x00,0x21,0xcc,
0x20,0x4f,0x00,0x02,0x0f,0x8d,0x1e,0x6a,0x12,0x8d,0x24,0x6a,0x13,0x8d,0x26,0x6a,
0x14,0x8d,0x28,0x6a,0x15,0x8d,0x42,0x6a,0x16,0x8d,0x44,0x6a,0x17,0x8d,0x46,0x6a,
0x18,0x8d,0x48,0x6a,0x19,0x8d,0x32,0x6a,0x1a,0x8d,0x34,0x6a,0x1b,0x8d,0x36,0x6a,
0x1c,0x8d,0x38,0x6a,0x1d,0x8d,0x4a,0x6a,0x1e,0x8d,0x4c,0x6a,0x1f,0x8d,0x4e,0x6a,
0x20,0x8d,0x50,0x6a,0x0f,0x17,0x30,0x7e,0x12,0x17,0x2e,0x7e,0x13,0x17,0x2c,0x7e,
0x14,0x17,0x2a,0x7e,0x21,0x17,0x28,0x7e,0x22,0x17,0x26,0x7e,0x23,0x17,0x24,0x7e,
0x24,0x17,0x1e,0x7e,0x19,0x17,0x40,0x7e,0x1a,0x17,0x3e,0x7e,0x1b,0x17,0x3c,0x7e,
0x1c,0x17,0x3a,0x7e,0x25,0x17,0x38,0x7e,0x26,0x17,0x34,0x7e,0x27,0x17,0x32,0x7e,
0x28,0x17,0x36,0x7e,0x60,0x00,0xa6,0xbf,0x11,0x15,0x1e,0x7e,0x08,0x15,0x24,0x7e,
0x09,0x15,0x26,0x7e,0x0a,0x15,0x28,0x7e,0x0b,0x15,0x2a,0x7e,0x0c,0x15,0x2c,0x7e,
0x0d,0x15,0x2e,0x7e,0x0e,0x15,0x30,0x7e,0x00,0x15,0x32,0x7e,0x01,0x15,0x34,0x7e,
0x02,0x15,0x36,0x7e,0x03,0x15,0x38,0x7e,0x04,0x15,0x3a,0x7e,0x05,0x15,0x3c,0x7e,
0x06,0x15,0x3e,0x7e,0x07,0x15,0x40,0x7e,0x21,0x01,0x32,0xd5,0x0f,0xe5,0x01,0x00,
0x22,0x01,0x32,0xd5,0x12,0xe5,0x01,0x00,0x23,0x01,0x32,0xd5,0x13,0xe5,0x01,0x00,
0x24,0x01,0x32,0xd5,0x14,0xe5,0x01,0x00,0x25,0x01,0x32,0xd5,0x15,0xe5,0x01,0x00,
0x26,0x01,0x32,0xd5,0x16,0xe5,0x01,0x00,0x27,0x01,0x32,0xd5,0x17,0xe5,0x01,0x00,
0x28,0x01,0x32,0xd5,0x18,0xe5,0x01,0x00,0x29,0x01,0x32,0xd5,0x19,0xe5,0x01,0x00,
0x2a,0x01,0x32,0xd5,0x1a,0xe5,0x01,0x00,0x2b,0x01,0x32,0xd5,0x1b,0xe5,0x01,0x00,
0x2c,0x01,0x32,0xd5,0x1c,0xe5,0x01,0x00,0x2d,0x01,0x32,0xd5,0x1d,0xe5,0x01,0x00,
0x2e,0x01,0x32,0xd5,0x1e,0xe5,0x01,0x00,0x2f,0x01,0x32,0xd5,0x1f,0xe5,0x01,0x00,
0x30,0x01,0x32,0xd5,0x20,0xe5,0x01,0x00,0x21,0xa9,0x42,0x7e,0x22,0xa9,0x44,0x7e,
0x23,0xa9,0x46,0x7e,0x24,0xa9,0x48,0x7e,0x25,0xa9,0x4a,0x7e,0x26,0xa9,0x4c,0x7e,
0x27,0xa9,0x4e,0x7e,0x28,0xa9,0x50,0x7e,0x29,0xa9,0x52,0x7e,0x2a,0xa9,0x54,0x7e,
0x2b,0xa9,0x56,0x7e,0x2c,0xa9,0x58,0x7e,0x2d,0xa9,0x5a,0x7e,0x2e,0xa9,0x5c,0x7e,
0x2f,0xa9,0x5e,0x7e,0x30,0xa9,0x60,0x7e,0x0f,0x43,0x1e,0x6a,0x12,0x45,0x24,0x6a,
0x13,0x47,0x26,0x6a,0x14,0x49,0x28,0x6a,0x15,0x4b,0x42,0x6a,0x16,0x4d,0x44,0x6a,
0x17,0x4f,0x46,0x6a,0x18,0x51,0x48,0x6a,0x19,0x53,0x32,0x6a,0x1a,0x55,0x34,0x6a,
0x1b,0x57,0x36,0x6a,0x1c,0x59,0x38,0x6a,0x1d,0x5b,0x4a,0x6a,0x1e,0x5d,0x4c,0x6a,
0x1f,0x5f,0x4e,0x6a,0x20,0x61,0x50,0x6a,0x0f,0x17,0x30,0x7e,0x12,0x17,0x2e,0x7e,
0x13,0x17,0x2c,0x7e,0x14,0x17,0x2a,0x7e,0x21,0x17,0x28,0x7e,0x22,0x17,0x26,0x7e,
0x23,0x17,0x24,0x7e,0x24,0x17,0x1e,0x7e,0x19,0x17,0x40,0x7e,0x1a,0x17,0x3e,0x7e,
0x1b,0x17,0x3c,0x7e,0x1c,0x17,0x3a,0x7e,0x25,0x17,0x38,0x7e,0x26,0x17,0x34,0x7e,
0x27,0x17,0x32,0x7e,0x28,0x17,0x36,0x7e,0xfc,0x00,0xa6,0xbf,0x1d,0x85,0x02,0xbf,
0x62,0x00,0xa1,0xbf,0x11,0x15,0x1e,0x7e,0x08,0x15,0x24,0x7e,0x09,0x15,0x26,0x7e,
0x0a,0x15,0x28,0x7e,0x0b,0x15,0x2a,0x7e,0x0c,0x15,0x2c,0x7e,0x0d,0x15,0x2e,0x7e,
0x0e,0x15,0x30,0x7e,0x00,0x15,0x32,0x7e,0x01,0x15,0x34,0x7e,0x02,0x15,0x36,0x7e,
0x03,0x15,0x38,0x7e,0x04,0x15,0x3a,0x7e,0x05,0x15,0x3c,0x7e,0x06,0x15,0x3e,0x7e,
0x07,0x15,0x40,0x7e,0x0f,0x00,0x48,0xd6,0x46,0x1f,0x1e,0x05,0x12,0x00,0x48,0xd6,
0x46,0x25,0x1e,0x05,0x13,0x00,0x48,0xd6,0x46,0x27,0x1e,0x05,0x14,0x00,0x48,0xd6,
0x46,0x29,0x1e,0x05,0x15,0x00,0x48,0xd6,0x46,0x2b,0x1e,0x05,0x16,0x00,0x48,0xd6,
0x46,0x2d,0x1e,0x05,0x17,0x00,0x48,0xd6,0x46,0x2f,0x1e,0x05,0x18,0x00,0x48,0xd6,
0x46,0x31,0x1e,0x05,0x19,0x00,0x48,0xd6,0x46,0x33,0x1e,0x05,0x1a,0x00,0x48,0xd6,
0x46,0x35,0x1e,0x05,0x1b,0x00,0x48,0xd6,0x46,0x37,0x1e,0x05,0x1c,0x00,0x48,0xd6,
0x46,0x39,0x1e,0x05,0x1d,0x00,0x48,0xd6,0x46,0x3b,0x1e,0x05,0x1e,0x00,0x48,0xd6,
0x46,0x3d,0x1e,0x05,0x1f,0x00,0x48,0xd6,0x46,0x3f,0x1e,0x05,0x20,0x00,0x48,0xd6,
0x46,0x41,0x1e,0x05,0x0f,0x00,0x61,0xd6,0x0f,0xe5,0x01,0x02,0x12,0x00,0x61,0xd6,
0x12,0xe5,0x01,0x02,0x13,0x00,0x61,0xd6,0x13,0xe5,0x01,0x02,0x14,0x00,0x61,0xd6,
0x14,0xe5,0x01,0x02,0x21,0x00,0x61,0xd6,0x15,0xe5,0x01,0x02,0x22,0x00,0x61,0xd6,
0x16,0xe5,0x01,0x02,0x23,0x00,0x61,0xd6,0x17,0xe5,0x01,0x02,0x24,0x00,0x61,0xd6,
0x18,0xe5,0x01,0x02,0x19,0x00,0x61,0xd6,0x19,0xe5,0x01,0x02,0x1a,0x00,0x61,0xd6,
0x1a,0xe5,0x01,0x02,0x1b,0x00,0x61,0xd6,0x1b,0xe5,0x01,0x02,0x1c,0x00,0x61,0xd6,
0x1c,0xe5,0x01,0x02,0x25,0x00,0x61,0xd6,0x1d,0xe5,0x01,0x02,0x26,0x00,0x61,0xd6,
0x1e,0xe5,0x01,0x02,0x27,0x00,0x61,0xd6,0x1f,0xe5,0x01,0x02,0x28,0x00,0x61,0xd6,
0x20,0xe5,0x01,0x02,0x0f,0x17,0x30,0x7e,0x12,0x17,0x2e,0x7e,0x13,0x17,0x2c,0x7e,
0x14,0x17,0x2a,0x7e,0x21,0x17,0x28,0x7e,0x22,0x17,0x26,0x7e,0x23,0x17,0x24,0x7e,
0x24,0x17,0x1e,0x7e,0x19,0x17,0x40,0x7e,0x1a,0x17,0x3e,0x7e,0x1b,0x17,0x3c,0x7e,
0x1c,0x17,0x3a,0x7e,0x25,0x17,0x38,0x7e,0x26,0x17,0x34,0x7e,0x27,0x17,0x32,0x7e,
0x28,0x17,0x36,0x7e,0x01,0x00,0xa5,0xbf,0x98,0x00,0xa0,0xbf,0x0f,0x00,0x8a,0xd5,
0x11,0x01,0x00,0x20,0x12,0x00,0x8a,0xd5,0x08,0x01,0x00,0x20,0x13,0x00,0x8a,0xd5,
0x09,0x01,0x00,0x20,0x14,0x00,0x8a,0xd5,0x0a,0x01,0x00,0x20,0x15,0x00,0x8a,0xd5,
0x0b,0x01,0x00,0x20,0x16,0x00,0x8a,0xd5,0x0c,0x01,0x00,0x20,0x17,0x00,0x8a,0xd5,
0x0d,0x01,0x00,0x20,0x18,0x00,0x8a,0xd5,0x0e,0x01,0x00,0x20,0x19,0x00,0x8a,0xd5,
0x00,0x01,0x00,0x20,0x1a,0x00,0x8a,0xd5,0x01,0x01,0x00,0x20,0x1b,0x00,0x8a,0xd5,
0x02,0x01,0x00,0x20,0x1c,0x00,0x8a,0xd5,0x03,0x01,0x00,0x20,0x1d,0x00,0x8a,0xd5,
0x04,0x01,0x00,0x20,0x1e,0x00,0x8a,0xd5,0x05,0x01,0x00,0x20,0x1f,0x00,0x8a,0xd5,
0x06,0x01,0x00,0x20,0x20,0x00,0x8a,0xd5,0x07,0x01,0x00,0x20,0x0f,0x17,0x1e,0x7e,
0x12,0x17,0x24,0x7e,0x13,0x17,0x26,0x7e,0x14,0x17,0x28,0x7e,0x15,0x17,0x2a,0x7e,
0x16,0x17,0x2c,0x7e,0x17,0x17,0x2e,0x7e,0x18,0x17,0x30,0x7e,0x19,0x17,0x32,0x7e,
0x1a,0x17,0x34,0x7e,0x1b,0x17,0x36,0x7e,0x1c,0x17,0x38,0x7e,0x1d,0x17,0x3a,0x7e,
0x1e,0x17,0x3c,0x7e,0x1f,0x17,0x3e,0x7e,0x20,0x17,0x40,0x7e,0xff,0x1e,0xc6,0xc8,
0xff,0x24,0x12,0x0f,0x3b,0xaa,0xb8,0x3f,0xff,0x26,0xc6,0xc8,0xff,0x28,0x14,0x13,
0x3b,0xaa,0xb8,0x3f,0xff,0x2a,0xc6,0xc8,0xff,0x2c,0x16,0x15,0x3b,0xaa,0xb8,0x3f,
0xff,0x2e,0xc6,0xc8,0xff,0x30,0x18,0x17,0x3b,0xaa,0xb8,0x3f,0xff,0x32,0xc6,0xc8,
0xff,0x34,0x1a,0x19,0x3b,0xaa,0xb8,0x3f,0xff,0x36,0xc6,0xc8,0xff,0x38,0x1c,0x1b,
0x3b,0xaa,0xb8,0x3f,0xff,0x3a,0xc6,0xc8,0xff,0x3c,0x1e,0x1d,0x3b,0xaa,0xb8,0x3f,
0xff,0x3e,0xc6,0xc8,0xff,0x40,0x20,0x1f,0x3b,0xaa,0xb8,0x3f,0x0f,0x4b,0x1e,0x7e,
0x12,0x4b,0x24,0x7e,0x13,0x4b,0x26,0x7e,0x14,0x4b,0x28,0x7e,0x15,0x4b,0x2a,0x7e,
0x16,0x4b,0x2c,0x7e,0x17,0x4b,0x2e,0x7e,0x18,0x4b,0x30,0x7e,0x19,0x4b,0x32,0x7e,
0x1a,0x4b,0x34,0x7e,0x1b,0x4b,0x36,0x7e,0x1c,0x4b,0x38,0x7e,0x1d,0x4b,0x3a,0x7e,
0x1e,0x4b,0x3c,0x7e,0x1f,0x4b,0x3e,0x7e,0x20,0x4b,0x40,0x7e,0x0f,0x15,0x1e,0x7e,
0x12,0x15,0x24,0x7e,0x13,0x15,0x26,0x7e,0x14,0x15,0x28,0x7e,0x15,0x15,0x2a,0x7e,
0x16,0x15,0x2c,0x7e,0x17,0x15,0x2e,0x7e,0x18,0x15,0x30,0x7e,0x19,0x15,0x32,0x7e,
0x1a,0x15,0x34,0x7e,0x1b,0x15,0x36,0x7e,0x1c,0x15,0x38,0x7e,0x1d,0x15,0x3a,0x7e,
0x1e,0x15,0x3c,0x7e,0x1f,0x15,0x3e,0x7e,0x20,0x15,0x40,0x7e,0xf2,0x1e,0x1e,0x64,
0xf2,0x24,0x24,0x64,0xf2,0x26,0x26,0x64,0xf2,0x28,0x28,0x64,0xf2,0x2a,0x2a,0x64,
0xf2,0x2c,0x2c,0x64,0xf2,0x2e,0x2e,0x64,0xf2,0x30,0x30,0x64,0xf2,0x32,0x32,0x64,
0xf2,0x34,0x34,0x64,0xf2,0x36,0x36,0x64,0xf2,0x38,0x38,0x64,0xf2,0x3a,0x3a,0x64,
0xf2,0x3c,0x3c,0x64,0xf2,0x3e,0x3e,0x64,0xf2,0x40,0x40,0x64,0x0f,0xa9,0x1e,0x7e,
0x12,0xa9,0x24,0x7e,0x13,0xa9,0x26,0x7e,0x14,0xa9,0x28,0x7e,0x15,0xa9,0x42,0x7e,
0x16,0xa9,0x44,0x7e,0x17,0xa9,0x46,0x7e,0x18,0xa9,0x48,0x7e,0x19,0xa9,0x32,0x7e,
0x1a,0xa9,0x34,0x7e,0x1b,0xa9,0x36,0x7e,0x1c,0xa9,0x38,0x7e,0x1d,0xa9,0x4a,0x7e,
0x1e,0xa9,0x4c,0x7e,0x1f,0xa9,0x4e,0x7e,0x20,0xa9,0x50,0x7e,0x0f,0x17,0x30,0x7e,
0x12,0x17,0x2e,0x7e,0x13,0x17,0x2c,0x7e,0x14,0x17,0x2a,0x7e,0x21,0x17,0x28,0x7e,
0x22,0x17,0x26,0x7e,0x23,0x17,0x24,0x7e,0x24,0x17,0x1e,0x7e,0x19,0x17,0x40,0x7e,
0x1a,0x17,0x3e,0x7e,0x1b,0x17,0x3c,0x7e,0x1c,0x17,0x3a,0x7e,0x25,0x17,0x38,0x7e,
0x26,0x17,0x34,0x7e,0x27,0x17,0x32,0x7e,0x28,0x17,0x36,0x7e,0xbe,0x02,0xa6,0xbf,
0x1d,0x83,0x04,0xbf,0x44,0x00,0xa2,0xbf,0x1d,0x83,0x02,0xbf,0x43,0x00,0xa1,0xbf,
0x11,0x15,0x1e,0x7e,0x08,0x15,0x24,0x7e,0x09,0x15,0x26,0x7e,0x0a,0x15,0x28,0x7e,
0x0b,0x15,0x2a,0x7e,0x0c,0x15,0x2c,0x7e,0x0d,0x15,0x2e,0x7e,0x0e,0x15,0x30,0x7e,
0x00,0x15,0x32,0x7e,0x01,0x15,0x34,0x7e,0x02,0x15,0x36,0x7e,0x03,0x15,0x38,0x7e,
0x04,0x15,0x3a,0x7e,0x05,0x15,0x3c,0x7e,0x06,0x15,0x3e,0x7e,0x07,0x15,0x40,0x7e,
0x0f,0x00,0x48,0xd6,0x0f,0x8d,0x1e,0x05,0x12,0x00,0x48,0xd6,0x12,0x8d,0x1e,0x05,
0x13,0x00,0x48,0xd6,0x13,0x8d,0x1e,0x05,0x14,0x00,0x48,0xd6,0x14,0x8d,0x1e,0x05,
0x21,0x00,0x48,0xd6,0x15,0x8d,0x1e,0x05,0x22,0x00,0x48,0xd6,0x16,0x8d,0x1e,0x05,
0x23,0x00,0x48,0xd6,0x17,0x8d,0x1e,0x05,0x24,0x00,0x48,0xd6,0x18,0x8d,0x1e,0x05,
0x19,0x00,0x48,0xd6,0x19,0x8d,0x1e,0x05,0x1a,0x00,0x48,0xd6,0x1a,0x8d,0x1e,0x05,
0x1b,0x00,0x48,0xd6,0x1b,0x8d,0x1e,0x05,0x1c,0x00,0x48,0xd6,0x1c,0x8d,0x1e,0x05,
0x25,0x00,0x48,0xd6,0x1d,0x8d,0x1e,0x05,0x26,0x00,0x48,0xd6,0x1e,0x8d,0x1e,0x05,
0x27,0x00,0x48,0xd6,0x1f,0x8d,0x1e,0x05,0x28,0x00,0x48,0xd6,0x20,0x8d,0x1e,0x05,
0x0f,0x17,0x30,0x7e,0x12,0x17,0x2e,0x7e,0x13,0x17,0x2c,0x7e,0x14,0x17,0x2a,0x7e,
0x21,0x17,0x28,0x7e,0x22,0x17,0x26,0x7e,0x23,0x17,0x24,0x7e,0x24,0x17,0x1e,0x7e,
0x19,0x17,0x40,0x7e,0x1a,0x17,0x3e,0x7e,0x1b,0x17,0x3c,0x7e,0x1c,0x17,0x3a,0x7e,
0x25,0x17,0x38,0x7e,0x26,0x17,0x34,0x7e,0x27,0x17,0x32,0x7e,0x28,0x17,0x36,0x7e,
0x02,0x00,0xa5,0xbf,0xc7,0x00,0xa0,0xbf,0xc7,0x00,0xa0,0xbf,0x11,0x15,0x1e,0x7e,
0x08,0x15,0x24,0x7e,0x09,0x15,0x26,0x7e,0x0a,0x15,0x28,0x7e,0x0b,0x15,0x2a,0x7e,
0x0c,0x15,0x2c,0x7e,0x0d,0x15,0x2e,0x7e,0x0e,0x15,0x30,0x7e,0x00,0x15,0x32,0x7e,
0x01,0x15,0x34,0x7e,0x02,0x15,0x36,0x7e,0x03,0x15,0x38,0x7e,0x04,0x15,0x3a,0x7e,
0x05,0x15,0x3c,0x7e,0x06,0x15,0x3e,0x7e,0x07,0x15,0x40,0x7e,0x0f,0x17,0x42,0x7e,
0x12,0x17,0x44,0x7e,0x13,0x17,0x46,0x7e,0x14,0x17,0x48,0x7e,0x15,0x17,0x4a,0x7e,
0x16,0x17,0x4c,0x7e,0x17,0x17,0x4e,0x7e,0x18,0x17,0x50,0x7e,0x19,0x17,0x52,0x7e,
0x1a,0x17,0x54,0x7e,0x1b,0x17,0x56,0x7e,0x1c,0x17,0x58,0x7e,0x1d,0x17,0x5a,0x7e,
0x1e,0x17,0x5c,0x7e,0x1f,0x17,0x5e,0x7e,0x20,0x17,0x60,0x7e,0xff,0x42,0xc6,0xc8,
0xff,0x44,0x22,0x21,0x3b,0xaa,0xb8,0x3f,0xff,0x46,0xc6,0xc8,0xff,0x48,0x24,0x23,
0x3b,0xaa,0xb8,0x3f,0xff,0x4a,0xc6,0xc8,0xff,0x4c,0x26,0x25,0x3b,0xaa,0xb8,0x3f,
0xff,0x4e,0xc6,0xc8,0xff,0x50,0x28,0x27,0x3b,0xaa,0xb8,0x3f,0xff,0x52,0xc6,0xc8,
0xff,0x54,0x2a,0x29,0x3b,0xaa,0xb8,0x3f,0xff,0x56,0xc6,0xc8,0xff,0x58,0x2c,0x2b,
0x3b,0xaa,0xb8,0x3f,0xff,0x5a,0xc6,0xc8,0xff,0x5c,0x2e,0x2d,0x3b,0xaa,0xb8,0x3f,
0xff,0x5e,0xc6,0xc8,0xff,0x60,0x30,0x2f,0x3b,0xaa,0xb8,0x3f,0x21,0x4b,0x42,0x7e,
0x22,0x4b,0x44,0x7e,0x23,0x4b,0x46,0x7e,0x24,0x4b,0x48,0x7e,0x25,0x4b,0x4a,0x7e,
0x26,0x4b,0x4c,0x7e,0x27,0x4b,0x4e,0x7e,0x28,0x4b,0x50,0x7e,0x29,0x4b,0x52,0x7e,
0x2a,0x4b,0x54,0x7e,0x2b,0x4b,0x56,0x7e,0x2c,0x4b,0x58,0x7e,0x2d,0x4b,0x5a,0x7e,
0x2e,0x4b,0x5c,0x7e,0x2f,0x4b,0x5e,0x7e,0x30,0x4b,0x60,0x7e,0x21,0x15,0x42,0x7e,
0x22,0x15,0x44,0x7e,0x23,0x15,0x46,0x7e,0x24,0x15,0x48,0x7e,0x25,0x15,0x4a,0x7e,
0x26,0x15,0x4c,0x7e,0x27,0x15,0x4e,0x7e,0x28,0x15,0x50,0x7e,0x29,0x15,0x52,0x7e,
0x2a,0x15,0x54,0x7e,0x2b,0x15,0x56,0x7e,0x2c,0x15,0x58,0x7e,0x2d,0x15,0x5a,0x7e,
0x2e,0x15,0x5c,0x7e,0x2f,0x15,0x5e,0x7e,0x30,0x15,0x60,0x7e,0x80,0x1e,0x08,0x7c,
0x00,0x00,0x04,0xd4,0x80,0x24,0x02,0x00,0x01,0x00,0x04,0xd4,0x80,0x26,0x02,0x00,
0x03,0x00,0x04,0xd4,0x80,0x28,0x02,0x00,0x04,0x00,0x04,0xd4,0x80,0x2a,0x02,0x00,
0x05,0x00,0x04,0xd4,0x80,0x2c,0x02,0x00,0x06,0x00,0x04,0xd4,0x80,0x2e,0x02,0x00,
0x07,0x00,0x04,0xd4,0x80,0x30,0x02,0x00,0x08,0x00,0x04,0xd4,0x80,0x32,0x02,0x00,
0x09,0x00,0x04,0xd4,0x80,0x34,0x02,0x00,0x0a,0x00,0x04,0xd4,0x80,0x36,0x02,0x00,
0x0b,0x00,0x04,0xd4,0x80,0x38,0x02,0x00,0x0c,0x00,0x04,0xd4,0x80,0x3a,0x02,0x00,
0x0f,0x00,0x04,0xd4,0x80,0x3c,0x02,0x00,0x10,0x00,0x04,0xd4,0x80,0x3e,0x02,0x00,
0x11,0x00,0x04,0xd4,0x80,0x40,0x02,0x00,0x21,0x00,0x48,0xd6,0x21,0x8d,0x1a,0x85,
0x22,0x00,0x48,0xd6,0x22,0x8d,0x1a,0x85,0x23,0x00,0x48,0xd6,0x23,0x8d,0x1a,0x85,
0x24,0x00,0x48,0xd6,0x24,0x8d,0x1a,0x85,0x25,0x00,0x48,0xd6,0x25,0x8d,0x1a,0x85,
0x26,0x00,0x48,0xd6,0x26,0x8d,0x1a,0x85,0x27,0x00,0x48,0xd6,0x27,0x8d,0x1a,0x85,
0x28,0x00,0x48,0xd6,0x28,0x8d,0x1a,0x85,0x29,0x00,0x48,0xd6,0x29,0x8d,0x1a,0x85,
0x2a,0x00,0x48,0xd6,0x2a,0x8d,0x1a,0x85,0x2b,0x00,0x48,0xd6,0x2b,0x8d,0x1a,0x85,
0x2c,0x00,0x48,0xd6,0x2c,0x8d,0x1a,0x85,0x2d,0x00,0x48,0xd6,0x2d,0x8d,0x1a,0x85,
0x2e,0x00,0x48,0xd6,0x2e,0x8d,0x1a,0x85,0x2f,0x00,0x48,0xd6,0x2f,0x8d,0x1a,0x85,
0x30,0x00,0x48,0xd6,0x30,0x8d,0x1a,0x85,0x0f,0x43,0x1e,0x02,0x12,0x00,0x01,0xd5,
0x12,0x45,0x02,0x00,0x13,0x00,0x01,0xd5,0x13,0x47,0x06,0x00,0x14,0x00,0x01,0xd5,
0x14,0x49,0x0e,0x00,0x21,0x00,0x01,0xd5,0x15,0x4b,0x12,0x00,0x22,0x00,0x01,0xd5,
0x16,0x4d,0x16,0x00,0x23,0x00,0x01,0xd5,0x17,0x4f,0x1a,0x00,0x24,0x00,0x01,0xd5,
0x18,0x51,0x1e,0x00,0x19,0x00,0x01,0xd5,0x19,0x53,0x22,0x00,0x1a,0x00,0x01,0xd5,
0x1a,0x55,0x26,0x00,0x1b,0x00,0x01,0xd5,0x1b,0x57,0x2a,0x00,0x1c,0x00,0x01,0xd5,
0x1c,0x59,0x2e,0x00,0x25,0x00,0x01,0xd5,0x1d,0x5b,0x32,0x00,0x26,0x00,0x01,0xd5,
0x1e,0x5d,0x3e,0x00,0x27,0x00,0x01,0xd5,0x1f,0x5f,0x42,0x00,0x28,0x00,0x01,0xd5,
0x20,0x61,0x46,0x00,0x0f,0x17,0x30,0x7e,0x12,0x17,0x2e,0x7e,0x13,0x17,0x2c,0x7e,
0x14,0x17,0x2a,0x7e,0x21,0x17,0x28,0x7e,0x22,0x17,0x26,0x7e,0x23,0x17,0x24,0x7e,
0x24,0x17,0x1e,0x7e,0x19,0x17,0x40,0x7e,0x1a,0x17,0x3e,0x7e,0x1b,0x17,0x3c,0x7e,
0x1c,0x17,0x3a,0x7e,0x25,0x17,0x38,0x7e,0x26,0x17,0x34,0x7e,0x27,0x17,0x32,0x7e,
0x28,0x17,0x36,0x7e,0xb0,0x01,0xa6,0xbf,0x1d,0x81,0x02,0xbf,0xf8,0x00,0xa1,0xbf,
0x11,0x15,0x1e,0x7e,0x08,0x15,0x24,0x7e,0x09,0x15,0x26,0x7e,0x0a,0x15,0x28,0x7e,
0x0b,0x15,0x2a,0x7e,0x0c,0x15,0x2c,0x7e,0x0d,0x15,0x2e,0x7e,0x0e,0x15,0x30,0x7e,
0x00,0x15,0x32,0x7e,0x01,0x15,0x34,0x7e,0x02,0x15,0x36,0x7e,0x03,0x15,0x38,0x7e,
0x04,0x15,0x3a,0x7e,0x05,0x15,0x3c,0x7e,0x06,0x15,0x3e,0x7e,0x07,0x15,0x40,0x7e,
0x80,0x1e,0x08,0x7c,0x0f,0x17,0x42,0x7e,0x12,0x17,0x44,0x7e,0x13,0x17,0x46,0x7e,
0x14,0x17,0x48,0x7e,0x15,0x17,0x4a,0x7e,0x16,0x17,0x4c,0x7e,0x17,0x17,0x4e,0x7e,
0x18,0x17,0x50,0x7e,0x19,0x17,0x52,0x7e,0x1a,0x17,0x54,0x7e,0x1b,0x17,0x56,0x7e,
0x1c,0x17,0x58,0x7e,0x1d,0x17,0x5a,0x7e,0x1e,0x17,0x5c,0x7e,0x1f,0x17,0x5e,0x7e,
0x20,0x17,0x60,0x7e,0xff,0x42,0xc6,0xc8,0xff,0x44,0x22,0x21,0x3b,0xaa,0xb8,0x3f,
0x0f,0x8f,0x46,0xca,0xff,0x48,0x24,0x0f,0x3b,0xaa,0xb8,0x3f,0xff,0x46,0xc6,0xc8,
0xff,0x4c,0x26,0x23,0x3b,0xaa,0xb8,0x3f,0xff,0x4a,0xc6,0xc8,0xff,0x50,0x28,0x25,
0x3b,0xaa,0xb8,0x3f,0xff,0x4e,0xc6,0xc8,0xff,0x54,0x2a,0x27,0x3b,0xaa,0xb8,0x3f,
0xff,0x52,0xc6,0xc8,0xff,0x58,0x2c,0x29,0x3b,0xaa,0xb8,0x3f,0xff,0x56,0xc6,0xc8,
0xff,0x5c,0x2e,0x2b,0x3b,0xaa,0xb8,0x3f,0xff,0x5a,0xc6,0xc8,0xff,0x60,0x30,0x2d,
0x3b,0xaa,0xb8,0x3f,0xff,0x5e,0x5e,0x10,0x3b,0xaa,0xb8,0x3f,0x21,0x4b,0x42,0x7e,
0x22,0x4b,0x44,0x7e,0x23,0x4b,0x46,0x7e,0x24,0x4b,0x48,0x7e,0x25,0x4b,0x4a,0x7e,
0x26,0x4b,0x4c,0x7e,0x27,0x4b,0x4e,0x7e,0x28,0x4b,0x50,0x7e,0x29,0x4b,0x52,0x7e,
0x2a,0x4b,0x54,0x7e,0x2b,0x4b,0x56,0x7e,0x2c,0x4b,0x58,0x7e,0x2d,0x4b,0x5a,0x7e,
0x2e,0x4b,0x5c,0x7e,0x2f,0x4b,0x5e,0x7e,0x30,0x4b,0x60,0x7e,0x21,0x15,0x42,0x7e,
0x22,0x15,0x44,0x7e,0x23,0x15,0x46,0x7e,0x24,0x15,0x48,0x7e,0x25,0x15,0x4a,0x7e,
0x26,0x15,0x4c,0x7e,0x27,0x15,0x4e,0x7e,0x28,0x15,0x50,0x7e,0x29,0x15,0x52,0x7e,
0x2a,0x15,0x54,0x7e,0x2b,0x15,0x56,0x7e,0x2c,0x15,0x58,0x7e,0x2d,0x15,0x5a,0x7e,
0x2e,0x15,0x5c,0x7e,0x2f,0x15,0x5e,0x7e,0x30,0x15,0x60,0x7e,0x00,0x00,0x04,0xd4,
0x80,0x24,0x02,0x00,0x01,0x00,0x04,0xd4,0x80,0x26,0x02,0x00,0x03,0x00,0x04,0xd4,
0x80,0x28,0x02,0x00,0x04,0x00,0x04,0xd4,0x80,0x2a,0x02,0x00,0x05,0x00,0x04,0xd4,
0x80,0x2c,0x02,0x00,0x06,0x00,0x04,0xd4,0x80,0x2e,0x02,0x00,0x07,0x00,0x04,0xd4,
0x80,0x30,0x02,0x00,0x08,0x00,0x04,0xd4,0x80,0x32,0x02,0x00,0x09,0x00,0x04,0xd4,
0x80,0x34,0x02,0x00,0x0a,0x00,0x04,0xd4,0x80,0x36,0x02,0x00,0x0b,0x00,0x04,0xd4,
0x80,0x38,0x02,0x00,0x0c,0x00,0x04,0xd4,0x80,0x3a,0x02,0x00,0x0f,0x00,0x04,0xd4,
0x80,0x3c,0x02,0x00,0x10,0x00,0x04,0xd4,0x80,0x3e,0x02,0x00,0x11,0x00,0x04,0xd4,
0x80,0x40,0x02,0x00,0x21,0x00,0x48,0xd6,0x21,0x8d,0x1a,0x85,0x22,0x00,0x48,0xd6,
0x22,0x8d,0x1a,0x85,0x23,0x00,0x48,0xd6,0x23,0x8d,0x1a,0x85,0x24,0x00,0x48,0xd6,
0x24,0x8d,0x1a,0x85,0x25,0x00,0x48,0xd6,0x25,0x8d,0x1a,0x85,0x26,0x00,0x48,0xd6,
0x26,0x8d,0x1a,0x85,0x27,0x00,0x48,0xd6,0x27,0x8d,0x1a,0x85,0x28,0x00,0x48,0xd6,
0x28,0x8d,0x1a,0x85,0x29,0x00,0x48,0xd6,0x29,0x8d,0x1a,0x85,0x2a,0x00,0x48,0xd6,
0x2a,0x8d,0x1a,0x85,0x2b,0x00,0x48,0xd6,0x2b,0x8d,0x1a,0x85,0x2c,0x00,0x48,0xd6,
0x2c,0x8d,0x1a,0x85,0x2d,0x00,0x48,0xd6,0x2d,0x8d,0x1a,0x85,0x2e,0x00,0x48,0xd6,
0x2e,0x8d,0x1a,0x85,0x2f,0x00,0x48,0xd6,0x2f,0x8d,0x1a,0x85,0x30,0x00,0x48,0xd6,
0x30,0x8d,0x1a,0x85,0x12,0x00,0x01,0xd5,0x12,0x8f,0x02,0x00,0x13,0x00,0x01,0xd5,
0x13,0x8f,0x06,0x00,0x14,0x00,0x01,0xd5,0x14,0x8f,0x0e,0x00,0x15,0x00,0x01,0xd5,
0x15,0x8f,0x12,0x00,0x16,0x00,0x01,0xd5,0x16,0x8f,0x16,0x00,0x17,0x00,0x01,0xd5,
0x17,0x8f,0x1a,0x00,0x18,0x00,0x01,0xd5,0x18,0x8f,0x1e,0x00,0x19,0x00,0x01,0xd5,
0x19,0x8f,0x22,0x00,0x1a,0x00,0x01,0xd5,0x1a,0x8f,0x26,0x00,0x1b,0x00,0x01,0xd5,
0x1b,0x8f,0x2a,0x00,0x1c,0x00,0x01,0xd5,0x1c,0x8f,0x2e,0x00,0x1d,0x00,0x01,0xd5,
0x1d,0x8f,0x32,0x00,0x1e,0x00,0x01,0xd5,0x1e,0x8f,0x3e,0x00,0x1f,0x00,0x01,0xd5,
0x1f,0x8f,0x42,0x00,0x20,0x00,0x01,0xd5,0x20,0x8f,0x46,0x00,0x47,0x43,0x42,0x02,
0x22,0x00,0x01,0xd5,0x47,0x45,0x02,0x00,0x23,0x00,0x01,0xd5,0x47,0x47,0x06,0x00,
0x24,0x00,0x01,0xd5,0x47,0x49,0x0e,0x00,0x25,0x00,0x01,0xd5,0x47,0x4b,0x12,0x00,
0x26,0x00,0x01,0xd5,0x47,0x4d,0x16,0x00,0x27,0x00,0x01,0xd5,0x47,0x4f,0x1a,0x00,
0x28,0x00,0x01,0xd5,0x47,0x51,0x1e,0x00,0x29,0x00,0x01,0xd5,0x47,0x53,0x22,0x00,
0x2a,0x00,0x01,0xd5,0x47,0x55,0x26,0x00,0x2b,0x00,0x01,0xd5,0x47,0x57,0x2a,0x00,
0x2c,0x00,0x01,0xd5,0x47,0x59,0x2e,0x00,0x2d,0x00,0x01,0xd5,0x47,0x5b,0x32,0x00,
0x2e,0x00,0x01,0xd5,0x47,0x5d,0x3e,0x00,0x2f,0x00,0x01,0xd5,0x47,0x5f,0x42,0x00,
0x30,0x00,0x01,0xd5,0x47,0x61,0x46,0x00,0x21,0x1f,0x1e,0x6a,0x22,0x25,0x24,0x6a,
0x23,0x27,0x26,0x6a,0x24,0x29,0x28,0x6a,0x25,0x2b,0x42,0x6a,0x26,0x2d,0x44,0x6a,
0x27,0x2f,0x46,0x6a,0x28,0x31,0x48,0x6a,0x29,0x33,0x32,0x6a,0x2a,0x35,0x34,0x6a,
0x2b,0x37,0x36,0x6a,0x2c,0x39,0x38,0x6a,0x2d,0x3b,0x4a,0x6a,0x2e,0x3d,0x4c,0x6a,
0x2f,0x3f,0x4e,0x6a,0x30,0x41,0x50,0x6a,0x0f,0x17,0x30,0x7e,0x12,0x17,0x2e,0x7e,
0x13,0x17,0x2c,0x7e,0x14,0x17,0x2a,0x7e,0x21,0x17,0x28,0x7e,0x22,0x17,0x26,0x7e,
0x23,0x17,0x24,0x7e,0x24,0x17,0x1e,0x7e,0x19,0x17,0x40,0x7e,0x1a,0x17,0x3e,0x7e,
0x1b,0x17,0x3c,0x7e,0x1c,0x17,0x3a,0x7e,0x25,0x17,0x38,0x7e,0x26,0x17,0x34,0x7e,
0x27,0x17,0x32,0x7e,0x28,0x17,0x36,0x7e,0x01,0x00,0xa5,0xbf,0xb6,0x00,0xa0,0xbf,
0x1d,0x81,0x07,0xbf,0xa4,0x00,0xa2,0xbf,0x11,0x15,0x3c,0x7e,0x08,0x15,0x40,0x7e,
0x09,0x15,0x3e,0x7e,0x0a,0x15,0x3a,0x7e,0x0b,0x15,0x38,0x7e,0x0c,0x15,0x36,0x7e,
0x0d,0x15,0x34,0x7e,0x0e,0x15,0x32,0x7e,0x00,0x15,0x30,0x7e,0x01,0x15,0x2e,0x7e,
0x02,0x15,0x2c,0x7e,0x03,0x15,0x2a,0x7e,0x04,0x15,0x28,0x7e,0x05,0x15,0x26,0x7e,
0x06,0x15,0x24,0x7e,0x07,0x15,0x1e,0x7e,0x7e,0x45,0x6a,0x8b,0x72,0x00,0xa3,0xbf,
0x47,0x3d,0x0c,0x7c,0x00,0x00,0x06,0xd4,0x47,0x41,0x02,0x00,0x01,0x00,0x06,0xd4,
0x47,0x3f,0x02,0x00,0x03,0x00,0x06,0xd4,0x47,0x3b,0x02,0x00,0x04,0x00,0x06,0xd4,
0x47,0x39,0x02,0x00,0x05,0x00,0x06,0xd4,0x47,0x37,0x02,0x00,0x06,0x00,0x06,0xd4,
0x47,0x35,0x02,0x00,0x07,0x00,0x06,0xd4,0x47,0x33,0x02,0x00,0x08,0x00,0x06,0xd4,
0x47,0x31,0x02,0x00,0x09,0x00,0x06,0xd4,0x47,0x2f,0x02,0x00,0x0a,0x00,0x06,0xd4,
0x47,0x2d,0x02,0x00,0x0b,0x00,0x06,0xd4,0x47,0x2b,0x02,0x00,0x0c,0x00,0x06,0xd4,
0x47,0x29,0x02,0x00,0x0f,0x00,0x06,0xd4,0x47,0x27,0x02,0x00,0x10,0x00,0x06,0xd4,
0x47,0x25,0x02,0x00,0x11,0x00,0x06,0xd4,0x47,0x1f,0x02,0x00,0xff,0x8c,0x00,0x02,
0x00,0x3c,0x00,0x00,0x01,0x00,0x01,0xd5,0xff,0x8c,0x02,0x00,0x00,0x3c,0x00,0x00,
0x02,0x00,0x01,0xd5,0xff,0x8c,0x06,0x00,0x00,0x3c,0x00,0x00,0x03,0x00,0x01,0xd5,
0xff,0x8c,0x0e,0x00,0x00,0x3c,0x00,0x00,0x04,0x00,0x01,0xd5,0xff,0x8c,0x12,0x00,
0x00,0x3c,0x00,0x00,0x05,0x00,0x01,0xd5,0xff,0x8c,0x16,0x00,0x00,0x3c,0x00,0x00,
0x06,0x00,0x01,0xd5,0xff,0x8c,0x1a,0x00,0x00,0x3c,0x00,0x00,0x07,0x00,0x01,0xd5,
0xff,0x8c,0x1e,0x00,0x00,0x3c,0x00,0x00,0x08,0x00,0x01,0xd5,0xff,0x8c,0x22,0x00,
0x00,0x3c,0x00,0x00,0x09,0x00,0x01,0xd5,0xff,0x8c,0x26,0x00,0x00,0x3c,0x00,0x00,
0x0a,0x00,0x01,0xd5,0xff,0x8c,0x2a,0x00,0x00,0x3c,0x00,0x00,0x0b,0x00,0x01,0xd5,
0xff,0x8c,0x2e,0x00,0x00,0x3c,0x00,0x00,0x0c,0x00,0x01,0xd5,0xff,0x8c,0x32,0x00,
0x00,0x3c,0x00,0x00,0x0d,0x00,0x01,0xd5,0xff,0x8c,0x3e,0x00,0x00,0x3c,0x00,0x00,
0x0e,0x00,0x01,0xd5,0xff,0x8c,0x42,0x00,0x00,0x3c,0x00,0x00,0x11,0x00,0x01,0xd5,
0xff,0x8c,0x46,0x00,0x00,0x3c,0x00,0x00,0x00,0x3d,0x00,0x6a,0x01,0x41,0x02,0x6a,
0x02,0x3f,0x04,0x6a,0x03,0x3b,0x06,0x6a,0x04,0x39,0x08,0x6a,0x05,0x37,0x0a,0x6a,
0x06,0x35,0x0c,0x6a,0x07,0x33,0x0e,0x6a,0x08,0x31,0x42,0x6a,0x09,0x2f,0x44,0x6a,
0x0a,0x2d,0x46,0x6a,0x0b,0x2b,0x48,0x6a,0x0c,0x29,0x4a,0x6a,0x0d,0x27,0x4c,0x6a,
0x0e,0x25,0x4e,0x6a,0x11,0x1f,0x50,0x6a,0x00,0x17,0x22,0x7e,0x01,0x17,0x10,0x7e,
0x02,0x17,0x12,0x7e,0x03,0x17,0x14,0x7e,0x04,0x17,0x16,0x7e,0x05,0x17,0x18,0x7e,
0x06,0x17,0x1a,0x7e,0x07,0x17,0x1c,0x7e,0x21,0x17,0x00,0x7e,0x22,0x17,0x02,0x7e,
0x23,0x17,0x04,0x7e,0x24,0x17,0x06,0x7e,0x25,0x17,0x08,0x7e,0x26,0x17,0x0a,0x7e,
0x27,0x17,0x0c,0x7e,0x28,0x17,0x0e,0x7e,0x03,0x00,0xa5,0xbf,0x22,0x00,0xa0,0xbf,
0x3c,0xfb,0xa5,0xbf,0x13,0xfc,0xa0,0xbf,0x80,0x3c,0x00,0x72,0x80,0x40,0x02,0x72,
0x80,0x3e,0x04,0x72,0x80,0x3a,0x06,0x72,0x80,0x38,0x08,0x72,0x80,0x36,0x0a,0x72,
0x80,0x34,0x0c,0x72,0x80,0x32,0x0e,0x72,0x80,0x30,0x30,0x72,0x80,0x2e,0x2e,0x72,
0x80,0x2c,0x2c,0x72,0x80,0x2a,0x2a,0x72,0x80,0x28,0x28,0x72,0x80,0x26,0x26,0x72,
0x80,0x24,0x24,0x72,0x80,0x1e,0x1e,0x72,0x00,0x17,0x22,0x7e,0x01,0x17,0x10,0x7e,
0x02,0x17,0x12,0x7e,0x03,0x17,0x14,0x7e,0x04,0x17,0x16,0x7e,0x05,0x17,0x18,0x7e,
0x06,0x17,0x1a,0x7e,0x07,0x17,0x1c,0x7e,0x18,0x17,0x00,0x7e,0x17,0x17,0x02,0x7e,
0x16,0x17,0x04,0x7e,0x15,0x17,0x06,0x7e,0x14,0x17,0x08,0x7e,0x13,0x17,0x0a,0x7e,
0x12,0x17,0x0c,0x7e,0x0f,0x17,0x0e,0x7e,0x0e,0x01,0x10,0xca,0x0d,0x01,0x12,0x0f,
0x0c,0x01,0x10,0xca,0x0b,0x01,0x14,0x13,0x0a,0x01,0x10,0xca,0x09,0x01,0x16,0x15,
0x08,0x01,0x10,0xca,0x11,0x01,0x18,0x17,0x07,0x01,0x10,0xca,0x05,0x01,0x1a,0x1b,
0x06,0x01,0x10,0xca,0x04,0x01,0x1c,0x19,0x03,0x01,0x10,0xca,0x02,0x01,0x1e,0x1d,
0x01,0x01,0x10,0xca,0x00,0x01,0x20,0x1f,0x8f,0x7e,0x92,0x7c,0x13,0x15,0x04,0x7e,
0x12,0x15,0x00,0x7e,0x18,0x15,0x18,0x7e,0x17,0x15,0x14,0x7e,0x01,0x00,0x01,0xd5,
0x80,0x02,0xa9,0x01,0x16,0x15,0x0c,0x7e,0x15,0x15,0x08,0x7e,0x14,0x15,0x06,0x7e,
0x1f,0x15,0x1c,0x7e,0x16,0x02,0x26,0x38,0x0f,0x15,0x02,0x7e,0x20,0x15,0x1e,0x7e,
0x1e,0x15,0x1a,0x7e,0x1d,0x15,0x16,0x7e,0x12,0x00,0x2c,0xd7,0x13,0x4b,0x00,0x00,
0x1c,0x15,0x12,0x7e,0x1a,0x15,0x0e,0x7e,0x19,0x15,0x10,0x7e,0x1b,0x15,0x0a,0x7e,
0x7e,0x14,0x6a,0x91,0xc1,0x00,0x8a,0xbe,0x12,0x21,0x22,0x4a,0xb8,0x00,0xa4,0xbf,
0x82,0x26,0x2a,0x38,0x24,0x26,0x98,0x7c,0x00,0x00,0x4c,0xd4,0x25,0x20,0x02,0x00,
0x90,0x20,0x28,0x38,0x84,0x26,0x2c,0x38,0x86,0x26,0x2e,0x38,0x88,0x26,0x30,0x38,
0x8a,0x26,0x32,0x38,0x8c,0x26,0x34,0x38,0x8e,0x26,0x26,0x38,0x1b,0x00,0x2c,0xd7,
0x15,0x4b,0x00,0x00,0x00,0x6a,0x0b,0x8b,0x01,0x00,0x4c,0xd4,0x25,0x28,0x02,0x00,
0x03,0x00,0x4c,0xd4,0x24,0x2a,0x02,0x00,0x09,0x00,0x4c,0xd4,0x24,0x26,0x02,0x00,
0x13,0x00,0x01,0xd5,0xff,0x00,0x2d,0x00,0x00,0x00,0x00,0x80,0x04,0x00,0x4c,0xd4,
0x24,0x2c,0x02,0x00,0x6a,0x01,0x0b,0x8b,0x00,0x03,0x0c,0x8b,0x01,0x03,0x03,0x8b,
0x12,0x29,0x24,0x4a,0x05,0x00,0x4c,0xd4,0x24,0x2e,0x02,0x00,0x13,0x00,0x46,0xd6,
0x11,0x03,0x4d,0x04,0x15,0x00,0x01,0xd5,0xff,0x00,0x2d,0x00,0x00,0x00,0x00,0x80,
0x16,0x00,0x01,0xd5,0xff,0x00,0x31,0x00,0x00,0x00,0x00,0x80,0x17,0x00,0x01,0xd5,
0xff,0x00,0x0d,0x00,0x00,0x00,0x00,0x80,0x1b,0x21,0x4a,0x4a,0x1b,0x29,0x4c,0x4a,
0x38,0x36,0x36,0x4a,0x00,0x04,0x0f,0x8b,0x01,0x04,0x04,0x8b,0x06,0x00,0x4c,0xd4,
0x24,0x30,0x02,0x00,0x07,0x00,0x4c,0xd4,0x24,0x32,0x02,0x00,0x18,0x00,0x01,0xd5,
0xff,0x00,0x3d,0x00,0x00,0x00,0x00,0x80,0x19,0x00,0x01,0xd5,0xff,0x00,0x11,0x00,
0x00,0x00,0x00,0x80,0x00,0x00,0x64,0xe0,0x13,0x0c,0x4d,0x80,0x12,0x00,0x46,0xd6,
0x12,0x03,0x55,0x04,0x13,0x00,0x46,0xd6,0x25,0x03,0x59,0x04,0x15,0x00,0x46,0xd6,
0x26,0x03,0x5d,0x04,0x1b,0x21,0x2c,0x4a,0x1b,0x29,0x2e,0x4a,0x38,0x36,0x36,0x4a,
0x00,0x05,0x10,0x8b,0x01,0x05,0x05,0x8b,0x08,0x00,0x4c,0xd4,0x24,0x34,0x02,0x00,
0x1a,0x00,0x01,0xd5,0xff,0x00,0x41,0x00,0x00,0x00,0x00,0x80,0x1c,0x00,0x01,0xd5,
0xff,0x00,0x15,0x00,0x00,0x00,0x00,0x80,0x02,0x00,0x85,0xbf,0x00,0x00,0x64,0xe0,
0x12,0x0f,0x4d,0x80,0x00,0x00,0x64,0xe0,0x13,0x0a,0x4d,0x80,0x00,0x00,0x64,0xe0,
0x15,0x0e,0x4d,0x80,0x12,0x00,0x46,0xd6,0x16,0x03,0x61,0x04,0x13,0x00,0x46,0xd6,
0x17,0x03,0x65,0x04,0x1b,0x21,0x2a,0x4a,0x1b,0x29,0x2c,0x4a,0x38,0x36,0x2e,0x4a,
0x00,0x06,0x11,0x8b,0x01,0x06,0x06,0x8b,0x1d,0x00,0x01,0xd5,0xff,0x00,0x45,0x00,
0x00,0x00,0x00,0x80,0x01,0x00,0x85,0xbf,0x00,0x00,0x64,0xe0,0x12,0x06,0x4d,0x80,
0x00,0x00,0x64,0xe0,0x13,0x0d,0x4d,0x80,0x12,0x00,0x46,0xd6,0x15,0x03,0x69,0x04,
0x13,0x00,0x46,0xd6,0x16,0x03,0x71,0x04,0x17,0x21,0x2a,0x4a,0x17,0x29,0x2c,0x4a,
0x38,0x2e,0x2e,0x4a,0x1e,0x00,0x01,0xd5,0xff,0x00,0x19,0x00,0x00,0x00,0x00,0x80,
0x01,0x00,0x85,0xbf,0x00,0x00,0x64,0xe0,0x12,0x04,0x4d,0x80,0x00,0x00,0x64,0xe0,
0x13,0x0b,0x4d,0x80,0x12,0x00,0x46,0xd6,0x15,0x03,0x75,0x04,0x00,0x07,0x14,0x8b,
0x38,0x2e,0x2a,0x4a,0x01,0x07,0x07,0x8b,0x13,0x00,0x46,0xd6,0x16,0x03,0x79,0x04,
0x1f,0x00,0x01,0xd5,0xff,0x00,0x51,0x00,0x00,0x00,0x00,0x80,0x20,0x00,0x01,0xd5,
0xff,0x00,0x1d,0x00,0x00,0x00,0x00,0x80,0x17,0x21,0x2c,0x4a,0x17,0x29,0x2e,0x4a,
0x01,0x00,0x85,0xbf,0x00,0x00,0x64,0xe0,0x12,0x03,0x4d,0x80,0x00,0x00,0x64,0xe0,
0x13,0x09,0x4d,0x80,0x38,0x2a,0x24,0x4a,0x00,0x08,0x16,0x8b,0x01,0x08,0x08,0x8b,
0x00,0x09,0x00,0x8b,0x21,0x00,0x01,0xd5,0xff,0x00,0x59,0x00,0x00,0x00,0x00,0x80,
0x13,0x00,0x46,0xd6,0x16,0x03,0x7d,0x04,0x16,0x00,0x46,0xd6,0x17,0x03,0x81,0x04,
0x15,0x21,0x2e,0x4a,0x01,0x09,0x01,0x8b,0x22,0x00,0x01,0xd5,0xff,0x00,0x21,0x00,
0x00,0x00,0x00,0x80,0x15,0x29,0x2a,0x4a,0x23,0x00,0x01,0xd5,0xff,0x00,0x01,0x00,
0x00,0x00,0x00,0x80,0x12,0x21,0x20,0x4a,0x24,0x00,0x01,0xd5,0xff,0x00,0x05,0x00,
0x00,0x00,0x00,0x80,0x12,0x29,0x24,0x4a,0x00,0x00,0x64,0xe0,0x13,0x02,0x4d,0x80,
0x13,0x00,0x46,0xd6,0x17,0x03,0x85,0x04,0x14,0x00,0x46,0xd6,0x15,0x03,0x89,0x04,
0x80,0x00,0x8a,0xbe,0x10,0x00,0x46,0xd6,0x10,0x03,0x8d,0x04,0x12,0x00,0x46,0xd6,
0x12,0x03,0x91,0x04,0x04,0x00,0x85,0xbf,0x00,0x00,0x64,0xe0,0x16,0x07,0x4d,0x80,
0x00,0x00,0x64,0xe0,0x13,0x00,0x4d,0x80,0x00,0x00,0x64,0xe0,0x14,0x08,0x4d,0x80,
0x00,0x00,0x64,0xe0,0x10,0x01,0x4d,0x80,0x00,0x00,0x64,0xe0,0x12,0x05,0x4d,0x80,
0x7e,0x0a,0x6a,0x91,0x10,0xf1,0xa4,0xbf,0x21,0x01,0x87,0xbf,0x38,0x22,0x20,0x4a,
0x81,0x22,0x22,0x30,0x38,0x20,0x24,0x4a,0x81,0x20,0x20,0x30,0x03,0x00,0x85,0xbf,
0x00,0x00,0x64,0xe0,0x11,0x0c,0x4d,0x80,0x20,0x00,0x64,0xe0,0x11,0x0f,0x4d,0x80,
0x00,0x00,0x64,0xe0,0x10,0x0a,0x4d,0x80,0x20,0x00,0x64,0xe0,0x10,0x0e,0x4d,0x80,
0x38,0x24,0x26,0x4a,0x81,0x24,0x1e,0x30,0x01,0x00,0x85,0xbf,0x00,0x00,0x64,0xe0,
0x0f,0x06,0x4d,0x80,0x20,0x00,0x64,0xe0,0x0f,0x0d,0x4d,0x80,0x38,0x26,0x18,0x4a,
0x81,0x26,0x1c,0x30,0x01,0x00,0x85,0xbf,0x00,0x00,0x64,0xe0,0x0e,0x04,0x4d,0x80,
0x20,0x00,0x64,0xe0,0x0e,0x0b,0x4d,0x80,0x38,0x18,0x14,0x4a,0x81,0x18,0x0c,0x30,
0x02,0x00,0x87,0xbf,0x38,0x14,0x18,0x4a,0x81,0x14,0x08,0x30,0x01,0x00,0x85,0xbf,
0x00,0x00,0x64,0xe0,0x06,0x03,0x4d,0x80,0x20,0x00,0x64,0xe0,0x06,0x09,0x4d,0x80,
0x81,0x18,0x06,0x30,0x06,0x00,0x47,0xd6,0x0c,0x71,0x04,0x02,0x05,0x00,0x85,0xbf,
0x00,0x00,0x64,0xe0,0x04,0x02,0x4d,0x80,0x20,0x00,0x64,0xe0,0x04,0x07,0x4d,0x80,
0x00,0x00,0x64,0xe0,0x03,0x00,0x4d,0x80,0x20,0x00,0x64,0xe0,0x03,0x08,0x4d,0x80,
0x00,0x00,0x64,0xe0,0x06,0x01,0x4d,0x80,0x20,0x00,0x64,0xe0,0x06,0x05,0x4d,0x80,
0xd9,0xf0,0xa0,0xbf,0x00,0x00,0x80,0xbf,0x03,0x00,0xb6,0xbf,0x00,0x00,0xb0,0xbf,
0x00,0x00,0x9f,0xbf,0x00,0x00,0x9f,0xbf,0x00,0x00,0x9f,0xbf,0x00,0x00,0x9f,0xbf,
0x00,0x00,0x9f,0xbf,0x00,0x00,0x9f,0xbf,0x00,0x00,0x9f,0xbf,0x00,0x00,0x9f,0xbf,
0x00,0x00,0x9f,0xbf,0x00,0x00,0x9f,0xbf,0x00,0x00,0x9f,0xbf,0x00,0x00,0x9f,0xbf,
0x00,0x00,0x9f,0xbf,0x00,0x00,0x9f,0xbf,0x00,0x00,0x9f,0xbf,0x00,0x00,0x9f,0xbf,
0x00,0x00,0x9f,0xbf,0x00,0x00,0x9f,0xbf,0x00,0x00,0x9f,0xbf,0x00,0x00,0x9f,0xbf,
0x00,0x00,0x9f,0xbf,0x00,0x00,0x9f,0xbf,0x00,0x00,0x9f,0xbf,0x00,0x00,0x9f,0xbf,
0x00,0x00,0x9f,0xbf,0x00,0x00,0x9f,0xbf,0x00,0x00,0x9f,0xbf,0x00,0x00,0x9f,0xbf,
0x00,0x00,0x9f,0xbf,0x00,0x00,0x9f,0xbf,0x00,0x00,0x9f,0xbf,0x00,0x00,0x9f,0xbf,
0x00,0x00,0x9f,0xbf,0x00,0x00,0x9f,0xbf,0x00,0x00,0x9f,0xbf,0x00,0x00,0x9f,0xbf,
0x00,0x00,0x9f,0xbf,0x00,0x00,0x9f,0xbf,0x00,0x00,0x9f,0xbf,0x00,0x00,0x9f,0xbf,
0x00,0x00,0x9f,0xbf,0x00,0x00,0x9f,0xbf,0x00,0x00,0x9f,0xbf,0x00,0x00,0x9f,0xbf,
0x00,0x00,0x9f,0xbf,0x00,0x00,0x9f,0xbf,0x00,0x00,0x9f,0xbf,0x00,0x00,0x9f,0xbf,
0x00,0x00,0x9f,0xbf,0x00,0x00,0x9f,0xbf,0x00,0x00,0x9f,0xbf,0x00,0x00,0x9f,0xbf,
0x00,0x00,0x9f,0xbf,0x00,0x00,0x9f,0xbf,0x00,0x00,0x9f,0xbf,0x00,0x00,0x9f,0xbf,
0x00,0x00,0x9f,0xbf,0x00,0x00,0x9f,0xbf,0x00,0x00,0x9f,0xbf,0x00,0x00,0x9f,0xbf,
0x00,0x00,0x9f,0xbf,0x00,0x00,0x9f,0xbf,0x00,0x00,0x9f,0xbf,0x00,0x00,0x9f,0xbf,
0x00,0x00,0x9f,0xbf,0x00,0x00,0x9f,0xbf,0x00,0x00,0x9f,0xbf,0x00,0x00,0x9f,0xbf,
0x00,0x00,0x9f,0xbf,0x00,0x00,0x9f,0xbf,0x00,0x00,0x9f,0xbf,0x00,0x00,0x9f,0xbf,
0x00,0x00,0x9f,0xbf,0x00,0x00,0x9f,0xbf,0x00,0x00,0x9f,0xbf,0x00,0x00,0x9f,0xbf,
0x00,0x00,0x9f,0xbf,0x00,0x00,0x9f,0xbf,0x00,0x00,0x9f,0xbf,0x00,0x00,0x9f,0xbf,
0x00,0x00,0x9f,0xbf,0x00,0x00,0x9f,0xbf,0x00,0x00,0x9f,0xbf,0x00,0x00,0x9f,0xbf,
0x00,0x00,0x9f,0xbf,0x00,0x00,0x9f,0xbf,0x00,0x00,0x9f,0xbf,0x00,0x00,0x9f,0xbf,
0x00,0x00,0x9f,0xbf,0x00,0x00,0x9f,0xbf,0x00,0x00,0x9f,0xbf,0x00,0x00,0x9f,0xbf,
0x00,0x00,0x9f,0xbf,0x00,0x00,0x9f,0xbf,0x00,0x00,0x9f,0xbf,0x00,0x00,0x9f,0xbf,
0x00,0x00,0x9f,0xbf,0x00,0x00,0x9f,0xbf,0x00,0x00,0x9f,0xbf,0x00,0x00,0x9f,0xbf,
0x00,0x00,0x9f,0xbf,0x00,0x00,0x9f,0xbf,0x00,0x00,0x9f,0xbf,0x00,0x00,0x9f,0xbf,
0x18,0x24,0x00,0x00,0x00,0x00,0x00,0x00,0x58,0x01,0x00,0x00,0x00,0x00,0x00,0x00,
0x00,0x00,0x00,0x00,0x00,0x00,0x00,0x00,0x00,0x00,0x00,0x00,0x00,0x00,0x00,0x00,
0x00,0x00,0x00,0x00,0x00,0x00,0x00,0x00,0x00,0x00,0x00,0x00,0x00,0x00,0x00,0x00,
0x0f,0x00,0xaf,0x40,0x9a,0x0b,0x00,0x00,0x08,0x04,0x00,0x00,0x00,0x00,0x00,0x00,
0x00,0x63,0x6c,0x61,0x6e,0x67,0x20,0x76,0x65,0x72,0x73,0x69,0x6f,0x6e,0x20,0x31,
0x39,0x2e,0x30,0x2e,0x30,0x67,0x69,0x74,0x00,0x00,0x00,0x00,0x07,0x00,0x00,0x00,
0xd6,0x07,0x00,0x00,0x20,0x00,0x00,0x00,0x41,0x4d,0x44,0x47,0x50,0x55,0x00,0x00,
0x83,0xae,0x61,0x6d,0x64,0x68,0x73,0x61,0x2e,0x6b,0x65,0x72,0x6e,0x65,0x6c,0x73,
0x91,0xde,0x00,0x12,0xa5,0x2e,0x61,0x72,0x67,0x73,0xdc,0x00,0x1e,0x83,0xa7,0x2e,
0x6f,0x66,0x66,0x73,0x65,0x74,0x00,0xa5,0x2e,0x73,0x69,0x7a,0x65,0x04,0xab,0x2e,
0x76,0x61,0x6c,0x75,0x65,0x5f,0x6b,0x69,0x6e,0x64,0xa8,0x62,0x79,0x5f,0x76,0x61,
0x6c,0x75,0x65,0x83,0xa7,0x2e,0x6f,0x66,0x66,0x73,0x65,0x74,0x04,0xa5,0x2e,0x73,
0x69,0x7a,0x65,0x04,0xab,0x2e,0x76,0x61,0x6c,0x75,0x65,0x5f,0x6b,0x69,0x6e,0x64,
0xa8,0x62,0x79,0x5f,0x76,0x61,0x6c,0x75,0x65,0x83,0xa7,0x2e,0x6f,0x66,0x66,0x73,
0x65,0x74,0x08,0xa5,0x2e,0x73,0x69,0x7a,0x65,0x04,0xab,0x2e,0x76,0x61,0x6c,0x75,
0x65,0x5f,0x6b,0x69,0x6e,0x64,0xa8,0x62,0x79,0x5f,0x76,0x61,0x6c,0x75,0x65,0x85,
0xae,0x2e,0x61,0x63,0x74,0x75,0x61,0x6c,0x5f,0x61,0x63,0x63,0x65,0x73,0x73,0xa9,
0x72,0x65,0x61,0x64,0x5f,0x6f,0x6e,0x6c,0x79,0xae,0x2e,0x61,0x64,0x64,0x72,0x65,
0x73,0x73,0x5f,0x73,0x70,0x61,0x63,0x65,0xa6,0x67,0x6c,0x6f,0x62,0x61,0x6c,0xa7,
0x2e,0x6f,0x66,0x66,0x73,0x65,0x74,0x10,0xa5,0x2e,0x73,0x69,0x7a,0x65,0x08,0xab,
0x2e,0x76,0x61,0x6c,0x75,0x65,0x5f,0x6b,0x69,0x6e,0x64,0xad,0x67,0x6c,0x6f,0x62,
0x61,0x6c,0x5f,0x62,0x75,0x66,0x66,0x65,0x72,0x85,0xae,0x2e,0x61,0x63,0x74,0x75,
0x61,0x6c,0x5f,0x61,0x63,0x63,0x65,0x73,0x73,0xa9,0x72,0x65,0x61,0x64,0x5f,0x6f,
0x6e,0x6c,0x79,0xae,0x2e,0x61,0x64,0x64,0x72,0x65,0x73,0x73,0x5f,0x73,0x70,0x61,
0x63,0x65,0xa6,0x67,0x6c,0x6f,0x62,0x61,0x6c,0xa7,0x2e,0x6f,0x66,0x66,0x73,0x65,
0x74,0x18,0xa5,0x2e,0x73,0x69,0x7a,0x65,0x08,0xab,0x2e,0x76,0x61,0x6c,0x75,0x65,
0x5f,0x6b,0x69,0x6e,0x64,0xad,0x67,0x6c,0x6f,0x62,0x61,0x6c,0x5f,0x62,0x75,0x66,
0x66,0x65,0x72,0x85,0xae,0x2e,0x61,0x63,0x74,0x75,0x61,0x6c,0x5f,0x61,0x63,0x63,
0x65,0x73,0x73,0xa9,0x72,0x65,0x61,0x64,0x5f,0x6f,0x6e,0x6c,0x79,0xae,0x2e,0x61,
0x64,0x64,0x72,0x65,0x73,0x73,0x5f,0x73,0x70,0x61,0x63,0x65,0xa6,0x67,0x6c,0x6f,
0x62,0x61,0x6c,0xa7,0x2e,0x6f,0x66,0x66,0x73,0x65,0x74,0x20,0xa5,0x2e,0x73,0x69,
0x7a,0x65,0x08,0xab,0x2e,0x76,0x61,0x6c,0x75,0x65,0x5f,0x6b,0x69,0x6e,0x64,0xad,
0x67,0x6c,0x6f,0x62,0x61,0x6c,0x5f,0x62,0x75,0x66,0x66,0x65,0x72,0x84,0xae,0x2e,
0x61,0x64,0x64,0x72,0x65,0x73,0x73,0x5f,0x73,0x70,0x61,0x63,0x65,0xa6,0x67,0x6c,
0x6f,0x62,0x61,0x6c,0xa7,0x2e,0x6f,0x66,0x66,0x73,0x65,0x74,0x28,0xa5,0x2e,0x73,
0x69,0x7a,0x65,0x08,0xab,0x2e,0x76,0x61,0x6c,0x75,0x65,0x5f,0x6b,0x69,0x6e,0x64,
0xad,0x67,0x6c,0x6f,0x62,0x61,0x6c,0x5f,0x62,0x75,0x66,0x66,0x65,0x72,0x83,0xa7,
0x2e,0x6f,0x66,0x66,0x73,0x65,0x74,0x30,0xa5,0x2e,0x73,0x69,0x7a,0x65,0x04,0xab,
0x2e,0x76,0x61,0x6c,0x75,0x65,0x5f,0x6b,0x69,0x6e,0x64,0xa8,0x62,0x79,0x5f,0x76,
0x61,0x6c,0x75,0x65,0x83,0xa7,0x2e,0x6f,0x66,0x66,0x73,0x65,0x74,0x34,0xa5,0x2e,
0x73,0x69,0x7a,0x65,0x04,0xab,0x2e,0x76,0x61,0x6c,0x75,0x65,0x5f,0x6b,0x69,0x6e,
0x64,0xa8,0x62,0x79,0x5f,0x76,0x61,0x6c,0x75,0x65,0x83,0xa7,0x2e,0x6f,0x66,0x66,
0x73,0x65,0x74,0x38,0xa5,0x2e,0x73,0x69,0x7a,0x65,0x04,0xab,0x2e,0x76,0x61,0x6c,
0x75,0x65,0x5f,0x6b,0x69,0x6e,0x64,0xa8,0x62,0x79,0x5f,0x76,0x61,0x6c,0x75,0x65,
0x83,0xa7,0x2e,0x6f,0x66,0x66,0x73,0x65,0x74,0x3c,0xa5,0x2e,0x73,0x69,0x7a,0x65,
0x04,0xab,0x2e,0x76,0x61,0x6c,0x75,0x65,0x5f,0x6b,0x69,0x6e,0x64,0xa8,0x62,0x79,
0x5f,0x76,0x61,0x6c,0x75,0x65,0x83,0xa7,0x2e,0x6f,0x66,0x66,0x73,0x65,0x74,0x40,
0xa5,0x2e,0x73,0x69,0x7a,0x65,0x04,0xab,0x2e,0x76,0x61,0x6c,0x75,0x65,0x5f,0x6b,
0x69,0x6e,0x64,0xa8,0x62,0x79,0x5f,0x76,0x61,0x6c,0x75,0x65,0x83,0xa7,0x2e,0x6f,
0x66,0x66,0x73,0x65,0x74,0x44,0xa5,0x2e,0x73,0x69,0x7a,0x65,0x04,0xab,0x2e,0x76,
0x61,0x6c,0x75,0x65,0x5f,0x6b,0x69,0x6e,0x64,0xa8,0x62,0x79,0x5f,0x76,0x61,0x6c,
0x75,0x65,0x83,0xa7,0x2e,0x6f,0x66,0x66,0x73,0x65,0x74,0x48,0xa5,0x2e,0x73,0x69,
0x7a,0x65,0x04,0xab,0x2e,0x76,0x61,0x6c,0x75,0x65,0x5f,0x6b,0x69,0x6e,0x64,0xa8,
0x62,0x79,0x5f,0x76,0x61,0x6c,0x75,0x65,0x83,0xa7,0x2e,0x6f,0x66,0x66,0x73,0x65,
0x74,0x4c,0xa5,0x2e,0x73,0x69,0x7a,0x65,0x04,0xab,0x2e,0x76,0x61,0x6c,0x75,0x65,
0x5f,0x6b,0x69,0x6e,0x64,0xa8,0x62,0x79,0x5f,0x76,0x61,0x6c,0x75,0x65,0x83,0xa7,
0x2e,0x6f,0x66,0x66,0x73,0x65,0x74,0x50,0xa5,0x2e,0x73,0x69,0x7a,0x65,0x01,0xab,
0x2e,0x76,0x61,0x6c,0x75,0x65,0x5f,0x6b,0x69,0x6e,0x64,0xa8,0x62,0x79,0x5f,0x76,
0x61,0x6c,0x75,0x65,0x83,0xa7,0x2e,0x6f,0x66,0x66,0x73,0x65,0x74,0x51,0xa5,0x2e,
0x73,0x69,0x7a,0x65,0x01,0xab,0x2e,0x76,0x61,0x6c,0x75,0x65,0x5f,0x6b,0x69,0x6e,
0x64,0xa8,0x62,0x79,0x5f,0x76,0x61,0x6c,0x75,0x65,0x83,0xa7,0x2e,0x6f,0x66,0x66,
0x73,0x65,0x74,0x58,0xa5,0x2e,0x73,0x69,0x7a,0x65,0x04,0xab,0x2e,0x76,0x61,0x6c,
0x75,0x65,0x5f,0x6b,0x69,0x6e,0x64,0xb4,0x68,0x69,0x64,0x64,0x65,0x6e,0x5f,0x62,
0x6c,0x6f,0x63,0x6b,0x5f,0x63,0x6f,0x75,0x6e,0x74,0x5f,0x78,0x83,0xa7,0x2e,0x6f,
0x66,0x66,0x73,0x65,0x74,0x5c,0xa5,0x2e,0x73,0x69,0x7a,0x65,0x04,0xab,0x2e,0x76,
0x61,0x6c,0x75,0x65,0x5f,0x6b,0x69,0x6e,0x64,0xb4,0x68,0x69,0x64,0x64,0x65,0x6e,
0x5f,0x62,0x6c,0x6f,0x63,0x6b,0x5f,0x63,0x6f,0x75,0x6e,0x74,0x5f,0x79,0x83,0xa7,
0x2e,0x6f,0x66,0x66,0x73,0x65,0x74,0x60,0xa5,0x2e,0x73,0x69,0x7a,0x65,0x04,0xab,
0x2e,0x76,0x61,0x6c,0x75,0x65,0x5f,0x6b,0x69,0x6e,0x64,0xb4,0x68,0x69,0x64,0x64,
0x65,0x6e,0x5f,0x62,0x6c,0x6f,0x63,0x6b,0x5f,0x63,0x6f,0x75,0x6e,0x74,0x5f,0x7a,
0x83,0xa7,0x2e,0x6f,0x66,0x66,0x73,0x65,0x74,0x64,0xa5,0x2e,0x73,0x69,0x7a,0x65,
0x02,0xab,0x2e,0x76,0x61,0x6c,0x75,0x65,0x5f,0x6b,0x69,0x6e,0x64,0xb3,0x68,0x69,
0x64,0x64,0x65,0x6e,0x5f,0x67,0x72,0x6f,0x75,0x70,0x5f,0x73,0x69,0x7a,0x65,0x5f,
0x78,0x83,0xa7,0x2e,0x6f,0x66,0x66,0x73,0x65,0x74,0x66,0xa5,0x2e,0x73,0x69,0x7a,
0x65,0x02,0xab,0x2e,0x76,0x61,0x6c,0x75,0x65,0x5f,0x6b,0x69,0x6e,0x64,0xb3,0x68,
0x69,0x64,0x64,0x65,0x6e,0x5f,0x67,0x72,0x6f,0x75,0x70,0x5f,0x73,0x69,0x7a,0x65,
0x5f,0x79,0x83,0xa7,0x2e,0x6f,0x66,0x66,0x73,0x65,0x74,0x68,0xa5,0x2e,0x73,0x69,
0x7a,0x65,0x02,0xab,0x2e,0x76,0x61,0x6c,0x75,0x65,0x5f,0x6b,0x69,0x6e,0x64,0xb3,
0x68,0x69,0x64,0x64,0x65,0x6e,0x5f,0x67,0x72,0x6f,0x75,0x70,0x5f,0x73,0x69,0x7a,
0x65,0x5f,0x7a,0x83,0xa7,0x2e,0x6f,0x66,0x66,0x73,0x65,0x74,0x6a,0xa5,0x2e,0x73,
0x69,0x7a,0x65,0x02,0xab,0x2e,0x76,0x61,0x6c,0x75,0x65,0x5f,0x6b,0x69,0x6e,0x64,
0xb2,0x68,0x69,0x64,0x64,0x65,0x6e,0x5f,0x72,0x65,0x6d,0x61,0x69,0x6e,0x64,0x65,
0x72,0x5f,0x78,0x83,0xa7,0x2e,0x6f,0x66,0x66,0x73,0x65,0x74,0x6c,0xa5,0x2e,0x73,
0x69,0x7a,0x65,0x02,0xab,0x2e,0x76,0x61,0x6c,0x75,0x65,0x5f,0x6b,0x69,0x6e,0x64,
0xb2,0x68,0x69,0x64,0x64,0x65,0x6e,0x5f,0x72,0x65,0x6d,0x61,0x69,0x6e,0x64,0x65,
0x72,0x5f,0x79,0x83,0xa7,0x2e,0x6f,0x66,0x66,0x73,0x65,0x74,0x6e,0xa5,0x2e,0x73,
0x69,0x7a,0x65,0x02,0xab,0x2e,0x76,0x61,0x6c,0x75,0x65,0x5f,0x6b,0x69,0x6e,0x64,
0xb2,0x68,0x69,0x64,0x64,0x65,0x6e,0x5f,0x72,0x65,0x6d,0x61,0x69,0x6e,0x64,0x65,
0x72,0x5f,0x7a,0x83,0xa7,0x2e,0x6f,0x66,0x66,0x73,0x65,0x74,0xcc,0x80,0xa5,0x2e,
0x73,0x69,0x7a,0x65,0x08,0xab,0x2e,0x76,0x61,0x6c,0x75,0x65,0x5f,0x6b,0x69,0x6e,
0x64,0xb6,0x68,0x69,0x64,0x64,0x65,0x6e,0x5f,0x67,0x6c,0x6f,0x62,0x61,0x6c,0x5f,
0x6f,0x66,0x66,0x73,0x65,0x74,0x5f,0x78,0x83,0xa7,0x2e,0x6f,0x66,0x66,0x73,0x65,
0x74,0xcc,0x88,0xa5,0x2e,0x73,0x69,0x7a,0x65,0x08,0xab,0x2e,0x76,0x61,0x6c,0x75,
0x65,0x5f,0x6b,0x69,0x6e,0x64,0xb6,0x68,0x69,0x64,0x64,0x65,0x6e,0x5f,0x67,0x6c,
0x6f,0x62,0x61,0x6c,0x5f,0x6f,0x66,0x66,0x73,0x65,0x74,0x5f,0x79,0x83,0xa7,0x2e,
0x6f,0x66,0x66,0x73,0x65,0x74,0xcc,0x90,0xa5,0x2e,0x73,0x69,0x7a,0x65,0x08,0xab,
0x2e,0x76,0x61,0x6c,0x75,0x65,0x5f,0x6b,0x69,0x6e,0x64,0xb6,0x68,0x69,0x64,0x64,
0x65,0x6e,0x5f,0x67,0x6c,0x6f,0x62,0x61,0x6c,0x5f,0x6f,0x66,0x66,0x73,0x65,0x74,
0x5f,0x7a,0x83,0xa7,0x2e,0x6f,0x66,0x66,0x73,0x65,0x74,0xcc,0x98,0xa5,0x2e,0x73,
0x69,0x7a,0x65,0x02,0xab,0x2e,0x76,0x61,0x6c,0x75,0x65,0x5f,0x6b,0x69,0x6e,0x64,
0xb0,0x68,0x69,0x64,0x64,0x65,0x6e,0x5f,0x67,0x72,0x69,0x64,0x5f,0x64,0x69,0x6d,
0x73,0xb9,0x2e,0x67,0x72,0x6f,0x75,0x70,0x5f,0x73,0x65,0x67,0x6d,0x65,0x6e,0x74,
0x5f,0x66,0x69,0x78,0x65,0x64,0x5f,0x73,0x69,0x7a,0x65,0xcd,0x24,0x18,0xb6,0x2e,
0x6b,0x65,0x72,0x6e,0x61,0x72,0x67,0x5f,0x73,0x65,0x67,0x6d,0x65,0x6e,0x74,0x5f,
0x61,0x6c,0x69,0x67,0x6e,0x08,0xb5,0x2e,0x6b,0x65,0x72,0x6e,0x61,0x72,0x67,0x5f,
0x73,0x65,0x67,0x6d,0x65,0x6e,0x74,0x5f,0x73,0x69,0x7a,0x65,0xcd,0x01,0x58,0xa9,
0x2e,0x6c,0x61,0x6e,0x67,0x75,0x61,0x67,0x65,0xa8,0x4f,0x70,0x65,0x6e,0x43,0x4c,
0x20,0x43,0xb1,0x2e,0x6c,0x61,0x6e,0x67,0x75,0x61,0x67,0x65,0x5f,0x76,0x65,0x72,
0x73,0x69,0x6f,0x6e,0x92,0x02,0x00,0xb8,0x2e,0x6d,0x61,0x78,0x5f,0x66,0x6c,0x61,
0x74,0x5f,0x77,0x6f,0x72,0x6b,0x67,0x72,0x6f,0x75,0x70,0x5f,0x73,0x69,0x7a,0x65,
0xcc,0x80,0xa5,0x2e,0x6e,0x61,0x6d,0x65,0xd9,0x2e,0x5f,0x5a,0x39,0x67,0x65,0x6d,
0x6d,0x5f,0x77,0x6d,0x6d,0x61,0x6a,0x6a,0x6a,0x50,0x50,0x4b,0x44,0x46,0x31,0x36,
0x5f,0x53,0x31,0x5f,0x53,0x31,0x5f,0x50,0x50,0x44,0x46,0x31,0x36,0x5f,0x6a,0x6a,
0x6a,0x66,0x66,0x6a,0x66,0x66,0x62,0x62,0xbb,0x2e,0x70,0x72,0x69,0x76,0x61,0x74,
0x65,0x5f,0x73,0x65,0x67,0x6d,0x65,0x6e,0x74,0x5f,0x66,0x69,0x78,0x65,0x64,0x5f,
0x73,0x69,0x7a,0x65,0x00,0xab,0x2e,0x73,0x67,0x70,0x72,0x5f,0x63,0x6f,0x75,0x6e,
0x74,0x67,0xb1,0x2e,0x73,0x67,0x70,0x72,0x5f,0x73,0x70,0x69,0x6c,0x6c,0x5f,0x63,
0x6f,0x75,0x6e,0x74,0x00,0xa7,0x2e,0x73,0x79,0x6d,0x62,0x6f,0x6c,0xd9,0x31,0x5f,
0x5a,0x39,0x67,0x65,0x6d,0x6d,0x5f,0x77,0x6d,0x6d,0x61,0x6a,0x6a,0x6a,0x50,0x50,
0x4b,0x44,0x46,0x31,0x36,0x5f,0x53,0x31,0x5f,0x53,0x31,0x5f,0x50,0x50,0x44,0x46,
0x31,0x36,0x5f,0x6a,0x6a,0x6a,0x66,0x66,0x6a,0x66,0x66,0x62,0x62,0x2e,0x6b,0x64,
0xb8,0x2e,0x75,0x6e,0x69,0x66,0x6f,0x72,0x6d,0x5f,0x77,0x6f,0x72,0x6b,0x5f,0x67,
0x72,0x6f,0x75,0x70,0x5f,0x73,0x69,0x7a,0x65,0x01,0xb3,0x2e,0x75,0x73,0x65,0x73,
0x5f,0x64,0x79,0x6e,0x61,0x6d,0x69,0x63,0x5f,0x73,0x74,0x61,0x63,0x6b,0xc2,0xab,
0x2e,0x76,0x67,0x70,0x72,0x5f,0x63,0x6f,0x75,0x6e,0x74,0x7b,0xb1,0x2e,0x76,0x67,
0x70,0x72,0x5f,0x73,0x70,0x69,0x6c,0x6c,0x5f,0x63,0x6f,0x75,0x6e,0x74,0x00,0xaf,
0x2e,0x77,0x61,0x76,0x65,0x66,0x72,0x6f,0x6e,0x74,0x5f,0x73,0x69,0x7a,0x65,0x20,
0xb9,0x2e,0x77,0x6f,0x72,0x6b,0x67,0x72,0x6f,0x75,0x70,0x5f,0x70,0x72,0x6f,0x63,
0x65,0x73,0x73,0x6f,0x72,0x5f,0x6d,0x6f,0x64,0x65,0x00,0xad,0x61,0x6d,0x64,0x68,
0x73,0x61,0x2e,0x74,0x61,0x72,0x67,0x65,0x74,0xba,0x61,0x6d,0x64,0x67,0x63,0x6e,
0x2d,0x61,0x6d,0x64,0x2d,0x61,0x6d,0x64,0x68,0x73,0x61,0x2d,0x2d,0x67,0x66,0x78,
0x31,0x31,0x30,0x30,0xae,0x61,0x6d,0x64,0x68,0x73,0x61,0x2e,0x76,0x65,0x72,0x73,
0x69,0x6f,0x6e,0x92,0x01,0x02,0x00,0x00,0x00,0x00,0x00,0x00,0x00,0x00,0x00,0x00,
0x00,0x00,0x00,0x00,0x00,0x00,0x00,0x00,0x00,0x00,0x00,0x00,0x00,0x00,0x00,0x00,
0x6b,0x00,0x00,0x00,0x12,0x03,0x02,0x00,0x00,0x00,0x00,0x00,0x00,0x00,0x00,0x00,
0xe0,0x3f,0x00,0x00,0x00,0x00,0x00,0x00,0x39,0x00,0x00,0x00,0x11,0x03,0x03,0x00,
0x00,0x00,0x00,0x00,0x00,0x00,0x00,0x00,0x40,0x00,0x00,0x00,0x00,0x00,0x00,0x00,
0xc6,0x00,0x00,0x00,0x11,0x00,0x06,0x00,0x00,0x00,0x00,0x00,0x00,0x00,0x00,0x00,
0x01,0x00,0x00,0x00,0x00,0x00,0x00,0x00,0x10,0x00,0x00,0x00,0x00,0x00,0x00,0x00,
0x05,0x00,0x00,0x00,0x01,0x00,0x00,0x00,0x10,0x00,0x00,0x00,0x00,0x00,0x00,0x00,
0x03,0x00,0x2e,0x74,0x65,0x78,0x74,0x00,0x2e,0x63,0x6f,0x6d,0x6d,0x65,0x6e,0x74,
0x00,0x2e,0x62,0x73,0x73,0x00,0x2e,0x6e,0x6f,0x74,0x65,0x2e,0x47,0x4e,0x55,0x2d,
0x73,0x74,0x61,0x63,0x6b,0x00,0x2e,0x6c,0x6c,0x76,0x6d,0x5f,0x61,0x64,0x64,0x72,
0x73,0x69,0x67,0x00,0x2e,0x6e,0x6f,0x74,0x65,0x00,0x5f,0x5a,0x39,0x67,0x65,0x6d,
0x6d,0x5f,0x77,0x6d,0x6d,0x61,0x6a,0x6a,0x6a,0x50,0x50,0x4b,0x44,0x46,0x31,0x36,
0x5f,0x53,0x31,0x5f,0x53,0x31,0x5f,0x50,0x50,0x44,0x46,0x31,0x36,0x5f,0x6a,0x6a,
0x6a,0x66,0x66,0x6a,0x66,0x66,0x62,0x62,0x2e,0x6b,0x64,0x00,0x5f,0x5a,0x39,0x67,
0x65,0x6d,0x6d,0x5f,0x77,0x6d,0x6d,0x61,0x6a,0x6a,0x6a,0x50,0x50,0x4b,0x44,0x46,
0x31,0x36,0x5f,0x53,0x31,0x5f,0x53,0x31,0x5f,0x50,0x50,0x44,0x46,0x31,0x36,0x5f,
0x6a,0x6a,0x6a,0x66,0x66,0x6a,0x66,0x66,0x62,0x62,0x00,0x2e,0x73,0x74,0x72,0x74,
0x61,0x62,0x00,0x2e,0x73,0x79,0x6d,0x74,0x61,0x62,0x00,0x2e,0x41,0x4d,0x44,0x47,
0x50,0x55,0x2e,0x63,0x73,0x64,0x61,0x74,0x61,0x00,0x2e,0x72,0x65,0x6c,0x61,0x2e,
0x72,0x6f,0x64,0x61,0x74,0x61,0x00,0x5f,0x5f,0x68,0x69,0x70,0x5f,0x63,0x75,0x69,
0x64,0x5f,0x38,0x31,0x38,0x35,0x33,0x65,0x35,0x65,0x65,0x39,0x64,0x61,0x66,0x66,
0x64,0x32,0x00,0x00,0x00,0x00,0x00,0x00,0x00,0x00,0x00,0x00,0x00,0x00,0x00,0x00,
0x00,0x00,0x00,0x00,0x00,0x00,0x00,0x00,0x00,0x00,0x00,0x00,0x00,0x00,0x00,0x00,
0x00,0x00,0x00,0x00,0x00,0x00,0x00,0x00,0x00,0x00,0x00,0x00,0x00,0x00,0x00,0x00,
0x00,0x00,0x00,0x00,0x00,0x00,0x00,0x00,0x00,0x00,0x00,0x00,0x00,0x00,0x00,0x00,
0x00,0x00,0x00,0x00,0x00,0x00,0x00,0x00,0x9a,0x00,0x00,0x00,0x03,0x00,0x00,0x00,
0x00,0x00,0x00,0x00,0x00,0x00,0x00,0x00,0x00,0x00,0x00,0x00,0x00,0x00,0x00,0x00,
0x41,0x4b,0x00,0x00,0x00,0x00,0x00,0x00,0xe2,0x00,0x00,0x00,0x00,0x00,0x00,0x00,
0x00,0x00,0x00,0x00,0x00,0x00,0x00,0x00,0x01,0x00,0x00,0x00,0x00,0x00,0x00,0x00,
0x00,0x00,0x00,0x00,0x00,0x00,0x00,0x00,0x01,0x00,0x00,0x00,0x01,0x00,0x00,0x00,
0x06,0x00,0x00,0x00,0x00,0x00,0x00,0x00,0x00,0x00,0x00,0x00,0x00,0x00,0x00,0x00,
0x00,0x01,0x00,0x00,0x00,0x00,0x00,0x00,0x80,0x41,0x00,0x00,0x00,0x00,0x00,0x00,
0x00,0x00,0x00,0x00,0x00,0x00,0x00,0x00,0x00,0x01,0x00,0x00,0x00,0x00,0x00,0x00,
0x00,0x00,0x00,0x00,0x00,0x00,0x00,0x00,0xbe,0x00,0x00,0x00,0x01,0x00,0x00,0x00,
0x02,0x00,0x00,0x00,0x00,0x00,0x00,0x00,0x00,0x00,0x00,0x00,0x00,0x00,0x00,0x00,
0x80,0x42,0x00,0x00,0x00,0x00,0x00,0x00,0x40,0x00,0x00,0x00,0x00,0x00,0x00,0x00,
0x00,0x00,0x00,0x00,0x00,0x00,0x00,0x00,0x40,0x00,0x00,0x00,0x00,0x00,0x00,0x00,
0x00,0x00,0x00,0x00,0x00,0x00,0x00,0x00,0xb9,0x00,0x00,0x00,0x04,0x00,0x00,0x00,
0x40,0x00,0x00,0x00,0x00,0x00,0x00,0x00,0x00,0x00,0x00,0x00,0x00,0x00,0x00,0x00,
0x28,0x4b,0x00,0x00,0x00,0x00,0x00,0x00,0x18,0x00,0x00,0x00,0x00,0x00,0x00,0x00,
0x0b,0x00,0x00,0x00,0x03,0x00,0x00,0x00,0x08,0x00,0x00,0x00,0x00,0x00,0x00,0x00,
0x18,0x00,0x00,0x00,0x00,0x00,0x00,0x00,0xaa,0x00,0x00,0x00,0x01,0x00,0x00,0x00,
0x00,0x00,0x00,0x00,0x00,0x00,0x00,0x00,0x00,0x00,0x00,0x00,0x00,0x00,0x00,0x00,
0xc0,0x42,0x00,0x00,0x00,0x00,0x00,0x00,0x00,0x00,0x00,0x00,0x00,0x00,0x00,0x00,
0x00,0x00,0x00,0x00,0x00,0x00,0x00,0x00,0x01,0x00,0x00,0x00,0x00,0x00,0x00,0x00,
0x00,0x00,0x00,0x00,0x00,0x00,0x00,0x00,0x10,0x00,0x00,0x00,0x08,0x00,0x00,0x00,
0x03,0x00,0x00,0x00,0x00,0x00,0x00,0x00,0x00,0x00,0x00,0x00,0x00,0x00,0x00,0x00,
0xc0,0x42,0x00,0x00,0x00,0x00,0x00,0x00,0x01,0x00,0x00,0x00,0x00,0x00,0x00,0x00,
0x00,0x00,0x00,0x00,0x00,0x00,0x00,0x00,0x01,0x00,0x00,0x00,0x00,0x00,0x00,0x00,
0x00,0x00,0x00,0x00,0x00,0x00,0x00,0x00,0x07,0x00,0x00,0x00,0x01,0x00,0x00,0x00,
0x30,0x00,0x00,0x00,0x00,0x00,0x00,0x00,0x00,0x00,0x00,0x00,0x00,0x00,0x00,0x00,
0xc0,0x42,0x00,0x00,0x00,0x00,0x00,0x00,0x19,0x00,0x00,0x00,0x00,0x00,0x00,0x00,
0x00,0x00,0x00,0x00,0x00,0x00,0x00,0x00,0x01,0x00,0x00,0x00,0x00,0x00,0x00,0x00,
0x01,0x00,0x00,0x00,0x00,0x00,0x00,0x00,0x15,0x00,0x00,0x00,0x01,0x00,0x00,0x00,
0x00,0x00,0x00,0x00,0x00,0x00,0x00,0x00,0x00,0x00,0x00,0x00,0x00,0x00,0x00,0x00,
0xd9,0x42,0x00,0x00,0x00,0x00,0x00,0x00,0x00,0x00,0x00,0x00,0x00,0x00,0x00,0x00,
0x00,0x00,0x00,0x00,0x00,0x00,0x00,0x00,0x01,0x00,0x00,0x00,0x00,0x00,0x00,0x00,
0x00,0x00,0x00,0x00,0x00,0x00,0x00,0x00,0x33,0x00,0x00,0x00,0x07,0x00,0x00,0x00,
0x02,0x00,0x00,0x00,0x00,0x00,0x00,0x00,0x00,0x00,0x00,0x00,0x00,0x00,0x00,0x00,
0xdc,0x42,0x00,0x00,0x00,0x00,0x00,0x00,0xec,0x07,0x00,0x00,0x00,0x00,0x00,0x00,
0x00,0x00,0x00,0x00,0x00,0x00,0x00,0x00,0x04,0x00,0x00,0x00,0x00,0x00,0x00,0x00,
0x00,0x00,0x00,0x00,0x00,0x00,0x00,0x00,0x25,0x00,0x00,0x00,0x03,0x4c,0xff,0x6f,
0x00,0x00,0x00,0x80,0x00,0x00,0x00,0x00,0x00,0x00,0x00,0x00,0x00,0x00,0x00,0x00,
0x40,0x4b,0x00,0x00,0x00,0x00,0x00,0x00,0x01,0x00,0x00,0x00,0x00,0x00,0x00,0x00,
0x0b,0x00,0x00,0x00,0x00,0x00,0x00,0x00,0x01,0x00,0x00,0x00,0x00,0x00,0x00,0x00,
0x00,0x00,0x00,0x00,0x00,0x00,0x00,0x00,0xa2,0x00,0x00,0x00,0x02,0x00,0x00,0x00,
0x00,0x00,0x00,0x00,0x00,0x00,0x00,0x00,0x00,0x00,0x00,0x00,0x00,0x00,0x00,0x00,
0xc8,0x4a,0x00,0x00,0x00,0x00,0x00,0x00,0x60,0x00,0x00,0x00,0x00,0x00,0x00,0x00,
0x01,0x00,0x00,0x00,0x01,0x00,0x00,0x00,0x08,0x00,0x00,0x00,0x00,0x00,0x00,0x00,
0x18,0x00,0x00,0x00,0x00,0x00,0x00,0x00 }
};

constexpr StaticShaderType<13224> Gemm2d_NN_16x16x16_RocWmma_F16_Elf =
{
    .m_binary = {
0x7f,0x45,0x4c,0x46,0x02,0x01,0x01,0x40,0x03,0x00,0x00,0x00,0x00,0x00,0x00,0x00,
0x01,0x00,0xe0,0x00,0x01,0x00,0x00,0x00,0x00,0x00,0x00,0x00,0x00,0x00,0x00,0x00,
0x00,0x00,0x00,0x00,0x00,0x00,0x00,0x00,0xa8,0x30,0x00,0x00,0x00,0x00,0x00,0x00,
0x41,0x00,0x00,0x00,0x40,0x00,0x00,0x00,0x00,0x00,0x40,0x00,0x0c,0x00,0x01,0x00,
0x00,0x00,0x00,0x00,0x00,0x00,0x00,0x00,0x00,0x00,0x00,0x00,0x00,0x00,0x00,0x00,
0x00,0x00,0x00,0x00,0x00,0x00,0x00,0x00,0x00,0x00,0x00,0x00,0x00,0x00,0x00,0x00,
0x00,0x00,0x00,0x00,0x00,0x00,0x00,0x00,0x00,0x00,0x00,0x00,0x00,0x00,0x00,0x00,
0x00,0x00,0x00,0x00,0x00,0x00,0x00,0x00,0x00,0x00,0x00,0x00,0x00,0x00,0x00,0x00,
0x00,0x00,0x00,0x00,0x00,0x00,0x00,0x00,0x00,0x00,0x00,0x00,0x00,0x00,0x00,0x00,
0x00,0x00,0x00,0x00,0x00,0x00,0x00,0x00,0x00,0x00,0x00,0x00,0x00,0x00,0x00,0x00,
0x00,0x00,0x00,0x00,0x00,0x00,0x00,0x00,0x00,0x00,0x00,0x00,0x00,0x00,0x00,0x00,
0x00,0x00,0x00,0x00,0x00,0x00,0x00,0x00,0x00,0x00,0x00,0x00,0x00,0x00,0x00,0x00,
0x00,0x00,0x00,0x00,0x00,0x00,0x00,0x00,0x00,0x00,0x00,0x00,0x00,0x00,0x00,0x00,
0x00,0x00,0x00,0x00,0x00,0x00,0x00,0x00,0x00,0x00,0x00,0x00,0x00,0x00,0x00,0x00,
0x00,0x00,0x00,0x00,0x00,0x00,0x00,0x00,0x00,0x00,0x00,0x00,0x00,0x00,0x00,0x00,
0x00,0x00,0x00,0x00,0x00,0x00,0x00,0x00,0x00,0x00,0x00,0x00,0x00,0x00,0x00,0x00,
0x00,0x07,0x08,0xf4,0x00,0x00,0x00,0xf8,0x07,0xfc,0x89,0xbf,0x1d,0x8f,0x02,0x8b,
0x09,0x00,0x87,0xbf,0x02,0x80,0x06,0xbf,0x80,0x00,0x82,0xbe,0x11,0x09,0xa2,0xbf,
0x1d,0x9f,0x03,0x86,0x99,0x04,0x87,0xbf,0x03,0x9c,0x03,0x85,0x1d,0x03,0x03,0x81,
0x99,0x04,0x87,0xbf,0x03,0x84,0x03,0x86,0x03,0x81,0x0c,0x81,0x7e,0x02,0x6a,0x91,
0x01,0x00,0xa4,0xbf,0x1d,0x84,0x0c,0x86,0x1c,0x8f,0x02,0x8b,0x09,0x00,0x87,0xbf,
0x02,0x80,0x06,0xbf,0x80,0x00,0x82,0xbe,0x03,0x09,0xa2,0xbf,0x1c,0x9f,0x03,0x86,
0x99,0x04,0x87,0xbf,0x03,0x9c,0x03,0x85,0x1c,0x03,0x03,0x81,0x99,0x04,0x87,0xbf,
0x03,0x84,0x03,0x86,0x03,0x81,0x1f,0x81,0x7e,0x02,0x6a,0x91,0x01,0x00,0xa4,0xbf,
0x1c,0x84,0x1f,0x86,0x09,0x00,0x87,0xbf,0x0d,0x1f,0x09,0xbf,0xf2,0x08,0xa2,0xbf,
0x02,0x00,0x85,0xbf,0x00,0x05,0x0c,0xf4,0x10,0x00,0x00,0xf8,0x80,0x08,0x00,0xf4,
0x50,0x00,0x00,0xf8,0x00,0x01,0x0c,0xf4,0x30,0x00,0x00,0xf8,0x81,0x00,0x04,0x32,
0x80,0x00,0x91,0xbe,0x8f,0x00,0x02,0x36,0x1d,0x1c,0x23,0x96,0x1c,0x00,0x10,0xd6,
0x00,0x15,0x29,0x02,0x88,0x04,0x04,0x36,0x1c,0x1e,0x26,0x96,0x29,0x00,0x1f,0xd7,
0xc1,0x00,0x01,0x00,0xff,0x00,0xb9,0xbe,0x3d,0xc7,0xba,0xbb,0xff,0x00,0xba,0xbe,
0x18,0x72,0x31,0x3f,0x08,0x7c,0xfe,0xd6,0x01,0x3d,0x08,0x04,0x80,0x02,0x12,0x7e,
0x03,0x7c,0xfe,0xd6,0x02,0x3b,0x04,0x04,0x02,0x00,0x87,0xbf,0x09,0x01,0x24,0xca,
0x8f,0x52,0x2a,0x04,0x07,0xfc,0x89,0xbf,0x8a,0x00,0x04,0xf4,0x00,0x00,0x00,0xf8,
0x8b,0x04,0x04,0xf4,0x00,0x00,0x00,0xf8,0x40,0x08,0x00,0xf4,0x58,0x00,0x00,0xf8,
0x0c,0x05,0x04,0xf4,0x00,0x00,0x00,0xf8,0x8d,0x05,0x04,0xf4,0x00,0x00,0x00,0xf8,
0x81,0x22,0x1a,0x8b,0x0f,0x04,0x10,0x96,0x22,0x88,0x0d,0xbf,0x00,0x00,0x3c,0xd7,
0x81,0x10,0x02,0x00,0xc1,0x80,0x2c,0x98,0x10,0x81,0x98,0x84,0x0f,0x05,0x10,0x96,
0x02,0x00,0x3c,0xd7,0x81,0x06,0x02,0x00,0x08,0x14,0x0c,0x7e,0x0a,0x14,0x42,0x7e,
0x0b,0x14,0x44,0x7e,0x07,0x14,0x0a,0x7e,0xff,0x00,0x87,0xbe,0x00,0x40,0x00,0x31,
0x27,0x00,0x11,0xd7,0x06,0x0d,0x02,0x00,0x21,0x17,0x48,0x7e,0x25,0x00,0x11,0xd7,
0x22,0x45,0x02,0x00,0x07,0xfc,0x89,0xbf,0x02,0x18,0x04,0x80,0x03,0x19,0x05,0x82,
0x10,0x81,0x82,0x84,0x05,0xff,0x05,0x8b,0xff,0xff,0x00,0x00,0x0f,0x06,0x10,0x96,
0x12,0x02,0x18,0x80,0x13,0x03,0x06,0x82,0x10,0x81,0x82,0x84,0x06,0xff,0x19,0x8b,
0xff,0xff,0x00,0x00,0x23,0x0f,0x10,0x96,0x14,0x02,0x24,0x80,0x15,0x03,0x06,0x82,
0x10,0x81,0x82,0x84,0x06,0xff,0x25,0x8b,0xff,0xff,0x00,0x00,0x16,0x02,0x28,0x80,
0x17,0x03,0x02,0x82,0x1d,0x81,0x0f,0x84,0x26,0x81,0x06,0x84,0x02,0xff,0x29,0x8b,
0xff,0xff,0x00,0x00,0x0e,0x0c,0x0a,0xbf,0x1d,0x6a,0x00,0xd7,0x04,0x00,0x02,0x00,
0xc1,0x80,0x08,0x98,0x1e,0x84,0x2d,0x85,0x1e,0x8f,0x2e,0x8b,0x1e,0x8f,0x08,0xbf,
0x05,0x02,0x3c,0x40,0xc1,0x80,0x2f,0x98,0x2e,0x80,0x06,0xbf,0x1f,0x6a,0x00,0xd7,
0x18,0x04,0x02,0x00,0xc1,0x80,0x30,0x98,0x1e,0xd0,0x31,0x8b,0x23,0x81,0x26,0x84,
0x19,0x06,0x40,0x40,0x0e,0x38,0x00,0x4a,0x1a,0x81,0x06,0xbf,0x80,0x42,0x0a,0x7c,
0x03,0x00,0x05,0xd4,0x80,0x44,0x02,0x00,0xc1,0x80,0x32,0x98,0x02,0x00,0x05,0xd4,
0x80,0x0c,0x02,0x00,0x32,0x7e,0x0a,0x8b,0x05,0x17,0x46,0x7e,0x26,0x00,0x11,0xd7,
0x21,0x43,0x02,0x00,0x84,0x00,0x50,0x30,0x85,0x00,0x54,0x30,0x1d,0x00,0x90,0xbe,
0x81,0x1d,0x33,0x98,0x6a,0x03,0x34,0x8c,0x00,0xff,0x0a,0x80,0x58,0x00,0x00,0x00,
0x0f,0x1e,0x1a,0x96,0x07,0x00,0x9b,0xbe,0x07,0x00,0xa7,0xbe,0x26,0x00,0xaa,0xbe,
0x07,0x00,0xab,0xbe,0x01,0x80,0x0b,0x82,0x1d,0x84,0x35,0x84,0x1e,0x84,0x36,0x84,
0x1d,0x85,0x37,0x84,0x1e,0x81,0x38,0x84,0x10,0x81,0xa2,0x84,0x04,0x00,0xa0,0xbf,
0x0d,0x21,0x0d,0x81,0x09,0x00,0x87,0xbf,0x0d,0x1f,0x09,0xbf,0x6a,0x08,0xa2,0xbf,
0x7e,0x08,0x6a,0x91,0xfa,0xff,0xa4,0xbf,0xc5,0x0e,0x00,0xf4,0x04,0x00,0x00,0xf8,
0x0d,0x84,0x00,0x84,0x2a,0x03,0x14,0x7e,0x00,0x1c,0x0a,0xbf,0x28,0x03,0x58,0x7e,
0xc1,0x80,0x01,0x98,0x00,0x90,0x00,0x81,0x0e,0x00,0xc2,0xbe,0x00,0x1c,0x0b,0xbf,
0xc1,0x80,0x3c,0x98,0x0d,0x80,0x3d,0x81,0x01,0xc1,0x3e,0x8d,0x36,0x3d,0x3f,0x96,
0x07,0xfc,0x89,0xbf,0x3b,0x84,0x40,0x84,0x3b,0x85,0x41,0x84,0x06,0x00,0xa0,0xbf,
0x40,0x58,0x58,0x4a,0x41,0x14,0x14,0x4a,0x3b,0x42,0x42,0x81,0x09,0x00,0x87,0xbf,
0x42,0x0c,0x09,0xbf,0xe2,0xff,0xa2,0xbf,0x42,0x84,0x00,0x84,0xa9,0x04,0x87,0xbf,
0x00,0x1d,0x09,0xbf,0xc1,0x80,0x01,0x98,0x3e,0x01,0x01,0x8c,0x09,0x00,0x87,0xbf,
0x7e,0x01,0x6a,0x8b,0xf2,0xff,0xa4,0xbf,0x00,0x90,0x00,0x81,0x11,0x00,0x90,0xbe,
0x00,0x1d,0x0b,0xbf,0x11,0x00,0x92,0xbe,0xc1,0x80,0x00,0x98,0x11,0x00,0x93,0xbe,
0x11,0x00,0x94,0xbe,0x11,0x00,0x95,0xbe,0x11,0x00,0x96,0xbe,0x11,0x00,0x97,0xbe,
0x3c,0x00,0x00,0x8b,0x10,0x00,0x10,0xca,0x11,0x00,0x00,0x00,0x12,0x00,0x10,0xca,
0x13,0x00,0x02,0x02,0x14,0x00,0x10,0xca,0x15,0x00,0x04,0x04,0x16,0x00,0x10,0xca,
0x17,0x00,0x06,0x06,0x2f,0x00,0x01,0x8b,0x09,0x00,0x87,0xbf,0x7e,0x01,0x6a,0x91,
0x66,0x00,0xa4,0xbf,0x80,0x02,0x00,0x7e,0x2c,0x03,0x10,0x7e,0x3f,0x00,0x90,0xbe,
0x2d,0x00,0x81,0xbe,0x02,0x00,0x87,0xbf,0x00,0x03,0x02,0x7e,0x00,0x03,0x04,0x7e,
0x00,0x03,0x06,0x7e,0x00,0x03,0x08,0x7e,0x00,0x03,0x0a,0x7e,0x00,0x03,0x0c,0x7e,
0x00,0x03,0x0e,0x7e,0x0b,0x00,0x3c,0xd7,0x81,0x10,0x02,0x00,0x10,0x81,0x92,0x84,
0x01,0xc1,0x01,0x81,0x10,0x90,0x10,0x81,0x01,0x80,0x07,0xbf,0x35,0x10,0x10,0x4a,
0x0b,0x6a,0x00,0xd7,0x1f,0x17,0x02,0x00,0x20,0x19,0x18,0x40,0x12,0x01,0x87,0xbf,
0x12,0x6a,0x00,0xd7,0x0b,0x45,0x00,0x00,0x23,0x18,0x26,0x40,0x12,0x01,0x87,0xbf,
0x0d,0x6a,0x00,0xd7,0x12,0x45,0x00,0x00,0x23,0x26,0x1c,0x40,0x12,0x01,0x87,0xbf,
0x14,0x6a,0x00,0xd7,0x0d,0x45,0x00,0x00,0x23,0x1c,0x2a,0x40,0x12,0x01,0x87,0xbf,
0x0f,0x6a,0x00,0xd7,0x14,0x45,0x00,0x00,0x23,0x2a,0x20,0x40,0x12,0x01,0x87,0xbf,
0x16,0x6a,0x00,0xd7,0x0f,0x45,0x00,0x00,0x23,0x20,0x2e,0x40,0x12,0x01,0x87,0xbf,
0x18,0x6a,0x00,0xd7,0x16,0x45,0x00,0x00,0x23,0x2e,0x32,0x40,0x02,0x00,0x85,0xbf,
0x00,0x00,0x4a,0xdc,0x0b,0x00,0x7c,0x0b,0x00,0x00,0x4a,0xdc,0x0d,0x00,0x7c,0x0d,
0x00,0x00,0x4a,0xdc,0x0f,0x00,0x7c,0x0f,0x00,0x00,0x4a,0xdc,0x18,0x00,0x7c,0x11,
0x1a,0x6a,0x00,0xd7,0x1d,0x25,0x00,0x00,0x13,0x3c,0x36,0x40,0x18,0x6a,0x00,0xd7,
0x18,0x45,0x00,0x00,0x23,0x32,0x32,0x40,0x00,0x00,0x5e,0xdc,0x1a,0x00,0x7c,0x2d,
0x01,0x00,0x85,0xbf,0x00,0x00,0x8e,0xdc,0x12,0x00,0x7c,0x0b,0x00,0x00,0x8e,0xdc,
0x14,0x00,0x7c,0x0d,0x00,0x00,0x8e,0xdc,0x16,0x00,0x7c,0x0f,0x00,0x00,0x8e,0xdc,
0x18,0x00,0x7c,0x11,0xf7,0x13,0x89,0xbf,0x1f,0x40,0xd4,0xd8,0x2d,0x00,0x00,0x14,
0x1f,0x40,0xd4,0xd8,0x2e,0x00,0x00,0x16,0x1f,0x40,0xd4,0xd8,0x2f,0x00,0x00,0x18,
0x1f,0x40,0xd4,0xd8,0x30,0x00,0x00,0x1a,0xf7,0x0f,0x89,0xbf,0x1f,0x40,0xd4,0xd8,
0x0b,0x00,0x00,0x0c,0xf7,0x0b,0x89,0xbf,0x1f,0x40,0xd4,0xd8,0x0d,0x00,0x00,0x0e,
0xf7,0x07,0x89,0xbf,0x1f,0x40,0xd4,0xd8,0x0f,0x00,0x00,0x10,0xf7,0x03,0x89,0xbf,
0x1f,0x40,0xd4,0xd8,0x11,0x00,0x00,0x12,0x2d,0x03,0x26,0x7e,0x2e,0x03,0x2a,0x7e,
0x2f,0x03,0x2e,0x7e,0x30,0x03,0x32,0x7e,0x07,0xfc,0x89,0xbf,0x01,0x00,0x87,0xbf,
0x00,0x40,0x40,0xcc,0x13,0x17,0x02,0x1c,0xa6,0xff,0xa2,0xbf,0x08,0x00,0x47,0xd6,
0x42,0x38,0x12,0x02,0x30,0x00,0x01,0x8b,0x00,0xc1,0x03,0x8d,0x7e,0x01,0x6a,0x8b,
0x3d,0x84,0x10,0x84,0xc0,0x01,0xa4,0xbf,0x00,0x7e,0x01,0x8b,0x2e,0x1e,0x01,0x98,
0x09,0x00,0x87,0xbf,0x01,0x80,0x06,0xbf,0xbb,0x01,0xa2,0xbf,0x10,0x56,0x16,0x38,
0x00,0x7e,0x00,0x8b,0x31,0x80,0x12,0x98,0x10,0x56,0x34,0x4a,0x12,0x81,0x00,0x81,
0x1c,0x16,0x98,0x7c,0x0b,0x7c,0xfe,0xd6,0x0f,0x00,0x28,0x04,0x12,0x82,0x00,0x81,
0x2e,0x00,0x2c,0xd7,0x38,0x34,0x02,0x00,0x2b,0x11,0x5a,0x38,0x80,0x00,0x93,0xbe,
0xa3,0x04,0x87,0xbf,0x0c,0x7c,0xfe,0xd6,0x0f,0x00,0x28,0x04,0x12,0x83,0x00,0x81,
0x0d,0x7c,0xfe,0xd6,0x0f,0x00,0x28,0x04,0x12,0x84,0x00,0x81,0xa9,0x04,0x87,0xbf,
0x0e,0x7c,0xfe,0xd6,0x0f,0x00,0x28,0x04,0x12,0x85,0x00,0x81,0x0f,0x7c,0xfe,0xd6,
0x0f,0x00,0x28,0x04,0x12,0x86,0x00,0x81,0xa9,0x04,0x87,0xbf,0x10,0x7c,0xfe,0xd6,
0x0f,0x00,0x28,0x04,0x12,0x87,0x00,0x81,0x11,0x7c,0xfe,0xd6,0x0f,0x00,0x28,0x04,
0x12,0x88,0x00,0x81,0xa9,0x04,0x87,0xbf,0x12,0x7c,0xfe,0xd6,0x0f,0x00,0x28,0x04,
0x12,0x89,0x00,0x81,0x13,0x7c,0xfe,0xd6,0x0f,0x00,0x28,0x04,0x12,0x8a,0x00,0x81,
0xa9,0x04,0x87,0xbf,0x14,0x7c,0xfe,0xd6,0x0f,0x00,0x28,0x04,0x12,0x8b,0x00,0x81,
0x15,0x7c,0xfe,0xd6,0x0f,0x00,0x28,0x04,0x12,0x8c,0x00,0x81,0xa9,0x04,0x87,0xbf,
0x16,0x7c,0xfe,0xd6,0x0f,0x00,0x28,0x04,0x12,0x8d,0x00,0x81,0x17,0x7c,0xfe,0xd6,
0x0f,0x00,0x28,0x04,0x12,0x8e,0x00,0x81,0xa9,0x04,0x87,0xbf,0x18,0x7c,0xfe,0xd6,
0x0f,0x00,0x28,0x04,0x12,0x8f,0x00,0x81,0x19,0x7c,0xfe,0xd6,0x0f,0x00,0x28,0x04,
0x1a,0x7c,0xfe,0xd6,0x0f,0x24,0x28,0x04,0x00,0x00,0x4c,0xd4,0x1d,0x5a,0x02,0x00,
0x81,0x56,0x36,0x30,0x2d,0x00,0x46,0xd6,0x12,0x02,0xb9,0x04,0x12,0x13,0x14,0x81,
0x09,0x00,0x87,0xbf,0x14,0x1e,0x0a,0xbf,0xc1,0x80,0x15,0x98,0x14,0x81,0x16,0x81,
0x6a,0x15,0x17,0x8b,0x16,0x1e,0x0a,0xbf,0x2e,0x00,0x01,0xd5,0xff,0x00,0x5d,0x00,
0x00,0x00,0x00,0x80,0xc1,0x80,0x16,0x98,0x14,0x82,0x17,0x81,0x6a,0x16,0x43,0x8b,
0x17,0x1e,0x0a,0xbf,0x2f,0x00,0x01,0xd5,0xff,0x00,0x0d,0x01,0x00,0x00,0x00,0x80,
0xc1,0x80,0x17,0x98,0x14,0x83,0x43,0x81,0x6a,0x17,0x44,0x8b,0x43,0x1e,0x0a,0xbf,
0x30,0x00,0x01,0xd5,0xff,0x00,0x11,0x01,0x00,0x00,0x00,0x80,0xc1,0x80,0x43,0x98,
0x14,0x84,0x44,0x81,0x6a,0x43,0x45,0x8b,0x44,0x1e,0x0a,0xbf,0x31,0x00,0x01,0xd5,
0xff,0x00,0x15,0x01,0x00,0x00,0x00,0x80,0xc1,0x80,0x44,0x98,0x14,0x85,0x45,0x81,
0x6a,0x44,0x46,0x8b,0x45,0x1e,0x0a,0xbf,0x32,0x00,0x01,0xd5,0xff,0x00,0x19,0x01,
0x00,0x00,0x00,0x80,0xc1,0x80,0x45,0x98,0x14,0x86,0x46,0x81,0x6a,0x45,0x47,0x8b,
0x46,0x1e,0x0a,0xbf,0x33,0x00,0x01,0xd5,0xff,0x00,0x1d,0x01,0x00,0x00,0x00,0x80,
0xc1,0x80,0x46,0x98,0x14,0x87,0x47,0x81,0x6a,0x46,0x48,0x8b,0x47,0x1e,0x0a,0xbf,
0x34,0x00,0x01,0xd5,0xff,0x00,0x21,0x01,0x00,0x00,0x00,0x80,0xc1,0x80,0x47,0x98,
0x14,0x88,0x48,0x81,0x6a,0x47,0x49,0x8b,0x48,0x1e,0x0a,0xbf,0x35,0x00,0x01,0xd5,
0xff,0x00,0x25,0x01,0x00,0x00,0x00,0x80,0xc1,0x80,0x48,0x98,0x14,0x89,0x49,0x81,
0x6a,0x48,0x4a,0x8b,0x49,0x1e,0x0a,0xbf,0x36,0x00,0x01,0xd5,0xff,0x00,0x29,0x01,
0x00,0x00,0x00,0x80,0xc1,0x80,0x49,0x98,0x14,0x8a,0x4a,0x81,0x6a,0x49,0x4b,0x8b,
0x4a,0x1e,0x0a,0xbf,0x37,0x00,0x01,0xd5,0xff,0x00,0x2d,0x01,0x00,0x00,0x00,0x80,
0xc1,0x80,0x4a,0x98,0x14,0x8b,0x4b,0x81,0x6a,0x4a,0x4c,0x8b,0x4b,0x1e,0x0a,0xbf,
0x38,0x00,0x01,0xd5,0xff,0x00,0x31,0x01,0x00,0x00,0x00,0x80,0xc1,0x80,0x4b,0x98,
0x14,0x8c,0x4c,0x81,0x6a,0x4b,0x4d,0x8b,0x4c,0x1e,0x0a,0xbf,0x39,0x00,0x01,0xd5,
0xff,0x00,0x35,0x01,0x00,0x00,0x00,0x80,0xc1,0x80,0x4c,0x98,0x14,0x8d,0x4d,0x81,
0x6a,0x4c,0x4e,0x8b,0x4d,0x1e,0x0a,0xbf,0x3a,0x00,0x01,0xd5,0xff,0x00,0x39,0x01,
0x00,0x00,0x00,0x80,0xc1,0x80,0x4d,0x98,0x14,0x8e,0x4e,0x81,0x6a,0x4d,0x4f,0x8b,
0x4e,0x1e,0x0a,0xbf,0x3b,0x00,0x01,0xd5,0xff,0x00,0x3d,0x01,0x00,0x00,0x00,0x80,
0xc1,0x80,0x4e,0x98,0x14,0x8f,0x14,0x81,0x6a,0x4e,0x4f,0x8b,0x14,0x1e,0x0a,0xbf,
0x3c,0x00,0x01,0xd5,0xff,0x00,0x3d,0x01,0x00,0x00,0x00,0x80,0xc1,0x80,0x14,0x98,
0x00,0x15,0x15,0x8b,0x2e,0x5b,0x5c,0x4a,0x3d,0x00,0x01,0xd5,0xff,0x00,0x55,0x00,
0x00,0x00,0x00,0x80,0x00,0x16,0x15,0x8b,0x2f,0x5b,0x5e,0x4a,0x3e,0x00,0x01,0xd5,
0xff,0x00,0x55,0x00,0x00,0x00,0x00,0x80,0x00,0x17,0x15,0x8b,0x1b,0x7b,0x7a,0x38,
0x3f,0x00,0x01,0xd5,0xff,0x00,0x55,0x00,0x00,0x00,0x00,0x80,0x00,0x43,0x15,0x8b,
0x1b,0x7d,0x7c,0x38,0x40,0x00,0x01,0xd5,0xff,0x00,0x55,0x00,0x00,0x00,0x00,0x80,
0x00,0x44,0x15,0x8b,0x1b,0x7f,0x7e,0x38,0x41,0x00,0x01,0xd5,0xff,0x00,0x55,0x00,
0x00,0x00,0x00,0x80,0x00,0x45,0x15,0x8b,0x1b,0x81,0x80,0x38,0x42,0x00,0x01,0xd5,
0xff,0x00,0x55,0x00,0x00,0x00,0x00,0x80,0x00,0x46,0x15,0x8b,0x1b,0x83,0x82,0x38,
0x43,0x00,0x01,0xd5,0xff,0x00,0x55,0x00,0x00,0x00,0x00,0x80,0x00,0x47,0x15,0x8b,
0x1b,0x85,0x84,0x38,0x44,0x00,0x01,0xd5,0xff,0x00,0x55,0x00,0x00,0x00,0x00,0x80,
0x00,0x48,0x15,0x8b,0x1b,0x87,0x86,0x38,0x45,0x00,0x01,0xd5,0xff,0x00,0x55,0x00,
0x00,0x00,0x00,0x80,0x00,0x49,0x15,0x8b,0x1b,0x89,0x88,0x38,0x46,0x00,0x01,0xd5,
0xff,0x00,0x55,0x00,0x00,0x00,0x00,0x80,0x00,0x4a,0x15,0x8b,0x1b,0x8b,0x8a,0x38,
0x47,0x00,0x01,0xd5,0xff,0x00,0x55,0x00,0x00,0x00,0x00,0x80,0x00,0x4b,0x15,0x8b,
0x1b,0x8d,0x8c,0x38,0x48,0x00,0x01,0xd5,0xff,0x00,0x55,0x00,0x00,0x00,0x00,0x80,
0x00,0x4c,0x15,0x8b,0x1b,0x8f,0x8e,0x38,0x49,0x00,0x01,0xd5,0xff,0x00,0x55,0x00,
0x00,0x00,0x00,0x80,0x00,0x4d,0x15,0x8b,0x1b,0x91,0x90,0x38,0x4a,0x00,0x01,0xd5,
0xff,0x00,0x55,0x00,0x00,0x00,0x00,0x80,0x00,0x4e,0x15,0x8b,0x1b,0x93,0x92,0x38,
0x4b,0x00,0x01,0xd5,0xff,0x00,0x55,0x00,0x00,0x00,0x00,0x80,0x6a,0x14,0x15,0x8b,
0x00,0x14,0x14,0x8b,0x4c,0x00,0x01,0xd5,0xff,0x00,0x55,0x00,0x00,0x00,0x00,0x80,
0x4d,0x00,0x01,0xd5,0xff,0x00,0x51,0x00,0x00,0x00,0x00,0x80,0x1b,0x95,0x94,0x38,
0x1b,0x97,0x96,0x38,0x30,0x5b,0x60,0x4a,0x31,0x5b,0x62,0x4a,0x1b,0x9b,0x9a,0x38,
0x32,0x5b,0x64,0x4a,0x33,0x5b,0x66,0x4a,0x34,0x5b,0x68,0x4a,0x35,0x5b,0x6a,0x4a,
0x36,0x5b,0x6c,0x4a,0x37,0x5b,0x6e,0x4a,0x38,0x5b,0x70,0x4a,0x39,0x5b,0x72,0x4a,
0x3a,0x5b,0x74,0x4a,0x3b,0x5b,0x76,0x4a,0x3c,0x5b,0x78,0x4a,0x4c,0x5b,0x98,0x4a,
0x3d,0x35,0x7a,0x4a,0x3e,0x17,0x7c,0x4a,0x3f,0x19,0x7e,0x4a,0x40,0x1b,0x80,0x4a,
0x41,0x1d,0x82,0x4a,0x42,0x1f,0x84,0x4a,0x43,0x21,0x86,0x4a,0x44,0x23,0x88,0x4a,
0x45,0x25,0x8a,0x4a,0x46,0x27,0x8c,0x4a,0x47,0x29,0x8e,0x4a,0x48,0x2b,0x90,0x4a,
0x49,0x2d,0x92,0x4a,0x4a,0x2f,0x94,0x4a,0x4b,0x31,0x96,0x4a,0x4d,0x33,0x9a,0x4a,
0x0f,0x00,0x85,0xbf,0x00,0x00,0x48,0xe0,0x2e,0x2e,0x41,0x80,0x02,0x00,0x48,0xe0,
0x2f,0x2f,0x41,0x80,0x04,0x00,0x48,0xe0,0x30,0x30,0x41,0x80,0x06,0x00,0x48,0xe0,
0x31,0x31,0x41,0x80,0x08,0x00,0x48,0xe0,0x32,0x32,0x41,0x80,0x0a,0x00,0x48,0xe0,
0x33,0x33,0x41,0x80,0x0c,0x00,0x48,0xe0,0x34,0x34,0x41,0x80,0x0e,0x00,0x48,0xe0,
0x35,0x35,0x41,0x80,0x10,0x00,0x48,0xe0,0x36,0x36,0x41,0x80,0x12,0x00,0x48,0xe0,
0x37,0x37,0x41,0x80,0x14,0x00,0x48,0xe0,0x38,0x38,0x41,0x80,0x16,0x00,0x48,0xe0,
0x39,0x39,0x41,0x80,0x18,0x00,0x48,0xe0,0x3a,0x3a,0x41,0x80,0x1a,0x00,0x48,0xe0,
0x3b,0x3b,0x41,0x80,0x1c,0x00,0x48,0xe0,0x3c,0x3c,0x41,0x80,0x1e,0x00,0x48,0xe0,
0x4c,0x4c,0x41,0x80,0x0f,0x00,0x85,0xbf,0x00,0x00,0x48,0xe0,0x3d,0x3d,0x46,0x80,
0x00,0x00,0x48,0xe0,0x3e,0x3e,0x46,0x80,0x00,0x00,0x48,0xe0,0x3f,0x3f,0x46,0x80,
0x00,0x00,0x48,0xe0,0x40,0x40,0x46,0x80,0x00,0x00,0x48,0xe0,0x41,0x41,0x46,0x80,
0x00,0x00,0x48,0xe0,0x42,0x42,0x46,0x80,0x00,0x00,0x48,0xe0,0x43,0x43,0x46,0x80,
0x00,0x00,0x48,0xe0,0x44,0x44,0x46,0x80,0x00,0x00,0x48,0xe0,0x45,0x45,0x46,0x80,
0x00,0x00,0x48,0xe0,0x46,0x46,0x46,0x80,0x00,0x00,0x48,0xe0,0x47,0x47,0x46,0x80,
0x00,0x00,0x48,0xe0,0x48,0x48,0x46,0x80,0x00,0x00,0x48,0xe0,0x49,0x49,0x46,0x80,
0x00,0x00,0x48,0xe0,0x4a,0x4a,0x46,0x80,0x00,0x00,0x48,0xe0,0x4b,0x4b,0x46,0x80,
0x00,0x00,0x48,0xe0,0x4d,0x4d,0x46,0x80,0xa0,0x5a,0x5a,0x4a,0x37,0x16,0x16,0x4a,
0x37,0x18,0x18,0x4a,0x37,0x1a,0x1a,0x4a,0x37,0x1c,0x1c,0x4a,0x37,0x1e,0x1e,0x4a,
0x37,0x20,0x20,0x4a,0x37,0x22,0x22,0x4a,0x37,0x24,0x24,0x4a,0x37,0x26,0x26,0x4a,
0x37,0x28,0x28,0x4a,0x37,0x2a,0x2a,0x4a,0x37,0x2c,0x2c,0x4a,0x37,0x2e,0x2e,0x4a,
0x37,0x30,0x30,0x4a,0x37,0x34,0x34,0x4a,0x37,0x32,0x32,0x4a,0x13,0x90,0x13,0x81,
0x09,0x00,0x87,0xbf,0x13,0x01,0x0a,0xbf,0xf7,0x7b,0x89,0xbf,0x2e,0x00,0x44,0xd6,
0x2f,0x5d,0xfe,0x03,0x00,0x01,0x04,0x05,0xf7,0x73,0x89,0xbf,0x2f,0x00,0x44,0xd6,
0x31,0x61,0xfe,0x03,0x00,0x01,0x04,0x05,0xf7,0x6b,0x89,0xbf,0x30,0x00,0x44,0xd6,
0x33,0x65,0xfe,0x03,0x00,0x01,0x04,0x05,0xf7,0x63,0x89,0xbf,0x31,0x00,0x44,0xd6,
0x35,0x69,0xfe,0x03,0x00,0x01,0x04,0x05,0xf7,0x5b,0x89,0xbf,0x32,0x00,0x44,0xd6,
0x37,0x6d,0xfe,0x03,0x00,0x01,0x04,0x05,0xf7,0x33,0x89,0xbf,0x37,0x00,0x44,0xd6,
0x40,0x7f,0xfe,0x03,0x00,0x01,0x04,0x05,0x33,0x00,0x44,0xd6,0x39,0x71,0xfe,0x03,
0x00,0x01,0x04,0x05,0xf7,0x2b,0x89,0xbf,0x38,0x00,0x44,0xd6,0x42,0x83,0xfe,0x03,
0x00,0x01,0x04,0x05,0x34,0x00,0x44,0xd6,0x3b,0x75,0xfe,0x03,0x00,0x01,0x04,0x05,
0x36,0x00,0x44,0xd6,0x3e,0x7b,0xfe,0x03,0x00,0x01,0x04,0x05,0x35,0x00,0x44,0xd6,
0x4c,0x79,0xfe,0x03,0x00,0x01,0x04,0x05,0xf7,0x23,0x89,0xbf,0x39,0x00,0x44,0xd6,
0x44,0x87,0xfe,0x03,0x00,0x01,0x04,0x05,0xf7,0x1b,0x89,0xbf,0x3a,0x00,0x44,0xd6,
0x46,0x8b,0xfe,0x03,0x00,0x01,0x04,0x05,0xf7,0x13,0x89,0xbf,0x3b,0x00,0x44,0xd6,
0x48,0x8f,0xfe,0x03,0x00,0x01,0x04,0x05,0xf7,0x0b,0x89,0xbf,0x3c,0x00,0x44,0xd6,
0x4a,0x93,0xfe,0x03,0x00,0x01,0x04,0x05,0xf7,0x03,0x89,0xbf,0x3d,0x00,0x44,0xd6,
0x4d,0x97,0xfe,0x03,0x00,0x01,0x04,0x05,0x01,0x00,0x87,0xbf,0x00,0x40,0x40,0xcc,
0x2e,0x6d,0x02,0x1c,0x89,0xfe,0xa2,0xbf,0x80,0x00,0x10,0xca,0x80,0x00,0x12,0x10,
0x00,0x00,0x49,0xd4,0x8f,0x52,0x02,0x00,0x08,0x00,0x57,0xd6,0x29,0x1f,0x21,0x04,
0x80,0x00,0x10,0xca,0x80,0x00,0x10,0x12,0x7e,0x02,0x6a,0x91,0x08,0x01,0xa4,0xbf,
0x0b,0x00,0x01,0xd5,0x80,0x02,0x01,0x00,0x03,0x32,0x01,0x8c,0xc1,0x00,0x80,0xbe,
0x7e,0x01,0x6a,0x8b,0x65,0x00,0xa4,0xbf,0x10,0x16,0x18,0x38,0x01,0x00,0x87,0xbf,
0x82,0x18,0x1c,0x38,0x84,0x18,0x1e,0x38,0x86,0x18,0x20,0x38,0x0d,0x00,0x01,0xd5,
0x0c,0x01,0xb1,0x00,0x88,0x18,0x22,0x38,0x8a,0x18,0x24,0x38,0x8c,0x18,0x26,0x38,
0x8e,0x18,0x18,0x38,0x0e,0x00,0x01,0xd5,0x0e,0x01,0xb1,0x00,0x0f,0x00,0x01,0xd5,
0x0f,0x01,0xb1,0x00,0x10,0x00,0x01,0xd5,0x10,0x01,0xb1,0x00,0x11,0x00,0x01,0xd5,
0x11,0x01,0xb1,0x00,0x12,0x00,0x01,0xd5,0x12,0x01,0xb1,0x00,0x13,0x00,0x01,0xd5,
0x13,0x01,0xb1,0x00,0x0c,0x00,0x01,0xd5,0x0c,0x01,0xb1,0x00,0x0d,0x00,0x2c,0xd7,
0x0d,0x3b,0x00,0x00,0x0e,0x00,0x2c,0xd7,0x0e,0x3b,0x00,0x00,0x0f,0x00,0x2c,0xd7,
0x0f,0x3b,0x00,0x00,0x10,0x00,0x2c,0xd7,0x10,0x3b,0x00,0x00,0x11,0x00,0x2c,0xd7,
0x11,0x3b,0x00,0x00,0x12,0x00,0x2c,0xd7,0x12,0x3b,0x00,0x00,0x13,0x00,0x2c,0xd7,
0x13,0x3b,0x00,0x00,0x0c,0x00,0x2c,0xd7,0x0c,0x3b,0x00,0x00,0x0d,0x00,0x47,0xd6,
0x0d,0x11,0x06,0x02,0x0e,0x00,0x47,0xd6,0x0e,0x11,0x06,0x02,0x0f,0x00,0x47,0xd6,
0x0f,0x11,0x06,0x02,0x10,0x00,0x47,0xd6,0x10,0x11,0x06,0x02,0x11,0x00,0x47,0xd6,
0x11,0x11,0x06,0x02,0x12,0x00,0x47,0xd6,0x12,0x11,0x06,0x02,0x13,0x00,0x47,0xd6,
0x13,0x11,0x06,0x02,0x0c,0x00,0x47,0xd6,0x0c,0x11,0x06,0x02,0x07,0x00,0x85,0xbf,
0x00,0x00,0x48,0xe0,0x0d,0x0d,0x49,0x80,0x00,0x00,0x48,0xe0,0x0e,0x0e,0x49,0x80,
0x00,0x00,0x48,0xe0,0x0f,0x0f,0x49,0x80,0x00,0x00,0x48,0xe0,0x10,0x10,0x49,0x80,
0x00,0x00,0x48,0xe0,0x11,0x11,0x49,0x80,0x00,0x00,0x48,0xe0,0x12,0x12,0x49,0x80,
0x00,0x00,0x48,0xe0,0x13,0x13,0x49,0x80,0x00,0x00,0x48,0xe0,0x0c,0x0c,0x49,0x80,
0xf7,0x1b,0x89,0xbf,0x0d,0x00,0x44,0xd6,0x0e,0x1b,0xfe,0x03,0x00,0x01,0x04,0x05,
0xf7,0x13,0x89,0xbf,0x0e,0x00,0x44,0xd6,0x10,0x1f,0xfe,0x03,0x00,0x01,0x04,0x05,
0xf7,0x0b,0x89,0xbf,0x0f,0x00,0x44,0xd6,0x12,0x23,0xfe,0x03,0x00,0x01,0x04,0x05,
0x10,0x40,0x10,0xcc,0x27,0x1b,0x02,0x18,0xf7,0x03,0x89,0xbf,0x0c,0x00,0x44,0xd6,
0x0c,0x27,0xfe,0x03,0x00,0x01,0x04,0x05,0x13,0x40,0x10,0xcc,0x27,0x1d,0x02,0x18,
0x12,0x40,0x10,0xcc,0x27,0x1f,0x02,0x18,0x03,0x00,0x87,0xbf,0x11,0x40,0x10,0xcc,
0x27,0x19,0x02,0x18,0x03,0x00,0xa5,0xbf,0x9d,0x00,0xa0,0xbf,0x7e,0x00,0x6a,0x91,
0x9b,0x00,0xa4,0xbf,0x10,0x16,0x20,0x38,0x0b,0x00,0x01,0xd5,0x08,0x01,0xc9,0x00,
0x02,0x00,0x87,0xbf,0x0e,0x00,0x01,0xd5,0x10,0x01,0xb1,0x00,0x1c,0x20,0x98,0x7c,
0x82,0x20,0x1e,0x38,0x84,0x20,0x22,0x38,0x00,0x00,0x4c,0xd4,0x33,0x16,0x02,0x00,
0x0c,0x7c,0xfe,0xd6,0x0e,0x67,0x2c,0x04,0x6a,0x2c,0x12,0x8c,0x1c,0x1e,0x98,0x7c,
0x0f,0x00,0x01,0xd5,0x0f,0x01,0xb1,0x00,0x01,0x00,0x4c,0xd4,0x1c,0x22,0x02,0x00,
0x11,0x00,0x01,0xd5,0x11,0x01,0xb1,0x00,0x00,0x12,0x12,0x8b,0x86,0x20,0x28,0x38,
0x12,0x00,0x01,0xd5,0xff,0x00,0x49,0x00,0x00,0x00,0x00,0x80,0x6a,0x2c,0x12,0x8c,
0x0d,0x7c,0xfe,0xd6,0x0f,0x67,0x2c,0x04,0x01,0x2c,0x01,0x8c,0x0e,0x7c,0xfe,0xd6,
0x11,0x67,0x2c,0x04,0x00,0x12,0x12,0x8b,0x00,0x01,0x01,0x8b,0x13,0x00,0x01,0xd5,
0xff,0x00,0x49,0x00,0x00,0x00,0x00,0x80,0x12,0x00,0x46,0xd6,0x0c,0x03,0x49,0x04,
0x0c,0x00,0x01,0xd5,0xff,0x00,0x05,0x00,0x00,0x00,0x00,0x80,0x1c,0x28,0x98,0x7c,
0x0f,0x00,0x01,0xd5,0x14,0x01,0xb1,0x00,0x88,0x20,0x22,0x38,0x13,0x00,0x46,0xd6,
0x0d,0x03,0x4d,0x04,0x14,0x00,0x46,0xd6,0x0e,0x03,0x31,0x04,0x6a,0x2c,0x01,0x8c,
0x0c,0x7c,0xfe,0xd6,0x0f,0x67,0x2c,0x04,0x1c,0x22,0x98,0x7c,0x0f,0x00,0x01,0xd5,
0x11,0x01,0xb1,0x00,0x8a,0x20,0x22,0x38,0x00,0x01,0x01,0x8b,0x8c,0x20,0x2e,0x38,
0x15,0x00,0x01,0xd5,0xff,0x00,0x05,0x00,0x00,0x00,0x00,0x80,0x6a,0x2c,0x01,0x8c,
0x1c,0x22,0x98,0x7c,0x11,0x00,0x01,0xd5,0x11,0x01,0xb1,0x00,0x0d,0x7c,0xfe,0xd6,
0x0f,0x67,0x2c,0x04,0x00,0x01,0x01,0x8b,0x02,0x00,0x87,0xbf,0x0e,0x7c,0xfe,0xd6,
0x11,0x67,0x2c,0x04,0x8e,0x20,0x1e,0x38,0x16,0x00,0x01,0xd5,0xff,0x00,0x05,0x00,
0x00,0x00,0x00,0x80,0x6a,0x2c,0x01,0x8c,0x1c,0x2e,0x98,0x7c,0x00,0x01,0x01,0x8b,
0x11,0x00,0x01,0xd5,0x17,0x01,0xb1,0x00,0x18,0x00,0x01,0xd5,0xff,0x00,0x05,0x00,
0x00,0x00,0x00,0x80,0x01,0x00,0x4c,0xd4,0x1c,0x1e,0x02,0x00,0x17,0x00,0x01,0xd5,
0x0f,0x01,0xb1,0x00,0x6a,0x2c,0x12,0x8c,0x0f,0x7c,0xfe,0xd6,0x11,0x67,0x2c,0x04,
0x13,0x01,0x87,0xbf,0x01,0x2c,0x01,0x8c,0x10,0x7c,0xfe,0xd6,0x17,0x67,0x2c,0x04,
0x00,0x12,0x12,0x8b,0x00,0x01,0x00,0x8b,0x0b,0x00,0x01,0xd5,0xff,0x00,0x49,0x00,
0x00,0x00,0x00,0x80,0x11,0x00,0x01,0xd5,0xff,0x00,0x01,0x00,0x00,0x00,0x00,0x80,
0x0c,0x00,0x46,0xd6,0x0c,0x03,0x55,0x04,0x0d,0x00,0x46,0xd6,0x0d,0x03,0x59,0x04,
0x0e,0x00,0x46,0xd6,0x0e,0x03,0x61,0x04,0x0b,0x00,0x46,0xd6,0x0f,0x03,0x2d,0x04,
0x0f,0x00,0x46,0xd6,0x10,0x03,0x45,0x04,0x07,0x00,0x85,0xbf,0x00,0x00,0x48,0xe0,
0x12,0x10,0x49,0x80,0x00,0x00,0x48,0xe0,0x13,0x11,0x49,0x80,0x00,0x00,0x48,0xe0,
0x14,0x12,0x49,0x80,0x00,0x00,0x48,0xe0,0x0c,0x0c,0x49,0x80,0x00,0x00,0x48,0xe0,
0x0d,0x0d,0x49,0x80,0x00,0x00,0x48,0xe0,0x0e,0x0e,0x49,0x80,0x00,0x00,0x48,0xe0,
0x0b,0x0b,0x49,0x80,0x00,0x00,0x48,0xe0,0x0f,0x0f,0x49,0x80,0xf7,0x1b,0x89,0xbf,
0x10,0x00,0x44,0xd6,0x11,0x21,0xfe,0x03,0x00,0x01,0x04,0x05,0xf7,0x13,0x89,0xbf,
0x0c,0x00,0x44,0xd6,0x0c,0x25,0xfe,0x03,0x00,0x01,0x04,0x05,0xf7,0x0b,0x89,0xbf,
0x0d,0x00,0x44,0xd6,0x0e,0x1b,0xfe,0x03,0x00,0x01,0x04,0x05,0x10,0x40,0x10,0xcc,
0x27,0x21,0x02,0x18,0xf7,0x03,0x89,0xbf,0x0b,0x00,0x44,0xd6,0x0f,0x17,0xfe,0x03,
0x00,0x01,0x04,0x05,0x13,0x40,0x10,0xcc,0x27,0x19,0x02,0x18,0x12,0x40,0x10,0xcc,
0x27,0x1b,0x02,0x18,0x03,0x00,0x87,0xbf,0x11,0x40,0x10,0xcc,0x27,0x17,0x02,0x18,
0x0b,0x40,0x21,0xcc,0x00,0x47,0x42,0x04,0x42,0x02,0x87,0xbf,0x04,0x40,0x21,0xcc,
0x04,0x47,0x4a,0x04,0x0c,0x60,0x21,0xcc,0x01,0x47,0x42,0x04,0x0e,0x40,0x21,0xcc,
0x02,0x47,0x4e,0x04,0x00,0x40,0x21,0xcc,0x06,0x47,0x46,0x04,0x0b,0x01,0x10,0xca,
0x04,0x01,0x06,0x0f,0x0d,0x60,0x21,0xcc,0x03,0x47,0x4e,0x04,0x0c,0x40,0x22,0xcc,
0x02,0x47,0x4e,0x04,0x0e,0x60,0x22,0xcc,0x03,0x47,0x4e,0x04,0x04,0x00,0x87,0xbf,
0x0f,0x60,0x22,0xcc,0x01,0x47,0x42,0x04,0x01,0x60,0x21,0xcc,0x05,0x47,0x4a,0x04,
0x06,0x60,0x22,0xcc,0x05,0x47,0x4a,0x04,0x00,0x60,0x22,0xcc,0x07,0x47,0x46,0x04,
0x09,0x85,0x04,0xbf,0xd3,0x01,0xa2,0xbf,0x09,0x87,0x04,0xbf,0xd2,0x01,0xa2,0xbf,
0x09,0x88,0x04,0xbf,0xd1,0x01,0xa2,0xbf,0x09,0x89,0x04,0xbf,0xd0,0x01,0xa2,0xbf,
0x00,0x01,0x10,0xca,0x06,0x01,0x02,0x02,0x0e,0x03,0x0a,0x7e,0x0f,0x03,0x0e,0x7e,
0x09,0x89,0x06,0xbf,0x10,0x04,0xa1,0xbf,0x0b,0x45,0x04,0x6a,0x91,0x00,0x87,0xbf,
0x02,0x17,0x04,0x7e,0x00,0x02,0x13,0xd4,0xff,0x04,0x02,0x00,0x00,0x00,0x20,0x3f,
0x91,0x04,0x87,0xbf,0x00,0x20,0x81,0xbe,0x7e,0x01,0x00,0x8d,0x03,0x03,0x03,0xd5,
0x02,0x05,0x02,0x00,0x05,0x01,0x13,0xd6,0x02,0xe9,0xfd,0x03,0x00,0x00,0x80,0x42,
0x12,0x01,0x87,0xbf,0xff,0x06,0x28,0x7c,0x50,0xac,0xae,0xc2,0x03,0x0b,0x06,0x02,
0x91,0x00,0x87,0xbf,0xff,0x06,0x06,0x10,0x3b,0xaa,0xb8,0x3f,0x03,0x4b,0x06,0x7e,
0xff,0x0f,0x88,0xbf,0xff,0x06,0x0a,0x10,0xa4,0x4e,0x4b,0x11,0x91,0x00,0x87,0xbf,
0x03,0x0b,0x06,0x02,0xf2,0x06,0x06,0x06,0x01,0x00,0x87,0xbf,0x03,0x55,0x06,0x7e,
0xff,0x0f,0x88,0xbf,0x03,0x00,0x13,0xd6,0x03,0xeb,0xc9,0x03,0x00,0x30,0x80,0xbe,
0x02,0x05,0x06,0x10,0x91,0x00,0x87,0xbf,0x39,0x06,0x0a,0x5a,0xc9,0x08,0xa9,0x3c,
0x03,0x0b,0x0a,0x5a,0x4e,0x1c,0x5c,0xbd,0x91,0x00,0x87,0xbf,0x03,0x0b,0x0a,0x5a,
0x82,0x83,0x08,0x3e,0x03,0x0b,0x0a,0x5a,0x99,0xaa,0xaa,0xbe,0x91,0x00,0x87,0xbf,
0x05,0x01,0x08,0xd5,0x02,0x0b,0x02,0x00,0x03,0x04,0x13,0xd6,0x03,0x0b,0x0a,0x04,
0x7e,0x00,0x7e,0x8c,0x0c,0x45,0x0a,0x6a,0x91,0x00,0x87,0xbf,0x05,0x17,0x0a,0x7e,
0x00,0x02,0x13,0xd4,0xff,0x0a,0x02,0x00,0x00,0x00,0x20,0x3f,0x91,0x04,0x87,0xbf,
0x00,0x20,0x81,0xbe,0x7e,0x01,0x00,0x8d,0x07,0x03,0x03,0xd5,0x05,0x0b,0x02,0x00,
0x10,0x01,0x13,0xd6,0x05,0xe9,0xfd,0x03,0x00,0x00,0x80,0x42,0x12,0x01,0x87,0xbf,
0xff,0x0e,0x28,0x7c,0x50,0xac,0xae,0xc2,0x07,0x21,0x0e,0x02,0x91,0x00,0x87,0xbf,
0xff,0x0e,0x0e,0x10,0x3b,0xaa,0xb8,0x3f,0x07,0x4b,0x0e,0x7e,0xff,0x0f,0x88,0xbf,
0xff,0x0e,0x20,0x10,0xa4,0x4e,0x4b,0x11,0x91,0x00,0x87,0xbf,0x07,0x21,0x0e,0x02,
0xf2,0x0e,0x0e,0x06,0x01,0x00,0x87,0xbf,0x07,0x55,0x0e,0x7e,0xff,0x0f,0x88,0xbf,
0x07,0x00,0x13,0xd6,0x07,0xeb,0xc9,0x03,0x00,0x30,0x80,0xbe,0x05,0x0b,0x0e,0x10,
0x91,0x00,0x87,0xbf,0x39,0x0e,0x20,0x5a,0xc9,0x08,0xa9,0x3c,0x07,0x21,0x20,0x5a,
0x4e,0x1c,0x5c,0xbd,0x91,0x00,0x87,0xbf,0x07,0x21,0x20,0x5a,0x82,0x83,0x08,0x3e,
0x07,0x21,0x20,0x5a,0x99,0xaa,0xaa,0xbe,0x91,0x00,0x87,0xbf,0x10,0x01,0x08,0xd5,
0x05,0x21,0x02,0x00,0x07,0x04,0x13,0xd6,0x07,0x21,0x16,0x04,0x7e,0x00,0x7e,0x8c,
0x90,0x18,0x20,0x32,0x91,0x00,0x87,0xbf,0x10,0x45,0x20,0x6a,0x10,0x17,0x20,0x7e,
0x91,0x00,0x87,0xbf,0x00,0x02,0x13,0xd4,0xff,0x20,0x02,0x00,0x00,0x00,0x20,0x3f,
0x00,0x20,0x81,0xbe,0x09,0x00,0x87,0xbf,0x7e,0x01,0x00,0x8d,0x11,0x03,0x03,0xd5,
0x10,0x21,0x02,0x00,0x12,0x01,0x13,0xd6,0x10,0xe9,0xfd,0x03,0x00,0x00,0x80,0x42,
0x12,0x01,0x87,0xbf,0xff,0x22,0x28,0x7c,0x50,0xac,0xae,0xc2,0x11,0x25,0x22,0x02,
0x91,0x00,0x87,0xbf,0xff,0x22,0x22,0x10,0x3b,0xaa,0xb8,0x3f,0x11,0x4b,0x22,0x7e,
0xff,0x0f,0x88,0xbf,0xff,0x22,0x24,0x10,0xa4,0x4e,0x4b,0x11,0x91,0x00,0x87,0xbf,
0x11,0x25,0x22,0x02,0xf2,0x22,0x22,0x06,0x01,0x00,0x87,0xbf,0x11,0x55,0x22,0x7e,
0xff,0x0f,0x88,0xbf,0x11,0x00,0x13,0xd6,0x11,0xeb,0xc9,0x03,0x00,0x30,0x80,0xbe,
0x10,0x21,0x22,0x10,0x91,0x00,0x87,0xbf,0x39,0x22,0x24,0x5a,0xc9,0x08,0xa9,0x3c,
0x11,0x25,0x24,0x5a,0x4e,0x1c,0x5c,0xbd,0x91,0x00,0x87,0xbf,0x11,0x25,0x24,0x5a,
0x82,0x83,0x08,0x3e,0x11,0x25,0x24,0x5a,0x99,0xaa,0xaa,0xbe,0x91,0x00,0x87,0xbf,
0x12,0x01,0x08,0xd5,0x10,0x25,0x02,0x00,0x11,0x04,0x13,0xd6,0x11,0x25,0x42,0x04,
0x7e,0x00,0x7e,0x8c,0x0d,0x45,0x24,0x6a,0x91,0x00,0x87,0xbf,0x12,0x17,0x24,0x7e,
0x00,0x02,0x13,0xd4,0xff,0x24,0x02,0x00,0x00,0x00,0x20,0x3f,0x91,0x04,0x87,0xbf,
0x00,0x20,0x81,0xbe,0x7e,0x01,0x00,0x8d,0x13,0x03,0x03,0xd5,0x12,0x25,0x02,0x00,
0x14,0x01,0x13,0xd6,0x12,0xe9,0xfd,0x03,0x00,0x00,0x80,0x42,0x12,0x01,0x87,0xbf,
0xff,0x26,0x28,0x7c,0x50,0xac,0xae,0xc2,0x13,0x29,0x26,0x02,0x91,0x00,0x87,0xbf,
0xff,0x26,0x26,0x10,0x3b,0xaa,0xb8,0x3f,0x13,0x4b,0x26,0x7e,0xff,0x0f,0x88,0xbf,
0xff,0x26,0x28,0x10,0xa4,0x4e,0x4b,0x11,0x91,0x00,0x87,0xbf,0x13,0x29,0x26,0x02,
0xf2,0x26,0x26,0x06,0x01,0x00,0x87,0xbf,0x13,0x55,0x26,0x7e,0xff,0x0f,0x88,0xbf,
0x13,0x00,0x13,0xd6,0x13,0xeb,0xc9,0x03,0x00,0x30,0x80,0xbe,0x12,0x25,0x26,0x10,
0x91,0x00,0x87,0xbf,0x39,0x26,0x28,0x5a,0xc9,0x08,0xa9,0x3c,0x13,0x29,0x28,0x5a,
0x4e,0x1c,0x5c,0xbd,0x91,0x00,0x87,0xbf,0x13,0x29,0x28,0x5a,0x82,0x83,0x08,0x3e,
0x13,0x29,0x28,0x5a,0x99,0xaa,0xaa,0xbe,0x91,0x00,0x87,0xbf,0x14,0x01,0x08,0xd5,
0x12,0x29,0x02,0x00,0x13,0x04,0x13,0xd6,0x13,0x29,0x4a,0x04,0x7e,0x00,0x7e,0x8c,
0x04,0x45,0x28,0x6a,0x91,0x00,0x87,0xbf,0x14,0x17,0x28,0x7e,0x00,0x02,0x13,0xd4,
0xff,0x28,0x02,0x00,0x00,0x00,0x20,0x3f,0x91,0x04,0x87,0xbf,0x00,0x20,0x81,0xbe,
0x7e,0x01,0x00,0x8d,0x15,0x03,0x03,0xd5,0x14,0x29,0x02,0x00,0x16,0x01,0x13,0xd6,
0x14,0xe9,0xfd,0x03,0x00,0x00,0x80,0x42,0x12,0x01,0x87,0xbf,0xff,0x2a,0x28,0x7c,
0x50,0xac,0xae,0xc2,0x15,0x2d,0x2a,0x02,0x91,0x00,0x87,0xbf,0xff,0x2a,0x2a,0x10,
0x3b,0xaa,0xb8,0x3f,0x15,0x4b,0x2a,0x7e,0xff,0x0f,0x88,0xbf,0xff,0x2a,0x2c,0x10,
0xa4,0x4e,0x4b,0x11,0x91,0x00,0x87,0xbf,0x15,0x2d,0x2a,0x02,0xf2,0x2a,0x2a,0x06,
0x01,0x00,0x87,0xbf,0x15,0x55,0x2a,0x7e,0xff,0x0f,0x88,0xbf,0x15,0x00,0x13,0xd6,
0x15,0xeb,0xc9,0x03,0x00,0x30,0x80,0xbe,0x14,0x29,0x2a,0x10,0x91,0x00,0x87,0xbf,
0x39,0x2a,0x2c,0x5a,0xc9,0x08,0xa9,0x3c,0x15,0x2d,0x2c,0x5a,0x4e,0x1c,0x5c,0xbd,
0x91,0x00,0x87,0xbf,0x15,0x2d,0x2c,0x5a,0x82,0x83,0x08,0x3e,0x15,0x2d,0x2c,0x5a,
0x99,0xaa,0xaa,0xbe,0x91,0x00,0x87,0xbf,0x16,0x01,0x08,0xd5,0x14,0x2d,0x02,0x00,
0x15,0x04,0x13,0xd6,0x15,0x2d,0x52,0x04,0x7e,0x00,0x7e,0x8c,0x01,0x45,0x2c,0x6a,
0x91,0x00,0x87,0xbf,0x16,0x17,0x2c,0x7e,0x00,0x02,0x13,0xd4,0xff,0x2c,0x02,0x00,
0x00,0x00,0x20,0x3f,0x91,0x04,0x87,0xbf,0x00,0x20,0x81,0xbe,0x7e,0x01,0x00,0x8d,
0x17,0x03,0x03,0xd5,0x16,0x2d,0x02,0x00,0x18,0x01,0x13,0xd6,0x16,0xe9,0xfd,0x03,
0x00,0x00,0x80,0x42,0x12,0x01,0x87,0xbf,0xff,0x2e,0x28,0x7c,0x50,0xac,0xae,0xc2,
0x17,0x31,0x2e,0x02,0x91,0x00,0x87,0xbf,0xff,0x2e,0x2e,0x10,0x3b,0xaa,0xb8,0x3f,
0x17,0x4b,0x2e,0x7e,0xff,0x0f,0x88,0xbf,0xff,0x2e,0x30,0x10,0xa4,0x4e,0x4b,0x11,
0x91,0x00,0x87,0xbf,0x17,0x31,0x2e,0x02,0xf2,0x2e,0x2e,0x06,0x01,0x00,0x87,0xbf,
0x17,0x55,0x2e,0x7e,0xff,0x0f,0x88,0xbf,0x17,0x00,0x13,0xd6,0x17,0xeb,0xc9,0x03,
0x00,0x30,0x80,0xbe,0x16,0x2d,0x2e,0x10,0x91,0x00,0x87,0xbf,0x39,0x2e,0x30,0x5a,
0xc9,0x08,0xa9,0x3c,0x17,0x31,0x30,0x5a,0x4e,0x1c,0x5c,0xbd,0x91,0x00,0x87,0xbf,
0x17,0x31,0x30,0x5a,0x82,0x83,0x08,0x3e,0x17,0x31,0x30,0x5a,0x99,0xaa,0xaa,0xbe,
0x91,0x00,0x87,0xbf,0x18,0x01,0x08,0xd5,0x16,0x31,0x02,0x00,0x17,0x04,0x13,0xd6,
0x17,0x31,0x5a,0x04,0x7e,0x00,0x7e,0x8c,0x00,0x45,0x30,0x6a,0x91,0x00,0x87,0xbf,
0x18,0x17,0x30,0x7e,0x00,0x02,0x13,0xd4,0xff,0x30,0x02,0x00,0x00,0x00,0x20,0x3f,
0x91,0x04,0x87,0xbf,0x00,0x20,0x81,0xbe,0x7e,0x01,0x00,0x8d,0x19,0x03,0x03,0xd5,
0x18,0x31,0x02,0x00,0x1a,0x01,0x13,0xd6,0x18,0xe9,0xfd,0x03,0x00,0x00,0x80,0x42,
0x12,0x01,0x87,0xbf,0xff,0x32,0x28,0x7c,0x50,0xac,0xae,0xc2,0x19,0x35,0x32,0x02,
0x91,0x00,0x87,0xbf,0xff,0x32,0x32,0x10,0x3b,0xaa,0xb8,0x3f,0x19,0x4b,0x32,0x7e,
0xff,0x0f,0x88,0xbf,0xff,0x32,0x34,0x10,0xa4,0x4e,0x4b,0x11,0x91,0x00,0x87,0xbf,
0x19,0x35,0x32,0x02,0xf2,0x32,0x32,0x06,0x01,0x00,0x87,0xbf,0x19,0x55,0x32,0x7e,
0xff,0x0f,0x88,0xbf,0x19,0x00,0x13,0xd6,0x19,0xeb,0xc9,0x03,0x00,0x30,0x80,0xbe,
0x18,0x31,0x32,0x10,0x91,0x00,0x87,0xbf,0x39,0x32,0x34,0x5a,0xc9,0x08,0xa9,0x3c,
0x19,0x35,0x34,0x5a,0x4e,0x1c,0x5c,0xbd,0x91,0x00,0x87,0xbf,0x19,0x35,0x34,0x5a,
0x82,0x83,0x08,0x3e,0x19,0x35,0x34,0x5a,0x99,0xaa,0xaa,0xbe,0x91,0x00,0x87,0xbf,
0x1a,0x01,0x08,0xd5,0x18,0x35,0x02,0x00,0x19,0x04,0x13,0xd6,0x19,0x35,0x62,0x04,
0x7e,0x00,0x7e,0x8c,0x90,0x00,0x34,0x32,0x91,0x00,0x87,0xbf,0x1a,0x45,0x34,0x6a,
0x1a,0x17,0x34,0x7e,0x91,0x00,0x87,0xbf,0x00,0x02,0x13,0xd4,0xff,0x34,0x02,0x00,
0x00,0x00,0x20,0x3f,0x00,0x20,0x81,0xbe,0x09,0x00,0x87,0xbf,0x7e,0x01,0x00,0x8d,
0x1b,0x03,0x03,0xd5,0x1a,0x35,0x02,0x00,0x2d,0x01,0x13,0xd6,0x1a,0xe9,0xfd,0x03,
0x00,0x00,0x80,0x42,0x12,0x01,0x87,0xbf,0xff,0x36,0x28,0x7c,0x50,0xac,0xae,0xc2,
0x1b,0x5b,0x36,0x02,0x91,0x00,0x87,0xbf,0xff,0x36,0x36,0x10,0x3b,0xaa,0xb8,0x3f,
0x1b,0x4b,0x36,0x7e,0xff,0x0f,0x88,0xbf,0xff,0x36,0x5a,0x10,0xa4,0x4e,0x4b,0x11,
0x91,0x00,0x87,0xbf,0x1b,0x5b,0x36,0x02,0xf2,0x36,0x36,0x06,0x01,0x00,0x87,0xbf,
0x1b,0x55,0x36,0x7e,0xff,0x0f,0x88,0xbf,0x1b,0x00,0x13,0xd6,0x1b,0xeb,0xc9,0x03,
0x00,0x30,0x80,0xbe,0x1a,0x35,0x36,0x10,0x91,0x00,0x87,0xbf,0x39,0x36,0x5a,0x5a,
0xc9,0x08,0xa9,0x3c,0x1b,0x5b,0x5a,0x5a,0x4e,0x1c,0x5c,0xbd,0x91,0x00,0x87,0xbf,
0x1b,0x5b,0x5a,0x5a,0x82,0x83,0x08,0x3e,0x1b,0x5b,0x5a,0x5a,0x99,0xaa,0xaa,0xbe,
0x91,0x00,0x87,0xbf,0x2d,0x01,0x08,0xd5,0x1a,0x5b,0x02,0x00,0x1b,0x04,0x13,0xd6,
0x1b,0x5b,0x6a,0x04,0x7e,0x00,0x7e,0x8c,0x02,0x00,0x12,0xd6,0xff,0x06,0x0a,0x04,
0xff,0xff,0xff,0x7f,0x03,0x00,0x12,0xd6,0xff,0x22,0x42,0x04,0xff,0xff,0xff,0x7f,
0x11,0x00,0x12,0xd6,0xff,0x2a,0x52,0x04,0xff,0xff,0xff,0x7f,0x14,0x00,0x12,0xd6,
0xff,0x32,0x62,0x04,0xff,0xff,0xff,0x7f,0x10,0x00,0x12,0xd6,0xff,0x0e,0x16,0x04,
0xff,0xff,0xff,0x7f,0x07,0x00,0x21,0xcc,0x02,0x49,0x02,0x02,0x05,0x00,0x21,0xcc,
0x03,0x49,0x02,0x02,0x12,0x00,0x12,0xd6,0xff,0x26,0x4a,0x04,0xff,0xff,0xff,0x7f,
0x03,0x00,0x21,0xcc,0x11,0x49,0x02,0x02,0x11,0x00,0x12,0xd6,0xff,0x2e,0x5a,0x04,
0xff,0xff,0xff,0x7f,0x02,0x00,0x21,0xcc,0x14,0x49,0x02,0x02,0x13,0x00,0x12,0xd6,
0xff,0x36,0x6a,0x04,0xff,0xff,0xff,0x7f,0x07,0x00,0x22,0xcc,0x10,0x49,0x02,0x02,
0x05,0x00,0x22,0xcc,0x12,0x49,0x02,0x02,0x03,0x00,0x22,0xcc,0x11,0x49,0x02,0x02,
0x04,0x00,0x87,0xbf,0x02,0x00,0x22,0xcc,0x13,0x49,0x02,0x02,0x04,0x00,0xa5,0xbf,
0x72,0x00,0xa0,0xbf,0x1c,0x01,0xa0,0xbf,0xa3,0x00,0xa0,0xbf,0x70,0x00,0xa0,0xbf,
0x0b,0x45,0x04,0x6a,0x0c,0x45,0x06,0x6a,0x90,0x18,0x0a,0x32,0x0d,0x45,0x0e,0x6a,
0x01,0x45,0x22,0x6a,0x90,0x00,0x26,0x32,0x02,0x17,0x04,0x7e,0x03,0x17,0x06,0x7e,
0x05,0x45,0x0a,0x6a,0x04,0x45,0x20,0x6a,0x00,0x45,0x24,0x6a,0x07,0x17,0x0e,0x7e,
0x11,0x17,0x22,0x7e,0x13,0x45,0x26,0x6a,0xff,0x04,0xc6,0xc8,0xff,0x06,0x02,0x02,
0x3b,0xaa,0xb8,0x3f,0x05,0x17,0x0a,0x7e,0x10,0x17,0x20,0x7e,0x12,0x17,0x24,0x7e,
0xff,0x0e,0x0e,0x10,0x3b,0xaa,0xb8,0x3f,0xff,0x22,0x22,0x10,0x3b,0xaa,0xb8,0x3f,
0x13,0x17,0x26,0x7e,0x03,0x4b,0x06,0x7e,0xff,0x24,0xc6,0xc8,0xff,0x0a,0x04,0x12,
0x3b,0xaa,0xb8,0x3f,0xff,0x20,0x20,0x10,0x3b,0xaa,0xb8,0x3f,0x07,0x4b,0x0e,0x7e,
0x11,0x4b,0x22,0x7e,0xff,0x26,0x26,0x10,0x3b,0xaa,0xb8,0x3f,0x02,0x4b,0x04,0x7e,
0x05,0x4b,0x0a,0x7e,0x10,0x4b,0x20,0x7e,0x12,0x4b,0x24,0x7e,0x13,0x4b,0x26,0x7e,
0x03,0x15,0x06,0x7e,0x07,0x15,0x0e,0x7e,0x11,0x15,0x22,0x7e,0x02,0x15,0x04,0x7e,
0x04,0x00,0x87,0xbf,0xf2,0x06,0x06,0x64,0x05,0x15,0x0a,0x7e,0xf2,0x0e,0x0e,0x64,
0x10,0x15,0x20,0x7e,0xf2,0x22,0x22,0x64,0x12,0x15,0x24,0x7e,0x13,0x15,0x26,0x7e,
0xf2,0x04,0x04,0x64,0x03,0x17,0x06,0x7e,0xf2,0x0a,0x0a,0x64,0x07,0x17,0x0e,0x7e,
0xf2,0x20,0x20,0x64,0x11,0x17,0x22,0x7e,0xf2,0x24,0x24,0x64,0xf2,0x26,0x26,0x64,
0x02,0x17,0x04,0x7e,0x03,0x4f,0x06,0x7e,0x05,0x17,0x0a,0x7e,0x07,0x4f,0x0e,0x7e,
0x10,0x17,0x20,0x7e,0x11,0x4f,0x22,0x7e,0x12,0x17,0x24,0x7e,0x13,0x17,0x26,0x7e,
0x02,0x4f,0x04,0x7e,0x05,0x4f,0x0a,0x7e,0x10,0x4f,0x20,0x7e,0x12,0x4f,0x24,0x7e,
0x13,0x4f,0x26,0x7e,0x03,0x00,0x21,0xcc,0x03,0x75,0x00,0x02,0x07,0x00,0x21,0xcc,
0x07,0x75,0x00,0x02,0x11,0x00,0x21,0xcc,0x11,0x75,0x00,0x02,0x02,0x00,0x21,0xcc,
0x02,0x75,0x00,0x02,0x04,0x00,0x87,0xbf,0x03,0x00,0x22,0xcc,0x05,0x75,0x00,0x02,
0x07,0x02,0x87,0xbf,0x07,0x00,0x22,0xcc,0x10,0x75,0x00,0x02,0x06,0x02,0x87,0xbf,
0x11,0x00,0x22,0xcc,0x12,0x75,0x00,0x02,0x05,0x00,0x87,0xbf,0x05,0x00,0x21,0xcc,
0x13,0x75,0x00,0x02,0x02,0x43,0x04,0x6a,0x03,0x40,0x10,0xcc,0x26,0x07,0x02,0x18,
0x10,0x40,0x10,0xcc,0x26,0x0f,0x02,0x18,0x11,0x40,0x10,0xcc,0x26,0x23,0x02,0x18,
0x05,0x43,0x24,0x6a,0x14,0x02,0x87,0xbf,0x07,0x00,0x11,0xd7,0x02,0x07,0x02,0x00,
0x05,0x00,0x16,0xd6,0x10,0x07,0x42,0x02,0x14,0x02,0x87,0xbf,0x03,0x00,0x16,0xd6,
0x11,0x21,0x42,0x02,0x02,0x00,0x16,0xd6,0x12,0x23,0x42,0x02,0x31,0x00,0xa6,0xbf,
0x02,0x00,0x11,0xd7,0x01,0x01,0x02,0x00,0xff,0x18,0x06,0x36,0xff,0x7f,0xff,0x7f,
0x90,0x00,0x22,0x32,0x05,0x01,0x32,0xd5,0x0b,0xe5,0x01,0x00,0x07,0x01,0x32,0xd5,
0x0d,0xe5,0x01,0x00,0xff,0x04,0x04,0x36,0xff,0x7f,0xff,0x7f,0x03,0x40,0x0f,0xcc,
0x03,0xe5,0x01,0x08,0x10,0x01,0x32,0xd5,0x04,0xe5,0x01,0x00,0x14,0x01,0x32,0xd5,
0x11,0xe5,0x01,0x00,0x05,0xa9,0x0a,0x7e,0x02,0x40,0x0f,0xcc,0x02,0xe5,0x01,0x08,
0x90,0x06,0x24,0x32,0x07,0xa9,0x0e,0x7e,0x10,0xa9,0x20,0x7e,0x03,0xa9,0x06,0x7e,
0x90,0x04,0x26,0x32,0x12,0xa9,0x24,0x7e,0x02,0xa9,0x04,0x7e,0x14,0xa9,0x28,0x7e,
0x90,0x18,0x2a,0x32,0x13,0xa9,0x26,0x7e,0x0b,0x0b,0x0a,0x6a,0x0d,0x0f,0x2c,0x6a,
0x04,0x21,0x20,0x6a,0x0c,0x07,0x06,0x6a,0x15,0x25,0x24,0x6a,0x17,0x03,0x87,0xbf,
0x01,0x05,0x04,0x6a,0x11,0x29,0x22,0x6a,0x94,0x02,0x87,0xbf,0x07,0x00,0x11,0xd7,
0x05,0x07,0x02,0x00,0x00,0x27,0x26,0x6a,0x05,0x00,0x11,0xd7,0x12,0x2d,0x02,0x00,
0x03,0x00,0x11,0xd7,0x10,0x05,0x02,0x00,0x03,0x00,0x87,0xbf,0x02,0x00,0x11,0xd7,
0x13,0x23,0x02,0x00,0x77,0x00,0xa6,0xbf,0x09,0x85,0x02,0xbf,0x29,0x00,0xa1,0xbf,
0x02,0x00,0x11,0xd7,0x01,0x01,0x02,0x00,0x03,0x00,0x11,0xd7,0x0b,0x19,0x02,0x00,
0x05,0x00,0x16,0xd6,0x0d,0x19,0x42,0x02,0x90,0x00,0x0e,0x32,0x10,0x00,0x48,0xd6,
0x21,0x09,0x8a,0x04,0x02,0x40,0x0e,0xcc,0x26,0x05,0x96,0x1c,0x03,0x40,0x0e,0xcc,
0x26,0x07,0x96,0x1c,0x05,0x40,0x0e,0xcc,0x26,0x0b,0x96,0x1c,0x07,0x00,0x48,0xd6,
0x21,0x0f,0x8a,0x04,0x10,0x00,0x61,0xd6,0x10,0xe5,0x01,0x02,0x02,0x40,0x11,0xcc,
0x02,0xe5,0x01,0x08,0x03,0x40,0x11,0xcc,0x03,0xe5,0x01,0x08,0x05,0x40,0x11,0xcc,
0x05,0xe5,0x01,0x08,0x11,0x00,0x61,0xd6,0x07,0xe5,0x01,0x02,0x14,0x02,0x87,0xbf,
0x02,0x40,0x12,0xcc,0x02,0x01,0x01,0x18,0x07,0x40,0x12,0xcc,0x03,0x01,0x01,0x18,
0x94,0x01,0x87,0xbf,0x05,0x40,0x12,0xcc,0x05,0x01,0x01,0x18,0x03,0x00,0x11,0xd7,
0x10,0x05,0x02,0x00,0x02,0x00,0x16,0xd6,0x11,0x05,0x42,0x02,0x01,0x00,0xa5,0xbf,
0x4c,0x00,0xa0,0xbf,0x90,0x18,0x0a,0x32,0x90,0x00,0x26,0x32,0x02,0x00,0x8b,0xd5,
0x0b,0x01,0x00,0x20,0x03,0x00,0x8b,0xd5,0x0c,0x01,0x00,0x20,0x07,0x00,0x8b,0xd5,
0x0d,0x01,0x00,0x20,0x05,0x00,0x8b,0xd5,0x05,0x01,0x00,0x20,0x10,0x00,0x8b,0xd5,
0x04,0x01,0x00,0x20,0x11,0x00,0x8b,0xd5,0x01,0x01,0x00,0x20,0x12,0x00,0x8b,0xd5,
0x00,0x01,0x00,0x20,0x13,0x00,0x8b,0xd5,0x13,0x01,0x00,0x20,0xff,0x04,0xc6,0xc8,
0xff,0x06,0x02,0x02,0x3b,0xaa,0xb8,0x3f,0xff,0x0a,0xc6,0xc8,0xff,0x20,0x10,0x05,
0x3b,0xaa,0xb8,0x3f,0x04,0x00,0x87,0xbf,0xff,0x0e,0xc6,0xc8,0xff,0x24,0x12,0x07,
0x3b,0xaa,0xb8,0x3f,0xff,0x22,0x22,0x10,0x3b,0xaa,0xb8,0x3f,0xff,0x26,0x26,0x10,
0x3b,0xaa,0xb8,0x3f,0x02,0x4b,0x04,0x7e,0x03,0x4b,0x06,0x7e,0x05,0x4b,0x0a,0x7e,
0x07,0x4b,0x0e,0x7e,0x10,0x4b,0x20,0x7e,0x11,0x4b,0x22,0x7e,0x12,0x4b,0x24,0x7e,
0x13,0x4b,0x26,0x7e,0x02,0x15,0x04,0x7e,0x03,0x15,0x06,0x7e,0x05,0x15,0x0a,0x7e,
0x07,0x15,0x0e,0x7e,0x10,0x15,0x20,0x7e,0x17,0x03,0x87,0xbf,0x11,0x15,0x22,0x7e,
0x12,0x15,0x24,0x7e,0x05,0x00,0x87,0xbf,0x13,0x15,0x26,0x7e,0xf2,0x04,0x04,0x64,
0xf2,0x06,0x06,0x64,0xf2,0x0a,0x0a,0x64,0xf2,0x0e,0x0e,0x64,0xf2,0x20,0x20,0x64,
0xf2,0x22,0x22,0x64,0xf2,0x24,0x24,0x64,0xf2,0x26,0x26,0x64,0x02,0xa9,0x04,0x7e,
0x03,0xa9,0x06,0x7e,0x05,0xa9,0x0a,0x7e,0x07,0xa9,0x28,0x7e,0x10,0xa9,0x20,0x7e,
0x11,0xa9,0x22,0x7e,0x12,0xa9,0x24,0x7e,0x13,0xa9,0x26,0x7e,0x07,0x00,0x11,0xd7,
0x02,0x07,0x02,0x00,0x05,0x00,0x11,0xd7,0x05,0x29,0x02,0x00,0x07,0x00,0x87,0xbf,
0x03,0x00,0x11,0xd7,0x10,0x23,0x02,0x00,0xff,0x0f,0x88,0xbf,0x02,0x00,0x11,0xd7,
0x12,0x27,0x02,0x00,0x45,0x01,0xa6,0xbf,0x09,0x83,0x04,0xbf,0x1a,0x00,0xa2,0xbf,
0x09,0x83,0x02,0xbf,0x19,0x00,0xa1,0xbf,0x02,0x00,0x11,0xd7,0x01,0x01,0x02,0x00,
0x90,0x00,0x06,0x32,0x05,0x00,0x11,0xd7,0x0b,0x19,0x02,0x00,0x10,0x00,0x16,0xd6,
0x0d,0x19,0x42,0x02,0x11,0x00,0x48,0xd6,0x04,0x43,0x8a,0x04,0x02,0x40,0x0e,0xcc,
0x02,0x4d,0x96,0x1c,0x12,0x00,0x48,0xd6,0x03,0x43,0x8a,0x04,0x07,0x40,0x0e,0xcc,
0x05,0x4d,0x96,0x1c,0x05,0x40,0x0e,0xcc,0x10,0x4d,0x96,0x1c,0x14,0x02,0x87,0xbf,
0x03,0x00,0x11,0xd7,0x11,0x05,0x02,0x00,0x02,0x00,0x16,0xd6,0x12,0x05,0x42,0x02,
0x02,0x00,0xa5,0xbf,0x5c,0x00,0xa0,0xbf,0x5c,0x00,0xa0,0xbf,0x0b,0x17,0x04,0x7e,
0x0c,0x17,0x06,0x7e,0x90,0x18,0x0a,0x32,0x0d,0x17,0x0e,0x7e,0x04,0x17,0x20,0x7e,
0x14,0x02,0x87,0xbf,0xff,0x04,0xc6,0xc8,0xff,0x06,0x02,0x02,0x3b,0xaa,0xb8,0x3f,
0x05,0x17,0x24,0x7e,0x24,0x02,0x87,0xbf,0xff,0x0e,0x0e,0x10,0x3b,0xaa,0xb8,0x3f,
0x00,0x17,0x26,0x7e,0x02,0x4b,0x04,0x7e,0x03,0x4b,0x06,0x7e,0xff,0x24,0x24,0x10,
0x3b,0xaa,0xb8,0x3f,0x07,0x4b,0x0e,0x7e,0x80,0x16,0x08,0x7c,0x01,0x17,0x22,0x7e,
0x90,0x00,0x28,0x32,0x12,0x4b,0x24,0x7e,0xa2,0x03,0x87,0xbf,0xff,0x20,0xc6,0xc8,
0xff,0x22,0x10,0x10,0x3b,0xaa,0xb8,0x3f,0x02,0x15,0x04,0x7e,0x03,0x15,0x06,0x7e,
0x14,0x17,0x2a,0x7e,0x04,0x00,0x87,0xbf,0x10,0x4b,0x20,0x7e,0x07,0x15,0x0e,0x7e,
0x02,0x00,0x48,0xd6,0x02,0x43,0x86,0x84,0xff,0x26,0x26,0x10,0x3b,0xaa,0xb8,0x3f,
0x03,0x00,0x48,0xd6,0x03,0x43,0x86,0x84,0x12,0x15,0x24,0x7e,0x11,0x4b,0x22,0x7e,
0x0b,0x05,0x04,0x02,0x80,0x18,0x08,0x7c,0x07,0x00,0x48,0xd6,0x07,0x43,0x86,0x84,
0x12,0x00,0x48,0xd6,0x12,0x43,0x86,0x84,0x13,0x4b,0x26,0x7e,0x10,0x15,0x20,0x7e,
0x0c,0x07,0x06,0x02,0x80,0x0a,0x08,0x7c,0x46,0x02,0x87,0xbf,0x11,0x15,0x22,0x7e,
0x05,0x25,0x0a,0x02,0x80,0x1a,0x08,0x7c,0xff,0x2a,0x2a,0x10,0x3b,0xaa,0xb8,0x3f,
0x11,0x00,0x48,0xd6,0x11,0x43,0x86,0x84,0x0d,0x0f,0x24,0x02,0x03,0x00,0x87,0xbf,
0x15,0x4b,0x2a,0x7e,0x07,0x00,0x48,0xd6,0x10,0x43,0x86,0x84,0x80,0x08,0x08,0x7c,
0x13,0x15,0x20,0x7e,0xff,0x0f,0x88,0xbf,0x15,0x15,0x26,0x7e,0x04,0x0f,0x2a,0x02,
0x80,0x02,0x08,0x7c,0x07,0x00,0x48,0xd6,0x10,0x43,0x86,0x84,0x34,0x02,0x87,0xbf,
0x10,0x00,0x48,0xd6,0x13,0x43,0x86,0x84,0x01,0x23,0x22,0x02,0x80,0x00,0x08,0x7c,
0x00,0x0f,0x26,0x02,0x80,0x28,0x08,0x7c,0x07,0x00,0x11,0xd7,0x02,0x07,0x02,0x00,
0x03,0x00,0x11,0xd7,0x15,0x23,0x02,0x00,0x14,0x21,0x20,0x02,0x05,0x00,0x44,0xd6,
0x12,0x0b,0xfe,0x03,0x00,0x01,0x04,0x05,0x02,0x00,0x87,0xbf,0x02,0x00,0x44,0xd6,
0x10,0x27,0xfe,0x03,0x00,0x01,0x04,0x05,0xcc,0x00,0xa6,0xbf,0x09,0x81,0x02,0xbf,
0x76,0x00,0xa1,0xbf,0x0b,0x17,0x04,0x7e,0x0c,0x17,0x06,0x7e,0x90,0x18,0x0a,0x32,
0x80,0x16,0x08,0x7c,0x0d,0x17,0x24,0x7e,0x14,0x02,0x87,0xbf,0xff,0x04,0xc6,0xc8,
0xff,0x06,0x02,0x02,0x3b,0xaa,0xb8,0x3f,0x05,0x17,0x20,0x7e,0x0b,0x45,0x0e,0x02,
0x04,0x17,0x26,0x7e,0x34,0x01,0x87,0xbf,0x02,0x4b,0x04,0x7e,0x03,0x4b,0x06,0x7e,
0xff,0x20,0x20,0x10,0x3b,0xaa,0xb8,0x3f,0xff,0x24,0xc6,0xc8,0xff,0x26,0x12,0x12,
0x3b,0xaa,0xb8,0x3f,0x00,0x00,0x04,0xd4,0x80,0x18,0x02,0x00,0x01,0x17,0x28,0x7e,
0xc4,0x03,0x87,0xbf,0x10,0x4b,0x20,0x7e,0x90,0x00,0x2c,0x32,0x12,0x4b,0x24,0x7e,
0x02,0x15,0x04,0x7e,0x03,0x15,0x06,0x7e,0x11,0x00,0x01,0xd5,0x0c,0x45,0x02,0x00,
0x00,0x17,0x2a,0x7e,0x01,0x00,0x04,0xd4,0x80,0x0a,0x02,0x00,0x02,0x00,0x48,0xd6,
0x02,0x43,0x86,0x84,0x03,0x00,0x48,0xd6,0x03,0x43,0x86,0x84,0x10,0x15,0x20,0x7e,
0xff,0x28,0x28,0x10,0x3b,0xaa,0xb8,0x3f,0x13,0x4b,0x26,0x7e,0x22,0x05,0x04,0x02,
0x03,0x00,0x01,0xd5,0x22,0x07,0x02,0x00,0x10,0x00,0x48,0xd6,0x10,0x43,0x86,0x84,
0x05,0x00,0x01,0xd5,0x05,0x45,0x06,0x00,0x80,0x1a,0x08,0x7c,0x02,0x0f,0x04,0x6a,
0x16,0x17,0x0e,0x7e,0x03,0x23,0x06,0x6a,0x10,0x00,0x01,0xd5,0x22,0x21,0x06,0x00,
0x12,0x15,0x22,0x7e,0x14,0x4b,0x24,0x7e,0xff,0x0e,0xc6,0xc8,0xff,0x2a,0x14,0x07,
0x3b,0xaa,0xb8,0x3f,0x93,0x01,0x87,0xbf,0x10,0x0b,0x0a,0x6a,0x10,0x00,0x48,0xd6,
0x11,0x43,0x86,0x84,0x13,0x15,0x22,0x7e,0x04,0x00,0x87,0xbf,0x07,0x4b,0x0e,0x7e,
0x14,0x4b,0x26,0x7e,0x00,0x00,0x04,0xd4,0x80,0x08,0x02,0x00,0x0d,0x45,0x28,0x02,
0x11,0x00,0x48,0xd6,0x11,0x43,0x86,0x84,0x12,0x15,0x24,0x7e,0x22,0x21,0x20,0x02,
0x15,0x00,0x01,0xd5,0x04,0x45,0x02,0x00,0x80,0x02,0x08,0x7c,0x11,0x00,0x01,0xd5,
0x22,0x23,0x02,0x00,0x07,0x15,0x0e,0x7e,0x13,0x15,0x26,0x7e,0x12,0x00,0x48,0xd6,
0x12,0x43,0x86,0x84,0x00,0x00,0x04,0xd4,0x80,0x00,0x02,0x00,0x01,0x00,0x04,0xd4,
0x80,0x2c,0x02,0x00,0x07,0x00,0x48,0xd6,0x07,0x43,0x86,0x84,0x13,0x00,0x48,0xd6,
0x13,0x43,0x86,0x84,0x01,0x45,0x2e,0x02,0x22,0x25,0x24,0x02,0x18,0x00,0x01,0xd5,
0x00,0x45,0x02,0x00,0x16,0x00,0x01,0xd5,0x16,0x45,0x06,0x00,0x13,0x00,0x01,0xd5,
0x22,0x27,0x02,0x00,0x07,0x00,0x01,0xd5,0x22,0x0f,0x06,0x00,0x10,0x29,0x20,0x6a,
0x11,0x2b,0x22,0x6a,0x12,0x2f,0x24,0x6a,0x13,0x31,0x26,0x6a,0x07,0x2d,0x28,0x6a,
0x07,0x00,0x11,0xd7,0x02,0x07,0x02,0x00,0x05,0x00,0x11,0xd7,0x05,0x21,0x02,0x00,
0x03,0x00,0x11,0xd7,0x11,0x25,0x02,0x00,0x04,0x00,0x87,0xbf,0x02,0x00,0x11,0xd7,
0x13,0x29,0x02,0x00,0x01,0x00,0xa5,0xbf,0x54,0x00,0xa0,0xbf,0x09,0x81,0x07,0xbf,
0x4d,0x00,0xa2,0xbf,0x7e,0x34,0x6a,0x8b,0x39,0x00,0xa3,0xbf,0x0b,0x45,0x06,0x7c,
0x90,0x18,0x04,0x32,0x90,0x4a,0x06,0x32,0x90,0x4c,0x0a,0x32,0x90,0x00,0x1c,0x32,
0xff,0x42,0x0c,0x02,0x00,0x3c,0x00,0x00,0x25,0x19,0x0c,0x7c,0x52,0x01,0x87,0xbf,
0x06,0x17,0x0c,0x6a,0xff,0x4c,0x0e,0x02,0x00,0x3c,0x00,0x00,0x03,0x05,0x0c,0x7c,
0xff,0x0a,0x04,0x02,0x00,0x3c,0x00,0x00,0x0d,0x45,0x06,0x7c,0x02,0x00,0x44,0xd6,
0x02,0x0f,0xfe,0x03,0x00,0x01,0x04,0x05,0xff,0x42,0x0e,0x02,0x00,0x3c,0x00,0x00,
0x04,0x45,0x06,0x7c,0x93,0x01,0x87,0xbf,0x02,0x40,0x10,0xcc,0x02,0x19,0x02,0x18,
0x07,0x1b,0x0e,0x6a,0xff,0x42,0x1e,0x02,0x00,0x3c,0x00,0x00,0x01,0x45,0x06,0x7c,
0x52,0x02,0x87,0xbf,0x0f,0x09,0x22,0x6a,0xff,0x42,0x20,0x02,0x00,0x3c,0x00,0x00,
0x03,0x1d,0x0c,0x7c,0x0f,0x00,0x11,0xd7,0x06,0x05,0x02,0x00,0x0e,0x00,0x16,0xd6,
0x07,0x05,0x42,0x02,0x10,0x03,0x20,0x6a,0xff,0x0a,0x06,0x02,0x00,0x3c,0x00,0x00,
0x25,0x01,0x0c,0x7c,0xa3,0x00,0x87,0xbf,0x06,0x00,0x11,0xd7,0x11,0x21,0x02,0x00,
0xff,0x4c,0x0a,0x02,0x00,0x3c,0x00,0x00,0x03,0x00,0x44,0xd6,0x03,0x0b,0xfe,0x03,
0x00,0x01,0x04,0x05,0x01,0x00,0x87,0xbf,0x02,0x40,0x10,0xcc,0x03,0x01,0x02,0x18,
0x03,0x00,0xa5,0xbf,0x12,0x00,0xa0,0xbf,0xb9,0xfd,0xa5,0xbf,0x27,0xfe,0xa0,0xbf,
0x80,0x16,0x04,0x72,0x03,0x40,0x12,0xcc,0x0c,0x01,0x01,0x18,0x80,0x1a,0x0a,0x72,
0x80,0x08,0x08,0x72,0x80,0x02,0x02,0x72,0x14,0x02,0x87,0xbf,0x0f,0x00,0x11,0xd7,
0x02,0x07,0x02,0x00,0x0e,0x00,0x16,0xd6,0x05,0x07,0x42,0x02,0x02,0x40,0x12,0xcc,
0x00,0x01,0x01,0x18,0x04,0x00,0x87,0xbf,0x06,0x00,0x11,0xd7,0x04,0x03,0x02,0x00,
0x01,0x00,0x87,0xbf,0x02,0x03,0x00,0x7e,0x01,0x00,0x87,0xbf,0x00,0x01,0x10,0xca,
0x06,0x01,0x02,0x02,0x0e,0x03,0x0a,0x7e,0x0f,0x03,0x0e,0x7e,0x8f,0x52,0x92,0x7c,
0x12,0x02,0x87,0xbf,0x90,0x0e,0x0c,0x32,0x90,0x0a,0x08,0x32,0x90,0x04,0x02,0x32,
0xc1,0x00,0x80,0xbe,0x00,0x00,0x01,0xd5,0x80,0x02,0xa9,0x01,0x7e,0x03,0x6a,0x91,
0x01,0x00,0x87,0xbf,0x10,0x00,0x16,0x38,0x90,0x06,0x00,0x32,0x69,0x00,0xa4,0xbf,
0x42,0x02,0x87,0xbf,0x82,0x16,0x1c,0x38,0x1d,0x10,0x98,0x7c,0x00,0x00,0x4c,0xd4,
0x1c,0x16,0x02,0x00,0x0c,0x7c,0xfe,0xd6,0x0b,0x3b,0x20,0x04,0x01,0x00,0x4c,0xd4,
0x1c,0x1c,0x02,0x00,0x84,0x16,0x1a,0x38,0x94,0x04,0x87,0xbf,0x6a,0x00,0x00,0x8b,
0x0e,0x00,0x01,0xd5,0xff,0x00,0x01,0x00,0x00,0x00,0x00,0x80,0x13,0x02,0x87,0xbf,
0x6a,0x01,0x00,0x8b,0x0f,0x18,0x1e,0x4a,0x10,0x00,0x01,0xd5,0xff,0x00,0x01,0x00,
0x00,0x00,0x00,0x80,0x00,0x00,0x4c,0xd4,0x1c,0x1a,0x02,0x00,0x86,0x16,0x1a,0x38,
0x0c,0x00,0x46,0xd6,0x0c,0x03,0x39,0x04,0x14,0x02,0x87,0xbf,0x0e,0x00,0x46,0xd6,
0x0f,0x03,0x41,0x04,0x6a,0x00,0x00,0x8b,0x0f,0x1e,0x1e,0x4a,0x10,0x00,0x01,0xd5,
0xff,0x00,0x01,0x00,0x00,0x00,0x00,0x80,0x00,0x00,0x4c,0xd4,0x1c,0x1a,0x02,0x00,
0x01,0x00,0x85,0xbf,0x00,0x00,0x64,0xe0,0x0c,0x07,0x4a,0x80,0x00,0x00,0x64,0xe0,
0x0e,0x06,0x4a,0x80,0x0f,0x1e,0x18,0x4a,0x0d,0x00,0x46,0xd6,0x0f,0x03,0x41,0x04,
0x88,0x16,0x1e,0x38,0x6a,0x00,0x00,0x8b,0x09,0x00,0x87,0xbf,0x0e,0x00,0x01,0xd5,
0xff,0x00,0x01,0x00,0x00,0x00,0x00,0x80,0x00,0x00,0x64,0xe0,0x0d,0x05,0x4a,0x80,
0x8a,0x16,0x1a,0x38,0x00,0x00,0x4c,0xd4,0x1c,0x1e,0x02,0x00,0x0f,0x18,0x20,0x4a,
0x8c,0x16,0x1e,0x38,0x0c,0x00,0x46,0xd6,0x0c,0x03,0x39,0x04,0x01,0x00,0x4c,0xd4,
0x1c,0x1a,0x02,0x00,0x8e,0x16,0x1a,0x38,0x6a,0x00,0x00,0x8b,0x0f,0x20,0x1c,0x4a,
0x11,0x00,0x01,0xd5,0xff,0x00,0x01,0x00,0x00,0x00,0x00,0x80,0x00,0x00,0x4c,0xd4,
0x1c,0x1e,0x02,0x00,0x03,0x00,0x4c,0xd4,0x1c,0x1a,0x02,0x00,0x6a,0x01,0x01,0x8b,
0x0f,0x1c,0x1e,0x4a,0x0d,0x00,0x01,0xd5,0xff,0x00,0x05,0x00,0x00,0x00,0x00,0x80,
0x6a,0x00,0x00,0x8b,0x10,0x00,0x46,0xd6,0x10,0x03,0x45,0x04,0x12,0x00,0x01,0xd5,
0xff,0x00,0x01,0x00,0x00,0x00,0x00,0x80,0x6a,0x03,0x00,0x8b,0x0f,0x1e,0x26,0x4a,
0x14,0x00,0x01,0xd5,0xff,0x00,0x01,0x00,0x00,0x00,0x00,0x80,0x00,0x00,0x64,0xe0,
0x0c,0x04,0x4a,0x80,0x0d,0x00,0x46,0xd6,0x0e,0x03,0x35,0x04,0x0e,0x00,0x46,0xd6,
0x0f,0x03,0x49,0x04,0x80,0x00,0x80,0xbe,0x0c,0x00,0x46,0xd6,0x13,0x03,0x51,0x04,
0x03,0x00,0x85,0xbf,0x00,0x00,0x64,0xe0,0x10,0x03,0x4a,0x80,0x00,0x00,0x64,0xe0,
0x0d,0x00,0x4a,0x80,0x00,0x00,0x64,0xe0,0x0e,0x02,0x4a,0x80,0x00,0x00,0x64,0xe0,
0x0c,0x01,0x4a,0x80,0x7e,0x00,0x6a,0x91,0xd1,0xf7,0xa4,0xbf,0x0c,0x7c,0xfe,0xd6,
0x0b,0x3b,0x20,0x04,0x21,0x01,0x87,0xbf,0x0f,0x18,0x10,0x4a,0x81,0x18,0x18,0x30,
0x0f,0x10,0x16,0x4a,0x81,0x10,0x10,0x30,0x01,0x00,0x85,0xbf,0x00,0x00,0x64,0xe0,
0x0c,0x07,0x4a,0x80,0x00,0x00,0x64,0xe0,0x08,0x06,0x4a,0x80,0x0f,0x16,0x1a,0x4a,
0x81,0x16,0x16,0x30,0x52,0x01,0x87,0xbf,0x0f,0x1a,0x1c,0x4a,0x00,0x00,0x64,0xe0,
0x0b,0x05,0x4a,0x80,0x81,0x1a,0x0a,0x30,0x0f,0x1c,0x1e,0x4a,0x81,0x1c,0x0e,0x30,
0x0f,0x1e,0x0c,0x4a,0x81,0x1e,0x10,0x30,0x02,0x00,0x87,0xbf,0x81,0x0c,0x16,0x30,
0x06,0x00,0x47,0xd6,0x06,0x1f,0x04,0x02,0x04,0x00,0x85,0xbf,0x00,0x00,0x64,0xe0,
0x05,0x04,0x4a,0x80,0x00,0x00,0x64,0xe0,0x07,0x03,0x4a,0x80,0x00,0x00,0x64,0xe0,
0x08,0x00,0x4a,0x80,0x00,0x00,0x64,0xe0,0x0b,0x02,0x4a,0x80,0x00,0x00,0x64,0xe0,
0x06,0x01,0x4a,0x80,0xaa,0xf7,0xa0,0xbf,0x00,0x00,0x80,0xbf,0x03,0x00,0xb6,0xbf,
0x00,0x00,0xb0,0xbf,0xf7,0xf6,0xa0,0xbf,0x05,0xf7,0xa0,0xbf,0x00,0x00,0x9f,0xbf,
0x00,0x00,0x9f,0xbf,0x00,0x00,0x9f,0xbf,0x00,0x00,0x9f,0xbf,0x00,0x00,0x9f,0xbf,
0x00,0x00,0x9f,0xbf,0x00,0x00,0x9f,0xbf,0x00,0x00,0x9f,0xbf,0x00,0x00,0x9f,0xbf,
0x00,0x00,0x9f,0xbf,0x00,0x00,0x9f,0xbf,0x00,0x00,0x9f,0xbf,0x00,0x00,0x9f,0xbf,
0x00,0x00,0x9f,0xbf,0x00,0x00,0x9f,0xbf,0x00,0x00,0x9f,0xbf,0x00,0x00,0x9f,0xbf,
0x00,0x00,0x9f,0xbf,0x00,0x00,0x9f,0xbf,0x00,0x00,0x9f,0xbf,0x00,0x00,0x9f,0xbf,
0x00,0x00,0x9f,0xbf,0x00,0x00,0x9f,0xbf,0x00,0x00,0x9f,0xbf,0x00,0x00,0x9f,0xbf,
0x00,0x00,0x9f,0xbf,0x00,0x00,0x9f,0xbf,0x00,0x00,0x9f,0xbf,0x00,0x00,0x9f,0xbf,
0x00,0x00,0x9f,0xbf,0x00,0x00,0x9f,0xbf,0x00,0x00,0x9f,0xbf,0x00,0x00,0x9f,0xbf,
0x00,0x00,0x9f,0xbf,0x00,0x00,0x9f,0xbf,0x00,0x00,0x9f,0xbf,0x00,0x00,0x9f,0xbf,
0x00,0x00,0x9f,0xbf,0x00,0x00,0x9f,0xbf,0x00,0x00,0x9f,0xbf,0x00,0x00,0x9f,0xbf,
0x00,0x00,0x9f,0xbf,0x00,0x00,0x9f,0xbf,0x00,0x00,0x9f,0xbf,0x00,0x00,0x9f,0xbf,
0x00,0x00,0x9f,0xbf,0x00,0x00,0x9f,0xbf,0x00,0x00,0x9f,0xbf,0x00,0x00,0x9f,0xbf,
0x00,0x00,0x9f,0xbf,0x00,0x00,0x9f,0xbf,0x00,0x00,0x9f,0xbf,0x00,0x00,0x9f,0xbf,
0x00,0x00,0x9f,0xbf,0x00,0x00,0x9f,0xbf,0x00,0x00,0x9f,0xbf,0x00,0x00,0x9f,0xbf,
0x00,0x00,0x9f,0xbf,0x00,0x00,0x9f,0xbf,0x00,0x00,0x9f,0xbf,0x00,0x00,0x9f,0xbf,
0x00,0x00,0x9f,0xbf,0x00,0x00,0x9f,0xbf,0x00,0x00,0x9f,0xbf,0x00,0x00,0x9f,0xbf,
0x00,0x00,0x9f,0xbf,0x00,0x00,0x9f,0xbf,0x00,0x00,0x9f,0xbf,0x00,0x00,0x9f,0xbf,
0x00,0x00,0x9f,0xbf,0x00,0x00,0x9f,0xbf,0x00,0x00,0x9f,0xbf,0x00,0x00,0x9f,0xbf,
0x00,0x00,0x9f,0xbf,0x00,0x00,0x9f,0xbf,0x00,0x00,0x9f,0xbf,0x00,0x00,0x9f,0xbf,
0x00,0x00,0x9f,0xbf,0x00,0x00,0x9f,0xbf,0x00,0x00,0x9f,0xbf,0x00,0x00,0x9f,0xbf,
0x00,0x00,0x9f,0xbf,0x00,0x00,0x9f,0xbf,0x00,0x00,0x9f,0xbf,0x00,0x00,0x9f,0xbf,
0x00,0x00,0x9f,0xbf,0x00,0x00,0x9f,0xbf,0x00,0x00,0x9f,0xbf,0x00,0x00,0x9f,0xbf,
0x00,0x00,0x9f,0xbf,0x00,0x00,0x9f,0xbf,0x00,0x00,0x9f,0xbf,0x00,0x00,0x9f,0xbf,
0x00,0x00,0x9f,0xbf,0x00,0x00,0x9f,0xbf,0x00,0x00,0x9f,0xbf,0x00,0x00,0x9f,0xbf,
0x00,0x00,0x9f,0xbf,0x00,0x00,0x9f,0xbf,0x00,0x00,0x9f,0xbf,0x00,0x00,0x9f,0xbf,
0x00,0x00,0x00,0x00,0x00,0x00,0x00,0x00,0x58,0x01,0x00,0x00,0x00,0x00,0x00,0x00,
0x00,0x00,0x00,0x00,0x00,0x00,0x00,0x00,0x00,0x00,0x00,0x00,0x00,0x00,0x00,0x00,
0x00,0x00,0x00,0x00,0x00,0x00,0x00,0x00,0x00,0x00,0x00,0x00,0x00,0x00,0x00,0x00,
0x09,0x00,0xaf,0x40,0x9a,0x0b,0x00,0x00,0x08,0x04,0x00,0x00,0x00,0x00,0x00,0x00,
0x00,0x63,0x6c,0x61,0x6e,0x67,0x20,0x76,0x65,0x72,0x73,0x69,0x6f,0x6e,0x20,0x31,
0x39,0x2e,0x30,0x2e,0x30,0x67,0x69,0x74,0x00,0x00,0x00,0x00,0x07,0x00,0x00,0x00,
0xd3,0x07,0x00,0x00,0x20,0x00,0x00,0x00,0x41,0x4d,0x44,0x47,0x50,0x55,0x00,0x00,
0x83,0xae,0x61,0x6d,0x64,0x68,0x73,0x61,0x2e,0x6b,0x65,0x72,0x6e,0x65,0x6c,0x73,
0x91,0xde,0x00,0x12,0xa5,0x2e,0x61,0x72,0x67,0x73,0xdc,0x00,0x1e,0x83,0xa7,0x2e,
0x6f,0x66,0x66,0x73,0x65,0x74,0x00,0xa5,0x2e,0x73,0x69,0x7a,0x65,0x04,0xab,0x2e,
0x76,0x61,0x6c,0x75,0x65,0x5f,0x6b,0x69,0x6e,0x64,0xa8,0x62,0x79,0x5f,0x76,0x61,
0x6c,0x75,0x65,0x83,0xa7,0x2e,0x6f,0x66,0x66,0x73,0x65,0x74,0x04,0xa5,0x2e,0x73,
0x69,0x7a,0x65,0x04,0xab,0x2e,0x76,0x61,0x6c,0x75,0x65,0x5f,0x6b,0x69,0x6e,0x64,
0xa8,0x62,0x79,0x5f,0x76,0x61,0x6c,0x75,0x65,0x83,0xa7,0x2e,0x6f,0x66,0x66,0x73,
0x65,0x74,0x08,0xa5,0x2e,0x73,0x69,0x7a,0x65,0x04,0xab,0x2e,0x76,0x61,0x6c,0x75,
0x65,0x5f,0x6b,0x69,0x6e,0x64,0xa8,0x62,0x79,0x5f,0x76,0x61,0x6c,0x75,0x65,0x85,
0xae,0x2e,0x61,0x63,0x74,0x75,0x61,0x6c,0x5f,0x61,0x63,0x63,0x65,0x73,0x73,0xa9,
0x72,0x65,0x61,0x64,0x5f,0x6f,0x6e,0x6c,0x79,0xae,0x2e,0x61,0x64,0x64,0x72,0x65,
0x73,0x73,0x5f,0x73,0x70,0x61,0x63,0x65,0xa6,0x67,0x6c,0x6f,0x62,0x61,0x6c,0xa7,
0x2e,0x6f,0x66,0x66,0x73,0x65,0x74,0x10,0xa5,0x2e,0x73,0x69,0x7a,0x65,0x08,0xab,
0x2e,0x76,0x61,0x6c,0x75,0x65,0x5f,0x6b,0x69,0x6e,0x64,0xad,0x67,0x6c,0x6f,0x62,
0x61,0x6c,0x5f,0x62,0x75,0x66,0x66,0x65,0x72,0x85,0xae,0x2e,0x61,0x63,0x74,0x75,
0x61,0x6c,0x5f,0x61,0x63,0x63,0x65,0x73,0x73,0xa9,0x72,0x65,0x61,0x64,0x5f,0x6f,
0x6e,0x6c,0x79,0xae,0x2e,0x61,0x64,0x64,0x72,0x65,0x73,0x73,0x5f,0x73,0x70,0x61,
0x63,0x65,0xa6,0x67,0x6c,0x6f,0x62,0x61,0x6c,0xa7,0x2e,0x6f,0x66,0x66,0x73,0x65,
0x74,0x18,0xa5,0x2e,0x73,0x69,0x7a,0x65,0x08,0xab,0x2e,0x76,0x61,0x6c,0x75,0x65,
0x5f,0x6b,0x69,0x6e,0x64,0xad,0x67,0x6c,0x6f,0x62,0x61,0x6c,0x5f,0x62,0x75,0x66,
0x66,0x65,0x72,0x85,0xae,0x2e,0x61,0x63,0x74,0x75,0x61,0x6c,0x5f,0x61,0x63,0x63,
0x65,0x73,0x73,0xa9,0x72,0x65,0x61,0x64,0x5f,0x6f,0x6e,0x6c,0x79,0xae,0x2e,0x61,
0x64,0x64,0x72,0x65,0x73,0x73,0x5f,0x73,0x70,0x61,0x63,0x65,0xa6,0x67,0x6c,0x6f,
0x62,0x61,0x6c,0xa7,0x2e,0x6f,0x66,0x66,0x73,0x65,0x74,0x20,0xa5,0x2e,0x73,0x69,
0x7a,0x65,0x08,0xab,0x2e,0x76,0x61,0x6c,0x75,0x65,0x5f,0x6b,0x69,0x6e,0x64,0xad,
0x67,0x6c,0x6f,0x62,0x61,0x6c,0x5f,0x62,0x75,0x66,0x66,0x65,0x72,0x84,0xae,0x2e,
0x61,0x64,0x64,0x72,0x65,0x73,0x73,0x5f,0x73,0x70,0x61,0x63,0x65,0xa6,0x67,0x6c,
0x6f,0x62,0x61,0x6c,0xa7,0x2e,0x6f,0x66,0x66,0x73,0x65,0x74,0x28,0xa5,0x2e,0x73,
0x69,0x7a,0x65,0x08,0xab,0x2e,0x76,0x61,0x6c,0x75,0x65,0x5f,0x6b,0x69,0x6e,0x64,
0xad,0x67,0x6c,0x6f,0x62,0x61,0x6c,0x5f,0x62,0x75,0x66,0x66,0x65,0x72,0x83,0xa7,
0x2e,0x6f,0x66,0x66,0x73,0x65,0x74,0x30,0xa5,0x2e,0x73,0x69,0x7a,0x65,0x04,0xab,
0x2e,0x76,0x61,0x6c,0x75,0x65,0x5f,0x6b,0x69,0x6e,0x64,0xa8,0x62,0x79,0x5f,0x76,
0x61,0x6c,0x75,0x65,0x83,0xa7,0x2e,0x6f,0x66,0x66,0x73,0x65,0x74,0x34,0xa5,0x2e,
0x73,0x69,0x7a,0x65,0x04,0xab,0x2e,0x76,0x61,0x6c,0x75,0x65,0x5f,0x6b,0x69,0x6e,
0x64,0xa8,0x62,0x79,0x5f,0x76,0x61,0x6c,0x75,0x65,0x83,0xa7,0x2e,0x6f,0x66,0x66,
0x73,0x65,0x74,0x38,0xa5,0x2e,0x73,0x69,0x7a,0x65,0x04,0xab,0x2e,0x76,0x61,0x6c,
0x75,0x65,0x5f,0x6b,0x69,0x6e,0x64,0xa8,0x62,0x79,0x5f,0x76,0x61,0x6c,0x75,0x65,
0x83,0xa7,0x2e,0x6f,0x66,0x66,0x73,0x65,0x74,0x3c,0xa5,0x2e,0x73,0x69,0x7a,0x65,
0x04,0xab,0x2e,0x76,0x61,0x6c,0x75,0x65,0x5f,0x6b,0x69,0x6e,0x64,0xa8,0x62,0x79,
0x5f,0x76,0x61,0x6c,0x75,0x65,0x83,0xa7,0x2e,0x6f,0x66,0x66,0x73,0x65,0x74,0x40,
0xa5,0x2e,0x73,0x69,0x7a,0x65,0x04,0xab,0x2e,0x76,0x61,0x6c,0x75,0x65,0x5f,0x6b,
0x69,0x6e,0x64,0xa8,0x62,0x79,0x5f,0x76,0x61,0x6c,0x75,0x65,0x83,0xa7,0x2e,0x6f,
0x66,0x66,0x73,0x65,0x74,0x44,0xa5,0x2e,0x73,0x69,0x7a,0x65,0x04,0xab,0x2e,0x76,
0x61,0x6c,0x75,0x65,0x5f,0x6b,0x69,0x6e,0x64,0xa8,0x62,0x79,0x5f,0x76,0x61,0x6c,
0x75,0x65,0x83,0xa7,0x2e,0x6f,0x66,0x66,0x73,0x65,0x74,0x48,0xa5,0x2e,0x73,0x69,
0x7a,0x65,0x04,0xab,0x2e,0x76,0x61,0x6c,0x75,0x65,0x5f,0x6b,0x69,0x6e,0x64,0xa8,
0x62,0x79,0x5f,0x76,0x61,0x6c,0x75,0x65,0x83,0xa7,0x2e,0x6f,0x66,0x66,0x73,0x65,
0x74,0x4c,0xa5,0x2e,0x73,0x69,0x7a,0x65,0x04,0xab,0x2e,0x76,0x61,0x6c,0x75,0x65,
0x5f,0x6b,0x69,0x6e,0x64,0xa8,0x62,0x79,0x5f,0x76,0x61,0x6c,0x75,0x65,0x83,0xa7,
0x2e,0x6f,0x66,0x66,0x73,0x65,0x74,0x50,0xa5,0x2e,0x73,0x69,0x7a,0x65,0x01,0xab,
0x2e,0x76,0x61,0x6c,0x75,0x65,0x5f,0x6b,0x69,0x6e,0x64,0xa8,0x62,0x79,0x5f,0x76,
0x61,0x6c,0x75,0x65,0x83,0xa7,0x2e,0x6f,0x66,0x66,0x73,0x65,0x74,0x51,0xa5,0x2e,
0x73,0x69,0x7a,0x65,0x01,0xab,0x2e,0x76,0x61,0x6c,0x75,0x65,0x5f,0x6b,0x69,0x6e,
0x64,0xa8,0x62,0x79,0x5f,0x76,0x61,0x6c,0x75,0x65,0x83,0xa7,0x2e,0x6f,0x66,0x66,
0x73,0x65,0x74,0x58,0xa5,0x2e,0x73,0x69,0x7a,0x65,0x04,0xab,0x2e,0x76,0x61,0x6c,
0x75,0x65,0x5f,0x6b,0x69,0x6e,0x64,0xb4,0x68,0x69,0x64,0x64,0x65,0x6e,0x5f,0x62,
0x6c,0x6f,0x63,0x6b,0x5f,0x63,0x6f,0x75,0x6e,0x74,0x5f,0x78,0x83,0xa7,0x2e,0x6f,
0x66,0x66,0x73,0x65,0x74,0x5c,0xa5,0x2e,0x73,0x69,0x7a,0x65,0x04,0xab,0x2e,0x76,
0x61,0x6c,0x75,0x65,0x5f,0x6b,0x69,0x6e,0x64,0xb4,0x68,0x69,0x64,0x64,0x65,0x6e,
0x5f,0x62,0x6c,0x6f,0x63,0x6b,0x5f,0x63,0x6f,0x75,0x6e,0x74,0x5f,0x79,0x83,0xa7,
0x2e,0x6f,0x66,0x66,0x73,0x65,0x74,0x60,0xa5,0x2e,0x73,0x69,0x7a,0x65,0x04,0xab,
0x2e,0x76,0x61,0x6c,0x75,0x65,0x5f,0x6b,0x69,0x6e,0x64,0xb4,0x68,0x69,0x64,0x64,
0x65,0x6e,0x5f,0x62,0x6c,0x6f,0x63,0x6b,0x5f,0x63,0x6f,0x75,0x6e,0x74,0x5f,0x7a,
0x83,0xa7,0x2e,0x6f,0x66,0x66,0x73,0x65,0x74,0x64,0xa5,0x2e,0x73,0x69,0x7a,0x65,
0x02,0xab,0x2e,0x76,0x61,0x6c,0x75,0x65,0x5f,0x6b,0x69,0x6e,0x64,0xb3,0x68,0x69,
0x64,0x64,0x65,0x6e,0x5f,0x67,0x72,0x6f,0x75,0x70,0x5f,0x73,0x69,0x7a,0x65,0x5f,
0x78,0x83,0xa7,0x2e,0x6f,0x66,0x66,0x73,0x65,0x74,0x66,0xa5,0x2e,0x73,0x69,0x7a,
0x65,0x02,0xab,0x2e,0x76,0x61,0x6c,0x75,0x65,0x5f,0x6b,0x69,0x6e,0x64,0xb3,0x68,
0x69,0x64,0x64,0x65,0x6e,0x5f,0x67,0x72,0x6f,0x75,0x70,0x5f,0x73,0x69,0x7a,0x65,
0x5f,0x79,0x83,0xa7,0x2e,0x6f,0x66,0x66,0x73,0x65,0x74,0x68,0xa5,0x2e,0x73,0x69,
0x7a,0x65,0x02,0xab,0x2e,0x76,0x61,0x6c,0x75,0x65,0x5f,0x6b,0x69,0x6e,0x64,0xb3,
0x68,0x69,0x64,0x64,0x65,0x6e,0x5f,0x67,0x72,0x6f,0x75,0x70,0x5f,0x73,0x69,0x7a,
0x65,0x5f,0x7a,0x83,0xa7,0x2e,0x6f,0x66,0x66,0x73,0x65,0x74,0x6a,0xa5,0x2e,0x73,
0x69,0x7a,0x65,0x02,0xab,0x2e,0x76,0x61,0x6c,0x75,0x65,0x5f,0x6b,0x69,0x6e,0x64,
0xb2,0x68,0x69,0x64,0x64,0x65,0x6e,0x5f,0x72,0x65,0x6d,0x61,0x69,0x6e,0x64,0x65,
0x72,0x5f,0x78,0x83,0xa7,0x2e,0x6f,0x66,0x66,0x73,0x65,0x74,0x6c,0xa5,0x2e,0x73,
0x69,0x7a,0x65,0x02,0xab,0x2e,0x76,0x61,0x6c,0x75,0x65,0x5f,0x6b,0x69,0x6e,0x64,
0xb2,0x68,0x69,0x64,0x64,0x65,0x6e,0x5f,0x72,0x65,0x6d,0x61,0x69,0x6e,0x64,0x65,
0x72,0x5f,0x79,0x83,0xa7,0x2e,0x6f,0x66,0x66,0x73,0x65,0x74,0x6e,0xa5,0x2e,0x73,
0x69,0x7a,0x65,0x02,0xab,0x2e,0x76,0x61,0x6c,0x75,0x65,0x5f,0x6b,0x69,0x6e,0x64,
0xb2,0x68,0x69,0x64,0x64,0x65,0x6e,0x5f,0x72,0x65,0x6d,0x61,0x69,0x6e,0x64,0x65,
0x72,0x5f,0x7a,0x83,0xa7,0x2e,0x6f,0x66,0x66,0x73,0x65,0x74,0xcc,0x80,0xa5,0x2e,
0x73,0x69,0x7a,0x65,0x08,0xab,0x2e,0x76,0x61,0x6c,0x75,0x65,0x5f,0x6b,0x69,0x6e,
0x64,0xb6,0x68,0x69,0x64,0x64,0x65,0x6e,0x5f,0x67,0x6c,0x6f,0x62,0x61,0x6c,0x5f,
0x6f,0x66,0x66,0x73,0x65,0x74,0x5f,0x78,0x83,0xa7,0x2e,0x6f,0x66,0x66,0x73,0x65,
0x74,0xcc,0x88,0xa5,0x2e,0x73,0x69,0x7a,0x65,0x08,0xab,0x2e,0x76,0x61,0x6c,0x75,
0x65,0x5f,0x6b,0x69,0x6e,0x64,0xb6,0x68,0x69,0x64,0x64,0x65,0x6e,0x5f,0x67,0x6c,
0x6f,0x62,0x61,0x6c,0x5f,0x6f,0x66,0x66,0x73,0x65,0x74,0x5f,0x79,0x83,0xa7,0x2e,
0x6f,0x66,0x66,0x73,0x65,0x74,0xcc,0x90,0xa5,0x2e,0x73,0x69,0x7a,0x65,0x08,0xab,
0x2e,0x76,0x61,0x6c,0x75,0x65,0x5f,0x6b,0x69,0x6e,0x64,0xb6,0x68,0x69,0x64,0x64,
0x65,0x6e,0x5f,0x67,0x6c,0x6f,0x62,0x61,0x6c,0x5f,0x6f,0x66,0x66,0x73,0x65,0x74,
0x5f,0x7a,0x83,0xa7,0x2e,0x6f,0x66,0x66,0x73,0x65,0x74,0xcc,0x98,0xa5,0x2e,0x73,
0x69,0x7a,0x65,0x02,0xab,0x2e,0x76,0x61,0x6c,0x75,0x65,0x5f,0x6b,0x69,0x6e,0x64,
0xb0,0x68,0x69,0x64,0x64,0x65,0x6e,0x5f,0x67,0x72,0x69,0x64,0x5f,0x64,0x69,0x6d,
0x73,0xb9,0x2e,0x67,0x72,0x6f,0x75,0x70,0x5f,0x73,0x65,0x67,0x6d,0x65,0x6e,0x74,
0x5f,0x66,0x69,0x78,0x65,0x64,0x5f,0x73,0x69,0x7a,0x65,0x00,0xb6,0x2e,0x6b,0x65,
0x72,0x6e,0x61,0x72,0x67,0x5f,0x73,0x65,0x67,0x6d,0x65,0x6e,0x74,0x5f,0x61,0x6c,
0x69,0x67,0x6e,0x08,0xb5,0x2e,0x6b,0x65,0x72,0x6e,0x61,0x72,0x67,0x5f,0x73,0x65,
0x67,0x6d,0x65,0x6e,0x74,0x5f,0x73,0x69,0x7a,0x65,0xcd,0x01,0x58,0xa9,0x2e,0x6c,
0x61,0x6e,0x67,0x75,0x61,0x67,0x65,0xa8,0x4f,0x70,0x65,0x6e,0x43,0x4c,0x20,0x43,
0xb1,0x2e,0x6c,0x61,0x6e,0x67,0x75,0x61,0x67,0x65,0x5f,0x76,0x65,0x72,0x73,0x69,
0x6f,0x6e,0x92,0x02,0x00,0xb8,0x2e,0x6d,0x61,0x78,0x5f,0x66,0x6c,0x61,0x74,0x5f,
0x77,0x6f,0x72,0x6b,0x67,0x72,0x6f,0x75,0x70,0x5f,0x73,0x69,0x7a,0x65,0x20,0xa5,
0x2e,0x6e,0x61,0x6d,0x65,0xd9,0x2e,0x5f,0x5a,0x39,0x67,0x65,0x6d,0x6d,0x5f,0x77,
0x6d,0x6d,0x61,0x6a,0x6a,0x6a,0x50,0x50,0x4b,0x44,0x46,0x31,0x36,0x5f,0x53,0x31,
0x5f,0x53,0x31,0x5f,0x50,0x50,0x44,0x46,0x31,0x36,0x5f,0x6a,0x6a,0x6a,0x66,0x66,
0x6a,0x66,0x66,0x62,0x62,0xbb,0x2e,0x70,0x72,0x69,0x76,0x61,0x74,0x65,0x5f,0x73,
0x65,0x67,0x6d,0x65,0x6e,0x74,0x5f,0x66,0x69,0x78,0x65,0x64,0x5f,0x73,0x69,0x7a,
0x65,0x00,0xab,0x2e,0x73,0x67,0x70,0x72,0x5f,0x63,0x6f,0x75,0x6e,0x74,0x52,0xb1,
0x2e,0x73,0x67,0x70,0x72,0x5f,0x73,0x70,0x69,0x6c,0x6c,0x5f,0x63,0x6f,0x75,0x6e,
0x74,0x00,0xa7,0x2e,0x73,0x79,0x6d,0x62,0x6f,0x6c,0xd9,0x31,0x5f,0x5a,0x39,0x67,
0x65,0x6d,0x6d,0x5f,0x77,0x6d,0x6d,0x61,0x6a,0x6a,0x6a,0x50,0x50,0x4b,0x44,0x46,
0x31,0x36,0x5f,0x53,0x31,0x5f,0x53,0x31,0x5f,0x50,0x50,0x44,0x46,0x31,0x36,0x5f,
0x6a,0x6a,0x6a,0x66,0x66,0x6a,0x66,0x66,0x62,0x62,0x2e,0x6b,0x64,0xb8,0x2e,0x75,
0x6e,0x69,0x66,0x6f,0x72,0x6d,0x5f,0x77,0x6f,0x72,0x6b,0x5f,0x67,0x72,0x6f,0x75,
0x70,0x5f,0x73,0x69,0x7a,0x65,0x01,0xb3,0x2e,0x75,0x73,0x65,0x73,0x5f,0x64,0x79,
0x6e,0x61,0x6d,0x69,0x63,0x5f,0x73,0x74,0x61,0x63,0x6b,0xc2,0xab,0x2e,0x76,0x67,
0x70,0x72,0x5f,0x63,0x6f,0x75,0x6e,0x74,0x4e,0xb1,0x2e,0x76,0x67,0x70,0x72,0x5f,
0x73,0x70,0x69,0x6c,0x6c,0x5f,0x63,0x6f,0x75,0x6e,0x74,0x00,0xaf,0x2e,0x77,0x61,
0x76,0x65,0x66,0x72,0x6f,0x6e,0x74,0x5f,0x73,0x69,0x7a,0x65,0x20,0xb9,0x2e,0x77,
0x6f,0x72,0x6b,0x67,0x72,0x6f,0x75,0x70,0x5f,0x70,0x72,0x6f,0x63,0x65,0x73,0x73,
0x6f,0x72,0x5f,0x6d,0x6f,0x64,0x65,0x00,0xad,0x61,0x6d,0x64,0x68,0x73,0x61,0x2e,
0x74,0x61,0x72,0x67,0x65,0x74,0xba,0x61,0x6d,0x64,0x67,0x63,0x6e,0x2d,0x61,0x6d,
0x64,0x2d,0x61,0x6d,0x64,0x68,0x73,0x61,0x2d,0x2d,0x67,0x66,0x78,0x31,0x31,0x30,
0x30,0xae,0x61,0x6d,0x64,0x68,0x73,0x61,0x2e,0x76,0x65,0x72,0x73,0x69,0x6f,0x6e,
0x92,0x01,0x02,0x00,0x00,0x00,0x00,0x00,0x00,0x00,0x00,0x00,0x00,0x00,0x00,0x00,
0x00,0x00,0x00,0x00,0x00,0x00,0x00,0x00,0x00,0x00,0x00,0x00,0x00,0x00,0x00,0x00,
0x6b,0x00,0x00,0x00,0x12,0x03,0x02,0x00,0x00,0x00,0x00,0x00,0x00,0x00,0x00,0x00,
0x6c,0x24,0x00,0x00,0x00,0x00,0x00,0x00,0x39,0x00,0x00,0x00,0x11,0x03,0x03,0x00,
0x00,0x00,0x00,0x00,0x00,0x00,0x00,0x00,0x40,0x00,0x00,0x00,0x00,0x00,0x00,0x00,
0xaa,0x00,0x00,0x00,0x11,0x00,0x06,0x00,0x00,0x00,0x00,0x00,0x00,0x00,0x00,0x00,
0x01,0x00,0x00,0x00,0x00,0x00,0x00,0x00,0x10,0x00,0x00,0x00,0x00,0x00,0x00,0x00,
0x05,0x00,0x00,0x00,0x01,0x00,0x00,0x00,0x10,0x00,0x00,0x00,0x00,0x00,0x00,0x00,
0x03,0x00,0x2e,0x74,0x65,0x78,0x74,0x00,0x2e,0x63,0x6f,0x6d,0x6d,0x65,0x6e,0x74,
0x00,0x2e,0x62,0x73,0x73,0x00,0x2e,0x6e,0x6f,0x74,0x65,0x2e,0x47,0x4e,0x55,0x2d,
0x73,0x74,0x61,0x63,0x6b,0x00,0x2e,0x6c,0x6c,0x76,0x6d,0x5f,0x61,0x64,0x64,0x72,
0x73,0x69,0x67,0x00,0x2e,0x6e,0x6f,0x74,0x65,0x00,0x5f,0x5a,0x39,0x67,0x65,0x6d,
0x6d,0x5f,0x77,0x6d,0x6d,0x61,0x6a,0x6a,0x6a,0x50,0x50,0x4b,0x44,0x46,0x31,0x36,
0x5f,0x53,0x31,0x5f,0x53,0x31,0x5f,0x50,0x50,0x44,0x46,0x31,0x36,0x5f,0x6a,0x6a,
0x6a,0x66,0x66,0x6a,0x66,0x66,0x62,0x62,0x2e,0x6b,0x64,0x00,0x5f,0x5a,0x39,0x67,
0x65,0x6d,0x6d,0x5f,0x77,0x6d,0x6d,0x61,0x6a,0x6a,0x6a,0x50,0x50,0x4b,0x44,0x46,
0x31,0x36,0x5f,0x53,0x31,0x5f,0x53,0x31,0x5f,0x50,0x50,0x44,0x46,0x31,0x36,0x5f,
0x6a,0x6a,0x6a,0x66,0x66,0x6a,0x66,0x66,0x62,0x62,0x00,0x2e,0x73,0x74,0x72,0x74,
0x61,0x62,0x00,0x2e,0x73,0x79,0x6d,0x74,0x61,0x62,0x00,0x5f,0x5f,0x68,0x69,0x70,
0x5f,0x63,0x75,0x69,0x64,0x5f,0x63,0x62,0x35,0x34,0x63,0x35,0x30,0x64,0x63,0x61,
0x61,0x66,0x61,0x35,0x32,0x62,0x00,0x2e,0x41,0x4d,0x44,0x47,0x50,0x55,0x2e,0x63,
0x73,0x64,0x61,0x74,0x61,0x00,0x2e,0x72,0x65,0x6c,0x61,0x2e,0x72,0x6f,0x64,0x61,
0x74,0x61,0x00,0x00,0x00,0x00,0x00,0x00,0x00,0x00,0x00,0x00,0x00,0x00,0x00,0x00,
0x00,0x00,0x00,0x00,0x00,0x00,0x00,0x00,0x00,0x00,0x00,0x00,0x00,0x00,0x00,0x00,
0x00,0x00,0x00,0x00,0x00,0x00,0x00,0x00,0x00,0x00,0x00,0x00,0x00,0x00,0x00,0x00,
0x00,0x00,0x00,0x00,0x00,0x00,0x00,0x00,0x00,0x00,0x00,0x00,0x00,0x00,0x00,0x00,
0x00,0x00,0x00,0x00,0x00,0x00,0x00,0x00,0x9a,0x00,0x00,0x00,0x03,0x00,0x00,0x00,
0x00,0x00,0x00,0x00,0x00,0x00,0x00,0x00,0x00,0x00,0x00,0x00,0x00,0x00,0x00,0x00,
0xc1,0x2f,0x00,0x00,0x00,0x00,0x00,0x00,0xe2,0x00,0x00,0x00,0x00,0x00,0x00,0x00,
0x00,0x00,0x00,0x00,0x00,0x00,0x00,0x00,0x01,0x00,0x00,0x00,0x00,0x00,0x00,0x00,
0x00,0x00,0x00,0x00,0x00,0x00,0x00,0x00,0x01,0x00,0x00,0x00,0x01,0x00,0x00,0x00,
0x06,0x00,0x00,0x00,0x00,0x00,0x00,0x00,0x00,0x00,0x00,0x00,0x00,0x00,0x00,0x00,
0x00,0x01,0x00,0x00,0x00,0x00,0x00,0x00,0x00,0x26,0x00,0x00,0x00,0x00,0x00,0x00,
0x00,0x00,0x00,0x00,0x00,0x00,0x00,0x00,0x00,0x01,0x00,0x00,0x00,0x00,0x00,0x00,
0x00,0x00,0x00,0x00,0x00,0x00,0x00,0x00,0xda,0x00,0x00,0x00,0x01,0x00,0x00,0x00,
0x02,0x00,0x00,0x00,0x00,0x00,0x00,0x00,0x00,0x00,0x00,0x00,0x00,0x00,0x00,0x00,
0x00,0x27,0x00,0x00,0x00,0x00,0x00,0x00,0x40,0x00,0x00,0x00,0x00,0x00,0x00,0x00,
0x00,0x00,0x00,0x00,0x00,0x00,0x00,0x00,0x40,0x00,0x00,0x00,0x00,0x00,0x00,0x00,
0x00,0x00,0x00,0x00,0x00,0x00,0x00,0x00,0xd5,0x00,0x00,0x00,0x04,0x00,0x00,0x00,
0x40,0x00,0x00,0x00,0x00,0x00,0x00,0x00,0x00,0x00,0x00,0x00,0x00,0x00,0x00,0x00,
0xa8,0x2f,0x00,0x00,0x00,0x00,0x00,0x00,0x18,0x00,0x00,0x00,0x00,0x00,0x00,0x00,
0x0b,0x00,0x00,0x00,0x03,0x00,0x00,0x00,0x08,0x00,0x00,0x00,0x00,0x00,0x00,0x00,
0x18,0x00,0x00,0x00,0x00,0x00,0x00,0x00,0xc6,0x00,0x00,0x00,0x01,0x00,0x00,0x00,
0x00,0x00,0x00,0x00,0x00,0x00,0x00,0x00,0x00,0x00,0x00,0x00,0x00,0x00,0x00,0x00,
0x40,0x27,0x00,0x00,0x00,0x00,0x00,0x00,0x00,0x00,0x00,0x00,0x00,0x00,0x00,0x00,
0x00,0x00,0x00,0x00,0x00,0x00,0x00,0x00,0x01,0x00,0x00,0x00,0x00,0x00,0x00,0x00,
0x00,0x00,0x00,0x00,0x00,0x00,0x00,0x00,0x10,0x00,0x00,0x00,0x08,0x00,0x00,0x00,
0x03,0x00,0x00,0x00,0x00,0x00,0x00,0x00,0x00,0x00,0x00,0x00,0x00,0x00,0x00,0x00,
0x40,0x27,0x00,0x00,0x00,0x00,0x00,0x00,0x01,0x00,0x00,0x00,0x00,0x00,0x00,0x00,
0x00,0x00,0x00,0x00,0x00,0x00,0x00,0x00,0x01,0x00,0x00,0x00,0x00,0x00,0x00,0x00,
0x00,0x00,0x00,0x00,0x00,0x00,0x00,0x00,0x07,0x00,0x00,0x00,0x01,0x00,0x00,0x00,
0x30,0x00,0x00,0x00,0x00,0x00,0x00,0x00,0x00,0x00,0x00,0x00,0x00,0x00,0x00,0x00,
0x40,0x27,0x00,0x00,0x00,0x00,0x00,0x00,0x19,0x00,0x00,0x00,0x00,0x00,0x00,0x00,
0x00,0x00,0x00,0x00,0x00,0x00,0x00,0x00,0x01,0x00,0x00,0x00,0x00,0x00,0x00,0x00,
0x01,0x00,0x00,0x00,0x00,0x00,0x00,0x00,0x15,0x00,0x00,0x00,0x01,0x00,0x00,0x00,
0x00,0x00,0x00,0x00,0x00,0x00,0x00,0x00,0x00,0x00,0x00,0x00,0x00,0x00,0x00,0x00,
0x59,0x27,0x00,0x00,0x00,0x00,0x00,0x00,0x00,0x00,0x00,0x00,0x00,0x00,0x00,0x00,
0x00,0x00,0x00,0x00,0x00,0x00,0x00,0x00,0x01,0x00,0x00,0x00,0x00,0x00,0x00,0x00,
0x00,0x00,0x00,0x00,0x00,0x00,0x00,0x00,0x33,0x00,0x00,0x00,0x07,0x00,0x00,0x00,
0x02,0x00,0x00,0x00,0x00,0x00,0x00,0x00,0x00,0x00,0x00,0x00,0x00,0x00,0x00,0x00,
0x5c,0x27,0x00,0x00,0x00,0x00,0x00,0x00,0xe8,0x07,0x00,0x00,0x00,0x00,0x00,0x00,
0x00,0x00,0x00,0x00,0x00,0x00,0x00,0x00,0x04,0x00,0x00,0x00,0x00,0x00,0x00,0x00,
0x00,0x00,0x00,0x00,0x00,0x00,0x00,0x00,0x25,0x00,0x00,0x00,0x03,0x4c,0xff,0x6f,
0x00,0x00,0x00,0x80,0x00,0x00,0x00,0x00,0x00,0x00,0x00,0x00,0x00,0x00,0x00,0x00,
0xc0,0x2f,0x00,0x00,0x00,0x00,0x00,0x00,0x01,0x00,0x00,0x00,0x00,0x00,0x00,0x00,
0x0b,0x00,0x00,0x00,0x00,0x00,0x00,0x00,0x01,0x00,0x00,0x00,0x00,0x00,0x00,0x00,
0x00,0x00,0x00,0x00,0x00,0x00,0x00,0x00,0xa2,0x00,0x00,0x00,0x02,0x00,0x00,0x00,
0x00,0x00,0x00,0x00,0x00,0x00,0x00,0x00,0x00,0x00,0x00,0x00,0x00,0x00,0x00,0x00,
0x48,0x2f,0x00,0x00,0x00,0x00,0x00,0x00,0x60,0x00,0x00,0x00,0x00,0x00,0x00,0x00,
0x01,0x00,0x00,0x00,0x01,0x00,0x00,0x00,0x08,0x00,0x00,0x00,0x00,0x00,0x00,0x00,
0x18,0x00,0x00,0x00,0x00,0x00,0x00,0x00 }
};

constexpr StaticShaderType<20392> Gemm2d_NN_16x256x16_1_2_RocWmma_F16_Elf =
{
    .m_binary = {
0x7f,0x45,0x4c,0x46,0x02,0x01,0x01,0x40,0x03,0x00,0x00,0x00,0x00,0x00,0x00,0x00,
0x01,0x00,0xe0,0x00,0x01,0x00,0x00,0x00,0x00,0x00,0x00,0x00,0x00,0x00,0x00,0x00,
0x00,0x00,0x00,0x00,0x00,0x00,0x00,0x00,0xa8,0x4c,0x00,0x00,0x00,0x00,0x00,0x00,
0x41,0x00,0x00,0x00,0x40,0x00,0x00,0x00,0x00,0x00,0x40,0x00,0x0c,0x00,0x01,0x00,
0x00,0x00,0x00,0x00,0x00,0x00,0x00,0x00,0x00,0x00,0x00,0x00,0x00,0x00,0x00,0x00,
0x00,0x00,0x00,0x00,0x00,0x00,0x00,0x00,0x00,0x00,0x00,0x00,0x00,0x00,0x00,0x00,
0x00,0x00,0x00,0x00,0x00,0x00,0x00,0x00,0x00,0x00,0x00,0x00,0x00,0x00,0x00,0x00,
0x00,0x00,0x00,0x00,0x00,0x00,0x00,0x00,0x00,0x00,0x00,0x00,0x00,0x00,0x00,0x00,
0x00,0x00,0x00,0x00,0x00,0x00,0x00,0x00,0x00,0x00,0x00,0x00,0x00,0x00,0x00,0x00,
0x00,0x00,0x00,0x00,0x00,0x00,0x00,0x00,0x00,0x00,0x00,0x00,0x00,0x00,0x00,0x00,
0x00,0x00,0x00,0x00,0x00,0x00,0x00,0x00,0x00,0x00,0x00,0x00,0x00,0x00,0x00,0x00,
0x00,0x00,0x00,0x00,0x00,0x00,0x00,0x00,0x00,0x00,0x00,0x00,0x00,0x00,0x00,0x00,
0x00,0x00,0x00,0x00,0x00,0x00,0x00,0x00,0x00,0x00,0x00,0x00,0x00,0x00,0x00,0x00,
0x00,0x00,0x00,0x00,0x00,0x00,0x00,0x00,0x00,0x00,0x00,0x00,0x00,0x00,0x00,0x00,
0x00,0x00,0x00,0x00,0x00,0x00,0x00,0x00,0x00,0x00,0x00,0x00,0x00,0x00,0x00,0x00,
0x00,0x00,0x00,0x00,0x00,0x00,0x00,0x00,0x00,0x00,0x00,0x00,0x00,0x00,0x00,0x00,
0x00,0x09,0x08,0xf4,0x00,0x00,0x00,0xf8,0x80,0x00,0x95,0xbe,0x07,0xfc,0x89,0xbf,
0x24,0x8f,0x02,0x8b,0xb9,0x04,0x87,0xbf,0x02,0x80,0x07,0xbf,0xc1,0x80,0x02,0x98,
0x24,0x9f,0x03,0x86,0x03,0x9c,0x03,0x85,0x99,0x04,0x87,0xbf,0x24,0x03,0x03,0x81,
0x03,0x84,0x03,0x86,0x02,0x80,0x07,0xbf,0x03,0x80,0x21,0x82,0x09,0x00,0x87,0xbf,
0x0d,0x21,0x03,0xbf,0x07,0x10,0xa2,0xbf,0x03,0x00,0x85,0xbf,0x00,0x01,0x0c,0xf4,
0x10,0x00,0x00,0xf8,0x00,0x06,0x0c,0xf4,0x30,0x00,0x00,0xf8,0x00,0x04,0x00,0xf4,
0x50,0x00,0x00,0xf8,0x80,0x08,0x00,0xf4,0x58,0x00,0x00,0xf8,0x3d,0x00,0x10,0xd6,
0x00,0x15,0x29,0x02,0x81,0x00,0x02,0x32,0x83,0x00,0x04,0x30,0x03,0x00,0x10,0xd6,
0x00,0x05,0x0d,0x02,0x80,0x00,0x22,0xca,0x86,0x00,0x04,0x38,0x14,0x02,0x87,0xbf,
0x88,0x02,0x72,0x36,0x98,0x04,0x02,0x36,0x86,0x7a,0x04,0x30,0x25,0x24,0x0c,0x96,
0x24,0x26,0x11,0x96,0xff,0x00,0x0c,0x36,0xff,0x03,0x00,0x00,0x3c,0x00,0x10,0xd6,
0x00,0x0b,0x15,0x02,0x3a,0x7c,0xfe,0xd6,0x03,0x4b,0x04,0x04,0x3b,0x00,0x57,0xd6,
0xff,0x0a,0x06,0x04,0x00,0x07,0x00,0x00,0x07,0xfc,0x89,0xbf,0x82,0x00,0x04,0xf4,
0x00,0x00,0x00,0xf8,0x03,0x01,0x04,0xf4,0x00,0x00,0x00,0xf8,0x0f,0x18,0x14,0x96,
0x85,0x01,0x04,0xf4,0x00,0x00,0x00,0xf8,0x04,0x02,0x04,0xf4,0x00,0x00,0x00,0xf8,
0x14,0x81,0x8a,0x84,0x81,0x10,0x12,0x8b,0xff,0x10,0x10,0x8b,0x00,0x01,0x00,0x00,
0x0f,0x19,0x14,0x96,0x1c,0x14,0x02,0x7e,0x8f,0x00,0x7c,0x36,0x84,0x00,0x08,0x30,
0x00,0x00,0x56,0xd6,0x00,0x0f,0x19,0x04,0x1e,0x14,0x8e,0x7e,0x1f,0x14,0x90,0x7e,
0x85,0x7a,0x80,0x30,0xff,0x08,0x82,0x36,0xf0,0x00,0x00,0x00,0xff,0x00,0x00,0x36,
0x0f,0x08,0x00,0x00,0x80,0x8e,0x0a,0x7c,0x3f,0x00,0x1f,0xd7,0xc1,0x00,0x01,0x00,
0x0d,0x26,0x16,0x96,0x07,0xfc,0x89,0xbf,0x02,0x0a,0x28,0x80,0x03,0x0b,0x0a,0x82,
0x14,0x81,0x82,0x84,0x0a,0xff,0x29,0x8b,0xff,0xff,0x00,0x00,0x04,0x02,0x2c,0x80,
0x05,0x03,0x02,0x82,0x25,0xff,0x03,0x8b,0xff,0x00,0x00,0x00,0x02,0xff,0x2d,0x8b,
0xff,0xff,0x00,0x00,0x03,0x80,0x07,0xbf,0x0c,0x0f,0x14,0x96,0xc1,0x80,0x03,0x98,
0x25,0x9f,0x02,0x86,0x81,0x00,0x8c,0x30,0x02,0x98,0x04,0x85,0x1b,0x14,0x00,0x7e,
0x25,0x04,0x04,0x81,0x41,0x73,0x06,0x38,0x04,0x88,0x04,0x86,0x03,0x80,0x07,0xbf,
0x00,0x17,0x92,0x7e,0x04,0x80,0x1c,0x82,0x14,0x81,0x84,0x84,0x25,0x81,0x38,0x84,
0x0f,0x1a,0x14,0x96,0x06,0x04,0x34,0x80,0x07,0x05,0x03,0x82,0x14,0x81,0x84,0x84,
0x03,0xff,0x35,0x8b,0xff,0xff,0x00,0x00,0x08,0x04,0x30,0x80,0x09,0x05,0x03,0x82,
0x11,0x81,0x2a,0x84,0x03,0xff,0x31,0x8b,0xff,0xff,0x00,0x00,0x0e,0x1c,0x04,0xbf,
0x8f,0x7e,0x84,0x36,0xc1,0x80,0x39,0x98,0x26,0x9f,0x03,0x86,0x25,0x84,0x3a,0x84,
0x03,0x9c,0x04,0x85,0x03,0x00,0x05,0xd4,0x80,0x90,0x02,0x00,0x26,0x04,0x04,0x81,
0x43,0x00,0x46,0xd6,0x0e,0x12,0x09,0x04,0x04,0xd0,0x3b,0x8b,0x04,0x84,0x04,0x86,
0x26,0x3b,0xbc,0x81,0x26,0x8f,0x02,0xbf,0x81,0x80,0x88,0x30,0xc1,0x80,0x3d,0x98,
0x25,0x83,0x14,0x84,0x26,0x9f,0x08,0xbf,0x81,0x06,0x8a,0x30,0xc1,0x80,0x3e,0x98,
0x04,0x82,0x46,0x8a,0x3c,0x80,0x06,0xbf,0x02,0x00,0x05,0xd4,0x80,0x02,0x02,0x00,
0xc1,0x80,0x3f,0x98,0x0c,0x81,0x32,0x84,0x12,0x81,0x06,0xbf,0x47,0x17,0x94,0x7e,
0xc1,0x80,0x40,0x98,0x4b,0x00,0x11,0xd7,0x48,0x91,0x02,0x00,0x40,0x7e,0x04,0x8b,
0x81,0x25,0x41,0x98,0x10,0x80,0x07,0xbf,0x4c,0x00,0x11,0xd7,0x47,0x8f,0x02,0x00,
0xc1,0x80,0x42,0x98,0x4d,0x00,0x11,0xd7,0x01,0x03,0x02,0x00,0x42,0x7e,0x04,0x8b,
0x81,0x24,0x43,0x98,0x6a,0x03,0x44,0x8c,0x00,0xff,0x12,0x80,0x58,0x00,0x00,0x00,
0x01,0x80,0x13,0x82,0x0e,0x88,0x49,0x84,0xff,0x00,0xab,0xbe,0x00,0x40,0x00,0x31,
0x49,0x80,0x00,0x4a,0x22,0x26,0x0a,0x96,0x16,0x84,0x00,0x84,0xff,0x00,0xa3,0xbe,
0x3d,0xc7,0xba,0xbb,0xff,0x00,0xa7,0xbe,0x18,0x72,0x31,0x3f,0x4e,0x00,0x56,0xd6,
0x00,0x03,0x81,0x02,0x2b,0x00,0xaf,0xbe,0x2b,0x00,0xb3,0xbe,0x2b,0x00,0xb7,0xbe,
0x38,0x26,0x2e,0x96,0x32,0x00,0xb6,0xbe,0x0a,0x84,0x45,0x84,0x46,0xc1,0x46,0x81,
0x25,0x85,0x47,0x84,0x26,0x81,0x48,0x84,0x14,0x81,0x9e,0x84,0x49,0x3a,0x49,0x81,
0x00,0x90,0x4a,0x81,0x04,0x00,0xa0,0xbf,0x0d,0x22,0x0d,0x81,0x4a,0x45,0x4a,0x81,
0x0d,0x21,0x03,0xbf,0x57,0x0f,0xa2,0xbf,0x7e,0x39,0x6a,0x91,0xfa,0xff,0xa4,0xbf,
0xc9,0x12,0x00,0xf4,0x04,0x00,0x00,0xf8,0x0d,0x84,0x00,0x84,0x4e,0x01,0x10,0xca,
0x43,0x01,0x50,0x4f,0x00,0x24,0x0a,0xbf,0x00,0x26,0x14,0x96,0xc1,0x80,0x4c,0x98,
0x00,0x90,0x01,0x81,0x49,0x00,0xcd,0xbe,0x01,0x24,0x05,0xbf,0x0e,0x00,0xcf,0xbe,
0xc1,0x80,0x4e,0x98,0x14,0x81,0x80,0x84,0x09,0x00,0x87,0xbf,0x28,0x00,0x50,0x80,
0x29,0x01,0x51,0x82,0x07,0xfc,0x89,0xbf,0x4b,0x88,0x52,0x84,0x4b,0x89,0x53,0x84,
0x06,0x00,0xa0,0xbf,0x53,0xa0,0xa0,0x4a,0x53,0x9e,0x9e,0x4a,0x4b,0x4f,0x4f,0x81,
0x4d,0x52,0x4d,0x81,0x4f,0x1c,0x03,0xbf,0xdf,0xff,0xa2,0xbf,0x4f,0x88,0x00,0x84,
0xa9,0x04,0x87,0xbf,0x00,0x25,0x0a,0xbf,0xc1,0x80,0x01,0x98,0x4c,0x01,0x01,0x8b,
0x09,0x00,0x87,0xbf,0x7e,0x01,0x6a,0x91,0xf2,0xff,0xa4,0xbf,0x15,0x00,0x94,0xbe,
0x00,0xff,0x01,0x81,0x00,0x01,0x00,0x00,0x15,0x00,0x96,0xbe,0x15,0x00,0x97,0xbe,
0x15,0x00,0x98,0xbe,0x15,0x00,0x99,0xbe,0x15,0x00,0x9a,0xbe,0x15,0x00,0x9b,0xbe,
0x14,0x00,0x10,0xca,0x15,0x00,0x08,0x08,0x01,0x25,0x05,0xbf,0x16,0x00,0x10,0xca,
0x17,0x00,0x0a,0x0a,0x18,0x00,0x10,0xca,0x19,0x00,0x0c,0x0c,0x1a,0x00,0x10,0xca,
0x1b,0x00,0x0e,0x0e,0xc1,0x80,0x01,0x98,0x08,0x01,0x10,0xca,0x09,0x01,0x00,0x00,
0x4e,0x01,0x06,0x8b,0x3c,0x05,0x06,0x7e,0x0a,0x01,0x10,0xca,0x0b,0x01,0x02,0x02,
0x0c,0x01,0x10,0xca,0x0d,0x01,0x04,0x04,0x0e,0x01,0x10,0xca,0x0f,0x01,0x06,0x06,
0x3d,0x06,0x01,0x8b,0x09,0x00,0x87,0xbf,0x7e,0x01,0x6a,0x91,0x76,0x01,0xa4,0xbf,
0x51,0x00,0x46,0xd6,0x03,0x06,0xf5,0x04,0x15,0x00,0x97,0xbe,0x15,0x00,0x94,0xbe,
0x15,0x00,0x96,0xbe,0x39,0x01,0x87,0xbf,0x17,0x00,0x10,0xca,0x16,0x00,0x2a,0x2b,
0x51,0x05,0x02,0x7e,0x15,0x00,0x10,0xca,0x14,0x00,0x28,0x29,0x01,0x80,0x07,0xbf,
0x0e,0x00,0xa2,0xbf,0x02,0x00,0x56,0xd6,0x51,0x09,0xf9,0x04,0xa1,0x00,0x87,0xbf,
0x00,0x7c,0xfe,0xd6,0x02,0x4d,0xe4,0x04,0x38,0x03,0x02,0x7e,0x00,0x00,0x3c,0xd7,
0x81,0x00,0x02,0x00,0x11,0x01,0x87,0xbf,0x00,0x6a,0x00,0xd7,0x50,0x00,0x02,0x00,
0x51,0x02,0x02,0x40,0x00,0x00,0x5e,0xdc,0x00,0x00,0x7c,0x28,0x85,0xa2,0x14,0x30,
0x15,0x00,0x81,0xbe,0x99,0x04,0x87,0xbf,0x00,0x81,0x84,0x84,0x2c,0x04,0x01,0x80,
0xa1,0x00,0x87,0xbf,0x3a,0x15,0x6e,0x4a,0x2d,0x05,0x04,0x82,0x08,0x00,0x3c,0xd7,
0x81,0x6e,0x02,0x00,0x11,0x01,0x87,0xbf,0x00,0x6a,0x00,0xd7,0x01,0x10,0x02,0x00,
0x04,0x12,0x02,0x40,0x51,0x05,0x02,0x7e,0x93,0x01,0x87,0xbf,0x04,0x6a,0x00,0xd7,
0x00,0x3d,0x00,0x00,0x1f,0x02,0x0a,0x40,0x03,0x00,0x87,0xbf,0x01,0x80,0x07,0xbf,
0x01,0x00,0x85,0xbf,0x00,0x00,0x5e,0xdc,0x00,0x00,0x7c,0x00,0x00,0x00,0x5e,0xdc,
0x04,0x00,0x7c,0x04,0x08,0x00,0xa2,0xbf,0x88,0xa2,0x16,0x30,0x91,0x00,0x87,0xbf,
0x0b,0x00,0x58,0xd6,0x0b,0x83,0xe6,0x04,0x81,0x16,0x16,0x30,0xf7,0x0b,0x89,0xbf,
0x10,0x40,0x7c,0xdb,0x0b,0x28,0x00,0x00,0x80,0x00,0x20,0xca,0x0a,0x77,0x52,0x0f,
0x03,0x88,0x01,0x84,0x7e,0x3e,0x6a,0x91,0x01,0x00,0x87,0xbf,0x81,0xa4,0x14,0x30,
0xf7,0x07,0x89,0xbf,0x00,0x00,0x7c,0xdb,0x0a,0x00,0x00,0x00,0xf7,0x03,0x89,0xbf,
0x00,0x10,0x7c,0xdb,0x0a,0x04,0x00,0x00,0x07,0xfc,0x89,0xbf,0x00,0x00,0x7c,0xbc,
0x00,0x00,0xbd,0xbf,0xbb,0x00,0xa4,0xbf,0x01,0x00,0x56,0xd6,0x51,0x09,0xf9,0x04,
0x80,0x02,0x00,0x7e,0x53,0x6a,0x00,0xd7,0x2c,0x10,0x02,0x00,0x2d,0x12,0xa8,0x40,
0x04,0x00,0x87,0xbf,0x0c,0x7c,0xfe,0xd6,0x01,0x4d,0xe4,0x04,0x38,0x01,0x22,0xca,
0x88,0xa2,0x02,0x0d,0x00,0x03,0x02,0x7e,0x00,0x03,0x06,0x7e,0x00,0x03,0x08,0x7e,
0x00,0x03,0x0a,0x7e,0x10,0x00,0x3c,0xd7,0x81,0x18,0x02,0x00,0x55,0x00,0x58,0xd6,
0x02,0x83,0xe6,0x04,0x00,0x03,0x04,0x7e,0x00,0x03,0x0c,0x7e,0x00,0x03,0x0e,0x7e,
0x00,0x03,0x10,0x7e,0x56,0x6a,0x00,0xd7,0x28,0x20,0x02,0x00,0x00,0x03,0x12,0x7e,
0x00,0x03,0x14,0x7e,0x00,0x03,0x16,0x7e,0x00,0x03,0x18,0x7e,0x00,0x03,0x1a,0x7e,
0x00,0x03,0x1c,0x7e,0x00,0x03,0x1e,0x7e,0x29,0x22,0xae,0x40,0x80,0x00,0x8c,0xbe,
0x10,0x42,0x07,0xb0,0x00,0x20,0x08,0xb0,0x10,0x40,0x05,0xb0,0x46,0x00,0x89,0xbe,
0x4a,0x00,0x84,0xbe,0x4d,0x00,0x94,0xbe,0x51,0x05,0x16,0x7e,0x0c,0x00,0x8a,0xbe,
0x01,0x00,0x87,0xbf,0x0b,0x80,0x07,0xbf,0x05,0x00,0x8b,0xbe,0x08,0x00,0xa2,0xbf,
0x15,0x00,0x85,0xbe,0x99,0x04,0x87,0xbf,0x04,0x81,0x90,0x84,0x10,0x6a,0x00,0xd7,
0x56,0x21,0x00,0x00,0x11,0xae,0x22,0x40,0x00,0x00,0x5e,0xdc,0x10,0x00,0x7c,0x28,
0x14,0x81,0x90,0x84,0x29,0x01,0x87,0xbf,0x10,0x6a,0x00,0xd7,0x53,0x21,0x00,0x00,
0x11,0xa8,0x22,0x40,0x12,0x6a,0x00,0xd7,0x10,0x3d,0x00,0x00,0x02,0x00,0x87,0xbf,
0x1f,0x22,0x26,0x40,0x01,0x00,0x85,0xbf,0x00,0x00,0x5e,0xdc,0x10,0x00,0x7c,0x2c,
0x00,0x00,0x5e,0xdc,0x12,0x00,0x7c,0x30,0x11,0x00,0x55,0xd6,0x0a,0x88,0x1a,0x05,
0x01,0x81,0x05,0x84,0x00,0x00,0xf0,0xd8,0x11,0x00,0x00,0x10,0x00,0x04,0xf0,0xd8,
0x11,0x00,0x00,0x12,0x00,0x08,0xf0,0xd8,0x11,0x00,0x00,0x14,0x00,0x0c,0xf0,0xd8,
0x11,0x00,0x00,0x16,0x20,0x00,0xf0,0xd8,0x11,0x00,0x00,0x18,0x20,0x04,0xf0,0xd8,
0x11,0x00,0x00,0x1a,0x20,0x08,0xf0,0xd8,0x11,0x00,0x00,0x1c,0x20,0x0c,0xf0,0xd8,
0x11,0x00,0x00,0x1e,0x13,0x00,0x55,0xd6,0x0b,0x0a,0x14,0x05,0x00,0x00,0xfc,0xdb,
0x13,0x00,0x00,0x34,0x87,0xfc,0x89,0xbf,0x00,0x02,0x9c,0xda,0x11,0x00,0x00,0x10,
0x87,0xfc,0x89,0xbf,0x00,0x06,0x9c,0xda,0x11,0x00,0x00,0x12,0x87,0xfc,0x89,0xbf,
0x00,0x0a,0x9c,0xda,0x11,0x00,0x00,0x14,0x87,0xfc,0x89,0xbf,0x00,0x0e,0x9c,0xda,
0x11,0x00,0x00,0x16,0x87,0xfc,0x89,0xbf,0x20,0x02,0x9c,0xda,0x11,0x00,0x00,0x18,
0x87,0xfc,0x89,0xbf,0x20,0x06,0x9c,0xda,0x11,0x00,0x00,0x1a,0x87,0xfc,0x89,0xbf,
0x20,0x0a,0x9c,0xda,0x11,0x00,0x00,0x1c,0x87,0xfc,0x89,0xbf,0x20,0x0e,0x9c,0xda,
0x11,0x00,0x00,0x1e,0x87,0xfc,0x89,0xbf,0x1f,0x40,0xd4,0xd8,0x34,0x00,0x00,0x21,
0x1f,0x40,0xd4,0xd8,0x35,0x00,0x00,0x23,0x1f,0x40,0xd4,0xd8,0x36,0x00,0x00,0x25,
0x1f,0x40,0xd4,0xd8,0x37,0x00,0x00,0x27,0xb7,0xfc,0x89,0xbf,0x1f,0x40,0xd4,0xd8,
0x10,0x00,0x00,0x11,0xb7,0xfc,0x89,0xbf,0x1f,0x40,0xd4,0xd8,0x12,0x00,0x00,0x13,
0xb7,0xfc,0x89,0xbf,0x1f,0x40,0xd4,0xd8,0x14,0x00,0x00,0x15,0xb7,0xfc,0x89,0xbf,
0x1f,0x40,0xd4,0xd8,0x16,0x00,0x00,0x17,0xb7,0xfc,0x89,0xbf,0x1f,0x40,0xd4,0xd8,
0x18,0x00,0x00,0x19,0xb7,0xfc,0x89,0xbf,0x1f,0x40,0xd4,0xd8,0x1a,0x00,0x00,0x1b,
0xb7,0xfc,0x89,0xbf,0x1f,0x40,0xd4,0xd8,0x1c,0x00,0x00,0x1d,0xb7,0xfc,0x89,0xbf,
0x1f,0x40,0xd4,0xd8,0x1e,0x00,0x00,0x1f,0x51,0x05,0x0a,0x7e,0x01,0x00,0x87,0xbf,
0x05,0x80,0x07,0xbf,0x05,0x00,0xa2,0xbf,0x20,0x00,0x46,0xd6,0x55,0x03,0x1d,0x00,
0xf7,0x0b,0x89,0xbf,0x00,0x00,0x7c,0xdb,0x20,0x28,0x00,0x00,0x34,0x03,0x40,0x7e,
0x35,0x03,0x44,0x7e,0x36,0x03,0x48,0x7e,0x37,0x03,0x4c,0x7e,0x34,0x00,0x46,0xd6,
0x52,0x03,0x21,0x00,0xf7,0x07,0x89,0xbf,0x00,0x00,0x7c,0xdb,0x34,0x2c,0x00,0x00,
0xf7,0x03,0x89,0xbf,0x00,0x10,0x7c,0xdb,0x34,0x30,0x00,0x00,0x67,0xfc,0x89,0xbf,
0x08,0x40,0x40,0xcc,0x20,0x21,0x22,0x1c,0x27,0xfc,0x89,0xbf,0x00,0x40,0x40,0xcc,
0x20,0x31,0x02,0x1c,0x09,0xc1,0x09,0x81,0x14,0x3a,0x14,0x81,0x04,0x90,0x04,0x81,
0x09,0x80,0x07,0xbf,0x07,0xfc,0x89,0xbf,0x00,0x00,0xbd,0xbf,0x16,0x00,0xa1,0xbf,
0x07,0x00,0x85,0xbe,0x08,0x00,0x8c,0xbe,0x0a,0x00,0x88,0xbe,0x0b,0x00,0x87,0xbe,
0x6d,0xff,0xa0,0xbf,0x80,0x00,0x10,0xca,0x80,0x00,0x0c,0x0e,0x80,0x00,0x10,0xca,
0x80,0x00,0x0a,0x0c,0x80,0x00,0x10,0xca,0x80,0x00,0x08,0x0a,0x80,0x00,0x10,0xca,
0x80,0x00,0x06,0x08,0x80,0x00,0x10,0xca,0x80,0x00,0x04,0x06,0x80,0x00,0x10,0xca,
0x80,0x00,0x02,0x04,0x80,0x00,0x10,0xca,0x80,0x00,0x00,0x02,0x80,0x02,0x00,0x7e,
0x10,0x40,0x07,0xb0,0x80,0x00,0x88,0xbe,0x09,0x00,0x87,0xbf,0x11,0x00,0x55,0xd6,
0x08,0x88,0x1a,0x05,0x01,0x81,0x01,0x84,0x00,0x00,0xf0,0xd8,0x11,0x00,0x00,0x10,
0x00,0x04,0xf0,0xd8,0x11,0x00,0x00,0x12,0x00,0x08,0xf0,0xd8,0x11,0x00,0x00,0x14,
0x00,0x0c,0xf0,0xd8,0x11,0x00,0x00,0x16,0x20,0x00,0xf0,0xd8,0x11,0x00,0x00,0x18,
0x20,0x04,0xf0,0xd8,0x11,0x00,0x00,0x1a,0x20,0x08,0xf0,0xd8,0x11,0x00,0x00,0x1c,
0x20,0x0c,0xf0,0xd8,0x11,0x00,0x00,0x1e,0x13,0x00,0x55,0xd6,0x07,0x02,0x14,0x05,
0x00,0x00,0xfc,0xdb,0x13,0x00,0x00,0x28,0x87,0xfc,0x89,0xbf,0x00,0x02,0x9c,0xda,
0x11,0x00,0x00,0x10,0x87,0xfc,0x89,0xbf,0x00,0x06,0x9c,0xda,0x11,0x00,0x00,0x12,
0x87,0xfc,0x89,0xbf,0x00,0x0a,0x9c,0xda,0x11,0x00,0x00,0x14,0x87,0xfc,0x89,0xbf,
0x00,0x0e,0x9c,0xda,0x11,0x00,0x00,0x16,0x87,0xfc,0x89,0xbf,0x20,0x02,0x9c,0xda,
0x11,0x00,0x00,0x18,0x87,0xfc,0x89,0xbf,0x20,0x06,0x9c,0xda,0x11,0x00,0x00,0x1a,
0x87,0xfc,0x89,0xbf,0x20,0x0a,0x9c,0xda,0x11,0x00,0x00,0x1c,0x87,0xfc,0x89,0xbf,
0x20,0x0e,0x9c,0xda,0x11,0x00,0x00,0x1e,0x87,0xfc,0x89,0xbf,0x1f,0x40,0xd4,0xd8,
0x28,0x00,0x00,0x21,0x1f,0x40,0xd4,0xd8,0x29,0x00,0x00,0x23,0x1f,0x40,0xd4,0xd8,
0x2a,0x00,0x00,0x25,0x1f,0x40,0xd4,0xd8,0x2b,0x00,0x00,0x27,0xb7,0xfc,0x89,0xbf,
0x1f,0x40,0xd4,0xd8,0x10,0x00,0x00,0x11,0xb7,0xfc,0x89,0xbf,0x1f,0x40,0xd4,0xd8,
0x12,0x00,0x00,0x13,0xb7,0xfc,0x89,0xbf,0x1f,0x40,0xd4,0xd8,0x14,0x00,0x00,0x15,
0xb7,0xfc,0x89,0xbf,0x1f,0x40,0xd4,0xd8,0x16,0x00,0x00,0x17,0xb7,0xfc,0x89,0xbf,
0x1f,0x40,0xd4,0xd8,0x18,0x00,0x00,0x19,0xb7,0xfc,0x89,0xbf,0x1f,0x40,0xd4,0xd8,
0x1a,0x00,0x00,0x1b,0xb7,0xfc,0x89,0xbf,0x1f,0x40,0xd4,0xd8,0x1c,0x00,0x00,0x1d,
0xb7,0xfc,0x89,0xbf,0x1f,0x40,0xd4,0xd8,0x1e,0x00,0x00,0x1f,0x28,0x03,0x40,0x7e,
0x29,0x03,0x44,0x7e,0x2a,0x03,0x48,0x7e,0x2b,0x03,0x4c,0x7e,0x47,0xfc,0x89,0xbf,
0x01,0x00,0x87,0xbf,0x08,0x40,0x40,0xcc,0x20,0x21,0x22,0x1c,0x07,0xfc,0x89,0xbf,
0x00,0x40,0x40,0xcc,0x20,0x31,0x02,0x1c,0x00,0x80,0x20,0x4a,0x3f,0x06,0x00,0x8b,
0x03,0x0d,0x03,0x81,0x06,0xc1,0x14,0x8d,0x7e,0x00,0x6a,0x8b,0x03,0x84,0x16,0x84,
0x81,0x02,0xa4,0xbf,0x06,0x7e,0x00,0x8b,0x3c,0x26,0x03,0x98,0x09,0x00,0x87,0xbf,
0x03,0x81,0x04,0xbf,0x7c,0x02,0xa2,0xbf,0x16,0x84,0x28,0x4a,0x42,0x21,0x26,0x38,
0x06,0x7e,0x00,0x8b,0x3b,0x80,0x04,0x98,0x16,0x84,0x24,0x38,0x33,0x00,0x2c,0xd7,
0x48,0x28,0x02,0x00,0x90,0x26,0x64,0x38,0x04,0x81,0x01,0x81,0x04,0x82,0x05,0x81,
0x04,0x83,0x06,0x81,0x04,0x84,0x07,0x81,0x04,0x85,0x08,0x81,0x04,0x86,0x09,0x81,
0x04,0x87,0x0a,0x81,0x04,0x88,0x0b,0x81,0x04,0x89,0x0c,0x81,0x04,0x8a,0x0f,0x81,
0x04,0x8b,0x10,0x81,0x04,0x8c,0x11,0x81,0x04,0x8d,0x17,0x81,0x04,0x8e,0x18,0x81,
0x04,0x8f,0x19,0x81,0x38,0x04,0x1a,0x96,0x38,0x01,0x01,0x96,0x38,0x05,0x05,0x96,
0x38,0x06,0x06,0x96,0x38,0x07,0x07,0x96,0x38,0x08,0x08,0x96,0x38,0x09,0x09,0x96,
0x38,0x0a,0x0a,0x96,0x38,0x0b,0x0b,0x96,0x38,0x0c,0x0c,0x96,0x38,0x0f,0x0f,0x96,
0x38,0x10,0x10,0x96,0x38,0x11,0x11,0x96,0x38,0x17,0x17,0x96,0x38,0x18,0x18,0x96,
0x38,0x19,0x19,0x96,0x81,0x84,0x22,0x30,0x24,0x24,0x98,0x7c,0x00,0x00,0x4c,0xd4,
0x25,0x26,0x02,0x00,0x1a,0x9e,0x24,0x4a,0x1a,0xa0,0x26,0x4a,0x01,0xa0,0x28,0x4a,
0x01,0x9e,0x2a,0x4a,0x05,0xa0,0x2c,0x4a,0x05,0x9e,0x2e,0x4a,0x06,0xa0,0x30,0x4a,
0x06,0x9e,0x32,0x4a,0x07,0xa0,0x34,0x4a,0x07,0x9e,0x36,0x4a,0x08,0xa0,0x38,0x4a,
0x08,0x9e,0x3a,0x4a,0x09,0xa0,0x3c,0x4a,0x09,0x9e,0x3e,0x4a,0x0a,0xa0,0x40,0x4a,
0x0a,0x9e,0x42,0x4a,0x0b,0xa0,0x44,0x4a,0x0b,0x9e,0x46,0x4a,0x0c,0xa0,0x48,0x4a,
0x0c,0x9e,0x4a,0x4a,0x0f,0xa0,0x4c,0x4a,0x0f,0x9e,0x4e,0x4a,0x10,0xa0,0x50,0x4a,
0x10,0x9e,0x52,0x4a,0x11,0xa0,0x54,0x4a,0x11,0x9e,0x56,0x4a,0x17,0xa0,0x58,0x4a,
0x17,0x9e,0x5a,0x4a,0x18,0xa0,0x5c,0x4a,0x18,0x9e,0x5e,0x4a,0x19,0xa0,0x60,0x4a,
0x19,0x9e,0x62,0x4a,0x01,0x00,0x4c,0xd4,0x25,0x64,0x02,0x00,0x32,0x00,0x46,0xd6,
0x04,0x02,0xcd,0x04,0x80,0x00,0x85,0xbe,0x99,0x04,0x87,0xbf,0x04,0x05,0x17,0x81,
0x17,0x26,0x0a,0xbf,0xc1,0x80,0x06,0x98,0x17,0x81,0x07,0x81,0x6a,0x06,0x08,0x8b,
0x07,0x26,0x0a,0xbf,0x33,0x00,0x01,0xd5,0xff,0x00,0x21,0x00,0x00,0x00,0x00,0x80,
0xc1,0x80,0x07,0x98,0x17,0x82,0x08,0x81,0x6a,0x07,0x09,0x8b,0x08,0x26,0x0a,0xbf,
0x34,0x00,0x01,0xd5,0xff,0x00,0x25,0x00,0x00,0x00,0x00,0x80,0xc1,0x80,0x08,0x98,
0x17,0x83,0x09,0x81,0x6a,0x08,0x0a,0x8b,0x09,0x26,0x0a,0xbf,0x35,0x00,0x01,0xd5,
0xff,0x00,0x29,0x00,0x00,0x00,0x00,0x80,0xc1,0x80,0x09,0x98,0x17,0x84,0x0a,0x81,
0x6a,0x09,0x0b,0x8b,0x0a,0x26,0x0a,0xbf,0x36,0x00,0x01,0xd5,0xff,0x00,0x2d,0x00,
0x00,0x00,0x00,0x80,0xc1,0x80,0x0a,0x98,0x17,0x85,0x0b,0x81,0x6a,0x0a,0x0c,0x8b,
0x0b,0x26,0x0a,0xbf,0x37,0x00,0x01,0xd5,0xff,0x00,0x31,0x00,0x00,0x00,0x00,0x80,
0xc1,0x80,0x0b,0x98,0x17,0x86,0x0c,0x81,0x6a,0x0b,0x0f,0x8b,0x0c,0x26,0x0a,0xbf,
0x51,0x00,0x01,0xd5,0xff,0x00,0x3d,0x00,0x00,0x00,0x00,0x80,0xc1,0x80,0x0c,0x98,
0x17,0x87,0x0f,0x81,0x6a,0x0c,0x10,0x8b,0x0f,0x26,0x0a,0xbf,0x33,0x65,0x66,0x4a,
0x34,0x65,0x68,0x4a,0x35,0x65,0x6a,0x4a,0x36,0x65,0x6c,0x4a,0x37,0x65,0x6e,0x4a,
0x51,0x65,0xa2,0x4a,0x52,0x00,0x01,0xd5,0xff,0x00,0x41,0x00,0x00,0x00,0x00,0x80,
0xc1,0x80,0x0f,0x98,0x17,0x88,0x10,0x81,0x6a,0x0f,0x11,0x8b,0x10,0x26,0x0a,0xbf,
0x05,0x00,0x85,0xbf,0x00,0x00,0x48,0xe0,0x33,0x33,0x4a,0x80,0x02,0x00,0x48,0xe0,
0x34,0x34,0x4a,0x80,0x04,0x00,0x48,0xe0,0x35,0x35,0x4a,0x80,0x06,0x00,0x48,0xe0,
0x36,0x36,0x4a,0x80,0x08,0x00,0x48,0xe0,0x37,0x37,0x4a,0x80,0x0a,0x00,0x48,0xe0,
0x51,0x53,0x4a,0x80,0x52,0x65,0xa2,0x4a,0x52,0x00,0x01,0xd5,0xff,0x00,0x45,0x00,
0x00,0x00,0x00,0x80,0xc1,0x80,0x10,0x98,0x17,0x89,0x11,0x81,0x6a,0x10,0x18,0x8b,
0x11,0x26,0x0a,0xbf,0x0c,0x00,0x48,0xe0,0x51,0x54,0x4a,0x80,0x52,0x65,0xa2,0x4a,
0x52,0x00,0x01,0xd5,0xff,0x00,0x61,0x00,0x00,0x00,0x00,0x80,0xc1,0x80,0x11,0x98,
0x17,0x8a,0x18,0x81,0x6a,0x11,0x19,0x8b,0x18,0x26,0x0a,0xbf,0x0e,0x00,0x48,0xe0,
0x51,0x55,0x4a,0x80,0x52,0x65,0xa2,0x4a,0x52,0x00,0x01,0xd5,0xff,0x00,0x65,0x00,
0x00,0x00,0x00,0x80,0xc1,0x80,0x18,0x98,0x17,0x8b,0x19,0x81,0x6a,0x18,0x1a,0x8b,
0x19,0x26,0x0a,0xbf,0x10,0x00,0x48,0xe0,0x51,0x56,0x4a,0x80,0x52,0x65,0xa2,0x4a,
0x52,0x00,0x01,0xd5,0xff,0x00,0x69,0x00,0x00,0x00,0x00,0x80,0xc1,0x80,0x19,0x98,
0x17,0x8c,0x1a,0x81,0x6a,0x19,0x1b,0x8b,0x1a,0x26,0x0a,0xbf,0x12,0x00,0x48,0xe0,
0x51,0x57,0x4a,0x80,0x52,0x65,0xa2,0x4a,0x52,0x00,0x01,0xd5,0xff,0x00,0x6d,0x00,
0x00,0x00,0x00,0x80,0xc1,0x80,0x1a,0x98,0x17,0x8d,0x1b,0x81,0x6a,0x1a,0x54,0x8b,
0x1b,0x26,0x0a,0xbf,0x14,0x00,0x48,0xe0,0x51,0x58,0x4a,0x80,0x52,0x65,0xa2,0x4a,
0x52,0x00,0x01,0xd5,0xff,0x00,0x51,0x01,0x00,0x00,0x00,0x80,0xc1,0x80,0x1b,0x98,
0x17,0x8e,0x54,0x81,0x6a,0x1b,0x55,0x8b,0x54,0x26,0x0a,0xbf,0x16,0x00,0x48,0xe0,
0x51,0x59,0x4a,0x80,0x52,0x65,0xa2,0x4a,0x52,0x00,0x01,0xd5,0xff,0x00,0x55,0x01,
0x00,0x00,0x00,0x80,0xc1,0x80,0x54,0x98,0x17,0x8f,0x17,0x81,0x6a,0x54,0x55,0x8b,
0x17,0x26,0x0a,0xbf,0x18,0x00,0x48,0xe0,0x51,0x5a,0x4a,0x80,0x52,0x65,0xa2,0x4a,
0x52,0x00,0x01,0xd5,0xff,0x00,0x55,0x01,0x00,0x00,0x00,0x80,0xc1,0x80,0x17,0x98,
0x00,0x06,0x55,0x8b,0x00,0x07,0x56,0x8b,0x00,0x08,0x57,0x8b,0x5b,0x00,0x01,0xd5,
0xff,0x00,0x55,0x01,0x00,0x00,0x00,0x80,0x00,0x09,0x58,0x8b,0x01,0x06,0x06,0x8b,
0x5c,0x00,0x01,0xd5,0xff,0x00,0x59,0x01,0x00,0x00,0x00,0x80,0x00,0x0a,0x59,0x8b,
0x00,0x0b,0x5a,0x8b,0x00,0x0c,0x5b,0x8b,0x00,0x0f,0x5c,0x8b,0x00,0x10,0x5d,0x8b,
0x00,0x11,0x5e,0x8b,0x00,0x18,0x5f,0x8b,0x00,0x19,0x60,0x8b,0x00,0x1a,0x61,0x8b,
0x00,0x1b,0x62,0x8b,0x00,0x54,0x63,0x8b,0x01,0x07,0x07,0x8b,0x01,0x08,0x08,0x8b,
0x01,0x09,0x09,0x8b,0x01,0x0a,0x0a,0x8b,0x01,0x0b,0x0b,0x8b,0x01,0x0c,0x0c,0x8b,
0x01,0x0f,0x0f,0x8b,0x01,0x10,0x10,0x8b,0x01,0x11,0x11,0x8b,0x01,0x18,0x18,0x8b,
0x01,0x19,0x19,0x8b,0x01,0x1a,0x1a,0x8b,0x01,0x1b,0x1b,0x8b,0x01,0x54,0x54,0x8b,
0x5d,0x00,0x01,0xd5,0xff,0x00,0x5d,0x01,0x00,0x00,0x00,0x80,0x6a,0x17,0x64,0x8b,
0x5e,0x00,0x01,0xd5,0xff,0x00,0x61,0x01,0x00,0x00,0x00,0x80,0x00,0x17,0x55,0x8b,
0x6a,0x00,0x01,0xd5,0xff,0x00,0x19,0x00,0x00,0x00,0x00,0x80,0x01,0x17,0x06,0x8b,
0x5f,0x00,0x01,0xd5,0xff,0x00,0x65,0x01,0x00,0x00,0x00,0x80,0x60,0x00,0x01,0xd5,
0xff,0x00,0x69,0x01,0x00,0x00,0x00,0x80,0x61,0x00,0x01,0xd5,0xff,0x00,0x6d,0x01,
0x00,0x00,0x00,0x80,0x62,0x00,0x01,0xd5,0xff,0x00,0x71,0x01,0x00,0x00,0x00,0x80,
0x63,0x00,0x01,0xd5,0xff,0x00,0x75,0x01,0x00,0x00,0x00,0x80,0x64,0x00,0x01,0xd5,
0xff,0x00,0x79,0x01,0x00,0x00,0x00,0x80,0x65,0x00,0x01,0xd5,0xff,0x00,0x7d,0x01,
0x00,0x00,0x00,0x80,0x66,0x00,0x01,0xd5,0xff,0x00,0x81,0x01,0x00,0x00,0x00,0x80,
0x67,0x00,0x01,0xd5,0xff,0x00,0x85,0x01,0x00,0x00,0x00,0x80,0x68,0x00,0x01,0xd5,
0xff,0x00,0x89,0x01,0x00,0x00,0x00,0x80,0x69,0x00,0x01,0xd5,0xff,0x00,0x8d,0x01,
0x00,0x00,0x00,0x80,0x6b,0x00,0x01,0xd5,0xff,0x00,0x1d,0x00,0x00,0x00,0x00,0x80,
0x6c,0x00,0x01,0xd5,0xff,0x00,0x21,0x00,0x00,0x00,0x00,0x80,0x6d,0x00,0x01,0xd5,
0xff,0x00,0x25,0x00,0x00,0x00,0x00,0x80,0x6e,0x00,0x01,0xd5,0xff,0x00,0x29,0x00,
0x00,0x00,0x00,0x80,0x6f,0x00,0x01,0xd5,0xff,0x00,0x2d,0x00,0x00,0x00,0x00,0x80,
0x70,0x00,0x01,0xd5,0xff,0x00,0x31,0x00,0x00,0x00,0x00,0x80,0x71,0x00,0x01,0xd5,
0xff,0x00,0x3d,0x00,0x00,0x00,0x00,0x80,0x72,0x00,0x01,0xd5,0xff,0x00,0x41,0x00,
0x00,0x00,0x00,0x80,0x73,0x00,0x01,0xd5,0xff,0x00,0x45,0x00,0x00,0x00,0x00,0x80,
0x74,0x00,0x01,0xd5,0xff,0x00,0x61,0x00,0x00,0x00,0x00,0x80,0x75,0x00,0x01,0xd5,
0xff,0x00,0x65,0x00,0x00,0x00,0x00,0x80,0x76,0x00,0x01,0xd5,0xff,0x00,0x69,0x00,
0x00,0x00,0x00,0x80,0x77,0x00,0x01,0xd5,0xff,0x00,0x6d,0x00,0x00,0x00,0x00,0x80,
0x78,0x00,0x01,0xd5,0xff,0x00,0x51,0x01,0x00,0x00,0x00,0x80,0x1a,0x00,0x48,0xe0,
0x51,0x79,0x4a,0x80,0x52,0x65,0xa2,0x4a,0x52,0x00,0x01,0xd5,0xff,0x00,0x91,0x01,
0x00,0x00,0x00,0x80,0x7a,0x00,0x01,0xd5,0xff,0x00,0x55,0x01,0x00,0x00,0x00,0x80,
0x7b,0x00,0x01,0xd5,0xff,0x00,0x19,0x00,0x00,0x00,0x00,0x80,0x11,0xb7,0xb6,0x38,
0x11,0xb9,0xb8,0x38,0x11,0xbb,0xba,0x38,0x11,0xbd,0xbc,0x38,0x11,0xbf,0xbe,0x38,
0x11,0xc1,0xc0,0x38,0x11,0xc3,0xc2,0x38,0x11,0xc5,0xc4,0x38,0x11,0xc7,0xc6,0x38,
0x11,0xc9,0xc8,0x38,0x11,0xcb,0xca,0x38,0x11,0xcd,0xcc,0x38,0x11,0xcf,0xce,0x38,
0x11,0xd1,0xd0,0x38,0x11,0xd3,0xd2,0x38,0x11,0xd5,0xd4,0x38,0x11,0xd7,0xd6,0x38,
0x11,0xd9,0xd8,0x38,0x11,0xdb,0xda,0x38,0x11,0xdd,0xdc,0x38,0x11,0xdf,0xde,0x38,
0x11,0xe1,0xe0,0x38,0x11,0xe3,0xe2,0x38,0x11,0xe5,0xe4,0x38,0x11,0xe7,0xe6,0x38,
0x11,0xe9,0xe8,0x38,0x11,0xeb,0xea,0x38,0x11,0xed,0xec,0x38,0x11,0xef,0xee,0x38,
0x11,0xf1,0xf0,0x38,0x1c,0x00,0x48,0xe0,0x51,0x7c,0x4a,0x80,0x52,0x65,0xa2,0x4a,
0x11,0xf5,0xa4,0x38,0x11,0xf7,0xf4,0x38,0x5b,0x27,0xb6,0x4a,0x5c,0x29,0xb8,0x4a,
0x5d,0x2d,0xba,0x4a,0x5e,0x31,0xbc,0x4a,0x5f,0x35,0xbe,0x4a,0x60,0x39,0xc0,0x4a,
0x61,0x3d,0xc2,0x4a,0x62,0x41,0xc4,0x4a,0x63,0x45,0xc6,0x4a,0x64,0x49,0xc8,0x4a,
0x65,0x4d,0xca,0x4a,0x66,0x51,0xcc,0x4a,0x67,0x55,0xce,0x4a,0x68,0x59,0xd0,0x4a,
0x69,0x5d,0xd2,0x4a,0x6a,0x25,0xd4,0x4a,0x6b,0x2b,0xd6,0x4a,0x6c,0x2f,0xd8,0x4a,
0x6d,0x33,0xda,0x4a,0x6e,0x37,0xdc,0x4a,0x6f,0x3b,0xde,0x4a,0x70,0x3f,0xe0,0x4a,
0x71,0x43,0xe2,0x4a,0x72,0x47,0xe4,0x4a,0x73,0x4b,0xe6,0x4a,0x74,0x4f,0xe8,0x4a,
0x75,0x53,0xea,0x4a,0x76,0x57,0xec,0x4a,0x77,0x5b,0xee,0x4a,0x78,0x5f,0xf0,0x4a,
0x1e,0x00,0x48,0xe0,0x51,0x7b,0x4a,0x80,0x52,0x61,0xa2,0x4a,0x7a,0x63,0xa4,0x4a,
0x1f,0x00,0x85,0xbf,0x00,0x00,0x48,0xe0,0x5b,0x7a,0x4b,0x80,0x00,0x00,0x48,0xe0,
0x5c,0x5c,0x4b,0x80,0x00,0x00,0x48,0xe0,0x5d,0x5d,0x4b,0x80,0x00,0x00,0x48,0xe0,
0x5e,0x5e,0x4b,0x80,0x00,0x00,0x48,0xe0,0x5f,0x5b,0x4b,0x80,0x00,0x00,0x48,0xe0,
0x60,0x5f,0x4b,0x80,0x00,0x00,0x48,0xe0,0x61,0x60,0x4b,0x80,0x00,0x00,0x48,0xe0,
0x62,0x61,0x4b,0x80,0x00,0x00,0x48,0xe0,0x63,0x62,0x4b,0x80,0x00,0x00,0x48,0xe0,
0x64,0x63,0x4b,0x80,0x00,0x00,0x48,0xe0,0x65,0x64,0x4b,0x80,0x00,0x00,0x48,0xe0,
0x66,0x65,0x4b,0x80,0x00,0x00,0x48,0xe0,0x67,0x66,0x4b,0x80,0x00,0x00,0x48,0xe0,
0x68,0x67,0x4b,0x80,0x00,0x00,0x48,0xe0,0x69,0x68,0x4b,0x80,0x00,0x00,0x48,0xe0,
0x6a,0x69,0x4b,0x80,0x00,0x00,0x48,0xe0,0x6b,0x6a,0x4b,0x80,0x00,0x00,0x48,0xe0,
0x6c,0x6b,0x4b,0x80,0x00,0x00,0x48,0xe0,0x6d,0x6c,0x4b,0x80,0x00,0x00,0x48,0xe0,
0x6e,0x6d,0x4b,0x80,0x00,0x00,0x48,0xe0,0x6f,0x6e,0x4b,0x80,0x00,0x00,0x48,0xe0,
0x70,0x6f,0x4b,0x80,0x00,0x00,0x48,0xe0,0x71,0x70,0x4b,0x80,0x00,0x00,0x48,0xe0,
0x72,0x71,0x4b,0x80,0x00,0x00,0x48,0xe0,0x73,0x72,0x4b,0x80,0x00,0x00,0x48,0xe0,
0x74,0x73,0x4b,0x80,0x00,0x00,0x48,0xe0,0x75,0x74,0x4b,0x80,0x00,0x00,0x48,0xe0,
0x76,0x75,0x4b,0x80,0x00,0x00,0x48,0xe0,0x77,0x76,0x4b,0x80,0x00,0x00,0x48,0xe0,
0x78,0x77,0x4b,0x80,0x00,0x00,0x48,0xe0,0x51,0x78,0x4b,0x80,0x00,0x00,0x48,0xe0,
0x52,0x7d,0x4b,0x80,0xa0,0x64,0x64,0x4a,0x47,0x28,0x28,0x4a,0x47,0x2a,0x2a,0x4a,
0x47,0x2c,0x2c,0x4a,0x47,0x2e,0x2e,0x4a,0x47,0x30,0x30,0x4a,0x47,0x32,0x32,0x4a,
0x47,0x34,0x34,0x4a,0x47,0x36,0x36,0x4a,0x47,0x38,0x38,0x4a,0x47,0x3a,0x3a,0x4a,
0x47,0x3c,0x3c,0x4a,0x47,0x3e,0x3e,0x4a,0x47,0x40,0x40,0x4a,0x47,0x42,0x42,0x4a,
0x47,0x44,0x44,0x4a,0x47,0x46,0x46,0x4a,0x47,0x48,0x48,0x4a,0x47,0x4a,0x4a,0x4a,
0x47,0x4c,0x4c,0x4a,0x47,0x4e,0x4e,0x4a,0x47,0x50,0x50,0x4a,0x47,0x52,0x52,0x4a,
0x47,0x54,0x54,0x4a,0x47,0x56,0x56,0x4a,0x47,0x58,0x58,0x4a,0x47,0x5a,0x5a,0x4a,
0x47,0x5c,0x5c,0x4a,0x47,0x5e,0x5e,0x4a,0x47,0x24,0x24,0x4a,0x47,0x26,0x26,0x4a,
0x47,0x60,0x60,0x4a,0x47,0x62,0x62,0x4a,0x05,0x90,0x05,0x81,0x09,0x00,0x87,0xbf,
0x05,0x03,0x04,0xbf,0xf7,0xbb,0x89,0xbf,0x51,0x00,0x44,0xd6,0x34,0x67,0xfe,0x03,
0x00,0x01,0x04,0x05,0xf7,0xb3,0x89,0xbf,0x52,0x00,0x44,0xd6,0x36,0x6b,0xfe,0x03,
0x00,0x01,0x04,0x05,0xf7,0xab,0x89,0xbf,0x53,0x00,0x44,0xd6,0x53,0x6f,0xfe,0x03,
0x00,0x01,0x04,0x05,0xf7,0xa3,0x89,0xbf,0x54,0x00,0x44,0xd6,0x55,0xa9,0xfe,0x03,
0x00,0x01,0x04,0x05,0xf7,0x9b,0x89,0xbf,0x55,0x00,0x44,0xd6,0x57,0xad,0xfe,0x03,
0x00,0x01,0x04,0x05,0xf7,0x93,0x89,0xbf,0x56,0x00,0x44,0xd6,0x59,0xb1,0xfe,0x03,
0x00,0x01,0x04,0x05,0xf7,0x8b,0x89,0xbf,0x57,0x00,0x44,0xd6,0x79,0xb5,0xfe,0x03,
0x00,0x01,0x04,0x05,0xf7,0x7b,0x89,0xbf,0x59,0x00,0x44,0xd6,0x5c,0xf5,0xfe,0x03,
0x00,0x01,0x04,0x05,0xf7,0x73,0x89,0xbf,0x5a,0x00,0x44,0xd6,0x5e,0xbb,0xfe,0x03,
0x00,0x01,0x04,0x05,0xf7,0x6b,0x89,0xbf,0x5b,0x00,0x44,0xd6,0x5f,0xb7,0xfe,0x03,
0x00,0x01,0x04,0x05,0xf7,0x63,0x89,0xbf,0x5c,0x00,0x44,0xd6,0x61,0xc1,0xfe,0x03,
0x00,0x01,0x04,0x05,0xf7,0x5b,0x89,0xbf,0x5d,0x00,0x44,0xd6,0x63,0xc5,0xfe,0x03,
0x00,0x01,0x04,0x05,0xf7,0x53,0x89,0xbf,0x5e,0x00,0x44,0xd6,0x65,0xc9,0xfe,0x03,
0x00,0x01,0x04,0x05,0xf7,0x4b,0x89,0xbf,0x5f,0x00,0x44,0xd6,0x67,0xcd,0xfe,0x03,
0x00,0x01,0x04,0x05,0xf7,0x3f,0x89,0xbf,0x61,0x00,0x44,0xd6,0x6a,0xd3,0xfe,0x03,
0x00,0x01,0x04,0x05,0xf7,0x37,0x89,0xbf,0x62,0x00,0x44,0xd6,0x6c,0xd7,0xfe,0x03,
0x00,0x01,0x04,0x05,0xf7,0x2f,0x89,0xbf,0x63,0x00,0x44,0xd6,0x6e,0xdb,0xfe,0x03,
0x00,0x01,0x04,0x05,0xf7,0x27,0x89,0xbf,0x64,0x00,0x44,0xd6,0x70,0xdf,0xfe,0x03,
0x00,0x01,0x04,0x05,0xf7,0x1f,0x89,0xbf,0x65,0x00,0x44,0xd6,0x72,0xe3,0xfe,0x03,
0x00,0x01,0x04,0x05,0xf7,0x17,0x89,0xbf,0x66,0x00,0x44,0xd6,0x74,0xe7,0xfe,0x03,
0x00,0x01,0x04,0x05,0x58,0x00,0x44,0xd6,0x7b,0xf9,0xfe,0x03,0x00,0x01,0x04,0x05,
0xf7,0x0f,0x89,0xbf,0x67,0x00,0x44,0xd6,0x76,0xeb,0xfe,0x03,0x00,0x01,0x04,0x05,
0xf7,0x07,0x89,0xbf,0x60,0x00,0x44,0xd6,0x78,0xd1,0xfe,0x03,0x00,0x01,0x04,0x05,
0xf7,0x03,0x89,0xbf,0x68,0x00,0x44,0xd6,0x7d,0xef,0xfe,0x03,0x00,0x01,0x04,0x05,
0x12,0x01,0x87,0xbf,0x08,0x40,0x40,0xcc,0x51,0xb3,0x22,0x1c,0x00,0x40,0x40,0xcc,
0x51,0xc3,0x02,0x1c,0xd4,0xfd,0xa2,0xbf,0x80,0x00,0x10,0xca,0x80,0x00,0x20,0x1b,
0x00,0x00,0x49,0xd4,0x8f,0x7e,0x02,0x00,0x10,0x00,0x57,0xd6,0x3f,0x1f,0x41,0x04,
0x80,0x00,0x10,0xca,0x80,0x00,0x1a,0x1d,0x80,0x00,0x10,0xca,0x80,0x00,0x1e,0x21,
0x80,0x00,0x10,0xca,0x80,0x00,0x1e,0x1c,0x7e,0x02,0x6a,0x91,0x8f,0x01,0xa4,0xbf,
0x11,0x00,0x01,0xd5,0x80,0x02,0x01,0x00,0x14,0x40,0x00,0x8c,0xa9,0x00,0x87,0xbf,
0x7e,0x00,0x6a,0x8b,0xc1,0x00,0x80,0xbe,0x16,0x22,0x24,0x38,0x90,0x20,0x22,0x38,
0x02,0x00,0x87,0xbf,0x18,0x00,0x01,0xd5,0x12,0x01,0x09,0x01,0x82,0x24,0x26,0x38,
0x84,0x24,0x28,0x38,0x86,0x24,0x2a,0x38,0x88,0x24,0x34,0x38,0x8a,0x24,0x36,0x38,
0x8c,0x24,0x38,0x38,0x8e,0x24,0x24,0x38,0x19,0x00,0x01,0xd5,0x13,0x01,0x09,0x01,
0x17,0x00,0x01,0xd5,0x14,0x01,0x09,0x01,0x16,0x00,0x01,0xd5,0x15,0x01,0x09,0x01,
0x15,0x00,0x01,0xd5,0x1a,0x01,0x09,0x01,0x14,0x00,0x01,0xd5,0x1b,0x01,0x09,0x01,
0x13,0x00,0x01,0xd5,0x1c,0x01,0x09,0x01,0x12,0x00,0x01,0xd5,0x12,0x01,0x09,0x01,
0x83,0x00,0xa4,0xbf,0x1a,0x00,0x2c,0xd7,0x18,0x4b,0x00,0x00,0x1b,0x00,0x2c,0xd7,
0x19,0x4b,0x00,0x00,0x1c,0x00,0x2c,0xd7,0x17,0x4b,0x00,0x00,0x1d,0x00,0x2c,0xd7,
0x16,0x4b,0x00,0x00,0x1e,0x00,0x2c,0xd7,0x15,0x4b,0x00,0x00,0x1f,0x00,0x2c,0xd7,
0x14,0x4b,0x00,0x00,0x20,0x00,0x2c,0xd7,0x13,0x4b,0x00,0x00,0x21,0x00,0x2c,0xd7,
0x12,0x4b,0x00,0x00,0x22,0x00,0x47,0xd6,0x1a,0x21,0x06,0x02,0x23,0x00,0x47,0xd6,
0x1b,0x21,0x06,0x02,0x24,0x00,0x47,0xd6,0x1c,0x21,0x06,0x02,0x25,0x00,0x47,0xd6,
0x1d,0x21,0x06,0x02,0x26,0x00,0x47,0xd6,0x1e,0x21,0x06,0x02,0x27,0x00,0x47,0xd6,
0x1f,0x21,0x06,0x02,0x28,0x00,0x47,0xd6,0x20,0x21,0x06,0x02,0x29,0x00,0x47,0xd6,
0x21,0x21,0x06,0x02,0x1a,0x00,0x47,0xd6,0x1a,0x23,0x06,0x02,0x1b,0x00,0x47,0xd6,
0x1b,0x23,0x06,0x02,0x1c,0x00,0x47,0xd6,0x1c,0x23,0x06,0x02,0x1d,0x00,0x47,0xd6,
0x1d,0x23,0x06,0x02,0x1e,0x00,0x47,0xd6,0x1e,0x23,0x06,0x02,0x1f,0x00,0x47,0xd6,
0x1f,0x23,0x06,0x02,0x20,0x00,0x47,0xd6,0x20,0x23,0x06,0x02,0x21,0x00,0x47,0xd6,
0x21,0x23,0x06,0x02,0x0f,0x00,0x85,0xbf,0x00,0x00,0x48,0xe0,0x22,0x22,0x4c,0x80,
0x00,0x00,0x48,0xe0,0x23,0x23,0x4c,0x80,0x00,0x00,0x48,0xe0,0x24,0x24,0x4c,0x80,
0x00,0x00,0x48,0xe0,0x25,0x25,0x4c,0x80,0x00,0x00,0x48,0xe0,0x26,0x26,0x4c,0x80,
0x00,0x00,0x48,0xe0,0x27,0x27,0x4c,0x80,0x00,0x00,0x48,0xe0,0x28,0x28,0x4c,0x80,
0x00,0x00,0x48,0xe0,0x29,0x29,0x4c,0x80,0x00,0x00,0x48,0xe0,0x1a,0x1a,0x4c,0x80,
0x00,0x00,0x48,0xe0,0x1b,0x1b,0x4c,0x80,0x00,0x00,0x48,0xe0,0x1c,0x1c,0x4c,0x80,
0x00,0x00,0x48,0xe0,0x1d,0x1d,0x4c,0x80,0x00,0x00,0x48,0xe0,0x1e,0x1e,0x4c,0x80,
0x00,0x00,0x48,0xe0,0x1f,0x1f,0x4c,0x80,0x00,0x00,0x48,0xe0,0x20,0x20,0x4c,0x80,
0x00,0x00,0x48,0xe0,0x21,0x21,0x4c,0x80,0xf7,0x3b,0x89,0xbf,0x22,0x00,0x44,0xd6,
0x23,0x45,0xfe,0x03,0x00,0x01,0x04,0x05,0xf7,0x33,0x89,0xbf,0x23,0x00,0x44,0xd6,
0x25,0x49,0xfe,0x03,0x00,0x01,0x04,0x05,0xf7,0x2b,0x89,0xbf,0x24,0x00,0x44,0xd6,
0x27,0x4d,0xfe,0x03,0x00,0x01,0x04,0x05,0xf7,0x23,0x89,0xbf,0x25,0x00,0x44,0xd6,
0x29,0x51,0xfe,0x03,0x00,0x01,0x04,0x05,0xf7,0x1b,0x89,0xbf,0x1b,0x00,0x44,0xd6,
0x1b,0x35,0xfe,0x03,0x00,0x01,0x04,0x05,0x1a,0x40,0x10,0xcc,0x4d,0x45,0x02,0x18,
0xf7,0x13,0x89,0xbf,0x1d,0x00,0x44,0xd6,0x1d,0x39,0xfe,0x03,0x00,0x01,0x04,0x05,
0x1c,0x40,0x10,0xcc,0x4d,0x49,0x02,0x18,0xf7,0x0b,0x89,0xbf,0x26,0x00,0x44,0xd6,
0x1f,0x3d,0xfe,0x03,0x00,0x01,0x04,0x05,0x1e,0x40,0x10,0xcc,0x4d,0x47,0x02,0x18,
0xf7,0x03,0x89,0xbf,0x21,0x00,0x44,0xd6,0x21,0x41,0xfe,0x03,0x00,0x01,0x04,0x05,
0x1f,0x40,0x10,0xcc,0x4d,0x4b,0x02,0x18,0x1b,0x40,0x10,0xcc,0x4d,0x37,0x02,0x18,
0x20,0x40,0x10,0xcc,0x4d,0x3b,0x02,0x18,0x1d,0x40,0x10,0xcc,0x4d,0x4d,0x02,0x18,
0x21,0x40,0x10,0xcc,0x4d,0x43,0x02,0x18,0x03,0x00,0xa5,0xbf,0xeb,0x00,0xa0,0xbf,
0x7e,0x00,0x6a,0x91,0xe9,0x00,0xa4,0xbf,0x1a,0x00,0x01,0xd5,0x10,0x01,0x01,0x01,
0x43,0x30,0x98,0x7c,0x18,0x00,0x2c,0xd7,0x18,0x83,0x00,0x00,0x00,0x00,0x4c,0xd4,
0x43,0x32,0x02,0x00,0x19,0x00,0x2c,0xd7,0x19,0x83,0x00,0x00,0x01,0x00,0x4c,0xd4,
0x43,0x2e,0x02,0x00,0x17,0x00,0x2c,0xd7,0x17,0x83,0x00,0x00,0x03,0x00,0x4c,0xd4,
0x43,0x2c,0x02,0x00,0x16,0x00,0x2c,0xd7,0x16,0x83,0x00,0x00,0x04,0x00,0x4c,0xd4,
0x43,0x2a,0x02,0x00,0x15,0x00,0x2c,0xd7,0x15,0x83,0x00,0x00,0x05,0x00,0x4c,0xd4,
0x43,0x28,0x02,0x00,0x14,0x00,0x2c,0xd7,0x14,0x83,0x00,0x00,0x06,0x00,0x4c,0xd4,
0x43,0x26,0x02,0x00,0x11,0x00,0x01,0xd5,0x11,0x01,0x01,0x01,0x13,0x00,0x2c,0xd7,
0x13,0x83,0x00,0x00,0x07,0x00,0x4c,0xd4,0x43,0x24,0x02,0x00,0x12,0x00,0x2c,0xd7,
0x12,0x83,0x00,0x00,0x08,0x00,0x4c,0xd4,0x41,0x34,0x02,0x00,0x09,0x00,0x4c,0xd4,
0x41,0x22,0x02,0x00,0x18,0x35,0x36,0x4a,0x19,0x35,0x38,0x4a,0x17,0x35,0x3a,0x4a,
0x08,0x6a,0x0a,0x8b,0x08,0x00,0x0b,0x8b,0x16,0x35,0x3c,0x4a,0x15,0x35,0x3e,0x4a,
0x14,0x35,0x40,0x4a,0x13,0x35,0x42,0x4a,0x12,0x35,0x34,0x4a,0x18,0x23,0x30,0x4a,
0x19,0x23,0x32,0x4a,0x17,0x23,0x2e,0x4a,0x16,0x23,0x2c,0x4a,0x15,0x23,0x2a,0x4a,
0x14,0x23,0x28,0x4a,0x13,0x23,0x26,0x4a,0x12,0x23,0x22,0x4a,0x08,0x01,0x0c,0x8b,
0x12,0x00,0x01,0xd5,0xff,0x00,0x29,0x00,0x00,0x00,0x00,0x80,0x08,0x03,0x0f,0x8b,
0x22,0x00,0x01,0xd5,0xff,0x00,0x2d,0x00,0x00,0x00,0x00,0x80,0x08,0x04,0x10,0x8b,
0x08,0x05,0x11,0x8b,0x08,0x06,0x17,0x8b,0x08,0x07,0x08,0x8b,0x09,0x6a,0x18,0x8b,
0x09,0x00,0x00,0x8b,0x09,0x01,0x01,0x8b,0x09,0x03,0x03,0x8b,0x09,0x04,0x04,0x8b,
0x09,0x05,0x05,0x8b,0x09,0x06,0x06,0x8b,0x09,0x07,0x07,0x8b,0x23,0x00,0x01,0xd5,
0xff,0x00,0x31,0x00,0x00,0x00,0x00,0x80,0x24,0x00,0x01,0xd5,0xff,0x00,0x3d,0x00,
0x00,0x00,0x00,0x80,0x25,0x00,0x01,0xd5,0xff,0x00,0x41,0x00,0x00,0x00,0x00,0x80,
0x26,0x00,0x01,0xd5,0xff,0x00,0x45,0x00,0x00,0x00,0x00,0x80,0x27,0x00,0x01,0xd5,
0xff,0x00,0x5d,0x00,0x00,0x00,0x00,0x80,0x28,0x00,0x01,0xd5,0xff,0x00,0x21,0x00,
0x00,0x00,0x00,0x80,0x29,0x00,0x01,0xd5,0xff,0x00,0x61,0x00,0x00,0x00,0x00,0x80,
0x2a,0x00,0x01,0xd5,0xff,0x00,0x01,0x00,0x00,0x00,0x00,0x80,0x2b,0x00,0x01,0xd5,
0xff,0x00,0x05,0x00,0x00,0x00,0x00,0x80,0x2c,0x00,0x01,0xd5,0xff,0x00,0x0d,0x00,
0x00,0x00,0x00,0x80,0x2d,0x00,0x01,0xd5,0xff,0x00,0x11,0x00,0x00,0x00,0x00,0x80,
0x2e,0x00,0x01,0xd5,0xff,0x00,0x15,0x00,0x00,0x00,0x00,0x80,0x2f,0x00,0x01,0xd5,
0xff,0x00,0x19,0x00,0x00,0x00,0x00,0x80,0x30,0x00,0x01,0xd5,0xff,0x00,0x1d,0x00,
0x00,0x00,0x00,0x80,0x12,0x00,0x46,0xd6,0x1b,0x03,0x49,0x04,0x1b,0x00,0x46,0xd6,
0x1c,0x03,0x89,0x04,0x1c,0x00,0x46,0xd6,0x1d,0x03,0x8d,0x04,0x1d,0x00,0x46,0xd6,
0x1e,0x03,0x91,0x04,0x1e,0x00,0x46,0xd6,0x1f,0x03,0x95,0x04,0x1f,0x00,0x46,0xd6,
0x20,0x03,0x99,0x04,0x20,0x00,0x46,0xd6,0x21,0x03,0x9d,0x04,0x1a,0x00,0x46,0xd6,
0x1a,0x03,0xa1,0x04,0x18,0x00,0x46,0xd6,0x18,0x03,0xa5,0x04,0x19,0x00,0x46,0xd6,
0x19,0x03,0xa9,0x04,0x17,0x00,0x46,0xd6,0x17,0x03,0xad,0x04,0x16,0x00,0x46,0xd6,
0x16,0x03,0xb1,0x04,0x15,0x00,0x46,0xd6,0x15,0x03,0xb5,0x04,0x14,0x00,0x46,0xd6,
0x14,0x03,0xb9,0x04,0x13,0x00,0x46,0xd6,0x13,0x03,0xbd,0x04,0x11,0x00,0x46,0xd6,
0x11,0x03,0xc1,0x04,0x0f,0x00,0x85,0xbf,0x00,0x00,0x48,0xe0,0x12,0x12,0x4c,0x80,
0x00,0x00,0x48,0xe0,0x1b,0x1b,0x4c,0x80,0x00,0x00,0x48,0xe0,0x1c,0x1c,0x4c,0x80,
0x00,0x00,0x48,0xe0,0x1d,0x1d,0x4c,0x80,0x00,0x00,0x48,0xe0,0x1e,0x1e,0x4c,0x80,
0x00,0x00,0x48,0xe0,0x1f,0x1f,0x4c,0x80,0x00,0x00,0x48,0xe0,0x20,0x20,0x4c,0x80,
0x00,0x00,0x48,0xe0,0x1a,0x1a,0x4c,0x80,0x00,0x00,0x48,0xe0,0x18,0x18,0x4c,0x80,
0x00,0x00,0x48,0xe0,0x19,0x19,0x4c,0x80,0x00,0x00,0x48,0xe0,0x17,0x17,0x4c,0x80,
0x00,0x00,0x48,0xe0,0x16,0x16,0x4c,0x80,0x00,0x00,0x48,0xe0,0x15,0x15,0x4c,0x80,
0x00,0x00,0x48,0xe0,0x14,0x14,0x4c,0x80,0x00,0x00,0x48,0xe0,0x13,0x13,0x4c,0x80,
0x00,0x00,0x48,0xe0,0x11,0x11,0x4c,0x80,0xf7,0x3b,0x89,0xbf,0x12,0x00,0x44,0xd6,
0x1b,0x25,0xfe,0x03,0x00,0x01,0x04,0x05,0xf7,0x33,0x89,0xbf,0x1b,0x00,0x44,0xd6,
0x1d,0x39,0xfe,0x03,0x00,0x01,0x04,0x05,0xf7,0x2b,0x89,0xbf,0x1c,0x00,0x44,0xd6,
0x1f,0x3d,0xfe,0x03,0x00,0x01,0x04,0x05,0xf7,0x23,0x89,0xbf,0x1d,0x00,0x44,0xd6,
0x1a,0x41,0xfe,0x03,0x00,0x01,0x04,0x05,0x1a,0x40,0x10,0xcc,0x4d,0x25,0x02,0x18,
0xf7,0x1b,0x89,0xbf,0x18,0x00,0x44,0xd6,0x19,0x31,0xfe,0x03,0x00,0x01,0x04,0x05,
0x1e,0x40,0x10,0xcc,0x4d,0x37,0x02,0x18,0xf7,0x13,0x89,0xbf,0x16,0x00,0x44,0xd6,
0x16,0x2f,0xfe,0x03,0x00,0x01,0x04,0x05,0x1c,0x40,0x10,0xcc,0x4d,0x39,0x02,0x18,
0xf7,0x0b,0x89,0xbf,0x14,0x00,0x44,0xd6,0x14,0x2b,0xfe,0x03,0x00,0x01,0x04,0x05,
0x1f,0x40,0x10,0xcc,0x4d,0x3b,0x02,0x18,0xf7,0x03,0x89,0xbf,0x11,0x00,0x44,0xd6,
0x11,0x27,0xfe,0x03,0x00,0x01,0x04,0x05,0x1b,0x40,0x10,0xcc,0x4d,0x31,0x02,0x18,
0x20,0x40,0x10,0xcc,0x4d,0x2d,0x02,0x18,0x1d,0x40,0x10,0xcc,0x4d,0x29,0x02,0x18,
0x04,0x00,0x87,0xbf,0x21,0x40,0x10,0xcc,0x4d,0x23,0x02,0x18,0x11,0x40,0x21,0xcc,
0x08,0x93,0x6a,0x04,0x12,0x60,0x21,0xcc,0x09,0x93,0x6a,0x04,0x18,0x40,0x21,0xcc,
0x0a,0x93,0x7a,0x04,0x0c,0x40,0x21,0xcc,0x0c,0x93,0x72,0x04,0x08,0x40,0x21,0xcc,
0x0e,0x93,0x7e,0x04,0x0e,0x40,0x21,0xcc,0x00,0x93,0x6e,0x04,0x15,0x60,0x21,0xcc,
0x01,0x93,0x6e,0x04,0x04,0x40,0x21,0xcc,0x04,0x93,0x76,0x04,0x13,0x60,0x21,0xcc,
0x0b,0x93,0x7a,0x04,0x19,0x40,0x21,0xcc,0x02,0x93,0x82,0x04,0x00,0x40,0x21,0xcc,
0x06,0x93,0x86,0x04,0x12,0x40,0x22,0xcc,0x0a,0x93,0x7a,0x04,0x11,0x03,0x14,0x7e,
0x18,0x60,0x22,0xcc,0x0b,0x93,0x7a,0x04,0x0e,0x01,0x10,0xca,0x0c,0x01,0x06,0x0b,
0x15,0x40,0x22,0xcc,0x02,0x93,0x82,0x04,0x04,0x03,0x04,0x7e,0x14,0x60,0x21,0xcc,
0x0d,0x93,0x72,0x04,0x16,0x60,0x21,0xcc,0x03,0x93,0x82,0x04,0x17,0x60,0x21,0xcc,
0x05,0x93,0x76,0x04,0x08,0x60,0x22,0xcc,0x0f,0x93,0x7e,0x04,0x19,0x60,0x22,0xcc,
0x03,0x93,0x82,0x04,0x00,0x60,0x22,0xcc,0x07,0x93,0x86,0x04,0x0a,0x60,0x22,0xcc,
0x09,0x93,0x6a,0x04,0x06,0x60,0x22,0xcc,0x0d,0x93,0x72,0x04,0x0b,0x60,0x22,0xcc,
0x01,0x93,0x6e,0x04,0x02,0x60,0x22,0xcc,0x05,0x93,0x76,0x04,0x1d,0x85,0x04,0xbf,
0x9a,0x03,0xa2,0xbf,0x1d,0x87,0x04,0xbf,0x99,0x03,0xa2,0xbf,0x1d,0x88,0x04,0xbf,
0x98,0x03,0xa2,0xbf,0x1d,0x89,0x04,0xbf,0x97,0x03,0xa2,0xbf,0x08,0x01,0x10,0xca,
0x19,0x01,0x1a,0x03,0x06,0x03,0x02,0x7e,0x18,0x03,0x0e,0x7e,0x0a,0x03,0x0a,0x7e,
0x00,0x03,0x1a,0x7e,0x02,0x03,0x12,0x7e,0x0b,0x03,0x1e,0x7e,0x1d,0x89,0x06,0xbf,
0x02,0x08,0xa1,0xbf,0x11,0x91,0x02,0x6a,0x91,0x00,0x87,0xbf,0x01,0x17,0x02,0x7e,
0x00,0x02,0x13,0xd4,0xff,0x02,0x02,0x00,0x00,0x00,0x20,0x3f,0x91,0x04,0x87,0xbf,
0x00,0x20,0x81,0xbe,0x7e,0x01,0x00,0x8d,0x03,0x03,0x03,0xd5,0x01,0x03,0x02,0x00,
0x05,0x01,0x13,0xd6,0x01,0xe9,0xfd,0x03,0x00,0x00,0x80,0x42,0x12,0x01,0x87,0xbf,
0xff,0x06,0x28,0x7c,0x50,0xac,0xae,0xc2,0x03,0x0b,0x06,0x02,0x91,0x00,0x87,0xbf,
0xff,0x06,0x06,0x10,0x3b,0xaa,0xb8,0x3f,0x03,0x4b,0x06,0x7e,0xff,0x0f,0x88,0xbf,
0xff,0x06,0x0a,0x10,0xa4,0x4e,0x4b,0x11,0x91,0x00,0x87,0xbf,0x03,0x0b,0x06,0x02,
0xf2,0x06,0x06,0x06,0x01,0x00,0x87,0xbf,0x03,0x55,0x06,0x7e,0xff,0x0f,0x88,0xbf,
0x03,0x00,0x13,0xd6,0x03,0xeb,0xc9,0x03,0x00,0x30,0x80,0xbe,0x01,0x03,0x06,0x10,
0x91,0x00,0x87,0xbf,0x23,0x06,0x0a,0x5a,0xc9,0x08,0xa9,0x3c,0x03,0x0b,0x0a,0x5a,
0x4e,0x1c,0x5c,0xbd,0x91,0x00,0x87,0xbf,0x03,0x0b,0x0a,0x5a,0x82,0x83,0x08,0x3e,
0x03,0x0b,0x0a,0x5a,0x99,0xaa,0xaa,0xbe,0x91,0x00,0x87,0xbf,0x05,0x01,0x08,0xd5,
0x01,0x0b,0x02,0x00,0x03,0x04,0x13,0xd6,0x03,0x0b,0x06,0x04,0x7e,0x00,0x7e,0x8c,
0x12,0x91,0x0a,0x6a,0x91,0x00,0x87,0xbf,0x05,0x17,0x0a,0x7e,0x00,0x02,0x13,0xd4,
0xff,0x0a,0x02,0x00,0x00,0x00,0x20,0x3f,0x91,0x04,0x87,0xbf,0x00,0x20,0x81,0xbe,
0x7e,0x01,0x00,0x8d,0x07,0x03,0x03,0xd5,0x05,0x0b,0x02,0x00,0x09,0x01,0x13,0xd6,
0x05,0xe9,0xfd,0x03,0x00,0x00,0x80,0x42,0x12,0x01,0x87,0xbf,0xff,0x0e,0x28,0x7c,
0x50,0xac,0xae,0xc2,0x07,0x13,0x0e,0x02,0x91,0x00,0x87,0xbf,0xff,0x0e,0x0e,0x10,
0x3b,0xaa,0xb8,0x3f,0x07,0x4b,0x0e,0x7e,0xff,0x0f,0x88,0xbf,0xff,0x0e,0x12,0x10,
0xa4,0x4e,0x4b,0x11,0x91,0x00,0x87,0xbf,0x07,0x13,0x0e,0x02,0xf2,0x0e,0x0e,0x06,
0x01,0x00,0x87,0xbf,0x07,0x55,0x0e,0x7e,0xff,0x0f,0x88,0xbf,0x07,0x00,0x13,0xd6,
0x07,0xeb,0xc9,0x03,0x00,0x30,0x80,0xbe,0x05,0x0b,0x0e,0x10,0x91,0x00,0x87,0xbf,
0x23,0x0e,0x12,0x5a,0xc9,0x08,0xa9,0x3c,0x07,0x13,0x12,0x5a,0x4e,0x1c,0x5c,0xbd,
0x91,0x00,0x87,0xbf,0x07,0x13,0x12,0x5a,0x82,0x83,0x08,0x3e,0x07,0x13,0x12,0x5a,
0x99,0xaa,0xaa,0xbe,0x91,0x00,0x87,0xbf,0x09,0x01,0x08,0xd5,0x05,0x13,0x02,0x00,
0x07,0x04,0x13,0xd6,0x07,0x13,0x16,0x04,0x7e,0x00,0x7e,0x8c,0x90,0x24,0x12,0x32,
0x91,0x00,0x87,0xbf,0x09,0x91,0x12,0x6a,0x09,0x17,0x12,0x7e,0x91,0x00,0x87,0xbf,
0x00,0x02,0x13,0xd4,0xff,0x12,0x02,0x00,0x00,0x00,0x20,0x3f,0x00,0x20,0x81,0xbe,
0x09,0x00,0x87,0xbf,0x7e,0x01,0x00,0x8d,0x0d,0x03,0x03,0xd5,0x09,0x13,0x02,0x00,
0x0f,0x01,0x13,0xd6,0x09,0xe9,0xfd,0x03,0x00,0x00,0x80,0x42,0x12,0x01,0x87,0xbf,
0xff,0x1a,0x28,0x7c,0x50,0xac,0xae,0xc2,0x0d,0x1f,0x1a,0x02,0x91,0x00,0x87,0xbf,
0xff,0x1a,0x1a,0x10,0x3b,0xaa,0xb8,0x3f,0x0d,0x4b,0x1a,0x7e,0xff,0x0f,0x88,0xbf,
0xff,0x1a,0x1e,0x10,0xa4,0x4e,0x4b,0x11,0x91,0x00,0x87,0xbf,0x0d,0x1f,0x1a,0x02,
0xf2,0x1a,0x1a,0x06,0x01,0x00,0x87,0xbf,0x0d,0x55,0x1a,0x7e,0xff,0x0f,0x88,0xbf,
0x0d,0x00,0x13,0xd6,0x0d,0xeb,0xc9,0x03,0x00,0x30,0x80,0xbe,0x09,0x13,0x1a,0x10,
0x91,0x00,0x87,0xbf,0x23,0x1a,0x1e,0x5a,0xc9,0x08,0xa9,0x3c,0x0d,0x1f,0x1e,0x5a,
0x4e,0x1c,0x5c,0xbd,0x91,0x00,0x87,0xbf,0x0d,0x1f,0x1e,0x5a,0x82,0x83,0x08,0x3e,
0x0d,0x1f,0x1e,0x5a,0x99,0xaa,0xaa,0xbe,0x91,0x00,0x87,0xbf,0x0f,0x01,0x08,0xd5,
0x09,0x1f,0x02,0x00,0x0d,0x04,0x13,0xd6,0x0d,0x1f,0x26,0x04,0x7e,0x00,0x7e,0x8c,
0x13,0x91,0x1e,0x6a,0x91,0x00,0x87,0xbf,0x0f,0x17,0x1e,0x7e,0x00,0x02,0x13,0xd4,
0xff,0x1e,0x02,0x00,0x00,0x00,0x20,0x3f,0x91,0x04,0x87,0xbf,0x00,0x20,0x81,0xbe,
0x7e,0x01,0x00,0x8d,0x1a,0x03,0x03,0xd5,0x0f,0x1f,0x02,0x00,0x1b,0x01,0x13,0xd6,
0x0f,0xe9,0xfd,0x03,0x00,0x00,0x80,0x42,0x12,0x01,0x87,0xbf,0xff,0x34,0x28,0x7c,
0x50,0xac,0xae,0xc2,0x1a,0x37,0x34,0x02,0x91,0x00,0x87,0xbf,0xff,0x34,0x34,0x10,
0x3b,0xaa,0xb8,0x3f,0x1a,0x4b,0x34,0x7e,0xff,0x0f,0x88,0xbf,0xff,0x34,0x36,0x10,
0xa4,0x4e,0x4b,0x11,0x91,0x00,0x87,0xbf,0x1a,0x37,0x34,0x02,0xf2,0x34,0x34,0x06,
0x01,0x00,0x87,0xbf,0x1a,0x55,0x34,0x7e,0xff,0x0f,0x88,0xbf,0x1a,0x00,0x13,0xd6,
0x1a,0xeb,0xc9,0x03,0x00,0x30,0x80,0xbe,0x0f,0x1f,0x34,0x10,0x91,0x00,0x87,0xbf,
0x23,0x34,0x36,0x5a,0xc9,0x08,0xa9,0x3c,0x1a,0x37,0x36,0x5a,0x4e,0x1c,0x5c,0xbd,
0x91,0x00,0x87,0xbf,0x1a,0x37,0x36,0x5a,0x82,0x83,0x08,0x3e,0x1a,0x37,0x36,0x5a,
0x99,0xaa,0xaa,0xbe,0x91,0x00,0x87,0xbf,0x1b,0x01,0x08,0xd5,0x0f,0x37,0x02,0x00,
0x1a,0x04,0x13,0xd6,0x1a,0x37,0x3e,0x04,0x7e,0x00,0x7e,0x8c,0x0c,0x91,0x36,0x6a,
0x91,0x00,0x87,0xbf,0x1b,0x17,0x36,0x7e,0x00,0x02,0x13,0xd4,0xff,0x36,0x02,0x00,
0x00,0x00,0x20,0x3f,0x91,0x04,0x87,0xbf,0x00,0x20,0x81,0xbe,0x7e,0x01,0x00,0x8d,
0x1c,0x03,0x03,0xd5,0x1b,0x37,0x02,0x00,0x1d,0x01,0x13,0xd6,0x1b,0xe9,0xfd,0x03,
0x00,0x00,0x80,0x42,0x12,0x01,0x87,0xbf,0xff,0x38,0x28,0x7c,0x50,0xac,0xae,0xc2,
0x1c,0x3b,0x38,0x02,0x91,0x00,0x87,0xbf,0xff,0x38,0x38,0x10,0x3b,0xaa,0xb8,0x3f,
0x1c,0x4b,0x38,0x7e,0xff,0x0f,0x88,0xbf,0xff,0x38,0x3a,0x10,0xa4,0x4e,0x4b,0x11,
0x91,0x00,0x87,0xbf,0x1c,0x3b,0x38,0x02,0xf2,0x38,0x38,0x06,0x01,0x00,0x87,0xbf,
0x1c,0x55,0x38,0x7e,0xff,0x0f,0x88,0xbf,0x1c,0x00,0x13,0xd6,0x1c,0xeb,0xc9,0x03,
0x00,0x30,0x80,0xbe,0x1b,0x37,0x38,0x10,0x91,0x00,0x87,0xbf,0x23,0x38,0x3a,0x5a,
0xc9,0x08,0xa9,0x3c,0x1c,0x3b,0x3a,0x5a,0x4e,0x1c,0x5c,0xbd,0x91,0x00,0x87,0xbf,
0x1c,0x3b,0x3a,0x5a,0x82,0x83,0x08,0x3e,0x1c,0x3b,0x3a,0x5a,0x99,0xaa,0xaa,0xbe,
0x91,0x00,0x87,0xbf,0x1d,0x01,0x08,0xd5,0x1b,0x3b,0x02,0x00,0x1c,0x04,0x13,0xd6,
0x1c,0x3b,0x6e,0x04,0x7e,0x00,0x7e,0x8c,0x14,0x91,0x3a,0x6a,0x91,0x00,0x87,0xbf,
0x1d,0x17,0x3a,0x7e,0x00,0x02,0x13,0xd4,0xff,0x3a,0x02,0x00,0x00,0x00,0x20,0x3f,
0x91,0x04,0x87,0xbf,0x00,0x20,0x81,0xbe,0x7e,0x01,0x00,0x8d,0x1e,0x03,0x03,0xd5,
0x1d,0x3b,0x02,0x00,0x1f,0x01,0x13,0xd6,0x1d,0xe9,0xfd,0x03,0x00,0x00,0x80,0x42,
0x12,0x01,0x87,0xbf,0xff,0x3c,0x28,0x7c,0x50,0xac,0xae,0xc2,0x1e,0x3f,0x3c,0x02,
0x91,0x00,0x87,0xbf,0xff,0x3c,0x3c,0x10,0x3b,0xaa,0xb8,0x3f,0x1e,0x4b,0x3c,0x7e,
0xff,0x0f,0x88,0xbf,0xff,0x3c,0x3e,0x10,0xa4,0x4e,0x4b,0x11,0x91,0x00,0x87,0xbf,
0x1e,0x3f,0x3c,0x02,0xf2,0x3c,0x3c,0x06,0x01,0x00,0x87,0xbf,0x1e,0x55,0x3c,0x7e,
0xff,0x0f,0x88,0xbf,0x1e,0x00,0x13,0xd6,0x1e,0xeb,0xc9,0x03,0x00,0x30,0x80,0xbe,
0x1d,0x3b,0x3c,0x10,0x91,0x00,0x87,0xbf,0x23,0x3c,0x3e,0x5a,0xc9,0x08,0xa9,0x3c,
0x1e,0x3f,0x3e,0x5a,0x4e,0x1c,0x5c,0xbd,0x91,0x00,0x87,0xbf,0x1e,0x3f,0x3e,0x5a,
0x82,0x83,0x08,0x3e,0x1e,0x3f,0x3e,0x5a,0x99,0xaa,0xaa,0xbe,0x91,0x00,0x87,0xbf,
0x1f,0x01,0x08,0xd5,0x1d,0x3f,0x02,0x00,0x1e,0x04,0x13,0xd6,0x1e,0x3f,0x76,0x04,
0x7e,0x00,0x7e,0x8c,0x08,0x91,0x3e,0x6a,0x91,0x00,0x87,0xbf,0x1f,0x17,0x3e,0x7e,
0x00,0x02,0x13,0xd4,0xff,0x3e,0x02,0x00,0x00,0x00,0x20,0x3f,0x91,0x04,0x87,0xbf,
0x00,0x20,0x81,0xbe,0x7e,0x01,0x00,0x8d,0x20,0x03,0x03,0xd5,0x1f,0x3f,0x02,0x00,
0x21,0x01,0x13,0xd6,0x1f,0xe9,0xfd,0x03,0x00,0x00,0x80,0x42,0x12,0x01,0x87,0xbf,
0xff,0x40,0x28,0x7c,0x50,0xac,0xae,0xc2,0x20,0x43,0x40,0x02,0x91,0x00,0x87,0xbf,
0xff,0x40,0x40,0x10,0x3b,0xaa,0xb8,0x3f,0x20,0x4b,0x40,0x7e,0xff,0x0f,0x88,0xbf,
0xff,0x40,0x42,0x10,0xa4,0x4e,0x4b,0x11,0x91,0x00,0x87,0xbf,0x20,0x43,0x40,0x02,
0xf2,0x40,0x40,0x06,0x01,0x00,0x87,0xbf,0x20,0x55,0x40,0x7e,0xff,0x0f,0x88,0xbf,
0x20,0x00,0x13,0xd6,0x20,0xeb,0xc9,0x03,0x00,0x30,0x80,0xbe,0x1f,0x3f,0x40,0x10,
0x91,0x00,0x87,0xbf,0x23,0x40,0x42,0x5a,0xc9,0x08,0xa9,0x3c,0x20,0x43,0x42,0x5a,
0x4e,0x1c,0x5c,0xbd,0x91,0x00,0x87,0xbf,0x20,0x43,0x42,0x5a,0x82,0x83,0x08,0x3e,
0x20,0x43,0x42,0x5a,0x99,0xaa,0xaa,0xbe,0x91,0x00,0x87,0xbf,0x21,0x01,0x08,0xd5,
0x1f,0x43,0x02,0x00,0x20,0x04,0x13,0xd6,0x20,0x43,0x7e,0x04,0x7e,0x00,0x7e,0x8c,
0x90,0x10,0x42,0x32,0x91,0x00,0x87,0xbf,0x21,0x91,0x42,0x6a,0x21,0x17,0x42,0x7e,
0x91,0x00,0x87,0xbf,0x00,0x02,0x13,0xd4,0xff,0x42,0x02,0x00,0x00,0x00,0x20,0x3f,
0x00,0x20,0x81,0xbe,0x09,0x00,0x87,0xbf,0x7e,0x01,0x00,0x8d,0x22,0x03,0x03,0xd5,
0x21,0x43,0x02,0x00,0x23,0x01,0x13,0xd6,0x21,0xe9,0xfd,0x03,0x00,0x00,0x80,0x42,
0x12,0x01,0x87,0xbf,0xff,0x44,0x28,0x7c,0x50,0xac,0xae,0xc2,0x22,0x47,0x44,0x02,
0x91,0x00,0x87,0xbf,0xff,0x44,0x44,0x10,0x3b,0xaa,0xb8,0x3f,0x22,0x4b,0x44,0x7e,
0xff,0x0f,0x88,0xbf,0xff,0x44,0x46,0x10,0xa4,0x4e,0x4b,0x11,0x91,0x00,0x87,0xbf,
0x22,0x47,0x44,0x02,0xf2,0x44,0x44,0x06,0x01,0x00,0x87,0xbf,0x22,0x55,0x44,0x7e,
0xff,0x0f,0x88,0xbf,0x22,0x00,0x13,0xd6,0x22,0xeb,0xc9,0x03,0x00,0x30,0x80,0xbe,
0x21,0x43,0x44,0x10,0x91,0x00,0x87,0xbf,0x23,0x44,0x46,0x5a,0xc9,0x08,0xa9,0x3c,
0x22,0x47,0x46,0x5a,0x4e,0x1c,0x5c,0xbd,0x91,0x00,0x87,0xbf,0x22,0x47,0x46,0x5a,
0x82,0x83,0x08,0x3e,0x22,0x47,0x46,0x5a,0x99,0xaa,0xaa,0xbe,0x91,0x00,0x87,0xbf,
0x23,0x01,0x08,0xd5,0x21,0x47,0x02,0x00,0x22,0x04,0x13,0xd6,0x22,0x47,0x86,0x04,
0x7e,0x00,0x7e,0x8c,0x0e,0x91,0x46,0x6a,0x91,0x00,0x87,0xbf,0x23,0x17,0x46,0x7e,
0x00,0x02,0x13,0xd4,0xff,0x46,0x02,0x00,0x00,0x00,0x20,0x3f,0x91,0x04,0x87,0xbf,
0x00,0x20,0x81,0xbe,0x7e,0x01,0x00,0x8d,0x24,0x03,0x03,0xd5,0x23,0x47,0x02,0x00,
0x25,0x01,0x13,0xd6,0x23,0xe9,0xfd,0x03,0x00,0x00,0x80,0x42,0x12,0x01,0x87,0xbf,
0xff,0x48,0x28,0x7c,0x50,0xac,0xae,0xc2,0x24,0x4b,0x48,0x02,0x91,0x00,0x87,0xbf,
0xff,0x48,0x48,0x10,0x3b,0xaa,0xb8,0x3f,0x24,0x4b,0x48,0x7e,0xff,0x0f,0x88,0xbf,
0xff,0x48,0x4a,0x10,0xa4,0x4e,0x4b,0x11,0x91,0x00,0x87,0xbf,0x24,0x4b,0x48,0x02,
0xf2,0x48,0x48,0x06,0x01,0x00,0x87,0xbf,0x24,0x55,0x48,0x7e,0xff,0x0f,0x88,0xbf,
0x24,0x00,0x13,0xd6,0x24,0xeb,0xc9,0x03,0x00,0x30,0x80,0xbe,0x23,0x47,0x48,0x10,
0x91,0x00,0x87,0xbf,0x23,0x48,0x4a,0x5a,0xc9,0x08,0xa9,0x3c,0x24,0x4b,0x4a,0x5a,
0x4e,0x1c,0x5c,0xbd,0x91,0x00,0x87,0xbf,0x24,0x4b,0x4a,0x5a,0x82,0x83,0x08,0x3e,
0x24,0x4b,0x4a,0x5a,0x99,0xaa,0xaa,0xbe,0x91,0x00,0x87,0xbf,0x25,0x01,0x08,0xd5,
0x23,0x4b,0x02,0x00,0x24,0x04,0x13,0xd6,0x24,0x4b,0x8e,0x04,0x7e,0x00,0x7e,0x8c,
0x15,0x91,0x4a,0x6a,0x91,0x00,0x87,0xbf,0x25,0x17,0x4a,0x7e,0x00,0x02,0x13,0xd4,
0xff,0x4a,0x02,0x00,0x00,0x00,0x20,0x3f,0x91,0x04,0x87,0xbf,0x00,0x20,0x81,0xbe,
0x7e,0x01,0x00,0x8d,0x26,0x03,0x03,0xd5,0x25,0x4b,0x02,0x00,0x27,0x01,0x13,0xd6,
0x25,0xe9,0xfd,0x03,0x00,0x00,0x80,0x42,0x12,0x01,0x87,0xbf,0xff,0x4c,0x28,0x7c,
0x50,0xac,0xae,0xc2,0x26,0x4f,0x4c,0x02,0x91,0x00,0x87,0xbf,0xff,0x4c,0x4c,0x10,
0x3b,0xaa,0xb8,0x3f,0x26,0x4b,0x4c,0x7e,0xff,0x0f,0x88,0xbf,0xff,0x4c,0x4e,0x10,
0xa4,0x4e,0x4b,0x11,0x91,0x00,0x87,0xbf,0x26,0x4f,0x4c,0x02,0xf2,0x4c,0x4c,0x06,
0x01,0x00,0x87,0xbf,0x26,0x55,0x4c,0x7e,0xff,0x0f,0x88,0xbf,0x26,0x00,0x13,0xd6,
0x26,0xeb,0xc9,0x03,0x00,0x30,0x80,0xbe,0x25,0x4b,0x4c,0x10,0x91,0x00,0x87,0xbf,
0x23,0x4c,0x4e,0x5a,0xc9,0x08,0xa9,0x3c,0x26,0x4f,0x4e,0x5a,0x4e,0x1c,0x5c,0xbd,
0x91,0x00,0x87,0xbf,0x26,0x4f,0x4e,0x5a,0x82,0x83,0x08,0x3e,0x26,0x4f,0x4e,0x5a,
0x99,0xaa,0xaa,0xbe,0x91,0x00,0x87,0xbf,0x27,0x01,0x08,0xd5,0x25,0x4f,0x02,0x00,
0x26,0x04,0x13,0xd6,0x26,0x4f,0x96,0x04,0x7e,0x00,0x7e,0x8c,0x90,0x2a,0x4e,0x32,
0x91,0x00,0x87,0xbf,0x27,0x91,0x4e,0x6a,0x27,0x17,0x4e,0x7e,0x91,0x00,0x87,0xbf,
0x00,0x02,0x13,0xd4,0xff,0x4e,0x02,0x00,0x00,0x00,0x20,0x3f,0x00,0x20,0x81,0xbe,
0x09,0x00,0x87,0xbf,0x7e,0x01,0x00,0x8d,0x28,0x03,0x03,0xd5,0x27,0x4f,0x02,0x00,
0x29,0x01,0x13,0xd6,0x27,0xe9,0xfd,0x03,0x00,0x00,0x80,0x42,0x12,0x01,0x87,0xbf,
0xff,0x50,0x28,0x7c,0x50,0xac,0xae,0xc2,0x28,0x53,0x50,0x02,0x91,0x00,0x87,0xbf,
0xff,0x50,0x50,0x10,0x3b,0xaa,0xb8,0x3f,0x28,0x4b,0x50,0x7e,0xff,0x0f,0x88,0xbf,
0xff,0x50,0x52,0x10,0xa4,0x4e,0x4b,0x11,0x91,0x00,0x87,0xbf,0x28,0x53,0x50,0x02,
0xf2,0x50,0x50,0x06,0x01,0x00,0x87,0xbf,0x28,0x55,0x50,0x7e,0xff,0x0f,0x88,0xbf,
0x28,0x00,0x13,0xd6,0x28,0xeb,0xc9,0x03,0x00,0x30,0x80,0xbe,0x27,0x4f,0x50,0x10,
0x91,0x00,0x87,0xbf,0x23,0x50,0x52,0x5a,0xc9,0x08,0xa9,0x3c,0x28,0x53,0x52,0x5a,
0x4e,0x1c,0x5c,0xbd,0x91,0x00,0x87,0xbf,0x28,0x53,0x52,0x5a,0x82,0x83,0x08,0x3e,
0x28,0x53,0x52,0x5a,0x99,0xaa,0xaa,0xbe,0x91,0x00,0x87,0xbf,0x29,0x01,0x08,0xd5,
0x27,0x53,0x02,0x00,0x28,0x04,0x13,0xd6,0x28,0x53,0x9e,0x04,0x7e,0x00,0x7e,0x8c,
0x16,0x91,0x52,0x6a,0x91,0x00,0x87,0xbf,0x29,0x17,0x52,0x7e,0x00,0x02,0x13,0xd4,
0xff,0x52,0x02,0x00,0x00,0x00,0x20,0x3f,0x91,0x04,0x87,0xbf,0x00,0x20,0x81,0xbe,
0x7e,0x01,0x00,0x8d,0x2a,0x03,0x03,0xd5,0x29,0x53,0x02,0x00,0x2b,0x01,0x13,0xd6,
0x29,0xe9,0xfd,0x03,0x00,0x00,0x80,0x42,0x12,0x01,0x87,0xbf,0xff,0x54,0x28,0x7c,
0x50,0xac,0xae,0xc2,0x2a,0x57,0x54,0x02,0x91,0x00,0x87,0xbf,0xff,0x54,0x54,0x10,
0x3b,0xaa,0xb8,0x3f,0x2a,0x4b,0x54,0x7e,0xff,0x0f,0x88,0xbf,0xff,0x54,0x56,0x10,
0xa4,0x4e,0x4b,0x11,0x91,0x00,0x87,0xbf,0x2a,0x57,0x54,0x02,0xf2,0x54,0x54,0x06,
0x01,0x00,0x87,0xbf,0x2a,0x55,0x54,0x7e,0xff,0x0f,0x88,0xbf,0x2a,0x00,0x13,0xd6,
0x2a,0xeb,0xc9,0x03,0x00,0x30,0x80,0xbe,0x29,0x53,0x54,0x10,0x91,0x00,0x87,0xbf,
0x23,0x54,0x56,0x5a,0xc9,0x08,0xa9,0x3c,0x2a,0x57,0x56,0x5a,0x4e,0x1c,0x5c,0xbd,
0x91,0x00,0x87,0xbf,0x2a,0x57,0x56,0x5a,0x82,0x83,0x08,0x3e,0x2a,0x57,0x56,0x5a,
0x99,0xaa,0xaa,0xbe,0x91,0x00,0x87,0xbf,0x2b,0x01,0x08,0xd5,0x29,0x57,0x02,0x00,
0x2a,0x04,0x13,0xd6,0x2a,0x57,0xa6,0x04,0x7e,0x00,0x7e,0x8c,0x04,0x91,0x56,0x6a,
0x91,0x00,0x87,0xbf,0x2b,0x17,0x56,0x7e,0x00,0x02,0x13,0xd4,0xff,0x56,0x02,0x00,
0x00,0x00,0x20,0x3f,0x91,0x04,0x87,0xbf,0x00,0x20,0x81,0xbe,0x7e,0x01,0x00,0x8d,
0x2c,0x03,0x03,0xd5,0x2b,0x57,0x02,0x00,0x2d,0x01,0x13,0xd6,0x2b,0xe9,0xfd,0x03,
0x00,0x00,0x80,0x42,0x12,0x01,0x87,0xbf,0xff,0x58,0x28,0x7c,0x50,0xac,0xae,0xc2,
0x2c,0x5b,0x58,0x02,0x91,0x00,0x87,0xbf,0xff,0x58,0x58,0x10,0x3b,0xaa,0xb8,0x3f,
0x2c,0x4b,0x58,0x7e,0xff,0x0f,0x88,0xbf,0xff,0x58,0x5a,0x10,0xa4,0x4e,0x4b,0x11,
0x91,0x00,0x87,0xbf,0x2c,0x5b,0x58,0x02,0xf2,0x58,0x58,0x06,0x01,0x00,0x87,0xbf,
0x2c,0x55,0x58,0x7e,0xff,0x0f,0x88,0xbf,0x2c,0x00,0x13,0xd6,0x2c,0xeb,0xc9,0x03,
0x00,0x30,0x80,0xbe,0x2b,0x57,0x58,0x10,0x91,0x00,0x87,0xbf,0x23,0x58,0x5a,0x5a,
0xc9,0x08,0xa9,0x3c,0x2c,0x5b,0x5a,0x5a,0x4e,0x1c,0x5c,0xbd,0x91,0x00,0x87,0xbf,
0x2c,0x5b,0x5a,0x5a,0x82,0x83,0x08,0x3e,0x2c,0x5b,0x5a,0x5a,0x99,0xaa,0xaa,0xbe,
0x91,0x00,0x87,0xbf,0x2d,0x01,0x08,0xd5,0x2b,0x5b,0x02,0x00,0x2c,0x04,0x13,0xd6,
0x2c,0x5b,0xae,0x04,0x7e,0x00,0x7e,0x8c,0x17,0x91,0x5a,0x6a,0x91,0x00,0x87,0xbf,
0x2d,0x17,0x5a,0x7e,0x00,0x02,0x13,0xd4,0xff,0x5a,0x02,0x00,0x00,0x00,0x20,0x3f,
0x91,0x04,0x87,0xbf,0x00,0x20,0x81,0xbe,0x7e,0x01,0x00,0x8d,0x2e,0x03,0x03,0xd5,
0x2d,0x5b,0x02,0x00,0x2f,0x01,0x13,0xd6,0x2d,0xe9,0xfd,0x03,0x00,0x00,0x80,0x42,
0x12,0x01,0x87,0xbf,0xff,0x5c,0x28,0x7c,0x50,0xac,0xae,0xc2,0x2e,0x5f,0x5c,0x02,
0x91,0x00,0x87,0xbf,0xff,0x5c,0x5c,0x10,0x3b,0xaa,0xb8,0x3f,0x2e,0x4b,0x5c,0x7e,
0xff,0x0f,0x88,0xbf,0xff,0x5c,0x5e,0x10,0xa4,0x4e,0x4b,0x11,0x91,0x00,0x87,0xbf,
0x2e,0x5f,0x5c,0x02,0xf2,0x5c,0x5c,0x06,0x01,0x00,0x87,0xbf,0x2e,0x55,0x5c,0x7e,
0xff,0x0f,0x88,0xbf,0x2e,0x00,0x13,0xd6,0x2e,0xeb,0xc9,0x03,0x00,0x30,0x80,0xbe,
0x2d,0x5b,0x5c,0x10,0x91,0x00,0x87,0xbf,0x23,0x5c,0x5e,0x5a,0xc9,0x08,0xa9,0x3c,
0x2e,0x5f,0x5e,0x5a,0x4e,0x1c,0x5c,0xbd,0x91,0x00,0x87,0xbf,0x2e,0x5f,0x5e,0x5a,
0x82,0x83,0x08,0x3e,0x2e,0x5f,0x5e,0x5a,0x99,0xaa,0xaa,0xbe,0x91,0x00,0x87,0xbf,
0x2f,0x01,0x08,0xd5,0x2d,0x5f,0x02,0x00,0x2e,0x04,0x13,0xd6,0x2e,0x5f,0xb6,0x04,
0x7e,0x00,0x7e,0x8c,0x00,0x91,0x5e,0x6a,0x91,0x00,0x87,0xbf,0x2f,0x17,0x5e,0x7e,
0x00,0x02,0x13,0xd4,0xff,0x5e,0x02,0x00,0x00,0x00,0x20,0x3f,0x91,0x04,0x87,0xbf,
0x00,0x20,0x81,0xbe,0x7e,0x01,0x00,0x8d,0x30,0x03,0x03,0xd5,0x2f,0x5f,0x02,0x00,
0x31,0x01,0x13,0xd6,0x2f,0xe9,0xfd,0x03,0x00,0x00,0x80,0x42,0x12,0x01,0x87,0xbf,
0xff,0x60,0x28,0x7c,0x50,0xac,0xae,0xc2,0x30,0x63,0x60,0x02,0x91,0x00,0x87,0xbf,
0xff,0x60,0x60,0x10,0x3b,0xaa,0xb8,0x3f,0x30,0x4b,0x60,0x7e,0xff,0x0f,0x88,0xbf,
0xff,0x60,0x62,0x10,0xa4,0x4e,0x4b,0x11,0x91,0x00,0x87,0xbf,0x30,0x63,0x60,0x02,
0xf2,0x60,0x60,0x06,0x01,0x00,0x87,0xbf,0x30,0x55,0x60,0x7e,0xff,0x0f,0x88,0xbf,
0x30,0x00,0x13,0xd6,0x30,0xeb,0xc9,0x03,0x00,0x30,0x80,0xbe,0x2f,0x5f,0x60,0x10,
0x91,0x00,0x87,0xbf,0x23,0x60,0x62,0x5a,0xc9,0x08,0xa9,0x3c,0x30,0x63,0x62,0x5a,
0x4e,0x1c,0x5c,0xbd,0x91,0x00,0x87,0xbf,0x30,0x63,0x62,0x5a,0x82,0x83,0x08,0x3e,
0x30,0x63,0x62,0x5a,0x99,0xaa,0xaa,0xbe,0x91,0x00,0x87,0xbf,0x31,0x01,0x08,0xd5,
0x2f,0x63,0x02,0x00,0x30,0x04,0x13,0xd6,0x30,0x63,0xbe,0x04,0x7e,0x00,0x7e,0x8c,
0x90,0x00,0x62,0x32,0x91,0x00,0x87,0xbf,0x31,0x91,0x62,0x6a,0x31,0x17,0x62,0x7e,
0x91,0x00,0x87,0xbf,0x00,0x02,0x13,0xd4,0xff,0x62,0x02,0x00,0x00,0x00,0x20,0x3f,
0x00,0x20,0x81,0xbe,0x09,0x00,0x87,0xbf,0x7e,0x01,0x00,0x8d,0x32,0x03,0x03,0xd5,
0x31,0x63,0x02,0x00,0x33,0x01,0x13,0xd6,0x31,0xe9,0xfd,0x03,0x00,0x00,0x80,0x42,
0x12,0x01,0x87,0xbf,0xff,0x64,0x28,0x7c,0x50,0xac,0xae,0xc2,0x32,0x67,0x64,0x02,
0x91,0x00,0x87,0xbf,0xff,0x64,0x64,0x10,0x3b,0xaa,0xb8,0x3f,0x32,0x4b,0x64,0x7e,
0xff,0x0f,0x88,0xbf,0xff,0x64,0x66,0x10,0xa4,0x4e,0x4b,0x11,0x91,0x00,0x87,0xbf,
0x32,0x67,0x64,0x02,0xf2,0x64,0x64,0x06,0x01,0x00,0x87,0xbf,0x32,0x55,0x64,0x7e,
0xff,0x0f,0x88,0xbf,0x32,0x00,0x13,0xd6,0x32,0xeb,0xc9,0x03,0x00,0x30,0x80,0xbe,
0x31,0x63,0x64,0x10,0x91,0x00,0x87,0xbf,0x23,0x64,0x66,0x5a,0xc9,0x08,0xa9,0x3c,
0x32,0x67,0x66,0x5a,0x4e,0x1c,0x5c,0xbd,0x91,0x00,0x87,0xbf,0x32,0x67,0x66,0x5a,
0x82,0x83,0x08,0x3e,0x32,0x67,0x66,0x5a,0x99,0xaa,0xaa,0xbe,0x91,0x00,0x87,0xbf,
0x33,0x01,0x08,0xd5,0x31,0x67,0x02,0x00,0x32,0x04,0x13,0xd6,0x32,0x67,0xc6,0x04,
0x7e,0x00,0x7e,0x8c,0x23,0x00,0x12,0xd6,0xff,0x48,0x8e,0x04,0xff,0xff,0xff,0x7f,
0x24,0x00,0x12,0xd6,0xff,0x4c,0x96,0x04,0xff,0xff,0xff,0x7f,0x25,0x00,0x12,0xd6,
0xff,0x50,0x9e,0x04,0xff,0xff,0xff,0x7f,0x26,0x00,0x12,0xd6,0xff,0x54,0xa6,0x04,
0xff,0xff,0xff,0x7f,0x27,0x00,0x12,0xd6,0xff,0x58,0xae,0x04,0xff,0xff,0xff,0x7f,
0x29,0x00,0x12,0xd6,0xff,0x60,0xbe,0x04,0xff,0xff,0xff,0x7f,0x01,0x00,0x12,0xd6,
0xff,0x06,0x06,0x04,0xff,0xff,0xff,0x7f,0x03,0x00,0x12,0xd6,0xff,0x1a,0x26,0x04,
0xff,0xff,0xff,0x7f,0x1b,0x00,0x12,0xd6,0xff,0x38,0x6e,0x04,0xff,0xff,0xff,0x7f,
0x1c,0x00,0x12,0xd6,0xff,0x3c,0x76,0x04,0xff,0xff,0xff,0x7f,0x1d,0x00,0x12,0xd6,
0xff,0x40,0x7e,0x04,0xff,0xff,0xff,0x7f,0x28,0x00,0x12,0xd6,0xff,0x5c,0xb6,0x04,
0xff,0xff,0xff,0x7f,0x2a,0x00,0x12,0xd6,0xff,0x0e,0x16,0x04,0xff,0xff,0xff,0x7f,
0x2b,0x00,0x12,0xd6,0xff,0x34,0x3e,0x04,0xff,0xff,0xff,0x7f,0x1e,0x00,0x12,0xd6,
0xff,0x44,0x86,0x04,0xff,0xff,0xff,0x7f,0x1f,0x00,0x12,0xd6,0xff,0x64,0xc6,0x04,
0xff,0xff,0xff,0x7f,0x0f,0x00,0x21,0xcc,0x23,0x95,0x02,0x02,0x1a,0x00,0x21,0xcc,
0x25,0x95,0x02,0x02,0x09,0x00,0x21,0xcc,0x27,0x95,0x02,0x02,0x0d,0x00,0x21,0xcc,
0x29,0x95,0x02,0x02,0x05,0x00,0x21,0xcc,0x01,0x95,0x02,0x02,0x07,0x00,0x21,0xcc,
0x03,0x95,0x02,0x02,0x01,0x00,0x21,0xcc,0x1b,0x95,0x02,0x02,0x03,0x00,0x21,0xcc,
0x1d,0x95,0x02,0x02,0x0f,0x00,0x22,0xcc,0x24,0x95,0x02,0x02,0x1a,0x00,0x22,0xcc,
0x26,0x95,0x02,0x02,0x09,0x00,0x22,0xcc,0x28,0x95,0x02,0x02,0x0d,0x00,0x22,0xcc,
0x1f,0x95,0x02,0x02,0x05,0x00,0x22,0xcc,0x2a,0x95,0x02,0x02,0x07,0x00,0x22,0xcc,
0x2b,0x95,0x02,0x02,0x01,0x00,0x22,0xcc,0x1c,0x95,0x02,0x02,0x03,0x00,0x22,0xcc,
0x1e,0x95,0x02,0x02,0x04,0x00,0xa5,0xbf,0xd4,0x00,0xa0,0xbf,0x11,0x02,0xa0,0xbf,
0x30,0x01,0xa0,0xbf,0xd2,0x00,0xa0,0xbf,0x11,0x91,0x02,0x6a,0x12,0x91,0x06,0x6a,
0x90,0x24,0x0a,0x32,0x13,0x91,0x0e,0x6a,0x14,0x91,0x1a,0x6a,0x90,0x10,0x34,0x32,
0x15,0x91,0x38,0x6a,0x90,0x2a,0x3a,0x32,0x16,0x91,0x3c,0x6a,0x17,0x91,0x40,0x6a,
0x90,0x00,0x44,0x32,0x0c,0x91,0x12,0x6a,0x08,0x91,0x1e,0x6a,0x0e,0x91,0x36,0x6a,
0x04,0x91,0x3e,0x6a,0x00,0x91,0x42,0x6a,0x01,0x17,0x02,0x7e,0x03,0x17,0x06,0x7e,
0x05,0x91,0x0a,0x6a,0x07,0x17,0x0e,0x7e,0x0d,0x17,0x1a,0x7e,0x1a,0x91,0x34,0x6a,
0x1c,0x17,0x38,0x7e,0x1d,0x91,0x3a,0x6a,0x1e,0x17,0x3c,0x7e,0x20,0x17,0x40,0x7e,
0x22,0x91,0x44,0x6a,0x09,0x17,0x12,0x7e,0x0f,0x17,0x1e,0x7e,0x1b,0x17,0x36,0x7e,
0x1f,0x17,0x3e,0x7e,0x21,0x17,0x42,0x7e,0xff,0x02,0xc6,0xc8,0xff,0x38,0x1c,0x01,
0x3b,0xaa,0xb8,0x3f,0xff,0x06,0xc6,0xc8,0xff,0x3c,0x1e,0x03,0x3b,0xaa,0xb8,0x3f,
0x05,0x17,0x0a,0x7e,0xff,0x0e,0xc6,0xc8,0xff,0x40,0x20,0x07,0x3b,0xaa,0xb8,0x3f,
0x1a,0x17,0x34,0x7e,0x1d,0x17,0x3a,0x7e,0x22,0x17,0x44,0x7e,0xff,0x1a,0x1a,0x10,
0x3b,0xaa,0xb8,0x3f,0x04,0x00,0x87,0xbf,0xff,0x12,0xc6,0xc8,0xff,0x34,0x1a,0x09,
0x3b,0xaa,0xb8,0x3f,0xff,0x1e,0x1e,0x10,0x3b,0xaa,0xb8,0x3f,0xff,0x36,0x36,0x10,
0x3b,0xaa,0xb8,0x3f,0xff,0x3e,0x3e,0x10,0x3b,0xaa,0xb8,0x3f,0xff,0x42,0x42,0x10,
0x3b,0xaa,0xb8,0x3f,0x03,0x4b,0x06,0x7e,0xff,0x0a,0x0a,0x10,0x3b,0xaa,0xb8,0x3f,
0x07,0x4b,0x0e,0x7e,0x1c,0x4b,0x38,0x7e,0xff,0x3a,0x3a,0x10,0x3b,0xaa,0xb8,0x3f,
0x1e,0x4b,0x3c,0x7e,0x20,0x4b,0x40,0x7e,0xff,0x44,0x44,0x10,0x3b,0xaa,0xb8,0x3f,
0x0d,0x4b,0x1a,0x7e,0x01,0x4b,0x02,0x7e,0x09,0x4b,0x12,0x7e,0x0f,0x4b,0x1e,0x7e,
0x1b,0x4b,0x36,0x7e,0x1f,0x4b,0x3e,0x7e,0x21,0x4b,0x42,0x7e,0x05,0x4b,0x0a,0x7e,
0x1a,0x4b,0x34,0x7e,0x1d,0x4b,0x3a,0x7e,0x22,0x4b,0x44,0x7e,0x03,0x15,0x06,0x7e,
0x07,0x15,0x0e,0x7e,0x0d,0x15,0x1a,0x7e,0x1c,0x15,0x38,0x7e,0x1e,0x15,0x3c,0x7e,
0x20,0x15,0x40,0x7e,0x01,0x15,0x02,0x7e,0x09,0x15,0x12,0x7e,0x0f,0x15,0x1e,0x7e,
0x1b,0x15,0x36,0x7e,0x1f,0x15,0x3e,0x7e,0x21,0x15,0x42,0x7e,0xf2,0x06,0x06,0x64,
0x05,0x15,0x0a,0x7e,0xf2,0x0e,0x0e,0x64,0xf2,0x1a,0x1a,0x64,0x1a,0x15,0x34,0x7e,
0xf2,0x38,0x38,0x64,0x1d,0x15,0x3a,0x7e,0xf2,0x3c,0x3c,0x64,0xf2,0x40,0x40,0x64,
0x22,0x15,0x44,0x7e,0xf2,0x02,0x02,0x64,0xf2,0x12,0x12,0x64,0xf2,0x1e,0x1e,0x64,
0xf2,0x36,0x36,0x64,0xf2,0x3e,0x3e,0x64,0xf2,0x42,0x42,0x64,0x03,0x17,0x06,0x7e,
0xf2,0x0a,0x0a,0x64,0x07,0x17,0x0e,0x7e,0x0d,0x17,0x1a,0x7e,0xf2,0x34,0x34,0x64,
0x1c,0x17,0x38,0x7e,0xf2,0x3a,0x3a,0x64,0x1e,0x17,0x3c,0x7e,0x20,0x17,0x40,0x7e,
0xf2,0x44,0x44,0x64,0x01,0x17,0x02,0x7e,0x09,0x17,0x12,0x7e,0x0f,0x17,0x1e,0x7e,
0x1b,0x17,0x36,0x7e,0x1f,0x17,0x3e,0x7e,0x21,0x17,0x42,0x7e,0x03,0x4f,0x06,0x7e,
0x05,0x17,0x0a,0x7e,0x07,0x4f,0x0e,0x7e,0x0d,0x4f,0x1a,0x7e,0x1a,0x17,0x34,0x7e,
0x1c,0x4f,0x38,0x7e,0x1d,0x17,0x3a,0x7e,0x1e,0x4f,0x3c,0x7e,0x20,0x4f,0x40,0x7e,
0x22,0x17,0x44,0x7e,0x01,0x4f,0x02,0x7e,0x09,0x4f,0x12,0x7e,0x0f,0x4f,0x1e,0x7e,
0x1b,0x4f,0x36,0x7e,0x1f,0x4f,0x3e,0x7e,0x21,0x4f,0x42,0x7e,0x05,0x4f,0x0a,0x7e,
0x1a,0x4f,0x34,0x7e,0x1d,0x4f,0x3a,0x7e,0x22,0x4f,0x44,0x7e,0x03,0x00,0x21,0xcc,
0x03,0x4f,0x00,0x02,0x07,0x00,0x21,0xcc,0x07,0x4f,0x00,0x02,0x0d,0x00,0x21,0xcc,
0x0d,0x4f,0x00,0x02,0x1c,0x00,0x21,0xcc,0x1c,0x4f,0x00,0x02,0x1e,0x00,0x21,0xcc,
0x1e,0x4f,0x00,0x02,0x20,0x00,0x21,0xcc,0x20,0x4f,0x00,0x02,0x01,0x00,0x21,0xcc,
0x01,0x4f,0x00,0x02,0x1b,0x00,0x21,0xcc,0x1b,0x4f,0x00,0x02,0x03,0x00,0x22,0xcc,
0x05,0x4f,0x00,0x02,0x07,0x00,0x22,0xcc,0x09,0x4f,0x00,0x02,0x0d,0x00,0x22,0xcc,
0x0f,0x4f,0x00,0x02,0x05,0x00,0x21,0xcc,0x1a,0x4f,0x00,0x02,0x1c,0x00,0x22,0xcc,
0x1d,0x4f,0x00,0x02,0x1e,0x00,0x22,0xcc,0x1f,0x4f,0x00,0x02,0x20,0x00,0x22,0xcc,
0x21,0x4f,0x00,0x02,0x0f,0x00,0x21,0xcc,0x22,0x4f,0x00,0x02,0x01,0x8f,0x02,0x6a,
0x1b,0x8f,0x12,0x6a,0x03,0x40,0x10,0xcc,0x4c,0x07,0x02,0x18,0x1a,0x40,0x10,0xcc,
0x4c,0x0f,0x02,0x18,0x0d,0x40,0x10,0xcc,0x4c,0x1b,0x02,0x18,0x05,0x8f,0x36,0x6a,
0x1c,0x40,0x10,0xcc,0x4c,0x39,0x02,0x18,0x1d,0x40,0x10,0xcc,0x4c,0x3d,0x02,0x18,
0x1e,0x40,0x10,0xcc,0x4c,0x41,0x02,0x18,0x0f,0x8f,0x3e,0x6a,0x05,0x00,0x11,0xd7,
0x01,0x07,0x02,0x00,0x07,0x00,0x16,0xd6,0x1a,0x07,0x42,0x02,0x01,0x00,0x16,0xd6,
0x0d,0x35,0x42,0x02,0x03,0x00,0x16,0xd6,0x1b,0x1b,0x42,0x02,0x0f,0x00,0x11,0xd7,
0x09,0x39,0x02,0x00,0x1a,0x00,0x16,0xd6,0x1d,0x39,0x42,0x02,0x09,0x00,0x16,0xd6,
0x1e,0x3b,0x42,0x02,0x0d,0x00,0x16,0xd6,0x1f,0x3d,0x42,0x02,0x5c,0x00,0xa6,0xbf,
0x0d,0x00,0x11,0xd7,0x14,0x11,0x02,0x00,0x90,0x10,0x1e,0x32,0xff,0x2a,0x36,0x36,
0xff,0x7f,0xff,0x7f,0x1f,0x00,0x11,0xd7,0x17,0x01,0x02,0x00,0xff,0x24,0x06,0x36,
0xff,0x7f,0xff,0x7f,0xff,0x1a,0x1a,0x36,0xff,0x7f,0xff,0x7f,0x21,0x01,0x32,0xd5,
0x0f,0xe5,0x01,0x00,0x1b,0x40,0x0f,0xcc,0x1b,0xe5,0x01,0x08,0xff,0x3e,0x3e,0x36,
0xff,0x7f,0xff,0x7f,0x01,0x01,0x32,0xd5,0x11,0xe5,0x01,0x00,0x90,0x00,0x40,0x32,
0x03,0x40,0x0f,0xcc,0x03,0xe5,0x01,0x08,0x0d,0x40,0x0f,0xcc,0x0d,0xe5,0x01,0x08,
0x21,0xa9,0x42,0x7e,0x90,0x36,0x48,0x32,0x1b,0xa9,0x36,0x7e,0x1f,0x40,0x0f,0xcc,
0x1f,0xe5,0x01,0x08,0x07,0x01,0x32,0xd5,0x13,0xe5,0x01,0x00,0x09,0x01,0x32,0xd5,
0x0c,0xe5,0x01,0x00,0x1a,0x01,0x32,0xd5,0x0e,0xe5,0x01,0x00,0x1d,0x01,0x32,0xd5,
0x16,0xe5,0x01,0x00,0x1e,0x01,0x32,0xd5,0x04,0xe5,0x01,0x00,0x01,0xa9,0x02,0x7e,
0x22,0x01,0x32,0xd5,0x20,0xe5,0x01,0x00,0x90,0x06,0x46,0x32,0x03,0xa9,0x06,0x7e,
0x90,0x1a,0x4a,0x32,0x90,0x3e,0x4c,0x32,0x07,0xa9,0x0e,0x7e,0x09,0xa9,0x12,0x7e,
0x1a,0xa9,0x34,0x7e,0x1d,0xa9,0x3a,0x7e,0x1e,0xa9,0x3c,0x7e,0x22,0xa9,0x44,0x7e,
0x23,0xa9,0x46,0x7e,0x0d,0xa9,0x1a,0x7e,0x24,0xa9,0x48,0x7e,0x1f,0xa9,0x3e,0x7e,
0x25,0xa9,0x4a,0x7e,0x0f,0x43,0x42,0x6a,0x15,0x37,0x1e,0x6a,0x26,0xa9,0x36,0x7e,
0x90,0x24,0x0a,0x32,0x90,0x2a,0x38,0x32,0x11,0x03,0x02,0x6a,0x12,0x07,0x06,0x6a,
0x13,0x0f,0x0e,0x6a,0x0c,0x13,0x12,0x6a,0x0e,0x35,0x34,0x6a,0x16,0x3b,0x3a,0x6a,
0x04,0x3d,0x3c,0x6a,0x20,0x45,0x40,0x6a,0x05,0x47,0x44,0x6a,0x05,0x00,0x11,0xd7,
0x01,0x07,0x02,0x00,0x14,0x1b,0x02,0x6a,0x1c,0x49,0x06,0x6a,0x17,0x3f,0x1a,0x6a,
0x08,0x4b,0x38,0x6a,0x00,0x37,0x36,0x6a,0x0f,0x00,0x11,0xd7,0x1a,0x1f,0x02,0x00,
0x07,0x00,0x11,0xd7,0x22,0x0f,0x02,0x00,0x01,0x00,0x11,0xd7,0x09,0x03,0x02,0x00,
0x1a,0x00,0x11,0xd7,0x03,0x3b,0x02,0x00,0x09,0x00,0x11,0xd7,0x1e,0x1b,0x02,0x00,
0x03,0x00,0x11,0xd7,0x1c,0x43,0x02,0x00,0x0d,0x00,0x11,0xd7,0x1b,0x41,0x02,0x00,
0xdf,0x00,0xa6,0xbf,0x1d,0x85,0x02,0xbf,0x4c,0x00,0xa1,0xbf,0x05,0x00,0x48,0xd6,
0x47,0x19,0x22,0x05,0x07,0x00,0x11,0xd7,0x14,0x11,0x02,0x00,0x90,0x10,0x12,0x32,
0x0d,0x00,0x11,0xd7,0x0e,0x2b,0x02,0x00,0x0f,0x00,0x16,0xd6,0x16,0x2b,0x42,0x02,
0x1b,0x00,0x11,0xd7,0x17,0x01,0x02,0x00,0x01,0x00,0x11,0xd7,0x11,0x25,0x02,0x00,
0x03,0x00,0x16,0xd6,0x13,0x25,0x42,0x02,0x1a,0x00,0x48,0xd6,0x47,0x09,0x22,0x05,
0x90,0x00,0x38,0x32,0x1d,0x00,0x61,0xd6,0x05,0xe5,0x01,0x02,0x05,0x40,0x0e,0xcc,
0x4c,0x0f,0x2e,0x1d,0x07,0x00,0x48,0xd6,0x47,0x13,0x22,0x05,0x09,0x40,0x0e,0xcc,
0x4c,0x1b,0x2e,0x1d,0x0d,0x40,0x0e,0xcc,0x4c,0x1f,0x2e,0x1d,0x0f,0x40,0x0e,0xcc,
0x4c,0x37,0x2e,0x1d,0x01,0x40,0x0e,0xcc,0x4c,0x03,0x2e,0x1d,0x03,0x40,0x0e,0xcc,
0x4c,0x07,0x2e,0x1d,0x1e,0x00,0x61,0xd6,0x1a,0xe5,0x01,0x02,0x1a,0x00,0x48,0xd6,
0x47,0x39,0x22,0x05,0x1b,0x40,0x11,0xcc,0x05,0xe5,0x01,0x08,0x0f,0x40,0x11,0xcc,
0x0f,0xe5,0x01,0x08,0x01,0x40,0x11,0xcc,0x01,0xe5,0x01,0x08,0x03,0x40,0x11,0xcc,
0x03,0xe5,0x01,0x08,0x1c,0x00,0x61,0xd6,0x07,0xe5,0x01,0x02,0x09,0x40,0x11,0xcc,
0x09,0xe5,0x01,0x08,0x0d,0x40,0x11,0xcc,0x0d,0xe5,0x01,0x08,0x1f,0x00,0x61,0xd6,
0x1a,0xe5,0x01,0x02,0x1b,0x40,0x12,0xcc,0x1b,0x01,0x01,0x18,0x20,0x40,0x12,0xcc,
0x0f,0x01,0x01,0x18,0x05,0x40,0x12,0xcc,0x01,0x01,0x01,0x18,0x07,0x40,0x12,0xcc,
0x03,0x01,0x01,0x18,0x0f,0x40,0x12,0xcc,0x09,0x01,0x01,0x18,0x1a,0x40,0x12,0xcc,
0x0d,0x01,0x01,0x18,0x01,0x00,0x11,0xd7,0x1d,0x37,0x02,0x00,0x03,0x00,0x16,0xd6,
0x1c,0x37,0x42,0x02,0x09,0x00,0x11,0xd7,0x1e,0x41,0x02,0x00,0x0d,0x00,0x16,0xd6,
0x1f,0x41,0x42,0x02,0x01,0x00,0xa5,0xbf,0x91,0x00,0xa0,0xbf,0x90,0x24,0x0a,0x32,
0x09,0x00,0x8b,0xd5,0x0c,0x01,0x00,0x20,0x0f,0x00,0x8b,0xd5,0x08,0x01,0x00,0x20,
0x90,0x10,0x34,0x32,0x1b,0x00,0x8b,0xd5,0x0e,0x01,0x00,0x20,0x90,0x2a,0x3a,0x32,
0x90,0x00,0x44,0x32,0x01,0x00,0x8b,0xd5,0x11,0x01,0x00,0x20,0x03,0x00,0x8b,0xd5,
0x12,0x01,0x00,0x20,0x07,0x00,0x8b,0xd5,0x13,0x01,0x00,0x20,0x0d,0x00,0x8b,0xd5,
0x14,0x01,0x00,0x20,0x1c,0x00,0x8b,0xd5,0x15,0x01,0x00,0x20,0x1e,0x00,0x8b,0xd5,
0x16,0x01,0x00,0x20,0x1f,0x00,0x8b,0xd5,0x04,0x01,0x00,0x20,0x20,0x00,0x8b,0xd5,
0x17,0x01,0x00,0x20,0x21,0x00,0x8b,0xd5,0x00,0x01,0x00,0x20,0x05,0x00,0x8b,0xd5,
0x05,0x01,0x00,0x20,0xff,0x1e,0x1e,0x10,0x3b,0xaa,0xb8,0x3f,0x1a,0x00,0x8b,0xd5,
0x1a,0x01,0x00,0x20,0xff,0x12,0x12,0x10,0x3b,0xaa,0xb8,0x3f,0xff,0x36,0x36,0x10,
0x3b,0xaa,0xb8,0x3f,0x1d,0x00,0x8b,0xd5,0x1d,0x01,0x00,0x20,0x22,0x00,0x8b,0xd5,
0x22,0x01,0x00,0x20,0xff,0x34,0xc6,0xc8,0xff,0x02,0x00,0x1a,0x3b,0xaa,0xb8,0x3f,
0xff,0x38,0xc6,0xc8,0xff,0x06,0x02,0x1c,0x3b,0xaa,0xb8,0x3f,0xff,0x3c,0xc6,0xc8,
0xff,0x0e,0x06,0x1e,0x3b,0xaa,0xb8,0x3f,0xff,0x40,0xc6,0xc8,0xff,0x1a,0x0c,0x20,
0x3b,0xaa,0xb8,0x3f,0xff,0x44,0xc6,0xc8,0xff,0x3e,0x1e,0x22,0x3b,0xaa,0xb8,0x3f,
0xff,0x42,0x42,0x10,0x3b,0xaa,0xb8,0x3f,0xff,0x0a,0x0a,0x10,0x3b,0xaa,0xb8,0x3f,
0x09,0x4b,0x12,0x7e,0x0f,0x4b,0x1e,0x7e,0x1b,0x4b,0x36,0x7e,0xff,0x3a,0x3a,0x10,
0x3b,0xaa,0xb8,0x3f,0x01,0x4b,0x02,0x7e,0x03,0x4b,0x06,0x7e,0x07,0x4b,0x0e,0x7e,
0x0d,0x4b,0x1a,0x7e,0x1c,0x4b,0x38,0x7e,0x1e,0x4b,0x3c,0x7e,0x1f,0x4b,0x3e,0x7e,
0x20,0x4b,0x40,0x7e,0x21,0x4b,0x42,0x7e,0x05,0x4b,0x0a,0x7e,0x1a,0x4b,0x34,0x7e,
0x1d,0x4b,0x3a,0x7e,0x22,0x4b,0x44,0x7e,0x09,0x15,0x12,0x7e,0x0f,0x15,0x1e,0x7e,
0x1b,0x15,0x36,0x7e,0x01,0x15,0x02,0x7e,0x03,0x15,0x06,0x7e,0x07,0x15,0x0e,0x7e,
0x0d,0x15,0x1a,0x7e,0x1c,0x15,0x38,0x7e,0x1e,0x15,0x3c,0x7e,0x1f,0x15,0x3e,0x7e,
0x20,0x15,0x40,0x7e,0x21,0x15,0x42,0x7e,0x05,0x15,0x0a,0x7e,0xf2,0x12,0x12,0x64,
0xf2,0x1e,0x1e,0x64,0x1a,0x15,0x34,0x7e,0xf2,0x36,0x36,0x64,0x1d,0x15,0x3a,0x7e,
0x22,0x15,0x44,0x7e,0xf2,0x02,0x02,0x64,0xf2,0x06,0x06,0x64,0xf2,0x0e,0x0e,0x64,
0xf2,0x1a,0x1a,0x64,0xf2,0x38,0x38,0x64,0xf2,0x3c,0x3c,0x64,0xf2,0x3e,0x3e,0x64,
0xf2,0x40,0x40,0x64,0xf2,0x42,0x42,0x64,0xf2,0x0a,0x0a,0x64,0x09,0xa9,0x46,0x7e,
0x0f,0xa9,0x48,0x7e,0xf2,0x34,0x12,0x64,0x1b,0xa9,0x1e,0x7e,0xf2,0x3a,0x36,0x64,
0xf2,0x44,0x3a,0x64,0x01,0xa9,0x02,0x7e,0x03,0xa9,0x06,0x7e,0x07,0xa9,0x0e,0x7e,
0x0d,0xa9,0x1a,0x7e,0x1c,0xa9,0x34,0x7e,0x1f,0xa9,0x38,0x7e,0x20,0xa9,0x3e,0x7e,
0x1e,0xa9,0x3c,0x7e,0x21,0xa9,0x40,0x7e,0x1b,0xa9,0x36,0x7e,0x1d,0xa9,0x3a,0x7e,
0x05,0xa9,0x42,0x7e,0x09,0xa9,0x44,0x7e,0x05,0x00,0x11,0xd7,0x01,0x07,0x02,0x00,
0x0f,0x00,0x11,0xd7,0x0f,0x35,0x02,0x00,0x01,0x00,0x11,0xd7,0x23,0x1b,0x02,0x00,
0x09,0x00,0x11,0xd7,0x1c,0x3f,0x02,0x00,0x1a,0x00,0x11,0xd7,0x1b,0x3d,0x02,0x00,
0x17,0x03,0x87,0xbf,0x0d,0x00,0x11,0xd7,0x20,0x3b,0x02,0x00,0x07,0x00,0x11,0xd7,
0x21,0x0f,0x02,0x00,0x05,0x00,0x87,0xbf,0x03,0x00,0x11,0xd7,0x24,0x45,0x02,0x00,
0x8f,0x02,0xa6,0xbf,0x1d,0x83,0x04,0xbf,0x2e,0x00,0xa2,0xbf,0x1d,0x83,0x02,0xbf,
0x2d,0x00,0xa1,0xbf,0x03,0x00,0x16,0xd6,0x13,0x25,0x42,0x02,0x0d,0x00,0x11,0xd7,
0x14,0x11,0x02,0x00,0x90,0x10,0x1e,0x32,0x1d,0x00,0x11,0xd7,0x17,0x01,0x02,0x00,
0x90,0x00,0x3c,0x32,0x01,0x00,0x11,0xd7,0x11,0x25,0x02,0x00,0x09,0x00,0x48,0xd6,
0x0c,0x8f,0x22,0x05,0x1a,0x00,0x11,0xd7,0x0e,0x2b,0x02,0x00,0x1b,0x00,0x16,0xd6,
0x16,0x2b,0x42,0x02,0x1c,0x00,0x48,0xd6,0x04,0x8f,0x22,0x05,0x07,0x40,0x0e,0xcc,
0x03,0x99,0x2e,0x1d,0x03,0x40,0x0e,0xcc,0x0d,0x99,0x2e,0x1d,0x0d,0x00,0x48,0xd6,
0x0f,0x8f,0x22,0x05,0x1d,0x40,0x0e,0xcc,0x1d,0x99,0x2e,0x1d,0x1e,0x00,0x48,0xd6,
0x1e,0x8f,0x22,0x05,0x05,0x40,0x0e,0xcc,0x01,0x99,0x2e,0x1d,0x0f,0x40,0x0e,0xcc,
0x1a,0x99,0x2e,0x1d,0x1a,0x40,0x0e,0xcc,0x1b,0x99,0x2e,0x1d,0x01,0x00,0x11,0xd7,
0x09,0x07,0x02,0x00,0x03,0x00,0x16,0xd6,0x0d,0x07,0x42,0x02,0x09,0x00,0x11,0xd7,
0x1c,0x3b,0x02,0x00,0x0d,0x00,0x16,0xd6,0x1e,0x3b,0x42,0x02,0x02,0x00,0xa5,0xbf,
0xc3,0x00,0xa0,0xbf,0xc3,0x00,0xa0,0xbf,0x11,0x17,0x02,0x7e,0x90,0x24,0x0a,0x32,
0x0c,0x17,0x12,0x7e,0x08,0x17,0x1e,0x7e,0x90,0x10,0x34,0x32,0x0e,0x17,0x36,0x7e,
0x15,0x17,0x38,0x7e,0x90,0x2a,0x3a,0x32,0x90,0x00,0x44,0x32,0x12,0x17,0x06,0x7e,
0x13,0x17,0x0e,0x7e,0x14,0x17,0x1a,0x7e,0x16,0x17,0x3c,0x7e,0x04,0x17,0x3e,0x7e,
0x17,0x17,0x40,0x7e,0x00,0x17,0x42,0x7e,0xff,0x02,0xc6,0xc8,0xff,0x38,0x1c,0x01,
0x3b,0xaa,0xb8,0x3f,0x05,0x17,0x46,0x7e,0xff,0x1e,0x1e,0x10,0x3b,0xaa,0xb8,0x3f,
0x1a,0x17,0x48,0x7e,0xff,0x12,0x12,0x10,0x3b,0xaa,0xb8,0x3f,0xff,0x36,0x36,0x10,
0x3b,0xaa,0xb8,0x3f,0x1d,0x17,0x4a,0x7e,0x22,0x17,0x4c,0x7e,0xff,0x48,0xc6,0xc8,
0xff,0x06,0x02,0x24,0x3b,0xaa,0xb8,0x3f,0xff,0x3c,0xc6,0xc8,0xff,0x0e,0x06,0x1e,
0x3b,0xaa,0xb8,0x3f,0xff,0x40,0xc6,0xc8,0xff,0x1a,0x0c,0x20,0x3b,0xaa,0xb8,0x3f,
0x04,0x00,0x87,0xbf,0xff,0x4c,0xc6,0xc8,0xff,0x3e,0x1e,0x26,0x3b,0xaa,0xb8,0x3f,
0xff,0x42,0x42,0x10,0x3b,0xaa,0xb8,0x3f,0xff,0x46,0x46,0x10,0x3b,0xaa,0xb8,0x3f,
0x09,0x4b,0x12,0x7e,0x0f,0x4b,0x1e,0x7e,0x1b,0x4b,0x36,0x7e,0x1c,0x4b,0x38,0x7e,
0xff,0x4a,0x4a,0x10,0x3b,0xaa,0xb8,0x3f,0x01,0x4b,0x02,0x7e,0x03,0x4b,0x06,0x7e,
0x07,0x4b,0x0e,0x7e,0x0d,0x4b,0x1a,0x7e,0x1e,0x4b,0x3c,0x7e,0x1f,0x4b,0x3e,0x7e,
0x20,0x4b,0x40,0x7e,0x21,0x4b,0x42,0x7e,0x23,0x4b,0x46,0x7e,0x24,0x4b,0x48,0x7e,
0x25,0x4b,0x4a,0x7e,0x26,0x4b,0x4c,0x7e,0x09,0x15,0x12,0x7e,0x0f,0x15,0x1e,0x7e,
0x1b,0x15,0x36,0x7e,0x1c,0x15,0x38,0x7e,0x03,0x00,0x04,0xd4,0x80,0x18,0x02,0x00,
0x05,0x00,0x04,0xd4,0x80,0x10,0x02,0x00,0x06,0x00,0x04,0xd4,0x80,0x1c,0x02,0x00,
0x07,0x00,0x04,0xd4,0x80,0x2a,0x02,0x00,0x01,0x15,0x02,0x7e,0x03,0x15,0x06,0x7e,
0x07,0x15,0x0e,0x7e,0x0d,0x15,0x1a,0x7e,0x1e,0x15,0x3c,0x7e,0x1f,0x15,0x3e,0x7e,
0x20,0x15,0x40,0x7e,0x21,0x15,0x42,0x7e,0x23,0x15,0x46,0x7e,0x09,0x00,0x48,0xd6,
0x09,0x8f,0x1e,0x85,0x0f,0x00,0x48,0xd6,0x0f,0x8f,0x1e,0x85,0x24,0x15,0x48,0x7e,
0x1b,0x00,0x48,0xd6,0x1b,0x8f,0x1e,0x85,0x1c,0x00,0x48,0xd6,0x1c,0x8f,0x1e,0x85,
0x25,0x15,0x4a,0x7e,0x26,0x15,0x4c,0x7e,0x80,0x22,0x08,0x7c,0x00,0x00,0x04,0xd4,
0x80,0x24,0x02,0x00,0x01,0x00,0x04,0xd4,0x80,0x26,0x02,0x00,0x04,0x00,0x04,0xd4,
0x80,0x28,0x02,0x00,0x08,0x00,0x04,0xd4,0x80,0x2c,0x02,0x00,0x09,0x00,0x04,0xd4,
0x80,0x08,0x02,0x00,0x0a,0x00,0x04,0xd4,0x80,0x2e,0x02,0x00,0x0b,0x00,0x04,0xd4,
0x80,0x00,0x02,0x00,0x0c,0x00,0x04,0xd4,0x80,0x0a,0x02,0x00,0x0f,0x00,0x04,0xd4,
0x80,0x34,0x02,0x00,0x10,0x00,0x04,0xd4,0x80,0x3a,0x02,0x00,0x11,0x00,0x04,0xd4,
0x80,0x44,0x02,0x00,0x01,0x00,0x48,0xd6,0x01,0x8f,0x1e,0x85,0x03,0x00,0x48,0xd6,
0x03,0x8f,0x1e,0x85,0x07,0x00,0x48,0xd6,0x07,0x8f,0x1e,0x85,0x0d,0x00,0x48,0xd6,
0x0d,0x8f,0x1e,0x85,0x1e,0x00,0x48,0xd6,0x1e,0x8f,0x1e,0x85,0x1f,0x00,0x48,0xd6,
0x1f,0x8f,0x1e,0x85,0x20,0x00,0x48,0xd6,0x20,0x8f,0x1e,0x85,0x21,0x00,0x48,0xd6,
0x21,0x8f,0x1e,0x85,0x23,0x00,0x48,0xd6,0x23,0x8f,0x1e,0x85,0x27,0x00,0x01,0xd5,
0x0c,0x13,0x0e,0x00,0x28,0x00,0x01,0xd5,0x08,0x1f,0x16,0x00,0x09,0x00,0x48,0xd6,
0x24,0x8f,0x1e,0x85,0x0f,0x00,0x01,0xd5,0x0e,0x37,0x1a,0x00,0x1b,0x00,0x01,0xd5,
0x15,0x39,0x1e,0x00,0x1c,0x00,0x48,0xd6,0x25,0x8f,0x1e,0x85,0x24,0x00,0x48,0xd6,
0x26,0x8f,0x1e,0x85,0x11,0x03,0x02,0x02,0x03,0x00,0x01,0xd5,0x12,0x07,0x02,0x00,
0x07,0x00,0x01,0xd5,0x13,0x0f,0x06,0x00,0x0d,0x00,0x01,0xd5,0x14,0x1b,0x12,0x00,
0x1e,0x00,0x01,0xd5,0x16,0x3d,0x22,0x00,0x1f,0x00,0x01,0xd5,0x04,0x3f,0x26,0x00,
0x20,0x00,0x01,0xd5,0x17,0x41,0x2a,0x00,0x21,0x00,0x01,0xd5,0x00,0x43,0x2e,0x00,
0x23,0x00,0x01,0xd5,0x05,0x47,0x32,0x00,0x25,0x00,0x01,0xd5,0x1a,0x13,0x3e,0x00,
0x1a,0x00,0x01,0xd5,0x1d,0x39,0x42,0x00,0x1c,0x00,0x01,0xd5,0x22,0x49,0x46,0x00,
0x0f,0x00,0x11,0xd7,0x0f,0x37,0x02,0x00,0x09,0x00,0x11,0xd7,0x1f,0x41,0x02,0x00,
0x05,0x00,0x11,0xd7,0x01,0x07,0x02,0x00,0x01,0x00,0x11,0xd7,0x27,0x1b,0x02,0x00,
0x1a,0x00,0x44,0xd6,0x1e,0x35,0xfe,0x03,0x00,0x01,0x04,0x05,0x0d,0x00,0x44,0xd6,
0x1c,0x43,0xfe,0x03,0x00,0x01,0x04,0x05,0x07,0x00,0x44,0xd6,0x07,0x47,0xfe,0x03,
0x00,0x01,0x04,0x05,0x03,0x00,0x44,0xd6,0x25,0x51,0xfe,0x03,0x00,0x01,0x04,0x05,
0x9b,0x01,0xa6,0xbf,0x1d,0x81,0x02,0xbf,0xf0,0x00,0xa1,0xbf,0x11,0x17,0x02,0x7e,
0x12,0x17,0x06,0x7e,0x90,0x24,0x0a,0x32,0x13,0x17,0x0e,0x7e,0x0c,0x17,0x12,0x7e,
0x08,0x17,0x1e,0x7e,0x90,0x10,0x34,0x32,0x0e,0x17,0x36,0x7e,0x15,0x17,0x38,0x7e,
0x90,0x2a,0x3a,0x32,0x90,0x00,0x44,0x32,0x80,0x22,0x08,0x7c,0x14,0x17,0x1a,0x7e,
0x16,0x17,0x3c,0x7e,0x04,0x17,0x3e,0x7e,0x17,0x17,0x40,0x7e,0x00,0x17,0x42,0x7e,
0xff,0x02,0xc6,0xc8,0xff,0x38,0x1c,0x01,0x3b,0xaa,0xb8,0x3f,0x03,0x00,0x87,0xbf,
0xff,0x06,0xc6,0xc8,0xff,0x40,0x20,0x03,0x3b,0xaa,0xb8,0x3f,0x05,0x17,0x4a,0x7e,
0xff,0x1e,0x1e,0x10,0x3b,0xaa,0xb8,0x3f,0x1a,0x17,0x54,0x7e,0xff,0x0e,0x0e,0x10,
0x3b,0xaa,0xb8,0x3f,0xff,0x36,0x36,0x10,0x3b,0xaa,0xb8,0x3f,0x1d,0x17,0x5a,0x7e,
0x22,0x17,0x64,0x7e,0xff,0x54,0xc6,0xc8,0xff,0x12,0x08,0x2a,0x3b,0xaa,0xb8,0x3f,
0x11,0x91,0x46,0xca,0xff,0x3c,0x1e,0x23,0x3b,0xaa,0xb8,0x3f,0xff,0x1a,0x1a,0x10,
0x3b,0xaa,0xb8,0x3f,0xff,0x3e,0x3e,0x10,0x3b,0xaa,0xb8,0x3f,0xff,0x42,0x42,0x10,
0x3b,0xaa,0xb8,0x3f,0x01,0x4b,0x02,0x7e,0x03,0x4b,0x06,0x7e,0xff,0x4a,0x4a,0x10,
0x3b,0xaa,0xb8,0x3f,0x07,0x4b,0x0e,0x7e,0x0f,0x4b,0x1e,0x7e,0x1b,0x4b,0x36,0x7e,
0x1c,0x4b,0x38,0x7e,0xff,0x5a,0xc6,0xc8,0xff,0x64,0x32,0x2d,0x3b,0xaa,0xb8,0x3f,
0x09,0x4b,0x12,0x7e,0x0d,0x4b,0x1a,0x7e,0x1e,0x4b,0x3c,0x7e,0x1f,0x4b,0x3e,0x7e,
0x20,0x4b,0x40,0x7e,0x21,0x4b,0x42,0x7e,0x25,0x4b,0x4a,0x7e,0x2a,0x4b,0x54,0x7e,
0x2d,0x4b,0x5a,0x7e,0x32,0x4b,0x64,0x7e,0x01,0x15,0x02,0x7e,0x03,0x15,0x06,0x7e,
0x07,0x15,0x0e,0x7e,0x09,0x15,0x12,0x7e,0x0f,0x15,0x1e,0x7e,0x1b,0x15,0x36,0x7e,
0x1c,0x15,0x38,0x7e,0x00,0x00,0x04,0xd4,0x80,0x24,0x02,0x00,0x01,0x00,0x04,0xd4,
0x80,0x26,0x02,0x00,0x03,0x00,0x04,0xd4,0x80,0x18,0x02,0x00,0x05,0x00,0x04,0xd4,
0x80,0x10,0x02,0x00,0x06,0x00,0x04,0xd4,0x80,0x1c,0x02,0x00,0x07,0x00,0x04,0xd4,
0x80,0x2a,0x02,0x00,0x0d,0x15,0x1a,0x7e,0x1e,0x15,0x3c,0x7e,0x1f,0x15,0x3e,0x7e,
0x20,0x15,0x40,0x7e,0x21,0x15,0x42,0x7e,0x01,0x00,0x48,0xd6,0x01,0x8f,0x1e,0x85,
0x03,0x00,0x48,0xd6,0x03,0x8f,0x1e,0x85,0x25,0x15,0x4a,0x7e,0x07,0x00,0x48,0xd6,
0x07,0x8f,0x1e,0x85,0x09,0x00,0x48,0xd6,0x09,0x8f,0x1e,0x85,0x0f,0x00,0x48,0xd6,
0x0f,0x8f,0x1e,0x85,0x2a,0x15,0x54,0x7e,0x1b,0x00,0x48,0xd6,0x1b,0x8f,0x1e,0x85,
0x1c,0x00,0x48,0xd6,0x1c,0x8f,0x1e,0x85,0x2d,0x15,0x5a,0x7e,0x32,0x15,0x64,0x7e,
0x04,0x00,0x04,0xd4,0x80,0x28,0x02,0x00,0x08,0x00,0x04,0xd4,0x80,0x2c,0x02,0x00,
0x09,0x00,0x04,0xd4,0x80,0x08,0x02,0x00,0x0a,0x00,0x04,0xd4,0x80,0x2e,0x02,0x00,
0x0b,0x00,0x04,0xd4,0x80,0x00,0x02,0x00,0x24,0x00,0x01,0xd5,0x12,0x91,0x02,0x00,
0x0c,0x00,0x04,0xd4,0x80,0x0a,0x02,0x00,0x26,0x00,0x01,0xd5,0x13,0x91,0x06,0x00,
0x27,0x00,0x01,0xd5,0x0c,0x91,0x0e,0x00,0x29,0x00,0x01,0xd5,0x08,0x91,0x16,0x00,
0x0f,0x00,0x04,0xd4,0x80,0x34,0x02,0x00,0x2b,0x00,0x01,0xd5,0x0e,0x91,0x1a,0x00,
0x2c,0x00,0x01,0xd5,0x15,0x91,0x1e,0x00,0x10,0x00,0x04,0xd4,0x80,0x3a,0x02,0x00,
0x11,0x00,0x04,0xd4,0x80,0x44,0x02,0x00,0x0d,0x00,0x48,0xd6,0x0d,0x8f,0x1e,0x85,
0x1e,0x00,0x48,0xd6,0x1e,0x8f,0x1e,0x85,0x1f,0x00,0x48,0xd6,0x1f,0x8f,0x1e,0x85,
0x20,0x00,0x48,0xd6,0x20,0x8f,0x1e,0x85,0x21,0x00,0x48,0xd6,0x21,0x8f,0x1e,0x85,
0x48,0x03,0x02,0x02,0x03,0x00,0x01,0xd5,0x48,0x07,0x02,0x00,0x25,0x00,0x48,0xd6,
0x25,0x8f,0x1e,0x85,0x07,0x00,0x01,0xd5,0x48,0x0f,0x06,0x00,0x09,0x00,0x01,0xd5,
0x48,0x13,0x0e,0x00,0x0f,0x00,0x01,0xd5,0x48,0x1f,0x16,0x00,0x2a,0x00,0x48,0xd6,
0x2a,0x8f,0x1e,0x85,0x1b,0x00,0x01,0xd5,0x48,0x37,0x1a,0x00,0x1c,0x00,0x01,0xd5,
0x48,0x39,0x1e,0x00,0x2d,0x00,0x48,0xd6,0x2d,0x8f,0x1e,0x85,0x32,0x00,0x48,0xd6,
0x32,0x8f,0x1e,0x85,0x28,0x00,0x01,0xd5,0x14,0x91,0x12,0x00,0x2e,0x00,0x01,0xd5,
0x16,0x91,0x22,0x00,0x2f,0x00,0x01,0xd5,0x04,0x91,0x26,0x00,0x30,0x00,0x01,0xd5,
0x17,0x91,0x2a,0x00,0x31,0x00,0x01,0xd5,0x00,0x91,0x2e,0x00,0x05,0x00,0x01,0xd5,
0x05,0x91,0x32,0x00,0x1a,0x00,0x01,0xd5,0x1a,0x91,0x3e,0x00,0x1d,0x00,0x01,0xd5,
0x1d,0x91,0x42,0x00,0x22,0x00,0x01,0xd5,0x22,0x91,0x46,0x00,0x0d,0x00,0x01,0xd5,
0x48,0x1b,0x12,0x00,0x1e,0x00,0x01,0xd5,0x48,0x3d,0x22,0x00,0x1f,0x00,0x01,0xd5,
0x48,0x3f,0x26,0x00,0x20,0x00,0x01,0xd5,0x48,0x41,0x2a,0x00,0x21,0x00,0x01,0xd5,
0x48,0x43,0x2e,0x00,0x01,0x47,0x02,0x6a,0x03,0x49,0x06,0x6a,0x23,0x00,0x01,0xd5,
0x48,0x4b,0x32,0x00,0x07,0x4d,0x0e,0x6a,0x09,0x4f,0x48,0x6a,0x0f,0x53,0x4a,0x6a,
0x09,0x00,0x01,0xd5,0x48,0x55,0x3e,0x00,0x1b,0x57,0x1e,0x6a,0x1c,0x59,0x36,0x6a,
0x1c,0x00,0x01,0xd5,0x48,0x5b,0x42,0x00,0x26,0x00,0x01,0xd5,0x48,0x65,0x46,0x00,
0x0d,0x51,0x1a,0x6a,0x1e,0x5d,0x3c,0x6a,0x1f,0x5f,0x3e,0x6a,0x20,0x61,0x40,0x6a,
0x21,0x63,0x42,0x6a,0x23,0x0b,0x46,0x6a,0x09,0x35,0x4e,0x6a,0x1c,0x3b,0x34,0x6a,
0x26,0x45,0x38,0x6a,0x0f,0x00,0x11,0xd7,0x0f,0x37,0x02,0x00,0x09,0x00,0x11,0xd7,
0x1f,0x41,0x02,0x00,0x05,0x00,0x11,0xd7,0x01,0x07,0x02,0x00,0x01,0x00,0x11,0xd7,
0x24,0x1b,0x02,0x00,0x1a,0x00,0x11,0xd7,0x1a,0x3d,0x02,0x00,0x0d,0x00,0x11,0xd7,
0x21,0x39,0x02,0x00,0x07,0x00,0x11,0xd7,0x23,0x0f,0x02,0x00,0x03,0x00,0x11,0xd7,
0x25,0x4f,0x02,0x00,0x01,0x00,0xa5,0xbf,0xa9,0x00,0xa0,0xbf,0x1d,0x81,0x07,0xbf,
0x9e,0x00,0xa2,0xbf,0x7e,0x44,0x6a,0x8b,0x7e,0x00,0xa3,0xbf,0x11,0x91,0x06,0x7c,
0x90,0x24,0x02,0x32,0x90,0x96,0x04,0x32,0x01,0x00,0x03,0xd4,0x13,0x91,0x02,0x00,
0x90,0x2a,0x0c,0x32,0x00,0x00,0x06,0xd4,0x4b,0x25,0x02,0x00,0x90,0x98,0x06,0x32,
0x03,0x00,0x03,0xd4,0x0c,0x91,0x02,0x00,0x04,0x00,0x03,0xd4,0x14,0x91,0x02,0x00,
0x90,0x10,0x0a,0x32,0x07,0x00,0x06,0xd4,0x4b,0x2b,0x02,0x00,0x90,0x00,0x0e,0x32,
0xff,0x8e,0x12,0x02,0x00,0x3c,0x00,0x00,0x02,0x03,0x0c,0x7c,0x0a,0x00,0x01,0xd5,
0xff,0x8e,0x06,0x00,0x00,0x3c,0x00,0x00,0x01,0x00,0x06,0xd4,0x02,0x0d,0x02,0x00,
0x05,0x00,0x06,0xd4,0x4b,0x11,0x02,0x00,0x06,0x00,0x03,0xd4,0x0e,0x91,0x02,0x00,
0x08,0x00,0x03,0xd4,0x16,0x91,0x02,0x00,0x09,0x00,0x03,0xd4,0x04,0x91,0x02,0x00,
0x0a,0x00,0x03,0xd4,0x17,0x91,0x02,0x00,0x0b,0x00,0x06,0xd4,0x4b,0x01,0x02,0x00,
0x01,0x00,0x01,0xd5,0xff,0x98,0x02,0x00,0x00,0x3c,0x00,0x00,0x0b,0x00,0x01,0xd5,
0xff,0x8e,0x0e,0x00,0x00,0x3c,0x00,0x00,0x0d,0x00,0x01,0xd5,0xff,0x8e,0x12,0x00,
0x00,0x3c,0x00,0x00,0x00,0x00,0x06,0xd4,0x02,0x0b,0x02,0x00,0x18,0x00,0x01,0xd5,
0xff,0x98,0x1e,0x00,0x00,0x3c,0x00,0x00,0x03,0x00,0x06,0xd4,0x02,0x0f,0x02,0x00,
0x09,0x23,0x0e,0x6a,0xff,0x06,0x12,0x02,0x00,0x3c,0x00,0x00,0x1c,0x00,0x01,0xd5,
0xff,0x06,0x06,0x00,0x00,0x3c,0x00,0x00,0x05,0x00,0x01,0xd5,0xff,0x98,0x16,0x00,
0x00,0x3c,0x00,0x00,0x0f,0x00,0x01,0xd5,0xff,0x8e,0x1a,0x00,0x00,0x3c,0x00,0x00,
0x06,0x00,0x01,0xd5,0xff,0x8e,0x22,0x00,0x00,0x3c,0x00,0x00,0x19,0x00,0x01,0xd5,
0xff,0x8e,0x26,0x00,0x00,0x3c,0x00,0x00,0x1a,0x00,0x01,0xd5,0xff,0x8e,0x2a,0x00,
0x00,0x3c,0x00,0x00,0x02,0x00,0x01,0xd5,0xff,0x98,0x2e,0x00,0x00,0x3c,0x00,0x00,
0x0a,0x27,0x36,0x6a,0x0b,0x19,0x14,0x6a,0x0d,0x29,0x16,0x6a,0x0d,0x00,0x01,0xd5,
0xff,0x06,0x02,0x00,0x00,0x3c,0x00,0x00,0x03,0x00,0x01,0xd5,0xff,0x06,0x0e,0x00,
0x00,0x3c,0x00,0x00,0x01,0x00,0x44,0xd6,0x09,0x03,0xfe,0x03,0x00,0x01,0x04,0x05,
0x09,0x00,0x44,0xd6,0x1c,0x31,0xfe,0x03,0x00,0x01,0x04,0x05,0x0f,0x1d,0x1e,0x6a,
0x06,0x2d,0x3a,0x6a,0x19,0x09,0x32,0x6a,0x1a,0x2f,0x34,0x6a,0x06,0x00,0x11,0xd7,
0x0a,0x17,0x02,0x00,0x05,0x00,0x44,0xd6,0x0d,0x0b,0xfe,0x03,0x00,0x01,0x04,0x05,
0x03,0x00,0x44,0xd6,0x03,0x05,0xfe,0x03,0x00,0x01,0x04,0x05,0x0b,0x40,0x10,0xcc,
0x01,0x25,0x02,0x18,0x09,0x40,0x10,0xcc,0x09,0x2b,0x02,0x18,0x02,0x00,0x11,0xd7,
0x19,0x35,0x02,0x00,0x01,0x40,0x10,0xcc,0x05,0x11,0x02,0x18,0x03,0x40,0x10,0xcc,
0x03,0x01,0x02,0x18,0x0a,0x00,0x11,0xd7,0x07,0x17,0x02,0x00,0x18,0x00,0x16,0xd6,
0x1b,0x17,0x42,0x02,0x0b,0x00,0x11,0xd7,0x0f,0x13,0x02,0x00,0x19,0x00,0x16,0xd6,
0x1d,0x13,0x42,0x02,0x03,0x00,0xa5,0xbf,0x1e,0x00,0xa0,0xbf,0x8a,0xfb,0xa5,0xbf,
0x5a,0xfc,0xa0,0xbf,0x80,0x22,0x04,0x72,0x05,0x40,0x12,0xcc,0x12,0x01,0x01,0x18,
0x80,0x26,0x0c,0x72,0x80,0x18,0x0e,0x72,0x80,0x28,0x12,0x72,0x01,0x40,0x12,0xcc,
0x08,0x01,0x01,0x18,0x80,0x1c,0x10,0x72,0x0c,0x40,0x12,0xcc,0x15,0x01,0x01,0x18,
0x80,0x2c,0x1a,0x72,0x80,0x08,0x08,0x72,0x80,0x2e,0x1c,0x72,0x03,0x40,0x12,0xcc,
0x00,0x01,0x01,0x18,0x0a,0x00,0x11,0xd7,0x02,0x0b,0x02,0x00,0x18,0x00,0x16,0xd6,
0x06,0x0b,0x42,0x02,0x06,0x00,0x11,0xd7,0x07,0x13,0x02,0x00,0x0b,0x00,0x11,0xd7,
0x08,0x19,0x02,0x00,0x19,0x00,0x16,0xd6,0x0d,0x19,0x42,0x02,0x02,0x00,0x11,0xd7,
0x04,0x1d,0x02,0x00,0x01,0x03,0x10,0x7e,0x03,0x03,0x00,0x7e,0x02,0x00,0x87,0xbf,
0x08,0x01,0x10,0xca,0x19,0x01,0x1a,0x03,0x06,0x03,0x02,0x7e,0x18,0x03,0x0e,0x7e,
0x0a,0x03,0x0a,0x7e,0x00,0x03,0x1a,0x7e,0x02,0x03,0x12,0x7e,0x0b,0x03,0x1e,0x7e,
0x8f,0x7e,0x92,0x7c,0x90,0x0a,0x16,0x32,0x03,0x00,0x87,0xbf,0x90,0x1e,0x18,0x32,
0x90,0x0e,0x10,0x32,0x90,0x34,0x14,0x32,0x00,0x00,0x01,0xd5,0x80,0x02,0xa9,0x01,
0x90,0x12,0x04,0x32,0x90,0x06,0x08,0x32,0x90,0x1a,0x0c,0x32,0x7e,0x14,0x6a,0x91,
0x16,0x00,0x24,0x38,0x90,0x02,0x00,0x32,0xc1,0x00,0x8a,0xbe,0x92,0x00,0x87,0xbf,
0x11,0x00,0x2c,0xd7,0x12,0x4b,0x00,0x00,0x11,0x21,0x1c,0x4a,0xb8,0x00,0xa4,0xbf,
0x82,0x24,0x28,0x38,0x24,0x24,0x98,0x7c,0x00,0x00,0x4c,0xd4,0x25,0x20,0x02,0x00,
0x90,0x20,0x26,0x38,0x84,0x24,0x2a,0x38,0x86,0x24,0x2c,0x38,0x88,0x24,0x2e,0x38,
0x8a,0x24,0x30,0x38,0x8c,0x24,0x32,0x38,0x8e,0x24,0x24,0x38,0x1b,0x00,0x2c,0xd7,
0x14,0x4b,0x00,0x00,0x00,0x6a,0x0b,0x8b,0x01,0x00,0x4c,0xd4,0x25,0x26,0x02,0x00,
0x03,0x00,0x4c,0xd4,0x24,0x28,0x02,0x00,0x09,0x00,0x4c,0xd4,0x24,0x24,0x02,0x00,
0x12,0x00,0x01,0xd5,0xff,0x00,0x2d,0x00,0x00,0x00,0x00,0x80,0x04,0x00,0x4c,0xd4,
0x24,0x2a,0x02,0x00,0x6a,0x01,0x0b,0x8b,0x00,0x03,0x0c,0x8b,0x01,0x03,0x03,0x8b,
0x11,0x27,0x22,0x4a,0x05,0x00,0x4c,0xd4,0x24,0x2c,0x02,0x00,0x12,0x00,0x46,0xd6,
0x0e,0x03,0x49,0x04,0x14,0x00,0x01,0xd5,0xff,0x00,0x2d,0x00,0x00,0x00,0x00,0x80,
0x15,0x00,0x01,0xd5,0xff,0x00,0x31,0x00,0x00,0x00,0x00,0x80,0x16,0x00,0x01,0xd5,
0xff,0x00,0x0d,0x00,0x00,0x00,0x00,0x80,0x1b,0x21,0x4a,0x4a,0x1b,0x27,0x4c,0x4a,
0x38,0x36,0x36,0x4a,0x00,0x04,0x0f,0x8b,0x01,0x04,0x04,0x8b,0x06,0x00,0x4c,0xd4,
0x24,0x2e,0x02,0x00,0x07,0x00,0x4c,0xd4,0x24,0x30,0x02,0x00,0x17,0x00,0x01,0xd5,
0xff,0x00,0x3d,0x00,0x00,0x00,0x00,0x80,0x18,0x00,0x01,0xd5,0xff,0x00,0x11,0x00,
0x00,0x00,0x00,0x80,0x00,0x00,0x64,0xe0,0x12,0x05,0x4d,0x80,0x11,0x00,0x46,0xd6,
0x11,0x03,0x51,0x04,0x12,0x00,0x46,0xd6,0x25,0x03,0x55,0x04,0x14,0x00,0x46,0xd6,
0x26,0x03,0x59,0x04,0x1b,0x21,0x2a,0x4a,0x1b,0x27,0x2c,0x4a,0x38,0x36,0x36,0x4a,
0x00,0x05,0x10,0x8b,0x01,0x05,0x05,0x8b,0x08,0x00,0x4c,0xd4,0x24,0x32,0x02,0x00,
0x19,0x00,0x01,0xd5,0xff,0x00,0x41,0x00,0x00,0x00,0x00,0x80,0x1c,0x00,0x01,0xd5,
0xff,0x00,0x15,0x00,0x00,0x00,0x00,0x80,0x02,0x00,0x85,0xbf,0x00,0x00,0x64,0xe0,
0x11,0x0f,0x4d,0x80,0x00,0x00,0x64,0xe0,0x12,0x0b,0x4d,0x80,0x00,0x00,0x64,0xe0,
0x14,0x0c,0x4d,0x80,0x11,0x00,0x46,0xd6,0x15,0x03,0x5d,0x04,0x12,0x00,0x46,0xd6,
0x16,0x03,0x61,0x04,0x1b,0x21,0x28,0x4a,0x1b,0x27,0x2a,0x4a,0x38,0x36,0x2c,0x4a,
0x00,0x06,0x11,0x8b,0x01,0x06,0x06,0x8b,0x1d,0x00,0x01,0xd5,0xff,0x00,0x45,0x00,
0x00,0x00,0x00,0x80,0x01,0x00,0x85,0xbf,0x00,0x00,0x64,0xe0,0x11,0x07,0x4d,0x80,
0x00,0x00,0x64,0xe0,0x12,0x1a,0x4d,0x80,0x11,0x00,0x46,0xd6,0x14,0x03,0x65,0x04,
0x12,0x00,0x46,0xd6,0x15,0x03,0x71,0x04,0x16,0x21,0x28,0x4a,0x16,0x27,0x2a,0x4a,
0x38,0x2c,0x2c,0x4a,0x1e,0x00,0x01,0xd5,0xff,0x00,0x19,0x00,0x00,0x00,0x00,0x80,
0x01,0x00,0x85,0xbf,0x00,0x00,0x64,0xe0,0x11,0x08,0x4d,0x80,0x00,0x00,0x64,0xe0,
0x12,0x0a,0x4d,0x80,0x11,0x00,0x46,0xd6,0x14,0x03,0x75,0x04,0x00,0x07,0x14,0x8b,
0x38,0x2c,0x28,0x4a,0x01,0x07,0x07,0x8b,0x12,0x00,0x46,0xd6,0x15,0x03,0x79,0x04,
0x1f,0x00,0x01,0xd5,0xff,0x00,0x51,0x00,0x00,0x00,0x00,0x80,0x20,0x00,0x01,0xd5,
0xff,0x00,0x1d,0x00,0x00,0x00,0x00,0x80,0x16,0x21,0x2a,0x4a,0x16,0x27,0x2c,0x4a,
0x01,0x00,0x85,0xbf,0x00,0x00,0x64,0xe0,0x11,0x01,0x4d,0x80,0x00,0x00,0x64,0xe0,
0x12,0x09,0x4d,0x80,0x38,0x28,0x22,0x4a,0x00,0x08,0x16,0x8b,0x01,0x08,0x08,0x8b,
0x00,0x09,0x00,0x8b,0x21,0x00,0x01,0xd5,0xff,0x00,0x59,0x00,0x00,0x00,0x00,0x80,
0x12,0x00,0x46,0xd6,0x15,0x03,0x7d,0x04,0x15,0x00,0x46,0xd6,0x16,0x03,0x81,0x04,
0x14,0x21,0x2c,0x4a,0x01,0x09,0x01,0x8b,0x22,0x00,0x01,0xd5,0xff,0x00,0x21,0x00,
0x00,0x00,0x00,0x80,0x14,0x27,0x28,0x4a,0x23,0x00,0x01,0xd5,0xff,0x00,0x01,0x00,
0x00,0x00,0x00,0x80,0x11,0x21,0x20,0x4a,0x24,0x00,0x01,0xd5,0xff,0x00,0x05,0x00,
0x00,0x00,0x00,0x80,0x11,0x27,0x22,0x4a,0x00,0x00,0x64,0xe0,0x12,0x00,0x4d,0x80,
0x12,0x00,0x46,0xd6,0x16,0x03,0x85,0x04,0x13,0x00,0x46,0xd6,0x14,0x03,0x89,0x04,
0x80,0x00,0x8a,0xbe,0x10,0x00,0x46,0xd6,0x10,0x03,0x8d,0x04,0x11,0x00,0x46,0xd6,
0x11,0x03,0x91,0x04,0x04,0x00,0x85,0xbf,0x00,0x00,0x64,0xe0,0x15,0x02,0x4d,0x80,
0x00,0x00,0x64,0xe0,0x12,0x03,0x4d,0x80,0x00,0x00,0x64,0xe0,0x13,0x0d,0x4d,0x80,
0x00,0x00,0x64,0xe0,0x10,0x04,0x4d,0x80,0x00,0x00,0x64,0xe0,0x11,0x06,0x4d,0x80,
0x7e,0x0a,0x6a,0x91,0xf7,0xf0,0xa4,0xbf,0x21,0x01,0x87,0xbf,0x38,0x1c,0x20,0x4a,
0x81,0x1c,0x1c,0x30,0x38,0x20,0x22,0x4a,0x81,0x20,0x20,0x30,0x03,0x00,0x85,0xbf,
0x00,0x00,0x64,0xe0,0x0e,0x05,0x4d,0x80,0x20,0x00,0x64,0xe0,0x0e,0x0f,0x4d,0x80,
0x00,0x00,0x64,0xe0,0x10,0x0b,0x4d,0x80,0x20,0x00,0x64,0xe0,0x10,0x0c,0x4d,0x80,
0x38,0x22,0x24,0x4a,0x81,0x22,0x1c,0x30,0x01,0x00,0x85,0xbf,0x00,0x00,0x64,0xe0,
0x0e,0x07,0x4d,0x80,0x20,0x00,0x64,0xe0,0x0e,0x1a,0x4d,0x80,0x38,0x24,0x0a,0x4a,
0x81,0x24,0x18,0x30,0x01,0x00,0x85,0xbf,0x00,0x00,0x64,0xe0,0x0c,0x08,0x4d,0x80,
0x20,0x00,0x64,0xe0,0x0c,0x0a,0x4d,0x80,0x38,0x0a,0x16,0x4a,0x81,0x0a,0x0a,0x30,
0x02,0x00,0x87,0xbf,0x38,0x16,0x0e,0x4a,0x81,0x16,0x10,0x30,0x01,0x00,0x85,0xbf,
0x00,0x00,0x64,0xe0,0x05,0x01,0x4d,0x80,0x20,0x00,0x64,0xe0,0x05,0x09,0x4d,0x80,
0x81,0x0e,0x02,0x30,0x05,0x00,0x47,0xd6,0x07,0x71,0x04,0x02,0x05,0x00,0x85,0xbf,
0x00,0x00,0x64,0xe0,0x08,0x00,0x4d,0x80,0x20,0x00,0x64,0xe0,0x08,0x02,0x4d,0x80,
0x00,0x00,0x64,0xe0,0x01,0x03,0x4d,0x80,0x20,0x00,0x64,0xe0,0x01,0x0d,0x4d,0x80,
0x00,0x00,0x64,0xe0,0x05,0x04,0x4d,0x80,0x20,0x00,0x64,0xe0,0x05,0x06,0x4d,0x80,
0xc0,0xf0,0xa0,0xbf,0x00,0x00,0x80,0xbf,0x03,0x00,0xb6,0xbf,0x00,0x00,0xb0,0xbf,
0x00,0x00,0x9f,0xbf,0x00,0x00,0x9f,0xbf,0x00,0x00,0x9f,0xbf,0x00,0x00,0x9f,0xbf,
0x00,0x00,0x9f,0xbf,0x00,0x00,0x9f,0xbf,0x00,0x00,0x9f,0xbf,0x00,0x00,0x9f,0xbf,
0x00,0x00,0x9f,0xbf,0x00,0x00,0x9f,0xbf,0x00,0x00,0x9f,0xbf,0x00,0x00,0x9f,0xbf,
0x00,0x00,0x9f,0xbf,0x00,0x00,0x9f,0xbf,0x00,0x00,0x9f,0xbf,0x00,0x00,0x9f,0xbf,
0x00,0x00,0x9f,0xbf,0x00,0x00,0x9f,0xbf,0x00,0x00,0x9f,0xbf,0x00,0x00,0x9f,0xbf,
0x00,0x00,0x9f,0xbf,0x00,0x00,0x9f,0xbf,0x00,0x00,0x9f,0xbf,0x00,0x00,0x9f,0xbf,
0x00,0x00,0x9f,0xbf,0x00,0x00,0x9f,0xbf,0x00,0x00,0x9f,0xbf,0x00,0x00,0x9f,0xbf,
0x00,0x00,0x9f,0xbf,0x00,0x00,0x9f,0xbf,0x00,0x00,0x9f,0xbf,0x00,0x00,0x9f,0xbf,
0x00,0x00,0x9f,0xbf,0x00,0x00,0x9f,0xbf,0x00,0x00,0x9f,0xbf,0x00,0x00,0x9f,0xbf,
0x00,0x00,0x9f,0xbf,0x00,0x00,0x9f,0xbf,0x00,0x00,0x9f,0xbf,0x00,0x00,0x9f,0xbf,
0x00,0x00,0x9f,0xbf,0x00,0x00,0x9f,0xbf,0x00,0x00,0x9f,0xbf,0x00,0x00,0x9f,0xbf,
0x00,0x00,0x9f,0xbf,0x00,0x00,0x9f,0xbf,0x00,0x00,0x9f,0xbf,0x00,0x00,0x9f,0xbf,
0x00,0x00,0x9f,0xbf,0x00,0x00,0x9f,0xbf,0x00,0x00,0x9f,0xbf,0x00,0x00,0x9f,0xbf,
0x00,0x00,0x9f,0xbf,0x00,0x00,0x9f,0xbf,0x00,0x00,0x9f,0xbf,0x00,0x00,0x9f,0xbf,
0x00,0x00,0x9f,0xbf,0x00,0x00,0x9f,0xbf,0x00,0x00,0x9f,0xbf,0x00,0x00,0x9f,0xbf,
0x00,0x00,0x9f,0xbf,0x00,0x00,0x9f,0xbf,0x00,0x00,0x9f,0xbf,0x00,0x00,0x9f,0xbf,
0x00,0x00,0x9f,0xbf,0x00,0x00,0x9f,0xbf,0x00,0x00,0x9f,0xbf,0x00,0x00,0x9f,0xbf,
0x00,0x00,0x9f,0xbf,0x00,0x00,0x9f,0xbf,0x00,0x00,0x9f,0xbf,0x00,0x00,0x9f,0xbf,
0x00,0x00,0x9f,0xbf,0x00,0x00,0x9f,0xbf,0x00,0x00,0x9f,0xbf,0x00,0x00,0x9f,0xbf,
0x00,0x00,0x9f,0xbf,0x00,0x00,0x9f,0xbf,0x00,0x00,0x9f,0xbf,0x00,0x00,0x9f,0xbf,
0x00,0x00,0x9f,0xbf,0x00,0x00,0x9f,0xbf,0x00,0x00,0x9f,0xbf,0x00,0x00,0x9f,0xbf,
0x00,0x00,0x9f,0xbf,0x00,0x00,0x9f,0xbf,0x00,0x00,0x9f,0xbf,0x00,0x00,0x9f,0xbf,
0x00,0x00,0x9f,0xbf,0x00,0x00,0x9f,0xbf,0x00,0x00,0x9f,0xbf,0x00,0x00,0x9f,0xbf,
0x00,0x00,0x9f,0xbf,0x00,0x00,0x9f,0xbf,0x00,0x00,0x9f,0xbf,0x00,0x00,0x9f,0xbf,
0x00,0x00,0x9f,0xbf,0x00,0x00,0x9f,0xbf,0x00,0x00,0x9f,0xbf,0x00,0x00,0x9f,0xbf,
0x14,0x44,0x00,0x00,0x00,0x00,0x00,0x00,0x58,0x01,0x00,0x00,0x00,0x00,0x00,0x00,
0x00,0x00,0x00,0x00,0x00,0x00,0x00,0x00,0x00,0x00,0x00,0x00,0x00,0x00,0x00,0x00,
0x00,0x00,0x00,0x00,0x00,0x00,0x00,0x00,0x00,0x00,0x00,0x00,0x00,0x00,0x00,0x00,
0x0f,0x00,0xaf,0x40,0x9a,0x0b,0x00,0x00,0x08,0x04,0x00,0x00,0x00,0x00,0x00,0x00,
0x00,0x63,0x6c,0x61,0x6e,0x67,0x20,0x76,0x65,0x72,0x73,0x69,0x6f,0x6e,0x20,0x31,
0x39,0x2e,0x30,0x2e,0x30,0x67,0x69,0x74,0x00,0x00,0x00,0x00,0x07,0x00,0x00,0x00,
0xd7,0x07,0x00,0x00,0x20,0x00,0x00,0x00,0x41,0x4d,0x44,0x47,0x50,0x55,0x00,0x00,
0x83,0xae,0x61,0x6d,0x64,0x68,0x73,0x61,0x2e,0x6b,0x65,0x72,0x6e,0x65,0x6c,0x73,
0x91,0xde,0x00,0x12,0xa5,0x2e,0x61,0x72,0x67,0x73,0xdc,0x00,0x1e,0x83,0xa7,0x2e,
0x6f,0x66,0x66,0x73,0x65,0x74,0x00,0xa5,0x2e,0x73,0x69,0x7a,0x65,0x04,0xab,0x2e,
0x76,0x61,0x6c,0x75,0x65,0x5f,0x6b,0x69,0x6e,0x64,0xa8,0x62,0x79,0x5f,0x76,0x61,
0x6c,0x75,0x65,0x83,0xa7,0x2e,0x6f,0x66,0x66,0x73,0x65,0x74,0x04,0xa5,0x2e,0x73,
0x69,0x7a,0x65,0x04,0xab,0x2e,0x76,0x61,0x6c,0x75,0x65,0x5f,0x6b,0x69,0x6e,0x64,
0xa8,0x62,0x79,0x5f,0x76,0x61,0x6c,0x75,0x65,0x83,0xa7,0x2e,0x6f,0x66,0x66,0x73,
0x65,0x74,0x08,0xa5,0x2e,0x73,0x69,0x7a,0x65,0x04,0xab,0x2e,0x76,0x61,0x6c,0x75,
0x65,0x5f,0x6b,0x69,0x6e,0x64,0xa8,0x62,0x79,0x5f,0x76,0x61,0x6c,0x75,0x65,0x85,
0xae,0x2e,0x61,0x63,0x74,0x75,0x61,0x6c,0x5f,0x61,0x63,0x63,0x65,0x73,0x73,0xa9,
0x72,0x65,0x61,0x64,0x5f,0x6f,0x6e,0x6c,0x79,0xae,0x2e,0x61,0x64,0x64,0x72,0x65,
0x73,0x73,0x5f,0x73,0x70,0x61,0x63,0x65,0xa6,0x67,0x6c,0x6f,0x62,0x61,0x6c,0xa7,
0x2e,0x6f,0x66,0x66,0x73,0x65,0x74,0x10,0xa5,0x2e,0x73,0x69,0x7a,0x65,0x08,0xab,
0x2e,0x76,0x61,0x6c,0x75,0x65,0x5f,0x6b,0x69,0x6e,0x64,0xad,0x67,0x6c,0x6f,0x62,
0x61,0x6c,0x5f,0x62,0x75,0x66,0x66,0x65,0x72,0x85,0xae,0x2e,0x61,0x63,0x74,0x75,
0x61,0x6c,0x5f,0x61,0x63,0x63,0x65,0x73,0x73,0xa9,0x72,0x65,0x61,0x64,0x5f,0x6f,
0x6e,0x6c,0x79,0xae,0x2e,0x61,0x64,0x64,0x72,0x65,0x73,0x73,0x5f,0x73,0x70,0x61,
0x63,0x65,0xa6,0x67,0x6c,0x6f,0x62,0x61,0x6c,0xa7,0x2e,0x6f,0x66,0x66,0x73,0x65,
0x74,0x18,0xa5,0x2e,0x73,0x69,0x7a,0x65,0x08,0xab,0x2e,0x76,0x61,0x6c,0x75,0x65,
0x5f,0x6b,0x69,0x6e,0x64,0xad,0x67,0x6c,0x6f,0x62,0x61,0x6c,0x5f,0x62,0x75,0x66,
0x66,0x65,0x72,0x85,0xae,0x2e,0x61,0x63,0x74,0x75,0x61,0x6c,0x5f,0x61,0x63,0x63,
0x65,0x73,0x73,0xa9,0x72,0x65,0x61,0x64,0x5f,0x6f,0x6e,0x6c,0x79,0xae,0x2e,0x61,
0x64,0x64,0x72,0x65,0x73,0x73,0x5f,0x73,0x70,0x61,0x63,0x65,0xa6,0x67,0x6c,0x6f,
0x62,0x61,0x6c,0xa7,0x2e,0x6f,0x66,0x66,0x73,0x65,0x74,0x20,0xa5,0x2e,0x73,0x69,
0x7a,0x65,0x08,0xab,0x2e,0x76,0x61,0x6c,0x75,0x65,0x5f,0x6b,0x69,0x6e,0x64,0xad,
0x67,0x6c,0x6f,0x62,0x61,0x6c,0x5f,0x62,0x75,0x66,0x66,0x65,0x72,0x84,0xae,0x2e,
0x61,0x64,0x64,0x72,0x65,0x73,0x73,0x5f,0x73,0x70,0x61,0x63,0x65,0xa6,0x67,0x6c,
0x6f,0x62,0x61,0x6c,0xa7,0x2e,0x6f,0x66,0x66,0x73,0x65,0x74,0x28,0xa5,0x2e,0x73,
0x69,0x7a,0x65,0x08,0xab,0x2e,0x76,0x61,0x6c,0x75,0x65,0x5f,0x6b,0x69,0x6e,0x64,
0xad,0x67,0x6c,0x6f,0x62,0x61,0x6c,0x5f,0x62,0x75,0x66,0x66,0x65,0x72,0x83,0xa7,
0x2e,0x6f,0x66,0x66,0x73,0x65,0x74,0x30,0xa5,0x2e,0x73,0x69,0x7a,0x65,0x04,0xab,
0x2e,0x76,0x61,0x6c,0x75,0x65,0x5f,0x6b,0x69,0x6e,0x64,0xa8,0x62,0x79,0x5f,0x76,
0x61,0x6c,0x75,0x65,0x83,0xa7,0x2e,0x6f,0x66,0x66,0x73,0x65,0x74,0x34,0xa5,0x2e,
0x73,0x69,0x7a,0x65,0x04,0xab,0x2e,0x76,0x61,0x6c,0x75,0x65,0x5f,0x6b,0x69,0x6e,
0x64,0xa8,0x62,0x79,0x5f,0x76,0x61,0x6c,0x75,0x65,0x83,0xa7,0x2e,0x6f,0x66,0x66,
0x73,0x65,0x74,0x38,0xa5,0x2e,0x73,0x69,0x7a,0x65,0x04,0xab,0x2e,0x76,0x61,0x6c,
0x75,0x65,0x5f,0x6b,0x69,0x6e,0x64,0xa8,0x62,0x79,0x5f,0x76,0x61,0x6c,0x75,0x65,
0x83,0xa7,0x2e,0x6f,0x66,0x66,0x73,0x65,0x74,0x3c,0xa5,0x2e,0x73,0x69,0x7a,0x65,
0x04,0xab,0x2e,0x76,0x61,0x6c,0x75,0x65,0x5f,0x6b,0x69,0x6e,0x64,0xa8,0x62,0x79,
0x5f,0x76,0x61,0x6c,0x75,0x65,0x83,0xa7,0x2e,0x6f,0x66,0x66,0x73,0x65,0x74,0x40,
0xa5,0x2e,0x73,0x69,0x7a,0x65,0x04,0xab,0x2e,0x76,0x61,0x6c,0x75,0x65,0x5f,0x6b,
0x69,0x6e,0x64,0xa8,0x62,0x79,0x5f,0x76,0x61,0x6c,0x75,0x65,0x83,0xa7,0x2e,0x6f,
0x66,0x66,0x73,0x65,0x74,0x44,0xa5,0x2e,0x73,0x69,0x7a,0x65,0x04,0xab,0x2e,0x76,
0x61,0x6c,0x75,0x65,0x5f,0x6b,0x69,0x6e,0x64,0xa8,0x62,0x79,0x5f,0x76,0x61,0x6c,
0x75,0x65,0x83,0xa7,0x2e,0x6f,0x66,0x66,0x73,0x65,0x74,0x48,0xa5,0x2e,0x73,0x69,
0x7a,0x65,0x04,0xab,0x2e,0x76,0x61,0x6c,0x75,0x65,0x5f,0x6b,0x69,0x6e,0x64,0xa8,
0x62,0x79,0x5f,0x76,0x61,0x6c,0x75,0x65,0x83,0xa7,0x2e,0x6f,0x66,0x66,0x73,0x65,
0x74,0x4c,0xa5,0x2e,0x73,0x69,0x7a,0x65,0x04,0xab,0x2e,0x76,0x61,0x6c,0x75,0x65,
0x5f,0x6b,0x69,0x6e,0x64,0xa8,0x62,0x79,0x5f,0x76,0x61,0x6c,0x75,0x65,0x83,0xa7,
0x2e,0x6f,0x66,0x66,0x73,0x65,0x74,0x50,0xa5,0x2e,0x73,0x69,0x7a,0x65,0x01,0xab,
0x2e,0x76,0x61,0x6c,0x75,0x65,0x5f,0x6b,0x69,0x6e,0x64,0xa8,0x62,0x79,0x5f,0x76,
0x61,0x6c,0x75,0x65,0x83,0xa7,0x2e,0x6f,0x66,0x66,0x73,0x65,0x74,0x51,0xa5,0x2e,
0x73,0x69,0x7a,0x65,0x01,0xab,0x2e,0x76,0x61,0x6c,0x75,0x65,0x5f,0x6b,0x69,0x6e,
0x64,0xa8,0x62,0x79,0x5f,0x76,0x61,0x6c,0x75,0x65,0x83,0xa7,0x2e,0x6f,0x66,0x66,
0x73,0x65,0x74,0x58,0xa5,0x2e,0x73,0x69,0x7a,0x65,0x04,0xab,0x2e,0x76,0x61,0x6c,
0x75,0x65,0x5f,0x6b,0x69,0x6e,0x64,0xb4,0x68,0x69,0x64,0x64,0x65,0x6e,0x5f,0x62,
0x6c,0x6f,0x63,0x6b,0x5f,0x63,0x6f,0x75,0x6e,0x74,0x5f,0x78,0x83,0xa7,0x2e,0x6f,
0x66,0x66,0x73,0x65,0x74,0x5c,0xa5,0x2e,0x73,0x69,0x7a,0x65,0x04,0xab,0x2e,0x76,
0x61,0x6c,0x75,0x65,0x5f,0x6b,0x69,0x6e,0x64,0xb4,0x68,0x69,0x64,0x64,0x65,0x6e,
0x5f,0x62,0x6c,0x6f,0x63,0x6b,0x5f,0x63,0x6f,0x75,0x6e,0x74,0x5f,0x79,0x83,0xa7,
0x2e,0x6f,0x66,0x66,0x73,0x65,0x74,0x60,0xa5,0x2e,0x73,0x69,0x7a,0x65,0x04,0xab,
0x2e,0x76,0x61,0x6c,0x75,0x65,0x5f,0x6b,0x69,0x6e,0x64,0xb4,0x68,0x69,0x64,0x64,
0x65,0x6e,0x5f,0x62,0x6c,0x6f,0x63,0x6b,0x5f,0x63,0x6f,0x75,0x6e,0x74,0x5f,0x7a,
0x83,0xa7,0x2e,0x6f,0x66,0x66,0x73,0x65,0x74,0x64,0xa5,0x2e,0x73,0x69,0x7a,0x65,
0x02,0xab,0x2e,0x76,0x61,0x6c,0x75,0x65,0x5f,0x6b,0x69,0x6e,0x64,0xb3,0x68,0x69,
0x64,0x64,0x65,0x6e,0x5f,0x67,0x72,0x6f,0x75,0x70,0x5f,0x73,0x69,0x7a,0x65,0x5f,
0x78,0x83,0xa7,0x2e,0x6f,0x66,0x66,0x73,0x65,0x74,0x66,0xa5,0x2e,0x73,0x69,0x7a,
0x65,0x02,0xab,0x2e,0x76,0x61,0x6c,0x75,0x65,0x5f,0x6b,0x69,0x6e,0x64,0xb3,0x68,
0x69,0x64,0x64,0x65,0x6e,0x5f,0x67,0x72,0x6f,0x75,0x70,0x5f,0x73,0x69,0x7a,0x65,
0x5f,0x79,0x83,0xa7,0x2e,0x6f,0x66,0x66,0x73,0x65,0x74,0x68,0xa5,0x2e,0x73,0x69,
0x7a,0x65,0x02,0xab,0x2e,0x76,0x61,0x6c,0x75,0x65,0x5f,0x6b,0x69,0x6e,0x64,0xb3,
0x68,0x69,0x64,0x64,0x65,0x6e,0x5f,0x67,0x72,0x6f,0x75,0x70,0x5f,0x73,0x69,0x7a,
0x65,0x5f,0x7a,0x83,0xa7,0x2e,0x6f,0x66,0x66,0x73,0x65,0x74,0x6a,0xa5,0x2e,0x73,
0x69,0x7a,0x65,0x02,0xab,0x2e,0x76,0x61,0x6c,0x75,0x65,0x5f,0x6b,0x69,0x6e,0x64,
0xb2,0x68,0x69,0x64,0x64,0x65,0x6e,0x5f,0x72,0x65,0x6d,0x61,0x69,0x6e,0x64,0x65,
0x72,0x5f,0x78,0x83,0xa7,0x2e,0x6f,0x66,0x66,0x73,0x65,0x74,0x6c,0xa5,0x2e,0x73,
0x69,0x7a,0x65,0x02,0xab,0x2e,0x76,0x61,0x6c,0x75,0x65,0x5f,0x6b,0x69,0x6e,0x64,
0xb2,0x68,0x69,0x64,0x64,0x65,0x6e,0x5f,0x72,0x65,0x6d,0x61,0x69,0x6e,0x64,0x65,
0x72,0x5f,0x79,0x83,0xa7,0x2e,0x6f,0x66,0x66,0x73,0x65,0x74,0x6e,0xa5,0x2e,0x73,
0x69,0x7a,0x65,0x02,0xab,0x2e,0x76,0x61,0x6c,0x75,0x65,0x5f,0x6b,0x69,0x6e,0x64,
0xb2,0x68,0x69,0x64,0x64,0x65,0x6e,0x5f,0x72,0x65,0x6d,0x61,0x69,0x6e,0x64,0x65,
0x72,0x5f,0x7a,0x83,0xa7,0x2e,0x6f,0x66,0x66,0x73,0x65,0x74,0xcc,0x80,0xa5,0x2e,
0x73,0x69,0x7a,0x65,0x08,0xab,0x2e,0x76,0x61,0x6c,0x75,0x65,0x5f,0x6b,0x69,0x6e,
0x64,0xb6,0x68,0x69,0x64,0x64,0x65,0x6e,0x5f,0x67,0x6c,0x6f,0x62,0x61,0x6c,0x5f,
0x6f,0x66,0x66,0x73,0x65,0x74,0x5f,0x78,0x83,0xa7,0x2e,0x6f,0x66,0x66,0x73,0x65,
0x74,0xcc,0x88,0xa5,0x2e,0x73,0x69,0x7a,0x65,0x08,0xab,0x2e,0x76,0x61,0x6c,0x75,
0x65,0x5f,0x6b,0x69,0x6e,0x64,0xb6,0x68,0x69,0x64,0x64,0x65,0x6e,0x5f,0x67,0x6c,
0x6f,0x62,0x61,0x6c,0x5f,0x6f,0x66,0x66,0x73,0x65,0x74,0x5f,0x79,0x83,0xa7,0x2e,
0x6f,0x66,0x66,0x73,0x65,0x74,0xcc,0x90,0xa5,0x2e,0x73,0x69,0x7a,0x65,0x08,0xab,
0x2e,0x76,0x61,0x6c,0x75,0x65,0x5f,0x6b,0x69,0x6e,0x64,0xb6,0x68,0x69,0x64,0x64,
0x65,0x6e,0x5f,0x67,0x6c,0x6f,0x62,0x61,0x6c,0x5f,0x6f,0x66,0x66,0x73,0x65,0x74,
0x5f,0x7a,0x83,0xa7,0x2e,0x6f,0x66,0x66,0x73,0x65,0x74,0xcc,0x98,0xa5,0x2e,0x73,
0x69,0x7a,0x65,0x02,0xab,0x2e,0x76,0x61,0x6c,0x75,0x65,0x5f,0x6b,0x69,0x6e,0x64,
0xb0,0x68,0x69,0x64,0x64,0x65,0x6e,0x5f,0x67,0x72,0x69,0x64,0x5f,0x64,0x69,0x6d,
0x73,0xb9,0x2e,0x67,0x72,0x6f,0x75,0x70,0x5f,0x73,0x65,0x67,0x6d,0x65,0x6e,0x74,
0x5f,0x66,0x69,0x78,0x65,0x64,0x5f,0x73,0x69,0x7a,0x65,0xcd,0x44,0x14,0xb6,0x2e,
0x6b,0x65,0x72,0x6e,0x61,0x72,0x67,0x5f,0x73,0x65,0x67,0x6d,0x65,0x6e,0x74,0x5f,
0x61,0x6c,0x69,0x67,0x6e,0x08,0xb5,0x2e,0x6b,0x65,0x72,0x6e,0x61,0x72,0x67,0x5f,
0x73,0x65,0x67,0x6d,0x65,0x6e,0x74,0x5f,0x73,0x69,0x7a,0x65,0xcd,0x01,0x58,0xa9,
0x2e,0x6c,0x61,0x6e,0x67,0x75,0x61,0x67,0x65,0xa8,0x4f,0x70,0x65,0x6e,0x43,0x4c,
0x20,0x43,0xb1,0x2e,0x6c,0x61,0x6e,0x67,0x75,0x61,0x67,0x65,0x5f,0x76,0x65,0x72,
0x73,0x69,0x6f,0x6e,0x92,0x02,0x00,0xb8,0x2e,0x6d,0x61,0x78,0x5f,0x66,0x6c,0x61,
0x74,0x5f,0x77,0x6f,0x72,0x6b,0x67,0x72,0x6f,0x75,0x70,0x5f,0x73,0x69,0x7a,0x65,
0xcd,0x01,0x00,0xa5,0x2e,0x6e,0x61,0x6d,0x65,0xd9,0x2e,0x5f,0x5a,0x39,0x67,0x65,
0x6d,0x6d,0x5f,0x77,0x6d,0x6d,0x61,0x6a,0x6a,0x6a,0x50,0x50,0x4b,0x44,0x46,0x31,
0x36,0x5f,0x53,0x31,0x5f,0x53,0x31,0x5f,0x50,0x50,0x44,0x46,0x31,0x36,0x5f,0x6a,
0x6a,0x6a,0x66,0x66,0x6a,0x66,0x66,0x62,0x62,0xbb,0x2e,0x70,0x72,0x69,0x76,0x61,
0x74,0x65,0x5f,0x73,0x65,0x67,0x6d,0x65,0x6e,0x74,0x5f,0x66,0x69,0x78,0x65,0x64,
0x5f,0x73,0x69,0x7a,0x65,0x00,0xab,0x2e,0x73,0x67,0x70,0x72,0x5f,0x63,0x6f,0x75,
0x6e,0x74,0x67,0xb1,0x2e,0x73,0x67,0x70,0x72,0x5f,0x73,0x70,0x69,0x6c,0x6c,0x5f,
0x63,0x6f,0x75,0x6e,0x74,0x00,0xa7,0x2e,0x73,0x79,0x6d,0x62,0x6f,0x6c,0xd9,0x31,
0x5f,0x5a,0x39,0x67,0x65,0x6d,0x6d,0x5f,0x77,0x6d,0x6d,0x61,0x6a,0x6a,0x6a,0x50,
0x50,0x4b,0x44,0x46,0x31,0x36,0x5f,0x53,0x31,0x5f,0x53,0x31,0x5f,0x50,0x50,0x44,
0x46,0x31,0x36,0x5f,0x6a,0x6a,0x6a,0x66,0x66,0x6a,0x66,0x66,0x62,0x62,0x2e,0x6b,
0x64,0xb8,0x2e,0x75,0x6e,0x69,0x66,0x6f,0x72,0x6d,0x5f,0x77,0x6f,0x72,0x6b,0x5f,
0x67,0x72,0x6f,0x75,0x70,0x5f,0x73,0x69,0x7a,0x65,0x01,0xb3,0x2e,0x75,0x73,0x65,
0x73,0x5f,0x64,0x79,0x6e,0x61,0x6d,0x69,0x63,0x5f,0x73,0x74,0x61,0x63,0x6b,0xc2,
0xab,0x2e,0x76,0x67,0x70,0x72,0x5f,0x63,0x6f,0x75,0x6e,0x74,0x7e,0xb1,0x2e,0x76,
0x67,0x70,0x72,0x5f,0x73,0x70,0x69,0x6c,0x6c,0x5f,0x63,0x6f,0x75,0x6e,0x74,0x00,
0xaf,0x2e,0x77,0x61,0x76,0x65,0x66,0x72,0x6f,0x6e,0x74,0x5f,0x73,0x69,0x7a,0x65,
0x20,0xb9,0x2e,0x77,0x6f,0x72,0x6b,0x67,0x72,0x6f,0x75,0x70,0x5f,0x70,0x72,0x6f,
0x63,0x65,0x73,0x73,0x6f,0x72,0x5f,0x6d,0x6f,0x64,0x65,0x00,0xad,0x61,0x6d,0x64,
0x68,0x73,0x61,0x2e,0x74,0x61,0x72,0x67,0x65,0x74,0xba,0x61,0x6d,0x64,0x67,0x63,
0x6e,0x2d,0x61,0x6d,0x64,0x2d,0x61,0x6d,0x64,0x68,0x73,0x61,0x2d,0x2d,0x67,0x66,
0x78,0x31,0x31,0x30,0x30,0xae,0x61,0x6d,0x64,0x68,0x73,0x61,0x2e,0x76,0x65,0x72,
0x73,0x69,0x6f,0x6e,0x92,0x01,0x02,0x00,0x00,0x00,0x00,0x00,0x00,0x00,0x00,0x00,
0x00,0x00,0x00,0x00,0x00,0x00,0x00,0x00,0x00,0x00,0x00,0x00,0x00,0x00,0x00,0x00,
0x6b,0x00,0x00,0x00,0x12,0x03,0x02,0x00,0x00,0x00,0x00,0x00,0x00,0x00,0x00,0x00,
0x70,0x40,0x00,0x00,0x00,0x00,0x00,0x00,0x39,0x00,0x00,0x00,0x11,0x03,0x03,0x00,
0x00,0x00,0x00,0x00,0x00,0x00,0x00,0x00,0x40,0x00,0x00,0x00,0x00,0x00,0x00,0x00,
0xc6,0x00,0x00,0x00,0x11,0x00,0x06,0x00,0x00,0x00,0x00,0x00,0x00,0x00,0x00,0x00,
0x01,0x00,0x00,0x00,0x00,0x00,0x00,0x00,0x10,0x00,0x00,0x00,0x00,0x00,0x00,0x00,
0x05,0x00,0x00,0x00,0x01,0x00,0x00,0x00,0x10,0x00,0x00,0x00,0x00,0x00,0x00,0x00,
0x03,0x00,0x2e,0x74,0x65,0x78,0x74,0x00,0x2e,0x63,0x6f,0x6d,0x6d,0x65,0x6e,0x74,
0x00,0x2e,0x62,0x73,0x73,0x00,0x2e,0x6e,0x6f,0x74,0x65,0x2e,0x47,0x4e,0x55,0x2d,
0x73,0x74,0x61,0x63,0x6b,0x00,0x2e,0x6c,0x6c,0x76,0x6d,0x5f,0x61,0x64,0x64,0x72,
0x73,0x69,0x67,0x00,0x2e,0x6e,0x6f,0x74,0x65,0x00,0x5f,0x5a,0x39,0x67,0x65,0x6d,
0x6d,0x5f,0x77,0x6d,0x6d,0x61,0x6a,0x6a,0x6a,0x50,0x50,0x4b,0x44,0x46,0x31,0x36,
0x5f,0x53,0x31,0x5f,0x53,0x31,0x5f,0x50,0x50,0x44,0x46,0x31,0x36,0x5f,0x6a,0x6a,
0x6a,0x66,0x66,0x6a,0x66,0x66,0x62,0x62,0x2e,0x6b,0x64,0x00,0x5f,0x5a,0x39,0x67,
0x65,0x6d,0x6d,0x5f,0x77,0x6d,0x6d,0x61,0x6a,0x6a,0x6a,0x50,0x50,0x4b,0x44,0x46,
0x31,0x36,0x5f,0x53,0x31,0x5f,0x53,0x31,0x5f,0x50,0x50,0x44,0x46,0x31,0x36,0x5f,
0x6a,0x6a,0x6a,0x66,0x66,0x6a,0x66,0x66,0x62,0x62,0x00,0x2e,0x73,0x74,0x72,0x74,
0x61,0x62,0x00,0x2e,0x73,0x79,0x6d,0x74,0x61,0x62,0x00,0x2e,0x41,0x4d,0x44,0x47,
0x50,0x55,0x2e,0x63,0x73,0x64,0x61,0x74,0x61,0x00,0x2e,0x72,0x65,0x6c,0x61,0x2e,
0x72,0x6f,0x64,0x61,0x74,0x61,0x00,0x5f,0x5f,0x68,0x69,0x70,0x5f,0x63,0x75,0x69,
0x64,0x5f,0x35,0x31,0x62,0x30,0x30,0x30,0x62,0x32,0x62,0x37,0x62,0x61,0x62,0x33,
0x34,0x37,0x00,0x00,0x00,0x00,0x00,0x00,0x00,0x00,0x00,0x00,0x00,0x00,0x00,0x00,
0x00,0x00,0x00,0x00,0x00,0x00,0x00,0x00,0x00,0x00,0x00,0x00,0x00,0x00,0x00,0x00,
0x00,0x00,0x00,0x00,0x00,0x00,0x00,0x00,0x00,0x00,0x00,0x00,0x00,0x00,0x00,0x00,
0x00,0x00,0x00,0x00,0x00,0x00,0x00,0x00,0x00,0x00,0x00,0x00,0x00,0x00,0x00,0x00,
0x00,0x00,0x00,0x00,0x00,0x00,0x00,0x00,0x9a,0x00,0x00,0x00,0x03,0x00,0x00,0x00,
0x00,0x00,0x00,0x00,0x00,0x00,0x00,0x00,0x00,0x00,0x00,0x00,0x00,0x00,0x00,0x00,
0xc1,0x4b,0x00,0x00,0x00,0x00,0x00,0x00,0xe2,0x00,0x00,0x00,0x00,0x00,0x00,0x00,
0x00,0x00,0x00,0x00,0x00,0x00,0x00,0x00,0x01,0x00,0x00,0x00,0x00,0x00,0x00,0x00,
0x00,0x00,0x00,0x00,0x00,0x00,0x00,0x00,0x01,0x00,0x00,0x00,0x01,0x00,0x00,0x00,
0x06,0x00,0x00,0x00,0x00,0x00,0x00,0x00,0x00,0x00,0x00,0x00,0x00,0x00,0x00,0x00,
0x00,0x01,0x00,0x00,0x00,0x00,0x00,0x00,0x00,0x42,0x00,0x00,0x00,0x00,0x00,0x00,
0x00,0x00,0x00,0x00,0x00,0x00,0x00,0x00,0x00,0x01,0x00,0x00,0x00,0x00,0x00,0x00,
0x00,0x00,0x00,0x00,0x00,0x00,0x00,0x00,0xbe,0x00,0x00,0x00,0x01,0x00,0x00,0x00,
0x02,0x00,0x00,0x00,0x00,0x00,0x00,0x00,0x00,0x00,0x00,0x00,0x00,0x00,0x00,0x00,
0x00,0x43,0x00,0x00,0x00,0x00,0x00,0x00,0x40,0x00,0x00,0x00,0x00,0x00,0x00,0x00,
0x00,0x00,0x00,0x00,0x00,0x00,0x00,0x00,0x40,0x00,0x00,0x00,0x00,0x00,0x00,0x00,
0x00,0x00,0x00,0x00,0x00,0x00,0x00,0x00,0xb9,0x00,0x00,0x00,0x04,0x00,0x00,0x00,
0x40,0x00,0x00,0x00,0x00,0x00,0x00,0x00,0x00,0x00,0x00,0x00,0x00,0x00,0x00,0x00,
0xa8,0x4b,0x00,0x00,0x00,0x00,0x00,0x00,0x18,0x00,0x00,0x00,0x00,0x00,0x00,0x00,
0x0b,0x00,0x00,0x00,0x03,0x00,0x00,0x00,0x08,0x00,0x00,0x00,0x00,0x00,0x00,0x00,
0x18,0x00,0x00,0x00,0x00,0x00,0x00,0x00,0xaa,0x00,0x00,0x00,0x01,0x00,0x00,0x00,
0x00,0x00,0x00,0x00,0x00,0x00,0x00,0x00,0x00,0x00,0x00,0x00,0x00,0x00,0x00,0x00,
0x40,0x43,0x00,0x00,0x00,0x00,0x00,0x00,0x00,0x00,0x00,0x00,0x00,0x00,0x00,0x00,
0x00,0x00,0x00,0x00,0x00,0x00,0x00,0x00,0x01,0x00,0x00,0x00,0x00,0x00,0x00,0x00,
0x00,0x00,0x00,0x00,0x00,0x00,0x00,0x00,0x10,0x00,0x00,0x00,0x08,0x00,0x00,0x00,
0x03,0x00,0x00,0x00,0x00,0x00,0x00,0x00,0x00,0x00,0x00,0x00,0x00,0x00,0x00,0x00,
0x40,0x43,0x00,0x00,0x00,0x00,0x00,0x00,0x01,0x00,0x00,0x00,0x00,0x00,0x00,0x00,
0x00,0x00,0x00,0x00,0x00,0x00,0x00,0x00,0x01,0x00,0x00,0x00,0x00,0x00,0x00,0x00,
0x00,0x00,0x00,0x00,0x00,0x00,0x00,0x00,0x07,0x00,0x00,0x00,0x01,0x00,0x00,0x00,
0x30,0x00,0x00,0x00,0x00,0x00,0x00,0x00,0x00,0x00,0x00,0x00,0x00,0x00,0x00,0x00,
0x40,0x43,0x00,0x00,0x00,0x00,0x00,0x00,0x19,0x00,0x00,0x00,0x00,0x00,0x00,0x00,
0x00,0x00,0x00,0x00,0x00,0x00,0x00,0x00,0x01,0x00,0x00,0x00,0x00,0x00,0x00,0x00,
0x01,0x00,0x00,0x00,0x00,0x00,0x00,0x00,0x15,0x00,0x00,0x00,0x01,0x00,0x00,0x00,
0x00,0x00,0x00,0x00,0x00,0x00,0x00,0x00,0x00,0x00,0x00,0x00,0x00,0x00,0x00,0x00,
0x59,0x43,0x00,0x00,0x00,0x00,0x00,0x00,0x00,0x00,0x00,0x00,0x00,0x00,0x00,0x00,
0x00,0x00,0x00,0x00,0x00,0x00,0x00,0x00,0x01,0x00,0x00,0x00,0x00,0x00,0x00,0x00,
0x00,0x00,0x00,0x00,0x00,0x00,0x00,0x00,0x33,0x00,0x00,0x00,0x07,0x00,0x00,0x00,
0x02,0x00,0x00,0x00,0x00,0x00,0x00,0x00,0x00,0x00,0x00,0x00,0x00,0x00,0x00,0x00,
0x5c,0x43,0x00,0x00,0x00,0x00,0x00,0x00,0xec,0x07,0x00,0x00,0x00,0x00,0x00,0x00,
0x00,0x00,0x00,0x00,0x00,0x00,0x00,0x00,0x04,0x00,0x00,0x00,0x00,0x00,0x00,0x00,
0x00,0x00,0x00,0x00,0x00,0x00,0x00,0x00,0x25,0x00,0x00,0x00,0x03,0x4c,0xff,0x6f,
0x00,0x00,0x00,0x80,0x00,0x00,0x00,0x00,0x00,0x00,0x00,0x00,0x00,0x00,0x00,0x00,
0xc0,0x4b,0x00,0x00,0x00,0x00,0x00,0x00,0x01,0x00,0x00,0x00,0x00,0x00,0x00,0x00,
0x0b,0x00,0x00,0x00,0x00,0x00,0x00,0x00,0x01,0x00,0x00,0x00,0x00,0x00,0x00,0x00,
0x00,0x00,0x00,0x00,0x00,0x00,0x00,0x00,0xa2,0x00,0x00,0x00,0x02,0x00,0x00,0x00,
0x00,0x00,0x00,0x00,0x00,0x00,0x00,0x00,0x00,0x00,0x00,0x00,0x00,0x00,0x00,0x00,
0x48,0x4b,0x00,0x00,0x00,0x00,0x00,0x00,0x60,0x00,0x00,0x00,0x00,0x00,0x00,0x00,
0x01,0x00,0x00,0x00,0x01,0x00,0x00,0x00,0x08,0x00,0x00,0x00,0x00,0x00,0x00,0x00,
0x18,0x00,0x00,0x00,0x00,0x00,0x00,0x00 }
};
} // namespace mlss::conv::one_by_one::hip::wmma::fp16::gfx1201
